Time	Cycle	PC	Insn	Decoded instruction	Register and memory contents
           2317	        14	80000080	400013b7	lui	x7,0x40001	  x7=0x40001000
           2517	        24	80000084	10638393	addi	x7,x7,262	  x7:0x40001000  x7=0x40001106
           2537	        25	80000088	30139073	csrrw	x0,misa,x7	  x7:0x40001106  x0=0x00000000
           2957	        46	8000008c	00027497	auipc	x9,0x27	  x9=0x8002708c
           2977	        47	80000090	c5848493	addi	x9,x9,-936	  x9:0x8002708c  x9=0x80026ce4
           3017	        49	80000094	00002397	auipc	x7,0x2	  x7=0x80002094
           3037	        50	80000098	76c38393	addi	x7,x7,1900	  x7:0x80002094  x7=0x80002800
           3057	        51	8000009c	0013e393	ori	x7,x7,1	  x7:0x80002800  x7=0x80002801
           3437	        70	800000a0	30539073	csrrw	x0,mtvec,x7	  x7:0x80002801  x0=0x00000000
           3497	        73	800000a4	74725073	csrrwi	x0,0x747,4	  x0=0x00000000
           3557	        76	800000a8	00003117	auipc	x2,0x3	  x2=0x800030a8
           3577	        77	800000ac	54410113	addi	x2,x2,1348	  x2:0x800030a8  x2=0x800035ec
           3597	        78	800000b0	4381	c.li	x7,0	  x7=0x00000000
           3617	        79	800000b2	911e	c.add	x2,x7	  x2:0x800035ec  x7:0x00000000  x2=0x800035ec
           3637	        80	800000b4	00215113	srli	x2,x2,0x2	  x2:0x800035ec  x2=0x20000d7b
           3717	        84	800000b8	3b011073	csrrw	x0,pmpaddr0,x2	  x2:0x20000d7b  x0=0x00000000
           3877	        92	800000bc	00003117	auipc	x2,0x3	  x2=0x800030bc
           4077	       102	800000c0	53010113	addi	x2,x2,1328	  x2:0x800030bc  x2=0x800035ec
           4197	       108	800000c4	111113b7	lui	x7,0x11111	  x7=0x11111000
           4217	       109	800000c8	11138393	addi	x7,x7,273	  x7:0x11111000  x7=0x11111111
           4237	       110	800000cc	911e	c.add	x2,x7	  x2:0x800035ec  x7:0x11111111  x2=0x911146fd
           4257	       111	800000ce	00215113	srli	x2,x2,0x2	  x2:0x911146fd  x2=0x244451bf
           4277	       112	800000d2	3b111073	csrrw	x0,pmpaddr1,x2	  x2:0x244451bf  x0=0x00000000
           4697	       133	800000d6	00003117	auipc	x2,0x3	  x2=0x800030d6
           4837	       140	800000da	51610113	addi	x2,x2,1302	  x2:0x800030d6  x2=0x800035ec
           4857	       141	800000de	222223b7	lui	x7,0x22222	  x7=0x22222000
           4917	       144	800000e2	22238393	addi	x7,x7,546	  x7:0x22222000  x7=0x22222222
           4937	       145	800000e6	911e	c.add	x2,x7	  x2:0x800035ec  x7:0x22222222  x2=0xa222580e
           4957	       146	800000e8	00215113	srli	x2,x2,0x2	  x2:0xa222580e  x2=0x28889603
           5357	       166	800000ec	3b211073	csrrw	x0,pmpaddr2,x2	  x2:0x28889603  x0=0x00000000
           5417	       169	800000f0	00003117	auipc	x2,0x3	  x2=0x800030f0
           5437	       170	800000f4	4fc10113	addi	x2,x2,1276	  x2:0x800030f0  x2=0x800035ec
           5457	       171	800000f8	333333b7	lui	x7,0x33333	  x7=0x33333000
           5837	       190	800000fc	33338393	addi	x7,x7,819	  x7:0x33333000  x7=0x33333333
           5857	       191	80000100	911e	c.add	x2,x7	  x2:0x800035ec  x7:0x33333333  x2=0xb333691f
           5957	       196	80000102	00215113	srli	x2,x2,0x2	  x2:0xb333691f  x2=0x2cccda47
           6137	       205	80000106	3b311073	csrrw	x0,pmpaddr3,x2	  x2:0x2cccda47  x0=0x00000000
           6557	       226	8000010a	0f0f1137	lui	x2,0xf0f1	  x2=0x0f0f1000
           6737	       235	8000010e	f0f10113	addi	x2,x2,-241	  x2:0x0f0f1000  x2=0x0f0f0f0f
           6757	       236	80000112	3a011073	csrrw	x0,pmpcfg0,x2	  x2:0x0f0f0f0f  x0=0x00000000
           6817	       239	80000116	00003117	auipc	x2,0x3	  x2=0x80003116
           6837	       240	8000011a	4d610113	addi	x2,x2,1238	  x2:0x80003116  x2=0x800035ec
           6857	       241	8000011e	444443b7	lui	x7,0x44444	  x7=0x44444000
           6897	       243	80000122	44438393	addi	x7,x7,1092	  x7:0x44444000  x7=0x44444444
           6917	       244	80000126	911e	c.add	x2,x7	  x2:0x800035ec  x7:0x44444444  x2=0xc4447a30
           6937	       245	80000128	00215113	srli	x2,x2,0x2	  x2:0xc4447a30  x2=0x31111e8c
           7017	       249	8000012c	3b411073	csrrw	x0,pmpaddr4,x2	  x2:0x31111e8c  x0=0x00000000
           7077	       252	80000130	00003117	auipc	x2,0x3	  x2=0x80003130
           7297	       263	80000134	4bc10113	addi	x2,x2,1212	  x2:0x80003130  x2=0x800035ec
           7317	       264	80000138	555553b7	lui	x7,0x55555	  x7=0x55555000
           7337	       265	8000013c	55538393	addi	x7,x7,1365	  x7:0x55555000  x7=0x55555555
           7357	       266	80000140	911e	c.add	x2,x7	  x2:0x800035ec  x7:0x55555555  x2=0xd5558b41
           7477	       272	80000142	00215113	srli	x2,x2,0x2	  x2:0xd5558b41  x2=0x355562d0
           7497	       273	80000146	3b511073	csrrw	x0,pmpaddr5,x2	  x2:0x355562d0  x0=0x00000000
           7657	       281	8000014a	00003117	auipc	x2,0x3	  x2=0x8000314a
           8077	       302	8000014e	4a210113	addi	x2,x2,1186	  x2:0x8000314a  x2=0x800035ec
           8377	       317	80000152	666663b7	lui	x7,0x66666	  x7=0x66666000
           8457	       321	80000156	66638393	addi	x7,x7,1638	  x7:0x66666000  x7=0x66666666
           8477	       322	8000015a	911e	c.add	x2,x7	  x2:0x800035ec  x7:0x66666666  x2=0xe6669c52
           8777	       337	8000015c	00215113	srli	x2,x2,0x2	  x2:0xe6669c52  x2=0x3999a714
           9017	       349	80000160	3b611073	csrrw	x0,pmpaddr6,x2	  x2:0x3999a714  x0=0x00000000
           9077	       352	80000164	00003117	auipc	x2,0x3	  x2=0x80003164
           9097	       353	80000168	48810113	addi	x2,x2,1160	  x2:0x80003164  x2=0x800035ec
           9277	       362	8000016c	777773b7	lui	x7,0x77777	  x7=0x77777000
           9337	       365	80000170	77738393	addi	x7,x7,1911	  x7:0x77777000  x7=0x77777777
           9377	       367	80000174	911e	c.add	x2,x7	  x2:0x800035ec  x7:0x77777777  x2=0xf777ad63
           9397	       368	80000176	00215113	srli	x2,x2,0x2	  x2:0xf777ad63  x2=0x3dddeb58
           9597	       378	8000017a	3b711073	csrrw	x0,pmpaddr7,x2	  x2:0x3dddeb58  x0=0x00000000
           9697	       383	8000017e	0f0f1137	lui	x2,0xf0f1	  x2=0x0f0f1000
           9717	       384	80000182	f0f10113	addi	x2,x2,-241	  x2:0x0f0f1000  x2=0x0f0f0f0f
          10137	       405	80000186	3a111073	csrrw	x0,pmpcfg1,x2	  x2:0x0f0f0f0f  x0=0x00000000
          10197	       408	8000018a	00003117	auipc	x2,0x3	  x2=0x8000318a
          10217	       409	8000018e	46210113	addi	x2,x2,1122	  x2:0x8000318a  x2=0x800035ec
          10457	       421	80000192	888893b7	lui	x7,0x88889	  x7=0x88889000
          10717	       434	80000196	88838393	addi	x7,x7,-1912	  x7:0x88889000  x7=0x88888888
          10737	       435	8000019a	911e	c.add	x2,x7	  x2:0x800035ec  x7:0x88888888  x2=0x0888be74
          10757	       436	8000019c	00215113	srli	x2,x2,0x2	  x2:0x0888be74  x2=0x02222f9d
          10777	       437	800001a0	3b811073	csrrw	x0,pmpaddr8,x2	  x2:0x02222f9d  x0=0x00000000
          10837	       440	800001a4	00003117	auipc	x2,0x3	  x2=0x800031a4
          11097	       453	800001a8	44810113	addi	x2,x2,1096	  x2:0x800031a4  x2=0x800035ec
          11517	       474	800001ac	9999a3b7	lui	x7,0x9999a	  x7=0x9999a000
          11617	       479	800001b0	99938393	addi	x7,x7,-1639	  x7:0x9999a000  x7=0x99999999
          11637	       480	800001b4	911e	c.add	x2,x7	  x2:0x800035ec  x7:0x99999999  x2=0x1999cf85
          11657	       481	800001b6	00215113	srli	x2,x2,0x2	  x2:0x1999cf85  x2=0x066673e1
          11737	       485	800001ba	3b911073	csrrw	x0,pmpaddr9,x2	  x2:0x066673e1  x0=0x00000000
          11797	       488	800001be	00003117	auipc	x2,0x3	  x2=0x800031be
          12057	       501	800001c2	42e10113	addi	x2,x2,1070	  x2:0x800031be  x2=0x800035ec
          12257	       511	800001c6	aaaab3b7	lui	x7,0xaaaab	  x7=0xaaaab000
          12457	       521	800001ca	aaa38393	addi	x7,x7,-1366	  x7:0xaaaab000  x7=0xaaaaaaaa
          12477	       522	800001ce	911e	c.add	x2,x7	  x2:0x800035ec  x7:0xaaaaaaaa  x2=0x2aaae096
          12497	       523	800001d0	00215113	srli	x2,x2,0x2	  x2:0x2aaae096  x2=0x0aaab825
          12517	       524	800001d4	3ba11073	csrrw	x0,pmpaddr10,x2	  x2:0x0aaab825  x0=0x00000000
          12577	       527	800001d8	00003117	auipc	x2,0x3	  x2=0x800031d8
          12597	       528	800001dc	41410113	addi	x2,x2,1044	  x2:0x800031d8  x2=0x800035ec
          12737	       535	800001e0	bbbbc3b7	lui	x7,0xbbbbc	  x7=0xbbbbc000
          13057	       551	800001e4	bbb38393	addi	x7,x7,-1093	  x7:0xbbbbc000  x7=0xbbbbbbbb
          13077	       552	800001e8	911e	c.add	x2,x7	  x2:0x800035ec  x7:0xbbbbbbbb  x2=0x3bbbf1a7
          13157	       556	800001ea	00215113	srli	x2,x2,0x2	  x2:0x3bbbf1a7  x2=0x0eeefc69
          13497	       573	800001ee	3bb11073	csrrw	x0,pmpaddr11,x2	  x2:0x0eeefc69  x0=0x00000000
          13677	       582	800001f2	0f0f1137	lui	x2,0xf0f1	  x2=0x0f0f1000
          14077	       602	800001f6	f0f10113	addi	x2,x2,-241	  x2:0x0f0f1000  x2=0x0f0f0f0f
          14137	       605	800001fa	3a211073	csrrw	x0,pmpcfg2,x2	  x2:0x0f0f0f0f  x0=0x00000000
          14197	       608	800001fe	00003117	auipc	x2,0x3	  x2=0x800031fe
          14577	       627	80000202	3ee10113	addi	x2,x2,1006	  x2:0x800031fe  x2=0x800035ec
          14597	       628	80000206	ccccd3b7	lui	x7,0xccccd	  x7=0xccccd000
          14617	       629	8000020a	ccc38393	addi	x7,x7,-820	  x7:0xccccd000  x7=0xcccccccc
          14637	       630	8000020e	911e	c.add	x2,x7	  x2:0x800035ec  x7:0xcccccccc  x2=0x4ccd02b8
          14657	       631	80000210	00215113	srli	x2,x2,0x2	  x2:0x4ccd02b8  x2=0x133340ae
          14757	       636	80000214	3bc11073	csrrw	x0,pmpaddr12,x2	  x2:0x133340ae  x0=0x00000000
          14817	       639	80000218	00003117	auipc	x2,0x3	  x2=0x80003218
          15237	       660	8000021c	3d410113	addi	x2,x2,980	  x2:0x80003218  x2=0x800035ec
          15257	       661	80000220	dddde3b7	lui	x7,0xdddde	  x7=0xdddde000
          15277	       662	80000224	ddd38393	addi	x7,x7,-547	  x7:0xdddde000  x7=0xdddddddd
          15297	       663	80000228	911e	c.add	x2,x7	  x2:0x800035ec  x7:0xdddddddd  x2=0x5dde13c9
          15317	       664	8000022a	00215113	srli	x2,x2,0x2	  x2:0x5dde13c9  x2=0x177784f2
          15737	       685	8000022e	3bd11073	csrrw	x0,pmpaddr13,x2	  x2:0x177784f2  x0=0x00000000
          16057	       701	80000232	00003117	auipc	x2,0x3	  x2=0x80003232
          16077	       702	80000236	3ba10113	addi	x2,x2,954	  x2:0x80003232  x2=0x800035ec
          16217	       709	8000023a	eeeef3b7	lui	x7,0xeeeef	  x7=0xeeeef000
          16237	       710	8000023e	eee38393	addi	x7,x7,-274	  x7:0xeeeef000  x7=0xeeeeeeee
          16257	       711	80000242	911e	c.add	x2,x7	  x2:0x800035ec  x7:0xeeeeeeee  x2=0x6eef24da
          16437	       720	80000244	00215113	srli	x2,x2,0x2	  x2:0x6eef24da  x2=0x1bbbc936
          16657	       731	80000248	3be11073	csrrw	x0,pmpaddr14,x2	  x2:0x1bbbc936  x0=0x00000000
          16717	       734	8000024c	00003117	auipc	x2,0x3	  x2=0x8000324c
          17057	       751	80000250	3a010113	addi	x2,x2,928	  x2:0x8000324c  x2=0x800035ec
          17257	       761	80000254	fff00393	addi	x7,x0,-1	  x0:0x00000000  x7=0xffffffff
          17277	       762	80000258	911e	c.add	x2,x7	  x2:0x800035ec  x7:0xffffffff  x2=0x800035eb
          17697	       783	8000025a	00215113	srli	x2,x2,0x2	  x2:0x800035eb  x2=0x20000d7a
          17717	       784	8000025e	3bf11073	csrrw	x0,pmpaddr15,x2	  x2:0x20000d7a  x0=0x00000000
          17877	       792	80000262	0f0f1137	lui	x2,0xf0f1	  x2=0x0f0f1000
          17917	       794	80000266	f0f10113	addi	x2,x2,-241	  x2:0x0f0f1000  x2=0x0f0f0f0f
          17937	       795	8000026a	3a311073	csrrw	x0,pmpcfg3,x2	  x2:0x0f0f0f0f  x0=0x00000000
          17997	       798	8000026e	00000397	auipc	x7,0x0	  x7=0x8000026e
          18377	       817	80000272	05838393	addi	x7,x7,88	  x7:0x8000026e  x7=0x800002c6
          18637	       830	80000276	34139073	csrrw	x0,mepc,x7	  x7:0x800002c6  x0=0x00000000
          18817	       839	8000027a	7c00d073	csrrwi	x0,0x7c0,1	  x0=0x00000000
          18877	       842	8000027e	6389	c.lui	x7,0x2	  x7=0x00002000
          18897	       843	80000280	80038393	addi	x7,x7,-2048	  x7:0x00002000  x7=0x00001800
          18917	       844	80000284	30039073	csrrw	x0,mstatus,x7	  x7:0x00001800  x0=0x00000000
          19017	       849	80000288	4381	c.li	x7,0	  x7=0x00000000
          19037	       850	8000028a	30439073	csrrw	x0,mie,x7	  x7:0x00000000  x0=0x00000000
          19097	       853	8000028e	90000db7	lui	x27,0x90000	 x27=0x90000000
          19117	       854	80000292	1df1	c.addi	x27,-4	 x27:0x90000000 x27=0x8ffffffc
          19137	       855	80000294	30000393	addi	x7,x0,768	  x0:0x00000000  x7=0x00000300
          19157	       856	80000298	03a2	c.slli	x7,0x8	  x7:0x00000300  x7=0x00030000
          19177	       857	8000029a	038d	c.addi	x7,3	  x7:0x00030000  x7=0x00030003
          19637	       880	8000029c	007da023	sw	x7,0(x27)	 x27:0x8ffffffc  x7:0x00030003 PA:0x8ffffffc store:0x00030003
          19657	       881	800002a0	300023f3	csrrs	x7,mstatus,x0	  x0:0x00000000  x7=0x00001800
          19717	       884	800002a4	007da023	sw	x7,0(x27)	 x27:0x8ffffffc  x7:0x00001800 PA:0x8ffffffc store:0x00001800
          19737	       885	800002a8	90000db7	lui	x27,0x90000	 x27=0x90000000
          19757	       886	800002ac	1df1	c.addi	x27,-4	 x27:0x90000000 x27=0x8ffffffc
          20037	       900	800002ae	30400393	addi	x7,x0,772	  x0:0x00000000  x7=0x00000304
          20057	       901	800002b2	03a2	c.slli	x7,0x8	  x7:0x00000304  x7=0x00030400
          20077	       902	800002b4	038d	c.addi	x7,3	  x7:0x00030400  x7=0x00030403
          20537	       925	800002b6	007da023	sw	x7,0(x27)	 x27:0x8ffffffc  x7:0x00030403 PA:0x8ffffffc store:0x00030403
          20557	       926	800002ba	304023f3	csrrs	x7,mie,x0	  x0:0x00000000  x7=0x00000000
          20777	       937	800002be	007da023	sw	x7,0(x27)	 x27:0x8ffffffc  x7:0x00000000 PA:0x8ffffffc store:0x00000000
          20797	       938	800002c2	30200073	mret	
          20997	       948	800002c6	bcabf037	lui	x0,0xbcabf	  x0=0x00000000
          21017	       949	800002ca	03f00013	addi	x0,x0,63	  x0:0x00000000  x0=0x00000000
          21037	       950	800002ce	4081	c.li	x1,0	  x1=0x00000000
          21057	       951	800002d0	80000137	lui	x2,0x80000	  x2=0x80000000
          21077	       952	800002d4	8aca51b7	lui	x3,0x8aca5	  x3=0x8aca5000
          21357	       966	800002d8	45b18193	addi	x3,x3,1115	  x3:0x8aca5000  x3=0x8aca545b
          21377	       967	800002dc	ff6b4237	lui	x4,0xff6b4	  x4=0xff6b4000
          21677	       982	800002e0	65220213	addi	x4,x4,1618	  x4:0xff6b4000  x4=0xff6b4652
          21697	       983	800002e4	80000337	lui	x6,0x80000	  x6=0x80000000
          22037	      1000	800002e8	f9f783b7	lui	x7,0xf9f78	  x7=0xf9f78000
          22057	      1001	800002ec	58b38393	addi	x7,x7,1419	  x7:0xf9f78000  x7=0xf9f7858b
          22077	      1002	800002f0	80000437	lui	x8,0x80000	  x8=0x80000000
          22097	      1003	800002f4	80000537	lui	x10,0x80000	 x10=0x80000000
          22117	      1004	800002f8	54f275b7	lui	x11,0x54f27	 x11=0x54f27000
          22137	      1005	800002fc	3de58593	addi	x11,x11,990	 x11:0x54f27000 x11=0x54f273de
          22197	      1008	80000300	80000637	lui	x12,0x80000	 x12=0x80000000
          22377	      1017	80000304	4681	c.li	x13,0	 x13=0x00000000
          22477	      1022	80000306	4aca7737	lui	x14,0x4aca7	 x14=0x4aca7000
          22497	      1023	8000030a	98a70713	addi	x14,x14,-1654	 x14:0x4aca7000 x14=0x4aca698a
          22517	      1024	8000030e	800007b7	lui	x15,0x80000	 x15=0x80000000
          22537	      1025	80000312	80000837	lui	x16,0x80000	 x16=0x80000000
          22597	      1028	80000316	800008b7	lui	x17,0x80000	 x17=0x80000000
          22617	      1029	8000031a	ffc75937	lui	x18,0xffc75	 x18=0xffc75000
          22657	      1031	8000031e	e8b90913	addi	x18,x18,-373	 x18:0xffc75000 x18=0xffc74e8b
          22677	      1032	80000322	fae1d9b7	lui	x19,0xfae1d	 x19=0xfae1d000
          22697	      1033	80000326	8ff98993	addi	x19,x19,-1793	 x19:0xfae1d000 x19=0xfae1c8ff
          22717	      1034	8000032a	8c3a4a37	lui	x20,0x8c3a4	 x20=0x8c3a4000
          23137	      1055	8000032e	0d6a0a13	addi	x20,x20,214	 x20:0x8c3a4000 x20=0x8c3a40d6
          23257	      1061	80000332	fa66bab7	lui	x21,0xfa66b	 x21=0xfa66b000
          23337	      1065	80000336	7dda8a93	addi	x21,x21,2013	 x21:0xfa66b000 x21=0xfa66b7dd
          23537	      1075	8000033a	80000b37	lui	x22,0x80000	 x22=0x80000000
          23557	      1076	8000033e	4bbd	c.li	x23,15	 x23=0x0000000f
          23677	      1082	80000340	4c01	c.li	x24,0	 x24=0x00000000
          23877	      1092	80000342	e98c7cb7	lui	x25,0xe98c7	 x25=0xe98c7000
          23917	      1094	80000346	edfc8c93	addi	x25,x25,-289	 x25:0xe98c7000 x25=0xe98c6edf
          23937	      1095	8000034a	4d1d	c.li	x26,7	 x26=0x00000007
          23977	      1097	8000034c	4d81	c.li	x27,0	 x27=0x00000000
          24017	      1099	8000034e	2b68be37	lui	x28,0x2b68b	 x28=0x2b68b000
          24037	      1100	80000352	aade0e13	addi	x28,x28,-1363	 x28:0x2b68b000 x28=0x2b68aaad
          24057	      1101	80000356	80000eb7	lui	x29,0x80000	 x29=0x80000000
          24077	      1102	8000035a	a8b2bf37	lui	x30,0xa8b2b	 x30=0xa8b2b000
          24097	      1103	8000035e	812f0f13	addi	x30,x30,-2030	 x30:0xa8b2b000 x30=0xa8b2a812
          24117	      1104	80000362	4f81	c.li	x31,0	 x31=0x00000000
          24357	      1116	80000364	00023297	auipc	x5,0x23	  x5=0x80023364
          24677	      1132	80000368	b0028293	addi	x5,x5,-1280	  x5:0x80023364  x5=0x80022e64
          24777	      1137	8000036c	90000db7	lui	x27,0x90000	 x27=0x90000000
          24837	      1140	80000370	1df1	c.addi	x27,-4	 x27:0x90000000 x27=0x8ffffffc
          24857	      1141	80000372	4381	c.li	x7,0	  x7=0x00000000
          24877	      1142	80000374	03a2	c.slli	x7,0x8	  x7:0x00000000  x7=0x00000000
          24897	      1143	80000376	00038393	addi	x7,x7,0	  x7:0x00000000  x7=0x00000000
          25377	      1167	8000037a	007da023	sw	x7,0(x27)	 x27:0x8ffffffc  x7:0x00000000 PA:0x8ffffffc store:0x00000000
          25577	      1177	8000037e	26e0306f	jal	x0,800035ec	  x0=0x00000000
          25737	      1185	800035ec	014c3f33	sltu	x30,x24,x20	 x24:0x00000000 x20:0x8c3a40d6 x30=0x00000001
          25817	      1189	800035f0	41ee5913	srai	x18,x28,0x1e	 x28:0x2b68aaad x18=0x00000000
          25897	      1193	800035f4	003208b3	add	x17,x4,x3	  x4:0xff6b4652  x3:0x8aca545b x17=0x8a359aad
          26077	      1202	800035f8	00006b97	auipc	x23,0x6	 x23=0x800095f8
          26117	      1204	800035fc	b2cb8b93	addi	x23,x23,-1236	 x23:0x800095f8 x23=0x80009124
          26137	      1205	80003600	8fa1	c.xor	x15,x8	 x15:0x80000000  x8:0x80000000 x15=0x00000000
          26157	      1206	80003602	ebeb8b93	addi	x23,x23,-322	 x23:0x80009124 x23=0x80008fe2
          26637	      1230	80003606	340036f3	csrrc	x13,mscratch,x0	  x0:0x00000000 x13=0x00000000
          26657	      1231	8000360a	01f851b3	srl	x3,x16,x31	 x16:0x80000000 x31:0x00000000  x3=0x80000000
          26677	      1232	8000360e	00cf9563	bne	x31,x12,80003618	 x31:0x00000000 x12:0x80000000
          27497	      1273	80003618	142b8b67	jalr	x22,322(x23)	 x23:0x80008fe2 x22=0x8000361c
          27997	      1298	80009124	00eb0463	beq	x22,x14,8000912c	 x22:0x8000361c x14:0x4aca698a
          28157	      1306	80009128	ce4b3e97	auipc	x29,0xce4b3	 x29=0x4e4bc128
          28177	      1307	8000912c	fc028293	addi	x5,x5,-64	  x5:0x80022e64  x5=0x80022e24
          28197	      1308	80009130	0001	c.addi	x0,0	  x0:0x00000000  x0=0x00000000
          28377	      1317	80009132	004d4933	xor	x18,x26,x4	 x26:0x00000007  x4:0xff6b4652 x18=0xff6b4655
          29137	      1355	80009136	0162a223	sw	x22,4(x5)	  x5:0x80022e24 x22:0x8000361c PA:0x80022e28 store:0x8000361c
          29157	      1356	8000913a	3405df73	csrrwi	x30,mscratch,11	 x30=0x00000000
          29177	      1357	8000913e	00035413	srli	x8,x6,0x0	  x6:0x80000000  x8=0x80000000
          29197	      1358	80009142	340050f3	csrrwi	x1,mscratch,0	  x1=0x0000000b
          29217	      1359	80009146	00658033	add	x0,x11,x6	 x11:0x54f273de  x6:0x80000000  x0=0x00000000
          29957	      1396	8000914a	02a95eb3	divu	x29,x18,x10	 x18:0xff6b4655 x10:0x80000000 x29=0x00000001
          29977	      1397	8000914e	79032193	slti	x3,x6,1936	  x6:0x80000000  x3=0x00000001
          32657	      1531	80009152	889f4f13	xori	x30,x30,-1911	 x30:0x00000000 x30=0xfffff889
          32677	      1532	80009156	02e50733	mul	x14,x10,x14	 x10:0x80000000 x14:0x4aca698a x14=0x00000000
          32697	      1533	8000915a	0ff0000f	fence	iorw,iorw	
          32717	      1534	8000915e	4bfd	c.li	x23,31	 x23=0x0000001f
          33457	      1571	80009160	033051b3	divu	x3,x0,x19	  x0:0x00000000 x19:0xfae1c8ff  x3=0x00000000
          33477	      1572	80009164	9e0a	c.add	x28,x2	 x28:0x2b68aaad  x2:0x80000000 x28=0xab68aaad
          33497	      1573	80009166	4037ddb3	sra	x27,x15,x3	 x15:0x00000000  x3:0x00000000 x27=0x00000000
          33517	      1574	8000916a	5ffd	c.li	x31,-1	 x31=0xffffffff
          34257	      1611	8000916c	03c3c1b3	div	x3,x7,x28	  x7:0x00000000 x28:0xab68aaad  x3=0x00000000
          34277	      1612	80009170	8de5	c.and	x11,x9	 x11:0x54f273de  x9:0x80026ce4 x11=0x000260c4
          34297	      1613	80009172	8695	c.srai	x13,0x5	 x13:0x00000000 x13=0x00000000
          34317	      1614	80009174	e9d7e893	ori	x17,x15,-355	 x15:0x00000000 x17=0xfffffe9d
          34337	      1615	80009178	00d98663	beq	x19,x13,80009184	 x19:0xfae1c8ff x13:0x00000000
          34357	      1616	8000917c	866a	c.mv	x12,x26	  x0:0x00000000 x26:0x00000007 x12=0x00000007
          34377	      1617	8000917e	030e	c.slli	x6,0x3	  x6:0x80000000  x6=0x00000000
          34417	      1619	80009180	1d1ef893	andi	x17,x29,465	 x29:0x00000001 x17=0x00000001
          34437	      1620	80009184	04bce363	bltu	x25,x11,800091ca	 x25:0xe98c6edf x11:0x000260c4
          35177	      1657	80009188	034d4bb3	div	x23,x26,x20	 x26:0x00000007 x20:0x8c3a40d6 x23=0x00000000
          35197	      1658	8000918c	01370b63	beq	x14,x19,800091a2	 x14:0x00000000 x19:0xfae1c8ff
          35217	      1659	80009190	8fcd	c.or	x15,x11	 x15:0x00000000 x11:0x000260c4 x15=0x000260c4
          35237	      1660	80009192	3a274613	xori	x12,x14,930	 x14:0x00000000 x12=0x000003a2
          35277	      1662	80009196	02e32333	mulhsu	x6,x6,x14	  x6:0x00000000 x14:0x00000000  x6=0x00000000
          35297	      1663	8000919a	34006c73	csrrsi	x24,mscratch,0	 x24=0x00000000
          35517	      1674	8000919e	01af8f63	beq	x31,x26,800091bc	 x31:0xffffffff x26:0x00000007
          35697	      1683	800091a2	340a3f73	csrrc	x30,mscratch,x20	 x20:0x8c3a40d6 x30=0x00000000
          35717	      1684	800091a6	01e3b0b3	sltu	x1,x7,x30	  x7:0x00000000 x30:0x00000000  x1=0x00000000
          36477	      1722	800091aa	03f0dcb3	divu	x25,x1,x31	  x1:0x00000000 x31:0xffffffff x25=0x00000000
          36497	      1723	800091ae	0001	c.addi	x0,0	  x0:0x00000000  x0=0x00000000
          36517	      1724	800091b0	82f1	c.srli	x13,0x1c	 x13:0x00000000 x13=0x00000000
          36537	      1725	800091b2	019f61b3	or	x3,x30,x25	 x30:0x00000000 x25:0x00000000  x3=0x00000000
          36557	      1726	800091b6	1bfd	c.addi	x23,-1	 x23:0x00000000 x23=0xffffffff
          36577	      1727	800091b8	34006873	csrrsi	x16,mscratch,0	 x16=0x00000000
          36617	      1729	800091bc	027ff533	remu	x10,x31,x7	 x31:0xffffffff  x7:0x00000000 x10=0xffffffff
          36637	      1730	800091c0	018536b3	sltu	x13,x10,x24	 x10:0xffffffff x24:0x00000000 x13=0x00000000
          36657	      1731	800091c4	02cbfa63	bgeu	x23,x12,800091f8	 x23:0xffffffff x12:0x000003a2
          37557	      1776	800091f8	02776833	rem	x16,x14,x7	 x14:0x00000000  x7:0x00000000 x16=0x00000000
          37617	      1779	800091fc	00a89693	slli	x13,x17,0xa	 x17:0x00000001 x13=0x00000400
          37637	      1780	80009200	02ce9e63	bne	x29,x12,8000923c	 x29:0x00000001 x12:0x000003a2
          38237	      1810	8000923c	34003df3	csrrc	x27,mscratch,x0	  x0:0x00000000 x27=0x00000000
          38357	      1816	80009240	0ff0000f	fence	iorw,iorw	
          38537	      1825	80009244	039a0e33	mul	x28,x20,x25	 x20:0x8c3a40d6 x25:0x00000000 x28=0x00000000
          38777	      1837	80009248	8c41	c.or	x8,x8	  x8:0x80000000  x8:0x80000000  x8=0x80000000
          38817	      1839	8000924a	027cfd33	remu	x26,x25,x7	 x25:0x00000000  x7:0x00000000 x26=0x00000000
          38837	      1840	8000924e	01f68f33	add	x30,x13,x31	 x13:0x00000400 x31:0xffffffff x30=0x000003ff
          39057	      1851	80009252	ab366013	ori	x0,x12,-1357	 x12:0x000003a2  x0=0x00000000
          39077	      1852	80009256	02f69463	bne	x13,x15,8000927e	 x13:0x00000400 x15:0x000260c4
          39717	      1884	8000927e	02f27463	bgeu	x4,x15,800092a6	  x4:0xff6b4652 x15:0x000260c4
          40377	      1917	800092a6	0001	c.addi	x0,0	  x0:0x00000000  x0=0x00000000
          41217	      1959	800092a8	34002473	csrrs	x8,mscratch,x0	  x0:0x00000000  x8=0x00000000
          41237	      1960	800092ac	8e45	c.or	x12,x9	 x12:0x000003a2  x9:0x80026ce4 x12=0x80026fe6
          41257	      1961	800092ae	8d6d	c.and	x10,x11	 x10:0xffffffff x11:0x000260c4 x10=0x000260c4
          41657	      1981	800092b0	0001	c.addi	x0,0	  x0:0x00000000  x0=0x00000000
          41717	      1984	800092b2	02a54b63	blt	x10,x10,800092e8	 x10:0x000260c4 x10:0x000260c4
          41817	      1989	800092b6	02f5b6b3	mulhu	x13,x11,x15	 x11:0x000260c4 x15:0x000260c4 x13=0x00000005
          41837	      1990	800092ba	97b2	c.add	x15,x12	 x15:0x000260c4 x12:0x80026fe6 x15=0x8004d0aa
          41857	      1991	800092bc	340e1bf3	csrrw	x23,mscratch,x28	 x28:0x00000000 x23=0x00000000
          42057	      2001	800092c0	41ed5993	srai	x19,x26,0x1e	 x26:0x00000000 x19=0x00000000
          42257	      2011	800092c4	41705393	srai	x7,x0,0x17	  x0:0x00000000  x7=0x00000000
          42277	      2012	800092c8	01911413	slli	x8,x2,0x19	  x2:0x80000000  x8=0x00000000
          42697	      2033	800092cc	00dee9b3	or	x19,x29,x13	 x29:0x00000001 x13:0x00000005 x19=0x00000005
          42717	      2034	800092d0	06b07463	bgeu	x0,x11,80009338	  x0:0x00000000 x11:0x000260c4
          43057	      2051	800092d4	34006c73	csrrsi	x24,mscratch,0	 x24=0x00000000
          43177	      2057	800092d8	01b25fb3	srl	x31,x4,x27	  x4:0xff6b4652 x27:0x00000000 x31=0xff6b4652
          43197	      2058	800092dc	340596f3	csrrw	x13,mscratch,x11	 x11:0x000260c4 x13=0x00000000
          44017	      2099	800092e0	03ee61b3	rem	x3,x28,x30	 x28:0x00000000 x30:0x000003ff  x3=0x00000000
          44037	      2100	800092e4	00aa5213	srli	x4,x20,0xa	 x20:0x8c3a40d6  x4=0x00230e90
          44057	      2101	800092e8	ce21	c.beqz	x12,80009340	 x12:0x80026fe6
          44077	      2102	800092ea	7a5a5317	auipc	x6,0x7a5a5	  x6=0xfa5ae2ea
          44097	      2103	800092ee	059d5863	bge	x26,x25,8000933e	 x26:0x00000000 x25:0x00000000
          44817	      2139	8000933e	c00d	c.beqz	x8,80009360	  x8:0x00000000
          46077	      2202	80009360	99fd	c.andi	x11,-1	 x11:0x000260c4 x11=0x000260c4
          46237	      2210	80009362	340033f3	csrrc	x7,mscratch,x0	  x0:0x00000000  x7=0x000260c4
          46437	      2220	80009366	01753513	sltiu	x10,x10,23	 x10:0x000260c4 x10=0x00000000
          46457	      2221	8000936a	015d2333	slt	x6,x26,x21	 x26:0x00000000 x21:0xfa66b7dd  x6=0x00000000
          46477	      2222	8000936e	00998463	beq	x19,x9,80009376	 x19:0x00000005  x9:0x80026ce4
          46497	      2223	80009372	340771f3	csrrci	x3,mscratch,14	  x3=0x000260c4
          46517	      2224	80009376	009a0c63	beq	x20,x9,8000938e	 x20:0x8c3a40d6  x9:0x80026ce4
          46537	      2225	8000937a	157a6213	ori	x4,x20,343	 x20:0x8c3a40d6  x4=0x8c3a41d7
          46597	      2228	8000937e	33488317	auipc	x6,0x33488	  x6=0xb349137e
          46617	      2229	80009382	0ff0000f	fence	iorw,iorw	
          46637	      2230	80009386	05a08363	beq	x1,x26,800093cc	  x1:0x00000000 x26:0x00000000
          47037	      2250	800093cc	99fd	c.andi	x11,-1	 x11:0x000260c4 x11=0x000260c4
          47237	      2260	800093ce	340aeaf3	csrrsi	x21,mscratch,21	 x21=0x000260c0
          47257	      2261	800093d2	03d41b63	bne	x8,x29,80009408	  x8:0x00000000 x29:0x00000001
          47917	      2294	80009408	0000100f	fence.i	
          49117	      2354	8000940c	6f4cf313	andi	x6,x25,1780	 x25:0x00000000  x6=0x00000000
          49137	      2355	80009410	836d8213	addi	x4,x27,-1994	 x27:0x00000000  x4=0xfffff836
          49557	      2376	80009414	01fc2a33	slt	x20,x24,x31	 x24:0x00000000 x31:0xff6b4652 x20=0x00000000
          49577	      2377	80009418	01c0e863	bltu	x1,x28,80009428	  x1:0x00000000 x28:0x00000000
          49597	      2378	8000941c	0369	c.addi	x6,26	  x6:0x00000000  x6=0x0000001a
          49617	      2379	8000941e	e591	c.bnez	x11,8000942a	 x11:0x000260c4
          50177	      2407	8000942a	83a6	c.mv	x7,x9	  x0:0x00000000  x9:0x80026ce4  x7=0x80026ce4
          50537	      2425	8000942c	ea19	c.bnez	x12,80009442	 x12:0x80026fe6
          51357	      2466	80009442	3b557517	auipc	x10,0x3b557	 x10=0xbb560442
          51397	      2468	80009446	036a2233	mulhsu	x4,x20,x22	 x20:0x00000000 x22:0x8000361c  x4=0x00000000
          51417	      2469	8000944a	0001	c.addi	x0,0	  x0:0x00000000  x0=0x00000000
          51437	      2470	8000944c	34032e73	csrrs	x28,mscratch,x6	  x6:0x0000001a x28=0x000260d5
          51517	      2474	80009450	f1516717	auipc	x14,0xf1516	 x14=0x7151f450
          51697	      2483	80009454	96dfc593	xori	x11,x31,-1683	 x31:0xff6b4652 x11=0x0094bf3f
          51797	      2488	80009458	01d7a833	slt	x16,x15,x29	 x15:0x8004d0aa x29:0x00000001 x16=0x00000001
          51817	      2489	8000945c	02b39d63	bne	x7,x11,80009496	  x7:0x80026ce4 x11:0x0094bf3f
          52137	      2505	80009496	00322633	slt	x12,x4,x3	  x4:0x00000000  x3:0x000260c4 x12=0x00000001
          52157	      2506	8000949a	40f1d213	srai	x4,x3,0xf	  x3:0x000260c4  x4=0x00000004
          52277	      2512	8000949e	b9961e37	lui	x28,0xb9961	 x28=0xb9961000
          52297	      2513	800094a2	00bf1a63	bne	x30,x11,800094b6	 x30:0x000003ff x11:0x0094bf3f
          53797	      2588	800094b6	01912233	slt	x4,x2,x25	  x2:0x80000000 x25:0x00000000  x4=0x00000001
          54097	      2603	800094ba	3409f7f3	csrrci	x15,mscratch,19	 x15=0x000260df
          54157	      2606	800094be	0ff0000f	fence	iorw,iorw	
          54177	      2607	800094c2	8df1	c.and	x11,x12	 x11:0x0094bf3f x12:0x00000001 x11=0x00000001
          54257	      2611	800094c4	8c61	c.and	x8,x8	  x8:0x00000000  x8:0x00000000  x8=0x00000000
          54277	      2612	800094c6	340f29f3	csrrs	x19,mscratch,x30	 x30:0x000003ff x19=0x000260cc
          54297	      2613	800094ca	3405def3	csrrwi	x29,mscratch,11	 x29=0x000263ff
          54317	      2614	800094ce	0001	c.addi	x0,0	  x0:0x00000000  x0=0x00000000
          54377	      2617	800094d0	83b9	c.srli	x15,0xe	 x15:0x000260df x15=0x00000009
          54397	      2618	800094d2	07cd	c.addi	x15,19	 x15:0x00000009 x15=0x0000001c
          54797	      2638	800094d4	87da	c.mv	x15,x22	  x0:0x00000000 x22:0x8000361c x15=0x8000361c
          55017	      2649	800094d6	34006673	csrrsi	x12,mscratch,0	 x12=0x0000000b
          55177	      2657	800094da	033b1233	mulh	x4,x22,x19	 x22:0x8000361c x19:0x000260cc  x4=0xfffecf9a
          55197	      2658	800094de	0001	c.addi	x0,0	  x0:0x00000000  x0=0x00000000
          55357	      2666	800094e0	03e93db3	mulhu	x27,x18,x30	 x18:0xff6b4655 x30:0x000003ff x27=0x000003fc
          55377	      2667	800094e4	34002f73	csrrs	x30,mscratch,x0	  x0:0x00000000 x30=0x0000000b
          55397	      2668	800094e8	0001	c.addi	x0,0	  x0:0x00000000  x0=0x00000000
          55477	      2672	800094ea	87b49397	auipc	x7,0x87b49	  x7=0x07b524ea
          55497	      2673	800094ee	6fa9	c.lui	x31,0xa	 x31=0x0000a000
          55517	      2674	800094f0	34007b73	csrrci	x22,mscratch,0	 x22=0x0000000b
          55537	      2675	800094f4	001c2f33	slt	x30,x24,x1	 x24:0x00000000  x1:0x00000000 x30=0x00000000
          55657	      2681	800094f8	8a29	c.andi	x12,10	 x12:0x0000000b x12=0x0000000a
          55757	      2686	800094fa	00620fb3	add	x31,x4,x6	  x4:0xfffecf9a  x6:0x0000001a x31=0xfffecfb4
          55897	      2693	800094fe	340067f3	csrrsi	x15,mscratch,0	 x15=0x0000000b
          55957	      2696	80009502	41a586b3	sub	x13,x11,x26	 x11:0x00000001 x26:0x00000000 x13=0x00000001
          55977	      2697	80009506	0171c8b3	xor	x17,x3,x23	  x3:0x000260c4 x23:0x00000000 x17=0x000260c4
          55997	      2698	8000950a	002c97b3	sll	x15,x25,x2	 x25:0x00000000  x2:0x80000000 x15=0x00000000
          56017	      2699	8000950e	018d5c93	srli	x25,x26,0x18	 x26:0x00000000 x25=0x00000000
          56037	      2700	80009512	0112e933	or	x18,x5,x17	  x5:0x80022e24 x17:0x000260c4 x18=0x80026ee4
          56057	      2701	80009516	ee1d	c.bnez	x12,80009554	 x12:0x0000000a
          56117	      2704	80009554	019155b3	srl	x11,x2,x25	  x2:0x80000000 x25:0x00000000 x11=0x80000000
          56557	      2726	80009558	01dd4463	blt	x26,x29,80009560	 x26:0x00000000 x29:0x000263ff
          56857	      2741	80009560	012a1a33	sll	x20,x20,x18	 x20:0x00000000 x18:0x80026ee4 x20=0x00000000
          57277	      2762	80009564	01a0ea63	bltu	x1,x26,80009578	  x1:0x00000000 x26:0x00000000
          57297	      2763	80009568	0000100f	fence.i	
          57377	      2767	8000956c	3404de73	csrrwi	x28,mscratch,9	 x28=0x0000000b
          57397	      2768	80009570	00271463	bne	x14,x2,80009578	 x14:0x7151f450  x2:0x80000000
          57437	      2770	80009578	8dbd	c.xor	x11,x15	 x11:0x80000000 x15:0x00000000 x11=0x80000000
          57617	      2779	8000957a	0042ab03	lw	x22,4(x5)	  x5:0x80022e24 x22=0x8000361c PA:0x80022e28 load:0x8000361c
          57637	      2780	8000957e	04028293	addi	x5,x5,64	  x5:0x80022e24  x5=0x80022e64
          57677	      2782	80009582	02a12f33	mulhsu	x30,x2,x10	  x2:0x80000000 x10:0xbb560442 x30=0xa254fddf
          57697	      2783	80009586	02668933	mul	x18,x13,x6	 x13:0x00000001  x6:0x0000001a x18=0x0000001a
          57717	      2784	8000958a	8d69	c.and	x10,x10	 x10:0xbb560442 x10:0xbb560442 x10=0xbb560442
          57737	      2785	8000958c	340ea3f3	csrrs	x7,mscratch,x29	 x29:0x000263ff  x7=0x00000009
          58137	      2805	80009590	038579b3	remu	x19,x10,x24	 x10:0xbb560442 x24:0x00000000 x19=0xbb560442
          58537	      2825	80009594	000b0a13	addi	x20,x22,0	 x22:0x8000361c x20=0x8000361c
          58557	      2826	80009598	8a02	c.jr	x20	 x20:0x8000361c
          59277	      2862	8000361c	0098a7b3	slt	x15,x17,x9	 x17:0x000260c4  x9:0x80026ce4 x15=0x00000000
          60017	      2899	80003620	024873b3	remu	x7,x16,x4	 x16:0x00000001  x4:0xfffecf9a  x7=0x00000001
          60037	      2900	80003624	01bdec33	or	x24,x27,x27	 x27:0x000003fc x27:0x000003fc x24=0x000003fc
          60057	      2901	80003628	029d8c33	mul	x24,x27,x9	 x27:0x000003fc  x9:0x80026ce4 x24=0x09a9dc70
          60077	      2902	8000362c	0159a8b3	slt	x17,x19,x21	 x19:0xbb560442 x21:0x000260c0 x17=0x00000001
          60097	      2903	80003630	35f16213	ori	x4,x2,863	  x2:0x80000000  x4=0x8000035f
          60137	      2905	80003634	024ab433	mulhu	x8,x21,x4	 x21:0x000260c0  x4:0x8000035f  x8=0x00013060
          60157	      2906	80003638	01483b33	sltu	x22,x16,x20	 x16:0x00000001 x20:0x8000361c x22=0x00000001
          60297	      2913	8000363c	8f9d	c.sub	x15,x15	 x15:0x00000000 x15:0x00000000 x15=0x00000000
          60737	      2935	8000363e	03a85bb3	divu	x23,x16,x26	 x16:0x00000001 x26:0x00000000 x23=0xffffffff
          60797	      2938	80003642	a8146f93	ori	x31,x8,-1407	  x8:0x00013060 x31=0xfffffae1
          60817	      2939	80003646	89d5	c.andi	x11,21	 x11:0x80000000 x11=0x00000000
          60837	      2940	80003648	b45f7613	andi	x12,x30,-1211	 x30:0xa254fddf x12=0xa254f945
          60857	      2941	8000364c	010807b3	add	x15,x16,x16	 x16:0x00000001 x16:0x00000001 x15=0x00000002
          60877	      2942	80003650	01d3ef63	bltu	x7,x29,8000366e	  x7:0x00000001 x29:0x000263ff
          62037	      3000	8000366e	02e785b3	mul	x11,x15,x14	 x15:0x00000002 x14:0x7151f450 x11=0xe2a3e8a0
          62057	      3001	80003672	038de363	bltu	x27,x24,80003698	 x27:0x000003fc x24:0x09a9dc70
          62157	      3006	80003698	015f2db3	slt	x27,x30,x21	 x30:0xa254fddf x21:0x000260c0 x27=0x00000001
          62277	      3012	8000369c	0290db63	bge	x1,x9,800036d2	  x1:0x00000000  x9:0x80026ce4
          62897	      3043	800036d2	865e	c.mv	x12,x23	  x0:0x00000000 x23:0xffffffff x12=0xffffffff
          62977	      3047	800036d4	86b9	c.srai	x13,0xe	 x13:0x00000001 x13=0x00000000
          62997	      3048	800036d6	67d1	c.lui	x15,0x14	 x15=0x00014000
          63077	      3052	800036d8	8ee5	c.and	x13,x9	 x13:0x00000000  x9:0x80026ce4 x13=0x00000000
          63097	      3053	800036da	ea9d	c.bnez	x13,80003710	 x13:0x00000000
          63117	      3054	800036dc	8f11	c.sub	x14,x12	 x14:0x7151f450 x12:0xffffffff x14=0x7151f451
          63137	      3055	800036de	4e2a7193	andi	x3,x20,1250	 x20:0x8000361c  x3=0x00000400
          63157	      3056	800036e2	85fd	c.srai	x11,0x1f	 x11:0xe2a3e8a0 x11=0xffffffff
          63197	      3058	800036e4	03f126b3	mulhsu	x13,x2,x31	  x2:0x80000000 x31:0xfffffae1 x13=0x8000028f
          63217	      3059	800036e8	8d29	c.xor	x10,x10	 x10:0xbb560442 x10:0xbb560442 x10=0x00000000
          63237	      3060	800036ea	8dd5	c.or	x11,x13	 x11:0xffffffff x13:0x8000028f x11=0xffffffff
          63577	      3077	800036ec	9f6e	c.add	x30,x27	 x30:0xa254fddf x27:0x00000001 x30=0xa254fde0
          63617	      3079	800036ee	03c627b3	mulhsu	x15,x12,x28	 x12:0xffffffff x28:0x0000000b x15=0xffffffff
          63677	      3082	800036f2	00148a63	beq	x9,x1,80003706	  x9:0x80026ce4  x1:0x00000000
          63977	      3097	800036f6	03250833	mul	x16,x10,x18	 x10:0x00000000 x18:0x0000001a x16=0x00000000
          63997	      3098	800036fa	00be8763	beq	x29,x11,80003708	 x29:0x000263ff x11:0xffffffff
          64417	      3119	800036fe	01843433	sltu	x8,x8,x24	  x8:0x00013060 x24:0x09a9dc70  x8=0x00000001
          64437	      3120	80003702	8361	c.srli	x14,0x18	 x14:0x7151f451 x14=0x00000071
          64457	      3121	80003704	0001	c.addi	x0,0	  x0:0x00000000  x0=0x00000000
          64477	      3122	80003706	e20d	c.bnez	x12,80003728	 x12:0xffffffff
          65217	      3159	80003728	340f1073	csrrw	x0,mscratch,x30	 x30:0xa254fde0  x0=0x00000000
          65237	      3160	8000372c	09ca	c.slli	x19,0x12	 x19:0xbb560442 x19=0x11080000
          65277	      3162	8000372e	013f6733	or	x14,x30,x19	 x30:0xa254fde0 x19:0x11080000 x14=0xb35cfde0
          65297	      3163	80003732	9bfd	c.andi	x15,-1	 x15:0xffffffff x15=0xffffffff
          65337	      3165	80003734	036f3833	mulhu	x16,x30,x22	 x30:0xa254fde0 x22:0x00000001 x16=0x00000000
          65497	      3173	80003738	8d7d	c.and	x10,x15	 x10:0x00000000 x15:0xffffffff x10=0x00000000
          65517	      3174	8000373a	03a8ed63	bltu	x17,x26,80003774	 x17:0x00000001 x26:0x00000000
          65557	      3176	8000373e	40dd5b13	srai	x22,x26,0xd	 x26:0x00000000 x22=0x00000000
          65577	      3177	80003742	9afd	c.andi	x13,-1	 x13:0x8000028f x13=0x8000028f
          65737	      3185	80003744	207db513	sltiu	x10,x27,519	 x27:0x00000001 x10=0x00000001
          65877	      3192	80003748	0000100f	fence.i	
          66557	      3226	8000374c	02703033	mulhu	x0,x0,x7	  x0:0x00000000  x7:0x00000001  x0=0x00000000
          66577	      3227	80003750	039dca63	blt	x27,x25,80003784	 x27:0x00000001 x25:0x00000000
          66617	      3229	80003754	0229b033	mulhu	x0,x19,x2	 x19:0x11080000  x2:0x80000000  x0=0x00000000
          66717	      3234	80003758	0001	c.addi	x0,0	  x0:0x00000000  x0=0x00000000
          67137	      3255	8000375a	029ac063	blt	x21,x9,8000377a	 x21:0x000260c0  x9:0x80026ce4
          67297	      3263	8000375e	e7318d13	addi	x26,x3,-397	  x3:0x00000400 x26=0x00000273
          67317	      3264	80003762	050a	c.slli	x10,0x2	 x10:0x00000001 x10=0x00000004
          67337	      3265	80003764	013b4363	blt	x22,x19,8000376a	 x22:0x00000000 x19:0x11080000
          67797	      3288	8000376a	00021a33	sll	x20,x4,x0	  x4:0x8000035f  x0:0x00000000 x20=0x8000035f
          67817	      3289	8000376e	81bd	c.srli	x11,0xf	 x11:0xffffffff x11=0x0001ffff
          68037	      3300	80003770	41d387b3	sub	x15,x7,x29	  x7:0x00000001 x29:0x000263ff x15=0xfffd9c02
          68057	      3301	80003774	7d337f13	andi	x30,x6,2003	  x6:0x0000001a x30=0x00000012
          68077	      3302	80003778	0001	c.addi	x0,0	  x0:0x00000000  x0=0x00000000
          68097	      3303	8000377a	8c2e	c.mv	x24,x11	  x0:0x00000000 x11:0x0001ffff x24=0x0001ffff
          68117	      3304	8000377c	0342dd63	bge	x5,x20,800037b6	  x5:0x80022e64 x20:0x8000035f
          68297	      3313	800037b6	01a32433	slt	x8,x6,x26	  x6:0x0000001a x26:0x00000273  x8=0x00000001
          68317	      3314	800037ba	8d4d	c.or	x10,x11	 x10:0x00000004 x11:0x0001ffff x10=0x0001ffff
          69377	      3367	800037bc	03c8e7b3	rem	x15,x17,x28	 x17:0x00000001 x28:0x0000000b x15=0x00000001
          69397	      3368	800037c0	00044763	blt	x8,x0,800037ce	  x8:0x00000001  x0:0x00000000
          69417	      3369	800037c4	01de8763	beq	x29,x29,800037d2	 x29:0x000263ff x29:0x000263ff
          69597	      3378	800037d2	0000100f	fence.i	
          76657	      3731	800037d6	41a58cb3	sub	x25,x11,x26	 x11:0x0001ffff x26:0x00000273 x25=0x0001fd8c
          76677	      3732	800037da	0655fd93	andi	x27,x11,101	 x11:0x0001ffff x27=0x00000065
          76737	      3735	800037de	cd3f3613	sltiu	x12,x30,-813	 x30:0x00000012 x12=0x00000001
          76997	      3748	800037e2	01a94ab3	xor	x21,x18,x26	 x18:0x0000001a x26:0x00000273 x21=0x00000269
          77017	      3749	800037e6	8691	c.srai	x13,0x4	 x13:0x8000028f x13=0xf8000028
          77417	      3769	800037e8	340b6973	csrrsi	x18,mscratch,22	 x18=0xa254fde0
          77437	      3770	800037ec	340c1af3	csrrw	x21,mscratch,x24	 x24:0x0001ffff x21=0xa254fdf6
          77517	      3774	800037f0	0102f233	and	x4,x5,x16	  x5:0x80022e64 x16:0x00000000  x4=0x00000000
          77717	      3784	800037f4	02177533	remu	x10,x14,x1	 x14:0xb35cfde0  x1:0x00000000 x10=0xb35cfde0
          77897	      3793	800037f8	34025573	csrrwi	x10,mscratch,4	 x10=0x0001ffff
          78037	      3800	800037fc	03c6bd33	mulhu	x26,x13,x28	 x13:0xf8000028 x28:0x0000000b x26=0x0000000a
          78437	      3820	80003800	001de433	or	x8,x27,x1	 x27:0x00000065  x1:0x00000000  x8=0x00000065
          78577	      3827	80003804	340a6873	csrrsi	x16,mscratch,20	 x16=0x00000004
          78617	      3829	80003808	0001	c.addi	x0,0	  x0:0x00000000  x0=0x00000000
          78757	      3836	8000380a	025a9633	mulh	x12,x21,x5	 x21:0xa254fdf6  x5:0x80022e64 x12=0x2ed4b4b5
          78777	      3837	8000380e	481eb097	auipc	x1,0x481eb	  x1=0xc81ee80e
          78797	      3838	80003812	8f79	c.and	x14,x14	 x14:0xb35cfde0 x14:0xb35cfde0 x14=0xb35cfde0
          78957	      3846	80003814	340016f3	csrrw	x13,mscratch,x0	  x0:0x00000000 x13=0x00000014
          79057	      3851	80003818	006c3f33	sltu	x30,x24,x6	 x24:0x0001ffff  x6:0x0000001a x30=0x00000000
          79437	      3870	8000381c	05a09163	bne	x1,x26,8000385e	  x1:0xc81ee80e x26:0x0000000a
          80157	      3906	8000385e	0208dbb3	divu	x23,x17,x0	 x17:0x00000001  x0:0x00000000 x23=0xffffffff
          80177	      3907	80003862	82f1	c.srli	x13,0x1c	 x13:0x00000014 x13=0x00000000
          80217	      3909	80003864	0001	c.addi	x0,0	  x0:0x00000000  x0=0x00000000
          80237	      3910	80003866	4d9d	c.li	x27,7	 x27=0x00000007
          80257	      3911	80003868	01c57633	and	x12,x10,x28	 x10:0x0001ffff x28:0x0000000b x12=0x0000000b
          80677	      3932	8000386c	03153633	mulhu	x12,x10,x17	 x10:0x0001ffff x17:0x00000001 x12=0x00000000
          80717	      3934	80003870	340cfef3	csrrci	x29,mscratch,25	 x29=0x00000000
          80797	      3938	80003874	02e52533	mulhsu	x10,x10,x14	 x10:0x0001ffff x14:0xb35cfde0 x10=0x000166b9
          80817	      3939	80003878	4269	c.li	x4,26	  x4=0x0000001a
          80837	      3940	8000387a	8d0d	c.sub	x10,x11	 x10:0x000166b9 x11:0x0001ffff x10=0xffff66ba
          80857	      3941	8000387c	97a7ec93	ori	x25,x15,-1670	 x15:0x00000001 x25=0xfffff97b
          80877	      3942	80003880	f23e3813	sltiu	x16,x28,-221	 x28:0x0000000b x16=0x00000001
          80897	      3943	80003884	4126df13	srai	x30,x13,0x12	 x13:0x00000000 x30=0x00000000
          81017	      3949	80003888	8321	c.srli	x14,0x8	 x14:0xb35cfde0 x14=0x00b35cfd
          81217	      3959	8000388a	02d9dc63	bge	x19,x13,800038c2	 x19:0x11080000 x13:0x00000000
          81857	      3991	800038c2	020f4db3	div	x27,x30,x0	 x30:0x00000000  x0:0x00000000 x27=0xffffffff
          81957	      3996	800038c6	00be10b3	sll	x1,x28,x11	 x28:0x0000000b x11:0x0001ffff  x1=0x80000000
          82157	      4006	800038ca	02560833	mul	x16,x12,x5	 x12:0x00000000  x5:0x80022e64 x16=0x00000000
          82177	      4007	800038ce	8c11	c.sub	x8,x12	  x8:0x00000065 x12:0x00000000  x8=0x00000065
          82197	      4008	800038d0	c5db4693	xori	x13,x22,-931	 x22:0x00000000 x13=0xfffffc5d
          82257	      4011	800038d4	32c44913	xori	x18,x8,812	  x8:0x00000065 x18=0x00000349
          82277	      4012	800038d8	820a	c.mv	x4,x2	  x0:0x00000000  x2:0x80000000  x4=0x80000000
          82337	      4015	800038da	03e6b933	mulhu	x18,x13,x30	 x13:0xfffffc5d x30:0x00000000 x18=0x00000000
          82357	      4016	800038de	02617663	bgeu	x2,x6,8000390a	  x2:0x80000000  x6:0x0000001a
          82797	      4038	8000390a	40cdd393	srai	x7,x27,0xc	 x27:0xffffffff  x7=0xffffffff
          82817	      4039	8000390e	340ae273	csrrsi	x4,mscratch,21	  x4=0x00000000
          82837	      4040	80003912	015f5713	srli	x14,x30,0x15	 x30:0x00000000 x14=0x00000000
          83077	      4052	80003916	032c2333	mulhsu	x6,x24,x18	 x24:0x0001ffff x18:0x00000000  x6=0x00000000
          83097	      4053	8000391a	e029	c.bnez	x8,8000395c	  x8:0x00000065
          84197	      4108	8000395c	03169db3	mulh	x27,x13,x17	 x13:0xfffffc5d x17:0x00000001 x27=0xffffffff
          84617	      4129	80003960	f6cf0c13	addi	x24,x30,-148	 x30:0x00000000 x24=0xffffff6c
          85037	      4150	80003964	4186d733	sra	x14,x13,x24	 x13:0xfffffc5d x24:0xffffff6c x14=0xffffffff
          85097	      4153	80003968	00f91d13	slli	x26,x18,0xf	 x18:0x00000000 x26=0x00000000
          85177	      4157	8000396c	00109a63	bne	x1,x1,80003980	  x1:0x80000000  x1:0x80000000
          85197	      4158	80003970	ba5dfc93	andi	x25,x27,-1115	 x27:0xffffffff x25=0xfffffba5
          85217	      4159	80003974	0045ddb3	srl	x27,x11,x4	 x11:0x0001ffff  x4:0x00000000 x27=0x0001ffff
          85237	      4160	80003978	0213ca63	blt	x7,x1,800039ac	  x7:0xffffffff  x1:0x80000000
          85257	      4161	8000397c	01f88463	beq	x17,x31,80003984	 x17:0x00000001 x31:0xfffffae1
          85717	      4184	80003980	819d	c.srli	x11,0x7	 x11:0x0001ffff x11=0x000003ff
          85737	      4185	80003982	66d9	c.lui	x13,0x16	 x13=0x00016000
          85917	      4194	80003984	021f7263	bgeu	x30,x1,800039a8	 x30:0x00000000  x1:0x80000000
          86077	      4202	80003988	6a0a2e17	auipc	x28,0x6a0a2	 x28=0xea0a5988
          86277	      4212	8000398c	0ff0000f	fence	iorw,iorw	
          86377	      4217	80003990	0ff0000f	fence	iorw,iorw	
          86497	      4223	80003994	00def863	bgeu	x29,x13,800039a4	 x29:0x00000000 x13:0x00016000
          86517	      4224	80003998	340d1073	csrrw	x0,mscratch,x26	 x26:0x00000000  x0=0x00000000
          86597	      4228	8000399c	f83ac793	xori	x15,x21,-125	 x21:0xa254fdf6 x15=0x5dab0275
          86617	      4229	800039a0	34003df3	csrrc	x27,mscratch,x0	  x0:0x00000000 x27=0x00000000
          86637	      4230	800039a4	8d1d	c.sub	x10,x15	 x10:0xffff66ba x15:0x5dab0275 x10=0xa2546445
          86657	      4231	800039a6	06ae	c.slli	x13,0xb	 x13:0x00016000 x13=0x0b000000
          86677	      4232	800039a8	340065f3	csrrsi	x11,mscratch,0	 x11=0x00000000
          86977	      4247	800039ac	83ea	c.mv	x7,x26	  x0:0x00000000 x26:0x00000000  x7=0x00000000
          86997	      4248	800039ae	88f6	c.mv	x17,x29	  x0:0x00000000 x29:0x00000000 x17=0x00000000
          87017	      4249	800039b0	8165	c.srli	x10,0x19	 x10:0xa2546445 x10=0x00000051
          87037	      4250	800039b2	008f1833	sll	x16,x30,x8	 x30:0x00000000  x8:0x00000065 x16=0x00000000
          87117	      4254	800039b6	021199b3	mulh	x19,x3,x1	  x3:0x00000400  x1:0x80000000 x19=0xfffffe00
          87437	      4270	800039ba	5aeaae93	slti	x29,x21,1454	 x21:0xa254fdf6 x29=0x00000001
          87637	      4280	800039be	34045ef3	csrrwi	x29,mscratch,8	 x29=0x00000000
          87657	      4281	800039c2	6845	c.lui	x16,0x11	 x16=0x00011000
          88077	      4302	800039c4	02a11db3	mulh	x27,x2,x10	  x2:0x80000000 x10:0x00000051 x27=0xffffffd7
          88097	      4303	800039c8	41fd0633	sub	x12,x26,x31	 x26:0x00000000 x31:0xfffffae1 x12=0x0000051f
          88117	      4304	800039cc	6a11	c.lui	x20,0x4	 x20=0x00004000
          88517	      4324	800039ce	bf2b0c97	auipc	x25,0xbf2b0	 x25=0x3f2b39ce
          88537	      4325	800039d2	ee19	c.bnez	x12,800039f0	 x12:0x0000051f
          88897	      4343	800039f0	00075a33	srl	x20,x14,x0	 x14:0xffffffff  x0:0x00000000 x20=0xffffffff
          88937	      4345	800039f4	03106a33	rem	x20,x0,x17	  x0:0x00000000 x17:0x00000000 x20=0x00000000
          89137	      4355	800039f8	3402da73	csrrwi	x20,mscratch,5	 x20=0x00000008
          89317	      4364	800039fc	017c9413	slli	x8,x25,0x17	 x25:0x3f2b39ce  x8=0xe7000000
          89337	      4365	80003a00	009dee33	or	x28,x27,x9	 x27:0xffffffd7  x9:0x80026ce4 x28=0xfffffff7
          89757	      4386	80003a04	00385c33	srl	x24,x16,x3	 x16:0x00011000  x3:0x00000400 x24=0x00011000
          90497	      4423	80003a08	02846bb3	rem	x23,x8,x8	  x8:0xe7000000  x8:0xe7000000 x23=0x00000000
          90517	      4424	80003a0c	340911f3	csrrw	x3,mscratch,x18	 x18:0x00000000  x3=0x00000005
          90537	      4425	80003a10	340061f3	csrrsi	x3,mscratch,0	  x3=0x00000000
          90557	      4426	80003a14	8516	c.mv	x10,x5	  x0:0x00000000  x5:0x80022e64 x10=0x80022e64
          90577	      4427	80003a16	ee05	c.bnez	x12,80003a4e	 x12:0x0000051f
          91377	      4467	80003a4e	0000100f	fence.i	
          92557	      4526	80003a52	00694263	blt	x18,x6,80003a56	 x18:0x00000000  x6:0x00000000
          92577	      4527	80003a56	c10d	c.beqz	x10,80003a78	 x10:0x80022e64
          93377	      4567	80003a58	0287dcb3	divu	x25,x15,x8	 x15:0x5dab0275  x8:0xe7000000 x25=0x00000000
          93397	      4568	80003a5c	016a43b3	xor	x7,x20,x22	 x20:0x00000008 x22:0x00000000  x7=0x00000008
          93417	      4569	80003a60	8d95	c.sub	x11,x13	 x11:0x00000000 x13:0x0b000000 x11=0xf5000000
          93437	      4570	80003a62	00618733	add	x14,x3,x6	  x3:0x00000000  x6:0x00000000 x14=0x00000000
          93457	      4571	80003a66	34003bf3	csrrc	x23,mscratch,x0	  x0:0x00000000 x23=0x00000000
          93477	      4572	80003a6a	01fae533	or	x10,x21,x31	 x21:0xa254fdf6 x31:0xfffffae1 x10=0xfffffff7
          93497	      4573	80003a6e	8141	c.srli	x10,0x10	 x10:0xfffffff7 x10=0x0000ffff
          93517	      4574	80003a70	01daecb3	or	x25,x21,x29	 x21:0xa254fdf6 x29:0x00000000 x25=0xa254fdf6
          93737	      4585	80003a74	0001	c.addi	x0,0	  x0:0x00000000  x0=0x00000000
          93757	      4586	80003a76	832e	c.mv	x6,x11	  x0:0x00000000 x11:0xf5000000  x6=0xf5000000
          94157	      4606	80003a78	01826bb3	or	x23,x4,x24	  x4:0x00000000 x24:0x00011000 x23=0x00011000
          94237	      4610	80003a7c	0ff0000f	fence	iorw,iorw	
          94497	      4623	80003a80	0001	c.addi	x0,0	  x0:0x00000000  x0=0x00000000
          94517	      4624	80003a82	340073f3	csrrci	x7,mscratch,0	  x7=0x00000000
          94537	      4625	80003a86	01dfdc13	srli	x24,x31,0x1d	 x31:0xfffffae1 x24=0x00000007
          95277	      4662	80003a8a	02f55bb3	divu	x23,x10,x15	 x10:0x0000ffff x15:0x5dab0275 x23=0x00000000
          95297	      4663	80003a8e	3403b9f3	csrrc	x19,mscratch,x7	  x7:0x00000000 x19=0x00000000
          95317	      4664	80003a92	018dfe63	bgeu	x27,x24,80003aae	 x27:0xffffffd7 x24:0x00000007
          95677	      4682	80003aae	0bce	c.slli	x23,0x13	 x23:0x00000000 x23=0x00000000
          95717	      4684	80003ab0	8fd5	c.or	x15,x13	 x15:0x5dab0275 x13:0x0b000000 x15=0x5fab0275
          95737	      4685	80003ab2	02c58733	mul	x14,x11,x12	 x11:0xf5000000 x12:0x0000051f x14=0xab000000
          95757	      4686	80003ab6	0001	c.addi	x0,0	  x0:0x00000000  x0=0x00000000
          95777	      4687	80003ab8	340079f3	csrrci	x19,mscratch,0	 x19=0x00000000
          95797	      4688	80003abc	00561a33	sll	x20,x12,x5	 x12:0x0000051f  x5:0x80022e64 x20=0x000051f0
          96317	      4714	80003ac0	87cd	c.srai	x15,0x13	 x15:0x5fab0275 x15=0x00000bf5
          96337	      4715	80003ac2	02bcec63	bltu	x25,x11,80003afa	 x25:0xa254fdf6 x11:0xf5000000
          97117	      4754	80003afa	bd0f4e13	xori	x28,x30,-1072	 x30:0x00000000 x28=0xfffffbd0
          97137	      4755	80003afe	0001	c.addi	x0,0	  x0:0x00000000  x0=0x00000000
          97297	      4763	80003b00	2fcce313	ori	x6,x25,764	 x25:0xa254fdf6  x6=0xa254fffe
          98097	      4803	80003b04	02ccc7b3	div	x15,x25,x12	 x25:0xa254fdf6 x12:0x0000051f x15=0xffedb59a
          98117	      4804	80003b08	013ad8b3	srl	x17,x21,x19	 x21:0xa254fdf6 x19:0x00000000 x17=0xa254fdf6
          98137	      4805	80003b0c	e391	c.bnez	x15,80003b10	 x15:0xffedb59a
          98717	      4834	80003b10	00eed763	bge	x29,x14,80003b1e	 x29:0x00000000 x14:0xab000000
          99537	      4875	80003b1e	02e39f63	bne	x7,x14,80003b5c	  x7:0x00000000 x14:0xab000000
          99957	      4896	80003b5c	9cae	c.add	x25,x11	 x25:0xa254fdf6 x11:0xf5000000 x25=0x9754fdf6
         100157	      4906	80003b5e	d4aeaf93	slti	x31,x29,-694	 x29:0x00000000 x31=0x00000000
         100177	      4907	80003b62	058d	c.addi	x11,3	 x11:0xf5000000 x11=0xf5000003
         100197	      4908	80003b64	0001	c.addi	x0,0	  x0:0x00000000  x0=0x00000000
         100417	      4919	80003b66	01e8c5b3	xor	x11,x17,x30	 x17:0xa254fdf6 x30:0x00000000 x11=0xa254fdf6
         100497	      4923	80003b6a	5767df97	auipc	x31,0x5767d	 x31=0xd7680b6a
         100537	      4925	80003b6e	0ff0000f	fence	iorw,iorw	
         100557	      4926	80003b72	4a31	c.li	x20,12	 x20=0x0000000c
         100597	      4928	80003b74	03b79a33	mulh	x20,x15,x27	 x15:0xffedb59a x27:0xffffffd7 x20=0x00000000
         100617	      4929	80003b78	016e8db3	add	x27,x29,x22	 x29:0x00000000 x22:0x00000000 x27=0x00000000
         100637	      4930	80003b7c	6a00b193	sltiu	x3,x1,1696	  x1:0x80000000  x3=0x00000000
         100657	      4931	80003b80	0db6	c.slli	x27,0xd	 x27:0x00000000 x27=0x00000000
         100697	      4933	80003b82	0345b433	mulhu	x8,x11,x20	 x11:0xa254fdf6 x20:0x00000000  x8=0x00000000
         100937	      4945	80003b86	03dcd7b3	divu	x15,x25,x29	 x25:0x9754fdf6 x29:0x00000000 x15=0xffffffff
         100957	      4946	80003b8a	86e1	c.srai	x13,0x18	 x13:0x0b000000 x13=0x0000000b
         101697	      4983	80003b8c	02f7d833	divu	x16,x15,x15	 x15:0xffffffff x15:0xffffffff x16=0x00000001
         101717	      4984	80003b90	0079e933	or	x18,x19,x7	 x19:0x00000000  x7:0x00000000 x18=0x00000000
         101737	      4985	80003b94	0b1e	c.slli	x22,0x7	 x22:0x00000000 x22=0x00000000
         101757	      4986	80003b96	009c1593	slli	x11,x24,0x9	 x24:0x00000007 x11=0x00000e00
         101777	      4987	80003b9a	003c8b33	add	x22,x25,x3	 x25:0x9754fdf6  x3:0x00000000 x22=0x9754fdf6
         101797	      4988	80003b9e	0001	c.addi	x0,0	  x0:0x00000000  x0=0x00000000
         101817	      4989	80003ba0	10fd	c.addi	x1,-1	  x1:0x80000000  x1=0x7fffffff
         101837	      4990	80003ba2	019f4863	blt	x30,x25,80003bb2	 x30:0x00000000 x25:0x9754fdf6
         101957	      4996	80003ba6	025e3bb3	mulhu	x23,x28,x5	 x28:0xfffffbd0  x5:0x80022e64 x23=0x80022c4b
         101977	      4997	80003baa	180aec93	ori	x25,x21,384	 x21:0xa254fdf6 x25=0xa254fdf6
         101997	      4998	80003bae	cf05	c.beqz	x14,80003be6	 x14:0xab000000
         102157	      5006	80003bb0	8a65	c.andi	x12,25	 x12:0x0000051f x12=0x00000019
         102177	      5007	80003bb2	01975c93	srli	x25,x14,0x19	 x14:0xab000000 x25=0x00000055
         102217	      5009	80003bb6	c8394b13	xori	x22,x18,-893	 x18:0x00000000 x22=0xfffffc83
         102237	      5010	80003bba	02919763	bne	x3,x9,80003be8	  x3:0x00000000  x9:0x80026ce4
         102477	      5022	80003be8	0001	c.addi	x0,0	  x0:0x00000000  x0=0x00000000
         102897	      5043	80003bea	35d9f037	lui	x0,0x35d9f	  x0=0x00000000
         103137	      5055	80003bee	7d498c13	addi	x24,x19,2004	 x19:0x00000000 x24=0x000007d4
         103297	      5063	80003bf2	0137dc33	srl	x24,x15,x19	 x15:0xffffffff x19:0x00000000 x24=0xffffffff
         103397	      5068	80003bf6	03f98263	beq	x19,x31,80003c1a	 x19:0x00000000 x31:0xd7680b6a
         103817	      5089	80003bfa	000cccb3	xor	x25,x25,x0	 x25:0x00000055  x0:0x00000000 x25=0x00000055
         103857	      5091	80003bfe	03495733	divu	x14,x18,x20	 x18:0x00000000 x20:0x00000000 x14=0xffffffff
         103877	      5092	80003c02	0001	c.addi	x0,0	  x0:0x00000000  x0=0x00000000
         103957	      5096	80003c04	0256	c.slli	x4,0x15	  x4:0x00000000  x4=0x00000000
         104377	      5117	80003c06	01f7a6b3	slt	x13,x15,x31	 x15:0xffffffff x31:0xd7680b6a x13=0x00000000
         104417	      5119	80003c0a	023e3d33	mulhu	x26,x28,x3	 x28:0xfffffbd0  x3:0x00000000 x26=0x00000000
         104577	      5127	80003c0e	0e3f8093	addi	x1,x31,227	 x31:0xd7680b6a  x1=0xd7680c4d
         105317	      5164	80003c12	03f9feb3	remu	x29,x19,x31	 x19:0x00000000 x31:0xd7680b6a x29=0x00000000
         105337	      5165	80003c16	83fe	c.mv	x7,x31	  x0:0x00000000 x31:0xd7680b6a  x7=0xd7680b6a
         105357	      5166	80003c18	8d91	c.sub	x11,x12	 x11:0x00000e00 x12:0x00000019 x11=0x00000de7
         105377	      5167	80003c1a	02665c63	bge	x12,x6,80003c52	 x12:0x00000019  x6:0xa254fffe
         105697	      5183	80003c52	8f1d	c.sub	x14,x15	 x14:0xffffffff x15:0xffffffff x14=0x00000000
         105717	      5184	80003c54	0e0df893	andi	x17,x27,224	 x27:0x00000000 x17=0x00000000
         105737	      5185	80003c58	406955b3	sra	x11,x18,x6	 x18:0x00000000  x6:0xa254fffe x11=0x00000000
         105857	      5191	80003c5c	010a48b3	xor	x17,x20,x16	 x20:0x00000000 x16:0x00000001 x17=0x00000001
         106597	      5228	80003c60	02cac0b3	div	x1,x21,x12	 x21:0xa254fdf6 x12:0x00000019  x1=0xfc40d6f6
         107337	      5265	80003c64	02f765b3	rem	x11,x14,x15	 x14:0x00000000 x15:0xffffffff x11=0x00000000
         107357	      5266	80003c68	409b8633	sub	x12,x23,x9	 x23:0x80022c4b  x9:0x80026ce4 x12=0xffffbf67
         107377	      5267	80003c6c	966f2813	slti	x16,x30,-1690	 x30:0x00000000 x16=0x00000000
         107397	      5268	80003c70	01e66963	bltu	x12,x30,80003c82	 x12:0xffffbf67 x30:0x00000000
         107417	      5269	80003c74	6f3d	c.lui	x30,0xf	 x30=0x0000f000
         107437	      5270	80003c76	09b1	c.addi	x19,12	 x19:0x00000000 x19=0x0000000c
         107457	      5271	80003c78	01a40f33	add	x30,x8,x26	  x8:0x00000000 x26:0x00000000 x30=0x00000000
         107477	      5272	80003c7c	08ed	c.addi	x17,27	 x17:0x00000001 x17=0x0000001c
         107517	      5274	80003c7e	025cb9b3	mulhu	x19,x25,x5	 x25:0x00000055  x5:0x80022e64 x19=0x0000002a
         107557	      5276	80003c82	03899d33	mulh	x26,x19,x24	 x19:0x0000002a x24:0xffffffff x26=0xffffffff
         107577	      5277	80003c86	34059973	csrrw	x18,mscratch,x11	 x11:0x00000000 x18=0x00000000
         107597	      5278	80003c8a	0d9a	c.slli	x27,0x6	 x27:0x00000000 x27=0x00000000
         107617	      5279	80003c8c	02a18c33	mul	x24,x3,x10	  x3:0x00000000 x10:0x0000ffff x24=0x00000000
         107637	      5280	80003c90	41185233	sra	x4,x16,x17	 x16:0x00000000 x17:0x0000001c  x4=0x00000000
         107817	      5289	80003c94	34002773	csrrs	x14,mscratch,x0	  x0:0x00000000 x14=0x00000000
         107837	      5290	80003c98	ad652d93	slti	x27,x10,-1322	 x10:0x0000ffff x27=0x00000000
         107857	      5291	80003c9c	8edd	c.or	x13,x15	 x13:0x00000000 x15:0xffffffff x13=0xffffffff
         107877	      5292	80003c9e	85d5	c.srai	x11,0x15	 x11:0x00000000 x11=0x00000000
         107897	      5293	80003ca0	04f09063	bne	x1,x15,80003ce0	  x1:0xfc40d6f6 x15:0xffffffff
         108457	      5321	80003ce0	028e67b3	rem	x15,x28,x8	 x28:0xfffffbd0  x8:0x00000000 x15=0xfffffbd0
         108857	      5341	80003ce4	6661	c.lui	x12,0x18	 x12=0x00018000
         108877	      5342	80003ce6	8f11	c.sub	x14,x12	 x14:0x00000000 x12:0x00018000 x14=0xfffe8000
         109017	      5349	80003ce8	416adf13	srai	x30,x21,0x16	 x21:0xa254fdf6 x30=0xfffffe89
         109297	      5363	80003cec	844e	c.mv	x8,x19	  x0:0x00000000 x19:0x0000002a  x8=0x0000002a
         137717	      6784	80003cee	42f3b693	sltiu	x13,x7,1071	  x7:0xd7680b6a x13=0x00000000
         137737	      6785	80003cf2	18fd	c.addi	x17,-1	 x17:0x0000001c x17=0x0000001b
         137757	      6786	80003cf4	8f35	c.xor	x14,x13	 x14:0xfffe8000 x13:0x00000000 x14=0xfffe8000
         137777	      6787	80003cf6	8e4d	c.or	x12,x11	 x12:0x00018000 x11:0x00000000 x12=0x00018000
         137797	      6788	80003cf8	340077f3	csrrci	x15,mscratch,0	 x15=0x00000000
         137817	      6789	80003cfc	8c35	c.xor	x8,x13	  x8:0x0000002a x13:0x00000000  x8=0x0000002a
         137857	      6791	80003cfe	03b97633	remu	x12,x18,x27	 x18:0x00000000 x27:0x00000000 x12=0x00000000
         137877	      6792	80003d02	326b2513	slti	x10,x22,806	 x22:0xfffffc83 x10=0x00000001
         137997	      6798	80003d06	0014e933	or	x18,x9,x1	  x9:0x80026ce4  x1:0xfc40d6f6 x18=0xfc42fef6
         138417	      6819	80003d0a	011690b3	sll	x1,x13,x17	 x13:0x00000000 x17:0x0000001b  x1=0x00000000
         138437	      6820	80003d0e	ee95	c.bnez	x13,80003d4a	 x13:0x00000000
         138477	      6822	80003d10	0308cbb3	div	x23,x17,x16	 x17:0x0000001b x16:0x00000000 x23=0xffffffff
         138817	      6839	80003d14	583a3993	sltiu	x19,x20,1411	 x20:0x00000000 x19=0x00000001
         138837	      6840	80003d18	0000100f	fence.i	
         139117	      6854	80003d1c	014a4eb3	xor	x29,x20,x20	 x20:0x00000000 x20:0x00000000 x29=0x00000000
         139137	      6855	80003d20	52e65337	lui	x6,0x52e65	  x6=0x52e65000
         139537	      6875	80003d24	01a2c833	xor	x16,x5,x26	  x5:0x80022e64 x26:0xffffffff x16=0x7ffdd19b
         139557	      6876	80003d28	340a9573	csrrw	x10,mscratch,x21	 x21:0xa254fdf6 x10=0x00000000
         139577	      6877	80003d2c	03746963	bltu	x8,x23,80003d5e	  x8:0x0000002a x23:0xffffffff
         140737	      6935	80003d5e	0001	c.addi	x0,0	  x0:0x00000000  x0=0x00000000
         140797	      6938	80003d60	045e4263	blt	x28,x5,80003da4	 x28:0xfffffbd0  x5:0x80022e64
         141797	      6988	80003d64	0284d0b3	divu	x1,x9,x8	  x9:0x80026ce4  x8:0x0000002a  x1=0x030c3f8b
         141817	      6989	80003d68	e105	c.bnez	x10,80003d88	 x10:0x00000000
         141837	      6990	80003d6a	0ff0000f	fence	iorw,iorw	
         141857	      6991	80003d6e	1edd76b7	lui	x13,0x1edd7	 x13=0x1edd7000
         141897	      6993	80003d72	026a1e33	mulh	x28,x20,x6	 x20:0x00000000  x6:0x52e65000 x28=0x00000000
         141917	      6994	80003d76	00325393	srli	x7,x4,0x3	  x4:0x00000000  x7=0x00000000
         141937	      6995	80003d7a	40c909b3	sub	x19,x18,x12	 x18:0xfc42fef6 x12:0x00000000 x19=0xfc42fef6
         141957	      6996	80003d7e	01a49213	slli	x4,x9,0x1a	  x9:0x80026ce4  x4=0x90000000
         141977	      6997	80003d82	026d	c.addi	x4,27	  x4:0x90000000  x4=0x9000001b
         141997	      6998	80003d84	b1dd8b93	addi	x23,x27,-1251	 x27:0x00000000 x23=0xfffffb1d
         142157	      7006	80003d88	0001	c.addi	x0,0	  x0:0x00000000  x0=0x00000000
         142217	      7009	80003d8a	9597dd97	auipc	x27,0x9597d	 x27=0x15980d8a
         142237	      7010	80003d8e	c30d	c.beqz	x14,80003db0	 x14:0xfffe8000
         142377	      7017	80003d90	16833597	auipc	x11,0x16833	 x11=0x96836d90
         142397	      7018	80003d94	e3a1	c.bnez	x15,80003dd4	 x15:0x00000000
         142457	      7021	80003d96	340c9573	csrrw	x10,mscratch,x25	 x25:0x00000055 x10=0xa254fdf6
         142477	      7022	80003d9a	0ff0000f	fence	iorw,iorw	
         142497	      7023	80003d9e	0001	c.addi	x0,0	  x0:0x00000000  x0=0x00000000
         142517	      7024	80003da0	02d60c33	mul	x24,x12,x13	 x12:0x00000000 x13:0x1edd7000 x24=0x00000000
         142537	      7025	80003da4	340d91f3	csrrw	x3,mscratch,x27	 x27:0x15980d8a  x3=0x00000055
         142557	      7026	80003da8	39cbe617	auipc	x12,0x39cbe	 x12=0xb9cc1da8
         142597	      7028	80003dac	01239e63	bne	x7,x18,80003dc8	  x7:0x00000000 x18:0xfc42fef6
         143237	      7060	80003dc8	03609563	bne	x1,x22,80003df2	  x1:0x030c3f8b x22:0xfffffc83
         143477	      7072	80003df2	3404d3f3	csrrwi	x7,mscratch,9	  x7=0x15980d8a
         143497	      7073	80003df6	0087cc33	xor	x24,x15,x8	 x15:0x00000000  x8:0x0000002a x24=0x0000002a
         143517	      7074	80003dfa	91d1cf13	xori	x30,x3,-1763	  x3:0x00000055 x30=0xfffff948
         143537	      7075	80003dfe	66cd	c.lui	x13,0x13	 x13=0x00013000
         143577	      7077	80003e00	03c840b3	div	x1,x16,x28	 x16:0x7ffdd19b x28:0x00000000  x1=0xffffffff
         143597	      7078	80003e04	8f15	c.sub	x14,x13	 x14:0xfffe8000 x13:0x00013000 x14=0xfffd5000
         143617	      7079	80003e06	c011	c.beqz	x8,80003e0a	  x8:0x0000002a
         143637	      7080	80003e08	1bfd	c.addi	x23,-1	 x23:0xfffffb1d x23=0xfffffb1c
         143657	      7081	80003e0a	85a1	c.srai	x11,0x8	 x11:0x96836d90 x11=0xff96836d
         143697	      7083	80003e0c	03819a33	mulh	x20,x3,x24	  x3:0x00000055 x24:0x0000002a x20=0x00000000
         144037	      7100	80003e10	20d44c93	xori	x25,x8,525	  x8:0x0000002a x25=0x00000227
         144137	      7105	80003e14	3400d5f3	csrrwi	x11,mscratch,1	 x11=0x00000009
         144157	      7106	80003e18	9fe2	c.add	x31,x24	 x31:0xd7680b6a x24:0x0000002a x31=0xd7680b94
         144177	      7107	80003e1a	34002873	csrrs	x16,mscratch,x0	  x0:0x00000000 x16=0x00000001
         144977	      7147	80003e1e	02665533	divu	x10,x12,x6	 x12:0xb9cc1da8  x6:0x52e65000 x10=0x00000002
         144997	      7148	80003e22	0ff0000f	fence	iorw,iorw	
         145017	      7149	80003e26	022f1a63	bne	x30,x2,80003e5a	 x30:0xfffff948  x2:0x80000000
         145137	      7155	80003e5a	8d95	c.sub	x11,x13	 x11:0x00000009 x13:0x00013000 x11=0xfffed009
         145557	      7176	80003e5c	0192bb33	sltu	x22,x5,x25	  x5:0x80022e64 x25:0x00000227 x22=0x00000000
         145737	      7185	80003e60	005497b3	sll	x15,x9,x5	  x9:0x80026ce4  x5:0x80022e64 x15=0x0026ce40
         145817	      7189	80003e64	87de	c.mv	x15,x23	  x0:0x00000000 x23:0xfffffb1c x15=0xfffffb1c
         145837	      7190	80003e66	66dd	c.lui	x13,0x17	 x13=0x00017000
         145857	      7191	80003e68	00c05013	srli	x0,x0,0xc	  x0:0x00000000  x0=0x00000000
         145877	      7192	80003e6c	007d81b3	add	x3,x27,x7	 x27:0x15980d8a  x7:0x15980d8a  x3=0x2b301b14
         146237	      7210	80003e70	01453933	sltu	x18,x10,x20	 x10:0x00000002 x20:0x00000000 x18=0x00000000
         146257	      7211	80003e74	5fb42093	slti	x1,x8,1531	  x8:0x0000002a  x1=0x00000001
         146277	      7212	80003e78	020c4d63	blt	x24,x0,80003eb2	 x24:0x0000002a  x0:0x00000000
         146297	      7213	80003e7c	34089b73	csrrw	x22,mscratch,x17	 x17:0x0000001b x22=0x00000001
         146357	      7216	80003e80	40af81b3	sub	x3,x31,x10	 x31:0xd7680b94 x10:0x00000002  x3=0xd7680b92
         146817	      7239	80003e84	0013a033	slt	x0,x7,x1	  x7:0x15980d8a  x1:0x00000001  x0=0x00000000
         147097	      7253	80003e88	9b7d	c.andi	x14,-1	 x14:0xfffd5000 x14=0xfffd5000
         148237	      7310	80003e8a	030e6433	rem	x8,x28,x16	 x28:0x00000000 x16:0x00000001  x8=0x00000000
         148257	      7311	80003e8e	000bd713	srli	x14,x23,0x0	 x23:0xfffffb1c x14=0xfffffb1c
         148277	      7312	80003e92	0000100f	fence.i	
         148417	      7319	80003e96	005043b3	xor	x7,x0,x5	  x0:0x00000000  x5:0x80022e64  x7=0x80022e64
         148437	      7320	80003e9a	03f80bb3	mul	x23,x16,x31	 x16:0x00000001 x31:0xd7680b94 x23=0xd7680b94
         148457	      7321	80003e9e	0891	c.addi	x17,4	 x17:0x0000001b x17=0x0000001f
         148857	      7341	80003ea0	8d25	c.xor	x10,x9	 x10:0x00000002  x9:0x80026ce4 x10=0x80026ce6
         148877	      7342	80003ea2	8e29	c.xor	x12,x10	 x12:0xb9cc1da8 x10:0x80026ce6 x12=0x39ce714e
         149277	      7362	80003ea4	9dae	c.add	x27,x11	 x27:0x15980d8a x11:0xfffed009 x27=0x1596dd93
         149457	      7371	80003ea6	1f290313	addi	x6,x18,498	 x18:0x00000000  x6=0x000001f2
         149597	      7378	80003eaa	035210b3	mulh	x1,x4,x21	  x4:0x9000001b x21:0xa254fdf6  x1=0x28fad0da
         149617	      7379	80003eae	010dda63	bge	x27,x16,80003ec2	 x27:0x1596dd93 x16:0x00000001
         149877	      7392	80003ec2	8662	c.mv	x12,x24	  x0:0x00000000 x24:0x0000002a x12=0x0000002a
         149917	      7394	80003ec4	cf15	c.beqz	x14,80003f00	 x14:0xfffffb1c
         149937	      7395	80003ec6	0001	c.addi	x0,0	  x0:0x00000000  x0=0x00000000
         150537	      7425	80003ec8	08c20b13	addi	x22,x4,140	  x4:0x9000001b x22=0x900000a7
         150577	      7427	80003ecc	432abbb7	lui	x23,0x432ab	 x23=0x432ab000
         150657	      7431	80003ed0	00747763	bgeu	x8,x7,80003ede	  x8:0x00000000  x7:0x80022e64
         150677	      7432	80003ed4	0a4f4417	auipc	x8,0xa4f4	  x8=0x8a4f7ed4
         150697	      7433	80003ed8	c585	c.beqz	x11,80003f00	 x11:0xfffed009
         150717	      7434	80003eda	340320f3	csrrs	x1,mscratch,x6	  x6:0x000001f2  x1=0x0000001b
         151137	      7455	80003ede	40e909b3	sub	x19,x18,x14	 x18:0x00000000 x14:0xfffffb1c x19=0x000004e4
         151157	      7456	80003ee2	8f65	c.and	x14,x9	 x14:0xfffffb1c  x9:0x80026ce4 x14=0x80026804
         151197	      7458	80003ee4	01414cb3	xor	x25,x2,x20	  x2:0x80000000 x20:0x00000000 x25=0x80000000
         151217	      7459	80003ee8	03f16b63	bltu	x2,x31,80003f1e	  x2:0x80000000 x31:0xd7680b94
         151617	      7479	80003f1e	0ff0000f	fence	iorw,iorw	
         151637	      7480	80003f22	8f7d	c.and	x14,x15	 x14:0x80026804 x15:0xfffffb1c x14=0x80026804
         151657	      7481	80003f24	82857d13	andi	x26,x10,-2008	 x10:0x80026ce6 x26=0x80026820
         151837	      7490	80003f28	01c38463	beq	x7,x28,80003f30	  x7:0x80022e64 x28:0x00000000
         152577	      7527	80003f2c	026a7db3	remu	x27,x20,x6	 x20:0x00000000  x6:0x000001f2 x27=0x00000000
         153317	      7564	80003f30	02797b33	remu	x22,x18,x7	 x18:0x00000000  x7:0x80022e64 x22=0x00000000
         153337	      7565	80003f34	410886b3	sub	x13,x17,x16	 x17:0x0000001f x16:0x00000001 x13=0x0000001e
         153357	      7566	80003f38	8ef6	c.mv	x29,x29	  x0:0x00000000 x29:0x00000000 x29=0x00000000
         153377	      7567	80003f3a	0001	c.addi	x0,0	  x0:0x00000000  x0=0x00000000
         153397	      7568	80003f3c	8c2d	c.xor	x8,x11	  x8:0x8a4f7ed4 x11:0xfffed009  x8=0x75b1aedd
         153417	      7569	80003f3e	00cae0b3	or	x1,x21,x12	 x21:0xa254fdf6 x12:0x0000002a  x1=0xa254fdfe
         153437	      7570	80003f42	0001	c.addi	x0,0	  x0:0x00000000  x0=0x00000000
         153457	      7571	80003f44	0ff0000f	fence	iorw,iorw	
         153857	      7591	80003f48	8111	c.srli	x10,0x4	 x10:0x80026ce6 x10=0x080026ce
         153877	      7592	80003f4a	85ed	c.srai	x11,0x1b	 x11:0xfffed009 x11=0xffffffff
         153957	      7596	80003f4c	03613233	mulhu	x4,x2,x22	  x2:0x80000000 x22:0x00000000  x4=0x00000000
         154237	      7610	80003f50	0000100f	fence.i	
         154497	      7623	80003f54	0001	c.addi	x0,0	  x0:0x00000000  x0=0x00000000
         154577	      7627	80003f56	02c8b233	mulhu	x4,x17,x12	 x17:0x0000001f x12:0x0000002a  x4=0x00000000
         154597	      7628	80003f5a	0000100f	fence.i	
         154997	      7648	80003f5e	96867613	andi	x12,x12,-1688	 x12:0x0000002a x12=0x00000028
         155017	      7649	80003f62	8b9e	c.mv	x23,x7	  x0:0x00000000  x7:0x80022e64 x23=0x80022e64
         155617	      7679	80003f64	c27c6c13	ori	x24,x24,-985	 x24:0x0000002a x24=0xfffffc2f
         155757	      7686	80003f68	95ce	c.add	x11,x19	 x11:0xffffffff x19:0x000004e4 x11=0x000004e3
         155777	      7687	80003f6a	0001	c.addi	x0,0	  x0:0x00000000  x0=0x00000000
         155797	      7688	80003f6c	05da5463	bge	x20,x29,80003fb4	 x20:0x00000000 x29:0x00000000
         156777	      7737	80003fb4	02936833	rem	x16,x6,x9	  x6:0x000001f2  x9:0x80026ce4 x16=0x000001f2
         156797	      7738	80003fb8	0001	c.addi	x0,0	  x0:0x00000000  x0=0x00000000
         156817	      7739	80003fba	0e76	c.slli	x28,0x1d	 x28:0x00000000 x28=0x00000000
         156837	      7740	80003fbc	026001b3	mul	x3,x0,x6	  x0:0x00000000  x6:0x000001f2  x3=0x00000000
         156857	      7741	80003fc0	3407a9f3	csrrs	x19,mscratch,x15	 x15:0xfffffb1c x19=0x000001fb
         156877	      7742	80003fc4	02927b63	bgeu	x4,x9,80003ffa	  x4:0x00000000  x9:0x80026ce4
         156897	      7743	80003fc8	00380f33	add	x30,x16,x3	 x16:0x000001f2  x3:0x00000000 x30=0x000001f2
         156937	      7745	80003fcc	03581d33	mulh	x26,x16,x21	 x16:0x000001f2 x21:0xa254fdf6 x26=0xffffff49
         156977	      7747	80003fd0	03695363	bge	x18,x22,80003ff6	 x18:0x00000000 x22:0x00000000
         158577	      7827	80003ff6	039c4633	div	x12,x24,x25	 x24:0xfffffc2f x25:0x80000000 x12=0x00000000
         158597	      7828	80003ffa	001a1533	sll	x10,x20,x1	 x20:0x00000000  x1:0xa254fdfe x10=0x00000000
         158617	      7829	80003ffe	eab4f993	andi	x19,x9,-341	  x9:0x80026ce4 x19=0x80026ca0
         158657	      7831	80004002	0320fab3	remu	x21,x1,x18	  x1:0xa254fdfe x18:0x00000000 x21=0xa254fdfe
         158677	      7832	80004006	0001	c.addi	x0,0	  x0:0x00000000  x0=0x00000000
         158697	      7833	80004008	8b8d	c.andi	x15,3	 x15:0xfffffb1c x15=0x00000000
         158717	      7834	8000400a	6de9	c.lui	x27,0x1a	 x27=0x0001a000
         158737	      7835	8000400c	0118f833	and	x16,x17,x17	 x17:0x0000001f x17:0x0000001f x16=0x0000001f
         158757	      7836	80004010	34002a73	csrrs	x20,mscratch,x0	  x0:0x00000000 x20=0xfffffbff
         159557	      7876	80004014	0343e233	rem	x4,x7,x20	  x7:0x80022e64 x20:0xfffffbff  x4=0xfffffdda
         159577	      7877	80004018	2ff2ec97	auipc	x25,0x2ff2e	 x25=0xaff32018
         159597	      7878	8000401c	34007073	csrrci	x0,mscratch,0	  x0=0x00000000
         159617	      7879	80004020	034809b3	mul	x19,x16,x20	 x16:0x0000001f x20:0xfffffbff x19=0xffff83e1
         159637	      7880	80004024	00a75863	bge	x14,x10,80004034	 x14:0x80026804 x10:0x00000000
         159657	      7881	80004028	00492c33	slt	x24,x18,x4	 x18:0x00000000  x4:0xfffffdda x24=0x00000000
         159677	      7882	8000402c	03067263	bgeu	x12,x16,80004050	 x12:0x00000000 x16:0x0000001f
         159837	      7890	80004030	01c36033	or	x0,x6,x28	  x6:0x000001f2 x28:0x00000000  x0=0x00000000
         159857	      7891	80004034	34055ef3	csrrwi	x29,mscratch,10	 x29=0xfffffbff
         160077	      7902	80004038	c299	c.beqz	x13,8000403e	 x13:0x0000001e
         160357	      7916	8000403a	02d64f63	blt	x12,x13,80004078	 x12:0x00000000 x13:0x0000001e
         160997	      7948	80004078	035c9863	bne	x25,x21,800040a8	 x25:0xaff32018 x21:0xa254fdfe
         161757	      7986	800040a8	340068f3	csrrsi	x17,mscratch,0	 x17=0x0000000a
         161857	      7991	800040ac	3406a3f3	csrrs	x7,mscratch,x13	 x13:0x0000001e  x7=0x0000000a
         162117	      8004	800040b0	01d61a63	bne	x12,x29,800040c4	 x12:0x00000000 x29:0xfffffbff
         162897	      8043	800040c4	557d	c.li	x10,-1	 x10=0xffffffff
         162937	      8045	800040c6	34002d73	csrrs	x26,mscratch,x0	  x0:0x00000000 x26=0x0000001e
         162957	      8046	800040ca	340a1e73	csrrw	x28,mscratch,x20	 x20:0xfffffbff x28=0x0000001e
         162977	      8047	800040ce	8f69	c.and	x14,x10	 x14:0x80026804 x10:0xffffffff x14=0x80026804
         163157	      8056	800040d0	99fd	c.andi	x11,-1	 x11:0x000004e3 x11=0x000004e3
         163177	      8057	800040d2	40055213	srai	x4,x10,0x0	 x10:0xffffffff  x4=0xffffffff
         163197	      8058	800040d6	8b74ae13	slti	x28,x9,-1865	  x9:0x80026ce4 x28=0x00000001
         163397	      8068	800040da	0048de93	srli	x29,x17,0x4	 x17:0x0000000a x29=0x00000000
         163577	      8077	800040de	018bfa63	bgeu	x23,x24,800040f2	 x23:0x80022e64 x24:0x00000000
         164097	      8103	800040f2	035c9933	mulh	x18,x25,x21	 x25:0xaff32018 x21:0xa254fdfe x18=0x1d4a2691
         165217	      8159	800040f6	031847b3	div	x15,x16,x17	 x16:0x0000001f x17:0x0000000a x15=0x00000003
         165957	      8196	800040fa	029b4333	div	x6,x22,x9	 x22:0x00000000  x9:0x80026ce4  x6=0x00000000
         165977	      8197	800040fe	012e59b3	srl	x19,x28,x18	 x28:0x00000001 x18:0x1d4a2691 x19=0x00000000
         165997	      8198	80004102	8d2d	c.xor	x10,x11	 x10:0xffffffff x11:0x000004e3 x10=0xfffffb1c
         166017	      8199	80004104	34007ef3	csrrci	x29,mscratch,0	 x29=0xfffffbff
         166037	      8200	80004108	40a9d713	srai	x14,x19,0xa	 x19:0x00000000 x14=0x00000000
         166057	      8201	8000410c	011f9663	bne	x31,x17,80004118	 x31:0xd7680b94 x17:0x0000000a
         166717	      8234	80004118	03267a63	bgeu	x12,x18,8000414c	 x12:0x00000000 x18:0x1d4a2691
         166817	      8239	8000411c	e6ef0a37	lui	x20,0xe6ef0	 x20=0xe6ef0000
         166837	      8240	80004120	34059873	csrrw	x16,mscratch,x11	 x11:0x000004e3 x16=0xfffffbff
         166857	      8241	80004124	8ec1	c.or	x13,x8	 x13:0x0000001e  x8:0x75b1aedd x13=0x75b1aedf
         166877	      8242	80004126	8371	c.srli	x14,0x1c	 x14:0x00000000 x14=0x00000000
         166897	      8243	80004128	0899	c.addi	x17,6	 x17:0x0000000a x17=0x00000010
         167297	      8263	8000412a	00855833	srl	x16,x10,x8	 x10:0xfffffb1c  x8:0x75b1aedd x16=0x00000007
         167317	      8264	8000412e	8dc38e93	addi	x29,x7,-1828	  x7:0x0000000a x29=0xfffff8e6
         167477	      8272	80004132	340215f3	csrrw	x11,mscratch,x4	  x4:0xffffffff x11=0x000004e3
         167517	      8274	80004136	03913bb3	mulhu	x23,x2,x25	  x2:0x80000000 x25:0xaff32018 x23=0x57f9900c
         167537	      8275	8000413a	34002973	csrrs	x18,mscratch,x0	  x0:0x00000000 x18=0xffffffff
         168037	      8300	8000413e	34016573	csrrsi	x10,mscratch,2	 x10=0xffffffff
         168057	      8301	80004142	0001	c.addi	x0,0	  x0:0x00000000  x0=0x00000000
         168077	      8302	80004144	00e4d693	srli	x13,x9,0xe	  x9:0x80026ce4 x13=0x00020009
         168157	      8306	80004148	0000100f	fence.i	
         168717	      8334	8000414c	970cbf37	lui	x30,0x970cb	 x30=0x970cb000
         169137	      8355	80004150	34017ef3	csrrci	x29,mscratch,2	 x29=0xffffffff
         169157	      8356	80004154	00231a63	bne	x6,x2,80004168	  x6:0x00000000  x2:0x80000000
         169597	      8378	80004168	9cc9f793	andi	x15,x19,-1588	 x19:0x00000000 x15=0x00000000
         169677	      8382	8000416c	49cd0713	addi	x14,x26,1180	 x26:0x0000001e x14=0x000004ba
         169697	      8383	80004170	41c0d713	srai	x14,x1,0x1c	  x1:0xa254fdfe x14=0xfffffffa
         169737	      8385	80004174	006a9c13	slli	x24,x21,0x6	 x21:0xa254fdfe x24=0x953f7f80
         169757	      8386	80004178	96d2	c.add	x13,x20	 x13:0x00020009 x20:0xe6ef0000 x13=0xe6f10009
         169777	      8387	8000417a	853d	c.srai	x10,0xf	 x10:0xffffffff x10=0xffffffff
         169797	      8388	8000417c	41d60ab3	sub	x21,x12,x29	 x12:0x00000000 x29:0xffffffff x21=0x00000001
         170197	      8408	80004180	3400ebf3	csrrsi	x23,mscratch,1	 x23=0xfffffffd
         170337	      8415	80004184	0000100f	fence.i	
         183917	      9094	80004188	41c856b3	sra	x13,x16,x28	 x16:0x00000007 x28:0x00000001 x13=0x00000003
         183937	      9095	8000418c	0001	c.addi	x0,0	  x0:0x00000000  x0=0x00000000
         183957	      9096	8000418e	8285	c.srli	x13,0x1	 x13:0x00000003 x13=0x00000001
         183977	      9097	80004190	0206fc63	bgeu	x13,x0,800041c8	 x13:0x00000001  x0:0x00000000
         184257	      9111	800041c8	0152f833	and	x16,x5,x21	  x5:0x80022e64 x21:0x00000001 x16=0x00000000
         184677	      9132	800041cc	0c9e	c.slli	x25,0x7	 x25:0xaff32018 x25=0xf9900c00
         184697	      9133	800041ce	0001	c.addi	x0,0	  x0:0x00000000  x0=0x00000000
         184797	      9138	800041d0	6e54bd13	sltiu	x26,x9,1765	  x9:0x80026ce4 x26=0x00000000
         184817	      9139	800041d4	0222c363	blt	x5,x2,800041fa	  x5:0x80022e64  x2:0x80000000
         185557	      9176	800041d8	02dac833	div	x16,x21,x13	 x21:0x00000001 x13:0x00000001 x16=0x00000001
         185597	      9178	800041dc	02f1bcb3	mulhu	x25,x3,x15	  x3:0x00000000 x15:0x00000000 x25=0x00000000
         185637	      9180	800041e0	02ba9f33	mulh	x30,x21,x11	 x21:0x00000001 x11:0x000004e3 x30=0x00000000
         185657	      9181	800041e4	01775213	srli	x4,x14,0x17	 x14:0xfffffffa  x4=0x000001ff
         185677	      9182	800041e8	0001	c.addi	x0,0	  x0:0x00000000  x0=0x00000000
         185697	      9183	800041ea	03c01563	bne	x0,x28,80004214	  x0:0x00000000 x28:0x00000001
         185937	      9195	80004214	01257863	bgeu	x10,x18,80004224	 x10:0xffffffff x18:0xffffffff
         186977	      9247	80004224	0c3a	c.slli	x24,0xe	 x24:0x953f7f80 x24=0xdfe00000
         187017	      9249	80004226	41de8833	sub	x16,x29,x29	 x29:0xffffffff x29:0xffffffff x16=0x00000000
         187037	      9250	8000422a	ede3e193	ori	x3,x7,-290	  x7:0x0000000a  x3=0xfffffede
         187057	      9251	8000422e	8fc1	c.or	x15,x8	 x15:0x00000000  x8:0x75b1aedd x15=0x75b1aedd
         187417	      9269	80004230	34002b73	csrrs	x22,mscratch,x0	  x0:0x00000000 x22=0xfffffffd
         188157	      9306	80004234	024a5d33	divu	x26,x20,x4	 x20:0xe6ef0000  x4:0x000001ff x26=0x0073b158
         188177	      9307	80004238	40952937	lui	x18,0x40952	 x18=0x40952000
         188197	      9308	8000423c	0001	c.addi	x0,0	  x0:0x00000000  x0=0x00000000
         188217	      9309	8000423e	81ea	c.mv	x3,x26	  x0:0x00000000 x26:0x0073b158  x3=0x0073b158
         188237	      9310	80004240	01b22c33	slt	x24,x4,x27	  x4:0x000001ff x27:0x0001a000 x24=0x00000001
         188257	      9311	80004244	40695e93	srai	x29,x18,0x6	 x18:0x40952000 x29=0x01025480
         188277	      9312	80004248	a751c813	xori	x16,x3,-1419	  x3:0x0073b158 x16=0xff8c4b2d
         188297	      9313	8000424c	027d6963	bltu	x26,x7,8000427e	 x26:0x0073b158  x7:0x0000000a
         188317	      9314	80004250	50fd	c.li	x1,-1	  x1=0xffffffff
         188337	      9315	80004252	00417333	and	x6,x2,x4	  x2:0x80000000  x4:0x000001ff  x6=0x00000000
         188357	      9316	80004256	8e3d	c.xor	x12,x15	 x12:0x00000000 x15:0x75b1aedd x12=0x75b1aedd
         188457	      9321	80004258	01f4e463	bltu	x9,x31,80004260	  x9:0x80026ce4 x31:0xd7680b94
         189637	      9380	80004260	03a3ea33	rem	x20,x7,x26	  x7:0x0000000a x26:0x0073b158 x20=0x0000000a
         189657	      9381	80004264	01d79363	bne	x15,x29,8000426a	 x15:0x75b1aedd x29:0x01025480
         189717	      9384	8000426a	413c5c93	srai	x25,x24,0x13	 x24:0x00000001 x25=0x00000000
         189737	      9385	8000426e	01907733	and	x14,x0,x25	  x0:0x00000000 x25:0x00000000 x14=0x00000000
         189757	      9386	80004272	38ec0413	addi	x8,x24,910	 x24:0x00000001  x8=0x0000038f
         189997	      9398	80004276	01b349b3	xor	x19,x6,x27	  x6:0x00000000 x27:0x0001a000 x19=0x0001a000
         190017	      9399	8000427a	34007673	csrrci	x12,mscratch,0	 x12=0xfffffffd
         190137	      9405	8000427e	00351e93	slli	x29,x10,0x3	 x10:0xffffffff x29=0xfffffff8
         190157	      9406	80004282	008e1233	sll	x4,x28,x8	 x28:0x00000001  x8:0x0000038f  x4=0x00008000
         190197	      9408	80004286	03f91bb3	mulh	x23,x18,x31	 x18:0x40952000 x31:0xd7680b94 x23=0xf5c25d60
         190217	      9409	8000428a	248b3793	sltiu	x15,x22,584	 x22:0xfffffffd x15=0x00000000
         190237	      9410	8000428e	8b72	c.mv	x22,x28	  x0:0x00000000 x28:0x00000001 x22=0x00000001
         190257	      9411	80004290	8c21	c.xor	x8,x8	  x8:0x0000038f  x8:0x0000038f  x8=0x00000000
         190277	      9412	80004292	340d65f3	csrrsi	x11,mscratch,26	 x11=0xfffffffd
         190297	      9413	80004296	8fe5	c.and	x15,x9	 x15:0x00000000  x9:0x80026ce4 x15=0x00000000
         190317	      9414	80004298	0ac2	c.slli	x21,0x10	 x21:0x00000001 x21=0x00010000
         190337	      9415	8000429a	8dfd	c.and	x11,x15	 x11:0xfffffffd x15:0x00000000 x11=0x00000000
         190357	      9416	8000429c	272f7d93	andi	x27,x30,626	 x30:0x00000000 x27=0x00000000
         190497	      9423	800042a0	01c69933	sll	x18,x13,x28	 x13:0x00000001 x28:0x00000001 x18=0x00000002
         190717	      9434	800042a4	5b7d	c.li	x22,-1	 x22=0xffffffff
         190757	      9436	800042a6	02fb68b3	rem	x17,x22,x15	 x22:0xffffffff x15:0x00000000 x17=0xffffffff
         191157	      9456	800042aa	34017d73	csrrci	x26,mscratch,2	 x26=0xffffffff
         191497	      9473	800042ae	40c50cb3	sub	x25,x10,x12	 x10:0xffffffff x12:0xfffffffd x25=0x00000002
         191517	      9474	800042b2	8ecd	c.or	x13,x11	 x13:0x00000001 x11:0x00000000 x13=0x00000001
         191537	      9475	800042b4	3402b673	csrrc	x12,mscratch,x5	  x5:0x80022e64 x12=0xfffffffd
         191937	      9495	800042b8	03208fb3	mul	x31,x1,x18	  x1:0xffffffff x18:0x00000002 x31=0xfffffffe
         192017	      9499	800042bc	34007073	csrrci	x0,mscratch,0	  x0=0x00000000
         192037	      9500	800042c0	828d	c.srli	x13,0x3	 x13:0x00000001 x13=0x00000000
         192397	      9518	800042c2	02c0a6b3	mulhsu	x13,x1,x12	  x1:0xffffffff x12:0xfffffffd x13=0xffffffff
         192417	      9519	800042c6	01ec5713	srli	x14,x24,0x1e	 x24:0x00000001 x14=0x00000000
         192437	      9520	800042ca	8d2d	c.xor	x10,x11	 x10:0xffffffff x11:0x00000000 x10=0xffffffff
         192457	      9521	800042cc	98fa	c.add	x17,x30	 x17:0xffffffff x30:0x00000000 x17=0xffffffff
         192537	      9525	800042ce	c03fe093	ori	x1,x31,-1021	 x31:0xfffffffe  x1=0xffffffff
         192937	      9545	800042d2	34007773	csrrci	x14,mscratch,0	 x14=0x7ffdd199
         192957	      9546	800042d6	8b45	c.andi	x14,17	 x14:0x7ffdd199 x14=0x00000011
         193037	      9550	800042d8	e811	c.bnez	x8,800042ec	  x8:0x00000000
         193317	      9564	800042da	34002a73	csrrs	x20,mscratch,x0	  x0:0x00000000 x20=0x7ffdd199
         193337	      9565	800042de	34002ff3	csrrs	x31,mscratch,x0	  x0:0x00000000 x31=0x7ffdd199
         193357	      9566	800042e2	018e1413	slli	x8,x28,0x18	 x28:0x00000001  x8=0x01000000
         193557	      9576	800042e6	016c0963	beq	x24,x22,800042f8	 x24:0x00000001 x22:0xffffffff
         193577	      9577	800042ea	85f5	c.srai	x11,0x1d	 x11:0x00000000 x11=0x00000000
         193597	      9578	800042ec	03f40263	beq	x8,x31,80004310	  x8:0x01000000 x31:0x7ffdd199
         193757	      9586	800042f0	ef89	c.bnez	x15,8000430a	 x15:0x00000000
         193777	      9587	800042f2	1f7d	c.addi	x30,-1	 x30:0x00000000 x30=0xffffffff
         193797	      9588	800042f4	f3707d93	andi	x27,x0,-201	  x0:0x00000000 x27=0x00000000
         193817	      9589	800042f8	424f4793	xori	x15,x30,1060	 x30:0xffffffff x15=0xfffffbdb
         193837	      9590	800042fc	0ff0000f	fence	iorw,iorw	
         194037	      9600	80004300	0333c763	blt	x7,x19,8000432e	  x7:0x0000000a x19:0x0001a000
         196277	      9712	8000432e	033ac333	div	x6,x21,x19	 x21:0x00010000 x19:0x0001a000  x6=0x00000000
         196297	      9713	80004332	003758b3	srl	x17,x14,x3	 x14:0x00000011  x3:0x0073b158 x17=0x00000000
         196317	      9714	80004336	9bfd	c.andi	x15,-1	 x15:0xfffffbdb x15=0xfffffbdb
         196337	      9715	80004338	00e1cbb3	xor	x23,x3,x14	  x3:0x0073b158 x14:0x00000011 x23=0x0073b149
         196357	      9716	8000433c	03ae8933	mul	x18,x29,x26	 x29:0xfffffff8 x26:0xffffffff x18=0x00000008
         196377	      9717	80004340	010ad193	srli	x3,x21,0x10	 x21:0x00010000  x3=0x00000001
         196397	      9718	80004344	1ef74a97	auipc	x21,0x1ef74	 x21=0x9ef78344
         196417	      9719	80004348	8e05	c.sub	x12,x9	 x12:0xfffffffd  x9:0x80026ce4 x12=0x7ffd9319
         196437	      9720	8000434a	023c5d63	bge	x24,x3,80004384	 x24:0x00000001  x3:0x00000001
         196797	      9738	80004384	011a6263	bltu	x20,x17,80004388	 x20:0x7ffdd199 x17:0x00000000
         197057	      9751	80004388	0001	c.addi	x0,0	  x0:0x00000000  x0=0x00000000
         197077	      9752	8000438a	01ea	c.slli	x3,0x1a	  x3:0x00000001  x3=0x04000000
         197097	      9753	8000438c	0ff0000f	fence	iorw,iorw	
         197157	      9756	80004390	00b87333	and	x6,x16,x11	 x16:0xff8c4b2d x11:0x00000000  x6=0x00000000
         197177	      9757	80004394	8ee1	c.and	x13,x8	 x13:0xffffffff  x8:0x01000000 x13=0x01000000
         197197	      9758	80004396	91c2	c.add	x3,x16	  x3:0x04000000 x16:0xff8c4b2d  x3=0x038c4b2d
         197337	      9765	80004398	34002973	csrrs	x18,mscratch,x0	  x0:0x00000000 x18=0x7ffdd199
         197357	      9766	8000439c	34019473	csrrw	x8,mscratch,x3	  x3:0x038c4b2d  x8=0x7ffdd199
         197437	      9770	800043a0	40655993	srai	x19,x10,0x6	 x10:0xffffffff x19=0xffffffff
         197777	      9787	800043a4	8977ce13	xori	x28,x15,-1897	 x15:0xfffffbdb x28=0x0000034c
         197837	      9790	800043a8	0001	c.addi	x0,0	  x0:0x00000000  x0=0x00000000
         198017	      9799	800043aa	c06e76b7	lui	x13,0xc06e7	 x13=0xc06e7000
         198217	      9809	800043ae	a57dea93	ori	x21,x27,-1449	 x27:0x00000000 x21=0xfffffa57
         198237	      9810	800043b2	953a	c.add	x10,x14	 x10:0xffffffff x14:0x00000011 x10=0x00000010
         198257	      9811	800043b4	83e1	c.srli	x15,0x18	 x15:0xfffffbdb x15=0x000000ff
         198277	      9812	800043b6	8b7d	c.andi	x14,31	 x14:0x00000011 x14=0x00000011
         198497	      9823	800043b8	50120193	addi	x3,x4,1281	  x4:0x00008000  x3=0x00008501
         198677	      9832	800043bc	00ee5733	srl	x14,x28,x14	 x28:0x0000034c x14:0x00000011 x14=0x00000000
         199037	      9850	800043c0	8206	c.mv	x4,x1	  x0:0x00000000  x1:0xffffffff  x4=0xffffffff
         199057	      9851	800043c2	0000100f	fence.i	
         200037	      9900	800043c6	340067f3	csrrsi	x15,mscratch,0	 x15=0x038c4b2d
         200057	      9901	800043ca	8789	c.srai	x15,0x2	 x15:0x038c4b2d x15=0x00e312cb
         200077	      9902	800043cc	019bf633	and	x12,x23,x25	 x23:0x0073b149 x25:0x00000002 x12=0x00000000
         200097	      9903	800043d0	c031	c.beqz	x8,80004414	  x8:0x7ffdd199
         200117	      9904	800043d2	8e92	c.mv	x29,x4	  x0:0x00000000  x4:0xffffffff x29=0xffffffff
         200137	      9905	800043d4	01aca633	slt	x12,x25,x26	 x25:0x00000002 x26:0xffffffff x12=0x00000000
         200177	      9907	800043d8	41eb5193	srai	x3,x22,0x1e	 x22:0xffffffff  x3=0xffffffff
         200917	      9944	800043dc	028867b3	rem	x15,x16,x8	 x16:0xff8c4b2d  x8:0x7ffdd199 x15=0xff8c4b2d
         200937	      9945	800043e0	4365	c.li	x6,25	  x6=0x00000019
         200957	      9946	800043e2	41150c33	sub	x24,x10,x17	 x10:0x00000010 x17:0x00000000 x24=0x00000010
         200977	      9947	800043e6	01817233	and	x4,x2,x24	  x2:0x80000000 x24:0x00000010  x4=0x00000000
         201017	      9949	800043ea	0307b7b3	mulhu	x15,x15,x16	 x15:0xff8c4b2d x16:0xff8c4b2d x15=0xff18caa5
         201037	      9950	800043ee	0ff0000f	fence	iorw,iorw	
         201057	      9951	800043f2	997e	c.add	x18,x31	 x18:0x7ffdd199 x31:0x7ffdd199 x18=0xfffba332
         201077	      9952	800043f4	e021	c.bnez	x8,80004434	  x8:0x7ffdd199
         201517	      9974	80004434	02401363	bne	x0,x4,8000445a	  x0:0x00000000  x4:0x00000000
         201537	      9975	80004438	0862	c.slli	x16,0x18	 x16:0xff8c4b2d x16=0x2d000000
         201597	      9978	8000443a	cf3ecfb7	lui	x31,0xcf3ec	 x31=0xcf3ec000
         202397	     10018	8000443e	03f6edb3	rem	x27,x13,x31	 x13:0xc06e7000 x31:0xcf3ec000 x27=0xf12fb000
         202417	     10019	80004442	34066773	csrrsi	x14,mscratch,12	 x14=0x038c4b2d
         202437	     10020	80004446	419c8ab3	sub	x21,x25,x25	 x25:0x00000002 x25:0x00000002 x21=0x00000000
         202457	     10021	8000444a	959e	c.add	x11,x7	 x11:0x00000000  x7:0x0000000a x11=0x0000000a
         202477	     10022	8000444c	01a35013	srli	x0,x6,0x1a	  x6:0x00000019  x0=0x00000000
         202497	     10023	80004450	0005c833	xor	x16,x11,x0	 x11:0x0000000a  x0:0x00000000 x16=0x0000000a
         202517	     10024	80004454	009b9663	bne	x23,x9,80004460	 x23:0x0073b149  x9:0x80026ce4
         202877	     10042	80004460	d0fc4a93	xori	x21,x24,-753	 x24:0x00000010 x21=0xfffffd1f
         203297	     10063	80004464	41505e93	srai	x29,x0,0x15	  x0:0x00000000 x29=0x00000000
         203437	     10070	80004468	00bc1793	slli	x15,x24,0xb	 x24:0x00000010 x15=0x00008000
         203457	     10071	8000446c	e019	c.bnez	x8,80004472	  x8:0x7ffdd199
         204617	     10129	80004472	03c7f733	remu	x14,x15,x28	 x15:0x00008000 x28:0x0000034c x14=0x000002b8
         204637	     10130	80004476	00fb5a63	bge	x22,x15,8000448a	 x22:0xffffffff x15:0x00008000
         204657	     10131	8000447a	34076273	csrrsi	x4,mscratch,14	  x4=0x038c4b2d
         204677	     10132	8000447e	0443e563	bltu	x7,x4,800044c8	  x7:0x0000000a  x4:0x038c4b2d
         204777	     10137	800044c8	097e	c.slli	x18,0x1f	 x18:0xfffba332 x18=0x00000000
         204977	     10147	800044ca	03f08533	mul	x10,x1,x31	  x1:0xffffffff x31:0xcf3ec000 x10=0x30c14000
         204997	     10148	800044ce	8fcd	c.or	x15,x11	 x15:0x00008000 x11:0x0000000a x15=0x0000800a
         205077	     10152	800044d0	03658d33	mul	x26,x11,x22	 x11:0x0000000a x22:0xffffffff x26=0xfffffff6
         205097	     10153	800044d4	1f7d	c.addi	x30,-1	 x30:0xffffffff x30=0xfffffffe
         205257	     10161	800044d6	03115ab3	divu	x21,x2,x17	  x2:0x80000000 x17:0x00000000 x21=0xffffffff
         205277	     10162	800044da	6a11	c.lui	x20,0x4	 x20=0x00004000
         205317	     10164	800044dc	02d5a433	mulhsu	x8,x11,x13	 x11:0x0000000a x13:0xc06e7000  x8=0x00000007
         205357	     10166	800044e0	02e27a63	bgeu	x4,x14,80004514	  x4:0x038c4b2d x14:0x000002b8
         206197	     10208	80004514	340c67f3	csrrsi	x15,mscratch,24	 x15=0x038c4b2f
         206377	     10217	80004518	8fc9	c.or	x15,x10	 x15:0x038c4b2f x10:0x30c14000 x15=0x33cd4b2f
         209477	     10372	8000451a	b3d52013	slti	x0,x10,-1219	 x10:0x30c14000  x0=0x00000000
         209497	     10373	8000451e	34019cf3	csrrw	x25,mscratch,x3	  x3:0xffffffff x25=0x038c4b3f
         209517	     10374	80004522	014b01b3	add	x3,x22,x20	 x22:0xffffffff x20:0x00004000  x3=0x00003fff
         209537	     10375	80004526	9c0e	c.add	x24,x3	 x24:0x00000010  x3:0x00003fff x24=0x0000400f
         209557	     10376	80004528	b17b3e93	sltiu	x29,x22,-1257	 x22:0xffffffff x29=0x00000000
         209597	     10378	8000452c	036133b3	mulhu	x7,x2,x22	  x2:0x80000000 x22:0xffffffff  x7=0x7fffffff
         209617	     10379	80004530	01734963	blt	x6,x23,80004542	  x6:0x00000019 x23:0x0073b149
         210297	     10413	80004542	0001	c.addi	x0,0	  x0:0x00000000  x0=0x00000000
         210317	     10414	80004544	54a6cb37	lui	x22,0x54a6c	 x22=0x54a6c000
         210337	     10415	80004548	05fa7163	bgeu	x20,x31,8000458a	 x20:0x00004000 x31:0xcf3ec000
         210357	     10416	8000454c	8df1	c.and	x11,x12	 x11:0x0000000a x12:0x00000000 x11=0x00000000
         210777	     10437	8000454e	00fbb733	sltu	x14,x23,x15	 x23:0x0073b149 x15:0x33cd4b2f x14=0x00000001
         210797	     10438	80004552	8da1	c.xor	x11,x8	 x11:0x00000000  x8:0x00000007 x11=0x00000007
         211657	     10481	80004554	02625733	divu	x14,x4,x6	  x4:0x038c4b2d  x6:0x00000019 x14=0x002454ed
         211677	     10482	80004558	840d	c.srai	x8,0x3	  x8:0x00000007  x8=0x00000000
         211777	     10487	8000455a	7a4fef13	ori	x30,x31,1956	 x31:0xcf3ec000 x30=0xcf3ec7a4
         211957	     10496	8000455e	340595f3	csrrw	x11,mscratch,x11	 x11:0x00000007 x11=0xffffffff
         211977	     10497	80004562	40f300b3	sub	x1,x6,x15	  x6:0x00000019 x15:0x33cd4b2f  x1=0xcc32b4ea
         212717	     10534	80004566	03e670b3	remu	x1,x12,x30	 x12:0x00000000 x30:0xcf3ec7a4  x1=0x00000000
         212737	     10535	8000456a	02ac8433	mul	x8,x25,x10	 x25:0x038c4b3f x10:0x30c14000  x8=0x9d4ec000
         212757	     10536	8000456e	0add0d97	auipc	x27,0xadd0	 x27=0x8add456e
         212797	     10538	80004572	02c86d33	rem	x26,x16,x12	 x16:0x0000000a x12:0x00000000 x26=0x0000000a
         212817	     10539	80004576	00ab6c63	bltu	x22,x10,8000458e	 x22:0x54a6c000 x10:0x30c14000
         212837	     10540	8000457a	4170d0b3	sra	x1,x1,x23	  x1:0x00000000 x23:0x0073b149  x1=0x00000000
         213257	     10561	8000457e	0ff0000f	fence	iorw,iorw	
         213357	     10566	80004582	340023f3	csrrs	x7,mscratch,x0	  x0:0x00000000  x7=0x00000007
         213757	     10586	80004586	34003973	csrrc	x18,mscratch,x0	  x0:0x00000000 x18=0x00000007
         214897	     10643	8000458a	022f5db3	divu	x27,x30,x2	 x30:0xcf3ec7a4  x2:0x80000000 x27=0x00000001
         214917	     10644	8000458e	0461	c.addi	x8,24	  x8:0x9d4ec000  x8=0x9d4ec018
         214937	     10645	80004590	34002df3	csrrs	x27,mscratch,x0	  x0:0x00000000 x27=0x00000007
         214957	     10646	80004594	00335ab3	srl	x21,x6,x3	  x6:0x00000019  x3:0x00003fff x21=0x00000000
         214977	     10647	80004598	03f600b3	mul	x1,x12,x31	 x12:0x00000000 x31:0xcf3ec000  x1=0x00000000
         214997	     10648	8000459c	9afd	c.andi	x13,-1	 x13:0xc06e7000 x13=0xc06e7000
         215017	     10649	8000459e	008375b3	and	x11,x6,x8	  x6:0x00000019  x8:0x9d4ec018 x11=0x00000018
         215037	     10650	800045a2	c71dbe13	sltiu	x28,x27,-911	 x27:0x00000007 x28=0x00000001
         215077	     10652	800045a6	015d7bb3	and	x23,x26,x21	 x26:0x0000000a x21:0x00000000 x23=0x00000000
         216077	     10702	800045aa	0332f533	remu	x10,x5,x19	  x5:0x80022e64 x19:0xffffffff x10=0x80022e64
         216097	     10703	800045ae	01b2f0b3	and	x1,x5,x27	  x5:0x80022e64 x27:0x00000007  x1=0x00000004
         216117	     10704	800045b2	00136fb3	or	x31,x6,x1	  x6:0x00000019  x1:0x00000004 x31=0x0000001d
         216137	     10705	800045b6	00236f33	or	x30,x6,x2	  x6:0x00000019  x2:0x80000000 x30=0x80000019
         216157	     10706	800045ba	004b5eb3	srl	x29,x22,x4	 x22:0x54a6c000  x4:0x038c4b2d x29=0x0002a536
         216177	     10707	800045be	9e3a	c.add	x28,x14	 x28:0x00000001 x14:0x002454ed x28=0x002454ee
         216197	     10708	800045c0	340061f3	csrrsi	x3,mscratch,0	  x3=0x00000007
         216217	     10709	800045c4	8821	c.andi	x8,8	  x8:0x9d4ec018  x8=0x00000008
         216237	     10710	800045c6	8c75	c.and	x8,x13	  x8:0x00000008 x13:0xc06e7000  x8=0x00000000
         216337	     10715	800045c8	af4e4c97	auipc	x25,0xaf4e4	 x25=0x2f4e85c8
         216457	     10721	800045cc	01925b63	bge	x4,x25,800045e2	  x4:0x038c4b2d x25:0x2f4e85c8
         216477	     10722	800045d0	837d	c.srli	x14,0x1f	 x14:0x002454ed x14=0x00000000
         216497	     10723	800045d2	04dbc063	blt	x23,x13,80004612	 x23:0x00000000 x13:0xc06e7000
         216517	     10724	800045d6	0353ef63	bltu	x7,x21,80004614	  x7:0x00000007 x21:0x00000000
         216777	     10737	800045da	340039f3	csrrc	x19,mscratch,x0	  x0:0x00000000 x19=0x00000007
         216797	     10738	800045de	02cb0c33	mul	x24,x22,x12	 x22:0x54a6c000 x12:0x00000000 x24=0x00000000
         216817	     10739	800045e2	028c1963	bne	x24,x8,80004614	 x24:0x00000000  x8:0x00000000
         216897	     10743	800045e6	340093f3	csrrw	x7,mscratch,x1	  x1:0x00000004  x7=0x00000007
         217277	     10762	800045ea	011a1cb3	sll	x25,x20,x17	 x20:0x00004000 x17:0x00000000 x25=0x00004000
         217697	     10783	800045ee	34089673	csrrw	x12,mscratch,x17	 x17:0x00000000 x12=0x00000004
         217717	     10784	800045f2	8e19	c.sub	x12,x14	 x12:0x00000004 x14:0x00000000 x12=0x00000004
         217737	     10785	800045f4	00202a33	slt	x20,x0,x2	  x0:0x00000000  x2:0x80000000 x20=0x00000000
         218137	     10805	800045f8	f4237a93	andi	x21,x6,-190	  x6:0x00000019 x21=0x00000000
         218157	     10806	800045fc	1bfd	c.addi	x23,-1	 x23:0x00000000 x23=0xffffffff
         218177	     10807	800045fe	00ec1393	slli	x7,x24,0xe	 x24:0x00000000  x7=0x00000000
         218357	     10816	80004602	015a9d13	slli	x26,x21,0x15	 x21:0x00000000 x26=0x00000000
         218377	     10817	80004606	0001	c.addi	x0,0	  x0:0x00000000  x0=0x00000000
         218397	     10818	80004608	340310f3	csrrw	x1,mscratch,x6	  x6:0x00000019  x1=0x00000000
         218797	     10838	8000460c	00605233	srl	x4,x0,x6	  x0:0x00000000  x6:0x00000019  x4=0x00000000
         218817	     10839	80004610	0001	c.addi	x0,0	  x0:0x00000000  x0=0x00000000
         218837	     10840	80004612	836d	c.srli	x14,0x1b	 x14:0x00000000 x14=0x00000000
         219237	     10860	80004614	03520a63	beq	x4,x21,80004648	  x4:0x00000000 x21:0x00000000
         220037	     10900	80004648	005e5463	bge	x28,x5,80004650	 x28:0x002454ee  x5:0x80022e64
         221137	     10955	80004650	8d7e	c.mv	x26,x31	  x0:0x00000000 x31:0x0000001d x26=0x0000001d
         221157	     10956	80004652	8ea1	c.xor	x13,x8	 x13:0xc06e7000  x8:0x00000000 x13=0xc06e7000
         221177	     10957	80004654	0019f863	bgeu	x19,x1,80004664	 x19:0x00000007  x1:0x00000000
         221517	     10974	80004664	01e11263	bne	x2,x30,80004668	  x2:0x80000000 x30:0x80000019
         221997	     10998	80004668	0341bf33	mulhu	x30,x3,x20	  x3:0x00000007 x20:0x00000000 x30=0x00000000
         222037	     11000	8000466c	02b8b3b3	mulhu	x7,x17,x11	 x17:0x00000000 x11:0x00000018  x7=0x00000000
         222437	     11020	80004670	8b25e593	ori	x11,x11,-1870	 x11:0x00000018 x11=0xfffff8ba
         222457	     11021	80004674	8e89	c.sub	x13,x10	 x13:0xc06e7000 x10:0x80022e64 x13=0x406c419c
         222477	     11022	80004676	0a62	c.slli	x20,0x18	 x20:0x00000000 x20=0x00000000
         222497	     11023	80004678	5bfd	c.li	x23,-1	 x23=0xffffffff
         222517	     11024	8000467a	0114ce63	blt	x9,x17,80004696	  x9:0x80026ce4 x17:0x00000000
         223097	     11053	80004696	08e6	c.slli	x17,0x19	 x17:0x00000000 x17=0x00000000
         223237	     11060	80004698	82b97213	andi	x4,x18,-2005	 x18:0x00000007  x4=0x00000003
         223257	     11061	8000469c	7b392a17	auipc	x20,0x7b392	 x20=0xfb39669c
         223377	     11067	800046a0	014a1d93	slli	x27,x20,0x14	 x20:0xfb39669c x27=0x69c00000
         223397	     11068	800046a4	34049673	csrrw	x12,mscratch,x9	  x9:0x80026ce4 x12=0x00000019
         223837	     11090	800046a8	0314ccb3	div	x25,x9,x17	  x9:0x80026ce4 x17:0x00000000 x25=0xffffffff
         223857	     11091	800046ac	00c60033	add	x0,x12,x12	 x12:0x00000019 x12:0x00000019  x0=0x00000000
         224257	     11111	800046b0	01fad663	bge	x21,x31,800046bc	 x21:0x00000000 x31:0x0000001d
         224277	     11112	800046b4	01281db3	sll	x27,x16,x18	 x16:0x0000000a x18:0x00000007 x27=0x00000500
         224397	     11118	800046b8	9670c513	xori	x10,x1,-1689	  x1:0x00000000 x10=0xfffff967
         224417	     11119	800046bc	01175033	srl	x0,x14,x17	 x14:0x00000000 x17:0x00000000  x0=0x00000000
         224437	     11120	800046c0	0001	c.addi	x0,0	  x0:0x00000000  x0=0x00000000
         224457	     11121	800046c2	97a8f713	andi	x14,x17,-1670	 x17:0x00000000 x14=0x00000000
         224477	     11122	800046c6	01d1afb3	slt	x31,x3,x29	  x3:0x00000007 x29:0x0002a536 x31=0x00000001
         224497	     11123	800046ca	340ade73	csrrwi	x28,mscratch,21	 x28=0x80026ce4
         224557	     11126	800046ce	01e35613	srli	x12,x6,0x1e	  x6:0x00000019 x12=0x00000000
         224577	     11127	800046d2	0001	c.addi	x0,0	  x0:0x00000000  x0=0x00000000
         224617	     11129	800046d4	340067f3	csrrsi	x15,mscratch,0	 x15=0x00000015
         224637	     11130	800046d8	8eb9	c.xor	x13,x14	 x13:0x406c419c x14:0x00000000 x13=0x406c419c
         224797	     11138	800046da	340fb3f3	csrrc	x7,mscratch,x31	 x31:0x00000001  x7=0x00000015
         224877	     11142	800046de	f0334913	xori	x18,x6,-253	  x6:0x00000019 x18=0xffffff1a
         224897	     11143	800046e2	013fb1b3	sltu	x3,x31,x19	 x31:0x00000001 x19:0x00000007  x3=0x00000001
         225317	     11164	800046e6	00390ab3	add	x21,x18,x3	 x18:0xffffff1a  x3:0x00000001 x21=0xffffff1b
         225737	     11185	800046ea	774ffd13	andi	x26,x31,1908	 x31:0x00000001 x26=0x00000000
         225757	     11186	800046ee	4445	c.li	x8,17	  x8=0x00000011
         225777	     11187	800046f0	38cf6a93	ori	x21,x30,908	 x30:0x00000000 x21=0x0000038c
         226177	     11207	800046f4	6aa1	c.lui	x21,0x8	 x21=0x00008000
         226237	     11210	800046f6	00dda333	slt	x6,x27,x13	 x27:0x00000500 x13:0x406c419c  x6=0x00000001
         226357	     11216	800046fa	410ad813	srai	x16,x21,0x10	 x21:0x00008000 x16=0x00000000
         226777	     11237	800046fe	023d1b33	mulh	x22,x26,x3	 x26:0x00000000  x3:0x00000001 x22=0x00000000
         226797	     11238	80004702	34002e73	csrrs	x28,mscratch,x0	  x0:0x00000000 x28=0x00000014
         226817	     11239	80004706	ca9d	c.beqz	x13,8000473c	 x13:0x406c419c
         226837	     11240	80004708	340d78f3	csrrci	x17,mscratch,26	 x17=0x00000014
         226877	     11242	8000470c	34002773	csrrs	x14,mscratch,x0	  x0:0x00000000 x14=0x00000004
         226897	     11243	80004710	34003ff3	csrrc	x31,mscratch,x0	  x0:0x00000000 x31=0x00000004
         226917	     11244	80004714	9a7d	c.andi	x12,-1	 x12:0x00000000 x12=0x00000000
         226977	     11247	80004716	0116bcb3	sltu	x25,x13,x17	 x13:0x406c419c x17:0x00000014 x25=0x00000000
         226997	     11248	8000471a	9c9a	c.add	x25,x6	 x25:0x00000000  x6:0x00000001 x25=0x00000001
         227017	     11249	8000471c	41b6df33	sra	x30,x13,x27	 x13:0x406c419c x27:0x00000500 x30=0x406c419c
         227037	     11250	80004720	03f2cf63	blt	x5,x31,8000475e	  x5:0x80022e64 x31:0x00000004
         227597	     11278	8000475e	00fbd663	bge	x23,x15,8000476a	 x23:0xffffffff x15:0x00000015
         228437	     11320	80004762	03f35833	divu	x16,x6,x31	  x6:0x00000001 x31:0x00000004 x16=0x00000000
         228477	     11322	80004766	03a23b33	mulhu	x22,x4,x26	  x4:0x00000003 x26:0x00000000 x22=0x00000000
         228497	     11323	8000476a	c3a6c793	xori	x15,x13,-966	 x13:0x406c419c x15=0xbf93bda6
         228517	     11324	8000476e	015d9613	slli	x12,x27,0x15	 x27:0x00000500 x12=0xa0000000
         228537	     11325	80004772	078a	c.slli	x15,0x2	 x15:0xbf93bda6 x15=0xfe4ef698
         228557	     11326	80004774	8efd	c.and	x13,x15	 x13:0x406c419c x15:0xfe4ef698 x13=0x404c4098
         228577	     11327	80004776	e019	c.bnez	x8,8000477c	  x8:0x00000011
         229637	     11380	8000477c	01b11d93	slli	x27,x2,0x1b	  x2:0x80000000 x27=0x00000000
         229677	     11382	80004780	0037ac33	slt	x24,x15,x3	 x15:0xfe4ef698  x3:0x00000001 x24=0x00000001
         229697	     11383	80004784	0001	c.addi	x0,0	  x0:0x00000000  x0=0x00000000
         230437	     11420	80004786	03e576b3	remu	x13,x10,x30	 x10:0xfffff967 x30:0x406c419c x13=0x3ebb3493
         230457	     11421	8000478a	91a2	c.add	x3,x8	  x3:0x00000001  x8:0x00000011  x3=0x00000012
         230477	     11422	8000478c	02e30c63	beq	x6,x14,800047c4	  x6:0x00000001 x14:0x00000004
         230497	     11423	80004790	03b9cc63	blt	x19,x27,800047c8	 x19:0x00000007 x27:0x00000000
         230517	     11424	80004794	0142c9b3	xor	x19,x5,x20	  x5:0x80022e64 x20:0xfb39669c x19=0x7b3b48f8
         230537	     11425	80004798	90816c13	ori	x24,x2,-1784	  x2:0x80000000 x24=0xfffff908
         230557	     11426	8000479c	7362e5b7	lui	x11,0x7362e	 x11=0x7362e000
         230597	     11428	800047a0	23fc8b97	auipc	x23,0x23fc8	 x23=0xa3fcc7a0
         230637	     11430	800047a4	0216bd33	mulhu	x26,x13,x1	 x13:0x3ebb3493  x1:0x00000000 x26=0x00000000
         230817	     11439	800047a8	00df8333	add	x6,x31,x13	 x31:0x00000004 x13:0x3ebb3493  x6=0x3ebb3497
         231237	     11460	800047ac	a3f36893	ori	x17,x6,-1473	  x6:0x3ebb3497 x17=0xfffffebf
         231257	     11461	800047b0	34007573	csrrci	x10,mscratch,0	 x10=0x00000004
         231277	     11462	800047b4	02f6db63	bge	x13,x15,800047ea	 x13:0x3ebb3493 x15:0xfe4ef698
         231497	     11473	800047ea	72e24b93	xori	x23,x4,1838	  x4:0x00000003 x23=0x0000072d
         231517	     11474	800047ee	8c69	c.and	x8,x10	  x8:0x00000011 x10:0x00000004  x8=0x00000000
         231577	     11477	800047f0	41ad5d13	srai	x26,x26,0x1a	 x26:0x00000000 x26=0x00000000
         231997	     11498	800047f4	0ff0000f	fence	iorw,iorw	
         232017	     11499	800047f8	000fdc63	bge	x31,x0,80004810	 x31:0x00000004  x0:0x00000000
         232657	     11531	80004810	340060f3	csrrsi	x1,mscratch,0	  x1=0x00000004
         232677	     11532	80004814	3404a273	csrrs	x4,mscratch,x9	  x9:0x80026ce4  x4=0x00000004
         232697	     11533	80004818	3403b8f3	csrrc	x17,mscratch,x7	  x7:0x00000015 x17=0x80026ce4
         233557	     11576	8000481c	03f2d7b3	divu	x15,x5,x31	  x5:0x80022e64 x31:0x00000004 x15=0x20008b99
         233577	     11577	80004820	34006e73	csrrsi	x28,mscratch,0	 x28=0x80026ce0
         233597	     11578	80004824	01f85863	bge	x16,x31,80004834	 x16:0x00000000 x31:0x00000004
         233617	     11579	80004828	3403a873	csrrs	x16,mscratch,x7	  x7:0x00000015 x16=0x80026ce0
         233697	     11583	8000482c	0187db63	bge	x15,x24,80004842	 x15:0x20008b99 x24:0xfffff908
         234237	     11610	80004842	0164c0b3	xor	x1,x9,x22	  x9:0x80026ce4 x22:0x00000000  x1=0x80026ce4
         234517	     11624	80004846	a998b993	sltiu	x19,x17,-1383	 x17:0x80026ce4 x19=0x00000001
         234537	     11625	8000484a	e62c2e13	slti	x28,x24,-414	 x24:0xfffff908 x28=0x00000001
         234557	     11626	8000484e	7ca2e693	ori	x13,x5,1994	  x5:0x80022e64 x13=0x80022fee
         234597	     11628	80004852	03bb4e33	div	x28,x22,x27	 x22:0x00000000 x27:0x00000000 x28=0xffffffff
         234617	     11629	80004856	00273fb3	sltu	x31,x14,x2	 x14:0x00000004  x2:0x80000000 x31=0x00000001
         234637	     11630	8000485a	8115	c.srli	x10,0x5	 x10:0x00000004 x10=0x00000000
         235017	     11649	8000485c	43d9	c.li	x7,22	  x7=0x00000016
         235037	     11650	8000485e	40e15d93	srai	x27,x2,0xe	  x2:0x80000000 x27=0xfffe0000
         235197	     11658	80004862	01cd53b3	srl	x7,x26,x28	 x26:0x00000000 x28:0xffffffff  x7=0x00000000
         235617	     11679	80004866	00263f33	sltu	x30,x12,x2	 x12:0xa0000000  x2:0x80000000 x30=0x00000000
         235777	     11687	8000486a	000028b3	slt	x17,x0,x0	  x0:0x00000000  x0:0x00000000 x17=0x00000000
         236517	     11724	8000486e	03857233	remu	x4,x10,x24	 x10:0x00000000 x24:0xfffff908  x4=0x00000000
         236537	     11725	80004872	340923f3	csrrs	x7,mscratch,x18	 x18:0xffffff1a  x7=0x80026cf5
         236557	     11726	80004876	cb057897	auipc	x17,0xcb057	 x17=0x4b05b876
         236577	     11727	8000487a	9b7d	c.andi	x14,-1	 x14:0x00000004 x14=0x00000004
         236597	     11728	8000487c	4739	c.li	x14,14	 x14=0x0000000e
         236617	     11729	8000487e	037a8cb3	mul	x25,x21,x23	 x21:0x00008000 x23:0x0000072d x25=0x03968000
         236637	     11730	80004882	340253f3	csrrwi	x7,mscratch,4	  x7=0xffffffff
         236657	     11731	80004886	8d9d	c.sub	x11,x15	 x11:0x7362e000 x15:0x20008b99 x11=0x53625467
         237057	     11751	80004888	c79d	c.beqz	x15,800048b6	 x15:0x20008b99
         237077	     11752	8000488a	01a25db3	srl	x27,x4,x26	  x4:0x00000000 x26:0x00000000 x27=0x00000000
         237157	     11756	8000488e	00654f63	blt	x10,x6,800048ac	 x10:0x00000000  x6:0x3ebb3497
         237557	     11776	800048ac	78cb6197	auipc	x3,0x78cb6	  x3=0xf8cba8ac
         238977	     11847	800048b0	025a5333	divu	x6,x20,x5	 x20:0xfb39669c  x5:0x80022e64  x6=0x00000001
         238997	     11848	800048b4	09a1	c.addi	x19,8	 x19:0x00000001 x19=0x00000009
         239017	     11849	800048b6	8d8d	c.sub	x11,x11	 x11:0x53625467 x11:0x53625467 x11=0x00000000
         239037	     11850	800048b8	0141ea33	or	x20,x3,x20	  x3:0xf8cba8ac x20:0xfb39669c x20=0xfbfbeebc
         239057	     11851	800048bc	0127afb3	slt	x31,x15,x18	 x15:0x20008b99 x18:0xffffff1a x31=0x00000000
         239077	     11852	800048c0	00d15263	bge	x2,x13,800048c4	  x2:0x80000000 x13:0x80022fee
         239097	     11853	800048c4	01b27b33	and	x22,x4,x27	  x4:0x00000000 x27:0x00000000 x22=0x00000000
         239977	     11897	800048c8	02766733	rem	x14,x12,x7	 x12:0xa0000000  x7:0xffffffff x14=0x00000000
         239997	     11898	800048cc	01299d13	slli	x26,x19,0x12	 x19:0x00000009 x26=0x00240000
         240017	     11899	800048d0	340035f3	csrrc	x11,mscratch,x0	  x0:0x00000000 x11=0x00000004
         240037	     11900	800048d4	8e95	c.sub	x13,x13	 x13:0x80022fee x13:0x80022fee x13=0x00000000
         240057	     11901	800048d6	8fcd	c.or	x15,x11	 x15:0x20008b99 x11:0x00000004 x15=0x20008b9d
         240077	     11902	800048d8	00e0f963	bgeu	x1,x14,800048ea	  x1:0x80026ce4 x14:0x00000000
         241417	     11969	800048ea	02a9ff33	remu	x30,x19,x10	 x19:0x00000009 x10:0x00000000 x30=0x00000009
         241437	     11970	800048ee	87a9	c.srai	x15,0xa	 x15:0x20008b9d x15=0x00080022
         241457	     11971	800048f0	9bfd	c.andi	x15,-1	 x15:0x00080022 x15=0x00080022
         241477	     11972	800048f2	1d7d	c.addi	x26,-1	 x26:0x00240000 x26=0x0023ffff
         241517	     11974	800048f4	0240e8b3	rem	x17,x1,x4	  x1:0x80026ce4  x4:0x00000000 x17=0x80026ce4
         241537	     11975	800048f8	340028f3	csrrs	x17,mscratch,x0	  x0:0x00000000 x17=0x00000004
         241597	     11978	800048fc	e0daaeb7	lui	x29,0xe0daa	 x29=0xe0daa000
         241957	     11996	80004900	340a61f3	csrrsi	x3,mscratch,20	  x3=0x00000004
         242117	     12004	80004904	00e533b3	sltu	x7,x10,x14	 x10:0x00000000 x14:0x00000000  x7=0x00000000
         242217	     12009	80004908	02ad4d63	blt	x26,x10,80004942	 x26:0x0023ffff x10:0x00000000
         242637	     12030	8000490c	dd3bbf93	sltiu	x31,x23,-557	 x23:0x0000072d x31=0x00000001
         242657	     12031	80004910	01f927b3	slt	x15,x18,x31	 x18:0xffffff1a x31:0x00000001 x15=0x00000001
         242677	     12032	80004914	9d4a	c.add	x26,x18	 x26:0x0023ffff x18:0xffffff1a x26=0x0023ff19
         242697	     12033	80004916	0ff0000f	fence	iorw,iorw	
         242717	     12034	8000491a	82dd	c.srli	x13,0x17	 x13:0x00000000 x13=0x00000000
         242777	     12037	8000491c	34006ef3	csrrsi	x29,mscratch,0	 x29=0x00000014
         243217	     12059	80004920	024fc7b3	div	x15,x31,x4	 x31:0x00000001  x4:0x00000000 x15=0xffffffff
         243257	     12061	80004924	0309ba33	mulhu	x20,x19,x16	 x19:0x00000009 x16:0x80026ce0 x20=0x00000004
         243277	     12062	80004928	d933b813	sltiu	x16,x7,-621	  x7:0x00000000 x16=0x00000001
         244017	     12099	8000492c	034beb33	rem	x22,x23,x20	 x23:0x0000072d x20:0x00000004 x22=0x00000001
         244037	     12100	80004930	60a9	c.lui	x1,0xa	  x1=0x0000a000
         244077	     12102	80004932	02cc9c33	mulh	x24,x25,x12	 x25:0x03968000 x12:0xa0000000 x24=0xfea79000
         244097	     12103	80004936	340a19f3	csrrw	x19,mscratch,x20	 x20:0x00000004 x19=0x00000014
         244117	     12104	8000493a	e1d36713	ori	x14,x6,-483	  x6:0x00000001 x14=0xfffffe1d
         244137	     12105	8000493e	0ff0000f	fence	iorw,iorw	
         244157	     12106	80004942	00f69eb3	sll	x29,x13,x15	 x13:0x00000000 x15:0xffffffff x29=0x00000000
         244397	     12118	80004946	027d50b3	divu	x1,x26,x7	 x26:0x0023ff19  x7:0x00000000  x1=0xffffffff
         244437	     12120	8000494a	02b82433	mulhsu	x8,x16,x11	 x16:0x00000001 x11:0x00000004  x8=0x00000000
         244617	     12129	8000494e	32d29a37	lui	x20,0x32d29	 x20=0x32d29000
         244637	     12130	80004952	8a59	c.andi	x12,22	 x12:0xa0000000 x12=0x00000000
         245037	     12150	80004954	011869b3	or	x19,x16,x17	 x16:0x00000001 x17:0x00000004 x19=0x00000005
         245057	     12151	80004958	405ad233	sra	x4,x21,x5	 x21:0x00008000  x5:0x80022e64  x4=0x00000800
         245917	     12194	8000495c	02fd5033	divu	x0,x26,x15	 x26:0x0023ff19 x15:0xffffffff  x0=0x00000000
         245937	     12195	80004960	0001	c.addi	x0,0	  x0:0x00000000  x0=0x00000000
         245957	     12196	80004962	340e2473	csrrs	x8,mscratch,x28	 x28:0xffffffff  x8=0x00000004
         245977	     12197	80004966	e6e3e317	auipc	x6,0xe6e3e	  x6=0x66e42966
         246017	     12199	8000496a	03572233	mulhsu	x4,x14,x21	 x14:0xfffffe1d x21:0x00008000  x4=0xffffffff
         246037	     12200	8000496e	88be	c.mv	x17,x15	  x0:0x00000000 x15:0xffffffff x17=0xffffffff
         246777	     12237	80004970	022cceb3	div	x29,x25,x2	 x25:0x03968000  x2:0x80000000 x29=0x00000000
         246797	     12238	80004974	00b5cd33	xor	x26,x11,x11	 x11:0x00000004 x11:0x00000004 x26=0x00000000
         246817	     12239	80004978	01747e63	bgeu	x8,x23,80004994	  x8:0x00000004 x23:0x0000072d
         246837	     12240	8000497c	340860f3	csrrsi	x1,mscratch,16	  x1=0xffffffff
         246857	     12241	80004980	34007b73	csrrci	x22,mscratch,0	 x22=0xffffffff
         246877	     12242	80004984	8a25	c.andi	x12,9	 x12:0x00000000 x12=0x00000000
         247117	     12254	80004986	0083e433	or	x8,x7,x8	  x7:0x00000000  x8:0x00000004  x8=0x00000004
         247137	     12255	8000498a	c911	c.beqz	x10,8000499e	 x10:0x00000000
         249717	     12384	8000499e	340f9373	csrrw	x6,mscratch,x31	 x31:0x00000001  x6=0xffffffff
         249737	     12385	800049a2	0000100f	fence.i	
         249817	     12389	800049a6	083e	c.slli	x16,0xf	 x16:0x00000001 x16=0x00008000
         249917	     12394	800049a8	017238b3	sltu	x17,x4,x23	  x4:0xffffffff x23:0x0000072d x17=0x00000000
         250257	     12411	800049ac	870d	c.srai	x14,0x3	 x14:0xfffffe1d x14=0xffffffc3
         250277	     12412	800049ae	9c5a	c.add	x24,x22	 x24:0xfea79000 x22:0xffffffff x24=0xfea78fff
         250617	     12429	800049b0	8fa1	c.xor	x15,x8	 x15:0xffffffff  x8:0x00000004 x15=0xfffffffb
         250757	     12436	800049b2	020c7863	bgeu	x24,x0,800049e2	 x24:0xfea78fff  x0:0x00000000
         251497	     12473	800049e2	873c8a93	addi	x21,x25,-1933	 x25:0x03968000 x21=0x03967873
         251577	     12477	800049e6	013d9393	slli	x7,x27,0x13	 x27:0x00000000  x7=0x00000000
         251597	     12478	800049ea	8da9	c.xor	x11,x10	 x11:0x00000004 x10:0x00000000 x11=0x00000004
         251637	     12480	800049ec	03bb6f33	rem	x30,x22,x27	 x22:0xffffffff x27:0x00000000 x30=0xffffffff
         251657	     12481	800049f0	02dc0463	beq	x24,x13,80004a18	 x24:0xfea78fff x13:0x00000000
         251797	     12488	800049f4	036c6097	auipc	x1,0x36c6	  x1=0x836ca9f4
         251977	     12497	800049f8	006e9c63	bne	x29,x6,80004a10	 x29:0x00000000  x6:0xffffffff
         252937	     12545	80004a10	0000100f	fence.i	
         253717	     12584	80004a14	abcc6e13	ori	x28,x24,-1348	 x24:0xfea78fff x28=0xffffffff
         253837	     12590	80004a18	9632	c.add	x12,x12	 x12:0x00000000 x12:0x00000000 x12=0x00000000
         254257	     12611	80004a1a	340291f3	csrrw	x3,mscratch,x5	  x5:0x80022e64  x3=0x00000001
         254657	     12631	80004a1e	0000100f	fence.i	
         255197	     12658	80004a22	34096ef3	csrrsi	x29,mscratch,18	 x29=0x80022e64
         255237	     12660	80004a26	032921b3	mulhsu	x3,x18,x18	 x18:0xffffff1a x18:0xffffff1a  x3=0xffffff1a
         255257	     12661	80004a2a	8f769d37	lui	x26,0x8f769	 x26=0x8f769000
         255277	     12662	80004a2e	413d8fb3	sub	x31,x27,x19	 x27:0x00000000 x19:0x00000005 x31=0xfffffffb
         255297	     12663	80004a32	01dfd933	srl	x18,x31,x29	 x31:0xfffffffb x29:0x80022e64 x18=0x0fffffff
         255657	     12681	80004a36	017cf463	bgeu	x25,x23,80004a3e	 x25:0x03968000 x23:0x0000072d
         256077	     12702	80004a3e	372f4d13	xori	x26,x30,882	 x30:0xffffffff x26=0xfffffc8d
         256437	     12720	80004a42	0274e333	rem	x6,x9,x7	  x9:0x80026ce4  x7:0x00000000  x6=0x80026ce4
         256537	     12725	80004a46	0092c863	blt	x5,x9,80004a56	  x5:0x80022e64  x9:0x80026ce4
         257657	     12781	80004a56	34007373	csrrci	x6,mscratch,0	  x6=0x80022e76
         257677	     12782	80004a5a	0698f663	bgeu	x17,x9,80004ac6	 x17:0x00000000  x9:0x80026ce4
         257697	     12783	80004a5e	02565c63	bge	x12,x5,80004a96	 x12:0x00000000  x5:0x80022e64
         257797	     12788	80004a96	0532e163	bltu	x5,x19,80004ad8	  x5:0x80022e64 x19:0x00000005
         257837	     12790	80004a9a	03c199b3	mulh	x19,x3,x28	  x3:0xffffff1a x28:0xffffffff x19=0x00000000
         257997	     12798	80004a9e	a675fc13	andi	x24,x11,-1433	 x11:0x00000004 x24=0x00000004
         258037	     12800	80004aa2	0024fe63	bgeu	x9,x2,80004abe	  x9:0x80026ce4  x2:0x80000000
         258357	     12816	80004abe	03375b33	divu	x22,x14,x19	 x14:0xffffffc3 x19:0x00000000 x22=0xffffffff
         259097	     12853	80004ac2	0243c633	div	x12,x7,x4	  x7:0x00000000  x4:0xffffffff x12=0x00000000
         259117	     12854	80004ac6	009f0b63	beq	x30,x9,80004adc	 x30:0xffffffff  x9:0x80026ce4
         259137	     12855	80004aca	001f7633	and	x12,x30,x1	 x30:0xffffffff  x1:0x836ca9f4 x12=0x836ca9f4
         259157	     12856	80004ace	e3a9	c.bnez	x15,80004b10	 x15:0xfffffffb
         259637	     12880	80004b10	8ff2	c.mv	x31,x28	  x0:0x00000000 x28:0xffffffff x31=0xffffffff
         259657	     12881	80004b12	ce8d	c.beqz	x13,80004b4c	 x13:0x00000000
         260337	     12915	80004b4c	0118dbb3	srl	x23,x17,x17	 x17:0x00000000 x17:0x00000000 x23=0x00000000
         260377	     12917	80004b50	0ff0000f	fence	iorw,iorw	
         261237	     12960	80004b54	03c44eb3	div	x29,x8,x28	  x8:0x00000004 x28:0xffffffff x29=0xfffffffc
         261257	     12961	80004b58	340678f3	csrrci	x17,mscratch,12	 x17=0x80022e76
         261277	     12962	80004b5c	00aeda13	srli	x20,x29,0xa	 x29:0xfffffffc x20=0x003fffff
         261297	     12963	80004b60	34003ff3	csrrc	x31,mscratch,x0	  x0:0x00000000 x31=0x80022e72
         261317	     12964	80004b64	006079b3	and	x19,x0,x6	  x0:0x00000000  x6:0x80022e76 x19=0x00000000
         261337	     12965	80004b68	5cfd	c.li	x25,-1	 x25=0xffffffff
         261577	     12977	80004b6a	402d0333	sub	x6,x26,x2	 x26:0xfffffc8d  x2:0x80000000  x6=0x7ffffc8d
         261617	     12979	80004b6e	02f41c33	mulh	x24,x8,x15	  x8:0x00000004 x15:0xfffffffb x24=0xffffffff
         261817	     12989	80004b72	00b49a93	slli	x21,x9,0xb	  x9:0x80026ce4 x21=0x13672000
         262237	     13010	80004b76	0012e6b3	or	x13,x5,x1	  x5:0x80022e64  x1:0x836ca9f4 x13=0x836eaff4
         262517	     13024	80004b7a	3403d1f3	csrrwi	x3,mscratch,7	  x3=0x80022e72
         262617	     13029	80004b7e	0061fd33	and	x26,x3,x6	  x3:0x80022e72  x6:0x7ffffc8d x26=0x00022c00
         262637	     13030	80004b82	e695	c.bnez	x13,80004bae	 x13:0x836eaff4
         263557	     13076	80004bae	02dc5b63	bge	x24,x13,80004be4	 x24:0xffffffff x13:0x836eaff4
         264997	     13148	80004be4	021dff33	remu	x30,x27,x1	 x27:0x00000000  x1:0x836ca9f4 x30=0x00000000
         265017	     13149	80004be8	0017cfb3	xor	x31,x15,x1	 x15:0xfffffffb  x1:0x836ca9f4 x31=0x7c93560f
         265037	     13150	80004bec	340075f3	csrrci	x11,mscratch,0	 x11=0x00000007
         265057	     13151	80004bf0	6c45	c.lui	x24,0x11	 x24=0x00011000
         265077	     13152	80004bf2	01cd7833	and	x16,x26,x28	 x26:0x00022c00 x28:0xffffffff x16=0x00022c00
         265117	     13154	80004bf6	02f3b933	mulhu	x18,x7,x15	  x7:0x00000000 x15:0xfffffffb x18=0x00000000
         265517	     13174	80004bfa	01212433	slt	x8,x2,x18	  x2:0x80000000 x18:0x00000000  x8=0x00000001
         265537	     13175	80004bfe	8e59	c.or	x12,x14	 x12:0x836ca9f4 x14:0xffffffc3 x12=0xfffffff7
         265557	     13176	80004c00	40f7db93	srai	x23,x15,0xf	 x15:0xfffffffb x23=0xffffffff
         265877	     13192	80004c04	bba66e97	auipc	x29,0xbba66	 x29=0x3ba6ac04
         265897	     13193	80004c08	f3b24793	xori	x15,x4,-197	  x4:0xffffffff x15=0x000000c4
         266037	     13200	80004c0c	840e	c.mv	x8,x3	  x0:0x00000000  x3:0x80022e72  x8=0x80022e72
         266057	     13201	80004c0e	0000100f	fence.i	
         267157	     13256	80004c12	036c8263	beq	x25,x22,80004c36	 x25:0xffffffff x22:0xffffffff
         267577	     13277	80004c36	34003f73	csrrc	x30,mscratch,x0	  x0:0x00000000 x30=0x00000007
         267597	     13278	80004c3a	404353b3	sra	x7,x6,x4	  x6:0x7ffffc8d  x4:0xffffffff  x7=0x00000000
         267777	     13287	80004c3e	027540b3	div	x1,x10,x7	 x10:0x00000000  x7:0x00000000  x1=0xffffffff
         267797	     13288	80004c42	00588333	add	x6,x17,x5	 x17:0x80022e76  x5:0x80022e64  x6=0x00045cda
         267817	     13289	80004c46	0001	c.addi	x0,0	  x0:0x00000000  x0=0x00000000
         267837	     13290	80004c48	86a9	c.srai	x13,0xa	 x13:0x836eaff4 x13=0xffe0dbab
         267857	     13291	80004c4a	00a33d33	sltu	x26,x6,x10	  x6:0x00045cda x10:0x00000000 x26=0x00000000
         267877	     13292	80004c4e	81172d93	slti	x27,x14,-2031	 x14:0xffffffc3 x27=0x00000000
         267897	     13293	80004c52	89f1	c.andi	x11,28	 x11:0x00000007 x11=0x00000004
         268897	     13343	80004c54	0264e3b3	rem	x7,x9,x6	  x9:0x80026ce4  x6:0x00045cda  x7=0xfffe5020
         268917	     13344	80004c58	010cbab3	sltu	x21,x25,x16	 x25:0xffffffff x16:0x00022c00 x21=0x00000000
         268937	     13345	80004c5c	34063673	csrrc	x12,mscratch,x12	 x12:0xfffffff7 x12=0x00000007
         268957	     13346	80004c60	34006573	csrrsi	x10,mscratch,0	 x10=0x00000000
         268977	     13347	80004c64	8c21	c.xor	x8,x8	  x8:0x80022e72  x8:0x80022e72  x8=0x00000000
         268997	     13348	80004c66	002f9713	slli	x14,x31,0x2	 x31:0x7c93560f x14=0xf24d583c
         269117	     13354	80004c6a	03ae3d33	mulhu	x26,x28,x26	 x28:0xffffffff x26:0x00000000 x26=0x00000000
         269137	     13355	80004c6e	fb274c13	xori	x24,x14,-78	 x14:0xf24d583c x24=0x0db2a78e
         269157	     13356	80004c72	0001	c.addi	x0,0	  x0:0x00000000  x0=0x00000000
         269177	     13357	80004c74	00c5fd63	bgeu	x11,x12,80004c8e	 x11:0x00000004 x12:0x00000007
         269297	     13363	80004c78	0621	c.addi	x12,8	 x12:0x00000007 x12=0x0000000f
         269317	     13364	80004c7a	1b7d	c.addi	x22,-1	 x22:0xffffffff x22=0xfffffffe
         269537	     13375	80004c7c	987d	c.andi	x8,-1	  x8:0x00000000  x8=0x00000000
         269657	     13381	80004c7e	340835f3	csrrc	x11,mscratch,x16	 x16:0x00022c00 x11=0x00000000
         269697	     13383	80004c82	db67c013	xori	x0,x15,-586	 x15:0x000000c4  x0=0x00000000
         269717	     13384	80004c86	03df5a63	bge	x30,x29,80004cba	 x30:0x00000007 x29:0x3ba6ac04
         270137	     13405	80004c8a	009f1363	bne	x30,x9,80004c90	 x30:0x00000007  x9:0x80026ce4
         270317	     13414	80004c90	0be5	c.addi	x23,25	 x23:0xffffffff x23=0x00000018
         270417	     13419	80004c92	009d16b3	sll	x13,x26,x9	 x26:0x00000000  x9:0x80026ce4 x13=0x00000000
         270437	     13420	80004c96	3405daf3	csrrwi	x21,mscratch,11	 x21=0x00000000
         270457	     13421	80004c9a	0ae9	c.addi	x21,26	 x21:0x00000000 x21=0x0000001a
         270657	     13431	80004c9c	035ce763	bltu	x25,x21,80004cca	 x25:0xffffffff x21:0x0000001a
         270957	     13446	80004ca0	00afcc33	xor	x24,x31,x10	 x31:0x7c93560f x10:0x00000000 x24=0x7c93560f
         270977	     13447	80004ca4	9762	c.add	x14,x24	 x14:0xf24d583c x24:0x7c93560f x14=0x6ee0ae4b
         270997	     13448	80004ca6	34031473	csrrw	x8,mscratch,x6	  x6:0x00045cda  x8=0x0000000b
         271017	     13449	80004caa	010bf233	and	x4,x23,x16	 x23:0x00000018 x16:0x00022c00  x4=0x00000000
         271037	     13450	80004cae	df7d7413	andi	x8,x26,-521	 x26:0x00000000  x8=0x00000000
         271257	     13461	80004cb2	0156d9b3	srl	x19,x13,x21	 x13:0x00000000 x21:0x0000001a x19=0x00000000
         272397	     13518	80004cb6	0364fa33	remu	x20,x9,x22	  x9:0x80026ce4 x22:0xfffffffe x20=0x80026ce4
         272417	     13519	80004cba	eb19	c.bnez	x14,80004cd0	 x14:0x6ee0ae4b
         272497	     13523	80004cd0	78b72313	slti	x6,x14,1931	 x14:0x6ee0ae4b  x6=0x00000000
         272517	     13524	80004cd4	340ed6f3	csrrwi	x13,mscratch,29	 x13=0x00045cda
         272677	     13532	80004cd8	0040b333	sltu	x6,x1,x4	  x1:0xffffffff  x4:0x00000000  x6=0x00000000
         273097	     13553	80004cdc	1afd	c.addi	x21,-1	 x21:0x0000001a x21=0x00000019
         273117	     13554	80004cde	0ff0000f	fence	iorw,iorw	
         273137	     13555	80004ce2	34041bf3	csrrw	x23,mscratch,x8	  x8:0x00000000 x23=0x0000001d
         273157	     13556	80004ce6	009931b3	sltu	x3,x18,x9	 x18:0x00000000  x9:0x80026ce4  x3=0x00000001
         273177	     13557	80004cea	0000100f	fence.i	
         273657	     13581	80004cee	8f5d	c.or	x14,x15	 x14:0x6ee0ae4b x15:0x000000c4 x14=0x6ee0aecf
         273797	     13588	80004cf0	8d154913	xori	x18,x10,-1839	 x10:0x00000000 x18=0xfffff8d1
         274537	     13625	80004cf4	02945e33	divu	x28,x8,x9	  x8:0x00000000  x9:0x80026ce4 x28=0x00000000
         274557	     13626	80004cf8	0101df63	bge	x3,x16,80004d16	  x3:0x00000001 x16:0x00022c00
         274577	     13627	80004cfc	34003cf3	csrrc	x25,mscratch,x0	  x0:0x00000000 x25=0x00000000
         274617	     13629	80004d00	03db1bb3	mulh	x23,x22,x29	 x22:0xfffffffe x29:0x3ba6ac04 x23=0xffffffff
         274637	     13630	80004d04	cf141897	auipc	x17,0xcf141	 x17=0x4f145d04
         274657	     13631	80004d08	59075a97	auipc	x21,0x59075	 x21=0xd9079d08
         274677	     13632	80004d0c	8259	c.srli	x12,0x16	 x12:0x0000000f x12=0x00000000
         274697	     13633	80004d0e	11fd	c.addi	x3,-1	  x3:0x00000001  x3=0x00000000
         274717	     13634	80004d10	f37be593	ori	x11,x23,-201	 x23:0xffffffff x11=0xffffffff
         274737	     13635	80004d14	8c39	c.xor	x8,x14	  x8:0x00000000 x14:0x6ee0aecf  x8=0x6ee0aecf
         274757	     13636	80004d16	997d	c.andi	x10,-1	 x10:0x00000000 x10=0x00000000
         274937	     13645	80004d18	34002373	csrrs	x6,mscratch,x0	  x0:0x00000000  x6=0x00000000
         275157	     13656	80004d1c	0852	c.slli	x16,0x14	 x16:0x00022c00 x16=0xc0000000
         275177	     13657	80004d1e	e589	c.bnez	x11,80004d28	 x11:0xffffffff
         275657	     13681	80004d28	81f1	c.srli	x11,0x1c	 x11:0xffffffff x11=0x0000000f
         275917	     13694	80004d2a	00d2f863	bgeu	x5,x13,80004d3a	  x5:0x80022e64 x13:0x00045cda
         276297	     13713	80004d3a	340710f3	csrrw	x1,mscratch,x14	 x14:0x6ee0aecf  x1=0x00000000
         276317	     13714	80004d3e	8a59	c.andi	x12,22	 x12:0x00000000 x12=0x00000000
         276337	     13715	80004d40	0001	c.addi	x0,0	  x0:0x00000000  x0=0x00000000
         276557	     13726	80004d42	40bfd513	srai	x10,x31,0xb	 x31:0x7c93560f x10=0x000f926a
         276637	     13730	80004d46	0312bb33	mulhu	x22,x5,x17	  x5:0x80022e64 x17:0x4f145d04 x22=0x278adaff
         276657	     13731	80004d4a	8876	c.mv	x16,x29	  x0:0x00000000 x29:0x3ba6ac04 x16=0x3ba6ac04
         276797	     13738	80004d4c	8e12	c.mv	x28,x4	  x0:0x00000000  x4:0x00000000 x28=0x00000000
         276817	     13739	80004d4e	41dad613	srai	x12,x21,0x1d	 x21:0xd9079d08 x12=0xfffffffe
         276837	     13740	80004d52	938e	c.add	x7,x3	  x7:0xfffe5020  x3:0x00000000  x7=0xfffe5020
         277137	     13755	80004d54	8b6d	c.andi	x14,27	 x14:0x6ee0aecf x14=0x0000000b
         277517	     13774	80004d56	3407f3f3	csrrci	x7,mscratch,15	  x7=0x6ee0aecf
         277537	     13775	80004d5a	c50d	c.beqz	x10,80004d84	 x10:0x000f926a
         277557	     13776	80004d5c	408d5d93	srai	x27,x26,0x8	 x26:0x00000000 x27=0x00000000
         277797	     13788	80004d60	8c7d	c.and	x8,x15	  x8:0x6ee0aecf x15:0x000000c4  x8=0x000000c4
         277917	     13794	80004d62	0396c9b3	div	x19,x13,x25	 x13:0x00045cda x25:0x00000000 x19=0xffffffff
         277937	     13795	80004d66	1b63ac17	auipc	x24,0x1b63a	 x24=0x9b63ed66
         278337	     13815	80004d6a	f61bef93	ori	x31,x23,-159	 x23:0xffffffff x31=0xffffffff
         278717	     13834	80004d6e	03cdaa33	mulhsu	x20,x27,x28	 x27:0x00000000 x28:0x00000000 x20=0x00000000
         278877	     13842	80004d72	41985bb3	sra	x23,x16,x25	 x16:0x3ba6ac04 x25:0x00000000 x23=0x3ba6ac04
         278897	     13843	80004d76	8759	c.srai	x14,0x16	 x14:0x0000000b x14=0x00000000
         278917	     13844	80004d78	34007bf3	csrrci	x23,mscratch,0	 x23=0x6ee0aec0
         279317	     13864	80004d7c	34007673	csrrci	x12,mscratch,0	 x12=0x6ee0aec0
         279337	     13865	80004d80	ff83f917	auipc	x18,0xff83f	 x18=0x7f843d80
         279517	     13874	80004d84	021b0963	beq	x22,x1,80004db6	 x22:0x278adaff  x1:0x00000000
         279597	     13878	80004d88	01058263	beq	x11,x16,80004d8c	 x11:0x0000000f x16:0x3ba6ac04
         279617	     13879	80004d8c	76763713	sltiu	x14,x12,1895	 x12:0x6ee0aec0 x14=0x00000000
         279817	     13889	80004d90	8d99	c.sub	x11,x14	 x11:0x0000000f x14:0x00000000 x11=0x0000000f
         279837	     13890	80004d92	cf0d	c.beqz	x14,80004dcc	 x14:0x00000000
         281257	     13961	80004dcc	58f87b93	andi	x23,x16,1423	 x16:0x3ba6ac04 x23=0x00000404
         281697	     13983	80004dd0	bcd30393	addi	x7,x6,-1075	  x6:0x00000000  x7=0xfffffbcd
         281717	     13984	80004dd4	8431	c.srai	x8,0xc	  x8:0x000000c4  x8=0x00000000
         281737	     13985	80004dd6	01b73eb3	sltu	x29,x14,x27	 x14:0x00000000 x27:0x00000000 x29=0x00000000
         282157	     14006	80004dda	40fc5093	srai	x1,x24,0xf	 x24:0x9b63ed66  x1=0xffff36c7
         282177	     14007	80004dde	8e2e	c.mv	x28,x11	  x0:0x00000000 x11:0x0000000f x28=0x0000000f
         282377	     14017	80004de0	9d177693	andi	x13,x14,-1583	 x14:0x00000000 x13=0x00000000
         282457	     14021	80004de4	31e8abb7	lui	x23,0x31e8a	 x23=0x31e8a000
         282717	     14034	80004de8	409d07b3	sub	x15,x26,x9	 x26:0x00000000  x9:0x80026ce4 x15=0x7ffd931c
         282737	     14035	80004dec	6799	c.lui	x15,0x6	 x15=0x00006000
         282757	     14036	80004dee	0ff0000f	fence	iorw,iorw	
         282777	     14037	80004df2	05755063	bge	x10,x23,80004e32	 x10:0x000f926a x23:0x31e8a000
         282857	     14041	80004df6	0187d313	srli	x6,x15,0x18	 x15:0x00006000  x6=0x00000000
         282877	     14042	80004dfa	01b55b63	bge	x10,x27,80004e10	 x10:0x000f926a x27:0x00000000
         283397	     14068	80004e10	340c91f3	csrrw	x3,mscratch,x25	 x25:0x00000000  x3=0x6ee0aec0
         284217	     14109	80004e14	022a6c33	rem	x24,x20,x2	 x20:0x00000000  x2:0x80000000 x24=0x00000000
         284237	     14110	80004e18	0090c433	xor	x8,x1,x9	  x1:0xffff36c7  x9:0x80026ce4  x8=0x7ffd5a23
         284257	     14111	80004e1c	028f6e63	bltu	x30,x8,80004e58	 x30:0x00000007  x8:0x7ffd5a23
         285077	     14152	80004e58	00a04f63	blt	x0,x10,80004e76	  x0:0x00000000 x10:0x000f926a
         289557	     14376	80004e76	8d05	c.sub	x10,x9	 x10:0x000f926a  x9:0x80026ce4 x10=0x800d2586
         289577	     14377	80004e78	340028f3	csrrs	x17,mscratch,x0	  x0:0x00000000 x17=0x00000000
         289617	     14379	80004e7c	03e735b3	mulhu	x11,x14,x30	 x14:0x00000000 x30:0x00000007 x11=0x00000000
         289657	     14381	80004e80	8425	c.srai	x8,0x9	  x8:0x7ffd5a23  x8=0x003ffead
         289777	     14387	80004e82	00441033	sll	x0,x8,x4	  x8:0x003ffead  x4:0x00000000  x0=0x00000000
         289797	     14388	80004e86	e315	c.bnez	x14,80004eaa	 x14:0x00000000
         290197	     14408	80004e88	8859	c.andi	x8,22	  x8:0x003ffead  x8=0x00000004
         290217	     14409	80004e8a	0000100f	fence.i	
         290897	     14443	80004e8e	9eb2	c.add	x29,x12	 x29:0x00000000 x12:0x6ee0aec0 x29=0x6ee0aec0
         290917	     14444	80004e90	2be08d93	addi	x27,x1,702	  x1:0xffff36c7 x27=0xffff3985
         291217	     14459	80004e94	340e5573	csrrwi	x10,mscratch,28	 x10=0x00000000
         291237	     14460	80004e98	01716d33	or	x26,x2,x23	  x2:0x80000000 x23:0x31e8a000 x26=0xb1e8a000
         291657	     14481	80004e9c	0008cf33	xor	x30,x17,x0	 x17:0x00000000  x0:0x00000000 x30=0x00000000
         291677	     14482	80004ea0	810d	c.srli	x10,0x3	 x10:0x00000000 x10=0x00000000
         291697	     14483	80004ea2	057ed563	bge	x29,x23,80004eec	 x29:0x6ee0aec0 x23:0x31e8a000
         291897	     14493	80004eec	014dae33	slt	x28,x27,x20	 x27:0xffff3985 x20:0x00000000 x28=0x00000001
         291957	     14496	80004ef0	00b00863	beq	x0,x11,80004f00	  x0:0x00000000 x11:0x00000000
         292177	     14507	80004f00	29a02893	slti	x17,x0,666	  x0:0x00000000 x17=0x00000001
         292217	     14509	80004f04	340030f3	csrrc	x1,mscratch,x0	  x0:0x00000000  x1=0x0000001c
         292237	     14510	80004f08	3408ebf3	csrrsi	x23,mscratch,17	 x23=0x0000001c
         292257	     14511	80004f0c	005678b3	and	x17,x12,x5	 x12:0x6ee0aec0  x5:0x80022e64 x17=0x00002e40
         292737	     14535	80004f10	02f0b733	mulhu	x14,x1,x15	  x1:0x0000001c x15:0x00006000 x14=0x00000000
         292897	     14543	80004f14	0094dc33	srl	x24,x9,x9	  x9:0x80026ce4  x9:0x80026ce4 x24=0x080026ce
         293077	     14552	80004f18	0323c263	blt	x7,x18,80004f3c	  x7:0xfffffbcd x18:0x7f843d80
         294017	     14599	80004f3c	340beff3	csrrsi	x31,mscratch,23	 x31=0x0000001d
         294037	     14600	80004f40	d8be0e93	addi	x29,x28,-629	 x28:0x00000001 x29=0xfffffd8c
         294057	     14601	80004f44	f01c8193	addi	x3,x25,-255	 x25:0x00000000  x3=0xffffff01
         294157	     14606	80004f48	6892be13	sltiu	x28,x5,1673	  x5:0x80022e64 x28=0x00000000
         294177	     14607	80004f4c	76c12213	slti	x4,x2,1900	  x2:0x80000000  x4=0x00000001
         294337	     14615	80004f50	6249	c.lui	x4,0x12	  x4=0x00012000
         294357	     14616	80004f52	8acd	c.andi	x13,19	 x13:0x00000000 x13=0x00000000
         294637	     14630	80004f54	6e7d	c.lui	x28,0x1f	 x28=0x0001f000
         294877	     14642	80004f56	008cf963	bgeu	x25,x8,80004f68	 x25:0x00000000  x8:0x00000004
         294897	     14643	80004f5a	8fe9	c.and	x15,x10	 x15:0x00006000 x10:0x00000000 x15=0x00000000
         295297	     14663	80004f5c	4140d613	srai	x12,x1,0x14	  x1:0x0000001c x12=0x00000000
         295377	     14667	80004f60	415c0733	sub	x14,x24,x21	 x24:0x080026ce x21:0xd9079d08 x14=0x2ef889c6
         295397	     14668	80004f64	c531e693	ori	x13,x3,-941	  x3:0xffffff01 x13=0xffffff53
         295817	     14689	80004f68	01addb33	srl	x22,x27,x26	 x27:0xffff3985 x26:0xb1e8a000 x22=0xffff3985
         295837	     14690	80004f6c	c191	c.beqz	x11,80004f70	 x11:0x00000000
         297017	     14749	80004f70	005ff763	bgeu	x31,x5,80004f7e	 x31:0x0000001d  x5:0x80022e64
         297317	     14764	80004f74	01aa5233	srl	x4,x20,x26	 x20:0x00000000 x26:0xb1e8a000  x4=0x00000000
         297477	     14772	80004f78	8f9d	c.sub	x15,x15	 x15:0x00000000 x15:0x00000000 x15=0x00000000
         297497	     14773	80004f7a	00497bb3	and	x23,x18,x4	 x18:0x7f843d80  x4:0x00000000 x23=0x00000000
         297837	     14790	80004f7e	03c5b6b3	mulhu	x13,x11,x28	 x11:0x00000000 x28:0x0001f000 x13=0x00000000
         297857	     14791	80004f82	340b9873	csrrw	x16,mscratch,x23	 x23:0x00000000 x16=0x0000001f
         297877	     14792	80004f86	00ee01b3	add	x3,x28,x14	 x28:0x0001f000 x14:0x2ef889c6  x3=0x2efa79c6
         297897	     14793	80004f8a	0001	c.addi	x0,0	  x0:0x00000000  x0=0x00000000
         298077	     14802	80004f8c	006a7c33	and	x24,x20,x6	 x20:0x00000000  x6:0x00000000 x24=0x00000000
         298197	     14808	80004f90	d904b813	sltiu	x16,x9,-624	  x9:0x80026ce4 x16=0x00000001
         298497	     14823	80004f94	02810333	mul	x6,x2,x8	  x2:0x80000000  x8:0x00000004  x6=0x00000000
         298917	     14844	80004f98	00f9f8b3	and	x17,x19,x15	 x19:0xffffffff x15:0x00000000 x17=0x00000000
         299017	     14849	80004f9c	41bb5e93	srai	x29,x22,0x1b	 x22:0xffff3985 x29=0xffffffff
         299437	     14870	80004fa0	9372	c.add	x6,x28	  x6:0x00000000 x28:0x0001f000  x6=0x0001f000
         299457	     14871	80004fa2	8b8a	c.mv	x23,x2	  x0:0x00000000  x2:0x80000000 x23=0x80000000
         299477	     14872	80004fa4	8f49	c.or	x14,x10	 x14:0x2ef889c6 x10:0x00000000 x14=0x2ef889c6
         299497	     14873	80004fa6	07c6	c.slli	x15,0x11	 x15:0x00000000 x15=0x00000000
         299517	     14874	80004fa8	01ec1993	slli	x19,x24,0x1e	 x24:0x00000000 x19=0x00000000
         299537	     14875	80004fac	3401abf3	csrrs	x23,mscratch,x3	  x3:0x2efa79c6 x23=0x00000000
         299557	     14876	80004fb0	d7193a13	sltiu	x20,x18,-655	 x18:0x7f843d80 x20=0x00000001
         299577	     14877	80004fb4	c6dc8cb7	lui	x25,0xc6dc8	 x25=0xc6dc8000
         299737	     14885	80004fb8	03e291b3	mulh	x3,x5,x30	  x5:0x80022e64 x30:0x00000000  x3=0x00000000
         299777	     14887	80004fbc	03462233	mulhsu	x4,x12,x20	 x12:0x00000000 x20:0x00000001  x4=0x00000000
         299797	     14888	80004fc0	007befb3	or	x31,x23,x7	 x23:0x00000000  x7:0xfffffbcd x31=0xfffffbcd
         300157	     14906	80004fc4	4066dd33	sra	x26,x13,x6	 x13:0x00000000  x6:0x0001f000 x26=0x00000000
         300297	     14913	80004fc8	0000100f	fence.i	
         300917	     14944	80004fcc	0001	c.addi	x0,0	  x0:0x00000000  x0=0x00000000
         300937	     14945	80004fce	3400dbf3	csrrwi	x23,mscratch,1	 x23=0x2efa79c6
         300957	     14946	80004fd2	8351	c.srli	x14,0x14	 x14:0x2ef889c6 x14=0x000002ef
         301297	     14963	80004fd4	0120b8b3	sltu	x17,x1,x18	  x1:0x0000001c x18:0x7f843d80 x17=0x00000001
         301317	     14964	80004fd8	01f6d413	srli	x8,x13,0x1f	 x13:0x00000000  x8=0x00000000
         301337	     14965	80004fdc	34096373	csrrsi	x6,mscratch,18	  x6=0x00000001
         301357	     14966	80004fe0	8fdd	c.or	x15,x15	 x15:0x00000000 x15:0x00000000 x15=0x00000000
         301377	     14967	80004fe2	5afd	c.li	x21,-1	 x21=0xffffffff
         301777	     14987	80004fe4	00f80233	add	x4,x16,x15	 x16:0x00000001 x15:0x00000000  x4=0x00000001
         301877	     14992	80004fe8	00c16db3	or	x27,x2,x12	  x2:0x80000000 x12:0x00000000 x27=0x80000000
         301897	     14993	80004fec	0055b7b3	sltu	x15,x11,x5	 x11:0x00000000  x5:0x80022e64 x15=0x00000001
         301917	     14994	80004ff0	0249c563	blt	x19,x4,8000501a	 x19:0x00000000  x4:0x00000001
         302457	     15021	8000501a	04ade163	bltu	x27,x10,8000505c	 x27:0x80000000 x10:0x00000000
         302657	     15031	8000501e	0d0b8f93	addi	x31,x23,208	 x23:0x2efa79c6 x31=0x2efa7a96
         302697	     15033	80005022	02a0a7b3	mulhsu	x15,x1,x10	  x1:0x0000001c x10:0x00000000 x15=0x00000000
         302717	     15034	80005026	9512	c.add	x10,x4	 x10:0x00000000  x4:0x00000001 x10=0x00000001
         303817	     15089	80005028	03566933	rem	x18,x12,x21	 x12:0x00000000 x21:0xffffffff x18=0x00000000
         303837	     15090	8000502c	03639e63	bne	x7,x22,80005068	  x7:0xfffffbcd x22:0xffff3985
         303917	     15094	80005068	021fca63	blt	x31,x1,8000509c	 x31:0x2efa7a96  x1:0x0000001c
         303937	     15095	8000506c	4101d533	sra	x10,x3,x16	  x3:0x00000000 x16:0x00000001 x10=0x00000000
         303957	     15096	80005070	e19d	c.bnez	x11,80005096	 x11:0x00000000
         303977	     15097	80005072	8fc1	c.or	x15,x8	 x15:0x00000000  x8:0x00000000 x15=0x00000000
         304097	     15103	80005074	8e65	c.and	x12,x9	 x12:0x00000000  x9:0x80026ce4 x12=0x00000000
         304117	     15104	80005076	fd85a613	slti	x12,x11,-40	 x11:0x00000000 x12=0x00000000
         304197	     15108	8000507a	d0692b13	slti	x22,x18,-762	 x18:0x00000000 x22=0x00000000
         304217	     15109	8000507e	82cd	c.srli	x13,0x13	 x13:0x00000000 x13=0x00000000
         304357	     15116	80005080	0fd6	c.slli	x31,0x15	 x31:0x2efa7a96 x31=0x52c00000
         304377	     15117	80005082	0001	c.addi	x0,0	  x0:0x00000000  x0=0x00000000
         304397	     15118	80005084	028b6263	bltu	x22,x8,800050a8	 x22:0x00000000  x8:0x00000000
         304417	     15119	80005088	0001	c.addi	x0,0	  x0:0x00000000  x0=0x00000000
         304437	     15120	8000508a	8275	c.srli	x12,0x1d	 x12:0x00000000 x12=0x00000000
         304637	     15130	8000508c	0199f833	and	x16,x19,x25	 x19:0x00000000 x25:0xc6dc8000 x16=0x00000000
         305057	     15151	80005090	4b9d	c.li	x23,7	 x23=0x00000007
         305117	     15154	80005092	151a8f13	addi	x30,x21,337	 x21:0xffffffff x30=0x00000150
         305137	     15155	80005096	c019	c.beqz	x8,8000509c	  x8:0x00000000
         305917	     15194	8000509c	40dfd9b3	sra	x19,x31,x13	 x31:0x52c00000 x13:0x00000000 x19=0x52c00000
         306337	     15215	800050a0	02df0f63	beq	x30,x13,800050de	 x30:0x00000150 x13:0x00000000
         306437	     15220	800050a4	8011	c.srli	x8,0x4	  x8:0x00000000  x8=0x00000000
         306457	     15221	800050a6	6b59	c.lui	x22,0x16	 x22=0x00016000
         306777	     15237	800050a8	8e71	c.and	x12,x12	 x12:0x00000000 x12:0x00000000 x12=0x00000000
         306797	     15238	800050aa	0001	c.addi	x0,0	  x0:0x00000000  x0=0x00000000
         306977	     15247	800050ac	cb09	c.beqz	x14,800050be	 x14:0x000002ef
         306997	     15248	800050ae	0001	c.addi	x0,0	  x0:0x00000000  x0=0x00000000
         307017	     15249	800050b0	00b6abb3	slt	x23,x13,x11	 x13:0x00000000 x11:0x00000000 x23=0x00000000
         307037	     15250	800050b4	444f7a37	lui	x20,0x444f7	 x20=0x444f7000
         307437	     15270	800050b8	4ca5	c.li	x25,9	 x25=0x00000009
         307457	     15271	800050ba	01e6a233	slt	x4,x13,x30	 x13:0x00000000 x30:0x00000150  x4=0x00000001
         307477	     15272	800050be	006de933	or	x18,x27,x6	 x27:0x80000000  x6:0x00000001 x18=0x80000001
         307797	     15288	800050c2	340bdff3	csrrwi	x31,mscratch,23	 x31=0x00000013
         307817	     15289	800050c6	86b5	c.srai	x13,0xd	 x13:0x00000000 x13=0x00000000
         307917	     15294	800050c8	726ba813	slti	x16,x23,1830	 x23:0x00000000 x16=0x00000001
         307937	     15295	800050cc	03b31e63	bne	x6,x27,80005108	  x6:0x00000001 x27:0x80000000
         308177	     15307	80005108	f290a313	slti	x6,x1,-215	  x1:0x0000001c  x6=0x00000000
         308197	     15308	8000510c	8e01	c.sub	x12,x8	 x12:0x00000000  x8:0x00000000 x12=0x00000000
         308437	     15320	8000510e	33a2b893	sltiu	x17,x5,826	  x5:0x80022e64 x17=0x00000000
         308457	     15321	80005112	8d45	c.or	x10,x9	 x10:0x00000000  x9:0x80026ce4 x10=0x80026ce4
         308477	     15322	80005114	0000100f	fence.i	
         309117	     15354	80005118	002133b3	sltu	x7,x2,x2	  x2:0x80000000  x2:0x80000000  x7=0x00000000
         309857	     15391	8000511c	024a5db3	divu	x27,x20,x4	 x20:0x444f7000  x4:0x00000001 x27=0x444f7000
         309877	     15392	80005120	011df663	bgeu	x27,x17,8000512c	 x27:0x444f7000 x17:0x00000000
         309957	     15396	8000512c	34081b73	csrrw	x22,mscratch,x16	 x16:0x00000001 x22=0x00000017
         310117	     15404	80005130	340dd073	csrrwi	x0,mscratch,27	  x0=0x00000000
         310137	     15405	80005134	00c84433	xor	x8,x16,x12	 x16:0x00000001 x12:0x00000000  x8=0x00000001
         310317	     15414	80005138	0001	c.addi	x0,0	  x0:0x00000000  x0=0x00000000
         310337	     15415	8000513a	933c8e13	addi	x28,x25,-1741	 x25:0x00000009 x28=0xfffff93c
         310537	     15425	8000513e	00535213	srli	x4,x6,0x5	  x6:0x00000000  x4=0x00000000
         310557	     15426	80005142	0006a1b3	slt	x3,x13,x0	 x13:0x00000000  x0:0x00000000  x3=0x00000000
         311297	     15463	80005146	02eb7ab3	remu	x21,x22,x14	 x22:0x00000017 x14:0x000002ef x21=0x00000017
         311317	     15464	8000514a	005f3e33	sltu	x28,x30,x5	 x30:0x00000150  x5:0x80022e64 x28=0x00000001
         311337	     15465	8000514e	00e7ed33	or	x26,x15,x14	 x15:0x00000000 x14:0x000002ef x26=0x000002ef
         311357	     15466	80005152	34047f73	csrrci	x30,mscratch,8	 x30=0x0000001b
         311377	     15467	80005156	340029f3	csrrs	x19,mscratch,x0	  x0:0x00000000 x19=0x00000013
         311397	     15468	8000515a	00991c33	sll	x24,x18,x9	 x18:0x80000001  x9:0x80026ce4 x24=0x00000010
         311537	     15475	8000515e	340fdb73	csrrwi	x22,mscratch,31	 x22=0x00000013
         311557	     15476	80005162	8c21	c.xor	x8,x8	  x8:0x00000001  x8:0x00000001  x8=0x00000000
         311577	     15477	80005164	8df1	c.and	x11,x12	 x11:0x00000000 x12:0x00000000 x11=0x00000000
         311597	     15478	80005166	00560c33	add	x24,x12,x5	 x12:0x00000000  x5:0x80022e64 x24=0x80022e64
         311617	     15479	8000516a	c21d	c.beqz	x12,80005190	 x12:0x00000000
         312137	     15505	80005190	340066f3	csrrsi	x13,mscratch,0	 x13=0x0000001f
         312157	     15506	80005194	59a6c513	xori	x10,x13,1434	 x13:0x0000001f x10=0x00000585
         312417	     15519	80005198	03bb2c33	mulhsu	x24,x22,x27	 x22:0x00000013 x27:0x444f7000 x24=0x00000005
         312717	     15534	8000519c	406883b3	sub	x7,x17,x6	 x17:0x00000000  x6:0x00000000  x7=0x00000000
         312737	     15535	800051a0	e80d	c.bnez	x8,800051d2	  x8:0x00000000
         313477	     15572	800051a2	03584233	div	x4,x16,x21	 x16:0x00000001 x21:0x00000017  x4=0x00000000
         313497	     15573	800051a6	0001	c.addi	x0,0	  x0:0x00000000  x0=0x00000000
         313537	     15575	800051a8	039f9933	mulh	x18,x31,x25	 x31:0x00000013 x25:0x00000009 x18=0x00000000
         313557	     15576	800051ac	006c53b3	srl	x7,x24,x6	 x24:0x00000005  x6:0x00000000  x7=0x00000005
         313617	     15579	800051b0	00e2f9b3	and	x19,x5,x14	  x5:0x80022e64 x14:0x000002ef x19=0x00000264
         314357	     15616	800051b4	033a6433	rem	x8,x20,x19	 x20:0x444f7000 x19:0x00000264  x8=0x0000019c
         314377	     15617	800051b8	00a6bcb3	sltu	x25,x13,x10	 x13:0x0000001f x10:0x00000585 x25=0x00000001
         314397	     15618	800051bc	9916	c.add	x18,x5	 x18:0x00000000  x5:0x80022e64 x18=0x80022e64
         314417	     15619	800051be	3407b9f3	csrrc	x19,mscratch,x15	 x15:0x00000000 x19=0x0000001f
         314437	     15620	800051c2	03298a33	mul	x20,x19,x18	 x19:0x0000001f x18:0x80022e64 x20=0x80439e1c
         314457	     15621	800051c6	db68cab7	lui	x21,0xdb68c	 x21=0xdb68c000
         314477	     15622	800051ca	8c61	c.and	x8,x8	  x8:0x0000019c  x8:0x0000019c  x8=0x0000019c
         314557	     15626	800051cc	0412	c.slli	x8,0x4	  x8:0x0000019c  x8=0x000019c0
         314577	     15627	800051ce	0199bfb3	sltu	x31,x19,x25	 x19:0x0000001f x25:0x00000001 x31=0x00000000
         314597	     15628	800051d2	0558e063	bltu	x17,x21,80005212	 x17:0x00000000 x21:0xdb68c000
         314857	     15641	80005212	68e9	c.lui	x17,0x1a	 x17=0x0001a000
         314877	     15642	80005214	018f5413	srli	x8,x30,0x18	 x30:0x0000001b  x8=0x00000000
         315297	     15663	80005218	642d	c.lui	x8,0xb	  x8=0x0000b000
         315317	     15664	8000521a	8e79	c.and	x12,x14	 x12:0x00000000 x14:0x000002ef x12=0x00000000
         315337	     15665	8000521c	02180d33	mul	x26,x16,x1	 x16:0x00000001  x1:0x0000001c x26=0x0000001c
         315357	     15666	80005220	86fd	c.srai	x13,0x1f	 x13:0x0000001f x13=0x00000000
         315497	     15673	80005222	34049273	csrrw	x4,mscratch,x9	  x9:0x80026ce4  x4=0x0000001f
         315797	     15688	80005226	0000100f	fence.i	
         316857	     15741	8000522a	03231733	mulh	x14,x6,x18	  x6:0x00000000 x18:0x80022e64 x14=0x00000000
         316877	     15742	8000522e	012090b3	sll	x1,x1,x18	  x1:0x0000001c x18:0x80022e64  x1=0x000001c0
         317257	     15761	80005232	790b3a97	auipc	x21,0x790b3	 x21=0xf90b8232
         317337	     15765	80005236	034327b3	mulhsu	x15,x6,x20	  x6:0x00000000 x20:0x80439e1c x15=0x00000000
         317357	     15766	8000523a	8f85	c.sub	x15,x9	 x15:0x00000000  x9:0x80026ce4 x15=0x7ffd931c
         317757	     15786	8000523c	02a7be33	mulhu	x28,x15,x10	 x15:0x7ffd931c x10:0x00000585 x28=0x000002c2
         318157	     15806	80005240	e589	c.bnez	x11,8000524a	 x11:0x00000000
         318177	     15807	80005242	3401b073	csrrc	x0,mscratch,x3	  x3:0x00000000  x0=0x00000000
         318197	     15808	80005246	7292a193	slti	x3,x5,1833	  x5:0x80022e64  x3=0x00000001
         318217	     15809	8000524a	007578b3	and	x17,x10,x7	 x10:0x00000585  x7:0x00000005 x17=0x00000005
         318257	     15811	8000524e	340997f3	csrrw	x15,mscratch,x19	 x19:0x0000001f x15=0x80026ce4
         318277	     15812	80005252	01d166b3	or	x13,x2,x29	  x2:0x80000000 x29:0xffffffff x13=0xffffffff
         319137	     15855	80005256	02dcc033	div	x0,x25,x13	 x25:0x00000001 x13:0xffffffff  x0=0x00000000
         319157	     15856	8000525a	0ff0000f	fence	iorw,iorw	
         319177	     15857	8000525e	01f34c33	xor	x24,x6,x31	  x6:0x00000000 x31:0x00000000 x24=0x00000000
         319197	     15858	80005262	340ebb73	csrrc	x22,mscratch,x29	 x29:0xffffffff x22=0x0000001f
         319217	     15859	80005266	40dcd693	srai	x13,x25,0xd	 x25:0x00000001 x13=0x00000000
         319357	     15866	8000526a	0ff0000f	fence	iorw,iorw	
         319377	     15867	8000526e	0ff0000f	fence	iorw,iorw	
         319617	     15879	80005272	038dd863	bge	x27,x24,800052a2	 x27:0x444f7000 x24:0x00000000
         320457	     15921	800052a2	34085573	csrrwi	x10,mscratch,16	 x10=0x00000000
         320577	     15927	800052a6	039db3b3	mulhu	x7,x27,x25	 x27:0x444f7000 x25:0x00000001  x7=0x00000000
         320757	     15936	800052aa	026ef3b3	remu	x7,x29,x6	 x29:0xffffffff  x6:0x00000000  x7=0xffffffff
         320797	     15938	800052ae	0275b1b3	mulhu	x3,x11,x7	 x11:0x00000000  x7:0xffffffff  x3=0x00000000
         320817	     15939	800052b2	02336363	bltu	x6,x3,800052d8	  x6:0x00000000  x3:0x00000000
         320837	     15940	800052b6	88fa	c.mv	x17,x30	  x0:0x00000000 x30:0x0000001b x17=0x0000001b
         320857	     15941	800052b8	587d	c.li	x16,-1	 x16=0xffffffff
         320877	     15942	800052ba	8d41	c.or	x10,x8	 x10:0x00000000  x8:0x0000b000 x10=0x0000b000
         320897	     15943	800052bc	0137bcb3	sltu	x25,x15,x19	 x15:0x80026ce4 x19:0x0000001f x25=0x00000000
         320917	     15944	800052c0	4dd4f413	andi	x8,x9,1245	  x9:0x80026ce4  x8=0x000004c4
         320937	     15945	800052c4	8b7d	c.andi	x14,31	 x14:0x00000000 x14=0x00000000
         321197	     15958	800052c6	3e740e13	addi	x28,x8,999	  x8:0x000004c4 x28=0x000008ab
         321217	     15959	800052ca	49a5	c.li	x19,9	 x19=0x00000009
         327157	     16256	800052cc	340061f3	csrrsi	x3,mscratch,0	  x3=0x00000010
         327177	     16257	800052d0	8d59	c.or	x10,x14	 x10:0x0000b000 x14:0x00000000 x10=0x0000b000
         327197	     16258	800052d2	41d485b3	sub	x11,x9,x29	  x9:0x80026ce4 x29:0xffffffff x11=0x80026ce5
         327217	     16259	800052d6	0db5	c.addi	x27,13	 x27:0x444f7000 x27=0x444f700d
         327237	     16260	800052d8	c2d56d93	ori	x27,x10,-979	 x10:0x0000b000 x27=0xfffffc2d
         327257	     16261	800052dc	ea9d	c.bnez	x13,80005312	 x13:0x00000000
         327277	     16262	800052de	e895c417	auipc	x8,0xe895c	  x8=0x689612de
         327297	     16263	800052e2	8f89	c.sub	x15,x10	 x15:0x80026ce4 x10:0x0000b000 x15=0x8001bce4
         327557	     16276	800052e4	0001	c.addi	x0,0	  x0:0x00000000  x0=0x00000000
         327577	     16277	800052e6	e981	c.bnez	x11,800052f6	 x11:0x80026ce5
         329177	     16357	800052f6	91ee0e93	addi	x29,x28,-1762	 x28:0x000008ab x29=0x000001c9
         329297	     16363	800052fa	8965e093	ori	x1,x11,-1898	 x11:0x80026ce5  x1=0xfffffcf7
         329477	     16372	800052fe	34015d73	csrrwi	x26,mscratch,2	 x26=0x00000010
         329497	     16373	80005302	667d	c.lui	x12,0x1f	 x12=0x0001f000
         329517	     16374	80005304	affe2e13	slti	x28,x28,-1281	 x28:0x000008ab x28=0x00000000
         329537	     16375	80005308	34002ff3	csrrs	x31,mscratch,x0	  x0:0x00000000 x31=0x00000002
         329577	     16377	8000530c	c215	c.beqz	x12,80005330	 x12:0x0001f000
         329617	     16379	8000530e	340060f3	csrrsi	x1,mscratch,0	  x1=0x00000002
         329737	     16385	80005312	0063c933	xor	x18,x7,x6	  x7:0xffffffff  x6:0x00000000 x18=0xffffffff
         329757	     16386	80005316	8ef1	c.and	x13,x12	 x13:0x00000000 x12:0x0001f000 x13=0x00000000
         330877	     16442	80005318	02a8fbb3	remu	x23,x17,x10	 x17:0x0000001b x10:0x0000b000 x23=0x0000001b
         330897	     16443	8000531c	01c48ab3	add	x21,x9,x28	  x9:0x80026ce4 x28:0x00000000 x21=0x80026ce4
         330917	     16444	80005320	4002dd33	sra	x26,x5,x0	  x5:0x80022e64  x0:0x00000000 x26=0x80022e64
         330937	     16445	80005324	15fd	c.addi	x11,-1	 x11:0x80026ce5 x11=0x80026ce4
         330957	     16446	80005326	40515b13	srai	x22,x2,0x5	  x2:0x80000000 x22=0xfc000000
         330977	     16447	8000532a	067a	c.slli	x12,0x1e	 x12:0x0001f000 x12=0x00000000
         330997	     16448	8000532c	3409ff73	csrrci	x30,mscratch,19	 x30=0x00000002
         331057	     16451	80005330	340afe73	csrrci	x28,mscratch,21	 x28=0x00000000
         331077	     16452	80005334	8d29	c.xor	x10,x10	 x10:0x0000b000 x10:0x0000b000 x10=0x00000000
         331117	     16454	80005336	00c3d6b3	srl	x13,x7,x12	  x7:0xffffffff x12:0x00000000 x13=0xffffffff
         331137	     16455	8000533a	e41d	c.bnez	x8,80005368	  x8:0x689612de
         331957	     16496	80005368	0001	c.addi	x0,0	  x0:0x00000000  x0=0x00000000
         331977	     16497	8000536a	069cad93	slti	x27,x25,105	 x25:0x00000000 x27=0x00000001
         331997	     16498	8000536e	01462c33	slt	x24,x12,x20	 x12:0x00000000 x20:0x80439e1c x24=0x00000000
         332017	     16499	80005372	01d0e733	or	x14,x1,x29	  x1:0x00000002 x29:0x000001c9 x14=0x000001cb
         332037	     16500	80005376	8fe9	c.and	x15,x10	 x15:0x8001bce4 x10:0x00000000 x15=0x00000000
         332077	     16502	80005378	04298163	beq	x19,x2,800053ba	 x19:0x00000009  x2:0x80000000
         332817	     16539	8000537c	031c4933	div	x18,x24,x17	 x24:0x00000000 x17:0x0000001b x18=0x00000000
         332837	     16540	80005380	8f25	c.xor	x14,x9	 x14:0x000001cb  x9:0x80026ce4 x14=0x80026d2f
         332857	     16541	80005382	cd01	c.beqz	x10,8000539a	 x10:0x00000000
         333577	     16577	8000539a	dc714f93	xori	x31,x2,-569	  x2:0x80000000 x31=0x7ffffdc7
         333617	     16579	8000539e	0331bcb3	mulhu	x25,x3,x19	  x3:0x00000010 x19:0x00000009 x25=0x00000000
         333637	     16580	800053a2	e99fa693	slti	x13,x31,-359	 x31:0x7ffffdc7 x13=0x00000000
         333697	     16583	800053a6	02cd8cb3	mul	x25,x27,x12	 x27:0x00000001 x12:0x00000000 x25=0x00000000
         333717	     16584	800053aa	0001	c.addi	x0,0	  x0:0x00000000  x0=0x00000000
         333817	     16589	800053ac	453b7d93	andi	x27,x22,1107	 x22:0xfc000000 x27=0x00000000
         333837	     16590	800053b0	011d19b3	sll	x19,x26,x17	 x26:0x80022e64 x17:0x0000001b x19=0x20000000
         334037	     16600	800053b4	00f43b33	sltu	x22,x8,x15	  x8:0x689612de x15:0x00000000 x22=0x00000000
         334457	     16621	800053b8	8e31	c.xor	x12,x12	 x12:0x00000000 x12:0x00000000 x12=0x00000000
         334477	     16622	800053ba	011f7863	bgeu	x30,x17,800053ca	 x30:0x00000002 x17:0x0000001b
         334677	     16632	800053be	e64a9c97	auipc	x25,0xe64a9	 x25=0x664ae3be
         334757	     16636	800053c2	820b6417	auipc	x8,0x820b6	  x8=0x020bb3c2
         334957	     16646	800053c6	0ff0000f	fence	iorw,iorw	
         334977	     16647	800053ca	ed85	c.bnez	x11,80005402	 x11:0x80026ce4
         336497	     16723	80005402	0001	c.addi	x0,0	  x0:0x00000000  x0=0x00000000
         336517	     16724	80005404	01201f93	slli	x31,x0,0x12	  x0:0x00000000 x31=0x00000000
         336537	     16725	80005408	8da9	c.xor	x11,x10	 x11:0x80026ce4 x10:0x00000000 x11=0x80026ce4
         336557	     16726	8000540a	0000100f	fence.i	
         336657	     16731	8000540e	01576a33	or	x20,x14,x21	 x14:0x80026d2f x21:0x80026ce4 x20=0x80026def
         336677	     16732	80005412	01db8e63	beq	x23,x29,8000542e	 x23:0x0000001b x29:0x000001c9
         336857	     16741	80005416	02cb5a33	divu	x20,x22,x12	 x22:0x00000000 x12:0x00000000 x20=0xffffffff
         336877	     16742	8000541a	03cf6e63	bltu	x30,x28,80005456	 x30:0x00000002 x28:0x00000000
         336897	     16743	8000541e	0001	c.addi	x0,0	  x0:0x00000000  x0=0x00000000
         336917	     16744	80005420	8f95	c.sub	x15,x13	 x15:0x00000000 x13:0x00000000 x15=0x00000000
         337137	     16755	80005422	03b77433	remu	x8,x14,x27	 x14:0x80026d2f x27:0x00000000  x8=0x80026d2f
         337177	     16757	80005426	03cee633	rem	x12,x29,x28	 x29:0x000001c9 x28:0x00000000 x12=0x000001c9
         337297	     16763	8000542a	03aae663	bltu	x21,x26,80005456	 x21:0x80026ce4 x26:0x80022e64
         337317	     16764	8000542e	78cb7d93	andi	x27,x22,1932	 x22:0x00000000 x27=0x00000000
         337337	     16765	80005432	000577b3	and	x15,x10,x0	 x10:0x00000000  x0:0x00000000 x15=0x00000000
         337357	     16766	80005436	e009	c.bnez	x8,80005438	  x8:0x80026d2f
         337437	     16770	80005438	8ea5	c.xor	x13,x9	 x13:0x00000000  x9:0x80026ce4 x13=0x80026ce4
         337697	     16783	8000543a	d8304797	auipc	x15,0xd8304	 x15=0x5830943a
         337777	     16787	8000543e	00703bb3	sltu	x23,x0,x7	  x0:0x00000000  x7:0xffffffff x23=0x00000001
         337917	     16794	80005442	01189593	slli	x11,x17,0x11	 x17:0x0000001b x11=0x00360000
         338077	     16802	80005446	02191063	bne	x18,x1,80005466	 x18:0x00000000  x1:0x00000002
         338557	     16826	80005466	bbd880b7	lui	x1,0xbbd88	  x1=0xbbd88000
         338737	     16835	8000546a	4c838437	lui	x8,0x4c838	  x8=0x4c838000
         338757	     16836	8000546e	0001	c.addi	x0,0	  x0:0x00000000  x0=0x00000000
         338777	     16837	80005470	7f09a537	lui	x10,0x7f09a	 x10=0x7f09a000
         339097	     16853	80005474	34039bf3	csrrw	x23,mscratch,x7	  x7:0xffffffff x23=0x00000000
         339117	     16854	80005478	041f0963	beq	x30,x1,800054ca	 x30:0x00000002  x1:0xbbd88000
         339137	     16855	8000547c	0280f813	andi	x16,x1,40	  x1:0xbbd88000 x16=0x00000000
         339157	     16856	80005480	c1ad	c.beqz	x11,800054e2	 x11:0x00360000
         339457	     16871	80005482	02988733	mul	x14,x17,x9	 x17:0x0000001b  x9:0x80026ce4 x14=0x80417c0c
         339477	     16872	80005486	6ade8f13	addi	x30,x29,1709	 x29:0x000001c9 x30=0x00000876
         339797	     16888	8000548a	340b58f3	csrrwi	x17,mscratch,22	 x17=0xffffffff
         339817	     16889	8000548e	340e3d73	csrrc	x26,mscratch,x28	 x28:0x00000000 x26=0x00000016
         339837	     16890	80005492	66d5	c.lui	x13,0x15	 x13=0x00015000
         339997	     16898	80005494	3408d0f3	csrrwi	x1,mscratch,17	  x1=0x00000016
         340017	     16899	80005498	00004d97	auipc	x27,0x4	 x27=0x80009498
         340277	     16912	8000549c	a42d8d93	addi	x27,x27,-1470	 x27:0x80009498 x27=0x80008eda
         340297	     16913	800054a0	8c51	c.or	x8,x12	  x8:0x4c838000 x12:0x000001c9  x8=0x4c8381c9
         340317	     16914	800054a2	107d8d93	addi	x27,x27,263	 x27:0x80008eda x27=0x80008fe1
         340337	     16915	800054a6	6779	c.lui	x14,0x1e	 x14=0x0001e000
         340357	     16916	800054a8	82b1	c.srli	x13,0xc	 x13:0x00015000 x13=0x00000015
         340377	     16917	800054aa	0011f733	and	x14,x3,x1	  x3:0x00000010  x1:0x00000016 x14=0x00000010
         340657	     16931	800054ae	88e6cc13	xori	x24,x13,-1906	 x13:0x00000015 x24=0xfffff89b
         340797	     16938	800054b2	ef9d8b67	jalr	x22,-263(x27)	 x27:0x80008fe1 x22=0x800054b6
         341977	     16997	80008eda	000b5a63	bge	x22,x0,80008eee	 x22:0x800054b6  x0:0x00000000
         341997	     16998	80008ede	8d4d	c.or	x10,x11	 x10:0x7f09a000 x11:0x00360000 x10=0x7f3fa000
         342017	     16999	80008ee0	8015	c.srli	x8,0x5	  x8:0x4c8381c9  x8=0x02641c0e
         342197	     17008	80008ee2	340fb1f3	csrrc	x3,mscratch,x31	 x31:0x00000000  x3=0x00000011
         342217	     17009	80008ee6	34006c73	csrrsi	x24,mscratch,0	 x24=0x00000011
         343037	     17050	80008eea	0235c3b3	div	x7,x11,x3	 x11:0x00360000  x3:0x00000011  x7=0x00032d2d
         343057	     17051	80008eee	fd828293	addi	x5,x5,-40	  x5:0x80022e64  x5=0x80022e3c
         343077	     17052	80008ef2	0c17e193	ori	x3,x15,193	 x15:0x5830943a  x3=0x583094fb
         343097	     17053	80008ef6	002d1633	sll	x12,x26,x2	 x26:0x00000016  x2:0x80000000 x12=0x00000016
         343557	     17076	80008efa	0162a223	sw	x22,4(x5)	  x5:0x80022e3c x22:0x800054b6 PA:0x80022e40 store:0x800054b6
         343577	     17077	80008efe	018f6c33	or	x24,x30,x24	 x30:0x00000876 x24:0x00000011 x24=0x00000877
         343597	     17078	80008f02	0ff0000f	fence	iorw,iorw	
         343677	     17082	80008f06	c47d68b7	lui	x17,0xc47d6	 x17=0xc47d6000
         343777	     17087	80008f0a	34006f73	csrrsi	x30,mscratch,0	 x30=0x00000011
         343797	     17088	80008f0e	869a	c.mv	x13,x6	  x0:0x00000000  x6:0x00000000 x13=0x00000000
         344197	     17108	80008f10	03980963	beq	x16,x25,80008f42	 x16:0x00000000 x25:0x664ae3be
         344237	     17110	80008f14	03651db3	mulh	x27,x10,x22	 x10:0x7f3fa000 x22:0x800054b6 x27=0xc0605a1b
         344637	     17130	80008f18	340339f3	csrrc	x19,mscratch,x6	  x6:0x00000000 x19=0x00000011
         344757	     17136	80008f1c	01f99633	sll	x12,x19,x31	 x19:0x00000011 x31:0x00000000 x12=0x00000011
         344777	     17137	80008f20	0030d533	srl	x10,x1,x3	  x1:0x00000016  x3:0x583094fb x10=0x00000000
         344797	     17138	80008f24	8b25	c.andi	x14,9	 x14:0x00000010 x14=0x00000000
         344817	     17139	80008f26	01aad913	srli	x18,x21,0x1a	 x21:0x80026ce4 x18=0x00000020
         344837	     17140	80008f2a	02d6fb63	bgeu	x13,x13,80008f60	 x13:0x00000000 x13:0x00000000
         345777	     17187	80008f60	02190db3	mul	x27,x18,x1	 x18:0x00000020  x1:0x00000016 x27=0x000002c0
         345837	     17190	80008f64	3402aaf3	csrrs	x21,mscratch,x5	  x5:0x80022e3c x21=0x00000011
         345857	     17191	80008f68	40655913	srai	x18,x10,0x6	 x10:0x00000000 x18=0x00000000
         345877	     17192	80008f6c	340a5cf3	csrrwi	x25,mscratch,20	 x25=0x80022e3d
         345897	     17193	80008f70	40318b33	sub	x22,x3,x3	  x3:0x583094fb  x3:0x583094fb x22=0x00000000
         346317	     17214	80008f74	8f21	c.xor	x14,x8	 x14:0x00000000  x8:0x02641c0e x14=0x02641c0e
         346377	     17217	80008f76	02051c33	mulh	x24,x10,x0	 x10:0x00000000  x0:0x00000000 x24=0x00000000
         346397	     17218	80008f7a	413e5d93	srai	x27,x28,0x13	 x28:0x00000000 x27=0x00000000
         346417	     17219	80008f7e	03d88333	mul	x6,x17,x29	 x17:0xc47d6000 x29:0x000001c9  x6=0xc3d06000
         346437	     17220	80008f82	01ceda93	srli	x21,x29,0x1c	 x29:0x000001c9 x21=0x00000000
         346457	     17221	80008f86	02d90263	beq	x18,x13,80008faa	 x18:0x00000000 x13:0x00000000
         347217	     17259	80008faa	016749b3	xor	x19,x14,x22	 x14:0x02641c0e x22:0x00000000 x19=0x02641c0e
         347277	     17262	80008fae	00aecd33	xor	x26,x29,x10	 x29:0x000001c9 x10:0x00000000 x26=0x000001c9
         347317	     17264	80008fb2	02a05033	divu	x0,x0,x10	  x0:0x00000000 x10:0x00000000  x0=0x00000000
         347337	     17265	80008fb6	8f19	c.sub	x14,x14	 x14:0x02641c0e x14:0x02641c0e x14=0x00000000
         347357	     17266	80008fb8	0000100f	fence.i	
         348217	     17309	80008fbc	019c5833	srl	x16,x24,x25	 x24:0x00000000 x25:0x80022e3d x16=0x00000000
         348237	     17310	80008fc0	d9acab93	slti	x23,x25,-614	 x25:0x80022e3d x23=0x00000001
         348417	     17319	80008fc4	018551b3	srl	x3,x10,x24	 x10:0x00000000 x24:0x00000000  x3=0x00000000
         348437	     17320	80008fc8	0001	c.addi	x0,0	  x0:0x00000000  x0=0x00000000
         348457	     17321	80008fca	340561f3	csrrsi	x3,mscratch,10	  x3=0x00000014
         348477	     17322	80008fce	340af973	csrrci	x18,mscratch,21	 x18=0x0000001e
         357537	     17775	80008fd2	04600263	beq	x0,x6,80009016	  x0:0x00000000  x6:0xc3d06000
         357557	     17776	80008fd6	05467263	bgeu	x12,x20,8000901a	 x12:0x00000011 x20:0xffffffff
         357577	     17777	80008fda	34059473	csrrw	x8,mscratch,x11	 x11:0x00360000  x8=0x0000000a
         357597	     17778	80008fde	00281f93	slli	x31,x16,0x2	 x16:0x00000000 x31=0x00000000
         357617	     17779	80008fe2	99ee	c.add	x19,x27	 x19:0x02641c0e x27:0x00000000 x19=0x02641c0e
         357637	     17780	80008fe4	40235bb3	sra	x23,x6,x2	  x6:0xc3d06000  x2:0x80000000 x23=0xc3d06000
         357657	     17781	80008fe8	8e35	c.xor	x12,x13	 x12:0x00000011 x13:0x00000000 x12=0x00000011
         357697	     17783	80008fea	3409ebf3	csrrsi	x23,mscratch,19	 x23=0x00360000
         358097	     17803	80008fee	05fe6463	bltu	x28,x31,80009036	 x28:0x00000000 x31:0x00000000
         358117	     17804	80008ff2	005b5263	bge	x22,x5,80008ff6	 x22:0x00000000  x5:0x80022e3c
         359457	     17871	80008ff6	135a0193	addi	x3,x20,309	 x20:0xffffffff  x3=0x00000134
         359477	     17872	80008ffa	8ef1	c.and	x13,x12	 x13:0x00000000 x12:0x00000011 x13=0x00000000
         359757	     17886	80008ffc	57fd	c.li	x15,-1	 x15=0xffffffff
         359997	     17898	80008ffe	012e4763	blt	x28,x18,8000900c	 x28:0x00000000 x18:0x0000001e
         360977	     17947	8000900c	01149813	slli	x16,x9,0x11	  x9:0x80026ce4 x16=0xd9c80000
         361417	     17969	80009010	d905e213	ori	x4,x11,-624	 x11:0x00360000  x4=0xfffffd90
         361437	     17970	80009014	c599	c.beqz	x11,80009022	 x11:0x00360000
         362357	     18016	80009016	022fc6b3	div	x13,x31,x2	 x31:0x00000000  x2:0x80000000 x13=0x00000000
         362377	     18017	8000901a	40595bb3	sra	x23,x18,x5	 x18:0x0000001e  x5:0x80022e3c x23=0x00000000
         362397	     18018	8000901e	ce703093	sltiu	x1,x0,-793	  x0:0x00000000  x1=0x00000001
         362417	     18019	80009022	01948b33	add	x22,x9,x25	  x9:0x80026ce4 x25:0x80022e3d x22=0x00049b21
         362457	     18021	80009026	8d444f13	xori	x30,x8,-1836	  x8:0x0000000a x30=0xfffff8de
         362477	     18022	8000902a	00a179b3	and	x19,x2,x10	  x2:0x80000000 x10:0x00000000 x19=0x00000000
         362497	     18023	8000902e	3403fc73	csrrci	x24,mscratch,7	 x24=0x00360013
         362697	     18033	80009032	58730613	addi	x12,x6,1415	  x6:0xc3d06000 x12=0xc3d06587
         362717	     18034	80009036	03600433	mul	x8,x0,x22	  x0:0x00000000 x22:0x00049b21  x8=0x00000000
         362777	     18037	8000903a	a3a74993	xori	x19,x14,-1478	 x14:0x00000000 x19=0xfffffa3a
         362797	     18038	8000903e	01299763	bne	x19,x18,8000904c	 x19:0xfffffa3a x18:0x0000001e
         363597	     18078	8000904c	02564663	blt	x12,x5,80009078	 x12:0xc3d06587  x5:0x80022e3c
         363797	     18088	80009050	34007bf3	csrrci	x23,mscratch,0	 x23=0x00360010
         363817	     18089	80009054	00d36733	or	x14,x6,x13	  x6:0xc3d06000 x13:0x00000000 x14=0xc3d06000
         363837	     18090	80009058	0197b933	sltu	x18,x15,x25	 x15:0xffffffff x25:0x80022e3d x18=0x00000000
         364017	     18099	8000905c	01997833	and	x16,x18,x25	 x18:0x00000000 x25:0x80022e3d x16=0x00000000
         364077	     18102	80009060	c919	c.beqz	x10,80009076	 x10:0x00000000
         365317	     18164	80009076	83d9	c.srli	x15,0x16	 x15:0xffffffff x15=0x000003ff
         365677	     18182	80009078	00982033	slt	x0,x16,x9	 x16:0x00000000  x9:0x80026ce4  x0=0x00000000
         365697	     18183	8000907c	40e3da93	srai	x21,x7,0xe	  x7:0x00032d2d x21=0x0000000c
         365757	     18186	80009080	0042ab03	lw	x22,4(x5)	  x5:0x80022e3c x22=0x800054b6 PA:0x80022e40 load:0x800054b6
         365777	     18187	80009084	02828293	addi	x5,x5,40	  x5:0x80022e3c  x5=0x80022e64
         365797	     18188	80009088	60e9	c.lui	x1,0x1a	  x1=0x0001a000
         365817	     18189	8000908a	34003ff3	csrrc	x31,mscratch,x0	  x0:0x00000000 x31=0x00360010
         365837	     18190	8000908e	4d51	c.li	x26,20	 x26=0x00000014
         366037	     18200	80009090	001b0813	addi	x16,x22,1	 x22:0x800054b6 x16=0x800054b7
         366237	     18210	80009094	9802	c.jalr	x16	 x16:0x800054b7  x1=0x80009096
         366817	     18239	800054b6	65503d13	sltiu	x26,x0,1621	  x0:0x00000000 x26=0x00000001
         366837	     18240	800054ba	03d1	c.addi	x7,20	  x7:0x00032d2d  x7=0x00032d41
         367017	     18249	800054bc	0000100f	fence.i	
         367537	     18275	800054c0	0000100f	fence.i	
         368257	     18311	800054c4	8f25	c.xor	x14,x9	 x14:0xc3d06000  x9:0x80026ce4 x14=0x43d20ce4
         368437	     18320	800054c6	5410bb93	sltiu	x23,x1,1345	  x1:0x80009096 x23=0x00000000
         368457	     18321	800054ca	402cd993	srai	x19,x25,0x2	 x25:0x80022e3d x19=0xe0008b8f
         368477	     18322	800054ce	96fe2513	slti	x10,x28,-1681	 x28:0x00000000 x10=0x00000000
         368497	     18323	800054d2	c609	c.beqz	x12,800054dc	 x12:0xc3d06587
         369257	     18361	800054d4	0385d9b3	divu	x19,x11,x24	 x11:0x00360000 x24:0x00360013 x19=0x00000000
         369297	     18363	800054d8	02739d33	mulh	x26,x7,x7	  x7:0x00032d41  x7:0x00032d41 x26=0x0000000a
         369317	     18364	800054dc	cc15	c.beqz	x8,80005518	  x8:0x00000000
         370477	     18422	80005518	ea11	c.bnez	x12,8000552c	 x12:0xc3d06587
         371517	     18474	8000552c	004c8633	add	x12,x25,x4	 x25:0x80022e3d  x4:0xfffffd90 x12=0x80022bcd
         371537	     18475	80005530	8a7d	c.andi	x12,31	 x12:0x80022bcd x12=0x0000000d
         371557	     18476	80005532	024b1363	bne	x22,x4,80005558	 x22:0x800054b6  x4:0xfffffd90
         371817	     18489	80005558	0e71	c.addi	x28,28	 x28:0x00000000 x28=0x0000001c
         372237	     18510	8000555a	01c19463	bne	x3,x28,80005562	  x3:0x00000134 x28:0x0000001c
         372657	     18531	80005562	03a6	c.slli	x7,0x9	  x7:0x00032d41  x7=0x065a8200
         372797	     18538	80005564	9afd	c.andi	x13,-1	 x13:0x00000000 x13=0x00000000
         373217	     18559	80005566	412b0b33	sub	x22,x22,x18	 x22:0x800054b6 x18:0x00000000 x22=0x800054b6
         373237	     18560	8000556a	c511	c.beqz	x10,80005576	 x10:0x00000000
         373337	     18565	80005576	98be	c.add	x17,x15	 x17:0xc47d6000 x15:0x000003ff x17=0xc47d63ff
         373637	     18580	80005578	cf938d93	addi	x27,x7,-775	  x7:0x065a8200 x27=0x065a7ef9
         373817	     18589	8000557c	011f80b3	add	x1,x31,x17	 x31:0x00360010 x17:0xc47d63ff  x1=0xc4b3640f
         373837	     18590	80005580	0e72	c.slli	x28,0x1c	 x28:0x0000001c x28=0xc0000000
         374157	     18606	80005582	007d1e93	slli	x29,x26,0x7	 x26:0x0000000a x29=0x00000500
         374177	     18607	80005586	0abe	c.slli	x21,0xf	 x21:0x0000000c x21=0x00060000
         374277	     18612	80005588	59317b37	lui	x22,0x59317	 x22=0x59317000
         374357	     18616	8000558c	000db033	sltu	x0,x27,x0	 x27:0x065a7ef9  x0:0x00000000  x0=0x00000000
         374377	     18617	80005590	8335	c.srli	x14,0xd	 x14:0x43d20ce4 x14=0x00021e90
         374417	     18619	80005592	037fe533	rem	x10,x31,x23	 x31:0x00360010 x23:0x00000000 x10=0x00360010
         374537	     18625	80005596	34096bf3	csrrsi	x23,mscratch,18	 x23=0x00360010
         374797	     18638	8000559a	2af9ff93	andi	x31,x19,687	 x19:0x00000000 x31=0x00000000
         374817	     18639	8000559e	0001	c.addi	x0,0	  x0:0x00000000  x0=0x00000000
         374837	     18640	800055a0	a2a17e93	andi	x29,x2,-1494	  x2:0x80000000 x29=0x80000000
         374857	     18641	800055a4	01dbd033	srl	x0,x23,x29	 x23:0x00360010 x29:0x80000000  x0=0x00000000
         375257	     18661	800055a8	c1a1	c.beqz	x11,800055e8	 x11:0x00360000
         375417	     18669	800055aa	40f9d413	srai	x8,x19,0xf	 x19:0x00000000  x8=0x00000000
         375517	     18674	800055ae	01cc5f13	srli	x30,x24,0x1c	 x24:0x00360013 x30=0x00000000
         375937	     18695	800055b2	340e2bf3	csrrs	x23,mscratch,x28	 x28:0xc0000000 x23=0x00360012
         375957	     18696	800055b6	340f1073	csrrw	x0,mscratch,x30	 x30:0x00000000  x0=0x00000000
         376037	     18700	800055ba	0107dd13	srli	x26,x15,0x10	 x15:0x000003ff x26=0x00000000
         376137	     18705	800055be	3403d5f3	csrrwi	x11,mscratch,7	 x11=0x00000000
         376157	     18706	800055c2	8ec9	c.or	x13,x10	 x13:0x00000000 x10:0x00360010 x13=0x00360010
         376397	     18718	800055c4	01f82e33	slt	x28,x16,x31	 x16:0x800054b7 x31:0x00000000 x28=0x00000001
         376457	     18721	800055c8	01e330b3	sltu	x1,x6,x30	  x6:0xc3d06000 x30:0x00000000  x1=0x00000000
         376477	     18722	800055cc	879d	c.srai	x15,0x7	 x15:0x000003ff x15=0x00000007
         376517	     18724	800055ce	001f7033	and	x0,x30,x1	 x30:0x00000000  x1:0x00000000  x0=0x00000000
         376737	     18735	800055d2	03ee3ab3	mulhu	x21,x28,x30	 x28:0x00000001 x30:0x00000000 x21=0x00000000
         377137	     18755	800055d6	34007ef3	csrrci	x29,mscratch,0	 x29=0x00000007
         377177	     18757	800055da	035df333	remu	x6,x27,x21	 x27:0x065a7ef9 x21:0x00000000  x6=0x065a7ef9
         377197	     18758	800055de	00715c13	srli	x24,x2,0x7	  x2:0x80000000 x24=0x01000000
         377617	     18779	800055e2	027ebcb3	mulhu	x25,x29,x7	 x29:0x00000007  x7:0x065a8200 x25=0x00000000
         377637	     18780	800055e6	ce9d	c.beqz	x13,80005624	 x13:0x00360010
         377657	     18781	800055e8	00cb1b63	bne	x22,x12,800055fe	 x22:0x59317000 x12:0x0000000d
         378697	     18833	800055fe	02153ab3	mulhu	x21,x10,x1	 x10:0x00360010  x1:0x00000000 x21=0x00000000
         378717	     18834	80005602	01fd	c.addi	x3,31	  x3:0x00000134  x3=0x00000153
         378737	     18835	80005604	2cd23217	auipc	x4,0x2cd23	  x4=0xacd28604
         378757	     18836	80005608	9752	c.add	x14,x20	 x14:0x00021e90 x20:0xffffffff x14=0x00021e8f
         378797	     18838	8000560a	03db5b63	bge	x22,x29,80005640	 x22:0x59317000 x29:0x00000007
         379257	     18861	80005640	07acad97	auipc	x27,0x7aca	 x27=0x87acf640
         379297	     18863	80005644	024cbeb3	mulhu	x29,x25,x4	 x25:0x00000000  x4:0xacd28604 x29=0x00000000
         379317	     18864	80005648	01931bb3	sll	x23,x6,x25	  x6:0x065a7ef9 x25:0x00000000 x23=0x065a7ef9
         379337	     18865	8000564c	0001	c.addi	x0,0	  x0:0x00000000  x0=0x00000000
         379737	     18885	8000564e	03bce363	bltu	x25,x27,80005674	 x25:0x00000000 x27:0x87acf640
         380197	     18908	80005674	00dae663	bltu	x21,x13,80005680	 x21:0x00000000 x13:0x00360010
         380737	     18935	80005680	18fd	c.addi	x17,-1	 x17:0xc47d63ff x17=0xc47d63fe
         380897	     18943	80005682	02a5d363	bge	x11,x10,800056a8	 x11:0x00000000 x10:0x00360010
         380917	     18944	80005686	8979	c.andi	x10,30	 x10:0x00360010 x10=0x00000010
         380937	     18945	80005688	c5508413	addi	x8,x1,-939	  x1:0x00000000  x8=0xfffffc55
         381077	     18952	8000568c	340cf0f3	csrrci	x1,mscratch,25	  x1=0x00000007
         381097	     18953	80005690	0001	c.addi	x0,0	  x0:0x00000000  x0=0x00000000
         381477	     18972	80005692	0230d863	bge	x1,x3,800056c2	  x1:0x00000007  x3:0x00000153
         381697	     18983	80005696	00449a13	slli	x20,x9,0x4	  x9:0x80026ce4 x20=0x0026ce40
         381717	     18984	8000569a	411cdd33	sra	x26,x25,x17	 x25:0x00000000 x17:0xc47d63fe x26=0x00000000
         381737	     18985	8000569e	9bfd	c.andi	x15,-1	 x15:0x00000007 x15=0x00000007
         381757	     18986	800056a0	01b65fb3	srl	x31,x12,x27	 x12:0x0000000d x27:0x87acf640 x31=0x0000000d
         381777	     18987	800056a4	96c07913	andi	x18,x0,-1684	  x0:0x00000000 x18=0x00000000
         382017	     18999	800056a8	9cf6	c.add	x25,x29	 x25:0x00000000 x29:0x00000000 x25=0x00000000
         382077	     19002	800056aa	021df063	bgeu	x27,x1,800056ca	 x27:0x87acf640  x1:0x00000007
         382557	     19026	800056ca	016e9313	slli	x6,x29,0x16	 x29:0x00000000  x6=0x00000000
         382717	     19034	800056ce	5f954b13	xori	x22,x10,1529	 x10:0x00000010 x22=0x000005e9
         382737	     19035	800056d2	f7c48893	addi	x17,x9,-132	  x9:0x80026ce4 x17=0x80026c60
         382757	     19036	800056d6	8f46	c.mv	x30,x17	  x0:0x00000000 x17:0x80026c60 x30=0x80026c60
         382777	     19037	800056d8	340068f3	csrrsi	x17,mscratch,0	 x17=0x00000006
         383177	     19057	800056dc	9dba	c.add	x27,x14	 x27:0x87acf640 x14:0x00021e8f x27=0x87af14cf
         383337	     19065	800056de	01eb6463	bltu	x22,x30,800056e6	 x22:0x000005e9 x30:0x80026c60
         384737	     19135	800056e6	02d65e33	divu	x28,x12,x13	 x12:0x0000000d x13:0x00360010 x28=0x00000000
         384757	     19136	800056ea	00171c63	bne	x14,x1,80005702	 x14:0x00021e8f  x1:0x00000007
         385377	     19167	80005702	01fcd093	srli	x1,x25,0x1f	 x25:0x00000000  x1=0x00000000
         385397	     19168	80005706	ec28ff13	andi	x30,x17,-318	 x17:0x00000006 x30=0x00000002
         385417	     19169	8000570a	018d7cb3	and	x25,x26,x24	 x26:0x00000000 x24:0x01000000 x25=0x00000000
         385777	     19187	8000570e	306d9337	lui	x6,0x306d9	  x6=0x306d9000
         385797	     19188	80005712	827d	c.srli	x12,0x1f	 x12:0x0000000d x12=0x00000000
         385837	     19190	80005714	035d3233	mulhu	x4,x26,x21	 x26:0x00000000 x21:0x00000000  x4=0x00000000
         385997	     19198	80005718	01c1ea63	bltu	x3,x28,8000572c	  x3:0x00000153 x28:0x00000000
         386017	     19199	8000571c	0ac5	c.addi	x21,17	 x21:0x00000000 x21=0x00000011
         386057	     19201	8000571e	00eb2a33	slt	x20,x22,x14	 x22:0x000005e9 x14:0x00021e8f x20=0x00000001
         386077	     19202	80005722	851d	c.srai	x10,0x7	 x10:0x00000010 x10=0x00000000
         386137	     19205	80005724	6c098093	addi	x1,x19,1728	 x19:0x00000000  x1=0x000006c0
         386157	     19206	80005728	00e98cb3	add	x25,x19,x14	 x19:0x00000000 x14:0x00021e8f x25=0x00021e8f
         386217	     19209	8000572c	5a6c7e13	andi	x28,x24,1446	 x24:0x01000000 x28=0x00000000
         386257	     19211	80005730	02bc3433	mulhu	x8,x24,x11	 x24:0x01000000 x11:0x00000000  x8=0x00000000
         386477	     19222	80005734	b9007f13	andi	x30,x0,-1136	  x0:0x00000000 x30=0x00000000
         386857	     19241	80005738	debc3a93	sltiu	x21,x24,-533	 x24:0x01000000 x21=0x00000001
         387197	     19258	8000573c	03d7efb3	rem	x31,x15,x29	 x15:0x00000007 x29:0x00000000 x31=0x00000007
         387437	     19270	80005740	6d124d93	xori	x27,x4,1745	  x4:0x00000000 x27=0x000006d1
         387497	     19273	80005744	01ebcf63	blt	x23,x30,80005762	 x23:0x065a7ef9 x30:0x00000000
         387517	     19274	80005748	8996	c.mv	x19,x5	  x0:0x00000000  x5:0x80022e64 x19=0x80022e64
         387537	     19275	8000574a	070a	c.slli	x14,0x2	 x14:0x00021e8f x14=0x00087a3c
         387557	     19276	8000574c	0ff0000f	fence	iorw,iorw	
         387577	     19277	80005750	34021df3	csrrw	x27,mscratch,x4	  x4:0x00000000 x27=0x00000006
         387657	     19281	80005754	9f6e	c.add	x30,x27	 x30:0x00000000 x27:0x00000006 x30=0x00000006
         387677	     19282	80005756	308d8813	addi	x16,x27,776	 x27:0x00000006 x16=0x0000030e
         387697	     19283	8000575a	00025db3	srl	x27,x4,x0	  x4:0x00000000  x0:0x00000000 x27=0x00000000
         387937	     19295	8000575e	518f0013	addi	x0,x30,1304	 x30:0x00000006  x0=0x00000000
         387957	     19296	80005762	8305	c.srli	x14,0x1	 x14:0x00087a3c x14=0x00043d1e
         388277	     19312	80005764	02b8d6b3	divu	x13,x17,x11	 x17:0x00000006 x11:0x00000000 x13=0xffffffff
         388297	     19313	80005768	35c51917	auipc	x18,0x35c51	 x18=0xb5c56768
         388417	     19319	8000576c	8e8d	c.sub	x13,x11	 x13:0xffffffff x11:0x00000000 x13=0xffffffff
         388437	     19320	8000576e	8e51	c.or	x12,x12	 x12:0x00000000 x12:0x00000000 x12=0x00000000
         389177	     19357	80005770	0368c7b3	div	x15,x17,x22	 x17:0x00000006 x22:0x000005e9 x15=0x00000000
         403517	     20074	80005774	17b8bd93	sltiu	x27,x17,379	 x17:0x00000006 x27=0x00000001
         403537	     20075	80005778	860acb13	xori	x22,x21,-1952	 x21:0x00000001 x22=0xfffff861
         404277	     20112	8000577c	023ef233	remu	x4,x29,x3	 x29:0x00000000  x3:0x00000153  x4=0x00000000
         404297	     20113	80005780	0091cf33	xor	x30,x3,x9	  x3:0x00000153  x9:0x80026ce4 x30=0x80026db7
         404317	     20114	80005784	a3fa5db7	lui	x27,0xa3fa5	 x27=0xa3fa5000
         404337	     20115	80005788	3c92c597	auipc	x11,0x3c92c	 x11=0xbc931788
         404357	     20116	8000578c	8519	c.srai	x10,0x6	 x10:0x00000000 x10=0x00000000
         404377	     20117	8000578e	91f14897	auipc	x17,0x91f14	 x17=0x11f1978e
         404397	     20118	80005792	0000100f	fence.i	
         404477	     20122	80005796	03914f63	blt	x2,x25,800057d4	  x2:0x80000000 x25:0x00021e8f
         404517	     20124	800057d4	0001	c.addi	x0,0	  x0:0x00000000  x0=0x00000000
         404757	     20136	800057d6	012aa433	slt	x8,x21,x18	 x21:0x00000001 x18:0xb5c56768  x8=0x00000000
         404777	     20137	800057da	be3dad37	lui	x26,0xbe3da	 x26=0xbe3da000
         404797	     20138	800057de	340035f3	csrrc	x11,mscratch,x0	  x0:0x00000000 x11=0x00000000
         404997	     20148	800057e2	40d25b13	srai	x22,x4,0xd	  x4:0x00000000 x22=0x00000000
         405137	     20155	800057e6	0441e463	bltu	x3,x4,8000582e	  x3:0x00000153  x4:0x00000000
         406237	     20210	800057ea	03077233	remu	x4,x14,x16	 x14:0x00043d1e x16:0x0000030e  x4=0x000000b4
         406257	     20211	800057ee	cd15	c.beqz	x10,8000582a	 x10:0x00000000
         406357	     20216	8000582a	03ff8333	mul	x6,x31,x31	 x31:0x00000007 x31:0x00000007  x6=0x00000031
         406377	     20217	8000582e	0cfc6313	ori	x6,x24,207	 x24:0x01000000  x6=0x010000cf
         406397	     20218	80005832	8d8d	c.sub	x11,x11	 x11:0x00000000 x11:0x00000000 x11=0x00000000
         406797	     20238	80005834	ea6a3c17	auipc	x24,0xea6a3	 x24=0x6a6a8834
         406817	     20239	80005838	9c9df5b7	lui	x11,0x9c9df	 x11=0x9c9df000
         406937	     20245	8000583c	8285	c.srli	x13,0x1	 x13:0xffffffff x13=0x7fffffff
         407177	     20257	8000583e	34013273	csrrc	x4,mscratch,x2	  x2:0x80000000  x4=0x00000000
         407597	     20278	80005842	01ba33b3	sltu	x7,x20,x27	 x20:0x00000001 x27:0xa3fa5000  x7=0x00000001
         407937	     20295	80005846	0ff0000f	fence	iorw,iorw	
         407957	     20296	8000584a	197d	c.addi	x18,-1	 x18:0xb5c56768 x18=0xb5c56767
         408277	     20312	8000584c	034d	c.addi	x6,19	  x6:0x010000cf  x6=0x010000e2
         408317	     20314	8000584e	02f2e633	rem	x12,x5,x15	  x5:0x80022e64 x15:0x00000000 x12=0x80022e64
         408457	     20321	80005852	03b3fa63	bgeu	x7,x27,80005886	  x7:0x00000001 x27:0xa3fa5000
         408657	     20331	80005856	01838263	beq	x7,x24,8000585a	  x7:0x00000001 x24:0x6a6a8834
         408677	     20332	8000585a	9e96	c.add	x29,x5	 x29:0x00000000  x5:0x80022e64 x29=0x80022e64
         408937	     20345	8000585c	34073cf3	csrrc	x25,mscratch,x14	 x14:0x00043d1e x25=0x00000000
         409077	     20352	80005860	017803b3	add	x7,x16,x23	 x16:0x0000030e x23:0x065a7ef9  x7=0x065a8207
         409097	     20353	80005864	8009	c.srli	x8,0x2	  x8:0x00000000  x8=0x00000000
         409117	     20354	80005866	05c2c263	blt	x5,x28,800058aa	  x5:0x80022e64 x28:0x00000000
         409377	     20367	800058aa	8d9d	c.sub	x11,x15	 x11:0x9c9df000 x15:0x00000000 x11=0x9c9df000
         409397	     20368	800058ac	00ebcb33	xor	x22,x23,x14	 x23:0x065a7ef9 x14:0x00043d1e x22=0x065e43e7
         409777	     20387	800058b0	bfd26313	ori	x6,x4,-1027	  x4:0x00000000  x6=0xfffffbfd
         410197	     20408	800058b4	04788063	beq	x17,x7,800058f4	 x17:0x11f1978e  x7:0x065a8207
         410997	     20448	800058b8	036ede33	divu	x28,x29,x22	 x29:0x80022e64 x22:0x065e43e7 x28=0x00000014
         411017	     20449	800058bc	01e2adb3	slt	x27,x5,x30	  x5:0x80022e64 x30:0x80026db7 x27=0x00000001
         411037	     20450	800058c0	a006f613	andi	x12,x13,-1536	 x13:0x7fffffff x12=0x7ffffa00
         411057	     20451	800058c4	0001	c.addi	x0,0	  x0:0x00000000  x0=0x00000000
         411077	     20452	800058c6	064e	c.slli	x12,0x13	 x12:0x7ffffa00 x12=0xd0000000
         411817	     20489	800058c8	023ad8b3	divu	x17,x21,x3	 x21:0x00000001  x3:0x00000153 x17=0x00000000
         411857	     20491	800058cc	02689d33	mulh	x26,x17,x6	 x17:0x00000000  x6:0xfffffbfd x26=0x00000000
         411877	     20492	800058d0	0129ee63	bltu	x19,x18,800058ec	 x19:0x80022e64 x18:0xb5c56767
         412937	     20545	800058ec	01c7da63	bge	x15,x28,80005900	 x15:0x00000000 x28:0x00000014
         413297	     20563	800058f0	a71ec197	auipc	x3,0xa71ec	  x3=0x271f18f0
         413397	     20568	800058f4	8c49	c.or	x8,x10	  x8:0x00000000 x10:0x00000000  x8=0x00000000
         413497	     20573	800058f6	02266963	bltu	x12,x2,80005928	 x12:0xd0000000  x2:0x80000000
         413517	     20574	800058fa	8266	c.mv	x4,x25	  x0:0x00000000 x25:0x00000000  x4=0x00000000
         413537	     20575	800058fc	467e28b7	lui	x17,0x467e2	 x17=0x467e2000
         413677	     20582	80005900	34006373	csrrsi	x6,mscratch,0	  x6=0x00000000
         413717	     20584	80005904	8d11ee13	ori	x28,x3,-1839	  x3:0x271f18f0 x28=0xfffff8f1
         413837	     20590	80005908	0a92	c.slli	x21,0x4	 x21:0x00000001 x21=0x00000010
         413937	     20595	8000590a	75ebcd17	auipc	x26,0x75ebc	 x26=0xf5ec190a
         414037	     20600	8000590e	02999e63	bne	x19,x9,8000594a	 x19:0x80022e64  x9:0x80026ce4
         414997	     20648	8000594a	01817963	bgeu	x2,x24,8000595c	  x2:0x80000000 x24:0x6a6a8834
         415637	     20680	8000595c	0e356993	ori	x19,x10,227	 x10:0x00000000 x19=0x000000e3
         415677	     20682	80005960	34007673	csrrci	x12,mscratch,0	 x12=0x00000000
         415817	     20689	80005964	8d8d	c.sub	x11,x11	 x11:0x9c9df000 x11:0x9c9df000 x11=0x00000000
         415857	     20691	80005966	02f11ab3	mulh	x21,x2,x15	  x2:0x80000000 x15:0x00000000 x21=0x00000000
         415877	     20692	8000596a	89c2	c.mv	x19,x16	  x0:0x00000000 x16:0x0000030e x19=0x0000030e
         415897	     20693	8000596c	010b5433	srl	x8,x22,x16	 x22:0x065e43e7 x16:0x0000030e  x8=0x00001979
         415917	     20694	80005970	50fd	c.li	x1,-1	  x1=0xffffffff
         415937	     20695	80005972	40dcd713	srai	x14,x25,0xd	 x25:0x00000000 x14=0x00000000
         416117	     20704	80005976	01d211b3	sll	x3,x4,x29	  x4:0x00000000 x29:0x80022e64  x3=0x00000000
         416277	     20712	8000597a	02040333	mul	x6,x8,x0	  x8:0x00001979  x0:0x00000000  x6=0x00000000
         416297	     20713	8000597e	1e7d	c.addi	x28,-1	 x28:0xfffff8f1 x28=0xfffff8f0
         416317	     20714	80005980	34007073	csrrci	x0,mscratch,0	  x0=0x00000000
         416377	     20717	80005984	ca05	c.beqz	x12,800059b4	 x12:0x00000000
         416697	     20733	800059b4	8ff1	c.and	x15,x12	 x15:0x00000000 x12:0x00000000 x15=0x00000000
         416877	     20742	800059b6	01697c33	and	x24,x18,x22	 x18:0xb5c56767 x22:0x065e43e7 x24=0x04444367
         416897	     20743	800059ba	60b5	c.lui	x1,0xd	  x1=0x0000d000
         416977	     20747	800059bc	61a9	c.lui	x3,0xa	  x3=0x0000a000
         417077	     20752	800059be	0172bc33	sltu	x24,x5,x23	  x5:0x80022e64 x23:0x065a7ef9 x24=0x00000000
         417097	     20753	800059c2	01919863	bne	x3,x25,800059d2	  x3:0x0000a000 x25:0x00000000
         417457	     20771	800059d2	8431	c.srai	x8,0xc	  x8:0x00001979  x8=0x00000001
         417697	     20783	800059d4	340c5773	csrrwi	x14,mscratch,24	 x14=0x00000000
         417737	     20785	800059d8	ef3e7313	andi	x6,x28,-269	 x28:0xfffff8f0  x6=0xfffff8f0
         417757	     20786	800059dc	3fbae317	auipc	x6,0x3fbae	  x6=0xbfbb39dc
         418177	     20807	800059e0	340d7c73	csrrci	x24,mscratch,26	 x24=0x00000018
         418237	     20810	800059e4	00ed1a33	sll	x20,x26,x14	 x26:0xf5ec190a x14:0x00000000 x20=0xf5ec190a
         418257	     20811	800059e8	025e1363	bne	x28,x5,80005a0e	 x28:0xfffff8f0  x5:0x80022e64
         419077	     20852	80005a0e	011f8463	beq	x31,x17,80005a16	 x31:0x00000007 x17:0x467e2000
         419097	     20853	80005a12	00245193	srli	x3,x8,0x2	  x8:0x00000001  x3=0x00000000
         419117	     20854	80005a16	009e2c33	slt	x24,x28,x9	 x28:0xfffff8f0  x9:0x80026ce4 x24=0x00000000
         419137	     20855	80005a1a	fb74a893	slti	x17,x9,-73	  x9:0x80026ce4 x17=0x00000001
         419497	     20873	80005a1e	00c7dfb3	srl	x31,x15,x12	 x15:0x00000000 x12:0x00000000 x31=0x00000000
         419517	     20874	80005a22	50bfe093	ori	x1,x31,1291	 x31:0x00000000  x1=0x0000050b
         420297	     20913	80005a26	0265c233	div	x4,x11,x6	 x11:0x00000000  x6:0xbfbb39dc  x4=0x00000000
         420317	     20914	80005a2a	8e3d	c.xor	x12,x15	 x12:0x00000000 x15:0x00000000 x12=0x00000000
         420337	     20915	80005a2c	3402dc73	csrrwi	x24,mscratch,5	 x24=0x00000000
         420377	     20917	80005a30	03a3a9b3	mulhsu	x19,x7,x26	  x7:0x065a8207 x26:0xf5ec190a x19=0x061a7a7f
         420397	     20918	80005a34	41eed733	sra	x14,x29,x30	 x29:0x80022e64 x30:0x80026db7 x14=0xffffff00
         420517	     20924	80005a38	86782513	slti	x10,x16,-1945	 x16:0x0000030e x10=0x00000000
         420537	     20925	80005a3c	340d3f73	csrrc	x30,mscratch,x26	 x26:0xf5ec190a x30=0x00000005
         420557	     20926	80005a40	0001	c.addi	x0,0	  x0:0x00000000  x0=0x00000000
         420917	     20944	80005a42	026d6e63	bltu	x26,x6,80005a7e	 x26:0xf5ec190a  x6:0xbfbb39dc
         420937	     20945	80005a46	01f86ab3	or	x21,x16,x31	 x16:0x0000030e x31:0x00000000 x21=0x0000030e
         421097	     20953	80005a4a	004c1fb3	sll	x31,x24,x4	 x24:0x00000000  x4:0x00000000 x31=0x00000000
         421117	     20954	80005a4e	9d7e	c.add	x26,x31	 x26:0xf5ec190a x31:0x00000000 x26=0xf5ec190a
         421137	     20955	80005a50	00205a93	srli	x21,x0,0x2	  x0:0x00000000 x21=0x00000000
         421157	     20956	80005a54	8c05	c.sub	x8,x9	  x8:0x00000001  x9:0x80026ce4  x8=0x7ffd931d
         421177	     20957	80005a56	9816	c.add	x16,x5	 x16:0x0000030e  x5:0x80022e64 x16=0x80023172
         421197	     20958	80005a58	01178ab3	add	x21,x15,x17	 x15:0x00000000 x17:0x00000001 x21=0x00000001
         421217	     20959	80005a5c	413c03b3	sub	x7,x24,x19	 x24:0x00000000 x19:0x061a7a7f  x7=0xf9e58581
         421377	     20967	80005a60	34007f73	csrrci	x30,mscratch,0	 x30=0x00000005
         421537	     20975	80005a64	408387b3	sub	x15,x7,x8	  x7:0xf9e58581  x8:0x7ffd931d x15=0x79e7f264
         421557	     20976	80005a68	8541	c.srai	x10,0x10	 x10:0x00000000 x10=0x00000000
         421577	     20977	80005a6a	8005	c.srli	x8,0x1	  x8:0x7ffd931d  x8=0x3ffec98e
         421597	     20978	80005a6c	00129a93	slli	x21,x5,0x1	  x5:0x80022e64 x21=0x00045cc8
         421697	     20983	80005a70	0001	c.addi	x0,0	  x0:0x00000000  x0=0x00000000
         422117	     21004	80005a72	01876863	bltu	x14,x24,80005a82	 x14:0xffffff00 x24:0x00000000
         422137	     21005	80005a76	0045cf63	blt	x11,x4,80005a94	 x11:0x00000000  x4:0x00000000
         422197	     21008	80005a7a	a42d4513	xori	x10,x26,-1470	 x26:0xf5ec190a x10=0x0a13e348
         422317	     21014	80005a7e	01f2a533	slt	x10,x5,x31	  x5:0x80022e64 x31:0x00000000 x10=0x00000001
         422337	     21015	80005a82	14ea1d97	auipc	x27,0x14ea1	 x27=0x94ea6a82
         422357	     21016	80005a86	890d	c.andi	x10,3	 x10:0x00000001 x10=0x00000001
         422377	     21017	80005a88	340020f3	csrrs	x1,mscratch,x0	  x0:0x00000000  x1=0x00000005
         422457	     21021	80005a8c	340079f3	csrrci	x19,mscratch,0	 x19=0x00000005
         422657	     21031	80005a90	40c808b3	sub	x17,x16,x12	 x16:0x80023172 x12:0x00000000 x17=0x80023172
         422677	     21032	80005a94	014abfb3	sltu	x31,x21,x20	 x21:0x00045cc8 x20:0xf5ec190a x31=0x00000001
         422697	     21033	80005a98	00987663	bgeu	x16,x9,80005aa4	 x16:0x80023172  x9:0x80026ce4
         422717	     21034	80005a9c	00c89fb3	sll	x31,x17,x12	 x17:0x80023172 x12:0x00000000 x31=0x80023172
         422757	     21036	80005aa0	031ea6b3	mulhsu	x13,x29,x17	 x29:0x80022e64 x17:0x80023172 x13=0xbffffe7d
         422837	     21040	80005aa4	929efd13	andi	x26,x29,-1751	 x29:0x80022e64 x26=0x80022820
         423157	     21056	80005aa8	40dc0333	sub	x6,x24,x13	 x24:0x00000000 x13:0xbffffe7d  x6=0x40000183
         423177	     21057	80005aac	017ec633	xor	x12,x29,x23	 x29:0x80022e64 x23:0x065a7ef9 x12=0x8658509d
         423597	     21078	80005ab0	4bbd	c.li	x23,15	 x23=0x0000000f
         423617	     21079	80005ab2	0001	c.addi	x0,0	  x0:0x00000000  x0=0x00000000
         423637	     21080	80005ab4	845d	c.srai	x8,0x17	  x8:0x3ffec98e  x8=0x0000007f
         423657	     21081	80005ab6	05a3d263	bge	x7,x26,80005afa	  x7:0xf9e58581 x26:0x80022820
         424637	     21130	80005afa	34006373	csrrsi	x6,mscratch,0	  x6=0x00000005
         424657	     21131	80005afe	02fb7263	bgeu	x22,x15,80005b22	 x22:0x065e43e7 x15:0x79e7f264
         424677	     21132	80005b02	34055673	csrrwi	x12,mscratch,10	 x12=0x00000005
         425477	     21172	80005b06	021f6f33	rem	x30,x30,x1	 x30:0x00000005  x1:0x00000005 x30=0x00000000
         425497	     21173	80005b0a	03bacd63	blt	x21,x27,80005b44	 x21:0x00045cc8 x27:0x94ea6a82
         425517	     21174	80005b0e	001da233	slt	x4,x27,x1	 x27:0x94ea6a82  x1:0x00000005  x4=0x00000001
         425537	     21175	80005b12	340cd373	csrrwi	x6,mscratch,25	  x6=0x0000000a
         426277	     21212	80005b16	02eb7eb3	remu	x29,x22,x14	 x22:0x065e43e7 x14:0xffffff00 x29=0x065e43e7
         426297	     21213	80005b1a	fa98c613	xori	x12,x17,-87	 x17:0x80023172 x12=0x7ffdcedb
         426317	     21214	80005b1e	4405fa13	andi	x20,x11,1088	 x11:0x00000000 x20=0x00000000
         426337	     21215	80005b22	00171c13	slli	x24,x14,0x1	 x14:0xffffff00 x24=0xfffffe00
         426357	     21216	80005b26	009a5c33	srl	x24,x20,x9	 x20:0x00000000  x9:0x80026ce4 x24=0x00000000
         426377	     21217	80005b2a	c115	c.beqz	x10,80005b4e	 x10:0x00000001
         426397	     21218	80005b2c	34002bf3	csrrs	x23,mscratch,x0	  x0:0x00000000 x23=0x00000019
         426417	     21219	80005b30	0014fa63	bgeu	x9,x1,80005b44	  x9:0x80026ce4  x1:0x00000005
         427117	     21254	80005b44	8f4d	c.or	x14,x11	 x14:0xffffff00 x11:0x00000000 x14=0xffffff00
         427357	     21266	80005b46	3229fa13	andi	x20,x19,802	 x19:0x00000005 x20=0x00000000
         427377	     21267	80005b4a	00b6de33	srl	x28,x13,x11	 x13:0xbffffe7d x11:0x00000000 x28=0xbffffe7d
         427397	     21268	80005b4e	51fd	c.li	x3,-1	  x3=0xffffffff
         427457	     21271	80005b50	03aed663	bge	x29,x26,80005b7c	 x29:0x065e43e7 x26:0x80022820
         428457	     21321	80005b7c	0110a333	slt	x6,x1,x17	  x1:0x00000005 x17:0x80023172  x6=0x00000000
         428897	     21343	80005b80	002316b3	sll	x13,x6,x2	  x6:0x00000000  x2:0x80000000 x13=0x00000000
         428917	     21344	80005b84	4a69	c.li	x20,26	 x20=0x0000001a
         428937	     21345	80005b86	0000100f	fence.i	
         429117	     21354	80005b8a	d009a917	auipc	x18,0xd009a	 x18=0x5009fb8a
         429137	     21355	80005b8e	0f49	c.addi	x30,18	 x30:0x00000000 x30=0x00000012
         429177	     21357	80005b90	03c89233	mulh	x4,x17,x28	 x17:0x80023172 x28:0xbffffe7d  x4=0x1fff7464
         429197	     21358	80005b94	007de8b3	or	x17,x27,x7	 x27:0x94ea6a82  x7:0xf9e58581 x17=0xfdefef83
         429217	     21359	80005b98	8e01	c.sub	x12,x8	 x12:0x7ffdcedb  x8:0x0000007f x12=0x7ffdce5c
         429237	     21360	80005b9a	e785	c.bnez	x15,80005bc2	 x15:0x79e7f264
         429397	     21368	80005bc2	00aa9e13	slli	x28,x21,0xa	 x21:0x00045cc8 x28=0x11732000
         429417	     21369	80005bc6	00ff2db3	slt	x27,x30,x15	 x30:0x00000012 x15:0x79e7f264 x27=0x00000001
         429757	     21386	80005bca	03ff5f63	bge	x30,x31,80005c08	 x30:0x00000012 x31:0x80023172
         430057	     21401	80005c08	0001	c.addi	x0,0	  x0:0x00000000  x0=0x00000000
         430077	     21402	80005c0a	fd263d17	auipc	x26,0xfd263	 x26=0x7d268c0a
         430117	     21404	80005c0e	07c93d13	sltiu	x26,x18,124	 x18:0x5009fb8a x26=0x00000000
         430257	     21411	80005c12	3401b3f3	csrrc	x7,mscratch,x3	  x3:0xffffffff  x7=0x00000019
         430437	     21420	80005c16	62597693	andi	x13,x18,1573	 x18:0x5009fb8a x13=0x00000200
         431357	     21466	80005c1a	03f0ee33	rem	x28,x1,x31	  x1:0x00000005 x31:0x80023172 x28=0x00000005
         444677	     22132	80005c1e	40bf8cb3	sub	x25,x31,x11	 x31:0x80023172 x11:0x00000000 x25=0x80023172
         444717	     22134	80005c22	03373f33	mulhu	x30,x14,x19	 x14:0xffffff00 x19:0x00000005 x30=0x00000004
         444737	     22135	80005c26	9b5a	c.add	x22,x22	 x22:0x065e43e7 x22:0x065e43e7 x22=0x0cbc87ce
         444757	     22136	80005c28	0059ff33	and	x30,x19,x5	 x19:0x00000005  x5:0x80022e64 x30=0x00000004
         445497	     22173	80005c2c	03c36ab3	rem	x21,x6,x28	  x6:0x00000000 x28:0x00000005 x21=0x00000000
         445517	     22174	80005c30	03194663	blt	x18,x17,80005c5c	 x18:0x5009fb8a x17:0xfdefef83
         445537	     22175	80005c34	01955393	srli	x7,x10,0x19	 x10:0x00000001  x7=0x00000000
         445557	     22176	80005c38	340035f3	csrrc	x11,mscratch,x0	  x0:0x00000000 x11=0x00000000
         445577	     22177	80005c3c	01551933	sll	x18,x10,x21	 x10:0x00000001 x21:0x00000000 x18=0x00000001
         445617	     22179	80005c40	0298b5b3	mulhu	x11,x17,x9	 x17:0xfdefef83  x9:0x80026ce4 x11=0x7efa5fa4
         445637	     22180	80005c44	0ff0000f	fence	iorw,iorw	
         446057	     22201	80005c48	95e1e613	ori	x12,x3,-1698	  x3:0xffffffff x12=0xffffffff
         446077	     22202	80005c4c	cd944e93	xori	x29,x8,-807	  x8:0x0000007f x29=0xfffffca6
         446097	     22203	80005c50	6c5df993	andi	x19,x27,1733	 x27:0x00000001 x19=0x00000001
         446357	     22216	80005c54	6d69	c.lui	x26,0x1a	 x26=0x0001a000
         446377	     22217	80005c56	13fd	c.addi	x7,-1	  x7:0x00000000  x7=0xffffffff
         446397	     22218	80005c58	01888933	add	x18,x17,x24	 x17:0xfdefef83 x24:0x00000000 x18=0xfdefef83
         446817	     22239	80005c5c	9f22	c.add	x30,x8	 x30:0x00000004  x8:0x0000007f x30=0x00000083
         446897	     22243	80005c5e	00f1d3b3	srl	x7,x3,x15	  x3:0xffffffff x15:0x79e7f264  x7=0x0fffffff
         446917	     22244	80005c62	0191da13	srli	x20,x3,0x19	  x3:0xffffffff x20=0x0000007f
         447337	     22265	80005c66	34007473	csrrci	x8,mscratch,0	  x8=0x00000000
         447517	     22274	80005c6a	44fdaa13	slti	x20,x27,1103	 x27:0x00000001 x20=0x00000001
         447537	     22275	80005c6e	039a4363	blt	x20,x25,80005c94	 x20:0x00000001 x25:0x80023172
         447557	     22276	80005c72	0058c963	blt	x17,x5,80005c84	 x17:0xfdefef83  x5:0x80022e64
         447697	     22283	80005c76	03b40b63	beq	x8,x27,80005cac	  x8:0x00000000 x27:0x00000001
         448117	     22304	80005c7a	00fe65b3	or	x11,x28,x15	 x28:0x00000005 x15:0x79e7f264 x11=0x79e7f265
         448137	     22305	80005c7e	02a98db3	mul	x27,x19,x10	 x19:0x00000001 x10:0x00000001 x27=0x00000001
         448157	     22306	80005c82	0001	c.addi	x0,0	  x0:0x00000000  x0=0x00000000
         448217	     22309	80005c84	028e78b3	remu	x17,x28,x8	 x28:0x00000005  x8:0x00000000 x17=0x00000005
         448257	     22311	80005c88	0132efb3	or	x31,x5,x19	  x5:0x80022e64 x19:0x00000001 x31=0x80022e65
         448357	     22316	80005c8c	01cfd0b3	srl	x1,x31,x28	 x31:0x80022e65 x28:0x00000005  x1=0x04001173
         448377	     22317	80005c90	340cd8f3	csrrwi	x17,mscratch,25	 x17=0x00000000
         448397	     22318	80005c94	34002df3	csrrs	x27,mscratch,x0	  x0:0x00000000 x27=0x00000019
         448557	     22326	80005c98	9a56	c.add	x20,x21	 x20:0x00000001 x21:0x00000000 x20=0x00000001
         448577	     22327	80005c9a	0001	c.addi	x0,0	  x0:0x00000000  x0=0x00000000
         448617	     22329	80005c9c	02c43733	mulhu	x14,x8,x12	  x8:0x00000000 x12:0xffffffff x14=0x00000000
         448937	     22345	80005ca0	0ff0000f	fence	iorw,iorw	
         449677	     22382	80005ca4	02f553b3	divu	x7,x10,x15	 x10:0x00000001 x15:0x79e7f264  x7=0x00000000
         449697	     22383	80005ca8	86ed	c.srai	x13,0x1b	 x13:0x00000200 x13=0x00000000
         449717	     22384	80005caa	0001	c.addi	x0,0	  x0:0x00000000  x0=0x00000000
         449737	     22385	80005cac	34003873	csrrc	x16,mscratch,x0	  x0:0x00000000 x16=0x00000019
         449757	     22386	80005cb0	017ccab3	xor	x21,x25,x23	 x25:0x80023172 x23:0x00000019 x21=0x8002316b
         449777	     22387	80005cb4	016cab33	slt	x22,x25,x22	 x25:0x80023172 x22:0x0cbc87ce x22=0x00000001
         449797	     22388	80005cb8	5e7d	c.li	x28,-1	 x28=0xffffffff
         449817	     22389	80005cba	0d45	c.addi	x26,17	 x26:0x0001a000 x26=0x0001a011
         449837	     22390	80005cbc	85d9	c.srai	x11,0x16	 x11:0x79e7f265 x11=0x000001e7
         450137	     22405	80005cbe	05a66563	bltu	x12,x26,80005d08	 x12:0xffffffff x26:0x0001a011
         450157	     22406	80005cc2	49a43e93	sltiu	x29,x8,1178	  x8:0x00000000 x29=0x00000001
         450177	     22407	80005cc6	8129	c.srli	x10,0xa	 x10:0x00000001 x10=0x00000000
         450557	     22426	80005cc8	03269cb3	mulh	x25,x13,x18	 x13:0x00000000 x18:0xfdefef83 x25=0x00000000
         450597	     22428	80005ccc	03943f33	mulhu	x30,x8,x25	  x8:0x00000000 x25:0x00000000 x30=0x00000000
         450977	     22447	80005cd0	34007ef3	csrrci	x29,mscratch,0	 x29=0x00000019
         450997	     22448	80005cd4	00fba933	slt	x18,x23,x15	 x23:0x00000019 x15:0x79e7f264 x18=0x00000001
         451417	     22469	80005cd8	02039533	mulh	x10,x7,x0	  x7:0x00000000  x0:0x00000000 x10=0x00000000
         451437	     22470	80005cdc	00e61ab3	sll	x21,x12,x14	 x12:0xffffffff x14:0x00000000 x21=0xffffffff
         451797	     22488	80005ce0	00226b63	bltu	x4,x2,80005cf6	  x4:0x1fff7464  x2:0x80000000
         452897	     22543	80005cf6	03fd0e63	beq	x26,x31,80005d32	 x26:0x0001a011 x31:0x80022e65
         452917	     22544	80005cfa	01751693	slli	x13,x10,0x17	 x10:0x00000000 x13=0x00000000
         453357	     22566	80005cfe	0332be33	mulhu	x28,x5,x19	  x5:0x80022e64 x19:0x00000001 x28=0x00000000
         453377	     22567	80005d02	10fd	c.addi	x1,-1	  x1:0x04001173  x1=0x04001172
         453397	     22568	80005d04	04c9e263	bltu	x19,x12,80005d48	 x19:0x00000001 x12:0xffffffff
         453637	     22580	80005d48	987d	c.andi	x8,-1	  x8:0x00000000  x8=0x00000000
         453777	     22587	80005d4a	054c8163	beq	x25,x20,80005d8c	 x25:0x00000000 x20:0x00000001
         453797	     22588	80005d4e	41c05033	sra	x0,x0,x28	  x0:0x00000000 x28:0x00000000  x0=0x00000000
         454197	     22608	80005d52	00bb7433	and	x8,x22,x11	 x22:0x00000001 x11:0x000001e7  x8=0x00000001
         454357	     22616	80005d56	01adae33	slt	x28,x27,x26	 x27:0x00000019 x26:0x0001a011 x28=0x00000001
         454597	     22628	80005d5a	409b0d33	sub	x26,x22,x9	 x22:0x00000001  x9:0x80026ce4 x26=0x7ffd931d
         454617	     22629	80005d5e	9832	c.add	x16,x12	 x16:0x00000019 x12:0xffffffff x16=0x00000018
         454637	     22630	80005d60	077d	c.addi	x14,31	 x14:0x00000000 x14=0x0000001f
         454817	     22639	80005d62	014dedb3	or	x27,x27,x20	 x27:0x00000019 x20:0x00000001 x27=0x00000019
         454857	     22641	80005d66	02721b33	mulh	x22,x4,x7	  x4:0x1fff7464  x7:0x00000000 x22=0x00000000
         455737	     22685	80005d6a	03fbd1b3	divu	x3,x23,x31	 x23:0x00000019 x31:0x80022e65  x3=0x00000000
         455757	     22686	80005d6e	e789	c.bnez	x15,80005d78	 x15:0x79e7f264
         456937	     22745	80005d78	0001	c.addi	x0,0	  x0:0x00000000  x0=0x00000000
         457097	     22753	80005d7a	5d79d937	lui	x18,0x5d79d	 x18=0x5d79d000
         457517	     22774	80005d7e	cda87b13	andi	x22,x16,-806	 x16:0x00000018 x22=0x00000018
         457537	     22775	80005d82	340390f3	csrrw	x1,mscratch,x7	  x7:0x00000000  x1=0x00000019
         457557	     22776	80005d86	06c2	c.slli	x13,0x10	 x13:0x00000000 x13=0x00000000
         457957	     22796	80005d88	870c1a97	auipc	x21,0x870c1	 x21=0x070c6d88
         457977	     22797	80005d8c	3400dbf3	csrrwi	x23,mscratch,1	 x23=0x00000000
         458397	     22818	80005d90	0001	c.addi	x0,0	  x0:0x00000000  x0=0x00000000
         459217	     22859	80005d92	03a670b3	remu	x1,x12,x26	 x12:0xffffffff x26:0x7ffd931d  x1=0x0004d9c5
         459237	     22860	80005d96	340310f3	csrrw	x1,mscratch,x6	  x6:0x00000000  x1=0x00000001
         459257	     22861	80005d9a	8f31	c.xor	x14,x12	 x14:0x0000001f x12:0xffffffff x14=0xffffffe0
         459277	     22862	80005d9c	8c75	c.and	x8,x13	  x8:0x00000001 x13:0x00000000  x8=0x00000000
         459297	     22863	80005d9e	002727b3	slt	x15,x14,x2	 x14:0xffffffe0  x2:0x80000000 x15=0x00000000
         459317	     22864	80005da2	01cf7d63	bgeu	x30,x28,80005dbc	 x30:0x00000000 x28:0x00000001
         459337	     22865	80005da6	340078f3	csrrci	x17,mscratch,0	 x17=0x00000000
         459357	     22866	80005daa	9a9e	c.add	x21,x7	 x21:0x070c6d88  x7:0x00000000 x21=0x070c6d88
         459377	     22867	80005dac	8c35	c.xor	x8,x13	  x8:0x00000000 x13:0x00000000  x8=0x00000000
         459477	     22872	80005dae	03817ab3	remu	x21,x2,x24	  x2:0x80000000 x24:0x00000000 x21=0x80000000
         459777	     22887	80005db2	4142d893	srai	x17,x5,0x14	  x5:0x80022e64 x17=0xfffff800
         459797	     22888	80005db6	08ae	c.slli	x17,0xb	 x17:0xfffff800 x17=0xffc00000
         459817	     22889	80005db8	037a5163	bge	x20,x23,80005dda	 x20:0x00000001 x23:0x00000000
         460377	     22917	80005dda	52c37a93	andi	x21,x6,1324	  x6:0x00000000 x21=0x00000000
         460397	     22918	80005dde	cf0d	c.beqz	x14,80005e18	 x14:0xffffffe0
         461357	     22966	80005de0	03abc5b3	div	x11,x23,x26	 x23:0x00000000 x26:0x7ffd931d x11=0x00000000
         461397	     22968	80005de4	02876333	rem	x6,x14,x8	 x14:0xffffffe0  x8:0x00000000  x6=0xffffffe0
         461417	     22969	80005de8	8f11	c.sub	x14,x12	 x14:0xffffffe0 x12:0xffffffff x14=0xffffffe1
         461437	     22970	80005dea	a1703213	sltiu	x4,x0,-1513	  x0:0x00000000  x4=0x00000001
         461477	     22972	80005dee	023b2d33	mulhsu	x26,x22,x3	 x22:0x00000018  x3:0x00000000 x26=0x00000000
         461497	     22973	80005df2	01b18f63	beq	x3,x27,80005e10	  x3:0x00000000 x27:0x00000019
         461537	     22975	80005df6	0265bcb3	mulhu	x25,x11,x6	 x11:0x00000000  x6:0xffffffe0 x25=0x00000000
         461557	     22976	80005dfa	cb9d	c.beqz	x15,80005e30	 x15:0x00000000
         462317	     23014	80005e30	279e6b93	ori	x23,x28,633	 x28:0x00000001 x23=0x00000279
         462457	     23021	80005e34	05ae	c.slli	x11,0xb	 x11:0x00000000 x11=0x00000000
         462697	     23033	80005e36	00564233	xor	x4,x12,x5	 x12:0xffffffff  x5:0x80022e64  x4=0x7ffdd19b
         463437	     23070	80005e3a	022346b3	div	x13,x6,x2	  x6:0xffffffe0  x2:0x80000000 x13=0x00000000
         463457	     23071	80005e3e	0062b8b3	sltu	x17,x5,x6	  x5:0x80022e64  x6:0xffffffe0 x17=0x00000001
         463477	     23072	80005e42	8351	c.srli	x14,0x14	 x14:0xffffffe1 x14=0x00000fff
         463497	     23073	80005e44	01a4a6b3	slt	x13,x9,x26	  x9:0x80026ce4 x26:0x00000000 x13=0x00000001
         463517	     23074	80005e48	846c4413	xori	x8,x24,-1978	 x24:0x00000000  x8=0xfffff846
         463537	     23075	80005e4c	0ff0000f	fence	iorw,iorw	
         463557	     23076	80005e50	8f89	c.sub	x15,x10	 x15:0x00000000 x10:0x00000000 x15=0x00000000
         463577	     23077	80005e52	8d19	c.sub	x10,x14	 x10:0x00000000 x14:0x00000fff x10=0xfffff001
         463637	     23080	80005e54	001a5bb3	srl	x23,x20,x1	 x20:0x00000001  x1:0x00000001 x23=0x00000000
         463657	     23081	80005e58	006b9ab3	sll	x21,x23,x6	 x23:0x00000000  x6:0xffffffe0 x21=0x00000000
         463697	     23083	80005e5c	02b433b3	mulhu	x7,x8,x11	  x8:0xfffff846 x11:0x00000000  x7=0x00000000
         463857	     23091	80005e60	8769	c.srai	x14,0x1a	 x14:0x00000fff x14=0x00000000
         463877	     23092	80005e62	ec71ce93	xori	x29,x3,-313	  x3:0x00000000 x29=0xfffffec7
         464997	     23148	80005e66	02c7c233	div	x4,x15,x12	 x15:0x00000000 x12:0xffffffff  x4=0x00000000
         465737	     23185	80005e6a	0325e0b3	rem	x1,x11,x18	 x11:0x00000000 x18:0x5d79d000  x1=0x00000000
         465757	     23186	80005e6e	000eeb63	bltu	x29,x0,80005e84	 x29:0xfffffec7  x0:0x00000000
         465797	     23188	80005e72	03cd2db3	mulhsu	x27,x26,x28	 x26:0x00000000 x28:0x00000001 x27=0x00000000
         465817	     23189	80005e76	6d89ab13	slti	x22,x19,1752	 x19:0x00000001 x22=0x00000001
         465837	     23190	80005e7a	0ff0000f	fence	iorw,iorw	
         465857	     23191	80005e7e	0001	c.addi	x0,0	  x0:0x00000000  x0=0x00000000
         465897	     23193	80005e80	03ccbab3	mulhu	x21,x25,x28	 x25:0x00000000 x28:0x00000001 x21=0x00000000
         465937	     23195	80005e84	02ec2f33	mulhsu	x30,x24,x14	 x24:0x00000000 x14:0x00000000 x30=0x00000000
         465957	     23196	80005e88	0ff0000f	fence	iorw,iorw	
         465977	     23197	80005e8c	19f16893	ori	x17,x2,415	  x2:0x80000000 x17=0x8000019f
         466017	     23199	80005e90	da0c7a93	andi	x21,x24,-608	 x24:0x00000000 x21=0x00000000
         466437	     23220	80005e94	557d	c.li	x10,-1	 x10=0xffffffff
         466457	     23221	80005e96	0a4e0c13	addi	x24,x28,164	 x28:0x00000001 x24=0x000000a5
         466897	     23243	80005e9a	0343ad33	mulhsu	x26,x7,x20	  x7:0x00000000 x20:0x00000001 x26=0x00000000
         466917	     23244	80005e9e	00995733	srl	x14,x18,x9	 x18:0x5d79d000  x9:0x80026ce4 x14=0x05d79d00
         466937	     23245	80005ea2	005cd593	srli	x11,x25,0x5	 x25:0x00000000 x11=0x00000000
         467157	     23256	80005ea6	4923eb37	lui	x22,0x4923e	 x22=0x4923e000
         467177	     23257	80005eaa	97c6	c.add	x15,x17	 x15:0x00000000 x17:0x8000019f x15=0x8000019f
         467197	     23258	80005eac	003dca63	blt	x27,x3,80005ec0	 x27:0x00000000  x3:0x00000000
         467597	     23278	80005eb0	860a	c.mv	x12,x2	  x0:0x00000000  x2:0x80000000 x12=0x80000000
         467877	     23292	80005eb2	340369f3	csrrsi	x19,mscratch,6	 x19=0x00000000
         467897	     23293	80005eb6	01a1c5b3	xor	x11,x3,x26	  x3:0x00000000 x26:0x00000000 x11=0x00000000
         468017	     23299	80005eba	01379533	sll	x10,x15,x19	 x15:0x8000019f x19:0x00000000 x10=0x8000019f
         468037	     23300	80005ebe	0001	c.addi	x0,0	  x0:0x00000000  x0=0x00000000
         468057	     23301	80005ec0	01661393	slli	x7,x12,0x16	 x12:0x80000000  x7=0x00000000
         468077	     23302	80005ec4	60b53813	sltiu	x16,x10,1547	 x10:0x8000019f x16=0x00000000
         468397	     23318	80005ec8	007a1663	bne	x20,x7,80005ed4	 x20:0x00000001  x7:0x00000000
         469377	     23367	80005ed4	340ff8f3	csrrci	x17,mscratch,31	 x17=0x00000006
         469417	     23369	80005ed8	00a59f33	sll	x30,x11,x10	 x11:0x00000000 x10:0x8000019f x30=0x00000000
         469517	     23374	80005edc	00af8463	beq	x31,x10,80005ee4	 x31:0x80022e65 x10:0x8000019f
         469537	     23375	80005ee0	856f1ab7	lui	x21,0x856f1	 x21=0x856f1000
         469957	     23396	80005ee4	8f1d	c.sub	x14,x15	 x14:0x05d79d00 x15:0x8000019f x14=0x85d79b61
         469977	     23397	80005ee6	03728a63	beq	x5,x23,80005f1a	  x5:0x80022e64 x23:0x00000000
         470017	     23399	80005eea	03ec96b3	mulh	x13,x25,x30	 x25:0x00000000 x30:0x00000000 x13=0x00000000
         470057	     23401	80005eee	0242b233	mulhu	x4,x5,x4	  x5:0x80022e64  x4:0x00000000  x4=0x00000000
         470437	     23420	80005ef2	025b5b63	bge	x22,x5,80005f28	 x22:0x4923e000  x5:0x80022e64
         471157	     23456	80005f28	0001	c.addi	x0,0	  x0:0x00000000  x0=0x00000000
         471237	     23460	80005f2a	4f340013	addi	x0,x8,1267	  x8:0xfffff846  x0=0x00000000
         471257	     23461	80005f2e	b3290e13	addi	x28,x18,-1230	 x18:0x5d79d000 x28=0x5d79cb32
         471277	     23462	80005f32	99fd	c.andi	x11,-1	 x11:0x00000000 x11=0x00000000
         471297	     23463	80005f34	838d	c.srli	x15,0x3	 x15:0x8000019f x15=0x10000033
         471577	     23477	80005f36	340069f3	csrrsi	x19,mscratch,0	 x19=0x00000000
         471597	     23478	80005f3a	a34bc997	auipc	x19,0xa34bc	 x19=0x234c1f3a
         471617	     23479	80005f3e	40fa5833	sra	x16,x20,x15	 x20:0x00000001 x15:0x10000033 x16=0x00000000
         471657	     23481	80005f42	0109f433	and	x8,x19,x16	 x19:0x234c1f3a x16:0x00000000  x8=0x00000000
         480457	     23921	80005f46	f4673d13	sltiu	x26,x14,-186	 x14:0x85d79b61 x26=0x00000001
         480477	     23922	80005f4a	8549	c.srai	x10,0x12	 x10:0x8000019f x10=0xffffe000
         480497	     23923	80005f4c	4d6d	c.li	x26,27	 x26=0x0000001b
         480517	     23924	80005f4e	0000100f	fence.i	
         480737	     23935	80005f52	83c1	c.srli	x15,0x10	 x15:0x10000033 x15=0x00001000
         480917	     23944	80005f54	4a857697	auipc	x13,0x4a857	 x13=0xca85cf54
         481337	     23965	80005f58	001a6db3	or	x27,x20,x1	 x20:0x00000001  x1:0x00000000 x27=0x00000001
         481437	     23970	80005f5c	c3a9	c.beqz	x15,80005f9e	 x15:0x00001000
         481537	     23975	80005f5e	0da5ab37	lui	x22,0xda5a	 x22=0x0da5a000
         481557	     23976	80005f62	007e0f33	add	x30,x28,x7	 x28:0x5d79cb32  x7:0x00000000 x30=0x5d79cb32
         481977	     23997	80005f66	00797e33	and	x28,x18,x7	 x18:0x5d79d000  x7:0x00000000 x28=0x00000000
         482177	     24007	80005f6a	03b28033	mul	x0,x5,x27	  x5:0x80022e64 x27:0x00000001  x0=0x00000000
         482417	     24019	80005f6e	027b7c33	remu	x24,x22,x7	 x22:0x0da5a000  x7:0x00000000 x24=0x0da5a000
         482817	     24039	80005f72	de208513	addi	x10,x1,-542	  x1:0x00000000 x10=0xfffffde2
         482897	     24043	80005f76	40f0dc13	srai	x24,x1,0xf	  x1:0x00000000 x24=0x00000000
         482937	     24045	80005f7a	03d92733	mulhsu	x14,x18,x29	 x18:0x5d79d000 x29:0xfffffec7 x14=0x5d79cf8d
         483337	     24065	80005f7e	34075773	csrrwi	x14,mscratch,14	 x14=0x00000000
         483357	     24066	80005f82	037a8033	mul	x0,x21,x23	 x21:0x856f1000 x23:0x00000000  x0=0x00000000
         483377	     24067	80005f86	86cd	c.srai	x13,0x13	 x13:0xca85cf54 x13=0xfffff950
         483397	     24068	80005f88	9422	c.add	x8,x8	  x8:0x00000000  x8:0x00000000  x8=0x00000000
         483417	     24069	80005f8a	009a9393	slli	x7,x21,0x9	 x21:0x856f1000  x7=0xde200000
         483517	     24074	80005f8e	030cacb3	mulhsu	x25,x25,x16	 x25:0x00000000 x16:0x00000000 x25=0x00000000
         483657	     24081	80005f92	512d0f93	addi	x31,x26,1298	 x26:0x0000001b x31=0x0000052d
         483777	     24087	80005f96	3402d373	csrrwi	x6,mscratch,5	  x6=0x0000000e
         483797	     24088	80005f9a	029307b3	mul	x15,x6,x9	  x6:0x0000000e  x9:0x80026ce4 x15=0x0021f478
         484217	     24109	80005f9e	340ad7f3	csrrwi	x15,mscratch,21	 x15=0x00000005
         484597	     24128	80005fa2	0378bfb3	mulhu	x31,x17,x23	 x17:0x00000006 x23:0x00000000 x31=0x00000000
         484617	     24129	80005fa6	0154ebb3	or	x23,x9,x21	  x9:0x80026ce4 x21:0x856f1000 x23=0x856f7ce4
         484637	     24130	80005faa	40895c93	srai	x25,x18,0x8	 x18:0x5d79d000 x25=0x005d79d0
         484657	     24131	80005fae	8de9	c.and	x11,x10	 x11:0x00000000 x10:0xfffffde2 x11=0x00000000
         485037	     24150	80005fb0	0ff0000f	fence	iorw,iorw	
         485057	     24151	80005fb4	340f5073	csrrwi	x0,mscratch,30	  x0=0x00000000
         485237	     24160	80005fb8	050c0363	beq	x24,x16,80005ffe	 x24:0x00000000 x16:0x00000000
         485757	     24186	80005ffe	a7032a37	lui	x20,0xa7032	 x20=0xa7032000
         485777	     24187	80006002	e305	c.bnez	x14,80006022	 x14:0x00000000
         485937	     24195	80006004	e905	c.bnez	x10,80006034	 x10:0xfffffde2
         486137	     24205	80006034	34006df3	csrrsi	x27,mscratch,0	 x27=0x0000001e
         486177	     24207	80006038	0ff0000f	fence	iorw,iorw	
         486537	     24225	8000603c	ee4b1b17	auipc	x22,0xee4b1	 x22=0x6e4b703c
         486557	     24226	80006040	010b49b3	xor	x19,x22,x16	 x22:0x6e4b703c x16:0x00000000 x19=0x6e4b703c
         486577	     24227	80006044	00690863	beq	x18,x6,80006054	 x18:0x5d79d000  x6:0x0000000e
         486597	     24228	80006048	03ed8ab3	mul	x21,x27,x30	 x27:0x0000001e x30:0x5d79cb32 x21=0xf445cfdc
         486817	     24239	8000604c	c591	c.beqz	x11,80006058	 x11:0x00000000
         486977	     24247	80006058	6ef1	c.lui	x29,0x1c	 x29=0x0001c000
         486997	     24248	8000605a	0276c663	blt	x13,x7,80006086	 x13:0xfffff950  x7:0xde200000
         487017	     24249	8000605e	340067f3	csrrsi	x15,mscratch,0	 x15=0x0000001e
         487037	     24250	80006062	4d65	c.li	x26,25	 x26=0x00000019
         487057	     24251	80006064	340037f3	csrrc	x15,mscratch,x0	  x0:0x00000000 x15=0x0000001e
         487677	     24282	80006068	0380ac33	mulhsu	x24,x1,x24	  x1:0x00000000 x24:0x00000000 x24=0x00000000
         487777	     24287	8000606c	8f79	c.and	x14,x14	 x14:0x00000000 x14:0x00000000 x14=0x00000000
         487817	     24289	8000606e	0300fdb3	remu	x27,x1,x16	  x1:0x00000000 x16:0x00000000 x27=0x00000000
         488837	     24340	80006072	02a15bb3	divu	x23,x2,x10	  x2:0x80000000 x10:0xfffffde2 x23=0x00000000
         488857	     24341	80006076	8b75	c.andi	x14,29	 x14:0x00000000 x14=0x00000000
         488877	     24342	80006078	0e0bf837	lui	x16,0xe0bf	 x16=0x0e0bf000
         489617	     24379	8000607c	027a75b3	remu	x11,x20,x7	 x20:0xa7032000  x7:0xde200000 x11=0xa7032000
         489637	     24380	80006080	8ee2	c.mv	x29,x24	  x0:0x00000000 x24:0x00000000 x29=0x00000000
         489657	     24381	80006082	02e55363	bge	x10,x14,800060a8	 x10:0xfffffde2 x14:0x00000000
         489677	     24382	80006086	00e78533	add	x10,x15,x14	 x15:0x0000001e x14:0x00000000 x10=0x0000001e
         489717	     24384	8000608a	0214eb33	rem	x22,x9,x1	  x9:0x80026ce4  x1:0x00000000 x22=0x80026ce4
         489737	     24385	8000608e	0592f363	bgeu	x5,x25,800060d4	  x5:0x80022e64 x25:0x005d79d0
         491297	     24463	800060d4	01118833	add	x16,x3,x17	  x3:0x00000000 x17:0x00000006 x16=0x00000006
         491457	     24471	800060d8	0012c663	blt	x5,x1,800060e4	  x5:0x80022e64  x1:0x00000000
         491997	     24498	800060e4	6891	c.lui	x17,0x4	 x17=0x00004000
         492217	     24509	800060e6	41390fb3	sub	x31,x18,x19	 x18:0x5d79d000 x19:0x6e4b703c x31=0xef2e5fc4
         493057	     24551	800060ea	03914bb3	div	x23,x2,x25	  x2:0x80000000 x25:0x005d79d0 x23=0xfffffea2
         493077	     24552	800060ee	34047ff3	csrrci	x31,mscratch,8	 x31=0x0000001e
         493097	     24553	800060f2	40a00833	sub	x16,x0,x10	  x0:0x00000000 x10:0x0000001e x16=0xffffffe2
         493117	     24554	800060f6	8dd9	c.or	x11,x14	 x11:0xa7032000 x14:0x00000000 x11=0xa7032000
         493137	     24555	800060f8	0001	c.addi	x0,0	  x0:0x00000000  x0=0x00000000
         493157	     24556	800060fa	01448763	beq	x9,x20,80006108	  x9:0x80026ce4 x20:0xa7032000
         493177	     24557	800060fe	5efd	c.li	x29,-1	 x29=0xffffffff
         493197	     24558	80006100	03dd4963	blt	x26,x29,80006132	 x26:0x00000019 x29:0xffffffff
         493217	     24559	80006104	66bd	c.lui	x13,0xf	 x13=0x0000f000
         493237	     24560	80006106	6e65	c.lui	x28,0x19	 x28=0x00019000
         493377	     24567	80006108	1845d8b7	lui	x17,0x1845d	 x17=0x1845d000
         493797	     24588	8000610c	8655	c.srai	x12,0x15	 x12:0x80000000 x12=0xfffffc00
         494217	     24609	8000610e	76880993	addi	x19,x16,1896	 x16:0xffffffe2 x19=0x0000074a
         494237	     24610	80006112	e911	c.bnez	x10,80006126	 x10:0x0000001e
         494897	     24643	80006126	0ff0000f	fence	iorw,iorw	
         494997	     24648	8000612a	003a7033	and	x0,x20,x3	 x20:0xa7032000  x3:0x00000000  x0=0x00000000
         495157	     24656	8000612e	40e6d8b3	sra	x17,x13,x14	 x13:0x0000f000 x14:0x00000000 x17=0x0000f000
         495177	     24657	80006132	c81d	c.beqz	x8,80006168	  x8:0x00000000
         495677	     24682	80006168	0001	c.addi	x0,0	  x0:0x00000000  x0=0x00000000
         495697	     24683	8000616a	8d45	c.or	x10,x9	 x10:0x0000001e  x9:0x80026ce4 x10=0x80026cfe
         495717	     24684	8000616c	01c449b3	xor	x19,x8,x28	  x8:0x00000000 x28:0x00019000 x19=0x00019000
         495757	     24686	80006170	0235a233	mulhsu	x4,x11,x3	 x11:0xa7032000  x3:0x00000000  x4=0x00000000
         495777	     24687	80006174	0ff0000f	fence	iorw,iorw	
         495797	     24688	80006178	97a6	c.add	x15,x9	 x15:0x0000001e  x9:0x80026ce4 x15=0x80026d02
         496097	     24703	8000617a	023d65b3	rem	x11,x26,x3	 x26:0x00000019  x3:0x00000000 x11=0x00000019
         496157	     24706	8000617e	40785033	sra	x0,x16,x7	 x16:0xffffffe2  x7:0xde200000  x0=0x00000000
         496217	     24709	80006182	00739533	sll	x10,x7,x7	  x7:0xde200000  x7:0xde200000 x10=0xde200000
         496437	     24720	80006186	02828c33	mul	x24,x5,x8	  x5:0x80022e64  x8:0x00000000 x24=0x00000000
         496477	     24722	8000618a	024bf633	remu	x12,x23,x4	 x23:0xfffffea2  x4:0x00000000 x12=0xfffffea2
         496637	     24730	8000618e	03314963	blt	x2,x19,800061c0	  x2:0x80000000 x19:0x00019000
         497577	     24777	800061c0	eb09	c.bnez	x14,800061d2	 x14:0x00000000
         497677	     24782	800061c2	02e31f33	mulh	x30,x6,x14	  x6:0x0000000e x14:0x00000000 x30=0x00000000
         498037	     24800	800061c6	01570633	add	x12,x14,x21	 x14:0x00000000 x21:0xf445cfdc x12=0xf445cfdc
         498057	     24801	800061ca	9a7d	c.andi	x12,-1	 x12:0xf445cfdc x12=0xf445cfdc
         498097	     24803	800061cc	0001	c.addi	x0,0	  x0:0x00000000  x0=0x00000000
         498137	     24805	800061ce	033cb7b3	mulhu	x15,x25,x19	 x25:0x005d79d0 x19:0x00019000 x15=0x00000092
         498157	     24806	800061d2	0a43a693	slti	x13,x7,164	  x7:0xde200000 x13=0x00000001
         498197	     24808	800061d6	0385f933	remu	x18,x11,x24	 x11:0x00000019 x24:0x00000000 x18=0x00000019
         498257	     24811	800061da	2bc0c213	xori	x4,x1,700	  x1:0x00000000  x4=0x000002bc
         498277	     24812	800061de	41be5db3	sra	x27,x28,x27	 x28:0x00019000 x27:0x00000000 x27=0x00019000
         498297	     24813	800061e2	03ca	c.slli	x7,0x12	  x7:0xde200000  x7=0x00000000
         498317	     24814	800061e4	00002a17	auipc	x20,0x2	 x20=0x800081e4
         498497	     24823	800061e8	994a0a13	addi	x20,x20,-1644	 x20:0x800081e4 x20=0x80007b78
         498517	     24824	800061ec	184df313	andi	x6,x27,388	 x27:0x00019000  x6=0x00000000
         498697	     24833	800061f0	c51a0a13	addi	x20,x20,-943	 x20:0x80007b78 x20=0x800077c9
         498837	     24840	800061f4	340493f3	csrrw	x7,mscratch,x9	  x9:0x80026ce4  x7=0x00000016
         499277	     24862	800061f8	03779db3	mulh	x27,x15,x23	 x15:0x00000092 x23:0xfffffea2 x27=0xffffffff
         499317	     24864	800061fc	02633333	mulhu	x6,x6,x6	  x6:0x00000000  x6:0x00000000  x6=0x00000000
         499337	     24865	80006200	3b0a0b67	jalr	x22,944(x20)	 x20:0x800077c9 x22=0x80006204
         499977	     24897	80007b78	fc828293	addi	x5,x5,-56	  x5:0x80022e64  x5=0x80022e2c
         500037	     24900	80007b7c	0162a223	sw	x22,4(x5)	  x5:0x80022e2c x22:0x80006204 PA:0x80022e30 store:0x80006204
         500077	     24902	80007b80	02b627b3	mulhsu	x15,x12,x11	 x12:0xf445cfdc x11:0x00000019 x15=0xfffffffe
         500097	     24903	80007b84	98ba	c.add	x17,x14	 x17:0x0000f000 x14:0x00000000 x17=0x0000f000
         500117	     24904	80007b86	8dc1	c.or	x11,x8	 x11:0x00000019  x8:0x00000000 x11=0x00000019
         500137	     24905	80007b88	0117df13	srli	x30,x15,0x11	 x15:0xfffffffe x30=0x00007fff
         500157	     24906	80007b8c	8fc5	c.or	x15,x9	 x15:0xfffffffe  x9:0x80026ce4 x15=0xfffffffe
         500177	     24907	80007b8e	40e751b3	sra	x3,x14,x14	 x14:0x00000000 x14:0x00000000  x3=0x00000000
         500197	     24908	80007b92	9b7d	c.andi	x14,-1	 x14:0x00000000 x14=0x00000000
         501057	     24951	80007b94	0244cbb3	div	x23,x9,x4	  x9:0x80026ce4  x4:0x000002bc x23=0xffd1312a
         501077	     24952	80007b98	12b70193	addi	x3,x14,299	 x14:0x00000000  x3=0x0000012b
         501097	     24953	80007b9c	41cc5e93	srai	x29,x24,0x1c	 x24:0x00000000 x29=0x00000000
         501117	     24954	80007ba0	40698833	sub	x16,x19,x6	 x19:0x00019000  x6:0x00000000 x16=0x00019000
         501137	     24955	80007ba4	8df9	c.and	x11,x14	 x11:0x00000019 x14:0x00000000 x11=0x00000000
         501177	     24957	80007ba6	028ef933	remu	x18,x29,x8	 x29:0x00000000  x8:0x00000000 x18=0x00000000
         501197	     24958	80007baa	8f15	c.sub	x14,x13	 x14:0x00000000 x13:0x00000001 x14=0xffffffff
         501217	     24959	80007bac	4e7eef13	ori	x30,x29,1255	 x29:0x00000000 x30=0x000004e7
         501517	     24974	80007bb0	02381f33	mulh	x30,x16,x3	 x16:0x00019000  x3:0x0000012b x30=0x00000000
         501677	     24982	80007bb4	9a52a413	slti	x8,x5,-1627	  x5:0x80022e2c  x8=0x00000001
         502557	     25026	80007bb8	02727a33	remu	x20,x4,x7	  x4:0x000002bc  x7:0x00000016 x20=0x00000012
         502577	     25027	80007bbc	01a5acb3	slt	x25,x11,x26	 x11:0x00000000 x26:0x00000019 x25=0x00000001
         502617	     25029	80007bc0	026fd033	divu	x0,x31,x6	 x31:0x0000001e  x6:0x00000000  x0=0x00000000
         502637	     25030	80007bc4	9a1a	c.add	x20,x6	 x20:0x00000012  x6:0x00000000 x20=0x00000012
         502657	     25031	80007bc6	03dc0263	beq	x24,x29,80007bea	 x24:0x00000000 x29:0x00000000
         503257	     25061	80007bea	34002cf3	csrrs	x25,mscratch,x0	  x0:0x00000000 x25=0x80026ce4
         503277	     25062	80007bee	01e78863	beq	x15,x30,80007bfe	 x15:0xfffffffe x30:0x00000000
         503297	     25063	80007bf2	00df5533	srl	x10,x30,x13	 x30:0x00000000 x13:0x00000001 x10=0x00000000
         503497	     25073	80007bf6	86ee3813	sltiu	x16,x28,-1938	 x28:0x00019000 x16=0x00000001
         503517	     25074	80007bfa	00601cb3	sll	x25,x0,x6	  x0:0x00000000  x6:0x00000000 x25=0x00000000
         503537	     25075	80007bfe	41e7d3b3	sra	x7,x15,x30	 x15:0xfffffffe x30:0x00000000  x7=0xfffffffe
         503557	     25076	80007c02	34006df3	csrrsi	x27,mscratch,0	 x27=0x80026ce4
         503577	     25077	80007c06	0000100f	fence.i	
         503857	     25091	80007c0a	03ff9a33	mulh	x20,x31,x31	 x31:0x0000001e x31:0x0000001e x20=0x00000000
         503877	     25092	80007c0e	82ed	c.srli	x13,0x1b	 x13:0x00000001 x13=0x00000000
         503897	     25093	80007c10	03c27263	bgeu	x4,x28,80007c34	  x4:0x000002bc x28:0x00019000
         504077	     25102	80007c14	77d2c413	xori	x8,x5,1917	  x5:0x80022e2c  x8=0x80022951
         504257	     25111	80007c18	0355a7b3	mulhsu	x15,x11,x21	 x11:0x00000000 x21:0xf445cfdc x15=0x00000000
         504277	     25112	80007c1c	01469413	slli	x8,x13,0x14	 x13:0x00000000  x8=0x00000000
         504677	     25132	80007c20	831e	c.mv	x6,x7	  x0:0x00000000  x7:0xfffffffe  x6=0xfffffffe
         504697	     25133	80007c22	4fd9	c.li	x31,22	 x31=0x00000016
         505097	     25153	80007c24	0001	c.addi	x0,0	  x0:0x00000000  x0=0x00000000
         505117	     25154	80007c26	8d1d	c.sub	x10,x15	 x10:0x00000000 x15:0x00000000 x10=0x00000000
         505137	     25155	80007c28	e215	c.bnez	x12,80007c4c	 x12:0xf445cfdc
         505237	     25160	80007c4c	0376a733	mulhsu	x14,x13,x23	 x13:0x00000000 x23:0xffd1312a x14=0x00000000
         505277	     25162	80007c50	0d22	c.slli	x26,0x8	 x26:0x00000019 x26=0x00001900
         505297	     25163	80007c52	01fb9763	bne	x23,x31,80007c60	 x23:0xffd1312a x31:0x00000016
         505777	     25187	80007c60	e8c1e193	ori	x3,x3,-372	  x3:0x0000012b  x3=0xffffffaf
         505957	     25196	80007c64	8c2e	c.mv	x24,x11	  x0:0x00000000 x11:0x00000000 x24=0x00000000
         505997	     25198	80007c66	3ec44913	xori	x18,x8,1004	  x8:0x00000000 x18=0x000003ec
         506017	     25199	80007c6a	9eee	c.add	x29,x27	 x29:0x00000000 x27:0x80026ce4 x29=0x80026ce4
         506037	     25200	80007c6c	40a15fb3	sra	x31,x2,x10	  x2:0x80000000 x10:0x00000000 x31=0x80000000
         506137	     25205	80007c70	009eb9b3	sltu	x19,x29,x9	 x29:0x80026ce4  x9:0x80026ce4 x19=0x00000000
         506257	     25211	80007c74	8e2d	c.xor	x12,x11	 x12:0xf445cfdc x11:0x00000000 x12=0xf445cfdc
         506677	     25232	80007c76	6dc68413	addi	x8,x13,1756	 x13:0x00000000  x8=0x000006dc
         506697	     25233	80007c7a	854a	c.mv	x10,x18	  x0:0x00000000 x18:0x000003ec x10=0x000003ec
         506717	     25234	80007c7c	8595	c.srai	x11,0x5	 x11:0x00000000 x11=0x00000000
         506737	     25235	80007c7e	34086973	csrrsi	x18,mscratch,16	 x18=0x80026ce4
         506757	     25236	80007c82	00bc9263	bne	x25,x11,80007c86	 x25:0x00000000 x11:0x00000000
         506777	     25237	80007c86	03474063	blt	x14,x20,80007ca6	 x14:0x00000000 x20:0x00000000
         507177	     25257	80007c8a	00689d33	sll	x26,x17,x6	 x17:0x0000f000  x6:0xfffffffe x26=0x00000000
         507197	     25258	80007c8e	40c75413	srai	x8,x14,0xc	 x14:0x00000000  x8=0x00000000
         507337	     25265	80007c92	411ad213	srai	x4,x21,0x11	 x21:0xf445cfdc  x4=0xfffffa22
         507357	     25266	80007c96	01651f33	sll	x30,x10,x22	 x10:0x000003ec x22:0x80006204 x30=0x00003ec0
         507657	     25281	80007c9a	04e3c063	blt	x7,x14,80007cda	  x7:0xfffffffe x14:0x00000000
         508457	     25321	80007cda	f6b45a17	auipc	x20,0xf6b45	 x20=0x76b4ccda
         508477	     25322	80007cde	008546b3	xor	x13,x10,x8	 x10:0x000003ec  x8:0x00000000 x13=0x000003ec
         508497	     25323	80007ce2	56fd	c.li	x13,-1	 x13=0xffffffff
         508557	     25326	80007ce4	340def73	csrrsi	x30,mscratch,27	 x30=0x80026cf4
         508577	     25327	80007ce8	01f278b3	and	x17,x4,x31	  x4:0xfffffa22 x31:0x80000000 x17=0x80000000
         508597	     25328	80007cec	cd1cd3b7	lui	x7,0xcd1cd	  x7=0xcd1cd000
         508617	     25329	80007cf0	df1716b7	lui	x13,0xdf171	 x13=0xdf171000
         508637	     25330	80007cf4	03175663	bge	x14,x17,80007d20	 x14:0x00000000 x17:0x80000000
         509197	     25358	80007d20	8be6	c.mv	x23,x25	  x0:0x00000000 x25:0x00000000 x23=0x00000000
         509217	     25359	80007d22	8f3d	c.xor	x14,x15	 x14:0x00000000 x15:0x00000000 x14=0x00000000
         509617	     25379	80007d24	01d6d7b3	srl	x15,x13,x29	 x13:0xdf171000 x29:0x80026ce4 x15=0x0df17100
         509737	     25385	80007d28	9426	c.add	x8,x9	  x8:0x00000000  x9:0x80026ce4  x8=0x80026ce4
         510117	     25404	80007d2a	018220b3	slt	x1,x4,x24	  x4:0xfffffa22 x24:0x00000000  x1=0x00000001
         510137	     25405	80007d2e	0050cb33	xor	x22,x1,x5	  x1:0x00000001  x5:0x80022e2c x22=0x80022e2d
         510557	     25426	80007d32	acc64b13	xori	x22,x12,-1332	 x12:0xf445cfdc x22=0x0bba3510
         511357	     25466	80007d36	0344e433	rem	x8,x9,x20	  x9:0x80026ce4 x20:0x76b4ccda  x8=0xf6b739be
         526237	     26210	80007d3a	4108de93	srai	x29,x17,0x10	 x17:0x80000000 x29=0xffff8000
         526257	     26211	80007d3e	03a10363	beq	x2,x26,80007d64	  x2:0x80000000 x26:0x00000000
         526297	     26213	80007d42	037031b3	mulhu	x3,x0,x23	  x0:0x00000000 x23:0x00000000  x3=0x00000000
         526317	     26214	80007d46	02dcc763	blt	x25,x13,80007d74	 x25:0x00000000 x13:0xdf171000
         526337	     26215	80007d4a	8e61	c.and	x12,x8	 x12:0xf445cfdc  x8:0xf6b739be x12=0xf405099c
         526357	     26216	80007d4c	8189	c.srli	x11,0x2	 x11:0x00000000 x11=0x00000000
         526377	     26217	80007d4e	0d32	c.slli	x26,0xc	 x26:0x00000000 x26=0x00000000
         526397	     26218	80007d50	34006df3	csrrsi	x27,mscratch,0	 x27=0x80026cff
         526417	     26219	80007d54	cf124b13	xori	x22,x4,-783	  x4:0xfffffa22 x22=0x000006d3
         526497	     26223	80007d58	0016b933	sltu	x18,x13,x1	 x13:0xdf171000  x1:0x00000001 x18=0x00000000
         526517	     26224	80007d5c	02120bb3	mul	x23,x4,x1	  x4:0xfffffa22  x1:0x00000001 x23=0xfffffa22
         526697	     26233	80007d60	0ff0000f	fence	iorw,iorw	
         526717	     26234	80007d64	018bd533	srl	x10,x23,x24	 x23:0xfffffa22 x24:0x00000000 x10=0xfffffa22
         527857	     26291	80007d68	03d94833	div	x16,x18,x29	 x18:0x00000000 x29:0xffff8000 x16=0x00000000
         527877	     26292	80007d6c	01281433	sll	x8,x16,x18	 x16:0x00000000 x18:0x00000000  x8=0x00000000
         527897	     26293	80007d70	9b638993	addi	x19,x7,-1610	  x7:0xcd1cd000 x19=0xcd1cc9b6
         527917	     26294	80007d74	34036a73	csrrsi	x20,mscratch,6	 x20=0x80026cff
         527937	     26295	80007d78	3405ebf3	csrrsi	x23,mscratch,11	 x23=0x80026cff
         527977	     26297	80007d7c	02e9fb33	remu	x22,x19,x14	 x19:0xcd1cc9b6 x14:0x00000000 x22=0xcd1cc9b6
         527997	     26298	80007d80	0000100f	fence.i	
         528317	     26314	80007d84	8d05	c.sub	x10,x9	 x10:0xfffffa22  x9:0x80026ce4 x10=0x7ffd8d3e
         528337	     26315	80007d86	88d6	c.mv	x17,x21	  x0:0x00000000 x21:0xf445cfdc x17=0xf445cfdc
         528357	     26316	80007d88	01deaa33	slt	x20,x29,x29	 x29:0xffff8000 x29:0xffff8000 x20=0x00000000
         528377	     26317	80007d8c	008b1e33	sll	x28,x22,x8	 x22:0xcd1cc9b6  x8:0x00000000 x28=0xcd1cc9b6
         528397	     26318	80007d90	01881b13	slli	x22,x16,0x18	 x16:0x00000000 x22=0x00000000
         528417	     26319	80007d94	340070f3	csrrci	x1,mscratch,0	  x1=0x80026cff
         528437	     26320	80007d98	8f61	c.and	x14,x8	 x14:0x00000000  x8:0x00000000 x14=0x00000000
         528457	     26321	80007d9a	3404b473	csrrc	x8,mscratch,x9	  x9:0x80026ce4  x8=0x80026cff
         528877	     26342	80007d9e	0364cf63	blt	x9,x22,80007ddc	  x9:0x80026ce4 x22:0x00000000
         529337	     26365	80007ddc	01545963	bge	x8,x21,80007dee	  x8:0x80026cff x21:0xf445cfdc
         529457	     26371	80007de0	0001	c.addi	x0,0	  x0:0x00000000  x0=0x00000000
         529477	     26372	80007de2	6d7e6013	ori	x0,x28,1751	 x28:0xcd1cc9b6  x0=0x00000000
         529497	     26373	80007de6	41be5593	srai	x11,x28,0x1b	 x28:0xcd1cc9b6 x11=0xfffffff9
         529517	     26374	80007dea	fa826d17	auipc	x26,0xfa826	 x26=0x7a82ddea
         529537	     26375	80007dee	87a9	c.srai	x15,0xa	 x15:0x0df17100 x15=0x00037c5c
         529937	     26395	80007df0	040f5163	bge	x30,x0,80007e32	 x30:0x80026cf4  x0:0x00000000
         529957	     26396	80007df4	9232	c.add	x4,x12	  x4:0xfffffa22 x12:0xf405099c  x4=0xf40503be
         530117	     26404	80007df6	01dec5b3	xor	x11,x29,x29	 x29:0xffff8000 x29:0xffff8000 x11=0x00000000
         531257	     26461	80007dfa	0330dd33	divu	x26,x1,x19	  x1:0x80026cff x19:0xcd1cc9b6 x26=0x00000000
         531277	     26462	80007dfe	0a924093	xori	x1,x4,169	  x4:0xf40503be  x1=0xf4050317
         531297	     26463	80007e02	00b290b3	sll	x1,x5,x11	  x5:0x80022e2c x11:0x00000000  x1=0x80022e2c
         531317	     26464	80007e06	0125e8b3	or	x17,x11,x18	 x11:0x00000000 x18:0x00000000 x17=0x00000000
         531337	     26465	80007e0a	5f7d	c.li	x30,-1	 x30=0xffffffff
         531357	     26466	80007e0c	01321433	sll	x8,x4,x19	  x4:0xf40503be x19:0xcd1cc9b6  x8=0xef800000
         531377	     26467	80007e10	01f7cc63	blt	x15,x31,80007e28	 x15:0x00037c5c x31:0x80000000
         531397	     26468	80007e14	036b0a33	mul	x20,x22,x22	 x22:0x00000000 x22:0x00000000 x20=0x00000000
         531417	     26469	80007e18	02bb1b63	bne	x22,x11,80007e4e	 x22:0x00000000 x11:0x00000000
         531737	     26485	80007e1c	00c830b3	sltu	x1,x16,x12	 x16:0x00000000 x12:0xf405099c  x1=0x00000001
         531757	     26486	80007e20	9a7d	c.andi	x12,-1	 x12:0xf405099c x12=0xf405099c
         531837	     26490	80007e22	0136c193	xori	x3,x13,19	 x13:0xdf171000  x3=0xdf171013
         531857	     26491	80007e26	8d01	c.sub	x10,x8	 x10:0x7ffd8d3e  x8:0xef800000 x10=0x907d8d3e
         531877	     26492	80007e28	982a0213	addi	x4,x20,-1662	 x20:0x00000000  x4=0xfffff982
         531917	     26494	80007e2c	ee11	c.bnez	x12,80007e48	 x12:0xf405099c
         532357	     26516	80007e48	8f19	c.sub	x14,x14	 x14:0x00000000 x14:0x00000000 x14=0x00000000
         532537	     26525	80007e4a	01c0eb33	or	x22,x1,x28	  x1:0x00000001 x28:0xcd1cc9b6 x22=0xcd1cc9b7
         532557	     26526	80007e4e	0ff0000f	fence	iorw,iorw	
         532577	     26527	80007e52	19fd	c.addi	x19,-1	 x19:0xcd1cc9b6 x19=0xcd1cc9b5
         532977	     26547	80007e54	0ff0000f	fence	iorw,iorw	
         532997	     26548	80007e58	0ff0000f	fence	iorw,iorw	
         533137	     26555	80007e5c	8d65	c.and	x10,x9	 x10:0x907d8d3e  x9:0x80026ce4 x10=0x80000c24
         533197	     26558	80007e5e	90acab13	slti	x22,x25,-1782	 x25:0x00000000 x22=0x00000000
         533217	     26559	80007e62	01727563	bgeu	x4,x23,80007e6c	  x4:0xfffff982 x23:0x80026cff
         533917	     26594	80007e6c	036cdab3	divu	x21,x25,x22	 x25:0x00000000 x22:0x00000000 x21=0xffffffff
         534397	     26618	80007e70	0193e0b3	or	x1,x7,x25	  x7:0xcd1cd000 x25:0x00000000  x1=0xcd1cd000
         534437	     26620	80007e74	020960b3	rem	x1,x18,x0	 x18:0x00000000  x0:0x00000000  x1=0x00000000
         534457	     26621	80007e78	02ba0d33	mul	x26,x20,x11	 x20:0x00000000 x11:0x00000000 x26=0x00000000
         534857	     26641	80007e7c	006f4563	blt	x30,x6,80007e86	 x30:0xffffffff  x6:0xfffffffe
         534877	     26642	80007e80	9a72	c.add	x20,x28	 x20:0x00000000 x28:0xcd1cc9b6 x20=0xcd1cc9b6
         534917	     26644	80007e82	340075f3	csrrci	x11,mscratch,0	 x11=0x0000001b
         534937	     26645	80007e86	00cc7f63	bgeu	x24,x12,80007ea4	 x24:0x00000000 x12:0xf405099c
         534957	     26646	80007e8a	00120333	add	x6,x4,x1	  x4:0xfffff982  x1:0x00000000  x6=0xfffff982
         534997	     26648	80007e8e	00b287b3	add	x15,x5,x11	  x5:0x80022e2c x11:0x0000001b x15=0x80022e47
         535017	     26649	80007e92	8e95	c.sub	x13,x13	 x13:0xdf171000 x13:0xdf171000 x13=0x00000000
         535417	     26669	80007e94	0001	c.addi	x0,0	  x0:0x00000000  x0=0x00000000
         535557	     26676	80007e96	01e47763	bgeu	x8,x30,80007ea4	  x8:0xef800000 x30:0xffffffff
         535577	     26677	80007e9a	03f04b63	blt	x0,x31,80007ed0	  x0:0x00000000 x31:0x80000000
         535597	     26678	80007e9e	45f9	c.li	x11,30	 x11=0x0000001e
         535617	     26679	80007ea0	001e7463	bgeu	x28,x1,80007ea8	 x28:0xcd1cc9b6  x1:0x00000000
         535817	     26689	80007ea8	0001	c.addi	x0,0	  x0:0x00000000  x0=0x00000000
         536957	     26746	80007eaa	02cefb33	remu	x22,x29,x12	 x29:0xffff8000 x12:0xf405099c x22=0x0bfa7664
         536977	     26747	80007eae	8c19	c.sub	x8,x14	  x8:0xef800000 x14:0x00000000  x8=0xef800000
         536997	     26748	80007eb0	5c3d2413	slti	x8,x26,1475	 x26:0x00000000  x8=0x00000001
         537017	     26749	80007eb4	0ff0000f	fence	iorw,iorw	
         537037	     26750	80007eb8	05074263	blt	x14,x16,80007efc	 x14:0x00000000 x16:0x00000000
         537097	     26753	80007ebc	03d41c63	bne	x8,x29,80007ef4	  x8:0x00000001 x29:0xffff8000
         537597	     26778	80007ef4	40318fb3	sub	x31,x3,x3	  x3:0xdf171013  x3:0xdf171013 x31=0x00000000
         537657	     26781	80007ef8	0026c263	blt	x13,x2,80007efc	 x13:0x00000000  x2:0x80000000
         537937	     26795	80007efc	00db57b3	srl	x15,x22,x13	 x22:0x0bfa7664 x13:0x00000000 x15=0x0bfa7664
         538057	     26801	80007f00	81bd	c.srli	x11,0xf	 x11:0x0000001e x11=0x00000000
         538237	     26810	80007f02	e12f3213	sltiu	x4,x30,-494	 x30:0xffffffff  x4=0x00000000
         538257	     26811	80007f06	ee11	c.bnez	x12,80007f22	 x12:0xf405099c
         538797	     26838	80007f22	41dd	c.li	x3,23	  x3=0x00000017
         538817	     26839	80007f24	05916563	bltu	x2,x25,80007f6e	  x2:0x80000000 x25:0x00000000
         539177	     26857	80007f28	8e95	c.sub	x13,x13	 x13:0x00000000 x13:0x00000000 x13=0x00000000
         539197	     26858	80007f2a	401e0e33	sub	x28,x28,x1	 x28:0xcd1cc9b6  x1:0x00000000 x28=0xcd1cc9b6
         539237	     26860	80007f2e	02e258b3	divu	x17,x4,x14	  x4:0x00000000 x14:0x00000000 x17=0xffffffff
         539257	     26861	80007f32	0089c0b3	xor	x1,x19,x8	 x19:0xcd1cc9b5  x8:0x00000001  x1=0xcd1cc9b4
         539297	     26863	80007f36	0154bab3	sltu	x21,x9,x21	  x9:0x80026ce4 x21:0xffffffff x21=0x00000001
         539317	     26864	80007f3a	8edd	c.or	x13,x15	 x13:0x00000000 x15:0x0bfa7664 x13=0x0bfa7664
         539337	     26865	80007f3c	019538b3	sltu	x17,x10,x25	 x10:0x80000c24 x25:0x00000000 x17=0x00000000
         540077	     26902	80007f40	02c3ce33	div	x28,x7,x12	  x7:0xcd1cd000 x12:0xf405099c x28=0x00000004
         540097	     26903	80007f44	02ce0a33	mul	x20,x28,x12	 x28:0x00000004 x12:0xf405099c x20=0xd0142670
         540117	     26904	80007f48	918bb513	sltiu	x10,x23,-1768	 x23:0x80026cff x10=0x00000001
         540137	     26905	80007f4c	004ae733	or	x14,x21,x4	 x21:0x00000001  x4:0x00000000 x14=0x00000001
         540157	     26906	80007f50	40e1d793	srai	x15,x3,0xe	  x3:0x00000017 x15=0x00000000
         540197	     26908	80007f54	02a23533	mulhu	x10,x4,x10	  x4:0x00000000 x10:0x00000001 x10=0x00000000
         540477	     26922	80007f58	6f3ac593	xori	x11,x21,1779	 x21:0x00000001 x11=0x000006f2
         540677	     26932	80007f5c	0ff0000f	fence	iorw,iorw	
         540717	     26934	80007f60	032f33b3	mulhu	x7,x30,x18	 x30:0xffffffff x18:0x00000000  x7=0x00000000
         540957	     26946	80007f64	038287b3	mul	x15,x5,x24	  x5:0x80022e2c x24:0x00000000 x15=0x00000000
         541037	     26950	80007f68	6509	c.lui	x10,0x2	 x10=0x00002000
         541117	     26954	80007f6a	0374c763	blt	x9,x23,80007f98	  x9:0x80026ce4 x23:0x80026cff
         541737	     26985	80007f98	34002af3	csrrs	x21,mscratch,x0	  x0:0x00000000 x21=0x0000001b
         541857	     26991	80007f9c	03d43833	mulhu	x16,x8,x29	  x8:0x00000001 x29:0xffff8000 x16=0x00000000
         541877	     26992	80007fa0	014cd3b3	srl	x7,x25,x20	 x25:0x00000000 x20:0xd0142670  x7=0x00000000
         542617	     27029	80007fa4	03d8e333	rem	x6,x17,x29	 x17:0x00000000 x29:0xffff8000  x6=0x00000000
         542637	     27030	80007fa8	cc11	c.beqz	x8,80007fc4	  x8:0x00000001
         542657	     27031	80007faa	82b1	c.srli	x13,0xc	 x13:0x0bfa7664 x13=0x0000bfa7
         542677	     27032	80007fac	0ff0000f	fence	iorw,iorw	
         542697	     27033	80007fb0	00225f33	srl	x30,x4,x2	  x4:0x00000000  x2:0x80000000 x30=0x00000000
         542717	     27034	80007fb4	0072ed63	bltu	x5,x7,80007fce	  x5:0x80022e2c  x7:0x00000000
         542737	     27035	80007fb8	0ff0000f	fence	iorw,iorw	
         542757	     27036	80007fbc	6a8e7313	andi	x6,x28,1704	 x28:0x00000004  x6=0x00000000
         542797	     27038	80007fc0	002fa533	slt	x10,x31,x2	 x31:0x00000000  x2:0x80000000 x10=0x00000000
         542917	     27044	80007fc4	039b2333	mulhsu	x6,x22,x25	 x22:0x0bfa7664 x25:0x00000000  x6=0x00000000
         543037	     27050	80007fc8	8e25	c.xor	x12,x9	 x12:0xf405099c  x9:0x80026ce4 x12=0x74076578
         543057	     27051	80007fca	34055473	csrrwi	x8,mscratch,10	  x8=0x0000001b
         543277	     27062	80007fce	44270893	addi	x17,x14,1090	 x14:0x00000001 x17=0x00000443
         543297	     27063	80007fd2	11fd	c.addi	x3,-1	  x3:0x00000017  x3=0x00000016
         543697	     27083	80007fd4	004be763	bltu	x23,x4,80007fe2	 x23:0x80026cff  x4:0x00000000
         543877	     27092	80007fd8	01d3d093	srli	x1,x7,0x1d	  x7:0x00000000  x1=0x00000000
         543897	     27093	80007fdc	00aae5b3	or	x11,x21,x10	 x21:0x0000001b x10:0x00000000 x11=0x0000001b
         544057	     27101	80007fe0	8149	c.srli	x10,0x12	 x10:0x00000000 x10=0x00000000
         544077	     27102	80007fe2	8c55	c.or	x8,x13	  x8:0x0000001b x13:0x0000bfa7  x8=0x0000bfbf
         544237	     27110	80007fe4	d0fc7913	andi	x18,x24,-753	 x24:0x00000000 x18=0x00000000
         544557	     27126	80007fe8	8391	c.srli	x15,0x4	 x15:0x00000000 x15=0x00000000
         544577	     27127	80007fea	03f36863	bltu	x6,x31,8000801a	  x6:0x00000000 x31:0x00000000
         544617	     27129	80007fee	04980363	beq	x16,x9,80008034	 x16:0x00000000  x9:0x80026ce4
         544837	     27140	80007ff2	0119a633	slt	x12,x19,x17	 x19:0xcd1cc9b5 x17:0x00000443 x12=0x00000001
         544857	     27141	80007ff6	87ed	c.srai	x15,0x1b	 x15:0x00000000 x15=0x00000000
         545257	     27161	80007ff8	9e8aa413	slti	x8,x21,-1560	 x21:0x0000001b  x8=0x00000000
         545277	     27162	80007ffc	a7226d13	ori	x26,x4,-1422	  x4:0x00000000 x26=0xfffffa72
         545357	     27166	80008000	0052ea33	or	x20,x5,x5	  x5:0x80022e2c  x5:0x80022e2c x20=0x80022e2c
         545377	     27167	80008004	033e4a63	blt	x28,x19,80008038	 x28:0x00000004 x19:0xcd1cc9b5
         545397	     27168	80008008	0169d213	srli	x4,x19,0x16	 x19:0xcd1cc9b5  x4=0x00000334
         545417	     27169	8000800c	025980b3	mul	x1,x19,x5	 x19:0xcd1cc9b5  x5:0x80022e2c  x1=0x809b311c
         545437	     27170	80008010	004aa0b3	slt	x1,x21,x4	 x21:0x0000001b  x4:0x00000334  x1=0x00000001
         545877	     27192	80008014	40bd0bb3	sub	x23,x26,x11	 x26:0xfffffa72 x11:0x0000001b x23=0xfffffa57
         545937	     27195	80008018	4f79	c.li	x30,30	 x30=0x0000001e
         545957	     27196	8000801a	00420433	add	x8,x4,x4	  x4:0x00000334  x4:0x00000334  x8=0x00000668
         546377	     27217	8000801e	80308713	addi	x14,x1,-2045	  x1:0x00000001 x14=0xfffff804
         546397	     27218	80008022	d53f4c37	lui	x24,0xd53f4	 x24=0xd53f4000
         546417	     27219	80008026	00243433	sltu	x8,x8,x2	  x8:0x00000668  x2:0x80000000  x8=0x00000001
         546437	     27220	8000802a	002bf633	and	x12,x23,x2	 x23:0xfffffa57  x2:0x80000000 x12=0x80000000
         546457	     27221	8000802e	01c87563	bgeu	x16,x28,80008038	 x16:0x00000000 x28:0x00000004
         546477	     27222	80008032	c609	c.beqz	x12,8000803c	 x12:0x80000000
         546497	     27223	80008034	00a81433	sll	x8,x16,x10	 x16:0x00000000 x10:0x00000000  x8=0x00000000
         546677	     27232	80008038	00376763	bltu	x14,x3,80008046	 x14:0xfffff804  x3:0x00000016
         546777	     27237	8000803c	69a1	c.lui	x19,0x8	 x19=0x00008000
         547097	     27253	8000803e	0138fa33	and	x20,x17,x19	 x17:0x00000443 x19:0x00008000 x20=0x00000000
         547217	     27259	80008042	02467163	bgeu	x12,x4,80008064	 x12:0x80000000  x4:0x00000334
         547597	     27278	80008064	020b00b3	mul	x1,x22,x0	 x22:0x0bfa7664  x0:0x00000000  x1=0x00000000
         548357	     27316	80008068	0247deb3	divu	x29,x15,x4	 x15:0x00000000  x4:0x00000334 x29=0x00000000
         548397	     27318	8000806c	03af9833	mulh	x16,x31,x26	 x31:0x00000000 x26:0xfffffa72 x16=0x00000000
         548417	     27319	80008070	12194317	auipc	x6,0x12194	  x6=0x9219c070
         548437	     27320	80008074	3405e3f3	csrrsi	x7,mscratch,11	  x7=0x0000000a
         548457	     27321	80008078	34045cf3	csrrwi	x25,mscratch,8	 x25=0x0000000b
         548477	     27322	8000807c	0523bd93	sltiu	x27,x7,82	  x7:0x0000000a x27=0x00000001
         548497	     27323	80008080	01684933	xor	x18,x16,x22	 x16:0x00000000 x22:0x0bfa7664 x18=0x0bfa7664
         548677	     27332	80008084	02e4b333	mulhu	x6,x9,x14	  x9:0x80026ce4 x14:0xfffff804  x6=0x800268e5
         548817	     27339	80008088	003ef463	bgeu	x29,x3,80008090	 x29:0x00000000  x3:0x00000016
         549017	     27349	8000808c	340f3a73	csrrc	x20,mscratch,x30	 x30:0x0000001e x20=0x00000008
         549037	     27350	80008090	0001	c.addi	x0,0	  x0:0x00000000  x0=0x00000000
         549057	     27351	80008092	8446	c.mv	x8,x17	  x0:0x00000000 x17:0x00000443  x8=0x00000443
         549457	     27371	80008094	40da83b3	sub	x7,x21,x13	 x21:0x0000001b x13:0x0000bfa7  x7=0xffff4074
         549477	     27372	80008098	41ac5d93	srai	x27,x24,0x1a	 x24:0xd53f4000 x27=0xfffffff5
         549497	     27373	8000809c	ae32ab13	slti	x22,x5,-1309	  x5:0x80022e2c x22=0x00000001
         549917	     27394	800080a0	340927f3	csrrs	x15,mscratch,x18	 x18:0x0bfa7664 x15=0x00000000
         549937	     27395	800080a4	8eba	c.mv	x29,x14	  x0:0x00000000 x14:0xfffff804 x29=0xfffff804
         549957	     27396	800080a6	41fddcb3	sra	x25,x27,x31	 x27:0xfffffff5 x31:0x00000000 x25=0xfffffff5
         550017	     27399	800080aa	002dcc33	xor	x24,x27,x2	 x27:0xfffffff5  x2:0x80000000 x24=0x7ffffff5
         550437	     27420	800080ae	340031f3	csrrc	x3,mscratch,x0	  x0:0x00000000  x3=0x0bfa7664
         550457	     27421	800080b2	8d85	c.sub	x11,x9	 x11:0x0000001b  x9:0x80026ce4 x11=0x7ffd9337
         550477	     27422	800080b4	009da1b3	slt	x3,x27,x9	 x27:0xfffffff5  x9:0x80026ce4  x3=0x00000000
         550497	     27423	800080b8	9bee	c.add	x23,x27	 x23:0xfffffa57 x27:0xfffffff5 x23=0xfffffa4c
         550517	     27424	800080ba	03a61263	bne	x12,x26,800080de	 x12:0x80000000 x26:0xfffffa72
         552017	     27499	800080de	00b08033	add	x0,x1,x11	  x1:0x00000000 x11:0x7ffd9337  x0=0x00000000
         552097	     27503	800080e2	afd73237	lui	x4,0xafd73	  x4=0xafd73000
         552117	     27504	800080e6	34025ef3	csrrwi	x29,mscratch,4	 x29=0x0bfa7664
         552137	     27505	800080ea	e511	c.bnez	x10,800080f6	 x10:0x00000000
         552157	     27506	800080ec	8e4d	c.or	x12,x11	 x12:0x80000000 x11:0x7ffd9337 x12=0xfffd9337
         552177	     27507	800080ee	8e95	c.sub	x13,x13	 x13:0x0000bfa7 x13:0x0000bfa7 x13=0x00000000
         552197	     27508	800080f0	8c09	c.sub	x8,x10	  x8:0x00000443 x10:0x00000000  x8=0x00000443
         552217	     27509	800080f2	01ad4eb3	xor	x29,x26,x26	 x26:0xfffffa72 x26:0xfffffa72 x29=0x00000000
         552237	     27510	800080f6	3409b5f3	csrrc	x11,mscratch,x19	 x19:0x00008000 x11=0x00000004
         552977	     27547	800080fa	02604d33	div	x26,x0,x6	  x0:0x00000000  x6:0x800268e5 x26=0x00000000
         552997	     27548	800080fe	3403aff3	csrrs	x31,mscratch,x7	  x7:0xffff4074 x31=0x00000004
         553017	     27549	80008102	03776c63	bltu	x14,x23,8000813a	 x14:0xfffff804 x23:0xfffffa4c
         553477	     27572	8000813a	954e	c.add	x10,x19	 x10:0x00000000 x19:0x00008000 x10=0x00008000
         553897	     27593	8000813c	028a4863	blt	x20,x8,8000816c	 x20:0x00000008  x8:0x00000443
         554557	     27626	8000816c	021ebbb3	mulhu	x23,x29,x1	 x29:0x00000000  x1:0x00000000 x23=0x00000000
         554997	     27648	80008170	014efc33	and	x24,x29,x20	 x29:0x00000000 x20:0x00000008 x24=0x00000000
         555417	     27669	80008174	d52c1a37	lui	x20,0xd52c1	 x20=0xd52c1000
         555437	     27670	80008178	011ad963	bge	x21,x17,8000818a	 x21:0x0000001b x17:0x00000443
         555457	     27671	8000817c	340b60f3	csrrsi	x1,mscratch,22	  x1=0xffff4074
         556197	     27708	80008180	02655fb3	divu	x31,x10,x6	 x10:0x00008000  x6:0x800268e5 x31=0x00000000
         556217	     27709	80008184	34042273	csrrs	x4,mscratch,x8	  x8:0x00000443  x4=0xffff4076
         556237	     27710	80008188	8dd5	c.or	x11,x13	 x11:0x00000004 x13:0x00000000 x11=0x00000004
         556257	     27711	8000818a	03ae07b3	mul	x15,x28,x26	 x28:0x00000004 x26:0x00000000 x15=0x00000000
         556297	     27713	8000818e	033d2db3	mulhsu	x27,x26,x19	 x26:0x00000000 x19:0x00008000 x27=0x00000000
         556317	     27714	80008192	03e2	c.slli	x7,0x18	  x7:0xffff4074  x7=0x74000000
         556337	     27715	80008194	87d1	c.srai	x15,0x14	 x15:0x00000000 x15=0x00000000
         556357	     27716	80008196	001a8c63	beq	x21,x1,800081ae	 x21:0x0000001b  x1:0xffff4074
         556417	     27719	8000819a	78b6aa93	slti	x21,x13,1931	 x13:0x00000000 x21=0x00000001
         556497	     27723	8000819e	02e58163	beq	x11,x14,800081c0	 x11:0x00000004 x14:0xfffff804
         556617	     27729	800081a2	bf4db213	sltiu	x4,x27,-1036	 x27:0x00000000  x4=0x00000001
         556637	     27730	800081a6	0079b233	sltu	x4,x19,x7	 x19:0x00008000  x7:0x74000000  x4=0x00000001
         556657	     27731	800081aa	8fb9	c.xor	x15,x14	 x15:0x00000000 x14:0xfffff804 x15=0xfffff804
         556837	     27740	800081ac	8dc9	c.or	x11,x10	 x11:0x00000004 x10:0x00008000 x11=0x00008004
         556857	     27741	800081ae	8351	c.srli	x14,0x14	 x14:0xfffff804 x14=0x00000fff
         556877	     27742	800081b0	8f59	c.or	x14,x14	 x14:0x00000fff x14:0x00000fff x14=0x00000fff
         556897	     27743	800081b2	404a5393	srai	x7,x20,0x4	 x20:0xd52c1000  x7=0xfd52c100
         556917	     27744	800081b6	05d15063	bge	x2,x29,800081f6	  x2:0x80000000 x29:0x00000000
         556937	     27745	800081ba	016dee63	bltu	x27,x22,800081d6	 x27:0x00000000 x22:0x00000001
         557497	     27773	800081d6	8c4e	c.mv	x24,x19	  x0:0x00000000 x19:0x00008000 x24=0x00008000
         557537	     27775	800081d8	00346f33	or	x30,x8,x3	  x8:0x00000443  x3:0x00000000 x30=0x00000443
         557957	     27796	800081dc	018845b3	xor	x11,x16,x24	 x16:0x00000000 x24:0x00008000 x11=0x00008000
         557977	     27797	800081e0	01540863	beq	x8,x21,800081f0	  x8:0x00000443 x21:0x00000001
         558817	     27839	800081e4	02a7f1b3	remu	x3,x15,x10	 x15:0xfffff804 x10:0x00008000  x3=0x00007804
         558837	     27840	800081e8	412dde33	sra	x28,x27,x18	 x27:0x00000000 x18:0x0bfa7664 x28=0x00000000
         558857	     27841	800081ec	d3a18693	addi	x13,x3,-710	  x3:0x00007804 x13=0x0000753e
         559597	     27878	800081f0	023d6633	rem	x12,x26,x3	 x26:0x00000000  x3:0x00007804 x12=0x00000000
         559617	     27879	800081f4	0001	c.addi	x0,0	  x0:0x00000000  x0=0x00000000
         559637	     27880	800081f6	340becf3	csrrsi	x25,mscratch,23	 x25=0xffff4477
         559657	     27881	800081fa	18fd	c.addi	x17,-1	 x17:0x00000443 x17=0x00000442
         559677	     27882	800081fc	9b800813	addi	x16,x0,-1608	  x0:0x00000000 x16=0xfffff9b8
         559697	     27883	80008200	340addf3	csrrwi	x27,mscratch,21	 x27=0xffff4477
         559817	     27889	80008204	00ff8763	beq	x31,x15,80008212	 x31:0x00000000 x15:0xfffff804
         560097	     27903	80008208	8bd6	c.mv	x23,x21	  x0:0x00000000 x21:0x00000001 x23=0x00000001
         560257	     27911	8000820a	04158363	beq	x11,x1,80008250	 x11:0x00008000  x1:0xffff4074
         560277	     27912	8000820e	007b90b3	sll	x1,x23,x7	 x23:0x00000001  x7:0xfd52c100  x1=0x00000001
         560297	     27913	80008212	8425	c.srai	x8,0x9	  x8:0x00000443  x8=0x00000002
         560337	     27915	80008214	02372f33	mulhsu	x30,x14,x3	 x14:0x00000fff  x3:0x00007804 x30=0x00000000
         560357	     27916	80008218	0ca21db7	lui	x27,0xca21	 x27=0x0ca21000
         560597	     27928	8000821c	84560f93	addi	x31,x12,-1979	 x12:0x00000000 x31=0xfffff845
         560617	     27929	80008220	028f9a63	bne	x31,x8,80008254	 x31:0xfffff845  x8:0x00000002
         561137	     27955	80008254	9bb1c513	xori	x10,x3,-1605	  x3:0x00007804 x10=0xffff81bf
         561177	     27957	80008258	000b9713	slli	x14,x23,0x0	 x23:0x00000001 x14=0x00000001
         561217	     27959	8000825c	03e0c9b3	div	x19,x1,x30	  x1:0x00000001 x30:0x00000000 x19=0xffffffff
         561237	     27960	80008260	6aa046b7	lui	x13,0x6aa04	 x13=0x6aa04000
         561277	     27962	80008264	03ec63b3	rem	x7,x24,x30	 x24:0x00008000 x30:0x00000000  x7=0x00008000
         561317	     27964	80008268	02711933	mulh	x18,x2,x7	  x2:0x80000000  x7:0x00008000 x18=0xffffc000
         561337	     27965	8000826c	01b6d833	srl	x16,x13,x27	 x13:0x6aa04000 x27:0x0ca21000 x16=0x6aa04000
         561357	     27966	80008270	01bae263	bltu	x21,x27,80008274	 x21:0x00000001 x27:0x0ca21000
         561397	     27968	80008274	0055c3b3	xor	x7,x11,x5	 x11:0x00008000  x5:0x80022e2c  x7=0x8002ae2c
         561797	     27988	80008278	02625663	bge	x4,x6,800082a4	  x4:0x00000001  x6:0x800268e5
         562717	     28034	800082a4	8dc1	c.or	x11,x8	 x11:0x00008000  x8:0x00000002 x11=0x00008002
         563117	     28054	800082a6	006eee33	or	x28,x29,x6	 x29:0x00000000  x6:0x800268e5 x28=0x800268e5
         563137	     28055	800082aa	0fbd	c.addi	x31,15	 x31:0xfffff845 x31=0xfffff854
         563157	     28056	800082ac	924a	c.add	x4,x18	  x4:0x00000001 x18:0xffffc000  x4=0xffffc001
         563197	     28058	800082ae	030730b3	mulhu	x1,x14,x16	 x14:0x00000001 x16:0x6aa04000  x1=0x00000000
         563417	     28069	800082b2	34006873	csrrsi	x16,mscratch,0	 x16=0x00000015
         563437	     28070	800082b6	3408ef73	csrrsi	x30,mscratch,17	 x30=0x00000015
         564317	     28114	800082ba	03bf4233	div	x4,x30,x27	 x30:0x00000015 x27:0x0ca21000  x4=0x00000000
         564337	     28115	800082be	8f11	c.sub	x14,x12	 x14:0x00000001 x12:0x00000000 x14=0x00000001
         564357	     28116	800082c0	cdd10617	auipc	x12,0xcdd10	 x12=0x4dd182c0
         564377	     28117	800082c4	2cd46a13	ori	x20,x8,717	  x8:0x00000002 x20=0x000002cf
         564397	     28118	800082c8	65a1	c.lui	x11,0x8	 x11=0x00008000
         564417	     28119	800082ca	8de9	c.and	x11,x10	 x11:0x00008000 x10:0xffff81bf x11=0x00008000
         564437	     28120	800082cc	0181d313	srli	x6,x3,0x18	  x3:0x00007804  x6=0x00000000
         564537	     28125	800082d0	8351	c.srli	x14,0x14	 x14:0x00000001 x14=0x00000000
         564557	     28126	800082d2	8dee	c.mv	x27,x27	  x0:0x00000000 x27:0x0ca21000 x27=0x0ca21000
         565297	     28163	800082d4	02577fb3	remu	x31,x14,x5	 x14:0x00000000  x5:0x80022e2c x31=0x00000000
         567037	     28250	800082d8	34006ef3	csrrsi	x29,mscratch,0	 x29=0x00000015
         567057	     28251	800082dc	01472233	slt	x4,x14,x20	 x14:0x00000000 x20:0x000002cf  x4=0x00000001
         567077	     28252	800082e0	bd40e993	ori	x19,x1,-1068	  x1:0x00000000 x19=0xfffffbd4
         567117	     28254	800082e4	02f03e33	mulhu	x28,x0,x15	  x0:0x00000000 x15:0xfffff804 x28=0x00000000
         567137	     28255	800082e8	41ce06b3	sub	x13,x28,x28	 x28:0x00000000 x28:0x00000000 x13=0x00000000
         567157	     28256	800082ec	1e1c6d97	auipc	x27,0x1e1c6	 x27=0x9e1ce2ec
         567237	     28260	800082f0	61bd	c.lui	x3,0xf	  x3=0x0000f000
         567257	     28261	800082f2	010d5a33	srl	x20,x26,x16	 x26:0x00000000 x16:0x00000015 x20=0x00000000
         567277	     28262	800082f6	8e61	c.and	x12,x8	 x12:0x4dd182c0  x8:0x00000002 x12=0x00000000
         567297	     28263	800082f8	00e690b3	sll	x1,x13,x14	 x13:0x00000000 x14:0x00000000  x1=0x00000000
         567317	     28264	800082fc	40055933	sra	x18,x10,x0	 x10:0xffff81bf  x0:0x00000000 x18=0xffff81bf
         567337	     28265	80008300	34025e73	csrrwi	x28,mscratch,4	 x28=0x00000015
         567357	     28266	80008304	340061f3	csrrsi	x3,mscratch,0	  x3=0x00000004
         567517	     28274	80008308	010bd913	srli	x18,x23,0x10	 x23:0x00000001 x18=0x00000000
         567537	     28275	8000830c	41058a33	sub	x20,x11,x16	 x11:0x00008000 x16:0x00000015 x20=0x00007feb
         567697	     28283	80008310	53fd	c.li	x7,-1	  x7=0xffffffff
         567717	     28284	80008312	9a7d	c.andi	x12,-1	 x12:0x00000000 x12=0x00000000
         568137	     28305	80008314	0212eab3	rem	x21,x5,x1	  x5:0x80022e2c  x1:0x00000000 x21=0x80022e2c
         568157	     28306	80008318	0001	c.addi	x0,0	  x0:0x00000000  x0=0x00000000
         568177	     28307	8000831a	340ad6f3	csrrwi	x13,mscratch,21	 x13=0x00000004
         568197	     28308	8000831e	0d42	c.slli	x26,0x10	 x26:0x00000000 x26=0x00000000
         568217	     28309	80008320	00208d33	add	x26,x1,x2	  x1:0x00000000  x2:0x80000000 x26=0x80000000
         568237	     28310	80008324	3406fd73	csrrci	x26,mscratch,13	 x26=0x00000015
         568277	     28312	80008328	03e29e33	mulh	x28,x5,x30	  x5:0x80022e2c x30:0x00000015 x28=0xfffffff5
         568457	     28321	8000832c	01415e13	srli	x28,x2,0x14	  x2:0x80000000 x28=0x00000800
         568477	     28322	80008330	41fed613	srai	x12,x29,0x1f	 x29:0x00000015 x12=0x00000000
         568497	     28323	80008334	ed937d13	andi	x26,x6,-295	  x6:0x00000000 x26=0x00000000
         568697	     28333	80008338	340eb573	csrrc	x10,mscratch,x29	 x29:0x00000015 x10=0x00000010
         568717	     28334	8000833c	e8bb6013	ori	x0,x22,-373	 x22:0x00000001  x0=0x00000000
         568857	     28341	80008340	a21245b7	lui	x11,0xa2124	 x11=0xa2124000
         569217	     28359	80008344	414a8db3	sub	x27,x21,x20	 x21:0x80022e2c x20:0x00007feb x27=0x8001ae41
         569417	     28369	80008348	0206	c.slli	x4,0x1	  x4:0x00000001  x4=0x00000002
         569497	     28373	8000834a	03ee6e63	bltu	x28,x30,80008386	 x28:0x00000800 x30:0x00000015
         570317	     28414	8000834e	0379e233	rem	x4,x19,x23	 x19:0xfffffbd4 x23:0x00000001  x4=0x00000000
         571057	     28451	80008352	0252c8b3	div	x17,x5,x5	  x5:0x80022e2c  x5:0x80022e2c x17=0x00000001
         571077	     28452	80008356	00d8b733	sltu	x14,x17,x13	 x17:0x00000001 x13:0x00000004 x14=0x00000001
         571097	     28453	8000835a	01c2a9b3	slt	x19,x5,x28	  x5:0x80022e2c x28:0x00000800 x19=0x00000001
         571117	     28454	8000835e	01999333	sll	x6,x19,x25	 x19:0x00000001 x25:0xffff4477  x6=0x00800000
         571137	     28455	80008362	025fdf63	bge	x31,x5,800083a0	 x31:0x00000000  x5:0x80022e2c
         571537	     28475	800083a0	012019b3	sll	x19,x0,x18	  x0:0x00000000 x18:0x00000000 x19=0x00000000
         571957	     28496	800083a4	8d3d	c.xor	x10,x15	 x10:0x00000010 x15:0xfffff804 x10=0xfffff814
         571977	     28497	800083a6	0001	c.addi	x0,0	  x0:0x00000000  x0=0x00000000
         572277	     28512	800083a8	418186b3	sub	x13,x3,x24	  x3:0x00000004 x24:0x00008000 x13=0xffff8004
         573017	     28549	800083ac	02936433	rem	x8,x6,x9	  x6:0x00800000  x9:0x80026ce4  x8=0x00800000
         573037	     28550	800083b0	340b20f3	csrrs	x1,mscratch,x22	 x22:0x00000001  x1=0x00000000
         573057	     28551	800083b4	413ad9b3	sra	x19,x21,x19	 x21:0x80022e2c x19:0x00000000 x19=0x80022e2c
         573077	     28552	800083b8	3408eb73	csrrsi	x22,mscratch,17	 x22=0x00000001
         573817	     28589	800083bc	0378f533	remu	x10,x17,x23	 x17:0x00000001 x23:0x00000001 x10=0x00000000
         573837	     28590	800083c0	eac1eeb7	lui	x29,0xeac1e	 x29=0xeac1e000
         573857	     28591	800083c4	03d27c63	bgeu	x4,x29,800083fc	  x4:0x00000000 x29:0xeac1e000
         573877	     28592	800083c8	9ada	c.add	x21,x22	 x21:0x80022e2c x22:0x00000001 x21=0x80022e2d
         574617	     28629	800083ca	02e0dc33	divu	x24,x1,x14	  x1:0x00000000 x14:0x00000001 x24=0x00000000
         574637	     28630	800083ce	619d	c.lui	x3,0x7	  x3=0x00007000
         574657	     28631	800083d0	53fd	c.li	x7,-1	  x7=0xffffffff
         574677	     28632	800083d2	01e71ab3	sll	x21,x14,x30	 x14:0x00000001 x30:0x00000015 x21=0x00200000
         574697	     28633	800083d6	4e573d93	sltiu	x27,x14,1253	 x14:0x00000001 x27=0x00000001
         574717	     28634	800083da	886e	c.mv	x16,x27	  x0:0x00000000 x27:0x00000001 x16=0x00000001
         574737	     28635	800083dc	00af9533	sll	x10,x31,x10	 x31:0x00000000 x10:0x00000000 x10=0x00000000
         574757	     28636	800083e0	34006b73	csrrsi	x22,mscratch,0	 x22=0x00000011
         574777	     28637	800083e4	c70d	c.beqz	x14,8000840e	 x14:0x00000001
         575037	     28650	800083e6	fe1aa713	slti	x14,x21,-31	 x21:0x00200000 x14=0x00000000
         575117	     28654	800083ea	01880f63	beq	x16,x24,80008408	 x16:0x00000001 x24:0x00000000
         575137	     28655	800083ee	340026f3	csrrs	x13,mscratch,x0	  x0:0x00000000 x13=0x00000011
         575157	     28656	800083f2	0069af33	slt	x30,x19,x6	 x19:0x80022e2c  x6:0x00800000 x30=0x00000001
         575597	     28678	800083f6	0224adb3	mulhsu	x27,x9,x2	  x9:0x80026ce4  x2:0x80000000 x27=0xc0013672
         575617	     28679	800083fa	0e6e	c.slli	x28,0x1b	 x28:0x00000800 x28=0x00000000
         575917	     28694	800083fc	3b438537	lui	x10,0x3b438	 x10=0x3b438000
         576237	     28710	80008400	436abb13	sltiu	x22,x21,1078	 x21:0x00200000 x22=0x00000000
         576677	     28732	80008404	03acfd33	remu	x26,x25,x26	 x25:0xffff4477 x26:0x00000000 x26=0xffff4477
         577077	     28752	80008408	000a5563	bge	x20,x0,80008412	 x20:0x00007feb  x0:0x00000000
         578477	     28822	80008412	81b9	c.srli	x11,0xe	 x11:0xa2124000 x11=0x00028849
         578797	     28838	80008414	4b91	c.li	x23,4	 x23=0x00000004
         579157	     28856	80008416	001e5993	srli	x19,x28,0x1	 x28:0x00000000 x19=0x00000000
         579337	     28865	8000841a	0ff0000f	fence	iorw,iorw	
         579357	     28866	8000841e	6572b893	sltiu	x17,x5,1623	  x5:0x80022e2c x17=0x00000000
         579377	     28867	80008422	e389	c.bnez	x15,80008424	 x15:0xfffff804
         580837	     28940	80008424	03455033	divu	x0,x10,x20	 x10:0x3b438000 x20:0x00007feb  x0=0x00000000
         580857	     28941	80008428	03f1e263	bltu	x3,x31,8000844c	  x3:0x00007000 x31:0x00000000
         580877	     28942	8000842c	00260d33	add	x26,x12,x2	 x12:0x00000000  x2:0x80000000 x26=0x80000000
         580917	     28944	80008430	038fe1b3	rem	x3,x31,x24	 x31:0x00000000 x24:0x00000000  x3=0x00000000
         580937	     28945	80008434	0287c763	blt	x15,x8,80008462	 x15:0xfffff804  x8:0x00800000
         581397	     28968	80008462	77f3d897	auipc	x17,0x77f3d	 x17=0xf7f45462
         581417	     28969	80008466	bb7e5b17	auipc	x22,0xbb7e5	 x22=0x3b7ed466
         581557	     28976	8000846a	00731963	bne	x6,x7,8000847c	  x6:0x00800000  x7:0xffffffff
         581657	     28981	8000847c	8812a093	slti	x1,x5,-1919	  x5:0x80022e2c  x1=0x00000001
         581697	     28983	80008480	340218f3	csrrw	x17,mscratch,x4	  x4:0x00000000 x17=0x00000011
         581857	     28991	80008484	022c33b3	mulhu	x7,x24,x2	 x24:0x00000000  x2:0x80000000  x7=0x00000000
         581897	     28993	80008488	03098863	beq	x19,x16,800084b8	 x19:0x00000000 x16:0x00000001
         582177	     29007	8000848c	0233e463	bltu	x7,x3,800084b4	  x7:0x00000000  x3:0x00000000
         582377	     29017	80008490	00ca8e63	beq	x21,x12,800084ac	 x21:0x00200000 x12:0x00000000
         582397	     29018	80008494	8c4d	c.or	x8,x11	  x8:0x00800000 x11:0x00028849  x8=0x00828849
         582417	     29019	80008496	28084893	xori	x17,x16,640	 x16:0x00000001 x17=0x00000281
         582477	     29022	8000849a	0000100f	fence.i	
         583497	     29073	8000849e	022337b3	mulhu	x15,x6,x2	  x6:0x00800000  x2:0x80000000 x15=0x00400000
         583517	     29074	800084a2	0158f763	bgeu	x17,x21,800084b0	 x17:0x00000281 x21:0x00200000
         583537	     29075	800084a6	9ec6	c.add	x29,x17	 x29:0xeac1e000 x17:0x00000281 x29=0xeac1e281
         583557	     29076	800084a8	0032b333	sltu	x6,x5,x3	  x5:0x80022e2c  x3:0x00000000  x6=0x00000000
         583577	     29077	800084ac	01195263	bge	x18,x17,800084b0	 x18:0x00000000 x17:0x00000281
         583597	     29078	800084b0	02de6563	bltu	x28,x13,800084da	 x28:0x00000000 x13:0x00000011
         584437	     29120	800084da	014a70b3	and	x1,x20,x20	 x20:0x00007feb x20:0x00007feb  x1=0x00007feb
         584457	     29121	800084de	00adc3b3	xor	x7,x27,x10	 x27:0xc0013672 x10:0x3b438000  x7=0xfb42b672
         584477	     29122	800084e2	e919	c.bnez	x10,800084f8	 x10:0x3b438000
         584577	     29127	800084f8	c69d	c.beqz	x13,80008526	 x13:0x00000011
         584617	     29129	800084fa	03c076b3	remu	x13,x0,x28	  x0:0x00000000 x28:0x00000000 x13=0x00000000
         584937	     29145	800084fe	024b2533	mulhsu	x10,x22,x4	 x22:0x3b7ed466  x4:0x00000000 x10=0x00000000
         584957	     29146	80008502	197d	c.addi	x18,-1	 x18:0x00000000 x18=0xffffffff
         584977	     29147	80008504	8d49	c.or	x10,x10	 x10:0x00000000 x10:0x00000000 x10=0x00000000
         585097	     29153	80008506	020201b3	mul	x3,x4,x0	  x4:0x00000000  x0:0x00000000  x3=0x00000000
         585117	     29154	8000850a	71bc3193	sltiu	x3,x24,1819	 x24:0x00000000  x3=0x00000001
         585137	     29155	8000850e	0ff0000f	fence	iorw,iorw	
         585157	     29156	80008512	8065	c.srli	x8,0x19	  x8:0x00828849  x8=0x00000000
         585217	     29159	80008514	86e2	c.mv	x13,x24	  x0:0x00000000 x24:0x00000000 x13=0x00000000
         585337	     29165	80008516	007af463	bgeu	x21,x7,8000851e	 x21:0x00200000  x7:0xfb42b672
         585477	     29172	8000851a	34055573	csrrwi	x10,mscratch,10	 x10=0x00000000
         585497	     29173	8000851e	41fb5613	srai	x12,x22,0x1f	 x22:0x3b7ed466 x12=0x00000000
         585517	     29174	80008522	00a09663	bne	x1,x10,8000852e	  x1:0x00007feb x10:0x00000000
         586057	     29201	8000852e	34003c73	csrrc	x24,mscratch,x0	  x0:0x00000000 x24=0x0000000a
         586477	     29222	80008532	014a68b3	or	x17,x20,x20	 x20:0x00007feb x20:0x00007feb x17=0x00007feb
         587617	     29279	80008536	0270d333	divu	x6,x1,x7	  x1:0x00007feb  x7:0xfb42b672  x6=0x00000000
         587637	     29280	8000853a	4975	c.li	x18,29	 x18=0x0000001d
         587657	     29281	8000853c	00127033	and	x0,x4,x1	  x4:0x00000000  x1:0x00007feb  x0=0x00000000
         587677	     29282	80008540	40285413	srai	x8,x16,0x2	 x16:0x00000001  x8=0x00000000
         587697	     29283	80008544	0001	c.addi	x0,0	  x0:0x00000000  x0=0x00000000
         588437	     29320	80008546	031df7b3	remu	x15,x27,x17	 x27:0xc0013672 x17:0x00007feb x15=0x00003bc7
         588457	     29321	8000854a	41e48533	sub	x10,x9,x30	  x9:0x80026ce4 x30:0x00000001 x10=0x80026ce3
         588477	     29322	8000854e	7b34b217	auipc	x4,0x7b34b	  x4=0xfb35354e
         588497	     29323	80008552	037b9b63	bne	x23,x23,80008588	 x23:0x00000004 x23:0x00000004
         588517	     29324	80008556	8d75	c.and	x10,x13	 x10:0x80026ce3 x13:0x00000000 x10=0x00000000
         588537	     29325	80008558	93decd93	xori	x27,x29,-1731	 x29:0xeac1e281 x27=0x153e1bbc
         588557	     29326	8000855c	03189163	bne	x17,x17,8000857e	 x17:0x00007feb x17:0x00007feb
         588597	     29328	80008560	02eca033	mulhsu	x0,x25,x14	 x25:0xffff4477 x14:0x00000000  x0=0x00000000
         588757	     29336	80008564	0180c963	blt	x1,x24,80008576	  x1:0x00007feb x24:0x0000000a
         589857	     29391	80008568	03ed77b3	remu	x15,x26,x30	 x26:0x80000000 x30:0x00000001 x15=0x00000000
         589877	     29392	8000856c	197d	c.addi	x18,-1	 x18:0x0000001d x18=0x0000001c
         589897	     29393	8000856e	2d11fd13	andi	x26,x3,721	  x3:0x00000001 x26=0x00000001
         589917	     29394	80008572	a2e27993	andi	x19,x4,-1490	  x4:0xfb35354e x19=0xfb35300e
         589937	     29395	80008576	0128fa33	and	x20,x17,x18	 x17:0x00007feb x18:0x0000001c x20=0x00000008
         589957	     29396	8000857a	01169ab3	sll	x21,x13,x17	 x13:0x00000000 x17:0x00007feb x21=0x00000000
         589997	     29398	8000857e	ae0cf313	andi	x6,x25,-1312	 x25:0xffff4477  x6=0xffff4060
         590017	     29399	80008582	84c40193	addi	x3,x8,-1972	  x8:0x00000000  x3=0xfffff84c
         590037	     29400	80008586	99fd	c.andi	x11,-1	 x11:0x00028849 x11=0x00028849
         590097	     29403	80008588	419d5993	srai	x19,x26,0x19	 x26:0x00000001 x19=0x00000000
         590317	     29414	8000858c	29009f37	lui	x30,0x29009	 x30=0x29009000
         590337	     29415	80008590	15fd	c.addi	x11,-1	 x11:0x00028849 x11=0x00028848
         590737	     29435	80008592	328d01b7	lui	x3,0x328d0	  x3=0x328d0000
         590757	     29436	80008596	0cee	c.slli	x25,0x1b	 x25:0xffff4477 x25=0xb8000000
         590777	     29437	80008598	00ed7533	and	x10,x26,x14	 x26:0x00000001 x14:0x00000000 x10=0x00000000
         590797	     29438	8000859c	83a1	c.srli	x15,0x8	 x15:0x00000000 x15=0x00000000
         590817	     29439	8000859e	0554d263	bge	x9,x21,800085e2	  x9:0x80026ce4 x21:0x00000000
         590877	     29442	800085a2	02941733	mulh	x14,x8,x9	  x8:0x00000000  x9:0x80026ce4 x14=0x00000000
         590897	     29443	800085a6	013c90b3	sll	x1,x25,x19	 x25:0xb8000000 x19:0x00000000  x1=0xb8000000
         591177	     29457	800085aa	f6163f93	sltiu	x31,x12,-159	 x12:0x00000000 x31=0x00000001
         591197	     29458	800085ae	8dd1	c.or	x11,x12	 x11:0x00028848 x12:0x00000000 x11=0x00028848
         591977	     29497	800085b0	032bffb3	remu	x31,x23,x18	 x23:0x00000004 x18:0x0000001c x31=0x00000004
         591997	     29498	800085b4	8f1d	c.sub	x14,x15	 x14:0x00000000 x15:0x00000000 x14=0x00000000
         592017	     29499	800085b6	8f99	c.sub	x15,x14	 x15:0x00000000 x14:0x00000000 x15=0x00000000
         592037	     29500	800085b8	8ffd	c.and	x15,x15	 x15:0x00000000 x15:0x00000000 x15=0x00000000
         592057	     29501	800085ba	34007af3	csrrci	x21,mscratch,0	 x21=0x0000000a
         592077	     29502	800085be	0147f033	and	x0,x15,x20	 x15:0x00000000 x20:0x00000008  x0=0x00000000
         592097	     29503	800085c2	340fb8f3	csrrc	x17,mscratch,x31	 x31:0x00000004 x17=0x0000000a
         592117	     29504	800085c6	8219	c.srli	x12,0x6	 x12:0x00000000 x12=0x00000000
         592457	     29521	800085c8	02100ab3	mul	x21,x0,x1	  x0:0x00000000  x1:0xb8000000 x21=0x00000000
         592477	     29522	800085cc	04161263	bne	x12,x1,80008610	 x12:0x00000000  x1:0xb8000000
         592597	     29528	80008610	666a0793	addi	x15,x20,1638	 x20:0x00000008 x15=0x0000066e
         592697	     29533	80008614	0278d563	bge	x17,x7,8000863e	 x17:0x0000000a  x7:0xfb42b672
         593837	     29590	8000863e	03d65c63	bge	x12,x29,80008676	 x12:0x00000000 x29:0xeac1e281
         594757	     29636	80008676	c0ad6e13	ori	x28,x26,-1014	 x26:0x00000001 x28=0xfffffc0b
         594777	     29637	8000867a	01d18263	beq	x3,x29,8000867e	  x3:0x328d0000 x29:0xeac1e281
         594797	     29638	8000867e	0ff0000f	fence	iorw,iorw	
         595537	     29675	80008682	0250c933	div	x18,x1,x5	  x1:0xb8000000  x5:0x80022e2c x18=0x00000000
         595557	     29676	80008686	0000100f	fence.i	
         595757	     29686	8000868a	0348aeb3	mulhsu	x29,x17,x20	 x17:0x0000000a x20:0x00000008 x29=0x00000000
         595777	     29687	8000868e	c609	c.beqz	x12,80008698	 x12:0x00000000
         596737	     29735	80008698	05fb7d93	andi	x27,x22,95	 x22:0x3b7ed466 x27=0x00000046
         597117	     29754	8000869c	01cf6533	or	x10,x30,x28	 x30:0x29009000 x28:0xfffffc0b x10=0xfffffc0b
         597157	     29756	800086a0	02c07233	remu	x4,x0,x12	  x0:0x00000000 x12:0x00000000  x4=0x00000000
         597197	     29758	800086a4	024feb33	rem	x22,x31,x4	 x31:0x00000004  x4:0x00000000 x22=0x00000004
         597217	     29759	800086a8	01197563	bgeu	x18,x17,800086b2	 x18:0x00000000 x17:0x0000000a
         597237	     29760	800086ac	0242	c.slli	x4,0x10	  x4:0x00000000  x4=0x00000000
         597257	     29761	800086ae	cfa1	c.beqz	x15,80008706	 x15:0x0000066e
         597577	     29777	800086b0	0d6a	c.slli	x26,0x1a	 x26:0x00000001 x26=0x04000000
         597597	     29778	800086b2	16fd	c.addi	x13,-1	 x13:0x00000000 x13=0xffffffff
         597657	     29781	800086b4	90aa	c.add	x1,x10	  x1:0xb8000000 x10:0xfffffc0b  x1=0xb7fffc0b
         597677	     29782	800086b6	0bbe	c.slli	x23,0xf	 x23:0x00000004 x23=0x00020000
         598417	     29819	800086b8	0318fc33	remu	x24,x17,x17	 x17:0x0000000a x17:0x0000000a x24=0x00000000
         598437	     29820	800086bc	01e8c263	blt	x17,x30,800086c0	 x17:0x0000000a x30:0x29009000
         598737	     29835	800086c0	006837b3	sltu	x15,x16,x6	 x16:0x00000001  x6:0xffff4060 x15=0x00000001
         598997	     29848	800086c4	01e7d033	srl	x0,x15,x30	 x15:0x00000001 x30:0x29009000  x0=0x00000000
         599017	     29849	800086c8	00001697	auipc	x13,0x1	 x13=0x800096c8
         599037	     29850	800086cc	ed268693	addi	x13,x13,-302	 x13:0x800096c8 x13=0x8000959a
         599217	     29859	800086d0	34002ff3	csrrs	x31,mscratch,x0	  x0:0x00000000 x31=0x0000000a
         599417	     29869	800086d4	3407a1f3	csrrs	x3,mscratch,x15	 x15:0x00000001  x3=0x0000000a
         599557	     29876	800086d8	f4e68693	addi	x13,x13,-178	 x13:0x8000959a x13=0x800094e8
         599577	     29877	800086dc	0000100f	fence.i	
         600457	     29921	800086e0	8ddd	c.or	x11,x15	 x11:0x00028848 x15:0x00000001 x11=0x00028849
         600477	     29922	800086e2	71b36a13	ori	x20,x6,1819	  x6:0xffff4060 x20=0xffff477b
         600797	     29938	800086e6	dd8ac237	lui	x4,0xdd8ac	  x4=0xdd8ac000
         600817	     29939	800086ea	013b9863	bne	x23,x19,800086fa	 x23:0x00020000 x19:0x00000000
         601197	     29958	800086fa	0b368b67	jalr	x22,179(x13)	 x13:0x800094e8 x22=0x800086fe
         602057	     30001	8000959a	01585463	bge	x16,x21,800095a2	 x16:0x00000001 x21:0x00000000
         603077	     30052	800095a2	fcc28293	addi	x5,x5,-52	  x5:0x80022e2c  x5=0x80022df8
         603097	     30053	800095a6	03a38333	mul	x6,x7,x26	  x7:0xfb42b672 x26:0x04000000  x6=0xc8000000
         603217	     30059	800095aa	0011f033	and	x0,x3,x1	  x3:0x0000000a  x1:0xb7fffc0b  x0=0x00000000
         603237	     30060	800095ae	987d	c.andi	x8,-1	  x8:0x00000000  x8=0x00000000
         603457	     30071	800095b0	0162a223	sw	x22,4(x5)	  x5:0x80022df8 x22:0x800086fe PA:0x80022dfc store:0x800086fe
         603477	     30072	800095b4	40545013	srai	x0,x8,0x5	  x8:0x00000000  x0=0x00000000
         603497	     30073	800095b8	ae630993	addi	x19,x6,-1306	  x6:0xc8000000 x19=0xc7fffae6
         603517	     30074	800095bc	003d1933	sll	x18,x26,x3	 x26:0x04000000  x3:0x0000000a x18=0x00000000
         603537	     30075	800095c0	8c11	c.sub	x8,x12	  x8:0x00000000 x12:0x00000000  x8=0x00000000
         603557	     30076	800095c2	8fcd	c.or	x15,x11	 x15:0x00000001 x11:0x00028849 x15=0x00028849
         603577	     30077	800095c4	0001	c.addi	x0,0	  x0:0x00000000  x0=0x00000000
         603597	     30078	800095c6	861d	c.srai	x12,0x7	 x12:0x00000000 x12=0x00000000
         603817	     30089	800095c8	b17e8393	addi	x7,x29,-1257	 x29:0x00000000  x7=0xfffffb17
         603957	     30096	800095cc	01822d33	slt	x26,x4,x24	  x4:0xdd8ac000 x24:0x00000000 x26=0x00000001
         604737	     30135	800095d0	03b47a33	remu	x20,x8,x27	  x8:0x00000000 x27:0x00000046 x20=0x00000000
         604757	     30136	800095d4	01a8c5b3	xor	x11,x17,x26	 x17:0x0000000a x26:0x00000001 x11=0x0000000b
         604777	     30137	800095d8	34003873	csrrc	x16,mscratch,x0	  x0:0x00000000 x16=0x0000000b
         604797	     30138	800095dc	0001	c.addi	x0,0	  x0:0x00000000  x0=0x00000000
         604817	     30139	800095de	9b7d	c.andi	x14,-1	 x14:0x00000000 x14=0x00000000
         604897	     30143	800095e0	86f9	c.srai	x13,0x1e	 x13:0x800094e8 x13=0xfffffffe
         604997	     30148	800095e2	01022a33	slt	x20,x4,x16	  x4:0xdd8ac000 x16:0x0000000b x20=0x00000001
         605417	     30169	800095e6	40bb8fb3	sub	x31,x23,x11	 x23:0x00020000 x11:0x0000000b x31=0x0001fff5
         606317	     30214	800095ea	03175033	divu	x0,x14,x17	 x14:0x00000000 x17:0x0000000a  x0=0x00000000
         606357	     30216	800095ee	032ec933	div	x18,x29,x18	 x29:0x00000000 x18:0x00000000 x18=0xffffffff
         606377	     30217	800095f2	8449	c.srai	x8,0x12	  x8:0x00000000  x8=0x00000000
         606397	     30218	800095f4	000eee63	bltu	x29,x0,80009610	 x29:0x00000000  x0:0x00000000
         606417	     30219	800095f8	01ce1713	slli	x14,x28,0x1c	 x28:0xfffffc0b x14=0xb0000000
         607157	     30256	800095fc	033fec33	rem	x24,x31,x19	 x31:0x0001fff5 x19:0xc7fffae6 x24=0x0001fff5
         607177	     30257	80009600	8dad	c.xor	x11,x11	 x11:0x0000000b x11:0x0000000b x11=0x00000000
         607197	     30258	80009602	f72a1e97	auipc	x29,0xf72a1	 x29=0x772aa602
         607217	     30259	80009606	0001	c.addi	x0,0	  x0:0x00000000  x0=0x00000000
         607237	     30260	80009608	34055373	csrrwi	x6,mscratch,10	  x6=0x0000000b
         607277	     30262	8000960c	020ebfb3	mulhu	x31,x29,x0	 x29:0x772aa602  x0:0x00000000 x31=0x00000000
         607297	     30263	80009610	01cc9013	slli	x0,x25,0x1c	 x25:0xb8000000  x0=0x00000000
         607317	     30264	80009614	0b7a4593	xori	x11,x20,183	 x20:0x00000001 x11=0x000000b6
         607337	     30265	80009618	ed01	c.bnez	x10,80009630	 x10:0xfffffc0b
         607977	     30297	80009630	8239	c.srli	x12,0xe	 x12:0x00000000 x12=0x00000000
         608037	     30300	80009632	02037663	bgeu	x6,x0,8000965e	  x6:0x0000000b  x0:0x00000000
         608357	     30316	8000965e	35096f13	ori	x30,x18,848	 x18:0xffffffff x30=0xffffffff
         608377	     30317	80009662	029b0d63	beq	x22,x9,8000969c	 x22:0x800086fe  x9:0x80026ce4
         608397	     30318	80009666	842d	c.srai	x8,0xb	  x8:0x00000000  x8=0x00000000
         608417	     30319	80009668	8341	c.srli	x14,0x10	 x14:0xb0000000 x14=0x0000b000
         609157	     30356	8000966a	02e753b3	divu	x7,x14,x14	 x14:0x0000b000 x14:0x0000b000  x7=0x00000001
         609177	     30357	8000966e	052a9163	bne	x21,x18,800096b0	 x21:0x00000000 x18:0xffffffff
         610157	     30406	800096b0	3407ddf3	csrrwi	x27,mscratch,15	 x27=0x0000000a
         610197	     30408	800096b4	03cf33b3	mulhu	x7,x30,x28	 x30:0xffffffff x28:0xfffffc0b  x7=0xfffffc0a
         610217	     30409	800096b8	003a69b3	or	x19,x20,x3	 x20:0x00000001  x3:0x0000000a x19=0x0000000b
         610317	     30414	800096bc	413287b3	sub	x15,x5,x19	  x5:0x80022df8 x19:0x0000000b x15=0x80022ded
         610337	     30415	800096c0	006b9093	slli	x1,x23,0x6	 x23:0x00020000  x1=0x00800000
         610357	     30416	800096c4	9ba6	c.add	x23,x9	 x23:0x00020000  x9:0x80026ce4 x23=0x80046ce4
         610377	     30417	800096c6	0001	c.addi	x0,0	  x0:0x00000000  x0=0x00000000
         610517	     30424	800096c8	bcc0ecb7	lui	x25,0xbcc0e	 x25=0xbcc0e000
         610597	     30428	800096cc	8a2dad13	slti	x26,x27,-1886	 x27:0x0000000a x26=0x00000000
         610677	     30432	800096d0	8fa1	c.xor	x15,x8	 x15:0x80022ded  x8:0x00000000 x15=0x80022ded
         610777	     30437	800096d2	94d53c93	sltiu	x25,x10,-1715	 x10:0xfffffc0b x25=0x00000000
         610797	     30438	800096d6	188fe993	ori	x19,x31,392	 x31:0x00000000 x19=0x00000188
         611217	     30459	800096da	3f3b4313	xori	x6,x22,1011	 x22:0x800086fe  x6=0x8000850d
         611237	     30460	800096de	86bd	c.srai	x13,0xf	 x13:0xfffffffe x13=0xffffffff
         611577	     30477	800096e0	41b55393	srai	x7,x10,0x1b	 x10:0xfffffc0b  x7=0xffffffff
         611597	     30478	800096e4	8789	c.srai	x15,0x2	 x15:0x80022ded x15=0xe0008b7b
         611617	     30479	800096e6	01c05233	srl	x4,x0,x28	  x0:0x00000000 x28:0xfffffc0b  x4=0x00000000
         611737	     30485	800096ea	c5c03c93	sltiu	x25,x0,-932	  x0:0x00000000 x25=0x00000001
         611777	     30487	800096ee	018651b3	srl	x3,x12,x24	 x12:0x00000000 x24:0x0001fff5  x3=0x00000000
         612217	     30509	800096f2	0231b633	mulhu	x12,x3,x3	  x3:0x00000000  x3:0x00000000 x12=0x00000000
         612237	     30510	800096f6	9850b737	lui	x14,0x9850b	 x14=0x9850b000
         612257	     30511	800096fa	0ff0000f	fence	iorw,iorw	
         612277	     30512	800096fe	0c7d	c.addi	x24,31	 x24:0x0001fff5 x24=0x00020014
         613017	     30549	80009700	03effcb3	remu	x25,x31,x30	 x31:0x00000000 x30:0xffffffff x25=0x00000000
         613037	     30550	80009704	022b0433	mul	x8,x22,x2	 x22:0x800086fe  x2:0x80000000  x8=0x00000000
         613057	     30551	80009708	00320463	beq	x4,x3,80009710	  x4:0x00000000  x3:0x00000000
         613097	     30553	80009710	8552	c.mv	x10,x20	  x0:0x00000000 x20:0x00000001 x10=0x00000001
         613117	     30554	80009712	57fd	c.li	x15,-1	 x15=0xffffffff
         613137	     30555	80009714	01f84db3	xor	x27,x16,x31	 x16:0x0000000b x31:0x00000000 x27=0x0000000b
         613397	     30568	80009718	0200e633	rem	x12,x1,x0	  x1:0x00800000  x0:0x00000000 x12=0x00800000
         613417	     30569	8000971c	b9b1b893	sltiu	x17,x3,-1125	  x3:0x00000000 x17=0x00000001
         613537	     30575	80009720	01aaf563	bgeu	x21,x26,8000972a	 x21:0x00000000 x26:0x00000000
         614697	     30633	8000972a	019ef733	and	x14,x29,x25	 x29:0x772aa602 x25:0x00000000 x14=0x00000000
         614757	     30636	8000972e	0000100f	fence.i	
         615297	     30663	80009732	8eed	c.and	x13,x11	 x13:0xffffffff x11:0x000000b6 x13=0x000000b6
         615717	     30684	80009734	34003af3	csrrc	x21,mscratch,x0	  x0:0x00000000 x21=0x0000000f
         615897	     30693	80009738	02571233	mulh	x4,x14,x5	 x14:0x00000000  x5:0x80022df8  x4=0x00000000
         615917	     30694	8000973c	00f2fab3	and	x21,x5,x15	  x5:0x80022df8 x15:0xffffffff x21=0x80022df8
         616077	     30702	80009740	c41d	c.beqz	x8,8000976e	  x8:0x00000000
         616697	     30733	8000976e	00e2dab3	srl	x21,x5,x14	  x5:0x80022df8 x14:0x00000000 x21=0x80022df8
         616717	     30734	80009772	53fd	c.li	x7,-1	  x7=0xffffffff
         617457	     30771	80009774	0320e0b3	rem	x1,x1,x18	  x1:0x00800000 x18:0xffffffff  x1=0x00000000
         617477	     30772	80009778	418f8433	sub	x8,x31,x24	 x31:0x00000000 x24:0x00020014  x8=0xfffdffec
         617497	     30773	8000977c	41340db3	sub	x27,x8,x19	  x8:0xfffdffec x19:0x00000188 x27=0xfffdfe64
         617517	     30774	80009780	01f31813	slli	x16,x6,0x1f	  x6:0x8000850d x16=0x80000000
         617537	     30775	80009784	4969	c.li	x18,26	 x18=0x0000001a
         617577	     30777	80009786	028018b3	mulh	x17,x0,x8	  x0:0x00000000  x8:0xfffdffec x17=0x00000000
         617597	     30778	8000978a	055d7363	bgeu	x26,x21,800097d0	 x26:0x00000000 x21:0x80022df8
         617617	     30779	8000978e	35fc3613	sltiu	x12,x24,863	 x24:0x00020014 x12=0x00000000
         617897	     30793	80009792	41b256b3	sra	x13,x4,x27	  x4:0x00000000 x27:0xfffdfe64 x13=0x00000000
         617917	     30794	80009796	001ef533	and	x10,x29,x1	 x29:0x772aa602  x1:0x00000000 x10=0x00000000
         617937	     30795	8000979a	00541a63	bne	x8,x5,800097ae	  x8:0xfffdffec  x5:0x80022df8
         618757	     30836	800097ae	03e4cb63	blt	x9,x30,800097e4	  x9:0x80026ce4 x30:0xffffffff
         619457	     30871	800097e4	0001	c.addi	x0,0	  x0:0x00000000  x0=0x00000000
         619477	     30872	800097e6	009cea63	bltu	x25,x9,800097fa	 x25:0x00000000  x9:0x80026ce4
         619697	     30883	800097fa	847d	c.srai	x8,0x1f	  x8:0xfffdffec  x8=0xffffffff
         620117	     30904	800097fc	000d6863	bltu	x26,x0,8000980c	 x26:0x00000000  x0:0x00000000
         620137	     30905	80009800	0137a933	slt	x18,x15,x19	 x15:0xffffffff x19:0x00000188 x18=0x00000001
         620217	     30909	80009804	0ff0000f	fence	iorw,iorw	
         620957	     30946	80009808	03cad533	divu	x10,x21,x28	 x21:0x80022df8 x28:0xfffffc0b x10=0x00000000
         620977	     30947	8000980c	0000100f	fence.i	
         621457	     30971	80009810	1ea7ad13	slti	x26,x15,490	 x15:0xffffffff x26=0x00000001
         621557	     30976	80009814	c209	c.beqz	x12,80009816	 x12:0x00000000
         622237	     31010	80009816	289eef93	ori	x31,x29,649	 x29:0x772aa602 x31=0x772aa68b
         622297	     31013	8000981a	34029df3	csrrw	x27,mscratch,x5	  x5:0x80022df8 x27=0x0000000f
         622397	     31018	8000981e	3406f9f3	csrrci	x19,mscratch,13	 x19=0x80022df8
         622417	     31019	80009822	8a46f593	andi	x11,x13,-1884	 x13:0x00000000 x11=0x00000000
         622437	     31020	80009826	34006373	csrrsi	x6,mscratch,0	  x6=0x80022df0
         622857	     31041	8000982a	023e4d63	blt	x28,x3,80009864	 x28:0xfffffc0b  x3:0x00000000
         623897	     31093	80009864	0228d033	divu	x0,x17,x2	 x17:0x00000000  x2:0x80000000  x0=0x00000000
         623917	     31094	80009868	4ead	c.li	x29,11	 x29=0x0000000b
         623937	     31095	8000986a	01fc4fb3	xor	x31,x24,x31	 x24:0x00020014 x31:0x772aa68b x31=0x7728a69f
         623957	     31096	8000986e	3400f773	csrrci	x14,mscratch,1	 x14=0x80022df0
         623977	     31097	80009872	40b1d1b3	sra	x3,x3,x11	  x3:0x00000000 x11:0x00000000  x3=0x00000000
         623997	     31098	80009876	0001	c.addi	x0,0	  x0:0x00000000  x0=0x00000000
         624017	     31099	80009878	8de2	c.mv	x27,x24	  x0:0x00000000 x24:0x00020014 x27=0x00020014
         624037	     31100	8000987a	0025f233	and	x4,x11,x2	 x11:0x00000000  x2:0x80000000  x4=0x00000000
         624657	     31131	8000987e	0162ddb3	srl	x27,x5,x22	  x5:0x80022df8 x22:0x800086fe x27=0x00000002
         624817	     31139	80009882	14cdf613	andi	x12,x27,332	 x27:0x00000002 x12=0x00000000
         624837	     31140	80009886	d11d2393	slti	x7,x26,-751	 x26:0x00000001  x7=0x00000000
         624857	     31141	8000988a	415309b3	sub	x19,x6,x21	  x6:0x80022df0 x21:0x80022df8 x19=0xfffffff8
         624877	     31142	8000988e	8d2d	c.xor	x10,x11	 x10:0x00000000 x11:0x00000000 x10=0x00000000
         624897	     31143	80009890	011b9893	slli	x17,x23,0x11	 x23:0x80046ce4 x17=0xd9c80000
         624917	     31144	80009894	3400d473	csrrwi	x8,mscratch,1	  x8=0x80022df0
         624937	     31145	80009898	012e4cb3	xor	x25,x28,x18	 x28:0xfffffc0b x18:0x00000001 x25=0xfffffc0a
         624957	     31146	8000989c	f88b6c13	ori	x24,x22,-120	 x22:0x800086fe x24=0xfffffffe
         625697	     31183	800098a0	0389c8b3	div	x17,x19,x24	 x19:0xfffffff8 x24:0xfffffffe x17=0x00000004
         625717	     31184	800098a4	0001	c.addi	x0,0	  x0:0x00000000  x0=0x00000000
         625737	     31185	800098a6	9a7d	c.andi	x12,-1	 x12:0x00000000 x12=0x00000000
         625757	     31186	800098a8	34051df3	csrrw	x27,mscratch,x10	 x10:0x00000000 x27=0x00000001
         625777	     31187	800098ac	01207763	bgeu	x0,x18,800098ba	  x0:0x00000000 x18:0x00000001
         625797	     31188	800098b0	41338d33	sub	x26,x7,x19	  x7:0x00000000 x19:0xfffffff8 x26=0x00000008
         625817	     31189	800098b4	6521	c.lui	x10,0x8	 x10=0x00008000
         625837	     31190	800098b6	34006873	csrrsi	x16,mscratch,0	 x16=0x00000000
         625857	     31191	800098ba	00d24533	xor	x10,x4,x13	  x4:0x00000000 x13:0x00000000 x10=0x00000000
         626037	     31200	800098be	34026df3	csrrsi	x27,mscratch,4	 x27=0x00000000
         626357	     31216	800098c2	017ee733	or	x14,x29,x23	 x29:0x0000000b x23:0x80046ce4 x14=0x80046cef
         626517	     31224	800098c6	00352833	slt	x16,x10,x3	 x10:0x00000000  x3:0x00000000 x16=0x00000000
         626557	     31226	800098ca	0014d7b3	srl	x15,x9,x1	  x9:0x80026ce4  x1:0x00000000 x15=0x80026ce4
         626597	     31228	800098ce	02c01a33	mulh	x20,x0,x12	  x0:0x00000000 x12:0x00000000 x20=0x00000000
         626617	     31229	800098d2	00652733	slt	x14,x10,x6	 x10:0x00000000  x6:0x80022df0 x14=0x00000000
         626637	     31230	800098d6	82e9	c.srli	x13,0x1a	 x13:0x00000000 x13=0x00000000
         626657	     31231	800098d8	6d19	c.lui	x26,0x6	 x26=0x00006000
         626677	     31232	800098da	e511	c.bnez	x10,800098e6	 x10:0x00000000
         626697	     31233	800098dc	3403da73	csrrwi	x20,mscratch,7	 x20=0x00000004
         626717	     31234	800098e0	68d1	c.lui	x17,0x14	 x17=0x00014000
         626737	     31235	800098e2	d839f793	andi	x15,x19,-637	 x19:0xfffffff8 x15=0xfffffd80
         626757	     31236	800098e6	8f99	c.sub	x15,x14	 x15:0xfffffd80 x14:0x00000000 x15=0xfffffd80
         626777	     31237	800098e8	01ba35b3	sltu	x11,x20,x27	 x20:0x00000004 x27:0x00000000 x11=0x00000000
         626797	     31238	800098ec	f50e6713	ori	x14,x28,-176	 x28:0xfffffc0b x14=0xffffff5b
         626857	     31241	800098f0	51eba913	slti	x18,x23,1310	 x23:0x80046ce4 x18=0x00000001
         626917	     31244	800098f4	997d	c.andi	x10,-1	 x10:0x00000000 x10=0x00000000
         626937	     31245	800098f6	34007ef3	csrrci	x29,mscratch,0	 x29=0x00000007
         627357	     31266	800098fa	03981063	bne	x16,x25,8000991a	 x16:0x00000000 x25:0xfffffc0a
         628197	     31308	8000991a	013b5f93	srli	x31,x22,0x13	 x22:0x800086fe x31=0x00001000
         628617	     31329	8000991e	4170dcb3	sra	x25,x1,x23	  x1:0x00000000 x23:0x80046ce4 x25=0x00000000
         628677	     31332	80009922	01b0dd13	srli	x26,x1,0x1b	  x1:0x00000000 x26=0x00000000
         628777	     31337	80009926	00d1a1b3	slt	x3,x3,x13	  x3:0x00000000 x13:0x00000000  x3=0x00000000
         628817	     31339	8000992a	0244bb33	mulhu	x22,x9,x4	  x9:0x80026ce4  x4:0x00000000 x22=0x00000000
         628837	     31340	8000992e	ed81	c.bnez	x11,80009946	 x11:0x00000000
         628857	     31341	80009930	8195	c.srli	x11,0x5	 x11:0x00000000 x11=0x00000000
         629057	     31351	80009932	13a9e897	auipc	x17,0x13a9e	 x17=0x93aa7932
         629077	     31352	80009936	9a7d	c.andi	x12,-1	 x12:0x00000000 x12=0x00000000
         629097	     31353	80009938	3407d3f3	csrrwi	x7,mscratch,15	  x7=0x00000007
         629177	     31357	8000993c	340da7f3	csrrs	x15,mscratch,x27	 x27:0x00000000 x15=0x0000000f
         629237	     31360	80009940	8591	c.srai	x11,0x4	 x11:0x00000000 x11=0x00000000
         629357	     31366	80009942	007e7a33	and	x20,x28,x7	 x28:0xfffffc0b  x7:0x00000007 x20=0x00000003
         629377	     31367	80009946	8e89	c.sub	x13,x10	 x13:0x00000000 x10:0x00000000 x13=0x00000000
         630117	     31404	80009948	032cf433	remu	x8,x25,x18	 x25:0x00000000 x18:0x00000001  x8=0x00000000
         630137	     31405	8000994c	0191feb3	and	x29,x3,x25	  x3:0x00000000 x25:0x00000000 x29=0x00000000
         630157	     31406	80009950	3217cf93	xori	x31,x15,801	 x15:0x0000000f x31=0x0000032e
         630177	     31407	80009954	011c5e63	bge	x24,x17,80009970	 x24:0xfffffffe x17:0x93aa7932
         630917	     31444	80009970	340397f3	csrrw	x15,mscratch,x7	  x7:0x00000007 x15=0x0000000f
         631097	     31453	80009974	01d51d13	slli	x26,x10,0x1d	 x10:0x00000000 x26=0x00000000
         631177	     31457	80009978	2ceda693	slti	x13,x27,718	 x27:0x00000000 x13=0x00000001
         631317	     31464	8000997c	403288b3	sub	x17,x5,x3	  x5:0x80022df8  x3:0x00000000 x17=0x80022df8
         638897	     31843	80009980	0201c163	blt	x3,x0,800099a2	  x3:0x00000000  x0:0x00000000
         638917	     31844	80009984	ce15	c.beqz	x12,800099c0	 x12:0x00000000
         639177	     31857	800099c0	6c29	c.lui	x24,0xa	 x24=0x0000a000
         639357	     31866	800099c2	02dca933	mulhsu	x18,x25,x13	 x25:0x00000000 x13:0x00000001 x18=0x00000000
         639757	     31886	800099c6	52f0fc97	auipc	x25,0x52f0f	 x25=0xd2f189c6
         640017	     31899	800099ca	00a405b3	add	x11,x8,x10	  x8:0x00000000 x10:0x00000000 x11=0x00000000
         640097	     31903	800099ce	034327b3	mulhsu	x15,x6,x20	  x6:0x80022df0 x20:0x00000003 x15=0xfffffffe
         640117	     31904	800099d2	01c63cb3	sltu	x25,x12,x28	 x12:0x00000000 x28:0xfffffc0b x25=0x00000001
         640257	     31911	800099d6	0064d363	bge	x9,x6,800099dc	  x9:0x80026ce4  x6:0x80022df0
         640537	     31925	800099dc	8c05	c.sub	x8,x9	  x8:0x00000000  x9:0x80026ce4  x8=0x7ffd931c
         640697	     31933	800099de	cfd40813	addi	x16,x8,-771	  x8:0x7ffd931c x16=0x7ffd9019
         640717	     31934	800099e2	0f19	c.addi	x30,6	 x30:0xffffffff x30=0x00000005
         640737	     31935	800099e4	011fd9b3	srl	x19,x31,x17	 x31:0x0000032e x17:0x80022df8 x19=0x00000000
         640757	     31936	800099e8	0000100f	fence.i	
         640837	     31940	800099ec	0001	c.addi	x0,0	  x0:0x00000000  x0=0x00000000
         641197	     31958	800099ee	34012cf3	csrrs	x25,mscratch,x2	  x2:0x80000000 x25=0x00000007
         641217	     31959	800099f2	8dc9	c.or	x11,x10	 x11:0x00000000 x10:0x00000000 x11=0x00000000
         641317	     31964	800099f4	8db5	c.xor	x11,x13	 x11:0x00000000 x13:0x00000001 x11=0x00000001
         642417	     32019	800099f6	02dd6433	rem	x8,x26,x13	 x26:0x00000000 x13:0x00000001  x8=0x00000000
         642437	     32020	800099fa	a70e2613	slti	x12,x28,-1424	 x28:0xfffffc0b x12=0x00000000
         642457	     32021	800099fe	8c1d	c.sub	x8,x15	  x8:0x00000000 x15:0xfffffffe  x8=0x00000002
         642477	     32022	80009a00	001a1d33	sll	x26,x20,x1	 x20:0x00000003  x1:0x00000000 x26=0x00000003
         642497	     32023	80009a04	01d39a93	slli	x21,x7,0x1d	  x7:0x00000007 x21=0xe0000000
         642517	     32024	80009a08	01325a33	srl	x20,x4,x19	  x4:0x00000000 x19:0x00000000 x20=0x00000000
         643257	     32061	80009a0c	02f3f033	remu	x0,x7,x15	  x7:0x00000007 x15:0xfffffffe  x0=0x00000000
         643277	     32062	80009a10	09ad8b13	addi	x22,x27,154	 x27:0x00000000 x22=0x0000009a
         643297	     32063	80009a14	340071f3	csrrci	x3,mscratch,0	  x3=0x80000007
         643317	     32064	80009a18	8d89	c.sub	x11,x10	 x11:0x00000001 x10:0x00000000 x11=0x00000001
         643337	     32065	80009a1a	0001	c.addi	x0,0	  x0:0x00000000  x0=0x00000000
         643357	     32066	80009a1c	34041573	csrrw	x10,mscratch,x8	  x8:0x00000002 x10=0x80000007
         643417	     32069	80009a20	037f8cb3	mul	x25,x31,x23	 x31:0x0000032e x23:0x80046ce4 x25=0x0e123cf8
         643657	     32081	80009a24	029e6863	bltu	x28,x9,80009a54	 x28:0xfffffc0b  x9:0x80026ce4
         643677	     32082	80009a28	01c41d93	slli	x27,x8,0x1c	  x8:0x00000002 x27=0x20000000
         644097	     32103	80009a2c	ff02cf13	xori	x30,x5,-16	  x5:0x80022df8 x30=0x7ffdd208
         644117	     32104	80009a30	76a66d13	ori	x26,x12,1898	 x12:0x00000000 x26=0x0000076a
         644857	     32141	80009a34	02756533	rem	x10,x10,x7	 x10:0x80000007  x7:0x00000007 x10=0xfffffffe
         644877	     32142	80009a38	a4ada693	slti	x13,x27,-1462	 x27:0x20000000 x13=0x00000000
         644937	     32145	80009a3c	403d5cb3	sra	x25,x26,x3	 x26:0x0000076a  x3:0x80000007 x25=0x0000000e
         645237	     32160	80009a40	007ec833	xor	x16,x29,x7	 x29:0x00000000  x7:0x00000007 x16=0x00000007
         645257	     32161	80009a44	02dd1c63	bne	x26,x13,80009a7c	 x26:0x0000076a x13:0x00000000
         645817	     32189	80009a7c	0422	c.slli	x8,0x8	  x8:0x00000002  x8=0x00000200
         645977	     32197	80009a7e	27907e93	andi	x29,x0,633	  x0:0x00000000 x29=0x00000000
         646177	     32207	80009a82	01253433	sltu	x8,x10,x18	 x10:0xfffffffe x18:0x00000000  x8=0x00000000
         646197	     32208	80009a86	34011373	csrrw	x6,mscratch,x2	  x2:0x80000000  x6=0x00000002
         646217	     32209	80009a8a	13818713	addi	x14,x3,312	  x3:0x80000007 x14=0x8000013f
         646417	     32219	80009a8e	84562713	slti	x14,x12,-1979	 x12:0x00000000 x14=0x00000000
         646657	     32231	80009a92	8ee9fb17	auipc	x22,0x8ee9f	 x22=0x0eea8a92
         646677	     32232	80009a96	00e74e63	blt	x14,x14,80009ab2	 x14:0x00000000 x14:0x00000000
         646737	     32235	80009a9a	3405b7f3	csrrc	x15,mscratch,x11	 x11:0x00000001 x15=0x80000000
         646757	     32236	80009a9e	8c11	c.sub	x8,x12	  x8:0x00000000 x12:0x00000000  x8=0x00000000
         646777	     32237	80009aa0	567d	c.li	x12,-1	 x12=0xffffffff
         646797	     32238	80009aa2	027007b3	mul	x15,x0,x7	  x0:0x00000000  x7:0x00000007 x15=0x00000000
         647177	     32257	80009aa6	0000100f	fence.i	
         647837	     32290	80009aaa	013c35b3	sltu	x11,x24,x19	 x24:0x0000a000 x19:0x00000000 x11=0x00000000
         647857	     32291	80009aae	40048b33	sub	x22,x9,x0	  x9:0x80026ce4  x0:0x00000000 x22=0x80026ce4
         647877	     32292	80009ab2	11fd	c.addi	x3,-1	  x3:0x80000007  x3=0x80000006
         648137	     32305	80009ab4	009b6933	or	x18,x22,x9	 x22:0x80026ce4  x9:0x80026ce4 x18=0x80026ce4
         648217	     32309	80009ab8	85de	c.mv	x11,x23	  x0:0x00000000 x23:0x80046ce4 x11=0x80046ce4
         648237	     32310	80009aba	10fd	c.addi	x1,-1	  x1:0x00000000  x1=0xffffffff
         648257	     32311	80009abc	00435463	bge	x6,x4,80009ac4	  x6:0x00000002  x4:0x00000000
         648857	     32341	80009ac4	c509	c.beqz	x10,80009ace	 x10:0xfffffffe
         648877	     32342	80009ac6	0001	c.addi	x0,0	  x0:0x00000000  x0=0x00000000
         648937	     32345	80009ac8	8dd5	c.or	x11,x13	 x11:0x80046ce4 x13:0x00000000 x11=0x80046ce4
         648957	     32346	80009aca	00c90f63	beq	x18,x12,80009ae8	 x18:0x80026ce4 x12:0xffffffff
         649177	     32357	80009ace	02497733	remu	x14,x18,x4	 x18:0x80026ce4  x4:0x00000000 x14=0x80026ce4
         649197	     32358	80009ad2	40ccd333	sra	x6,x25,x12	 x25:0x0000000e x12:0xffffffff  x6=0x00000000
         649357	     32366	80009ad6	010463b3	or	x7,x8,x16	  x8:0x00000000 x16:0x00000007  x7=0x00000007
         649377	     32367	80009ada	09e6	c.slli	x19,0x19	 x19:0x00000000 x19=0x00000000
         649497	     32373	80009adc	01c7e263	bltu	x15,x28,80009ae0	 x15:0x00000000 x28:0xfffffc0b
         650057	     32401	80009ae0	02f64fb3	div	x31,x12,x15	 x12:0xffffffff x15:0x00000000 x31=0xffffffff
         650217	     32409	80009ae4	340d5773	csrrwi	x14,mscratch,26	 x14=0x80000000
         650297	     32413	80009ae8	0000100f	fence.i	
         650837	     32440	80009aec	00028363	beq	x5,x0,80009af2	  x5:0x80022df8  x0:0x00000000
         650877	     32442	80009af0	ce05	c.beqz	x12,80009b28	 x12:0xffffffff
         650897	     32443	80009af2	8071	c.srli	x8,0x1c	  x8:0x00000000  x8=0x00000000
         650917	     32444	80009af4	b7d12893	slti	x17,x2,-1155	  x2:0x80000000 x17=0x00000001
         650937	     32445	80009af8	005575b3	and	x11,x10,x5	 x10:0xfffffffe  x5:0x80022df8 x11=0x80022df8
         651097	     32453	80009afc	5bfd	c.li	x23,-1	 x23=0xffffffff
         651157	     32456	80009afe	340023f3	csrrs	x7,mscratch,x0	  x0:0x00000000  x7=0x0000001a
         651197	     32458	80009b02	03cc1bb3	mulh	x23,x24,x28	 x24:0x0000a000 x28:0xfffffc0b x23=0xffffffff
         651217	     32459	80009b06	62eba513	slti	x10,x23,1582	 x23:0xffffffff x10=0x00000001
         651237	     32460	80009b0a	e221	c.bnez	x12,80009b4a	 x12:0xffffffff
         651977	     32497	80009b4a	8c19	c.sub	x8,x14	  x8:0x00000000 x14:0x80000000  x8=0x80000000
         651997	     32498	80009b4c	020a0b33	mul	x22,x20,x0	 x20:0x00000000  x0:0x00000000 x22=0x00000000
         652297	     32513	80009b50	0dfe	c.slli	x27,0x1f	 x27:0x20000000 x27=0x00000000
         652337	     32515	80009b52	03bc6db3	rem	x27,x24,x27	 x24:0x0000a000 x27:0x00000000 x27=0x0000a000
         652357	     32516	80009b56	8bfa	c.mv	x23,x30	  x0:0x00000000 x30:0x7ffdd208 x23=0x7ffdd208
         652377	     32517	80009b58	8f0d	c.sub	x14,x11	 x14:0x80000000 x11:0x80022df8 x14=0xfffdd208
         652417	     32519	80009b5a	024aed33	rem	x26,x21,x4	 x21:0xe0000000  x4:0x00000000 x26=0xe0000000
         652437	     32520	80009b5e	49b9	c.li	x19,14	 x19=0x0000000e
         652457	     32521	80009b60	e35c9597	auipc	x11,0xe35c9	 x11=0x635d2b60
         652477	     32522	80009b64	8eda	c.mv	x29,x22	  x0:0x00000000 x22:0x00000000 x29=0x00000000
         652497	     32523	80009b66	340079f3	csrrci	x19,mscratch,0	 x19=0x0000001a
         652857	     32541	80009b6a	340027f3	csrrs	x15,mscratch,x0	  x0:0x00000000 x15=0x0000001a
         652877	     32542	80009b6e	8edd	c.or	x13,x15	 x13:0x00000000 x15:0x0000001a x13=0x0000001a
         652897	     32543	80009b70	0097b433	sltu	x8,x15,x9	 x15:0x0000001a  x9:0x80026ce4  x8=0x00000001
         652917	     32544	80009b74	8711	c.srai	x14,0x4	 x14:0xfffdd208 x14=0xffffdd20
         652937	     32545	80009b76	0001	c.addi	x0,0	  x0:0x00000000  x0=0x00000000
         652957	     32546	80009b78	340035f3	csrrc	x11,mscratch,x0	  x0:0x00000000 x11=0x0000001a
         653237	     32560	80009b7c	3404bf73	csrrc	x30,mscratch,x9	  x9:0x80026ce4 x30=0x0000001a
         653377	     32567	80009b80	8c19	c.sub	x8,x14	  x8:0x00000001 x14:0xffffdd20  x8=0x000022e1
         653537	     32575	80009b82	a02b5897	auipc	x17,0xa02b5	 x17=0x202beb82
         653557	     32576	80009b86	47703013	sltiu	x0,x0,1143	  x0:0x00000000  x0=0x00000000
         653577	     32577	80009b8a	c519	c.beqz	x10,80009b98	 x10:0x00000001
         653757	     32586	80009b8c	8e31	c.xor	x12,x12	 x12:0xffffffff x12:0xffffffff x12=0x00000000
         653917	     32594	80009b8e	0000100f	fence.i	
         654897	     32643	80009b92	03089063	bne	x17,x16,80009bb2	 x17:0x202beb82 x16:0x00000007
         655237	     32660	80009bb2	03701663	bne	x0,x23,80009bde	  x0:0x00000000 x23:0x7ffdd208
         655537	     32675	80009bde	01b09693	slli	x13,x1,0x1b	  x1:0xffffffff x13=0xf8000000
         656277	     32712	80009be2	03065733	divu	x14,x12,x16	 x12:0x00000000 x16:0x00000007 x14=0x00000000
         657017	     32749	80009be6	02facb33	div	x22,x21,x15	 x21:0xe0000000 x15:0x0000001a x22=0xfec4ec4f
         657037	     32750	80009bea	db22ef93	ori	x31,x5,-590	  x5:0x80022df8 x31=0xfffffdfa
         657057	     32751	80009bee	0001	c.addi	x0,0	  x0:0x00000000  x0=0x00000000
         657077	     32752	80009bf0	0000100f	fence.i	
         657257	     32761	80009bf4	2619f313	andi	x6,x19,609	 x19:0x0000001a  x6=0x00000000
         657677	     32782	80009bf8	0220d417	auipc	x8,0x220d	  x8=0x82216bf8
         657717	     32784	80009bfc	00124763	blt	x4,x1,80009c0a	  x4:0x00000000  x1:0xffffffff
         658077	     32802	80009c00	e4aaa793	slti	x15,x21,-438	 x21:0xe0000000 x15=0x00000001
         658097	     32803	80009c04	e999	c.bnez	x11,80009c1a	 x11:0x0000001a
         658777	     32837	80009c1a	03b35c63	bge	x6,x27,80009c52	  x6:0x00000000 x27:0x0000a000
         658877	     32842	80009c1e	02dd0363	beq	x26,x13,80009c44	 x26:0xe0000000 x13:0xf8000000
         659257	     32861	80009c22	009c5413	srli	x8,x24,0x9	 x24:0x0000a000  x8=0x00000050
         659297	     32863	80009c26	02cdf233	remu	x4,x27,x12	 x27:0x0000a000 x12:0x00000000  x4=0x0000a000
         659697	     32883	80009c2a	01f57933	and	x18,x10,x31	 x10:0x00000001 x31:0xfffffdfa x18=0x00000000
         659757	     32886	80009c2e	ed120913	addi	x18,x4,-303	  x4:0x0000a000 x18=0x00009ed1
         659957	     32896	80009c32	340030f3	csrrc	x1,mscratch,x0	  x0:0x00000000  x1=0x0000001a
         660117	     32904	80009c36	03e65d63	bge	x12,x30,80009c70	 x12:0x00000000 x30:0x0000001a
         660857	     32941	80009c3a	03cd6633	rem	x12,x26,x28	 x26:0xe0000000 x28:0xfffffc0b x12=0xffffff61
         660877	     32942	80009c3e	9e72	c.add	x28,x28	 x28:0xfffffc0b x28:0xfffffc0b x28=0xfffff816
         660897	     32943	80009c40	04a3d063	bge	x7,x10,80009c80	  x7:0x0000001a x10:0x00000001
         661037	     32950	80009c80	8611	c.srai	x12,0x4	 x12:0xffffff61 x12=0xfffffff6
         661057	     32951	80009c82	0001	c.addi	x0,0	  x0:0x00000000  x0=0x00000000
         661217	     32959	80009c84	017cd013	srli	x0,x25,0x17	 x25:0x0000000e  x0=0x00000000
         661237	     32960	80009c88	408bda13	srai	x20,x23,0x8	 x23:0x7ffdd208 x20=0x007ffdd2
         661257	     32961	80009c8c	9e5cc913	xori	x18,x25,-1563	 x25:0x0000000e x18=0xfffff9eb
         661277	     32962	80009c90	02e7c063	blt	x15,x14,80009cb0	 x15:0x00000001 x14:0x00000000
         661437	     32970	80009c94	03dd9663	bne	x27,x29,80009cc0	 x27:0x0000a000 x29:0x00000000
         661757	     32986	80009cc0	00f15793	srli	x15,x2,0xf	  x2:0x80000000 x15=0x00010000
         662137	     33005	80009cc4	8eed	c.and	x13,x11	 x13:0xf8000000 x11:0x0000001a x13=0x00000000
         662157	     33006	80009cc6	8fe9	c.and	x15,x10	 x15:0x00010000 x10:0x00000001 x15=0x00000000
         662177	     33007	80009cc8	00e7d013	srli	x0,x15,0xe	 x15:0x00000000  x0=0x00000000
         662277	     33012	80009ccc	00ec3233	sltu	x4,x24,x14	 x24:0x0000a000 x14:0x00000000  x4=0x00000000
         663417	     33069	80009cd0	039049b3	div	x19,x0,x25	  x0:0x00000000 x25:0x0000000e x19=0x00000000
         663437	     33070	80009cd4	00df6263	bltu	x30,x13,80009cd8	 x30:0x0000001a x13:0x00000000
         663457	     33071	80009cd8	40da0433	sub	x8,x20,x13	 x20:0x007ffdd2 x13:0x00000000  x8=0x007ffdd2
         663477	     33072	80009cdc	340a5473	csrrwi	x8,mscratch,20	  x8=0x0000001a
         663497	     33073	80009ce0	f3452e13	slti	x28,x10,-204	 x10:0x00000001 x28=0x00000000
         664237	     33110	80009ce4	023eda33	divu	x20,x29,x3	 x29:0x00000000  x3:0x80000006 x20=0x00000000
         671037	     33450	80009ce8	0e5e	c.slli	x28,0x17	 x28:0x00000000 x28=0x00000000
         671057	     33451	80009cea	00489993	slli	x19,x17,0x4	 x17:0x202beb82 x19=0x02beb820
         671077	     33452	80009cee	8e25	c.xor	x12,x9	 x12:0xfffffff6  x9:0x80026ce4 x12=0x7ffd9312
         671817	     33489	80009cf0	03826d33	rem	x26,x4,x24	  x4:0x00000000 x24:0x0000a000 x26=0x00000000
         671837	     33490	80009cf4	46e5	c.li	x13,25	 x13=0x00000019
         671857	     33491	80009cf6	02cd5d63	bge	x26,x12,80009d30	 x26:0x00000000 x12:0x7ffd9312
         671877	     33492	80009cfa	b7a9e3b7	lui	x7,0xb7a9e	  x7=0xb7a9e000
         671897	     33493	80009cfe	40b38cb3	sub	x25,x7,x11	  x7:0xb7a9e000 x11:0x0000001a x25=0xb7a9dfe6
         671917	     33494	80009d02	405057b3	sra	x15,x0,x5	  x0:0x00000000  x5:0x80022df8 x15=0x00000000
         671937	     33495	80009d06	8a81	c.andi	x13,0	 x13:0x00000019 x13=0x00000000
         671957	     33496	80009d08	641a4913	xori	x18,x20,1601	 x20:0x00000000 x18=0x00000641
         672197	     33508	80009d0c	653d	c.lui	x10,0xf	 x10=0x0000f000
         672217	     33509	80009d0e	43be2513	slti	x10,x28,1083	 x28:0x00000000 x10=0x00000001
         672317	     33514	80009d12	02cfd863	bge	x31,x12,80009d42	 x31:0xfffffdfa x12:0x7ffd9312
         672337	     33515	80009d16	843d	c.srai	x8,0xf	  x8:0x0000001a  x8=0x00000000
         672357	     33516	80009d18	96ad8593	addi	x11,x27,-1686	 x27:0x0000a000 x11=0x0000996a
         672517	     33524	80009d1c	d5f1ae13	slti	x28,x3,-673	  x3:0x80000006 x28=0x00000001
         672537	     33525	80009d20	40ecd033	sra	x0,x25,x14	 x25:0xb7a9dfe6 x14:0x00000000  x0=0x00000000
         672657	     33531	80009d24	6bdfa693	slti	x13,x31,1725	 x31:0xfffffdfa x13=0x00000001
         673097	     33553	80009d28	028e7333	remu	x6,x28,x8	 x28:0x00000001  x8:0x00000000  x6=0x00000001
         673117	     33554	80009d2c	414a0433	sub	x8,x20,x20	 x20:0x00000000 x20:0x00000000  x8=0x00000000
         673157	     33556	80009d30	03783633	mulhu	x12,x16,x23	 x16:0x00000007 x23:0x7ffdd208 x12=0x00000003
         673177	     33557	80009d34	987d	c.andi	x8,-1	  x8:0x00000000  x8=0x00000000
         673197	     33558	80009d36	3400ef73	csrrsi	x30,mscratch,1	 x30=0x00000014
         673217	     33559	80009d3a	34003f73	csrrc	x30,mscratch,x0	  x0:0x00000000 x30=0x00000015
         673237	     33560	80009d3e	0198e5b3	or	x11,x17,x25	 x17:0x202beb82 x25:0xb7a9dfe6 x11=0xb7abffe6
         673417	     33569	80009d42	02764e63	blt	x12,x7,80009d7e	 x12:0x00000003  x7:0xb7a9e000
         673437	     33570	80009d46	064e	c.slli	x12,0x13	 x12:0x00000003 x12=0x00180000
         673457	     33571	80009d48	8045	c.srli	x8,0x11	  x8:0x00000000  x8=0x00000000
         673597	     33578	80009d4a	015d5233	srl	x4,x26,x21	 x26:0x00000000 x21:0xe0000000  x4=0x00000000
         673777	     33587	80009d4e	0000100f	fence.i	
         674317	     33614	80009d52	86d6	c.mv	x13,x21	  x0:0x00000000 x21:0xe0000000 x13=0xe0000000
         674737	     33635	80009d54	073a	c.slli	x14,0xe	 x14:0x00000000 x14=0x00000000
         674777	     33637	80009d56	73ecf013	andi	x0,x25,1854	 x25:0xb7a9dfe6  x0=0x00000000
         674797	     33638	80009d5a	00cd4e33	xor	x28,x26,x12	 x26:0x00000000 x12:0x00180000 x28=0x00180000
         674817	     33639	80009d5e	68e9	c.lui	x17,0x1a	 x17=0x0001a000
         674877	     33642	80009d60	ef9d	c.bnez	x15,80009d9e	 x15:0x00000000
         674917	     33644	80009d62	035f16b3	mulh	x13,x30,x21	 x30:0x00000015 x21:0xe0000000 x13=0xfffffffd
         675317	     33664	80009d66	02083393	sltiu	x7,x16,32	 x16:0x00000007  x7=0x00000001
         675337	     33665	80009d6a	029007b3	mul	x15,x0,x9	  x0:0x00000000  x9:0x80026ce4 x15=0x00000000
         675377	     33667	80009d6e	0398beb3	mulhu	x29,x17,x25	 x17:0x0001a000 x25:0xb7a9dfe6 x29=0x00012a74
         675397	     33668	80009d72	5f684813	xori	x16,x16,1526	 x16:0x00000007 x16=0x000005f1
         675417	     33669	80009d76	01583333	sltu	x6,x16,x21	 x16:0x000005f1 x21:0xe0000000  x6=0x00000001
         675457	     33671	80009d7a	031e9b33	mulh	x22,x29,x17	 x29:0x00012a74 x17:0x0001a000 x22=0x00000001
         675837	     33690	80009d7e	025f9663	bne	x31,x5,80009daa	 x31:0xfffffdfa  x5:0x80022df8
         676597	     33728	80009daa	4b41	c.li	x22,16	 x22=0x00000010
         676617	     33729	80009dac	ea750d93	addi	x27,x10,-345	 x10:0x00000001 x27=0xfffffea8
         676637	     33730	80009db0	158be993	ori	x19,x23,344	 x23:0x7ffdd208 x19=0x7ffdd358
         676657	     33731	80009db4	8fe5	c.and	x15,x9	 x15:0x00000000  x9:0x80026ce4 x15=0x00000000
         676797	     33738	80009db6	016df363	bgeu	x27,x22,80009dbc	 x27:0xfffffea8 x22:0x00000010
         677617	     33779	80009dbc	a7636893	ori	x17,x6,-1418	  x6:0x00000001 x17=0xfffffa77
         677797	     33788	80009dc0	01791533	sll	x10,x18,x23	 x18:0x00000641 x23:0x7ffdd208 x10=0x00064100
         677817	     33789	80009dc4	8f3d	c.xor	x14,x15	 x14:0x00000000 x15:0x00000000 x14=0x00000000
         677837	     33790	80009dc6	c905	c.beqz	x10,80009df6	 x10:0x00064100
         677997	     33798	80009dc8	0193a033	slt	x0,x7,x25	  x7:0x00000001 x25:0xb7a9dfe6  x0=0x00000000
         678017	     33799	80009dcc	4ab9	c.li	x21,14	 x21=0x0000000e
         678037	     33800	80009dce	6c85	c.lui	x25,0x1	 x25=0x00001000
         678137	     33805	80009dd0	868d	c.srai	x13,0x3	 x13:0xfffffffd x13=0xffffffff
         678157	     33806	80009dd2	83a5	c.srli	x15,0x9	 x15:0x00000000 x15=0x00000000
         678217	     33809	80009dd4	61e16217	auipc	x4,0x61e16	  x4=0xe1e1fdd4
         678237	     33810	80009dd8	8a65	c.andi	x12,25	 x12:0x00180000 x12=0x00000000
         678257	     33811	80009dda	40b5dd93	srai	x27,x11,0xb	 x11:0xb7abffe6 x27=0xfff6f57f
         678277	     33812	80009dde	81ca	c.mv	x3,x18	  x0:0x00000000 x18:0x00000641  x3=0x00000641
         678357	     33816	80009de0	02bcb033	mulhu	x0,x25,x11	 x25:0x00001000 x11:0xb7abffe6  x0=0x00000000
         678377	     33817	80009de4	80da	c.mv	x1,x22	  x0:0x00000000 x22:0x00000010  x1=0x00000010
         678857	     33841	80009de6	f6417e37	lui	x28,0xf6417	 x28=0xf6417000
         678917	     33844	80009dea	56da7a13	andi	x20,x20,1389	 x20:0x00000000 x20=0x00000000
         679657	     33881	80009dee	02a277b3	remu	x15,x4,x10	  x4:0xe1e1fdd4 x10:0x00064100 x15=0x00025fd4
         679677	     33882	80009df2	8eed	c.and	x13,x11	 x13:0xffffffff x11:0xb7abffe6 x13=0xb7abffe6
         679697	     33883	80009df4	0775	c.addi	x14,29	 x14:0x00000000 x14=0x0000001d
         679717	     33884	80009df6	021b5c63	bge	x22,x1,80009e2e	 x22:0x00000010  x1:0x00000010
         680677	     33932	80009e2e	3eeb4a13	xori	x20,x22,1006	 x22:0x00000010 x20=0x000003fe
         680697	     33933	80009e32	58fd	c.li	x17,-1	 x17=0xffffffff
         680717	     33934	80009e34	403fd7b3	sra	x15,x31,x3	 x31:0xfffffdfa  x3:0x00000641 x15=0xfffffefd
         680737	     33935	80009e38	340a31f3	csrrc	x3,mscratch,x20	 x20:0x000003fe  x3=0x00000015
         680897	     33943	80009e3c	036f2cb3	mulhsu	x25,x30,x22	 x30:0x00000015 x22:0x00000010 x25=0x00000000
         680917	     33944	80009e40	87c1	c.srai	x15,0x10	 x15:0xfffffefd x15=0xffffffff
         681657	     33981	80009e42	03bdd9b3	divu	x19,x27,x27	 x27:0xfff6f57f x27:0xfff6f57f x19=0x00000001
         681677	     33982	80009e46	c699	c.beqz	x13,80009e54	 x13:0xb7abffe6
         681697	     33983	80009e48	8d0ba813	slti	x16,x23,-1840	 x23:0x7ffdd208 x16=0x00000000
         681717	     33984	80009e4c	80aa	c.mv	x1,x10	  x0:0x00000000 x10:0x00064100  x1=0x00064100
         681737	     33985	80009e4e	8e61	c.and	x12,x8	 x12:0x00000000  x8:0x00000000 x12=0x00000000
         682477	     34022	80009e50	0212dd33	divu	x26,x5,x1	  x5:0x80022df8  x1:0x00064100 x26=0x00001477
         682497	     34023	80009e54	2394c717	auipc	x14,0x2394c	 x14=0xa3955e54
         682517	     34024	80009e58	038c89b3	mul	x19,x25,x24	 x25:0x00000000 x24:0x0000a000 x19=0x00000000
         682537	     34025	80009e5c	02387163	bgeu	x16,x3,80009e7e	 x16:0x00000000  x3:0x00000015
         682557	     34026	80009e60	8e39	c.xor	x12,x14	 x12:0x00000000 x14:0xa3955e54 x12=0xa3955e54
         682577	     34027	80009e62	01054d33	xor	x26,x10,x16	 x10:0x00064100 x16:0x00000000 x26=0x00064100
         682617	     34029	80009e66	a49fc613	xori	x12,x31,-1463	 x31:0xfffffdfa x12=0x000007b3
         683637	     34080	80009e6a	03b0e3b3	rem	x7,x1,x27	  x1:0x00064100 x27:0xfff6f57f  x7=0x00064100
         683657	     34081	80009e6e	00945393	srli	x7,x8,0x9	  x8:0x00000000  x7=0x00000000
         684397	     34118	80009e72	02506233	rem	x4,x0,x5	  x0:0x00000000  x5:0x80022df8  x4=0x00000000
         684417	     34119	80009e76	c0653813	sltiu	x16,x10,-1018	 x10:0x00064100 x16=0x00000001
         685157	     34156	80009e7a	032653b3	divu	x7,x12,x18	 x12:0x000007b3 x18:0x00000641  x7=0x00000001
         685177	     34157	80009e7e	e701	c.bnez	x14,80009e86	 x14:0xa3955e54
         685237	     34160	80009e86	40c0d013	srai	x0,x1,0xc	  x1:0x00064100  x0=0x00000000
         685977	     34197	80009e8a	034f4833	div	x16,x30,x20	 x30:0x00000015 x20:0x000003fe x16=0x00000000
         685997	     34198	80009e8e	81ea	c.mv	x3,x26	  x0:0x00000000 x26:0x00064100  x3=0x00064100
         686017	     34199	80009e90	98fe	c.add	x17,x31	 x17:0xffffffff x31:0xfffffdfa x17=0xfffffdf9
         686757	     34236	80009e92	03df4733	div	x14,x30,x29	 x30:0x00000015 x29:0x00012a74 x14=0x00000000
         686777	     34237	80009e96	0001	c.addi	x0,0	  x0:0x00000000  x0=0x00000000
         686797	     34238	80009e98	8546c813	xori	x16,x13,-1964	 x13:0xb7abffe6 x16=0x485407b2
         686817	     34239	80009e9c	3401daf3	csrrwi	x21,mscratch,3	 x21=0x00000001
         686857	     34241	80009ea0	024c1d33	mulh	x26,x24,x4	 x24:0x0000a000  x4:0x00000000 x26=0x00000000
         686877	     34242	80009ea4	644e6d13	ori	x26,x28,1604	 x28:0xf6417000 x26=0xf6417644
         686897	     34243	80009ea8	30b08d13	addi	x26,x1,779	  x1:0x00064100 x26=0x0006440b
         686977	     34247	80009eac	c2b9c813	xori	x16,x19,-981	 x19:0x00000000 x16=0xfffffc2b
         687117	     34254	80009eb0	0ff0000f	fence	iorw,iorw	
         687537	     34275	80009eb4	e519	c.bnez	x10,80009ec2	 x10:0x00064100
         687937	     34295	80009ec2	010dbc33	sltu	x24,x27,x16	 x27:0xfff6f57f x16:0xfffffc2b x24=0x00000001
         687957	     34296	80009ec6	458d	c.li	x11,3	 x11=0x00000003
         687977	     34297	80009ec8	00bbc3b3	xor	x7,x23,x11	 x23:0x7ffdd208 x11:0x00000003  x7=0x7ffdd20b
         687997	     34298	80009ecc	0ff0000f	fence	iorw,iorw	
         688017	     34299	80009ed0	3400ebf3	csrrsi	x23,mscratch,1	 x23=0x00000003
         688897	     34343	80009ed4	03fefdb3	remu	x27,x29,x31	 x29:0x00012a74 x31:0xfffffdfa x27=0x00012a74
         688917	     34344	80009ed8	5dfd	c.li	x27,-1	 x27=0xffffffff
         688937	     34345	80009eda	00ae3a33	sltu	x20,x28,x10	 x28:0xf6417000 x10:0x00064100 x20=0x00000000
         688957	     34346	80009ede	01696d33	or	x26,x18,x22	 x18:0x00000641 x22:0x00000010 x26=0x00000651
         688977	     34347	80009ee2	0a365817	auipc	x16,0xa365	 x16=0x8a36eee2
         688997	     34348	80009ee6	8fad	c.xor	x15,x11	 x15:0xffffffff x11:0x00000003 x15=0xfffffffc
         689017	     34349	80009ee8	00ac0763	beq	x24,x10,80009ef6	 x24:0x00000001 x10:0x00064100
         689037	     34350	80009eec	8ff1	c.and	x15,x12	 x15:0xfffffffc x12:0x000007b3 x15=0x000007b0
         689057	     34351	80009eee	010ad433	srl	x8,x21,x16	 x21:0x00000001 x16:0x8a36eee2  x8=0x00000000
         689477	     34372	80009ef2	00391b63	bne	x18,x3,80009f08	 x18:0x00000641  x3:0x00064100
         690857	     34441	80009f08	8525	c.srai	x10,0x9	 x10:0x00064100 x10=0x00000320
         690877	     34442	80009f0a	8041	c.srli	x8,0x10	  x8:0x00000000  x8=0x00000000
         690897	     34443	80009f0c	8d4d	c.or	x10,x11	 x10:0x00000320 x11:0x00000003 x10=0x00000323
         691237	     34460	80009f0e	00e423b3	slt	x7,x8,x14	  x8:0x00000000 x14:0x00000000  x7=0x00000000
         691257	     34461	80009f12	1ccb7b97	auipc	x23,0x1ccb7	 x23=0x9ccc0f12
         691357	     34466	80009f16	00367e33	and	x28,x12,x3	 x12:0x000007b3  x3:0x00064100 x28=0x00000100
         691377	     34467	80009f1a	8d81	c.sub	x11,x8	 x11:0x00000003  x8:0x00000000 x11=0x00000003
         691477	     34472	80009f1c	34043073	csrrc	x0,mscratch,x8	  x8:0x00000000  x0=0x00000000
         691537	     34475	80009f20	e201b913	sltiu	x18,x3,-480	  x3:0x00064100 x18=0x00000001
         691957	     34496	80009f24	846d	c.srai	x8,0x1b	  x8:0x00000000  x8=0x00000000
         691977	     34497	80009f26	0001	c.addi	x0,0	  x0:0x00000000  x0=0x00000000
         692217	     34509	80009f28	0301c263	blt	x3,x16,80009f4c	  x3:0x00064100 x16:0x8a36eee2
         692237	     34510	80009f2c	34007cf3	csrrci	x25,mscratch,0	 x25=0x00000003
         692297	     34513	80009f30	4099df93	srai	x31,x19,0x9	 x19:0x00000000 x31=0x00000000
         692317	     34514	80009f34	abad6313	ori	x6,x26,-1350	 x26:0x00000651  x6=0xfffffefb
         692357	     34516	80009f38	01dd	c.addi	x3,23	  x3:0x00064100  x3=0x00064117
         693097	     34553	80009f3a	02df5cb3	divu	x25,x30,x13	 x30:0x00000015 x13:0xb7abffe6 x25=0x00000000
         693117	     34554	80009f3e	518b4a93	xori	x21,x22,1304	 x22:0x00000010 x21=0x00000508
         693137	     34555	80009f42	34079a73	csrrw	x20,mscratch,x15	 x15:0x000007b0 x20=0x00000003
         693157	     34556	80009f46	03d90363	beq	x18,x29,80009f6c	 x18:0x00000001 x29:0x00012a74
         693177	     34557	80009f4a	e689	c.bnez	x13,80009f54	 x13:0xb7abffe6
         693877	     34592	80009f54	02aa31b3	mulhu	x3,x20,x10	 x20:0x00000003 x10:0x00000323  x3=0x00000000
         693897	     34593	80009f58	018541b3	xor	x3,x10,x24	 x10:0x00000323 x24:0x00000001  x3=0x00000322
         694317	     34614	80009f5c	8d4d	c.or	x10,x11	 x10:0x00000323 x11:0x00000003 x10=0x00000323
         694357	     34616	80009f5e	02333f33	mulhu	x30,x6,x3	  x6:0xfffffefb  x3:0x00000322 x30=0x00000321
         694377	     34617	80009f62	015123b3	slt	x7,x2,x21	  x2:0x80000000 x21:0x00000508  x7=0x00000001
         695497	     34673	80009f66	02d7e5b3	rem	x11,x15,x13	 x15:0x000007b0 x13:0xb7abffe6 x11=0x000007b0
         695517	     34674	80009f6a	8009	c.srli	x8,0x2	  x8:0x00000000  x8=0x00000000
         695537	     34675	80009f6c	addbef93	ori	x31,x23,-1315	 x23:0x9ccc0f12 x31=0xffffffdf
         695557	     34676	80009f70	003b7933	and	x18,x22,x3	 x22:0x00000010  x3:0x00000322 x18=0x00000000
         696297	     34713	80009f74	03016f33	rem	x30,x2,x16	  x2:0x80000000 x16:0x8a36eee2 x30=0xf5c9111e
         696317	     34714	80009f78	01135233	srl	x4,x6,x17	  x6:0xfffffefb x17:0xfffffdf9  x4=0x0000007f
         696337	     34715	80009f7c	7da34c13	xori	x24,x6,2010	  x6:0xfffffefb x24=0xfffff921
         696357	     34716	80009f80	01f71433	sll	x8,x14,x31	 x14:0x00000000 x31:0xffffffdf  x8=0x00000000
         696377	     34717	80009f84	34007bf3	csrrci	x23,mscratch,0	 x23=0x000007b0
         697357	     34766	80009f88	03cd4cb3	div	x25,x26,x28	 x26:0x00000651 x28:0x00000100 x25=0x00000006
         697377	     34767	80009f8c	4079d093	srai	x1,x19,0x7	 x19:0x00000000  x1=0x00000000
         697397	     34768	80009f90	0180fb33	and	x22,x1,x24	  x1:0x00000000 x24:0xfffff921 x22=0x00000000
         697417	     34769	80009f94	3406a373	csrrs	x6,mscratch,x13	 x13:0xb7abffe6  x6=0x000007b0
         697437	     34770	80009f98	0000100f	fence.i	
         697737	     34785	80009f9c	01e3e763	bltu	x7,x30,80009faa	  x7:0x00000001 x30:0xf5c9111e
         698377	     34817	80009faa	0182dc33	srl	x24,x5,x24	  x5:0x80022df8 x24:0xfffff921 x24=0x400116fc
         698457	     34821	80009fae	a9fefb17	auipc	x22,0xa9fef	 x22=0x29ff8fae
         698877	     34842	80009fb2	6825ee13	ori	x28,x11,1666	 x11:0x000007b0 x28=0x000007b2
         698997	     34848	80009fb6	34001f73	csrrw	x30,mscratch,x0	  x0:0x00000000 x30=0xb7abfff6
         699017	     34849	80009fba	8075	c.srli	x8,0x1d	  x8:0x00000000  x8=0x00000000
         699037	     34850	80009fbc	0061cf33	xor	x30,x3,x6	  x3:0x00000322  x6:0x000007b0 x30=0x00000492
         699177	     34857	80009fc0	00cc1cb3	sll	x25,x24,x12	 x24:0x400116fc x12:0x000007b3 x25=0xb7e00000
         699197	     34858	80009fc4	34045673	csrrwi	x12,mscratch,8	 x12=0x00000000
         699217	     34859	80009fc8	8622	c.mv	x12,x8	  x0:0x00000000  x8:0x00000000 x12=0x00000000
         699257	     34861	80009fca	027f9233	mulh	x4,x31,x7	 x31:0xffffffdf  x7:0x00000001  x4=0xffffffff
         699357	     34866	80009fce	32173313	sltiu	x6,x14,801	 x14:0x00000000  x6=0x00000001
         699377	     34867	80009fd2	8da5	c.xor	x11,x9	 x11:0x000007b0  x9:0x80026ce4 x11=0x80026b54
         699397	     34868	80009fd4	34002473	csrrs	x8,mscratch,x0	  x0:0x00000000  x8=0x00000008
         699417	     34869	80009fd8	a3b4b693	sltiu	x13,x9,-1477	  x9:0x80026ce4 x13=0x00000001
         699537	     34875	80009fdc	0001	c.addi	x0,0	  x0:0x00000000  x0=0x00000000
         699917	     34894	80009fde	00ea08b3	add	x17,x20,x14	 x20:0x00000003 x14:0x00000000 x17=0x00000003
         699977	     34897	80009fe2	4d13f393	andi	x7,x7,1233	  x7:0x00000001  x7=0x00000001
         700057	     34901	80009fe6	340023f3	csrrs	x7,mscratch,x0	  x0:0x00000000  x7=0x00000008
         700077	     34902	80009fea	99fd	c.andi	x11,-1	 x11:0x80026b54 x11=0x80026b54
         700097	     34903	80009fec	8fd5	c.or	x15,x13	 x15:0x000007b0 x13:0x00000001 x15=0x000007b1
         700117	     34904	80009fee	6ec9	c.lui	x29,0x12	 x29=0x00012000
         700437	     34920	80009ff0	01559863	bne	x11,x21,8000a000	 x11:0x80026b54 x21:0x00000508
         701497	     34973	8000a000	4045d9b3	sra	x19,x11,x4	 x11:0x80026b54  x4:0xffffffff x19=0xffffffff
         701517	     34974	8000a004	8ac6	c.mv	x21,x17	  x0:0x00000000 x17:0x00000003 x21=0x00000003
         701537	     34975	8000a006	8e21	c.xor	x12,x8	 x12:0x00000000  x8:0x00000008 x12=0x00000008
         701557	     34976	8000a008	0146dd93	srli	x27,x13,0x14	 x13:0x00000001 x27=0x00000000
         701577	     34977	8000a00c	34083df3	csrrc	x27,mscratch,x16	 x16:0x8a36eee2 x27=0x00000008
         701597	     34978	8000a010	41275593	srai	x11,x14,0x12	 x14:0x00000000 x11=0x00000000
         701837	     34990	8000a014	577d	c.li	x14,-1	 x14=0xffffffff
         701857	     34991	8000a016	8c29	c.xor	x8,x10	  x8:0x00000008 x10:0x00000323  x8=0x0000032b
         701877	     34992	8000a018	417ad033	sra	x0,x21,x23	 x21:0x00000003 x23:0x000007b0  x0=0x00000000
         701897	     34993	8000a01c	01f8e233	or	x4,x17,x31	 x17:0x00000003 x31:0xffffffdf  x4=0xffffffdf
         702297	     35013	8000a020	00787a63	bgeu	x16,x7,8000a034	 x16:0x8a36eee2  x7:0x00000008
         702877	     35042	8000a034	40e9dfb3	sra	x31,x19,x14	 x19:0xffffffff x14:0xffffffff x31=0xffffffff
         702897	     35043	8000a038	860da013	slti	x0,x27,-1952	 x27:0x00000008  x0=0x00000000
         702917	     35044	8000a03c	5efd	c.li	x29,-1	 x29=0xffffffff
         703097	     35053	8000a03e	dd112e17	auipc	x28,0xdd112	 x28=0x5d11c03e
         703257	     35061	8000a042	00b47e33	and	x28,x8,x11	  x8:0x0000032b x11:0x00000000 x28=0x00000000
         703277	     35062	8000a046	01d356b3	srl	x13,x6,x29	  x6:0x00000001 x29:0xffffffff x13=0x00000000
         703297	     35063	8000a04a	657d	c.lui	x10,0x1f	 x10=0x0001f000
         703397	     35068	8000a04c	867a	c.mv	x12,x30	  x0:0x00000000 x30:0x00000492 x12=0x00000492
         703417	     35069	8000a04e	655d	c.lui	x10,0x17	 x10=0x00017000
         703437	     35070	8000a050	02360d63	beq	x12,x3,8000a08a	 x12:0x00000492  x3:0x00000322
         703617	     35079	8000a054	8c297913	andi	x18,x18,-1854	 x18:0x00000000 x18=0x00000000
         703637	     35080	8000a058	0001	c.addi	x0,0	  x0:0x00000000  x0=0x00000000
         704057	     35101	8000a05a	00717f63	bgeu	x2,x7,8000a078	  x2:0x80000000  x7:0x00000008
         704237	     35110	8000a078	4ee5	c.li	x29,25	 x29=0x00000019
         704257	     35111	8000a07a	340fd873	csrrwi	x16,mscratch,31	 x16=0x00000008
         704637	     35130	8000a07e	032475b3	remu	x11,x8,x18	  x8:0x0000032b x18:0x00000000 x11=0x0000032b
         704657	     35131	8000a082	83d5	c.srli	x15,0x15	 x15:0x000007b1 x15=0x00000000
         705037	     35150	8000a084	5c9f6f17	auipc	x30,0x5c9f6	 x30=0xdca00084
         705197	     35158	8000a088	8285	c.srli	x13,0x1	 x13:0x00000000 x13=0x00000000
         705217	     35159	8000a08a	00d85393	srli	x7,x16,0xd	 x16:0x00000008  x7=0x00000000
         705237	     35160	8000a08e	44bd3a13	sltiu	x20,x26,1099	 x26:0x00000651 x20=0x00000000
         705477	     35172	8000a092	034503b3	mul	x7,x10,x20	 x10:0x00017000 x20:0x00000000  x7=0x00000000
         705497	     35173	8000a096	9afa	c.add	x21,x30	 x21:0x00000003 x30:0xdca00084 x21=0xdca00087
         705517	     35174	8000a098	85e6	c.mv	x11,x25	  x0:0x00000000 x25:0xb7e00000 x11=0xb7e00000
         705537	     35175	8000a09a	0097e963	bltu	x15,x9,8000a0ac	 x15:0x00000000  x9:0x80026ce4
         706217	     35209	8000a0ac	02cb6b63	bltu	x22,x12,8000a0e2	 x22:0x29ff8fae x12:0x00000492
         706257	     35211	8000a0b0	8e25	c.xor	x12,x9	 x12:0x00000492  x9:0x80026ce4 x12=0x80026876
         706677	     35232	8000a0b2	00ab7463	bgeu	x22,x10,8000a0ba	 x22:0x29ff8fae x10:0x00017000
         707297	     35263	8000a0ba	9ebe	c.add	x29,x15	 x29:0x00000019 x15:0x00000000 x29=0x00000019
         707317	     35264	8000a0bc	340faf73	csrrs	x30,mscratch,x31	 x31:0xffffffff x30=0x0000001f
         707337	     35265	8000a0c0	3400df73	csrrwi	x30,mscratch,1	 x30=0xffffffff
         707757	     35286	8000a0c4	8eb5	c.xor	x13,x13	 x13:0x00000000 x13:0x00000000 x13=0x00000000
         707797	     35288	8000a0c6	02f65c33	divu	x24,x12,x15	 x12:0x80026876 x15:0x00000000 x24=0xffffffff
         707977	     35297	8000a0ca	9d3b3237	lui	x4,0x9d3b3	  x4=0x9d3b3000
         707997	     35298	8000a0ce	1afd	c.addi	x21,-1	 x21:0xdca00087 x21=0xdca00086
         708037	     35300	8000a0d0	03570733	mul	x14,x14,x21	 x14:0xffffffff x21:0xdca00086 x14=0x235fff7a
         708297	     35313	8000a0d4	838d	c.srli	x15,0x3	 x15:0x00000000 x15=0x00000000
         708317	     35314	8000a0d6	0675	c.addi	x12,29	 x12:0x80026876 x12=0x80026893
         708537	     35325	8000a0d8	34047d73	csrrci	x26,mscratch,8	 x26=0x00000001
         708717	     35334	8000a0dc	0786	c.slli	x15,0x1	 x15:0x00000000 x15=0x00000000
         735417	     36669	8000a0de	02852e33	mulhsu	x28,x10,x8	 x10:0x00017000  x8:0x0000032b x28=0x00000000
         735437	     36670	8000a0e2	6e09	c.lui	x28,0x2	 x28=0x00002000
         735457	     36671	8000a0e4	a2541d97	auipc	x27,0xa2541	 x27=0x2254b0e4
         735477	     36672	8000a0e8	0001	c.addi	x0,0	  x0:0x00000000  x0=0x00000000
         736217	     36709	8000a0ea	03105433	divu	x8,x0,x17	  x0:0x00000000 x17:0x00000003  x8=0x00000000
         736237	     36710	8000a0ee	01a30fb3	add	x31,x6,x26	  x6:0x00000001 x26:0x00000001 x31=0x00000002
         736257	     36711	8000a0f2	01d58597	auipc	x11,0x1d58	 x11=0x81d620f2
         736277	     36712	8000a0f6	e10d	c.bnez	x10,8000a118	 x10:0x00017000
         736837	     36740	8000a118	c168eb93	ori	x23,x17,-1002	 x17:0x00000003 x23=0xfffffc17
         736877	     36742	8000a11c	8431	c.srai	x8,0xc	  x8:0x00000000  x8=0x00000000
         736897	     36743	8000a11e	014ef233	and	x4,x29,x20	 x29:0x00000019 x20:0x00000000  x4=0x00000000
         736917	     36744	8000a122	411c0eb3	sub	x29,x24,x17	 x24:0xffffffff x17:0x00000003 x29=0xfffffffc
         736937	     36745	8000a126	411d5213	srai	x4,x26,0x11	 x26:0x00000001  x4=0x00000000
         737077	     36752	8000a12a	022e6963	bltu	x28,x2,8000a15c	 x28:0x00002000  x2:0x80000000
         737857	     36791	8000a15c	4e19	c.li	x28,6	 x28=0x00000006
         737877	     36792	8000a15e	0001	c.addi	x0,0	  x0:0x00000000  x0=0x00000000
         738057	     36801	8000a160	51fd	c.li	x3,-1	  x3=0xffffffff
         738077	     36802	8000a162	41bf5793	srai	x15,x30,0x1b	 x30:0xffffffff x15=0xffffffff
         738117	     36804	8000a166	34002073	csrrs	x0,mscratch,x0	  x0:0x00000000  x0=0x00000000
         738137	     36805	8000a16a	0001	c.addi	x0,0	  x0:0x00000000  x0=0x00000000
         738237	     36810	8000a16c	8dca	c.mv	x27,x18	  x0:0x00000000 x18:0x00000000 x27=0x00000000
         738257	     36811	8000a16e	00ae8bb3	add	x23,x29,x10	 x29:0xfffffffc x10:0x00017000 x23=0x00016ffc
         738277	     36812	8000a172	1d7d	c.addi	x26,-1	 x26:0x00000001 x26=0x00000000
         738297	     36813	8000a174	0031f763	bgeu	x3,x3,8000a182	  x3:0xffffffff  x3:0xffffffff
         739137	     36855	8000a182	6f69	c.lui	x30,0x1a	 x30=0x0001a000
         739877	     36892	8000a184	037fc0b3	div	x1,x31,x23	 x31:0x00000002 x23:0x00016ffc  x1=0x00000000
         740617	     36929	8000a188	0372c5b3	div	x11,x5,x23	  x5:0x80022df8 x23:0x00016ffc x11=0xffffa6f6
         740637	     36930	8000a18c	c2623817	auipc	x16,0xc2623	 x16=0x4262d18c
         740657	     36931	8000a190	8fce	c.mv	x31,x19	  x0:0x00000000 x19:0xffffffff x31=0xffffffff
         740677	     36932	8000a192	8efe	c.mv	x29,x31	  x0:0x00000000 x31:0xffffffff x29=0xffffffff
         740717	     36934	8000a194	02119033	mulh	x0,x3,x1	  x3:0xffffffff  x1:0x00000000  x0=0x00000000
         740737	     36935	8000a198	03638563	beq	x7,x22,8000a1c2	  x7:0x00000000 x22:0x29ff8fae
         740757	     36936	8000a19c	8f7d	c.and	x14,x15	 x14:0x235fff7a x15:0xffffffff x14=0x235fff7a
         741497	     36973	8000a19e	03ecfd33	remu	x26,x25,x30	 x25:0xb7e00000 x30:0x0001a000 x26=0x0000a000
         741517	     36974	8000a1a2	6e718c13	addi	x24,x3,1767	  x3:0xffffffff x24=0x000006e6
         741537	     36975	8000a1a6	026b9d63	bne	x23,x6,8000a1e0	 x23:0x00016ffc  x6:0x00000001
         741997	     36998	8000a1e0	987d	c.andi	x8,-1	  x8:0x00000000  x8=0x00000000
         742017	     36999	8000a1e2	8c15	c.sub	x8,x13	  x8:0x00000000 x13:0x00000000  x8=0x00000000
         742217	     37009	8000a1e4	34007a73	csrrci	x20,mscratch,0	 x20=0x00000001
         742237	     37010	8000a1e8	960e	c.add	x12,x3	 x12:0x80026893  x3:0xffffffff x12=0x80026892
         743097	     37053	8000a1ea	0267f5b3	remu	x11,x15,x6	 x15:0xffffffff  x6:0x00000001 x11=0x00000000
         743117	     37054	8000a1ee	c291	c.beqz	x13,8000a1f2	 x13:0x00000000
         743177	     37057	8000a1f2	00324833	xor	x16,x4,x3	  x4:0x00000000  x3:0xffffffff x16=0xffffffff
         743197	     37058	8000a1f6	7f0f7993	andi	x19,x30,2032	 x30:0x0001a000 x19=0x00000000
         743217	     37059	8000a1fa	e609	c.bnez	x12,8000a204	 x12:0x80026892
         743277	     37062	8000a204	8c05	c.sub	x8,x9	  x8:0x00000000  x9:0x80026ce4  x8=0x7ffd931c
         743537	     37075	8000a206	609589b7	lui	x19,0x60958	 x19=0x60958000
         743897	     37093	8000a20a	01019263	bne	x3,x16,8000a20e	  x3:0xffffffff x16:0xffffffff
         743917	     37094	8000a20e	0001	c.addi	x0,0	  x0:0x00000000  x0=0x00000000
         743957	     37096	8000a210	c39d	c.beqz	x15,8000a236	 x15:0xffffffff
         743977	     37097	8000a212	0ff0000f	fence	iorw,iorw	
         743997	     37098	8000a216	8e35	c.xor	x12,x13	 x12:0x80026892 x13:0x00000000 x12=0x80026892
         744017	     37099	8000a218	01a06e33	or	x28,x0,x26	  x0:0x00000000 x26:0x0000a000 x28=0x0000a000
         744037	     37100	8000a21c	8ea1	c.xor	x13,x8	 x13:0x00000000  x8:0x7ffd931c x13=0x7ffd931c
         744057	     37101	8000a21e	01d149b3	xor	x19,x2,x29	  x2:0x80000000 x29:0xffffffff x19=0x7fffffff
         744257	     37111	8000a222	03570c33	mul	x24,x14,x21	 x14:0x235fff7a x21:0xdca00086 x24=0x087fb9dc
         744277	     37112	8000a226	34006c73	csrrsi	x24,mscratch,0	 x24=0x00000001
         744297	     37113	8000a22a	036e5163	bge	x28,x22,8000a24c	 x28:0x0000a000 x22:0x29ff8fae
         744317	     37114	8000a22e	9352	c.add	x6,x20	  x6:0x00000001 x20:0x00000001  x6=0x00000002
         744417	     37119	8000a230	c3a1	c.beqz	x15,8000a270	 x15:0xffffffff
         744477	     37122	8000a232	00929763	bne	x5,x9,8000a240	  x5:0x80022df8  x9:0x80026ce4
         745077	     37152	8000a240	036211b3	mulh	x3,x4,x22	  x4:0x00000000 x22:0x29ff8fae  x3=0x00000000
         745097	     37153	8000a244	00a90633	add	x12,x18,x10	 x18:0x00000000 x10:0x00017000 x12=0x00017000
         746077	     37202	8000a248	03444033	div	x0,x8,x20	  x8:0x7ffd931c x20:0x00000001  x0=0x00000000
         746097	     37203	8000a24c	03b5c663	blt	x11,x27,8000a278	 x11:0x00000000 x27:0x00000000
         746117	     37204	8000a250	8ebd	c.xor	x13,x15	 x13:0x7ffd931c x15:0xffffffff x13=0x80026ce3
         746137	     37205	8000a252	03330763	beq	x6,x19,8000a280	  x6:0x00000002 x19:0x7fffffff
         746157	     37206	8000a256	2fd22393	slti	x7,x4,765	  x4:0x00000000  x7=0x00000001
         746177	     37207	8000a25a	ce99	c.beqz	x13,8000a278	 x13:0x80026ce3
         746197	     37208	8000a25c	00f8ee33	or	x28,x17,x15	 x17:0x00000003 x15:0xffffffff x28=0xffffffff
         746537	     37225	8000a260	8dd9	c.or	x11,x14	 x11:0x00000000 x14:0x235fff7a x11=0x235fff7a
         746557	     37226	8000a262	5b9bf713	andi	x14,x23,1465	 x23:0x00016ffc x14=0x000005b8
         746577	     37227	8000a266	8e69	c.and	x12,x10	 x12:0x00017000 x10:0x00017000 x12=0x00017000
         746597	     37228	8000a268	01228f63	beq	x5,x18,8000a286	  x5:0x80022df8 x18:0x00000000
         746617	     37229	8000a26c	02119db7	lui	x27,0x2119	 x27=0x02119000
         746637	     37230	8000a270	011b4cb3	xor	x25,x22,x17	 x22:0x29ff8fae x17:0x00000003 x25=0x29ff8fad
         747057	     37251	8000a274	0129cdb3	xor	x27,x19,x18	 x19:0x7fffffff x18:0x00000000 x27=0x7fffffff
         747077	     37252	8000a278	009060b3	or	x1,x0,x9	  x0:0x00000000  x9:0x80026ce4  x1=0x80026ce4
         747097	     37253	8000a27c	0196c763	blt	x13,x25,8000a28a	 x13:0x80026ce3 x25:0x29ff8fad
         747437	     37270	8000a28a	4188df33	sra	x30,x17,x24	 x17:0x00000003 x24:0x00000001 x30=0x00000001
         747457	     37271	8000a28e	005b5613	srli	x12,x22,0x5	 x22:0x29ff8fae x12=0x014ffc7d
         747497	     37273	8000a292	02dea333	mulhsu	x6,x29,x13	 x29:0xffffffff x13:0x80026ce3  x6=0xffffffff
         747517	     37274	8000a296	0001	c.addi	x0,0	  x0:0x00000000  x0=0x00000000
         747537	     37275	8000a298	017ee1b3	or	x3,x29,x23	 x29:0xffffffff x23:0x00016ffc  x3=0xffffffff
         747557	     37276	8000a29c	18580413	addi	x8,x16,389	 x16:0xffffffff  x8=0x00000184
         747977	     37297	8000a2a0	01fc9433	sll	x8,x25,x31	 x25:0x29ff8fad x31:0xffffffff  x8=0x80000000
         747997	     37298	8000a2a4	0ff0000f	fence	iorw,iorw	
         748137	     37305	8000a2a8	34006573	csrrsi	x10,mscratch,0	 x10=0x00000001
         748357	     37316	8000a2ac	7ba9fb93	andi	x23,x19,1978	 x19:0x7fffffff x23=0x000007ba
         748537	     37325	8000a2b0	340d7f73	csrrci	x30,mscratch,26	 x30=0x00000001
         748557	     37326	8000a2b4	4009d5b3	sra	x11,x19,x0	 x19:0x7fffffff  x0:0x00000000 x11=0x7fffffff
         748577	     37327	8000a2b8	9d89f793	andi	x15,x19,-1576	 x19:0x7fffffff x15=0x7ffff9d8
         749317	     37364	8000a2bc	038adf33	divu	x30,x21,x24	 x21:0xdca00086 x24:0x00000001 x30=0xdca00086
         749337	     37365	8000a2c0	34003cf3	csrrc	x25,mscratch,x0	  x0:0x00000000 x25=0x00000001
         749357	     37366	8000a2c4	40a2d033	sra	x0,x5,x10	  x5:0x80022df8 x10:0x00000001  x0=0x00000000
         749377	     37367	8000a2c8	8e71	c.and	x12,x12	 x12:0x014ffc7d x12:0x014ffc7d x12=0x014ffc7d
         749417	     37369	8000a2ca	036c3e33	mulhu	x28,x24,x22	 x24:0x00000001 x22:0x29ff8fae x28=0x00000000
         749437	     37370	8000a2ce	8f71	c.and	x14,x12	 x14:0x000005b8 x12:0x014ffc7d x14=0x00000438
         749577	     37377	8000a2d0	00def863	bgeu	x29,x13,8000a2e0	 x29:0xffffffff x13:0x80026ce3
         751417	     37469	8000a2e0	026ce533	rem	x10,x25,x6	 x25:0x00000001  x6:0xffffffff x10=0x00000000
         751437	     37470	8000a2e4	ed89	c.bnez	x11,8000a2fe	 x11:0x7fffffff
         751697	     37483	8000a2fe	410f0633	sub	x12,x30,x16	 x30:0xdca00086 x16:0xffffffff x12=0xdca00087
         751717	     37484	8000a302	340ef973	csrrci	x18,mscratch,29	 x18=0x00000001
         751877	     37492	8000a306	01a09d13	slli	x26,x1,0x1a	  x1:0x80026ce4 x26=0x90000000
         751897	     37493	8000a30a	3157ab13	slti	x22,x15,789	 x15:0x7ffff9d8 x22=0x00000000
         751937	     37495	8000a30e	3403d5f3	csrrwi	x11,mscratch,7	 x11=0x00000000
         751957	     37496	8000a312	0f15	c.addi	x30,5	 x30:0xdca00086 x30=0xdca0008b
         751977	     37497	8000a314	3404d9f3	csrrwi	x19,mscratch,9	 x19=0x00000007
         752377	     37517	8000a318	0074eab3	or	x21,x9,x7	  x9:0x80026ce4  x7:0x00000001 x21=0x80026ce5
         752477	     37522	8000a31c	00f69db3	sll	x27,x13,x15	 x13:0x80026ce3 x15:0x7ffff9d8 x27=0xe3000000
         752497	     37523	8000a320	1bc1af93	slti	x31,x3,444	  x3:0xffffffff x31=0x00000001
         752517	     37524	8000a324	ce05	c.beqz	x12,8000a35c	 x12:0xdca00087
         752817	     37539	8000a326	340071f3	csrrci	x3,mscratch,0	  x3=0x00000009
         752837	     37540	8000a32a	8c61	c.and	x8,x8	  x8:0x80000000  x8:0x80000000  x8=0x80000000
         752877	     37542	8000a32c	ea81	c.bnez	x13,8000a33c	 x13:0x80026ce3
         753957	     37596	8000a33c	34003973	csrrc	x18,mscratch,x0	  x0:0x00000000 x18=0x00000009
         753997	     37598	8000a340	00e99db3	sll	x27,x19,x14	 x19:0x00000007 x14:0x00000438 x27=0x07000000
         754017	     37599	8000a344	896d	c.andi	x10,27	 x10:0x00000000 x10=0x00000000
         754037	     37600	8000a346	6475	c.lui	x8,0x1d	  x8=0x0001d000
         754057	     37601	8000a348	45c56b13	ori	x22,x10,1116	 x10:0x00000000 x22=0x0000045c
         754457	     37621	8000a34c	6475	c.lui	x8,0x1d	  x8=0x0001d000
         754477	     37622	8000a34e	34026773	csrrsi	x14,mscratch,4	 x14=0x00000009
         754497	     37623	8000a352	49d1	c.li	x19,20	 x19=0x00000014
         754517	     37624	8000a354	01503333	sltu	x6,x0,x21	  x0:0x00000000 x21:0x80026ce5  x6=0x00000001
         754537	     37625	8000a358	8551	c.srai	x10,0x14	 x10:0x00000000 x10=0x00000000
         754557	     37626	8000a35a	8255	c.srli	x12,0x15	 x12:0xdca00087 x12=0x000006e5
         754637	     37630	8000a35c	024341b3	div	x3,x6,x4	  x6:0x00000001  x4:0x00000000  x3=0xffffffff
         754697	     37633	8000a360	03b2b333	mulhu	x6,x5,x27	  x5:0x80022df8 x27:0x07000000  x6=0x03800f41
         754717	     37634	8000a364	8e2d	c.xor	x12,x11	 x12:0x000006e5 x11:0x00000000 x12=0x000006e5
         755097	     37653	8000a366	34055ff3	csrrwi	x31,mscratch,10	 x31=0x0000000d
         755117	     37654	8000a36a	0001	c.addi	x0,0	  x0:0x00000000  x0=0x00000000
         755137	     37655	8000a36c	4ed9	c.li	x29,22	 x29=0x00000016
         755177	     37657	8000a36e	00ca9a33	sll	x20,x21,x12	 x21:0x80026ce5 x12:0x000006e5 x20=0x004d9ca0
         755257	     37661	8000a372	016cd763	bge	x25,x22,8000a380	 x25:0x00000001 x22:0x0000045c
         755277	     37662	8000a376	8b5d	c.andi	x14,23	 x14:0x00000009 x14=0x00000001
         755297	     37663	8000a378	00a506b3	add	x13,x10,x10	 x10:0x00000000 x10:0x00000000 x13=0x00000000
         755577	     37677	8000a37c	02d8ecb3	rem	x25,x17,x13	 x17:0x00000003 x13:0x00000000 x25=0x00000003
         755617	     37679	8000a380	02bf9c33	mulh	x24,x31,x11	 x31:0x0000000d x11:0x00000000 x24=0x00000000
         755637	     37680	8000a384	410b5593	srai	x11,x22,0x10	 x22:0x0000045c x11=0x00000000
         755737	     37685	8000a388	02ac7bb3	remu	x23,x24,x10	 x24:0x00000000 x10:0x00000000 x23=0x00000000
         755757	     37686	8000a38c	00edad33	slt	x26,x27,x14	 x27:0x07000000 x14:0x00000001 x26=0x00000000
         756097	     37703	8000a390	34d96713	ori	x14,x18,845	 x18:0x00000009 x14=0x0000034d
         756117	     37704	8000a394	b605a713	slti	x14,x11,-1184	 x11:0x00000000 x14=0x00000000
         756137	     37705	8000a398	34006373	csrrsi	x6,mscratch,0	  x6=0x0000000a
         757277	     37762	8000a39c	02757c33	remu	x24,x10,x7	 x10:0x00000000  x7:0x00000001 x24=0x00000000
         757297	     37763	8000a3a0	03b1d663	bge	x3,x27,8000a3cc	  x3:0xffffffff x27:0x07000000
         757337	     37765	8000a3a4	02da19b3	mulh	x19,x20,x13	 x20:0x004d9ca0 x13:0x00000000 x19=0x00000000
         757357	     37766	8000a3a8	03de8e33	mul	x28,x29,x29	 x29:0x00000016 x29:0x00000016 x28=0x000001e4
         757377	     37767	8000a3ac	93df4913	xori	x18,x30,-1731	 x30:0xdca0008b x18=0x235ff9b6
         757397	     37768	8000a3b0	0001	c.addi	x0,0	  x0:0x00000000  x0=0x00000000
         757417	     37769	8000a3b2	34029473	csrrw	x8,mscratch,x5	  x5:0x80022df8  x8=0x0000000a
         757437	     37770	8000a3b6	8bf1	c.andi	x15,28	 x15:0x7ffff9d8 x15=0x00000018
         757457	     37771	8000a3b8	cacaf513	andi	x10,x21,-852	 x21:0x80026ce5 x10=0x80026ca4
         757697	     37783	8000a3bc	010c6db3	or	x27,x24,x16	 x24:0x00000000 x16:0xffffffff x27=0xffffffff
         757757	     37786	8000a3c0	8a65	c.andi	x12,25	 x12:0x000006e5 x12=0x00000001
         757777	     37787	8000a3c2	8ed9	c.or	x13,x14	 x13:0x00000000 x14:0x00000000 x13=0x00000000
         757837	     37790	8000a3c4	014d5313	srli	x6,x26,0x14	 x26:0x00000000  x6=0x00000000
         758257	     37811	8000a3c8	6119c693	xori	x13,x19,1553	 x19:0x00000000 x13=0x00000611
         758437	     37820	8000a3cc	4025dcb3	sra	x25,x11,x2	 x11:0x00000000  x2:0x80000000 x25=0x00000000
         758577	     37827	8000a3d0	0143d733	srl	x14,x7,x20	  x7:0x00000001 x20:0x004d9ca0 x14=0x00000001
         759317	     37864	8000a3d4	030761b3	rem	x3,x14,x16	 x14:0x00000001 x16:0xffffffff  x3=0x00000000
         759337	     37865	8000a3d8	0001	c.addi	x0,0	  x0:0x00000000  x0=0x00000000
         759357	     37866	8000a3da	f2967f13	andi	x30,x12,-215	 x12:0x00000001 x30=0x00000001
         759377	     37867	8000a3de	02f2e363	bltu	x5,x15,8000a404	  x5:0x80022df8 x15:0x00000018
         759397	     37868	8000a3e2	8e8e	c.mv	x29,x3	  x0:0x00000000  x3:0x00000000 x29=0x00000000
         759417	     37869	8000a3e4	8c5d	c.or	x8,x15	  x8:0x0000000a x15:0x00000018  x8=0x0000001a
         759437	     37870	8000a3e6	e665ff13	andi	x30,x11,-410	 x11:0x00000000 x30=0x00000000
         759457	     37871	8000a3ea	0ded	c.addi	x27,27	 x27:0xffffffff x27=0x0000001a
         759477	     37872	8000a3ec	0189d6b3	srl	x13,x19,x24	 x19:0x00000000 x24:0x00000000 x13=0x00000000
         759497	     37873	8000a3f0	210f4917	auipc	x18,0x210f4	 x18=0xa10fe3f0
         759557	     37876	8000a3f4	00af8d33	add	x26,x31,x10	 x31:0x0000000d x10:0x80026ca4 x26=0x80026cb1
         759717	     37884	8000a3f8	8ea5	c.xor	x13,x9	 x13:0x00000000  x9:0x80026ce4 x13=0x80026ce4
         760137	     37905	8000a3fa	340b3673	csrrc	x12,mscratch,x22	 x22:0x0000045c x12=0x80022df8
         760157	     37906	8000a3fe	5cfd	c.li	x25,-1	 x25=0xffffffff
         760177	     37907	8000a400	0050cd33	xor	x26,x1,x5	  x1:0x80026ce4  x5:0x80022df8 x26=0x0000411c
         760197	     37908	8000a404	03887c63	bgeu	x16,x24,8000a43c	 x16:0xffffffff x24:0x00000000
         764437	     38120	8000a43c	0001	c.addi	x0,0	  x0:0x00000000  x0=0x00000000
         764457	     38121	8000a43e	34003af3	csrrc	x21,mscratch,x0	  x0:0x00000000 x21=0x800229a0
         764477	     38122	8000a442	0001	c.addi	x0,0	  x0:0x00000000  x0=0x00000000
         764497	     38123	8000a444	51f6bd13	sltiu	x26,x13,1311	 x13:0x80026ce4 x26=0x00000000
         764517	     38124	8000a448	832e	c.mv	x6,x11	  x0:0x00000000 x11:0x00000000  x6=0x00000000
         764537	     38125	8000a44a	6971	c.lui	x18,0x1c	 x18=0x0001c000
         764557	     38126	8000a44c	01644d33	xor	x26,x8,x22	  x8:0x0000001a x22:0x0000045c x26=0x00000446
         764577	     38127	8000a450	8f89	c.sub	x15,x10	 x15:0x00000018 x10:0x80026ca4 x15=0x7ffd9374
         764597	     38128	8000a452	34002a73	csrrs	x20,mscratch,x0	  x0:0x00000000 x20=0x800229a0
         764857	     38141	8000a456	02325e33	divu	x28,x4,x3	  x4:0x00000000  x3:0x00000000 x28=0xffffffff
         764877	     38142	8000a45a	017d9913	slli	x18,x27,0x17	 x27:0x0000001a x18=0x0d000000
         764897	     38143	8000a45e	402d0833	sub	x16,x26,x2	 x26:0x00000446  x2:0x80000000 x16=0x80000446
         765257	     38161	8000a462	2f820713	addi	x14,x4,760	  x4:0x00000000 x14=0x000002f8
         765277	     38162	8000a466	01c77633	and	x12,x14,x28	 x14:0x000002f8 x28:0xffffffff x12=0x000002f8
         765297	     38163	8000a46a	34091a73	csrrw	x20,mscratch,x18	 x18:0x0d000000 x20=0x800229a0
         765477	     38172	8000a46e	41d655b3	sra	x11,x12,x29	 x12:0x000002f8 x29:0x00000000 x11=0x000002f8
         765497	     38173	8000a472	1b4cfe13	andi	x28,x25,436	 x25:0xffffffff x28=0x000001b4
         765917	     38194	8000a476	00f51593	slli	x11,x10,0xf	 x10:0x80026ca4 x11=0x36520000
         765937	     38195	8000a47a	458f57b7	lui	x15,0x458f5	 x15=0x458f5000
         765957	     38196	8000a47e	4f25	c.li	x30,9	 x30=0x00000009
         766017	     38199	8000a480	231b6d13	ori	x26,x22,561	 x22:0x0000045c x26=0x0000067d
         766157	     38206	8000a484	00a55b93	srli	x23,x10,0xa	 x10:0x80026ca4 x23=0x0020009b
         766177	     38207	8000a488	8b71	c.andi	x14,28	 x14:0x000002f8 x14=0x00000018
         766197	     38208	8000a48a	0001	c.addi	x0,0	  x0:0x00000000  x0=0x00000000
         766237	     38210	8000a48c	0000100f	fence.i	
         766917	     38244	8000a490	03384eb3	div	x29,x16,x19	 x16:0x80000446 x19:0x00000000 x29=0xffffffff
         767677	     38282	8000a494	02ba60b3	rem	x1,x20,x11	 x20:0x800229a0 x11:0x36520000  x1=0xeca629a0
         767697	     38283	8000a498	8c11	c.sub	x8,x12	  x8:0x0000001a x12:0x000002f8  x8=0xfffffd22
         767717	     38284	8000a49a	0000100f	fence.i	
         767977	     38297	8000a49e	022913b3	mulh	x7,x18,x2	 x18:0x0d000000  x2:0x80000000  x7=0xf9800000
         768257	     38311	8000a4a2	0339c3b3	div	x7,x19,x19	 x19:0x00000000 x19:0x00000000  x7=0xffffffff
         768277	     38312	8000a4a6	024a	c.slli	x4,0x12	  x4:0x00000000  x4=0x00000000
         768317	     38314	8000a4a8	029bbe33	mulhu	x28,x23,x9	 x23:0x0020009b  x9:0x80026ce4 x28=0x0010009b
         768417	     38319	8000a4ac	00295813	srli	x16,x18,0x2	 x18:0x0d000000 x16=0x03400000
         768437	     38320	8000a4b0	033687b3	mul	x15,x13,x19	 x13:0x80026ce4 x19:0x00000000 x15=0x00000000
         768457	     38321	8000a4b4	9c3e	c.add	x24,x15	 x24:0x00000000 x15:0x00000000 x24=0x00000000
         768557	     38326	8000a4b6	010e3333	sltu	x6,x28,x16	 x28:0x0010009b x16:0x03400000  x6=0x00000001
         768577	     38327	8000a4ba	8da5	c.xor	x11,x9	 x11:0x36520000  x9:0x80026ce4 x11=0xb6506ce4
         768637	     38330	8000a4bc	00e67533	and	x10,x12,x14	 x12:0x000002f8 x14:0x00000018 x10=0x00000018
         768817	     38339	8000a4c0	34006773	csrrsi	x14,mscratch,0	 x14=0x0d000000
         768897	     38343	8000a4c4	02278163	beq	x15,x2,8000a4e6	 x15:0x00000000  x2:0x80000000
         768917	     38344	8000a4c8	0001	c.addi	x0,0	  x0:0x00000000  x0=0x00000000
         768937	     38345	8000a4ca	012fd263	bge	x31,x18,8000a4ce	 x31:0x0000000d x18:0x0d000000
         769337	     38365	8000a4ce	0ff0000f	fence	iorw,iorw	
         769357	     38366	8000a4d2	3e6dbc13	sltiu	x24,x27,998	 x27:0x0000001a x24=0x00000001
         769477	     38372	8000a4d6	41fd8533	sub	x10,x27,x31	 x27:0x0000001a x31:0x0000000d x10=0x0000000d
         769517	     38374	8000a4da	3403daf3	csrrwi	x21,mscratch,7	 x21=0x0d000000
         769637	     38380	8000a4de	004a9c33	sll	x24,x21,x4	 x21:0x0d000000  x4:0x00000000 x24=0x0d000000
         769737	     38385	8000a4e2	051e7263	bgeu	x28,x17,8000a526	 x28:0x0010009b x17:0x00000003
         771017	     38449	8000a526	9e628213	addi	x4,x5,-1562	  x5:0x80022df8  x4=0x800227de
         771057	     38451	8000a52a	01492b33	slt	x22,x18,x20	 x18:0x0d000000 x20:0x800229a0 x22=0x00000000
         771177	     38457	8000a52e	9e08cf13	xori	x30,x17,-1568	 x17:0x00000003 x30=0xfffff9e3
         771237	     38460	8000a532	02401d63	bne	x0,x4,8000a56c	  x0:0x00000000  x4:0x800227de
         771717	     38484	8000a56c	8235	c.srli	x12,0xd	 x12:0x000002f8 x12=0x00000000
         771737	     38485	8000a56e	8dc9	c.or	x11,x10	 x11:0xb6506ce4 x10:0x0000000d x11=0xb6506ced
         771757	     38486	8000a570	000e68b3	or	x17,x28,x0	 x28:0x0010009b  x0:0x00000000 x17=0x0010009b
         772157	     38506	8000a574	340b7e73	csrrci	x28,mscratch,22	 x28=0x00000007
         772237	     38510	8000a578	01415e13	srli	x28,x2,0x14	  x2:0x80000000 x28=0x00000800
         772257	     38511	8000a57c	0ff0000f	fence	iorw,iorw	
         772317	     38514	8000a580	40c55cb3	sra	x25,x10,x12	 x10:0x0000000d x12:0x00000000 x25=0x0000000d
         773057	     38551	8000a584	02866533	rem	x10,x12,x8	 x12:0x00000000  x8:0xfffffd22 x10=0x00000000
         773077	     38552	8000a588	020c08b3	mul	x17,x24,x0	 x24:0x0d000000  x0:0x00000000 x17=0x00000000
         773097	     38553	8000a58c	032c5963	bge	x24,x18,8000a5be	 x24:0x0d000000 x18:0x0d000000
         773917	     38594	8000a5be	34002773	csrrs	x14,mscratch,x0	  x0:0x00000000 x14=0x00000001
         773937	     38595	8000a5c2	340073f3	csrrci	x7,mscratch,0	  x7=0x00000001
         774037	     38600	8000a5c6	0022d233	srl	x4,x5,x2	  x5:0x80022df8  x2:0x80000000  x4=0x80022df8
         774057	     38601	8000a5ca	dcac4693	xori	x13,x24,-566	 x24:0x0d000000 x13=0xf2fffdca
         774197	     38608	8000a5ce	7ea2c713	xori	x14,x5,2026	  x5:0x80022df8 x14=0x80022a12
         774217	     38609	8000a5d2	8005	c.srli	x8,0x1	  x8:0xfffffd22  x8=0x7ffffe91
         774237	     38610	8000a5d4	02c88db3	mul	x27,x17,x12	 x17:0x00000000 x12:0x00000000 x27=0x00000000
         774277	     38612	8000a5d8	01eb2e33	slt	x28,x22,x30	 x22:0x00000000 x30:0xfffff9e3 x28=0x00000000
         774297	     38613	8000a5dc	0432	c.slli	x8,0xc	  x8:0x7ffffe91  x8=0xffe91000
         774477	     38622	8000a5de	41605013	srai	x0,x0,0x16	  x0:0x00000000  x0=0x00000000
         774557	     38626	8000a5e2	03f07163	bgeu	x0,x31,8000a604	  x0:0x00000000 x31:0x0000000d
         774577	     38627	8000a5e6	8531	c.srai	x10,0xc	 x10:0x00000000 x10=0x00000000
         774637	     38630	8000a5e8	00037e63	bgeu	x6,x0,8000a604	  x6:0x00000001  x0:0x00000000
         775777	     38687	8000a604	e802f213	andi	x4,x5,-384	  x5:0x80022df8  x4=0x80022c80
         775857	     38691	8000a608	340c3f73	csrrc	x30,mscratch,x24	 x24:0x0d000000 x30=0x00000001
         776277	     38712	8000a60c	ce930837	lui	x16,0xce930	 x16=0xce930000
         776297	     38713	8000a610	33a1b813	sltiu	x16,x3,826	  x3:0x00000000 x16=0x00000001
         776317	     38714	8000a614	1eecab93	slti	x23,x25,494	 x25:0x0000000d x23=0x00000001
         776337	     38715	8000a618	01db4f63	blt	x22,x29,8000a636	 x22:0x00000000 x29:0xffffffff
         776357	     38716	8000a61c	cce1a213	slti	x4,x3,-818	  x3:0x00000000  x4=0x00000000
         776417	     38719	8000a620	e611	c.bnez	x12,8000a62c	 x12:0x00000000
         776457	     38721	8000a622	d41af193	andi	x3,x21,-703	 x21:0x0d000000  x3=0x0d000000
         776477	     38722	8000a626	8f41	c.or	x14,x8	 x14:0x80022a12  x8:0xffe91000 x14=0xffeb3a12
         777017	     38749	8000a628	00cf9313	slli	x6,x31,0xc	 x31:0x0000000d  x6=0x0000d000
         777037	     38750	8000a62c	033d7d63	bgeu	x26,x19,8000a666	 x26:0x0000067d x19:0x00000000
         777417	     38769	8000a666	8d39	c.xor	x10,x14	 x10:0x00000000 x14:0xffeb3a12 x10=0xffeb3a12
         777457	     38771	8000a668	000c36b3	sltu	x13,x24,x0	 x24:0x0d000000  x0:0x00000000 x13=0x00000000
         777477	     38772	8000a66c	0ff0000f	fence	iorw,iorw	
         777797	     38788	8000a670	6ebfcb13	xori	x22,x31,1771	 x31:0x0000000d x22=0x000006e6
         778157	     38806	8000a674	34095b73	csrrwi	x22,mscratch,18	 x22=0x00000001
         778197	     38808	8000a678	03db1cb3	mulh	x25,x22,x29	 x22:0x00000001 x29:0xffffffff x25=0xffffffff
         778217	     38809	8000a67c	c219	c.beqz	x12,8000a682	 x12:0x00000000
         779877	     38892	8000a682	028298b3	mulh	x17,x5,x8	  x5:0x80022df8  x8:0xffe91000 x17=0x000b77ce
         779897	     38893	8000a686	01d98033	add	x0,x19,x29	 x19:0x00000000 x29:0xffffffff  x0=0x00000000
         779917	     38894	8000a68a	8c61	c.and	x8,x8	  x8:0xffe91000  x8:0xffe91000  x8=0xffe91000
         780017	     38899	8000a68c	8662	c.mv	x12,x24	  x0:0x00000000 x24:0x0d000000 x12=0x0d000000
         780337	     38915	8000a68e	015790b3	sll	x1,x15,x21	 x15:0x00000000 x21:0x0d000000  x1=0x00000000
         780357	     38916	8000a692	0001	c.addi	x0,0	  x0:0x00000000  x0=0x00000000
         780377	     38917	8000a694	01fd13b3	sll	x7,x26,x31	 x26:0x0000067d x31:0x0000000d  x7=0x00cfa000
         780397	     38918	8000a698	8f81	c.sub	x15,x8	 x15:0x00000000  x8:0xffe91000 x15=0x0016f000
         780417	     38919	8000a69a	8eb9	c.xor	x13,x14	 x13:0x00000000 x14:0xffeb3a12 x13=0xffeb3a12
         780737	     38935	8000a69c	3402dd73	csrrwi	x26,mscratch,5	 x26=0x00000012
         780757	     38936	8000a6a0	340029f3	csrrs	x19,mscratch,x0	  x0:0x00000000 x19=0x00000005
         780877	     38942	8000a6a4	934e	c.add	x6,x19	  x6:0x0000d000 x19:0x00000005  x6=0x0000d005
         780897	     38943	8000a6a6	8231	c.srli	x12,0xc	 x12:0x0d000000 x12=0x0000d000
         780917	     38944	8000a6a8	0001	c.addi	x0,0	  x0:0x00000000  x0=0x00000000
         781337	     38965	8000a6aa	03e7a6b3	mulhsu	x13,x15,x30	 x15:0x0016f000 x30:0x00000001 x13=0x00000000
         781357	     38966	8000a6ae	00351613	slli	x12,x10,0x3	 x10:0xffeb3a12 x12=0xff59d090
         781377	     38967	8000a6b2	8eb9	c.xor	x13,x14	 x13:0x00000000 x14:0xffeb3a12 x13=0xffeb3a12
         781397	     38968	8000a6b4	036a7663	bgeu	x20,x22,8000a6e0	 x20:0x800229a0 x22:0x00000001
         782397	     39018	8000a6e0	41775ab3	sra	x21,x14,x23	 x14:0xffeb3a12 x23:0x00000001 x21=0xfff59d09
         782417	     39019	8000a6e4	3408f073	csrrci	x0,mscratch,17	  x0=0x00000000
         782457	     39021	8000a6e8	02649ab3	mulh	x21,x9,x6	  x9:0x80026ce4  x6:0x0000d005 x21=0xffff97ff
         782637	     39030	8000a6ec	0d39	c.addi	x26,14	 x26:0x00000012 x26=0x00000020
         782657	     39031	8000a6ee	8f25	c.xor	x14,x9	 x14:0xffeb3a12  x9:0x80026ce4 x14=0x7fe956f6
         782737	     39035	8000a6f0	987d	c.andi	x8,-1	  x8:0xffe91000  x8=0xffe91000
         782937	     39045	8000a6f2	029e81b3	mul	x3,x29,x9	 x29:0xffffffff  x9:0x80026ce4  x3=0x7ffd931c
         782957	     39046	8000a6f6	0001	c.addi	x0,0	  x0:0x00000000  x0=0x00000000
         782977	     39047	8000a6f8	05add263	bge	x27,x26,8000a73c	 x27:0x00000000 x26:0x00000020
         782997	     39048	8000a6fc	9bfd	c.andi	x15,-1	 x15:0x0016f000 x15=0x0016f000
         783017	     39049	8000a6fe	40635713	srai	x14,x6,0x6	  x6:0x0000d005 x14=0x00000340
         783057	     39051	8000a702	01312a33	slt	x20,x2,x19	  x2:0x80000000 x19:0x00000005 x20=0x00000001
         783797	     39088	8000a706	02f26533	rem	x10,x4,x15	  x4:0x00000000 x15:0x0016f000 x10=0x00000000
         783817	     39089	8000a70a	01681393	slli	x7,x16,0x16	 x16:0x00000001  x7=0x00400000
         783837	     39090	8000a70e	03538033	mul	x0,x7,x21	  x7:0x00400000 x21:0xffff97ff  x0=0x00000000
         783937	     39095	8000a712	002b8863	beq	x23,x2,8000a722	 x23:0x00000001  x2:0x80000000
         783957	     39096	8000a716	02b85b63	bge	x16,x11,8000a74c	 x16:0x00000001 x11:0xb6506ced
         784197	     39108	8000a74c	01003eb3	sltu	x29,x0,x16	  x0:0x00000000 x16:0x00000001 x29=0x00000001
         785037	     39150	8000a750	86ed	c.srai	x13,0x1b	 x13:0xffeb3a12 x13=0xffffffff
         785057	     39151	8000a752	0000100f	fence.i	
         785377	     39167	8000a756	9bfd	c.andi	x15,-1	 x15:0x0016f000 x15=0x0016f000
         785397	     39168	8000a758	85f6	c.mv	x11,x29	  x0:0x00000000 x29:0x00000001 x11=0x00000001
         785417	     39169	8000a75a	9aaabc93	sltiu	x25,x21,-1622	 x21:0xffff97ff x25=0x00000001
         785477	     39172	8000a75e	00cb9193	slli	x3,x23,0xc	 x23:0x00000001  x3=0x00001000
         785497	     39173	8000a762	a340bb93	sltiu	x23,x1,-1484	  x1:0x00000000 x23=0x00000001
         785517	     39174	8000a766	9bfd	c.andi	x15,-1	 x15:0x0016f000 x15=0x0016f000
         785557	     39176	8000a768	03c6ec33	rem	x24,x13,x28	 x13:0xffffffff x28:0x00000000 x24=0xffffffff
         785837	     39190	8000a76c	3409b7f3	csrrc	x15,mscratch,x19	 x19:0x00000005 x15=0x00000004
         785857	     39191	8000a770	00a19793	slli	x15,x3,0xa	  x3:0x00001000 x15=0x00400000
         786097	     39203	8000a774	e4880d93	addi	x27,x16,-440	 x16:0x00000001 x27=0xfffffe49
         786137	     39205	8000a778	e1f4a593	slti	x11,x9,-481	  x9:0x80026ce4 x11=0x00000001
         786277	     39212	8000a77c	6da9	c.lui	x27,0xa	 x27=0x0000a000
         786377	     39217	8000a77e	41f8ddb3	sra	x27,x17,x31	 x17:0x000b77ce x31:0x0000000d x27=0x0000005b
         786397	     39218	8000a782	edd2b313	sltiu	x6,x5,-291	  x5:0x80022df8  x6=0x00000001
         786477	     39222	8000a786	34007ef3	csrrci	x29,mscratch,0	 x29=0x00000000
         786497	     39223	8000a78a	01e2c7b3	xor	x15,x5,x30	  x5:0x80022df8 x30:0x00000001 x15=0x80022df9
         786517	     39224	8000a78e	01708763	beq	x1,x23,8000a79c	  x1:0x00000000 x23:0x00000001
         786537	     39225	8000a792	d037e337	lui	x6,0xd037e	  x6=0xd037e000
         786557	     39226	8000a796	8ed5	c.or	x13,x13	 x13:0xffffffff x13:0xffffffff x13=0xffffffff
         786577	     39227	8000a798	004dd513	srli	x10,x27,0x4	 x27:0x0000005b x10=0x00000005
         786717	     39234	8000a79c	02973bb3	mulhu	x23,x14,x9	 x14:0x00000340  x9:0x80026ce4 x23=0x000001a0
         786737	     39235	8000a7a0	ef19	c.bnez	x14,8000a7be	 x14:0x00000340
         787477	     39272	8000a7be	c90d	c.beqz	x10,8000a7f0	 x10:0x00000005
         787497	     39273	8000a7c0	9672	c.add	x12,x28	 x12:0xff59d090 x28:0x00000000 x12=0xff59d090
         787677	     39282	8000a7c2	d6312193	slti	x3,x2,-669	  x2:0x80000000  x3=0x00000001
         787697	     39283	8000a7c6	18ecc513	xori	x10,x25,398	 x25:0x00000001 x10=0x0000018f
         788437	     39320	8000a7ca	0390fb33	remu	x22,x1,x25	  x1:0x00000000 x25:0x00000001 x22=0x00000000
         788457	     39321	8000a7ce	00f5	c.addi	x1,29	  x1:0x00000000  x1=0x0000001d
         788497	     39323	8000a7d0	03cb6b33	rem	x22,x22,x28	 x22:0x00000000 x28:0x00000000 x22=0x00000000
         788517	     39324	8000a7d4	86b1	c.srai	x13,0xc	 x13:0xffffffff x13=0xffffffff
         788537	     39325	8000a7d6	95fe	c.add	x11,x31	 x11:0x00000001 x31:0x0000000d x11=0x0000000e
         788557	     39326	8000a7d8	016b5d33	srl	x26,x22,x22	 x22:0x00000000 x22:0x00000000 x26=0x00000000
         788577	     39327	8000a7dc	023e7213	andi	x4,x28,35	 x28:0x00000000  x4=0x00000000
         788597	     39328	8000a7e0	240f7a93	andi	x21,x30,576	 x30:0x00000001 x21=0x00000000
         789337	     39365	8000a7e4	02d95533	divu	x10,x18,x13	 x18:0x0d000000 x13:0xffffffff x10=0x00000000
         790077	     39402	8000a7e8	02794cb3	div	x25,x18,x7	 x18:0x0d000000  x7:0x00400000 x25=0x00000034
         790097	     39403	8000a7ec	00ef1993	slli	x19,x30,0xe	 x30:0x00000001 x19=0x00004000
         790117	     39404	8000a7f0	1d7d	c.addi	x26,-1	 x26:0x00000000 x26=0xffffffff
         790157	     39406	8000a7f2	025c35b3	mulhu	x11,x24,x5	 x24:0xffffffff  x5:0x80022df8 x11=0x80022df7
         790177	     39407	8000a7f6	51f28d93	addi	x27,x5,1311	  x5:0x80022df8 x27=0x80023317
         790197	     39408	8000a7fa	013f7963	bgeu	x30,x19,8000a80c	 x30:0x00000001 x19:0x00004000
         790417	     39419	8000a7fe	414dd8b3	sra	x17,x27,x20	 x27:0x80023317 x20:0x00000001 x17=0xc001198b
         790437	     39420	8000a802	8d95	c.sub	x11,x13	 x11:0x80022df7 x13:0xffffffff x11=0x80022df8
         790457	     39421	8000a804	340d70f3	csrrci	x1,mscratch,26	  x1=0x00000000
         790637	     39430	8000a808	01b2a5b3	slt	x11,x5,x27	  x5:0x80022df8 x27:0x80023317 x11=0x00000001
         791057	     39451	8000a80c	0ff0000f	fence	iorw,iorw	
         791077	     39452	8000a810	027ffe63	bgeu	x31,x7,8000a84c	 x31:0x0000000d  x7:0x00400000
         791177	     39457	8000a814	3408fa73	csrrci	x20,mscratch,17	 x20=0x00000000
         791197	     39458	8000a818	00d3db93	srli	x23,x7,0xd	  x7:0x00400000 x23=0x00000200
         791217	     39459	8000a81c	02351463	bne	x10,x3,8000a844	 x10:0x00000000  x3:0x00000001
         792117	     39504	8000a844	0001	c.addi	x0,0	  x0:0x00000000  x0=0x00000000
         792557	     39526	8000a846	015f9e93	slli	x29,x31,0x15	 x31:0x0000000d x29=0x01a00000
         792577	     39527	8000a84a	9a2a	c.add	x20,x10	 x20:0x00000000 x10:0x00000000 x20=0x00000000
         793317	     39564	8000a84c	028ecfb3	div	x31,x29,x8	 x29:0x01a00000  x8:0xffe91000 x31=0xffffffee
         793337	     39565	8000a850	0000100f	fence.i	
         793837	     39590	8000a854	03c7cc63	blt	x15,x28,8000a88c	 x15:0x80022df9 x28:0x00000000
         794177	     39607	8000a88c	4033d333	sra	x6,x7,x3	  x7:0x00400000  x3:0x00000001  x6=0x00200000
         794577	     39627	8000a890	0047e5b3	or	x11,x15,x4	 x15:0x80022df9  x4:0x00000000 x11=0x80022df9
         794597	     39628	8000a894	8f21	c.xor	x14,x8	 x14:0x00000340  x8:0xffe91000 x14=0xffe91340
         794617	     39629	8000a896	197d	c.addi	x18,-1	 x18:0x0d000000 x18=0x0cffffff
         794757	     39636	8000a898	8d05	c.sub	x10,x9	 x10:0x00000000  x9:0x80026ce4 x10=0x7ffd931c
         794777	     39637	8000a89a	8e2d	c.xor	x12,x11	 x12:0xff59d090 x11:0x80022df9 x12=0x7f5bfd69
         794797	     39638	8000a89c	d1ffcf13	xori	x30,x31,-737	 x31:0xffffffee x30=0x000002f1
         794837	     39640	8000a8a0	417adc13	srai	x24,x21,0x17	 x21:0x00000000 x24=0x00000000
         795037	     39650	8000a8a4	34062af3	csrrs	x21,mscratch,x12	 x12:0x7f5bfd69 x21=0x00000000
         795197	     39658	8000a8a8	020847b3	div	x15,x16,x0	 x16:0x00000001  x0:0x00000000 x15=0xffffffff
         795217	     39659	8000a8ac	0001	c.addi	x0,0	  x0:0x00000000  x0=0x00000000
         795237	     39660	8000a8ae	4184d013	srai	x0,x9,0x18	  x9:0x80026ce4  x0=0x00000000
         795277	     39662	8000a8b2	4071d933	sra	x18,x3,x7	  x3:0x00000001  x7:0x00400000 x18=0x00000001
         795297	     39663	8000a8b6	05537063	bgeu	x6,x21,8000a8f6	  x6:0x00200000 x21:0x00000000
         795777	     39687	8000a8f6	2a6ec893	xori	x17,x29,678	 x29:0x01a00000 x17=0x01a002a6
         795797	     39688	8000a8fa	8ae5	c.andi	x13,25	 x13:0xffffffff x13=0x00000019
         795817	     39689	8000a8fc	5afd	c.li	x21,-1	 x21=0xffffffff
         795837	     39690	8000a8fe	c77daf93	slti	x31,x27,-905	 x27:0x80023317 x31=0x00000001
         796877	     39742	8000a902	033d5e33	divu	x28,x26,x19	 x26:0xffffffff x19:0x00004000 x28=0x0003ffff
         796897	     39743	8000a906	00618233	add	x4,x3,x6	  x3:0x00000001  x6:0x00200000  x4=0x00200001
         796917	     39744	8000a90a	8de9	c.and	x11,x10	 x11:0x80022df9 x10:0x7ffd931c x11=0x00000118
         796937	     39745	8000a90c	03611463	bne	x2,x22,8000a934	  x2:0x80000000 x22:0x00000000
         797277	     39762	8000a934	006327b3	slt	x15,x6,x6	  x6:0x00200000  x6:0x00200000 x15=0x00000000
         797297	     39763	8000a938	00221b33	sll	x22,x4,x2	  x4:0x00200001  x2:0x80000000 x22=0x00200001
         797317	     39764	8000a93c	340fb8f3	csrrc	x17,mscratch,x31	 x31:0x00000001 x17=0x7f5bfd69
         797397	     39768	8000a940	0001	c.addi	x0,0	  x0:0x00000000  x0=0x00000000
         797417	     39769	8000a942	340c5df3	csrrwi	x27,mscratch,24	 x27=0x7f5bfd68
         797437	     39770	8000a946	403c5f13	srai	x30,x24,0x3	 x24:0x00000000 x30=0x00000000
         797517	     39774	8000a94a	340028f3	csrrs	x17,mscratch,x0	  x0:0x00000000 x17=0x00000018
         797617	     39779	8000a94e	0000100f	fence.i	
         798037	     39800	8000a952	2c4f7613	andi	x12,x30,708	 x30:0x00000000 x12=0x00000000
         798057	     39801	8000a956	34002ef3	csrrs	x29,mscratch,x0	  x0:0x00000000 x29=0x00000018
         798337	     39815	8000a95a	5365c593	xori	x11,x11,1334	 x11:0x00000118 x11=0x0000042e
         798357	     39816	8000a95e	e019	c.bnez	x8,8000a964	  x8:0xffe91000
         798597	     39828	8000a964	88d2	c.mv	x17,x20	  x0:0x00000000 x20:0x00000000 x17=0x00000000
         798657	     39831	8000a966	40d85913	srai	x18,x16,0xd	 x16:0x00000001 x18=0x00000000
         798677	     39832	8000a96a	017e0f63	beq	x28,x23,8000a988	 x28:0x0003ffff x23:0x00000200
         798697	     39833	8000a96e	8f11	c.sub	x14,x12	 x14:0xffe91340 x12:0x00000000 x14=0xffe91340
         798857	     39841	8000a970	0001	c.addi	x0,0	  x0:0x00000000  x0=0x00000000
         798877	     39842	8000a972	000e6cb3	or	x25,x28,x0	 x28:0x0003ffff  x0:0x00000000 x25=0x0003ffff
         798897	     39843	8000a976	8552	c.mv	x10,x20	  x0:0x00000000 x20:0x00000000 x10=0x00000000
         799097	     39853	8000a978	edbd7897	auipc	x17,0xedbd7	 x17=0x6dbe1978
         799117	     39854	8000a97c	8c01	c.sub	x8,x8	  x8:0xffe91000  x8:0xffe91000  x8=0x00000000
         799137	     39855	8000a97e	01508333	add	x6,x1,x21	  x1:0x00000000 x21:0xffffffff  x6=0xffffffff
         799157	     39856	8000a982	0646	c.slli	x12,0x11	 x12:0x00000000 x12=0x00000000
         799277	     39862	8000a984	0ff0000f	fence	iorw,iorw	
         799697	     39883	8000a988	340029f3	csrrs	x19,mscratch,x0	  x0:0x00000000 x19=0x00000018
         799797	     39888	8000a98c	34016e73	csrrsi	x28,mscratch,2	 x28=0x00000018
         799817	     39889	8000a990	402dda33	sra	x20,x27,x2	 x27:0x7f5bfd68  x2:0x80000000 x20=0x7f5bfd68
         799837	     39890	8000a994	01cd1e93	slli	x29,x26,0x1c	 x26:0xffffffff x29=0xf0000000
         800037	     39900	8000a998	e999	c.bnez	x11,8000a9ae	 x11:0x0000042e
         800997	     39948	8000a9ae	0001	c.addi	x0,0	  x0:0x00000000  x0=0x00000000
         801277	     39962	8000a9b0	34031773	csrrw	x14,mscratch,x6	  x6:0xffffffff x14=0x0000001a
         801357	     39966	8000a9b4	41835d33	sra	x26,x6,x24	  x6:0xffffffff x24:0x00000000 x26=0xffffffff
         801437	     39970	8000a9b8	340d11f3	csrrw	x3,mscratch,x26	 x26:0xffffffff  x3=0xffffffff
         801457	     39971	8000a9bc	0000100f	fence.i	
         816597	     40728	8000a9c0	002f4e63	blt	x30,x2,8000a9dc	 x30:0x00000000  x2:0x80000000
         816617	     40729	8000a9c4	4092d813	srai	x16,x5,0x9	  x5:0x80022df8 x16=0xffc00116
         816637	     40730	8000a9c8	0001	c.addi	x0,0	  x0:0x00000000  x0=0x00000000
         816657	     40731	8000a9ca	34007773	csrrci	x14,mscratch,0	 x14=0xffffffff
         816677	     40732	8000a9ce	00cef8b3	and	x17,x29,x12	 x29:0xf0000000 x12:0x00000000 x17=0x00000000
         816697	     40733	8000a9d2	8c11	c.sub	x8,x12	  x8:0x00000000 x12:0x00000000  x8=0x00000000
         816737	     40735	8000a9d4	0253abb3	mulhsu	x23,x7,x5	  x7:0x00400000  x5:0x80022df8 x23=0x0020008b
         816757	     40736	8000a9d8	77d08213	addi	x4,x1,1917	  x1:0x00000000  x4=0x0000077d
         816777	     40737	8000a9dc	8c8a7a93	andi	x21,x20,-1848	 x20:0x7f5bfd68 x21=0x7f5bf848
         816797	     40738	8000a9e0	0014eeb3	or	x29,x9,x1	  x9:0x80026ce4  x1:0x00000000 x29=0x80026ce4
         817157	     40756	8000a9e4	863e3893	sltiu	x17,x28,-1949	 x28:0x00000018 x17=0x00000001
         817177	     40757	8000a9e8	01b56f63	bltu	x10,x27,8000aa06	 x10:0x00000000 x27:0x7f5bfd68
         817397	     40768	8000aa06	070eb913	sltiu	x18,x29,112	 x29:0x80026ce4 x18=0x00000000
         817417	     40769	8000aa0a	e785	c.bnez	x15,8000aa32	 x15:0x00000000
         817477	     40772	8000aa0c	8ed1	c.or	x13,x12	 x13:0x00000019 x12:0x00000000 x13=0x00000019
         818277	     40812	8000aa0e	02e25db3	divu	x27,x4,x14	  x4:0x0000077d x14:0xffffffff x27=0x00000000
         818297	     40813	8000aa12	0f7d	c.addi	x30,31	 x30:0x00000000 x30=0x0000001f
         818317	     40814	8000aa14	010de663	bltu	x27,x16,8000aa20	 x27:0x00000000 x16:0xffc00116
         818357	     40816	8000aa20	f5148b13	addi	x22,x9,-175	  x9:0x80026ce4 x22=0x80026c35
         818377	     40817	8000aa24	8aab6413	ori	x8,x22,-1878	 x22:0x80026c35  x8=0xfffffcbf
         818757	     40836	8000aa28	9fca	c.add	x31,x18	 x31:0x00000001 x18:0x00000000 x31=0x00000001
         818777	     40837	8000aa2a	01d7cb33	xor	x22,x15,x29	 x15:0x00000000 x29:0x80026ce4 x22=0x80026ce4
         818817	     40839	8000aa2e	03d1bbb3	mulhu	x23,x3,x29	  x3:0xffffffff x29:0x80026ce4 x23=0x80026ce3
         818997	     40848	8000aa32	0394c163	blt	x9,x25,8000aa54	  x9:0x80026ce4 x25:0x0003ffff
         819797	     40888	8000aa54	34081c73	csrrw	x24,mscratch,x16	 x16:0xffc00116 x24=0xffffffff
         819837	     40890	8000aa58	52ab3313	sltiu	x6,x22,1322	 x22:0x80026ce4  x6=0x00000000
         820257	     40911	8000aa5c	035515b3	mulh	x11,x10,x21	 x10:0x00000000 x21:0x7f5bf848 x11=0x00000000
         820337	     40915	8000aa60	34003df3	csrrc	x27,mscratch,x0	  x0:0x00000000 x27=0xffc00116
         820357	     40916	8000aa64	0027a1b3	slt	x3,x15,x2	 x15:0x00000000  x2:0x80000000  x3=0x00000000
         820377	     40917	8000aa68	00f30733	add	x14,x6,x15	  x6:0x00000000 x15:0x00000000 x14=0x00000000
         821117	     40954	8000aa6c	038a55b3	divu	x11,x20,x24	 x20:0x7f5bfd68 x24:0xffffffff x11=0x00000000
         821137	     40955	8000aa70	a4930837	lui	x16,0xa4930	 x16=0xa4930000
         821157	     40956	8000aa74	98ee	c.add	x17,x27	 x17:0x00000001 x27:0xffc00116 x17=0xffc00117
         821177	     40957	8000aa76	7bbd81b7	lui	x3,0x7bbd8	  x3=0x7bbd8000
         821197	     40958	8000aa7a	34006373	csrrsi	x6,mscratch,0	  x6=0xffc00116
         821217	     40959	8000aa7e	1ecdf913	andi	x18,x27,492	 x27:0xffc00116 x18=0x00000104
         821237	     40960	8000aa82	340db373	csrrc	x6,mscratch,x27	 x27:0xffc00116  x6=0xffc00116
         821277	     40962	8000aa86	000607b3	add	x15,x12,x0	 x12:0x00000000  x0:0x00000000 x15=0x00000000
         821297	     40963	8000aa8a	990a	c.add	x18,x2	 x18:0x00000104  x2:0x80000000 x18=0x80000104
         821497	     40973	8000aa8c	34006bf3	csrrsi	x23,mscratch,0	 x23=0x00000000
         821697	     40983	8000aa90	471fe813	ori	x16,x31,1137	 x31:0x00000001 x16=0x00000471
         821717	     40984	8000aa94	40b03617	auipc	x12,0x40b03	 x12=0xc0b0da94
         821737	     40985	8000aa98	0000100f	fence.i	
         821897	     40993	8000aa9c	0001	c.addi	x0,0	  x0:0x00000000  x0=0x00000000
         822317	     41014	8000aa9e	3407dc73	csrrwi	x24,mscratch,15	 x24=0x00000000
         822337	     41015	8000aaa2	e1bfb693	sltiu	x13,x31,-485	 x31:0x00000001 x13=0x00000001
         822357	     41016	8000aaa6	c019	c.beqz	x8,8000aaac	  x8:0xfffffcbf
         822377	     41017	8000aaa8	014d13b3	sll	x7,x26,x20	 x26:0xffffffff x20:0x7f5bfd68  x7=0xffffff00
         823297	     41063	8000aaac	022fc8b3	div	x17,x31,x2	 x31:0x00000001  x2:0x80000000 x17=0x00000000
         823337	     41065	8000aab0	02b5beb3	mulhu	x29,x11,x11	 x11:0x00000000 x11:0x00000000 x29=0x00000000
         823357	     41066	8000aab4	81c1	c.srli	x11,0x10	 x11:0x00000000 x11=0x00000000
         823377	     41067	8000aab6	34007ff3	csrrci	x31,mscratch,0	 x31=0x0000000f
         823397	     41068	8000aaba	698d	c.lui	x19,0x3	 x19=0x00003000
         823417	     41069	8000aabc	418f00b3	sub	x1,x30,x24	 x30:0x0000001f x24:0x00000000  x1=0x0000001f
         823437	     41070	8000aac0	8ec5	c.or	x13,x9	 x13:0x00000001  x9:0x80026ce4 x13=0x80026ce5
         823477	     41072	8000aac2	0312dbb3	divu	x23,x5,x17	  x5:0x80022df8 x17:0x00000000 x23=0xffffffff
         823857	     41091	8000aac6	03f5b333	mulhu	x6,x11,x31	 x11:0x00000000 x31:0x0000000f  x6=0x00000000
         823877	     41092	8000aaca	e5cd8313	addi	x6,x27,-420	 x27:0xffc00116  x6=0xffbfff72
         823897	     41093	8000aace	87c9	c.srai	x15,0x12	 x15:0x00000000 x15=0x00000000
         823917	     41094	8000aad0	3405ac73	csrrs	x24,mscratch,x11	 x11:0x00000000 x24=0x0000000f
         823937	     41095	8000aad4	340433f3	csrrc	x7,mscratch,x8	  x8:0xfffffcbf  x7=0x0000000f
         823977	     41097	8000aad8	00990463	beq	x18,x9,8000aae0	 x18:0x80000104  x9:0x80026ce4
         824197	     41108	8000aadc	2c6f7e93	andi	x29,x30,710	 x30:0x0000001f x29=0x00000006
         824217	     41109	8000aae0	03decd63	blt	x29,x29,8000ab1a	 x29:0x00000006 x29:0x00000006
         824637	     41130	8000aae4	3405fbf3	csrrci	x23,mscratch,11	 x23=0x00000000
         824897	     41143	8000aae8	02bbb733	mulhu	x14,x23,x11	 x23:0x00000000 x11:0x00000000 x14=0x00000000
         825017	     41149	8000aaec	07d6	c.slli	x15,0x15	 x15:0x00000000 x15=0x00000000
         825137	     41155	8000aaee	60490817	auipc	x16,0x60490	 x16=0xe049aaee
         825437	     41170	8000aaf2	00ca5c13	srli	x24,x20,0xc	 x20:0x7f5bfd68 x24=0x0007f5bf
         825457	     41171	8000aaf6	8f81	c.sub	x15,x8	 x15:0x00000000  x8:0xfffffcbf x15=0x00000341
         825477	     41172	8000aaf8	0014e533	or	x10,x9,x1	  x9:0x80026ce4  x1:0x0000001f x10=0x80026cff
         825517	     41174	8000aafc	02231233	mulh	x4,x6,x2	  x6:0xffbfff72  x2:0x80000000  x4=0x00200047
         825657	     41181	8000ab00	997d	c.andi	x10,-1	 x10:0x80026cff x10=0x80026cff
         825677	     41182	8000ab02	0000100f	fence.i	
         826777	     41237	8000ab06	34099c73	csrrw	x24,mscratch,x19	 x19:0x00003000 x24=0x00000000
         827197	     41258	8000ab0a	005c6463	bltu	x24,x5,8000ab12	 x24:0x00000000  x5:0x80022df8
         827597	     41278	8000ab12	844e	c.mv	x8,x19	  x0:0x00000000 x19:0x00003000  x8=0x00003000
         827777	     41287	8000ab14	8691	c.srai	x13,0x4	 x13:0x80026ce5 x13=0xf80026ce
         827977	     41297	8000ab16	0ff0000f	fence	iorw,iorw	
         828017	     41299	8000ab1a	85e86a37	lui	x20,0x85e86	 x20=0x85e86000
         828037	     41300	8000ab1e	29ea5417	auipc	x8,0x29ea5	  x8=0xa9eafb1e
         828057	     41301	8000ab22	91d6	c.add	x3,x21	  x3:0x7bbd8000 x21:0x7f5bf848  x3=0xfb197848
         828097	     41303	8000ab24	020c9a33	mulh	x20,x25,x0	 x25:0x0003ffff  x0:0x00000000 x20=0x00000000
         828117	     41304	8000ab28	00501763	bne	x0,x5,8000ab36	  x0:0x00000000  x5:0x80022df8
         828957	     41346	8000ab36	020f37b3	mulhu	x15,x30,x0	 x30:0x0000001f  x0:0x00000000 x15=0x00000000
         829277	     41362	8000ab3a	227fef97	auipc	x31,0x227fe	 x31=0xa2808b3a
         829537	     41375	8000ab3e	02f6a833	mulhsu	x16,x13,x15	 x13:0xf80026ce x15:0x00000000 x16=0x00000000
         829557	     41376	8000ab42	8c7d	c.and	x8,x15	  x8:0xa9eafb1e x15:0x00000000  x8=0x00000000
         829617	     41379	8000ab44	05de	c.slli	x11,0x17	 x11:0x00000000 x11=0x00000000
         829637	     41380	8000ab46	82a9	c.srli	x13,0xa	 x13:0xf80026ce x13=0x003e0009
         829657	     41381	8000ab48	0000100f	fence.i	
         830397	     41418	8000ab4c	00ac9b33	sll	x22,x25,x10	 x25:0x0003ffff x10:0x80026cff x22=0x80000000
         830417	     41419	8000ab50	08270737	lui	x14,0x8270	 x14=0x08270000
         830437	     41420	8000ab54	8c4d	c.or	x8,x11	  x8:0x00000000 x11:0x00000000  x8=0x00000000
         830457	     41421	8000ab56	00f6	c.slli	x1,0x1d	  x1:0x0000001f  x1=0xe0000000
         830477	     41422	8000ab58	01a55913	srli	x18,x10,0x1a	 x10:0x80026cff x18=0x00000020
         830497	     41423	8000ab5c	00172013	slti	x0,x14,1	 x14:0x08270000  x0=0x00000000
         830517	     41424	8000ab60	74707e13	andi	x28,x0,1863	  x0:0x00000000 x28=0x00000000
         830737	     41435	8000ab64	3402fe73	csrrci	x28,mscratch,5	 x28=0x00003000
         830997	     41448	8000ab68	02b71363	bne	x14,x11,8000ab8e	 x14:0x08270000 x11:0x00000000
         832097	     41503	8000ab8e	00e35933	srl	x18,x6,x14	  x6:0xffbfff72 x14:0x08270000 x18=0xffbfff72
         832117	     41504	8000ab92	876d	c.srai	x14,0x1b	 x14:0x08270000 x14=0x00000001
         832197	     41508	8000ab94	1bb11217	auipc	x4,0x1bb11	  x4=0x9bb1bb94
         832437	     41520	8000ab98	340e7373	csrrci	x6,mscratch,28	  x6=0x00003000
         832517	     41524	8000ab9c	028f2593	slti	x11,x30,40	 x30:0x0000001f x11=0x00000001
         832537	     41525	8000aba0	e1370093	addi	x1,x14,-493	 x14:0x00000001  x1=0xfffffe14
         832577	     41527	8000aba4	03b697b3	mulh	x15,x13,x27	 x13:0x003e0009 x27:0xffc00116 x15=0xfffff080
         832597	     41528	8000aba8	0ff0000f	fence	iorw,iorw	
         832737	     41535	8000abac	8eed	c.and	x13,x11	 x13:0x003e0009 x11:0x00000001 x13=0x00000001
         832837	     41540	8000abae	020c7063	bgeu	x24,x0,8000abce	 x24:0x00000000  x0:0x00000000
         832997	     41548	8000abce	032c05b3	mul	x11,x24,x18	 x24:0x00000000 x18:0xffbfff72 x11=0x00000000
         833017	     41549	8000abd2	8a5a	c.mv	x20,x22	  x0:0x00000000 x22:0x80000000 x20=0x80000000
         833057	     41551	8000abd4	01d0d613	srli	x12,x1,0x1d	  x1:0xfffffe14 x12=0x00000007
         833097	     41553	8000abd8	340b78f3	csrrci	x17,mscratch,22	 x17=0x00003000
         833357	     41566	8000abdc	40f7d0b3	sra	x1,x15,x15	 x15:0xfffff080 x15:0xfffff080  x1=0xfffff080
         833377	     41567	8000abe0	0ff0000f	fence	iorw,iorw	
         833397	     41568	8000abe4	0001	c.addi	x0,0	  x0:0x00000000  x0=0x00000000
         833417	     41569	8000abe6	00d9da63	bge	x19,x13,8000abfa	 x19:0x00003000 x13:0x00000001
         833717	     41584	8000abfa	02840533	mul	x10,x8,x8	  x8:0x00000000  x8:0x00000000 x10=0x00000000
         833737	     41585	8000abfe	3403d373	csrrwi	x6,mscratch,7	  x6=0x00003000
         833757	     41586	8000ac02	01b75e13	srli	x28,x14,0x1b	 x14:0x00000001 x28=0x00000000
         833937	     41595	8000ac06	03a1b933	mulhu	x18,x3,x26	  x3:0xfb197848 x26:0xffffffff x18=0xfb197847
         833957	     41596	8000ac0a	01988fb3	add	x31,x17,x25	 x17:0x00003000 x25:0x0003ffff x31=0x00042fff
         833977	     41597	8000ac0e	00ce	c.slli	x1,0x13	  x1:0xfffff080  x1=0x84000000
         834077	     41602	8000ac10	3d947693	andi	x13,x8,985	  x8:0x00000000 x13=0x00000000
         834097	     41603	8000ac14	0000100f	fence.i	
         834497	     41623	8000ac18	007f9733	sll	x14,x31,x7	 x31:0x00042fff  x7:0x0000000f x14=0x17ff8000
         834697	     41633	8000ac1c	2e24c593	xori	x11,x9,738	  x9:0x80026ce4 x11=0x80026e06
         834717	     41634	8000ac20	0ff0000f	fence	iorw,iorw	
         834897	     41643	8000ac24	039b8833	mul	x16,x23,x25	 x23:0x00000000 x25:0x0003ffff x16=0x00000000
         834917	     41644	8000ac28	402c8333	sub	x6,x25,x2	 x25:0x0003ffff  x2:0x80000000  x6=0x8003ffff
         834937	     41645	8000ac2c	c109	c.beqz	x10,8000ac2e	 x10:0x00000000
         835197	     41658	8000ac2e	d75b0013	addi	x0,x22,-651	 x22:0x80000000  x0=0x00000000
         835217	     41659	8000ac32	8cca	c.mv	x25,x18	  x0:0x00000000 x18:0xfb197847 x25=0xfb197847
         835237	     41660	8000ac34	0001	c.addi	x0,0	  x0:0x00000000  x0=0x00000000
         835337	     41665	8000ac36	019691b3	sll	x3,x13,x25	 x13:0x00000000 x25:0xfb197847  x3=0x00000000
         835517	     41674	8000ac3a	00e1f8b3	and	x17,x3,x14	  x3:0x00000000 x14:0x17ff8000 x17=0x00000000
         835537	     41675	8000ac3e	0015b1b3	sltu	x3,x11,x1	 x11:0x80026e06  x1:0x84000000  x3=0x00000001
         835557	     41676	8000ac42	973a	c.add	x14,x14	 x14:0x17ff8000 x14:0x17ff8000 x14=0x2fff0000
         835737	     41685	8000ac44	3408aef3	csrrs	x29,mscratch,x17	 x17:0x00000000 x29=0x00000007
         835757	     41686	8000ac48	34002af3	csrrs	x21,mscratch,x0	  x0:0x00000000 x21=0x00000007
         835777	     41687	8000ac4c	8ffd	c.and	x15,x15	 x15:0xfffff080 x15:0xfffff080 x15=0xfffff080
         835797	     41688	8000ac4e	0ebe	c.slli	x29,0xf	 x29:0x00000007 x29=0x00038000
         835817	     41689	8000ac50	405e5093	srai	x1,x28,0x5	 x28:0x00000000  x1=0x00000000
         835937	     41695	8000ac54	34075df3	csrrwi	x27,mscratch,14	 x27=0x00000007
         836077	     41702	8000ac58	40db0a33	sub	x20,x22,x13	 x22:0x80000000 x13:0x00000000 x20=0x80000000
         836197	     41708	8000ac5c	34003bf3	csrrc	x23,mscratch,x0	  x0:0x00000000 x23=0x0000000e
         836297	     41713	8000ac60	03a93d33	mulhu	x26,x18,x26	 x18:0xfb197847 x26:0xffffffff x26=0xfb197846
         836337	     41715	8000ac64	021a7e33	remu	x28,x20,x1	 x20:0x80000000  x1:0x00000000 x28=0x80000000
         837217	     41759	8000ac68	02974a33	div	x20,x14,x9	 x14:0x2fff0000  x9:0x80026ce4 x20=0x00000000
         837237	     41760	8000ac6c	34002073	csrrs	x0,mscratch,x0	  x0:0x00000000  x0=0x00000000
         837257	     41761	8000ac70	0ff0000f	fence	iorw,iorw	
         837277	     41762	8000ac74	77aa0a93	addi	x21,x20,1914	 x20:0x00000000 x21=0x0000077a
         837297	     41763	8000ac78	8c1d	c.sub	x8,x15	  x8:0x00000000 x15:0xfffff080  x8=0x00000f80
         837317	     41764	8000ac7a	0000100f	fence.i	
         837617	     41779	8000ac7e	01833b13	sltiu	x22,x6,24	  x6:0x8003ffff x22=0x00000000
         837637	     41780	8000ac82	057a1563	bne	x20,x23,8000accc	 x20:0x00000000 x23:0x0000000e
         838597	     41828	8000accc	8955	c.andi	x10,21	 x10:0x00000000 x10=0x00000000
         838897	     41843	8000acce	017d7a33	and	x20,x26,x23	 x26:0xfb197846 x23:0x0000000e x20=0x00000006
         838997	     41848	8000acd2	cd0ef613	andi	x12,x29,-816	 x29:0x00038000 x12=0x00038000
         839017	     41849	8000acd6	b7df9317	auipc	x6,0xb7df9	  x6=0x37e03cd6
         839037	     41850	8000acda	e8aaab13	slti	x22,x21,-374	 x21:0x0000077a x22=0x00000000
         839277	     41862	8000acde	059e9063	bne	x29,x25,8000ad1e	 x29:0x00038000 x25:0xfb197847
         845957	     42196	8000ad1e	34095d73	csrrwi	x26,mscratch,18	 x26=0x0000000e
         845977	     42197	8000ad22	34006bf3	csrrsi	x23,mscratch,0	 x23=0x00000012
         846717	     42234	8000ad26	028fc833	div	x16,x31,x8	 x31:0x00042fff  x8:0x00000f80 x16=0x00000045
         846737	     42235	8000ad2a	4090dd33	sra	x26,x1,x9	  x1:0x00000000  x9:0x80026ce4 x26=0x00000000
         846757	     42236	8000ad2e	340036f3	csrrc	x13,mscratch,x0	  x0:0x00000000 x13=0x00000012
         846777	     42237	8000ad32	45590513	addi	x10,x18,1109	 x18:0xfb197847 x10=0xfb197c9c
         846797	     42238	8000ad36	833a	c.mv	x6,x14	  x0:0x00000000 x14:0x2fff0000  x6=0x2fff0000
         846817	     42239	8000ad38	8837a813	slti	x16,x15,-1917	 x15:0xfffff080 x16=0x00000001
         846837	     42240	8000ad3c	7f7c7793	andi	x15,x24,2039	 x24:0x00000000 x15=0x00000000
         847037	     42250	8000ad40	0ff0000f	fence	iorw,iorw	
         847157	     42256	8000ad44	027c87b3	mul	x15,x25,x7	 x25:0xfb197847  x7:0x0000000f x15=0xb67e0c29
         847177	     42257	8000ad48	803d	c.srli	x8,0xf	  x8:0x00000f80  x8=0x00000000
         847197	     42258	8000ad4a	8c01	c.sub	x8,x8	  x8:0x00000000  x8:0x00000000  x8=0x00000000
         847217	     42259	8000ad4c	01a36f33	or	x30,x6,x26	  x6:0x2fff0000 x26:0x00000000 x30=0x2fff0000
         847617	     42279	8000ad50	0100b1b3	sltu	x3,x1,x16	  x1:0x00000000 x16:0x00000001  x3=0x00000001
         847797	     42288	8000ad54	34086c73	csrrsi	x24,mscratch,16	 x24=0x00000012
         847857	     42291	8000ad58	001865b3	or	x11,x16,x1	 x16:0x00000001  x1:0x00000000 x11=0x00000001
         848277	     42312	8000ad5c	9722	c.add	x14,x8	 x14:0x2fff0000  x8:0x00000000 x14=0x2fff0000
         848297	     42313	8000ad5e	e511	c.bnez	x10,8000ad6a	 x10:0xfb197c9c
         848957	     42346	8000ad6a	8dc9	c.or	x11,x10	 x11:0x00000001 x10:0xfb197c9c x11=0xfb197c9d
         848977	     42347	8000ad6c	340d5ef3	csrrwi	x29,mscratch,26	 x29=0x00000012
         849137	     42355	8000ad70	34062ef3	csrrs	x29,mscratch,x12	 x12:0x00038000 x29=0x0000001a
         849277	     42362	8000ad74	01a52db3	slt	x27,x10,x26	 x10:0xfb197c9c x26:0x00000000 x27=0x00000001
         849297	     42363	8000ad78	099a	c.slli	x19,0x6	 x19:0x00003000 x19=0x000c0000
         849317	     42364	8000ad7a	340bdbf3	csrrwi	x23,mscratch,23	 x23=0x0003801a
         849737	     42385	8000ad7e	414a8433	sub	x8,x21,x20	 x21:0x0000077a x20:0x00000006  x8=0x00000774
         849757	     42386	8000ad82	015f0563	beq	x30,x21,8000ad8c	 x30:0x2fff0000 x21:0x0000077a
         849777	     42387	8000ad86	5a7d	c.li	x20,-1	 x20=0xffffffff
         849797	     42388	8000ad88	0000100f	fence.i	
         850357	     42416	8000ad8c	8fe5	c.and	x15,x9	 x15:0xb67e0c29  x9:0x80026ce4 x15=0x80020c20
         850777	     42437	8000ad8e	47653997	auipc	x19,0x47653	 x19=0xc765dd8e
         850797	     42438	8000ad92	7f0d27b7	lui	x15,0x7f0d2	 x15=0x7f0d2000
         850817	     42439	8000ad96	4de9	c.li	x27,26	 x27=0x0000001a
         850837	     42440	8000ad98	01f88033	add	x0,x17,x31	 x17:0x00000000 x31:0x00042fff  x0=0x00000000
         850917	     42444	8000ad9c	ccf74893	xori	x17,x14,-817	 x14:0x2fff0000 x17=0xd000fccf
         850997	     42448	8000ada0	0009f833	and	x16,x19,x0	 x19:0xc765dd8e  x0:0x00000000 x16=0x00000000
         851077	     42452	8000ada4	6515	c.lui	x10,0x5	 x10=0x00005000
         851097	     42453	8000ada6	8d29	c.xor	x10,x10	 x10:0x00005000 x10:0x00005000 x10=0x00000000
         851217	     42459	8000ada8	018df8b3	and	x17,x27,x24	 x27:0x0000001a x24:0x00000012 x17=0x00000012
         851257	     42461	8000adac	03a6acb3	mulhsu	x25,x13,x26	 x13:0x00000012 x26:0x00000000 x25=0x00000000
         851277	     42462	8000adb0	0001	c.addi	x0,0	  x0:0x00000000  x0=0x00000000
         851317	     42464	8000adb2	0347a9b3	mulhsu	x19,x15,x20	 x15:0x7f0d2000 x20:0xffffffff x19=0x7f0d1fff
         851357	     42466	8000adb6	030e6533	rem	x10,x28,x16	 x28:0x80000000 x16:0x00000000 x10=0x80000000
         851377	     42467	8000adba	01f20cb3	add	x25,x4,x31	  x4:0x9bb1bb94 x31:0x00042fff x25=0x9bb5eb93
         851397	     42468	8000adbe	6af1	c.lui	x21,0x1c	 x21=0x0001c000
         851417	     42469	8000adc0	8db1	c.xor	x11,x12	 x11:0xfb197c9d x12:0x00038000 x11=0xfb1afc9d
         851437	     42470	8000adc2	ee09	c.bnez	x12,8000addc	 x12:0x00038000
         852277	     42512	8000addc	8221	c.srli	x12,0x8	 x12:0x00038000 x12=0x00000380
         852297	     42513	8000adde	8605	c.srai	x12,0x1	 x12:0x00000380 x12=0x000001c0
         852317	     42514	8000ade0	0001	c.addi	x0,0	  x0:0x00000000  x0=0x00000000
         852337	     42515	8000ade2	058d	c.addi	x11,3	 x11:0xfb1afc9d x11=0xfb1afca0
         852677	     42532	8000ade4	89f2	c.mv	x19,x28	  x0:0x00000000 x28:0x80000000 x19=0x80000000
         852837	     42540	8000ade6	00f193b3	sll	x7,x3,x15	  x3:0x00000001 x15:0x7f0d2000  x7=0x00000001
         852857	     42541	8000adea	01b345b3	xor	x11,x6,x27	  x6:0x2fff0000 x27:0x0000001a x11=0x2fff001a
         852877	     42542	8000adee	00b3a233	slt	x4,x7,x11	  x7:0x00000001 x11:0x2fff001a  x4=0x00000001
         852897	     42543	8000adf2	0001	c.addi	x0,0	  x0:0x00000000  x0=0x00000000
         852917	     42544	8000adf4	00db8a63	beq	x23,x13,8000ae08	 x23:0x0003801a x13:0x00000012
         853317	     42564	8000adf8	34089bf3	csrrw	x23,mscratch,x17	 x17:0x00000012 x23=0x00000017
         853537	     42575	8000adfc	00ff9513	slli	x10,x31,0xf	 x31:0x00042fff x10=0x17ff8000
         853557	     42576	8000ae00	09e98e13	addi	x28,x19,158	 x19:0x80000000 x28=0x8000009e
         853637	     42580	8000ae04	03be27b3	mulhsu	x15,x28,x27	 x28:0x8000009e x27:0x0000001a x15=0xfffffff3
         853657	     42581	8000ae08	6e05	c.lui	x28,0x1	 x28=0x00001000
         854077	     42602	8000ae0a	038197b3	mulh	x15,x3,x24	  x3:0x00000001 x24:0x00000012 x15=0x00000000
         854097	     42603	8000ae0e	00909fb3	sll	x31,x1,x9	  x1:0x00000000  x9:0x80026ce4 x31=0x00000000
         854117	     42604	8000ae12	01242a33	slt	x20,x8,x18	  x8:0x00000774 x18:0xfb197847 x20=0x00000000
         854257	     42611	8000ae16	3401e0f3	csrrsi	x1,mscratch,3	  x1=0x00000012
         854297	     42613	8000ae1a	039706b3	mul	x13,x14,x25	 x14:0x2fff0000 x25:0x9bb5eb93 x13=0xa46d0000
         854317	     42614	8000ae1e	c591	c.beqz	x11,8000ae2a	 x11:0x2fff001a
         854337	     42615	8000ae20	e591	c.bnez	x11,8000ae2c	 x11:0x2fff001a
         855357	     42666	8000ae2c	40ce8233	sub	x4,x29,x12	 x29:0x0000001a x12:0x000001c0  x4=0xfffffe5a
         855377	     42667	8000ae30	340c3ef3	csrrc	x29,mscratch,x24	 x24:0x00000012 x29=0x00000013
         855497	     42673	8000ae34	477a8213	addi	x4,x21,1143	 x21:0x0001c000  x4=0x0001c477
         855517	     42674	8000ae38	8c61	c.and	x8,x8	  x8:0x00000774  x8:0x00000774  x8=0x00000774
         855537	     42675	8000ae3a	f657e093	ori	x1,x15,-155	 x15:0x00000000  x1=0xffffff65
         855697	     42683	8000ae3e	3402b073	csrrc	x0,mscratch,x5	  x5:0x80022df8  x0=0x00000000
         856117	     42704	8000ae42	02cc8f63	beq	x25,x12,8000ae80	 x25:0x9bb5eb93 x12:0x000001c0
         856477	     42722	8000ae46	00705863	bge	x0,x7,8000ae56	  x0:0x00000000  x7:0x00000001
         856897	     42743	8000ae4a	40350eb3	sub	x29,x10,x3	 x10:0x17ff8000  x3:0x00000001 x29=0x17ff7fff
         856917	     42744	8000ae4e	8515	c.srai	x10,0x5	 x10:0x17ff8000 x10=0x00bffc00
         857097	     42753	8000ae50	40d55b93	srai	x23,x10,0xd	 x10:0x00bffc00 x23=0x000005ff
         857137	     42755	8000ae54	0001	c.addi	x0,0	  x0:0x00000000  x0=0x00000000
         857157	     42756	8000ae56	0001	c.addi	x0,0	  x0:0x00000000  x0=0x00000000
         857897	     42793	8000ae58	03396b33	rem	x22,x18,x19	 x18:0xfb197847 x19:0x80000000 x22=0xfb197847
         857917	     42794	8000ae5c	031d8663	beq	x27,x17,8000ae88	 x27:0x0000001a x17:0x00000012
         857937	     42795	8000ae60	87d9	c.srai	x15,0x16	 x15:0x00000000 x15=0x00000000
         857957	     42796	8000ae62	8759	c.srai	x14,0x16	 x14:0x2fff0000 x14=0x000000bf
         858697	     42833	8000ae64	035feb33	rem	x22,x31,x21	 x31:0x00000000 x21:0x0001c000 x22=0x00000000
         858717	     42834	8000ae68	00ccbc33	sltu	x24,x25,x12	 x25:0x9bb5eb93 x12:0x000001c0 x24=0x00000000
         858737	     42835	8000ae6c	3c0eed37	lui	x26,0x3c0ee	 x26=0x3c0ee000
         858757	     42836	8000ae70	0ff0000f	fence	iorw,iorw	
         858777	     42837	8000ae74	db952813	slti	x16,x10,-583	 x10:0x00bffc00 x16=0x00000000
         858797	     42838	8000ae78	34006d73	csrrsi	x26,mscratch,0	 x26=0x00000001
         858817	     42839	8000ae7c	02c36463	bltu	x6,x12,8000aea4	  x6:0x2fff0000 x12:0x000001c0
         858917	     42844	8000ae80	0bf9	c.addi	x23,30	 x23:0x000005ff x23=0x0000061d
         859097	     42853	8000ae82	03a59f33	mulh	x30,x11,x26	 x11:0x2fff001a x26:0x00000001 x30=0x00000000
         859117	     42854	8000ae86	6e45	c.lui	x28,0x11	 x28=0x00011000
         859157	     42856	8000ae88	02f34e63	blt	x6,x15,8000aec4	  x6:0x2fff0000 x15:0x00000000
         859197	     42858	8000ae8c	08da2613	slti	x12,x20,141	 x20:0x00000000 x12=0x00000001
         859377	     42867	8000ae90	000ecbb3	xor	x23,x29,x0	 x29:0x17ff7fff  x0:0x00000000 x23=0x17ff7fff
         859397	     42868	8000ae94	02ef6063	bltu	x30,x14,8000aeb4	 x30:0x00000000 x14:0x000000bf
         859877	     42892	8000aeb4	00f24fb3	xor	x31,x4,x15	  x4:0x0001c477 x15:0x00000000 x31=0x0001c477
         860217	     42909	8000aeb8	34003c73	csrrc	x24,mscratch,x0	  x0:0x00000000 x24=0x00000001
         860637	     42930	8000aebc	49ee53b7	lui	x7,0x49ee5	  x7=0x49ee5000
         860657	     42931	8000aec0	d47ae6b7	lui	x13,0xd47ae	 x13=0xd47ae000
         860677	     42932	8000aec4	340b2273	csrrs	x4,mscratch,x22	 x22:0x00000000  x4=0x00000001
         860697	     42933	8000aec8	3404e5f3	csrrsi	x11,mscratch,9	 x11=0x00000001
         860717	     42934	8000aecc	00c4ed33	or	x26,x9,x12	  x9:0x80026ce4 x12:0x00000001 x26=0x80026ce5
         860777	     42937	8000aed0	8d19	c.sub	x10,x14	 x10:0x00bffc00 x14:0x000000bf x10=0x00bffb41
         860797	     42938	8000aed2	4fb00e37	lui	x28,0x4fb00	 x28=0x4fb00000
         860817	     42939	8000aed6	a2130a13	addi	x20,x6,-1503	  x6:0x2fff0000 x20=0x2ffefa21
         860837	     42940	8000aeda	87f1	c.srai	x15,0x1c	 x15:0x00000000 x15=0x00000000
         860877	     42942	8000aedc	02903db3	mulhu	x27,x0,x9	  x0:0x00000000  x9:0x80026ce4 x27=0x00000000
         861257	     42961	8000aee0	8d35	c.xor	x10,x13	 x10:0x00bffb41 x13:0xd47ae000 x10=0xd4c51b41
         861357	     42966	8000aee2	00765433	srl	x8,x12,x7	 x12:0x00000001  x7:0x49ee5000  x8=0x00000001
         861717	     42984	8000aee6	40ca5413	srai	x8,x20,0xc	 x20:0x2ffefa21  x8=0x0002ffef
         862457	     43021	8000aeea	02dd59b3	divu	x19,x26,x13	 x26:0x80026ce5 x13:0xd47ae000 x19=0x00000000
         862477	     43022	8000aeee	8ffd	c.and	x15,x15	 x15:0x00000000 x15:0x00000000 x15=0x00000000
         862497	     43023	8000aef0	82d5	c.srli	x13,0x15	 x13:0xd47ae000 x13=0x000006a3
         862517	     43024	8000aef2	00ed0f63	beq	x26,x14,8000af10	 x26:0x80026ce5 x14:0x000000bf
         862537	     43025	8000aef6	02401363	bne	x0,x4,8000af1c	  x0:0x00000000  x4:0x00000001
         862617	     43029	8000af1c	00a180b3	add	x1,x3,x10	  x3:0x00000001 x10:0xd4c51b41  x1=0xd4c51b42
         862837	     43040	8000af20	34007f73	csrrci	x30,mscratch,0	 x30=0x00000009
         863257	     43061	8000af24	00d660b3	or	x1,x12,x13	 x12:0x00000001 x13:0x000006a3  x1=0x000006a3
         863517	     43074	8000af28	03b77db3	remu	x27,x14,x27	 x14:0x000000bf x27:0x00000000 x27=0x000000bf
         863757	     43086	8000af2c	9a0e	c.add	x20,x3	 x20:0x2ffefa21  x3:0x00000001 x20=0x2ffefa22
         864177	     43107	8000af2e	34002e73	csrrs	x28,mscratch,x0	  x0:0x00000000 x28=0x00000009
         864197	     43108	8000af32	8d45	c.or	x10,x9	 x10:0xd4c51b41  x9:0x80026ce4 x10=0xd4c77fe5
         864317	     43114	8000af34	021905b3	mul	x11,x18,x1	 x18:0xfb197847  x1:0x000006a3 x11=0x7a093f35
         864337	     43115	8000af38	8f0d	c.sub	x14,x11	 x14:0x000000bf x11:0x7a093f35 x14=0x85f6c18a
         864357	     43116	8000af3a	14f2c513	xori	x10,x5,335	  x5:0x80022df8 x10=0x80022cb7
         864377	     43117	8000af3e	24b36793	ori	x15,x6,587	  x6:0x2fff0000 x15=0x2fff024b
         864737	     43135	8000af42	40dc0033	sub	x0,x24,x13	 x24:0x00000001 x13:0x000006a3  x0=0x00000000
         864837	     43140	8000af46	0094c863	blt	x9,x9,8000af56	  x9:0x80026ce4  x9:0x80026ce4
         865257	     43161	8000af4a	340a6073	csrrsi	x0,mscratch,20	  x0=0x00000000
         865357	     43166	8000af4e	b2f7c593	xori	x11,x15,-1233	 x15:0x2fff024b x11=0xd000f964
         865477	     43172	8000af52	419b5593	srai	x11,x22,0x19	 x22:0x00000000 x11=0x00000000
         865677	     43182	8000af56	00722b33	slt	x22,x4,x7	  x4:0x00000001  x7:0x49ee5000 x22=0x00000001
         865877	     43192	8000af5a	34002af3	csrrs	x21,mscratch,x0	  x0:0x00000000 x21=0x0000001d
         865937	     43195	8000af5e	0000100f	fence.i	
         875277	     43662	8000af62	970a	c.add	x14,x2	 x14:0x85f6c18a  x2:0x80000000 x14=0x05f6c18a
         875297	     43663	8000af64	3408f573	csrrci	x10,mscratch,17	 x10=0x0000001d
         875317	     43664	8000af68	0001	c.addi	x0,0	  x0:0x00000000  x0=0x00000000
         875337	     43665	8000af6a	47c1	c.li	x15,16	 x15=0x00000010
         876077	     43702	8000af6c	03be78b3	remu	x17,x28,x27	 x28:0x00000009 x27:0x000000bf x17=0x00000009
         876097	     43703	8000af70	00c3e263	bltu	x7,x12,8000af74	  x7:0x49ee5000 x12:0x00000001
         876117	     43704	8000af74	c981	c.beqz	x11,8000af84	 x11:0x00000000
         876157	     43706	8000af84	8e95	c.sub	x13,x13	 x13:0x000006a3 x13:0x000006a3 x13=0x00000000
         876617	     43729	8000af86	648ac393	xori	x7,x21,1608	 x21:0x0000001d  x7=0x00000655
         877357	     43766	8000af8a	02e9d033	divu	x0,x19,x14	 x19:0x00000000 x14:0x05f6c18a  x0=0x00000000
         878097	     43803	8000af8e	03bce5b3	rem	x11,x25,x27	 x25:0x9bb5eb93 x27:0x000000bf x11=0xfffffffe
         878117	     43804	8000af92	8a8e	c.mv	x21,x3	  x0:0x00000000  x3:0x00000001 x21=0x00000001
         878137	     43805	8000af94	8b7d	c.andi	x14,31	 x14:0x05f6c18a x14=0x0000000a
         878177	     43807	8000af96	02769b33	mulh	x22,x13,x7	 x13:0x00000000  x7:0x00000655 x22=0x00000000
         878197	     43808	8000af9a	01356433	or	x8,x10,x19	 x10:0x0000001d x19:0x00000000  x8=0x0000001d
         878217	     43809	8000af9e	9b7d	c.andi	x14,-1	 x14:0x0000000a x14=0x0000000a
         878237	     43810	8000afa0	f2262d13	slti	x26,x12,-222	 x12:0x00000001 x26=0x00000000
         878257	     43811	8000afa4	03bb8733	mul	x14,x23,x27	 x23:0x17ff7fff x27:0x000000bf x14=0xe7a07f41
         878277	     43812	8000afa8	013c88b3	add	x17,x25,x19	 x25:0x9bb5eb93 x19:0x00000000 x17=0x9bb5eb93
         878297	     43813	8000afac	986a	c.add	x16,x26	 x16:0x00000000 x26:0x00000000 x16=0x00000000
         878317	     43814	8000afae	67cd	c.lui	x15,0x13	 x15=0x00013000
         878697	     43833	8000afb0	41a1	c.li	x3,8	  x3=0x00000008
         878717	     43834	8000afb2	172dcc93	xori	x25,x27,370	 x27:0x000000bf x25=0x000001cd
         879137	     43855	8000afb6	020d1e63	bne	x26,x0,8000aff2	 x26:0x00000000  x0:0x00000000
         879157	     43856	8000afba	0ff0000f	fence	iorw,iorw	
         879177	     43857	8000afbe	013361b3	or	x3,x6,x19	  x6:0x2fff0000 x19:0x00000000  x3=0x2fff0000
         879397	     43868	8000afc2	02e71f63	bne	x14,x14,8000b000	 x14:0xe7a07f41 x14:0xe7a07f41
         879417	     43869	8000afc6	e509	c.bnez	x10,8000afd0	 x10:0x0000001d
         879997	     43898	8000afd0	8c6d	c.and	x8,x11	  x8:0x0000001d x11:0xfffffffe  x8=0x0000001c
         880037	     43900	8000afd2	524f45b7	lui	x11,0x524f4	 x11=0x524f4000
         880057	     43901	8000afd6	0001	c.addi	x0,0	  x0:0x00000000  x0=0x00000000
         880157	     43906	8000afd8	0108c5b3	xor	x11,x17,x16	 x17:0x9bb5eb93 x16:0x00000000 x11=0x9bb5eb93
         880177	     43907	8000afdc	00e3fd33	and	x26,x7,x14	  x7:0x00000655 x14:0xe7a07f41 x26=0x00000641
         880197	     43908	8000afe0	6cd63393	sltiu	x7,x12,1741	 x12:0x00000001  x7=0x00000001
         880237	     43910	8000afe4	0262bab3	mulhu	x21,x5,x6	  x5:0x80022df8  x6:0x2fff0000 x21=0x17ffe89c
         880257	     43911	8000afe8	a75c4f13	xori	x30,x24,-1419	 x24:0x00000001 x30=0xfffffa74
         880277	     43912	8000afec	66a5	c.lui	x13,0x9	 x13=0x00009000
         880337	     43915	8000afee	04e8f063	bgeu	x17,x14,8000b02e	 x17:0x9bb5eb93 x14:0xe7a07f41
         880357	     43916	8000aff2	02828233	mul	x4,x5,x8	  x5:0x80022df8  x8:0x0000001c  x4=0x003d0720
         880437	     43920	8000aff6	7b24e413	ori	x8,x9,1970	  x9:0x80026ce4  x8=0x80026ff6
         880457	     43921	8000affa	127d	c.addi	x4,-1	  x4:0x003d0720  x4=0x003d071f
         880477	     43922	8000affc	55174d93	xori	x27,x14,1361	 x14:0xe7a07f41 x27=0xe7a07a10
         880497	     43923	8000b000	411c0733	sub	x14,x24,x17	 x24:0x00000001 x17:0x9bb5eb93 x14=0x644a146e
         880537	     43925	8000b004	404f5d93	srai	x27,x30,0x4	 x30:0xfffffa74 x27=0xffffffa7
         881037	     43950	8000b008	01355593	srli	x11,x10,0x13	 x10:0x0000001d x11=0x00000000
         881457	     43971	8000b00c	0159ebb3	or	x23,x19,x21	 x19:0x00000000 x21:0x17ffe89c x23=0x17ffe89c
         881477	     43972	8000b010	f87d2193	slti	x3,x26,-121	 x26:0x00000641  x3=0x00000000
         881497	     43973	8000b014	00851fb3	sll	x31,x10,x8	 x10:0x0000001d  x8:0x80026ff6 x31=0x07400000
         881517	     43974	8000b018	400a89b3	sub	x19,x21,x0	 x21:0x17ffe89c  x0:0x00000000 x19=0x17ffe89c
         881537	     43975	8000b01c	01342933	slt	x18,x8,x19	  x8:0x80026ff6 x19:0x17ffe89c x18=0x00000001
         881617	     43979	8000b020	027b28b3	mulhsu	x17,x22,x7	 x22:0x00000000  x7:0x00000001 x17=0x00000000
         881637	     43980	8000b024	340fb9f3	csrrc	x19,mscratch,x31	 x31:0x07400000 x19=0x0000000c
         881657	     43981	8000b028	81b9	c.srli	x11,0xe	 x11:0x00000000 x11=0x00000000
         881697	     43983	8000b02a	032fa233	mulhsu	x4,x31,x18	 x31:0x07400000 x18:0x00000001  x4=0x00000000
         881717	     43984	8000b02e	002b9763	bne	x23,x2,8000b03c	 x23:0x17ffe89c  x2:0x80000000
         882057	     44001	8000b03c	ed09	c.bnez	x10,8000b056	 x10:0x0000001d
         882857	     44041	8000b056	0dd1	c.addi	x27,20	 x27:0xffffffa7 x27=0xffffffbb
         882917	     44044	8000b058	01623eb3	sltu	x29,x4,x22	  x4:0x00000000 x22:0x00000000 x29=0x00000000
         882937	     44045	8000b05c	4078d793	srai	x15,x17,0x7	 x17:0x00000000 x15=0x00000000
         883157	     44056	8000b060	0a5a	c.slli	x20,0x16	 x20:0x2ffefa22 x20=0x88800000
         883297	     44063	8000b062	0032e1b3	or	x3,x5,x3	  x5:0x80022df8  x3:0x00000000  x3=0x80022df8
         883317	     44064	8000b066	9c22	c.add	x24,x8	 x24:0x00000001  x8:0x80026ff6 x24=0x80026ff7
         884397	     44118	8000b068	03ffd433	divu	x8,x31,x31	 x31:0x07400000 x31:0x07400000  x8=0x00000001
         884417	     44119	8000b06c	009c5e63	bge	x24,x9,8000b088	 x24:0x80026ff7  x9:0x80026ce4
         884517	     44124	8000b088	40c8d933	sra	x18,x17,x12	 x17:0x00000000 x12:0x00000001 x18=0x00000000
         884537	     44125	8000b08c	8f56	c.mv	x30,x21	  x0:0x00000000 x21:0x17ffe89c x30=0x17ffe89c
         884957	     44146	8000b08e	340997f3	csrrw	x15,mscratch,x19	 x19:0x0000000c x15=0x0000000c
         885077	     44152	8000b092	01cc5f13	srli	x30,x24,0x1c	 x24:0x80026ff7 x30=0x00000008
         885097	     44153	8000b096	8c59	c.or	x8,x14	  x8:0x00000001 x14:0x644a146e  x8=0x644a146f
         885137	     44155	8000b098	03111233	mulh	x4,x2,x17	  x2:0x80000000 x17:0x00000000  x4=0x00000000
         885157	     44156	8000b09c	8ef1	c.and	x13,x12	 x13:0x00009000 x12:0x00000001 x13=0x00000000
         885537	     44175	8000b09e	ddd98893	addi	x17,x19,-547	 x19:0x0000000c x17=0xfffffde9
         886317	     44214	8000b0a2	03366f33	rem	x30,x12,x19	 x12:0x00000001 x19:0x0000000c x30=0x00000001
         886337	     44215	8000b0a6	0406d363	bge	x13,x0,8000b0ec	 x13:0x00000000  x0:0x00000000
         886617	     44229	8000b0ec	0001	c.addi	x0,0	  x0:0x00000000  x0=0x00000000
         886777	     44237	8000b0ee	34002873	csrrs	x16,mscratch,x0	  x0:0x00000000 x16=0x0000000c
         886797	     44238	8000b0f2	03524263	blt	x4,x21,8000b116	  x4:0x00000000 x21:0x17ffe89c
         887937	     44295	8000b116	02d7ebb3	rem	x23,x15,x13	 x15:0x0000000c x13:0x00000000 x23=0x0000000c
         888217	     44309	8000b11a	00ae06b3	add	x13,x28,x10	 x28:0x00000009 x10:0x0000001d x13=0x00000026
         888297	     44313	8000b11e	005a1733	sll	x14,x20,x5	 x20:0x88800000  x5:0x80022df8 x14=0x00000000
         888317	     44314	8000b122	9dca	c.add	x27,x18	 x27:0xffffffbb x18:0x00000000 x27=0xffffffbb
         888717	     44334	8000b124	40c75833	sra	x16,x14,x12	 x14:0x00000000 x12:0x00000001 x16=0x00000000
         889037	     44350	8000b128	8f99a613	slti	x12,x19,-1799	 x19:0x0000000c x12=0x00000000
         889477	     44372	8000b12c	026726b3	mulhsu	x13,x14,x6	 x14:0x00000000  x6:0x2fff0000 x13=0x00000000
         889497	     44373	8000b130	0b2a	c.slli	x22,0xa	 x22:0x00000000 x22=0x00000000
         889677	     44382	8000b132	00067863	bgeu	x12,x0,8000b142	 x12:0x00000000  x0:0x00000000
         890717	     44434	8000b142	00d91ab3	sll	x21,x18,x13	 x18:0x00000000 x13:0x00000000 x21=0x00000000
         890737	     44435	8000b146	ec15	c.bnez	x8,8000b182	  x8:0x644a146f
         891817	     44489	8000b182	032ddfb3	divu	x31,x27,x18	 x27:0xffffffbb x18:0x00000000 x31=0xffffffff
         891857	     44491	8000b186	020bc833	div	x16,x23,x0	 x23:0x0000000c  x0:0x00000000 x16=0xffffffff
         891877	     44492	8000b18a	340071f3	csrrci	x3,mscratch,0	  x3=0x0000000c
         891897	     44493	8000b18e	099e	c.slli	x19,0x7	 x19:0x0000000c x19=0x00000600
         891917	     44494	8000b190	01fb5033	srl	x0,x22,x31	 x22:0x00000000 x31:0xffffffff  x0=0x00000000
         891937	     44495	8000b194	03c6e863	bltu	x13,x28,8000b1c4	 x13:0x00000000 x28:0x00000009
         893237	     44560	8000b1c4	8c31	c.xor	x8,x12	  x8:0x644a146f x12:0x00000000  x8=0x644a146f
         894397	     44618	8000b1c6	03a84e33	div	x28,x16,x26	 x16:0xffffffff x26:0x00000641 x28=0x00000000
         894417	     44619	8000b1ca	41fb5cb3	sra	x25,x22,x31	 x22:0x00000000 x31:0xffffffff x25=0x00000000
         894437	     44620	8000b1ce	414151b3	sra	x3,x2,x20	  x2:0x80000000 x20:0x88800000  x3=0x80000000
         894457	     44621	8000b1d2	34007073	csrrci	x0,mscratch,0	  x0=0x00000000
         895197	     44658	8000b1d6	02a14433	div	x8,x2,x10	  x2:0x80000000 x10:0x0000001d  x8=0xfb9611a8
         895217	     44659	8000b1da	40b38c33	sub	x24,x7,x11	  x7:0x00000001 x11:0x00000000 x24=0x00000001
         895237	     44660	8000b1de	0001	c.addi	x0,0	  x0:0x00000000  x0=0x00000000
         895257	     44661	8000b1e0	82b5	c.srli	x13,0xd	 x13:0x00000000 x13=0x00000000
         895277	     44662	8000b1e2	34003873	csrrc	x16,mscratch,x0	  x0:0x00000000 x16=0x0000000c
         895297	     44663	8000b1e6	488d	c.li	x17,3	 x17=0x00000003
         895317	     44664	8000b1e8	41cd0ab3	sub	x21,x26,x28	 x26:0x00000641 x28:0x00000000 x21=0x00000641
         895337	     44665	8000b1ec	8619	c.srai	x12,0x6	 x12:0x00000000 x12=0x00000000
         895357	     44666	8000b1ee	969e	c.add	x13,x7	 x13:0x00000000  x7:0x00000001 x13=0x00000001
         895377	     44667	8000b1f0	00bfc863	blt	x31,x11,8000b200	 x31:0xffffffff x11:0x00000000
         896317	     44714	8000b200	8619	c.srai	x12,0x6	 x12:0x00000000 x12=0x00000000
         896337	     44715	8000b202	4fa7f613	andi	x12,x15,1274	 x15:0x0000000c x12=0x00000008
         897457	     44771	8000b206	73329a37	lui	x20,0x73329	 x20=0x73329000
         897477	     44772	8000b20a	00bc1e63	bne	x24,x11,8000b226	 x24:0x00000001 x11:0x00000000
         898217	     44809	8000b226	008d7ab3	and	x21,x26,x8	 x26:0x00000641  x8:0xfb9611a8 x21=0x00000000
         898597	     44828	8000b22a	7555cf13	xori	x30,x11,1877	 x11:0x00000000 x30=0x00000755
         898617	     44829	8000b22e	002af863	bgeu	x21,x2,8000b23e	 x21:0x00000000  x2:0x80000000
         898637	     44830	8000b232	4184de13	srai	x28,x9,0x18	  x9:0x80026ce4 x28=0xffffff80
         898677	     44832	8000b236	02a43b33	mulhu	x22,x8,x10	  x8:0xfb9611a8 x10:0x0000001d x22=0x0000001c
         898697	     44833	8000b23a	34002af3	csrrs	x21,mscratch,x0	  x0:0x00000000 x21=0x0000000c
         898817	     44839	8000b23e	03d09933	mulh	x18,x1,x29	  x1:0x000006a3 x29:0x00000000 x18=0x00000000
         898937	     44845	8000b242	95074893	xori	x17,x14,-1712	 x14:0x00000000 x17=0xfffff950
         898957	     44846	8000b246	405edb33	sra	x22,x29,x5	 x29:0x00000000  x5:0x80022df8 x22=0x00000000
         898977	     44847	8000b24a	01d10433	add	x8,x2,x29	  x2:0x80000000 x29:0x00000000  x8=0x80000000
         898997	     44848	8000b24e	02dd5c63	bge	x26,x13,8000b286	 x26:0x00000641 x13:0x00000001
         899477	     44872	8000b286	0146d333	srl	x6,x13,x20	 x13:0x00000001 x20:0x73329000  x6=0x00000001
         899497	     44873	8000b28a	8c5d	c.or	x8,x15	  x8:0x80000000 x15:0x0000000c  x8=0x8000000c
         899517	     44874	8000b28c	0032ea63	bltu	x5,x3,8000b2a0	  x5:0x80022df8  x3:0x80000000
         899537	     44875	8000b290	41cc5893	srai	x17,x24,0x1c	 x24:0x00000001 x17=0x00000000
         900357	     44916	8000b294	03507e33	remu	x28,x0,x21	  x0:0x00000000 x21:0x0000000c x28=0x00000000
         900377	     44917	8000b298	01121093	slli	x1,x4,0x11	  x4:0x00000000  x1=0x00000000
         900397	     44918	8000b29c	00cdffb3	and	x31,x27,x12	 x27:0xffffffbb x12:0x00000008 x31=0x00000008
         900437	     44920	8000b2a0	03aa37b3	mulhu	x15,x20,x26	 x20:0x73329000 x26:0x00000641 x15=0x000002d0
         900457	     44921	8000b2a4	000907b3	add	x15,x18,x0	 x18:0x00000000  x0:0x00000000 x15=0x00000000
         900477	     44922	8000b2a8	5c228a97	auipc	x21,0x5c228	 x21=0xdc2332a8
         900617	     44929	8000b2ac	00b48763	beq	x9,x11,8000b2ba	  x9:0x80026ce4 x11:0x00000000
         901017	     44949	8000b2b0	6439	c.lui	x8,0xe	  x8=0x0000e000
         901037	     44950	8000b2b2	8dc5	c.or	x11,x9	 x11:0x00000000  x9:0x80026ce4 x11=0x80026ce4
         901137	     44955	8000b2b4	02467533	remu	x10,x12,x4	 x12:0x00000008  x4:0x00000000 x10=0x00000008
         901157	     44956	8000b2b8	946a	c.add	x8,x26	  x8:0x0000e000 x26:0x00000641  x8=0x0000e641
         901557	     44976	8000b2ba	3406bef3	csrrc	x29,mscratch,x13	 x13:0x00000001 x29=0x0000000c
         901577	     44977	8000b2be	e7c30413	addi	x8,x6,-388	  x6:0x00000001  x8=0xfffffe7d
         901597	     44978	8000b2c2	02200cb3	mul	x25,x0,x2	  x0:0x00000000  x2:0x80000000 x25=0x00000000
         901637	     44980	8000b2c6	0ff0000f	fence	iorw,iorw	
         901657	     44981	8000b2ca	063e	c.slli	x12,0xf	 x12:0x00000008 x12=0x00040000
         901677	     44982	8000b2cc	0ff0000f	fence	iorw,iorw	
         901697	     44983	8000b2d0	3c11a393	slti	x7,x3,961	  x3:0x80000000  x7=0x00000001
         901717	     44984	8000b2d4	8131	c.srli	x10,0xc	 x10:0x00000008 x10=0x00000000
         901737	     44985	8000b2d6	997d	c.andi	x10,-1	 x10:0x00000000 x10=0x00000000
         901937	     44995	8000b2d8	ca0d	c.beqz	x12,8000b30a	 x12:0x00040000
         901957	     44996	8000b2da	8ef5	c.and	x13,x13	 x13:0x00000001 x13:0x00000001 x13=0x00000001
         901977	     44997	8000b2dc	340a6a73	csrrsi	x20,mscratch,20	 x20=0x0000000c
         902137	     45005	8000b2e0	036d6363	bltu	x26,x22,8000b306	 x26:0x00000641 x22:0x00000000
         902157	     45006	8000b2e4	942a	c.add	x8,x10	  x8:0xfffffe7d x10:0x00000000  x8=0xfffffe7d
         902177	     45007	8000b2e6	011f0463	beq	x30,x17,8000b2ee	 x30:0x00000755 x17:0x00000000
         902277	     45012	8000b2ea	01690033	add	x0,x18,x22	 x18:0x00000000 x22:0x00000000  x0=0x00000000
         902297	     45013	8000b2ee	8aa1	c.andi	x13,8	 x13:0x00000001 x13=0x00000000
         902457	     45021	8000b2f0	007d0db3	add	x27,x26,x7	 x26:0x00000641  x7:0x00000001 x27=0x00000642
         902477	     45022	8000b2f4	dfa4c613	xori	x12,x9,-518	  x9:0x80026ce4 x12=0x7ffd911e
         902497	     45023	8000b2f8	c611	c.beqz	x12,8000b304	 x12:0x7ffd911e
         902517	     45024	8000b2fa	8045	c.srli	x8,0x11	  x8:0xfffffe7d  x8=0x00007fff
         902677	     45032	8000b2fc	029eb0b3	mulhu	x1,x29,x9	 x29:0x0000000c  x9:0x80026ce4  x1=0x00000006
         902737	     45035	8000b300	0765	c.addi	x14,25	 x14:0x00000000 x14=0x00000019
         902757	     45036	8000b302	e105	c.bnez	x10,8000b322	 x10:0x00000000
         902817	     45039	8000b304	96ca	c.add	x13,x18	 x13:0x00000000 x18:0x00000000 x13=0x00000000
         902857	     45041	8000b306	02d0aab3	mulhsu	x21,x1,x13	  x1:0x00000006 x13:0x00000000 x21=0x00000000
         902877	     45042	8000b30a	00f15633	srl	x12,x2,x15	  x2:0x80000000 x15:0x00000000 x12=0x80000000
         903037	     45050	8000b30e	34003b73	csrrc	x22,mscratch,x0	  x0:0x00000000 x22=0x0000001c
         903397	     45068	8000b312	af37ef13	ori	x30,x15,-1293	 x15:0x00000000 x30=0xfffffaf3
         903417	     45069	8000b316	9f3e	c.add	x30,x15	 x30:0xfffffaf3 x15:0x00000000 x30=0xfffffaf3
         903437	     45070	8000b318	34002573	csrrs	x10,mscratch,x0	  x0:0x00000000 x10=0x0000001c
         903457	     45071	8000b31c	9a16	c.add	x20,x5	 x20:0x0000000c  x5:0x80022df8 x20=0x80022e04
         903477	     45072	8000b31e	34006ef3	csrrsi	x29,mscratch,0	 x29=0x0000001c
         903497	     45073	8000b322	014c9b13	slli	x22,x25,0x14	 x25:0x00000000 x22=0x00000000
         904337	     45115	8000b326	03f1c1b3	div	x3,x3,x31	  x3:0x80000000 x31:0x00000008  x3=0xf0000000
         904357	     45116	8000b32a	400a0033	sub	x0,x20,x0	 x20:0x80022e04  x0:0x00000000  x0=0x00000000
         904377	     45117	8000b32e	8d6d	c.and	x10,x11	 x10:0x0000001c x11:0x80026ce4 x10=0x00000004
         904397	     45118	8000b330	58d67513	andi	x10,x12,1421	 x12:0x80000000 x10=0x00000000
         904417	     45119	8000b334	8d7d	c.and	x10,x15	 x10:0x00000000 x15:0x00000000 x10=0x00000000
         904437	     45120	8000b336	8e99	c.sub	x13,x14	 x13:0x00000000 x14:0x00000019 x13=0xffffffe7
         904457	     45121	8000b338	ed4bcf17	auipc	x30,0xed4bc	 x30=0x6d4c7338
         904477	     45122	8000b33c	3403d5f3	csrrwi	x11,mscratch,7	 x11=0x0000001c
         904497	     45123	8000b340	34002f73	csrrs	x30,mscratch,x0	  x0:0x00000000 x30=0x00000007
         904537	     45125	8000b344	029a9e33	mulh	x28,x21,x9	 x21:0x00000000  x9:0x80026ce4 x28=0x00000000
         904557	     45126	8000b348	a4f0f097	auipc	x1,0xa4f0f	  x1=0x24f1a348
         904657	     45131	8000b34c	cd09	c.beqz	x10,8000b366	 x10:0x00000000
         905117	     45154	8000b366	03af8c33	mul	x24,x31,x26	 x31:0x00000008 x26:0x00000641 x24=0x00003208
         905137	     45155	8000b36a	340039f3	csrrc	x19,mscratch,x0	  x0:0x00000000 x19=0x00000007
         905197	     45158	8000b36e	0527f363	bgeu	x15,x18,8000b3b4	 x15:0x00000000 x18:0x00000000
         905957	     45196	8000b3b4	06be	c.slli	x13,0xf	 x13:0xffffffe7 x13=0xfff38000
         905997	     45198	8000b3b6	0000100f	fence.i	
         906737	     45235	8000b3ba	3406d673	csrrwi	x12,mscratch,13	 x12=0x00000007
         906777	     45237	8000b3be	02973933	mulhu	x18,x14,x9	 x14:0x00000019  x9:0x80026ce4 x18=0x0000000c
         907517	     45274	8000b3c2	02bde6b3	rem	x13,x27,x11	 x27:0x00000642 x11:0x0000001c x13=0x00000006
         907537	     45275	8000b3c6	00c37763	bgeu	x6,x12,8000b3d4	  x6:0x00000001 x12:0x00000007
         907557	     45276	8000b3ca	f19dac93	slti	x25,x27,-231	 x27:0x00000642 x25=0x00000000
         907577	     45277	8000b3ce	ee11	c.bnez	x12,8000b3ea	 x12:0x00000007
         907717	     45284	8000b3ea	03886063	bltu	x16,x24,8000b40a	 x16:0x0000000c x24:0x00003208
         908077	     45302	8000b40a	34002a73	csrrs	x20,mscratch,x0	  x0:0x00000000 x20=0x0000000d
         908097	     45303	8000b40e	8749	c.srai	x14,0x12	 x14:0x00000019 x14=0x00000000
         908117	     45304	8000b410	0ff0000f	fence	iorw,iorw	
         908137	     45305	8000b414	006d63b3	or	x7,x26,x6	 x26:0x00000641  x6:0x00000001  x7=0x00000641
         908157	     45306	8000b418	40750b33	sub	x22,x10,x7	 x10:0x00000000  x7:0x00000641 x22=0xfffff9bf
         908317	     45314	8000b41c	e98d	c.bnez	x11,8000b44e	 x11:0x0000001c
         908857	     45341	8000b44e	01de19b3	sll	x19,x28,x29	 x28:0x00000000 x29:0x0000001c x19=0x00000000
         908937	     45345	8000b452	03c6c033	div	x0,x13,x28	 x13:0x00000006 x28:0x00000000  x0=0x00000000
         908957	     45346	8000b456	40ccddb3	sra	x27,x25,x12	 x25:0x00000000 x12:0x00000007 x27=0x00000000
         908977	     45347	8000b45a	d6213593	sltiu	x11,x2,-670	  x2:0x80000000 x11=0x00000001
         909377	     45367	8000b45e	3d828793	addi	x15,x5,984	  x5:0x80022df8 x15=0x800231d0
         909397	     45368	8000b462	404ad693	srai	x13,x21,0x4	 x21:0x00000000 x13=0x00000000
         909817	     45389	8000b466	3408aff3	csrrs	x31,mscratch,x17	 x17:0x00000000 x31=0x0000000d
         909837	     45390	8000b46a	9c73ee13	ori	x28,x7,-1593	  x7:0x00000641 x28=0xffffffc7
         909857	     45391	8000b46e	008afe63	bgeu	x21,x8,8000b48a	 x21:0x00000000  x8:0x00007fff
         910177	     45407	8000b472	e97aa3b7	lui	x7,0xe97aa	  x7=0xe97aa000
         910197	     45408	8000b476	01fccb33	xor	x22,x25,x31	 x25:0x00000000 x31:0x0000000d x22=0x0000000d
         910217	     45409	8000b47a	8fe1	c.and	x15,x8	 x15:0x800231d0  x8:0x00007fff x15=0x000031d0
         910377	     45417	8000b47c	2a94fd93	andi	x27,x9,681	  x9:0x80026ce4 x27=0x000000a0
         910397	     45418	8000b480	34007c73	csrrci	x24,mscratch,0	 x24=0x0000000d
         910417	     45419	8000b484	010b67b3	or	x15,x22,x16	 x22:0x0000000d x16:0x0000000c x15=0x0000000d
         910437	     45420	8000b488	4271	c.li	x4,28	  x4=0x0000001c
         910457	     45421	8000b48a	00791db3	sll	x27,x18,x7	 x18:0x0000000c  x7:0xe97aa000 x27=0x0000000c
         910477	     45422	8000b48e	340ff673	csrrci	x12,mscratch,31	 x12=0x0000000d
         910677	     45432	8000b492	00330663	beq	x6,x3,8000b49e	  x6:0x00000001  x3:0xf0000000
         910937	     45445	8000b496	34003573	csrrc	x10,mscratch,x0	  x0:0x00000000 x10=0x00000000
         911357	     45466	8000b49a	0081cbb3	xor	x23,x3,x8	  x3:0xf0000000  x8:0x00007fff x23=0xf0007fff
         911377	     45467	8000b49e	0dc1	c.addi	x27,16	 x27:0x0000000c x27=0x0000001c
         911777	     45487	8000b4a0	08ad	c.addi	x17,11	 x17:0x00000000 x17=0x0000000b
         912517	     45524	8000b4a2	02b2e5b3	rem	x11,x5,x11	  x5:0x80022df8 x11:0x00000001 x11=0x00000000
         912537	     45525	8000b4a6	0070d793	srli	x15,x1,0x7	  x1:0x24f1a348 x15=0x0049e346
         913277	     45562	8000b4aa	0299dcb3	divu	x25,x19,x9	 x19:0x00000000  x9:0x80026ce4 x25=0x00000000
         913297	     45563	8000b4ae	8eb1	c.xor	x13,x12	 x13:0x00000000 x12:0x0000000d x13=0x0000000d
         913317	     45564	8000b4b0	03858733	mul	x14,x11,x24	 x11:0x00000000 x24:0x0000000d x14=0x00000000
         913337	     45565	8000b4b4	99ba	c.add	x19,x14	 x19:0x00000000 x14:0x00000000 x19=0x00000000
         913357	     45566	8000b4b6	0069c363	blt	x19,x6,8000b4bc	 x19:0x00000000  x6:0x00000001
         913397	     45568	8000b4bc	0001	c.addi	x0,0	  x0:0x00000000  x0=0x00000000
         913417	     45569	8000b4be	404b8d33	sub	x26,x23,x4	 x23:0xf0007fff  x4:0x0000001c x26=0xf0007fe3
         914157	     45606	8000b4c2	027dde33	divu	x28,x27,x7	 x27:0x0000001c  x7:0xe97aa000 x28=0x00000000
         914177	     45607	8000b4c6	026b0663	beq	x22,x6,8000b4f2	 x22:0x0000000d  x6:0x00000001
         914197	     45608	8000b4ca	01846f33	or	x30,x8,x24	  x8:0x00007fff x24:0x0000000d x30=0x00007fff
         914217	     45609	8000b4ce	41580333	sub	x6,x16,x21	 x16:0x0000000c x21:0x00000000  x6=0x0000000c
         914237	     45610	8000b4d2	02b01063	bne	x0,x11,8000b4f2	  x0:0x00000000 x11:0x00000000
         914317	     45614	8000b4d6	3865b0b7	lui	x1,0x3865b	  x1=0x3865b000
         914457	     45621	8000b4da	03c55833	divu	x16,x10,x28	 x10:0x00000000 x28:0x00000000 x16=0xffffffff
         914477	     45622	8000b4de	8df5	c.and	x11,x13	 x11:0x00000000 x13:0x0000000d x11=0x00000000
         914597	     45628	8000b4e0	2bef5617	auipc	x12,0x2bef5	 x12=0xabf004e0
         914617	     45629	8000b4e4	02f76f63	bltu	x14,x15,8000b522	 x14:0x00000000 x15:0x0049e346
         915237	     45660	8000b522	00adce33	xor	x28,x27,x10	 x27:0x0000001c x10:0x00000000 x28=0x0000001c
         915257	     45661	8000b526	8375	c.srli	x14,0x1d	 x14:0x00000000 x14=0x00000000
         915577	     45677	8000b528	d833cd13	xori	x26,x7,-637	  x7:0xe97aa000 x26=0x16855d83
         915597	     45678	8000b52c	019cbb33	sltu	x22,x25,x25	 x25:0x00000000 x25:0x00000000 x22=0x00000000
         915617	     45679	8000b530	040a6463	bltu	x20,x0,8000b578	 x20:0x0000000d  x0:0x00000000
         915677	     45682	8000b534	8da5	c.xor	x11,x9	 x11:0x00000000  x9:0x80026ce4 x11=0x80026ce4
         915777	     45687	8000b536	01f6d7b3	srl	x15,x13,x31	 x13:0x0000000d x31:0x0000000d x15=0x00000000
         915797	     45688	8000b53a	340f3873	csrrc	x16,mscratch,x30	 x30:0x00007fff x16=0x00000000
         915817	     45689	8000b53e	0001	c.addi	x0,0	  x0:0x00000000  x0=0x00000000
         915837	     45690	8000b540	34003cf3	csrrc	x25,mscratch,x0	  x0:0x00000000 x25=0x00000000
         915857	     45691	8000b544	0000100f	fence.i	
         916297	     45713	8000b548	340070f3	csrrci	x1,mscratch,0	  x1=0x00000000
         916717	     45734	8000b54c	01b90233	add	x4,x18,x27	 x18:0x0000000c x27:0x0000001c  x4=0x00000028
         916817	     45739	8000b550	e799	c.bnez	x15,8000b55e	 x15:0x00000000
         916957	     45746	8000b552	00cd65b3	or	x11,x26,x12	 x26:0x16855d83 x12:0xabf004e0 x11=0xbff55de3
         916997	     45748	8000b556	b4858e93	addi	x29,x11,-1208	 x11:0xbff55de3 x29=0xbff5592b
         917017	     45749	8000b55a	340061f3	csrrsi	x3,mscratch,0	  x3=0x00000000
         917057	     45751	8000b55e	037e2533	mulhsu	x10,x28,x23	 x28:0x0000001c x23:0xf0007fff x10=0x0000001a
         917077	     45752	8000b562	01716763	bltu	x2,x23,8000b570	  x2:0x80000000 x23:0xf0007fff
         917297	     45763	8000b570	34002d73	csrrs	x26,mscratch,x0	  x0:0x00000000 x26=0x00000000
         917337	     45765	8000b574	037abbb3	mulhu	x23,x21,x23	 x21:0x00000000 x23:0xf0007fff x23=0x00000000
         917537	     45775	8000b578	34007ff3	csrrci	x31,mscratch,0	 x31=0x00000000
         917577	     45777	8000b57c	408b55b3	sra	x11,x22,x8	 x22:0x00000000  x8:0x00007fff x11=0x00000000
         917597	     45778	8000b580	340b2cf3	csrrs	x25,mscratch,x22	 x22:0x00000000 x25=0x00000000
         917837	     45790	8000b584	cb05	c.beqz	x14,8000b5b4	 x14:0x00000000
         918317	     45814	8000b5b4	40f68433	sub	x8,x13,x15	 x13:0x0000000d x15:0x00000000  x8=0x0000000d
         918357	     45816	8000b5b8	34006bf3	csrrsi	x23,mscratch,0	 x23=0x00000000
         918377	     45817	8000b5bc	87289bb7	lui	x23,0x87289	 x23=0x87289000
         918797	     45838	8000b5c0	8d79	c.and	x10,x14	 x10:0x0000001a x14:0x00000000 x10=0x00000000
         918817	     45839	8000b5c2	e609	c.bnez	x12,8000b5cc	 x12:0xabf004e0
         920477	     45922	8000b5cc	02417a33	remu	x20,x2,x4	  x2:0x80000000  x4:0x00000028 x20=0x00000008
         920497	     45923	8000b5d0	00b6	c.slli	x1,0xd	  x1:0x00000000  x1=0x00000000
         921237	     45960	8000b5d2	025343b3	div	x7,x6,x5	  x6:0x0000000c  x5:0x80022df8  x7=0x00000000
         921257	     45961	8000b5d6	016ed833	srl	x16,x29,x22	 x29:0xbff5592b x22:0x00000000 x16=0xbff5592b
         921277	     45962	8000b5da	40e48333	sub	x6,x9,x14	  x9:0x80026ce4 x14:0x00000000  x6=0x80026ce4
         922017	     45999	8000b5de	0255c7b3	div	x15,x11,x5	 x11:0x00000000  x5:0x80022df8 x15=0x00000000
         922057	     46001	8000b5e2	02a31eb3	mulh	x29,x6,x10	  x6:0x80026ce4 x10:0x00000000 x29=0x00000000
         922077	     46002	8000b5e6	0280f163	bgeu	x1,x8,8000b608	  x1:0x00000000  x8:0x0000000d
         922097	     46003	8000b5ea	8f475db7	lui	x27,0x8f475	 x27=0x8f475000
         922117	     46004	8000b5ee	68184237	lui	x4,0x68184	  x4=0x68184000
         922137	     46005	8000b5f2	340c19f3	csrrw	x19,mscratch,x24	 x24:0x0000000d x19=0x00000000
         922157	     46006	8000b5f6	0ff0000f	fence	iorw,iorw	
         922177	     46007	8000b5fa	9d42	c.add	x26,x16	 x26:0x00000000 x16:0xbff5592b x26=0xbff5592b
         922257	     46011	8000b5fc	408d5793	srai	x15,x26,0x8	 x26:0xbff5592b x15=0xffbff559
         922277	     46012	8000b600	00e68e63	beq	x13,x14,8000b61c	 x13:0x0000000d x14:0x00000000
         922297	     46013	8000b604	8b25	c.andi	x14,9	 x14:0x00000000 x14=0x00000000
         922317	     46014	8000b606	83c6	c.mv	x7,x17	  x0:0x00000000 x17:0x0000000b  x7=0x0000000b
         922517	     46024	8000b608	8509	c.srai	x10,0x2	 x10:0x00000000 x10=0x00000000
         922537	     46025	8000b60a	624d	c.lui	x4,0x13	  x4=0x00013000
         922717	     46034	8000b60c	34002273	csrrs	x4,mscratch,x0	  x0:0x00000000  x4=0x0000000d
         922737	     46035	8000b610	035cff63	bgeu	x25,x21,8000b64e	 x25:0x00000000 x21:0x00000000
         923217	     46059	8000b64e	035bfa63	bgeu	x23,x21,8000b682	 x23:0x87289000 x21:0x00000000
         923397	     46068	8000b682	04958213	addi	x4,x11,73	 x11:0x00000000  x4=0x00000049
         923417	     46069	8000b686	077e	c.slli	x14,0x1f	 x14:0x00000000 x14=0x00000000
         923437	     46070	8000b688	00566533	or	x10,x12,x5	 x12:0xabf004e0  x5:0x80022df8 x10=0xabf22df8
         923517	     46074	8000b68c	018aa6b3	slt	x13,x21,x24	 x21:0x00000000 x24:0x0000000d x13=0x00000001
         923537	     46075	8000b690	0e6ac593	xori	x11,x21,230	 x21:0x00000000 x11=0x000000e6
         923577	     46077	8000b694	03dfa9b3	mulhsu	x19,x31,x29	 x31:0x00000000 x29:0x00000000 x19=0x00000000
         923737	     46085	8000b698	34007073	csrrci	x0,mscratch,0	  x0=0x00000000
         923757	     46086	8000b69c	0ff0000f	fence	iorw,iorw	
         923777	     46087	8000b6a0	00194933	xor	x18,x18,x1	 x18:0x0000000c  x1:0x00000000 x18=0x0000000c
         923797	     46088	8000b6a4	1d9bfd13	andi	x26,x23,473	 x23:0x87289000 x26=0x00000000
         923897	     46093	8000b6a8	01138d63	beq	x7,x17,8000b6c2	  x7:0x0000000b x17:0x0000000b
         924537	     46125	8000b6c2	6c21	c.lui	x24,0x8	 x24=0x00008000
         924557	     46126	8000b6c4	003baa33	slt	x20,x23,x3	 x23:0x87289000  x3:0x00000000 x20=0x00000001
         924837	     46140	8000b6c8	0134c9b3	xor	x19,x9,x19	  x9:0x80026ce4 x19:0x00000000 x19=0x80026ce4
         925277	     46162	8000b6cc	025b3ab3	mulhu	x21,x22,x5	 x22:0x00000000  x5:0x80022df8 x21=0x00000000
         925297	     46163	8000b6d0	410ed913	srai	x18,x29,0x10	 x29:0x00000000 x18=0x00000000
         925317	     46164	8000b6d4	e98d	c.bnez	x11,8000b706	 x11:0x000000e6
         933197	     46558	8000b706	9a8a	c.add	x21,x2	 x21:0x00000000  x2:0x80000000 x21=0x80000000
         933217	     46559	8000b708	0639	c.addi	x12,14	 x12:0xabf004e0 x12=0xabf004ee
         933237	     46560	8000b70a	9afd	c.andi	x13,-1	 x13:0x00000001 x13=0x00000001
         933257	     46561	8000b70c	8409	c.srai	x8,0x2	  x8:0x0000000d  x8=0x00000003
         933277	     46562	8000b70e	34002c73	csrrs	x24,mscratch,x0	  x0:0x00000000 x24=0x0000000d
         933297	     46563	8000b712	00803533	sltu	x10,x0,x8	  x0:0x00000000  x8:0x00000003 x10=0x00000001
         933317	     46564	8000b716	e319	c.bnez	x14,8000b71c	 x14:0x00000000
         933437	     46570	8000b718	340d59f3	csrrwi	x19,mscratch,26	 x19=0x0000000d
         933557	     46576	8000b71c	005649b3	xor	x19,x12,x5	 x12:0xabf004ee  x5:0x80022df8 x19=0x2bf22916
         933577	     46577	8000b720	8fde	c.mv	x31,x23	  x0:0x00000000 x23:0x87289000 x31=0x87289000
         933597	     46578	8000b722	039d5a63	bge	x26,x25,8000b756	 x26:0x00000000 x25:0x00000000
         934857	     46641	8000b756	02776d33	rem	x26,x14,x7	 x14:0x00000000  x7:0x0000000b x26=0x00000000
         934877	     46642	8000b75a	0000100f	fence.i	
         935197	     46658	8000b75e	015ff263	bgeu	x31,x21,8000b762	 x31:0x87289000 x21:0x80000000
         935397	     46668	8000b762	fbb02817	auipc	x16,0xfbb02	 x16=0x7bb0d762
         935417	     46669	8000b766	c321	c.beqz	x14,8000b7a6	 x14:0x00000000
         935817	     46689	8000b7a6	017b8833	add	x16,x23,x23	 x23:0x87289000 x23:0x87289000 x16=0x0e512000
         935837	     46690	8000b7aa	03378433	mul	x8,x15,x19	 x15:0xffbff559 x19:0x2bf22916  x8=0x99ec56a6
         935877	     46692	8000b7ae	02871933	mulh	x18,x14,x8	 x14:0x00000000  x8:0x99ec56a6 x18=0x00000000
         935897	     46693	8000b7b2	014bcf33	xor	x30,x23,x20	 x23:0x87289000 x20:0x00000001 x30=0x87289001
         935917	     46694	8000b7b6	8d7d	c.and	x10,x15	 x10:0x00000001 x15:0xffbff559 x10=0x00000001
         935937	     46695	8000b7b8	ca6bc793	xori	x15,x23,-858	 x23:0x87289000 x15=0x78d76ca6
         936077	     46702	8000b7bc	40d0dbb3	sra	x23,x1,x13	  x1:0x00000000 x13:0x00000001 x23=0x00000000
         936197	     46708	8000b7c0	4058db33	sra	x22,x17,x5	 x17:0x0000000b  x5:0x80022df8 x22=0x00000000
         936297	     46713	8000b7c4	416705b3	sub	x11,x14,x22	 x14:0x00000000 x22:0x00000000 x11=0x00000000
         936477	     46722	8000b7c8	02dd2bb3	mulhsu	x23,x26,x13	 x26:0x00000000 x13:0x00000001 x23=0x00000000
         936877	     46742	8000b7cc	00481a33	sll	x20,x16,x4	 x16:0x0e512000  x4:0x00000049 x20=0xa2400000
         937157	     46756	8000b7d0	29223013	sltiu	x0,x4,658	  x4:0x00000049  x0=0x00000000
         937337	     46765	8000b7d4	8c65	c.and	x8,x9	  x8:0x99ec56a6  x9:0x80026ce4  x8=0x800044a4
         937357	     46766	8000b7d6	00c5ea63	bltu	x11,x12,8000b7ea	 x11:0x00000000 x12:0xabf004ee
         937877	     46792	8000b7ea	10afe593	ori	x11,x31,266	 x31:0x87289000 x11=0x8728910a
         937897	     46793	8000b7ee	1afd	c.addi	x21,-1	 x21:0x80000000 x21=0x7fffffff
         937917	     46794	8000b7f0	ea9d	c.bnez	x13,8000b826	 x13:0x00000001
         938537	     46825	8000b826	40bb5033	sra	x0,x22,x11	 x22:0x00000000 x11:0x8728910a  x0=0x00000000
         938557	     46826	8000b82a	0ff0000f	fence	iorw,iorw	
         938577	     46827	8000b82e	40e5	c.li	x1,25	  x1=0x00000019
         938597	     46828	8000b830	34007373	csrrci	x6,mscratch,0	  x6=0x0000001a
         938617	     46829	8000b834	017b8433	add	x8,x23,x23	 x23:0x00000000 x23:0x00000000  x8=0x00000000
         938817	     46839	8000b838	00aed1b3	srl	x3,x29,x10	 x29:0x00000000 x10:0x00000001  x3=0x00000000
         939577	     46877	8000b83c	0332f5b3	remu	x11,x5,x19	  x5:0x80022df8 x19:0x2bf22916 x11=0x281ddbcc
         939617	     46879	8000b840	039f3933	mulhu	x18,x30,x25	 x30:0x87289001 x25:0x00000000 x18=0x00000000
         939637	     46880	8000b844	410c0d33	sub	x26,x24,x16	 x24:0x0000000d x16:0x0e512000 x26=0xf1aee00d
         939977	     46897	8000b848	8191	c.srli	x11,0x4	 x11:0x281ddbcc x11=0x0281ddbc
         939997	     46898	8000b84a	03d17463	bgeu	x2,x29,8000b872	  x2:0x80000000 x29:0x00000000
         940737	     46935	8000b872	0ff0000f	fence	iorw,iorw	
         940757	     46936	8000b876	00230fb3	add	x31,x6,x2	  x6:0x0000001a  x2:0x80000000 x31=0x8000001a
         940777	     46937	8000b87a	f4438f93	addi	x31,x7,-188	  x7:0x0000000b x31=0xffffff4f
         940797	     46938	8000b87e	40e5d793	srai	x15,x11,0xe	 x11:0x0281ddbc x15=0x00000a07
         940977	     46947	8000b882	01af9233	sll	x4,x31,x26	 x31:0xffffff4f x26:0xf1aee00d  x4=0xffe9e000
         940997	     46948	8000b886	81ea	c.mv	x3,x26	  x0:0x00000000 x26:0xf1aee00d  x3=0xf1aee00d
         941397	     46968	8000b888	1ad6a813	slti	x16,x13,429	 x13:0x00000001 x16=0x00000001
         941417	     46969	8000b88c	340527f3	csrrs	x15,mscratch,x10	 x10:0x00000001 x15=0x0000001a
         941437	     46970	8000b890	036a8533	mul	x10,x21,x22	 x21:0x7fffffff x22:0x00000000 x10=0x00000000
         941457	     46971	8000b894	02620163	beq	x4,x6,8000b8b6	  x4:0xffe9e000  x6:0x0000001a
         941477	     46972	8000b898	8c45	c.or	x8,x9	  x8:0x00000000  x9:0x80026ce4  x8=0x80026ce4
         941657	     46981	8000b89a	6331fc13	andi	x24,x3,1587	  x3:0xf1aee00d x24=0x00000001
         941857	     46991	8000b89e	06583813	sltiu	x16,x16,101	 x16:0x00000001 x16=0x00000001
         941877	     46992	8000b8a2	41905d33	sra	x26,x0,x25	  x0:0x00000000 x25:0x00000000 x26=0x00000000
         941977	     46997	8000b8a6	02860b33	mul	x22,x12,x8	 x12:0xabf004ee  x8:0x80026ce4 x22=0x6db4cbf8
         942017	     46999	8000b8aa	038325b3	mulhsu	x11,x6,x24	  x6:0x0000001a x24:0x00000001 x11=0x00000000
         942877	     47042	8000b8ae	03117433	remu	x8,x2,x17	  x2:0x80000000 x17:0x0000000b  x8=0x00000002
         942917	     47044	8000b8b2	029cae33	mulhsu	x28,x25,x9	 x25:0x00000000  x9:0x80026ce4 x28=0x00000000
         942937	     47045	8000b8b6	8ef5	c.and	x13,x13	 x13:0x00000001 x13:0x00000001 x13=0x00000001
         942957	     47046	8000b8b8	8d4d	c.or	x10,x11	 x10:0x00000000 x11:0x00000000 x10=0x00000000
         942977	     47047	8000b8ba	02449063	bne	x9,x4,8000b8da	  x9:0x80026ce4  x4:0xffe9e000
         943257	     47061	8000b8da	99c2	c.add	x19,x16	 x19:0x2bf22916 x16:0x00000001 x19=0x2bf22917
         943277	     47062	8000b8dc	5613cd13	xori	x26,x7,1377	  x7:0x0000000b x26=0x0000056a
         943377	     47067	8000b8e0	0ac2	c.slli	x21,0x10	 x21:0x7fffffff x21=0xffff0000
         943397	     47068	8000b8e2	2c6c3b13	sltiu	x22,x24,710	 x24:0x00000001 x22=0x00000001
         943797	     47088	8000b8e6	01697233	and	x4,x18,x22	 x18:0x00000000 x22:0x00000001  x4=0x00000000
         944237	     47110	8000b8ea	03511c33	mulh	x24,x2,x21	  x2:0x80000000 x21:0xffff0000 x24=0x00008000
         944257	     47111	8000b8ee	00dee033	or	x0,x29,x13	 x29:0x00000000 x13:0x00000001  x0=0x00000000
         944277	     47112	8000b8f2	00497eb3	and	x29,x18,x4	 x18:0x00000000  x4:0x00000000 x29=0x00000000
         944417	     47119	8000b8f6	0090dab3	srl	x21,x1,x9	  x1:0x00000019  x9:0x80026ce4 x21=0x00000001
         944437	     47120	8000b8fa	01515a13	srli	x20,x2,0x15	  x2:0x80000000 x20=0x00000400
         944657	     47131	8000b8fe	340bddf3	csrrwi	x27,mscratch,23	 x27=0x0000001b
         944997	     47148	8000b902	0051dcb3	srl	x25,x3,x5	  x3:0xf1aee00d  x5:0x80022df8 x25=0x000000f1
         945017	     47149	8000b906	8659	c.srai	x12,0x16	 x12:0xabf004ee x12=0xfffffeaf
         945037	     47150	8000b908	8851	c.andi	x8,20	  x8:0x00000002  x8=0x00000000
         945357	     47166	8000b90a	03cef333	remu	x6,x29,x28	 x29:0x00000000 x28:0x00000000  x6=0x00000000
         945377	     47167	8000b90e	797b3e13	sltiu	x28,x22,1943	 x22:0x00000001 x28=0x00000001
         945497	     47173	8000b912	340d65f3	csrrsi	x11,mscratch,26	 x11=0x00000017
         945517	     47174	8000b916	8a4a	c.mv	x20,x18	  x0:0x00000000 x18:0x00000000 x20=0x00000000
         945537	     47175	8000b918	00f21733	sll	x14,x4,x15	  x4:0x00000000 x15:0x0000001a x14=0x00000000
         945737	     47185	8000b91c	feb1f837	lui	x16,0xfeb1f	 x16=0xfeb1f000
         945857	     47191	8000b920	0380b433	mulhu	x8,x1,x24	  x1:0x00000019 x24:0x00008000  x8=0x00000000
         946257	     47211	8000b924	40095013	srai	x0,x18,0x0	 x18:0x00000000  x0=0x00000000
         946277	     47212	8000b928	8e21	c.xor	x12,x8	 x12:0xfffffeaf  x8:0x00000000 x12=0xfffffeaf
         946657	     47231	8000b92a	01a61763	bne	x12,x26,8000b938	 x12:0xfffffeaf x26:0x0000056a
         947597	     47278	8000b938	340d9573	csrrw	x10,mscratch,x27	 x27:0x0000001b x10=0x0000001f
         947717	     47284	8000b93c	00b3b6b3	sltu	x13,x7,x11	  x7:0x0000000b x11:0x00000017 x13=0x00000001
         948097	     47303	8000b940	00bb6b33	or	x22,x22,x11	 x22:0x00000001 x11:0x00000017 x22=0x00000017
         948117	     47304	8000b944	5f71ae13	slti	x28,x3,1527	  x3:0xf1aee00d x28=0x00000001
         948197	     47308	8000b948	0000100f	fence.i	
         949177	     47357	8000b94c	8c4d	c.or	x8,x11	  x8:0x00000000 x11:0x00000017  x8=0x00000017
         949257	     47361	8000b94e	34065273	csrrwi	x4,mscratch,12	  x4=0x0000001b
         949277	     47362	8000b952	8c41	c.or	x8,x8	  x8:0x00000017  x8:0x00000017  x8=0x00000017
         949297	     47363	8000b954	27b3a213	slti	x4,x7,635	  x7:0x0000000b  x4=0x00000001
         949317	     47364	8000b958	000a9833	sll	x16,x21,x0	 x21:0x00000001  x0:0x00000000 x16=0x00000001
         949457	     47371	8000b95c	022691b3	mulh	x3,x13,x2	 x13:0x00000001  x2:0x80000000  x3=0xffffffff
         949477	     47372	8000b960	00324763	blt	x4,x3,8000b96e	  x4:0x00000001  x3:0xffffffff
         949877	     47392	8000b964	8051	c.srli	x8,0x14	  x8:0x00000017  x8=0x00000000
         950617	     47429	8000b966	02ca7db3	remu	x27,x20,x12	 x20:0x00000000 x12:0xfffffeaf x27=0x00000000
         950637	     47430	8000b96a	0134df13	srli	x30,x9,0x13	  x9:0x80026ce4 x30=0x00001000
         950657	     47431	8000b96e	00eea1b3	slt	x3,x29,x14	 x29:0x00000000 x14:0x00000000  x3=0x00000000
         950677	     47432	8000b972	002be7b3	or	x15,x23,x2	 x23:0x00000000  x2:0x80000000 x15=0x80000000
         950697	     47433	8000b976	018a	c.slli	x3,0x2	  x3:0x00000000  x3=0x00000000
         950717	     47434	8000b978	3deccc13	xori	x24,x25,990	 x25:0x000000f1 x24=0x0000032f
         950737	     47435	8000b97c	8c55	c.or	x8,x13	  x8:0x00000000 x13:0x00000001  x8=0x00000001
         950977	     47447	8000b97e	41fc0433	sub	x8,x24,x31	 x24:0x0000032f x31:0xffffff4f  x8=0x000003e0
         950997	     47448	8000b982	8ffd	c.and	x15,x15	 x15:0x80000000 x15:0x80000000 x15=0x80000000
         951097	     47453	8000b984	01c14a63	blt	x2,x28,8000b998	  x2:0x80000000 x28:0x00000001
         951357	     47466	8000b998	e54e6a13	ori	x20,x28,-428	 x28:0x00000001 x20=0xfffffe55
         951377	     47467	8000b99c	340a15f3	csrrw	x11,mscratch,x20	 x20:0xfffffe55 x11=0x0000000c
         951417	     47469	8000b9a0	03b6f833	remu	x16,x13,x27	 x13:0x00000001 x27:0x00000000 x16=0x00000001
         951817	     47489	8000b9a4	41edd9b3	sra	x19,x27,x30	 x27:0x00000000 x30:0x00001000 x19=0x00000000
         951857	     47491	8000b9a8	0265bb33	mulhu	x22,x11,x6	 x11:0x0000000c  x6:0x00000000 x22=0x00000000
         951917	     47494	8000b9ac	04f6e363	bltu	x13,x15,8000b9f2	 x13:0x00000001 x15:0x80000000
         953577	     47577	8000b9f2	035b70b3	remu	x1,x22,x21	 x22:0x00000000 x21:0x00000001  x1=0x00000000
         953617	     47579	8000b9f6	021b1cb3	mulh	x25,x22,x1	 x22:0x00000000  x1:0x00000000 x25=0x00000000
         953637	     47580	8000b9fa	03391563	bne	x18,x19,8000ba24	 x18:0x00000000 x19:0x00000000
         953657	     47581	8000b9fe	0001	c.addi	x0,0	  x0:0x00000000  x0=0x00000000
         953677	     47582	8000ba00	51572c17	auipc	x24,0x51572	 x24=0xd157da00
         953997	     47598	8000ba04	019f4433	xor	x8,x30,x25	 x30:0x00001000 x25:0x00000000  x8=0x00001000
         954017	     47599	8000ba08	01191393	slli	x7,x18,0x11	 x18:0x00000000  x7=0x00000000
         954057	     47601	8000ba0c	03411fb3	mulh	x31,x2,x20	  x2:0x80000000 x20:0xfffffe55 x31=0x000000d5
         954077	     47602	8000ba10	31ba3f37	lui	x30,0x31ba3	 x30=0x31ba3000
         954257	     47611	8000ba14	01fb9863	bne	x23,x31,8000ba24	 x23:0x00000000 x31:0x000000d5
         955057	     47651	8000ba24	009e7433	and	x8,x28,x9	 x28:0x00000001  x9:0x80026ce4  x8=0x00000000
         955237	     47660	8000ba28	340075f3	csrrci	x11,mscratch,0	 x11=0xfffffe55
         955277	     47662	8000ba2c	34007cf3	csrrci	x25,mscratch,0	 x25=0xfffffe55
         955297	     47663	8000ba30	05170363	beq	x14,x17,8000ba76	 x14:0x00000000 x17:0x0000000b
         955337	     47665	8000ba34	40375c93	srai	x25,x14,0x3	 x14:0x00000000 x25=0x00000000
         955817	     47689	8000ba38	01bc9d93	slli	x27,x25,0x1b	 x25:0x00000000 x27=0x00000000
         955857	     47691	8000ba3c	03ba3833	mulhu	x16,x20,x27	 x20:0xfffffe55 x27:0x00000000 x16=0x00000000
         956717	     47734	8000ba40	02266f33	rem	x30,x12,x2	 x12:0xfffffeaf  x2:0x80000000 x30=0xfffffeaf
         956737	     47735	8000ba44	8ee9	c.and	x13,x10	 x13:0x00000001 x10:0x0000001f x13=0x00000001
         956777	     47737	8000ba46	03a09c33	mulh	x24,x1,x26	  x1:0x00000000 x26:0x0000056a x24=0x00000000
         956797	     47738	8000ba4a	167d	c.addi	x12,-1	 x12:0xfffffeaf x12=0xfffffeae
         956817	     47739	8000ba4c	9906	c.add	x18,x1	 x18:0x00000000  x1:0x00000000 x18=0x00000000
         956837	     47740	8000ba4e	00b24863	blt	x4,x11,8000ba5e	  x4:0x00000001 x11:0xfffffe55
         956857	     47741	8000ba52	404c8d33	sub	x26,x25,x4	 x25:0x00000000  x4:0x00000001 x26=0xffffffff
         956877	     47742	8000ba56	e088b913	sltiu	x18,x17,-504	 x17:0x0000000b x18=0x00000001
         956897	     47743	8000ba5a	8e5f7993	andi	x19,x30,-1819	 x30:0xfffffeaf x19=0xfffff8a5
         956917	     47744	8000ba5e	0c4a	c.slli	x24,0x12	 x24:0x00000000 x24=0x00000000
         957097	     47753	8000ba60	2eb94c17	auipc	x24,0x2eb94	 x24=0xaeb9fa60
         957117	     47754	8000ba64	8c35	c.xor	x8,x13	  x8:0x00000000 x13:0x00000001  x8=0x00000001
         957137	     47755	8000ba66	00dc9663	bne	x25,x13,8000ba72	 x25:0x00000000 x13:0x00000001
         957557	     47776	8000ba72	556de217	auipc	x4,0x556de	  x4=0xd56e9a72
         957577	     47777	8000ba76	012b09b3	add	x19,x22,x18	 x22:0x00000000 x18:0x00000001 x19=0x00000001
         957597	     47778	8000ba7a	0001	c.addi	x0,0	  x0:0x00000000  x0=0x00000000
         957957	     47796	8000ba7c	418a5193	srai	x3,x20,0x18	 x20:0xfffffe55  x3=0xffffffff
         957977	     47797	8000ba80	00c05013	srli	x0,x0,0xc	  x0:0x00000000  x0=0x00000000
         958097	     47803	8000ba84	8dc5	c.or	x11,x9	 x11:0xfffffe55  x9:0x80026ce4 x11=0xfffffef5
         958117	     47804	8000ba86	e585	c.bnez	x11,8000baae	 x11:0xfffffef5
         958917	     47844	8000baae	340f27f3	csrrs	x15,mscratch,x30	 x30:0xfffffeaf x15=0xfffffe55
         958957	     47846	8000bab2	03a01033	mulh	x0,x0,x26	  x0:0x00000000 x26:0xffffffff  x0=0x00000000
         959697	     47883	8000bab6	0242d8b3	divu	x17,x5,x4	  x5:0x80022df8  x4:0xd56e9a72 x17=0x00000000
         959717	     47884	8000baba	8749	c.srai	x14,0x12	 x14:0x00000000 x14=0x00000000
         959737	     47885	8000babc	28baa313	slti	x6,x21,651	 x21:0x00000001  x6=0x00000001
         959757	     47886	8000bac0	01352ab3	slt	x21,x10,x19	 x10:0x0000001f x19:0x00000001 x21=0x00000000
         959777	     47887	8000bac4	01bb9d13	slli	x26,x23,0x1b	 x23:0x00000000 x26=0x00000000
         959797	     47888	8000bac8	34006e73	csrrsi	x28,mscratch,0	 x28=0xfffffeff
         959817	     47889	8000bacc	9a7d	c.andi	x12,-1	 x12:0xfffffeae x12=0xfffffeae
         959877	     47892	8000bace	0ff0000f	fence	iorw,iorw	
         959897	     47893	8000bad2	001fc1b3	xor	x3,x31,x1	 x31:0x000000d5  x1:0x00000000  x3=0x000000d5
         959917	     47894	8000bad6	167d	c.addi	x12,-1	 x12:0xfffffeae x12=0xfffffead
         959937	     47895	8000bad8	40945a13	srai	x20,x8,0x9	  x8:0x00000001 x20=0x00000000
         960057	     47901	8000badc	027459b3	divu	x19,x8,x7	  x8:0x00000001  x7:0x00000000 x19=0xffffffff
         960457	     47921	8000bae0	0001	c.addi	x0,0	  x0:0x00000000  x0=0x00000000
         960477	     47922	8000bae2	011cd3b3	srl	x7,x25,x17	 x25:0x00000000 x17:0x00000000  x7=0x00000000
         960497	     47923	8000bae6	34006373	csrrsi	x6,mscratch,0	  x6=0xfffffeff
         960537	     47925	8000baea	02e615b3	mulh	x11,x12,x14	 x12:0xfffffead x14:0x00000000 x11=0x00000000
         960557	     47926	8000baee	8e06	c.mv	x28,x1	  x0:0x00000000  x1:0x00000000 x28=0x00000000
         960937	     47945	8000baf0	87bd	c.srai	x15,0xf	 x15:0xfffffe55 x15=0xffffffff
         961217	     47959	8000baf2	34006df3	csrrsi	x27,mscratch,0	 x27=0xfffffeff
         961257	     47961	8000baf6	02be0333	mul	x6,x28,x11	 x28:0x00000000 x11:0x00000000  x6=0x00000000
         961677	     47982	8000bafa	cbf73913	sltiu	x18,x14,-833	 x14:0x00000000 x18=0x00000001
         961877	     47992	8000bafe	3d525c37	lui	x24,0x3d525	 x24=0x3d525000
         961897	     47993	8000bb02	b5774693	xori	x13,x14,-1193	 x14:0x00000000 x13=0xfffffb57
         961917	     47994	8000bb06	0055f633	and	x12,x11,x5	 x11:0x00000000  x5:0x80022df8 x12=0x00000000
         962817	     48039	8000bb0a	0332ecb3	rem	x25,x5,x19	  x5:0x80022df8 x19:0xffffffff x25=0x00000000
         962837	     48040	8000bb0e	01c3a833	slt	x16,x7,x28	  x7:0x00000000 x28:0x00000000 x16=0x00000000
         962857	     48041	8000bb12	40eedc33	sra	x24,x29,x14	 x29:0x00000000 x14:0x00000000 x24=0x00000000
         962897	     48043	8000bb16	039bbeb3	mulhu	x29,x23,x25	 x23:0x00000000 x25:0x00000000 x29=0x00000000
         962917	     48044	8000bb1a	8eb9	c.xor	x13,x14	 x13:0xfffffb57 x14:0x00000000 x13=0xfffffb57
         962937	     48045	8000bb1c	c319	c.beqz	x14,8000bb22	 x14:0x00000000
         963257	     48061	8000bb22	40b25393	srai	x7,x4,0xb	  x4:0xd56e9a72  x7=0xfffaadd3
         963277	     48062	8000bb26	4dfa8a37	lui	x20,0x4dfa8	 x20=0x4dfa8000
         963297	     48063	8000bb2a	9bfd	c.andi	x15,-1	 x15:0xffffffff x15=0xffffffff
         963317	     48064	8000bb2c	8d832413	slti	x8,x6,-1832	  x6:0x00000000  x8=0x00000000
         963337	     48065	8000bb30	81eeb5b7	lui	x11,0x81eeb	 x11=0x81eeb000
         963517	     48074	8000bb34	56fd	c.li	x13,-1	 x13=0xffffffff
         963717	     48084	8000bb36	00450c33	add	x24,x10,x4	 x10:0x0000001f  x4:0xd56e9a72 x24=0xd56e9a91
         963737	     48085	8000bb3a	03508db3	mul	x27,x1,x21	  x1:0x00000000 x21:0x00000000 x27=0x00000000
         963837	     48090	8000bb3e	34036af3	csrrsi	x21,mscratch,6	 x21=0xfffffeff
         963857	     48091	8000bb42	00f72eb3	slt	x29,x14,x15	 x14:0x00000000 x15:0xffffffff x29=0x00000000
         963957	     48096	8000bb46	3400abf3	csrrs	x23,mscratch,x1	  x1:0x00000000 x23=0xfffffeff
         964017	     48099	8000bb4a	00675313	srli	x6,x14,0x6	 x14:0x00000000  x6=0x00000000
         964057	     48101	8000bb4e	340033f3	csrrc	x7,mscratch,x0	  x0:0x00000000  x7=0xfffffeff
         964077	     48102	8000bb52	961a	c.add	x12,x6	 x12:0x00000000  x6:0x00000000 x12=0x00000000
         964817	     48139	8000bb54	02f64b33	div	x22,x12,x15	 x12:0x00000000 x15:0xffffffff x22=0x00000000
         964837	     48140	8000bb58	02d9c663	blt	x19,x13,8000bb84	 x19:0xffffffff x13:0xffffffff
         964877	     48142	8000bb5c	022e26b3	mulhsu	x13,x28,x2	 x28:0x00000000  x2:0x80000000 x13=0x00000000
         964897	     48143	8000bb60	0164ecb3	or	x25,x9,x22	  x9:0x80026ce4 x22:0x00000000 x25=0x80026ce4
         964917	     48144	8000bb64	ca8d	c.beqz	x13,8000bb96	 x13:0x00000000
         965937	     48195	8000bb96	01797f63	bgeu	x18,x23,8000bbb4	 x18:0x00000001 x23:0xfffffeff
         966317	     48214	8000bb9a	050ed463	bge	x29,x16,8000bbe2	 x29:0x00000000 x16:0x00000000
         974857	     48641	8000bbe2	8c29	c.xor	x8,x10	  x8:0x00000000 x10:0x0000001f  x8=0x0000001f
         974897	     48643	8000bbe4	02c7c1b3	div	x3,x15,x12	 x15:0xffffffff x12:0x00000000  x3=0xffffffff
         974917	     48644	8000bbe8	e3a9	c.bnez	x15,8000bc2a	 x15:0xffffffff
         975237	     48660	8000bc2a	40d75193	srai	x3,x14,0xd	 x14:0x00000000  x3=0x00000000
         975257	     48661	8000bc2e	4ca57513	andi	x10,x10,1226	 x10:0x0000001f x10=0x0000000a
         975277	     48662	8000bc32	044d	c.addi	x8,19	  x8:0x0000001f  x8=0x00000032
         975297	     48663	8000bc34	9ee6	c.add	x29,x25	 x29:0x00000000 x25:0x80026ce4 x29=0x80026ce4
         975397	     48668	8000bc36	0313d0b3	divu	x1,x7,x17	  x7:0xfffffeff x17:0x00000000  x1=0xffffffff
         975417	     48669	8000bc3a	01116c33	or	x24,x2,x17	  x2:0x80000000 x17:0x00000000 x24=0x80000000
         975497	     48673	8000bc3e	03428533	mul	x10,x5,x20	  x5:0x80022df8 x20:0x4dfa8000 x10=0x932c0000
         975517	     48674	8000bc42	0449	c.addi	x8,18	  x8:0x00000032  x8=0x00000044
         975537	     48675	8000bc44	034e81b3	mul	x3,x29,x20	 x29:0x80026ce4 x20:0x4dfa8000  x3=0x211a0000
         975597	     48678	8000bc48	34003373	csrrc	x6,mscratch,x0	  x0:0x00000000  x6=0xfffffeff
         975617	     48679	8000bc4c	0000100f	fence.i	
         976057	     48701	8000bc50	00945593	srli	x11,x8,0x9	  x8:0x00000044 x11=0x00000000
         976477	     48722	8000bc54	63d5	c.lui	x7,0x15	  x7=0x00015000
         976497	     48723	8000bc56	014ecfb3	xor	x31,x29,x20	 x29:0x80026ce4 x20:0x4dfa8000 x31=0xcdf8ece4
         976677	     48732	8000bc5a	34095073	csrrwi	x0,mscratch,18	  x0=0x00000000
         976697	     48733	8000bc5e	340e1573	csrrw	x10,mscratch,x28	 x28:0x00000000 x10=0x00000012
         976717	     48734	8000bc62	82ed	c.srli	x13,0x1b	 x13:0x00000000 x13=0x00000000
         976737	     48735	8000bc64	cd147593	andi	x11,x8,-815	  x8:0x00000044 x11=0x00000040
         976757	     48736	8000bc68	0001	c.addi	x0,0	  x0:0x00000000  x0=0x00000000
         976777	     48737	8000bc6a	015ba733	slt	x14,x23,x21	 x23:0xfffffeff x21:0xfffffeff x14=0x00000000
         976797	     48738	8000bc6e	01d0bf33	sltu	x30,x1,x29	  x1:0xffffffff x29:0x80026ce4 x30=0x00000000
         977957	     48796	8000bc72	0242d833	divu	x16,x5,x4	  x5:0x80022df8  x4:0xd56e9a72 x16=0x00000000
         977977	     48797	8000bc76	e919	c.bnez	x10,8000bc8c	 x10:0x00000012
         978057	     48801	8000bc8c	02ae9763	bne	x29,x10,8000bcba	 x29:0x80026ce4 x10:0x00000012
         978197	     48808	8000bcba	8b01	c.andi	x14,0	 x14:0x00000000 x14=0x00000000
         978297	     48813	8000bcbc	3472b593	sltiu	x11,x5,839	  x5:0x80022df8 x11=0x00000000
         978317	     48814	8000bcc0	0001	c.addi	x0,0	  x0:0x00000000  x0=0x00000000
         978337	     48815	8000bcc2	0001	c.addi	x0,0	  x0:0x00000000  x0=0x00000000
         978357	     48816	8000bcc4	0b09	c.addi	x22,2	 x22:0x00000000 x22=0x00000002
         978377	     48817	8000bcc6	0000100f	fence.i	
         978537	     48825	8000bcca	3409d6f3	csrrwi	x13,mscratch,19	 x13=0x00000000
         978557	     48826	8000bcce	00951033	sll	x0,x10,x9	 x10:0x00000012  x9:0x80026ce4  x0=0x00000000
         978597	     48828	8000bcd2	028f1633	mulh	x12,x30,x8	 x30:0x00000000  x8:0x00000044 x12=0x00000000
         978617	     48829	8000bcd6	15fd	c.addi	x11,-1	 x11:0x00000000 x11=0xffffffff
         978997	     48848	8000bcd8	13fd	c.addi	x7,-1	  x7:0x00015000  x7=0x00014fff
         979397	     48868	8000bcda	026b83b3	mul	x7,x23,x6	 x23:0xfffffeff  x6:0xfffffeff  x7=0x00010201
         979417	     48869	8000bcde	4037dd33	sra	x26,x15,x3	 x15:0xffffffff  x3:0x211a0000 x26=0xffffffff
         979597	     48878	8000bce2	34056473	csrrsi	x8,mscratch,10	  x8=0x00000013
         979617	     48879	8000bce6	c411	c.beqz	x8,8000bcf2	  x8:0x00000013
         979637	     48880	8000bce8	8ca2	c.mv	x25,x8	  x0:0x00000000  x8:0x00000013 x25=0x00000013
         979657	     48881	8000bcea	31df4a37	lui	x20,0x31df4	 x20=0x31df4000
         980617	     48929	8000bcee	03985233	divu	x4,x16,x25	 x16:0x00000000 x25:0x00000013  x4=0x00000000
         980637	     48930	8000bcf2	0001	c.addi	x0,0	  x0:0x00000000  x0=0x00000000
         980657	     48931	8000bcf4	0000100f	fence.i	
         981077	     48952	8000bcf8	416adb33	sra	x22,x21,x22	 x21:0xfffffeff x22:0x00000002 x22=0xffffffbf
         981277	     48962	8000bcfc	137d	c.addi	x6,-1	  x6:0xfffffeff  x6=0xfffffefe
         981297	     48963	8000bcfe	8de5	c.and	x11,x9	 x11:0xffffffff  x9:0x80026ce4 x11=0x80026ce4
         981697	     48983	8000bd00	0001	c.addi	x0,0	  x0:0x00000000  x0=0x00000000
         981717	     48984	8000bd02	0001	c.addi	x0,0	  x0:0x00000000  x0=0x00000000
         981857	     48991	8000bd04	410ada33	sra	x20,x21,x16	 x21:0xfffffeff x16:0x00000000 x20=0xfffffeff
         981877	     48992	8000bd08	34003ff3	csrrc	x31,mscratch,x0	  x0:0x00000000 x31=0x0000001b
         982297	     49013	8000bd0c	8d75	c.and	x10,x13	 x10:0x00000012 x13:0x00000000 x10=0x00000000
         982457	     49021	8000bd0e	0420c263	blt	x1,x2,8000bd52	  x1:0xffffffff  x2:0x80000000
         982477	     49022	8000bd12	002ece33	xor	x28,x29,x2	 x29:0x80026ce4  x2:0x80000000 x28=0x00026ce4
         982497	     49023	8000bd16	cf99	c.beqz	x15,8000bd34	 x15:0xffffffff
         982537	     49025	8000bd18	407a80b3	sub	x1,x21,x7	 x21:0xfffffeff  x7:0x00010201  x1=0xfffefcfe
         982557	     49026	8000bd1c	004a9d13	slli	x26,x21,0x4	 x21:0xfffffeff x26=0xffffeff0
         982617	     49029	8000bd20	413c0233	sub	x4,x24,x19	 x24:0x80000000 x19:0xffffffff  x4=0x80000001
         982637	     49030	8000bd24	41278ab3	sub	x21,x15,x18	 x15:0xffffffff x18:0x00000001 x21=0xfffffffe
         982857	     49041	8000bd28	34085cf3	csrrwi	x25,mscratch,16	 x25=0x0000001b
         982877	     49042	8000bd2c	8f55	c.or	x14,x13	 x14:0x00000000 x13:0x00000000 x14=0x00000000
         982897	     49043	8000bd2e	c21d	c.beqz	x12,8000bd54	 x12:0x00000000
         983457	     49071	8000bd54	039eec63	bltu	x29,x25,8000bd8c	 x29:0x80026ce4 x25:0x0000001b
         983577	     49077	8000bd58	34073873	csrrc	x16,mscratch,x14	 x14:0x00000000 x16=0x00000010
         983657	     49081	8000bd5c	b93d0013	addi	x0,x26,-1133	 x26:0xffffeff0  x0=0x00000000
         983737	     49085	8000bd60	039c8463	beq	x25,x25,8000bd88	 x25:0x0000001b x25:0x0000001b
         984037	     49100	8000bd88	03eea8b3	mulhsu	x17,x29,x30	 x29:0x80026ce4 x30:0x00000000 x17=0x00000000
         984057	     49101	8000bd8c	00aa4463	blt	x20,x10,8000bd94	 x20:0xfffffeff x10:0x00000000
         984737	     49135	8000bd94	010d87b3	add	x15,x27,x16	 x27:0x00000000 x16:0x00000010 x15=0x00000010
         985337	     49165	8000bd98	0042ab03	lw	x22,4(x5)	  x5:0x80022df8 x22=0x800086fe PA:0x80022dfc load:0x800086fe
         985357	     49166	8000bd9c	03428293	addi	x5,x5,52	  x5:0x80022df8  x5=0x80022e2c
         985377	     49167	8000bda0	98f0f813	andi	x16,x1,-1649	  x1:0xfffefcfe x16=0xfffef88e
         986277	     49212	8000bda4	0341d333	divu	x6,x3,x20	  x3:0x211a0000 x20:0xfffffeff  x6=0x00000000
         986297	     49213	8000bda8	585a5697	auipc	x13,0x585a5	 x13=0xd85b0da8
         986317	     49214	8000bdac	000b0a93	addi	x21,x22,0	 x22:0x800086fe x21=0x800086fe
         986337	     49215	8000bdb0	000a8ae7	jalr	x21,0(x21)	 x21:0x800086fe x21=0x8000bdb4
         986857	     49241	800086fe	0000100f	fence.i	
         987297	     49263	80008702	01e9a9b3	slt	x19,x19,x30	 x19:0xffffffff x30:0x00000000 x19=0x00000001
         987717	     49284	80008706	02fe0f63	beq	x28,x15,80008744	 x28:0x00026ce4 x15:0x00000010
         987737	     49285	8000870a	0001	c.addi	x0,0	  x0:0x00000000  x0=0x00000000
         987757	     49286	8000870c	340ee273	csrrsi	x4,mscratch,29	  x4=0x00000010
         988037	     49300	80008710	03801fb3	mulh	x31,x0,x24	  x0:0x00000000 x24:0x80000000 x31=0x00000000
         988217	     49309	80008714	c909	c.beqz	x10,80008726	 x10:0x00000000
         988817	     49339	80008726	03e5	c.addi	x7,25	  x7:0x00010201  x7=0x0001021a
         989097	     49353	80008728	037be963	bltu	x23,x23,8000875a	 x23:0xfffffeff x23:0xfffffeff
         989497	     49373	8000872c	3402f673	csrrci	x12,mscratch,5	 x12=0x0000001d
         989517	     49374	80008730	012d1db3	sll	x27,x26,x18	 x26:0xffffeff0 x18:0x00000001 x27=0xffffdfe0
         989537	     49375	80008734	f1a00313	addi	x6,x0,-230	  x0:0x00000000  x6=0xffffff1a
         989557	     49376	80008738	008798b3	sll	x17,x15,x8	 x15:0x00000010  x8:0x00000013 x17=0x00800000
         989697	     49383	8000873c	34099e73	csrrw	x28,mscratch,x19	 x19:0x00000001 x28=0x00000018
         990437	     49420	80008740	03504c33	div	x24,x0,x21	  x0:0x00000000 x21:0x8000bdb4 x24=0x00000000
         990457	     49421	80008744	0129c563	blt	x19,x18,8000874e	 x19:0x00000001 x18:0x00000001
         990477	     49422	80008748	400bd993	srai	x19,x23,0x0	 x23:0xfffffeff x19=0xfffffeff
         990497	     49423	8000874c	8ee1	c.and	x13,x8	 x13:0xd85b0da8  x8:0x00000013 x13=0x00000000
         990517	     49424	8000874e	340b68f3	csrrsi	x17,mscratch,22	 x17=0x00000001
         990537	     49425	80008752	c8da0d93	addi	x27,x20,-883	 x20:0xfffffeff x27=0xfffffb8c
         990577	     49427	80008756	00872833	slt	x16,x14,x8	 x14:0x00000000  x8:0x00000013 x16=0x00000001
         990597	     49428	8000875a	817d	c.srli	x10,0x1f	 x10:0x00000000 x10=0x00000000
         990797	     49438	8000875c	e119	c.bnez	x10,80008762	 x10:0x00000000
         990817	     49439	8000875e	9d9e	c.add	x27,x7	 x27:0xfffffb8c  x7:0x0001021a x27=0x0000fda6
         990837	     49440	80008760	ee95	c.bnez	x13,8000879c	 x13:0x00000000
         990857	     49441	80008762	00d6aeb3	slt	x29,x13,x13	 x13:0x00000000 x13:0x00000000 x29=0x00000000
         990877	     49442	80008766	0000100f	fence.i	
         990937	     49445	8000876a	03880563	beq	x16,x24,80008794	 x16:0x00000001 x24:0x00000000
         991057	     49451	8000876e	00ac5913	srli	x18,x24,0xa	 x24:0x00000000 x18=0x00000000
         991797	     49488	80008772	0335d3b3	divu	x7,x11,x19	 x11:0x80026ce4 x19:0xfffffeff  x7=0x00000000
         991817	     49489	80008776	d5627793	andi	x15,x4,-682	  x4:0x00000010 x15=0x00000010
         991837	     49490	8000877a	01e1f663	bgeu	x3,x30,80008786	  x3:0x211a0000 x30:0x00000000
         992097	     49503	80008786	0001	c.addi	x0,0	  x0:0x00000000  x0=0x00000000
         992117	     49504	80008788	034e9263	bne	x29,x20,800087ac	 x29:0x00000000 x20:0xfffffeff
         992617	     49529	800087ac	06407913	andi	x18,x0,100	  x0:0x00000000 x18=0x00000000
         992657	     49531	800087b0	02066633	rem	x12,x12,x0	 x12:0x0000001d  x0:0x00000000 x12=0x0000001d
         992677	     49532	800087b4	05629363	bne	x5,x22,800087fa	  x5:0x80022e2c x22:0x800086fe
         993637	     49580	800087fa	40dc8ab3	sub	x21,x25,x13	 x25:0x0000001b x13:0x00000000 x21=0x0000001b
         993657	     49581	800087fe	6f35	c.lui	x30,0xd	 x30=0x0000d000
         993677	     49582	80008800	445bc413	xori	x8,x23,1093	 x23:0xfffffeff  x8=0xfffffaba
         993737	     49585	80008804	01e185b3	add	x11,x3,x30	  x3:0x211a0000 x30:0x0000d000 x11=0x211ad000
         993897	     49593	80008808	40a75413	srai	x8,x14,0xa	 x14:0x00000000  x8=0x00000000
         993917	     49594	8000880c	4b01	c.li	x22,0	 x22=0x00000000
         994037	     49600	8000880e	02fba233	mulhsu	x4,x23,x15	 x23:0xfffffeff x15:0x00000010  x4=0xffffffff
         994257	     49611	80008812	01364bb3	xor	x23,x12,x19	 x12:0x0000001d x19:0xfffffeff x23=0xfffffee2
         994277	     49612	80008816	167d	c.addi	x12,-1	 x12:0x0000001d x12=0x0000001c
         995017	     49649	80008818	021e77b3	remu	x15,x28,x1	 x28:0x00000018  x1:0xfffefcfe x15=0x00000018
         995037	     49650	8000881c	340039f3	csrrc	x19,mscratch,x0	  x0:0x00000000 x19=0x00000017
         995077	     49652	80008820	02ee2db3	mulhsu	x27,x28,x14	 x28:0x00000018 x14:0x00000000 x27=0x00000000
         995097	     49653	80008824	0ff0000f	fence	iorw,iorw	
         995117	     49654	80008828	3406b373	csrrc	x6,mscratch,x13	 x13:0x00000000  x6=0x00000017
         995137	     49655	8000882c	40648e33	sub	x28,x9,x6	  x9:0x80026ce4  x6:0x00000017 x28=0x80026ccd
         995157	     49656	80008830	96703b93	sltiu	x23,x0,-1689	  x0:0x00000000 x23=0x00000001
         995177	     49657	80008834	0064c733	xor	x14,x9,x6	  x9:0x80026ce4  x6:0x00000017 x14=0x80026cf3
         995277	     49662	80008838	8dc9	c.or	x11,x10	 x11:0x211ad000 x10:0x00000000 x11=0x211ad000
         995397	     49668	8000883a	005219b3	sll	x19,x4,x5	  x4:0xffffffff  x5:0x80022e2c x19=0xfffff000
         995417	     49669	8000883e	29cd2913	slti	x18,x26,668	 x26:0xffffeff0 x18=0x00000001
         995777	     49687	80008842	41da0033	sub	x0,x20,x29	 x20:0xfffffeff x29:0x00000000  x0=0x00000000
         995937	     49695	80008846	013d9f93	slli	x31,x27,0x13	 x27:0x00000000 x31=0x00000000
         995957	     49696	8000884a	8b76	c.mv	x22,x29	  x0:0x00000000 x29:0x00000000 x22=0x00000000
         996697	     49733	8000884c	0240c533	div	x10,x1,x4	  x1:0xfffefcfe  x4:0xffffffff x10=0x00010302
         996717	     49734	80008850	0223fe63	bgeu	x7,x2,8000888c	  x7:0x00000000  x2:0x80000000
         996737	     49735	80008854	0171bcb3	sltu	x25,x3,x23	  x3:0x211a0000 x23:0x00000001 x25=0x00000000
         996757	     49736	80008858	0001	c.addi	x0,0	  x0:0x00000000  x0=0x00000000
         996777	     49737	8000885a	81a9	c.srli	x11,0xa	 x11:0x211ad000 x11=0x000846b4
         996797	     49738	8000885c	197d	c.addi	x18,-1	 x18:0x00000001 x18=0x00000000
         996817	     49739	8000885e	8295	c.srli	x13,0x5	 x13:0x00000000 x13=0x00000000
         996837	     49740	80008860	409c5393	srai	x7,x24,0x9	 x24:0x00000000  x7=0x00000000
         996877	     49742	80008864	02d3af33	mulhsu	x30,x7,x13	  x7:0x00000000 x13:0x00000000 x30=0x00000000
         996977	     49747	80008868	08b2	c.slli	x17,0xc	 x17:0x00000001 x17=0x00001000
         996997	     49748	8000886a	001b1563	bne	x22,x1,80008874	 x22:0x00000000  x1:0xfffefcfe
         997437	     49770	80008874	340066f3	csrrsi	x13,mscratch,0	 x13=0x00000017
         997817	     49789	80008878	8a9a	c.mv	x21,x6	  x0:0x00000000  x6:0x00000017 x21=0x00000017
         997997	     49798	8000887a	01548533	add	x10,x9,x21	  x9:0x80026ce4 x21:0x00000017 x10=0x80026cfb
         998017	     49799	8000887e	01db1c33	sll	x24,x22,x29	 x22:0x00000000 x29:0x00000000 x24=0x00000000
         998037	     49800	80008882	3404bef3	csrrc	x29,mscratch,x9	  x9:0x80026ce4 x29=0x00000017
         998057	     49801	80008886	062a	c.slli	x12,0xa	 x12:0x0000001c x12=0x00007000
         998077	     49802	80008888	85bbc313	xori	x6,x23,-1957	 x23:0x00000001  x6=0xfffff85a
         998817	     49839	8000888c	025367b3	rem	x15,x6,x5	  x6:0xfffff85a  x5:0x80022e2c x15=0xfffff85a
         999557	     49876	80008890	029e75b3	remu	x11,x28,x9	 x28:0x80026ccd  x9:0x80026ce4 x11=0x80026ccd
         999597	     49878	80008894	0383ba33	mulhu	x20,x7,x24	  x7:0x00000000 x24:0x00000000 x20=0x00000000
         999617	     49879	80008898	8c41	c.or	x8,x8	  x8:0x00000000  x8:0x00000000  x8=0x00000000
         999637	     49880	8000889a	34027ef3	csrrci	x29,mscratch,4	 x29=0x00000013
         999657	     49881	8000889e	05a2	c.slli	x11,0x8	 x11:0x80026ccd x11=0x026ccd00
         999677	     49882	800088a0	157d	c.addi	x10,-1	 x10:0x80026cfb x10=0x80026cfa
         999697	     49883	800088a2	34007a73	csrrci	x20,mscratch,0	 x20=0x00000013
         999717	     49884	800088a6	61a9	c.lui	x3,0xa	  x3=0x0000a000
        1000117	     49904	800088a8	0229b333	mulhu	x6,x19,x2	 x19:0xfffff000  x2:0x80000000  x6=0x7ffff800
        1000217	     49909	800088ac	8279	c.srli	x12,0x1e	 x12:0x00007000 x12=0x00000000
        1000237	     49910	800088ae	841d	c.srai	x8,0x7	  x8:0x00000000  x8=0x00000000
        1000257	     49911	800088b0	40c70a33	sub	x20,x14,x12	 x14:0x80026cf3 x12:0x00000000 x20=0x80026cf3
        1000277	     49912	800088b4	ee99	c.bnez	x13,800088d2	 x13:0x00000017
        1000937	     49945	800088d2	6b91	c.lui	x23,0x4	 x23=0x00004000
        1000957	     49946	800088d4	177d	c.addi	x14,-1	 x14:0x80026cf3 x14=0x80026cf2
        1000977	     49947	800088d6	0001	c.addi	x0,0	  x0:0x00000000  x0=0x00000000
        1001297	     49963	800088d8	03b56e33	rem	x28,x10,x27	 x10:0x80026cfa x27:0x00000000 x28=0x80026cfa
        1001317	     49964	800088dc	4c35	c.li	x24,13	 x24=0x0000000d
        1001437	     49970	800088de	00822c33	slt	x24,x4,x8	  x4:0xffffffff  x8:0x00000000 x24=0x00000001
        1001477	     49972	800088e2	027ed0b3	divu	x1,x29,x7	 x29:0x00000013  x7:0x00000000  x1=0xffffffff
        1001497	     49973	800088e6	e16e6213	ori	x4,x28,-490	 x28:0x80026cfa  x4=0xfffffefe
        1001517	     49974	800088ea	51fd	c.li	x3,-1	  x3=0xffffffff
        1001537	     49975	800088ec	2a5afc13	andi	x24,x21,677	 x21:0x00000017 x24=0x00000005
        1001917	     49994	800088f0	8e4d	c.or	x12,x11	 x12:0x00000000 x11:0x026ccd00 x12=0x026ccd00
        1001937	     49995	800088f2	8821	c.andi	x8,8	  x8:0x00000000  x8=0x00000000
        1002337	     50015	800088f4	01812033	slt	x0,x2,x24	  x2:0x80000000 x24:0x00000005  x0=0x00000000
        1002417	     50019	800088f8	4a31	c.li	x20,12	 x20=0x0000000c
        1002537	     50025	800088fa	05630263	beq	x6,x22,8000893e	  x6:0x7ffff800 x22:0x00000000
        1002557	     50026	800088fe	01f701b3	add	x3,x14,x31	 x14:0x80026cf2 x31:0x00000000  x3=0x80026cf2
        1002577	     50027	80008902	89e63793	sltiu	x15,x12,-1890	 x12:0x026ccd00 x15=0x00000001
        1002697	     50033	80008906	b98b4093	xori	x1,x22,-1128	 x22:0x00000000  x1=0xfffffb98
        1002797	     50038	8000890a	00456bb3	or	x23,x10,x4	 x10:0x80026cfa  x4:0xfffffefe x23=0xfffffefe
        1003217	     50059	8000890e	340bf7f3	csrrci	x15,mscratch,23	 x15=0x00000013
        1003237	     50060	80008912	cf91	c.beqz	x15,8000892e	 x15:0x00000013
        1003277	     50062	80008914	8d19	c.sub	x10,x14	 x10:0x80026cfa x14:0x80026cf2 x10=0x00000008
        1003297	     50063	80008916	03cc8863	beq	x25,x28,80008946	 x25:0x00000000 x28:0x80026cfa
        1003317	     50064	8000891a	340599f3	csrrw	x19,mscratch,x11	 x11:0x026ccd00 x19=0x00000000
        1003337	     50065	8000891e	e105	c.bnez	x10,8000893e	 x10:0x00000008
        1004357	     50116	8000893e	029f1c33	mulh	x24,x30,x9	 x30:0x00000000  x9:0x80026ce4 x24=0x00000000
        1005097	     50153	80008942	021ae233	rem	x4,x21,x1	 x21:0x00000017  x1:0xfffffb98  x4=0x00000017
        1005837	     50190	80008946	0371e9b3	rem	x19,x3,x23	  x3:0x80026cf2 x23:0xfffffefe x19=0xffffff18
        1005857	     50191	8000894a	2c580593	addi	x11,x16,709	 x16:0x00000001 x11=0x000002c6
        1005877	     50192	8000894e	6ae9	c.lui	x21,0x1a	 x21=0x0001a000
        1005897	     50193	80008950	340b1d73	csrrw	x26,mscratch,x22	 x22:0x00000000 x26=0x026ccd00
        1005917	     50194	80008954	6d5d	c.lui	x26,0x17	 x26=0x00017000
        1005937	     50195	80008956	e3efab13	slti	x22,x31,-450	 x31:0x00000000 x22=0x00000000
        1005977	     50197	8000895a	034cab33	mulhsu	x22,x25,x20	 x25:0x00000000 x20:0x0000000c x22=0x00000000
        1006377	     50217	8000895e	0451d263	bge	x3,x5,800089a2	  x3:0x80026cf2  x5:0x80022e2c
        1006757	     50236	800089a2	0000100f	fence.i	
        1007417	     50269	800089a6	04797213	andi	x4,x18,71	 x18:0x00000000  x4=0x00000000
        1007437	     50270	800089aa	ca85	c.beqz	x13,800089da	 x13:0x00000017
        1007457	     50271	800089ac	8ff6	c.mv	x31,x29	  x0:0x00000000 x29:0x00000013 x31=0x00000013
        1007497	     50273	800089ae	020e5b33	divu	x22,x28,x0	 x28:0x80026cfa  x0:0x00000000 x22=0xffffffff
        1007797	     50288	800089b2	64c77917	auipc	x18,0x64c77	 x18=0xe4c7f9b2
        1007817	     50289	800089b6	34003273	csrrc	x4,mscratch,x0	  x0:0x00000000  x4=0x00000000
        1007977	     50297	800089ba	39913713	sltiu	x14,x2,921	  x2:0x80000000 x14=0x00000000
        1008397	     50318	800089be	340d2ef3	csrrs	x29,mscratch,x26	 x26:0x00017000 x29=0x00000000
        1008417	     50319	800089c2	0157e533	or	x10,x15,x21	 x15:0x00000013 x21:0x0001a000 x10=0x0001a013
        1008437	     50320	800089c6	02e77563	bgeu	x14,x14,800089f0	 x14:0x00000000 x14:0x00000000
        1008677	     50332	800089f0	03c9e763	bltu	x19,x28,80008a1e	 x19:0xffffff18 x28:0x80026cfa
        1008797	     50338	800089f4	41e3d813	srai	x16,x7,0x1e	  x7:0x00000000 x16=0x00000000
        1008817	     50339	800089f8	9a66	c.add	x20,x25	 x20:0x0000000c x25:0x00000000 x20=0x0000000c
        1008957	     50346	800089fa	34003f73	csrrc	x30,mscratch,x0	  x0:0x00000000 x30=0x00017000
        1008977	     50347	800089fe	8426	c.mv	x8,x9	  x0:0x00000000  x9:0x80026ce4  x8=0x80026ce4
        1009057	     50351	80008a00	407cd513	srai	x10,x25,0x7	 x25:0x00000000 x10=0x00000000
        1009117	     50354	80008a04	02ceca63	blt	x29,x12,80008a38	 x29:0x00000000 x12:0x026ccd00
        1009797	     50388	80008a38	01f65633	srl	x12,x12,x31	 x12:0x026ccd00 x31:0x00000013 x12=0x0000004d
        1009817	     50389	80008a3c	8c71	c.and	x8,x12	  x8:0x80026ce4 x12:0x0000004d  x8=0x00000044
        1009837	     50390	80008a3e	0ff0000f	fence	iorw,iorw	
        1009857	     50391	80008a42	09ce	c.slli	x19,0x13	 x19:0xffffff18 x19=0xf8c00000
        1009877	     50392	80008a44	79c67893	andi	x17,x12,1948	 x12:0x0000004d x17=0x0000000c
        1009897	     50393	80008a48	021ef663	bgeu	x29,x1,80008a74	 x29:0x00000000  x1:0xfffffb98
        1009917	     50394	80008a4c	3404b8f3	csrrc	x17,mscratch,x9	  x9:0x80026ce4 x17=0x00017000
        1010017	     50399	80008a50	19572813	slti	x16,x14,405	 x14:0x00000000 x16=0x00000001
        1010237	     50410	80008a54	0230a933	mulhsu	x18,x1,x3	  x1:0xfffffb98  x3:0x80026cf2 x18=0xfffffdcb
        1010297	     50413	80008a58	417c5913	srai	x18,x24,0x17	 x24:0x00000000 x18=0x00000000
        1010317	     50414	80008a5c	4a5c4413	xori	x8,x24,1189	 x24:0x00000000  x8=0x000004a5
        1010357	     50416	80008a60	0053f263	bgeu	x7,x5,80008a64	  x7:0x00000000  x5:0x80022e2c
        1010377	     50417	80008a64	013bec33	or	x24,x23,x19	 x23:0xfffffefe x19:0xf8c00000 x24=0xfffffefe
        1010417	     50419	80008a68	cd95	c.beqz	x11,80008aa4	 x11:0x000002c6
        1010437	     50420	80008a6a	8d2d	c.xor	x10,x11	 x10:0x00000000 x11:0x000002c6 x10=0x000002c6
        1010457	     50421	80008a6c	01a4cd93	xori	x27,x9,26	  x9:0x80026ce4 x27=0x80026cfe
        1010477	     50422	80008a70	0ff0000f	fence	iorw,iorw	
        1010497	     50423	80008a74	340ad8f3	csrrwi	x17,mscratch,21	 x17=0x00011000
        1010657	     50431	80008a78	851d	c.srai	x10,0x7	 x10:0x000002c6 x10=0x00000005
        1010677	     50432	80008a7a	ed85	c.bnez	x11,80008ab2	 x11:0x000002c6
        1011317	     50464	80008ab2	8545	c.srai	x10,0x11	 x10:0x00000005 x10=0x00000000
        1011497	     50473	80008ab4	00340833	add	x16,x8,x3	  x8:0x000004a5  x3:0x80026cf2 x16=0x80027197
        1011537	     50475	80008ab8	8de5	c.and	x11,x9	 x11:0x000002c6  x9:0x80026ce4 x11=0x000000c4
        1011677	     50482	80008aba	036d4163	blt	x26,x22,80008adc	 x26:0x00017000 x22:0xffffffff
        1011697	     50483	80008abe	0001	c.addi	x0,0	  x0:0x00000000  x0=0x00000000
        1011717	     50484	80008ac0	0e6c3193	sltiu	x3,x24,230	 x24:0xfffffefe  x3=0x00000000
        1011997	     50498	80008ac4	00e1d993	srli	x19,x3,0xe	  x3:0x00000000 x19=0x00000000
        1012017	     50499	80008ac8	010c5993	srli	x19,x24,0x10	 x24:0xfffffefe x19=0x0000ffff
        1012137	     50505	80008acc	01236e33	or	x28,x6,x18	  x6:0x7ffff800 x18:0x00000000 x28=0x7ffff800
        1012157	     50506	80008ad0	01246933	or	x18,x8,x18	  x8:0x000004a5 x18:0x00000000 x18=0x000004a5
        1012177	     50507	80008ad4	340496f3	csrrw	x13,mscratch,x9	  x9:0x80026ce4 x13=0x00000015
        1012317	     50514	80008ad8	fb0cef13	ori	x30,x25,-80	 x25:0x00000000 x30=0xffffffb0
        1012517	     50524	80008adc	340f2cf3	csrrs	x25,mscratch,x30	 x30:0xffffffb0 x25=0x80026ce4
        1012557	     50526	80008ae0	02909d33	mulh	x26,x1,x9	  x1:0xfffffb98  x9:0x80026ce4 x26=0x00000233
        1012577	     50527	80008ae4	80c6	c.mv	x1,x17	  x0:0x00000000 x17:0x00011000  x1=0x00011000
        1012597	     50528	80008ae6	a6982ab7	lui	x21,0xa6982	 x21=0xa6982000
        1012717	     50534	80008aea	030017b3	mulh	x15,x0,x16	  x0:0x00000000 x16:0x80027197 x15=0x00000000
        1013117	     50554	80008aee	019b2033	slt	x0,x22,x25	 x22:0xffffffff x25:0x80026ce4  x0=0x00000000
        1013137	     50555	80008af2	08e2	c.slli	x17,0x18	 x17:0x00011000 x17=0x00000000
        1013277	     50562	80008af4	8ddd	c.or	x11,x15	 x11:0x000000c4 x15:0x00000000 x11=0x000000c4
        1013297	     50563	80008af6	340d68f3	csrrsi	x17,mscratch,26	 x17=0xfffffff4
        1013317	     50564	80008afa	00689f13	slli	x30,x17,0x6	 x17:0xfffffff4 x30=0xfffffd00
        1013337	     50565	80008afe	8831	c.andi	x8,12	  x8:0x000004a5  x8=0x00000004
        1013357	     50566	80008b00	6ac5	c.lui	x21,0x11	 x21=0x00011000
        1013377	     50567	80008b02	a9a4f993	andi	x19,x9,-1382	  x9:0x80026ce4 x19=0x80026880
        1013397	     50568	80008b06	9552	c.add	x10,x20	 x10:0x00000000 x20:0x0000000c x10=0x0000000c
        1013537	     50575	80008b08	871e4b13	xori	x22,x28,-1935	 x28:0x7ffff800 x22=0x80000071
        1013557	     50576	80008b0c	8fed	c.and	x15,x11	 x15:0x00000000 x11:0x000000c4 x15=0x00000000
        1023957	     51096	80008b0e	0000100f	fence.i	
        1024917	     51144	80008b12	03c8e333	rem	x6,x17,x28	 x17:0xfffffff4 x28:0x7ffff800  x6=0xfffffff4
        1024937	     51145	80008b16	6799	c.lui	x15,0x6	 x15=0x00006000
        1024957	     51146	80008b18	41a75a13	srai	x20,x14,0x1a	 x14:0x00000000 x20=0x00000000
        1024977	     51147	80008b1c	fbd42613	slti	x12,x8,-67	  x8:0x00000004 x12=0x00000000
        1024997	     51148	80008b20	01b80863	beq	x16,x27,80008b30	 x16:0x80027197 x27:0x80026cfe
        1025297	     51163	80008b24	340155f3	csrrwi	x11,mscratch,2	 x11=0xfffffffe
        1025517	     51174	80008b28	0040e563	bltu	x1,x4,80008b32	  x1:0x00011000  x4:0x00000000
        1025537	     51175	80008b2c	001a7d63	bgeu	x20,x1,80008b46	 x20:0x00000000  x1:0x00011000
        1025557	     51176	80008b30	197d	c.addi	x18,-1	 x18:0x000004a5 x18=0x000004a4
        1026317	     51214	80008b32	03b1dbb3	divu	x23,x3,x27	  x3:0x00000000 x27:0x80026cfe x23=0x00000000
        1026337	     51215	80008b36	34081273	csrrw	x4,mscratch,x16	 x16:0x80027197  x4=0x00000002
        1026357	     51216	80008b3a	406b5e13	srai	x28,x22,0x6	 x22:0x80000071 x28=0xfe000001
        1026377	     51217	80008b3e	03458b33	mul	x22,x11,x20	 x11:0xfffffffe x20:0x00000000 x22=0x00000000
        1026397	     51218	80008b42	3409af73	csrrs	x30,mscratch,x19	 x19:0x80026880 x30=0x80027197
        1026417	     51219	80008b46	3406bb73	csrrc	x22,mscratch,x13	 x13:0x00000015 x22=0x80027997
        1026437	     51220	80008b4a	00b8e233	or	x4,x17,x11	 x17:0xfffffff4 x11:0xfffffffe  x4=0xfffffffe
        1026877	     51242	80008b4e	407a5093	srai	x1,x20,0x7	 x20:0x00000000  x1=0x00000000
        1026897	     51243	80008b52	007b61b3	or	x3,x22,x7	 x22:0x80027997  x7:0x00000000  x3=0x80027997
        1026917	     51244	80008b56	002188b3	add	x17,x3,x2	  x3:0x80027997  x2:0x80000000 x17=0x00027997
        1027337	     51265	80008b5a	01e97033	and	x0,x18,x30	 x18:0x000004a4 x30:0x80027197  x0=0x00000000
        1027357	     51266	80008b5e	0134efb3	or	x31,x9,x19	  x9:0x80026ce4 x19:0x80026880 x31=0x80026ce4
        1027377	     51267	80008b62	8249	c.srli	x12,0x12	 x12:0x00000000 x12=0x00000000
        1027637	     51280	80008b64	91f6	c.add	x3,x29	  x3:0x80027997 x29:0x00000000  x3=0x80027997
        1027657	     51281	80008b66	b0b83713	sltiu	x14,x16,-1269	 x16:0x80027197 x14=0x00000001
        1027677	     51282	80008b6a	340c7473	csrrci	x8,mscratch,24	  x8=0x80027982
        1027697	     51283	80008b6e	ec19	c.bnez	x8,80008b8c	  x8:0x80027982
        1028597	     51328	80008b8c	93a2	c.add	x7,x8	  x7:0x00000000  x8:0x80027982  x7=0x80027982
        1028617	     51329	80008b8e	00244663	blt	x8,x2,80008b9a	  x8:0x80027982  x2:0x80000000
        1028637	     51330	80008b92	00d86e33	or	x28,x16,x13	 x16:0x80027197 x13:0x00000015 x28=0x80027197
        1028657	     51331	80008b96	0092e533	or	x10,x5,x9	  x5:0x80022e2c  x9:0x80026ce4 x10=0x80026eec
        1028797	     51338	80008b9a	340cfe73	csrrci	x28,mscratch,25	 x28=0x80027982
        1029217	     51359	80008b9e	0177df13	srli	x30,x15,0x17	 x15:0x00006000 x30=0x00000000
        1030237	     51410	80008ba2	022ee9b3	rem	x19,x29,x2	 x29:0x00000000  x2:0x80000000 x19=0x00000000
        1030257	     51411	80008ba6	8dc1	c.or	x11,x8	 x11:0xfffffffe  x8:0x80027982 x11=0xfffffffe
        1030277	     51412	80008ba8	0001	c.addi	x0,0	  x0:0x00000000  x0=0x00000000
        1030297	     51413	80008baa	8e5d	c.or	x12,x15	 x12:0x00000000 x15:0x00006000 x12=0x00006000
        1030317	     51414	80008bac	8e3d	c.xor	x12,x15	 x12:0x00006000 x15:0x00006000 x12=0x00000000
        1030337	     51415	80008bae	0135b333	sltu	x6,x11,x19	 x11:0xfffffffe x19:0x00000000  x6=0x00000000
        1030357	     51416	80008bb2	019e	c.slli	x3,0x7	  x3:0x80027997  x3=0x013ccb80
        1030377	     51417	80008bb4	9ed6	c.add	x29,x21	 x29:0x00000000 x21:0x00011000 x29=0x00011000
        1030397	     51418	80008bb6	b141b713	sltiu	x14,x3,-1260	  x3:0x013ccb80 x14=0x00000001
        1030417	     51419	80008bba	340b7973	csrrci	x18,mscratch,22	 x18=0x80027982
        1030437	     51420	80008bbe	00fb8333	add	x6,x23,x15	 x23:0x00000000 x15:0x00006000  x6=0x00006000
        1031177	     51457	80008bc2	03f0d9b3	divu	x19,x1,x31	  x1:0x00000000 x31:0x80026ce4 x19=0x00000000
        1031197	     51458	80008bc6	031c6e63	bltu	x24,x17,80008c02	 x24:0xfffffefe x17:0x00027997
        1031217	     51459	80008bca	02fac863	blt	x21,x15,80008bfa	 x21:0x00011000 x15:0x00006000
        1031237	     51460	80008bce	8f95	c.sub	x15,x13	 x15:0x00006000 x13:0x00000015 x15=0x00005feb
        1031257	     51461	80008bd0	03306b63	bltu	x0,x19,80008c06	  x0:0x00000000 x19:0x00000000
        1031997	     51498	80008bd4	02b8c033	div	x0,x17,x11	 x17:0x00027997 x11:0xfffffffe  x0=0x00000000
        1032017	     51499	80008bd8	34012ff3	csrrs	x31,mscratch,x2	  x2:0x80000000 x31=0x80027980
        1032037	     51500	80008bdc	007f2833	slt	x16,x30,x7	 x30:0x00000000  x7:0x80027982 x16=0x00000000
        1032057	     51501	80008be0	00267a33	and	x20,x12,x2	 x12:0x00000000  x2:0x80000000 x20=0x00000000
        1032797	     51538	80008be4	03d45233	divu	x4,x8,x29	  x8:0x80027982 x29:0x00011000  x4=0x0000787a
        1032817	     51539	80008be8	0000100f	fence.i	
        1033217	     51559	80008bec	0961	c.addi	x18,24	 x18:0x80027982 x18=0x8002799a
        1033257	     51561	80008bee	02c36933	rem	x18,x6,x12	  x6:0x00006000 x12:0x00000000 x18=0x00006000
        1033437	     51570	80008bf2	0431c463	blt	x3,x3,80008c3a	  x3:0x013ccb80  x3:0x013ccb80
        1033457	     51571	80008bf6	340068f3	csrrsi	x17,mscratch,0	 x17=0x80027980
        1033637	     51580	80008bfa	0000100f	fence.i	
        1034517	     51624	80008bfe	03d63433	mulhu	x8,x12,x29	 x12:0x00000000 x29:0x00011000  x8=0x00000000
        1034877	     51642	80008c02	340033f3	csrrc	x7,mscratch,x0	  x0:0x00000000  x7=0x80027980
        1034897	     51643	80008c06	409a5933	sra	x18,x20,x9	 x20:0x00000000  x9:0x80026ce4 x18=0x00000000
        1035637	     51680	80008c0a	03a95333	divu	x6,x18,x26	 x18:0x00000000 x26:0x00000233  x6=0x00000000
        1035657	     51681	80008c0e	34032b73	csrrs	x22,mscratch,x6	  x6:0x00000000 x22=0x80027980
        1035677	     51682	80008c12	01104a63	blt	x0,x17,80008c26	  x0:0x00000000 x17:0x80027980
        1035697	     51683	80008c16	03a20c33	mul	x24,x4,x26	  x4:0x0000787a x26:0x00000233 x24=0x0108f44e
        1035717	     51684	80008c1a	340ff873	csrrci	x16,mscratch,31	 x16=0x80027980
        1035737	     51685	80008c1e	01720db3	add	x27,x4,x23	  x4:0x0000787a x23:0x00000000 x27=0x0000787a
        1035757	     51686	80008c22	340068f3	csrrsi	x17,mscratch,0	 x17=0x80027980
        1035777	     51687	80008c26	6745	c.lui	x14,0x11	 x14=0x00011000
        1036117	     51704	80008c28	037f36b3	mulhu	x13,x30,x23	 x30:0x00000000 x23:0x00000000 x13=0x00000000
        1036177	     51707	80008c2c	0ff0000f	fence	iorw,iorw	
        1036577	     51727	80008c30	9b7d	c.andi	x14,-1	 x14:0x00011000 x14=0x00011000
        1036597	     51728	80008c32	0ff0000f	fence	iorw,iorw	
        1036797	     51738	80008c36	34002d73	csrrs	x26,mscratch,x0	  x0:0x00000000 x26=0x80027980
        1036837	     51740	80008c3a	01857663	bgeu	x10,x24,80008c46	 x10:0x80026eec x24:0x0108f44e
        1037777	     51787	80008c46	34056a73	csrrsi	x20,mscratch,10	 x20=0x80027980
        1037797	     51788	80008c4a	01a47433	and	x8,x8,x26	  x8:0x00000000 x26:0x80027980  x8=0x00000000
        1037857	     51791	80008c4e	01dcddb3	srl	x27,x25,x29	 x25:0x80026ce4 x29:0x00011000 x27=0x80026ce4
        1037877	     51792	80008c52	02648263	beq	x9,x6,80008c76	  x9:0x80026ce4  x6:0x00000000
        1038257	     51811	80008c56	cbb10793	addi	x15,x2,-837	  x2:0x80000000 x15=0x7ffffcbb
        1038377	     51817	80008c5a	00eafc33	and	x24,x21,x14	 x21:0x00011000 x14:0x00011000 x24=0x00011000
        1038417	     51819	80008c5e	032aea33	rem	x20,x21,x18	 x21:0x00011000 x18:0x00000000 x20=0x00011000
        1038437	     51820	80008c62	39d80693	addi	x13,x16,925	 x16:0x80027980 x13=0x80027d1d
        1038477	     51822	80008c66	0328b233	mulhu	x4,x17,x18	 x17:0x80027980 x18:0x00000000  x4=0x00000000
        1038697	     51833	80008c6a	41625f93	srai	x31,x4,0x16	  x4:0x00000000 x31=0x00000000
        1038717	     51834	80008c6e	34006f73	csrrsi	x30,mscratch,0	 x30=0x8002798a
        1038957	     51846	80008c72	00c95693	srli	x13,x18,0xc	 x18:0x00000000 x13=0x00000000
        1038977	     51847	80008c76	00595f33	srl	x30,x18,x5	 x18:0x00000000  x5:0x80022e2c x30=0x00000000
        1038997	     51848	80008c7a	eade7f97	auipc	x31,0xeade7	 x31=0x6adefc7a
        1039077	     51852	80008c7e	34039273	csrrw	x4,mscratch,x7	  x7:0x80027980  x4=0x8002798a
        1039197	     51858	80008c82	34033ef3	csrrc	x29,mscratch,x6	  x6:0x00000000 x29=0x80027980
        1039217	     51859	80008c86	630d	c.lui	x6,0x3	  x6=0x00003000
        1039457	     51871	80008c88	c505	c.beqz	x10,80008cb0	 x10:0x80026eec
        1039677	     51882	80008c8a	01c43eb3	sltu	x29,x8,x28	  x8:0x00000000 x28:0x80027982 x29=0x00000001
        1039697	     51883	80008c8e	97be	c.add	x15,x15	 x15:0x7ffffcbb x15:0x7ffffcbb x15=0xfffff976
        1039757	     51886	80008c90	00219d63	bne	x3,x2,80008caa	  x3:0x013ccb80  x2:0x80000000
        1040357	     51916	80008caa	00724363	blt	x4,x7,80008cb0	  x4:0x8002798a  x7:0x80027980
        1040377	     51917	80008cae	4ddd	c.li	x27,23	 x27=0x00000017
        1040397	     51918	80008cb0	04ff0263	beq	x30,x15,80008cf4	 x30:0x00000000 x15:0xfffff976
        1040797	     51938	80008cb4	00f8d313	srli	x6,x17,0xf	 x17:0x80027980  x6=0x00010004
        1040817	     51939	80008cb8	340f11f3	csrrw	x3,mscratch,x30	 x30:0x00000000  x3=0x80027980
        1040837	     51940	80008cbc	8e49	c.or	x12,x10	 x12:0x00000000 x10:0x80026eec x12=0x80026eec
        1041157	     51956	80008cbe	095bca13	xori	x20,x23,149	 x23:0x00000000 x20=0x00000095
        1041177	     51957	80008cc2	2dc6e913	ori	x18,x13,732	 x13:0x00000000 x18=0x000002dc
        1041237	     51960	80008cc6	01a49633	sll	x12,x9,x26	  x9:0x80026ce4 x26:0x80027980 x12=0x80026ce4
        1041257	     51961	80008cca	34006973	csrrsi	x18,mscratch,0	 x18=0x00000000
        1041277	     51962	80008cce	340d5ff3	csrrwi	x31,mscratch,26	 x31=0x00000000
        1041297	     51963	80008cd2	0001	c.addi	x0,0	  x0:0x00000000  x0=0x00000000
        1041317	     51964	80008cd4	824e	c.mv	x4,x19	  x0:0x00000000 x19:0x00000000  x4=0x00000000
        1041337	     51965	80008cd6	006347b3	xor	x15,x6,x6	  x6:0x00010004  x6:0x00010004 x15=0x00000000
        1041377	     51967	80008cda	03081363	bne	x16,x16,80008d00	 x16:0x80027980 x16:0x80027980
        1041397	     51968	80008cde	340d7ff3	csrrci	x31,mscratch,26	 x31=0x0000001a
        1041737	     51985	80008ce2	0373b9b3	mulhu	x19,x7,x23	  x7:0x80027980 x23:0x00000000 x19=0x00000000
        1041757	     51986	80008ce6	a2cc4d13	xori	x26,x24,-1492	 x24:0x00011000 x26=0xfffeea2c
        1041917	     51994	80008cea	00471b33	sll	x22,x14,x4	 x14:0x00011000  x4:0x00000000 x22=0x00011000
        1042097	     52003	80008cee	5c833613	sltiu	x12,x6,1480	  x6:0x00010004 x12=0x00000000
        1042117	     52004	80008cf2	8eed	c.and	x13,x11	 x13:0x00000000 x11:0xfffffffe x13=0x00000000
        1042417	     52019	80008cf4	00e92bb3	slt	x23,x18,x14	 x18:0x00000000 x14:0x00011000 x23=0x00000001
        1042437	     52020	80008cf8	0000100f	fence.i	
        1042917	     52044	80008cfc	0e92	c.slli	x29,0x4	 x29:0x00000001 x29=0x00000010
        1042937	     52045	80008cfe	8e4a	c.mv	x28,x18	  x0:0x00000000 x18:0x00000000 x28=0x00000000
        1042957	     52046	80008d00	34003ff3	csrrc	x31,mscratch,x0	  x0:0x00000000 x31=0x00000000
        1042977	     52047	80008d04	01130533	add	x10,x6,x17	  x6:0x00010004 x17:0x80027980 x10=0x80037984
        1042997	     52048	80008d08	011d95b3	sll	x11,x27,x17	 x27:0x00000017 x17:0x80027980 x11=0x00000017
        1043017	     52049	80008d0c	c53bcc93	xori	x25,x23,-941	 x23:0x00000001 x25=0xfffffc52
        1043437	     52070	80008d10	8efd	c.and	x13,x15	 x13:0x00000000 x15:0x00000000 x13=0x00000000
        1043557	     52076	80008d12	02452fb3	mulhsu	x31,x10,x4	 x10:0x80037984  x4:0x00000000 x31=0x00000000
        1043577	     52077	80008d16	03579163	bne	x15,x21,80008d38	 x15:0x00000000 x21:0x00011000
        1044157	     52106	80008d38	00fe5313	srli	x6,x28,0xf	 x28:0x00000000  x6=0x00000000
        1044177	     52107	80008d3c	0181beb3	sltu	x29,x3,x24	  x3:0x80027980 x24:0x00011000 x29=0x00000000
        1044217	     52109	80008d40	34006ff3	csrrsi	x31,mscratch,0	 x31=0x00000000
        1044377	     52117	80008d44	815d	c.srli	x10,0x17	 x10:0x80037984 x10=0x00000100
        1044597	     52128	80008d46	011f9a93	slli	x21,x31,0x11	 x31:0x00000000 x21=0x00000000
        1044617	     52129	80008d4a	340a1df3	csrrw	x27,mscratch,x20	 x20:0x00000095 x27=0x00000000
        1045037	     52150	80008d4e	0088db93	srli	x23,x17,0x8	 x17:0x80027980 x23=0x00800279
        1045057	     52151	80008d52	0001	c.addi	x0,0	  x0:0x00000000  x0=0x00000000
        1045137	     52155	80008d54	d891ecb7	lui	x25,0xd891e	 x25=0xd891e000
        1045157	     52156	80008d58	004809b3	add	x19,x16,x4	 x16:0x80027980  x4:0x00000000 x19=0x80027980
        1045357	     52166	80008d5c	00e4a533	slt	x10,x9,x14	  x9:0x80026ce4 x14:0x00011000 x10=0x00000001
        1045537	     52175	80008d60	8b7e	c.mv	x22,x31	  x0:0x00000000 x31:0x00000000 x22=0x00000000
        1045577	     52177	80008d62	0ff0000f	fence	iorw,iorw	
        1045997	     52198	80008d66	0ff0000f	fence	iorw,iorw	
        1046017	     52199	80008d6a	009df963	bgeu	x27,x9,80008d7c	 x27:0x00000000  x9:0x80026ce4
        1046037	     52200	80008d6e	41ff03b3	sub	x7,x30,x31	 x30:0x00000000 x31:0x00000000  x7=0x00000000
        1046057	     52201	80008d72	0001	c.addi	x0,0	  x0:0x00000000  x0=0x00000000
        1046177	     52207	80008d74	34065573	csrrwi	x10,mscratch,12	 x10=0x00000095
        1046197	     52208	80008d78	757aea13	ori	x20,x21,1879	 x21:0x00000000 x20=0x00000757
        1046217	     52209	80008d7c	1e7d	c.addi	x28,-1	 x28:0x00000000 x28=0xffffffff
        1046237	     52210	80008d7e	8f25	c.xor	x14,x9	 x14:0x00011000  x9:0x80026ce4 x14=0x80037ce4
        1046257	     52211	80008d80	8e01	c.sub	x12,x8	 x12:0x00000000  x8:0x00000000 x12=0x00000000
        1046277	     52212	80008d82	0161ab33	slt	x22,x3,x22	  x3:0x80027980 x22:0x00000000 x22=0x00000001
        1046397	     52218	80008d86	00e01913	slli	x18,x0,0xe	  x0:0x00000000 x18=0x00000000
        1046817	     52239	80008d8a	0013f433	and	x8,x7,x1	  x7:0x00000000  x1:0x00000000  x8=0x00000000
        1046837	     52240	80008d8e	c789	c.beqz	x15,80008d98	 x15:0x00000000
        1047957	     52296	80008d98	d62f2b13	slti	x22,x30,-670	 x30:0x00000000 x22=0x00000000
        1047977	     52297	80008d9c	0069b733	sltu	x14,x19,x6	 x19:0x80027980  x6:0x00000000 x14=0x00000000
        1047997	     52298	80008da0	61dd	c.lui	x3,0x17	  x3=0x00017000
        1048017	     52299	80008da2	00456e63	bltu	x10,x4,80008dbe	 x10:0x00000095  x4:0x00000000
        1048037	     52300	80008da6	8c6d	c.and	x8,x11	  x8:0x00000000 x11:0x00000017  x8=0x00000000
        1048317	     52314	80008da8	ca99	c.beqz	x13,80008dbe	 x13:0x00000000
        1049657	     52381	80008dbe	34007b73	csrrci	x22,mscratch,0	 x22=0x0000000c
        1049677	     52382	80008dc2	40e55db3	sra	x27,x10,x14	 x10:0x00000095 x14:0x00000000 x27=0x00000095
        1049777	     52387	80008dc6	e944a193	slti	x3,x9,-364	  x9:0x80026ce4  x3=0x00000001
        1050217	     52409	80008dca	03089fb3	mulh	x31,x17,x16	 x17:0x80027980 x16:0x80027980 x31=0x3ffd8686
        1050497	     52423	80008dce	01481233	sll	x4,x16,x20	 x16:0x80027980 x20:0x00000757  x4=0xc0000000
        1051417	     52469	80008dd2	0249cdb3	div	x27,x19,x4	 x19:0x80027980  x4:0xc0000000 x27=0x00000001
        1052157	     52506	80008dd6	036576b3	remu	x13,x10,x22	 x10:0x00000095 x22:0x0000000c x13=0x00000005
        1052177	     52507	80008dda	422d4b13	xori	x22,x26,1058	 x26:0xfffeea2c x22=0xfffeee0e
        1052197	     52508	80008dde	0ff0000f	fence	iorw,iorw	
        1052217	     52509	80008de2	01983d33	sltu	x26,x16,x25	 x16:0x80027980 x25:0xd891e000 x26=0x00000001
        1052237	     52510	80008de6	91cabb93	sltiu	x23,x21,-1764	 x21:0x00000000 x23=0x00000001
        1052277	     52512	80008dea	035dedb3	rem	x27,x27,x21	 x27:0x00000001 x21:0x00000000 x27=0x00000001
        1052297	     52513	80008dee	e405	c.bnez	x8,80008e16	  x8:0x00000000
        1052317	     52514	80008df0	0217f863	bgeu	x15,x1,80008e20	 x15:0x00000000  x1:0x00000000
        1054017	     52599	80008e20	02497233	remu	x4,x18,x4	 x18:0x00000000  x4:0xc0000000  x4=0x00000000
        1054037	     52600	80008e24	01f136b3	sltu	x13,x2,x31	  x2:0x80000000 x31:0x3ffd8686 x13=0x00000000
        1054057	     52601	80008e28	1d888613	addi	x12,x17,472	 x17:0x80027980 x12=0x80027b58
        1054077	     52602	80008e2c	03a28933	mul	x18,x5,x26	  x5:0x80022e2c x26:0x00000001 x18=0x80022e2c
        1054097	     52603	80008e30	4015da13	srai	x20,x11,0x1	 x11:0x00000017 x20=0x0000000b
        1054117	     52604	80008e34	01f60663	beq	x12,x31,80008e40	 x12:0x80027b58 x31:0x3ffd8686
        1054237	     52610	80008e38	00b37fb3	and	x31,x6,x11	  x6:0x00000000 x11:0x00000017 x31=0x00000000
        1054397	     52618	80008e3c	00d847b3	xor	x15,x16,x13	 x16:0x80027980 x13:0x00000000 x15=0x80027980
        1054517	     52624	80008e40	00bc6033	or	x0,x24,x11	 x24:0x00011000 x11:0x00000017  x0=0x00000000
        1054537	     52625	80008e44	2888bb37	lui	x22,0x2888b	 x22=0x2888b000
        1054957	     52646	80008e48	0001	c.addi	x0,0	  x0:0x00000000  x0=0x00000000
        1055117	     52654	80008e4a	0295bc33	mulhu	x24,x11,x9	 x11:0x00000017  x9:0x80026ce4 x24=0x0000000b
        1055137	     52655	80008e4e	ca16c313	xori	x6,x13,-863	 x13:0x00000000  x6=0xfffffca1
        1055157	     52656	80008e52	0142a5b3	slt	x11,x5,x20	  x5:0x80022e2c x20:0x0000000b x11=0x00000001
        1055177	     52657	80008e56	8b6d	c.andi	x14,27	 x14:0x00000000 x14=0x00000000
        1055197	     52658	80008e58	5d7d	c.li	x26,-1	 x26=0xffffffff
        1055217	     52659	80008e5a	640d	c.lui	x8,0x3	  x8=0x00003000
        1055237	     52660	80008e5c	9b7d	c.andi	x14,-1	 x14:0x00000000 x14=0x00000000
        1055437	     52670	80008e5e	04da9163	bne	x21,x13,80008ea0	 x21:0x00000000 x13:0x00000000
        1055797	     52688	80008e62	06680313	addi	x6,x16,102	 x16:0x80027980  x6=0x800279e6
        1055817	     52689	80008e66	8fd23593	sltiu	x11,x4,-1795	  x4:0x00000000 x11=0x00000001
        1056017	     52699	80008e6a	01f35413	srli	x8,x6,0x1f	  x6:0x800279e6  x8=0x00000001
        1056037	     52700	80008e6e	9f8a	c.add	x31,x2	 x31:0x00000000  x2:0x80000000 x31=0x80000000
        1056097	     52703	80008e70	8c75	c.and	x8,x13	  x8:0x00000001 x13:0x00000000  x8=0x00000000
        1056137	     52705	80008e72	03af9233	mulh	x4,x31,x26	 x31:0x80000000 x26:0xffffffff  x4=0x00000000
        1056457	     52721	80008e76	340079f3	csrrci	x19,mscratch,0	 x19=0x0000000c
        1056477	     52722	80008e7a	98fa	c.add	x17,x30	 x17:0x80027980 x30:0x00000000 x17=0x80027980
        1056777	     52737	80008e7c	021191b3	mulh	x3,x3,x1	  x3:0x00000001  x1:0x00000000  x3=0x00000000
        1056797	     52738	80008e80	00406763	bltu	x0,x4,80008e8e	  x0:0x00000000  x4:0x00000000
        1056837	     52740	80008e84	029b1033	mulh	x0,x22,x9	 x22:0x2888b000  x9:0x80026ce4  x0=0x00000000
        1057197	     52758	80008e88	432d	c.li	x6,11	  x6=0x0000000b
        1057237	     52760	80008e8a	024531b3	mulhu	x3,x10,x4	 x10:0x00000095  x4:0x00000000  x3=0x00000000
        1057257	     52761	80008e8e	8d31	c.xor	x10,x12	 x10:0x00000095 x12:0x80027b58 x10=0x80027bcd
        1057317	     52764	80008e90	7684c193	xori	x3,x9,1896	  x9:0x80026ce4  x3=0x80026b8c
        1057337	     52765	80008e94	0f52	c.slli	x30,0x14	 x30:0x00000000 x30=0x00000000
        1057457	     52771	80008e96	4110dd93	srai	x27,x1,0x11	  x1:0x00000000 x27=0x00000000
        1057477	     52772	80008e9a	8eed	c.and	x13,x11	 x13:0x00000000 x11:0x00000001 x13=0x00000000
        1057497	     52773	80008e9c	00769d93	slli	x27,x13,0x7	 x13:0x00000000 x27=0x00000000
        1057877	     52792	80008ea0	03a01063	bne	x0,x26,80008ec0	  x0:0x00000000 x26:0xffffffff
        1058697	     52833	80008ec0	9342	c.add	x6,x16	  x6:0x0000000b x16:0x80027980  x6=0x8002798b
        1058857	     52841	80008ec2	0042ab03	lw	x22,4(x5)	  x5:0x80022e2c x22=0x80006204 PA:0x80022e30 load:0x80006204
        1058877	     52842	80008ec6	8fad	c.xor	x15,x11	 x15:0x80027980 x11:0x00000001 x15=0x80027981
        1058897	     52843	80008ec8	03828293	addi	x5,x5,56	  x5:0x80022e2c  x5=0x80022e64
        1058917	     52844	80008ecc	0000100f	fence.i	
        1059977	     52897	80008ed0	0343d3b3	divu	x7,x7,x20	  x7:0x00000000 x20:0x0000000b  x7=0x00000000
        1059997	     52898	80008ed4	000b0213	addi	x4,x22,0	 x22:0x80006204  x4=0x80006204
        1060017	     52899	80008ed8	9202	c.jalr	x4	  x4:0x80006204  x1=0x80008eda
        1060097	     52903	80006204	011d7d93	andi	x27,x26,17	 x26:0xffffffff x27=0x00000011
        1060117	     52904	80006208	223ac613	xori	x12,x21,547	 x21:0x00000000 x12=0x00000223
        1060137	     52905	8000620c	e199	c.bnez	x11,80006212	 x11:0x00000001
        1060177	     52907	80006212	1f7d	c.addi	x30,-1	 x30:0x00000000 x30=0xffffffff
        1060197	     52908	80006214	408e5413	srai	x8,x28,0x8	 x28:0xffffffff  x8=0xffffffff
        1060577	     52927	80006218	01709913	slli	x18,x1,0x17	  x1:0x80008eda x18=0x6d000000
        1060597	     52928	8000621c	00cd0763	beq	x26,x12,8000622a	 x26:0xffffffff x12:0x00000223
        1060617	     52929	80006220	c011	c.beqz	x8,80006224	  x8:0xffffffff
        1060637	     52930	80006222	85e2	c.mv	x11,x24	  x0:0x00000000 x24:0x0000000b x11=0x0000000b
        1061377	     52967	80006224	02f1e633	rem	x12,x3,x15	  x3:0x80026b8c x15:0x80027981 x12=0xfffff20b
        1061397	     52968	80006228	80ea	c.mv	x1,x26	  x0:0x00000000 x26:0xffffffff  x1=0xffffffff
        1061417	     52969	8000622a	8642	c.mv	x12,x16	  x0:0x00000000 x16:0x80027980 x12=0x80027980
        1061437	     52970	8000622c	0233db63	bge	x7,x3,80006262	  x7:0x00000000  x3:0x80026b8c
        1069417	     53369	80006262	8c3d	c.xor	x8,x15	  x8:0xffffffff x15:0x80027981  x8=0x7ffd867e
        1069437	     53370	80006264	813d	c.srli	x10,0xf	 x10:0x80027bcd x10=0x00010004
        1070177	     53407	80006266	02537933	remu	x18,x6,x5	  x6:0x8002798b  x5:0x80022e64 x18=0x00004b27
        1070197	     53408	8000626a	0320d063	bge	x1,x18,8000628a	  x1:0xffffffff x18:0x00004b27
        1070217	     53409	8000626e	9626	c.add	x12,x9	 x12:0x80027980  x9:0x80026ce4 x12=0x0004e664
        1070237	     53410	80006270	0368c563	blt	x17,x22,8000629a	 x17:0x80027980 x22:0x80006204
        1070257	     53411	80006274	8ed5	c.or	x13,x13	 x13:0x00000000 x13:0x00000000 x13=0x00000000
        1070277	     53412	80006276	843af513	andi	x10,x21,-1981	 x21:0x00000000 x10=0x00000000
        1070317	     53414	8000627a	02fa19b3	mulh	x19,x20,x15	 x20:0x0000000b x15:0x80027981 x19=0xfffffffa
        1071137	     53455	8000627e	0257ec33	rem	x24,x15,x5	 x15:0x80027981  x5:0x80022e64 x24=0x80027981
        1071157	     53456	80006282	408ddfb3	sra	x31,x27,x8	 x27:0x00000011  x8:0x7ffd867e x31=0x00000000
        1071197	     53458	80006286	03213ab3	mulhu	x21,x2,x18	  x2:0x80000000 x18:0x00004b27 x21=0x00002593
        1071217	     53459	8000628a	01a5aa33	slt	x20,x11,x26	 x11:0x0000000b x26:0xffffffff x20=0x00000000
        1071237	     53460	8000628e	02bf8db3	mul	x27,x31,x11	 x31:0x00000000 x11:0x0000000b x27=0x00000000
        1071317	     53464	80006292	40fc5233	sra	x4,x24,x15	 x24:0x80027981 x15:0x80027981  x4=0xc0013cc0
        1071557	     53476	80006296	01158e63	beq	x11,x17,800062b2	 x11:0x0000000b x17:0x80027980
        1071597	     53478	8000629a	02bf1833	mulh	x16,x30,x11	 x30:0xffffffff x11:0x0000000b x16=0xffffffff
        1071617	     53479	8000629e	3ccef013	andi	x0,x29,972	 x29:0x00000000  x0=0x00000000
        1071637	     53480	800062a2	8f1d	c.sub	x14,x15	 x14:0x00000000 x15:0x80027981 x14=0x7ffd867f
        1071657	     53481	800062a4	1cba7093	andi	x1,x20,459	 x20:0x00000000  x1=0x00000000
        1071817	     53489	800062a8	ee9d	c.bnez	x13,800062e6	 x13:0x00000000
        1071837	     53490	800062aa	028bde63	bge	x23,x8,800062e6	 x23:0x00000001  x8:0x7ffd867e
        1071877	     53492	800062ae	03f79c33	mulh	x24,x15,x31	 x15:0x80027981 x31:0x00000000 x24=0x00000000
        1071897	     53493	800062b2	c309	c.beqz	x14,800062b4	 x14:0x7ffd867f
        1072637	     53530	800062b4	03ad65b3	rem	x11,x26,x26	 x26:0xffffffff x26:0xffffffff x11=0x00000000
        1072657	     53531	800062b8	0ff0000f	fence	iorw,iorw	
        1072677	     53532	800062bc	876d	c.srai	x14,0x1b	 x14:0x7ffd867f x14=0x0000000f
        1072697	     53533	800062be	6c71	c.lui	x24,0x1c	 x24=0x0001c000
        1072717	     53534	800062c0	0000100f	fence.i	
        1073297	     53563	800062c4	3402b1f3	csrrc	x3,mscratch,x5	  x5:0x80022e64  x3=0x0000000c
        1073317	     53564	800062c8	41540eb3	sub	x29,x8,x21	  x8:0x7ffd867e x21:0x00002593 x29=0x7ffd60eb
        1073337	     53565	800062cc	340568f3	csrrsi	x17,mscratch,10	 x17=0x00000008
        1073477	     53572	800062d0	557d	c.li	x10,-1	 x10=0xffffffff
        1073817	     53589	800062d2	34003573	csrrc	x10,mscratch,x0	  x0:0x00000000 x10=0x0000000a
        1073917	     53594	800062d6	de2e3893	sltiu	x17,x28,-542	 x28:0xffffffff x17=0x00000000
        1073937	     53595	800062da	e3fe7d97	auipc	x27,0xe3fe7	 x27=0x63fed2da
        1073957	     53596	800062de	0579c563	blt	x19,x23,80006328	 x19:0xfffffffa x23:0x00000001
        1074077	     53602	80006328	0001	c.addi	x0,0	  x0:0x00000000  x0=0x00000000
        1074097	     53603	8000632a	414d5d33	sra	x26,x26,x20	 x26:0xffffffff x20:0x00000000 x26=0xffffffff
        1074117	     53604	8000632e	6891	c.lui	x17,0x4	 x17=0x00004000
        1074137	     53605	80006330	34019f73	csrrw	x30,mscratch,x3	  x3:0x0000000c x30=0x0000000a
        1074337	     53615	80006334	03d729b3	mulhsu	x19,x14,x29	 x14:0x0000000f x29:0x7ffd60eb x19=0x00000007
        1074437	     53620	80006338	340fde73	csrrwi	x28,mscratch,31	 x28=0x0000000c
        1074457	     53621	8000633c	02868a33	mul	x20,x13,x8	 x13:0x00000000  x8:0x7ffd867e x20=0x00000000
        1074477	     53622	80006340	01919533	sll	x10,x3,x25	  x3:0x0000000c x25:0xd891e000 x10=0x0000000c
        1074497	     53623	80006344	042a6163	bltu	x20,x2,80006386	 x20:0x00000000  x2:0x80000000
        1074957	     53646	80006386	6305	c.lui	x6,0x1	  x6=0x00001000
        1075377	     53667	80006388	02388933	mul	x18,x17,x3	 x17:0x00004000  x3:0x0000000c x18=0x00030000
        1075397	     53668	8000638c	8a5e	c.mv	x20,x23	  x0:0x00000000 x23:0x00000001 x20=0x00000001
        1075417	     53669	8000638e	899d	c.andi	x11,7	 x11:0x00000000 x11=0x00000000
        1076377	     53717	80006390	03b7d5b3	divu	x11,x15,x27	 x15:0x80027981 x27:0x63fed2da x11=0x00000001
        1076397	     53718	80006394	8e0d	c.sub	x12,x11	 x12:0x0004e664 x11:0x00000001 x12=0x0004e663
        1076417	     53719	80006396	1afd	c.addi	x21,-1	 x21:0x00002593 x21=0x00002592
        1076437	     53720	80006398	340af773	csrrci	x14,mscratch,21	 x14=0x0000001f
        1077177	     53757	8000639c	02237fb3	remu	x31,x6,x2	  x6:0x00001000  x2:0x80000000 x31=0x00001000
        1077197	     53758	800063a0	46f24713	xori	x14,x4,1135	  x4:0xc0013cc0 x14=0xc00138af
        1077217	     53759	800063a4	00a09693	slli	x13,x1,0xa	  x1:0x00000000 x13=0x00000000
        1077237	     53760	800063a8	8e91	c.sub	x13,x12	 x13:0x00000000 x12:0x0004e663 x13=0xfffb199d
        1077257	     53761	800063aa	8ded	c.and	x11,x11	 x11:0x00000001 x11:0x00000001 x11=0x00000001
        1077277	     53762	800063ac	8c59	c.or	x8,x14	  x8:0x7ffd867e x14:0xc00138af  x8=0xfffdbeff
        1077297	     53763	800063ae	03e0ef63	bltu	x1,x30,800063ec	  x1:0x00000000 x30:0x0000000a
        1077597	     53778	800063ec	01d01e63	bne	x0,x29,80006408	  x0:0x00000000 x29:0x7ffd60eb
        1078357	     53816	80006408	00fd8463	beq	x27,x15,80006410	 x27:0x63fed2da x15:0x80027981
        1078397	     53818	8000640c	03f03433	mulhu	x8,x0,x31	  x0:0x00000000 x31:0x00001000  x8=0x00000000
        1078517	     53824	80006410	d71eb913	sltiu	x18,x29,-655	 x29:0x7ffd60eb x18=0x00000001
        1078537	     53825	80006414	000abdb3	sltu	x27,x21,x0	 x21:0x00002592  x0:0x00000000 x27=0x00000000
        1078877	     53842	80006418	41168633	sub	x12,x13,x17	 x13:0xfffb199d x17:0x00004000 x12=0xfffad99d
        1078917	     53844	8000641c	04255063	bge	x10,x2,8000645c	 x10:0x0000000c  x2:0x80000000
        1079417	     53869	8000645c	0237d963	bge	x15,x3,8000648e	 x15:0x80027981  x3:0x0000000c
        1079957	     53896	80006460	821f8d13	addi	x26,x31,-2015	 x31:0x00001000 x26=0x00000821
        1080097	     53903	80006464	0261aa33	mulhsu	x20,x3,x6	  x3:0x0000000c  x6:0x00001000 x20=0x00000000
        1080117	     53904	80006468	0636	c.slli	x12,0xd	 x12:0xfffad99d x12=0x5b33a000
        1080137	     53905	8000646a	ef99	c.bnez	x15,80006488	 x15:0x80027981
        1080777	     53937	80006488	0001	c.addi	x0,0	  x0:0x00000000  x0=0x00000000
        1080797	     53938	8000648a	d3816217	auipc	x4,0xd3816	  x4=0x5381c48a
        1080817	     53939	8000648e	00b42333	slt	x6,x8,x11	  x8:0x00000000 x11:0x00000001  x6=0x00000001
        1080897	     53943	80006492	00a79863	bne	x15,x10,800064a2	 x15:0x80027981 x10:0x0000000c
        1081617	     53979	800064a2	8d0e	c.mv	x26,x3	  x0:0x00000000  x3:0x0000000c x26=0x0000000c
        1081637	     53980	800064a4	0001	c.addi	x0,0	  x0:0x00000000  x0=0x00000000
        1081877	     53992	800064a6	406c58b3	sra	x17,x24,x6	 x24:0x0001c000  x6:0x00000001 x17=0x0000e000
        1082297	     54013	800064aa	d4956a13	ori	x20,x10,-695	 x10:0x0000000c x20=0xfffffd4d
        1082337	     54015	800064ae	022508b3	mul	x17,x10,x2	 x10:0x0000000c  x2:0x80000000 x17=0x00000000
        1082357	     54016	800064b2	023e	c.slli	x4,0xf	  x4:0x5381c48a  x4=0xe2450000
        1083397	     54068	800064b4	0378c5b3	div	x11,x17,x23	 x17:0x00000000 x23:0x00000001 x11=0x00000000
        1083417	     54069	800064b8	e00d	c.bnez	x8,800064da	  x8:0x00000000
        1083457	     54071	800064ba	02b3e9b3	rem	x19,x7,x11	  x7:0x00000000 x11:0x00000000 x19=0x00000000
        1083477	     54072	800064be	340a99f3	csrrw	x19,mscratch,x21	 x21:0x00002592 x19=0x0000000a
        1084217	     54109	800064c2	024ff433	remu	x8,x31,x4	 x31:0x00001000  x4:0xe2450000  x8=0x00001000
        1084237	     54110	800064c6	407506b3	sub	x13,x10,x7	 x10:0x0000000c  x7:0x00000000 x13=0x0000000c
        1084977	     54147	800064ca	03d4e6b3	rem	x13,x9,x29	  x9:0x80026ce4 x29:0x7ffd60eb x13=0xffffcdcf
        1084997	     54148	800064ce	0ff0000f	fence	iorw,iorw	
        1085017	     54149	800064d2	340e39f3	csrrc	x19,mscratch,x28	 x28:0x0000000c x19=0x00002592
        1085037	     54150	800064d6	ee788913	addi	x18,x17,-281	 x17:0x00000000 x18=0xfffffee7
        1085057	     54151	800064da	02644863	blt	x8,x6,8000650a	  x8:0x00001000  x6:0x00000001
        1085077	     54152	800064de	04138363	beq	x7,x1,80006524	  x7:0x00000000  x1:0x00000000
        1085297	     54163	80006524	00745fb3	srl	x31,x8,x7	  x8:0x00001000  x7:0x00000000 x31=0x00001000
        1085417	     54169	80006528	01418763	beq	x3,x20,80006536	  x3:0x0000000c x20:0xfffffd4d
        1085897	     54193	8000652c	0001	c.addi	x0,0	  x0:0x00000000  x0=0x00000000
        1086317	     54214	8000652e	02405a63	bge	x0,x4,80006562	  x0:0x00000000  x4:0xe2450000
        1086517	     54224	80006562	01fd1593	slli	x11,x26,0x1f	 x26:0x0000000c x11=0x00000000
        1086537	     54225	80006566	02490733	mul	x14,x18,x4	 x18:0xfffffee7  x4:0xe2450000 x14=0xa2430000
        1086957	     54246	8000656a	80be6693	ori	x13,x28,-2037	 x28:0x0000000c x13=0xfffff80f
        1086977	     54247	8000656e	8035	c.srli	x8,0xd	  x8:0x00001000  x8=0x00000000
        1087097	     54253	80006570	0d7ef813	andi	x16,x29,215	 x29:0x7ffd60eb x16=0x000000c3
        1087117	     54254	80006574	018aadb3	slt	x27,x21,x24	 x21:0x00002592 x24:0x0001c000 x27=0x00000001
        1087297	     54263	80006578	8c51	c.or	x8,x12	  x8:0x00000000 x12:0x5b33a000  x8=0x5b33a000
        1087317	     54264	8000657a	69a5	c.lui	x19,0x9	 x19=0x00009000
        1087337	     54265	8000657c	8f430f93	addi	x31,x6,-1804	  x6:0x00000001 x31=0xfffff8f5
        1087357	     54266	80006580	410680b3	sub	x1,x13,x16	 x13:0xfffff80f x16:0x000000c3  x1=0xfffff74c
        1087377	     54267	80006584	2c967b13	andi	x22,x12,713	 x12:0x5b33a000 x22=0x00000000
        1087397	     54268	80006588	41a98db3	sub	x27,x19,x26	 x19:0x00009000 x26:0x0000000c x27=0x00008ff4
        1087457	     54271	8000658c	6d49	c.lui	x26,0x12	 x26=0x00012000
        1087477	     54272	8000658e	0001	c.addi	x0,0	  x0:0x00000000  x0=0x00000000
        1087497	     54273	80006590	0309e963	bltu	x19,x16,800065c2	 x19:0x00009000 x16:0x000000c3
        1087537	     54275	80006594	01af7833	and	x16,x30,x26	 x30:0x0000000a x26:0x00012000 x16=0x00000000
        1087677	     54282	80006598	4b71	c.li	x22,28	 x22=0x0000001c
        1087697	     54283	8000659a	8d11	c.sub	x10,x12	 x10:0x0000000c x12:0x5b33a000 x10=0xa4cc600c
        1087717	     54284	8000659c	031a	c.slli	x6,0x6	  x6:0x00000001  x6=0x00000040
        1087817	     54289	8000659e	00d25263	bge	x4,x13,800065a2	  x4:0xe2450000 x13:0xfffff80f
        1087837	     54290	800065a2	8e79	c.and	x12,x14	 x12:0x5b33a000 x14:0xa2430000 x12=0x02030000
        1087937	     54295	800065a4	401f07b3	sub	x15,x30,x1	 x30:0x0000000a  x1:0xfffff74c x15=0x000008be
        1087957	     54296	800065a8	8d91	c.sub	x11,x12	 x11:0x00000000 x12:0x02030000 x11=0xfdfd0000
        1087977	     54297	800065aa	41238033	sub	x0,x7,x18	  x7:0x00000000 x18:0xfffffee7  x0=0x00000000
        1087997	     54298	800065ae	8e61	c.and	x12,x8	 x12:0x02030000  x8:0x5b33a000 x12=0x02030000
        1088177	     54307	800065b0	4d1d	c.li	x26,7	 x26=0x00000007
        1088257	     54311	800065b2	01589963	bne	x17,x21,800065c4	 x17:0x00000000 x21:0x00002592
        1088637	     54330	800065c4	000e9b13	slli	x22,x29,0x0	 x29:0x7ffd60eb x22=0x7ffd60eb
        1089077	     54352	800065c8	41475533	sra	x10,x14,x20	 x14:0xa2430000 x20:0xfffffd4d x10=0xfffd1218
        1089117	     54354	800065cc	039db533	mulhu	x10,x27,x25	 x27:0x00008ff4 x25:0xd891e000 x10=0x000079c7
        1089157	     54356	800065d0	03fcb433	mulhu	x8,x25,x31	 x25:0xd891e000 x31:0xfffff8f5  x8=0xd891da0a
        1089177	     54357	800065d4	0001	c.addi	x0,0	  x0:0x00000000  x0=0x00000000
        1089197	     54358	800065d6	0191eab3	or	x21,x3,x25	  x3:0x0000000c x25:0xd891e000 x21=0xd891e00c
        1089417	     54369	800065da	021bbeb3	mulhu	x29,x23,x1	 x23:0x00000001  x1:0xfffff74c x29=0x00000000
        1089437	     54370	800065de	008cef33	or	x30,x25,x8	 x25:0xd891e000  x8:0xd891da0a x30=0xd891fa0a
        1089837	     54390	800065e2	02d86e63	bltu	x16,x13,8000661e	 x16:0x00000000 x13:0xfffff80f
        1090177	     54407	8000661e	023fab33	mulhsu	x22,x31,x3	 x31:0xfffff8f5  x3:0x0000000c x22=0xffffffff
        1090197	     54408	80006622	004ff233	and	x4,x31,x4	 x31:0xfffff8f5  x4:0xe2450000  x4=0xe2450000
        1090317	     54414	80006626	0ff0000f	fence	iorw,iorw	
        1090417	     54419	8000662a	1ad44a93	xori	x21,x8,429	  x8:0xd891da0a x21=0xd891dba7
        1090437	     54420	8000662e	41d85fb3	sra	x31,x16,x29	 x16:0x00000000 x29:0x00000000 x31=0x00000000
        1090697	     54433	80006632	34003073	csrrc	x0,mscratch,x0	  x0:0x00000000  x0=0x00000000
        1091097	     54453	80006636	03775b63	bge	x14,x23,8000666c	 x14:0xa2430000 x23:0x00000001
        1091237	     54460	8000663a	000b8b33	add	x22,x23,x0	 x23:0x00000001  x0:0x00000000 x22=0x00000001
        1091417	     54469	8000663e	67333393	sltiu	x7,x6,1651	  x6:0x00000040  x7=0x00000001
        1091437	     54470	80006642	41cb8933	sub	x18,x23,x28	 x23:0x00000001 x28:0x0000000c x18=0xfffffff5
        1091457	     54471	80006646	03756e63	bltu	x10,x23,80006682	 x10:0x000079c7 x23:0x00000001
        1091517	     54474	8000664a	012823b3	slt	x7,x16,x18	 x16:0x00000000 x18:0xfffffff5  x7=0x00000000
        1091557	     54476	8000664e	0029e6b3	or	x13,x19,x2	 x19:0x00009000  x2:0x80000000 x13=0x80009000
        1091577	     54477	80006652	9c178517	auipc	x10,0x9c178	 x10=0x1c17e652
        1091657	     54481	80006656	0000100f	fence.i	
        1092457	     54521	8000665a	02220a63	beq	x4,x2,8000668e	  x4:0xe2450000  x2:0x80000000
        1092597	     54528	8000665e	034fb6b3	mulhu	x13,x31,x20	 x31:0x00000000 x20:0xfffffd4d x13=0x00000000
        1092617	     54529	80006662	0001	c.addi	x0,0	  x0:0x00000000  x0=0x00000000
        1092637	     54530	80006664	42692893	slti	x17,x18,1062	 x18:0xfffffff5 x17=0x00000001
        1092657	     54531	80006668	67916413	ori	x8,x2,1657	  x2:0x80000000  x8=0x80000679
        1092717	     54534	8000666c	00080633	add	x12,x16,x0	 x16:0x00000000  x0:0x00000000 x12=0x00000000
        1092777	     54537	80006670	406e5d93	srai	x27,x28,0x6	 x28:0x0000000c x27=0x00000000
        1092857	     54541	80006674	5940ac93	slti	x25,x1,1428	  x1:0xfffff74c x25=0x00000001
        1092877	     54542	80006678	340dabf3	csrrs	x23,mscratch,x27	 x27:0x00000000 x23=0x00002592
        1093297	     54563	8000667c	ca09	c.beqz	x12,8000668e	 x12:0x00000000
        1094397	     54618	8000668e	314c4c37	lui	x24,0x314c4	 x24=0x314c4000
        1094817	     54639	80006692	340d1cf3	csrrw	x25,mscratch,x26	 x26:0x00000007 x25=0x00002592
        1094837	     54640	80006696	8209	c.srli	x12,0x2	 x12:0x00000000 x12=0x00000000
        1094857	     54641	80006698	02d230b7	lui	x1,0x2d23	  x1=0x02d23000
        1094877	     54642	8000669c	c589	c.beqz	x11,800066a6	 x11:0xfdfd0000
        1095617	     54679	8000669e	03285db3	divu	x27,x16,x18	 x16:0x00000000 x18:0xfffffff5 x27=0x00000000
        1095637	     54680	800066a2	ddd92597	auipc	x11,0xddd92	 x11=0x5dd986a2
        1095717	     54684	800066a6	001badb3	slt	x27,x23,x1	 x23:0x00002592  x1:0x02d23000 x27=0x00000001
        1095857	     54691	800066aa	cbbeaf93	slti	x31,x29,-837	 x29:0x00000000 x31=0x00000000
        1095877	     54692	800066ae	871e	c.mv	x14,x7	  x0:0x00000000  x7:0x00000000 x14=0x00000000
        1095897	     54693	800066b0	86d64193	xori	x3,x12,-1939	 x12:0x00000000  x3=0xfffff86d
        1095917	     54694	800066b4	92eae513	ori	x10,x21,-1746	 x21:0xd891dba7 x10=0xfffffbaf
        1095937	     54695	800066b8	403b5793	srai	x15,x22,0x3	 x22:0x00000001 x15=0x00000000
        1095957	     54696	800066bc	8e29	c.xor	x12,x10	 x12:0x00000000 x10:0xfffffbaf x12=0xfffffbaf
        1096697	     54733	800066be	03b6ec33	rem	x24,x13,x27	 x13:0x00000000 x27:0x00000001 x24=0x00000000
        1096717	     54734	800066c2	8dce	c.mv	x27,x19	  x0:0x00000000 x19:0x00009000 x27=0x00009000
        1096737	     54735	800066c4	8fa1	c.xor	x15,x8	 x15:0x00000000  x8:0x80000679 x15=0x80000679
        1096777	     54737	800066c6	02dcadb3	mulhsu	x27,x25,x13	 x25:0x00002592 x13:0x00000000 x27=0x00000000
        1096797	     54738	800066ca	75823d37	lui	x26,0x75823	 x26=0x75823000
        1096837	     54740	800066ce	027c5b33	divu	x22,x24,x7	 x24:0x00000000  x7:0x00000000 x22=0xffffffff
        1096857	     54741	800066d2	34007e73	csrrci	x28,mscratch,0	 x28=0x00000007
        1097017	     54749	800066d6	3409dff3	csrrwi	x31,mscratch,19	 x31=0x00000007
        1097877	     54792	800066da	03fe6e33	rem	x28,x28,x31	 x28:0x00000007 x31:0x00000007 x28=0x00000000
        1098617	     54829	800066de	03727d33	remu	x26,x4,x23	  x4:0xe2450000 x23:0x00002592 x26=0x00001714
        1098637	     54830	800066e2	34099cf3	csrrw	x25,mscratch,x19	 x19:0x00009000 x25=0x00000013
        1098657	     54831	800066e6	34009f73	csrrw	x30,mscratch,x1	  x1:0x02d23000 x30=0x00009000
        1098677	     54832	800066ea	00b3fe63	bgeu	x7,x11,80006706	  x7:0x00000000 x11:0x5dd986a2
        1098697	     54833	800066ee	0174df13	srli	x30,x9,0x17	  x9:0x80026ce4 x30=0x00000100
        1098737	     54835	800066f2	02f61ab3	mulh	x21,x12,x15	 x12:0xfffffbaf x15:0x80000679 x21=0x00000228
        1098897	     54843	800066f6	37f1ec13	ori	x24,x3,895	  x3:0xfffff86d x24=0xfffffb7f
        1098917	     54844	800066fa	e591	c.bnez	x11,80006706	 x11:0x5dd986a2
        1099757	     54886	80006706	401e5c33	sra	x24,x28,x1	 x28:0x00000000  x1:0x02d23000 x24=0x00000000
        1099777	     54887	8000670a	8e6d	c.and	x12,x11	 x12:0xfffffbaf x11:0x5dd986a2 x12=0x5dd982a2
        1099797	     54888	8000670c	00ae5a93	srli	x21,x28,0xa	 x28:0x00000000 x21=0x00000000
        1099817	     54889	80006710	c991	c.beqz	x11,80006724	 x11:0x5dd986a2
        1099997	     54898	80006712	6836bf93	sltiu	x31,x13,1667	 x13:0x00000000 x31=0x00000001
        1100157	     54906	80006716	00ff5bb3	srl	x23,x30,x15	 x30:0x00000100 x15:0x80000679 x23=0x00000000
        1100177	     54907	8000671a	997d	c.andi	x10,-1	 x10:0xfffffbaf x10=0xfffffbaf
        1100197	     54908	8000671c	4158d393	srai	x7,x17,0x15	 x17:0x00000001  x7=0x00000000
        1100617	     54929	80006720	027070b3	remu	x1,x0,x7	  x0:0x00000000  x7:0x00000000  x1=0x00000000
        1100717	     54934	80006724	00723fb3	sltu	x31,x4,x7	  x4:0xe2450000  x7:0x00000000 x31=0x00000000
        1100737	     54935	80006728	0070e933	or	x18,x1,x7	  x1:0x00000000  x7:0x00000000 x18=0x00000000
        1100757	     54936	8000672c	000fc8b3	xor	x17,x31,x0	 x31:0x00000000  x0:0x00000000 x17=0x00000000
        1101117	     54954	80006730	00cef8b3	and	x17,x29,x12	 x29:0x00000000 x12:0x5dd982a2 x17=0x00000000
        1101377	     54967	80006734	cbca1a37	lui	x20,0xcbca1	 x20=0xcbca1000
        1101677	     54982	80006738	80820093	addi	x1,x4,-2040	  x4:0xe2450000  x1=0xe244f808
        1101777	     54987	8000673c	8cda	c.mv	x25,x22	  x0:0x00000000 x22:0xffffffff x25=0xffffffff
        1101797	     54988	8000673e	0e3a	c.slli	x28,0xe	 x28:0x00000000 x28=0x00000000
        1101837	     54990	80006740	03f7ae33	mulhsu	x28,x15,x31	 x15:0x80000679 x31:0x00000000 x28=0x00000000
        1101857	     54991	80006744	0001	c.addi	x0,0	  x0:0x00000000  x0=0x00000000
        1102257	     55011	80006746	0356a8b3	mulhsu	x17,x13,x21	 x13:0x00000000 x21:0x00000000 x17=0x00000000
        1102657	     55031	8000674a	340cdbf3	csrrwi	x23,mscratch,25	 x23=0x02d23000
        1102677	     55032	8000674e	00b0c233	xor	x4,x1,x11	  x1:0xe244f808 x11:0x5dd986a2  x4=0xbf9d7eaa
        1102697	     55033	80006752	8ea1	c.xor	x13,x8	 x13:0x00000000  x8:0x80000679 x13=0x80000679
        1102797	     55038	80006754	0f35f593	andi	x11,x11,243	 x11:0x5dd986a2 x11=0x000000a2
        1102917	     55044	80006758	cf95	c.beqz	x15,80006794	 x15:0x80000679
        1103037	     55050	8000675a	3405aff3	csrrs	x31,mscratch,x11	 x11:0x000000a2 x31=0x00000019
        1103057	     55051	8000675e	6e2d	c.lui	x28,0xb	 x28=0x0000b000
        1103077	     55052	80006760	0ff0000f	fence	iorw,iorw	
        1103097	     55053	80006764	00c3c3b3	xor	x7,x7,x12	  x7:0x00000000 x12:0x5dd982a2  x7=0x5dd982a2
        1103237	     55060	80006768	008089b3	add	x19,x1,x8	  x1:0xe244f808  x8:0x80000679 x19=0x6244fe81
        1103977	     55097	8000676c	02f9e7b3	rem	x15,x19,x15	 x19:0x6244fe81 x15:0x80000679 x15=0x6244fe81
        1103997	     55098	80006770	0021c463	blt	x3,x2,80006778	  x3:0xfffff86d  x2:0x80000000
        1104017	     55099	80006774	34002073	csrrs	x0,mscratch,x0	  x0:0x00000000  x0=0x00000000
        1104037	     55100	80006778	8196	c.mv	x3,x5	  x0:0x00000000  x5:0x80022e64  x3=0x80022e64
        1104077	     55102	8000677a	02d3b533	mulhu	x10,x7,x13	  x7:0x5dd982a2 x13:0x80000679 x10=0x2eecc3b0
        1104097	     55103	8000677e	8f15	c.sub	x14,x13	 x14:0x00000000 x13:0x80000679 x14=0x7ffff987
        1104117	     55104	80006780	8935	c.andi	x10,13	 x10:0x2eecc3b0 x10=0x00000000
        1104857	     55141	80006782	03ad5bb3	divu	x23,x26,x26	 x26:0x00001714 x26:0x00001714 x23=0x00000001
        1104897	     55143	80006786	03d59bb3	mulh	x23,x11,x29	 x11:0x000000a2 x29:0x00000000 x23=0x00000000
        1104917	     55144	8000678a	007a4db3	xor	x27,x20,x7	 x20:0xcbca1000  x7:0x5dd982a2 x27=0x961392a2
        1105657	     55181	8000678e	039965b3	rem	x11,x18,x25	 x18:0x00000000 x25:0xffffffff x11=0x00000000
        1105677	     55182	80006792	5afd	c.li	x21,-1	 x21=0xffffffff
        1105697	     55183	80006794	3402d373	csrrwi	x6,mscratch,5	  x6=0x000000bb
        1105717	     55184	80006798	34049573	csrrw	x10,mscratch,x9	  x9:0x80026ce4 x10=0x00000005
        1106457	     55221	8000679c	029155b3	divu	x11,x2,x9	  x2:0x80000000  x9:0x80026ce4 x11=0x00000000
        1106477	     55222	800067a0	01edb8b3	sltu	x17,x27,x30	 x27:0x961392a2 x30:0x00000100 x17=0x00000000
        1106497	     55223	800067a4	0ff0000f	fence	iorw,iorw	
        1106517	     55224	800067a8	9a8a	c.add	x21,x2	 x21:0xffffffff  x2:0x80000000 x21=0x7fffffff
        1106537	     55225	800067aa	004c9313	slli	x6,x25,0x4	 x25:0xffffffff  x6=0xfffffff0
        1106557	     55226	800067ae	9b7d	c.andi	x14,-1	 x14:0x7ffff987 x14=0x7ffff987
        1106577	     55227	800067b0	008a9a33	sll	x20,x21,x8	 x21:0x7fffffff  x8:0x80000679 x20=0xfe000000
        1106597	     55228	800067b4	016068b3	or	x17,x0,x22	  x0:0x00000000 x22:0xffffffff x17=0xffffffff
        1106657	     55231	800067b8	0412	c.slli	x8,0x4	  x8:0x80000679  x8=0x00006790
        1106757	     55236	800067ba	01cc5f13	srli	x30,x24,0x1c	 x24:0x00000000 x30=0x00000000
        1106777	     55237	800067be	03497c63	bgeu	x18,x20,800067f6	 x18:0x00000000 x20:0xfe000000
        1112657	     55531	800067c2	031fe333	rem	x6,x31,x17	 x31:0x00000019 x17:0xffffffff  x6=0x00000000
        1112677	     55532	800067c6	0439d663	bge	x19,x3,80006812	 x19:0x6244fe81  x3:0x80022e64
        1112837	     55540	80006812	0174d9b3	srl	x19,x9,x23	  x9:0x80026ce4 x23:0x00000000 x19=0x80026ce4
        1112857	     55541	80006816	98fe	c.add	x17,x31	 x17:0xffffffff x31:0x00000019 x17=0x00000018
        1113117	     55554	80006818	8049	c.srli	x8,0x12	  x8:0x00006790  x8=0x00000000
        1113517	     55574	8000681a	03d57733	remu	x14,x10,x29	 x10:0x00000005 x29:0x00000000 x14=0x00000005
        1113537	     55575	8000681e	0117c463	blt	x15,x17,80006826	 x15:0x6244fe81 x17:0x00000018
        1113557	     55576	80006822	9d126f13	ori	x30,x4,-1583	  x4:0xbf9d7eaa x30=0xfffffffb
        1113597	     55578	80006826	0201eeb3	rem	x29,x3,x0	  x3:0x80022e64  x0:0x00000000 x29=0x80022e64
        1113617	     55579	8000682a	0116a233	slt	x4,x13,x17	 x13:0x80000679 x17:0x00000018  x4=0x00000001
        1113637	     55580	8000682e	6a8d	c.lui	x21,0x3	 x21=0x00003000
        1113657	     55581	80006830	40b05833	sra	x16,x0,x11	  x0:0x00000000 x11:0x00000000 x16=0x00000000
        1113677	     55582	80006834	00ca65b3	or	x11,x20,x12	 x20:0xfe000000 x12:0x5dd982a2 x11=0xffd982a2
        1113697	     55583	80006838	ed85	c.bnez	x11,80006870	 x11:0xffd982a2
        1113957	     55596	80006870	86ceb093	sltiu	x1,x29,-1940	 x29:0x80022e64  x1=0x00000001
        1113977	     55597	80006874	8035	c.srli	x8,0xd	  x8:0x00000000  x8=0x00000000
        1113997	     55598	80006876	0001	c.addi	x0,0	  x0:0x00000000  x0=0x00000000
        1114017	     55599	80006878	021907b3	mul	x15,x18,x1	 x18:0x00000000  x1:0x00000001 x15=0x00000000
        1114397	     55618	8000687c	6221	c.lui	x4,0x8	  x4=0x00008000
        1114417	     55619	8000687e	1d16e717	auipc	x14,0x1d16e	 x14=0x9d17487e
        1114837	     55640	80006882	6337c913	xori	x18,x15,1587	 x15:0x00000000 x18=0x00000633
        1114857	     55641	80006886	01376a33	or	x20,x14,x19	 x14:0x9d17487e x19:0x80026ce4 x20=0x9d176cfe
        1114877	     55642	8000688a	8ef5	c.and	x13,x13	 x13:0x80000679 x13:0x80000679 x13=0x80000679
        1114897	     55643	8000688c	e8d82037	lui	x0,0xe8d82	  x0=0x00000000
        1114917	     55644	80006890	00419813	slli	x16,x3,0x4	  x3:0x80022e64 x16=0x0022e640
        1114937	     55645	80006894	01939f63	bne	x7,x25,800068b2	  x7:0x5dd982a2 x25:0xffffffff
        1115637	     55680	800068b2	9e095897	auipc	x17,0x9e095	 x17=0x1e09b8b2
        1115837	     55690	800068b6	0ff0000f	fence	iorw,iorw	
        1115857	     55691	800068ba	81b1	c.srli	x11,0xc	 x11:0xffd982a2 x11=0x000ffd98
        1115917	     55694	800068bc	3407b673	csrrc	x12,mscratch,x15	 x15:0x00000000 x12=0x80026ce4
        1116797	     55738	800068c0	03ad6933	rem	x18,x26,x26	 x26:0x00001714 x26:0x00001714 x18=0x00000000
        1116817	     55739	800068c4	f2f4a437	lui	x8,0xf2f4a	  x8=0xf2f4a000
        1116837	     55740	800068c8	340d55f3	csrrwi	x11,mscratch,26	 x11=0x80026ce4
        1116857	     55741	800068cc	0a3a	c.slli	x20,0xe	 x20:0x9d176cfe x20=0xdb3f8000
        1116877	     55742	800068ce	00305e33	srl	x28,x0,x3	  x0:0x00000000  x3:0x80022e64 x28=0x00000000
        1116897	     55743	800068d2	89326d97	auipc	x27,0x89326	 x27=0x0932c8d2
        1116937	     55745	800068d6	340c5373	csrrwi	x6,mscratch,24	  x6=0x0000001a
        1117357	     55766	800068da	00981a93	slli	x21,x16,0x9	 x16:0x0022e640 x21=0x45cc8000
        1117377	     55767	800068de	8ed5	c.or	x13,x13	 x13:0x80000679 x13:0x80000679 x13=0x80000679
        1117397	     55768	800068e0	012ad693	srli	x13,x21,0x12	 x21:0x45cc8000 x13=0x00001173
        1117417	     55769	800068e4	41a4d593	srai	x11,x9,0x1a	  x9:0x80026ce4 x11=0xffffffe0
        1117517	     55774	800068e8	997d	c.andi	x10,-1	 x10:0x00000005 x10=0x00000005
        1117537	     55775	800068ea	40100533	sub	x10,x0,x1	  x0:0x00000000  x1:0x00000001 x10=0xffffffff
        1117897	     55793	800068ee	00d56633	or	x12,x10,x13	 x10:0xffffffff x13:0x00001173 x12=0xffffffff
        1118317	     55814	800068f2	7ad97713	andi	x14,x18,1965	 x18:0x00000000 x14=0x00000000
        1118337	     55815	800068f6	6cb5	c.lui	x25,0xd	 x25=0x0000d000
        1118397	     55818	800068f8	0148be33	sltu	x28,x17,x20	 x17:0x1e09b8b2 x20:0xdb3f8000 x28=0x00000001
        1118417	     55819	800068fc	00059013	slli	x0,x11,0x0	 x11:0xffffffe0  x0=0x00000000
        1118437	     55820	80006900	cb09	c.beqz	x14,80006912	 x14:0x00000000
        1119397	     55868	80006912	cf8d	c.beqz	x15,8000694c	 x15:0x00000000
        1119917	     55894	8000694c	01711733	sll	x14,x2,x23	  x2:0x80000000 x23:0x00000000 x14=0x80000000
        1120177	     55907	80006950	0001	c.addi	x0,0	  x0:0x00000000  x0=0x00000000
        1120357	     55916	80006952	05fe0363	beq	x28,x31,80006998	 x28:0x00000001 x31:0x00000019
        1120777	     55937	80006956	3405ecf3	csrrsi	x25,mscratch,11	 x25=0x00000018
        1120997	     55948	8000695a	005c5033	srl	x0,x24,x5	 x24:0x00000000  x5:0x80022e64  x0=0x00000000
        1121017	     55949	8000695e	340ab7f3	csrrc	x15,mscratch,x21	 x21:0x45cc8000 x15=0x0000001b
        1121037	     55950	80006962	c411	c.beqz	x8,8000696e	  x8:0xf2f4a000
        1121817	     55989	80006964	02425eb3	divu	x29,x4,x4	  x4:0x00008000  x4:0x00008000 x29=0x00000001
        1121837	     55990	80006968	8f21	c.xor	x14,x8	 x14:0x80000000  x8:0xf2f4a000 x14=0x72f4a000
        1121857	     55991	8000696a	f39aad93	slti	x27,x21,-199	 x21:0x45cc8000 x27=0x00000000
        1121877	     55992	8000696e	943d4f93	xori	x31,x26,-1725	 x26:0x00001714 x31=0xffffee57
        1121897	     55993	80006972	49e64a93	xori	x21,x12,1182	 x12:0xffffffff x21=0xfffffb61
        1121917	     55994	80006976	c985	c.beqz	x11,800069a6	 x11:0xffffffe0
        1121937	     55995	80006978	c509	c.beqz	x10,80006982	 x10:0xffffffff
        1121957	     55996	8000697a	41a188b3	sub	x17,x3,x26	  x3:0x80022e64 x26:0x00001714 x17=0x80021750
        1122057	     56001	8000697e	ca73a513	slti	x10,x7,-857	  x7:0x5dd982a2 x10=0x00000000
        1122077	     56002	80006982	8319	c.srli	x14,0x6	 x14:0x72f4a000 x14=0x01cbd280
        1122097	     56003	80006984	0323d663	bge	x7,x18,800069b0	  x7:0x5dd982a2 x18:0x00000000
        1123017	     56049	800069b0	05c0d063	bge	x1,x28,800069f0	  x1:0x00000001 x28:0x00000001
        1124517	     56124	800069f0	006365b3	or	x11,x6,x6	  x6:0x0000001a  x6:0x0000001a x11=0x0000001a
        1124537	     56125	800069f4	34091373	csrrw	x6,mscratch,x18	 x18:0x00000000  x6=0x0000001b
        1124557	     56126	800069f8	34035473	csrrwi	x8,mscratch,6	  x8=0x00000000
        1124577	     56127	800069fc	40afdb13	srai	x22,x31,0xa	 x31:0xffffee57 x22=0xfffffffb
        1124597	     56128	80006a00	0ff0000f	fence	iorw,iorw	
        1124657	     56131	80006a04	00a5c0b3	xor	x1,x11,x10	 x11:0x0000001a x10:0x00000000  x1=0x0000001a
        1124817	     56139	80006a08	65b47993	andi	x19,x8,1627	  x8:0x00000000 x19=0x00000000
        1124957	     56146	80006a0c	033503b3	mul	x7,x10,x19	 x10:0x00000000 x19:0x00000000  x7=0x00000000
        1125217	     56159	80006a10	8f75	c.and	x14,x13	 x14:0x01cbd280 x13:0x00001173 x14=0x00001000
        1125257	     56161	80006a12	02d63433	mulhu	x8,x12,x13	 x12:0xffffffff x13:0x00001173  x8=0x00001172
        1125357	     56166	80006a16	00545013	srli	x0,x8,0x5	  x8:0x00001172  x0=0x00000000
        1125377	     56167	80006a1a	0303ac13	slti	x24,x7,48	  x7:0x00000000 x24=0x00000001
        1125397	     56168	80006a1e	003a2233	slt	x4,x20,x3	 x20:0xdb3f8000  x3:0x80022e64  x4=0x00000000
        1125417	     56169	80006a22	85d5	c.srai	x11,0x15	 x11:0x0000001a x11=0x00000000
        1125437	     56170	80006a24	ed99	c.bnez	x11,80006a42	 x11:0x00000000
        1125617	     56179	80006a26	8bf04593	xori	x11,x0,-1857	  x0:0x00000000 x11=0xfffff8bf
        1126357	     56216	80006a2a	03e54bb3	div	x23,x10,x30	 x10:0x00000000 x30:0xfffffffb x23=0x00000000
        1126377	     56217	80006a2e	00119793	slli	x15,x3,0x1	  x3:0x80022e64 x15=0x00045cc8
        1126397	     56218	80006a32	00519c33	sll	x24,x3,x5	  x3:0x80022e64  x5:0x80022e64 x24=0x0022e640
        1126417	     56219	80006a36	8d05	c.sub	x10,x9	 x10:0x00000000  x9:0x80026ce4 x10=0x7ffd931c
        1126437	     56220	80006a38	34002473	csrrs	x8,mscratch,x0	  x0:0x00000000  x8=0x00000006
        1126457	     56221	80006a3c	34007073	csrrci	x0,mscratch,0	  x0=0x00000000
        1126477	     56222	80006a40	8c1d	c.sub	x8,x15	  x8:0x00000006 x15:0x00045cc8  x8=0xfffba33e
        1126497	     56223	80006a42	7187f893	andi	x17,x15,1816	 x15:0x00045cc8 x17=0x00000408
        1127497	     56273	80006a46	02a3edb3	rem	x27,x7,x10	  x7:0x00000000 x10:0x7ffd931c x27=0x00000000
        1127517	     56274	80006a4a	f679e593	ori	x11,x19,-153	 x19:0x00000000 x11=0xffffff67
        1127537	     56275	80006a4e	34007973	csrrci	x18,mscratch,0	 x18=0x00000006
        1128277	     56312	80006a52	039fc8b3	div	x17,x31,x25	 x31:0xffffee57 x25:0x00000018 x17=0xffffff44
        1128297	     56313	80006a56	c795	c.beqz	x15,80006a82	 x15:0x00045cc8
        1128337	     56315	80006a58	0372c7b3	div	x15,x5,x23	  x5:0x80022e64 x23:0x00000000 x15=0xffffffff
        1128357	     56316	80006a5c	8ff1	c.and	x15,x12	 x15:0xffffffff x12:0xffffffff x15=0xffffffff
        1128377	     56317	80006a5e	e6737093	andi	x1,x6,-409	  x6:0x0000001b  x1=0x00000003
        1128397	     56318	80006a62	8e99	c.sub	x13,x14	 x13:0x00001173 x14:0x00001000 x13=0x00000173
        1128417	     56319	80006a64	01bd5b33	srl	x22,x26,x27	 x26:0x00001714 x27:0x00000000 x22=0x00001714
        1128437	     56320	80006a68	0ab6	c.slli	x21,0xd	 x21:0xfffffb61 x21=0xff6c2000
        1128457	     56321	80006a6a	41765c13	srai	x24,x12,0x17	 x12:0xffffffff x24=0xffffffff
        1128537	     56325	80006a6e	00a5d913	srli	x18,x11,0xa	 x11:0xffffff67 x18=0x003fffff
        1128557	     56326	80006a72	e285	c.bnez	x13,80006a92	 x13:0x00000173
        1128997	     56348	80006a92	8c22	c.mv	x24,x8	  x0:0x00000000  x8:0xfffba33e x24=0xfffba33e
        1129397	     56368	80006a94	cd99	c.beqz	x11,80006ab2	 x11:0xffffff67
        1129537	     56375	80006a96	00070b33	add	x22,x14,x0	 x14:0x00001000  x0:0x00000000 x22=0x00001000
        1129777	     56387	80006a9a	5d024c13	xori	x24,x4,1488	  x4:0x00000000 x24=0x000005d0
        1130517	     56424	80006a9e	0253e833	rem	x16,x7,x5	  x7:0x00000000  x5:0x80022e64 x16=0x00000000
        1130537	     56425	80006aa2	00271ab3	sll	x21,x14,x2	 x14:0x00001000  x2:0x80000000 x21=0x00001000
        1130577	     56427	80006aa6	03ec2db3	mulhsu	x27,x24,x30	 x24:0x000005d0 x30:0xfffffffb x27=0x000005cf
        1130597	     56428	80006aaa	34091c73	csrrw	x24,mscratch,x18	 x18:0x003fffff x24=0x00000006
        1130637	     56430	80006aae	035a2cb3	mulhsu	x25,x20,x21	 x20:0xdb3f8000 x21:0x00001000 x25=0xfffffdb3
        1130657	     56431	80006ab2	0001	c.addi	x0,0	  x0:0x00000000  x0=0x00000000
        1130677	     56432	80006ab4	0287d963	bge	x15,x8,80006ae6	 x15:0xffffffff  x8:0xfffba33e
        1131437	     56470	80006ae6	01302f33	slt	x30,x0,x19	  x0:0x00000000 x19:0x00000000 x30=0x00000000
        1131777	     56487	80006aea	340069f3	csrrsi	x19,mscratch,0	 x19=0x003fffff
        1132037	     56500	80006aee	34055973	csrrwi	x18,mscratch,10	 x18=0x003fffff
        1132157	     56506	80006af2	b9138793	addi	x15,x7,-1135	  x7:0x00000000 x15=0xfffffb91
        1132177	     56507	80006af6	3cc20693	addi	x13,x4,972	  x4:0x00000000 x13=0x000003cc
        1132917	     56544	80006afa	0323e533	rem	x10,x7,x18	  x7:0x00000000 x18:0x003fffff x10=0x00000000
        1132937	     56545	80006afe	0eea	c.slli	x29,0x1a	 x29:0x00000001 x29=0x04000000
        1132957	     56546	80006b00	03987c63	bgeu	x16,x25,80006b38	 x16:0x00000000 x25:0xfffffdb3
        1132977	     56547	80006b04	340925f3	csrrs	x11,mscratch,x18	 x18:0x003fffff x11=0x0000000a
        1132997	     56548	80006b08	01d351b3	srl	x3,x6,x29	  x6:0x0000001b x29:0x04000000  x3=0x0000001b
        1133017	     56549	80006b0c	03cd05b3	mul	x11,x26,x28	 x26:0x00001714 x28:0x00000001 x11=0x00001714
        1133037	     56550	80006b10	340bdff3	csrrwi	x31,mscratch,23	 x31=0x003fffff
        1133777	     56587	80006b14	0363e1b3	rem	x3,x7,x22	  x7:0x00000000 x22:0x00001000  x3=0x00000000
        1133797	     56588	80006b18	6899	c.lui	x17,0x6	 x17=0x00006000
        1133817	     56589	80006b1a	41728933	sub	x18,x5,x23	  x5:0x80022e64 x23:0x00000000 x18=0x80022e64
        1133837	     56590	80006b1e	ac803213	sltiu	x4,x0,-1336	  x0:0x00000000  x4=0x00000001
        1133857	     56591	80006b22	e2a1	c.bnez	x13,80006b62	 x13:0x000003cc
        1135357	     56666	80006b62	00059593	slli	x11,x11,0x0	 x11:0x00001714 x11=0x00001714
        1135377	     56667	80006b66	00f3bb33	sltu	x22,x7,x15	  x7:0x00000000 x15:0xfffffb91 x22=0x00000001
        1135417	     56669	80006b6a	025c2fb3	mulhsu	x31,x24,x5	 x24:0x00000006  x5:0x80022e64 x31=0x00000003
        1135817	     56689	80006b6e	00de2ab3	slt	x21,x28,x13	 x28:0x00000001 x13:0x000003cc x21=0x00000001
        1135857	     56691	80006b72	037b38b3	mulhu	x17,x22,x23	 x22:0x00000001 x23:0x00000000 x17=0x00000000
        1135897	     56693	80006b76	34067df3	csrrci	x27,mscratch,12	 x27=0x00000017
        1135917	     56694	80006b7a	0000100f	fence.i	
        1136157	     56706	80006b7e	34006ff3	csrrsi	x31,mscratch,0	 x31=0x00000013
        1136497	     56723	80006b82	016c6893	ori	x17,x24,22	 x24:0x00000006 x17=0x00000016
        1136777	     56737	80006b86	00e85d13	srli	x26,x16,0xe	 x16:0x00000000 x26=0x00000000
        1136797	     56738	80006b8a	855d	c.srai	x10,0x17	 x10:0x00000000 x10=0x00000000
        1136877	     56742	80006b8c	34006ff3	csrrsi	x31,mscratch,0	 x31=0x00000013
        1137037	     56750	80006b90	03ed	c.addi	x7,27	  x7:0x00000000  x7=0x0000001b
        1137057	     56751	80006b92	09a6	c.slli	x19,0x9	 x19:0x003fffff x19=0x7ffffe00
        1137177	     56757	80006b94	ea89	c.bnez	x13,80006ba6	 x13:0x000003cc
        1145497	     57173	80006ba6	41df58b3	sra	x17,x30,x29	 x30:0x00000000 x29:0x04000000 x17=0x00000000
        1145517	     57174	80006baa	99fa	c.add	x19,x30	 x19:0x7ffffe00 x30:0x00000000 x19=0x7ffffe00
        1145537	     57175	80006bac	41135633	sra	x12,x6,x17	  x6:0x0000001b x17:0x00000000 x12=0x0000001b
        1145557	     57176	80006bb0	34003ff3	csrrc	x31,mscratch,x0	  x0:0x00000000 x31=0x00000013
        1145577	     57177	80006bb4	03de8263	beq	x29,x29,80006bd8	 x29:0x04000000 x29:0x04000000
        1146017	     57199	80006bd8	012825b3	slt	x11,x16,x18	 x16:0x00000000 x18:0x80022e64 x11=0x00000000
        1146097	     57203	80006bdc	0001	c.addi	x0,0	  x0:0x00000000  x0=0x00000000
        1146117	     57204	80006bde	033d5d63	bge	x26,x19,80006c18	 x26:0x00000000 x19:0x7ffffe00
        1146857	     57241	80006be2	02fc48b3	div	x17,x24,x15	 x24:0x00000006 x15:0xfffffb91 x17=0x00000000
        1147597	     57278	80006be6	0345c633	div	x12,x11,x20	 x11:0x00000000 x20:0xdb3f8000 x12=0x00000000
        1147617	     57279	80006bea	0bc1	c.addi	x23,16	 x23:0x00000000 x23=0x00000010
        1147637	     57280	80006bec	024e88b3	mul	x17,x29,x4	 x29:0x04000000  x4:0x00000001 x17=0x04000000
        1147657	     57281	80006bf0	0ff0000f	fence	iorw,iorw	
        1147677	     57282	80006bf4	340d18f3	csrrw	x17,mscratch,x26	 x26:0x00000000 x17=0x00000013
        1147697	     57283	80006bf8	1573b093	sltiu	x1,x7,343	  x7:0x0000001b  x1=0x00000001
        1147717	     57284	80006bfc	c209	c.beqz	x12,80006bfe	 x12:0x00000000
        1148257	     57311	80006bfe	00fb5b63	bge	x22,x15,80006c14	 x22:0x00000001 x15:0xfffffb91
        1149097	     57353	80006c14	8dd8bf93	sltiu	x31,x17,-1827	 x17:0x00000013 x31=0x00000001
        1149297	     57363	80006c18	41b5	c.li	x3,13	  x3=0x0000000d
        1149317	     57364	80006c1a	8331	c.srli	x14,0xc	 x14:0x00001000 x14=0x00000001
        1150077	     57402	80006c1c	02e3fbb3	remu	x23,x7,x14	  x7:0x0000001b x14:0x00000001 x23=0x00000000
        1150117	     57404	80006c20	0374dab3	divu	x21,x9,x23	  x9:0x80026ce4 x23:0x00000000 x21=0xffffffff
        1150137	     57405	80006c24	8a39	c.andi	x12,14	 x12:0x00000000 x12=0x00000000
        1150157	     57406	80006c26	6a51	c.lui	x20,0x14	 x20=0x00014000
        1150177	     57407	80006c28	01444e63	blt	x8,x20,80006c44	  x8:0xfffba33e x20:0x00014000
        1150457	     57421	80006c44	010c8fb3	add	x31,x25,x16	 x25:0xfffffdb3 x16:0x00000000 x31=0xfffffdb3
        1150777	     57437	80006c48	00d2	c.slli	x1,0x14	  x1:0x00000001  x1=0x00100000
        1150797	     57438	80006c4a	40e98433	sub	x8,x19,x14	 x19:0x7ffffe00 x14:0x00000001  x8=0x7ffffdff
        1150817	     57439	80006c4e	ef006013	ori	x0,x0,-272	  x0:0x00000000  x0=0x00000000
        1151197	     57458	80006c52	34056973	csrrsi	x18,mscratch,10	 x18=0x00000000
        1151217	     57459	80006c56	8eed	c.and	x13,x11	 x13:0x000003cc x11:0x00000000 x13=0x00000000
        1151957	     57496	80006c58	025ff033	remu	x0,x31,x5	 x31:0xfffffdb3  x5:0x80022e64  x0=0x00000000
        1151977	     57497	80006c5c	c1780213	addi	x4,x16,-1001	 x16:0x00000000  x4=0xfffffc17
        1151997	     57498	80006c60	003d5e93	srli	x29,x26,0x3	 x26:0x00000000 x29=0x00000000
        1152017	     57499	80006c64	0128deb3	srl	x29,x17,x18	 x17:0x00000013 x18:0x00000000 x29=0x00000013
        1152037	     57500	80006c68	68b1	c.lui	x17,0xc	 x17=0x0000c000
        1152057	     57501	80006c6a	8795	c.srai	x15,0x5	 x15:0xfffffb91 x15=0xffffffdc
        1152097	     57503	80006c6c	02ca9533	mulh	x10,x21,x12	 x21:0xffffffff x12:0x00000000 x10=0x00000000
        1152157	     57506	80006c70	0000100f	fence.i	
        1153077	     57552	80006c74	d8b86b13	ori	x22,x16,-629	 x16:0x00000000 x22=0xfffffd8b
        1153097	     57553	80006c78	03ba8033	mul	x0,x21,x27	 x21:0xffffffff x27:0x00000017  x0=0x00000000
        1153277	     57562	80006c7c	8f69	c.and	x14,x10	 x14:0x00000001 x10:0x00000000 x14=0x00000000
        1153297	     57563	80006c7e	039fea63	bltu	x31,x25,80006cb2	 x31:0xfffffdb3 x25:0xfffffdb3
        1153317	     57564	80006c82	8c19	c.sub	x8,x14	  x8:0x7ffffdff x14:0x00000000  x8=0x7ffffdff
        1153717	     57584	80006c84	03d18c63	beq	x3,x29,80006cbc	  x3:0x0000000d x29:0x00000013
        1154017	     57599	80006c88	02ecf413	andi	x8,x25,46	 x25:0xfffffdb3  x8=0x00000022
        1154037	     57600	80006c8c	003a0f33	add	x30,x20,x3	 x20:0x00014000  x3:0x0000000d x30=0x0001400d
        1154377	     57617	80006c90	40885993	srai	x19,x16,0x8	 x16:0x00000000 x19=0x00000000
        1155117	     57654	80006c94	02696cb3	rem	x25,x18,x6	 x18:0x00000000  x6:0x0000001b x25=0x00000000
        1155137	     57655	80006c98	02e70db3	mul	x27,x14,x14	 x14:0x00000000 x14:0x00000000 x27=0x00000000
        1155157	     57656	80006c9c	0001	c.addi	x0,0	  x0:0x00000000  x0=0x00000000
        1155177	     57657	80006c9e	00e2ad33	slt	x26,x5,x14	  x5:0x80022e64 x14:0x00000000 x26=0x00000001
        1155197	     57658	80006ca2	9d22	c.add	x26,x8	 x26:0x00000001  x8:0x00000022 x26=0x00000023
        1155217	     57659	80006ca4	40098733	sub	x14,x19,x0	 x19:0x00000000  x0:0x00000000 x14=0x00000000
        1155237	     57660	80006ca8	18082d93	slti	x27,x16,384	 x16:0x00000000 x27=0x00000001
        1155257	     57661	80006cac	6215	c.lui	x4,0x5	  x4=0x00005000
        1155297	     57663	80006cae	00df0ab3	add	x21,x30,x13	 x30:0x0001400d x13:0x00000000 x21=0x0001400d
        1155717	     57684	80006cb2	0000100f	fence.i	
        1156657	     57731	80006cb6	8e59	c.or	x12,x14	 x12:0x00000000 x14:0x00000000 x12=0x00000000
        1156677	     57732	80006cb8	01821393	slli	x7,x4,0x18	  x4:0x00005000  x7=0x00000000
        1156777	     57737	80006cbc	003e5993	srli	x19,x28,0x3	 x28:0x00000001 x19=0x00000000
        1156797	     57738	80006cc0	137d	c.addi	x6,-1	  x6:0x0000001b  x6=0x0000001a
        1156817	     57739	80006cc2	8b7d	c.andi	x14,31	 x14:0x00000000 x14=0x00000000
        1156837	     57740	80006cc4	34003b73	csrrc	x22,mscratch,x0	  x0:0x00000000 x22=0x0000000a
        1156857	     57741	80006cc8	01119e33	sll	x28,x3,x17	  x3:0x0000000d x17:0x0000c000 x28=0x0000000d
        1156877	     57742	80006ccc	00431913	slli	x18,x6,0x4	  x6:0x0000001a x18=0x000001a0
        1156897	     57743	80006cd0	34007973	csrrci	x18,mscratch,0	 x18=0x0000000a
        1156917	     57744	80006cd4	0168c5b3	xor	x11,x17,x22	 x17:0x0000c000 x22:0x0000000a x11=0x0000c00a
        1156937	     57745	80006cd8	0001	c.addi	x0,0	  x0:0x00000000  x0=0x00000000
        1156957	     57746	80006cda	01a917b3	sll	x15,x18,x26	 x18:0x0000000a x26:0x00000023 x15=0x00000050
        1157397	     57768	80006cde	039a1b33	mulh	x22,x20,x25	 x20:0x00014000 x25:0x00000000 x22=0x00000000
        1157417	     57769	80006ce2	0000100f	fence.i	
        1158217	     57809	80006ce6	0240bdb3	mulhu	x27,x1,x4	  x1:0x00100000  x4:0x00005000 x27=0x00000005
        1158317	     57814	80006cea	be292813	slti	x16,x18,-1054	 x18:0x0000000a x16=0x00000000
        1158417	     57819	80006cee	02288263	beq	x17,x2,80006d12	 x17:0x0000c000  x2:0x80000000
        1158457	     57821	80006cf2	039a9bb3	mulh	x23,x21,x25	 x21:0x0001400d x25:0x00000000 x23=0x00000000
        1158477	     57822	80006cf6	8f7d	c.and	x14,x15	 x14:0x00000000 x15:0x00000050 x14=0x00000000
        1158557	     57826	80006cf8	0000100f	fence.i	
        1159077	     57852	80006cfc	8f1e	c.mv	x30,x7	  x0:0x00000000  x7:0x00000000 x30=0x00000000
        1159117	     57854	80006cfe	0000100f	fence.i	
        1160117	     57904	80006d02	00ff4763	blt	x30,x15,80006d10	 x30:0x00000000 x15:0x00000050
        1160797	     57938	80006d10	8e59	c.or	x12,x14	 x12:0x00000000 x14:0x00000000 x12=0x00000000
        1160937	     57945	80006d12	037e3db3	mulhu	x27,x28,x23	 x28:0x0000000d x23:0x00000000 x27=0x00000000
        1160957	     57946	80006d16	8699	c.srai	x13,0x6	 x13:0x00000000 x13=0x00000000
        1161037	     57950	80006d18	017c5533	srl	x10,x24,x23	 x24:0x00000006 x23:0x00000000 x10=0x00000006
        1161077	     57952	80006d1c	340e7973	csrrci	x18,mscratch,28	 x18=0x0000000a
        1161497	     57973	80006d20	07d6	c.slli	x15,0x15	 x15:0x00000050 x15=0x0a000000
        1161517	     57974	80006d22	8075	c.srli	x8,0x1d	  x8:0x00000022  x8=0x00000000
        1161837	     57990	80006d24	0f4a	c.slli	x30,0x12	 x30:0x00000000 x30=0x00000000
        1161857	     57991	80006d26	9a7d	c.andi	x12,-1	 x12:0x00000000 x12=0x00000000
        1162257	     58011	80006d28	0270d663	bge	x1,x7,80006d54	  x1:0x00100000  x7:0x00000000
        1163437	     58070	80006d54	cc05	c.beqz	x8,80006d8c	  x8:0x00000000
        1164097	     58103	80006d8c	34006c73	csrrsi	x24,mscratch,0	 x24=0x00000002
        1164537	     58125	80006d90	02c557b3	divu	x15,x10,x12	 x10:0x00000006 x12:0x00000000 x15=0xffffffff
        1164557	     58126	80006d94	41280233	sub	x4,x16,x18	 x16:0x00000000 x18:0x0000000a  x4=0xfffffff6
        1164577	     58127	80006d98	8e91	c.sub	x13,x12	 x13:0x00000000 x12:0x00000000 x13=0x00000000
        1164597	     58128	80006d9a	1bfd	c.addi	x23,-1	 x23:0x00000000 x23=0xffffffff
        1164877	     58142	80006d9c	6fc03813	sltiu	x16,x0,1788	  x0:0x00000000 x16=0x00000001
        1164897	     58143	80006da0	0047edb3	or	x27,x15,x4	 x15:0xffffffff  x4:0xfffffff6 x27=0xffffffff
        1164917	     58144	80006da4	0346ea63	bltu	x13,x20,80006dd8	 x13:0x00000000 x20:0x00014000
        1165717	     58184	80006dd8	5c810c13	addi	x24,x2,1480	  x2:0x80000000 x24=0x800005c8
        1165897	     58193	80006ddc	0ff0000f	fence	iorw,iorw	
        1166297	     58213	80006de0	01351b93	slli	x23,x10,0x13	 x10:0x00000006 x23=0x00300000
        1166317	     58214	80006de4	03ebe363	bltu	x23,x30,80006e0a	 x23:0x00300000 x30:0x00000000
        1166477	     58222	80006de8	4305	c.li	x6,1	  x6=0x00000001
        1166497	     58223	80006dea	8f51	c.or	x14,x12	 x14:0x00000000 x12:0x00000000 x14=0x00000000
        1166817	     58239	80006dec	cb01	c.beqz	x14,80006dfc	 x14:0x00000000
        1167597	     58278	80006dfc	41e18433	sub	x8,x3,x30	  x3:0x0000000d x30:0x00000000  x8=0x0000000d
        1167717	     58284	80006e00	34007873	csrrci	x16,mscratch,0	 x16=0x00000002
        1167737	     58285	80006e04	0089d913	srli	x18,x19,0x8	 x19:0x00000000 x18=0x00000000
        1167757	     58286	80006e08	0001	c.addi	x0,0	  x0:0x00000000  x0=0x00000000
        1167777	     58287	80006e0a	68a9	c.lui	x17,0xa	 x17=0x0000a000
        1167817	     58289	80006e0c	025cb5b3	mulhu	x11,x25,x5	 x25:0x00000000  x5:0x80022e64 x11=0x00000000
        1167977	     58297	80006e10	b3a566b7	lui	x13,0xb3a56	 x13=0xb3a56000
        1168417	     58319	80006e14	022da533	mulhsu	x10,x27,x2	 x27:0xffffffff  x2:0x80000000 x10=0xffffffff
        1168817	     58339	80006e18	012ab0b3	sltu	x1,x21,x18	 x21:0x0001400d x18:0x00000000  x1=0x00000000
        1168837	     58340	80006e1c	8ee9	c.and	x13,x10	 x13:0xb3a56000 x10:0xffffffff x13=0xb3a56000
        1168857	     58341	80006e1e	cd19	c.beqz	x10,80006e3c	 x10:0xffffffff
        1169757	     58386	80006e20	03a573b3	remu	x7,x10,x26	 x10:0xffffffff x26:0x00000023  x7=0x0000000a
        1169797	     58388	80006e24	0324c333	div	x6,x9,x18	  x9:0x80026ce4 x18:0x00000000  x6=0xffffffff
        1169817	     58389	80006e28	0000100f	fence.i	
        1170257	     58411	80006e2c	6cb5	c.lui	x25,0xd	 x25=0x0000d000
        1170717	     58434	80006e2e	012fe833	or	x16,x31,x18	 x31:0xfffffdb3 x18:0x00000000 x16=0xfffffdb3
        1170737	     58435	80006e32	05c4e563	bltu	x9,x28,80006e7c	  x9:0x80026ce4 x28:0x0000000d
        1170757	     58436	80006e36	0c51	c.addi	x24,20	 x24:0x800005c8 x24=0x800005dc
        1171137	     58455	80006e38	02b7df33	divu	x30,x15,x11	 x15:0xffffffff x11:0x00000000 x30=0xffffffff
        1171537	     58475	80006e3c	340c10f3	csrrw	x1,mscratch,x24	 x24:0x800005dc  x1=0x00000002
        1171557	     58476	80006e40	74357893	andi	x17,x10,1859	 x10:0xffffffff x17=0x00000743
        1171617	     58479	80006e44	8f25	c.xor	x14,x9	 x14:0x00000000  x9:0x80026ce4 x14=0x80026ce4
        1171637	     58480	80006e46	03f28bb3	mul	x23,x5,x31	  x5:0x80022e64 x31:0xfffffdb3 x23=0x7afb43ec
        1172397	     58518	80006e4a	0312e9b3	rem	x19,x5,x17	  x5:0x80022e64 x17:0x00000743 x19=0xfffffe07
        1172417	     58519	80006e4e	0000100f	fence.i	
        1173797	     58588	80006e52	1b0e9837	lui	x16,0x1b0e9	 x16=0x1b0e9000
        1174217	     58609	80006e56	340035f3	csrrc	x11,mscratch,x0	  x0:0x00000000 x11=0x800005dc
        1174237	     58610	80006e5a	0bed	c.addi	x23,27	 x23:0x7afb43ec x23=0x7afb4407
        1174357	     58616	80006e5c	017f2c33	slt	x24,x30,x23	 x30:0xffffffff x23:0x7afb4407 x24=0x00000001
        1174457	     58621	80006e60	340665f3	csrrsi	x11,mscratch,12	 x11=0x800005dc
        1174517	     58624	80006e64	00ddf5b3	and	x11,x27,x13	 x27:0xffffffff x13:0xb3a56000 x11=0xb3a56000
        1174537	     58625	80006e68	00ee9a33	sll	x20,x29,x14	 x29:0x00000013 x14:0x80026ce4 x20=0x00000130
        1174557	     58626	80006e6c	00ab8fb3	add	x31,x23,x10	 x23:0x7afb4407 x10:0xffffffff x31=0x7afb4406
        1175697	     58683	80006e70	027050b3	divu	x1,x0,x7	  x0:0x00000000  x7:0x0000000a  x1=0x00000000
        1175717	     58684	80006e74	01e01ab3	sll	x21,x0,x30	  x0:0x00000000 x30:0xffffffff x21=0x00000000
        1175737	     58685	80006e78	7dc1fc13	andi	x24,x3,2012	  x3:0x0000000d x24=0x0000000c
        1175757	     58686	80006e7c	8fc1	c.or	x15,x8	 x15:0xffffffff  x8:0x0000000d x15=0xffffffff
        1175777	     58687	80006e7e	34007bf3	csrrci	x23,mscratch,0	 x23=0x800005dc
        1175797	     58688	80006e82	bd8d8513	addi	x10,x27,-1064	 x27:0xffffffff x10=0xfffffbd7
        1175837	     58690	80006e86	a4633e13	sltiu	x28,x6,-1466	  x6:0xffffffff x28=0x00000000
        1175857	     58691	80006e8a	0ff0000f	fence	iorw,iorw	
        1176277	     58712	80006e8e	340eacf3	csrrs	x25,mscratch,x29	 x29:0x00000013 x25=0x800005dc
        1176297	     58713	80006e92	9396	c.add	x7,x5	  x7:0x0000000a  x5:0x80022e64  x7=0x80022e6e
        1176517	     58724	80006e94	8962	c.mv	x18,x24	  x0:0x00000000 x24:0x0000000c x18=0x0000000c
        1176617	     58729	80006e96	0271b1b3	mulhu	x3,x3,x7	  x3:0x0000000d  x7:0x80022e6e  x3=0x00000006
        1176637	     58730	80006e9a	0949	c.addi	x18,18	 x18:0x0000000c x18=0x0000001e
        1176677	     58732	80006e9c	037bab33	mulhsu	x22,x23,x23	 x23:0x800005dc x23:0x800005dc x22=0xc0000000
        1177037	     58750	80006ea0	376c0d93	addi	x27,x24,886	 x24:0x0000000c x27=0x00000382
        1177057	     58751	80006ea4	8fe5	c.and	x15,x9	 x15:0xffffffff  x9:0x80026ce4 x15=0x80026ce4
        1177077	     58752	80006ea6	002ce5b3	or	x11,x25,x2	 x25:0x800005dc  x2:0x80000000 x11=0x800005dc
        1177117	     58754	80006eaa	e69b6193	ori	x3,x22,-407	 x22:0xc0000000  x3=0xfffffe69
        1177417	     58769	80006eae	03a2b633	mulhu	x12,x5,x26	  x5:0x80022e64 x26:0x00000023 x12=0x00000011
        1177577	     58777	80006eb2	02d40233	mul	x4,x8,x13	  x8:0x0000000d x13:0xb3a56000  x4=0x1f65e000
        1177597	     58778	80006eb6	c591	c.beqz	x11,80006ec2	 x11:0x800005dc
        1177617	     58779	80006eb8	157d	c.addi	x10,-1	 x10:0xfffffbd7 x10=0xfffffbd6
        1177697	     58783	80006eba	00165463	bge	x12,x1,80006ec2	 x12:0x00000011  x1:0x00000000
        1180617	     58929	80006ec2	015c8633	add	x12,x25,x21	 x25:0x800005dc x21:0x00000000 x12=0x800005dc
        1180637	     58930	80006ec6	01d41f63	bne	x8,x29,80006ee4	  x8:0x0000000d x29:0x00000013
        1181037	     58950	80006ee4	00cb7a33	and	x20,x22,x12	 x22:0xc0000000 x12:0x800005dc x20=0x80000000
        1181397	     58968	80006ee8	4ee1	c.li	x29,24	 x29=0x00000018
        1181577	     58977	80006eea	016ad093	srli	x1,x21,0x16	 x21:0x00000000  x1=0x00000000
        1181597	     58978	80006eee	0ff0000f	fence	iorw,iorw	
        1181757	     58986	80006ef2	05d30063	beq	x6,x29,80006f32	  x6:0xffffffff x29:0x00000018
        1181957	     58996	80006ef6	01165433	srl	x8,x12,x17	 x12:0x800005dc x17:0x00000743  x8=0x100000bb
        1181977	     58997	80006efa	da4c36b7	lui	x13,0xda4c3	 x13=0xda4c3000
        1181997	     58998	80006efe	8f7d	c.and	x14,x15	 x14:0x80026ce4 x15:0x80026ce4 x14=0x80026ce4
        1182397	     59018	80006f00	01bbd263	bge	x23,x27,80006f04	 x23:0x800005dc x27:0x00000382
        1182817	     59039	80006f04	dc293a93	sltiu	x21,x18,-574	 x18:0x0000001e x21=0x00000001
        1183077	     59052	80006f08	0000100f	fence.i	
        1184037	     59100	80006f0c	03bc29b3	mulhsu	x19,x24,x27	 x24:0x0000000c x27:0x00000382 x19=0x00000000
        1184077	     59102	80006f10	018a0b63	beq	x20,x24,80006f26	 x20:0x80000000 x24:0x0000000c
        1184097	     59103	80006f14	00f1c533	xor	x10,x3,x15	  x3:0xfffffe69 x15:0x80026ce4 x10=0x7ffd928d
        1184257	     59111	80006f18	8011	c.srli	x8,0x4	  x8:0x100000bb  x8=0x0100000b
        1184277	     59112	80006f1a	3401bcf3	csrrc	x25,mscratch,x3	  x3:0xfffffe69 x25=0x800005df
        1184297	     59113	80006f1e	013be0b3	or	x1,x23,x19	 x23:0x800005dc x19:0x00000000  x1=0x800005dc
        1184637	     59130	80006f22	e2338a93	addi	x21,x7,-477	  x7:0x80022e6e x21=0x80022c91
        1184657	     59131	80006f26	8d09	c.sub	x10,x10	 x10:0x7ffd928d x10:0x7ffd928d x10=0x00000000
        1184677	     59132	80006f28	01025793	srli	x15,x4,0x10	  x4:0x1f65e000 x15=0x00001f65
        1185417	     59169	80006f2c	024e40b3	div	x1,x28,x4	 x28:0x00000000  x4:0x1f65e000  x1=0x00000000
        1185437	     59170	80006f30	8abd	c.andi	x13,15	 x13:0xda4c3000 x13=0x00000000
        1185477	     59172	80006f32	03191a33	mulh	x20,x18,x17	 x18:0x0000001e x17:0x00000743 x20=0x00000000
        1185657	     59181	80006f36	023c16b3	mulh	x13,x24,x3	 x24:0x0000000c  x3:0xfffffe69 x13=0xffffffff
        1185677	     59182	80006f3a	00f15f13	srli	x30,x2,0xf	  x2:0x80000000 x30=0x00010000
        1185697	     59183	80006f3e	34002873	csrrs	x16,mscratch,x0	  x0:0x00000000 x16=0x00000196
        1185717	     59184	80006f42	2e848a13	addi	x20,x9,744	  x9:0x80026ce4 x20=0x80026fcc
        1185777	     59187	80006f46	00375613	srli	x12,x14,0x3	 x14:0x80026ce4 x12=0x10004d9c
        1185797	     59188	80006f4a	06e9	c.addi	x13,26	 x13:0xffffffff x13=0x00000019
        1185817	     59189	80006f4c	3403de73	csrrwi	x28,mscratch,7	 x28=0x00000196
        1186137	     59205	80006f50	4153ddb3	sra	x27,x7,x21	  x7:0x80022e6e x21:0x80022c91 x27=0xffffc001
        1186237	     59210	80006f54	0ff0000f	fence	iorw,iorw	
        1186277	     59212	80006f58	34002b73	csrrs	x22,mscratch,x0	  x0:0x00000000 x22=0x00000007
        1186617	     59229	80006f5c	04c67263	bgeu	x12,x12,80006fa0	 x12:0x10004d9c x12:0x10004d9c
        1187197	     59258	80006fa0	340039f3	csrrc	x19,mscratch,x0	  x0:0x00000000 x19=0x00000007
        1187617	     59279	80006fa4	03ebe663	bltu	x23,x30,80006fd0	 x23:0x800005dc x30:0x00010000
        1188357	     59316	80006fa8	03984fb3	div	x31,x16,x25	 x16:0x00000196 x25:0x800005df x31=0x00000000
        1188377	     59317	80006fac	0001	c.addi	x0,0	  x0:0x00000000  x0=0x00000000
        1188397	     59318	80006fae	0125a833	slt	x16,x11,x18	 x11:0x800005dc x18:0x0000001e x16=0x00000001
        1188417	     59319	80006fb2	93f30c93	addi	x25,x6,-1729	  x6:0xffffffff x25=0xfffff93e
        1188437	     59320	80006fb6	00daa7b3	slt	x15,x21,x13	 x21:0x80022c91 x13:0x00000019 x15=0x00000001
        1188457	     59321	80006fba	14188c93	addi	x25,x17,321	 x17:0x00000743 x25=0x00000884
        1188757	     59336	80006fbe	00a6a433	slt	x8,x13,x10	 x13:0x00000019 x10:0x00000000  x8=0x00000000
        1188937	     59345	80006fc2	019cebb3	or	x23,x25,x25	 x25:0x00000884 x25:0x00000884 x23=0x00000884
        1189357	     59366	80006fc6	01a43233	sltu	x4,x8,x26	  x8:0x00000000 x26:0x00000023  x4=0x00000001
        1189457	     59371	80006fca	01d51963	bne	x10,x29,80006fdc	 x10:0x00000000 x29:0x00000018
        1189957	     59396	80006fdc	00e817b7	lui	x15,0xe81	 x15=0x00e81000
        1190017	     59399	80006fe0	0001	c.addi	x0,0	  x0:0x00000000  x0=0x00000000
        1190377	     59417	80006fe2	0000100f	fence.i	
        1190997	     59448	80006fe6	8f5d	c.or	x14,x15	 x14:0x80026ce4 x15:0x00e81000 x14=0x80ea7ce4
        1191017	     59449	80006fe8	02b0fd63	bgeu	x1,x11,80007022	  x1:0x00000000 x11:0x800005dc
        1191097	     59453	80006fec	87f9	c.srai	x15,0x1e	 x15:0x00e81000 x15=0x00000000
        1191117	     59454	80006fee	9a72	c.add	x20,x28	 x20:0x80026fcc x28:0x00000196 x20=0x80027162
        1191157	     59456	80006ff0	0001	c.addi	x0,0	  x0:0x00000000  x0=0x00000000
        1191177	     59457	80006ff2	8839	c.andi	x8,14	  x8:0x00000000  x8=0x00000000
        1191197	     59458	80006ff4	0000100f	fence.i	
        1191357	     59466	80006ff8	340cd273	csrrwi	x4,mscratch,25	  x4=0x00000007
        1191417	     59469	80006ffc	004feb33	or	x22,x31,x4	 x31:0x00000000  x4:0x00000007 x22=0x00000007
        1191437	     59470	80007000	00f8e8b3	or	x17,x17,x15	 x17:0x00000743 x15:0x00000000 x17=0x00000743
        1191537	     59475	80007004	85e9	c.srai	x11,0x1a	 x11:0x800005dc x11=0xffffffe0
        1191557	     59476	80007006	85b9	c.srai	x11,0xe	 x11:0xffffffe0 x11=0xffffffff
        1191697	     59483	80007008	340c1a73	csrrw	x20,mscratch,x24	 x24:0x0000000c x20=0x00000019
        1191817	     59489	8000700c	0215b8b3	mulhu	x17,x11,x1	 x11:0xffffffff  x1:0x00000000 x17=0x00000000
        1191917	     59494	80007010	01c6fb33	and	x22,x13,x28	 x13:0x00000019 x28:0x00000196 x22=0x00000010
        1191937	     59495	80007014	01cce763	bltu	x25,x28,80007022	 x25:0x00000884 x28:0x00000196
        1192357	     59516	80007018	41a65d33	sra	x26,x12,x26	 x12:0x10004d9c x26:0x00000023 x26=0x020009b3
        1192377	     59517	8000701c	997d	c.andi	x10,-1	 x10:0x00000000 x10=0x00000000
        1192517	     59524	8000701e	76650d93	addi	x27,x10,1894	 x10:0x00000000 x27=0x00000766
        1192537	     59525	80007022	01431f63	bne	x6,x20,80007040	  x6:0xffffffff x20:0x00000019
        1192677	     59532	80007040	4875	c.li	x16,29	 x16=0x0000001d
        1192697	     59533	80007042	008878b3	and	x17,x16,x8	 x16:0x0000001d  x8:0x00000000 x17=0x00000000
        1192717	     59534	80007046	8fe1	c.and	x15,x8	 x15:0x00000000  x8:0x00000000 x15=0x00000000
        1192857	     59541	80007048	01b9cd63	blt	x19,x27,80007062	 x19:0x00000007 x27:0x00000766
        1193097	     59553	80007062	340feef3	csrrsi	x29,mscratch,31	 x29=0x0000000c
        1193117	     59554	80007066	8c39	c.xor	x8,x14	  x8:0x00000000 x14:0x80ea7ce4  x8=0x80ea7ce4
        1193137	     59555	80007068	41ded3b3	sra	x7,x29,x29	 x29:0x0000000c x29:0x0000000c  x7=0x00000000
        1193157	     59556	8000706c	0631	c.addi	x12,12	 x12:0x10004d9c x12=0x10004da8
        1193317	     59564	8000706e	0214f563	bgeu	x9,x1,80007098	  x9:0x80026ce4  x1:0x00000000
        1194477	     59622	80007098	00f8d333	srl	x6,x17,x15	 x17:0x00000000 x15:0x00000000  x6=0x00000000
        1194517	     59624	8000709c	03d1e963	bltu	x3,x29,800070ce	  x3:0xfffffe69 x29:0x0000000c
        1195257	     59661	800070a0	02ed40b3	div	x1,x26,x14	 x26:0x020009b3 x14:0x80ea7ce4  x1=0x00000000
        1195277	     59662	800070a4	68c5	c.lui	x17,0x11	 x17=0x00011000
        1195297	     59663	800070a6	340e37f3	csrrc	x15,mscratch,x28	 x28:0x00000196 x15=0x0000001f
        1195317	     59664	800070aa	02180e33	mul	x28,x16,x1	 x16:0x0000001d  x1:0x00000000 x28=0x00000000
        1195337	     59665	800070ae	0063de13	srli	x28,x7,0x6	  x7:0x00000000 x28=0x00000000
        1195357	     59666	800070b2	00d1db93	srli	x23,x3,0xd	  x3:0xfffffe69 x23=0x0007ffff
        1195457	     59671	800070b6	34007673	csrrci	x12,mscratch,0	 x12=0x00000009
        1195477	     59672	800070ba	e71d	c.bnez	x14,800070e8	 x14:0x80ea7ce4
        1196097	     59703	800070e8	03458633	mul	x12,x11,x20	 x11:0xffffffff x20:0x00000019 x12=0xffffffe7
        1196117	     59704	800070ec	ca55c893	xori	x17,x11,-859	 x11:0xffffffff x17=0x0000035a
        1196517	     59724	800070f0	953a	c.add	x10,x14	 x10:0x00000000 x14:0x80ea7ce4 x10=0x80ea7ce4
        1196537	     59725	800070f2	84ede813	ori	x16,x27,-1970	 x27:0x00000766 x16=0xffffff6e
        1196557	     59726	800070f6	00794a33	xor	x20,x18,x7	 x18:0x0000001e  x7:0x00000000 x20=0x0000001e
        1196977	     59747	800070fa	340917f3	csrrw	x15,mscratch,x18	 x18:0x0000001e x15=0x00000009
        1197397	     59768	800070fe	003e46b3	xor	x13,x28,x3	 x28:0x00000000  x3:0xfffffe69 x13=0xfffffe69
        1197417	     59769	80007102	025e6463	bltu	x28,x5,8000712a	 x28:0x00000000  x5:0x80022e64
        1199057	     59851	8000712a	0347e933	rem	x18,x15,x20	 x15:0x00000009 x20:0x0000001e x18=0x00000009
        1199077	     59852	8000712e	01b31a63	bne	x6,x27,80007142	  x6:0x00000000 x27:0x00000766
        1199137	     59855	80007142	fcbeea13	ori	x20,x29,-53	 x29:0x0000000c x20=0xffffffcf
        1199157	     59856	80007146	8976	c.mv	x18,x29	  x0:0x00000000 x29:0x0000000c x18=0x0000000c
        1199277	     59862	80007148	8ded	c.and	x11,x11	 x11:0xffffffff x11:0xffffffff x11=0xffffffff
        1199297	     59863	8000714a	0265cc63	blt	x11,x6,80007182	 x11:0xffffffff  x6:0x00000000
        1201017	     59949	80007182	0347c933	div	x18,x15,x20	 x15:0x00000009 x20:0xffffffcf x18=0x00000000
        1201037	     59950	80007186	34007473	csrrci	x8,mscratch,0	  x8=0x0000001e
        1201077	     59952	8000718a	02b7b0b3	mulhu	x1,x15,x11	 x15:0x00000009 x11:0xffffffff  x1=0x00000008
        1201097	     59953	8000718e	82a1	c.srli	x13,0x8	 x13:0xfffffe69 x13=0x00fffffe
        1201137	     59955	80007190	03419ab3	mulh	x21,x3,x20	  x3:0xfffffe69 x20:0xffffffcf x21=0x00000000
        1201157	     59956	80007194	e719	c.bnez	x14,800071a2	 x14:0x80ea7ce4
        1201437	     59970	800071a2	ea91	c.bnez	x13,800071b6	 x13:0x00fffffe
        1201897	     59993	800071b6	8731	c.srai	x14,0xc	 x14:0x80ea7ce4 x14=0xfff80ea7
        1202037	     60000	800071b8	01de1c63	bne	x28,x29,800071d0	 x28:0x00000000 x29:0x0000000c
        1203337	     60065	800071d0	eb1d	c.bnez	x14,80007206	 x14:0xfff80ea7
        1204357	     60116	80007206	01905e63	bge	x0,x25,80007222	  x0:0x00000000 x25:0x00000884
        1204397	     60118	8000720a	34002e73	csrrs	x28,mscratch,x0	  x0:0x00000000 x28=0x0000001e
        1204517	     60124	8000720e	0181c563	blt	x3,x24,80007218	  x3:0xfffffe69 x24:0x0000000c
        1214857	     60641	80007218	031d7ab3	remu	x21,x26,x17	 x26:0x020009b3 x17:0x0000035a x21=0x00000217
        1214877	     60642	8000721c	03230063	beq	x6,x18,8000723c	  x6:0x00000000 x18:0x00000000
        1215357	     60666	8000723c	0001	c.addi	x0,0	  x0:0x00000000  x0=0x00000000
        1215397	     60668	8000723e	030b4963	blt	x22,x16,80007270	 x22:0x00000010 x16:0xffffff6e
        1215477	     60672	80007242	29b4a413	slti	x8,x9,667	  x9:0x80026ce4  x8=0x00000001
        1215497	     60673	80007246	01efd093	srli	x1,x31,0x1e	 x31:0x00000000  x1=0x00000000
        1215557	     60676	8000724a	024318b3	mulh	x17,x6,x4	  x6:0x00000000  x4:0x00000007 x17=0x00000000
        1215577	     60677	8000724e	340c9c73	csrrw	x24,mscratch,x25	 x25:0x00000884 x24=0x0000001e
        1215977	     60697	80007252	34006973	csrrsi	x18,mscratch,0	 x18=0x00000884
        1216057	     60701	80007256	30a47013	andi	x0,x8,778	  x8:0x00000001  x0=0x00000000
        1216137	     60705	8000725a	110f6e93	ori	x29,x30,272	 x30:0x00010000 x29=0x00010110
        1216157	     60706	8000725e	e009	c.bnez	x8,80007260	  x8:0x00000001
        1217437	     60770	80007260	6265	c.lui	x4,0x19	  x4=0x00019000
        1217457	     60771	80007262	8ed5	c.or	x13,x13	 x13:0x00fffffe x13:0x00fffffe x13=0x00fffffe
        1217477	     60772	80007264	01549313	slli	x6,x9,0x15	  x9:0x80026ce4  x6=0x9c800000
        1217557	     60776	80007268	01e8ed33	or	x26,x17,x30	 x17:0x00000000 x30:0x00010000 x26=0x00010000
        1217577	     60777	8000726c	55fd	c.li	x11,-1	 x11=0xffffffff
        1217597	     60778	8000726e	8d65	c.and	x10,x9	 x10:0x80ea7ce4  x9:0x80026ce4 x10=0x80026ce4
        1217797	     60788	80007270	5005bb93	sltiu	x23,x11,1280	 x11:0xffffffff x23=0x00000000
        1217817	     60789	80007274	01d293b3	sll	x7,x5,x29	  x5:0x80022e64 x29:0x00010110  x7=0x2e640000
        1217937	     60795	80007278	340b9573	csrrw	x10,mscratch,x23	 x23:0x00000000 x10=0x00000884
        1218197	     60808	8000727c	8c39	c.xor	x8,x14	  x8:0x00000001 x14:0xfff80ea7  x8=0xfff80ea6
        1218377	     60817	8000727e	340731f3	csrrc	x3,mscratch,x14	 x14:0xfff80ea7  x3=0x00000000
        1218397	     60818	80007282	8ee5	c.and	x13,x9	 x13:0x00fffffe  x9:0x80026ce4 x13=0x00026ce4
        1218417	     60819	80007284	097a7797	auipc	x15,0x97a7	 x15=0x897ae284
        1218817	     60839	80007288	8c3e	c.mv	x24,x15	  x0:0x00000000 x15:0x897ae284 x24=0x897ae284
        1218837	     60840	8000728a	6325	c.lui	x6,0x9	  x6=0x00009000
        1218857	     60841	8000728c	4a0ff013	andi	x0,x31,1184	 x31:0x00000000  x0=0x00000000
        1218937	     60845	80007290	00161033	sll	x0,x12,x1	 x12:0xffffffe7  x1:0x00000000  x0=0x00000000
        1218957	     60846	80007294	340030f3	csrrc	x1,mscratch,x0	  x0:0x00000000  x1=0x00000000
        1218977	     60847	80007298	0054acb3	slt	x25,x9,x5	  x9:0x80026ce4  x5:0x80022e64 x25=0x00000000
        1219137	     60855	8000729c	03986eb3	rem	x29,x16,x25	 x16:0xffffff6e x25:0x00000000 x29=0xffffff6e
        1219157	     60856	800072a0	01e82033	slt	x0,x16,x30	 x16:0xffffff6e x30:0x00010000  x0=0x00000000
        1219457	     60871	800072a4	010c6cb3	or	x25,x24,x16	 x24:0x897ae284 x16:0xffffff6e x25=0xffffffee
        1219737	     60885	800072a8	8611	c.srai	x12,0x4	 x12:0xffffffe7 x12=0xfffffffe
        1219757	     60886	800072aa	0001	c.addi	x0,0	  x0:0x00000000  x0=0x00000000
        1219937	     60895	800072ac	02019a63	bne	x3,x0,800072e0	  x3:0x00000000  x0:0x00000000
        1220237	     60910	800072b0	012a40b3	xor	x1,x20,x18	 x20:0xffffffcf x18:0x00000884  x1=0xfffff74b
        1220257	     60911	800072b4	34006d73	csrrsi	x26,mscratch,0	 x26=0x00000000
        1220277	     60912	800072b8	8775	c.srai	x14,0x1d	 x14:0xfff80ea7 x14=0xffffffff
        1220437	     60920	800072ba	340129f3	csrrs	x19,mscratch,x2	  x2:0x80000000 x19=0x00000000
        1220617	     60929	800072be	0228e163	bltu	x17,x2,800072e0	 x17:0x00000000  x2:0x80000000
        1221517	     60974	800072e0	0c12	c.slli	x24,0x4	 x24:0x897ae284 x24=0x97ae2840
        1221937	     60995	800072e2	0ff0000f	fence	iorw,iorw	
        1221957	     60996	800072e6	17fd	c.addi	x15,-1	 x15:0x897ae284 x15=0x897ae283
        1222137	     61005	800072e8	017e1813	slli	x16,x28,0x17	 x28:0x0000001e x16=0x0f000000
        1223277	     61062	800072ec	03e2e8b3	rem	x17,x5,x30	  x5:0x80022e64 x30:0x00010000 x17=0xffff2e64
        1223297	     61063	800072f0	4541	c.li	x10,16	 x10=0x00000010
        1223317	     61064	800072f2	01a7f0b3	and	x1,x15,x26	 x15:0x897ae283 x26:0x00000000  x1=0x00000000
        1223337	     61065	800072f6	8c59	c.or	x8,x14	  x8:0xfff80ea6 x14:0xffffffff  x8=0xffffffff
        1223357	     61066	800072f8	137d	c.addi	x6,-1	  x6:0x00009000  x6=0x00008fff
        1223377	     61067	800072fa	0001	c.addi	x0,0	  x0:0x00000000  x0=0x00000000
        1223397	     61068	800072fc	4118d5b3	sra	x11,x17,x17	 x17:0xffff2e64 x17:0xffff2e64 x11=0xfffff2e6
        1223417	     61069	80007300	00f2df33	srl	x30,x5,x15	  x5:0x80022e64 x15:0x897ae283 x30=0x100045cc
        1223437	     61070	80007304	00e8f897	auipc	x17,0xe8f	 x17=0x80e96304
        1223457	     61071	80007308	00feceb3	xor	x29,x29,x15	 x29:0xffffff6e x15:0x897ae283 x29=0x76851ded
        1223477	     61072	8000730c	02d24a63	blt	x4,x13,80007340	  x4:0x00019000 x13:0x00026ce4
        1223737	     61085	80007340	016cf363	bgeu	x25,x22,80007346	 x25:0xffffffee x22:0x00000010
        1224597	     61128	80007346	8f81	c.sub	x15,x8	 x15:0x897ae283  x8:0xffffffff x15=0x897ae284
        1225717	     61184	80007348	02aadc33	divu	x24,x21,x10	 x21:0x00000217 x10:0x00000010 x24=0x00000021
        1225737	     61185	8000734c	40af5c13	srai	x24,x30,0xa	 x30:0x100045cc x24=0x00040011
        1226477	     61222	80007350	03e6ecb3	rem	x25,x13,x30	 x13:0x00026ce4 x30:0x100045cc x25=0x00026ce4
        1226497	     61223	80007354	4109d3b3	sra	x7,x19,x16	 x19:0x00000000 x16:0x0f000000  x7=0x00000000
        1226517	     61224	80007358	ce85	c.beqz	x13,80007390	 x13:0x00026ce4
        1226537	     61225	8000735a	9096	c.add	x1,x5	  x1:0x00000000  x5:0x80022e64  x1=0x80022e64
        1226557	     61226	8000735c	0676f313	andi	x6,x13,103	 x13:0x00026ce4  x6=0x00000064
        1226597	     61228	80007360	0379ab33	mulhsu	x22,x19,x23	 x19:0x00000000 x23:0x00000000 x22=0x00000000
        1227337	     61265	80007364	03126033	rem	x0,x4,x17	  x4:0x00019000 x17:0x80e96304  x0=0x00000000
        1227357	     61266	80007368	013dce63	blt	x27,x19,80007384	 x27:0x00000766 x19:0x00000000
        1227377	     61267	8000736c	02e4db63	bge	x9,x14,800073a2	  x9:0x80026ce4 x14:0xffffffff
        1227397	     61268	80007370	0001	c.addi	x0,0	  x0:0x00000000  x0=0x00000000
        1227417	     61269	80007372	41578d33	sub	x26,x15,x21	 x15:0x897ae284 x21:0x00000217 x26=0x897ae06d
        1227437	     61270	80007376	45c1	c.li	x11,16	 x11=0x00000010
        1227457	     61271	80007378	026e0463	beq	x28,x6,800073a0	 x28:0x0000001e  x6:0x00000064
        1227477	     61272	8000737c	e1a9	c.bnez	x11,800073be	 x11:0x00000010
        1227737	     61285	800073be	34006773	csrrsi	x14,mscratch,0	 x14=0x80000000
        1227757	     61286	800073c2	46b1	c.li	x13,12	 x13=0x0000000c
        1227837	     61290	800073c4	8ee1	c.and	x13,x8	 x13:0x0000000c  x8:0xffffffff x13=0x0000000c
        1227857	     61291	800073c6	0ff0000f	fence	iorw,iorw	
        1227877	     61292	800073ca	4106d813	srai	x16,x13,0x10	 x13:0x0000000c x16=0x00000000
        1227897	     61293	800073ce	8175	c.srli	x10,0x1d	 x10:0x00000010 x10=0x00000000
        1228037	     61300	800073d0	0001	c.addi	x0,0	  x0:0x00000000  x0=0x00000000
        1228057	     61301	800073d2	34069e73	csrrw	x28,mscratch,x13	 x13:0x0000000c x28=0x80000000
        1228077	     61302	800073d6	1bfd	c.addi	x23,-1	 x23:0x00000000 x23=0xffffffff
        1228097	     61303	800073d8	0000100f	fence.i	
        1228177	     61307	800073dc	41ac59b3	sra	x19,x24,x26	 x24:0x00040011 x26:0x897ae06d x19=0x00000020
        1228197	     61308	800073e0	0000100f	fence.i	
        1228977	     61347	800073e4	26ef2d13	slti	x26,x30,622	 x30:0x100045cc x26=0x00000000
        1228997	     61348	800073e8	4dd00d13	addi	x26,x0,1245	  x0:0x00000000 x26=0x000004dd
        1229737	     61385	800073ec	0399fe33	remu	x28,x19,x25	 x19:0x00000020 x25:0x00026ce4 x28=0x00000020
        1229757	     61386	800073f0	01917463	bgeu	x2,x25,800073f8	  x2:0x80000000 x25:0x00026ce4
        1229837	     61390	800073f8	0ff0000f	fence	iorw,iorw	
        1229857	     61391	800073fc	00451833	sll	x16,x10,x4	 x10:0x00000000  x4:0x00019000 x16=0x00000000
        1229877	     61392	80007400	b981ff93	andi	x31,x3,-1128	  x3:0x00000000 x31=0x00000000
        1229897	     61393	80007404	895e	c.mv	x18,x23	  x0:0x00000000 x23:0xffffffff x18=0xffffffff
        1230157	     61406	80007406	00df5093	srli	x1,x30,0xd	 x30:0x100045cc  x1=0x00008002
        1230277	     61412	8000740a	00b4db93	srli	x23,x9,0xb	  x9:0x80026ce4 x23=0x0010004d
        1230297	     61413	8000740e	0ff0000f	fence	iorw,iorw	
        1230317	     61414	80007412	006a7b33	and	x22,x20,x6	 x20:0xffffffcf  x6:0x00000064 x22=0x00000044
        1230397	     61418	80007416	7b688893	addi	x17,x17,1974	 x17:0x80e96304 x17=0x80e96aba
        1230417	     61419	8000741a	0000100f	fence.i	
        1231197	     61458	8000741e	033a8cb3	mul	x25,x21,x19	 x21:0x00000217 x19:0x00000020 x25=0x000042e0
        1231217	     61459	80007422	01fd41b3	xor	x3,x26,x31	 x26:0x000004dd x31:0x00000000  x3=0x000004dd
        1231237	     61460	80007426	98a2	c.add	x17,x8	 x17:0x80e96aba  x8:0xffffffff x17=0x80e96ab9
        1231277	     61462	80007428	0001	c.addi	x0,0	  x0:0x00000000  x0=0x00000000
        1231697	     61483	8000742a	00b698b3	sll	x17,x13,x11	 x13:0x0000000c x11:0x00000010 x17=0x000c0000
        1231837	     61490	8000742e	4c384a13	xori	x20,x16,1219	 x16:0x00000000 x20=0x000004c3
        1231857	     61491	80007432	8e3d	c.xor	x12,x15	 x12:0xfffffffe x15:0x897ae284 x12=0x76851d7a
        1231937	     61495	80007434	85b9	c.srai	x11,0xe	 x11:0x00000010 x11=0x00000000
        1232357	     61516	80007436	01e37cb3	and	x25,x6,x30	  x6:0x00000064 x30:0x100045cc x25=0x00000044
        1232397	     61518	8000743a	00e6e933	or	x18,x13,x14	 x13:0x0000000c x14:0x80000000 x18=0x8000000c
        1232817	     61539	8000743e	00a49763	bne	x9,x10,8000744c	  x9:0x80026ce4 x10:0x00000000
        1233617	     61579	8000744c	ef85	c.bnez	x15,80007484	 x15:0x897ae284
        1235177	     61657	80007484	02f2e533	rem	x10,x5,x15	  x5:0x80022e64 x15:0x897ae284 x10=0xf6874be0
        1235197	     61658	80007488	01237563	bgeu	x6,x18,80007492	  x6:0x00000064 x18:0x8000000c
        1235237	     61660	8000748c	03229d33	mulh	x26,x5,x18	  x5:0x80022e64 x18:0x8000000c x26=0x3ffee8c8
        1235257	     61661	80007490	e699	c.bnez	x13,8000749e	 x13:0x0000000c
        1235357	     61666	8000749e	75590593	addi	x11,x18,1877	 x18:0x8000000c x11=0x80000761
        1236277	     61712	800074a2	02ce5e33	divu	x28,x28,x12	 x28:0x00000020 x12:0x76851d7a x28=0x00000000
        1236297	     61713	800074a6	04db7463	bgeu	x22,x13,800074ee	 x22:0x00000044 x13:0x0000000c
        1236997	     61748	800074ee	00c73533	sltu	x10,x14,x12	 x14:0x80000000 x12:0x76851d7a x10=0x00000000
        1237017	     61749	800074f2	80a6	c.mv	x1,x9	  x0:0x00000000  x9:0x80026ce4  x1=0x80026ce4
        1237037	     61750	800074f4	27e2bb13	sltiu	x22,x5,638	  x5:0x80022e64 x22=0x00000000
        1247817	     62289	800074f8	00b57f33	and	x30,x10,x11	 x10:0x00000000 x11:0x80000761 x30=0x00000000
        1247837	     62290	800074fc	00657db3	and	x27,x10,x6	 x10:0x00000000  x6:0x00000064 x27=0x00000000
        1247857	     62291	80007500	8299	c.srli	x13,0x6	 x13:0x0000000c x13=0x00000000
        1247877	     62292	80007502	0067bab3	sltu	x21,x15,x6	 x15:0x897ae284  x6:0x00000064 x21=0x00000000
        1247897	     62293	80007506	ca01	c.beqz	x12,80007516	 x12:0x76851d7a
        1247917	     62294	80007508	d1878a93	addi	x21,x15,-744	 x15:0x897ae284 x21=0x897adf9c
        1248657	     62331	8000750c	02b24033	div	x0,x4,x11	  x4:0x00019000 x11:0x80000761  x0=0x00000000
        1248677	     62332	80007510	876e	c.mv	x14,x27	  x0:0x00000000 x27:0x00000000 x14=0x00000000
        1248697	     62333	80007512	0001	c.addi	x0,0	  x0:0x00000000  x0=0x00000000
        1248717	     62334	80007514	147d	c.addi	x8,-1	  x8:0xffffffff  x8=0xfffffffe
        1248737	     62335	80007516	34085a73	csrrwi	x20,mscratch,16	 x20=0x0000000c
        1248757	     62336	8000751a	340670f3	csrrci	x1,mscratch,12	  x1=0x00000010
        1248777	     62337	8000751e	10292893	slti	x17,x18,258	 x18:0x8000000c x17=0x00000001
        1248797	     62338	80007522	007dd733	srl	x14,x27,x7	 x27:0x00000000  x7:0x00000000 x14=0x00000000
        1248817	     62339	80007526	0001	c.addi	x0,0	  x0:0x00000000  x0=0x00000000
        1249137	     62355	80007528	01481b63	bne	x16,x20,8000753e	 x16:0x00000000 x20:0x0000000c
        1250297	     62413	8000753e	8a05	c.andi	x12,1	 x12:0x76851d7a x12=0x00000000
        1250557	     62426	80007540	6a41bf13	sltiu	x30,x3,1700	  x3:0x000004dd x30=0x00000001
        1250577	     62427	80007544	34082473	csrrs	x8,mscratch,x16	 x16:0x00000000  x8=0x00000010
        1250657	     62431	80007548	00bcf433	and	x8,x25,x11	 x25:0x00000044 x11:0x80000761  x8=0x00000040
        1250677	     62432	8000754c	0065a633	slt	x12,x11,x6	 x11:0x80000761  x6:0x00000064 x12=0x00000001
        1250697	     62433	80007550	34092e73	csrrs	x28,mscratch,x18	 x18:0x8000000c x28=0x00000010
        1250717	     62434	80007554	91ea	c.add	x3,x26	  x3:0x000004dd x26:0x3ffee8c8  x3=0x3ffeeda5
        1250757	     62436	80007556	4d3eae37	lui	x28,0x4d3ea	 x28=0x4d3ea000
        1250777	     62437	8000755a	6599	c.lui	x11,0x6	 x11=0x00006000
        1250877	     62442	8000755c	4761	c.li	x14,24	 x14=0x00000018
        1250937	     62445	8000755e	00c7fb63	bgeu	x15,x12,80007574	 x15:0x897ae284 x12:0x00000001
        1251297	     62463	80007574	02189fb3	mulh	x31,x17,x1	 x17:0x00000001  x1:0x00000010 x31=0x00000000
        1251377	     62467	80007578	0001	c.addi	x0,0	  x0:0x00000000  x0=0x00000000
        1251397	     62468	8000757a	8f8d	c.sub	x15,x11	 x15:0x897ae284 x11:0x00006000 x15=0x897a8284
        1251797	     62488	8000757c	75719a17	auipc	x20,0x75719	 x20=0xf572057c
        1251977	     62497	80007580	3407baf3	csrrc	x21,mscratch,x15	 x15:0x897a8284 x21=0x8000001c
        1251997	     62498	80007584	0048efb3	or	x31,x17,x4	 x17:0x00000001  x4:0x00019000 x31=0x00019001
        1252017	     62499	80007588	6dc9	c.lui	x27,0x12	 x27=0x00012000
        1252037	     62500	8000758a	8355	c.srli	x14,0x15	 x14:0x00000018 x14=0x00000000
        1252057	     62501	8000758c	405d5a33	sra	x20,x26,x5	 x26:0x3ffee8c8  x5:0x80022e64 x20=0x03ffee8c
        1252077	     62502	80007590	6bfd	c.lui	x23,0x1f	 x23=0x0001f000
        1252257	     62511	80007592	01a85333	srl	x6,x16,x26	 x16:0x00000000 x26:0x3ffee8c8  x6=0x00000000
        1252277	     62512	80007596	340028f3	csrrs	x17,mscratch,x0	  x0:0x00000000 x17=0x00000018
        1252297	     62513	8000759a	340620f3	csrrs	x1,mscratch,x12	 x12:0x00000001  x1=0x00000018
        1252317	     62514	8000759e	971a	c.add	x14,x6	 x14:0x00000000  x6:0x00000000 x14=0x00000000
        1252337	     62515	800075a0	34021cf3	csrrw	x25,mscratch,x4	  x4:0x00019000 x25=0x00000019
        1252697	     62533	800075a4	04b6f163	bgeu	x13,x11,800075e6	 x13:0x00000000 x11:0x00006000
        1252937	     62545	800075a8	7bcab817	auipc	x16,0x7bcab	 x16=0xfbcb25a8
        1252957	     62546	800075ac	0001	c.addi	x0,0	  x0:0x00000000  x0=0x00000000
        1252977	     62547	800075ae	87ed	c.srai	x15,0x1b	 x15:0x897a8284 x15=0xfffffff1
        1253097	     62553	800075b0	8721	c.srai	x14,0x8	 x14:0x00000000 x14=0x00000000
        1253417	     62569	800075b2	005ad413	srli	x8,x21,0x5	 x21:0x8000001c  x8=0x04000000
        1253437	     62570	800075b6	8e5d	c.or	x12,x15	 x12:0x00000001 x15:0xfffffff1 x12=0xfffffff1
        1253837	     62590	800075b8	0e6e	c.slli	x28,0x1b	 x28:0x4d3ea000 x28=0x00000000
        1253857	     62591	800075ba	007e40b3	xor	x1,x28,x7	 x28:0x00000000  x7:0x00000000  x1=0x00000000
        1253877	     62592	800075be	01ff5f33	srl	x30,x30,x31	 x30:0x00000001 x31:0x00019001 x30=0x00000000
        1254057	     62601	800075c2	34002873	csrrs	x16,mscratch,x0	  x0:0x00000000 x16=0x00019000
        1254077	     62602	800075c6	8e55	c.or	x12,x13	 x12:0xfffffff1 x13:0x00000000 x12=0xfffffff1
        1254137	     62605	800075c8	01add433	srl	x8,x27,x26	 x27:0x00012000 x26:0x3ffee8c8  x8=0x00000120
        1254197	     62608	800075cc	02db4533	div	x10,x22,x13	 x22:0x00000000 x13:0x00000000 x10=0xffffffff
        1254577	     62627	800075d0	8f11	c.sub	x14,x12	 x14:0x00000000 x12:0xfffffff1 x14=0x0000000f
        1254597	     62628	800075d2	045e9363	bne	x29,x5,80007618	 x29:0x76851ded  x5:0x80022e64
        1255397	     62668	80007618	874d	c.srai	x14,0x13	 x14:0x0000000f x14=0x00000000
        1255437	     62670	8000761a	03201433	mulh	x8,x0,x18	  x0:0x00000000 x18:0x8000000c  x8=0x00000000
        1255837	     62690	8000761e	41b2d533	sra	x10,x5,x27	  x5:0x80022e64 x27:0x00012000 x10=0x80022e64
        1256577	     62727	80007622	032de5b3	rem	x11,x27,x18	 x27:0x00012000 x18:0x8000000c x11=0x00012000
        1256597	     62728	80007626	61a5	c.lui	x3,0x9	  x3=0x00009000
        1256617	     62729	80007628	65d2b713	sltiu	x14,x5,1629	  x5:0x80022e64 x14=0x00000000
        1256637	     62730	8000762c	00629813	slli	x16,x5,0x6	  x5:0x80022e64 x16=0x008b9900
        1256657	     62731	80007630	00558f33	add	x30,x11,x5	 x11:0x00012000  x5:0x80022e64 x30=0x80034e64
        1256677	     62732	80007634	0015dc13	srli	x24,x11,0x1	 x11:0x00012000 x24=0x00009000
        1256697	     62733	80007638	019a1963	bne	x20,x25,8000764a	 x20:0x03ffee8c x25:0x00000019
        1257597	     62778	8000764a	50edeb13	ori	x22,x27,1294	 x27:0x00012000 x22=0x0001250e
        1257637	     62780	8000764e	340caef3	csrrs	x29,mscratch,x25	 x25:0x00000019 x29=0x00019000
        1257657	     62781	80007652	8a21	c.andi	x12,8	 x12:0xfffffff1 x12=0x00000000
        1258397	     62818	80007654	02f375b3	remu	x11,x6,x15	  x6:0x00000000 x15:0xfffffff1 x11=0x00000000
        1258417	     62819	80007658	8e25	c.xor	x12,x9	 x12:0x00000000  x9:0x80026ce4 x12=0x80026ce4
        1258437	     62820	8000765a	05ba4163	blt	x20,x27,8000769c	 x20:0x03ffee8c x27:0x00012000
        1258457	     62821	8000765e	010b0333	add	x6,x22,x16	 x22:0x0001250e x16:0x008b9900  x6=0x008cbe0e
        1258477	     62822	80007662	4053d533	sra	x10,x7,x5	  x7:0x00000000  x5:0x80022e64 x10=0x00000000
        1258497	     62823	80007666	03a5fb63	bgeu	x11,x26,8000769c	 x11:0x00000000 x26:0x3ffee8c8
        1258657	     62831	8000766a	01c40633	add	x12,x8,x28	  x8:0x00000000 x28:0x00000000 x12=0x00000000
        1259077	     62852	8000766e	00439313	slli	x6,x7,0x4	  x7:0x00000000  x6=0x00000000
        1259437	     62870	80007672	00f9b933	sltu	x18,x19,x15	 x19:0x00000020 x15:0xfffffff1 x18=0x00000001
        1259857	     62891	80007676	01e16433	or	x8,x2,x30	  x2:0x80000000 x30:0x80034e64  x8=0x80034e64
        1259877	     62892	8000767a	03bde963	bltu	x27,x27,800076ac	 x27:0x00012000 x27:0x00012000
        1259997	     62898	8000767e	41705db3	sra	x27,x0,x23	  x0:0x00000000 x23:0x0001f000 x27=0x00000000
        1260197	     62908	80007682	31d78f37	lui	x30,0x31d78	 x30=0x31d78000
        1260217	     62909	80007686	ed19	c.bnez	x10,800076a4	 x10:0x00000000
        1260237	     62910	80007688	340db073	csrrc	x0,mscratch,x27	 x27:0x00000000  x0=0x00000000
        1260257	     62911	8000768c	34049b73	csrrw	x22,mscratch,x9	  x9:0x80026ce4 x22=0x00019019
        1260297	     62913	80007690	8642	c.mv	x12,x16	  x0:0x00000000 x16:0x008b9900 x12=0x008b9900
        1260317	     62914	80007692	8a65	c.andi	x12,25	 x12:0x008b9900 x12=0x00000000
        1260717	     62934	80007694	34002f73	csrrs	x30,mscratch,x0	  x0:0x00000000 x30=0x80026ce4
        1260737	     62935	80007698	01a15f13	srli	x30,x2,0x1a	  x2:0x80000000 x30=0x00000020
        1260757	     62936	8000769c	340c13f3	csrrw	x7,mscratch,x24	 x24:0x00009000  x7=0x80026ce4
        1260777	     62937	800076a0	01c92f33	slt	x30,x18,x28	 x18:0x00000001 x28:0x00000000 x30=0x00000000
        1261197	     62958	800076a4	00788e63	beq	x17,x7,800076c0	 x17:0x00000018  x7:0x80026ce4
        1261217	     62959	800076a8	001ee333	or	x6,x29,x1	 x29:0x00019000  x1:0x00000000  x6=0x00019000
        1261237	     62960	800076ac	01f9db93	srli	x23,x19,0x1f	 x19:0x00000020 x23=0x00000000
        1261357	     62966	800076b0	9a7d	c.andi	x12,-1	 x12:0x00000000 x12=0x00000000
        1261597	     62978	800076b2	d1a48593	addi	x11,x9,-742	  x9:0x80026ce4 x11=0x800269fe
        1261617	     62979	800076b6	1bfd	c.addi	x23,-1	 x23:0x00000000 x23=0xffffffff
        1262457	     63021	800076b8	03106d33	rem	x26,x0,x17	  x0:0x00000000 x17:0x00000018 x26=0x00000000
        1262477	     63022	800076bc	0153c9b3	xor	x19,x7,x21	  x7:0x80026ce4 x21:0x8000001c x19=0x00026cf8
        1262497	     63023	800076c0	8445	c.srai	x8,0x11	  x8:0x80034e64  x8=0xffffc001
        1262517	     63024	800076c2	e10d	c.bnez	x10,800076e4	 x10:0x00000000
        1262537	     63025	800076c4	01765413	srli	x8,x12,0x17	 x12:0x00000000  x8=0x00000000
        1262557	     63026	800076c8	00039733	sll	x14,x7,x0	  x7:0x80026ce4  x0:0x00000000 x14=0x80026ce4
        1262577	     63027	800076cc	8436	c.mv	x8,x13	  x0:0x00000000 x13:0x00000000  x8=0x00000000
        1263777	     63087	800076ce	029fd1b3	divu	x3,x31,x9	 x31:0x00019001  x9:0x80026ce4  x3=0x00000000
        1263797	     63088	800076d2	0ff0000f	fence	iorw,iorw	
        1263817	     63089	800076d6	8fed	c.and	x15,x11	 x15:0xfffffff1 x11:0x800269fe x15=0x800269f0
        1263837	     63090	800076d8	340769f3	csrrsi	x19,mscratch,14	 x19=0x00009000
        1263857	     63091	800076dc	86d5	c.srai	x13,0x15	 x13:0x00000000 x13=0x00000000
        1263877	     63092	800076de	874d	c.srai	x14,0x13	 x14:0x80026ce4 x14=0xfffff000
        1263897	     63093	800076e0	afb37e93	andi	x29,x6,-1285	  x6:0x00019000 x29=0x00019000
        1264637	     63130	800076e4	03f5ef33	rem	x30,x11,x31	 x11:0x800269fe x31:0x00019001 x30=0xfffecbe7
        1264657	     63131	800076e8	8e6d	c.and	x12,x11	 x12:0x00000000 x11:0x800269fe x12=0x00000000
        1264697	     63133	800076ea	02cc7eb3	remu	x29,x24,x12	 x24:0x00009000 x12:0x00000000 x29=0x00009000
        1264737	     63135	800076ee	021f53b3	divu	x7,x30,x1	 x30:0xfffecbe7  x1:0x00000000  x7=0xffffffff
        1264757	     63136	800076f2	40a0d613	srai	x12,x1,0xa	  x1:0x00000000 x12=0x00000000
        1264797	     63138	800076f6	020915b3	mulh	x11,x18,x0	 x18:0x00000001  x0:0x00000000 x11=0x00000000
        1264817	     63139	800076fa	0509	c.addi	x10,2	 x10:0x00000000 x10=0x00000002
        1264897	     63143	800076fc	40feda33	sra	x20,x29,x15	 x29:0x00009000 x15:0x800269f0 x20=0x00000000
        1264917	     63144	80007700	41ea8033	sub	x0,x21,x30	 x21:0x8000001c x30:0xfffecbe7  x0=0x00000000
        1264937	     63145	80007704	34059cf3	csrrw	x25,mscratch,x11	 x11:0x00000000 x25=0x0000900e
        1264957	     63146	80007708	00f28cb3	add	x25,x5,x15	  x5:0x80022e64 x15:0x800269f0 x25=0x00049854
        1265277	     63162	8000770c	0284e3b3	rem	x7,x9,x8	  x9:0x80026ce4  x8:0x00000000  x7=0x80026ce4
        1265297	     63163	80007710	89a5	c.andi	x11,9	 x11:0x00000000 x11=0x00000000
        1265317	     63164	80007712	00e49b33	sll	x22,x9,x14	  x9:0x80026ce4 x14:0xfffff000 x22=0x80026ce4
        1265337	     63165	80007716	837a	c.mv	x6,x30	  x0:0x00000000 x30:0xfffecbe7  x6=0xfffecbe7
        1265357	     63166	80007718	4f85	c.li	x31,1	 x31=0x00000001
        1265397	     63168	8000771a	02bf7eb3	remu	x29,x30,x11	 x30:0xfffecbe7 x11:0x00000000 x29=0xfffecbe7
        1265417	     63169	8000771e	d1248a93	addi	x21,x9,-750	  x9:0x80026ce4 x21=0x800269f6
        1265497	     63173	80007722	012d4363	blt	x26,x18,80007728	 x26:0x00000000 x18:0x00000001
        1266077	     63202	80007728	0000100f	fence.i	
        1266377	     63217	8000772c	1a7d	c.addi	x20,-1	 x20:0x00000000 x20=0xffffffff
        1266617	     63229	8000772e	005a06b3	add	x13,x20,x5	 x20:0xffffffff  x5:0x80022e64 x13=0x80022e63
        1266877	     63242	80007732	01e60f63	beq	x12,x30,80007750	 x12:0x00000000 x30:0xfffecbe7
        1266897	     63243	80007736	17fd	c.addi	x15,-1	 x15:0x800269f0 x15=0x800269ef
        1267257	     63261	80007738	85dd	c.srai	x11,0x17	 x11:0x00000000 x11=0x00000000
        1267277	     63262	8000773a	062e	c.slli	x12,0xb	 x12:0x00000000 x12=0x00000000
        1267597	     63278	8000773c	8e15	c.sub	x12,x13	 x12:0x00000000 x13:0x80022e63 x12=0x7ffdd19d
        1267617	     63279	8000773e	8af5	c.andi	x13,29	 x13:0x80022e63 x13=0x00000001
        1267637	     63280	80007740	2553ed97	auipc	x27,0x2553e	 x27=0xa5545740
        1268377	     63317	80007744	0389eb33	rem	x22,x19,x24	 x19:0x00009000 x24:0x00009000 x22=0x00000000
        1268397	     63318	80007748	41445713	srai	x14,x8,0x14	  x8:0x00000000 x14=0x00000000
        1268417	     63319	8000774c	56867713	andi	x14,x12,1384	 x12:0x7ffdd19d x14=0x00000108
        1268437	     63320	80007750	0082d613	srli	x12,x5,0x8	  x5:0x80022e64 x12=0x0080022e
        1268457	     63321	80007754	8df9	c.and	x11,x14	 x11:0x00000000 x14:0x00000108 x11=0x00000000
        1268897	     63343	80007756	020f6433	rem	x8,x30,x0	 x30:0xfffecbe7  x0:0x00000000  x8=0xfffecbe7
        1269017	     63349	8000775a	02d5c863	blt	x11,x13,8000778a	 x11:0x00000000 x13:0x00000001
        1270537	     63425	8000778a	40698233	sub	x4,x19,x6	 x19:0x00009000  x6:0xfffecbe7  x4=0x0001c419
        1270557	     63426	8000778e	04636463	bltu	x6,x6,800077d6	  x6:0xfffecbe7  x6:0xfffecbe7
        1270577	     63427	80007792	4143d9b3	sra	x19,x7,x20	  x7:0x80026ce4 x20:0xffffffff x19=0xffffffff
        1270617	     63429	80007796	00c69b13	slli	x22,x13,0xc	 x13:0x00000001 x22=0x00001000
        1270757	     63436	8000779a	00c38333	add	x6,x7,x12	  x7:0x80026ce4 x12:0x0080022e  x6=0x80826f12
        1270777	     63437	8000779e	8f05	c.sub	x14,x9	 x14:0x00000108  x9:0x80026ce4 x14=0x7ffd9424
        1271177	     63457	800077a0	126593b7	lui	x7,0x12659	  x7=0x12659000
        1271197	     63458	800077a4	34031673	csrrw	x12,mscratch,x6	  x6:0x80826f12 x12=0x00000000
        1271477	     63472	800077a8	03b82033	mulhsu	x0,x16,x27	 x16:0x008b9900 x27:0xa5545740  x0=0x00000000
        1271497	     63473	800077ac	34003af3	csrrc	x21,mscratch,x0	  x0:0x00000000 x21=0x80826f12
        1271517	     63474	800077b0	02d5c693	xori	x13,x11,45	 x11:0x00000000 x13=0x0000002d
        1271917	     63494	800077b4	34002f73	csrrs	x30,mscratch,x0	  x0:0x00000000 x30=0x80826f12
        1272177	     63507	800077b8	5a16d317	auipc	x6,0x5a16d	  x6=0xda1747b8
        1272197	     63508	800077bc	00844263	blt	x8,x8,800077c0	  x8:0xfffecbe7  x8:0xfffecbe7
        1272217	     63509	800077c0	34066773	csrrsi	x14,mscratch,12	 x14=0x80826f12
        1272237	     63510	800077c4	8189	c.srli	x11,0x2	 x11:0x00000000 x11=0x00000000
        1272277	     63512	800077c6	00120db3	add	x27,x4,x1	  x4:0x0001c419  x1:0x00000000 x27=0x0001c419
        1272537	     63525	800077ca	34011073	csrrw	x0,mscratch,x2	  x2:0x80000000  x0=0x00000000
        1272557	     63526	800077ce	964e	c.add	x12,x19	 x12:0x00000000 x19:0xffffffff x12=0xffffffff
        1272697	     63533	800077d0	0a05	c.addi	x20,1	 x20:0xffffffff x20=0x00000000
        1272717	     63534	800077d2	00574663	blt	x14,x5,800077de	 x14:0x80826f12  x5:0x80022e64
        1272737	     63535	800077d6	8329	c.srli	x14,0xa	 x14:0x80826f12 x14=0x0020209b
        1272757	     63536	800077d8	0181b0b3	sltu	x1,x3,x24	  x3:0x00000000 x24:0x00009000  x1=0x00000001
        1272777	     63537	800077dc	e905	c.bnez	x10,8000780c	 x10:0x00000002
        1273397	     63568	8000780c	8c2d	c.xor	x8,x11	  x8:0xfffecbe7 x11:0x00000000  x8=0xfffecbe7
        1273597	     63578	8000780e	b0fcf213	andi	x4,x25,-1265	 x25:0x00049854  x4=0x00049804
        1273617	     63579	80007812	40f4d613	srai	x12,x9,0xf	  x9:0x80026ce4 x12=0xffff0004
        1273637	     63580	80007816	fc0b4d13	xori	x26,x22,-64	 x22:0x00001000 x26=0xffffefc0
        1273657	     63581	8000781a	34002373	csrrs	x6,mscratch,x0	  x0:0x00000000  x6=0x80000000
        1273677	     63582	8000781e	017d6333	or	x6,x26,x23	 x26:0xffffefc0 x23:0xffffffff  x6=0xffffffff
        1273857	     63591	80007822	19bae593	ori	x11,x21,411	 x21:0x80826f12 x11=0x80826f9b
        1273877	     63592	80007826	8625	c.srai	x12,0x9	 x12:0xffff0004 x12=0xffffff80
        1273897	     63593	80007828	ef11	c.bnez	x14,80007844	 x14:0x0020209b
        1274257	     63611	80007844	03b60e63	beq	x12,x27,80007880	 x12:0xffffff80 x27:0x0001c419
        1274577	     63627	80007848	0202d9b3	divu	x19,x5,x0	  x5:0x80022e64  x0:0x00000000 x19=0xffffffff
        1274657	     63631	8000784c	020247b3	div	x15,x4,x0	  x4:0x00049804  x0:0x00000000 x15=0xffffffff
        1274697	     63633	80007850	0365b0b3	mulhu	x1,x11,x22	 x11:0x80826f9b x22:0x00001000  x1=0x00000808
        1274717	     63634	80007854	340a7bf3	csrrci	x23,mscratch,20	 x23=0x80000000
        1274737	     63635	80007858	0103c963	blt	x7,x16,8000786a	  x7:0x12659000 x16:0x008b9900
        1274777	     63637	8000785c	97ce	c.add	x15,x19	 x15:0xffffffff x19:0xffffffff x15=0xfffffffe
        1274837	     63640	8000785e	009deab3	or	x21,x27,x9	 x27:0x0001c419  x9:0x80026ce4 x21=0x8003ecfd
        1274857	     63641	80007862	8ea5	c.xor	x13,x9	 x13:0x0000002d  x9:0x80026ce4 x13=0x80026cc9
        1274977	     63647	80007864	8432	c.mv	x8,x12	  x0:0x00000000 x12:0xffffff80  x8=0xffffff80
        1275397	     63668	80007866	41ec5593	srai	x11,x24,0x1e	 x24:0x00009000 x11=0x00000000
        1275417	     63669	8000786a	8fc1	c.or	x15,x8	 x15:0xfffffffe  x8:0xffffff80 x15=0xfffffffe
        1275557	     63676	8000786c	01619513	slli	x10,x3,0x16	  x3:0x00000000 x10=0x00000000
        1275577	     63677	80007870	00eabb33	sltu	x22,x21,x14	 x21:0x8003ecfd x14:0x0020209b x22=0x00000000
        1275617	     63679	80007874	027a3433	mulhu	x8,x20,x7	 x20:0x00000000  x7:0x12659000  x8=0x00000000
        1275737	     63685	80007878	02d42ab3	mulhsu	x21,x8,x13	  x8:0x00000000 x13:0x80026cc9 x21=0x00000000
        1275757	     63686	8000787c	41598333	sub	x6,x19,x21	 x19:0xffffffff x21:0x00000000  x6=0xffffffff
        1276657	     63731	80007880	03b15e33	divu	x28,x2,x27	  x2:0x80000000 x27:0x0001c419 x28=0x0000487a
        1276677	     63732	80007884	e22ea837	lui	x16,0xe22ea	 x16=0xe22ea000
        1276717	     63734	80007888	34002273	csrrs	x4,mscratch,x0	  x0:0x00000000  x4=0x80000000
        1276957	     63746	8000788c	340023f3	csrrs	x7,mscratch,x0	  x0:0x00000000  x7=0x80000000
        1276977	     63747	80007890	018f9863	bne	x31,x24,800078a0	 x31:0x00000001 x24:0x00009000
        1277117	     63754	800078a0	8f31	c.xor	x14,x12	 x14:0x0020209b x12:0xffffff80 x14=0xffdfdf1b
        1277137	     63755	800078a2	8549	c.srai	x10,0x12	 x10:0x00000000 x10=0x00000000
        1277537	     63775	800078a4	3407dcf3	csrrwi	x25,mscratch,15	 x25=0x80000000
        1277557	     63776	800078a8	604cf993	andi	x19,x25,1540	 x25:0x80000000 x19=0x00000000
        1277617	     63779	800078ac	028ee063	bltu	x29,x8,800078cc	 x29:0xfffecbe7  x8:0x00000000
        1277637	     63780	800078b0	02115f63	bge	x2,x1,800078ee	  x2:0x80000000  x1:0x00000808
        1277657	     63781	800078b4	7ec32613	slti	x12,x6,2028	  x6:0xffffffff x12=0x00000001
        1277717	     63784	800078b8	4ab1	c.li	x21,12	 x21=0x0000000c
        1278137	     63805	800078ba	1faaf793	andi	x15,x21,506	 x21:0x0000000c x15=0x00000008
        1278417	     63819	800078be	40d4d733	sra	x14,x9,x13	  x9:0x80026ce4 x13:0x80026cc9 x14=0xffc00136
        1278437	     63820	800078c2	8ea1	c.xor	x13,x8	 x13:0x80026cc9  x8:0x00000000 x13=0x80026cc9
        1278457	     63821	800078c4	40d50233	sub	x4,x10,x13	 x10:0x00000000 x13:0x80026cc9  x4=0x7ffd9337
        1278657	     63831	800078c8	0070cf33	xor	x30,x1,x7	  x1:0x00000808  x7:0x80000000 x30=0x80000808
        1278757	     63836	800078cc	02f62e33	mulhsu	x28,x12,x15	 x12:0x00000001 x15:0x00000008 x28=0x00000000
        1279057	     63851	800078d0	00d31e93	slli	x29,x6,0xd	  x6:0xffffffff x29=0xffffe000
        1279137	     63855	800078d4	01287833	and	x16,x16,x18	 x16:0xe22ea000 x18:0x00000001 x16=0x00000000
        1279157	     63856	800078d8	87f1	c.srai	x15,0x1c	 x15:0x00000008 x15=0x00000000
        1279177	     63857	800078da	8011	c.srli	x8,0x4	  x8:0x00000000  x8=0x00000000
        1279197	     63858	800078dc	70e94a93	xori	x21,x18,1806	 x18:0x00000001 x21=0x0000070f
        1279217	     63859	800078e0	02fe0333	mul	x6,x28,x15	 x28:0x00000000 x15:0x00000000  x6=0x00000000
        1279257	     63861	800078e4	023cfdb3	remu	x27,x25,x3	 x25:0x80000000  x3:0x00000000 x27=0x80000000
        1279337	     63865	800078e8	8e31	c.xor	x12,x12	 x12:0x00000001 x12:0x00000001 x12=0x00000000
        1279357	     63866	800078ea	001a5033	srl	x0,x20,x1	 x20:0x00000000  x1:0x00000808  x0=0x00000000
        1279497	     63873	800078ee	40d35713	srai	x14,x6,0xd	  x6:0x00000000 x14=0x00000000
        1279717	     63884	800078f2	00722033	slt	x0,x4,x7	  x4:0x7ffd9337  x7:0x80000000  x0=0x00000000
        1279737	     63885	800078f6	8331	c.srli	x14,0xc	 x14:0x00000000 x14=0x00000000
        1279757	     63886	800078f8	34006a73	csrrsi	x20,mscratch,0	 x20=0x0000000f
        1279777	     63887	800078fc	0184b7b3	sltu	x15,x9,x24	  x9:0x80026ce4 x24:0x00009000 x15=0x00000000
        1280177	     63907	80007900	da032f93	slti	x31,x6,-608	  x6:0x00000000 x31=0x00000000
        1280597	     63928	80007904	031a8f33	mul	x30,x21,x17	 x21:0x0000070f x17:0x00000018 x30=0x0000a968
        1280617	     63929	80007908	0001	c.addi	x0,0	  x0:0x00000000  x0=0x00000000
        1280737	     63935	8000790a	8e66ac13	slti	x24,x13,-1818	 x13:0x80026cc9 x24=0x00000001
        1280757	     63936	8000790e	9b7d	c.andi	x14,-1	 x14:0x00000000 x14=0x00000000
        1280777	     63937	80007910	00875693	srli	x13,x14,0x8	 x14:0x00000000 x13=0x00000000
        1280797	     63938	80007914	8591	c.srai	x11,0x4	 x11:0x00000000 x11=0x00000000
        1280817	     63939	80007916	007b15b3	sll	x11,x22,x7	 x22:0x00000000  x7:0x80000000 x11=0x00000000
        1281217	     63959	8000791a	02b59f63	bne	x11,x11,80007958	 x11:0x00000000 x11:0x00000000
        1281237	     63960	8000791e	8525	c.srai	x10,0x9	 x10:0x00000000 x10=0x00000000
        1281257	     63961	80007920	00488333	add	x6,x17,x4	 x17:0x00000018  x4:0x7ffd9337  x6=0x7ffd934f
        1281277	     63962	80007924	0001	c.addi	x0,0	  x0:0x00000000  x0=0x00000000
        1281297	     63963	80007926	9bfd	c.andi	x15,-1	 x15:0x00000000 x15=0x00000000
        1281677	     63982	80007928	02437663	bgeu	x6,x4,80007954	  x6:0x7ffd934f  x4:0x7ffd9337
        1281997	     63998	80007954	e011	c.bnez	x8,80007958	  x8:0x00000000
        1282017	     63999	80007956	6a5d	c.lui	x20,0x17	 x20=0x00017000
        1282397	     64018	80007958	00ed1f13	slli	x30,x26,0xe	 x26:0xffffefc0 x30=0xfbf00000
        1282537	     64025	8000795c	340299f3	csrrw	x19,mscratch,x5	  x5:0x80022e64 x19=0x0000000f
        1282957	     64046	80007960	018d2833	slt	x16,x26,x24	 x26:0xffffefc0 x24:0x00000001 x16=0x00000001
        1282977	     64047	80007964	952a	c.add	x10,x10	 x10:0x00000000 x10:0x00000000 x10=0x00000000
        1283157	     64056	80007966	03904d63	blt	x0,x25,800079a0	  x0:0x00000000 x25:0x80000000
        1283177	     64057	8000796a	6fed	c.lui	x31,0x1b	 x31=0x0001b000
        1283557	     64076	8000796c	00935c33	srl	x24,x6,x9	  x6:0x7ffd934f  x9:0x80026ce4 x24=0x07ffd934
        1283637	     64080	80007970	34079df3	csrrw	x27,mscratch,x15	 x15:0x00000000 x27=0x80022e64
        1283657	     64081	80007974	5f7d	c.li	x30,-1	 x30=0xffffffff
        1283677	     64082	80007976	4231	c.li	x4,12	  x4=0x0000000c
        1283697	     64083	80007978	63cd	c.lui	x7,0x13	  x7=0x00013000
        1283717	     64084	8000797a	052e	c.slli	x10,0xb	 x10:0x00000000 x10=0x00000000
        1283737	     64085	8000797c	01521793	slli	x15,x4,0x15	  x4:0x0000000c x15=0x01800000
        1283757	     64086	80007980	001df0b3	and	x1,x27,x1	 x27:0x80022e64  x1:0x00000808  x1=0x00000800
        1283957	     64096	80007984	27292d13	slti	x26,x18,626	 x18:0x00000001 x26=0x00000001
        1285097	     64153	80007988	0384c8b3	div	x17,x9,x24	  x9:0x80026ce4 x24:0x07ffd934 x17=0xfffffff1
        1285117	     64154	8000798c	eff1ae17	auipc	x28,0xeff1a	 x28=0x6ff2198c
        1285137	     64155	80007990	8e5d	c.or	x12,x15	 x12:0x00000000 x15:0x01800000 x12=0x01800000
        1285157	     64156	80007992	002850b3	srl	x1,x16,x2	 x16:0x00000001  x2:0x80000000  x1=0x00000001
        1285177	     64157	80007996	76e56913	ori	x18,x10,1902	 x10:0x00000000 x18=0x0000076e
        1285217	     64159	8000799a	0280ad33	mulhsu	x26,x1,x8	  x1:0x00000001  x8:0x00000000 x26=0x00000000
        1285237	     64160	8000799e	9522	c.add	x10,x8	 x10:0x00000000  x8:0x00000000 x10=0x00000000
        1285517	     64174	800079a0	020cea63	bltu	x25,x0,800079d4	 x25:0x80000000  x0:0x00000000
        1285537	     64175	800079a4	03b14b63	blt	x2,x27,800079da	  x2:0x80000000 x27:0x80022e64
        1286217	     64209	800079da	41f90933	sub	x18,x18,x31	 x18:0x0000076e x31:0x0001b000 x18=0xfffe576e
        1286317	     64214	800079de	0ff0000f	fence	iorw,iorw	
        1286337	     64215	800079e2	074a3b93	sltiu	x23,x20,116	 x20:0x00017000 x23=0x00000000
        1286357	     64216	800079e6	0001	c.addi	x0,0	  x0:0x00000000  x0=0x00000000
        1286377	     64217	800079e8	0012cb33	xor	x22,x5,x1	  x5:0x80022e64  x1:0x00000001 x22=0x80022e65
        1286417	     64219	800079ec	020559b3	divu	x19,x10,x0	 x10:0x00000000  x0:0x00000000 x19=0xffffffff
        1286497	     64223	800079f0	01ba1863	bne	x20,x27,80007a00	 x20:0x00017000 x27:0x80022e64
        1287157	     64256	80007a00	807d	c.srli	x8,0x1f	  x8:0x00000000  x8=0x00000000
        1287177	     64257	80007a02	404cdcb3	sra	x25,x25,x4	 x25:0x80000000  x4:0x0000000c x25=0xfff80000
        1287357	     64266	80007a06	02a98733	mul	x14,x19,x10	 x19:0xffffffff x10:0x00000000 x14=0x00000000
        1287517	     64274	80007a0a	3405faf3	csrrci	x21,mscratch,11	 x21=0x00000000
        1287537	     64275	80007a0e	426ba613	slti	x12,x23,1062	 x23:0x00000000 x12=0x00000001
        1287557	     64276	80007a12	90540193	addi	x3,x8,-1787	  x8:0x00000000  x3=0xfffff905
        1287577	     64277	80007a16	8791	c.srai	x15,0x4	 x15:0x01800000 x15=0x00180000
        1287597	     64278	80007a18	47158a93	addi	x21,x11,1137	 x11:0x00000000 x21=0x00000471
        1288337	     64315	80007a1c	0214ff33	remu	x30,x9,x1	  x9:0x80026ce4  x1:0x00000001 x30=0x00000000
        1288357	     64316	80007a20	340fe7f3	csrrsi	x15,mscratch,31	 x15=0x00000000
        1288377	     64317	80007a24	03104363	blt	x0,x17,80007a4a	  x0:0x00000000 x17:0xfffffff1
        1288397	     64318	80007a28	00a35393	srli	x7,x6,0xa	  x6:0x7ffd934f  x7=0x001fff64
        1288417	     64319	80007a2c	03285863	bge	x16,x18,80007a5c	 x16:0x00000001 x18:0xfffe576e
        1289097	     64353	80007a5c	01e69a33	sll	x20,x13,x30	 x13:0x00000000 x30:0x00000000 x20=0x00000000
        1289237	     64360	80007a60	034d7cb3	remu	x25,x26,x20	 x26:0x00000000 x20:0x00000000 x25=0x00000000
        1289357	     64366	80007a64	00165d63	bge	x12,x1,80007a7e	 x12:0x00000001  x1:0x00000001
        1290857	     64441	80007a7e	9f72	c.add	x30,x28	 x30:0x00000000 x28:0x6ff2198c x30=0x6ff2198c
        1292017	     64499	80007a80	0244e9b3	rem	x19,x9,x4	  x9:0x80026ce4  x4:0x0000000c x19=0x00000000
        1292037	     64500	80007a84	340bf8f3	csrrci	x17,mscratch,23	 x17=0x0000001f
        1292057	     64501	80007a88	02d88033	mul	x0,x17,x13	 x17:0x0000001f x13:0x00000000  x0=0x00000000
        1292077	     64502	80007a8c	34053673	csrrc	x12,mscratch,x10	 x10:0x00000000 x12=0x00000008
        1292097	     64503	80007a90	8d41	c.or	x10,x8	 x10:0x00000000  x8:0x00000000 x10=0x00000000
        1292117	     64504	80007a92	006f3233	sltu	x4,x30,x6	 x30:0x6ff2198c  x6:0x7ffd934f  x4=0x00000001
        1292517	     64524	80007a96	00b35fb3	srl	x31,x6,x11	  x6:0x7ffd934f x11:0x00000000 x31=0x7ffd934f
        1292537	     64525	80007a9a	8e09	c.sub	x12,x10	 x12:0x00000008 x10:0x00000000 x12=0x00000008
        1292777	     64537	80007a9c	08325db7	lui	x27,0x8325	 x27=0x08325000
        1292797	     64538	80007aa0	00215bb3	srl	x23,x2,x2	  x2:0x80000000  x2:0x80000000 x23=0x80000000
        1292957	     64546	80007aa4	340f6c73	csrrsi	x24,mscratch,30	 x24=0x00000008
        1293377	     64567	80007aa8	01bcca63	blt	x25,x27,80007abc	 x25:0x00000000 x27:0x08325000
        1293617	     64579	80007abc	025e1c63	bne	x28,x5,80007af4	 x28:0x6ff2198c  x5:0x80022e64
        1294157	     64606	80007af4	0254a5b3	mulhsu	x11,x9,x5	  x9:0x80026ce4  x5:0x80022e64 x11=0xc0001f45
        1294477	     64622	80007af8	017cb3b3	sltu	x7,x25,x23	 x25:0x00000000 x23:0x80000000  x7=0x00000001
        1294557	     64626	80007afc	34f06037	lui	x0,0x34f06	  x0=0x00000000
        1294597	     64628	80007b00	031b2733	mulhsu	x14,x22,x17	 x22:0x80022e65 x17:0x0000001f x14=0xfffffff0
        1294697	     64633	80007b04	cf95	c.beqz	x15,80007b40	 x15:0x00000000
        1295377	     64667	80007b40	01162cb3	slt	x25,x12,x17	 x12:0x00000008 x17:0x0000001f x25=0x00000001
        1295397	     64668	80007b44	40700033	sub	x0,x0,x7	  x0:0x00000000  x7:0x00000001  x0=0x00000000
        1295817	     64689	80007b48	0000100f	fence.i	
        1297177	     64757	80007b4c	34006b73	csrrsi	x22,mscratch,0	 x22=0x0000001e
        1297197	     64758	80007b50	01549733	sll	x14,x9,x21	  x9:0x80026ce4 x21:0x00000471 x14=0xd9c80000
        1297517	     64774	80007b54	8d6d	c.and	x10,x11	 x10:0x00000000 x11:0xc0001f45 x10=0x00000000
        1297537	     64775	80007b56	9636	c.add	x12,x13	 x12:0x00000008 x13:0x00000000 x12=0x00000008
        1297937	     64795	80007b58	0045d833	srl	x16,x11,x4	 x11:0xc0001f45  x4:0x00000001 x16=0x60000fa2
        1299077	     64852	80007b5c	03b0e5b3	rem	x11,x1,x27	  x1:0x00000001 x27:0x08325000 x11=0x00000001
        1299097	     64853	80007b60	00fa7593	andi	x11,x20,15	 x20:0x00000000 x11=0x00000000
        1299117	     64854	80007b64	e319	c.bnez	x14,80007b6a	 x14:0xd9c80000
        1299197	     64858	80007b6a	8e11	c.sub	x12,x12	 x12:0x00000008 x12:0x00000008 x12=0x00000000
        1299217	     64859	80007b6c	ffff9117	auipc	x2,0xffff9	  x2=0x80000b6c
        1299237	     64860	80007b70	81610113	addi	x2,x2,-2026	  x2:0x80000b6c  x2=0x80000382
        1299297	     64863	80007b74	00010067	jalr	x0,0(x2)	  x2:0x80000382  x0=0x00000000
        1299597	     64878	80000382	90000db7	lui	x27,0x90000	 x27=0x90000000
        1299617	     64879	80000386	1de1	c.addi	x27,-8	 x27:0x90000000 x27=0x8ffffff8
        1299637	     64880	80000388	4381	c.li	x7,0	  x7=0x00000000
        1299657	     64881	8000038a	03a2	c.slli	x7,0x8	  x7:0x00000000  x7=0x00000000
        1299677	     64882	8000038c	0385	c.addi	x7,1	  x7:0x00000000  x7=0x00000001
        1299857	     64891	8000038e	007da023	sw	x7,0(x27)	 x27:0x8ffffff8  x7:0x00000001 PA:0x8ffffff8 store:0x00000001
        1299877	     64892	80000392	00000073	ecall	
        1299997	     64898	80002800	0800006f	jal	x0,80002880	  x0=0x00000000
        1312477	     65522	80002880	14f1	c.addi	x9,-4	  x9:0x80026ce4  x9=0x80026ce0
        1312897	     65543	80002882	0054a023	sw	x5,0(x9)	  x9:0x80026ce0  x5:0x80022e64 PA:0x80026ce0 store:0x80022e64
        1312917	     65544	80002886	000482b3	add	x5,x9,x0	  x9:0x80026ce0  x0:0x00000000  x5=0x80026ce0
        1312937	     65545	8000288a	f8028293	addi	x5,x5,-128	  x5:0x80026ce0  x5=0x80026c60
        1313357	     65566	8000288e	0012a223	sw	x1,4(x5)	  x5:0x80026c60  x1:0x00000001 PA:0x80026c64 store:0x00000001
        1313817	     65589	80002892	0022a423	sw	x2,8(x5)	  x5:0x80026c60  x2:0x80000382 PA:0x80026c68 store:0x80000382
        1314017	     65599	80002896	0032a623	sw	x3,12(x5)	  x5:0x80026c60  x3:0xfffff905 PA:0x80026c6c store:0xfffff905
        1314277	     65612	8000289a	0042a823	sw	x4,16(x5)	  x5:0x80026c60  x4:0x00000001 PA:0x80026c70 store:0x00000001
        1314477	     65622	8000289e	0052aa23	sw	x5,20(x5)	  x5:0x80026c60  x5:0x80026c60 PA:0x80026c74 store:0x80026c60
        1314937	     65645	800028a2	0062ac23	sw	x6,24(x5)	  x5:0x80026c60  x6:0x7ffd934f PA:0x80026c78 store:0x7ffd934f
        1315257	     65661	800028a6	0072ae23	sw	x7,28(x5)	  x5:0x80026c60  x7:0x00000001 PA:0x80026c7c store:0x00000001
        1315317	     65664	800028aa	0282a023	sw	x8,32(x5)	  x5:0x80026c60  x8:0x00000000 PA:0x80026c80 store:0x00000000
        1315697	     65683	800028ae	0292a223	sw	x9,36(x5)	  x5:0x80026c60  x9:0x80026ce0 PA:0x80026c84 store:0x80026ce0
        1315757	     65686	800028b2	02a2a423	sw	x10,40(x5)	  x5:0x80026c60 x10:0x00000000 PA:0x80026c88 store:0x00000000
        1315877	     65692	800028b6	02b2a623	sw	x11,44(x5)	  x5:0x80026c60 x11:0x00000000 PA:0x80026c8c store:0x00000000
        1316077	     65702	800028ba	02c2a823	sw	x12,48(x5)	  x5:0x80026c60 x12:0x00000000 PA:0x80026c90 store:0x00000000
        1316137	     65705	800028be	02d2aa23	sw	x13,52(x5)	  x5:0x80026c60 x13:0x00000000 PA:0x80026c94 store:0x00000000
        1316457	     65721	800028c2	02e2ac23	sw	x14,56(x5)	  x5:0x80026c60 x14:0xd9c80000 PA:0x80026c98 store:0xd9c80000
        1316517	     65724	800028c6	02f2ae23	sw	x15,60(x5)	  x5:0x80026c60 x15:0x00000000 PA:0x80026c9c store:0x00000000
        1316597	     65728	800028ca	0502a023	sw	x16,64(x5)	  x5:0x80026c60 x16:0x60000fa2 PA:0x80026ca0 store:0x60000fa2
        1316717	     65734	800028ce	0512a223	sw	x17,68(x5)	  x5:0x80026c60 x17:0x0000001f PA:0x80026ca4 store:0x0000001f
        1316837	     65740	800028d2	0522a423	sw	x18,72(x5)	  x5:0x80026c60 x18:0xfffe576e PA:0x80026ca8 store:0xfffe576e
        1316977	     65747	800028d6	0532a623	sw	x19,76(x5)	  x5:0x80026c60 x19:0x00000000 PA:0x80026cac store:0x00000000
        1316997	     65748	800028da	0542a823	sw	x20,80(x5)	  x5:0x80026c60 x20:0x00000000 PA:0x80026cb0 store:0x00000000
        1317017	     65749	800028de	0552aa23	sw	x21,84(x5)	  x5:0x80026c60 x21:0x00000471 PA:0x80026cb4 store:0x00000471
        1317237	     65760	800028e2	0562ac23	sw	x22,88(x5)	  x5:0x80026c60 x22:0x0000001e PA:0x80026cb8 store:0x0000001e
        1317257	     65761	800028e6	0572ae23	sw	x23,92(x5)	  x5:0x80026c60 x23:0x80000000 PA:0x80026cbc store:0x80000000
        1317277	     65762	800028ea	0782a023	sw	x24,96(x5)	  x5:0x80026c60 x24:0x00000008 PA:0x80026cc0 store:0x00000008
        1317717	     65784	800028ee	0792a223	sw	x25,100(x5)	  x5:0x80026c60 x25:0x00000001 PA:0x80026cc4 store:0x00000001
        1317857	     65791	800028f2	07a2a423	sw	x26,104(x5)	  x5:0x80026c60 x26:0x00000000 PA:0x80026cc8 store:0x00000000
        1317977	     65797	800028f6	07b2a623	sw	x27,108(x5)	  x5:0x80026c60 x27:0x8ffffff8 PA:0x80026ccc store:0x8ffffff8
        1318397	     65818	800028fa	07c2a823	sw	x28,112(x5)	  x5:0x80026c60 x28:0x6ff2198c PA:0x80026cd0 store:0x6ff2198c
        1318857	     65841	800028fe	07d2aa23	sw	x29,116(x5)	  x5:0x80026c60 x29:0xffffe000 PA:0x80026cd4 store:0xffffe000
        1319337	     65865	80002902	07e2ac23	sw	x30,120(x5)	  x5:0x80026c60 x30:0x6ff2198c PA:0x80026cd8 store:0x6ff2198c
        1319397	     65868	80002906	07f2ae23	sw	x31,124(x5)	  x5:0x80026c60 x31:0x7ffd934f PA:0x80026cdc store:0x7ffd934f
        1319417	     65869	8000290a	000284b3	add	x9,x5,x0	  x5:0x80026c60  x0:0x00000000  x9=0x80026c60
        1319437	     65870	8000290e	90000db7	lui	x27,0x90000	 x27=0x90000000
        1319457	     65871	80002912	1df1	c.addi	x27,-4	 x27:0x90000000 x27=0x8ffffffc
        1319477	     65872	80002914	43a1	c.li	x7,8	  x7=0x00000008
        1319497	     65873	80002916	03a2	c.slli	x7,0x8	  x7:0x00000008  x7=0x00000800
        1319517	     65874	80002918	00038393	addi	x7,x7,0	  x7:0x00000800  x7=0x00000800
        1319697	     65883	8000291c	007da023	sw	x7,0(x27)	 x27:0x8ffffffc  x7:0x00000800 PA:0x8ffffffc store:0x00000800
        1319777	     65887	80002920	341023f3	csrrs	x7,mepc,x0	  x0:0x00000000  x7=0x80000392
        1319997	     65898	80002924	342023f3	csrrs	x7,mcause,x0	  x0:0x00000000  x7=0x0000000b
        1320097	     65903	80002928	4d8d	c.li	x27,3	 x27=0x00000003
        1320417	     65919	8000292a	01b39463	bne	x7,x27,80002932	  x7:0x0000000b x27:0x00000003
        1320677	     65932	80002932	4da1	c.li	x27,8	 x27=0x00000008
        1320797	     65938	80002934	05b38d63	beq	x7,x27,8000298e	  x7:0x0000000b x27:0x00000008
        1321217	     65959	80002938	4da5	c.li	x27,9	 x27=0x00000009
        1321237	     65960	8000293a	05b38a63	beq	x7,x27,8000298e	  x7:0x0000000b x27:0x00000009
        1321257	     65961	8000293e	4dad	c.li	x27,11	 x27=0x0000000b
        1321277	     65962	80002940	05b38763	beq	x7,x27,8000298e	  x7:0x0000000b x27:0x0000000b
        1323177	     66057	8000298e	90000db7	lui	x27,0x90000	 x27=0x90000000
        1323197	     66058	80002992	1df1	c.addi	x27,-4	 x27:0x90000000 x27=0x8ffffffc
        1323477	     66072	80002994	6385	c.lui	x7,0x1	  x7=0x00001000
        1323737	     66085	80002996	b0038393	addi	x7,x7,-1280	  x7:0x00001000  x7=0x00000b00
        1323757	     66086	8000299a	03a2	c.slli	x7,0x8	  x7:0x00000b00  x7=0x000b0000
        1324077	     66102	8000299c	038d	c.addi	x7,3	  x7:0x000b0000  x7=0x000b0003
        1324157	     66106	8000299e	007da023	sw	x7,0(x27)	 x27:0x8ffffffc  x7:0x000b0003 PA:0x8ffffffc store:0x000b0003
        1324197	     66108	800029a2	b00023f3	csrrs	x7,mcycle,x0	  x0:0x00000000  x7=0x00010239
        1324517	     66124	800029a6	007da023	sw	x7,0(x27)	 x27:0x8ffffffc  x7:0x00010239 PA:0x8ffffffc store:0x00010239
        1324537	     66125	800029aa	90000db7	lui	x27,0x90000	 x27=0x90000000
        1324557	     66126	800029ae	1df1	c.addi	x27,-4	 x27:0x90000000 x27=0x8ffffffc
        1324577	     66127	800029b0	6385	c.lui	x7,0x1	  x7=0x00001000
        1324597	     66128	800029b2	b8038393	addi	x7,x7,-1152	  x7:0x00001000  x7=0x00000b80
        1324617	     66129	800029b6	03a2	c.slli	x7,0x8	  x7:0x00000b80  x7=0x000b8000
        1324637	     66130	800029b8	038d	c.addi	x7,3	  x7:0x000b8000  x7=0x000b8003
        1324897	     66143	800029ba	007da023	sw	x7,0(x27)	 x27:0x8ffffffc  x7:0x000b8003 PA:0x8ffffffc store:0x000b8003
        1324917	     66144	800029be	b80023f3	csrrs	x7,mcycleh,x0	  x0:0x00000000  x7=0x00000000
        1324937	     66145	800029c2	007da023	sw	x7,0(x27)	 x27:0x8ffffffc  x7:0x00000000 PA:0x8ffffffc store:0x00000000
        1324957	     66146	800029c6	90000db7	lui	x27,0x90000	 x27=0x90000000
        1324977	     66147	800029ca	1df1	c.addi	x27,-4	 x27:0x90000000 x27=0x8ffffffc
        1325357	     66166	800029cc	6385	c.lui	x7,0x1	  x7=0x00001000
        1325377	     66167	800029ce	b0338393	addi	x7,x7,-1277	  x7:0x00001000  x7=0x00000b03
        1325397	     66168	800029d2	03a2	c.slli	x7,0x8	  x7:0x00000b03  x7=0x000b0300
        1325417	     66169	800029d4	038d	c.addi	x7,3	  x7:0x000b0300  x7=0x000b0303
        1325717	     66184	800029d6	007da023	sw	x7,0(x27)	 x27:0x8ffffffc  x7:0x000b0303 PA:0x8ffffffc store:0x000b0303
        1325737	     66185	800029da	b03023f3	csrrs	x7,mhpmcounter3,x0	  x0:0x00000000  x7=0x00000128
        1325757	     66186	800029de	007da023	sw	x7,0(x27)	 x27:0x8ffffffc  x7:0x00000128 PA:0x8ffffffc store:0x00000128
        1325857	     66191	800029e2	90000db7	lui	x27,0x90000	 x27=0x90000000
        1325877	     66192	800029e6	1df1	c.addi	x27,-4	 x27:0x90000000 x27=0x8ffffffc
        1325917	     66194	800029e8	6385	c.lui	x7,0x1	  x7=0x00001000
        1325937	     66195	800029ea	b8338393	addi	x7,x7,-1149	  x7:0x00001000  x7=0x00000b83
        1325957	     66196	800029ee	03a2	c.slli	x7,0x8	  x7:0x00000b83  x7=0x000b8300
        1326077	     66202	800029f0	038d	c.addi	x7,3	  x7:0x000b8300  x7=0x000b8303
        1326137	     66205	800029f2	007da023	sw	x7,0(x27)	 x27:0x8ffffffc  x7:0x000b8303 PA:0x8ffffffc store:0x000b8303
        1326157	     66206	800029f6	b83023f3	csrrs	x7,mhpmcounter3h,x0	  x0:0x00000000  x7=0x00000000
        1326417	     66219	800029fa	007da023	sw	x7,0(x27)	 x27:0x8ffffffc  x7:0x00000000 PA:0x8ffffffc store:0x00000000
        1326757	     66236	800029fe	90000db7	lui	x27,0x90000	 x27=0x90000000
        1326777	     66237	80002a02	1df1	c.addi	x27,-4	 x27:0x90000000 x27=0x8ffffffc
        1326797	     66238	80002a04	6385	c.lui	x7,0x1	  x7=0x00001000
        1326937	     66245	80002a06	b0438393	addi	x7,x7,-1276	  x7:0x00001000  x7=0x00000b04
        1326957	     66246	80002a0a	03a2	c.slli	x7,0x8	  x7:0x00000b04  x7=0x000b0400
        1326977	     66247	80002a0c	038d	c.addi	x7,3	  x7:0x000b0400  x7=0x000b0403
        1327037	     66250	80002a0e	007da023	sw	x7,0(x27)	 x27:0x8ffffffc  x7:0x000b0403 PA:0x8ffffffc store:0x000b0403
        1327057	     66251	80002a12	b04023f3	csrrs	x7,mhpmcounter4,x0	  x0:0x00000000  x7=0x0000879d
        1327417	     66269	80002a16	007da023	sw	x7,0(x27)	 x27:0x8ffffffc  x7:0x0000879d PA:0x8ffffffc store:0x0000879d
        1327437	     66270	80002a1a	90000db7	lui	x27,0x90000	 x27=0x90000000
        1327457	     66271	80002a1e	1df1	c.addi	x27,-4	 x27:0x90000000 x27=0x8ffffffc
        1327477	     66272	80002a20	6385	c.lui	x7,0x1	  x7=0x00001000
        1327497	     66273	80002a22	b8438393	addi	x7,x7,-1148	  x7:0x00001000  x7=0x00000b84
        1327517	     66274	80002a26	03a2	c.slli	x7,0x8	  x7:0x00000b84  x7=0x000b8400
        1327537	     66275	80002a28	038d	c.addi	x7,3	  x7:0x000b8400  x7=0x000b8403
        1327597	     66278	80002a2a	007da023	sw	x7,0(x27)	 x27:0x8ffffffc  x7:0x000b8403 PA:0x8ffffffc store:0x000b8403
        1327617	     66279	80002a2e	b84023f3	csrrs	x7,mhpmcounter4h,x0	  x0:0x00000000  x7=0x00000000
        1327797	     66288	80002a32	007da023	sw	x7,0(x27)	 x27:0x8ffffffc  x7:0x00000000 PA:0x8ffffffc store:0x00000000
        1327817	     66289	80002a36	90000db7	lui	x27,0x90000	 x27=0x90000000
        1327837	     66290	80002a3a	1df1	c.addi	x27,-4	 x27:0x90000000 x27=0x8ffffffc
        1327857	     66291	80002a3c	6385	c.lui	x7,0x1	  x7=0x00001000
        1327937	     66295	80002a3e	b0538393	addi	x7,x7,-1275	  x7:0x00001000  x7=0x00000b05
        1327957	     66296	80002a42	03a2	c.slli	x7,0x8	  x7:0x00000b05  x7=0x000b0500
        1327997	     66298	80002a44	038d	c.addi	x7,3	  x7:0x000b0500  x7=0x000b0503
        1328377	     66317	80002a46	007da023	sw	x7,0(x27)	 x27:0x8ffffffc  x7:0x000b0503 PA:0x8ffffffc store:0x000b0503
        1328557	     66326	80002a4a	b05023f3	csrrs	x7,mhpmcounter5,x0	  x0:0x00000000  x7=0x00000004
        1328637	     66330	80002a4e	007da023	sw	x7,0(x27)	 x27:0x8ffffffc  x7:0x00000004 PA:0x8ffffffc store:0x00000004
        1328657	     66331	80002a52	90000db7	lui	x27,0x90000	 x27=0x90000000
        1328677	     66332	80002a56	1df1	c.addi	x27,-4	 x27:0x90000000 x27=0x8ffffffc
        1329017	     66349	80002a58	6385	c.lui	x7,0x1	  x7=0x00001000
        1329117	     66354	80002a5a	b8538393	addi	x7,x7,-1147	  x7:0x00001000  x7=0x00000b85
        1329137	     66355	80002a5e	03a2	c.slli	x7,0x8	  x7:0x00000b85  x7=0x000b8500
        1329537	     66375	80002a60	038d	c.addi	x7,3	  x7:0x000b8500  x7=0x000b8503
        1329597	     66378	80002a62	007da023	sw	x7,0(x27)	 x27:0x8ffffffc  x7:0x000b8503 PA:0x8ffffffc store:0x000b8503
        1329617	     66379	80002a66	b85023f3	csrrs	x7,mhpmcounter5h,x0	  x0:0x00000000  x7=0x00000000
        1329797	     66388	80002a6a	007da023	sw	x7,0(x27)	 x27:0x8ffffffc  x7:0x00000000 PA:0x8ffffffc store:0x00000000
        1329817	     66389	80002a6e	90000db7	lui	x27,0x90000	 x27=0x90000000
        1329837	     66390	80002a72	1df1	c.addi	x27,-4	 x27:0x90000000 x27=0x8ffffffc
        1329857	     66391	80002a74	6385	c.lui	x7,0x1	  x7=0x00001000
        1329877	     66392	80002a76	b0638393	addi	x7,x7,-1274	  x7:0x00001000  x7=0x00000b06
        1329897	     66393	80002a7a	03a2	c.slli	x7,0x8	  x7:0x00000b06  x7=0x000b0600
        1329917	     66394	80002a7c	038d	c.addi	x7,3	  x7:0x000b0600  x7=0x000b0603
        1330257	     66411	80002a7e	007da023	sw	x7,0(x27)	 x27:0x8ffffffc  x7:0x000b0603 PA:0x8ffffffc store:0x000b0603
        1330277	     66412	80002a82	b06023f3	csrrs	x7,mhpmcounter6,x0	  x0:0x00000000  x7=0x0000003c
        1330837	     66440	80002a86	007da023	sw	x7,0(x27)	 x27:0x8ffffffc  x7:0x0000003c PA:0x8ffffffc store:0x0000003c
        1330857	     66441	80002a8a	90000db7	lui	x27,0x90000	 x27=0x90000000
        1330877	     66442	80002a8e	1df1	c.addi	x27,-4	 x27:0x90000000 x27=0x8ffffffc
        1330897	     66443	80002a90	6385	c.lui	x7,0x1	  x7=0x00001000
        1330917	     66444	80002a92	b8638393	addi	x7,x7,-1146	  x7:0x00001000  x7=0x00000b86
        1330937	     66445	80002a96	03a2	c.slli	x7,0x8	  x7:0x00000b86  x7=0x000b8600
        1330957	     66446	80002a98	038d	c.addi	x7,3	  x7:0x000b8600  x7=0x000b8603
        1331017	     66449	80002a9a	007da023	sw	x7,0(x27)	 x27:0x8ffffffc  x7:0x000b8603 PA:0x8ffffffc store:0x000b8603
        1331037	     66450	80002a9e	b86023f3	csrrs	x7,mhpmcounter6h,x0	  x0:0x00000000  x7=0x00000000
        1331137	     66455	80002aa2	007da023	sw	x7,0(x27)	 x27:0x8ffffffc  x7:0x00000000 PA:0x8ffffffc store:0x00000000
        1331157	     66456	80002aa6	90000db7	lui	x27,0x90000	 x27=0x90000000
        1331177	     66457	80002aaa	1df1	c.addi	x27,-4	 x27:0x90000000 x27=0x8ffffffc
        1331297	     66463	80002aac	6385	c.lui	x7,0x1	  x7=0x00001000
        1331377	     66467	80002aae	b0738393	addi	x7,x7,-1273	  x7:0x00001000  x7=0x00000b07
        1331397	     66468	80002ab2	03a2	c.slli	x7,0x8	  x7:0x00000b07  x7=0x000b0700
        1331417	     66469	80002ab4	038d	c.addi	x7,3	  x7:0x000b0700  x7=0x000b0703
        1331677	     66482	80002ab6	007da023	sw	x7,0(x27)	 x27:0x8ffffffc  x7:0x000b0703 PA:0x8ffffffc store:0x000b0703
        1331697	     66483	80002aba	b07023f3	csrrs	x7,mhpmcounter7,x0	  x0:0x00000000  x7=0x00000063
        1332237	     66510	80002abe	007da023	sw	x7,0(x27)	 x27:0x8ffffffc  x7:0x00000063 PA:0x8ffffffc store:0x00000063
        1332257	     66511	80002ac2	90000db7	lui	x27,0x90000	 x27=0x90000000
        1332277	     66512	80002ac6	1df1	c.addi	x27,-4	 x27:0x90000000 x27=0x8ffffffc
        1332297	     66513	80002ac8	6385	c.lui	x7,0x1	  x7=0x00001000
        1332317	     66514	80002aca	b8738393	addi	x7,x7,-1145	  x7:0x00001000  x7=0x00000b87
        1332337	     66515	80002ace	03a2	c.slli	x7,0x8	  x7:0x00000b87  x7=0x000b8700
        1332357	     66516	80002ad0	038d	c.addi	x7,3	  x7:0x000b8700  x7=0x000b8703
        1332457	     66521	80002ad2	007da023	sw	x7,0(x27)	 x27:0x8ffffffc  x7:0x000b8703 PA:0x8ffffffc store:0x000b8703
        1332497	     66523	80002ad6	b87023f3	csrrs	x7,mhpmcounter7h,x0	  x0:0x00000000  x7=0x00000000
        1332557	     66526	80002ada	007da023	sw	x7,0(x27)	 x27:0x8ffffffc  x7:0x00000000 PA:0x8ffffffc store:0x00000000
        1332657	     66531	80002ade	90000db7	lui	x27,0x90000	 x27=0x90000000
        1332677	     66532	80002ae2	1df1	c.addi	x27,-4	 x27:0x90000000 x27=0x8ffffffc
        1332697	     66533	80002ae4	6385	c.lui	x7,0x1	  x7=0x00001000
        1332717	     66534	80002ae6	b0838393	addi	x7,x7,-1272	  x7:0x00001000  x7=0x00000b08
        1332737	     66535	80002aea	03a2	c.slli	x7,0x8	  x7:0x00000b08  x7=0x000b0800
        1332777	     66537	80002aec	038d	c.addi	x7,3	  x7:0x000b0800  x7=0x000b0803
        1334977	     66647	80002aee	007da023	sw	x7,0(x27)	 x27:0x8ffffffc  x7:0x000b0803 PA:0x8ffffffc store:0x000b0803
        1334997	     66648	80002af2	b08023f3	csrrs	x7,mhpmcounter8,x0	  x0:0x00000000  x7=0x00000358
        1335417	     66669	80002af6	007da023	sw	x7,0(x27)	 x27:0x8ffffffc  x7:0x00000358 PA:0x8ffffffc store:0x00000358
        1335437	     66670	80002afa	90000db7	lui	x27,0x90000	 x27=0x90000000
        1335457	     66671	80002afe	1df1	c.addi	x27,-4	 x27:0x90000000 x27=0x8ffffffc
        1335477	     66672	80002b00	6385	c.lui	x7,0x1	  x7=0x00001000
        1335497	     66673	80002b02	b8838393	addi	x7,x7,-1144	  x7:0x00001000  x7=0x00000b88
        1335517	     66674	80002b06	03a2	c.slli	x7,0x8	  x7:0x00000b88  x7=0x000b8800
        1335537	     66675	80002b08	038d	c.addi	x7,3	  x7:0x000b8800  x7=0x000b8803
        1335597	     66678	80002b0a	007da023	sw	x7,0(x27)	 x27:0x8ffffffc  x7:0x000b8803 PA:0x8ffffffc store:0x000b8803
        1335617	     66679	80002b0e	b88023f3	csrrs	x7,mhpmcounter8h,x0	  x0:0x00000000  x7=0x00000000
        1335777	     66687	80002b12	007da023	sw	x7,0(x27)	 x27:0x8ffffffc  x7:0x00000000 PA:0x8ffffffc store:0x00000000
        1335997	     66698	80002b16	90000db7	lui	x27,0x90000	 x27=0x90000000
        1336017	     66699	80002b1a	1df1	c.addi	x27,-4	 x27:0x90000000 x27=0x8ffffffc
        1336177	     66707	80002b1c	6385	c.lui	x7,0x1	  x7=0x00001000
        1336237	     66710	80002b1e	b0938393	addi	x7,x7,-1271	  x7:0x00001000  x7=0x00000b09
        1336257	     66711	80002b22	03a2	c.slli	x7,0x8	  x7:0x00000b09  x7=0x000b0900
        1336277	     66712	80002b24	038d	c.addi	x7,3	  x7:0x000b0900  x7=0x000b0903
        1336417	     66719	80002b26	007da023	sw	x7,0(x27)	 x27:0x8ffffffc  x7:0x000b0903 PA:0x8ffffffc store:0x000b0903
        1336577	     66727	80002b2a	b09023f3	csrrs	x7,mhpmcounter9,x0	  x0:0x00000000  x7=0x000001aa
        1336757	     66736	80002b2e	007da023	sw	x7,0(x27)	 x27:0x8ffffffc  x7:0x000001aa PA:0x8ffffffc store:0x000001aa
        1336777	     66737	80002b32	90000db7	lui	x27,0x90000	 x27=0x90000000
        1336797	     66738	80002b36	1df1	c.addi	x27,-4	 x27:0x90000000 x27=0x8ffffffc
        1336817	     66739	80002b38	6385	c.lui	x7,0x1	  x7=0x00001000
        1337117	     66754	80002b3a	b8938393	addi	x7,x7,-1143	  x7:0x00001000  x7=0x00000b89
        1337137	     66755	80002b3e	03a2	c.slli	x7,0x8	  x7:0x00000b89  x7=0x000b8900
        1337157	     66756	80002b40	038d	c.addi	x7,3	  x7:0x000b8900  x7=0x000b8903
        1337257	     66761	80002b42	007da023	sw	x7,0(x27)	 x27:0x8ffffffc  x7:0x000b8903 PA:0x8ffffffc store:0x000b8903
        1337277	     66762	80002b46	b89023f3	csrrs	x7,mhpmcounter9h,x0	  x0:0x00000000  x7=0x00000000
        1337397	     66768	80002b4a	007da023	sw	x7,0(x27)	 x27:0x8ffffffc  x7:0x00000000 PA:0x8ffffffc store:0x00000000
        1337417	     66769	80002b4e	90000db7	lui	x27,0x90000	 x27=0x90000000
        1337437	     66770	80002b52	1df1	c.addi	x27,-4	 x27:0x90000000 x27=0x8ffffffc
        1337617	     66779	80002b54	6385	c.lui	x7,0x1	  x7=0x00001000
        1337637	     66780	80002b56	b0a38393	addi	x7,x7,-1270	  x7:0x00001000  x7=0x00000b0a
        1337657	     66781	80002b5a	03a2	c.slli	x7,0x8	  x7:0x00000b0a  x7=0x000b0a00
        1337677	     66782	80002b5c	038d	c.addi	x7,3	  x7:0x000b0a00  x7=0x000b0a03
        1337837	     66790	80002b5e	007da023	sw	x7,0(x27)	 x27:0x8ffffffc  x7:0x000b0a03 PA:0x8ffffffc store:0x000b0a03
        1337857	     66791	80002b62	b0a023f3	csrrs	x7,mhpmcounter10,x0	  x0:0x00000000  x7=0x00000738
        1337957	     66796	80002b66	007da023	sw	x7,0(x27)	 x27:0x8ffffffc  x7:0x00000738 PA:0x8ffffffc store:0x00000738
        1337977	     66797	80002b6a	90000db7	lui	x27,0x90000	 x27=0x90000000
        1337997	     66798	80002b6e	1df1	c.addi	x27,-4	 x27:0x90000000 x27=0x8ffffffc
        1338017	     66799	80002b70	6385	c.lui	x7,0x1	  x7=0x00001000
        1338037	     66800	80002b72	b8a38393	addi	x7,x7,-1142	  x7:0x00001000  x7=0x00000b8a
        1338057	     66801	80002b76	03a2	c.slli	x7,0x8	  x7:0x00000b8a  x7=0x000b8a00
        1338417	     66819	80002b78	038d	c.addi	x7,3	  x7:0x000b8a00  x7=0x000b8a03
        1338577	     66827	80002b7a	007da023	sw	x7,0(x27)	 x27:0x8ffffffc  x7:0x000b8a03 PA:0x8ffffffc store:0x000b8a03
        1338657	     66831	80002b7e	b8a023f3	csrrs	x7,mhpmcounter10h,x0	  x0:0x00000000  x7=0x00000000
        1339337	     66865	80002b82	007da023	sw	x7,0(x27)	 x27:0x8ffffffc  x7:0x00000000 PA:0x8ffffffc store:0x00000000
        1339357	     66866	80002b86	90000db7	lui	x27,0x90000	 x27=0x90000000
        1339377	     66867	80002b8a	1df1	c.addi	x27,-4	 x27:0x90000000 x27=0x8ffffffc
        1339397	     66868	80002b8c	6385	c.lui	x7,0x1	  x7=0x00001000
        1339817	     66889	80002b8e	b0b38393	addi	x7,x7,-1269	  x7:0x00001000  x7=0x00000b0b
        1339837	     66890	80002b92	03a2	c.slli	x7,0x8	  x7:0x00000b0b  x7=0x000b0b00
        1339857	     66891	80002b94	038d	c.addi	x7,3	  x7:0x000b0b00  x7=0x000b0b03
        1339957	     66896	80002b96	007da023	sw	x7,0(x27)	 x27:0x8ffffffc  x7:0x000b0b03 PA:0x8ffffffc store:0x000b0b03
        1339977	     66897	80002b9a	b0b023f3	csrrs	x7,mhpmcounter11,x0	  x0:0x00000000  x7=0x00000132
        1340397	     66918	80002b9e	007da023	sw	x7,0(x27)	 x27:0x8ffffffc  x7:0x00000132 PA:0x8ffffffc store:0x00000132
        1340517	     66924	80002ba2	90000db7	lui	x27,0x90000	 x27=0x90000000
        1340537	     66925	80002ba6	1df1	c.addi	x27,-4	 x27:0x90000000 x27=0x8ffffffc
        1340557	     66926	80002ba8	6385	c.lui	x7,0x1	  x7=0x00001000
        1340717	     66934	80002baa	b8b38393	addi	x7,x7,-1141	  x7:0x00001000  x7=0x00000b8b
        1340737	     66935	80002bae	03a2	c.slli	x7,0x8	  x7:0x00000b8b  x7=0x000b8b00
        1341117	     66954	80002bb0	038d	c.addi	x7,3	  x7:0x000b8b00  x7=0x000b8b03
        1341177	     66957	80002bb2	007da023	sw	x7,0(x27)	 x27:0x8ffffffc  x7:0x000b8b03 PA:0x8ffffffc store:0x000b8b03
        1341197	     66958	80002bb6	b8b023f3	csrrs	x7,mhpmcounter11h,x0	  x0:0x00000000  x7=0x00000000
        1341397	     66968	80002bba	007da023	sw	x7,0(x27)	 x27:0x8ffffffc  x7:0x00000000 PA:0x8ffffffc store:0x00000000
        1341597	     66978	80002bbe	90000db7	lui	x27,0x90000	 x27=0x90000000
        1341617	     66979	80002bc2	1df1	c.addi	x27,-4	 x27:0x90000000 x27=0x8ffffffc
        1341637	     66980	80002bc4	6385	c.lui	x7,0x1	  x7=0x00001000
        1341657	     66981	80002bc6	b0c38393	addi	x7,x7,-1268	  x7:0x00001000  x7=0x00000b0c
        1341677	     66982	80002bca	03a2	c.slli	x7,0x8	  x7:0x00000b0c  x7=0x000b0c00
        1341777	     66987	80002bcc	038d	c.addi	x7,3	  x7:0x000b0c00  x7=0x000b0c03
        1342017	     66999	80002bce	007da023	sw	x7,0(x27)	 x27:0x8ffffffc  x7:0x000b0c03 PA:0x8ffffffc store:0x000b0c03
        1342037	     67000	80002bd2	b0c023f3	csrrs	x7,mhpmcounter12,x0	  x0:0x00000000  x7=0x0000274e
        1342497	     67023	80002bd6	007da023	sw	x7,0(x27)	 x27:0x8ffffffc  x7:0x0000274e PA:0x8ffffffc store:0x0000274e
        1342517	     67024	80002bda	90000db7	lui	x27,0x90000	 x27=0x90000000
        1342537	     67025	80002bde	1df1	c.addi	x27,-4	 x27:0x90000000 x27=0x8ffffffc
        1342557	     67026	80002be0	6385	c.lui	x7,0x1	  x7=0x00001000
        1342577	     67027	80002be2	b8c38393	addi	x7,x7,-1140	  x7:0x00001000  x7=0x00000b8c
        1342597	     67028	80002be6	03a2	c.slli	x7,0x8	  x7:0x00000b8c  x7=0x000b8c00
        1342617	     67029	80002be8	038d	c.addi	x7,3	  x7:0x000b8c00  x7=0x000b8c03
        1342677	     67032	80002bea	007da023	sw	x7,0(x27)	 x27:0x8ffffffc  x7:0x000b8c03 PA:0x8ffffffc store:0x000b8c03
        1342937	     67045	80002bee	b8c023f3	csrrs	x7,mhpmcounter12h,x0	  x0:0x00000000  x7=0x00000000
        1343017	     67049	80002bf2	007da023	sw	x7,0(x27)	 x27:0x8ffffffc  x7:0x00000000 PA:0x8ffffffc store:0x00000000
        1343037	     67050	80002bf6	ffffd397	auipc	x7,0xffffd	  x7=0x7ffffbf6
        1343157	     67056	80002bfa	48a38393	addi	x7,x7,1162	  x7:0x7ffffbf6  x7=0x80000080
        1343357	     67066	80002bfe	0003a023	sw	x0,0(x7)	  x7:0x80000080  x0:0x00000000 PA:0x80000080 store:0x00000000
        1343417	     67069	80002c02	0013a223	sw	x1,4(x7)	  x7:0x80000080  x1:0x00000001 PA:0x80000084 store:0x00000001
        1343457	     67071	80002c06	0023a423	sw	x2,8(x7)	  x7:0x80000080  x2:0x80000382 PA:0x80000088 store:0x80000382
        1343497	     67073	80002c0a	0033a623	sw	x3,12(x7)	  x7:0x80000080  x3:0xfffff905 PA:0x8000008c store:0xfffff905
        1343937	     67095	80002c0e	0043a823	sw	x4,16(x7)	  x7:0x80000080  x4:0x00000001 PA:0x80000090 store:0x00000001
        1343997	     67098	80002c12	0053aa23	sw	x5,20(x7)	  x7:0x80000080  x5:0x80026c60 PA:0x80000094 store:0x80026c60
        1344417	     67119	80002c16	0063ac23	sw	x6,24(x7)	  x7:0x80000080  x6:0x7ffd934f PA:0x80000098 store:0x7ffd934f
        1344677	     67132	80002c1a	0073ae23	sw	x7,28(x7)	  x7:0x80000080  x7:0x80000080 PA:0x8000009c store:0x80000080
        1344897	     67143	80002c1e	0283a023	sw	x8,32(x7)	  x7:0x80000080  x8:0x00000000 PA:0x800000a0 store:0x00000000
        1344917	     67144	80002c22	0293a223	sw	x9,36(x7)	  x7:0x80000080  x9:0x80026c60 PA:0x800000a4 store:0x80026c60
        1345137	     67155	80002c26	02a3a423	sw	x10,40(x7)	  x7:0x80000080 x10:0x00000000 PA:0x800000a8 store:0x00000000
        1345757	     67186	80002c2a	02b3a623	sw	x11,44(x7)	  x7:0x80000080 x11:0x00000000 PA:0x800000ac store:0x00000000
        1345817	     67189	80002c2e	02c3a823	sw	x12,48(x7)	  x7:0x80000080 x12:0x00000000 PA:0x800000b0 store:0x00000000
        1345857	     67191	80002c32	02d3aa23	sw	x13,52(x7)	  x7:0x80000080 x13:0x00000000 PA:0x800000b4 store:0x00000000
        1345977	     67197	80002c36	02e3ac23	sw	x14,56(x7)	  x7:0x80000080 x14:0xd9c80000 PA:0x800000b8 store:0xd9c80000
        1346197	     67208	80002c3a	02f3ae23	sw	x15,60(x7)	  x7:0x80000080 x15:0x00000000 PA:0x800000bc store:0x00000000
        1346297	     67213	80002c3e	0503a023	sw	x16,64(x7)	  x7:0x80000080 x16:0x60000fa2 PA:0x800000c0 store:0x60000fa2
        1346317	     67214	80002c42	0513a223	sw	x17,68(x7)	  x7:0x80000080 x17:0x0000001f PA:0x800000c4 store:0x0000001f
        1346757	     67236	80002c46	0523a423	sw	x18,72(x7)	  x7:0x80000080 x18:0xfffe576e PA:0x800000c8 store:0xfffe576e
        1346777	     67237	80002c4a	0533a623	sw	x19,76(x7)	  x7:0x80000080 x19:0x00000000 PA:0x800000cc store:0x00000000
        1346897	     67243	80002c4e	0543a823	sw	x20,80(x7)	  x7:0x80000080 x20:0x00000000 PA:0x800000d0 store:0x00000000
        1347197	     67258	80002c52	0553aa23	sw	x21,84(x7)	  x7:0x80000080 x21:0x00000471 PA:0x800000d4 store:0x00000471
        1347297	     67263	80002c56	0563ac23	sw	x22,88(x7)	  x7:0x80000080 x22:0x0000001e PA:0x800000d8 store:0x0000001e
        1347377	     67267	80002c5a	0573ae23	sw	x23,92(x7)	  x7:0x80000080 x23:0x80000000 PA:0x800000dc store:0x80000000
        1347397	     67268	80002c5e	0783a023	sw	x24,96(x7)	  x7:0x80000080 x24:0x00000008 PA:0x800000e0 store:0x00000008
        1347597	     67278	80002c62	0793a223	sw	x25,100(x7)	  x7:0x80000080 x25:0x00000001 PA:0x800000e4 store:0x00000001
        1347837	     67290	80002c66	07a3a423	sw	x26,104(x7)	  x7:0x80000080 x26:0x00000000 PA:0x800000e8 store:0x00000000
        1347997	     67298	80002c6a	07b3a623	sw	x27,108(x7)	  x7:0x80000080 x27:0x8ffffffc PA:0x800000ec store:0x8ffffffc
        1348257	     67311	80002c6e	07c3a823	sw	x28,112(x7)	  x7:0x80000080 x28:0x6ff2198c PA:0x800000f0 store:0x6ff2198c
        1348277	     67312	80002c72	07d3aa23	sw	x29,116(x7)	  x7:0x80000080 x29:0xffffe000 PA:0x800000f4 store:0xffffe000
        1348437	     67320	80002c76	07e3ac23	sw	x30,120(x7)	  x7:0x80000080 x30:0x6ff2198c PA:0x800000f8 store:0x6ff2198c
        1348617	     67329	80002c7a	07f3ae23	sw	x31,124(x7)	  x7:0x80000080 x31:0x7ffd934f PA:0x800000fc store:0x7ffd934f
        1348637	     67330	80002c7e	341023f3	csrrs	x7,mepc,x0	  x0:0x00000000  x7=0x80000392
        1348657	     67331	80002c82	0391	c.addi	x7,4	  x7:0x80000392  x7=0x80000396
        1348797	     67338	80002c84	34139073	csrrw	x0,mepc,x7	  x7:0x80000396  x0=0x00000000
        1349217	     67359	80002c88	30200073	mret	
        1349897	     67393	80000396	90000db7	lui	x27,0x90000	 x27=0x90000000
        1349917	     67394	8000039a	1de1	c.addi	x27,-8	 x27:0x90000000 x27=0x8ffffff8
        1349937	     67395	8000039c	4385	c.li	x7,1	  x7=0x00000001
        1349957	     67396	8000039e	03a2	c.slli	x7,0x8	  x7:0x00000001  x7=0x00000100
        1350037	     67400	800003a0	0385	c.addi	x7,1	  x7:0x00000100  x7=0x00000101
        1350297	     67413	800003a2	007da023	sw	x7,0(x27)	 x27:0x8ffffff8  x7:0x00000101 PA:0x8ffffff8 store:0x00000101
        1350517	     67424	800003a6	00000073	ecall	
        1350957	     67446	80002800	0800006f	jal	x0,80002880	  x0=0x00000000
        1351297	     67463	80002880	14f1	c.addi	x9,-4	  x9:0x80026c60  x9=0x80026c5c
        1351417	     67469	80002882	0054a023	sw	x5,0(x9)	  x9:0x80026c5c  x5:0x80026c60 PA:0x80026c5c store:0x80026c60
        1351437	     67470	80002886	000482b3	add	x5,x9,x0	  x9:0x80026c5c  x0:0x00000000  x5=0x80026c5c
        1351457	     67471	8000288a	f8028293	addi	x5,x5,-128	  x5:0x80026c5c  x5=0x80026bdc
        1351717	     67484	8000288e	0012a223	sw	x1,4(x5)	  x5:0x80026bdc  x1:0x00000001 PA:0x80026be0 store:0x00000001
        1351737	     67485	80002892	0022a423	sw	x2,8(x5)	  x5:0x80026bdc  x2:0x80000382 PA:0x80026be4 store:0x80000382
        1351757	     67486	80002896	0032a623	sw	x3,12(x5)	  x5:0x80026bdc  x3:0xfffff905 PA:0x80026be8 store:0xfffff905
        1351877	     67492	8000289a	0042a823	sw	x4,16(x5)	  x5:0x80026bdc  x4:0x00000001 PA:0x80026bec store:0x00000001
        1352497	     67523	8000289e	0052aa23	sw	x5,20(x5)	  x5:0x80026bdc  x5:0x80026bdc PA:0x80026bf0 store:0x80026bdc
        1352557	     67526	800028a2	0062ac23	sw	x6,24(x5)	  x5:0x80026bdc  x6:0x7ffd934f PA:0x80026bf4 store:0x7ffd934f
        1352577	     67527	800028a6	0072ae23	sw	x7,28(x5)	  x5:0x80026bdc  x7:0x00000101 PA:0x80026bf8 store:0x00000101
        1352637	     67530	800028aa	0282a023	sw	x8,32(x5)	  x5:0x80026bdc  x8:0x00000000 PA:0x80026bfc store:0x00000000
        1352897	     67543	800028ae	0292a223	sw	x9,36(x5)	  x5:0x80026bdc  x9:0x80026c5c PA:0x80026c00 store:0x80026c5c
        1353237	     67560	800028b2	02a2a423	sw	x10,40(x5)	  x5:0x80026bdc x10:0x00000000 PA:0x80026c04 store:0x00000000
        1353297	     67563	800028b6	02b2a623	sw	x11,44(x5)	  x5:0x80026bdc x11:0x00000000 PA:0x80026c08 store:0x00000000
        1353717	     67584	800028ba	02c2a823	sw	x12,48(x5)	  x5:0x80026bdc x12:0x00000000 PA:0x80026c0c store:0x00000000
        1353777	     67587	800028be	02d2aa23	sw	x13,52(x5)	  x5:0x80026bdc x13:0x00000000 PA:0x80026c10 store:0x00000000
        1354017	     67599	800028c2	02e2ac23	sw	x14,56(x5)	  x5:0x80026bdc x14:0xd9c80000 PA:0x80026c14 store:0xd9c80000
        1354477	     67622	800028c6	02f2ae23	sw	x15,60(x5)	  x5:0x80026bdc x15:0x00000000 PA:0x80026c18 store:0x00000000
        1354937	     67645	800028ca	0502a023	sw	x16,64(x5)	  x5:0x80026bdc x16:0x60000fa2 PA:0x80026c1c store:0x60000fa2
        1354997	     67648	800028ce	0512a223	sw	x17,68(x5)	  x5:0x80026bdc x17:0x0000001f PA:0x80026c20 store:0x0000001f
        1355077	     67652	800028d2	0522a423	sw	x18,72(x5)	  x5:0x80026bdc x18:0xfffe576e PA:0x80026c24 store:0xfffe576e
        1355137	     67655	800028d6	0532a623	sw	x19,76(x5)	  x5:0x80026bdc x19:0x00000000 PA:0x80026c28 store:0x00000000
        1355317	     67664	800028da	0542a823	sw	x20,80(x5)	  x5:0x80026bdc x20:0x00000000 PA:0x80026c2c store:0x00000000
        1355377	     67667	800028de	0552aa23	sw	x21,84(x5)	  x5:0x80026bdc x21:0x00000471 PA:0x80026c30 store:0x00000471
        1355397	     67668	800028e2	0562ac23	sw	x22,88(x5)	  x5:0x80026bdc x22:0x0000001e PA:0x80026c34 store:0x0000001e
        1355477	     67672	800028e6	0572ae23	sw	x23,92(x5)	  x5:0x80026bdc x23:0x80000000 PA:0x80026c38 store:0x80000000
        1355857	     67691	800028ea	0782a023	sw	x24,96(x5)	  x5:0x80026bdc x24:0x00000008 PA:0x80026c3c store:0x00000008
        1355997	     67698	800028ee	0792a223	sw	x25,100(x5)	  x5:0x80026bdc x25:0x00000001 PA:0x80026c40 store:0x00000001
        1356097	     67703	800028f2	07a2a423	sw	x26,104(x5)	  x5:0x80026bdc x26:0x00000000 PA:0x80026c44 store:0x00000000
        1356417	     67719	800028f6	07b2a623	sw	x27,108(x5)	  x5:0x80026bdc x27:0x8ffffff8 PA:0x80026c48 store:0x8ffffff8
        1356477	     67722	800028fa	07c2a823	sw	x28,112(x5)	  x5:0x80026bdc x28:0x6ff2198c PA:0x80026c4c store:0x6ff2198c
        1356497	     67723	800028fe	07d2aa23	sw	x29,116(x5)	  x5:0x80026bdc x29:0xffffe000 PA:0x80026c50 store:0xffffe000
        1356517	     67724	80002902	07e2ac23	sw	x30,120(x5)	  x5:0x80026bdc x30:0x6ff2198c PA:0x80026c54 store:0x6ff2198c
        1356537	     67725	80002906	07f2ae23	sw	x31,124(x5)	  x5:0x80026bdc x31:0x7ffd934f PA:0x80026c58 store:0x7ffd934f
        1356557	     67726	8000290a	000284b3	add	x9,x5,x0	  x5:0x80026bdc  x0:0x00000000  x9=0x80026bdc
        1356577	     67727	8000290e	90000db7	lui	x27,0x90000	 x27=0x90000000
        1356597	     67728	80002912	1df1	c.addi	x27,-4	 x27:0x90000000 x27=0x8ffffffc
        1356617	     67729	80002914	43a1	c.li	x7,8	  x7=0x00000008
        1356637	     67730	80002916	03a2	c.slli	x7,0x8	  x7:0x00000008  x7=0x00000800
        1356657	     67731	80002918	00038393	addi	x7,x7,0	  x7:0x00000800  x7=0x00000800
        1356737	     67735	8000291c	007da023	sw	x7,0(x27)	 x27:0x8ffffffc  x7:0x00000800 PA:0x8ffffffc store:0x00000800
        1356757	     67736	80002920	341023f3	csrrs	x7,mepc,x0	  x0:0x00000000  x7=0x800003a6
        1356777	     67737	80002924	342023f3	csrrs	x7,mcause,x0	  x0:0x00000000  x7=0x0000000b
        1356797	     67738	80002928	4d8d	c.li	x27,3	 x27=0x00000003
        1356817	     67739	8000292a	01b39463	bne	x7,x27,80002932	  x7:0x0000000b x27:0x00000003
        1356857	     67741	80002932	4da1	c.li	x27,8	 x27=0x00000008
        1356877	     67742	80002934	05b38d63	beq	x7,x27,8000298e	  x7:0x0000000b x27:0x00000008
        1356897	     67743	80002938	4da5	c.li	x27,9	 x27=0x00000009
        1356917	     67744	8000293a	05b38a63	beq	x7,x27,8000298e	  x7:0x0000000b x27:0x00000009
        1356937	     67745	8000293e	4dad	c.li	x27,11	 x27=0x0000000b
        1356957	     67746	80002940	05b38763	beq	x7,x27,8000298e	  x7:0x0000000b x27:0x0000000b
        1357017	     67749	8000298e	90000db7	lui	x27,0x90000	 x27=0x90000000
        1357037	     67750	80002992	1df1	c.addi	x27,-4	 x27:0x90000000 x27=0x8ffffffc
        1357057	     67751	80002994	6385	c.lui	x7,0x1	  x7=0x00001000
        1357077	     67752	80002996	b0038393	addi	x7,x7,-1280	  x7:0x00001000  x7=0x00000b00
        1357097	     67753	8000299a	03a2	c.slli	x7,0x8	  x7:0x00000b00  x7=0x000b0000
        1357117	     67754	8000299c	038d	c.addi	x7,3	  x7:0x000b0000  x7=0x000b0003
        1357177	     67757	8000299e	007da023	sw	x7,0(x27)	 x27:0x8ffffffc  x7:0x000b0003 PA:0x8ffffffc store:0x000b0003
        1357197	     67758	800029a2	b00023f3	csrrs	x7,mcycle,x0	  x0:0x00000000  x7=0x000108ab
        1357417	     67769	800029a6	007da023	sw	x7,0(x27)	 x27:0x8ffffffc  x7:0x000108ab PA:0x8ffffffc store:0x000108ab
        1357437	     67770	800029aa	90000db7	lui	x27,0x90000	 x27=0x90000000
        1357457	     67771	800029ae	1df1	c.addi	x27,-4	 x27:0x90000000 x27=0x8ffffffc
        1357477	     67772	800029b0	6385	c.lui	x7,0x1	  x7=0x00001000
        1357497	     67773	800029b2	b8038393	addi	x7,x7,-1152	  x7:0x00001000  x7=0x00000b80
        1357517	     67774	800029b6	03a2	c.slli	x7,0x8	  x7:0x00000b80  x7=0x000b8000
        1357537	     67775	800029b8	038d	c.addi	x7,3	  x7:0x000b8000  x7=0x000b8003
        1357937	     67795	800029ba	007da023	sw	x7,0(x27)	 x27:0x8ffffffc  x7:0x000b8003 PA:0x8ffffffc store:0x000b8003
        1357957	     67796	800029be	b80023f3	csrrs	x7,mcycleh,x0	  x0:0x00000000  x7=0x00000000
        1358417	     67819	800029c2	007da023	sw	x7,0(x27)	 x27:0x8ffffffc  x7:0x00000000 PA:0x8ffffffc store:0x00000000
        1358437	     67820	800029c6	90000db7	lui	x27,0x90000	 x27=0x90000000
        1359397	     67868	800029ca	1df1	c.addi	x27,-4	 x27:0x90000000 x27=0x8ffffffc
        1359417	     67869	800029cc	6385	c.lui	x7,0x1	  x7=0x00001000
        1359437	     67870	800029ce	b0338393	addi	x7,x7,-1277	  x7:0x00001000  x7=0x00000b03
        1359457	     67871	800029d2	03a2	c.slli	x7,0x8	  x7:0x00000b03  x7=0x000b0300
        1359477	     67872	800029d4	038d	c.addi	x7,3	  x7:0x000b0300  x7=0x000b0303
        1359537	     67875	800029d6	007da023	sw	x7,0(x27)	 x27:0x8ffffffc  x7:0x000b0303 PA:0x8ffffffc store:0x000b0303
        1359557	     67876	800029da	b03023f3	csrrs	x7,mhpmcounter3,x0	  x0:0x00000000  x7=0x000002ba
        1359797	     67888	800029de	007da023	sw	x7,0(x27)	 x27:0x8ffffffc  x7:0x000002ba PA:0x8ffffffc store:0x000002ba
        1359817	     67889	800029e2	90000db7	lui	x27,0x90000	 x27=0x90000000
        1359837	     67890	800029e6	1df1	c.addi	x27,-4	 x27:0x90000000 x27=0x8ffffffc
        1359857	     67891	800029e8	6385	c.lui	x7,0x1	  x7=0x00001000
        1359877	     67892	800029ea	b8338393	addi	x7,x7,-1149	  x7:0x00001000  x7=0x00000b83
        1359897	     67893	800029ee	03a2	c.slli	x7,0x8	  x7:0x00000b83  x7=0x000b8300
        1359917	     67894	800029f0	038d	c.addi	x7,3	  x7:0x000b8300  x7=0x000b8303
        1359997	     67898	800029f2	007da023	sw	x7,0(x27)	 x27:0x8ffffffc  x7:0x000b8303 PA:0x8ffffffc store:0x000b8303
        1360017	     67899	800029f6	b83023f3	csrrs	x7,mhpmcounter3h,x0	  x0:0x00000000  x7=0x00000000
        1360437	     67920	800029fa	007da023	sw	x7,0(x27)	 x27:0x8ffffffc  x7:0x00000000 PA:0x8ffffffc store:0x00000000
        1360457	     67921	800029fe	90000db7	lui	x27,0x90000	 x27=0x90000000
        1360477	     67922	80002a02	1df1	c.addi	x27,-4	 x27:0x90000000 x27=0x8ffffffc
        1360497	     67923	80002a04	6385	c.lui	x7,0x1	  x7=0x00001000
        1360517	     67924	80002a06	b0438393	addi	x7,x7,-1276	  x7:0x00001000  x7=0x00000b04
        1360537	     67925	80002a0a	03a2	c.slli	x7,0x8	  x7:0x00000b04  x7=0x000b0400
        1360557	     67926	80002a0c	038d	c.addi	x7,3	  x7:0x000b0400  x7=0x000b0403
        1360817	     67939	80002a0e	007da023	sw	x7,0(x27)	 x27:0x8ffffffc  x7:0x000b0403 PA:0x8ffffffc store:0x000b0403
        1360837	     67940	80002a12	b04023f3	csrrs	x7,mhpmcounter4,x0	  x0:0x00000000  x7=0x0000898d
        1360937	     67945	80002a16	007da023	sw	x7,0(x27)	 x27:0x8ffffffc  x7:0x0000898d PA:0x8ffffffc store:0x0000898d
        1360957	     67946	80002a1a	90000db7	lui	x27,0x90000	 x27=0x90000000
        1360977	     67947	80002a1e	1df1	c.addi	x27,-4	 x27:0x90000000 x27=0x8ffffffc
        1360997	     67948	80002a20	6385	c.lui	x7,0x1	  x7=0x00001000
        1361017	     67949	80002a22	b8438393	addi	x7,x7,-1148	  x7:0x00001000  x7=0x00000b84
        1361037	     67950	80002a26	03a2	c.slli	x7,0x8	  x7:0x00000b84  x7=0x000b8400
