Time	Cycle	PC	Insn	Decoded instruction	Register and memory contents
           2282	        12	80000080	40001a37	lui	x20,0x40001	 x20=0x40001000
           2302	        13	80000084	106a0a13	addi	x20,x20,262	 x20:0x40001000 x20=0x40001106
           2322	        14	80000088	301a1073	csrrw	x0,misa,x20	 x20:0x40001106  x0=0x00000000
           2382	        17	8000008c	00026397	auipc	x7,0x26	  x7=0x8002608c
           2402	        18	80000090	c5838393	addi	x7,x7,-936	  x7:0x8002608c  x7=0x80025ce4
           2422	        19	80000094	00002a17	auipc	x20,0x2	 x20=0x80002094
           2442	        20	80000098	f6ca0a13	addi	x20,x20,-148	 x20:0x80002094 x20=0x80002000
           2542	        25	8000009c	001a6a13	ori	x20,x20,1	 x20:0x80002000 x20=0x80002001
           2562	        26	800000a0	305a1073	csrrw	x0,mtvec,x20	 x20:0x80002001  x0=0x00000000
           2622	        29	800000a4	74725073	csrrwi	x0,0x747,4	  x0=0x00000000
           2982	        47	800000a8	00003d17	auipc	x26,0x3	 x26=0x800030a8
           3002	        48	800000ac	c44d0d13	addi	x26,x26,-956	 x26:0x800030a8 x26=0x80002cec
           3022	        49	800000b0	4a01	c.li	x20,0	 x20=0x00000000
           3042	        50	800000b2	9d52	c.add	x26,x20	 x26:0x80002cec x20:0x00000000 x26=0x80002cec
           3442	        70	800000b4	002d5d13	srli	x26,x26,0x2	 x26:0x80002cec x26=0x20000b3b
           3602	        78	800000b8	3b0d1073	csrrw	x0,pmpaddr0,x26	 x26:0x20000b3b  x0=0x00000000
           3762	        86	800000bc	00003d17	auipc	x26,0x3	 x26=0x800030bc
           3882	        92	800000c0	c30d0d13	addi	x26,x26,-976	 x26:0x800030bc x26=0x80002cec
           3942	        95	800000c4	11111a37	lui	x20,0x11111	 x20=0x11111000
           3962	        96	800000c8	111a0a13	addi	x20,x20,273	 x20:0x11111000 x20=0x11111111
           4062	       101	800000cc	9d52	c.add	x26,x20	 x26:0x80002cec x20:0x11111111 x26=0x91113dfd
           4082	       102	800000ce	002d5d13	srli	x26,x26,0x2	 x26:0x91113dfd x26=0x24444f7f
           4102	       103	800000d2	3b1d1073	csrrw	x0,pmpaddr1,x26	 x26:0x24444f7f  x0=0x00000000
           4202	       108	800000d6	00003d17	auipc	x26,0x3	 x26=0x800030d6
           4622	       129	800000da	c16d0d13	addi	x26,x26,-1002	 x26:0x800030d6 x26=0x80002cec
           4642	       130	800000de	22222a37	lui	x20,0x22222	 x20=0x22222000
           4662	       131	800000e2	222a0a13	addi	x20,x20,546	 x20:0x22222000 x20=0x22222222
           4682	       132	800000e6	9d52	c.add	x26,x20	 x26:0x80002cec x20:0x22222222 x26=0xa2224f0e
           4862	       141	800000e8	002d5d13	srli	x26,x26,0x2	 x26:0xa2224f0e x26=0x288893c3
           5022	       149	800000ec	3b2d1073	csrrw	x0,pmpaddr2,x26	 x26:0x288893c3  x0=0x00000000
           5082	       152	800000f0	00003d17	auipc	x26,0x3	 x26=0x800030f0
           5342	       165	800000f4	bfcd0d13	addi	x26,x26,-1028	 x26:0x800030f0 x26=0x80002cec
           5442	       170	800000f8	33333a37	lui	x20,0x33333	 x20=0x33333000
           5862	       191	800000fc	333a0a13	addi	x20,x20,819	 x20:0x33333000 x20=0x33333333
           5882	       192	80000100	9d52	c.add	x26,x20	 x26:0x80002cec x20:0x33333333 x26=0xb333601f
           6122	       204	80000102	002d5d13	srli	x26,x26,0x2	 x26:0xb333601f x26=0x2cccd807
           6142	       205	80000106	3b3d1073	csrrw	x0,pmpaddr3,x26	 x26:0x2cccd807  x0=0x00000000
           6202	       208	8000010a	0f0f1d37	lui	x26,0xf0f1	 x26=0x0f0f1000
           6222	       209	8000010e	f0fd0d13	addi	x26,x26,-241	 x26:0x0f0f1000 x26=0x0f0f0f0f
           6242	       210	80000112	3a0d1073	csrrw	x0,pmpcfg0,x26	 x26:0x0f0f0f0f  x0=0x00000000
           6302	       213	80000116	00003d17	auipc	x26,0x3	 x26=0x80003116
           6422	       219	8000011a	bd6d0d13	addi	x26,x26,-1066	 x26:0x80003116 x26=0x80002cec
           6442	       220	8000011e	44444a37	lui	x20,0x44444	 x20=0x44444000
           6462	       221	80000122	444a0a13	addi	x20,x20,1092	 x20:0x44444000 x20=0x44444444
           6482	       222	80000126	9d52	c.add	x26,x20	 x26:0x80002cec x20:0x44444444 x26=0xc4447130
           6502	       223	80000128	002d5d13	srli	x26,x26,0x2	 x26:0xc4447130 x26=0x31111c4c
           6642	       230	8000012c	3b4d1073	csrrw	x0,pmpaddr4,x26	 x26:0x31111c4c  x0=0x00000000
           6702	       233	80000130	00003d17	auipc	x26,0x3	 x26=0x80003130
           6722	       234	80000134	bbcd0d13	addi	x26,x26,-1092	 x26:0x80003130 x26=0x80002cec
           6882	       242	80000138	55555a37	lui	x20,0x55555	 x20=0x55555000
           7302	       263	8000013c	555a0a13	addi	x20,x20,1365	 x20:0x55555000 x20=0x55555555
           7562	       276	80000140	9d52	c.add	x26,x20	 x26:0x80002cec x20:0x55555555 x26=0xd5558241
           7722	       284	80000142	002d5d13	srli	x26,x26,0x2	 x26:0xd5558241 x26=0x35556090
           8022	       299	80000146	3b5d1073	csrrw	x0,pmpaddr5,x26	 x26:0x35556090  x0=0x00000000
           8082	       302	8000014a	00003d17	auipc	x26,0x3	 x26=0x8000314a
           8382	       317	8000014e	ba2d0d13	addi	x26,x26,-1118	 x26:0x8000314a x26=0x80002cec
           8402	       318	80000152	66666a37	lui	x20,0x66666	 x20=0x66666000
           8822	       339	80000156	666a0a13	addi	x20,x20,1638	 x20:0x66666000 x20=0x66666666
           8842	       340	8000015a	9d52	c.add	x26,x20	 x26:0x80002cec x20:0x66666666 x26=0xe6669352
           8862	       341	8000015c	002d5d13	srli	x26,x26,0x2	 x26:0xe6669352 x26=0x3999a4d4
           8942	       345	80000160	3b6d1073	csrrw	x0,pmpaddr6,x26	 x26:0x3999a4d4  x0=0x00000000
           9002	       348	80000164	00003d17	auipc	x26,0x3	 x26=0x80003164
           9182	       357	80000168	b88d0d13	addi	x26,x26,-1144	 x26:0x80003164 x26=0x80002cec
           9322	       364	8000016c	77777a37	lui	x20,0x77777	 x20=0x77777000
           9342	       365	80000170	777a0a13	addi	x20,x20,1911	 x20:0x77777000 x20=0x77777777
           9762	       386	80000174	9d52	c.add	x26,x20	 x26:0x80002cec x20:0x77777777 x26=0xf777a463
           9782	       387	80000176	002d5d13	srli	x26,x26,0x2	 x26:0xf777a463 x26=0x3ddde918
           9842	       390	8000017a	3b7d1073	csrrw	x0,pmpaddr7,x26	 x26:0x3ddde918  x0=0x00000000
           9902	       393	8000017e	0f0f1d37	lui	x26,0xf0f1	 x26=0x0f0f1000
           9922	       394	80000182	f0fd0d13	addi	x26,x26,-241	 x26:0x0f0f1000 x26=0x0f0f0f0f
          10062	       401	80000186	3a1d1073	csrrw	x0,pmpcfg1,x26	 x26:0x0f0f0f0f  x0=0x00000000
          10122	       404	8000018a	00003d17	auipc	x26,0x3	 x26=0x8000318a
          10142	       405	8000018e	b62d0d13	addi	x26,x26,-1182	 x26:0x8000318a x26=0x80002cec
          10522	       424	80000192	88889a37	lui	x20,0x88889	 x20=0x88889000
          10642	       430	80000196	888a0a13	addi	x20,x20,-1912	 x20:0x88889000 x20=0x88888888
          10662	       431	8000019a	9d52	c.add	x26,x20	 x26:0x80002cec x20:0x88888888 x26=0x0888b574
          10682	       432	8000019c	002d5d13	srli	x26,x26,0x2	 x26:0x0888b574 x26=0x02222d5d
          10782	       437	800001a0	3b8d1073	csrrw	x0,pmpaddr8,x26	 x26:0x02222d5d  x0=0x00000000
          10842	       440	800001a4	00003d17	auipc	x26,0x3	 x26=0x800031a4
          10862	       441	800001a8	b48d0d13	addi	x26,x26,-1208	 x26:0x800031a4 x26=0x80002cec
          11122	       454	800001ac	9999aa37	lui	x20,0x9999a	 x20=0x9999a000
          11182	       457	800001b0	999a0a13	addi	x20,x20,-1639	 x20:0x9999a000 x20=0x99999999
          11202	       458	800001b4	9d52	c.add	x26,x20	 x26:0x80002cec x20:0x99999999 x26=0x1999c685
          11222	       459	800001b6	002d5d13	srli	x26,x26,0x2	 x26:0x1999c685 x26=0x066671a1
          11382	       467	800001ba	3b9d1073	csrrw	x0,pmpaddr9,x26	 x26:0x066671a1  x0=0x00000000
          11442	       470	800001be	00003d17	auipc	x26,0x3	 x26=0x800031be
          11462	       471	800001c2	b2ed0d13	addi	x26,x26,-1234	 x26:0x800031be x26=0x80002cec
          11502	       473	800001c6	aaaaba37	lui	x20,0xaaaab	 x20=0xaaaab000
          11522	       474	800001ca	aaaa0a13	addi	x20,x20,-1366	 x20:0xaaaab000 x20=0xaaaaaaaa
          11542	       475	800001ce	9d52	c.add	x26,x20	 x26:0x80002cec x20:0xaaaaaaaa x26=0x2aaad796
          11782	       487	800001d0	002d5d13	srli	x26,x26,0x2	 x26:0x2aaad796 x26=0x0aaab5e5
          11802	       488	800001d4	3bad1073	csrrw	x0,pmpaddr10,x26	 x26:0x0aaab5e5  x0=0x00000000
          12222	       509	800001d8	00003d17	auipc	x26,0x3	 x26=0x800031d8
          12342	       515	800001dc	b14d0d13	addi	x26,x26,-1260	 x26:0x800031d8 x26=0x80002cec
          12362	       516	800001e0	bbbbca37	lui	x20,0xbbbbc	 x20=0xbbbbc000
          12382	       517	800001e4	bbba0a13	addi	x20,x20,-1093	 x20:0xbbbbc000 x20=0xbbbbbbbb
          12402	       518	800001e8	9d52	c.add	x26,x20	 x26:0x80002cec x20:0xbbbbbbbb x26=0x3bbbe8a7
          12822	       539	800001ea	002d5d13	srli	x26,x26,0x2	 x26:0x3bbbe8a7 x26=0x0eeefa29
          13242	       560	800001ee	3bbd1073	csrrw	x0,pmpaddr11,x26	 x26:0x0eeefa29  x0=0x00000000
          13302	       563	800001f2	0f0f1d37	lui	x26,0xf0f1	 x26=0x0f0f1000
          13322	       564	800001f6	f0fd0d13	addi	x26,x26,-241	 x26:0x0f0f1000 x26=0x0f0f0f0f
          13422	       569	800001fa	3a2d1073	csrrw	x0,pmpcfg2,x26	 x26:0x0f0f0f0f  x0=0x00000000
          13702	       583	800001fe	00003d17	auipc	x26,0x3	 x26=0x800031fe
          13722	       584	80000202	aeed0d13	addi	x26,x26,-1298	 x26:0x800031fe x26=0x80002cec
          13922	       594	80000206	ccccda37	lui	x20,0xccccd	 x20=0xccccd000
          13962	       596	8000020a	ccca0a13	addi	x20,x20,-820	 x20:0xccccd000 x20=0xcccccccc
          13982	       597	8000020e	9d52	c.add	x26,x20	 x26:0x80002cec x20:0xcccccccc x26=0x4cccf9b8
          14382	       617	80000210	002d5d13	srli	x26,x26,0x2	 x26:0x4cccf9b8 x26=0x13333e6e
          14402	       618	80000214	3bcd1073	csrrw	x0,pmpaddr12,x26	 x26:0x13333e6e  x0=0x00000000
          14702	       633	80000218	00003d17	auipc	x26,0x3	 x26=0x80003218
          14722	       634	8000021c	ad4d0d13	addi	x26,x26,-1324	 x26:0x80003218 x26=0x80002cec
          15142	       655	80000220	ddddea37	lui	x20,0xdddde	 x20=0xdddde000
          15162	       656	80000224	ddda0a13	addi	x20,x20,-547	 x20:0xdddde000 x20=0xdddddddd
          15182	       657	80000228	9d52	c.add	x26,x20	 x26:0x80002cec x20:0xdddddddd x26=0x5dde0ac9
          15202	       658	8000022a	002d5d13	srli	x26,x26,0x2	 x26:0x5dde0ac9 x26=0x177782b2
          15442	       670	8000022e	3bdd1073	csrrw	x0,pmpaddr13,x26	 x26:0x177782b2  x0=0x00000000
          15502	       673	80000232	00003d17	auipc	x26,0x3	 x26=0x80003232
          15562	       676	80000236	abad0d13	addi	x26,x26,-1350	 x26:0x80003232 x26=0x80002cec
          15582	       677	8000023a	eeeefa37	lui	x20,0xeeeef	 x20=0xeeeef000
          15842	       690	8000023e	eeea0a13	addi	x20,x20,-274	 x20:0xeeeef000 x20=0xeeeeeeee
          15862	       691	80000242	9d52	c.add	x26,x20	 x26:0x80002cec x20:0xeeeeeeee x26=0x6eef1bda
          15882	       692	80000244	002d5d13	srli	x26,x26,0x2	 x26:0x6eef1bda x26=0x1bbbc6f6
          15902	       693	80000248	3bed1073	csrrw	x0,pmpaddr14,x26	 x26:0x1bbbc6f6  x0=0x00000000
          15962	       696	8000024c	00003d17	auipc	x26,0x3	 x26=0x8000324c
          16322	       714	80000250	aa0d0d13	addi	x26,x26,-1376	 x26:0x8000324c x26=0x80002cec
          16622	       729	80000254	fff00a13	addi	x20,x0,-1	  x0:0x00000000 x20=0xffffffff
          17042	       750	80000258	9d52	c.add	x26,x20	 x26:0x80002cec x20:0xffffffff x26=0x80002ceb
          17202	       758	8000025a	002d5d13	srli	x26,x26,0x2	 x26:0x80002ceb x26=0x20000b3a
          17222	       759	8000025e	3bfd1073	csrrw	x0,pmpaddr15,x26	 x26:0x20000b3a  x0=0x00000000
          17302	       763	80000262	0f0f1d37	lui	x26,0xf0f1	 x26=0x0f0f1000
          17322	       764	80000266	f0fd0d13	addi	x26,x26,-241	 x26:0x0f0f1000 x26=0x0f0f0f0f
          17742	       785	8000026a	3a3d1073	csrrw	x0,pmpcfg3,x26	 x26:0x0f0f0f0f  x0=0x00000000
          17802	       788	8000026e	00000a17	auipc	x20,0x0	 x20=0x8000026e
          17822	       789	80000272	058a0a13	addi	x20,x20,88	 x20:0x8000026e x20=0x800002c6
          17842	       790	80000276	341a1073	csrrw	x0,mepc,x20	 x20:0x800002c6  x0=0x00000000
          18222	       809	8000027a	7c00d073	csrrwi	x0,0x7c0,1	  x0=0x00000000
          18282	       812	8000027e	6a09	c.lui	x20,0x2	 x20=0x00002000
          18302	       813	80000280	800a0a13	addi	x20,x20,-2048	 x20:0x00002000 x20=0x00001800
          18322	       814	80000284	300a1073	csrrw	x0,mstatus,x20	 x20:0x00001800  x0=0x00000000
          18542	       825	80000288	4a01	c.li	x20,0	 x20=0x00000000
          18562	       826	8000028a	304a1073	csrrw	x0,mie,x20	 x20:0x00000000  x0=0x00000000
          18622	       829	8000028e	90000b37	lui	x22,0x90000	 x22=0x90000000
          18642	       830	80000292	1b71	c.addi	x22,-4	 x22:0x90000000 x22=0x8ffffffc
          18662	       831	80000294	30000a13	addi	x20,x0,768	  x0:0x00000000 x20=0x00000300
          18782	       837	80000298	0a22	c.slli	x20,0x8	 x20:0x00000300 x20=0x00030000
          18802	       838	8000029a	0a0d	c.addi	x20,3	 x20:0x00030000 x20=0x00030003
          19342	       865	8000029c	014b2023	sw	x20,0(x22)	 x22:0x8ffffffc x20:0x00030003 PA:0x8ffffffc store:0x00030003
          19362	       866	800002a0	30002a73	csrrs	x20,mstatus,x0	  x0:0x00000000 x20=0x00001800
          19422	       869	800002a4	014b2023	sw	x20,0(x22)	 x22:0x8ffffffc x20:0x00001800 PA:0x8ffffffc store:0x00001800
          19442	       870	800002a8	90000b37	lui	x22,0x90000	 x22=0x90000000
          19462	       871	800002ac	1b71	c.addi	x22,-4	 x22:0x90000000 x22=0x8ffffffc
          19482	       872	800002ae	30400a13	addi	x20,x0,772	  x0:0x00000000 x20=0x00000304
          19502	       873	800002b2	0a22	c.slli	x20,0x8	 x20:0x00000304 x20=0x00030400
          19522	       874	800002b4	0a0d	c.addi	x20,3	 x20:0x00030400 x20=0x00030403
          19742	       885	800002b6	014b2023	sw	x20,0(x22)	 x22:0x8ffffffc x20:0x00030403 PA:0x8ffffffc store:0x00030403
          20042	       900	800002ba	30402a73	csrrs	x20,mie,x0	  x0:0x00000000 x20=0x00000000
          20622	       929	800002be	014b2023	sw	x20,0(x22)	 x22:0x8ffffffc x20:0x00000000 PA:0x8ffffffc store:0x00000000
          20642	       930	800002c2	30200073	mret	
          20902	       943	800002c6	bb13a037	lui	x0,0xbb13a	  x0=0x00000000
          21042	       950	800002ca	27900013	addi	x0,x0,633	  x0:0x00000000  x0=0x00000000
          21062	       951	800002ce	4081	c.li	x1,0	  x1=0x00000000
          21362	       966	800002d0	4181	c.li	x3,0	  x3=0x00000000
          21382	       967	800002d2	421d	c.li	x4,7	  x4=0x00000007
          21782	       987	800002d4	42bd	c.li	x5,15	  x5=0x0000000f
          21882	       992	800002d6	ffc3d337	lui	x6,0xffc3d	  x6=0xffc3d000
          21902	       993	800002da	58230313	addi	x6,x6,1410	  x6:0xffc3d000  x6=0xffc3d582
          21922	       994	800002de	4429	c.li	x8,10	  x8=0x0000000a
          22322	      1014	800002e0	4481	c.li	x9,0	  x9=0x00000000
          22342	      1015	800002e2	f4ed8537	lui	x10,0xf4ed8	 x10=0xf4ed8000
          22362	      1016	800002e6	3e450513	addi	x10,x10,996	 x10:0xf4ed8000 x10=0xf4ed83e4
          22382	      1017	800002ea	4581	c.li	x11,0	 x11=0x00000000
          22502	      1023	800002ec	460d	c.li	x12,3	 x12=0x00000003
          22762	      1036	800002ee	3d8356b7	lui	x13,0x3d835	 x13=0x3d835000
          22802	      1038	800002f2	b2068693	addi	x13,x13,-1248	 x13:0x3d835000 x13=0x3d834b20
          22822	      1039	800002f6	76fb5737	lui	x14,0x76fb5	 x14=0x76fb5000
          23102	      1053	800002fa	e8970713	addi	x14,x14,-375	 x14:0x76fb5000 x14=0x76fb4e89
          23122	      1054	800002fe	6c3617b7	lui	x15,0x6c361	 x15=0x6c361000
          23242	      1060	80000302	6ed78793	addi	x15,x15,1773	 x15:0x6c361000 x15=0x6c3616ed
          23262	      1061	80000306	480d	c.li	x16,3	 x16=0x00000003
          23422	      1069	80000308	4881	c.li	x17,0	 x17=0x00000000
          23442	      1070	8000030a	f5d71937	lui	x18,0xf5d71	 x18=0xf5d71000
          23642	      1080	8000030e	37390913	addi	x18,x18,883	 x18:0xf5d71000 x18=0xf5d71373
          23662	      1081	80000312	f7f539b7	lui	x19,0xf7f53	 x19=0xf7f53000
          23682	      1082	80000316	37198993	addi	x19,x19,881	 x19:0xf7f53000 x19=0xf7f53371
          23702	      1083	8000031a	4a01	c.li	x20,0	 x20=0x00000000
          23722	      1084	8000031c	4aa1	c.li	x21,8	 x21=0x00000008
          23842	      1090	8000031e	f0c73b37	lui	x22,0xf0c73	 x22=0xf0c73000
          23862	      1091	80000322	25cb0b13	addi	x22,x22,604	 x22:0xf0c73000 x22=0xf0c7325c
          23882	      1092	80000326	80000bb7	lui	x23,0x80000	 x23=0x80000000
          23902	      1093	8000032a	4c31	c.li	x24,12	 x24=0x0000000c
          23922	      1094	8000032c	fde1acb7	lui	x25,0xfde1a	 x25=0xfde1a000
          23942	      1095	80000330	20ec8c93	addi	x25,x25,526	 x25:0xfde1a000 x25=0xfde1a20e
          23962	      1096	80000334	4d01	c.li	x26,0	 x26=0x00000000
          24062	      1101	80000336	ff843db7	lui	x27,0xff843	 x27=0xff843000
          24462	      1121	8000033a	099d8d93	addi	x27,x27,153	 x27:0xff843000 x27=0xff843099
          24882	      1142	8000033e	8165de37	lui	x28,0x8165d	 x28=0x8165d000
          25022	      1149	80000342	8bee0e13	addi	x28,x28,-1858	 x28:0x8165d000 x28=0x8165c8be
          25182	      1157	80000346	f8202eb7	lui	x29,0xf8202	 x29=0xf8202000
          25202	      1158	8000034a	b29e8e93	addi	x29,x29,-1239	 x29:0xf8202000 x29=0xf8201b29
          25462	      1171	8000034e	80000f37	lui	x30,0x80000	 x30=0x80000000
          25482	      1172	80000352	80000fb7	lui	x31,0x80000	 x31=0x80000000
          25522	      1174	80000356	00022117	auipc	x2,0x22	  x2=0x80022356
          25602	      1178	8000035a	b0e10113	addi	x2,x2,-1266	  x2:0x80022356  x2=0x80021e64
          26022	      1199	8000035e	90000b37	lui	x22,0x90000	 x22=0x90000000
          26042	      1200	80000362	1b71	c.addi	x22,-4	 x22:0x90000000 x22=0x8ffffffc
          26442	      1220	80000364	4a01	c.li	x20,0	 x20=0x00000000
          26462	      1221	80000366	0a22	c.slli	x20,0x8	 x20:0x00000000 x20=0x00000000
          26482	      1222	80000368	000a0a13	addi	x20,x20,0	 x20:0x00000000 x20=0x00000000
          26542	      1225	8000036c	014b2023	sw	x20,0(x22)	 x22:0x8ffffffc x20:0x00000000 PA:0x8ffffffc store:0x00000000
          26642	      1230	80000370	17d0206f	jal	x0,80002cec	  x0=0x00000000
          27382	      1267	80002cec	0ff0000f	fence	iorw,iorw	
          28442	      1320	80002cf0	030bc9b3	div	x19,x23,x16	 x23:0x80000000 x16:0x00000003 x19=0xd5555556
          28462	      1321	80002cf4	00000897	auipc	x17,0x0	 x17=0x80002cf4
          28482	      1322	80002cf8	2ce88893	addi	x17,x17,718	 x17:0x80002cf4 x17=0x80002fc2
          28502	      1323	80002cfc	0000100f	fence.i	
          28722	      1334	80002d00	00f7ffb3	and	x31,x15,x15	 x15:0x6c3616ed x15:0x6c3616ed x31=0x6c3616ed
          28742	      1335	80002d04	5d23c013	xori	x0,x7,1490	  x7:0x80025ce4  x0=0x00000000
          28762	      1336	80002d08	15188893	addi	x17,x17,337	 x17:0x80002fc2 x17=0x80003113
          28782	      1337	80002d0c	4c85	c.li	x25,1	 x25=0x00000001
          28802	      1338	80002d0e	946e	c.add	x8,x27	  x8:0x0000000a x27:0xff843099  x8=0xff8430a3
          28822	      1339	80002d10	eaf88be7	jalr	x23,-337(x17)	 x17:0x80003113 x23=0x80002d14
          29362	      1366	80002fc2	1151	c.addi	x2,-12	  x2:0x80021e64  x2=0x80021e58
          29382	      1367	80002fc4	de6af437	lui	x8,0xde6af	  x8=0xde6af000
          29402	      1368	80002fc8	34092473	csrrs	x8,mscratch,x18	 x18:0xf5d71373  x8=0x00000000
          29462	      1371	80002fcc	c25e	c.swsp	x23,4(x2)	  x2:0x80021e58 x23:0x80002d14 PA:0x80021e5c store:0x80002d14
          29482	      1372	80002fce	0000100f	fence.i	
          29762	      1386	80002fd2	340071f3	csrrci	x3,mscratch,0	  x3=0xf5d71373
          29782	      1387	80002fd6	c3f63993	sltiu	x19,x12,-961	 x12:0x00000003 x19=0x00000001
          29802	      1388	80002fda	00d9f6b3	and	x13,x19,x13	 x19:0x00000001 x13:0x3d834b20 x13=0x00000000
          29982	      1397	80002fde	00751c33	sll	x24,x10,x7	 x10:0xf4ed83e4  x7:0x80025ce4 x24=0x4ed83e40
          30002	      1398	80002fe2	004f7cb3	and	x25,x30,x4	 x30:0x80000000  x4:0x00000007 x25=0x00000000
          30022	      1399	80002fe6	85913693	sltiu	x13,x2,-1959	  x2:0x80021e58 x13=0x00000001
          30042	      1400	80002fea	e3bffbef	jal	x23,80002e24	 x23=0x80002fee
          30182	      1407	80002e24	946e	c.add	x8,x27	  x8:0x00000000 x27:0xff843099  x8=0xff843099
          30202	      1408	80002e26	c799	c.beqz	x15,80002e34	 x15:0x6c3616ed
          30602	      1428	80002e28	340ed873	csrrwi	x16,mscratch,29	 x16=0xf5d71373
          30662	      1431	80002e2c	01802733	slt	x14,x0,x24	  x0:0x00000000 x24:0x4ed83e40 x14=0x00000001
          31402	      1468	80002e30	03eb6633	rem	x12,x22,x30	 x22:0x8ffffffc x30:0x80000000 x12=0x8ffffffc
          31422	      1469	80002e34	fc410113	addi	x2,x2,-60	  x2:0x80021e58  x2=0x80021e1c
          31442	      1470	80002e38	340896f3	csrrw	x13,mscratch,x17	 x17:0x80003113 x13=0x0000001d
          31462	      1471	80002e3c	92ba	c.add	x5,x14	  x5:0x0000000f x14:0x00000001  x5=0x00000010
          31522	      1474	80002e3e	c25e	c.swsp	x23,4(x2)	  x2:0x80021e1c x23:0x80002fee PA:0x80021e20 store:0x80002fee
          31542	      1475	80002e40	00219793	slli	x15,x3,0x2	  x3:0xf5d71373 x15=0xd75c4dcc
          31562	      1476	80002e44	8f39	c.xor	x14,x14	 x14:0x00000001 x14:0x00000001 x14=0x00000000
          31602	      1478	80002e46	02d93f33	mulhu	x30,x18,x13	 x18:0xf5d71373 x13:0x0000001d x30=0x0000001b
          31622	      1479	80002e4a	8241	c.srli	x12,0x10	 x12:0x8ffffffc x12=0x00008fff
          32362	      1516	80002e4c	027b6933	rem	x18,x22,x7	 x22:0x8ffffffc  x7:0x80025ce4 x18=0x8ffffffc
          32382	      1517	80002e50	058e	c.slli	x11,0x3	 x11:0x00000000 x11=0x00000000
          32402	      1518	80002e52	01e738b3	sltu	x17,x14,x30	 x14:0x00000000 x30:0x0000001b x17=0x00000001
          32422	      1519	80002e56	00e2c9b3	xor	x19,x5,x14	  x5:0x00000010 x14:0x00000000 x19=0x00000010
          32462	      1521	80002e5a	026734b3	mulhu	x9,x14,x6	 x14:0x00000000  x6:0xffc3d582  x9=0x00000000
          32482	      1522	80002e5e	0303fa63	bgeu	x7,x16,80002e92	  x7:0x80025ce4 x16:0xf5d71373
          32502	      1523	80002e62	019d9693	slli	x13,x27,0x19	 x27:0xff843099 x13=0x32000000
          32742	      1535	80002e66	03389e33	mulh	x28,x17,x19	 x17:0x00000001 x19:0x00000010 x28=0x00000000
          32902	      1543	80002e6a	0022abb3	slt	x23,x5,x2	  x5:0x00000010  x2:0x80021e1c x23=0x00000000
          32942	      1545	80002e6e	03c5d6b3	divu	x13,x11,x28	 x11:0x00000000 x28:0x00000000 x13=0xffffffff
          32962	      1546	80002e72	3408abf3	csrrs	x23,mscratch,x17	 x17:0x00000001 x23=0x80003113
          33322	      1564	80002e76	02f60833	mul	x16,x12,x15	 x12:0x00008fff x15:0xd75c4dcc x16=0x14667234
          34062	      1601	80002e7a	037dc833	div	x16,x27,x23	 x27:0xff843099 x23:0x80003113 x16=0x00000000
          34082	      1602	80002e7e	0183d863	bge	x7,x24,80002e8e	  x7:0x80025ce4 x24:0x4ed83e40
          34102	      1603	80002e82	03310c33	mul	x24,x2,x19	  x2:0x80021e1c x19:0x00000010 x24=0x0021e1c0
          34122	      1604	80002e86	4047dbb3	sra	x23,x15,x4	 x15:0xd75c4dcc  x4:0x00000007 x23=0xffaeb89b
          34142	      1605	80002e8a	01097333	and	x6,x18,x16	 x18:0x8ffffffc x16:0x00000000  x6=0x00000000
          34162	      1606	80002e8e	01f14863	blt	x2,x31,80002e9e	  x2:0x80021e1c x31:0x6c3616ed
          41482	      1972	80002e9e	db503813	sltiu	x16,x0,-587	  x0:0x00000000 x16=0x00000001
          41502	      1973	80002ea2	016cd613	srli	x12,x25,0x16	 x25:0x00000000 x12=0x00000000
          41522	      1974	80002ea6	d4d69f37	lui	x30,0xd4d69	 x30=0xd4d69000
          41542	      1975	80002eaa	8c25	c.xor	x8,x9	  x8:0xff843099  x9:0x00000000  x8=0xff843099
          41562	      1976	80002eac	33bce917	auipc	x18,0x33bce	 x18=0xb3bd0eac
          41702	      1983	80002eb0	12bec337	lui	x6,0x12bec	  x6=0x12bec000
          41722	      1984	80002eb4	9d8e1897	auipc	x17,0x9d8e1	 x17=0x1d8e3eb4
          41762	      1986	80002eb8	50710a13	addi	x20,x2,1287	  x2:0x80021e1c x20=0x80022323
          41782	      1987	80002ebc	00161c93	slli	x25,x12,0x1	 x12:0x00000000 x25=0x00000000
          42202	      2008	80002ec0	e28d	c.bnez	x13,80002ee2	 x13:0xffffffff
          43242	      2060	80002ee2	bc086b13	ori	x22,x16,-1088	 x16:0x00000001 x22=0xfffffbc1
          43362	      2066	80002ee6	295def93	ori	x31,x27,661	 x27:0xff843099 x31=0xff84329d
          43382	      2067	80002eea	03821063	bne	x4,x24,80002f0a	  x4:0x00000007 x24:0x0021e1c0
          45182	      2157	80002f0a	413cd713	srai	x14,x25,0x13	 x25:0x00000000 x14=0x00000000
          45202	      2158	80002f0e	ef1d	c.bnez	x14,80002f4c	 x14:0x00000000
          45302	      2163	80002f10	f77d6a13	ori	x20,x26,-137	 x26:0x00000000 x20=0xffffff77
          45402	      2168	80002f14	2b298693	addi	x13,x19,690	 x19:0x00000010 x13=0x000002c2
          45502	      2173	80002f18	007a8e33	add	x28,x21,x7	 x21:0x00000008  x7:0x80025ce4 x28=0x80025cec
          45522	      2174	80002f1c	48b5b993	sltiu	x19,x11,1163	 x11:0x00000000 x19=0x00000001
          45562	      2176	80002f20	8cc6	c.mv	x25,x17	  x0:0x00000000 x17:0x1d8e3eb4 x25=0x1d8e3eb4
          45582	      2177	80002f22	83fd	c.srli	x15,0x1f	 x15:0xd75c4dcc x15=0x00000001
          45842	      2190	80002f24	889e	c.mv	x17,x7	  x0:0x00000000  x7:0x80025ce4 x17=0x80025ce4
          45862	      2191	80002f26	34003bf3	csrrc	x23,mscratch,x0	  x0:0x00000000 x23=0x80003113
          46142	      2205	80002f2a	3401da73	csrrwi	x20,mscratch,3	 x20=0x80003113
          46162	      2206	80002f2e	05e9	c.addi	x11,26	 x11:0x00000000 x11=0x0000001a
          46382	      2217	80002f30	340229f3	csrrs	x19,mscratch,x4	  x4:0x00000007 x19=0x00000003
          46802	      2238	80002f34	e12fba37	lui	x20,0xe12fb	 x20=0xe12fb000
          46962	      2246	80002f38	0001	c.addi	x0,0	  x0:0x00000000  x0=0x00000000
          47382	      2267	80002f3a	340030f3	csrrc	x1,mscratch,x0	  x0:0x00000000  x1=0x00000007
          47402	      2268	80002f3e	0001	c.addi	x0,0	  x0:0x00000000  x0=0x00000000
          47422	      2269	80002f40	8815	c.andi	x8,5	  x8:0xff843099  x8=0x00000001
          47442	      2270	80002f42	01e1d613	srli	x12,x3,0x1e	  x3:0xf5d71373 x12=0x00000003
          47462	      2271	80002f46	841d	c.srai	x8,0x7	  x8:0x00000001  x8=0x00000000
          47482	      2272	80002f48	00980c63	beq	x16,x9,80002f60	 x16:0x00000001  x9:0x00000000
          47502	      2273	80002f4c	96ba	c.add	x13,x14	 x13:0x000002c2 x14:0x00000000 x13=0x000002c2
          47522	      2274	80002f4e	34005df3	csrrwi	x27,mscratch,0	 x27=0x00000007
          47542	      2275	80002f52	03634f63	blt	x6,x22,80002f90	  x6:0x12bec000 x22:0xfffffbc1
          47562	      2276	80002f56	6e55	c.lui	x28,0x15	 x28=0x00015000
          47702	      2283	80002f58	34086473	csrrsi	x8,mscratch,16	  x8=0x00000000
          48022	      2299	80002f5c	0091f8b3	and	x17,x3,x9	  x3:0xf5d71373  x9:0x00000000 x17=0x00000000
          48042	      2300	80002f60	01788a63	beq	x17,x23,80002f74	 x17:0x00000000 x23:0x80003113
          48162	      2306	80002f64	8f29	c.xor	x14,x10	 x14:0x00000000 x10:0xf4ed83e4 x14=0xf4ed83e4
          48182	      2307	80002f66	86b5	c.srai	x13,0xd	 x13:0x000002c2 x13=0x00000000
          48342	      2315	80002f68	340d66f3	csrrsi	x13,mscratch,26	 x13=0x00000010
          48362	      2316	80002f6c	41190233	sub	x4,x18,x17	 x18:0xb3bd0eac x17:0x00000000  x4=0xb3bd0eac
          49162	      2356	80002f70	03b76c33	rem	x24,x14,x27	 x14:0xf4ed83e4 x27:0x00000007 x24=0xfffffffc
          49182	      2357	80002f74	1dfd	c.addi	x27,-1	 x27:0x00000007 x27=0x00000006
          49202	      2358	80002f76	64b9	c.lui	x9,0xe	  x9=0x0000e000
          49222	      2359	80002f78	0001	c.addi	x0,0	  x0:0x00000000  x0=0x00000000
          49962	      2396	80002f7a	0398eb33	rem	x22,x17,x25	 x17:0x00000000 x25:0x1d8e3eb4 x22=0x00000000
          49982	      2397	80002f7e	0001	c.addi	x0,0	  x0:0x00000000  x0=0x00000000
          50002	      2398	80002f80	ce01	c.beqz	x12,80002f98	 x12:0x00000003
          50022	      2399	80002f82	01e61b63	bne	x12,x30,80002f98	 x12:0x00000003 x30:0xd4d69000
          50582	      2427	80002f98	01974233	xor	x4,x14,x25	 x14:0xf4ed83e4 x25:0x1d8e3eb4  x4=0xe963bd50
          51102	      2453	80002f9c	4b92	c.lwsp	x23,4(x2)	  x2:0x80021e1c x23=0x80002fee PA:0x80021e20 load:0x80002fee
          51122	      2454	80002f9e	14fd	c.addi	x9,-1	  x9:0x0000e000  x9=0x0000dfff
          51422	      2469	80002fa0	1b7d	c.addi	x22,-1	 x22:0x00000000 x22=0xffffffff
          51442	      2470	80002fa2	01255093	srli	x1,x10,0x12	 x10:0xf4ed83e4  x1=0x00003d3b
          51462	      2471	80002fa6	8409	c.srai	x8,0x2	  x8:0x00000000  x8=0x00000000
          51482	      2472	80002fa8	0000100f	fence.i	
          51582	      2477	80002fac	03b68733	mul	x14,x13,x27	 x13:0x00000010 x27:0x00000006 x14=0x00000060
          51602	      2478	80002fb0	03c10113	addi	x2,x2,60	  x2:0x80021e1c  x2=0x80021e58
          51642	      2480	80002fb4	034116b3	mulh	x13,x2,x20	  x2:0x80021e58 x20:0xe12fb000 x13=0x0f67e6b8
          51922	      2494	80002fb8	01db4933	xor	x18,x22,x29	 x22:0xffffffff x29:0xf8201b29 x18=0x07dfe4d6
          51942	      2495	80002fbc	001b8893	addi	x17,x23,1	 x23:0x80002fee x17=0x80002fef
          52322	      2514	80002fc0	9882	c.jalr	x17	 x17:0x80002fef  x1=0x80002fc2
          53042	      2550	80002fee	4c75	c.li	x24,29	 x24=0x0000001d
          53962	      2596	80002ff0	02607633	remu	x12,x0,x6	  x0:0x00000000  x6:0x12bec000 x12=0x00000000
          53982	      2597	80002ff4	9c22	c.add	x24,x8	 x24:0x0000001d  x8:0x00000000 x24=0x0000001d
          54002	      2598	80002ff6	03ab81b3	mul	x3,x23,x26	 x23:0x80002fee x26:0x00000000  x3=0x00000000
          54022	      2599	80002ffa	c985	c.beqz	x11,8000302a	 x11:0x0000001a
          54042	      2600	80002ffc	013dcf33	xor	x30,x27,x19	 x27:0x00000006 x19:0x00000003 x30=0x00000005
          54062	      2601	80003000	03c60733	mul	x14,x12,x28	 x12:0x00000000 x28:0x00015000 x14=0x00000000
          54322	      2614	80003004	40f28933	sub	x18,x5,x15	  x5:0x00000010 x15:0x00000001 x18=0x0000000f
          54342	      2615	80003008	054c8363	beq	x25,x20,8000304e	 x25:0x1d8e3eb4 x20:0xe12fb000
          54362	      2616	8000300c	3400e8f3	csrrsi	x17,mscratch,1	 x17=0x0000001a
          54382	      2617	80003010	5b4d8a93	addi	x21,x27,1460	 x27:0x00000006 x21=0x000005ba
          54402	      2618	80003014	000bde93	srli	x29,x23,0x0	 x23:0x80002fee x29=0x80002fee
          54802	      2638	80003018	6931	c.lui	x18,0xc	 x18=0x0000c000
          54822	      2639	8000301a	0000100f	fence.i	
          55842	      2690	8000301e	0294ac33	mulhsu	x24,x9,x9	  x9:0x0000dfff  x9:0x0000dfff x24=0x00000000
          55902	      2693	80003022	a9174b13	xori	x22,x14,-1391	 x14:0x00000000 x22=0xfffffa91
          55922	      2694	80003026	0ff0000f	fence	iorw,iorw	
          55942	      2695	8000302a	00dab433	sltu	x8,x21,x13	 x21:0x000005ba x13:0x0f67e6b8  x8=0x00000001
          55962	      2696	8000302e	0001	c.addi	x0,0	  x0:0x00000000  x0=0x00000000
          55982	      2697	80003030	8c55	c.or	x8,x13	  x8:0x00000001 x13:0x0f67e6b8  x8=0x0f67e6b9
          57102	      2753	80003032	03ea5b33	divu	x22,x20,x30	 x20:0xe12fb000 x30:0x00000005 x22=0x2d098999
          57122	      2754	80003036	0ff0000f	fence	iorw,iorw	
          57142	      2755	8000303a	04e1f163	bgeu	x3,x14,8000307c	  x3:0x00000000 x14:0x00000000
          57222	      2759	8000307c	5aee6713	ori	x14,x28,1454	 x28:0x00015000 x14=0x000155ae
          57242	      2760	80003080	00a51b93	slli	x23,x10,0xa	 x10:0xf4ed83e4 x23=0xb60f9000
          57262	      2761	80003084	2797f237	lui	x4,0x2797f	  x4=0x2797f000
          58322	      2814	80003088	0280f333	remu	x6,x1,x8	  x1:0x80002fc2  x8:0x0f67e6b9  x6=0x04c0f9fa
          58342	      2815	8000308c	9afd	c.andi	x13,-1	 x13:0x0f67e6b8 x13=0x0f67e6b8
          58362	      2816	8000308e	806d	c.srli	x8,0x1b	  x8:0x0f67e6b9  x8=0x00000001
          58402	      2818	80003090	024c16b3	mulh	x13,x24,x4	 x24:0x00000000  x4:0x2797f000 x13=0x00000000
          58422	      2819	80003094	3c808bef	jal	x23,8000b45c	 x23=0x80003098
          58842	      2840	8000b45c	1101	c.addi	x2,-32	  x2:0x80021e58  x2=0x80021e38
          59262	      2861	8000b45e	d6763e93	sltiu	x29,x12,-665	 x12:0x00000000 x29=0x00000001
          59282	      2862	8000b462	0ff0000f	fence	iorw,iorw	
          59302	      2863	8000b466	015d5233	srl	x4,x26,x21	 x26:0x00000000 x21:0x000005ba  x4=0x00000000
          59322	      2864	8000b46a	0001	c.addi	x0,0	  x0:0x00000000  x0=0x00000000
          59482	      2872	8000b46c	c25e	c.swsp	x23,4(x2)	  x2:0x80021e38 x23:0x80003098 PA:0x80021e3c store:0x80003098
          59522	      2874	8000b46e	02b429b3	mulhsu	x19,x8,x11	  x8:0x00000001 x11:0x0000001a x19=0x00000000
          59542	      2875	8000b472	b40a77b7	lui	x15,0xb40a7	 x15=0xb40a7000
          59562	      2876	8000b476	004d6833	or	x16,x26,x4	 x26:0x00000000  x4:0x00000000 x16=0x00000000
          60422	      2919	8000b47a	03b76fb3	rem	x31,x14,x27	 x14:0x000155ae x27:0x00000006 x31=0x00000002
          60442	      2920	8000b47e	26140613	addi	x12,x8,609	  x8:0x00000001 x12=0x00000262
          61182	      2957	8000b482	03f168b3	rem	x17,x2,x31	  x2:0x80021e38 x31:0x00000002 x17=0x00000000
          61922	      2994	8000b486	021577b3	remu	x15,x10,x1	 x10:0xf4ed83e4  x1:0x80002fc2 x15=0x74ed5422
          61942	      2995	8000b48a	a681feb7	lui	x29,0xa681f	 x29=0xa681f000
          61962	      2996	8000b48e	3406e873	csrrsi	x16,mscratch,13	 x16=0x0000001b
          61982	      2997	8000b492	24338c93	addi	x25,x7,579	  x7:0x80025ce4 x25=0x80025f27
          62002	      2998	8000b496	34003bf3	csrrc	x23,mscratch,x0	  x0:0x00000000 x23=0x0000001f
          62022	      2999	8000b49a	41ff0f33	sub	x30,x30,x31	 x30:0x00000005 x31:0x00000002 x30=0x00000003
          62042	      3000	8000b49e	8fdd	c.or	x15,x15	 x15:0x74ed5422 x15:0x74ed5422 x15=0x74ed5422
          62202	      3008	8000b4a0	cf28eb93	ori	x23,x17,-782	 x17:0x00000000 x23=0xfffffcf2
          62222	      3009	8000b4a4	07868e13	addi	x28,x13,120	 x13:0x00000000 x28=0x00000078
          62242	      3010	8000b4a8	01e21663	bne	x4,x30,8000b4b4	  x4:0x00000000 x30:0x00000003
          63282	      3062	8000b4b4	026454b3	divu	x9,x8,x6	  x8:0x00000001  x6:0x04c0f9fa  x9=0x00000000
          63302	      3063	8000b4b8	9b2e	c.add	x22,x11	 x22:0x2d098999 x11:0x0000001a x22=0x2d0989b3
          63322	      3064	8000b4ba	006a55b3	srl	x11,x20,x6	 x20:0xe12fb000  x6:0x04c0f9fa x11=0x00000038
          63342	      3065	8000b4be	340067f3	csrrsi	x15,mscratch,0	 x15=0x0000001f
          63362	      3066	8000b4c2	f28c2b13	slti	x22,x24,-216	 x24:0x00000000 x22=0x00000000
          63382	      3067	8000b4c6	86fd	c.srai	x13,0x1f	 x13:0x00000000 x13=0x00000000
          63402	      3068	8000b4c8	ce01	c.beqz	x12,8000b4e0	 x12:0x00000262
          63542	      3075	8000b4ca	3403f2f3	csrrci	x5,mscratch,7	  x5=0x0000001f
          63562	      3076	8000b4ce	997d	c.andi	x10,-1	 x10:0xf4ed83e4 x10=0xf4ed83e4
          63582	      3077	8000b4d0	011c8e63	beq	x25,x17,8000b4ec	 x25:0x80025f27 x17:0x00000000
          64642	      3130	8000b4d4	0301cc33	div	x24,x3,x16	  x3:0x00000000 x16:0x0000001b x24=0x00000000
          64682	      3132	8000b4d8	0298b0b3	mulhu	x1,x17,x9	 x17:0x00000000  x9:0x00000000  x1=0x00000000
          64722	      3134	8000b4dc	0399b2b3	mulhu	x5,x19,x25	 x19:0x00000000 x25:0x80025f27  x5=0x00000000
          64742	      3135	8000b4e0	0001	c.addi	x0,0	  x0:0x00000000  x0=0x00000000
          64762	      3136	8000b4e2	00a122b3	slt	x5,x2,x10	  x2:0x80021e38 x10:0xf4ed83e4  x5=0x00000001
          64782	      3137	8000b4e6	012e1763	bne	x28,x18,8000b4f4	 x28:0x00000078 x18:0x0000c000
          65122	      3154	8000b4f4	4063d293	srai	x5,x7,0x6	  x7:0x80025ce4  x5=0xfe000973
          65542	      3175	8000b4f8	000d6033	or	x0,x26,x0	 x26:0x00000000  x0:0x00000000  x0=0x00000000
          66382	      3217	8000b4fc	03fcec33	rem	x24,x25,x31	 x25:0x80025f27 x31:0x00000002 x24=0xffffffff
          66402	      3218	8000b500	8f41	c.or	x14,x8	 x14:0x000155ae  x8:0x00000001 x14=0x000155af
          66422	      3219	8000b502	03ec8e33	mul	x28,x25,x30	 x25:0x80025f27 x30:0x00000003 x28=0x80071d75
          66442	      3220	8000b506	03fa8cb3	mul	x25,x21,x31	 x21:0x000005ba x31:0x00000002 x25=0x00000b74
          66462	      3221	8000b50a	002ad093	srli	x1,x21,0x2	 x21:0x000005ba  x1=0x0000016e
          66482	      3222	8000b50e	e089	c.bnez	x9,8000b510	  x9:0x00000000
          66502	      3223	8000b510	01b652b3	srl	x5,x12,x27	 x12:0x00000262 x27:0x00000006  x5=0x00000009
          66522	      3224	8000b514	41c8d433	sra	x8,x17,x28	 x17:0x00000000 x28:0x80071d75  x8=0x00000000
          66722	      3234	8000b518	002f6c63	bltu	x30,x2,8000b530	 x30:0x00000003  x2:0x80021e38
          67182	      3257	8000b530	8e59	c.or	x12,x14	 x12:0x00000262 x14:0x000155af x12=0x000157ef
          67202	      3258	8000b532	0001	c.addi	x0,0	  x0:0x00000000  x0=0x00000000
          67322	      3264	8000b534	03a24963	blt	x4,x26,8000b566	  x4:0x00000000 x26:0x00000000
          67342	      3265	8000b538	0ff0000f	fence	iorw,iorw	
          67482	      3272	8000b53c	1e83cc13	xori	x24,x7,488	  x7:0x80025ce4 x24=0x80025d0c
          67642	      3280	8000b540	0f5e	c.slli	x30,0x17	 x30:0x00000003 x30=0x01800000
          67662	      3281	8000b542	9312	c.add	x6,x4	  x6:0x04c0f9fa  x4:0x00000000  x6=0x04c0f9fa
          68062	      3301	8000b544	34031df3	csrrw	x27,mscratch,x6	  x6:0x04c0f9fa x27=0x00000018
          68102	      3303	8000b548	34041973	csrrw	x18,mscratch,x8	  x8:0x00000000 x18=0x04c0f9fa
          68122	      3304	8000b54c	0001	c.addi	x0,0	  x0:0x00000000  x0=0x00000000
          68322	      3314	8000b54e	34061773	csrrw	x14,mscratch,x12	 x12:0x000157ef x14=0x00000000
          68342	      3315	8000b552	00bd9b33	sll	x22,x27,x11	 x27:0x00000018 x11:0x00000038 x22=0x18000000
          68362	      3316	8000b556	e3d0f017	auipc	x0,0xe3d0f	  x0=0x00000000
          68442	      3320	8000b55a	e536b093	sltiu	x1,x13,-429	 x13:0x00000000  x1=0x00000001
          68482	      3322	8000b55e	02fab033	mulhu	x0,x21,x15	 x21:0x000005ba x15:0x0000001f  x0=0x00000000
          68502	      3323	8000b562	34003ff3	csrrc	x31,mscratch,x0	  x0:0x00000000 x31=0x000157ef
          68522	      3324	8000b566	4bfef613	andi	x12,x29,1215	 x29:0xa681f000 x12=0x00000000
          68682	      3332	8000b56a	00ed5293	srli	x5,x26,0xe	 x26:0x00000000  x5=0x00000000
          68722	      3334	8000b56e	8b7e6b13	ori	x22,x28,-1865	 x28:0x80071d75 x22=0xfffffdf7
          68742	      3335	8000b572	49dd	c.li	x19,23	 x19=0x00000017
          68922	      3344	8000b574	409ed033	sra	x0,x29,x9	 x29:0xa681f000  x9:0x00000000  x0=0x00000000
          68942	      3345	8000b578	6275	c.lui	x4,0x1d	  x4=0x0001d000
          68962	      3346	8000b57a	03010fb3	mul	x31,x2,x16	  x2:0x80021e38 x16:0x0000001b x31=0x80392fe8
          68982	      3347	8000b57e	8e2d	c.xor	x12,x11	 x12:0x00000000 x11:0x00000038 x12=0x00000038
          69082	      3352	8000b580	40d784b3	sub	x9,x15,x13	 x15:0x0000001f x13:0x00000000  x9=0x0000001f
          69102	      3353	8000b584	0001	c.addi	x0,0	  x0:0x00000000  x0=0x00000000
          69122	      3354	8000b586	406700b3	sub	x1,x14,x6	 x14:0x00000000  x6:0x04c0f9fa  x1=0xfb3f0606
          69262	      3361	8000b58a	4b92	c.lwsp	x23,4(x2)	  x2:0x80021e38 x23=0x80003098 PA:0x80021e3c load:0x80003098
          69682	      3382	8000b58c	06c6	c.slli	x13,0x11	 x13:0x00000000 x13=0x00000000
          70102	      3403	8000b58e	0108ac33	slt	x24,x17,x16	 x17:0x00000000 x16:0x0000001b x24=0x00000001
          70122	      3404	8000b592	02e9	c.addi	x5,26	  x5:0x00000000  x5=0x0000001a
          70142	      3405	8000b594	8dc1	c.or	x11,x8	 x11:0x00000038  x8:0x00000000 x11=0x00000038
          70162	      3406	8000b596	6105	c.addi16sp	x2,32	  x2:0x80021e38  x2=0x80021e58
          70222	      3409	8000b598	a3427093	andi	x1,x4,-1484	  x4:0x0001d000  x1=0x0001d000
          70282	      3412	8000b59c	000b8213	addi	x4,x23,0	 x23:0x80003098  x4=0x80003098
          70382	      3417	8000b5a0	00020267	jalr	x4,0(x4)	  x4:0x80003098  x4=0x8000b5a4
          71042	      3450	80003098	0001	c.addi	x0,0	  x0:0x00000000  x0=0x00000000
          71062	      3451	8000309a	ec05	c.bnez	x8,800030d2	  x8:0x00000000
          71222	      3459	8000309c	01f82733	slt	x14,x16,x31	 x16:0x0000001b x31:0x80392fe8 x14=0x00000000
          71242	      3460	800030a0	34002a73	csrrs	x20,mscratch,x0	  x0:0x00000000 x20=0x000157ef
          71262	      3461	800030a4	0ff0000f	fence	iorw,iorw	
          71362	      3466	800030a8	03255963	bge	x10,x18,800030da	 x10:0xf4ed83e4 x18:0x04c0f9fa
          71382	      3467	800030ac	340b5a73	csrrwi	x20,mscratch,22	 x20=0x000157ef
          71422	      3469	800030b0	03ba9cb3	mulh	x25,x21,x27	 x21:0x000005ba x27:0x00000018 x25=0x00000000
          71442	      3470	800030b4	1183fe13	andi	x28,x7,280	  x7:0x80025ce4 x28=0x00000000
          71522	      3474	800030b8	0a6e	c.slli	x20,0x1b	 x20:0x000157ef x20=0x78000000
          71542	      3475	800030ba	01df6a63	bltu	x30,x29,800030ce	 x30:0x01800000 x29:0xa681f000
          72142	      3505	800030ce	01ee6db3	or	x27,x28,x30	 x28:0x00000000 x30:0x01800000 x27=0x01800000
          73122	      3554	800030d2	ae60f493	andi	x9,x1,-1306	  x1:0x0001d000  x9=0x0001d000
          73142	      3555	800030d6	401d0233	sub	x4,x26,x1	 x26:0x00000000  x1:0x0001d000  x4=0xfffe3000
          73162	      3556	800030da	01d73c33	sltu	x24,x14,x29	 x14:0x00000000 x29:0xa681f000 x24=0x00000001
          73182	      3557	800030de	e791	c.bnez	x15,800030ea	 x15:0x0000001f
          73942	      3595	800030ea	340c1673	csrrw	x12,mscratch,x24	 x24:0x00000001 x12=0x00000016
          73962	      3596	800030ee	021d	c.addi	x4,7	  x4:0xfffe3000  x4=0xfffe3007
          74322	      3614	800030f0	84f9	c.srai	x9,0x1e	  x9:0x0001d000  x9=0x00000000
          74342	      3615	800030f2	011f0963	beq	x30,x17,80003104	 x30:0x01800000 x17:0x00000000
          74362	      3616	800030f6	8745	c.srai	x14,0x11	 x14:0x00000000 x14=0x00000000
          74422	      3619	800030f8	0000100f	fence.i	
          75382	      3667	800030fc	0ff0000f	fence	iorw,iorw	
          75402	      3668	80003100	f0b3ab13	slti	x22,x7,-245	  x7:0x80025ce4 x22=0x00000001
          75582	      3677	80003104	167d	c.addi	x12,-1	 x12:0x00000016 x12=0x00000015
          75702	      3683	80003106	007a9f13	slli	x30,x21,0x7	 x21:0x000005ba x30=0x0002dd00
          75982	      3697	8000310a	417bd6b3	sra	x13,x23,x23	 x23:0x80003098 x23:0x80003098 x13=0xffffff80
          76002	      3698	8000310e	8741	c.srai	x14,0x10	 x14:0x00000000 x14=0x00000000
          76022	      3699	80003110	000404b3	add	x9,x8,x0	  x8:0x00000000  x0:0x00000000  x9=0x00000000
          76042	      3700	80003114	6abd	c.lui	x21,0xf	 x21=0x0000f000
          76122	      3704	80003116	03ab5c63	bge	x22,x26,8000314e	 x22:0x00000001 x26:0x00000000
          77122	      3754	8000314e	019adf13	srli	x30,x21,0x19	 x21:0x0000f000 x30=0x00000000
          77142	      3755	80003152	c01d	c.beqz	x8,80003178	  x8:0x00000000
          77582	      3777	80003178	001f6e63	bltu	x30,x1,80003194	 x30:0x00000000  x1:0x0001d000
          77702	      3783	80003194	e505	c.bnez	x10,800031bc	 x10:0xf4ed83e4
          77862	      3791	800031bc	022b31b3	mulhu	x3,x22,x2	 x22:0x00000001  x2:0x80021e58  x3=0x00000000
          77942	      3795	800031c0	011dbcb3	sltu	x25,x27,x17	 x27:0x01800000 x17:0x00000000 x25=0x00000000
          77962	      3796	800031c4	8415	c.srai	x8,0x5	  x8:0x00000000  x8=0x00000000
          78122	      3804	800031c6	0207a833	mulhsu	x16,x15,x0	 x15:0x0000001f  x0:0x00000000 x16=0x00000000
          78862	      3841	800031ca	02ad68b3	rem	x17,x26,x10	 x26:0x00000000 x10:0xf4ed83e4 x17=0x00000000
          78882	      3842	800031ce	091e	c.slli	x18,0x7	 x18:0x04c0f9fa x18=0x607cfd00
          78922	      3844	800031d0	02eb15b3	mulh	x11,x22,x14	 x22:0x00000001 x14:0x00000000 x11=0x00000000
          78942	      3845	800031d4	9b7d	c.andi	x14,-1	 x14:0x00000000 x14=0x00000000
          78962	      3846	800031d6	5c7d	c.li	x24,-1	 x24=0xffffffff
          78982	      3847	800031d8	87f4e213	ori	x4,x9,-1921	  x9:0x00000000  x4=0xfffff87f
          79002	      3848	800031dc	3ed22613	slti	x12,x4,1005	  x4:0xfffff87f x12=0x00000001
          79142	      3855	800031e0	c809	c.beqz	x8,800031f2	  x8:0x00000000
          79742	      3885	800031f2	40edd893	srai	x17,x27,0xe	 x27:0x01800000 x17=0x00000600
          79762	      3886	800031f6	340c9073	csrrw	x0,mscratch,x25	 x25:0x00000000  x0=0x00000000
          79782	      3887	800031fa	00175933	srl	x18,x14,x1	 x14:0x00000000  x1:0x0001d000 x18=0x00000000
          80162	      3906	800031fe	18fe7b13	andi	x22,x28,399	 x28:0x00000000 x22=0x00000000
          80322	      3914	80003202	01f2f633	and	x12,x5,x31	  x5:0x0000001a x31:0x80392fe8 x12=0x00000008
          80342	      3915	80003206	0f95	c.addi	x31,5	 x31:0x80392fe8 x31=0x80392fed
          80442	      3920	80003208	340067f3	csrrsi	x15,mscratch,0	 x15=0x00000000
          80642	      3930	8000320c	03e53633	mulhu	x12,x10,x30	 x10:0xf4ed83e4 x30:0x00000000 x12=0x00000000
          80662	      3931	80003210	6df0c793	xori	x15,x1,1759	  x1:0x0001d000 x15=0x0001d6df
          80762	      3936	80003214	035227b3	mulhsu	x15,x4,x21	  x4:0xfffff87f x21:0x0000f000 x15=0xffffffff
          80802	      3938	80003218	023377b3	remu	x15,x6,x3	  x6:0x04c0f9fa  x3:0x00000000 x15=0x04c0f9fa
          80882	      3942	8000321c	e41de213	ori	x4,x27,-447	 x27:0x01800000  x4=0xfffffe41
          80902	      3943	80003220	412f0bb3	sub	x23,x30,x18	 x30:0x00000000 x18:0x00000000 x23=0x00000000
          80922	      3944	80003224	9452	c.add	x8,x20	  x8:0x00000000 x20:0x78000000  x8=0x78000000
          81082	      3952	80003226	417e5613	srai	x12,x28,0x17	 x28:0x00000000 x12=0x00000000
          81182	      3957	8000322a	79254213	xori	x4,x10,1938	 x10:0xf4ed83e4  x4=0xf4ed8476
          81202	      3958	8000322e	4095	c.li	x1,5	  x1=0x00000005
          81362	      3966	80003230	4199ddb3	sra	x27,x19,x25	 x19:0x00000017 x25:0x00000000 x27=0x00000017
          81382	      3967	80003234	864d	c.srai	x12,0x13	 x12:0x00000000 x12=0x00000000
          81402	      3968	80003236	8d51	c.or	x10,x12	 x10:0xf4ed83e4 x12:0x00000000 x10=0xf4ed83e4
          81422	      3969	80003238	0001	c.addi	x0,0	  x0:0x00000000  x0=0x00000000
          81442	      3970	8000323a	815d	c.srli	x10,0x17	 x10:0xf4ed83e4 x10=0x000001e9
          81862	      3991	8000323c	030afa33	remu	x20,x21,x16	 x21:0x0000f000 x16:0x00000000 x20=0x0000f000
          81982	      3997	80003240	010130b3	sltu	x1,x2,x16	  x2:0x80021e58 x16:0x00000000  x1=0x00000000
          82002	      3998	80003244	0001	c.addi	x0,0	  x0:0x00000000  x0=0x00000000
          82022	      3999	80003246	6829	c.lui	x16,0xa	 x16=0x0000a000
          82042	      4000	80003248	340328f3	csrrs	x17,mscratch,x6	  x6:0x04c0f9fa x17=0x00000000
          82062	      4001	8000324c	0000100f	fence.i	
          83262	      4061	80003250	03d57e33	remu	x28,x10,x29	 x10:0x000001e9 x29:0xa681f000 x28=0x000001e9
          83282	      4062	80003254	03b79363	bne	x15,x27,8000327a	 x15:0x04c0f9fa x27:0x00000017
          83742	      4085	8000327a	0ff0000f	fence	iorw,iorw	
          84022	      4099	8000327e	40f40f33	sub	x30,x8,x15	  x8:0x78000000 x15:0x04c0f9fa x30=0x733f0606
          84082	      4102	80003282	04734563	blt	x6,x7,800032cc	  x6:0x04c0f9fa  x7:0x80025ce4
          84122	      4104	80003286	02bf4ab3	div	x21,x30,x11	 x30:0x733f0606 x11:0x00000000 x21=0xffffffff
          84522	      4124	8000328a	95cbafb7	lui	x31,0x95cba	 x31=0x95cba000
          84542	      4125	8000328e	5702a013	slti	x0,x5,1392	  x5:0x0000001a  x0=0x00000000
          84562	      4126	80003292	0001	c.addi	x0,0	  x0:0x00000000  x0=0x00000000
          84622	      4129	80003294	85d9	c.srai	x11,0x16	 x11:0x00000000 x11=0x00000000
          84642	      4130	80003296	01cce6b3	or	x13,x25,x28	 x25:0x00000000 x28:0x000001e9 x13=0x000001e9
          84662	      4131	8000329a	fef27993	andi	x19,x4,-17	  x4:0xf4ed8476 x19=0xf4ed8466
          84682	      4132	8000329e	8ebd	c.xor	x13,x15	 x13:0x000001e9 x15:0x04c0f9fa x13=0x04c0f813
          85102	      4153	800032a0	031bc033	div	x0,x23,x17	 x23:0x00000000 x17:0x00000000  x0=0x00000000
          85122	      4154	800032a4	00021663	bne	x4,x0,800032b0	  x4:0xf4ed8476  x0:0x00000000
          85362	      4166	800032b0	e0367617	auipc	x12,0xe0367	 x12=0x6036a2b0
          85582	      4177	800032b4	3401b373	csrrc	x6,mscratch,x3	  x3:0x00000000  x6=0x04c0f9fa
          85602	      4178	800032b8	49f23d93	sltiu	x27,x4,1183	  x4:0xf4ed8476 x27=0x00000000
          85722	      4184	800032bc	0000100f	fence.i	
          86762	      4236	800032c0	02df4233	div	x4,x30,x13	 x30:0x733f0606 x13:0x04c0f813  x4=0x00000018
          86782	      4237	800032c4	16cbea93	ori	x21,x23,364	 x23:0x00000000 x21=0x0000016c
          86802	      4238	800032c8	014dc033	xor	x0,x27,x20	 x27:0x00000000 x20:0x0000f000  x0=0x00000000
          86822	      4239	800032cc	00416bb3	or	x23,x2,x4	  x2:0x80021e58  x4:0x00000018 x23=0x80021e58
          86842	      4240	800032d0	9ce27893	andi	x17,x4,-1586	  x4:0x00000018 x17=0x00000008
          87582	      4277	800032d4	035f5bb3	divu	x23,x30,x21	 x30:0x733f0606 x21:0x0000016c x23=0x00510d61
          87602	      4278	800032d8	8e3756b7	lui	x13,0x8e375	 x13=0x8e375000
          87622	      4279	800032dc	0000100f	fence.i	
          87702	      4283	800032e0	3402adf3	csrrs	x27,mscratch,x5	  x5:0x0000001a x27=0x04c0f9fa
          87722	      4284	800032e4	01fe1bb3	sll	x23,x28,x31	 x28:0x000001e9 x31:0x95cba000 x23=0x000001e9
          87882	      4292	800032e8	014db7b3	sltu	x15,x27,x20	 x27:0x04c0f9fa x20:0x0000f000 x15=0x00000000
          87982	      4297	800032ec	03ada233	mulhsu	x4,x27,x26	 x27:0x04c0f9fa x26:0x00000000  x4=0x00000000
          88002	      4298	800032f0	defce013	ori	x0,x25,-529	 x25:0x00000000  x0=0x00000000
          88062	      4301	800032f4	01dd	c.addi	x3,23	  x3:0x00000000  x3=0x00000017
          88202	      4308	800032f6	03ffa9b3	mulhsu	x19,x31,x31	 x31:0x95cba000 x31:0x95cba000 x19=0xc1db0a37
          88222	      4309	800032fa	8f6d	c.and	x14,x11	 x14:0x00000000 x11:0x00000000 x14=0x00000000
          88502	      4323	800032fc	01714263	blt	x2,x23,80003300	  x2:0x80021e58 x23:0x000001e9
          88982	      4347	80003300	4033d713	srai	x14,x7,0x3	  x7:0x80025ce4 x14=0xf0004b9c
          89002	      4348	80003304	28288f97	auipc	x31,0x28288	 x31=0xa828b304
          89022	      4349	80003308	00457d63	bgeu	x10,x4,80003322	 x10:0x000001e9  x4:0x00000000
          89282	      4362	80003322	8fcd	c.or	x15,x11	 x15:0x00000000 x11:0x00000000 x15=0x00000000
          89302	      4363	80003324	00e61563	bne	x12,x14,8000332e	 x12:0x6036a2b0 x14:0xf0004b9c
          89782	      4387	8000332e	619e7293	andi	x5,x28,1561	 x28:0x000001e9  x5=0x00000009
          89822	      4389	80003332	02121233	mulh	x4,x4,x1	  x4:0x00000000  x1:0x00000000  x4=0x00000000
          89862	      4391	80003336	7d396913	ori	x18,x18,2003	 x18:0x00000000 x18=0x000007d3
          89902	      4393	8000333a	84482537	lui	x10,0x84482	 x10=0x84482000
          89942	      4395	8000333e	02979533	mulh	x10,x15,x9	 x15:0x00000000  x9:0x00000000 x10=0x00000000
          90682	      4432	80003342	02d57733	remu	x14,x10,x13	 x10:0x00000000 x13:0x8e375000 x14=0x00000000
          90702	      4433	80003346	7fd345b7	lui	x11,0x7fd34	 x11=0x7fd34000
          90722	      4434	8000334a	8595	c.srai	x11,0x5	 x11:0x7fd34000 x11=0x03fe9a00
          90742	      4435	8000334c	01d2d893	srli	x17,x5,0x1d	  x5:0x00000009 x17=0x00000000
          90762	      4436	80003350	fa216a37	lui	x20,0xfa216	 x20=0xfa216000
          90782	      4437	80003354	92b2	c.add	x5,x12	  x5:0x00000009 x12:0x6036a2b0  x5=0x6036a2b9
          90802	      4438	80003356	015f9c63	bne	x31,x21,8000336e	 x31:0xa828b304 x21:0x0000016c
          91322	      4464	8000336e	4030db93	srai	x23,x1,0x3	  x1:0x00000000 x23=0x00000000
          91342	      4465	80003372	987d	c.andi	x8,-1	  x8:0x78000000  x8=0x78000000
          91362	      4466	80003374	00b99a33	sll	x20,x19,x11	 x19:0xc1db0a37 x11:0x03fe9a00 x20=0xc1db0a37
          91382	      4467	80003378	8f39	c.xor	x14,x14	 x14:0x00000000 x14:0x00000000 x14=0x00000000
          92282	      4512	8000337a	02b67033	remu	x0,x12,x11	 x12:0x6036a2b0 x11:0x03fe9a00  x0=0x00000000
          92302	      4513	8000337e	005cf763	bgeu	x25,x5,8000338c	 x25:0x00000000  x5:0x6036a2b9
          92322	      4514	80003382	47e1	c.li	x15,24	 x15=0x00000018
          92342	      4515	80003384	002ad713	srli	x14,x21,0x2	 x21:0x0000016c x14=0x0000005b
          92382	      4517	80003388	02a2cdb3	div	x27,x5,x10	  x5:0x6036a2b9 x10:0x00000000 x27=0xffffffff
          92402	      4518	8000338c	00ab87b3	add	x15,x23,x10	 x23:0x00000000 x10:0x00000000 x15=0x00000000
          93142	      4555	80003390	03e1c033	div	x0,x3,x30	  x3:0x00000017 x30:0x733f0606  x0=0x00000000
          93162	      4556	80003394	ee536637	lui	x12,0xee536	 x12=0xee536000
          93182	      4557	80003398	8ccd	c.or	x9,x11	  x9:0x00000000 x11:0x03fe9a00  x9=0x03fe9a00
          93202	      4558	8000339a	416c5893	srai	x17,x24,0x16	 x24:0xffffffff x17=0xffffffff
          93222	      4559	8000339e	00b70433	add	x8,x14,x11	 x14:0x0000005b x11:0x03fe9a00  x8=0x03fe9a5b
          93302	      4563	800033a2	01b1b8b3	sltu	x17,x3,x27	  x3:0x00000017 x27:0xffffffff x17=0x00000001
          93502	      4573	800033a6	66b66b13	ori	x22,x12,1643	 x12:0xee536000 x22=0xee53666b
          93702	      4583	800033aa	03a3eb33	rem	x22,x7,x26	  x7:0x80025ce4 x26:0x00000000 x22=0x80025ce4
          93722	      4584	800033ae	8a1a	c.mv	x20,x6	  x0:0x00000000  x6:0x04c0f9fa x20=0x04c0f9fa
          93742	      4585	800033b0	882d	c.andi	x8,11	  x8:0x03fe9a5b  x8=0x0000000b
          93762	      4586	800033b2	0222	c.slli	x4,0x8	  x4:0x00000000  x4=0x00000000
          94122	      4604	800033b4	ca9d	c.beqz	x13,800033ea	 x13:0x8e375000
          94142	      4605	800033b6	687d	c.lui	x16,0x1f	 x16=0x0001f000
          94262	      4611	800033b8	0ff0000f	fence	iorw,iorw	
          94422	      4619	800033bc	8581f813	andi	x16,x3,-1960	  x3:0x00000017 x16=0x00000010
          94482	      4622	800033c0	eca1eeb7	lui	x29,0xeca1e	 x29=0xeca1e000
          94562	      4626	800033c4	779841b7	lui	x3,0x77984	  x3=0x77984000
          94982	      4647	800033c8	05cac163	blt	x21,x28,8000340a	 x21:0x0000016c x28:0x000001e9
          96782	      4737	8000340a	03e470b3	remu	x1,x8,x30	  x8:0x0000000b x30:0x733f0606  x1=0x0000000b
          96802	      4738	8000340e	9afd	c.andi	x13,-1	 x13:0x8e375000 x13=0x8e375000
          96842	      4740	80003410	0305b4b3	mulhu	x9,x11,x16	 x11:0x03fe9a00 x16:0x00000010  x9=0x00000000
          96862	      4741	80003414	bebcde97	auipc	x29,0xbebcd	 x29=0x3ebd0414
          96882	      4742	80003418	0001	c.addi	x0,0	  x0:0x00000000  x0=0x00000000
          96902	      4743	8000341a	8cd1	c.or	x9,x12	  x9:0x00000000 x12:0xee536000  x9=0xee536000
          96922	      4744	8000341c	bbf3c413	xori	x8,x7,-1089	  x7:0x80025ce4  x8=0x7ffda75b
          97662	      4781	80003420	0361f8b3	remu	x17,x3,x22	  x3:0x77984000 x22:0x80025ce4 x17=0x77984000
          97682	      4782	80003424	9a3a	c.add	x20,x14	 x20:0x04c0f9fa x14:0x0000005b x20=0x04c0fa55
          97702	      4783	80003426	4ada4993	xori	x19,x20,1197	 x20:0x04c0fa55 x19=0x04c0fef8
          97742	      4785	8000342a	02ee1c33	mulh	x24,x28,x14	 x28:0x000001e9 x14:0x0000005b x24=0x00000000
          97802	      4788	8000342e	0e414993	xori	x19,x2,228	  x2:0x80021e58 x19=0x80021ebc
          97902	      4793	80003432	028bb833	mulhu	x16,x23,x8	 x23:0x00000000  x8:0x7ffda75b x16=0x00000000
          98142	      4805	80003436	02dbadb3	mulhsu	x27,x23,x13	 x23:0x00000000 x13:0x8e375000 x27=0x00000000
          98162	      4806	8000343a	015f3633	sltu	x12,x30,x21	 x30:0x733f0606 x21:0x0000016c x12=0x00000000
          98182	      4807	8000343e	aadb0413	addi	x8,x22,-1363	 x22:0x80025ce4  x8=0x80025791
          98202	      4808	80003442	a082d297	auipc	x5,0xa082d	  x5=0x20830442
          98222	      4809	80003446	8cd5	c.or	x9,x13	  x9:0xee536000 x13:0x8e375000  x9=0xee777000
          98242	      4810	80003448	8a2a	c.mv	x20,x10	  x0:0x00000000 x10:0x00000000 x20=0x00000000
          98262	      4811	8000344a	340876f3	csrrci	x13,mscratch,16	 x13=0x04c0f9fa
          98402	      4818	8000344e	000d7763	bgeu	x26,x0,8000345c	 x26:0x00000000  x0:0x00000000
          98822	      4839	8000345c	85ca	c.mv	x11,x18	  x0:0x00000000 x18:0x000007d3 x11=0x000007d3
          99222	      4859	8000345e	340074f3	csrrci	x9,mscratch,0	  x9=0x04c0f9ea
          99242	      4860	80003462	0001	c.addi	x0,0	  x0:0x00000000  x0=0x00000000
          99262	      4861	80003464	340029f3	csrrs	x19,mscratch,x0	  x0:0x00000000 x19=0x04c0f9ea
          99282	      4862	80003468	00a7a933	slt	x18,x15,x10	 x15:0x00000000 x10:0x00000000 x18=0x00000000
          99682	      4882	8000346c	34047573	csrrci	x10,mscratch,8	 x10=0x04c0f9ea
         100082	      4902	80003470	00f4dfb3	srl	x31,x9,x15	  x9:0x04c0f9ea x15:0x00000000 x31=0x04c0f9ea
         100102	      4903	80003474	003b2f33	slt	x30,x22,x3	 x22:0x80025ce4  x3:0x77984000 x30=0x00000001
         100122	      4904	80003478	41f55a33	sra	x20,x10,x31	 x10:0x04c0f9ea x31:0x04c0f9ea x20=0x0001303e
         100142	      4905	8000347c	40b782b3	sub	x5,x15,x11	 x15:0x00000000 x11:0x000007d3  x5=0xfffff82d
         100342	      4915	80003480	01679c63	bne	x15,x22,80003498	 x15:0x00000000 x22:0x80025ce4
         101522	      4974	80003498	01d5dab3	srl	x21,x11,x29	 x11:0x000007d3 x29:0x3ebd0414 x21=0x00000000
         101542	      4975	8000349c	00d2	c.slli	x1,0x14	  x1:0x0000000b  x1=0x00b00000
         101962	      4996	8000349e	03bbd1b3	divu	x3,x23,x27	 x23:0x00000000 x27:0x00000000  x3=0xffffffff
         102002	      4998	800034a2	024f2033	mulhsu	x0,x30,x4	 x30:0x00000001  x4:0x00000000  x0=0x00000000
         102082	      5002	800034a6	41135d93	srai	x27,x6,0x11	  x6:0x04c0f9fa x27=0x00000260
         102182	      5007	800034aa	3c587693	andi	x13,x16,965	 x16:0x00000000 x13=0x00000000
         102602	      5028	800034ae	3405d8f3	csrrwi	x17,mscratch,11	 x17=0x04c0f9e2
         102942	      5045	800034b2	01ff5313	srli	x6,x30,0x1f	 x30:0x00000001  x6=0x00000000
         102962	      5046	800034b6	6ab9	c.lui	x21,0xe	 x21=0x0000e000
         102982	      5047	800034b8	4f706413	ori	x8,x0,1271	  x0:0x00000000  x8=0x000004f7
         103002	      5048	800034bc	00105863	bge	x0,x1,800034cc	  x0:0x00000000  x1:0x00b00000
         103082	      5052	800034c0	340b5773	csrrwi	x14,mscratch,22	 x14=0x0000000b
         103102	      5053	800034c4	85ed	c.srai	x11,0x1b	 x11:0x000007d3 x11=0x00000000
         103342	      5065	800034c6	02492a33	mulhsu	x20,x18,x4	 x18:0x00000000  x4:0x00000000 x20=0x00000000
         103362	      5066	800034ca	8cf9	c.and	x9,x14	  x9:0x04c0f9ea x14:0x0000000b  x9=0x0000000a
         103382	      5067	800034cc	4d8d	c.li	x27,3	 x27=0x00000003
         103402	      5068	800034ce	01893633	sltu	x12,x18,x24	 x18:0x00000000 x24:0x00000000 x12=0x00000000
         103422	      5069	800034d2	cf6f0e13	addi	x28,x30,-778	 x30:0x00000001 x28=0xfffffcf7
         103502	      5073	800034d6	01535f93	srli	x31,x6,0x15	  x6:0x00000000 x31=0x00000000
         103522	      5074	800034da	33838497	auipc	x9,0x33838	  x9=0xb383b4da
         103642	      5080	800034de	0ff0000f	fence	iorw,iorw	
         103662	      5081	800034e2	34006ef3	csrrsi	x29,mscratch,0	 x29=0x00000016
         103682	      5082	800034e6	8fa5	c.xor	x15,x9	 x15:0x00000000  x9:0xb383b4da x15=0xb383b4da
         103722	      5084	800034e8	5e7d	c.li	x28,-1	 x28=0xffffffff
         103742	      5085	800034ea	0178ce63	blt	x17,x23,80003506	 x17:0x04c0f9e2 x23:0x00000000
         103822	      5089	800034ee	3401e473	csrrsi	x8,mscratch,3	  x8=0x00000016
         103842	      5090	800034f2	02b91763	bne	x18,x11,80003520	 x18:0x00000000 x11:0x00000000
         103862	      5091	800034f6	99ea	c.add	x19,x26	 x19:0x04c0f9ea x26:0x00000000 x19=0x04c0f9ea
         104022	      5099	800034f8	222f6193	ori	x3,x30,546	 x30:0x00000001  x3=0x00000223
         104102	      5103	800034fc	086e	c.slli	x16,0x1b	 x16:0x00000000 x16=0x00000000
         104122	      5104	800034fe	41558a33	sub	x20,x11,x21	 x11:0x00000000 x21:0x0000e000 x20=0xffff2000
         104562	      5126	80003502	027ede63	bge	x29,x7,8000353e	 x29:0x00000016  x7:0x80025ce4
         105042	      5150	8000353e	0001	c.addi	x0,0	  x0:0x00000000  x0=0x00000000
         105482	      5172	80003540	3409d7f3	csrrwi	x15,mscratch,19	 x15=0x00000017
         105842	      5190	80003544	41428333	sub	x6,x5,x20	  x5:0xfffff82d x20:0xffff2000  x6=0x0000d82d
         105862	      5191	80003548	03dd8c33	mul	x24,x27,x29	 x27:0x00000003 x29:0x00000016 x24=0x00000042
         105882	      5192	8000354c	01765893	srli	x17,x12,0x17	 x12:0x00000000 x17=0x00000000
         106302	      5213	80003550	5ffd	c.li	x31,-1	 x31=0xffffffff
         106362	      5216	80003552	003ba1b3	slt	x3,x23,x3	 x23:0x00000000  x3:0x00000223  x3=0x00000001
         106382	      5217	80003556	801d	c.srli	x8,0x7	  x8:0x00000016  x8=0x00000000
         106402	      5218	80003558	340256f3	csrrwi	x13,mscratch,4	 x13=0x00000013
         106422	      5219	8000355c	00046633	or	x12,x8,x0	  x8:0x00000000  x0:0x00000000 x12=0x00000000
         106602	      5228	80003560	8ea5	c.xor	x13,x9	 x13:0x00000013  x9:0xb383b4da x13=0xb383b4c9
         106782	      5237	80003562	01b812b3	sll	x5,x16,x27	 x16:0x00000000 x27:0x00000003  x5=0x00000000
         106802	      5238	80003566	29016a97	auipc	x21,0x29016	 x21=0xa9019566
         106822	      5239	8000356a	03b6c663	blt	x13,x27,80003596	 x13:0xb383b4c9 x27:0x00000003
         107582	      5277	80003596	b4e63593	sltiu	x11,x12,-1202	 x12:0x00000000 x11=0x00000001
         107602	      5278	8000359a	9b2e	c.add	x22,x11	 x22:0x80025ce4 x11:0x00000001 x22=0x80025ce5
         107622	      5279	8000359c	d9f0c293	xori	x5,x1,-609	  x1:0x00b00000  x5=0xff4ffd9f
         107822	      5289	800035a0	340358f3	csrrwi	x17,mscratch,6	 x17=0x00000004
         107842	      5290	800035a4	e519	c.bnez	x10,800035b2	 x10:0x04c0f9ea
         108602	      5328	800035b2	0000100f	fence.i	
         109362	      5366	800035b6	012510b3	sll	x1,x10,x18	 x10:0x04c0f9ea x18:0x00000000  x1=0x04c0f9ea
         109382	      5367	800035ba	8f31	c.xor	x14,x12	 x14:0x0000000b x12:0x00000000 x14=0x0000000b
         110122	      5404	800035bc	0273ee33	rem	x28,x7,x7	  x7:0x80025ce4  x7:0x80025ce4 x28=0x00000000
         110862	      5441	800035c0	034477b3	remu	x15,x8,x20	  x8:0x00000000 x20:0xffff2000 x15=0x00000000
         114222	      5609	800035c4	0336e763	bltu	x13,x19,800035f2	 x13:0xb383b4c9 x19:0x04c0f9ea
         114242	      5610	800035c8	a8bc3513	sltiu	x10,x24,-1397	 x24:0x00000042 x10=0x00000001
         114262	      5611	800035cc	017eff33	and	x30,x29,x23	 x29:0x00000016 x23:0x00000000 x30=0x00000000
         114282	      5612	800035d0	00bc5d93	srli	x27,x24,0xb	 x24:0x00000042 x27=0x00000000
         114302	      5613	800035d4	41810e33	sub	x28,x2,x24	  x2:0x80021e58 x24:0x00000042 x28=0x80021e16
         114422	      5619	800035d8	e51d	c.bnez	x10,80003606	 x10:0x00000001
         115062	      5651	80003606	84fd	c.srai	x9,0x1f	  x9:0xb383b4da  x9=0xffffffff
         115802	      5688	80003608	340066f3	csrrsi	x13,mscratch,0	 x13=0x00000006
         115822	      5689	8000360c	e689	c.bnez	x13,80003616	 x13:0x00000006
         116182	      5707	80003616	91f2	c.add	x3,x28	  x3:0x00000001 x28:0x80021e16  x3=0x80021e17
         116222	      5709	80003618	8c55	c.or	x8,x13	  x8:0x00000000 x13:0x00000006  x8=0x00000006
         116662	      5731	8000361a	029d92b3	mulh	x5,x27,x9	 x27:0x00000000  x9:0xffffffff  x5=0x00000000
         116682	      5732	8000361e	00cf5693	srli	x13,x30,0xc	 x30:0x00000000 x13=0x00000000
         116842	      5740	80003622	34007e73	csrrci	x28,mscratch,0	 x28=0x00000006
         116982	      5747	80003626	340b66f3	csrrsi	x13,mscratch,22	 x13=0x00000006
         117002	      5748	8000362a	824d	c.srli	x12,0x13	 x12:0x00000000 x12=0x00000000
         117342	      5765	8000362c	ce15	c.beqz	x12,80003668	 x12:0x00000000
         117662	      5781	80003668	031bf963	bgeu	x23,x17,8000369a	 x23:0x00000000 x17:0x00000004
         117702	      5783	8000366c	034e36b3	mulhu	x13,x28,x20	 x28:0x00000006 x20:0xffff2000 x13=0x00000005
         117722	      5784	80003670	00c85ab3	srl	x21,x16,x12	 x16:0x00000000 x12:0x00000000 x21=0x00000000
         117742	      5785	80003674	03ac4e63	blt	x24,x26,800036b0	 x24:0x00000042 x26:0x00000000
         117782	      5787	80003678	025aeab3	rem	x21,x21,x5	 x21:0x00000000  x5:0x00000000 x21=0x00000000
         117822	      5789	8000367c	8a0d	c.andi	x12,3	 x12:0x00000000 x12=0x00000000
         117982	      5797	8000367e	3710aa93	slti	x21,x1,881	  x1:0x04c0f9ea x21=0x00000000
         118002	      5798	80003682	000a5363	bge	x20,x0,80003688	 x20:0xffff2000  x0:0x00000000
         118022	      5799	80003686	861e	c.mv	x12,x7	  x0:0x00000000  x7:0x80025ce4 x12=0x80025ce4
         118042	      5800	80003688	00f1a533	slt	x10,x3,x15	  x3:0x80021e17 x15:0x00000000 x10=0x00000001
         118062	      5801	8000368c	017d8d63	beq	x27,x23,800036a6	 x27:0x00000000 x23:0x00000000
         119462	      5871	800036a6	03d8ffb3	remu	x31,x17,x29	 x17:0x00000004 x29:0x00000016 x31=0x00000004
         119482	      5872	800036aa	05fe	c.slli	x11,0x1f	 x11:0x00000001 x11=0x80000000
         119502	      5873	800036ac	34006073	csrrsi	x0,mscratch,0	  x0=0x00000000
         119522	      5874	800036b0	0efd	c.addi	x29,31	 x29:0x00000016 x29=0x00000035
         119542	      5875	800036b2	3401f5f3	csrrci	x11,mscratch,3	 x11=0x00000016
         119562	      5876	800036b6	c805	c.beqz	x8,800036e6	  x8:0x00000006
         119582	      5877	800036b8	01203ab3	sltu	x21,x0,x18	  x0:0x00000000 x18:0x00000000 x21=0x00000000
         119602	      5878	800036bc	9a9e3413	sltiu	x8,x28,-1623	 x28:0x00000006  x8=0x00000001
         119822	      5889	800036c0	019e6933	or	x18,x28,x25	 x28:0x00000006 x25:0x00000000 x18=0x00000006
         119902	      5893	800036c4	00bb60b3	or	x1,x22,x11	 x22:0x80025ce5 x11:0x00000016  x1=0x80025cf7
         120322	      5914	800036c8	00091913	slli	x18,x18,0x0	 x18:0x00000006 x18=0x00000006
         120382	      5917	800036cc	0204f493	andi	x9,x9,32	  x9:0xffffffff  x9=0x00000020
         120582	      5927	800036d0	014d1293	slli	x5,x26,0x14	 x26:0x00000000  x5=0x00000000
         120602	      5928	800036d4	0075d293	srli	x5,x11,0x7	 x11:0x00000016  x5=0x00000000
         120762	      5936	800036d8	49d9	c.li	x19,22	 x19=0x00000016
         121182	      5957	800036da	03281363	bne	x16,x18,80003700	 x16:0x00000000 x18:0x00000006
         121902	      5993	80003700	34025c73	csrrwi	x24,mscratch,4	 x24=0x00000014
         121922	      5994	80003704	4de1	c.li	x27,24	 x27=0x00000018
         121942	      5995	80003706	e085	c.bnez	x9,80003726	  x9:0x00000020
         123102	      6053	80003726	030e9563	bne	x29,x16,80003750	 x29:0x00000035 x16:0x00000000
         123622	      6079	80003750	018899b3	sll	x19,x17,x24	 x17:0x00000004 x24:0x00000014 x19=0x00400000
         123682	      6082	80003754	0056db13	srli	x22,x13,0x5	 x13:0x00000005 x22=0x00000000
         123702	      6083	80003758	006d5193	srli	x3,x26,0x6	 x26:0x00000000  x3=0x00000000
         123722	      6084	8000375c	001442b3	xor	x5,x8,x1	  x8:0x00000001  x1:0x80025cf7  x5=0x80025cf6
         123742	      6085	80003760	03650063	beq	x10,x22,80003780	 x10:0x00000001 x22:0x00000000
         123762	      6086	80003764	0eb5	c.addi	x29,13	 x29:0x00000035 x29=0x00000042
         123782	      6087	80003766	8fc9	c.or	x15,x10	 x15:0x00000000 x10:0x00000001 x15=0x00000001
         123962	      6096	80003768	011dd493	srli	x9,x27,0x11	 x27:0x00000018  x9=0x00000000
         123982	      6097	8000376c	42992693	slti	x13,x18,1065	 x18:0x00000006 x13=0x00000001
         124122	      6104	80003770	9376	c.add	x6,x29	  x6:0x0000d82d x29:0x00000042  x6=0x0000d86f
         124142	      6105	80003772	9afd	c.andi	x13,-1	 x13:0x00000001 x13=0x00000001
         124522	      6124	80003774	34006df3	csrrsi	x27,mscratch,0	 x27=0x00000004
         124602	      6128	80003778	0616	c.slli	x12,0x5	 x12:0x80025ce4 x12=0x004b9c80
         124622	      6129	8000377a	8c56	c.mv	x24,x21	  x0:0x00000000 x21:0x00000000 x24=0x00000000
         125022	      6149	8000377c	0000100f	fence.i	
         125422	      6169	80003780	4cf5	c.li	x25,29	 x25=0x0000001d
         125502	      6173	80003782	0000100f	fence.i	
         127362	      6266	80003786	0322c633	div	x12,x5,x18	  x5:0x80025cf6 x18:0x00000006 x12=0xeaab0f7f
         127382	      6267	8000378a	8059	c.srli	x8,0x16	  x8:0x00000001  x8=0x00000000
         127402	      6268	8000378c	41a85c13	srai	x24,x16,0x1a	 x16:0x00000000 x24=0x00000000
         127422	      6269	80003790	01be7463	bgeu	x28,x27,80003798	 x28:0x00000006 x27:0x00000004
         127502	      6273	80003798	00d03eb3	sltu	x29,x0,x13	  x0:0x00000000 x13:0x00000001 x29=0x00000001
         127542	      6275	8000379c	0295dbb3	divu	x23,x11,x9	 x11:0x00000016  x9:0x00000000 x23=0xffffffff
         127682	      6282	800037a0	01e95663	bge	x18,x30,800037ac	 x18:0x00000006 x30:0x00000000
         128522	      6324	800037ac	403dd033	sra	x0,x27,x3	 x27:0x00000004  x3:0x00000000  x0=0x00000000
         128842	      6340	800037b0	02a0bcb3	mulhu	x25,x1,x10	  x1:0x80025cf7 x10:0x00000001 x25=0x00000000
         129022	      6349	800037b4	3188e293	ori	x5,x17,792	 x17:0x00000004  x5=0x0000031c
         129162	      6356	800037b8	0ff0000f	fence	iorw,iorw	
         129182	      6357	800037bc	0001	c.addi	x0,0	  x0:0x00000000  x0=0x00000000
         129202	      6358	800037be	0001	c.addi	x0,0	  x0:0x00000000  x0=0x00000000
         129222	      6359	800037c0	8ab5	c.andi	x13,13	 x13:0x00000001 x13=0x00000001
         129282	      6362	800037c2	01187f33	and	x30,x16,x17	 x16:0x00000000 x17:0x00000004 x30=0x00000000
         129302	      6363	800037c6	8e81	c.sub	x13,x8	 x13:0x00000001  x8:0x00000000 x13=0x00000001
         129422	      6369	800037c8	01e6d713	srli	x14,x13,0x1e	 x13:0x00000001 x14=0x00000000
         129442	      6370	800037cc	7ea75517	auipc	x10,0x7ea75	 x10=0xfea787cc
         130402	      6418	800037d0	03366bb3	rem	x23,x12,x19	 x12:0xeaab0f7f x19:0x00400000 x23=0xffeb0f7f
         130422	      6419	800037d4	0001	c.addi	x0,0	  x0:0x00000000  x0=0x00000000
         130442	      6420	800037d6	8d69	c.and	x10,x10	 x10:0xfea787cc x10:0xfea787cc x10=0xfea787cc
         130462	      6421	800037d8	0001	c.addi	x0,0	  x0:0x00000000  x0=0x00000000
         130482	      6422	800037da	81d6	c.mv	x3,x21	  x0:0x00000000 x21:0x00000000  x3=0x00000000
         130502	      6423	800037dc	0128c233	xor	x4,x17,x18	 x17:0x00000004 x18:0x00000006  x4=0x00000002
         130522	      6424	800037e0	8b42	c.mv	x22,x16	  x0:0x00000000 x16:0x00000000 x22=0x00000000
         130542	      6425	800037e2	340b99f3	csrrw	x19,mscratch,x23	 x23:0xffeb0f7f x19=0x00000004
         130562	      6426	800037e6	c411	c.beqz	x8,800037f2	  x8:0x00000000
         131202	      6458	800037f2	404c0233	sub	x4,x24,x4	 x24:0x00000000  x4:0x00000002  x4=0xfffffffe
         131302	      6463	800037f6	005c4663	blt	x24,x5,80003802	 x24:0x00000000  x5:0x0000031c
         131702	      6483	80003802	02149833	mulh	x16,x9,x1	  x9:0x00000000  x1:0x80025cf7 x16=0x00000000
         131742	      6485	80003806	41295bb3	sra	x23,x18,x18	 x18:0x00000006 x18:0x00000006 x23=0x00000000
         131762	      6486	8000380a	8c45	c.or	x8,x9	  x8:0x00000000  x9:0x00000000  x8=0x00000000
         131822	      6489	8000380c	340c96f3	csrrw	x13,mscratch,x25	 x25:0x00000000 x13=0xffeb0f7f
         132102	      6503	80003810	0ff0000f	fence	iorw,iorw	
         132122	      6504	80003814	83e5	c.srli	x15,0x19	 x15:0x00000001 x15=0x00000000
         132142	      6505	80003816	88a5	c.andi	x9,9	  x9:0x00000000  x9=0x00000000
         132342	      6515	80003818	1afd	c.addi	x21,-1	 x21:0x00000000 x21=0xffffffff
         132362	      6516	8000381a	52fd	c.li	x5,-1	  x5=0xffffffff
         132382	      6517	8000381c	8969	c.andi	x10,26	 x10:0xfea787cc x10=0x00000008
         132482	      6522	8000381e	40788e33	sub	x28,x17,x7	 x17:0x00000004  x7:0x80025ce4 x28=0x7ffda320
         132502	      6523	80003822	01ad36b3	sltu	x13,x26,x26	 x26:0x00000000 x26:0x00000000 x13=0x00000000
         132522	      6524	80003826	6d99	c.lui	x27,0x6	 x27=0x00006000
         132542	      6525	80003828	1b7d	c.addi	x22,-1	 x22:0x00000000 x22=0xffffffff
         132562	      6526	8000382a	013d4db3	xor	x27,x26,x19	 x26:0x00000000 x19:0x00000004 x27=0x00000004
         132582	      6527	8000382e	029aee63	bltu	x21,x9,8000386a	 x21:0xffffffff  x9:0x00000000
         132602	      6528	80003832	01ba7663	bgeu	x20,x27,8000383e	 x20:0xffff2000 x27:0x00000004
         133402	      6568	8000383e	02fa6f33	rem	x30,x20,x15	 x20:0xffff2000 x15:0x00000000 x30=0xffff2000
         133522	      6574	80003842	88712993	slti	x19,x2,-1913	  x2:0x80021e58 x19=0x00000001
         133602	      6578	80003846	03269463	bne	x13,x18,8000386e	 x13:0x00000000 x18:0x00000006
         134302	      6613	8000386e	985a	c.add	x16,x22	 x16:0x00000000 x22:0xffffffff x16=0xffffffff
         134422	      6619	80003870	01c39cb3	sll	x25,x7,x28	  x7:0x80025ce4 x28:0x7ffda320 x25=0x80025ce4
         135342	      6665	80003874	034b7533	remu	x10,x22,x20	 x22:0xffffffff x20:0xffff2000 x10=0x0000dfff
         135382	      6667	80003878	0263b933	mulhu	x18,x7,x6	  x7:0x80025ce4  x6:0x0000d86f x18=0x00006c39
         135402	      6668	8000387c	02227763	bgeu	x4,x2,800038aa	  x4:0xfffffffe  x2:0x80021e58
         135902	      6693	800038aa	0036a9b3	slt	x19,x13,x3	 x13:0x00000000  x3:0x00000000 x19=0x00000000
         135922	      6694	800038ae	0ff0000f	fence	iorw,iorw	
         136662	      6731	800038b2	03454e33	div	x28,x10,x20	 x10:0x0000dfff x20:0xffff2000 x28=0x00000000
         136702	      6733	800038b6	028a2fb3	mulhsu	x31,x20,x8	 x20:0xffff2000  x8:0x00000000 x31=0x00000000
         136722	      6734	800038ba	8f65	c.and	x14,x9	 x14:0x00000000  x9:0x00000000 x14=0x00000000
         136742	      6735	800038bc	030afd63	bgeu	x21,x16,800038f6	 x21:0xffffffff x16:0xffffffff
         137022	      6749	800038f6	40dd5713	srai	x14,x26,0xd	 x26:0x00000000 x14=0x00000000
         148102	      7303	800038fa	00d8d433	srl	x8,x17,x13	 x17:0x00000004 x13:0x00000000  x8=0x00000004
         148122	      7304	800038fe	01198663	beq	x19,x17,8000390a	 x19:0x00000000 x17:0x00000004
         148142	      7305	80003902	405887b3	sub	x15,x17,x5	 x17:0x00000004  x5:0xffffffff x15=0x00000005
         148162	      7306	80003906	85fd6e93	ori	x29,x26,-1953	 x26:0x00000000 x29=0xfffff85f
         148182	      7307	8000390a	5fd84493	xori	x9,x16,1533	 x16:0xffffffff  x9=0xfffffa02
         148202	      7308	8000390e	0001	c.addi	x0,0	  x0:0x00000000  x0=0x00000000
         148502	      7323	80003910	41c6da93	srai	x21,x13,0x1c	 x13:0x00000000 x21=0x00000000
         148662	      7331	80003914	9222	c.add	x4,x8	  x4:0xfffffffe  x8:0x00000004  x4=0x00000002
         149002	      7348	80003916	03ca41b3	div	x3,x20,x28	 x20:0xffff2000 x28:0x00000000  x3=0xffffffff
         149022	      7349	8000391a	44d9	c.li	x9,22	  x9=0x00000016
         149242	      7360	8000391c	0106c7b3	xor	x15,x13,x16	 x13:0x00000000 x16:0xffffffff x15=0xffffffff
         149262	      7361	80003920	f02a0a13	addi	x20,x20,-254	 x20:0xffff2000 x20=0xffff1f02
         149542	      7375	80003924	0001	c.addi	x0,0	  x0:0x00000000  x0=0x00000000
         149562	      7376	80003926	0986	c.slli	x19,0x1	 x19:0x00000000 x19=0x00000000
         149702	      7383	80003928	8e31	c.xor	x12,x12	 x12:0xeaab0f7f x12:0xeaab0f7f x12=0x00000000
         149742	      7385	8000392a	034abb33	mulhu	x22,x21,x20	 x21:0x00000000 x20:0xffff1f02 x22=0x00000000
         149762	      7386	8000392e	01c12533	slt	x10,x2,x28	  x2:0x80021e58 x28:0x00000000 x10=0x00000001
         149782	      7387	80003932	0001	c.addi	x0,0	  x0:0x00000000  x0=0x00000000
         149802	      7388	80003934	8d5d	c.or	x10,x15	 x10:0x00000001 x15:0xffffffff x10=0xffffffff
         149942	      7395	80003936	007b3533	sltu	x10,x22,x7	 x22:0x00000000  x7:0x80025ce4 x10=0x00000001
         149962	      7396	8000393a	017f8c63	beq	x31,x23,80003952	 x31:0x00000000 x23:0x00000000
         151102	      7453	80003952	340977f3	csrrci	x15,mscratch,18	 x15=0x00000000
         151362	      7466	80003956	01f060b3	or	x1,x0,x31	  x0:0x00000000 x31:0x00000000  x1=0x00000000
         151382	      7467	8000395a	0a8a	c.slli	x21,0x2	 x21:0x00000000 x21=0x00000000
         151402	      7468	8000395c	012dc363	blt	x27,x18,80003962	 x27:0x00000004 x18:0x00006c39
         152282	      7512	80003962	632d	c.lui	x6,0xb	  x6=0x0000b000
         152302	      7513	80003964	34009e73	csrrw	x28,mscratch,x1	  x1:0x00000000 x28=0x00000000
         152322	      7514	80003968	0001	c.addi	x0,0	  x0:0x00000000  x0=0x00000000
         152342	      7515	8000396a	0001	c.addi	x0,0	  x0:0x00000000  x0=0x00000000
         152402	      7518	8000396c	a7e4f293	andi	x5,x9,-1410	  x9:0x00000016  x5=0x00000016
         152422	      7519	80003970	8fe9	c.and	x15,x10	 x15:0x00000000 x10:0x00000001 x15=0x00000000
         152442	      7520	80003972	01451a63	bne	x10,x20,80003986	 x10:0x00000001 x20:0xffff1f02
         153122	      7554	80003986	03766433	rem	x8,x12,x23	 x12:0x00000000 x23:0x00000000  x8=0x00000000
         153142	      7555	8000398a	84b9	c.srai	x9,0xe	  x9:0x00000016  x9=0x00000000
         153182	      7557	8000398c	c2b40c93	addi	x25,x8,-981	  x8:0x00000000 x25=0xfffffc2b
         153922	      7594	80003990	03b2eab3	rem	x21,x5,x27	  x5:0x00000016 x27:0x00000004 x21=0x00000002
         153942	      7595	80003994	02b202b3	mul	x5,x4,x11	  x4:0x00000002 x11:0x00000016  x5=0x0000002c
         153962	      7596	80003998	8ea5	c.xor	x13,x9	 x13:0x00000000  x9:0x00000000 x13=0x00000000
         153982	      7597	8000399a	34007073	csrrci	x0,mscratch,0	  x0=0x00000000
         154002	      7598	8000399e	03695f63	bge	x18,x22,800039dc	 x18:0x00006c39 x22:0x00000000
         154242	      7610	800039dc	5a007293	andi	x5,x0,1440	  x0:0x00000000  x5=0x00000000
         155002	      7648	800039e0	02617733	remu	x14,x2,x6	  x2:0x80021e58  x6:0x0000b000 x14=0x00006e58
         155022	      7649	800039e4	68d9	c.lui	x17,0x16	 x17=0x00016000
         155042	      7650	800039e6	8c35	c.xor	x8,x13	  x8:0x00000000 x13:0x00000000  x8=0x00000000
         155062	      7651	800039e8	0000100f	fence.i	
         155162	      7656	800039ec	4589	c.li	x11,2	 x11=0x00000002
         155542	      7675	800039ee	34003ff3	csrrc	x31,mscratch,x0	  x0:0x00000000 x31=0x00000000
         155562	      7676	800039f2	33a9b713	sltiu	x14,x19,826	 x19:0x00000000 x14=0x00000001
         155582	      7677	800039f6	8ec9	c.or	x13,x10	 x13:0x00000000 x10:0x00000001 x13=0x00000001
         155602	      7678	800039f8	0db2	c.slli	x27,0xc	 x27:0x00000004 x27=0x00004000
         155622	      7679	800039fa	40f0d833	sra	x16,x1,x15	  x1:0x00000000 x15:0x00000000 x16=0x00000000
         155642	      7680	800039fe	34083ef3	csrrc	x29,mscratch,x16	 x16:0x00000000 x29=0x00000000
         155662	      7681	80003a02	8b5cbf17	auipc	x30,0x8b5cb	 x30=0x0b5cea02
         155722	      7684	80003a06	02c5e0b3	rem	x1,x11,x12	 x11:0x00000002 x12:0x00000000  x1=0x00000002
         155822	      7689	80003a0a	02c59cb3	mulh	x25,x11,x12	 x11:0x00000002 x12:0x00000000 x25=0x00000000
         155842	      7690	80003a0e	cb81	c.beqz	x15,80003a1e	 x15:0x00000000
         157042	      7750	80003a1e	0f0e	c.slli	x30,0x3	 x30:0x0b5cea02 x30=0x5ae75010
         157462	      7771	80003a20	5d5ccbb7	lui	x23,0x5d5cc	 x23=0x5d5cc000
         157482	      7772	80003a24	0001	c.addi	x0,0	  x0:0x00000000  x0=0x00000000
         157802	      7788	80003a26	01b578b3	and	x17,x10,x27	 x10:0x00000001 x27:0x00004000 x17=0x00000000
         157822	      7789	80003a2a	50d66437	lui	x8,0x50d66	  x8=0x50d66000
         158162	      7806	80003a2e	3408f0f3	csrrci	x1,mscratch,17	  x1=0x00000000
         158182	      7807	80003a32	340ce573	csrrsi	x10,mscratch,25	 x10=0x00000000
         158222	      7809	80003a36	0235a733	mulhsu	x14,x11,x3	 x11:0x00000002  x3:0xffffffff x14=0x00000001
         158242	      7810	80003a3a	9636	c.add	x12,x13	 x12:0x00000000 x13:0x00000001 x12=0x00000001
         158282	      7812	80003a3c	03805ab3	divu	x21,x0,x24	  x0:0x00000000 x24:0x00000000 x21=0xffffffff
         158302	      7813	80003a40	0001	c.addi	x0,0	  x0:0x00000000  x0=0x00000000
         158322	      7814	80003a42	4609	c.li	x12,2	 x12=0x00000002
         158342	      7815	80003a44	01c524b3	slt	x9,x10,x28	 x10:0x00000000 x28:0x00000000  x9=0x00000000
         158702	      7833	80003a48	8ac1	c.andi	x13,16	 x13:0x00000001 x13=0x00000000
         158722	      7834	80003a4a	8ea1	c.xor	x13,x8	 x13:0x00000000  x8:0x50d66000 x13=0x50d66000
         159122	      7854	80003a4c	8321	c.srli	x14,0x8	 x14:0x00000001 x14=0x00000000
         159142	      7855	80003a4e	02f27763	bgeu	x4,x15,80003a7c	  x4:0x00000002 x15:0x00000000
         160022	      7899	80003a7c	41e0d533	sra	x10,x1,x30	  x1:0x00000000 x30:0x5ae75010 x10=0x00000000
         160042	      7900	80003a80	03f51163	bne	x10,x31,80003aa2	 x10:0x00000000 x31:0x00000000
         160062	      7901	80003a84	024e82b3	mul	x5,x29,x4	 x29:0x00000000  x4:0x00000002  x5=0x00000000
         160422	      7919	80003a88	9bfd	c.andi	x15,-1	 x15:0x00000000 x15=0x00000000
         160482	      7922	80003a8a	03d44633	div	x12,x8,x29	  x8:0x50d66000 x29:0x00000000 x12=0xffffffff
         160882	      7942	80003a8e	34039cf3	csrrw	x25,mscratch,x7	  x7:0x80025ce4 x25=0x00000019
         160902	      7943	80003a92	04b2	c.slli	x9,0xc	  x9:0x00000000  x9=0x00000000
         160942	      7945	80003a94	02ee7633	remu	x12,x28,x14	 x28:0x00000000 x14:0x00000000 x12=0x00000000
         160962	      7946	80003a98	340859f3	csrrwi	x19,mscratch,16	 x19=0x80025ce4
         160982	      7947	80003a9c	8c39	c.xor	x8,x14	  x8:0x50d66000 x14:0x00000000  x8=0x50d66000
         161342	      7965	80003a9e	d9269017	auipc	x0,0xd9269	  x0=0x00000000
         161362	      7966	80003aa2	00f61c13	slli	x24,x12,0xf	 x12:0x00000000 x24=0x00000000
         161382	      7967	80003aa6	34002cf3	csrrs	x25,mscratch,x0	  x0:0x00000000 x25=0x00000010
         161522	      7974	80003aaa	01320333	add	x6,x4,x19	  x4:0x00000002 x19:0x80025ce4  x6=0x80025ce6
         161542	      7975	80003aae	0001	c.addi	x0,0	  x0:0x00000000  x0=0x00000000
         161822	      7989	80003ab0	ab304e13	xori	x28,x0,-1357	  x0:0x00000000 x28=0xfffffab3
         161842	      7990	80003ab4	340037f3	csrrc	x15,mscratch,x0	  x0:0x00000000 x15=0x00000010
         161862	      7991	80003ab8	0101b733	sltu	x14,x3,x16	  x3:0xffffffff x16:0x00000000 x14=0x00000000
         161882	      7992	80003abc	00001a97	auipc	x21,0x1	 x21=0x80004abc
         162222	      8009	80003ac0	056a8a93	addi	x21,x21,86	 x21:0x80004abc x21=0x80004b12
         162622	      8029	80003ac4	00d226b3	slt	x13,x4,x13	  x4:0x00000002 x13:0x50d66000 x13=0x00000001
         162642	      8030	80003ac8	1ffa8a93	addi	x21,x21,511	 x21:0x80004b12 x21=0x80004d11
         162662	      8031	80003acc	0063db33	srl	x22,x7,x6	  x7:0x80025ce4  x6:0x80025ce6 x22=0x02000973
         162722	      8034	80003ad0	6fa37c93	andi	x25,x6,1786	  x6:0x80025ce6 x25=0x000004e2
         162742	      8035	80003ad4	010b7863	bgeu	x22,x16,80003ae4	 x22:0x02000973 x16:0x00000000
         163302	      8063	80003ae4	e02a8be7	jalr	x23,-510(x21)	 x21:0x80004d11 x23=0x80003ae8
         163862	      8091	80004b12	0007e663	bltu	x15,x0,80004b1e	 x15:0x00000010  x0:0x00000000
         163902	      8093	80004b16	03b92433	mulhsu	x8,x18,x27	 x18:0x00006c39 x27:0x00004000  x8=0x00000000
         163922	      8094	80004b1a	00ba09b3	add	x19,x20,x11	 x20:0xffff1f02 x11:0x00000002 x19=0xffff1f04
         164322	      8114	80004b1e	fd810113	addi	x2,x2,-40	  x2:0x80021e58  x2=0x80021e30
         164582	      8127	80004b22	c25e	c.swsp	x23,4(x2)	  x2:0x80021e30 x23:0x80003ae8 PA:0x80021e34 store:0x80003ae8
         164602	      8128	80004b24	18fd	c.addi	x17,-1	 x17:0x00000000 x17=0xffffffff
         164622	      8129	80004b26	15e588b7	lui	x17,0x15e58	 x17=0x15e58000
         164642	      8130	80004b2a	00437733	and	x14,x6,x4	  x6:0x80025ce6  x4:0x00000002 x14=0x00000002
         164662	      8131	80004b2e	0000100f	fence.i	
         165562	      8176	80004b32	020c22b3	mulhsu	x5,x24,x0	 x24:0x00000000  x0:0x00000000  x5=0x00000000
         165962	      8196	80004b36	0083c5b3	xor	x11,x7,x8	  x7:0x80025ce4  x8:0x00000000 x11=0x80025ce4
         166002	      8198	80004b3a	03e63033	mulhu	x0,x12,x30	 x12:0x00000000 x30:0x5ae75010  x0=0x00000000
         166282	      8212	80004b3e	01a29b93	slli	x23,x5,0x1a	  x5:0x00000000 x23=0x00000000
         166302	      8213	80004b42	01215b13	srli	x22,x2,0x12	  x2:0x80021e30 x22=0x00002000
         166322	      8214	80004b46	3409e8f3	csrrsi	x17,mscratch,19	 x17=0x00000010
         166342	      8215	80004b4a	3f0a2a93	slti	x21,x20,1008	 x20:0xffff1f02 x21=0x00000001
         166362	      8216	80004b4e	4da5	c.li	x27,9	 x27=0x00000009
         166382	      8217	80004b50	b0e9cb97	auipc	x23,0xb0e9c	 x23=0x30ea0b50
         166402	      8218	80004b54	01cd4b63	blt	x26,x28,80004b6a	 x26:0x00000000 x28:0xfffffab3
         166582	      8227	80004b58	dd1f7993	andi	x19,x30,-559	 x30:0x5ae75010 x19=0x5ae75010
         166702	      8233	80004b5c	8e52	c.mv	x28,x20	  x0:0x00000000 x20:0xffff1f02 x28=0xffff1f02
         166722	      8234	80004b5e	0ff0000f	fence	iorw,iorw	
         166742	      8235	80004b62	019d7ab3	and	x21,x26,x25	 x26:0x00000000 x25:0x000004e2 x21=0x00000000
         166762	      8236	80004b66	0392c663	blt	x5,x25,80004b92	  x5:0x00000000 x25:0x000004e2
         167122	      8254	80004b92	19fd	c.addi	x19,-1	 x19:0x5ae75010 x19=0x5ae7500f
         167142	      8255	80004b94	41f45bb3	sra	x23,x8,x31	  x8:0x00000000 x31:0x00000000 x23=0x00000000
         167262	      8261	80004b98	030f8b63	beq	x31,x16,80004bce	 x31:0x00000000 x16:0x00000000
         168182	      8307	80004bce	01421fb3	sll	x31,x4,x20	  x4:0x00000002 x20:0xffff1f02 x31=0x00000008
         168922	      8344	80004bd2	03c4e933	rem	x18,x9,x28	  x9:0x00000000 x28:0xffff1f02 x18=0x00000000
         168942	      8345	80004bd6	8491	c.srai	x9,0x4	  x9:0x00000000  x9=0x00000000
         168962	      8346	80004bd8	40fd58b3	sra	x17,x26,x15	 x26:0x00000000 x15:0x00000010 x17=0x00000000
         168982	      8347	80004bdc	8725	c.srai	x14,0x9	 x14:0x00000002 x14=0x00000000
         169002	      8348	80004bde	6fb22c97	auipc	x25,0x6fb22	 x25=0xefb26bde
         169022	      8349	80004be2	02a28e33	mul	x28,x5,x10	  x5:0x00000000 x10:0x00000000 x28=0x00000000
         169042	      8350	80004be6	03fc0fb3	mul	x31,x24,x31	 x24:0x00000000 x31:0x00000008 x31=0x00000000
         169062	      8351	80004bea	00d6cfb3	xor	x31,x13,x13	 x13:0x00000001 x13:0x00000001 x31=0x00000000
         169082	      8352	80004bee	9cce	c.add	x25,x19	 x25:0xefb26bde x19:0x5ae7500f x25=0x4a99bbed
         169102	      8353	80004bf0	40b15e93	srai	x29,x2,0xb	  x2:0x80021e30 x29=0xfff00043
         169122	      8354	80004bf4	8b62	c.mv	x22,x24	  x0:0x00000000 x24:0x00000000 x22=0x00000000
         169482	      8372	80004bf6	0078a8b3	slt	x17,x17,x7	 x17:0x00000000  x7:0x80025ce4 x17=0x00000000
         169502	      8373	80004bfa	00d220b3	slt	x1,x4,x13	  x4:0x00000002 x13:0x00000001  x1=0x00000000
         169522	      8374	80004bfe	34056e73	csrrsi	x28,mscratch,10	 x28=0x00000013
         169542	      8375	80004c02	ed99	c.bnez	x11,80004c20	 x11:0x80025ce4
         170182	      8407	80004c20	34099bf3	csrrw	x23,mscratch,x19	 x19:0x5ae7500f x23=0x0000001b
         170202	      8408	80004c24	0102e9b3	or	x19,x5,x16	  x5:0x00000000 x16:0x00000000 x19=0x00000000
         170222	      8409	80004c28	0001	c.addi	x0,0	  x0:0x00000000  x0=0x00000000
         170242	      8410	80004c2a	0000100f	fence.i	
         170342	      8415	80004c2e	8d81	c.sub	x11,x8	 x11:0x80025ce4  x8:0x00000000 x11=0x80025ce4
         170362	      8416	80004c30	0ff0000f	fence	iorw,iorw	
         170502	      8423	80004c34	8999	c.andi	x11,6	 x11:0x80025ce4 x11=0x00000004
         170522	      8424	80004c36	84d5	c.srai	x9,0x15	  x9:0x00000000  x9=0x00000000
         170602	      8428	80004c38	34006373	csrrsi	x6,mscratch,0	  x6=0x5ae7500f
         170682	      8432	80004c3c	99fd	c.andi	x11,-1	 x11:0x00000004 x11=0x00000004
         170902	      8443	80004c3e	805abf13	sltiu	x30,x21,-2043	 x21:0x00000000 x30=0x00000001
         170922	      8444	80004c42	8c59	c.or	x8,x14	  x8:0x00000000 x14:0x00000000  x8=0x00000000
         170942	      8445	80004c44	5afd	c.li	x21,-1	 x21=0xffffffff
         170962	      8446	80004c46	033d7063	bgeu	x26,x19,80004c66	 x26:0x00000000 x19:0x00000000
         171862	      8491	80004c66	34006273	csrrsi	x4,mscratch,0	  x4=0x5ae7500f
         171882	      8492	80004c6a	0003ae33	slt	x28,x7,x0	  x7:0x80025ce4  x0:0x00000000 x28=0x00000001
         172042	      8500	80004c6e	03f61533	mulh	x10,x12,x31	 x12:0x00000000 x31:0x00000000 x10=0x00000000
         172062	      8501	80004c72	029e8933	mul	x18,x29,x9	 x29:0xfff00043  x9:0x00000000 x18=0x00000000
         172462	      8521	80004c76	ee622a17	auipc	x20,0xee622	 x20=0x6e626c76
         172482	      8522	80004c7a	0001	c.addi	x0,0	  x0:0x00000000  x0=0x00000000
         172602	      8528	80004c7c	40a00e33	sub	x28,x0,x10	  x0:0x00000000 x10:0x00000000 x28=0x00000000
         172622	      8529	80004c80	01761a33	sll	x20,x12,x23	 x12:0x00000000 x23:0x0000001b x20=0x00000000
         172782	      8537	80004c84	0001	c.addi	x0,0	  x0:0x00000000  x0=0x00000000
         172802	      8538	80004c86	c095	c.beqz	x9,80004caa	  x9:0x00000000
         173862	      8591	80004caa	0ff0000f	fence	iorw,iorw	
         174002	      8598	80004cae	03f2ea63	bltu	x5,x31,80004ce2	  x5:0x00000000 x31:0x00000000
         174022	      8599	80004cb2	00fcd533	srl	x10,x25,x15	 x25:0x4a99bbed x15:0x00000010 x10=0x00004a99
         174322	      8614	80004cb6	019f7433	and	x8,x30,x25	 x30:0x00000001 x25:0x4a99bbed  x8=0x00000001
         174342	      8615	80004cba	8e230e93	addi	x29,x6,-1822	  x6:0x5ae7500f x29=0x5ae748f1
         174462	      8621	80004cbe	02c4c433	div	x8,x9,x12	  x9:0x00000000 x12:0x00000000  x8=0xffffffff
         180982	      8947	80004cc2	023ecc33	div	x24,x29,x3	 x29:0x5ae748f1  x3:0xffffffff x24=0xa518b70f
         181002	      8948	80004cc6	8586	c.mv	x11,x1	  x0:0x00000000  x1:0x00000000 x11=0x00000000
         181022	      8949	80004cc8	442d	c.li	x8,11	  x8=0x0000000b
         181042	      8950	80004cca	01630cb3	add	x25,x6,x22	  x6:0x5ae7500f x22:0x00000000 x25=0x5ae7500f
         181062	      8951	80004cce	e9d9b313	sltiu	x6,x19,-355	 x19:0x00000000  x6=0x00000001
         181082	      8952	80004cd2	8021	c.srli	x8,0x8	  x8:0x0000000b  x8=0x00000000
         181122	      8954	80004cd4	03367e33	remu	x28,x12,x19	 x12:0x00000000 x19:0x00000000 x28=0x00000000
         181142	      8955	80004cd8	40ed5a93	srai	x21,x26,0xe	 x26:0x00000000 x21=0x00000000
         181162	      8956	80004cdc	0001	c.addi	x0,0	  x0:0x00000000  x0=0x00000000
         181902	      8993	80004cde	03d17cb3	remu	x25,x2,x29	  x2:0x80021e30 x29:0x5ae748f1 x25=0x251ad53f
         181922	      8994	80004ce2	34043f73	csrrc	x30,mscratch,x8	  x8:0x00000000 x30=0x5ae7500f
         181942	      8995	80004ce6	8c79	c.and	x8,x14	  x8:0x00000000 x14:0x00000000  x8=0x00000000
         181962	      8996	80004ce8	a4892a13	slti	x20,x18,-1464	 x18:0x00000000 x20=0x00000000
         181982	      8997	80004cec	0ff0000f	fence	iorw,iorw	
         182002	      8998	80004cf0	167d	c.addi	x12,-1	 x12:0x00000000 x12=0xffffffff
         182022	      8999	80004cf2	013e9b13	slli	x22,x29,0x13	 x29:0x5ae748f1 x22=0x47880000
         182202	      9008	80004cf6	c1004413	xori	x8,x0,-1008	  x0:0x00000000  x8=0xfffffc10
         182222	      9009	80004cfa	9b7d	c.andi	x14,-1	 x14:0x00000000 x14=0x00000000
         182262	      9011	80004cfc	5a7d	c.li	x20,-1	 x20=0xffffffff
         182562	      9026	80004cfe	03af67b3	rem	x15,x30,x26	 x30:0x5ae7500f x26:0x00000000 x15=0x5ae7500f
         182762	      9036	80004d02	02202fb3	mulhsu	x31,x0,x2	  x0:0x00000000  x2:0x80021e30 x31=0x00000000
         183062	      9051	80004d06	414b5933	sra	x18,x22,x20	 x22:0x47880000 x20:0xffffffff x18=0x00000000
         183482	      9072	80004d0a	05401363	bne	x0,x20,80004d50	  x0:0x00000000 x20:0xffffffff
         183642	      9080	80004d50	34006f73	csrrsi	x30,mscratch,0	 x30=0x5ae7500f
         183822	      9089	80004d54	34003bf3	csrrc	x23,mscratch,x0	  x0:0x00000000 x23=0x5ae7500f
         183842	      9090	80004d58	34019273	csrrw	x4,mscratch,x3	  x3:0xffffffff  x4=0x5ae7500f
         184282	      9112	80004d5c	02739733	mulh	x14,x7,x7	  x7:0x80025ce4  x7:0x80025ce4 x14=0x3ffda321
         184302	      9113	80004d60	01fab033	sltu	x0,x21,x31	 x21:0x00000000 x31:0x00000000  x0=0x00000000
         185422	      9169	80004d64	026d66b3	rem	x13,x26,x6	 x26:0x00000000  x6:0x00000001 x13=0x00000000
         185442	      9170	80004d68	8fc9	c.or	x15,x10	 x15:0x5ae7500f x10:0x00004a99 x15=0x5ae75a9f
         185462	      9171	80004d6a	75387fb7	lui	x31,0x75387	 x31=0x75387000
         185482	      9172	80004d6e	34007473	csrrci	x8,mscratch,0	  x8=0xffffffff
         185502	      9173	80004d72	0075db63	bge	x11,x7,80004d88	 x11:0x00000000  x7:0x80025ce4
         185722	      9184	80004d88	00c29f63	bne	x5,x12,80004da6	  x5:0x00000000 x12:0xffffffff
         186602	      9228	80004da6	40ff87b3	sub	x15,x31,x15	 x31:0x75387000 x15:0x5ae75a9f x15=0x1a511561
         186702	      9233	80004daa	340b9873	csrrw	x16,mscratch,x23	 x23:0x5ae7500f x16=0xffffffff
         186762	      9236	80004dae	0000100f	fence.i	
         187762	      9286	80004db2	58e83593	sltiu	x11,x16,1422	 x16:0xffffffff x11=0x00000000
         187782	      9287	80004db6	0001	c.addi	x0,0	  x0:0x00000000  x0=0x00000000
         187882	      9292	80004db8	0812	c.slli	x16,0x4	 x16:0xffffffff x16=0xfffffff0
         187902	      9293	80004dba	01d17cb3	and	x25,x2,x29	  x2:0x80021e30 x29:0x5ae748f1 x25=0x00020830
         187942	      9295	80004dbe	03221633	mulh	x12,x4,x18	  x4:0x5ae7500f x18:0x00000000 x12=0x00000000
         187982	      9297	80004dc2	03c19733	mulh	x14,x3,x28	  x3:0xffffffff x28:0x00000000 x14=0x00000000
         188002	      9298	80004dc6	023d0093	addi	x1,x26,35	 x26:0x00000000  x1=0x00000023
         188122	      9304	80004dca	0fe5f837	lui	x16,0xfe5f	 x16=0x0fe5f000
         188142	      9305	80004dce	01954033	xor	x0,x10,x25	 x10:0x00004a99 x25:0x00020830  x0=0x00000000
         188162	      9306	80004dd2	17f67093	andi	x1,x12,383	 x12:0x00000000  x1=0x00000000
         188182	      9307	80004dd6	34045873	csrrwi	x16,mscratch,8	 x16=0x5ae7500f
         188222	      9309	80004dda	021cf2b3	remu	x5,x25,x1	 x25:0x00020830  x1:0x00000000  x5=0x00020830
         188962	      9346	80004dde	02f9e8b3	rem	x17,x19,x15	 x19:0x00000000 x15:0x1a511561 x17=0x00000000
         188982	      9347	80004de2	8fcd	c.or	x15,x11	 x15:0x1a511561 x11:0x00000000 x15=0x1a511561
         189002	      9348	80004de4	017bdc63	bge	x23,x23,80004dfc	 x23:0x5ae7500f x23:0x5ae7500f
         189082	      9352	80004dfc	cc8d	c.beqz	x9,80004e36	  x9:0x00000000
         189122	      9354	80004e36	021a	c.slli	x4,0x6	  x4:0x5ae7500f  x4=0xb9d403c0
         189582	      9377	80004e38	0000100f	fence.i	
         190202	      9408	80004e3c	01b68cb3	add	x25,x13,x27	 x13:0x00000000 x27:0x00000009 x25=0x00000009
         190222	      9409	80004e40	0ff0000f	fence	iorw,iorw	
         190402	      9418	80004e44	8f59	c.or	x14,x14	 x14:0x00000000 x14:0x00000000 x14=0x00000000
         190422	      9419	80004e46	0011a2b3	slt	x5,x3,x1	  x3:0xffffffff  x1:0x00000000  x5=0x00000001
         190442	      9420	80004e4a	8aaa	c.mv	x21,x10	  x0:0x00000000 x10:0x00004a99 x21=0x00004a99
         190502	      9423	80004e4c	817d	c.srli	x10,0x1f	 x10:0x00004a99 x10=0x00000000
         190542	      9425	80004e4e	022128b3	mulhsu	x17,x2,x2	  x2:0x80021e30  x2:0x80021e30 x17=0xc0000004
         190702	      9433	80004e52	00eb4933	xor	x18,x22,x14	 x22:0x47880000 x14:0x00000000 x18=0x47880000
         190722	      9434	80004e56	41758233	sub	x4,x11,x23	 x11:0x00000000 x23:0x5ae7500f  x4=0xa518aff1
         190742	      9435	80004e5a	0c8d	c.addi	x25,3	 x25:0x00000009 x25=0x0000000c
         190762	      9436	80004e5c	01e19993	slli	x19,x3,0x1e	  x3:0xffffffff x19=0xc0000000
         190782	      9437	80004e60	005f9e33	sll	x28,x31,x5	 x31:0x75387000  x5:0x00000001 x28=0xea70e000
         190822	      9439	80004e64	038ab333	mulhu	x6,x21,x24	 x21:0x00004a99 x24:0xa518b70f  x6=0x0000301b
         191022	      9449	80004e68	02280c33	mul	x24,x16,x2	 x16:0x5ae7500f  x2:0x80021e30 x24=0x46dec4d0
         192142	      9505	80004e6c	032cd0b3	divu	x1,x25,x18	 x25:0x0000000c x18:0x47880000  x1=0x00000000
         192162	      9506	80004e70	8f52	c.mv	x30,x20	  x0:0x00000000 x20:0xffffffff x30=0xffffffff
         192182	      9507	80004e72	40f85633	sra	x12,x16,x15	 x16:0x5ae7500f x15:0x1a511561 x12=0x2d73a807
         192222	      9509	80004e76	039b1733	mulh	x14,x22,x25	 x22:0x47880000 x25:0x0000000c x14=0x00000003
         192242	      9510	80004e7a	e089	c.bnez	x9,80004e7c	  x9:0x00000000
         192262	      9511	80004e7c	8096	c.mv	x1,x5	  x0:0x00000000  x5:0x00000001  x1=0x00000001
         192282	      9512	80004e7e	05e54063	blt	x10,x30,80004ebe	 x10:0x00000000 x30:0xffffffff
         192302	      9513	80004e82	60fd	c.lui	x1,0x1f	  x1=0x0001f000
         192322	      9514	80004e84	0332	c.slli	x6,0xc	  x6:0x0000301b  x6=0x0301b000
         192342	      9515	80004e86	c937a0b7	lui	x1,0xc937a	  x1=0xc937a000
         192362	      9516	80004e8a	772dae93	slti	x29,x27,1906	 x27:0x00000009 x29=0x00000001
         192382	      9517	80004e8e	0011da93	srli	x21,x3,0x1	  x3:0xffffffff x21=0x7fffffff
         193182	      9557	80004e92	027555b3	divu	x11,x10,x7	 x10:0x00000000  x7:0x80025ce4 x11=0x00000000
         193202	      9558	80004e96	0362	c.slli	x6,0x18	  x6:0x0301b000  x6=0x00000000
         193222	      9559	80004e98	00fc6763	bltu	x24,x15,80004ea6	 x24:0x46dec4d0 x15:0x1a511561
         193242	      9560	80004e9c	c48d	c.beqz	x9,80004ec6	  x9:0x00000000
         193462	      9571	80004ec6	c19d	c.beqz	x11,80004eec	 x11:0x00000000
         194162	      9606	80004eec	340034f3	csrrc	x9,mscratch,x0	  x0:0x00000000  x9=0x00000008
         194582	      9627	80004ef0	943e	c.add	x8,x15	  x8:0xffffffff x15:0x1a511561  x8=0x1a511560
         194642	      9630	80004ef2	e8212813	slti	x16,x2,-382	  x2:0x80021e30 x16=0x00000001
         195062	      9651	80004ef6	011dd433	srl	x8,x27,x17	 x27:0x00000009 x17:0xc0000004  x8=0x00000000
         195082	      9652	80004efa	caa4f513	andi	x10,x9,-854	  x9:0x00000008 x10=0x00000008
         195502	      9673	80004efe	40555593	srai	x11,x10,0x5	 x10:0x00000008 x11=0x00000000
         195522	      9674	80004f02	340b9cf3	csrrw	x25,mscratch,x23	 x23:0x5ae7500f x25=0x00000008
         195962	      9696	80004f06	02b9b7b3	mulhu	x15,x19,x11	 x19:0xc0000000 x11:0x00000000 x15=0x00000000
         196762	      9736	80004f0a	0372eb33	rem	x22,x5,x23	  x5:0x00000001 x23:0x5ae7500f x22=0x00000001
         196782	      9737	80004f0e	002cb4b3	sltu	x9,x25,x2	 x25:0x00000008  x2:0x80021e30  x9=0x00000001
         196802	      9738	80004f12	0001	c.addi	x0,0	  x0:0x00000000  x0=0x00000000
         196822	      9739	80004f14	01a7afb3	slt	x31,x15,x26	 x15:0x00000000 x26:0x00000000 x31=0x00000000
         196842	      9740	80004f18	01af5e33	srl	x28,x30,x26	 x30:0xffffffff x26:0x00000000 x28=0xffffffff
         196862	      9741	80004f1c	00cfdbb3	srl	x23,x31,x12	 x31:0x00000000 x12:0x2d73a807 x23=0x00000000
         196882	      9742	80004f20	0e8d	c.addi	x29,3	 x29:0x00000001 x29=0x00000004
         196902	      9743	80004f22	014a9813	slli	x16,x21,0x14	 x21:0x7fffffff x16=0xfff00000
         196922	      9744	80004f26	8e9d	c.sub	x13,x15	 x13:0x00000000 x15:0x00000000 x13=0x00000000
         197062	      9751	80004f28	036e1033	mulh	x0,x28,x22	 x28:0xffffffff x22:0x00000001  x0=0x00000000
         197082	      9752	80004f2c	953f2213	slti	x4,x30,-1709	 x30:0xffffffff  x4=0x00000000
         197362	      9766	80004f30	03e4c263	blt	x9,x30,80004f54	  x9:0x00000001 x30:0xffffffff
         197442	      9770	80004f34	0001	c.addi	x0,0	  x0:0x00000000  x0=0x00000000
         197602	      9778	80004f36	0123d413	srli	x8,x7,0x12	  x7:0x80025ce4  x8=0x00002000
         197622	      9779	80004f3a	077a	c.slli	x14,0x1e	 x14:0x00000003 x14=0xc0000000
         197782	      9787	80004f3c	03b49f33	mulh	x30,x9,x27	  x9:0x00000001 x27:0x00000009 x30=0x00000000
         197802	      9788	80004f40	8589	c.srai	x11,0x2	 x11:0x00000000 x11=0x00000000
         197822	      9789	80004f42	340060f3	csrrsi	x1,mscratch,0	  x1=0x5ae7500f
         197842	      9790	80004f46	eafe4913	xori	x18,x28,-337	 x28:0xffffffff x18=0x00000150
         197942	      9795	80004f4a	3402ab73	csrrs	x22,mscratch,x5	  x5:0x00000001 x22=0x5ae7500f
         197962	      9796	80004f4e	01f58b33	add	x22,x11,x31	 x11:0x00000000 x31:0x00000000 x22=0x00000000
         197982	      9797	80004f52	8395	c.srli	x15,0x5	 x15:0x00000000 x15=0x00000000
         198282	      9812	80004f54	a0a0f517	auipc	x10,0xa0a0f	 x10=0x20a13f54
         198302	      9813	80004f58	34006573	csrrsi	x10,mscratch,0	 x10=0x5ae7500f
         198682	      9832	80004f5c	0ff0000f	fence	iorw,iorw	
         198882	      9842	80004f60	03674c63	blt	x14,x22,80004f98	 x14:0xc0000000 x22:0x00000000
         199122	      9854	80004f98	340265f3	csrrsi	x11,mscratch,4	 x11=0x5ae7500f
         199142	      9855	80004f9c	015b1013	slli	x0,x22,0x15	 x22:0x00000000  x0=0x00000000
         199602	      9878	80004fa0	c509	c.beqz	x10,80004faa	 x10:0x5ae7500f
         199622	      9879	80004fa2	1c7d	c.addi	x24,-1	 x24:0x46dec4d0 x24=0x46dec4cf
         199802	      9888	80004fa4	8ed9	c.or	x13,x14	 x13:0x00000000 x14:0xc0000000 x13=0xc0000000
         199902	      9893	80004fa6	34007df3	csrrci	x27,mscratch,0	 x27=0x5ae7500f
         199922	      9894	80004faa	031e	c.slli	x6,0x7	  x6:0x00000000  x6=0x00000000
         199942	      9895	80004fac	0001	c.addi	x0,0	  x0:0x00000000  x0=0x00000000
         199962	      9896	80004fae	4045d0b3	sra	x1,x11,x4	 x11:0x5ae7500f  x4:0x00000000  x1=0x5ae7500f
         199982	      9897	80004fb2	0001	c.addi	x0,0	  x0:0x00000000  x0=0x00000000
         200802	      9938	80004fb4	0212e033	rem	x0,x5,x1	  x5:0x00000001  x1:0x5ae7500f  x0=0x00000000
         200842	      9940	80004fb8	020112b3	mulh	x5,x2,x0	  x2:0x80021e30  x0:0x00000000  x5=0x00000000
         200862	      9941	80004fbc	009de933	or	x18,x27,x9	 x27:0x5ae7500f  x9:0x00000001 x18=0x5ae7500f
         200882	      9942	80004fc0	cc81	c.beqz	x9,80004fd8	  x9:0x00000001
         200902	      9943	80004fc2	0000100f	fence.i	
         201882	      9992	80004fc6	035fd1b3	divu	x3,x31,x21	 x31:0x00000000 x21:0x7fffffff  x3=0x00000000
         201902	      9993	80004fca	40e70eb3	sub	x29,x14,x14	 x14:0xc0000000 x14:0xc0000000 x29=0x00000000
         201922	      9994	80004fce	8f21	c.xor	x14,x8	 x14:0xc0000000  x8:0x00002000 x14=0xc0002000
         201942	      9995	80004fd0	34083ef3	csrrc	x29,mscratch,x16	 x16:0xfff00000 x29=0x5ae7500f
         201962	      9996	80004fd4	0252ee63	bltu	x5,x5,80005010	  x5:0x00000000  x5:0x00000000
         201982	      9997	80004fd8	03bfe463	bltu	x31,x27,80005000	 x31:0x00000000 x27:0x5ae7500f
         202642	     10030	80005000	0203c433	div	x8,x7,x0	  x7:0x80025ce4  x0:0x00000000  x8=0xffffffff
         202962	     10046	80005004	6f55	c.lui	x30,0x15	 x30=0x00015000
         202982	     10047	80005006	340030f3	csrrc	x1,mscratch,x0	  x0:0x00000000  x1=0x0007500f
         203002	     10048	8000500a	4b51	c.li	x22,20	 x22=0x00000014
         203162	     10056	8000500c	340127f3	csrrs	x15,mscratch,x2	  x2:0x80021e30 x15=0x0007500f
         203582	     10077	80005010	8e3d	c.xor	x12,x15	 x12:0x2d73a807 x15:0x0007500f x12=0x2d74f808
         203602	     10078	80005012	8dd5	c.or	x11,x13	 x11:0x5ae7500f x13:0xc0000000 x11=0xdae7500f
         203822	     10089	80005014	0ff0000f	fence	iorw,iorw	
         204562	     10126	80005018	02266433	rem	x8,x12,x2	 x12:0x2d74f808  x2:0x80021e30  x8=0x2d74f808
         204582	     10127	8000501c	7448d197	auipc	x3,0x7448d	  x3=0xf449201c
         204602	     10128	80005020	00fadc63	bge	x21,x15,80005038	 x21:0x7fffffff x15:0x0007500f
         204882	     10142	80005038	018da5b3	slt	x11,x27,x24	 x27:0x5ae7500f x24:0x46dec4cf x11=0x00000000
         204902	     10143	8000503c	340b9373	csrrw	x6,mscratch,x23	 x23:0x00000000  x6=0x80075e3f
         204942	     10145	80005040	0fce	c.slli	x31,0x13	 x31:0x00000000 x31=0x00000000
         205082	     10152	80005042	007c80b3	add	x1,x25,x7	 x25:0x00000008  x7:0x80025ce4  x1=0x80025cec
         205102	     10153	80005046	00520a33	add	x20,x4,x5	  x4:0x00000000  x5:0x00000000 x20=0x00000000
         205122	     10154	8000504a	4bf46193	ori	x3,x8,1215	  x8:0x2d74f808  x3=0x2d74fcbf
         205162	     10156	8000504e	356da813	slti	x16,x27,854	 x27:0x5ae7500f x16=0x00000000
         205582	     10177	80005052	01457a63	bgeu	x10,x20,80005066	 x10:0x5ae7500f x20:0x00000000
         205902	     10193	80005066	40a55b93	srai	x23,x10,0xa	 x10:0x5ae7500f x23=0x0016b9d4
         205942	     10195	8000506a	02233b33	mulhu	x22,x6,x2	  x6:0x80075e3f  x2:0x80021e30 x22=0x4004be47
         205962	     10196	8000506e	01aac0b3	xor	x1,x21,x26	 x21:0x7fffffff x26:0x00000000  x1=0x7fffffff
         206702	     10233	80005072	029be833	rem	x16,x23,x9	 x23:0x0016b9d4  x9:0x00000001 x16=0x00000000
         206722	     10234	80005076	40ead413	srai	x8,x21,0xe	 x21:0x7fffffff  x8=0x0001ffff
         206742	     10235	8000507a	8e05	c.sub	x12,x9	 x12:0x2d74f808  x9:0x00000001 x12=0x2d74f807
         206762	     10236	8000507c	01cc0733	add	x14,x24,x28	 x24:0x46dec4cf x28:0xffffffff x14=0x46dec4ce
         206782	     10237	80005080	340035f3	csrrc	x11,mscratch,x0	  x0:0x00000000 x11=0x00000000
         206822	     10239	80005084	02fe11b3	mulh	x3,x28,x15	 x28:0xffffffff x15:0x0007500f  x3=0xffffffff
         206842	     10240	80005088	40215013	srai	x0,x2,0x2	  x2:0x80021e30  x0=0x00000000
         206962	     10246	8000508c	00645b33	srl	x22,x8,x6	  x8:0x0001ffff  x6:0x80075e3f x22=0x00000000
         207062	     10251	80005090	40c9d033	sra	x0,x19,x12	 x19:0xc0000000 x12:0x2d74f807  x0=0x00000000
         207102	     10253	80005094	42e9	c.li	x5,26	  x5=0x0000001a
         207122	     10254	80005096	01fc1613	slli	x12,x24,0x1f	 x24:0x46dec4cf x12=0x80000000
         207862	     10291	8000509a	031d5933	divu	x18,x26,x17	 x26:0x00000000 x17:0xc0000004 x18=0x00000000
         207882	     10292	8000509e	ab044d97	auipc	x27,0xab044	 x27=0x2b04909e
         207902	     10293	800050a2	d7270493	addi	x9,x14,-654	 x14:0x46dec4ce  x9=0x46dec240
         207922	     10294	800050a6	3400e573	csrrsi	x10,mscratch,1	 x10=0x00000000
         207942	     10295	800050aa	01d15c63	bge	x2,x29,800050c2	  x2:0x80021e30 x29:0x5ae7500f
         207962	     10296	800050ae	a9e8a713	slti	x14,x17,-1378	 x17:0xc0000004 x14=0x00000001
         207982	     10297	800050b2	00dfa0b3	slt	x1,x31,x13	 x31:0x00000000 x13:0xc0000000  x1=0x00000000
         208742	     10335	800050b6	0235fb33	remu	x22,x11,x3	 x11:0x00000000  x3:0xffffffff x22=0x00000000
         208782	     10337	800050ba	020e5ab3	divu	x21,x28,x0	 x28:0xffffffff  x0:0x00000000 x21=0xffffffff
         208802	     10338	800050be	340b5cf3	csrrwi	x25,mscratch,22	 x25=0x00000001
         208822	     10339	800050c2	88dd	c.andi	x9,23	  x9:0x46dec240  x9=0x00000000
         208862	     10341	800050c4	03b23fb3	mulhu	x31,x4,x27	  x4:0x00000000 x27:0x2b04909e x31=0x00000000
         208882	     10342	800050c8	0038c7b3	xor	x15,x17,x3	 x17:0xc0000004  x3:0xffffffff x15=0x3ffffffb
         208902	     10343	800050cc	c78d	c.beqz	x15,800050f6	 x15:0x3ffffffb
         208922	     10344	800050ce	8362	c.mv	x6,x24	  x0:0x00000000 x24:0x46dec4cf  x6=0x46dec4cf
         208942	     10345	800050d0	27f7dab7	lui	x21,0x27f7d	 x21=0x27f7d000
         208962	     10346	800050d4	13dd3193	sltiu	x3,x26,317	 x26:0x00000000  x3=0x00000001
         208982	     10347	800050d8	e1a1	c.bnez	x11,80005118	 x11:0x00000000
         209002	     10348	800050da	41e5dab3	sra	x21,x11,x30	 x11:0x00000000 x30:0x00015000 x21=0x00000000
         209062	     10351	800050de	035fe563	bltu	x31,x21,80005108	 x31:0x00000000 x21:0x00000000
         209182	     10357	800050e2	038d1363	bne	x26,x24,80005108	 x26:0x00000000 x24:0x46dec4cf
         209922	     10394	80005108	8f6d	c.and	x14,x11	 x14:0x00000001 x11:0x00000000 x14=0x00000000
         209942	     10395	8000510a	cd1d	c.beqz	x10,80005148	 x10:0x00000000
         210902	     10443	80005148	01ddd333	srl	x6,x27,x29	 x27:0x2b04909e x29:0x5ae7500f  x6=0x00005609
         211322	     10464	8000514c	01b6fab3	and	x21,x13,x27	 x13:0xc0000000 x27:0x2b04909e x21=0x00000000
         211742	     10485	80005150	8d59	c.or	x10,x14	 x10:0x00000000 x14:0x00000000 x10=0x00000000
         211762	     10486	80005152	836d	c.srli	x14,0x1b	 x14:0x00000000 x14=0x00000000
         211782	     10487	80005154	648d	c.lui	x9,0x3	  x9=0x00003000
         211822	     10489	80005156	0087d593	srli	x11,x15,0x8	 x15:0x3ffffffb x11=0x003fffff
         212762	     10536	8000515a	02f2fe33	remu	x28,x5,x15	  x5:0x0000001a x15:0x3ffffffb x28=0x0000001a
         212782	     10537	8000515e	8a01	c.andi	x12,0	 x12:0x80000000 x12=0x00000000
         212802	     10538	80005160	f2030493	addi	x9,x6,-224	  x6:0x00005609  x9=0x00005529
         212822	     10539	80005164	021984b3	mul	x9,x19,x1	 x19:0xc0000000  x1:0x00000000  x9=0x00000000
         212842	     10540	80005168	02cc01b3	mul	x3,x24,x12	 x24:0x46dec4cf x12:0x00000000  x3=0x00000000
         212862	     10541	8000516c	8609	c.srai	x12,0x2	 x12:0x00000000 x12=0x00000000
         212882	     10542	8000516e	008027b3	slt	x15,x0,x8	  x0:0x00000000  x8:0x0001ffff x15=0x00000001
         212902	     10543	80005172	0ff0000f	fence	iorw,iorw	
         212922	     10544	80005176	6cbd	c.lui	x25,0xf	 x25=0x0000f000
         213042	     10550	80005178	021dd433	divu	x8,x27,x1	 x27:0x2b04909e  x1:0x00000000  x8=0xffffffff
         213442	     10570	8000517c	9cb18a17	auipc	x20,0x9cb18	 x20=0x1cb1d17c
         213462	     10571	80005180	013dce33	xor	x28,x27,x19	 x27:0x2b04909e x19:0xc0000000 x28=0xeb04909e
         213642	     10580	80005184	4118d1b3	sra	x3,x17,x17	 x17:0xc0000004 x17:0xc0000004  x3=0xfc000000
         213662	     10581	80005188	0000100f	fence.i	
         214022	     10599	8000518c	01114bb3	xor	x23,x2,x17	  x2:0x80021e30 x17:0xc0000004 x23=0x40021e34
         214042	     10600	80005190	8c19	c.sub	x8,x14	  x8:0xffffffff x14:0x00000000  x8=0xffffffff
         214062	     10601	80005192	8c05	c.sub	x8,x9	  x8:0xffffffff  x9:0x00000000  x8=0xffffffff
         214162	     10606	80005194	59c12413	slti	x8,x2,1436	  x2:0x80021e30  x8=0x00000001
         214282	     10612	80005198	0dd2	c.slli	x27,0x14	 x27:0x2b04909e x27=0x09e00000
         214442	     10620	8000519a	01625093	srli	x1,x4,0x16	  x4:0x00000000  x1=0x00000000
         214462	     10621	8000519e	f6783293	sltiu	x5,x16,-153	 x16:0x00000000  x5=0x00000001
         214482	     10622	800051a2	5f7d	c.li	x30,-1	 x30=0xffffffff
         214502	     10623	800051a4	34003473	csrrc	x8,mscratch,x0	  x0:0x00000000  x8=0x00000016
         214602	     10628	800051a8	d21bc993	xori	x19,x23,-735	 x23:0x40021e34 x19=0xbffde315
         214822	     10639	800051ac	81fd	c.srli	x11,0x1f	 x11:0x003fffff x11=0x00000000
         214902	     10643	800051ae	64b42913	slti	x18,x8,1611	  x8:0x00000016 x18=0x00000001
         215062	     10651	800051b2	02812bb3	mulhsu	x23,x2,x8	  x2:0x80021e30  x8:0x00000016 x23=0xfffffff5
         215322	     10664	800051b6	00815263	bge	x2,x8,800051ba	  x2:0x80021e30  x8:0x00000016
         215342	     10665	800051ba	8955	c.andi	x10,21	 x10:0x00000000 x10=0x00000000
         215382	     10667	800051bc	00647f33	and	x30,x8,x6	  x8:0x00000016  x6:0x00005609 x30=0x00000000
         215482	     10672	800051c0	ed0d	c.bnez	x10,800051fa	 x10:0x00000000
         215502	     10673	800051c2	0000100f	fence.i	
         216222	     10709	800051c6	0000100f	fence.i	
         217262	     10761	800051ca	340039f3	csrrc	x19,mscratch,x0	  x0:0x00000000 x19=0x00000016
         217662	     10781	800051ce	03811263	bne	x2,x24,800051f2	  x2:0x80021e30 x24:0x46dec4cf
         218262	     10811	800051f2	024331b3	mulhu	x3,x6,x4	  x6:0x00005609  x4:0x00000000  x3=0x00000000
         218322	     10814	800051f6	0000100f	fence.i	
         225822	     11189	800051fa	41665f93	srai	x31,x12,0x16	 x12:0x00000000 x31=0x00000000
         225842	     11190	800051fe	1a7d	c.addi	x20,-1	 x20:0x1cb1d17c x20=0x1cb1d17b
         225862	     11191	80005200	e109	c.bnez	x10,80005202	 x10:0x00000000
         226602	     11228	80005202	03bae2b3	rem	x5,x21,x27	 x21:0x00000000 x27:0x09e00000  x5=0x00000000
         226622	     11229	80005206	1ebfe513	ori	x10,x31,491	 x31:0x00000000 x10=0x000001eb
         226642	     11230	8000520a	40110533	sub	x10,x2,x1	  x2:0x80021e30  x1:0x00000000 x10=0x80021e30
         226662	     11231	8000520e	081e	c.slli	x16,0x7	 x16:0x00000000 x16=0x00000000
         226682	     11232	80005210	0ff0000f	fence	iorw,iorw	
         226702	     11233	80005214	340034f3	csrrc	x9,mscratch,x0	  x0:0x00000000  x9=0x00000016
         226722	     11234	80005218	02aadb63	bge	x21,x10,8000524e	 x21:0x00000000 x10:0x80021e30
         227842	     11290	8000524e	00236b63	bltu	x6,x2,80005264	  x6:0x00005609  x2:0x80021e30
         228182	     11307	80005264	85b9	c.srai	x11,0xe	 x11:0x00000000 x11=0x00000000
         228202	     11308	80005266	18fd	c.addi	x17,-1	 x17:0xc0000004 x17=0xc0000003
         228382	     11317	80005268	8436ed93	ori	x27,x13,-1981	 x13:0xc0000000 x27=0xfffff843
         228402	     11318	8000526c	8f65	c.and	x14,x9	 x14:0x00000000  x9:0x00000016 x14=0x00000000
         228822	     11339	8000526e	025917b3	mulh	x15,x18,x5	 x18:0x00000001  x5:0x00000000 x15=0x00000000
         228842	     11340	80005272	652eca93	xori	x21,x29,1618	 x29:0x5ae7500f x21=0x5ae7565d
         229722	     11384	80005276	03524033	div	x0,x4,x21	  x4:0x00000000 x21:0x5ae7565d  x0=0x00000000
         230462	     11421	8000527a	0270d9b3	divu	x19,x1,x7	  x1:0x00000000  x7:0x80025ce4 x19=0x00000000
         230482	     11422	8000527e	9fba5e97	auipc	x29,0x9fba5	 x29=0x1fbaa27e
         230502	     11423	80005282	03db7863	bgeu	x22,x29,800052b2	 x22:0x00000000 x29:0x1fbaa27e
         230522	     11424	80005286	01ec2033	slt	x0,x24,x30	 x24:0x46dec4cf x30:0x00000000  x0=0x00000000
         230542	     11425	8000528a	01c5f433	and	x8,x11,x28	 x11:0x00000000 x28:0xeb04909e  x8=0x00000000
         230562	     11426	8000528e	020b4963	blt	x22,x0,800052c0	 x22:0x00000000  x0:0x00000000
         230582	     11427	80005292	40c0d513	srai	x10,x1,0xc	  x1:0x00000000 x10=0x00000000
         230602	     11428	80005296	69c1	c.lui	x19,0x10	 x19=0x00010000
         231022	     11449	80005298	00bbdcb3	srl	x25,x23,x11	 x23:0xfffffff5 x11:0x00000000 x25=0xfffffff5
         231042	     11450	8000529c	5afd	c.li	x21,-1	 x21=0xffffffff
         231102	     11453	8000529e	009eb6b3	sltu	x13,x29,x9	 x29:0x1fbaa27e  x9:0x00000016 x13=0x00000000
         231122	     11454	800052a2	00d9ca33	xor	x20,x19,x13	 x19:0x00010000 x13:0x00000000 x20=0x00010000
         231142	     11455	800052a6	8315	c.srli	x14,0x5	 x14:0x00000000 x14=0x00000000
         231322	     11464	800052a8	0001	c.addi	x0,0	  x0:0x00000000  x0=0x00000000
         231422	     11469	800052aa	04d1d063	bge	x3,x13,800052ea	  x3:0x00000000 x13:0x00000000
         232622	     11529	800052ea	c3a2a513	slti	x10,x5,-966	  x5:0x00000000 x10=0x00000000
         232642	     11530	800052ee	3405d773	csrrwi	x14,mscratch,11	 x14=0x00000016
         232802	     11538	800052f2	036f34b3	mulhu	x9,x30,x22	 x30:0x00000000 x22:0x00000000  x9=0x00000000
         232822	     11539	800052f6	03a96563	bltu	x18,x26,80005320	 x18:0x00000001 x26:0x00000000
         232962	     11546	800052fa	34003973	csrrc	x18,mscratch,x0	  x0:0x00000000 x18=0x0000000b
         232982	     11547	800052fe	050d	c.addi	x10,3	 x10:0x00000000 x10=0x00000003
         233062	     11551	80005300	012f0ab3	add	x21,x30,x18	 x30:0x00000000 x18:0x0000000b x21=0x0000000b
         233082	     11552	80005304	fda93d97	auipc	x27,0xfda93	 x27=0x7da98304
         233202	     11558	80005308	01c43933	sltu	x18,x8,x28	  x8:0x00000000 x28:0xeb04909e x18=0x00000001
         233942	     11595	8000530c	03777e33	remu	x28,x14,x23	 x14:0x00000016 x23:0xfffffff5 x28=0x00000016
         233962	     11596	80005310	89c9be17	auipc	x28,0x89c9b	 x28=0x09ca0310
         233982	     11597	80005314	006ad693	srli	x13,x21,0x6	 x21:0x0000000b x13=0x00000000
         234022	     11599	80005318	02ae3233	mulhu	x4,x28,x10	 x28:0x09ca0310 x10:0x00000003  x4=0x00000000
         234042	     11600	8000531c	2d0b6493	ori	x9,x22,720	 x22:0x00000000  x9=0x000002d0
         234062	     11601	80005320	01433db3	sltu	x27,x6,x20	  x6:0x00005609 x20:0x00010000 x27=0x00000001
         234082	     11602	80005324	03868e63	beq	x13,x24,80005360	 x13:0x00000000 x24:0x46dec4cf
         234102	     11603	80005328	01f2b5b3	sltu	x11,x5,x31	  x5:0x00000000 x31:0x00000000 x11=0x00000000
         234302	     11613	8000532c	ea9ebc37	lui	x24,0xea9eb	 x24=0xea9eb000
         234722	     11634	80005330	0955	c.addi	x18,21	 x18:0x00000001 x18=0x00000016
         234742	     11635	80005332	340e51f3	csrrwi	x3,mscratch,28	  x3=0x0000000b
         234762	     11636	80005336	0000100f	fence.i	
         235362	     11666	8000533a	8fd9	c.or	x15,x14	 x15:0x00000000 x14:0x00000016 x15=0x00000016
         235402	     11668	8000533c	0271acb3	mulhsu	x25,x3,x7	  x3:0x0000000b  x7:0x80025ce4 x25=0x00000005
         235802	     11688	80005340	02139063	bne	x7,x1,80005360	  x7:0x80025ce4  x1:0x00000000
         236322	     11714	80005360	41ed5c93	srai	x25,x26,0x1e	 x26:0x00000000 x25=0x00000000
         237242	     11760	80005364	03d5e6b3	rem	x13,x11,x29	 x11:0x00000000 x29:0x1fbaa27e x13=0x00000000
         237262	     11761	80005368	015761b3	or	x3,x14,x21	 x14:0x00000016 x21:0x0000000b  x3=0x0000001f
         237282	     11762	8000536c	ca83dcb7	lui	x25,0xca83d	 x25=0xca83d000
         237302	     11763	80005370	0001	c.addi	x0,0	  x0:0x00000000  x0=0x00000000
         237322	     11764	80005372	e591	c.bnez	x11,8000537e	 x11:0x00000000
         237342	     11765	80005374	00c492b3	sll	x5,x9,x12	  x9:0x000002d0 x12:0x00000000  x5=0x000002d0
         237502	     11773	80005378	832e	c.mv	x6,x11	  x0:0x00000000 x11:0x00000000  x6=0x00000000
         237522	     11774	8000537a	8ced	c.and	x9,x11	  x9:0x000002d0 x11:0x00000000  x9=0x00000000
         237842	     11790	8000537c	879d	c.srai	x15,0x7	 x15:0x00000016 x15=0x00000000
         238062	     11801	8000537e	fb9c4993	xori	x19,x24,-71	 x24:0xea9eb000 x19=0x15614fb9
         238082	     11802	80005382	095d	c.addi	x18,23	 x18:0x00000016 x18=0x0000002d
         238122	     11804	80005384	010808b3	add	x17,x16,x16	 x16:0x00000000 x16:0x00000000 x17=0x00000000
         238162	     11806	80005388	013c1d63	bne	x24,x19,800053a2	 x24:0xea9eb000 x19:0x15614fb9
         238682	     11832	800053a2	c015	c.beqz	x8,800053c6	  x8:0x00000000
         239442	     11870	800053c6	01a4ccb3	xor	x25,x9,x26	  x9:0x00000000 x26:0x00000000 x25=0x00000000
         239862	     11891	800053ca	3403eaf3	csrrsi	x21,mscratch,7	 x21=0x0000001c
         240762	     11936	800053ce	0355eeb3	rem	x29,x11,x21	 x11:0x00000000 x21:0x0000001c x29=0x00000000
         240782	     11937	800053d2	c616b613	sltiu	x12,x13,-927	 x13:0x00000000 x12=0x00000001
         240802	     11938	800053d6	01063533	sltu	x10,x12,x16	 x12:0x00000001 x16:0x00000000 x10=0x00000000
         240822	     11939	800053da	98fd	c.andi	x9,-1	  x9:0x00000000  x9=0x00000000
         240842	     11940	800053dc	8f45	c.or	x14,x9	 x14:0x00000016  x9:0x00000000 x14=0x00000016
         240862	     11941	800053de	c8531017	auipc	x0,0xc8531	  x0=0x00000000
         240882	     11942	800053e2	34006873	csrrsi	x16,mscratch,0	 x16=0x0000001f
         240902	     11943	800053e6	34007273	csrrci	x4,mscratch,0	  x4=0x0000001f
         240922	     11944	800053ea	8ea9	c.xor	x13,x10	 x13:0x00000000 x10:0x00000000 x13=0x00000000
         240962	     11946	800053ec	0001	c.addi	x0,0	  x0:0x00000000  x0=0x00000000
         240982	     11947	800053ee	0001	c.addi	x0,0	  x0:0x00000000  x0=0x00000000
         241722	     11984	800053f0	02ebde33	divu	x28,x23,x14	 x23:0xfffffff5 x14:0x00000016 x28=0x0ba2e8b9
         241742	     11985	800053f4	0283f463	bgeu	x7,x8,8000541c	  x7:0x80025ce4  x8:0x00000000
         241922	     11994	8000541c	34045df3	csrrwi	x27,mscratch,8	 x27=0x0000001f
         242362	     12016	80005420	8d31	c.xor	x10,x12	 x10:0x00000000 x12:0x00000001 x10=0x00000001
         242382	     12017	80005422	874d	c.srai	x14,0x13	 x14:0x00000016 x14=0x00000000
         242542	     12025	80005424	41885e13	srai	x28,x16,0x18	 x16:0x0000001f x28=0x00000000
         242582	     12027	80005428	028b1033	mulh	x0,x22,x8	 x22:0x00000000  x8:0x00000000  x0=0x00000000
         242762	     12036	8000542c	01395593	srli	x11,x18,0x13	 x18:0x0000002d x11=0x00000000
         242962	     12046	80005430	0001	c.addi	x0,0	  x0:0x00000000  x0=0x00000000
         242982	     12047	80005432	0001	c.addi	x0,0	  x0:0x00000000  x0=0x00000000
         243142	     12055	80005434	a68e2593	slti	x11,x28,-1432	 x28:0x00000000 x11=0x00000000
         243162	     12056	80005438	00e378b3	and	x17,x6,x14	  x6:0x00000000 x14:0x00000000 x17=0x00000000
         243302	     12063	8000543c	340177f3	csrrci	x15,mscratch,2	 x15=0x00000008
         243322	     12064	80005440	6dd5	c.lui	x27,0x15	 x27=0x00015000
         243462	     12071	80005442	01f6f333	and	x6,x13,x31	 x13:0x00000000 x31:0x00000000  x6=0x00000000
         243482	     12072	80005446	8e49	c.or	x12,x10	 x12:0x00000001 x10:0x00000001 x12=0x00000001
         243502	     12073	80005448	4112d933	sra	x18,x5,x17	  x5:0x000002d0 x17:0x00000000 x18=0x000002d0
         243762	     12086	8000544c	01cf7263	bgeu	x30,x28,80005450	 x30:0x00000000 x28:0x00000000
         243862	     12091	80005450	011e6763	bltu	x28,x17,8000545e	 x28:0x00000000 x17:0x00000000
         244282	     12112	80005454	0001	c.addi	x0,0	  x0:0x00000000  x0=0x00000000
         244302	     12113	80005456	69240c93	addi	x25,x8,1682	  x8:0x00000000 x25=0x00000692
         244362	     12116	8000545a	03db8c33	mul	x24,x23,x29	 x23:0xfffffff5 x29:0x00000000 x24=0x00000000
         244382	     12117	8000545e	34007973	csrrci	x18,mscratch,0	 x18=0x00000008
         244402	     12118	80005462	0001d813	srli	x16,x3,0x0	  x3:0x0000001f x16=0x0000001f
         244562	     12126	80005466	024e8363	beq	x29,x4,8000548c	 x29:0x00000000  x4:0x0000001f
         244682	     12132	8000546a	03d6e163	bltu	x13,x29,8000548c	 x13:0x00000000 x29:0x00000000
         244702	     12133	8000546e	672d	c.lui	x14,0xb	 x14=0x0000b000
         244842	     12140	80005470	014b1a93	slli	x21,x22,0x14	 x22:0x00000000 x21=0x00000000
         245262	     12161	80005474	007dbb33	sltu	x22,x27,x7	 x27:0x00015000  x7:0x80025ce4 x22=0x00000001
         246002	     12198	80005478	027c6633	rem	x12,x24,x7	 x24:0x00000000  x7:0x80025ce4 x12=0x00000000
         246022	     12199	8000547c	df040093	addi	x1,x8,-528	  x8:0x00000000  x1=0xfffffdf0
         246042	     12200	80005480	400350b3	sra	x1,x6,x0	  x6:0x00000000  x0:0x00000000  x1=0x00000000
         246062	     12201	80005484	006d8b33	add	x22,x27,x6	 x27:0x00015000  x6:0x00000000 x22=0x00015000
         246082	     12202	80005488	017c8533	add	x10,x25,x23	 x25:0x00000692 x23:0xfffffff5 x10=0x00000687
         246102	     12203	8000548c	893e	c.mv	x18,x15	  x0:0x00000000 x15:0x00000008 x18=0x00000008
         246542	     12225	8000548e	75a4cd93	xori	x27,x9,1882	  x9:0x00000000 x27=0x0000075a
         246562	     12226	80005492	02bdc263	blt	x27,x11,800054b6	 x27:0x0000075a x11:0x00000000
         246582	     12227	80005496	0f9a	c.slli	x31,0x6	 x31:0x00000000 x31=0x00000000
         260282	     12912	80005498	99fd	c.andi	x11,-1	 x11:0x00000000 x11=0x00000000
         260302	     12913	8000549a	02e06a63	bltu	x0,x14,800054ce	  x0:0x00000000 x14:0x0000b000
         260822	     12939	800054ce	655eec13	ori	x24,x29,1621	 x29:0x00000000 x24=0x00000655
         260962	     12946	800054d2	64326497	auipc	x9,0x64326	  x9=0xe432b4d2
         260982	     12947	800054d6	c50d	c.beqz	x10,80005500	 x10:0x00000687
         261022	     12949	800054d8	e002cd93	xori	x27,x5,-512	  x5:0x000002d0 x27=0xfffffcd0
         261062	     12951	800054dc	0314d333	divu	x6,x9,x17	  x9:0xe432b4d2 x17:0x00000000  x6=0xffffffff
         261182	     12957	800054e0	0001	c.addi	x0,0	  x0:0x00000000  x0=0x00000000
         261202	     12958	800054e2	537d	c.li	x6,-1	  x6=0xffffffff
         261522	     12974	800054e4	05f65363	bge	x12,x31,8000552a	 x12:0x00000000 x31:0x00000000
         262082	     13002	8000552a	002b8fb3	add	x31,x23,x2	 x23:0xfffffff5  x2:0x80021e30 x31=0x80021e25
         262102	     13003	8000552e	8d1d	c.sub	x10,x15	 x10:0x00000687 x15:0x00000008 x10=0x0000067f
         262122	     13004	80005530	2af5f313	andi	x6,x11,687	 x11:0x00000000  x6=0x00000000
         262142	     13005	80005534	418bd4b3	sra	x9,x23,x24	 x23:0xfffffff5 x24:0x00000655  x9=0xffffffff
         262882	     13042	80005538	03914c33	div	x24,x2,x25	  x2:0x80021e30 x25:0x00000692 x24=0xffec850b
         262902	     13043	8000553c	01479e93	slli	x29,x15,0x14	 x15:0x00000008 x29=0x00800000
         262922	     13044	80005540	8f35	c.xor	x14,x13	 x14:0x0000b000 x13:0x00000000 x14=0x0000b000
         262942	     13045	80005542	8fa5	c.xor	x15,x9	 x15:0x00000008  x9:0xffffffff x15=0xfffffff7
         262962	     13046	80005544	0001	c.addi	x0,0	  x0:0x00000000  x0=0x00000000
         262982	     13047	80005546	034201b3	mul	x3,x4,x20	  x4:0x0000001f x20:0x00010000  x3=0x001f0000
         263002	     13048	8000554a	65dd6593	ori	x11,x26,1629	 x26:0x00000000 x11=0x0000065d
         263022	     13049	8000554e	02ea	c.slli	x5,0x1a	  x5:0x000002d0  x5=0x40000000
         263762	     13086	80005550	0228ee33	rem	x28,x17,x2	 x17:0x00000000  x2:0x80021e30 x28=0x00000000
         263782	     13087	80005554	04209163	bne	x1,x2,80005596	  x1:0x00000000  x2:0x80021e30
         264042	     13100	80005596	6439	c.lui	x8,0xe	  x8=0x0000e000
         264082	     13102	80005598	cc15	c.beqz	x8,800055d4	  x8:0x0000e000
         264102	     13103	8000559a	8261	c.srli	x12,0x18	 x12:0x00000000 x12=0x00000000
         264122	     13104	8000559c	e64e0d93	addi	x27,x28,-412	 x28:0x00000000 x27=0xfffffe64
         264142	     13105	800055a0	22ff7693	andi	x13,x30,559	 x30:0x00000000 x13=0x00000000
         264162	     13106	800055a4	003eff63	bgeu	x29,x3,800055c2	 x29:0x00800000  x3:0x001f0000
         264742	     13135	800055c2	4144da93	srai	x21,x9,0x14	  x9:0xffffffff x21=0xffffffff
         264762	     13136	800055c6	6a19	c.lui	x20,0x6	 x20=0x00006000
         264782	     13137	800055c8	045d0163	beq	x26,x5,8000560a	 x26:0x00000000  x5:0x40000000
         264802	     13138	800055cc	340bb573	csrrc	x10,mscratch,x23	 x23:0xfffffff5 x10=0x00000008
         264862	     13141	800055d0	03821933	mulh	x18,x4,x24	  x4:0x0000001f x24:0xffec850b x18=0xffffffff
         264882	     13142	800055d4	412b5f33	sra	x30,x22,x18	 x22:0x00015000 x18:0xffffffff x30=0x00000000
         264902	     13143	800055d8	80144e17	auipc	x28,0x80144	 x28=0x001495d8
         264922	     13144	800055dc	d811c713	xori	x14,x3,-639	  x3:0x001f0000 x14=0xffe0fd81
         265342	     13165	800055e0	0113ff33	and	x30,x7,x17	  x7:0x80025ce4 x17:0x00000000 x30=0x00000000
         266082	     13202	800055e4	02ec74b3	remu	x9,x24,x14	 x24:0xffec850b x14:0xffe0fd81  x9=0x000b878a
         266102	     13203	800055e8	8241	c.srli	x12,0x10	 x12:0x00000000 x12=0x00000000
         266142	     13205	800055ea	02a9ab33	mulhsu	x22,x19,x10	 x19:0x15614fb9 x10:0x00000008 x22=0x00000000
         266162	     13206	800055ee	8d01	c.sub	x10,x8	 x10:0x00000008  x8:0x0000e000 x10=0xffff2008
         266202	     13208	800055f0	033f2bb3	mulhsu	x23,x30,x19	 x30:0x00000000 x19:0x15614fb9 x23=0x00000000
         266222	     13209	800055f4	9c8a	c.add	x25,x2	 x25:0x00000692  x2:0x80021e30 x25=0x800224c2
         266242	     13210	800055f6	01598733	add	x14,x19,x21	 x19:0x15614fb9 x21:0xffffffff x14=0x15614fb8
         266262	     13211	800055fa	0000100f	fence.i	
         266862	     13241	800055fe	54670913	addi	x18,x14,1350	 x14:0x15614fb8 x18=0x156154fe
         267082	     13252	80005602	019d9cb3	sll	x25,x27,x25	 x27:0xfffffe64 x25:0x800224c2 x25=0xfffff990
         267942	     13295	80005606	0238edb3	rem	x27,x17,x3	 x17:0x00000000  x3:0x001f0000 x27=0x00000000
         267962	     13296	8000560a	67c6a813	slti	x16,x13,1660	 x13:0x00000000 x16=0x00000001
         267982	     13297	8000560e	41315d93	srai	x27,x2,0x13	  x2:0x80021e30 x27=0xfffff000
         268022	     13299	80005612	02473eb3	mulhu	x29,x14,x4	 x14:0x15614fb8  x4:0x0000001f x29=0x00000002
         268042	     13300	80005616	006d0433	add	x8,x26,x6	 x26:0x00000000  x6:0x00000000  x8=0x00000000
         268062	     13301	8000561a	40825193	srai	x3,x4,0x8	  x4:0x0000001f  x3=0x00000000
         268142	     13305	8000561e	40d6dbb3	sra	x23,x13,x13	 x13:0x00000000 x13:0x00000000 x23=0x00000000
         268262	     13311	80005622	023f98b3	mulh	x17,x31,x3	 x31:0x80021e25  x3:0x00000000 x17=0x00000000
         268602	     13328	80005626	03b48533	mul	x10,x9,x27	  x9:0x000b878a x27:0xfffff000 x10=0x47876000
         268622	     13329	8000562a	ca01	c.beqz	x12,8000563a	 x12:0x00000000
         268902	     13343	8000563a	030a8163	beq	x21,x16,8000565c	 x21:0xffffffff x16:0x00000001
         269082	     13352	8000563e	340cae73	csrrs	x28,mscratch,x25	 x25:0xfffff990 x28=0x00000008
         269262	     13361	80005642	5ef76a13	ori	x20,x14,1519	 x14:0x15614fb8 x20=0x15614fff
         269282	     13362	80005646	34003573	csrrc	x10,mscratch,x0	  x0:0x00000000 x10=0xfffff998
         269562	     13376	8000564a	4191d733	sra	x14,x3,x25	  x3:0x00000000 x25:0xfffff990 x14=0x00000000
         269582	     13377	8000564e	066e	c.slli	x12,0x1b	 x12:0x00000000 x12=0x00000000
         269602	     13378	80005650	340d15f3	csrrw	x11,mscratch,x26	 x26:0x00000000 x11=0xfffff998
         270722	     13434	80005654	02436db3	rem	x27,x6,x4	  x6:0x00000000  x4:0x0000001f x27=0x00000000
         270742	     13435	80005658	0147d013	srli	x0,x15,0x14	 x15:0xfffffff7  x0=0x00000000
         270762	     13436	8000565c	e485	c.bnez	x9,80005684	  x9:0x000b878a
         271182	     13457	80005684	86cd	c.srai	x13,0x13	 x13:0x00000000 x13=0x00000000
         271202	     13458	80005686	8dd9	c.or	x11,x14	 x11:0xfffff998 x14:0x00000000 x11=0xfffff998
         271602	     13478	80005688	8fd1	c.or	x15,x12	 x15:0xfffffff7 x12:0x00000000 x15=0xfffffff7
         272342	     13515	8000568a	0326c8b3	div	x17,x13,x18	 x13:0x00000000 x18:0x156154fe x17=0x00000000
         272362	     13516	8000568e	340cd0f3	csrrwi	x1,mscratch,25	  x1=0x00000000
         272402	     13518	80005692	039d1bb3	mulh	x23,x26,x25	 x26:0x00000000 x25:0xfffff990 x23=0x00000000
         272422	     13519	80005696	0020f263	bgeu	x1,x2,8000569a	  x1:0x00000000  x2:0x80021e30
         272442	     13520	8000569a	03d8f363	bgeu	x17,x29,800056c0	 x17:0x00000000 x29:0x00000002
         272462	     13521	8000569e	6fa1	c.lui	x31,0x8	 x31=0x00008000
         272622	     13529	800056a0	0207bb33	mulhu	x22,x15,x0	 x15:0xfffffff7  x0:0x00000000 x22=0x00000000
         272682	     13532	800056a4	0000100f	fence.i	
         272882	     13542	800056a8	41acdbb3	sra	x23,x25,x26	 x25:0xfffff990 x26:0x00000000 x23=0xfffff990
         273022	     13549	800056ac	00394eb3	xor	x29,x18,x3	 x18:0x156154fe  x3:0x00000000 x29=0x156154fe
         273762	     13586	800056b0	025c67b3	rem	x15,x24,x5	 x24:0xffec850b  x5:0x40000000 x15=0xffec850b
         273782	     13587	800056b4	0031c9b3	xor	x19,x3,x3	  x3:0x00000000  x3:0x00000000 x19=0x00000000
         274522	     13624	800056b8	0374dfb3	divu	x31,x9,x23	  x9:0x000b878a x23:0xfffff990 x31=0x00000000
         274542	     13625	800056bc	41c85633	sra	x12,x16,x28	 x16:0x00000001 x28:0x00000008 x12=0x00000000
         274562	     13626	800056c0	0000100f	fence.i	
         274662	     13631	800056c4	002f02b3	add	x5,x30,x2	 x30:0x00000000  x2:0x80021e30  x5=0x80021e30
         274682	     13632	800056c8	132c2d93	slti	x27,x24,306	 x24:0xffec850b x27=0x00000001
         274822	     13639	800056cc	8eb5	c.xor	x13,x13	 x13:0x00000000 x13:0x00000000 x13=0x00000000
         274842	     13640	800056ce	66f1	c.lui	x13,0x1c	 x13=0x0001c000
         274862	     13641	800056d0	0655	c.addi	x12,21	 x12:0x00000000 x12=0x00000015
         274882	     13642	800056d2	7cae8b13	addi	x22,x29,1994	 x29:0x156154fe x22=0x15615cc8
         274962	     13646	800056d6	03de28b3	mulhsu	x17,x28,x29	 x28:0x00000008 x29:0x156154fe x17=0x00000000
         275082	     13652	800056da	8445ff13	andi	x30,x11,-1980	 x11:0xfffff998 x30=0xfffff800
         275402	     13668	800056de	0255ee63	bltu	x11,x5,8000571a	 x11:0xfffff998  x5:0x80021e30
         275422	     13669	800056e2	8c21	c.xor	x8,x8	  x8:0x00000000  x8:0x00000000  x8=0x00000000
         275442	     13670	800056e4	80c1	c.srli	x9,0x10	  x9:0x000b878a  x9=0x0000000b
         276562	     13726	800056e6	0348de33	divu	x28,x17,x20	 x17:0x00000000 x20:0x15614fff x28=0x00000000
         276582	     13727	800056ea	0bb1	c.addi	x23,12	 x23:0xfffff990 x23=0xfffff99c
         276602	     13728	800056ec	0001	c.addi	x0,0	  x0:0x00000000  x0=0x00000000
         276622	     13729	800056ee	016cd913	srli	x18,x25,0x16	 x25:0xfffff990 x18=0x000003ff
         276642	     13730	800056f2	8a85	c.andi	x13,1	 x13:0x0001c000 x13=0x00000000
         276662	     13731	800056f4	c50d	c.beqz	x10,8000571e	 x10:0xfffff998
         276682	     13732	800056f6	010b1f93	slli	x31,x22,0x10	 x22:0x15615cc8 x31=0x5cc80000
         276702	     13733	800056fa	03d5c463	blt	x11,x29,80005722	 x11:0xfffff998 x29:0x156154fe
         277302	     13763	80005722	1d2da1b7	lui	x3,0x1d2da	  x3=0x1d2da000
         277522	     13774	80005726	2bd57b97	auipc	x23,0x2bd57	 x23=0xabd5c726
         277542	     13775	8000572a	007a4533	xor	x10,x20,x7	 x20:0x15614fff  x7:0x80025ce4 x10=0x9563131b
         277562	     13776	8000572e	8aa5	c.andi	x13,9	 x13:0x00000000 x13=0x00000000
         277862	     13791	80005730	340a65f3	csrrsi	x11,mscratch,20	 x11=0x00000019
         277982	     13797	80005734	ee99	c.bnez	x13,80005752	 x13:0x00000000
         278002	     13798	80005736	008b35b3	sltu	x11,x22,x8	 x22:0x15615cc8  x8:0x00000000 x11=0x00000000
         278242	     13810	8000573a	00b3ae33	slt	x28,x7,x11	  x7:0x80025ce4 x11:0x00000000 x28=0x00000001
         278262	     13811	8000573e	0000100f	fence.i	
         278942	     13845	80005742	022fca63	blt	x31,x2,80005776	 x31:0x5cc80000  x2:0x80021e30
         278962	     13846	80005746	02b78b33	mul	x22,x15,x11	 x15:0xffec850b x11:0x00000000 x22=0x00000000
         278982	     13847	8000574a	0ef9	c.addi	x29,30	 x29:0x156154fe x29=0x1561551c
         279002	     13848	8000574c	006e5e13	srli	x28,x28,0x6	 x28:0x00000001 x28=0x00000000
         279142	     13855	80005750	8c79	c.and	x8,x14	  x8:0x00000000 x14:0x00000000  x8=0x00000000
         279222	     13859	80005752	ef6c0b97	auipc	x23,0xef6c0	 x23=0x6f6c5752
         279242	     13860	80005756	0001	c.addi	x0,0	  x0:0x00000000  x0=0x00000000
         279262	     13861	80005758	4163df33	sra	x30,x7,x22	  x7:0x80025ce4 x22:0x00000000 x30=0x80025ce4
         279282	     13862	8000575c	0001	c.addi	x0,0	  x0:0x00000000  x0=0x00000000
         279302	     13863	8000575e	44a1	c.li	x9,8	  x9=0x00000008
         279642	     13880	80005760	0000100f	fence.i	
         279902	     13893	80005764	004dc4b3	xor	x9,x27,x4	 x27:0x00000001  x4:0x0000001f  x9=0x0000001e
         279922	     13894	80005768	00324263	blt	x4,x3,8000576c	  x4:0x0000001f  x3:0x1d2da000
         280042	     13900	8000576c	03452333	mulhsu	x6,x10,x20	 x10:0x9563131b x20:0x15614fff  x6=0xf71899ca
         280062	     13901	80005770	88f9	c.andi	x9,30	  x9:0x0000001e  x9=0x0000001e
         280102	     13903	80005772	03c25233	divu	x4,x4,x28	  x4:0x0000001f x28:0x00000000  x4=0xffffffff
         280122	     13904	80005776	016dda63	bge	x27,x22,8000578a	 x27:0x00000001 x22:0x00000000
         280802	     13938	8000578a	015e1d93	slli	x27,x28,0x15	 x28:0x00000000 x27=0x00000000
         280822	     13939	8000578e	f8090793	addi	x15,x18,-128	 x18:0x000003ff x15=0x0000037f
         281562	     13976	80005792	0397c033	div	x0,x15,x25	 x15:0x0000037f x25:0xfffff990  x0=0x00000000
         281582	     13977	80005796	011f2a33	slt	x20,x30,x17	 x30:0x80025ce4 x17:0x00000000 x20=0x00000001
         281602	     13978	8000579a	8edd	c.or	x13,x15	 x13:0x00000000 x15:0x0000037f x13=0x0000037f
         281622	     13979	8000579c	40cb00b3	sub	x1,x22,x12	 x22:0x00000000 x12:0x00000015  x1=0xffffffeb
         281642	     13980	800057a0	8fdd	c.or	x15,x15	 x15:0x0000037f x15:0x0000037f x15=0x0000037f
         281662	     13981	800057a2	c491	c.beqz	x9,800057ae	  x9:0x0000001e
         281702	     13983	800057a4	031adbb3	divu	x23,x21,x17	 x21:0xffffffff x17:0x00000000 x23=0xffffffff
         281722	     13984	800057a8	460d	c.li	x12,3	 x12=0x00000003
         281742	     13985	800057aa	00771613	slli	x12,x14,0x7	 x14:0x00000000 x12=0x00000000
         281942	     13995	800057ae	340ed573	csrrwi	x10,mscratch,29	 x10=0x0000001d
         281962	     13996	800057b2	0ff0000f	fence	iorw,iorw	
         281982	     13997	800057b6	e485	c.bnez	x9,800057de	  x9:0x0000001e
         282502	     14023	800057de	0199a233	slt	x4,x19,x25	 x19:0x00000000 x25:0xfffff990  x4=0x00000000
         283322	     14064	800057e2	0256d5b3	divu	x11,x13,x5	 x13:0x0000037f  x5:0x80021e30 x11=0x00000000
         283342	     14065	800057e6	8e19	c.sub	x12,x14	 x12:0x00000000 x14:0x00000000 x12=0x00000000
         283362	     14066	800057e8	0302ff63	bgeu	x5,x16,80005826	  x5:0x80021e30 x16:0x00000001
         284802	     14138	80005826	02676bb3	rem	x23,x14,x6	 x14:0x00000000  x6:0xf71899ca x23=0x00000000
         284822	     14139	8000582a	01ed2e33	slt	x28,x26,x30	 x26:0x00000000 x30:0x80025ce4 x28=0x00000000
         284862	     14141	8000582e	0322acb3	mulhsu	x25,x5,x18	  x5:0x80021e30 x18:0x000003ff x25=0xfffffe00
         284882	     14142	80005832	34007f73	csrrci	x30,mscratch,0	 x30=0x0000001d
         284902	     14143	80005836	a3d96793	ori	x15,x18,-1475	 x18:0x000003ff x15=0xfffffbff
         284942	     14145	8000583a	0315b233	mulhu	x4,x11,x17	 x11:0x00000000 x17:0x00000000  x4=0x00000000
         285062	     14151	8000583e	0186f963	bgeu	x13,x24,80005850	 x13:0x0000037f x24:0xffec850b
         285262	     14161	80005842	038825b3	mulhsu	x11,x16,x24	 x16:0x00000001 x24:0xffec850b x11=0x00000000
         285282	     14162	80005846	3c36c297	auipc	x5,0x3c36c	  x5=0xbc371846
         285302	     14163	8000584a	8ff9	c.and	x15,x14	 x15:0xfffffbff x14:0x00000000 x15=0x00000000
         285322	     14164	8000584c	0ff0000f	fence	iorw,iorw	
         285462	     14171	80005850	02e1a033	mulhsu	x0,x3,x14	  x3:0x1d2da000 x14:0x00000000  x0=0x00000000
         285582	     14177	80005854	892e	c.mv	x18,x11	  x0:0x00000000 x11:0x00000000 x18=0x00000000
         285622	     14179	80005856	ce400193	addi	x3,x0,-796	  x0:0x00000000  x3=0xfffffce4
         285642	     14180	8000585a	8d2d	c.xor	x10,x11	 x10:0x0000001d x11:0x00000000 x10=0x0000001d
         285662	     14181	8000585c	34007a73	csrrci	x20,mscratch,0	 x20=0x0000001d
         285682	     14182	80005860	34027373	csrrci	x6,mscratch,4	  x6=0x0000001d
         286002	     14198	80005864	0398dd63	bge	x17,x25,8000589e	 x17:0x00000000 x25:0xfffffe00
         287302	     14263	8000589e	00fd3733	sltu	x14,x26,x15	 x26:0x00000000 x15:0x00000000 x14=0x00000000
         287322	     14264	800058a2	8d89	c.sub	x11,x10	 x11:0x00000000 x10:0x0000001d x11=0xffffffe3
         287342	     14265	800058a4	6d53b993	sltiu	x19,x7,1749	  x7:0x80025ce4 x19=0x00000000
         287762	     14286	800058a8	0000100f	fence.i	
         289082	     14352	800058ac	8dc9	c.or	x11,x10	 x11:0xffffffe3 x10:0x0000001d x11=0xffffffff
         289102	     14353	800058ae	eda76797	auipc	x15,0xeda76	 x15=0x6da7b8ae
         289122	     14354	800058b2	8956	c.mv	x18,x21	  x0:0x00000000 x21:0xffffffff x18=0xffffffff
         289142	     14355	800058b4	8c25	c.xor	x8,x9	  x8:0x00000000  x9:0x0000001e  x8=0x0000001e
         289182	     14357	800058b6	027f3533	mulhu	x10,x30,x7	 x30:0x0000001d  x7:0x80025ce4 x10=0x0000000e
         289202	     14358	800058ba	04bf5163	bge	x30,x11,800058fc	 x30:0x0000001d x11:0xffffffff
         289622	     14379	800058fc	41b15c33	sra	x24,x2,x27	  x2:0x80021e30 x27:0x00000000 x24=0x80021e30
         290022	     14399	80005900	29dfa213	slti	x4,x31,669	 x31:0x5cc80000  x4=0x00000000
         290042	     14400	80005904	41260bb3	sub	x23,x12,x18	 x12:0x00000000 x18:0xffffffff x23=0x00000001
         290202	     14408	80005908	01d01fb3	sll	x31,x0,x29	  x0:0x00000000 x29:0x1561551c x31=0x00000000
         290942	     14445	8000590c	030b6c33	rem	x24,x22,x16	 x22:0x00000000 x16:0x00000001 x24=0x00000000
         290962	     14446	80005910	41be07b3	sub	x15,x28,x27	 x28:0x00000000 x27:0x00000000 x15=0x00000000
         290982	     14447	80005914	70047337	lui	x6,0x70047	  x6=0x70047000
         291002	     14448	80005918	0a72	c.slli	x20,0x1c	 x20:0x0000001d x20=0xd0000000
         291022	     14449	8000591a	8c89	c.sub	x9,x10	  x9:0x0000001e x10:0x0000000e  x9=0x00000010
         291042	     14450	8000591c	860d	c.srai	x12,0x3	 x12:0x00000000 x12=0x00000000
         291062	     14451	8000591e	0001	c.addi	x0,0	  x0:0x00000000  x0=0x00000000
         291242	     14460	80005920	340c5df3	csrrwi	x27,mscratch,24	 x27=0x00000019
         291262	     14461	80005924	41f95513	srai	x10,x18,0x1f	 x18:0xffffffff x10=0xffffffff
         291282	     14462	80005928	8555	c.srai	x10,0x15	 x10:0xffffffff x10=0xffffffff
         291302	     14463	8000592a	340071f3	csrrci	x3,mscratch,0	  x3=0x00000018
         291322	     14464	8000592e	0001	c.addi	x0,0	  x0:0x00000000  x0=0x00000000
         291342	     14465	80005930	340febf3	csrrsi	x23,mscratch,31	 x23=0x00000018
         291362	     14466	80005934	340079f3	csrrci	x19,mscratch,0	 x19=0x0000001f
         311002	     15448	80005938	0143d733	srl	x14,x7,x20	  x7:0x80025ce4 x20:0xd0000000 x14=0x80025ce4
         311022	     15449	8000593c	962e	c.add	x12,x11	 x12:0x00000000 x11:0xffffffff x12=0xffffffff
         311042	     15450	8000593e	890f0693	addi	x13,x30,-1904	 x30:0x0000001d x13=0xfffff8ad
         311062	     15451	80005942	01c7d4b3	srl	x9,x15,x28	 x15:0x00000000 x28:0x00000000  x9=0x00000000
         311082	     15452	80005946	cc11	c.beqz	x8,80005962	  x8:0x0000001e
         311102	     15453	80005948	20a1ae93	slti	x29,x3,522	  x3:0x00000018 x29=0x00000001
         311122	     15454	8000594c	34003e73	csrrc	x28,mscratch,x0	  x0:0x00000000 x28=0x0000001f
         311342	     15465	80005950	0001	c.addi	x0,0	  x0:0x00000000  x0=0x00000000
         311362	     15466	80005952	0000100f	fence.i	
         311982	     15497	80005956	01c2d1b3	srl	x3,x5,x28	  x5:0xbc371846 x28:0x0000001f  x3=0x00000001
         312402	     15518	8000595a	e9cf3e93	sltiu	x29,x30,-356	 x30:0x0000001d x29=0x00000001
         312602	     15528	8000595e	340fd2f3	csrrwi	x5,mscratch,31	  x5=0x0000001f
         312622	     15529	80005962	8d81	c.sub	x11,x8	 x11:0xffffffff  x8:0x0000001e x11=0xffffffe1
         312642	     15530	80005964	00c790b3	sll	x1,x15,x12	 x15:0x00000000 x12:0xffffffff  x1=0x00000000
         312662	     15531	80005968	03538533	mul	x10,x7,x21	  x7:0x80025ce4 x21:0xffffffff x10=0x7ffda31c
         312782	     15537	8000596c	40da5213	srai	x4,x20,0xd	 x20:0xd0000000  x4=0xfffe8000
         312802	     15538	80005970	b3e36093	ori	x1,x6,-1218	  x6:0x70047000  x1=0xfffffb3e
         312822	     15539	80005974	6bbd	c.lui	x23,0xf	 x23=0x0000f000
         313042	     15550	80005976	01111f13	slli	x30,x2,0x11	  x2:0x80021e30 x30=0x3c600000
         313062	     15551	8000597a	34002873	csrrs	x16,mscratch,x0	  x0:0x00000000 x16=0x0000001f
         313462	     15571	8000597e	7fa97513	andi	x10,x18,2042	 x18:0xffffffff x10=0x000007fa
         313622	     15579	80005982	00e137b3	sltu	x15,x2,x14	  x2:0x80021e30 x14:0x80025ce4 x15=0x00000001
         313662	     15581	80005986	02b52f33	mulhsu	x30,x10,x11	 x10:0x000007fa x11:0xffffffe1 x30=0x000007f9
         313682	     15582	8000598a	9d96	c.add	x27,x5	 x27:0x00000019  x5:0x0000001f x27=0x00000038
         313702	     15583	8000598c	8c55	c.or	x8,x13	  x8:0x0000001e x13:0xfffff8ad  x8=0xfffff8bf
         313722	     15584	8000598e	04de	c.slli	x9,0x17	  x9:0x00000000  x9=0x00000000
         313862	     15591	80005990	b0de6a93	ori	x21,x28,-1267	 x28:0x0000001f x21=0xfffffb1f
         313882	     15592	80005994	89ad	c.andi	x11,11	 x11:0xffffffe1 x11=0x00000001
         314302	     15613	80005996	edc51cb7	lui	x25,0xedc51	 x25=0xedc51000
         314722	     15634	8000599a	02e6d463	bge	x13,x14,800059c2	 x13:0xfffff8ad x14:0x80025ce4
         315862	     15691	800059c2	035b5063	bge	x22,x21,800059e2	 x22:0x00000000 x21:0xfffffb1f
         316782	     15737	800059e2	078a	c.slli	x15,0x2	 x15:0x00000001 x15=0x00000004
         317202	     15758	800059e4	00da0033	add	x0,x20,x13	 x20:0xd0000000 x13:0xfffff8ad  x0=0x00000000
         317222	     15759	800059e8	0001	c.addi	x0,0	  x0:0x00000000  x0=0x00000000
         317642	     15780	800059ea	0023e6b3	or	x13,x7,x2	  x7:0x80025ce4  x2:0x80021e30 x13=0x80025ef4
         317662	     15781	800059ee	34085b73	csrrwi	x22,mscratch,16	 x22=0x0000001f
         317682	     15782	800059f2	84ba	c.mv	x9,x14	  x0:0x00000000 x14:0x80025ce4  x9=0x80025ce4
         317862	     15791	800059f4	01382ab3	slt	x21,x16,x19	 x16:0x0000001f x19:0x0000001f x21=0x00000000
         317882	     15792	800059f8	601d6413	ori	x8,x26,1537	 x26:0x00000000  x8=0x00000601
         317902	     15793	800059fc	38438693	addi	x13,x7,900	  x7:0x80025ce4 x13=0x80026068
         318022	     15799	80005a00	02e134b3	mulhu	x9,x2,x14	  x2:0x80021e30 x14:0x80025ce4  x9=0x40023d8f
         318042	     15800	80005a04	c277e237	lui	x4,0xc277e	  x4=0xc277e000
         318062	     15801	80005a08	0ff0000f	fence	iorw,iorw	
         318422	     15819	80005a0c	000c9613	slli	x12,x25,0x0	 x25:0xedc51000 x12=0xedc51000
         318542	     15825	80005a10	8f0e	c.mv	x30,x3	  x0:0x00000000  x3:0x00000001 x30=0x00000001
         318562	     15826	80005a12	010cd093	srli	x1,x25,0x10	 x25:0xedc51000  x1=0x0000edc5
         318742	     15835	80005a16	0e2a0a13	addi	x20,x20,226	 x20:0xd0000000 x20=0xd00000e2
         318762	     15836	80005a1a	003a1493	slli	x9,x20,0x3	 x20:0xd00000e2  x9=0x80000710
         319182	     15857	80005a1e	01099513	slli	x10,x19,0x10	 x19:0x0000001f x10=0x001f0000
         319442	     15870	80005a22	00d75a13	srli	x20,x14,0xd	 x14:0x80025ce4 x20=0x00040012
         319842	     15890	80005a26	00af9193	slli	x3,x31,0xa	 x31:0x00000000  x3=0x00000000
         319922	     15894	80005a2a	34003cf3	csrrc	x25,mscratch,x0	  x0:0x00000000 x25=0x00000010
         319942	     15895	80005a2e	05c9e163	bltu	x19,x28,80005a70	 x19:0x0000001f x28:0x0000001f
         320102	     15903	80005a32	0088d313	srli	x6,x17,0x8	 x17:0x00000000  x6=0x00000000
         320122	     15904	80005a36	811d	c.srli	x10,0x7	 x10:0x001f0000 x10=0x00003e00
         320142	     15905	80005a38	340061f3	csrrsi	x3,mscratch,0	  x3=0x00000010
         320362	     15916	80005a3c	70724ab7	lui	x21,0x70724	 x21=0x70724000
         320622	     15929	80005a40	34039b73	csrrw	x22,mscratch,x7	  x7:0x80025ce4 x22=0x00000010
         321462	     15971	80005a44	03c4db33	divu	x22,x9,x28	  x9:0x80000710 x28:0x0000001f x22=0x0421087c
         321482	     15972	80005a48	02c48063	beq	x9,x12,80005a68	  x9:0x80000710 x12:0xedc51000
         321502	     15973	80005a4c	000d78b3	and	x17,x26,x0	 x26:0x00000000  x0:0x00000000 x17=0x00000000
         321522	     15974	80005a50	37ee4313	xori	x6,x28,894	 x28:0x0000001f  x6=0x00000361
         321542	     15975	80005a54	0001	c.addi	x0,0	  x0:0x00000000  x0=0x00000000
         321562	     15976	80005a56	8be1	c.andi	x15,24	 x15:0x00000004 x15=0x00000000
         321582	     15977	80005a58	8db1	c.xor	x11,x12	 x11:0x00000001 x12:0xedc51000 x11=0xedc51001
         321622	     15979	80005a5a	02f5acb3	mulhsu	x25,x11,x15	 x11:0xedc51001 x15:0x00000000 x25=0x00000000
         321642	     15980	80005a5e	036b87b3	mul	x15,x23,x22	 x23:0x0000f000 x22:0x0421087c x15=0xf7f44000
         321662	     15981	80005a62	0001	c.addi	x0,0	  x0:0x00000000  x0=0x00000000
         322762	     16036	80005a64	0307f9b3	remu	x19,x15,x16	 x15:0xf7f44000 x16:0x0000001f x19=0x00000017
         322782	     16037	80005a68	03ff0733	mul	x14,x30,x31	 x30:0x00000001 x31:0x00000000 x14=0x00000000
         322802	     16038	80005a6c	340378f3	csrrci	x17,mscratch,6	 x17=0x80025ce4
         322822	     16039	80005a70	8f11	c.sub	x14,x12	 x14:0x00000000 x12:0xedc51000 x14=0x123af000
         322842	     16040	80005a72	3403d0f3	csrrwi	x1,mscratch,7	  x1=0x80025ce0
         322862	     16041	80005a76	340ea2f3	csrrs	x5,mscratch,x29	 x29:0x00000001  x5=0x00000007
         322882	     16042	80005a7a	cc99	c.beqz	x9,80005a98	  x9:0x80000710
         322902	     16043	80005a7c	340cfdf3	csrrci	x27,mscratch,25	 x27=0x00000007
         323022	     16049	80005a80	8d8d	c.sub	x11,x11	 x11:0xedc51001 x11:0xedc51001 x11=0x00000000
         323042	     16050	80005a82	0001	c.addi	x0,0	  x0:0x00000000  x0=0x00000000
         323342	     16065	80005a84	34079773	csrrw	x14,mscratch,x15	 x15:0xf7f44000 x14=0x00000006
         323742	     16085	80005a88	340da0f3	csrrs	x1,mscratch,x27	 x27:0x00000007  x1=0xf7f44000
         324162	     16106	80005a8c	5f79b7b7	lui	x15,0x5f79b	 x15=0x5f79b000
         324302	     16113	80005a90	d547ba97	auipc	x21,0xd547b	 x21=0x55480a90
         324322	     16114	80005a94	000f6bb3	or	x23,x30,x0	 x30:0x00000001  x0:0x00000000 x23=0x00000001
         324342	     16115	80005a98	400102b3	sub	x5,x2,x0	  x2:0x80021e30  x0:0x00000000  x5=0x80021e30
         325082	     16152	80005a9c	034f4fb3	div	x31,x30,x20	 x30:0x00000001 x20:0x00040012 x31=0x00000000
         325102	     16153	80005aa0	34002e73	csrrs	x28,mscratch,x0	  x0:0x00000000 x28=0xf7f44007
         325142	     16155	80005aa4	0224a033	mulhsu	x0,x9,x2	  x9:0x80000710  x2:0x80021e30  x0=0x00000000
         325162	     16156	80005aa8	624d	c.lui	x4,0x13	  x4=0x00013000
         325182	     16157	80005aaa	383ca493	slti	x9,x25,899	 x25:0x00000000  x9=0x00000001
         325202	     16158	80005aae	02d1ca63	blt	x3,x13,80005ae2	  x3:0x00000010 x13:0x80026068
         325222	     16159	80005ab2	014e1863	bne	x28,x20,80005ac2	 x28:0xf7f44007 x20:0x00040012
         326042	     16200	80005ac2	416451b3	sra	x3,x8,x22	  x8:0x00000601 x22:0x0421087c  x3=0x00000000
         326062	     16201	80005ac6	8e41	c.or	x12,x8	 x12:0xedc51000  x8:0x00000601 x12=0xedc51601
         326242	     16210	80005ac8	340034f3	csrrc	x9,mscratch,x0	  x0:0x00000000  x9=0xf7f44007
         326262	     16211	80005acc	694d	c.lui	x18,0x13	 x18=0x00013000
         326402	     16218	80005ace	018dd863	bge	x27,x24,80005ade	 x27:0x00000007 x24:0x00000000
         327082	     16252	80005ade	31517a13	andi	x20,x2,789	  x2:0x80021e30 x20=0x00000210
         327282	     16262	80005ae2	409d5c13	srai	x24,x26,0x9	 x26:0x00000000 x24=0x00000000
         327302	     16263	80005ae6	8192	c.mv	x3,x4	  x0:0x00000000  x4:0x00013000  x3=0x00013000
         327322	     16264	80005ae8	bbca4093	xori	x1,x20,-1092	 x20:0x00000210  x1=0xfffff9ac
         327522	     16274	80005aec	e08d	c.bnez	x9,80005b0e	  x9:0xf7f44007
         328442	     16320	80005b0e	987d	c.andi	x8,-1	  x8:0x00000601  x8=0x00000601
         328882	     16342	80005b10	875e	c.mv	x14,x23	  x0:0x00000000 x23:0x00000001 x14=0x00000001
         328942	     16345	80005b12	0000100f	fence.i	
         329502	     16373	80005b16	5cfd	c.li	x25,-1	 x25=0xffffffff
         329522	     16374	80005b18	21384293	xori	x5,x16,531	 x16:0x0000001f  x5=0x0000020c
         329542	     16375	80005b1c	00938763	beq	x7,x9,80005b2a	  x7:0x80025ce4  x9:0xf7f44007
         329742	     16385	80005b20	028e2f33	mulhsu	x30,x28,x8	 x28:0xf7f44007  x8:0x00000601 x30=0xffffffcf
         329922	     16394	80005b24	82e1	c.srli	x13,0x18	 x13:0x80026068 x13=0x00000080
         329942	     16395	80005b26	01b6a7b3	slt	x15,x13,x27	 x13:0x00000080 x27:0x00000007 x15=0x00000000
         331042	     16450	80005b2a	0370df33	divu	x30,x1,x23	  x1:0xfffff9ac x23:0x00000001 x30=0xfffff9ac
         331062	     16451	80005b2e	e321	c.bnez	x14,80005b6e	 x14:0x00000001
         331682	     16482	80005b6e	90410a93	addi	x21,x2,-1788	  x2:0x80021e30 x21=0x80021734
         331702	     16483	80005b72	01ed	c.addi	x3,27	  x3:0x00013000  x3=0x0001301b
         331822	     16489	80005b74	40ae5513	srai	x10,x28,0xa	 x28:0xf7f44007 x10=0xfffdfd10
         331962	     16496	80005b78	008a9233	sll	x4,x21,x8	 x21:0x80021734  x8:0x00000601  x4=0x00042e68
         331982	     16497	80005b7c	8fe2	c.mv	x31,x24	  x0:0x00000000 x24:0x00000000 x31=0x00000000
         332002	     16498	80005b7e	34001df3	csrrw	x27,mscratch,x0	  x0:0x00000000 x27=0xf7f44007
         332022	     16499	80005b82	8ee9	c.and	x13,x10	 x13:0x00000080 x10:0xfffdfd10 x13=0x00000000
         332882	     16542	80005b84	028158b3	divu	x17,x2,x8	  x2:0x80021e30  x8:0x00000601 x17=0x00155222
         332902	     16543	80005b88	8c91	c.sub	x9,x12	  x9:0xf7f44007 x12:0xedc51601  x9=0x0a2f2a06
         332922	     16544	80005b8a	0080a533	slt	x10,x1,x8	  x1:0xfffff9ac  x8:0x00000601 x10=0x00000001
         332942	     16545	80005b8e	0001	c.addi	x0,0	  x0:0x00000000  x0=0x00000000
         332962	     16546	80005b90	8e65	c.and	x12,x9	 x12:0xedc51601  x9:0x0a2f2a06 x12=0x08050200
         332982	     16547	80005b92	00989033	sll	x0,x17,x9	 x17:0x00155222  x9:0x0a2f2a06  x0=0x00000000
         333002	     16548	80005b96	5cf23fb7	lui	x31,0x5cf23	 x31=0x5cf23000
         333022	     16549	80005b9a	0c7e	c.slli	x24,0x1f	 x24:0x00000000 x24=0x00000000
         333062	     16551	80005b9c	034d24b3	mulhsu	x9,x26,x20	 x26:0x00000000 x20:0x00000210  x9=0x00000000
         333082	     16552	80005ba0	0001	c.addi	x0,0	  x0:0x00000000  x0=0x00000000
         333102	     16553	80005ba2	01ec0333	add	x6,x24,x30	 x24:0x00000000 x30:0xfffff9ac  x6=0xfffff9ac
         333242	     16560	80005ba6	34075a73	csrrwi	x20,mscratch,14	 x20=0x00000000
         333982	     16597	80005baa	023aedb3	rem	x27,x21,x3	 x21:0x80021734  x3:0x0001301b x27=0xffff143e
         334002	     16598	80005bae	14118f13	addi	x30,x3,321	  x3:0x0001301b x30=0x0001315c
         334022	     16599	80005bb2	00b8b233	sltu	x4,x17,x11	 x17:0x00155222 x11:0x00000000  x4=0x00000000
         334042	     16600	80005bb6	3d84bb97	auipc	x23,0x3d84b	 x23=0xbd850bb6
         334062	     16601	80005bba	8b95	c.andi	x15,5	 x15:0x00000000 x15=0x00000000
         334082	     16602	80005bbc	004c7db3	and	x27,x24,x4	 x24:0x00000000  x4:0x00000000 x27=0x00000000
         334102	     16603	80005bc0	0001	c.addi	x0,0	  x0:0x00000000  x0=0x00000000
         334122	     16604	80005bc2	0ff0000f	fence	iorw,iorw	
         334922	     16644	80005bc6	03f2e9b3	rem	x19,x5,x31	  x5:0x0000020c x31:0x5cf23000 x19=0x0000020c
         334942	     16645	80005bca	014e5713	srli	x14,x28,0x14	 x28:0xf7f44007 x14=0x00000f7f
         334962	     16646	80005bce	8d09	c.sub	x10,x10	 x10:0x00000001 x10:0x00000001 x10=0x00000000
         334982	     16647	80005bd0	8f25	c.xor	x14,x9	 x14:0x00000f7f  x9:0x00000000 x14=0x00000f7f
         335002	     16648	80005bd2	01641263	bne	x8,x22,80005bd6	  x8:0x00000601 x22:0x0421087c
         335662	     16681	80005bd6	02d56563	bltu	x10,x13,80005c00	 x10:0x00000000 x13:0x00000000
         336402	     16718	80005bda	03065933	divu	x18,x12,x16	 x12:0x08050200 x16:0x0000001f x18=0x004239de
         336422	     16719	80005bde	01fc9b63	bne	x25,x31,80005bf4	 x25:0xffffffff x31:0x5cf23000
         336622	     16729	80005bf4	864e	c.mv	x12,x19	  x0:0x00000000 x19:0x0000020c x12=0x0000020c
         336642	     16730	80005bf6	8c6d	c.and	x8,x11	  x8:0x00000601 x11:0x00000000  x8=0x00000000
         337402	     16768	80005bf8	01809e93	slli	x29,x1,0x18	  x1:0xfffff9ac x29=0xac000000
         338182	     16807	80005bfc	03936e33	rem	x28,x6,x25	  x6:0xfffff9ac x25:0xffffffff x28=0x00000000
         338202	     16808	80005c00	8c0d	c.sub	x8,x11	  x8:0x00000000 x11:0x00000000  x8=0x00000000
         338242	     16810	80005c02	02d0bfb3	mulhu	x31,x1,x13	  x1:0xfffff9ac x13:0x00000000 x31=0x00000000
         338262	     16811	80005c06	0028e763	bltu	x17,x2,80005c14	 x17:0x00155222  x2:0x80021e30
         338302	     16813	80005c14	8dd1	c.or	x11,x12	 x11:0x00000000 x12:0x0000020c x11=0x0000020c
         338322	     16814	80005c16	0001	c.addi	x0,0	  x0:0x00000000  x0=0x00000000
         339502	     16873	80005c18	02c062b3	rem	x5,x0,x12	  x0:0x00000000 x12:0x0000020c  x5=0x00000000
         339522	     16874	80005c1c	8319	c.srli	x14,0x6	 x14:0x00000f7f x14=0x0000003d
         339542	     16875	80005c1e	4087d9b3	sra	x19,x15,x8	 x15:0x00000000  x8:0x00000000 x19=0x00000000
         339562	     16876	80005c22	01bcaa33	slt	x20,x25,x27	 x25:0xffffffff x27:0x00000000 x20=0x00000001
         339582	     16877	80005c26	00c6d093	srli	x1,x13,0xc	 x13:0x00000000  x1=0x00000000
         339602	     16878	80005c2a	34007af3	csrrci	x21,mscratch,0	 x21=0x0000000e
         339622	     16879	80005c2e	8051	c.srli	x8,0x14	  x8:0x00000000  x8=0x00000000
         339642	     16880	80005c30	cc19	c.beqz	x8,80005c4e	  x8:0x00000000
         340722	     16934	80005c4e	34007873	csrrci	x16,mscratch,0	 x16=0x0000000e
         340742	     16935	80005c52	6c11	c.lui	x24,0x4	 x24=0x00004000
         340762	     16936	80005c54	340f9e73	csrrw	x28,mscratch,x31	 x31:0x00000000 x28=0x0000000e
         341202	     16958	80005c58	024310b3	mulh	x1,x6,x4	  x6:0xfffff9ac  x4:0x00000000  x1=0x00000000
         341222	     16959	80005c5c	ce7d2537	lui	x10,0xce7d2	 x10=0xce7d2000
         341362	     16966	80005c60	013b9193	slli	x3,x23,0x13	 x23:0xbd850bb6  x3=0x5db00000
         341382	     16967	80005c64	834d	c.srli	x14,0x13	 x14:0x0000003d x14=0x00000000
         341402	     16968	80005c66	0000100f	fence.i	
         349422	     17369	80005c6a	44336913	ori	x18,x6,1091	  x6:0xfffff9ac x18=0xfffffdef
         349442	     17370	80005c6e	04610063	beq	x2,x6,80005cae	  x2:0x80021e30  x6:0xfffff9ac
         349462	     17371	80005c72	c115	c.beqz	x10,80005c96	 x10:0xce7d2000
         349502	     17373	80005c74	02955233	divu	x4,x10,x9	 x10:0xce7d2000  x9:0x00000000  x4=0xffffffff
         349522	     17374	80005c78	02c1ea63	bltu	x3,x12,80005cac	  x3:0x5db00000 x12:0x0000020c
         349542	     17375	80005c7c	9e9a	c.add	x29,x6	 x29:0xac000000  x6:0xfffff9ac x29=0xabfff9ac
         349562	     17376	80005c7e	01ab9733	sll	x14,x23,x26	 x23:0xbd850bb6 x26:0x00000000 x14=0xbd850bb6
         349582	     17377	80005c82	00b5e0b3	or	x1,x11,x11	 x11:0x0000020c x11:0x0000020c  x1=0x0000020c
         349602	     17378	80005c86	64f9	c.lui	x9,0x1e	  x9=0x0001e000
         349742	     17385	80005c88	02ff9533	mulh	x10,x31,x15	 x31:0x00000000 x15:0x00000000 x10=0x00000000
         349762	     17386	80005c8c	031d0533	mul	x10,x26,x17	 x26:0x00000000 x17:0x00155222 x10=0x00000000
         349802	     17388	80005c90	0001	c.addi	x0,0	  x0:0x00000000  x0=0x00000000
         349862	     17391	80005c92	c27ebb17	auipc	x22,0xc27eb	 x22=0x427f0c92
         349882	     17392	80005c96	8d19	c.sub	x10,x14	 x10:0x00000000 x14:0xbd850bb6 x10=0x427af44a
         350182	     17407	80005c98	80bb2e13	slti	x28,x22,-2037	 x22:0x427f0c92 x28=0x00000000
         350222	     17409	80005c9c	34009473	csrrw	x8,mscratch,x1	  x1:0x0000020c  x8=0x00000000
         350242	     17410	80005ca0	011299b3	sll	x19,x5,x17	  x5:0x00000000 x17:0x00155222 x19=0x00000000
         350382	     17417	80005ca4	00025313	srli	x6,x4,0x0	  x4:0xffffffff  x6=0xffffffff
         350402	     17418	80005ca8	340a3bf3	csrrc	x23,mscratch,x20	 x20:0x00000001 x23=0x0000020c
         350422	     17419	80005cac	9fe2	c.add	x31,x24	 x31:0x00000000 x24:0x00004000 x31=0x00004000
         350462	     17421	80005cae	03edb033	mulhu	x0,x27,x30	 x27:0x00000000 x30:0x0001315c  x0=0x00000000
         350482	     17422	80005cb2	1cfd	c.addi	x25,-1	 x25:0xffffffff x25=0xfffffffe
         350502	     17423	80005cb4	8a93a613	slti	x12,x7,-1879	  x7:0x80025ce4 x12=0x00000001
         350702	     17433	80005cb8	34007373	csrrci	x6,mscratch,0	  x6=0x0000020c
         350882	     17442	80005cbc	021e	c.slli	x4,0x7	  x4:0xffffffff  x4=0xffffff80
         350902	     17443	80005cbe	04f2	c.slli	x9,0x1c	  x9:0x0001e000  x9=0x00000000
         350922	     17444	80005cc0	340065f3	csrrsi	x11,mscratch,0	 x11=0x0000020c
         351322	     17464	80005cc4	03260a33	mul	x20,x12,x18	 x12:0x00000001 x18:0xfffffdef x20=0xfffffdef
         351442	     17470	80005cc8	9afd	c.andi	x13,-1	 x13:0x00000000 x13=0x00000000
         351462	     17471	80005cca	340dd773	csrrwi	x14,mscratch,27	 x14=0x0000020c
         351482	     17472	80005cce	d6b84693	xori	x13,x16,-661	 x16:0x0000000e x13=0xfffffd65
         351502	     17473	80005cd2	34006473	csrrsi	x8,mscratch,0	  x8=0x0000001b
         351522	     17474	80005cd6	00508f33	add	x30,x1,x5	  x1:0x0000020c  x5:0x00000000 x30=0x0000020c
         351682	     17482	80005cda	01d95cb3	srl	x25,x18,x29	 x18:0xfffffdef x29:0xabfff9ac x25=0x000fffff
         351862	     17491	80005cde	34006ff3	csrrsi	x31,mscratch,0	 x31=0x0000001b
         351882	     17492	80005ce2	0c85	c.addi	x25,1	 x25:0x000fffff x25=0x00100000
         351902	     17493	80005ce4	01415bb3	srl	x23,x2,x20	  x2:0x80021e30 x20:0xfffffdef x23=0x00010004
         352302	     17513	80005ce8	80c82493	slti	x9,x16,-2036	 x16:0x0000000e  x9=0x00000000
         352482	     17522	80005cec	020c7663	bgeu	x24,x0,80005d18	 x24:0x00004000  x0:0x00000000
         354142	     17605	80005d18	028087b3	mul	x15,x1,x8	  x1:0x0000020c  x8:0x0000001b x15=0x00003744
         354182	     17607	80005d1c	0001	c.addi	x0,0	  x0:0x00000000  x0=0x00000000
         354562	     17626	80005d1e	00765233	srl	x4,x12,x7	 x12:0x00000001  x7:0x80025ce4  x4=0x00000000
         354582	     17627	80005d22	416c89b3	sub	x19,x25,x22	 x25:0x00100000 x22:0x427f0c92 x19=0xbd90f36e
         354602	     17628	80005d26	263a6e93	ori	x29,x20,611	 x20:0xfffffdef x29=0xffffffef
         355022	     17649	80005d2a	34007e73	csrrci	x28,mscratch,0	 x28=0x0000001b
         355262	     17661	80005d2e	ccc9e693	ori	x13,x19,-820	 x19:0xbd90f36e x13=0xffffffee
         355282	     17662	80005d32	8589	c.srai	x11,0x2	 x11:0x0000020c x11=0x00000083
         355302	     17663	80005d34	003ddd63	bge	x27,x3,80005d4e	 x27:0x00000000  x3:0x5db00000
         355482	     17672	80005d38	8e9d	c.sub	x13,x15	 x13:0xffffffee x15:0x00003744 x13=0xffffc8aa
         355522	     17674	80005d3a	340c5cf3	csrrwi	x25,mscratch,24	 x25=0x0000001b
         355802	     17688	80005d3e	34007ff3	csrrci	x31,mscratch,0	 x31=0x00000018
         355962	     17696	80005d42	00fe6e63	bltu	x28,x15,80005d5e	 x28:0x0000001b x15:0x00003744
         358362	     17816	80005d5e	01c1e833	or	x16,x3,x28	  x3:0x5db00000 x28:0x0000001b x16=0x5db0001b
         358382	     17817	80005d62	01b4c733	xor	x14,x9,x27	  x9:0x00000000 x27:0x00000000 x14=0x00000000
         358402	     17818	80005d66	00b3bbb3	sltu	x23,x7,x11	  x7:0x80025ce4 x11:0x00000083 x23=0x00000000
         359542	     17875	80005d6a	03697733	remu	x14,x18,x22	 x18:0xfffffdef x22:0x427f0c92 x14=0x3882d839
         359562	     17876	80005d6e	0016deb3	srl	x29,x13,x1	 x13:0xffffc8aa  x1:0x0000020c x29=0x000ffffc
         359582	     17877	80005d72	3402d273	csrrwi	x4,mscratch,5	  x4=0x00000018
         359602	     17878	80005d76	8ff1	c.and	x15,x12	 x15:0x00003744 x12:0x00000001 x15=0x00000000
         360342	     17915	80005d78	021c6233	rem	x4,x24,x1	 x24:0x00004000  x1:0x0000020c  x4=0x0000008c
         360362	     17916	80005d7c	02965063	bge	x12,x9,80005d9c	 x12:0x00000001  x9:0x00000000
         360442	     17920	80005d9c	016ad4b3	srl	x9,x21,x22	 x21:0x0000000e x22:0x427f0c92  x9=0x00000000
         360502	     17923	80005da0	87890293	addi	x5,x18,-1928	 x18:0xfffffdef  x5=0xfffff667
         360642	     17930	80005da4	010dd893	srli	x17,x27,0x10	 x27:0x00000000 x17=0x00000000
         360682	     17932	80005da8	01678cb3	add	x25,x15,x22	 x15:0x00000000 x22:0x427f0c92 x25=0x427f0c92
         360702	     17933	80005dac	01ffa8b3	slt	x17,x31,x31	 x31:0x00000018 x31:0x00000018 x17=0x00000000
         360822	     17939	80005db0	3409b1f3	csrrc	x3,mscratch,x19	 x19:0xbd90f36e  x3=0x00000005
         360842	     17940	80005db4	013ae233	or	x4,x21,x19	 x21:0x0000000e x19:0xbd90f36e  x4=0xbd90f36e
         361262	     17961	80005db8	41bedab3	sra	x21,x29,x27	 x29:0x000ffffc x27:0x00000000 x21=0x000ffffc
         361682	     17982	80005dbc	018f9693	slli	x13,x31,0x18	 x31:0x00000018 x13=0x18000000
         361722	     17984	80005dc0	00ccd433	srl	x8,x25,x12	 x25:0x427f0c92 x12:0x00000001  x8=0x213f8649
         361742	     17985	80005dc4	34062df3	csrrs	x27,mscratch,x12	 x12:0x00000001 x27=0x00000001
         362002	     17998	80005dc8	ca15	c.beqz	x12,80005dfc	 x12:0x00000001
         362022	     17999	80005dca	8e39	c.xor	x12,x14	 x12:0x00000001 x14:0x3882d839 x12=0x3882d838
         362042	     18000	80005dcc	40b54613	xori	x12,x10,1035	 x10:0x427af44a x12=0x427af041
         362462	     18021	80005dd0	86f1	c.srai	x13,0x1c	 x13:0x18000000 x13=0x00000001
         363202	     18058	80005dd2	0364d633	divu	x12,x9,x22	  x9:0x00000000 x22:0x427f0c92 x12=0x00000000
         363222	     18059	80005dd6	8fd9	c.or	x15,x14	 x15:0x00000000 x14:0x3882d839 x15=0x3882d839
         363242	     18060	80005dd8	0ff0000f	fence	iorw,iorw	
         363262	     18061	80005ddc	0001	c.addi	x0,0	  x0:0x00000000  x0=0x00000000
         363282	     18062	80005dde	86fd	c.srai	x13,0x1f	 x13:0x00000001 x13=0x00000000
         364022	     18099	80005de0	028a7733	remu	x14,x20,x8	 x20:0xfffffdef  x8:0x213f8649 x14=0x174351f0
         364762	     18136	80005de4	02425933	divu	x18,x4,x4	  x4:0xbd90f36e  x4:0xbd90f36e x18=0x00000001
         364782	     18137	80005de8	879d	c.srai	x15,0x7	 x15:0x3882d839 x15=0x007105b0
         364802	     18138	80005dea	71cf2293	slti	x5,x30,1820	 x30:0x0000020c  x5=0x00000001
         364822	     18139	80005dee	5317ea17	auipc	x20,0x5317e	 x20=0xd3183dee
         364842	     18140	80005df2	415ed093	srai	x1,x29,0x15	 x29:0x000ffffc  x1=0x00000000
         364862	     18141	80005df6	c896be93	sltiu	x29,x13,-887	 x13:0x00000000 x29=0x00000001
         364882	     18142	80005dfa	8e65	c.and	x12,x9	 x12:0x00000000  x9:0x00000000 x12=0x00000000
         365622	     18179	80005dfc	0323f933	remu	x18,x7,x18	  x7:0x80025ce4 x18:0x00000001 x18=0x00000000
         365642	     18180	80005e00	8769	c.srai	x14,0x1a	 x14:0x174351f0 x14=0x00000005
         365662	     18181	80005e02	01f88033	add	x0,x17,x31	 x17:0x00000000 x31:0x00000018  x0=0x00000000
         365682	     18182	80005e06	8f01	c.sub	x14,x8	 x14:0x00000005  x8:0x213f8649 x14=0xdec079bc
         365702	     18183	80005e08	5a7d	c.li	x20,-1	 x20=0xffffffff
         366442	     18220	80005e0a	03f3d2b3	divu	x5,x7,x31	  x7:0x80025ce4 x31:0x00000018  x5=0x05556e89
         366462	     18221	80005e0e	0001	c.addi	x0,0	  x0:0x00000000  x0=0x00000000
         366482	     18222	80005e10	4f75	c.li	x30,29	 x30=0x0000001d
         366502	     18223	80005e12	8ed5	c.or	x13,x13	 x13:0x00000000 x13:0x00000000 x13=0x00000000
         366522	     18224	80005e14	0079e533	or	x10,x19,x7	 x19:0xbd90f36e  x7:0x80025ce4 x10=0xbd92ffee
         366542	     18225	80005e18	34ca4e93	xori	x29,x20,844	 x20:0xffffffff x29=0xfffffcb3
         366562	     18226	80005e1c	01adfb33	and	x22,x27,x26	 x27:0x00000001 x26:0x00000000 x22=0x00000000
         366582	     18227	80005e20	82c9	c.srli	x13,0x12	 x13:0x00000000 x13=0x00000000
         366602	     18228	80005e22	340038f3	csrrc	x17,mscratch,x0	  x0:0x00000000 x17=0x00000001
         367042	     18250	80005e26	01019793	slli	x15,x3,0x10	  x3:0x00000005 x15=0x00050000
         367182	     18257	80005e2a	03d24e63	blt	x4,x29,80005e66	  x4:0xbd90f36e x29:0xfffffcb3
         367862	     18291	80005e66	40f5dc13	srai	x24,x11,0xf	 x11:0x00000083 x24=0x00000000
         367882	     18292	80005e6a	849d	c.srai	x9,0x7	  x9:0x00000000  x9=0x00000000
         368282	     18312	80005e6c	e515	c.bnez	x10,80005e98	 x10:0xbd92ffee
         368922	     18344	80005e98	f3d26c13	ori	x24,x4,-195	  x4:0xbd90f36e x24=0xffffff7f
         369262	     18361	80005e9c	df6fba93	sltiu	x21,x31,-522	 x31:0x00000018 x21=0x00000001
         369682	     18382	80005ea0	23146913	ori	x18,x8,561	  x8:0x213f8649 x18=0x213f8679
         369702	     18383	80005ea4	00d2d413	srli	x8,x5,0xd	  x5:0x05556e89  x8=0x00002aab
         370122	     18404	80005ea8	0000100f	fence.i	
         370702	     18433	80005eac	01a081b3	add	x3,x1,x26	  x1:0x00000000 x26:0x00000000  x3=0x00000000
         370722	     18434	80005eb0	dd2abd93	sltiu	x27,x21,-558	 x21:0x00000001 x27=0x00000001
         370902	     18443	80005eb4	0ff0000f	fence	iorw,iorw	
         370922	     18444	80005eb8	001d6db3	or	x27,x26,x1	 x26:0x00000000  x1:0x00000000 x27=0x00000000
         371242	     18460	80005ebc	9a7d	c.andi	x12,-1	 x12:0x00000000 x12=0x00000000
         371262	     18461	80005ebe	b621e693	ori	x13,x3,-1182	  x3:0x00000000 x13=0xfffffb62
         371282	     18462	80005ec2	34006073	csrrsi	x0,mscratch,0	  x0=0x00000000
         371302	     18463	80005ec6	34033ff3	csrrc	x31,mscratch,x6	  x6:0x0000020c x31=0x00000001
         371322	     18464	80005eca	975a	c.add	x14,x22	 x14:0xdec079bc x22:0x00000000 x14=0xdec079bc
         371342	     18465	80005ecc	01a1dc13	srli	x24,x3,0x1a	  x3:0x00000000 x24=0x00000000
         371442	     18470	80005ed0	77d63f17	auipc	x30,0x77d63	 x30=0xf7d68ed0
         371862	     18491	80005ed4	402bd813	srai	x16,x23,0x2	 x23:0x00000000 x16=0x00000000
         372062	     18501	80005ed8	9772	c.add	x14,x28	 x14:0xdec079bc x28:0x0000001b x14=0xdec079d7
         372082	     18502	80005eda	01d92033	slt	x0,x18,x29	 x18:0x213f8679 x29:0xfffffcb3  x0=0x00000000
         372122	     18504	80005ede	0325a4b3	mulhsu	x9,x11,x18	 x11:0x00000083 x18:0x213f8679  x9=0x00000011
         372142	     18505	80005ee2	7eba8a93	addi	x21,x21,2027	 x21:0x00000001 x21=0x000007ec
         372162	     18506	80005ee6	b755d7b7	lui	x15,0xb755d	 x15=0xb755d000
         372182	     18507	80005eea	40da5933	sra	x18,x20,x13	 x20:0xffffffff x13:0xfffffb62 x18=0xffffffff
         372442	     18520	80005eee	edd854b7	lui	x9,0xedd85	  x9=0xedd85000
         372482	     18522	80005ef2	02c6c0b3	div	x1,x13,x12	 x13:0xfffffb62 x12:0x00000000  x1=0xffffffff
         372502	     18523	80005ef6	0001	c.addi	x0,0	  x0:0x00000000  x0=0x00000000
         372562	     18526	80005ef8	0ff0000f	fence	iorw,iorw	
         372582	     18527	80005efc	a50b6bb7	lui	x23,0xa50b6	 x23=0xa50b6000
         373002	     18548	80005f00	00c25613	srli	x12,x4,0xc	  x4:0xbd90f36e x12=0x000bd90f
         373022	     18549	80005f04	0001	c.addi	x0,0	  x0:0x00000000  x0=0x00000000
         373042	     18550	80005f06	0000100f	fence.i	
         373622	     18579	80005f0a	005e9933	sll	x18,x29,x5	 x29:0xfffffcb3  x5:0x05556e89 x18=0xfff96600
         373642	     18580	80005f0e	0001	c.addi	x0,0	  x0:0x00000000  x0=0x00000000
         373662	     18581	80005f10	00bc1893	slli	x17,x24,0xb	 x24:0x00000000 x17=0x00000000
         373762	     18586	80005f14	0001	c.addi	x0,0	  x0:0x00000000  x0=0x00000000
         374622	     18629	80005f16	022e5fb3	divu	x31,x28,x2	 x28:0x0000001b  x2:0x80021e30 x31=0x00000000
         374642	     18630	80005f1a	0b61	c.addi	x22,24	 x22:0x00000000 x22=0x00000018
         374662	     18631	80005f1c	01661263	bne	x12,x22,80005f20	 x12:0x000bd90f x22:0x00000018
         374742	     18635	80005f20	017d4a33	xor	x20,x26,x23	 x26:0x00000000 x23:0xa50b6000 x20=0xa50b6000
         375162	     18656	80005f24	8bb9	c.andi	x15,14	 x15:0xb755d000 x15=0x00000000
         375182	     18657	80005f26	340bb573	csrrc	x10,mscratch,x23	 x23:0xa50b6000 x10=0x00000001
         375222	     18659	80005f2a	9ae7a513	slti	x10,x15,-1618	 x15:0x00000000 x10=0x00000000
         375522	     18674	80005f2e	d2e44c13	xori	x24,x8,-722	  x8:0x00002aab x24=0xffffd785
         375542	     18675	80005f32	01eb7cb3	and	x25,x22,x30	 x22:0x00000018 x30:0xf7d68ed0 x25=0x00000010
         375702	     18683	80005f36	015c4533	xor	x10,x24,x21	 x24:0xffffd785 x21:0x000007ec x10=0xffffd069
         375722	     18684	80005f3a	8195	c.srli	x11,0x5	 x11:0x00000083 x11=0x00000004
         375742	     18685	80005f3c	0001	c.addi	x0,0	  x0:0x00000000  x0=0x00000000
         375762	     18686	80005f3e	40af82b3	sub	x5,x31,x10	 x31:0x00000000 x10:0xffffd069  x5=0x00002f97
         375782	     18687	80005f42	67e1	c.lui	x15,0x18	 x15=0x00018000
         375862	     18691	80005f44	034f5163	bge	x30,x20,80005f66	 x30:0xf7d68ed0 x20:0xa50b6000
         376422	     18719	80005f66	83e9	c.srli	x15,0x1a	 x15:0x00018000 x15=0x00000000
         376442	     18720	80005f68	8e7d	c.and	x12,x15	 x12:0x000bd90f x15:0x00000000 x12=0x00000000
         376462	     18721	80005f6a	e109	c.bnez	x10,80005f6c	 x10:0xffffd069
         376822	     18739	80005f6c	03a4c6b3	div	x13,x9,x26	  x9:0xedd85000 x26:0x00000000 x13=0xffffffff
         376942	     18745	80005f70	340296f3	csrrw	x13,mscratch,x5	  x5:0x00002f97 x13=0x00000001
         376982	     18747	80005f74	60562613	slti	x12,x12,1541	 x12:0x00000000 x12=0x00000001
         377102	     18753	80005f78	340039f3	csrrc	x19,mscratch,x0	  x0:0x00000000 x19=0x00002f97
         377182	     18757	80005f7c	0303e033	rem	x0,x7,x16	  x7:0x80025ce4 x16:0x00000000  x0=0x00000000
         377202	     18758	80005f80	02464263	blt	x12,x4,80005fa4	 x12:0x00000001  x4:0xbd90f36e
         386142	     19205	80005f84	00ececb3	or	x25,x25,x14	 x25:0x00000010 x14:0xdec079d7 x25=0xdec079d7
         386162	     19206	80005f88	03919e63	bne	x3,x25,80005fc4	  x3:0x00000000 x25:0xdec079d7
         386242	     19210	80005fc4	8c51	c.or	x8,x12	  x8:0x00002aab x12:0x00000001  x8=0x00002aab
         387002	     19248	80005fc6	03d74633	div	x12,x14,x29	 x14:0xdec079d7 x29:0xfffffcb3 x12=0x000a12a3
         387022	     19249	80005fca	00ade7b3	or	x15,x27,x10	 x27:0x00000000 x10:0xffffd069 x15=0xffffd069
         387042	     19250	80005fce	c5357493	andi	x9,x10,-941	 x10:0xffffd069  x9=0xffffd041
         387062	     19251	80005fd2	96d6	c.add	x13,x21	 x13:0x00000001 x21:0x000007ec x13=0x000007ed
         387082	     19252	80005fd4	3400fc73	csrrci	x24,mscratch,1	 x24=0x00002f97
         387102	     19253	80005fd8	8c91	c.sub	x9,x12	  x9:0xffffd041 x12:0x000a12a3  x9=0xfff5bd9e
         387122	     19254	80005fda	010626b3	slt	x13,x12,x16	 x12:0x000a12a3 x16:0x00000000 x13=0x00000000
         387142	     19255	80005fde	00254b33	xor	x22,x10,x2	 x10:0xffffd069  x2:0x80021e30 x22=0x7ffdce59
         387302	     19263	80005fe2	00020b63	beq	x4,x0,80005ff8	  x4:0xbd90f36e  x0:0x00000000
         387322	     19264	80005fe6	0d86	c.slli	x27,0x1	 x27:0x00000000 x27=0x00000000
         387342	     19265	80005fe8	ddc77f93	andi	x31,x14,-548	 x14:0xdec079d7 x31=0xdec079d4
         387442	     19270	80005fec	03c92a33	mulhsu	x20,x18,x28	 x18:0xfff96600 x28:0x0000001b x20=0xffffffff
         387502	     19273	80005ff0	419604b3	sub	x9,x12,x25	 x12:0x000a12a3 x25:0xdec079d7  x9=0x214998cc
         387702	     19283	80005ff4	023667b3	rem	x15,x12,x3	 x12:0x000a12a3  x3:0x00000000 x15=0x000a12a3
         388602	     19328	80005ff8	025659b3	divu	x19,x12,x5	 x12:0x000a12a3  x5:0x00002f97 x19=0x00000036
         388622	     19329	80005ffc	29573d93	sltiu	x27,x14,661	 x14:0xdec079d7 x27=0x00000000
         388642	     19330	80006000	02f904b3	mul	x9,x18,x15	 x18:0xfff96600 x15:0x000a12a3  x9=0x80f7f200
         388662	     19331	80006004	02807763	bgeu	x0,x8,80006032	  x0:0x00000000  x8:0x00002aab
         388682	     19332	80006008	00f83033	sltu	x0,x16,x15	 x16:0x00000000 x15:0x000a12a3  x0=0x00000000
         388902	     19343	8000600c	34003a73	csrrc	x20,mscratch,x0	  x0:0x00000000 x20=0x00002f96
         389082	     19352	80006010	04fc7463	bgeu	x24,x15,80006058	 x24:0x00002f97 x15:0x000a12a3
         389102	     19353	80006014	016b9813	slli	x16,x23,0x16	 x23:0xa50b6000 x16=0x00000000
         389182	     19357	80006018	b15a2597	auipc	x11,0xb15a2	 x11=0x315a8018
         389342	     19365	8000601c	7b250d93	addi	x27,x10,1970	 x10:0xffffd069 x27=0xffffd81b
         389462	     19371	80006020	bfaf8993	addi	x19,x31,-1030	 x31:0xdec079d4 x19=0xdec075ce
         389482	     19372	80006024	340db4f3	csrrc	x9,mscratch,x27	 x27:0xffffd81b  x9=0x00002f96
         389502	     19373	80006028	0ff0000f	fence	iorw,iorw	
         389922	     19394	8000602c	34003a73	csrrc	x20,mscratch,x0	  x0:0x00000000 x20=0x00002784
         389942	     19395	80006030	092a	c.slli	x18,0xa	 x18:0xfff96600 x18=0xe5980000
         390362	     19416	80006032	0180dbb3	srl	x23,x1,x24	  x1:0xffffffff x24:0x00002f97 x23=0x000001ff
         390382	     19417	80006036	0012a533	slt	x10,x5,x1	  x5:0x00002f97  x1:0xffffffff x10=0x00000000
         390802	     19438	8000603a	c9548913	addi	x18,x9,-875	  x9:0x00002f96 x18=0x00002c2b
         390842	     19440	8000603e	03d71433	mulh	x8,x14,x29	 x14:0xdec079d7 x29:0xfffffcb3  x8=0x0000006d
         391002	     19448	80006042	01dcc233	xor	x4,x25,x29	 x25:0xdec079d7 x29:0xfffffcb3  x4=0x213f8564
         391022	     19449	80006046	0118e433	or	x8,x17,x17	 x17:0x00000000 x17:0x00000000  x8=0x00000000
         391102	     19453	8000604a	340d9573	csrrw	x10,mscratch,x27	 x27:0xffffd81b x10=0x00002784
         391122	     19454	8000604e	340a1273	csrrw	x4,mscratch,x20	 x20:0x00002784  x4=0xffffd81b
         391142	     19455	80006052	0001	c.addi	x0,0	  x0:0x00000000  x0=0x00000000
         391542	     19475	80006054	00b87db3	and	x27,x16,x11	 x16:0x00000000 x11:0x315a8018 x27=0x00000000
         391722	     19484	80006058	043a0263	beq	x20,x3,8000609c	 x20:0x00002784  x3:0x00000000
         391842	     19490	8000605c	8d9d	c.sub	x11,x15	 x11:0x315a8018 x15:0x000a12a3 x11=0x31506d75
         391882	     19492	8000605e	013f5863	bge	x30,x19,8000606e	 x30:0xf7d68ed0 x19:0xdec075ce
         392422	     19519	8000606e	1e9acb13	xori	x22,x21,489	 x21:0x000007ec x22=0x00000605
         392442	     19520	80006072	6af9	c.lui	x21,0x1e	 x21=0x0001e000
         393182	     19557	80006074	0294de33	divu	x28,x9,x9	  x9:0x00002f96  x9:0x00002f96 x28=0x00000001
         393202	     19558	80006078	03354063	blt	x10,x19,80006098	 x10:0x00002784 x19:0xdec075ce
         393222	     19559	8000607c	0111ef33	or	x30,x3,x17	  x3:0x00000000 x17:0x00000000 x30=0x00000000
         393242	     19560	80006080	8cd9	c.or	x9,x14	  x9:0x00002f96 x14:0xdec079d7  x9=0xdec07fd7
         393982	     19597	80006082	038b5db3	divu	x27,x22,x24	 x22:0x00000605 x24:0x00002f97 x27=0x00000000
         394002	     19598	80006086	ec01	c.bnez	x8,8000609e	  x8:0x00000000
         394022	     19599	80006088	3402a1f3	csrrs	x3,mscratch,x5	  x5:0x00002f97  x3=0x00002784
         394042	     19600	8000608c	01229b63	bne	x5,x18,800060a2	  x5:0x00002f97 x18:0x00002c2b
         394142	     19605	800060a2	00de1e63	bne	x28,x13,800060be	 x28:0x00000001 x13:0x00000000
         395402	     19668	800060be	03961763	bne	x12,x25,800060ec	 x12:0x000a12a3 x25:0xdec079d7
         396462	     19721	800060ec	03ff2f33	mulhsu	x30,x30,x31	 x30:0x00000000 x31:0xdec079d4 x30=0x00000000
         396982	     19747	800060f0	00ebf7b3	and	x15,x23,x14	 x23:0x000001ff x14:0xdec079d7 x15=0x000001d7
         397002	     19748	800060f4	340a9373	csrrw	x6,mscratch,x21	 x21:0x0001e000  x6=0x00002f97
         397082	     19752	800060f8	0765	c.addi	x14,25	 x14:0xdec079d7 x14=0xdec079f0
         397102	     19753	800060fa	340d1973	csrrw	x18,mscratch,x26	 x26:0x00000000 x18=0x0001e000
         397162	     19756	800060fe	0293f663	bgeu	x7,x9,8000612a	  x7:0x80025ce4  x9:0xdec07fd7
         397242	     19760	80006102	00a744b3	xor	x9,x14,x10	 x14:0xdec079f0 x10:0x00002784  x9=0xdec05e74
         398102	     19803	80006106	03487933	remu	x18,x16,x20	 x16:0x00000000 x20:0x00002784 x18=0x00000000
         398122	     19804	8000610a	cd95	c.beqz	x11,80006146	 x11:0x31506d75
         398142	     19805	8000610c	00b214b3	sll	x9,x4,x11	  x4:0xffffd81b x11:0x31506d75  x9=0x03600000
         398182	     19807	80006110	03c0a333	mulhsu	x6,x1,x28	  x1:0xffffffff x28:0x00000001  x6=0xffffffff
         398202	     19808	80006114	e085	c.bnez	x9,80006134	  x9:0x03600000
         398762	     19836	80006134	cf15	c.beqz	x14,80006170	 x14:0xdec079f0
         399362	     19866	80006136	eef1fe37	lui	x28,0xeef1f	 x28=0xeef1f000
         399382	     19867	8000613a	0001	c.addi	x0,0	  x0:0x00000000  x0=0x00000000
         399482	     19872	8000613c	02204063	blt	x0,x2,8000615c	  x0:0x00000000  x2:0x80021e30
         399502	     19873	80006140	04b76063	bltu	x14,x11,80006180	 x14:0xdec079f0 x11:0x31506d75
         399522	     19874	80006144	0001	c.addi	x0,0	  x0:0x00000000  x0=0x00000000
         399942	     19895	80006146	7a8cec97	auipc	x25,0x7a8ce	 x25=0xfa8d4146
         399962	     19896	8000614a	0000100f	fence.i	
         400802	     19938	8000614e	405f05b3	sub	x11,x30,x5	 x30:0x00000000  x5:0x00002f97 x11=0xffffd069
         401002	     19948	80006152	340b12f3	csrrw	x5,mscratch,x22	 x22:0x00000605  x5=0x00000000
         401022	     19949	80006156	9e7e	c.add	x28,x31	 x28:0xeef1f000 x31:0xdec079d4 x28=0xcdb269d4
         401142	     19955	80006158	8309	c.srli	x14,0x2	 x14:0xdec079f0 x14=0x37b01e7c
         401162	     19956	8000615a	050a	c.slli	x10,0x2	 x10:0x00002784 x10=0x00009e10
         401182	     19957	8000615c	00baf5b3	and	x11,x21,x11	 x21:0x0001e000 x11:0xffffd069 x11=0x0001c000
         401342	     19965	80006160	03625363	bge	x4,x22,80006186	  x4:0xffffd81b x22:0x00000605
         402382	     20017	80006164	026955b3	divu	x11,x18,x6	 x18:0x00000000  x6:0xffffffff x11=0x00000000
         402402	     20018	80006168	0189d9b3	srl	x19,x19,x24	 x19:0xdec075ce x24:0x00002f97 x19=0x000001bd
         402422	     20019	8000616c	0000100f	fence.i	
         402602	     20028	80006170	340538f3	csrrc	x17,mscratch,x10	 x10:0x00009e10 x17=0x00000605
         402722	     20034	80006174	8a86	c.mv	x21,x1	  x0:0x00000000  x1:0xffffffff x21=0xffffffff
         402742	     20035	80006176	00b1d493	srli	x9,x3,0xb	  x3:0x00002784  x9=0x00000004
         402762	     20036	8000617a	ed09	c.bnez	x10,80006194	 x10:0x00009e10
         404122	     20104	80006194	03d34033	div	x0,x6,x29	  x6:0xffffffff x29:0xfffffcb3  x0=0x00000000
         404142	     20105	80006198	40235193	srai	x3,x6,0x2	  x6:0xffffffff  x3=0xffffffff
         404162	     20106	8000619c	15870c93	addi	x25,x14,344	 x14:0x37b01e7c x25=0x37b01fd4
         404182	     20107	800061a0	05c1	c.addi	x11,16	 x11:0x00000000 x11=0x00000010
         404202	     20108	800061a2	34051b73	csrrw	x22,mscratch,x10	 x10:0x00009e10 x22=0x00000005
         404242	     20110	800061a6	03721733	mulh	x14,x4,x23	  x4:0xffffd81b x23:0x000001ff x14=0xffffffff
         404262	     20111	800061aa	22ba2913	slti	x18,x20,555	 x20:0x00002784 x18=0x00000000
         404662	     20131	800061ae	010ad613	srli	x12,x21,0x10	 x21:0xffffffff x12=0x0000ffff
         404822	     20139	800061b2	021d2333	mulhsu	x6,x26,x1	 x26:0x00000000  x1:0xffffffff  x6=0x00000000
         405222	     20159	800061b6	0239f463	bgeu	x19,x3,800061de	 x19:0x000001bd  x3:0xffffffff
         405242	     20160	800061ba	405a6f13	ori	x30,x20,1029	 x20:0x00002784 x30=0x00002785
         405602	     20178	800061be	419c8633	sub	x12,x25,x25	 x25:0x37b01fd4 x25:0x37b01fd4 x12=0x00000000
         405622	     20179	800061c2	40715013	srai	x0,x2,0x7	  x2:0x80021e30  x0=0x00000000
         405642	     20180	800061c6	8d49	c.or	x10,x10	 x10:0x00009e10 x10:0x00009e10 x10=0x00009e10
         405682	     20182	800061c8	64255a37	lui	x20,0x64255	 x20=0x64255000
         406422	     20219	800061cc	0236c6b3	div	x13,x13,x3	 x13:0x00000000  x3:0xffffffff x13=0x00000000
         406462	     20221	800061d0	032365b3	rem	x11,x6,x18	  x6:0x00000000 x18:0x00000000 x11=0x00000000
         407202	     20258	800061d4	02786a33	rem	x20,x16,x7	 x16:0x00000000  x7:0x80025ce4 x20=0x00000000
         407222	     20259	800061d8	01efa9b3	slt	x19,x31,x30	 x31:0xdec079d4 x30:0x00002785 x19=0x00000001
         407242	     20260	800061dc	83ed	c.srli	x15,0x1b	 x15:0x000001d7 x15=0x00000000
         407262	     20261	800061de	01288763	beq	x17,x18,800061ec	 x17:0x00000605 x18:0x00000000
         408002	     20298	800061e2	0333edb3	rem	x27,x7,x19	  x7:0x80025ce4 x19:0x00000001 x27=0x00000000
         408022	     20299	800061e6	c09d	c.beqz	x9,8000620c	  x9:0x00000004
         408042	     20300	800061e8	03a37063	bgeu	x6,x26,80006208	  x6:0x00000000 x26:0x00000000
         408122	     20304	80006208	340426f3	csrrs	x13,mscratch,x8	  x8:0x00000000 x13=0x00009e10
         408142	     20305	8000620c	01d03eb3	sltu	x29,x0,x29	  x0:0x00000000 x29:0xfffffcb3 x29=0x00000001
         408402	     20318	80006210	5db94b93	xori	x23,x18,1499	 x18:0x00000000 x23=0x000005db
         408482	     20322	80006214	03d3b1b3	mulhu	x3,x7,x29	  x7:0x80025ce4 x29:0x00000001  x3=0x00000000
         408502	     20323	80006218	59104a93	xori	x21,x0,1425	  x0:0x00000000 x21=0x00000591
         408622	     20329	8000621c	671d	c.lui	x14,0x7	 x14=0x00007000
         408642	     20330	8000621e	027b0b63	beq	x22,x7,80006254	 x22:0x00000005  x7:0x80025ce4
         408662	     20331	80006222	e0a1	c.bnez	x9,80006262	  x9:0x00000004
         408942	     20345	80006262	00918db3	add	x27,x3,x9	  x3:0x00000000  x9:0x00000004 x27=0x00000004
         408962	     20346	80006266	ca11	c.beqz	x12,8000627a	 x12:0x00000000
         409802	     20388	8000627a	019b2633	slt	x12,x22,x25	 x22:0x00000005 x25:0x37b01fd4 x12=0x00000001
         409822	     20389	8000627e	6919	c.lui	x18,0x6	 x18=0x00006000
         409842	     20390	80006280	03f46263	bltu	x8,x31,800062a4	  x8:0x00000000 x31:0xdec079d4
         409982	     20397	800062a4	0374a833	mulhsu	x16,x9,x23	  x9:0x00000004 x23:0x000005db x16=0x00000000
         410002	     20398	800062a8	8df9	c.and	x11,x14	 x11:0x00000000 x14:0x00007000 x11=0x00000000
         410022	     20399	800062aa	8c85	c.sub	x9,x9	  x9:0x00000004  x9:0x00000004  x9=0x00000000
         410042	     20400	800062ac	e709	c.bnez	x14,800062b6	 x14:0x00007000
         410402	     20418	800062b6	02cc15b3	mulh	x11,x24,x12	 x24:0x00002f97 x12:0x00000001 x11=0x00000000
         410442	     20420	800062ba	00453b33	sltu	x22,x10,x4	 x10:0x00009e10  x4:0xffffd81b x22=0x00000001
         410502	     20423	800062be	3408ff73	csrrci	x30,mscratch,17	 x30=0x00009e10
         410522	     20424	800062c2	88fe	c.mv	x17,x31	  x0:0x00000000 x31:0xdec079d4 x17=0xdec079d4
         410922	     20444	800062c4	99fd	c.andi	x11,-1	 x11:0x00000000 x11=0x00000000
         411002	     20448	800062c6	4dc06b13	ori	x22,x0,1244	  x0:0x00000000 x22=0x000004dc
         411242	     20460	800062ca	1af4fe93	andi	x29,x9,431	  x9:0x00000000 x29=0x00000000
         411262	     20461	800062ce	8289	c.srli	x13,0x2	 x13:0x00009e10 x13=0x00002784
         411642	     20480	800062d0	7b363897	auipc	x17,0x7b363	 x17=0xfb3692d0
         412062	     20501	800062d4	39803917	auipc	x18,0x39803	 x18=0xb98092d4
         412182	     20507	800062d8	8ed6	c.mv	x29,x21	  x0:0x00000000 x21:0x00000591 x29=0x00000591
         412202	     20508	800062da	0001	c.addi	x0,0	  x0:0x00000000  x0=0x00000000
         412222	     20509	800062dc	0000100f	fence.i	
         412782	     20537	800062e0	01e32833	slt	x16,x6,x30	  x6:0x00000000 x30:0x00009e10 x16=0x00000001
         412942	     20545	800062e4	00c605b3	add	x11,x12,x12	 x12:0x00000001 x12:0x00000001 x11=0x00000002
         412962	     20546	800062e8	8e11	c.sub	x12,x12	 x12:0x00000001 x12:0x00000001 x12=0x00000000
         412982	     20547	800062ea	8f49	c.or	x14,x10	 x14:0x00007000 x10:0x00009e10 x14=0x0000fe10
         413002	     20548	800062ec	3403f2f3	csrrci	x5,mscratch,7	  x5=0x00009e00
         413022	     20549	800062f0	340070f3	csrrci	x1,mscratch,0	  x1=0x00009e00
         413422	     20569	800062f4	41e50e33	sub	x28,x10,x30	 x10:0x00009e10 x30:0x00009e10 x28=0x00000000
         422082	     21002	800062f8	8d61	c.and	x10,x8	 x10:0x00009e10  x8:0x00000000 x10=0x00000000
         422102	     21003	800062fa	01e31193	slli	x3,x6,0x1e	  x6:0x00000000  x3=0x00000000
         422122	     21004	800062fe	0185d933	srl	x18,x11,x24	 x11:0x00000002 x24:0x00002f97 x18=0x00000000
         422142	     21005	80006302	011afdb3	and	x27,x21,x17	 x21:0x00000591 x17:0xfb3692d0 x27=0x00000090
         422162	     21006	80006306	00561593	slli	x11,x12,0x5	 x12:0x00000000 x11=0x00000000
         422182	     21007	8000630a	8ecd	c.or	x13,x11	 x13:0x00002784 x11:0x00000000 x13=0x00002784
         422202	     21008	8000630c	987d	c.andi	x8,-1	  x8:0x00000000  x8=0x00000000
         422262	     21011	8000630e	018baa33	slt	x20,x23,x24	 x23:0x000005db x24:0x00002f97 x20=0x00000001
         422282	     21012	80006312	8005	c.srli	x8,0x1	  x8:0x00000000  x8=0x00000000
         422322	     21014	80006314	8fad	c.xor	x15,x11	 x15:0x00000000 x11:0x00000000 x15=0x00000000
         422542	     21025	80006316	516ae093	ori	x1,x21,1302	 x21:0x00000591  x1=0x00000597
         422562	     21026	8000631a	209795b7	lui	x11,0x20979	 x11=0x20979000
         422702	     21033	8000631e	028f7c63	bgeu	x30,x8,80006356	 x30:0x00009e10  x8:0x00000000
         423042	     21050	80006356	ca99	c.beqz	x13,8000636c	 x13:0x00002784
         424022	     21099	80006358	035b4b33	div	x22,x22,x21	 x22:0x000004dc x21:0x00000591 x22=0x00000000
         424062	     21101	8000635c	02f6e9b3	rem	x19,x13,x15	 x13:0x00002784 x15:0x00000000 x19=0x00002784
         424082	     21102	80006360	00faaf33	slt	x30,x21,x15	 x21:0x00000591 x15:0x00000000 x30=0x00000000
         424102	     21103	80006364	34003df3	csrrc	x27,mscratch,x0	  x0:0x00000000 x27=0x00009e00
         424122	     21104	80006368	8c7e4513	xori	x10,x28,-1849	 x28:0x00000000 x10=0xfffff8c7
         424862	     21141	8000636c	02a5f633	remu	x12,x11,x10	 x11:0x20979000 x10:0xfffff8c7 x12=0x20979000
         424882	     21142	80006370	41a65a13	srai	x20,x12,0x1a	 x12:0x20979000 x20=0x00000008
         425142	     21155	80006374	0001	c.addi	x0,0	  x0:0x00000000  x0=0x00000000
         425202	     21158	80006376	3406b973	csrrc	x18,mscratch,x13	 x13:0x00002784 x18=0x00009e00
         425222	     21159	8000637a	0000100f	fence.i	
         426342	     21215	8000637e	c1a1	c.beqz	x11,800063be	 x11:0x20979000
         426362	     21216	80006380	01f74933	xor	x18,x14,x31	 x14:0x0000fe10 x31:0xdec079d4 x18=0xdec087c4
         426442	     21220	80006384	020d7763	bgeu	x26,x0,800063b2	 x26:0x00000000  x0:0x00000000
         427322	     21264	800063b2	01b8f633	and	x12,x17,x27	 x17:0xfb3692d0 x27:0x00009e00 x12=0x00009200
         427662	     21281	800063b6	40095f93	srai	x31,x18,0x0	 x18:0xdec087c4 x31=0xdec087c4
         427682	     21282	800063ba	34019773	csrrw	x14,mscratch,x3	  x3:0x00000000 x14=0x00009800
         428422	     21319	800063be	0377f933	remu	x18,x15,x23	 x15:0x00000000 x23:0x000005db x18=0x00000000
         428442	     21320	800063c2	03aff163	bgeu	x31,x26,800063e4	 x31:0xdec087c4 x26:0x00000000
         429282	     21362	800063e4	03724533	div	x10,x4,x23	  x4:0xffffd81b x23:0x000005db x10=0xfffffffa
         429302	     21363	800063e8	000bcf63	blt	x23,x0,80006406	 x23:0x000005db  x0:0x00000000
         429322	     21364	800063ec	400dd2b3	sra	x5,x27,x0	 x27:0x00009e00  x0:0x00000000  x5=0x00009e00
         429342	     21365	800063f0	137d	c.addi	x6,-1	  x6:0x00000000  x6=0xffffffff
         429362	     21366	800063f2	0063dbb3	srl	x23,x7,x6	  x7:0x80025ce4  x6:0xffffffff x23=0x00000001
         429382	     21367	800063f6	00ac4e33	xor	x28,x24,x10	 x24:0x00002f97 x10:0xfffffffa x28=0xffffd06d
         429402	     21368	800063fa	1b7d	c.addi	x22,-1	 x22:0x00000000 x22=0xffffffff
         429422	     21369	800063fc	9f2a	c.add	x30,x10	 x30:0x00000000 x10:0xfffffffa x30=0xfffffffa
         429442	     21370	800063fe	0000100f	fence.i	
         430102	     21403	80006402	42472193	slti	x3,x14,1060	 x14:0x00009800  x3=0x00000000
         431022	     21449	80006406	03f04e33	div	x28,x0,x31	  x0:0x00000000 x31:0xdec087c4 x28=0x00000000
         431042	     21450	8000640a	99fd	c.andi	x11,-1	 x11:0x20979000 x11=0x20979000
         431062	     21451	8000640c	75843713	sltiu	x14,x8,1880	  x8:0x00000000 x14=0x00000001
         431082	     21452	80006410	0ff0000f	fence	iorw,iorw	
         431102	     21453	80006414	8742	c.mv	x14,x16	  x0:0x00000000 x16:0x00000001 x14=0x00000001
         431122	     21454	80006416	8665	c.srai	x12,0x19	 x12:0x00009200 x12=0x00000000
         431862	     21491	80006418	02d0f633	remu	x12,x1,x13	  x1:0x00000597 x13:0x00002784 x12=0x00000597
         431882	     21492	8000641c	00989613	slli	x12,x17,0x9	 x17:0xfb3692d0 x12=0x6d25a000
         431902	     21493	80006420	01965093	srli	x1,x12,0x19	 x12:0x6d25a000  x1=0x00000036
         431922	     21494	80006424	00243ab3	sltu	x21,x8,x2	  x8:0x00000000  x2:0x80021e30 x21=0x00000001
         431942	     21495	80006428	001f8e33	add	x28,x31,x1	 x31:0xdec087c4  x1:0x00000036 x28=0xdec087fa
         431962	     21496	8000642c	340c9ef3	csrrw	x29,mscratch,x25	 x25:0x37b01fd4 x29=0x00000000
         432002	     21498	80006430	0172eb33	or	x22,x5,x23	  x5:0x00009e00 x23:0x00000001 x22=0x00009e01
         432022	     21499	80006434	d71010b7	lui	x1,0xd7101	  x1=0xd7101000
         432042	     21500	80006438	2fa14513	xori	x10,x2,762	  x2:0x80021e30 x10=0x80021cca
         432342	     21515	8000643c	4c54cf93	xori	x31,x9,1221	  x9:0x00000000 x31=0x000004c5
         432662	     21531	80006440	009f6863	bltu	x30,x9,80006450	 x30:0xfffffffa  x9:0x00000000
         432682	     21532	80006444	00885193	srli	x3,x16,0x8	 x16:0x00000001  x3=0x00000000
         432902	     21543	80006448	03d5a233	mulhsu	x4,x11,x29	 x11:0x20979000 x29:0x00000000  x4=0x00000000
         433302	     21563	8000644c	01b824b3	slt	x9,x16,x27	 x16:0x00000001 x27:0x00009e00  x9=0x00000001
         433362	     21566	80006450	02bfc263	blt	x31,x11,80006474	 x31:0x000004c5 x11:0x20979000
         434042	     21600	80006474	5d27f413	andi	x8,x15,1490	 x15:0x00000000  x8=0x00000000
         434102	     21603	80006478	02b1ed63	bltu	x3,x11,800064b2	  x3:0x00000000 x11:0x20979000
         434462	     21621	800064b2	8491	c.srai	x9,0x4	  x9:0x00000001  x9=0x00000000
         434482	     21622	800064b4	0001	c.addi	x0,0	  x0:0x00000000  x0=0x00000000
         434682	     21632	800064b6	000694b3	sll	x9,x13,x0	 x13:0x00002784  x0:0x00000000  x9=0x00002784
         434842	     21640	800064ba	e68de693	ori	x13,x27,-408	 x27:0x00009e00 x13=0xfffffe68
         434862	     21641	800064be	0001	c.addi	x0,0	  x0:0x00000000  x0=0x00000000
         435042	     21650	800064c0	acce7793	andi	x15,x28,-1332	 x28:0xdec087fa x15=0xdec082c8
         435782	     21687	800064c4	02b7efb3	rem	x31,x15,x11	 x15:0xdec082c8 x11:0x20979000 x31=0xff5812c8
         435802	     21688	800064c8	0000100f	fence.i	
         436102	     21703	800064cc	3403baf3	csrrc	x21,mscratch,x7	  x7:0x80025ce4 x21=0x37b01fd4
         436122	     21704	800064d0	0dae	c.slli	x27,0xb	 x27:0x00009e00 x27=0x04f00000
         436282	     21712	800064d2	019a28b3	slt	x17,x20,x25	 x20:0x00000008 x25:0x37b01fd4 x17=0x00000001
         436342	     21715	800064d6	02062633	mulhsu	x12,x12,x0	 x12:0x6d25a000  x0:0x00000000 x12=0x00000000
         436362	     21716	800064da	8e95	c.sub	x13,x13	 x13:0xfffffe68 x13:0xfffffe68 x13=0x00000000
         436402	     21718	800064dc	0204ecb3	rem	x25,x9,x0	  x9:0x00002784  x0:0x00000000 x25=0x00002784
         436422	     21719	800064e0	01edd193	srli	x3,x27,0x1e	 x27:0x04f00000  x3=0x00000000
         436782	     21737	800064e4	00ecda63	bge	x25,x14,800064f8	 x25:0x00002784 x14:0x00000001
         437062	     21751	800064f8	340fbaf3	csrrc	x21,mscratch,x31	 x31:0xff5812c8 x21=0x37b00310
         437082	     21752	800064fc	8ea1	c.xor	x13,x8	 x13:0x00000000  x8:0x00000000 x13=0x00000000
         437102	     21753	800064fe	03394463	blt	x18,x19,80006526	 x18:0x00000000 x19:0x00002784
         437862	     21791	80006526	406a5c93	srai	x25,x20,0x6	 x20:0x00000008 x25=0x00000000
         438162	     21806	8000652a	030f05b3	mul	x11,x30,x16	 x30:0xfffffffa x16:0x00000001 x11=0xfffffffa
         438182	     21807	8000652e	8ca5	c.xor	x9,x9	  x9:0x00002784  x9:0x00002784  x9=0x00000000
         438202	     21808	80006530	e031	c.bnez	x8,80006574	  x8:0x00000000
         438222	     21809	80006532	0ff0000f	fence	iorw,iorw	
         438262	     21811	80006536	03e628b3	mulhsu	x17,x12,x30	 x12:0x00000000 x30:0xfffffffa x17=0x00000000
         438402	     21818	8000653a	b99d8f13	addi	x30,x27,-1127	 x27:0x04f00000 x30=0x04effb99
         438482	     21822	8000653e	0000100f	fence.i	
         438642	     21830	80006542	8d95	c.sub	x11,x13	 x11:0xfffffffa x13:0x00000000 x11=0xfffffffa
         438662	     21831	80006544	5e572f13	slti	x30,x14,1509	 x14:0x00000001 x30=0x00000001
         439082	     21852	80006548	01c11093	slli	x1,x2,0x1c	  x2:0x80021e30  x1=0x00000000
         439442	     21870	8000654c	04af7463	bgeu	x30,x10,80006594	 x30:0x00000001 x10:0x80021cca
         439862	     21891	80006550	40e95093	srai	x1,x18,0xe	 x18:0x00000000  x1=0x00000000
         439882	     21892	80006554	9fb2	c.add	x31,x12	 x31:0xff5812c8 x12:0x00000000 x31=0xff5812c8
         439922	     21894	80006556	03c99b33	mulh	x22,x19,x28	 x19:0x00002784 x28:0xdec087fa x22=0xfffffade
         440002	     21898	8000655a	0000100f	fence.i	
         440782	     21937	8000655e	e615	c.bnez	x12,8000658a	 x12:0x00000000
         440982	     21947	80006560	03aed2b3	divu	x5,x29,x26	 x29:0x00000000 x26:0x00000000  x5=0xffffffff
         441082	     21952	80006564	029ef733	remu	x14,x29,x9	 x29:0x00000000  x9:0x00000000 x14=0x00000000
         441482	     21972	80006568	00c60fb3	add	x31,x12,x12	 x12:0x00000000 x12:0x00000000 x31=0x00000000
         441582	     21977	8000656c	022d89b3	mul	x19,x27,x2	 x27:0x04f00000  x2:0x80021e30 x19=0x0d000000
         441602	     21978	80006570	01935263	bge	x6,x25,80006574	  x6:0xffffffff x25:0x00000000
         441802	     21988	80006574	a09818b7	lui	x17,0xa0981	 x17=0xa0981000
         441962	     21996	80006578	8b2d	c.andi	x14,11	 x14:0x00000000 x14=0x00000000
         441982	     21997	8000657a	414cd933	sra	x18,x25,x20	 x25:0x00000000 x20:0x00000008 x18=0x00000000
         442002	     21998	8000657e	34003073	csrrc	x0,mscratch,x0	  x0:0x00000000  x0=0x00000000
         442022	     21999	80006582	03240d63	beq	x8,x18,800065bc	  x8:0x00000000 x18:0x00000000
         442482	     22022	800065bc	8f5a	c.mv	x30,x22	  x0:0x00000000 x22:0xfffffade x30=0xfffffade
         442502	     22023	800065be	340b9973	csrrw	x18,mscratch,x23	 x23:0x00000001 x18=0x00a00110
         442522	     22024	800065c2	8f59	c.or	x14,x14	 x14:0x00000000 x14:0x00000000 x14=0x00000000
         442542	     22025	800065c4	00a2d7b3	srl	x15,x5,x10	  x5:0xffffffff x10:0x80021cca x15=0x003fffff
         442562	     22026	800065c8	00c018b3	sll	x17,x0,x12	  x0:0x00000000 x12:0x00000000 x17=0x00000000
         442582	     22027	800065cc	01175e33	srl	x28,x14,x17	 x14:0x00000000 x17:0x00000000 x28=0x00000000
         442722	     22034	800065d0	413487b3	sub	x15,x9,x19	  x9:0x00000000 x19:0x0d000000 x15=0xf3000000
         442942	     22045	800065d4	01d68433	add	x8,x13,x29	 x13:0x00000000 x29:0x00000000  x8=0x00000000
         442962	     22046	800065d8	017b21b3	slt	x3,x22,x23	 x22:0xfffffade x23:0x00000001  x3=0x00000001
         443142	     22055	800065dc	8e4d	c.or	x12,x11	 x12:0x00000000 x11:0xfffffffa x12=0xfffffffa
         443162	     22056	800065de	e615	c.bnez	x12,8000660a	 x12:0xfffffffa
         443642	     22080	8000660a	011e0663	beq	x28,x17,80006616	 x28:0x00000000 x17:0x00000000
         443882	     22092	80006616	c209	c.beqz	x12,80006618	 x12:0xfffffffa
         443902	     22093	80006618	0001	c.addi	x0,0	  x0:0x00000000  x0=0x00000000
         444642	     22130	8000661a	03bcebb3	rem	x23,x25,x27	 x25:0x00000000 x27:0x04f00000 x23=0x00000000
         444662	     22131	8000661e	0ff0000f	fence	iorw,iorw	
         444682	     22132	80006622	8c8aec13	ori	x24,x21,-1848	 x21:0x37b00310 x24=0xfffffbd8
         444702	     22133	80006626	6e15	c.lui	x28,0x5	 x28=0x00005000
         444722	     22134	80006628	40ec5a13	srai	x20,x24,0xe	 x24:0xfffffbd8 x20=0xffffffff
         444742	     22135	8000662c	9b7d	c.andi	x14,-1	 x14:0x00000000 x14=0x00000000
         444762	     22136	8000662e	34007573	csrrci	x10,mscratch,0	 x10=0x00000001
         444782	     22137	80006632	340036f3	csrrc	x13,mscratch,x0	  x0:0x00000000 x13=0x00000001
         444802	     22138	80006636	6791	c.lui	x15,0x4	 x15=0x00004000
         444882	     22142	80006638	8fcd	c.or	x15,x11	 x15:0x00004000 x11:0xfffffffa x15=0xfffffffa
         444902	     22143	8000663a	0121ebb3	or	x23,x3,x18	  x3:0x00000001 x18:0x00a00110 x23=0x00a00111
         444922	     22144	8000663e	340039f3	csrrc	x19,mscratch,x0	  x0:0x00000000 x19=0x00000001
         444942	     22145	80006642	02b5c363	blt	x11,x11,80006668	 x11:0xfffffffa x11:0xfffffffa
         445362	     22166	80006646	00ef9bb3	sll	x23,x31,x14	 x31:0x00000000 x14:0x00000000 x23=0x00000000
         445462	     22171	8000664a	21e2f513	andi	x10,x5,542	  x5:0xffffffff x10=0x0000021e
         445482	     22172	8000664e	0001	c.addi	x0,0	  x0:0x00000000  x0=0x00000000
         445502	     22173	80006650	0100da93	srli	x21,x1,0x10	  x1:0x00000000 x21=0x00000000
         445802	     22188	80006654	01730233	add	x4,x6,x23	  x6:0xffffffff x23:0x00000000  x4=0xffffffff
         446002	     22198	80006658	34002c73	csrrs	x24,mscratch,x0	  x0:0x00000000 x24=0x00000001
         446022	     22199	8000665c	03248b63	beq	x9,x18,80006692	  x9:0x00000000 x18:0x00a00110
         446062	     22201	80006660	0108d293	srli	x5,x17,0x10	 x17:0x00000000  x5=0x00000000
         446482	     22222	80006664	038906b3	mul	x13,x18,x24	 x18:0x00a00110 x24:0x00000001 x13=0x00a00110
         446642	     22230	80006668	4465	c.li	x8,25	  x8=0x00000019
         446662	     22231	8000666a	01b08d63	beq	x1,x27,80006684	  x1:0x00000000 x27:0x04f00000
         447082	     22252	8000666e	02299263	bne	x19,x2,80006692	 x19:0x00000001  x2:0x80021e30
         454782	     22637	80006692	0852	c.slli	x16,0x14	 x16:0x00000001 x16=0x00100000
         454802	     22638	80006694	017f9993	slli	x19,x31,0x17	 x31:0x00000000 x19=0x00000000
         454902	     22643	80006698	8c25	c.xor	x8,x9	  x8:0x00000019  x9:0x00000000  x8=0x00000019
         454922	     22644	8000669a	87a1	c.srai	x15,0x8	 x15:0xfffffffa x15=0xffffffff
         454942	     22645	8000669c	029a	c.slli	x5,0x6	  x5:0x00000000  x5=0x00000000
         454962	     22646	8000669e	4b810093	addi	x1,x2,1208	  x2:0x80021e30  x1=0x800222e8
         454982	     22647	800066a2	2ce930b7	lui	x1,0x2ce93	  x1=0x2ce93000
         455002	     22648	800066a6	8e01	c.sub	x12,x8	 x12:0xfffffffa  x8:0x00000019 x12=0xffffffe1
         455022	     22649	800066a8	402282b3	sub	x5,x5,x2	  x5:0x00000000  x2:0x80021e30  x5=0x7ffde1d0
         455382	     22667	800066ac	8f95	c.sub	x15,x13	 x15:0xffffffff x13:0x00a00110 x15=0xff5ffeef
         455402	     22668	800066ae	340450f3	csrrwi	x1,mscratch,8	  x1=0x00000001
         455422	     22669	800066b2	03cf0263	beq	x30,x28,800066d6	 x30:0xfffffade x28:0x00005000
         455442	     22670	800066b6	01ec5833	srl	x16,x24,x30	 x24:0x00000001 x30:0xfffffade x16=0x00000000
         455862	     22691	800066ba	c9872b13	slti	x22,x14,-872	 x14:0x00000000 x22=0x00000000
         455922	     22694	800066be	000a6863	bltu	x20,x0,800066ce	 x20:0xffffffff  x0:0x00000000
         455942	     22695	800066c2	0ff0000f	fence	iorw,iorw	
         455962	     22696	800066c6	00d69933	sll	x18,x13,x13	 x13:0x00a00110 x13:0x00a00110 x18=0x01100000
         456042	     22700	800066ca	4e72fe93	andi	x29,x5,1255	  x5:0x7ffde1d0 x29=0x000000c0
         456462	     22721	800066ce	340999f3	csrrw	x19,mscratch,x19	 x19:0x00000000 x19=0x00000008
         457382	     22767	800066d2	02ac6833	rem	x16,x24,x10	 x24:0x00000001 x10:0x0000021e x16=0x00000001
         457402	     22768	800066d6	014e0263	beq	x28,x20,800066da	 x28:0x00005000 x20:0xffffffff
         457422	     22769	800066da	8589	c.srai	x11,0x2	 x11:0xfffffffa x11=0xfffffffe
         457442	     22770	800066dc	00175633	srl	x12,x14,x1	 x14:0x00000000  x1:0x00000001 x12=0x00000000
         457462	     22771	800066e0	bbb0e713	ori	x14,x1,-1093	  x1:0x00000001 x14=0xfffffbbb
         457482	     22772	800066e4	8c09	c.sub	x8,x10	  x8:0x00000019 x10:0x0000021e  x8=0xfffffdfb
         457502	     22773	800066e6	418b56b3	sra	x13,x22,x24	 x22:0x00000000 x24:0x00000001 x13=0x00000000
         457522	     22774	800066ea	34006673	csrrsi	x12,mscratch,0	 x12=0x00000000
         457622	     22779	800066ee	340b3ef3	csrrc	x29,mscratch,x22	 x22:0x00000000 x29=0x00000000
         457642	     22780	800066f2	8d99	c.sub	x11,x14	 x11:0xfffffffe x14:0xfffffbbb x11=0x00000443
         457662	     22781	800066f4	0000100f	fence.i	
         458222	     22809	800066f8	157d	c.addi	x10,-1	 x10:0x0000021e x10=0x0000021d
         458402	     22818	800066fa	02c8e763	bltu	x17,x12,80006728	 x17:0x00000000 x12:0x00000000
         458522	     22824	800066fe	40590ab3	sub	x21,x18,x5	 x18:0x01100000  x5:0x7ffde1d0 x21=0x81121e30
         458542	     22825	80006702	0c294893	xori	x17,x18,194	 x18:0x01100000 x17=0x011000c2
         458922	     22844	80006706	03440e33	mul	x28,x8,x20	  x8:0xfffffdfb x20:0xffffffff x28=0x00000205
         459342	     22865	8000670a	0ff0000f	fence	iorw,iorw	
         459442	     22870	8000670e	34002cf3	csrrs	x25,mscratch,x0	  x0:0x00000000 x25=0x00000000
         459462	     22871	80006712	340069f3	csrrsi	x19,mscratch,0	 x19=0x00000000
         459482	     22872	80006716	0001	c.addi	x0,0	  x0:0x00000000  x0=0x00000000
         459502	     22873	80006718	00400f63	beq	x0,x4,80006736	  x0:0x00000000  x4:0xffffffff
         459542	     22875	8000671c	0334e833	rem	x16,x9,x19	  x9:0x00000000 x19:0x00000000 x16=0x00000000
         459562	     22876	80006720	34092b73	csrrs	x22,mscratch,x18	 x18:0x01100000 x22=0x00000000
         459622	     22879	80006724	340891f3	csrrw	x3,mscratch,x17	 x17:0x011000c2  x3=0x01100000
         460042	     22900	80006728	016e4eb3	xor	x29,x28,x22	 x28:0x00000205 x22:0x00000000 x29=0x00000205
         460062	     22901	8000672c	29dd3317	auipc	x6,0x29dd3	  x6=0xa9dd972c
         460082	     22902	80006730	02b58863	beq	x11,x11,80006760	 x11:0x00000443 x11:0x00000443
         460782	     22937	80006760	03bb0633	mul	x12,x22,x27	 x22:0x00000000 x27:0x04f00000 x12=0x00000000
         461182	     22957	80006764	03a3c163	blt	x7,x26,80006786	  x7:0x80025ce4 x26:0x00000000
         461602	     22978	80006786	034f1b33	mulh	x22,x30,x20	 x30:0xfffffade x20:0xffffffff x22=0x00000000
         461662	     22981	8000678a	029722b3	mulhsu	x5,x14,x9	 x14:0xfffffbbb  x9:0x00000000  x5=0x00000000
         461682	     22982	8000678e	8972c313	xori	x6,x5,-1897	  x5:0x00000000  x6=0xfffff897
         461702	     22983	80006792	f731bb93	sltiu	x23,x3,-141	  x3:0x01100000 x23=0x00000001
         461782	     22987	80006796	88792a13	slti	x20,x18,-1913	 x18:0x01100000 x20=0x00000000
         461802	     22988	8000679a	0001	c.addi	x0,0	  x0:0x00000000  x0=0x00000000
         461822	     22989	8000679c	94fe	c.add	x9,x31	  x9:0x00000000 x31:0x00000000  x9=0x00000000
         461842	     22990	8000679e	34006673	csrrsi	x12,mscratch,0	 x12=0x011000c2
         461862	     22991	800067a2	8d31	c.xor	x10,x12	 x10:0x0000021d x12:0x011000c2 x10=0x011002df
         461942	     22995	800067a4	3403f6f3	csrrci	x13,mscratch,7	 x13=0x011000c2
         461962	     22996	800067a8	01556a63	bltu	x10,x21,800067bc	 x10:0x011002df x21:0x81121e30
         462382	     23017	800067bc	413181b3	sub	x3,x3,x19	  x3:0x01100000 x19:0x00000000  x3=0x01100000
         463122	     23054	800067c0	0248e6b3	rem	x13,x17,x4	 x17:0x011000c2  x4:0xffffffff x13=0x00000000
         463142	     23055	800067c4	8409	c.srai	x8,0x2	  x8:0xfffffdfb  x8=0xffffff7e
         463162	     23056	800067c6	80f6	c.mv	x1,x29	  x0:0x00000000 x29:0x00000205  x1=0x00000205
         463182	     23057	800067c8	00076e63	bltu	x14,x0,800067e4	 x14:0xfffffbbb  x0:0x00000000
         463222	     23059	800067cc	033ca633	mulhsu	x12,x25,x19	 x25:0x00000000 x19:0x00000000 x12=0x00000000
         463622	     23079	800067d0	a2c5fa13	andi	x20,x11,-1492	 x11:0x00000443 x20=0x00000000
         463642	     23080	800067d4	eb15	c.bnez	x14,80006808	 x14:0xfffffbbb
         464222	     23109	80006808	a4356593	ori	x11,x10,-1469	 x10:0x011002df x11=0xfffffadf
         464242	     23110	8000680c	3408e973	csrrsi	x18,mscratch,17	 x18=0x011000c0
         464382	     23117	80006810	956c0ab7	lui	x21,0x956c0	 x21=0x956c0000
         464422	     23119	80006814	03628ab3	mul	x21,x5,x22	  x5:0x00000000 x22:0x00000000 x21=0x00000000
         464442	     23120	80006818	0060fb33	and	x22,x1,x6	  x1:0x00000205  x6:0xfffff897 x22=0x00000005
         464502	     23123	8000681c	00b67333	and	x6,x12,x11	 x12:0x00000000 x11:0xfffffadf  x6=0x00000000
         464682	     23132	80006820	02ed06b3	mul	x13,x26,x14	 x26:0x00000000 x14:0xfffffbbb x13=0x00000000
         464702	     23133	80006824	0ff0000f	fence	iorw,iorw	
         464862	     23141	80006828	03ab0ab3	mul	x21,x22,x26	 x22:0x00000005 x26:0x00000000 x21=0x00000000
         464882	     23142	8000682c	02426263	bltu	x4,x4,80006850	  x4:0xffffffff  x4:0xffffffff
         464902	     23143	80006830	0001	c.addi	x0,0	  x0:0x00000000  x0=0x00000000
         465322	     23164	80006832	b506cf13	xori	x30,x13,-1200	 x13:0x00000000 x30=0xfffffb50
         465342	     23165	80006836	e4fe8893	addi	x17,x29,-433	 x29:0x00000205 x17=0x00000054
         465362	     23166	8000683a	0144ce33	xor	x28,x9,x20	  x9:0x00000000 x20:0x00000000 x28=0x00000000
         465382	     23167	8000683e	03e38db3	mul	x27,x7,x30	  x7:0x80025ce4 x30:0xfffffb50 x27=0xf4ec9340
         465642	     23180	80006842	34007bf3	csrrci	x23,mscratch,0	 x23=0x011000d1
         465682	     23182	80006846	02691cb3	mulh	x25,x18,x6	 x18:0x011000c0  x6:0x00000000 x25=0x00000000
         465702	     23183	8000684a	ef9d	c.bnez	x15,80006888	 x15:0xff5ffeef
         466642	     23230	80006888	01659a33	sll	x20,x11,x22	 x11:0xfffffadf x22:0x00000005 x20=0xffff5be0
         466982	     23247	8000688c	00bace33	xor	x28,x21,x11	 x21:0x00000000 x11:0xfffffadf x28=0xfffffadf
         467182	     23257	80006890	003c7033	and	x0,x24,x3	 x24:0x00000001  x3:0x01100000  x0=0x00000000
         467202	     23258	80006894	0001	c.addi	x0,0	  x0:0x00000000  x0=0x00000000
         467602	     23278	80006896	004e25b3	slt	x11,x28,x4	 x28:0xfffffadf  x4:0xffffffff x11=0x00000001
         467622	     23279	8000689a	0000100f	fence.i	
         467922	     23294	8000689e	031ad263	bge	x21,x17,800068c2	 x21:0x00000000 x17:0x00000054
         467942	     23295	800068a2	66dd7713	andi	x14,x26,1645	 x26:0x00000000 x14=0x00000000
         468682	     23332	800068a6	03ce48b3	div	x17,x28,x28	 x28:0xfffffadf x28:0xfffffadf x17=0x00000001
         468702	     23333	800068aa	01f9b6b3	sltu	x13,x19,x31	 x19:0x00000000 x31:0x00000000 x13=0x00000000
         468722	     23334	800068ae	88f2	c.mv	x17,x28	  x0:0x00000000 x28:0xfffffadf x17=0xfffffadf
         469462	     23371	800068b0	031ad033	divu	x0,x21,x17	 x21:0x00000000 x17:0xfffffadf  x0=0x00000000
         469482	     23372	800068b4	46b1	c.li	x13,12	 x13=0x0000000c
         469502	     23373	800068b6	9c0f6993	ori	x19,x30,-1600	 x30:0xfffffb50 x19=0xfffffbd0
         469522	     23374	800068ba	ed15	c.bnez	x10,800068f6	 x10:0x011002df
         470822	     23439	800068f6	037477b3	remu	x15,x8,x23	  x8:0xffffff7e x23:0x011000d1 x15=0x00ff3b8e
         470842	     23440	800068fa	340db0f3	csrrc	x1,mscratch,x27	 x27:0xf4ec9340  x1=0x011000d1
         470862	     23441	800068fe	018ddd93	srli	x27,x27,0x18	 x27:0xf4ec9340 x27=0x000000f4
         470882	     23442	80006902	5618a413	slti	x8,x17,1377	 x17:0xfffffadf  x8=0x00000001
         470902	     23443	80006906	02840733	mul	x14,x8,x8	  x8:0x00000001  x8:0x00000001 x14=0x00000001
         470922	     23444	8000690a	01e01993	slli	x19,x0,0x1e	  x0:0x00000000 x19=0x00000000
         470942	     23445	8000690e	5a7d	c.li	x20,-1	 x20=0xffffffff
         470962	     23446	80006910	018c36b3	sltu	x13,x24,x24	 x24:0x00000001 x24:0x00000001 x13=0x00000000
         471002	     23448	80006914	035141b3	div	x3,x2,x21	  x2:0x80021e30 x21:0x00000000  x3=0xffffffff
         471022	     23449	80006918	34007ef3	csrrci	x29,mscratch,0	 x29=0x01100091
         471182	     23457	8000691c	012b1793	slli	x15,x22,0x12	 x22:0x00000005 x15=0x00140000
         471202	     23458	80006920	7bb98093	addi	x1,x19,1979	 x19:0x00000000  x1=0x000007bb
         471622	     23479	80006924	005e3433	sltu	x8,x28,x5	 x28:0xfffffadf  x5:0x00000000  x8=0x00000000
         472022	     23499	80006928	8789	c.srai	x15,0x2	 x15:0x00140000 x15=0x00050000
         472042	     23500	8000692a	837d	c.srli	x14,0x1f	 x14:0x00000001 x14=0x00000000
         472062	     23501	8000692c	016a79b3	and	x19,x20,x22	 x20:0xffffffff x22:0x00000005 x19=0x00000005
         472142	     23505	80006930	7cc53d93	sltiu	x27,x10,1996	 x10:0x011002df x27=0x00000000
         472562	     23526	80006934	05609463	bne	x1,x22,8000697c	  x1:0x000007bb x22:0x00000005
         473102	     23553	8000697c	ef8a7013	andi	x0,x20,-264	 x20:0xffffffff  x0=0x00000000
         473122	     23554	80006980	00ecb633	sltu	x12,x25,x14	 x25:0x00000000 x14:0x00000000 x12=0x00000000
         473142	     23555	80006984	0ff0000f	fence	iorw,iorw	
         473302	     23563	80006988	0223e863	bltu	x7,x2,800069b8	  x7:0x80025ce4  x2:0x80021e30
         473362	     23566	8000698c	381afb37	lui	x22,0x381af	 x22=0x381af000
         473562	     23576	80006990	34085af3	csrrwi	x21,mscratch,16	 x21=0x01100091
         473582	     23577	80006994	e0b50c97	auipc	x25,0xe0b50	 x25=0x60b56994
         473622	     23579	80006998	0001	c.addi	x0,0	  x0:0x00000000  x0=0x00000000
         473662	     23581	8000699a	340074f3	csrrci	x9,mscratch,0	  x9=0x00000010
         473702	     23583	8000699e	03b827b3	mulhsu	x15,x16,x27	 x16:0x00000000 x27:0x00000000 x15=0x00000000
         473862	     23591	800069a2	026612b3	mulh	x5,x12,x6	 x12:0x00000000  x6:0x00000000  x5=0x00000000
         473882	     23592	800069a6	98fd	c.andi	x9,-1	  x9:0x00000010  x9=0x00000010
         473902	     23593	800069a8	00bc4f63	blt	x24,x11,800069c6	 x24:0x00000001 x11:0x00000001
         473922	     23594	800069ac	021205b3	mul	x11,x4,x1	  x4:0xffffffff  x1:0x000007bb x11=0xfffff845
         473962	     23596	800069b0	e491	c.bnez	x9,800069bc	  x9:0x00000010
         475042	     23650	800069bc	028692b3	mulh	x5,x13,x8	 x13:0x00000000  x8:0x00000000  x5=0x00000000
         475182	     23657	800069c0	01ff6033	or	x0,x30,x31	 x30:0xfffffb50 x31:0x00000000  x0=0x00000000
         475342	     23665	800069c4	8ea1	c.xor	x13,x8	 x13:0x00000000  x8:0x00000000 x13=0x00000000
         475382	     23667	800069c6	00a10763	beq	x2,x10,800069d4	  x2:0x80021e30 x10:0x011002df
         475402	     23668	800069ca	34003ff3	csrrc	x31,mscratch,x0	  x0:0x00000000 x31=0x00000010
         476322	     23714	800069ce	03e5e9b3	rem	x19,x11,x30	 x11:0xfffff845 x30:0xfffffb50 x19=0xfffffcf5
         476342	     23715	800069d2	8d9d	c.sub	x11,x15	 x11:0xfffff845 x15:0x00000000 x11=0xfffff845
         476362	     23716	800069d4	340c6df3	csrrsi	x27,mscratch,24	 x27=0x00000010
         476382	     23717	800069d8	01b93833	sltu	x16,x18,x27	 x18:0x011000c0 x27:0x00000010 x16=0x00000000
         476402	     23718	800069dc	e915	c.bnez	x10,80006a10	 x10:0x011002df
         476922	     23744	80006a10	005020b3	slt	x1,x0,x5	  x0:0x00000000  x5:0x00000000  x1=0x00000000
         495082	     24652	80006a14	c485	c.beqz	x9,80006a3c	  x9:0x00000010
         495102	     24653	80006a16	0001	c.addi	x0,0	  x0:0x00000000  x0=0x00000000
         495122	     24654	80006a18	02a09b63	bne	x1,x10,80006a4e	  x1:0x00000000 x10:0x011002df
         496502	     24723	80006a4e	0105d513	srli	x10,x11,0x10	 x11:0xfffff845 x10=0x0000ffff
         496742	     24735	80006a52	f00bf693	andi	x13,x23,-256	 x23:0x011000d1 x13=0x01100000
         496762	     24736	80006a56	888a	c.mv	x17,x2	  x0:0x00000000  x2:0x80021e30 x17=0x80021e30
         497142	     24755	80006a58	340a52f3	csrrwi	x5,mscratch,20	  x5=0x00000018
         497262	     24761	80006a5c	030f4b33	div	x22,x30,x16	 x30:0xfffffb50 x16:0x00000000 x22=0xffffffff
         497422	     24769	80006a60	3404bbf3	csrrc	x23,mscratch,x9	  x9:0x00000010 x23=0x00000014
         498322	     24814	80006a64	03eec633	div	x12,x29,x30	 x29:0x01100091 x30:0xfffffb50 x12=0xffffc5fa
         498342	     24815	80006a68	0355db63	bge	x11,x21,80006a9e	 x11:0xfffff845 x21:0x01100091
         498362	     24816	80006a6c	35e9a097	auipc	x1,0x35e9a	  x1=0xb5ea0a6c
         498382	     24817	80006a70	0047dc63	bge	x15,x4,80006a88	 x15:0x00000000  x4:0xffffffff
         498562	     24826	80006a88	69ad	c.lui	x19,0xb	 x19=0x0000b000
         498582	     24827	80006a8a	34003573	csrrc	x10,mscratch,x0	  x0:0x00000000 x10=0x00000004
         498602	     24828	80006a8e	496d	c.li	x18,27	 x18=0x0000001b
         498802	     24838	80006a90	34007f73	csrrci	x30,mscratch,0	 x30=0x00000004
         498822	     24839	80006a94	34033c73	csrrc	x24,mscratch,x6	  x6:0x00000000 x24=0x00000004
         499222	     24859	80006a98	41660f33	sub	x30,x12,x22	 x12:0xffffc5fa x22:0xffffffff x30=0xffffc5fb
         499242	     24860	80006a9c	8ea1	c.xor	x13,x8	 x13:0x01100000  x8:0x00000000 x13=0x01100000
         499282	     24862	80006a9e	03f81833	mulh	x16,x16,x31	 x16:0x00000000 x31:0x00000010 x16=0x00000000
         499462	     24871	80006aa2	00539313	slli	x6,x7,0x5	  x7:0x80025ce4  x6=0x004b9c80
         499482	     24872	80006aa6	8da5	c.xor	x11,x9	 x11:0xfffff845  x9:0x00000010 x11=0xfffff855
         499502	     24873	80006aa8	00142433	slt	x8,x8,x1	  x8:0x00000000  x1:0xb5ea0a6c  x8=0x00000000
         499662	     24881	80006aac	86a9e513	ori	x10,x19,-1942	 x19:0x0000b000 x10=0xfffff86a
         499802	     24888	80006ab0	024abb33	mulhu	x22,x21,x4	 x21:0x01100091  x4:0xffffffff x22=0x01100090
         499822	     24889	80006ab4	3e91cfb7	lui	x31,0x3e91c	 x31=0x3e91c000
         500202	     24908	80006ab8	34093e73	csrrc	x28,mscratch,x18	 x18:0x0000001b x28=0x00000004
         500222	     24909	80006abc	011ddeb3	srl	x29,x27,x17	 x27:0x00000010 x17:0x80021e30 x29=0x00000000
         500342	     24915	80006ac0	00efecb3	or	x25,x31,x14	 x31:0x3e91c000 x14:0x00000000 x25=0x3e91c000
         500762	     24936	80006ac4	41e5dab3	sra	x21,x11,x30	 x11:0xfffff855 x30:0xffffc5fb x21=0xffffffff
         501082	     24952	80006ac8	021f16b3	mulh	x13,x30,x1	 x30:0xffffc5fb  x1:0xb5ea0a6c x13=0x000010ca
         501102	     24953	80006acc	01035263	bge	x6,x16,80006ad0	  x6:0x004b9c80 x16:0x00000000
         501662	     24981	80006ad0	00c7af33	slt	x30,x15,x12	 x15:0x00000000 x12:0xffffc5fa x30=0x00000000
         502082	     25002	80006ad4	0ff0000f	fence	iorw,iorw	
         502182	     25007	80006ad8	8d0d	c.sub	x10,x11	 x10:0xfffff86a x11:0xfffff855 x10=0x00000015
         502202	     25008	80006ada	0098bfb3	sltu	x31,x17,x9	 x17:0x80021e30  x9:0x00000010 x31=0x00000000
         502262	     25011	80006ade	0223f863	bgeu	x7,x2,80006b0e	  x7:0x80025ce4  x2:0x80021e30
         504042	     25100	80006b0e	02a6cd63	blt	x13,x10,80006b48	 x13:0x000010ca x10:0x00000015
         504342	     25115	80006b12	019c9613	slli	x12,x25,0x19	 x25:0x3e91c000 x12=0x00000000
         504382	     25117	80006b16	02551b33	mulh	x22,x10,x5	 x10:0x00000015  x5:0x00000018 x22=0x00000000
         504402	     25118	80006b1a	0136bfb3	sltu	x31,x13,x19	 x13:0x000010ca x19:0x0000b000 x31=0x00000001
         504422	     25119	80006b1e	11fd	c.addi	x3,-1	  x3:0xffffffff  x3=0xfffffffe
         504602	     25128	80006b20	03852833	mulhsu	x16,x10,x24	 x10:0x00000015 x24:0x00000004 x16=0x00000000
         504742	     25135	80006b24	340038f3	csrrc	x17,mscratch,x0	  x0:0x00000000 x17=0x00000004
         504822	     25139	80006b28	aa307437	lui	x8,0xaa307	  x8=0xaa307000
         505002	     25148	80006b2c	ca89	c.beqz	x13,80006b3e	 x13:0x000010ca
         505022	     25149	80006b2e	8fb1	c.xor	x15,x12	 x15:0x00000000 x12:0x00000000 x15=0x00000000
         505162	     25156	80006b30	c919	c.beqz	x10,80006b46	 x10:0x00000015
         505182	     25157	80006b32	03177463	bgeu	x14,x17,80006b5a	 x14:0x00000000 x17:0x00000004
         505522	     25174	80006b36	400486b3	sub	x13,x9,x0	  x9:0x00000010  x0:0x00000000 x13=0x00000010
         505742	     25185	80006b3a	02d21263	bne	x4,x13,80006b5e	  x4:0xffffffff x13:0x00000010
         505842	     25190	80006b5e	9b1e	c.add	x22,x7	 x22:0x00000000  x7:0x80025ce4 x22=0x80025ce4
         506282	     25212	80006b60	03d8c4b3	div	x9,x17,x29	 x17:0x00000004 x29:0x00000000  x9=0xffffffff
         506682	     25232	80006b64	0de78a37	lui	x20,0xde78	 x20=0x0de78000
         506702	     25233	80006b68	340f90f3	csrrw	x1,mscratch,x31	 x31:0x00000001  x1=0x00000004
         506862	     25241	80006b6c	03ffa1b3	mulhsu	x3,x31,x31	 x31:0x00000001 x31:0x00000001  x3=0x00000000
         506882	     25242	80006b70	340d56f3	csrrwi	x13,mscratch,26	 x13=0x00000001
         506902	     25243	80006b74	010028b3	slt	x17,x0,x16	  x0:0x00000000 x16:0x00000000 x17=0x00000000
         507022	     25249	80006b78	025986b3	mul	x13,x19,x5	 x19:0x0000b000  x5:0x00000018 x13=0x00108000
         507062	     25251	80006b7c	02c66e33	rem	x28,x12,x12	 x12:0x00000000 x12:0x00000000 x28=0x00000000
         507082	     25252	80006b80	01765b33	srl	x22,x12,x23	 x12:0x00000000 x23:0x00000014 x22=0x00000000
         507602	     25278	80006b84	0076f263	bgeu	x13,x7,80006b88	 x13:0x00108000  x7:0x80025ce4
         507662	     25281	80006b88	032429b3	mulhsu	x19,x8,x18	  x8:0xaa307000 x18:0x0000001b x19=0xfffffff6
         507682	     25282	80006b8c	02bbc563	blt	x23,x11,80006bb6	 x23:0x00000014 x11:0xfffff855
         507702	     25283	80006b90	0252	c.slli	x4,0x14	  x4:0xffffffff  x4=0xfff00000
         507722	     25284	80006b92	e815	c.bnez	x8,80006bc6	  x8:0xaa307000
         508162	     25306	80006bc6	14fd	c.addi	x9,-1	  x9:0xffffffff  x9=0xfffffffe
         508202	     25308	80006bc8	340b90f3	csrrw	x1,mscratch,x23	 x23:0x00000014  x1=0x0000001a
         508242	     25310	80006bcc	e2855097	auipc	x1,0xe2855	  x1=0x6285bbcc
         508282	     25312	80006bd0	03cc6233	rem	x4,x24,x28	 x24:0x00000004 x28:0x00000000  x4=0x00000004
         508302	     25313	80006bd4	8cf1	c.and	x9,x12	  x9:0xfffffffe x12:0x00000000  x9=0x00000000
         508422	     25319	80006bd6	3406d9f3	csrrwi	x19,mscratch,13	 x19=0x00000014
         508442	     25320	80006bda	47d9	c.li	x15,22	 x15=0x00000016
         508582	     25327	80006bdc	8ff5	c.and	x15,x13	 x15:0x00000016 x13:0x00108000 x15=0x00000000
         508602	     25328	80006bde	6fd76513	ori	x10,x14,1789	 x14:0x00000000 x10=0x000006fd
         509022	     25349	80006be2	4133d633	sra	x12,x7,x19	  x7:0x80025ce4 x19:0x00000014 x12=0xfffff800
         509042	     25350	80006be6	865d	c.srai	x12,0x17	 x12:0xfffff800 x12=0xffffffff
         509082	     25352	80006be8	8d6d	c.and	x10,x11	 x10:0x000006fd x11:0xfffff855 x10=0x00000055
         509102	     25353	80006bea	8f81	c.sub	x15,x8	 x15:0x00000000  x8:0xaa307000 x15=0x55cf9000
         509202	     25358	80006bec	8cdd	c.or	x9,x15	  x9:0x00000000 x15:0x55cf9000  x9=0x55cf9000
         509362	     25366	80006bee	03c744b3	div	x9,x14,x28	 x14:0x00000000 x28:0x00000000  x9=0xffffffff
         509382	     25367	80006bf2	08f6	c.slli	x17,0x1d	 x17:0x00000000 x17=0x00000000
         509422	     25369	80006bf4	02441f33	mulh	x30,x8,x4	  x8:0xaa307000  x4:0x00000004 x30=0xfffffffe
         509442	     25370	80006bf8	340769f3	csrrsi	x19,mscratch,14	 x19=0x0000000d
         509462	     25371	80006bfc	8c69	c.and	x8,x10	  x8:0xaa307000 x10:0x00000055  x8=0x00000000
         509482	     25372	80006bfe	00af9013	slli	x0,x31,0xa	 x31:0x00000001  x0=0x00000000
         509802	     25388	80006c02	34097273	csrrci	x4,mscratch,18	  x4=0x0000000f
         509942	     25395	80006c06	409300b3	sub	x1,x6,x9	  x6:0x004b9c80  x9:0xffffffff  x1=0x004b9c81
         509962	     25396	80006c0a	8f61	c.and	x14,x8	 x14:0x00000000  x8:0x00000000 x14=0x00000000
         509982	     25397	80006c0c	011b4b63	blt	x22,x17,80006c22	 x22:0x00000000 x17:0x00000000
         510382	     25417	80006c10	4621	c.li	x12,8	 x12=0x00000008
         510402	     25418	80006c12	8da5	c.xor	x11,x9	 x11:0xfffff855  x9:0xffffffff x11=0x000007aa
         510422	     25419	80006c14	c0550613	addi	x12,x10,-1019	 x10:0x00000055 x12=0xfffffc5a
         511162	     25456	80006c18	037779b3	remu	x19,x14,x23	 x14:0x00000000 x23:0x00000014 x19=0x00000000
         511182	     25457	80006c1c	c5317417	auipc	x8,0xc5317	  x8=0x4531dc1c
         511202	     25458	80006c20	8db1	c.xor	x11,x12	 x11:0x000007aa x12:0xfffffc5a x11=0xfffffbf0
         511262	     25461	80006c22	e387ed93	ori	x27,x15,-456	 x15:0x55cf9000 x27=0xfffffe38
         511682	     25482	80006c26	008f00b3	add	x1,x30,x8	 x30:0xfffffffe  x8:0x4531dc1c  x1=0x4531dc1a
         511942	     25495	80006c2a	0000100f	fence.i	
         512722	     25534	80006c2e	028a9963	bne	x21,x8,80006c60	 x21:0xffffffff  x8:0x4531dc1c
         512842	     25540	80006c60	2f5b7593	andi	x11,x22,757	 x22:0x00000000 x11=0x00000000
         512862	     25541	80006c64	00f14433	xor	x8,x2,x15	  x2:0x80021e30 x15:0x55cf9000  x8=0xd5cd8e30
         513242	     25560	80006c68	340036f3	csrrc	x13,mscratch,x0	  x0:0x00000000 x13=0x0000000d
         513262	     25561	80006c6c	022a5463	bge	x20,x2,80006c94	 x20:0x0de78000  x2:0x80021e30
         513822	     25589	80006c94	02a1	c.addi	x5,8	  x5:0x00000018  x5=0x00000020
         513842	     25590	80006c96	537d	c.li	x6,-1	  x6=0xffffffff
         513962	     25596	80006c98	062a	c.slli	x12,0xa	 x12:0xfffffc5a x12=0xfff16800
         514382	     25617	80006c9a	006a51b3	srl	x3,x20,x6	 x20:0x0de78000  x6:0xffffffff  x3=0x00000000
         514402	     25618	80006c9e	340035f3	csrrc	x11,mscratch,x0	  x0:0x00000000 x11=0x0000000d
         514422	     25619	80006ca2	8291	c.srli	x13,0x4	 x13:0x0000000d x13=0x00000000
         514482	     25622	80006ca4	01d11a13	slli	x20,x2,0x1d	  x2:0x80021e30 x20=0x00000000
         514582	     25627	80006ca8	48fd	c.li	x17,31	 x17=0x0000001f
         514602	     25628	80006caa	e499	c.bnez	x9,80006cb8	  x9:0xffffffff
         514862	     25641	80006cb8	34042bf3	csrrs	x23,mscratch,x8	  x8:0xd5cd8e30 x23=0x0000000d
         514882	     25642	80006cbc	02560e63	beq	x12,x5,80006cf8	 x12:0xfff16800  x5:0x00000020
         514902	     25643	80006cc0	41b2c293	xori	x5,x5,1051	  x5:0x00000020  x5=0x0000043b
         514982	     25647	80006cc4	0e42	c.slli	x28,0x10	 x28:0x00000000 x28=0x00000000
         515022	     25649	80006cc6	03b5b6b3	mulhu	x13,x11,x27	 x11:0x0000000d x27:0xfffffe38 x13=0x0000000c
         515042	     25650	80006cca	8535	c.srai	x10,0xd	 x10:0x00000055 x10=0x00000000
         515122	     25654	80006ccc	02bfdc63	bge	x31,x11,80006d04	 x31:0x00000001 x11:0x0000000d
         515202	     25658	80006cd0	d8b73413	sltiu	x8,x14,-629	 x14:0x00000000  x8=0x00000001
         515222	     25659	80006cd4	8ddd	c.or	x11,x15	 x11:0x0000000d x15:0x55cf9000 x11=0x55cf900d
         515242	     25660	80006cd6	3404d1f3	csrrwi	x3,mscratch,9	  x3=0xd5cd8e3d
         515262	     25661	80006cda	846d	c.srai	x8,0x1b	  x8:0x00000001  x8=0x00000000
         515282	     25662	80006cdc	016a9293	slli	x5,x21,0x16	 x21:0xffffffff  x5=0xffc00000
         515302	     25663	80006ce0	02080cb3	mul	x25,x16,x0	 x16:0x00000000  x0:0x00000000 x25=0x00000000
         515462	     25671	80006ce4	021d8033	mul	x0,x27,x1	 x27:0xfffffe38  x1:0x4531dc1a  x0=0x00000000
         515482	     25672	80006ce8	41cd	c.li	x3,19	  x3=0x00000013
         515502	     25673	80006cea	8d11	c.sub	x10,x12	 x10:0x00000000 x12:0xfff16800 x10=0x000e9800
         515522	     25674	80006cec	00a9ca33	xor	x20,x19,x10	 x19:0x00000000 x10:0x000e9800 x20=0x000e9800
         515902	     25693	80006cf0	03d86e63	bltu	x16,x29,80006d2c	 x16:0x00000000 x29:0x00000000
         515922	     25694	80006cf4	4028de33	sra	x28,x17,x2	 x17:0x0000001f  x2:0x80021e30 x28=0x00000000
         515962	     25696	80006cf8	0221b633	mulhu	x12,x3,x2	  x3:0x00000013  x2:0x80021e30 x12=0x00000009
         517082	     25752	80006cfc	0249e833	rem	x16,x19,x4	 x19:0x00000000  x4:0x0000000f x16=0x00000000
         517102	     25753	80006d00	41ea57b3	sra	x15,x20,x30	 x20:0x000e9800 x30:0xfffffffe x15=0x00000000
         517122	     25754	80006d04	00639fb3	sll	x31,x7,x6	  x7:0x80025ce4  x6:0xffffffff x31=0x00000000
         517142	     25755	80006d08	01e0ff33	and	x30,x1,x30	  x1:0x4531dc1a x30:0xfffffffe x30=0x4531dc1a
         517162	     25756	80006d0c	9bfe0793	addi	x15,x28,-1601	 x28:0x00000000 x15=0xfffff9bf
         517902	     25793	80006d10	03b24e33	div	x28,x4,x27	  x4:0x0000000f x27:0xfffffe38 x28=0x00000000
         517922	     25794	80006d14	019aeeb3	or	x29,x21,x25	 x21:0xffffffff x25:0x00000000 x29=0xffffffff
         517942	     25795	80006d18	9e26	c.add	x28,x9	 x28:0x00000000  x9:0xffffffff x28=0xffffffff
         517962	     25796	80006d1a	8c2d	c.xor	x8,x11	  x8:0x00000000 x11:0x55cf900d  x8=0x55cf900d
         517982	     25797	80006d1c	01dad263	bge	x21,x29,80006d20	 x21:0xffffffff x29:0xffffffff
         518022	     25799	80006d20	4265	c.li	x4,25	  x4=0x00000019
         518042	     25800	80006d22	028e	c.slli	x5,0x3	  x5:0xffc00000  x5=0xfe000000
         518082	     25802	80006d24	02a790b3	mulh	x1,x15,x10	 x15:0xfffff9bf x10:0x000e9800  x1=0xffffffff
         518402	     25818	80006d28	4078d713	srai	x14,x17,0x7	 x17:0x0000001f x14=0x00000000
         518422	     25819	80006d2c	ca09	c.beqz	x12,80006d3e	 x12:0x00000009
         518462	     25821	80006d2e	c0209997	auipc	x19,0xc0209	 x19=0x4020fd2e
         518482	     25822	80006d32	8ff5	c.and	x15,x13	 x15:0xfffff9bf x13:0x0000000c x15=0x0000000c
         518502	     25823	80006d34	340677f3	csrrci	x15,mscratch,12	 x15=0x00000009
         518622	     25829	80006d38	8fc5	c.or	x15,x9	 x15:0x00000009  x9:0xffffffff x15=0xffffffff
         518782	     25837	80006d3a	05595063	bge	x18,x21,80006d7a	 x18:0x0000001b x21:0xffffffff
         519322	     25864	80006d7a	8405	c.srai	x8,0x1	  x8:0x55cf900d  x8=0x2ae7c806
         519342	     25865	80006d7c	8731	c.srai	x14,0xc	 x14:0x00000000 x14=0x00000000
         519362	     25866	80006d7e	34007ef3	csrrci	x29,mscratch,0	 x29=0x00000001
         519382	     25867	80006d82	c28d	c.beqz	x13,80006da4	 x13:0x0000000c
         519442	     25870	80006d84	4da88213	addi	x4,x17,1242	 x17:0x0000001f  x4=0x000004f9
         519462	     25871	80006d88	00869933	sll	x18,x13,x8	 x13:0x0000000c  x8:0x2ae7c806 x18=0x00000300
         519482	     25872	80006d8c	e0ee4093	xori	x1,x28,-498	 x28:0xffffffff  x1=0x000001f1
         519842	     25890	80006d90	c719	c.beqz	x14,80006d9e	 x14:0x00000000
         520502	     25923	80006d9e	81f2	c.mv	x3,x28	  x0:0x00000000 x28:0xffffffff  x3=0xffffffff
         520802	     25938	80006da0	340065f3	csrrsi	x11,mscratch,0	 x11=0x00000001
         520842	     25940	80006da4	024d18b3	mulh	x17,x26,x4	 x26:0x00000000  x4:0x000004f9 x17=0x00000000
         521062	     25951	80006da8	340be4f3	csrrsi	x9,mscratch,23	  x9=0x00000001
         521222	     25959	80006dac	6e19	c.lui	x28,0x6	 x28=0x00006000
         521242	     25960	80006dae	6da5	c.lui	x27,0x9	 x27=0x00009000
         521262	     25961	80006db0	8be5	c.andi	x15,25	 x15:0xffffffff x15=0x00000019
         521662	     25981	80006db2	40c1d413	srai	x8,x3,0xc	  x3:0xffffffff  x8=0xffffffff
         521862	     25991	80006db6	01feef63	bltu	x29,x31,80006dd4	 x29:0x00000001 x31:0x00000000
         522142	     26005	80006dba	014d1513	slli	x10,x26,0x14	 x26:0x00000000 x10=0x00000000
         522162	     26006	80006dbe	9afd	c.andi	x13,-1	 x13:0x0000000c x13=0x0000000c
         522902	     26043	80006dc0	02315b33	divu	x22,x2,x3	  x2:0x80021e30  x3:0xffffffff x22=0x00000000
         522922	     26044	80006dc4	6ed5	c.lui	x29,0x15	 x29=0x00015000
         522942	     26045	80006dc6	340d3e73	csrrc	x28,mscratch,x26	 x26:0x00000000 x28=0x00000017
         522962	     26046	80006dca	340d9c73	csrrw	x24,mscratch,x27	 x27:0x00009000 x24=0x00000017
         522982	     26047	80006dce	1c7d	c.addi	x24,-1	 x24:0x00000017 x24=0x00000016
         523002	     26048	80006dd0	00344433	xor	x8,x8,x3	  x8:0xffffffff  x3:0xffffffff  x8=0x00000000
         523022	     26049	80006dd4	026ec363	blt	x29,x6,80006dfa	 x29:0x00015000  x6:0xffffffff
         523142	     26055	80006dd8	0001	c.addi	x0,0	  x0:0x00000000  x0=0x00000000
         523162	     26056	80006dda	4047d8b3	sra	x17,x15,x4	 x15:0x00000019  x4:0x000004f9 x17=0x00000000
         523182	     26057	80006dde	475d	c.li	x14,23	 x14=0x00000017
         523262	     26061	80006de0	40205e33	sra	x28,x0,x2	  x0:0x00000000  x2:0x80021e30 x28=0x00000000
         523522	     26074	80006de4	02a4f163	bgeu	x9,x10,80006e06	  x9:0x00000001 x10:0x00000000
         524622	     26129	80006e06	34002ef3	csrrs	x29,mscratch,x0	  x0:0x00000000 x29=0x00009000
         524642	     26130	80006e0a	657d	c.lui	x10,0x1f	 x10=0x0001f000
         525042	     26150	80006e0c	8ce5	c.and	x9,x9	  x9:0x00000001  x9:0x00000001  x9=0x00000001
         525062	     26151	80006e0e	006c5213	srli	x4,x24,0x6	 x24:0x00000016  x4=0x00000000
         525082	     26152	80006e12	0440f063	bgeu	x1,x4,80006e52	  x1:0x000001f1  x4:0x00000000
         525262	     26161	80006e52	8de1	c.and	x11,x8	 x11:0x00000001  x8:0x00000000 x11=0x00000000
         525582	     26177	80006e54	0001	c.addi	x0,0	  x0:0x00000000  x0=0x00000000
         525782	     26187	80006e56	00e45593	srli	x11,x8,0xe	  x8:0x00000000 x11=0x00000000
         525802	     26188	80006e5a	0ff0000f	fence	iorw,iorw	
         525822	     26189	80006e5e	015bc263	blt	x23,x21,80006e62	 x23:0x0000000d x21:0xffffffff
         525842	     26190	80006e62	8c81	c.sub	x9,x8	  x9:0x00000001  x8:0x00000000  x9=0x00000001
         525922	     26194	80006e64	88d1	c.andi	x9,20	  x9:0x00000001  x9=0x00000000
         525942	     26195	80006e66	0134db93	srli	x23,x9,0x13	  x9:0x00000000 x23=0x00000000
         525962	     26196	80006e6a	8b45	c.andi	x14,17	 x14:0x00000017 x14=0x00000011
         526322	     26214	80006e6c	8ced	c.and	x9,x11	  x9:0x00000000 x11:0x00000000  x9=0x00000000
         526342	     26215	80006e6e	00ea6333	or	x6,x20,x14	 x20:0x000e9800 x14:0x00000011  x6=0x000e9811
         526602	     26228	80006e72	007ebb33	sltu	x22,x29,x7	 x29:0x00009000  x7:0x80025ce4 x22=0x00000001
         526622	     26229	80006e76	0001	c.addi	x0,0	  x0:0x00000000  x0=0x00000000
         526642	     26230	80006e78	00741993	slli	x19,x8,0x7	  x8:0x00000000 x19=0x00000000
         526762	     26236	80006e7c	03eb11b3	mulh	x3,x22,x30	 x22:0x00000001 x30:0x4531dc1a  x3=0x00000000
         526862	     26241	80006e80	00749a93	slli	x21,x9,0x7	  x9:0x00000000 x21=0x00000000
         527022	     26249	80006e84	340d38f3	csrrc	x17,mscratch,x26	 x26:0x00000000 x17=0x00009000
         527042	     26250	80006e88	9512	c.add	x10,x4	 x10:0x0001f000  x4:0x00000000 x10=0x0001f000
         527062	     26251	80006e8a	8c41	c.or	x8,x8	  x8:0x00000000  x8:0x00000000  x8=0x00000000
         527082	     26252	80006e8c	007cd733	srl	x14,x25,x7	 x25:0x00000000  x7:0x80025ce4 x14=0x00000000
         527142	     26255	80006e90	34085373	csrrwi	x6,mscratch,16	  x6=0x00009000
         527582	     26277	80006e94	038a22b3	mulhsu	x5,x20,x24	 x20:0x000e9800 x24:0x00000016  x5=0x00000000
         527782	     26287	80006e98	03d82db3	mulhsu	x27,x16,x29	 x16:0x00000000 x29:0x00009000 x27=0x00000000
         527802	     26288	80006e9c	98fd	c.andi	x9,-1	  x9:0x00000000  x9=0x00000000
         527842	     26290	80006e9e	0289ee33	rem	x28,x19,x8	 x19:0x00000000  x8:0x00000000 x28=0x00000000
         527862	     26291	80006ea2	05e6f697	auipc	x13,0x5e6f	 x13=0x85e75ea2
         527882	     26292	80006ea6	0145ff33	and	x30,x11,x20	 x11:0x00000000 x20:0x000e9800 x30=0x00000000
         528262	     26311	80006eaa	01f0fb33	and	x22,x1,x31	  x1:0x000001f1 x31:0x00000000 x22=0x00000000
         528282	     26312	80006eae	8691	c.srai	x13,0x4	 x13:0x85e75ea2 x13=0xf85e75ea
         528302	     26313	80006eb0	009907b3	add	x15,x18,x9	 x18:0x00000300  x9:0x00000000 x15=0x00000300
         528462	     26321	80006eb4	69e1	c.lui	x19,0x18	 x19=0x00018000
         528482	     26322	80006eb6	340a68f3	csrrsi	x17,mscratch,20	 x17=0x00000010
         528522	     26324	80006eba	03641c33	mulh	x24,x8,x22	  x8:0x00000000 x22:0x00000000 x24=0x00000000
         528602	     26328	80006ebe	05a04263	blt	x0,x26,80006f02	  x0:0x00000000 x26:0x00000000
         528862	     26341	80006ec2	e8e24297	auipc	x5,0xe8e24	  x5=0x68e2aec2
         528882	     26342	80006ec6	005a4fb3	xor	x31,x20,x5	 x20:0x000e9800  x5:0x68e2aec2 x31=0x68ec36c2
         529302	     26363	80006eca	340628f3	csrrs	x17,mscratch,x12	 x12:0x00000009 x17=0x00000014
         529322	     26364	80006ece	6050ac13	slti	x24,x1,1541	  x1:0x000001f1 x24=0x00000001
         529342	     26365	80006ed2	8da9	c.xor	x11,x10	 x11:0x00000000 x10:0x0001f000 x11=0x0001f000
         529362	     26366	80006ed4	02fc7263	bgeu	x24,x15,80006ef8	 x24:0x00000001 x15:0x00000300
         529382	     26367	80006ed8	40565333	sra	x6,x12,x5	 x12:0x00000009  x5:0x68e2aec2  x6=0x00000002
         529402	     26368	80006edc	9ee6	c.add	x29,x25	 x29:0x00009000 x25:0x00000000 x29=0x00009000
         529462	     26371	80006ede	3409e773	csrrsi	x14,mscratch,19	 x14=0x0000001d
         529482	     26372	80006ee2	03401063	bne	x0,x20,80006f02	  x0:0x00000000 x20:0x000e9800
         534502	     26623	80006f02	0eda2313	slti	x6,x20,237	 x20:0x000e9800  x6=0x00000000
         534542	     26625	80006f06	03adc233	div	x4,x27,x26	 x27:0x00000000 x26:0x00000000  x4=0xffffffff
         534562	     26626	80006f0a	4102d4b3	sra	x9,x5,x16	  x5:0x68e2aec2 x16:0x00000000  x9=0x68e2aec2
         534582	     26627	80006f0e	004f0b33	add	x22,x30,x4	 x30:0x00000000  x4:0xffffffff x22=0xffffffff
         534602	     26628	80006f12	03f01d63	bne	x0,x31,80006f4c	  x0:0x00000000 x31:0x68ec36c2
         534802	     26638	80006f4c	03a4c033	div	x0,x9,x26	  x9:0x68e2aec2 x26:0x00000000  x0=0x00000000
         535142	     26655	80006f50	4f4d	c.li	x30,19	 x30=0x00000013
         535162	     26656	80006f52	a889c193	xori	x3,x19,-1400	 x19:0x00018000  x3=0xfffe7a88
         535182	     26657	80006f56	e8a96817	auipc	x16,0xe8a96	 x16=0x68a9cf56
         535202	     26658	80006f5a	00b3d793	srli	x15,x7,0xb	  x7:0x80025ce4 x15=0x0010004b
         535422	     26669	80006f5e	03a1ebb3	rem	x23,x3,x26	  x3:0xfffe7a88 x26:0x00000000 x23=0xfffe7a88
         535442	     26670	80006f62	0034dab3	srl	x21,x9,x3	  x9:0x68e2aec2  x3:0xfffe7a88 x21=0x0068e2ae
         535682	     26682	80006f66	0276dd63	bge	x13,x7,80006fa0	 x13:0xf85e75ea  x7:0x80025ce4
         537182	     26757	80006fa0	029beab3	rem	x21,x23,x9	 x23:0xfffe7a88  x9:0x68e2aec2 x21=0xfffe7a88
         537202	     26758	80006fa4	866a	c.mv	x12,x26	  x0:0x00000000 x26:0x00000000 x12=0x00000000
         537242	     26760	80006fa6	024af563	bgeu	x21,x4,80006fd0	 x21:0xfffe7a88  x4:0xffffffff
         537582	     26777	80006faa	34007373	csrrci	x6,mscratch,0	  x6=0x0000001f
         537962	     26796	80006fae	03150463	beq	x10,x17,80006fd6	 x10:0x0001f000 x17:0x00000014
         537982	     26797	80006fb2	8a62	c.mv	x20,x24	  x0:0x00000000 x24:0x00000001 x20=0x00000001
         538002	     26798	80006fb4	41580633	sub	x12,x16,x21	 x16:0x68a9cf56 x21:0xfffe7a88 x12=0x68ab54ce
         538742	     26835	80006fb8	025cf0b3	remu	x1,x25,x5	 x25:0x00000000  x5:0x68e2aec2  x1=0x00000000
         538762	     26836	80006fbc	0125aa33	slt	x20,x11,x18	 x11:0x0001f000 x18:0x00000300 x20=0x00000000
         538802	     26838	80006fc0	030ba4b3	mulhsu	x9,x23,x16	 x23:0xfffe7a88 x16:0x68a9cf56  x9=0xffff60c4
         538822	     26839	80006fc4	34006a73	csrrsi	x20,mscratch,0	 x20=0x0000001f
         538842	     26840	80006fc8	41985793	srai	x15,x16,0x19	 x16:0x68a9cf56 x15=0x00000034
         538862	     26841	80006fcc	015f9533	sll	x10,x31,x21	 x31:0x68ec36c2 x21:0xfffe7a88 x10=0xec36c200
         538882	     26842	80006fd0	00979413	slli	x8,x15,0x9	 x15:0x00000034  x8=0x00006800
         538982	     26847	80006fd4	0516	c.slli	x10,0x5	 x10:0xec36c200 x10=0x86d84000
         539002	     26848	80006fd6	2a9f7413	andi	x8,x30,681	 x30:0x00000013  x8=0x00000001
         539082	     26852	80006fda	34002c73	csrrs	x24,mscratch,x0	  x0:0x00000000 x24=0x0000001f
         539122	     26854	80006fde	106c2db7	lui	x27,0x106c2	 x27=0x106c2000
         539282	     26862	80006fe2	418e87b3	sub	x15,x29,x24	 x29:0x00009000 x24:0x0000001f x15=0x00008fe1
         540082	     26902	80006fe6	023f4733	div	x14,x30,x3	 x30:0x00000013  x3:0xfffe7a88 x14=0x00000000
         540102	     26903	80006fea	013b40b3	xor	x1,x22,x19	 x22:0xffffffff x19:0x00018000  x1=0xfffe7fff
         540122	     26904	80006fee	25a8cf93	xori	x31,x17,602	 x17:0x00000014 x31=0x0000024e
         540142	     26905	80006ff2	6671	c.lui	x12,0x1c	 x12=0x0001c000
         540162	     26906	80006ff4	87be	c.mv	x15,x15	  x0:0x00000000 x15:0x00008fe1 x15=0x00008fe1
         540182	     26907	80006ff6	4015d1b3	sra	x3,x11,x1	 x11:0x0001f000  x1:0xfffe7fff  x3=0x00000000
         540922	     26944	80006ffa	03fcf2b3	remu	x5,x25,x31	 x25:0x00000000 x31:0x0000024e  x5=0x00000000
         540942	     26945	80006ffe	1b367693	andi	x13,x12,435	 x12:0x0001c000 x13=0x00000000
         540962	     26946	80007002	340079f3	csrrci	x19,mscratch,0	 x19=0x0000001f
         540982	     26947	80007006	003f1963	bne	x30,x3,80007018	 x30:0x00000013  x3:0x00000000
         541662	     26981	80007018	4bc1cc13	xori	x24,x3,1212	  x3:0x00000000 x24=0x000004bc
         541742	     26985	8000701c	8a9e	c.mv	x21,x7	  x0:0x00000000  x7:0x80025ce4 x21=0x80025ce4
         541762	     26986	8000701e	003b0233	add	x4,x22,x3	 x22:0xffffffff  x3:0x00000000  x4=0xffffffff
         541782	     26987	80007022	3408df73	csrrwi	x30,mscratch,17	 x30=0x0000001f
         541822	     26989	80007026	0233ee33	rem	x28,x7,x3	  x7:0x80025ce4  x3:0x00000000 x28=0x80025ce4
         541842	     26990	8000702a	03299063	bne	x19,x18,8000704a	 x19:0x0000001f x18:0x00000300
         542162	     27006	8000704a	02ec6363	bltu	x24,x14,80007070	 x24:0x000004bc x14:0x00000000
         542182	     27007	8000704e	2257a313	slti	x6,x15,549	 x15:0x00008fe1  x6=0x00000000
         542202	     27008	80007052	8ef9	c.and	x13,x14	 x13:0x00000000 x14:0x00000000 x13=0x00000000
         542222	     27009	80007054	0016b8b3	sltu	x17,x13,x1	 x13:0x00000000  x1:0xfffe7fff x17=0x00000001
         542622	     27029	80007058	8de9	c.and	x11,x10	 x11:0x0001f000 x10:0x86d84000 x11=0x00004000
         542642	     27030	8000705a	9aa2	c.add	x21,x8	 x21:0x80025ce4  x8:0x00000001 x21=0x80025ce5
         542682	     27032	8000705c	05a3e163	bltu	x7,x26,8000709e	  x7:0x80025ce4 x26:0x00000000
         543002	     27048	80007060	4ab62c93	slti	x25,x12,1195	 x12:0x0001c000 x25=0x00000000
         543042	     27050	80007064	03a02a33	mulhsu	x20,x0,x26	  x0:0x00000000 x26:0x00000000 x20=0x00000000
         543062	     27051	80007068	29f86c13	ori	x24,x16,671	 x16:0x68a9cf56 x24=0x68a9cfdf
         543082	     27052	8000706c	40b7d613	srai	x12,x15,0xb	 x15:0x00008fe1 x12=0x00000011
         543482	     27072	80007070	19cfe013	ori	x0,x31,412	 x31:0x0000024e  x0=0x00000000
         543502	     27073	80007074	81ba	c.mv	x3,x14	  x0:0x00000000 x14:0x00000000  x3=0x00000000
         543762	     27086	80007076	6d9c7013	andi	x0,x24,1753	 x24:0x68a9cfdf  x0=0x00000000
         543782	     27087	8000707a	014e18b3	sll	x17,x28,x20	 x28:0x80025ce4 x20:0x00000000 x17=0x80025ce4
         543802	     27088	8000707e	00829213	slli	x4,x5,0x8	  x5:0x00000000  x4=0x00000000
         543822	     27089	80007082	a91b7213	andi	x4,x22,-1391	 x22:0xffffffff  x4=0xfffffa91
         543902	     27093	80007086	a0a56793	ori	x15,x10,-1526	 x10:0x86d84000 x15=0xfffffa0a
         543922	     27094	8000708a	01a2de93	srli	x29,x5,0x1a	  x5:0x00000000 x29=0x00000000
         544142	     27105	8000708e	03ddf5b3	remu	x11,x27,x29	 x27:0x106c2000 x29:0x00000000 x11=0x106c2000
         544162	     27106	80007092	8d4f24b7	lui	x9,0x8d4f2	  x9=0x8d4f2000
         544182	     27107	80007096	4130d633	sra	x12,x1,x19	  x1:0xfffe7fff x19:0x0000001f x12=0xffffffff
         544382	     27117	8000709a	c7656697	auipc	x13,0xc7656	 x13=0x4765d09a
         544402	     27118	8000709e	07d3b813	sltiu	x16,x7,125	  x7:0x80025ce4 x16=0x00000000
         544422	     27119	800070a2	88a1	c.andi	x9,8	  x9:0x8d4f2000  x9=0x00000000
         544822	     27139	800070a4	1067d037	lui	x0,0x1067d	  x0=0x00000000
         545562	     27176	800070a8	02f654b3	divu	x9,x12,x15	 x12:0xffffffff x15:0xfffffa0a  x9=0x00000001
         545582	     27177	800070ac	3406e073	csrrsi	x0,mscratch,13	  x0=0x00000000
         545602	     27178	800070b0	e8828cb7	lui	x25,0xe8828	 x25=0xe8828000
         545622	     27179	800070b4	00ca20b3	slt	x1,x20,x12	 x20:0x00000000 x12:0xffffffff  x1=0x00000000
         545642	     27180	800070b8	0168f263	bgeu	x17,x22,800070bc	 x17:0x80025ce4 x22:0xffffffff
         545662	     27181	800070bc	8df1	c.and	x11,x12	 x11:0x106c2000 x12:0xffffffff x11=0x106c2000
         545942	     27195	800070be	4a68ca13	xori	x20,x17,1190	 x17:0x80025ce4 x20=0x80025842
         546042	     27200	800070c2	340061f3	csrrsi	x3,mscratch,0	  x3=0x0000001d
         546142	     27205	800070c6	41f4d333	sra	x6,x9,x31	  x9:0x00000001 x31:0x0000024e  x6=0x00000000
         546162	     27206	800070ca	8f9d	c.sub	x15,x15	 x15:0xfffffa0a x15:0xfffffa0a x15=0x00000000
         546182	     27207	800070cc	8c85	c.sub	x9,x9	  x9:0x00000001  x9:0x00000001  x9=0x00000000
         546202	     27208	800070ce	8bba	c.mv	x23,x14	  x0:0x00000000 x14:0x00000000 x23=0x00000000
         546222	     27209	800070d0	0ff0000f	fence	iorw,iorw	
         546242	     27210	800070d4	02baf863	bgeu	x21,x11,80007104	 x21:0x80025ce5 x11:0x106c2000
         547362	     27266	80007104	340a9073	csrrw	x0,mscratch,x21	 x21:0x80025ce5  x0=0x00000000
         547402	     27268	80007108	01b6dab3	srl	x21,x13,x27	 x13:0x4765d09a x27:0x106c2000 x21=0x4765d09a
         547422	     27269	8000710c	1b317537	lui	x10,0x1b317	 x10=0x1b317000
         547542	     27275	80007110	01799493	slli	x9,x19,0x17	 x19:0x0000001f  x9=0x0f800000
         547762	     27286	80007114	01824b63	blt	x4,x24,8000712a	  x4:0xfffffa91 x24:0x68a9cfdf
         548722	     27334	8000712a	00ccd4b3	srl	x9,x25,x12	 x25:0xe8828000 x12:0xffffffff  x9=0x00000001
         548742	     27335	8000712e	8609	c.srai	x12,0x2	 x12:0xffffffff x12=0xffffffff
         548882	     27342	80007130	cc972f13	slti	x30,x14,-823	 x14:0x00000000 x30=0x00000000
         549202	     27358	80007134	985a	c.add	x16,x22	 x16:0x00000000 x22:0xffffffff x16=0xffffffff
         549222	     27359	80007136	340ed6f3	csrrwi	x13,mscratch,29	 x13=0x80025ce5
         549582	     27377	8000713a	01b35693	srli	x13,x6,0x1b	  x6:0x00000000 x13=0x00000000
         549602	     27378	8000713e	012e6e63	bltu	x28,x18,8000715a	 x28:0x80025ce4 x18:0x00000300
         549622	     27379	80007142	8c81	c.sub	x9,x8	  x9:0x00000001  x8:0x00000001  x9=0x00000000
         549642	     27380	80007144	8fdd	c.or	x15,x15	 x15:0x00000000 x15:0x00000000 x15=0x00000000
         550042	     27400	80007146	34053af3	csrrc	x21,mscratch,x10	 x10:0x1b317000 x21=0x0000001d
         550182	     27407	8000714a	01c51733	sll	x14,x10,x28	 x10:0x1b317000 x28:0x80025ce4 x14=0xb3170000
         550482	     27422	8000714e	00212533	slt	x10,x2,x2	  x2:0x80021e30  x2:0x80021e30 x10=0x00000000
         551222	     27459	80007152	02be7bb3	remu	x23,x28,x11	 x28:0x80025ce4 x11:0x106c2000 x23=0x0d0d7ce4
         551242	     27460	80007156	037d1563	bne	x26,x23,80007180	 x26:0x00000000 x23:0x0d0d7ce4
         551642	     27480	80007180	a6b83313	sltiu	x6,x16,-1429	 x16:0xffffffff  x6=0x00000000
         551662	     27481	80007184	011e5633	srl	x12,x28,x17	 x28:0x80025ce4 x17:0x80025ce4 x12=0x080025ce
         551782	     27487	80007188	0b35	c.addi	x22,13	 x22:0xffffffff x22=0x0000000c
         551802	     27488	8000718a	85d5	c.srai	x11,0x15	 x11:0x106c2000 x11=0x00000083
         552122	     27504	8000718c	02af5433	divu	x8,x30,x10	 x30:0x00000000 x10:0x00000000  x8=0xffffffff
         552142	     27505	80007190	013140b3	xor	x1,x2,x19	  x2:0x80021e30 x19:0x0000001f  x1=0x80021e2f
         552162	     27506	80007194	00fb06b3	add	x13,x22,x15	 x22:0x0000000c x15:0x00000000 x13=0x0000000c
         552502	     27523	80007198	02b9b2b3	mulhu	x5,x19,x11	 x19:0x0000001f x11:0x00000083  x5=0x00000000
         552842	     27540	8000719c	8dc1	c.or	x11,x8	 x11:0x00000083  x8:0xffffffff x11=0xffffffff
         553262	     27561	8000719e	2ba1f837	lui	x16,0x2ba1f	 x16=0x2ba1f000
         553282	     27562	800071a2	01f37db3	and	x27,x6,x31	  x6:0x00000000 x31:0x0000024e x27=0x00000000
         553302	     27563	800071a6	e619	c.bnez	x12,800071b4	 x12:0x080025ce
         553842	     27590	800071b4	01148533	add	x10,x9,x17	  x9:0x00000000 x17:0x80025ce4 x10=0x80025ce4
         554162	     27606	800071b8	b2686293	ori	x5,x16,-1242	 x16:0x2ba1f000  x5=0xfffffb26
         554262	     27611	800071bc	006f1813	slli	x16,x30,0x6	 x30:0x00000000 x16=0x00000000
         554282	     27612	800071c0	001126b3	slt	x13,x2,x1	  x2:0x80021e30  x1:0x80021e2f x13=0x00000000
         554302	     27613	800071c4	340e5573	csrrwi	x10,mscratch,28	 x10=0x0000001d
         554322	     27614	800071c8	019ec0b3	xor	x1,x29,x25	 x29:0x00000000 x25:0xe8828000  x1=0xe8828000
         554742	     27635	800071cc	413a5c13	srai	x24,x20,0x13	 x20:0x80025842 x24=0xfffff000
         555162	     27656	800071d0	03551163	bne	x10,x21,800071f2	 x10:0x0000001d x21:0x0000001d
         555282	     27662	800071d4	01b4e2b3	or	x5,x9,x27	  x9:0x00000000 x27:0x00000000  x5=0x00000000
         555302	     27663	800071d8	b1be2e13	slti	x28,x28,-1253	 x28:0x80025ce4 x28=0x00000001
         555722	     27684	800071dc	08fe	c.slli	x17,0x1f	 x17:0x80025ce4 x17=0x00000000
         555742	     27685	800071de	415c0e33	sub	x28,x24,x21	 x24:0xfffff000 x21:0x0000001d x28=0xffffefe3
         555882	     27692	800071e2	02e6aa33	mulhsu	x20,x13,x14	 x13:0x00000000 x14:0xb3170000 x20=0x00000000
         556282	     27712	800071e6	0524c363	blt	x9,x18,8000722c	  x9:0x00000000 x18:0x00000300
         556922	     27744	8000722c	00c7c8b3	xor	x17,x15,x12	 x15:0x00000000 x12:0x080025ce x17=0x080025ce
         557242	     27760	80007230	011fdc33	srl	x24,x31,x17	 x31:0x0000024e x17:0x080025ce x24=0x00000000
         557262	     27761	80007234	0067a8b3	slt	x17,x15,x6	 x15:0x00000000  x6:0x00000000 x17=0x00000000
         557442	     27770	80007238	05257263	bgeu	x10,x18,8000727c	 x10:0x0000001d x18:0x00000300
         557842	     27790	8000723c	b4e1a213	slti	x4,x3,-1202	  x3:0x0000001d  x4=0x00000000
         557862	     27791	80007240	828d	c.srli	x13,0x3	 x13:0x00000000 x13=0x00000000
         557902	     27793	80007242	027d3ab3	mulhu	x21,x26,x7	 x26:0x00000000  x7:0x80025ce4 x21=0x00000000
         557922	     27794	80007246	41a95013	srai	x0,x18,0x1a	 x18:0x00000300  x0=0x00000000
         558042	     27800	8000724a	0ff0000f	fence	iorw,iorw	
         558102	     27803	8000724e	033098b3	mulh	x17,x1,x19	  x1:0xe8828000 x19:0x0000001f x17=0xfffffffd
         558122	     27804	80007252	016b01b3	add	x3,x22,x22	 x22:0x0000000c x22:0x0000000c  x3=0x00000018
         558282	     27812	80007256	022231b3	mulhu	x3,x4,x2	  x4:0x00000000  x2:0x80021e30  x3=0x00000000
         558302	     27813	8000725a	6bb1	c.lui	x23,0xc	 x23=0x0000c000
         558322	     27814	8000725c	db8c2493	slti	x9,x24,-584	 x24:0x00000000  x9=0x00000000
         558342	     27815	80007260	018d1c33	sll	x24,x26,x24	 x26:0x00000000 x24:0x00000000 x24=0x00000000
         558742	     27835	80007264	0001	c.addi	x0,0	  x0:0x00000000  x0=0x00000000
         558762	     27836	80007266	340e2ef3	csrrs	x29,mscratch,x28	 x28:0xffffefe3 x29=0x0000001c
         559782	     27887	8000726a	02805433	divu	x8,x0,x8	  x0:0x00000000  x8:0xffffffff  x8=0x00000000
         559822	     27889	8000726e	030671b3	remu	x3,x12,x16	 x12:0x080025ce x16:0x00000000  x3=0x080025ce
         559842	     27890	80007272	0001	c.addi	x0,0	  x0:0x00000000  x0=0x00000000
         559862	     27891	80007274	ee78f993	andi	x19,x17,-281	 x17:0xfffffffd x19=0xfffffee5
         559882	     27892	80007278	0122aa33	slt	x20,x5,x18	  x5:0x00000000 x18:0x00000300 x20=0x00000001
         559902	     27893	8000727c	41e455b3	sra	x11,x8,x30	  x8:0x00000000 x30:0x00000000 x11=0x00000000
         559922	     27894	80007280	00313c33	sltu	x24,x2,x3	  x2:0x80021e30  x3:0x080025ce x24=0x00000000
         559942	     27895	80007284	40bfdf33	sra	x30,x31,x11	 x31:0x0000024e x11:0x00000000 x30=0x0000024e
         560202	     27908	80007288	01acff33	and	x30,x25,x26	 x25:0xe8828000 x26:0x00000000 x30=0x00000000
         560622	     27929	8000728c	01ed6333	or	x6,x26,x30	 x26:0x00000000 x30:0x00000000  x6=0x00000000
         560722	     27934	80007290	878a	c.mv	x15,x2	  x0:0x00000000  x2:0x80021e30 x15=0x80021e30
         560882	     27942	80007292	34002373	csrrs	x6,mscratch,x0	  x0:0x00000000  x6=0xffffefff
         560902	     27943	80007296	4fed8b13	addi	x22,x27,1278	 x27:0x00000000 x22=0x000004fe
         560922	     27944	8000729a	137d	c.addi	x6,-1	  x6:0xffffefff  x6=0xffffeffe
         560982	     27947	8000729c	01ba4633	xor	x12,x20,x27	 x20:0x00000001 x27:0x00000000 x12=0x00000001
         561002	     27948	800072a0	8b178bb7	lui	x23,0x8b178	 x23=0x8b178000
         561022	     27949	800072a4	8311	c.srli	x14,0x4	 x14:0xb3170000 x14=0x0b317000
         561062	     27951	800072a6	40d40eb3	sub	x29,x8,x13	  x8:0x00000000 x13:0x00000000 x29=0x00000000
         561082	     27952	800072aa	0001	c.addi	x0,0	  x0:0x00000000  x0=0x00000000
         561102	     27953	800072ac	000c7933	and	x18,x24,x0	 x24:0x00000000  x0:0x00000000 x18=0x00000000
         561122	     27954	800072b0	0000100f	fence.i	
         561262	     27961	800072b4	b8382313	slti	x6,x16,-1149	 x16:0x00000000  x6=0x00000000
         561682	     27982	800072b8	cd05	c.beqz	x10,800072f0	 x10:0x0000001d
         561702	     27983	800072ba	06cdfa13	andi	x20,x27,108	 x27:0x00000000 x20=0x00000000
         561882	     27992	800072be	34055873	csrrwi	x16,mscratch,10	 x16=0xffffefff
         561902	     27993	800072c2	403dd013	srai	x0,x27,0x3	 x27:0x00000000  x0=0x00000000
         562082	     28002	800072c6	01bad8b3	srl	x17,x21,x27	 x21:0x00000000 x27:0x00000000 x17=0x00000000
         562102	     28003	800072ca	e385	c.bnez	x15,800072ea	 x15:0x80021e30
         562862	     28041	800072ea	99ce	c.add	x19,x19	 x19:0xfffffee5 x19:0xfffffee5 x19=0xfffffdca
         562882	     28042	800072ec	8c29	c.xor	x8,x10	  x8:0x00000000 x10:0x0000001d  x8=0x0000001d
         562902	     28043	800072ee	84b2	c.mv	x9,x12	  x0:0x00000000 x12:0x00000001  x9=0x00000001
         563002	     28048	800072f0	6231	c.lui	x4,0xc	  x4=0x0000c000
         563022	     28049	800072f2	c605	c.beqz	x12,8000731a	 x12:0x00000001
         563202	     28058	800072f4	71842317	auipc	x6,0x71842	  x6=0xf18492f4
         563222	     28059	800072f8	e31d	c.bnez	x14,8000731e	 x14:0x0b317000
         563762	     28086	8000731e	81f34713	xori	x14,x6,-2017	  x6:0xf18492f4 x14=0x0e7b6aeb
         563902	     28093	80007322	0000100f	fence.i	
         579762	     28886	80007326	0e3d	c.addi	x28,15	 x28:0xffffefe3 x28=0xffffeff2
         579782	     28887	80007328	4d89f093	andi	x1,x19,1240	 x19:0xfffffdca  x1=0x000004c8
         579802	     28888	8000732c	cf99	c.beqz	x15,8000734a	 x15:0x80021e30
         579822	     28889	8000732e	340aaff3	csrrs	x31,mscratch,x21	 x21:0x00000000 x31=0x0000000a
         579842	     28890	80007332	0ff0000f	fence	iorw,iorw	
         579862	     28891	80007336	c089	c.beqz	x9,80007338	  x9:0x00000001
         580282	     28912	80007338	01501793	slli	x15,x0,0x15	  x0:0x00000000 x15=0x00000000
         580302	     28913	8000733c	843d	c.srai	x8,0xf	  x8:0x0000001d  x8=0x00000000
         580322	     28914	8000733e	e491	c.bnez	x9,8000734a	  x9:0x00000001
         581402	     28968	8000734a	01ef9a93	slli	x21,x31,0x1e	 x31:0x0000000a x21=0x80000000
         581422	     28969	8000734e	00f6f1b3	and	x3,x13,x15	 x13:0x00000000 x15:0x00000000  x3=0x00000000
         581462	     28971	80007352	34002473	csrrs	x8,mscratch,x0	  x0:0x00000000  x8=0x0000000a
         581482	     28972	80007356	8fb2	c.mv	x31,x12	  x0:0x00000000 x12:0x00000001 x31=0x00000001
         581502	     28973	80007358	8141	c.srli	x10,0x10	 x10:0x0000001d x10=0x00000000
         581562	     28976	8000735a	019e95b3	sll	x11,x29,x25	 x29:0x00000000 x25:0xe8828000 x11=0x00000000
         581582	     28977	8000735e	ec99	c.bnez	x9,8000737c	  x9:0x00000001
         581802	     28988	8000737c	01bef733	and	x14,x29,x27	 x29:0x00000000 x27:0x00000000 x14=0x00000000
         581962	     28996	80007380	0268a833	mulhsu	x16,x17,x6	 x17:0x00000000  x6:0xf18492f4 x16=0x00000000
         582062	     29001	80007384	e05e4b13	xori	x22,x28,-507	 x28:0xffffeff2 x22=0x000011f7
         582142	     29005	80007388	0176d493	srli	x9,x13,0x17	 x13:0x00000000  x9=0x00000000
         582162	     29006	8000738c	0284ee13	ori	x28,x9,40	  x9:0x00000000 x28=0x00000028
         582182	     29007	80007390	00c26c63	bltu	x4,x12,800073a8	  x4:0x0000c000 x12:0x00000001
         582202	     29008	80007394	8436a193	slti	x3,x13,-1981	 x13:0x00000000  x3=0x00000000
         582782	     29037	80007398	03c04063	blt	x0,x28,800073b8	  x0:0x00000000 x28:0x00000028
         583202	     29058	800073b8	2c17cb93	xori	x23,x15,705	 x15:0x00000000 x23=0x000002c1
         583622	     29079	800073bc	9d727413	andi	x8,x4,-1577	  x4:0x0000c000  x8=0x0000c000
         583642	     29080	800073c0	340ee4f3	csrrsi	x9,mscratch,29	  x9=0x0000000a
         583702	     29083	800073c4	97ce	c.add	x15,x19	 x15:0x00000000 x19:0xfffffdca x15=0xfffffdca
         583722	     29084	800073c6	0001	c.addi	x0,0	  x0:0x00000000  x0=0x00000000
         583762	     29086	800073c8	40f55733	sra	x14,x10,x15	 x10:0x00000000 x15:0xfffffdca x14=0x00000000
         583782	     29087	800073cc	8881	c.andi	x9,0	  x9:0x0000000a  x9=0x00000000
         583802	     29088	800073ce	8295	c.srli	x13,0x5	 x13:0x00000000 x13=0x00000000
         583882	     29092	800073d0	0ff0000f	fence	iorw,iorw	
         583902	     29093	800073d4	00336863	bltu	x6,x3,800073e4	  x6:0xf18492f4  x3:0x00000000
         583922	     29094	800073d8	01e08333	add	x6,x1,x30	  x1:0x000004c8 x30:0x00000000  x6=0x000004c8
         584342	     29115	800073dc	340d9ff3	csrrw	x31,mscratch,x27	 x27:0x00000000 x31=0x0000001f
         584762	     29136	800073e0	34002f73	csrrs	x30,mscratch,x0	  x0:0x00000000 x30=0x00000000
         584782	     29137	800073e4	ca05	c.beqz	x12,80007414	 x12:0x00000001
         584942	     29145	800073e6	40e301b3	sub	x3,x6,x14	  x6:0x000004c8 x14:0x00000000  x3=0x000004c8
         584962	     29146	800073ea	024cff63	bgeu	x25,x4,80007428	 x25:0xe8828000  x4:0x0000c000
         585542	     29175	80007428	02fd9463	bne	x27,x15,80007450	 x27:0x00000000 x15:0xfffffdca
         585942	     29195	80007450	5b7d	c.li	x22,-1	 x22=0xffffffff
         586022	     29199	80007452	00e7ba33	sltu	x20,x15,x14	 x15:0xfffffdca x14:0x00000000 x20=0x00000000
         586042	     29200	80007456	0ff0000f	fence	iorw,iorw	
         586482	     29222	8000745a	037cafb3	mulhsu	x31,x25,x23	 x25:0xe8828000 x23:0x000002c1 x31=0xffffffbf
         586502	     29223	8000745e	02ce8c63	beq	x29,x12,80007496	 x29:0x00000000 x12:0x00000001
         586602	     29228	80007462	d4c90f17	auipc	x30,0xd4c90	 x30=0x54c97462
         586622	     29229	80007466	00cab533	sltu	x10,x21,x12	 x21:0x80000000 x12:0x00000001 x10=0x00000000
         587542	     29275	8000746a	02207b33	remu	x22,x0,x2	  x0:0x00000000  x2:0x80021e30 x22=0x00000000
         587562	     29276	8000746e	6cc78793	addi	x15,x15,1740	 x15:0xfffffdca x15=0x00000496
         587582	     29277	80007472	02e481b3	mul	x3,x9,x14	  x9:0x00000000 x14:0x00000000  x3=0x00000000
         587602	     29278	80007476	dbda0293	addi	x5,x20,-579	 x20:0x00000000  x5=0xfffffdbd
         587642	     29280	8000747a	026232b3	mulhu	x5,x4,x6	  x4:0x0000c000  x6:0x000004c8  x5=0x00000000
         587662	     29281	8000747e	82c6	c.mv	x5,x17	  x0:0x00000000 x17:0x00000000  x5=0x00000000
         587682	     29282	80007480	478d	c.li	x15,3	 x15=0x00000003
         587702	     29283	80007482	410b8233	sub	x4,x23,x16	 x23:0x000002c1 x16:0x00000000  x4=0x000002c1
         587862	     29291	80007486	03464533	div	x10,x12,x20	 x12:0x00000001 x20:0x00000000 x10=0xffffffff
         587882	     29292	8000748a	02b48ab3	mul	x21,x9,x11	  x9:0x00000000 x11:0x00000000 x21=0x00000000
         587902	     29293	8000748e	14773e13	sltiu	x28,x14,327	 x14:0x00000000 x28=0x00000001
         588142	     29305	80007492	406f89b3	sub	x19,x31,x6	 x31:0xffffffbf  x6:0x000004c8 x19=0xfffffaf7
         588162	     29306	80007496	8755	c.srai	x14,0x15	 x14:0x00000000 x14=0x00000000
         588182	     29307	80007498	eb95	c.bnez	x15,800074cc	 x15:0x00000003
         588662	     29331	800074cc	e7e2c6b7	lui	x13,0xe7e2c	 x13=0xe7e2c000
         589142	     29355	800074d0	031d0f63	beq	x26,x17,8000750e	 x26:0x00000000 x17:0x00000000
         590182	     29407	8000750e	02d1f563	bgeu	x3,x13,80007538	  x3:0x00000000 x13:0xe7e2c000
         590202	     29408	80007512	6aad	c.lui	x21,0xb	 x21=0x0000b000
         590222	     29409	80007514	0077d213	srli	x4,x15,0x7	 x15:0x00000003  x4=0x00000000
         590242	     29410	80007518	03fe5763	bge	x28,x31,80007546	 x28:0x00000001 x31:0xffffffbf
         591262	     29461	80007546	340e1ff3	csrrw	x31,mscratch,x28	 x28:0x00000001 x31=0x00000000
         591282	     29462	8000754a	017b4663	blt	x22,x23,80007556	 x22:0x00000000 x23:0x000002c1
         592342	     29515	80007556	01e987b3	add	x15,x19,x30	 x19:0xfffffaf7 x30:0x54c97462 x15=0x54c96f59
         592362	     29516	8000755a	86b1	c.srai	x13,0xc	 x13:0xe7e2c000 x13=0xfffe7e2c
         592542	     29525	8000755c	8eb1	c.xor	x13,x12	 x13:0xfffe7e2c x12:0x00000001 x13=0xfffe7e2d
         592562	     29526	8000755e	0143e233	or	x4,x7,x20	  x7:0x80025ce4 x20:0x00000000  x4=0x80025ce4
         592582	     29527	80007562	34006873	csrrsi	x16,mscratch,0	 x16=0x00000001
         593322	     29564	80007566	02f94ab3	div	x21,x18,x15	 x18:0x00000000 x15:0x54c96f59 x21=0x00000000
         593342	     29565	8000756a	02a67163	bgeu	x12,x10,8000758c	 x12:0x00000001 x10:0xffffffff
         593362	     29566	8000756e	34002973	csrrs	x18,mscratch,x0	  x0:0x00000000 x18=0x00000001
         593382	     29567	80007572	03136f63	bltu	x6,x17,800075b0	  x6:0x000004c8 x17:0x00000000
         593402	     29568	80007576	8689	c.srai	x13,0x2	 x13:0xfffe7e2d x13=0xffff9f8b
         593422	     29569	80007578	340027f3	csrrs	x15,mscratch,x0	  x0:0x00000000 x15=0x00000001
         593442	     29570	8000757c	47162613	slti	x12,x12,1137	 x12:0x00000001 x12=0x00000001
         593582	     29577	80007580	82bafe13	andi	x28,x21,-2005	 x21:0x00000000 x28=0x00000000
         593742	     29585	80007584	00cb99b3	sll	x19,x23,x12	 x23:0x000002c1 x12:0x00000001 x19=0x00000582
         593762	     29586	80007588	f90e8793	addi	x15,x29,-112	 x29:0x00000000 x15=0xffffff90
         594182	     29607	8000758c	0013cf33	xor	x30,x7,x1	  x7:0x80025ce4  x1:0x000004c8 x30=0x8002582c
         594462	     29621	80007590	015dde63	bge	x27,x21,800075ac	 x27:0x00000000 x21:0x00000000
         594722	     29634	800075ac	047fc163	blt	x31,x7,800075ee	 x31:0x00000000  x7:0x80025ce4
         594762	     29636	800075b0	0000100f	fence.i	
         595722	     29684	800075b4	03b80cb3	mul	x25,x16,x27	 x16:0x00000001 x27:0x00000000 x25=0x00000000
         595742	     29685	800075b8	f7113613	sltiu	x12,x2,-143	  x2:0x80021e30 x12=0x00000001
         596482	     29722	800075bc	02abd6b3	divu	x13,x23,x10	 x23:0x000002c1 x10:0xffffffff x13=0x00000000
         596522	     29724	800075c0	032f3933	mulhu	x18,x30,x18	 x30:0x8002582c x18:0x00000001 x18=0x00000000
         596542	     29725	800075c4	b84db093	sltiu	x1,x27,-1148	 x27:0x00000000  x1=0x00000001
         596562	     29726	800075c8	0001	c.addi	x0,0	  x0:0x00000000  x0=0x00000000
         596582	     29727	800075ca	8ee5	c.and	x13,x9	 x13:0x00000000  x9:0x00000000 x13=0x00000000
         596602	     29728	800075cc	f7900c93	addi	x25,x0,-135	  x0:0x00000000 x25=0xffffff79
         596622	     29729	800075d0	46f5	c.li	x13,29	 x13=0x0000001d
         596642	     29730	800075d2	9e5ccf13	xori	x30,x25,-1563	 x25:0xffffff79 x30=0x0000069c
         596662	     29731	800075d6	e567c493	xori	x9,x15,-426	 x15:0xffffff90  x9=0x000001c6
         596682	     29732	800075da	8356	c.mv	x6,x21	  x0:0x00000000 x21:0x00000000  x6=0x00000000
         596702	     29733	800075dc	1db50217	auipc	x4,0x1db50	  x4=0x9db575dc
         597102	     29753	800075e0	06fe	c.slli	x13,0x1f	 x13:0x0000001d x13=0x80000000
         597302	     29763	800075e2	02901e33	mulh	x28,x0,x9	  x0:0x00000000  x9:0x000001c6 x28=0x00000000
         597322	     29764	800075e6	b209b593	sltiu	x11,x19,-1248	 x19:0x00000582 x11=0x00000001
         597362	     29766	800075ea	02821ab3	mulh	x21,x4,x8	  x4:0x9db575dc  x8:0x0000c000 x21=0xffffb648
         597382	     29767	800075ee	02548763	beq	x9,x5,8000761c	  x9:0x000001c6  x5:0x00000000
         597442	     29770	800075f2	005d6ab3	or	x21,x26,x5	 x26:0x00000000  x5:0x00000000 x21=0x00000000
         597882	     29792	800075f6	0341e633	rem	x12,x3,x20	  x3:0x00000000 x20:0x00000000 x12=0x00000000
         598242	     29810	800075fa	40dad733	sra	x14,x21,x13	 x21:0x00000000 x13:0x80000000 x14=0x00000000
         598262	     29811	800075fe	d13f8893	addi	x17,x31,-749	 x31:0x00000000 x17=0xfffffd13
         598282	     29812	80007602	e309	c.bnez	x14,80007604	 x14:0x00000000
         598322	     29814	80007604	0000100f	fence.i	
         598422	     29819	80007608	059ac463	blt	x21,x25,80007650	 x21:0x00000000 x25:0xffffff79
         599162	     29856	8000760c	03ee4033	div	x0,x28,x30	 x28:0x00000000 x30:0x0000069c  x0=0x00000000
         599182	     29857	80007610	8137f913	andi	x18,x15,-2029	 x15:0xffffff90 x18=0xfffff810
         599202	     29858	80007614	34006ff3	csrrsi	x31,mscratch,0	 x31=0x00000001
         599222	     29859	80007618	41f05633	sra	x12,x0,x31	  x0:0x00000000 x31:0x00000001 x12=0x00000000
         599242	     29860	8000761c	d404eb97	auipc	x23,0xd404e	 x23=0x5405561c
         599282	     29862	80007620	0353ef33	rem	x30,x7,x21	  x7:0x80025ce4 x21:0x00000000 x30=0x80025ce4
         599302	     29863	80007624	e395	c.bnez	x15,80007648	 x15:0xffffff90
         599362	     29866	80007648	00ef8263	beq	x31,x14,8000764c	 x31:0x00000001 x14:0x00000000
         599702	     29883	8000764c	011da933	slt	x18,x27,x17	 x27:0x00000000 x17:0xfffffd13 x18=0x00000000
         599722	     29884	80007650	34003ef3	csrrc	x29,mscratch,x0	  x0:0x00000000 x29=0x00000001
         599782	     29887	80007654	00420c33	add	x24,x4,x4	  x4:0x9db575dc  x4:0x9db575dc x24=0x3b6aebb8
         599802	     29888	80007658	41e70eb3	sub	x29,x14,x30	 x14:0x00000000 x30:0x80025ce4 x29=0x7ffda31c
         599942	     29895	8000765c	032306b3	mul	x13,x6,x18	  x6:0x00000000 x18:0x00000000 x13=0x00000000
         600362	     29916	80007660	0001	c.addi	x0,0	  x0:0x00000000  x0=0x00000000
         600382	     29917	80007662	0001	c.addi	x0,0	  x0:0x00000000  x0=0x00000000
         600442	     29920	80007664	8ff5	c.and	x15,x13	 x15:0xffffff90 x13:0x00000000 x15=0x00000000
         600862	     29941	80007666	54fceab7	lui	x21,0x54fce	 x21=0x54fce000
         601202	     29958	8000766a	41f75233	sra	x4,x14,x31	 x14:0x00000000 x31:0x00000001  x4=0x00000000
         601222	     29959	8000766e	41675633	sra	x12,x14,x22	 x14:0x00000000 x22:0x00000000 x12=0x00000000
         601242	     29960	80007672	0e3e	c.slli	x28,0xf	 x28:0x00000000 x28=0x00000000
         601282	     29962	80007674	030eacb3	mulhsu	x25,x29,x16	 x29:0x7ffda31c x16:0x00000001 x25=0x00000000
         601342	     29965	80007678	038c2033	mulhsu	x0,x24,x24	 x24:0x3b6aebb8 x24:0x3b6aebb8  x0=0x00000000
         601382	     29967	8000767c	03604833	div	x16,x0,x22	  x0:0x00000000 x22:0x00000000 x16=0xffffffff
         601922	     29994	80007680	10fd	c.addi	x1,-1	  x1:0x00000001  x1=0x00000000
         601962	     29996	80007682	00185633	srl	x12,x16,x1	 x16:0xffffffff  x1:0x00000000 x12=0xffffffff
         602202	     30008	80007686	01099e33	sll	x28,x19,x16	 x19:0x00000582 x16:0xffffffff x28=0x00000000
         602642	     30030	8000768a	03c3dab3	divu	x21,x7,x28	  x7:0x80025ce4 x28:0x00000000 x21=0xffffffff
         602662	     30031	8000768e	340d2473	csrrs	x8,mscratch,x26	 x26:0x00000000  x8=0x00000001
         602842	     30040	80007692	006407b3	add	x15,x8,x6	  x8:0x00000001  x6:0x00000000 x15=0x00000001
         602922	     30044	80007696	01b15e13	srli	x28,x2,0x1b	  x2:0x80021e30 x28=0x00000010
         602942	     30045	8000769a	0001	c.addi	x0,0	  x0:0x00000000  x0=0x00000000
         602962	     30046	8000769c	34073b73	csrrc	x22,mscratch,x14	 x14:0x00000000 x22=0x00000001
         602982	     30047	800076a0	40fd8c33	sub	x24,x27,x15	 x27:0x00000000 x15:0x00000001 x24=0xffffffff
         603002	     30048	800076a4	93052c93	slti	x25,x10,-1744	 x10:0xffffffff x25=0x00000000
         603242	     30060	800076a8	8b6f3193	sltiu	x3,x30,-1866	 x30:0x80025ce4  x3=0x00000001
         603382	     30067	800076ac	03ba9c63	bne	x21,x27,800076e4	 x21:0xffffffff x27:0x00000000
         603962	     30096	800076e4	d0c1a993	slti	x19,x3,-756	  x3:0x00000001 x19=0x00000000
         603982	     30097	800076e8	828d	c.srli	x13,0x3	 x13:0x00000000 x13=0x00000000
         604002	     30098	800076ea	ce99	c.beqz	x13,80007708	 x13:0x00000000
         605002	     30148	80007708	34006b73	csrrsi	x22,mscratch,0	 x22=0x00000001
         605022	     30149	8000770c	8f1d	c.sub	x14,x15	 x14:0x00000000 x15:0x00000001 x14=0xffffffff
         605042	     30150	8000770e	03fbe063	bltu	x23,x31,8000772e	 x23:0x5405561c x31:0x00000001
         605062	     30151	80007712	0002d513	srli	x10,x5,0x0	  x5:0x00000000 x10=0x00000000
         605082	     30152	80007716	0001	c.addi	x0,0	  x0:0x00000000  x0=0x00000000
         605482	     30172	80007718	0009c4b3	xor	x9,x19,x0	 x19:0x00000000  x0:0x00000000  x9=0x00000000
         605542	     30175	8000771c	3403f6f3	csrrci	x13,mscratch,7	 x13=0x00000001
         605562	     30176	80007720	045e	c.slli	x8,0x17	  x8:0x00000001  x8=0x00800000
         605582	     30177	80007722	0001	c.addi	x0,0	  x0:0x00000000  x0=0x00000000
         605962	     30196	80007724	34002b73	csrrs	x22,mscratch,x0	  x0:0x00000000 x22=0x00000000
         605982	     30197	80007728	02638db3	mul	x27,x7,x6	  x7:0x80025ce4  x6:0x00000000 x27=0x00000000
         606322	     30214	8000772c	8d59	c.or	x10,x14	 x10:0x00000000 x14:0xffffffff x10=0xffffffff
         606342	     30215	8000772e	34083073	csrrc	x0,mscratch,x16	 x16:0xffffffff  x0=0x00000000
         606362	     30216	80007732	0001	c.addi	x0,0	  x0:0x00000000  x0=0x00000000
         606602	     30228	80007734	0050b333	sltu	x6,x1,x5	  x1:0x00000000  x5:0x00000000  x6=0x00000000
         606622	     30229	80007738	8cb1	c.xor	x9,x12	  x9:0x00000000 x12:0xffffffff  x9=0xffffffff
         606662	     30231	8000773a	0201e8b3	rem	x17,x3,x0	  x3:0x00000001  x0:0x00000000 x17=0x00000001
         609602	     30378	8000773e	018461b3	or	x3,x8,x24	  x8:0x00800000 x24:0xffffffff  x3=0xffffffff
         610342	     30415	80007742	03c54ab3	div	x21,x10,x28	 x10:0xffffffff x28:0x00000010 x21=0x00000000
         610362	     30416	80007746	02df8633	mul	x12,x31,x13	 x31:0x00000001 x13:0x00000001 x12=0x00000001
         610382	     30417	8000774a	006dd733	srl	x14,x27,x6	 x27:0x00000000  x6:0x00000000 x14=0x00000000
         611122	     30454	8000774e	0270cf33	div	x30,x1,x7	  x1:0x00000000  x7:0x80025ce4 x30=0x00000000
         611142	     30455	80007752	ef19	c.bnez	x14,80007770	 x14:0x00000000
         611162	     30456	80007754	8cf1	c.and	x9,x12	  x9:0xffffffff x12:0x00000001  x9=0x00000001
         611182	     30457	80007756	0110e863	bltu	x1,x17,80007766	  x1:0x00000000 x17:0x00000001
         611282	     30462	80007766	01dbd933	srl	x18,x23,x29	 x23:0x5405561c x29:0x7ffda31c x18=0x00000005
         611302	     30463	8000776a	c685	c.beqz	x13,80007792	 x13:0x00000001
         611542	     30475	8000776c	0c323637	lui	x12,0xc323	 x12=0x0c323000
         611562	     30476	80007770	cf8d	c.beqz	x15,800077aa	 x15:0x00000001
         611602	     30478	80007772	0261d533	divu	x10,x3,x6	  x3:0xffffffff  x6:0x00000000 x10=0xffffffff
         611682	     30482	80007776	00b19733	sll	x14,x3,x11	  x3:0xffffffff x11:0x00000001 x14=0xfffffffe
         611702	     30483	8000777a	9326	c.add	x6,x9	  x6:0x00000000  x9:0x00000001  x6=0x00000001
         611902	     30493	8000777c	0301c963	blt	x3,x16,800077ae	  x3:0xffffffff x16:0xffffffff
         612002	     30498	80007780	010b6fb3	or	x31,x22,x16	 x22:0x00000000 x16:0xffffffff x31=0xffffffff
         612362	     30516	80007784	03f00733	mul	x14,x0,x31	  x0:0x00000000 x31:0xffffffff x14=0x00000000
         612802	     30538	80007788	0248e9b3	rem	x19,x17,x4	 x17:0x00000001  x4:0x00000000 x19=0x00000001
         612822	     30539	8000778c	6361	c.lui	x6,0x18	  x6=0x00018000
         612882	     30542	8000778e	f3bd2a13	slti	x20,x26,-197	 x26:0x00000000 x20=0x00000000
         613302	     30563	80007792	00834263	blt	x6,x8,80007796	  x6:0x00018000  x8:0x00800000
         613782	     30587	80007796	400e5413	srai	x8,x28,0x0	 x28:0x00000010  x8=0x00000010
         613822	     30589	8000779a	02db9e33	mulh	x28,x23,x13	 x23:0x5405561c x13:0x00000001 x28=0x00000000
         614042	     30600	8000779e	00b24633	xor	x12,x4,x11	  x4:0x00000000 x11:0x00000001 x12=0x00000001
         614062	     30601	800077a2	8fe1	c.and	x15,x8	 x15:0x00000001  x8:0x00000010 x15=0x00000000
         614142	     30605	800077a4	127d	c.addi	x4,-1	  x4:0x00000000  x4=0xffffffff
         614562	     30626	800077a6	01013533	sltu	x10,x2,x16	  x2:0x80021e30 x16:0xffffffff x10=0x00000001
         614582	     30627	800077aa	34002ff3	csrrs	x31,mscratch,x0	  x0:0x00000000 x31=0x00000000
         614722	     30634	800077ae	3403dcf3	csrrwi	x25,mscratch,7	 x25=0x00000000
         614742	     30635	800077b2	0001	c.addi	x0,0	  x0:0x00000000  x0=0x00000000
         614922	     30644	800077b4	8469	c.srai	x8,0x1a	  x8:0x00000010  x8=0x00000000
         614942	     30645	800077b6	026c4363	blt	x24,x6,800077dc	 x24:0xffffffff  x6:0x00018000
         615582	     30677	800077dc	01535ab3	srl	x21,x6,x21	  x6:0x00018000 x21:0x00000000 x21=0x00018000
         615622	     30679	800077e0	41555913	srai	x18,x10,0x15	 x10:0x00000001 x18=0x00000000
         615682	     30682	800077e4	00189013	slli	x0,x17,0x1	 x17:0x00000001  x0=0x00000000
         615702	     30683	800077e8	02559a63	bne	x11,x5,8000781c	 x11:0x00000001  x5:0x00000000
         616102	     30703	8000781c	8f45	c.or	x14,x9	 x14:0x00000000  x9:0x00000001 x14=0x00000001
         616122	     30704	8000781e	8706	c.mv	x14,x1	  x0:0x00000000  x1:0x00000000 x14=0x00000000
         616222	     30709	80007820	85daf593	andi	x11,x21,-1955	 x21:0x00018000 x11=0x00018000
         616302	     30713	80007824	02f379b3	remu	x19,x6,x15	  x6:0x00018000 x15:0x00000000 x19=0x00018000
         616382	     30717	80007828	007d8ab3	add	x21,x27,x7	 x27:0x00000000  x7:0x80025ce4 x21=0x80025ce4
         616542	     30725	8000782c	0013acb3	slt	x25,x7,x1	  x7:0x80025ce4  x1:0x00000000 x25=0x00000001
         616602	     30728	80007830	01451c63	bne	x10,x20,80007848	 x10:0x00000001 x20:0x00000000
         616922	     30744	80007848	aca63d97	auipc	x27,0xaca63	 x27=0x2ca6a848
         617342	     30765	8000784c	670c2793	slti	x15,x24,1648	 x24:0xffffffff x15=0x00000001
         617482	     30772	80007850	1b7d	c.addi	x22,-1	 x22:0x00000000 x22=0xffffffff
         617902	     30793	80007852	0088e1b3	or	x3,x17,x8	 x17:0x00000001  x8:0x00000000  x3=0x00000001
         618082	     30802	80007856	408802b3	sub	x5,x16,x8	 x16:0xffffffff  x8:0x00000000  x5=0xffffffff
         618162	     30806	8000785a	052b0163	beq	x22,x18,8000789c	 x22:0xffffffff x18:0x00000000
         618282	     30812	8000785e	0000100f	fence.i	
         618602	     30828	80007862	0001	c.addi	x0,0	  x0:0x00000000  x0=0x00000000
         618622	     30829	80007864	8da1	c.xor	x11,x8	 x11:0x00018000  x8:0x00000000 x11=0x00018000
         618642	     30830	80007866	019a	c.slli	x3,0x6	  x3:0x00000001  x3=0x00000040
         618802	     30838	80007868	8c71	c.and	x8,x12	  x8:0x00000000 x12:0x00000001  x8=0x00000000
         618842	     30840	8000786a	021cd433	divu	x8,x25,x1	 x25:0x00000001  x1:0x00000000  x8=0xffffffff
         618902	     30843	8000786e	00aa8c63	beq	x21,x10,80007886	 x21:0x80025ce4 x10:0x00000001
         618922	     30844	80007872	923e	c.add	x4,x15	  x4:0xffffffff x15:0x00000001  x4=0x00000000
         618942	     30845	80007874	8d25	c.xor	x10,x9	 x10:0x00000001  x9:0x00000001 x10=0x00000000
         618962	     30846	80007876	01f21e33	sll	x28,x4,x31	  x4:0x00000000 x31:0x00000000 x28=0x00000000
         618982	     30847	8000787a	34002873	csrrs	x16,mscratch,x0	  x0:0x00000000 x16=0x00000007
         619302	     30863	8000787e	012c52b3	srl	x5,x24,x18	 x24:0xffffffff x18:0x00000000  x5=0xffffffff
         619322	     30864	80007882	001740b3	xor	x1,x14,x1	 x14:0x00000000  x1:0x00000000  x1=0x00000000
         620162	     30906	80007886	03d044b3	div	x9,x0,x29	  x0:0x00000000 x29:0x7ffda31c  x9=0x00000000
         620202	     30908	8000788a	0210c033	div	x0,x1,x1	  x1:0x00000000  x1:0x00000000  x0=0x00000000
         620222	     30909	8000788e	340aae73	csrrs	x28,mscratch,x21	 x21:0x80025ce4 x28=0x00000007
         620242	     30910	80007892	0000100f	fence.i	
         620542	     30925	80007896	00014cb3	xor	x25,x2,x0	  x2:0x80021e30  x0:0x00000000 x25=0x80021e30
         620562	     30926	8000789a	9766	c.add	x14,x25	 x14:0x00000000 x25:0x80021e30 x14=0x80021e30
         620582	     30927	8000789c	340038f3	csrrc	x17,mscratch,x0	  x0:0x00000000 x17=0x80025ce7
         620702	     30933	800078a0	01f57b63	bgeu	x10,x31,800078b6	 x10:0x00000000 x31:0x00000000
         621742	     30985	800078b6	03ec4263	blt	x24,x30,800078da	 x24:0xffffffff x30:0x00000000
         621922	     30994	800078da	49e9	c.li	x19,26	 x19=0x0000001a
         622162	     31006	800078dc	4e867c93	andi	x25,x12,1256	 x12:0x00000001 x25=0x00000000
         622362	     31016	800078e0	fd6f6193	ori	x3,x30,-42	 x30:0x00000000  x3=0xffffffd6
         622502	     31023	800078e4	02841063	bne	x8,x8,80007904	  x8:0xffffffff  x8:0xffffffff
         622522	     31024	800078e8	00710b33	add	x22,x2,x7	  x2:0x80021e30  x7:0x80025ce4 x22=0x00047b14
         622542	     31025	800078ec	9b7d	c.andi	x14,-1	 x14:0x80021e30 x14=0x80021e30
         622962	     31046	800078ee	3400a973	csrrs	x18,mscratch,x1	  x1:0x00000000 x18=0x80025ce7
         623702	     31083	800078f2	027beb33	rem	x22,x23,x7	 x23:0x5405561c  x7:0x80025ce4 x22=0x5405561c
         623722	     31084	800078f6	00445c33	srl	x24,x8,x4	  x8:0xffffffff  x4:0x00000000 x24=0xffffffff
         623742	     31085	800078fa	0001	c.addi	x0,0	  x0:0x00000000  x0=0x00000000
         623762	     31086	800078fc	00fbb633	sltu	x12,x23,x15	 x23:0x5405561c x15:0x00000001 x12=0x00000000
         623782	     31087	80007900	42b1	c.li	x5,12	  x5=0x0000000c
         623802	     31088	80007902	83e5	c.srli	x15,0x19	 x15:0x00000001 x15=0x00000000
         623822	     31089	80007904	0375fb63	bgeu	x11,x23,8000793a	 x11:0x00018000 x23:0x5405561c
         623942	     31095	80007908	0001	c.addi	x0,0	  x0:0x00000000  x0=0x00000000
         624162	     31106	8000790a	a764cc13	xori	x24,x9,-1418	  x9:0x00000000 x24=0xfffffa76
         624182	     31107	8000790e	15b9	c.addi	x11,-18	 x11:0x00018000 x11=0x00017fee
         624202	     31108	80007910	c115	c.beqz	x10,80007934	 x10:0x00000000
         624602	     31128	80007934	6c19	c.lui	x24,0x6	 x24=0x00006000
         624722	     31134	80007936	1e1a0f13	addi	x30,x20,481	 x20:0x00000000 x30=0x000001e1
         624742	     31135	8000793a	83dd	c.srli	x15,0x17	 x15:0x00000000 x15=0x00000000
         624762	     31136	8000793c	005069b3	or	x19,x0,x5	  x0:0x00000000  x5:0x0000000c x19=0x0000000c
         624862	     31141	80007940	340030f3	csrrc	x1,mscratch,x0	  x0:0x00000000  x1=0x80025ce7
         624882	     31142	80007944	e99d	c.bnez	x11,8000797a	 x11:0x00017fee
         625322	     31164	8000797a	997d	c.andi	x10,-1	 x10:0x00000000 x10=0x00000000
         625342	     31165	8000797c	0074b533	sltu	x10,x9,x7	  x9:0x00000000  x7:0x80025ce4 x10=0x00000001
         626422	     31219	80007980	0357c1b3	div	x3,x15,x21	 x15:0x00000000 x21:0x80025ce4  x3=0x00000000
         626442	     31220	80007984	e2b9	c.bnez	x13,800079ca	 x13:0x00000001
         626802	     31238	800079ca	41ae5733	sra	x14,x28,x26	 x28:0x00000007 x26:0x00000000 x14=0x00000007
         626822	     31239	800079ce	0e15	c.addi	x28,5	 x28:0x00000007 x28=0x0000000c
         626922	     31244	800079d0	f92fa193	slti	x3,x31,-110	 x31:0x00000000  x3=0x00000000
         627082	     31252	800079d4	80d5	c.srli	x9,0x15	  x9:0x00000000  x9=0x00000000
         627102	     31253	800079d6	8afe	c.mv	x21,x31	  x0:0x00000000 x31:0x00000000 x21=0x00000000
         627122	     31254	800079d8	3400a8f3	csrrs	x17,mscratch,x1	  x1:0x80025ce7 x17=0x80025ce7
         627142	     31255	800079dc	00e1d413	srli	x8,x3,0xe	  x3:0x00000000  x8=0x00000000
         627542	     31275	800079e0	bd536293	ori	x5,x6,-1067	  x6:0x00018000  x5=0xfffffbd5
         627962	     31296	800079e4	6caf8f93	addi	x31,x31,1738	 x31:0x00000000 x31=0x000006ca
         628362	     31316	800079e8	00e48263	beq	x9,x14,800079ec	  x9:0x00000000 x14:0x00000007
         628382	     31317	800079ec	34002df3	csrrs	x27,mscratch,x0	  x0:0x00000000 x27=0x80025ce7
         628482	     31322	800079f0	1ba40493	addi	x9,x8,442	  x8:0x00000000  x9=0x000001ba
         628502	     31323	800079f4	6edf0013	addi	x0,x30,1773	 x30:0x000001e1  x0=0x00000000
         628662	     31331	800079f8	02a584b3	mul	x9,x11,x10	 x11:0x00017fee x10:0x00000001  x9=0x00017fee
         628682	     31332	800079fc	e105	c.bnez	x10,80007a1c	 x10:0x00000001
         628782	     31337	80007a1c	406a0ab3	sub	x21,x20,x6	 x20:0x00000000  x6:0x00018000 x21=0xfffe8000
         629722	     31384	80007a20	033d46b3	div	x13,x26,x19	 x26:0x00000000 x19:0x0000000c x13=0x00000000
         629742	     31385	80007a24	0001	c.addi	x0,0	  x0:0x00000000  x0=0x00000000
         629762	     31386	80007a26	4ae1	c.li	x21,24	 x21=0x00000018
         629782	     31387	80007a28	02580933	mul	x18,x16,x5	 x16:0x00000007  x5:0xfffffbd5 x18=0xffffe2d3
         629802	     31388	80007a2c	025888b3	mul	x17,x17,x5	 x17:0x80025ce7  x5:0xfffffbd5 x17=0x7626c933
         629822	     31389	80007a30	41ab5693	srai	x13,x22,0x1a	 x22:0x5405561c x13=0x00000015
         629842	     31390	80007a34	340024f3	csrrs	x9,mscratch,x0	  x0:0x00000000  x9=0x80025ce7
         629862	     31391	80007a38	eb65ebb7	lui	x23,0xeb65e	 x23=0xeb65e000
         630162	     31406	80007a3c	42e1	c.li	x5,24	  x5=0x00000018
         630342	     31415	80007a3e	01bed013	srli	x0,x29,0x1b	 x29:0x7ffda31c  x0=0x00000000
         630622	     31429	80007a42	0145c433	xor	x8,x11,x20	 x11:0x00017fee x20:0x00000000  x8=0x00017fee
         630642	     31430	80007a46	0111c433	xor	x8,x3,x17	  x3:0x00000000 x17:0x7626c933  x8=0x7626c933
         630662	     31431	80007a4a	3406d473	csrrwi	x8,mscratch,13	  x8=0x80025ce7
         630742	     31435	80007a4e	02d9be33	mulhu	x28,x19,x13	 x19:0x0000000c x13:0x00000015 x28=0x00000000
         630762	     31436	80007a52	01d25093	srli	x1,x4,0x1d	  x4:0x00000000  x1=0x00000000
         630922	     31444	80007a56	00662b33	slt	x22,x12,x6	 x12:0x00000000  x6:0x00018000 x22=0x00000001
         631022	     31449	80007a5a	340034f3	csrrc	x9,mscratch,x0	  x0:0x00000000  x9=0x0000000d
         631822	     31489	80007a5e	02da4c33	div	x24,x20,x13	 x20:0x00000000 x13:0x00000015 x24=0x00000000
         631842	     31490	80007a62	40f14093	xori	x1,x2,1039	  x2:0x80021e30  x1=0x80021a3f
         632582	     31527	80007a66	02b36233	rem	x4,x6,x11	  x6:0x00018000 x11:0x00017fee  x4=0x00000012
         632602	     31528	80007a6a	e69d0c93	addi	x25,x26,-407	 x26:0x00000000 x25=0xfffffe69
         632622	     31529	80007a6e	3400be73	csrrc	x28,mscratch,x1	  x1:0x80021a3f x28=0x0000000d
         632642	     31530	80007a72	025c7363	bgeu	x24,x5,80007a98	 x24:0x00000000  x5:0x00000018
         632662	     31531	80007a76	27ff8693	addi	x13,x31,639	 x31:0x000006ca x13=0x00000949
         632682	     31532	80007a7a	0fd2	c.slli	x31,0x14	 x31:0x000006ca x31=0x6ca00000
         632702	     31533	80007a7c	340c15f3	csrrw	x11,mscratch,x24	 x24:0x00000000 x11=0x00000000
         632722	     31534	80007a80	039bcf63	blt	x23,x25,80007abe	 x23:0xeb65e000 x25:0xfffffe69
         633442	     31570	80007abe	023cc4b3	div	x9,x25,x3	 x25:0xfffffe69  x3:0x00000000  x9=0xffffffff
         633482	     31572	80007ac2	0284b9b3	mulhu	x19,x9,x8	  x9:0xffffffff  x8:0x80025ce7 x19=0x80025ce6
         633502	     31573	80007ac6	011dd093	srli	x1,x27,0x11	 x27:0x80025ce7  x1=0x00004001
         633522	     31574	80007aca	5d544b13	xori	x22,x8,1493	  x8:0x80025ce7 x22=0x80025932
         633542	     31575	80007ace	0069c333	xor	x6,x19,x6	 x19:0x80025ce6  x6:0x00018000  x6=0x8003dce6
         633602	     31578	80007ad2	0000100f	fence.i	
         634962	     31646	80007ad6	c015	c.beqz	x8,80007afa	  x8:0x80025ce7
         635162	     31656	80007ad8	b3713413	sltiu	x8,x2,-1225	  x2:0x80021e30  x8=0x00000001
         635522	     31674	80007adc	0227a1b3	mulhsu	x3,x15,x2	 x15:0x00000000  x2:0x80021e30  x3=0x00000000
         636262	     31711	80007ae0	0283f933	remu	x18,x7,x8	  x7:0x80025ce4  x8:0x00000001 x18=0x00000000
         636282	     31712	80007ae4	0050d9b3	srl	x19,x1,x5	  x1:0x00004001  x5:0x00000018 x19=0x00000000
         636322	     31714	80007ae8	03aef8b3	remu	x17,x29,x26	 x29:0x7ffda31c x26:0x00000000 x17=0x7ffda31c
         636342	     31715	80007aec	ee09	c.bnez	x12,80007b06	 x12:0x00000000
         636362	     31716	80007aee	e585	c.bnez	x11,80007b16	 x11:0x00000000
         636382	     31717	80007af0	83e9	c.srli	x15,0x1a	 x15:0x00000000 x15=0x00000000
         636402	     31718	80007af2	004a7863	bgeu	x20,x4,80007b02	 x20:0x00000000  x4:0x00000012
         636442	     31720	80007af6	022d20b3	mulhsu	x1,x26,x2	 x26:0x00000000  x2:0x80021e30  x1=0x00000000
         636462	     31721	80007afa	40a25293	srai	x5,x4,0xa	  x4:0x00000012  x5=0x00000000
         636482	     31722	80007afe	03080563	beq	x16,x16,80007b28	 x16:0x00000007 x16:0x00000007
         637122	     31754	80007b28	3bb48c17	auipc	x24,0x3bb48	 x24=0xbbb4fb28
         640702	     31933	80007b2c	06c1	c.addi	x13,16	 x13:0x00000949 x13=0x00000959
         640722	     31934	80007b2e	8339	c.srli	x14,0xe	 x14:0x00000007 x14=0x00000000
         640742	     31935	80007b30	1708f493	andi	x9,x17,368	 x17:0x7ffda31c  x9=0x00000110
         640782	     31937	80007b34	029197b3	mulh	x15,x3,x9	  x3:0x00000000  x9:0x00000110 x15=0x00000000
         640802	     31938	80007b38	00c39013	slli	x0,x7,0xc	  x7:0x80025ce4  x0=0x00000000
         640822	     31939	80007b3c	8e05	c.sub	x12,x9	 x12:0x00000000  x9:0x00000110 x12=0xfffffef0
         640842	     31940	80007b3e	197d	c.addi	x18,-1	 x18:0x00000000 x18=0xffffffff
         640862	     31941	80007b40	3409d1f3	csrrwi	x3,mscratch,19	  x3=0x00000000
         641042	     31950	80007b44	3406d7f3	csrrwi	x15,mscratch,13	 x15=0x00000013
         641062	     31951	80007b48	ed19	c.bnez	x10,80007b66	 x10:0x00000001
         642642	     32030	80007b66	34007673	csrrci	x12,mscratch,0	 x12=0x0000000d
         642662	     32031	80007b6a	0ff0000f	fence	iorw,iorw	
         642682	     32032	80007b6e	8469	c.srai	x8,0x1a	  x8:0x00000001  x8=0x00000000
         642702	     32033	80007b70	41b3de13	srai	x28,x7,0x1b	  x7:0x80025ce4 x28=0xfffffff0
         642982	     32047	80007b74	34079073	csrrw	x0,mscratch,x15	 x15:0x00000013  x0=0x00000000
         643402	     32068	80007b78	0166f0b3	and	x1,x13,x22	 x13:0x00000959 x22:0x80025932  x1=0x00000910
         643662	     32081	80007b7c	99fd	c.andi	x11,-1	 x11:0x00000000 x11=0x00000000
         643882	     32092	80007b7e	00e99713	slli	x14,x19,0xe	 x19:0x00000000 x14=0x00000000
         644082	     32102	80007b82	0000100f	fence.i	
         644382	     32117	80007b86	6a3d	c.lui	x20,0xf	 x20=0x0000f000
         644402	     32118	80007b88	00640913	addi	x18,x8,6	  x8:0x00000000 x18=0x00000006
         644602	     32128	80007b8c	d27d6913	ori	x18,x26,-729	 x26:0x00000000 x18=0xfffffd27
         644702	     32133	80007b90	00ee5793	srli	x15,x28,0xe	 x28:0xfffffff0 x15=0x0003ffff
         644962	     32146	80007b94	cb09	c.beqz	x14,80007ba6	 x14:0x00000000
         645442	     32170	80007ba6	10164b93	xori	x23,x12,257	 x12:0x0000000d x23=0x0000010c
         645542	     32175	80007baa	03eff063	bgeu	x31,x30,80007bca	 x31:0x6ca00000 x30:0x000001e1
         645782	     32187	80007bca	019dc833	xor	x16,x27,x25	 x27:0x80025ce7 x25:0xfffffe69 x16=0x7ffda28e
         645802	     32188	80007bce	005f0d63	beq	x30,x5,80007be8	 x30:0x000001e1  x5:0x00000000
         645822	     32189	80007bd2	6525	c.lui	x10,0x9	 x10=0x00009000
         645842	     32190	80007bd4	8509	c.srai	x10,0x2	 x10:0x00009000 x10=0x00002400
         645862	     32191	80007bd6	0001	c.addi	x0,0	  x0:0x00000000  x0=0x00000000
         645942	     32195	80007bd8	9ebe	c.add	x29,x15	 x29:0x7ffda31c x15:0x0003ffff x29=0x8001a31b
         646842	     32240	80007bda	03def033	remu	x0,x29,x29	 x29:0x8001a31b x29:0x8001a31b  x0=0x00000000
         646862	     32241	80007bde	34007f73	csrrci	x30,mscratch,0	 x30=0x00000013
         646882	     32242	80007be2	1ffd	c.addi	x31,-1	 x31:0x6ca00000 x31=0x6c9fffff
         646902	     32243	80007be4	00d05f33	srl	x30,x0,x13	  x0:0x00000000 x13:0x00000959 x30=0x00000000
         646922	     32244	80007be8	03ea0b33	mul	x22,x20,x30	 x20:0x0000f000 x30:0x00000000 x22=0x00000000
         646942	     32245	80007bec	0002fc33	and	x24,x5,x0	  x5:0x00000000  x0:0x00000000 x24=0x00000000
         647062	     32251	80007bf0	0b36	c.slli	x22,0xd	 x22:0x00000000 x22=0x00000000
         647082	     32252	80007bf2	0092edb3	or	x27,x5,x9	  x5:0x00000000  x9:0x00000110 x27=0x00000110
         647502	     32273	80007bf6	61748893	addi	x17,x9,1559	  x9:0x00000110 x17=0x00000727
         647522	     32274	80007bfa	34006373	csrrsi	x6,mscratch,0	  x6=0x00000013
         647542	     32275	80007bfe	8305	c.srli	x14,0x1	 x14:0x00000000 x14=0x00000000
         647562	     32276	80007c00	415b0ab3	sub	x21,x22,x21	 x22:0x00000000 x21:0x00000018 x21=0xffffffe8
         647582	     32277	80007c04	0206d263	bge	x13,x0,80007c28	 x13:0x00000959  x0:0x00000000
         647642	     32280	80007c28	0032f263	bgeu	x5,x3,80007c2c	  x5:0x00000000  x3:0x00000000
         647882	     32292	80007c2c	68e1	c.lui	x17,0x18	 x17=0x00018000
         648742	     32335	80007c2e	0306f933	remu	x18,x13,x16	 x13:0x00000959 x16:0x7ffda28e x18=0x00000959
         648762	     32336	80007c32	0ff0000f	fence	iorw,iorw	
         649502	     32373	80007c36	03d2f0b3	remu	x1,x5,x29	  x5:0x00000000 x29:0x8001a31b  x1=0x00000000
         649542	     32375	80007c3a	0387cc33	div	x24,x15,x24	 x15:0x0003ffff x24:0x00000000 x24=0xffffffff
         649562	     32376	80007c3e	34007cf3	csrrci	x25,mscratch,0	 x25=0x00000013
         649582	     32377	80007c42	0300e363	bltu	x1,x16,80007c68	  x1:0x00000000 x16:0x7ffda28e
         649822	     32389	80007c68	0ff0000f	fence	iorw,iorw	
         649902	     32393	80007c6c	0332e063	bltu	x5,x19,80007c8c	  x5:0x00000000 x19:0x00000000
         649922	     32394	80007c70	005cd433	srl	x8,x25,x5	 x25:0x00000013  x5:0x00000000  x8=0x00000013
         649942	     32395	80007c74	0c8a	c.slli	x25,0x2	 x25:0x00000013 x25=0x0000004c
         649962	     32396	80007c76	8f01	c.sub	x14,x8	 x14:0x00000000  x8:0x00000013 x14=0xffffffed
         650022	     32399	80007c78	01871a63	bne	x14,x24,80007c8c	 x14:0xffffffed x24:0xffffffff
         650882	     32442	80007c8c	00eac4b3	xor	x9,x21,x14	 x21:0xffffffe8 x14:0xffffffed  x9=0x00000005
         650922	     32444	80007c90	001e4db3	xor	x27,x28,x1	 x28:0xfffffff0  x1:0x00000000 x27=0xfffffff0
         650942	     32445	80007c94	4779	c.li	x14,30	 x14=0x0000001e
         650962	     32446	80007c96	da17bf93	sltiu	x31,x15,-607	 x15:0x0003ffff x31=0x00000001
         651382	     32467	80007c9a	8a08f413	andi	x8,x17,-1888	 x17:0x00018000  x8=0x00018000
         651502	     32473	80007c9e	03ef2433	mulhsu	x8,x30,x30	 x30:0x00000000 x30:0x00000000  x8=0x00000000
         651522	     32474	80007ca2	8a3d	c.andi	x12,15	 x12:0x0000000d x12=0x0000000d
         651642	     32480	80007ca4	411b8cb3	sub	x25,x23,x17	 x23:0x0000010c x17:0x00018000 x25=0xfffe810c
         651802	     32488	80007ca8	010281b3	add	x3,x5,x16	  x5:0x00000000 x16:0x7ffda28e  x3=0x7ffda28e
         652102	     32503	80007cac	8e7d	c.and	x12,x15	 x12:0x0000000d x15:0x0003ffff x12=0x0000000d
         652122	     32504	80007cae	3407d073	csrrwi	x0,mscratch,15	  x0=0x00000000
         652142	     32505	80007cb2	88b1	c.andi	x9,12	  x9:0x00000005  x9=0x00000004
         652162	     32506	80007cb4	40f08933	sub	x18,x1,x15	  x1:0x00000000 x15:0x0003ffff x18=0xfffc0001
         652202	     32508	80007cb8	34007773	csrrci	x14,mscratch,0	 x14=0x0000000f
         652382	     32517	80007cbc	006d9a13	slli	x20,x27,0x6	 x27:0xfffffff0 x20=0xfffffc00
         652462	     32521	80007cc0	02dda5b3	mulhsu	x11,x27,x13	 x27:0xfffffff0 x13:0x00000959 x11=0xffffffff
         652542	     32525	80007cc4	01f11213	slli	x4,x2,0x1f	  x2:0x80021e30  x4=0x00000000
         652962	     32546	80007cc8	00939593	slli	x11,x7,0x9	  x7:0x80025ce4 x11=0x04b9c800
         652982	     32547	80007ccc	02946e63	bltu	x8,x9,80007d08	  x8:0x00000000  x9:0x00000004
         653922	     32594	80007d08	05f61363	bne	x12,x31,80007d4e	 x12:0x0000000d x31:0x00000001
         655002	     32648	80007d4e	02688ab3	mul	x21,x17,x6	 x17:0x00018000  x6:0x00000013 x21=0x001c8000
         655022	     32649	80007d52	01c49fb3	sll	x31,x9,x28	  x9:0x00000004 x28:0xfffffff0 x31=0x00040000
         655042	     32650	80007d56	05b5e163	bltu	x11,x27,80007d98	 x11:0x04b9c800 x27:0xfffffff0
         655162	     32656	80007d98	03900233	mul	x4,x0,x25	  x0:0x00000000 x25:0xfffe810c  x4=0x00000000
         655262	     32661	80007d9c	8f51	c.or	x14,x12	 x14:0x0000000f x12:0x0000000d x14=0x0000000f
         655282	     32662	80007d9e	02384563	blt	x16,x3,80007dc8	 x16:0x7ffda28e  x3:0x7ffda28e
         655302	     32663	80007da2	5bfd	c.li	x23,-1	 x23=0xffffffff
         655322	     32664	80007da4	84c9	c.srai	x9,0x12	  x9:0x00000004  x9=0x00000000
         655342	     32665	80007da6	01ddbdb3	sltu	x27,x27,x29	 x27:0xfffffff0 x29:0x8001a31b x27=0x00000000
         655362	     32666	80007daa	3401fbf3	csrrci	x23,mscratch,3	 x23=0x0000000f
         655582	     32677	80007dae	01d986b3	add	x13,x19,x29	 x19:0x00000000 x29:0x8001a31b x13=0x8001a31b
         655602	     32678	80007db2	031e0063	beq	x28,x17,80007dd2	 x28:0xfffffff0 x17:0x00018000
         655762	     32686	80007db6	779dabb7	lui	x23,0x779da	 x23=0x779da000
         655822	     32689	80007dba	003ef263	bgeu	x29,x3,80007dbe	 x29:0x8001a31b  x3:0x7ffda28e
         656582	     32727	80007dbe	0dea	c.slli	x27,0x1a	 x27:0x00000000 x27=0x00000000
         656842	     32740	80007dc0	00d45e33	srl	x28,x8,x13	  x8:0x00000000 x13:0x8001a31b x28=0x00000000
         656882	     32742	80007dc4	028c9fb3	mulh	x31,x25,x8	 x25:0xfffe810c  x8:0x00000000 x31=0x00000000
         656902	     32743	80007dc8	9c5e	c.add	x24,x23	 x24:0xffffffff x23:0x779da000 x24=0x779d9fff
         656982	     32747	80007dca	01236863	bltu	x6,x18,80007dda	  x6:0x00000013 x18:0xfffc0001
         657842	     32790	80007dda	4042d333	sra	x6,x5,x4	  x5:0x00000000  x4:0x00000000  x6=0x00000000
         657862	     32791	80007dde	34002b73	csrrs	x22,mscratch,x0	  x0:0x00000000 x22=0x0000000c
         657962	     32796	80007de2	0ff0000f	fence	iorw,iorw	
         658002	     32798	80007de6	0355a8b3	mulhsu	x17,x11,x21	 x11:0x04b9c800 x21:0x001c8000 x17=0x000086ae
         658022	     32799	80007dea	05e4c463	blt	x9,x30,80007e32	  x9:0x00000000 x30:0x00000000
         658182	     32807	80007dee	004d9013	slli	x0,x27,0x4	 x27:0x00000000  x0=0x00000000
         658282	     32812	80007df2	e7433e13	sltiu	x28,x6,-396	  x6:0x00000000 x28=0x00000001
         658302	     32813	80007df6	8741d917	auipc	x18,0x8741d	 x18=0x07424df6
         658342	     32815	80007dfa	023a2333	mulhsu	x6,x20,x3	 x20:0xfffffc00  x3:0x7ffda28e  x6=0xfffffe00
         658382	     32817	80007dfe	03f79233	mulh	x4,x15,x31	 x15:0x0003ffff x31:0x00000000  x4=0x00000000
         658762	     32836	80007e02	d0f86213	ori	x4,x16,-753	 x16:0x7ffda28e  x4=0xffffff8f
         658782	     32837	80007e06	0ff0000f	fence	iorw,iorw	
         658802	     32838	80007e0a	12fd	c.addi	x5,-1	  x5:0x00000000  x5=0xffffffff
         658822	     32839	80007e0c	02351463	bne	x10,x3,80007e34	 x10:0x00002400  x3:0x7ffda28e
         659182	     32857	80007e34	8e76	c.mv	x28,x29	  x0:0x00000000 x29:0x8001a31b x28=0x8001a31b
         659382	     32867	80007e36	00043f33	sltu	x30,x8,x0	  x8:0x00000000  x0:0x00000000 x30=0x00000000
         660122	     32904	80007e3a	032b48b3	div	x17,x22,x18	 x22:0x0000000c x18:0x07424df6 x17=0x00000000
         660142	     32905	80007e3e	34006473	csrrsi	x8,mscratch,0	  x8=0x0000000c
         660182	     32907	80007e42	034ba833	mulhsu	x16,x23,x20	 x23:0x779da000 x20:0xfffffc00 x16=0x779d9e21
         660202	     32908	80007e46	3408f273	csrrci	x4,mscratch,17	  x4=0x0000000c
         660222	     32909	80007e4a	6811	c.lui	x16,0x4	 x16=0x00004000
         660242	     32910	80007e4c	3408d573	csrrwi	x10,mscratch,17	 x10=0x0000000c
         660262	     32911	80007e50	8fed	c.and	x15,x11	 x15:0x0003ffff x11:0x04b9c800 x15=0x0001c800
         660282	     32912	80007e52	34013573	csrrc	x10,mscratch,x2	  x2:0x80021e30 x10=0x00000011
         660302	     32913	80007e56	4461	c.li	x8,24	  x8=0x00000018
         660322	     32914	80007e58	340020f3	csrrs	x1,mscratch,x0	  x0:0x00000000  x1=0x00000001
         660342	     32915	80007e5c	052b5163	bge	x22,x18,80007e9e	 x22:0x0000000c x18:0x07424df6
         660422	     32919	80007e60	00eb75b3	and	x11,x22,x14	 x22:0x0000000c x14:0x0000000f x11=0x0000000c
         660462	     32921	80007e64	03ae1233	mulh	x4,x28,x26	 x28:0x8001a31b x26:0x00000000  x4=0x00000000
         660482	     32922	80007e68	d208b313	sltiu	x6,x17,-736	 x17:0x00000000  x6=0x00000001
         660882	     32942	80007e6c	8da9	c.xor	x11,x10	 x11:0x0000000c x10:0x00000011 x11=0x0000001d
         660902	     32943	80007e6e	34007c73	csrrci	x24,mscratch,0	 x24=0x00000001
         661082	     32952	80007e72	013c12b3	sll	x5,x24,x19	 x24:0x00000001 x19:0x00000000  x5=0x00000001
         661402	     32968	80007e76	013f9433	sll	x8,x31,x19	 x31:0x00000000 x19:0x00000000  x8=0x00000000
         661782	     32987	80007e7a	340d5bf3	csrrwi	x23,mscratch,26	 x23=0x00000001
         662202	     33008	80007e7e	0326f863	bgeu	x13,x18,80007eae	 x13:0x8001a31b x18:0x07424df6
         663042	     33050	80007eae	8c51	c.or	x8,x12	  x8:0x00000000 x12:0x0000000d  x8=0x0000000d
         663882	     33092	80007eb0	34002773	csrrs	x14,mscratch,x0	  x0:0x00000000 x14=0x0000001a
         664102	     33103	80007eb4	41665593	srai	x11,x12,0x16	 x12:0x0000000d x11=0x00000000
         664522	     33124	80007eb8	00126733	or	x14,x4,x1	  x4:0x00000000  x1:0x00000001 x14=0x00000001
         665262	     33161	80007ebc	02e960b3	rem	x1,x18,x14	 x18:0x07424df6 x14:0x00000001  x1=0x00000000
         665282	     33162	80007ec0	8c81	c.sub	x9,x8	  x9:0x00000000  x8:0x0000000d  x9=0xfffffff3
         665302	     33163	80007ec2	8f5d	c.or	x14,x15	 x14:0x00000001 x15:0x0001c800 x14=0x0001c801
         666102	     33203	80007ec4	032ed0b3	divu	x1,x29,x18	 x29:0x8001a31b x18:0x07424df6  x1=0x00000011
         666122	     33204	80007ec8	0047f433	and	x8,x15,x4	 x15:0x0001c800  x4:0x00000000  x8=0x00000000
         666142	     33205	80007ecc	94a2	c.add	x9,x8	  x9:0xfffffff3  x8:0x00000000  x9=0xfffffff3
         666162	     33206	80007ece	0131fe63	bgeu	x3,x19,80007eea	  x3:0x7ffda28e x19:0x00000000
         666542	     33225	80007eea	033f7433	remu	x8,x30,x19	 x30:0x00000000 x19:0x00000000  x8=0x00000000
         666562	     33226	80007eee	8bfa	c.mv	x23,x30	  x0:0x00000000 x30:0x00000000 x23=0x00000000
         675602	     33678	80007ef0	e51d	c.bnez	x10,80007f1e	 x10:0x00000011
         677582	     33777	80007f1e	03d66b33	rem	x22,x12,x29	 x12:0x0000000d x29:0x8001a31b x22=0x0000000d
         677602	     33778	80007f22	8d91	c.sub	x11,x12	 x11:0x00000000 x12:0x0000000d x11=0xfffffff3
         677622	     33779	80007f24	d906f637	lui	x12,0xd906f	 x12=0xd906f000
         677642	     33780	80007f28	82d5	c.srli	x13,0x15	 x13:0x8001a31b x13=0x00000400
         677662	     33781	80007f2a	00db1733	sll	x14,x22,x13	 x22:0x0000000d x13:0x00000400 x14=0x0000000d
         677682	     33782	80007f2e	8f22	c.mv	x30,x8	  x0:0x00000000  x8:0x00000000 x30=0x00000000
         677702	     33783	80007f30	34006c73	csrrsi	x24,mscratch,0	 x24=0x0000001a
         677722	     33784	80007f34	01e49f13	slli	x30,x9,0x1e	  x9:0xfffffff3 x30=0xc0000000
         677882	     33792	80007f38	0318df33	divu	x30,x17,x17	 x17:0x00000000 x17:0x00000000 x30=0xffffffff
         678622	     33829	80007f3c	0226c6b3	div	x13,x13,x2	 x13:0x00000400  x2:0x80021e30 x13=0x00000000
         678642	     33830	80007f40	340f5f73	csrrwi	x30,mscratch,30	 x30=0x0000001a
         678662	     33831	80007f44	51fd	c.li	x3,-1	  x3=0xffffffff
         678682	     33832	80007f46	89a5	c.andi	x11,9	 x11:0xfffffff3 x11=0x00000001
         678702	     33833	80007f48	00095fb3	srl	x31,x18,x0	 x18:0x07424df6  x0:0x00000000 x31=0x07424df6
         678722	     33834	80007f4c	4611	c.li	x12,4	 x12=0x00000004
         678742	     33835	80007f4e	960a	c.add	x12,x2	 x12:0x00000004  x2:0x80021e30 x12=0x80021e34
         678762	     33836	80007f50	34031a73	csrrw	x20,mscratch,x6	  x6:0x00000001 x20=0x0000001e
         678782	     33837	80007f54	9e5e	c.add	x28,x23	 x28:0x8001a31b x23:0x00000000 x28=0x8001a31b
         678802	     33838	80007f56	8e6d	c.and	x12,x11	 x12:0x80021e34 x11:0x00000001 x12=0x00000000
         678882	     33842	80007f58	007835b3	sltu	x11,x16,x7	 x16:0x00004000  x7:0x80025ce4 x11=0x00000001
         679062	     33851	80007f5c	009a6b33	or	x22,x20,x9	 x20:0x0000001e  x9:0xfffffff3 x22=0xffffffff
         679102	     33853	80007f60	0001	c.addi	x0,0	  x0:0x00000000  x0=0x00000000
         680042	     33900	80007f62	03504b33	div	x22,x0,x21	  x0:0x00000000 x21:0x001c8000 x22=0x00000000
         680062	     33901	80007f66	0ff0000f	fence	iorw,iorw	
         680082	     33902	80007f6a	d9c66d93	ori	x27,x12,-612	 x12:0x00000000 x27=0xfffffd9c
         680102	     33903	80007f6e	34003a73	csrrc	x20,mscratch,x0	  x0:0x00000000 x20=0x00000001
         680122	     33904	80007f72	8f59	c.or	x14,x14	 x14:0x0000000d x14:0x0000000d x14=0x0000000d
         680142	     33905	80007f74	696d	c.lui	x18,0x1b	 x18=0x0001b000
         680162	     33906	80007f76	0000100f	fence.i	
         680862	     33941	80007f7a	a0d10593	addi	x11,x2,-1523	  x2:0x80021e30 x11=0x8002183d
         681222	     33959	80007f7e	6ad8aa13	slti	x20,x17,1709	 x17:0x00000000 x20=0x00000001
         681242	     33960	80007f82	1e7d	c.addi	x28,-1	 x28:0x8001a31b x28=0x8001a31a
         681262	     33961	80007f84	01aa4f63	blt	x20,x26,80007fa2	 x20:0x00000001 x26:0x00000000
         681282	     33962	80007f88	41c207b3	sub	x15,x4,x28	  x4:0x00000000 x28:0x8001a31a x15=0x7ffe5ce6
         681382	     33967	80007f8c	005540b3	xor	x1,x10,x5	 x10:0x00000011  x5:0x00000001  x1=0x00000010
         681402	     33968	80007f90	8d11	c.sub	x10,x12	 x10:0x00000011 x12:0x00000000 x10=0x00000011
         681422	     33969	80007f92	020d1363	bne	x26,x0,80007fb8	 x26:0x00000000  x0:0x00000000
         681442	     33970	80007f96	eb037493	andi	x9,x6,-336	  x6:0x00000001  x9=0x00000000
         681462	     33971	80007f9a	a3f3b813	sltiu	x16,x7,-1473	  x7:0x80025ce4 x16=0x00000001
         681482	     33972	80007f9e	34035cf3	csrrwi	x25,mscratch,6	 x25=0x00000001
         681522	     33974	80007fa2	033b37b3	mulhu	x15,x22,x19	 x22:0x00000000 x19:0x00000000 x15=0x00000000
         681922	     33994	80007fa6	8eed8993	addi	x19,x27,-1810	 x27:0xfffffd9c x19=0xfffff68a
         681942	     33995	80007faa	01d69033	sll	x0,x13,x29	 x13:0x00000000 x29:0x8001a31b  x0=0x00000000
         682002	     33998	80007fae	40625db3	sra	x27,x4,x6	  x4:0x00000000  x6:0x00000001 x27=0x00000000
         682062	     34001	80007fb2	cc844197	auipc	x3,0xcc844	  x3=0x4c84bfb2
         682082	     34002	80007fb6	8e0d	c.sub	x12,x11	 x12:0x00000000 x11:0x8002183d x12=0x7ffde7c3
         682482	     34022	80007fb8	3408d6f3	csrrwi	x13,mscratch,17	 x13=0x00000006
         682502	     34023	80007fbc	8fe9	c.and	x15,x10	 x15:0x00000000 x10:0x00000011 x15=0x00000000
         682522	     34024	80007fbe	34062273	csrrs	x4,mscratch,x12	 x12:0x7ffde7c3  x4=0x00000011
         682542	     34025	80007fc2	9a5a	c.add	x20,x22	 x20:0x00000001 x22:0x00000000 x20=0x00000001
         682882	     34042	80007fc4	34007373	csrrci	x6,mscratch,0	  x6=0x7ffde7d3
         682902	     34043	80007fc8	00645233	srl	x4,x8,x6	  x8:0x00000000  x6:0x7ffde7d3  x4=0x00000000
         683322	     34064	80007fcc	41ffd813	srai	x16,x31,0x1f	 x31:0x07424df6 x16=0x00000000
         683342	     34065	80007fd0	34062c73	csrrs	x24,mscratch,x12	 x12:0x7ffde7c3 x24=0x7ffde7d3
         683542	     34075	80007fd4	44b88793	addi	x15,x17,1099	 x17:0x00000000 x15=0x0000044b
         683962	     34096	80007fd8	340f9e73	csrrw	x28,mscratch,x31	 x31:0x07424df6 x28=0x7ffde7d3
         684022	     34099	80007fdc	026f8533	mul	x10,x31,x6	 x31:0x07424df6  x6:0x7ffde7d3 x10=0xe61d3bc2
         684042	     34100	80007fe0	340034f3	csrrc	x9,mscratch,x0	  x0:0x00000000  x9=0x07424df6
         684342	     34115	80007fe4	413b5d93	srai	x27,x22,0x13	 x22:0x00000000 x27=0x00000000
         685142	     34155	80007fe8	025d55b3	divu	x11,x26,x5	 x26:0x00000000  x5:0x00000001 x11=0x00000000
         685182	     34157	80007fec	030fd733	divu	x14,x31,x16	 x31:0x07424df6 x16:0x00000000 x14=0xffffffff
         685202	     34158	80007ff0	00252e33	slt	x28,x10,x2	 x10:0xe61d3bc2  x2:0x80021e30 x28=0x00000000
         685222	     34159	80007ff4	8ff1	c.and	x15,x12	 x15:0x0000044b x12:0x7ffde7c3 x15=0x00000443
         685242	     34160	80007ff6	009348b3	xor	x17,x6,x9	  x6:0x7ffde7d3  x9:0x07424df6 x17=0x78bfaa25
         685262	     34161	80007ffa	6941	c.lui	x18,0x10	 x18=0x00010000
         685282	     34162	80007ffc	8d05	c.sub	x10,x9	 x10:0xe61d3bc2  x9:0x07424df6 x10=0xdedaedcc
         685302	     34163	80007ffe	0001	c.addi	x0,0	  x0:0x00000000  x0=0x00000000
         685322	     34164	80008000	01a5db63	bge	x11,x26,80008016	 x11:0x00000000 x26:0x00000000
         685462	     34171	80008016	02a8ba33	mulhu	x20,x17,x10	 x17:0x78bfaa25 x10:0xdedaedcc x20=0x691d78ec
         685482	     34172	8000801a	8c41	c.or	x8,x8	  x8:0x00000000  x8:0x00000000  x8=0x00000000
         685502	     34173	8000801c	34006473	csrrsi	x8,mscratch,0	  x8=0x07424df6
         685802	     34188	80008020	008da4b3	slt	x9,x27,x8	 x27:0x00000000  x8:0x07424df6  x9=0x00000001
         685842	     34190	80008024	023410b3	mulh	x1,x8,x3	  x8:0x07424df6  x3:0x4c84bfb2  x1=0x022b72c4
         685862	     34191	80008028	044cc163	blt	x25,x4,8000806a	 x25:0x00000001  x4:0x00000000
         685882	     34192	8000802c	006e5a13	srli	x20,x28,0x6	 x28:0x00000000 x20=0x00000000
         685902	     34193	80008030	8519	c.srai	x10,0x6	 x10:0xdedaedcc x10=0xff7b6bb7
         685922	     34194	80008032	8e8a	c.mv	x29,x2	  x0:0x00000000  x2:0x80021e30 x29=0x80021e30
         686162	     34206	80008034	32255fb7	lui	x31,0x32255	 x31=0x32255000
         686242	     34210	80008038	8912	c.mv	x18,x4	  x0:0x00000000  x4:0x00000000 x18=0x00000000
         686662	     34231	8000803a	015b5a33	srl	x20,x22,x21	 x22:0x00000000 x21:0x001c8000 x20=0x00000000
         686922	     34244	8000803e	34006ff3	csrrsi	x31,mscratch,0	 x31=0x07424df6
         687002	     34248	80008042	0091c633	xor	x12,x3,x9	  x3:0x4c84bfb2  x9:0x00000001 x12=0x4c84bfb3
         687422	     34269	80008046	a36b9ab7	lui	x21,0xa36b9	 x21=0xa36b9000
         687442	     34270	8000804a	41a455b3	sra	x11,x8,x26	  x8:0x07424df6 x26:0x00000000 x11=0x07424df6
         687522	     34274	8000804e	3408ab73	csrrs	x22,mscratch,x17	 x17:0x78bfaa25 x22=0x07424df6
         687542	     34275	80008052	c315	c.beqz	x14,80008076	 x14:0xffffffff
         687582	     34277	80008054	03cb1363	bne	x22,x28,8000807a	 x22:0x07424df6 x28:0x00000000
         688722	     34334	8000807a	02c73a33	mulhu	x20,x14,x12	 x14:0xffffffff x12:0x4c84bfb3 x20=0x4c84bfb2
         689102	     34353	8000807e	02521f33	mulh	x30,x4,x5	  x4:0x00000000  x5:0x00000001 x30=0x00000000
         689122	     34354	80008082	40b35293	srai	x5,x6,0xb	  x6:0x7ffde7d3  x5=0x000fffbc
         689162	     34356	80008086	006c6763	bltu	x24,x6,80008094	 x24:0x7ffde7d3  x6:0x7ffde7d3
         689182	     34357	8000808a	031bc063	blt	x23,x17,800080aa	 x23:0x00000000 x17:0x78bfaa25
         689462	     34371	800080aa	9c22	c.add	x24,x8	 x24:0x7ffde7d3  x8:0x07424df6 x24=0x874035c9
         689622	     34379	800080ac	4ac5	c.li	x21,17	 x21=0x00000011
         689922	     34394	800080ae	02260e33	mul	x28,x12,x2	 x12:0x4c84bfb3  x2:0x80021e30 x28=0xe6c0eb90
         690042	     34400	800080b2	016aa5b3	slt	x11,x21,x22	 x21:0x00000011 x22:0x07424df6 x11=0x00000001
         690062	     34401	800080b6	9f3c2d97	auipc	x27,0x9f3c2	 x27=0x1f3ca0b6
         690082	     34402	800080ba	0ff0000f	fence	iorw,iorw	
         690382	     34417	800080be	0ff0000f	fence	iorw,iorw	
         690402	     34418	800080c2	340212f3	csrrw	x5,mscratch,x4	  x4:0x00000000  x5=0x7fffeff7
         690422	     34419	800080c6	0001	c.addi	x0,0	  x0:0x00000000  x0=0x00000000
         690702	     34433	800080c8	0e71	c.addi	x28,28	 x28:0xe6c0eb90 x28=0xe6c0ebac
         690802	     34438	800080ca	3400b1f3	csrrc	x3,mscratch,x1	  x1:0x022b72c4  x3=0x00000000
         690982	     34447	800080ce	41dadf33	sra	x30,x21,x29	 x21:0x00000011 x29:0x80021e30 x30=0x00000000
         691042	     34450	800080d2	0ff48613	addi	x12,x9,255	  x9:0x00000001 x12=0x00000100
         691062	     34451	800080d6	50fd	c.li	x1,-1	  x1=0xffffffff
         691202	     34458	800080d8	68b9	c.lui	x17,0xe	 x17=0x0000e000
         691222	     34459	800080da	8d35	c.xor	x10,x13	 x10:0xff7b6bb7 x13:0x00000006 x10=0xff7b6bb1
         691502	     34473	800080dc	0442e363	bltu	x5,x4,80008122	  x5:0x7fffeff7  x4:0x00000000
         691682	     34482	800080e0	48dd	c.li	x17,23	 x17=0x00000017
         691702	     34483	800080e2	023a4363	blt	x20,x3,80008108	 x20:0x4c84bfb2  x3:0x00000000
         691722	     34484	800080e6	0ff0000f	fence	iorw,iorw	
         691782	     34487	800080ea	0193bbb3	sltu	x23,x7,x25	  x7:0x80025ce4 x25:0x00000001 x23=0x00000000
         691802	     34488	800080ee	0001	c.addi	x0,0	  x0:0x00000000  x0=0x00000000
         692042	     34500	800080f0	340e7773	csrrci	x14,mscratch,28	 x14=0x00000000
         692062	     34501	800080f4	03a49e63	bne	x9,x26,80008130	  x9:0x00000001 x26:0x00000000
         692222	     34509	80008130	8f45	c.or	x14,x9	 x14:0x00000000  x9:0x00000001 x14=0x00000001
         692242	     34510	80008132	00a91fb3	sll	x31,x18,x10	 x18:0x00000000 x10:0xff7b6bb1 x31=0x00000000
         692282	     34512	80008136	02431233	mulh	x4,x6,x4	  x6:0x7ffde7d3  x4:0x00000000  x4=0x00000000
         692682	     34532	8000813a	40a7dc93	srai	x25,x15,0xa	 x15:0x00000443 x25=0x00000001
         692702	     34533	8000813e	00f302b3	add	x5,x6,x15	  x6:0x7ffde7d3 x15:0x00000443  x5=0x7ffdec16
         692722	     34534	80008142	410fd193	srai	x3,x31,0x10	 x31:0x00000000  x3=0x00000000
         692882	     34542	80008146	03f81d63	bne	x16,x31,80008180	 x16:0x00000000 x31:0x00000000
         692902	     34543	8000814a	8fde3293	sltiu	x5,x28,-1795	 x28:0xe6c0ebac  x5=0x00000001
         692922	     34544	8000814e	00f45b63	bge	x8,x15,80008164	  x8:0x07424df6 x15:0x00000443
         693542	     34575	80008164	8e65	c.and	x12,x9	 x12:0x00000100  x9:0x00000001 x12=0x00000000
         693582	     34577	80008166	0144a533	slt	x10,x9,x20	  x9:0x00000001 x20:0x4c84bfb2 x10=0x00000001
         693602	     34578	8000816a	8a09	c.andi	x12,2	 x12:0x00000000 x12=0x00000000
         693622	     34579	8000816c	986e	c.add	x16,x27	 x16:0x00000000 x27:0x1f3ca0b6 x16=0x1f3ca0b6
         694102	     34603	8000816e	02e7bc33	mulhu	x24,x15,x14	 x15:0x00000443 x14:0x00000001 x24=0x00000000
         694122	     34604	80008172	0272	c.slli	x4,0x1c	  x4:0x00000000  x4=0x00000000
         694462	     34621	80008174	01c1ed63	bltu	x3,x28,8000818e	  x3:0x00000000 x28:0xe6c0ebac
         695662	     34681	8000818e	0ff0000f	fence	iorw,iorw	
         695682	     34682	80008192	3405ae73	csrrs	x28,mscratch,x11	 x11:0x00000001 x28=0x00000000
         696002	     34698	80008196	41fd5793	srai	x15,x26,0x1f	 x26:0x00000000 x15=0x00000000
         696022	     34699	8000819a	00b93bb3	sltu	x23,x18,x11	 x18:0x00000000 x11:0x00000001 x23=0x00000001
         696042	     34700	8000819e	855e	c.mv	x10,x23	  x0:0x00000000 x23:0x00000001 x10=0x00000001
         696062	     34701	800081a0	9f16be13	sltiu	x28,x13,-1551	 x13:0x00000006 x28=0x00000001
         696082	     34702	800081a4	197d	c.addi	x18,-1	 x18:0x00000000 x18=0xffffffff
         696102	     34703	800081a6	1519bbb7	lui	x23,0x1519b	 x23=0x1519b000
         696122	     34704	800081aa	0e4e	c.slli	x28,0x13	 x28:0x00000001 x28=0x00080000
         696362	     34716	800081ac	ca95	c.beqz	x13,800081e0	 x13:0x00000006
         697102	     34753	800081ae	0254d233	divu	x4,x9,x5	  x9:0x00000001  x5:0x00000001  x4=0x00000001
         697142	     34755	800081b2	03dc9533	mulh	x10,x25,x29	 x25:0x00000001 x29:0x80021e30 x10=0xffffffff
         697162	     34756	800081b6	0336e263	bltu	x13,x19,800081da	 x13:0x00000006 x19:0xfffff68a
         697502	     34773	800081da	93618037	lui	x0,0x93618	  x0=0x00000000
         697522	     34774	800081de	8d7d	c.and	x10,x15	 x10:0xffffffff x15:0x00000000 x10=0x00000000
         697562	     34776	800081e0	03293933	mulhu	x18,x18,x18	 x18:0xffffffff x18:0xffffffff x18=0xfffffffe
         697602	     34778	800081e4	030810b3	mulh	x1,x16,x16	 x16:0x1f3ca0b6 x16:0x1f3ca0b6  x1=0x03cfbd47
         697842	     34790	800081e8	55fd	c.li	x11,-1	 x11=0xffffffff
         697902	     34793	800081ea	46a1af93	slti	x31,x3,1130	  x3:0x00000000 x31=0x00000001
         698862	     34841	800081ee	025a7833	remu	x16,x20,x5	 x20:0x4c84bfb2  x5:0x00000001 x16=0x00000000
         698882	     34842	800081f2	84a50893	addi	x17,x10,-1974	 x10:0x00000000 x17=0xfffff84a
         698902	     34843	800081f6	e991	c.bnez	x11,8000820a	 x11:0xffffffff
         699062	     34851	8000820a	0154da13	srli	x20,x9,0x15	  x9:0x00000001 x20=0x00000000
         699082	     34852	8000820e	6245	c.lui	x4,0x11	  x4=0x00011000
         699362	     34866	80008210	34002873	csrrs	x16,mscratch,x0	  x0:0x00000000 x16=0x00000001
         699382	     34867	80008214	02378563	beq	x15,x3,8000823e	 x15:0x00000000  x3:0x00000000
         699842	     34890	8000823e	011cc033	xor	x0,x25,x17	 x25:0x00000001 x17:0xfffff84a  x0=0x00000000
         699862	     34891	80008242	8f55	c.or	x14,x13	 x14:0x00000001 x13:0x00000006 x14=0x00000007
         699882	     34892	80008244	01737833	and	x16,x6,x23	  x6:0x7ffde7d3 x23:0x1519b000 x16=0x1519a000
         699922	     34894	80008248	0370a433	mulhsu	x8,x1,x23	  x1:0x03cfbd47 x23:0x1519b000  x8=0x00506c6f
         700262	     34911	8000824c	000312b3	sll	x5,x6,x0	  x6:0x7ffde7d3  x0:0x00000000  x5=0x7ffde7d3
         700302	     34913	80008250	00403ab3	sltu	x21,x0,x4	  x0:0x00000000  x4:0x00011000 x21=0x00000001
         700322	     34914	80008254	8db9	c.xor	x11,x14	 x11:0xffffffff x14:0x00000007 x11=0xfffffff8
         700342	     34915	80008256	3400e9f3	csrrsi	x19,mscratch,1	 x19=0x00000001
         700382	     34917	8000825a	03d517b3	mulh	x15,x10,x29	 x10:0x00000000 x29:0x80021e30 x15=0x00000000
         700422	     34919	8000825e	024410b3	mulh	x1,x8,x4	  x8:0x00506c6f  x4:0x00011000  x1=0x00000055
         700442	     34920	80008262	40fe5893	srai	x17,x28,0xf	 x28:0x00080000 x17=0x00000010
         700462	     34921	80008266	8cd1	c.or	x9,x12	  x9:0x00000001 x12:0x00000000  x9=0x00000001
         700842	     34940	80008268	01126333	or	x6,x4,x17	  x4:0x00011000 x17:0x00000010  x6=0x00011010
         701262	     34961	8000826c	34025773	csrrwi	x14,mscratch,4	 x14=0x00000001
         701282	     34962	80008270	34003ff3	csrrc	x31,mscratch,x0	  x0:0x00000000 x31=0x00000004
         701382	     34967	80008274	9b36	c.add	x22,x13	 x22:0x07424df6 x13:0x00000006 x22=0x07424dfc
         701542	     34975	80008276	44d648b7	lui	x17,0x44d64	 x17=0x44d64000
         701562	     34976	8000827a	8178a613	slti	x12,x17,-2025	 x17:0x44d64000 x12=0x00000000
         701582	     34977	8000827e	000189b3	add	x19,x3,x0	  x3:0x00000000  x0:0x00000000 x19=0x00000000
         702002	     34998	80008282	00ad2233	slt	x4,x26,x10	 x26:0x00000000 x10:0x00000000  x4=0x00000000
         703142	     35055	80008286	039bc2b3	div	x5,x23,x25	 x23:0x1519b000 x25:0x00000001  x5=0x1519b000
         703162	     35056	8000828a	0ff0000f	fence	iorw,iorw	
         703182	     35057	8000828e	01919533	sll	x10,x3,x25	  x3:0x00000000 x25:0x00000001 x10=0x00000000
         703202	     35058	80008292	34013873	csrrc	x16,mscratch,x2	  x2:0x80021e30 x16=0x00000004
         703222	     35059	80008296	34003cf3	csrrc	x25,mscratch,x0	  x0:0x00000000 x25=0x00000004
         703242	     35060	8000829a	013eebb3	or	x23,x29,x19	 x29:0x80021e30 x19:0x00000000 x23=0x80021e30
         703682	     35082	8000829e	0097b2b3	sltu	x5,x15,x9	 x15:0x00000000  x9:0x00000001  x5=0x00000001
         704442	     35120	800082a2	039cc5b3	div	x11,x25,x25	 x25:0x00000004 x25:0x00000004 x11=0x00000001
         704462	     35121	800082a6	e39d	c.bnez	x15,800082cc	 x15:0x00000000
         704482	     35122	800082a8	010dabb3	slt	x23,x27,x16	 x27:0x1f3ca0b6 x16:0x00000004 x23=0x00000000
         704502	     35123	800082ac	032be363	bltu	x23,x18,800082d2	 x23:0x00000000 x18:0xfffffffe
         705202	     35158	800082d2	34029973	csrrw	x18,mscratch,x5	  x5:0x00000001 x18=0x00000004
         705622	     35179	800082d6	03a27763	bgeu	x4,x26,80008304	  x4:0x00000000 x26:0x00000000
         706442	     35220	80008304	9b528d93	addi	x27,x5,-1611	  x5:0x00000001 x27=0xfffff9b6
         707042	     35250	80008308	02b006b3	mul	x13,x0,x11	  x0:0x00000000 x11:0x00000001 x13=0x00000000
         707222	     35259	8000830c	8d81	c.sub	x11,x8	 x11:0x00000001  x8:0x00506c6f x11=0xffaf9392
         707242	     35260	8000830e	8f1d	c.sub	x14,x15	 x14:0x00000001 x15:0x00000000 x14=0x00000001
         707262	     35261	80008310	023e8eb3	mul	x29,x29,x3	 x29:0x80021e30  x3:0x00000000 x29=0x00000000
         708382	     35317	80008314	031dd033	divu	x0,x27,x17	 x27:0xfffff9b6 x17:0x44d64000  x0=0x00000000
         708402	     35318	80008318	340cb373	csrrc	x6,mscratch,x25	 x25:0x00000004  x6=0x00000001
         708422	     35319	8000831c	001f1f93	slli	x31,x30,0x1	 x30:0x00000000 x31=0x00000000
         708462	     35321	80008320	027aa233	mulhsu	x4,x21,x7	 x21:0x00000001  x7:0x80025ce4  x4=0x00000000
         708482	     35322	80008324	01fa5fb3	srl	x31,x20,x31	 x20:0x00000000 x31:0x00000000 x31=0x00000000
         708842	     35340	80008328	8d31	c.xor	x10,x12	 x10:0x00000000 x12:0x00000000 x10=0x00000000
         708962	     35346	8000832a	0209a0b3	mulhsu	x1,x19,x0	 x19:0x00000000  x0:0x00000000  x1=0x00000000
         708982	     35347	8000832e	0ff0000f	fence	iorw,iorw	
         709382	     35367	80008332	cffc7b93	andi	x23,x24,-769	 x24:0x00000000 x23=0x00000000
         709542	     35375	80008336	055cf063	bgeu	x25,x21,80008376	 x25:0x00000004 x21:0x00000001
         710822	     35439	80008376	015bef63	bltu	x23,x21,80008394	 x23:0x00000000 x21:0x00000001
         711782	     35487	80008394	0f42	c.slli	x30,0x10	 x30:0x00000000 x30=0x00000000
         712202	     35508	80008396	006d37b3	sltu	x15,x26,x6	 x26:0x00000000  x6:0x00000001 x15=0x00000001
         713322	     35564	8000839a	0167d5b3	srl	x11,x15,x22	 x15:0x00000001 x22:0x07424dfc x11=0x00000000
         713342	     35565	8000839e	01f25193	srli	x3,x4,0x1f	  x4:0x00000000  x3=0x00000000
         713362	     35566	800083a2	02277263	bgeu	x14,x2,800083c6	 x14:0x00000001  x2:0x80021e30
         713382	     35567	800083a6	00a1f633	and	x12,x3,x10	  x3:0x00000000 x10:0x00000000 x12=0x00000000
         713402	     35568	800083aa	c0b1	c.beqz	x9,800083ee	  x9:0x00000001
         713422	     35569	800083ac	0001	c.addi	x0,0	  x0:0x00000000  x0=0x00000000
         713842	     35590	800083ae	41450cb3	sub	x25,x10,x20	 x10:0x00000000 x20:0x00000000 x25=0x00000000
         713982	     35597	800083b2	e32c6e13	ori	x28,x24,-462	 x24:0x00000000 x28=0xfffffe32
         714002	     35598	800083b6	a78a1097	auipc	x1,0xa78a1	  x1=0x278a93b6
         714202	     35608	800083ba	03c88b33	mul	x22,x17,x28	 x17:0x44d64000 x28:0xfffffe32 x22=0xc5588000
         714242	     35610	800083be	03834733	div	x14,x6,x24	  x6:0x00000001 x24:0x00000000 x14=0xffffffff
         714262	     35611	800083c2	000ca533	slt	x10,x25,x0	 x25:0x00000000  x0:0x00000000 x10=0x00000000
         714302	     35613	800083c6	02342a33	mulhsu	x20,x8,x3	  x8:0x00506c6f  x3:0x00000000 x20=0x00000000
         715222	     35659	800083ca	021364b3	rem	x9,x6,x1	  x6:0x00000001  x1:0x278a93b6  x9=0x00000001
         715242	     35660	800083ce	41e55933	sra	x18,x10,x30	 x10:0x00000000 x30:0x00000000 x18=0x00000000
         715262	     35661	800083d2	8669	c.srai	x12,0x1a	 x12:0x00000000 x12=0x00000000
         715282	     35662	800083d4	01f936b3	sltu	x13,x18,x31	 x18:0x00000000 x31:0x00000000 x13=0x00000000
         715302	     35663	800083d8	147d	c.addi	x8,-1	  x8:0x00506c6f  x8=0x00506c6e
         715322	     35664	800083da	8d8d	c.sub	x11,x11	 x11:0x00000000 x11:0x00000000 x11=0x00000000
         715342	     35665	800083dc	34002273	csrrs	x4,mscratch,x0	  x0:0x00000000  x4=0x00000001
         715362	     35666	800083e0	8772	c.mv	x14,x28	  x0:0x00000000 x28:0xfffffe32 x14=0xfffffe32
         715382	     35667	800083e2	14a00093	addi	x1,x0,330	  x0:0x00000000  x1=0x0000014a
         715522	     35674	800083e6	03264063	blt	x12,x18,80008406	 x12:0x00000000 x18:0x00000000
         715542	     35675	800083ea	34003773	csrrc	x14,mscratch,x0	  x0:0x00000000 x14=0x00000001
         715742	     35685	800083ee	8e9e7093	andi	x1,x28,-1815	 x28:0xfffffe32  x1=0xfffff820
         715822	     35689	800083f2	0000100f	fence.i	
         716522	     35724	800083f6	0000100f	fence.i	
         716822	     35739	800083fa	8b7d	c.andi	x14,31	 x14:0x00000001 x14=0x00000001
         716982	     35747	800083fc	8e25	c.xor	x12,x9	 x12:0x00000000  x9:0x00000001 x12=0x00000001
         717002	     35748	800083fe	50354693	xori	x13,x10,1283	 x10:0x00000000 x13=0x00000503
         717022	     35749	80008402	41edef93	ori	x31,x27,1054	 x27:0xfffff9b6 x31=0xfffffdbe
         717102	     35753	80008406	01ac1033	sll	x0,x24,x26	 x24:0x00000000 x26:0x00000000  x0=0x00000000
         717122	     35754	8000840a	34002373	csrrs	x6,mscratch,x0	  x0:0x00000000  x6=0x00000001
         717142	     35755	8000840e	8645	c.srai	x12,0x11	 x12:0x00000001 x12=0x00000000
         717302	     35763	80008410	340ed0f3	csrrwi	x1,mscratch,29	  x1=0x00000001
         717322	     35764	80008414	03bfc963	blt	x31,x27,80008446	 x31:0xfffffdbe x27:0xfffff9b6
         717342	     35765	80008418	6e4127b7	lui	x15,0x6e412	 x15=0x6e412000
         717362	     35766	8000841c	0aa9	c.addi	x21,10	 x21:0x00000001 x21=0x0000000b
         718102	     35803	8000841e	02965b33	divu	x22,x12,x9	 x12:0x00000000  x9:0x00000001 x22=0x00000000
         718122	     35804	80008422	039a0663	beq	x20,x25,8000844e	 x20:0x00000000 x25:0x00000000
         718702	     35833	8000844e	0f418f13	addi	x30,x3,244	  x3:0x00000000 x30=0x000000f4
         718722	     35834	80008452	90fe	c.add	x1,x31	  x1:0x00000001 x31:0xfffffdbe  x1=0xfffffdbf
         718882	     35842	80008454	037dc6b3	div	x13,x27,x23	 x27:0xfffff9b6 x23:0x00000000 x13=0xffffffff
         719042	     35850	80008458	01699e63	bne	x19,x22,80008474	 x19:0x00000000 x22:0x00000000
         719122	     35854	8000845c	8cf1	c.and	x9,x12	  x9:0x00000001 x12:0x00000000  x9=0x00000000
         719342	     35865	8000845e	03a44f33	div	x30,x8,x26	  x8:0x00506c6e x26:0x00000000 x30=0xffffffff
         719722	     35884	80008462	02b999b3	mulh	x19,x19,x11	 x19:0x00000000 x11:0x00000000 x19=0x00000000
         719742	     35885	80008466	8c9d	c.sub	x9,x15	  x9:0x00000000 x15:0x6e412000  x9=0x91bee000
         720602	     35928	80008468	02d9f6b3	remu	x13,x19,x13	 x19:0x00000000 x13:0xffffffff x13=0x00000000
         720622	     35929	8000846c	34003c73	csrrc	x24,mscratch,x0	  x0:0x00000000 x24=0x0000001d
         720642	     35930	80008470	8ca9	c.xor	x9,x10	  x9:0x91bee000 x10:0x00000000  x9=0x91bee000
         720662	     35931	80008472	828d	c.srli	x13,0x3	 x13:0x00000000 x13=0x00000000
         721402	     35968	80008474	030341b3	div	x3,x6,x16	  x6:0x00000001 x16:0x00000004  x3=0x00000000
         721422	     35969	80008478	01c24933	xor	x18,x4,x28	  x4:0x00000001 x28:0xfffffe32 x18=0xfffffe33
         721442	     35970	8000847c	8675	c.srai	x12,0x1d	 x12:0x00000000 x12=0x00000000
         721462	     35971	8000847e	125b2f93	slti	x31,x22,293	 x22:0x00000000 x31=0x00000001
         721482	     35972	80008482	50fd	c.li	x1,-1	  x1=0xffffffff
         721502	     35973	80008484	87ca	c.mv	x15,x18	  x0:0x00000000 x18:0xfffffe33 x15=0xfffffe33
         721542	     35975	80008486	02eb9a33	mulh	x20,x23,x14	 x23:0x00000000 x14:0x00000001 x20=0x00000000
         721562	     35976	8000848a	413c5693	srai	x13,x24,0x13	 x24:0x0000001d x13=0x00000000
         721582	     35977	8000848e	e18d	c.bnez	x11,800084b0	 x11:0x00000000
         721602	     35978	80008490	eb05	c.bnez	x14,800084c0	 x14:0x00000001
         721902	     35993	800084c0	2a9ca913	slti	x18,x25,681	 x25:0x00000000 x18=0x00000001
         722202	     36008	800084c4	8f9d	c.sub	x15,x15	 x15:0xfffffe33 x15:0xfffffe33 x15=0x00000000
         722242	     36010	800084c6	38247a13	andi	x20,x8,898	  x8:0x00506c6e x20=0x00000002
         722262	     36011	800084ca	017dceb3	xor	x29,x27,x23	 x27:0xfffff9b6 x23:0x00000000 x29=0xfffff9b6
         722282	     36012	800084ce	34007bf3	csrrci	x23,mscratch,0	 x23=0x0000001d
         722302	     36013	800084d2	8ed5	c.or	x13,x13	 x13:0x00000000 x13:0x00000000 x13=0x00000000
         722322	     36014	800084d4	9356	c.add	x6,x21	  x6:0x00000001 x21:0x0000000b  x6=0x0000000c
         722522	     36024	800084d6	34055df3	csrrwi	x27,mscratch,10	 x27=0x0000001d
         722662	     36031	800084da	036c32b3	mulhu	x5,x24,x22	 x24:0x0000001d x22:0x00000000  x5=0x00000000
         722682	     36032	800084de	831a	c.mv	x6,x6	  x0:0x00000000  x6:0x0000000c  x6=0x0000000c
         722702	     36033	800084e0	003d5293	srli	x5,x26,0x3	 x26:0x00000000  x5=0x00000000
         723062	     36051	800084e4	da5c7d97	auipc	x27,0xda5c7	 x27=0x5a5cf4e4
         723082	     36052	800084e8	00f9b633	sltu	x12,x19,x15	 x19:0x00000000 x15:0x00000000 x12=0x00000000
         723242	     36060	800084ec	340355f3	csrrwi	x11,mscratch,6	 x11=0x0000000a
         724042	     36100	800084f0	0221ff33	remu	x30,x3,x2	  x3:0x00000000  x2:0x80021e30 x30=0x00000000
         724062	     36101	800084f4	0000ed63	bltu	x1,x0,8000850e	  x1:0xffffffff  x0:0x00000000
         724802	     36138	800084f8	03d5feb3	remu	x29,x11,x29	 x11:0x0000000a x29:0xfffff9b6 x29=0x0000000a
         724822	     36139	800084fc	0025e0b3	or	x1,x11,x2	 x11:0x0000000a  x2:0x80021e30  x1=0x80021e3a
         724842	     36140	80008500	177d	c.addi	x14,-1	 x14:0x00000001 x14=0x00000000
         724862	     36141	80008502	0078de13	srli	x28,x17,0x7	 x17:0x44d64000 x28=0x0089ac80
         724882	     36142	80008506	81de	c.mv	x3,x23	  x0:0x00000000 x23:0x0000001d  x3=0x0000001d
         724902	     36143	80008508	011222b3	slt	x5,x4,x17	  x4:0x00000001 x17:0x44d64000  x5=0x00000001
         725002	     36148	8000850c	997d	c.andi	x10,-1	 x10:0x00000000 x10=0x00000000
         725022	     36149	8000850e	02da	c.slli	x5,0x16	  x5:0x00000001  x5=0x00400000
         725042	     36150	80008510	00d01f93	slli	x31,x0,0xd	  x0:0x00000000 x31=0x00000000
         725062	     36151	80008514	e73da497	auipc	x9,0xe73da	  x9=0x673e2514
         725082	     36152	80008518	00e47e33	and	x28,x8,x14	  x8:0x00506c6e x14:0x00000000 x28=0x00000000
         725242	     36160	8000851c	03c29e63	bne	x5,x28,80008558	  x5:0x00400000 x28:0x00000000
         726002	     36198	80008558	bc840213	addi	x4,x8,-1080	  x8:0x00506c6e  x4=0x00506836
         726062	     36201	8000855c	340c21f3	csrrs	x3,mscratch,x24	 x24:0x0000001d  x3=0x00000006
         726182	     36207	80008560	ed05	c.bnez	x10,80008598	 x10:0x00000000
         726202	     36208	80008562	80ba	c.mv	x1,x14	  x0:0x00000000 x14:0x00000000  x1=0x00000000
         726222	     36209	80008564	a288c993	xori	x19,x17,-1496	 x17:0x44d64000 x19=0xbb29ba28
         726242	     36210	80008568	340698f3	csrrw	x17,mscratch,x13	 x13:0x00000000 x17=0x0000001f
         726982	     36247	8000856c	029b6fb3	rem	x31,x22,x9	 x22:0x00000000  x9:0x673e2514 x31=0x00000000
         727002	     36248	80008570	01fa0a63	beq	x20,x31,80008584	 x20:0x00000002 x31:0x00000000
         727022	     36249	80008574	0fd6	c.slli	x31,0x15	 x31:0x00000000 x31=0x00000000
         727042	     36250	80008576	c21d	c.beqz	x12,8000859c	 x12:0x00000000
         727122	     36254	8000859c	0001	c.addi	x0,0	  x0:0x00000000  x0=0x00000000
         727142	     36255	8000859e	820d	c.srli	x12,0x3	 x12:0x00000000 x12=0x00000000
         727722	     36284	800085a0	008c97b3	sll	x15,x25,x8	 x25:0x00000000  x8:0x00506c6e x15=0x00000000
         727742	     36285	800085a4	072a	c.slli	x14,0xa	 x14:0x00000000 x14=0x00000000
         727862	     36291	800085a6	f2204e13	xori	x28,x0,-222	  x0:0x00000000 x28=0xffffff22
         727882	     36292	800085aa	01ed8733	add	x14,x27,x30	 x27:0x5a5cf4e4 x30:0x00000000 x14=0x5a5cf4e4
         727902	     36293	800085ae	db7ba697	auipc	x13,0xdb7ba	 x13=0x5b7c25ae
         728342	     36315	800085b2	03a72733	mulhsu	x14,x14,x26	 x14:0x5a5cf4e4 x26:0x00000000 x14=0x00000000
         728362	     36316	800085b6	8f19	c.sub	x14,x14	 x14:0x00000000 x14:0x00000000 x14=0x00000000
         728502	     36323	800085b8	340067f3	csrrsi	x15,mscratch,0	 x15=0x00000000
         728522	     36324	800085bc	01a2bb33	sltu	x22,x5,x26	  x5:0x00400000 x26:0x00000000 x22=0x00000000
         729442	     36370	800085c0	033cfb33	remu	x22,x25,x19	 x25:0x00000000 x19:0xbb29ba28 x22=0x00000000
         729462	     36371	800085c4	34039373	csrrw	x6,mscratch,x7	  x7:0x80025ce4  x6=0x00000000
         729482	     36372	800085c8	340060f3	csrrsi	x1,mscratch,0	  x1=0x80025ce4
         729502	     36373	800085cc	340016f3	csrrw	x13,mscratch,x0	  x0:0x00000000 x13=0x80025ce4
         729542	     36375	800085d0	0251a033	mulhsu	x0,x3,x5	  x3:0x00000006  x5:0x00400000  x0=0x00000000
         729562	     36376	800085d4	340495f3	csrrw	x11,mscratch,x9	  x9:0x673e2514 x11=0x00000000
         729862	     36391	800085d8	41b7da13	srai	x20,x15,0x1b	 x15:0x00000000 x20=0x00000000
         729922	     36394	800085dc	02fb5633	divu	x12,x22,x15	 x22:0x00000000 x15:0x00000000 x12=0xffffffff
         729942	     36395	800085e0	e109	c.bnez	x10,800085e2	 x10:0x00000000
         730342	     36415	800085e2	01e50863	beq	x10,x30,800085f2	 x10:0x00000000 x30:0x00000000
         730902	     36443	800085f2	40e6ddb3	sra	x27,x13,x14	 x13:0x80025ce4 x14:0x00000000 x27=0x80025ce4
         730922	     36444	800085f6	8c05	c.sub	x8,x9	  x8:0x00506c6e  x9:0x673e2514  x8=0x9912475a
         731322	     36464	800085f8	cbf70d93	addi	x27,x14,-833	 x14:0x00000000 x27=0xfffffcbf
         731742	     36485	800085fc	00a43833	sltu	x16,x8,x10	  x8:0x9912475a x10:0x00000000 x16=0x00000000
         731762	     36486	80008600	8161	c.srli	x10,0x18	 x10:0x00000000 x10=0x00000000
         731802	     36488	80008602	02649c33	mulh	x24,x9,x6	  x9:0x673e2514  x6:0x00000000 x24=0x00000000
         731822	     36489	80008606	016efe33	and	x28,x29,x22	 x29:0x0000000a x22:0x00000000 x28=0x00000000
         732062	     36501	8000860a	34003a73	csrrc	x20,mscratch,x0	  x0:0x00000000 x20=0x673e2514
         732142	     36505	8000860e	01224b33	xor	x22,x4,x18	  x4:0x00506836 x18:0x00000001 x22=0x00506837
         732442	     36520	80008612	13e10817	auipc	x16,0x13e10	 x16=0x93e18612
         732482	     36522	80008616	02adfbb3	remu	x23,x27,x10	 x27:0xfffffcbf x10:0x00000000 x23=0xfffffcbf
         732502	     36523	8000861a	40005c93	srai	x25,x0,0x0	  x0:0x00000000 x25=0x00000000
         732522	     36524	8000861e	0ff0000f	fence	iorw,iorw	
         732542	     36525	80008622	00c46f63	bltu	x8,x12,80008640	  x8:0x9912475a x12:0xffffffff
         732622	     36529	80008640	02c67263	bgeu	x12,x12,80008664	 x12:0xffffffff x12:0xffffffff
         733782	     36587	80008664	411e5013	srai	x0,x28,0x11	 x28:0x00000000  x0=0x00000000
         733922	     36594	80008668	34079af3	csrrw	x21,mscratch,x15	 x15:0x00000000 x21=0x673e2514
         733942	     36595	8000866c	340974f3	csrrci	x9,mscratch,18	  x9=0x00000000
         733962	     36596	80008670	01b21db3	sll	x27,x4,x27	  x4:0x00506836 x27:0xfffffcbf x27=0x00000000
         734382	     36617	80008674	340abef3	csrrc	x29,mscratch,x21	 x21:0x673e2514 x29=0x00000000
         734402	     36618	80008678	0001	c.addi	x0,0	  x0:0x00000000  x0=0x00000000
         734502	     36623	8000867a	7230a613	slti	x12,x1,1827	  x1:0x80025ce4 x12=0x00000001
         734522	     36624	8000867e	03616f63	bltu	x2,x22,800086bc	  x2:0x80021e30 x22:0x00506837
         734542	     36625	80008682	0001	c.addi	x0,0	  x0:0x00000000  x0=0x00000000
         734642	     36630	80008684	340cb7f3	csrrc	x15,mscratch,x25	 x25:0x00000000 x15=0x00000000
         734782	     36637	80008688	016106b3	add	x13,x2,x22	  x2:0x80021e30 x22:0x00506837 x13=0x80528667
         735102	     36653	8000868c	99fd	c.andi	x11,-1	 x11:0x00000000 x11=0x00000000
         735122	     36654	8000868e	34003573	csrrc	x10,mscratch,x0	  x0:0x00000000 x10=0x00000000
         735142	     36655	80008692	9a7d	c.andi	x12,-1	 x12:0x00000001 x12=0x00000001
         735162	     36656	80008694	9b92	c.add	x23,x4	 x23:0xfffffcbf  x4:0x00506836 x23=0x005064f5
         735182	     36657	80008696	035b8463	beq	x23,x21,800086be	 x23:0x005064f5 x21:0x673e2514
         742962	     37046	8000869a	11197593	andi	x11,x18,273	 x18:0x00000001 x11=0x00000001
         742982	     37047	8000869e	017df863	bgeu	x27,x23,800086ae	 x27:0x00000000 x23:0x005064f5
         743002	     37048	800086a2	02669463	bne	x13,x6,800086ca	 x13:0x80528667  x6:0x00000000
         743662	     37081	800086ca	017026b3	slt	x13,x0,x23	  x0:0x00000000 x23:0x005064f5 x13=0x00000001
         743682	     37082	800086ce	0e86	c.slli	x29,0x1	 x29:0x00000000 x29=0x00000000
         743702	     37083	800086d0	03288c63	beq	x17,x18,80008708	 x17:0x0000001f x18:0x00000001
         743722	     37084	800086d4	8ca9	c.xor	x9,x10	  x9:0x00000000 x10:0x00000000  x9=0x00000000
         743742	     37085	800086d6	00929533	sll	x10,x5,x9	  x5:0x00400000  x9:0x00000000 x10=0x00400000
         743922	     37094	800086da	478ceb13	ori	x22,x25,1144	 x25:0x00000000 x22=0x00000478
         743942	     37095	800086de	9c434b93	xori	x23,x6,-1596	  x6:0x00000000 x23=0xfffff9c4
         744082	     37102	800086e2	00424c33	xor	x24,x4,x4	  x4:0x00506836  x4:0x00506836 x24=0x00000000
         744102	     37103	800086e6	5b7d	c.li	x22,-1	 x22=0xffffffff
         744302	     37113	800086e8	3406d073	csrrwi	x0,mscratch,13	  x0=0x00000000
         744362	     37116	800086ec	ce91	c.beqz	x13,80008708	 x13:0x00000001
         744382	     37117	800086ee	8fd6	c.mv	x31,x21	  x0:0x00000000 x21:0x673e2514 x31=0x673e2514
         744402	     37118	800086f0	3400dcf3	csrrwi	x25,mscratch,1	 x25=0x0000000d
         744442	     37120	800086f4	02bfa033	mulhsu	x0,x31,x11	 x31:0x673e2514 x11:0x00000001  x0=0x00000000
         744662	     37131	800086f8	34046ff3	csrrsi	x31,mscratch,8	 x31=0x00000001
         745502	     37173	800086fc	02c9fb33	remu	x22,x19,x12	 x19:0xbb29ba28 x12:0x00000001 x22=0x00000000
         745522	     37174	80008700	52fd	c.li	x5,-1	  x5=0xffffffff
         745542	     37175	80008702	a3efa593	slti	x11,x31,-1474	 x31:0x00000001 x11=0x00000000
         745562	     37176	80008706	82c1	c.srli	x13,0x10	 x13:0x00000001 x13=0x00000000
         745582	     37177	80008708	8c45	c.or	x8,x9	  x8:0x9912475a  x9:0x00000000  x8=0x9912475a
         745602	     37178	8000870a	41740e33	sub	x28,x8,x23	  x8:0x9912475a x23:0xfffff9c4 x28=0x99124d96
         745622	     37179	8000870e	0001	c.addi	x0,0	  x0:0x00000000  x0=0x00000000
         745642	     37180	80008710	02a07f63	bgeu	x0,x10,8000874e	  x0:0x00000000 x10:0x00400000
         745662	     37181	80008714	90e2	c.add	x1,x24	  x1:0x80025ce4 x24:0x00000000  x1=0x80025ce4
         746002	     37198	80008716	01441c93	slli	x25,x8,0x14	  x8:0x9912475a x25=0x75a00000
         746182	     37207	8000871a	02e34bb3	div	x23,x6,x14	  x6:0x00000000 x14:0x00000000 x23=0xffffffff
         746282	     37212	8000871e	02cd30b3	mulhu	x1,x26,x12	 x26:0x00000000 x12:0x00000001  x1=0x00000000
         746302	     37213	80008722	8cbd	c.xor	x9,x15	  x9:0x00000000 x15:0x00000000  x9=0x00000000
         746682	     37232	80008724	34003df3	csrrc	x27,mscratch,x0	  x0:0x00000000 x27=0x00000009
         746862	     37241	80008728	05ba0263	beq	x20,x27,8000876c	 x20:0x673e2514 x27:0x00000009
         746882	     37242	8000872c	012d5713	srli	x14,x26,0x12	 x26:0x00000000 x14=0x00000000
         747302	     37263	80008730	8e32	c.mv	x28,x12	  x0:0x00000000 x12:0x00000001 x28=0x00000001
         747322	     37264	80008732	00427c63	bgeu	x4,x4,8000874a	  x4:0x00506836  x4:0x00506836
         748142	     37305	8000874a	3404d0f3	csrrwi	x1,mscratch,9	  x1=0x00000009
         748162	     37306	8000874e	01cad313	srli	x6,x21,0x1c	 x21:0x673e2514  x6=0x00000006
         748182	     37307	80008752	17fd	c.addi	x15,-1	 x15:0x00000000 x15=0xffffffff
         748202	     37308	80008754	8159	c.srli	x10,0x16	 x10:0x00400000 x10=0x00000001
         748222	     37309	80008756	3402da73	csrrwi	x20,mscratch,5	 x20=0x00000009
         748242	     37310	8000875a	80e1	c.srli	x9,0x18	  x9:0x00000000  x9=0x00000000
         748342	     37315	8000875c	7fcd3593	sltiu	x11,x26,2044	 x26:0x00000000 x11=0x00000001
         748402	     37318	80008760	0139ca63	blt	x19,x19,80008774	 x19:0xbb29ba28 x19:0xbb29ba28
         749182	     37357	80008764	02bfdab3	divu	x21,x31,x11	 x31:0x00000001 x11:0x00000001 x21=0x00000001
         749202	     37358	80008768	34033673	csrrc	x12,mscratch,x6	  x6:0x00000006 x12=0x00000005
         749222	     37359	8000876c	8e75	c.and	x12,x13	 x12:0x00000005 x13:0x00000000 x12=0x00000000
         749242	     37360	8000876e	997d	c.andi	x10,-1	 x10:0x00000001 x10=0x00000001
         749262	     37361	80008770	da720c13	addi	x24,x4,-601	  x4:0x00506836 x24=0x005065dd
         749282	     37362	80008774	340ad673	csrrwi	x12,mscratch,21	 x12=0x00000001
         749302	     37363	80008778	965e	c.add	x12,x23	 x12:0x00000001 x23:0xffffffff x12=0x00000000
         749322	     37364	8000877a	00433cb3	sltu	x25,x6,x4	  x6:0x00000006  x4:0x00506836 x25=0x00000001
         749602	     37378	8000877e	bfc0c793	xori	x15,x1,-1028	  x1:0x00000009 x15=0xfffffbf5
         749622	     37379	80008782	84c1	c.srai	x9,0x10	  x9:0x00000000  x9=0x00000000
         750362	     37416	80008784	03936533	rem	x10,x6,x25	  x6:0x00000006 x25:0x00000001 x10=0x00000000
         750382	     37417	80008788	40fcd893	srai	x17,x25,0xf	 x25:0x00000001 x17=0x00000000
         750402	     37418	8000878c	02841463	bne	x8,x8,800087b4	  x8:0x9912475a  x8:0x9912475a
         750422	     37419	80008790	01779093	slli	x1,x15,0x17	 x15:0xfffffbf5  x1=0xfa800000
         750442	     37420	80008794	34002873	csrrs	x16,mscratch,x0	  x0:0x00000000 x16=0x00000015
         750802	     37438	80008798	2430cf37	lui	x30,0x2430c	 x30=0x2430c000
         750822	     37439	8000879c	3400ff73	csrrci	x30,mscratch,1	 x30=0x00000015
         750962	     37446	800087a0	8b86	c.mv	x23,x1	  x0:0x00000000  x1:0xfa800000 x23=0xfa800000
         751002	     37448	800087a2	03318933	mul	x18,x3,x19	  x3:0x00000006 x19:0xbb29ba28 x18=0x62fa5cf0
         751022	     37449	800087a6	0268d863	bge	x17,x6,800087d6	 x17:0x00000000  x6:0x00000006
         751442	     37470	800087aa	422ecb93	xori	x23,x29,1058	 x29:0x00000000 x23=0x00000422
         751462	     37471	800087ae	8189	c.srli	x11,0x2	 x11:0x00000001 x11=0x00000000
         751862	     37491	800087b0	9c286013	ori	x0,x16,-1598	 x16:0x00000015  x0=0x00000000
         752142	     37505	800087b4	34007573	csrrci	x10,mscratch,0	 x10=0x00000014
         752262	     37511	800087b8	9c1a	c.add	x24,x6	 x24:0x005065dd  x6:0x00000006 x24=0x005065e3
         752282	     37512	800087ba	8bd1	c.andi	x15,20	 x15:0xfffffbf5 x15=0x00000014
         752322	     37514	800087bc	033b98b3	mulh	x17,x23,x19	 x23:0x00000422 x19:0xbb29ba28 x17=0xfffffee3
         752342	     37515	800087c0	b7c00c13	addi	x24,x0,-1156	  x0:0x00000000 x24=0xfffffb7c
         752442	     37520	800087c4	01e466b3	or	x13,x8,x30	  x8:0x9912475a x30:0x00000015 x13=0x9912475f
         752502	     37523	800087c8	02916533	rem	x10,x2,x9	  x2:0x80021e30  x9:0x00000000 x10=0x80021e30
         752522	     37524	800087cc	0000100f	fence.i	
         753182	     37557	800087d0	0346c363	blt	x13,x20,800087f6	 x13:0x9912475f x20:0x00000009
         754122	     37604	800087f6	0001	c.addi	x0,0	  x0:0x00000000  x0=0x00000000
         754262	     37611	800087f8	40f3d2b3	sra	x5,x7,x15	  x7:0x80025ce4 x15:0x00000014  x5=0xfffff800
         754282	     37612	800087fc	34006273	csrrsi	x4,mscratch,0	  x4=0x00000014
         754362	     37616	80008800	0001	c.addi	x0,0	  x0:0x00000000  x0=0x00000000
         754402	     37618	80008802	036342b3	div	x5,x6,x22	  x6:0x00000006 x22:0x00000000  x5=0xffffffff
         754422	     37619	80008806	40195493	srai	x9,x18,0x1	 x18:0x62fa5cf0  x9=0x317d2e78
         754442	     37620	8000880a	002c9833	sll	x16,x25,x2	 x25:0x00000001  x2:0x80021e30 x16=0x00010000
         755502	     37673	8000880e	024f5633	divu	x12,x30,x4	 x30:0x00000015  x4:0x00000014 x12=0x00000001
         755522	     37674	80008812	fc4e5197	auipc	x3,0xfc4e5	  x3=0x7c4ed812
         755542	     37675	80008816	0015b4b3	sltu	x9,x11,x1	 x11:0x00000000  x1:0xfa800000  x9=0x00000001
         755562	     37676	8000881a	01831f13	slli	x30,x6,0x18	  x6:0x00000006 x30=0x06000000
         755582	     37677	8000881e	0ff0000f	fence	iorw,iorw	
         755922	     37694	80008822	410280b3	sub	x1,x5,x16	  x5:0xffffffff x16:0x00010000  x1=0xfffeffff
         756102	     37703	80008826	006cdc63	bge	x25,x6,8000883e	 x25:0x00000001  x6:0x00000006
         756122	     37704	8000882a	340ce673	csrrsi	x12,mscratch,25	 x12=0x00000014
         756442	     37720	8000882e	01e18e33	add	x28,x3,x30	  x3:0x7c4ed812 x30:0x06000000 x28=0x824ed812
         756622	     37729	80008832	d130f913	andi	x18,x1,-749	  x1:0xfffeffff x18=0xfffefd13
         756642	     37730	80008836	00ba84b3	add	x9,x21,x11	 x21:0x00000001 x11:0x00000000  x9=0x00000001
         756662	     37731	8000883a	3400a473	csrrs	x8,mscratch,x1	  x1:0xfffeffff  x8=0x0000001d
         756682	     37732	8000883e	31ac2b13	slti	x22,x24,794	 x24:0xfffffb7c x22=0x00000001
         756702	     37733	80008842	34002ff3	csrrs	x31,mscratch,x0	  x0:0x00000000 x31=0xfffeffff
         756822	     37739	80008846	031d8733	mul	x14,x27,x17	 x27:0x00000009 x17:0xfffffee3 x14=0xfffff5fb
         757082	     37752	8000884a	003517b3	sll	x15,x10,x3	 x10:0x80021e30  x3:0x7c4ed812 x15=0x78c00000
         757102	     37753	8000884e	f8512e17	auipc	x28,0xf8512	 x28=0x7851a84e
         757122	     37754	80008852	0572	c.slli	x10,0x1c	 x10:0x80021e30 x10=0x00000000
         757522	     37774	80008854	418ad293	srai	x5,x21,0x18	 x21:0x00000001  x5=0x00000000
         757542	     37775	80008858	b952f813	andi	x16,x5,-1131	  x5:0x00000000 x16=0x00000000
         757562	     37776	8000885c	9416	c.add	x8,x5	  x8:0x0000001d  x5:0x00000000  x8=0x0000001d
         757582	     37777	8000885e	010f7763	bgeu	x30,x16,8000886c	 x30:0x06000000 x16:0x00000000
         758002	     37798	8000886c	0001	c.addi	x0,0	  x0:0x00000000  x0=0x00000000
         758022	     37799	8000886e	0001	c.addi	x0,0	  x0:0x00000000  x0=0x00000000
         758042	     37800	80008870	417a5493	srai	x9,x20,0x17	 x20:0x00000009  x9=0x00000000
         758142	     37805	80008874	02edbf33	mulhu	x30,x27,x14	 x27:0x00000009 x14:0xfffff5fb x30=0x00000008
         758162	     37806	80008878	02fb8f63	beq	x23,x15,800088b6	 x23:0x00000422 x15:0x78c00000
         758182	     37807	8000887c	340038f3	csrrc	x17,mscratch,x0	  x0:0x00000000 x17=0xfffeffff
         758402	     37818	80008880	c021	c.beqz	x8,800088c0	  x8:0x0000001d
         758422	     37819	80008882	01dce933	or	x18,x25,x29	 x25:0x00000001 x29:0x00000000 x18=0x00000001
         758582	     37827	80008886	5c4aed93	ori	x27,x21,1476	 x21:0x00000001 x27=0x000005c5
         758602	     37828	8000888a	03899163	bne	x19,x24,800088ac	 x19:0xbb29ba28 x24:0xfffffb7c
         759302	     37863	800088ac	8fcd	c.or	x15,x11	 x15:0x78c00000 x11:0x00000000 x15=0x78c00000
         759482	     37872	800088ae	010dabb3	slt	x23,x27,x16	 x27:0x000005c5 x16:0x00000000 x23=0x00000000
         759502	     37873	800088b2	01fe81b3	add	x3,x29,x31	 x29:0x00000000 x31:0xfffeffff  x3=0xfffeffff
         759522	     37874	800088b6	340060f3	csrrsi	x1,mscratch,0	  x1=0xfffeffff
         759662	     37881	800088ba	340590f3	csrrw	x1,mscratch,x11	 x11:0x00000000  x1=0xfffeffff
         759682	     37882	800088be	8b1d	c.andi	x14,7	 x14:0xfffff5fb x14=0x00000003
         759842	     37890	800088c0	981a	c.add	x16,x6	 x16:0x00000000  x6:0x00000006 x16=0x00000006
         759862	     37891	800088c2	64e1	c.lui	x9,0x18	  x9=0x00018000
         759882	     37892	800088c4	02076763	bltu	x14,x0,800088f2	 x14:0x00000003  x0:0x00000000
         759902	     37893	800088c8	00ffdf63	bge	x31,x15,800088e6	 x31:0xfffeffff x15:0x78c00000
         759942	     37895	800088cc	01152933	slt	x18,x10,x17	 x10:0x00000000 x17:0xfffeffff x18=0x00000000
         760022	     37899	800088d0	0121f2b3	and	x5,x3,x18	  x3:0xfffeffff x18:0x00000000  x5=0x00000000
         760122	     37904	800088d4	0001	c.addi	x0,0	  x0:0x00000000  x0=0x00000000
         760142	     37905	800088d6	40f45c93	srai	x25,x8,0xf	  x8:0x0000001d x25=0x00000000
         760562	     37926	800088da	7896b413	sltiu	x8,x13,1929	 x13:0x9912475f  x8=0x00000000
         760762	     37936	800088de	0570d363	bge	x1,x23,80008924	  x1:0xfffeffff x23:0x00000000
         760782	     37937	800088e2	abe5e893	ori	x17,x11,-1346	 x11:0x00000000 x17=0xfffffabe
         760802	     37938	800088e6	41ce0b33	sub	x22,x28,x28	 x28:0x7851a84e x28:0x7851a84e x22=0x00000000
         760822	     37939	800088ea	03e6c593	xori	x11,x13,62	 x13:0x9912475f x11=0x99124761
         760902	     37943	800088ee	ddd47993	andi	x19,x8,-547	  x8:0x00000000 x19=0x00000000
         761642	     37980	800088f2	022751b3	divu	x3,x14,x2	 x14:0x00000003  x2:0x80021e30  x3=0x00000000
         761662	     37981	800088f6	e5f48e13	addi	x28,x9,-417	  x9:0x00018000 x28=0x00017e5f
         761682	     37982	800088fa	036b7b63	bgeu	x22,x22,80008930	 x22:0x00000000 x22:0x00000000
         761882	     37992	80008930	60a5	c.lui	x1,0x9	  x1=0x00009000
         761902	     37993	80008932	0e05	c.addi	x28,1	 x28:0x00017e5f x28=0x00017e60
         762122	     38004	80008934	01d31b13	slli	x22,x6,0x1d	  x6:0x00000006 x22=0xc0000000
         762142	     38005	80008938	0076de93	srli	x29,x13,0x7	 x13:0x9912475f x29=0x0132248e
         762362	     38016	8000893c	402d5913	srai	x18,x26,0x2	 x26:0x00000000 x18=0x00000000
         762382	     38017	80008940	85f5	c.srai	x11,0x1d	 x11:0x99124761 x11=0xfffffffc
         763122	     38054	80008942	021c5fb3	divu	x31,x24,x1	 x24:0xfffffb7c  x1:0x00009000 x31=0x0001c71c
         763142	     38055	80008946	6269	c.lui	x4,0x1a	  x4=0x0001a000
         763162	     38056	80008948	026a7163	bgeu	x20,x6,8000896a	 x20:0x00000009  x6:0x00000006
         763242	     38060	8000896a	805d	c.srli	x8,0x17	  x8:0x00000000  x8=0x00000000
         763662	     38081	8000896c	0ff0000f	fence	iorw,iorw	
         764002	     38098	80008970	885e16b7	lui	x13,0x885e1	 x13=0x885e1000
         764102	     38103	80008974	00cac033	xor	x0,x21,x12	 x21:0x00000001 x12:0x00000014  x0=0x00000000
         764162	     38106	80008978	8c6d	c.and	x8,x11	  x8:0x00000000 x11:0xfffffffc  x8=0x00000000
         764182	     38107	8000897a	50fd	c.li	x1,-1	  x1=0xffffffff
         764202	     38108	8000897c	340d3a73	csrrc	x20,mscratch,x26	 x26:0x00000000 x20=0x00000000
         764482	     38122	80008980	3406bdf3	csrrc	x27,mscratch,x13	 x13:0x885e1000 x27=0x00000000
         764502	     38123	80008984	f0b64e13	xori	x28,x12,-245	 x12:0x00000014 x28=0xffffff1f
         765242	     38160	80008988	02fb46b3	div	x13,x22,x15	 x22:0xc0000000 x15:0x78c00000 x13=0x00000000
         765262	     38161	8000898c	31f7c4b7	lui	x9,0x31f7c	  x9=0x31f7c000
         765282	     38162	80008990	0ed6e5b7	lui	x11,0xed6e	 x11=0x0ed6e000
         765302	     38163	80008994	52dcaf17	auipc	x30,0x52dca	 x30=0xd2dd2994
         765322	     38164	80008998	bd4c6313	ori	x6,x24,-1068	 x24:0xfffffb7c  x6=0xfffffbfc
         765382	     38167	8000899c	00c4d013	srli	x0,x9,0xc	  x9:0x31f7c000  x0=0x00000000
         765402	     38168	800089a0	6fa48293	addi	x5,x9,1786	  x9:0x31f7c000  x5=0x31f7c6fa
         765522	     38174	800089a4	031c16b3	mulh	x13,x24,x17	 x24:0xfffffb7c x17:0xfffffabe x13=0x00000000
         765542	     38175	800089a8	415154b3	sra	x9,x2,x21	  x2:0x80021e30 x21:0x00000001  x9=0xc0010f18
         765742	     38185	800089ac	0001	c.addi	x0,0	  x0:0x00000000  x0=0x00000000
         765902	     38193	800089ae	02c48e33	mul	x28,x9,x12	  x9:0xc0010f18 x12:0x00000014 x28=0x00152de0
         766242	     38210	800089b2	02416463	bltu	x2,x4,800089da	  x2:0x80021e30  x4:0x0001a000
         766262	     38211	800089b6	f5dc6a13	ori	x20,x24,-163	 x24:0xfffffb7c x20=0xffffff7d
         766282	     38212	800089ba	8e5d	c.or	x12,x15	 x12:0x00000014 x15:0x78c00000 x12=0x78c00014
         766302	     38213	800089bc	6c11	c.lui	x24,0x4	 x24=0x00004000
         766322	     38214	800089be	8eb5	c.xor	x13,x13	 x13:0x00000000 x13:0x00000000 x13=0x00000000
         766362	     38216	800089c0	02c69233	mulh	x4,x13,x12	 x13:0x00000000 x12:0x78c00014  x4=0x00000000
         767102	     38253	800089c4	0361d033	divu	x0,x3,x22	  x3:0x00000000 x22:0xc0000000  x0=0x00000000
         767122	     38254	800089c8	0264e463	bltu	x9,x6,800089f0	  x9:0xc0010f18  x6:0xfffffbfc
         767542	     38275	800089f0	0441c263	blt	x3,x4,80008a34	  x3:0x00000000  x4:0x00000000
         767962	     38296	800089f4	01d897b3	sll	x15,x17,x29	 x17:0xfffffabe x29:0x0132248e x15=0xfeaf8000
         767982	     38297	800089f8	01081f93	slli	x31,x16,0x10	 x16:0x00000006 x31=0x00060000
         768162	     38306	800089fc	987d	c.andi	x8,-1	  x8:0x00000000  x8=0x00000000
         768182	     38307	800089fe	03184f63	blt	x16,x17,80008a3c	 x16:0x00000006 x17:0xfffffabe
         768202	     38308	80008a02	0065d733	srl	x14,x11,x6	 x11:0x0ed6e000  x6:0xfffffbfc x14=0x00000000
         768222	     38309	80008a06	01146cb3	or	x25,x8,x17	  x8:0x00000000 x17:0xfffffabe x25=0xfffffabe
         768242	     38310	80008a0a	843a	c.mv	x8,x14	  x0:0x00000000 x14:0x00000000  x8=0x00000000
         768422	     38319	80008a0c	34002af3	csrrs	x21,mscratch,x0	  x0:0x00000000 x21=0x00000000
         768482	     38322	80008a10	00749a63	bne	x9,x7,80008a24	  x9:0xc0010f18  x7:0x80025ce4
         770102	     38403	80008a24	03f74eb3	div	x29,x14,x31	 x14:0x00000000 x31:0x00060000 x29=0x00000000
         770122	     38404	80008a28	41ef5b13	srai	x22,x30,0x1e	 x30:0xd2dd2994 x22=0xffffffff
         770142	     38405	80008a2c	00210733	add	x14,x2,x2	  x2:0x80021e30  x2:0x80021e30 x14=0x00043c60
         770162	     38406	80008a30	0ff0000f	fence	iorw,iorw	
         770182	     38407	80008a34	f82d7f93	andi	x31,x26,-126	 x26:0x00000000 x31=0x00000000
         770202	     38408	80008a38	0000100f	fence.i	
         770362	     38416	80008a3c	8629	c.srai	x12,0xa	 x12:0x78c00014 x12=0x001e3000
         770382	     38417	80008a3e	0001	c.addi	x0,0	  x0:0x00000000  x0=0x00000000
         770542	     38425	80008a40	01629413	slli	x8,x5,0x16	  x5:0x31f7c6fa  x8=0xbe800000
         770662	     38431	80008a44	40cf5293	srai	x5,x30,0xc	 x30:0xd2dd2994  x5=0xfffd2dd2
         771062	     38451	80008a48	8cd5	c.or	x9,x13	  x9:0xc0010f18 x13:0x00000000  x9=0xc0010f18
         771082	     38452	80008a4a	0001	c.addi	x0,0	  x0:0x00000000  x0=0x00000000
         771102	     38453	80008a4c	19fd	c.addi	x19,-1	 x19:0x00000000 x19=0xffffffff
         771122	     38454	80008a4e	8fbd	c.xor	x15,x15	 x15:0xfeaf8000 x15:0xfeaf8000 x15=0x00000000
         771142	     38455	80008a50	0582c163	blt	x5,x24,80008a92	  x5:0xfffd2dd2 x24:0x00004000
         771962	     38496	80008a92	1e7d	c.addi	x28,-1	 x28:0x00152de0 x28=0x00152ddf
         772382	     38517	80008a94	035d1f63	bne	x26,x21,80008ad2	 x26:0x00000000 x21:0x00000000
         772402	     38518	80008a98	0001	c.addi	x0,0	  x0:0x00000000  x0=0x00000000
         772422	     38519	80008a9a	006899b3	sll	x19,x17,x6	 x17:0xfffffabe  x6:0xfffffbfc x19=0xe0000000
         772782	     38537	80008a9e	0053bab3	sltu	x21,x7,x5	  x7:0x80025ce4  x5:0xfffd2dd2 x21=0x00000001
         772802	     38538	80008aa2	8eb9	c.xor	x13,x14	 x13:0x00000000 x14:0x00043c60 x13=0x00043c60
         778902	     38843	80008aa4	02961563	bne	x12,x9,80008ace	 x12:0x001e3000  x9:0xc0010f18
         779582	     38877	80008ace	0105f8b3	and	x17,x11,x16	 x11:0x0ed6e000 x16:0x00000006 x17=0x00000000
         779762	     38886	80008ad2	01b3d633	srl	x12,x7,x27	  x7:0x80025ce4 x27:0x00000000 x12=0x80025ce4
         779922	     38894	80008ad6	0323aeb3	mulhsu	x29,x7,x18	  x7:0x80025ce4 x18:0x00000000 x29=0x00000000
         780022	     38899	80008ada	340039f3	csrrc	x19,mscratch,x0	  x0:0x00000000 x19=0x00000000
         780442	     38920	80008ade	00b3fe63	bgeu	x7,x11,80008afa	  x7:0x80025ce4 x11:0x0ed6e000
         781362	     38966	80008afa	011dc033	xor	x0,x27,x17	 x27:0x00000000 x17:0x00000000  x0=0x00000000
         781382	     38967	80008afe	989a	c.add	x17,x6	 x17:0x00000000  x6:0xfffffbfc x17=0xfffffbfc
         781402	     38968	80008b00	c015	c.beqz	x8,80008b24	  x8:0xbe800000
         781422	     38969	80008b02	0000100f	fence.i	
         782302	     39013	80008b06	00c937b3	sltu	x15,x18,x12	 x18:0x00000000 x12:0x80025ce4 x15=0x00000001
         782322	     39014	80008b0a	8d55	c.or	x10,x13	 x10:0x00000000 x13:0x00043c60 x10=0x00043c60
         782342	     39015	80008b0c	0000100f	fence.i	
         782782	     39037	80008b10	010f6db3	or	x27,x30,x16	 x30:0xd2dd2994 x16:0x00000006 x27=0xd2dd2996
         783022	     39049	80008b14	ed19	c.bnez	x10,80008b32	 x10:0x00043c60
         784102	     39103	80008b32	34029c73	csrrw	x24,mscratch,x5	  x5:0xfffd2dd2 x24=0x00000000
         784122	     39104	80008b36	340e5473	csrrwi	x8,mscratch,28	  x8=0xfffd2dd2
         784142	     39105	80008b3a	01e96733	or	x14,x18,x30	 x18:0x00000000 x30:0xd2dd2994 x14=0xd2dd2994
         784162	     39106	80008b3e	0cddc093	xori	x1,x27,205	 x27:0xd2dd2996  x1=0xd2dd295b
         784962	     39146	80008b42	0216c033	div	x0,x13,x1	 x13:0x00043c60  x1:0xd2dd295b  x0=0x00000000
         784982	     39147	80008b46	6e2d	c.lui	x28,0xb	 x28=0x0000b000
         785002	     39148	80008b48	03eb4063	blt	x22,x30,80008b68	 x22:0xffffffff x30:0xd2dd2994
         785022	     39149	80008b4c	40780833	sub	x16,x16,x7	 x16:0x00000006  x7:0x80025ce4 x16=0x7ffda322
         785042	     39150	80008b50	340af073	csrrci	x0,mscratch,21	  x0=0x00000000
         785062	     39151	80008b54	0001	c.addi	x0,0	  x0:0x00000000  x0=0x00000000
         785082	     39152	80008b56	0f86	c.slli	x31,0x1	 x31:0x00000000 x31=0x00000000
         785822	     39189	80008b58	0260d633	divu	x12,x1,x6	  x1:0xd2dd295b  x6:0xfffffbfc x12=0x00000000
         785842	     39190	80008b5c	814d	c.srli	x10,0x13	 x10:0x00043c60 x10=0x00000000
         785862	     39191	80008b5e	000844b3	xor	x9,x16,x0	 x16:0x7ffda322  x0:0x00000000  x9=0x7ffda322
         785882	     39192	80008b62	8d3d	c.xor	x10,x15	 x10:0x00000000 x15:0x00000001 x10=0x00000001
         785902	     39193	80008b64	006ed693	srli	x13,x29,0x6	 x29:0x00000000 x13=0x00000000
         786642	     39230	80008b68	035b64b3	rem	x9,x22,x21	 x22:0xffffffff x21:0x00000001  x9=0x00000000
         786662	     39231	80008b6c	0135df13	srli	x30,x11,0x13	 x11:0x0ed6e000 x30=0x000001da
         786682	     39232	80008b70	c401	c.beqz	x8,80008b78	  x8:0xfffd2dd2
         786702	     39233	80008b72	870d	c.srai	x14,0x3	 x14:0xd2dd2994 x14=0xfa5ba532
         786722	     39234	80008b74	8f4d	c.or	x14,x11	 x14:0xfa5ba532 x11:0x0ed6e000 x14=0xfedfe532
         786742	     39235	80008b76	8fc1	c.or	x15,x8	 x15:0x00000001  x8:0xfffd2dd2 x15=0xfffd2dd3
         786762	     39236	80008b78	1b2de793	ori	x15,x27,434	 x27:0xd2dd2996 x15=0xd2dd29b6
         786782	     39237	80008b7c	000ff7b3	and	x15,x31,x0	 x31:0x00000000  x0:0x00000000 x15=0x00000000
         787522	     39274	80008b80	02b775b3	remu	x11,x14,x11	 x14:0xfedfe532 x11:0x0ed6e000 x11=0x029b0532
         787542	     39275	80008b84	010a1ab3	sll	x21,x20,x16	 x20:0xffffff7d x16:0x7ffda322 x21=0xfffffdf4
         787562	     39276	80008b88	1e186213	ori	x4,x16,481	 x16:0x7ffda322  x4=0x7ffda3e3
         787582	     39277	80008b8c	85523697	auipc	x13,0x85523	 x13=0x0552bb8c
         787602	     39278	80008b90	8071	c.srli	x8,0x1c	  x8:0xfffd2dd2  x8=0x0000000f
         787622	     39279	80008b92	ac0e4f93	xori	x31,x28,-1344	 x28:0x0000b000 x31=0xffff4ac0
         787662	     39281	80008b96	0000100f	fence.i	
         788322	     39314	80008b9a	34046873	csrrsi	x16,mscratch,8	 x16=0x00000008
         788742	     39335	80008b9e	340d1673	csrrw	x12,mscratch,x26	 x26:0x00000000 x12=0x00000008
         788762	     39336	80008ba2	4f9ade97	auipc	x29,0x4f9ad	 x29=0xcf9b5ba2
         788782	     39337	80008ba6	8d85	c.sub	x11,x9	 x11:0x029b0532  x9:0x00000000 x11=0x029b0532
         789522	     39374	80008ba8	030ff933	remu	x18,x31,x16	 x31:0xffff4ac0 x16:0x00000008 x18=0x00000000
         789542	     39375	80008bac	0185de33	srl	x28,x11,x24	 x11:0x029b0532 x24:0x00000000 x28=0x029b0532
         789562	     39376	80008bb0	5ffd	c.li	x31,-1	 x31=0xffffffff
         789582	     39377	80008bb2	28f60993	addi	x19,x12,655	 x12:0x00000008 x19=0x00000297
         789662	     39381	80008bb6	7de47293	andi	x5,x8,2014	  x8:0x0000000f  x5=0x0000000e
         789682	     39382	80008bba	0001	c.addi	x0,0	  x0:0x00000000  x0=0x00000000
         789782	     39387	80008bbc	006c5693	srli	x13,x24,0x6	 x24:0x00000000 x13=0x00000000
         789962	     39396	80008bc0	340bb673	csrrc	x12,mscratch,x23	 x23:0x00000000 x12=0x00000000
         790162	     39406	80008bc4	8f79	c.and	x14,x14	 x14:0xfedfe532 x14:0xfedfe532 x14=0xfedfe532
         790442	     39420	80008bc6	0201aeb3	mulhsu	x29,x3,x0	  x3:0x00000000  x0:0x00000000 x29=0x00000000
         790462	     39421	80008bca	0612	c.slli	x12,0x4	 x12:0x00000000 x12=0x00000000
         790842	     39440	80008bcc	e28d	c.bnez	x13,80008bee	 x13:0x00000000
         790862	     39441	80008bce	01c91633	sll	x12,x18,x28	 x18:0x00000000 x28:0x029b0532 x12=0x00000000
         790882	     39442	80008bd2	8512	c.mv	x10,x4	  x0:0x00000000  x4:0x7ffda3e3 x10=0x7ffda3e3
         791042	     39450	80008bd4	e899	c.bnez	x9,80008bea	  x9:0x00000000
         791062	     39451	80008bd6	00531493	slli	x9,x6,0x5	  x6:0xfffffbfc  x9=0xffff7f80
         791082	     39452	80008bda	019f3733	sltu	x14,x30,x25	 x30:0x000001da x25:0xfffffabe x14=0x00000001
         791102	     39453	80008bde	01a89b33	sll	x22,x17,x26	 x17:0xfffffbfc x26:0x00000000 x22=0xfffffbfc
         791122	     39454	80008be2	01afea33	or	x20,x31,x26	 x31:0xffffffff x26:0x00000000 x20=0xffffffff
         791482	     39472	80008be6	34006cf3	csrrsi	x25,mscratch,0	 x25=0x00000000
         791622	     39479	80008bea	038d7ab3	remu	x21,x26,x24	 x26:0x00000000 x24:0x00000000 x21=0x00000000
         791902	     39493	80008bee	40680333	sub	x6,x16,x6	 x16:0x00000008  x6:0xfffffbfc  x6=0x0000040c
         791922	     39494	80008bf2	81bd	c.srli	x11,0xf	 x11:0x029b0532 x11=0x00000536
         792182	     39507	80008bf4	8dd1	c.or	x11,x12	 x11:0x00000536 x12:0x00000000 x11=0x00000536
         792602	     39528	80008bf6	038d4363	blt	x26,x24,80008c1c	 x26:0x00000000 x24:0x00000000
         792622	     39529	80008bfa	01b83eb3	sltu	x29,x16,x27	 x16:0x00000008 x27:0xd2dd2996 x29=0x00000001
         792722	     39534	80008bfe	0559f063	bgeu	x19,x21,80008c3e	 x19:0x00000297 x21:0x00000000
         793322	     39564	80008c3e	6bb5	c.lui	x23,0xd	 x23=0x0000d000
         793682	     39582	80008c40	02d51ab3	mulh	x21,x10,x13	 x10:0x7ffda3e3 x13:0x00000000 x21=0x00000000
         793702	     39583	80008c44	0ff0000f	fence	iorw,iorw	
         793722	     39584	80008c48	00a689b3	add	x19,x13,x10	 x13:0x00000000 x10:0x7ffda3e3 x19=0x7ffda3e3
         793802	     39588	80008c4c	00b61593	slli	x11,x12,0xb	 x12:0x00000000 x11=0x00000000
         794002	     39598	80008c50	01bc5263	bge	x24,x27,80008c54	 x24:0x00000000 x27:0xd2dd2996
         794222	     39609	80008c54	0211	c.addi	x4,4	  x4:0x7ffda3e3  x4=0x7ffda3e7
         794462	     39621	80008c56	40a5d233	sra	x4,x11,x10	 x11:0x00000000 x10:0x7ffda3e3  x4=0x00000000
         794862	     39641	80008c5a	00d2f233	and	x4,x5,x13	  x5:0x0000000e x13:0x00000000  x4=0x00000000
         794902	     39643	80008c5e	003bf333	and	x6,x23,x3	 x23:0x0000d000  x3:0x00000000  x6=0x00000000
         794922	     39644	80008c62	e611	c.bnez	x12,80008c6e	 x12:0x00000000
         795082	     39652	80008c64	0001	c.addi	x0,0	  x0:0x00000000  x0=0x00000000
         795202	     39658	80008c66	34003573	csrrc	x10,mscratch,x0	  x0:0x00000000 x10=0x00000000
         795262	     39661	80008c6a	030b06b3	mul	x13,x22,x16	 x22:0xfffffbfc x16:0x00000008 x13=0xffffdfe0
         796222	     39709	80008c6e	034df2b3	remu	x5,x27,x20	 x27:0xd2dd2996 x20:0xffffffff  x5=0xd2dd2996
         796242	     39710	80008c72	9c36	c.add	x24,x13	 x24:0x00000000 x13:0xffffdfe0 x24=0xffffdfe0
         796262	     39711	80008c74	81a5	c.srli	x11,0x9	 x11:0x00000000 x11=0x00000000
         796282	     39712	80008c76	340036f3	csrrc	x13,mscratch,x0	  x0:0x00000000 x13=0x00000000
         796302	     39713	80008c7a	8826	c.mv	x16,x9	  x0:0x00000000  x9:0xffff7f80 x16=0xffff7f80
         796322	     39714	80008c7c	00359833	sll	x16,x11,x3	 x11:0x00000000  x3:0x00000000 x16=0x00000000
         796342	     39715	80008c80	0126cf33	xor	x30,x13,x18	 x13:0x00000000 x18:0x00000000 x30=0x00000000
         796362	     39716	80008c84	018b1e13	slli	x28,x22,0x18	 x22:0xfffffbfc x28=0xfc000000
         796382	     39717	80008c88	00739493	slli	x9,x7,0x7	  x7:0x80025ce4  x9=0x012e7200
         796402	     39718	80008c8c	0330e063	bltu	x1,x19,80008cac	  x1:0xd2dd295b x19:0x7ffda3e3
         796522	     39724	80008c90	03119633	mulh	x12,x3,x17	  x3:0x00000000 x17:0xfffffbfc x12=0x00000000
         796862	     39741	80008c94	6b0d	c.lui	x22,0x3	 x22=0x00003000
         796882	     39742	80008c96	01daf333	and	x6,x21,x29	 x21:0x00000000 x29:0x00000001  x6=0x00000000
         796902	     39743	80008c9a	8e9d	c.sub	x13,x15	 x13:0x00000000 x15:0x00000000 x13=0x00000000
         796942	     39745	80008c9c	02655bb3	divu	x23,x10,x6	 x10:0x00000000  x6:0x00000000 x23=0xffffffff
         797182	     39757	80008ca0	98b6	c.add	x17,x13	 x17:0xfffffbfc x13:0x00000000 x17=0xfffffbfc
         797582	     39777	80008ca2	97f6c913	xori	x18,x13,-1665	 x13:0x00000000 x18=0xfffff97f
         797602	     39778	80008ca6	8c61	c.and	x8,x8	  x8:0x0000000f  x8:0x0000000f  x8=0x0000000f
         797622	     39779	80008ca8	8cbd	c.xor	x9,x15	  x9:0x012e7200 x15:0x00000000  x9=0x012e7200
         797642	     39780	80008caa	0001	c.addi	x0,0	  x0:0x00000000  x0=0x00000000
         797802	     39788	80008cac	419a0433	sub	x8,x20,x25	 x20:0xffffffff x25:0x00000000  x8=0xffffffff
         797822	     39789	80008cb0	6e41	c.lui	x28,0x10	 x28=0x00010000
         797842	     39790	80008cb2	40318cb3	sub	x25,x3,x3	  x3:0x00000000  x3:0x00000000 x25=0x00000000
         797882	     39792	80008cb6	034838b3	mulhu	x17,x16,x20	 x16:0x00000000 x20:0xffffffff x17=0x00000000
         798202	     39808	80008cba	0ff0000f	fence	iorw,iorw	
         798222	     39809	80008cbe	8789	c.srai	x15,0x2	 x15:0x00000000 x15=0x00000000
         798242	     39810	80008cc0	01659bb3	sll	x23,x11,x22	 x11:0x00000000 x22:0x00003000 x23=0x00000000
         798262	     39811	80008cc4	cb4a0637	lui	x12,0xcb4a0	 x12=0xcb4a0000
         798282	     39812	80008cc8	41e15eb3	sra	x29,x2,x30	  x2:0x80021e30 x30:0x00000000 x29=0x80021e30
         798302	     39813	80008ccc	311f9937	lui	x18,0x311f9	 x18=0x311f9000
         798342	     39815	80008cd0	0284f063	bgeu	x9,x8,80008cf0	  x9:0x012e7200  x8:0xffffffff
         798362	     39816	80008cd4	01c9dc63	bge	x19,x28,80008cec	 x19:0x7ffda3e3 x28:0x00010000
         799222	     39859	80008cec	239d2097	auipc	x1,0x239d2	  x1=0xa39dacec
         799362	     39866	80008cf0	407dd913	srai	x18,x27,0x7	 x27:0xd2dd2996 x18=0xffa5ba53
         799702	     39883	80008cf4	00d23b33	sltu	x22,x4,x13	  x4:0x00000000 x13:0x00000000 x22=0x00000000
         799722	     39884	80008cf8	0001	c.addi	x0,0	  x0:0x00000000  x0=0x00000000
         799842	     39890	80008cfa	032e27b3	mulhsu	x15,x28,x18	 x28:0x00010000 x18:0xffa5ba53 x15=0x0000ffa5
         799862	     39891	80008cfe	00d69bb3	sll	x23,x13,x13	 x13:0x00000000 x13:0x00000000 x23=0x00000000
         799882	     39892	80008d02	8db9	c.xor	x11,x14	 x11:0x00000000 x14:0x00000001 x11=0x00000001
         799942	     39895	80008d04	020a6263	bltu	x20,x0,80008d28	 x20:0xffffffff  x0:0x00000000
         799962	     39896	80008d08	04da	c.slli	x9,0x16	  x9:0x012e7200  x9=0x80000000
         799982	     39897	80008d0a	80a1	c.srli	x9,0x8	  x9:0x80000000  x9=0x00800000
         800002	     39898	80008d0c	62e9	c.lui	x5,0x1a	  x5=0x0001a000
         800022	     39899	80008d0e	340c5bf3	csrrwi	x23,mscratch,24	 x23=0x00000000
         800322	     39914	80008d12	6fd08793	addi	x15,x1,1789	  x1:0xa39dacec x15=0xa39db3e9
         800462	     39921	80008d16	40e1d313	srai	x6,x3,0xe	  x3:0x00000000  x6=0x00000000
         800482	     39922	80008d1a	c029	c.beqz	x8,80008d5c	  x8:0xffffffff
         800522	     39924	80008d1c	0399ecb3	rem	x25,x19,x25	 x19:0x7ffda3e3 x25:0x00000000 x25=0x7ffda3e3
         800542	     39925	80008d20	037607b3	mul	x15,x12,x23	 x12:0xcb4a0000 x23:0x00000000 x15=0x00000000
         800562	     39926	80008d24	a0778a13	addi	x20,x15,-1529	 x15:0x00000000 x20=0xfffffa07
         800802	     39938	80008d28	9ab6	c.add	x21,x13	 x21:0x00000000 x13:0x00000000 x21=0x00000000
         801222	     39959	80008d2a	27144e97	auipc	x29,0x27144	 x29=0xa714cd2a
         801242	     39960	80008d2e	0ff0000f	fence	iorw,iorw	
         801342	     39965	80008d32	02cb14b3	mulh	x9,x22,x12	 x22:0x00000000 x12:0xcb4a0000  x9=0x00000000
         801502	     39973	80008d36	02d1d9b3	divu	x19,x3,x13	  x3:0x00000000 x13:0x00000000 x19=0xffffffff
         801762	     39986	80008d3a	024cc263	blt	x25,x4,80008d5e	 x25:0x7ffda3e3  x4:0x00000000
         801962	     39996	80008d3e	01a67b63	bgeu	x12,x26,80008d54	 x12:0xcb4a0000 x26:0x00000000
         803402	     40068	80008d54	019b0763	beq	x22,x25,80008d62	 x22:0x00000000 x25:0x7ffda3e3
         803602	     40078	80008d58	2af2c293	xori	x5,x5,687	  x5:0x0001a000  x5=0x0001a2af
         803642	     40080	80008d5c	0001	c.addi	x0,0	  x0:0x00000000  x0=0x00000000
         803802	     40088	80008d5e	40c1de93	srai	x29,x3,0xc	  x3:0x00000000 x29=0x00000000
         804222	     40109	80008d62	9fc8ca13	xori	x20,x17,-1540	 x17:0x00000000 x20=0xfffff9fc
         804242	     40110	80008d66	002a1b93	slli	x23,x20,0x2	 x20:0xfffff9fc x23=0xffffe7f0
         804262	     40111	80008d6a	cb05	c.beqz	x14,80008d9a	 x14:0x00000001
         804282	     40112	80008d6c	e19d	c.bnez	x11,80008d92	 x11:0x00000001
         805102	     40153	80008d92	030042b3	div	x5,x0,x16	  x0:0x00000000 x16:0x00000000  x5=0xffffffff
         805242	     40160	80008d96	2ba60193	addi	x3,x12,698	 x12:0xcb4a0000  x3=0xcb4a02ba
         805262	     40161	80008d9a	340afff3	csrrci	x31,mscratch,21	 x31=0x00000018
         805282	     40162	80008d9e	8e2d	c.xor	x12,x11	 x12:0xcb4a0000 x11:0x00000001 x12=0xcb4a0001
         805362	     40166	80008da0	a885a793	slti	x15,x11,-1400	 x11:0x00000001 x15=0x00000000
         806262	     40211	80008da4	03f84633	div	x12,x16,x31	 x16:0x00000000 x31:0x00000018 x12=0x00000000
         806302	     40213	80008da8	0365aeb3	mulhsu	x29,x11,x22	 x11:0x00000001 x22:0x00000000 x29=0x00000000
         806322	     40214	80008dac	04d01163	bne	x0,x13,80008dee	  x0:0x00000000 x13:0x00000000
         806342	     40215	80008db0	02b8e363	bltu	x17,x11,80008dd6	 x17:0x00000000 x11:0x00000001
         806622	     40229	80008dd6	003cb9b3	sltu	x19,x25,x3	 x25:0x7ffda3e3  x3:0xcb4a02ba x19=0x00000001
         806822	     40239	80008dda	00fff5b3	and	x11,x31,x15	 x31:0x00000018 x15:0x00000000 x11=0x00000000
         806842	     40240	80008dde	8d95	c.sub	x11,x13	 x11:0x00000000 x13:0x00000000 x11=0x00000000
         806862	     40241	80008de0	3c924593	xori	x11,x4,969	  x4:0x00000000 x11=0x000003c9
         806922	     40244	80008de4	03ac9563	bne	x25,x26,80008e0e	 x25:0x7ffda3e3 x26:0x00000000
         807582	     40277	80008e0e	00197fb3	and	x31,x18,x1	 x18:0xffa5ba53  x1:0xa39dacec x31=0xa385a840
         807602	     40278	80008e12	1ffd	c.addi	x31,-1	 x31:0xa385a840 x31=0xa385a83f
         807622	     40279	80008e14	01fa5533	srl	x10,x20,x31	 x20:0xfffff9fc x31:0xa385a83f x10=0x00000001
         808362	     40316	80008e18	02224633	div	x12,x4,x2	  x4:0x00000000  x2:0x80021e30 x12=0x00000000
         808382	     40317	80008e1c	00d657b3	srl	x15,x12,x13	 x12:0x00000000 x13:0x00000000 x15=0x00000000
         808422	     40319	80008e20	026d9bb3	mulh	x23,x27,x6	 x27:0xd2dd2996  x6:0x00000000 x23=0x00000000
         808442	     40320	80008e24	8e35	c.xor	x12,x13	 x12:0x00000000 x13:0x00000000 x12=0x00000000
         808482	     40322	80008e26	02c23db3	mulhu	x27,x4,x12	  x4:0x00000000 x12:0x00000000 x27=0x00000000
         808502	     40323	80008e2a	e505	c.bnez	x10,80008e52	 x10:0x00000001
         809442	     40370	80008e52	01c2d6b3	srl	x13,x5,x28	  x5:0xffffffff x28:0x00010000 x13=0xffffffff
         809462	     40371	80008e56	826051b7	lui	x3,0x82605	  x3=0x82605000
         809482	     40372	80008e5a	0001	c.addi	x0,0	  x0:0x00000000  x0=0x00000000
         809502	     40373	80008e5c	8819	c.andi	x8,6	  x8:0xffffffff  x8=0x00000006
         809522	     40374	80008e5e	340027f3	csrrs	x15,mscratch,x0	  x0:0x00000000 x15=0x00000008
         809542	     40375	80008e62	3402dff3	csrrwi	x31,mscratch,5	 x31=0x00000008
         809702	     40383	80008e66	77b22813	slti	x16,x4,1915	  x4:0x00000000 x16=0x00000001
         809722	     40384	80008e6a	04759263	bne	x11,x7,80008eae	 x11:0x000003c9  x7:0x80025ce4
         810582	     40427	80008eae	030a0193	addi	x3,x20,48	 x20:0xfffff9fc  x3=0xfffffa2c
         810602	     40428	80008eb2	03c20163	beq	x4,x28,80008ed4	  x4:0x00000000 x28:0x00010000
         810802	     40438	80008eb6	bd8a7337	lui	x6,0xbd8a7	  x6=0xbd8a7000
         810822	     40439	80008eba	340998f3	csrrw	x17,mscratch,x19	 x19:0x00000001 x17=0x00000005
         810842	     40440	80008ebe	4769	c.li	x14,26	 x14=0x0000001a
         811162	     40456	80008ec0	bfe9fc13	andi	x24,x19,-1026	 x19:0x00000001 x24=0x00000000
         811222	     40459	80008ec4	293a3d93	sltiu	x27,x20,659	 x20:0xfffff9fc x27=0x00000000
         811482	     40472	80008ec8	845e	c.mv	x8,x23	  x0:0x00000000 x23:0x00000000  x8=0x00000000
         811502	     40473	80008eca	418a5c13	srai	x24,x20,0x18	 x20:0xfffff9fc x24=0xffffffff
         811522	     40474	80008ece	02167963	bgeu	x12,x1,80008f00	 x12:0x00000000  x1:0xa39dacec
         811542	     40475	80008ed2	8f15	c.sub	x14,x13	 x14:0x0000001a x13:0xffffffff x14=0x0000001b
         811942	     40495	80008ed4	0164f933	and	x18,x9,x22	  x9:0x00000000 x22:0x00000000 x18=0x00000000
         811962	     40496	80008ed8	34003473	csrrc	x8,mscratch,x0	  x0:0x00000000  x8=0x00000001
         811982	     40497	80008edc	410f5693	srai	x13,x30,0x10	 x30:0x00000000 x13=0x00000000
         812402	     40518	80008ee0	02335463	bge	x6,x3,80008f08	  x6:0xbd8a7000  x3:0xfffffa2c
         812422	     40519	80008ee4	01b18e63	beq	x3,x27,80008f00	  x3:0xfffffa2c x27:0x00000000
         812442	     40520	80008ee8	40e84513	xori	x10,x16,1038	 x16:0x00000001 x10=0x0000040f
         812462	     40521	80008eec	03cfe263	bltu	x31,x28,80008f10	 x31:0x00000008 x28:0x00010000
         814842	     40640	80008f10	148eb493	sltiu	x9,x29,328	 x29:0x00000000  x9=0x00000001
         814862	     40641	80008f14	82e5	c.srli	x13,0x19	 x13:0x00000000 x13=0x00000000
         814882	     40642	80008f16	9db6	c.add	x27,x13	 x27:0x00000000 x13:0x00000000 x27=0x00000000
         814902	     40643	80008f18	8eb90e13	addi	x28,x18,-1813	 x18:0x00000000 x28=0xfffff8eb
         814922	     40644	80008f1c	9eee	c.add	x29,x27	 x29:0x00000000 x27:0x00000000 x29=0x00000000
         814942	     40645	80008f1e	41f90433	sub	x8,x18,x31	 x18:0x00000000 x31:0x00000008  x8=0xfffffff8
         814962	     40646	80008f22	5e57ef93	ori	x31,x15,1509	 x15:0x00000008 x31=0x000005ed
         815122	     40654	80008f26	032d6733	rem	x14,x26,x18	 x26:0x00000000 x18:0x00000000 x14=0x00000000
         815142	     40655	80008f2a	8af1	c.andi	x13,28	 x13:0x00000000 x13=0x00000000
         815202	     40658	80008f2c	02ddf463	bgeu	x27,x13,80008f54	 x27:0x00000000 x13:0x00000000
         815542	     40675	80008f54	0145be33	sltu	x28,x11,x20	 x11:0x000003c9 x20:0xfffff9fc x28=0x00000001
         815602	     40678	80008f58	038116b3	mulh	x13,x2,x24	  x2:0x80021e30 x24:0xffffffff x13=0x00000000
         816562	     40726	80008f5c	02afca33	div	x20,x31,x10	 x31:0x000005ed x10:0x0000040f x20=0x00000001
         816582	     40727	80008f60	01689f93	slli	x31,x17,0x16	 x17:0x00000005 x31=0x01400000
         816602	     40728	80008f64	03864d63	blt	x12,x24,80008f9e	 x12:0x00000000 x24:0xffffffff
         816722	     40734	80008f68	0327b6b3	mulhu	x13,x15,x18	 x15:0x00000008 x18:0x00000000 x13=0x00000000
         816742	     40735	80008f6c	83f1	c.srli	x15,0x1c	 x15:0x00000008 x15=0x00000000
         816762	     40736	80008f6e	0001	c.addi	x0,0	  x0:0x00000000  x0=0x00000000
         816782	     40737	80008f70	00634c33	xor	x24,x6,x6	  x6:0xbd8a7000  x6:0xbd8a7000 x24=0x00000000
         816802	     40738	80008f74	2924f913	andi	x18,x9,658	  x9:0x00000001 x18=0x00000000
         816822	     40739	80008f78	0278fe63	bgeu	x17,x7,80008fb4	 x17:0x00000005  x7:0x80025ce4
         816842	     40740	80008f7c	340762f3	csrrsi	x5,mscratch,14	  x5=0x00000001
         816962	     40746	80008f80	9c3a	c.add	x24,x14	 x24:0x00000000 x14:0x00000000 x24=0x00000000
         816982	     40747	80008f82	ca91	c.beqz	x13,80008f96	 x13:0x00000000
         818102	     40803	80008f96	340b1373	csrrw	x6,mscratch,x22	 x22:0x00000000  x6=0x0000000f
         818122	     40804	80008f9a	03f987b3	mul	x15,x19,x31	 x19:0x00000001 x31:0x01400000 x15=0x01400000
         818542	     40825	80008f9e	e619be93	sltiu	x29,x19,-415	 x19:0x00000001 x29=0x00000001
         818962	     40846	80008fa2	13957913	andi	x18,x10,313	 x10:0x0000040f x18=0x00000009
         818982	     40847	80008fa6	87fd	c.srai	x15,0x1f	 x15:0x01400000 x15=0x00000000
         819002	     40848	80008fa8	0001	c.addi	x0,0	  x0:0x00000000  x0=0x00000000
         819022	     40849	80008faa	8c5d	c.or	x8,x15	  x8:0xfffffff8 x15:0x00000000  x8=0xfffffff8
         819062	     40851	80008fac	bf254937	lui	x18,0xbf254	 x18=0xbf254000
         819482	     40872	80008fb0	82a2	c.mv	x5,x8	  x0:0x00000000  x8:0xfffffff8  x5=0xfffffff8
         819502	     40873	80008fb2	66d1	c.lui	x13,0x14	 x13=0x00014000
         819902	     40893	80008fb4	0000100f	fence.i	
         820322	     40914	80008fb8	40e4d293	srai	x5,x9,0xe	  x9:0x00000001  x5=0x00000000
         820342	     40915	80008fbc	8c76	c.mv	x24,x29	  x0:0x00000000 x29:0x00000001 x24=0x00000001
         820622	     40929	80008fbe	59e8f093	andi	x1,x17,1438	 x17:0x00000005  x1=0x00000004
         820642	     40930	80008fc2	34007ff3	csrrci	x31,mscratch,0	 x31=0x00000000
         820702	     40933	80008fc6	c583be13	sltiu	x28,x7,-936	  x7:0x80025ce4 x28=0x00000001
         820722	     40934	80008fca	5bfd	c.li	x23,-1	 x23=0xffffffff
         820882	     40942	80008fcc	02f0b6b3	mulhu	x13,x1,x15	  x1:0x00000004 x15:0x00000000 x13=0x00000000
         820922	     40944	80008fd0	025d17b3	mulh	x15,x26,x5	 x26:0x00000000  x5:0x00000000 x15=0x00000000
         820982	     40947	80008fd4	85e63c13	sltiu	x24,x12,-1954	 x12:0x00000000 x24=0x00000001
         821002	     40948	80008fd8	01afb8b3	sltu	x17,x31,x26	 x31:0x00000000 x26:0x00000000 x17=0x00000000
         821042	     40950	80008fdc	02cdf8b3	remu	x17,x27,x12	 x27:0x00000000 x12:0x00000000 x17=0x00000000
         821162	     40956	80008fe0	019e1263	bne	x28,x25,80008fe4	 x28:0x00000001 x25:0x7ffda3e3
         822722	     41034	80008fe4	03974e33	div	x28,x14,x25	 x14:0x00000000 x25:0x7ffda3e3 x28=0x00000000
         822742	     41035	80008fe8	8a0d	c.andi	x12,3	 x12:0x00000000 x12=0x00000000
         822762	     41036	80008fea	01b07f63	bgeu	x0,x27,80009008	  x0:0x00000000 x27:0x00000000
         823102	     41053	80009008	04e2	c.slli	x9,0x18	  x9:0x00000001  x9=0x01000000
         823122	     41054	8000900a	029e5263	bge	x28,x9,8000902e	 x28:0x00000000  x9:0x01000000
         823862	     41091	8000900e	0372e033	rem	x0,x5,x23	  x5:0x00000000 x23:0xffffffff  x0=0x00000000
         823882	     41092	80009012	00947763	bgeu	x8,x9,80009020	  x8:0xfffffff8  x9:0x01000000
         824342	     41115	80009020	0ff0000f	fence	iorw,iorw	
         824362	     41116	80009024	8d81	c.sub	x11,x8	 x11:0x000003c9  x8:0xfffffff8 x11=0x000003d1
         824562	     41126	80009026	271cc813	xori	x16,x25,625	 x25:0x7ffda3e3 x16=0x7ffda192
         824582	     41127	8000902a	01f910b3	sll	x1,x18,x31	 x18:0xbf254000 x31:0x00000000  x1=0xbf254000
         824602	     41128	8000902e	8fe1	c.and	x15,x8	 x15:0x00000000  x8:0xfffffff8 x15=0x00000000
         824682	     41132	80009030	d0133637	lui	x12,0xd0133	 x12=0xd0133000
         824882	     41142	80009034	007d77b3	and	x15,x26,x7	 x26:0x00000000  x7:0x80025ce4 x15=0x00000000
         824902	     41143	80009038	3026c013	xori	x0,x13,770	 x13:0x00000000  x0=0x00000000
         825322	     41164	8000903c	2b6cf217	auipc	x4,0x2b6cf	  x4=0xab6d803c
         825442	     41170	80009040	00c10863	beq	x2,x12,80009050	  x2:0x80021e30 x12:0xd0133000
         825462	     41171	80009044	340baef3	csrrs	x29,mscratch,x23	 x23:0xffffffff x29=0x00000000
         825482	     41172	80009048	839d	c.srli	x15,0x7	 x15:0x00000000 x15=0x00000000
         825502	     41173	8000904a	6559	c.lui	x10,0x16	 x10=0x00016000
         825562	     41176	8000904c	40a5dbb3	sra	x23,x11,x10	 x11:0x000003d1 x10:0x00016000 x23=0x000003d1
         825642	     41180	80009050	052a1163	bne	x20,x18,80009092	 x20:0x00000001 x18:0xbf254000
         826522	     41224	80009092	03f32533	mulhsu	x10,x6,x31	  x6:0x0000000f x31:0x00000000 x10=0x00000000
         827122	     41254	80009096	0089cfb3	xor	x31,x19,x8	 x19:0x00000001  x8:0xfffffff8 x31=0xfffffff9
         827142	     41255	8000909a	0409	c.addi	x8,2	  x8:0xfffffff8  x8=0xfffffffa
         827162	     41256	8000909c	2fc9e313	ori	x6,x19,764	 x19:0x00000001  x6=0x000002fd
         827182	     41257	800090a0	8e49	c.or	x12,x10	 x12:0xd0133000 x10:0x00000000 x12=0xd0133000
         827202	     41258	800090a2	89f6	c.mv	x19,x29	  x0:0x00000000 x29:0x00000000 x19=0x00000000
         827982	     41297	800090a4	02174eb3	div	x29,x14,x1	 x14:0x00000000  x1:0xbf254000 x29=0x00000000
         828002	     41298	800090a8	69532193	slti	x3,x6,1685	  x6:0x000002fd  x3=0x00000001
         828022	     41299	800090ac	01dd1033	sll	x0,x26,x29	 x26:0x00000000 x29:0x00000000  x0=0x00000000
         828042	     41300	800090b0	33197c13	andi	x24,x18,817	 x18:0xbf254000 x24=0x00000000
         828062	     41301	800090b4	83d40e93	addi	x29,x8,-1987	  x8:0xfffffffa x29=0xfffff837
         828082	     41302	800090b8	340dd773	csrrwi	x14,mscratch,27	 x14=0xffffffff
         828102	     41303	800090bc	00ec4493	xori	x9,x24,14	 x24:0x00000000  x9=0x0000000e
         828222	     41309	800090c0	0071d233	srl	x4,x3,x7	  x3:0x00000001  x7:0x80025ce4  x4=0x00000000
         828342	     41315	800090c4	2eccc893	xori	x17,x25,748	 x25:0x7ffda3e3 x17=0x7ffda10f
         828662	     41331	800090c8	76785997	auipc	x19,0x76785	 x19=0xf678e0c8
         828682	     41332	800090cc	03a41f63	bne	x8,x26,8000910a	  x8:0xfffffffa x26:0x00000000
         829962	     41396	8000910a	05829263	bne	x5,x24,8000914e	  x5:0x00000000 x24:0x00000000
         830022	     41399	8000910e	010c0633	add	x12,x24,x16	 x24:0x00000000 x16:0x7ffda192 x12=0x7ffda192
         830422	     41419	80009112	00824433	xor	x8,x4,x8	  x4:0x00000000  x8:0xfffffffa  x8=0xfffffffa
         830442	     41420	80009116	b5246813	ori	x16,x8,-1198	  x8:0xfffffffa x16=0xfffffffa
         830822	     41439	8000911a	02969563	bne	x13,x9,80009144	 x13:0x00000000  x9:0x0000000e
         831982	     41497	80009144	021be4b3	rem	x9,x23,x1	 x23:0x000003d1  x1:0xbf254000  x9=0x000003d1
         832022	     41499	80009148	0247b4b3	mulhu	x9,x15,x4	 x15:0x00000000  x4:0x00000000  x9=0x00000000
         832042	     41500	8000914c	c81d	c.beqz	x8,80009182	  x8:0xfffffffa
         832062	     41501	8000914e	82fd	c.srli	x13,0x1f	 x13:0x00000000 x13=0x00000000
         832882	     41542	80009150	0220e7b3	rem	x15,x1,x2	  x1:0xbf254000  x2:0x80021e30 x15=0xbf254000
         832902	     41543	80009154	01da89b3	add	x19,x21,x29	 x21:0x00000000 x29:0xfffff837 x19=0xfffff837
         832922	     41544	80009158	04cc6463	bltu	x24,x12,800091a0	 x24:0x00000000 x12:0x7ffda192
         833062	     41551	800091a0	41be01b3	sub	x3,x28,x27	 x28:0x00000000 x27:0x00000000  x3=0x00000000
         833082	     41552	800091a4	415fd193	srai	x3,x31,0x15	 x31:0xfffffff9  x3=0xffffffff
         833262	     41561	800091a8	5a7d	c.li	x20,-1	 x20=0xffffffff
         833282	     41562	800091aa	3404daf3	csrrwi	x21,mscratch,9	 x21=0x0000001b
         833302	     41563	800091ae	c189	c.beqz	x11,800091b0	 x11:0x000003d1
         833402	     41568	800091b0	029631b3	mulhu	x3,x12,x9	 x12:0x7ffda192  x9:0x00000000  x3=0x00000000
         833762	     41586	800091b4	0001	c.addi	x0,0	  x0:0x00000000  x0=0x00000000
         833782	     41587	800091b6	340e19f3	csrrw	x19,mscratch,x28	 x28:0x00000000 x19=0x00000009
         833802	     41588	800091ba	02c38463	beq	x7,x12,800091e2	  x7:0x80025ce4 x12:0x7ffda192
         833822	     41589	800091be	8d9e	c.mv	x27,x7	  x0:0x00000000  x7:0x80025ce4 x27=0x80025ce4
         834042	     41600	800091c0	4050d893	srai	x17,x1,0x5	  x1:0xbf254000 x17=0xfdf92a00
         834162	     41606	800091c4	024afeb3	remu	x29,x21,x4	 x21:0x0000001b  x4:0x00000000 x29=0x0000001b
         834182	     41607	800091c8	031208b3	mul	x17,x4,x17	  x4:0x00000000 x17:0xfdf92a00 x17=0x00000000
         834522	     41624	800091cc	34007673	csrrci	x12,mscratch,0	 x12=0x00000000
         834702	     41633	800091d0	0001	c.addi	x0,0	  x0:0x00000000  x0=0x00000000
         834722	     41634	800091d2	c41d2213	slti	x4,x26,-959	 x26:0x00000000  x4=0x00000000
         834802	     41638	800091d6	9bd6e193	ori	x3,x13,-1603	 x13:0x00000000  x3=0xfffff9bd
         835022	     41649	800091da	0117c263	blt	x15,x17,800091de	 x15:0xbf254000 x17:0x00000000
         835622	     41679	800091de	c4a1ee13	ori	x28,x3,-950	  x3:0xfffff9bd x28=0xfffffdff
         835642	     41680	800091e2	cc89	c.beqz	x9,800091fc	  x9:0x00000000
         835842	     41690	800091fc	0eca	c.slli	x29,0x12	 x29:0x0000001b x29=0x006c0000
         835862	     41691	800091fe	6319	c.lui	x6,0x6	  x6=0x00006000
         836782	     41737	80009200	0358f533	remu	x10,x17,x21	 x17:0x00000000 x21:0x0000001b x10=0x00000000
         872502	     43523	80009204	8fa5	c.xor	x15,x9	 x15:0xbf254000  x9:0x00000000 x15=0xbf254000
         872522	     43524	80009206	e7d26c93	ori	x25,x4,-387	  x4:0x00000000 x25=0xfffffe7d
         872542	     43525	8000920a	409286b3	sub	x13,x5,x9	  x5:0x00000000  x9:0x00000000 x13=0x00000000
         872562	     43526	8000920e	34003b73	csrrc	x22,mscratch,x0	  x0:0x00000000 x22=0x00000000
         872582	     43527	80009212	6e35	c.lui	x28,0xd	 x28=0x0000d000
         873322	     43564	80009214	02b9e1b3	rem	x3,x19,x11	 x19:0x00000009 x11:0x000003d1  x3=0x00000009
         873342	     43565	80009218	00d3d5b3	srl	x11,x7,x13	  x7:0x80025ce4 x13:0x00000000 x11=0x80025ce4
         873382	     43567	8000921c	029bce33	div	x28,x23,x9	 x23:0x000003d1  x9:0x00000000 x28=0xffffffff
         873402	     43568	80009220	00657db3	and	x27,x10,x6	 x10:0x00000000  x6:0x00006000 x27=0x00000000
         873422	     43569	80009224	01d89633	sll	x12,x17,x29	 x17:0x00000000 x29:0x006c0000 x12=0x00000000
         873442	     43570	80009228	fdeb7f17	auipc	x30,0xfdeb7	 x30=0x7dec0228
         873582	     43577	8000922c	340b5af3	csrrwi	x21,mscratch,22	 x21=0x00000000
         873602	     43578	80009230	0379d263	bge	x19,x23,80009254	 x19:0x00000009 x23:0x000003d1
         873782	     43587	80009234	0294df63	bge	x9,x9,80009272	  x9:0x00000000  x9:0x00000000
         874642	     43630	80009272	882e4b97	auipc	x23,0x882e4	 x23=0x082ed272
         874662	     43631	80009276	34007773	csrrci	x14,mscratch,0	 x14=0x00000016
         875082	     43652	8000927a	0000100f	fence.i	
         876042	     43700	8000927e	340035f3	csrrc	x11,mscratch,x0	  x0:0x00000000 x11=0x00000016
         876302	     43713	80009282	fd20a337	lui	x6,0xfd20a	  x6=0xfd20a000
         876462	     43721	80009286	41c25193	srai	x3,x4,0x1c	  x4:0x00000000  x3=0x00000000
         876502	     43723	8000928a	03aa9333	mulh	x6,x21,x26	 x21:0x00000000 x26:0x00000000  x6=0x00000000
         876522	     43724	8000928e	8ea5	c.xor	x13,x9	 x13:0x00000000  x9:0x00000000 x13=0x00000000
         876562	     43726	80009290	024e4fb3	div	x31,x28,x4	 x28:0xffffffff  x4:0x00000000 x31=0xffffffff
         876622	     43729	80009294	0250f463	bgeu	x1,x5,800092bc	  x1:0xbf254000  x5:0x00000000
         877262	     43761	800092bc	038a5633	divu	x12,x20,x24	 x20:0xffffffff x24:0x00000000 x12=0xffffffff
         877282	     43762	800092c0	34007273	csrrci	x4,mscratch,0	  x4=0x00000016
         877682	     43782	800092c4	0af1	c.addi	x21,28	 x21:0x00000000 x21=0x0000001c
         877702	     43783	800092c6	0358f163	bgeu	x17,x21,800092e8	 x17:0x00000000 x21:0x0000001c
         877722	     43784	800092ca	17ae3093	sltiu	x1,x28,378	 x28:0xffffffff  x1=0x00000000
         877742	     43785	800092ce	0001	c.addi	x0,0	  x0:0x00000000  x0=0x00000000
         877762	     43786	800092d0	59fd	c.li	x19,-1	 x19=0xffffffff
         877982	     43797	800092d2	0124ec33	or	x24,x9,x18	  x9:0x00000000 x18:0xbf254000 x24=0xbf254000
         878082	     43802	800092d6	01885d93	srli	x27,x16,0x18	 x16:0xfffffffa x27=0x000000ff
         878102	     43803	800092da	0f2e	c.slli	x30,0xb	 x30:0x7dec0228 x30=0x60114000
         878442	     43820	800092dc	340bdcf3	csrrwi	x25,mscratch,23	 x25=0x00000016
         879222	     43859	800092e0	0355d0b3	divu	x1,x11,x21	 x11:0x00000016 x21:0x0000001c  x1=0x00000000
         879242	     43860	800092e4	8ff1	c.and	x15,x12	 x15:0xbf254000 x12:0xffffffff x15=0xbf254000
         879262	     43861	800092e6	82ba	c.mv	x5,x14	  x0:0x00000000 x14:0x00000016  x5=0x00000016
         879282	     43862	800092e8	008dd433	srl	x8,x27,x8	 x27:0x000000ff  x8:0xfffffffa  x8=0x00000000
         879302	     43863	800092ec	8d45	c.or	x10,x9	 x10:0x00000000  x9:0x00000000 x10=0x00000000
         879322	     43864	800092ee	34071bf3	csrrw	x23,mscratch,x14	 x14:0x00000016 x23=0x00000017
         879342	     43865	800092f2	340c1573	csrrw	x10,mscratch,x24	 x24:0xbf254000 x10=0x00000016
         879362	     43866	800092f6	340a11f3	csrrw	x3,mscratch,x20	 x20:0xffffffff  x3=0xbf254000
         879382	     43867	800092fa	97ae	c.add	x15,x11	 x15:0xbf254000 x11:0x00000016 x15=0xbf254016
         879742	     43885	800092fc	032a3933	mulhu	x18,x20,x18	 x20:0xffffffff x18:0xbf254000 x18=0xbf253fff
         880142	     43905	80009300	03f76563	bltu	x14,x31,8000932a	 x14:0x00000016 x31:0xffffffff
         880742	     43935	8000932a	145b2097	auipc	x1,0x145b2	  x1=0x945bb32a
         880882	     43942	8000932e	01b094b3	sll	x9,x1,x27	  x1:0x945bb32a x27:0x000000ff  x9=0x00000000
         880902	     43943	80009332	00981993	slli	x19,x16,0x9	 x16:0xfffffffa x19=0xfffff400
         880922	     43944	80009336	55aade37	lui	x28,0x55aad	 x28=0x55aad000
         881662	     43981	8000933a	02c65833	divu	x16,x12,x12	 x12:0xffffffff x12:0xffffffff x16=0x00000001
         881682	     43982	8000933e	01418db3	add	x27,x3,x20	  x3:0xbf254000 x20:0xffffffff x27=0xbf253fff
         881702	     43983	80009342	19fd	c.addi	x19,-1	 x19:0xfffff400 x19=0xfffff3ff
         881722	     43984	80009344	6db9	c.lui	x27,0xe	 x27=0x0000e000
         881742	     43985	80009346	66e5	c.lui	x13,0x19	 x13=0x00019000
         881762	     43986	80009348	0001	c.addi	x0,0	  x0:0x00000000  x0=0x00000000
         881782	     43987	8000934a	0001	c.addi	x0,0	  x0:0x00000000  x0=0x00000000
         881802	     43988	8000934c	0165d733	srl	x14,x11,x22	 x11:0x00000016 x22:0x00000000 x14=0x00000016
         881822	     43989	80009350	821d	c.srli	x12,0x7	 x12:0xffffffff x12=0x01ffffff
         882222	     44009	80009352	3401ae73	csrrs	x28,mscratch,x3	  x3:0xbf254000 x28=0xffffffff
         882242	     44010	80009356	0594f163	bgeu	x9,x25,80009398	  x9:0x00000000 x25:0x00000016
         883162	     44056	8000935a	032264b3	rem	x9,x4,x18	  x4:0x00000016 x18:0xbf253fff  x9=0x00000016
         883182	     44057	8000935e	471aee13	ori	x28,x21,1137	 x21:0x0000001c x28=0x0000047d
         883202	     44058	80009362	130e6193	ori	x3,x28,304	 x28:0x0000047d  x3=0x0000057d
         883222	     44059	80009366	ba8ede17	auipc	x28,0xba8ed	 x28=0x3a8f6366
         883242	     44060	8000936a	00233e33	sltu	x28,x6,x2	  x6:0x00000000  x2:0x80021e30 x28=0x00000001
         883262	     44061	8000936e	34007ef3	csrrci	x29,mscratch,0	 x29=0xffffffff
         883282	     44062	80009372	00638f33	add	x30,x7,x6	  x7:0x80025ce4  x6:0x00000000 x30=0x80025ce4
         883302	     44063	80009376	51fd	c.li	x3,-1	  x3=0xffffffff
         883422	     44069	80009378	03b48d93	addi	x27,x9,59	  x9:0x00000016 x27=0x00000051
         883842	     44090	8000937c	012427b3	slt	x15,x8,x18	  x8:0x00000000 x18:0xbf253fff x15=0x00000000
         884042	     44100	80009380	8e41	c.or	x12,x8	 x12:0x01ffffff  x8:0x00000000 x12=0x01ffffff
         884082	     44102	80009382	11ffbf93	sltiu	x31,x31,287	 x31:0xffffffff x31=0x00000000
         884102	     44103	80009386	8d1d	c.sub	x10,x15	 x10:0x00000016 x15:0x00000000 x10=0x00000016
         884122	     44104	80009388	79a32517	auipc	x10,0x79a32	 x10=0xf9a3b388
         884262	     44111	8000938c	3408df73	csrrwi	x30,mscratch,17	 x30=0xffffffff
         884522	     44124	80009390	414ddc33	sra	x24,x27,x20	 x27:0x00000051 x20:0xffffffff x24=0x00000000
         884542	     44125	80009394	03fe0363	beq	x28,x31,800093ba	 x28:0x00000001 x31:0x00000000
         884662	     44131	80009398	40b04d93	xori	x27,x0,1035	  x0:0x00000000 x27=0x0000040b
         885082	     44152	8000939c	50eaa093	slti	x1,x21,1294	 x21:0x0000001c  x1=0x00000001
         885102	     44153	800093a0	005aa8b3	slt	x17,x21,x5	 x21:0x0000001c  x5:0x00000016 x17=0x00000000
         885142	     44155	800093a4	0359a833	mulhsu	x16,x19,x21	 x19:0xfffff3ff x21:0x0000001c x16=0xffffffff
         885162	     44156	800093a8	ce89	c.beqz	x13,800093c2	 x13:0x00019000
         885482	     44172	800093aa	058cd363	bge	x25,x24,800093f0	 x25:0x00000016 x24:0x00000000
         886322	     44214	800093f0	8e3e	c.mv	x28,x15	  x0:0x00000000 x15:0x00000000 x28=0x00000000
         886342	     44215	800093f2	82bd	c.srli	x13,0xf	 x13:0x00019000 x13=0x00000003
         886622	     44229	800093f4	340a3ff3	csrrc	x31,mscratch,x20	 x20:0xffffffff x31=0x00000011
         886762	     44236	800093f8	0001	c.addi	x0,0	  x0:0x00000000  x0=0x00000000
         887182	     44257	800093fa	00508963	beq	x1,x5,8000940c	  x1:0x00000001  x5:0x00000016
         887542	     44275	800093fe	340c3773	csrrc	x14,mscratch,x24	 x24:0x00000000 x14=0x00000000
         887562	     44276	80009402	ffdaa693	slti	x13,x21,-3	 x21:0x0000001c x13=0x00000000
         887582	     44277	80009406	00323433	sltu	x8,x4,x3	  x4:0x00000016  x3:0xffffffff  x8=0x00000001
         887602	     44278	8000940a	0001	c.addi	x0,0	  x0:0x00000000  x0=0x00000000
         887622	     44279	8000940c	002d9193	slli	x3,x27,0x2	 x27:0x0000040b  x3=0x0000102c
         887642	     44280	80009410	01cfe433	or	x8,x31,x28	 x31:0x00000011 x28:0x00000000  x8=0x00000011
         887662	     44281	80009414	0001	c.addi	x0,0	  x0:0x00000000  x0=0x00000000
         887702	     44283	80009416	340061f3	csrrsi	x3,mscratch,0	  x3=0x00000000
         887922	     44294	8000941a	181b8693	addi	x13,x23,385	 x23:0x00000017 x13=0x00000198
         888002	     44298	8000941e	01655413	srli	x8,x10,0x16	 x10:0xf9a3b388  x8=0x000003e6
         888022	     44299	80009422	0000100f	fence.i	
         888402	     44318	80009426	c499	c.beqz	x9,80009434	  x9:0x00000016
         888422	     44319	80009428	0000100f	fence.i	
         889082	     44352	8000942c	038ce7b3	rem	x15,x25,x24	 x25:0x00000016 x24:0x00000000 x15=0x00000016
         889822	     44389	80009430	03d5d833	divu	x16,x11,x29	 x11:0x00000016 x29:0xffffffff x16=0x00000000
         889842	     44390	80009434	032e	c.slli	x6,0xb	  x6:0x00000000  x6=0x00000000
         889862	     44391	80009436	0000100f	fence.i	
         890122	     44404	8000943a	03c35633	divu	x12,x6,x28	  x6:0x00000000 x28:0x00000000 x12=0xffffffff
         890142	     44405	8000943e	4020d813	srai	x16,x1,0x2	  x1:0x00000001 x16=0x00000000
         890282	     44412	80009442	02d1cb63	blt	x3,x13,80009478	  x3:0x00000000 x13:0x00000198
         890582	     44427	80009478	340062f3	csrrsi	x5,mscratch,0	  x5=0x00000000
         891002	     44448	8000947c	0000100f	fence.i	
         891282	     44462	80009480	8ea1	c.xor	x13,x8	 x13:0x00000198  x8:0x000003e6 x13=0x0000027e
         891302	     44463	80009482	55fd	c.li	x11,-1	 x11=0xffffffff
         891322	     44464	80009484	01687fb3	and	x31,x16,x22	 x16:0x00000000 x22:0x00000000 x31=0x00000000
         891342	     44465	80009488	340022f3	csrrs	x5,mscratch,x0	  x0:0x00000000  x5=0x00000000
         891742	     44485	8000948c	0068f733	and	x14,x17,x6	 x17:0x00000000  x6:0x00000000 x14=0x00000000
         892082	     44502	80009490	01fa2613	slti	x12,x20,31	 x20:0xffffffff x12=0x00000001
         892482	     44522	80009494	030f1a33	mulh	x20,x30,x16	 x30:0xffffffff x16:0x00000000 x20=0x00000000
         892502	     44523	80009498	015db433	sltu	x8,x27,x21	 x27:0x0000040b x21:0x0000001c  x8=0x00000000
         892682	     44532	8000949c	010a6933	or	x18,x20,x16	 x20:0x00000000 x16:0x00000000 x18=0x00000000
         896762	     44736	800094a0	bf3f3093	sltiu	x1,x30,-1037	 x30:0xffffffff  x1=0x00000000
         896782	     44737	800094a4	40880ab3	sub	x21,x16,x8	 x16:0x00000000  x8:0x00000000 x21=0x00000000
         896802	     44738	800094a8	80d2	c.mv	x1,x20	  x0:0x00000000 x20:0x00000000  x1=0x00000000
         897542	     44775	800094aa	03ded7b3	divu	x15,x29,x29	 x29:0xffffffff x29:0xffffffff x15=0x00000001
         897562	     44776	800094ae	00095193	srli	x3,x18,0x0	 x18:0x00000000  x3=0x00000000
         897582	     44777	800094b2	8ac5	c.andi	x13,17	 x13:0x0000027e x13=0x00000010
         897602	     44778	800094b4	0037d813	srli	x16,x15,0x3	 x15:0x00000001 x16=0x00000000
         897622	     44779	800094b8	9c4e	c.add	x24,x19	 x24:0x00000000 x19:0xfffff3ff x24=0xfffff3ff
         897642	     44780	800094ba	cf95	c.beqz	x15,800094f6	 x15:0x00000001
         897662	     44781	800094bc	40c95013	srai	x0,x18,0xc	 x18:0x00000000  x0=0x00000000
         897702	     44783	800094c0	03034cb3	div	x25,x6,x16	  x6:0x00000000 x16:0x00000000 x25=0xffffffff
         897722	     44784	800094c4	0001	c.addi	x0,0	  x0:0x00000000  x0=0x00000000
         897742	     44785	800094c6	340e9973	csrrw	x18,mscratch,x29	 x29:0xffffffff x18=0x00000000
         897762	     44786	800094ca	34003573	csrrc	x10,mscratch,x0	  x0:0x00000000 x10=0xffffffff
         897862	     44791	800094ce	054af163	bgeu	x21,x20,80009510	 x21:0x00000000 x20:0x00000000
         898922	     44844	80009510	01417263	bgeu	x2,x20,80009514	  x2:0x80021e30 x20:0x00000000
         899202	     44858	80009514	8e0d	c.sub	x12,x11	 x12:0x00000001 x11:0xffffffff x12=0x00000002
         899222	     44859	80009516	8cc6	c.mv	x25,x17	  x0:0x00000000 x17:0x00000000 x25=0x00000000
         899582	     44877	80009518	0001	c.addi	x0,0	  x0:0x00000000  x0=0x00000000
         899602	     44878	8000951a	009b88b3	add	x17,x23,x9	 x23:0x00000017  x9:0x00000016 x17=0x0000002d
         899622	     44879	8000951e	02f70a33	mul	x20,x14,x15	 x14:0x00000000 x15:0x00000001 x20=0x00000000
         899782	     44887	80009522	002dd693	srli	x13,x27,0x2	 x27:0x0000040b x13=0x00000102
         900142	     44905	80009526	40bed233	sra	x4,x29,x11	 x29:0xffffffff x11:0xffffffff  x4=0xffffffff
         900162	     44906	8000952a	4c0d	c.li	x24,3	 x24=0x00000003
         900482	     44922	8000952c	683d	c.lui	x16,0xf	 x16=0x0000f000
         900502	     44923	8000952e	340a3af3	csrrc	x21,mscratch,x20	 x20:0x00000000 x21=0xffffffff
         900522	     44924	80009532	0ff0000f	fence	iorw,iorw	
         900542	     44925	80009536	013a72b3	and	x5,x20,x19	 x20:0x00000000 x19:0xfffff3ff  x5=0x00000000
         900562	     44926	8000953a	85e1	c.srai	x11,0x18	 x11:0xffffffff x11=0xffffffff
         900582	     44927	8000953c	61702f93	slti	x31,x0,1559	  x0:0x00000000 x31=0x00000001
         900942	     44945	80009540	e995	c.bnez	x11,80009574	 x11:0xffffffff
         901682	     44982	80009574	04035163	bge	x6,x0,800095b6	  x6:0x00000000  x0:0x00000000
         902462	     45021	800095b6	8c89	c.sub	x9,x10	  x9:0x00000016 x10:0xffffffff  x9=0x00000017
         903122	     45054	800095b8	004a4a63	blt	x20,x4,800095cc	 x20:0x00000000  x4:0xffffffff
         903262	     45061	800095bc	c295	c.beqz	x13,800095e0	 x13:0x00000102
         903442	     45070	800095be	2ec61797	auipc	x15,0x2ec61	 x15=0xaec6a5be
         903462	     45071	800095c2	ef01	c.bnez	x14,800095da	 x14:0x00000000
         903722	     45084	800095c4	340e70f3	csrrci	x1,mscratch,28	  x1=0xffffffff
         903842	     45090	800095c8	02cd8e33	mul	x28,x27,x12	 x27:0x0000040b x12:0x00000002 x28=0x00000816
         904262	     45111	800095cc	47150b13	addi	x22,x10,1137	 x10:0xffffffff x22=0x00000470
         905002	     45148	800095d0	021f5033	divu	x0,x30,x1	 x30:0xffffffff  x1:0xffffffff  x0=0x00000000
         905022	     45149	800095d4	7976a913	slti	x18,x13,1943	 x13:0x00000102 x18=0x00000001
         905042	     45150	800095d8	58fd	c.li	x17,-1	 x17=0xffffffff
         905062	     45151	800095da	0001	c.addi	x0,0	  x0:0x00000000  x0=0x00000000
         905082	     45152	800095dc	00764033	xor	x0,x12,x7	 x12:0x00000002  x7:0x80025ce4  x0=0x00000000
         905102	     45153	800095e0	8e3d	c.xor	x12,x15	 x12:0x00000002 x15:0xaec6a5be x12=0xaec6a5bc
         905122	     45154	800095e2	02b58d63	beq	x11,x11,8000961c	 x11:0xffffffff x11:0xffffffff
         905622	     45179	8000961c	0001	c.addi	x0,0	  x0:0x00000000  x0=0x00000000
         906402	     45218	8000961e	03e554b3	divu	x9,x10,x30	 x10:0xffffffff x30:0xffffffff  x9=0x00000001
         906442	     45220	80009622	028f49b3	div	x19,x30,x8	 x30:0xffffffff  x8:0x00000000 x19=0xffffffff
         906462	     45221	80009626	0001	c.addi	x0,0	  x0:0x00000000  x0=0x00000000
         906482	     45222	80009628	8751	c.srai	x14,0x14	 x14:0x00000000 x14=0x00000000
         906502	     45223	8000962a	8cc9	c.or	x9,x10	  x9:0x00000001 x10:0xffffffff  x9=0xffffffff
         906522	     45224	8000962c	055a	c.slli	x10,0x16	 x10:0xffffffff x10=0xffc00000
         906542	     45225	8000962e	029a7c63	bgeu	x20,x9,80009666	 x20:0x00000000  x9:0xffffffff
         906562	     45226	80009632	340576f3	csrrci	x13,mscratch,10	 x13=0xffffffe3
         906582	     45227	80009636	03e28633	mul	x12,x5,x30	  x5:0x00000000 x30:0xffffffff x12=0x00000000
         906602	     45228	8000963a	0030d813	srli	x16,x1,0x3	  x1:0xffffffff x16=0x1fffffff
         906622	     45229	8000963e	c18d	c.beqz	x11,80009660	 x11:0xffffffff
         906742	     45235	80009640	0074b033	sltu	x0,x9,x7	  x9:0xffffffff  x7:0x80025ce4  x0=0x00000000
         906782	     45237	80009644	0396b333	mulhu	x6,x13,x25	 x13:0xffffffe3 x25:0x00000000  x6=0x00000000
         906862	     45241	80009648	8561ca13	xori	x20,x3,-1962	  x3:0x00000000 x20=0xfffff856
         907062	     45251	8000964c	002a6433	or	x8,x20,x2	 x20:0xfffff856  x2:0x80021e30  x8=0xfffffe76
         907082	     45252	80009650	022a1163	bne	x20,x2,80009672	 x20:0xfffff856  x2:0x80021e30
         907882	     45292	80009672	cb86cb13	xori	x22,x13,-840	 x13:0xffffffe3 x22=0x0000035b
         907902	     45293	80009676	8f89	c.sub	x15,x10	 x15:0xaec6a5be x10:0xffc00000 x15=0xaf06a5be
         907942	     45295	80009678	03ca1a33	mulh	x20,x20,x28	 x20:0xfffff856 x28:0x00000816 x20=0xffffffff
         907962	     45296	8000967c	34011a73	csrrw	x20,mscratch,x2	  x2:0x80021e30 x20=0xffffffe1
         908062	     45301	80009680	000986b3	add	x13,x19,x0	 x19:0xffffffff  x0:0x00000000 x13=0xffffffff
         908142	     45305	80009684	91974c13	xori	x24,x14,-1767	 x14:0x00000000 x24=0xfffff919
         908182	     45307	80009688	3c12e293	ori	x5,x5,961	  x5:0x00000000  x5=0x000003c1
         908322	     45314	8000968c	0389a7b3	mulhsu	x15,x19,x24	 x19:0xffffffff x24:0xfffff919 x15=0xffffffff
         908602	     45328	80009690	00e83433	sltu	x8,x16,x14	 x16:0x1fffffff x14:0x00000000  x8=0x00000000
         908722	     45334	80009694	0001	c.addi	x0,0	  x0:0x00000000  x0=0x00000000
         908742	     45335	80009696	340c54f3	csrrwi	x9,mscratch,24	  x9=0x80021e30
         908982	     45347	8000969a	01d49813	slli	x16,x9,0x1d	  x9:0x80021e30 x16=0x00000000
         909022	     45349	8000969e	026522b3	mulhsu	x5,x10,x6	 x10:0xffc00000  x6:0x00000000  x5=0x00000000
         909182	     45357	800096a2	340064f3	csrrsi	x9,mscratch,0	  x9=0x00000018
         909522	     45374	800096a6	00191933	sll	x18,x18,x1	 x18:0x00000001  x1:0xffffffff x18=0x80000000
         909542	     45375	800096aa	8c79	c.and	x8,x14	  x8:0x00000000 x14:0x00000000  x8=0x00000000
         909682	     45382	800096ac	01681233	sll	x4,x16,x22	 x16:0x00000000 x22:0x0000035b  x4=0x00000000
         909762	     45386	800096b0	340ab873	csrrc	x16,mscratch,x21	 x21:0xffffffff x16=0x00000018
         909942	     45395	800096b4	4124d293	srai	x5,x9,0x12	  x9:0x00000018  x5=0x00000000
         910302	     45413	800096b8	8b22	c.mv	x22,x8	  x0:0x00000000  x8:0x00000000 x22=0x00000000
         910322	     45414	800096ba	0c45	c.addi	x24,17	 x24:0xfffff919 x24=0xfffff92a
         910342	     45415	800096bc	40e58fb3	sub	x31,x11,x14	 x11:0xffffffff x14:0x00000000 x31=0xffffffff
         910742	     45435	800096c0	a49e8c13	addi	x24,x29,-1463	 x29:0xffffffff x24=0xfffffa48
         910762	     45436	800096c4	8c62	c.mv	x24,x24	  x0:0x00000000 x24:0xfffffa48 x24=0xfffffa48
         910782	     45437	800096c6	1ae08e13	addi	x28,x1,430	  x1:0xffffffff x28=0x000001ad
         910802	     45438	800096ca	0bc2	c.slli	x23,0x10	 x23:0x00000017 x23=0x00170000
         911542	     45475	800096cc	03ca5433	divu	x8,x20,x28	 x20:0xffffffe1 x28:0x000001ad  x8=0x0098c3ba
         911562	     45476	800096d0	008a3033	sltu	x0,x20,x8	 x20:0xffffffe1  x8:0x0098c3ba  x0=0x00000000
         911582	     45477	800096d4	0001	c.addi	x0,0	  x0:0x00000000  x0=0x00000000
         911602	     45478	800096d6	002781b3	add	x3,x15,x2	 x15:0xffffffff  x2:0x80021e30  x3=0x80021e2f
         911622	     45479	800096da	02138ab3	mul	x21,x7,x1	  x7:0x80025ce4  x1:0xffffffff x21=0x7ffda31c
         912362	     45516	800096de	038577b3	remu	x15,x10,x24	 x10:0xffc00000 x24:0xfffffa48 x15=0xffc00000
         912382	     45517	800096e2	00e75e93	srli	x29,x14,0xe	 x14:0x00000000 x29=0x00000000
         912402	     45518	800096e6	0000100f	fence.i	
         912802	     45538	800096ea	03b228b3	mulhsu	x17,x4,x27	  x4:0x00000000 x27:0x0000040b x17=0x00000000
         912822	     45539	800096ee	0001	c.addi	x0,0	  x0:0x00000000  x0=0x00000000
         913562	     45576	800096f0	029afdb3	remu	x27,x21,x9	 x21:0x7ffda31c  x9:0x00000018 x27=0x00000004
         913582	     45577	800096f4	01c3ef33	or	x30,x7,x28	  x7:0x80025ce4 x28:0x000001ad x30=0x80025ded
         913602	     45578	800096f8	340e1e73	csrrw	x28,mscratch,x28	 x28:0x000001ad x28=0x00000000
         913622	     45579	800096fc	00524b63	blt	x4,x5,80009712	  x4:0x00000000  x5:0x00000000
         913722	     45584	80009700	340caff3	csrrs	x31,mscratch,x25	 x25:0x00000000 x31=0x000001ad
         913742	     45585	80009704	01acd763	bge	x25,x26,80009712	 x25:0x00000000 x26:0x00000000
         914042	     45600	80009712	34003cf3	csrrc	x25,mscratch,x0	  x0:0x00000000 x25=0x000001ad
         914062	     45601	80009716	8441	c.srai	x8,0x10	  x8:0x0098c3ba  x8=0x00000098
         914462	     45621	80009718	920a	c.add	x4,x2	  x4:0x00000000  x2:0x80021e30  x4=0x80021e30
         914482	     45622	8000971a	00a52e33	slt	x28,x10,x10	 x10:0xffc00000 x10:0xffc00000 x28=0x00000000
         915222	     45659	8000971e	0377e2b3	rem	x5,x15,x23	 x15:0xffc00000 x23:0x00170000  x5=0xffee0000
         915262	     45661	80009722	0347b033	mulhu	x0,x15,x20	 x15:0xffc00000 x20:0xffffffe1  x0=0x00000000
         915282	     45662	80009726	05546163	bltu	x8,x21,80009768	  x8:0x00000098 x21:0x7ffda31c
         915382	     45667	80009768	023928b3	mulhsu	x17,x18,x3	 x18:0x80000000  x3:0x80021e2f x17=0xbffef0e8
         915482	     45672	8000976c	3405b2f3	csrrc	x5,mscratch,x11	 x11:0xffffffff  x5=0x000001ad
         915602	     45678	80009770	e421f7b7	lui	x15,0xe421f	 x15=0xe421f000
         915622	     45679	80009774	8f4d	c.or	x14,x11	 x14:0x00000000 x11:0xffffffff x14=0xffffffff
         915642	     45680	80009776	6765	c.lui	x14,0x19	 x14=0x00019000
         915682	     45682	80009778	3d248693	addi	x13,x9,978	  x9:0x00000018 x13=0x000003ea
         915702	     45683	8000977c	41915f33	sra	x30,x2,x25	  x2:0x80021e30 x25:0x000001ad x30=0xfffc0010
         915802	     45688	80009780	41d05793	srai	x15,x0,0x1d	  x0:0x00000000 x15=0x00000000
         915962	     45696	80009784	0000100f	fence.i	
         916782	     45737	80009788	013ec263	blt	x29,x19,8000978c	 x29:0x00000000 x19:0xffffffff
         916962	     45746	8000978c	340a1773	csrrw	x14,mscratch,x20	 x20:0xffffffe1 x14=0x00000000
         917382	     45767	80009790	9912	c.add	x18,x4	 x18:0x80000000  x4:0x80021e30 x18=0x00021e30
         917402	     45768	80009792	8db9	c.xor	x11,x14	 x11:0xffffffff x14:0x00000000 x11=0xffffffff
         917662	     45781	80009794	6a2d	c.lui	x20,0xb	 x20=0x0000b000
         917682	     45782	80009796	8b0d	c.andi	x14,3	 x14:0x00000000 x14=0x00000000
         917702	     45783	80009798	86b9	c.srai	x13,0xe	 x13:0x000003ea x13=0x00000000
         917722	     45784	8000979a	42a5	c.li	x5,9	  x5=0x00000009
         917742	     45785	8000979c	40e03a13	sltiu	x20,x0,1038	  x0:0x00000000 x20=0x00000001
         917762	     45786	800097a0	8c99	c.sub	x9,x14	  x9:0x00000018 x14:0x00000000  x9=0x00000018
         917782	     45787	800097a2	4289	c.li	x5,2	  x5=0x00000002
         917982	     45797	800097a4	69f2cb93	xori	x23,x5,1695	  x5:0x00000002 x23=0x0000069d
         918002	     45798	800097a8	f842be37	lui	x28,0xf842b	 x28=0xf842b000
         918142	     45805	800097ac	00315013	srli	x0,x2,0x3	  x2:0x80021e30  x0=0x00000000
         918282	     45812	800097b0	004d3733	sltu	x14,x26,x4	 x26:0x00000000  x4:0x80021e30 x14=0x00000001
         918422	     45819	800097b4	db346313	ori	x6,x8,-589	  x8:0x00000098  x6=0xfffffdbb
         918442	     45820	800097b8	340139f3	csrrc	x19,mscratch,x2	  x2:0x80021e30 x19=0xffffffe1
         918842	     45840	800097bc	8e39	c.xor	x12,x14	 x12:0x00000000 x14:0x00000001 x12=0x00000001
         918942	     45845	800097be	01b15e63	bge	x2,x27,800097da	  x2:0x80021e30 x27:0x00000004
         918962	     45846	800097c2	80e5	c.srli	x9,0x19	  x9:0x00000018  x9=0x00000000
         919042	     45850	800097c4	8f35	c.xor	x14,x13	 x14:0x00000001 x13:0x00000000 x14=0x00000001
         919062	     45851	800097c6	8fbd	c.xor	x15,x15	 x15:0x00000000 x15:0x00000000 x15=0x00000000
         919202	     45858	800097c8	06a16713	ori	x14,x2,106	  x2:0x80021e30 x14=0x80021e7a
         919262	     45861	800097cc	8f31	c.xor	x14,x12	 x14:0x80021e7a x12:0x00000001 x14=0x80021e7b
         919442	     45870	800097ce	41a55a13	srai	x20,x10,0x1a	 x10:0xffc00000 x20=0xffffffff
         919462	     45871	800097d2	0001	c.addi	x0,0	  x0:0x00000000  x0=0x00000000
         919482	     45872	800097d4	9e1e	c.add	x28,x7	 x28:0xf842b000  x7:0x80025ce4 x28=0x78450ce4
         919502	     45873	800097d6	01a45333	srl	x6,x8,x26	  x8:0x00000098 x26:0x00000000  x6=0x00000098
         919522	     45874	800097da	03e08363	beq	x1,x30,80009800	  x1:0xffffffff x30:0xfffc0010
         919682	     45882	800097de	e3d6c993	xori	x19,x13,-451	 x13:0x00000000 x19=0xfffffe3d
         919702	     45883	800097e2	0ff0000f	fence	iorw,iorw	
         919722	     45884	800097e6	01347633	and	x12,x8,x19	  x8:0x00000098 x19:0xfffffe3d x12=0x00000018
         919742	     45885	800097ea	8f3a	c.mv	x30,x14	  x0:0x00000000 x14:0x80021e7b x30=0x80021e7b
         919762	     45886	800097ec	34045e73	csrrwi	x28,mscratch,8	 x28=0x7ffde1c1
         919782	     45887	800097f0	000c9c63	bne	x25,x0,80009808	 x25:0x000001ad  x0:0x00000000
         920562	     45926	80009808	00ad70b3	and	x1,x26,x10	 x26:0x00000000 x10:0xffc00000  x1=0x00000000
         920582	     45927	8000980c	41240233	sub	x4,x8,x18	  x8:0x00000098 x18:0x00021e30  x4=0xfffde268
         920602	     45928	80009810	402bd293	srai	x5,x23,0x2	 x23:0x0000069d  x5=0x000001a7
         920622	     45929	80009814	1132b1b7	lui	x3,0x1132b	  x3=0x1132b000
         921362	     45966	80009818	034240b3	div	x1,x4,x20	  x4:0xfffde268 x20:0xffffffff  x1=0x00021d98
         921382	     45967	8000981c	02d1f563	bgeu	x3,x13,80009846	  x3:0x1132b000 x13:0x00000000
         922462	     46021	80009846	3406db73	csrrwi	x22,mscratch,13	 x22=0x00000008
         925122	     46154	8000984a	02d8f4b3	remu	x9,x17,x13	 x17:0xbffef0e8 x13:0x00000000  x9=0xbffef0e8
         925142	     46155	8000984e	0000100f	fence.i	
         925402	     46168	80009852	e39d	c.bnez	x15,80009878	 x15:0x00000000
         925422	     46169	80009854	0000b633	sltu	x12,x1,x0	  x1:0x00021d98  x0:0x00000000 x12=0x00000000
         925522	     46174	80009858	02db0433	mul	x8,x22,x13	 x22:0x00000008 x13:0x00000000  x8=0x00000000
         925542	     46175	8000985c	02911663	bne	x2,x9,80009888	  x2:0x80021e30  x9:0xbffef0e8
         926742	     46235	80009888	00bd8f33	add	x30,x27,x11	 x27:0x00000004 x11:0xffffffff x30=0x00000003
         926762	     46236	8000988c	340d6e73	csrrsi	x28,mscratch,26	 x28=0x0000000d
         927182	     46257	80009890	83beb693	sltiu	x13,x29,-1989	 x29:0x00000000 x13=0x00000001
         927342	     46265	80009894	02c10363	beq	x2,x12,800098ba	  x2:0x80021e30 x12:0x00000000
         927362	     46266	80009898	019f9b33	sll	x22,x31,x25	 x31:0x000001ad x25:0x000001ad x22=0x0035a000
         927442	     46270	8000989c	ec8d	c.bnez	x9,800098d6	  x9:0xbffef0e8
         927962	     46296	800098d6	008bcb63	blt	x23,x8,800098ec	 x23:0x0000069d  x8:0x00000000
         928182	     46307	800098da	013dfc63	bgeu	x27,x19,800098f2	 x27:0x00000004 x19:0xfffffe3d
         928202	     46308	800098de	0ff0000f	fence	iorw,iorw	
         928222	     46309	800098e2	8135	c.srli	x10,0xd	 x10:0xffc00000 x10=0x0007fe00
         929142	     46355	800098e4	0250e633	rem	x12,x1,x5	  x1:0x00021d98  x5:0x000001a7 x12=0x00000147
         929162	     46356	800098e8	a9397913	andi	x18,x18,-1389	 x18:0x00021e30 x18=0x00021a10
         929182	     46357	800098ec	bca5fd93	andi	x27,x11,-1078	 x11:0xffffffff x27=0xfffffbca
         929202	     46358	800098f0	833d	c.srli	x14,0xf	 x14:0x80021e7b x14=0x00010004
         929302	     46363	800098f2	340aea73	csrrsi	x20,mscratch,21	 x20=0x0000001f
         929402	     46368	800098f6	3407adf3	csrrs	x27,mscratch,x15	 x15:0x00000000 x27=0x0000001f
         929622	     46379	800098fa	eb3998b7	lui	x17,0xeb399	 x17=0xeb399000
         929742	     46385	800098fe	34036773	csrrsi	x14,mscratch,6	 x14=0x0000001f
         929762	     46386	80009902	8dad	c.xor	x11,x11	 x11:0xffffffff x11:0xffffffff x11=0x00000000
         929782	     46387	80009904	0001	c.addi	x0,0	  x0:0x00000000  x0=0x00000000
         929802	     46388	80009906	035989b3	mul	x19,x19,x21	 x19:0xfffffe3d x21:0x7ffda31c x19=0x8429a5ac
         930682	     46432	8000990a	0277c5b3	div	x11,x15,x7	 x15:0x00000000  x7:0x80025ce4 x11=0x00000000
         930702	     46433	8000990e	023adf63	bge	x21,x3,8000994c	 x21:0x7ffda31c  x3:0x1132b000
         931622	     46479	8000994c	0001	c.addi	x0,0	  x0:0x00000000  x0=0x00000000
         932042	     46500	8000994e	df43e013	ori	x0,x7,-524	  x7:0x80025ce4  x0=0x00000000
         932062	     46501	80009952	34022ff3	csrrs	x31,mscratch,x4	  x4:0xfffde268 x31=0x0000001f
         932482	     46522	80009956	017cd9b3	srl	x19,x25,x23	 x25:0x000001ad x23:0x0000069d x19=0x00000000
         932502	     46523	8000995a	004ec2b3	xor	x5,x29,x4	 x29:0x00000000  x4:0xfffde268  x5=0xfffde268
         932582	     46527	8000995e	00ad4eb3	xor	x29,x26,x10	 x26:0x00000000 x10:0x0007fe00 x29=0x0007fe00
         932642	     46530	80009962	00b30863	beq	x6,x11,80009972	  x6:0x00000098 x11:0x00000000
         932802	     46538	80009966	000ade33	srl	x28,x21,x0	 x21:0x7ffda31c  x0:0x00000000 x28=0x7ffda31c
         933542	     46575	8000996a	037c7fb3	remu	x31,x24,x23	 x24:0xfffffa48 x23:0x0000069d x31=0x00000388
         933562	     46576	8000996e	34057973	csrrci	x18,mscratch,10	 x18=0xfffde27f
         933582	     46577	80009972	340028f3	csrrs	x17,mscratch,x0	  x0:0x00000000 x17=0xfffde275
         933602	     46578	80009976	027a0463	beq	x20,x7,8000999e	 x20:0x0000001f  x7:0x80025ce4
         933622	     46579	8000997a	1e0779b7	lui	x19,0x1e077	 x19=0x1e077000
         933642	     46580	8000997e	8f49	c.or	x14,x10	 x14:0x0000001f x10:0x0007fe00 x14=0x0007fe1f
         933662	     46581	80009980	02b38733	mul	x14,x7,x11	  x7:0x80025ce4 x11:0x00000000 x14=0x00000000
         933682	     46582	80009984	e089	c.bnez	x9,80009986	  x9:0xbffef0e8
         934322	     46614	80009986	34007073	csrrci	x0,mscratch,0	  x0=0x00000000
         934342	     46615	8000998a	01256a63	bltu	x10,x18,8000999e	 x10:0x0007fe00 x18:0xfffde27f
         934762	     46636	8000999e	034428b3	mulhsu	x17,x8,x20	  x8:0x00000000 x20:0x0000001f x17=0x00000000
         934782	     46637	800099a2	005a27b3	slt	x15,x20,x5	 x20:0x0000001f  x5:0xfffde268 x15=0x00000000
         934962	     46646	800099a6	0333bbb3	mulhu	x23,x7,x19	  x7:0x80025ce4 x19:0x1e077000 x23=0x0f03fef4
         934982	     46647	800099aa	547d	c.li	x8,-1	  x8=0xffffffff
         935002	     46648	800099ac	8585	c.srai	x11,0x1	 x11:0x00000000 x11=0x00000000
         935082	     46652	800099ae	be48f813	andi	x16,x17,-1052	 x17:0x00000000 x16=0x00000000
         935142	     46655	800099b2	34066573	csrrsi	x10,mscratch,12	 x10=0xfffde275
         935202	     46658	800099b6	a095ef37	lui	x30,0xa095e	 x30=0xa095e000
         935222	     46659	800099ba	82d5	c.srli	x13,0x15	 x13:0x00000001 x13=0x00000000
         935422	     46669	800099bc	340077f3	csrrci	x15,mscratch,0	 x15=0xfffde27d
         935442	     46670	800099c0	2fa91eb7	lui	x29,0x2fa91	 x29=0x2fa91000
         935462	     46671	800099c4	4044d693	srai	x13,x9,0x4	  x9:0xbffef0e8 x13=0xfbffef0e
         935502	     46673	800099c8	4164dc13	srai	x24,x9,0x16	  x9:0xbffef0e8 x24=0xfffffeff
         935522	     46674	800099cc	340c15f3	csrrw	x11,mscratch,x24	 x24:0xfffffeff x11=0xfffde27d
         935562	     46676	800099d0	41cd8833	sub	x16,x27,x28	 x27:0x0000001f x28:0x7ffda31c x16=0x80025d03
         935782	     46687	800099d4	340a9573	csrrw	x10,mscratch,x21	 x21:0x7ffda31c x10=0xfffffeff
         936022	     46699	800099d8	039112b3	mulh	x5,x2,x25	  x2:0x80021e30 x25:0x000001ad  x5=0xffffff29
         936042	     46700	800099dc	0000100f	fence.i	
         936502	     46723	800099e0	03b5acb3	mulhsu	x25,x11,x27	 x11:0xfffde27d x27:0x0000001f x25=0xffffffff
         936922	     46744	800099e4	03d2bcb3	mulhu	x25,x5,x29	  x5:0xffffff29 x29:0x2fa91000 x25=0x2fa90fd7
         936942	     46745	800099e8	1efd	c.addi	x29,-1	 x29:0x2fa91000 x29=0x2fa90fff
         937282	     46762	800099ea	b158d537	lui	x10,0xb158d	 x10=0xb158d000
         937442	     46770	800099ee	dc744993	xori	x19,x8,-569	  x8:0xffffffff x19=0x00000238
         938202	     46808	800099f2	032374b3	remu	x9,x6,x18	  x6:0x00000098 x18:0xfffde27f  x9=0x00000098
         938222	     46809	800099f6	01eaacb3	slt	x25,x21,x30	 x21:0x7ffda31c x30:0xa095e000 x25=0x00000000
         938262	     46811	800099fa	033d2933	mulhsu	x18,x26,x19	 x26:0x00000000 x19:0x00000238 x18=0x00000000
         938282	     46812	800099fe	000880b3	add	x1,x17,x0	 x17:0x00000000  x0:0x00000000  x1=0x00000000
         939022	     46849	80009a02	0242ecb3	rem	x25,x5,x4	  x5:0xffffff29  x4:0xfffde268 x25=0xffffff29
         939042	     46850	80009a06	a4f74a93	xori	x21,x14,-1457	 x14:0x00000000 x21=0xfffffa4f
         939062	     46851	80009a0a	59fd	c.li	x19,-1	 x19=0xffffffff
         939082	     46852	80009a0c	036dde63	bge	x27,x22,80009a48	 x27:0x0000001f x22:0x0035a000
         939102	     46853	80009a10	3405df73	csrrwi	x30,mscratch,11	 x30=0x7ffda31c
         939122	     46854	80009a14	b5e7df97	auipc	x31,0xb5e7d	 x31=0x35e86a14
         939142	     46855	80009a18	8f55	c.or	x14,x13	 x14:0x00000000 x13:0xfbffef0e x14=0xfbffef0e
         939162	     46856	80009a1a	08d2	c.slli	x17,0x14	 x17:0x00000000 x17=0x00000000
         939182	     46857	80009a1c	40c35013	srai	x0,x6,0xc	  x6:0x00000098  x0=0x00000000
         939402	     46868	80009a20	034b8f33	mul	x30,x23,x20	 x23:0x0f03fef4 x20:0x0000001f x30=0xd17bdf8c
         939422	     46869	80009a24	0001	c.addi	x0,0	  x0:0x00000000  x0=0x00000000
         939442	     46870	80009a26	8536	c.mv	x10,x13	  x0:0x00000000 x13:0xfbffef0e x10=0xfbffef0e
         939462	     46871	80009a28	e105	c.bnez	x10,80009a48	 x10:0xfbffef0e
         939642	     46880	80009a48	06fa	c.slli	x13,0x1e	 x13:0xfbffef0e x13=0x80000000
         939662	     46881	80009a4a	03fd9a63	bne	x27,x31,80009a7e	 x27:0x0000001f x31:0x35e86a14
         940622	     46929	80009a7e	02d93fb3	mulhu	x31,x18,x13	 x18:0x00000000 x13:0x80000000 x31=0x00000000
         940862	     46941	80009a82	d9d74e93	xori	x29,x14,-611	 x14:0xfbffef0e x29=0x04001293
         940882	     46942	80009a86	4cfebf93	sltiu	x31,x29,1231	 x29:0x04001293 x31=0x00000000
         940902	     46943	80009a8a	40dedc33	sra	x24,x29,x13	 x29:0x04001293 x13:0x80000000 x24=0x04001293
         940922	     46944	80009a8e	8f21	c.xor	x14,x8	 x14:0xfbffef0e  x8:0xffffffff x14=0x040010f1
         940942	     46945	80009a90	0526	c.slli	x10,0x9	 x10:0xfbffef0e x10=0xffde1c00
         940962	     46946	80009a92	547b0213	addi	x4,x22,1351	 x22:0x0035a000  x4=0x0035a547
         941582	     46977	80009a96	340810f3	csrrw	x1,mscratch,x16	 x16:0x80025d03  x1=0x0000000b
         941602	     46978	80009a9a	4535	c.li	x10,13	 x10=0x0000000d
         941622	     46979	80009a9c	0001	c.addi	x0,0	  x0:0x00000000  x0=0x00000000
         941642	     46980	80009a9e	6205	c.lui	x4,0x1	  x4=0x00001000
         941782	     46987	80009aa0	8792	c.mv	x15,x4	  x0:0x00000000  x4:0x00001000 x15=0x00001000
         942202	     47008	80009aa2	000a3fb3	sltu	x31,x20,x0	 x20:0x0000001f  x0:0x00000000 x31=0x00000000
         942622	     47029	80009aa6	88237717	auipc	x14,0x88237	 x14=0x08240aa6
         942702	     47033	80009aaa	fe902793	slti	x15,x0,-23	  x0:0x00000000 x15=0x00000000
         942722	     47034	80009aae	cf85	c.beqz	x15,80009ae6	 x15:0x00000000
         943102	     47053	80009ae6	478d	c.li	x15,3	 x15=0x00000003
         943542	     47075	80009ae8	0508c063	blt	x17,x16,80009b28	 x17:0x00000000 x16:0x80025d03
         943922	     47094	80009aec	6c79	c.lui	x24,0x1e	 x24=0x0001e000
         944182	     47107	80009aee	015df763	bgeu	x27,x21,80009afc	 x27:0x0000001f x21:0xfffffa4f
         944202	     47108	80009af2	007a2fb3	slt	x31,x20,x7	 x20:0x0000001f  x7:0x80025ce4 x31=0x00000000
         944222	     47109	80009af6	0001	c.addi	x0,0	  x0:0x00000000  x0=0x00000000
         944242	     47110	80009af8	00c73c33	sltu	x24,x14,x12	 x14:0x08240aa6 x12:0x00000147 x24=0x00000000
         944502	     47123	80009afc	00749a33	sll	x20,x9,x7	  x9:0x00000098  x7:0x80025ce4 x20=0x00000980
         944782	     47137	80009b00	340062f3	csrrsi	x5,mscratch,0	  x5=0x80025d03
         944862	     47141	80009b04	7ce08f13	addi	x30,x1,1998	  x1:0x0000000b x30=0x000007d9
         944882	     47142	80009b08	011efdb3	and	x27,x29,x17	 x29:0x04001293 x17:0x00000000 x27=0x00000000
         945622	     47179	80009b0c	0257f1b3	remu	x3,x15,x5	 x15:0x00000003  x5:0x80025d03  x3=0x00000003
         958062	     47801	80009b10	0174c9b3	xor	x19,x9,x23	  x9:0x00000098 x23:0x0f03fef4 x19=0x0f03fe6c
         958102	     47803	80009b14	03c418b3	mulh	x17,x8,x28	  x8:0xffffffff x28:0x7ffda31c x17=0xffffffff
         958122	     47804	80009b18	0341	c.addi	x6,16	  x6:0x00000098  x6=0x000000a8
         958142	     47805	80009b1a	34012ef3	csrrs	x29,mscratch,x2	  x2:0x80021e30 x29=0x80025d03
         958162	     47806	80009b1e	81e1	c.srli	x11,0x18	 x11:0xfffde27d x11=0x000000ff
         958902	     47843	80009b20	03d7e5b3	rem	x11,x15,x29	 x15:0x00000003 x29:0x80025d03 x11=0x00000003
         958922	     47844	80009b24	0c8d	c.addi	x25,3	 x25:0xffffff29 x25=0xffffff2c
         958942	     47845	80009b26	4681	c.li	x13,0	 x13=0x00000000
         958962	     47846	80009b28	177d	c.addi	x14,-1	 x14:0x08240aa6 x14=0x08240aa5
         958982	     47847	80009b2a	65fd	c.lui	x11,0x1f	 x11=0x0001f000
         959002	     47848	80009b2c	cd89	c.beqz	x11,80009b46	 x11:0x0001f000
         959022	     47849	80009b2e	00c918b3	sll	x17,x18,x12	 x18:0x00000000 x12:0x00000147 x17=0x00000000
         959042	     47850	80009b32	ba796a93	ori	x21,x18,-1113	 x18:0x00000000 x21=0xfffffba7
         959062	     47851	80009b36	0001	c.addi	x0,0	  x0:0x00000000  x0=0x00000000
         959802	     47888	80009b38	0374f6b3	remu	x13,x9,x23	  x9:0x00000098 x23:0x0f03fef4 x13=0x00000098
         959822	     47889	80009b3c	8f15	c.sub	x14,x13	 x14:0x08240aa5 x13:0x00000098 x14=0x08240a0d
         959842	     47890	80009b3e	01e41b93	slli	x23,x8,0x1e	  x8:0xffffffff x23=0xc0000000
         959862	     47891	80009b42	7a5e8937	lui	x18,0x7a5e8	 x18=0x7a5e8000
         960602	     47928	80009b46	036f6833	rem	x16,x30,x22	 x30:0x000007d9 x22:0x0035a000 x16=0x000007d9
         961342	     47965	80009b4a	03e3d1b3	divu	x3,x7,x30	  x7:0x80025ce4 x30:0x000007d9  x3=0x00104fd0
         961362	     47966	80009b4e	881d	c.andi	x8,7	  x8:0xffffffff  x8=0x00000007
         961382	     47967	80009b50	17fd	c.addi	x15,-1	 x15:0x00000003 x15=0x00000002
         961402	     47968	80009b52	00b70fb3	add	x31,x14,x11	 x14:0x08240a0d x11:0x0001f000 x31=0x0825fa0d
         961422	     47969	80009b56	01af5263	bge	x30,x26,80009b5a	 x30:0x000007d9 x26:0x00000000
         961462	     47971	80009b5a	8cc5	c.or	x9,x9	  x9:0x00000098  x9:0x00000098  x9=0x00000098
         961482	     47972	80009b5c	577d	c.li	x14,-1	 x14=0xffffffff
         961502	     47973	80009b5e	c75cb237	lui	x4,0xc75cb	  x4=0xc75cb000
         961522	     47974	80009b62	014750b3	srl	x1,x14,x20	 x14:0xffffffff x20:0x00000980  x1=0xffffffff
         961922	     47994	80009b66	001f44b3	xor	x9,x30,x1	 x30:0x000007d9  x1:0xffffffff  x9=0xfffff826
         961942	     47995	80009b6a	8e3d	c.xor	x12,x15	 x12:0x00000147 x15:0x00000002 x12=0x00000145
         961962	     47996	80009b6c	014d3933	sltu	x18,x26,x20	 x26:0x00000000 x20:0x00000980 x18=0x00000001
         962362	     48016	80009b70	4a5d	c.li	x20,23	 x20=0x00000017
         962462	     48021	80009b72	01394733	xor	x14,x18,x19	 x18:0x00000001 x19:0x0f03fe6c x14=0x0f03fe6d
         962482	     48022	80009b76	46a9	c.li	x13,10	 x13=0x0000000a
         962502	     48023	80009b78	82d9	c.srli	x13,0x16	 x13:0x0000000a x13=0x00000000
         962522	     48024	80009b7a	004dceb3	xor	x29,x27,x4	 x27:0x00000000  x4:0xc75cb000 x29=0xc75cb000
         962542	     48025	80009b7e	8e31	c.xor	x12,x12	 x12:0x00000145 x12:0x00000145 x12=0x00000000
         962562	     48026	80009b80	c121a213	slti	x4,x3,-1006	  x3:0x00104fd0  x4=0x00000000
         962582	     48027	80009b84	69c1	c.lui	x19,0x10	 x19=0x00010000
         962602	     48028	80009b86	34056573	csrrsi	x10,mscratch,10	 x10=0x80025f33
         962622	     48029	80009b8a	0f65	c.addi	x30,25	 x30:0x000007d9 x30=0x000007f2
         962662	     48031	80009b8c	01da	c.slli	x3,0x16	  x3:0x00104fd0  x3=0xf4000000
         962682	     48032	80009b8e	9bfd	c.andi	x15,-1	 x15:0x00000002 x15=0x00000002
         963022	     48049	80009b90	34012bf3	csrrs	x23,mscratch,x2	  x2:0x80021e30 x23=0x80025f3b
         963062	     48051	80009b94	cedaf537	lui	x10,0xcedaf	 x10=0xcedaf000
         963162	     48056	80009b98	021934b3	mulhu	x9,x18,x1	 x18:0x00000001  x1:0xffffffff  x9=0x00000000
         963182	     48057	80009b9c	00ed4733	xor	x14,x26,x14	 x26:0x00000000 x14:0x0f03fe6d x14=0x0f03fe6d
         963582	     48077	80009ba0	0ff0000f	fence	iorw,iorw	
         963602	     48078	80009ba4	648d	c.lui	x9,0x3	  x9=0x00003000
         963782	     48087	80009ba6	04b4d063	bge	x9,x11,80009be6	  x9:0x00003000 x11:0x0001f000
         963962	     48096	80009baa	020ffbb3	remu	x23,x31,x0	 x31:0x0825fa0d  x0:0x00000000 x23=0x0825fa0d
         964702	     48133	80009bae	035c4733	div	x14,x24,x21	 x24:0x00000000 x21:0xfffffba7 x14=0x00000000
         964722	     48134	80009bb2	8c45	c.or	x8,x9	  x8:0x00000007  x9:0x00003000  x8=0x00003007
         964742	     48135	80009bb4	00ee9863	bne	x29,x14,80009bc4	 x29:0xc75cb000 x14:0x00000000
         964782	     48137	80009bc4	01871693	slli	x13,x14,0x18	 x14:0x00000000 x13=0x00000000
         965262	     48161	80009bc8	54eb3c13	sltiu	x24,x22,1358	 x22:0x0035a000 x24=0x00000000
         966002	     48198	80009bcc	0293e033	rem	x0,x7,x9	  x7:0x80025ce4  x9:0x00003000  x0=0x00000000
         966022	     48199	80009bd0	69c92213	slti	x4,x18,1692	 x18:0x00000001  x4=0x00000001
         966042	     48200	80009bd4	01abc9b3	xor	x19,x23,x26	 x23:0x0825fa0d x26:0x00000000 x19=0x0825fa0d
         966062	     48201	80009bd8	82e9	c.srli	x13,0x1a	 x13:0x00000000 x13=0x00000000
         966082	     48202	80009bda	2b36c797	auipc	x15,0x2b36c	 x15=0xab375bda
         966102	     48203	80009bde	01c631b3	sltu	x3,x12,x28	 x12:0x00000000 x28:0x7ffda31c  x3=0x00000001
         966122	     48204	80009be2	cf813d93	sltiu	x27,x2,-776	  x2:0x80021e30 x27=0x00000001
         966162	     48206	80009be6	00c900b3	add	x1,x18,x12	 x18:0x00000001 x12:0x00000000  x1=0x00000001
         966182	     48207	80009bea	0000100f	fence.i	
         966442	     48220	80009bee	c911	c.beqz	x10,80009c02	 x10:0xcedaf000
         966462	     48221	80009bf0	40a2d1b3	sra	x3,x5,x10	  x5:0x80025d03 x10:0xcedaf000  x3=0x80025d03
         966482	     48222	80009bf4	418bd893	srai	x17,x23,0x18	 x23:0x0825fa0d x17=0x00000008
         966502	     48223	80009bf8	00e5c333	xor	x6,x11,x14	 x11:0x0001f000 x14:0x00000000  x6=0x0001f000
         967362	     48266	80009bfc	02196bb3	rem	x23,x18,x1	 x18:0x00000001  x1:0x00000001 x23=0x00000000
         967382	     48267	80009c00	874d	c.srai	x14,0x13	 x14:0x00000000 x14=0x00000000
         967402	     48268	80009c02	9853ca93	xori	x21,x7,-1659	  x7:0x80025ce4 x21=0x7ffda561
         967422	     48269	80009c06	8c76	c.mv	x24,x29	  x0:0x00000000 x29:0xc75cb000 x24=0xc75cb000
         967442	     48270	80009c08	8d9d	c.sub	x11,x15	 x11:0x0001f000 x15:0xab375bda x11=0x54ca9426
         967462	     48271	80009c0a	51029b17	auipc	x22,0x51029	 x22=0xd1032c0a
         967482	     48272	80009c0e	34002e73	csrrs	x28,mscratch,x0	  x0:0x00000000 x28=0x80025f3b
         967502	     48273	80009c12	013babb3	slt	x23,x23,x19	 x23:0x00000000 x19:0x0825fa0d x23=0x00000001
         967782	     48287	80009c16	d1ad6193	ori	x3,x26,-742	 x26:0x00000000  x3=0xfffffd1a
         967802	     48288	80009c1a	828a	c.mv	x5,x2	  x0:0x00000000  x2:0x80021e30  x5=0x80021e30
         967962	     48296	80009c1c	6da5	c.lui	x27,0x9	 x27=0x00009000
         967982	     48297	80009c1e	c205	c.beqz	x12,80009c3e	 x12:0x00000000
         968942	     48345	80009c3e	028046b3	div	x13,x0,x8	  x0:0x00000000  x8:0x00003007 x13=0x00000000
         968962	     48346	80009c42	34049df3	csrrw	x27,mscratch,x9	  x9:0x00003000 x27=0x80025f3b
         968982	     48347	80009c46	00d79633	sll	x12,x15,x13	 x15:0xab375bda x13:0x00000000 x12=0xab375bda
         969002	     48348	80009c4a	01d6b733	sltu	x14,x13,x29	 x13:0x00000000 x29:0xc75cb000 x14=0x00000001
         969022	     48349	80009c4e	40ac0bb3	sub	x23,x24,x10	 x24:0xc75cb000 x10:0xcedaf000 x23=0xf881c000
         969042	     48350	80009c52	8c31	c.xor	x8,x12	  x8:0x00003007 x12:0xab375bda  x8=0xab376bdd
         969062	     48351	80009c54	e60d	c.bnez	x12,80009c7e	 x12:0xab375bda
         969142	     48355	80009c7e	0001	c.addi	x0,0	  x0:0x00000000  x0=0x00000000
         969962	     48396	80009c80	0227da33	divu	x20,x15,x2	 x15:0xab375bda  x2:0x80021e30 x20=0x00000001
         969982	     48397	80009c84	0000100f	fence.i	
         970062	     48401	80009c88	e995	c.bnez	x11,80009cbc	 x11:0x54ca9426
         970302	     48413	80009cbc	41b1d213	srai	x4,x3,0x1b	  x3:0xfffffd1a  x4=0xffffffff
         970322	     48414	80009cc0	8d85	c.sub	x11,x9	 x11:0x54ca9426  x9:0x00003000 x11=0x54ca6426
         970342	     48415	80009cc2	01875233	srl	x4,x14,x24	 x14:0x00000001 x24:0xc75cb000  x4=0x00000001
         970362	     48416	80009cc6	0c4a	c.slli	x24,0x12	 x24:0xc75cb000 x24=0xc0000000
         970382	     48417	80009cc8	01978963	beq	x15,x25,80009cda	 x15:0xab375bda x25:0xffffff2c
         970402	     48418	80009ccc	8931	c.andi	x10,12	 x10:0xcedaf000 x10=0x00000000
         970422	     48419	80009cce	0561	c.addi	x10,24	 x10:0x00000000 x10=0x00000018
         970602	     48428	80009cd0	02161833	mulh	x16,x12,x1	 x12:0xab375bda  x1:0x00000001 x16=0xffffffff
         970662	     48431	80009cd4	66e9	c.lui	x13,0x1a	 x13=0x0001a000
         970682	     48432	80009cd6	0001	c.addi	x0,0	  x0:0x00000000  x0=0x00000000
         970702	     48433	80009cd8	0001	c.addi	x0,0	  x0:0x00000000  x0=0x00000000
         970842	     48440	80009cda	0170a1b3	slt	x3,x1,x23	  x1:0x00000001 x23:0xf881c000  x3=0x00000000
         971022	     48449	80009cde	05d98163	beq	x19,x29,80009d20	 x19:0x0825fa0d x29:0xc75cb000
         971062	     48451	80009ce2	01515b13	srli	x22,x2,0x15	  x2:0x80021e30 x22=0x00000400
         971082	     48452	80009ce6	9a7d	c.andi	x12,-1	 x12:0xab375bda x12=0xab375bda
         971102	     48453	80009ce8	02256263	bltu	x10,x2,80009d0c	 x10:0x00000018  x2:0x80021e30
         971442	     48470	80009d0c	80d9	c.srli	x9,0x16	  x9:0x00003000  x9=0x00000000
         971502	     48473	80009d0e	0ff0000f	fence	iorw,iorw	
         971522	     48474	80009d12	41f0db33	sra	x22,x1,x31	  x1:0x00000001 x31:0x0825fa0d x22=0x00000000
         971542	     48475	80009d16	e60d	c.bnez	x12,80009d40	 x12:0xab375bda
         972082	     48502	80009d40	0118ca63	blt	x17,x17,80009d54	 x17:0x00000008 x17:0x00000008
         972122	     48504	80009d44	0291e9b3	rem	x19,x3,x9	  x3:0x00000000  x9:0x00000000 x19=0x00000000
         972142	     48505	80009d48	c801	c.beqz	x8,80009d58	  x8:0xab376bdd
         972162	     48506	80009d4a	01b9c433	xor	x8,x19,x27	 x19:0x00000000 x27:0x80025f3b  x8=0x80025f3b
         972182	     48507	80009d4e	340d5373	csrrwi	x6,mscratch,26	  x6=0x00003000
         972202	     48508	80009d52	86e1	c.srai	x13,0x18	 x13:0x0001a000 x13=0x00000000
         972382	     48517	80009d54	020e71b3	remu	x3,x28,x0	 x28:0x80025f3b  x0:0x00000000  x3=0x80025f3b
         972402	     48518	80009d58	92ce	c.add	x5,x19	  x5:0x80021e30 x19:0x00000000  x5=0x80021e30
         972422	     48519	80009d5a	0186	c.slli	x3,0x1	  x3:0x80025f3b  x3=0x0004be76
         972442	     48520	80009d5c	8d79	c.and	x10,x14	 x10:0x00000018 x14:0x00000001 x10=0x00000000
         972462	     48521	80009d5e	02128e63	beq	x5,x1,80009d9a	  x5:0x80021e30  x1:0x00000001
         972482	     48522	80009d62	0ff0000f	fence	iorw,iorw	
         972882	     48542	80009d66	03b3e763	bltu	x7,x27,80009d94	  x7:0x80025ce4 x27:0x80025f3b
         973582	     48577	80009d94	e089	c.bnez	x9,80009d96	  x9:0x00000000
         973742	     48585	80009d96	03674633	div	x12,x14,x22	 x14:0x00000001 x22:0x00000000 x12=0xffffffff
         973762	     48586	80009d9a	20747813	andi	x16,x8,519	  x8:0x80025f3b x16=0x00000203
         973802	     48588	80009d9e	0061e6b3	or	x13,x3,x6	  x3:0x0004be76  x6:0x00003000 x13=0x0004be76
         973822	     48589	80009da2	0001	c.addi	x0,0	  x0:0x00000000  x0=0x00000000
         974942	     48645	80009da4	0376c0b3	div	x1,x13,x23	 x13:0x0004be76 x23:0xf881c000  x1=0x00000000
         974982	     48647	80009da8	03b1b933	mulhu	x18,x3,x27	  x3:0x0004be76 x27:0x80025f3b x18=0x00025f46
         975002	     48648	80009dac	0a9e	c.slli	x21,0x7	 x21:0x7ffda561 x21=0xfed2b080
         975022	     48649	80009dae	8e15	c.sub	x12,x13	 x12:0xffffffff x13:0x0004be76 x12=0xfffb4189
         975042	     48650	80009db0	d7b50f37	lui	x30,0xd7b50	 x30=0xd7b50000
         975062	     48651	80009db4	0001	c.addi	x0,0	  x0:0x00000000  x0=0x00000000
         975082	     48652	80009db6	8f084b93	xori	x23,x16,-1808	 x16:0x00000203 x23=0xfffffaf3
         975102	     48653	80009dba	01c81493	slli	x9,x16,0x1c	 x16:0x00000203  x9=0x30000000
         975282	     48662	80009dbe	34003473	csrrc	x8,mscratch,x0	  x0:0x00000000  x8=0x0000001a
         975322	     48664	80009dc2	03615ab3	divu	x21,x2,x22	  x2:0x80021e30 x22:0x00000000 x21=0xffffffff
         975422	     48669	80009dc6	029acf63	blt	x21,x9,80009e04	 x21:0xffffffff  x9:0x30000000
         975722	     48684	80009e04	fcac3093	sltiu	x1,x24,-54	 x24:0xc0000000  x1=0x00000001
         975942	     48695	80009e08	4024db93	srai	x23,x9,0x2	  x9:0x30000000 x23=0x0c000000
         975962	     48696	80009e0c	00a3bab3	sltu	x21,x7,x10	  x7:0x80025ce4 x10:0x00000000 x21=0x00000000
         976042	     48700	80009e10	164fca13	xori	x20,x31,356	 x31:0x0825fa0d x20=0x0825fb69
         976062	     48701	80009e14	0ff0000f	fence	iorw,iorw	
         976202	     48708	80009e18	340911f3	csrrw	x3,mscratch,x18	 x18:0x00025f46  x3=0x0000001a
         976302	     48713	80009e1c	3405b673	csrrc	x12,mscratch,x11	 x11:0x54ca6426 x12=0x00025f46
         976422	     48719	80009e20	02785a63	bge	x16,x7,80009e54	 x16:0x00000203  x7:0x80025ce4
         976822	     48739	80009e54	02b18663	beq	x3,x11,80009e80	  x3:0x0000001a x11:0x54ca6426
         976942	     48745	80009e58	01774033	xor	x0,x14,x23	 x14:0x00000001 x23:0x0c000000  x0=0x00000000
         976962	     48746	80009e5c	0000100f	fence.i	
         977642	     48780	80009e60	81de	c.mv	x3,x23	  x0:0x00000000 x23:0x0c000000  x3=0x0c000000
         977662	     48781	80009e62	41755f93	srai	x31,x10,0x17	 x10:0x00000000 x31=0x00000000
         977702	     48783	80009e66	02583b33	mulhu	x22,x16,x5	 x16:0x00000203  x5:0x80021e30 x22=0x00000101
         977722	     48784	80009e6a	0671f2b7	lui	x5,0x671f	  x5=0x0671f000
         977742	     48785	80009e6e	8e81	c.sub	x13,x8	 x13:0x0004be76  x8:0x0000001a x13=0x0004be5c
         977762	     48786	80009e70	7a2c3893	sltiu	x17,x24,1954	 x24:0xc0000000 x17=0x00000000
         977802	     48788	80009e74	02002633	mulhsu	x12,x0,x0	  x0:0x00000000  x0:0x00000000 x12=0x00000000
         977822	     48789	80009e78	fca6e013	ori	x0,x13,-54	 x13:0x0004be5c  x0=0x00000000
         977842	     48790	80009e7c	01f49513	slli	x10,x9,0x1f	  x9:0x30000000 x10=0x00000000
         977862	     48791	80009e80	0000100f	fence.i	
         978382	     48817	80009e84	807d	c.srli	x8,0x1f	  x8:0x0000001a  x8=0x00000000
         978502	     48823	80009e86	40948fb3	sub	x31,x9,x9	  x9:0x30000000  x9:0x30000000 x31=0x00000000
         978622	     48829	80009e8a	0db17013	andi	x0,x2,219	  x2:0x80021e30  x0=0x00000000
         978642	     48830	80009e8e	9f6e	c.add	x30,x27	 x30:0xd7b50000 x27:0x80025f3b x30=0x57b75f3b
         978822	     48839	80009e90	340e79f3	csrrci	x19,mscratch,28	 x19=0x00001b40
         979082	     48852	80009e94	340030f3	csrrc	x1,mscratch,x0	  x0:0x00000000  x1=0x00001b40
         979102	     48853	80009e98	6625	c.lui	x12,0x9	 x12=0x00009000
         979122	     48854	80009e9a	e9227e13	andi	x28,x4,-366	  x4:0x00000001 x28=0x00000000
         979302	     48863	80009e9e	340a5af3	csrrwi	x21,mscratch,20	 x21=0x00001b40
         979662	     48881	80009ea2	03f55863	bge	x10,x31,80009ed2	 x10:0x00000000 x31:0x00000000
        1004462	     50121	80009ed2	c089	c.beqz	x9,80009ed4	  x9:0x30000000
        1004482	     50122	80009ed4	340fecf3	csrrsi	x25,mscratch,31	 x25=0x00000014
        1004502	     50123	80009ed8	80e5	c.srli	x9,0x19	  x9:0x30000000  x9=0x00000018
        1004522	     50124	80009eda	4f2d	c.li	x30,11	 x30=0x0000000b
        1004542	     50125	80009edc	34006b73	csrrsi	x22,mscratch,0	 x22=0x0000001f
        1004562	     50126	80009ee0	34003373	csrrc	x6,mscratch,x0	  x0:0x00000000  x6=0x0000001f
        1005682	     50182	80009ee4	037b6db3	rem	x27,x22,x23	 x22:0x0000001f x23:0x0c000000 x27=0x0000001f
        1005702	     50183	80009ee8	03f85563	bge	x16,x31,80009f12	 x16:0x00000203 x31:0x00000000
        1006082	     50202	80009f12	00ca9e33	sll	x28,x21,x12	 x21:0x00001b40 x12:0x00009000 x28=0x00001b40
        1006262	     50211	80009f16	02067733	remu	x14,x12,x0	 x12:0x00009000  x0:0x00000000 x14=0x00009000
        1006282	     50212	80009f1a	009a51b3	srl	x3,x20,x9	 x20:0x0825fb69  x9:0x00000018  x3=0x00000008
        1006302	     50213	80009f1e	9a7d	c.andi	x12,-1	 x12:0x00009000 x12=0x00009000
        1006462	     50221	80009f20	00274a33	xor	x20,x14,x2	 x14:0x00009000  x2:0x80021e30 x20=0x80028e30
        1007342	     50265	80009f24	03205db3	divu	x27,x0,x18	  x0:0x00000000 x18:0x00025f46 x27=0x00000000
        1007362	     50266	80009f28	887d	c.andi	x8,31	  x8:0x00000000  x8=0x00000000
        1007382	     50267	80009f2a	e09d	c.bnez	x9,80009f50	  x9:0x00000018
        1008182	     50307	80009f50	02c14933	div	x18,x2,x12	  x2:0x80021e30 x12:0x00009000 x18=0xffff1c76
        1008202	     50308	80009f54	92fa	c.add	x5,x30	  x5:0x0671f000 x30:0x0000000b  x5=0x0671f00b
        1008222	     50309	80009f56	01ae4b33	xor	x22,x28,x26	 x28:0x00001b40 x26:0x00000000 x22=0x00001b40
        1008242	     50310	80009f5a	ce01	c.beqz	x12,80009f72	 x12:0x00009000
        1008262	     50311	80009f5c	0164d693	srli	x13,x9,0x16	  x9:0x00000018 x13=0x00000000
        1008282	     50312	80009f60	8f45	c.or	x14,x9	 x14:0x00009000  x9:0x00000018 x14=0x00009018
        1009022	     50349	80009f62	02f04b33	div	x22,x0,x15	  x0:0x00000000 x15:0xab375bda x22=0x00000000
        1009042	     50350	80009f66	34007ef3	csrrci	x29,mscratch,0	 x29=0x0000001f
        1009062	     50351	80009f6a	8241	c.srli	x12,0x10	 x12:0x00009000 x12=0x00000000
        1009082	     50352	80009f6c	02dafe63	bgeu	x21,x13,80009fa8	 x21:0x00001b40 x13:0x00000000
        1009422	     50369	80009fa8	005f9013	slli	x0,x31,0x5	 x31:0x00000000  x0=0x00000000
        1009462	     50371	80009fac	8ce9	c.and	x9,x10	  x9:0x00000018 x10:0x00000000  x9=0x00000000
        1009482	     50372	80009fae	0001	c.addi	x0,0	  x0:0x00000000  x0=0x00000000
        1009502	     50373	80009fb0	3407e673	csrrsi	x12,mscratch,15	 x12=0x0000001f
        1009522	     50374	80009fb4	34029a73	csrrw	x20,mscratch,x5	  x5:0x0671f00b x20=0x0000001f
        1009702	     50383	80009fb8	8cb9	c.xor	x9,x14	  x9:0x00000000 x14:0x00009018  x9=0x00009018
        1009722	     50384	80009fba	402b8bb3	sub	x23,x23,x2	 x23:0x0c000000  x2:0x80021e30 x23=0x8bfde1d0
        1009742	     50385	80009fbe	8f99	c.sub	x15,x14	 x15:0xab375bda x14:0x00009018 x15=0xab36cbc2
        1009762	     50386	80009fc0	80e1	c.srli	x9,0x18	  x9:0x00009018  x9=0x00000000
        1010162	     50406	80009fc2	038f0033	mul	x0,x30,x24	 x30:0x0000000b x24:0xc0000000  x0=0x00000000
        1010182	     50407	80009fc6	24f0a793	slti	x15,x1,591	  x1:0x00001b40 x15=0x00000000
        1010282	     50412	80009fca	26f3e213	ori	x4,x7,623	  x7:0x80025ce4  x4=0x80025eef
        1010302	     50413	80009fce	847d	c.srai	x8,0x1f	  x8:0x00000000  x8=0x00000000
        1011422	     50469	80009fd0	03ce4a33	div	x20,x28,x28	 x28:0x00001b40 x28:0x00001b40 x20=0x00000001
        1011442	     50470	80009fd4	9bfd	c.andi	x15,-1	 x15:0x00000000 x15=0x00000000
        1011462	     50471	80009fd6	8bd5	c.andi	x15,21	 x15:0x00000000 x15=0x00000000
        1011482	     50472	80009fd8	40e68833	sub	x16,x13,x14	 x13:0x00000000 x14:0x00009018 x16=0xffff6fe8
        1011622	     50479	80009fdc	0000100f	fence.i	
        1011942	     50495	80009fe0	41c45b33	sra	x22,x8,x28	  x8:0x00000000 x28:0x00001b40 x22=0x00000000
        1012362	     50516	80009fe4	340c1f73	csrrw	x30,mscratch,x24	 x24:0xc0000000 x30=0x0671f00b
        1012382	     50517	80009fe8	02b20463	beq	x4,x11,8000a010	  x4:0x80025eef x11:0x54ca6426
        1012402	     50518	80009fec	34007ff3	csrrci	x31,mscratch,0	 x31=0xc0000000
        1012422	     50519	80009ff0	411a7f93	andi	x31,x20,1041	 x20:0x00000001 x31=0x00000001
        1012442	     50520	80009ff4	003c25b3	slt	x11,x24,x3	 x24:0xc0000000  x3:0x00000008 x11=0x00000001
        1012882	     50542	80009ff8	8541	c.srai	x10,0x10	 x10:0x00000000 x10=0x00000000
        1013022	     50549	80009ffa	402e57b3	sra	x15,x28,x2	 x28:0x00001b40  x2:0x80021e30 x15=0x00000000
        1013142	     50555	80009ffe	340627f3	csrrs	x15,mscratch,x12	 x12:0x0000001f x15=0xc0000000
        1013162	     50556	8000a002	9872	c.add	x16,x28	 x16:0xffff6fe8 x28:0x00001b40 x16=0xffff8b28
        1013182	     50557	8000a004	84034a93	xori	x21,x6,-1984	  x6:0x0000001f x21=0xfffff85f
        1013202	     50558	8000a008	0ff0000f	fence	iorw,iorw	
        1013602	     50578	8000a00c	34019473	csrrw	x8,mscratch,x3	  x3:0x00000008  x8=0xc000001f
        1013702	     50583	8000a010	01f59733	sll	x14,x11,x31	 x11:0x00000001 x31:0x00000001 x14=0x00000002
        1013822	     50589	8000a014	18797517	auipc	x10,0x18797	 x10=0x987a1014
        1014082	     50602	8000a018	82627513	andi	x10,x4,-2010	  x4:0x80025eef x10=0x80025826
        1014142	     50605	8000a01c	40cfd7b3	sra	x15,x31,x12	 x31:0x00000001 x12:0x0000001f x15=0x00000000
        1014202	     50608	8000a020	0001	c.addi	x0,0	  x0:0x00000000  x0=0x00000000
        1014222	     50609	8000a022	052f0163	beq	x30,x18,8000a064	 x30:0x0671f00b x18:0xffff1c76
        1014302	     50613	8000a026	7606c593	xori	x11,x13,1888	 x13:0x00000000 x11=0x00000760
        1014322	     50614	8000a02a	0ff0000f	fence	iorw,iorw	
        1014622	     50629	8000a02e	03dcae33	mulhsu	x28,x25,x29	 x25:0x00000014 x29:0x0000001f x28=0x00000000
        1015022	     50649	8000a032	3403ac73	csrrs	x24,mscratch,x7	  x7:0x80025ce4 x24=0x00000008
        1015042	     50650	8000a036	8c5d	c.or	x8,x15	  x8:0xc000001f x15:0x00000000  x8=0xc000001f
        1015062	     50651	8000a038	885a	c.mv	x16,x22	  x0:0x00000000 x22:0x00000000 x16=0x00000000
        1015082	     50652	8000a03a	8cf9	c.and	x9,x14	  x9:0x00000000 x14:0x00000002  x9=0x00000000
        1015102	     50653	8000a03c	340fd8f3	csrrwi	x17,mscratch,31	 x17=0x80025cec
        1015182	     50657	8000a040	023f3ab3	mulhu	x21,x30,x3	 x30:0x0671f00b  x3:0x00000008 x21=0x00000000
        1015202	     50658	8000a044	00e33db3	sltu	x27,x6,x14	  x6:0x0000001f x14:0x00000002 x27=0x00000000
        1015222	     50659	8000a048	01e5dc63	bge	x11,x30,8000a060	 x11:0x00000760 x30:0x0671f00b
        1015362	     50666	8000a04c	0ff0000f	fence	iorw,iorw	
        1015562	     50676	8000a050	01e5c863	blt	x11,x30,8000a060	 x11:0x00000760 x30:0x0671f00b
        1017242	     50760	8000a060	0384e933	rem	x18,x9,x24	  x9:0x00000000 x24:0x00000008 x18=0x00000000
        1017262	     50761	8000a064	05c60363	beq	x12,x28,8000a0aa	 x12:0x0000001f x28:0x00000000
        1018002	     50798	8000a068	024545b3	div	x11,x10,x4	 x10:0x80025826  x4:0x80025eef x11=0x00000001
        1018022	     50799	8000a06c	01e6c533	xor	x10,x13,x30	 x13:0x00000000 x30:0x0671f00b x10=0x0671f00b
        1018042	     50800	8000a070	e19d	c.bnez	x11,8000a096	 x11:0x00000001
        1018662	     50831	8000a096	015348b3	xor	x17,x6,x21	  x6:0x0000001f x21:0x00000000 x17=0x0000001f
        1018682	     50832	8000a09a	3ae3b517	auipc	x10,0x3ae3b	 x10=0xbae4509a
        1018702	     50833	8000a09e	8ee5	c.and	x13,x9	 x13:0x00000000  x9:0x00000000 x13=0x00000000
        1018742	     50835	8000a0a0	011affb3	and	x31,x21,x17	 x21:0x00000000 x17:0x0000001f x31=0x00000000
        1018762	     50836	8000a0a4	0001	c.addi	x0,0	  x0:0x00000000  x0=0x00000000
        1018782	     50837	8000a0a6	34006c73	csrrsi	x24,mscratch,0	 x24=0x0000001f
        1018802	     50838	8000a0aa	889e	c.mv	x17,x7	  x0:0x00000000  x7:0x80025ce4 x17=0x80025ce4
        1018822	     50839	8000a0ac	0ff0000f	fence	iorw,iorw	
        1018922	     50844	8000a0b0	081a0937	lui	x18,0x81a0	 x18=0x081a0000
        1019342	     50865	8000a0b4	03f66b63	bltu	x12,x31,8000a0ea	 x12:0x0000001f x31:0x00000000
        1019362	     50866	8000a0b8	0ff0000f	fence	iorw,iorw	
        1019782	     50887	8000a0bc	006562b3	or	x5,x10,x6	 x10:0xbae4509a  x6:0x0000001f  x5=0xbae4509f
        1019802	     50888	8000a0c0	01903933	sltu	x18,x0,x25	  x0:0x00000000 x25:0x00000014 x18=0x00000001
        1019902	     50893	8000a0c4	9f84c913	xori	x18,x9,-1544	  x9:0x00000000 x18=0xfffff9f8
        1019982	     50897	8000a0c8	81a1	c.srli	x11,0x8	 x11:0x00000001 x11=0x00000000
        1020082	     50902	8000a0ca	01201813	slli	x16,x0,0x12	  x0:0x00000000 x16=0x00000000
        1020262	     50911	8000a0ce	02fbd433	divu	x8,x23,x15	 x23:0x8bfde1d0 x15:0x00000000  x8=0xffffffff
        1020282	     50912	8000a0d2	414b5913	srai	x18,x22,0x14	 x22:0x00000000 x18=0x00000000
        1020322	     50914	8000a0d6	b88aab37	lui	x22,0xb88aa	 x22=0xb88aa000
        1020342	     50915	8000a0da	0001	c.addi	x0,0	  x0:0x00000000  x0=0x00000000
        1020722	     50934	8000a0dc	02f9f4b3	remu	x9,x19,x15	 x19:0x00001b40 x15:0x00000000  x9=0x00001b40
        1020742	     50935	8000a0e0	8ded	c.and	x11,x11	 x11:0x00000000 x11:0x00000000 x11=0x00000000
        1020782	     50937	8000a0e2	34041e73	csrrw	x28,mscratch,x8	  x8:0xffffffff x28=0x0000001f
        1021102	     50953	8000a0e6	340b3673	csrrc	x12,mscratch,x22	 x22:0xb88aa000 x12=0xffffffff
        1021122	     50954	8000a0ea	b07f2c13	slti	x24,x30,-1273	 x30:0x0671f00b x24=0x00000000
        1021142	     50955	8000a0ee	008ae633	or	x12,x21,x8	 x21:0x00000000  x8:0xffffffff x12=0xffffffff
        1021162	     50956	8000a0f2	4030d0b3	sra	x1,x1,x3	  x1:0x00001b40  x3:0x00000008  x1=0x0000001b
        1021182	     50957	8000a0f6	9c46	c.add	x24,x17	 x24:0x00000000 x17:0x80025ce4 x24=0x80025ce4
        1021302	     50963	8000a0f8	8fbd	c.xor	x15,x15	 x15:0x00000000 x15:0x00000000 x15=0x00000000
        1021322	     50964	8000a0fa	01b47933	and	x18,x8,x27	  x8:0xffffffff x27:0x00000000 x18=0x00000000
        1021762	     50986	8000a0fe	0ff0000f	fence	iorw,iorw	
        1021782	     50987	8000a102	7826a013	slti	x0,x13,1922	 x13:0x00000000  x0=0x00000000
        1022202	     51008	8000a106	40f9d4b3	sra	x9,x19,x15	 x19:0x00001b40 x15:0x00000000  x9=0x00001b40
        1022222	     51009	8000a10a	00dcd233	srl	x4,x25,x13	 x25:0x00000014 x13:0x00000000  x4=0x00000014
        1022242	     51010	8000a10e	34089473	csrrw	x8,mscratch,x17	 x17:0x80025ce4  x8=0x47755fff
        1022422	     51019	8000a112	5a947993	andi	x19,x8,1449	  x8:0x47755fff x19=0x000005a9
        1022762	     51036	8000a116	0296b0b3	mulhu	x1,x13,x9	 x13:0x00000000  x9:0x00001b40  x1=0x00000000
        1022782	     51037	8000a11a	87b1	c.srai	x15,0xc	 x15:0x00000000 x15=0x00000000
        1022902	     51043	8000a11c	02297d63	bgeu	x18,x2,8000a156	 x18:0x00000000  x2:0x80021e30
        1023222	     51059	8000a120	03a31163	bne	x6,x26,8000a142	  x6:0x0000001f x26:0x00000000
        1023502	     51073	8000a142	01c04333	xor	x6,x0,x28	  x0:0x00000000 x28:0x0000001f  x6=0x0000001f
        1023662	     51081	8000a146	41fd5b13	srai	x22,x26,0x1f	 x26:0x00000000 x22=0x00000000
        1024002	     51098	8000a14a	01441093	slli	x1,x8,0x14	  x8:0x47755fff  x1=0xfff00000
        1024022	     51099	8000a14e	82fd	c.srli	x13,0x1f	 x13:0x00000000 x13=0x00000000
        1024182	     51107	8000a150	41510cb3	sub	x25,x2,x21	  x2:0x80021e30 x21:0x00000000 x25=0x80021e30
        1024202	     51108	8000a154	8e41	c.or	x12,x8	 x12:0xffffffff  x8:0x47755fff x12=0xffffffff
        1024342	     51115	8000a156	03f4e163	bltu	x9,x31,8000a178	  x9:0x00001b40 x31:0x00000000
        1024402	     51118	8000a15a	00e65913	srli	x18,x12,0xe	 x12:0xffffffff x18=0x0003ffff
        1024422	     51119	8000a15e	00d1ed63	bltu	x3,x13,8000a178	  x3:0x00000008 x13:0x00000000
        1024442	     51120	8000a162	04e1	c.addi	x9,24	  x9:0x00001b40  x9=0x00001b58
        1024522	     51124	8000a164	1ffd	c.addi	x31,-1	 x31:0x00000000 x31=0xffffffff
        1024542	     51125	8000a166	8cbd	c.xor	x9,x15	  x9:0x00001b58 x15:0x00000000  x9=0x00001b58
        1024562	     51126	8000a168	0156d193	srli	x3,x13,0x15	 x13:0x00000000  x3=0x00000000
        1024582	     51127	8000a16c	c4240e13	addi	x28,x8,-958	  x8:0x47755fff x28=0x47755c41
        1024702	     51133	8000a170	0000100f	fence.i	
        1025202	     51158	8000a174	70b8bf93	sltiu	x31,x17,1803	 x17:0x80025ce4 x31=0x00000000
        1025282	     51162	8000a178	593d6213	ori	x4,x26,1427	 x26:0x00000000  x4=0x00000593
        1025702	     51183	8000a17c	01fbbe33	sltu	x28,x23,x31	 x23:0x8bfde1d0 x31:0x00000000 x28=0x00000000
        1025722	     51184	8000a180	82c5	c.srli	x13,0x11	 x13:0x00000000 x13=0x00000000
        1026142	     51205	8000a182	033c8c63	beq	x25,x19,8000a1ba	 x25:0x80021e30 x19:0x000005a9
        1026162	     51206	8000a186	0000100f	fence.i	
        1026702	     51233	8000a18a	03ef8633	mul	x12,x31,x30	 x31:0x00000000 x30:0x0671f00b x12=0x00000000
        1026742	     51235	8000a18e	02b35f33	divu	x30,x6,x11	  x6:0x0000001f x11:0x00000000 x30=0xffffffff
        1026922	     51244	8000a192	905be013	ori	x0,x23,-1787	 x23:0x8bfde1d0  x0=0x00000000
        1027342	     51265	8000a196	340038f3	csrrc	x17,mscratch,x0	  x0:0x00000000 x17=0x80025ce4
        1027362	     51266	8000a19a	02734263	blt	x6,x7,8000a1be	  x6:0x0000001f  x7:0x80025ce4
        1027382	     51267	8000a19e	02add263	bge	x27,x10,8000a1c2	 x27:0x00000000 x10:0xbae4509a
        1027682	     51282	8000a1c2	01e86833	or	x16,x16,x30	 x16:0x00000000 x30:0xffffffff x16=0xffffffff
        1027862	     51291	8000a1c6	0365f6b3	remu	x13,x11,x22	 x11:0x00000000 x22:0x00000000 x13=0x00000000
        1028262	     51311	8000a1ca	0289cf63	blt	x19,x8,8000a208	 x19:0x000005a9  x8:0x47755fff
        1029162	     51356	8000a208	018e9793	slli	x15,x29,0x18	 x29:0x0000001f x15=0x1f000000
        1029362	     51366	8000a20c	dc1ffc13	andi	x24,x31,-575	 x31:0x00000000 x24=0x00000000
        1029782	     51387	8000a210	0001	c.addi	x0,0	  x0:0x00000000  x0=0x00000000
        1030202	     51408	8000a212	40d85333	sra	x6,x16,x13	 x16:0xffffffff x13:0x00000000  x6=0xffffffff
        1030222	     51409	8000a216	340065f3	csrrsi	x11,mscratch,0	 x11=0x80025ce4
        1030242	     51410	8000a21a	61ed	c.lui	x3,0x1b	  x3=0x0001b000
        1030282	     51412	8000a21c	036c0733	mul	x14,x24,x22	 x24:0x00000000 x22:0x00000000 x14=0x00000000
        1030522	     51424	8000a220	04855163	bge	x10,x8,8000a262	 x10:0xbae4509a  x8:0x47755fff
        1030642	     51430	8000a224	0000100f	fence.i	
        1036002	     51698	8000a228	82f5	c.srli	x13,0x1d	 x13:0x00000000 x13=0x00000000
        1036022	     51699	8000a22a	023b4663	blt	x22,x3,8000a256	 x22:0x00000000  x3:0x0001b000
        1036922	     51744	8000a256	03e4c633	div	x12,x9,x30	  x9:0x00001b58 x30:0xffffffff x12=0xffffe4a8
        1036942	     51745	8000a25a	92ca	c.add	x5,x18	  x5:0xbae4509f x18:0x0003ffff  x5=0xbae8509e
        1036962	     51746	8000a25c	415b8db3	sub	x27,x23,x21	 x23:0x8bfde1d0 x21:0x00000000 x27=0x8bfde1d0
        1036982	     51747	8000a260	9a7d	c.andi	x12,-1	 x12:0xffffe4a8 x12=0xffffe4a8
        1037002	     51748	8000a262	34012273	csrrs	x4,mscratch,x2	  x2:0x80021e30  x4=0x80025ce4
        1037022	     51749	8000a266	016be763	bltu	x23,x22,8000a274	 x23:0x8bfde1d0 x22:0x00000000
        1037042	     51750	8000a26a	010e9533	sll	x10,x29,x16	 x29:0x0000001f x16:0xffffffff x10=0x80000000
        1037102	     51753	8000a26e	0b94e993	ori	x19,x9,185	  x9:0x00001b58 x19=0x00001bf9
        1037122	     51754	8000a272	99fd	c.andi	x11,-1	 x11:0x80025ce4 x11=0x80025ce4
        1037402	     51768	8000a274	017b18b3	sll	x17,x22,x23	 x22:0x00000000 x23:0x8bfde1d0 x17=0x00000000
        1037582	     51777	8000a278	c189	c.beqz	x11,8000a27a	 x11:0x80025ce4
        1037622	     51779	8000a27a	02f73833	mulhu	x16,x14,x15	 x14:0x00000000 x15:0x1f000000 x16=0x00000000
        1037642	     51780	8000a27e	0ff0000f	fence	iorw,iorw	
        1037882	     51792	8000a282	4128da93	srai	x21,x17,0x12	 x17:0x00000000 x21=0x00000000
        1037902	     51793	8000a286	00bffdb3	and	x27,x31,x11	 x31:0x00000000 x11:0x80025ce4 x27=0x00000000
        1038202	     51808	8000a28a	00f106b3	add	x13,x2,x15	  x2:0x80021e30 x15:0x1f000000 x13=0x9f021e30
        1038242	     51810	8000a28e	3400d873	csrrwi	x16,mscratch,1	 x16=0x80025ef4
        1039102	     51853	8000a292	0257f2b3	remu	x5,x15,x5	 x15:0x1f000000  x5:0xbae8509e  x5=0x1f000000
        1039122	     51854	8000a296	3406a5f3	csrrs	x11,mscratch,x13	 x13:0x9f021e30 x11=0x00000001
        1039142	     51855	8000a29a	0053f6b3	and	x13,x7,x5	  x7:0x80025ce4  x5:0x1f000000 x13=0x00000000
        1039162	     51856	8000a29e	01909433	sll	x8,x1,x25	  x1:0xfff00000 x25:0x80021e30  x8=0x00000000
        1039182	     51857	8000a2a2	01cea033	slt	x0,x29,x28	 x29:0x0000001f x28:0x00000000  x0=0x00000000
        1039202	     51858	8000a2a6	027b0833	mul	x16,x22,x7	 x22:0x00000000  x7:0x80025ce4 x16=0x00000000
        1039222	     51859	8000a2aa	00b1d293	srli	x5,x3,0xb	  x3:0x0001b000  x5=0x00000036
        1039242	     51860	8000a2ae	8d85	c.sub	x11,x9	 x11:0x00000001  x9:0x00001b58 x11=0xffffe4a9
        1039322	     51864	8000a2b0	97ae	c.add	x15,x11	 x15:0x1f000000 x11:0xffffe4a9 x15=0x1effe4a9
        1039382	     51867	8000a2b2	046bf263	bgeu	x23,x6,8000a2f6	 x23:0x8bfde1d0  x6:0xffffffff
        1039702	     51883	8000a2b6	15fa8317	auipc	x6,0x15fa8	  x6=0x95fb22b6
        1039982	     51897	8000a2ba	25578713	addi	x14,x15,597	 x15:0x1effe4a9 x14=0x1effe6fe
        1040002	     51898	8000a2be	665b6613	ori	x12,x22,1637	 x22:0x00000000 x12=0x00000665
        1040342	     51915	8000a2c2	0366b833	mulhu	x16,x13,x22	 x13:0x00000000 x22:0x00000000 x16=0x00000000
        1040362	     51916	8000a2c6	0000100f	fence.i	
        1040602	     51928	8000a2ca	0001	c.addi	x0,0	  x0:0x00000000  x0=0x00000000
        1040982	     51947	8000a2cc	073e	c.slli	x14,0xf	 x14:0x1effe6fe x14=0xf37f0000
        1041002	     51948	8000a2ce	03330fb3	mul	x31,x6,x19	  x6:0x95fb22b6 x19:0x00001bf9 x31=0x5dedf506
        1041022	     51949	8000a2d2	0193cfb3	xor	x31,x7,x25	  x7:0x80025ce4 x25:0x80021e30 x31=0x000042d4
        1041442	     51970	8000a2d6	634efb13	andi	x22,x29,1588	 x29:0x0000001f x22=0x00000014
        1041462	     51971	8000a2da	81f1	c.srli	x11,0x1c	 x11:0xffffe4a9 x11=0x0000000f
        1041762	     51986	8000a2dc	0ff0000f	fence	iorw,iorw	
        1041922	     51994	8000a2e0	00e7c2b3	xor	x5,x15,x14	 x15:0x1effe4a9 x14:0xf37f0000  x5=0xed80e4a9
        1042042	     52000	8000a2e4	00109933	sll	x18,x1,x1	  x1:0xfff00000  x1:0xfff00000 x18=0xfff00000
        1042462	     52021	8000a2e8	0000100f	fence.i	
        1043542	     52075	8000a2ec	81ed	c.srli	x11,0x1b	 x11:0x0000000f x11=0x00000000
        1043962	     52096	8000a2ee	00785793	srli	x15,x16,0x7	 x16:0x00000000 x15=0x00000000
        1045102	     52153	8000a2f2	0278fe33	remu	x28,x17,x7	 x17:0x00000000  x7:0x80025ce4 x28=0x00000000
        1045122	     52154	8000a2f6	8fc5	c.or	x15,x9	 x15:0x00000000  x9:0x00001b58 x15=0x00001b58
        1045142	     52155	8000a2f8	98fd	c.andi	x9,-1	  x9:0x00001b58  x9=0x00001b58
        1045162	     52156	8000a2fa	01545293	srli	x5,x8,0x15	  x8:0x00000000  x5=0x00000000
        1045182	     52157	8000a2fe	0017a7b3	slt	x15,x15,x1	 x15:0x00001b58  x1:0xfff00000 x15=0x00000000
        1045202	     52158	8000a302	340a50f3	csrrwi	x1,mscratch,20	  x1=0x9f021e31
        1045462	     52171	8000a306	34005873	csrrwi	x16,mscratch,0	 x16=0x00000014
        1045502	     52173	8000a30a	03e32a33	mulhsu	x20,x6,x30	  x6:0x95fb22b6 x30:0xffffffff x20=0x95fb22b6
        1045902	     52193	8000a30e	cc846313	ori	x6,x8,-824	  x8:0x00000000  x6=0xfffffcc8
        1045922	     52194	8000a312	016022b3	slt	x5,x0,x22	  x0:0x00000000 x22:0x00000014  x5=0x00000001
        1045942	     52195	8000a316	01b4d263	bge	x9,x27,8000a31a	  x9:0x00001b58 x27:0x00000000
        1046362	     52216	8000a31a	34075e73	csrrwi	x28,mscratch,14	 x28=0x00000000
        1046542	     52225	8000a31e	0098a533	slt	x10,x17,x9	 x17:0x00000000  x9:0x00001b58 x10=0x00000001
        1046562	     52226	8000a322	815d	c.srli	x10,0x17	 x10:0x00000001 x10=0x00000000
        1046582	     52227	8000a324	87dd	c.srai	x15,0x17	 x15:0x00000000 x15=0x00000000
        1046602	     52228	8000a326	9836	c.add	x16,x13	 x16:0x00000014 x13:0x00000000 x16=0x00000014
        1047342	     52265	8000a328	037bea33	rem	x20,x23,x23	 x23:0x8bfde1d0 x23:0x8bfde1d0 x20=0x00000000
        1047362	     52266	8000a32c	eb398793	addi	x15,x19,-333	 x19:0x00001bf9 x15=0x00001aac
        1047382	     52267	8000a330	40165633	sra	x12,x12,x1	 x12:0x00000665  x1:0x9f021e31 x12=0x00000000
        1047402	     52268	8000a334	01804d63	blt	x0,x24,8000a34e	  x0:0x00000000 x24:0x00000000
        1047422	     52269	8000a338	ca3f6b93	ori	x23,x30,-861	 x30:0xffffffff x23=0xffffffff
        1047462	     52271	8000a33c	02d5af33	mulhsu	x30,x11,x13	 x11:0x00000000 x13:0x00000000 x30=0x00000000
        1047482	     52272	8000a340	0011b7b3	sltu	x15,x3,x1	  x3:0x0001b000  x1:0x9f021e31 x15=0x00000001
        1047502	     52273	8000a344	5a27ab93	slti	x23,x15,1442	 x15:0x00000001 x23=0x00000001
        1047702	     52283	8000a348	0001	c.addi	x0,0	  x0:0x00000000  x0=0x00000000
        1047882	     52292	8000a34a	012b6663	bltu	x22,x18,8000a356	 x22:0x00000014 x18:0xfff00000
        1049142	     52355	8000a356	00435bb3	srl	x23,x6,x4	  x6:0xfffffcc8  x4:0x80025ce4 x23=0x0fffffcc
        1049162	     52356	8000a35a	574f8613	addi	x12,x31,1396	 x31:0x000042d4 x12=0x00004848
        1049282	     52362	8000a35e	0294e663	bltu	x9,x9,8000a38a	  x9:0x00001b58  x9:0x00001b58
        1049302	     52363	8000a362	0e9e	c.slli	x29,0x7	 x29:0x0000001f x29=0x00000f80
        1049542	     52375	8000a364	01ea7c63	bgeu	x20,x30,8000a37c	 x20:0x00000000 x30:0x00000000
        1049862	     52391	8000a37c	3a488497	auipc	x9,0x3a488	  x9=0xba49237c
        1050302	     52413	8000a380	01047eb3	and	x29,x8,x16	  x8:0x00000000 x16:0x00000014 x29=0x00000000
        1050322	     52414	8000a384	010c9763	bne	x25,x16,8000a392	 x25:0x80021e30 x16:0x00000014
        1050462	     52421	8000a392	01ce	c.slli	x3,0x13	  x3:0x0001b000  x3=0x80000000
        1050482	     52422	8000a394	859d	c.srai	x11,0x7	 x11:0x00000000 x11=0x00000000
        1050622	     52429	8000a396	01cf5bb3	srl	x23,x30,x28	 x30:0x00000000 x28:0x00000000 x23=0x00000000
        1050642	     52430	8000a39a	8d01	c.sub	x10,x8	 x10:0x00000000  x8:0x00000000 x10=0x00000000
        1051382	     52467	8000a39c	029e4a33	div	x20,x28,x9	 x28:0x00000000  x9:0xba49237c x20=0x00000000
        1051402	     52468	8000a3a0	0107e4b3	or	x9,x15,x16	 x15:0x00000001 x16:0x00000014  x9=0x00000015
        1051422	     52469	8000a3a4	34003773	csrrc	x14,mscratch,x0	  x0:0x00000000 x14=0x0000000e
        1051442	     52470	8000a3a8	03c10b63	beq	x2,x28,8000a3de	  x2:0x80021e30 x28:0x00000000
        1051482	     52472	8000a3ac	03a01b33	mulh	x22,x0,x26	  x0:0x00000000 x26:0x00000000 x22=0x00000000
        1051502	     52473	8000a3b0	9b0c6a93	ori	x21,x24,-1616	 x24:0x00000000 x21=0xfffff9b0
        1052242	     52510	8000a3b4	026344b3	div	x9,x6,x6	  x6:0xfffffcc8  x6:0xfffffcc8  x9=0x00000001
        1052262	     52511	8000a3b8	6bde6413	ori	x8,x28,1725	 x28:0x00000000  x8=0x000006bd
        1052282	     52512	8000a3bc	8bf07f93	andi	x31,x0,-1857	  x0:0x00000000 x31=0x00000000
        1052302	     52513	8000a3c0	4074d6b3	sra	x13,x9,x7	  x9:0x00000001  x7:0x80025ce4 x13=0x00000000
        1052322	     52514	8000a3c4	0028b5b3	sltu	x11,x17,x2	 x17:0x00000000  x2:0x80021e30 x11=0x00000001
        1052362	     52516	8000a3c8	02d2abb3	mulhsu	x23,x5,x13	  x5:0x00000001 x13:0x00000000 x23=0x00000000
        1052382	     52517	8000a3cc	7c03d037	lui	x0,0x7c03d	  x0=0x00000000
        1052462	     52521	8000a3d0	0bc7f013	andi	x0,x15,188	 x15:0x00000001  x0=0x00000000
        1052642	     52530	8000a3d4	04475263	bge	x14,x4,8000a418	 x14:0x0000000e  x4:0x80025ce4
        1053222	     52559	8000a418	5fa83813	sltiu	x16,x16,1530	 x16:0x00000014 x16=0x00000001
        1053242	     52560	8000a41c	597d	c.li	x18,-1	 x18=0xffffffff
        1053362	     52566	8000a41e	01449213	slli	x4,x9,0x14	  x9:0x00000001  x4=0x00100000
        1053502	     52573	8000a422	01481733	sll	x14,x16,x20	 x16:0x00000001 x20:0x00000000 x14=0x00000001
        1053922	     52594	8000a426	0000100f	fence.i	
        1054342	     52615	8000a42a	017117b3	sll	x15,x2,x23	  x2:0x80021e30 x23:0x00000000 x15=0x80021e30
        1054422	     52619	8000a42e	024d0363	beq	x26,x4,8000a454	 x26:0x00000000  x4:0x00100000
        1054442	     52620	8000a432	8c2d	c.xor	x8,x11	  x8:0x000006bd x11:0x00000001  x8=0x000006bc
        1054562	     52626	8000a434	00ef5f93	srli	x31,x30,0xe	 x30:0x00000000 x31=0x00000000
        1054582	     52627	8000a438	8ee5	c.and	x13,x9	 x13:0x00000000  x9:0x00000001 x13=0x00000000
        1054742	     52635	8000a43a	0191ca33	xor	x20,x3,x25	  x3:0x80000000 x25:0x80021e30 x20=0x00021e30
        1054762	     52636	8000a43e	00684bb3	xor	x23,x16,x6	 x16:0x00000001  x6:0xfffffcc8 x23=0xfffffcc9
        1054782	     52637	8000a442	3405e373	csrrsi	x6,mscratch,11	  x6=0x0000000e
        1054802	     52638	8000a446	40f0d493	srai	x9,x1,0xf	  x1:0x9f021e31  x9=0xffff3e04
        1054822	     52639	8000a44a	94a2	c.add	x9,x8	  x9:0xffff3e04  x8:0x000006bc  x9=0xffff44c0
        1054842	     52640	8000a44c	00087f33	and	x30,x16,x0	 x16:0x00000001  x0:0x00000000 x30=0x00000000
        1054862	     52641	8000a450	035c85b3	mul	x11,x25,x21	 x25:0x80021e30 x21:0xfffff9b0 x11=0xf2a17100
        1054982	     52647	8000a454	03981a33	mulh	x20,x16,x25	 x16:0x00000001 x25:0x80021e30 x20=0xffffffff
        1055002	     52648	8000a458	0000100f	fence.i	
        1055702	     52683	8000a45c	340a1b73	csrrw	x22,mscratch,x20	 x20:0xffffffff x22=0x0000000f
        1055722	     52684	8000a460	030586b3	mul	x13,x11,x16	 x11:0xf2a17100 x16:0x00000001 x13=0xf2a17100
        1055742	     52685	8000a464	88f1	c.andi	x9,28	  x9:0xffff44c0  x9=0x00000000
        1055762	     52686	8000a466	6ae9	c.lui	x21,0x1a	 x21=0x0001a000
        1055782	     52687	8000a468	03b68b63	beq	x13,x27,8000a49e	 x13:0xf2a17100 x27:0x00000000
        1055802	     52688	8000a46c	8849	c.andi	x8,18	  x8:0x000006bc  x8=0x00000010
        1055822	     52689	8000a46e	8ddd	c.or	x11,x15	 x11:0xf2a17100 x15:0x80021e30 x11=0xf2a37f30
        1056222	     52709	8000a470	0001	c.addi	x0,0	  x0:0x00000000  x0=0x00000000
        1056362	     52716	8000a472	02629533	mulh	x10,x5,x6	  x5:0x00000001  x6:0x0000000e x10=0x00000000
        1056762	     52736	8000a476	000ef833	and	x16,x29,x0	 x29:0x00000000  x0:0x00000000 x16=0x00000000
        1056782	     52737	8000a47a	6fe9	c.lui	x31,0x1a	 x31=0x0001a000
        1056942	     52745	8000a47c	012bb533	sltu	x10,x23,x18	 x23:0xfffffcc9 x18:0xffffffff x10=0x00000001
        1056982	     52747	8000a480	024f15b3	mulh	x11,x30,x4	 x30:0x00000000  x4:0x00100000 x11=0x00000000
        1057022	     52749	8000a484	8051	c.srli	x8,0x14	  x8:0x00000010  x8=0x00000000
        1057122	     52754	8000a486	0ff0000f	fence	iorw,iorw	
        1057522	     52774	8000a48a	02a4aa93	slti	x21,x9,42	  x9:0x00000000 x21=0x00000001
        1057602	     52778	8000a48e	340bd1f3	csrrwi	x3,mscratch,23	  x3=0xffffffff
        1057662	     52781	8000a492	8a6fba93	sltiu	x21,x31,-1882	 x31:0x0001a000 x21=0x00000001
        1057682	     52782	8000a496	40bdd893	srai	x17,x27,0xb	 x27:0x00000000 x17=0x00000000
        1057722	     52784	8000a49a	028322b3	mulhsu	x5,x6,x8	  x6:0x0000000e  x8:0x00000000  x5=0x00000000
        1057742	     52785	8000a49e	85a6	c.mv	x11,x9	  x0:0x00000000  x9:0x00000000 x11=0x00000000
        1057762	     52786	8000a4a0	0047cbb3	xor	x23,x15,x4	 x15:0x80021e30  x4:0x00100000 x23=0x80121e30
        1057842	     52790	8000a4a4	004c1c33	sll	x24,x24,x4	 x24:0x00000000  x4:0x00100000 x24=0x00000000
        1058262	     52811	8000a4a8	0ff0000f	fence	iorw,iorw	
        1058282	     52812	8000a4ac	7e4ec413	xori	x8,x29,2020	 x29:0x00000000  x8=0x000007e4
        1058462	     52821	8000a4b0	00c56963	bltu	x10,x12,8000a4c2	 x10:0x00000001 x12:0x00004848
        1058982	     52847	8000a4c2	016d5913	srli	x18,x26,0x16	 x26:0x00000000 x18=0x00000000
        1059002	     52848	8000a4c6	0ff0000f	fence	iorw,iorw	
        1059022	     52849	8000a4ca	05f9	c.addi	x11,30	 x11:0x00000000 x11=0x0000001e
        1059042	     52850	8000a4cc	0001	c.addi	x0,0	  x0:0x00000000  x0=0x00000000
        1059942	     52895	8000a4ce	0277e5b3	rem	x11,x15,x7	 x15:0x80021e30  x7:0x80025ce4 x11=0xffffc14c
        1059962	     52896	8000a4d2	0075d0b3	srl	x1,x11,x7	 x11:0xffffc14c  x7:0x80025ce4  x1=0x0ffffc14
        1059982	     52897	8000a4d6	025a8533	mul	x10,x21,x5	 x21:0x00000001  x5:0x00000000 x10=0x00000000
        1060002	     52898	8000a4da	419e89b3	sub	x19,x29,x25	 x29:0x00000000 x25:0x80021e30 x19=0x7ffde1d0
        1060022	     52899	8000a4de	01fce433	or	x8,x25,x31	 x25:0x80021e30 x31:0x0001a000  x8=0x8003be30
        1060042	     52900	8000a4e2	12ccbe93	sltiu	x29,x25,300	 x25:0x80021e30 x29=0x00000000
        1060102	     52903	8000a4e6	02832db3	mulhsu	x27,x6,x8	  x6:0x0000000e  x8:0x8003be30 x27=0x00000007
        1060302	     52913	8000a4ea	41d1dab3	sra	x21,x3,x29	  x3:0xffffffff x29:0x00000000 x21=0xffffffff
        1060322	     52914	8000a4ee	56416213	ori	x4,x2,1380	  x2:0x80021e30  x4=0x80021f74
        1060342	     52915	8000a4f2	40fa8833	sub	x16,x21,x15	 x21:0xffffffff x15:0x80021e30 x16=0x7ffde1cf
        1060362	     52916	8000a4f6	87c1	c.srai	x15,0x10	 x15:0x80021e30 x15=0xffff8002
        1060382	     52917	8000a4f8	3a1f3813	sltiu	x16,x30,929	 x30:0x00000000 x16=0x00000001
        1060402	     52918	8000a4fc	8d89	c.sub	x11,x10	 x11:0xffffc14c x10:0x00000000 x11=0xffffc14c
        1060422	     52919	8000a4fe	00fd1293	slli	x5,x26,0xf	 x26:0x00000000  x5=0x00000000
        1060442	     52920	8000a502	527d	c.li	x4,-1	  x4=0xffffffff
        1060502	     52923	8000a504	0318c9b3	div	x19,x17,x17	 x17:0x00000000 x17:0x00000000 x19=0xffffffff
        1060642	     52930	8000a508	91da	c.add	x3,x22	  x3:0xffffffff x22:0x0000000f  x3=0x0000000e
        1061062	     52951	8000a50a	340317f3	csrrw	x15,mscratch,x6	  x6:0x0000000e x15=0x00000017
        1061102	     52953	8000a50e	0258ff33	remu	x30,x17,x5	 x17:0x00000000  x5:0x00000000 x30=0x00000000
        1061122	     52954	8000a512	8835	c.andi	x8,13	  x8:0x8003be30  x8=0x00000000
        1061502	     52973	8000a514	40948eb3	sub	x29,x9,x9	  x9:0x00000000  x9:0x00000000 x29=0x00000000
        1061522	     52974	8000a518	340032f3	csrrc	x5,mscratch,x0	  x0:0x00000000  x5=0x0000000e
        1061542	     52975	8000a51c	8e52	c.mv	x28,x20	  x0:0x00000000 x20:0xffffffff x28=0xffffffff
        1061562	     52976	8000a51e	026d87b3	mul	x15,x27,x6	 x27:0x00000007  x6:0x0000000e x15=0x00000062
        1061602	     52978	8000a522	032ee633	rem	x12,x29,x18	 x29:0x00000000 x18:0x00000000 x12=0x00000000
        1061622	     52979	8000a526	8cd5	c.or	x9,x13	  x9:0x00000000 x13:0xf2a17100  x9=0xf2a17100
        1061802	     52988	8000a528	02eb3833	mulhu	x16,x22,x14	 x22:0x0000000f x14:0x00000001 x16=0x00000000
        1061822	     52989	8000a52c	8cc456b7	lui	x13,0x8cc45	 x13=0x8cc45000
        1061862	     52991	8000a530	845d	c.srai	x8,0x17	  x8:0x00000000  x8=0x00000000
        1061882	     52992	8000a532	0e32	c.slli	x28,0xc	 x28:0xffffffff x28=0xfffff000
        1062022	     52999	8000a534	03961f63	bne	x12,x25,8000a572	 x12:0x00000000 x25:0x80021e30
        1065842	     53190	8000a572	6669	c.lui	x12,0x1a	 x12=0x0001a000
        1065862	     53191	8000a574	340e52f3	csrrwi	x5,mscratch,28	  x5=0x0000000e
        1065882	     53192	8000a578	01795c13	srli	x24,x18,0x17	 x18:0x00000000 x24=0x00000000
        1065902	     53193	8000a57c	018f1213	slli	x4,x30,0x18	 x30:0x00000000  x4=0x00000000
        1066042	     53200	8000a580	c409	c.beqz	x8,8000a58a	  x8:0x00000000
        1066482	     53222	8000a58a	0385c7b3	div	x15,x11,x24	 x11:0xffffc14c x24:0x00000000 x15=0xffffffff
        1066502	     53223	8000a58e	01255a93	srli	x21,x10,0x12	 x10:0x00000000 x21=0x00000000
        1066702	     53233	8000a592	0589d463	bge	x19,x24,8000a5da	 x19:0xffffffff x24:0x00000000
        1066722	     53234	8000a596	56fd	c.li	x13,-1	 x13=0xffffffff
        1066962	     53246	8000a598	f11f5237	lui	x4,0xf11f5	  x4=0xf11f5000
        1067162	     53256	8000a59c	8e35	c.xor	x12,x13	 x12:0x0001a000 x13:0xffffffff x12=0xfffe5fff
        1068082	     53302	8000a59e	0217c233	div	x4,x15,x1	 x15:0xffffffff  x1:0x0ffffc14  x4=0x00000000
        1068102	     53303	8000a5a2	6f34e713	ori	x14,x9,1779	  x9:0xf2a17100 x14=0xf2a177f3
        1068122	     53304	8000a5a6	8175	c.srli	x10,0x1d	 x10:0x00000000 x10=0x00000000
        1068142	     53305	8000a5a8	340027f3	csrrs	x15,mscratch,x0	  x0:0x00000000 x15=0x0000001c
        1068162	     53306	8000a5ac	014af963	bgeu	x21,x20,8000a5be	 x21:0x00000000 x20:0xffffffff
        1068182	     53307	8000a5b0	d6c94e93	xori	x29,x18,-660	 x18:0x00000000 x29=0xfffffd6c
        1068202	     53308	8000a5b4	34006473	csrrsi	x8,mscratch,0	  x8=0x0000001c
        1068562	     53326	8000a5b8	9afd	c.andi	x13,-1	 x13:0xffffffff x13=0xffffffff
        1068762	     53336	8000a5ba	024c6533	rem	x10,x24,x4	 x24:0x00000000  x4:0x00000000 x10=0x00000000
        1069602	     53378	8000a5be	0214c433	div	x8,x9,x1	  x9:0xf2a17100  x1:0x0ffffc14  x8=0x00000000
        1069622	     53379	8000a5c2	e641ab13	slti	x22,x3,-412	  x3:0x0000000e x22=0x00000000
        1069642	     53380	8000a5c6	8fdd8b93	addi	x23,x27,-1795	 x27:0x00000007 x23=0xfffff904
        1069662	     53381	8000a5ca	3408ddf3	csrrwi	x27,mscratch,17	 x27=0x0000001c
        1069862	     53391	8000a5ce	340067f3	csrrsi	x15,mscratch,0	 x15=0x00000011
        1069882	     53392	8000a5d2	40688233	sub	x4,x17,x6	 x17:0x00000000  x6:0x0000000e  x4=0xfffffff2
        1069902	     53393	8000a5d6	030ac263	blt	x21,x16,8000a5fa	 x21:0x00000000 x16:0x00000000
        1069922	     53394	8000a5da	88fa	c.mv	x17,x30	  x0:0x00000000 x30:0x00000000 x17=0x00000000
        1070322	     53414	8000a5dc	09a6	c.slli	x19,0x9	 x19:0xffffffff x19=0xfffffe00
        1070342	     53415	8000a5de	5ffd	c.li	x31,-1	 x31=0xffffffff
        1070362	     53416	8000a5e0	02bfcd63	blt	x31,x11,8000a61a	 x31:0xffffffff x11:0xffffc14c
        1070602	     53428	8000a5e4	00a71863	bne	x14,x10,8000a5f4	 x14:0xf2a177f3 x10:0x00000000
        1071122	     53454	8000a5f4	b503f513	andi	x10,x7,-1200	  x7:0x80025ce4 x10=0x80025840
        1071482	     53472	8000a5f8	8dd1	c.or	x11,x12	 x11:0xffffc14c x12:0xfffe5fff x11=0xffffdfff
        1071622	     53479	8000a5fa	0182b2b3	sltu	x5,x5,x24	  x5:0x0000000e x24:0x00000000  x5=0x00000000
        1071642	     53480	8000a5fe	18b82013	slti	x0,x16,395	 x16:0x00000000  x0=0x00000000
        1071682	     53482	8000a602	0242a533	mulhsu	x10,x5,x4	  x5:0x00000000  x4:0xfffffff2 x10=0x00000000
        1071702	     53483	8000a606	4026dbb3	sra	x23,x13,x2	 x13:0xffffffff  x2:0x80021e30 x23=0xffffffff
        1072022	     53499	8000a60a	72687193	andi	x3,x16,1830	 x16:0x00000000  x3=0x00000000
        1072042	     53500	8000a60e	8cf5f593	andi	x11,x11,-1841	 x11:0xffffdfff x11=0xffffd8cf
        1072062	     53501	8000a612	0000100f	fence.i	
        1072242	     53510	8000a616	00aa29b3	slt	x19,x20,x10	 x20:0xffffffff x10:0x00000000 x19=0x00000001
        1072262	     53511	8000a61a	01b6	c.slli	x3,0xd	  x3:0x00000000  x3=0x00000000
        1072362	     53516	8000a61c	005c0633	add	x12,x24,x5	 x24:0x00000000  x5:0x00000000 x12=0x00000000
        1072382	     53517	8000a620	05e08263	beq	x1,x30,8000a664	  x1:0x0ffffc14 x30:0x00000000
        1072602	     53528	8000a624	03e437b3	mulhu	x15,x8,x30	  x8:0x00000000 x30:0x00000000 x15=0x00000000
        1072762	     53536	8000a628	5b7d	c.li	x22,-1	 x22=0xffffffff
        1072782	     53537	8000a62a	8cb1	c.xor	x9,x12	  x9:0xf2a17100 x12:0x00000000  x9=0xf2a17100
        1072802	     53538	8000a62c	3400faf3	csrrci	x21,mscratch,1	 x21=0x00000011
        1072822	     53539	8000a630	01ef5713	srli	x14,x30,0x1e	 x30:0x00000000 x14=0x00000000
        1072962	     53546	8000a634	0a187993	andi	x19,x16,161	 x16:0x00000000 x19=0x00000000
        1072982	     53547	8000a638	41c28bb3	sub	x23,x5,x28	  x5:0x00000000 x28:0xfffff000 x23=0x00001000
        1073122	     53554	8000a63c	01edd993	srli	x19,x27,0x1e	 x27:0x0000001c x19=0x00000000
        1073142	     53555	8000a640	87cbf613	andi	x12,x23,-1924	 x23:0x00001000 x12=0x00001000
        1073262	     53561	8000a644	f444a293	slti	x5,x9,-188	  x9:0xf2a17100  x5=0x00000001
        1073282	     53562	8000a648	01f61093	slli	x1,x12,0x1f	 x12:0x00001000  x1=0x00000000
        1073302	     53563	8000a64c	01b848b3	xor	x17,x16,x27	 x16:0x00000000 x27:0x0000001c x17=0x0000001c
        1073562	     53576	8000a650	34002873	csrrs	x16,mscratch,x0	  x0:0x00000000 x16=0x00000010
        1073582	     53577	8000a654	00431293	slli	x5,x6,0x4	  x6:0x0000000e  x5=0x000000e0
        1073642	     53580	8000a658	03155463	bge	x10,x17,8000a680	 x10:0x00000000 x17:0x0000001c
        1073802	     53588	8000a65c	02b9d263	bge	x19,x11,8000a680	 x19:0x00000000 x11:0xffffd8cf
        1074082	     53602	8000a680	03f77663	bgeu	x14,x31,8000a6ac	 x14:0x00000000 x31:0xffffffff
        1074262	     53611	8000a684	340ed6f3	csrrwi	x13,mscratch,29	 x13=0x00000010
        1074282	     53612	8000a688	01597fb3	and	x31,x18,x21	 x18:0x00000000 x21:0x00000011 x31=0x00000000
        1074302	     53613	8000a68c	86f1	c.srai	x13,0x1c	 x13:0x00000010 x13=0x00000000
        1074322	     53614	8000a68e	340f67f3	csrrsi	x15,mscratch,30	 x15=0x0000001d
        1074342	     53615	8000a692	8a4f6b93	ori	x23,x30,-1884	 x30:0x00000000 x23=0xfffff8a4
        1074382	     53617	8000a696	12c4b617	auipc	x12,0x12c4b	 x12=0x92c55696
        1074562	     53626	8000a69a	0269a533	mulhsu	x10,x19,x6	 x19:0x00000000  x6:0x0000000e x10=0x00000000
        1074582	     53627	8000a69e	01672533	slt	x10,x14,x22	 x14:0x00000000 x22:0xffffffff x10=0x00000000
        1074762	     53636	8000a6a2	02167bb3	remu	x23,x12,x1	 x12:0x92c55696  x1:0x00000000 x23=0x92c55696
        1074782	     53637	8000a6a6	8cf9	c.and	x9,x14	  x9:0xf2a17100 x14:0x00000000  x9=0x00000000
        1074882	     53642	8000a6a8	69d0e897	auipc	x17,0x69d0e	 x17=0xe9d186a8
        1074902	     53643	8000a6ac	0001	c.addi	x0,0	  x0:0x00000000  x0=0x00000000
        1075002	     53648	8000a6ae	6678fc93	andi	x25,x17,1639	 x17:0xe9d186a8 x25=0x00000620
        1075022	     53649	8000a6b2	ee15	c.bnez	x12,8000a6ee	 x12:0x92c55696
        1076062	     53701	8000a6ee	a268cb13	xori	x22,x17,-1498	 x17:0xe9d186a8 x22=0x162e7c8e
        1076082	     53702	8000a6f2	340021f3	csrrs	x3,mscratch,x0	  x0:0x00000000  x3=0x0000001f
        1076102	     53703	8000a6f6	8d59	c.or	x10,x14	 x10:0x00000000 x14:0x00000000 x10=0x00000000
        1076382	     53717	8000a6f8	34002673	csrrs	x12,mscratch,x0	  x0:0x00000000 x12=0x0000001f
        1076402	     53718	8000a6fc	01844833	xor	x16,x8,x24	  x8:0x00000000 x24:0x00000000 x16=0x00000000
        1076782	     53737	8000a700	415384b3	sub	x9,x7,x21	  x7:0x80025ce4 x21:0x00000011  x9=0x80025cd3
        1077222	     53759	8000a704	02ac1533	mulh	x10,x24,x10	 x24:0x00000000 x10:0x00000000 x10=0x00000000
        1077262	     53761	8000a708	01e170b3	and	x1,x2,x30	  x2:0x80021e30 x30:0x00000000  x1=0x00000000
        1077282	     53762	8000a70c	001cd593	srli	x11,x25,0x1	 x25:0x00000620 x11=0x00000310
        1077302	     53763	8000a710	011824b3	slt	x9,x16,x17	 x16:0x00000000 x17:0xe9d186a8  x9=0x00000000
        1077322	     53764	8000a714	47cb3d97	auipc	x27,0x47cb3	 x27=0xc7cbd714
        1077602	     53778	8000a718	00a8f433	and	x8,x17,x10	 x17:0xe9d186a8 x10:0x00000000  x8=0x00000000
        1077622	     53779	8000a71c	03c78db3	mul	x27,x15,x28	 x15:0x0000001d x28:0xfffff000 x27=0xfffe3000
        1077642	     53780	8000a720	01b69a63	bne	x13,x27,8000a734	 x13:0x00000000 x27:0xfffe3000
        1078322	     53814	8000a734	03ec5c33	divu	x24,x24,x30	 x24:0x00000000 x30:0x00000000 x24=0xffffffff
        1078782	     53837	8000a738	0ff0000f	fence	iorw,iorw	
        1078882	     53842	8000a73c	0368a033	mulhsu	x0,x17,x22	 x17:0xe9d186a8 x22:0x162e7c8e  x0=0x00000000
        1078902	     53843	8000a740	e51d	c.bnez	x10,8000a76e	 x10:0x00000000
        1078922	     53844	8000a742	c215	c.beqz	x12,8000a766	 x12:0x0000001f
        1079062	     53851	8000a744	0000100f	fence.i	
        1079242	     53860	8000a748	0114dc33	srl	x24,x9,x17	  x9:0x00000000 x17:0xe9d186a8 x24=0x00000000
        1079262	     53861	8000a74c	01e17933	and	x18,x2,x30	  x2:0x80021e30 x30:0x00000000 x18=0x00000000
        1079282	     53862	8000a750	0069cf63	blt	x19,x6,8000a76e	 x19:0x00000000  x6:0x0000000e
        1079462	     53871	8000a76e	1ffd	c.addi	x31,-1	 x31:0x00000000 x31=0xffffffff
        1079882	     53892	8000a770	34035073	csrrwi	x0,mscratch,6	  x0=0x00000000
        1080002	     53898	8000a774	c29efa93	andi	x21,x29,-983	 x29:0xfffffd6c x21=0xfffffc28
        1080122	     53904	8000a778	8e95	c.sub	x13,x13	 x13:0x00000000 x13:0x00000000 x13=0x00000000
        1080162	     53906	8000a77a	03b83b33	mulhu	x22,x16,x27	 x16:0x00000000 x27:0xfffe3000 x22=0x00000000
        1080182	     53907	8000a77e	8d2d	c.xor	x10,x11	 x10:0x00000000 x11:0x00000310 x10=0x00000310
        1080362	     53916	8000a780	02d8b8b3	mulhu	x17,x17,x13	 x17:0xe9d186a8 x13:0x00000000 x17=0x00000000
        1080402	     53918	8000a784	0276bcb3	mulhu	x25,x13,x7	 x13:0x00000000  x7:0x80025ce4 x25=0x00000000
        1080542	     53925	8000a788	8ded	c.and	x11,x11	 x11:0x00000310 x11:0x00000310 x11=0x00000310
        1081382	     53967	8000a78a	037365b3	rem	x11,x6,x23	  x6:0x0000000e x23:0x92c55696 x11=0x0000000e
        1081402	     53968	8000a78e	8ef9	c.and	x13,x14	 x13:0x00000000 x14:0x00000000 x13=0x00000000
        1081422	     53969	8000a790	c4758793	addi	x15,x11,-953	 x11:0x0000000e x15=0xfffffc55
        1081442	     53970	8000a794	0536e363	bltu	x13,x19,8000a7da	 x13:0x00000000 x19:0x00000000
        1081482	     53972	8000a798	03c291b3	mulh	x3,x5,x28	  x5:0x000000e0 x28:0xfffff000  x3=0xffffffff
        1081502	     53973	8000a79c	035ed563	bge	x29,x21,8000a7c6	 x29:0xfffffd6c x21:0xfffffc28
        1081622	     53979	8000a7c6	032f55b3	divu	x11,x30,x18	 x30:0x00000000 x18:0x00000000 x11=0xffffffff
        1081782	     53987	8000a7ca	419558b3	sra	x17,x10,x25	 x10:0x00000310 x25:0x00000000 x17=0x00000310
        1081802	     53988	8000a7ce	0001	c.addi	x0,0	  x0:0x00000000  x0=0x00000000
        1081822	     53989	8000a7d0	41b18cb3	sub	x25,x3,x27	  x3:0xffffffff x27:0xfffe3000 x25=0x0001cfff
        1082222	     54009	8000a7d4	00e9	c.addi	x1,26	  x1:0x00000000  x1=0x0000001a
        1082462	     54021	8000a7d6	02a4f663	bgeu	x9,x10,8000a802	  x9:0x00000000 x10:0x00000310
        1082642	     54030	8000a7da	0399aab3	mulhsu	x21,x19,x25	 x19:0x00000000 x25:0x0001cfff x21=0x00000000
        1082662	     54031	8000a7de	98fd	c.andi	x9,-1	  x9:0x00000000  x9=0x00000000
        1082802	     54038	8000a7e0	00c15f93	srli	x31,x2,0xc	  x2:0x80021e30 x31=0x00080021
        1082822	     54039	8000a7e4	008b9b63	bne	x23,x8,8000a7fa	 x23:0x92c55696  x8:0x00000000
        1083722	     54084	8000a7fa	874d	c.srai	x14,0x13	 x14:0x00000000 x14=0x00000000
        1083802	     54088	8000a7fc	340fb773	csrrc	x14,mscratch,x31	 x31:0x00080021 x14=0x00000006
        1084202	     54108	8000a800	6ee5	c.lui	x29,0x19	 x29=0x00019000
        1084222	     54109	8000a802	893e	c.mv	x18,x15	  x0:0x00000000 x15:0xfffffc55 x18=0xfffffc55
        1084962	     54146	8000a804	02b470b3	remu	x1,x8,x11	  x8:0x00000000 x11:0xffffffff  x1=0x00000000
        1084982	     54147	8000a808	0000100f	fence.i	
        1085062	     54151	8000a80c	862d	c.srai	x12,0xb	 x12:0x0000001f x12=0x00000000
        1085102	     54153	8000a80e	022490b3	mulh	x1,x9,x2	  x9:0x00000000  x2:0x80021e30  x1=0x00000000
        1085122	     54154	8000a812	02cd0563	beq	x26,x12,8000a83c	 x26:0x00000000 x12:0x00000000
        1085462	     54171	8000a83c	40e480b3	sub	x1,x9,x14	  x9:0x00000000 x14:0x00000006  x1=0xfffffffa
        1085582	     54177	8000a840	340069f3	csrrsi	x19,mscratch,0	 x19=0x00000006
        1085602	     54178	8000a844	00f3fc63	bgeu	x7,x15,8000a85c	  x7:0x80025ce4 x15:0xfffffc55
        1086742	     54235	8000a848	03f8deb3	divu	x29,x17,x31	 x17:0x00000310 x31:0x00080021 x29=0x00000000
        1086782	     54237	8000a84c	03029033	mulh	x0,x5,x16	  x5:0x000000e0 x16:0x00000000  x0=0x00000000
        1086802	     54238	8000a850	0ff0000f	fence	iorw,iorw	
        1086822	     54239	8000a854	c28ca513	slti	x10,x25,-984	 x25:0x0001cfff x10=0x00000000
        1086842	     54240	8000a858	340020f3	csrrs	x1,mscratch,x0	  x0:0x00000000  x1=0x00000006
        1086862	     54241	8000a85c	3406f8f3	csrrci	x17,mscratch,13	 x17=0x00000006
        1086922	     54244	8000a860	00759813	slli	x16,x11,0x7	 x11:0xffffffff x16=0xffffff80
        1087082	     54252	8000a864	340eb073	csrrc	x0,mscratch,x29	 x29:0x00000000  x0=0x00000000
        1087122	     54254	8000a868	01981863	bne	x16,x25,8000a878	 x16:0xffffff80 x25:0x0001cfff
        1087362	     54266	8000a878	001922b3	slt	x5,x18,x1	 x18:0xfffffc55  x1:0x00000006  x5=0x00000001
        1087522	     54274	8000a87c	003dff33	and	x30,x27,x3	 x27:0xfffe3000  x3:0xffffffff x30=0xfffe3000
        1087542	     54275	8000a880	41765293	srai	x5,x12,0x17	 x12:0x00000000  x5=0x00000000
        1087562	     54276	8000a884	01d45d63	bge	x8,x29,8000a89e	  x8:0x00000000 x29:0x00000000
        1087742	     54285	8000a89e	8199	c.srli	x11,0x6	 x11:0xffffffff x11=0x03ffffff
        1088102	     54303	8000a8a0	eb3f6093	ori	x1,x30,-333	 x30:0xfffe3000  x1=0xfffffeb3
        1088122	     54304	8000a8a4	00f338b3	sltu	x17,x6,x15	  x6:0x0000000e x15:0xfffffc55 x17=0x00000001
        1088142	     54305	8000a8a8	8fad	c.xor	x15,x11	 x15:0xfffffc55 x11:0x03ffffff x15=0xfc0003aa
        1088302	     54313	8000a8aa	2e286193	ori	x3,x16,738	 x16:0xffffff80  x3=0xffffffe2
        1088342	     54315	8000a8ae	01d07263	bgeu	x0,x29,8000a8b2	  x0:0x00000000 x29:0x00000000
        1089062	     54351	8000a8b2	01f03ab3	sltu	x21,x0,x31	  x0:0x00000000 x31:0x00080021 x21=0x00000001
        1089082	     54352	8000a8b6	c60d	c.beqz	x12,8000a8e0	 x12:0x00000000
        1090462	     54421	8000a8e0	40d7d233	sra	x4,x15,x13	 x15:0xfc0003aa x13:0x00000000  x4=0xfc0003aa
        1090482	     54422	8000a8e4	340d65f3	csrrsi	x11,mscratch,26	 x11=0x00000002
        1090602	     54428	8000a8e8	8cd2	c.mv	x25,x20	  x0:0x00000000 x20:0xffffffff x25=0xffffffff
        1091742	     54485	8000a8ea	039afb33	remu	x22,x21,x25	 x21:0x00000001 x25:0xffffffff x22=0x00000001
        1091762	     54486	8000a8ee	01552f33	slt	x30,x10,x21	 x10:0x00000000 x21:0x00000001 x30=0x00000001
        1091782	     54487	8000a8f2	0001	c.addi	x0,0	  x0:0x00000000  x0=0x00000000
        1091802	     54488	8000a8f4	8d19	c.sub	x10,x14	 x10:0x00000000 x14:0x00000006 x10=0xfffffffa
        1092542	     54525	8000a8f6	0348f433	remu	x8,x17,x20	 x17:0x00000001 x20:0xffffffff  x8=0x00000001
        1092562	     54526	8000a8fa	00777eb3	and	x29,x14,x7	 x14:0x00000006  x7:0x80025ce4 x29=0x00000004
        1092582	     54527	8000a8fe	01fe9793	slli	x15,x29,0x1f	 x29:0x00000004 x15=0x00000000
        1092602	     54528	8000a902	00c01893	slli	x17,x0,0xc	  x0:0x00000000 x17=0x00000000
        1092622	     54529	8000a906	8dcd	c.or	x11,x11	 x11:0x00000002 x11:0x00000002 x11=0x00000002
        1092642	     54530	8000a908	46064e93	xori	x29,x12,1120	 x12:0x00000000 x29=0x00000460
        1093382	     54567	8000a90c	03785033	divu	x0,x16,x23	 x16:0xffffff80 x23:0x92c55696  x0=0x00000000
        1093402	     54568	8000a910	19446c13	ori	x24,x8,404	  x8:0x00000001 x24=0x00000195
        1093422	     54569	8000a914	8f71	c.and	x14,x12	 x14:0x00000006 x12:0x00000000 x14=0x00000000
        1093442	     54570	8000a916	05a96163	bltu	x18,x26,8000a958	 x18:0xfffffc55 x26:0x00000000
        1093582	     54577	8000a91a	0ff0000f	fence	iorw,iorw	
        1094362	     54616	8000a91e	03e676b3	remu	x13,x12,x30	 x12:0x00000000 x30:0x00000001 x13=0x00000000
        1094382	     54617	8000a922	0000100f	fence.i	
        1094622	     54629	8000a926	020ddbb3	divu	x23,x27,x0	 x27:0xfffe3000  x0:0x00000000 x23=0xffffffff
        1094642	     54630	8000a92a	8ec5	c.or	x13,x9	 x13:0x00000000  x9:0x00000000 x13=0x00000000
        1094682	     54632	8000a92c	02cf6c33	rem	x24,x30,x12	 x30:0x00000001 x12:0x00000000 x24=0x00000001
        1094702	     54633	8000a930	01ec7733	and	x14,x24,x30	 x24:0x00000001 x30:0x00000001 x14=0x00000001
        1094722	     54634	8000a934	00a92f33	slt	x30,x18,x10	 x18:0xfffffc55 x10:0xfffffffa x30=0x00000001
        1094742	     54635	8000a938	00768263	beq	x13,x7,8000a93c	 x13:0x00000000  x7:0x80025ce4
        1094882	     54642	8000a93c	3d548493	addi	x9,x9,981	  x9:0x00000000  x9=0x000003d5
        1095062	     54651	8000a940	0ff0000f	fence	iorw,iorw	
        1095122	     54654	8000a944	03559433	mulh	x8,x11,x21	 x11:0x00000002 x21:0x00000001  x8=0x00000000
        1095282	     54662	8000a948	0035a9b3	slt	x19,x11,x3	 x11:0x00000002  x3:0xffffffe2 x19=0x00000000
        1095422	     54669	8000a94c	0234c263	blt	x9,x3,8000a970	  x9:0x000003d5  x3:0xffffffe2
        1095842	     54690	8000a950	409e8e33	sub	x28,x29,x9	 x29:0x00000460  x9:0x000003d5 x28=0x0000008b
        1095862	     54691	8000a954	0001	c.addi	x0,0	  x0:0x00000000  x0=0x00000000
        1095882	     54692	8000a956	88c6	c.mv	x17,x17	  x0:0x00000000 x17:0x00000000 x17=0x00000000
        1096022	     54699	8000a958	0000100f	fence.i	
        1097642	     54780	8000a95c	0371ecb3	rem	x25,x3,x23	  x3:0xffffffe2 x23:0xffffffff x25=0x00000000
        1106242	     55210	8000a960	cc9d	c.beqz	x9,8000a99e	  x9:0x000003d5
        1106262	     55211	8000a962	67afbe97	auipc	x29,0x67afb	 x29=0xe7b05962
        1106282	     55212	8000a966	40b48fb3	sub	x31,x9,x11	  x9:0x000003d5 x11:0x00000002 x31=0x000003d3
        1106302	     55213	8000a96a	0067bf33	sltu	x30,x15,x6	 x15:0x00000000  x6:0x0000000e x30=0x00000001
        1106322	     55214	8000a96e	8d6d	c.and	x10,x11	 x10:0xfffffffa x11:0x00000002 x10=0x00000002
        1106342	     55215	8000a970	90b2	c.add	x1,x12	  x1:0xfffffeb3 x12:0x00000000  x1=0xfffffeb3
        1106362	     55216	8000a972	34006df3	csrrsi	x27,mscratch,0	 x27=0x0000001a
        1106622	     55229	8000a976	f9bc4a37	lui	x20,0xf9bc4	 x20=0xf9bc4000
        1106782	     55237	8000a97a	01c84fb3	xor	x31,x16,x28	 x16:0xffffff80 x28:0x0000008b x31=0xffffff0b
        1106802	     55238	8000a97e	8f2d	c.xor	x14,x11	 x14:0x00000001 x11:0x00000002 x14=0x00000003
        1106902	     55243	8000a980	42bc4f13	xori	x30,x24,1067	 x24:0x00000001 x30=0x0000042a
        1106962	     55246	8000a984	000ff833	and	x16,x31,x0	 x31:0xffffff0b  x0:0x00000000 x16=0x00000000
        1107002	     55248	8000a988	04da	c.slli	x9,0x16	  x9:0x000003d5  x9=0xf5400000
        1107022	     55249	8000a98a	0001	c.addi	x0,0	  x0:0x00000000  x0=0x00000000
        1107202	     55258	8000a98c	00d09213	slli	x4,x1,0xd	  x1:0xfffffeb3  x4=0xffd66000
        1107222	     55259	8000a990	0175a733	slt	x14,x11,x23	 x11:0x00000002 x23:0xffffffff x14=0x00000000
        1107282	     55262	8000a994	0001	c.addi	x0,0	  x0:0x00000000  x0=0x00000000
        1107582	     55277	8000a996	340dddf3	csrrwi	x27,mscratch,27	 x27=0x0000001a
        1107622	     55279	8000a99a	028e57b3	divu	x15,x28,x8	 x28:0x0000008b  x8:0x00000000 x15=0xffffffff
        1107642	     55280	8000a99e	0001	c.addi	x0,0	  x0:0x00000000  x0=0x00000000
        1107722	     55284	8000a9a0	34003973	csrrc	x18,mscratch,x0	  x0:0x00000000 x18=0x0000001b
        1107782	     55287	8000a9a4	8e71	c.and	x12,x12	 x12:0x00000000 x12:0x00000000 x12=0x00000000
        1107802	     55288	8000a9a6	0001	c.addi	x0,0	  x0:0x00000000  x0=0x00000000
        1108282	     55312	8000a9a8	340b2af3	csrrs	x21,mscratch,x22	 x22:0x00000001 x21=0x0000001b
        1108402	     55318	8000a9ac	34002673	csrrs	x12,mscratch,x0	  x0:0x00000000 x12=0x0000001b
        1108422	     55319	8000a9b0	03ae5963	bge	x28,x26,8000a9e2	 x28:0x0000008b x26:0x00000000
        1108542	     55325	8000a9e2	7504ca13	xori	x20,x9,1872	  x9:0xf5400000 x20=0xf5400750
        1108562	     55326	8000a9e6	d0ccb493	sltiu	x9,x25,-756	 x25:0x00000000  x9=0x00000001
        1108582	     55327	8000a9ea	6845	c.lui	x16,0x11	 x16=0x00011000
        1109102	     55353	8000a9ec	adefb913	sltiu	x18,x31,-1314	 x31:0xffffff0b x18=0x00000000
        1110242	     55410	8000a9f0	024d55b3	divu	x11,x26,x4	 x26:0x00000000  x4:0xffd66000 x11=0x00000000
        1110262	     55411	8000a9f4	8879	c.andi	x8,30	  x8:0x00000000  x8=0x00000000
        1110282	     55412	8000a9f6	9446	c.add	x8,x17	  x8:0x00000000 x17:0x00000000  x8=0x00000000
        1110302	     55413	8000a9f8	50fd	c.li	x1,-1	  x1=0xffffffff
        1110322	     55414	8000a9fa	0000100f	fence.i	
        1110742	     55435	8000a9fe	029ebdb3	mulhu	x27,x29,x9	 x29:0xe7b05962  x9:0x00000001 x27=0x00000000
        1111142	     55455	8000aa02	7783ce13	xori	x28,x7,1912	  x7:0x80025ce4 x28=0x80025b9c
        1111162	     55456	8000aa06	025d7d63	bgeu	x26,x5,8000aa40	 x26:0x00000000  x5:0x00000000
        1111442	     55470	8000aa40	3406fc73	csrrci	x24,mscratch,13	 x24=0x0000001b
        1111462	     55471	8000aa44	7a528193	addi	x3,x5,1957	  x5:0x00000000  x3=0x000007a5
        1111482	     55472	8000aa48	8d85	c.sub	x11,x9	 x11:0x00000000  x9:0x00000001 x11=0xffffffff
        1111502	     55473	8000aa4a	02937c63	bgeu	x6,x9,8000aa82	  x6:0x0000000e  x9:0x00000001
        1111962	     55496	8000aa82	00663f33	sltu	x30,x12,x6	 x12:0x0000001b  x6:0x0000000e x30=0x00000000
        1111982	     55497	8000aa86	34001e73	csrrw	x28,mscratch,x0	  x0:0x00000000 x28=0x00000012
        1112002	     55498	8000aa8a	01fbfbb3	and	x23,x23,x31	 x23:0xffffffff x31:0xffffff0b x23=0xffffff0b
        1112022	     55499	8000aa8e	032c0063	beq	x24,x18,8000aaae	 x24:0x0000001b x18:0x00000000
        1112222	     55509	8000aa92	01189863	bne	x17,x17,8000aaa2	 x17:0x00000000 x17:0x00000000
        1112282	     55512	8000aa96	0038e5b3	or	x11,x17,x3	 x17:0x00000000  x3:0x000007a5 x11=0x000007a5
        1112322	     55514	8000aa9a	0399ffb3	remu	x31,x19,x25	 x19:0x00000000 x25:0x00000000 x31=0x00000000
        1113062	     55551	8000aa9e	023b7db3	remu	x27,x22,x3	 x22:0x00000001  x3:0x000007a5 x27=0x00000001
        1113802	     55588	8000aaa2	02307933	remu	x18,x0,x3	  x0:0x00000000  x3:0x000007a5 x18=0x00000000
        1113822	     55589	8000aaa6	01b6c863	blt	x13,x27,8000aab6	 x13:0x00000000 x27:0x00000001
        1113942	     55595	8000aab6	02534fb3	div	x31,x6,x5	  x6:0x0000000e  x5:0x00000000 x31=0xffffffff
        1113962	     55596	8000aaba	03a34963	blt	x6,x26,8000aaec	  x6:0x0000000e x26:0x00000000
        1114042	     55600	8000aabe	03f488b3	mul	x17,x9,x31	  x9:0x00000001 x31:0xffffffff x17=0xffffffff
        1114062	     55601	8000aac2	8d92a493	slti	x9,x5,-1831	  x5:0x00000000  x9=0x00000000
        1114082	     55602	8000aac6	8e11	c.sub	x12,x12	 x12:0x0000001b x12:0x0000001b x12=0x00000000
        1114262	     55611	8000aac8	8c95	c.sub	x9,x13	  x9:0x00000000 x13:0x00000000  x9=0x00000000
        1114282	     55612	8000aaca	008d9eb3	sll	x29,x27,x8	 x27:0x00000001  x8:0x00000000 x29=0x00000001
        1114302	     55613	8000aace	0f15	c.addi	x30,5	 x30:0x00000000 x30=0x00000005
        1114322	     55614	8000aad0	031a8063	beq	x21,x17,8000aaf0	 x21:0x0000001b x17:0xffffffff
        1114722	     55634	8000aad4	3404d373	csrrwi	x6,mscratch,9	  x6=0x00000000
        1114802	     55638	8000aad8	01ee	c.slli	x3,0x1b	  x3:0x000007a5  x3=0x28000000
        1114822	     55639	8000aada	c605	c.beqz	x12,8000ab02	 x12:0x00000000
        1115222	     55659	8000ab02	ef99	c.bnez	x15,8000ab20	 x15:0xffffffff
        1115262	     55661	8000ab20	557d	c.li	x10,-1	 x10=0xffffffff
        1115282	     55662	8000ab22	8ed2	c.mv	x29,x20	  x0:0x00000000 x20:0xf5400750 x29=0xf5400750
        1115882	     55692	8000ab24	02b3df63	bge	x7,x11,8000ab62	  x7:0x80025ce4 x11:0x000007a5
        1115962	     55696	8000ab28	085a	c.slli	x16,0x16	 x16:0x00011000 x16=0x00000000
        1115982	     55697	8000ab2a	c0967613	andi	x12,x12,-1015	 x12:0x00000000 x12=0x00000000
        1116282	     55712	8000ab2e	40f98bb3	sub	x23,x19,x15	 x19:0x00000000 x15:0xffffffff x23=0x00000001
        1116302	     55713	8000ab32	047c6463	bltu	x24,x7,8000ab7a	 x24:0x0000001b  x7:0x80025ce4
        1117442	     55770	8000ab7a	03629333	mulh	x6,x5,x22	  x5:0x00000000 x22:0x00000001  x6=0x00000000
        1117562	     55776	8000ab7e	5bcd4c13	xori	x24,x26,1468	 x26:0x00000000 x24=0x000005bc
        1117582	     55777	8000ab82	8ea5	c.xor	x13,x9	 x13:0x00000000  x9:0x00000000 x13=0x00000000
        1117622	     55779	8000ab84	8c41	c.or	x8,x8	  x8:0x00000000  x8:0x00000000  x8=0x00000000
        1117642	     55780	8000ab86	8fa2	c.mv	x31,x8	  x0:0x00000000  x8:0x00000000 x31=0x00000000
        1117662	     55781	8000ab88	0001	c.addi	x0,0	  x0:0x00000000  x0=0x00000000
        1117682	     55782	8000ab8a	02de8363	beq	x29,x13,8000abb0	 x29:0xf5400750 x13:0x00000000
        1117702	     55783	8000ab8e	9c36	c.add	x24,x13	 x24:0x000005bc x13:0x00000000 x24=0x000005bc
        1118082	     55802	8000ab90	01e73f33	sltu	x30,x14,x30	 x14:0x00000000 x30:0x00000005 x30=0x00000001
        1118102	     55803	8000ab94	025adc63	bge	x21,x5,8000abcc	 x21:0x0000001b  x5:0x00000000
        1118902	     55843	8000abcc	41805833	sra	x16,x0,x24	  x0:0x00000000 x24:0x000005bc x16=0x00000000
        1119082	     55852	8000abd0	02158f63	beq	x11,x1,8000ac0e	 x11:0x000007a5  x1:0xffffffff
        1119102	     55853	8000abd4	34002773	csrrs	x14,mscratch,x0	  x0:0x00000000 x14=0x00000009
        1119182	     55857	8000abd8	029c9263	bne	x25,x9,8000abfc	 x25:0x00000000  x9:0x00000000
        1119602	     55878	8000abdc	41b80bb3	sub	x23,x16,x27	 x16:0x00000000 x27:0x00000001 x23=0xffffffff
        1119622	     55879	8000abe0	0000100f	fence.i	
        1120022	     55899	8000abe4	0001	c.addi	x0,0	  x0:0x00000000  x0=0x00000000
        1120762	     55936	8000abe6	02fcc533	div	x10,x25,x15	 x25:0x00000000 x15:0xffffffff x10=0x00000000
        1120782	     55937	8000abea	340ab873	csrrc	x16,mscratch,x21	 x21:0x0000001b x16=0x00000009
        1120802	     55938	8000abee	89de	c.mv	x19,x23	  x0:0x00000000 x23:0xffffffff x19=0xffffffff
        1120822	     55939	8000abf0	03dd8b63	beq	x27,x29,8000ac26	 x27:0x00000001 x29:0xf5400750
        1120842	     55940	8000abf4	340a96f3	csrrw	x13,mscratch,x21	 x21:0x0000001b x13=0x00000000
        1120862	     55941	8000abf8	34003cf3	csrrc	x25,mscratch,x0	  x0:0x00000000 x25=0x0000001b
        1120902	     55943	8000abfc	02311033	mulh	x0,x2,x3	  x2:0x80021e30  x3:0x28000000  x0=0x00000000
        1120922	     55944	8000ac00	8e3d	c.xor	x12,x15	 x12:0x00000000 x15:0xffffffff x12=0xffffffff
        1120942	     55945	8000ac02	012ba633	slt	x12,x23,x18	 x23:0xffffffff x18:0x00000000 x12=0x00000001
        1120962	     55946	8000ac06	8e81	c.sub	x13,x8	 x13:0x00000000  x8:0x00000000 x13=0x00000000
        1121042	     55950	8000ac08	8789	c.srai	x15,0x2	 x15:0xffffffff x15=0xffffffff
        1121242	     55960	8000ac0a	6295fb13	andi	x22,x11,1577	 x11:0x000007a5 x22=0x00000621
        1121262	     55961	8000ac0e	80b2	c.mv	x1,x12	  x0:0x00000000 x12:0x00000001  x1=0x00000001
        1121282	     55962	8000ac10	8d45	c.or	x10,x9	 x10:0x00000000  x9:0x00000000 x10=0x00000000
        1122022	     55999	8000ac12	0345efb3	rem	x31,x11,x20	 x11:0x000007a5 x20:0xf5400750 x31=0x000007a5
        1122042	     56000	8000ac16	00a75f13	srli	x30,x14,0xa	 x14:0x00000009 x30=0x00000000
        1122062	     56001	8000ac1a	0001	c.addi	x0,0	  x0:0x00000000  x0=0x00000000
        1122082	     56002	8000ac1c	05eb6463	bltu	x22,x30,8000ac64	 x22:0x00000621 x30:0x00000000
        1122102	     56003	8000ac20	3406d5f3	csrrwi	x11,mscratch,13	 x11=0x0000001b
        1122122	     56004	8000ac24	0712	c.slli	x14,0x4	 x14:0x00000009 x14=0x00000090
        1122142	     56005	8000ac26	7359cc93	xori	x25,x19,1845	 x19:0xffffffff x25=0xfffff8ca
        1122162	     56006	8000ac2a	036d6163	bltu	x26,x22,8000ac4c	 x26:0x00000000 x22:0x00000621
        1122222	     56009	8000ac4c	43e04d93	xori	x27,x0,1086	  x0:0x00000000 x27=0x0000043e
        1122642	     56030	8000ac50	015a1433	sll	x8,x20,x21	 x20:0xf5400750 x21:0x0000001b  x8=0x80000000
        1122662	     56031	8000ac54	0014fa33	and	x20,x9,x1	  x9:0x00000000  x1:0x00000001 x20=0x00000000
        1123082	     56052	8000ac58	01ef9633	sll	x12,x31,x30	 x31:0x000007a5 x30:0x00000000 x12=0x000007a5
        1123102	     56053	8000ac5c	5e26fe93	andi	x29,x13,1506	 x13:0x00000000 x29=0x00000000
        1123522	     56074	8000ac60	0179d913	srli	x18,x19,0x17	 x19:0xffffffff x18=0x000001ff
        1123542	     56075	8000ac64	8ca5	c.xor	x9,x9	  x9:0x00000000  x9:0x00000000  x9=0x00000000
        1123962	     56096	8000ac66	00e49963	bne	x9,x14,8000ac78	  x9:0x00000000 x14:0x00000090
        1124822	     56139	8000ac78	0cfe	c.slli	x25,0x1f	 x25:0xfffff8ca x25=0x00000000
        1124862	     56141	8000ac7a	03dc56b3	divu	x13,x24,x29	 x24:0x000005bc x29:0x00000000 x13=0xffffffff
        1124882	     56142	8000ac7e	89fa	c.mv	x19,x30	  x0:0x00000000 x30:0x00000000 x19=0x00000000
        1125082	     56152	8000ac80	3409a5f3	csrrs	x11,mscratch,x19	 x19:0x00000000 x11=0x0000000d
        1125142	     56155	8000ac84	0dd2d7b7	lui	x15,0xdd2d	 x15=0x0dd2d000
        1125162	     56156	8000ac88	01477e63	bgeu	x14,x20,8000aca4	 x14:0x00000090 x20:0x00000000
        1126222	     56209	8000aca4	96b6	c.add	x13,x13	 x13:0xffffffff x13:0xffffffff x13=0xfffffffe
        1126282	     56212	8000aca6	340524f3	csrrs	x9,mscratch,x10	 x10:0x00000000  x9=0x0000000d
        1126302	     56213	8000acaa	0001	c.addi	x0,0	  x0:0x00000000  x0=0x00000000
        1126322	     56214	8000acac	6cc1	c.lui	x25,0x10	 x25=0x00010000
        1126482	     56222	8000acae	40278433	sub	x8,x15,x2	 x15:0x0dd2d000  x2:0x80021e30  x8=0x8dd0b1d0
        1126682	     56232	8000acb2	01e158b3	srl	x17,x2,x30	  x2:0x80021e30 x30:0x00000000 x17=0x80021e30
        1126702	     56233	8000acb6	01b69f63	bne	x13,x27,8000acd4	 x13:0xfffffffe x27:0x0000043e
        1127822	     56289	8000acd4	cf8d	c.beqz	x15,8000ad0e	 x15:0x0dd2d000
        1128142	     56305	8000acd6	03dde463	bltu	x27,x29,8000acfe	 x27:0x0000043e x29:0x00000000
        1128202	     56308	8000acda	4197ddb3	sra	x27,x15,x25	 x15:0x0dd2d000 x25:0x00010000 x27=0x0dd2d000
        1128322	     56314	8000acde	34007e73	csrrci	x28,mscratch,0	 x28=0x0000000d
        1128382	     56317	8000ace2	340031f3	csrrc	x3,mscratch,x0	  x0:0x00000000  x3=0x0000000d
        1128482	     56322	8000ace6	0231b5b3	mulhu	x11,x3,x3	  x3:0x0000000d  x3:0x0000000d x11=0x00000000
        1128542	     56325	8000acea	00f4d213	srli	x4,x9,0xf	  x9:0x0000000d  x4=0x00000000
        1128962	     56346	8000acee	02afd063	bge	x31,x10,8000ad0e	 x31:0x000007a5 x10:0x00000000
        1129622	     56379	8000ad0e	003c5713	srli	x14,x24,0x3	 x24:0x000005bc x14=0x000000b7
        1129822	     56389	8000ad12	00588233	add	x4,x17,x5	 x17:0x80021e30  x5:0x00000000  x4=0x80021e30
        1129882	     56392	8000ad16	28a1cf93	xori	x31,x3,650	  x3:0x0000000d x31=0x00000287
        1130002	     56398	8000ad1a	02c32ab3	mulhsu	x21,x6,x12	  x6:0x00000000 x12:0x000007a5 x21=0x00000000
        1130022	     56399	8000ad1e	cb0d	c.beqz	x14,8000ad50	 x14:0x000000b7
        1130042	     56400	8000ad20	4011d293	srai	x5,x3,0x1	  x3:0x0000000d  x5=0x00000006
        1130782	     56437	8000ad24	03834633	div	x12,x6,x24	  x6:0x00000000 x24:0x000005bc x12=0x00000000
        1130802	     56438	8000ad28	8939	c.andi	x10,14	 x10:0x00000000 x10=0x00000000
        1130822	     56439	8000ad2a	8f9d	c.sub	x15,x15	 x15:0x0dd2d000 x15:0x0dd2d000 x15=0x00000000
        1131562	     56476	8000ad2c	0291d1b3	divu	x3,x3,x9	  x3:0x0000000d  x9:0x0000000d  x3=0x00000001
        1131582	     56477	8000ad30	34006e73	csrrsi	x28,mscratch,0	 x28=0x0000000d
        1131602	     56478	8000ad34	00383f33	sltu	x30,x16,x3	 x16:0x00000009  x3:0x00000001 x30=0x00000000
        1131622	     56479	8000ad38	03c68563	beq	x13,x28,8000ad62	 x13:0xfffffffe x28:0x0000000d
        1131642	     56480	8000ad3c	9a056c13	ori	x24,x10,-1632	 x10:0x00000000 x24=0xfffff9a0
        1131662	     56481	8000ad40	01ccdab3	srl	x21,x25,x28	 x25:0x00010000 x28:0x0000000d x21=0x00000008
        1131682	     56482	8000ad44	340c7973	csrrci	x18,mscratch,24	 x18=0x0000000d
        1131742	     56485	8000ad48	039d95b3	mulh	x11,x27,x25	 x27:0x0dd2d000 x25:0x00010000 x11=0x00000dd2
        1131942	     56495	8000ad4c	03a4c033	div	x0,x9,x26	  x9:0x0000000d x26:0x00000000  x0=0x00000000
        1132362	     56516	8000ad50	0381ba33	mulhu	x20,x3,x24	  x3:0x00000001 x24:0xfffff9a0 x20=0x00000000
        1132402	     56518	8000ad54	03e6c9b3	div	x19,x13,x30	 x13:0xfffffffe x30:0x00000000 x19=0xffffffff
        1132502	     56523	8000ad58	01e76533	or	x10,x14,x30	 x14:0x000000b7 x30:0x00000000 x10=0x000000b7
        1132682	     56532	8000ad5c	12fd	c.addi	x5,-1	  x5:0x00000006  x5=0x00000005
        1132702	     56533	8000ad5e	8a19	c.andi	x12,6	 x12:0x00000000 x12=0x00000000
        1132762	     56536	8000ad60	c719	c.beqz	x14,8000ad6e	 x14:0x000000b7
        1132782	     56537	8000ad62	34002cf3	csrrs	x25,mscratch,x0	  x0:0x00000000 x25=0x00000005
        1132802	     56538	8000ad66	016d6263	bltu	x26,x22,8000ad6a	 x26:0x00000000 x22:0x00000621
        1133222	     56559	8000ad6a	00cb9e33	sll	x28,x23,x12	 x23:0xffffffff x12:0x00000000 x28=0xffffffff
        1133242	     56560	8000ad6e	01e86fb3	or	x31,x16,x30	 x16:0x00000009 x30:0x00000000 x31=0x00000009
        1133262	     56561	8000ad72	8ded	c.and	x11,x11	 x11:0x00000dd2 x11:0x00000dd2 x11=0x00000dd2
        1133302	     56563	8000ad74	0283aeb3	mulhsu	x29,x7,x8	  x7:0x80025ce4  x8:0x8dd0b1d0 x29=0xb918f62e
        1133662	     56581	8000ad78	0be9	c.addi	x23,26	 x23:0xffffffff x23=0x00000019
        1133682	     56582	8000ad7a	340fd0f3	csrrwi	x1,mscratch,31	  x1=0x00000005
        1133702	     56583	8000ad7e	0088f933	and	x18,x17,x8	 x17:0x80021e30  x8:0x8dd0b1d0 x18=0x80001010
        1133722	     56584	8000ad82	0001	c.addi	x0,0	  x0:0x00000000  x0=0x00000000
        1133742	     56585	8000ad84	0ff0000f	fence	iorw,iorw	
        1133922	     56594	8000ad88	34051ff3	csrrw	x31,mscratch,x10	 x10:0x000000b7 x31=0x0000001f
        1133942	     56595	8000ad8c	e6706213	ori	x4,x0,-409	  x0:0x00000000  x4=0xfffffe67
        1133962	     56596	8000ad90	8e2d	c.xor	x12,x11	 x12:0x00000000 x11:0x00000dd2 x12=0x00000dd2
        1133982	     56597	8000ad92	2639d197	auipc	x3,0x2639d	  x3=0xa63a7d92
        1134502	     56623	8000ad96	34001973	csrrw	x18,mscratch,x0	  x0:0x00000000 x18=0x000000b7
        1134602	     56628	8000ad9a	ab88ea93	ori	x21,x17,-1352	 x17:0x80021e30 x21=0xfffffeb8
        1134642	     56630	8000ad9e	02d429b3	mulhsu	x19,x8,x13	  x8:0x8dd0b1d0 x13:0xfffffffe x19=0x8dd0b1d0
        1134662	     56631	8000ada2	0001	c.addi	x0,0	  x0:0x00000000  x0=0x00000000
        1134682	     56632	8000ada4	8645	c.srai	x12,0x11	 x12:0x00000dd2 x12=0x00000000
        1134702	     56633	8000ada6	40c15333	sra	x6,x2,x12	  x2:0x80021e30 x12:0x00000000  x6=0x80021e30
        1134722	     56634	8000adaa	c82eef13	ori	x30,x29,-894	 x29:0xb918f62e x30=0xfffffeae
        1135762	     56686	8000adae	027148b3	div	x17,x2,x7	  x2:0x80021e30  x7:0x80025ce4 x17=0x00000001
        1135782	     56687	8000adb2	020889b3	mul	x19,x17,x0	 x17:0x00000001  x0:0x00000000 x19=0x00000000
        1135802	     56688	8000adb6	69e1	c.lui	x19,0x18	 x19=0x00018000
        1135822	     56689	8000adb8	5f79a993	slti	x19,x19,1527	 x19:0x00018000 x19=0x00000000
        1136562	     56726	8000adbc	030cc333	div	x6,x25,x16	 x25:0x00000005 x16:0x00000009  x6=0x00000000
        1136582	     56727	8000adc0	ca7d0a93	addi	x21,x26,-857	 x26:0x00000000 x21=0xfffffca7
        1136602	     56728	8000adc4	00bd5193	srli	x3,x26,0xb	 x26:0x00000000  x3=0x00000000
        1136642	     56730	8000adc8	03593a33	mulhu	x20,x18,x21	 x18:0x000000b7 x21:0xfffffca7 x20=0x000000b6
        1136662	     56731	8000adcc	01a6e7b3	or	x15,x13,x26	 x13:0xfffffffe x26:0x00000000 x15=0xfffffffe
        1137402	     56768	8000add0	03ff7fb3	remu	x31,x30,x31	 x30:0xfffffeae x31:0x0000001f x31=0x00000007
        1137422	     56769	8000add4	08e6	c.slli	x17,0x19	 x17:0x00000001 x17=0x02000000
        1137442	     56770	8000add6	002991b3	sll	x3,x19,x2	 x19:0x00000000  x2:0x80021e30  x3=0x00000000
        1137462	     56771	8000adda	0001	c.addi	x0,0	  x0:0x00000000  x0=0x00000000
        1137482	     56772	8000addc	0ff0000f	fence	iorw,iorw	
        1137522	     56774	8000ade0	03306b33	rem	x22,x0,x19	  x0:0x00000000 x19:0x00000000 x22=0x00000000
        1137542	     56775	8000ade4	036ffc63	bgeu	x31,x22,8000ae1c	 x31:0x00000007 x22:0x00000000
        1148402	     57318	8000ae1c	40525433	sra	x8,x4,x5	  x4:0xfffffe67  x5:0x00000005  x8=0xfffffff3
        1148422	     57319	8000ae20	8cd1	c.or	x9,x12	  x9:0x0000000d x12:0x00000000  x9=0x0000000d
        1148442	     57320	8000ae22	e895	c.bnez	x9,8000ae56	  x9:0x0000000d
        1148782	     57337	8000ae56	01700663	beq	x0,x23,8000ae62	  x0:0x00000000 x23:0x00000019
        1149522	     57374	8000ae5a	02f7fc33	remu	x24,x15,x15	 x15:0xfffffffe x15:0xfffffffe x24=0x00000000
        1149542	     57375	8000ae5e	0001	c.addi	x0,0	  x0:0x00000000  x0=0x00000000
        1149562	     57376	8000ae60	0001	c.addi	x0,0	  x0:0x00000000  x0=0x00000000
        1149582	     57377	8000ae62	0001	c.addi	x0,0	  x0:0x00000000  x0=0x00000000
        1149602	     57378	8000ae64	8cfd	c.and	x9,x15	  x9:0x0000000d x15:0xfffffffe  x9=0x0000000c
        1149622	     57379	8000ae66	69e18f93	addi	x31,x3,1694	  x3:0x00000000 x31=0x0000069e
        1149642	     57380	8000ae6a	40d75d93	srai	x27,x14,0xd	 x14:0x000000b7 x27=0x00000000
        1149682	     57382	8000ae6e	03c726b3	mulhsu	x13,x14,x28	 x14:0x000000b7 x28:0xffffffff x13=0x000000b6
        1149702	     57383	8000ae72	1f7d	c.addi	x30,-1	 x30:0xfffffeae x30=0xfffffead
        1149722	     57384	8000ae74	ea8d	c.bnez	x13,8000aea6	 x13:0x000000b6
        1150882	     57442	8000aea6	03d08363	beq	x1,x29,8000aecc	  x1:0x00000005 x29:0xb918f62e
        1151622	     57479	8000aeaa	024f4a33	div	x20,x30,x4	 x30:0xfffffead  x4:0xfffffe67 x20=0x00000000
        1151642	     57480	8000aeae	91d2	c.add	x3,x20	  x3:0x00000000 x20:0x00000000  x3=0x00000000
        1151662	     57481	8000aeb0	55880193	addi	x3,x16,1368	 x16:0x00000009  x3=0x00000561
        1151682	     57482	8000aeb4	00e45613	srli	x12,x8,0xe	  x8:0xfffffff3 x12=0x0003ffff
        1151702	     57483	8000aeb8	00ec8ab3	add	x21,x25,x14	 x25:0x00000005 x14:0x000000b7 x21=0x000000bc
        1151722	     57484	8000aebc	043e	c.slli	x8,0xf	  x8:0xfffffff3  x8=0xfff98000
        1152462	     57521	8000aebe	023657b3	divu	x15,x12,x3	 x12:0x0003ffff  x3:0x00000561 x15=0x000000be
        1153202	     57558	8000aec2	039a5f33	divu	x30,x20,x25	 x20:0x00000000 x25:0x00000005 x30=0x00000000
        1153222	     57559	8000aec6	8d85	c.sub	x11,x9	 x11:0x00000dd2  x9:0x0000000c x11=0x00000dc6
        1153242	     57560	8000aec8	40e70233	sub	x4,x14,x14	 x14:0x000000b7 x14:0x000000b7  x4=0x00000000
        1153262	     57561	8000aecc	b0d82213	slti	x4,x16,-1267	 x16:0x00000009  x4=0x00000000
        1153282	     57562	8000aed0	34002573	csrrs	x10,mscratch,x0	  x0:0x00000000 x10=0x00000000
        1153302	     57563	8000aed4	fe7e8a13	addi	x20,x29,-25	 x29:0xb918f62e x20=0xb918f615
        1153322	     57564	8000aed8	00de	c.slli	x1,0x17	  x1:0x00000005  x1=0x02800000
        1153342	     57565	8000aeda	05076163	bltu	x14,x16,8000af1c	 x14:0x000000b7 x16:0x00000009
        1153382	     57567	8000aede	b3bee797	auipc	x15,0xb3bee	 x15=0x33bf8ede
        1153482	     57572	8000aee2	01e41db3	sll	x27,x8,x30	  x8:0xfff98000 x30:0x00000000 x27=0xfff98000
        1153502	     57573	8000aee6	017f6633	or	x12,x30,x23	 x30:0x00000000 x23:0x00000019 x12=0x00000019
        1153522	     57574	8000aeea	8e2d	c.xor	x12,x11	 x12:0x00000019 x11:0x00000dc6 x12=0x00000ddf
        1153542	     57575	8000aeec	0000100f	fence.i	
        1154042	     57600	8000aef0	00101833	sll	x16,x0,x1	  x0:0x00000000  x1:0x02800000 x16=0x00000000
        1154202	     57608	8000aef4	02f08a33	mul	x20,x1,x15	  x1:0x02800000 x15:0x33bf8ede x20=0x2b000000
        1154222	     57609	8000aef8	00c429b3	slt	x19,x8,x12	  x8:0xfff98000 x12:0x00000ddf x19=0x00000001
        1154342	     57615	8000aefc	02778463	beq	x15,x7,8000af24	 x15:0x33bf8ede  x7:0x80025ce4
        1154362	     57616	8000af00	03edd263	bge	x27,x30,8000af24	 x27:0xfff98000 x30:0x00000000
        1154402	     57618	8000af04	008dff63	bgeu	x27,x8,8000af22	 x27:0xfff98000  x8:0xfff98000
        1155122	     57654	8000af22	66b5	c.lui	x13,0xd	 x13=0x0000d000
        1155142	     57655	8000af24	9742	c.add	x14,x16	 x14:0x000000b7 x16:0x00000000 x14=0x000000b7
        1155342	     57665	8000af26	006b4a63	blt	x22,x6,8000af3a	 x22:0x00000000  x6:0x00000000
        1155462	     57671	8000af2a	0ff0000f	fence	iorw,iorw	
        1155502	     57673	8000af2e	02dda433	mulhsu	x8,x27,x13	 x27:0xfff98000 x13:0x0000d000  x8=0xfffffffa
        1155522	     57674	8000af32	34012c73	csrrs	x24,mscratch,x2	  x2:0x80021e30 x24=0x00000000
        1155542	     57675	8000af36	025a	c.slli	x4,0x16	  x4:0x00000000  x4=0x00000000
        1155562	     57676	8000af38	0ef6	c.slli	x29,0x1d	 x29:0xb918f62e x29=0xc0000000
        1155882	     57692	8000af3a	00f24633	xor	x12,x4,x15	  x4:0x00000000 x15:0x33bf8ede x12=0x33bf8ede
        1155922	     57694	8000af3e	00891cb3	sll	x25,x18,x8	 x18:0x000000b7  x8:0xfffffffa x25=0xdc000000
        1156222	     57709	8000af42	003978b3	and	x17,x18,x3	 x18:0x000000b7  x3:0x00000561 x17=0x00000021
        1156242	     57710	8000af46	40525833	sra	x16,x4,x5	  x4:0x00000000  x5:0x00000005 x16=0x00000000
        1156262	     57711	8000af4a	01707733	and	x14,x0,x23	  x0:0x00000000 x23:0x00000019 x14=0x00000000
        1157002	     57748	8000af4e	032cf433	remu	x8,x25,x18	 x25:0xdc000000 x18:0x000000b7  x8=0x00000082
        1157042	     57750	8000af52	03e7df33	divu	x30,x15,x30	 x15:0x33bf8ede x30:0x00000000 x30=0xffffffff
        1157782	     57787	8000af56	031575b3	remu	x11,x10,x17	 x10:0x00000000 x17:0x00000021 x11=0x00000000
        1157802	     57788	8000af5a	010aacb3	slt	x25,x21,x16	 x21:0x000000bc x16:0x00000000 x25=0x00000000
        1157822	     57789	8000af5e	8ed5	c.or	x13,x13	 x13:0x0000d000 x13:0x0000d000 x13=0x0000d000
        1157842	     57790	8000af60	02b78233	mul	x4,x15,x11	 x15:0x33bf8ede x11:0x00000000  x4=0x00000000
        1157862	     57791	8000af64	340229f3	csrrs	x19,mscratch,x4	  x4:0x00000000 x19=0x80021e30
        1157882	     57792	8000af68	3400d573	csrrwi	x10,mscratch,1	 x10=0x80021e30
        1157902	     57793	8000af6c	00756a33	or	x20,x10,x7	 x10:0x80021e30  x7:0x80025ce4 x20=0x80025ef4
        1158302	     57813	8000af70	f0b63a93	sltiu	x21,x12,-245	 x12:0x33bf8ede x21=0x00000001
        1158322	     57814	8000af74	03690633	mul	x12,x18,x22	 x18:0x000000b7 x22:0x00000000 x12=0x00000000
        1158382	     57817	8000af78	34003973	csrrc	x18,mscratch,x0	  x0:0x00000000 x18=0x00000001
        1158542	     57825	8000af7c	0001	c.addi	x0,0	  x0:0x00000000  x0=0x00000000
        1158562	     57826	8000af7e	0001	c.addi	x0,0	  x0:0x00000000  x0=0x00000000
        1159402	     57868	8000af80	021b5cb3	divu	x25,x22,x1	 x22:0x00000000  x1:0x02800000 x25=0x00000000
        1159422	     57869	8000af84	9bfd	c.andi	x15,-1	 x15:0x33bf8ede x15=0x33bf8ede
        1159442	     57870	8000af86	0030b6b3	sltu	x13,x1,x3	  x1:0x02800000  x3:0x00000561 x13=0x00000000
        1159462	     57871	8000af8a	01e0a2b3	slt	x5,x1,x30	  x1:0x02800000 x30:0xffffffff  x5=0x00000000
        1159482	     57872	8000af8e	0000100f	fence.i	
        1159582	     57877	8000af92	8d0d	c.sub	x10,x11	 x10:0x80021e30 x11:0x00000000 x10=0x80021e30
        1159602	     57878	8000af94	03e6e063	bltu	x13,x30,8000afb4	 x13:0x00000000 x30:0xffffffff
        1159822	     57889	8000afb4	039674b3	remu	x9,x12,x25	 x12:0x00000000 x25:0x00000000  x9=0x00000000
        1160242	     57910	8000afb8	0228b9b3	mulhu	x19,x17,x2	 x17:0x00000021  x2:0x80021e30 x19=0x00000010
        1160342	     57915	8000afbc	01151593	slli	x11,x10,0x11	 x10:0x80021e30 x11=0x3c600000
        1160742	     57935	8000afc0	3406faf3	csrrci	x21,mscratch,13	 x21=0x00000001
        1160762	     57936	8000afc4	0001	c.addi	x0,0	  x0:0x00000000  x0=0x00000000
        1161502	     57973	8000afc6	0214fc33	remu	x24,x9,x1	  x9:0x00000000  x1:0x02800000 x24=0x00000000
        1161522	     57974	8000afca	e3730f93	addi	x31,x6,-457	  x6:0x00000000 x31=0xfffffe37
        1161542	     57975	8000afce	0001	c.addi	x0,0	  x0:0x00000000  x0=0x00000000
        1161562	     57976	8000afd0	8c61	c.and	x8,x8	  x8:0x00000082  x8:0x00000082  x8=0x00000082
        1161582	     57977	8000afd2	d79abe13	sltiu	x28,x21,-647	 x21:0x00000001 x28=0x00000001
        1161602	     57978	8000afd6	44026593	ori	x11,x4,1088	  x4:0x00000000 x11=0x00000440
        1161622	     57979	8000afda	b978e513	ori	x10,x17,-1129	 x17:0x00000021 x10=0xfffffbb7
        1161742	     57985	8000afde	01ca5093	srli	x1,x20,0x1c	 x20:0x80025ef4  x1=0x00000008
        1161762	     57986	8000afe2	9b7d	c.andi	x14,-1	 x14:0x00000000 x14=0x00000000
        1161782	     57987	8000afe4	0001	c.addi	x0,0	  x0:0x00000000  x0=0x00000000
        1161862	     57991	8000afe6	0348d463	bge	x17,x20,8000b00e	 x17:0x00000021 x20:0x80025ef4
        1162822	     58039	8000b00e	ec22f093	andi	x1,x5,-318	  x5:0x00000000  x1=0x00000000
        1162842	     58040	8000b012	ec91	c.bnez	x9,8000b02e	  x9:0x00000000
        1163202	     58058	8000b014	12c9b497	auipc	x9,0x12c9b	  x9=0x92ca6014
        1163222	     58059	8000b018	01ea80b3	add	x1,x21,x30	 x21:0x00000001 x30:0xffffffff  x1=0x00000000
        1163382	     58067	8000b01c	1410f913	andi	x18,x1,321	  x1:0x00000000 x18=0x00000000
        1163422	     58069	8000b020	02edc8b3	div	x17,x27,x14	 x27:0xfff98000 x14:0x00000000 x17=0xffffffff
        1163442	     58070	8000b024	0001	c.addi	x0,0	  x0:0x00000000  x0=0x00000000
        1163462	     58071	8000b026	03a38633	mul	x12,x7,x26	  x7:0x80025ce4 x26:0x00000000 x12=0x00000000
        1163482	     58072	8000b02a	3406da73	csrrwi	x20,mscratch,13	 x20=0x00000000
        1164322	     58114	8000b02e	037cfeb3	remu	x29,x25,x23	 x25:0x00000000 x23:0x00000019 x29=0x00000000
        1164342	     58115	8000b032	416c8db3	sub	x27,x25,x22	 x25:0x00000000 x22:0x00000000 x27=0x00000000
        1164362	     58116	8000b036	0001	c.addi	x0,0	  x0:0x00000000  x0=0x00000000
        1164382	     58117	8000b038	01a670b3	and	x1,x12,x26	 x12:0x00000000 x26:0x00000000  x1=0x00000000
        1164402	     58118	8000b03c	40b8dd93	srai	x27,x17,0xb	 x17:0xffffffff x27=0xffffffff
        1164582	     58127	8000b040	02ef5163	bge	x30,x14,8000b062	 x30:0xffffffff x14:0x00000000
        1164642	     58130	8000b044	34087073	csrrci	x0,mscratch,16	  x0=0x00000000
        1164782	     58137	8000b048	0059d2b3	srl	x5,x19,x5	 x19:0x00000010  x5:0x00000000  x5=0x00000010
        1165002	     58148	8000b04c	03f93433	mulhu	x8,x18,x31	 x18:0x00000000 x31:0xfffffe37  x8=0x00000000
        1165022	     58149	8000b050	003518b3	sll	x17,x10,x3	 x10:0xfffffbb7  x3:0x00000561 x17=0xfffff76e
        1165422	     58169	8000b054	0269	c.addi	x4,26	  x4:0x00000000  x4=0x0000001a
        1165442	     58170	8000b056	c315	c.beqz	x14,8000b07a	 x14:0x00000000
        1166362	     58216	8000b07a	340cd973	csrrwi	x18,mscratch,25	 x18=0x0000000d
        1166382	     58217	8000b07e	406ede33	sra	x28,x29,x6	 x29:0x00000000  x6:0x00000000 x28=0x00000000
        1166542	     58225	8000b082	01f0fcb3	and	x25,x1,x31	  x1:0x00000000 x31:0xfffffe37 x25=0x00000000
        1166562	     58226	8000b086	00a84763	blt	x16,x10,8000b094	 x16:0x00000000 x10:0xfffffbb7
        1166762	     58236	8000b08a	00bd9763	bne	x27,x11,8000b098	 x27:0xffffffff x11:0x00000440
        1167762	     58286	8000b098	008c8bb3	add	x23,x25,x8	 x25:0x00000000  x8:0x00000000 x23=0x00000000
        1167782	     58287	8000b09c	00949633	sll	x12,x9,x9	  x9:0x92ca6014  x9:0x92ca6014 x12=0x01400000
        1168202	     58308	8000b0a0	27c69097	auipc	x1,0x27c69	  x1=0xa7c740a0
        1168242	     58310	8000b0a4	03c919b3	mulh	x19,x18,x28	 x18:0x0000000d x28:0x00000000 x19=0x00000000
        1168262	     58311	8000b0a8	8742	c.mv	x14,x16	  x0:0x00000000 x16:0x00000000 x14=0x00000000
        1168282	     58312	8000b0aa	09cae293	ori	x5,x21,156	 x21:0x00000001  x5=0x0000009d
        1168342	     58315	8000b0ae	01d1bbb3	sltu	x23,x3,x29	  x3:0x00000561 x29:0x00000000 x23=0x00000000
        1168582	     58327	8000b0b2	012298b3	sll	x17,x5,x18	  x5:0x0000009d x18:0x0000000d x17=0x0013a000
        1169502	     58373	8000b0b6	027df9b3	remu	x19,x27,x7	 x27:0xffffffff  x7:0x80025ce4 x19=0x7ffda31b
        1169522	     58374	8000b0ba	0023c2b7	lui	x5,0x23c	  x5=0x0023c000
        1169542	     58375	8000b0be	01e40233	add	x4,x8,x30	  x8:0x00000000 x30:0xffffffff  x4=0xffffffff
        1169562	     58376	8000b0c2	01d4b833	sltu	x16,x9,x29	  x9:0x92ca6014 x29:0x00000000 x16=0x00000000
        1169582	     58377	8000b0c6	00554a33	xor	x20,x10,x5	 x10:0xfffffbb7  x5:0x0023c000 x20=0xffdc3bb7
        1169602	     58378	8000b0ca	00c65793	srli	x15,x12,0xc	 x12:0x01400000 x15=0x00001400
        1169682	     58382	8000b0ce	05256163	bltu	x10,x18,8000b110	 x10:0xfffffbb7 x18:0x0000000d
        1169722	     58384	8000b0d2	02e85e33	divu	x28,x16,x14	 x16:0x00000000 x14:0x00000000 x28=0xffffffff
        1169982	     58397	8000b0d6	039757b3	divu	x15,x14,x25	 x14:0x00000000 x25:0x00000000 x15=0xffffffff
        1170042	     58400	8000b0da	417451b3	sra	x3,x8,x23	  x8:0x00000000 x23:0x00000000  x3=0x00000000
        1170062	     58401	8000b0de	020b8063	beq	x23,x0,8000b0fe	 x23:0x00000000  x0:0x00000000
        1171042	     58450	8000b0fe	0520e263	bltu	x1,x18,8000b142	  x1:0xa7c740a0 x18:0x0000000d
        1171082	     58452	8000b102	02b89333	mulh	x6,x17,x11	 x17:0x0013a000 x11:0x00000440  x6=0x00000000
        1171102	     58453	8000b106	72e897b7	lui	x15,0x72e89	 x15=0x72e89000
        1171122	     58454	8000b10a	0f8e	c.slli	x31,0x3	 x31:0xfffffe37 x31=0xfffff1b8
        1171142	     58455	8000b10c	418d5e33	sra	x28,x26,x24	 x26:0x00000000 x24:0x00000000 x28=0x00000000
        1171322	     58464	8000b110	41d1	c.li	x3,20	  x3=0x00000014
        1171342	     58465	8000b112	02f38b33	mul	x22,x7,x15	  x7:0x80025ce4 x15:0x72e89000 x22=0x0ae04000
        1171502	     58473	8000b116	03a6bab3	mulhu	x21,x13,x26	 x13:0x00000000 x26:0x00000000 x21=0x00000000
        1171522	     58474	8000b11a	cf19	c.beqz	x14,8000b138	 x14:0x00000000
        1172402	     58518	8000b138	01fa5433	srl	x8,x20,x31	 x20:0xffdc3bb7 x31:0xfffff1b8  x8=0x000000ff
        1172422	     58519	8000b13c	86ed	c.srai	x13,0x1b	 x13:0x00000000 x13=0x00000000
        1172442	     58520	8000b13e	a4910b13	addi	x22,x2,-1463	  x2:0x80021e30 x22=0x80021879
        1172502	     58523	8000b142	0000100f	fence.i	
        1172942	     58545	8000b146	0025c1b3	xor	x3,x11,x2	 x11:0x00000440  x2:0x80021e30  x3=0x80021a70
        1173082	     58552	8000b14a	0ff0000f	fence	iorw,iorw	
        1173102	     58553	8000b14e	0252	c.slli	x4,0x14	  x4:0xffffffff  x4=0xfff00000
        1173122	     58554	8000b150	8229	c.srli	x12,0xa	 x12:0x01400000 x12=0x00005000
        1173302	     58563	8000b152	3403a073	csrrs	x0,mscratch,x7	  x7:0x80025ce4  x0=0x00000000
        1173582	     58577	8000b156	01f150b3	srl	x1,x2,x31	  x2:0x80021e30 x31:0xfffff1b8  x1=0x00000080
        1173602	     58578	8000b15a	8f6e	c.mv	x30,x27	  x0:0x00000000 x27:0xffffffff x30=0xffffffff
        1173622	     58579	8000b15c	4090d613	srai	x12,x1,0x9	  x1:0x00000080 x12=0x00000000
        1173642	     58580	8000b160	8765	c.srai	x14,0x19	 x14:0x00000000 x14=0x00000000
        1173662	     58581	8000b162	4171dc93	srai	x25,x3,0x17	  x3:0x80021a70 x25=0xffffff00
        1173702	     58583	8000b166	037bd8b3	divu	x17,x23,x23	 x23:0x00000000 x23:0x00000000 x17=0xffffffff
        1173722	     58584	8000b16a	4a6afa93	andi	x21,x21,1190	 x21:0x00000000 x21=0x00000000
        1174042	     58600	8000b16e	0377f563	bgeu	x15,x23,8000b198	 x15:0x72e89000 x23:0x00000000
        1174802	     58638	8000b198	6095	c.lui	x1,0x5	  x1=0x00005000
        1174822	     58639	8000b19a	cfec2693	slti	x13,x24,-770	 x24:0x00000000 x13=0x00000000
        1174842	     58640	8000b19e	99fd	c.andi	x11,-1	 x11:0x00000440 x11=0x00000440
        1175022	     58649	8000b1a0	00621033	sll	x0,x4,x6	  x4:0xfff00000  x6:0x00000000  x0=0x00000000
        1175102	     58653	8000b1a4	00b85c33	srl	x24,x16,x11	 x16:0x00000000 x11:0x00000440 x24=0x00000000
        1175242	     58660	8000b1a8	043e	c.slli	x8,0xf	  x8:0x000000ff  x8=0x007f8000
        1175402	     58668	8000b1aa	34002bf3	csrrs	x23,mscratch,x0	  x0:0x00000000 x23=0x80025cfd
        1175462	     58671	8000b1ae	041a4063	blt	x20,x1,8000b1ee	 x20:0xffdc3bb7  x1:0x00005000
        1176042	     58700	8000b1ee	34007cf3	csrrci	x25,mscratch,0	 x25=0x80025cfd
        1176062	     58701	8000b1f2	34062cf3	csrrs	x25,mscratch,x12	 x12:0x00000000 x25=0x80025cfd
        1176402	     58718	8000b1f6	01635e33	srl	x28,x6,x22	  x6:0x00000000 x22:0x80021879 x28=0x00000000
        1176422	     58719	8000b1fa	834d	c.srli	x14,0x13	 x14:0x00000000 x14=0x00000000
        1176442	     58720	8000b1fc	0001	c.addi	x0,0	  x0:0x00000000  x0=0x00000000
        1176482	     58722	8000b1fe	00257733	and	x14,x10,x2	 x10:0xfffffbb7  x2:0x80021e30 x14=0x80021a30
        1176502	     58723	8000b202	8e66	c.mv	x28,x25	  x0:0x00000000 x25:0x80025cfd x28=0x80025cfd
        1176522	     58724	8000b204	34002b73	csrrs	x22,mscratch,x0	  x0:0x00000000 x22=0x80025cfd
        1176802	     58738	8000b208	eb89	c.bnez	x15,8000b21a	 x15:0x72e89000
        1177962	     58796	8000b21a	64dd	c.lui	x9,0x17	  x9=0x00017000
        1177982	     58797	8000b21c	000d5993	srli	x19,x26,0x0	 x26:0x00000000 x19=0x00000000
        1178402	     58818	8000b220	00874db3	xor	x27,x14,x8	 x14:0x80021a30  x8:0x007f8000 x27=0x807d9a30
        1178422	     58819	8000b224	ed11	c.bnez	x10,8000b240	 x10:0xfffffbb7
        1178922	     58844	8000b240	03ae0433	mul	x8,x28,x26	 x28:0x80025cfd x26:0x00000000  x8=0x00000000
        1178942	     58845	8000b244	009eb1b3	sltu	x3,x29,x9	 x29:0x00000000  x9:0x00017000  x3=0x00000001
        1179142	     58855	8000b248	340c55f3	csrrwi	x11,mscratch,24	 x11=0x80025cfd
        1179182	     58857	8000b24c	40335513	srai	x10,x6,0x3	  x6:0x00000000 x10=0x00000000
        1179202	     58858	8000b250	00817cb3	and	x25,x2,x8	  x2:0x80021e30  x8:0x00000000 x25=0x00000000
        1179382	     58867	8000b254	00510533	add	x10,x2,x5	  x2:0x80021e30  x5:0x0023c000 x10=0x8025de30
        1179402	     58868	8000b258	8f85	c.sub	x15,x9	 x15:0x72e89000  x9:0x00017000 x15=0x72e72000
        1179442	     58870	8000b25a	02d0a5b3	mulhsu	x11,x1,x13	  x1:0x00005000 x13:0x00000000 x11=0x00000000
        1179462	     58871	8000b25e	55662a13	slti	x20,x12,1366	 x12:0x00000000 x20=0x00000001
        1179502	     58873	8000b262	1708ad93	slti	x27,x17,368	 x17:0xffffffff x27=0x00000001
        1179542	     58875	8000b266	405651b3	sra	x3,x12,x5	 x12:0x00000000  x5:0x0023c000  x3=0x00000000
        1179562	     58876	8000b26a	02ddc863	blt	x27,x13,8000b29a	 x27:0x00000001 x13:0x00000000
        1179982	     58897	8000b26e	3401f8f3	csrrci	x17,mscratch,3	 x17=0x00000018
        1180042	     58900	8000b272	0000100f	fence.i	
        1181142	     58955	8000b276	014d0cb3	add	x25,x26,x20	 x26:0x00000000 x20:0x00000001 x25=0x00000001
        1181342	     58965	8000b27a	000fbb33	sltu	x22,x31,x0	 x31:0xfffff1b8  x0:0x00000000 x22=0x00000000
        1181362	     58966	8000b27e	01d93eb3	sltu	x29,x18,x29	 x18:0x0000000d x29:0x00000000 x29=0x00000000
        1181402	     58968	8000b282	038b71b3	remu	x3,x22,x24	 x22:0x00000000 x24:0x00000000  x3=0x00000000
        1181682	     58982	8000b286	012af263	bgeu	x21,x18,8000b28a	 x21:0x00000000 x18:0x0000000d
        1181702	     58983	8000b28a	00c76433	or	x8,x14,x12	 x14:0x80021a30 x12:0x00000000  x8=0x80021a30
        1181782	     58987	8000b28e	4053d493	srai	x9,x7,0x5	  x7:0x80025ce4  x9=0xfc0012e7
        1181822	     58989	8000b292	00c895b3	sll	x11,x17,x12	 x17:0x00000018 x12:0x00000000 x11=0x00000018
        1181842	     58990	8000b296	00af0e33	add	x28,x30,x10	 x30:0xffffffff x10:0x8025de30 x28=0x8025de2f
        1181862	     58991	8000b29a	d51d7b93	andi	x23,x26,-687	 x26:0x00000000 x23=0x00000000
        1181882	     58992	8000b29e	34dc1e37	lui	x28,0x34dc1	 x28=0x34dc1000
        1181902	     58993	8000b2a2	8f4d	c.or	x14,x11	 x14:0x80021a30 x11:0x00000018 x14=0x80021a38
        1181922	     58994	8000b2a4	00ca7cb3	and	x25,x20,x12	 x20:0x00000001 x12:0x00000000 x25=0x00000000
        1181942	     58995	8000b2a8	8939	c.andi	x10,14	 x10:0x8025de30 x10=0x00000000
        1182062	     59001	8000b2aa	012c5cb3	srl	x25,x24,x18	 x24:0x00000000 x18:0x0000000d x25=0x00000000
        1182102	     59003	8000b2ae	039672b3	remu	x5,x12,x25	 x12:0x00000000 x25:0x00000000  x5=0x00000000
        1182882	     59042	8000b2b2	03f0edb3	rem	x27,x1,x31	  x1:0x00005000 x31:0xfffff1b8 x27=0x00000898
        1182902	     59043	8000b2b6	05f6c463	blt	x13,x31,8000b2fe	 x13:0x00000000 x31:0xfffff1b8
        1182922	     59044	8000b2ba	056b8063	beq	x23,x22,8000b2fa	 x23:0x00000000 x22:0x00000000
        1183402	     59068	8000b2fa	34003673	csrrc	x12,mscratch,x0	  x0:0x00000000 x12=0x00000018
        1183422	     59069	8000b2fe	40ecd613	srai	x12,x25,0xe	 x25:0x00000000 x12=0x00000000
        1183602	     59078	8000b302	00700d63	beq	x0,x7,8000b31c	  x0:0x00000000  x7:0x80025ce4
        1183722	     59084	8000b306	01367cb3	and	x25,x12,x19	 x12:0x00000000 x19:0x00000000 x25=0x00000000
        1183742	     59085	8000b30a	867d	c.srai	x12,0x1f	 x12:0x00000000 x12=0x00000000
        1183982	     59097	8000b30c	925a	c.add	x4,x22	  x4:0xfff00000 x22:0x00000000  x4=0xfff00000
        1184002	     59098	8000b30e	011b7333	and	x6,x22,x17	 x22:0x00000000 x17:0x00000018  x6=0x00000000
        1184022	     59099	8000b312	ef51f997	auipc	x19,0xef51f	 x19=0x6f52a312
        1184042	     59100	8000b316	85fd	c.srai	x11,0x1f	 x11:0x00000018 x11=0x00000000
        1184062	     59101	8000b318	01028db3	add	x27,x5,x16	  x5:0x00000000 x16:0x00000000 x27=0x00000000
        1184122	     59104	8000b31c	01eaf4b3	and	x9,x21,x30	 x21:0x00000000 x30:0xffffffff  x9=0x00000000
        1184542	     59125	8000b320	340061f3	csrrsi	x3,mscratch,0	  x3=0x00000018
        1184702	     59133	8000b324	04e7d163	bge	x15,x14,8000b366	 x15:0x72e72000 x14:0x80021a38
        1188342	     59315	8000b366	01a45f93	srli	x31,x8,0x1a	  x8:0x80021a30 x31=0x00000020
        1188362	     59316	8000b36a	82ed	c.srli	x13,0x1b	 x13:0x00000000 x13=0x00000000
        1188382	     59317	8000b36c	8f2d	c.xor	x14,x11	 x14:0x80021a38 x11:0x00000000 x14=0x80021a38
        1188402	     59318	8000b36e	8f2d	c.xor	x14,x11	 x14:0x80021a38 x11:0x00000000 x14=0x80021a38
        1188442	     59320	8000b370	03086c33	rem	x24,x16,x16	 x16:0x00000000 x16:0x00000000 x24=0x00000000
        1188462	     59321	8000b374	0000100f	fence.i	
        1188562	     59326	8000b378	0374f5b3	remu	x11,x9,x23	  x9:0x00000000 x23:0x00000000 x11=0x00000000
        1188582	     59327	8000b37c	8d01	c.sub	x10,x8	 x10:0x00000000  x8:0x80021a30 x10=0x7ffde5d0
        1188842	     59340	8000b37e	0347af33	mulhsu	x30,x15,x20	 x15:0x72e72000 x20:0x00000001 x30=0x00000000
        1188862	     59341	8000b382	8bf9	c.andi	x15,30	 x15:0x72e72000 x15=0x00000000
        1188882	     59342	8000b384	307acc13	xori	x24,x21,775	 x21:0x00000000 x24=0x00000307
        1188902	     59343	8000b388	00525fb3	srl	x31,x4,x5	  x4:0xfff00000  x5:0x00000000 x31=0xfff00000
        1189262	     59361	8000b38c	00238263	beq	x7,x2,8000b390	  x7:0x80025ce4  x2:0x80021e30
        1189282	     59362	8000b390	0ff0000f	fence	iorw,iorw	
        1189382	     59367	8000b394	8ca9	c.xor	x9,x10	  x9:0x00000000 x10:0x7ffde5d0  x9=0x7ffde5d0
        1189402	     59368	8000b396	8e19	c.sub	x12,x14	 x12:0x00000000 x14:0x80021a38 x12=0x7ffde5c8
        1189582	     59377	8000b398	000c42b3	xor	x5,x24,x0	 x24:0x00000307  x0:0x00000000  x5=0x00000307
        1189602	     59378	8000b39c	5f194093	xori	x1,x18,1521	 x18:0x0000000d  x1=0x000005fc
        1189802	     59388	8000b3a0	e00adc97	auipc	x25,0xe00ad	 x25=0x600b83a0
        1190222	     59409	8000b3a4	00bd0a33	add	x20,x26,x11	 x26:0x00000000 x11:0x00000000 x20=0x00000000
        1190242	     59410	8000b3a8	00becfb3	xor	x31,x29,x11	 x29:0x00000000 x11:0x00000000 x31=0x00000000
        1190342	     59415	8000b3ac	64b1	c.lui	x9,0xc	  x9=0x0000c000
        1190362	     59416	8000b3ae	0047a0b3	slt	x1,x15,x4	 x15:0x00000000  x4:0xfff00000  x1=0x00000000
        1190782	     59437	8000b3b2	019c4263	blt	x24,x25,8000b3b6	 x24:0x00000307 x25:0x600b83a0
        1191502	     59473	8000b3b6	f2a16a93	ori	x21,x2,-214	  x2:0x80021e30 x21=0xffffff3a
        1191522	     59474	8000b3ba	8c2d	c.xor	x8,x11	  x8:0x80021a30 x11:0x00000000  x8=0x80021a30
        1191922	     59494	8000b3bc	e9b06f13	ori	x30,x0,-357	  x0:0x00000000 x30=0xfffffe9b
        1191942	     59495	8000b3c0	416354b3	sra	x9,x6,x22	  x6:0x00000000 x22:0x00000000  x9=0x00000000
        1191962	     59496	8000b3c4	340219f3	csrrw	x19,mscratch,x4	  x4:0xfff00000 x19=0x00000018
        1191982	     59497	8000b3c8	60223993	sltiu	x19,x4,1538	  x4:0xfff00000 x19=0x00000000
        1192002	     59498	8000b3cc	1cf20e93	addi	x29,x4,463	  x4:0xfff00000 x29=0xfff001cf
        1192242	     59510	8000b3d0	340b9ef3	csrrw	x29,mscratch,x23	 x23:0x00000000 x29=0xfff00000
        1192422	     59519	8000b3d4	89ff4593	xori	x11,x30,-1889	 x30:0xfffffe9b x11=0x00000604
        1192782	     59537	8000b3d8	340061f3	csrrsi	x3,mscratch,0	  x3=0x00000000
        1193002	     59548	8000b3dc	030526b3	mulhsu	x13,x10,x16	 x10:0x7ffde5d0 x16:0x00000000 x13=0x00000000
        1193402	     59568	8000b3e0	03678bb3	mul	x23,x15,x22	 x15:0x00000000 x22:0x00000000 x23=0x00000000
        1193422	     59569	8000b3e4	41110b33	sub	x22,x2,x17	  x2:0x80021e30 x17:0x00000018 x22=0x80021e18
        1193502	     59573	8000b3e8	029f6533	rem	x10,x30,x9	 x30:0xfffffe9b  x9:0x00000000 x10=0xfffffe9b
        1193522	     59574	8000b3ec	038dd363	bge	x27,x24,8000b412	 x27:0x00000000 x24:0x00000307
        1193542	     59575	8000b3f0	8e96	c.mv	x29,x5	  x0:0x00000000  x5:0x00000307 x29=0x00000307
        1193562	     59576	8000b3f2	8e05	c.sub	x12,x9	 x12:0x7ffde5c8  x9:0x00000000 x12=0x7ffde5c8
        1193582	     59577	8000b3f4	4009d213	srai	x4,x19,0x0	 x19:0x00000000  x4=0x00000000
        1193602	     59578	8000b3f8	03515b63	bge	x2,x21,8000b42e	  x2:0x80021e30 x21:0xffffff3a
        1193702	     59583	8000b3fc	0505	c.addi	x10,1	 x10:0xfffffe9b x10=0xfffffe9c
        1194582	     59627	8000b3fe	03106e33	rem	x28,x0,x17	  x0:0x00000000 x17:0x00000018 x28=0x00000000
        1194602	     59628	8000b402	03385263	bge	x16,x19,8000b426	 x16:0x00000000 x19:0x00000000
        1195142	     59655	8000b426	402a8c33	sub	x24,x21,x2	 x21:0xffffff3a  x2:0x80021e30 x24=0x7ffde10a
        1195162	     59656	8000b42a	01d2d533	srl	x10,x5,x29	  x5:0x00000307 x29:0x00000307 x10=0x00000006
        1195182	     59657	8000b42e	9752ba93	sltiu	x21,x5,-1675	  x5:0x00000307 x21=0x00000001
        1195202	     59658	8000b432	c399	c.beqz	x15,8000b438	 x15:0x00000000
        1195722	     59684	8000b438	039d1ab3	mulh	x21,x26,x25	 x26:0x00000000 x25:0x600b83a0 x21=0x00000000
        1195882	     59692	8000b43c	972e	c.add	x14,x11	 x14:0x80021a38 x11:0x00000604 x14=0x8002203c
        1195902	     59693	8000b43e	86b99837	lui	x16,0x86b99	 x16=0x86b99000
        1195922	     59694	8000b442	34002973	csrrs	x18,mscratch,x0	  x0:0x00000000 x18=0x00000000
        1196382	     59717	8000b446	4b92	c.lwsp	x23,4(x2)	  x2:0x80021e30 x23=0x80003ae8 PA:0x80021e34 load:0x80003ae8
        1196402	     59718	8000b448	c59c7c13	andi	x24,x24,-935	 x24:0x7ffde10a x24=0x7ffde008
        1196462	     59721	8000b44c	02810113	addi	x2,x2,40	  x2:0x80021e30  x2=0x80021e58
        1196482	     59722	8000b450	01806ab3	or	x21,x0,x24	  x0:0x00000000 x24:0x7ffde008 x21=0x7ffde008
        1196502	     59723	8000b454	000b8813	addi	x16,x23,0	 x23:0x80003ae8 x16=0x80003ae8
        1196582	     59727	8000b458	00080867	jalr	x16,0(x16)	 x16:0x80003ae8 x16=0x8000b45c
        1197362	     59766	80003ae8	0113dcb3	srl	x25,x7,x17	  x7:0x80025ce4 x17:0x00000018 x25=0x00000080
        1197522	     59774	80003aec	01bff463	bgeu	x31,x27,80003af4	 x31:0x00000000 x27:0x00000000
        1197982	     59797	80003af4	015ad313	srli	x6,x21,0x15	 x21:0x7ffde008  x6=0x000003ff
        1199122	     59854	80003af8	02c958b3	divu	x17,x18,x12	 x18:0x00000000 x12:0x7ffde5c8 x17=0x00000000
        1199162	     59856	80003afc	039b1233	mulh	x4,x22,x25	 x22:0x80021e18 x25:0x00000080  x4=0xffffffc0
        1199182	     59857	80003b00	d3190893	addi	x17,x18,-719	 x18:0x00000000 x17=0xfffffd31
        1199202	     59858	80003b04	4f943a13	sltiu	x20,x8,1273	  x8:0x80021a30 x20=0x00000000
        1199222	     59859	80003b08	8db5	c.xor	x11,x13	 x11:0x00000604 x13:0x00000000 x11=0x00000604
        1199242	     59860	80003b0a	893e	c.mv	x18,x15	  x0:0x00000000 x15:0x00000000 x18=0x00000000
        1199262	     59861	80003b0c	0121c233	xor	x4,x3,x18	  x3:0x00000000 x18:0x00000000  x4=0x00000000
        1200102	     59903	80003b10	037bec33	rem	x24,x23,x23	 x23:0x80003ae8 x23:0x80003ae8 x24=0x00000000
        1200122	     59904	80003b14	00ed39b3	sltu	x19,x26,x14	 x26:0x00000000 x14:0x8002203c x19=0x00000001
        1200142	     59905	80003b18	41008ab3	sub	x21,x1,x16	  x1:0x00000000 x16:0x8000b45c x21=0x7fff4ba4
        1200162	     59906	80003b1c	002b96b3	sll	x13,x23,x2	 x23:0x80003ae8  x2:0x80021e58 x13=0xe8000000
        1200182	     59907	80003b20	340027f3	csrrs	x15,mscratch,x0	  x0:0x00000000 x15=0x00000000
        1200202	     59908	80003b24	50fd	c.li	x1,-1	  x1=0xffffffff
        1200222	     59909	80003b26	81e9	c.srli	x11,0x1a	 x11:0x00000604 x11=0x00000000
        1200362	     59916	80003b28	8e29	c.xor	x12,x10	 x12:0x7ffde5c8 x10:0x00000006 x12=0x7ffde5ce
        1200382	     59917	80003b2a	408952b3	sra	x5,x18,x8	 x18:0x00000000  x8:0x80021a30  x5=0x00000000
        1200402	     59918	80003b2e	0001	c.addi	x0,0	  x0:0x00000000  x0=0x00000000
        1200622	     59929	80003b30	01f15993	srli	x19,x2,0x1f	  x2:0x80021e58 x19=0x00000001
        1200882	     59942	80003b34	0054ca33	xor	x20,x9,x5	  x9:0x00000000  x5:0x00000000 x20=0x00000000
        1201202	     59958	80003b38	00854863	blt	x10,x8,80003b48	 x10:0x00000006  x8:0x80021a30
        1201602	     59978	80003b3c	02ae8c63	beq	x29,x10,80003b74	 x29:0x00000307 x10:0x00000006
        1201622	     59979	80003b40	406408b3	sub	x17,x8,x6	  x8:0x80021a30  x6:0x000003ff x17=0x80021631
        1202002	     59998	80003b44	012775b3	and	x11,x14,x18	 x14:0x8002203c x18:0x00000000 x11=0x00000000
        1202022	     59999	80003b48	41d28cb3	sub	x25,x5,x29	  x5:0x00000000 x29:0x00000307 x25=0xfffffcf9
        1202282	     60012	80003b4c	8f2d	c.xor	x14,x11	 x14:0x8002203c x11:0x00000000 x14=0x8002203c
        1202482	     60022	80003b4e	01064db3	xor	x27,x12,x16	 x12:0x7ffde5ce x16:0x8000b45c x27=0xfffd5192
        1202502	     60023	80003b52	c7683b93	sltiu	x23,x16,-906	 x16:0x8000b45c x23=0x00000001
        1202522	     60024	80003b56	841d	c.srai	x8,0x7	  x8:0x80021a30  x8=0xff000434
        1202542	     60025	80003b58	0001	c.addi	x0,0	  x0:0x00000000  x0=0x00000000
        1202602	     60028	80003b5a	0201ec33	rem	x24,x3,x0	  x3:0x00000000  x0:0x00000000 x24=0x00000000
        1202622	     60029	80003b5e	3404f1f3	csrrci	x3,mscratch,9	  x3=0x00000000
        1202642	     60030	80003b62	00619093	slli	x1,x3,0x6	  x3:0x00000000  x1=0x00000000
        1202682	     60032	80003b66	0127b0b3	sltu	x1,x15,x18	 x15:0x00000000 x18:0x00000000  x1=0x00000000
        1202702	     60033	80003b6a	34059b73	csrrw	x22,mscratch,x11	 x11:0x00000000 x22=0x00000000
        1202742	     60035	80003b6e	021499b3	mulh	x19,x9,x1	  x9:0x00000000  x1:0x00000000 x19=0x00000000
        1202762	     60036	80003b72	0001	c.addi	x0,0	  x0:0x00000000  x0=0x00000000
        1202782	     60037	80003b74	3408f573	csrrci	x10,mscratch,17	 x10=0x00000000
        1202802	     60038	80003b78	10b4c537	lui	x10,0x10b4c	 x10=0x10b4c000
        1202822	     60039	80003b7c	01b85013	srli	x0,x16,0x1b	 x16:0x8000b45c  x0=0x00000000
        1203082	     60052	80003b80	02d0d463	bge	x1,x13,80003ba8	  x1:0x00000000 x13:0xe8000000
        1203222	     60059	80003ba8	8fb5	c.xor	x15,x13	 x15:0x00000000 x13:0xe8000000 x15=0xe8000000
        1203602	     60078	80003baa	4292fc13	andi	x24,x5,1065	  x5:0x00000000 x24=0x00000000
        1203622	     60079	80003bae	848e	c.mv	x9,x3	  x0:0x00000000  x3:0x00000000  x9=0x00000000
        1203762	     60086	80003bb0	1e609517	auipc	x10,0x1e609	 x10=0x9e60cbb0
        1203782	     60087	80003bb4	8d21	c.xor	x10,x8	 x10:0x9e60cbb0  x8:0xff000434 x10=0x6160cf84
        1204202	     60108	80003bb6	036a4e63	blt	x20,x22,80003bf2	 x20:0x00000000 x22:0x00000000
        1204342	     60115	80003bba	03e63c33	mulhu	x24,x12,x30	 x12:0x7ffde5ce x30:0xfffffe9b x24=0x7ffde51b
        1205082	     60152	80003bbe	028d7533	remu	x10,x26,x8	 x26:0x00000000  x8:0xff000434 x10=0x00000000
        1205102	     60153	80003bc2	0170cfb3	xor	x31,x1,x23	  x1:0x00000000 x23:0x00000001 x31=0x00000001
        1205122	     60154	80003bc6	01b7c463	blt	x15,x27,80003bce	 x15:0xe8000000 x27:0xfffd5192
        1205562	     60176	80003bce	0000100f	fence.i	
        1206302	     60213	80003bd2	0001	c.addi	x0,0	  x0:0x00000000  x0=0x00000000
        1206502	     60223	80003bd4	7f71f197	auipc	x3,0x7f71f	  x3=0xff722bd4
        1206542	     60225	80003bd8	3400d7f3	csrrwi	x15,mscratch,1	 x15=0x00000000
        1206762	     60236	80003bdc	029a2433	mulhsu	x8,x20,x9	 x20:0x00000000  x9:0x00000000  x8=0x00000000
        1206782	     60237	80003be0	eb184997	auipc	x19,0xeb184	 x19=0x6b187be0
        1206802	     60238	80003be4	0001	c.addi	x0,0	  x0:0x00000000  x0=0x00000000
        1207722	     60284	80003be6	02e87033	remu	x0,x16,x14	 x16:0x8000b45c x14:0x8002203c  x0=0x00000000
        1207742	     60285	80003bea	0135cdb3	xor	x27,x11,x19	 x11:0x00000000 x19:0x6b187be0 x27=0x6b187be0
        1207842	     60290	80003bee	02d7fe63	bgeu	x15,x13,80003c2a	 x15:0x00000000 x13:0xe8000000
        1207862	     60291	80003bf2	00365513	srli	x10,x12,0x3	 x12:0x7ffde5ce x10=0x0fffbcb9
        1207882	     60292	80003bf6	41965633	sra	x12,x12,x25	 x12:0x7ffde5ce x25:0xfffffcf9 x12=0x0000003f
        1207902	     60293	80003bfa	9dc6	c.add	x27,x17	 x27:0x6b187be0 x17:0x80021631 x27=0xeb1a9211
        1208302	     60313	80003bfc	05a5	c.addi	x11,9	 x11:0x00000000 x11=0x00000009
        1208322	     60314	80003bfe	facc0b93	addi	x23,x24,-84	 x24:0x7ffde51b x23=0x7ffde4c7
        1208342	     60315	80003c02	8f5d	c.or	x14,x15	 x14:0x8002203c x15:0x00000000 x14=0x8002203c
        1208362	     60316	80003c04	34007073	csrrci	x0,mscratch,0	  x0=0x00000000
        1208522	     60324	80003c08	8091	c.srli	x9,0x4	  x9:0x00000000  x9=0x00000000
        1208542	     60325	80003c0a	8ce9	c.and	x9,x10	  x9:0x00000000 x10:0x0fffbcb9  x9=0x00000000
        1208562	     60326	80003c0c	8d91	c.sub	x11,x12	 x11:0x00000009 x12:0x0000003f x11=0xffffffca
        1208662	     60331	80003c0e	340138f3	csrrc	x17,mscratch,x2	  x2:0x80021e58 x17=0x00000001
        1208682	     60332	80003c12	01165313	srli	x6,x12,0x11	 x12:0x0000003f  x6=0x00000000
        1208882	     60342	80003c16	002f4f63	blt	x30,x2,80003c34	 x30:0xfffffe9b  x2:0x80021e58
        1208902	     60343	80003c1a	01b8a1b3	slt	x3,x17,x27	 x17:0x00000001 x27:0xeb1a9211  x3=0x00000000
        1208922	     60344	80003c1e	00721c13	slli	x24,x4,0x7	  x4:0x00000000 x24=0x00000000
        1208942	     60345	80003c22	b324c593	xori	x11,x9,-1230	  x9:0x00000000 x11=0xfffffb32
        1208982	     60347	80003c26	02d91333	mulh	x6,x18,x13	 x18:0x00000000 x13:0xe8000000  x6=0x00000000
        1209002	     60348	80003c2a	8fe2	c.mv	x31,x24	  x0:0x00000000 x24:0x00000000 x31=0x00000000
        1209142	     60355	80003c2c	01831713	slli	x14,x6,0x18	  x6:0x00000000 x14=0x00000000
        1209322	     60364	80003c30	3409ecf3	csrrsi	x25,mscratch,19	 x25=0x00000001
        1209422	     60369	80003c34	044af563	bgeu	x21,x4,80003c7e	 x21:0x7fff4ba4  x4:0x00000000
        1209702	     60383	80003c7e	026edf33	divu	x30,x29,x6	 x29:0x00000307  x6:0x00000000 x30=0xffffffff
        1209722	     60384	80003c82	17fd	c.addi	x15,-1	 x15:0x00000000 x15=0xffffffff
        1210102	     60403	80003c84	0000100f	fence.i	
        1210722	     60434	80003c88	020decb3	rem	x25,x27,x0	 x27:0xeb1a9211  x0:0x00000000 x25=0xeb1a9211
        1217102	     60753	80003c8c	0375f733	remu	x14,x11,x23	 x11:0xfffffb32 x23:0x7ffde4c7 x14=0x000431a4
        1217122	     60754	80003c90	005c9713	slli	x14,x25,0x5	 x25:0xeb1a9211 x14=0x63524220
        1217142	     60755	80003c94	deab4c93	xori	x25,x22,-534	 x22:0x00000000 x25=0xfffffdea
        1217162	     60756	80003c98	340fd8f3	csrrwi	x17,mscratch,31	 x17=0x00000013
        1217182	     60757	80003c9c	cd81	c.beqz	x11,80003cb4	 x11:0xfffffb32
        1217222	     60759	80003c9e	028df933	remu	x18,x27,x8	 x27:0xeb1a9211  x8:0x00000000 x18=0xeb1a9211
        1217242	     60760	80003ca2	228596b7	lui	x13,0x22859	 x13=0x22859000
        1217262	     60761	80003ca6	18fd	c.addi	x17,-1	 x17:0x00000013 x17=0x00000012
        1217662	     60781	80003ca8	9b1e	c.add	x22,x7	 x22:0x00000000  x7:0x80025ce4 x22=0x80025ce4
        1217702	     60783	80003caa	34027bf3	csrrci	x23,mscratch,4	 x23=0x0000001f
        1217722	     60784	80003cae	6839	c.lui	x16,0xe	 x16=0x0000e000
        1217742	     60785	80003cb0	6978a793	slti	x15,x17,1687	 x17:0x00000012 x15=0x00000001
        1217942	     60795	80003cb4	02ef1fb3	mulh	x31,x30,x14	 x30:0xffffffff x14:0x63524220 x31=0xffffffff
        1217962	     60796	80003cb8	01faa8b3	slt	x17,x21,x31	 x21:0x7fff4ba4 x31:0xffffffff x17=0x00000000
        1217982	     60797	80003cbc	340ffcf3	csrrci	x25,mscratch,31	 x25=0x0000001b
        1218002	     60798	80003cc0	e89d	c.bnez	x9,80003cf6	  x9:0x00000000
        1218042	     60800	80003cc2	038ccab3	div	x21,x25,x24	 x25:0x0000001b x24:0x00000000 x21=0xffffffff
        1218062	     60801	80003cc6	340a1f73	csrrw	x30,mscratch,x20	 x20:0x00000000 x30=0x00000000
        1218082	     60802	80003cca	6961	c.lui	x18,0x18	 x18=0x00018000
        1218102	     60803	80003ccc	8dc9	c.or	x11,x10	 x11:0xfffffb32 x10:0x0fffbcb9 x11=0xffffffbb
        1218122	     60804	80003cce	8431	c.srai	x8,0xc	  x8:0x00000000  x8=0x00000000
        1218142	     60805	80003cd0	34003873	csrrc	x16,mscratch,x0	  x0:0x00000000 x16=0x00000000
        1218162	     60806	80003cd4	340e28f3	csrrs	x17,mscratch,x28	 x28:0x00000000 x17=0x00000000
        1218522	     60824	80003cd8	c7a5e817	auipc	x16,0xc7a5e	 x16=0x47a61cd8
        1218902	     60843	80003cdc	1a7d	c.addi	x20,-1	 x20:0x00000000 x20=0xffffffff
        1218922	     60844	80003cde	e709	c.bnez	x14,80003ce8	 x14:0x63524220
        1219682	     60882	80003ce8	db65fb93	andi	x23,x11,-586	 x11:0xffffffbb x23=0xfffffdb2
        1219722	     60884	80003cec	007e5763	bge	x28,x7,80003cfa	 x28:0x00000000  x7:0x80025ce4
        1220662	     60931	80003cfa	0281abb3	mulhsu	x23,x3,x8	  x3:0x00000000  x8:0x00000000 x23=0x00000000
        1220922	     60944	80003cfe	0315aab3	mulhsu	x21,x11,x17	 x11:0xffffffbb x17:0x00000000 x21=0x00000000
        1220942	     60945	80003d02	e70d	c.bnez	x14,80003d2c	 x14:0x63524220
        1221382	     60967	80003d2c	8ce9	c.and	x9,x10	  x9:0x00000000 x10:0x0fffbcb9  x9=0x00000000
        1221482	     60972	80003d2e	032aa9b3	mulhsu	x19,x21,x18	 x21:0x00000000 x18:0x00018000 x19=0x00000000
        1221502	     60973	80003d32	8841	c.andi	x8,16	  x8:0x00000000  x8=0x00000000
        1222602	     61028	80003d34	030167b3	rem	x15,x2,x16	  x2:0x80021e58 x16:0x47a61cd8 x15=0xc7a83b30
        1222622	     61029	80003d38	00e07863	bgeu	x0,x14,80003d48	  x0:0x00000000 x14:0x63524220
        1222722	     61034	80003d3c	b0621737	lui	x14,0xb0621	 x14=0xb0621000
        1222762	     61036	80003d40	03eecf33	div	x30,x29,x30	 x29:0x00000307 x30:0x00000000 x30=0xffffffff
        1223162	     61056	80003d44	21823593	sltiu	x11,x4,536	  x4:0x00000000 x11=0x00000001
        1223242	     61060	80003d48	015ed963	bge	x29,x21,80003d5a	 x29:0x00000307 x21:0x00000000
        1223922	     61094	80003d5a	4e99	c.li	x29,6	 x29=0x00000006
        1223962	     61096	80003d5c	035a41b3	div	x3,x20,x21	 x20:0xffffffff x21:0x00000000  x3=0xffffffff
        1223982	     61097	80003d60	0ff0000f	fence	iorw,iorw	
        1224142	     61105	80003d64	02925a63	bge	x4,x9,80003d98	  x4:0x00000000  x9:0x00000000
        1224702	     61133	80003d98	0ff0000f	fence	iorw,iorw	
        1225842	     61190	80003d9c	0366ca33	div	x20,x13,x22	 x13:0x22859000 x22:0x80025ce4 x20=0x00000000
        1225862	     61191	80003da0	8a7d	c.andi	x12,31	 x12:0x0000003f x12=0x0000001f
        1225882	     61192	80003da2	01c69893	slli	x17,x13,0x1c	 x13:0x22859000 x17=0x00000000
        1225902	     61193	80003da6	01d29b63	bne	x5,x29,80003dbc	  x5:0x00000000 x29:0x00000006
        1226262	     61211	80003dbc	22677993	andi	x19,x14,550	 x14:0xb0621000 x19=0x00000000
        1226322	     61214	80003dc0	ca0d	c.beqz	x12,80003df2	 x12:0x0000001f
        1226342	     61215	80003dc2	340736f3	csrrc	x13,mscratch,x14	 x14:0xb0621000 x13=0x00000000
        1226462	     61221	80003dc6	003cd463	bge	x25,x3,80003dce	 x25:0x0000001b  x3:0xffffffff
        1227782	     61287	80003dce	01e79e33	sll	x28,x15,x30	 x15:0xc7a83b30 x30:0xffffffff x28=0x00000000
        1227802	     61288	80003dd2	8f59	c.or	x14,x14	 x14:0xb0621000 x14:0xb0621000 x14=0xb0621000
        1228202	     61308	80003dd4	8c51	c.or	x8,x12	  x8:0x00000000 x12:0x0000001f  x8=0x0000001f
        1228222	     61309	80003dd6	06de	c.slli	x13,0x17	 x13:0x00000000 x13=0x00000000
        1228242	     61310	80003dd8	8fe1	c.and	x15,x8	 x15:0xc7a83b30  x8:0x0000001f x15=0x00000010
        1228642	     61330	80003dda	163bbc13	sltiu	x24,x23,355	 x23:0x00000000 x24=0x00000001
        1228662	     61331	80003dde	34003ef3	csrrc	x29,mscratch,x0	  x0:0x00000000 x29=0x00000000
        1228682	     61332	80003de2	d467c217	auipc	x4,0xd467c	  x4=0x5467fde2
        1228702	     61333	80003de6	9f8a	c.add	x31,x2	 x31:0xffffffff  x2:0x80021e58 x31=0x80021e57
        1228722	     61334	80003de8	987d	c.andi	x8,-1	  x8:0x0000001f  x8=0x0000001f
        1228782	     61337	80003dea	0496e263	bltu	x13,x9,80003e2e	 x13:0x00000000  x9:0x00000000
        1229762	     61386	80003dee	02e0f7b3	remu	x15,x1,x14	  x1:0x00000000 x14:0xb0621000 x15=0x00000000
        1229782	     61387	80003df2	a3312817	auipc	x16,0xa3312	 x16=0x23315df2
        1229802	     61388	80003df6	8626	c.mv	x12,x9	  x0:0x00000000  x9:0x00000000 x12=0x00000000
        1229842	     61390	80003df8	02b32333	mulhsu	x6,x6,x11	  x6:0x00000000 x11:0x00000001  x6=0x00000000
        1229862	     61391	80003dfc	038b8033	mul	x0,x23,x24	 x23:0x00000000 x24:0x00000001  x0=0x00000000
        1230602	     61428	80003e00	03be6fb3	rem	x31,x28,x27	 x28:0x00000000 x27:0xeb1a9211 x31=0x00000000
        1230622	     61429	80003e04	809d	c.srli	x9,0x7	  x9:0x00000000  x9=0x00000000
        1230642	     61430	80003e06	1ad62737	lui	x14,0x1ad62	 x14=0x1ad62000
        1230662	     61431	80003e0a	0ff0000f	fence	iorw,iorw	
        1230682	     61432	80003e0e	01c3a233	slt	x4,x7,x28	  x7:0x80025ce4 x28:0x00000000  x4=0x00000001
        1230702	     61433	80003e12	03140c33	mul	x24,x8,x17	  x8:0x0000001f x17:0x00000000 x24=0x00000000
        1230942	     61445	80003e16	009c0333	add	x6,x24,x9	 x24:0x00000000  x9:0x00000000  x6=0x00000000
        1230962	     61446	80003e1a	1fc16217	auipc	x4,0x1fc16	  x4=0x9fc19e1a
        1230982	     61447	80003e1e	0000100f	fence.i	
        1231602	     61478	80003e22	02843fb3	mulhu	x31,x8,x8	  x8:0x0000001f  x8:0x0000001f x31=0x00000000
        1231702	     61483	80003e26	00f6ec33	or	x24,x13,x15	 x13:0x00000000 x15:0x00000000 x24=0x00000000
        1231822	     61489	80003e2a	007cc663	blt	x25,x7,80003e36	 x25:0x0000001b  x7:0x80025ce4
        1232242	     61510	80003e2e	02480bb3	mul	x23,x16,x4	 x16:0x23315df2  x4:0x9fc19e1a x23=0x2c70e694
        1232262	     61511	80003e32	02a4da63	bge	x9,x10,80003e66	  x9:0x00000000 x10:0x0fffbcb9
        1232682	     61532	80003e36	4137dc33	sra	x24,x15,x19	 x15:0x00000000 x19:0x00000000 x24=0x00000000
        1233102	     61553	80003e3a	40428fb3	sub	x31,x5,x4	  x5:0x00000000  x4:0x9fc19e1a x31=0x603e61e6
        1233282	     61562	80003e3e	9c0da193	slti	x3,x27,-1600	 x27:0xeb1a9211  x3=0x00000001
        1233302	     61563	80003e42	00db5093	srli	x1,x22,0xd	 x22:0x80025ce4  x1=0x00040012
        1233422	     61569	80003e46	5c7ccf13	xori	x30,x25,1479	 x25:0x0000001b x30=0x000005dc
        1233442	     61570	80003e4a	0001	c.addi	x0,0	  x0:0x00000000  x0=0x00000000
        1234182	     61607	80003e4c	03e379b3	remu	x19,x6,x30	  x6:0x00000000 x30:0x000005dc x19=0x00000000
        1234202	     61608	80003e50	01189db3	sll	x27,x17,x17	 x17:0x00000000 x17:0x00000000 x27=0x00000000
        1234222	     61609	80003e54	8c91	c.sub	x9,x12	  x9:0x00000000 x12:0x00000000  x9=0x00000000
        1234242	     61610	80003e56	f1ccfe93	andi	x29,x25,-228	 x25:0x0000001b x29=0x00000018
        1234982	     61647	80003e5a	02884e33	div	x28,x16,x8	 x16:0x23315df2  x8:0x0000001f x28=0x01229fef
        1235002	     61648	80003e5e	34023973	csrrc	x18,mscratch,x4	  x4:0x9fc19e1a x18=0x00000000
        1235022	     61649	80003e62	ed747893	andi	x17,x8,-297	  x8:0x0000001f x17=0x00000017
        1235042	     61650	80003e66	01026a33	or	x20,x4,x16	  x4:0x9fc19e1a x16:0x23315df2 x20=0xbff1dffa
        1235122	     61654	80003e6a	3406a4f3	csrrs	x9,mscratch,x13	 x13:0x00000000  x9=0x00000000
        1235222	     61659	80003e6e	02d5d263	bge	x11,x13,80003e92	 x11:0x00000001 x13:0x00000000
        1236322	     61714	80003e92	011b7833	and	x16,x22,x17	 x22:0x80025ce4 x17:0x00000017 x16=0x00000004
        1236662	     61731	80003e96	0ff0000f	fence	iorw,iorw	
        1236682	     61732	80003e9a	34002bf3	csrrs	x23,mscratch,x0	  x0:0x00000000 x23=0x00000000
        1237522	     61774	80003e9e	031664b3	rem	x9,x12,x17	 x12:0x00000000 x17:0x00000017  x9=0x00000000
        1237542	     61775	80003ea2	98fd	c.andi	x9,-1	  x9:0x00000000  x9=0x00000000
        1237562	     61776	80003ea4	84f2	c.mv	x9,x28	  x0:0x00000000 x28:0x01229fef  x9=0x01229fef
        1238302	     61813	80003ea6	028fedb3	rem	x27,x31,x8	 x31:0x603e61e6  x8:0x0000001f x27=0x00000000
        1238322	     61814	80003eaa	8c11	c.sub	x8,x12	  x8:0x0000001f x12:0x00000000  x8=0x0000001f
        1238342	     61815	80003eac	340e1773	csrrw	x14,mscratch,x28	 x28:0x01229fef x14=0x00000000
        1238362	     61816	80003eb0	07c2	c.slli	x15,0x10	 x15:0x00000000 x15=0x00000000
        1238382	     61817	80003eb2	34005973	csrrwi	x18,mscratch,0	 x18=0x01229fef
        1238402	     61818	80003eb6	1a7d	c.addi	x20,-1	 x20:0xbff1dffa x20=0xbff1dff9
        1238442	     61820	80003eb8	024cb433	mulhu	x8,x25,x4	 x25:0x0000001b  x4:0x9fc19e1a  x8=0x00000010
        1239182	     61857	80003ebc	0298ecb3	rem	x25,x17,x9	 x17:0x00000017  x9:0x01229fef x25=0x00000017
        1239202	     61858	80003ec0	00294a63	blt	x18,x2,80003ed4	 x18:0x01229fef  x2:0x80021e58
        1239222	     61859	80003ec4	8a3d2593	slti	x11,x26,-1885	 x26:0x00000000 x11=0x00000000
        1239242	     61860	80003ec8	8fd5	c.or	x15,x13	 x15:0x00000000 x13:0x00000000 x15=0x00000000
        1239262	     61861	80003eca	0000100f	fence.i	
        1239782	     61887	80003ece	40230bb3	sub	x23,x6,x2	  x6:0x00000000  x2:0x80021e58 x23=0x7ffde1a8
        1239802	     61888	80003ed2	ca9d	c.beqz	x13,80003f08	 x13:0x00000000
        1240622	     61929	80003f08	00bc9f33	sll	x30,x25,x11	 x25:0x00000017 x11:0x00000000 x30=0x00000017
        1240642	     61930	80003f0c	0000100f	fence.i	
        1240962	     61946	80003f10	0001	c.addi	x0,0	  x0:0x00000000  x0=0x00000000
        1240982	     61947	80003f12	0001	c.addi	x0,0	  x0:0x00000000  x0=0x00000000
        1241042	     61950	80003f14	7c9c04b7	lui	x9,0x7c9c0	  x9=0x7c9c0000
        1241142	     61955	80003f18	404b87b3	sub	x15,x23,x4	 x23:0x7ffde1a8  x4:0x9fc19e1a x15=0xe03c438e
        1241182	     61957	80003f1c	997d	c.andi	x10,-1	 x10:0x0fffbcb9 x10=0x0fffbcb9
        1241202	     61958	80003f1e	c38d	c.beqz	x15,80003f40	 x15:0xe03c438e
        1241562	     61976	80003f20	47a9	c.li	x15,10	 x15=0x0000000a
        1241582	     61977	80003f22	8c25	c.xor	x8,x9	  x8:0x00000010  x9:0x7c9c0000  x8=0x7c9c0010
        1241722	     61984	80003f24	401ad493	srai	x9,x21,0x1	 x21:0x00000000  x9=0x00000000
        1241742	     61985	80003f28	0161b033	sltu	x0,x3,x22	  x3:0x00000001 x22:0x80025ce4  x0=0x00000000
        1241822	     61989	80003f2c	8e29	c.xor	x12,x10	 x12:0x00000000 x10:0x0fffbcb9 x12=0x0fffbcb9
        1241942	     61995	80003f2e	340fbe73	csrrc	x28,mscratch,x31	 x31:0x603e61e6 x28=0x00000000
        1242902	     62043	80003f32	027ad333	divu	x6,x21,x7	 x21:0x00000000  x7:0x80025ce4  x6=0x00000000
        1242922	     62044	80003f36	01b8dfb3	srl	x31,x17,x27	 x17:0x00000017 x27:0x00000000 x31=0x00000017
        1242942	     62045	80003f3a	05c68263	beq	x13,x28,80003f7e	 x13:0x00000000 x28:0x00000000
        1243442	     62070	80003f7e	01b94633	xor	x12,x18,x27	 x18:0x01229fef x27:0x00000000 x12=0x01229fef
        1243882	     62092	80003f82	03b61a33	mulh	x20,x12,x27	 x12:0x01229fef x27:0x00000000 x20=0x00000000
        1243902	     62093	80003f86	0fe6	c.slli	x31,0x19	 x31:0x00000017 x31=0x2e000000
        1244282	     62112	80003f88	96f62313	slti	x6,x12,-1681	 x12:0x01229fef  x6=0x00000000
        1244302	     62113	80003f8c	0ff0000f	fence	iorw,iorw	
        1244602	     62128	80003f90	05eb6463	bltu	x22,x30,80003fd8	 x22:0x80025ce4 x30:0x00000017
        1245022	     62149	80003f94	017aea63	bltu	x21,x23,80003fa8	 x21:0x00000000 x23:0x7ffde1a8
        1245602	     62178	80003fa8	015df433	and	x8,x27,x21	 x27:0x00000000 x21:0x00000000  x8=0x00000000
        1245862	     62191	80003fac	0001	c.addi	x0,0	  x0:0x00000000  x0=0x00000000
        1245882	     62192	80003fae	9bfd	c.andi	x15,-1	 x15:0x0000000a x15=0x0000000a
        1246042	     62200	80003fb0	00fbc763	blt	x23,x15,80003fbe	 x23:0x7ffde1a8 x15:0x0000000a
        1246122	     62204	80003fb4	0281e733	rem	x14,x3,x8	  x3:0x00000001  x8:0x00000000 x14=0x00000001
        1246142	     62205	80003fb8	340499f3	csrrw	x19,mscratch,x9	  x9:0x00000000 x19=0x00000000
        1246162	     62206	80003fbc	97b2	c.add	x15,x12	 x15:0x0000000a x12:0x01229fef x15=0x01229ff9
        1246182	     62207	80003fbe	403b8033	sub	x0,x23,x3	 x23:0x7ffde1a8  x3:0x00000001  x0=0x00000000
        1246202	     62208	80003fc2	01a71233	sll	x4,x14,x26	 x14:0x00000001 x26:0x00000000  x4=0x00000001
        1246422	     62219	80003fc6	34009c73	csrrw	x24,mscratch,x1	  x1:0x00040012 x24=0x00000000
        1246722	     62234	80003fca	340f7c73	csrrci	x24,mscratch,30	 x24=0x00040012
        1246742	     62235	80003fce	8e41	c.or	x12,x8	 x12:0x01229fef  x8:0x00000000 x12=0x01229fef
        1246762	     62236	80003fd0	018ba933	slt	x18,x23,x24	 x23:0x7ffde1a8 x24:0x00040012 x18=0x00000000
        1247702	     62283	80003fd4	02a5f433	remu	x8,x11,x10	 x11:0x00000000 x10:0x0fffbcb9  x8=0x00000000
        1247722	     62284	80003fd8	64e64e13	xori	x28,x12,1614	 x12:0x01229fef x28=0x012299a1
        1247742	     62285	80003fdc	40385fb3	sra	x31,x16,x3	 x16:0x00000004  x3:0x00000001 x31=0x00000002
        1247762	     62286	80003fe0	0871	c.addi	x16,28	 x16:0x00000004 x16=0x00000020
        1247782	     62287	80003fe2	8ce1	c.and	x9,x8	  x9:0x00000000  x8:0x00000000  x9=0x00000000
        1247802	     62288	80003fe4	408d89b3	sub	x19,x27,x8	 x27:0x00000000  x8:0x00000000 x19=0x00000000
        1247822	     62289	80003fe8	6a09	c.lui	x20,0x2	 x20=0x00002000
        1247842	     62290	80003fea	00106f33	or	x30,x0,x1	  x0:0x00000000  x1:0x00040012 x30=0x00040012
        1247882	     62292	80003fee	029f7a33	remu	x20,x30,x9	 x30:0x00040012  x9:0x00000000 x20=0x00040012
        1247902	     62293	80003ff2	01035bb3	srl	x23,x6,x16	  x6:0x00000000 x16:0x00000020 x23=0x00000000
        1247942	     62295	80003ff6	00a0da13	srli	x20,x1,0xa	  x1:0x00040012 x20=0x00000100
        1248102	     62303	80003ffa	0ff0000f	fence	iorw,iorw	
        1255902	     62693	80003ffe	0001	c.addi	x0,0	  x0:0x00000000  x0=0x00000000
        1255922	     62694	80004000	0cce	c.slli	x25,0x13	 x25:0x00000017 x25=0x00b80000
        1255942	     62695	80004002	1da9bc13	sltiu	x24,x19,474	 x19:0x00000000 x24=0x00000001
        1255962	     62696	80004006	8f21	c.xor	x14,x8	 x14:0x00000001  x8:0x00000000 x14=0x00000001
        1255982	     62697	80004008	00ea3933	sltu	x18,x20,x14	 x20:0x00000100 x14:0x00000001 x18=0x00000000
        1256002	     62698	8000400c	001e2fb3	slt	x31,x28,x1	 x28:0x012299a1  x1:0x00040012 x31=0x00000000
        1256342	     62715	80004010	8151	c.srli	x10,0x14	 x10:0x0fffbcb9 x10=0x000000ff
        1256762	     62736	80004012	0000100f	fence.i	
        1258302	     62813	80004016	02e7c4b3	div	x9,x15,x14	 x15:0x01229ff9 x14:0x00000001  x9=0x01229ff9
        1258322	     62814	8000401a	7b8ec713	xori	x14,x29,1976	 x29:0x00000018 x14=0x000007a0
        1258342	     62815	8000401e	fb33e013	ori	x0,x7,-77	  x7:0x80025ce4  x0=0x00000000
        1258362	     62816	80004022	40c7d2b3	sra	x5,x15,x12	 x15:0x01229ff9 x12:0x01229fef  x5=0x00000245
        1258382	     62817	80004026	34007673	csrrci	x12,mscratch,0	 x12=0x00040000
        1258402	     62818	8000402a	0001	c.addi	x0,0	  x0:0x00000000  x0=0x00000000
        1258422	     62819	8000402c	8721	c.srai	x14,0x8	 x14:0x000007a0 x14=0x00000007
        1258762	     62836	8000402e	03369233	mulh	x4,x13,x19	 x13:0x00000000 x19:0x00000000  x4=0x00000000
        1258782	     62837	80004032	8e41	c.or	x12,x8	 x12:0x00040000  x8:0x00000000 x12=0x00040000
        1258802	     62838	80004034	02be4e63	blt	x28,x11,80004070	 x28:0x012299a1 x11:0x00000000
        1259202	     62858	80004038	0207eeb3	rem	x29,x15,x0	 x15:0x01229ff9  x0:0x00000000 x29=0x01229ff9
        1259222	     62859	8000403c	01d70263	beq	x14,x29,80004040	 x14:0x00000007 x29:0x01229ff9
        1259382	     62867	80004040	db9cc093	xori	x1,x25,-583	 x25:0x00b80000  x1=0xff47fdb9
        1259402	     62868	80004044	03074863	blt	x14,x16,80004074	 x14:0x00000007 x16:0x00000020
        1259682	     62882	80004074	cb259997	auipc	x19,0xcb259	 x19=0x4b25d074
        1259702	     62883	80004078	5b3f6693	ori	x13,x30,1459	 x30:0x00040012 x13=0x000405b3
        1259722	     62884	8000407c	0000100f	fence.i	
        1260582	     62927	80004080	02e5c8b3	div	x17,x11,x14	 x11:0x00000000 x14:0x00000007 x17=0x00000000
        1260602	     62928	80004084	34081cf3	csrrw	x25,mscratch,x16	 x16:0x00000020 x25=0x00040000
        1260622	     62929	80004088	3034b517	auipc	x10,0x3034b	 x10=0xb034f088
        1260642	     62930	8000408c	01681e63	bne	x16,x22,800040a8	 x16:0x00000020 x22:0x80025ce4
        1260922	     62944	800040a8	013d4b63	blt	x26,x19,800040be	 x26:0x00000000 x19:0x4b25d074
        1261042	     62950	800040be	813d	c.srli	x10,0xf	 x10:0xb034f088 x10=0x00016069
        1261102	     62953	800040c0	0239b333	mulhu	x6,x19,x3	 x19:0x4b25d074  x3:0x00000001  x6=0x00000000
        1261122	     62954	800040c4	02091f63	bne	x18,x0,80004102	 x18:0x00000000  x0:0x00000000
        1261302	     62963	800040c8	0ff0000f	fence	iorw,iorw	
        1261482	     62972	800040cc	8ed5	c.or	x13,x13	 x13:0x000405b3 x13:0x000405b3 x13=0x000405b3
        1261822	     62989	800040ce	00e482b3	add	x5,x9,x14	  x9:0x01229ff9 x14:0x00000007  x5=0x0122a000
        1262242	     63010	800040d2	015f56b3	srl	x13,x30,x21	 x30:0x00040012 x21:0x00000000 x13=0x00040012
        1263062	     63051	800040d6	02c9d833	divu	x16,x19,x12	 x19:0x4b25d074 x12:0x00040000 x16=0x000012c9
        1263082	     63052	800040da	0ff0000f	fence	iorw,iorw	
        1263102	     63053	800040de	02085263	bge	x16,x0,80004102	 x16:0x000012c9  x0:0x00000000
        1263182	     63057	80004102	8e0d	c.sub	x12,x11	 x12:0x00040000 x11:0x00000000 x12=0x00040000
        1263202	     63058	80004104	0486	c.slli	x9,0x1	  x9:0x01229ff9  x9=0x02453ff2
        1263222	     63059	80004106	0001	c.addi	x0,0	  x0:0x00000000  x0=0x00000000
        1263622	     63079	80004108	00456e33	or	x28,x10,x4	 x10:0x00016069  x4:0x00000000 x28=0x00016069
        1263642	     63080	8000410c	0354f863	bgeu	x9,x21,8000413c	  x9:0x02453ff2 x21:0x00000000
        1263982	     63097	8000413c	02072c33	mulhsu	x24,x14,x0	 x14:0x00000007  x0:0x00000000 x24=0x00000000
        1264382	     63117	80004140	41e5	c.li	x3,25	  x3=0x00000019
        1264402	     63118	80004142	01155a13	srli	x20,x10,0x11	 x10:0x00016069 x20=0x00000000
        1264422	     63119	80004146	8a11	c.andi	x12,4	 x12:0x00040000 x12=0x00000000
        1264442	     63120	80004148	05a27063	bgeu	x4,x26,80004188	  x4:0x00000000 x26:0x00000000
        1264922	     63144	80004188	2b390c13	addi	x24,x18,691	 x18:0x00000000 x24=0x000002b3
        1265102	     63153	8000418c	04a07063	bgeu	x0,x10,800041cc	  x0:0x00000000 x10:0x00016069
        1265122	     63154	80004190	00105563	bge	x0,x1,8000419a	  x0:0x00000000  x1:0xff47fdb9
        1265522	     63174	8000419a	6995	c.lui	x19,0x5	 x19=0x00005000
        1265682	     63182	8000419c	01a5cab3	xor	x21,x11,x26	 x11:0x00000000 x26:0x00000000 x21=0x00000000
        1265702	     63183	800041a0	8771	c.srai	x14,0x1c	 x14:0x00000007 x14=0x00000000
        1265842	     63190	800041a2	00167b63	bgeu	x12,x1,800041b8	 x12:0x00000000  x1:0xff47fdb9
        1265982	     63197	800041a6	f220c813	xori	x16,x1,-222	  x1:0xff47fdb9 x16=0x00b8029b
        1266002	     63198	800041aa	8db1	c.xor	x11,x12	 x11:0x00000000 x12:0x00000000 x11=0x00000000
        1266062	     63201	800041ac	018faa33	slt	x20,x31,x24	 x31:0x00000000 x24:0x000002b3 x20=0x00000001
        1266482	     63222	800041b0	0000100f	fence.i	
        1267882	     63292	800041b4	0000100f	fence.i	
        1268262	     63311	800041b8	5b714293	xori	x5,x2,1463	  x2:0x80021e58  x5=0x80021bef
        1268302	     63313	800041bc	8ff5	c.and	x15,x13	 x15:0x01229ff9 x13:0x00040012 x15=0x00000010
        1268322	     63314	800041be	8e0d	c.sub	x12,x11	 x12:0x00000000 x11:0x00000000 x12=0x00000000
        1268382	     63317	800041c0	03ae0f33	mul	x30,x28,x26	 x28:0x00016069 x26:0x00000000 x30=0x00000000
        1268402	     63318	800041c4	3ba47a13	andi	x20,x8,954	  x8:0x00000000 x20=0x00000000
        1268422	     63319	800041c8	9bfd	c.andi	x15,-1	 x15:0x00000010 x15=0x00000010
        1268442	     63320	800041ca	6ba1	c.lui	x23,0x8	 x23=0x00008000
        1268462	     63321	800041cc	0000100f	fence.i	
        1269562	     63376	800041d0	024db6b3	mulhu	x13,x27,x4	 x27:0x00000000  x4:0x00000000 x13=0x00000000
        1269602	     63378	800041d4	0313b9b3	mulhu	x19,x7,x17	  x7:0x80025ce4 x17:0x00000000 x19=0x00000000
        1269682	     63382	800041d8	01d39963	bne	x7,x29,800041ea	  x7:0x80025ce4 x29:0x01229ff9
        1270322	     63414	800041ea	03e70633	mul	x12,x14,x30	 x14:0x00000000 x30:0x00000000 x12=0x00000000
        1270582	     63427	800041ee	340c67f3	csrrsi	x15,mscratch,24	 x15=0x00000020
        1270602	     63428	800041f2	8c61	c.and	x8,x8	  x8:0x00000000  x8:0x00000000  x8=0x00000000
        1270622	     63429	800041f4	84d5	c.srai	x9,0x15	  x9:0x02453ff2  x9=0x00000012
        1270642	     63430	800041f6	89b1	c.andi	x11,12	 x11:0x00000000 x11=0x00000000
        1270722	     63434	800041f8	3409dbf3	csrrwi	x23,mscratch,19	 x23=0x00000038
        1270782	     63437	800041fc	3406a073	csrrs	x0,mscratch,x13	 x13:0x00000000  x0=0x00000000
        1270882	     63442	80004200	02d8bb33	mulhu	x22,x17,x13	 x17:0x00000000 x13:0x00000000 x22=0x00000000
        1270902	     63443	80004204	0f61	c.addi	x30,24	 x30:0x00000000 x30=0x00000018
        1270922	     63444	80004206	8cd5	c.or	x9,x13	  x9:0x00000012 x13:0x00000000  x9=0x00000012
        1270942	     63445	80004208	8c75	c.and	x8,x13	  x8:0x00000000 x13:0x00000000  x8=0x00000000
        1270962	     63446	8000420a	8c15	c.sub	x8,x13	  x8:0x00000000 x13:0x00000000  x8=0x00000000
        1270982	     63447	8000420c	0074b333	sltu	x6,x9,x7	  x9:0x00000012  x7:0x80025ce4  x6=0x00000001
        1271002	     63448	80004210	e2a9c413	xori	x8,x19,-470	 x19:0x00000000  x8=0xfffffe2a
        1271022	     63449	80004214	340e5073	csrrwi	x0,mscratch,28	  x0=0x00000000
        1271042	     63450	80004218	340cdb73	csrrwi	x22,mscratch,25	 x22=0x0000001c
        1271382	     63467	8000421c	03a0fab3	remu	x21,x1,x26	  x1:0xff47fdb9 x26:0x00000000 x21=0xff47fdb9
        1271402	     63468	80004220	017a3cb3	sltu	x25,x20,x23	 x20:0x00000000 x23:0x00000038 x25=0x00000001
        1271442	     63470	80004224	1f943f17	auipc	x30,0x1f943	 x30=0x9f947224
        1271662	     63481	80004228	03bc0463	beq	x24,x27,80004250	 x24:0x000002b3 x27:0x00000000
        1271682	     63482	8000422c	55fd	c.li	x11,-1	 x11=0xffffffff
        1271702	     63483	8000422e	56f1c737	lui	x14,0x56f1c	 x14=0x56f1c000
        1271722	     63484	80004232	8eed	c.and	x13,x11	 x13:0x00000000 x11:0xffffffff x13=0x00000000
        1272122	     63504	80004234	03fd80b3	mul	x1,x27,x31	 x27:0x00000000 x31:0x00000000  x1=0x00000000
        1272182	     63507	80004238	0001	c.addi	x0,0	  x0:0x00000000  x0=0x00000000
        1272242	     63510	8000423a	5f343f37	lui	x30,0x5f343	 x30=0x5f343000
        1272262	     63511	8000423e	0001	c.addi	x0,0	  x0:0x00000000  x0=0x00000000
        1272282	     63512	80004240	019c42b3	xor	x5,x24,x25	 x24:0x000002b3 x25:0x00000001  x5=0x000002b2
        1272582	     63527	80004244	8f19	c.sub	x14,x14	 x14:0x56f1c000 x14:0x56f1c000 x14=0x00000000
        1272602	     63528	80004246	0a96	c.slli	x21,0x5	 x21:0xff47fdb9 x21=0xe8ffb720
        1273002	     63548	80004248	013318b3	sll	x17,x6,x19	  x6:0x00000001 x19:0x00000000 x17=0x00000001
        1273162	     63556	8000424c	02a8bdb3	mulhu	x27,x17,x10	 x17:0x00000001 x10:0x00016069 x27=0x00000000
        1273242	     63560	80004250	8d19	c.sub	x10,x14	 x10:0x00016069 x14:0x00000000 x10=0x00016069
        1273402	     63568	80004252	3405f2f3	csrrci	x5,mscratch,11	  x5=0x00000019
        1273422	     63569	80004256	0001	c.addi	x0,0	  x0:0x00000000  x0=0x00000000
        1273462	     63571	80004258	02a0b933	mulhu	x18,x1,x10	  x1:0x00000000 x10:0x00016069 x18=0x00000000
        1273542	     63575	8000425c	0009f533	and	x10,x19,x0	 x19:0x00000000  x0:0x00000000 x10=0x00000000
        1274362	     63616	80004260	0389f1b3	remu	x3,x19,x24	 x19:0x00000000 x24:0x000002b3  x3=0x00000000
        1274382	     63617	80004264	8e21	c.xor	x12,x8	 x12:0x00000000  x8:0xfffffe2a x12=0xfffffe2a
        1274402	     63618	80004266	024900b3	mul	x1,x18,x4	 x18:0x00000000  x4:0x00000000  x1=0x00000000
        1275142	     63655	8000426a	039b5633	divu	x12,x22,x25	 x22:0x0000001c x25:0x00000001 x12=0x0000001c
        1275162	     63656	8000426e	bc194717	auipc	x14,0xbc194	 x14=0x3c19826e
        1275182	     63657	80004272	00caec33	or	x24,x21,x12	 x21:0xe8ffb720 x12:0x0000001c x24=0xe8ffb73c
        1275202	     63658	80004276	5a7d	c.li	x20,-1	 x20=0xffffffff
        1275222	     63659	80004278	340a98f3	csrrw	x17,mscratch,x21	 x21:0xe8ffb720 x17=0x00000010
        1275242	     63660	8000427c	415601b3	sub	x3,x12,x21	 x12:0x0000001c x21:0xe8ffb720  x3=0x170048fc
        1275262	     63661	80004280	0229f893	andi	x17,x19,34	 x19:0x00000000 x17=0x00000000
        1275282	     63662	80004284	419d8533	sub	x10,x27,x25	 x27:0x00000000 x25:0x00000001 x10=0xffffffff
        1275362	     63666	80004288	0b36	c.slli	x22,0xd	 x22:0x0000001c x22=0x00038000
        1275642	     63680	8000428a	fe5bf893	andi	x17,x23,-27	 x23:0x00000038 x17=0x00000020
        1275662	     63681	8000428e	4671	c.li	x12,28	 x12=0x0000001c
        1275722	     63684	80004290	340735f3	csrrc	x11,mscratch,x14	 x14:0x3c19826e x11=0xe8ffb720
        1276142	     63705	80004294	c189	c.beqz	x11,80004296	 x11:0xe8ffb720
        1276162	     63706	80004296	340dfff3	csrrci	x31,mscratch,27	 x31=0xc0e63500
        1276302	     63713	8000429a	00ff6fb3	or	x31,x30,x15	 x30:0x5f343000 x15:0x00000020 x31=0x5f343020
        1276362	     63716	8000429e	03abc633	div	x12,x23,x26	 x23:0x00000038 x26:0x00000000 x12=0xffffffff
        1276382	     63717	800042a2	01635db3	srl	x27,x6,x22	  x6:0x00000001 x22:0x00038000 x27=0x00000001
        1276562	     63726	800042a6	bb375417	auipc	x8,0xbb375	  x8=0x3b3792a6
        1276582	     63727	800042aa	8079	c.srli	x8,0x1e	  x8:0x3b3792a6  x8=0x00000000
        1276622	     63729	800042ac	072a	c.slli	x14,0xa	 x14:0x3c19826e x14=0x6609b800
        1276802	     63738	800042ae	009375b3	and	x11,x6,x9	  x6:0x00000001  x9:0x00000012 x11=0x00000000
        1276822	     63739	800042b2	002ec7b3	xor	x15,x29,x2	 x29:0x01229ff9  x2:0x80021e58 x15=0x812081a1
        1277002	     63748	800042b6	0183d913	srli	x18,x7,0x18	  x7:0x80025ce4 x18=0x00000080
        1277202	     63758	800042ba	34002373	csrrs	x6,mscratch,x0	  x0:0x00000000  x6=0xc0e63500
        1277622	     63779	800042be	05b37063	bgeu	x6,x27,800042fe	  x6:0xc0e63500 x27:0x00000001
        1278422	     63819	800042fe	060a	c.slli	x12,0x2	 x12:0xffffffff x12=0xfffffffc
        1278462	     63821	80004300	01581793	slli	x15,x16,0x15	 x16:0x00b8029b x15=0x53600000
        1278482	     63822	80004304	0d959337	lui	x6,0xd959	  x6=0x0d959000
        1278502	     63823	80004308	8cd9	c.or	x9,x14	  x9:0x00000012 x14:0x6609b800  x9=0x6609b812
        1278522	     63824	8000430a	0001	c.addi	x0,0	  x0:0x00000000  x0=0x00000000
        1278582	     63827	8000430c	0001	c.addi	x0,0	  x0:0x00000000  x0=0x00000000
        1278602	     63828	8000430e	01221233	sll	x4,x4,x18	  x4:0x00000000 x18:0x00000080  x4=0x00000000
        1278622	     63829	80004312	8edd	c.or	x13,x15	 x13:0x00000000 x15:0x53600000 x13=0x53600000
        1278802	     63838	80004314	3400d8f3	csrrwi	x17,mscratch,1	 x17=0xc0e63500
        1278842	     63840	80004318	024958b3	divu	x17,x18,x4	 x18:0x00000080  x4:0x00000000 x17=0xffffffff
        1279182	     63857	8000431c	01410863	beq	x2,x20,8000432c	  x2:0x80021e58 x20:0xffffffff
        1279202	     63858	80004320	03f00f33	mul	x30,x0,x31	  x0:0x00000000 x31:0x5f343020 x30=0x00000000
        1279242	     63860	80004324	024b52b3	divu	x5,x22,x4	 x22:0x00038000  x4:0x00000000  x5=0xffffffff
        1279342	     63865	80004328	0258bab3	mulhu	x21,x17,x5	 x17:0xffffffff  x5:0xffffffff x21=0xfffffffe
        1279362	     63866	8000432c	be372913	slti	x18,x14,-1053	 x14:0x6609b800 x18=0x00000000
        1279382	     63867	80004330	8c95	c.sub	x9,x13	  x9:0x6609b812 x13:0x53600000  x9=0x12a9b812
        1279722	     63884	80004332	00b584b3	add	x9,x11,x11	 x11:0x00000000 x11:0x00000000  x9=0x00000000
        1279742	     63885	80004336	01028f63	beq	x5,x16,80004354	  x5:0xffffffff x16:0x00b8029b
        1280482	     63922	8000433a	03d6d7b3	divu	x15,x13,x29	 x13:0x53600000 x29:0x01229ff9 x15=0x00000049
        1280502	     63923	8000433e	01c09513	slli	x10,x1,0x1c	  x1:0x00000000 x10=0x00000000
        1280522	     63924	80004342	097e	c.slli	x18,0x1f	 x18:0x00000000 x18=0x00000000
        1280542	     63925	80004344	a0ddcf93	xori	x31,x27,-1523	 x27:0x00000001 x31=0xfffffa0c
        1280562	     63926	80004348	34003273	csrrc	x4,mscratch,x0	  x0:0x00000000  x4=0x00000001
        1280602	     63928	8000434c	02a13fb3	mulhu	x31,x2,x10	  x2:0x80021e58 x10:0x00000000 x31=0x00000000
        1280642	     63930	80004350	02a6b6b3	mulhu	x13,x13,x10	 x13:0x53600000 x10:0x00000000 x13=0x00000000
        1280662	     63931	80004354	416ad413	srai	x8,x21,0x16	 x21:0xfffffffe  x8=0xffffffff
        1280682	     63932	80004358	48b1	c.li	x17,12	 x17=0x0000000c
        1280702	     63933	8000435a	054d	c.addi	x10,19	 x10:0x00000000 x10=0x00000013
        1280722	     63934	8000435c	03bc8a63	beq	x25,x27,80004390	 x25:0x00000001 x27:0x00000001
        1281862	     63991	80004390	0245c033	div	x0,x11,x4	 x11:0x00000000  x4:0x00000001  x0=0x00000000
        1281882	     63992	80004394	34003cf3	csrrc	x25,mscratch,x0	  x0:0x00000000 x25=0x00000001
        1281902	     63993	80004398	340169f3	csrrsi	x19,mscratch,2	 x19=0x00000001
        1281922	     63994	8000439c	34003773	csrrc	x14,mscratch,x0	  x0:0x00000000 x14=0x00000003
        1281942	     63995	800043a0	0036af33	slt	x30,x13,x3	 x13:0x00000000  x3:0x170048fc x30=0x00000001
        1281962	     63996	800043a4	653a5f37	lui	x30,0x653a5	 x30=0x653a5000
        1282842	     64040	800043a8	025d6033	rem	x0,x26,x5	 x26:0x00000000  x5:0xffffffff  x0=0x00000000
        1282882	     64042	800043ac	02eaaf33	mulhsu	x30,x21,x14	 x21:0xfffffffe x14:0x00000003 x30=0xffffffff
        1282902	     64043	800043b0	015edf13	srli	x30,x29,0x15	 x29:0x01229ff9 x30=0x00000009
        1282942	     64045	800043b4	039628b3	mulhsu	x17,x12,x25	 x12:0xfffffffc x25:0x00000001 x17=0xffffffff
        1283682	     64082	800043b8	03955f33	divu	x30,x10,x25	 x10:0x00000013 x25:0x00000001 x30=0x00000013
        1283702	     64083	800043bc	8d79	c.and	x10,x14	 x10:0x00000013 x14:0x00000003 x10=0x00000003
        1283722	     64084	800043be	0097f433	and	x8,x15,x9	 x15:0x00000049  x9:0x00000000  x8=0x00000000
        1283742	     64085	800043c2	1ea2b617	auipc	x12,0x1ea2b	 x12=0x9ea2f3c2
        1283762	     64086	800043c6	0001	c.addi	x0,0	  x0:0x00000000  x0=0x00000000
        1283782	     64087	800043c8	e90d	c.bnez	x10,800043fa	 x10:0x00000003
        1284542	     64125	800043fa	0202b733	mulhu	x14,x5,x0	  x5:0xffffffff  x0:0x00000000 x14=0x00000000
        1284562	     64126	800043fe	34007e73	csrrci	x28,mscratch,0	 x28=0x00000003
        1284582	     64127	80004402	8ada	c.mv	x21,x22	  x0:0x00000000 x22:0x00038000 x21=0x00038000
        1284602	     64128	80004404	d4fff613	andi	x12,x31,-689	 x31:0x00000000 x12=0x00000000
        1284762	     64136	80004408	adc74313	xori	x6,x14,-1316	 x14:0x00000000  x6=0xfffffadc
        1284782	     64137	8000440c	0001	c.addi	x0,0	  x0:0x00000000  x0=0x00000000
        1284802	     64138	8000440e	340067f3	csrrsi	x15,mscratch,0	 x15=0x00000003
        1285002	     64148	80004412	0000100f	fence.i	
        1295142	     64655	80004416	0f7d6e13	ori	x28,x26,247	 x26:0x00000000 x28=0x000000f7
        1295162	     64656	8000441a	34006673	csrrsi	x12,mscratch,0	 x12=0x00000003
        1295182	     64657	8000441e	011e6833	or	x16,x28,x17	 x28:0x000000f7 x17:0xffffffff x16=0xffffffff
        1295202	     64658	80004422	8d6d	c.and	x10,x11	 x10:0x00000003 x11:0x00000000 x10=0x00000000
        1295222	     64659	80004424	40d1	c.li	x1,20	  x1=0x00000014
        1295242	     64660	80004426	9f7e	c.add	x30,x31	 x30:0x00000013 x31:0x00000000 x30=0x00000013
        1295622	     64679	80004428	5cfd	c.li	x25,-1	 x25=0xffffffff
        1295642	     64680	8000442a	01f81433	sll	x8,x16,x31	 x16:0xffffffff x31:0x00000000  x8=0xffffffff
        1296062	     64701	8000442e	6817ba13	sltiu	x20,x15,1665	 x15:0x00000003 x20=0x00000001
        1296342	     64715	80004432	340e28f3	csrrs	x17,mscratch,x28	 x28:0x000000f7 x17=0x00000003
        1296362	     64716	80004436	6e61	c.lui	x28,0x18	 x28=0x00018000
        1296422	     64719	80004438	04fe	c.slli	x9,0x1f	  x9:0x00000000  x9=0x00000000
        1296442	     64720	8000443a	03720463	beq	x4,x23,80004462	  x4:0x00000001 x23:0x00000038
        1296462	     64721	8000443e	8c15	c.sub	x8,x13	  x8:0xffffffff x13:0x00000000  x8=0xffffffff
        1297202	     64758	80004440	02f66ab3	rem	x21,x12,x15	 x12:0x00000003 x15:0x00000003 x21=0x00000000
        1297222	     64759	80004444	3405dcf3	csrrwi	x25,mscratch,11	 x25=0x000000f7
        1297242	     64760	80004448	00b25463	bge	x4,x11,80004450	  x4:0x00000001 x11:0x00000000
        1297422	     64769	80004450	876d	c.srai	x14,0x1b	 x14:0x00000000 x14=0x00000000
        1297442	     64770	80004452	0029d313	srli	x6,x19,0x2	 x19:0x00000001  x6=0x00000000
        1297822	     64789	80004456	00350b63	beq	x10,x3,8000446c	 x10:0x00000000  x3:0x170048fc
        1298082	     64802	8000445a	0000100f	fence.i	
        1299022	     64849	8000445e	01acd993	srli	x19,x25,0x1a	 x25:0x000000f7 x19=0x00000000
        1299142	     64855	80004462	01d4e763	bltu	x9,x29,80004470	  x9:0x00000000 x29:0x01229ff9
        1299722	     64884	80004470	8c89	c.sub	x9,x10	  x9:0x00000000 x10:0x00000000  x9=0x00000000
        1299762	     64886	80004472	03e39333	mulh	x6,x7,x30	  x7:0x80025ce4 x30:0x00000013  x6=0xfffffff6
        1299782	     64887	80004476	8f91	c.sub	x15,x12	 x15:0x00000003 x12:0x00000003 x15=0x00000000
        1299802	     64888	80004478	00eecfb3	xor	x31,x29,x14	 x29:0x01229ff9 x14:0x00000000 x31=0x01229ff9
        1299842	     64890	8000447c	03991bb3	mulh	x23,x18,x25	 x18:0x00000000 x25:0x000000f7 x23=0x00000000
        1300582	     64927	80004480	022554b3	divu	x9,x10,x2	 x10:0x00000000  x2:0x80021e58  x9=0x00000000
        1300602	     64928	80004484	9412	c.add	x8,x4	  x8:0xffffffff  x4:0x00000001  x8=0x00000000
        1300622	     64929	80004486	0001	c.addi	x0,0	  x0:0x00000000  x0=0x00000000
        1300642	     64930	80004488	00956f33	or	x30,x10,x9	 x10:0x00000000  x9:0x00000000 x30=0x00000000
        1300662	     64931	8000448c	34007af3	csrrci	x21,mscratch,0	 x21=0x0000000b
        1300702	     64933	80004490	033e57b3	divu	x15,x28,x19	 x28:0x00018000 x19:0x00000000 x15=0xffffffff
        1300722	     64934	80004494	8eed	c.and	x13,x11	 x13:0x00000000 x11:0x00000000 x13=0x00000000
        1300742	     64935	80004496	fc9e4493	xori	x9,x28,-55	 x28:0x00018000  x9=0xfffe7fc9
        1300942	     64945	8000449a	abd1cf97	auipc	x31,0xabd1c	 x31=0x2bd2049a
        1300962	     64946	8000449e	340912f3	csrrw	x5,mscratch,x18	 x18:0x00000000  x5=0x0000000b
        1300982	     64947	800044a2	8f51	c.or	x14,x12	 x14:0x00000000 x12:0x00000003 x14=0x00000003
        1301002	     64948	800044a4	45d1	c.li	x11,20	 x11=0x00000014
        1301022	     64949	800044a6	8d55	c.or	x10,x13	 x10:0x00000000 x13:0x00000000 x10=0x00000000
        1301402	     64968	800044a8	8712	c.mv	x14,x4	  x0:0x00000000  x4:0x00000001 x14=0x00000001
        1301442	     64970	800044aa	02782433	mulhsu	x8,x16,x7	 x16:0xffffffff  x7:0x80025ce4  x8=0xffffffff
        1302562	     65026	800044ae	0291dc33	divu	x24,x3,x9	  x3:0x170048fc  x9:0xfffe7fc9 x24=0x00000000
        1303302	     65063	800044b2	031fd333	divu	x6,x31,x17	 x31:0x2bd2049a x17:0x00000003  x6=0x0e9b56de
        1303322	     65064	800044b6	01b1e233	or	x4,x3,x27	  x3:0x170048fc x27:0x00000001  x4=0x170048fd
        1303342	     65065	800044ba	0133f733	and	x14,x7,x19	  x7:0x80025ce4 x19:0x00000000 x14=0x00000000
        1303362	     65066	800044be	008e9ab3	sll	x21,x29,x8	 x29:0x01229ff9  x8:0xffffffff x21=0x80000000
        1303382	     65067	800044c2	41685493	srai	x9,x16,0x16	 x16:0xffffffff  x9=0xffffffff
        1303402	     65068	800044c6	0ff0000f	fence	iorw,iorw	
        1303422	     65069	800044ca	3401adf3	csrrs	x27,mscratch,x3	  x3:0x170048fc x27=0x00000000
        1303442	     65070	800044ce	e815	c.bnez	x8,80004502	  x8:0xffffffff
        1303802	     65088	80004502	022e0c63	beq	x28,x2,8000453a	 x28:0x00018000  x2:0x80021e58
        1303842	     65090	80004506	03b84eb3	div	x29,x16,x27	 x16:0xffffffff x27:0x00000000 x29=0xffffffff
        1304262	     65111	8000450a	032a5eb3	divu	x29,x20,x18	 x20:0x00000001 x18:0x00000000 x29=0xffffffff
        1304622	     65129	8000450e	f0b28e13	addi	x28,x5,-245	  x5:0x0000000b x28=0xffffff16
        1304642	     65130	80004512	40a75593	srai	x11,x14,0xa	 x14:0x00000000 x11=0x00000000
        1304982	     65147	80004516	00862a33	slt	x20,x12,x8	 x12:0x00000003  x8:0xffffffff x20=0x00000000
        1305062	     65151	8000451a	3403a5f3	csrrs	x11,mscratch,x7	  x7:0x80025ce4 x11=0x170048fc
        1305082	     65152	8000451e	87bd	c.srai	x15,0xf	 x15:0xffffffff x15=0xffffffff
        1305142	     65155	80004520	8649	c.srai	x12,0x12	 x12:0x00000003 x12=0x00000000
        1305162	     65156	80004522	0001	c.addi	x0,0	  x0:0x00000000  x0=0x00000000
        1305202	     65158	80004524	0ff0000f	fence	iorw,iorw	
        1305222	     65159	80004528	409888b3	sub	x17,x17,x9	 x17:0x00000003  x9:0xffffffff x17=0x00000004
        1305242	     65160	8000452c	0189b333	sltu	x6,x19,x24	 x19:0x00000000 x24:0x00000000  x6=0x00000000
        1305662	     65181	80004530	68d26d93	ori	x27,x4,1677	  x4:0x170048fd x27=0x17004efd
        1305682	     65182	80004534	91f2	c.add	x3,x28	  x3:0x170048fc x28:0xffffff16  x3=0x17004812
        1305862	     65191	80004536	3b486e93	ori	x29,x16,948	 x16:0xffffffff x29=0xffffffff
        1305882	     65192	8000453a	547d	c.li	x8,-1	  x8=0xffffffff
        1306002	     65198	8000453c	8ee1	c.and	x13,x8	 x13:0x00000000  x8:0xffffffff x13=0x00000000
        1306022	     65199	8000453e	80c5	c.srli	x9,0x11	  x9:0xffffffff  x9=0x00007fff
        1306042	     65200	80004540	9d68da37	lui	x20,0x9d68d	 x20=0x9d68d000
        1306062	     65201	80004544	0cd2	c.slli	x25,0x14	 x25:0x000000f7 x25=0x0f700000
        1306102	     65203	80004546	02f32033	mulhsu	x0,x6,x15	  x6:0x00000000 x15:0xffffffff  x0=0x00000000
        1306122	     65204	8000454a	e38d	c.bnez	x15,8000456c	 x15:0xffffffff
        1306342	     65215	8000456c	0fb2	c.slli	x31,0xc	 x31:0x2bd2049a x31=0x2049a000
        1306362	     65216	8000456e	89b1	c.andi	x11,12	 x11:0x170048fc x11=0x0000000c
        1306382	     65217	80004570	8eea	c.mv	x29,x26	  x0:0x00000000 x26:0x00000000 x29=0x00000000
        1306402	     65218	80004572	167d	c.addi	x12,-1	 x12:0x00000000 x12=0xffffffff
        1306462	     65221	80004574	e81c1497	auipc	x9,0xe81c1	  x9=0x681c5574
        1306482	     65222	80004578	032c8033	mul	x0,x25,x18	 x25:0x0f700000 x18:0x00000000  x0=0x00000000
        1306502	     65223	8000457c	02c20eb3	mul	x29,x4,x12	  x4:0x170048fd x12:0xffffffff x29=0xe8ffb703
        1306542	     65225	80004580	25e83b93	sltiu	x23,x16,606	 x16:0xffffffff x23=0x00000000
        1307002	     65248	80004584	cd15	c.beqz	x10,800045c0	 x10:0x00000000
        1307782	     65287	800045c0	8bd2	c.mv	x23,x20	  x0:0x00000000 x20:0x9d68d000 x23=0x9d68d000
        1307802	     65288	800045c2	0001	c.addi	x0,0	  x0:0x00000000  x0=0x00000000
        1308202	     65308	800045c4	7bcb3a13	sltiu	x20,x22,1980	 x22:0x00038000 x20=0x00000000
        1308342	     65315	800045c8	34002273	csrrs	x4,mscratch,x0	  x0:0x00000000  x4=0x97025cfc
        1308582	     65327	800045cc	85d9	c.srai	x11,0x16	 x11:0x0000000c x11=0x00000000
        1308622	     65329	800045ce	02cc3333	mulhu	x6,x24,x12	 x24:0x00000000 x12:0xffffffff  x6=0x00000000
        1308642	     65330	800045d2	58fd	c.li	x17,-1	 x17=0xffffffff
        1308662	     65331	800045d4	01c59463	bne	x11,x28,800045dc	 x11:0x00000000 x28:0xffffff16
        1309062	     65351	800045dc	340026f3	csrrs	x13,mscratch,x0	  x0:0x00000000 x13=0x97025cfc
        1309102	     65353	800045e0	538b9417	auipc	x8,0x538b9	  x8=0xd38bd5e0
        1309122	     65354	800045e4	340ef0f3	csrrci	x1,mscratch,29	  x1=0x97025cfc
        1309142	     65355	800045e8	08670093	addi	x1,x14,134	 x14:0x00000000  x1=0x00000086
        1309162	     65356	800045ec	8f19	c.sub	x14,x14	 x14:0x00000000 x14:0x00000000 x14=0x00000000
        1309182	     65357	800045ee	0001	c.addi	x0,0	  x0:0x00000000  x0=0x00000000
        1309342	     65365	800045f0	4969	c.li	x18,26	 x18=0x0000001a
        1309442	     65370	800045f2	021b39b3	mulhu	x19,x22,x1	 x22:0x00038000  x1:0x00000086 x19=0x00000000
        1309462	     65371	800045f6	87a5	c.srai	x15,0x9	 x15:0xffffffff x15=0xffffffff
        1309582	     65377	800045f8	416f56b3	sra	x13,x30,x22	 x30:0x00000000 x22:0x00038000 x13=0x00000000
        1309622	     65379	800045fc	41ce8933	sub	x18,x29,x28	 x29:0xe8ffb703 x28:0xffffff16 x18=0xe8ffb7ed
        1309742	     65385	80004600	402a0933	sub	x18,x20,x2	 x20:0x00000000  x2:0x80021e58 x18=0x7ffde1a8
        1309782	     65387	80004604	03aeb633	mulhu	x12,x29,x26	 x29:0xe8ffb703 x26:0x00000000 x12=0x00000000
        1309802	     65388	80004608	4143deb3	sra	x29,x7,x20	  x7:0x80025ce4 x20:0x00000000 x29=0x80025ce4
        1310202	     65408	8000460c	005e40b3	xor	x1,x28,x5	 x28:0xffffff16  x5:0x0000000b  x1=0xffffff1d
        1310242	     65410	80004610	032fb933	mulhu	x18,x31,x18	 x31:0x2049a000 x18:0x7ffde1a8 x18=0x10248b99
        1310662	     65431	80004614	02b2aab3	mulhsu	x21,x5,x11	  x5:0x0000000b x11:0x00000000 x21=0x00000000
        1310742	     65435	80004618	9512	c.add	x10,x4	 x10:0x00000000  x4:0x97025cfc x10=0x97025cfc
        1310762	     65436	8000461a	03b40bb3	mul	x23,x8,x27	  x8:0xd38bd5e0 x27:0x17004efd x23=0xcc5c9e60
        1310782	     65437	8000461e	00856863	bltu	x10,x8,8000462e	 x10:0x97025cfc  x8:0xd38bd5e0
        1311662	     65481	8000462e	85ee	c.mv	x11,x27	  x0:0x00000000 x27:0x17004efd x11=0x17004efd
        1311702	     65483	80004630	34003373	csrrc	x6,mscratch,x0	  x0:0x00000000  x6=0x97025ce0
        1311722	     65484	80004634	00f08b33	add	x22,x1,x15	  x1:0xffffff1d x15:0xffffffff x22=0xffffff1c
        1311742	     65485	80004638	0001	c.addi	x0,0	  x0:0x00000000  x0=0x00000000
        1312622	     65529	8000463a	02a7f4b3	remu	x9,x15,x10	 x15:0xffffffff x10:0x97025cfc  x9=0x68fda303
        1312642	     65530	8000463e	34095073	csrrwi	x0,mscratch,18	  x0=0x00000000
        1312662	     65531	80004642	e6a9	c.bnez	x13,8000468c	 x13:0x00000000
        1312682	     65532	80004644	4143d313	srai	x6,x7,0x14	  x7:0x80025ce4  x6=0xfffff800
        1312702	     65533	80004648	340fdcf3	csrrwi	x25,mscratch,31	 x25=0x00000012
        1312722	     65534	8000464c	e274de17	auipc	x28,0xe274d	 x28=0x6275164c
        1312742	     65535	80004650	403fdb13	srai	x22,x31,0x3	 x31:0x2049a000 x22=0x04093400
        1312762	     65536	80004654	3c194693	xori	x13,x18,961	 x18:0x10248b99 x13=0x10248858
        1313722	     65584	80004658	03766733	rem	x14,x12,x23	 x12:0x00000000 x23:0xcc5c9e60 x14=0x00000000
        1313742	     65585	8000465c	498cae93	slti	x29,x25,1176	 x25:0x00000012 x29=0x00000001
        1313762	     65586	80004660	cf337893	andi	x17,x6,-781	  x6:0xfffff800 x17=0xfffff800
        1313802	     65588	80004664	02c56733	rem	x14,x10,x12	 x10:0x97025cfc x12:0x00000000 x14=0x97025cfc
        1313822	     65589	80004668	007736b3	sltu	x13,x14,x7	 x14:0x97025cfc  x7:0x80025ce4 x13=0x00000000
        1313842	     65590	8000466c	0128d033	srl	x0,x17,x18	 x17:0xfffff800 x18:0x10248b99  x0=0x00000000
        1314102	     65603	80004670	0001	c.addi	x0,0	  x0:0x00000000  x0=0x00000000
        1314122	     65604	80004672	85976f13	ori	x30,x14,-1959	 x14:0x97025cfc x30=0xfffffcfd
        1314142	     65605	80004676	8f0d	c.sub	x14,x11	 x14:0x97025cfc x11:0x17004efd x14=0x80020dff
        1314542	     65625	80004678	a801c493	xori	x9,x3,-1408	  x3:0x17004812  x9=0xe8ffb292
        1314582	     65627	8000467c	035f6033	rem	x0,x30,x21	 x30:0xfffffcfd x21:0x00000000  x0=0x00000000
        1314662	     65631	80004680	01ac8533	add	x10,x25,x26	 x25:0x00000012 x26:0x00000000 x10=0x00000012
        1315002	     65648	80004684	0038d313	srli	x6,x17,0x3	 x17:0xfffff800  x6=0x1fffff00
        1315302	     65663	80004688	011964b3	or	x9,x18,x17	 x18:0x10248b99 x17:0xfffff800  x9=0xfffffb99
        1316422	     65719	8000468c	02675fb3	divu	x31,x14,x6	 x14:0x80020dff  x6:0x1fffff00 x31=0x00000004
        1316442	     65720	80004690	4166d2b3	sra	x5,x13,x22	 x13:0x00000000 x22:0x04093400  x5=0x00000000
        1316462	     65721	80004694	0001	c.addi	x0,0	  x0:0x00000000  x0=0x00000000
        1316482	     65722	80004696	f4c57db7	lui	x27,0xf4c57	 x27=0xf4c57000
        1316502	     65723	8000469a	01ca6263	bltu	x20,x28,8000469e	 x20:0x00000000 x28:0x6275164c
        1316542	     65725	8000469e	87bd	c.srai	x15,0xf	 x15:0xffffffff x15=0xffffffff
        1316562	     65726	800046a0	04946263	bltu	x8,x9,800046e4	  x8:0xd38bd5e0  x9:0xfffffb99
        1316842	     65740	800046e4	924ce293	ori	x5,x25,-1756	 x25:0x00000012  x5=0xfffff936
        1317002	     65748	800046e8	006174b3	and	x9,x2,x6	  x2:0x80021e58  x6:0x1fffff00  x9=0x00021e00
        1317022	     65749	800046ec	05fac763	blt	x21,x31,8000473a	 x21:0x00000000 x31:0x00000004
        1317722	     65784	8000473a	0000100f	fence.i	
        1318482	     65822	8000473e	75afea17	auipc	x20,0x75afe	 x20=0xf5b0273e
        1318502	     65823	80004742	012b9893	slli	x17,x23,0x12	 x23:0xcc5c9e60 x17=0x79800000
        1318522	     65824	80004746	34022873	csrrs	x16,mscratch,x4	  x4:0x97025cfc x16=0x0000001f
        1318542	     65825	8000474a	0176fe63	bgeu	x13,x23,80004766	 x13:0x00000000 x23:0xcc5c9e60
        1319422	     65869	8000474e	03e1f733	remu	x14,x3,x30	  x3:0x17004812 x30:0xfffffcfd x14=0x17004812
        1319442	     65870	80004752	340ff073	csrrci	x0,mscratch,31	  x0=0x00000000
        1319462	     65871	80004756	00730bb3	add	x23,x6,x7	  x6:0x1fffff00  x7:0x80025ce4 x23=0xa0025be4
        1320202	     65908	8000475a	027a5633	divu	x12,x20,x7	 x20:0xf5b0273e  x7:0x80025ce4 x12=0x00000001
        1320222	     65909	8000475e	8dca	c.mv	x27,x18	  x0:0x00000000 x18:0x10248b99 x27=0x10248b99
        1320242	     65910	80004760	6ee1	c.lui	x29,0x18	 x29=0x00018000
        1320262	     65911	80004762	02d66d63	bltu	x12,x13,8000479c	 x12:0x00000001 x13:0x00000000
        1320282	     65912	80004766	01e09663	bne	x1,x30,80004772	  x1:0xffffff1d x30:0xfffffcfd
        1320382	     65917	80004772	8fbbf713	andi	x14,x23,-1797	 x23:0xa0025be4 x14=0xa00258e0
        1320402	     65918	80004776	019e2533	slt	x10,x28,x25	 x28:0x6275164c x25:0x00000012 x10=0x00000000
        1320422	     65919	8000477a	0001	c.addi	x0,0	  x0:0x00000000  x0=0x00000000
        1320442	     65920	8000477c	34002ef3	csrrs	x29,mscratch,x0	  x0:0x00000000 x29=0x97025ce0
        1320462	     65921	80004780	c811	c.beqz	x8,80004794	  x8:0xd38bd5e0
        1320482	     65922	80004782	8129	c.srli	x10,0xa	 x10:0x00000000 x10=0x00000000
        1320502	     65923	80004784	013b1813	slli	x16,x22,0x13	 x22:0x04093400 x16=0xa0000000
        1320882	     65942	80004788	03491b63	bne	x18,x20,800047be	 x18:0x10248b99 x20:0xf5b0273e
        1321802	     65988	800047be	00be	c.slli	x1,0xf	  x1:0xffffff1d  x1=0xff8e8000
        1321862	     65991	800047c0	14fd	c.addi	x9,-1	  x9:0x00021e00  x9=0x00021dff
        1321882	     65992	800047c2	0001	c.addi	x0,0	  x0:0x00000000  x0=0x00000000
        1321902	     65993	800047c4	395448b7	lui	x17,0x39544	 x17=0x39544000
        1322122	     66004	800047c8	0001	c.addi	x0,0	  x0:0x00000000  x0=0x00000000
        1322142	     66005	800047ca	8dbd	c.xor	x11,x15	 x11:0x17004efd x15:0xffffffff x11=0xe8ffb102
        1322322	     66014	800047cc	6e137f13	andi	x30,x6,1761	  x6:0x1fffff00 x30=0x00000600
        1323222	     66059	800047d0	023df1b3	remu	x3,x27,x3	 x27:0x10248b99  x3:0x17004812  x3=0x10248b99
        1323242	     66060	800047d4	01594763	blt	x18,x21,800047e2	 x18:0x10248b99 x21:0x00000000
        1323262	     66061	800047d8	03b2d863	bge	x5,x27,80004808	  x5:0xfffff936 x27:0x10248b99
        1323282	     66062	800047dc	0ba1	c.addi	x23,8	 x23:0xa0025be4 x23=0xa0025bec
        1323302	     66063	800047de	3408bff3	csrrc	x31,mscratch,x17	 x17:0x39544000 x31=0x97025ce0
        1323322	     66064	800047e2	400a5493	srai	x9,x20,0x0	 x20:0xf5b0273e  x9=0xf5b0273e
        1323622	     66079	800047e6	010907b3	add	x15,x18,x16	 x18:0x10248b99 x16:0xa0000000 x15=0xb0248b99
        1323642	     66080	800047ea	c701	c.beqz	x14,800047f2	 x14:0xa00258e0
        1323662	     66081	800047ec	6379	c.lui	x6,0x1e	  x6=0x0001e000
        1324082	     66102	800047ee	34003b73	csrrc	x22,mscratch,x0	  x0:0x00000000 x22=0x86021ce0
        1324102	     66103	800047f2	0071e763	bltu	x3,x7,80004800	  x3:0x10248b99  x7:0x80025ce4
        1324402	     66118	80004800	418f80b3	sub	x1,x31,x24	 x31:0x97025ce0 x24:0x00000000  x1=0x97025ce0
        1324582	     66127	80004804	8270a613	slti	x12,x1,-2009	  x1:0x97025ce0 x12=0x00000001
        1324602	     66128	80004808	014290b3	sll	x1,x5,x20	  x5:0xfffff936 x20:0xf5b0273e  x1=0x80000000
        1325022	     66149	8000480c	004f4463	blt	x30,x4,80004814	 x30:0x00000600  x4:0x97025cfc
        1325062	     66151	80004810	02a115b3	mulh	x11,x2,x10	  x2:0x80021e58 x10:0x00000000 x11=0x00000000
        1325082	     66152	80004814	4047d093	srai	x1,x15,0x4	 x15:0xb0248b99  x1=0xfb0248b9
        1325102	     66153	80004818	05477463	bgeu	x14,x20,80004860	 x14:0xa00258e0 x20:0xf5b0273e
        1325122	     66154	8000481c	01cec333	xor	x6,x29,x28	 x29:0x97025ce0 x28:0x6275164c  x6=0xf5774aac
        1325162	     66156	80004820	61e1	c.lui	x3,0x18	  x3=0x00018000
        1325362	     66166	80004822	03111263	bne	x2,x17,80004846	  x2:0x80021e58 x17:0x39544000
        1326402	     66218	80004846	036d4e63	blt	x26,x22,80004882	 x26:0x00000000 x22:0x86021ce0
        1326422	     66219	8000484a	3409d8f3	csrrwi	x17,mscratch,19	 x17=0x86021ce0
        1327162	     66256	8000484e	02f17e33	remu	x28,x2,x15	  x2:0x80021e58 x15:0xb0248b99 x28=0x80021e58
        1327182	     66257	80004852	f6cb5e17	auipc	x28,0xf6cb5	 x28=0x76cb9852
        1327202	     66258	80004856	7316e993	ori	x19,x13,1841	 x13:0x00000000 x19=0x00000731
        1327222	     66259	8000485a	00fb5233	srl	x4,x22,x15	 x22:0x86021ce0 x15:0xb0248b99  x4=0x00000043
        1327242	     66260	8000485e	4a75	c.li	x20,29	 x20=0x0000001d
        1327302	     66263	80004860	8d7d	c.and	x10,x15	 x10:0x00000000 x15:0xb0248b99 x10=0x00000000
        1327322	     66264	80004862	0161d913	srli	x18,x3,0x16	  x3:0x00018000 x18=0x00000000
        1327342	     66265	80004866	49d9	c.li	x19,22	 x19=0x00000016
        1327462	     66271	80004868	99fd	c.andi	x11,-1	 x11:0x00000000 x11=0x00000000
        1327482	     66272	8000486a	dbfbb313	sltiu	x6,x23,-577	 x23:0xa0025bec  x6=0x00000001
        1327522	     66274	8000486e	dd747b93	andi	x23,x8,-553	  x8:0xd38bd5e0 x23=0xd38bd5c0
        1327622	     66279	80004872	00291bb3	sll	x23,x18,x2	 x18:0x00000000  x2:0x80021e58 x23=0x00000000
        1327662	     66281	80004876	013cda33	srl	x20,x25,x19	 x25:0x00000012 x19:0x00000016 x20=0x00000000
        1327682	     66282	8000487a	01b59813	slli	x16,x11,0x1b	 x11:0x00000000 x16=0x00000000
        1327702	     66283	8000487e	00869863	bne	x13,x8,8000488e	 x13:0x00000000  x8:0xd38bd5e0
        1328502	     66323	8000488e	bfa54513	xori	x10,x10,-1030	 x10:0x00000000 x10=0xfffffbfa
        1328522	     66324	80004892	021ac363	blt	x21,x1,800048b8	 x21:0x00000000  x1:0xfb0248b9
        1328642	     66330	80004896	34002b73	csrrs	x22,mscratch,x0	  x0:0x00000000 x22=0x00000013
        1328662	     66331	8000489a	0082da33	srl	x20,x5,x8	  x5:0xfffff936  x8:0xd38bd5e0 x20=0xfffff936
        1328682	     66332	8000489e	0001	c.addi	x0,0	  x0:0x00000000  x0=0x00000000
        1328822	     66339	800048a0	87690a13	addi	x20,x18,-1930	 x18:0x00000000 x20=0xfffff876
        1329002	     66348	800048a4	1ad33913	sltiu	x18,x6,429	  x6:0x00000001 x18=0x00000001
        1335422	     66669	800048a8	8e05	c.sub	x12,x9	 x12:0x00000001  x9:0xf5b0273e x12=0x0a4fd8c3
        1335442	     66670	800048aa	cc95	c.beqz	x9,800048e6	  x9:0xf5b0273e
        1336182	     66707	800048ac	02f5e8b3	rem	x17,x11,x15	 x11:0x00000000 x15:0xb0248b99 x17=0x00000000
        1336202	     66708	800048b0	3408d973	csrrwi	x18,mscratch,17	 x18=0x00000013
        1336222	     66709	800048b4	012b8a63	beq	x23,x18,800048c8	 x23:0x00000000 x18:0x00000013
        1336242	     66710	800048b8	0761	c.addi	x14,24	 x14:0xa00258e0 x14=0xa00258f8
        1336262	     66711	800048ba	0b562613	slti	x12,x12,181	 x12:0x0a4fd8c3 x12=0x00000000
        1336282	     66712	800048be	8f9d	c.sub	x15,x15	 x15:0xb0248b99 x15:0xb0248b99 x15=0x00000000
        1336302	     66713	800048c0	03ce7763	bgeu	x28,x28,800048ee	 x28:0x76cb9852 x28:0x76cb9852
        1337242	     66760	800048ee	96a6	c.add	x13,x9	 x13:0x00000000  x9:0xf5b0273e x13=0xf5b0273e
        1337982	     66797	800048f0	41034693	xori	x13,x6,1040	  x6:0x00000001 x13=0x00000411
        1338782	     66837	800048f4	026c4c33	div	x24,x24,x6	 x24:0x00000000  x6:0x00000001 x24=0x00000000
        1338802	     66838	800048f8	25016d93	ori	x27,x2,592	  x2:0x80021e58 x27=0x80021e58
        1338822	     66839	800048fc	00d65933	srl	x18,x12,x13	 x12:0x00000000 x13:0x00000411 x18=0x00000000
        1338862	     66841	80004900	035e5c33	divu	x24,x28,x21	 x28:0x76cb9852 x21:0x00000000 x24=0xffffffff
        1339162	     66856	80004904	40db5e13	srai	x28,x22,0xd	 x22:0x00000013 x28=0x00000000
        1339182	     66857	80004908	0260da63	bge	x1,x6,8000493c	  x1:0xfb0248b9  x6:0x00000001
        1339222	     66859	8000490c	9d2d8193	addi	x3,x27,-1582	 x27:0x80021e58  x3=0x8002182a
        1339262	     66861	80004910	038d9fb3	mulh	x31,x27,x24	 x27:0x80021e58 x24:0xffffffff x31=0x00000000
        1339622	     66879	80004914	038cafb3	mulhsu	x31,x25,x24	 x25:0x00000012 x24:0xffffffff x31=0x00000011
        1339802	     66888	80004918	022d	c.addi	x4,11	  x4:0x00000043  x4=0x0000004e
        1339822	     66889	8000491a	03fd6563	bltu	x26,x31,80004944	 x26:0x00000000 x31:0x00000011
        1340322	     66914	80004944	34f8a797	auipc	x15,0x34f8a	 x15=0xb4f8e944
        1340362	     66916	80004948	b86b2d97	auipc	x27,0xb86b2	 x27=0x386b6948
        1340782	     66937	8000494c	340077f3	csrrci	x15,mscratch,0	 x15=0x00000011
        1340802	     66938	80004950	01ea0b33	add	x22,x20,x30	 x20:0xfffff876 x30:0x00000600 x22=0xfffffe76
        1340982	     66947	80004954	89cd	c.andi	x11,19	 x11:0x00000000 x11=0x00000000
        1341002	     66948	80004956	00491463	bne	x18,x4,8000495e	 x18:0x00000000  x4:0x0000004e
        1341422	     66969	8000495e	e985	c.bnez	x11,8000498e	 x11:0x00000000
        1341802	     66988	80004960	01155913	srli	x18,x10,0x11	 x10:0xfffffbfa x18=0x00007fff
        1341962	     66996	80004964	02911bb3	mulh	x23,x2,x9	  x2:0x80021e58  x9:0xf5b0273e x23=0x0527d688
        1341982	     66997	80004968	40768633	sub	x12,x13,x7	 x13:0x00000411  x7:0x80025ce4 x12=0x7ffda72d
        1342002	     66998	8000496c	5dfd	c.li	x27,-1	 x27=0xffffffff
        1342742	     67035	8000496e	025bd733	divu	x14,x23,x5	 x23:0x0527d688  x5:0xfffff936 x14=0x00000000
        1342762	     67036	80004972	8c05	c.sub	x8,x9	  x8:0xd38bd5e0  x9:0xf5b0273e  x8=0xdddbaea2
        1342782	     67037	80004974	0145d863	bge	x11,x20,80004984	 x11:0x00000000 x20:0xfffff876
        1342822	     67039	80004984	8ccd	c.or	x9,x11	  x9:0xf5b0273e x11:0x00000000  x9=0xf5b0273e
        1343002	     67048	80004986	02901b63	bne	x0,x9,800049bc	  x0:0x00000000  x9:0xf5b0273e
        1343422	     67069	800049bc	009bef33	or	x30,x23,x9	 x23:0x0527d688  x9:0xf5b0273e x30=0xf5b7f7be
        1343622	     67079	800049c0	89f1	c.andi	x11,28	 x11:0x00000000 x11=0x00000000
        1343642	     67080	800049c2	8fb9	c.xor	x15,x14	 x15:0x00000011 x14:0x00000000 x15=0x00000011
        1343662	     67081	800049c4	00d16533	or	x10,x2,x13	  x2:0x80021e58 x13:0x00000411 x10=0x80021e59
        1343682	     67082	800049c8	0001	c.addi	x0,0	  x0:0x00000000  x0=0x00000000
        1343702	     67083	800049ca	94fdcf93	xori	x31,x27,-1713	 x27:0xffffffff x31=0x000006b0
        1343962	     67096	800049ce	01751763	bne	x10,x23,800049dc	 x10:0x80021e59 x23:0x0527d688
        1344462	     67121	800049dc	416d5213	srai	x4,x26,0x16	 x26:0x00000000  x4=0x00000000
        1344822	     67139	800049e0	03841eb3	mulh	x29,x8,x24	  x8:0xdddbaea2 x24:0xffffffff x29=0x00000000
        1344842	     67140	800049e4	340912f3	csrrw	x5,mscratch,x18	 x18:0x00007fff  x5=0x00000011
        1344862	     67141	800049e8	987d	c.andi	x8,-1	  x8:0xdddbaea2  x8=0xdddbaea2
        1345122	     67154	800049ea	01aec263	blt	x29,x26,800049ee	 x29:0x00000000 x26:0x00000000
        1345142	     67155	800049ee	eb8d3813	sltiu	x16,x26,-328	 x26:0x00000000 x16=0x00000001
        1345162	     67156	800049f2	0000100f	fence.i	
        1345382	     67167	800049f6	00cb75b3	and	x11,x22,x12	 x22:0xfffffe76 x12:0x7ffda72d x11=0x7ffda624
        1345662	     67181	800049fa	46816413	ori	x8,x2,1128	  x2:0x80021e58  x8=0x80021e78
        1345682	     67182	800049fe	002d9e63	bne	x27,x2,80004a1a	 x27:0xffffffff  x2:0x80021e58
        1346762	     67236	80004a1a	03385933	divu	x18,x16,x19	 x16:0x00000001 x19:0x00000016 x18=0x00000000
        1346782	     67237	80004a1e	01844f63	blt	x8,x24,80004a3c	  x8:0x80021e78 x24:0xffffffff
        1346862	     67241	80004a3c	4c1d	c.li	x24,7	 x24=0x00000007
        1346882	     67242	80004a3e	1ceaac13	slti	x24,x21,462	 x21:0x00000000 x24=0x00000001
        1347142	     67255	80004a42	01d02833	slt	x16,x0,x29	  x0:0x00000000 x29:0x00000000 x16=0x00000000
        1347162	     67256	80004a46	002d3eb3	sltu	x29,x26,x2	 x26:0x00000000  x2:0x80021e58 x29=0x00000001
        1347582	     67277	80004a4a	41038eb3	sub	x29,x7,x16	  x7:0x80025ce4 x16:0x00000000 x29=0x80025ce4
        1347602	     67278	80004a4e	8585	c.srai	x11,0x1	 x11:0x7ffda624 x11=0x3ffed312
        1347622	     67279	80004a50	6b4da213	slti	x4,x27,1716	 x27:0xffffffff  x4=0x00000001
        1347642	     67280	80004a54	6fe0e793	ori	x15,x1,1790	  x1:0xfb0248b9 x15=0xfb024eff
        1347682	     67282	80004a58	00c1cc33	xor	x24,x3,x12	  x3:0x8002182a x12:0x7ffda72d x24=0xffffbf07
        1347702	     67283	80004a5c	01631bb3	sll	x23,x6,x22	  x6:0x00000001 x22:0xfffffe76 x23=0x00400000
        1347722	     67284	80004a60	01112db3	slt	x27,x2,x17	  x2:0x80021e58 x17:0x00000000 x27=0x00000001
        1348142	     67305	80004a64	64ed	c.lui	x9,0x1b	  x9=0x0001b000
        1348282	     67312	80004a66	405ade33	sra	x28,x21,x5	 x21:0x00000000  x5:0x00000011 x28=0x00000000
        1348342	     67315	80004a6a	8402c917	auipc	x18,0x8402c	 x18=0x04030a6a
        1348362	     67316	80004a6e	8d59	c.or	x10,x14	 x10:0x80021e59 x14:0x00000000 x10=0x80021e59
        1348382	     67317	80004a70	147d	c.addi	x8,-1	  x8:0x80021e78  x8=0x80021e77
        1348402	     67318	80004a72	c209	c.beqz	x12,80004a74	 x12:0x7ffda72d
        1348742	     67335	80004a74	7c7e3793	sltiu	x15,x28,1991	 x28:0x00000000 x15=0x00000001
        1348842	     67340	80004a78	4b92	c.lwsp	x23,4(x2)	  x2:0x80021e58 x23=0x80002d14 PA:0x80021e5c load:0x80002d14
        1349022	     67349	80004a7a	013e1c13	slli	x24,x28,0x13	 x28:0x00000000 x24=0x00000000
        1349442	     67370	80004a7e	34002a73	csrrs	x20,mscratch,x0	  x0:0x00000000 x20=0x00007fff
        1350542	     67425	80004a82	029ec8b3	div	x17,x29,x9	 x29:0x80025ce4  x9:0x0001b000 x17=0xffffb428
        1351282	     67462	80004a86	02f9e1b3	rem	x3,x19,x15	 x19:0x00000016 x15:0x00000001  x3=0x00000000
        1351302	     67463	80004a8a	0131	c.addi	x2,12	  x2:0x80021e58  x2=0x80021e64
        1351322	     67464	80004a8c	8c89	c.sub	x9,x10	  x9:0x0001b000 x10:0x80021e59  x9=0x7fff91a7
        1351342	     67465	80004a8e	4581	c.li	x11,0	 x11=0x00000000
        1352082	     67502	80004a90	0279e0b3	rem	x1,x19,x7	 x19:0x00000016  x7:0x80025ce4  x1=0x00000016
        1352102	     67503	80004a94	8d41	c.or	x10,x8	 x10:0x80021e59  x8:0x80021e77 x10=0x80021e7f
        1352842	     67540	80004a96	025ce5b3	rem	x11,x25,x5	 x25:0x00000012  x5:0x00000011 x11=0x00000001
        1352862	     67541	80004a9a	001b8313	addi	x6,x23,1	 x23:0x80002d14  x6=0x80002d15
        1352882	     67542	80004a9e	8302	c.jr	x6	  x6:0x80002d15
        1353362	     67566	80002d14	8099	c.srli	x9,0x6	  x9:0x7fff91a7  x9=0x01fffe46
        1353382	     67567	80002d16	efa9	c.bnez	x15,80002d70	 x15:0x00000001
        1354422	     67619	80002d70	8df1	c.and	x11,x12	 x11:0x00000001 x12:0x7ffda72d x11=0x00000001
        1354822	     67639	80002d72	0184d933	srl	x18,x9,x24	  x9:0x01fffe46 x24:0x00000000 x18=0x01fffe46
        1354842	     67640	80002d76	8fc1	c.or	x15,x8	 x15:0x00000001  x8:0x80021e77 x15=0x80021e77
        1355122	     67654	80002d78	020c8ab3	mul	x21,x25,x0	 x25:0x00000012  x0:0x00000000 x21=0x00000000
        1355542	     67675	80002d7c	0101a0b3	slt	x1,x3,x16	  x3:0x00000000 x16:0x00000000  x1=0x00000000
        1355562	     67676	80002d80	41708b33	sub	x22,x1,x23	  x1:0x00000000 x23:0x80002d14 x22=0x7fffd2ec
        1355582	     67677	80002d84	01da6a33	or	x20,x20,x29	 x20:0x00007fff x29:0x80025ce4 x20=0x80027fff
        1355602	     67678	80002d88	0ff0000f	fence	iorw,iorw	
        1355622	     67679	80002d8c	82f5	c.srli	x13,0x1d	 x13:0x00000411 x13=0x00000000
        1355682	     67682	80002d8e	00159a13	slli	x20,x11,0x1	 x11:0x00000001 x20=0x00000002
        1355702	     67683	80002d92	8349	c.srli	x14,0x12	 x14:0x00000000 x14=0x00000000
        1355722	     67684	80002d94	6e2a8593	addi	x11,x21,1762	 x21:0x00000000 x11=0x000006e2
        1356102	     67703	80002d98	34002373	csrrs	x6,mscratch,x0	  x0:0x00000000  x6=0x00007fff
        1356142	     67705	80002d9c	007ab6b3	sltu	x13,x21,x7	 x21:0x00000000  x7:0x80025ce4 x13=0x00000001
        1356242	     67710	80002da0	9a7d	c.andi	x12,-1	 x12:0x7ffda72d x12=0x7ffda72d
        1356262	     67711	80002da2	52fd	c.li	x5,-1	  x5=0xffffffff
        1356542	     67725	80002da4	fe078b17	auipc	x22,0xfe078	 x22=0x7e07ada4
        1356602	     67728	80002da8	8c15	c.sub	x8,x13	  x8:0x80021e77 x13:0x00000001  x8=0x80021e76
        1357022	     67749	80002daa	005d77b3	and	x15,x26,x5	 x26:0x00000000  x5:0xffffffff x15=0x00000000
        1357042	     67750	80002dae	8fe9	c.and	x15,x10	 x15:0x00000000 x10:0x80021e7f x15=0x00000000
        1357442	     67770	80002db0	8665	c.srai	x12,0x19	 x12:0x7ffda72d x12=0x0000003f
        1357462	     67771	80002db2	8929	c.andi	x10,10	 x10:0x80021e7f x10=0x0000000a
        1357502	     67773	80002db4	032f16b3	mulh	x13,x30,x18	 x30:0xf5b7f7be x18:0x01fffe46 x13=0xffeb7001
        1357682	     67782	80002db8	80ba6f93	ori	x31,x20,-2037	 x20:0x00000002 x31=0xfffff80b
        1357862	     67791	80002dbc	0044e363	bltu	x9,x4,80002dc2	  x9:0x01fffe46  x4:0x00000001
        1358042	     67800	80002dc0	0001	c.addi	x0,0	  x0:0x00000000  x0=0x00000000
        1358062	     67801	80002dc2	16657693	andi	x13,x10,358	 x10:0x0000000a x13=0x00000002
        1358082	     67802	80002dc6	0000100f	fence.i	
        1358522	     67824	80002dca	340c1ef3	csrrw	x29,mscratch,x24	 x24:0x00000000 x29=0x00007fff
        1358602	     67828	80002dce	03db0663	beq	x22,x29,80002dfa	 x22:0x7e07ada4 x29:0x00007fff
        1358762	     67836	80002dd2	3d55e313	ori	x6,x11,981	 x11:0x000006e2  x6=0x000007f7
        1358782	     67837	80002dd6	41bf0033	sub	x0,x30,x27	 x30:0xf5b7f7be x27:0x00000001  x0=0x00000000
        1358942	     67845	80002dda	006d2cb3	slt	x25,x26,x6	 x26:0x00000000  x6:0x000007f7 x25=0x00000001
        1358962	     67846	80002dde	34025473	csrrwi	x8,mscratch,4	  x8=0x00000000
        1358982	     67847	80002de2	3408aef3	csrrs	x29,mscratch,x17	 x17:0xffffb428 x29=0x00000004
        1359342	     67865	80002de6	4166d8b3	sra	x17,x13,x22	 x13:0x00000002 x22:0x7e07ada4 x17=0x00000000
        1359362	     67866	80002dea	02968563	beq	x13,x9,80002e14	 x13:0x00000002  x9:0x01fffe46
        1359642	     67880	80002dee	41fa8c33	sub	x24,x21,x31	 x21:0x00000000 x31:0xfffff80b x24=0x000007f5
        1359662	     67881	80002df2	c6601b37	lui	x22,0xc6601	 x22=0xc6601000
        1359682	     67882	80002df6	00fe58b3	srl	x17,x28,x15	 x28:0x00000000 x15:0x00000000 x17=0x00000000
        1359702	     67883	80002dfa	003acd63	blt	x21,x3,80002e14	 x21:0x00000000  x3:0x00000000
        1359722	     67884	80002dfe	0001	c.addi	x0,0	  x0:0x00000000  x0=0x00000000
        1360462	     67921	80002e00	032f5433	divu	x8,x30,x18	 x30:0xf5b7f7be x18:0x01fffe46  x8=0x0000007a
        1360482	     67922	80002e04	8c95	c.sub	x9,x13	  x9:0x01fffe46 x13:0x00000002  x9=0x01fffe44
        1360502	     67923	80002e06	8fd5	c.or	x15,x13	 x15:0x00000000 x13:0x00000002 x15=0x00000002
        1360522	     67924	80002e08	59400613	addi	x12,x0,1428	  x0:0x00000000 x12=0x00000594
        1360542	     67925	80002e0c	01f04e33	xor	x28,x0,x31	  x0:0x00000000 x31:0xfffff80b x28=0xfffff80b
        1360562	     67926	80002e10	8ea5	c.xor	x13,x9	 x13:0x00000002  x9:0x01fffe44 x13=0x01fffe46
        1360582	     67927	80002e12	6edd	c.lui	x29,0x17	 x29=0x00017000
        1360602	     67928	80002e14	340061f3	csrrsi	x3,mscratch,0	  x3=0xffffb42c
        1361002	     67948	80002e18	ffffdd17	auipc	x26,0xffffd	 x26=0x7ffffe18
        1361202	     67958	80002e1c	55cd0d13	addi	x26,x26,1372	 x26:0x7ffffe18 x26=0x80000374
        1361362	     67966	80002e20	000d0067	jalr	x0,0(x26)	 x26:0x80000374  x0=0x00000000
        1362762	     68036	80000374	90000b37	lui	x22,0x90000	 x22=0x90000000
        1362802	     68038	80000378	1b61	c.addi	x22,-8	 x22:0x90000000 x22=0x8ffffff8
        1362822	     68039	8000037a	4a01	c.li	x20,0	 x20=0x00000000
        1362842	     68040	8000037c	0a22	c.slli	x20,0x8	 x20:0x00000000 x20=0x00000000
        1362862	     68041	8000037e	0a05	c.addi	x20,1	 x20:0x00000000 x20=0x00000001
        1363322	     68064	80000380	014b2023	sw	x20,0(x22)	 x22:0x8ffffff8 x20:0x00000001 PA:0x8ffffff8 store:0x00000001
        1363442	     68070	80000384	00000073	ecall	
        1373842	     68590	80002000	0800006f	jal	x0,80002080	  x0=0x00000000
        1374422	     68619	80002080	13f1	c.addi	x7,-4	  x7:0x80025ce4  x7=0x80025ce0
        1375202	     68658	80002082	0023a023	sw	x2,0(x7)	  x7:0x80025ce0  x2:0x80021e64 PA:0x80025ce0 store:0x80021e64
        1375222	     68659	80002086	00038133	add	x2,x7,x0	  x7:0x80025ce0  x0:0x00000000  x2=0x80025ce0
        1375242	     68660	8000208a	7119	c.addi16sp	x2,-128	  x2:0x80025ce0  x2=0x80025c60
        1375302	     68663	8000208c	c206	c.swsp	x1,4(x2)	  x2:0x80025c60  x1:0x00000000 PA:0x80025c64 store:0x00000000
        1375322	     68664	8000208e	c40a	c.swsp	x2,8(x2)	  x2:0x80025c60  x2:0x80025c60 PA:0x80025c68 store:0x80025c60
        1375342	     68665	80002090	c60e	c.swsp	x3,12(x2)	  x2:0x80025c60  x3:0xffffb42c PA:0x80025c6c store:0xffffb42c
        1375362	     68666	80002092	c812	c.swsp	x4,16(x2)	  x2:0x80025c60  x4:0x00000001 PA:0x80025c70 store:0x00000001
        1375582	     68677	80002094	ca16	c.swsp	x5,20(x2)	  x2:0x80025c60  x5:0xffffffff PA:0x80025c74 store:0xffffffff
        1375782	     68687	80002096	cc1a	c.swsp	x6,24(x2)	  x2:0x80025c60  x6:0x000007f7 PA:0x80025c78 store:0x000007f7
        1375842	     68690	80002098	ce1e	c.swsp	x7,28(x2)	  x2:0x80025c60  x7:0x80025ce0 PA:0x80025c7c store:0x80025ce0
        1375862	     68691	8000209a	d022	c.swsp	x8,32(x2)	  x2:0x80025c60  x8:0x0000007a PA:0x80025c80 store:0x0000007a
        1376042	     68700	8000209c	d226	c.swsp	x9,36(x2)	  x2:0x80025c60  x9:0x01fffe44 PA:0x80025c84 store:0x01fffe44
        1376122	     68704	8000209e	d42a	c.swsp	x10,40(x2)	  x2:0x80025c60 x10:0x0000000a PA:0x80025c88 store:0x0000000a
        1376162	     68706	800020a0	d62e	c.swsp	x11,44(x2)	  x2:0x80025c60 x11:0x000006e2 PA:0x80025c8c store:0x000006e2
        1376422	     68719	800020a2	d832	c.swsp	x12,48(x2)	  x2:0x80025c60 x12:0x00000594 PA:0x80025c90 store:0x00000594
        1376622	     68729	800020a4	da36	c.swsp	x13,52(x2)	  x2:0x80025c60 x13:0x01fffe46 PA:0x80025c94 store:0x01fffe46
        1376702	     68733	800020a6	dc3a	c.swsp	x14,56(x2)	  x2:0x80025c60 x14:0x00000000 PA:0x80025c98 store:0x00000000
        1376822	     68739	800020a8	de3e	c.swsp	x15,60(x2)	  x2:0x80025c60 x15:0x00000002 PA:0x80025c9c store:0x00000002
        1376942	     68745	800020aa	c0c2	c.swsp	x16,64(x2)	  x2:0x80025c60 x16:0x00000000 PA:0x80025ca0 store:0x00000000
        1377442	     68770	800020ac	c2c6	c.swsp	x17,68(x2)	  x2:0x80025c60 x17:0x00000000 PA:0x80025ca4 store:0x00000000
        1377502	     68773	800020ae	c4ca	c.swsp	x18,72(x2)	  x2:0x80025c60 x18:0x01fffe46 PA:0x80025ca8 store:0x01fffe46
        1377902	     68793	800020b0	c6ce	c.swsp	x19,76(x2)	  x2:0x80025c60 x19:0x00000016 PA:0x80025cac store:0x00000016
        1377962	     68796	800020b2	c8d2	c.swsp	x20,80(x2)	  x2:0x80025c60 x20:0x00000001 PA:0x80025cb0 store:0x00000001
        1377982	     68797	800020b4	cad6	c.swsp	x21,84(x2)	  x2:0x80025c60 x21:0x00000000 PA:0x80025cb4 store:0x00000000
        1378402	     68818	800020b6	ccda	c.swsp	x22,88(x2)	  x2:0x80025c60 x22:0x8ffffff8 PA:0x80025cb8 store:0x8ffffff8
        1378862	     68841	800020b8	cede	c.swsp	x23,92(x2)	  x2:0x80025c60 x23:0x80002d14 PA:0x80025cbc store:0x80002d14
        1379322	     68864	800020ba	d0e2	c.swsp	x24,96(x2)	  x2:0x80025c60 x24:0x000007f5 PA:0x80025cc0 store:0x000007f5
        1379582	     68877	800020bc	d2e6	c.swsp	x25,100(x2)	  x2:0x80025c60 x25:0x00000001 PA:0x80025cc4 store:0x00000001
        1379662	     68881	800020be	d4ea	c.swsp	x26,104(x2)	  x2:0x80025c60 x26:0x80000374 PA:0x80025cc8 store:0x80000374
        1380122	     68904	800020c0	d6ee	c.swsp	x27,108(x2)	  x2:0x80025c60 x27:0x00000001 PA:0x80025ccc store:0x00000001
        1380302	     68913	800020c2	d8f2	c.swsp	x28,112(x2)	  x2:0x80025c60 x28:0xfffff80b PA:0x80025cd0 store:0xfffff80b
        1380322	     68914	800020c4	daf6	c.swsp	x29,116(x2)	  x2:0x80025c60 x29:0x00017000 PA:0x80025cd4 store:0x00017000
        1380342	     68915	800020c6	dcfa	c.swsp	x30,120(x2)	  x2:0x80025c60 x30:0xf5b7f7be PA:0x80025cd8 store:0xf5b7f7be
        1380362	     68916	800020c8	defe	c.swsp	x31,124(x2)	  x2:0x80025c60 x31:0xfffff80b PA:0x80025cdc store:0xfffff80b
        1380382	     68917	800020ca	000103b3	add	x7,x2,x0	  x2:0x80025c60  x0:0x00000000  x7=0x80025c60
        1380402	     68918	800020ce	90000b37	lui	x22,0x90000	 x22=0x90000000
        1380422	     68919	800020d2	1b71	c.addi	x22,-4	 x22:0x90000000 x22=0x8ffffffc
        1380442	     68920	800020d4	4a21	c.li	x20,8	 x20=0x00000008
        1380462	     68921	800020d6	0a22	c.slli	x20,0x8	 x20:0x00000008 x20=0x00000800
        1380742	     68935	800020d8	000a0a13	addi	x20,x20,0	 x20:0x00000800 x20=0x00000800
        1381042	     68950	800020dc	014b2023	sw	x20,0(x22)	 x22:0x8ffffffc x20:0x00000800 PA:0x8ffffffc store:0x00000800
        1381062	     68951	800020e0	34102a73	csrrs	x20,mepc,x0	  x0:0x00000000 x20=0x80000384
        1381082	     68952	800020e4	34202a73	csrrs	x20,mcause,x0	  x0:0x00000000 x20=0x0000000b
        1381102	     68953	800020e8	4b0d	c.li	x22,3	 x22=0x00000003
        1381522	     68974	800020ea	016a1463	bne	x20,x22,800020f2	 x20:0x0000000b x22:0x00000003
        1382062	     69001	800020f2	4b21	c.li	x22,8	 x22=0x00000008
        1382082	     69002	800020f4	056a0d63	beq	x20,x22,8000214e	 x20:0x0000000b x22:0x00000008
        1382442	     69020	800020f8	4b25	c.li	x22,9	 x22=0x00000009
        1382462	     69021	800020fa	056a0a63	beq	x20,x22,8000214e	 x20:0x0000000b x22:0x00000009
        1382482	     69022	800020fe	4b2d	c.li	x22,11	 x22=0x0000000b
        1382642	     69030	80002100	056a0763	beq	x20,x22,8000214e	 x20:0x0000000b x22:0x0000000b
        1383342	     69065	8000214e	90000b37	lui	x22,0x90000	 x22=0x90000000
        1383362	     69066	80002152	1b71	c.addi	x22,-4	 x22:0x90000000 x22=0x8ffffffc
        1383462	     69071	80002154	6a05	c.lui	x20,0x1	 x20=0x00001000
        1383662	     69081	80002156	b00a0a13	addi	x20,x20,-1280	 x20:0x00001000 x20=0x00000b00
        1383682	     69082	8000215a	0a22	c.slli	x20,0x8	 x20:0x00000b00 x20=0x000b0000
        1383702	     69083	8000215c	0a0d	c.addi	x20,3	 x20:0x000b0000 x20=0x000b0003
        1383922	     69094	8000215e	014b2023	sw	x20,0(x22)	 x22:0x8ffffffc x20:0x000b0003 PA:0x8ffffffc store:0x000b0003
        1383942	     69095	80002162	b0002a73	csrrs	x20,mcycle,x0	  x0:0x00000000 x20=0x00010de4
        1384622	     69129	80002166	014b2023	sw	x20,0(x22)	 x22:0x8ffffffc x20:0x00010de4 PA:0x8ffffffc store:0x00010de4
        1384642	     69130	8000216a	90000b37	lui	x22,0x90000	 x22=0x90000000
        1384662	     69131	8000216e	1b71	c.addi	x22,-4	 x22:0x90000000 x22=0x8ffffffc
        1384682	     69132	80002170	6a05	c.lui	x20,0x1	 x20=0x00001000
        1384702	     69133	80002172	b80a0a13	addi	x20,x20,-1152	 x20:0x00001000 x20=0x00000b80
        1384722	     69134	80002176	0a22	c.slli	x20,0x8	 x20:0x00000b80 x20=0x000b8000
        1384762	     69136	80002178	0a0d	c.addi	x20,3	 x20:0x000b8000 x20=0x000b8003
        1384882	     69142	8000217a	014b2023	sw	x20,0(x22)	 x22:0x8ffffffc x20:0x000b8003 PA:0x8ffffffc store:0x000b8003
        1384962	     69146	8000217e	b8002a73	csrrs	x20,mcycleh,x0	  x0:0x00000000 x20=0x00000000
        1385082	     69152	80002182	014b2023	sw	x20,0(x22)	 x22:0x8ffffffc x20:0x00000000 PA:0x8ffffffc store:0x00000000
        1385102	     69153	80002186	90000b37	lui	x22,0x90000	 x22=0x90000000
        1385122	     69154	8000218a	1b71	c.addi	x22,-4	 x22:0x90000000 x22=0x8ffffffc
        1385482	     69172	8000218c	6a05	c.lui	x20,0x1	 x20=0x00001000
        1385842	     69190	8000218e	b03a0a13	addi	x20,x20,-1277	 x20:0x00001000 x20=0x00000b03
        1385862	     69191	80002192	0a22	c.slli	x20,0x8	 x20:0x00000b03 x20=0x000b0300
        1386182	     69207	80002194	0a0d	c.addi	x20,3	 x20:0x000b0300 x20=0x000b0303
        1386262	     69211	80002196	014b2023	sw	x20,0(x22)	 x22:0x8ffffffc x20:0x000b0303 PA:0x8ffffffc store:0x000b0303
        1386282	     69212	8000219a	b0302a73	csrrs	x20,mhpmcounter3,x0	  x0:0x00000000 x20=0x000000db
        1387082	     69252	8000219e	014b2023	sw	x20,0(x22)	 x22:0x8ffffffc x20:0x000000db PA:0x8ffffffc store:0x000000db
        1387102	     69253	800021a2	90000b37	lui	x22,0x90000	 x22=0x90000000
        1387122	     69254	800021a6	1b71	c.addi	x22,-4	 x22:0x90000000 x22=0x8ffffffc
        1387142	     69255	800021a8	6a05	c.lui	x20,0x1	 x20=0x00001000
        1387342	     69265	800021aa	b83a0a13	addi	x20,x20,-1149	 x20:0x00001000 x20=0x00000b83
        1387362	     69266	800021ae	0a22	c.slli	x20,0x8	 x20:0x00000b83 x20=0x000b8300
        1387382	     69267	800021b0	0a0d	c.addi	x20,3	 x20:0x000b8300 x20=0x000b8303
        1387782	     69287	800021b2	014b2023	sw	x20,0(x22)	 x22:0x8ffffffc x20:0x000b8303 PA:0x8ffffffc store:0x000b8303
        1387802	     69288	800021b6	b8302a73	csrrs	x20,mhpmcounter3h,x0	  x0:0x00000000 x20=0x00000000
        1387882	     69292	800021ba	014b2023	sw	x20,0(x22)	 x22:0x8ffffffc x20:0x00000000 PA:0x8ffffffc store:0x00000000
        1387902	     69293	800021be	90000b37	lui	x22,0x90000	 x22=0x90000000
        1387922	     69294	800021c2	1b71	c.addi	x22,-4	 x22:0x90000000 x22=0x8ffffffc
        1387942	     69295	800021c4	6a05	c.lui	x20,0x1	 x20=0x00001000
        1387962	     69296	800021c6	b04a0a13	addi	x20,x20,-1276	 x20:0x00001000 x20=0x00000b04
        1387982	     69297	800021ca	0a22	c.slli	x20,0x8	 x20:0x00000b04 x20=0x000b0400
        1388122	     69304	800021cc	0a0d	c.addi	x20,3	 x20:0x000b0400 x20=0x000b0403
        1388342	     69315	800021ce	014b2023	sw	x20,0(x22)	 x22:0x8ffffffc x20:0x000b0403 PA:0x8ffffffc store:0x000b0403
        1388362	     69316	800021d2	b0402a73	csrrs	x20,mhpmcounter4,x0	  x0:0x00000000 x20=0x000088e1
        1388502	     69323	800021d6	014b2023	sw	x20,0(x22)	 x22:0x8ffffffc x20:0x000088e1 PA:0x8ffffffc store:0x000088e1
        1388522	     69324	800021da	90000b37	lui	x22,0x90000	 x22=0x90000000
        1388542	     69325	800021de	1b71	c.addi	x22,-4	 x22:0x90000000 x22=0x8ffffffc
        1388562	     69326	800021e0	6a05	c.lui	x20,0x1	 x20=0x00001000
        1388582	     69327	800021e2	b84a0a13	addi	x20,x20,-1148	 x20:0x00001000 x20=0x00000b84
        1388602	     69328	800021e6	0a22	c.slli	x20,0x8	 x20:0x00000b84 x20=0x000b8400
        1388622	     69329	800021e8	0a0d	c.addi	x20,3	 x20:0x000b8400 x20=0x000b8403
        1389002	     69348	800021ea	014b2023	sw	x20,0(x22)	 x22:0x8ffffffc x20:0x000b8403 PA:0x8ffffffc store:0x000b8403
        1389022	     69349	800021ee	b8402a73	csrrs	x20,mhpmcounter4h,x0	  x0:0x00000000 x20=0x00000000
        1389102	     69353	800021f2	014b2023	sw	x20,0(x22)	 x22:0x8ffffffc x20:0x00000000 PA:0x8ffffffc store:0x00000000
        1389122	     69354	800021f6	90000b37	lui	x22,0x90000	 x22=0x90000000
        1389142	     69355	800021fa	1b71	c.addi	x22,-4	 x22:0x90000000 x22=0x8ffffffc
        1389162	     69356	800021fc	6a05	c.lui	x20,0x1	 x20=0x00001000
        1389342	     69365	800021fe	b05a0a13	addi	x20,x20,-1275	 x20:0x00001000 x20=0x00000b05
        1389362	     69366	80002202	0a22	c.slli	x20,0x8	 x20:0x00000b05 x20=0x000b0500
        1389762	     69386	80002204	0a0d	c.addi	x20,3	 x20:0x000b0500 x20=0x000b0503
        1390222	     69409	80002206	014b2023	sw	x20,0(x22)	 x22:0x8ffffffc x20:0x000b0503 PA:0x8ffffffc store:0x000b0503
        1390242	     69410	8000220a	b0502a73	csrrs	x20,mhpmcounter5,x0	  x0:0x00000000 x20=0x00000004
        1390262	     69411	8000220e	014b2023	sw	x20,0(x22)	 x22:0x8ffffffc x20:0x00000004 PA:0x8ffffffc store:0x00000004
        1390342	     69415	80002212	90000b37	lui	x22,0x90000	 x22=0x90000000
        1390362	     69416	80002216	1b71	c.addi	x22,-4	 x22:0x90000000 x22=0x8ffffffc
        1390382	     69417	80002218	6a05	c.lui	x20,0x1	 x20=0x00001000
        1390542	     69425	8000221a	b85a0a13	addi	x20,x20,-1147	 x20:0x00001000 x20=0x00000b85
        1390562	     69426	8000221e	0a22	c.slli	x20,0x8	 x20:0x00000b85 x20=0x000b8500
        1390782	     69437	80002220	0a0d	c.addi	x20,3	 x20:0x000b8500 x20=0x000b8503
        1390962	     69446	80002222	014b2023	sw	x20,0(x22)	 x22:0x8ffffffc x20:0x000b8503 PA:0x8ffffffc store:0x000b8503
        1390982	     69447	80002226	b8502a73	csrrs	x20,mhpmcounter5h,x0	  x0:0x00000000 x20=0x00000000
        1391402	     69468	8000222a	014b2023	sw	x20,0(x22)	 x22:0x8ffffffc x20:0x00000000 PA:0x8ffffffc store:0x00000000
        1391422	     69469	8000222e	90000b37	lui	x22,0x90000	 x22=0x90000000
        1391442	     69470	80002232	1b71	c.addi	x22,-4	 x22:0x90000000 x22=0x8ffffffc
        1391462	     69471	80002234	6a05	c.lui	x20,0x1	 x20=0x00001000
        1391482	     69472	80002236	b06a0a13	addi	x20,x20,-1274	 x20:0x00001000 x20=0x00000b06
        1391502	     69473	8000223a	0a22	c.slli	x20,0x8	 x20:0x00000b06 x20=0x000b0600
        1391522	     69474	8000223c	0a0d	c.addi	x20,3	 x20:0x000b0600 x20=0x000b0603
        1391962	     69496	8000223e	014b2023	sw	x20,0(x22)	 x22:0x8ffffffc x20:0x000b0603 PA:0x8ffffffc store:0x000b0603
        1392182	     69507	80002242	b0602a73	csrrs	x20,mhpmcounter6,x0	  x0:0x00000000 x20=0x0000003c
        1392642	     69530	80002246	014b2023	sw	x20,0(x22)	 x22:0x8ffffffc x20:0x0000003c PA:0x8ffffffc store:0x0000003c
        1392662	     69531	8000224a	90000b37	lui	x22,0x90000	 x22=0x90000000
        1392682	     69532	8000224e	1b71	c.addi	x22,-4	 x22:0x90000000 x22=0x8ffffffc
        1392702	     69533	80002250	6a05	c.lui	x20,0x1	 x20=0x00001000
        1392722	     69534	80002252	b86a0a13	addi	x20,x20,-1146	 x20:0x00001000 x20=0x00000b86
        1392742	     69535	80002256	0a22	c.slli	x20,0x8	 x20:0x00000b86 x20=0x000b8600
        1392762	     69536	80002258	0a0d	c.addi	x20,3	 x20:0x000b8600 x20=0x000b8603
        1393022	     69549	8000225a	014b2023	sw	x20,0(x22)	 x22:0x8ffffffc x20:0x000b8603 PA:0x8ffffffc store:0x000b8603
        1393042	     69550	8000225e	b8602a73	csrrs	x20,mhpmcounter6h,x0	  x0:0x00000000 x20=0x00000000
        1393462	     69571	80002262	014b2023	sw	x20,0(x22)	 x22:0x8ffffffc x20:0x00000000 PA:0x8ffffffc store:0x00000000
        1393482	     69572	80002266	90000b37	lui	x22,0x90000	 x22=0x90000000
        1393502	     69573	8000226a	1b71	c.addi	x22,-4	 x22:0x90000000 x22=0x8ffffffc
        1393522	     69574	8000226c	6a05	c.lui	x20,0x1	 x20=0x00001000
        1393542	     69575	8000226e	b07a0a13	addi	x20,x20,-1273	 x20:0x00001000 x20=0x00000b07
        1393562	     69576	80002272	0a22	c.slli	x20,0x8	 x20:0x00000b07 x20=0x000b0700
        1393742	     69585	80002274	0a0d	c.addi	x20,3	 x20:0x000b0700 x20=0x000b0703
        1393962	     69596	80002276	014b2023	sw	x20,0(x22)	 x22:0x8ffffffc x20:0x000b0703 PA:0x8ffffffc store:0x000b0703
        1393982	     69597	8000227a	b0702a73	csrrs	x20,mhpmcounter7,x0	  x0:0x00000000 x20=0x00000078
        1394642	     69630	8000227e	014b2023	sw	x20,0(x22)	 x22:0x8ffffffc x20:0x00000078 PA:0x8ffffffc store:0x00000078
        1394662	     69631	80002282	90000b37	lui	x22,0x90000	 x22=0x90000000
        1394682	     69632	80002286	1b71	c.addi	x22,-4	 x22:0x90000000 x22=0x8ffffffc
        1394702	     69633	80002288	6a05	c.lui	x20,0x1	 x20=0x00001000
        1394722	     69634	8000228a	b87a0a13	addi	x20,x20,-1145	 x20:0x00001000 x20=0x00000b87
        1394742	     69635	8000228e	0a22	c.slli	x20,0x8	 x20:0x00000b87 x20=0x000b8700
        1394762	     69636	80002290	0a0d	c.addi	x20,3	 x20:0x000b8700 x20=0x000b8703
        1394902	     69643	80002292	014b2023	sw	x20,0(x22)	 x22:0x8ffffffc x20:0x000b8703 PA:0x8ffffffc store:0x000b8703
        1394922	     69644	80002296	b8702a73	csrrs	x20,mhpmcounter7h,x0	  x0:0x00000000 x20=0x00000000
        1395342	     69665	8000229a	014b2023	sw	x20,0(x22)	 x22:0x8ffffffc x20:0x00000000 PA:0x8ffffffc store:0x00000000
        1395362	     69666	8000229e	90000b37	lui	x22,0x90000	 x22=0x90000000
        1395382	     69667	800022a2	1b71	c.addi	x22,-4	 x22:0x90000000 x22=0x8ffffffc
        1395402	     69668	800022a4	6a05	c.lui	x20,0x1	 x20=0x00001000
        1395442	     69670	800022a6	b08a0a13	addi	x20,x20,-1272	 x20:0x00001000 x20=0x00000b08
        1395462	     69671	800022aa	0a22	c.slli	x20,0x8	 x20:0x00000b08 x20=0x000b0800
        1395482	     69672	800022ac	0a0d	c.addi	x20,3	 x20:0x000b0800 x20=0x000b0803
        1395522	     69674	800022ae	014b2023	sw	x20,0(x22)	 x22:0x8ffffffc x20:0x000b0803 PA:0x8ffffffc store:0x000b0803
        1395682	     69682	800022b2	b0802a73	csrrs	x20,mhpmcounter8,x0	  x0:0x00000000 x20=0x00000333
        1395762	     69686	800022b6	014b2023	sw	x20,0(x22)	 x22:0x8ffffffc x20:0x00000333 PA:0x8ffffffc store:0x00000333
        1395782	     69687	800022ba	90000b37	lui	x22,0x90000	 x22=0x90000000
        1395802	     69688	800022be	1b71	c.addi	x22,-4	 x22:0x90000000 x22=0x8ffffffc
        1396142	     69705	800022c0	6a05	c.lui	x20,0x1	 x20=0x00001000
        1396162	     69706	800022c2	b88a0a13	addi	x20,x20,-1144	 x20:0x00001000 x20=0x00000b88
        1396182	     69707	800022c6	0a22	c.slli	x20,0x8	 x20:0x00000b88 x20=0x000b8800
        1396202	     69708	800022c8	0a0d	c.addi	x20,3	 x20:0x000b8800 x20=0x000b8803
        1396342	     69715	800022ca	014b2023	sw	x20,0(x22)	 x22:0x8ffffffc x20:0x000b8803 PA:0x8ffffffc store:0x000b8803
        1396362	     69716	800022ce	b8802a73	csrrs	x20,mhpmcounter8h,x0	  x0:0x00000000 x20=0x00000000
        1396502	     69723	800022d2	014b2023	sw	x20,0(x22)	 x22:0x8ffffffc x20:0x00000000 PA:0x8ffffffc store:0x00000000
        1396522	     69724	800022d6	90000b37	lui	x22,0x90000	 x22=0x90000000
        1396542	     69725	800022da	1b71	c.addi	x22,-4	 x22:0x90000000 x22=0x8ffffffc
        1396562	     69726	800022dc	6a05	c.lui	x20,0x1	 x20=0x00001000
        1396882	     69742	800022de	b09a0a13	addi	x20,x20,-1271	 x20:0x00001000 x20=0x00000b09
        1396902	     69743	800022e2	0a22	c.slli	x20,0x8	 x20:0x00000b09 x20=0x000b0900
        1396962	     69746	800022e4	0a0d	c.addi	x20,3	 x20:0x000b0900 x20=0x000b0903
        1397482	     69772	800022e6	014b2023	sw	x20,0(x22)	 x22:0x8ffffffc x20:0x000b0903 PA:0x8ffffffc store:0x000b0903
        1397502	     69773	800022ea	b0902a73	csrrs	x20,mhpmcounter9,x0	  x0:0x00000000 x20=0x00000199
        1397582	     69777	800022ee	014b2023	sw	x20,0(x22)	 x22:0x8ffffffc x20:0x00000199 PA:0x8ffffffc store:0x00000199
        1397602	     69778	800022f2	90000b37	lui	x22,0x90000	 x22=0x90000000
        1397622	     69779	800022f6	1b71	c.addi	x22,-4	 x22:0x90000000 x22=0x8ffffffc
        1397642	     69780	800022f8	6a05	c.lui	x20,0x1	 x20=0x00001000
        1397722	     69784	800022fa	b89a0a13	addi	x20,x20,-1143	 x20:0x00001000 x20=0x00000b89
        1397742	     69785	800022fe	0a22	c.slli	x20,0x8	 x20:0x00000b89 x20=0x000b8900
        1397762	     69786	80002300	0a0d	c.addi	x20,3	 x20:0x000b8900 x20=0x000b8903
        1397822	     69789	80002302	014b2023	sw	x20,0(x22)	 x22:0x8ffffffc x20:0x000b8903 PA:0x8ffffffc store:0x000b8903
        1398082	     69802	80002306	b8902a73	csrrs	x20,mhpmcounter9h,x0	  x0:0x00000000 x20=0x00000000
        1398142	     69805	8000230a	014b2023	sw	x20,0(x22)	 x22:0x8ffffffc x20:0x00000000 PA:0x8ffffffc store:0x00000000
        1398482	     69822	8000230e	90000b37	lui	x22,0x90000	 x22=0x90000000
        1398502	     69823	80002312	1b71	c.addi	x22,-4	 x22:0x90000000 x22=0x8ffffffc
        1398622	     69829	80002314	6a05	c.lui	x20,0x1	 x20=0x00001000
        1398922	     69844	80002316	b0aa0a13	addi	x20,x20,-1270	 x20:0x00001000 x20=0x00000b0a
        1398942	     69845	8000231a	0a22	c.slli	x20,0x8	 x20:0x00000b0a x20=0x000b0a00
        1398962	     69846	8000231c	0a0d	c.addi	x20,3	 x20:0x000b0a00 x20=0x000b0a03
        1399022	     69849	8000231e	014b2023	sw	x20,0(x22)	 x22:0x8ffffffc x20:0x000b0a03 PA:0x8ffffffc store:0x000b0a03
        1399382	     69867	80002322	b0a02a73	csrrs	x20,mhpmcounter10,x0	  x0:0x00000000 x20=0x0000078a
        1399522	     69874	80002326	014b2023	sw	x20,0(x22)	 x22:0x8ffffffc x20:0x0000078a PA:0x8ffffffc store:0x0000078a
        1399542	     69875	8000232a	90000b37	lui	x22,0x90000	 x22=0x90000000
        1399562	     69876	8000232e	1b71	c.addi	x22,-4	 x22:0x90000000 x22=0x8ffffffc
        1399842	     69890	80002330	6a05	c.lui	x20,0x1	 x20=0x00001000
        1399862	     69891	80002332	b8aa0a13	addi	x20,x20,-1142	 x20:0x00001000 x20=0x00000b8a
        1399882	     69892	80002336	0a22	c.slli	x20,0x8	 x20:0x00000b8a x20=0x000b8a00
        1399902	     69893	80002338	0a0d	c.addi	x20,3	 x20:0x000b8a00 x20=0x000b8a03
        1400122	     69904	8000233a	014b2023	sw	x20,0(x22)	 x22:0x8ffffffc x20:0x000b8a03 PA:0x8ffffffc store:0x000b8a03
        1400142	     69905	8000233e	b8a02a73	csrrs	x20,mhpmcounter10h,x0	  x0:0x00000000 x20=0x00000000
        1400522	     69924	80002342	014b2023	sw	x20,0(x22)	 x22:0x8ffffffc x20:0x00000000 PA:0x8ffffffc store:0x00000000
        1400542	     69925	80002346	90000b37	lui	x22,0x90000	 x22=0x90000000
        1400562	     69926	8000234a	1b71	c.addi	x22,-4	 x22:0x90000000 x22=0x8ffffffc
        1400582	     69927	8000234c	6a05	c.lui	x20,0x1	 x20=0x00001000
        1400602	     69928	8000234e	b0ba0a13	addi	x20,x20,-1269	 x20:0x00001000 x20=0x00000b0b
        1400622	     69929	80002352	0a22	c.slli	x20,0x8	 x20:0x00000b0b x20=0x000b0b00
        1400642	     69930	80002354	0a0d	c.addi	x20,3	 x20:0x000b0b00 x20=0x000b0b03
        1401502	     69973	80002356	014b2023	sw	x20,0(x22)	 x22:0x8ffffffc x20:0x000b0b03 PA:0x8ffffffc store:0x000b0b03
        1401522	     69974	8000235a	b0b02a73	csrrs	x20,mhpmcounter11,x0	  x0:0x00000000 x20=0x0000013b
        1401602	     69978	8000235e	014b2023	sw	x20,0(x22)	 x22:0x8ffffffc x20:0x0000013b PA:0x8ffffffc store:0x0000013b
        1401622	     69979	80002362	90000b37	lui	x22,0x90000	 x22=0x90000000
        1401642	     69980	80002366	1b71	c.addi	x22,-4	 x22:0x90000000 x22=0x8ffffffc
        1401662	     69981	80002368	6a05	c.lui	x20,0x1	 x20=0x00001000
        1401682	     69982	8000236a	b8ba0a13	addi	x20,x20,-1141	 x20:0x00001000 x20=0x00000b8b
        1401702	     69983	8000236e	0a22	c.slli	x20,0x8	 x20:0x00000b8b x20=0x000b8b00
        1401722	     69984	80002370	0a0d	c.addi	x20,3	 x20:0x000b8b00 x20=0x000b8b03
        1401782	     69987	80002372	014b2023	sw	x20,0(x22)	 x22:0x8ffffffc x20:0x000b8b03 PA:0x8ffffffc store:0x000b8b03
        1402102	     70003	80002376	b8b02a73	csrrs	x20,mhpmcounter11h,x0	  x0:0x00000000 x20=0x00000000
        1402302	     70013	8000237a	014b2023	sw	x20,0(x22)	 x22:0x8ffffffc x20:0x00000000 PA:0x8ffffffc store:0x00000000
        1402322	     70014	8000237e	90000b37	lui	x22,0x90000	 x22=0x90000000
        1402342	     70015	80002382	1b71	c.addi	x22,-4	 x22:0x90000000 x22=0x8ffffffc
        1402362	     70016	80002384	6a05	c.lui	x20,0x1	 x20=0x00001000
        1402482	     70022	80002386	b0ca0a13	addi	x20,x20,-1268	 x20:0x00001000 x20=0x00000b0c
        1402502	     70023	8000238a	0a22	c.slli	x20,0x8	 x20:0x00000b0c x20=0x000b0c00
        1402522	     70024	8000238c	0a0d	c.addi	x20,3	 x20:0x000b0c00 x20=0x000b0c03
        1402582	     70027	8000238e	014b2023	sw	x20,0(x22)	 x22:0x8ffffffc x20:0x000b0c03 PA:0x8ffffffc store:0x000b0c03
        1402602	     70028	80002392	b0c02a73	csrrs	x20,mhpmcounter12,x0	  x0:0x00000000 x20=0x00002b33
        1402682	     70032	80002396	014b2023	sw	x20,0(x22)	 x22:0x8ffffffc x20:0x00002b33 PA:0x8ffffffc store:0x00002b33
        1402722	     70034	8000239a	90000b37	lui	x22,0x90000	 x22=0x90000000
        1402742	     70035	8000239e	1b71	c.addi	x22,-4	 x22:0x90000000 x22=0x8ffffffc
        1402862	     70041	800023a0	6a05	c.lui	x20,0x1	 x20=0x00001000
        1402882	     70042	800023a2	b8ca0a13	addi	x20,x20,-1140	 x20:0x00001000 x20=0x00000b8c
        1402902	     70043	800023a6	0a22	c.slli	x20,0x8	 x20:0x00000b8c x20=0x000b8c00
        1403302	     70063	800023a8	0a0d	c.addi	x20,3	 x20:0x000b8c00 x20=0x000b8c03
        1403562	     70076	800023aa	014b2023	sw	x20,0(x22)	 x22:0x8ffffffc x20:0x000b8c03 PA:0x8ffffffc store:0x000b8c03
        1403682	     70082	800023ae	b8c02a73	csrrs	x20,mhpmcounter12h,x0	  x0:0x00000000 x20=0x00000000
        1403842	     70090	800023b2	014b2023	sw	x20,0(x22)	 x22:0x8ffffffc x20:0x00000000 PA:0x8ffffffc store:0x00000000
        1403862	     70091	800023b6	ffffea17	auipc	x20,0xffffe	 x20=0x800003b6
        1403882	     70092	800023ba	ccaa0a13	addi	x20,x20,-822	 x20:0x800003b6 x20=0x80000080
        1404242	     70110	800023be	000a2023	sw	x0,0(x20)	 x20:0x80000080  x0:0x00000000 PA:0x80000080 store:0x00000000
        1404302	     70113	800023c2	001a2223	sw	x1,4(x20)	 x20:0x80000080  x1:0x00000000 PA:0x80000084 store:0x00000000
        1404402	     70118	800023c6	002a2423	sw	x2,8(x20)	 x20:0x80000080  x2:0x80025c60 PA:0x80000088 store:0x80025c60
        1404442	     70120	800023ca	003a2623	sw	x3,12(x20)	 x20:0x80000080  x3:0xffffb42c PA:0x8000008c store:0xffffb42c
        1404602	     70128	800023ce	004a2823	sw	x4,16(x20)	 x20:0x80000080  x4:0x00000001 PA:0x80000090 store:0x00000001
        1404642	     70130	800023d2	005a2a23	sw	x5,20(x20)	 x20:0x80000080  x5:0xffffffff PA:0x80000094 store:0xffffffff
        1404662	     70131	800023d6	006a2c23	sw	x6,24(x20)	 x20:0x80000080  x6:0x000007f7 PA:0x80000098 store:0x000007f7
        1404702	     70133	800023da	007a2e23	sw	x7,28(x20)	 x20:0x80000080  x7:0x80025c60 PA:0x8000009c store:0x80025c60
        1404722	     70134	800023de	028a2023	sw	x8,32(x20)	 x20:0x80000080  x8:0x0000007a PA:0x800000a0 store:0x0000007a
        1405442	     70170	800023e2	029a2223	sw	x9,36(x20)	 x20:0x80000080  x9:0x01fffe44 PA:0x800000a4 store:0x01fffe44
        1405502	     70173	800023e6	02aa2423	sw	x10,40(x20)	 x20:0x80000080 x10:0x0000000a PA:0x800000a8 store:0x0000000a
        1405702	     70183	800023ea	02ba2623	sw	x11,44(x20)	 x20:0x80000080 x11:0x000006e2 PA:0x800000ac store:0x000006e2
        1405902	     70193	800023ee	02ca2823	sw	x12,48(x20)	 x20:0x80000080 x12:0x00000594 PA:0x800000b0 store:0x00000594
        1406162	     70206	800023f2	02da2a23	sw	x13,52(x20)	 x20:0x80000080 x13:0x01fffe46 PA:0x800000b4 store:0x01fffe46
        1406382	     70217	800023f6	02ea2c23	sw	x14,56(x20)	 x20:0x80000080 x14:0x00000000 PA:0x800000b8 store:0x00000000
        1406402	     70218	800023fa	02fa2e23	sw	x15,60(x20)	 x20:0x80000080 x15:0x00000002 PA:0x800000bc store:0x00000002
        1406622	     70229	800023fe	050a2023	sw	x16,64(x20)	 x20:0x80000080 x16:0x00000000 PA:0x800000c0 store:0x00000000
        1406642	     70230	80002402	051a2223	sw	x17,68(x20)	 x20:0x80000080 x17:0x00000000 PA:0x800000c4 store:0x00000000
        1406782	     70237	80002406	052a2423	sw	x18,72(x20)	 x20:0x80000080 x18:0x01fffe46 PA:0x800000c8 store:0x01fffe46
        1406882	     70242	8000240a	053a2623	sw	x19,76(x20)	 x20:0x80000080 x19:0x00000016 PA:0x800000cc store:0x00000016
        1406942	     70245	8000240e	054a2823	sw	x20,80(x20)	 x20:0x80000080 x20:0x80000080 PA:0x800000d0 store:0x80000080
        1407042	     70250	80002412	055a2a23	sw	x21,84(x20)	 x20:0x80000080 x21:0x00000000 PA:0x800000d4 store:0x00000000
        1407222	     70259	80002416	056a2c23	sw	x22,88(x20)	 x20:0x80000080 x22:0x8ffffffc PA:0x800000d8 store:0x8ffffffc
        1407362	     70266	8000241a	057a2e23	sw	x23,92(x20)	 x20:0x80000080 x23:0x80002d14 PA:0x800000dc store:0x80002d14
        1407602	     70278	8000241e	078a2023	sw	x24,96(x20)	 x20:0x80000080 x24:0x000007f5 PA:0x800000e0 store:0x000007f5
        1407662	     70281	80002422	079a2223	sw	x25,100(x20)	 x20:0x80000080 x25:0x00000001 PA:0x800000e4 store:0x00000001
        1407822	     70289	80002426	07aa2423	sw	x26,104(x20)	 x20:0x80000080 x26:0x80000374 PA:0x800000e8 store:0x80000374
        1408202	     70308	8000242a	07ba2623	sw	x27,108(x20)	 x20:0x80000080 x27:0x00000001 PA:0x800000ec store:0x00000001
        1408362	     70316	8000242e	07ca2823	sw	x28,112(x20)	 x20:0x80000080 x28:0xfffff80b PA:0x800000f0 store:0xfffff80b
        1408442	     70320	80002432	07da2a23	sw	x29,116(x20)	 x20:0x80000080 x29:0x00017000 PA:0x800000f4 store:0x00017000
        1408942	     70345	80002436	07ea2c23	sw	x30,120(x20)	 x20:0x80000080 x30:0xf5b7f7be PA:0x800000f8 store:0xf5b7f7be
        1409122	     70354	8000243a	07fa2e23	sw	x31,124(x20)	 x20:0x80000080 x31:0xfffff80b PA:0x800000fc store:0xfffff80b
        1409142	     70355	8000243e	34102a73	csrrs	x20,mepc,x0	  x0:0x00000000 x20=0x80000384
        1409162	     70356	80002442	0a11	c.addi	x20,4	 x20:0x80000384 x20=0x80000388
        1409182	     70357	80002444	341a1073	csrrw	x0,mepc,x20	 x20:0x80000388  x0=0x00000000
        1409202	     70358	80002448	30200073	mret	
        1409562	     70376	80000388	90000b37	lui	x22,0x90000	 x22=0x90000000
        1409582	     70377	8000038c	1b61	c.addi	x22,-8	 x22:0x90000000 x22=0x8ffffff8
        1409602	     70378	8000038e	4a05	c.li	x20,1	 x20=0x00000001
        1409662	     70381	80000390	0a22	c.slli	x20,0x8	 x20:0x00000001 x20=0x00000100
        1409682	     70382	80000392	0a05	c.addi	x20,1	 x20:0x00000100 x20=0x00000101
        1409802	     70388	80000394	014b2023	sw	x20,0(x22)	 x22:0x8ffffff8 x20:0x00000101 PA:0x8ffffff8 store:0x00000101
        1409822	     70389	80000398	00000073	ecall	
        1409882	     70392	80002000	0800006f	jal	x0,80002080	  x0=0x00000000
        1409942	     70395	80002080	13f1	c.addi	x7,-4	  x7:0x80025c60  x7=0x80025c5c
        1410262	     70411	80002082	0023a023	sw	x2,0(x7)	  x7:0x80025c5c  x2:0x80025c60 PA:0x80025c5c store:0x80025c60
        1410282	     70412	80002086	00038133	add	x2,x7,x0	  x7:0x80025c5c  x0:0x00000000  x2=0x80025c5c
        1410302	     70413	8000208a	7119	c.addi16sp	x2,-128	  x2:0x80025c5c  x2=0x80025bdc
        1410362	     70416	8000208c	c206	c.swsp	x1,4(x2)	  x2:0x80025bdc  x1:0x00000000 PA:0x80025be0 store:0x00000000
        1410582	     70427	8000208e	c40a	c.swsp	x2,8(x2)	  x2:0x80025bdc  x2:0x80025bdc PA:0x80025be4 store:0x80025bdc
        1410722	     70434	80002090	c60e	c.swsp	x3,12(x2)	  x2:0x80025bdc  x3:0xffffb42c PA:0x80025be8 store:0xffffb42c
        1410922	     70444	80002092	c812	c.swsp	x4,16(x2)	  x2:0x80025bdc  x4:0x00000001 PA:0x80025bec store:0x00000001
        1410982	     70447	80002094	ca16	c.swsp	x5,20(x2)	  x2:0x80025bdc  x5:0xffffffff PA:0x80025bf0 store:0xffffffff
        1411102	     70453	80002096	cc1a	c.swsp	x6,24(x2)	  x2:0x80025bdc  x6:0x000007f7 PA:0x80025bf4 store:0x000007f7
        1411322	     70464	80002098	ce1e	c.swsp	x7,28(x2)	  x2:0x80025bdc  x7:0x80025c5c PA:0x80025bf8 store:0x80025c5c
        1411582	     70477	8000209a	d022	c.swsp	x8,32(x2)	  x2:0x80025bdc  x8:0x0000007a PA:0x80025bfc store:0x0000007a
        1411602	     70478	8000209c	d226	c.swsp	x9,36(x2)	  x2:0x80025bdc  x9:0x01fffe44 PA:0x80025c00 store:0x01fffe44
        1411622	     70479	8000209e	d42a	c.swsp	x10,40(x2)	  x2:0x80025bdc x10:0x0000000a PA:0x80025c04 store:0x0000000a
        1411882	     70492	800020a0	d62e	c.swsp	x11,44(x2)	  x2:0x80025bdc x11:0x000006e2 PA:0x80025c08 store:0x000006e2
        1411942	     70495	800020a2	d832	c.swsp	x12,48(x2)	  x2:0x80025bdc x12:0x00000594 PA:0x80025c0c store:0x00000594
        1412242	     70510	800020a4	da36	c.swsp	x13,52(x2)	  x2:0x80025bdc x13:0x01fffe46 PA:0x80025c10 store:0x01fffe46
        1412302	     70513	800020a6	dc3a	c.swsp	x14,56(x2)	  x2:0x80025bdc x14:0x00000000 PA:0x80025c14 store:0x00000000
        1412322	     70514	800020a8	de3e	c.swsp	x15,60(x2)	  x2:0x80025bdc x15:0x00000002 PA:0x80025c18 store:0x00000002
        1412942	     70545	800020aa	c0c2	c.swsp	x16,64(x2)	  x2:0x80025bdc x16:0x00000000 PA:0x80025c1c store:0x00000000
        1413342	     70565	800020ac	c2c6	c.swsp	x17,68(x2)	  x2:0x80025bdc x17:0x00000000 PA:0x80025c20 store:0x00000000
        1413802	     70588	800020ae	c4ca	c.swsp	x18,72(x2)	  x2:0x80025bdc x18:0x01fffe46 PA:0x80025c24 store:0x01fffe46
        1414002	     70598	800020b0	c6ce	c.swsp	x19,76(x2)	  x2:0x80025bdc x19:0x00000016 PA:0x80025c28 store:0x00000016
        1414462	     70621	800020b2	c8d2	c.swsp	x20,80(x2)	  x2:0x80025bdc x20:0x00000101 PA:0x80025c2c store:0x00000101
        1414522	     70624	800020b4	cad6	c.swsp	x21,84(x2)	  x2:0x80025bdc x21:0x00000000 PA:0x80025c30 store:0x00000000
        1414542	     70625	800020b6	ccda	c.swsp	x22,88(x2)	  x2:0x80025bdc x22:0x8ffffff8 PA:0x80025c34 store:0x8ffffff8
        1414562	     70626	800020b8	cede	c.swsp	x23,92(x2)	  x2:0x80025bdc x23:0x80002d14 PA:0x80025c38 store:0x80002d14
        1414982	     70647	800020ba	d0e2	c.swsp	x24,96(x2)	  x2:0x80025bdc x24:0x000007f5 PA:0x80025c3c store:0x000007f5
        1415062	     70651	800020bc	d2e6	c.swsp	x25,100(x2)	  x2:0x80025bdc x25:0x00000001 PA:0x80025c40 store:0x00000001
        1415242	     70660	800020be	d4ea	c.swsp	x26,104(x2)	  x2:0x80025bdc x26:0x80000374 PA:0x80025c44 store:0x80000374
        1415302	     70663	800020c0	d6ee	c.swsp	x27,108(x2)	  x2:0x80025bdc x27:0x00000001 PA:0x80025c48 store:0x00000001
        1415402	     70668	800020c2	d8f2	c.swsp	x28,112(x2)	  x2:0x80025bdc x28:0xfffff80b PA:0x80025c4c store:0xfffff80b
        1415522	     70674	800020c4	daf6	c.swsp	x29,116(x2)	  x2:0x80025bdc x29:0x00017000 PA:0x80025c50 store:0x00017000
        1415582	     70677	800020c6	dcfa	c.swsp	x30,120(x2)	  x2:0x80025bdc x30:0xf5b7f7be PA:0x80025c54 store:0xf5b7f7be
        1415602	     70678	800020c8	defe	c.swsp	x31,124(x2)	  x2:0x80025bdc x31:0xfffff80b PA:0x80025c58 store:0xfffff80b
        1415622	     70679	800020ca	000103b3	add	x7,x2,x0	  x2:0x80025bdc  x0:0x00000000  x7=0x80025bdc
        1415642	     70680	800020ce	90000b37	lui	x22,0x90000	 x22=0x90000000
        1415662	     70681	800020d2	1b71	c.addi	x22,-4	 x22:0x90000000 x22=0x8ffffffc
        1415682	     70682	800020d4	4a21	c.li	x20,8	 x20=0x00000008
        1415702	     70683	800020d6	0a22	c.slli	x20,0x8	 x20:0x00000008 x20=0x00000800
        1415722	     70684	800020d8	000a0a13	addi	x20,x20,0	 x20:0x00000800 x20=0x00000800
        1415782	     70687	800020dc	014b2023	sw	x20,0(x22)	 x22:0x8ffffffc x20:0x00000800 PA:0x8ffffffc store:0x00000800
        1415802	     70688	800020e0	34102a73	csrrs	x20,mepc,x0	  x0:0x00000000 x20=0x80000398
        1415822	     70689	800020e4	34202a73	csrrs	x20,mcause,x0	  x0:0x00000000 x20=0x0000000b
        1415842	     70690	800020e8	4b0d	c.li	x22,3	 x22=0x00000003
        1415862	     70691	800020ea	016a1463	bne	x20,x22,800020f2	 x20:0x0000000b x22:0x00000003
        1415902	     70693	800020f2	4b21	c.li	x22,8	 x22=0x00000008
        1415922	     70694	800020f4	056a0d63	beq	x20,x22,8000214e	 x20:0x0000000b x22:0x00000008
        1415942	     70695	800020f8	4b25	c.li	x22,9	 x22=0x00000009
        1415962	     70696	800020fa	056a0a63	beq	x20,x22,8000214e	 x20:0x0000000b x22:0x00000009
        1415982	     70697	800020fe	4b2d	c.li	x22,11	 x22=0x0000000b
        1416002	     70698	80002100	056a0763	beq	x20,x22,8000214e	 x20:0x0000000b x22:0x0000000b
        1416062	     70701	8000214e	90000b37	lui	x22,0x90000	 x22=0x90000000
        1416082	     70702	80002152	1b71	c.addi	x22,-4	 x22:0x90000000 x22=0x8ffffffc
        1416102	     70703	80002154	6a05	c.lui	x20,0x1	 x20=0x00001000
        1416122	     70704	80002156	b00a0a13	addi	x20,x20,-1280	 x20:0x00001000 x20=0x00000b00
        1416142	     70705	8000215a	0a22	c.slli	x20,0x8	 x20:0x00000b00 x20=0x000b0000
        1416162	     70706	8000215c	0a0d	c.addi	x20,3	 x20:0x000b0000 x20=0x000b0003
        1416402	     70718	8000215e	014b2023	sw	x20,0(x22)	 x22:0x8ffffffc x20:0x000b0003 PA:0x8ffffffc store:0x000b0003
        1416422	     70719	80002162	b0002a73	csrrs	x20,mcycle,x0	  x0:0x00000000 x20=0x0001143c
        1416482	     70722	80002166	014b2023	sw	x20,0(x22)	 x22:0x8ffffffc x20:0x0001143c PA:0x8ffffffc store:0x0001143c
        1416502	     70723	8000216a	90000b37	lui	x22,0x90000	 x22=0x90000000
        1416522	     70724	8000216e	1b71	c.addi	x22,-4	 x22:0x90000000 x22=0x8ffffffc
        1416542	     70725	80002170	6a05	c.lui	x20,0x1	 x20=0x00001000
        1416562	     70726	80002172	b80a0a13	addi	x20,x20,-1152	 x20:0x00001000 x20=0x00000b80
        1416582	     70727	80002176	0a22	c.slli	x20,0x8	 x20:0x00000b80 x20=0x000b8000
        1416602	     70728	80002178	0a0d	c.addi	x20,3	 x20:0x000b8000 x20=0x000b8003
        1417022	     70749	8000217a	014b2023	sw	x20,0(x22)	 x22:0x8ffffffc x20:0x000b8003 PA:0x8ffffffc store:0x000b8003
        1417042	     70750	8000217e	b8002a73	csrrs	x20,mcycleh,x0	  x0:0x00000000 x20=0x00000000
        1417102	     70753	80002182	014b2023	sw	x20,0(x22)	 x22:0x8ffffffc x20:0x00000000 PA:0x8ffffffc store:0x00000000
        1417122	     70754	80002186	90000b37	lui	x22,0x90000	 x22=0x90000000
        1417142	     70755	8000218a	1b71	c.addi	x22,-4	 x22:0x90000000 x22=0x8ffffffc
        1417162	     70756	8000218c	6a05	c.lui	x20,0x1	 x20=0x00001000
        1417182	     70757	8000218e	b03a0a13	addi	x20,x20,-1277	 x20:0x00001000 x20=0x00000b03
        1417202	     70758	80002192	0a22	c.slli	x20,0x8	 x20:0x00000b03 x20=0x000b0300
        1417222	     70759	80002194	0a0d	c.addi	x20,3	 x20:0x000b0300 x20=0x000b0303
        1417422	     70769	80002196	014b2023	sw	x20,0(x22)	 x22:0x8ffffffc x20:0x000b0303 PA:0x8ffffffc store:0x000b0303
        1417442	     70770	8000219a	b0302a73	csrrs	x20,mhpmcounter3,x0	  x0:0x00000000 x20=0x000002a1
        1417582	     70777	8000219e	014b2023	sw	x20,0(x22)	 x22:0x8ffffffc x20:0x000002a1 PA:0x8ffffffc store:0x000002a1
        1417602	     70778	800021a2	90000b37	lui	x22,0x90000	 x22=0x90000000
        1417622	     70779	800021a6	1b71	c.addi	x22,-4	 x22:0x90000000 x22=0x8ffffffc
        1417642	     70780	800021a8	6a05	c.lui	x20,0x1	 x20=0x00001000
        1417662	     70781	800021aa	b83a0a13	addi	x20,x20,-1149	 x20:0x00001000 x20=0x00000b83
        1417682	     70782	800021ae	0a22	c.slli	x20,0x8	 x20:0x00000b83 x20=0x000b8300
        1417702	     70783	800021b0	0a0d	c.addi	x20,3	 x20:0x000b8300 x20=0x000b8303
        1417942	     70795	800021b2	014b2023	sw	x20,0(x22)	 x22:0x8ffffffc x20:0x000b8303 PA:0x8ffffffc store:0x000b8303
        1417962	     70796	800021b6	b8302a73	csrrs	x20,mhpmcounter3h,x0	  x0:0x00000000 x20=0x00000000
        1418022	     70799	800021ba	014b2023	sw	x20,0(x22)	 x22:0x8ffffffc x20:0x00000000 PA:0x8ffffffc store:0x00000000
        1418042	     70800	800021be	90000b37	lui	x22,0x90000	 x22=0x90000000
        1418062	     70801	800021c2	1b71	c.addi	x22,-4	 x22:0x90000000 x22=0x8ffffffc
        1418082	     70802	800021c4	6a05	c.lui	x20,0x1	 x20=0x00001000
        1418102	     70803	800021c6	b04a0a13	addi	x20,x20,-1276	 x20:0x00001000 x20=0x00000b04
        1418122	     70804	800021ca	0a22	c.slli	x20,0x8	 x20:0x00000b04 x20=0x000b0400
        1418142	     70805	800021cc	0a0d	c.addi	x20,3	 x20:0x000b0400 x20=0x000b0403
        1418202	     70808	800021ce	014b2023	sw	x20,0(x22)	 x22:0x8ffffffc x20:0x000b0403 PA:0x8ffffffc store:0x000b0403
        1418222	     70809	800021d2	b0402a73	csrrs	x20,mhpmcounter4,x0	  x0:0x00000000 x20=0x00008aa1
        1418482	     70822	800021d6	014b2023	sw	x20,0(x22)	 x22:0x8ffffffc x20:0x00008aa1 PA:0x8ffffffc store:0x00008aa1
        1418502	     70823	800021da	90000b37	lui	x22,0x90000	 x22=0x90000000
        1418522	     70824	800021de	1b71	c.addi	x22,-4	 x22:0x90000000 x22=0x8ffffffc
        1418542	     70825	800021e0	6a05	c.lui	x20,0x1	 x20=0x00001000
        1418562	     70826	800021e2	b84a0a13	addi	x20,x20,-1148	 x20:0x00001000 x20=0x00000b84
        1418582	     70827	800021e6	0a22	c.slli	x20,0x8	 x20:0x00000b84 x20=0x000b8400
        1418602	     70828	800021e8	0a0d	c.addi	x20,3	 x20:0x000b8400 x20=0x000b8403
        1419062	     70851	800021ea	014b2023	sw	x20,0(x22)	 x22:0x8ffffffc x20:0x000b8403 PA:0x8ffffffc store:0x000b8403
        1419082	     70852	800021ee	b8402a73	csrrs	x20,mhpmcounter4h,x0	  x0:0x00000000 x20=0x00000000
        1419542	     70875	800021f2	014b2023	sw	x20,0(x22)	 x22:0x8ffffffc x20:0x00000000 PA:0x8ffffffc store:0x00000000
        1419562	     70876	800021f6	90000b37	lui	x22,0x90000	 x22=0x90000000
        1419582	     70877	800021fa	1b71	c.addi	x22,-4	 x22:0x90000000 x22=0x8ffffffc
        1419602	     70878	800021fc	6a05	c.lui	x20,0x1	 x20=0x00001000
        1419622	     70879	800021fe	b05a0a13	addi	x20,x20,-1275	 x20:0x00001000 x20=0x00000b05
        1419642	     70880	80002202	0a22	c.slli	x20,0x8	 x20:0x00000b05 x20=0x000b0500
        1419662	     70881	80002204	0a0d	c.addi	x20,3	 x20:0x000b0500 x20=0x000b0503
        1420182	     70907	80002206	014b2023	sw	x20,0(x22)	 x22:0x8ffffffc x20:0x000b0503 PA:0x8ffffffc store:0x000b0503
        1420202	     70908	8000220a	b0502a73	csrrs	x20,mhpmcounter5,x0	  x0:0x00000000 x20=0x00000004
        1420302	     70913	8000220e	014b2023	sw	x20,0(x22)	 x22:0x8ffffffc x20:0x00000004 PA:0x8ffffffc store:0x00000004
        1420322	     70914	80002212	90000b37	lui	x22,0x90000	 x22=0x90000000
        1420342	     70915	80002216	1b71	c.addi	x22,-4	 x22:0x90000000 x22=0x8ffffffc
        1420362	     70916	80002218	6a05	c.lui	x20,0x1	 x20=0x00001000
        1420382	     70917	8000221a	b85a0a13	addi	x20,x20,-1147	 x20:0x00001000 x20=0x00000b85
        1420402	     70918	8000221e	0a22	c.slli	x20,0x8	 x20:0x00000b85 x20=0x000b8500
        1420422	     70919	80002220	0a0d	c.addi	x20,3	 x20:0x000b8500 x20=0x000b8503
        1420942	     70945	80002222	014b2023	sw	x20,0(x22)	 x22:0x8ffffffc x20:0x000b8503 PA:0x8ffffffc store:0x000b8503
        1420962	     70946	80002226	b8502a73	csrrs	x20,mhpmcounter5h,x0	  x0:0x00000000 x20=0x00000000
        1421342	     70965	8000222a	014b2023	sw	x20,0(x22)	 x22:0x8ffffffc x20:0x00000000 PA:0x8ffffffc store:0x00000000
        1421362	     70966	8000222e	90000b37	lui	x22,0x90000	 x22=0x90000000
        1421382	     70967	80002232	1b71	c.addi	x22,-4	 x22:0x90000000 x22=0x8ffffffc
        1421402	     70968	80002234	6a05	c.lui	x20,0x1	 x20=0x00001000
        1421422	     70969	80002236	b06a0a13	addi	x20,x20,-1274	 x20:0x00001000 x20=0x00000b06
        1421442	     70970	8000223a	0a22	c.slli	x20,0x8	 x20:0x00000b06 x20=0x000b0600
        1421462	     70971	8000223c	0a0d	c.addi	x20,3	 x20:0x000b0600 x20=0x000b0603
        1421522	     70974	8000223e	014b2023	sw	x20,0(x22)	 x22:0x8ffffffc x20:0x000b0603 PA:0x8ffffffc store:0x000b0603
        1421542	     70975	80002242	b0602a73	csrrs	x20,mhpmcounter6,x0	  x0:0x00000000 x20=0x000000aa
        1421562	     70976	80002246	014b2023	sw	x20,0(x22)	 x22:0x8ffffffc x20:0x000000aa PA:0x8ffffffc store:0x000000aa
        1421582	     70977	8000224a	90000b37	lui	x22,0x90000	 x22=0x90000000
        1421602	     70978	8000224e	1b71	c.addi	x22,-4	 x22:0x90000000 x22=0x8ffffffc
        1421622	     70979	80002250	6a05	c.lui	x20,0x1	 x20=0x00001000
        1421642	     70980	80002252	b86a0a13	addi	x20,x20,-1146	 x20:0x00001000 x20=0x00000b86
        1421662	     70981	80002256	0a22	c.slli	x20,0x8	 x20:0x00000b86 x20=0x000b8600
        1421682	     70982	80002258	0a0d	c.addi	x20,3	 x20:0x000b8600 x20=0x000b8603
        1422042	     71000	8000225a	014b2023	sw	x20,0(x22)	 x22:0x8ffffffc x20:0x000b8603 PA:0x8ffffffc store:0x000b8603
        1422062	     71001	8000225e	b8602a73	csrrs	x20,mhpmcounter6h,x0	  x0:0x00000000 x20=0x00000000
        1422322	     71014	80002262	014b2023	sw	x20,0(x22)	 x22:0x8ffffffc x20:0x00000000 PA:0x8ffffffc store:0x00000000
        1422342	     71015	80002266	90000b37	lui	x22,0x90000	 x22=0x90000000
        1422362	     71016	8000226a	1b71	c.addi	x22,-4	 x22:0x90000000 x22=0x8ffffffc
        1422382	     71017	8000226c	6a05	c.lui	x20,0x1	 x20=0x00001000
        1422402	     71018	8000226e	b07a0a13	addi	x20,x20,-1273	 x20:0x00001000 x20=0x00000b07
        1422422	     71019	80002272	0a22	c.slli	x20,0x8	 x20:0x00000b07 x20=0x000b0700
        1422442	     71020	80002274	0a0d	c.addi	x20,3	 x20:0x000b0700 x20=0x000b0703
        1422702	     71033	80002276	014b2023	sw	x20,0(x22)	 x22:0x8ffffffc x20:0x000b0703 PA:0x8ffffffc store:0x000b0703
        1422722	     71034	8000227a	b0702a73	csrrs	x20,mhpmcounter7,x0	  x0:0x00000000 x20=0x00000079
        1422742	     71035	8000227e	014b2023	sw	x20,0(x22)	 x22:0x8ffffffc x20:0x00000079 PA:0x8ffffffc store:0x00000079
        1422762	     71036	80002282	90000b37	lui	x22,0x90000	 x22=0x90000000
        1422782	     71037	80002286	1b71	c.addi	x22,-4	 x22:0x90000000 x22=0x8ffffffc
        1422802	     71038	80002288	6a05	c.lui	x20,0x1	 x20=0x00001000
        1422822	     71039	8000228a	b87a0a13	addi	x20,x20,-1145	 x20:0x00001000 x20=0x00000b87
        1422842	     71040	8000228e	0a22	c.slli	x20,0x8	 x20:0x00000b87 x20=0x000b8700
        1422862	     71041	80002290	0a0d	c.addi	x20,3	 x20:0x000b8700 x20=0x000b8703
        1423142	     71055	80002292	014b2023	sw	x20,0(x22)	 x22:0x8ffffffc x20:0x000b8703 PA:0x8ffffffc store:0x000b8703
        1423162	     71056	80002296	b8702a73	csrrs	x20,mhpmcounter7h,x0	  x0:0x00000000 x20=0x00000000
        1423302	     71063	8000229a	014b2023	sw	x20,0(x22)	 x22:0x8ffffffc x20:0x00000000 PA:0x8ffffffc store:0x00000000
        1423322	     71064	8000229e	90000b37	lui	x22,0x90000	 x22=0x90000000
        1423342	     71065	800022a2	1b71	c.addi	x22,-4	 x22:0x90000000 x22=0x8ffffffc
        1423362	     71066	800022a4	6a05	c.lui	x20,0x1	 x20=0x00001000
        1423382	     71067	800022a6	b08a0a13	addi	x20,x20,-1272	 x20:0x00001000 x20=0x00000b08
        1423402	     71068	800022aa	0a22	c.slli	x20,0x8	 x20:0x00000b08 x20=0x000b0800
        1423422	     71069	800022ac	0a0d	c.addi	x20,3	 x20:0x000b0800 x20=0x000b0803
        1423482	     71072	800022ae	014b2023	sw	x20,0(x22)	 x22:0x8ffffffc x20:0x000b0803 PA:0x8ffffffc store:0x000b0803
        1423502	     71073	800022b2	b0802a73	csrrs	x20,mhpmcounter8,x0	  x0:0x00000000 x20=0x00000337
        1423522	     71074	800022b6	014b2023	sw	x20,0(x22)	 x22:0x8ffffffc x20:0x00000337 PA:0x8ffffffc store:0x00000337
        1423542	     71075	800022ba	90000b37	lui	x22,0x90000	 x22=0x90000000
        1423562	     71076	800022be	1b71	c.addi	x22,-4	 x22:0x90000000 x22=0x8ffffffc
        1423582	     71077	800022c0	6a05	c.lui	x20,0x1	 x20=0x00001000
        1423602	     71078	800022c2	b88a0a13	addi	x20,x20,-1144	 x20:0x00001000 x20=0x00000b88
        1423622	     71079	800022c6	0a22	c.slli	x20,0x8	 x20:0x00000b88 x20=0x000b8800
        1423642	     71080	800022c8	0a0d	c.addi	x20,3	 x20:0x000b8800 x20=0x000b8803
        1423822	     71089	800022ca	014b2023	sw	x20,0(x22)	 x22:0x8ffffffc x20:0x000b8803 PA:0x8ffffffc store:0x000b8803
        1423842	     71090	800022ce	b8802a73	csrrs	x20,mhpmcounter8h,x0	  x0:0x00000000 x20=0x00000000
        1424302	     71113	800022d2	014b2023	sw	x20,0(x22)	 x22:0x8ffffffc x20:0x00000000 PA:0x8ffffffc store:0x00000000
        1424322	     71114	800022d6	90000b37	lui	x22,0x90000	 x22=0x90000000
        1424342	     71115	800022da	1b71	c.addi	x22,-4	 x22:0x90000000 x22=0x8ffffffc
        1424362	     71116	800022dc	6a05	c.lui	x20,0x1	 x20=0x00001000
        1424382	     71117	800022de	b09a0a13	addi	x20,x20,-1271	 x20:0x00001000 x20=0x00000b09
        1424402	     71118	800022e2	0a22	c.slli	x20,0x8	 x20:0x00000b09 x20=0x000b0900
        1424422	     71119	800022e4	0a0d	c.addi	x20,3	 x20:0x000b0900 x20=0x000b0903
