Time	Cycle	PC	Insn	Decoded instruction	Register and memory contents
           2273	        12	80000080	40001337	lui	x6,0x40001	  x6=0x40001000
           2433	        20	80000084	10630313	addi	x6,x6,262	  x6:0x40001000  x6=0x40001106
           2453	        21	80000088	30131073	csrrw	x0,misa,x6	  x6:0x40001106  x0=0x00000000
           2653	        31	8000008c	00026297	auipc	x5,0x26	  x5=0x8002608c
           2893	        43	80000090	c5828293	addi	x5,x5,-936	  x5:0x8002608c  x5=0x80025ce4
           2913	        44	80000094	00002317	auipc	x6,0x2	  x6=0x80002094
           2933	        45	80000098	66c30313	addi	x6,x6,1644	  x6:0x80002094  x6=0x80002700
           2953	        46	8000009c	00136313	ori	x6,x6,1	  x6:0x80002700  x6=0x80002701
           3033	        50	800000a0	30531073	csrrw	x0,mtvec,x6	  x6:0x80002701  x0=0x00000000
           3453	        71	800000a4	74725073	csrrwi	x0,0x747,4	  x0=0x00000000
           3513	        74	800000a8	00003b17	auipc	x22,0x3	 x22=0x800030a8
           3533	        75	800000ac	444b0b13	addi	x22,x22,1092	 x22:0x800030a8 x22=0x800034ec
           3713	        84	800000b0	4301	c.li	x6,0	  x6=0x00000000
           3733	        85	800000b2	9b1a	c.add	x22,x6	 x22:0x800034ec  x6:0x00000000 x22=0x800034ec
           3873	        92	800000b4	002b5b13	srli	x22,x22,0x2	 x22:0x800034ec x22=0x20000d3b
           4293	       113	800000b8	3b0b1073	csrrw	x0,pmpaddr0,x22	 x22:0x20000d3b  x0=0x00000000
           4693	       133	800000bc	00003b17	auipc	x22,0x3	 x22=0x800030bc
           5113	       154	800000c0	430b0b13	addi	x22,x22,1072	 x22:0x800030bc x22=0x800034ec
           5433	       170	800000c4	11111337	lui	x6,0x11111	  x6=0x11111000
           5613	       179	800000c8	11130313	addi	x6,x6,273	  x6:0x11111000  x6=0x11111111
           5713	       184	800000cc	9b1a	c.add	x22,x6	 x22:0x800034ec  x6:0x11111111 x22=0x911145fd
           5733	       185	800000ce	002b5b13	srli	x22,x22,0x2	 x22:0x911145fd x22=0x2444517f
           5753	       186	800000d2	3b1b1073	csrrw	x0,pmpaddr1,x22	 x22:0x2444517f  x0=0x00000000
           5813	       189	800000d6	00003b17	auipc	x22,0x3	 x22=0x800030d6
           6193	       208	800000da	416b0b13	addi	x22,x22,1046	 x22:0x800030d6 x22=0x800034ec
           6213	       209	800000de	22222337	lui	x6,0x22222	  x6=0x22222000
           6233	       210	800000e2	22230313	addi	x6,x6,546	  x6:0x22222000  x6=0x22222222
           6253	       211	800000e6	9b1a	c.add	x22,x6	 x22:0x800034ec  x6:0x22222222 x22=0xa222570e
           6333	       215	800000e8	002b5b13	srli	x22,x22,0x2	 x22:0xa222570e x22=0x288895c3
           6533	       225	800000ec	3b2b1073	csrrw	x0,pmpaddr2,x22	 x22:0x288895c3  x0=0x00000000
           6593	       228	800000f0	00003b17	auipc	x22,0x3	 x22=0x800030f0
           6613	       229	800000f4	3fcb0b13	addi	x22,x22,1020	 x22:0x800030f0 x22=0x800034ec
           6993	       248	800000f8	33333337	lui	x6,0x33333	  x6=0x33333000
           7313	       264	800000fc	33330313	addi	x6,x6,819	  x6:0x33333000  x6=0x33333333
           7333	       265	80000100	9b1a	c.add	x22,x6	 x22:0x800034ec  x6:0x33333333 x22=0xb333681f
           7573	       277	80000102	002b5b13	srli	x22,x22,0x2	 x22:0xb333681f x22=0x2cccda07
           7593	       278	80000106	3b3b1073	csrrw	x0,pmpaddr3,x22	 x22:0x2cccda07  x0=0x00000000
           7653	       281	8000010a	0f0f1b37	lui	x22,0xf0f1	 x22=0x0f0f1000
           7673	       282	8000010e	f0fb0b13	addi	x22,x22,-241	 x22:0x0f0f1000 x22=0x0f0f0f0f
           7693	       283	80000112	3a0b1073	csrrw	x0,pmpcfg0,x22	 x22:0x0f0f0f0f  x0=0x00000000
           7753	       286	80000116	00003b17	auipc	x22,0x3	 x22=0x80003116
           7793	       288	8000011a	3d6b0b13	addi	x22,x22,982	 x22:0x80003116 x22=0x800034ec
           8073	       302	8000011e	44444337	lui	x6,0x44444	  x6=0x44444000
           8093	       303	80000122	44430313	addi	x6,x6,1092	  x6:0x44444000  x6=0x44444444
           8113	       304	80000126	9b1a	c.add	x22,x6	 x22:0x800034ec  x6:0x44444444 x22=0xc4447930
           8133	       305	80000128	002b5b13	srli	x22,x22,0x2	 x22:0xc4447930 x22=0x31111e4c
           8153	       306	8000012c	3b4b1073	csrrw	x0,pmpaddr4,x22	 x22:0x31111e4c  x0=0x00000000
           8273	       312	80000130	00003b17	auipc	x22,0x3	 x22=0x80003130
           8293	       313	80000134	3bcb0b13	addi	x22,x22,956	 x22:0x80003130 x22=0x800034ec
           8313	       314	80000138	55555337	lui	x6,0x55555	  x6=0x55555000
           8333	       315	8000013c	55530313	addi	x6,x6,1365	  x6:0x55555000  x6=0x55555555
           8373	       317	80000140	9b1a	c.add	x22,x6	 x22:0x800034ec  x6:0x55555555 x22=0xd5558a41
           8453	       321	80000142	002b5b13	srli	x22,x22,0x2	 x22:0xd5558a41 x22=0x35556290
           8633	       330	80000146	3b5b1073	csrrw	x0,pmpaddr5,x22	 x22:0x35556290  x0=0x00000000
           8693	       333	8000014a	00003b17	auipc	x22,0x3	 x22=0x8000314a
           8933	       345	8000014e	3a2b0b13	addi	x22,x22,930	 x22:0x8000314a x22=0x800034ec
           9353	       366	80000152	66666337	lui	x6,0x66666	  x6=0x66666000
           9513	       374	80000156	66630313	addi	x6,x6,1638	  x6:0x66666000  x6=0x66666666
           9533	       375	8000015a	9b1a	c.add	x22,x6	 x22:0x800034ec  x6:0x66666666 x22=0xe6669b52
           9933	       395	8000015c	002b5b13	srli	x22,x22,0x2	 x22:0xe6669b52 x22=0x3999a6d4
          10293	       413	80000160	3b6b1073	csrrw	x0,pmpaddr6,x22	 x22:0x3999a6d4  x0=0x00000000
          10513	       424	80000164	00003b17	auipc	x22,0x3	 x22=0x80003164
          10533	       425	80000168	388b0b13	addi	x22,x22,904	 x22:0x80003164 x22=0x800034ec
          10553	       426	8000016c	77777337	lui	x6,0x77777	  x6=0x77777000
          10973	       447	80000170	77730313	addi	x6,x6,1911	  x6:0x77777000  x6=0x77777777
          10993	       448	80000174	9b1a	c.add	x22,x6	 x22:0x800034ec  x6:0x77777777 x22=0xf777ac63
          11013	       449	80000176	002b5b13	srli	x22,x22,0x2	 x22:0xf777ac63 x22=0x3dddeb18
          11033	       450	8000017a	3b7b1073	csrrw	x0,pmpaddr7,x22	 x22:0x3dddeb18  x0=0x00000000
          11313	       464	8000017e	0f0f1b37	lui	x22,0xf0f1	 x22=0x0f0f1000
          11333	       465	80000182	f0fb0b13	addi	x22,x22,-241	 x22:0x0f0f1000 x22=0x0f0f0f0f
          11353	       466	80000186	3a1b1073	csrrw	x0,pmpcfg1,x22	 x22:0x0f0f0f0f  x0=0x00000000
          11773	       487	8000018a	00003b17	auipc	x22,0x3	 x22=0x8000318a
          11793	       488	8000018e	362b0b13	addi	x22,x22,866	 x22:0x8000318a x22=0x800034ec
          11813	       489	80000192	88889337	lui	x6,0x88889	  x6=0x88889000
          11833	       490	80000196	88830313	addi	x6,x6,-1912	  x6:0x88889000  x6=0x88888888
          11853	       491	8000019a	9b1a	c.add	x22,x6	 x22:0x800034ec  x6:0x88888888 x22=0x0888bd74
          12033	       500	8000019c	002b5b13	srli	x22,x22,0x2	 x22:0x0888bd74 x22=0x02222f5d
          12053	       501	800001a0	3b8b1073	csrrw	x0,pmpaddr8,x22	 x22:0x02222f5d  x0=0x00000000
          12113	       504	800001a4	00003b17	auipc	x22,0x3	 x22=0x800031a4
          12313	       514	800001a8	348b0b13	addi	x22,x22,840	 x22:0x800031a4 x22=0x800034ec
          12333	       515	800001ac	9999a337	lui	x6,0x9999a	  x6=0x9999a000
          12393	       518	800001b0	99930313	addi	x6,x6,-1639	  x6:0x9999a000  x6=0x99999999
          12413	       519	800001b4	9b1a	c.add	x22,x6	 x22:0x800034ec  x6:0x99999999 x22=0x1999ce85
          12433	       520	800001b6	002b5b13	srli	x22,x22,0x2	 x22:0x1999ce85 x22=0x066673a1
          12453	       521	800001ba	3b9b1073	csrrw	x0,pmpaddr9,x22	 x22:0x066673a1  x0=0x00000000
          12533	       525	800001be	00003b17	auipc	x22,0x3	 x22=0x800031be
          12693	       533	800001c2	32eb0b13	addi	x22,x22,814	 x22:0x800031be x22=0x800034ec
          12713	       534	800001c6	aaaab337	lui	x6,0xaaaab	  x6=0xaaaab000
          13033	       550	800001ca	aaa30313	addi	x6,x6,-1366	  x6:0xaaaab000  x6=0xaaaaaaaa
          13053	       551	800001ce	9b1a	c.add	x22,x6	 x22:0x800034ec  x6:0xaaaaaaaa x22=0x2aaadf96
          13073	       552	800001d0	002b5b13	srli	x22,x22,0x2	 x22:0x2aaadf96 x22=0x0aaab7e5
          13173	       557	800001d4	3bab1073	csrrw	x0,pmpaddr10,x22	 x22:0x0aaab7e5  x0=0x00000000
          13233	       560	800001d8	00003b17	auipc	x22,0x3	 x22=0x800031d8
          13253	       561	800001dc	314b0b13	addi	x22,x22,788	 x22:0x800031d8 x22=0x800034ec
          13273	       562	800001e0	bbbbc337	lui	x6,0xbbbbc	  x6=0xbbbbc000
          13293	       563	800001e4	bbb30313	addi	x6,x6,-1093	  x6:0xbbbbc000  x6=0xbbbbbbbb
          13313	       564	800001e8	9b1a	c.add	x22,x6	 x22:0x800034ec  x6:0xbbbbbbbb x22=0x3bbbf0a7
          13433	       570	800001ea	002b5b13	srli	x22,x22,0x2	 x22:0x3bbbf0a7 x22=0x0eeefc29
          13453	       571	800001ee	3bbb1073	csrrw	x0,pmpaddr11,x22	 x22:0x0eeefc29  x0=0x00000000
          13513	       574	800001f2	0f0f1b37	lui	x22,0xf0f1	 x22=0x0f0f1000
          13633	       580	800001f6	f0fb0b13	addi	x22,x22,-241	 x22:0x0f0f1000 x22=0x0f0f0f0f
          14053	       601	800001fa	3a2b1073	csrrw	x0,pmpcfg2,x22	 x22:0x0f0f0f0f  x0=0x00000000
          14113	       604	800001fe	00003b17	auipc	x22,0x3	 x22=0x800031fe
          14133	       605	80000202	2eeb0b13	addi	x22,x22,750	 x22:0x800031fe x22=0x800034ec
          14353	       616	80000206	ccccd337	lui	x6,0xccccd	  x6=0xccccd000
          14373	       617	8000020a	ccc30313	addi	x6,x6,-820	  x6:0xccccd000  x6=0xcccccccc
          14393	       618	8000020e	9b1a	c.add	x22,x6	 x22:0x800034ec  x6:0xcccccccc x22=0x4ccd01b8
          14413	       619	80000210	002b5b13	srli	x22,x22,0x2	 x22:0x4ccd01b8 x22=0x1333406e
          14733	       635	80000214	3bcb1073	csrrw	x0,pmpaddr12,x22	 x22:0x1333406e  x0=0x00000000
          14793	       638	80000218	00003b17	auipc	x22,0x3	 x22=0x80003218
          15173	       657	8000021c	2d4b0b13	addi	x22,x22,724	 x22:0x80003218 x22=0x800034ec
          15193	       658	80000220	dddde337	lui	x6,0xdddde	  x6=0xdddde000
          15213	       659	80000224	ddd30313	addi	x6,x6,-547	  x6:0xdddde000  x6=0xdddddddd
          15233	       660	80000228	9b1a	c.add	x22,x6	 x22:0x800034ec  x6:0xdddddddd x22=0x5dde12c9
          15253	       661	8000022a	002b5b13	srli	x22,x22,0x2	 x22:0x5dde12c9 x22=0x177784b2
          15273	       662	8000022e	3bdb1073	csrrw	x0,pmpaddr13,x22	 x22:0x177784b2  x0=0x00000000
          15393	       668	80000232	00003b17	auipc	x22,0x3	 x22=0x80003232
          15573	       677	80000236	2bab0b13	addi	x22,x22,698	 x22:0x80003232 x22=0x800034ec
          15593	       678	8000023a	eeeef337	lui	x6,0xeeeef	  x6=0xeeeef000
          15613	       679	8000023e	eee30313	addi	x6,x6,-274	  x6:0xeeeef000  x6=0xeeeeeeee
          15633	       680	80000242	9b1a	c.add	x22,x6	 x22:0x800034ec  x6:0xeeeeeeee x22=0x6eef23da
          15653	       681	80000244	002b5b13	srli	x22,x22,0x2	 x22:0x6eef23da x22=0x1bbbc8f6
          15673	       682	80000248	3beb1073	csrrw	x0,pmpaddr14,x22	 x22:0x1bbbc8f6  x0=0x00000000
          15733	       685	8000024c	00003b17	auipc	x22,0x3	 x22=0x8000324c
          15753	       686	80000250	2a0b0b13	addi	x22,x22,672	 x22:0x8000324c x22=0x800034ec
          15773	       687	80000254	fff00313	addi	x6,x0,-1	  x0:0x00000000  x6=0xffffffff
          15793	       688	80000258	9b1a	c.add	x22,x6	 x22:0x800034ec  x6:0xffffffff x22=0x800034eb
          15913	       694	8000025a	002b5b13	srli	x22,x22,0x2	 x22:0x800034eb x22=0x20000d3a
          15973	       697	8000025e	3bfb1073	csrrw	x0,pmpaddr15,x22	 x22:0x20000d3a  x0=0x00000000
          16033	       700	80000262	0f0f1b37	lui	x22,0xf0f1	 x22=0x0f0f1000
          16093	       703	80000266	f0fb0b13	addi	x22,x22,-241	 x22:0x0f0f1000 x22=0x0f0f0f0f
          16513	       724	8000026a	3a3b1073	csrrw	x0,pmpcfg3,x22	 x22:0x0f0f0f0f  x0=0x00000000
          16853	       741	8000026e	00000317	auipc	x6,0x0	  x6=0x8000026e
          16993	       748	80000272	05830313	addi	x6,x6,88	  x6:0x8000026e  x6=0x800002c6
          17013	       749	80000276	34131073	csrrw	x0,mepc,x6	  x6:0x800002c6  x0=0x00000000
          17033	       750	8000027a	7c00d073	csrrwi	x0,0x7c0,1	  x0=0x00000000
          17093	       753	8000027e	6309	c.lui	x6,0x2	  x6=0x00002000
          17173	       757	80000280	80030313	addi	x6,x6,-2048	  x6:0x00002000  x6=0x00001800
          17193	       758	80000284	30031073	csrrw	x0,mstatus,x6	  x6:0x00001800  x0=0x00000000
          17253	       761	80000288	4301	c.li	x6,0	  x6=0x00000000
          17273	       762	8000028a	30431073	csrrw	x0,mie,x6	  x6:0x00000000  x0=0x00000000
          17333	       765	8000028e	900003b7	lui	x7,0x90000	  x7=0x90000000
          17353	       766	80000292	13f1	c.addi	x7,-4	  x7:0x90000000  x7=0x8ffffffc
          17413	       769	80000294	30000313	addi	x6,x0,768	  x0:0x00000000  x6=0x00000300
          17833	       790	80000298	0322	c.slli	x6,0x8	  x6:0x00000300  x6=0x00030000
          17853	       791	8000029a	030d	c.addi	x6,3	  x6:0x00030000  x6=0x00030003
          17913	       794	8000029c	0063a023	sw	x6,0(x7)	  x7:0x8ffffffc  x6:0x00030003 PA:0x8ffffffc store:0x00030003
          18053	       801	800002a0	30002373	csrrs	x6,mstatus,x0	  x0:0x00000000  x6=0x00001800
          18513	       824	800002a4	0063a023	sw	x6,0(x7)	  x7:0x8ffffffc  x6:0x00001800 PA:0x8ffffffc store:0x00001800
          18533	       825	800002a8	900003b7	lui	x7,0x90000	  x7=0x90000000
          18553	       826	800002ac	13f1	c.addi	x7,-4	  x7:0x90000000  x7=0x8ffffffc
          18573	       827	800002ae	30400313	addi	x6,x0,772	  x0:0x00000000  x6=0x00000304
          18593	       828	800002b2	0322	c.slli	x6,0x8	  x6:0x00000304  x6=0x00030400
          18613	       829	800002b4	030d	c.addi	x6,3	  x6:0x00030400  x6=0x00030403
          19113	       854	800002b6	0063a023	sw	x6,0(x7)	  x7:0x8ffffffc  x6:0x00030403 PA:0x8ffffffc store:0x00030403
          19133	       855	800002ba	30402373	csrrs	x6,mie,x0	  x0:0x00000000  x6=0x00000000
          19193	       858	800002be	0063a023	sw	x6,0(x7)	  x7:0x8ffffffc  x6:0x00000000 PA:0x8ffffffc store:0x00000000
          19213	       859	800002c2	30200073	mret	
          19293	       863	800002c6	fb605037	lui	x0,0xfb605	  x0=0x00000000
          19313	       864	800002ca	ea900013	addi	x0,x0,-343	  x0:0x00000000  x0=0x00000000
          19333	       865	800002ce	4081	c.li	x1,0	  x1=0x00000000
          19393	       868	800002d0	fcfcc137	lui	x2,0xfcfcc	  x2=0xfcfcc000
          19413	       869	800002d4	aa910113	addi	x2,x2,-1367	  x2:0xfcfcc000  x2=0xfcfcbaa9
          19433	       870	800002d8	800001b7	lui	x3,0x80000	  x3=0x80000000
          19453	       871	800002dc	4201	c.li	x4,0	  x4=0x00000000
          19473	       872	800002de	80000337	lui	x6,0x80000	  x6=0x80000000
          19493	       873	800002e2	f24c13b7	lui	x7,0xf24c1	  x7=0xf24c1000
          19513	       874	800002e6	e9338393	addi	x7,x7,-365	  x7:0xf24c1000  x7=0xf24c0e93
          19613	       879	800002ea	fb40a437	lui	x8,0xfb40a	  x8=0xfb40a000
          19633	       880	800002ee	ee040413	addi	x8,x8,-288	  x8:0xfb40a000  x8=0xfb409ee0
          19653	       881	800002f2	4481	c.li	x9,0	  x9=0x00000000
          19953	       896	800002f4	4515	c.li	x10,5	 x10=0x00000005
          19973	       897	800002f6	4581	c.li	x11,0	 x11=0x00000000
          20253	       911	800002f8	1d350637	lui	x12,0x1d350	 x12=0x1d350000
          20333	       915	800002fc	fa660613	addi	x12,x12,-90	 x12:0x1d350000 x12=0x1d34ffa6
          20353	       916	80000300	800006b7	lui	x13,0x80000	 x13=0x80000000
          20493	       923	80000304	4709	c.li	x14,2	 x14=0x00000002
          20513	       924	80000306	479d	c.li	x15,7	 x15=0x00000007
          20533	       925	80000308	80000837	lui	x16,0x80000	 x16=0x80000000
          20933	       945	8000030c	800008b7	lui	x17,0x80000	 x17=0x80000000
          20953	       946	80000310	4989	c.li	x19,2	 x19=0x00000002
          20973	       947	80000312	4a01	c.li	x20,0	 x20=0x00000000
          21373	       967	80000314	f6989ab7	lui	x21,0xf6989	 x21=0xf6989000
          21393	       968	80000318	c4ba8a93	addi	x21,x21,-949	 x21:0xf6989000 x21=0xf6988c4b
          21533	       975	8000031c	dd76ab37	lui	x22,0xdd76a	 x22=0xdd76a000
          21553	       976	80000320	18db0b13	addi	x22,x22,397	 x22:0xdd76a000 x22=0xdd76a18d
          21593	       978	80000324	80808bb7	lui	x23,0x80808	 x23=0x80808000
          21873	       992	80000328	4c7b8b93	addi	x23,x23,1223	 x23:0x80808000 x23=0x808084c7
          22293	      1013	8000032c	f46c3c37	lui	x24,0xf46c3	 x24=0xf46c3000
          22713	      1034	80000330	7fdc0c13	addi	x24,x24,2045	 x24:0xf46c3000 x24=0xf46c37fd
          22733	      1035	80000334	80000cb7	lui	x25,0x80000	 x25=0x80000000
          22753	      1036	80000338	4d19	c.li	x26,6	 x26=0x00000006
          22773	      1037	8000033a	4d81	c.li	x27,0	 x27=0x00000000
          22813	      1039	8000033c	4e19	c.li	x28,6	 x28=0x00000006
          22833	      1040	8000033e	4e81	c.li	x29,0	 x29=0x00000000
          22853	      1041	80000340	4f01	c.li	x30,0	 x30=0x00000000
          22873	      1042	80000342	ff534fb7	lui	x31,0xff534	 x31=0xff534000
          22893	      1043	80000346	b81f8f93	addi	x31,x31,-1151	 x31:0xff534000 x31=0xff533b81
          22913	      1044	8000034a	00022917	auipc	x18,0x22	 x18=0x8002234a
          22953	      1046	8000034e	b1a90913	addi	x18,x18,-1254	 x18:0x8002234a x18=0x80021e64
          22973	      1047	80000352	900003b7	lui	x7,0x90000	  x7=0x90000000
          22993	      1048	80000356	13f1	c.addi	x7,-4	  x7:0x90000000  x7=0x8ffffffc
          23393	      1068	80000358	4301	c.li	x6,0	  x6=0x00000000
          23413	      1069	8000035a	0322	c.slli	x6,0x8	  x6:0x00000000  x6=0x00000000
          23553	      1076	8000035c	00030313	addi	x6,x6,0	  x6:0x00000000  x6=0x00000000
          27193	      1258	80000360	0063a023	sw	x6,0(x7)	  x7:0x8ffffffc  x6:0x00000000 PA:0x8ffffffc store:0x00000000
          27213	      1259	80000364	1880306f	jal	x0,800034ec	  x0=0x00000000
          27693	      1283	800034ec	03e53233	mulhu	x4,x10,x30	 x10:0x00000005 x30:0x00000000  x4=0x00000000
          27753	      1286	800034f0	527d	c.li	x4,-1	  x4=0xffffffff
          27773	      1287	800034f2	0001	c.addi	x0,0	  x0:0x00000000  x0=0x00000000
          28173	      1307	800034f4	01f7da93	srli	x21,x15,0x1f	 x15:0x00000007 x21=0x00000000
          28193	      1308	800034f8	40275a93	srai	x21,x14,0x2	 x14:0x00000002 x21=0x00000000
          28213	      1309	800034fc	34036d73	csrrsi	x26,mscratch,6	 x26=0x00000000
          28233	      1310	80003500	05cba413	slti	x8,x23,92	 x23:0x808084c7  x8=0x00000001
          28973	      1347	80003504	0239c7b3	div	x15,x19,x3	 x19:0x00000002  x3:0x80000000 x15=0x00000000
          28993	      1348	80003508	843dcd97	auipc	x27,0x843dc	 x27=0x043df508
          29013	      1349	8000350c	00391bb3	sll	x23,x18,x3	 x18:0x80021e64  x3:0x80000000 x23=0x80021e64
          29033	      1350	80003510	004293b3	sll	x7,x5,x4	  x5:0x80025ce4  x4:0xffffffff  x7=0x00000000
          29053	      1351	80003514	00609493	slli	x9,x1,0x6	  x1:0x00000000  x9=0x00000000
          29153	      1356	80003518	00000e97	auipc	x29,0x0	 x29=0x80003518
          29573	      1377	8000351c	054e8e93	addi	x29,x29,84	 x29:0x80003518 x29=0x8000356c
          29593	      1378	80003520	0001	c.addi	x0,0	  x0:0x00000000  x0=0x00000000
          29613	      1379	80003522	847e	c.mv	x8,x31	  x0:0x00000000 x31:0xff533b81  x8=0xff533b81
          29633	      1380	80003524	d96e8e93	addi	x29,x29,-618	 x29:0x8000356c x29=0x80003302
          30373	      1417	80003528	0379d033	divu	x0,x19,x23	 x19:0x00000002 x23:0x80021e64  x0=0x00000000
          30393	      1418	8000352c	010f15b3	sll	x11,x30,x16	 x30:0x00000000 x16:0x80000000 x11=0x00000000
          30413	      1419	80003530	0150afb3	slt	x31,x1,x21	  x1:0x00000000 x21:0x00000000 x31=0x00000000
          30433	      1420	80003534	26ae88e7	jalr	x17,618(x29)	 x29:0x80003302 x17=0x80003538
          30813	      1439	8000356c	fd490913	addi	x18,x18,-44	 x18:0x80021e64 x18=0x80021e38
          31273	      1462	80003570	027b7f33	remu	x30,x22,x7	 x22:0xdd76a18d  x7:0x00000000 x30=0xdd76a18d
          31293	      1463	80003574	01f41e33	sll	x28,x8,x31	  x8:0xff533b81 x31:0x00000000 x28=0xff533b81
          31313	      1464	80003578	0000100f	fence.i	
          32013	      1499	8000357c	717d	c.addi16sp	x2,-16	  x2:0xfcfcbaa9  x2=0xfcfcba99
          32633	      1530	8000357e	01192223	sw	x17,4(x18)	 x18:0x80021e38 x17:0x80003538 PA:0x80021e3c store:0x80003538
          32653	      1531	80003582	019b7533	and	x10,x22,x25	 x22:0xdd76a18d x25:0x80000000 x10=0x80000000
          32673	      1532	80003586	9436	c.add	x8,x13	  x8:0xff533b81 x13:0x80000000  x8=0x7f533b81
          32693	      1533	80003588	8c79	c.and	x8,x14	  x8:0x7f533b81 x14:0x00000002  x8=0x00000000
          32713	      1534	8000358a	3408d473	csrrwi	x8,mscratch,17	  x8=0x00000006
          32733	      1535	8000358e	00001797	auipc	x15,0x1	 x15=0x8000458e
          32753	      1536	80003592	54478793	addi	x15,x15,1348	 x15:0x8000458e x15=0x80004ad2
          32773	      1537	80003596	8ca5	c.xor	x9,x9	  x9:0x00000000  x9:0x00000000  x9=0x00000000
          32793	      1538	80003598	005258b3	srl	x17,x4,x5	  x4:0xffffffff  x5:0x80025ce4 x17=0x0fffffff
          32813	      1539	8000359c	c1078793	addi	x15,x15,-1008	 x15:0x80004ad2 x15=0x800046e2
          32833	      1540	800035a0	01b83033	sltu	x0,x16,x27	 x16:0x80000000 x27:0x043df508  x0=0x00000000
          32853	      1541	800035a4	8f6d	c.and	x14,x11	 x14:0x00000002 x11:0x00000000 x14=0x00000000
          33013	      1549	800035a6	02100a33	mul	x20,x0,x1	  x0:0x00000000  x1:0x00000000 x20=0x00000000
          33033	      1550	800035aa	001a0363	beq	x20,x1,800035b0	 x20:0x00000000  x1:0x00000000
          33133	      1555	800035b0	3f0788e7	jalr	x17,1008(x15)	 x15:0x800046e2 x17=0x800035b4
          33693	      1583	80004ad2	fdc90913	addi	x18,x18,-36	 x18:0x80021e38 x18=0x80021e14
          33713	      1584	80004ad6	00928433	add	x8,x5,x9	  x5:0x80025ce4  x9:0x00000000  x8=0x80025ce4
          33753	      1586	80004ada	03d31a33	mulh	x20,x6,x29	  x6:0x00000000 x29:0x80003302 x20=0x00000000
          33933	      1595	80004ade	01192223	sw	x17,4(x18)	 x18:0x80021e14 x17:0x800035b4 PA:0x80021e18 store:0x800035b4
          33953	      1596	80004ae2	00b8d4b3	srl	x9,x17,x11	 x17:0x800035b4 x11:0x00000000  x9=0x800035b4
          33973	      1597	80004ae6	0ff0000f	fence	iorw,iorw	
          34713	      1634	80004aea	0310c333	div	x6,x1,x17	  x1:0x00000000 x17:0x800035b4  x6=0x00000000
          35453	      1671	80004aee	03d05e33	divu	x28,x0,x29	  x0:0x00000000 x29:0x80003302 x28=0x00000000
          35473	      1672	80004af2	1f80	c.addi4spn	x8,x2,1008	  x8=0xfcfcbe89
          35493	      1673	80004af4	8721	c.srai	x14,0x8	 x14:0x00000000 x14=0x00000000
          35513	      1674	80004af6	00000517	auipc	x10,0x0	 x10=0x80004af6
          35533	      1675	80004afa	25850513	addi	x10,x10,600	 x10:0x80004af6 x10=0x80004d4e
          36273	      1712	80004afe	0372ddb3	divu	x27,x5,x23	  x5:0x80025ce4 x23:0x80021e64 x27=0x00000001
          36293	      1713	80004b02	556aad13	slti	x26,x21,1366	 x21:0x00000000 x26=0x00000001
          36313	      1714	80004b06	2a650513	addi	x10,x10,678	 x10:0x80004d4e x10=0x80004ff4
          36353	      1716	80004b0a	03c8ecb3	rem	x25,x17,x28	 x17:0x800035b4 x28:0x00000000 x25=0x800035b4
          36373	      1717	80004b0e	01786563	bltu	x16,x23,80004b18	 x16:0x80000000 x23:0x80021e64
          36473	      1722	80004b18	d5a508e7	jalr	x17,-678(x10)	 x10:0x80004ff4 x17=0x80004b1c
          37393	      1768	80004d4e	fc890913	addi	x18,x18,-56	 x18:0x80021e14 x18=0x80021ddc
          37493	      1773	80004d52	34007773	csrrci	x14,mscratch,0	 x14=0x00000011
          37513	      1774	80004d56	01e6af33	slt	x30,x13,x30	 x13:0x80000000 x30:0xdd76a18d x30=0x00000001
          37533	      1775	80004d5a	8e55	c.or	x12,x13	 x12:0x1d34ffa6 x13:0x80000000 x12=0x9d34ffa6
          37573	      1777	80004d5c	011d6bb3	or	x23,x26,x17	 x26:0x00000001 x17:0x80004b1c x23=0x80004b1d
          37593	      1778	80004d60	09c1	c.addi	x19,16	 x19:0x00000002 x19=0x00000012
          37633	      1780	80004d62	0118e833	or	x16,x17,x17	 x17:0x80004b1c x17:0x80004b1c x16=0x80004b1c
          38673	      1832	80004d66	01192223	sw	x17,4(x18)	 x18:0x80021ddc x17:0x80004b1c PA:0x80021de0 store:0x80004b1c
          38693	      1833	80004d6a	340030f3	csrrc	x1,mscratch,x0	  x0:0x00000000  x1=0x00000011
          38713	      1834	80004d6e	01babc33	sltu	x24,x21,x27	 x21:0x00000000 x27:0x00000001 x24=0x00000001
          38733	      1835	80004d72	5aa215b7	lui	x11,0x5aa21	 x11=0x5aa21000
          38753	      1836	80004d76	0001	c.addi	x0,0	  x0:0x00000000  x0=0x00000000
          38773	      1837	80004d78	01b29e13	slli	x28,x5,0x1b	  x5:0x80025ce4 x28=0x20000000
          38793	      1838	80004d7c	01557533	and	x10,x10,x21	 x10:0x80004ff4 x21:0x00000000 x10=0x00000000
          38953	      1846	80004d80	0001	c.addi	x0,0	  x0:0x00000000  x0=0x00000000
          38973	      1847	80004d82	0ff0000f	fence	iorw,iorw	
          38993	      1848	80004d86	019ec463	blt	x29,x25,80004d8e	 x29:0x80003302 x25:0x800035b4
          39733	      1885	80004d8e	87d79c17	auipc	x24,0x87d79	 x24=0x07d7dd8e
          39753	      1886	80004d92	018a0ab3	add	x21,x20,x24	 x20:0x00000000 x24:0x07d7dd8e x21=0x07d7dd8e
          40173	      1907	80004d96	41890e33	sub	x28,x18,x24	 x18:0x80021ddc x24:0x07d7dd8e x28=0x782a404e
          40213	      1909	80004d9a	02849833	mulh	x16,x9,x8	  x9:0x800035b4  x8:0xfcfcbe89 x16=0x0181a019
          40233	      1910	80004d9e	34035d73	csrrwi	x26,mscratch,6	 x26=0x00000011
          40253	      1911	80004da2	0001	c.addi	x0,0	  x0:0x00000000  x0=0x00000000
          40393	      1918	80004da4	0187adb3	slt	x27,x15,x24	 x15:0x800046e2 x24:0x07d7dd8e x27=0x00000001
          40453	      1921	80004da8	027d5e33	divu	x28,x26,x7	 x26:0x00000011  x7:0x00000000 x28=0xffffffff
          40553	      1926	80004dac	021c8f33	mul	x30,x25,x1	 x25:0x800035b4  x1:0x00000011 x30=0x800390f4
          40573	      1927	80004db0	01d89a13	slli	x20,x17,0x1d	 x17:0x80004b1c x20=0x80000000
          40593	      1928	80004db4	02ee7463	bgeu	x28,x14,80004ddc	 x28:0xffffffff x14:0x00000011
          40833	      1940	80004ddc	8cd5	c.or	x9,x13	  x9:0x800035b4 x13:0x80000000  x9=0x800035b4
          41133	      1955	80004dde	01a2ed63	bltu	x5,x26,80004df8	  x5:0x80025ce4 x26:0x00000011
          41153	      1956	80004de2	01419c93	slli	x25,x3,0x14	  x3:0x80000000 x25=0x00000000
          41213	      1959	80004de6	017a2433	slt	x8,x20,x23	 x20:0x80000000 x23:0x80004b1d  x8=0x00000001
          41233	      1960	80004dea	9256	c.add	x4,x21	  x4:0xffffffff x21:0x07d7dd8e  x4=0x07d7dd8d
          41253	      1961	80004dec	6cf9	c.lui	x25,0x1e	 x25=0x0001e000
          41273	      1962	80004dee	34079bf3	csrrw	x23,mscratch,x15	 x15:0x800046e2 x23=0x00000006
          41473	      1972	80004df2	003034b3	sltu	x9,x0,x3	  x0:0x00000000  x3:0x80000000  x9=0x00000001
          41493	      1973	80004df6	8745	c.srai	x14,0x11	 x14:0x00000011 x14=0x00000000
          41513	      1974	80004df8	004e6fb3	or	x31,x28,x4	 x28:0xffffffff  x4:0x07d7dd8d x31=0xffffffff
          41913	      1994	80004dfc	340f2f73	csrrs	x30,mscratch,x30	 x30:0x800390f4 x30=0x800046e2
          42053	      2001	80004e00	008a2733	slt	x14,x20,x8	 x20:0x80000000  x8:0x00000001 x14=0x00000001
          42393	      2018	80004e04	028d4663	blt	x26,x8,80004e30	 x26:0x00000011  x8:0x00000001
          42413	      2019	80004e08	05729363	bne	x5,x23,80004e4e	  x5:0x80025ce4 x23:0x00000006
          43013	      2049	80004e4e	01c23bb3	sltu	x23,x4,x28	  x4:0x07d7dd8d x28:0xffffffff x23=0x00000001
          43753	      2086	80004e52	034bf4b3	remu	x9,x23,x20	 x23:0x00000001 x20:0x80000000  x9=0x00000001
          43773	      2087	80004e56	009dd093	srli	x1,x27,0x9	 x27:0x00000001  x1=0x00000000
          43793	      2088	80004e5a	f2a23c17	auipc	x24,0xf2a23	 x24=0x72a27e5a
          43813	      2089	80004e5e	01537f33	and	x30,x6,x21	  x6:0x00000000 x21:0x07d7dd8e x30=0x00000000
          43833	      2090	80004e62	018dce63	blt	x27,x24,80004e7e	 x27:0x00000001 x24:0x72a27e5a
          44293	      2113	80004e7e	0000100f	fence.i	
          45373	      2167	80004e82	02a94263	blt	x18,x10,80004ea6	 x18:0x80021ddc x10:0x00000000
          46013	      2199	80004ea6	4098d793	srai	x15,x17,0x9	 x17:0x80004b1c x15=0xffc00025
          46113	      2204	80004eaa	0179da13	srli	x20,x19,0x17	 x19:0x00000012 x20=0x00000000
          46853	      2241	80004eae	028f5d33	divu	x26,x30,x8	 x30:0x00000000  x8:0x00000001 x26=0x00000000
          46873	      2242	80004eb2	41455733	sra	x14,x10,x20	 x10:0x00000000 x20:0x00000000 x14=0x00000000
          46893	      2243	80004eb6	84b9	c.srai	x9,0xe	  x9:0x00000001  x9=0x00000000
          46913	      2244	80004eb8	c470ff17	auipc	x30,0xc470f	 x30=0x44713eb8
          46933	      2245	80004ebc	1b52e797	auipc	x15,0x1b52e	 x15=0x9b532ebc
          46953	      2246	80004ec0	ec11	c.bnez	x8,80004edc	  x8:0x00000001
          47013	      2249	80004edc	05876663	bltu	x14,x24,80004f28	 x14:0x00000000 x24:0x72a27e5a
          47213	      2259	80004f28	011f1493	slli	x9,x30,0x11	 x30:0x44713eb8  x9=0x7d700000
          47293	      2263	80004f2c	020e	c.slli	x4,0x3	  x4:0x07d7dd8d  x4=0x3ebeec68
          47453	      2271	80004f2e	340060f3	csrrsi	x1,mscratch,0	  x1=0x8003d6f6
          47873	      2292	80004f32	0075da33	srl	x20,x11,x7	 x11:0x5aa21000  x7:0x00000000 x20=0x5aa21000
          47893	      2293	80004f36	9fe6	c.add	x31,x25	 x31:0xffffffff x25:0x0001e000 x31=0x0001dfff
          48053	      2301	80004f38	34007573	csrrci	x10,mscratch,0	 x10=0x8003d6f6
          48073	      2302	80004f3c	01906d63	bltu	x0,x25,80004f56	  x0:0x00000000 x25:0x0001e000
          48273	      2312	80004f56	34003cf3	csrrc	x25,mscratch,x0	  x0:0x00000000 x25=0x8003d6f6
          48293	      2313	80004f5a	48477eb7	lui	x29,0x48477	 x29=0x48477000
          48313	      2314	80004f5e	01dbc963	blt	x23,x29,80004f70	 x23:0x00000001 x29:0x48477000
          48413	      2319	80004f70	02738663	beq	x7,x7,80004f9c	  x7:0x00000000  x7:0x00000000
          48633	      2330	80004f9c	e50d	c.bnez	x10,80004fc6	 x10:0x8003d6f6
          48713	      2334	80004fc6	8c8d	c.sub	x9,x11	  x9:0x7d700000 x11:0x5aa21000  x9=0x22cdf000
          48753	      2336	80004fc8	00e6d313	srli	x6,x13,0xe	 x13:0x80000000  x6=0x00020000
          48953	      2346	80004fcc	00e549b3	xor	x19,x10,x14	 x10:0x8003d6f6 x14:0x00000000 x19=0x8003d6f6
          49173	      2357	80004fd0	532f6a13	ori	x20,x30,1330	 x30:0x44713eb8 x20=0x44713fba
          49193	      2358	80004fd4	02110f63	beq	x2,x1,80005012	  x2:0xfcfcba99  x1:0x8003d6f6
          49333	      2365	80004fd8	0ff0000f	fence	iorw,iorw	
          49353	      2366	80004fdc	03ebe663	bltu	x23,x30,80005008	 x23:0x00000001 x30:0x44713eb8
          50453	      2421	80005008	00df96b3	sll	x13,x31,x13	 x31:0x0001dfff x13:0x80000000 x13=0x0001dfff
          50593	      2428	8000500c	a0cd8013	addi	x0,x27,-1524	 x27:0x00000001  x0=0x00000000
          50733	      2435	80005010	0b8e	c.slli	x23,0x3	 x23:0x00000001 x23=0x00000008
          50753	      2436	80005012	8169	c.srli	x10,0x1a	 x10:0x8003d6f6 x10=0x00000020
          51493	      2473	80005014	02866eb3	rem	x29,x12,x8	 x12:0x9d34ffa6  x8:0x00000001 x29=0x00000000
          52233	      2510	80005018	03ba6833	rem	x16,x20,x27	 x20:0x44713fba x27:0x00000001 x16=0x00000000
          52253	      2511	8000501c	063e	c.slli	x12,0xf	 x12:0x9d34ffa6 x12=0x7fd30000
          52273	      2512	8000501e	8d63ce13	xori	x28,x7,-1834	  x7:0x00000000 x28=0xfffff8d6
          52293	      2513	80005022	8ebd	c.xor	x13,x15	 x13:0x0001dfff x15:0x9b532ebc x13=0x9b52f143
          52313	      2514	80005024	717d	c.addi16sp	x2,-16	  x2:0xfcfcba99  x2=0xfcfcba89
          52333	      2515	80005026	0001	c.addi	x0,0	  x0:0x00000000  x0=0x00000000
          52353	      2516	80005028	0001	c.addi	x0,0	  x0:0x00000000  x0=0x00000000
          52373	      2517	8000502a	0068b1b3	sltu	x3,x17,x6	 x17:0x80004b1c  x6:0x00020000  x3=0x00000000
          52593	      2528	8000502e	0396a133	mulhsu	x2,x13,x25	 x13:0x9b52f143 x25:0x8003d6f6  x2=0xcda7f610
          52993	      2548	80005032	0015fe33	and	x28,x11,x1	 x11:0x5aa21000  x1:0x8003d6f6 x28=0x00021000
          53413	      2569	80005036	027785b3	mul	x11,x15,x7	 x15:0x9b532ebc  x7:0x00000000 x11=0x00000000
          53833	      2590	8000503a	00cc1d33	sll	x26,x24,x12	 x24:0x72a27e5a x12:0x7fd30000 x26=0x72a27e5a
          53933	      2595	8000503e	02e42c33	mulhsu	x24,x8,x14	  x8:0x00000001 x14:0x00000000 x24=0x00000000
          53953	      2596	80005042	90e1d8b7	lui	x17,0x90e1d	 x17=0x90e1d000
          53973	      2597	80005046	1594	c.addi4spn	x13,x2,736	 x13=0xcda7f8f0
          54033	      2600	80005048	2c204713	xori	x14,x0,706	  x0:0x00000000 x14=0x000002c2
          54053	      2601	8000504c	034f6d63	bltu	x30,x20,80005086	 x30:0x44713eb8 x20:0x44713fba
          54493	      2623	80005086	7fb97d13	andi	x26,x18,2043	 x18:0x80021ddc x26=0x000005d8
          54753	      2636	8000508a	000fdb93	srli	x23,x31,0x0	 x31:0x0001dfff x23=0x0001dfff
          54793	      2638	8000508e	03769633	mulh	x12,x13,x23	 x13:0xcda7f8f0 x23:0x0001dfff x12=0xffffa19b
          54833	      2640	80005092	83567513	andi	x10,x12,-1995	 x12:0xffffa19b x10=0xffffa011
          54993	      2648	80005096	34001073	csrrw	x0,mscratch,x0	  x0:0x00000000  x0=0x00000000
          55093	      2653	8000509a	4d8abd13	sltiu	x26,x21,1240	 x21:0x07d7dd8e x26=0x00000000
          55113	      2654	8000509e	8a8a	c.mv	x21,x2	  x0:0x00000000  x2:0xcda7f610 x21=0xcda7f610
          55253	      2661	800050a0	0001	c.addi	x0,0	  x0:0x00000000  x0=0x00000000
          55273	      2662	800050a2	6235	c.lui	x4,0xd	  x4=0x0000d000
          56393	      2718	800050a4	037ac733	div	x14,x21,x23	 x21:0xcda7f610 x23:0x0001dfff x14=0xffffe527
          57133	      2755	800050a8	02a64db3	div	x27,x12,x10	 x12:0xffffa19b x10:0xffffa011 x27=0x00000000
          57153	      2756	800050ac	6189	c.lui	x3,0x2	  x3=0x00002000
          57193	      2758	800050ae	037c3db3	mulhu	x27,x24,x23	 x24:0x00000000 x23:0x0001dfff x27=0x00000000
          57213	      2759	800050b2	026c8e63	beq	x25,x6,800050ee	 x25:0x8003d6f6  x6:0x00020000
          57233	      2760	800050b6	6dd1	c.lui	x27,0x14	 x27=0x00014000
          57253	      2761	800050b8	8fc1	c.or	x15,x8	 x15:0x9b532ebc  x8:0x00000001 x15=0x9b532ebd
          57273	      2762	800050ba	05e01063	bne	x0,x30,800050fa	  x0:0x00000000 x30:0x44713eb8
          58133	      2805	800050fa	03acd433	divu	x8,x25,x26	 x25:0x8003d6f6 x26:0x00000000  x8=0xffffffff
          58273	      2812	800050fe	015f8c63	beq	x31,x21,80005116	 x31:0x0001dfff x21:0xcda7f610
          58313	      2814	80005102	02a99833	mulh	x16,x19,x10	 x19:0x8003d6f6 x10:0xffffa011 x16=0x00002ff6
          58333	      2815	80005106	007b3db3	sltu	x27,x22,x7	 x22:0xdd76a18d  x7:0x00000000 x27=0x00000000
          58353	      2816	8000510a	9b7d	c.andi	x14,-1	 x14:0xffffe527 x14=0xffffe527
          58433	      2820	8000510c	40d5d393	srai	x7,x11,0xd	 x11:0x00000000  x7=0x00000000
          58453	      2821	80005110	01b969b3	or	x19,x18,x27	 x18:0x80021ddc x27:0x00000000 x19=0x80021ddc
          58593	      2828	80005114	0a4d	c.addi	x20,19	 x20:0x44713fba x20=0x44713fcd
          58613	      2829	80005116	5dfd	c.li	x27,-1	 x27=0xffffffff
          59013	      2849	80005118	25e86d13	ori	x26,x16,606	 x16:0x00002ff6 x26=0x00002ffe
          59073	      2852	8000511c	0021f033	and	x0,x3,x2	  x3:0x00002000  x2:0xcda7f610  x0=0x00000000
          59153	      2856	80005120	8fd9	c.or	x15,x14	 x15:0x9b532ebd x14:0xffffe527 x15=0xffffefbf
          59173	      2857	80005122	ef05	c.bnez	x14,8000515a	 x14:0xffffe527
          61753	      2986	8000515a	9d0e	c.add	x26,x3	 x26:0x00002ffe  x3:0x00002000 x26=0x00004ffe
          61773	      2987	8000515c	3d857993	andi	x19,x10,984	 x10:0xffffa011 x19=0x00000010
          61793	      2988	80005160	01dcacb3	slt	x25,x25,x29	 x25:0x8003d6f6 x29:0x00000000 x25=0x00000001
          61813	      2989	80005164	340b1e73	csrrw	x28,mscratch,x22	 x22:0xdd76a18d x28=0x00000000
          61833	      2990	80005168	001d7133	and	x2,x26,x1	 x26:0x00004ffe  x1:0x8003d6f6  x2=0x000046f6
          61873	      2992	8000516c	02bf48b3	div	x17,x30,x11	 x30:0x44713eb8 x11:0x00000000 x17=0xffffffff
          62233	      3010	80005170	037f1eb3	mulh	x29,x30,x23	 x30:0x44713eb8 x23:0x0001dfff x29=0x00008054
          62533	      3025	80005174	01ff9d13	slli	x26,x31,0x1f	 x31:0x0001dfff x26=0x80000000
          62573	      3027	80005178	02bdbf33	mulhu	x30,x27,x11	 x27:0xffffffff x11:0x00000000 x30=0x00000000
          62593	      3028	8000517c	d21fa993	slti	x19,x31,-735	 x31:0x0001dfff x19=0x00000000
          62613	      3029	80005180	0236ee63	bltu	x13,x3,800051bc	 x13:0xcda7f8f0  x3:0x00002000
          62633	      3030	80005184	e00b7397	auipc	x7,0xe00b7	  x7=0x600bc184
          62653	      3031	80005188	40c8d193	srai	x3,x17,0xc	 x17:0xffffffff  x3=0xffffffff
          62793	      3038	8000518c	8dc1	c.or	x11,x8	 x11:0x00000000  x8:0xffffffff x11=0xffffffff
          63073	      3052	8000518e	348f7c93	andi	x25,x30,840	 x30:0x00000000 x25=0x00000000
          63093	      3053	80005192	8d1d	c.sub	x10,x15	 x10:0xffffa011 x15:0xffffefbf x10=0xffffb052
          63113	      3054	80005194	b1464697	auipc	x13,0xb1464	 x13=0x31469194
          63133	      3055	80005198	1b80	c.addi4spn	x8,x2,496	  x8=0x000048e6
          63153	      3056	8000519a	01c31c33	sll	x24,x6,x28	  x6:0x00020000 x28:0x00000000 x24=0x00020000
          63173	      3057	8000519e	c3b1	c.beqz	x15,800051e2	 x15:0xffffefbf
          63193	      3058	800051a0	34007473	csrrci	x8,mscratch,0	  x8=0xdd76a18d
          63213	      3059	800051a4	a7776517	auipc	x10,0xa7776	 x10=0x2777b1a4
          63253	      3061	800051a8	1792f893	andi	x17,x5,377	  x5:0x80025ce4 x17=0x00000060
          63393	      3068	800051ac	86e1	c.srai	x13,0x18	 x13:0x31469194 x13=0x00000031
          63413	      3069	800051ae	5dfd	c.li	x27,-1	 x27=0xffffffff
          63433	      3070	800051b0	0c25	c.addi	x24,9	 x24:0x00020000 x24=0x00020009
          63453	      3071	800051b2	0d16	c.slli	x26,0x5	 x26:0x80000000 x26=0x00000000
          63473	      3072	800051b4	0088e9b3	or	x19,x17,x8	 x17:0x00000060  x8:0xdd76a18d x19=0xdd76a1ed
          63533	      3075	800051b8	0020a533	slt	x10,x1,x2	  x1:0x8003d6f6  x2:0x000046f6 x10=0x00000001
          64393	      3118	800051bc	023477b3	remu	x15,x8,x3	  x8:0xdd76a18d  x3:0xffffffff x15=0xdd76a18d
          64413	      3119	800051c0	6b75c613	xori	x12,x11,1719	 x11:0xffffffff x12=0xfffff948
          64433	      3120	800051c4	0161eeb3	or	x29,x3,x22	  x3:0xffffffff x22:0xdd76a18d x29=0xffffffff
          64453	      3121	800051c8	25c3cf93	xori	x31,x7,604	  x7:0x600bc184 x31=0x600bc3d8
          64473	      3122	800051cc	8f4d	c.or	x14,x11	 x14:0xffffe527 x11:0xffffffff x14=0xffffffff
          64493	      3123	800051ce	0108db93	srli	x23,x17,0x10	 x17:0x00000060 x23=0x00000000
          64753	      3136	800051d2	0ff0000f	fence	iorw,iorw	
          64773	      3137	800051d6	01710d63	beq	x2,x23,800051f0	  x2:0x000046f6 x23:0x00000000
          65033	      3150	800051da	340138f3	csrrc	x17,mscratch,x2	  x2:0x000046f6 x17=0xdd76a18d
          65073	      3152	800051de	02a43333	mulhu	x6,x8,x10	  x8:0xdd76a18d x10:0x00000001  x6=0x00000000
          65213	      3159	800051e2	00b15cb3	srl	x25,x2,x11	  x2:0x000046f6 x11:0xffffffff x25=0x00000000
          65313	      3164	800051e6	340033f3	csrrc	x7,mscratch,x0	  x0:0x00000000  x7=0xdd76a109
          65333	      3165	800051ea	3406e6f3	csrrsi	x13,mscratch,13	 x13=0xdd76a109
          65353	      3166	800051ee	91fa	c.add	x3,x30	  x3:0xffffffff x30:0x00000000  x3=0xffffffff
          65753	      3186	800051f0	34065373	csrrwi	x6,mscratch,12	  x6=0xdd76a10d
          66493	      3223	800051f4	031c70b3	remu	x1,x24,x17	 x24:0x00020009 x17:0xdd76a18d  x1=0x00020009
          66513	      3224	800051f8	34006473	csrrsi	x8,mscratch,0	  x8=0x0000000c
          66533	      3225	800051fc	0f538093	addi	x1,x7,245	  x7:0xdd76a109  x1=0xdd76a1fe
          66553	      3226	80005200	717d	c.addi16sp	x2,-16	  x2:0x000046f6  x2=0x000046e6
          66573	      3227	80005202	4b23fe13	andi	x28,x7,1202	  x7:0xdd76a109 x28=0x00000000
          66853	      3241	80005206	009701b3	add	x3,x14,x9	 x14:0xffffffff  x9:0x22cdf000  x3=0x22cdefff
          67013	      3249	8000520a	0ff0000f	fence	iorw,iorw	
          67433	      3270	8000520e	34003bf3	csrrc	x23,mscratch,x0	  x0:0x00000000 x23=0x0000000c
          67453	      3271	80005212	865e	c.mv	x12,x23	  x0:0x00000000 x23:0x0000000c x12=0x0000000c
          67473	      3272	80005214	81ed	c.srli	x11,0x1b	 x11:0xffffffff x11=0x0000001f
          67553	      3276	80005216	03e2b4b3	mulhu	x9,x5,x30	  x5:0x80025ce4 x30:0x00000000  x9=0x00000000
          67573	      3277	8000521a	01b019b3	sll	x19,x0,x27	  x0:0x00000000 x27:0xffffffff x19=0x00000000
          67593	      3278	8000521e	ef19	c.bnez	x14,8000523c	 x14:0xffffffff
          68613	      3329	8000523c	22f4be13	sltiu	x28,x9,559	  x9:0x00000000 x28=0x00000001
          69053	      3351	80005240	d7e78b93	addi	x23,x15,-642	 x15:0xdd76a18d x23=0xdd769f0b
          69213	      3359	80005244	032ba4b3	mulhsu	x9,x23,x18	 x23:0xdd769f0b x18:0x80021ddc  x9=0xeebb066b
          69233	      3360	80005248	0000100f	fence.i	
          69853	      3391	8000524c	0020fb63	bgeu	x1,x2,80005262	  x1:0xdd76a1fe  x2:0x000046e6
          70813	      3439	80005262	00d8da93	srli	x21,x17,0xd	 x17:0xdd76a18d x21=0x0006ebb5
          70853	      3441	80005266	02801333	mulh	x6,x0,x8	  x0:0x00000000  x8:0x0000000c  x6=0x00000000
          70873	      3442	8000526a	0ff0000f	fence	iorw,iorw	
          71093	      3453	8000526e	34006bf3	csrrsi	x23,mscratch,0	 x23=0x0000000c
          71273	      3462	80005272	34007873	csrrci	x16,mscratch,0	 x16=0x0000000c
          71293	      3463	80005276	0001	c.addi	x0,0	  x0:0x00000000  x0=0x00000000
          71313	      3464	80005278	3401f4f3	csrrci	x9,mscratch,3	  x9=0x0000000c
          71453	      3471	8000527c	05759163	bne	x11,x23,800052be	 x11:0x0000001f x23:0x0000000c
          72193	      3508	800052be	81f267b7	lui	x15,0x81f26	 x15=0x81f26000
          72233	      3510	800052c2	01a45e63	bge	x8,x26,800052de	  x8:0x0000000c x26:0x00000000
          72993	      3548	800052de	01c19093	slli	x1,x3,0x1c	  x3:0x22cdefff  x1=0xf0000000
          73013	      3549	800052e2	90c14db7	lui	x27,0x90c14	 x27=0x90c14000
          73033	      3550	800052e6	0000100f	fence.i	
          73393	      3568	800052ea	8492	c.mv	x9,x4	  x0:0x00000000  x4:0x0000d000  x9=0x0000d000
          73413	      3569	800052ec	34007473	csrrci	x8,mscratch,0	  x8=0x0000000c
          73433	      3570	800052f0	3404a6f3	csrrs	x13,mscratch,x9	  x9:0x0000d000 x13=0x0000000c
          73453	      3571	800052f4	eb09	c.bnez	x14,80005306	 x14:0xffffffff
          73573	      3577	80005306	8389	c.srli	x15,0x2	 x15:0x81f26000 x15=0x207c9800
          74153	      3606	80005308	01c246b3	xor	x13,x4,x28	  x4:0x0000d000 x28:0x00000001 x13=0x0000d001
          74313	      3614	8000530c	c4c63593	sltiu	x11,x12,-948	 x12:0x0000000c x11=0x00000001
          74333	      3615	80005310	01ddd213	srli	x4,x27,0x1d	 x27:0x90c14000  x4=0x00000004
          74373	      3617	80005314	02d82eb3	mulhsu	x29,x16,x13	 x16:0x0000000c x13:0x0000d001 x29=0x00000000
          74433	      3620	80005318	c189	c.beqz	x11,8000531a	 x11:0x00000001
          74793	      3638	8000531a	0000100f	fence.i	
          75293	      3663	8000531e	02fd5263	bge	x26,x15,80005342	 x26:0x00000000 x15:0x207c9800
          76033	      3700	80005322	022c7a33	remu	x20,x24,x2	 x24:0x00020009  x2:0x000046e6 x20=0x00000fbf
          76053	      3701	80005326	0001	c.addi	x0,0	  x0:0x00000000  x0=0x00000000
          76073	      3702	80005328	3401def3	csrrwi	x29,mscratch,3	 x29=0x0000d00c
          76093	      3703	8000532c	9ffe	c.add	x31,x31	 x31:0x600bc3d8 x31:0x600bc3d8 x31=0xc01787b0
          76113	      3704	8000532e	8c05	c.sub	x8,x9	  x8:0x0000000c  x9:0x0000d000  x8=0xffff300c
          76133	      3705	80005330	0075d193	srli	x3,x11,0x7	 x11:0x00000001  x3=0x00000000
          76873	      3742	80005334	0312f333	remu	x6,x5,x17	  x5:0x80025ce4 x17:0xdd76a18d  x6=0x80025ce4
          76913	      3744	80005338	023da5b3	mulhsu	x11,x27,x3	 x27:0x90c14000  x3:0x00000000 x11=0x00000000
          76933	      3745	8000533c	01f3df13	srli	x30,x7,0x1f	  x7:0xdd76a109 x30=0x00000001
          76953	      3746	80005340	6151	c.addi16sp	x2,272	  x2:0x000046e6  x2=0x000047f6
          76973	      3747	80005342	6155	c.addi16sp	x2,304	  x2:0x000047f6  x2=0x00004926
          76993	      3748	80005344	8f29	c.xor	x14,x10	 x14:0xffffffff x10:0x00000001 x14=0xfffffffe
          77013	      3749	80005346	517d	c.li	x2,-1	  x2=0xffffffff
          77033	      3750	80005348	014c0733	add	x14,x24,x20	 x24:0x00020009 x20:0x00000fbf x14=0x00020fc8
          77073	      3752	8000534c	038b23b3	mulhsu	x7,x22,x24	 x22:0xdd76a18d x24:0x00020009  x7=0xffffbaec
          77653	      3781	80005350	340d5ef3	csrrwi	x29,mscratch,26	 x29=0x00000003
          77673	      3782	80005354	013aef33	or	x30,x21,x19	 x21:0x0006ebb5 x19:0x00000000 x30=0x0006ebb5
          77733	      3785	80005358	798f7713	andi	x14,x30,1944	 x30:0x0006ebb5 x14=0x00000390
          77753	      3786	8000535c	20882713	slti	x14,x16,520	 x16:0x0000000c x14=0x00000001
          78333	      3815	80005360	53d30637	lui	x12,0x53d30	 x12=0x53d30000
          78353	      3816	80005364	013eaa33	slt	x20,x29,x19	 x29:0x00000003 x19:0x00000000 x20=0x00000000
          78373	      3817	80005368	01201c33	sll	x24,x0,x18	  x0:0x00000000 x18:0x80021ddc x24=0x00000000
          78393	      3818	8000536c	0ff0000f	fence	iorw,iorw	
          78413	      3819	80005370	3407fa73	csrrci	x20,mscratch,15	 x20=0x0000001a
          78833	      3840	80005374	3e56f997	auipc	x19,0x3e56f	 x19=0xbe574374
          78853	      3841	80005378	40bc5493	srai	x9,x24,0xb	 x24:0x00000000  x9=0x00000000
          79033	      3850	8000537c	8dcd	c.or	x11,x11	 x11:0x00000000 x11:0x00000000 x11=0x00000000
          79053	      3851	8000537e	69a1	c.lui	x19,0x8	 x19=0x00008000
          79073	      3852	80005380	0715	c.addi	x14,5	 x14:0x00000001 x14=0x00000006
          79093	      3853	80005382	01f9c463	blt	x19,x31,8000538a	 x19:0x00008000 x31:0xc01787b0
          79113	      3854	80005386	34002f73	csrrs	x30,mscratch,x0	  x0:0x00000000 x30=0x00000010
          79313	      3864	8000538a	032b2db3	mulhsu	x27,x22,x18	 x22:0xdd76a18d x18:0x80021ddc x27=0xeebb07ac
          79353	      3866	8000538e	020c60b3	rem	x1,x24,x0	 x24:0x00000000  x0:0x00000000  x1=0x00000000
          79713	      3884	80005392	340fae73	csrrs	x28,mscratch,x31	 x31:0xc01787b0 x28=0x00000010
          79733	      3885	80005396	ca047c13	andi	x24,x8,-864	  x8:0xffff300c x24=0xffff3000
          80653	      3931	8000539a	02a254b3	divu	x9,x4,x10	  x4:0x00000004 x10:0x00000001  x9=0x00000004
          80693	      3933	8000539e	039593b3	mulh	x7,x11,x25	 x11:0x00000000 x25:0x00000000  x7=0x00000000
          80713	      3934	800053a2	0000100f	fence.i	
          81413	      3969	800053a6	03061763	bne	x12,x16,800053d4	 x12:0x53d30000 x16:0x0000000c
          82053	      4001	800053d4	032c9133	mulh	x2,x25,x18	 x25:0x00000000 x18:0x80021ddc  x2=0x00000000
          83173	      4057	800053d8	03dbc3b3	div	x7,x23,x29	 x23:0x0000000c x29:0x00000003  x7=0x00000004
          83193	      4058	800053dc	3400d7f3	csrrwi	x15,mscratch,1	 x15=0xc01787b0
          83213	      4059	800053e0	34062ff3	csrrs	x31,mscratch,x12	 x12:0x53d30000 x31=0x00000001
          83233	      4060	800053e4	6ff9	c.lui	x31,0x1e	 x31=0x0001e000
          83253	      4061	800053e6	340d9d73	csrrw	x26,mscratch,x27	 x27:0xeebb07ac x26=0x53d30001
          83393	      4068	800053ea	021934b3	mulhu	x9,x18,x1	 x18:0x80021ddc  x1:0x00000000  x9=0x00000000
          83913	      4094	800053ee	05e34163	blt	x6,x30,80005430	  x6:0x80025ce4 x30:0x00000010
          84393	      4118	80005430	d1a10693	addi	x13,x2,-742	  x2:0x00000000 x13=0xfffffd1a
          84413	      4119	80005434	01364e63	blt	x12,x19,80005450	 x12:0x53d30000 x19:0x00008000
          84833	      4140	80005438	340073f3	csrrci	x7,mscratch,0	  x7=0xeebb07ac
          84853	      4141	8000543c	c189	c.beqz	x11,8000543e	 x11:0x00000000
          85413	      4169	8000543e	79b27597	auipc	x11,0x79b27	 x11=0xf9b2c43e
          85533	      4175	80005442	16eac393	xori	x7,x21,366	 x21:0x0006ebb5  x7=0x0006eadb
          85553	      4176	80005446	34003bf3	csrrc	x23,mscratch,x0	  x0:0x00000000 x23=0xeebb07ac
          85573	      4177	8000544a	340073f3	csrrci	x7,mscratch,0	  x7=0xeebb07ac
          85593	      4178	8000544e	4435	c.li	x8,13	  x8=0x0000000d
          85673	      4182	80005450	4052d413	srai	x8,x5,0x5	  x5:0x80025ce4  x8=0xfc0012e7
          85693	      4183	80005454	0338e263	bltu	x17,x19,80005478	 x17:0xdd76a18d x19:0x00008000
          85873	      4192	80005458	c285	c.beqz	x13,80005478	 x13:0xfffffd1a
          86313	      4214	8000545a	035623b3	mulhsu	x7,x12,x21	 x12:0x53d30000 x21:0x0006ebb5  x7=0x0002441f
          86413	      4219	8000545e	026d8e63	beq	x27,x6,8000549a	 x27:0xeebb07ac  x6:0x80025ce4
          86433	      4220	80005462	8fe9	c.and	x15,x10	 x15:0xc01787b0 x10:0x00000001 x15=0x00000000
          86653	      4231	80005464	8d65	c.and	x10,x9	 x10:0x00000001  x9:0x00000000 x10=0x00000000
          87073	      4252	80005466	004b6837	lui	x16,0x4b6	 x16=0x004b6000
          87093	      4253	8000546a	8e11	c.sub	x12,x12	 x12:0x53d30000 x12:0x53d30000 x12=0x00000000
          87113	      4254	8000546c	e295	c.bnez	x13,80005490	 x13:0xfffffd1a
         100673	      4932	80005490	01749a33	sll	x20,x9,x23	  x9:0x00000000 x23:0xeebb07ac x20=0x00000000
         100693	      4933	80005494	04ed	c.addi	x9,27	  x9:0x00000000  x9=0x0000001b
         100713	      4934	80005496	0044b5b3	sltu	x11,x9,x4	  x9:0x0000001b  x4:0x00000004 x11=0x00000000
         100733	      4935	8000549a	4058d593	srai	x11,x17,0x5	 x17:0xdd76a18d x11=0xfeebb50c
         100753	      4936	8000549e	6499	c.lui	x9,0x6	  x9=0x00006000
         101133	      4955	800054a0	00e719b3	sll	x19,x14,x14	 x14:0x00000006 x14:0x00000006 x19=0x00000180
         101173	      4957	800054a4	88bd	c.andi	x9,15	  x9:0x00006000  x9=0x00000000
         101553	      4976	800054a6	03613633	mulhu	x12,x2,x22	  x2:0x00000000 x22:0xdd76a18d x12=0x00000000
         101773	      4987	800054aa	b6788193	addi	x3,x17,-1177	 x17:0xdd76a18d  x3=0xdd769cf4
         101793	      4988	800054ae	0001	c.addi	x0,0	  x0:0x00000000  x0=0x00000000
         101813	      4989	800054b0	04d99163	bne	x19,x13,800054f2	 x19:0x00000180 x13:0xfffffd1a
         102053	      5001	800054f2	00cb9263	bne	x23,x12,800054f6	 x23:0xeebb07ac x12:0x00000000
         102373	      5017	800054f6	41e1	c.li	x3,24	  x3=0x00000018
         102453	      5021	800054f8	96696013	ori	x0,x18,-1690	 x18:0x80021ddc  x0=0x00000000
         102473	      5022	800054fc	340313f3	csrrw	x7,mscratch,x6	  x6:0x80025ce4  x7=0xeebb07ac
         102733	      5035	80005500	0001	c.addi	x0,0	  x0:0x00000000  x0=0x00000000
         102753	      5036	80005502	83100893	addi	x17,x0,-1999	  x0:0x00000000 x17=0xfffff831
         102773	      5037	80005506	34007a73	csrrci	x20,mscratch,0	 x20=0x80025ce4
         103533	      5075	8000550a	03d544b3	div	x9,x10,x29	 x10:0x00000000 x29:0x00000003  x9=0x00000000
         103553	      5076	8000550e	00d453b3	srl	x7,x8,x13	  x8:0xfc0012e7 x13:0xfffffd1a  x7=0x0000003f
         103573	      5077	80005512	616d	c.addi16sp	x2,240	  x2:0x00000000  x2=0x000000f0
         103593	      5078	80005514	9cce	c.add	x25,x19	 x25:0x00000000 x19:0x00000180 x25=0x00000180
         103633	      5080	80005516	035e9433	mulh	x8,x29,x21	 x29:0x00000003 x21:0x0006ebb5  x8=0x00000000
         103653	      5081	8000551a	40b8d213	srai	x4,x17,0xb	 x17:0xfffff831  x4=0xffffffff
         103673	      5082	8000551e	127d	c.addi	x4,-1	  x4:0xffffffff  x4=0xfffffffe
         104413	      5119	80005520	02bb5633	divu	x12,x22,x11	 x22:0xdd76a18d x11:0xfeebb50c x12=0x00000000
         104433	      5120	80005524	015b1e63	bne	x22,x21,80005540	 x22:0xdd76a18d x21:0x0006ebb5
         104733	      5135	80005540	0484	c.addi4spn	x9,x2,576	  x9=0x00000330
         104753	      5136	80005542	45c5	c.li	x11,17	 x11=0x00000011
         105553	      5176	80005544	02b5d833	divu	x16,x11,x11	 x11:0x00000011 x11:0x00000011 x16=0x00000001
         105573	      5177	80005548	839e	c.mv	x7,x7	  x0:0x00000000  x7:0x0000003f  x7=0x0000003f
         105593	      5178	8000554a	717d	c.addi16sp	x2,-16	  x2:0x000000f0  x2=0x000000e0
         105613	      5179	8000554c	01e0ef63	bltu	x1,x30,8000556a	  x1:0x00000000 x30:0x00000010
         106393	      5218	8000556a	0a9f7893	andi	x17,x30,169	 x30:0x00000010 x17=0x00000000
         106813	      5239	8000556e	34006ef3	csrrsi	x29,mscratch,0	 x29=0x80025ce4
         107093	      5253	80005572	002a2133	slt	x2,x20,x2	 x20:0x80025ce4  x2:0x000000e0  x2=0x00000001
         107833	      5290	80005576	036bd7b3	divu	x15,x23,x22	 x23:0xeebb07ac x22:0xdd76a18d x15=0x00000001
         108573	      5327	8000557a	0233c533	div	x10,x7,x3	  x7:0x0000003f  x3:0x00000018 x10=0x00000002
         108593	      5328	8000557e	8c25	c.xor	x8,x9	  x8:0x00000000  x9:0x00000330  x8=0x00000330
         108613	      5329	80005580	019b4cb3	xor	x25,x22,x25	 x22:0xdd76a18d x25:0x00000180 x25=0xdd76a00d
         108633	      5330	80005584	006a2333	slt	x6,x20,x6	 x20:0x80025ce4  x6:0x80025ce4  x6=0x00000000
         108653	      5331	80005588	13fd	c.addi	x7,-1	  x7:0x0000003f  x7=0x0000003e
         108673	      5332	8000558a	02ba1463	bne	x20,x11,800055b2	 x20:0x80025ce4 x11:0x00000011
         108973	      5347	800055b2	04ae	c.slli	x9,0xb	  x9:0x00000330  x9=0x00198000
         109173	      5357	800055b4	88a9	c.andi	x9,10	  x9:0x00198000  x9=0x00000000
         109373	      5367	800055b6	92ba8393	addi	x7,x21,-1749	 x21:0x0006ebb5  x7=0x0006e4e0
         109393	      5368	800055ba	8c45	c.or	x8,x9	  x8:0x00000330  x9:0x00000000  x8=0x00000330
         109473	      5372	800055bc	84d1	c.srai	x9,0x14	  x9:0x00000000  x9=0x00000000
         109493	      5373	800055be	0125c633	xor	x12,x11,x18	 x11:0x00000011 x18:0x80021ddc x12=0x80021dcd
         109693	      5383	800055c2	0ff0000f	fence	iorw,iorw	
         109913	      5394	800055c6	02be2e33	mulhsu	x28,x28,x11	 x28:0x00000010 x11:0x00000011 x28=0x00000000
         110033	      5400	800055ca	0129fc63	bgeu	x19,x18,800055e2	 x19:0x00000180 x18:0x80021ddc
         110053	      5401	800055ce	0b04	c.addi4spn	x9,x2,400	  x9=0x00000191
         110193	      5408	800055d0	0001	c.addi	x0,0	  x0:0x00000000  x0=0x00000000
         110233	      5410	800055d2	008ce663	bltu	x25,x8,800055de	 x25:0xdd76a00d  x8:0x00000330
         110653	      5431	800055d6	40d386b3	sub	x13,x7,x13	  x7:0x0006e4e0 x13:0xfffffd1a x13=0x0006e7c6
         110673	      5432	800055da	b3237993	andi	x19,x6,-1230	  x6:0x00000000 x19=0x00000000
         110693	      5433	800055de	017acf63	blt	x21,x23,800055fc	 x21:0x0006ebb5 x23:0xeebb07ac
         110813	      5439	800055e2	007fc363	blt	x31,x7,800055e8	 x31:0x0001e000  x7:0x0006e4e0
         112733	      5535	800055e8	028a4e33	div	x28,x20,x8	 x20:0x80025ce4  x8:0x00000330 x28=0xffd7d896
         112753	      5536	800055ec	0001	c.addi	x0,0	  x0:0x00000000  x0=0x00000000
         112773	      5537	800055ee	340de173	csrrsi	x2,mscratch,27	  x2=0x80025ce4
         112793	      5538	800055f2	0ff0000f	fence	iorw,iorw	
         112813	      5539	800055f6	07f6	c.slli	x15,0x1d	 x15:0x00000001 x15=0x20000000
         112833	      5540	800055f8	0168aab3	slt	x21,x17,x22	 x17:0x00000000 x22:0xdd76a18d x21=0x00000000
         112853	      5541	800055fc	cc9d	c.beqz	x9,8000563a	  x9:0x00000191
         113833	      5590	800055fe	02e16d33	rem	x26,x2,x14	  x2:0x80025ce4 x14:0x00000006 x26=0xfffffffc
         113853	      5591	80005602	0000100f	fence.i	
         114173	      5607	80005606	013b3033	sltu	x0,x22,x19	 x22:0xdd76a18d x19:0x00000000  x0=0x00000000
         114193	      5608	8000560a	6889	c.lui	x17,0x2	 x17=0x00002000
         114493	      5623	8000560c	5880e213	ori	x4,x1,1416	  x1:0x00000000  x4=0x00000588
         114513	      5624	80005610	05441163	bne	x8,x20,80005652	  x8:0x00000330 x20:0x80025ce4
         115173	      5657	80005652	8e65	c.and	x12,x9	 x12:0x80021dcd  x9:0x00000191 x12=0x00000181
         115193	      5658	80005654	004fdcb3	srl	x25,x31,x4	 x31:0x0001e000  x4:0x00000588 x25=0x000001e0
         116073	      5702	80005658	03e14a33	div	x20,x2,x30	  x2:0x80025ce4 x30:0x00000010 x20=0xf80025cf
         116093	      5703	8000565c	00a2e633	or	x12,x5,x10	  x5:0x80025ce4 x10:0x00000002 x12=0x80025ce6
         116113	      5704	80005660	0047fd63	bgeu	x15,x4,8000567a	 x15:0x20000000  x4:0x00000588
         116273	      5712	8000567a	717d	c.addi16sp	x2,-16	  x2:0x80025ce4  x2=0x80025cd4
         116413	      5719	8000567c	80e5	c.srli	x9,0x19	  x9:0x00000191  x9=0x00000000
         116433	      5720	8000567e	005b68b3	or	x17,x22,x5	 x22:0xdd76a18d  x5:0x80025ce4 x17=0xdd76fded
         116593	      5728	80005682	015ddc13	srli	x24,x27,0x15	 x27:0xeebb07ac x24=0x00000775
         116733	      5735	80005686	0000100f	fence.i	
         117433	      5770	8000568a	0001	c.addi	x0,0	  x0:0x00000000  x0=0x00000000
         117453	      5771	8000568c	d81fac93	slti	x25,x31,-639	 x31:0x0001e000 x25=0x00000000
         117473	      5772	80005690	3c4d0e13	addi	x28,x26,964	 x26:0xfffffffc x28=0x000003c0
         117673	      5782	80005694	01818433	add	x8,x3,x24	  x3:0x00000018 x24:0x00000775  x8=0x0000078d
         117713	      5784	80005698	0273bcb3	mulhu	x25,x7,x7	  x7:0x0006e4e0  x7:0x0006e4e0 x25=0x0000002f
         117753	      5786	8000569c	03fb9e63	bne	x23,x31,800056d8	 x23:0xeebb07ac x31:0x0001e000
         117953	      5796	800056d8	011d8b63	beq	x27,x17,800056ee	 x27:0xeebb07ac x17:0xdd76fded
         118093	      5803	800056dc	0044da13	srli	x20,x9,0x4	  x9:0x00000000 x20=0x00000000
         118333	      5815	800056e0	010a4633	xor	x12,x20,x16	 x20:0x00000000 x16:0x00000001 x12=0x00000001
         118353	      5816	800056e4	9d92	c.add	x27,x4	 x27:0xeebb07ac  x4:0x00000588 x27=0xeebb0d34
         118373	      5817	800056e6	013aefb3	or	x31,x21,x19	 x21:0x00000000 x19:0x00000000 x31=0x00000000
         118393	      5818	800056ea	9470c393	xori	x7,x1,-1721	  x1:0x00000000  x7=0xfffff947
         118813	      5839	800056ee	16e0a993	slti	x19,x1,366	  x1:0x00000000 x19=0x00000001
         118953	      5846	800056f2	41928c33	sub	x24,x5,x25	  x5:0x80025ce4 x25:0x0000002f x24=0x80025cb5
         119033	      5850	800056f6	cc9fb193	sltiu	x3,x31,-823	 x31:0x00000000  x3=0x00000001
         119053	      5851	800056fa	8c49	c.or	x8,x10	  x8:0x0000078d x10:0x00000002  x8=0x0000078f
         119973	      5897	800056fc	03e248b3	div	x17,x4,x30	  x4:0x00000588 x30:0x00000010 x17=0x00000058
         120713	      5934	80005700	03d357b3	divu	x15,x6,x29	  x6:0x00000000 x29:0x80025ce4 x15=0x00000000
         120733	      5935	80005704	ae574d93	xori	x27,x14,-1307	 x14:0x00000006 x27=0xfffffae3
         120753	      5936	80005708	02080963	beq	x16,x0,8000573a	 x16:0x00000001  x0:0x00000000
         120773	      5937	8000570c	01037663	bgeu	x6,x16,80005718	  x6:0x00000000 x16:0x00000001
         121513	      5974	80005710	03b3c9b3	div	x19,x7,x27	  x7:0xfffff947 x27:0xfffffae3 x19=0x00000001
         121533	      5975	80005714	04344363	blt	x8,x3,8000575a	  x8:0x0000078f  x3:0x00000001
         121553	      5976	80005718	3553d7b7	lui	x15,0x3553d	 x15=0x3553d000
         121573	      5977	8000571c	6db9	c.lui	x27,0xe	 x27=0x0000e000
         121593	      5978	8000571e	01ced113	srli	x2,x29,0x1c	 x29:0x80025ce4  x2=0x00000008
         121633	      5980	80005722	02552cb3	mulhsu	x25,x10,x5	 x10:0x00000002  x5:0x80025ce4 x25=0x00000001
         121653	      5981	80005726	40f88eb3	sub	x29,x17,x15	 x17:0x00000058 x15:0x3553d000 x29=0xcaac3058
         121673	      5982	8000572a	1384	c.addi4spn	x9,x2,480	  x9=0x000001e8
         121693	      5983	8000572c	8f3d	c.xor	x14,x15	 x14:0x00000006 x15:0x3553d000 x14=0x3553d006
         122093	      6003	8000572e	008ca5b3	slt	x11,x25,x8	 x25:0x00000001  x8:0x0000078f x11=0x00000001
         122273	      6012	80005732	0000100f	fence.i	
         122853	      6041	80005736	0000100f	fence.i	
         123353	      6066	8000573a	899a	c.mv	x19,x6	  x0:0x00000000  x6:0x00000000 x19=0x00000000
         123373	      6067	8000573c	38afba93	sltiu	x21,x31,906	 x31:0x00000000 x21=0x00000001
         123793	      6088	80005740	01bd0463	beq	x26,x27,80005748	 x26:0xfffffffc x27:0x0000e000
         124213	      6109	80005744	58806d13	ori	x26,x0,1416	  x0:0x00000000 x26=0x00000588
         124233	      6110	80005748	40a70d33	sub	x26,x14,x10	 x14:0x3553d006 x10:0x00000002 x26=0x3553d004
         124253	      6111	8000574c	00bccab3	xor	x21,x25,x11	 x25:0x00000001 x11:0x00000001 x21=0x00000000
         124433	      6120	80005750	1f6c4393	xori	x7,x24,502	 x24:0x80025cb5  x7=0x80025d43
         124453	      6121	80005754	0035b1b3	sltu	x3,x11,x3	 x11:0x00000001  x3:0x00000001  x3=0x00000000
         124473	      6122	80005758	051a	c.slli	x10,0x6	 x10:0x00000002 x10=0x00000080
         124493	      6123	8000575a	69fae617	auipc	x12,0x69fae	 x12=0xe9fb375a
         124653	      6131	8000575e	011b27b3	slt	x15,x22,x17	 x22:0xdd76a18d x17:0x00000058 x15=0x00000001
         124673	      6132	80005762	42f32337	lui	x6,0x42f32	  x6=0x42f32000
         125413	      6169	80005766	02ccdf33	divu	x30,x25,x12	 x25:0x00000001 x12:0xe9fb375a x30=0x00000000
         125433	      6170	8000576a	8d9d	c.sub	x11,x15	 x11:0x00000001 x15:0x00000001 x11=0x00000000
         125453	      6171	8000576c	00a33033	sltu	x0,x6,x10	  x6:0x42f32000 x10:0x00000080  x0=0x00000000
         125473	      6172	80005770	057fe163	bltu	x31,x23,800057b2	 x31:0x00000000 x23:0xeebb07ac
         126093	      6203	800057b2	6b5efc93	andi	x25,x29,1717	 x29:0xcaac3058 x25=0x00000010
         126113	      6204	800057b6	001d1463	bne	x26,x1,800057be	 x26:0x3553d004  x1:0x00000000
         127993	      6298	800057be	037a51b3	divu	x3,x20,x23	 x20:0x00000000 x23:0xeebb07ac  x3=0x00000000
         128013	      6299	800057c2	e985	c.bnez	x11,800057f2	 x11:0x00000000
         128033	      6300	800057c4	38ffaf17	auipc	x30,0x38ffa	 x30=0xb8fff7c4
         128113	      6304	800057c8	0000100f	fence.i	
         128453	      6321	800057cc	49b5	c.li	x19,13	 x19=0x0000000d
         128473	      6322	800057ce	577d	c.li	x14,-1	 x14=0xffffffff
         129213	      6359	800057d0	0277f1b3	remu	x3,x15,x7	 x15:0x00000001  x7:0x80025d43  x3=0x00000001
         151853	      7491	800057d4	01a126b3	slt	x13,x2,x26	  x2:0x00000008 x26:0x3553d004 x13=0x00000001
         151873	      7492	800057d8	0872	c.slli	x16,0x1c	 x16:0x00000001 x16=0x10000000
         151893	      7493	800057da	3a798f93	addi	x31,x19,935	 x19:0x0000000d x31=0x000003b4
         151913	      7494	800057de	0001	c.addi	x0,0	  x0:0x00000000  x0=0x00000000
         151933	      7495	800057e0	039f0db3	mul	x27,x30,x25	 x30:0xb8fff7c4 x25:0x00000010 x27=0x8fff7c40
         151953	      7496	800057e4	9bfd	c.andi	x15,-1	 x15:0x00000001 x15=0x00000001
         152093	      7503	800057e6	d8873e93	sltiu	x29,x14,-632	 x14:0xffffffff x29=0x00000000
         152113	      7504	800057ea	34055673	csrrwi	x12,mscratch,10	 x12=0x80025cff
         152133	      7505	800057ee	03c804b3	mul	x9,x16,x28	 x16:0x10000000 x28:0x000003c0  x9=0x00000000
         152313	      7514	800057f2	01f85d63	bge	x16,x31,8000580c	 x16:0x10000000 x31:0x000003b4
         152753	      7536	8000580c	88d1	c.andi	x9,20	  x9:0x00000000  x9=0x00000000
         152913	      7544	8000580e	0000100f	fence.i	
         153853	      7591	80005812	0350f533	remu	x10,x1,x21	  x1:0x00000000 x21:0x00000000 x10=0x00000000
         154033	      7600	80005816	cdefb0b7	lui	x1,0xcdefb	  x1=0xcdefb000
         154053	      7601	8000581a	02ff87b3	mul	x15,x31,x15	 x31:0x000003b4 x15:0x00000001 x15=0x000003b4
         154073	      7602	8000581e	015d86b3	add	x13,x27,x21	 x27:0x8fff7c40 x21:0x00000000 x13=0x8fff7c40
         154093	      7603	80005822	8f25	c.xor	x14,x9	 x14:0xffffffff  x9:0x00000000 x14=0xffffffff
         154113	      7604	80005824	05979063	bne	x15,x25,80005864	 x15:0x000003b4 x25:0x00000010
         155013	      7649	80005864	3404ff73	csrrci	x30,mscratch,9	 x30=0x0000000a
         155033	      7650	80005868	01246333	or	x6,x8,x18	  x8:0x0000078f x18:0x80021ddc  x6=0x80021fdf
         155053	      7651	8000586c	99fd	c.andi	x11,-1	 x11:0x00000000 x11=0x00000000
         155073	      7652	8000586e	340933f3	csrrc	x7,mscratch,x18	 x18:0x80021ddc  x7=0x00000002
         155093	      7653	80005872	8dd5	c.or	x11,x13	 x11:0x00000000 x13:0x8fff7c40 x11=0x8fff7c40
         155213	      7659	80005874	3401f273	csrrci	x4,mscratch,3	  x4=0x00000002
         155233	      7660	80005878	00df1e33	sll	x28,x30,x13	 x30:0x0000000a x13:0x8fff7c40 x28=0x0000000a
         155293	      7663	8000587c	8d61	c.and	x10,x8	 x10:0x00000000  x8:0x0000078f x10=0x00000000
         155393	      7668	8000587e	340e97f3	csrrw	x15,mscratch,x29	 x29:0x00000000 x15=0x00000000
         155413	      7669	80005882	717d	c.addi16sp	x2,-16	  x2:0x00000008  x2=0xfffffff8
         155433	      7670	80005884	00ae	c.slli	x1,0xb	  x1:0xcdefb000  x1=0x7d800000
         155453	      7671	80005886	41f45e93	srai	x29,x8,0x1f	  x8:0x0000078f x29=0x00000000
         155573	      7677	8000588a	604c6a13	ori	x20,x24,1540	 x24:0x80025cb5 x20=0x80025eb5
         155853	      7691	8000588e	a4994893	xori	x17,x18,-1463	 x18:0x80021ddc x17=0x7ffde795
         156053	      7701	80005892	29016e93	ori	x29,x2,656	  x2:0xfffffff8 x29=0xfffffff8
         156073	      7702	80005896	c389ef93	ori	x31,x19,-968	 x19:0x0000000d x31=0xfffffc3d
         156253	      7711	8000589a	b8dffa93	andi	x21,x31,-1139	 x31:0xfffffc3d x21=0xfffff80d
         156413	      7719	8000589e	de654397	auipc	x7,0xde654	  x7=0x5e65989e
         156533	      7725	800058a2	00c93ab3	sltu	x21,x18,x12	 x18:0x80021ddc x12:0x80025cff x21=0x00000001
         156833	      7740	800058a6	e3b0f393	andi	x7,x1,-453	  x1:0x7d800000  x7=0x7d800000
         156853	      7741	800058aa	033a	c.slli	x6,0xe	  x6:0x80021fdf  x6=0x87f7c000
         156873	      7742	800058ac	02731d63	bne	x6,x7,800058e6	  x6:0x87f7c000  x7:0x7d800000
         157753	      7786	800058e6	032b63b3	rem	x7,x22,x18	 x22:0xdd76a18d x18:0x80021ddc  x7=0xdd76a18d
         157773	      7787	800058ea	01103633	sltu	x12,x0,x17	  x0:0x00000000 x17:0x7ffde795 x12=0x00000001
         157793	      7788	800058ee	34007df3	csrrci	x27,mscratch,0	 x27=0x00000000
         157813	      7789	800058f2	0449a893	slti	x17,x19,68	 x19:0x0000000d x17=0x00000001
         157833	      7790	800058f6	21d536b7	lui	x13,0x21d53	 x13=0x21d53000
         157853	      7791	800058fa	ce11	c.beqz	x12,80005916	 x12:0x00000001
         157873	      7792	800058fc	407adc93	srai	x25,x21,0x7	 x21:0x00000001 x25=0x00000000
         158033	      7800	80005900	9086	c.add	x1,x1	  x1:0x7d800000  x1:0x7d800000  x1=0xfb000000
         158393	      7818	80005902	340093f3	csrrw	x7,mscratch,x1	  x1:0xfb000000  x7=0x00000000
         158413	      7819	80005906	61b9	c.lui	x3,0xe	  x3=0x0000e000
         159153	      7856	80005908	03726fb3	rem	x31,x4,x23	  x4:0x00000002 x23:0xeebb07ac x31=0x00000002
         159893	      7893	8000590c	023c43b3	div	x7,x24,x3	 x24:0x80025cb5  x3:0x0000e000  x7=0xffff6dba
         159913	      7894	80005910	8fd6	c.mv	x31,x21	  x0:0x00000000 x21:0x00000001 x31=0x00000001
         159933	      7895	80005912	34002a73	csrrs	x20,mscratch,x0	  x0:0x00000000 x20=0xfb000000
         159953	      7896	80005916	0ff0000f	fence	iorw,iorw	
         159973	      7897	8000591a	025a1563	bne	x20,x5,80005944	 x20:0xfb000000  x5:0x80025ce4
         160693	      7933	80005944	8f71	c.and	x14,x12	 x14:0xffffffff x12:0x00000001 x14=0x00000001
         161233	      7960	80005946	34003ef3	csrrc	x29,mscratch,x0	  x0:0x00000000 x29=0xfb000000
         161653	      7981	8000594a	d2256d13	ori	x26,x10,-734	 x10:0x00000000 x26=0xfffffd22
         161673	      7982	8000594e	177d	c.addi	x14,-1	 x14:0x00000001 x14=0x00000000
         161693	      7983	80005950	004fb9b3	sltu	x19,x31,x4	 x31:0x00000001  x4:0x00000002 x19=0x00000001
         161853	      7991	80005954	01218d63	beq	x3,x18,8000596e	  x3:0x0000e000 x18:0x80021ddc
         161893	      7993	80005958	000c0bb3	add	x23,x24,x0	 x24:0x80025cb5  x0:0x00000000 x23=0x80025cb5
         162073	      8002	8000595c	340ab173	csrrc	x2,mscratch,x21	 x21:0x00000001  x2=0xfb000000
         162093	      8003	80005960	8eb9	c.xor	x13,x14	 x13:0x21d53000 x14:0x00000000 x13=0x21d53000
         162353	      8016	80005962	02c19133	mulh	x2,x3,x12	  x3:0x0000e000 x12:0x00000001  x2=0x00000000
         162373	      8017	80005966	01c3ac33	slt	x24,x7,x28	  x7:0xffff6dba x28:0x0000000a x24=0x00000001
         162493	      8023	8000596a	01366e63	bltu	x12,x19,80005986	 x12:0x00000001 x19:0x00000001
         162733	      8035	8000596e	03a8b9b3	mulhu	x19,x17,x26	 x17:0x00000001 x26:0xfffffd22 x19=0x00000000
         162913	      8044	80005972	03f91c33	mulh	x24,x18,x31	 x18:0x80021ddc x31:0x00000001 x24=0xffffffff
         162933	      8045	80005976	8886	c.mv	x17,x1	  x0:0x00000000  x1:0xfb000000 x17=0xfb000000
         162953	      8046	80005978	ce7ecd13	xori	x26,x29,-793	 x29:0xfb000000 x26=0x04fffce7
         162973	      8047	8000597c	717d	c.addi16sp	x2,-16	  x2:0x00000000  x2=0xfffffff0
         163073	      8052	8000597e	01155813	srli	x16,x10,0x11	 x10:0x00000000 x16=0x00000000
         163093	      8053	80005982	c3fc3897	auipc	x17,0xc3fc3	 x17=0x43fc8982
         163113	      8054	80005986	007ad793	srli	x15,x21,0x7	 x21:0x00000001 x15=0x00000000
         163133	      8055	8000598a	806d	c.srli	x8,0x1b	  x8:0x0000078f  x8=0x00000000
         164093	      8103	8000598c	0248e433	rem	x8,x17,x4	 x17:0x43fc8982  x4:0x00000002  x8=0x00000000
         164113	      8104	80005990	dfbbcc93	xori	x25,x23,-517	 x23:0x80025cb5 x25=0x7ffda14e
         164133	      8105	80005994	01a1bdb3	sltu	x27,x3,x26	  x3:0x0000e000 x26:0x04fffce7 x27=0x00000001
         164153	      8106	80005998	021a8c33	mul	x24,x21,x1	 x21:0x00000001  x1:0xfb000000 x24=0xfb000000
         164173	      8107	8000599c	9b7d	c.andi	x14,-1	 x14:0x00000000 x14=0x00000000
         164193	      8108	8000599e	34007773	csrrci	x14,mscratch,0	 x14=0xfb000000
         164213	      8109	800059a2	01272833	slt	x16,x14,x18	 x14:0xfb000000 x18:0x80021ddc x16=0x00000000
         164993	      8148	800059a6	03127db3	remu	x27,x4,x17	  x4:0x00000002 x17:0x43fc8982 x27=0x00000002
         165733	      8185	800059aa	03f34bb3	div	x23,x6,x31	  x6:0x87f7c000 x31:0x00000001 x23=0x87f7c000
         165753	      8186	800059ae	6a022413	slti	x8,x4,1696	  x4:0x00000002  x8=0x00000001
         165773	      8187	800059b2	340020f3	csrrs	x1,mscratch,x0	  x0:0x00000000  x1=0xfb000000
         165793	      8188	800059b6	031b9863	bne	x23,x17,800059e6	 x23:0x87f7c000 x17:0x43fc8982
         165933	      8195	800059e6	bc353417	auipc	x8,0xbc353	  x8=0x3c3589e6
         165953	      8196	800059ea	0070c133	xor	x2,x1,x7	  x1:0xfb000000  x7:0xffff6dba  x2=0x04ff6dba
         166833	      8240	800059ee	03486c33	rem	x24,x16,x20	 x16:0x00000000 x20:0xfb000000 x24=0x00000000
         166853	      8241	800059f2	01a42db3	slt	x27,x8,x26	  x8:0x3c3589e6 x26:0x04fffce7 x27=0x00000000
         166873	      8242	800059f6	00431493	slli	x9,x6,0x4	  x6:0x87f7c000  x9=0x7f7c0000
         166893	      8243	800059fa	34007073	csrrci	x0,mscratch,0	  x0=0x00000000
         166913	      8244	800059fe	02e7d463	bge	x15,x14,80005a26	 x15:0x00000000 x14:0xfb000000
         167773	      8287	80005a26	08ed3817	auipc	x16,0x8ed3	 x16=0x88ed8a26
         168613	      8329	80005a2a	03d248b3	div	x17,x4,x29	  x4:0x00000002 x29:0xfb000000 x17=0x00000000
         168633	      8330	80005a2e	e01d	c.bnez	x8,80005a54	  x8:0x3c3589e6
         168713	      8334	80005a54	0112aa93	slti	x21,x5,17	  x5:0x80025ce4 x21=0x00000001
         168753	      8336	80005a58	40d35033	sra	x0,x6,x13	  x6:0x87f7c000 x13:0x21d53000  x0=0x00000000
         168893	      8343	80005a5c	020f8c33	mul	x24,x31,x0	 x31:0x00000001  x0:0x00000000 x24=0x00000000
         169033	      8350	80005a60	857d	c.srai	x10,0x1f	 x10:0x00000000 x10=0x00000000
         169053	      8351	80005a62	340b9773	csrrw	x14,mscratch,x23	 x23:0x87f7c000 x14=0xfb000000
         169913	      8394	80005a66	021ce0b3	rem	x1,x25,x1	 x25:0x7ffda14e  x1:0xfb000000  x1=0x02fda14e
         169933	      8395	80005a6a	02daf163	bgeu	x21,x13,80005a8c	 x21:0x00000001 x13:0x21d53000
         169953	      8396	80005a6e	0f92	c.slli	x31,0x4	 x31:0x00000001 x31=0x00000010
         170693	      8433	80005a70	035aee33	rem	x28,x21,x21	 x21:0x00000001 x21:0x00000001 x28=0x00000000
         170733	      8435	80005a74	0212a233	mulhsu	x4,x5,x1	  x5:0x80025ce4  x1:0x02fda14e  x4=0xfe81366a
         170753	      8436	80005a78	8b9a	c.mv	x23,x6	  x0:0x00000000  x6:0x87f7c000 x23=0x87f7c000
         170773	      8437	80005a7a	8fd9	c.or	x15,x14	 x15:0x00000000 x14:0xfb000000 x15=0xfb000000
         170813	      8439	80005a7c	020eff33	remu	x30,x29,x0	 x29:0xfb000000  x0:0x00000000 x30=0xfb000000
         170833	      8440	80005a80	0001	c.addi	x0,0	  x0:0x00000000  x0=0x00000000
         170853	      8441	80005a82	00141f13	slli	x30,x8,0x1	  x8:0x3c3589e6 x30=0x786b13cc
         170873	      8442	80005a86	65e9	c.lui	x11,0x1a	 x11=0x0001a000
         170893	      8443	80005a88	f5dc8eb7	lui	x29,0xf5dc8	 x29=0xf5dc8000
         170913	      8444	80005a8c	77db9897	auipc	x17,0x77db9	 x17=0xf7dbea8c
         171293	      8463	80005a90	038b4a33	div	x20,x22,x24	 x22:0xdd76a18d x24:0x00000000 x20=0xffffffff
         171353	      8466	80005a94	8f99	c.sub	x15,x14	 x15:0xfb000000 x14:0xfb000000 x15=0x00000000
         171373	      8467	80005a96	01614f33	xor	x30,x2,x22	  x2:0x04ff6dba x22:0xdd76a18d x30=0xd989cc37
         171393	      8468	80005a9a	69f5	c.lui	x19,0x1d	 x19=0x0001d000
         171453	      8471	80005a9c	0a2a	c.slli	x20,0xa	 x20:0xffffffff x20=0xfffffc00
         171473	      8472	80005a9e	8329	c.srli	x14,0xa	 x14:0xfb000000 x14=0x003ec000
         171813	      8489	80005aa0	869d8593	addi	x11,x27,-1943	 x27:0x00000000 x11=0xfffff869
         172233	      8510	80005aa4	8245	c.srli	x12,0x11	 x12:0x00000001 x12=0x00000000
         172253	      8511	80005aa6	01ef20b3	slt	x1,x30,x30	 x30:0xd989cc37 x30:0xd989cc37  x1=0x00000000
         172513	      8524	80005aaa	34002ef3	csrrs	x29,mscratch,x0	  x0:0x00000000 x29=0x87f7c000
         172533	      8525	80005aae	8d11	c.sub	x10,x12	 x10:0x00000000 x12:0x00000000 x10=0x00000000
         172693	      8533	80005ab0	0001	c.addi	x0,0	  x0:0x00000000  x0=0x00000000
         172713	      8534	80005ab2	89c9	c.andi	x11,18	 x11:0xfffff869 x11=0x00000000
         172733	      8535	80005ab4	03bf7663	bgeu	x30,x27,80005ae0	 x30:0xd989cc37 x27:0x00000000
         172973	      8547	80005ae0	8ed1	c.or	x13,x12	 x13:0x21d53000 x12:0x00000000 x13=0x21d53000
         172993	      8548	80005ae2	00e8b533	sltu	x10,x17,x14	 x17:0xf7dbea8c x14:0x003ec000 x10=0x00000000
         173013	      8549	80005ae6	340e6bf3	csrrsi	x23,mscratch,28	 x23=0x87f7c000
         173033	      8550	80005aea	0080e633	or	x12,x1,x8	  x1:0x00000000  x8:0x3c3589e6 x12=0x3c3589e6
         173413	      8569	80005aee	03fe8db3	mul	x27,x29,x31	 x29:0x87f7c000 x31:0x00000010 x27=0x7f7c0000
         173613	      8579	80005af2	01343db3	sltu	x27,x8,x19	  x8:0x3c3589e6 x19:0x0001d000 x27=0x00000000
         173633	      8580	80005af6	9cae	c.add	x25,x11	 x25:0x7ffda14e x11:0x00000000 x25=0x7ffda14e
         173653	      8581	80005af8	0ff0000f	fence	iorw,iorw	
         178053	      8801	80005afc	40055733	sra	x14,x10,x0	 x10:0x00000000  x0:0x00000000 x14=0x00000000
         178073	      8802	80005b00	e919	c.bnez	x10,80005b16	 x10:0x00000000
         178093	      8803	80005b02	340d36f3	csrrc	x13,mscratch,x26	 x26:0x04fffce7 x13=0x87f7c01c
         178113	      8804	80005b06	34007273	csrrci	x4,mscratch,0	  x4=0x83000018
         178133	      8805	80005b0a	340065f3	csrrsi	x11,mscratch,0	 x11=0x83000018
         178173	      8807	80005b0e	016ee463	bltu	x29,x22,80005b16	 x29:0x87f7c000 x22:0xdd76a18d
         179113	      8854	80005b16	8d25	c.xor	x10,x9	 x10:0x00000000  x9:0x7f7c0000 x10=0x7f7c0000
         179433	      8870	80005b18	8e003f13	sltiu	x30,x0,-1824	  x0:0x00000000 x30=0x00000001
         179713	      8884	80005b1c	00595493	srli	x9,x18,0x5	 x18:0x80021ddc  x9=0x040010ee
         179733	      8885	80005b20	85b9	c.srai	x11,0xe	 x11:0x83000018 x11=0xfffe0c00
         180733	      8935	80005b22	02a1ebb3	rem	x23,x3,x10	  x3:0x0000e000 x10:0x7f7c0000 x23=0x0000e000
         180753	      8936	80005b26	34007d73	csrrci	x26,mscratch,0	 x26=0x83000018
         181493	      8973	80005b2a	03dbfbb3	remu	x23,x23,x29	 x23:0x0000e000 x29:0x87f7c000 x23=0x0000e000
         181513	      8974	80005b2e	0ff0000f	fence	iorw,iorw	
         181533	      8975	80005b32	9ace3c93	sltiu	x25,x28,-1620	 x28:0x00000000 x25=0x00000001
         181573	      8977	80005b36	02091633	mulh	x12,x18,x0	 x18:0x80021ddc  x0:0x00000000 x12=0x00000000
         181593	      8978	80005b3a	008f79b3	and	x19,x30,x8	 x30:0x00000001  x8:0x3c3589e6 x19=0x00000000
         181613	      8979	80005b3e	0155c5b3	xor	x11,x11,x21	 x11:0xfffe0c00 x21:0x00000001 x11=0xfffe0c01
         181633	      8980	80005b42	012e6263	bltu	x28,x18,80005b46	 x28:0x00000000 x18:0x80021ddc
         181673	      8982	80005b46	66d9	c.lui	x13,0x16	 x13=0x00016000
         182013	      8999	80005b48	054e	c.slli	x10,0x13	 x10:0x7f7c0000 x10=0x00000000
         182033	      9000	80005b4a	0001	c.addi	x0,0	  x0:0x00000000  x0=0x00000000
         182053	      9001	80005b4c	018f9513	slli	x10,x31,0x18	 x31:0x00000010 x10=0x10000000
         182793	      9038	80005b50	037df4b3	remu	x9,x27,x23	 x27:0x00000000 x23:0x0000e000  x9=0x00000000
         182813	      9039	80005b54	00c3dc33	srl	x24,x7,x12	  x7:0xffff6dba x12:0x00000000 x24=0xffff6dba
         183553	      9076	80005b58	02367ab3	remu	x21,x12,x3	 x12:0x00000000  x3:0x0000e000 x21=0x00000000
         184293	      9113	80005b5c	026044b3	div	x9,x0,x6	  x0:0x00000000  x6:0x87f7c000  x9=0x00000000
         184313	      9114	80005b60	41bed613	srai	x12,x29,0x1b	 x29:0x87f7c000 x12=0xfffffff0
         184333	      9115	80005b64	83c5	c.srli	x15,0x11	 x15:0x00000000 x15=0x00000000
         184353	      9116	80005b66	ae6cf413	andi	x8,x25,-1306	 x25:0x00000001  x8=0x00000000
         184373	      9117	80005b6a	66ad	c.lui	x13,0xb	 x13=0x0000b000
         184393	      9118	80005b6c	8c39	c.xor	x8,x14	  x8:0x00000000 x14:0x00000000  x8=0x00000000
         184413	      9119	80005b6e	bf4ca813	slti	x16,x25,-1036	 x25:0x00000001 x16=0x00000000
         184433	      9120	80005b72	41848ab3	sub	x21,x9,x24	  x9:0x00000000 x24:0xffff6dba x21=0x00009246
         184453	      9121	80005b76	2d6a0e13	addi	x28,x20,726	 x20:0xfffffc00 x28=0xfffffed6
         185193	      9158	80005b7a	03f2ef33	rem	x30,x5,x31	  x5:0x80025ce4 x31:0x00000010 x30=0xfffffff4
         185213	      9159	80005b7e	00f68833	add	x16,x13,x15	 x13:0x0000b000 x15:0x00000000 x16=0x0000b000
         185313	      9164	80005b82	0269d997	auipc	x19,0x269d	 x19=0x826a2b82
         185333	      9165	80005b86	94a6	c.add	x9,x9	  x9:0x00000000  x9:0x00000000  x9=0x00000000
         185433	      9170	80005b88	dd664c13	xori	x24,x12,-554	 x12:0xfffffff0 x24=0x00000226
         185633	      9180	80005b8c	405c5213	srai	x4,x24,0x5	 x24:0x00000226  x4=0x00000011
         185653	      9181	80005b90	8c6d	c.and	x8,x11	  x8:0x00000000 x11:0xfffe0c01  x8=0x00000000
         185673	      9182	80005b92	001985b3	add	x11,x19,x1	 x19:0x826a2b82  x1:0x00000000 x11=0x826a2b82
         185833	      9190	80005b96	21b66513	ori	x10,x12,539	 x12:0xfffffff0 x10=0xfffffffb
         185853	      9191	80005b9a	0001	c.addi	x0,0	  x0:0x00000000  x0=0x00000000
         185873	      9192	80005b9c	84d5	c.srai	x9,0x15	  x9:0x00000000  x9=0x00000000
         185953	      9196	80005b9e	40b380b3	sub	x1,x7,x11	  x7:0xffff6dba x11:0x826a2b82  x1=0x7d954238
         185973	      9197	80005ba2	08c6	c.slli	x17,0x11	 x17:0xf7dbea8c x17=0xd5180000
         186373	      9217	80005ba4	997d	c.andi	x10,-1	 x10:0xfffffffb x10=0xfffffffb
         186433	      9220	80005ba6	01a5fe63	bgeu	x11,x26,80005bc2	 x11:0x826a2b82 x26:0x83000018
         187313	      9264	80005baa	03fc5fb3	divu	x31,x24,x31	 x24:0x00000226 x31:0x00000010 x31=0x00000022
         187333	      9265	80005bae	00aeb733	sltu	x14,x29,x10	 x29:0x87f7c000 x10:0xfffffffb x14=0x00000001
         187353	      9266	80005bb2	bb883813	sltiu	x16,x16,-1096	 x16:0x0000b000 x16=0x00000001
         187373	      9267	80005bb6	01ef59b3	srl	x19,x30,x30	 x30:0xfffffff4 x30:0xfffffff4 x19=0x00000fff
         187393	      9268	80005bba	41388cb3	sub	x25,x17,x19	 x17:0xd5180000 x19:0x00000fff x25=0xd517f001
         187413	      9269	80005bbe	411cdcb3	sra	x25,x25,x17	 x25:0xd517f001 x17:0xd5180000 x25=0xd517f001
         187433	      9270	80005bc2	8d69	c.and	x10,x10	 x10:0xfffffffb x10:0xfffffffb x10=0xfffffffb
         187573	      9277	80005bc4	0ea2	c.slli	x29,0x8	 x29:0x87f7c000 x29=0xf7c00000
         187673	      9282	80005bc6	409f5ab3	sra	x21,x30,x9	 x30:0xfffffff4  x9:0x00000000 x21=0xfffffff4
         187693	      9283	80005bca	340ed5f3	csrrwi	x11,mscratch,29	 x11=0x83000018
         187713	      9284	80005bce	00909e13	slli	x28,x1,0x9	  x1:0x7d954238 x28=0x2a847000
         187733	      9285	80005bd2	34052e73	csrrs	x28,mscratch,x10	 x10:0xfffffffb x28=0x0000001d
         187753	      9286	80005bd6	01439d63	bne	x7,x20,80005bf0	  x7:0xffff6dba x20:0xfffffc00
         188413	      9319	80005bf0	89b9	c.andi	x11,14	 x11:0x83000018 x11=0x00000008
         188833	      9340	80005bf2	38a1e393	ori	x7,x3,906	  x3:0x0000e000  x7=0x0000e38a
         188853	      9341	80005bf6	41258bb3	sub	x23,x11,x18	 x11:0x00000008 x18:0x80021ddc x23=0x7ffde22c
         188873	      9342	80005bfa	8e99	c.sub	x13,x14	 x13:0x0000b000 x14:0x00000001 x13=0x0000afff
         188893	      9343	80005bfc	0f11	c.addi	x30,4	 x30:0xfffffff4 x30=0xfffffff8
         189133	      9355	80005bfe	00a4c263	blt	x9,x10,80005c02	  x9:0x00000000 x10:0xfffffffb
         189293	      9363	80005c02	340066f3	csrrsi	x13,mscratch,0	 x13=0xffffffff
         189353	      9366	80005c06	00492883	lw	x17,4(x18)	 x18:0x80021ddc x17=0x80004b1c PA:0x80021de0 load:0x80004b1c
         189373	      9367	80005c0a	016719b3	sll	x19,x14,x22	 x14:0x00000001 x22:0xdd76a18d x19=0x00002000
         189393	      9368	80005c0e	8e4d	c.or	x12,x11	 x12:0xfffffff0 x11:0x00000008 x12=0xfffffff8
         189433	      9370	80005c10	00ea	c.slli	x1,0x1a	  x1:0x7d954238  x1=0xe0000000
         189453	      9371	80005c12	00ba5033	srl	x0,x20,x11	 x20:0xfffffc00 x11:0x00000008  x0=0x00000000
         189473	      9372	80005c16	8ef1	c.and	x13,x12	 x13:0xffffffff x12:0xfffffff8 x13=0xfffffff8
         189873	      9392	80005c18	84e1	c.srai	x9,0x18	  x9:0x00000000  x9=0x00000000
         189893	      9393	80005c1a	03890913	addi	x18,x18,56	 x18:0x80021ddc x18=0x80021e14
         189913	      9394	80005c1e	81387413	andi	x8,x16,-2029	 x16:0x00000001  x8=0x00000001
         190253	      9411	80005c22	00088a93	addi	x21,x17,0	 x17:0x80004b1c x21=0x80004b1c
         190273	      9412	80005c26	9a82	c.jalr	x21	 x21:0x80004b1c  x1=0x80005c28
         191093	      9453	80004b1c	40b8ddb3	sra	x27,x17,x11	 x17:0x80004b1c x11:0x00000008 x27=0xff80004b
         191633	      9480	80004b20	946e	c.add	x8,x27	  x8:0x00000001 x27:0xff80004b  x8=0xff80004c
         191673	      9482	80004b22	025f9833	mulh	x16,x31,x5	 x31:0x00000022  x5:0x80025ce4 x16=0xffffffef
         191693	      9483	80004b26	8e15	c.sub	x12,x13	 x12:0xfffffff8 x13:0xfffffff8 x12=0x00000000
         191713	      9484	80004b28	8cfa	c.mv	x25,x30	  x0:0x00000000 x30:0xfffffff8 x25=0xfffffff8
         191733	      9485	80004b2a	0fe018ef	jal	x17,80005c28	 x17=0x80004b2e
         191773	      9487	80005c28	01a5eeb3	or	x29,x11,x26	 x11:0x00000008 x26:0x83000018 x29=0x83000018
         191793	      9488	80005c2c	1901	c.addi	x18,-32	 x18:0x80021e14 x18=0x80021df4
         191813	      9489	80005c2e	9a7d	c.andi	x12,-1	 x12:0x00000000 x12=0x00000000
         191833	      9490	80005c30	41f90c33	sub	x24,x18,x31	 x18:0x80021df4 x31:0x00000022 x24=0x80021dd2
         191853	      9491	80005c34	9b7d	c.andi	x14,-1	 x14:0x00000001 x14=0x00000001
         192253	      9511	80005c36	401c5133	sra	x2,x24,x1	 x24:0x80021dd2  x1:0x80005c28  x2=0xff80021d
         192293	      9513	80005c3a	027217b3	mulh	x15,x4,x7	  x4:0x00000011  x7:0x0000e38a x15=0x00000000
         192313	      9514	80005c3e	8f35	c.xor	x14,x13	 x14:0x00000001 x13:0xfffffff8 x14=0xfffffff9
         192733	      9535	80005c40	01192223	sw	x17,4(x18)	 x18:0x80021df4 x17:0x80004b2e PA:0x80021df8 store:0x80004b2e
         192793	      9538	80005c44	34031273	csrrw	x4,mscratch,x6	  x6:0x87f7c000  x4=0xffffffff
         192933	      9545	80005c48	8d45	c.or	x10,x9	 x10:0xfffffffb  x9:0x00000000 x10=0xfffffffb
         192953	      9546	80005c4a	6b4a3013	sltiu	x0,x20,1716	 x20:0xfffffc00  x0=0x00000000
         193153	      9556	80005c4e	0ff0000f	fence	iorw,iorw	
         193173	      9557	80005c52	016cf333	and	x6,x25,x22	 x25:0xfffffff8 x22:0xdd76a18d  x6=0xdd76a188
         193913	      9594	80005c56	03bbe133	rem	x2,x23,x27	 x23:0x7ffde22c x27:0xff80004b  x2=0x007e2ce1
         193933	      9595	80005c5a	340029f3	csrrs	x19,mscratch,x0	  x0:0x00000000 x19=0x87f7c000
         193953	      9596	80005c5e	013d	c.addi	x2,15	  x2:0x007e2ce1  x2=0x007e2cf0
         193973	      9597	80005c60	8251	c.srli	x12,0x14	 x12:0x00000000 x12=0x00000000
         193993	      9598	80005c62	55c2e393	ori	x7,x5,1372	  x5:0x80025ce4  x7=0x80025dfc
         194013	      9599	80005c66	03097563	bgeu	x18,x16,80005c90	 x18:0x80021df4 x16:0xffffffef
         194033	      9600	80005c6a	00f2bf33	sltu	x30,x5,x15	  x5:0x80025ce4 x15:0x00000000 x30=0x00000000
         194053	      9601	80005c6e	9b7d	c.andi	x14,-1	 x14:0xfffffff9 x14=0xfffffff9
         194073	      9602	80005c70	6149	c.addi16sp	x2,144	  x2:0x007e2cf0  x2=0x007e2d80
         194093	      9603	80005c72	8eed	c.and	x13,x11	 x13:0xfffffff8 x11:0x00000008 x13=0x00000008
         194273	      9612	80005c74	340064f3	csrrsi	x9,mscratch,0	  x9=0x87f7c000
         194693	      9633	80005c78	34071e73	csrrw	x28,mscratch,x14	 x14:0xfffffff9 x28=0x87f7c000
         194713	      9634	80005c7c	e13e9717	auipc	x14,0xe13e9	 x14=0x613eec7c
         195633	      9680	80005c80	025171b3	remu	x3,x2,x5	  x2:0x007e2d80  x5:0x80025ce4  x3=0x007e2d80
         195653	      9681	80005c84	4d8a9a17	auipc	x20,0x4d8a9	 x20=0xcd8aec84
         195673	      9682	80005c88	340028f3	csrrs	x17,mscratch,x0	  x0:0x00000000 x17=0xfffffff9
         195693	      9683	80005c8c	f70c0113	addi	x2,x24,-144	 x24:0x80021dd2  x2=0x80021d42
         195833	      9690	80005c90	0001	c.addi	x0,0	  x0:0x00000000  x0=0x00000000
         195873	      9692	80005c92	021d94b3	mulh	x9,x27,x1	 x27:0xff80004b  x1:0x80005c28  x9=0x003fffac
         195933	      9695	80005c96	f89c6713	ori	x14,x24,-119	 x24:0x80021dd2 x14=0xffffffdb
         195993	      9698	80005c9a	0ff0000f	fence	iorw,iorw	
         196793	      9738	80005c9e	0228d4b3	divu	x9,x17,x2	 x17:0xfffffff9  x2:0x80021d42  x9=0x00000001
         196833	      9740	80005ca2	02c3b433	mulhu	x8,x7,x12	  x7:0x80025dfc x12:0x00000000  x8=0x00000000
         196853	      9741	80005ca6	0031b5b3	sltu	x11,x3,x3	  x3:0x007e2d80  x3:0x007e2d80 x11=0x00000000
         196873	      9742	80005caa	849d	c.srai	x9,0x7	  x9:0x00000001  x9=0x00000000
         196893	      9743	80005cac	8159	c.srli	x10,0x16	 x10:0xfffffffb x10=0x000003ff
         196933	      9745	80005cae	0254acb3	mulhsu	x25,x9,x5	  x9:0x00000000  x5:0x80025ce4 x25=0x00000000
         197153	      9756	80005cb2	41c55093	srai	x1,x10,0x1c	 x10:0x000003ff  x1=0x00000000
         197173	      9757	80005cb6	ce99	c.beqz	x13,80005cd4	 x13:0x00000008
         197193	      9758	80005cb8	0001	c.addi	x0,0	  x0:0x00000000  x0=0x00000000
         197213	      9759	80005cba	01401113	slli	x2,x0,0x14	  x0:0x00000000  x2=0x00000000
         197233	      9760	80005cbe	01665f33	srl	x30,x12,x22	 x12:0x00000000 x22:0xdd76a18d x30=0x00000000
         197253	      9761	80005cc2	00e75793	srli	x15,x14,0xe	 x14:0xffffffdb x15=0x0003ffff
         197333	      9765	80005cc6	340076f3	csrrci	x13,mscratch,0	 x13=0xfffffff9
         197353	      9766	80005cca	858a	c.mv	x11,x2	  x0:0x00000000  x2:0x00000000 x11=0x00000000
         197513	      9774	80005ccc	02010363	beq	x2,x0,80005cf2	  x2:0x00000000  x0:0x00000000
         198913	      9844	80005cf2	404583b3	sub	x7,x11,x4	 x11:0x00000000  x4:0xffffffff  x7=0x00000001
         198933	      9845	80005cf6	8e75	c.and	x12,x13	 x12:0x00000000 x13:0xfffffff9 x12=0x00000000
         198953	      9846	80005cf8	ebdbf893	andi	x17,x23,-323	 x23:0x7ffde22c x17=0x7ffde22c
         199053	      9851	80005cfc	0134b9b3	sltu	x19,x9,x19	  x9:0x00000000 x19:0x87f7c000 x19=0x00000001
         199213	      9859	80005d00	340038f3	csrrc	x17,mscratch,x0	  x0:0x00000000 x17=0xfffffff9
         199233	      9860	80005d04	01adce33	xor	x28,x27,x26	 x27:0xff80004b x26:0x83000018 x28=0x7c800053
         199433	      9870	80005d08	2e43fa13	andi	x20,x7,740	  x7:0x00000001 x20=0x00000000
         199453	      9871	80005d0c	02900433	mul	x8,x0,x9	  x0:0x00000000  x9:0x00000000  x8=0x00000000
         199613	      9879	80005d10	415a8733	sub	x14,x21,x21	 x21:0x80004b1c x21:0x80004b1c x14=0x00000000
         199733	      9885	80005d14	0aad	c.addi	x21,11	 x21:0x80004b1c x21=0x80004b27
         199933	      9895	80005d16	0174b0b3	sltu	x1,x9,x23	  x9:0x00000000 x23:0x7ffde22c  x1=0x00000001
         200073	      9902	80005d1a	419f03b3	sub	x7,x30,x25	 x30:0x00000000 x25:0x00000000  x7=0x00000000
         200093	      9903	80005d1e	01d34d33	xor	x26,x6,x29	  x6:0xdd76a188 x29:0x83000018 x26=0x5e76a190
         200113	      9904	80005d22	0001	c.addi	x0,0	  x0:0x00000000  x0=0x00000000
         200133	      9905	80005d24	340254f3	csrrwi	x9,mscratch,4	  x9=0xfffffff9
         200533	      9925	80005d28	88fa	c.mv	x17,x30	  x0:0x00000000 x30:0x00000000 x17=0x00000000
         200553	      9926	80005d2a	026f8c33	mul	x24,x31,x6	 x31:0x00000022  x6:0xdd76a188 x24=0x69c17410
         200693	      9933	80005d2e	0050d463	bge	x1,x5,80005d36	  x1:0x00000001  x5:0x80025ce4
         201613	      9979	80005d36	04cb0263	beq	x22,x12,80005d7a	 x22:0xdd76a18d x12:0x00000000
         201653	      9981	80005d3a	02023c33	mulhu	x24,x4,x0	  x4:0xffffffff  x0:0x00000000 x24=0x00000000
         201673	      9982	80005d3e	043d	c.addi	x8,15	  x8:0x00000000  x8=0x0000000f
         201833	      9990	80005d40	01e02233	slt	x4,x0,x30	  x0:0x00000000 x30:0x00000000  x4=0x00000000
         201853	      9991	80005d44	02e283b3	mul	x7,x5,x14	  x5:0x80025ce4 x14:0x00000000  x7=0x00000000
         201873	      9992	80005d48	03c18c33	mul	x24,x3,x28	  x3:0x007e2d80 x28:0x7c800053 x24=0xe8e8c080
         202293	     10013	80005d4c	340066f3	csrrsi	x13,mscratch,0	 x13=0x00000004
         202433	     10020	80005d50	027f67b3	rem	x15,x30,x7	 x30:0x00000000  x7:0x00000000 x15=0x00000000
         202733	     10035	80005d54	02f38633	mul	x12,x7,x15	  x7:0x00000000 x15:0x00000000 x12=0x00000000
         202753	     10036	80005d58	587d	c.li	x16,-1	 x16=0xffffffff
         202773	     10037	80005d5a	ce95	c.beqz	x13,80005d96	 x13:0x00000004
         202873	     10042	80005d5c	40a05a13	srai	x20,x0,0xa	  x0:0x00000000 x20=0x00000000
         202913	     10044	80005d60	020fa733	mulhsu	x14,x31,x0	 x31:0x00000022  x0:0x00000000 x14=0x00000000
         202933	     10045	80005d64	34003e73	csrrc	x28,mscratch,x0	  x0:0x00000000 x28=0x00000004
         203073	     10052	80005d68	0090d833	srl	x16,x1,x9	  x1:0x00000001  x9:0xfffffff9 x16=0x00000000
         203153	     10056	80005d6c	00796bb3	or	x23,x18,x7	 x18:0x80021df4  x7:0x00000000 x23=0x80021df4
         203193	     10058	80005d70	987d	c.andi	x8,-1	  x8:0x0000000f  x8=0x0000000f
         203213	     10059	80005d72	1dfd	c.addi	x27,-1	 x27:0xff80004b x27=0xff80004a
         203613	     10079	80005d74	340034f3	csrrc	x9,mscratch,x0	  x0:0x00000000  x9=0x00000004
         203633	     10080	80005d78	8336	c.mv	x6,x13	  x0:0x00000000 x13:0x00000004  x6=0x00000004
         203813	     10089	80005d7a	0037fb63	bgeu	x15,x3,80005d90	 x15:0x00000000  x3:0x007e2d80
         203913	     10094	80005d7e	0000100f	fence.i	
         204213	     10109	80005d82	02d5e263	bltu	x11,x13,80005da6	 x11:0x00000000 x13:0x00000004
         204833	     10140	80005da6	0000100f	fence.i	
         205033	     10150	80005daa	0001	c.addi	x0,0	  x0:0x00000000  x0=0x00000000
         205053	     10151	80005dac	417d5133	sra	x2,x26,x23	 x26:0x5e76a190 x23:0x80021df4  x2=0x000005e7
         205073	     10152	80005db0	e511	c.bnez	x10,80005dbc	 x10:0x000003ff
         205693	     10183	80005dbc	cc8d	c.beqz	x9,80005df6	  x9:0x00000004
         206513	     10224	80005dbe	02536a33	rem	x20,x6,x5	  x6:0x00000004  x5:0x80025ce4 x20=0x00000004
         206533	     10225	80005dc2	40c259b3	sra	x19,x4,x12	  x4:0x00000000 x12:0x00000000 x19=0x00000000
         206553	     10226	80005dc6	4f0ce3b7	lui	x7,0x4f0ce	  x7=0x4f0ce000
         206573	     10227	80005dca	02ca0fb3	mul	x31,x20,x12	 x20:0x00000004 x12:0x00000000 x31=0x00000000
         206593	     10228	80005dce	00489c63	bne	x17,x4,80005de6	 x17:0x00000000  x4:0x00000000
         206613	     10229	80005dd2	0000100f	fence.i	
         208193	     10308	80005dd6	023ddeb3	divu	x29,x27,x3	 x27:0xff80004a  x3:0x007e2d80 x29=0x00000206
         208213	     10309	80005dda	02fa8333	mul	x6,x21,x15	 x21:0x80004b27 x15:0x00000000  x6=0x00000000
         208253	     10311	80005dde	0300c9b3	div	x19,x1,x16	  x1:0x00000001 x16:0x00000000 x19=0xffffffff
         208273	     10312	80005de2	34009c73	csrrw	x24,mscratch,x1	  x1:0x00000001 x24=0x00000004
         208313	     10314	80005de6	02553db3	mulhu	x27,x10,x5	 x10:0x000003ff  x5:0x80025ce4 x27=0x000001ff
         208333	     10315	80005dea	01d1edb3	or	x27,x3,x29	  x3:0x007e2d80 x29:0x00000206 x27=0x007e2f86
         208753	     10336	80005dee	0301a233	mulhsu	x4,x3,x16	  x3:0x007e2d80 x16:0x00000000  x4=0x00000000
         209053	     10351	80005df2	03d18033	mul	x0,x3,x29	  x3:0x007e2d80 x29:0x00000206  x0=0x00000000
         209073	     10352	80005df6	340919f3	csrrw	x19,mscratch,x18	 x18:0x80021df4 x19=0x00000001
         209493	     10373	80005dfa	0ff0000f	fence	iorw,iorw	
         209513	     10374	80005dfe	53fd	c.li	x7,-1	  x7=0xffffffff
         209533	     10375	80005e00	0001	c.addi	x0,0	  x0:0x00000000  x0=0x00000000
         209933	     10395	80005e02	40d05313	srai	x6,x0,0xd	  x0:0x00000000  x6=0x00000000
         209953	     10396	80005e06	01ceca63	blt	x29,x28,80005e1a	 x29:0x00000206 x28:0x00000004
         209993	     10398	80005e0a	03fa44b3	div	x9,x20,x31	 x20:0x00000004 x31:0x00000000  x9=0xffffffff
         210013	     10399	80005e0e	0688	c.addi4spn	x10,x2,832	 x10=0x00000927
         210033	     10400	80005e10	340ebef3	csrrc	x29,mscratch,x29	 x29:0x00000206 x29=0x80021df4
         210213	     10409	80005e14	02229433	mulh	x8,x5,x2	  x5:0x80025ce4  x2:0x000005e7  x8=0xfffffd0c
         210333	     10415	80005e18	00d6	c.slli	x1,0x15	  x1:0x00000001  x1=0x00200000
         210373	     10417	80005e1a	031b73b3	remu	x7,x22,x17	 x22:0xdd76a18d x17:0x00000000  x7=0xdd76a18d
         210393	     10418	80005e1e	7a0ffd93	andi	x27,x31,1952	 x31:0x00000000 x27=0x00000000
         210433	     10420	80005e22	34002af3	csrrs	x21,mscratch,x0	  x0:0x00000000 x21=0x80021df0
         210473	     10422	80005e26	00a74233	xor	x4,x14,x10	 x14:0x00000000 x10:0x00000927  x4=0x00000927
         210493	     10423	80005e2a	8d75	c.and	x10,x13	 x10:0x00000927 x13:0x00000004 x10=0x00000004
         210513	     10424	80005e2c	340efa73	csrrci	x20,mscratch,29	 x20=0x80021df0
         210533	     10425	80005e30	8cea	c.mv	x25,x26	  x0:0x00000000 x26:0x5e76a190 x25=0x5e76a190
         210673	     10432	80005e32	80dcaa93	slti	x21,x25,-2035	 x25:0x5e76a190 x21=0x00000000
         210993	     10448	80005e36	00ca0c63	beq	x20,x12,80005e4e	 x20:0x80021df0 x12:0x00000000
         211013	     10449	80005e3a	018d69b3	or	x19,x26,x24	 x26:0x5e76a190 x24:0x00000004 x19=0x5e76a194
         211053	     10451	80005e3e	01c4bc33	sltu	x24,x9,x28	  x9:0xffffffff x28:0x00000004 x24=0x00000000
         211093	     10453	80005e42	b115f813	andi	x16,x11,-1263	 x11:0x00000000 x16=0x00000000
         211513	     10474	80005e46	f31ab193	sltiu	x3,x21,-207	 x21:0x00000000  x3=0x00000001
         212253	     10511	80005e4a	025dd4b3	divu	x9,x27,x5	 x27:0x00000000  x5:0x80025ce4  x9=0x00000000
         212273	     10512	80005e4e	90e2	c.add	x1,x24	  x1:0x00200000 x24:0x00000000  x1=0x00200000
         212313	     10514	80005e50	020a34b3	mulhu	x9,x20,x0	 x20:0x80021df0  x0:0x00000000  x9=0x00000000
         212333	     10515	80005e54	41e003b3	sub	x7,x0,x30	  x0:0x00000000 x30:0x00000000  x7=0x00000000
         212353	     10516	80005e58	8649	c.srai	x12,0x12	 x12:0x00000000 x12=0x00000000
         212373	     10517	80005e5a	8c35	c.xor	x8,x13	  x8:0xfffffd0c x13:0x00000004  x8=0xfffffd08
         212393	     10518	80005e5c	e7550317	auipc	x6,0xe7550	  x6=0x67555e5c
         212413	     10519	80005e60	9822	c.add	x16,x8	 x16:0x00000000  x8:0xfffffd08 x16=0xfffffd08
         212433	     10520	80005e62	099a	c.slli	x19,0x6	 x19:0x5e76a194 x19=0x9da86500
         212453	     10521	80005e64	6115	c.addi16sp	x2,288	  x2:0x000005e7  x2=0x00000707
         212473	     10522	80005e66	1618	c.addi4spn	x14,x2,800	 x14=0x00000a27
         212653	     10531	80005e68	01bdaf33	slt	x30,x27,x27	 x27:0x00000000 x27:0x00000000 x30=0x00000000
         212813	     10539	80005e6c	9d8e	c.add	x27,x3	 x27:0x00000000  x3:0x00000001 x27=0x00000001
         212833	     10540	80005e6e	19fd	c.addi	x19,-1	 x19:0x9da86500 x19=0x9da864ff
         212853	     10541	80005e70	020d6663	bltu	x26,x0,80005e9c	 x26:0x5e76a190  x0:0x00000000
         213253	     10561	80005e74	0466f063	bgeu	x13,x6,80005eb4	 x13:0x00000004  x6:0x67555e5c
         213353	     10566	80005e78	ec974593	xori	x11,x14,-311	 x14:0x00000a27 x11=0xfffff4ee
         213773	     10587	80005e7c	03b58ab3	mul	x21,x11,x27	 x11:0xfffff4ee x27:0x00000001 x21=0xfffff4ee
         213973	     10597	80005e80	403dda93	srai	x21,x27,0x3	 x27:0x00000001 x21=0x00000000
         214353	     10616	80005e84	8d19	c.sub	x10,x14	 x10:0x00000004 x14:0x00000a27 x10=0xfffff5dd
         214373	     10617	80005e86	41590eb3	sub	x29,x18,x21	 x18:0x80021df4 x21:0x00000000 x29=0x80021df4
         214393	     10618	80005e8a	34006cf3	csrrsi	x25,mscratch,0	 x25=0x80021de0
         214413	     10619	80005e8e	bf794f37	lui	x30,0xbf794	 x30=0xbf794000
         214433	     10620	80005e92	8559	c.srai	x10,0x16	 x10:0xfffff5dd x10=0xffffffff
         214453	     10621	80005e94	07f5	c.addi	x15,29	 x15:0x00000000 x15=0x0000001d
         214473	     10622	80005e96	024a	c.slli	x4,0x12	  x4:0x00000927  x4=0x249c0000
         215233	     10660	80005e98	02ba6e33	rem	x28,x20,x11	 x20:0x80021df0 x11:0xfffff4ee x28=0xfffffe48
         215253	     10661	80005e9c	34061073	csrrw	x0,mscratch,x12	 x12:0x00000000  x0=0x00000000
         215993	     10698	80005ea0	03bad1b3	divu	x3,x21,x27	 x21:0x00000000 x27:0x00000001  x3=0x00000000
         216013	     10699	80005ea4	41900bb3	sub	x23,x0,x25	  x0:0x00000000 x25:0x80021de0 x23=0x7ffde220
         216753	     10736	80005ea8	03a24ab3	div	x21,x4,x26	  x4:0x249c0000 x26:0x5e76a190 x21=0x00000000
         216773	     10737	80005eac	8cb1	c.xor	x9,x12	  x9:0x00000000 x12:0x00000000  x9=0x00000000
         216793	     10738	80005eae	6c8d	c.lui	x25,0x3	 x25=0x00003000
         216813	     10739	80005eb0	01e06d63	bltu	x0,x30,80005eca	  x0:0x00000000 x30:0xbf794000
         217033	     10750	80005eca	8295	c.srli	x13,0x5	 x13:0x00000004 x13=0x00000000
         217093	     10753	80005ecc	03f00133	mul	x2,x0,x31	  x0:0x00000000 x31:0x00000000  x2=0x00000000
         217393	     10768	80005ed0	03230163	beq	x6,x18,80005ef2	  x6:0x67555e5c x18:0x80021df4
         217413	     10769	80005ed4	05181263	bne	x16,x17,80005f18	 x16:0xfffffd08 x17:0x00000000
         217573	     10777	80005f18	8d61	c.and	x10,x8	 x10:0xffffffff  x8:0xfffffd08 x10=0xfffffd08
         217593	     10778	80005f1a	01757563	bgeu	x10,x23,80005f24	 x10:0xfffffd08 x23:0x7ffde220
         218053	     10801	80005f24	022dd3b3	divu	x7,x27,x2	 x27:0x00000001  x2:0x00000000  x7=0xffffffff
         218273	     10812	80005f28	fc8c0c93	addi	x25,x24,-56	 x24:0x00000000 x25=0xffffffc8
         218433	     10820	80005f2c	8c51	c.or	x8,x12	  x8:0xfffffd08 x12:0x00000000  x8=0xfffffd08
         218453	     10821	80005f2e	00520633	add	x12,x4,x5	  x4:0x249c0000  x5:0x80025ce4 x12=0xa49e5ce4
         218873	     10842	80005f32	006b8fb3	add	x31,x23,x6	 x23:0x7ffde220  x6:0x67555e5c x31=0xe753407c
         218893	     10843	80005f36	340fdf73	csrrwi	x30,mscratch,31	 x30=0x00000000
         218933	     10845	80005f3a	02ef10b3	mulh	x1,x30,x14	 x30:0x00000000 x14:0x00000a27  x1=0x00000000
         218953	     10846	80005f3e	41e48fb3	sub	x31,x9,x30	  x9:0x00000000 x30:0x00000000 x31=0x00000000
         219353	     10866	80005f42	01529093	slli	x1,x5,0x15	  x5:0x80025ce4  x1=0x9c800000
         219373	     10867	80005f46	865d	c.srai	x12,0x17	 x12:0xa49e5ce4 x12=0xffffff49
         219393	     10868	80005f48	0000100f	fence.i	
         220253	     10911	80005f4c	7d3d0413	addi	x8,x26,2003	 x26:0x5e76a190  x8=0x5e76a963
         220273	     10912	80005f50	e80d	c.bnez	x8,80005f82	  x8:0x5e76a963
         220733	     10935	80005f82	013f9bb3	sll	x23,x31,x19	 x31:0x00000000 x19:0x9da864ff x23=0x00000000
         221153	     10956	80005f86	000f85b3	add	x11,x31,x0	 x31:0x00000000  x0:0x00000000 x11=0x00000000
         221173	     10957	80005f8a	e591	c.bnez	x11,80005f96	 x11:0x00000000
         221213	     10959	80005f8c	0ff0000f	fence	iorw,iorw	
         221273	     10962	80005f90	04905263	bge	x0,x9,80005fd4	  x0:0x00000000  x9:0x00000000
         222153	     11006	80005fd4	0068ed63	bltu	x17,x6,80005fee	 x17:0x00000000  x6:0x67555e5c
         222953	     11046	80005fee	8f71	c.and	x14,x12	 x14:0x00000a27 x12:0xffffff49 x14=0x00000a01
         223153	     11056	80005ff0	8ee1	c.and	x13,x8	 x13:0x00000000  x8:0x5e76a963 x13=0x00000000
         223273	     11062	80005ff2	b20d7c13	andi	x24,x26,-1248	 x26:0x5e76a190 x24=0x5e76a100
         223313	     11064	80005ff6	02023c33	mulhu	x24,x4,x0	  x4:0x249c0000  x0:0x00000000 x24=0x00000000
         223353	     11066	80005ffa	021813b3	mulh	x7,x16,x1	 x16:0xfffffd08  x1:0x9c800000  x7=0x00000127
         223733	     11085	80005ffe	3407a8f3	csrrs	x17,mscratch,x15	 x15:0x0000001d x17=0x0000001f
         223793	     11088	80006002	fbb1e537	lui	x10,0xfbb1e	 x10=0xfbb1e000
         224213	     11109	80006006	00fadf13	srli	x30,x21,0xf	 x21:0x00000000 x30=0x00000000
         224953	     11146	8000600a	02f7edb3	rem	x27,x15,x15	 x15:0x0000001d x15:0x0000001d x27=0x00000000
         224973	     11147	8000600e	340cd9f3	csrrwi	x19,mscratch,25	 x19=0x0000001f
         224993	     11148	80006012	717d	c.addi16sp	x2,-16	  x2:0x00000000  x2=0xfffffff0
         225013	     11149	80006014	00a4f563	bgeu	x9,x10,8000601e	  x9:0x00000000 x10:0xfbb1e000
         225033	     11150	80006018	9a7d	c.andi	x12,-1	 x12:0xffffff49 x12=0xffffff49
         225053	     11151	8000601a	014d5a93	srli	x21,x26,0x14	 x26:0x5e76a190 x21=0x000005e7
         225073	     11152	8000601e	703ae193	ori	x3,x21,1795	 x21:0x000005e7  x3=0x000007e7
         225093	     11153	80006022	0000100f	fence.i	
         225373	     11167	80006026	54bd6fb7	lui	x31,0x54bd6	 x31=0x54bd6000
         225393	     11168	8000602a	90ea	c.add	x1,x26	  x1:0x9c800000 x26:0x5e76a190  x1=0xfaf6a190
         225633	     11180	8000602c	ec1d	c.bnez	x8,8000606a	  x8:0x5e76a963
         225953	     11196	8000606a	3d82d597	auipc	x11,0x3d82d	 x11=0xbd83306a
         225973	     11197	8000606e	001ef663	bgeu	x29,x1,8000607a	 x29:0x80021df4  x1:0xfaf6a190
         225993	     11198	80006072	0ff0000f	fence	iorw,iorw	
         226333	     11215	80006076	34003673	csrrc	x12,mscratch,x0	  x0:0x00000000 x12=0x00000019
         227473	     11272	8000607a	03a37433	remu	x8,x6,x26	  x6:0x67555e5c x26:0x5e76a190  x8=0x08debccc
         227493	     11273	8000607e	3408e173	csrrsi	x2,mscratch,17	  x2=0x00000019
         227533	     11275	80006082	02b6a133	mulhsu	x2,x13,x11	 x13:0x00000000 x11:0xbd83306a  x2=0x00000000
         227553	     11276	80006086	41a55c33	sra	x24,x10,x26	 x10:0xfbb1e000 x26:0x5e76a190 x24=0xfffffbb1
         227573	     11277	8000608a	cda93213	sltiu	x4,x18,-806	 x18:0x80021df4  x4=0x00000001
         227593	     11278	8000608e	8d41	c.or	x10,x8	 x10:0xfbb1e000  x8:0x08debccc x10=0xfbfffccc
         227613	     11279	80006090	8752	c.mv	x14,x20	  x0:0x00000000 x20:0x80021df0 x14=0x80021df0
         227653	     11281	80006092	00b6a7b3	slt	x15,x13,x11	 x13:0x00000000 x11:0xbd83306a x15=0x00000000
         227673	     11282	80006096	01e48a33	add	x20,x9,x30	  x9:0x00000000 x30:0x00000000 x20=0x00000000
         227693	     11283	8000609a	66a5fa93	andi	x21,x11,1642	 x11:0xbd83306a x21=0x0000006a
         227713	     11284	8000609e	34006a73	csrrsi	x20,mscratch,0	 x20=0x00000019
         227733	     11285	800060a2	d477a597	auipc	x11,0xd477a	 x11=0x547800a2
         227753	     11286	800060a6	0001	c.addi	x0,0	  x0:0x00000000  x0=0x00000000
         227773	     11287	800060a8	01d90563	beq	x18,x29,800060b2	 x18:0x80021df4 x29:0x80021df4
         228133	     11305	800060b2	00be2db3	slt	x27,x28,x11	 x28:0xfffffe48 x11:0x547800a2 x27=0x00000001
         228153	     11306	800060b6	e915	c.bnez	x10,800060ea	 x10:0xfbfffccc
         229513	     11374	800060ea	02c3d5b3	divu	x11,x7,x12	  x7:0x00000127 x12:0x00000019 x11=0x0000000b
         229533	     11375	800060ee	ee01	c.bnez	x12,80006106	 x12:0x00000019
         229973	     11397	80006106	d68bbe37	lui	x28,0xd68bb	 x28=0xd68bb000
         229993	     11398	8000610a	01398ab3	add	x21,x19,x19	 x19:0x0000001f x19:0x0000001f x21=0x0000003e
         230013	     11399	8000610e	187d	c.addi	x16,-1	 x16:0xfffffd08 x16=0xfffffd07
         230033	     11400	80006110	01df7f63	bgeu	x30,x29,8000612e	 x30:0x00000000 x29:0x80021df4
         230053	     11401	80006114	8c81	c.sub	x9,x8	  x9:0x00000000  x8:0x08debccc  x9=0xf7214334
         230793	     11438	80006116	0265e633	rem	x12,x11,x6	 x11:0x0000000b  x6:0x67555e5c x12=0x0000000b
         230813	     11439	8000611a	02a0f063	bgeu	x1,x10,8000613a	  x1:0xfaf6a190 x10:0xfbfffccc
         231553	     11476	8000611e	028b5a33	divu	x20,x22,x8	 x22:0xdd76a18d  x8:0x08debccc x20=0x00000018
         231573	     11477	80006122	0586	c.slli	x11,0x1	 x11:0x0000000b x11=0x00000016
         231593	     11478	80006124	00ba59b3	srl	x19,x20,x11	 x20:0x00000018 x11:0x00000016 x19=0x00000000
         231613	     11479	80006128	340aad73	csrrs	x26,mscratch,x21	 x21:0x0000003e x26=0x00000019
         231633	     11480	8000612c	8dad	c.xor	x11,x11	 x11:0x00000016 x11:0x00000016 x11=0x00000000
         231653	     11481	8000612e	80ea	c.mv	x1,x26	  x0:0x00000000 x26:0x00000019  x1=0x00000019
         231673	     11482	80006130	4125de13	srai	x28,x11,0x12	 x11:0x00000000 x28=0x00000000
         231693	     11483	80006134	95ee	c.add	x11,x27	 x11:0x00000000 x27:0x00000001 x11=0x00000001
         231713	     11484	80006136	402b5233	sra	x4,x22,x2	 x22:0xdd76a18d  x2:0x00000000  x4=0xdd76a18d
         232053	     11501	8000613a	0226e733	rem	x14,x13,x2	 x13:0x00000000  x2:0x00000000 x14=0x00000000
         232393	     11518	8000613e	00f51db3	sll	x27,x10,x15	 x10:0xfbfffccc x15:0x00000000 x27=0xfbfffccc
         232433	     11520	80006142	0233af33	mulhsu	x30,x7,x3	  x7:0x00000127  x3:0x000007e7 x30=0x00000000
         232633	     11530	80006146	fe1bb693	sltiu	x13,x23,-31	 x23:0x00000000 x13=0x00000001
         232773	     11537	8000614a	6044e513	ori	x10,x9,1540	  x9:0xf7214334 x10=0xf7214734
         232933	     11545	8000614e	03f70433	mul	x8,x14,x31	 x14:0x00000000 x31:0x54bd6000  x8=0x00000000
         233133	     11555	80006152	6d8fb813	sltiu	x16,x31,1752	 x31:0x54bd6000 x16=0x00000000
         233153	     11556	80006156	34002073	csrrs	x0,mscratch,x0	  x0:0x00000000  x0=0x00000000
         233193	     11558	8000615a	033f69b3	rem	x19,x30,x19	 x30:0x00000000 x19:0x00000000 x19=0x00000000
         233213	     11559	8000615e	032a8233	mul	x4,x21,x18	 x21:0x0000003e x18:0x80021df4  x4=0x00834118
         233233	     11560	80006162	0001	c.addi	x0,0	  x0:0x00000000  x0=0x00000000
         233393	     11568	80006164	0001	c.addi	x0,0	  x0:0x00000000  x0=0x00000000
         233413	     11569	80006166	8cb9	c.xor	x9,x14	  x9:0xf7214334 x14:0x00000000  x9=0xf7214334
         233673	     11582	80006168	efc8a693	slti	x13,x17,-260	 x17:0x0000001f x13=0x00000000
         233693	     11583	8000616c	137d	c.addi	x6,-1	  x6:0x67555e5c  x6=0x67555e5b
         233713	     11584	8000616e	1594	c.addi4spn	x13,x2,736	 x13=0x000002e0
         233733	     11585	80006170	cf99	c.beqz	x15,8000618e	 x15:0x00000000
         234453	     11621	8000618e	88e9	c.andi	x9,26	  x9:0xf7214334  x9=0x00000010
         234553	     11626	80006190	00e43533	sltu	x10,x8,x14	  x8:0x00000000 x14:0x00000000 x10=0x00000000
         234573	     11627	80006194	8c05	c.sub	x8,x9	  x8:0x00000000  x9:0x00000010  x8=0xfffffff0
         234593	     11628	80006196	6465	c.lui	x8,0x19	  x8=0x00019000
         234633	     11630	80006198	02eae5b3	rem	x11,x21,x14	 x21:0x0000003e x14:0x00000000 x11=0x0000003e
         234673	     11632	8000619c	0308	c.addi4spn	x10,x2,384	 x10=0x00000180
         234693	     11633	8000619e	86d9	c.srai	x13,0x16	 x13:0x000002e0 x13=0x00000000
         234713	     11634	800061a0	8ca5	c.xor	x9,x9	  x9:0x00000010  x9:0x00000010  x9=0x00000000
         234733	     11635	800061a2	03259463	bne	x11,x18,800061ca	 x11:0x0000003e x18:0x80021df4
         235693	     11683	800061ca	612d	c.addi16sp	x2,224	  x2:0x00000000  x2=0x000000e0
         235713	     11684	800061cc	745b2cb7	lui	x25,0x745b2	 x25=0x745b2000
         235873	     11692	800061d0	3407dbf3	csrrwi	x23,mscratch,15	 x23=0x0000003f
         235973	     11697	800061d4	00029793	slli	x15,x5,0x0	  x5:0x80025ce4 x15=0x80025ce4
         237113	     11754	800061d8	037358b3	divu	x17,x6,x23	  x6:0x67555e5b x23:0x0000003f x17=0x01a3e50d
         237133	     11755	800061dc	43ad	c.li	x7,11	  x7=0x0000000b
         237153	     11756	800061de	0ff0000f	fence	iorw,iorw	
         237173	     11757	800061e2	01d22233	slt	x4,x4,x29	  x4:0x00834118 x29:0x80021df4  x4=0x00000000
         237193	     11758	800061e6	01e713b3	sll	x7,x14,x30	 x14:0x00000000 x30:0x00000000  x7=0x00000000
         237213	     11759	800061ea	08c30513	addi	x10,x6,140	  x6:0x67555e5b x10=0x67555ee7
         237353	     11766	800061ee	021c1d33	mulh	x26,x24,x1	 x24:0xfffffbb1  x1:0x00000019 x26=0xffffffff
         237373	     11767	800061f2	917ea613	slti	x12,x29,-1769	 x29:0x80021df4 x12=0x00000001
         237393	     11768	800061f6	0001	c.addi	x0,0	  x0:0x00000000  x0=0x00000000
         237513	     11774	800061f8	0209acb3	mulhsu	x25,x19,x0	 x19:0x00000000  x0:0x00000000 x25=0x00000000
         237533	     11775	800061fc	414d83b3	sub	x7,x27,x20	 x27:0xfbfffccc x20:0x00000018  x7=0xfbfffcb4
         237893	     11793	80006200	4405	c.li	x8,1	  x8=0x00000001
         237953	     11796	80006202	03796163	bltu	x18,x23,80006224	 x18:0x80021df4 x23:0x0000003f
         238013	     11799	80006206	00e0ef33	or	x30,x1,x14	  x1:0x00000019 x14:0x00000000 x30=0x00000019
         238213	     11809	8000620a	340ca9f3	csrrs	x19,mscratch,x25	 x25:0x00000000 x19=0x0000000f
         238233	     11810	8000620e	06e9	c.addi	x13,26	 x13:0x00000000 x13=0x0000001a
         238273	     11812	80006210	0041d5b3	srl	x11,x3,x4	  x3:0x000007e7  x4:0x00000000 x11=0x000007e7
         238293	     11813	80006214	c78d	c.beqz	x15,8000623e	 x15:0x80025ce4
         238433	     11820	80006216	34006d73	csrrsi	x26,mscratch,0	 x26=0x0000000f
         238453	     11821	8000621a	81ad	c.srli	x11,0xb	 x11:0x000007e7 x11=0x00000000
         238473	     11822	8000621c	414dd5b3	sra	x11,x27,x20	 x27:0xfbfffccc x20:0x00000018 x11=0xfffffffb
         238513	     11824	80006220	40aa8c33	sub	x24,x21,x10	 x21:0x0000003e x10:0x67555ee7 x24=0x98aaa157
         238533	     11825	80006224	015b5813	srli	x16,x22,0x15	 x22:0xdd76a18d x16=0x000006eb
         238553	     11826	80006228	023a8033	mul	x0,x21,x3	 x21:0x0000003e  x3:0x000007e7  x0=0x00000000
         238973	     11847	8000622c	93b80893	addi	x17,x16,-1733	 x16:0x000006eb x17=0x00000026
         239153	     11856	80006230	01d47633	and	x12,x8,x29	  x8:0x00000001 x29:0x80021df4 x12=0x00000000
         239293	     11863	80006234	01ad64b3	or	x9,x26,x26	 x26:0x0000000f x26:0x0000000f  x9=0x0000000f
         239433	     11870	80006238	00007bb3	and	x23,x0,x0	  x0:0x00000000  x0:0x00000000 x23=0x00000000
         239633	     11880	8000623c	61f5	c.lui	x3,0x1d	  x3=0x0001d000
         240053	     11901	8000623e	412e0133	sub	x2,x28,x18	 x28:0x00000000 x18:0x80021df4  x2=0x7ffde20c
         240073	     11902	80006242	d08c4a93	xori	x21,x24,-760	 x24:0x98aaa157 x21=0x67555c5f
         240113	     11904	80006246	022a9eb3	mulh	x29,x21,x2	 x21:0x67555c5f  x2:0x7ffde20c x29=0x33a9d36d
         240133	     11905	8000624a	006518b3	sll	x17,x10,x6	 x10:0x67555ee7  x6:0x67555e5b x17=0x38000000
         240153	     11906	8000624e	8135	c.srli	x10,0xd	 x10:0x67555ee7 x10=0x00033aaa
         240173	     11907	80006250	02556a63	bltu	x10,x5,80006284	 x10:0x00033aaa  x5:0x80025ce4
         240273	     11912	80006284	340031f3	csrrc	x3,mscratch,x0	  x0:0x00000000  x3=0x0000000f
         240813	     11939	80006288	01ea8133	add	x2,x21,x30	 x21:0x67555c5f x30:0x00000019  x2=0x67555c78
         240873	     11942	8000628c	0000100f	fence.i	
         241153	     11956	80006290	0195eeb3	or	x29,x11,x25	 x11:0xfffffffb x25:0x00000000 x29=0xfffffffb
         241173	     11957	80006294	8321	c.srli	x14,0x8	 x14:0x00000000 x14=0x00000000
         241193	     11958	80006296	cb19	c.beqz	x14,800062ac	 x14:0x00000000
         241533	     11975	800062ac	8ef9	c.and	x13,x14	 x13:0x0000001a x14:0x00000000 x13=0x00000000
         241553	     11976	800062ae	400e8c33	sub	x24,x29,x0	 x29:0xfffffffb  x0:0x00000000 x24=0xfffffffb
         241693	     11983	800062b2	340b6e73	csrrsi	x28,mscratch,22	 x28=0x0000000f
         241713	     11984	800062b6	8fa1	c.xor	x15,x8	 x15:0x80025ce4  x8:0x00000001 x15=0x80025ce5
         241853	     11991	800062b8	6555	c.lui	x10,0x15	 x10=0x00015000
         241933	     11995	800062ba	4100dd93	srai	x27,x1,0x10	  x1:0x00000019 x27=0x00000000
         241953	     11996	800062be	98fd	c.andi	x9,-1	  x9:0x0000000f  x9=0x0000000f
         241973	     11997	800062c0	01c6	c.slli	x3,0x11	  x3:0x0000000f  x3=0x001e0000
         241993	     11998	800062c2	00be1db3	sll	x27,x28,x11	 x28:0x0000000f x11:0xfffffffb x27=0x78000000
         242013	     11999	800062c6	82f5	c.srli	x13,0x1d	 x13:0x00000000 x13=0x00000000
         242033	     12000	800062c8	8fa9	c.xor	x15,x10	 x15:0x80025ce5 x10:0x00015000 x15=0x80030ce5
         242053	     12001	800062ca	4559	c.li	x10,22	 x10=0x00000016
         242073	     12002	800062cc	006fe733	or	x14,x31,x6	 x31:0x54bd6000  x6:0x67555e5b x14=0x77fd7e5b
         242093	     12003	800062d0	856d	c.srai	x10,0x1b	 x10:0x00000016 x10=0x00000000
         242113	     12004	800062d2	120f6c13	ori	x24,x30,288	 x30:0x00000019 x24=0x00000139
         242133	     12005	800062d6	016fd893	srli	x17,x31,0x16	 x31:0x54bd6000 x17=0x00000152
         242153	     12006	800062da	019c	c.addi4spn	x15,x2,192	 x15=0x67555d38
         242173	     12007	800062dc	0001	c.addi	x0,0	  x0:0x00000000  x0=0x00000000
         242333	     12015	800062de	0000100f	fence.i	
         242753	     12036	800062e2	0000100f	fence.i	
         243013	     12049	800062e6	ce1d	c.beqz	x12,80006324	 x12:0x00000000
         243173	     12057	80006324	0128c663	blt	x17,x18,80006330	 x17:0x00000152 x18:0x80021df4
         243313	     12064	80006328	ef654c17	auipc	x24,0xef654	 x24=0x6f65a328
         243573	     12077	8000632c	03b45563	bge	x8,x27,80006356	  x8:0x00000001 x27:0x78000000
         243613	     12079	80006330	02c34e33	div	x28,x6,x12	  x6:0x67555e5b x12:0x00000000 x28=0xffffffff
         243633	     12080	80006334	0000100f	fence.i	
         245213	     12159	80006338	02eb7fb3	remu	x31,x22,x14	 x22:0xdd76a18d x14:0x77fd7e5b x31=0x65792332
         245233	     12160	8000633c	8d59	c.or	x10,x14	 x10:0x00000000 x14:0x77fd7e5b x10=0x77fd7e5b
         245253	     12161	8000633e	0001	c.addi	x0,0	  x0:0x00000000  x0=0x00000000
         245273	     12162	80006340	8f79	c.and	x14,x14	 x14:0x77fd7e5b x14:0x77fd7e5b x14=0x77fd7e5b
         245293	     12163	80006342	86d9	c.srai	x13,0x16	 x13:0x00000000 x13=0x00000000
         246033	     12200	80006344	0223ccb3	div	x25,x7,x2	  x7:0xfbfffcb4  x2:0x67555c78 x25=0x00000000
         246053	     12201	80006348	00da5e63	bge	x20,x13,80006364	 x20:0x00000018 x13:0x00000000
         246133	     12205	80006364	e195	c.bnez	x11,80006388	 x11:0xfffffffb
         246433	     12220	80006388	45e29817	auipc	x16,0x45e29	 x16=0xc5e2f388
         246473	     12222	8000638c	5e7d	c.li	x28,-1	 x28=0xffffffff
         246493	     12223	8000638e	0ff0000f	fence	iorw,iorw	
         246913	     12244	80006392	40825db3	sra	x27,x4,x8	  x4:0x00000000  x8:0x00000001 x27=0x00000000
         246933	     12245	80006396	01129b93	slli	x23,x5,0x11	  x5:0x80025ce4 x23=0xb9c80000
         246953	     12246	8000639a	0001	c.addi	x0,0	  x0:0x00000000  x0=0x00000000
         246973	     12247	8000639c	8572	c.mv	x10,x28	  x0:0x00000000 x28:0xffffffff x10=0xffffffff
         247153	     12256	8000639e	01e7fc33	and	x24,x15,x30	 x15:0x67555d38 x30:0x00000019 x24=0x00000018
         247173	     12257	800063a2	66bd	c.lui	x13,0xf	 x13=0x0000f000
         255913	     12694	800063a4	a8fec213	xori	x4,x29,-1393	 x29:0xfffffffb  x4=0x00000574
         255933	     12695	800063a8	01579d63	bne	x15,x21,800063c2	 x15:0x67555d38 x21:0x67555c5f
         256133	     12705	800063c2	0001	c.addi	x0,0	  x0:0x00000000  x0=0x00000000
         256153	     12706	800063c4	340ed173	csrrwi	x2,mscratch,29	  x2=0x0000001f
         256233	     12710	800063c8	01477333	and	x6,x14,x20	 x14:0x77fd7e5b x20:0x00000018  x6=0x00000018
         256613	     12729	800063cc	002fef63	bltu	x31,x2,800063ea	 x31:0x65792332  x2:0x0000001f
         256633	     12730	800063d0	6fef0513	addi	x10,x30,1790	 x30:0x00000019 x10=0x00000717
         257013	     12749	800063d4	02715363	bge	x2,x7,800063fa	  x2:0x0000001f  x7:0xfbfffcb4
         257573	     12777	800063fa	90e2	c.add	x1,x24	  x1:0x00000019 x24:0x00000018  x1=0x00000031
         257993	     12798	800063fc	54dae893	ori	x17,x21,1357	 x21:0x67555c5f x17=0x67555d5f
         258013	     12799	80006400	00f99db3	sll	x27,x19,x15	 x19:0x0000000f x15:0x67555d38 x27=0x0f000000
         258433	     12820	80006404	4ffa4093	xori	x1,x20,1279	 x20:0x00000018  x1=0x000004e7
         258473	     12822	80006408	02af19b3	mulh	x19,x30,x10	 x30:0x00000019 x10:0x00000717 x19=0x00000000
         258633	     12830	8000640c	0000100f	fence.i	
         259133	     12855	80006410	033288b3	mul	x17,x5,x19	  x5:0x80025ce4 x19:0x00000000 x17=0x00000000
         259293	     12863	80006414	e891	c.bnez	x9,80006428	  x9:0x0000000f
         260553	     12926	80006428	401e5713	srai	x14,x28,0x1	 x28:0xffffffff x14=0xffffffff
         260873	     12942	8000642c	340febf3	csrrsi	x23,mscratch,31	 x23=0x0000001d
         261953	     12996	80006430	0264feb3	remu	x29,x9,x6	  x9:0x0000000f  x6:0x00000018 x29=0x0000000f
         261973	     12997	80006434	00cfe033	or	x0,x31,x12	 x31:0x65792332 x12:0x00000000  x0=0x00000000
         261993	     12998	80006438	6835	c.lui	x16,0xd	 x16=0x0000d000
         262113	     13004	8000643a	027c25b3	mulhsu	x11,x24,x7	 x24:0x00000018  x7:0xfbfffcb4 x11=0x00000017
         262253	     13011	8000643e	017081b3	add	x3,x1,x23	  x1:0x000004e7 x23:0x0000001d  x3=0x00000504
         262353	     13016	80006442	00ed80b3	add	x1,x27,x14	 x27:0x0f000000 x14:0xffffffff  x1=0x0effffff
         262373	     13017	80006446	38685cb7	lui	x25,0x38685	 x25=0x38685000
         262753	     13036	8000644a	00cada93	srli	x21,x21,0xc	 x21:0x67555c5f x21=0x00067555
         262793	     13038	8000644e	03cfa833	mulhsu	x16,x31,x28	 x31:0x65792332 x28:0xffffffff x16=0x65792331
         262813	     13039	80006452	75c00993	addi	x19,x0,1884	  x0:0x00000000 x19=0x0000075c
         263013	     13049	80006456	34006af3	csrrsi	x21,mscratch,0	 x21=0x0000001f
         263873	     13092	8000645a	0272dd33	divu	x26,x5,x7	  x5:0x80025ce4  x7:0xfbfffcb4 x26=0x00000000
         263893	     13093	8000645e	ca2c8493	addi	x9,x25,-862	 x25:0x38685000  x9=0x38684ca2
         263913	     13094	80006462	01a05193	srli	x3,x0,0x1a	  x0:0x00000000  x3=0x00000000
         263933	     13095	80006466	34019d73	csrrw	x26,mscratch,x3	  x3:0x00000000 x26=0x0000001f
         263953	     13096	8000646a	8dc1	c.or	x11,x8	 x11:0x00000017  x8:0x00000001 x11=0x00000017
         263973	     13097	8000646c	019e1393	slli	x7,x28,0x19	 x28:0xffffffff  x7=0xfe000000
         264153	     13106	80006470	8e79	c.and	x12,x14	 x12:0x00000000 x14:0xffffffff x12=0x00000000
         264573	     13127	80006472	5bf8e993	ori	x19,x17,1471	 x17:0x00000000 x19=0x000005bf
         264673	     13132	80006476	34003bf3	csrrc	x23,mscratch,x0	  x0:0x00000000 x23=0x00000000
         264693	     13133	8000647a	014ffc33	and	x24,x31,x20	 x31:0x65792332 x20:0x00000018 x24=0x00000010
         264833	     13140	8000647e	02380163	beq	x16,x3,800064a0	 x16:0x65792331  x3:0x00000000
         265253	     13161	80006482	340a9773	csrrw	x14,mscratch,x21	 x21:0x0000001f x14=0x00000000
         265453	     13171	80006486	4152da93	srai	x21,x5,0x15	  x5:0x80025ce4 x21=0xfffffc00
         265813	     13189	8000648a	005ef963	bgeu	x29,x5,8000649c	 x29:0x0000000f  x5:0x80025ce4
         265833	     13190	8000648e	bcfbf393	andi	x7,x23,-1073	 x23:0x00000000  x7=0x00000000
         265853	     13191	80006492	0029da33	srl	x20,x19,x2	 x19:0x000005bf  x2:0x0000001f x20=0x00000000
         265873	     13192	80006496	48c1	c.li	x17,16	 x17=0x00000010
         266193	     13208	80006498	8971	c.andi	x10,28	 x10:0x00000717 x10=0x00000014
         266213	     13209	8000649a	934a	c.add	x6,x18	  x6:0x00000018 x18:0x80021df4  x6=0x80021e0c
         266233	     13210	8000649c	7379e517	auipc	x10,0x7379e	 x10=0xf37a449c
         266973	     13247	800064a0	036f5433	divu	x8,x30,x22	 x30:0x00000019 x22:0xdd76a18d  x8=0x00000000
         266993	     13248	800064a4	537a6c93	ori	x25,x20,1335	 x20:0x00000000 x25=0x00000537
         267013	     13249	800064a8	0e3d	c.addi	x28,15	 x28:0xffffffff x28=0x0000000e
         267033	     13250	800064aa	8f7d	c.and	x14,x15	 x14:0x00000000 x15:0x67555d38 x14=0x00000000
         267053	     13251	800064ac	1919a737	lui	x14,0x1919a	 x14=0x1919a000
         267073	     13252	800064b0	8d25	c.xor	x10,x9	 x10:0xf37a449c  x9:0x38684ca2 x10=0xcb12083e
         267093	     13253	800064b2	34003e73	csrrc	x28,mscratch,x0	  x0:0x00000000 x28=0x0000001f
         267313	     13264	800064b6	011f95b3	sll	x11,x31,x17	 x31:0x65792332 x17:0x00000010 x11=0x23320000
         267333	     13265	800064ba	6131	c.addi16sp	x2,320	  x2:0x0000001f  x2=0x0000015f
         267533	     13275	800064bc	01004863	blt	x0,x16,800064cc	  x0:0x00000000 x16:0x65792331
         268313	     13314	800064cc	02583db3	mulhu	x27,x16,x5	 x16:0x65792331  x5:0x80025ce4 x27=0x32bd815c
         268333	     13315	800064d0	c889	c.beqz	x9,800064e2	  x9:0x38684ca2
         268413	     13319	800064d2	8c25e517	auipc	x10,0x8c25e	 x10=0x0c2644d2
         268433	     13320	800064d6	0785	c.addi	x15,1	 x15:0x67555d38 x15=0x67555d39
         268453	     13321	800064d8	0ff0000f	fence	iorw,iorw	
         268473	     13322	800064dc	ca0d	c.beqz	x12,8000650e	 x12:0x00000000
         269673	     13382	8000650e	04ece063	bltu	x25,x14,8000654e	 x25:0x00000537 x14:0x1919a000
         271633	     13480	8000654e	40c00d33	sub	x26,x0,x12	  x0:0x00000000 x12:0x00000000 x26=0x00000000
         271933	     13495	80006552	5127ce13	xori	x28,x15,1298	 x15:0x67555d39 x28=0x6755582b
         271953	     13496	80006556	34e07617	auipc	x12,0x34e07	 x12=0xb4e0d556
         271973	     13497	8000655a	8fc9	c.or	x15,x10	 x15:0x67555d39 x10:0x0c2644d2 x15=0x6f775dfb
         271993	     13498	8000655c	c2cf7393	andi	x7,x30,-980	 x30:0x00000019  x7=0x00000008
         272013	     13499	80006560	02f9f863	bgeu	x19,x15,80006590	 x19:0x000005bf x15:0x6f775dfb
         272273	     13512	80006564	340b26f3	csrrs	x13,mscratch,x22	 x22:0xdd76a18d x13=0x0000001f
         272293	     13513	80006568	6175	c.addi16sp	x2,368	  x2:0x0000015f  x2=0x000002cf
         272313	     13514	8000656a	0001	c.addi	x0,0	  x0:0x00000000  x0=0x00000000
         272333	     13515	8000656c	01ee1733	sll	x14,x28,x30	 x28:0x6755582b x30:0x00000019 x14=0x56000000
         272353	     13516	80006570	cc81	c.beqz	x9,80006588	  x9:0x38684ca2
         272373	     13517	80006572	8875	c.andi	x8,29	  x8:0x00000000  x8=0x00000000
         272393	     13518	80006574	8e1a	c.mv	x28,x6	  x0:0x00000000  x6:0x80021e0c x28=0x80021e0c
         272813	     13539	80006576	010a7733	and	x14,x20,x16	 x20:0x00000000 x16:0x65792331 x14=0x00000000
         273213	     13559	8000657a	503a3a93	sltiu	x21,x20,1283	 x20:0x00000000 x21=0x00000001
         273593	     13578	8000657e	429b4e13	xori	x28,x22,1065	 x22:0xdd76a18d x28=0xdd76a5a4
         273613	     13579	80006582	6c71	c.lui	x24,0x1c	 x24=0x0001c000
         274013	     13599	80006584	03a05663	bge	x0,x26,800065b0	  x0:0x00000000 x26:0x00000000
         274633	     13630	800065b0	340029f3	csrrs	x19,mscratch,x0	  x0:0x00000000 x19=0xdd76a19f
         274653	     13631	800065b4	6135	c.addi16sp	x2,352	  x2:0x000002cf  x2=0x0000042f
         274813	     13639	800065b6	f8082f93	slti	x31,x16,-128	 x16:0x65792331 x31=0x00000000
         275093	     13653	800065ba	340cbf73	csrrc	x30,mscratch,x25	 x25:0x00000537 x30=0xdd76a19f
         275113	     13654	800065be	6e6d	c.lui	x28,0x1b	 x28=0x0001b000
         275133	     13655	800065c0	863d	c.srai	x12,0xf	 x12:0xb4e0d556 x12=0xffff69c1
         275333	     13665	800065c2	039f2e33	mulhsu	x28,x30,x25	 x30:0xdd76a19f x25:0x00000537 x28=0xffffff4b
         275353	     13666	800065c6	8f6d	c.and	x14,x11	 x14:0x00000000 x11:0x23320000 x14=0x00000000
         275473	     13672	800065c8	03febcb3	mulhu	x25,x29,x31	 x29:0x0000000f x31:0x00000000 x25=0x00000000
         275493	     13673	800065cc	8c25	c.xor	x8,x9	  x8:0x00000000  x9:0x38684ca2  x8=0x38684ca2
         275533	     13675	800065ce	0326ae33	mulhsu	x28,x13,x18	 x13:0x0000001f x18:0x80021df4 x28=0x0000000f
         275553	     13676	800065d2	0001	c.addi	x0,0	  x0:0x00000000  x0=0x00000000
         275573	     13677	800065d4	34003873	csrrc	x16,mscratch,x0	  x0:0x00000000 x16=0xdd76a088
         275953	     13696	800065d8	340d5ef3	csrrwi	x29,mscratch,26	 x29=0xdd76a088
         276373	     13717	800065dc	036e8063	beq	x29,x22,800065fc	 x29:0xdd76a088 x22:0xdd76a18d
         276793	     13738	800065e0	88c5	c.andi	x9,17	  x9:0x38684ca2  x9=0x00000000
         276813	     13739	800065e2	b9c32313	slti	x6,x6,-1124	  x6:0x80021e0c  x6=0x00000001
         276833	     13740	800065e6	e2b9	c.bnez	x13,8000662c	 x13:0x0000001f
         277913	     13794	8000662c	00f3b6b3	sltu	x13,x7,x15	  x7:0x00000008 x15:0x6f775dfb x13=0x00000001
         277953	     13796	80006630	006c1b63	bne	x24,x6,80006646	 x24:0x0001c000  x6:0x00000001
         278293	     13813	80006646	0128fa33	and	x20,x17,x18	 x17:0x00000010 x18:0x80021df4 x20=0x00000010
         278633	     13830	8000664a	5e74b693	sltiu	x13,x9,1511	  x9:0x00000000 x13=0x00000001
         278833	     13840	8000664e	575c4817	auipc	x16,0x575c4	 x16=0xd75ca64e
         279153	     13856	80006652	05668063	beq	x13,x22,80006692	 x13:0x00000001 x22:0xdd76a18d
         279173	     13857	80006656	01fdfd63	bgeu	x27,x31,80006670	 x27:0x32bd815c x31:0x00000000
         279453	     13871	80006670	9c52	c.add	x24,x20	 x24:0x0001c000 x20:0x00000010 x24=0x0001c010
         279473	     13872	80006672	82b9	c.srli	x13,0xe	 x13:0x00000001 x13=0x00000000
         279493	     13873	80006674	0001	c.addi	x0,0	  x0:0x00000000  x0=0x00000000
         279633	     13880	80006676	340af773	csrrci	x14,mscratch,21	 x14=0x0000001a
         279653	     13881	8000667a	1391b793	sltiu	x15,x3,313	  x3:0x00000000 x15=0x00000001
         279673	     13882	8000667e	01d925b3	slt	x11,x18,x29	 x18:0x80021df4 x29:0xdd76a088 x11=0x00000001
         281373	     13967	80006682	2292e013	ori	x0,x5,553	  x5:0x80025ce4  x0=0x00000000
         281413	     13969	80006686	02f0a333	mulhsu	x6,x1,x15	  x1:0x0effffff x15:0x00000001  x6=0x00000000
         281433	     13970	8000668a	340aa8f3	csrrs	x17,mscratch,x21	 x21:0x00000001 x17=0x0000000a
         281513	     13974	8000668e	3401da73	csrrwi	x20,mscratch,3	 x20=0x0000000b
         281533	     13975	80006692	8349	c.srli	x14,0x12	 x14:0x0000001a x14=0x00000000
         281573	     13977	80006694	03f89d33	mulh	x26,x17,x31	 x17:0x0000000a x31:0x00000000 x26=0x00000000
         281593	     13978	80006698	0089f5b3	and	x11,x19,x8	 x19:0xdd76a19f  x8:0x38684ca2 x11=0x18600082
         281613	     13979	8000669c	3406edf3	csrrsi	x27,mscratch,13	 x27=0x00000003
         281633	     13980	800066a0	34037273	csrrci	x4,mscratch,6	  x4=0x0000000f
         281793	     13988	800066a4	023dcfb3	div	x31,x27,x3	 x27:0x00000003  x3:0x00000000 x31=0xffffffff
         281833	     13990	800066a8	01c6cc63	blt	x13,x28,800066c0	 x13:0x00000000 x28:0x0000000f
         282293	     14013	800066c0	946e	c.add	x8,x27	  x8:0x38684ca2 x27:0x00000003  x8=0x38684ca5
         282513	     14024	800066c2	027faeb3	mulhsu	x29,x31,x7	 x31:0xffffffff  x7:0x00000008 x29=0xffffffff
         282553	     14026	800066c6	02053f33	mulhu	x30,x10,x0	 x10:0x0c2644d2  x0:0x00000000 x30=0x00000000
         282853	     14041	800066ca	05fb8263	beq	x23,x31,8000670e	 x23:0x00000000 x31:0xffffffff
         283033	     14050	800066ce	00515cb3	srl	x25,x2,x5	  x2:0x0000042f  x5:0x80025ce4 x25=0x00000042
         283053	     14051	800066d2	028ae263	bltu	x21,x8,800066f6	 x21:0x00000001  x8:0x38684ca5
         283233	     14060	800066f6	8655	c.srai	x12,0x15	 x12:0xffff69c1 x12=0xffffffff
         283553	     14076	800066f8	8459	c.srai	x8,0x16	  x8:0x38684ca5  x8=0x000000e1
         284293	     14113	800066fa	02a8c433	div	x8,x17,x10	 x17:0x0000000a x10:0x0c2644d2  x8=0x00000000
         284313	     14114	800066fe	0117a333	slt	x6,x15,x17	 x15:0x00000001 x17:0x0000000a  x6=0x00000001
         284333	     14115	80006702	006b6863	bltu	x22,x6,80006712	 x22:0xdd76a18d  x6:0x00000001
         284353	     14116	80006706	02560433	mul	x8,x12,x5	 x12:0xffffffff  x5:0x80025ce4  x8=0x7ffda31c
         284373	     14117	8000670a	00f71c33	sll	x24,x14,x15	 x14:0x00000000 x15:0x00000001 x24=0x00000000
         284393	     14118	8000670e	34006af3	csrrsi	x21,mscratch,0	 x21=0x00000009
         284413	     14119	80006712	0001	c.addi	x0,0	  x0:0x00000000  x0=0x00000000
         284433	     14120	80006714	02cf0133	mul	x2,x30,x12	 x30:0x00000000 x12:0xffffffff  x2=0x00000000
         284453	     14121	80006718	4132da93	srai	x21,x5,0x13	  x5:0x80025ce4 x21=0xfffff000
         284493	     14123	8000671c	03362033	mulhsu	x0,x12,x19	 x12:0xffffffff x19:0xdd76a19f  x0=0x00000000
         284513	     14124	80006720	80bd	c.srli	x9,0xf	  x9:0x00000000  x9=0x00000000
         284533	     14125	80006722	6149	c.addi16sp	x2,144	  x2:0x00000000  x2=0x00000090
         284853	     14141	80006724	1d1c	c.addi4spn	x15,x2,688	 x15=0x00000340
         284873	     14142	80006726	34007573	csrrci	x10,mscratch,0	 x10=0x00000009
         284893	     14143	8000672a	8fc5	c.or	x15,x9	 x15:0x00000340  x9:0x00000000 x15=0x00000340
         284993	     14148	8000672c	000a1963	bne	x20,x0,8000673e	 x20:0x0000000b  x0:0x00000000
         286633	     14230	8000673e	02f16f63	bltu	x2,x15,8000677c	  x2:0x00000090 x15:0x00000340
         287253	     14261	8000677c	0000100f	fence.i	
         287373	     14267	80006780	885d4d13	xori	x26,x26,-1915	 x26:0x00000000 x26=0xfffff885
         287413	     14269	80006784	8c01	c.sub	x8,x8	  x8:0x7ffda31c  x8:0x7ffda31c  x8=0x00000000
         288193	     14308	80006786	035f74b3	remu	x9,x30,x21	 x30:0x00000000 x21:0xfffff000  x9=0x00000000
         288213	     14309	8000678a	61a9	c.lui	x3,0xa	  x3=0x0000a000
         288233	     14310	8000678c	0103d033	srl	x0,x7,x16	  x7:0x00000008 x16:0xd75ca64e  x0=0x00000000
         288253	     14311	80006790	147d	c.addi	x8,-1	  x8:0x00000000  x8=0xffffffff
         288333	     14315	80006792	01b5d663	bge	x11,x27,8000679e	 x11:0x18600082 x27:0x00000003
         289313	     14364	8000679e	0333e733	rem	x14,x7,x19	  x7:0x00000008 x19:0xdd76a19f x14=0x00000008
         289333	     14365	800067a2	8009	c.srli	x8,0x2	  x8:0xffffffff  x8=0x3fffffff
         289353	     14366	800067a4	ef01	c.bnez	x14,800067bc	 x14:0x00000008
         289433	     14370	800067bc	00d41eb3	sll	x29,x8,x13	  x8:0x3fffffff x13:0x00000000 x29=0x3fffffff
         290573	     14427	800067c0	03a36c33	rem	x24,x6,x26	  x6:0x00000001 x26:0xfffff885 x24=0x00000001
         290593	     14428	800067c4	87a5	c.srai	x15,0x9	 x15:0x00000340 x15=0x00000001
         290613	     14429	800067c6	65e9	c.lui	x11,0x1a	 x11=0x0001a000
         290633	     14430	800067c8	9a0a	c.add	x20,x2	 x20:0x0000000b  x2:0x00000090 x20=0x0000009b
         290653	     14431	800067ca	8b25	c.andi	x14,9	 x14:0x00000008 x14=0x00000008
         290673	     14432	800067cc	000e1533	sll	x10,x28,x0	 x28:0x0000000f  x0:0x00000000 x10=0x0000000f
         290693	     14433	800067d0	06ae	c.slli	x13,0xb	 x13:0x00000000 x13=0x00000000
         290733	     14435	800067d2	03063fb3	mulhu	x31,x12,x16	 x12:0xffffffff x16:0xd75ca64e x31=0xd75ca64d
         290753	     14436	800067d6	02498ab3	mul	x21,x19,x4	 x19:0xdd76a19f  x4:0x0000000f x21=0xf9f37851
         290933	     14445	800067da	3405d373	csrrwi	x6,mscratch,11	  x6=0x00000009
         290953	     14446	800067de	ef99	c.bnez	x15,800067fc	 x15:0x00000001
         291193	     14458	800067fc	027c1533	mulh	x10,x24,x7	 x24:0x00000001  x7:0x00000008 x10=0x00000000
         291553	     14476	80006800	00477f33	and	x30,x14,x4	 x14:0x00000008  x4:0x0000000f x30=0x00000008
         291573	     14477	80006804	416900b3	sub	x1,x18,x22	 x18:0x80021df4 x22:0xdd76a18d  x1=0xa28b7c67
         291693	     14483	80006808	408853b3	sra	x7,x16,x8	 x16:0xd75ca64e  x8:0x3fffffff  x7=0xffffffff
         292013	     14499	8000680c	0375ce33	div	x28,x11,x23	 x11:0x0001a000 x23:0x00000000 x28=0xffffffff
         292053	     14501	80006810	02961cb3	mulh	x25,x12,x9	 x12:0xffffffff  x9:0x00000000 x25=0x00000000
         293093	     14553	80006814	0325f433	remu	x8,x11,x18	 x11:0x0001a000 x18:0x80021df4  x8=0x0001a000
         293833	     14590	80006818	0308f133	remu	x2,x17,x16	 x17:0x0000000a x16:0xd75ca64e  x2=0x0000000a
         293853	     14591	8000681c	0001	c.addi	x0,0	  x0:0x00000000  x0=0x00000000
         293873	     14592	8000681e	34006773	csrrsi	x14,mscratch,0	 x14=0x0000000b
         293893	     14593	80006822	8c89	c.sub	x9,x10	  x9:0x00000000 x10:0x00000000  x9=0x00000000
         293913	     14594	80006824	405250b3	sra	x1,x4,x5	  x4:0x0000000f  x5:0x80025ce4  x1=0x00000000
         293933	     14595	80006828	66b5	c.lui	x13,0xd	 x13=0x0000d000
         293953	     14596	8000682a	9a7d	c.andi	x12,-1	 x12:0xffffffff x12=0xffffffff
         293973	     14597	8000682c	000148b3	xor	x17,x2,x0	  x2:0x0000000a  x0:0x00000000 x17=0x0000000a
         294793	     14638	80006830	03b3f533	remu	x10,x7,x27	  x7:0xffffffff x27:0x00000003 x10=0x00000000
         294813	     14639	80006834	02dd9963	bne	x27,x13,80006866	 x27:0x00000003 x13:0x0000d000
         295093	     14653	80006866	008110b3	sll	x1,x2,x8	  x2:0x0000000a  x8:0x0001a000  x1=0x0000000a
         295153	     14656	8000686a	022701b3	mul	x3,x14,x2	 x14:0x0000000b  x2:0x0000000a  x3=0x0000006e
         295173	     14657	8000686e	016264b3	or	x9,x4,x22	  x4:0x0000000f x22:0xdd76a18d  x9=0xdd76a18f
         295193	     14658	80006872	020e05b3	mul	x11,x28,x0	 x28:0xffffffff  x0:0x00000000 x11=0x00000000
         295373	     14667	80006876	031f6263	bltu	x30,x17,8000689a	 x30:0x00000008 x17:0x0000000a
         296553	     14726	8000689a	02331fb3	mulh	x31,x6,x3	  x6:0x00000009  x3:0x0000006e x31=0x00000000
         296573	     14727	8000689e	0ff0000f	fence	iorw,iorw	
         296593	     14728	800068a2	8541	c.srai	x10,0x10	 x10:0x00000000 x10=0x00000000
         296613	     14729	800068a4	c501	c.beqz	x10,800068ac	 x10:0x00000000
         297913	     14794	800068ac	0001	c.addi	x0,0	  x0:0x00000000  x0=0x00000000
         298153	     14806	800068ae	01b32eb3	slt	x29,x6,x27	  x6:0x00000009 x27:0x00000003 x29=0x00000000
         298513	     14824	800068b2	017beb63	bltu	x23,x23,800068c8	 x23:0x00000000 x23:0x00000000
         298713	     14834	800068b6	0d887a13	andi	x20,x16,216	 x16:0xd75ca64e x20=0x00000048
         298733	     14835	800068ba	00cddab3	srl	x21,x27,x12	 x27:0x00000003 x12:0xffffffff x21=0x00000000
         298753	     14836	800068be	8c59	c.or	x8,x14	  x8:0x0001a000 x14:0x0000000b  x8=0x0001a00b
         299073	     14852	800068c0	cc83b993	sltiu	x19,x7,-824	  x7:0xffffffff x19=0x00000000
         299373	     14867	800068c4	036a9633	mulh	x12,x21,x22	 x21:0x00000000 x22:0xdd76a18d x12=0x00000000
         299393	     14868	800068c8	fb802313	slti	x6,x0,-72	  x0:0x00000000  x6=0x00000000
         300133	     14905	800068cc	02df79b3	remu	x19,x30,x13	 x30:0x00000008 x13:0x0000d000 x19=0x00000008
         300153	     14906	800068d0	40900733	sub	x14,x0,x9	  x0:0x00000000  x9:0xdd76a18f x14=0x22895e71
         300173	     14907	800068d4	00680b63	beq	x16,x6,800068ea	 x16:0xd75ca64e  x6:0x00000000
         300193	     14908	800068d8	81a5	c.srli	x11,0x9	 x11:0x00000000 x11=0x00000000
         300213	     14909	800068da	41565313	srai	x6,x12,0x15	 x12:0x00000000  x6=0x00000000
         300953	     14946	800068de	02936333	rem	x6,x6,x9	  x6:0x00000000  x9:0xdd76a18f  x6=0x00000000
         300973	     14947	800068e2	34468713	addi	x14,x13,836	 x13:0x0000d000 x14=0x0000d344
         301713	     14984	800068e6	03ebd3b3	divu	x7,x23,x30	 x23:0x00000000 x30:0x00000008  x7=0x00000000
         301733	     14985	800068ea	8cfd	c.and	x9,x15	  x9:0xdd76a18f x15:0x00000001  x9=0x00000001
         302473	     15022	800068ec	0321ef33	rem	x30,x3,x18	  x3:0x0000006e x18:0x80021df4 x30=0x0000006e
         302493	     15023	800068f0	97e6	c.add	x15,x25	 x15:0x00000001 x25:0x00000000 x15=0x00000001
         302513	     15024	800068f2	0ff0000f	fence	iorw,iorw	
         302533	     15025	800068f6	0001	c.addi	x0,0	  x0:0x00000000  x0=0x00000000
         302573	     15027	800068f8	03ce90b3	mulh	x1,x29,x28	 x29:0x00000000 x28:0xffffffff  x1=0x00000000
         302593	     15028	800068fc	00619b93	slli	x23,x3,0x6	  x3:0x0000006e x23=0x00001b80
         303333	     15065	80006900	02456d33	rem	x26,x10,x4	 x10:0x00000000  x4:0x0000000f x26=0x00000000
         303353	     15066	80006904	00724a63	blt	x4,x7,80006918	  x4:0x0000000f  x7:0x00000000
         303373	     15067	80006908	34051d73	csrrw	x26,mscratch,x10	 x10:0x00000000 x26=0x0000000b
         303393	     15068	8000690c	0001	c.addi	x0,0	  x0:0x00000000  x0=0x00000000
         303433	     15070	8000690e	02731eb3	mulh	x29,x6,x7	  x6:0x00000000  x7:0x00000000 x29=0x00000000
         303453	     15071	80006912	8a56	c.mv	x20,x21	  x0:0x00000000 x21:0x00000000 x20=0x00000000
         304193	     15108	80006914	023dddb3	divu	x27,x27,x3	 x27:0x00000003  x3:0x0000006e x27=0x00000000
         304213	     15109	80006918	05114263	blt	x2,x17,8000695c	  x2:0x0000000a x17:0x0000000a
         304233	     15110	8000691c	013923b3	slt	x7,x18,x19	 x18:0x80021df4 x19:0x00000008  x7=0x00000001
         304253	     15111	80006920	029f6563	bltu	x30,x9,8000694a	 x30:0x0000006e  x9:0x00000001
         304273	     15112	80006924	51402513	slti	x10,x0,1300	  x0:0x00000000 x10=0x00000001
         304293	     15113	80006928	af40f613	andi	x12,x1,-1292	  x1:0x00000000 x12=0x00000000
         304313	     15114	8000692c	0000100f	fence.i	
         304573	     15127	80006930	8329	c.srli	x14,0xa	 x14:0x0000d344 x14=0x00000034
         304593	     15128	80006932	8749	c.srai	x14,0x12	 x14:0x00000034 x14=0x00000000
         304613	     15129	80006934	017c75b3	and	x11,x24,x23	 x24:0x00000001 x23:0x00001b80 x11=0x00000000
         304993	     15148	80006938	340c13f3	csrrw	x7,mscratch,x24	 x24:0x00000001  x7=0x00000000
         305153	     15156	8000693c	42087d17	auipc	x26,0x42087	 x26=0xc208d93c
         305293	     15163	80006940	029211b3	mulh	x3,x4,x9	  x4:0x0000000f  x9:0x00000001  x3=0x00000000
         305653	     15181	80006944	007940b3	xor	x1,x18,x7	 x18:0x80021df4  x7:0x00000000  x1=0x80021df4
         305833	     15190	80006948	8671	c.srai	x12,0x1c	 x12:0x00000000 x12=0x00000000
         305853	     15191	8000694a	006af663	bgeu	x21,x6,80006956	 x21:0x00000000  x6:0x00000000
         306493	     15223	80006956	c1b1	c.beqz	x11,8000699a	 x11:0x00000000
         307493	     15273	8000699a	00cf8f63	beq	x31,x12,800069b8	 x31:0x00000000 x12:0x00000000
         307833	     15290	800069b8	012ec863	blt	x29,x18,800069c8	 x29:0x00000000 x18:0x80021df4
         307853	     15291	800069bc	00d2a433	slt	x8,x5,x13	  x5:0x80025ce4 x13:0x0000d000  x8=0x00000001
         308053	     15301	800069c0	0401e263	bltu	x3,x0,80006a04	  x3:0x00000000  x0:0x00000000
         308133	     15305	800069c4	02b7ac33	mulhsu	x24,x15,x11	 x15:0x00000001 x11:0x00000000 x24=0x00000000
         308413	     15319	800069c8	8855	c.andi	x8,21	  x8:0x00000001  x8=0x00000001
         308433	     15320	800069ca	8e71	c.and	x12,x12	 x12:0x00000000 x12:0x00000000 x12=0x00000000
         308453	     15321	800069cc	0142f863	bgeu	x5,x20,800069dc	  x5:0x80025ce4 x20:0x00000000
         308693	     15333	800069dc	615d	c.addi16sp	x2,432	  x2:0x0000000a  x2=0x000001ba
         308713	     15334	800069de	941e	c.add	x8,x7	  x8:0x00000001  x7:0x00000000  x8=0x00000001
         308733	     15335	800069e0	4008d133	sra	x2,x17,x0	 x17:0x0000000a  x0:0x00000000  x2=0x0000000a
         308773	     15337	800069e4	eeba3893	sltiu	x17,x20,-277	 x20:0x00000000 x17=0x00000001
         308813	     15339	800069e8	34007ff3	csrrci	x31,mscratch,0	 x31=0x00000001
         308853	     15341	800069ec	02cc37b3	mulhu	x15,x24,x12	 x24:0x00000000 x12:0x00000000 x15=0x00000000
         308933	     15345	800069f0	4156d0b3	sra	x1,x13,x21	 x13:0x0000d000 x21:0x00000000  x1=0x0000d000
         308953	     15346	800069f4	58622b93	slti	x23,x4,1414	  x4:0x0000000f x23=0x00000001
         308993	     15348	800069f8	020f44b3	div	x9,x30,x0	 x30:0x0000006e  x0:0x00000000  x9=0xffffffff
         323353	     16066	800069fc	05a4e063	bltu	x9,x26,80006a3c	  x9:0xffffffff x26:0xc208d93c
         323373	     16067	80006a00	380d4597	auipc	x11,0x380d4	 x11=0xb80daa00
         323393	     16068	80006a04	33e23c13	sltiu	x24,x4,830	  x4:0x0000000f x24=0x00000001
         323433	     16070	80006a08	0862	c.slli	x16,0x18	 x16:0xd75ca64e x16=0x4e000000
         323453	     16071	80006a0a	e305	c.bnez	x14,80006a2a	 x14:0x00000000
         323533	     16075	80006a0c	c4e6ce93	xori	x29,x13,-946	 x13:0x0000d000 x29=0xffff2c4e
         323953	     16096	80006a10	6ef5	c.lui	x29,0x1d	 x29=0x0001d000
         323973	     16097	80006a12	004c9393	slli	x7,x25,0x4	 x25:0x00000000  x7=0x00000000
         323993	     16098	80006a16	013867b3	or	x15,x16,x19	 x16:0x4e000000 x19:0x00000008 x15=0x4e000008
         324733	     16135	80006a1a	022b70b3	remu	x1,x22,x2	 x22:0xdd76a18d  x2:0x0000000a  x1=0x00000001
         324773	     16137	80006a1e	02cf1533	mulh	x10,x30,x12	 x30:0x0000006e x12:0x00000000 x10=0x00000000
         324793	     16138	80006a22	c919	c.beqz	x10,80006a38	 x10:0x00000000
         325093	     16153	80006a38	0a95e693	ori	x13,x11,169	 x11:0xb80daa00 x13=0xb80daaa9
         325393	     16168	80006a3c	ec11	c.bnez	x8,80006a58	  x8:0x00000001
         325513	     16174	80006a58	0001	c.addi	x0,0	  x0:0x00000000  x0=0x00000000
         325753	     16186	80006a5a	40fd0f33	sub	x30,x26,x15	 x26:0xc208d93c x15:0x4e000008 x30=0x7408d934
         325773	     16187	80006a5e	6f79	c.lui	x30,0x1e	 x30=0x0001e000
         325793	     16188	80006a60	01881333	sll	x6,x16,x24	 x16:0x4e000000 x24:0x00000001  x6=0x9c000000
         325933	     16195	80006a64	03742d33	mulhsu	x26,x8,x23	  x8:0x00000001 x23:0x00000001 x26=0x00000000
         326053	     16201	80006a68	00d47033	and	x0,x8,x13	  x8:0x00000001 x13:0xb80daaa9  x0=0x00000000
         326213	     16209	80006a6c	fd8f7717	auipc	x14,0xfd8f7	 x14=0x7d8fda6c
         326233	     16210	80006a70	017ed793	srli	x15,x29,0x17	 x29:0x0001d000 x15=0x00000000
         326253	     16211	80006a74	4211b497	auipc	x9,0x4211b	  x9=0xc2121a74
         326293	     16213	80006a78	0001	c.addi	x0,0	  x0:0x00000000  x0=0x00000000
         326313	     16214	80006a7a	6ee5	c.lui	x29,0x19	 x29=0x00019000
         326393	     16218	80006a7c	01a6d8b3	srl	x17,x13,x26	 x13:0xb80daaa9 x26:0x00000000 x17=0xb80daaa9
         326553	     16226	80006a80	5ffd	c.li	x31,-1	 x31=0xffffffff
         326573	     16227	80006a82	00cc2d33	slt	x26,x24,x12	 x24:0x00000001 x12:0x00000000 x26=0x00000000
         326993	     16248	80006a86	d8d54f93	xori	x31,x10,-627	 x10:0x00000000 x31=0xfffffd8d
         327013	     16249	80006a8a	0001	c.addi	x0,0	  x0:0x00000000  x0=0x00000000
         327413	     16269	80006a8c	0000100f	fence.i	
         328273	     16312	80006a90	8e41	c.or	x12,x8	 x12:0x00000000  x8:0x00000001 x12=0x00000001
         328293	     16313	80006a92	02b00533	mul	x10,x0,x11	  x0:0x00000000 x11:0xb80daa00 x10=0x00000000
         328453	     16321	80006a96	340066f3	csrrsi	x13,mscratch,0	 x13=0x00000001
         328473	     16322	80006a9a	03b4ed63	bltu	x9,x27,80006ad4	  x9:0xc2121a74 x27:0x00000000
         328493	     16323	80006a9e	1d8c	c.addi4spn	x11,x2,752	 x11=0x000002fa
         328873	     16342	80006aa0	41145d33	sra	x26,x8,x17	  x8:0x00000001 x17:0xb80daaa9 x26=0x00000000
         328893	     16343	80006aa4	00f54663	blt	x10,x15,80006ab0	 x10:0x00000000 x15:0x00000000
         328933	     16345	80006aa8	03f59cb3	mulh	x25,x11,x31	 x11:0x000002fa x31:0xfffffd8d x25=0xffffffff
         328953	     16346	80006aac	00557cb3	and	x25,x10,x5	 x10:0x00000000  x5:0x80025ce4 x25=0x00000000
         328973	     16347	80006ab0	8eb1	c.xor	x13,x12	 x13:0x00000001 x12:0x00000001 x13=0x00000000
         328993	     16348	80006ab2	cf01	c.beqz	x14,80006aca	 x14:0x7d8fda6c
         329013	     16349	80006ab4	011dfc33	and	x24,x27,x17	 x27:0x00000000 x17:0xb80daaa9 x24=0x00000000
         329033	     16350	80006ab8	d6ec2313	slti	x6,x24,-658	 x24:0x00000000  x6=0x00000000
         329173	     16357	80006abc	6121	c.addi16sp	x2,64	  x2:0x0000000a  x2=0x0000004a
         329613	     16379	80006abe	039bbbb3	mulhu	x23,x23,x25	 x23:0x00000001 x25:0x00000000 x23=0x00000000
         329713	     16384	80006ac2	01677a33	and	x20,x14,x22	 x14:0x7d8fda6c x22:0xdd76a18d x20=0x5d06800c
         330133	     16405	80006ac6	1ec64c37	lui	x24,0x1ec64	 x24=0x1ec64000
         330153	     16406	80006aca	d99fc793	xori	x15,x31,-615	 x31:0xfffffd8d x15=0x00000014
         330173	     16407	80006ace	9b7d	c.andi	x14,-1	 x14:0x7d8fda6c x14=0x7d8fda6c
         330193	     16408	80006ad0	6b173693	sltiu	x13,x14,1713	 x14:0x7d8fda6c x13=0x00000000
         330213	     16409	80006ad4	8c05	c.sub	x8,x9	  x8:0x00000001  x9:0xc2121a74  x8=0x3dede58d
         330233	     16410	80006ad6	340adf73	csrrwi	x30,mscratch,21	 x30=0x00000001
         330253	     16411	80006ada	8e7d	c.and	x12,x15	 x12:0x00000001 x15:0x00000014 x12=0x00000000
         330273	     16412	80006adc	e8741537	lui	x10,0xe8741	 x10=0xe8741000
         330693	     16433	80006ae0	030cc163	blt	x25,x16,80006b02	 x25:0x00000000 x16:0x4e000000
         332053	     16501	80006b02	0340df33	divu	x30,x1,x20	  x1:0x00000001 x20:0x5d06800c x30=0x00000000
         332073	     16502	80006b06	9a52	c.add	x20,x20	 x20:0x5d06800c x20:0x5d06800c x20=0xba0d0018
         332093	     16503	80006b08	01427d63	bgeu	x4,x20,80006b22	  x4:0x0000000f x20:0xba0d0018
         332113	     16504	80006b0c	340b5073	csrrwi	x0,mscratch,22	  x0=0x00000000
         332133	     16505	80006b10	340c7173	csrrci	x2,mscratch,24	  x2=0x00000016
         332153	     16506	80006b14	86f6	c.mv	x13,x29	  x0:0x00000000 x29:0x00019000 x13=0x00019000
         332173	     16507	80006b16	41d2d993	srai	x19,x5,0x1d	  x5:0x80025ce4 x19=0xfffffffc
         332493	     16523	80006b1a	03cfe863	bltu	x31,x28,80006b4a	 x31:0xfffffd8d x28:0xffffffff
         332973	     16547	80006b4a	003e8db3	add	x27,x29,x3	 x29:0x00019000  x3:0x00000000 x27=0x00019000
         333113	     16554	80006b4e	0009bf33	sltu	x30,x19,x0	 x19:0xfffffffc  x0:0x00000000 x30=0x00000000
         333133	     16555	80006b52	49b1	c.li	x19,12	 x19=0x0000000c
         333153	     16556	80006b54	0152d593	srli	x11,x5,0x15	  x5:0x80025ce4 x11=0x00000400
         333333	     16565	80006b58	02f14f63	blt	x2,x15,80006b96	  x2:0x00000016 x15:0x00000014
         333373	     16567	80006b5c	814e	c.mv	x2,x19	  x0:0x00000000 x19:0x0000000c  x2=0x0000000c
         333393	     16568	80006b5e	05655063	bge	x10,x22,80006b9e	 x10:0xe8741000 x22:0xdd76a18d
         333833	     16590	80006b9e	9172	c.add	x2,x28	  x2:0x0000000c x28:0xffffffff  x2=0x0000000b
         335053	     16651	80006ba0	033771b3	remu	x3,x14,x19	 x14:0x7d8fda6c x19:0x0000000c  x3=0x00000000
         335793	     16688	80006ba4	02b94d33	div	x26,x18,x11	 x18:0x80021df4 x11:0x00000400 x26=0xffe00088
         335813	     16689	80006ba8	0053e563	bltu	x7,x5,80006bb2	  x7:0x00000000  x5:0x80025ce4
         335873	     16692	80006bb2	0b319017	auipc	x0,0xb319	  x0=0x00000000
         335893	     16693	80006bb6	3403f6f3	csrrci	x13,mscratch,7	 x13=0x00000006
         335913	     16694	80006bba	01647f33	and	x30,x8,x22	  x8:0x3dede58d x22:0xdd76a18d x30=0x1d64a18d
         336313	     16714	80006bbe	02c80163	beq	x16,x12,80006be0	 x16:0x4e000000 x12:0x00000000
         336353	     16716	80006bc2	036bb433	mulhu	x8,x23,x22	 x23:0x00000000 x22:0xdd76a18d  x8=0x00000000
         336373	     16717	80006bc6	0b95de97	auipc	x29,0xb95d	 x29=0x8b963bc6
         336393	     16718	80006bca	0196d093	srli	x1,x13,0x19	 x13:0x00000006  x1=0x00000000
         336413	     16719	80006bce	01fa8963	beq	x21,x31,80006be0	 x21:0x00000000 x31:0xfffffd8d
         336433	     16720	80006bd2	0d6d	c.addi	x26,27	 x26:0xffe00088 x26=0xffe000a3
         336573	     16727	80006bd4	7a03a713	slti	x14,x7,1952	  x7:0x00000000 x14=0x00000001
         336613	     16729	80006bd8	02a39633	mulh	x12,x7,x10	  x7:0x00000000 x10:0xe8741000 x12=0x00000000
         336753	     16736	80006bdc	0001	c.addi	x0,0	  x0:0x00000000  x0=0x00000000
         336773	     16737	80006bde	0001	c.addi	x0,0	  x0:0x00000000  x0=0x00000000
         336793	     16738	80006be0	017920b3	slt	x1,x18,x23	 x18:0x80021df4 x23:0x00000000  x1=0x00000001
         336833	     16740	80006be4	03b23eb3	mulhu	x29,x4,x27	  x4:0x0000000f x27:0x00019000 x29=0x00000000
         336853	     16741	80006be8	34003373	csrrc	x6,mscratch,x0	  x0:0x00000000  x6=0x00000000
         336873	     16742	80006bec	019bcb63	blt	x23,x25,80006c02	 x23:0x00000000 x25:0x00000000
         336893	     16743	80006bf0	4525	c.li	x10,9	 x10=0x00000009
         337233	     16760	80006bf2	c97bef13	ori	x30,x23,-873	 x23:0x00000000 x30=0xfffffc97
         337253	     16761	80006bf6	80aa	c.mv	x1,x10	  x0:0x00000000 x10:0x00000009  x1=0x00000009
         337413	     16769	80006bf8	e889	c.bnez	x9,80006c0a	  x9:0xc2121a74
         337693	     16783	80006c0a	02a08c33	mul	x24,x1,x10	  x1:0x00000009 x10:0x00000009 x24=0x00000051
         337713	     16784	80006c0e	0160ea33	or	x20,x1,x22	  x1:0x00000009 x22:0xdd76a18d x20=0xdd76a18d
         338093	     16803	80006c12	34046c73	csrrsi	x24,mscratch,8	 x24=0x00000000
         338113	     16804	80006c16	968e	c.add	x13,x3	 x13:0x00000006  x3:0x00000000 x13=0x00000006
         338133	     16805	80006c18	011f1663	bne	x30,x17,80006c24	 x30:0xfffffc97 x17:0xb80daaa9
         338353	     16816	80006c24	40c30e33	sub	x28,x6,x12	  x6:0x00000000 x12:0x00000000 x28=0x00000000
         338673	     16832	80006c28	6119	c.addi16sp	x2,384	  x2:0x0000000b  x2=0x0000018b
         338693	     16833	80006c2a	037b0463	beq	x22,x23,80006c52	 x22:0xdd76a18d x23:0x00000000
         338833	     16840	80006c2e	005ec863	blt	x29,x5,80006c3e	 x29:0x00000000  x5:0x80025ce4
         339033	     16850	80006c32	8aeb6a93	ori	x21,x22,-1874	 x22:0xdd76a18d x21=0xfffff9af
         339053	     16851	80006c36	01639a93	slli	x21,x7,0x16	  x7:0x00000000 x21=0x00000000
         339073	     16852	80006c3a	012b4e63	blt	x22,x18,80006c56	 x22:0xdd76a18d x18:0x80021df4
         339093	     16853	80006c3e	8015	c.srli	x8,0x5	  x8:0x00000000  x8=0x00000000
         339153	     16856	80006c40	34007573	csrrci	x10,mscratch,0	 x10=0x00000008
         339173	     16857	80006c44	0000100f	fence.i	
         339713	     16884	80006c48	8b51	c.andi	x14,20	 x14:0x00000001 x14=0x00000000
         339953	     16896	80006c4a	02679eb3	mulh	x29,x15,x6	 x15:0x00000014  x6:0x00000000 x29=0x00000000
         339973	     16897	80006c4e	4821	c.li	x16,8	 x16=0x00000008
         339993	     16898	80006c50	935a	c.add	x6,x22	  x6:0x00000000 x22:0xdd76a18d  x6=0xdd76a18d
         340013	     16899	80006c52	40e45f13	srai	x30,x8,0xe	  x8:0x00000000 x30=0x00000000
         340033	     16900	80006c56	014cd663	bge	x25,x20,80006c62	 x25:0x00000000 x20:0xdd76a18d
         340093	     16903	80006c62	00505413	srli	x8,x0,0x5	  x0:0x00000000  x8=0x00000000
         340253	     16911	80006c66	0000100f	fence.i	
         340433	     16920	80006c6a	54fd	c.li	x9,-1	  x9=0xffffffff
         340453	     16921	80006c6c	34015ef3	csrrwi	x29,mscratch,2	 x29=0x00000008
         340553	     16926	80006c70	8da1	c.xor	x11,x8	 x11:0x00000400  x8:0x00000000 x11=0x00000400
         340573	     16927	80006c72	00f6cc33	xor	x24,x13,x15	 x13:0x00000006 x15:0x00000014 x24=0x00000012
         340733	     16935	80006c76	036c7b63	bgeu	x24,x22,80006cac	 x24:0x00000012 x22:0xdd76a18d
         340873	     16942	80006c7a	4238f893	andi	x17,x17,1059	 x17:0xb80daaa9 x17=0x00000021
         341073	     16952	80006c7e	01d9a133	slt	x2,x19,x29	 x19:0x0000000c x29:0x00000008  x2=0x00000000
         341153	     16956	80006c82	0000100f	fence.i	
         342253	     17011	80006c86	02d52a33	mulhsu	x20,x10,x13	 x10:0x00000008 x13:0x00000006 x20=0x00000000
         342273	     17012	80006c8a	972a	c.add	x14,x10	 x14:0x00000000 x10:0x00000008 x14=0x00000008
         343013	     17049	80006c8c	03fc5033	divu	x0,x24,x31	 x24:0x00000012 x31:0xfffffd8d  x0=0x00000000
         343033	     17050	80006c90	0001	c.addi	x0,0	  x0:0x00000000  x0=0x00000000
         343053	     17051	80006c92	0001	c.addi	x0,0	  x0:0x00000000  x0=0x00000000
         343073	     17052	80006c94	34086173	csrrsi	x2,mscratch,16	  x2=0x00000002
         343093	     17053	80006c98	032a1563	bne	x20,x18,80006cc2	 x20:0x00000000 x18:0x80021df4
         343573	     17077	80006cc2	40ec5d33	sra	x26,x24,x14	 x24:0x00000012 x14:0x00000008 x26=0x00000000
         343593	     17078	80006cc6	02216063	bltu	x2,x2,80006ce6	  x2:0x00000002  x2:0x00000002
         343613	     17079	80006cca	8ed1	c.or	x13,x12	 x13:0x00000006 x12:0x00000000 x13=0x00000006
         343673	     17082	80006ccc	01b05513	srli	x10,x0,0x1b	  x0:0x00000000 x10=0x00000000
         344473	     17122	80006cd0	02b146b3	div	x13,x2,x11	  x2:0x00000002 x11:0x00000400 x13=0x00000000
         344513	     17124	80006cd4	0362aeb3	mulhsu	x29,x5,x22	  x5:0x80025ce4 x22:0xdd76a18d x29=0x9146ba82
         345253	     17161	80006cd8	02f6c3b3	div	x7,x13,x15	 x13:0x00000000 x15:0x00000014  x7=0x00000000
         345293	     17163	80006cdc	039a9033	mulh	x0,x21,x25	 x21:0x00000000 x25:0x00000000  x0=0x00000000
         345313	     17164	80006ce0	8c9d	c.sub	x9,x15	  x9:0xffffffff x15:0x00000014  x9=0xffffffeb
         345333	     17165	80006ce2	00c88863	beq	x17,x12,80006cf2	 x17:0x00000021 x12:0x00000000
         345353	     17166	80006ce6	8e81	c.sub	x13,x8	 x13:0x00000000  x8:0x00000000 x13=0x00000000
         345373	     17167	80006ce8	8849	c.andi	x8,18	  x8:0x00000000  x8=0x00000000
         345393	     17168	80006cea	8dcd	c.or	x11,x11	 x11:0x00000400 x11:0x00000400 x11=0x00000400
         345413	     17169	80006cec	0001	c.addi	x0,0	  x0:0x00000000  x0=0x00000000
         345453	     17171	80006cee	8ee9c513	xori	x10,x19,-1810	 x19:0x0000000c x10=0xfffff8e2
         345613	     17179	80006cf2	039ddab3	divu	x21,x27,x25	 x27:0x00019000 x25:0x00000000 x21=0xffffffff
         345633	     17180	80006cf6	c0963897	auipc	x17,0xc0963	 x17=0x40969cf6
         345673	     17182	80006cfa	02ce4ab3	div	x21,x28,x12	 x28:0x00000000 x12:0x00000000 x21=0xffffffff
         346053	     17201	80006cfe	00c65693	srli	x13,x12,0xc	 x12:0x00000000 x13=0x00000000
         346473	     17222	80006d02	406bde13	srai	x28,x23,0x6	 x23:0x00000000 x28=0x00000000
         346493	     17223	80006d06	0001	c.addi	x0,0	  x0:0x00000000  x0=0x00000000
         346893	     17243	80006d08	31d9c093	xori	x1,x19,797	 x19:0x0000000c  x1=0x00000311
         346913	     17244	80006d0c	03f78cb3	mul	x25,x15,x31	 x15:0x00000014 x31:0xfffffd8d x25=0xffffcf04
         346953	     17246	80006d10	023ad533	divu	x10,x21,x3	 x21:0xffffffff  x3:0x00000000 x10=0xffffffff
         347353	     17266	80006d14	c47ee193	ori	x3,x29,-953	 x29:0x9146ba82  x3=0xfffffec7
         347373	     17267	80006d18	9a7d	c.andi	x12,-1	 x12:0x00000000 x12=0x00000000
         347393	     17268	80006d1a	8935	c.andi	x10,13	 x10:0xffffffff x10=0x0000000d
         347413	     17269	80006d1c	340d64f3	csrrsi	x9,mscratch,26	  x9=0x00000012
         347433	     17270	80006d20	00735c63	bge	x6,x7,80006d38	  x6:0xdd76a18d  x7:0x00000000
         347573	     17277	80006d24	00e98663	beq	x19,x14,80006d30	 x19:0x0000000c x14:0x00000008
         347813	     17289	80006d28	8439	c.srai	x8,0xe	  x8:0x00000000  x8=0x00000000
         347833	     17290	80006d2a	e205	c.bnez	x12,80006d4a	 x12:0x00000000
         347873	     17292	80006d2c	41375d33	sra	x26,x14,x19	 x14:0x00000008 x19:0x0000000c x26=0x00000000
         347893	     17293	80006d30	024f08b3	mul	x17,x30,x4	 x30:0x00000000  x4:0x0000000f x17=0x00000000
         347933	     17295	80006d34	a1a3f393	andi	x7,x7,-1510	  x7:0x00000000  x7=0x00000000
         347953	     17296	80006d38	4a534993	xori	x19,x6,1189	  x6:0xdd76a18d x19=0xdd76a528
         347993	     17298	80006d3c	03e0a3b3	mulhsu	x7,x1,x30	  x1:0x00000311 x30:0x00000000  x7=0x00000000
         348733	     17335	80006d40	02676233	rem	x4,x14,x6	 x14:0x00000008  x6:0xdd76a18d  x4=0x00000008
         348753	     17336	80006d44	0288	c.addi4spn	x10,x2,320	 x10=0x00000142
         348773	     17337	80006d46	038d5e63	bge	x26,x24,80006d82	 x26:0x00000000 x24:0x00000012
         348813	     17339	80006d4a	036fbbb3	mulhu	x23,x31,x22	 x31:0xfffffd8d x22:0xdd76a18d x23=0xdd769f6e
         348833	     17340	80006d4e	34003f73	csrrc	x30,mscratch,x0	  x0:0x00000000 x30=0x0000001a
         348853	     17341	80006d52	0001	c.addi	x0,0	  x0:0x00000000  x0=0x00000000
         348873	     17342	80006d54	8a49	c.andi	x12,18	 x12:0x00000000 x12=0x00000000
         348893	     17343	80006d56	95cb6e13	ori	x28,x22,-1700	 x22:0xdd76a18d x28=0xfffff9dd
         349133	     17355	80006d5a	abd58e93	addi	x29,x11,-1347	 x11:0x00000400 x29=0xfffffebd
         349153	     17356	80006d5e	64a1	c.lui	x9,0x8	  x9=0x00008000
         349173	     17357	80006d60	3404a3f3	csrrs	x7,mscratch,x9	  x9:0x00008000  x7=0x0000001a
         349193	     17358	80006d64	0021b733	sltu	x14,x3,x2	  x3:0xfffffec7  x2:0x00000002 x14=0x00000000
         349213	     17359	80006d68	40aad113	srai	x2,x21,0xa	 x21:0xffffffff  x2=0xffffffff
         349393	     17368	80006d6c	187d	c.addi	x16,-1	 x16:0x00000008 x16=0x00000007
         349413	     17369	80006d6e	2ee6a593	slti	x11,x13,750	 x13:0x00000000 x11=0x00000001
         349433	     17370	80006d72	001ba233	slt	x4,x23,x1	 x23:0xdd769f6e  x1:0x00000311  x4=0x00000001
         349453	     17371	80006d76	8f4d	c.or	x14,x11	 x14:0x00000000 x11:0x00000001 x14=0x00000001
         349473	     17372	80006d78	0ff0000f	fence	iorw,iorw	
         349833	     17390	80006d7c	0001	c.addi	x0,0	  x0:0x00000000  x0=0x00000000
         349853	     17391	80006d7e	517d	c.li	x2,-1	  x2=0xffffffff
         349893	     17393	80006d80	9fc6	c.add	x31,x17	 x31:0xfffffd8d x17:0x00000000 x31=0xfffffd8d
         349953	     17396	80006d82	025790b3	mulh	x1,x15,x5	 x15:0x00000014  x5:0x80025ce4  x1=0xfffffff6
         350073	     17402	80006d86	042ef563	bgeu	x29,x2,80006dd0	 x29:0xfffffebd  x2:0xffffffff
         350493	     17423	80006d8a	3403ee73	csrrsi	x28,mscratch,7	 x28=0x0000801a
         350693	     17433	80006d8e	008f2633	slt	x12,x30,x8	 x30:0x0000001a  x8:0x00000000 x12=0x00000000
         350953	     17446	80006d92	01eb7f63	bgeu	x22,x30,80006db0	 x22:0xdd76a18d x30:0x0000001a
         351353	     17466	80006db0	03c2c263	blt	x5,x28,80006dd4	  x5:0x80025ce4 x28:0x0000801a
         351573	     17477	80006dd4	caae3a93	sltiu	x21,x28,-854	 x28:0x0000801a x21=0x00000001
         352253	     17511	80006dd8	99e6	c.add	x19,x25	 x19:0xdd76a528 x25:0xffffcf04 x19=0xdd76742c
         352273	     17512	80006dda	0b08	c.addi4spn	x10,x2,400	 x10=0x0000018f
         352673	     17532	80006ddc	ef91	c.bnez	x15,80006df8	 x15:0x00000014
         353133	     17555	80006df8	01a6ce63	blt	x13,x26,80006e14	 x13:0x00000000 x26:0x00000000
         353233	     17560	80006dfc	03bfc163	blt	x31,x27,80006e1e	 x31:0xfffffd8d x27:0x00019000
         353833	     17590	80006e1e	2eb4a713	slti	x14,x9,747	  x9:0x00008000 x14=0x00000000
         353853	     17591	80006e22	8f39	c.xor	x14,x14	 x14:0x00000000 x14:0x00000000 x14=0x00000000
         353893	     17593	80006e24	0375a833	mulhsu	x16,x11,x23	 x11:0x00000001 x23:0xdd769f6e x16=0x00000000
         354073	     17602	80006e28	0ff0000f	fence	iorw,iorw	
         354093	     17603	80006e2c	987d	c.andi	x8,-1	  x8:0x00000000  x8=0x00000000
         354113	     17604	80006e2e	340d64f3	csrrsi	x9,mscratch,26	  x9=0x0000801f
         354213	     17609	80006e32	41778533	sub	x10,x15,x23	 x15:0x00000014 x23:0xdd769f6e x10=0x228960a6
         354453	     17621	80006e36	03404033	div	x0,x0,x20	  x0:0x00000000 x20:0x00000000  x0=0x00000000
         354833	     17640	80006e3a	1fc5e113	ori	x2,x11,508	 x11:0x00000001  x2=0x000001fd
         354853	     17641	80006e3e	90be	c.add	x1,x15	  x1:0xfffffff6 x15:0x00000014  x1=0x0000000a
         355033	     17650	80006e40	03ea8533	mul	x10,x21,x30	 x21:0x00000001 x30:0x0000001a x10=0x0000001a
         355453	     17671	80006e44	3401a1f3	csrrs	x3,mscratch,x3	  x3:0xfffffec7  x3=0x0000801f
         356193	     17708	80006e48	0293f033	remu	x0,x7,x9	  x7:0x0000001a  x9:0x0000801f  x0=0x00000000
         356213	     17709	80006e4c	34003373	csrrc	x6,mscratch,x0	  x0:0x00000000  x6=0xfffffedf
         356233	     17710	80006e50	8939	c.andi	x10,14	 x10:0x0000001a x10=0x0000000a
         356253	     17711	80006e52	0114	c.addi4spn	x13,x2,128	 x13=0x0000027d
         356273	     17712	80006e54	0175d513	srli	x10,x11,0x17	 x11:0x00000001 x10=0x00000000
         356293	     17713	80006e58	8ee1	c.and	x13,x8	 x13:0x0000027d  x8:0x00000000 x13=0x00000000
         356313	     17714	80006e5a	c5d0b013	sltiu	x0,x1,-931	  x1:0x0000000a  x0=0x00000000
         356333	     17715	80006e5e	91f6	c.add	x3,x29	  x3:0x0000801f x29:0xfffffebd  x3=0x00007edc
         356353	     17716	80006e60	9696	c.add	x13,x5	 x13:0x00000000  x5:0x80025ce4 x13=0x80025ce4
         356373	     17717	80006e62	ee01	c.bnez	x12,80006e7a	 x12:0x00000000
         356433	     17720	80006e64	b3743713	sltiu	x14,x8,-1225	  x8:0x00000000 x14=0x00000001
         356633	     17730	80006e68	89ca	c.mv	x19,x18	  x0:0x00000000 x18:0x80021df4 x19=0x80021df4
         356653	     17731	80006e6a	1dfd	c.addi	x27,-1	 x27:0x00019000 x27=0x00018fff
         356673	     17732	80006e6c	0149fe33	and	x28,x19,x20	 x19:0x80021df4 x20:0x00000000 x28=0x00000000
         356693	     17733	80006e70	80501eb7	lui	x29,0x80501	 x29=0x80501000
         356713	     17734	80006e74	98fd	c.andi	x9,-1	  x9:0x0000801f  x9=0x0000801f
         357113	     17754	80006e76	00b69f63	bne	x13,x11,80006e94	 x13:0x80025ce4 x11:0x00000001
         357933	     17795	80006e94	9ba2efb7	lui	x31,0x9ba2e	 x31=0x9ba2e000
         357973	     17797	80006e98	8ea9	c.xor	x13,x10	 x13:0x80025ce4 x10:0x00000000 x13=0x80025ce4
         357993	     17798	80006e9a	0122d893	srli	x17,x5,0x12	  x5:0x80025ce4 x17=0x00002000
         358733	     17835	80006e9e	023be733	rem	x14,x23,x3	 x23:0xdd769f6e  x3:0x00007edc x14=0xffffa18a
         358753	     17836	80006ea2	340070f3	csrrci	x1,mscratch,0	  x1=0xfffffedf
         358773	     17837	80006ea6	41e800b3	sub	x1,x16,x30	 x16:0x00000000 x30:0x0000001a  x1=0xffffffe6
         358793	     17838	80006eaa	0b92	c.slli	x23,0x4	 x23:0xdd769f6e x23=0xd769f6e0
         358813	     17839	80006eac	8e39	c.xor	x12,x14	 x12:0x00000000 x14:0xffffa18a x12=0xffffa18a
         358833	     17840	80006eae	56fd	c.li	x13,-1	 x13=0xffffffff
         358853	     17841	80006eb0	e2360493	addi	x9,x12,-477	 x12:0xffffa18a  x9=0xffff9fad
         358873	     17842	80006eb4	8eed	c.and	x13,x11	 x13:0xffffffff x11:0x00000001 x13=0x00000001
         359193	     17858	80006eb6	02a1c833	div	x16,x3,x10	  x3:0x00007edc x10:0x00000000 x16=0xffffffff
         359213	     17859	80006eba	41fbdd33	sra	x26,x23,x31	 x23:0xd769f6e0 x31:0x9ba2e000 x26=0xd769f6e0
         359233	     17860	80006ebe	00988bb3	add	x23,x17,x9	 x17:0x00002000  x9:0xffff9fad x23=0xffffbfad
         359253	     17861	80006ec2	6385	c.lui	x7,0x1	  x7=0x00001000
         359273	     17862	80006ec4	6111	c.addi16sp	x2,256	  x2:0x000001fd  x2=0x000002fd
         360113	     17904	80006ec6	02b1e333	rem	x6,x3,x11	  x3:0x00007edc x11:0x00000001  x6=0x00000000
         360133	     17905	80006eca	04cec363	blt	x29,x12,80006f10	 x29:0x80501000 x12:0xffffa18a
         360213	     17909	80006f10	68d9	c.lui	x17,0x16	 x17=0x00016000
         361053	     17951	80006f12	02f3cf33	div	x30,x7,x15	  x7:0x00001000 x15:0x00000014 x30=0x000000cc
         361073	     17952	80006f16	ea9d	c.bnez	x13,80006f4c	 x13:0x00000001
         361173	     17957	80006f4c	00de6f33	or	x30,x28,x13	 x28:0x00000000 x13:0x00000001 x30=0x00000001
         362713	     18034	80006f50	033e6cb3	rem	x25,x28,x19	 x28:0x00000000 x19:0x80021df4 x25=0x00000000
         374873	     18642	80006f54	000fd663	bge	x31,x0,80006f60	 x31:0x9ba2e000  x0:0x00000000
         374893	     18643	80006f58	02577b63	bgeu	x14,x5,80006f8e	 x14:0xffffa18a  x5:0x80025ce4
         374973	     18647	80006f8e	c501	c.beqz	x10,80006f96	 x10:0x00000000
         375353	     18666	80006f96	0001	c.addi	x0,0	  x0:0x00000000  x0=0x00000000
         375913	     18694	80006f98	4059dd93	srai	x27,x19,0x5	 x19:0x80021df4 x27=0xfc0010ef
         375933	     18695	80006f9c	0001	c.addi	x0,0	  x0:0x00000000  x0=0x00000000
         376113	     18704	80006f9e	01f6de63	bge	x13,x31,80006fba	 x13:0x00000001 x31:0x9ba2e000
         378713	     18834	80006fba	03b758b3	divu	x17,x14,x27	 x14:0xffffa18a x27:0xfc0010ef x17=0x00000001
         378733	     18835	80006fbe	84f5	c.srai	x9,0x1d	  x9:0xffff9fad  x9=0xffffffff
         378753	     18836	80006fc0	9276	c.add	x4,x29	  x4:0x00000001 x29:0x80501000  x4=0x80501001
         378773	     18837	80006fc2	340c10f3	csrrw	x1,mscratch,x24	 x24:0x00000012  x1=0xfffffedf
         378793	     18838	80006fc6	88e5	c.andi	x9,25	  x9:0xffffffff  x9=0x00000019
         378813	     18839	80006fc8	8af1	c.andi	x13,28	 x13:0x00000001 x13=0x00000000
         378833	     18840	80006fca	8e506d13	ori	x26,x0,-1819	  x0:0x00000000 x26=0xfffff8e5
         378853	     18841	80006fce	8e59	c.or	x12,x14	 x12:0xffffa18a x14:0xffffa18a x12=0xffffa18a
         378873	     18842	80006fd0	0542	c.slli	x10,0x10	 x10:0x00000000 x10=0x00000000
         378893	     18843	80006fd2	0ff0000f	fence	iorw,iorw	
         378913	     18844	80006fd6	0361ef63	bltu	x3,x22,80007014	  x3:0x00007edc x22:0xdd76a18d
         380353	     18916	80007014	4381	c.li	x7,0	  x7=0x00000000
         380373	     18917	80007016	0175	c.addi	x2,29	  x2:0x000002fd  x2=0x0000031a
         380413	     18919	80007018	7842e893	ori	x17,x5,1924	  x5:0x80025ce4 x17=0x80025fe4
         380693	     18933	8000701c	0090f0b3	and	x1,x1,x9	  x1:0xfffffedf  x9:0x00000019  x1=0x00000019
         380713	     18934	80007020	8cd1	c.or	x9,x12	  x9:0x00000019 x12:0xffffa18a  x9=0xffffa19b
         380733	     18935	80007022	013f67b3	or	x15,x30,x19	 x30:0x00000001 x19:0x80021df4 x15=0x80021df5
         380753	     18936	80007026	cb01	c.beqz	x14,80007036	 x14:0xffffa18a
         380773	     18937	80007028	8c15	c.sub	x8,x13	  x8:0x00000000 x13:0x00000000  x8=0x00000000
         380793	     18938	8000702a	3e6d3993	sltiu	x19,x26,998	 x26:0xfffff8e5 x19=0x00000000
         380833	     18940	8000702e	009cf463	bgeu	x25,x9,80007036	 x25:0x00000000  x9:0xffffa19b
         380853	     18941	80007032	8d61	c.and	x10,x8	 x10:0x00000000  x8:0x00000000 x10=0x00000000
         380873	     18942	80007034	c38d	c.beqz	x15,80007056	 x15:0x80021df5
         381473	     18972	80007036	3ae07313	andi	x6,x0,942	  x0:0x00000000  x6=0x00000000
         381493	     18973	8000703a	4097df33	sra	x30,x15,x9	 x15:0x80021df5  x9:0xffffa19b x30=0xfffffff0
         381513	     18974	8000703e	d6669697	auipc	x13,0xd6669	 x13=0x5667003e
         381533	     18975	80007042	5c7d	c.li	x24,-1	 x24=0xffffffff
         381613	     18979	80007044	0ff0000f	fence	iorw,iorw	
         381633	     18980	80007048	400d53b3	sra	x7,x26,x0	 x26:0xfffff8e5  x0:0x00000000  x7=0xfffff8e5
         381753	     18986	8000704c	012a5713	srli	x14,x20,0x12	 x20:0x00000000 x14=0x00000000
         382133	     19005	80007050	8f55	c.or	x14,x13	 x14:0x00000000 x13:0x5667003e x14=0x5667003e
         382153	     19006	80007052	1dabe093	ori	x1,x23,474	 x23:0xffffbfad  x1=0xffffbfff
         382573	     19027	80007056	34051273	csrrw	x4,mscratch,x10	 x10:0x00000000  x4=0x00000012
         382593	     19028	8000705a	0c42	c.slli	x24,0x10	 x24:0xffffffff x24=0xffff0000
         382613	     19029	8000705c	05c6	c.slli	x11,0x11	 x11:0x00000001 x11=0x00020000
         382633	     19030	8000705e	414e51b3	sra	x3,x28,x20	 x28:0x00000000 x20:0x00000000  x3=0x00000000
         382653	     19031	80007062	df6f3113	sltiu	x2,x30,-522	 x30:0xfffffff0  x2=0x00000000
         383053	     19051	80007066	01fecdb3	xor	x27,x29,x31	 x29:0x80501000 x31:0x9ba2e000 x27=0x1bf2f000
         383213	     19059	8000706a	0197bdb3	sltu	x27,x15,x25	 x15:0x80021df5 x25:0x00000000 x27=0x00000000
         383233	     19060	8000706e	40f553b3	sra	x7,x10,x15	 x10:0x00000000 x15:0x80021df5  x7=0x00000000
         383313	     19064	80007072	34007073	csrrci	x0,mscratch,0	  x0=0x00000000
         383333	     19065	80007076	8e29	c.xor	x12,x10	 x12:0xffffa18a x10:0x00000000 x12=0xffffa18a
         383353	     19066	80007078	8f49	c.or	x14,x10	 x14:0x5667003e x10:0x00000000 x14=0x5667003e
         383373	     19067	8000707a	0eea	c.slli	x29,0x1a	 x29:0x80501000 x29=0x00000000
         383413	     19069	8000707c	03571ab3	mulh	x21,x14,x21	 x14:0x5667003e x21:0x00000001 x21=0x00000000
         383953	     19096	80007080	05121263	bne	x4,x17,800070c4	  x4:0x00000012 x17:0x80025fe4
         384653	     19131	800070c4	00588d33	add	x26,x17,x5	 x17:0x80025fe4  x5:0x80025ce4 x26=0x0004bcc8
         385273	     19162	800070c8	01a86c33	or	x24,x16,x26	 x16:0xffffffff x26:0x0004bcc8 x24=0xffffffff
         385293	     19163	800070cc	011a6a63	bltu	x20,x17,800070e0	 x20:0x00000000 x17:0x80025fe4
         386033	     19200	800070e0	00e873b3	and	x7,x16,x14	 x16:0xffffffff x14:0x5667003e  x7=0x5667003e
         386833	     19240	800070e4	02126033	rem	x0,x4,x1	  x4:0x00000012  x1:0xffffbfff  x0=0x00000000
         386853	     19241	800070e8	07cb3f97	auipc	x31,0x7cb3	 x31=0x87cba0e8
         386873	     19242	800070ec	8fad	c.xor	x15,x11	 x15:0x80021df5 x11:0x00020000 x15=0x80001df5
         386893	     19243	800070ee	89b6	c.mv	x19,x13	  x0:0x00000000 x13:0x5667003e x19=0x5667003e
         386913	     19244	800070f0	9ce9ab93	slti	x23,x19,-1586	 x19:0x5667003e x23=0x00000000
         386933	     19245	800070f4	409e5593	srai	x11,x28,0x9	 x28:0x00000000 x11=0x00000000
         386953	     19246	800070f8	016b9d13	slli	x26,x23,0x16	 x23:0x00000000 x26=0x00000000
         386973	     19247	800070fc	006cb733	sltu	x14,x25,x6	 x25:0x00000000  x6:0x00000000 x14=0x00000000
         387213	     19259	80007100	009a5333	srl	x6,x20,x9	 x20:0x00000000  x9:0xffffa19b  x6=0x00000000
         387373	     19267	80007104	8c89	c.sub	x9,x10	  x9:0xffffa19b x10:0x00000000  x9=0xffffa19b
         387393	     19268	80007106	8a3a	c.mv	x20,x14	  x0:0x00000000 x14:0x00000000 x20=0x00000000
         387473	     19272	80007108	132baf93	slti	x31,x23,306	 x23:0x00000000 x31=0x00000001
         387493	     19273	8000710c	8075	c.srli	x8,0x1d	  x8:0x00000000  x8=0x00000000
         387633	     19280	8000710e	340993f3	csrrw	x7,mscratch,x19	 x19:0x5667003e  x7=0x00000000
         387693	     19283	80007112	006d4eb3	xor	x29,x26,x6	 x26:0x00000000  x6:0x00000000 x29=0x00000000
         388433	     19320	80007116	03e5d433	divu	x8,x11,x30	 x11:0x00000000 x30:0xfffffff0  x8=0x00000000
         388453	     19321	8000711a	157d	c.addi	x10,-1	 x10:0x00000000 x10=0xffffffff
         388473	     19322	8000711c	8309	c.srli	x14,0x2	 x14:0x00000000 x14=0x00000000
         388493	     19323	8000711e	c889	c.beqz	x9,80007130	  x9:0xffffa19b
         388513	     19324	80007120	8218c393	xori	x7,x17,-2015	 x17:0x80025fe4  x7=0x7ffda7c5
         388533	     19325	80007124	717d	c.addi16sp	x2,-16	  x2:0x00000000  x2=0xfffffff0
         388553	     19326	80007126	340bb073	csrrc	x0,mscratch,x23	 x23:0x00000000  x0=0x00000000
         388593	     19328	8000712a	02bf7cb3	remu	x25,x30,x11	 x30:0xfffffff0 x11:0x00000000 x25=0xfffffff0
         388613	     19329	8000712e	8cf1	c.and	x9,x12	  x9:0xffffa19b x12:0xffffa18a  x9=0xffffa18a
         388633	     19330	80007130	008e3333	sltu	x6,x28,x8	 x28:0x00000000  x8:0x00000000  x6=0x00000000
         388653	     19331	80007134	029a0963	beq	x20,x9,80007166	 x20:0x00000000  x9:0xffffa18a
         388753	     19336	80007138	0177a8b3	slt	x17,x15,x23	 x15:0x80001df5 x23:0x00000000 x17=0x00000001
         389613	     19379	8000713c	030ef0b3	remu	x1,x29,x16	 x29:0x00000000 x16:0xffffffff  x1=0x00000000
         389653	     19381	80007140	03043bb3	mulhu	x23,x8,x16	  x8:0x00000000 x16:0xffffffff x23=0x00000000
         389673	     19382	80007144	00ddd133	srl	x2,x27,x13	 x27:0x00000000 x13:0x5667003e  x2=0x00000000
         389713	     19384	80007148	03d11733	mulh	x14,x2,x29	  x2:0x00000000 x29:0x00000000 x14=0x00000000
         390453	     19421	8000714c	02fc5ab3	divu	x21,x24,x15	 x24:0xffffffff x15:0x80001df5 x21=0x00000001
         390473	     19422	80007150	0ff0000f	fence	iorw,iorw	
         390493	     19423	80007154	0899	c.addi	x17,6	 x17:0x00000001 x17=0x00000007
         390513	     19424	80007156	340035f3	csrrc	x11,mscratch,x0	  x0:0x00000000 x11=0x5667003e
         390533	     19425	8000715a	69a9	c.lui	x19,0xa	 x19=0x0000a000
         390553	     19426	8000715c	01fdd533	srl	x10,x27,x31	 x27:0x00000000 x31:0x00000001 x10=0x00000000
         390573	     19427	80007160	0814	c.addi4spn	x13,x2,16	 x13=0x00000010
         390593	     19428	80007162	cab34c13	xori	x24,x6,-853	  x6:0x00000000 x24=0xfffffcab
         391033	     19450	80007166	02311833	mulh	x16,x2,x3	  x2:0x00000000  x3:0x00000000 x16=0x00000000
         391053	     19451	8000716a	8d2d	c.xor	x10,x11	 x10:0x00000000 x11:0x5667003e x10=0x5667003e
         391073	     19452	8000716c	0ff0000f	fence	iorw,iorw	
         391173	     19457	80007170	01ab4663	blt	x22,x26,8000717c	 x22:0xdd76a18d x26:0x00000000
         392353	     19516	8000717c	02c44133	div	x2,x8,x12	  x8:0x00000000 x12:0xffffa18a  x2=0x00000000
         392393	     19518	80007180	02019533	mulh	x10,x3,x0	  x3:0x00000000  x0:0x00000000 x10=0x00000000
         392413	     19519	80007184	8f59	c.or	x14,x14	 x14:0x00000000 x14:0x00000000 x14=0x00000000
         392433	     19520	80007186	ed89	c.bnez	x11,800071a0	 x11:0x5667003e
         392533	     19525	800071a0	02c6afb3	mulhsu	x31,x13,x12	 x13:0x00000010 x12:0xffffa18a x31=0x0000000f
         392813	     19539	800071a4	008f4763	blt	x30,x8,800071b2	 x30:0xfffffff0  x8:0x00000000
         393173	     19557	800071b2	02239f63	bne	x7,x2,800071f0	  x7:0x7ffda7c5  x2:0x00000000
         393813	     19589	800071f0	007a15b3	sll	x11,x20,x7	 x20:0x00000000  x7:0x7ffda7c5 x11=0x00000000
         393833	     19590	800071f4	0f9c	c.addi4spn	x15,x2,976	 x15=0x000003d0
         393893	     19593	800071f6	c0df3e93	sltiu	x29,x30,-1011	 x30:0xfffffff0 x29=0x00000000
         394973	     19647	800071fa	03984833	div	x16,x16,x25	 x16:0x00000000 x25:0xfffffff0 x16=0x00000000
         394993	     19648	800071fe	008cfa63	bgeu	x25,x8,80007212	 x25:0xfffffff0  x8:0x00000000
         395333	     19665	80007212	340079f3	csrrci	x19,mscratch,0	 x19=0x5667003e
         395493	     19673	80007216	41a40533	sub	x10,x8,x26	  x8:0x00000000 x26:0x00000000 x10=0x00000000
         395513	     19674	8000721a	002d4d33	xor	x26,x26,x2	 x26:0x00000000  x2:0x00000000 x26=0x00000000
         395533	     19675	8000721e	0001	c.addi	x0,0	  x0:0x00000000  x0=0x00000000
         395553	     19676	80007220	0000100f	fence.i	
         396813	     19739	80007224	1d94	c.addi4spn	x13,x2,752	 x13=0x000002f0
         396993	     19748	80007226	00830033	add	x0,x6,x8	  x6:0x00000000  x8:0x00000000  x0=0x00000000
         397013	     19749	8000722a	0dd2	c.slli	x27,0x14	 x27:0x00000000 x27=0x00000000
         397033	     19750	8000722c	37f2f313	andi	x6,x5,895	  x5:0x80025ce4  x6=0x00000064
         397053	     19751	80007230	8ea1	c.xor	x13,x8	 x13:0x000002f0  x8:0x00000000 x13=0x000002f0
         397073	     19752	80007232	9e1754b7	lui	x9,0x9e175	  x9=0x9e175000
         397113	     19754	80007236	02ed4db3	div	x27,x26,x14	 x26:0x00000000 x14:0x00000000 x27=0xffffffff
         397133	     19755	8000723a	e891	c.bnez	x9,8000724e	  x9:0x9e175000
         397273	     19762	8000724e	34002773	csrrs	x14,mscratch,x0	  x0:0x00000000 x14=0x5667003e
         397693	     19783	80007252	024b8bb3	mul	x23,x23,x4	 x23:0x00000000  x4:0x00000012 x23=0x00000000
         397713	     19784	80007256	401f0fb3	sub	x31,x30,x1	 x30:0xfffffff0  x1:0x00000000 x31=0xfffffff0
         397733	     19785	8000725a	03eff763	bgeu	x31,x30,80007288	 x31:0xfffffff0 x30:0xfffffff0
         398353	     19816	80007288	02a2a433	mulhsu	x8,x5,x10	  x5:0x80025ce4 x10:0x00000000  x8=0x00000000
         398373	     19817	8000728c	000c8f33	add	x30,x25,x0	 x25:0xfffffff0  x0:0x00000000 x30=0xfffffff0
         398393	     19818	80007290	f80d3713	sltiu	x14,x26,-128	 x26:0x00000000 x14=0x00000001
         398413	     19819	80007294	01f29393	slli	x7,x5,0x1f	  x5:0x80025ce4  x7=0x00000000
         398453	     19821	80007298	03d028b3	mulhsu	x17,x0,x29	  x0:0x00000000 x29:0x00000000 x17=0x00000000
         398473	     19822	8000729c	0001	c.addi	x0,0	  x0:0x00000000  x0=0x00000000
         398493	     19823	8000729e	0001	c.addi	x0,0	  x0:0x00000000  x0=0x00000000
         398513	     19824	800072a0	8359	c.srli	x14,0x16	 x14:0x00000001 x14=0x00000000
         398533	     19825	800072a2	8ffd	c.and	x15,x15	 x15:0x000003d0 x15:0x000003d0 x15=0x000003d0
         398553	     19826	800072a4	417159b3	sra	x19,x2,x23	  x2:0x00000000 x23:0x00000000 x19=0x00000000
         398573	     19827	800072a8	02a04263	blt	x0,x10,800072cc	  x0:0x00000000 x10:0x00000000
         398593	     19828	800072ac	5dfd	c.li	x27,-1	 x27=0xffffffff
         398833	     19840	800072ae	3400ee73	csrrsi	x28,mscratch,1	 x28=0x5667003e
         398853	     19841	800072b2	0096d863	bge	x13,x9,800072c2	 x13:0x000002f0  x9:0x9e175000
         398973	     19847	800072c2	1e8c	c.addi4spn	x11,x2,880	 x11=0x00000370
         399393	     19868	800072c4	03124363	blt	x4,x17,800072ea	  x4:0x00000012 x17:0x00000000
         399413	     19869	800072c8	401855b3	sra	x11,x16,x1	 x16:0x00000000  x1:0x00000000 x11=0x00000000
         399553	     19876	800072cc	01de21b3	slt	x3,x28,x29	 x28:0x5667003e x29:0x00000000  x3=0x00000000
         399573	     19877	800072d0	9de6	c.add	x27,x25	 x27:0xffffffff x25:0xfffffff0 x27=0xffffffef
         399633	     19880	800072d2	0237cd33	div	x26,x15,x3	 x15:0x000003d0  x3:0x00000000 x26=0xffffffff
         399773	     19887	800072d6	00bd8eb3	add	x29,x27,x11	 x27:0xffffffef x11:0x00000000 x29=0xffffffef
         399793	     19888	800072da	03745a63	bge	x8,x23,8000730e	  x8:0x00000000 x23:0x00000000
         400293	     19913	8000730e	4475	c.li	x8,29	  x8=0x0000001d
         400713	     19934	80007310	56fd	c.li	x13,-1	 x13=0xffffffff
         400733	     19935	80007312	40b1d0b3	sra	x1,x3,x11	  x3:0x00000000 x11:0x00000000  x1=0x00000000
         400753	     19936	80007316	997d	c.andi	x10,-1	 x10:0x00000000 x10=0x00000000
         400773	     19937	80007318	7ca40813	addi	x16,x8,1994	  x8:0x0000001d x16=0x000007e7
         400793	     19938	8000731c	340330f3	csrrc	x1,mscratch,x6	  x6:0x00000064  x1=0x5667003f
         400813	     19939	80007320	014d30b3	sltu	x1,x26,x20	 x26:0xffffffff x20:0x00000000  x1=0x00000000
         400833	     19940	80007324	f2d3a093	slti	x1,x7,-211	  x7:0x00000000  x1=0x00000000
         400853	     19941	80007328	01bfdf13	srli	x30,x31,0x1b	 x31:0xfffffff0 x30=0x0000001f
         401173	     19957	8000732c	8ce9	c.and	x9,x10	  x9:0x9e175000 x10:0x00000000  x9=0x00000000
         401193	     19958	8000732e	8d11	c.sub	x10,x12	 x10:0x00000000 x12:0xffffa18a x10=0x00005e76
         401493	     19973	80007330	023e58b3	divu	x17,x28,x3	 x28:0x5667003e  x3:0x00000000 x17=0xffffffff
         401513	     19974	80007334	6175	c.addi16sp	x2,368	  x2:0x00000000  x2=0x00000170
         401553	     19976	80007336	03d5beb3	mulhu	x29,x11,x29	 x11:0x00000000 x29:0xffffffef x29=0x00000000
         401653	     19981	8000733a	c7f06093	ori	x1,x0,-897	  x0:0x00000000  x1=0xfffffc7f
         401673	     19982	8000733e	80a2	c.mv	x1,x8	  x0:0x00000000  x8:0x0000001d  x1=0x0000001d
         401693	     19983	80007340	49934113	xori	x2,x6,1177	  x6:0x00000064  x2=0x000004fd
         401873	     19992	80007344	8c65	c.and	x8,x9	  x8:0x0000001d  x9:0x00000000  x8=0x00000000
         401913	     19994	80007346	026da9b3	mulhsu	x19,x27,x6	 x27:0xffffffef  x6:0x00000064 x19=0xffffffff
         401933	     19995	8000734a	340196f3	csrrw	x13,mscratch,x3	  x3:0x00000000 x13=0x5667001b
         402673	     20032	8000734e	03f44433	div	x8,x8,x31	  x8:0x00000000 x31:0xfffffff0  x8=0x00000000
         402693	     20033	80007352	00f6bdb3	sltu	x27,x13,x15	 x13:0x5667001b x15:0x000003d0 x27=0x00000000
         402713	     20034	80007356	717d	c.addi16sp	x2,-16	  x2:0x000004fd  x2=0x000004ed
         402733	     20035	80007358	8e6d	c.and	x12,x11	 x12:0xffffa18a x11:0x00000000 x12=0x00000000
         402753	     20036	8000735a	ee8d	c.bnez	x13,80007394	 x13:0x5667001b
         403053	     20051	80007394	34003873	csrrc	x16,mscratch,x0	  x0:0x00000000 x16=0x00000000
         403253	     20061	80007398	0238f833	remu	x16,x17,x3	 x17:0xffffffff  x3:0x00000000 x16=0xffffffff
         403313	     20064	8000739c	34001673	csrrw	x12,mscratch,x0	  x0:0x00000000 x12=0x00000000
         403333	     20065	800073a0	01a49793	slli	x15,x9,0x1a	  x9:0x00000000 x15=0x00000000
         403653	     20081	800073a4	01c6f133	and	x2,x13,x28	 x13:0x5667001b x28:0x5667003e  x2=0x5667001a
         403833	     20090	800073a8	00e36e63	bltu	x6,x14,800073c4	  x6:0x00000064 x14:0x00000000
         403853	     20091	800073ac	00bf7d33	and	x26,x30,x11	 x30:0x0000001f x11:0x00000000 x26=0x00000000
         403873	     20092	800073b0	0ff0000f	fence	iorw,iorw	
         403893	     20093	800073b4	8e0d	c.sub	x12,x11	 x12:0x00000000 x11:0x00000000 x12=0x00000000
         404033	     20100	800073b6	00bd0563	beq	x26,x11,800073c0	 x26:0x00000000 x11:0x00000000
         404673	     20132	800073c0	340d6573	csrrsi	x10,mscratch,26	 x10=0x00000000
         404693	     20133	800073c4	415b0f33	sub	x30,x22,x21	 x22:0xdd76a18d x21:0x00000001 x30=0xdd76a18c
         405433	     20170	800073c8	030c4133	div	x2,x24,x16	 x24:0xfffffcab x16:0xffffffff  x2=0x00000355
         405453	     20171	800073cc	34041873	csrrw	x16,mscratch,x8	  x8:0x00000000 x16=0x0000001a
         405473	     20172	800073d0	00a8c833	xor	x16,x17,x10	 x17:0xffffffff x10:0x00000000 x16=0xffffffff
         405493	     20173	800073d4	00b493b3	sll	x7,x9,x11	  x9:0x00000000 x11:0x00000000  x7=0x00000000
         405513	     20174	800073d8	00a6c893	xori	x17,x13,10	 x13:0x5667001b x17=0x56670011
         405533	     20175	800073dc	8289	c.srli	x13,0x2	 x13:0x5667001b x13=0x1599c006
         405573	     20177	800073de	340029f3	csrrs	x19,mscratch,x0	  x0:0x00000000 x19=0x00000000
         405593	     20178	800073e2	ffcbe693	ori	x13,x23,-4	 x23:0x00000000 x13=0xfffffffc
         405713	     20184	800073e6	41f35f93	srai	x31,x6,0x1f	  x6:0x00000064 x31=0x00000000
         406093	     20203	800073ea	03a131b3	mulhu	x3,x2,x26	  x2:0x00000355 x26:0x00000000  x3=0x00000000
         406433	     20220	800073ee	340034f3	csrrc	x9,mscratch,x0	  x0:0x00000000  x9=0x00000000
         407473	     20272	800073f2	0244ef33	rem	x30,x9,x4	  x9:0x00000000  x4:0x00000012 x30=0x00000000
         413493	     20573	800073f6	48b5	c.li	x17,13	 x17=0x0000000d
         413533	     20575	800073f8	027cc033	div	x0,x25,x7	 x25:0xfffffff0  x7:0x00000000  x0=0x00000000
         413573	     20577	800073fc	034854b3	divu	x9,x16,x20	 x16:0xffffffff x20:0x00000000  x9=0xffffffff
         413593	     20578	80007400	0225ef63	bltu	x11,x2,8000743e	 x11:0x00000000  x2:0x00000355
         414673	     20632	8000743e	41a350b3	sra	x1,x6,x26	  x6:0x00000064 x26:0x00000000  x1=0x00000064
         414693	     20633	80007442	03348563	beq	x9,x19,8000746c	  x9:0xffffffff x19:0x00000000
         414713	     20634	80007446	01608b63	beq	x1,x22,8000745c	  x1:0x00000064 x22:0xdd76a18d
         414733	     20635	8000744a	987d	c.andi	x8,-1	  x8:0x00000000  x8=0x00000000
         414873	     20642	8000744c	8395	c.srli	x15,0x5	 x15:0x00000000 x15=0x00000000
         415313	     20664	8000744e	02ba2733	mulhsu	x14,x20,x11	 x20:0x00000000 x11:0x00000000 x14=0x00000000
         415333	     20665	80007452	ee19	c.bnez	x12,80007470	 x12:0x00000000
         415353	     20666	80007454	0000100f	fence.i	
         415893	     20693	80007458	34031ff3	csrrw	x31,mscratch,x6	  x6:0x00000064 x31=0x00000000
         415953	     20696	8000745c	8de9	c.and	x11,x10	 x11:0x00000000 x10:0x00000000 x11=0x00000000
         415973	     20697	8000745e	340991f3	csrrw	x3,mscratch,x19	 x19:0x00000000  x3=0x00000064
         415993	     20698	80007462	01d73333	sltu	x6,x14,x29	 x14:0x00000000 x29:0x00000000  x6=0x00000000
         416153	     20706	80007466	34052e73	csrrs	x28,mscratch,x10	 x10:0x00000000 x28=0x00000000
         416173	     20707	8000746a	c481	c.beqz	x9,80007472	  x9:0xffffffff
         416293	     20713	8000746c	028f68b3	rem	x17,x30,x8	 x30:0x00000000  x8:0x00000000 x17=0x00000000
         416313	     20714	80007470	9eba	c.add	x29,x14	 x29:0x00000000 x14:0x00000000 x29=0x00000000
         416493	     20723	80007472	41afd893	srai	x17,x31,0x1a	 x31:0x00000000 x17=0x00000000
         416653	     20731	80007476	34003a73	csrrc	x20,mscratch,x0	  x0:0x00000000 x20=0x00000000
         416673	     20732	8000747a	039a	c.slli	x7,0x6	  x7:0x00000000  x7=0x00000000
         416693	     20733	8000747c	8c9d	c.sub	x9,x15	  x9:0xffffffff x15:0x00000000  x9=0xffffffff
         416713	     20734	8000747e	0168c4b3	xor	x9,x17,x22	 x17:0x00000000 x22:0xdd76a18d  x9=0xdd76a18d
         416733	     20735	80007482	630d	c.lui	x6,0x3	  x6=0x00003000
         416773	     20737	80007484	02ec63b3	rem	x7,x24,x14	 x24:0xfffffcab x14:0x00000000  x7=0xfffffcab
         416813	     20739	80007488	02a2f433	remu	x8,x5,x10	  x5:0x80025ce4 x10:0x00000000  x8=0x80025ce4
         416833	     20740	8000748c	0001	c.addi	x0,0	  x0:0x00000000  x0=0x00000000
         416873	     20742	8000748e	02a9e833	rem	x16,x19,x10	 x19:0x00000000 x10:0x00000000 x16=0x00000000
         416913	     20744	80007492	030ba533	mulhsu	x10,x23,x16	 x23:0x00000000 x16:0x00000000 x10=0x00000000
         416973	     20747	80007496	340639f3	csrrc	x19,mscratch,x12	 x12:0x00000000 x19=0x00000000
         416993	     20748	8000749a	8f7d	c.and	x14,x15	 x14:0x00000000 x15:0x00000000 x14=0x00000000
         417053	     20751	8000749c	02fa2e33	mulhsu	x28,x20,x15	 x20:0x00000000 x15:0x00000000 x28=0x00000000
         417073	     20752	800074a0	00cfea63	bltu	x31,x12,800074b4	 x31:0x00000000 x12:0x00000000
         417473	     20772	800074a4	54fd	c.li	x9,-1	  x9=0xffffffff
         417493	     20773	800074a6	46dd	c.li	x13,23	 x13=0x00000017
         417553	     20776	800074a8	c509	c.beqz	x10,800074b2	 x10:0x00000000
         418573	     20827	800074b2	6ba9	c.lui	x23,0xa	 x23=0x0000a000
         418613	     20829	800074b4	005bd193	srli	x3,x23,0x5	 x23:0x0000a000  x3=0x00000500
         418633	     20830	800074b8	00b48233	add	x4,x9,x11	  x9:0xffffffff x11:0x00000000  x4=0xffffffff
         418673	     20832	800074bc	717d	c.addi16sp	x2,-16	  x2:0x00000355  x2=0x00000345
         418833	     20840	800074be	008910b3	sll	x1,x18,x8	 x18:0x80021df4  x8:0x80025ce4  x1=0x0021df40
         418853	     20841	800074c2	41015e33	sra	x28,x2,x16	  x2:0x00000345 x16:0x00000000 x28=0x00000345
         418893	     20843	800074c6	02d0a833	mulhsu	x16,x1,x13	  x1:0x0021df40 x13:0x00000017 x16=0x00000000
         418933	     20845	800074ca	2412a313	slti	x6,x5,577	  x5:0x80025ce4  x6=0x00000001
         419373	     20867	800074ce	009d9d33	sll	x26,x27,x9	 x27:0x00000000  x9:0xffffffff x26=0x00000000
         419713	     20884	800074d2	3401dbf3	csrrwi	x23,mscratch,3	 x23=0x00000000
         419753	     20886	800074d6	03e95bb3	divu	x23,x18,x30	 x18:0x80021df4 x30:0x00000000 x23=0xffffffff
         419793	     20888	800074da	025b3533	mulhu	x10,x22,x5	 x22:0xdd76a18d  x5:0x80025ce4 x10=0x6ebd5c0f
         419813	     20889	800074de	404bdcb3	sra	x25,x23,x4	 x23:0xffffffff  x4:0xffffffff x25=0xffffffff
         419833	     20890	800074e2	6fd5	c.lui	x31,0x15	 x31=0x00015000
         420193	     20908	800074e4	69fac493	xori	x9,x21,1695	 x21:0x00000001  x9=0x0000069e
         420233	     20910	800074e8	020edfb3	divu	x31,x29,x0	 x29:0x00000000  x0:0x00000000 x31=0xffffffff
         420253	     20911	800074ec	3e6c4f93	xori	x31,x24,998	 x24:0xfffffcab x31=0xffffff4d
         420493	     20923	800074f0	bb4d3613	sltiu	x12,x26,-1100	 x26:0x00000000 x12=0x00000001
         420813	     20939	800074f4	410e5d13	srai	x26,x28,0x10	 x28:0x00000345 x26=0x00000000
         420833	     20940	800074f8	0000100f	fence.i	
         421113	     20954	800074fc	018a2233	slt	x4,x20,x24	 x20:0x00000000 x24:0xfffffcab  x4=0x00000000
         421133	     20955	80007500	1200	c.addi4spn	x8,x2,288	  x8=0x00000465
         421173	     20957	80007502	02b1eeb3	rem	x29,x3,x11	  x3:0x00000500 x11:0x00000000 x29=0x00000500
         421193	     20958	80007506	e915	c.bnez	x10,8000753a	 x10:0x6ebd5c0f
         422193	     21008	8000753a	030f0f63	beq	x30,x16,80007578	 x30:0x00000000 x16:0x00000000
         422993	     21048	80007578	8b212e13	slti	x28,x2,-1870	  x2:0x00000345 x28=0x00000000
         423013	     21049	8000757c	68f9	c.lui	x17,0x1e	 x17=0x0001e000
         423413	     21069	8000757e	0ff0000f	fence	iorw,iorw	
         423433	     21070	80007582	34065873	csrrwi	x16,mscratch,12	 x16=0x00000003
         423453	     21071	80007586	0001	c.addi	x0,0	  x0:0x00000000  x0=0x00000000
         423713	     21084	80007588	6119	c.addi16sp	x2,384	  x2:0x00000345  x2=0x000004c5
         423733	     21085	8000758a	0ff0000f	fence	iorw,iorw	
         424113	     21104	8000758e	002e5e13	srli	x28,x28,0x2	 x28:0x00000000 x28=0x00000000
         424133	     21105	80007592	0149e663	bltu	x19,x20,8000759e	 x19:0x00000000 x20:0x00000000
         424573	     21127	80007596	03e193b3	mulh	x7,x3,x30	  x3:0x00000500 x30:0x00000000  x7=0x00000000
         424593	     21128	8000759a	3400e9f3	csrrsi	x19,mscratch,1	 x19=0x0000000c
         425573	     21177	8000759e	030ec833	div	x16,x29,x16	 x29:0x00000500 x16:0x00000003 x16=0x000001aa
         425593	     21178	800075a2	001610b3	sll	x1,x12,x1	 x12:0x00000001  x1:0x0021df40  x1=0x00000001
         425613	     21179	800075a6	41fed133	sra	x2,x29,x31	 x29:0x00000500 x31:0xffffff4d  x2=0x00000000
         426353	     21216	800075aa	033d7433	remu	x8,x26,x19	 x26:0x00000000 x19:0x0000000c  x8=0x00000000
         426373	     21217	800075ae	011d17b3	sll	x15,x26,x17	 x26:0x00000000 x17:0x0001e000 x15=0x00000000
         426393	     21218	800075b2	2d462d93	slti	x27,x12,724	 x12:0x00000001 x27=0x00000001
         426413	     21219	800075b6	340bfe73	csrrci	x28,mscratch,23	 x28=0x0000000d
         426433	     21220	800075ba	01819fb3	sll	x31,x3,x24	  x3:0x00000500 x24:0xfffffcab x31=0x00280000
         426593	     21228	800075be	340a1af3	csrrw	x21,mscratch,x20	 x20:0x00000000 x21=0x00000008
         426613	     21229	800075c2	8b8d	c.andi	x15,3	 x15:0x00000000 x15=0x00000000
         426633	     21230	800075c4	012349b3	xor	x19,x6,x18	  x6:0x00000001 x18:0x80021df4 x19=0x80021df5
         426653	     21231	800075c8	8f79	c.and	x14,x14	 x14:0x00000000 x14:0x00000000 x14=0x00000000
         426673	     21232	800075ca	0001	c.addi	x0,0	  x0:0x00000000  x0=0x00000000
         426713	     21234	800075cc	014ac663	blt	x21,x20,800075d8	 x21:0x00000008 x20:0x00000000
         426913	     21244	800075d0	34007173	csrrci	x2,mscratch,0	  x2=0x00000000
         426933	     21245	800075d4	a09a2837	lui	x16,0xa09a2	 x16=0xa09a2000
         426953	     21246	800075d8	8c45	c.or	x8,x9	  x8:0x00000000  x9:0x0000069e  x8=0x0000069e
         427373	     21267	800075da	6b47c817	auipc	x16,0x6b47c	 x16=0xeb4835da
         427553	     21276	800075de	9b59b093	sltiu	x1,x19,-1611	 x19:0x80021df5  x1=0x00000001
         427613	     21279	800075e2	0027bbb3	sltu	x23,x15,x2	 x15:0x00000000  x2:0x00000000 x23=0x00000000
         427633	     21280	800075e6	0001	c.addi	x0,0	  x0:0x00000000  x0=0x00000000
         427653	     21281	800075e8	0000100f	fence.i	
         428613	     21329	800075ec	84fbca93	xori	x21,x23,-1969	 x23:0x00000000 x21=0xfffff84f
         428633	     21330	800075f0	34006e73	csrrsi	x28,mscratch,0	 x28=0x00000000
         428673	     21332	800075f4	0203efb3	rem	x31,x7,x0	  x7:0x00000000  x0:0x00000000 x31=0x00000000
         428693	     21333	800075f8	81f9	c.srli	x11,0x1e	 x11:0x00000000 x11=0x00000000
         428793	     21338	800075fa	3407da73	csrrwi	x20,mscratch,15	 x20=0x00000000
         428813	     21339	800075fe	028d0a33	mul	x20,x26,x8	 x26:0x00000000  x8:0x0000069e x20=0x00000000
         428853	     21341	80007602	029fa833	mulhsu	x16,x31,x9	 x31:0x00000000  x9:0x0000069e x16=0x00000000
         428873	     21342	80007606	01f666b3	or	x13,x12,x31	 x12:0x00000001 x31:0x00000000 x13=0x00000001
         429273	     21362	8000760a	bdd65ab7	lui	x21,0xbdd65	 x21=0xbdd65000
         429433	     21370	8000760e	00639e13	slli	x28,x7,0x6	  x7:0x00000000 x28=0x00000000
         429853	     21391	80007612	0000100f	fence.i	
         430533	     21425	80007616	6125	c.addi16sp	x2,96	  x2:0x00000000  x2=0x00000060
         430553	     21426	80007618	40218db3	sub	x27,x3,x2	  x3:0x00000500  x2:0x00000060 x27=0x000004a0
         431353	     21466	8000761c	021b7fb3	remu	x31,x22,x1	 x22:0xdd76a18d  x1:0x00000001 x31=0x00000000
         432093	     21503	80007620	0235f333	remu	x6,x11,x3	 x11:0x00000000  x3:0x00000500  x6=0x00000000
         432113	     21504	80007624	01105d63	bge	x0,x17,8000763e	  x0:0x00000000 x17:0x0001e000
         432133	     21505	80007628	02884463	blt	x16,x8,80007650	 x16:0x00000000  x8:0x0000069e
         432213	     21509	80007650	0c99	c.addi	x25,6	 x25:0xffffffff x25=0x00000005
         433153	     21556	80007652	038dd8b3	divu	x17,x27,x24	 x27:0x000004a0 x24:0xfffffcab x17=0x00000000
         433893	     21593	80007656	03316f33	rem	x30,x2,x19	  x2:0x00000060 x19:0x80021df5 x30=0x00000060
         433913	     21594	8000765a	001a8cb3	add	x25,x21,x1	 x21:0xbdd65000  x1:0x00000001 x25=0xbdd65001
         433933	     21595	8000765e	03496863	bltu	x18,x20,8000768e	 x18:0x80021df4 x20:0x00000000
         433953	     21596	80007662	01e283b3	add	x7,x5,x30	  x5:0x80025ce4 x30:0x00000060  x7=0x80025d44
         433973	     21597	80007666	8e89	c.sub	x13,x10	 x13:0x00000001 x10:0x6ebd5c0f x13=0x9142a3f2
         433993	     21598	80007668	340020f3	csrrs	x1,mscratch,x0	  x0:0x00000000  x1=0x0000000f
         434013	     21599	8000766c	340077f3	csrrci	x15,mscratch,0	 x15=0x0000000f
         434433	     21620	80007670	0f22	c.slli	x30,0x8	 x30:0x00000060 x30=0x00006000
         434493	     21623	80007672	000f3c33	sltu	x24,x30,x0	 x30:0x00006000  x0:0x00000000 x24=0x00000000
         434593	     21628	80007676	340c1373	csrrw	x6,mscratch,x24	 x24:0x00000000  x6=0x0000000f
         434613	     21629	8000767a	8b85	c.andi	x15,1	 x15:0x0000000f x15=0x00000001
         434633	     21630	8000767c	4a6d	c.li	x20,27	 x20=0x0000001b
         434713	     21634	8000767e	1261e993	ori	x19,x3,294	  x3:0x00000500 x19=0x00000526
         434733	     21635	80007682	01887e33	and	x28,x16,x24	 x16:0x00000000 x24:0x00000000 x28=0x00000000
         434813	     21639	80007686	03f7d9b3	divu	x19,x15,x31	 x15:0x00000001 x31:0x00000000 x19=0xffffffff
         435013	     21649	8000768a	0193b433	sltu	x8,x7,x25	  x7:0x80025d44 x25:0xbdd65001  x8=0x00000001
         435433	     21670	8000768e	000a8fb3	add	x31,x21,x0	 x21:0xbdd65000  x0:0x00000000 x31=0xbdd65000
         436173	     21707	80007692	0322c7b3	div	x15,x5,x18	  x5:0x80025ce4 x18:0x80021df4 x15=0x00000000
         436193	     21708	80007696	03fd0263	beq	x26,x31,800076ba	 x26:0x00000000 x31:0xbdd65000
         436213	     21709	8000769a	8d31	c.xor	x10,x12	 x10:0x6ebd5c0f x12:0x00000001 x10=0x6ebd5c0e
         436233	     21710	8000769c	00e0f733	and	x14,x1,x14	  x1:0x0000000f x14:0x00000000 x14=0x00000000
         436253	     21711	800076a0	c889	c.beqz	x9,800076b2	  x9:0x0000069e
         436273	     21712	800076a2	00b71e63	bne	x14,x11,800076be	 x14:0x00000000 x11:0x00000000
         436293	     21713	800076a6	ec11	c.bnez	x8,800076c2	  x8:0x00000001
         436753	     21736	800076c2	340867f3	csrrsi	x15,mscratch,16	 x15=0x00000000
         437113	     21754	800076c6	00945433	srl	x8,x8,x9	  x8:0x00000001  x9:0x0000069e  x8=0x00000000
         437133	     21755	800076ca	8ced	c.and	x9,x11	  x9:0x0000069e x11:0x00000000  x9=0x00000000
         437213	     21759	800076cc	01fb7c63	bgeu	x22,x31,800076e4	 x22:0xdd76a18d x31:0xbdd65000
         437433	     21770	800076e4	0be9	c.addi	x23,26	 x23:0x00000000 x23=0x0000001a
         437593	     21778	800076e6	34006173	csrrsi	x2,mscratch,0	  x2=0x00000010
         437613	     21779	800076ea	712a8d13	addi	x26,x21,1810	 x21:0xbdd65000 x26=0xbdd65712
         437713	     21784	800076ee	340574f3	csrrci	x9,mscratch,10	  x9=0x00000010
         437733	     21785	800076f2	9152	c.add	x2,x20	  x2:0x00000010 x20:0x0000001b  x2=0x0000002b
         437753	     21786	800076f4	98ea	c.add	x17,x26	 x17:0x00000000 x26:0xbdd65712 x17=0xbdd65712
         437773	     21787	800076f6	0000100f	fence.i	
         438333	     21815	800076fa	010c1613	slli	x12,x24,0x10	 x24:0x00000000 x12=0x00000000
         438373	     21817	800076fe	6e052217	auipc	x4,0x6e052	  x4=0xee0596fe
         438393	     21818	80007702	340025f3	csrrs	x11,mscratch,x0	  x0:0x00000000 x11=0x00000010
         438413	     21819	80007706	0001	c.addi	x0,0	  x0:0x00000000  x0=0x00000000
         438553	     21826	80007708	00b8c3b3	xor	x7,x17,x11	 x17:0xbdd65712 x11:0x00000010  x7=0xbdd65702
         438573	     21827	8000770c	d59ac093	xori	x1,x21,-679	 x21:0xbdd65000  x1=0x4229ad59
         438593	     21828	80007710	ff7d2c93	slti	x25,x26,-9	 x26:0xbdd65712 x25=0x00000001
         438973	     21847	80007714	9e96	c.add	x29,x5	 x29:0x00000500  x5:0x80025ce4 x29=0x800261e4
         439033	     21850	80007716	3408a073	csrrs	x0,mscratch,x17	 x17:0xbdd65712  x0=0x00000000
         439413	     21869	8000771a	02c8bdb3	mulhu	x27,x17,x12	 x17:0xbdd65712 x12:0x00000000 x27=0x00000000
         439433	     21870	8000771e	8da9	c.xor	x11,x10	 x11:0x00000010 x10:0x6ebd5c0e x11=0x6ebd5c1e
         439453	     21871	80007720	8e69	c.and	x12,x10	 x12:0x00000000 x10:0x6ebd5c0e x12=0x00000000
         439493	     21873	80007722	03563ab3	mulhu	x21,x12,x21	 x12:0x00000000 x21:0xbdd65000 x21=0x00000000
         439513	     21874	80007726	01c48663	beq	x9,x28,80007732	  x9:0x00000010 x28:0x00000000
         439533	     21875	8000772a	03bc5863	bge	x24,x27,8000775a	 x24:0x00000000 x27:0x00000000
         440293	     21913	8000775a	010c1f93	slli	x31,x24,0x10	 x24:0x00000000 x31=0x00000000
         440353	     21916	8000775e	0127d533	srl	x10,x15,x18	 x15:0x00000000 x18:0x80021df4 x10=0x00000000
         440373	     21917	80007762	8049	c.srli	x8,0x12	  x8:0x00000000  x8=0x00000000
         440413	     21919	80007764	008ae9b3	or	x19,x21,x8	 x21:0x00000000  x8:0x00000000 x19=0x00000000
         440833	     21940	80007768	8ee9	c.and	x13,x10	 x13:0x9142a3f2 x10:0x00000000 x13=0x00000000
         440853	     21941	8000776a	0001	c.addi	x0,0	  x0:0x00000000  x0=0x00000000
         440873	     21942	8000776c	cc19	c.beqz	x8,8000778a	  x8:0x00000000
         441193	     21958	8000778a	0017d563	bge	x15,x1,80007794	 x15:0x00000000  x1:0x4229ad59
         441213	     21959	8000778e	6685	c.lui	x13,0x1	 x13=0x00001000
         441393	     21968	80007790	0ff0000f	fence	iorw,iorw	
         441413	     21969	80007794	8e75	c.and	x12,x13	 x12:0x00000000 x13:0x00001000 x12=0x00000000
         441433	     21970	80007796	8e59	c.or	x12,x14	 x12:0x00000000 x14:0x00000000 x12=0x00000000
         441453	     21971	80007798	00c8a013	slti	x0,x17,12	 x17:0xbdd65712  x0=0x00000000
         441473	     21972	8000779c	340061f3	csrrsi	x3,mscratch,0	  x3=0xbdd65712
         441493	     21973	800077a0	40c6d633	sra	x12,x13,x12	 x13:0x00001000 x12:0x00000000 x12=0x00001000
         441513	     21974	800077a4	59fd	c.li	x19,-1	 x19=0xffffffff
         441693	     21983	800077a6	028e2033	mulhsu	x0,x28,x8	 x28:0x00000000  x8:0x00000000  x0=0x00000000
         441713	     21984	800077aa	3401daf3	csrrwi	x21,mscratch,3	 x21=0xbdd65712
         441733	     21985	800077ae	340b3173	csrrc	x2,mscratch,x22	 x22:0xdd76a18d  x2=0x00000003
         441753	     21986	800077b2	0fa2	c.slli	x31,0x8	 x31:0x00000000 x31=0x00000000
         441773	     21987	800077b4	0047df93	srli	x31,x15,0x4	 x15:0x00000000 x31=0x00000000
         441793	     21988	800077b8	81b9	c.srli	x11,0xe	 x11:0x6ebd5c1e x11=0x0001baf5
         441813	     21989	800077ba	4e7d	c.li	x28,31	 x28=0x0000001f
         441973	     21997	800077bc	8f49	c.or	x14,x10	 x14:0x00000000 x10:0x00000000 x14=0x00000000
         442013	     21999	800077be	037c9ab3	mulh	x21,x25,x23	 x25:0x00000001 x23:0x0000001a x21=0x00000000
         442033	     22000	800077c2	8cad	c.xor	x9,x11	  x9:0x00000010 x11:0x0001baf5  x9=0x0001bae5
         442053	     22001	800077c4	6819	c.lui	x16,0x6	 x16=0x00006000
         442073	     22002	800077c6	0100	c.addi4spn	x8,x2,128	  x8=0x00000083
         442093	     22003	800077c8	05c08e93	addi	x29,x1,92	  x1:0x4229ad59 x29=0x4229adb5
         442253	     22011	800077cc	34031473	csrrw	x8,mscratch,x6	  x6:0x0000000f  x8=0x00000002
         442273	     22012	800077d0	017239b3	sltu	x19,x4,x23	  x4:0xee0596fe x23:0x0000001a x19=0x00000000
         442713	     22034	800077d4	408fde33	sra	x28,x31,x8	 x31:0x00000000  x8:0x00000002 x28=0x00000000
         442733	     22035	800077d8	402c8f33	sub	x30,x25,x2	 x25:0x00000001  x2:0x00000003 x30=0xfffffffe
         442753	     22036	800077dc	02295163	bge	x18,x2,800077fe	 x18:0x80021df4  x2:0x00000003
         442913	     22044	800077e0	41275233	sra	x4,x14,x18	 x14:0x00000000 x18:0x80021df4  x4=0x00000000
         442933	     22045	800077e4	411eddb3	sra	x27,x29,x17	 x29:0x4229adb5 x17:0xbdd65712 x27=0x0000108a
         443173	     22057	800077e8	00eeff63	bgeu	x29,x14,80007806	 x29:0x4229adb5 x14:0x00000000
         443873	     22092	80007806	9a66	c.add	x20,x25	 x20:0x0000001b x25:0x00000001 x20=0x0000001c
         444373	     22117	80007808	03057563	bgeu	x10,x16,80007832	 x10:0x00000000 x16:0x00006000
         444413	     22119	8000780c	340066f3	csrrsi	x13,mscratch,0	 x13=0x0000000f
         444433	     22120	80007810	0c9c	c.addi4spn	x15,x2,592	 x15=0x00000253
         444453	     22121	80007812	0001	c.addi	x0,0	  x0:0x00000000  x0=0x00000000
         444613	     22129	80007814	616d	c.addi16sp	x2,240	  x2:0x00000003  x2=0x000000f3
         444633	     22130	80007816	8c8d	c.sub	x9,x11	  x9:0x0001bae5 x11:0x0001baf5  x9=0xfffffff0
         444653	     22131	80007818	0ff0000f	fence	iorw,iorw	
         444673	     22132	8000781c	005ae763	bltu	x21,x5,8000782a	 x21:0x00000000  x5:0x80025ce4
         445513	     22174	8000782a	03688333	mul	x6,x17,x22	 x17:0xbdd65712 x22:0xdd76a18d  x6=0x081c46ea
         445533	     22175	8000782e	ee936513	ori	x10,x6,-279	  x6:0x081c46ea x10=0xfffffeeb
         445553	     22176	80007832	1afd	c.addi	x21,-1	 x21:0x00000000 x21=0xffffffff
         445573	     22177	80007834	34006bf3	csrrsi	x23,mscratch,0	 x23=0x0000000f
         445633	     22180	80007838	0001	c.addi	x0,0	  x0:0x00000000  x0=0x00000000
         445653	     22181	8000783a	0152	c.slli	x2,0x14	  x2:0x000000f3  x2=0x0f300000
         446033	     22200	8000783c	340061f3	csrrsi	x3,mscratch,0	  x3=0x0000000f
         446053	     22201	80007840	11ad3893	sltiu	x17,x26,282	 x26:0xbdd65712 x17=0x00000000
         446473	     22222	80007844	98fd	c.andi	x9,-1	  x9:0xfffffff0  x9=0xfffffff0
         446493	     22223	80007846	fe5cf0b7	lui	x1,0xfe5cf	  x1=0xfe5cf000
         446513	     22224	8000784a	01bf50b3	srl	x1,x30,x27	 x30:0xfffffffe x27:0x0000108a  x1=0x003fffff
         446553	     22226	8000784e	bf38a993	slti	x19,x17,-1037	 x17:0x00000000 x19=0x00000000
         446573	     22227	80007852	828d	c.srli	x13,0x3	 x13:0x0000000f x13=0x00000001
         446593	     22228	80007854	0185d393	srli	x7,x11,0x18	 x11:0x0001baf5  x7=0x00000000
         460673	     22932	80007858	34007173	csrrci	x2,mscratch,0	  x2=0x0000000f
         460693	     22933	8000785c	58fd	c.li	x17,-1	 x17=0xffffffff
         460713	     22934	8000785e	8e91	c.sub	x13,x12	 x13:0x00000001 x12:0x00001000 x13=0xfffff001
         460733	     22935	80007860	004a6c63	bltu	x20,x4,80007878	 x20:0x0000001c  x4:0x00000000
         460753	     22936	80007864	014326b3	slt	x13,x6,x20	  x6:0x081c46ea x20:0x0000001c x13=0x00000000
         460773	     22937	80007868	0000100f	fence.i	
         461633	     22980	8000786c	34002873	csrrs	x16,mscratch,x0	  x0:0x00000000 x16=0x0000000f
         461833	     22990	80007870	0000100f	fence.i	
         462453	     23021	80007874	34007cf3	csrrci	x25,mscratch,0	 x25=0x0000000f
         463373	     23067	80007878	02aac433	div	x8,x21,x10	 x21:0xffffffff x10:0xfffffeeb  x8=0x00000000
         463393	     23068	8000787c	01710d63	beq	x2,x23,80007896	  x2:0x0000000f x23:0x0000000f
         463613	     23079	80007896	01d69663	bne	x13,x29,800078a2	 x13:0x00000000 x29:0x4229adb5
         464433	     23120	800078a2	02eec033	div	x0,x29,x14	 x29:0x4229adb5 x14:0x00000000  x0=0x00000000
         464513	     23124	800078a6	4155d493	srai	x9,x11,0x15	 x11:0x0001baf5  x9=0x00000000
         464533	     23125	800078aa	717d	c.addi16sp	x2,-16	  x2:0x0000000f  x2=0xffffffff
         464553	     23126	800078ac	bfd52713	slti	x14,x10,-1027	 x10:0xfffffeeb x14=0x00000000
         464573	     23127	800078b0	9426	c.add	x8,x9	  x8:0x00000000  x9:0x00000000  x8=0x00000000
         464593	     23128	800078b2	340de6f3	csrrsi	x13,mscratch,27	 x13=0x0000000f
         464753	     23136	800078b6	9ffb7493	andi	x9,x22,-1537	 x22:0xdd76a18d  x9=0xdd76a18d
         464773	     23137	800078ba	0156	c.slli	x2,0x15	  x2:0xffffffff  x2=0xffe00000
         464913	     23144	800078bc	0000100f	fence.i	
         465453	     23171	800078c0	34093df3	csrrc	x27,mscratch,x18	 x18:0x80021df4 x27=0x0000001f
         465473	     23172	800078c4	02278ab3	mul	x21,x15,x2	 x15:0x00000253  x2:0xffe00000 x21=0xb5a00000
         465493	     23173	800078c8	8e35	c.xor	x12,x13	 x12:0x00001000 x13:0x0000000f x12=0x0000100f
         465913	     23194	800078ca	402edd13	srai	x26,x29,0x2	 x29:0x4229adb5 x26=0x108a6b6d
         465933	     23195	800078ce	6141	c.addi16sp	x2,16	  x2:0xffe00000  x2=0xffe00010
         466013	     23199	800078d0	8d7d	c.and	x10,x15	 x10:0xfffffeeb x15:0x00000253 x10=0x00000243
         466073	     23202	800078d2	407ad233	sra	x4,x21,x7	 x21:0xb5a00000  x7:0x00000000  x4=0xb5a00000
         466093	     23203	800078d6	0000100f	fence.i	
         466653	     23231	800078da	8c55	c.or	x8,x13	  x8:0x00000000 x13:0x0000000f  x8=0x0000000f
         466773	     23237	800078dc	0d2a	c.slli	x26,0xa	 x26:0x108a6b6d x26=0x29adb400
         466793	     23238	800078de	05208063	beq	x1,x18,8000791e	  x1:0x003fffff x18:0x80021df4
         466813	     23239	800078e2	4121d313	srai	x6,x3,0x12	  x3:0x0000000f  x6=0x00000000
         466853	     23241	800078e6	0399af33	mulhsu	x30,x19,x25	 x19:0x00000000 x25:0x0000000f x30=0x00000000
         466873	     23242	800078ea	016c4233	xor	x4,x24,x22	 x24:0x00000000 x22:0xdd76a18d  x4=0xdd76a18d
         466913	     23244	800078ee	0060d633	srl	x12,x1,x6	  x1:0x003fffff  x6:0x00000000 x12=0x003fffff
         466933	     23245	800078f2	8f21	c.xor	x14,x8	 x14:0x00000000  x8:0x0000000f x14=0x0000000f
         467073	     23252	800078f4	3404f1f3	csrrci	x3,mscratch,9	  x3=0x0000000b
         467193	     23258	800078f8	fe0bcc93	xori	x25,x23,-32	 x23:0x0000000f x25=0xffffffef
         467253	     23261	800078fc	006560b3	or	x1,x10,x6	 x10:0x00000243  x6:0x00000000  x1=0x00000243
         467353	     23266	80007900	002d18b3	sll	x17,x26,x2	 x26:0x29adb400  x2:0xffe00010 x17=0xb4000000
         467373	     23267	80007904	8065	c.srli	x8,0x19	  x8:0x0000000f  x8=0x00000000
         467393	     23268	80007906	8f35	c.xor	x14,x13	 x14:0x0000000f x13:0x0000000f x14=0x00000000
         467813	     23289	80007908	0ff0000f	fence	iorw,iorw	
         467833	     23290	8000790c	00eed513	srli	x10,x29,0xe	 x29:0x4229adb5 x10=0x000108a6
         467853	     23291	80007910	8c25	c.xor	x8,x9	  x8:0x00000000  x9:0xdd76a18d  x8=0xdd76a18d
         467873	     23292	80007912	1098	c.addi4spn	x14,x2,96	 x14=0xffe00070
         467893	     23293	80007914	0001	c.addi	x0,0	  x0:0x00000000  x0=0x00000000
         467913	     23294	80007916	03314d63	blt	x2,x19,80007950	  x2:0xffe00010 x19:0x00000000
         468433	     23320	80007950	34002373	csrrs	x6,mscratch,x0	  x0:0x00000000  x6=0x00000002
         468453	     23321	80007954	01af2433	slt	x8,x30,x26	 x30:0x00000000 x26:0x29adb400  x8=0x00000001
         468873	     23342	80007958	340bd573	csrrwi	x10,mscratch,23	 x10=0x00000002
         468993	     23348	8000795c	157d	c.addi	x10,-1	 x10:0x00000002 x10=0x00000001
         469233	     23360	8000795e	01c21a93	slli	x21,x4,0x1c	  x4:0xdd76a18d x21=0xd0000000
         469493	     23373	80007962	340aa773	csrrs	x14,mscratch,x21	 x21:0xd0000000 x14=0x00000017
         469913	     23394	80007966	0215f063	bgeu	x11,x1,80007986	 x11:0x0001baf5  x1:0x00000243
         470633	     23430	80007986	ce09	c.beqz	x12,800079a0	 x12:0x003fffff
         470653	     23431	80007988	8f81	c.sub	x15,x8	 x15:0x00000253  x8:0x00000001 x15=0x00000252
         470673	     23432	8000798a	00c1db63	bge	x3,x12,800079a0	  x3:0x0000000b x12:0x003fffff
         470693	     23433	8000798e	41078e33	sub	x28,x15,x16	 x15:0x00000252 x16:0x0000000f x28=0x00000243
         471273	     23462	80007992	003f2db3	slt	x27,x30,x3	 x30:0x00000000  x3:0x0000000b x27=0x00000001
         471293	     23463	80007996	1e7d	c.addi	x28,-1	 x28:0x00000243 x28=0x00000242
         471313	     23464	80007998	02859263	bne	x11,x8,800079bc	 x11:0x0001baf5  x8:0x00000001
         472193	     23508	800079bc	8fa5	c.xor	x15,x9	 x15:0x00000252  x9:0xdd76a18d x15=0xdd76a3df
         472233	     23510	800079be	00fc2f33	slt	x30,x24,x15	 x24:0x00000000 x15:0xdd76a3df x30=0x00000000
         472273	     23512	800079c2	02a29763	bne	x5,x10,800079f0	  x5:0x80025ce4 x10:0x00000001
         472393	     23518	800079f0	41d88a33	sub	x20,x17,x29	 x17:0xb4000000 x29:0x4229adb5 x20=0x71d6524b
         472533	     23525	800079f4	340071f3	csrrci	x3,mscratch,0	  x3=0xd0000017
         472553	     23526	800079f8	34006273	csrrsi	x4,mscratch,0	  x4=0xd0000017
         473633	     23580	800079fc	03bee5b3	rem	x11,x29,x27	 x29:0x4229adb5 x27:0x00000001 x11=0x00000000
         473653	     23581	80007a00	89e34313	xori	x6,x6,-1890	  x6:0x00000002  x6=0xfffff89c
         473673	     23582	80007a04	017d3f33	sltu	x30,x26,x23	 x26:0x29adb400 x23:0x0000000f x30=0x00000000
         473713	     23584	80007a08	0246a5b3	mulhsu	x11,x13,x4	 x13:0x0000000f  x4:0xd0000017 x11=0x0000000c
         473733	     23585	80007a0c	031a8db3	mul	x27,x21,x17	 x21:0xd0000000 x17:0xb4000000 x27=0x00000000
         473753	     23586	80007a10	8641	c.srai	x12,0x10	 x12:0x003fffff x12=0x0000003f
         473773	     23587	80007a12	8dc1	c.or	x11,x8	 x11:0x0000000c  x8:0x00000001 x11=0x0000000d
         473793	     23588	80007a14	537d	c.li	x6,-1	  x6=0xffffffff
         473813	     23589	80007a16	33842193	slti	x3,x8,824	  x8:0x00000001  x3=0x00000001
         474213	     23609	80007a1a	0084d6b3	srl	x13,x9,x8	  x9:0xdd76a18d  x8:0x00000001 x13=0x6ebb50c6
         474233	     23610	80007a1e	c61d	c.beqz	x12,80007a4c	 x12:0x0000003f
         474293	     23613	80007a20	34007d73	csrrci	x26,mscratch,0	 x26=0xd0000017
         474713	     23634	80007a24	8319	c.srli	x14,0x6	 x14:0x00000017 x14=0x00000000
         474733	     23635	80007a26	682d	c.lui	x16,0xb	 x16=0x0000b000
         474753	     23636	80007a28	0ff0000f	fence	iorw,iorw	
         474793	     23638	80007a2c	03bc6863	bltu	x24,x27,80007a5c	 x24:0x00000000 x27:0x00000000
         474813	     23639	80007a30	5c7d	c.li	x24,-1	 x24=0xffffffff
         475113	     23654	80007a32	e59be413	ori	x8,x23,-423	 x23:0x0000000f  x8=0xfffffe5f
         475533	     23675	80007a36	41a55593	srai	x11,x10,0x1a	 x10:0x00000001 x11=0x00000000
         475553	     23676	80007a3a	84c5	c.srai	x9,0x11	  x9:0xdd76a18d  x9=0xffffeebb
         475573	     23677	80007a3c	01d1cdb3	xor	x27,x3,x29	  x3:0x00000001 x29:0x4229adb5 x27=0x4229adb4
         475593	     23678	80007a40	019a5f13	srli	x30,x20,0x19	 x20:0x71d6524b x30=0x00000038
         475633	     23680	80007a44	03292033	mulhsu	x0,x18,x18	 x18:0x80021df4 x18:0x80021df4  x0=0x00000000
         475653	     23681	80007a48	01c51d63	bne	x10,x28,80007a62	 x10:0x00000001 x28:0x00000242
         476573	     23727	80007a62	ea99	c.bnez	x13,80007a78	 x13:0x6ebb50c6
         477733	     23785	80007a78	340e2373	csrrs	x6,mscratch,x28	 x28:0x00000242  x6=0xd0000017
         477753	     23786	80007a7c	340021f3	csrrs	x3,mscratch,x0	  x0:0x00000000  x3=0xd0000257
         477853	     23791	80007a80	0000100f	fence.i	
         478473	     23822	80007a84	41e9d313	srai	x6,x19,0x1e	 x19:0x00000000  x6=0x00000000
         478493	     23823	80007a88	0cd53c93	sltiu	x25,x10,205	 x10:0x00000001 x25=0x00000001
         478913	     23844	80007a8c	340b7473	csrrci	x8,mscratch,22	  x8=0xd0000257
         478933	     23845	80007a90	991f0c93	addi	x25,x30,-1647	 x30:0x00000038 x25=0xfffff9c9
         478953	     23846	80007a94	402703b3	sub	x7,x14,x2	 x14:0x00000000  x2:0xffe00010  x7=0x001ffff0
         478973	     23847	80007a98	018bd4b3	srl	x9,x23,x24	 x23:0x0000000f x24:0xffffffff  x9=0x00000000
         479013	     23849	80007a9c	026767b3	rem	x15,x14,x6	 x14:0x00000000  x6:0x00000000 x15=0x00000000
         479133	     23855	80007aa0	00c2	c.slli	x1,0x10	  x1:0x00000243  x1=0x02430000
         479213	     23859	80007aa2	6fbc6393	ori	x7,x24,1787	 x24:0xffffffff  x7=0xffffffff
         479233	     23860	80007aa6	80dd	c.srli	x9,0x17	  x9:0x00000000  x9=0x00000000
         479633	     23880	80007aa8	0117c033	xor	x0,x15,x17	 x15:0x00000000 x17:0xb4000000  x0=0x00000000
         479653	     23881	80007aac	8615	c.srai	x12,0x5	 x12:0x0000003f x12=0x00000001
         479673	     23882	80007aae	c709	c.beqz	x14,80007ab8	 x14:0x00000000
         480153	     23906	80007ab8	85ea	c.mv	x11,x26	  x0:0x00000000 x26:0xd0000017 x11=0xd0000017
         480573	     23927	80007aba	f907bd93	sltiu	x27,x15,-112	 x15:0x00000000 x27=0x00000001
         480673	     23932	80007abe	34063f73	csrrc	x30,mscratch,x12	 x12:0x00000001 x30=0xd0000241
         481093	     23953	80007ac2	410d0db3	sub	x27,x26,x16	 x26:0xd0000017 x16:0x0000b000 x27=0xcfff5017
         481273	     23962	80007ac6	3402af73	csrrs	x30,mscratch,x5	  x5:0x80025ce4 x30=0xd0000240
         481313	     23964	80007aca	026e60b3	rem	x1,x28,x6	 x28:0x00000242  x6:0x00000000  x1=0x00000242
         481333	     23965	80007ace	02bc1363	bne	x24,x11,80007af4	 x24:0xffffffff x11:0xd0000017
         481433	     23970	80007af4	005f6db3	or	x27,x30,x5	 x30:0xd0000240  x5:0x80025ce4 x27=0xd0025ee4
         481653	     23981	80007af8	a0c0ab93	slti	x23,x1,-1524	  x1:0x00000242 x23=0x00000000
         481693	     23983	80007afc	022ebc33	mulhu	x24,x29,x2	 x29:0x4229adb5  x2:0xffe00010 x24=0x42216883
         481753	     23986	80007b00	9836	c.add	x16,x13	 x16:0x0000b000 x13:0x6ebb50c6 x16=0x6ebc00c6
         481773	     23987	80007b02	34002ff3	csrrs	x31,mscratch,x0	  x0:0x00000000 x31=0xd0025ee4
         481793	     23988	80007b06	03b00263	beq	x0,x27,80007b2a	  x0:0x00000000 x27:0xd0025ee4
         482173	     24007	80007b0a	0049e533	or	x10,x19,x4	 x19:0x00000000  x4:0xd0000017 x10=0xd0000017
         482193	     24008	80007b0e	015bdcb3	srl	x25,x23,x21	 x23:0x00000000 x21:0xd0000000 x25=0x00000000
         482353	     24016	80007b12	34033c73	csrrc	x24,mscratch,x6	  x6:0x00000000 x24=0xd0025ee4
         482373	     24017	80007b16	340a5373	csrrwi	x6,mscratch,20	  x6=0xd0025ee4
         482493	     24023	80007b1a	014157b3	srl	x15,x2,x20	  x2:0xffe00010 x20:0x71d6524b x15=0x001ffc00
         482513	     24024	80007b1e	557d	c.li	x10,-1	 x10=0xffffffff
         483253	     24061	80007b20	02a87733	remu	x14,x16,x10	 x16:0x6ebc00c6 x10:0xffffffff x14=0x6ebc00c6
         483273	     24062	80007b24	9afd	c.andi	x13,-1	 x13:0x6ebb50c6 x13=0x6ebb50c6
         483293	     24063	80007b26	71ed3393	sltiu	x7,x26,1822	 x26:0xd0000017  x7=0x00000000
         483313	     24064	80007b2a	8e11	c.sub	x12,x12	 x12:0x00000001 x12:0x00000001 x12=0x00000000
         483333	     24065	80007b2c	3405daf3	csrrwi	x21,mscratch,11	 x21=0x00000014
         483433	     24070	80007b30	6bfd	c.lui	x23,0x1f	 x23=0x0001f000
         483573	     24077	80007b32	01473e33	sltu	x28,x14,x20	 x14:0x6ebc00c6 x20:0x71d6524b x28=0x00000001
         483613	     24079	80007b36	03952bb3	mulhsu	x23,x10,x25	 x10:0xffffffff x25:0x00000000 x23=0x00000000
         483633	     24080	80007b3a	0439d163	bge	x19,x3,80007b7c	 x19:0x00000000  x3:0xd0000257
         484593	     24128	80007b7c	bc690437	lui	x8,0xbc690	  x8=0xbc690000
         484753	     24136	80007b80	006b5c93	srli	x25,x22,0x6	 x22:0xdd76a18d x25=0x0375da86
         484773	     24137	80007b84	018151b3	srl	x3,x2,x24	  x2:0xffe00010 x24:0xd0025ee4  x3=0x0ffe0001
         485153	     24156	80007b88	4ebaf013	andi	x0,x21,1259	 x21:0x00000014  x0=0x00000000
         485193	     24158	80007b8c	02929033	mulh	x0,x5,x9	  x5:0x80025ce4  x9:0x00000000  x0=0x00000000
         485593	     24178	80007b90	01735833	srl	x16,x6,x23	  x6:0xd0025ee4 x23:0x00000000 x16=0xd0025ee4
         486333	     24215	80007b94	032dcd33	div	x26,x27,x18	 x27:0xd0025ee4 x18:0x80021df4 x26=0x00000000
         487073	     24252	80007b98	026a54b3	divu	x9,x20,x6	 x20:0x71d6524b  x6:0xd0025ee4  x9=0x00000000
         487093	     24253	80007b9c	0432	c.slli	x8,0xc	  x8:0xbc690000  x8=0x90000000
         487113	     24254	80007b9e	012a7f33	and	x30,x20,x18	 x20:0x71d6524b x18:0x80021df4 x30=0x00021040
         487133	     24255	80007ba2	001da733	slt	x14,x27,x1	 x27:0xd0025ee4  x1:0x00000242 x14=0x00000001
         487153	     24256	80007ba6	6613cd13	xori	x26,x7,1633	  x7:0x00000000 x26=0x00000661
         487193	     24258	80007baa	031221b3	mulhsu	x3,x4,x17	  x4:0xd0000017 x17:0xb4000000  x3=0xde400010
         487233	     24260	80007bae	02409033	mulh	x0,x1,x4	  x1:0x00000242  x4:0xd0000017  x0=0x00000000
         487253	     24261	80007bb2	340066f3	csrrsi	x13,mscratch,0	 x13=0x0000000b
         487533	     24275	80007bb6	706c8593	addi	x11,x25,1798	 x25:0x0375da86 x11=0x0375e18c
         487553	     24276	80007bba	b3fe3713	sltiu	x14,x28,-1217	 x28:0x00000001 x14=0x00000001
         487573	     24277	80007bbe	1005f013	andi	x0,x11,256	 x11:0x0375e18c  x0=0x00000000
         487593	     24278	80007bc2	87ca	c.mv	x15,x18	  x0:0x00000000 x18:0x80021df4 x15=0x80021df4
         487613	     24279	80007bc4	01d12e33	slt	x28,x2,x29	  x2:0xffe00010 x29:0x4229adb5 x28=0x00000001
         487633	     24280	80007bc8	6ef1	c.lui	x29,0x1c	 x29=0x0001c000
         487653	     24281	80007bca	019bdc93	srli	x25,x23,0x19	 x23:0x00000000 x25=0x00000000
         487673	     24282	80007bce	5ffd	c.li	x31,-1	 x31=0xffffffff
         487953	     24296	80007bd0	03a3a8b3	mulhsu	x17,x7,x26	  x7:0x00000000 x26:0x00000661 x17=0x00000000
         487973	     24297	80007bd4	00ff1033	sll	x0,x30,x15	 x30:0x00021040 x15:0x80021df4  x0=0x00000000
         488153	     24306	80007bd8	03261db3	mulh	x27,x12,x18	 x12:0x00000000 x18:0x80021df4 x27=0x00000000
         488573	     24327	80007bdc	02d91633	mulh	x12,x18,x13	 x18:0x80021df4 x13:0x0000000b x12=0xfffffffa
         488593	     24328	80007be0	01cd5a33	srl	x20,x26,x28	 x26:0x00000661 x28:0x00000001 x20=0x00000330
         488633	     24330	80007be4	8c0d	c.sub	x8,x11	  x8:0x90000000 x11:0x0375e18c  x8=0x8c8a1e74
         488653	     24331	80007be6	88f5	c.andi	x9,29	  x9:0x00000000  x9=0x00000000
         488833	     24340	80007be8	4ac5	c.li	x21,17	 x21=0x00000011
         488853	     24341	80007bea	8145	c.srli	x10,0x11	 x10:0xffffffff x10=0x00007fff
         488873	     24342	80007bec	8f35	c.xor	x14,x13	 x14:0x00000001 x13:0x0000000b x14=0x0000000a
         489933	     24395	80007bee	03fdcab3	div	x21,x27,x31	 x27:0x00000000 x31:0xffffffff x21=0x00000000
         489953	     24396	80007bf2	0001	c.addi	x0,0	  x0:0x00000000  x0=0x00000000
         489973	     24397	80007bf4	027cea63	bltu	x25,x7,80007c28	 x25:0x00000000  x7:0x00000000
         489993	     24398	80007bf8	03cecd63	blt	x29,x28,80007c32	 x29:0x0001c000 x28:0x00000001
         490013	     24399	80007bfc	030c4063	blt	x24,x16,80007c1c	 x24:0xd0025ee4 x16:0xd0025ee4
         490033	     24400	80007c00	40d7df33	sra	x30,x15,x13	 x15:0x80021df4 x13:0x0000000b x30=0xfff00043
         490053	     24401	80007c04	01f86f63	bltu	x16,x31,80007c22	 x16:0xd0025ee4 x31:0xffffffff
         490693	     24433	80007c22	8ec9	c.or	x13,x10	 x13:0x0000000b x10:0x00007fff x13=0x00007fff
         490713	     24434	80007c24	00d76533	or	x10,x14,x13	 x14:0x0000000a x13:0x00007fff x10=0x00007fff
         490793	     24438	80007c28	01015eb3	srl	x29,x2,x16	  x2:0xffe00010 x16:0xd0025ee4 x29=0x0ffe0001
         490813	     24439	80007c2c	8e0d	c.sub	x12,x11	 x12:0xfffffffa x11:0x0375e18c x12=0xfc8a1e6e
         491233	     24460	80007c2e	03c34763	blt	x6,x28,80007c5c	  x6:0xd0025ee4 x28:0x00000001
         491393	     24468	80007c5c	00ad5d13	srli	x26,x26,0xa	 x26:0x00000661 x26=0x00000001
         491573	     24477	80007c60	6171	c.addi16sp	x2,336	  x2:0xffe00010  x2=0xffe00160
         492433	     24520	80007c62	0366c4b3	div	x9,x13,x22	 x13:0x00007fff x22:0xdd76a18d  x9=0x00000000
         492453	     24521	80007c66	15fd	c.addi	x11,-1	 x11:0x0375e18c x11=0x0375e18b
         492473	     24522	80007c68	014c8eb3	add	x29,x25,x20	 x25:0x00000000 x20:0x00000330 x29=0x00000330
         492493	     24523	80007c6c	3401fa73	csrrci	x20,mscratch,3	 x20=0x0000000b
         492513	     24524	80007c70	340718f3	csrrw	x17,mscratch,x14	 x14:0x0000000a x17=0x00000008
         492553	     24526	80007c74	03ac93b3	mulh	x7,x25,x26	 x25:0x00000000 x26:0x00000001  x7=0x00000000
         492573	     24527	80007c78	129c	c.addi4spn	x15,x2,352	 x15=0xffe002c0
         492613	     24529	80007c7a	0351b4b3	mulhu	x9,x3,x21	  x3:0xde400010 x21:0x00000000  x9=0x00000000
         492633	     24530	80007c7e	34029073	csrrw	x0,mscratch,x5	  x5:0x80025ce4  x0=0x00000000
         492653	     24531	80007c82	8fd9	c.or	x15,x14	 x15:0xffe002c0 x14:0x0000000a x15=0xffe002ca
         492673	     24532	80007c84	01015463	bge	x2,x16,80007c8c	  x2:0xffe00160 x16:0xd0025ee4
         493333	     24565	80007c8c	00f05393	srli	x7,x0,0xf	  x0:0x00000000  x7=0x00000000
         493473	     24572	80007c90	01c9fe63	bgeu	x19,x28,80007cac	 x19:0x00000000 x28:0x00000001
         493693	     24583	80007c94	34089af3	csrrw	x21,mscratch,x17	 x17:0x00000008 x21=0x80025ce4
         493813	     24589	80007c98	03dc1bb3	mulh	x23,x24,x29	 x24:0xd0025ee4 x29:0x00000330 x23=0xffffff67
         519773	     25887	80007c9c	8ed5	c.or	x13,x13	 x13:0x00007fff x13:0x00007fff x13=0x00007fff
         519793	     25888	80007c9e	0001	c.addi	x0,0	  x0:0x00000000  x0=0x00000000
         519813	     25889	80007ca0	031ae563	bltu	x21,x17,80007cca	 x21:0x80025ce4 x17:0x00000008
         519833	     25890	80007ca4	0071ca33	xor	x20,x3,x7	  x3:0xde400010  x7:0x00000000 x20=0xde400010
         519853	     25891	80007ca8	0000100f	fence.i	
         519913	     25894	80007cac	34016c73	csrrsi	x24,mscratch,2	 x24=0x00000008
         519953	     25896	80007cb0	02d93a33	mulhu	x20,x18,x13	 x18:0x80021df4 x13:0x00007fff x20=0x00004000
         520093	     25903	80007cb4	717d	c.addi16sp	x2,-16	  x2:0xffe00160  x2=0xffe00150
         520113	     25904	80007cb6	01312433	slt	x8,x2,x19	  x2:0xffe00150 x19:0x00000000  x8=0x00000001
         521173	     25957	80007cba	02d96533	rem	x10,x18,x13	 x18:0x80021df4 x13:0x00007fff x10=0xffff9df7
         521193	     25958	80007cbe	3b360f13	addi	x30,x12,947	 x12:0xfc8a1e6e x30=0xfc8a2221
         521293	     25963	80007cc2	40a3d593	srai	x11,x7,0xa	  x7:0x00000000 x11=0x00000000
         521313	     25964	80007cc6	0001	c.addi	x0,0	  x0:0x00000000  x0=0x00000000
         521333	     25965	80007cc8	0001	c.addi	x0,0	  x0:0x00000000  x0=0x00000000
         521373	     25967	80007cca	004c7e33	and	x28,x24,x4	 x24:0x00000008  x4:0xd0000017 x28=0x00000000
         521393	     25968	80007cce	00b2c8b3	xor	x17,x5,x11	  x5:0x80025ce4 x11:0x00000000 x17=0x80025ce4
         521413	     25969	80007cd2	630d	c.lui	x6,0x3	  x6=0x00003000
         521813	     25989	80007cd4	407a0ab3	sub	x21,x20,x7	 x20:0x00004000  x7:0x00000000 x21=0x00004000
         521913	     25994	80007cd8	0814	c.addi4spn	x13,x2,16	 x13=0xffe00160
         522033	     26000	80007cda	4b6aed93	ori	x27,x21,1206	 x21:0x00004000 x27=0x000044b6
         522133	     26005	80007cde	036eafb3	mulhsu	x31,x29,x22	 x29:0x00000330 x22:0xdd76a18d x31=0x000002c1
         522153	     26006	80007ce2	00ee0b63	beq	x28,x14,80007cf8	 x28:0x00000000 x14:0x0000000a
         522193	     26008	80007ce6	03bb1cb3	mulh	x25,x22,x27	 x22:0xdd76a18d x27:0x000044b6 x25=0xfffff6ba
         522213	     26009	80007cea	950e	c.add	x10,x3	 x10:0xffff9df7  x3:0xde400010 x10=0xde3f9e07
         522233	     26010	80007cec	8fed	c.and	x15,x11	 x15:0xffe002ca x11:0x00000000 x15=0x00000000
         522253	     26011	80007cee	6f4d	c.lui	x30,0x13	 x30=0x00013000
         522473	     26022	80007cf0	034f0bb3	mul	x23,x30,x20	 x30:0x00013000 x20:0x00004000 x23=0x4c000000
         522493	     26023	80007cf4	340cdff3	csrrwi	x31,mscratch,25	 x31=0x0000000a
         522653	     26031	80007cf8	006df8b3	and	x17,x27,x6	 x27:0x000044b6  x6:0x00003000 x17=0x00000000
         522673	     26032	80007cfc	fd6cb493	sltiu	x9,x25,-42	 x25:0xfffff6ba  x9=0x00000001
         523793	     26088	80007d00	0380fe33	remu	x28,x1,x24	  x1:0x00000242 x24:0x00000008 x28=0x00000002
         523813	     26089	80007d04	0671e893	ori	x17,x3,103	  x3:0xde400010 x17=0xde400077
         523833	     26090	80007d08	660d	c.lui	x12,0x3	 x12=0x00003000
         523853	     26091	80007d0a	01e9bc33	sltu	x24,x19,x30	 x19:0x00000000 x30:0x00013000 x24=0x00000001
         523873	     26092	80007d0e	40d08ab3	sub	x21,x1,x13	  x1:0x00000242 x13:0xffe00160 x21=0x002000e2
         523893	     26093	80007d12	03be	c.slli	x7,0xf	  x7:0x00000000  x7=0x00000000
         523913	     26094	80007d14	0000100f	fence.i	
         524373	     26117	80007d18	0000100f	fence.i	
         525013	     26149	80007d1c	41f05313	srai	x6,x0,0x1f	  x0:0x00000000  x6=0x00000000
         525053	     26151	80007d20	0379b5b3	mulhu	x11,x19,x23	 x19:0x00000000 x23:0x4c000000 x11=0x00000000
         525093	     26153	80007d24	026d1733	mulh	x14,x26,x6	 x26:0x00000001  x6:0x00000000 x14=0x00000000
         525473	     26172	80007d28	01978033	add	x0,x15,x25	 x15:0x00000000 x25:0xfffff6ba  x0=0x00000000
         525893	     26193	80007d2c	0832	c.slli	x16,0xc	 x16:0xd0025ee4 x16=0x25ee4000
         525913	     26194	80007d2e	989a	c.add	x17,x6	 x17:0xde400077  x6:0x00000000 x17=0xde400077
         525933	     26195	80007d30	e51d8c13	addi	x24,x27,-431	 x27:0x000044b6 x24=0x00004307
         526313	     26214	80007d34	033dbdb3	mulhu	x27,x27,x19	 x27:0x000044b6 x19:0x00000000 x27=0x00000000
         526333	     26215	80007d38	4d956713	ori	x14,x10,1241	 x10:0xde3f9e07 x14=0xde3f9edf
         527073	     26252	80007d3c	0369d733	divu	x14,x19,x22	 x19:0x00000000 x22:0xdd76a18d x14=0x00000000
         527093	     26253	80007d40	fc058f13	addi	x30,x11,-64	 x11:0x00000000 x30=0xffffffc0
         527113	     26254	80007d44	717d	c.addi16sp	x2,-16	  x2:0xffe00150  x2=0xffe00140
         527153	     26256	80007d46	03083033	mulhu	x0,x16,x16	 x16:0x25ee4000 x16:0x25ee4000  x0=0x00000000
         527173	     26257	80007d4a	8da1	c.xor	x11,x8	 x11:0x00000000  x8:0x00000001 x11=0x00000001
         527213	     26259	80007d4c	02b92db3	mulhsu	x27,x18,x11	 x18:0x80021df4 x11:0x00000001 x27=0xffffffff
         527233	     26260	80007d50	6f372bb7	lui	x23,0x6f372	 x23=0x6f372000
         527253	     26261	80007d54	018ab533	sltu	x10,x21,x24	 x21:0x002000e2 x24:0x00004307 x10=0x00000000
         527433	     26270	80007d58	00fedbb3	srl	x23,x29,x15	 x29:0x00000330 x15:0x00000000 x23=0x00000330
         528173	     26307	80007d5c	0291ffb3	remu	x31,x3,x9	  x3:0xde400010  x9:0x00000001 x31=0x00000000
         528193	     26308	80007d60	ba77f537	lui	x10,0xba77f	 x10=0xba77f000
         528213	     26309	80007d64	8e177b93	andi	x23,x14,-1823	 x14:0x00000000 x23=0x00000000
         528233	     26310	80007d68	014ea333	slt	x6,x29,x20	 x29:0x00000330 x20:0x00004000  x6=0x00000001
         528253	     26311	80007d6c	00901e93	slli	x29,x0,0x9	  x0:0x00000000 x29=0x00000000
         528273	     26312	80007d70	812d	c.srli	x10,0xb	 x10:0xba77f000 x10=0x00174efe
         528293	     26313	80007d72	0097c433	xor	x8,x15,x9	 x15:0x00000000  x9:0x00000001  x8=0x00000001
         528533	     26325	80007d76	41d2d093	srai	x1,x5,0x1d	  x5:0x80025ce4  x1=0xfffffffc
         529353	     26366	80007d7a	0367ddb3	divu	x27,x15,x22	 x15:0x00000000 x22:0xdd76a18d x27=0x00000000
         529373	     26367	80007d7e	0041fc63	bgeu	x3,x4,80007d96	  x3:0xde400010  x4:0xd0000017
         530853	     26441	80007d96	02b3f833	remu	x16,x7,x11	  x7:0x00000000 x11:0x00000001 x16=0x00000000
         530873	     26442	80007d9a	1618	c.addi4spn	x14,x2,800	 x14=0xffe00460
         530893	     26443	80007d9c	01b59a13	slli	x20,x11,0x1b	 x11:0x00000001 x20=0x08000000
         530913	     26444	80007da0	98c6	c.add	x17,x17	 x17:0xde400077 x17:0xde400077 x17=0xbc8000ee
         530933	     26445	80007da2	ef85	c.bnez	x15,80007dda	 x15:0x00000000
         530953	     26446	80007da4	d900f793	andi	x15,x1,-624	  x1:0xfffffffc x15=0xfffffd90
         530993	     26448	80007da8	032896b3	mulh	x13,x17,x18	 x17:0xbc8000ee x18:0x80021df4 x13=0x21bf70a3
         531013	     26449	80007dac	4f43aa13	slti	x20,x7,1268	  x7:0x00000000 x20=0x00000001
         531033	     26450	80007db0	0001	c.addi	x0,0	  x0:0x00000000  x0=0x00000000
         531053	     26451	80007db2	9d4a	c.add	x26,x18	 x26:0x00000001 x18:0x80021df4 x26=0x80021df5
         531073	     26452	80007db4	cd19	c.beqz	x10,80007dd2	 x10:0x00174efe
         531093	     26453	80007db6	819d	c.srli	x11,0x7	 x11:0x00000001 x11=0x00000000
         531113	     26454	80007db8	400209b3	sub	x19,x4,x0	  x4:0xd0000017  x0:0x00000000 x19=0xd0000017
         531953	     26496	80007dbc	034be1b3	rem	x3,x23,x20	 x23:0x00000000 x20:0x00000001  x3=0x00000000
         531973	     26497	80007dc0	c619	c.beqz	x12,80007dce	 x12:0x00003000
         531993	     26498	80007dc2	017c9fb3	sll	x31,x25,x23	 x25:0xfffff6ba x23:0x00000000 x31=0xfffff6ba
         532013	     26499	80007dc6	000e6663	bltu	x28,x0,80007dd2	 x28:0x00000002  x0:0x00000000
         532033	     26500	80007dca	0195f3b3	and	x7,x11,x25	 x11:0x00000000 x25:0xfffff6ba  x7=0x00000000
         532053	     26501	80007dce	0ff0000f	fence	iorw,iorw	
         532073	     26502	80007dd2	0001	c.addi	x0,0	  x0:0x00000000  x0=0x00000000
         532093	     26503	80007dd4	e419	c.bnez	x8,80007de2	  x8:0x00000001
         532793	     26538	80007de2	8939	c.andi	x10,14	 x10:0x00174efe x10=0x0000000e
         532813	     26539	80007de4	00def233	and	x4,x29,x13	 x29:0x00000000 x13:0x21bf70a3  x4=0x00000000
         532833	     26540	80007de8	1bfd	c.addi	x23,-1	 x23:0x00000000 x23=0xffffffff
         533253	     26561	80007dea	8c9a1497	auipc	x9,0x8c9a1	  x9=0x0c9a8dea
         533273	     26562	80007dee	415d5033	sra	x0,x26,x21	 x26:0x80021df5 x21:0x002000e2  x0=0x00000000
         533293	     26563	80007df2	042d	c.addi	x8,11	  x8:0x00000001  x8=0x0000000c
         533313	     26564	80007df4	717d	c.addi16sp	x2,-16	  x2:0xffe00140  x2=0xffe00130
         533333	     26565	80007df6	8085	c.srli	x9,0x1	  x9:0x0c9a8dea  x9=0x064d46f5
         533353	     26566	80007df8	3404f4f3	csrrci	x9,mscratch,9	  x9=0x00000019
         533373	     26567	80007dfc	525e2a93	slti	x21,x28,1317	 x28:0x00000002 x21=0x00000001
         534153	     26606	80007e00	036ff033	remu	x0,x31,x22	 x31:0xfffff6ba x22:0xdd76a18d  x0=0x00000000
         534173	     26607	80007e04	8cd1	c.or	x9,x12	  x9:0x00000019 x12:0x00003000  x9=0x00003019
         534193	     26608	80007e06	019b4833	xor	x16,x22,x25	 x22:0xdd76a18d x25:0xfffff6ba x16=0x22895737
         534213	     26609	80007e0a	012a7b63	bgeu	x20,x18,80007e20	 x20:0x00000001 x18:0x80021df4
         534233	     26610	80007e0e	340a7ff3	csrrci	x31,mscratch,20	 x31=0x00000010
         534253	     26611	80007e12	00445c93	srli	x25,x8,0x4	  x8:0x0000000c x25=0x00000000
         534893	     26643	80007e16	c70dc093	xori	x1,x27,-912	 x27:0x00000000  x1=0xfffffc70
         534913	     26644	80007e1a	00faafb3	slt	x31,x21,x15	 x21:0x00000001 x15:0xfffffd90 x31=0x00000000
         534933	     26645	80007e1e	615d	c.addi16sp	x2,432	  x2:0xffe00130  x2=0xffe002e0
         534953	     26646	80007e20	037a0163	beq	x20,x23,80007e42	 x20:0x00000001 x23:0xffffffff
         534973	     26647	80007e24	8139	c.srli	x10,0xe	 x10:0x0000000e x10=0x00000000
         534993	     26648	80007e26	003a9563	bne	x21,x3,80007e30	 x21:0x00000001  x3:0x00000000
         535673	     26682	80007e30	37853793	sltiu	x15,x10,888	 x10:0x00000000 x15=0x00000001
         536093	     26703	80007e34	0ff0000f	fence	iorw,iorw	
         536113	     26704	80007e38	007a1313	slli	x6,x20,0x7	 x20:0x00000001  x6=0x00000080
         536293	     26713	80007e3c	02fc86b3	mul	x13,x25,x15	 x25:0x00000000 x15:0x00000001 x13=0x00000000
         536693	     26733	80007e40	8c55	c.or	x8,x13	  x8:0x0000000c x13:0x00000000  x8=0x0000000c
         536733	     26735	80007e42	340fdd73	csrrwi	x26,mscratch,31	 x26=0x00000000
         537153	     26756	80007e46	01d6c563	blt	x13,x29,80007e50	 x13:0x00000000 x29:0x00000000
         537293	     26763	80007e4a	34006df3	csrrsi	x27,mscratch,0	 x27=0x0000001f
         537313	     26764	80007e4e	9cc2	c.add	x25,x16	 x25:0x00000000 x16:0x22895737 x25=0x22895737
         537453	     26771	80007e50	018871b3	and	x3,x16,x24	 x16:0x22895737 x24:0x00004307  x3=0x00004307
         537473	     26772	80007e54	e3747e37	lui	x28,0xe3747	 x28=0xe3747000
         537573	     26777	80007e58	01c884b3	add	x9,x17,x28	 x17:0xbc8000ee x28:0xe3747000  x9=0x9ff470ee
         537593	     26778	80007e5c	717d	c.addi16sp	x2,-16	  x2:0xffe002e0  x2=0xffe002d0
         537753	     26786	80007e5e	009ea433	slt	x8,x29,x9	 x29:0x00000000  x9:0x9ff470ee  x8=0x00000000
         537813	     26789	80007e62	4169dcb3	sra	x25,x19,x22	 x19:0xd0000017 x22:0xdd76a18d x25=0xfffe8000
         537833	     26790	80007e66	bf588d97	auipc	x27,0xbf588	 x27=0x3f58fe66
         537853	     26791	80007e6a	e30d	c.bnez	x14,80007e8c	 x14:0xffe00460
         538453	     26821	80007e8c	00205c13	srli	x24,x0,0x2	  x0:0x00000000 x24=0x00000000
         538493	     26823	80007e90	d3e28193	addi	x3,x5,-706	  x5:0x80025ce4  x3=0x80025a22
         538693	     26833	80007e94	d1e5e313	ori	x6,x11,-738	 x11:0x00000000  x6=0xfffffd1e
         538713	     26834	80007e98	34002cf3	csrrs	x25,mscratch,x0	  x0:0x00000000 x25=0x0000001f
         539133	     26855	80007e9c	6179	c.addi16sp	x2,464	  x2:0xffe002d0  x2=0xffe004a0
         539153	     26856	80007e9e	003515b3	sll	x11,x10,x3	 x10:0x00000000  x3:0x80025a22 x11=0x00000000
         539173	     26857	80007ea2	6cc9	c.lui	x25,0x12	 x25=0x00012000
         539193	     26858	80007ea4	8d81	c.sub	x11,x8	 x11:0x00000000  x8:0x00000000 x11=0x00000000
         539213	     26859	80007ea6	8c61	c.and	x8,x8	  x8:0x00000000  x8:0x00000000  x8=0x00000000
         539233	     26860	80007ea8	80c4e413	ori	x8,x9,-2036	  x9:0x9ff470ee  x8=0xfffff8ee
         539253	     26861	80007eac	4006dd13	srai	x26,x13,0x0	 x13:0x00000000 x26=0x00000000
         539273	     26862	80007eb0	412b0233	sub	x4,x22,x18	 x22:0xdd76a18d x18:0x80021df4  x4=0x5d748399
         539293	     26863	80007eb4	8f65	c.and	x14,x9	 x14:0xffe00460  x9:0x9ff470ee x14=0x9fe00060
         539313	     26864	80007eb6	41f65593	srai	x11,x12,0x1f	 x12:0x00003000 x11=0x00000000
         539333	     26865	80007eba	6169	c.addi16sp	x2,208	  x2:0xffe004a0  x2=0xffe00570
         539393	     26868	80007ebc	2463ee93	ori	x29,x7,582	  x7:0x00000000 x29=0x00000246
         539413	     26869	80007ec0	96e2	c.add	x13,x24	 x13:0x00000000 x24:0x00000000 x13=0x00000000
         539433	     26870	80007ec2	cd0d	c.beqz	x10,80007efc	 x10:0x00000000
         539893	     26893	80007efc	8f81	c.sub	x15,x8	 x15:0x00000001  x8:0xfffff8ee x15=0x00000713
         539933	     26895	80007efe	340865f3	csrrsi	x11,mscratch,16	 x11=0x0000001f
         540173	     26907	80007f02	00d41433	sll	x8,x8,x13	  x8:0xfffff8ee x13:0x00000000  x8=0xfffff8ee
         540293	     26913	80007f06	357bbe93	sltiu	x29,x23,855	 x23:0xffffffff x29=0x00000000
         540313	     26914	80007f0a	80ad	c.srli	x9,0xb	  x9:0x9ff470ee  x9=0x0013fe8e
         540473	     26922	80007f0c	0001	c.addi	x0,0	  x0:0x00000000  x0=0x00000000
         540493	     26923	80007f0e	40da5833	sra	x16,x20,x13	 x20:0x00000001 x13:0x00000000 x16=0x00000001
         541333	     26965	80007f12	024fe1b3	rem	x3,x31,x4	 x31:0x00000000  x4:0x5d748399  x3=0x00000000
         541353	     26966	80007f16	01e0ed63	bltu	x1,x30,80007f30	  x1:0xfffffc70 x30:0xffffffc0
         541473	     26972	80007f30	8ca5	c.xor	x9,x9	  x9:0x0013fe8e  x9:0x0013fe8e  x9=0x00000000
         541493	     26973	80007f32	003e2e33	slt	x28,x28,x3	 x28:0xe3747000  x3:0x00000000 x28=0x00000001
         541513	     26974	80007f36	8eb9	c.xor	x13,x14	 x13:0x00000000 x14:0x9fe00060 x13=0x9fe00060
         541533	     26975	80007f38	c2a38213	addi	x4,x7,-982	  x7:0x00000000  x4=0xfffffc2a
         541553	     26976	80007f3c	00b610b3	sll	x1,x12,x11	 x12:0x00003000 x11:0x0000001f  x1=0x00000000
         542473	     27022	80007f40	02e97a33	remu	x20,x18,x14	 x18:0x80021df4 x14:0x9fe00060 x20=0x80021df4
         542493	     27023	80007f44	008b0733	add	x14,x22,x8	 x22:0xdd76a18d  x8:0xfffff8ee x14=0xdd769a7b
         542513	     27024	80007f48	007f9233	sll	x4,x31,x7	 x31:0x00000000  x7:0x00000000  x4=0x00000000
         542553	     27026	80007f4c	02a35033	divu	x0,x6,x10	  x6:0xfffffd1e x10:0x00000000  x0=0x00000000
         542573	     27027	80007f50	e30d	c.bnez	x14,80007f72	 x14:0xdd769a7b
         542953	     27046	80007f72	004e9a93	slli	x21,x29,0x4	 x29:0x00000000 x21=0x00000000
         542993	     27048	80007f76	0245acb3	mulhsu	x25,x11,x4	 x11:0x0000001f  x4:0x00000000 x25=0x00000000
         543013	     27049	80007f7a	412f51b3	sra	x3,x30,x18	 x30:0xffffffc0 x18:0x80021df4  x3=0xffffffff
         544133	     27105	80007f7e	0225fc33	remu	x24,x11,x2	 x11:0x0000001f  x2:0xffe00570 x24=0x0000001f
         544153	     27106	80007f82	07aeee13	ori	x28,x29,122	 x29:0x00000000 x28=0x0000007a
         544173	     27107	80007f86	0118c663	blt	x17,x17,80007f92	 x17:0xbc8000ee x17:0xbc8000ee
         544193	     27108	80007f8a	d04c2a97	auipc	x21,0xd04c2	 x21=0x504c9f8a
         544213	     27109	80007f8e	00778f33	add	x30,x15,x7	 x15:0x00000713  x7:0x00000000 x30=0x00000713
         544273	     27112	80007f92	1e65a593	slti	x11,x11,486	 x11:0x0000001f x11=0x00000001
         544293	     27113	80007f96	340065f3	csrrsi	x11,mscratch,0	 x11=0x0000001f
         544313	     27114	80007f9a	997d	c.andi	x10,-1	 x10:0x00000000 x10=0x00000000
         544333	     27115	80007f9c	93fa	c.add	x7,x30	  x7:0x00000000 x30:0x00000713  x7=0x00000713
         544373	     27117	80007f9e	01df5493	srli	x9,x30,0x1d	 x30:0x00000713  x9=0x00000000
         544393	     27118	80007fa2	c0038993	addi	x19,x7,-1024	  x7:0x00000713 x19=0x00000313
         544573	     27127	80007fa6	011143b3	xor	x7,x2,x17	  x2:0xffe00570 x17:0xbc8000ee  x7=0x4360059e
         544593	     27128	80007faa	007cd113	srli	x2,x25,0x7	 x25:0x00000000  x2=0x00000000
         545013	     27149	80007fae	00558db3	add	x27,x11,x5	 x11:0x0000001f  x5:0x80025ce4 x27=0x80025d03
         545033	     27150	80007fb2	adc57a93	andi	x21,x10,-1316	 x10:0x00000000 x21=0x00000000
         545453	     27171	80007fb6	0071c7b3	xor	x15,x3,x7	  x3:0xffffffff  x7:0x4360059e x15=0xbc9ffa61
         545473	     27172	80007fba	8cd2	c.mv	x25,x20	  x0:0x00000000 x20:0x80021df4 x25=0x80021df4
         545493	     27173	80007fbc	00683f33	sltu	x30,x16,x6	 x16:0x00000001  x6:0xfffffd1e x30=0x00000001
         545533	     27175	80007fc0	022aaf33	mulhsu	x30,x21,x2	 x21:0x00000000  x2:0x00000000 x30=0x00000000
         545913	     27194	80007fc4	01b8e663	bltu	x17,x27,80007fd0	 x17:0xbc8000ee x27:0x80025d03
         546033	     27200	80007fc8	340dd8f3	csrrwi	x17,mscratch,27	 x17=0x0000001f
         546073	     27202	80007fcc	01063633	sltu	x12,x12,x16	 x12:0x00003000 x16:0x00000001 x12=0x00000000
         546093	     27203	80007fd0	340d5473	csrrwi	x8,mscratch,26	  x8=0x0000001b
         546213	     27209	80007fd4	0c1c	c.addi4spn	x15,x2,528	 x15=0x00000210
         546313	     27214	80007fd6	40d15713	srai	x14,x2,0xd	  x2:0x00000000 x14=0x00000000
         546333	     27215	80007fda	01446db3	or	x27,x8,x20	  x8:0x0000001b x20:0x80021df4 x27=0x80021dff
         546813	     27239	80007fde	008bed63	bltu	x23,x8,80007ff8	 x23:0xffffffff  x8:0x0000001b
         546833	     27240	80007fe2	01e15893	srli	x17,x2,0x1e	  x2:0x00000000 x17=0x00000000
         546973	     27247	80007fe6	03c336b3	mulhu	x13,x6,x28	  x6:0xfffffd1e x28:0x0000007a x13=0x00000079
         547013	     27249	80007fea	03af4eb3	div	x29,x30,x26	 x30:0x00000000 x26:0x00000000 x29=0xffffffff
         547033	     27250	80007fee	261c6593	ori	x11,x24,609	 x24:0x0000001f x11=0x0000027f
         547053	     27251	80007ff2	117d	c.addi	x2,-1	  x2:0x00000000  x2=0xffffffff
         547073	     27252	80007ff4	01df3733	sltu	x14,x30,x29	 x30:0x00000000 x29:0xffffffff x14=0x00000001
         547093	     27253	80007ff8	9afd	c.andi	x13,-1	 x13:0x00000079 x13=0x00000079
         547833	     27290	80007ffa	02dd5233	divu	x4,x26,x13	 x26:0x00000000 x13:0x00000079  x4=0x00000000
         547853	     27291	80007ffe	340f7df3	csrrci	x27,mscratch,30	 x27=0x0000001a
         547873	     27292	80008002	91b6	c.add	x3,x13	  x3:0xffffffff x13:0x00000079  x3=0x00000078
         547893	     27293	80008004	d8ed1c17	auipc	x24,0xd8ed1	 x24=0x58ed9004
         547913	     27294	80008008	03031063	bne	x6,x16,80008028	  x6:0xfffffd1e x16:0x00000001
         548633	     27330	80008028	34007bf3	csrrci	x23,mscratch,0	 x23=0x00000000
         548653	     27331	8000802c	02379763	bne	x15,x3,8000805a	 x15:0x00000210  x3:0x00000078
         549313	     27364	8000805a	406a5d93	srai	x27,x20,0x6	 x20:0x80021df4 x27=0xfe000877
         549513	     27374	8000805e	e3bbe393	ori	x7,x23,-453	 x23:0x00000000  x7=0xfffffe3b
         549533	     27375	80008062	01d68763	beq	x13,x29,80008070	 x13:0x00000079 x29:0xffffffff
         549553	     27376	80008066	41d6d613	srai	x12,x13,0x1d	 x13:0x00000079 x12=0x00000000
         549573	     27377	8000806a	5a7d	c.li	x20,-1	 x20=0xffffffff
         549593	     27378	8000806c	0ff0000f	fence	iorw,iorw	
         549613	     27379	80008070	340020f3	csrrs	x1,mscratch,x0	  x0:0x00000000  x1=0x00000000
         549993	     27398	80008074	0000100f	fence.i	
         550513	     27424	80008078	98fd	c.andi	x9,-1	  x9:0x00000000  x9=0x00000000
         550533	     27425	8000807a	882d	c.andi	x8,11	  x8:0x0000001b  x8=0x0000000b
         550553	     27426	8000807c	8311	c.srli	x14,0x4	 x14:0x00000001 x14=0x00000000
         550573	     27427	8000807e	e295	c.bnez	x13,800080a2	 x13:0x00000079
         550893	     27443	800080a2	0eb6	c.slli	x29,0xd	 x29:0xffffffff x29=0xffffe000
         551093	     27453	800080a4	6165	c.addi16sp	x2,112	  x2:0xffffffff  x2=0x0000006f
         551113	     27454	800080a6	8e99	c.sub	x13,x14	 x13:0x00000079 x14:0x00000000 x13=0x00000079
         551133	     27455	800080a8	8e49	c.or	x12,x10	 x12:0x00000000 x10:0x00000000 x12=0x00000000
         551153	     27456	800080aa	34082073	csrrs	x0,mscratch,x16	 x16:0x00000001  x0=0x00000000
         551173	     27457	800080ae	35567213	andi	x4,x12,853	 x12:0x00000000  x4=0x00000000
         551193	     27458	800080b2	5fb33f93	sltiu	x31,x6,1531	  x6:0xfffffd1e x31=0x00000000
         552293	     27513	800080b6	038240b3	div	x1,x4,x24	  x4:0x00000000 x24:0x58ed9004  x1=0x00000000
         552313	     27514	800080ba	05bdf063	bgeu	x27,x27,800080fa	 x27:0xfe000877 x27:0xfe000877
         552673	     27532	800080fa	0194ec63	bltu	x9,x25,80008112	  x9:0x00000000 x25:0x80021df4
         553113	     27554	80008112	01a2f133	and	x2,x5,x26	  x5:0x80025ce4 x26:0x00000000  x2=0x00000000
         553293	     27563	80008116	00192d33	slt	x26,x18,x1	 x18:0x80021df4  x1:0x00000000 x26=0x00000001
         553393	     27568	8000811a	03505333	divu	x6,x0,x21	  x0:0x00000000 x21:0x00000000  x6=0xffffffff
         553413	     27569	8000811e	e41d	c.bnez	x8,8000814c	  x8:0x0000000b
         554073	     27602	8000814c	340396f3	csrrw	x13,mscratch,x7	  x7:0xfffffe3b x13=0x00000001
         554493	     27623	80008150	02958833	mul	x16,x11,x9	 x11:0x0000027f  x9:0x00000000 x16=0x00000000
         554513	     27624	80008154	53776813	ori	x16,x14,1335	 x14:0x00000000 x16=0x00000537
         555413	     27669	80008158	02ffca33	div	x20,x31,x15	 x31:0x00000000 x15:0x00000210 x20=0x00000000
         559453	     27871	8000815c	c689	c.beqz	x13,80008166	 x13:0x00000001
         559493	     27873	8000815e	029d2e33	mulhsu	x28,x26,x9	 x26:0x00000001  x9:0x00000000 x28=0x00000000
         559513	     27874	80008162	34003773	csrrc	x14,mscratch,x0	  x0:0x00000000 x14=0xfffffe3b
         559533	     27875	80008166	0000100f	fence.i	
         559613	     27879	8000816a	c3392c13	slti	x24,x18,-973	 x18:0x80021df4 x24=0x00000001
         559653	     27881	8000816e	030017b3	mulh	x15,x0,x16	  x0:0x00000000 x16:0x00000537 x15=0x00000000
         559673	     27882	80008172	8f71	c.and	x14,x12	 x14:0xfffffe3b x12:0x00000000 x14=0x00000000
         560053	     27901	80008174	da908113	addi	x2,x1,-599	  x1:0x00000000  x2=0xfffffda9
         560073	     27902	80008178	8f81	c.sub	x15,x8	 x15:0x00000000  x8:0x0000000b x15=0xfffffff5
         560133	     27905	8000817a	027a19b3	mulh	x19,x20,x7	 x20:0x00000000  x7:0xfffffe3b x19=0x00000000
         560153	     27906	8000817e	cb8d	c.beqz	x15,800081b0	 x15:0xfffffff5
         560373	     27917	80008180	8cb5	c.xor	x9,x13	  x9:0x00000000 x13:0x00000001  x9=0x00000001
         560793	     27938	80008182	34006f73	csrrsi	x30,mscratch,0	 x30=0xfffffe3b
         561533	     27975	80008186	02faf8b3	remu	x17,x21,x15	 x21:0x00000000 x15:0xfffffff5 x17=0x00000000
         561553	     27976	8000818a	007ab4b3	sltu	x9,x21,x7	 x21:0x00000000  x7:0xfffffe3b  x9=0x00000001
         561573	     27977	8000818e	8a9d	c.andi	x13,7	 x13:0x00000001 x13=0x00000001
         561593	     27978	80008190	340038f3	csrrc	x17,mscratch,x0	  x0:0x00000000 x17=0xfffffe3b
         561613	     27979	80008194	86c2	c.mv	x13,x16	  x0:0x00000000 x16:0x00000537 x13=0x00000537
         561633	     27980	80008196	05fd3313	sltiu	x6,x26,95	 x26:0x00000001  x6=0x00000001
         561653	     27981	8000819a	930e	c.add	x6,x3	  x6:0x00000001  x3:0x00000078  x6=0x00000079
         561693	     27983	8000819c	02a84fb3	div	x31,x16,x10	 x16:0x00000537 x10:0x00000000 x31=0xffffffff
         561953	     27996	800081a0	ffedf893	andi	x17,x27,-2	 x27:0xfe000877 x17=0xfe000876
         562373	     28017	800081a4	eeb13013	sltiu	x0,x2,-277	  x2:0xfffffda9  x0=0x00000000
         562573	     28027	800081a8	5f18a693	slti	x13,x17,1521	 x17:0xfe000876 x13=0x00000001
         562773	     28037	800081ac	011ea0b3	slt	x1,x29,x17	 x29:0xffffe000 x17:0xfe000876  x1=0x00000000
         563193	     28058	800081b0	8649	c.srai	x12,0x12	 x12:0x00000000 x12=0x00000000
         563213	     28059	800081b2	81ad	c.srli	x11,0xb	 x11:0x0000027f x11=0x00000000
         563293	     28063	800081b4	1b00	c.addi4spn	x8,x2,432	  x8=0xffffff59
         563313	     28064	800081b6	946f3513	sltiu	x10,x30,-1722	 x30:0xfffffe3b x10=0x00000000
         563733	     28085	800081ba	340063f3	csrrsi	x7,mscratch,0	  x7=0xfffffe3b
         564113	     28104	800081be	c6c20593	addi	x11,x4,-916	  x4:0x00000000 x11=0xfffffc6c
         564133	     28105	800081c2	008804b3	add	x9,x16,x8	 x16:0x00000537  x8:0xffffff59  x9=0x00000490
         564173	     28107	800081c6	00b6f563	bgeu	x13,x11,800081d0	 x13:0x00000001 x11:0xfffffc6c
         564453	     28121	800081ca	02ebf5b3	remu	x11,x23,x14	 x23:0x00000000 x14:0x00000000 x11=0x00000000
         564473	     28122	800081ce	8c46	c.mv	x24,x17	  x0:0x00000000 x17:0xfe000876 x24=0xfe000876
         564533	     28125	800081d0	000e16b3	sll	x13,x28,x0	 x28:0x00000000  x0:0x00000000 x13=0x00000000
         564553	     28126	800081d4	408dd7b3	sra	x15,x27,x8	 x27:0xfe000877  x8:0xffffff59 x15=0xffffffff
         564613	     28129	800081d8	8d41	c.or	x10,x8	 x10:0x00000000  x8:0xffffff59 x10=0xffffff59
         564793	     28138	800081da	02b39e33	mulh	x28,x7,x11	  x7:0xfffffe3b x11:0x00000000 x28=0x00000000
         565073	     28152	800081de	39142893	slti	x17,x8,913	  x8:0xffffff59 x17=0x00000001
         565493	     28173	800081e2	0019a0b3	slt	x1,x19,x1	 x19:0x00000000  x1:0x00000000  x1=0x00000000
         565573	     28177	800081e6	ba734493	xori	x9,x6,-1113	  x6:0x00000079  x9=0xfffffbde
         565593	     28178	800081ea	8ffd	c.and	x15,x15	 x15:0xffffffff x15:0xffffffff x15=0xffffffff
         565613	     28179	800081ec	00e75f93	srli	x31,x14,0xe	 x14:0x00000000 x31=0x00000000
         565713	     28184	800081f0	e62b7113	andi	x2,x22,-414	 x22:0xdd76a18d  x2=0xdd76a000
         565733	     28185	800081f4	6265	c.lui	x4,0x19	  x4=0x00019000
         566513	     28224	800081f6	0258ffb3	remu	x31,x17,x5	 x17:0x00000001  x5:0x80025ce4 x31=0x00000001
         566533	     28225	800081fa	934e1b97	auipc	x23,0x934e1	 x23=0x134e91fa
         566553	     28226	800081fe	0001	c.addi	x0,0	  x0:0x00000000  x0=0x00000000
         566573	     28227	80008200	003f5e93	srli	x29,x30,0x3	 x30:0xfffffe3b x29=0x1fffffc7
         566593	     28228	80008204	94db0a17	auipc	x20,0x94db0	 x20=0x14db8204
         566613	     28229	80008208	3a1fe413	ori	x8,x31,929	 x31:0x00000001  x8=0x000003a1
         566633	     28230	8000820c	007a1663	bne	x20,x7,80008218	 x20:0x14db8204  x7:0xfffffe3b
         568253	     28311	80008218	03f36133	rem	x2,x6,x31	  x6:0x00000079 x31:0x00000001  x2=0x00000000
         568273	     28312	8000821c	340a6bf3	csrrsi	x23,mscratch,20	 x23=0xfffffe3b
         568293	     28313	80008220	06aa	c.slli	x13,0xa	 x13:0x00000000 x13=0x00000000
         568313	     28314	80008222	7c803813	sltiu	x16,x0,1992	  x0:0x00000000 x16=0x00000001
         568333	     28315	80008226	02b80fb3	mul	x31,x16,x11	 x16:0x00000001 x11:0x00000000 x31=0x00000000
         568353	     28316	8000822a	6c05	c.lui	x24,0x1	 x24=0x00001000
         568373	     28317	8000822c	139c	c.addi4spn	x15,x2,480	 x15=0x000001e0
         568793	     28338	8000822e	34036df3	csrrsi	x27,mscratch,6	 x27=0xfffffe3f
         568953	     28346	80008232	01c04d33	xor	x26,x0,x28	  x0:0x00000000 x28:0x00000000 x26=0x00000000
         570053	     28401	80008236	02597133	remu	x2,x18,x5	 x18:0x80021df4  x5:0x80025ce4  x2=0x80021df4
         570073	     28402	8000823a	01585563	bge	x16,x21,80008244	 x16:0x00000001 x21:0x00000000
         570113	     28404	80008244	340926f3	csrrs	x13,mscratch,x18	 x18:0x80021df4 x13=0xfffffe3f
         570133	     28405	80008248	016c7e33	and	x28,x24,x22	 x24:0x00001000 x22:0xdd76a18d x28=0x00000000
         570153	     28406	8000824c	e351a793	slti	x15,x3,-459	  x3:0x00000078 x15=0x00000000
         571253	     28461	80008250	022be9b3	rem	x19,x23,x2	 x23:0xfffffe3b  x2:0x80021df4 x19=0xfffffe3b
         571273	     28462	80008254	8ae9	c.andi	x13,26	 x13:0xfffffe3f x13=0x0000001a
         571313	     28464	80008256	023125b3	mulhsu	x11,x2,x3	  x2:0x80021df4  x3:0x00000078 x11=0xffffffc4
         572053	     28501	8000825a	03704333	div	x6,x0,x23	  x0:0x00000000 x23:0xfffffe3b  x6=0x00000000
         572073	     28502	8000825e	ae21e493	ori	x9,x3,-1310	  x3:0x00000078  x9=0xfffffafa
         572093	     28503	80008262	1f7d	c.addi	x30,-1	 x30:0xfffffe3b x30=0xfffffe3a
         572113	     28504	80008264	01b025b3	slt	x11,x0,x27	  x0:0x00000000 x27:0xfffffe3f x11=0x00000000
         572133	     28505	80008268	8aed	c.andi	x13,27	 x13:0x0000001a x13=0x0000001a
         572173	     28507	8000826a	02fdd8b3	divu	x17,x27,x15	 x27:0xfffffe3f x15:0x00000000 x17=0xffffffff
         572193	     28508	8000826e	fba92893	slti	x17,x18,-70	 x18:0x80021df4 x17=0x00000001
         572213	     28509	80008272	c178c517	auipc	x10,0xc178c	 x10=0x41794272
         572233	     28510	80008276	81e6	c.mv	x3,x25	  x0:0x00000000 x25:0x80021df4  x3=0x80021df4
         572413	     28519	80008278	02bd7063	bgeu	x26,x11,80008298	 x26:0x00000000 x11:0x00000000
         573413	     28569	80008298	01487833	and	x16,x16,x20	 x16:0x00000001 x20:0x14db8204 x16=0x00000000
         573493	     28573	8000829c	03180a33	mul	x20,x16,x17	 x16:0x00000000 x17:0x00000001 x20=0x00000000
         574233	     28610	800082a0	036857b3	divu	x15,x16,x22	 x16:0x00000000 x22:0xdd76a18d x15=0x00000000
         574253	     28611	800082a4	00211813	slli	x16,x2,0x2	  x2:0x80021df4 x16=0x000877d0
         574273	     28612	800082a8	0000100f	fence.i	
         574673	     28632	800082ac	0f77f213	andi	x4,x15,247	 x15:0x00000000  x4=0x00000000
         574713	     28634	800082b0	979e	c.add	x15,x7	 x15:0x00000000  x7:0xfffffe3b x15=0xfffffe3b
         575513	     28674	800082b2	0390e733	rem	x14,x1,x25	  x1:0x00000000 x25:0x80021df4 x14=0x00000000
         576253	     28711	800082b6	031ec133	div	x2,x29,x17	 x29:0x1fffffc7 x17:0x00000001  x2=0x1fffffc7
         576273	     28712	800082ba	34082c73	csrrs	x24,mscratch,x16	 x16:0x000877d0 x24=0xffffffff
         576313	     28714	800082be	02611f33	mulh	x30,x2,x6	  x2:0x1fffffc7  x6:0x00000000 x30=0x00000000
         576333	     28715	800082c2	8051	c.srli	x8,0x14	  x8:0x000003a1  x8=0x00000000
         576353	     28716	800082c4	0592e063	bltu	x5,x25,80008304	  x5:0x80025ce4 x25:0x80021df4
         576373	     28717	800082c8	01940333	add	x6,x8,x25	  x8:0x00000000 x25:0x80021df4  x6=0x80021df4
         576393	     28718	800082cc	0258e463	bltu	x17,x5,800082f4	 x17:0x00000001  x5:0x80025ce4
         577013	     28749	800082f4	00cbd413	srli	x8,x23,0xc	 x23:0xfffffe3b  x8=0x000fffff
         577093	     28753	800082f8	833e6c13	ori	x24,x28,-1997	 x28:0x00000000 x24=0xfffff833
         577113	     28754	800082fc	83e6	c.mv	x7,x25	  x0:0x00000000 x25:0x80021df4  x7=0x80021df4
         577133	     28755	800082fe	c49d	c.beqz	x9,8000832c	  x9:0xfffffafa
         577153	     28756	80008300	00741b63	bne	x8,x7,80008316	  x8:0x000fffff  x7:0x80021df4
         577833	     28790	80008316	3e380413	addi	x8,x16,995	 x16:0x000877d0  x8=0x00087bb3
         577853	     28791	8000831a	0001	c.addi	x0,0	  x0:0x00000000  x0=0x00000000
         578253	     28811	8000831c	f4be3d13	sltiu	x26,x28,-181	 x28:0x00000000 x26=0x00000001
         578273	     28812	80008320	2fbeb893	sltiu	x17,x29,763	 x29:0x1fffffc7 x17=0x00000000
         578573	     28827	80008324	037fd663	bge	x31,x23,80008350	 x31:0x00000000 x23:0xfffffe3b
         579333	     28865	80008350	003a4a33	xor	x20,x20,x3	 x20:0x00000000  x3:0x80021df4 x20=0x80021df4
         579353	     28866	80008354	8f05	c.sub	x14,x9	 x14:0x00000000  x9:0xfffffafa x14=0x00000506
         579413	     28869	80008356	02c059b3	divu	x19,x0,x12	  x0:0x00000000 x12:0x00000000 x19=0xffffffff
         579433	     28870	8000835a	0ff0000f	fence	iorw,iorw	
         579453	     28871	8000835e	8e1d	c.sub	x12,x15	 x12:0x00000000 x15:0xfffffe3b x12=0x000001c5
         579833	     28890	80008360	0a1e	c.slli	x20,0x7	 x20:0x80021df4 x20=0x010efa00
         579853	     28891	80008362	03a903b3	mul	x7,x18,x26	 x18:0x80021df4 x26:0x00000001  x7=0x80021df4
         579873	     28892	80008366	419d09b3	sub	x19,x26,x25	 x26:0x00000001 x25:0x80021df4 x19=0x7ffde20d
         579893	     28893	8000836a	e8c1f537	lui	x10,0xe8c1f	 x10=0xe8c1f000
         579913	     28894	8000836e	0ff0000f	fence	iorw,iorw	
         579993	     28898	80008372	340061f3	csrrsi	x3,mscratch,0	  x3=0xffffffff
         580173	     28907	80008376	41a509b3	sub	x19,x10,x26	 x10:0xe8c1f000 x26:0x00000001 x19=0xe8c1efff
         580213	     28909	8000837a	03c32bb3	mulhsu	x23,x6,x28	  x6:0x80021df4 x28:0x00000000 x23=0x00000000
         580493	     28923	8000837e	0012b7b3	sltu	x15,x5,x1	  x5:0x80025ce4  x1:0x00000000 x15=0x00000000
         581033	     28950	80008382	00a05cb3	srl	x25,x0,x10	  x0:0x00000000 x10:0xe8c1f000 x25=0x00000000
         581933	     28995	80008386	026ef733	remu	x14,x29,x6	 x29:0x1fffffc7  x6:0x80021df4 x14=0x1fffffc7
         581953	     28996	8000838a	00596c63	bltu	x18,x5,800083a2	 x18:0x80021df4  x5:0x80025ce4
         582073	     29002	800083a2	93b3e797	auipc	x15,0x93b3e	 x15=0x13b463a2
         582433	     29020	800083a6	4003dcb3	sra	x25,x7,x0	  x7:0x80021df4  x0:0x00000000 x25=0x80021df4
         582513	     29024	800083aa	0ff0000f	fence	iorw,iorw	
         582933	     29045	800083ae	001f2a33	slt	x20,x30,x1	 x30:0x00000000  x1:0x00000000 x20=0x00000000
         582953	     29046	800083b2	01ee4db3	xor	x27,x28,x30	 x28:0x00000000 x30:0x00000000 x27=0x00000000
         582973	     29047	800083b6	8206	c.mv	x4,x1	  x0:0x00000000  x1:0x00000000  x4=0x00000000
         583173	     29057	800083b8	ef1d	c.bnez	x14,800083f6	 x14:0x1fffffc7
         584293	     29113	800083f6	02fe1db3	mulh	x27,x28,x15	 x28:0x00000000 x15:0x13b463a2 x27=0x00000000
         584313	     29114	800083fa	0384	c.addi4spn	x9,x2,448	  x9=0x20000187
         584573	     29127	800083fc	bde9c513	xori	x10,x19,-1058	 x19:0xe8c1efff x10=0x173e1421
         584773	     29137	80008400	cc11	c.beqz	x8,8000841c	  x8:0x00087bb3
         584793	     29138	80008402	41c98ab3	sub	x21,x19,x28	 x19:0xe8c1efff x28:0x00000000 x21=0xe8c1efff
         584813	     29139	80008406	00d6db63	bge	x13,x13,8000841c	 x13:0x0000001a x13:0x0000001a
         605433	     30170	8000841c	03405763	bge	x0,x20,8000844a	  x0:0x00000000 x20:0x00000000
         606193	     30208	8000844a	0ff0000f	fence	iorw,iorw	
         606213	     30209	8000844e	8f7d	c.and	x14,x15	 x14:0x1fffffc7 x15:0x13b463a2 x14=0x13b46382
         606353	     30216	80008450	00eb5763	bge	x22,x14,8000845e	 x22:0xdd76a18d x14:0x13b46382
         606513	     30224	80008454	0ff0000f	fence	iorw,iorw	
         606533	     30225	80008458	0143e633	or	x12,x7,x20	  x7:0x80021df4 x20:0x00000000 x12=0x80021df4
         606693	     30233	8000845c	6df1	c.lui	x27,0x1c	 x27=0x0001c000
         606753	     30236	8000845e	3409dbf3	csrrwi	x23,mscratch,19	 x23=0xffffffff
         606773	     30237	80008462	c085	c.beqz	x9,80008482	  x9:0x20000187
         606873	     30242	80008464	4126d093	srai	x1,x13,0x12	 x13:0x0000001a  x1=0x00000000
         606953	     30246	80008468	01595593	srli	x11,x18,0x15	 x18:0x80021df4 x11=0x00000400
         607693	     30283	8000846c	032251b3	divu	x3,x4,x18	  x4:0x00000000 x18:0x80021df4  x3=0x00000000
         607713	     30284	80008470	01741763	bne	x8,x23,8000847e	  x8:0x00087bb3 x23:0xffffffff
         608993	     30348	8000847e	03d54233	div	x4,x10,x29	 x10:0x173e1421 x29:0x1fffffc7  x4=0x00000000
         609013	     30349	80008482	8fbcff13	andi	x30,x25,-1797	 x25:0x80021df4 x30=0x800218f0
         609053	     30351	80008486	024d6a33	rem	x20,x26,x4	 x26:0x00000001  x4:0x00000000 x20=0x00000001
         609073	     30352	8000848a	8e21	c.xor	x12,x8	 x12:0x80021df4  x8:0x00087bb3 x12=0x800a6647
         609093	     30353	8000848c	0000100f	fence.i	
         609393	     30368	80008490	029e9163	bne	x29,x9,800084b2	 x29:0x1fffffc7  x9:0x20000187
         610793	     30438	800084b2	02e37633	remu	x12,x6,x14	  x6:0x80021df4 x14:0x13b46382 x12=0x09c7c8e8
         611533	     30475	800084b6	02fdf633	remu	x12,x27,x15	 x27:0x0001c000 x15:0x13b463a2 x12=0x0001c000
         611553	     30476	800084ba	ed19	c.bnez	x10,800084d8	 x10:0x173e1421
         611633	     30480	800084d8	00f5fa33	and	x20,x11,x15	 x11:0x00000400 x15:0x13b463a2 x20=0x00000000
         611773	     30487	800084dc	9752	c.add	x14,x20	 x14:0x13b46382 x20:0x00000000 x14=0x13b46382
         611793	     30488	800084de	8f2d	c.xor	x14,x11	 x14:0x13b46382 x11:0x00000400 x14=0x13b46782
         611933	     30495	800084e0	01426633	or	x12,x4,x20	  x4:0x00000000 x20:0x00000000 x12=0x00000000
         612373	     30517	800084e4	032f9633	mulh	x12,x31,x18	 x31:0x00000000 x18:0x80021df4 x12=0x00000000
         612473	     30522	800084e8	02880763	beq	x16,x8,80008516	 x16:0x000877d0  x8:0x00087bb3
         612553	     30526	800084ec	b48d2793	slti	x15,x26,-1208	 x26:0x00000001 x15=0x00000000
         613293	     30563	800084f0	0267c133	div	x2,x15,x6	 x15:0x00000000  x6:0x80021df4  x2=0x00000000
         613313	     30564	800084f4	8552	c.mv	x10,x20	  x0:0x00000000 x20:0x00000000 x10=0x00000000
         613333	     30565	800084f6	0001	c.addi	x0,0	  x0:0x00000000  x0=0x00000000
         613353	     30566	800084f8	66a9	c.lui	x13,0xa	 x13=0x0000a000
         613373	     30567	800084fa	1814	c.addi4spn	x13,x2,48	 x13=0x00000030
         614113	     30604	800084fc	02e97133	remu	x2,x18,x14	 x18:0x80021df4 x14:0x13b46782  x2=0x09c7b0e8
         614133	     30605	80008500	4197d633	sra	x12,x15,x25	 x15:0x00000000 x25:0x80021df4 x12=0x00000000
         614153	     30606	80008504	340c16f3	csrrw	x13,mscratch,x24	 x24:0xfffff833 x13=0x00000013
         614893	     30643	80008508	032f57b3	divu	x15,x30,x18	 x30:0x800218f0 x18:0x80021df4 x15=0x00000000
         614913	     30644	8000850c	0ff0000f	fence	iorw,iorw	
         614933	     30645	80008510	40a4da13	srai	x20,x9,0xa	  x9:0x20000187 x20=0x00080000
         614953	     30646	80008514	cd81	c.beqz	x11,8000852c	 x11:0x00000400
         614973	     30647	80008516	340a5ef3	csrrwi	x29,mscratch,20	 x29=0xfffff833
         614993	     30648	8000851a	34019173	csrrw	x2,mscratch,x3	  x3:0x00000000  x2=0x00000014
         615033	     30650	8000851e	019b6a63	bltu	x22,x25,80008532	 x22:0xdd76a18d x25:0x80021df4
         615073	     30652	80008522	031765b3	rem	x11,x14,x17	 x14:0x13b46782 x17:0x00000000 x11=0x13b46782
         615093	     30653	80008526	340fb873	csrrc	x16,mscratch,x31	 x31:0x00000000 x16=0x00000000
         615113	     30654	8000852a	0001	c.addi	x0,0	  x0:0x00000000  x0=0x00000000
         615133	     30655	8000852c	0ff0000f	fence	iorw,iorw	
         615293	     30663	80008530	0001	c.addi	x0,0	  x0:0x00000000  x0=0x00000000
         615313	     30664	80008532	86f6	c.mv	x13,x29	  x0:0x00000000 x29:0xfffff833 x13=0xfffff833
         615333	     30665	80008534	21de0593	addi	x11,x28,541	 x28:0x00000000 x11=0x0000021d
         615533	     30675	80008538	0ff0000f	fence	iorw,iorw	
         615913	     30694	8000853c	015107b3	add	x15,x2,x21	  x2:0x00000014 x21:0xe8c1efff x15=0xe8c1f013
         615973	     30697	80008540	137d	c.addi	x6,-1	  x6:0x80021df4  x6=0x80021df3
         615993	     30698	80008542	0074ef63	bltu	x9,x7,80008560	  x9:0x20000187  x7:0x80021df4
         616733	     30735	80008560	0001	c.addi	x0,0	  x0:0x00000000  x0=0x00000000
         617153	     30756	80008562	01328c63	beq	x5,x19,8000857a	  x5:0x80025ce4 x19:0xe8c1efff
         617353	     30766	80008566	00d235b3	sltu	x11,x4,x13	  x4:0x00000000 x13:0xfffff833 x11=0x00000001
         617453	     30771	8000856a	0000100f	fence.i	
         618593	     30828	8000856e	f008bd37	lui	x26,0xf008b	 x26=0xf008b000
         618613	     30829	80008572	527d	c.li	x4,-1	  x4=0xffffffff
         618993	     30848	80008574	60a11e97	auipc	x29,0x60a11	 x29=0xe0a19574
         619013	     30849	80008578	8d51	c.or	x10,x12	 x10:0x00000000 x12:0x00000000 x10=0x00000000
         619033	     30850	8000857a	6e89	c.lui	x29,0x2	 x29=0x00002000
         619133	     30855	8000857c	418cde33	sra	x28,x25,x24	 x25:0x80021df4 x24:0xfffff833 x28=0xfffff000
         619213	     30859	80008580	026a	c.slli	x4,0x1a	  x4:0xffffffff  x4=0xfc000000
         619253	     30861	80008582	02aafcb3	remu	x25,x21,x10	 x21:0xe8c1efff x10:0x00000000 x25=0xe8c1efff
         619273	     30862	80008586	18688993	addi	x19,x17,390	 x17:0x00000000 x19=0x00000186
         619673	     30882	8000858a	6482b093	sltiu	x1,x5,1608	  x5:0x80025ce4  x1=0x00000000
         619693	     30883	8000858e	34042473	csrrs	x8,mscratch,x8	  x8:0x00087bb3  x8=0x00000000
         619753	     30886	80008592	007b49b3	xor	x19,x22,x7	 x22:0xdd76a18d  x7:0x80021df4 x19=0x5d74bc79
         619773	     30887	80008596	cf01	c.beqz	x14,800085ae	 x14:0x13b46782
         619793	     30888	80008598	8f15	c.sub	x14,x13	 x14:0x13b46782 x13:0xfffff833 x14=0x13b46f4f
         619833	     30890	8000859a	03362a33	mulhsu	x20,x12,x19	 x12:0x00000000 x19:0x5d74bc79 x20=0x00000000
         619853	     30891	8000859e	83fe	c.mv	x7,x31	  x0:0x00000000 x31:0x00000000  x7=0x00000000
         619873	     30892	800085a0	5a7d	c.li	x20,-1	 x20=0xffffffff
         619973	     30897	800085a2	01e7c8b3	xor	x17,x15,x30	 x15:0xe8c1f013 x30:0x800218f0 x17=0x68c3e8e3
         619993	     30898	800085a6	c501	c.beqz	x10,800085ae	 x10:0x00000000
         620693	     30933	800085ae	00540663	beq	x8,x5,800085ba	  x8:0x00000000  x5:0x80025ce4
         621593	     30978	800085b2	02d6c233	div	x4,x13,x13	 x13:0xfffff833 x13:0xfffff833  x4=0x00000001
         621613	     30979	800085b6	02568fb3	mul	x31,x13,x5	 x13:0xfffff833  x5:0x80025ce4 x31=0x6d91616c
         621633	     30980	800085ba	8679	c.srai	x12,0x1e	 x12:0x00000000 x12=0x00000000
         621653	     30981	800085bc	5d586617	auipc	x12,0x5d586	 x12=0xdd58e5bc
         621673	     30982	800085c0	03a701b3	mul	x3,x14,x26	 x14:0x13b46f4f x26:0xf008b000  x3=0x96fe5000
         621693	     30983	800085c4	04bd	c.addi	x9,15	  x9:0x20000187  x9=0x20000196
         621713	     30984	800085c6	340b5cf3	csrrwi	x25,mscratch,22	 x25=0x00087bb3
         621733	     30985	800085ca	8f35	c.xor	x14,x13	 x14:0x13b46f4f x13:0xfffff833 x14=0xec4b977c
         621753	     30986	800085cc	5f54cd93	xori	x27,x9,1525	  x9:0x20000196 x27=0x20000463
         621773	     30987	800085d0	8df1	c.and	x11,x12	 x11:0x00000001 x12:0xdd58e5bc x11=0x00000000
         621813	     30989	800085d2	13cea193	slti	x3,x29,316	 x29:0x00002000  x3=0x00000000
         621833	     30990	800085d6	0001	c.addi	x0,0	  x0:0x00000000  x0=0x00000000
         622653	     31031	800085d8	039ef233	remu	x4,x29,x25	 x29:0x00002000 x25:0x00087bb3  x4=0x00002000
         622673	     31032	800085dc	34002e73	csrrs	x28,mscratch,x0	  x0:0x00000000 x28=0x00000016
         622693	     31033	800085e0	405bdd13	srai	x26,x23,0x5	 x23:0xffffffff x26=0xffffffff
         622713	     31034	800085e4	20d7bd97	auipc	x27,0x20d7b	 x27=0xa0d835e4
         622733	     31035	800085e8	2268c513	xori	x10,x17,550	 x17:0x68c3e8e3 x10=0x68c3eac5
         622753	     31036	800085ec	34015f73	csrrwi	x30,mscratch,2	 x30=0x00000016
         623073	     31052	800085f0	a4956093	ori	x1,x10,-1463	 x10:0x68c3eac5  x1=0xfffffacd
         623093	     31053	800085f4	3403abf3	csrrs	x23,mscratch,x7	  x7:0x00000000 x23=0x00000002
         623113	     31054	800085f8	40b9de13	srai	x28,x19,0xb	 x19:0x5d74bc79 x28=0x000bae97
         623133	     31055	800085fc	82c41ab7	lui	x21,0x82c41	 x21=0x82c41000
         623273	     31062	80008600	490dc093	xori	x1,x27,1168	 x27:0xa0d835e4  x1=0xa0d83174
         623293	     31063	80008604	0895af93	slti	x31,x11,137	 x11:0x00000000 x31=0x00000001
         623453	     31071	80008608	68f5	c.lui	x17,0x1d	 x17=0x0001d000
         623473	     31072	8000860a	ff446e93	ori	x29,x8,-12	  x8:0x00000000 x29=0xfffffff4
         623493	     31073	8000860e	8b890997	auipc	x19,0x8b890	 x19=0x0b89860e
         623913	     31094	80008612	00de1f93	slli	x31,x28,0xd	 x28:0x000bae97 x31=0x75d2e000
         624333	     31115	80008616	01e071b3	and	x3,x0,x30	  x0:0x00000000 x30:0x00000016  x3=0x00000000
         624353	     31116	8000861a	8815	c.andi	x8,5	  x8:0x00000000  x8=0x00000000
         624373	     31117	8000861c	b59c0c17	auipc	x24,0xb59c0	 x24=0x359c861c
         624413	     31119	80008620	03c82c33	mulhsu	x24,x16,x28	 x16:0x00000000 x28:0x000bae97 x24=0x00000000
         624433	     31120	80008624	0000100f	fence.i	
         625033	     31150	80008628	03056d33	rem	x26,x10,x16	 x10:0x68c3eac5 x16:0x00000000 x26=0x68c3eac5
         625993	     31198	8000862c	026cd033	divu	x0,x25,x6	 x25:0x00087bb3  x6:0x80021df3  x0=0x00000000
         626013	     31199	80008630	8326	c.mv	x6,x9	  x0:0x00000000  x9:0x20000196  x6=0x20000196
         626033	     31200	80008632	004c6663	bltu	x24,x4,8000863e	 x24:0x00000000  x4:0x00002000
         626253	     31211	8000863e	88d2	c.mv	x17,x20	  x0:0x00000000 x20:0xffffffff x17=0xffffffff
         626273	     31212	80008640	937a	c.add	x6,x30	  x6:0x20000196 x30:0x00000016  x6=0x200001ac
         626393	     31218	80008642	14a8b197	auipc	x3,0x14a8b	  x3=0x94a93642
         626413	     31219	80008646	3a823793	sltiu	x15,x4,936	  x4:0x00002000 x15=0x00000000
         626433	     31220	8000864a	9afd	c.andi	x13,-1	 x13:0xfffff833 x13=0xfffff833
         626693	     31233	8000864c	028944b3	div	x9,x18,x8	 x18:0x80021df4  x8:0x00000000  x9=0xffffffff
         626713	     31234	80008650	8d61	c.and	x10,x8	 x10:0x68c3eac5  x8:0x00000000 x10=0x00000000
         627113	     31254	80008652	3407ac73	csrrs	x24,mscratch,x15	 x15:0x00000000 x24=0x00000002
         627133	     31255	80008656	2a860113	addi	x2,x12,680	 x12:0xdd58e5bc  x2=0xdd58e864
         627233	     31260	8000865a	036faab3	mulhsu	x21,x31,x22	 x31:0x75d2e000 x22:0xdd76a18d x21=0x65eda4ed
         627253	     31261	8000865e	8d21	c.xor	x10,x8	 x10:0x00000000  x8:0x00000000 x10=0x00000000
         627593	     31278	80008660	0ff0000f	fence	iorw,iorw	
         627613	     31279	80008664	018d2733	slt	x14,x26,x24	 x26:0x68c3eac5 x24:0x00000002 x14=0x00000000
         627753	     31286	80008668	e9b28393	addi	x7,x5,-357	  x5:0x80025ce4  x7=0x80025b7f
         627773	     31287	8000866c	044bd063	bge	x23,x4,800086ac	 x23:0x00000002  x4:0x00002000
         628193	     31308	80008670	9a7d	c.andi	x12,-1	 x12:0xdd58e5bc x12=0xdd58e5bc
         628213	     31309	80008672	063e	c.slli	x12,0xf	 x12:0xdd58e5bc x12=0x72de0000
         628233	     31310	80008674	013073b3	and	x7,x0,x19	  x0:0x00000000 x19:0x0b89860e  x7=0x00000000
         628253	     31311	80008678	47c5	c.li	x15,17	 x15=0x00000011
         628273	     31312	8000867a	92e1ecb7	lui	x25,0x92e1e	 x25=0x92e1e000
         628313	     31314	8000867e	04b89463	bne	x17,x11,800086c6	 x17:0xffffffff x11:0x00000000
         628673	     31332	800086c6	34003273	csrrc	x4,mscratch,x0	  x0:0x00000000  x4=0x00000002
         628693	     31333	800086ca	cf09	c.beqz	x14,800086e4	 x14:0x00000000
         629393	     31368	800086e4	610d	c.addi16sp	x2,160	  x2:0xdd58e864  x2=0xdd58e904
         629533	     31375	800086e6	fd1c8e97	auipc	x29,0xfd1c8	 x29=0x7d1d06e6
         629793	     31388	800086ea	b8368f93	addi	x31,x13,-1149	 x13:0xfffff833 x31=0xfffff3b6
         629933	     31395	800086ee	41f3d433	sra	x8,x7,x31	  x7:0x00000000 x31:0xfffff3b6  x8=0x00000000
         630353	     31416	800086f2	46cab597	auipc	x11,0x46cab	 x11=0xc6cb36f2
         630373	     31417	800086f6	0000100f	fence.i	
         631353	     31466	800086fa	8cb1	c.xor	x9,x12	  x9:0xffffffff x12:0x72de0000  x9=0x8d21ffff
         631513	     31474	800086fc	02e26833	rem	x16,x4,x14	  x4:0x00000002 x14:0x00000000 x16=0x00000002
         631533	     31475	80008700	8381c213	xori	x4,x3,-1992	  x3:0x94a93642  x4=0x6b56ce7a
         631593	     31478	80008704	01bd4b63	blt	x26,x27,8000871a	 x26:0x68c3eac5 x27:0xa0d835e4
         631613	     31479	80008708	00ce3f33	sltu	x30,x28,x12	 x28:0x000bae97 x12:0x72de0000 x30=0x00000001
         631633	     31480	8000870c	00e3ccb3	xor	x25,x7,x14	  x7:0x00000000 x14:0x00000000 x25=0x00000000
         631653	     31481	80008710	023e6063	bltu	x28,x3,80008730	 x28:0x000bae97  x3:0x94a93642
         631793	     31488	80008730	002a27b3	slt	x15,x20,x2	 x20:0xffffffff  x2:0xdd58e904 x15=0x00000000
         631873	     31492	80008734	012a5cb3	srl	x25,x20,x18	 x20:0xffffffff x18:0x80021df4 x25=0x00000fff
         631953	     31496	80008738	34006ff3	csrrsi	x31,mscratch,0	 x31=0x00000002
         631973	     31497	8000873c	0ff0000f	fence	iorw,iorw	
         631993	     31498	80008740	02cf07b3	mul	x15,x30,x12	 x30:0x00000001 x12:0x72de0000 x15=0x72de0000
         632013	     31499	80008744	9a703817	auipc	x16,0x9a703	 x16=0x1a70b744
         632033	     31500	80008748	0178e833	or	x16,x17,x23	 x17:0xffffffff x23:0x00000002 x16=0xffffffff
         632293	     31513	8000874c	598ea313	slti	x6,x29,1432	 x29:0x7d1d06e6  x6=0x00000000
         632313	     31514	80008750	01df47b3	xor	x15,x30,x29	 x30:0x00000001 x29:0x7d1d06e6 x15=0x7d1d06e7
         632333	     31515	80008754	019f7333	and	x6,x30,x25	 x30:0x00000001 x25:0x00000fff  x6=0x00000001
         632493	     31523	80008758	01edd713	srli	x14,x27,0x1e	 x27:0xa0d835e4 x14=0x00000002
         632913	     31544	8000875c	86c2	c.mv	x13,x16	  x0:0x00000000 x16:0xffffffff x13=0xffffffff
         632933	     31545	8000875e	8c35	c.xor	x8,x13	  x8:0x00000000 x13:0xffffffff  x8=0xffffffff
         632953	     31546	80008760	8d56	c.mv	x26,x21	  x0:0x00000000 x21:0x65eda4ed x26=0x65eda4ed
         633353	     31566	80008762	00d688b3	add	x17,x13,x13	 x13:0xffffffff x13:0xffffffff x17=0xfffffffe
         633373	     31567	80008766	34095873	csrrwi	x16,mscratch,18	 x16=0x00000002
         634113	     31604	8000876a	03c2cab3	div	x21,x5,x28	  x5:0x80025ce4 x28:0x000bae97 x21=0xfffff50c
         634133	     31605	8000876e	8291	c.srli	x13,0x4	 x13:0xffffffff x13=0x0fffffff
         634153	     31606	80008770	00c29c93	slli	x25,x5,0xc	  x5:0x80025ce4 x25=0x25ce4000
         634173	     31607	80008774	34003173	csrrc	x2,mscratch,x0	  x0:0x00000000  x2=0x00000012
         634193	     31608	80008778	c65da993	slti	x19,x27,-923	 x27:0xa0d835e4 x19=0x00000001
         634213	     31609	8000877c	019cc333	xor	x6,x25,x25	 x25:0x25ce4000 x25:0x25ce4000  x6=0x00000000
         634233	     31610	80008780	8e7d	c.and	x12,x15	 x12:0x72de0000 x15:0x7d1d06e7 x12=0x701c0000
         634253	     31611	80008782	020208b3	mul	x17,x4,x0	  x4:0x6b56ce7a  x0:0x00000000 x17=0x00000000
         635053	     31651	80008786	02f66333	rem	x6,x12,x15	 x12:0x701c0000 x15:0x7d1d06e7  x6=0x701c0000
         642133	     32005	8000878a	018f8ab3	add	x21,x31,x24	 x31:0x00000002 x24:0x00000002 x21=0x00000004
         642153	     32006	8000878e	8f9d	c.sub	x15,x15	 x15:0x7d1d06e7 x15:0x7d1d06e7 x15=0x00000000
         642173	     32007	80008790	87b1	c.srai	x15,0xc	 x15:0x00000000 x15=0x00000000
         642193	     32008	80008792	01ebbd93	sltiu	x27,x23,30	 x23:0x00000002 x27=0x00000001
         642213	     32009	80008796	0001	c.addi	x0,0	  x0:0x00000000  x0=0x00000000
         642953	     32046	80008798	03f3c733	div	x14,x7,x31	  x7:0x00000000 x31:0x00000002 x14=0x00000000
         642973	     32047	8000879c	3403ff73	csrrci	x30,mscratch,7	 x30=0x00000012
         642993	     32048	800087a0	340770f3	csrrci	x1,mscratch,14	  x1=0x00000010
         643013	     32049	800087a4	23a61e97	auipc	x29,0x23a61	 x29=0xa3a697a4
         643033	     32050	800087a8	0a06	c.slli	x20,0x1	 x20:0xffffffff x20=0xfffffffe
         643073	     32052	800087aa	038b1cb3	mulh	x25,x22,x24	 x22:0xdd76a18d x24:0x00000002 x25=0xffffffff
         643093	     32053	800087ae	012caf33	slt	x30,x25,x18	 x25:0xffffffff x18:0x80021df4 x30=0x00000000
         643153	     32056	800087b2	01d01633	sll	x12,x0,x29	  x0:0x00000000 x29:0xa3a697a4 x12=0x00000000
         643173	     32057	800087b6	0e92	c.slli	x29,0x4	 x29:0xa3a697a4 x29=0x3a697a40
         643573	     32077	800087b8	909e	c.add	x1,x7	  x1:0x00000010  x7:0x00000000  x1=0x00000010
         643593	     32078	800087ba	6629	c.lui	x12,0xa	 x12=0x0000a000
         643613	     32079	800087bc	0001	c.addi	x0,0	  x0:0x00000000  x0=0x00000000
         643793	     32088	800087be	00f30c63	beq	x6,x15,800087d6	  x6:0x701c0000 x15:0x00000000
         643813	     32089	800087c2	00b20d33	add	x26,x4,x11	  x4:0x6b56ce7a x11:0xc6cb36f2 x26=0x3222056c
         643833	     32090	800087c6	34002273	csrrs	x4,mscratch,x0	  x0:0x00000000  x4=0x00000010
         643853	     32091	800087ca	8e3bc693	xori	x13,x23,-1821	 x23:0x00000002 x13=0xfffff8e1
         644273	     32112	800087ce	009e2133	slt	x2,x28,x9	 x28:0x000bae97  x9:0x8d21ffff  x2=0x00000000
         644633	     32130	800087d2	34006473	csrrsi	x8,mscratch,0	  x8=0x00000010
         644653	     32131	800087d6	41558e33	sub	x28,x11,x21	 x11:0xc6cb36f2 x21:0x00000004 x28=0xc6cb36ee
         644773	     32137	800087da	0385a0b3	mulhsu	x1,x11,x24	 x11:0xc6cb36f2 x24:0x00000002  x1=0xffffffff
         645173	     32157	800087de	f89a8e93	addi	x29,x21,-119	 x21:0x00000004 x29=0xffffff8d
         645193	     32158	800087e2	34095273	csrrwi	x4,mscratch,18	  x4=0x00000010
         645213	     32159	800087e6	0001	c.addi	x0,0	  x0:0x00000000  x0=0x00000000
         645953	     32196	800087e8	0289d8b3	divu	x17,x19,x8	 x19:0x00000001  x8:0x00000010 x17=0x00000000
         645973	     32197	800087ec	01b46663	bltu	x8,x27,800087f8	  x8:0x00000010 x27:0x00000001
         645993	     32198	800087f0	0117f663	bgeu	x15,x17,800087fc	 x15:0x00000000 x17:0x00000000
         646653	     32231	800087fc	340e5e73	csrrwi	x28,mscratch,28	 x28=0x00000012
         646813	     32239	80008800	340e5ef3	csrrwi	x29,mscratch,28	 x29=0x0000001c
         647233	     32260	80008804	340b94f3	csrrw	x9,mscratch,x23	 x23:0x00000002  x9=0x0000001c
         647613	     32279	80008808	34035d73	csrrwi	x26,mscratch,6	 x26=0x00000002
         647633	     32280	8000880c	038d8db3	mul	x27,x27,x24	 x27:0x00000001 x24:0x00000002 x27=0x00000002
         647953	     32296	80008810	0000100f	fence.i	
         648893	     32343	80008814	6751	c.lui	x14,0x14	 x14=0x00014000
         648913	     32344	80008816	147d	c.addi	x8,-1	  x8:0x00000010  x8=0x0000000f
         648933	     32345	80008818	01d6c0b3	xor	x1,x13,x29	 x13:0xfffff8e1 x29:0x0000001c  x1=0xfffff8fd
         649173	     32357	8000881c	340c7273	csrrci	x4,mscratch,24	  x4=0x00000006
         649553	     32376	80008820	03ae2eb3	mulhsu	x29,x28,x26	 x28:0x00000012 x26:0x00000002 x29=0x00000000
         649793	     32388	80008824	00d99cb3	sll	x25,x19,x13	 x19:0x00000001 x13:0xfffff8e1 x25=0x00000002
         650033	     32400	80008828	01d89a33	sll	x20,x17,x29	 x17:0x00000000 x29:0x00000000 x20=0x00000000
         650053	     32401	8000882c	010651b3	srl	x3,x12,x16	 x12:0x0000a000 x16:0x00000002  x3=0x00002800
         650073	     32402	80008830	6d85	c.lui	x27,0x1	 x27=0x00001000
         650093	     32403	80008832	013d1433	sll	x8,x26,x19	 x26:0x00000002 x19:0x00000001  x8=0x00000004
         650113	     32404	80008836	853a	c.mv	x10,x14	  x0:0x00000000 x14:0x00014000 x10=0x00014000
         650133	     32405	80008838	41a00633	sub	x12,x0,x26	  x0:0x00000000 x26:0x00000002 x12=0xfffffffe
         650533	     32425	8000883c	0068fe33	and	x28,x17,x6	 x17:0x00000000  x6:0x701c0000 x28=0x00000000
         651273	     32462	80008840	025446b3	div	x13,x8,x5	  x8:0x00000004  x5:0x80025ce4 x13=0x00000000
         651293	     32463	80008844	02880033	mul	x0,x16,x8	 x16:0x00000002  x8:0x00000004  x0=0x00000000
         651313	     32464	80008848	0173d533	srl	x10,x7,x23	  x7:0x00000000 x23:0x00000002 x10=0x00000000
         651333	     32465	8000884c	01b75e63	bge	x14,x27,80008868	 x14:0x00014000 x27:0x00001000
         652033	     32500	80008868	03b8a7b3	mulhsu	x15,x17,x27	 x17:0x00000000 x27:0x00001000 x15=0x00000000
         652433	     32520	8000886c	007799b3	sll	x19,x15,x7	 x15:0x00000000  x7:0x00000000 x19=0x00000000
         652453	     32521	80008870	e4727493	andi	x9,x4,-441	  x4:0x00000006  x9=0x00000006
         652473	     32522	80008874	41c8dc33	sra	x24,x17,x28	 x17:0x00000000 x28:0x00000000 x24=0x00000000
         652493	     32523	80008878	34003e73	csrrc	x28,mscratch,x0	  x0:0x00000000 x28=0x00000006
         652513	     32524	8000887c	34007373	csrrci	x6,mscratch,0	  x6=0x00000006
         652553	     32526	80008880	687d	c.lui	x16,0x1f	 x16=0x0001f000
         652573	     32527	80008882	876e	c.mv	x14,x27	  x0:0x00000000 x27:0x00001000 x14=0x00001000
         652693	     32533	80008884	0399c063	blt	x19,x25,800088a4	 x19:0x00000000 x25:0x00000002
         653393	     32568	800088a4	015270b3	and	x1,x4,x21	  x4:0x00000006 x21:0x00000004  x1=0x00000004
         653553	     32576	800088a8	1dd9f213	andi	x4,x19,477	 x19:0x00000000  x4=0x00000000
         653573	     32577	800088ac	dea88613	addi	x12,x17,-534	 x17:0x00000000 x12=0xfffffdea
         653633	     32580	800088b0	87fd	c.srai	x15,0x1f	 x15:0x00000000 x15=0x00000000
         653653	     32581	800088b2	8625	c.srai	x12,0x9	 x12:0xfffffdea x12=0xfffffffe
         654053	     32601	800088b4	b734cd13	xori	x26,x9,-1165	  x9:0x00000006 x26=0xfffffb75
         654973	     32647	800088b8	02ef7c33	remu	x24,x30,x14	 x30:0x00000000 x14:0x00001000 x24=0x00000000
         654993	     32648	800088bc	d3e58193	addi	x3,x11,-706	 x11:0xc6cb36f2  x3=0xc6cb3430
         655013	     32649	800088c0	340e1173	csrrw	x2,mscratch,x28	 x28:0x00000006  x2=0x00000006
         655753	     32686	800088c4	021f6733	rem	x14,x30,x1	 x30:0x00000000  x1:0x00000004 x14=0x00000000
         655773	     32687	800088c8	0000100f	fence.i	
         656153	     32706	800088cc	8da74d93	xori	x27,x14,-1830	 x14:0x00000000 x27=0xfffff8da
         656293	     32713	800088d0	34086573	csrrsi	x10,mscratch,16	 x10=0x00000006
         656373	     32717	800088d4	001e7c33	and	x24,x28,x1	 x28:0x00000006  x1:0x00000004 x24=0x00000004
         656393	     32718	800088d8	29d54493	xori	x9,x10,669	 x10:0x00000006  x9=0x0000029b
         656593	     32728	800088dc	026e0263	beq	x28,x6,80008900	 x28:0x00000006  x6:0x00000006
         657113	     32754	80008900	340ed473	csrrwi	x8,mscratch,29	  x8=0x00000016
         657533	     32775	80008904	c75f7e93	andi	x29,x30,-907	 x30:0x00000000 x29=0x00000000
         657833	     32790	80008908	34002373	csrrs	x6,mscratch,x0	  x0:0x00000000  x6=0x0000001d
         657853	     32791	8000890c	340068f3	csrrsi	x17,mscratch,0	 x17=0x0000001d
         657893	     32793	80008910	00604663	blt	x0,x6,8000891c	  x0:0x00000000  x6:0x0000001d
         658373	     32817	8000891c	011510b3	sll	x1,x10,x17	 x10:0x00000006 x17:0x0000001d  x1=0xc0000000
         658393	     32818	80008920	e999	c.bnez	x11,80008936	 x11:0xc6cb36f2
         658873	     32842	80008936	85d9	c.srai	x11,0x16	 x11:0xc6cb36f2 x11=0xffffff1b
         659293	     32863	80008938	02d71f63	bne	x14,x13,80008976	 x14:0x00000000 x13:0x00000000
         659553	     32876	8000893c	023896b3	mulh	x13,x17,x3	 x17:0x0000001d  x3:0xc6cb3430 x13=0xfffffff9
         659633	     32880	80008940	2da34513	xori	x10,x6,730	  x6:0x0000001d x10=0x000002c7
         659953	     32896	80008944	040ae263	bltu	x21,x0,80008988	 x21:0x00000004  x0:0x00000000
         660013	     32899	80008948	8d91	c.sub	x11,x12	 x11:0xffffff1b x12:0xfffffffe x11=0xffffff1d
         660033	     32900	8000894a	014aeb63	bltu	x21,x20,80008960	 x21:0x00000004 x20:0x00000000
         660053	     32901	8000894e	8dd5	c.or	x11,x13	 x11:0xffffff1d x13:0xfffffff9 x11=0xfffffffd
         660073	     32902	80008950	40495113	srai	x2,x18,0x4	 x18:0x80021df4  x2=0xf80021df
         660173	     32907	80008954	03b58163	beq	x11,x27,80008976	 x11:0xfffffffd x27:0xfffff8da
         660513	     32924	80008958	340ef173	csrrci	x2,mscratch,29	  x2=0x0000001d
         660533	     32925	8000895c	019ab8b3	sltu	x17,x21,x25	 x21:0x00000004 x25:0x00000002 x17=0x00000000
         660553	     32926	80008960	004797b3	sll	x15,x15,x4	 x15:0x00000000  x4:0x00000000 x15=0x00000000
         660573	     32927	80008964	53fd	c.li	x7,-1	  x7=0xffffffff
         660593	     32928	80008966	ca3cdc97	auipc	x25,0xca3cd	 x25=0x4a3d5966
         660753	     32936	8000896a	00efd693	srli	x13,x31,0xe	 x31:0x00000002 x13=0x00000000
         661013	     32949	8000896e	340bbff3	csrrc	x31,mscratch,x23	 x23:0x00000002 x31=0x00000000
         661113	     32954	80008972	012f0ab3	add	x21,x30,x18	 x30:0x00000000 x18:0x80021df4 x21=0x80021df4
         661133	     32955	80008976	8739	c.srai	x14,0xe	 x14:0x00000000 x14=0x00000000
         661153	     32956	80008978	34065f73	csrrwi	x30,mscratch,12	 x30=0x00000000
         661173	     32957	8000897c	808d	c.srli	x9,0x3	  x9:0x0000029b  x9=0x00000053
         661193	     32958	8000897e	01ba5c63	bge	x20,x27,80008996	 x20:0x00000000 x27:0xfffff8da
         662313	     33014	80008996	014c8533	add	x10,x25,x20	 x25:0x4a3d5966 x20:0x00000000 x10=0x4a3d5966
         662333	     33015	8000899a	86158113	addi	x2,x11,-1951	 x11:0xfffffffd  x2=0xfffff85e
         662353	     33016	8000899e	84e1	c.srai	x9,0x18	  x9:0x00000053  x9=0x00000000
         662413	     33019	800089a0	02991bb3	mulh	x23,x18,x9	 x18:0x80021df4  x9:0x00000000 x23=0x00000000
         662593	     33028	800089a4	022dff13	andi	x30,x27,34	 x27:0xfffff8da x30=0x00000002
         662893	     33043	800089a8	37bbea97	auipc	x21,0x37bbe	 x21=0xb7bc69a8
         662913	     33044	800089ac	00b2de13	srli	x28,x5,0xb	  x5:0x80025ce4 x28=0x0010004b
         663033	     33050	800089b0	6e11	c.lui	x28,0x4	 x28=0x00004000
         663053	     33051	800089b2	6151	c.addi16sp	x2,272	  x2:0xfffff85e  x2=0xfffff96e
         663093	     33053	800089b4	717d	c.addi16sp	x2,-16	  x2:0xfffff96e  x2=0xfffff95e
         663193	     33058	800089b6	02206f63	bltu	x0,x2,800089f4	  x0:0x00000000  x2:0xfffff95e
         663593	     33078	800089f4	8221	c.srli	x12,0x8	 x12:0xfffffffe x12=0x00ffffff
         663693	     33083	800089f6	00039113	slli	x2,x7,0x0	  x7:0xffffffff  x2=0xffffffff
         663713	     33084	800089fa	6115	c.addi16sp	x2,288	  x2:0xffffffff  x2=0x0000011f
         663913	     33094	800089fc	8d22	c.mv	x26,x8	  x0:0x00000000  x8:0x00000016 x26=0x00000016
         664673	     33132	800089fe	030dd033	divu	x0,x27,x16	 x27:0xfffff8da x16:0x0001f000  x0=0x00000000
         664713	     33134	80008a02	02db23b3	mulhsu	x7,x22,x13	 x22:0xdd76a18d x13:0x00000000  x7=0x00000000
         664733	     33135	80008a06	00ecd693	srli	x13,x25,0xe	 x25:0x4a3d5966 x13=0x000128f5
         664753	     33136	80008a0a	8f71	c.and	x14,x12	 x14:0x00000000 x12:0x00ffffff x14=0x00000000
         664773	     33137	80008a0c	8e4d	c.or	x12,x11	 x12:0x00ffffff x11:0xfffffffd x12=0xffffffff
         664793	     33138	80008a0e	ca29	c.beqz	x12,80008a60	 x12:0xffffffff
         664833	     33140	80008a10	03a73833	mulhu	x16,x14,x26	 x14:0x00000000 x26:0x00000016 x16=0x00000000
         664853	     33141	80008a14	0ff0000f	fence	iorw,iorw	
         664873	     33142	80008a18	8dd5	c.or	x11,x13	 x11:0xfffffffd x13:0x000128f5 x11=0xfffffffd
         664893	     33143	80008a1a	86d5	c.srai	x13,0x15	 x13:0x000128f5 x13=0x00000000
         664913	     33144	80008a1c	077c6663	bltu	x24,x23,80008a88	 x24:0x00000004 x23:0x00000000
         665973	     33197	80008a20	0268ee33	rem	x28,x17,x6	 x17:0x00000000  x6:0x0000001d x28=0x00000000
         665993	     33198	80008a24	01db2f33	slt	x30,x22,x29	 x22:0xdd76a18d x29:0x00000000 x30=0x00000001
         666013	     33199	80008a28	02608a63	beq	x1,x6,80008a5c	  x1:0xc0000000  x6:0x0000001d
         666033	     33200	80008a2c	00c70bb3	add	x23,x14,x12	 x14:0x00000000 x12:0xffffffff x23=0xffffffff
         666053	     33201	80008a30	34015573	csrrwi	x10,mscratch,2	 x10=0x0000000c
         666073	     33202	80008a34	54f62b93	slti	x23,x12,1359	 x12:0xffffffff x23=0x00000001
         666353	     33216	80008a38	56faff93	andi	x31,x21,1391	 x21:0xb7bc69a8 x31=0x00000128
         666773	     33237	80008a3c	8ccd	c.or	x9,x11	  x9:0x00000000 x11:0xfffffffd  x9=0xfffffffd
         666833	     33240	80008a3e	021e2233	mulhsu	x4,x28,x1	 x28:0x00000000  x1:0xc0000000  x4=0x00000000
         666853	     33241	80008a42	40f08833	sub	x16,x1,x15	  x1:0xc0000000 x15:0x00000000 x16=0xc0000000
         667073	     33252	80008a46	340fa673	csrrs	x12,mscratch,x31	 x31:0x00000128 x12=0x00000002
         667093	     33253	80008a4a	4f65	c.li	x30,25	 x30=0x00000019
         667113	     33254	80008a4c	93efc8ef	jal	x17,80004b8a	 x17=0x80008a50
         667493	     33273	80004b8a	34027473	csrrci	x8,mscratch,4	  x8=0x0000012a
         667513	     33274	80004b8e	e219	c.bnez	x12,80004b94	 x12:0x00000002
         667873	     33292	80004b94	fdc90913	addi	x18,x18,-36	 x18:0x80021df4 x18=0x80021dd0
         668013	     33299	80004b98	01630433	add	x8,x6,x22	  x6:0x0000001d x22:0xdd76a18d  x8=0xdd76a1aa
         668073	     33302	80004b9c	01192223	sw	x17,4(x18)	 x18:0x80021dd0 x17:0x80008a50 PA:0x80021dd4 store:0x80008a50
         668173	     33307	80004ba0	0001	c.addi	x0,0	  x0:0x00000000  x0=0x00000000
         668193	     33308	80004ba2	6115	c.addi16sp	x2,288	  x2:0x0000011f  x2=0x0000023f
         668273	     33312	80004ba4	41fa5c13	srai	x24,x20,0x1f	 x20:0x00000000 x24=0x00000000
         668493	     33323	80004ba8	8c75	c.and	x8,x13	  x8:0xdd76a1aa x13:0x00000000  x8=0x00000000
         668933	     33345	80004baa	0247c3b3	div	x7,x15,x4	 x15:0x00000000  x4:0x00000000  x7=0xffffffff
         668973	     33347	80004bae	340e9273	csrrw	x4,mscratch,x29	 x29:0x00000000  x4=0x0000012a
         669013	     33349	80004bb2	03d43233	mulhu	x4,x8,x29	  x8:0x00000000 x29:0x00000000  x4=0x00000000
         669413	     33369	80004bb6	0000100f	fence.i	
         669913	     33394	80004bba	db89c5b7	lui	x11,0xdb89c	 x11=0xdb89c000
         669933	     33395	80004bbe	8312	c.mv	x6,x4	  x0:0x00000000  x4:0x00000000  x6=0x00000000
         669953	     33396	80004bc0	8f09	c.sub	x14,x10	 x14:0x00000000 x10:0x0000000c x14=0xfffffff4
         669973	     33397	80004bc2	0001	c.addi	x0,0	  x0:0x00000000  x0=0x00000000
         670333	     33415	80004bc4	6555	c.lui	x10,0x15	 x10=0x00015000
         670353	     33416	80004bc6	0c9a	c.slli	x25,0x6	 x25:0x4a3d5966 x25=0x8f565980
         670373	     33417	80004bc8	34057873	csrrci	x16,mscratch,10	 x16=0x00000000
         670393	     33418	80004bcc	0035c263	blt	x11,x3,80004bd0	 x11:0xdb89c000  x3:0xc6cb3430
         670413	     33419	80004bd0	023b8c63	beq	x23,x3,80004c08	 x23:0x00000001  x3:0xc6cb3430
         670613	     33429	80004bd4	8d41	c.or	x10,x8	 x10:0x00015000  x8:0x00000000 x10=0x00015000
         671033	     33450	80004bd6	00d6c3b3	xor	x7,x13,x13	 x13:0x00000000 x13:0x00000000  x7=0x00000000
         671173	     33457	80004bda	340e1d73	csrrw	x26,mscratch,x28	 x28:0x00000000 x26=0x00000000
         671193	     33458	80004bde	340b5573	csrrwi	x10,mscratch,22	 x10=0x00000000
         671213	     33459	80004be2	1592a513	slti	x10,x5,345	  x5:0x80025ce4 x10=0x00000001
         671233	     33460	80004be6	0ac6	c.slli	x21,0x11	 x21:0xb7bc69a8 x21=0xd3500000
         671253	     33461	80004be8	1a1c	c.addi4spn	x15,x2,304	 x15=0x0000036f
         671273	     33462	80004bea	340077f3	csrrci	x15,mscratch,0	 x15=0x00000016
         671433	     33470	80004bee	01ac24b3	slt	x9,x24,x26	 x24:0x00000000 x26:0x00000000  x9=0x00000000
         671453	     33471	80004bf2	84c5	c.srai	x9,0x11	  x9:0x00000000  x9=0x00000000
         671473	     33472	80004bf4	1a14	c.addi4spn	x13,x2,304	 x13=0x0000036f
         671513	     33474	80004bf6	0281b0b3	mulhu	x1,x3,x8	  x3:0xc6cb3430  x8:0x00000000  x1=0x00000000
         671553	     33476	80004bfa	0248f033	remu	x0,x17,x4	 x17:0x80008a50  x4:0x00000000  x0=0x00000000
         671573	     33477	80004bfe	340d9ff3	csrrw	x31,mscratch,x27	 x27:0xfffff8da x31=0x00000016
         671593	     33478	80004c02	81f1	c.srli	x11,0x1c	 x11:0xdb89c000 x11=0x0000000d
         671973	     33497	80004c04	419cdcb3	sra	x25,x25,x25	 x25:0x8f565980 x25:0x8f565980 x25=0x8f565980
         672273	     33512	80004c08	8226	c.mv	x4,x9	  x0:0x00000000  x9:0x00000000  x4=0x00000000
         672293	     33513	80004c0a	02f58ab3	mul	x21,x11,x15	 x11:0x0000000d x15:0x00000016 x21=0x0000011e
         672633	     33530	80004c0e	2042ad93	slti	x27,x5,516	  x5:0x80025ce4 x27=0x00000001
         672653	     33531	80004c12	00cd0fb3	add	x31,x26,x12	 x26:0x00000000 x12:0x00000002 x31=0x00000002
         672673	     33532	80004c16	1388	c.addi4spn	x10,x2,480	 x10=0x0000041f
         672733	     33535	80004c18	0584d663	bge	x9,x24,80004c64	  x9:0x00000000 x24:0x00000000
         673193	     33558	80004c64	6195	c.lui	x3,0x5	  x3=0x00005000
         673213	     33559	80004c66	50a78bb7	lui	x23,0x50a78	 x23=0x50a78000
         673233	     33560	80004c6a	03d5f663	bgeu	x11,x29,80004c96	 x11:0x0000000d x29:0x00000000
         673853	     33591	80004c96	03399b63	bne	x19,x19,80004ccc	 x19:0x00000000 x19:0x00000000
         673873	     33592	80004c9a	aaf1aa37	lui	x20,0xaaf1a	 x20=0xaaf1a000
         674293	     33613	80004c9e	015b6363	bltu	x22,x21,80004ca4	 x22:0xdd76a18d x21:0x0000011e
         674313	     33614	80004ca2	8dc9	c.or	x11,x10	 x11:0x0000000d x10:0x0000041f x11=0x0000041f
         674333	     33615	80004ca4	8bdd	c.andi	x15,23	 x15:0x00000016 x15=0x00000016
         674353	     33616	80004ca6	6db5	c.lui	x27,0xd	 x27=0x0000d000
         674373	     33617	80004ca8	02b48d63	beq	x9,x11,80004ce2	  x9:0x00000000 x11:0x0000041f
         674453	     33621	80004cac	cc0d	c.beqz	x8,80004ce6	  x8:0x00000000
         675353	     33666	80004ce6	0ce2	c.slli	x25,0x18	 x25:0x8f565980 x25=0x80000000
         675733	     33685	80004ce8	00ba6bb3	or	x23,x20,x11	 x20:0xaaf1a000 x11:0x0000041f x23=0xaaf1a41f
         675793	     33688	80004cec	0db2	c.slli	x27,0xc	 x27:0x0000d000 x27=0x0d000000
         675813	     33689	80004cee	0ff0000f	fence	iorw,iorw	
         675833	     33690	80004cf2	0e56	c.slli	x28,0x15	 x28:0x00000000 x28=0x00000000
         675873	     33692	80004cf4	026d68b3	rem	x17,x26,x6	 x26:0x00000000  x6:0x00000000 x17=0x00000000
         675913	     33694	80004cf8	4072de33	sra	x28,x5,x7	  x5:0x80025ce4  x7:0x00000000 x28=0x80025ce4
         676293	     33713	80004cfc	009be463	bltu	x23,x9,80004d04	 x23:0xaaf1a41f  x9:0x00000000
         676413	     33719	80004d00	0000100f	fence.i	
         677173	     33757	80004d04	4525	c.li	x10,9	 x10=0x00000009
         677193	     33758	80004d06	0001	c.addi	x0,0	  x0:0x00000000  x0=0x00000000
         677213	     33759	80004d08	340f9c73	csrrw	x24,mscratch,x31	 x31:0x00000002 x24=0xfffff8da
         677233	     33760	80004d0c	340079f3	csrrci	x19,mscratch,0	 x19=0x00000002
         677293	     33763	80004d10	409c56b3	sra	x13,x24,x9	 x24:0xfffff8da  x9:0x00000000 x13=0xfffff8da
         677493	     33773	80004d14	03999a33	mulh	x20,x19,x25	 x19:0x00000002 x25:0x80000000 x20=0xffffffff
         677513	     33774	80004d18	c399	c.beqz	x15,80004d1e	 x15:0x00000016
         677933	     33795	80004d1a	40bd0f33	sub	x30,x26,x11	 x26:0x00000000 x11:0x0000041f x30=0xfffffbe1
         677953	     33796	80004d1e	8b9e	c.mv	x23,x7	  x0:0x00000000  x7:0x00000000 x23=0x00000000
         677973	     33797	80004d20	e6ac6f93	ori	x31,x24,-406	 x24:0xfffff8da x31=0xfffffefa
         678373	     33817	80004d24	340d1373	csrrw	x6,mscratch,x26	 x26:0x00000000  x6=0x00000002
         678453	     33821	80004d28	40715713	srai	x14,x2,0x7	  x2:0x0000023f x14=0x00000004
         678793	     33838	80004d2c	023a0db3	mul	x27,x20,x3	 x20:0xffffffff  x3:0x00005000 x27=0xffffb000
         678853	     33841	80004d30	00492883	lw	x17,4(x18)	 x18:0x80021dd0 x17=0x80008a50 PA:0x80021dd4 load:0x80008a50
         678873	     33842	80004d34	01622eb3	slt	x29,x4,x22	  x4:0x00000000 x22:0xdd76a18d x29=0x00000000
         678893	     33843	80004d38	02490913	addi	x18,x18,36	 x18:0x80021dd0 x18=0x80021df4
         678953	     33846	80004d3c	340e1cf3	csrrw	x25,mscratch,x28	 x28:0x80025ce4 x25=0x00000000
         678973	     33847	80004d40	96672313	slti	x6,x14,-1690	 x14:0x00000004  x6=0x00000000
         678993	     33848	80004d44	01c61a33	sll	x20,x12,x28	 x12:0x00000002 x28:0x80025ce4 x20=0x00000020
         679093	     33853	80004d48	00088893	addi	x17,x17,0	 x17:0x80008a50 x17=0x80008a50
         679513	     33874	80004d4c	8882	c.jr	x17	 x17:0x80008a50
         680093	     33903	80008a50	028b0c93	addi	x25,x22,40	 x22:0xdd76a18d x25=0xdd76a1b5
         680513	     33924	80008a54	41f88d33	sub	x26,x17,x31	 x17:0x80008a50 x31:0xfffffefa x26=0x80008b56
         680533	     33925	80008a58	efe3cd13	xori	x26,x7,-258	  x7:0x00000000 x26=0xfffffefe
         680693	     33933	80008a5c	00f78e63	beq	x15,x15,80008a78	 x15:0x00000016 x15:0x00000016
         681953	     33996	80008a78	032e6f33	rem	x30,x28,x18	 x28:0x80025ce4 x18:0x80021df4 x30=0x80025ce4
         686633	     34230	80008a7c	00617bb3	and	x23,x2,x6	  x2:0x0000023f  x6:0x00000000 x23=0x00000000
         686653	     34231	80008a80	8c61	c.and	x8,x8	  x8:0x00000000  x8:0x00000000  x8=0x00000000
         686673	     34232	80008a82	01179c93	slli	x25,x15,0x11	 x15:0x00000016 x25=0x002c0000
         686693	     34233	80008a86	0001	c.addi	x0,0	  x0:0x00000000  x0=0x00000000
         686713	     34234	80008a88	340ad9f3	csrrwi	x19,mscratch,21	 x19=0x80025ce4
         686733	     34235	80008a8c	b9322d93	slti	x27,x4,-1133	  x4:0x00000000 x27=0x00000000
         686753	     34236	80008a90	e675ac13	slti	x24,x11,-409	 x11:0x0000041f x24=0x00000000
         687173	     34257	80008a94	40cd8a33	sub	x20,x27,x12	 x27:0x00000000 x12:0x00000002 x20=0xfffffffe
         687273	     34262	80008a98	8f01	c.sub	x14,x8	 x14:0x00000004  x8:0x00000000 x14=0x00000004
         687693	     34283	80008a9a	002f06b3	add	x13,x30,x2	 x30:0x80025ce4  x2:0x0000023f x13=0x80025f23
         687713	     34284	80008a9e	0001	c.addi	x0,0	  x0:0x00000000  x0=0x00000000
         687733	     34285	80008aa0	8c05	c.sub	x8,x9	  x8:0x00000000  x9:0x00000000  x8=0x00000000
         687753	     34286	80008aa2	002efa33	and	x20,x29,x2	 x29:0x00000000  x2:0x0000023f x20=0x00000000
         687773	     34287	80008aa6	0001	c.addi	x0,0	  x0:0x00000000  x0=0x00000000
         687793	     34288	80008aa8	ea9d	c.bnez	x13,80008ade	 x13:0x80025f23
         688673	     34332	80008ade	025cbeb3	mulhu	x29,x25,x5	 x25:0x002c0000  x5:0x80025ce4 x29=0x00160067
         688693	     34333	80008ae2	4a39	c.li	x20,14	 x20=0x0000000e
         688713	     34334	80008ae4	e3a1	c.bnez	x15,80008b24	 x15:0x00000016
         689273	     34362	80008b24	04eae063	bltu	x21,x14,80008b64	 x21:0x0000011e x14:0x00000004
         689313	     34364	80008b28	01360033	add	x0,x12,x19	 x12:0x00000002 x19:0x80025ce4  x0=0x00000000
         689333	     34365	80008b2c	233ebc13	sltiu	x24,x29,563	 x29:0x00160067 x24=0x00000000
         689353	     34366	80008b30	e46b2113	slti	x2,x22,-442	 x22:0xdd76a18d  x2=0x00000001
         689373	     34367	80008b34	40b38bb3	sub	x23,x7,x11	  x7:0x00000000 x11:0x0000041f x23=0xfffffbe1
         689433	     34370	80008b38	f41eca13	xori	x20,x29,-191	 x29:0x00160067 x20=0xffe9ff26
         689453	     34371	80008b3c	001854b3	srl	x9,x16,x1	 x16:0x00000000  x1:0x00000000  x9=0x00000000
         689613	     34379	80008b40	0000100f	fence.i	
         690713	     34434	80008b44	03c260b3	rem	x1,x4,x28	  x4:0x00000000 x28:0x80025ce4  x1=0x00000000
         690733	     34435	80008b48	34003d73	csrrc	x26,mscratch,x0	  x0:0x00000000 x26=0x00000015
         690753	     34436	80008b4c	019c3593	sltiu	x11,x24,25	 x24:0x00000000 x11=0x00000001
         690773	     34437	80008b50	e61d	c.bnez	x12,80008b7e	 x12:0x00000002
         691673	     34482	80008b7e	baf8e493	ori	x9,x17,-1105	 x17:0x80008a50  x9=0xfffffbff
         691833	     34490	80008b82	0485d163	bge	x11,x8,80008bc4	 x11:0x00000001  x8:0x00000000
         692853	     34541	80008bc4	03961463	bne	x12,x25,80008bec	 x12:0x00000002 x25:0x002c0000
         693893	     34593	80008bec	e84d1037	lui	x0,0xe84d1	  x0=0x00000000
         694633	     34630	80008bf0	03a6e233	rem	x4,x13,x26	 x13:0x80025f23 x26:0x00000015  x4=0xffffffef
         694653	     34631	80008bf4	8dcd	c.or	x11,x11	 x11:0x00000001 x11:0x00000001 x11=0x00000001
         694673	     34632	80008bf6	0066a9b3	slt	x19,x13,x6	 x13:0x80025f23  x6:0x00000000 x19=0x00000001
         694753	     34636	80008bfa	0ff0000f	fence	iorw,iorw	
         695553	     34676	80008bfe	024640b3	div	x1,x12,x4	 x12:0x00000002  x4:0xffffffef  x1=0x00000000
         695573	     34677	80008c02	0e59	c.addi	x28,22	 x28:0x80025ce4 x28=0x80025cfa
         695593	     34678	80008c04	0001	c.addi	x0,0	  x0:0x00000000  x0=0x00000000
         695613	     34679	80008c06	01d5b4b3	sltu	x9,x11,x29	 x11:0x00000001 x29:0x00160067  x9=0x00000001
         695633	     34680	80008c0a	43cb3b93	sltiu	x23,x22,1084	 x22:0xdd76a18d x23=0x00000000
         695653	     34681	80008c0e	e09d	c.bnez	x9,80008c34	  x9:0x00000001
         696153	     34706	80008c34	0001	c.addi	x0,0	  x0:0x00000000  x0=0x00000000
         696173	     34707	80008c36	9f66	c.add	x30,x25	 x30:0x80025ce4 x25:0x002c0000 x30=0x802e5ce4
         696593	     34728	80008c38	cf19	c.beqz	x14,80008c56	 x14:0x00000004
         696873	     34742	80008c3a	00974c63	blt	x14,x9,80008c52	 x14:0x00000004  x9:0x00000001
         697193	     34758	80008c3e	0000100f	fence.i	
         698353	     34816	80008c42	0001	c.addi	x0,0	  x0:0x00000000  x0=0x00000000
         698393	     34818	80008c44	036c36b3	mulhu	x13,x24,x22	 x24:0x00000000 x22:0xdd76a18d x13=0x00000000
         698413	     34819	80008c48	340e5ff3	csrrwi	x31,mscratch,28	 x31=0x00000015
         698813	     34839	80008c4c	2cf4bd93	sltiu	x27,x9,719	  x9:0x00000001 x27=0x00000001
         698933	     34845	80008c50	c139	c.beqz	x10,80008c96	 x10:0x00000009
         698953	     34846	80008c52	0133fb63	bgeu	x7,x19,80008c68	  x7:0x00000000 x19:0x00000001
         699153	     34856	80008c56	02df5f33	divu	x30,x30,x13	 x30:0x802e5ce4 x13:0x00000000 x30=0xffffffff
         699173	     34857	80008c5a	0ff0000f	fence	iorw,iorw	
         699193	     34858	80008c5e	040d8363	beq	x27,x0,80008ca4	 x27:0x00000001  x0:0x00000000
         699233	     34860	80008c62	ada50393	addi	x7,x10,-1318	 x10:0x00000009  x7=0xfffffae3
         699253	     34861	80008c66	9a7d	c.andi	x12,-1	 x12:0x00000002 x12=0x00000002
         699273	     34862	80008c68	01c8a433	slt	x8,x17,x28	 x17:0x80008a50 x28:0x80025cfa  x8=0x00000001
         700173	     34907	80008c6c	031e5db3	divu	x27,x28,x17	 x28:0x80025cfa x17:0x80008a50 x27=0x00000001
         700193	     34908	80008c70	340fd573	csrrwi	x10,mscratch,31	 x10=0x0000001c
         700213	     34909	80008c74	00a645b3	xor	x11,x12,x10	 x12:0x00000002 x10:0x0000001c x11=0x0000001e
         700233	     34910	80008c78	bac5db97	auipc	x23,0xbac5d	 x23=0x3ac65c78
         700253	     34911	80008c7c	01f6ed33	or	x26,x13,x31	 x13:0x00000000 x31:0x00000015 x26=0x00000015
         700273	     34912	80008c80	8fc5	c.or	x15,x9	 x15:0x00000016  x9:0x00000001 x15=0x00000017
         700373	     34917	80008c82	b31ea113	slti	x2,x29,-1231	 x29:0x00160067  x2=0x00000000
         700793	     34938	80008c86	ee72b693	sltiu	x13,x5,-281	  x5:0x80025ce4 x13=0x00000001
         700813	     34939	80008c8a	01608863	beq	x1,x22,80008c9a	  x1:0x00000000 x22:0xdd76a18d
         700833	     34940	80008c8e	71dd4213	xori	x4,x26,1821	 x26:0x00000015  x4=0x00000708
         701573	     34977	80008c92	0252ee33	rem	x28,x5,x5	  x5:0x80025ce4  x5:0x80025ce4 x28=0x00000000
         702313	     35014	80008c96	03564bb3	div	x23,x12,x21	 x12:0x00000002 x21:0x0000011e x23=0x00000000
         702333	     35015	80008c9a	567d	c.li	x12,-1	 x12=0xffffffff
         702353	     35016	80008c9c	013daf33	slt	x30,x27,x19	 x27:0x00000001 x19:0x00000001 x30=0x00000000
         702373	     35017	80008ca0	34007e73	csrrci	x28,mscratch,0	 x28=0x0000001f
         702393	     35018	80008ca4	ed81	c.bnez	x11,80008cbc	 x11:0x0000001e
         702473	     35022	80008cbc	013173b3	and	x7,x2,x19	  x2:0x00000000 x19:0x00000001  x7=0x00000000
         703133	     35055	80008cc0	0009f663	bgeu	x19,x0,80008ccc	 x19:0x00000001  x0:0x00000000
         704213	     35109	80008ccc	40ec5c33	sra	x24,x24,x14	 x24:0x00000000 x14:0x00000004 x24=0x00000000
         704493	     35123	80008cd0	0cf1	c.addi	x25,28	 x25:0x002c0000 x25=0x002c001c
         704513	     35124	80008cd2	0001	c.addi	x0,0	  x0:0x00000000  x0=0x00000000
         704533	     35125	80008cd4	05c6e563	bltu	x13,x28,80008d1e	 x13:0x00000001 x28:0x0000001f
         705313	     35164	80008d1e	717d	c.addi16sp	x2,-16	  x2:0x00000000  x2=0xfffffff0
         705853	     35191	80008d20	00ff9513	slli	x10,x31,0xf	 x31:0x00000015 x10=0x000a8000
         705973	     35197	80008d24	0ff0000f	fence	iorw,iorw	
         706073	     35202	80008d28	6d29	c.lui	x26,0xa	 x26=0x0000a000
         706493	     35223	80008d2a	0000100f	fence.i	
         708933	     35345	80008d2e	0001	c.addi	x0,0	  x0:0x00000000  x0=0x00000000
         708953	     35346	80008d30	0ff0000f	fence	iorw,iorw	
         709693	     35383	80008d34	02a3ceb3	div	x29,x7,x10	  x7:0x00000000 x10:0x000a8000 x29=0x00000000
         709713	     35384	80008d38	0000100f	fence.i	
         710133	     35405	80008d3c	0ff0000f	fence	iorw,iorw	
         710153	     35406	80008d40	01cc0533	add	x10,x24,x28	 x24:0x00000000 x28:0x0000001f x10=0x0000001f
         710173	     35407	80008d44	00464cb3	xor	x25,x12,x4	 x12:0xffffffff  x4:0x00000708 x25=0xfffff8f7
         710493	     35423	80008d48	02bb1c33	mulh	x24,x22,x11	 x22:0xdd76a18d x11:0x0000001e x24=0xfffffffb
         711233	     35460	80008d4c	03a6dab3	divu	x21,x13,x26	 x13:0x00000001 x26:0x0000a000 x21=0x00000000
         711253	     35461	80008d50	0001	c.addi	x0,0	  x0:0x00000000  x0=0x00000000
         711293	     35463	80008d52	03f7a8b3	mulhsu	x17,x15,x31	 x15:0x00000017 x31:0x00000015 x17=0x00000000
         711313	     35464	80008d56	07c08513	addi	x10,x1,124	  x1:0x00000000 x10=0x0000007c
         711333	     35465	80008d5a	85fa	c.mv	x11,x30	  x0:0x00000000 x30:0x00000000 x11=0x00000000
         711353	     35466	80008d5c	8fa1	c.xor	x15,x8	 x15:0x00000017  x8:0x00000001 x15=0x00000016
         711693	     35483	80008d5e	3406f3f3	csrrci	x7,mscratch,13	  x7=0x0000001f
         711833	     35490	80008d62	01a55a13	srli	x20,x10,0x1a	 x10:0x0000007c x20=0x00000000
         711853	     35491	80008d66	41cf5f13	srai	x30,x30,0x1c	 x30:0x00000000 x30=0x00000000
         711873	     35492	80008d6a	0ff0000f	fence	iorw,iorw	
         711893	     35493	80008d6e	760b4e13	xori	x28,x22,1888	 x22:0xdd76a18d x28=0xdd76a6ed
         711913	     35494	80008d72	0001	c.addi	x0,0	  x0:0x00000000  x0=0x00000000
         712313	     35514	80008d74	0086dd33	srl	x26,x13,x8	 x13:0x00000001  x8:0x00000001 x26=0x00000000
         713233	     35560	80008d78	0273c5b3	div	x11,x7,x7	  x7:0x0000001f  x7:0x0000001f x11=0x00000001
         713253	     35561	80008d7c	3be9c393	xori	x7,x19,958	 x19:0x00000001  x7=0x000003bf
         713273	     35562	80008d80	34002af3	csrrs	x21,mscratch,x0	  x0:0x00000000 x21=0x00000012
         713293	     35563	80008d84	8311	c.srli	x14,0x4	 x14:0x00000004 x14=0x00000000
         713313	     35564	80008d86	34003573	csrrc	x10,mscratch,x0	  x0:0x00000000 x10=0x00000012
         713333	     35565	80008d8a	5139fb93	andi	x23,x19,1299	 x19:0x00000001 x23=0x00000001
         713373	     35567	80008d8e	00332333	slt	x6,x6,x3	  x6:0x00000000  x3:0x00005000  x6=0x00000001
         713793	     35588	80008d92	34006bf3	csrrsi	x23,mscratch,0	 x23=0x00000012
         713833	     35590	80008d96	036e9cb3	mulh	x25,x29,x22	 x29:0x00000000 x22:0xdd76a18d x25=0x00000000
         713853	     35591	80008d9a	cb19	c.beqz	x14,80008db0	 x14:0x00000000
         714893	     35643	80008db0	0210d9b3	divu	x19,x1,x1	  x1:0x00000000  x1:0x00000000 x19=0xffffffff
         714913	     35644	80008db4	8fc5	c.or	x15,x9	 x15:0x00000016  x9:0x00000001 x15=0x00000017
         714933	     35645	80008db6	3537f393	andi	x7,x15,851	 x15:0x00000017  x7=0x00000013
         714953	     35646	80008dba	8f71	c.and	x14,x12	 x14:0x00000000 x12:0xffffffff x14=0x00000000
         715013	     35649	80008dbc	003e1a63	bne	x28,x3,80008dd0	 x28:0xdd76a6ed  x3:0x00005000
         715933	     35695	80008dd0	94ae	c.add	x9,x11	  x9:0x00000001 x11:0x00000001  x9=0x00000002
         715973	     35697	80008dd2	00d87e63	bgeu	x16,x13,80008dee	 x16:0x00000000 x13:0x00000001
         715993	     35698	80008dd6	340026f3	csrrs	x13,mscratch,x0	  x0:0x00000000 x13=0x00000012
         716013	     35699	80008dda	c405	c.beqz	x8,80008e02	  x8:0x00000001
         716413	     35719	80008ddc	0ff0000f	fence	iorw,iorw	
         716613	     35729	80008de0	01c6	c.slli	x3,0x11	  x3:0x00005000  x3=0xa0000000
         717033	     35750	80008de2	00fcb533	sltu	x10,x25,x15	 x25:0x00000000 x15:0x00000017 x10=0x00000001
         717053	     35751	80008de6	6855	c.lui	x16,0x15	 x16=0x00015000
         717093	     35753	80008de8	00455cb3	srl	x25,x10,x4	 x10:0x00000001  x4:0x00000708 x25=0x00000000
         717113	     35754	80008dec	6499	c.lui	x9,0x6	  x9=0x00006000
         717333	     35765	80008dee	403dd813	srai	x16,x27,0x3	 x27:0x00000001 x16=0x00000000
         717353	     35766	80008df2	eb01	c.bnez	x14,80008e02	 x14:0x00000000
         717373	     35767	80008df4	8549	c.srai	x10,0x12	 x10:0x00000001 x10=0x00000000
         717393	     35768	80008df6	340a5ff3	csrrwi	x31,mscratch,20	 x31=0x00000012
         717413	     35769	80008dfa	8cc9	c.or	x9,x10	  x9:0x00006000 x10:0x00000000  x9=0x00006000
         717433	     35770	80008dfc	9dd2	c.add	x27,x20	 x27:0x00000001 x20:0x00000000 x27=0x00000001
         717593	     35778	80008dfe	02ef1bb3	mulh	x23,x30,x14	 x30:0x00000000 x14:0x00000000 x23=0x00000000
         717693	     35783	80008e02	3405b273	csrrc	x4,mscratch,x11	 x11:0x00000001  x4=0x00000014
         717713	     35784	80008e06	8f6d	c.and	x14,x11	 x14:0x00000000 x11:0x00000001 x14=0x00000000
         717893	     35793	80008e08	01457633	and	x12,x10,x20	 x10:0x00000000 x20:0x00000000 x12=0x00000000
         718313	     35814	80008e0c	34002df3	csrrs	x27,mscratch,x0	  x0:0x00000000 x27=0x00000014
         718353	     35816	80008e10	1bc78c13	addi	x24,x15,444	 x15:0x00000017 x24=0x000001d3
         718433	     35820	80008e14	016207b3	add	x15,x4,x22	  x4:0x00000014 x22:0xdd76a18d x15=0xdd76a1a1
         718453	     35821	80008e18	34033373	csrrc	x6,mscratch,x6	  x6:0x00000001  x6=0x00000014
         718473	     35822	80008e1c	0ff0000f	fence	iorw,iorw	
         718653	     35831	80008e20	034eeab3	rem	x21,x29,x20	 x29:0x00000000 x20:0x00000000 x21=0x00000000
         718693	     35833	80008e24	0001	c.addi	x0,0	  x0:0x00000000  x0=0x00000000
         718813	     35839	80008e26	02159f33	mulh	x30,x11,x1	 x11:0x00000001  x1:0x00000000 x30=0x00000000
         718833	     35840	80008e2a	4f49	c.li	x30,18	 x30=0x00000012
         719573	     35877	80008e2c	02636133	rem	x2,x6,x6	  x6:0x00000014  x6:0x00000014  x2=0x00000000
         719593	     35878	80008e30	98fd	c.andi	x9,-1	  x9:0x00006000  x9=0x00006000
         719633	     35880	80008e32	0359e1b3	rem	x3,x19,x21	 x19:0xffffffff x21:0x00000000  x3=0xffffffff
         719653	     35881	80008e36	8775	c.srai	x14,0x1d	 x14:0x00000000 x14=0x00000000
         719673	     35882	80008e38	4fc9	c.li	x31,18	 x31=0x00000012
         720413	     35919	80008e3a	0365d8b3	divu	x17,x11,x22	 x11:0x00000001 x22:0xdd76a18d x17=0x00000000
         720433	     35920	80008e3e	3405aaf3	csrrs	x21,mscratch,x11	 x11:0x00000001 x21=0x00000014
         720473	     35922	80008e42	02a61133	mulh	x2,x12,x10	 x12:0x00000000 x10:0x00000000  x2=0x00000000
         721213	     35959	80008e46	028ef833	remu	x16,x29,x8	 x29:0x00000000  x8:0x00000001 x16=0x00000000
         721233	     35960	80008e4a	1e98	c.addi4spn	x14,x2,880	 x14=0x00000370
         721973	     35997	80008e4c	0272f6b3	remu	x13,x5,x7	  x5:0x80025ce4  x7:0x00000013 x13=0x00000005
         721993	     35998	80008e50	00305c93	srli	x25,x0,0x3	  x0:0x00000000 x25=0x00000000
         722013	     35999	80008e54	01b71f93	slli	x31,x14,0x1b	 x14:0x00000370 x31=0x80000000
         722033	     36000	80008e58	340076f3	csrrci	x13,mscratch,0	 x13=0x00000015
         722053	     36001	80008e5c	013348b3	xor	x17,x6,x19	  x6:0x00000014 x19:0xffffffff x17=0xffffffeb
         722073	     36002	80008e60	1208	c.addi4spn	x10,x2,288	 x10=0x00000120
         722093	     36003	80008e62	0001	c.addi	x0,0	  x0:0x00000000  x0=0x00000000
         722173	     36007	80008e64	9ffe	c.add	x31,x31	 x31:0x80000000 x31:0x80000000 x31=0x00000000
         722193	     36008	80008e66	8ba5	c.andi	x15,9	 x15:0xdd76a1a1 x15=0x00000001
         722433	     36020	80008e68	005d44b3	xor	x9,x26,x5	 x26:0x00000000  x5:0x80025ce4  x9=0x80025ce4
         722453	     36021	80008e6c	987d	c.andi	x8,-1	  x8:0x00000001  x8=0x00000001
         722653	     36031	80008e6e	03d8e8b3	rem	x17,x17,x29	 x17:0xffffffeb x29:0x00000000 x17=0xffffffeb
         722673	     36032	80008e72	0fa52593	slti	x11,x10,250	 x10:0x00000120 x11=0x00000000
         722693	     36033	80008e76	40c901b3	sub	x3,x18,x12	 x18:0x80021df4 x12:0x00000000  x3=0x80021df4
         722713	     36034	80008e7a	8ce1	c.and	x9,x8	  x9:0x80025ce4  x8:0x00000001  x9=0x00000000
         722873	     36042	80008e7c	0001	c.addi	x0,0	  x0:0x00000000  x0=0x00000000
         722973	     36047	80008e7e	0ff0000f	fence	iorw,iorw	
         722993	     36048	80008e82	8a0e	c.mv	x20,x3	  x0:0x00000000  x3:0x80021df4 x20=0x80021df4
         723013	     36049	80008e84	5ffd	c.li	x31,-1	 x31=0xffffffff
         723033	     36050	80008e86	e78958b7	lui	x17,0xe7895	 x17=0xe7895000
         723053	     36051	80008e8a	6ca5	c.lui	x25,0x9	 x25=0x00009000
         723153	     36056	80008e8c	00d98d33	add	x26,x19,x13	 x19:0xffffffff x13:0x00000015 x26=0x00000014
         723233	     36060	80008e90	036d93b3	mulh	x7,x27,x22	 x27:0x00000014 x22:0xdd76a18d  x7=0xfffffffd
         723393	     36068	80008e94	ec81	c.bnez	x9,80008eac	  x9:0x00000000
         723533	     36075	80008e96	00f8f133	and	x2,x17,x15	 x17:0xe7895000 x15:0x00000001  x2=0x00000000
         723553	     36076	80008e9a	40985c93	srai	x25,x16,0x9	 x16:0x00000000 x25=0x00000000
         723753	     36086	80008e9e	035b9233	mulh	x4,x23,x21	 x23:0x00000000 x21:0x00000014  x4=0x00000000
         723853	     36091	80008ea2	03359d33	mulh	x26,x11,x19	 x11:0x00000000 x19:0xffffffff x26=0x00000000
         723913	     36094	80008ea6	009a1c63	bne	x20,x9,80008ebe	 x20:0x80021df4  x9:0x00000000
         725953	     36196	80008ebe	0151a4b3	slt	x9,x3,x21	  x3:0x80021df4 x21:0x00000014  x9=0x00000001
         726053	     36201	80008ec2	340f9ff3	csrrw	x31,mscratch,x31	 x31:0xffffffff x31=0x00000015
         726073	     36202	80008ec6	c691	c.beqz	x13,80008ed2	 x13:0x00000015
         726093	     36203	80008ec8	340ad6f3	csrrwi	x13,mscratch,21	 x13=0xffffffff
         726193	     36208	80008ecc	8771	c.srai	x14,0x1c	 x14:0x00000370 x14=0x00000000
         726213	     36209	80008ece	048ee363	bltu	x29,x8,80008f14	 x29:0x00000000  x8:0x00000001
         726513	     36224	80008f14	03e90d33	mul	x26,x18,x30	 x18:0x80021df4 x30:0x00000012 x26=0x00261b28
         726813	     36239	80008f18	ef01	c.bnez	x14,80008f30	 x14:0x00000000
         727093	     36253	80008f1a	01c41733	sll	x14,x8,x28	  x8:0x00000001 x28:0xdd76a6ed x14=0x00002000
         727113	     36254	80008f1e	019e88b3	add	x17,x29,x25	 x29:0x00000000 x25:0x00000000 x17=0x00000000
         727133	     36255	80008f22	8ea5	c.xor	x13,x9	 x13:0xffffffff  x9:0x00000001 x13=0xfffffffe
         727533	     36275	80008f24	012e5093	srli	x1,x28,0x12	 x28:0xdd76a6ed  x1=0x0000375d
         727553	     36276	80008f28	8896	c.mv	x17,x5	  x0:0x00000000  x5:0x80025ce4 x17=0x80025ce4
         727573	     36277	80008f2a	cc89	c.beqz	x9,80008f44	  x9:0x00000001
         727973	     36297	80008f2c	01d37663	bgeu	x6,x29,80008f38	  x6:0x00000014 x29:0x00000000
         728173	     36307	80008f38	340c74f3	csrrci	x9,mscratch,24	  x9=0x00000015
         728593	     36328	80008f3c	ca71c093	xori	x1,x3,-857	  x3:0x80021df4  x1=0x7ffde153
         729633	     36380	80008f40	02fe61b3	rem	x3,x28,x15	 x28:0xdd76a6ed x15:0x00000001  x3=0x00000000
         750373	     37417	80008f44	2ae1e613	ori	x12,x3,686	  x3:0x00000000 x12=0x000002ae
         750393	     37418	80008f48	5bfd	c.li	x23,-1	 x23=0xffffffff
         750413	     37419	80008f4a	835a	c.mv	x6,x22	  x0:0x00000000 x22:0xdd76a18d  x6=0xdd76a18d
         750433	     37420	80008f4c	34003ff3	csrrc	x31,mscratch,x0	  x0:0x00000000 x31=0x00000005
         750453	     37421	80008f50	340334f3	csrrc	x9,mscratch,x6	  x6:0xdd76a18d  x9=0x00000005
         750473	     37422	80008f54	8c6d	c.and	x8,x11	  x8:0x00000001 x11:0x00000000  x8=0x00000000
         750493	     37423	80008f56	0361e163	bltu	x3,x22,80008f78	  x3:0x00000000 x22:0xdd76a18d
         751373	     37467	80008f78	0000100f	fence.i	
         752073	     37502	80008f7c	6f09	c.lui	x30,0x2	 x30=0x00002000
         752093	     37503	80008f7e	8c1d	c.sub	x8,x15	  x8:0x00000000 x15:0x00000001  x8=0xffffffff
         752113	     37504	80008f80	01562f33	slt	x30,x12,x21	 x12:0x000002ae x21:0x00000014 x30=0x00000000
         752133	     37505	80008f84	340077f3	csrrci	x15,mscratch,0	 x15=0x00000000
         752293	     37513	80008f88	41be8333	sub	x6,x29,x27	 x29:0x00000000 x27:0x00000014  x6=0xffffffec
         752733	     37535	80008f8c	0247f3b3	remu	x7,x15,x4	 x15:0x00000000  x4:0x00000000  x7=0x00000000
         752753	     37536	80008f90	1984	c.addi4spn	x9,x2,240	  x9=0x000000f0
         752773	     37537	80008f92	acf7e193	ori	x3,x15,-1329	 x15:0x00000000  x3=0xfffffacf
         752793	     37538	80008f96	0c42	c.slli	x24,0x10	 x24:0x000001d3 x24=0x01d30000
         752953	     37546	80008f98	0001	c.addi	x0,0	  x0:0x00000000  x0=0x00000000
         752993	     37548	80008f9a	03a19ab3	mulh	x21,x3,x26	  x3:0xfffffacf x26:0x00261b28 x21=0xffffffff
         753013	     37549	80008f9e	ee91	c.bnez	x13,80008fba	 x13:0xfffffffe
         753413	     37569	80008fba	06aa	c.slli	x13,0xa	 x13:0xfffffffe x13=0xfffff800
         753433	     37570	80008fbc	340c1473	csrrw	x8,mscratch,x24	 x24:0x01d30000  x8=0x00000000
         753613	     37579	80008fc0	00a9d563	bge	x19,x10,80008fca	 x19:0xffffffff x10:0x00000120
         753633	     37580	80008fc4	137d	c.addi	x6,-1	  x6:0xffffffec  x6=0xffffffeb
         753673	     37582	80008fc6	027bb0b3	mulhu	x1,x23,x7	 x23:0xffffffff  x7:0x00000000  x1=0x00000000
         754073	     37602	80008fca	00007b63	bgeu	x0,x0,80008fe0	  x0:0x00000000  x0:0x00000000
         754193	     37608	80008fe0	9152	c.add	x2,x20	  x2:0x00000000 x20:0x80021df4  x2=0x80021df4
         754213	     37609	80008fe2	8d4a	c.mv	x26,x18	  x0:0x00000000 x18:0x80021df4 x26=0x80021df4
         754233	     37610	80008fe4	40cc5d93	srai	x27,x24,0xc	 x24:0x01d30000 x27=0x00001d30
         754253	     37611	80008fe8	0dad	c.addi	x27,11	 x27:0x00001d30 x27=0x00001d3b
         754273	     37612	80008fea	43ad	c.li	x7,11	  x7=0x0000000b
         754293	     37613	80008fec	0011abb3	slt	x23,x3,x1	  x3:0xfffffacf  x1:0x00000000 x23=0x00000001
         754353	     37616	80008ff0	41de0eb3	sub	x29,x28,x29	 x28:0xdd76a6ed x29:0x00000000 x29=0xdd76a6ed
         755313	     37664	80008ff4	0313e0b3	rem	x1,x7,x17	  x7:0x0000000b x17:0x80025ce4  x1=0x0000000b
         755333	     37665	80008ff8	d1f0b593	sltiu	x11,x1,-737	  x1:0x0000000b x11=0x00000001
         755353	     37666	80008ffc	0284ed63	bltu	x9,x8,80009036	  x9:0x000000f0  x8:0x00000000
         755373	     37667	80009000	99fd	c.andi	x11,-1	 x11:0x00000001 x11=0x00000001
         755393	     37668	80009002	8709	c.srai	x14,0x2	 x14:0x00002000 x14=0x00000800
         755413	     37669	80009004	181b08b7	lui	x17,0x181b0	 x17=0x181b0000
         755433	     37670	80009008	3401d273	csrrwi	x4,mscratch,3	  x4=0x01d30000
         755573	     37677	8000900c	4ffb6193	ori	x3,x22,1279	 x22:0xdd76a18d  x3=0xdd76a5ff
         755993	     37698	80009010	00b10333	add	x6,x2,x11	  x2:0x80021df4 x11:0x00000001  x6=0x80021df5
         756033	     37700	80009014	03d29bb3	mulh	x23,x5,x29	  x5:0x80025ce4 x29:0xdd76a6ed x23=0x11445aee
         756053	     37701	80009018	8c09	c.sub	x8,x10	  x8:0x00000000 x10:0x00000120  x8=0xfffffee0
         756453	     37721	8000901a	5a7ecb93	xori	x23,x29,1447	 x29:0xdd76a6ed x23=0xdd76a34a
         757193	     37758	8000901e	0219d5b3	divu	x11,x19,x1	 x19:0xffffffff  x1:0x0000000b x11=0x1745d174
         757213	     37759	80009022	3403acf3	csrrs	x25,mscratch,x7	  x7:0x0000000b x25=0x00000003
         757233	     37760	80009026	012f4a63	blt	x30,x18,8000903a	 x30:0x00000000 x18:0x80021df4
         757253	     37761	8000902a	8459	c.srai	x8,0x16	  x8:0xfffffee0  x8=0xffffffff
         757273	     37762	8000902c	034b7663	bgeu	x22,x20,80009058	 x22:0xdd76a18d x20:0x80021df4
         757373	     37767	80009058	41995f13	srai	x30,x18,0x19	 x18:0x80021df4 x30=0xffffffc0
         757413	     37769	8000905c	02282db3	mulhsu	x27,x16,x2	 x16:0x00000000  x2:0x80021df4 x27=0x00000000
         757433	     37770	80009060	034203b3	mul	x7,x4,x20	  x4:0x01d30000 x20:0x80021df4  x7=0xa41c0000
         757453	     37771	80009064	717d	c.addi16sp	x2,-16	  x2:0x80021df4  x2=0x80021de4
         757473	     37772	80009066	818d	c.srli	x11,0x3	 x11:0x1745d174 x11=0x02e8ba2e
         757893	     37793	80009068	8ee5	c.and	x13,x9	 x13:0xfffff800  x9:0x000000f0 x13=0x00000000
         757913	     37794	8000906a	01f52c33	slt	x24,x10,x31	 x10:0x00000120 x31:0x00000005 x24=0x00000000
         757933	     37795	8000906e	98fd	c.andi	x9,-1	  x9:0x000000f0  x9=0x000000f0
         757953	     37796	80009070	0d19a713	slti	x14,x19,209	 x19:0xffffffff x14=0x00000001
         757973	     37797	80009074	006af7b3	and	x15,x21,x6	 x21:0xffffffff  x6:0x80021df5 x15=0x80021df5
         757993	     37798	80009078	13c9bf13	sltiu	x30,x19,316	 x19:0xffffffff x30=0x00000000
         758733	     37835	8000907c	02c1e033	rem	x0,x3,x12	  x3:0xdd76a5ff x12:0x000002ae  x0=0x00000000
         758753	     37836	80009080	98fd	c.andi	x9,-1	  x9:0x000000f0  x9=0x000000f0
         758793	     37838	80009082	0320a833	mulhsu	x16,x1,x18	  x1:0x0000000b x18:0x80021df4 x16=0x00000005
         758813	     37839	80009086	8329	c.srli	x14,0xa	 x14:0x00000001 x14=0x00000000
         758833	     37840	80009088	ec11	c.bnez	x8,800090a4	  x8:0xffffffff
         759393	     37868	800090a4	81b5	c.srli	x11,0xd	 x11:0x02e8ba2e x11=0x00001745
         759413	     37869	800090a6	85e6	c.mv	x11,x25	  x0:0x00000000 x25:0x00000003 x11=0x00000003
         760733	     37935	800090a8	03a8e733	rem	x14,x17,x26	 x17:0x181b0000 x26:0x80021df4 x14=0x181b0000
         760753	     37936	800090ac	8e7d	c.and	x12,x15	 x12:0x000002ae x15:0x80021df5 x12=0x000000a4
         760773	     37937	800090ae	00c31413	slli	x8,x6,0xc	  x6:0x80021df5  x8=0x21df5000
         760793	     37938	800090b2	00fc4333	xor	x6,x24,x15	 x24:0x00000000 x15:0x80021df5  x6=0x80021df5
         760813	     37939	800090b6	415a8833	sub	x16,x21,x21	 x21:0xffffffff x21:0xffffffff x16=0x00000000
         760833	     37940	800090ba	0001	c.addi	x0,0	  x0:0x00000000  x0=0x00000000
         760873	     37942	800090bc	0352bcb3	mulhu	x25,x5,x21	  x5:0x80025ce4 x21:0xffffffff x25=0x80025ce3
         760893	     37943	800090c0	01769b63	bne	x13,x23,800090d6	 x13:0x00000000 x23:0xdd76a34a
         761433	     37970	800090d6	00e82533	slt	x10,x16,x14	 x16:0x00000000 x14:0x181b0000 x10=0x00000001
         761453	     37971	800090da	9d3a	c.add	x26,x14	 x26:0x80021df4 x14:0x181b0000 x26=0x981d1df4
         761773	     37987	800090dc	34046df3	csrrsi	x27,mscratch,8	 x27=0x0000000b
         761893	     37993	800090e0	03b19e33	mulh	x28,x3,x27	  x3:0xdd76a5ff x27:0x0000000b x28=0xfffffffe
         761913	     37994	800090e4	00b64433	xor	x8,x12,x11	 x12:0x000000a4 x11:0x00000003  x8=0x000000a7
         761933	     37995	800090e8	40f38cb3	sub	x25,x7,x15	  x7:0xa41c0000 x15:0x80021df5 x25=0x2419e20b
         762253	     38011	800090ec	02a9ae33	mulhsu	x28,x19,x10	 x19:0xffffffff x10:0x00000001 x28=0xffffffff
         762273	     38012	800090f0	0170cdb3	xor	x27,x1,x23	  x1:0x0000000b x23:0xdd76a34a x27=0xdd76a341
         762293	     38013	800090f4	01e12d33	slt	x26,x2,x30	  x2:0x80021de4 x30:0x00000000 x26=0x00000001
         762473	     38022	800090f8	05bb8163	beq	x23,x27,8000913a	 x23:0xdd76a34a x27:0xdd76a341
         762553	     38026	800090fc	cd8df113	andi	x2,x27,-808	 x27:0xdd76a341  x2=0xdd76a040
         762593	     38028	80009100	00d1a5b3	slt	x11,x3,x13	  x3:0xdd76a5ff x13:0x00000000 x11=0x00000001
         762653	     38031	80009104	02b4bab3	mulhu	x21,x9,x11	  x9:0x000000f0 x11:0x00000001 x21=0x00000000
         762673	     38032	80009108	83c2	c.mv	x7,x16	  x0:0x00000000 x16:0x00000000  x7=0x00000000
         762693	     38033	8000910a	1788	c.addi4spn	x10,x2,992	 x10=0xdd76a420
         762713	     38034	8000910c	009acb63	blt	x21,x9,80009122	 x21:0x00000000  x9:0x000000f0
         763273	     38062	80009122	8ef9	c.and	x13,x14	 x13:0x00000000 x14:0x181b0000 x13=0x00000000
         763293	     38063	80009124	0001	c.addi	x0,0	  x0:0x00000000  x0=0x00000000
         763433	     38070	80009126	034f7263	bgeu	x30,x20,8000914a	 x30:0x00000000 x20:0x80021df4
         763453	     38071	8000912a	34006373	csrrsi	x6,mscratch,0	  x6=0x0000000b
         763513	     38074	8000912e	417fd5b3	sra	x11,x31,x23	 x31:0x00000005 x23:0xdd76a34a x11=0x00000000
         763533	     38075	80009132	34003473	csrrc	x8,mscratch,x0	  x0:0x00000000  x8=0x0000000b
         763553	     38076	80009136	0ff0000f	fence	iorw,iorw	
         763573	     38077	8000913a	d5c96d93	ori	x27,x18,-676	 x18:0x80021df4 x27=0xfffffdfc
         763593	     38078	8000913e	8d51	c.or	x10,x12	 x10:0xdd76a420 x12:0x000000a4 x10=0xdd76a4a4
         763613	     38079	80009140	40ca8fb3	sub	x31,x21,x12	 x21:0x00000000 x12:0x000000a4 x31=0xffffff5c
         763633	     38080	80009144	2f586f13	ori	x30,x16,757	 x16:0x00000000 x30=0x000002f5
         763773	     38087	80009148	e30d	c.bnez	x14,8000916a	 x14:0x181b0000
         764613	     38129	8000916a	340633f3	csrrc	x7,mscratch,x12	 x12:0x000000a4  x7=0x0000000b
         764833	     38140	8000916e	02ee1063	bne	x28,x14,8000918e	 x28:0xffffffff x14:0x181b0000
         765533	     38175	8000918e	a4274813	xori	x16,x14,-1470	 x14:0x181b0000 x16=0xe7e4fa42
         765553	     38176	80009192	8839	c.andi	x8,14	  x8:0x0000000b  x8=0x0000000a
         765573	     38177	80009194	c409	c.beqz	x8,8000919e	  x8:0x0000000a
         765593	     38178	80009196	00ee	c.slli	x1,0x1b	  x1:0x0000000b  x1=0x58000000
         765613	     38179	80009198	027a8663	beq	x21,x7,800091c4	 x21:0x00000000  x7:0x0000000b
         765713	     38184	8000919c	ca95	c.beqz	x13,800091d0	 x13:0x00000000
         766573	     38227	800091d0	04f85063	bge	x16,x15,80009210	 x16:0xe7e4fa42 x15:0x80021df5
         767233	     38260	80009210	8ead	c.xor	x13,x11	 x13:0x00000000 x11:0x00000000 x13=0x00000000
         767253	     38261	80009212	01f31693	slli	x13,x6,0x1f	  x6:0x0000000b x13=0x80000000
         767373	     38267	80009216	012b5713	srli	x14,x22,0x12	 x22:0xdd76a18d x14=0x0000375d
         767413	     38269	8000921a	03c29c33	mulh	x24,x5,x28	  x5:0x80025ce4 x28:0xffffffff x24=0x00000000
         767453	     38271	8000921e	6711fd93	andi	x27,x3,1649	  x3:0xdd76a5ff x27=0x00000471
         767693	     38283	80009222	415bdc93	srai	x25,x23,0x15	 x23:0xdd76a34a x25=0xfffffeeb
         768213	     38309	80009226	034c1533	mulh	x10,x24,x20	 x24:0x00000000 x20:0x80021df4 x10=0x00000000
         768253	     38311	8000922a	028191b3	mulh	x3,x3,x8	  x3:0xdd76a5ff  x8:0x0000000a  x3=0xfffffffe
         768993	     38348	8000922e	03155133	divu	x2,x10,x17	 x10:0x00000000 x17:0x181b0000  x2=0x00000000
         769013	     38349	80009232	8ed5	c.or	x13,x13	 x13:0x80000000 x13:0x80000000 x13=0x80000000
         769033	     38350	80009234	40109897	auipc	x17,0x40109	 x17=0xc0112234
         769053	     38351	80009238	ed81	c.bnez	x11,80009250	 x11:0x00000000
         769073	     38352	8000923a	8c75	c.and	x8,x13	  x8:0x0000000a x13:0x80000000  x8=0x00000000
         769093	     38353	8000923c	0000100f	fence.i	
         769253	     38361	80009240	34045a73	csrrwi	x20,mscratch,8	 x20=0x0000000b
         769313	     38364	80009244	95817393	andi	x7,x2,-1704	  x2:0x00000000  x7=0x00000000
         770133	     38405	80009248	0331fbb3	remu	x23,x3,x19	  x3:0xfffffffe x19:0xffffffff x23=0xfffffffe
         770153	     38406	8000924c	1e7d	c.addi	x28,-1	 x28:0xffffffff x28=0xfffffffe
         770173	     38407	8000924e	98aa	c.add	x17,x10	 x17:0xc0112234 x10:0x00000000 x17=0xc0112234
         770193	     38408	80009250	413dde93	srai	x29,x27,0x13	 x27:0x00000471 x29=0x00000000
         770213	     38409	80009254	93b2f793	andi	x15,x5,-1733	  x5:0x80025ce4 x15=0x80025820
         770233	     38410	80009258	40dcd533	sra	x10,x25,x13	 x25:0xfffffeeb x13:0x80000000 x10=0xfffffeeb
         770253	     38411	8000925c	5ee0e693	ori	x13,x1,1518	  x1:0x58000000 x13=0x580005ee
         770653	     38431	80009260	91b00f93	addi	x31,x0,-1765	  x0:0x00000000 x31=0xfffff91b
         770673	     38432	80009264	0abafd13	andi	x26,x21,171	 x21:0x00000000 x26=0x00000000
         771093	     38453	80009268	050a	c.slli	x10,0x2	 x10:0xfffffeeb x10=0xfffffbac
         771173	     38457	8000926a	340f6173	csrrsi	x2,mscratch,30	  x2=0x00000008
         771473	     38472	8000926e	017519b3	sll	x19,x10,x23	 x10:0xfffffbac x23:0xfffffffe x19=0x00000000
         771513	     38474	80009272	024b9033	mulh	x0,x23,x4	 x23:0xfffffffe  x4:0x01d30000  x0=0x00000000
         771533	     38475	80009276	0790	c.addi4spn	x12,x2,960	 x12=0x000003c8
         771553	     38476	80009278	008aec33	or	x24,x21,x8	 x21:0x00000000  x8:0x00000000 x24=0x00000000
         771653	     38481	8000927c	01c29533	sll	x10,x5,x28	  x5:0x80025ce4 x28:0xfffffffe x10=0x00000000
         771913	     38494	80009280	00585313	srli	x6,x16,0x5	 x16:0xe7e4fa42  x6=0x073f27d2
         772213	     38509	80009284	0000100f	fence.i	
         773613	     38579	80009288	0393e633	rem	x12,x7,x25	  x7:0x00000000 x25:0xfffffeeb x12=0x00000000
         773633	     38580	8000928c	8dd9	c.or	x11,x14	 x11:0x00000000 x14:0x0000375d x11=0x0000375d
         773653	     38581	8000928e	c421	c.beqz	x8,800092d6	  x8:0x00000000
         774133	     38605	800092d6	8e55	c.or	x12,x13	 x12:0x00000000 x13:0x580005ee x12=0x580005ee
         774153	     38606	800092d8	17648f13	addi	x30,x9,374	  x9:0x000000f0 x30=0x00000266
         774273	     38612	800092dc	024a	c.slli	x4,0x12	  x4:0x01d30000  x4=0x00000000
         774693	     38633	800092de	0a9f8093	addi	x1,x31,169	 x31:0xfffff91b  x1=0xfffff9c4
         774713	     38634	800092e2	64ed	c.lui	x9,0x1b	  x9=0x0001b000
         775453	     38671	800092e4	0392ed33	rem	x26,x5,x25	  x5:0x80025ce4 x25:0xfffffeeb x26=0xffffff71
         775473	     38672	800092e8	e385	c.bnez	x15,80009308	 x15:0x80025820
         775773	     38687	80009308	01a48a33	add	x20,x9,x26	  x9:0x0001b000 x26:0xffffff71 x20=0x0001af71
         775793	     38688	8000930c	0001	c.addi	x0,0	  x0:0x00000000  x0=0x00000000
         775933	     38695	8000930e	ae967513	andi	x10,x12,-1303	 x12:0x580005ee x10=0x580000e8
         775953	     38696	80009312	8f29	c.xor	x14,x10	 x14:0x0000375d x10:0x580000e8 x14=0x580037b5
         776133	     38705	80009314	024ad063	bge	x21,x4,80009334	 x21:0x00000000  x4:0x00000000
         776233	     38710	80009334	a4698c93	addi	x25,x19,-1466	 x19:0x00000000 x25=0xfffffa46
         776613	     38729	80009338	0fd9	c.addi	x31,22	 x31:0xfffff91b x31=0xfffff931
         777353	     38766	8000933a	0264e333	rem	x6,x9,x6	  x9:0x0001b000  x6:0x073f27d2  x6=0x0001b000
         777373	     38767	8000933e	8269	c.srli	x12,0x1a	 x12:0x580005ee x12=0x00000016
         777393	     38768	80009340	8f89	c.sub	x15,x10	 x15:0x80025820 x10:0x580000e8 x15=0x28025738
         777413	     38769	80009342	01e99613	slli	x12,x19,0x1e	 x19:0x00000000 x12=0x00000000
         777433	     38770	80009346	007ddc63	bge	x27,x7,8000935e	 x27:0x00000471  x7:0x00000000
         777513	     38774	8000935e	94ba	c.add	x9,x14	  x9:0x0001b000 x14:0x580037b5  x9=0x5801e7b5
         777933	     38795	80009360	281ae893	ori	x17,x21,641	 x21:0x00000000 x17=0x00000281
         777953	     38796	80009364	018f3e33	sltu	x28,x30,x24	 x30:0x00000266 x24:0x00000000 x28=0x00000000
         777973	     38797	80009368	8fa9	c.xor	x15,x10	 x15:0x28025738 x10:0x580000e8 x15=0x700257d0
         777993	     38798	8000936a	34071373	csrrw	x6,mscratch,x14	 x14:0x580037b5  x6=0x0000001e
         778153	     38806	8000936e	0ff0000f	fence	iorw,iorw	
         778893	     38843	80009372	03f7f833	remu	x16,x15,x31	 x15:0x700257d0 x31:0xfffff931 x16=0x700257d0
         778913	     38844	80009376	01c369b3	or	x19,x6,x28	  x6:0x0000001e x28:0x00000000 x19=0x0000001e
         778953	     38846	8000937a	03491a33	mulh	x20,x18,x20	 x18:0x80021df4 x20:0x0001af71 x20=0xffff284b
         778973	     38847	8000937e	05a3d463	bge	x7,x26,800093c6	  x7:0x00000000 x26:0xffffff71
         779673	     38882	800093c6	407d8db3	sub	x27,x27,x7	 x27:0x00000471  x7:0x00000000 x27=0x00000471
         779693	     38883	800093ca	8f35	c.xor	x14,x13	 x14:0x580037b5 x13:0x580005ee x14=0x0000325b
         780013	     38899	800093cc	035d9563	bne	x27,x21,800093f6	 x27:0x00000471 x21:0x00000000
         781033	     38950	800093f6	00206763	bltu	x0,x2,80009404	  x0:0x00000000  x2:0x00000008
         782253	     39011	80009404	1a7d	c.addi	x20,-1	 x20:0xffff284b x20=0xffff284a
         782273	     39012	80009406	07f5	c.addi	x15,29	 x15:0x700257d0 x15=0x700257ed
         782693	     39033	80009408	ef99	c.bnez	x15,80009426	 x15:0x700257ed
         783013	     39049	80009426	015f0e33	add	x28,x30,x21	 x30:0x00000266 x21:0x00000000 x28=0x00000266
         783033	     39050	8000942a	00ab20b3	slt	x1,x22,x10	 x22:0xdd76a18d x10:0x580000e8  x1=0x00000001
         783173	     39057	8000942e	01d97e63	bgeu	x18,x29,8000944a	 x18:0x80021df4 x29:0x00000000
         783693	     39083	8000944a	01a01813	slli	x16,x0,0x1a	  x0:0x00000000 x16=0x00000000
         783733	     39085	8000944e	0298b3b3	mulhu	x7,x17,x9	 x17:0x00000281  x9:0x5801e7b5  x7=0x000000dc
         783773	     39087	80009452	03773db3	mulhu	x27,x14,x23	 x14:0x0000325b x23:0xfffffffe x27=0x0000325a
         783793	     39088	80009456	987d	c.andi	x8,-1	  x8:0x00000000  x8=0x00000000
         783953	     39096	80009458	05981163	bne	x16,x25,8000949a	 x16:0x00000000 x25:0xfffffa46
         784353	     39116	8000949a	034e5537	lui	x10,0x34e5	 x10=0x034e5000
         784473	     39122	8000949e	0ff0000f	fence	iorw,iorw	
         784493	     39123	800094a2	40f2dd13	srai	x26,x5,0xf	  x5:0x80025ce4 x26=0xffff0004
         784513	     39124	800094a6	0001	c.addi	x0,0	  x0:0x00000000  x0=0x00000000
         784533	     39125	800094a8	bb86ab93	slti	x23,x13,-1096	 x13:0x580005ee x23=0x00000000
         784553	     39126	800094ac	8661	c.srai	x12,0x18	 x12:0x00000000 x12=0x00000000
         784593	     39128	800094ae	02cc9533	mulh	x10,x25,x12	 x25:0xfffffa46 x12:0x00000000 x10=0x00000000
         784613	     39129	800094b2	01b91333	sll	x6,x18,x27	 x18:0x80021df4 x27:0x0000325a  x6=0xd0000000
         784633	     39130	800094b6	6161	c.addi16sp	x2,80	  x2:0x00000008  x2=0x00000058
         784693	     39133	800094b8	8ea1	c.xor	x13,x8	 x13:0x580005ee  x8:0x00000000 x13=0x580005ee
         784713	     39134	800094ba	8e9d	c.sub	x13,x15	 x13:0x580005ee x15:0x700257ed x13=0xe7fdae01
         784733	     39135	800094bc	340a7273	csrrci	x4,mscratch,20	  x4=0x580037b5
         785273	     39162	800094c0	0001	c.addi	x0,0	  x0:0x00000000  x0=0x00000000
         785293	     39163	800094c2	85f5	c.srai	x11,0x1d	 x11:0x0000375d x11=0x00000000
         785313	     39164	800094c4	b84a9d97	auipc	x27,0xb84a9	 x27=0x384b24c4
         785393	     39168	800094c8	614d	c.addi16sp	x2,176	  x2:0x00000058  x2=0x00000108
         785473	     39172	800094ca	0f7db517	auipc	x10,0xf7db	 x10=0x8f7e44ca
         785593	     39178	800094ce	013c2c33	slt	x24,x24,x19	 x24:0x00000000 x19:0x0000001e x24=0x00000001
         785613	     39179	800094d2	01db0db3	add	x27,x22,x29	 x22:0xdd76a18d x29:0x00000000 x27=0xdd76a18d
         786033	     39200	800094d6	00d83eb3	sltu	x29,x16,x13	 x16:0x00000000 x13:0xe7fdae01 x29=0x00000001
         786053	     39201	800094da	00d6e3b3	or	x7,x13,x13	 x13:0xe7fdae01 x13:0xe7fdae01  x7=0xe7fdae01
         786073	     39202	800094de	8705	c.srai	x14,0x1	 x14:0x0000325b x14=0x0000192d
         786093	     39203	800094e0	06f6	c.slli	x13,0x1d	 x13:0xe7fdae01 x13=0x20000000
         795613	     39679	800094e2	34007d73	csrrci	x26,mscratch,0	 x26=0x580037a1
         795633	     39680	800094e6	014d0433	add	x8,x26,x20	 x26:0x580037a1 x20:0xffff284a  x8=0x57ff5feb
         795653	     39681	800094ea	801d	c.srli	x8,0x7	  x8:0x57ff5feb  x8=0x00affebf
         795673	     39682	800094ec	40420eb3	sub	x29,x4,x4	  x4:0x580037b5  x4:0x580037b5 x29=0x00000000
         795693	     39683	800094f0	8cf9	c.and	x9,x14	  x9:0x5801e7b5 x14:0x0000192d  x9=0x00000125
         795713	     39684	800094f2	40bbdb93	srai	x23,x23,0xb	 x23:0x00000000 x23=0x00000000
         795733	     39685	800094f6	02aaea63	bltu	x21,x10,8000952a	 x21:0x00000000 x10:0x8f7e44ca
         796973	     39747	8000952a	006b1ab3	sll	x21,x22,x6	 x22:0xdd76a18d  x6:0xd0000000 x21=0xdd76a18d
         796993	     39748	8000952e	019a	c.slli	x3,0x6	  x3:0xfffffffe  x3=0xffffff80
         797073	     39752	80009530	34007873	csrrci	x16,mscratch,0	 x16=0x580037a1
         797093	     39753	80009534	0079d863	bge	x19,x7,80009544	 x19:0x0000001e  x7:0xe7fdae01
         797633	     39780	80009544	6129	c.addi16sp	x2,192	  x2:0x00000108  x2=0x000001c8
         797653	     39781	80009546	0001	c.addi	x0,0	  x0:0x00000000  x0=0x00000000
         797753	     39786	80009548	17fd	c.addi	x15,-1	 x15:0x700257ed x15=0x700257ec
         797773	     39787	8000954a	0000dbb3	srl	x23,x1,x0	  x1:0x00000001  x0:0x00000000 x23=0x00000001
         797793	     39788	8000954e	03aa8863	beq	x21,x26,8000957e	 x21:0xdd76a18d x26:0x580037a1
         797833	     39790	80009552	02c81033	mulh	x0,x16,x12	 x16:0x580037a1 x12:0x00000000  x0=0x00000000
         797893	     39793	80009556	00a2d193	srli	x3,x5,0xa	  x5:0x80025ce4  x3=0x00200097
         797913	     39794	8000955a	1d90	c.addi4spn	x12,x2,752	 x12=0x000004b8
         797933	     39795	8000955c	01a5a333	slt	x6,x11,x26	 x11:0x00000000 x26:0x580037a1  x6=0x00000001
         798033	     39800	80009560	340f1df3	csrrw	x27,mscratch,x30	 x30:0x00000266 x27=0x580037a1
         798053	     39801	80009564	014af433	and	x8,x21,x20	 x21:0xdd76a18d x20:0xffff284a  x8=0xdd762008
         798073	     39802	80009568	6ea9	c.lui	x29,0xa	 x29=0x0000a000
         798333	     39815	8000956a	00e8ec33	or	x24,x17,x14	 x17:0x00000281 x14:0x0000192d x24=0x00001bad
         798753	     39836	8000956e	1c37fa93	andi	x21,x15,451	 x15:0x700257ec x21=0x000001c0
         799173	     39857	80009572	0270f163	bgeu	x1,x7,80009594	  x1:0x00000001  x7:0xe7fdae01
         799293	     39863	80009576	0178de33	srl	x28,x17,x23	 x17:0x00000281 x23:0x00000001 x28=0x00000140
         799513	     39874	8000957a	dead7e13	andi	x28,x26,-534	 x26:0x580037a1 x28=0x580035a0
         799533	     39875	8000957e	4a097993	andi	x19,x18,1184	 x18:0x80021df4 x19=0x000004a0
         799553	     39876	80009582	0980	c.addi4spn	x8,x2,208	  x8=0x00000298
         799953	     39896	80009584	03e2f563	bgeu	x5,x30,800095ae	  x5:0x80025ce4 x30:0x00000266
         800653	     39931	800095ae	00d4a1b3	slt	x3,x9,x13	  x9:0x00000125 x13:0x20000000  x3=0x00000001
         800673	     39932	800095b2	8c11	c.sub	x8,x12	  x8:0x00000298 x12:0x000004b8  x8=0xfffffde0
         800693	     39933	800095b4	9ff2	c.add	x31,x28	 x31:0xfffff931 x28:0x580035a0 x31=0x58002ed1
         801033	     39950	800095b6	34006e73	csrrsi	x28,mscratch,0	 x28=0x00000266
         801053	     39951	800095ba	8eb1	c.xor	x13,x12	 x13:0x20000000 x12:0x000004b8 x13=0x200004b8
         801453	     39971	800095bc	01061213	slli	x4,x12,0x10	 x12:0x000004b8  x4=0x04b80000
         801473	     39972	800095c0	03b40f33	mul	x30,x8,x27	  x8:0xfffffde0 x27:0x580037a1 x30=0xff89c9e0
         801493	     39973	800095c4	2600a993	slti	x19,x1,608	  x1:0x00000001 x19=0x00000001
         802233	     40010	800095c8	03d55033	divu	x0,x10,x29	 x10:0x8f7e44ca x29:0x0000a000  x0=0x00000000
         802253	     40011	800095cc	34095573	csrrwi	x10,mscratch,18	 x10=0x00000266
         802273	     40012	800095d0	03834f63	blt	x6,x24,8000960e	  x6:0x00000001 x24:0x00001bad
         802753	     40036	8000960e	03cc9063	bne	x25,x28,8000962e	 x25:0xfffffa46 x28:0x00000266
         803253	     40061	8000962e	0d8c	c.addi4spn	x11,x2,720	 x11=0x00000498
         803293	     40063	80009630	00153f33	sltu	x30,x10,x1	 x10:0x00000266  x1:0x00000001 x30=0x00000000
         803313	     40064	80009634	39c72f93	slti	x31,x14,924	 x14:0x0000192d x31=0x00000000
         803333	     40065	80009638	03ad04b3	mul	x9,x26,x26	 x26:0x580037a1 x26:0x580037a1  x9=0xbc169341
         803353	     40066	8000963c	340025f3	csrrs	x11,mscratch,x0	  x0:0x00000000 x11=0x00000012
         803573	     40077	80009640	01bb4fb3	xor	x31,x22,x27	 x22:0xdd76a18d x27:0x580037a1 x31=0x8576962c
         803633	     40080	80009644	87b6	c.mv	x15,x13	  x0:0x00000000 x13:0x200004b8 x15=0x200004b8
         804013	     40099	80009646	82fd8237	lui	x4,0x82fd8	  x4=0x82fd8000
         804033	     40100	8000964a	139c	c.addi4spn	x15,x2,480	 x15=0x000003a8
         804213	     40109	8000964c	96d38893	addi	x17,x7,-1683	  x7:0xe7fdae01 x17=0xe7fda76e
         804273	     40112	80009650	6c05	c.lui	x24,0x1	 x24=0x00001000
         805193	     40158	80009652	03044c33	div	x24,x8,x16	  x8:0xfffffde0 x16:0x580037a1 x24=0x00000000
         805213	     40159	80009656	01076ab3	or	x21,x14,x16	 x14:0x0000192d x16:0x580037a1 x21=0x58003fad
         805233	     40160	8000965a	42f27593	andi	x11,x4,1071	  x4:0x82fd8000 x11=0x00000000
         805253	     40161	8000965e	0ff0000f	fence	iorw,iorw	
         805273	     40162	80009662	34097df3	csrrci	x27,mscratch,18	 x27=0x00000012
         805293	     40163	80009666	40b40233	sub	x4,x8,x11	  x8:0xfffffde0 x11:0x00000000  x4=0xfffffde0
         805313	     40164	8000966a	41625133	sra	x2,x4,x22	  x4:0xfffffde0 x22:0xdd76a18d  x2=0xffffffff
         805333	     40165	8000966e	8d75	c.and	x10,x13	 x10:0x00000266 x13:0x200004b8 x10=0x00000020
         805833	     40190	80009670	03adb4b3	mulhu	x9,x27,x26	 x27:0x00000012 x26:0x580037a1  x9=0x00000006
         805853	     40191	80009674	015cfeb3	and	x29,x25,x21	 x25:0xfffffa46 x21:0x58003fad x29=0x58003a04
         805873	     40192	80009678	b4e52493	slti	x9,x10,-1202	 x10:0x00000020  x9=0x00000000
         805913	     40194	8000967c	6209	c.lui	x4,0x2	  x4=0x00002000
         806653	     40231	8000967e	0263f233	remu	x4,x7,x6	  x7:0xe7fdae01  x6:0x00000001  x4=0x00000000
         806673	     40232	80009682	010de433	or	x8,x27,x16	 x27:0x00000012 x16:0x580037a1  x8=0x580037b3
         806693	     40233	80009686	ec91	c.bnez	x9,800096a2	  x9:0x00000000
         806713	     40234	80009688	005551b3	srl	x3,x10,x5	 x10:0x00000020  x5:0x80025ce4  x3=0x00000002
         806733	     40235	8000968c	02070433	mul	x8,x14,x0	 x14:0x0000192d  x0:0x00000000  x8=0x00000000
         806753	     40236	80009690	340b5bf3	csrrwi	x23,mscratch,22	 x23=0x00000000
         806773	     40237	80009694	cf9d	c.beqz	x15,800096d2	 x15:0x000003a8
         807213	     40259	80009696	03e63633	mulhu	x12,x12,x30	 x12:0x000004b8 x30:0x00000000 x12=0x00000000
         807273	     40262	8000969a	01a40c37	lui	x24,0x1a40	 x24=0x01a40000
         807293	     40263	8000969e	8e7d	c.and	x12,x15	 x12:0x00000000 x15:0x000003a8 x12=0x00000000
         807313	     40264	800096a0	66c5	c.lui	x13,0x11	 x13=0x00011000
         807333	     40265	800096a2	013e	c.slli	x2,0xf	  x2:0xffffffff  x2=0xffff8000
         807713	     40284	800096a4	01171393	slli	x7,x14,0x11	 x14:0x0000192d  x7=0x325a0000
         808133	     40305	800096a8	e68d	c.bnez	x13,800096d2	 x13:0x00011000
         808613	     40329	800096d2	0282dc33	divu	x24,x5,x8	  x5:0x80025ce4  x8:0x00000000 x24=0xffffffff
         809013	     40349	800096d6	00bea133	slt	x2,x29,x11	 x29:0x58003a04 x11:0x00000000  x2=0x00000000
         809253	     40361	800096da	01e1f733	and	x14,x3,x30	  x3:0x00000002 x30:0x00000000 x14=0x00000000
         809673	     40382	800096de	01682eb3	slt	x29,x16,x22	 x16:0x580037a1 x22:0xdd76a18d x29=0x00000000
         809693	     40383	800096e2	34035cf3	csrrwi	x25,mscratch,6	 x25=0x00000016
         809713	     40384	800096e6	9f76	c.add	x30,x29	 x30:0x00000000 x29:0x00000000 x30=0x00000000
         809733	     40385	800096e8	02f204b3	mul	x9,x4,x15	  x4:0x00000000 x15:0x000003a8  x9=0x00000000
         809753	     40386	800096ec	8d51	c.or	x10,x12	 x10:0x00000020 x12:0x00000000 x10=0x00000020
         809773	     40387	800096ee	ed89	c.bnez	x11,80009708	 x11:0x00000000
         809813	     40389	800096f0	82db7d93	andi	x27,x22,-2003	 x22:0xdd76a18d x27=0xdd76a00d
         809833	     40390	800096f4	8bda8d93	addi	x27,x21,-1859	 x21:0x58003fad x27=0x5800386a
         809893	     40393	800096f8	0e5ea993	slti	x19,x29,229	 x29:0x00000000 x19=0x00000001
         810133	     40405	800096fc	340e9df3	csrrw	x27,mscratch,x29	 x29:0x00000000 x27=0x00000006
         810173	     40407	80009700	00fe6833	or	x16,x28,x15	 x28:0x00000266 x15:0x000003a8 x16=0x000003ee
         810313	     40414	80009704	0ff0000f	fence	iorw,iorw	
         810373	     40417	80009708	e609	c.bnez	x12,80009712	 x12:0x00000000
         810393	     40418	8000970a	8fcd	c.or	x15,x11	 x15:0x000003a8 x11:0x00000000 x15=0x000003a8
         810473	     40422	8000970c	00e497b3	sll	x15,x9,x14	  x9:0x00000000 x14:0x00000000 x15=0x00000000
         810693	     40433	80009710	0001	c.addi	x0,0	  x0:0x00000000  x0=0x00000000
         810713	     40434	80009712	008096b3	sll	x13,x1,x8	  x1:0x00000001  x8:0x00000000 x13=0x00000001
         811133	     40455	80009716	526cf213	andi	x4,x25,1318	 x25:0x00000016  x4=0x00000006
         811173	     40457	8000971a	00565713	srli	x14,x12,0x5	 x12:0x00000000 x14=0x00000000
         811213	     40459	8000971e	03061433	mulh	x8,x12,x16	 x12:0x00000000 x16:0x000003ee  x8=0x00000000
         811233	     40460	80009722	8709	c.srai	x14,0x2	 x14:0x00000000 x14=0x00000000
         811493	     40473	80009724	0087dc63	bge	x15,x8,8000973c	 x15:0x00000000  x8:0x00000000
         812173	     40507	8000973c	411508b3	sub	x17,x10,x17	 x10:0x00000020 x17:0xe7fda76e x17=0x180258b2
         812353	     40516	80009740	517d	c.li	x2,-1	  x2=0xffffffff
         812693	     40533	80009742	01a0b5b3	sltu	x11,x1,x26	  x1:0x00000001 x26:0x580037a1 x11=0x00000001
         812953	     40546	80009746	a13f4713	xori	x14,x30,-1517	 x30:0x00000000 x14=0xfffffa13
         812973	     40547	8000974a	8eb1	c.xor	x13,x12	 x13:0x00000001 x12:0x00000000 x13=0x00000001
         812993	     40548	8000974c	c5222113	slti	x2,x4,-942	  x4:0x00000006  x2=0x00000000
         813193	     40558	80009750	005ae433	or	x8,x21,x5	 x21:0x58003fad  x5:0x80025ce4  x8=0xd8027fed
         813213	     40559	80009754	85147113	andi	x2,x8,-1967	  x8:0xd8027fed  x2=0xd8027841
         813253	     40561	80009758	00efb7b3	sltu	x15,x31,x14	 x31:0x8576962c x14:0xfffffa13 x15=0x00000001
         813273	     40562	8000975c	011d00b3	add	x1,x26,x17	 x26:0x580037a1 x17:0x180258b2  x1=0x70029053
         813293	     40563	80009760	8d15	c.sub	x10,x13	 x10:0x00000020 x13:0x00000001 x10=0x0000001f
         813313	     40564	80009762	8832	c.mv	x16,x12	  x0:0x00000000 x12:0x00000000 x16=0x00000000
         813593	     40578	80009764	3f192f13	slti	x30,x18,1009	 x18:0x80021df4 x30=0x00000001
         813613	     40579	80009768	01045a33	srl	x20,x8,x16	  x8:0xd8027fed x16:0x00000000 x20=0xd8027fed
         813913	     40594	8000976c	cb05	c.beqz	x14,8000979c	 x14:0xfffffa13
         813933	     40595	8000976e	6e19	c.lui	x28,0x6	 x28=0x00006000
         814333	     40615	80009770	34083573	csrrc	x10,mscratch,x16	 x16:0x00000000 x10=0x00000000
         814353	     40616	80009774	01a50c33	add	x24,x10,x26	 x10:0x00000000 x26:0x580037a1 x24=0x580037a1
         814773	     40637	80009778	00749393	slli	x7,x9,0x7	  x9:0x00000000  x7=0x00000000
         814793	     40638	8000977c	00442f33	slt	x30,x8,x4	  x8:0xd8027fed  x4:0x00000006 x30=0x00000001
         814813	     40639	80009780	01dbd813	srli	x16,x23,0x1d	 x23:0x00000000 x16=0x00000000
         814833	     40640	80009784	024fe163	bltu	x31,x4,800097a6	 x31:0x8576962c  x4:0x00000006
         815173	     40657	80009788	8e01	c.sub	x12,x8	 x12:0x00000000  x8:0xd8027fed x12=0x27fd8013
         815193	     40658	8000978a	a2d08893	addi	x17,x1,-1491	  x1:0x70029053 x17=0x70028a80
         815393	     40668	8000978e	340696f3	csrrw	x13,mscratch,x13	 x13:0x00000001 x13=0x00000000
         816133	     40705	80009792	025ef233	remu	x4,x29,x5	 x29:0x00000000  x5:0x80025ce4  x4=0x00000000
         816153	     40706	80009796	6559ba93	sltiu	x21,x19,1621	 x19:0x00000001 x21=0x00000001
         816173	     40707	8000979a	89a1	c.andi	x11,8	 x11:0x00000001 x11=0x00000000
         816193	     40708	8000979c	004187b3	add	x15,x3,x4	  x3:0x00000002  x4:0x00000000 x15=0x00000002
         816213	     40709	800097a0	212c98b7	lui	x17,0x212c9	 x17=0x212c9000
         816233	     40710	800097a4	5efd	c.li	x29,-1	 x29=0xffffffff
         816253	     40711	800097a6	1d18	c.addi4spn	x14,x2,688	 x14=0xd8027af1
         816273	     40712	800097a8	8c31	c.xor	x8,x12	  x8:0xd8027fed x12:0x27fd8013  x8=0xfffffffe
         816353	     40716	800097aa	418a5613	srai	x12,x20,0x18	 x20:0xd8027fed x12=0xffffffd8
         816373	     40717	800097ae	0f6e	c.slli	x30,0x1b	 x30:0x00000001 x30=0x08000000
         816393	     40718	800097b0	6effaf93	slti	x31,x31,1775	 x31:0x8576962c x31=0x00000001
         816533	     40725	800097b4	00e89db3	sll	x27,x17,x14	 x17:0x212c9000 x14:0xd8027af1 x27=0x20000000
         816573	     40727	800097b8	03fdbcb3	mulhu	x25,x27,x31	 x27:0x20000000 x31:0x00000001 x25=0x00000000
         816613	     40729	800097bc	0202e4b3	rem	x9,x5,x0	  x5:0x80025ce4  x0:0x00000000  x9=0x80025ce4
         816773	     40737	800097c0	3400d0f3	csrrwi	x1,mscratch,1	  x1=0x00000001
         816853	     40741	800097c4	1cfd	c.addi	x25,-1	 x25:0x00000000 x25=0xffffffff
         816873	     40742	800097c6	01b9fbb3	and	x23,x19,x27	 x19:0x00000001 x27:0x20000000 x23=0x00000000
         816893	     40743	800097ca	5791e697	auipc	x13,0x5791e	 x13=0xd79277ca
         817013	     40749	800097ce	03c4b5b3	mulhu	x11,x9,x28	  x9:0x80025ce4 x28:0x00006000 x11=0x00003000
         817133	     40755	800097d2	01b673b3	and	x7,x12,x27	 x12:0xffffffd8 x27:0x20000000  x7=0x20000000
         817553	     40776	800097d6	0195f7b3	and	x15,x11,x25	 x11:0x00003000 x25:0xffffffff x15=0x00003000
         818473	     40822	800097da	03b17033	remu	x0,x2,x27	  x2:0xd8027841 x27:0x20000000  x0=0x00000000
         818493	     40823	800097de	00446033	or	x0,x8,x4	  x8:0xfffffffe  x4:0x00000000  x0=0x00000000
         818513	     40824	800097e2	0000100f	fence.i	
         819413	     40869	800097e6	34055073	csrrwi	x0,mscratch,10	  x0=0x00000000
         819433	     40870	800097ea	90c2	c.add	x1,x16	  x1:0x00000001 x16:0x00000000  x1=0x00000001
         819453	     40871	800097ec	045ec263	blt	x29,x5,80009830	 x29:0xffffffff  x5:0x80025ce4
         819633	     40880	800097f0	00575f63	bge	x14,x5,8000980e	 x14:0xd8027af1  x5:0x80025ce4
         820073	     40902	8000980e	34069ef3	csrrw	x29,mscratch,x13	 x13:0xd79277ca x29=0x0000000a
         820093	     40903	80009812	40055f93	srai	x31,x10,0x0	 x10:0x00000000 x31=0x00000000
         820153	     40906	80009816	90996993	ori	x19,x18,-1783	 x18:0x80021df4 x19=0xfffffdfd
         820173	     40907	8000981a	00231813	slli	x16,x6,0x2	  x6:0x00000001 x16=0x00000004
         820193	     40908	8000981e	8c19	c.sub	x8,x14	  x8:0xfffffffe x14:0xd8027af1  x8=0x27fd850d
         820593	     40928	80009820	001a9bb3	sll	x23,x21,x1	 x21:0x00000001  x1:0x00000001 x23=0x00000002
         820613	     40929	80009824	405c5f33	sra	x30,x24,x5	 x24:0x580037a1  x5:0x80025ce4 x30=0x0580037a
         820813	     40939	80009828	34002bf3	csrrs	x23,mscratch,x0	  x0:0x00000000 x23=0xd79277ca
         820913	     40944	8000982c	86dd	c.srai	x13,0x17	 x13:0xd79277ca x13=0xffffffaf
         820933	     40945	8000982e	8d21	c.xor	x10,x8	 x10:0x00000000  x8:0x27fd850d x10=0x27fd850d
         821673	     40982	80009830	038d6d33	rem	x26,x26,x24	 x26:0x580037a1 x24:0x580037a1 x26=0x00000000
         821693	     40983	80009834	0152c963	blt	x5,x21,80009846	  x5:0x80025ce4 x21:0x00000001
         822453	     41021	80009846	00315e93	srli	x29,x2,0x3	  x2:0xd8027841 x29=0x1b004f08
         822473	     41022	8000984a	8ca9	c.xor	x9,x10	  x9:0x80025ce4 x10:0x27fd850d  x9=0xa7ffd9e9
         822493	     41023	8000984c	01bafd33	and	x26,x21,x27	 x21:0x00000001 x27:0x20000000 x26=0x00000000
         822513	     41024	80009850	00291893	slli	x17,x18,0x2	 x18:0x80021df4 x17=0x000877d0
         822733	     41035	80009854	01109a13	slli	x20,x1,0x11	  x1:0x00000001 x20=0x00020000
         822753	     41036	80009858	e76c0393	addi	x7,x24,-394	 x24:0x580037a1  x7=0x58003617
         822953	     41046	8000985c	87760a13	addi	x20,x12,-1929	 x12:0xffffffd8 x20=0xfffff84f
         823293	     41063	80009860	024f0263	beq	x30,x4,80009884	 x30:0x0580037a  x4:0x00000000
         823313	     41064	80009864	340013f3	csrrw	x7,mscratch,x0	  x0:0x00000000  x7=0xd79277ca
         823333	     41065	80009868	00e8e4b3	or	x9,x17,x14	 x17:0x000877d0 x14:0xd8027af1  x9=0xd80a7ff1
         823373	     41067	8000986c	03812cb3	mulhsu	x25,x2,x24	  x2:0xd8027841 x24:0x580037a1 x25=0xf240d0a5
         823613	     41079	80009870	023e9663	bne	x29,x3,8000989c	 x29:0x1b004f08  x3:0x00000002
         824793	     41138	8000989c	0388fe33	remu	x28,x17,x24	 x17:0x000877d0 x24:0x580037a1 x28=0x000877d0
         824813	     41139	800098a0	1ebf0993	addi	x19,x30,491	 x30:0x0580037a x19=0x05800565
         825553	     41176	800098a4	029546b3	div	x13,x10,x9	 x10:0x27fd850d  x9:0xd80a7ff1 x13=0xffffffff
         825573	     41177	800098a8	01a69c93	slli	x25,x13,0x1a	 x13:0xffffffff x25=0xfc000000
         825593	     41178	800098ac	804ccc37	lui	x24,0x804cc	 x24=0x804cc000
         825613	     41179	800098b0	0ff0000f	fence	iorw,iorw	
         826353	     41216	800098b4	034057b3	divu	x15,x0,x20	  x0:0x00000000 x20:0xfffff84f x15=0x00000000
         826373	     41217	800098b8	17fd	c.addi	x15,-1	 x15:0x00000000 x15=0xffffffff
         826393	     41218	800098ba	00db83b3	add	x7,x23,x13	 x23:0xd79277ca x13:0xffffffff  x7=0xd79277c9
         826413	     41219	800098be	0182d793	srli	x15,x5,0x18	  x5:0x80025ce4 x15=0x00000080
         826433	     41220	800098c2	e3ffb013	sltiu	x0,x31,-449	 x31:0x00000000  x0=0x00000000
         826453	     41221	800098c6	0161d763	bge	x3,x22,800098d4	  x3:0x00000002 x22:0xdd76a18d
         826993	     41248	800098d4	4ea4f413	andi	x8,x9,1258	  x9:0xd80a7ff1  x8=0x000004e0
         827173	     41257	800098d8	340ef673	csrrci	x12,mscratch,29	 x12=0x00000000
         827593	     41278	800098dc	40265ab3	sra	x21,x12,x2	 x12:0x00000000  x2:0xd8027841 x21=0x00000000
         828013	     41299	800098e0	40c38133	sub	x2,x7,x12	  x7:0xd79277c9 x12:0x00000000  x2=0xd79277c9
         828033	     41300	800098e4	00f80663	beq	x16,x15,800098f0	 x16:0x00000004 x15:0x00000080
         828053	     41301	800098e8	afff7093	andi	x1,x30,-1281	 x30:0x0580037a  x1=0x0580027a
         828093	     41303	800098ec	3403abf3	csrrs	x23,mscratch,x7	  x7:0xd79277c9 x23=0x00000000
         828133	     41305	800098f0	0001	c.addi	x0,0	  x0:0x00000000  x0=0x00000000
         828273	     41312	800098f2	340069f3	csrrsi	x19,mscratch,0	 x19=0xd79277c9
         828633	     41330	800098f6	00014433	xor	x8,x2,x0	  x2:0xd79277c9  x0:0x00000000  x8=0xd79277c9
         828653	     41331	800098fa	8e19	c.sub	x12,x14	 x12:0x00000000 x14:0xd8027af1 x12=0x27fd850f
         828673	     41332	800098fc	8ba9	c.andi	x15,10	 x15:0x00000080 x15=0x00000000
         828693	     41333	800098fe	0012fa63	bgeu	x5,x1,80009912	  x5:0x80025ce4  x1:0x0580027a
         829293	     41363	80009912	8f45	c.or	x14,x9	 x14:0xd8027af1  x9:0xd80a7ff1 x14=0xd80a7ff1
         830353	     41416	80009914	034bf7b3	remu	x15,x23,x20	 x23:0x00000000 x20:0xfffff84f x15=0x00000000
         830373	     41417	80009918	0056fcb3	and	x25,x13,x5	 x13:0xffffffff  x5:0x80025ce4 x25=0x80025ce4
         830393	     41418	8000991c	340078f3	csrrci	x17,mscratch,0	 x17=0xd79277c9
         830433	     41420	80009920	0304a5b3	mulhsu	x11,x9,x16	  x9:0xd80a7ff1 x16:0x00000004 x11=0xffffffff
         830453	     41421	80009924	0001	c.addi	x0,0	  x0:0x00000000  x0=0x00000000
         830473	     41422	80009926	002665b3	or	x11,x12,x2	 x12:0x27fd850f  x2:0xd79277c9 x11=0xf7fff7cf
         830493	     41423	8000992a	03180c33	mul	x24,x16,x17	 x16:0x00000004 x17:0xd79277c9 x24=0x5e49df24
         830513	     41424	8000992e	34002073	csrrs	x0,mscratch,x0	  x0:0x00000000  x0=0x00000000
         830673	     41432	80009932	34006c73	csrrsi	x24,mscratch,0	 x24=0xd79277c9
         830693	     41433	80009936	0198	c.addi4spn	x14,x2,192	 x14=0xd7927889
         830713	     41434	80009938	8c49	c.or	x8,x10	  x8:0xd79277c9 x10:0x27fd850d  x8=0xf7fff7cd
         830753	     41436	8000993a	01fd9893	slli	x17,x27,0x1f	 x27:0x20000000 x17=0x00000000
         831173	     41457	8000993e	412fd193	srai	x3,x31,0x12	 x31:0x00000000  x3=0x00000000
         831373	     41467	80009942	00d438b3	sltu	x17,x8,x13	  x8:0xf7fff7cd x13:0xffffffff x17=0x00000001
         831413	     41469	80009946	02e4b4b3	mulhu	x9,x9,x14	  x9:0xd80a7ff1 x14:0xd7927889  x9=0xb5ec6d28
         831433	     41470	8000994a	cf11	c.beqz	x14,80009966	 x14:0xd7927889
         831453	     41471	8000994c	823d	c.srli	x12,0xf	 x12:0x27fd850f x12=0x00004ffb
         831473	     41472	8000994e	014d	c.addi	x2,19	  x2:0xd79277c9  x2=0xd79277dc
         831493	     41473	80009950	81d6	c.mv	x3,x21	  x0:0x00000000 x21:0x00000000  x3=0x00000000
         831553	     41476	80009952	01897c63	bgeu	x18,x24,8000996a	 x18:0x80021df4 x24:0xd79277c9
         831573	     41477	80009956	98fd	c.andi	x9,-1	  x9:0xb5ec6d28  x9=0xb5ec6d28
         831713	     41484	80009958	00c14eb3	xor	x29,x2,x12	  x2:0xd79277dc x12:0x00004ffb x29=0xd7923827
         831733	     41485	8000995c	8c25	c.xor	x8,x9	  x8:0xf7fff7cd  x9:0xb5ec6d28  x8=0x42139ae5
         831753	     41486	8000995e	0076e0b3	or	x1,x13,x7	 x13:0xffffffff  x7:0xd79277c9  x1=0xffffffff
         831773	     41487	80009962	00482833	slt	x16,x16,x4	 x16:0x00000004  x4:0x00000000 x16=0x00000000
         832113	     41504	80009966	34003273	csrrc	x4,mscratch,x0	  x0:0x00000000  x4=0xd79277c9
         832333	     41515	8000996a	038e9833	mulh	x16,x29,x24	 x29:0xd7923827 x24:0xd79277c9 x16=0x0662737b
         832353	     41516	8000996e	0000100f	fence.i	
         832933	     41545	80009972	02c88eb3	mul	x29,x17,x12	 x17:0x00000001 x12:0x00004ffb x29=0x00004ffb
         832953	     41546	80009976	8f2d	c.xor	x14,x11	 x14:0xd7927889 x11:0xf7fff7cf x14=0x206d8f46
         833073	     41552	80009978	0171d113	srli	x2,x3,0x17	  x3:0x00000000  x2=0x00000000
         833093	     41553	8000997c	8cd84e13	xori	x28,x16,-1843	 x16:0x0662737b x28=0xf99d8bb6
         833193	     41558	80009980	5d7d	c.li	x26,-1	 x26=0xffffffff
         833213	     41559	80009982	8c49	c.or	x8,x10	  x8:0x42139ae5 x10:0x27fd850d  x8=0x67ff9fed
         833233	     41560	80009984	85aa	c.mv	x11,x10	  x0:0x00000000 x10:0x27fd850d x11=0x27fd850d
         833253	     41561	80009986	01977d33	and	x26,x14,x25	 x14:0x206d8f46 x25:0x80025ce4 x26=0x00000c44
         833293	     41563	8000998a	fb552d93	slti	x27,x10,-75	 x10:0x27fd850d x27=0x00000000
         834113	     41604	8000998e	033f7bb3	remu	x23,x30,x19	 x30:0x0580037a x19:0xd79277c9 x23=0x0580037a
         851853	     42491	80009992	0f46	c.slli	x30,0x11	 x30:0x0580037a x30=0x06f40000
         851873	     42492	80009994	0030ebb3	or	x23,x1,x3	  x1:0xffffffff  x3:0x00000000 x23=0xffffffff
         851893	     42493	80009998	0001	c.addi	x0,0	  x0:0x00000000  x0=0x00000000
         851933	     42495	8000999a	034e14b3	mulh	x9,x28,x20	 x28:0xf99d8bb6 x20:0xfffff84f  x9=0x00000031
         851953	     42496	8000999e	40bf86b3	sub	x13,x31,x11	 x31:0x00000000 x11:0x27fd850d x13=0xd8027af3
         851973	     42497	800099a2	686d	c.lui	x16,0x1b	 x16=0x0001b000
         851993	     42498	800099a4	8f31	c.xor	x14,x12	 x14:0x206d8f46 x12:0x00004ffb x14=0x206dc0bd
         852233	     42510	800099a6	f969a213	slti	x4,x19,-106	 x19:0xd79277c9  x4=0x00000001
         852333	     42515	800099aa	0ce25eb7	lui	x29,0xce25	 x29=0x0ce25000
         852473	     42522	800099ae	405b5a33	sra	x20,x22,x5	 x22:0xdd76a18d  x5:0x80025ce4 x20=0xfdd76a18
         852613	     42529	800099b2	0000100f	fence.i	
         853173	     42557	800099b6	01cc9593	slli	x11,x25,0x1c	 x25:0x80025ce4 x11=0x40000000
         853213	     42559	800099ba	00ae7333	and	x6,x28,x10	 x28:0xf99d8bb6 x10:0x27fd850d  x6=0x219d8104
         853593	     42578	800099be	36f54593	xori	x11,x10,879	 x10:0x27fd850d x11=0x27fd8662
         853613	     42579	800099c2	0088e533	or	x10,x17,x8	 x17:0x00000001  x8:0x67ff9fed x10=0x67ff9fed
         853633	     42580	800099c6	8271	c.srli	x12,0x1c	 x12:0x00004ffb x12=0x00000000
         853693	     42583	800099c8	011358b3	srl	x17,x6,x17	  x6:0x219d8104 x17:0x00000001 x17=0x10cec082
         853793	     42588	800099cc	340afbf3	csrrci	x23,mscratch,21	 x23=0xd79277c9
         853813	     42589	800099d0	0ff0000f	fence	iorw,iorw	
         853833	     42590	800099d4	03fcee63	bltu	x25,x31,80009a10	 x25:0x80025ce4 x31:0x00000000
         853853	     42591	800099d8	34006d73	csrrsi	x26,mscratch,0	 x26=0xd79277c8
         854273	     42612	800099dc	8eb5	c.xor	x13,x13	 x13:0xd8027af3 x13:0xd8027af3 x13=0x00000000
         854293	     42613	800099de	34006073	csrrsi	x0,mscratch,0	  x0=0x00000000
         854313	     42614	800099e2	340295f3	csrrw	x11,mscratch,x5	  x5:0x80025ce4 x11=0xd79277c8
         854333	     42615	800099e6	44b9	c.li	x9,14	  x9=0x0000000e
         854353	     42616	800099e8	03fc8133	mul	x2,x25,x31	 x25:0x80025ce4 x31:0x00000000  x2=0x00000000
         854373	     42617	800099ec	8c35	c.xor	x8,x13	  x8:0x67ff9fed x13:0x00000000  x8=0x67ff9fed
         854393	     42618	800099ee	0001	c.addi	x0,0	  x0:0x00000000  x0=0x00000000
         854433	     42620	800099f0	031334b3	mulhu	x9,x6,x17	  x6:0x219d8104 x17:0x10cec082  x9=0x0234fe15
         854573	     42627	800099f4	0f98	c.addi4spn	x14,x2,976	 x14=0x000003d0
         854753	     42636	800099f6	340ba573	csrrs	x10,mscratch,x23	 x23:0xd79277c9 x10=0x80025ce4
         854773	     42637	800099fa	8e49	c.or	x12,x10	 x12:0x00000000 x10:0x80025ce4 x12=0x80025ce4
         854793	     42638	800099fc	8466	c.mv	x8,x25	  x0:0x00000000 x25:0x80025ce4  x8=0x80025ce4
         854813	     42639	800099fe	01af5413	srli	x8,x30,0x1a	 x30:0x06f40000  x8=0x00000001
         854833	     42640	80009a02	01b8d633	srl	x12,x17,x27	 x17:0x10cec082 x27:0x00000000 x12=0x10cec082
         854853	     42641	80009a06	0001	c.addi	x0,0	  x0:0x00000000  x0=0x00000000
         854873	     42642	80009a08	013e56b3	srl	x13,x28,x19	 x28:0xf99d8bb6 x19:0xd79277c9 x13=0x007ccec5
         854893	     42643	80009a0c	340b7cf3	csrrci	x25,mscratch,22	 x25=0xd7927fed
         854913	     42644	80009a10	01805713	srli	x14,x0,0x18	  x0:0x00000000 x14=0x00000000
         855333	     42665	80009a14	4067d893	srai	x17,x15,0x6	 x15:0x00000000 x17=0x00000000
         855353	     42666	80009a18	4f377993	andi	x19,x14,1267	 x14:0x00000000 x19=0x00000000
         855413	     42669	80009a1c	c717af93	slti	x31,x15,-911	 x15:0x00000000 x31=0x00000000
         855433	     42670	80009a20	03031663	bne	x6,x16,80009a4c	  x6:0x219d8104 x16:0x0001b000
         855693	     42683	80009a4c	4b324b93	xori	x23,x4,1203	  x4:0x00000001 x23=0x000004b2
         855713	     42684	80009a50	8f19	c.sub	x14,x14	 x14:0x00000000 x14:0x00000000 x14=0x00000000
         855733	     42685	80009a52	8c79	c.and	x8,x14	  x8:0x00000001 x14:0x00000000  x8=0x00000000
         855753	     42686	80009a54	0000100f	fence.i	
         856333	     42715	80009a58	3404df73	csrrwi	x30,mscratch,9	 x30=0xd7927fe9
         856753	     42736	80009a5c	404fd993	srai	x19,x31,0x4	 x31:0x00000000 x19=0x00000000
         856773	     42737	80009a60	03599c63	bne	x19,x21,80009a98	 x19:0x00000000 x21:0x00000000
         856873	     42742	80009a64	40405c13	srai	x24,x0,0x4	  x0:0x00000000 x24=0x00000000
         856893	     42743	80009a68	01011563	bne	x2,x16,80009a72	  x2:0x00000000 x16:0x0001b000
         857233	     42760	80009a72	c4613493	sltiu	x9,x2,-954	  x2:0x00000000  x9=0x00000001
         857253	     42761	80009a76	03389163	bne	x17,x19,80009a98	 x17:0x00000000 x19:0x00000000
         857273	     42762	80009a7a	8c9d	c.sub	x9,x15	  x9:0x00000001 x15:0x00000000  x9=0x00000001
         857293	     42763	80009a7c	006a1193	slli	x3,x20,0x6	 x20:0xfdd76a18  x3=0x75da8600
         857313	     42764	80009a80	02db0e33	mul	x28,x22,x13	 x22:0xdd76a18d x13:0x007ccec5 x28=0x2295c781
         857353	     42766	80009a84	03156633	rem	x12,x10,x17	 x10:0x80025ce4 x17:0x00000000 x12=0x80025ce4
         857373	     42767	80009a88	340ea6f3	csrrs	x13,mscratch,x29	 x29:0x0ce25000 x13=0x00000009
         857393	     42768	80009a8c	4aa7a613	slti	x12,x15,1194	 x15:0x00000000 x12=0x00000001
         857413	     42769	80009a90	410480b3	sub	x1,x9,x16	  x9:0x00000001 x16:0x0001b000  x1=0xfffe5001
         857433	     42770	80009a94	3401de73	csrrwi	x28,mscratch,3	 x28=0x0ce25009
         857453	     42771	80009a98	8def8013	addi	x0,x31,-1826	 x31:0x00000000  x0=0x00000000
         857473	     42772	80009a9c	01ca1333	sll	x6,x20,x28	 x20:0xfdd76a18 x28:0x0ce25009  x6=0xaed43000
         857493	     42773	80009aa0	34007bf3	csrrci	x23,mscratch,0	 x23=0x00000003
         857513	     42774	80009aa4	00bf2133	slt	x2,x30,x11	 x30:0xd7927fe9 x11:0xd79277c8  x2=0x00000000
         857533	     42775	80009aa8	34021d73	csrrw	x26,mscratch,x4	  x4:0x00000001 x26=0x00000003
         857853	     42791	80009aac	0ff0000f	fence	iorw,iorw	
         857933	     42795	80009ab0	8ded	c.and	x11,x11	 x11:0xd79277c8 x11:0xd79277c8 x11=0xd79277c8
         857953	     42796	80009ab2	2fdd0113	addi	x2,x26,765	 x26:0x00000003  x2=0x00000300
         858373	     42817	80009ab6	01c66033	or	x0,x12,x28	 x12:0x00000001 x28:0x0ce25009  x0=0x00000000
         858393	     42818	80009aba	048d8063	beq	x27,x8,80009afa	 x27:0x00000000  x8:0x00000000
         859513	     42874	80009afa	3404a6f3	csrrs	x13,mscratch,x9	  x9:0x00000001 x13=0x00000001
         859533	     42875	80009afe	01c65633	srl	x12,x12,x28	 x12:0x00000001 x28:0x0ce25009 x12=0x00000000
         859713	     42884	80009b02	41190633	sub	x12,x18,x17	 x18:0x80021df4 x17:0x00000000 x12=0x80021df4
         859853	     42891	80009b06	b2304313	xori	x6,x0,-1245	  x0:0x00000000  x6=0xfffffb23
         859933	     42895	80009b0a	16363813	sltiu	x16,x12,355	 x12:0x80021df4 x16=0x00000000
         859993	     42898	80009b0e	018a8d63	beq	x21,x24,80009b28	 x21:0x00000000 x24:0x00000000
         860333	     42915	80009b28	6261	c.lui	x4,0x18	  x4=0x00018000
         860353	     42916	80009b2a	340030f3	csrrc	x1,mscratch,x0	  x0:0x00000000  x1=0x00000001
         860553	     42926	80009b2e	0ff0000f	fence	iorw,iorw	
         860693	     42933	80009b32	0ff0000f	fence	iorw,iorw	
         860713	     42934	80009b36	8eb5	c.xor	x13,x13	 x13:0x00000001 x13:0x00000001 x13=0x00000000
         861013	     42949	80009b38	03bd1db3	mulh	x27,x26,x27	 x26:0x00000003 x27:0x00000000 x27=0x00000000
         861113	     42954	80009b3c	56fd	c.li	x13,-1	 x13=0xffffffff
         861333	     42965	80009b3e	01be76b3	and	x13,x28,x27	 x28:0x0ce25009 x27:0x00000000 x13=0x00000000
         861353	     42966	80009b42	63ad2713	slti	x14,x26,1594	 x26:0x00000003 x14=0x00000001
         861373	     42967	80009b46	8192	c.mv	x3,x4	  x0:0x00000000  x4:0x00018000  x3=0x00018000
         861413	     42969	80009b48	034cbcb3	mulhu	x25,x25,x20	 x25:0xd7927fed x20:0xfdd76a18 x25=0xd5c12dcd
         861433	     42970	80009b4c	01ca81b3	add	x3,x21,x28	 x21:0x00000000 x28:0x0ce25009  x3=0x0ce25009
         861453	     42971	80009b50	8c91	c.sub	x9,x12	  x9:0x00000001 x12:0x80021df4  x9=0x7ffde20d
         861613	     42979	80009b52	f460f313	andi	x6,x1,-186	  x1:0x00000001  x6=0x00000000
         861673	     42982	80009b56	01105fb3	srl	x31,x0,x17	  x0:0x00000000 x17:0x00000000 x31=0x00000000
         861753	     42986	80009b5a	33ed3e93	sltiu	x29,x26,830	 x26:0x00000003 x29=0x00000001
         861873	     42992	80009b5e	3406f673	csrrci	x12,mscratch,13	 x12=0x00000001
         862093	     43003	80009b62	03d99d33	mulh	x26,x19,x29	 x19:0x00000000 x29:0x00000001 x26=0x00000000
         862113	     43004	80009b66	02aa0a33	mul	x20,x20,x10	 x20:0xfdd76a18 x10:0x80025ce4 x20=0x522b1d60
         862133	     43005	80009b6a	01de	c.slli	x3,0x17	  x3:0x0ce25009  x3=0x04800000
         862153	     43006	80009b6c	8c2d	c.xor	x8,x11	  x8:0x00000000 x11:0xd79277c8  x8=0xd79277c8
         862233	     43010	80009b6e	96def017	auipc	x0,0x96def	  x0=0x00000000
         862253	     43011	80009b72	4168d113	srai	x2,x17,0x16	 x17:0x00000000  x2=0x00000000
         862673	     43032	80009b76	01b09d33	sll	x26,x1,x27	  x1:0x00000001 x27:0x00000000 x26=0x00000001
         862693	     43033	80009b7a	717d	c.addi16sp	x2,-16	  x2:0x00000000  x2=0xfffffff0
         862713	     43034	80009b7c	600da313	slti	x6,x27,1536	 x27:0x00000000  x6=0x00000001
         862733	     43035	80009b80	003c66b3	or	x13,x24,x3	 x24:0x00000000  x3:0x04800000 x13=0x04800000
         863473	     43072	80009b84	02725eb3	divu	x29,x4,x7	  x4:0x00018000  x7:0xd79277c9 x29=0x00000000
         863493	     43073	80009b88	0187eb63	bltu	x15,x24,80009b9e	 x15:0x00000000 x24:0x00000000
         863513	     43074	80009b8c	617d	c.addi16sp	x2,496	  x2:0xfffffff0  x2=0x000001e0
         863533	     43075	80009b8e	8cb1	c.xor	x9,x12	  x9:0x7ffde20d x12:0x00000001  x9=0x7ffde20c
         863553	     43076	80009b90	01b50563	beq	x10,x27,80009b9a	 x10:0x80025ce4 x27:0x00000000
         863573	     43077	80009b94	679d	c.lui	x15,0x7	 x15=0x00007000
         863593	     43078	80009b96	3524e413	ori	x8,x9,850	  x9:0x7ffde20c  x8=0x7ffde35e
         863673	     43082	80009b9a	34079273	csrrw	x4,mscratch,x15	 x15:0x00007000  x4=0x00000000
         864233	     43110	80009b9e	4048d393	srai	x7,x17,0x4	 x17:0x00000000  x7=0x00000000
         864253	     43111	80009ba2	01b29f33	sll	x30,x5,x27	  x5:0x80025ce4 x27:0x00000000 x30=0x80025ce4
         864273	     43112	80009ba6	db048cb7	lui	x25,0xdb048	 x25=0xdb048000
         864653	     43131	80009baa	340367f3	csrrsi	x15,mscratch,6	 x15=0x00007000
         864673	     43132	80009bae	0f32	c.slli	x30,0xc	 x30:0x80025ce4 x30=0x25ce4000
         865093	     43153	80009bb0	03ce1633	mulh	x12,x28,x28	 x28:0x0ce25009 x28:0x0ce25009 x12=0x00a5ff92
         865213	     43159	80009bb4	cf15	c.beqz	x14,80009bf0	 x14:0x00000001
         865233	     43160	80009bb6	0089d8b3	srl	x17,x19,x8	 x19:0x00000000  x8:0x7ffde35e x17=0x00000000
         865253	     43161	80009bba	0001	c.addi	x0,0	  x0:0x00000000  x0=0x00000000
         865653	     43181	80009bbc	0136cd33	xor	x26,x13,x19	 x13:0x04800000 x19:0x00000000 x26=0x04800000
         865813	     43189	80009bc0	040b9463	bne	x23,x0,80009c08	 x23:0x00000003  x0:0x00000000
         866313	     43214	80009c08	ed01	c.bnez	x10,80009c20	 x10:0x80025ce4
         866553	     43226	80009c20	ad930537	lui	x10,0xad930	 x10=0xad930000
         866573	     43227	80009c24	8f19	c.sub	x14,x14	 x14:0x00000001 x14:0x00000001 x14=0x00000000
         866713	     43234	80009c26	00764463	blt	x12,x7,80009c2e	 x12:0x00a5ff92  x7:0x00000000
         866733	     43235	80009c2a	0984	c.addi4spn	x9,x2,208	  x9=0x000002b0
         866753	     43236	80009c2c	91be	c.add	x3,x15	  x3:0x04800000 x15:0x00007000  x3=0x04807000
         866773	     43237	80009c2e	6409	c.lui	x8,0x2	  x8=0x00002000
         866833	     43240	80009c30	6611	c.lui	x12,0x4	 x12=0x00004000
         866853	     43241	80009c32	0001	c.addi	x0,0	  x0:0x00000000  x0=0x00000000
         866933	     43245	80009c34	01c74f63	blt	x14,x28,80009c52	 x14:0x00000000 x28:0x0ce25009
         868053	     43301	80009c52	014cde33	srl	x28,x25,x20	 x25:0xdb048000 x20:0x522b1d60 x28=0xdb048000
         868473	     43322	80009c56	340534f3	csrrc	x9,mscratch,x10	 x10:0xad930000  x9=0x00007006
         868493	     43323	80009c5a	038d85b3	mul	x11,x27,x24	 x27:0x00000000 x24:0x00000000 x11=0x00000000
         868513	     43324	80009c5e	aad73193	sltiu	x3,x14,-1363	 x14:0x00000000  x3=0x00000001
         868533	     43325	80009c62	0000100f	fence.i	
         868693	     43333	80009c66	419a8bb3	sub	x23,x21,x25	 x21:0x00000000 x25:0xdb048000 x23=0x24fb8000
         868713	     43334	80009c6a	017d5893	srli	x17,x26,0x17	 x26:0x04800000 x17=0x00000009
         868733	     43335	80009c6e	0e90	c.addi4spn	x12,x2,848	 x12=0x00000530
         869593	     43378	80009c70	03e25eb3	divu	x29,x4,x30	  x4:0x00000000 x30:0x25ce4000 x29=0x00000000
         869613	     43379	80009c74	008cf0b3	and	x1,x25,x8	 x25:0xdb048000  x8:0x00002000  x1=0x00000000
         870353	     43416	80009c78	0221deb3	divu	x29,x3,x2	  x3:0x00000001  x2:0x000001e0 x29=0x00000000
         870373	     43417	80009c7c	8519	c.srai	x10,0x6	 x10:0xad930000 x10=0xfeb64c00
         870393	     43418	80009c7e	8985	c.andi	x11,1	 x11:0x00000000 x11=0x00000000
         870413	     43419	80009c80	34003573	csrrc	x10,mscratch,x0	  x0:0x00000000 x10=0x00007006
         871153	     43456	80009c84	03abe233	rem	x4,x23,x26	 x23:0x24fb8000 x26:0x04800000  x4=0x00fb8000
         871173	     43457	80009c88	007a1613	slli	x12,x20,0x7	 x20:0x522b1d60 x12=0x158eb000
         871213	     43459	80009c8c	03e2a833	mulhsu	x16,x5,x30	  x5:0x80025ce4 x30:0x25ce4000 x16=0xed193954
         871233	     43460	80009c90	be66ee93	ori	x29,x13,-1050	 x13:0x04800000 x29=0xfffffbe6
         871253	     43461	80009c94	0000100f	fence.i	
         871473	     43472	80009c98	987d	c.andi	x8,-1	  x8:0x00002000  x8=0x00002000
         871493	     43473	80009c9a	6d25	c.lui	x26,0x9	 x26=0x00009000
         871513	     43474	80009c9c	8dbd	c.xor	x11,x15	 x11:0x00000000 x15:0x00007000 x11=0x00007000
         872393	     43518	80009c9e	02a36e33	rem	x28,x6,x10	  x6:0x00000001 x10:0x00007006 x28=0x00000001
         872413	     43519	80009ca2	0543f993	andi	x19,x7,84	  x7:0x00000000 x19=0x00000000
         872433	     43520	80009ca6	340460f3	csrrsi	x1,mscratch,8	  x1=0x00007006
         872453	     43521	80009caa	0001	c.addi	x0,0	  x0:0x00000000  x0=0x00000000
         872473	     43522	80009cac	3baef793	andi	x15,x29,954	 x29:0xfffffbe6 x15=0x000003a2
         872493	     43523	80009cb0	8f6d	c.and	x14,x11	 x14:0x00000000 x11:0x00007000 x14=0x00000000
         872513	     43524	80009cb2	01014f63	blt	x2,x16,80009cd0	  x2:0x000001e0 x16:0xed193954
         872533	     43525	80009cb6	6dc5	c.lui	x27,0x11	 x27=0x00011000
         872573	     43527	80009cb8	9bc6	c.add	x23,x17	 x23:0x24fb8000 x17:0x00000009 x23=0x24fb8009
         872593	     43528	80009cba	eca28a13	addi	x20,x5,-310	  x5:0x80025ce4 x20=0x80025bae
         872613	     43529	80009cbe	8e45	c.or	x12,x9	 x12:0x158eb000  x9:0x00007006 x12=0x158ef006
         872793	     43538	80009cc0	011a4b63	blt	x20,x17,80009cd6	 x20:0x80025bae x17:0x00000009
         873273	     43562	80009cd6	83cd	c.srli	x15,0x13	 x15:0x000003a2 x15=0x00000000
         873413	     43569	80009cd8	616d	c.addi16sp	x2,240	  x2:0x000001e0  x2=0x000002d0
         873533	     43575	80009cda	05c9e063	bltu	x19,x28,80009d1a	 x19:0x00000000 x28:0x00000001
         874153	     43606	80009d1a	714bc793	xori	x15,x23,1812	 x23:0x24fb8009 x15=0x24fb871d
         874173	     43607	80009d1e	545f6993	ori	x19,x30,1349	 x30:0x25ce4000 x19=0x25ce4545
         874273	     43612	80009d22	0076c433	xor	x8,x13,x7	 x13:0x04800000  x7:0x00000000  x8=0x04800000
         874293	     43613	80009d26	340b1473	csrrw	x8,mscratch,x22	 x22:0xdd76a18d  x8=0x0000700e
         874313	     43614	80009d2a	0001	c.addi	x0,0	  x0:0x00000000  x0=0x00000000
         874393	     43618	80009d2c	8745	c.srai	x14,0x11	 x14:0x00000000 x14=0x00000000
         874413	     43619	80009d2e	85d5	c.srai	x11,0x15	 x11:0x00007000 x11=0x00000000
         874433	     43620	80009d30	340a56f3	csrrwi	x13,mscratch,20	 x13=0xdd76a18d
         874633	     43630	80009d34	8ca5	c.xor	x9,x9	  x9:0x00007006  x9:0x00007006  x9=0x00000000
         874653	     43631	80009d36	e29d	c.bnez	x13,80009d5c	 x13:0xdd76a18d
         875433	     43670	80009d5c	008f5533	srl	x10,x30,x8	 x30:0x25ce4000  x8:0x0000700e x10=0x00009739
         875773	     43687	80009d60	f8016313	ori	x6,x2,-128	  x2:0x000002d0  x6=0xffffffd0
         875833	     43690	80009d64	0ff0000f	fence	iorw,iorw	
         875853	     43691	80009d68	01fb1193	slli	x3,x22,0x1f	 x22:0xdd76a18d  x3=0x80000000
         876173	     43707	80009d6c	83fd	c.srli	x15,0x1f	 x15:0x24fb871d x15=0x00000000
         876213	     43709	80009d6e	0299eeb3	rem	x29,x19,x9	 x19:0x25ce4545  x9:0x00000000 x29=0x25ce4545
         876333	     43715	80009d72	01269f63	bne	x13,x18,80009d90	 x13:0xdd76a18d x18:0x80021df4
         876693	     43733	80009d90	01576133	or	x2,x14,x21	 x14:0x00000000 x21:0x00000000  x2=0x00000000
         876713	     43734	80009d94	8fc1	c.or	x15,x8	 x15:0x00000000  x8:0x0000700e x15=0x0000700e
         876733	     43735	80009d96	6131	c.addi16sp	x2,320	  x2:0x00000000  x2=0x00000140
         876753	     43736	80009d98	8579	c.srai	x10,0x1e	 x10:0x00009739 x10=0x00000000
         876913	     43744	80009d9a	035c7d33	remu	x26,x24,x21	 x24:0x00000000 x21:0x00000000 x26=0x00000000
         876933	     43745	80009d9e	8e3d	c.xor	x12,x15	 x12:0x158ef006 x15:0x0000700e x12=0x158e8008
         876953	     43746	80009da0	020e7263	bgeu	x28,x0,80009dc4	 x28:0x00000001  x0:0x00000000
         877933	     43795	80009dc4	00e849b3	xor	x19,x16,x14	 x16:0xed193954 x14:0x00000000 x19=0xed193954
         878313	     43814	80009dc8	6149	c.addi16sp	x2,144	  x2:0x00000140  x2=0x000001d0
         878333	     43815	80009dca	850a	c.mv	x10,x2	  x0:0x00000000  x2:0x000001d0 x10=0x000001d0
         878713	     43834	80009dcc	03d6db63	bge	x13,x29,80009e02	 x13:0xdd76a18d x29:0x25ce4545
         878933	     43845	80009dd0	02d0a5b3	mulhsu	x11,x1,x13	  x1:0x00007006 x13:0xdd76a18d x11=0x000060e9
         879153	     43856	80009dd4	8ffd	c.and	x15,x15	 x15:0x0000700e x15:0x0000700e x15=0x0000700e
         879173	     43857	80009dd6	00a197b3	sll	x15,x3,x10	  x3:0x80000000 x10:0x000001d0 x15=0x00000000
         879273	     43862	80009dda	56346013	ori	x0,x8,1379	  x8:0x0000700e  x0=0x00000000
         879293	     43863	80009dde	8f11	c.sub	x14,x12	 x14:0x00000000 x12:0x158e8008 x14=0xea717ff8
         879333	     43865	80009de0	02f5a633	mulhsu	x12,x11,x15	 x11:0x000060e9 x15:0x00000000 x12=0x00000000
         879393	     43868	80009de4	8973d137	lui	x2,0x8973d	  x2=0x8973d000
         879413	     43869	80009de8	01fea9b3	slt	x19,x29,x31	 x29:0x25ce4545 x31:0x00000000 x19=0x00000000
         879833	     43890	80009dec	3403d5f3	csrrwi	x11,mscratch,7	 x11=0x00000014
         879853	     43891	80009df0	005ac863	blt	x21,x5,80009e00	 x21:0x00000000  x5:0x80025ce4
         880033	     43900	80009df4	00ed9893	slli	x17,x27,0xe	 x27:0x00011000 x17=0x44000000
         880113	     43904	80009df8	101ef637	lui	x12,0x101ef	 x12=0x101ef000
         880453	     43921	80009dfc	0ff0000f	fence	iorw,iorw	
         880473	     43922	80009e00	8246	c.mv	x4,x17	  x0:0x00000000 x17:0x44000000  x4=0x44000000
         880493	     43923	80009e02	8f3d7713	andi	x14,x26,-1805	 x26:0x00000000 x14=0x00000000
         880573	     43927	80009e06	00b1e8b3	or	x17,x3,x11	  x3:0x80000000 x11:0x00000014 x17=0x80000014
         880593	     43928	80009e0a	002abab3	sltu	x21,x21,x2	 x21:0x00000000  x2:0x8973d000 x21=0x00000001
         880713	     43934	80009e0e	00da97b3	sll	x15,x21,x13	 x21:0x00000001 x13:0xdd76a18d x15=0x00002000
         881053	     43951	80009e12	00f70333	add	x6,x14,x15	 x14:0x00000000 x15:0x00002000  x6=0x00002000
         881073	     43952	80009e16	9cb20513	addi	x10,x4,-1589	  x4:0x44000000 x10=0x43fff9cb
         881093	     43953	80009e1a	00b19313	slli	x6,x3,0xb	  x3:0x80000000  x6=0x00000000
         881833	     43990	80009e1e	034bd0b3	divu	x1,x23,x20	 x23:0x24fb8009 x20:0x80025bae  x1=0x00000000
         881853	     43991	80009e22	00995db3	srl	x27,x18,x9	 x18:0x80021df4  x9:0x00000000 x27=0x80021df4
         881873	     43992	80009e26	8c15	c.sub	x8,x13	  x8:0x0000700e x13:0xdd76a18d  x8=0x2289ce81
         881893	     43993	80009e28	01f24563	blt	x4,x31,80009e32	  x4:0x44000000 x31:0x00000000
         881913	     43994	80009e2c	8e51	c.or	x12,x12	 x12:0x101ef000 x12:0x101ef000 x12=0x101ef000
         881953	     43996	80009e2e	029bbcb3	mulhu	x25,x23,x9	 x23:0x24fb8009  x9:0x00000000 x25=0x00000000
         881973	     43997	80009e32	8f39	c.xor	x14,x14	 x14:0x00000000 x14:0x00000000 x14=0x00000000
         881993	     43998	80009e34	8e2cea93	ori	x21,x25,-1822	 x25:0x00000000 x21=0xfffff8e2
         882133	     44005	80009e38	4bf76093	ori	x1,x14,1215	 x14:0x00000000  x1=0x000004bf
         882513	     44024	80009e3c	01213333	sltu	x6,x2,x18	  x2:0x8973d000 x18:0x80021df4  x6=0x00000000
         882533	     44025	80009e40	8fc1	c.or	x15,x8	 x15:0x00002000  x8:0x2289ce81 x15=0x2289ee81
         882553	     44026	80009e42	3c1d3993	sltiu	x19,x26,961	 x26:0x00000000 x19=0x00000001
         882713	     44034	80009e46	0395d133	divu	x2,x11,x25	 x11:0x00000014 x25:0x00000000  x2=0xffffffff
         882733	     44035	80009e4a	34007373	csrrci	x6,mscratch,0	  x6=0x00000007
         882893	     44043	80009e4e	40adef93	ori	x31,x27,1034	 x27:0x80021df4 x31=0x80021dfe
         882913	     44044	80009e52	1c84	c.addi4spn	x9,x2,624	  x9=0x0000026f
         883313	     44064	80009e54	127d	c.addi	x4,-1	  x4:0x44000000  x4=0x43ffffff
         883333	     44065	80009e56	0186c9b3	xor	x19,x13,x24	 x13:0xdd76a18d x24:0x00000000 x19=0xdd76a18d
         883353	     44066	80009e5a	73546a37	lui	x20,0x73546	 x20=0x73546000
         883373	     44067	80009e5e	3401fd73	csrrci	x26,mscratch,3	 x26=0x00000007
         883393	     44068	80009e62	8e01	c.sub	x12,x8	 x12:0x101ef000  x8:0x2289ce81 x12=0xed95217f
         883573	     44077	80009e64	8c51	c.or	x8,x12	  x8:0x2289ce81 x12:0xed95217f  x8=0xef9defff
         883673	     44082	80009e66	340067f3	csrrsi	x15,mscratch,0	 x15=0x00000004
         883693	     44083	80009e6a	030f8cb3	mul	x25,x31,x16	 x31:0x80021dfe x16:0xed193954 x25=0x8d2d6558
         884113	     44104	80009e6e	35b06013	ori	x0,x0,859	  x0:0x00000000  x0=0x00000000
         884133	     44105	80009e72	8d6d	c.and	x10,x11	 x10:0x43fff9cb x11:0x00000014 x10=0x00000000
         884153	     44106	80009e74	68d9	c.lui	x17,0x16	 x17=0x00016000
         884173	     44107	80009e76	0000100f	fence.i	
         885013	     44149	80009e7a	44697417	auipc	x8,0x44697	  x8=0xc46a0e7a
         885033	     44150	80009e7e	84c5	c.srai	x9,0x11	  x9:0x0000026f  x9=0x00000000
         885053	     44151	80009e80	b688eb93	ori	x23,x17,-1176	 x17:0x00016000 x23=0xfffffb68
         886173	     44207	80009e84	034b50b3	divu	x1,x22,x20	 x22:0xdd76a18d x20:0x73546000  x1=0x00000001
         886193	     44208	80009e88	c0b9	c.beqz	x9,80009ece	  x9:0x00000000
         886293	     44213	80009ece	1fe454b7	lui	x9,0x1fe45	  x9=0x1fe45000
         886413	     44219	80009ed2	01b49563	bne	x9,x27,80009edc	  x9:0x1fe45000 x27:0x80021df4
         886653	     44231	80009edc	340cb3f3	csrrc	x7,mscratch,x25	 x25:0x8d2d6558  x7=0x00000004
         886673	     44232	80009ee0	009e8d33	add	x26,x29,x9	 x29:0x25ce4545  x9:0x1fe45000 x26=0x45b29545
         886693	     44233	80009ee4	0000100f	fence.i	
         886893	     44243	80009ee8	89e7f393	andi	x7,x15,-1890	 x15:0x00000004  x7=0x00000004
         886913	     44244	80009eec	0001	c.addi	x0,0	  x0:0x00000000  x0=0x00000000
         886953	     44246	80009eee	40f65e93	srai	x29,x12,0xf	 x12:0xed95217f x29=0xffffdb2a
         886973	     44247	80009ef2	0001	c.addi	x0,0	  x0:0x00000000  x0=0x00000000
         887813	     44289	80009ef4	03714333	div	x6,x2,x23	  x2:0xffffffff x23:0xfffffb68  x6=0x00000000
         887833	     44290	80009ef8	40520033	sub	x0,x4,x5	  x4:0x43ffffff  x5:0x80025ce4  x0=0x00000000
         887853	     44291	80009efc	8c7d	c.and	x8,x15	  x8:0xc46a0e7a x15:0x00000004  x8=0x00000000
         887873	     44292	80009efe	0c14	c.addi4spn	x13,x2,528	 x13=0x0000020f
         887893	     44293	80009f00	340955f3	csrrwi	x11,mscratch,18	 x11=0x00000004
         887913	     44294	80009f04	34041573	csrrw	x10,mscratch,x8	  x8:0x00000000 x10=0x00000012
         887933	     44295	80009f08	01609d63	bne	x1,x22,80009f22	  x1:0x00000001 x22:0xdd76a18d
         888173	     44307	80009f22	0026d893	srli	x17,x13,0x2	 x13:0x0000020f x17=0x00000083
         888913	     44344	80009f26	0338f133	remu	x2,x17,x19	 x17:0x00000083 x19:0xdd76a18d  x2=0x00000083
         902013	     44999	80009f2a	032ffc33	remu	x24,x31,x18	 x31:0x80021dfe x18:0x80021df4 x24=0x0000000a
         902033	     45000	80009f2e	f7630693	addi	x13,x6,-138	  x6:0x00000000 x13=0xffffff76
         902053	     45001	80009f32	442d	c.li	x8,11	  x8=0x0000000b
         902073	     45002	80009f34	01199d13	slli	x26,x19,0x11	 x19:0xdd76a18d x26=0x431a0000
         902113	     45004	80009f38	02b59c33	mulh	x24,x11,x11	 x11:0x00000004 x11:0x00000004 x24=0x00000000
         902133	     45005	80009f3c	6145	c.addi16sp	x2,48	  x2:0x00000083  x2=0x000000b3
         902153	     45006	80009f3e	006ef563	bgeu	x29,x6,80009f48	 x29:0xffffdb2a  x6:0x00000000
         902373	     45017	80009f48	014e8cb3	add	x25,x29,x20	 x29:0xffffdb2a x20:0x73546000 x25=0x73543b2a
         902433	     45020	80009f4c	a4475db7	lui	x27,0xa4475	 x27=0xa4475000
         902613	     45029	80009f50	ea91	c.bnez	x13,80009f64	 x13:0xffffff76
         903213	     45059	80009f64	f4463e17	auipc	x28,0xf4463	 x28=0x7446cf64
         903973	     45097	80009f68	10fd	c.addi	x1,-1	  x1:0x00000001  x1=0x00000000
         903993	     45098	80009f6a	8fc9	c.or	x15,x10	 x15:0x00000004 x10:0x00000012 x15=0x00000016
         904033	     45100	80009f6c	ed0b4113	xori	x2,x22,-304	 x22:0xdd76a18d  x2=0x22895f5d
         904053	     45101	80009f70	84f6	c.mv	x9,x29	  x0:0x00000000 x29:0xffffdb2a  x9=0xffffdb2a
         904073	     45102	80009f72	6861	c.lui	x16,0x18	 x16=0x00018000
         904233	     45110	80009f74	030486b3	mul	x13,x9,x16	  x9:0xffffdb2a x16:0x00018000 x13=0xc8bf0000
         904393	     45118	80009f78	03b20033	mul	x0,x4,x27	  x4:0x43ffffff x27:0xa4475000  x0=0x00000000
         904413	     45119	80009f7c	1994	c.addi4spn	x13,x2,240	 x13=0x2289604d
         904433	     45120	80009f7e	0c9c	c.addi4spn	x15,x2,592	 x15=0x228961ad
         904613	     45129	80009f80	4ad48993	addi	x19,x9,1197	  x9:0xffffdb2a x19=0xffffdfd7
         905453	     45171	80009f84	03e947b3	div	x15,x18,x30	 x18:0x80021df4 x30:0x25ce4000 x15=0xfffffffd
         905473	     45172	80009f88	016bca33	xor	x20,x23,x22	 x23:0xfffffb68 x22:0xdd76a18d x20=0x22895ae5
         905493	     45173	80009f8c	02075d63	bge	x14,x0,80009fc6	 x14:0x00000000  x0:0x00000000
         905573	     45177	80009fc6	82f5	c.srli	x13,0x1d	 x13:0x2289604d x13=0x00000001
         905633	     45180	80009fc8	8289	c.srli	x13,0x2	 x13:0x00000001 x13=0x00000000
         905653	     45181	80009fca	8871	c.andi	x8,28	  x8:0x0000000b  x8=0x00000008
         905673	     45182	80009fcc	0df2	c.slli	x27,0x1c	 x27:0xa4475000 x27=0x00000000
         905693	     45183	80009fce	c495	c.beqz	x9,80009ffa	  x9:0xffffdb2a
         905713	     45184	80009fd0	016b9f13	slli	x30,x23,0x16	 x23:0xfffffb68 x30=0xda000000
         905733	     45185	80009fd4	340073f3	csrrci	x7,mscratch,0	  x7=0x00000000
         905753	     45186	80009fd8	41705433	sra	x8,x0,x23	  x0:0x00000000 x23:0xfffffb68  x8=0x00000000
         905833	     45190	80009fdc	02ea16b3	mulh	x13,x20,x14	 x20:0x22895ae5 x14:0x00000000 x13=0x00000000
         905853	     45191	80009fe0	01d6ddb3	srl	x27,x13,x29	 x13:0x00000000 x29:0xffffdb2a x27=0x00000000
         906113	     45204	80009fe4	00147733	and	x14,x8,x1	  x8:0x00000000  x1:0x00000000 x14=0x00000000
         906133	     45205	80009fe8	45714c93	xori	x25,x2,1111	  x2:0x22895f5d x25=0x22895b0a
         906153	     45206	80009fec	616d	c.addi16sp	x2,240	  x2:0x22895f5d  x2=0x2289604d
         906253	     45211	80009fee	0134dd93	srli	x27,x9,0x13	  x9:0xffffdb2a x27=0x00001fff
         906433	     45220	80009ff2	3d6c2193	slti	x3,x24,982	 x24:0x00000000  x3=0x00000001
         906853	     45241	80009ff6	49a4e893	ori	x17,x9,1178	  x9:0xffffdb2a x17=0xffffdfba
         906873	     45242	80009ffa	8d4d	c.or	x10,x11	 x10:0x00000012 x11:0x00000004 x10=0x00000016
         907273	     45262	80009ffc	c08d	c.beqz	x9,8000a01e	  x9:0xffffdb2a
         907473	     45272	80009ffe	cae42b93	slti	x23,x8,-850	  x8:0x00000000 x23=0x00000000
         908213	     45309	8000a002	036a5d33	divu	x26,x20,x22	 x20:0x22895ae5 x22:0xdd76a18d x26=0x00000000
         908233	     45310	8000a006	34002073	csrrs	x0,mscratch,x0	  x0:0x00000000  x0=0x00000000
         908253	     45311	8000a00a	0177f7b3	and	x15,x15,x23	 x15:0xfffffffd x23:0x00000000 x15=0x00000000
         908273	     45312	8000a00e	0001	c.addi	x0,0	  x0:0x00000000  x0=0x00000000
         908293	     45313	8000a010	002f7433	and	x8,x30,x2	 x30:0xda000000  x2:0x2289604d  x8=0x02000000
         908373	     45317	8000a014	408b50b3	sra	x1,x22,x8	 x22:0xdd76a18d  x8:0x02000000  x1=0xdd76a18d
         908513	     45324	8000a018	8d45	c.or	x10,x9	 x10:0x00000016  x9:0xffffdb2a x10=0xffffdb3e
         908693	     45333	8000a01a	d405c237	lui	x4,0xd405c	  x4=0xd405c000
         909113	     45354	8000a01e	014eeeb3	or	x29,x29,x20	 x29:0xffffdb2a x20:0x22895ae5 x29=0xffffdbef
         909273	     45362	8000a022	ac5d2c17	auipc	x24,0xac5d2	 x24=0x2c5dc022
         909433	     45370	8000a026	340ea7f3	csrrs	x15,mscratch,x29	 x29:0xffffdbef x15=0x00000000
         909453	     45371	8000a02a	9986	c.add	x19,x1	 x19:0xffffdfd7  x1:0xdd76a18d x19=0xdd768164
         909533	     45375	8000a02c	c701	c.beqz	x14,8000a034	 x14:0x00000000
         909873	     45392	8000a034	34059773	csrrw	x14,mscratch,x11	 x11:0x00000004 x14=0xffffdbef
         909993	     45398	8000a038	340a5bf3	csrrwi	x23,mscratch,20	 x23=0x00000004
         910173	     45407	8000a03c	0035d6b3	srl	x13,x11,x3	 x11:0x00000004  x3:0x00000001 x13=0x00000002
         910213	     45409	8000a040	022898b3	mulh	x17,x17,x2	 x17:0xffffdfba  x2:0x2289604d x17=0xfffffba5
         910313	     45414	8000a044	34002273	csrrs	x4,mscratch,x0	  x0:0x00000000  x4=0x00000014
         910333	     45415	8000a048	0001	c.addi	x0,0	  x0:0x00000000  x0=0x00000000
         910353	     45416	8000a04a	00edef33	or	x30,x27,x14	 x27:0x00001fff x14:0xffffdbef x30=0xffffdfff
         910373	     45417	8000a04e	11fd	c.addi	x3,-1	  x3:0x00000001  x3=0x00000000
         910413	     45419	8000a050	03dc9533	mulh	x10,x25,x29	 x25:0x22895b0a x29:0xffffdbef x10=0xfffffb22
         911393	     45468	8000a054	0361dd33	divu	x26,x3,x22	  x3:0x00000000 x22:0xdd76a18d x26=0x00000000
         911413	     45469	8000a058	4135	c.li	x2,13	  x2=0x0000000d
         911433	     45470	8000a05a	026b6163	bltu	x22,x6,8000a07c	 x22:0xdd76a18d  x6:0x00000000
         911473	     45472	8000a05e	024d2233	mulhsu	x4,x26,x4	 x26:0x00000000  x4:0x00000014  x4=0x00000000
         911493	     45473	8000a062	410ad113	srai	x2,x21,0x10	 x21:0xfffff8e2  x2=0xffffffff
         911593	     45478	8000a066	404057b3	sra	x15,x0,x4	  x0:0x00000000  x4:0x00000000 x15=0x00000000
         911613	     45479	8000a06a	34027073	csrrci	x0,mscratch,4	  x0=0x00000000
         912753	     45536	8000a06e	02ebe8b3	rem	x17,x23,x14	 x23:0x00000004 x14:0xffffdbef x17=0x00000004
         912773	     45537	8000a072	0762	c.slli	x14,0x18	 x14:0xffffdbef x14=0xef000000
         913513	     45574	8000a074	031fc633	div	x12,x31,x17	 x31:0x80021dfe x17:0x00000004 x12=0xe0008780
         913533	     45575	8000a078	03a43d93	sltiu	x27,x8,58	  x8:0x02000000 x27=0x00000000
         913553	     45576	8000a07c	221cc393	xori	x7,x25,545	 x25:0x22895b0a  x7=0x2289592b
         913573	     45577	8000a080	03056a63	bltu	x10,x16,8000a0b4	 x10:0xfffffb22 x16:0x00018000
         913613	     45579	8000a084	02cb3db3	mulhu	x27,x22,x12	 x22:0xdd76a18d x12:0xe0008780 x27=0xc1c84293
         913633	     45580	8000a088	016dfbb3	and	x23,x27,x22	 x27:0xc1c84293 x22:0xdd76a18d x23=0xc1400081
         913653	     45581	8000a08c	1afd	c.addi	x21,-1	 x21:0xfffff8e2 x21=0xfffff8e1
         913673	     45582	8000a08e	8d65	c.and	x10,x9	 x10:0xfffffb22  x9:0xffffdb2a x10=0xffffdb22
         913733	     45585	8000a090	03f11db3	mulh	x27,x2,x31	  x2:0xffffffff x31:0x80021dfe x27=0x00000000
         913773	     45587	8000a094	03ae3fb3	mulhu	x31,x28,x26	 x28:0x7446cf64 x26:0x00000000 x31=0x00000000
         913793	     45588	8000a098	0104d0b3	srl	x1,x9,x16	  x9:0xffffdb2a x16:0x00018000  x1=0xffffdb2a
         913813	     45589	8000a09c	43c1c137	lui	x2,0x43c1c	  x2=0x43c1c000
         913833	     45590	8000a0a0	3404a5f3	csrrs	x11,mscratch,x9	  x9:0xffffdb2a x11=0x00000010
         913933	     45595	8000a0a4	02ffb1b3	mulhu	x3,x31,x15	 x31:0x00000000 x15:0x00000000  x3=0x00000000
         914013	     45599	8000a0a8	dbe42a97	auipc	x21,0xdbe42	 x21=0x5be4c0a8
         914453	     45621	8000a0ac	8249	c.srli	x12,0x12	 x12:0xe0008780 x12=0x00003800
         914673	     45632	8000a0ae	4c706493	ori	x9,x0,1223	  x0:0x00000000  x9=0x000004c7
         914693	     45633	8000a0b2	8e61	c.and	x12,x8	 x12:0x00003800  x8:0x02000000 x12=0x00000000
         915093	     45653	8000a0b4	340d54f3	csrrwi	x9,mscratch,26	  x9=0xffffdb3a
         915113	     45654	8000a0b8	01c70d33	add	x26,x14,x28	 x14:0xef000000 x28:0x7446cf64 x26=0x6346cf64
         915133	     45655	8000a0bc	0001	c.addi	x0,0	  x0:0x00000000  x0=0x00000000
         915153	     45656	8000a0be	01279633	sll	x12,x15,x18	 x15:0x00000000 x18:0x80021df4 x12=0x00000000
         915173	     45657	8000a0c2	8f0d	c.sub	x14,x11	 x14:0xef000000 x11:0x00000010 x14=0xeefffff0
         915353	     45666	8000a0c4	004c7563	bgeu	x24,x4,8000a0ce	 x24:0x2c5dc022  x4:0x00000000
         916033	     45700	8000a0ce	011dd213	srli	x4,x27,0x11	 x27:0x00000000  x4=0x00000000
         916213	     45709	8000a0d2	023c4cb3	div	x25,x24,x3	 x24:0x2c5dc022  x3:0x00000000 x25=0xffffffff
         916233	     45710	8000a0d6	02d88963	beq	x17,x13,8000a108	 x17:0x00000004 x13:0x00000002
         916253	     45711	8000a0da	8cfd	c.and	x9,x15	  x9:0xffffdb3a x15:0x00000000  x9=0x00000000
         916313	     45714	8000a0dc	00a47f63	bgeu	x8,x10,8000a0fa	  x8:0x02000000 x10:0xffffdb22
         916393	     45718	8000a0e0	86cd	c.srai	x13,0x13	 x13:0x00000002 x13=0x00000000
         916413	     45719	8000a0e2	40b08633	sub	x12,x1,x11	  x1:0xffffdb2a x11:0x00000010 x12=0xffffdb1a
         916493	     45723	8000a0e6	2a157f37	lui	x30,0x2a157	 x30=0x2a157000
         916733	     45735	8000a0ea	033923b3	mulhsu	x7,x18,x19	 x18:0x80021df4 x19:0xdd768164  x7=0x91469424
         916753	     45736	8000a0ee	0122dbb3	srl	x23,x5,x18	  x5:0x80025ce4 x18:0x80021df4 x23=0x00000800
         916813	     45739	8000a0f2	34031373	csrrw	x6,mscratch,x6	  x6:0x00000000  x6=0x0000001a
         916973	     45747	8000a0f6	411d5e33	sra	x28,x26,x17	 x26:0x6346cf64 x17:0x00000004 x28=0x06346cf6
         916993	     45748	8000a0fa	11fd	c.addi	x3,-1	  x3:0x00000000  x3=0xffffffff
         917413	     45769	8000a0fc	0203d3b3	divu	x7,x7,x0	  x7:0x91469424  x0:0x00000000  x7=0xffffffff
         917433	     45770	8000a100	340527f3	csrrs	x15,mscratch,x10	 x10:0xffffdb22 x15=0x00000000
         917453	     45771	8000a104	340a5c73	csrrwi	x24,mscratch,20	 x24=0xffffdb22
         917553	     45776	8000a108	877d	c.srai	x14,0x1f	 x14:0xeefffff0 x14=0xffffffff
         917613	     45779	8000a10a	0000100f	fence.i	
         918173	     45807	8000a10e	00afd093	srli	x1,x31,0xa	 x31:0x00000000  x1=0x00000000
         918193	     45808	8000a112	01ab03b3	add	x7,x22,x26	 x22:0xdd76a18d x26:0x6346cf64  x7=0x40bd70f1
         918213	     45809	8000a116	e776e013	ori	x0,x13,-393	 x13:0x00000000  x0=0x00000000
         918233	     45810	8000a11a	34003373	csrrc	x6,mscratch,x0	  x0:0x00000000  x6=0x00000014
         918293	     45813	8000a11e	030427b3	mulhsu	x15,x8,x16	  x8:0x02000000 x16:0x00018000 x15=0x00000300
         918453	     45821	8000a122	0c0bf613	andi	x12,x23,192	 x23:0x00000800 x12=0x00000000
         918473	     45822	8000a126	0169cf63	blt	x19,x22,8000a144	 x19:0xdd768164 x22:0xdd76a18d
         918653	     45831	8000a144	db267d37	lui	x26,0xdb267	 x26=0xdb267000
         918793	     45838	8000a148	00faa8b3	slt	x17,x21,x15	 x21:0x5be4c0a8 x15:0x00000300 x17=0x00000000
         918813	     45839	8000a14c	01510433	add	x8,x2,x21	  x2:0x43c1c000 x21:0x5be4c0a8  x8=0x9fa680a8
         918833	     45840	8000a150	010c6e63	bltu	x24,x16,8000a16c	 x24:0xffffdb22 x16:0x00018000
         919013	     45849	8000a154	8e85	c.sub	x13,x9	 x13:0x00000000  x9:0x00000000 x13=0x00000000
         919033	     45850	8000a156	6131	c.addi16sp	x2,320	  x2:0x43c1c000  x2=0x43c1c140
         919053	     45851	8000a158	9bad6713	ori	x14,x26,-1606	 x26:0xdb267000 x14=0xfffff9ba
         919253	     45861	8000a15c	89d5	c.andi	x11,21	 x11:0x00000010 x11=0x00000010
         919273	     45862	8000a15e	6a25	c.lui	x20,0x9	 x20=0x00009000
         919353	     45866	8000a160	0ff0000f	fence	iorw,iorw	
         919773	     45887	8000a164	018ef663	bgeu	x29,x24,8000a170	 x29:0xffffdbef x24:0xffffdb22
         920293	     45913	8000a170	01549a63	bne	x9,x21,8000a184	  x9:0x00000000 x21:0x5be4c0a8
         920813	     45939	8000a184	0001	c.addi	x0,0	  x0:0x00000000  x0=0x00000000
         920833	     45940	8000a186	851ef393	andi	x7,x29,-1967	 x29:0xffffdbef  x7=0xffffd841
         920933	     45945	8000a18a	96b7a517	auipc	x10,0x96b7a	 x10=0x16b8418a
         920953	     45946	8000a18e	02f2e363	bltu	x5,x15,8000a1b4	  x5:0x80025ce4 x15:0x00000300
         920973	     45947	8000a192	01976c33	or	x24,x14,x25	 x14:0xfffff9ba x25:0xffffffff x24=0xffffffff
         920993	     45948	8000a196	418ad633	sra	x12,x21,x24	 x21:0x5be4c0a8 x24:0xffffffff x12=0x00000000
         921013	     45949	8000a19a	016c25b3	slt	x11,x24,x22	 x24:0xffffffff x22:0xdd76a18d x11=0x00000000
         922273	     46012	8000a19e	0399e6b3	rem	x13,x19,x25	 x19:0xdd768164 x25:0xffffffff x13=0x00000000
         922293	     46013	8000a1a2	0f8a	c.slli	x31,0x2	 x31:0x00000000 x31=0x00000000
         922313	     46014	8000a1a4	0000100f	fence.i	
         922533	     46025	8000a1a8	98b18d13	addi	x26,x3,-1653	  x3:0xffffffff x26=0xfffff98a
         922553	     46026	8000a1ac	34003773	csrrc	x14,mscratch,x0	  x0:0x00000000 x14=0x00000014
         923373	     46067	8000a1b0	03ee69b3	rem	x19,x28,x30	 x28:0x06346cf6 x30:0x2a157000 x19=0x06346cf6
         923393	     46068	8000a1b4	850e	c.mv	x10,x3	  x0:0x00000000  x3:0xffffffff x10=0xffffffff
         923413	     46069	8000a1b6	c809	c.beqz	x8,8000a1c8	  x8:0x9fa680a8
         923433	     46070	8000a1b8	4129d433	sra	x8,x19,x18	 x19:0x06346cf6 x18:0x80021df4  x8=0x00000063
         923453	     46071	8000a1bc	0ff0000f	fence	iorw,iorw	
         923473	     46072	8000a1c0	9f66	c.add	x30,x25	 x30:0x2a157000 x25:0xffffffff x30=0x2a156fff
         923493	     46073	8000a1c2	409401b3	sub	x3,x8,x9	  x8:0x00000063  x9:0x00000000  x3=0x00000063
         923513	     46074	8000a1c6	8849	c.andi	x8,18	  x8:0x00000063  x8=0x00000002
         923693	     46083	8000a1c8	00959733	sll	x14,x11,x9	 x11:0x00000000  x9:0x00000000 x14=0x00000000
         923773	     46087	8000a1cc	4043d993	srai	x19,x7,0x4	  x7:0xffffd841 x19=0xfffffd84
         923793	     46088	8000a1d0	401405b3	sub	x11,x8,x1	  x8:0x00000002  x1:0x00000000 x11=0x00000002
         924673	     46132	8000a1d4	033dd433	divu	x8,x27,x19	 x27:0x00000000 x19:0xfffffd84  x8=0x00000000
         924693	     46133	8000a1d8	340067f3	csrrsi	x15,mscratch,0	 x15=0x00000014
         924713	     46134	8000a1dc	008a94b3	sll	x9,x21,x8	 x21:0x5be4c0a8  x8:0x00000000  x9=0x5be4c0a8
         925453	     46171	8000a1e0	02f2f133	remu	x2,x5,x15	  x5:0x80025ce4 x15:0x00000014  x2=0x00000000
         925473	     46172	8000a1e4	47acfa93	andi	x21,x25,1146	 x25:0xffffffff x21=0x0000047a
         925493	     46173	8000a1e8	001df763	bgeu	x27,x1,8000a1f6	 x27:0x00000000  x1:0x00000000
         925593	     46178	8000a1f6	3406e173	csrrsi	x2,mscratch,13	  x2=0x00000014
         925613	     46179	8000a1fa	9a7d	c.andi	x12,-1	 x12:0x00000000 x12=0x00000000
         925633	     46180	8000a1fc	8f81	c.sub	x15,x8	 x15:0x00000014  x8:0x00000000 x15=0x00000014
         925653	     46181	8000a1fe	6179	c.addi16sp	x2,464	  x2:0x00000014  x2=0x000001e4
         925673	     46182	8000a200	01ded313	srli	x6,x29,0x1d	 x29:0xffffdbef  x6=0x00000007
         925853	     46191	8000a204	8e09	c.sub	x12,x10	 x12:0x00000000 x10:0xffffffff x12=0x00000001
         925993	     46198	8000a206	026d4f63	blt	x26,x6,8000a244	 x26:0xfffff98a  x6:0x00000007
         927313	     46264	8000a244	00b07db3	and	x27,x0,x11	  x0:0x00000000 x11:0x00000002 x27=0x00000000
         927333	     46265	8000a248	8be1	c.andi	x15,24	 x15:0x00000014 x15=0x00000010
         927413	     46269	8000a24a	0059cd63	blt	x19,x5,8000a264	 x19:0xfffffd84  x5:0x80025ce4
         927433	     46270	8000a24e	00c1edb3	or	x27,x3,x12	  x3:0x00000063 x12:0x00000001 x27=0x00000063
         927453	     46271	8000a252	1014	c.addi4spn	x13,x2,32	 x13=0x00000204
         927513	     46274	8000a254	0000100f	fence.i	
         928233	     46310	8000a258	0ff0000f	fence	iorw,iorw	
         929333	     46365	8000a25c	03c06433	rem	x8,x0,x28	  x0:0x00000000 x28:0x06346cf6  x8=0x00000000
         929353	     46366	8000a260	025589b3	mul	x19,x11,x5	 x11:0x00000002  x5:0x80025ce4 x19=0x0004b9c8
         929373	     46367	8000a264	418884b3	sub	x9,x17,x24	 x17:0x00000000 x24:0xffffffff  x9=0x00000001
         929393	     46368	8000a268	00f57b63	bgeu	x10,x15,8000a27e	 x10:0xffffffff x15:0x00000010
         929473	     46372	8000a27e	00ca	c.slli	x1,0x12	  x1:0x00000000  x1=0x00000000
         929493	     46373	8000a280	00994813	xori	x16,x18,9	 x18:0x80021df4 x16=0x80021dfd
         929513	     46374	8000a284	03331763	bne	x6,x19,8000a2b2	  x6:0x00000007 x19:0x0004b9c8
         930193	     46408	8000a2b2	0ab6	c.slli	x21,0xd	 x21:0x0000047a x21=0x008f4000
         930373	     46417	8000a2b4	037ac163	blt	x21,x23,8000a2d6	 x21:0x008f4000 x23:0x00000800
         930393	     46418	8000a2b8	70f08e93	addi	x29,x1,1807	  x1:0x00000000 x29=0x0000070f
         930553	     46426	8000a2bc	8dc9	c.or	x11,x10	 x11:0x00000002 x10:0xffffffff x11=0xffffffff
         930573	     46427	8000a2be	409fde33	sra	x28,x31,x9	 x31:0x00000000  x9:0x00000001 x28=0x00000000
         930593	     46428	8000a2c2	40c98733	sub	x14,x19,x12	 x19:0x0004b9c8 x12:0x00000001 x14=0x0004b9c7
         930693	     46433	8000a2c6	41665e93	srai	x29,x12,0x16	 x12:0x00000001 x29=0x00000000
         930753	     46436	8000a2ca	3ce52513	slti	x10,x10,974	 x10:0xffffffff x10=0x00000001
         930773	     46437	8000a2ce	44a1	c.li	x9,8	  x9=0x00000008
         930793	     46438	8000a2d0	83b1	c.srli	x15,0xc	 x15:0x00000010 x15=0x00000000
         930893	     46443	8000a2d2	da39b093	sltiu	x1,x19,-605	 x19:0x0004b9c8  x1=0x00000001
         931133	     46455	8000a2d6	2c11e893	ori	x17,x3,705	  x3:0x00000063 x17=0x000002e3
         931153	     46456	8000a2da	6edca693	slti	x13,x25,1773	 x25:0xffffffff x13=0x00000001
         931173	     46457	8000a2de	00d02733	slt	x14,x0,x13	  x0:0x00000000 x13:0x00000001 x14=0x00000001
         932293	     46513	8000a2e2	0299c433	div	x8,x19,x9	 x19:0x0004b9c8  x9:0x00000008  x8=0x00009739
         932313	     46514	8000a2e6	00806d63	bltu	x0,x8,8000a300	  x0:0x00000000  x8:0x00009739
         932413	     46519	8000a300	015c89b3	add	x19,x25,x21	 x25:0xffffffff x21:0x008f4000 x19=0x008f3fff
         933153	     46556	8000a304	027ddeb3	divu	x29,x27,x7	 x27:0x00000063  x7:0xffffd841 x29=0x00000000
         951453	     47471	8000a308	34081a73	csrrw	x20,mscratch,x16	 x16:0x80021dfd x20=0x0000001d
         952193	     47508	8000a30c	03767133	remu	x2,x12,x23	 x12:0x00000001 x23:0x00000800  x2=0x00000001
         952213	     47509	8000a310	05d3f363	bgeu	x7,x29,8000a356	  x7:0xffffd841 x29:0x00000000
         952293	     47513	8000a356	8e4d	c.or	x12,x11	 x12:0x00000001 x11:0xffffffff x12=0xffffffff
         952593	     47528	8000a358	0746	c.slli	x14,0x11	 x14:0x00000001 x14=0x00020000
         952693	     47533	8000a35a	02d0ef63	bltu	x1,x13,8000a398	  x1:0x00000001 x13:0x00000001
         953833	     47590	8000a35e	03ed6e33	rem	x28,x26,x30	 x26:0xfffff98a x30:0x2a156fff x28=0xfffff98a
         953853	     47591	8000a362	0ff0000f	fence	iorw,iorw	
         953873	     47592	8000a366	879d	c.srai	x15,0x7	 x15:0x00000000 x15=0x00000000
         953893	     47593	8000a368	19447513	andi	x10,x8,404	  x8:0x00009739 x10=0x00000110
         953913	     47594	8000a36c	34037c73	csrrci	x24,mscratch,6	 x24=0x80021dfd
         953933	     47595	8000a370	0000100f	fence.i	
         953993	     47598	8000a374	cc01	c.beqz	x8,8000a38c	  x8:0x00009739
         954013	     47599	8000a376	016c0a33	add	x20,x24,x22	 x24:0x80021dfd x22:0xdd76a18d x20=0x5d78bf8a
         954033	     47600	8000a37a	c50d	c.beqz	x10,8000a3a4	 x10:0x00000110
         954133	     47605	8000a37c	925e	c.add	x4,x23	  x4:0x00000000 x23:0x00000800  x4=0x00000800
         954153	     47606	8000a37e	34095ef3	csrrwi	x29,mscratch,18	 x29=0x80021df9
         954173	     47607	8000a382	977ef613	andi	x12,x29,-1673	 x29:0x80021df9 x12=0x80021971
         954193	     47608	8000a386	0ca2	c.slli	x25,0x8	 x25:0xffffffff x25=0xffffff00
         954373	     47617	8000a388	0191de63	bge	x3,x25,8000a3a4	  x3:0x00000063 x25:0xffffff00
         955073	     47652	8000a3a4	01fc1863	bne	x24,x31,8000a3b4	 x24:0x80021dfd x31:0x00000000
         955853	     47691	8000a3b4	ed81	c.bnez	x11,8000a3cc	 x11:0xffffffff
         956373	     47717	8000a3cc	0256a7b3	mulhsu	x15,x13,x5	 x13:0x00000001  x5:0x80025ce4 x15=0x00000000
         956393	     47718	8000a3d0	8705	c.srai	x14,0x1	 x14:0x00020000 x14=0x00010000
         956413	     47719	8000a3d2	0001	c.addi	x0,0	  x0:0x00000000  x0=0x00000000
         956573	     47727	8000a3d4	0910	c.addi4spn	x12,x2,144	 x12=0x00000091
         956593	     47728	8000a3d6	8fd5	c.or	x15,x13	 x15:0x00000000 x13:0x00000001 x15=0x00000001
         956713	     47734	8000a3d8	0ff0000f	fence	iorw,iorw	
         956733	     47735	8000a3dc	34075173	csrrwi	x2,mscratch,14	  x2=0x00000012
         956753	     47736	8000a3e0	9562	c.add	x10,x24	 x10:0x00000110 x24:0x80021dfd x10=0x80021f0d
         956773	     47737	8000a3e2	02100663	beq	x0,x1,8000a40e	  x0:0x00000000  x1:0x00000001
         956793	     47738	8000a3e6	8a7d	c.andi	x12,31	 x12:0x00000091 x12=0x00000011
         956813	     47739	8000a3e8	340023f3	csrrs	x7,mscratch,x0	  x0:0x00000000  x7=0x0000000e
         956893	     47743	8000a3ec	6451	c.lui	x8,0x14	  x8=0x00014000
         956913	     47744	8000a3ee	34011df3	csrrw	x27,mscratch,x2	  x2:0x00000012 x27=0x0000000e
         956993	     47748	8000a3f2	de9d8c13	addi	x24,x27,-535	 x27:0x0000000e x24=0xfffffdf7
         957193	     47758	8000a3f6	03d6be33	mulhu	x28,x13,x29	 x13:0x00000001 x29:0x80021df9 x28=0x00000000
         957493	     47773	8000a3fa	03bc39b3	mulhu	x19,x24,x27	 x24:0xfffffdf7 x27:0x0000000e x19=0x0000000d
         958233	     47810	8000a3fe	0285c533	div	x10,x11,x8	 x11:0xffffffff  x8:0x00014000 x10=0x00000000
         958253	     47811	8000a402	00a4e0b3	or	x1,x9,x10	  x9:0x00000008 x10:0x00000000  x1=0x00000008
         958273	     47812	8000a406	00a6d3b3	srl	x7,x13,x10	 x13:0x00000001 x10:0x00000000  x7=0x00000001
         959013	     47849	8000a40a	0327da33	divu	x20,x15,x18	 x15:0x00000001 x18:0x80021df4 x20=0x00000000
         959033	     47850	8000a40e	00c48c33	add	x24,x9,x12	  x9:0x00000008 x12:0x00000011 x24=0x00000019
         959073	     47852	8000a412	030e3e33	mulhu	x28,x28,x16	 x28:0x00000000 x16:0x80021dfd x28=0x00000000
         959093	     47853	8000a416	4176d7b3	sra	x15,x13,x23	 x13:0x00000001 x23:0x00000800 x15=0x00000001
         959113	     47854	8000a41a	7b1ea193	slti	x3,x29,1969	 x29:0x80021df9  x3=0x00000001
         959133	     47855	8000a41e	8c81	c.sub	x9,x8	  x9:0x00000008  x8:0x00014000  x9=0xfffec008
         959173	     47857	8000a420	03d53a33	mulhu	x20,x10,x29	 x10:0x00000000 x29:0x80021df9 x20=0x00000000
         959333	     47865	8000a424	a8672c93	slti	x25,x14,-1402	 x14:0x00010000 x25=0x00000000
         959353	     47866	8000a428	8f7d	c.and	x14,x15	 x14:0x00010000 x15:0x00000001 x14=0x00000000
         959373	     47867	8000a42a	408657b3	sra	x15,x12,x8	 x12:0x00000011  x8:0x00014000 x15=0x00000011
         959393	     47868	8000a42e	41c9d333	sra	x6,x19,x28	 x19:0x0000000d x28:0x00000000  x6=0x0000000d
         959413	     47869	8000a432	0001	c.addi	x0,0	  x0:0x00000000  x0=0x00000000
         959533	     47875	8000a434	0132c533	xor	x10,x5,x19	  x5:0x80025ce4 x19:0x0000000d x10=0x80025ce9
         959693	     47883	8000a438	0fe20113	addi	x2,x4,254	  x4:0x00000800  x2=0x000008fe
         959713	     47884	8000a43c	00a71333	sll	x6,x14,x10	 x14:0x00000000 x10:0x80025ce9  x6=0x00000000
         960013	     47899	8000a440	577d	c.li	x14,-1	 x14=0xffffffff
         960433	     47920	8000a442	40715813	srai	x16,x2,0x7	  x2:0x000008fe x16=0x00000011
         960453	     47921	8000a446	e095	c.bnez	x9,8000a46a	  x9:0xfffec008
         961293	     47963	8000a46a	0001	c.addi	x0,0	  x0:0x00000000  x0=0x00000000
         962173	     48007	8000a46c	0275cf33	div	x30,x11,x7	 x11:0xffffffff  x7:0x00000001 x30=0xffffffff
         962193	     48008	8000a470	01d24033	xor	x0,x4,x29	  x4:0x00000800 x29:0x80021df9  x0=0x00000000
         962213	     48009	8000a474	0001	c.addi	x0,0	  x0:0x00000000  x0=0x00000000
         962233	     48010	8000a476	6f51	c.lui	x30,0x14	 x30=0x00014000
         962253	     48011	8000a478	34002273	csrrs	x4,mscratch,x0	  x0:0x00000000  x4=0x00000012
         962273	     48012	8000a47c	01471663	bne	x14,x20,8000a488	 x14:0xffffffff x20:0x00000000
         962853	     48041	8000a488	006efb63	bgeu	x29,x6,8000a49e	 x29:0x80021df9  x6:0x00000000
         963133	     48055	8000a49e	879d	c.srai	x15,0x7	 x15:0x00000011 x15=0x00000000
         963173	     48057	8000a4a0	340069f3	csrrsi	x19,mscratch,0	 x19=0x00000012
         963293	     48063	8000a4a4	0574a013	slti	x0,x9,87	  x9:0xfffec008  x0=0x00000000
         963713	     48084	8000a4a8	ec096693	ori	x13,x18,-320	 x18:0x80021df4 x13=0xfffffff4
         964813	     48139	8000a4ac	03bfdf33	divu	x30,x31,x27	 x31:0x00000000 x27:0x0000000e x30=0x00000000
         964833	     48140	8000a4b0	03090133	mul	x2,x18,x16	 x18:0x80021df4 x16:0x00000011  x2=0x8023fd34
         964853	     48141	8000a4b4	020d	c.addi	x4,3	  x4:0x00000012  x4=0x00000015
         964873	     48142	8000a4b6	01136733	or	x14,x6,x17	  x6:0x00000000 x17:0x000002e3 x14=0x000002e3
         964893	     48143	8000a4ba	340a2473	csrrs	x8,mscratch,x20	 x20:0x00000000  x8=0x00000012
         965313	     48164	8000a4be	04d77437	lui	x8,0x4d77	  x8=0x04d77000
         965333	     48165	8000a4c2	049ec063	blt	x29,x9,8000a502	 x29:0x80021df9  x9:0xfffec008
         965513	     48174	8000a502	717d	c.addi16sp	x2,-16	  x2:0x8023fd34  x2=0x8023fd24
         965533	     48175	8000a504	93ca	c.add	x7,x18	  x7:0x00000001 x18:0x80021df4  x7=0x80021df5
         965553	     48176	8000a506	56fd	c.li	x13,-1	 x13=0xffffffff
         965953	     48196	8000a508	e29d	c.bnez	x13,8000a52e	 x13:0xffffffff
         967313	     48264	8000a52e	03f94233	div	x4,x18,x31	 x18:0x80021df4 x31:0x00000000  x4=0xffffffff
         967713	     48284	8000a532	01b45833	srl	x16,x8,x27	  x8:0x04d77000 x27:0x0000000e x16=0x0000135d
         967733	     48285	8000a536	6865	c.lui	x16,0x19	 x16=0x00019000
         967753	     48286	8000a538	00764f33	xor	x30,x12,x7	 x12:0x00000011  x7:0x80021df5 x30=0x80021de4
         967773	     48287	8000a53c	0353df63	bge	x7,x21,8000a57a	  x7:0x80021df5 x21:0x008f4000
         967793	     48288	8000a540	00a0f833	and	x16,x1,x10	  x1:0x00000008 x10:0x80025ce9 x16=0x00000008
         967893	     48293	8000a544	011d1413	slli	x8,x26,0x11	 x26:0xfffff98a  x8=0xf3140000
         968633	     48330	8000a548	0318d5b3	divu	x11,x17,x17	 x17:0x000002e3 x17:0x000002e3 x11=0x00000001
         968653	     48331	8000a54c	034688b3	mul	x17,x13,x20	 x13:0xffffffff x20:0x00000000 x17=0x00000000
         968673	     48332	8000a550	c49d	c.beqz	x9,8000a57e	  x9:0xfffec008
         968713	     48334	8000a552	020afbb3	remu	x23,x21,x0	 x21:0x008f4000  x0:0x00000000 x23=0x008f4000
         968733	     48335	8000a556	75800e93	addi	x29,x0,1880	  x0:0x00000000 x29=0x00000758
         968753	     48336	8000a55a	40345bb3	sra	x23,x8,x3	  x8:0xf3140000  x3:0x00000001 x23=0xf98a0000
         968773	     48337	8000a55e	8f05	c.sub	x14,x9	 x14:0x000002e3  x9:0xfffec008 x14=0x000142db
         969173	     48357	8000a560	030501b3	mul	x3,x10,x16	 x10:0x80025ce9 x16:0x00000008  x3=0x0012e748
         969193	     48358	8000a564	02c9c263	blt	x19,x12,8000a588	 x19:0x00000012 x12:0x00000011
         969213	     48359	8000a568	4073d533	sra	x10,x7,x7	  x7:0x80021df5  x7:0x80021df5 x10=0xfffffc00
         969233	     48360	8000a56c	02b87b63	bgeu	x16,x11,8000a5a2	 x16:0x00000008 x11:0x00000001
         969693	     48383	8000a5a2	575c6213	ori	x4,x24,1397	 x24:0x00000019  x4=0x0000057d
         969713	     48384	8000a5a6	9bfd	c.andi	x15,-1	 x15:0x00000000 x15=0x00000000
         969733	     48385	8000a5a8	8622	c.mv	x12,x8	  x0:0x00000000  x8:0xf3140000 x12=0xf3140000
         969753	     48386	8000a5aa	997d	c.andi	x10,-1	 x10:0xfffffc00 x10=0xfffffc00
         969773	     48387	8000a5ac	6139	c.addi16sp	x2,448	  x2:0x8023fd24  x2=0x8023fee4
         969873	     48392	8000a5ae	0029a0b3	slt	x1,x19,x2	 x19:0x00000012  x2:0x8023fee4  x1=0x00000000
         969893	     48393	8000a5b2	34006df3	csrrsi	x27,mscratch,0	 x27=0x00000012
         969913	     48394	8000a5b6	05126193	ori	x3,x4,81	  x4:0x0000057d  x3=0x0000057d
         969933	     48395	8000a5ba	08d5	c.addi	x17,21	 x17:0x00000000 x17=0x00000015
         969953	     48396	8000a5bc	8d55	c.or	x10,x13	 x10:0xfffffc00 x13:0xffffffff x10=0xffffffff
         970073	     48402	8000a5be	a583fd13	andi	x26,x7,-1448	  x7:0x80021df5 x26=0x80021850
         970093	     48403	8000a5c2	8726d237	lui	x4,0x8726d	  x4=0x8726d000
         970113	     48404	8000a5c6	509f2b93	slti	x23,x30,1289	 x30:0x80021de4 x23=0x00000001
         970133	     48405	8000a5ca	127d	c.addi	x4,-1	  x4:0x8726d000  x4=0x8726cfff
         970153	     48406	8000a5cc	340276f3	csrrci	x13,mscratch,4	 x13=0x00000012
         970553	     48426	8000a5d0	853d	c.srai	x10,0xf	 x10:0xffffffff x10=0xffffffff
         971293	     48463	8000a5d2	035276b3	remu	x13,x4,x21	  x4:0x8726cfff x21:0x008f4000 x13=0x004b8fff
         971313	     48464	8000a5d6	01d29d63	bne	x5,x29,8000a5f0	  x5:0x80025ce4 x29:0x00000758
         971433	     48470	8000a5f0	01a305b3	add	x11,x6,x26	  x6:0x00000000 x26:0x80021850 x11=0x80021850
         971453	     48471	8000a5f4	01978833	add	x16,x15,x25	 x15:0x00000000 x25:0x00000000 x16=0x00000000
         971713	     48484	8000a5f8	017e6663	bltu	x28,x23,8000a604	 x28:0x00000000 x23:0x00000001
         972053	     48501	8000a604	02045db3	divu	x27,x8,x0	  x8:0xf3140000  x0:0x00000000 x27=0xffffffff
         972653	     48531	8000a608	8c25	c.xor	x8,x9	  x8:0xf3140000  x9:0xfffec008  x8=0x0ceac008
         972673	     48532	8000a60a	00034763	blt	x6,x0,8000a618	  x6:0x00000000  x0:0x00000000
         973093	     48553	8000a60e	018a0633	add	x12,x20,x24	 x20:0x00000000 x24:0x00000019 x12=0x00000019
         973113	     48554	8000a612	8c31	c.xor	x8,x12	  x8:0x0ceac008 x12:0x00000019  x8=0x0ceac011
         973513	     48574	8000a614	01f2edb3	or	x27,x5,x31	  x5:0x80025ce4 x31:0x00000000 x27=0x80025ce4
         973533	     48575	8000a618	34007473	csrrci	x8,mscratch,0	  x8=0x00000012
         973593	     48578	8000a61c	6eb1	c.lui	x29,0xc	 x29=0x0000c000
         973613	     48579	8000a61e	949e	c.add	x9,x7	  x9:0xfffec008  x7:0x80021df5  x9=0x8000ddfd
         973653	     48581	8000a620	02105cb3	divu	x25,x0,x1	  x0:0x00000000  x1:0x00000000 x25=0xffffffff
         973713	     48584	8000a624	6c6b7413	andi	x8,x22,1734	 x22:0xdd76a18d  x8=0x00000084
         974253	     48611	8000a628	01eb4033	xor	x0,x22,x30	 x22:0xdd76a18d x30:0x80021de4  x0=0x00000000
         974273	     48612	8000a62c	717d	c.addi16sp	x2,-16	  x2:0x8023fee4  x2=0x8023fed4
         974293	     48613	8000a62e	8cd1	c.or	x9,x12	  x9:0x8000ddfd x12:0x00000019  x9=0x8000ddfd
         974553	     48626	8000a630	6171	c.addi16sp	x2,336	  x2:0x8023fed4  x2=0x80240024
         974593	     48628	8000a632	0253afb3	mulhsu	x31,x7,x5	  x7:0x80021df5  x5:0x80025ce4 x31=0xbfffe08d
         974613	     48629	8000a636	01014233	xor	x4,x2,x16	  x2:0x80240024 x16:0x00000000  x4=0x80240024
         974693	     48633	8000a63a	00145533	srl	x10,x8,x1	  x8:0x00000084  x1:0x00000000 x10=0x00000084
         974713	     48634	8000a63e	8dad	c.xor	x11,x11	 x11:0x80021850 x11:0x80021850 x11=0x00000000
         974733	     48635	8000a640	0255e163	bltu	x11,x5,8000a662	 x11:0x00000000  x5:0x80025ce4
         975613	     48679	8000a662	413ad213	srai	x4,x21,0x13	 x21:0x008f4000  x4=0x00000011
         975733	     48685	8000a666	340b9ef3	csrrw	x29,mscratch,x23	 x23:0x00000001 x29=0x00000012
         975913	     48694	8000a66a	340cd3f3	csrrwi	x7,mscratch,25	  x7=0x00000001
         975933	     48695	8000a66e	0ff0000f	fence	iorw,iorw	
         975953	     48696	8000a672	1c88	c.addi4spn	x10,x2,624	 x10=0x80240294
         975973	     48697	8000a674	9ec2	c.add	x29,x16	 x29:0x00000012 x16:0x00000000 x29=0x00000012
         976153	     48706	8000a676	0ff0000f	fence	iorw,iorw	
         976173	     48707	8000a67a	0144c333	xor	x6,x9,x20	  x9:0x8000ddfd x20:0x00000000  x6=0x8000ddfd
         976193	     48708	8000a67e	000876b3	and	x13,x16,x0	 x16:0x00000000  x0:0x00000000 x13=0x00000000
         976213	     48709	8000a682	001ef7b3	and	x15,x29,x1	 x29:0x00000012  x1:0x00000000 x15=0x00000000
         976633	     48730	8000a686	553f37b7	lui	x15,0x553f3	 x15=0x553f3000
         976753	     48736	8000a68a	010f7a33	and	x20,x30,x16	 x30:0x80021de4 x16:0x00000000 x20=0x00000000
         976773	     48737	8000a68e	a3f5b713	sltiu	x14,x11,-1473	 x11:0x00000000 x14=0x00000001
         976793	     48738	8000a692	6409	c.lui	x8,0x2	  x8=0x00002000
         976913	     48744	8000a694	030d0d33	mul	x26,x26,x16	 x26:0x80021850 x16:0x00000000 x26=0x00000000
         977053	     48751	8000a698	34003bf3	csrrc	x23,mscratch,x0	  x0:0x00000000 x23=0x00000019
         977073	     48752	8000a69c	00725a33	srl	x20,x4,x7	  x4:0x00000011  x7:0x00000001 x20=0x00000008
         977093	     48753	8000a6a0	006be9b3	or	x19,x23,x6	 x23:0x00000019  x6:0x8000ddfd x19=0x8000ddfd
         977133	     48755	8000a6a4	42133993	sltiu	x19,x6,1057	  x6:0x8000ddfd x19=0x00000000
         977553	     48776	8000a6a8	41f250b3	sra	x1,x4,x31	  x4:0x00000011 x31:0xbfffe08d  x1=0x00000000
         977693	     48783	8000a6ac	009924b3	slt	x9,x18,x9	 x18:0x80021df4  x9:0x8000ddfd  x9=0x00000000
         977713	     48784	8000a6b0	cb15	c.beqz	x14,8000a6e4	 x14:0x00000001
         977733	     48785	8000a6b2	0001	c.addi	x0,0	  x0:0x00000000  x0=0x00000000
         977873	     48792	8000a6b4	e499	c.bnez	x9,8000a6c2	  x9:0x00000000
         977893	     48793	8000a6b6	99ae	c.add	x19,x11	 x19:0x00000000 x11:0x00000000 x19=0x00000000
         977913	     48794	8000a6b8	128c	c.addi4spn	x11,x2,352	 x11=0x80240184
         977933	     48795	8000a6ba	8d89	c.sub	x11,x10	 x11:0x80240184 x10:0x80240294 x11=0xfffffef0
         977953	     48796	8000a6bc	e819	c.bnez	x8,8000a6d2	  x8:0x00002000
         978893	     48843	8000a6d2	34033af3	csrrc	x21,mscratch,x6	  x6:0x8000ddfd x21=0x00000019
         978913	     48844	8000a6d6	1bfd	c.addi	x23,-1	 x23:0x00000019 x23=0x00000018
         978933	     48845	8000a6d8	0001	c.addi	x0,0	  x0:0x00000000  x0=0x00000000
         979133	     48855	8000a6da	19798217	auipc	x4,0x19798	  x4=0x997a26da
         979153	     48856	8000a6de	d9344bb7	lui	x23,0xd9344	 x23=0xd9344000
         979173	     48857	8000a6e2	84e9	c.srai	x9,0x1a	  x9:0x00000000  x9=0x00000000
         979213	     48859	8000a6e4	033c1433	mulh	x8,x24,x19	 x24:0x00000019 x19:0x00000000  x8=0x00000000
         979233	     48860	8000a6e8	8f5d	c.or	x14,x15	 x14:0x00000001 x15:0x553f3000 x14=0x553f3001
         979253	     48861	8000a6ea	0f65	c.addi	x30,25	 x30:0x80021de4 x30=0x80021dfd
         979613	     48879	8000a6ec	34006a73	csrrsi	x20,mscratch,0	 x20=0x00000000
         979633	     48880	8000a6f0	0001	c.addi	x0,0	  x0:0x00000000  x0=0x00000000
         980053	     48901	8000a6f2	00548f33	add	x30,x9,x5	  x9:0x00000000  x5:0x80025ce4 x30=0x80025ce4
         980253	     48911	8000a6f6	00829793	slli	x15,x5,0x8	  x5:0x80025ce4 x15=0x025ce400
         980273	     48912	8000a6fa	e6ba2013	slti	x0,x20,-405	 x20:0x00000000  x0=0x00000000
         980473	     48922	8000a6fe	340a66f3	csrrsi	x13,mscratch,20	 x13=0x00000000
         980573	     48927	8000a702	34003ff3	csrrc	x31,mscratch,x0	  x0:0x00000000 x31=0x00000014
         980753	     48936	8000a706	00da7233	and	x4,x20,x13	 x20:0x00000000 x13:0x00000000  x4=0x00000000
         980933	     48945	8000a70a	34006e73	csrrsi	x28,mscratch,0	 x28=0x00000014
         981173	     48957	8000a70e	00db6f63	bltu	x22,x13,8000a72c	 x22:0xdd76a18d x13:0x00000000
         981193	     48958	8000a712	6435	c.lui	x8,0xd	  x8=0x0000d000
         981593	     48978	8000a714	0001	c.addi	x0,0	  x0:0x00000000  x0=0x00000000
         981953	     48996	8000a716	4068d033	sra	x0,x17,x6	 x17:0x00000015  x6:0x8000ddfd  x0=0x00000000
         981973	     48997	8000a71a	8cb9	c.xor	x9,x14	  x9:0x00000000 x14:0x553f3001  x9=0x553f3001
         982373	     49017	8000a71c	0062ee63	bltu	x5,x6,8000a738	  x5:0x80025ce4  x6:0x8000ddfd
         982393	     49018	8000a720	ff88ac37	lui	x24,0xff88a	 x24=0xff88a000
         982413	     49019	8000a724	00128663	beq	x5,x1,8000a730	  x5:0x80025ce4  x1:0x00000000
         982533	     49025	8000a728	40710cb3	sub	x25,x2,x7	  x2:0x80240024  x7:0x00000001 x25=0x80240023
         982553	     49026	8000a72c	34001373	csrrw	x6,mscratch,x0	  x0:0x00000000  x6=0x00000014
         982973	     49047	8000a730	01c8c663	blt	x17,x28,8000a73c	 x17:0x00000015 x28:0x00000014
         983393	     49068	8000a734	03ab8cb3	mul	x25,x23,x26	 x23:0xd9344000 x26:0x00000000 x25=0x00000000
         983813	     49089	8000a738	94958693	addi	x13,x11,-1719	 x11:0xfffffef0 x13=0xfffff839
         983833	     49090	8000a73c	3406ddf3	csrrwi	x27,mscratch,13	 x27=0x00000000
         983853	     49091	8000a740	6517af93	slti	x31,x15,1617	 x15:0x025ce400 x31=0x00000000
         984273	     49112	8000a744	816d	c.srli	x10,0x1b	 x10:0x80240294 x10=0x00000010
         984293	     49113	8000a746	340033f3	csrrc	x7,mscratch,x0	  x0:0x00000000  x7=0x0000000d
         984313	     49114	8000a74a	8e4d	c.or	x12,x11	 x12:0x00000019 x11:0xfffffef0 x12=0xfffffef9
         984713	     49134	8000a74c	c581	c.beqz	x11,8000a754	 x11:0xfffffef0
         984753	     49136	8000a74e	417f55b3	sra	x11,x30,x23	 x30:0x80025ce4 x23:0xd9344000 x11=0x80025ce4
         984773	     49137	8000a752	8cdd	c.or	x9,x15	  x9:0x553f3001 x15:0x025ce400  x9=0x577ff401
         985513	     49174	8000a754	031e4fb3	div	x31,x28,x17	 x28:0x00000014 x17:0x00000015 x31=0x00000000
         985533	     49175	8000a758	340daff3	csrrs	x31,mscratch,x27	 x27:0x00000000 x31=0x0000000d
         985553	     49176	8000a75c	4c5d	c.li	x24,23	 x24=0x00000017
         985573	     49177	8000a75e	ea11	c.bnez	x12,8000a772	 x12:0xfffffef9
         986313	     49214	8000a772	34003a73	csrrc	x20,mscratch,x0	  x0:0x00000000 x20=0x0000000d
         986333	     49215	8000a776	bfd97397	auipc	x7,0xbfd97	  x7=0x3fda1776
         986353	     49216	8000a77a	88c6	c.mv	x17,x17	  x0:0x00000000 x17:0x00000015 x17=0x00000015
         986453	     49221	8000a77c	029cb633	mulhu	x12,x25,x9	 x25:0x00000000  x9:0x577ff401 x12=0x00000000
         987193	     49258	8000a780	03e5ff33	remu	x30,x11,x30	 x11:0x80025ce4 x30:0x80025ce4 x30=0x00000000
         987213	     49259	8000a784	8ee5	c.and	x13,x9	 x13:0xfffff839  x9:0x577ff401 x13=0x577ff001
         987233	     49260	8000a786	0001	c.addi	x0,0	  x0:0x00000000  x0=0x00000000
         987253	     49261	8000a788	340db4f3	csrrc	x9,mscratch,x27	 x27:0x00000000  x9=0x0000000d
         987273	     49262	8000a78c	014320b3	slt	x1,x6,x20	  x6:0x00000014 x20:0x0000000d  x1=0x00000000
         987293	     49263	8000a790	93cc7893	andi	x17,x24,-1732	 x24:0x00000017 x17=0x00000014
         987313	     49264	8000a794	84232a13	slti	x20,x6,-1982	  x6:0x00000014 x20=0x00000000
         987753	     49286	8000a798	036ca633	mulhsu	x12,x25,x22	 x25:0x00000000 x22:0xdd76a18d x12=0x00000000
         987773	     49287	8000a79c	0230e463	bltu	x1,x3,8000a7c4	  x1:0x00000000  x3:0x0000057d
         988433	     49320	8000a7c4	06faf463	bgeu	x21,x15,8000a82c	 x21:0x00000019 x15:0x025ce400
        1020773	     50937	8000a7c8	0036dbb3	srl	x23,x13,x3	 x13:0x577ff001  x3:0x0000057d x23=0x00000002
        1020793	     50938	8000a7cc	00e5	c.addi	x1,25	  x1:0x00000000  x1=0x00000019
        1020813	     50939	8000a7ce	00ecca33	xor	x20,x25,x14	 x25:0x00000000 x14:0x553f3001 x20=0x553f3001
        1020833	     50940	8000a7d2	d3c4c8b7	lui	x17,0xd3c4c	 x17=0xd3c4c000
        1020853	     50941	8000a7d6	0000100f	fence.i	
        1021193	     50958	8000a7da	340fe0f3	csrrsi	x1,mscratch,31	  x1=0x0000000d
        1021453	     50971	8000a7de	45ce2793	slti	x15,x28,1116	 x28:0x00000014 x15=0x00000001
        1021473	     50972	8000a7e2	04b1d763	bge	x3,x11,8000a830	  x3:0x0000057d x11:0x80025ce4
        1022573	     51027	8000a830	8285	c.srli	x13,0x1	 x13:0x577ff001 x13=0x2bbff800
        1022613	     51029	8000a832	02f135b3	mulhu	x11,x2,x15	  x2:0x80240024 x15:0x00000001 x11=0x00000000
        1022633	     51030	8000a836	9cda	c.add	x25,x22	 x25:0x00000000 x22:0xdd76a18d x25=0xdd76a18d
        1022653	     51031	8000a838	00365b63	bge	x12,x3,8000a84e	 x12:0x00000000  x3:0x0000057d
        1022673	     51032	8000a83c	34002473	csrrs	x8,mscratch,x0	  x0:0x00000000  x8=0x0000001f
        1022693	     51033	8000a840	029d87b3	mul	x15,x27,x9	 x27:0x00000000  x9:0x0000000d x15=0x00000000
        1022853	     51041	8000a844	029a2db3	mulhsu	x27,x20,x9	 x20:0x553f3001  x9:0x0000000d x27=0x00000004
        1022873	     51042	8000a848	1ffd	c.addi	x31,-1	 x31:0x0000000d x31=0x0000000c
        1023033	     51050	8000a84a	0352c163	blt	x5,x21,8000a86c	  x5:0x80025ce4 x21:0x00000019
        1023313	     51064	8000a86c	01845f13	srli	x30,x8,0x18	  x8:0x0000001f x30=0x00000000
        1023333	     51065	8000a870	34007af3	csrrci	x21,mscratch,0	 x21=0x0000001f
        1024073	     51102	8000a874	0273ccb3	div	x25,x7,x7	  x7:0x3fda1776  x7:0x3fda1776 x25=0x00000001
        1024093	     51103	8000a878	14803893	sltiu	x17,x0,328	  x0:0x00000000 x17=0x00000001
        1024113	     51104	8000a87c	69b9	c.lui	x19,0xe	 x19=0x0000e000
        1024133	     51105	8000a87e	0ff0000f	fence	iorw,iorw	
        1024153	     51106	8000a882	05a6	c.slli	x11,0x9	 x11:0x00000000 x11=0x00000000
        1024513	     51124	8000a884	005d6f63	bltu	x26,x5,8000a8a2	 x26:0x00000000  x5:0x80025ce4
        1024673	     51132	8000a8a2	1b94	c.addi4spn	x13,x2,496	 x13=0x80240214
        1024853	     51141	8000a8a4	024b0a63	beq	x22,x4,8000a8d8	 x22:0xdd76a18d  x4:0x00000000
        1024873	     51142	8000a8a8	03a88eb3	mul	x29,x17,x26	 x17:0x00000001 x26:0x00000000 x29=0x00000000
        1025053	     51151	8000a8ac	0b88	c.addi4spn	x10,x2,464	 x10=0x802401f4
        1025793	     51188	8000a8ae	02e7de33	divu	x28,x15,x14	 x15:0x00000000 x14:0x553f3001 x28=0x00000000
        1025813	     51189	8000a8b2	0000100f	fence.i	
        1025913	     51194	8000a8b6	4a3c3413	sltiu	x8,x24,1187	 x24:0x00000017  x8=0x00000001
        1026333	     51215	8000a8ba	01f76c33	or	x24,x14,x31	 x14:0x553f3001 x31:0x0000000c x24=0x553f300d
        1026553	     51226	8000a8be	40475233	sra	x4,x14,x4	 x14:0x553f3001  x4:0x00000000  x4=0x553f3001
        1027293	     51263	8000a8c2	0240ccb3	div	x25,x1,x4	  x1:0x0000000d  x4:0x553f3001 x25=0x00000000
        1027313	     51264	8000a8c6	0001	c.addi	x0,0	  x0:0x00000000  x0=0x00000000
        1027333	     51265	8000a8c8	8ee1	c.and	x13,x8	 x13:0x80240214  x8:0x00000001 x13=0x00000000
        1027353	     51266	8000a8ca	e8ad4993	xori	x19,x26,-374	 x26:0x00000000 x19=0xfffffe8a
        1027373	     51267	8000a8ce	8bd5	c.andi	x15,21	 x15:0x00000000 x15=0x00000000
        1027393	     51268	8000a8d0	000d0533	add	x10,x26,x0	 x26:0x00000000  x0:0x00000000 x10=0x00000000
        1027413	     51269	8000a8d4	e2587393	andi	x7,x16,-475	 x16:0x00000000  x7=0x00000000
        1027433	     51270	8000a8d8	41638133	sub	x2,x7,x22	  x7:0x00000000 x22:0xdd76a18d  x2=0x22895e73
        1027453	     51271	8000a8dc	340975f3	csrrci	x11,mscratch,18	 x11=0x0000001f
        1027473	     51272	8000a8e0	8619	c.srai	x12,0x6	 x12:0x00000000 x12=0x00000000
        1027913	     51294	8000a8e2	340f7073	csrrci	x0,mscratch,30	  x0=0x00000000
        1028073	     51302	8000a8e6	00d333b3	sltu	x7,x6,x13	  x6:0x00000014 x13:0x00000000  x7=0x00000000
        1028093	     51303	8000a8ea	0001	c.addi	x0,0	  x0:0x00000000  x0=0x00000000
        1028113	     51304	8000a8ec	8b45	c.andi	x14,17	 x14:0x553f3001 x14=0x00000001
        1028133	     51305	8000a8ee	95013897	auipc	x17,0x95013	 x17=0x1501d8ee
        1028153	     51306	8000a8f2	01789ab3	sll	x21,x17,x23	 x17:0x1501d8ee x23:0x00000002 x21=0x540763b8
        1028233	     51310	8000a8f6	0064fe63	bgeu	x9,x6,8000a912	  x9:0x0000000d  x6:0x00000014
        1028253	     51311	8000a8fa	00f9b5b3	sltu	x11,x19,x15	 x19:0xfffffe8a x15:0x00000000 x11=0x00000000
        1028373	     51317	8000a8fe	40eed893	srai	x17,x29,0xe	 x29:0x00000000 x17=0x00000000
        1028493	     51323	8000a902	34002173	csrrs	x2,mscratch,x0	  x0:0x00000000  x2=0x00000001
        1028513	     51324	8000a906	96aa	c.add	x13,x10	 x13:0x00000000 x10:0x00000000 x13=0x00000000
        1028533	     51325	8000a908	69e9	c.lui	x19,0x1a	 x19=0x0001a000
        1028893	     51343	8000a90a	4dc1e693	ori	x13,x3,1244	  x3:0x0000057d x13=0x000005fd
        1028913	     51344	8000a90e	0001	c.addi	x0,0	  x0:0x00000000  x0=0x00000000
        1029133	     51355	8000a910	1afd	c.addi	x21,-1	 x21:0x540763b8 x21=0x540763b7
        1029153	     51356	8000a912	01e7d693	srli	x13,x15,0x1e	 x15:0x00000000 x13=0x00000000
        1029173	     51357	8000a916	011f9733	sll	x14,x31,x17	 x31:0x0000000c x17:0x00000000 x14=0x0000000c
        1029213	     51359	8000a91a	03d45e33	divu	x28,x8,x29	  x8:0x00000001 x29:0x00000000 x28=0xffffffff
        1029953	     51396	8000a91e	0254ecb3	rem	x25,x9,x5	  x9:0x0000000d  x5:0x80025ce4 x25=0x0000000d
        1029973	     51397	8000a922	857a	c.mv	x10,x30	  x0:0x00000000 x30:0x00000000 x10=0x00000000
        1029993	     51398	8000a924	408a5f33	sra	x30,x20,x8	 x20:0x553f3001  x8:0x00000001 x30=0x2a9f9800
        1030013	     51399	8000a928	8ee1	c.and	x13,x8	 x13:0x00000000  x8:0x00000001 x13=0x00000000
        1030033	     51400	8000a92a	34002a73	csrrs	x20,mscratch,x0	  x0:0x00000000 x20=0x00000001
        1030773	     51437	8000a92e	03687f33	remu	x30,x16,x22	 x16:0x00000000 x22:0xdd76a18d x30=0x00000000
        1030793	     51438	8000a932	2f363493	sltiu	x9,x12,755	 x12:0x00000000  x9=0x00000001
        1030813	     51439	8000a936	1bfd	c.addi	x23,-1	 x23:0x00000002 x23=0x00000001
        1030853	     51441	8000a938	02f6c333	div	x6,x13,x15	 x13:0x00000000 x15:0x00000000  x6=0xffffffff
        1030873	     51442	8000a93c	0011ee33	or	x28,x3,x1	  x3:0x0000057d  x1:0x0000000d x28=0x0000057d
        1030893	     51443	8000a940	59c1ad93	slti	x27,x3,1436	  x3:0x0000057d x27=0x00000001
        1030913	     51444	8000a944	031dc263	blt	x27,x17,8000a968	 x27:0x00000001 x17:0x00000000
        1030933	     51445	8000a948	710c2413	slti	x8,x24,1808	 x24:0x553f300d  x8=0x00000000
        1030973	     51447	8000a94c	02aa9ab3	mulh	x21,x21,x10	 x21:0x540763b7 x10:0x00000000 x21=0x00000000
        1030993	     51448	8000a950	0000100f	fence.i	
        1031533	     51475	8000a954	02040133	mul	x2,x8,x0	  x8:0x00000000  x0:0x00000000  x2=0x00000000
        1031553	     51476	8000a958	048f0063	beq	x30,x8,8000a998	 x30:0x00000000  x8:0x00000000
        1031753	     51486	8000a998	94a6	c.add	x9,x9	  x9:0x00000001  x9:0x00000001  x9=0x00000002
        1031773	     51487	8000a99a	0da2	c.slli	x27,0x8	 x27:0x00000001 x27=0x00000100
        1031793	     51488	8000a99c	3ac6c393	xori	x7,x13,940	 x13:0x00000000  x7=0x000003ac
        1031973	     51497	8000a9a0	8d39	c.xor	x10,x14	 x10:0x00000000 x14:0x0000000c x10=0x0000000c
        1032153	     51506	8000a9a2	40a65793	srai	x15,x12,0xa	 x12:0x00000000 x15=0x00000000
        1032173	     51507	8000a9a6	021c0833	mul	x16,x24,x1	 x24:0x553f300d  x1:0x0000000d x16=0x543570a9
        1032193	     51508	8000a9aa	4166deb3	sra	x29,x13,x22	 x13:0x00000000 x22:0xdd76a18d x29=0x00000000
        1032213	     51509	8000a9ae	897d	c.andi	x10,31	 x10:0x0000000c x10=0x0000000c
        1032953	     51546	8000a9b0	03796ab3	rem	x21,x18,x23	 x18:0x80021df4 x23:0x00000001 x21=0x00000000
        1032973	     51547	8000a9b4	0001	c.addi	x0,0	  x0:0x00000000  x0=0x00000000
        1032993	     51548	8000a9b6	019d5d63	bge	x26,x25,8000a9d0	 x26:0x00000000 x25:0x0000000d
        1033033	     51550	8000a9ba	036b9333	mulh	x6,x23,x22	 x23:0x00000001 x22:0xdd76a18d  x6=0xffffffff
        1033053	     51551	8000a9be	c501	c.beqz	x10,8000a9c6	 x10:0x0000000c
        1033073	     51552	8000a9c0	88fe	c.mv	x17,x31	  x0:0x00000000 x31:0x0000000c x17=0x0000000c
        1033093	     51553	8000a9c2	00714663	blt	x2,x7,8000a9ce	  x2:0x00000000  x7:0x000003ac
        1033613	     51579	8000a9ce	0446	c.slli	x8,0x11	  x8:0x00000000  x8=0x00000000
        1033673	     51582	8000a9d0	8c25	c.xor	x8,x9	  x8:0x00000000  x9:0x00000002  x8=0x00000002
        1033693	     51583	8000a9d2	8e06	c.mv	x28,x1	  x0:0x00000000  x1:0x0000000d x28=0x0000000d
        1033713	     51584	8000a9d4	41fe51b3	sra	x3,x28,x31	 x28:0x0000000d x31:0x0000000c  x3=0x00000000
        1034113	     51604	8000a9d8	717d	c.addi16sp	x2,-16	  x2:0x00000000  x2=0xfffffff0
        1034133	     51605	8000a9da	01338b63	beq	x7,x19,8000a9f0	  x7:0x000003ac x19:0x0001a000
        1034293	     51613	8000a9de	c3c7e493	ori	x9,x15,-964	 x15:0x00000000  x9=0xfffffc3c
        1034313	     51614	8000a9e2	006d5b63	bge	x26,x6,8000a9f8	 x26:0x00000000  x6:0xffffffff
        1034493	     51623	8000a9f8	34003d73	csrrc	x26,mscratch,x0	  x0:0x00000000 x26=0x00000001
        1035313	     51664	8000a9fc	02e477b3	remu	x15,x8,x14	  x8:0x00000002 x14:0x0000000c x15=0x00000002
        1035333	     51665	8000aa00	6169	c.addi16sp	x2,208	  x2:0xfffffff0  x2=0x000000c0
        1035353	     51666	8000aa02	00ad1513	slli	x10,x26,0xa	 x26:0x00000001 x10=0x00000400
        1035373	     51667	8000aa06	0ff0000f	fence	iorw,iorw	
        1035393	     51668	8000aa0a	0eee	c.slli	x29,0x1b	 x29:0x00000000 x29=0x00000000
        1035413	     51669	8000aa0c	8e15	c.sub	x12,x13	 x12:0x00000000 x13:0x00000000 x12=0x00000000
        1035453	     51671	8000aa0e	025836b3	mulhu	x13,x16,x5	 x16:0x543570a9  x5:0x80025ce4 x13=0x2a1b7f4d
        1035473	     51672	8000aa12	ed9ae3b7	lui	x7,0xed9ae	  x7=0xed9ae000
        1035493	     51673	8000aa16	34051473	csrrw	x8,mscratch,x10	 x10:0x00000400  x8=0x00000001
        1035693	     51683	8000aa1a	01287563	bgeu	x16,x18,8000aa24	 x16:0x543570a9 x18:0x80021df4
        1035713	     51684	8000aa1e	8d4d	c.or	x10,x11	 x10:0x00000400 x11:0x00000000 x10=0x00000400
        1035733	     51685	8000aa20	40eed4b3	sra	x9,x29,x14	 x29:0x00000000 x14:0x0000000c  x9=0x00000000
        1035753	     51686	8000aa24	004e5cb3	srl	x25,x28,x4	 x28:0x0000000d  x4:0x553f3001 x25=0x00000006
        1035773	     51687	8000aa28	00f98e33	add	x28,x19,x15	 x19:0x0001a000 x15:0x00000002 x28=0x0001a002
        1036193	     51708	8000aa2c	002c2733	slt	x14,x24,x2	 x24:0x553f300d  x2:0x000000c0 x14=0x00000000
        1036213	     51709	8000aa30	01923a33	sltu	x20,x4,x25	  x4:0x553f3001 x25:0x00000006 x20=0x00000000
        1036233	     51710	8000aa34	d189cc13	xori	x24,x19,-744	 x19:0x0001a000 x24=0xfffe5d18
        1036653	     51731	8000aa38	215f2f13	slti	x30,x30,533	 x30:0x00000000 x30=0x00000001
        1036673	     51732	8000aa3c	89c9	c.andi	x11,18	 x11:0x00000000 x11=0x00000000
        1036693	     51733	8000aa3e	9a7d	c.andi	x12,-1	 x12:0x00000000 x12=0x00000000
        1036713	     51734	8000aa40	00ac1733	sll	x14,x24,x10	 x24:0xfffe5d18 x10:0x00000400 x14=0xfffe5d18
        1036733	     51735	8000aa44	721cae13	slti	x28,x25,1825	 x25:0x00000006 x28=0x00000001
        1036753	     51736	8000aa48	340b5e73	csrrwi	x28,mscratch,22	 x28=0x00000400
        1036773	     51737	8000aa4c	008fd1b3	srl	x3,x31,x8	 x31:0x0000000c  x8:0x00000001  x3=0x00000006
        1036993	     51748	8000aa50	0a66	c.slli	x20,0x19	 x20:0x00000000 x20=0x00000000
        1037013	     51749	8000aa52	4057deb3	sra	x29,x15,x5	 x15:0x00000002  x5:0x80025ce4 x29=0x00000000
        1037033	     51750	8000aa56	340027f3	csrrs	x15,mscratch,x0	  x0:0x00000000 x15=0x00000016
        1037053	     51751	8000aa5a	8622	c.mv	x12,x8	  x0:0x00000000  x8:0x00000001 x12=0x00000001
        1037093	     51753	8000aa5c	412181b3	sub	x3,x3,x18	  x3:0x00000006 x18:0x80021df4  x3=0x7ffde212
        1037113	     51754	8000aa60	90f6	c.add	x1,x29	  x1:0x0000000d x29:0x00000000  x1=0x0000000d
        1037873	     51792	8000aa62	02a875b3	remu	x11,x16,x10	 x16:0x543570a9 x10:0x00000400 x11=0x000000a9
        1037913	     51794	8000aa66	0202b0b3	mulhu	x1,x5,x0	  x5:0x80025ce4  x0:0x00000000  x1=0x00000000
        1037933	     51795	8000aa6a	6d13cf13	xori	x30,x7,1745	  x7:0xed9ae000 x30=0xed9ae6d1
        1037953	     51796	8000aa6e	00d1dfb3	srl	x31,x3,x13	  x3:0x7ffde212 x13:0x2a1b7f4d x31=0x0003ffef
        1037973	     51797	8000aa72	05c74163	blt	x14,x28,8000aab4	 x14:0xfffe5d18 x28:0x00000400
        1038613	     51829	8000aab4	03ef9fb3	mulh	x31,x31,x30	 x31:0x0003ffef x30:0xed9ae6d1 x31=0xffffb66c
        1039433	     51870	8000aab8	340396f3	csrrw	x13,mscratch,x7	  x7:0xed9ae000 x13=0x00000016
        1039473	     51872	8000aabc	02dc2c33	mulhsu	x24,x24,x13	 x24:0xfffe5d18 x13:0x00000016 x24=0xffffffff
        1039493	     51873	8000aac0	012066b3	or	x13,x0,x18	  x0:0x00000000 x18:0x80021df4 x13=0x80021df4
        1039513	     51874	8000aac4	401ad893	srai	x17,x21,0x1	 x21:0x00000000 x17=0x00000000
        1039913	     51894	8000aac8	8ec5	c.or	x13,x9	 x13:0x80021df4  x9:0x00000000 x13=0x80021df4
        1040093	     51903	8000aaca	00d62d33	slt	x26,x12,x13	 x12:0x00000001 x13:0x80021df4 x26=0x00000000
        1040193	     51908	8000aace	ef07a9b7	lui	x19,0xef07a	 x19=0xef07a000
        1040313	     51914	8000aad2	ed4bfc93	andi	x25,x23,-300	 x23:0x00000001 x25=0x00000000
        1040333	     51915	8000aad6	8f19	c.sub	x14,x14	 x14:0xfffe5d18 x14:0xfffe5d18 x14=0x00000000
        1040473	     51922	8000aad8	0885	c.addi	x17,1	 x17:0x00000000 x17=0x00000001
        1040493	     51923	8000aada	34003af3	csrrc	x21,mscratch,x0	  x0:0x00000000 x21=0xed9ae000
        1040533	     51925	8000aade	054c8463	beq	x25,x20,8000ab26	 x25:0x00000000 x20:0x00000000
        1041753	     51986	8000ab26	8e99	c.sub	x13,x14	 x13:0x80021df4 x14:0x00000000 x13=0x80021df4
        1042653	     52031	8000ab28	02c4f3b3	remu	x7,x9,x12	  x9:0x00000000 x12:0x00000001  x7=0x00000000
        1042673	     52032	8000ab2c	000a9f13	slli	x30,x21,0x0	 x21:0xed9ae000 x30=0xed9ae000
        1042693	     52033	8000ab30	400f0d33	sub	x26,x30,x0	 x30:0xed9ae000  x0:0x00000000 x26=0xed9ae000
        1042713	     52034	8000ab34	8bf5	c.andi	x15,29	 x15:0x00000016 x15=0x00000014
        1042733	     52035	8000ab36	8a71	c.andi	x12,28	 x12:0x00000001 x12=0x00000000
        1042753	     52036	8000ab38	8695	c.srai	x13,0x5	 x13:0x80021df4 x13=0xfc0010ef
        1042773	     52037	8000ab3a	892d	c.andi	x10,11	 x10:0x00000400 x10=0x00000000
        1042793	     52038	8000ab3c	4f342093	slti	x1,x8,1267	  x8:0x00000001  x1=0x00000001
        1043633	     52080	8000ab40	03a2d233	divu	x4,x5,x26	  x5:0x80025ce4 x26:0xed9ae000  x4=0x00000000
        1043653	     52081	8000ab44	00cf1393	slli	x7,x30,0xc	 x30:0xed9ae000  x7=0xae000000
        1044393	     52118	8000ab48	03abd6b3	divu	x13,x23,x26	 x23:0x00000001 x26:0xed9ae000 x13=0x00000000
        1044433	     52120	8000ab4c	02d39eb3	mulh	x29,x7,x13	  x7:0xae000000 x13:0x00000000 x29=0x00000000
        1044453	     52121	8000ab50	3402f4f3	csrrci	x9,mscratch,5	  x9=0xed9ae000
        1044473	     52122	8000ab54	0001	c.addi	x0,0	  x0:0x00000000  x0=0x00000000
        1044493	     52123	8000ab56	01d79713	slli	x14,x15,0x1d	 x15:0x00000014 x14=0x80000000
        1044513	     52124	8000ab5a	00e18433	add	x8,x3,x14	  x3:0x7ffde212 x14:0x80000000  x8=0xfffde212
        1044533	     52125	8000ab5e	e677eb93	ori	x23,x15,-409	 x15:0x00000014 x23=0xfffffe77
        1044573	     52127	8000ab62	03eb26b3	mulhsu	x13,x22,x30	 x22:0xdd76a18d x30:0xed9ae000 x13=0xdff1eeb4
        1044913	     52144	8000ab66	6852b693	sltiu	x13,x5,1669	  x5:0x80025ce4 x13=0x00000000
        1044953	     52146	8000ab6a	ff717893	andi	x17,x2,-9	  x2:0x000000c0 x17=0x000000c0
        1045113	     52154	8000ab6e	02dba233	mulhsu	x4,x23,x13	 x23:0xfffffe77 x13:0x00000000  x4=0x00000000
        1045133	     52155	8000ab72	3407dcf3	csrrwi	x25,mscratch,15	 x25=0xed9ae000
        1045493	     52173	8000ab76	1b4b4497	auipc	x9,0x1b4b4	  x9=0x9b4beb76
        1045713	     52184	8000ab7a	31424d13	xori	x26,x4,788	  x4:0x00000000 x26=0x00000314
        1045733	     52185	8000ab7e	34077a73	csrrci	x20,mscratch,14	 x20=0x0000000f
        1045873	     52192	8000ab82	01fe86b3	add	x13,x29,x31	 x29:0x00000000 x31:0xffffb66c x13=0xffffb66c
        1045893	     52193	8000ab86	8e31	c.xor	x12,x12	 x12:0x00000000 x12:0x00000000 x12=0x00000000
        1045913	     52194	8000ab88	34003d73	csrrc	x26,mscratch,x0	  x0:0x00000000 x26=0x00000001
        1046073	     52202	8000ab8c	340c9ef3	csrrw	x29,mscratch,x25	 x25:0xed9ae000 x29=0x00000001
        1046253	     52211	8000ab90	717d	c.addi16sp	x2,-16	  x2:0x000000c0  x2=0x000000b0
        1046273	     52212	8000ab92	c711	c.beqz	x14,8000ab9e	 x14:0x80000000
        1046673	     52232	8000ab94	340025f3	csrrs	x11,mscratch,x0	  x0:0x00000000 x11=0xed9ae000
        1046693	     52233	8000ab98	34069873	csrrw	x16,mscratch,x13	 x13:0xffffb66c x16=0xed9ae000
        1046713	     52234	8000ab9c	08ba	c.slli	x17,0xe	 x17:0x000000c0 x17=0x00300000
        1046733	     52235	8000ab9e	01324663	blt	x4,x19,8000abaa	  x4:0x00000000 x19:0xef07a000
        1046793	     52238	8000aba2	02d714b3	mulh	x9,x14,x13	 x14:0x80000000 x13:0xffffb66c  x9=0x000024ca
        1046973	     52247	8000aba6	010eb733	sltu	x14,x29,x16	 x29:0x00000001 x16:0xed9ae000 x14=0x00000001
        1046993	     52248	8000abaa	01d8cf63	blt	x17,x29,8000abc8	 x17:0x00300000 x29:0x00000001
        1047013	     52249	8000abae	015914b3	sll	x9,x18,x21	 x18:0x80021df4 x21:0xed9ae000  x9=0x80021df4
        1047033	     52250	8000abb2	085e	c.slli	x16,0x17	 x16:0xed9ae000 x16=0x00000000
        1047293	     52263	8000abb4	0270d263	bge	x1,x7,8000abd8	  x1:0x00000001  x7:0xae000000
        1048413	     52319	8000abd8	1e88	c.addi4spn	x10,x2,880	 x10=0x00000420
        1048433	     52320	8000abda	340064f3	csrrsi	x9,mscratch,0	  x9=0xffffb66c
        1048453	     52321	8000abde	007d1a13	slli	x20,x26,0x7	 x26:0x00000001 x20=0x00000080
        1048873	     52342	8000abe2	340076f3	csrrci	x13,mscratch,0	 x13=0xffffb66c
        1048933	     52345	8000abe6	c8f26e17	auipc	x28,0xc8f26	 x28=0x48f30be6
        1048953	     52346	8000abea	0001	c.addi	x0,0	  x0:0x00000000  x0=0x00000000
        1048973	     52347	8000abec	8c21	c.xor	x8,x8	  x8:0xfffde212  x8:0xfffde212  x8=0x00000000
        1048993	     52348	8000abee	8519	c.srai	x10,0x6	 x10:0x00000420 x10=0x00000010
        1049013	     52349	8000abf0	005625b3	slt	x11,x12,x5	 x12:0x00000000  x5:0x80025ce4 x11=0x00000000
        1049353	     52366	8000abf4	cd0d	c.beqz	x10,8000ac2e	 x10:0x00000010
        1049373	     52367	8000abf6	ce11	c.beqz	x12,8000ac12	 x12:0x00000000
        1049513	     52374	8000ac12	8ccd	c.or	x9,x11	  x9:0xffffb66c x11:0x00000000  x9=0xffffb66c
        1049533	     52375	8000ac14	4132d313	srai	x6,x5,0x13	  x5:0x80025ce4  x6=0xfffff000
        1049573	     52377	8000ac18	03e7b0b3	mulhu	x1,x15,x30	 x15:0x00000014 x30:0xed9ae000  x1=0x00000012
        1049933	     52395	8000ac1c	01a3c1b3	xor	x3,x7,x26	  x7:0xae000000 x26:0x00000001  x3=0xae000001
        1050113	     52404	8000ac20	01b25b63	bge	x4,x27,8000ac36	  x4:0x00000000 x27:0x00000100
        1050533	     52425	8000ac24	6a7d	c.lui	x20,0x1f	 x20=0x0001f000
        1051673	     52482	8000ac26	0392ddb3	divu	x27,x5,x25	  x5:0x80025ce4 x25:0xed9ae000 x27=0x00000000
        1051693	     52483	8000ac2a	340460f3	csrrsi	x1,mscratch,8	  x1=0xffffb66c
        1052433	     52520	8000ac2e	035457b3	divu	x15,x8,x21	  x8:0x00000000 x21:0xed9ae000 x15=0x00000000
        1052453	     52521	8000ac32	34002df3	csrrs	x27,mscratch,x0	  x0:0x00000000 x27=0xffffb66c
        1052473	     52522	8000ac36	01dc29b3	slt	x19,x24,x29	 x24:0xffffffff x29:0x00000001 x19=0x00000001
        1052493	     52523	8000ac3a	c685	c.beqz	x13,8000ac62	 x13:0xffffb66c
        1052513	     52524	8000ac3c	8b25	c.andi	x14,9	 x14:0x00000001 x14=0x00000001
        1052533	     52525	8000ac3e	10fd	c.addi	x1,-1	  x1:0xffffb66c  x1=0xffffb66b
        1052553	     52526	8000ac40	34007773	csrrci	x14,mscratch,0	 x14=0xffffb66c
        1052573	     52527	8000ac44	003f8963	beq	x31,x3,8000ac56	 x31:0xffffb66c  x3:0xae000001
        1052593	     52528	8000ac48	ed89	c.bnez	x11,8000ac62	 x11:0x00000000
        1052613	     52529	8000ac4a	717d	c.addi16sp	x2,-16	  x2:0x000000b0  x2=0x000000a0
        1052653	     52531	8000ac4c	8b09	c.andi	x14,2	 x14:0xffffb66c x14=0x00000000
        1052673	     52532	8000ac4e	8c4d	c.or	x8,x11	  x8:0x00000000 x11:0x00000000  x8=0x00000000
        1052893	     52543	8000ac50	8d8d	c.sub	x11,x11	 x11:0x00000000 x11:0x00000000 x11=0x00000000
        1053073	     52552	8000ac52	01009413	slli	x8,x1,0x10	  x1:0xffffb66b  x8=0xb66b0000
        1053213	     52559	8000ac56	025cb633	mulhu	x12,x25,x5	 x25:0xed9ae000  x5:0x80025ce4 x12=0x76cfa16d
        1083113	     54054	8000ac5a	34007273	csrrci	x4,mscratch,0	  x4=0xffffb66c
        1083133	     54055	8000ac5e	00f1c033	xor	x0,x3,x15	  x3:0xae000001 x15:0x00000000  x0=0x00000000
        1083153	     54056	8000ac62	00558663	beq	x11,x5,8000ac6e	 x11:0x00000000  x5:0x80025ce4
        1083173	     54057	8000ac66	056dd463	bge	x27,x22,8000acae	 x27:0xffffb66c x22:0xdd76a18d
        1084453	     54121	8000acae	0246a3b3	mulhsu	x7,x13,x4	 x13:0xffffb66c  x4:0xffffb66c  x7=0xffffb66c
        1084533	     54125	8000acb2	40f65d33	sra	x26,x12,x15	 x12:0x76cfa16d x15:0x00000000 x26=0x76cfa16d
        1084553	     54126	8000acb6	97f6	c.add	x15,x29	 x15:0x00000000 x29:0x00000001 x15=0x00000001
        1084733	     54135	8000acb8	8c61	c.and	x8,x8	  x8:0xb66b0000  x8:0xb66b0000  x8=0xb66b0000
        1084753	     54136	8000acba	340238f3	csrrc	x17,mscratch,x4	  x4:0xffffb66c x17=0xffffb66c
        1084773	     54137	8000acbe	9b7d	c.andi	x14,-1	 x14:0x00000000 x14=0x00000000
        1084913	     54144	8000acc0	577d	c.li	x14,-1	 x14=0xffffffff
        1085113	     54154	8000acc2	0ff0000f	fence	iorw,iorw	
        1085133	     54155	8000acc6	419657b3	sra	x15,x12,x25	 x12:0x76cfa16d x25:0xed9ae000 x15=0x76cfa16d
        1085153	     54156	8000acca	00cc76b3	and	x13,x24,x12	 x24:0xffffffff x12:0x76cfa16d x13=0x76cfa16d
        1085193	     54158	8000acce	0000100f	fence.i	
        1085553	     54176	8000acd2	00c77663	bgeu	x14,x12,8000acde	 x14:0xffffffff x12:0x76cfa16d
        1086373	     54217	8000acde	8f41	c.or	x14,x8	 x14:0xffffffff  x8:0xb66b0000 x14=0xffffffff
        1086393	     54218	8000ace0	8ea1	c.xor	x13,x8	 x13:0x76cfa16d  x8:0xb66b0000 x13=0xc0a4a16d
        1086813	     54239	8000ace2	340e31f3	csrrc	x3,mscratch,x28	 x28:0x48f30be6  x3=0x00000000
        1086833	     54240	8000ace6	4d36fa93	andi	x21,x13,1235	 x13:0xc0a4a16d x21=0x00000041
        1086853	     54241	8000acea	0001	c.addi	x0,0	  x0:0x00000000  x0=0x00000000
        1086873	     54242	8000acec	02960f63	beq	x12,x9,8000ad2a	 x12:0x76cfa16d  x9:0xffffb66c
        1087053	     54251	8000acf0	fd454d13	xori	x26,x10,-44	 x10:0x00000010 x26=0xffffffc4
        1087473	     54272	8000acf4	34006173	csrrsi	x2,mscratch,0	  x2=0x00000000
        1087513	     54274	8000acf8	0237a3b3	mulhsu	x7,x15,x3	 x15:0x76cfa16d  x3:0x00000000  x7=0x00000000
        1087813	     54289	8000acfc	8f5d	c.or	x14,x15	 x14:0xffffffff x15:0x76cfa16d x14=0xffffffff
        1087833	     54290	8000acfe	717d	c.addi16sp	x2,-16	  x2:0x00000000  x2=0xfffffff0
        1087893	     54293	8000ad00	c1b1	c.beqz	x11,8000ad44	 x11:0x00000000
        1088553	     54326	8000ad44	8a7d	c.andi	x12,31	 x12:0x76cfa16d x12=0x0000000d
        1088573	     54327	8000ad46	072e	c.slli	x14,0xb	 x14:0xffffffff x14=0xfffff800
        1088593	     54328	8000ad48	0000100f	fence.i	
        1088953	     54346	8000ad4c	959a	c.add	x11,x6	 x11:0x00000000  x6:0xfffff000 x11=0xfffff000
        1088973	     54347	8000ad4e	4d1d	c.li	x26,7	 x26=0x00000007
        1088993	     54348	8000ad50	8c39	c.xor	x8,x14	  x8:0xb66b0000 x14:0xfffff800  x8=0x4994f800
        1089013	     54349	8000ad52	8d59	c.or	x10,x14	 x10:0x00000010 x14:0xfffff800 x10=0xfffff810
        1089033	     54350	8000ad54	3df43593	sltiu	x11,x8,991	  x8:0x4994f800 x11=0x00000000
        1089133	     54355	8000ad58	0202c6b3	div	x13,x5,x0	  x5:0x80025ce4  x0:0x00000000 x13=0xffffffff
        1089173	     54357	8000ad5c	0000100f	fence.i	
        1089973	     54397	8000ad60	01204633	xor	x12,x0,x18	  x0:0x00000000 x18:0x80021df4 x12=0x80021df4
        1090133	     54405	8000ad64	0303c3b3	div	x7,x7,x16	  x7:0x00000000 x16:0x00000000  x7=0xffffffff
        1090173	     54407	8000ad68	02f794b3	mulh	x9,x15,x15	 x15:0x76cfa16d x15:0x76cfa16d  x9=0x37241136
        1090193	     54408	8000ad6c	0073fb63	bgeu	x7,x7,8000ad82	  x7:0xffffffff  x7:0xffffffff
        1090393	     54418	8000ad82	416f5a13	srai	x20,x30,0x16	 x30:0xed9ae000 x20=0xffffffb6
        1090433	     54420	8000ad86	02ee2ab3	mulhsu	x21,x28,x14	 x28:0x48f30be6 x14:0xfffff800 x21=0x48f3099e
        1090473	     54422	8000ad8a	029b1133	mulh	x2,x22,x9	 x22:0xdd76a18d  x9:0x37241136  x2=0xf88f9f11
        1090493	     54423	8000ad8e	89697993	andi	x19,x18,-1898	 x18:0x80021df4 x19=0x80021894
        1091293	     54463	8000ad92	0387c233	div	x4,x15,x24	 x15:0x76cfa16d x24:0xffffffff  x4=0x89305e93
        1091313	     54464	8000ad96	01970763	beq	x14,x25,8000ada4	 x14:0xfffff800 x25:0xed9ae000
        1091333	     54465	8000ad9a	033b8bb3	mul	x23,x23,x19	 x23:0xfffffe77 x19:0x80021894 x23=0x7cc844cc
        1091353	     54466	8000ad9e	016fd633	srl	x12,x31,x22	 x31:0xffffb66c x22:0xdd76a18d x12=0x0007fffd
        1091373	     54467	8000ada2	1394	c.addi4spn	x13,x2,480	 x13=0xf88fa0f1
        1091393	     54468	8000ada4	a91e7c13	andi	x24,x28,-1391	 x28:0x48f30be6 x24=0x48f30a80
        1091413	     54469	8000ada8	e83d8437	lui	x8,0xe83d8	  x8=0xe83d8000
        1091433	     54470	8000adac	02af8db3	mul	x27,x31,x10	 x31:0xffffb66c x10:0xfffff810 x27=0x024806c0
        1091453	     54471	8000adb0	e595	c.bnez	x11,8000addc	 x11:0x00000000
        1091533	     54475	8000adb2	024e0063	beq	x28,x4,8000add2	 x28:0x48f30be6  x4:0x89305e93
        1091933	     54495	8000adb6	00dfbc33	sltu	x24,x31,x13	 x31:0xffffb66c x13:0xf88fa0f1 x24=0x00000000
        1091953	     54496	8000adba	567d	c.li	x12,-1	 x12=0xffffffff
        1091973	     54497	8000adbc	00961d33	sll	x26,x12,x9	 x12:0xffffffff  x9:0x37241136 x26=0xffc00000
        1091993	     54498	8000adc0	00e87f33	and	x30,x16,x14	 x16:0x00000000 x14:0xfffff800 x30=0x00000000
        1092093	     54503	8000adc4	03aa8563	beq	x21,x26,8000adee	 x21:0x48f3099e x26:0xffc00000
        1092113	     54504	8000adc8	1a10	c.addi4spn	x12,x2,304	 x12=0xf88fa041
        1092533	     54525	8000adca	3405f7f3	csrrci	x15,mscratch,11	 x15=0x00000000
        1092613	     54529	8000adce	88456117	auipc	x2,0x88456	  x2=0x08460dce
        1092633	     54530	8000add2	3400de73	csrrwi	x28,mscratch,1	 x28=0x00000000
        1092653	     54531	8000add6	8de6	c.mv	x27,x25	  x0:0x00000000 x25:0xed9ae000 x27=0xed9ae000
        1093393	     54568	8000add8	03205eb3	divu	x29,x0,x18	  x0:0x00000000 x18:0x80021df4 x29=0x00000000
        1093413	     54569	8000addc	0051beb3	sltu	x29,x3,x5	  x3:0x00000000  x5:0x80025ce4 x29=0x00000001
        1094153	     54606	8000ade0	0342f1b3	remu	x3,x5,x20	  x5:0x80025ce4 x20:0xffffffb6  x3=0x80025ce4
        1094173	     54607	8000ade4	6c79	c.lui	x24,0x1e	 x24=0x0001e000
        1094913	     54644	8000ade6	022f5eb3	divu	x29,x30,x2	 x30:0x00000000  x2:0x08460dce x29=0x00000000
        1094933	     54645	8000adea	5af5f793	andi	x15,x11,1455	 x11:0x00000000 x15=0x00000000
        1094953	     54646	8000adee	88b5	c.andi	x9,13	  x9:0x37241136  x9=0x00000004
        1094973	     54647	8000adf0	d10f6993	ori	x19,x30,-752	 x30:0x00000000 x19=0xfffffd10
        1094993	     54648	8000adf4	03240bb3	mul	x23,x8,x18	  x8:0xe83d8000 x18:0x80021df4 x23=0x521e0000
        1095013	     54649	8000adf8	8579	c.srai	x10,0x1e	 x10:0xfffff810 x10=0xffffffff
        1095753	     54686	8000adfa	03625433	divu	x8,x4,x22	  x4:0x89305e93 x22:0xdd76a18d  x8=0x00000000
        1095773	     54687	8000adfe	03d96363	bltu	x18,x29,8000ae24	 x18:0x80021df4 x29:0x00000000
        1095793	     54688	8000ae02	87d1	c.srai	x15,0x14	 x15:0x00000000 x15=0x00000000
        1095813	     54689	8000ae04	0c9a	c.slli	x25,0x6	 x25:0xed9ae000 x25=0x66b80000
        1095833	     54690	8000ae06	99fe	c.add	x19,x31	 x19:0xfffffd10 x31:0xffffb66c x19=0xffffb37c
        1095853	     54691	8000ae08	40650b93	addi	x23,x10,1030	 x10:0xffffffff x23=0x00000405
        1095873	     54692	8000ae0c	93b6	c.add	x7,x13	  x7:0xffffffff x13:0xf88fa0f1  x7=0xf88fa0f0
        1095893	     54693	8000ae0e	c0a9	c.beqz	x9,8000ae50	  x9:0x00000004
        1096633	     54730	8000ae10	02724333	div	x6,x4,x7	  x4:0x89305e93  x7:0xf88fa0f0  x6=0x0000000f
        1096673	     54732	8000ae14	02e79a33	mulh	x20,x15,x14	 x15:0x00000000 x14:0xfffff800 x20=0x00000000
        1096693	     54733	8000ae18	340599f3	csrrw	x19,mscratch,x11	 x11:0x00000000 x19=0x00000001
        1096733	     54735	8000ae1c	03d71ab3	mulh	x21,x14,x29	 x14:0xfffff800 x29:0x00000000 x21=0x00000000
        1096773	     54737	8000ae20	02cdadb3	mulhsu	x27,x27,x12	 x27:0xed9ae000 x12:0xf88fa041 x27=0xee23b6ff
        1096793	     54738	8000ae24	717d	c.addi16sp	x2,-16	  x2:0x08460dce  x2=0x08460dbe
        1096873	     54742	8000ae26	77ac4313	xori	x6,x24,1914	 x24:0x0001e000  x6=0x0001e77a
        1096953	     54746	8000ae2a	00b7d413	srli	x8,x15,0xb	 x15:0x00000000  x8=0x00000000
        1096973	     54747	8000ae2e	cd19	c.beqz	x10,8000ae4c	 x10:0xffffffff
        1097713	     54784	8000ae30	023dc1b3	div	x3,x27,x3	 x27:0xee23b6ff  x3:0x80025ce4  x3=0x00000000
        1097733	     54785	8000ae34	34003d73	csrrc	x26,mscratch,x0	  x0:0x00000000 x26=0x00000000
        1097753	     54786	8000ae38	09168113	addi	x2,x13,145	 x13:0xf88fa0f1  x2=0xf88fa182
        1097773	     54787	8000ae3c	408857b3	sra	x15,x16,x8	 x16:0x00000000  x8:0x00000000 x15=0x00000000
        1097793	     54788	8000ae40	e18d	c.bnez	x11,8000ae62	 x11:0x00000000
        1097813	     54789	8000ae42	0067cbb3	xor	x23,x15,x6	 x15:0x00000000  x6:0x0001e77a x23=0x0001e77a
        1097833	     54790	8000ae46	0826	c.slli	x16,0x9	 x16:0x00000000 x16=0x00000000
        1097913	     54794	8000ae48	02de4a63	blt	x28,x13,8000ae7c	 x28:0x00000000 x13:0xf88fa0f1
        1098053	     54801	8000ae4c	410981b3	sub	x3,x19,x16	 x19:0x00000001 x16:0x00000000  x3=0x00000001
        1098073	     54802	8000ae50	00bb6733	or	x14,x22,x11	 x22:0xdd76a18d x11:0x00000000 x14=0xdd76a18d
        1098093	     54803	8000ae54	01bbdc13	srli	x24,x23,0x1b	 x23:0x0001e77a x24=0x00000000
        1098133	     54805	8000ae58	034eb1b3	mulhu	x3,x29,x20	 x29:0x00000000 x20:0x00000000  x3=0x00000000
        1098153	     54806	8000ae5c	5a7d	c.li	x20,-1	 x20=0xffffffff
        1098193	     54808	8000ae5e	3409bdf3	csrrc	x27,mscratch,x19	 x19:0x00000001 x27=0x00000000
        1098213	     54809	8000ae62	340f90f3	csrrw	x1,mscratch,x31	 x31:0xffffb66c  x1=0x00000000
        1098313	     54814	8000ae66	40ffd593	srai	x11,x31,0xf	 x31:0xffffb66c x11=0xffffffff
        1098333	     54815	8000ae6a	01c9bbb3	sltu	x23,x19,x28	 x19:0x00000001 x28:0x00000000 x23=0x00000000
        1098353	     54816	8000ae6e	01837f63	bgeu	x6,x24,8000ae8c	  x6:0x0001e77a x24:0x00000000
        1098933	     54845	8000ae8c	873a	c.mv	x14,x14	  x0:0x00000000 x14:0xdd76a18d x14=0xdd76a18d
        1098953	     54846	8000ae8e	8f61	c.and	x14,x8	 x14:0xdd76a18d  x8:0x00000000 x14=0x00000000
        1099253	     54861	8000ae90	02f5df63	bge	x11,x15,8000aece	 x11:0xffffffff x15:0x00000000
        1099273	     54862	8000ae94	e719	c.bnez	x14,8000aea2	 x14:0x00000000
        1099333	     54865	8000ae96	c3a0c693	xori	x13,x1,-966	  x1:0x00000000 x13=0xfffffc3a
        1099633	     54880	8000ae9a	004158b3	srl	x17,x2,x4	  x2:0xf88fa182  x4:0x89305e93 x17=0x00001f11
        1099993	     54898	8000ae9e	4bb84793	xori	x15,x16,1211	 x16:0x00000000 x15=0x000004bb
        1100313	     54914	8000aea2	01b9d033	srl	x0,x19,x27	 x19:0x00000001 x27:0x00000000  x0=0x00000000
        1100453	     54921	8000aea6	00fe9663	bne	x29,x15,8000aeb2	 x29:0x00000000 x15:0x000004bb
        1101353	     54966	8000aeb2	340028f3	csrrs	x17,mscratch,x0	  x0:0x00000000 x17=0xffffb66c
        1101373	     54967	8000aeb6	1118	c.addi4spn	x14,x2,160	 x14=0xf88fa222
        1101393	     54968	8000aeb8	414fd833	sra	x16,x31,x20	 x31:0xffffb66c x20:0xffffffff x16=0xffffffff
        1101413	     54969	8000aebc	8605	c.srai	x12,0x1	 x12:0xf88fa041 x12=0xfc47d020
        1101433	     54970	8000aebe	6411	c.lui	x8,0x4	  x8=0x00004000
        1101473	     54972	8000aec0	020d9c33	mulh	x24,x27,x0	 x27:0x00000000  x0:0x00000000 x24=0x00000000
        1102213	     55009	8000aec4	032e7633	remu	x12,x28,x18	 x28:0x00000000 x18:0x80021df4 x12=0x00000000
        1102233	     55010	8000aec8	00b280b3	add	x1,x5,x11	  x5:0x80025ce4 x11:0xffffffff  x1=0x80025ce3
        1102253	     55011	8000aecc	8cf9	c.and	x9,x14	  x9:0x00000004 x14:0xf88fa222  x9=0x00000000
        1102273	     55012	8000aece	0001	c.addi	x0,0	  x0:0x00000000  x0=0x00000000
        1102313	     55014	8000aed0	0299d0b3	divu	x1,x19,x9	 x19:0x00000001  x9:0x00000000  x1=0xffffffff
        1102333	     55015	8000aed4	0000100f	fence.i	
        1102793	     55038	8000aed8	0203d233	divu	x4,x7,x0	  x7:0xf88fa0f0  x0:0x00000000  x4=0xffffffff
        1102833	     55040	8000aedc	02383bb3	mulhu	x23,x16,x3	 x16:0xffffffff  x3:0x00000000 x23=0x00000000
        1102893	     55043	8000aee0	0001	c.addi	x0,0	  x0:0x00000000  x0=0x00000000
        1102913	     55044	8000aee2	8871	c.andi	x8,28	  x8:0x00004000  x8=0x00000000
        1102933	     55045	8000aee4	00946b63	bltu	x8,x9,8000aefa	  x8:0x00000000  x9:0x00000000
        1102953	     55046	8000aee8	0001	c.addi	x0,0	  x0:0x00000000  x0=0x00000000
        1102973	     55047	8000aeea	5c8cd537	lui	x10,0x5c8cd	 x10=0x5c8cd000
        1102993	     55048	8000aeee	a61a7a13	andi	x20,x20,-1439	 x20:0xffffffff x20=0xfffffa61
        1103073	     55052	8000aef2	340023f3	csrrs	x7,mscratch,x0	  x0:0x00000000  x7=0xffffb66c
        1103193	     55058	8000aef6	41a05c93	srai	x25,x0,0x1a	  x0:0x00000000 x25=0x00000000
        1103213	     55059	8000aefa	8fe6	c.mv	x31,x25	  x0:0x00000000 x25:0x00000000 x31=0x00000000
        1103233	     55060	8000aefc	009ab5b3	sltu	x11,x21,x9	 x21:0x00000000  x9:0x00000000 x11=0x00000000
        1103653	     55081	8000af00	02606c63	bltu	x0,x6,8000af38	  x0:0x00000000  x6:0x0001e77a
        1104173	     55107	8000af38	03b8ceb3	div	x29,x17,x27	 x17:0xffffb66c x27:0x00000000 x29=0xffffffff
        1104193	     55108	8000af3c	01c981b3	add	x3,x19,x28	 x19:0x00000001 x28:0x00000000  x3=0x00000001
        1104933	     55145	8000af40	02336a33	rem	x20,x6,x3	  x6:0x0001e77a  x3:0x00000001 x20=0x00000000
        1104953	     55146	8000af44	f2e0d197	auipc	x3,0xf2e0d	  x3=0x72e17f44
        1104973	     55147	8000af48	9d0e	c.add	x26,x3	 x26:0x00000000  x3:0x72e17f44 x26=0x72e17f44
        1114553	     55626	8000af4a	0580c163	blt	x1,x24,8000af8c	  x1:0xffffffff x24:0x00000000
        1114653	     55631	8000af8c	0280fdb3	remu	x27,x1,x8	  x1:0xffffffff  x8:0x00000000 x27=0xffffffff
        1115413	     55669	8000af90	02385333	divu	x6,x16,x3	 x16:0xffffffff  x3:0x72e17f44  x6=0x00000002
        1115433	     55670	8000af94	007d4963	blt	x26,x7,8000afa6	 x26:0x72e17f44  x7:0xffffb66c
        1115453	     55671	8000af98	340066f3	csrrsi	x13,mscratch,0	 x13=0xffffb66c
        1115473	     55672	8000af9c	0001	c.addi	x0,0	  x0:0x00000000  x0=0x00000000
        1115493	     55673	8000af9e	8485	c.srai	x9,0x1	  x9:0x00000000  x9=0x00000000
        1115513	     55674	8000afa0	9196	c.add	x3,x5	  x3:0x72e17f44  x5:0x80025ce4  x3=0xf2e3dc28
        1115533	     55675	8000afa2	00b35213	srli	x4,x6,0xb	  x6:0x00000002  x4=0x00000000
        1115553	     55676	8000afa6	b696bd13	sltiu	x26,x13,-1175	 x13:0xffffb66c x26=0x00000001
        1115673	     55682	8000afaa	412d5433	sra	x8,x26,x18	 x26:0x00000001 x18:0x80021df4  x8=0x00000000
        1115773	     55687	8000afae	bb6a7a93	andi	x21,x20,-1098	 x20:0x00000000 x21=0x00000000
        1115793	     55688	8000afb2	07fa7493	andi	x9,x20,127	 x20:0x00000000  x9=0x00000000
        1115833	     55690	8000afb6	03467533	remu	x10,x12,x20	 x12:0x00000000 x20:0x00000000 x10=0x00000000
        1115973	     55697	8000afba	03210fb3	mul	x31,x2,x18	  x2:0xf88fa182 x18:0x80021df4 x31=0x7135a9e8
        1116713	     55734	8000afbe	022ae333	rem	x6,x21,x2	 x21:0x00000000  x2:0xf88fa182  x6=0x00000000
        1116733	     55735	8000afc2	87d1	c.srai	x15,0x14	 x15:0x000004bb x15=0x00000000
        1116753	     55736	8000afc4	99c34713	xori	x14,x6,-1636	  x6:0x00000000 x14=0xfffff99c
        1116773	     55737	8000afc8	02205463	bge	x0,x2,8000aff0	  x0:0x00000000  x2:0xf88fa182
        1117313	     55764	8000aff0	717d	c.addi16sp	x2,-16	  x2:0xf88fa182  x2=0xf88fa172
        1117433	     55770	8000aff2	40d35593	srai	x11,x6,0xd	  x6:0x00000000 x11=0x00000000
        1117453	     55771	8000aff6	8f90b793	sltiu	x15,x1,-1799	  x1:0xffffffff x15=0x00000000
        1117473	     55772	8000affa	00f5c3b3	xor	x7,x11,x15	 x11:0x00000000 x15:0x00000000  x7=0x00000000
        1117493	     55773	8000affe	489d	c.li	x17,7	 x17=0x00000007
        1117813	     55789	8000b000	5c7d	c.li	x24,-1	 x24=0xffffffff
        1118153	     55806	8000b002	40d55313	srai	x6,x10,0xd	 x10:0x00000000  x6=0x00000000
        1118253	     55811	8000b006	00e67563	bgeu	x12,x14,8000b010	 x12:0x00000000 x14:0xfffff99c
        1118313	     55814	8000b00a	01c575b3	and	x11,x10,x28	 x10:0x00000000 x28:0x00000000 x11=0x00000000
        1118333	     55815	8000b00e	8ed9	c.or	x13,x14	 x13:0xffffb66c x14:0xfffff99c x13=0xfffffffc
        1118353	     55816	8000b010	85ed	c.srai	x11,0x1b	 x11:0x00000000 x11=0x00000000
        1118373	     55817	8000b012	9896	c.add	x17,x5	 x17:0x00000007  x5:0x80025ce4 x17=0x80025ceb
        1118753	     55836	8000b014	80b9	c.srli	x9,0xe	  x9:0x00000000  x9=0x00000000
        1119173	     55857	8000b016	034aa633	mulhsu	x12,x21,x20	 x21:0x00000000 x20:0x00000000 x12=0x00000000
        1119193	     55858	8000b01a	6d45	c.lui	x26,0x11	 x26=0x00011000
        1119933	     55895	8000b01c	03daf1b3	remu	x3,x21,x29	 x21:0x00000000 x29:0xffffffff  x3=0x00000000
        1119953	     55896	8000b020	046a	c.slli	x8,0x1a	  x8:0x00000000  x8=0x00000000
        1119973	     55897	8000b022	c61d	c.beqz	x12,8000b050	 x12:0x00000000
        1120053	     55901	8000b050	09b6	c.slli	x19,0xd	 x19:0x00000001 x19=0x00002000
        1120653	     55931	8000b052	90d47493	andi	x9,x8,-1779	  x8:0x00000000  x9=0x00000000
        1120673	     55932	8000b056	01400c63	beq	x0,x20,8000b06e	  x0:0x00000000 x20:0x00000000
        1121073	     55952	8000b06e	02eec863	blt	x29,x14,8000b09e	 x29:0xffffffff x14:0xfffff99c
        1121093	     55953	8000b072	f8378a93	addi	x21,x15,-125	 x15:0x00000000 x21=0xffffff83
        1121133	     55955	8000b076	0260feb3	remu	x29,x1,x6	  x1:0xffffffff  x6:0x00000000 x29=0xffffffff
        1121153	     55956	8000b07a	1e7d	c.addi	x28,-1	 x28:0x00000000 x28=0xffffffff
        1121173	     55957	8000b07c	0b10	c.addi4spn	x12,x2,400	 x12=0xf88fa302
        1121193	     55958	8000b07e	340cf9f3	csrrci	x19,mscratch,25	 x19=0xffffb66c
        1121233	     55960	8000b082	340076f3	csrrci	x13,mscratch,0	 x13=0xffffb664
        1121293	     55963	8000b086	41445193	srai	x3,x8,0x14	  x8:0x00000000  x3=0x00000000
        1121713	     55984	8000b08a	0000100f	fence.i	
        1122733	     56035	8000b08e	6fdab593	sltiu	x11,x21,1789	 x21:0xffffff83 x11=0x00000000
        1122773	     56037	8000b092	02a52233	mulhsu	x4,x10,x10	 x10:0x00000000 x10:0x00000000  x4=0x00000000
        1122813	     56039	8000b096	34007bf3	csrrci	x23,mscratch,0	 x23=0xffffb664
        1122833	     56040	8000b09a	c3731a37	lui	x20,0xc3731	 x20=0xc3731000
        1123093	     56053	8000b09e	05d4e063	bltu	x9,x29,8000b0de	  x9:0x00000000 x29:0xffffffff
        1123573	     56077	8000b0de	e78d	c.bnez	x15,8000b108	 x15:0x00000000
        1123613	     56079	8000b0e0	01e97bb3	and	x23,x18,x30	 x18:0x80021df4 x30:0x00000000 x23=0x00000000
        1123633	     56080	8000b0e4	958e	c.add	x11,x3	 x11:0x00000000  x3:0x00000000 x11=0x00000000
        1124053	     56101	8000b0e6	9e413193	sltiu	x3,x2,-1564	  x2:0xf88fa172  x3=0x00000001
        1124073	     56102	8000b0ea	00032bb3	slt	x23,x6,x0	  x6:0x00000000  x0:0x00000000 x23=0x00000000
        1124213	     56109	8000b0ee	037786b3	mul	x13,x15,x23	 x15:0x00000000 x23:0x00000000 x13=0x00000000
        1124413	     56119	8000b0f2	02428963	beq	x5,x4,8000b124	  x5:0x80025ce4  x4:0x00000000
        1124593	     56128	8000b0f6	01d64ab3	xor	x21,x12,x29	 x12:0xf88fa302 x29:0xffffffff x21=0x07705cfd
        1124613	     56129	8000b0fa	0ff0000f	fence	iorw,iorw	
        1124873	     56142	8000b0fe	00778563	beq	x15,x7,8000b108	 x15:0x00000000  x7:0x00000000
        1125373	     56167	8000b108	0147bcb3	sltu	x25,x15,x20	 x15:0x00000000 x20:0xc3731000 x25=0x00000001
        1125453	     56171	8000b10c	5f356993	ori	x19,x10,1523	 x10:0x00000000 x19=0x000005f3
        1125533	     56175	8000b110	340418f3	csrrw	x17,mscratch,x8	  x8:0x00000000 x17=0xffffb664
        1125673	     56182	8000b114	3409d773	csrrwi	x14,mscratch,19	 x14=0x00000000
        1125833	     56190	8000b118	8b478c17	auipc	x24,0x8b478	 x24=0x0b483118
        1126253	     56211	8000b11c	5fb4e037	lui	x0,0x5fb4e	  x0=0x00000000
        1126293	     56213	8000b120	3400fa73	csrrci	x20,mscratch,1	 x20=0x00000013
        1126313	     56214	8000b124	34039d73	csrrw	x26,mscratch,x7	  x7:0x00000000 x26=0x00000012
        1126733	     56235	8000b128	018534b3	sltu	x9,x10,x24	 x10:0x00000000 x24:0x0b483118  x9=0x00000001
        1126793	     56238	8000b12c	ed89	c.bnez	x11,8000b146	 x11:0x00000000
        1126953	     56246	8000b12e	e6182513	slti	x10,x16,-415	 x16:0xffffffff x10=0x00000000
        1127333	     56265	8000b132	41c504b3	sub	x9,x10,x28	 x10:0x00000000 x28:0xffffffff  x9=0x00000001
        1127573	     56277	8000b136	02af5c63	bge	x30,x10,8000b16e	 x30:0x00000000 x10:0x00000000
        1129193	     56358	8000b16e	94ee	c.add	x9,x27	  x9:0x00000001 x27:0xffffffff  x9=0x00000000
        1129533	     56375	8000b170	00c65a33	srl	x20,x12,x12	 x12:0xf88fa302 x12:0xf88fa302 x20=0x3e23e8c0
        1129553	     56376	8000b174	8d95	c.sub	x11,x13	 x11:0x00000000 x13:0x00000000 x11=0x00000000
        1129573	     56377	8000b176	40f65e93	srai	x29,x12,0xf	 x12:0xf88fa302 x29=0xfffff11f
        1129593	     56378	8000b17a	0001	c.addi	x0,0	  x0:0x00000000  x0=0x00000000
        1129613	     56379	8000b17c	00415213	srli	x4,x2,0x4	  x2:0xf88fa172  x4=0x0f88fa17
        1129833	     56390	8000b180	80c1	c.srli	x9,0x10	  x9:0x00000000  x9=0x00000000
        1129953	     56396	8000b182	00dc4133	xor	x2,x24,x13	 x24:0x0b483118 x13:0x00000000  x2=0x0b483118
        1129973	     56397	8000b186	918e	c.add	x3,x3	  x3:0x00000001  x3:0x00000001  x3=0x00000002
        1129993	     56398	8000b188	41cad4b3	sra	x9,x21,x28	 x21:0x07705cfd x28:0xffffffff  x9=0x00000000
        1130013	     56399	8000b18c	8045	c.srli	x8,0x11	  x8:0x00000000  x8=0x00000000
        1130113	     56404	8000b18e	025f9a63	bne	x31,x5,8000b1c2	 x31:0x7135a9e8  x5:0x80025ce4
        1130753	     56436	8000b1c2	34046273	csrrsi	x4,mscratch,8	  x4=0x00000000
        1130853	     56441	8000b1c6	34007673	csrrci	x12,mscratch,0	 x12=0x00000008
        1130873	     56442	8000b1ca	8725	c.srai	x14,0x9	 x14:0x00000000 x14=0x00000000
        1131073	     56452	8000b1cc	029bdeb3	divu	x29,x23,x9	 x23:0x00000000  x9:0x00000000 x29=0xffffffff
        1131093	     56453	8000b1d0	006cdf63	bge	x25,x6,8000b1ee	 x25:0x00000001  x6:0x00000000
        1131193	     56458	8000b1ee	9e62	c.add	x28,x24	 x28:0xffffffff x24:0x0b483118 x28=0x0b483117
        1131293	     56463	8000b1f0	932e	c.add	x6,x11	  x6:0x00000000 x11:0x00000000  x6=0x00000000
        1131313	     56464	8000b1f2	013827b3	slt	x15,x16,x19	 x16:0xffffffff x19:0x000005f3 x15=0x00000001
        1131573	     56477	8000b1f6	43223813	sltiu	x16,x4,1074	  x4:0x00000000 x16=0x00000001
        1131593	     56478	8000b1fa	8e6d	c.and	x12,x11	 x12:0x00000008 x11:0x00000000 x12=0x00000000
        1131713	     56484	8000b1fc	9e72	c.add	x28,x28	 x28:0x0b483117 x28:0x0b483117 x28=0x1690622e
        1131733	     56485	8000b1fe	34002ef3	csrrs	x29,mscratch,x0	  x0:0x00000000 x29=0x00000008
        1131753	     56486	8000b202	9efa	c.add	x29,x30	 x29:0x00000008 x30:0x00000000 x29=0x00000008
        1131773	     56487	8000b204	34007a73	csrrci	x20,mscratch,0	 x20=0x00000008
        1132153	     56506	8000b208	405801b3	sub	x3,x16,x5	 x16:0x00000001  x5:0x80025ce4  x3=0x7ffda31d
        1132293	     56513	8000b20c	3400fa73	csrrci	x20,mscratch,1	 x20=0x00000008
        1132413	     56519	8000b210	00de9c13	slli	x24,x29,0xd	 x29:0x00000008 x24=0x00010000
        1132453	     56521	8000b214	031aac33	mulhsu	x24,x21,x17	 x21:0x07705cfd x17:0xffffb664 x24=0x07705ad9
        1132853	     56541	8000b218	d3564737	lui	x14,0xd3564	 x14=0xd3564000
        1133273	     56562	8000b21c	48ed	c.li	x17,27	 x17=0x0000001b
        1133693	     56583	8000b21e	29c23e93	sltiu	x29,x4,668	  x4:0x00000000 x29=0x00000001
        1134113	     56604	8000b222	00736463	bltu	x6,x7,8000b22a	  x6:0x00000000  x7:0x00000000
        1134133	     56605	8000b226	0c7e	c.slli	x24,0x1f	 x24:0x07705ad9 x24=0x80000000
        1134153	     56606	8000b228	0271	c.addi	x4,28	  x4:0x00000000  x4=0x0000001c
        1134173	     56607	8000b22a	0faa	c.slli	x31,0xa	 x31:0x7135a9e8 x31=0xd6a7a000
        1134193	     56608	8000b22c	01f949b3	xor	x19,x18,x31	 x18:0x80021df4 x31:0xd6a7a000 x19=0x56a5bdf4
        1134213	     56609	8000b230	34061af3	csrrw	x21,mscratch,x12	 x12:0x00000000 x21=0x00000008
        1134593	     56628	8000b234	00b600b3	add	x1,x12,x11	 x12:0x00000000 x11:0x00000000  x1=0x00000000
        1134613	     56629	8000b238	00c6ce63	blt	x13,x12,8000b254	 x13:0x00000000 x12:0x00000000
        1134633	     56630	8000b23c	0140be33	sltu	x28,x1,x20	  x1:0x00000000 x20:0x00000008 x28=0x00000001
        1134653	     56631	8000b240	738c8193	addi	x3,x25,1848	 x25:0x00000001  x3=0x00000739
        1134673	     56632	8000b244	1b04	c.addi4spn	x9,x2,432	  x9=0x0b4832c8
        1134793	     56638	8000b246	01501113	slli	x2,x0,0x15	  x0:0x00000000  x2=0x00000000
        1135573	     56677	8000b24a	0389f1b3	remu	x3,x19,x24	 x19:0x56a5bdf4 x24:0x80000000  x3=0x56a5bdf4
        1135593	     56678	8000b24e	98fd	c.andi	x9,-1	  x9:0x0b4832c8  x9=0x0b4832c8
        1135613	     56679	8000b250	34026f73	csrrsi	x30,mscratch,4	 x30=0x00000000
        1135673	     56682	8000b254	9992	c.add	x19,x4	 x19:0x56a5bdf4  x4:0x0000001c x19=0x56a5be10
        1135693	     56683	8000b256	0000100f	fence.i	
        1136453	     56721	8000b25a	f96d0313	addi	x6,x26,-106	 x26:0x00000012  x6=0xffffffa8
        1136473	     56722	8000b25e	961e	c.add	x12,x7	 x12:0x00000000  x7:0x00000000 x12=0x00000000
        1136613	     56729	8000b260	0d36	c.slli	x26,0xd	 x26:0x00000012 x26=0x00024000
        1136633	     56730	8000b262	8cd9	c.or	x9,x14	  x9:0x0b4832c8 x14:0xd3564000  x9=0xdb5e72c8
        1136673	     56732	8000b264	01fc1213	slli	x4,x24,0x1f	 x24:0x80000000  x4=0x00000000
        1136853	     56741	8000b268	936e	c.add	x6,x27	  x6:0xffffffa8 x27:0xffffffff  x6=0xffffffa7
        1136873	     56742	8000b26a	6109	c.addi16sp	x2,128	  x2:0x00000000  x2=0x00000080
        1137253	     56761	8000b26c	0466	c.slli	x8,0x19	  x8:0x00000000  x8=0x00000000
        1137273	     56762	8000b26e	8f49	c.or	x14,x10	 x14:0xd3564000 x10:0x00000000 x14=0xd3564000
        1137293	     56763	8000b270	0001	c.addi	x0,0	  x0:0x00000000  x0=0x00000000
        1137493	     56773	8000b272	00207a63	bgeu	x0,x2,8000b286	  x0:0x00000000  x2:0x00000080
        1137533	     56775	8000b276	027745b3	div	x11,x14,x7	 x14:0xd3564000  x7:0x00000000 x11=0xffffffff
        1137733	     56785	8000b27a	0000100f	fence.i	
        1138153	     56806	8000b27e	8fe2	c.mv	x31,x24	  x0:0x00000000 x24:0x80000000 x31=0x80000000
        1138173	     56807	8000b280	0b18	c.addi4spn	x14,x2,400	 x14=0x00000210
        1138193	     56808	8000b282	15fd	c.addi	x11,-1	 x11:0xffffffff x11=0xfffffffe
        1138213	     56809	8000b284	9bfd	c.andi	x15,-1	 x15:0x00000001 x15=0x00000001
        1138593	     56828	8000b286	05e56163	bltu	x10,x30,8000b2c8	 x10:0x00000000 x30:0x00000000
        1138613	     56829	8000b28a	004751b3	srl	x3,x14,x4	 x14:0x00000210  x4:0x00000000  x3=0x00000210
        1138633	     56830	8000b28e	0001	c.addi	x0,0	  x0:0x00000000  x0=0x00000000
        1138653	     56831	8000b290	02036363	bltu	x6,x0,8000b2b6	  x6:0xffffffa7  x0:0x00000000
        1138673	     56832	8000b294	1894	c.addi4spn	x13,x2,112	 x13=0x000000f0
        1138693	     56833	8000b296	6da33b93	sltiu	x23,x6,1754	  x6:0xffffffa7 x23=0x00000000
        1138713	     56834	8000b29a	340be873	csrrsi	x16,mscratch,23	 x16=0x00000004
        1138733	     56835	8000b29e	d55f4213	xori	x4,x30,-683	 x30:0x00000000  x4=0xfffffd55
        1138753	     56836	8000b2a2	e83b1137	lui	x2,0xe83b1	  x2=0xe83b1000
        1138773	     56837	8000b2a6	037ec063	blt	x29,x23,8000b2c6	 x29:0x00000001 x23:0x00000000
        1138913	     56844	8000b2aa	01b6e663	bltu	x13,x27,8000b2b6	 x13:0x000000f0 x27:0xffffffff
        1139333	     56865	8000b2b6	01a95213	srli	x4,x18,0x1a	 x18:0x80021df4  x4=0x00000020
        1139453	     56871	8000b2ba	00e6d663	bge	x13,x14,8000b2c6	 x13:0x000000f0 x14:0x00000210
        1139473	     56872	8000b2be	8419	c.srai	x8,0x6	  x8:0x00000000  x8=0x00000000
        1139493	     56873	8000b2c0	0001	c.addi	x0,0	  x0:0x00000000  x0=0x00000000
        1139893	     56893	8000b2c2	340bdef3	csrrwi	x29,mscratch,23	 x29=0x00000017
        1139913	     56894	8000b2c6	4efd	c.li	x29,31	 x29=0x0000001f
        1140233	     56910	8000b2c8	01408f63	beq	x1,x20,8000b2e6	  x1:0x00000000 x20:0x00000008
        1140253	     56911	8000b2cc	00ee4663	blt	x28,x14,8000b2d8	 x28:0x00000001 x14:0x00000210
        1141453	     56971	8000b2d8	40e854b3	sra	x9,x16,x14	 x16:0x00000004 x14:0x00000210  x9=0x00000000
        1141473	     56972	8000b2dc	c1a9	c.beqz	x11,8000b31e	 x11:0xfffffffe
        1141493	     56973	8000b2de	8f65	c.and	x14,x9	 x14:0x00000210  x9:0x00000000 x14=0x00000000
        1141673	     56982	8000b2e0	0a8c	c.addi4spn	x11,x2,336	 x11=0xe83b1150
        1142093	     57003	8000b2e2	0000b6b3	sltu	x13,x1,x0	  x1:0x00000000  x0:0x00000000 x13=0x00000000
        1142113	     57004	8000b2e6	3408d4f3	csrrwi	x9,mscratch,17	  x9=0x00000017
        1142133	     57005	8000b2ea	6165	c.addi16sp	x2,112	  x2:0xe83b1000  x2=0xe83b1070
        1142193	     57008	8000b2ec	03d1ba33	mulhu	x20,x3,x29	  x3:0x00000210 x29:0x0000001f x20=0x00000000
        1142213	     57009	8000b2f0	043e1063	bne	x28,x3,8000b330	 x28:0x00000001  x3:0x00000210
        1142333	     57015	8000b330	c28d	c.beqz	x13,8000b352	 x13:0x00000000
        1143193	     57058	8000b352	03dbd963	bge	x23,x29,8000b384	 x23:0x00000000 x29:0x0000001f
        1143213	     57059	8000b356	9f1236b7	lui	x13,0x9f123	 x13=0x9f123000
        1143233	     57060	8000b35a	682d	c.lui	x16,0xb	 x16=0x0000b000
        1143493	     57073	8000b35c	8fbd	c.xor	x15,x15	 x15:0x00000001 x15:0x00000001 x15=0x00000000
        1143513	     57074	8000b35e	187d	c.addi	x16,-1	 x16:0x0000b000 x16=0x0000afff
        1143813	     57089	8000b360	037a4f63	blt	x20,x23,8000b39e	 x20:0x00000000 x23:0x00000000
        1143833	     57090	8000b364	340f73f3	csrrci	x7,mscratch,30	  x7=0x00000011
        1143853	     57091	8000b368	0004d693	srli	x13,x9,0x0	  x9:0x00000017 x13=0x00000017
        1143873	     57092	8000b36c	05b96163	bltu	x18,x27,8000b3ae	 x18:0x80021df4 x27:0xffffffff
        1145053	     57151	8000b3ae	030dd133	divu	x2,x27,x16	 x27:0xffffffff x16:0x0000afff  x2=0x0001745f
        1145073	     57152	8000b3b2	8276	c.mv	x4,x29	  x0:0x00000000 x29:0x0000001f  x4=0x0000001f
        1145113	     57154	8000b3b4	03e93733	mulhu	x14,x18,x30	 x18:0x80021df4 x30:0x00000000 x14=0x00000000
        1145133	     57155	8000b3b8	47f47c13	andi	x24,x8,1151	  x8:0x00000000 x24=0x00000000
        1145153	     57156	8000b3bc	831e	c.mv	x6,x7	  x0:0x00000000  x7:0x00000011  x6=0x00000011
        1145173	     57157	8000b3be	c615	c.beqz	x12,8000b3ea	 x12:0x00000000
        1145833	     57190	8000b3ea	8991	c.andi	x11,4	 x11:0xe83b1150 x11=0x00000000
        1145853	     57191	8000b3ec	8515	c.srai	x10,0x5	 x10:0x00000000 x10=0x00000000
        1145873	     57192	8000b3ee	3403aef3	csrrs	x29,mscratch,x7	  x7:0x00000011 x29=0x00000001
        1145893	     57193	8000b3f2	717d	c.addi16sp	x2,-16	  x2:0x0001745f  x2=0x0001744f
        1146633	     57230	8000b3f4	02566633	rem	x12,x12,x5	 x12:0x00000000  x5:0x80025ce4 x12=0x00000000
        1146653	     57231	8000b3f8	0048cbb3	xor	x23,x17,x4	 x17:0x0000001b  x4:0x0000001f x23=0x00000004
        1146673	     57232	8000b3fc	3400b1f3	csrrc	x3,mscratch,x1	  x1:0x00000000  x3=0x00000011
        1147413	     57269	8000b400	031fd733	divu	x14,x31,x17	 x31:0x80000000 x17:0x0000001b x14=0x04bda12f
        1147433	     57270	8000b404	0679	c.addi	x12,30	 x12:0x00000000 x12=0x0000001e
        1147453	     57271	8000b406	00e54b63	blt	x10,x14,8000b41c	 x10:0x00000000 x14:0x04bda12f
        1147533	     57275	8000b41c	01a10e63	beq	x2,x26,8000b438	  x2:0x0001744f x26:0x00024000
        1147573	     57277	8000b420	8eb9	c.xor	x13,x14	 x13:0x00000017 x14:0x04bda12f x13=0x04bda138
        1147633	     57280	8000b422	00702a33	slt	x20,x0,x7	  x0:0x00000000  x7:0x00000011 x20=0x00000001
        1147813	     57289	8000b426	00af3a33	sltu	x20,x30,x10	 x30:0x00000000 x10:0x00000000 x20=0x00000000
        1147833	     57290	8000b42a	568fa493	slti	x9,x31,1384	 x31:0x80000000  x9=0x00000001
        1147853	     57291	8000b42e	9dc6	c.add	x27,x17	 x27:0xffffffff x17:0x0000001b x27=0x0000001a
        1148253	     57311	8000b430	0ff0000f	fence	iorw,iorw	
        1148273	     57312	8000b434	340025f3	csrrs	x11,mscratch,x0	  x0:0x00000000 x11=0x00000011
        1148693	     57333	8000b438	01c199b3	sll	x19,x3,x28	  x3:0x00000011 x28:0x00000001 x19=0x00000022
        1149113	     57354	8000b43c	651ec093	xori	x1,x29,1617	 x29:0x00000001  x1=0x00000650
        1149133	     57355	8000b440	98ee	c.add	x17,x27	 x17:0x0000001b x27:0x0000001a x17=0x00000035
        1149313	     57364	8000b442	03319263	bne	x3,x19,8000b466	  x3:0x00000011 x19:0x00000022
        1153893	     57593	8000b466	0388	c.addi4spn	x10,x2,448	 x10=0x0001760f
        1153913	     57594	8000b468	0000100f	fence.i	
        1154213	     57609	8000b46c	004c0733	add	x14,x24,x4	 x24:0x00000000  x4:0x0000001f x14=0x0000001f
        1154293	     57613	8000b470	340020f3	csrrs	x1,mscratch,x0	  x0:0x00000000  x1=0x00000011
        1154313	     57614	8000b474	00386533	or	x10,x16,x3	 x16:0x0000afff  x3:0x00000011 x10=0x0000afff
        1154333	     57615	8000b478	006a71b3	and	x3,x20,x6	 x20:0x00000000  x6:0x00000011  x3=0x00000000
        1154413	     57619	8000b47c	a288cd93	xori	x27,x17,-1496	 x17:0x00000035 x27=0xfffffa1d
        1154793	     57638	8000b480	01449133	sll	x2,x9,x20	  x9:0x00000001 x20:0x00000000  x2=0x00000001
        1154913	     57644	8000b484	01f90563	beq	x18,x31,8000b48e	 x18:0x80021df4 x31:0x80000000
        1154953	     57646	8000b488	bc41a393	slti	x7,x3,-1084	  x3:0x00000000  x7=0x00000000
        1155313	     57664	8000b48c	6989	c.lui	x19,0x2	 x19=0x00002000
        1155333	     57665	8000b48e	403754b3	sra	x9,x14,x3	 x14:0x0000001f  x3:0x00000000  x9=0x0000001f
        1155353	     57666	8000b492	4781	c.li	x15,0	 x15=0x00000000
        1155673	     57682	8000b494	34075cf3	csrrwi	x25,mscratch,14	 x25=0x00000011
        1155713	     57684	8000b498	02cd9bb3	mulh	x23,x27,x12	 x27:0xfffffa1d x12:0x0000001e x23=0xffffffff
        1155733	     57685	8000b49c	001a9c63	bne	x21,x1,8000b4b4	 x21:0x00000008  x1:0x00000011
        1156053	     57701	8000b4b4	0ff0000f	fence	iorw,iorw	
        1156073	     57702	8000b4b8	00725f93	srli	x31,x4,0x7	  x4:0x0000001f x31=0x00000000
        1156093	     57703	8000b4bc	0356c663	blt	x13,x21,8000b4e8	 x13:0x04bda138 x21:0x00000008
        1156433	     57720	8000b4c0	020a8e33	mul	x28,x21,x0	 x21:0x00000008  x0:0x00000000 x28=0x00000000
        1157533	     57775	8000b4c4	02d3e5b3	rem	x11,x7,x13	  x7:0x00000000 x13:0x04bda138 x11=0x00000000
        1157553	     57776	8000b4c8	8e25	c.xor	x12,x9	 x12:0x0000001e  x9:0x0000001f x12=0x00000001
        1157573	     57777	8000b4ca	406051b3	sra	x3,x0,x6	  x0:0x00000000  x6:0x00000011  x3=0x00000000
        1157593	     57778	8000b4ce	84d9	c.srai	x9,0x16	  x9:0x0000001f  x9=0x00000000
        1157613	     57779	8000b4d0	8c36	c.mv	x24,x13	  x0:0x00000000 x13:0x04bda138 x24=0x04bda138
        1158353	     57816	8000b4d2	026a5333	divu	x6,x20,x6	 x20:0x00000000  x6:0x00000011  x6=0x00000000
        1158373	     57817	8000b4d6	002cdd33	srl	x26,x25,x2	 x25:0x00000011  x2:0x00000001 x26=0x00000008
        1158393	     57818	8000b4da	546b3993	sltiu	x19,x22,1350	 x22:0xdd76a18d x19=0x00000000
        1158413	     57819	8000b4de	01becdb3	xor	x27,x29,x27	 x29:0x00000001 x27:0xfffffa1d x27=0xfffffa1c
        1158433	     57820	8000b4e2	340061f3	csrrsi	x3,mscratch,0	  x3=0x0000000e
        1158453	     57821	8000b4e6	1c88	c.addi4spn	x10,x2,624	 x10=0x00000271
        1158473	     57822	8000b4e8	0284	c.addi4spn	x9,x2,320	  x9=0x00000141
        1158513	     57824	8000b4ea	340f29f3	csrrs	x19,mscratch,x30	 x30:0x00000000 x19=0x0000000e
        1158573	     57827	8000b4ee	0000100f	fence.i	
        1159653	     57881	8000b4f2	0353a4b3	mulhsu	x9,x7,x21	  x7:0x00000000 x21:0x00000008  x9=0x00000000
        1159673	     57882	8000b4f6	885a	c.mv	x16,x22	  x0:0x00000000 x22:0xdd76a18d x16=0xdd76a18d
        1159753	     57886	8000b4f8	340e1273	csrrw	x4,mscratch,x28	 x28:0x00000000  x4=0x0000000e
        1159773	     57887	8000b4fc	0000100f	fence.i	
        1160253	     57911	8000b500	8f85	c.sub	x15,x9	 x15:0x00000000  x9:0x00000000 x15=0x00000000
        1160273	     57912	8000b502	1fb2a637	lui	x12,0x1fb2a	 x12=0x1fb2a000
        1161013	     57949	8000b506	0320d333	divu	x6,x1,x18	  x1:0x00000011 x18:0x80021df4  x6=0x00000000
        1161033	     57950	8000b50a	009b7fb3	and	x31,x22,x9	 x22:0xdd76a18d  x9:0x00000000 x31=0x00000000
        1161053	     57951	8000b50e	045e8463	beq	x29,x5,8000b556	 x29:0x00000001  x5:0x80025ce4
        1161793	     57988	8000b512	024eefb3	rem	x31,x29,x4	 x29:0x00000001  x4:0x0000000e x31=0x00000001
        1161813	     57989	8000b516	340061f3	csrrsi	x3,mscratch,0	  x3=0x00000000
        1162553	     58026	8000b51a	0325e3b3	rem	x7,x11,x18	 x11:0x00000000 x18:0x80021df4  x7=0x00000000
        1162573	     58027	8000b51e	00b38563	beq	x7,x11,8000b528	  x7:0x00000000 x11:0x00000000
        1162673	     58032	8000b528	e999	c.bnez	x11,8000b53e	 x11:0x00000000
        1162853	     58041	8000b52a	34006cf3	csrrsi	x25,mscratch,0	 x25=0x00000000
        1162873	     58042	8000b52e	407e5cb3	sra	x25,x28,x7	 x28:0x00000000  x7:0x00000000 x25=0x00000000
        1162933	     58045	8000b532	2a878b93	addi	x23,x15,680	 x15:0x00000000 x23=0x000002a8
        1163093	     58053	8000b536	995b2393	slti	x7,x22,-1643	 x22:0xdd76a18d  x7=0x00000001
        1163153	     58056	8000b53a	011a6663	bltu	x20,x17,8000b546	 x20:0x00000000 x17:0x00000035
        1163493	     58073	8000b546	0000100f	fence.i	
        1164033	     58100	8000b54a	004bd3b3	srl	x7,x23,x4	 x23:0x000002a8  x4:0x0000000e  x7=0x00000000
        1164113	     58104	8000b54e	340ef073	csrrci	x0,mscratch,29	  x0=0x00000000
        1164133	     58105	8000b552	02424663	blt	x4,x4,8000b57e	  x4:0x0000000e  x4:0x0000000e
        1164153	     58106	8000b556	127d	c.addi	x4,-1	  x4:0x0000000e  x4=0x0000000d
        1164173	     58107	8000b558	02306163	bltu	x0,x3,8000b57a	  x0:0x00000000  x3:0x00000000
        1164193	     58108	8000b55c	01c59d63	bne	x11,x28,8000b576	 x11:0x00000000 x28:0x00000000
        1164213	     58109	8000b560	34003f73	csrrc	x30,mscratch,x0	  x0:0x00000000 x30=0x00000000
        1164233	     58110	8000b564	030ee763	bltu	x29,x16,8000b592	 x29:0x00000001 x16:0xdd76a18d
        1164933	     58145	8000b592	0a934793	xori	x15,x6,169	  x6:0x00000000 x15=0x000000a9
        1164953	     58146	8000b596	06ae	c.slli	x13,0xb	 x13:0x04bda138 x13=0xed09c000
        1165353	     58166	8000b598	8aa5	c.andi	x13,9	 x13:0xed09c000 x13=0x00000000
        1165373	     58167	8000b59a	1800	c.addi4spn	x8,x2,48	  x8=0x00000031
        1165733	     58185	8000b59c	0ca2	c.slli	x25,0x8	 x25:0x00000000 x25=0x00000000
        1165753	     58186	8000b59e	1208	c.addi4spn	x10,x2,288	 x10=0x00000121
        1165773	     58187	8000b5a0	7209f213	andi	x4,x19,1824	 x19:0x0000000e  x4=0x00000000
        1166193	     58208	8000b5a4	02774033	div	x0,x14,x7	 x14:0x0000001f  x7:0x00000000  x0=0x00000000
        1166273	     58212	8000b5a8	0669	c.addi	x12,26	 x12:0x1fb2a000 x12=0x1fb2a01a
        1166393	     58218	8000b5aa	34003df3	csrrc	x27,mscratch,x0	  x0:0x00000000 x27=0x00000000
        1166413	     58219	8000b5ae	0a3a	c.slli	x20,0xe	 x20:0x00000000 x20=0x00000000
        1166433	     58220	8000b5b0	0177d213	srli	x4,x15,0x17	 x15:0x000000a9  x4=0x00000000
        1166573	     58227	8000b5b4	0c32	c.slli	x24,0xc	 x24:0x04bda138 x24=0xda138000
        1166593	     58228	8000b5b6	078c	c.addi4spn	x11,x2,960	 x11=0x000003c1
        1166613	     58229	8000b5b8	016290b3	sll	x1,x5,x22	  x5:0x80025ce4 x22:0xdd76a18d  x1=0x4b9c8000
        1166673	     58232	8000b5bc	717d	c.addi16sp	x2,-16	  x2:0x00000001  x2=0xfffffff1
        1166693	     58233	8000b5be	84d9	c.srai	x9,0x16	  x9:0x00000000  x9=0x00000000
        1166713	     58234	8000b5c0	34085c73	csrrwi	x24,mscratch,16	 x24=0x00000000
        1166733	     58235	8000b5c4	e128f613	andi	x12,x17,-494	 x17:0x00000035 x12=0x00000010
        1166893	     58243	8000b5c8	032a2c33	mulhsu	x24,x20,x18	 x20:0x00000000 x18:0x80021df4 x24=0x00000000
        1166913	     58244	8000b5cc	026be063	bltu	x23,x6,8000b5ec	 x23:0x000002a8  x6:0x00000000
        1167073	     58252	8000b5d0	b0fd3b93	sltiu	x23,x26,-1265	 x26:0x00000008 x23=0x00000001
        1167113	     58254	8000b5d4	0001	c.addi	x0,0	  x0:0x00000000  x0=0x00000000
        1167133	     58255	8000b5d6	ac786693	ori	x13,x16,-1337	 x16:0xdd76a18d x13=0xfffffbcf
        1167173	     58257	8000b5da	02464cb3	div	x25,x12,x4	 x12:0x00000010  x4:0x00000000 x25=0xffffffff
        1167333	     58265	8000b5de	01f92ab3	slt	x21,x18,x31	 x18:0x80021df4 x31:0x00000001 x21=0x00000001
        1167473	     58272	8000b5e2	00fcd413	srli	x8,x25,0xf	 x25:0xffffffff  x8=0x0001ffff
        1167493	     58273	8000b5e6	717d	c.addi16sp	x2,-16	  x2:0xfffffff1  x2=0xffffffe1
        1167593	     58278	8000b5e8	e4404393	xori	x7,x0,-444	  x0:0x00000000  x7=0xfffffe44
        1167613	     58279	8000b5ec	00a743b3	xor	x7,x14,x10	 x14:0x0000001f x10:0x00000121  x7=0x0000013e
        1167873	     58292	8000b5f0	0243e333	rem	x6,x7,x4	  x7:0x0000013e  x4:0x00000000  x6=0x0000013e
        1167893	     58293	8000b5f4	01886e33	or	x28,x16,x24	 x16:0xdd76a18d x24:0x00000000 x28=0xdd76a18d
        1168293	     58313	8000b5f8	40bc8cb3	sub	x25,x25,x11	 x25:0xffffffff x11:0x000003c1 x25=0xfffffc3e
        1168313	     58314	8000b5fc	997d	c.andi	x10,-1	 x10:0x00000121 x10=0x00000121
        1168333	     58315	8000b5fe	8289	c.srli	x13,0x2	 x13:0xfffffbcf x13=0x3ffffef3
        1168353	     58316	8000b600	85233993	sltiu	x19,x6,-1966	  x6:0x0000013e x19=0x00000001
        1168373	     58317	8000b604	0399	c.addi	x7,6	  x7:0x0000013e  x7=0x00000144
        1168393	     58318	8000b606	003d2233	slt	x4,x26,x3	 x26:0x00000008  x3:0x00000000  x4=0x00000000
        1168493	     58323	8000b60a	0ff0000f	fence	iorw,iorw	
        1168753	     58336	8000b60e	0301a7b3	mulhsu	x15,x3,x16	  x3:0x00000000 x16:0xdd76a18d x15=0x00000000
        1168773	     58337	8000b612	065a	c.slli	x12,0x16	 x12:0x00000010 x12=0x04000000
        1168793	     58338	8000b614	8661	c.srai	x12,0x18	 x12:0x04000000 x12=0x00000004
        1168813	     58339	8000b616	0001	c.addi	x0,0	  x0:0x00000000  x0=0x00000000
        1168833	     58340	8000b618	8ef5	c.and	x13,x13	 x13:0x3ffffef3 x13:0x3ffffef3 x13=0x3ffffef3
        1168953	     58346	8000b61a	340da7f3	csrrs	x15,mscratch,x27	 x27:0x00000000 x15=0x00000010
        1169373	     58367	8000b61e	415ad313	srai	x6,x21,0x15	 x21:0x00000001  x6=0x00000000
        1169393	     58368	8000b622	1a04	c.addi4spn	x9,x2,304	  x9=0x00000111
        1169493	     58373	8000b624	340edbf3	csrrwi	x23,mscratch,29	 x23=0x00000010
        1169633	     58380	8000b628	02054c33	div	x24,x10,x0	 x10:0x00000121  x0:0x00000000 x24=0xffffffff
        1169653	     58381	8000b62c	8d29	c.xor	x10,x10	 x10:0x00000121 x10:0x00000121 x10=0x00000000
        1169693	     58383	8000b62e	03ce1033	mulh	x0,x28,x28	 x28:0xdd76a18d x28:0xdd76a18d  x0=0x00000000
        1169713	     58384	8000b632	007e5513	srli	x10,x28,0x7	 x28:0xdd76a18d x10=0x01baed43
        1169793	     58388	8000b636	03c9bd33	mulhu	x26,x19,x28	 x19:0x00000001 x28:0xdd76a18d x26=0x00000000
        1169933	     58395	8000b63a	02481863	bne	x16,x4,8000b66a	 x16:0xdd76a18d  x4:0x00000000
        1170633	     58430	8000b66a	0000100f	fence.i	
        1170793	     58438	8000b66e	01aaa833	slt	x16,x21,x26	 x21:0x00000001 x26:0x00000000 x16=0x00000000
        1171053	     58451	8000b672	01bd6563	bltu	x26,x27,8000b67c	 x26:0x00000000 x27:0x00000000
        1171473	     58472	8000b676	016da3b3	slt	x7,x27,x22	 x27:0x00000000 x22:0xdd76a18d  x7=0x00000000
        1171493	     58473	8000b67a	0001	c.addi	x0,0	  x0:0x00000000  x0=0x00000000
        1171613	     58479	8000b67c	1804	c.addi4spn	x9,x2,48	  x9=0x00000011
        1171633	     58480	8000b67e	0d75	c.addi	x26,29	 x26:0x00000000 x26=0x0000001d
        1172033	     58500	8000b680	84d5	c.srai	x9,0x15	  x9:0x00000011  x9=0x00000000
        1172273	     58512	8000b682	014c4eb3	xor	x29,x24,x20	 x24:0xffffffff x20:0x00000000 x29=0xffffffff
        1172293	     58513	8000b686	00f21413	slli	x8,x4,0xf	  x4:0x00000000  x8=0x00000000
        1172313	     58514	8000b68a	08cd	c.addi	x17,19	 x17:0x00000035 x17=0x00000048
        1172373	     58517	8000b68c	81f1	c.srli	x11,0x1c	 x11:0x000003c1 x11=0x00000000
        1172393	     58518	8000b68e	ed89	c.bnez	x11,8000b6a8	 x11:0x00000000
        1172553	     58526	8000b690	ca09	c.beqz	x12,8000b6a2	 x12:0x00000004
        1172753	     58536	8000b692	01c70b63	beq	x14,x28,8000b6a8	 x14:0x0000001f x28:0xdd76a18d
        1172773	     58537	8000b696	03757363	bgeu	x10,x23,8000b6bc	 x10:0x01baed43 x23:0x00000010
        1173753	     58586	8000b6bc	03f64ab3	div	x21,x12,x31	 x12:0x00000004 x31:0x00000001 x21=0x00000004
        1173773	     58587	8000b6c0	016226b3	slt	x13,x4,x22	  x4:0x00000000 x22:0xdd76a18d x13=0x00000000
        1173793	     58588	8000b6c4	d95d6093	ori	x1,x26,-619	 x26:0x0000001d  x1=0xfffffd9d
        1173833	     58590	8000b6c8	03404333	div	x6,x0,x20	  x0:0x00000000 x20:0x00000000  x6=0xffffffff
        1173853	     58591	8000b6cc	089c	c.addi4spn	x15,x2,80	 x15=0x00000031
        1173873	     58592	8000b6ce	34002af3	csrrs	x21,mscratch,x0	  x0:0x00000000 x21=0x0000001d
        1173893	     58593	8000b6d2	8d75	c.and	x10,x13	 x10:0x01baed43 x13:0x00000000 x10=0x00000000
        1173913	     58594	8000b6d4	ca89	c.beqz	x13,8000b6e6	 x13:0x00000000
        1174113	     58604	8000b6e6	411bd413	srai	x8,x23,0x11	 x23:0x00000010  x8=0x00000000
        1174133	     58605	8000b6ea	9a9e	c.add	x21,x7	 x21:0x0000001d  x7:0x00000000 x21=0x0000001d
        1174173	     58607	8000b6ec	035c2bb3	mulhsu	x23,x24,x21	 x24:0xffffffff x21:0x0000001d x23=0xffffffff
        1174553	     58626	8000b6f0	762ec993	xori	x19,x29,1890	 x29:0xffffffff x19=0xfffff89d
        1174573	     58627	8000b6f4	41a65093	srai	x1,x12,0x1a	 x12:0x00000004  x1=0x00000000
        1174613	     58629	8000b6f8	01897ab3	and	x21,x18,x24	 x18:0x80021df4 x24:0xffffffff x21=0x80021df4
        1174633	     58630	8000b6fc	0091da33	srl	x20,x3,x9	  x3:0x00000000  x9:0x00000000 x20=0x00000000
        1174773	     58637	8000b700	21757c37	lui	x24,0x21757	 x24=0x21757000
        1175513	     58674	8000b704	03214ab3	div	x21,x2,x18	  x2:0xffffffe1 x18:0x80021df4 x21=0x00000000
        1175533	     58675	8000b708	34043cf3	csrrc	x25,mscratch,x8	  x8:0x00000000 x25=0x0000001d
        1175553	     58676	8000b70c	fed58817	auipc	x16,0xfed58	 x16=0x7ed6370c
        1175573	     58677	8000b710	1604	c.addi4spn	x9,x2,800	  x9=0x00000301
        1176313	     58714	8000b712	03fc7eb3	remu	x29,x24,x31	 x24:0x21757000 x31:0x00000001 x29=0x00000000
        1176333	     58715	8000b716	ca05	c.beqz	x12,8000b746	 x12:0x00000004
        1176353	     58716	8000b718	0108d013	srli	x0,x17,0x10	 x17:0x00000048  x0=0x00000000
        1176373	     58717	8000b71c	340c55f3	csrrwi	x11,mscratch,24	 x11=0x0000001d
        1176393	     58718	8000b720	0f917693	andi	x13,x2,249	  x2:0xffffffe1 x13=0x000000e1
        1176413	     58719	8000b724	0001	c.addi	x0,0	  x0:0x00000000  x0=0x00000000
        1176433	     58720	8000b726	03c2d063	bge	x5,x28,8000b746	  x5:0x80025ce4 x28:0xdd76a18d
        1176453	     58721	8000b72a	4e95	c.li	x29,5	 x29=0x00000005
        1176473	     58722	8000b72c	405653b3	sra	x7,x12,x5	 x12:0x00000004  x5:0x80025ce4  x7=0x00000000
        1176493	     58723	8000b730	01330133	add	x2,x6,x19	  x6:0xffffffff x19:0xfffff89d  x2=0xfffff89c
        1176713	     58734	8000b734	007f8563	beq	x31,x7,8000b73e	 x31:0x00000001  x7:0x00000000
        1177033	     58750	8000b738	ce19	c.beqz	x12,8000b756	 x12:0x00000004
        1177053	     58751	8000b73a	0096ccb3	xor	x25,x13,x9	 x13:0x000000e1  x9:0x00000301 x25=0x000003e0
        1177073	     58752	8000b73e	416d8633	sub	x12,x27,x22	 x27:0x00000000 x22:0xdd76a18d x12=0x22895e73
        1177493	     58773	8000b742	0000100f	fence.i	
        1178373	     58817	8000b746	012a8663	beq	x21,x18,8000b752	 x21:0x00000000 x18:0x80021df4
        1178533	     58825	8000b74a	00b35e13	srli	x28,x6,0xb	  x6:0xffffffff x28=0x001fffff
        1178553	     58826	8000b74e	01901713	slli	x14,x0,0x19	  x0:0x00000000 x14=0x00000000
        1178573	     58827	8000b752	7abd5f37	lui	x30,0x7abd5	 x30=0x7abd5000
        1178593	     58828	8000b756	0035e033	or	x0,x11,x3	 x11:0x0000001d  x3:0x00000000  x0=0x00000000
        1178613	     58829	8000b75a	8f2d	c.xor	x14,x11	 x14:0x00000000 x11:0x0000001d x14=0x0000001d
        1179353	     58866	8000b75c	031b4533	div	x10,x22,x17	 x22:0xdd76a18d x17:0x00000048 x10=0xff853406
        1179373	     58867	8000b760	00fa4d33	xor	x26,x20,x15	 x20:0x00000000 x15:0x00000031 x26=0x00000031
        1180113	     58904	8000b764	02fa7db3	remu	x27,x20,x15	 x20:0x00000000 x15:0x00000031 x27=0x00000000
        1180133	     58905	8000b768	0001	c.addi	x0,0	  x0:0x00000000  x0=0x00000000
        1180153	     58906	8000b76a	29eeac13	slti	x24,x29,670	 x29:0x00000005 x24=0x00000001
        1180173	     58907	8000b76e	0094ec63	bltu	x9,x9,8000b786	  x9:0x00000301  x9:0x00000301
        1180193	     58908	8000b772	c8a93db7	lui	x27,0xc8a93	 x27=0xc8a93000
        1180213	     58909	8000b776	9bfd	c.andi	x15,-1	 x15:0x00000031 x15=0x00000031
        1180233	     58910	8000b778	0cc12613	slti	x12,x2,204	  x2:0xfffff89c x12=0x00000001
        1180253	     58911	8000b77c	017bc4b3	xor	x9,x23,x23	 x23:0xffffffff x23:0xffffffff  x9=0x00000000
        1180993	     58948	8000b780	03cf41b3	div	x3,x30,x28	 x30:0x7abd5000 x28:0x001fffff  x3=0x000003d5
        1181013	     58949	8000b784	0392	c.slli	x7,0x4	  x7:0x00000000  x7=0x00000000
        1181033	     58950	8000b786	8ea9	c.xor	x13,x10	 x13:0x000000e1 x10:0xff853406 x13=0xff8534e7
        1181073	     58952	8000b788	02081cb3	mulh	x25,x16,x0	 x16:0x7ed6370c  x0:0x00000000 x25=0x00000000
        1181093	     58953	8000b78c	9d96	c.add	x27,x5	 x27:0xc8a93000  x5:0x80025ce4 x27=0x48ab8ce4
        1181113	     58954	8000b78e	0001	c.addi	x0,0	  x0:0x00000000  x0=0x00000000
        1181133	     58955	8000b790	0174e733	or	x14,x9,x23	  x9:0x00000000 x23:0xffffffff x14=0xffffffff
        1181173	     58957	8000b794	0211e5b3	rem	x11,x3,x1	  x3:0x000003d5  x1:0x00000000 x11=0x000003d5
        1181293	     58963	8000b798	9558b393	sltiu	x7,x17,-1707	 x17:0x00000048  x7=0x00000001
        1181333	     58965	8000b79c	03a1b833	mulhu	x16,x3,x26	  x3:0x000003d5 x26:0x00000031 x16=0x00000000
        1181513	     58974	8000b7a0	127d	c.addi	x4,-1	  x4:0x00000000  x4=0xffffffff
        1181533	     58975	8000b7a2	6baf2e13	slti	x28,x30,1722	 x30:0x7abd5000 x28=0x00000000
        1181673	     58982	8000b7a6	340d9ff3	csrrw	x31,mscratch,x27	 x27:0x48ab8ce4 x31=0x00000018
        1181693	     58983	8000b7aa	8e91	c.sub	x13,x12	 x13:0xff8534e7 x12:0x00000001 x13=0xff8534e6
        1181713	     58984	8000b7ac	0177f033	and	x0,x15,x23	 x15:0x00000031 x23:0xffffffff  x0=0x00000000
        1181873	     58992	8000b7b0	121c	c.addi4spn	x15,x2,288	 x15=0xfffff9bc
        1181893	     58993	8000b7b2	6419	c.lui	x8,0x6	  x8=0x00006000
        1181913	     58994	8000b7b4	34007373	csrrci	x6,mscratch,0	  x6=0x48ab8ce4
        1182313	     59014	8000b7b8	038f8463	beq	x31,x24,8000b7e0	 x31:0x00000018 x24:0x00000001
        1182333	     59015	8000b7bc	8e85	c.sub	x13,x9	 x13:0xff8534e6  x9:0x00000000 x13=0xff8534e6
        1182373	     59017	8000b7be	022fbeb3	mulhu	x29,x31,x2	 x31:0x00000018  x2:0xfffff89c x29=0x00000017
        1182393	     59018	8000b7c2	00ee5b63	bge	x28,x14,8000b7d8	 x28:0x00000000 x14:0xffffffff
        1189573	     59377	8000b7d8	400fdd33	sra	x26,x31,x0	 x31:0x00000018  x0:0x00000000 x26=0x00000018
        1189593	     59378	8000b7dc	0294d263	bge	x9,x9,8000b800	  x9:0x00000000  x9:0x00000000
        1190093	     59403	8000b800	00a324b3	slt	x9,x6,x10	  x6:0x48ab8ce4 x10:0xff853406  x9=0x00000000
        1190513	     59424	8000b804	81bd	c.srli	x11,0xf	 x11:0x000003d5 x11=0x00000000
        1190533	     59425	8000b806	86a9	c.srai	x13,0xa	 x13:0xff8534e6 x13=0xffffe14d
        1190593	     59428	8000b808	9afd	c.andi	x13,-1	 x13:0xffffe14d x13=0xffffe14d
        1191013	     59449	8000b80a	01f75f13	srli	x30,x14,0x1f	 x14:0xffffffff x30=0x00000001
        1191433	     59470	8000b80e	0e38a493	slti	x9,x17,227	 x17:0x00000048  x9=0x00000001
        1191453	     59471	8000b812	04f89163	bne	x17,x15,8000b854	 x17:0x00000048 x15:0xfffff9bc
        1191653	     59481	8000b854	062d	c.addi	x12,11	 x12:0x00000001 x12=0x0000000c
        1191913	     59494	8000b856	012a15b3	sll	x11,x20,x18	 x20:0x00000000 x18:0x80021df4 x11=0x00000000
        1191933	     59495	8000b85a	8eb1	c.xor	x13,x12	 x13:0xffffe14d x12:0x0000000c x13=0xffffe141
        1191973	     59497	8000b85c	0341ec33	rem	x24,x3,x20	  x3:0x000003d5 x20:0x00000000 x24=0x000003d5
        1192073	     59502	8000b860	007d9493	slli	x9,x27,0x7	 x27:0x48ab8ce4  x9=0x55c67200
        1192093	     59503	8000b864	01226f63	bltu	x4,x18,8000b882	  x4:0xffffffff x18:0x80021df4
        1192173	     59507	8000b868	6115	c.addi16sp	x2,288	  x2:0xfffff89c  x2=0xfffff9bc
        1192193	     59508	8000b86a	0f32	c.slli	x30,0xc	 x30:0x00000001 x30=0x00001000
        1192313	     59514	8000b86c	0ff0000f	fence	iorw,iorw	
        1192433	     59520	8000b870	3a760793	addi	x15,x12,935	 x12:0x0000000c x15=0x000003b3
        1192453	     59521	8000b874	0d88	c.addi4spn	x10,x2,720	 x10=0xfffffc8c
        1192873	     59542	8000b876	05fe2c97	auipc	x25,0x5fe2	 x25=0x85fed876
        1193293	     59563	8000b87a	02dc7f63	bgeu	x24,x13,8000b8b8	 x24:0x000003d5 x13:0xffffe141
        1193413	     59569	8000b87e	004c5a93	srli	x21,x24,0x4	 x24:0x000003d5 x21=0x0000003d
        1193433	     59570	8000b882	00e8d1b3	srl	x3,x17,x14	 x17:0x00000048 x14:0xffffffff  x3=0x00000000
        1193453	     59571	8000b886	0572	c.slli	x10,0x1c	 x10:0xfffffc8c x10=0xc0000000
        1193853	     59591	8000b888	0562	c.slli	x10,0x18	 x10:0xc0000000 x10=0x00000000
        1194273	     59612	8000b88a	03601133	mulh	x2,x0,x22	  x0:0x00000000 x22:0xdd76a18d  x2=0x00000000
        1194293	     59613	8000b88e	8e0d	c.sub	x12,x11	 x12:0x0000000c x11:0x00000000 x12=0x0000000c
        1195033	     59650	8000b890	02c163b3	rem	x7,x2,x12	  x2:0x00000000 x12:0x0000000c  x7=0x00000000
        1195053	     59651	8000b894	010cbbb3	sltu	x23,x25,x16	 x25:0x85fed876 x16:0x00000000 x23=0x00000000
        1195073	     59652	8000b898	e999	c.bnez	x11,8000b8ae	 x11:0x00000000
        1195093	     59653	8000b89a	c48d	c.beqz	x9,8000b8c4	  x9:0x55c67200
        1195113	     59654	8000b89c	340a1a73	csrrw	x20,mscratch,x20	 x20:0x00000000 x20=0x48ab8ce4
        1195133	     59655	8000b8a0	0001	c.addi	x0,0	  x0:0x00000000  x0=0x00000000
        1195153	     59656	8000b8a2	038407b3	mul	x15,x8,x24	  x8:0x00006000 x24:0x000003d5 x15=0x016fe000
        1195173	     59657	8000b8a6	00593ab3	sltu	x21,x18,x5	 x18:0x80021df4  x5:0x80025ce4 x21=0x00000001
        1195593	     59678	8000b8aa	00bad193	srli	x3,x21,0xb	 x21:0x00000001  x3=0x00000000
        1195613	     59679	8000b8ae	98a9a313	slti	x6,x19,-1654	 x19:0xfffff89d  x6=0x00000001
        1195633	     59680	8000b8b2	1414	c.addi4spn	x13,x2,544	 x13=0x00000220
        1195733	     59685	8000b8b4	00284333	xor	x6,x16,x2	 x16:0x00000000  x2:0x00000000  x6=0x00000000
        1195833	     59690	8000b8b8	003b64b3	or	x9,x22,x3	 x22:0xdd76a18d  x3:0x00000000  x9=0xdd76a18d
        1195993	     59698	8000b8bc	82007393	andi	x7,x0,-2016	  x0:0x00000000  x7=0x00000000
        1196153	     59706	8000b8c0	233a7013	andi	x0,x20,563	 x20:0x48ab8ce4  x0=0x00000000
        1196173	     59707	8000b8c4	03cb9763	bne	x23,x28,8000b8f2	 x23:0x00000000 x28:0x00000000
        1196473	     59722	8000b8c8	01dfee63	bltu	x31,x29,8000b8e4	 x31:0x00000018 x29:0x00000017
        1196513	     59724	8000b8cc	0259b633	mulhu	x12,x19,x5	 x19:0xfffff89d  x5:0x80025ce4 x12=0x80025932
        1196653	     59731	8000b8d0	7a0a4813	xori	x16,x20,1952	 x20:0x48ab8ce4 x16=0x48ab8b44
        1197073	     59752	8000b8d4	02fef863	bgeu	x29,x15,8000b904	 x29:0x00000017 x15:0x016fe000
        1197093	     59753	8000b8d8	4105d893	srai	x17,x11,0x10	 x11:0x00000000 x17=0x00000000
        1197113	     59754	8000b8dc	00901eb3	sll	x29,x0,x9	  x0:0x00000000  x9:0xdd76a18d x29=0x00000000
        1197173	     59757	8000b8e0	4bce4013	xori	x0,x28,1212	 x28:0x00000000  x0=0x00000000
        1197333	     59765	8000b8e4	024b9c63	bne	x23,x4,8000b91c	 x23:0x00000000  x4:0xffffffff
        1198193	     59808	8000b91c	0386acb3	mulhsu	x25,x13,x24	 x13:0x00000220 x24:0x000003d5 x25=0x00000000
        1198613	     59829	8000b920	5e7d	c.li	x28,-1	 x28=0xffffffff
        1198833	     59840	8000b922	00380d63	beq	x16,x3,8000b93c	 x16:0x48ab8b44  x3:0x00000000
        1199573	     59877	8000b926	02eff9b3	remu	x19,x31,x14	 x31:0x00000018 x14:0xffffffff x19=0x00000018
        1199593	     59878	8000b92a	340c28f3	csrrs	x17,mscratch,x24	 x24:0x000003d5 x17=0x00000000
        1199613	     59879	8000b92e	01cc91b3	sll	x3,x25,x28	 x25:0x00000000 x28:0xffffffff  x3=0x00000000
        1199633	     59880	8000b932	86c5	c.srai	x13,0x11	 x13:0x00000220 x13=0x00000000
        1199653	     59881	8000b934	05a56263	bltu	x10,x26,8000b978	 x10:0x00000000 x26:0x00000018
        1200293	     59913	8000b978	004e07b3	add	x15,x28,x4	 x28:0xffffffff  x4:0xffffffff x15=0xfffffffe
        1200313	     59914	8000b97c	cf09	c.beqz	x14,8000b996	 x14:0xffffffff
        1200333	     59915	8000b97e	88d9	c.andi	x9,22	  x9:0xdd76a18d  x9=0x00000004
        1200353	     59916	8000b980	011fdc33	srl	x24,x31,x17	 x31:0x00000018 x17:0x00000000 x24=0x00000018
        1200373	     59917	8000b984	00fcf663	bgeu	x25,x15,8000b990	 x25:0x00000000 x15:0xfffffffe
        1200393	     59918	8000b988	5d2e67b7	lui	x15,0x5d2e6	 x15=0x5d2e6000
        1200753	     59936	8000b98c	404d5033	sra	x0,x26,x4	 x26:0x00000018  x4:0xffffffff  x0=0x00000000
        1200813	     59939	8000b990	48ad	c.li	x17,11	 x17=0x0000000b
        1200833	     59940	8000b992	0001	c.addi	x0,0	  x0:0x00000000  x0=0x00000000
        1200853	     59941	8000b994	8dcd	c.or	x11,x11	 x11:0x00000000 x11:0x00000000 x11=0x00000000
        1200873	     59942	8000b996	0c95	c.addi	x25,5	 x25:0x00000000 x25=0x00000005
        1201013	     59949	8000b998	f6e73013	sltiu	x0,x14,-146	 x14:0xffffffff  x0=0x00000000
        1201353	     59966	8000b99c	e2836893	ori	x17,x6,-472	  x6:0x00000000 x17=0xfffffe28
        1201373	     59967	8000b9a0	8625	c.srai	x12,0x9	 x12:0x80025932 x12=0xffc0012c
        1201393	     59968	8000b9a2	87f9	c.srai	x15,0x1e	 x15:0x5d2e6000 x15=0x00000001
        1201733	     59985	8000b9a4	e791	c.bnez	x15,8000b9b0	 x15:0x00000001
        1202853	     60041	8000b9b0	03eeed33	rem	x26,x29,x30	 x29:0x00000000 x30:0x00001000 x26=0x00000000
        1202873	     60042	8000b9b4	81b9	c.srli	x11,0xe	 x11:0x00000000 x11=0x00000000
        1202893	     60043	8000b9b6	4ed5	c.li	x29,21	 x29=0x00000015
        1202913	     60044	8000b9b8	64a5	c.lui	x9,0x9	  x9=0x00009000
        1202933	     60045	8000b9ba	00e3d733	srl	x14,x7,x14	  x7:0x00000000 x14:0xffffffff x14=0x00000000
        1202953	     60046	8000b9be	54fd	c.li	x9,-1	  x9=0xffffffff
        1202973	     60047	8000b9c0	00d544b3	xor	x9,x10,x13	 x10:0x00000000 x13:0x00000000  x9=0x00000000
        1202993	     60048	8000b9c4	30f68493	addi	x9,x13,783	 x13:0x00000000  x9=0x0000030f
        1203393	     60068	8000b9c8	1dfd	c.addi	x27,-1	 x27:0x48ab8ce4 x27=0x48ab8ce3
        1203413	     60069	8000b9ca	0134ff63	bgeu	x9,x19,8000b9e8	  x9:0x0000030f x19:0x00000018
        1204153	     60106	8000b9e8	0001	c.addi	x0,0	  x0:0x00000000  x0=0x00000000
        1204253	     60111	8000b9ea	340031f3	csrrc	x3,mscratch,x0	  x0:0x00000000  x3=0x000003d5
        1204993	     60148	8000b9ee	03195033	divu	x0,x18,x17	 x18:0x80021df4 x17:0xfffffe28  x0=0x00000000
        1205013	     60149	8000b9f2	01967ab3	and	x21,x12,x25	 x12:0xffc0012c x25:0x00000005 x21=0x00000004
        1205053	     60151	8000b9f6	02a2c6b3	div	x13,x5,x10	  x5:0x80025ce4 x10:0x00000000 x13=0xffffffff
        1205073	     60152	8000b9fa	340ea573	csrrs	x10,mscratch,x29	 x29:0x00000015 x10=0x000003d5
        1205093	     60153	8000b9fe	00ddf3b3	and	x7,x27,x13	 x27:0x48ab8ce3 x13:0xffffffff  x7=0x48ab8ce3
        1205113	     60154	8000ba02	01d00a63	beq	x0,x29,8000ba16	  x0:0x00000000 x29:0x00000015
        1205333	     60165	8000ba06	0151bdb3	sltu	x27,x3,x21	  x3:0x000003d5 x21:0x00000004 x27=0x00000000
        1205353	     60166	8000ba0a	36c373b7	lui	x7,0x36c37	  x7=0x36c37000
        1205373	     60167	8000ba0e	0ea5	c.addi	x29,9	 x29:0x00000015 x29=0x0000001e
        1205753	     60186	8000ba10	8791	c.srai	x15,0x4	 x15:0x00000001 x15=0x00000000
        1205773	     60187	8000ba12	0324c863	blt	x9,x18,8000ba42	  x9:0x0000030f x18:0x80021df4
        1205893	     60193	8000ba16	34007873	csrrci	x16,mscratch,0	 x16=0x000003d5
        1206053	     60201	8000ba1a	0193e033	or	x0,x7,x25	  x7:0x36c37000 x25:0x00000005  x0=0x00000000
        1206473	     60222	8000ba1e	34003273	csrrc	x4,mscratch,x0	  x0:0x00000000  x4=0x000003d5
        1206493	     60223	8000ba22	0109	c.addi	x2,2	  x2:0x00000000  x2=0x00000002
        1206513	     60224	8000ba24	65f5	c.lui	x11,0x1d	 x11=0x0001d000
        1206533	     60225	8000ba26	8ed5	c.or	x13,x13	 x13:0xffffffff x13:0xffffffff x13=0xffffffff
        1206553	     60226	8000ba28	717d	c.addi16sp	x2,-16	  x2:0x00000002  x2=0xfffffff2
        1206573	     60227	8000ba2a	00559e63	bne	x11,x5,8000ba46	 x11:0x0001d000  x5:0x80025ce4
        1207073	     60252	8000ba46	340c6bf3	csrrsi	x23,mscratch,24	 x23=0x000003d5
        1207353	     60266	8000ba4a	ac81f313	andi	x6,x3,-1336	  x3:0x000003d5  x6=0x000002c0
        1207473	     60272	8000ba4e	0000100f	fence.i	
        1209173	     60357	8000ba52	035eaeb3	mulhsu	x29,x29,x21	 x29:0x0000001e x21:0x00000004 x29=0x00000000
        1209353	     60366	8000ba56	0ff0000f	fence	iorw,iorw	
        1209513	     60374	8000ba5a	55ffa393	slti	x7,x31,1375	 x31:0x00000018  x7=0x00000001
        1209533	     60375	8000ba5e	881a	c.mv	x16,x6	  x0:0x00000000  x6:0x000002c0 x16=0x000002c0
        1209553	     60376	8000ba60	015f1613	slli	x12,x30,0x15	 x30:0x00001000 x12=0x00000000
        1209573	     60377	8000ba64	bb1a4e37	lui	x28,0xbb1a4	 x28=0xbb1a4000
        1209793	     60388	8000ba68	00add663	bge	x27,x10,8000ba74	 x27:0x00000000 x10:0x000003d5
        1209813	     60389	8000ba6c	00285733	srl	x14,x16,x2	 x16:0x000002c0  x2:0xfffffff2 x14=0x00000000
        1209913	     60394	8000ba70	34042273	csrrs	x4,mscratch,x8	  x8:0x00006000  x4=0x000003dd
        1209953	     60396	8000ba74	03ed9633	mulh	x12,x27,x30	 x27:0x00000000 x30:0x00001000 x12=0x00000000
        1209973	     60397	8000ba78	023e0ab3	mul	x21,x28,x3	 x28:0xbb1a4000  x3:0x000003d5 x21=0xfb974000
        1209993	     60398	8000ba7c	eed78093	addi	x1,x15,-275	 x15:0x00000000  x1=0xfffffeed
        1210413	     60419	8000ba80	03bbb733	mulhu	x14,x23,x27	 x23:0x000003d5 x27:0x00000000 x14=0x00000000
        1210433	     60420	8000ba84	01e95d33	srl	x26,x18,x30	 x18:0x80021df4 x30:0x00001000 x26=0x80021df4
        1210473	     60422	8000ba88	024526b3	mulhsu	x13,x10,x4	 x10:0x000003d5  x4:0x000003dd x13=0x00000000
        1210793	     60438	8000ba8c	01b15713	srli	x14,x2,0x1b	  x2:0xfffffff2 x14=0x0000001f
        1210993	     60448	8000ba90	8336	c.mv	x6,x13	  x0:0x00000000 x13:0x00000000  x6=0x00000000
        1211013	     60449	8000ba92	03a6	c.slli	x7,0x9	  x7:0x00000001  x7=0x00000200
        1211753	     60486	8000ba94	036560b3	rem	x1,x10,x22	 x10:0x000003d5 x22:0xdd76a18d  x1=0x000003d5
        1211773	     60487	8000ba98	019b9c33	sll	x24,x23,x25	 x23:0x000003d5 x25:0x00000005 x24=0x00007aa0
        1211793	     60488	8000ba9c	0001	c.addi	x0,0	  x0:0x00000000  x0=0x00000000
        1211833	     60490	8000ba9e	021b38b3	mulhu	x17,x22,x1	 x22:0xdd76a18d  x1:0x000003d5 x17=0x00000350
        1211873	     60492	8000baa2	02623eb3	mulhu	x29,x4,x6	  x4:0x000003dd  x6:0x00000000 x29=0x00000000
        1211893	     60493	8000baa6	6159	c.addi16sp	x2,400	  x2:0xfffffff2  x2=0x00000182
        1211913	     60494	8000baa8	008b5f63	bge	x22,x8,8000bac6	 x22:0xdd76a18d  x8:0x00006000
        1211933	     60495	8000baac	011c2733	slt	x14,x24,x17	 x24:0x00007aa0 x17:0x00000350 x14=0x00000000
        1212033	     60500	8000bab0	00149133	sll	x2,x9,x1	  x9:0x0000030f  x1:0x000003d5  x2=0x61e00000
        1212053	     60501	8000bab4	03c01063	bne	x0,x28,8000bad4	  x0:0x00000000 x28:0xbb1a4000
        1212393	     60518	8000bad4	0ff0000f	fence	iorw,iorw	
        1212413	     60519	8000bad8	340658f3	csrrwi	x17,mscratch,12	 x17=0x000063dd
        1212673	     60532	8000badc	0089d993	srli	x19,x19,0x8	 x19:0x00000018 x19=0x00000000
        1212733	     60535	8000bae0	00b4a033	slt	x0,x9,x11	  x9:0x0000030f x11:0x0001d000  x0=0x00000000
        1212753	     60536	8000bae4	4100d833	sra	x16,x1,x16	  x1:0x000003d5 x16:0x000002c0 x16=0x000003d5
        1212773	     60537	8000bae8	9a7d	c.andi	x12,-1	 x12:0x00000000 x12=0x00000000
        1212793	     60538	8000baea	5fa62313	slti	x6,x12,1530	 x12:0x00000000  x6=0x00000001
        1212993	     60548	8000baee	34002273	csrrs	x4,mscratch,x0	  x0:0x00000000  x4=0x0000000c
        1213733	     60585	8000baf2	023666b3	rem	x13,x12,x3	 x12:0x00000000  x3:0x000003d5 x13=0x00000000
        1213753	     60586	8000baf6	935e	c.add	x6,x23	  x6:0x00000001 x23:0x000003d5  x6=0x000003d6
        1213773	     60587	8000baf8	87f6	c.mv	x15,x29	  x0:0x00000000 x29:0x00000000 x15=0x00000000
        1213793	     60588	8000bafa	c245dab7	lui	x21,0xc245d	 x21=0xc245d000
        1213813	     60589	8000bafe	a37e7413	andi	x8,x28,-1481	 x28:0xbb1a4000  x8=0xbb1a4000
        1213833	     60590	8000bb02	8fcd	c.or	x15,x11	 x15:0x00000000 x11:0x0001d000 x15=0x0001d000
        1213853	     60591	8000bb04	02e88cb3	mul	x25,x17,x14	 x17:0x000063dd x14:0x00000000 x25=0x00000000
        1213873	     60592	8000bb08	004b9cb3	sll	x25,x23,x4	 x23:0x000003d5  x4:0x0000000c x25=0x003d5000
        1214073	     60602	8000bb0c	8331	c.srli	x14,0xc	 x14:0x00000000 x14=0x00000000
        1214093	     60603	8000bb0e	6a2d	c.lui	x20,0xb	 x20=0x0000b000
        1214113	     60604	8000bb10	0115fc63	bgeu	x11,x17,8000bb28	 x11:0x0001d000 x17:0x000063dd
        1214973	     60647	8000bb28	03abdc33	divu	x24,x23,x26	 x23:0x000003d5 x26:0x80021df4 x24=0x00000000
        1214993	     60648	8000bb2c	977a	c.add	x14,x30	 x14:0x00000000 x30:0x00001000 x14=0x00001000
        1215013	     60649	8000bb2e	8551	c.srai	x10,0x14	 x10:0x000003d5 x10=0x00000000
        1215033	     60650	8000bb30	01c47b63	bgeu	x8,x28,8000bb46	  x8:0xbb1a4000 x28:0xbb1a4000
        1215833	     60690	8000bb46	0011f833	and	x16,x3,x1	  x3:0x000003d5  x1:0x000003d5 x16=0x000003d5
        1215853	     60691	8000bb4a	340e2073	csrrs	x0,mscratch,x28	 x28:0xbb1a4000  x0=0x00000000
        1215873	     60692	8000bb4e	012e0663	beq	x28,x18,8000bb5a	 x28:0xbb1a4000 x18:0x80021df4
        1215893	     60693	8000bb52	34026773	csrrsi	x14,mscratch,4	 x14=0xbb1a400c
        1215933	     60695	8000bb56	0000100f	fence.i	
        1216173	     60707	8000bb5a	8349	c.srli	x14,0x12	 x14:0xbb1a400c x14=0x00002ec6
        1216333	     60715	8000bb5c	00492883	lw	x17,4(x18)	 x18:0x80021df4 x17=0x80004b2e PA:0x80021df8 load:0x80004b2e
        1216353	     60716	8000bb60	8765	c.srai	x14,0x19	 x14:0x00002ec6 x14=0x00000000
        1216373	     60717	8000bb62	02090913	addi	x18,x18,32	 x18:0x80021df4 x18=0x80021e14
        1216393	     60718	8000bb66	0c6a	c.slli	x24,0x1a	 x24:0x00000000 x24=0x00000000
        1217153	     60756	8000bb68	0294f9b3	remu	x19,x9,x9	  x9:0x0000030f  x9:0x0000030f x19=0x00000000
        1217893	     60793	8000bb6c	036666b3	rem	x13,x12,x22	 x12:0x00000000 x22:0xdd76a18d x13=0x00000000
        1217913	     60794	8000bb70	00088713	addi	x14,x17,0	 x17:0x80004b2e x14=0x80004b2e
        1217933	     60795	8000bb74	8702	c.jr	x14	 x14:0x80004b2e
        1218193	     60808	80004b2e	0688	c.addi4spn	x10,x2,832	 x10=0x61e00340
        1218213	     60809	80004b30	34002bf3	csrrs	x23,mscratch,x0	  x0:0x00000000 x23=0xbb1a400c
        1218633	     60830	80004b34	0ff0000f	fence	iorw,iorw	
        1218653	     60831	80004b38	40c350b3	sra	x1,x6,x12	  x6:0x000003d6 x12:0x00000000  x1=0x000003d6
        1219013	     60849	80004b3c	810d	c.srli	x10,0x3	 x10:0x61e00340 x10=0x0c3c0068
        1219033	     60850	80004b3e	80e5	c.srli	x9,0x19	  x9:0x0000030f  x9=0x00000000
        1219053	     60851	80004b40	006f3733	sltu	x14,x30,x6	 x30:0x00001000  x6:0x000003d6 x14=0x00000000
        1219073	     60852	80004b44	34002af3	csrrs	x21,mscratch,x0	  x0:0x00000000 x21=0xbb1a400c
        1219093	     60853	80004b48	004e6233	or	x4,x28,x4	 x28:0xbb1a4000  x4:0x0000000c  x4=0xbb1a400c
        1219173	     60857	80004b4c	f5e94d93	xori	x27,x18,-162	 x18:0x80021e14 x27=0x7ffde14a
        1219193	     60858	80004b50	8cdd	c.or	x9,x15	  x9:0x00000000 x15:0x0001d000  x9=0x0001d000
        1219213	     60859	80004b52	34075773	csrrwi	x14,mscratch,14	 x14=0xbb1a400c
        1219233	     60860	80004b56	1684	c.addi4spn	x9,x2,864	  x9=0x61e00360
        1219973	     60897	80004b58	029ad833	divu	x16,x21,x9	 x21:0xbb1a400c  x9:0x61e00360 x16=0x00000001
        1219993	     60898	80004b5c	340097f3	csrrw	x15,mscratch,x1	  x1:0x000003d6 x15=0x0000000e
        1220013	     60899	80004b60	018e9113	slli	x2,x29,0x18	 x29:0x00000000  x2=0x00000000
        1220033	     60900	80004b64	0001	c.addi	x0,0	  x0:0x00000000  x0=0x00000000
        1220053	     60901	80004b66	8991	c.andi	x11,4	 x11:0x0001d000 x11=0x00000000
        1220093	     60903	80004b68	02b46d33	rem	x26,x8,x11	  x8:0xbb1a4000 x11:0x00000000 x26=0xbb1a4000
        1220153	     60906	80004b6c	01f9d233	srl	x4,x19,x31	 x19:0x00000000 x31:0x00000018  x4=0x00000000
        1220613	     60929	80004b70	00492883	lw	x17,4(x18)	 x18:0x80021e14 x17=0x800035b4 PA:0x80021e18 load:0x800035b4
        1220653	     60931	80004b74	02246633	rem	x12,x8,x2	  x8:0xbb1a4000  x2:0x00000000 x12=0xbb1a4000
        1220673	     60932	80004b78	00ee1513	slli	x10,x28,0xe	 x28:0xbb1a4000 x10=0x90000000
        1220693	     60933	80004b7c	02490913	addi	x18,x18,36	 x18:0x80021e14 x18=0x80021e38
        1221013	     60949	80004b80	0001	c.addi	x0,0	  x0:0x00000000  x0=0x00000000
        1221093	     60953	80004b82	00188a13	addi	x20,x17,1	 x17:0x800035b4 x20=0x800035b5
        1221113	     60954	80004b86	000a0a67	jalr	x20,0(x20)	 x20:0x800035b5 x20=0x80004b8a
        1221393	     60968	800035b4	c9af8613	addi	x12,x31,-870	 x31:0x00000018 x12=0xfffffcb2
        1222133	     61005	800035b8	030073b3	remu	x7,x0,x16	  x0:0x00000000 x16:0x00000001  x7=0x00000000
        1222153	     61006	800035bc	e595	c.bnez	x11,800035e8	 x11:0x00000000
        1222173	     61007	800035be	03ae84b3	mul	x9,x29,x26	 x29:0x00000000 x26:0xbb1a4000  x9=0x00000000
        1222193	     61008	800035c2	003ac463	blt	x21,x3,800035ca	 x21:0xbb1a400c  x3:0x000003d5
        1222253	     61011	800035ca	01b36733	or	x14,x6,x27	  x6:0x000003d6 x27:0x7ffde14a x14=0x7ffde3de
        1223793	     61088	800035ce	03757433	remu	x8,x10,x23	 x10:0x90000000 x23:0xbb1a400c  x8=0x90000000
        1223813	     61089	800035d2	1b113093	sltiu	x1,x2,433	  x2:0x00000000  x1=0x00000001
        1223833	     61090	800035d6	027bfa63	bgeu	x23,x7,8000360a	 x23:0xbb1a400c  x7:0x00000000
        1224353	     61116	8000360a	717d	c.addi16sp	x2,-16	  x2:0x00000000  x2=0xfffffff0
        1224373	     61117	8000360c	0ff0000f	fence	iorw,iorw	
        1224393	     61118	80003610	c315	c.beqz	x14,80003634	 x14:0x7ffde3de
        1224413	     61119	80003612	167d	c.addi	x12,-1	 x12:0xfffffcb2 x12=0xfffffcb1
        1224433	     61120	80003614	167a1fb7	lui	x31,0x167a1	 x31=0x167a1000
        1224453	     61121	80003618	0ff0000f	fence	iorw,iorw	
        1224533	     61125	8000361c	00366133	or	x2,x12,x3	 x12:0xfffffcb1  x3:0x000003d5  x2=0xfffffff5
        1224553	     61126	80003620	8d39	c.xor	x10,x14	 x10:0x90000000 x14:0x7ffde3de x10=0xeffde3de
        1225293	     61163	80003622	0361fbb3	remu	x23,x3,x22	  x3:0x000003d5 x22:0xdd76a18d x23=0x000003d5
        1225313	     61164	80003626	40f85133	sra	x2,x16,x15	 x16:0x00000001 x15:0x0000000e  x2=0x00000000
        1225333	     61165	8000362a	4084de33	sra	x28,x9,x8	  x9:0x00000000  x8:0x90000000 x28=0x00000000
        1225353	     61166	8000362e	cda31e17	auipc	x28,0xcda31	 x28=0x4da3462e
        1225373	     61167	80003632	ee19	c.bnez	x12,80003650	 x12:0xfffffcb1
        1225893	     61193	80003650	8f59	c.or	x14,x14	 x14:0x7ffde3de x14:0x7ffde3de x14=0x7ffde3de
        1225953	     61196	80003652	03c5c263	blt	x11,x28,80003676	 x11:0x00000000 x28:0x4da3462e
        1238173	     61807	80003676	340196f3	csrrw	x13,mscratch,x3	  x3:0x000003d5 x13=0x000003d6
        1238193	     61808	8000367a	01256d33	or	x26,x10,x18	 x10:0xeffde3de x18:0x80021e38 x26=0xeffffffe
        1238213	     61809	8000367e	340f93f3	csrrw	x7,mscratch,x31	 x31:0x167a1000  x7=0x000003d5
        1238233	     61810	80003682	005cf263	bgeu	x25,x5,80003686	 x25:0x003d5000  x5:0x80025ce4
        1238253	     61811	80003686	c0b1	c.beqz	x9,800036ca	  x9:0x00000000
        1238513	     61824	800036ca	340419f3	csrrw	x19,mscratch,x8	  x8:0x90000000 x19=0x167a1000
        1238533	     61825	800036ce	bfbef413	andi	x8,x29,-1029	 x29:0x00000000  x8=0x00000000
        1238593	     61828	800036d2	340033f3	csrrc	x7,mscratch,x0	  x0:0x00000000  x7=0x90000000
        1238613	     61829	800036d6	0000100f	fence.i	
        1239713	     61884	800036da	029ff3b3	remu	x7,x31,x9	 x31:0x167a1000  x9:0x00000000  x7=0x167a1000
        1240113	     61904	800036de	340558f3	csrrwi	x17,mscratch,10	 x17=0x90000000
        1240133	     61905	800036e2	3b677213	andi	x4,x14,950	 x14:0x7ffde3de  x4=0x00000396
        1240153	     61906	800036e6	05ac9063	bne	x25,x26,80003726	 x25:0x003d5000 x26:0xeffffffe
        1240853	     61941	80003726	02f935b3	mulhu	x11,x18,x15	 x18:0x80021e38 x15:0x0000000e x11=0x00000007
        1240873	     61942	8000372a	0001	c.addi	x0,0	  x0:0x00000000  x0=0x00000000
        1241753	     61986	8000372c	023c77b3	remu	x15,x24,x3	 x24:0x00000000  x3:0x000003d5 x15=0x00000000
        1241773	     61987	80003730	0d9c	c.addi4spn	x15,x2,720	 x15=0x000002d0
        1241793	     61988	80003732	d765c793	xori	x15,x11,-650	 x11:0x00000007 x15=0xfffffd71
        1241813	     61989	80003736	0001	c.addi	x0,0	  x0:0x00000000  x0=0x00000000
        1241833	     61990	80003738	41dadfb3	sra	x31,x21,x29	 x21:0xbb1a400c x29:0x00000000 x31=0xbb1a400c
        1241853	     61991	8000373c	8fa5	c.xor	x15,x9	 x15:0xfffffd71  x9:0x00000000 x15=0xfffffd71
        1241873	     61992	8000373e	5bae2d13	slti	x26,x28,1466	 x28:0x4da3462e x26=0x00000000
        1241893	     61993	80003742	024cfab7	lui	x21,0x24cf	 x21=0x024cf000
        1241913	     61994	80003746	356b0313	addi	x6,x22,854	 x22:0xdd76a18d  x6=0xdd76a4e3
        1241933	     61995	8000374a	041e4163	blt	x28,x1,8000378c	 x28:0x4da3462e  x1:0x00000001
        1242353	     62016	8000374e	03fe1b63	bne	x28,x31,80003784	 x28:0x4da3462e x31:0xbb1a400c
        1242673	     62032	80003784	8ce9	c.and	x9,x10	  x9:0x00000000 x10:0xeffde3de  x9=0x00000000
        1242693	     62033	80003786	8399	c.srli	x15,0x6	 x15:0xfffffd71 x15=0x03fffff5
        1243093	     62053	80003788	3401faf3	csrrci	x21,mscratch,3	 x21=0x0000000a
        1243513	     62074	8000378c	04fa	c.slli	x9,0x1e	  x9:0x00000000  x9=0x00000000
        1243533	     62075	8000378e	157d	c.addi	x10,-1	 x10:0xeffde3de x10=0xeffde3dd
        1243553	     62076	80003790	8241	c.srli	x12,0x10	 x12:0xfffffcb1 x12=0x0000ffff
        1243573	     62077	80003792	8db1	c.xor	x11,x12	 x11:0x00000007 x12:0x0000ffff x11=0x0000fff8
        1243593	     62078	80003794	8f79	c.and	x14,x14	 x14:0x7ffde3de x14:0x7ffde3de x14=0x7ffde3de
        1243613	     62079	80003796	95da	c.add	x11,x22	 x11:0x0000fff8 x22:0xdd76a18d x11=0xdd77a185
        1243873	     62092	80003798	01ebd893	srli	x17,x23,0x1e	 x23:0x000003d5 x17=0x00000000
        1243893	     62093	8000379c	008204b3	add	x9,x4,x8	  x4:0x00000396  x8:0x00000000  x9=0x00000396
        1244853	     62141	800037a0	0210c333	div	x6,x1,x1	  x1:0x00000001  x1:0x00000001  x6=0x00000001
        1244873	     62142	800037a4	7f383b93	sltiu	x23,x16,2035	 x16:0x00000001 x23=0x00000001
        1244913	     62144	800037a8	02da9eb3	mulh	x29,x21,x13	 x21:0x0000000a x13:0x000003d6 x29=0x00000000
        1244933	     62145	800037ac	340c5873	csrrwi	x16,mscratch,24	 x16=0x00000008
        1244953	     62146	800037b0	02635f63	bge	x6,x6,800037ee	  x6:0x00000001  x6:0x00000001
        1245913	     62194	800037ee	f8c28693	addi	x13,x5,-116	  x5:0x80025ce4 x13=0x80025c70
        1245993	     62198	800037f2	40750f33	sub	x30,x10,x7	 x10:0xeffde3dd  x7:0x167a1000 x30=0xd983d3dd
        1246013	     62199	800037f6	40ded393	srai	x7,x29,0xd	 x29:0x00000000  x7=0x00000000
        1246033	     62200	800037fa	006f11b3	sll	x3,x30,x6	 x30:0xd983d3dd  x6:0x00000001  x3=0xb307a7ba
        1246113	     62204	800037fe	340916f3	csrrw	x13,mscratch,x18	 x18:0x80021e38 x13=0x00000018
        1246293	     62213	80003802	0002e1b3	or	x3,x5,x0	  x5:0x80025ce4  x0:0x00000000  x3=0x80025ce4
        1246493	     62223	80003806	05ddc463	blt	x27,x29,8000384e	 x27:0x7ffde14a x29:0x00000000
        1246513	     62224	8000380a	f1e34013	xori	x0,x6,-226	  x6:0x00000001  x0=0x00000000
        1246613	     62229	8000380e	00074533	xor	x10,x14,x0	 x14:0x7ffde3de  x0:0x00000000 x10=0x7ffde3de
        1246633	     62230	80003812	a6a28d93	addi	x27,x5,-1430	  x5:0x80025ce4 x27=0x8002574e
        1246653	     62231	80003816	01cacd63	blt	x21,x28,80003830	 x21:0x0000000a x28:0x4da3462e
        1247233	     62260	80003830	00a9	c.addi	x1,10	  x1:0x00000001  x1=0x0000000b
        1247253	     62261	80003832	02140763	beq	x8,x1,80003860	  x8:0x00000000  x1:0x0000000b
        1247273	     62262	80003836	16c57413	andi	x8,x10,364	 x10:0x7ffde3de  x8=0x0000014c
        1247293	     62263	8000383a	00054963	blt	x10,x0,8000384c	 x10:0x7ffde3de  x0:0x00000000
        1247313	     62264	8000383e	8cd1	c.or	x9,x12	  x9:0x00000396 x12:0x0000ffff  x9=0x0000ffff
        1247333	     62265	80003840	b3a46a93	ori	x21,x8,-1222	  x8:0x0000014c x21=0xfffffb7e
        1248373	     62317	80003844	03f24033	div	x0,x4,x31	  x4:0x00000396 x31:0xbb1a400c  x0=0x00000000
        1248393	     62318	80003848	40b681b3	sub	x3,x13,x11	 x13:0x00000018 x11:0xdd77a185  x3=0x22885e93
        1248413	     62319	8000384c	6f19	c.lui	x30,0x6	 x30=0x00006000
        1248433	     62320	8000384e	6cf1	c.lui	x25,0x1c	 x25=0x0001c000
        1248453	     62321	80003850	2873d497	auipc	x9,0x2873d	  x9=0xa8740850
        1248473	     62322	80003854	34017e73	csrrci	x28,mscratch,2	 x28=0x80021e38
        1248493	     62323	80003858	009dd633	srl	x12,x27,x9	 x27:0x8002574e  x9:0xa8740850 x12=0x00008002
        1248513	     62324	8000385c	01d69263	bne	x13,x29,80003860	 x13:0x00000018 x29:0x00000000
        1249553	     62376	80003860	01d19b63	bne	x3,x29,80003876	  x3:0x22885e93 x29:0x00000000
        1249733	     62385	80003876	84a9	c.srai	x9,0xa	  x9:0xa8740850  x9=0xffea1d02
        1249833	     62390	80003878	15d3ca13	xori	x20,x7,349	  x7:0x00000000 x20=0x0000015d
        1249853	     62391	8000387c	8d31	c.xor	x10,x12	 x10:0x7ffde3de x12:0x00008002 x10=0x7ffd63dc
        1249873	     62392	8000387e	0c08	c.addi4spn	x10,x2,528	 x10=0x00000210
        1249913	     62394	80003880	340dd6f3	csrrwi	x13,mscratch,27	 x13=0x80021e38
        1249933	     62395	80003884	03deed63	bltu	x29,x29,800038be	 x29:0x00000000 x29:0x00000000
        1250173	     62407	80003888	8c7d	c.and	x8,x15	  x8:0x0000014c x15:0x03fffff5  x8=0x00000144
        1250913	     62444	8000388a	025271b3	remu	x3,x4,x5	  x4:0x00000396  x5:0x80025ce4  x3=0x00000396
        1250953	     62446	8000388e	03a57833	remu	x16,x10,x26	 x10:0x00000210 x26:0x00000000 x16=0x00000210
        1250973	     62447	80003892	03fb4663	blt	x22,x31,800038be	 x22:0xdd76a18d x31:0xbb1a400c
        1250993	     62448	80003896	0ff0000f	fence	iorw,iorw	
        1251013	     62449	8000389a	83b5	c.srli	x15,0xd	 x15:0x03fffff5 x15=0x00001fff
        1251033	     62450	8000389c	5c8af513	andi	x10,x21,1480	 x21:0xfffffb7e x10=0x00000148
        1251053	     62451	800038a0	8dd5	c.or	x11,x13	 x11:0xdd77a185 x13:0x80021e38 x11=0xdd77bfbd
        1251073	     62452	800038a2	41335013	srai	x0,x6,0x13	  x6:0x00000001  x0=0x00000000
        1251493	     62473	800038a6	0ff0000f	fence	iorw,iorw	
        1251653	     62481	800038aa	009676b3	and	x13,x12,x9	 x12:0x00008002  x9:0xffea1d02 x13=0x00000002
        1251673	     62482	800038ae	c2b1a893	slti	x17,x3,-981	  x3:0x00000396 x17=0x00000000
        1251813	     62489	800038b2	340027f3	csrrs	x15,mscratch,x0	  x0:0x00000000 x15=0x0000001b
        1252233	     62510	800038b6	035bdd63	bge	x23,x21,800038f0	 x23:0x00000001 x21:0xfffffb7e
        1253033	     62550	800038f0	0a18	c.addi4spn	x14,x2,272	 x14=0x00000110
        1253213	     62559	800038f2	40e2d593	srai	x11,x5,0xe	  x5:0x80025ce4 x11=0xfffe0009
        1253233	     62560	800038f6	0001	c.addi	x0,0	  x0:0x00000000  x0=0x00000000
        1253633	     62580	800038f8	fda56813	ori	x16,x10,-38	 x10:0x00000148 x16=0xffffffda
        1253653	     62581	800038fc	8e29	c.xor	x12,x10	 x12:0x00008002 x10:0x00000148 x12=0x0000814a
        1253673	     62582	800038fe	00fef533	and	x10,x29,x15	 x29:0x00000000 x15:0x0000001b x10=0x00000000
        1253713	     62584	80003902	031df3b3	remu	x7,x27,x17	 x27:0x8002574e x17:0x00000000  x7=0x8002574e
        1253793	     62588	80003906	c7104e13	xori	x28,x0,-911	  x0:0x00000000 x28=0xfffffc71
        1253813	     62589	8000390a	8585	c.srai	x11,0x1	 x11:0xfffe0009 x11=0xffff0004
        1253993	     62598	8000390c	026524b3	mulhsu	x9,x10,x6	 x10:0x00000000  x6:0x00000001  x9=0x00000000
        1254013	     62599	80003910	03f45463	bge	x8,x31,80003938	  x8:0x00000144 x31:0xbb1a400c
        1254313	     62614	80003938	8c25	c.xor	x8,x9	  x8:0x00000144  x9:0x00000000  x8=0x00000144
        1254333	     62615	8000393a	8c75	c.and	x8,x13	  x8:0x00000144 x13:0x00000002  x8=0x00000000
        1255073	     62652	8000393c	03f260b3	rem	x1,x4,x31	  x4:0x00000396 x31:0xbb1a400c  x1=0x00000396
        1255093	     62653	80003940	018096b3	sll	x13,x1,x24	  x1:0x00000396 x24:0x00000000 x13=0x00000396
        1255113	     62654	80003944	8ec5	c.or	x13,x9	 x13:0x00000396  x9:0x00000000 x13=0x00000396
        1255133	     62655	80003946	81bd	c.srli	x11,0xf	 x11:0xffff0004 x11=0x0001fffe
        1255153	     62656	80003948	03dd8733	mul	x14,x27,x29	 x27:0x8002574e x29:0x00000000 x14=0x00000000
        1255173	     62657	8000394c	4a601437	lui	x8,0x4a601	  x8=0x4a601000
        1255193	     62658	80003950	0001	c.addi	x0,0	  x0:0x00000000  x0=0x00000000
        1255213	     62659	80003952	011a5e13	srli	x28,x20,0x11	 x20:0x0000015d x28=0x00000000
        1255613	     62679	80003956	a32e6813	ori	x16,x28,-1486	 x28:0x00000000 x16=0xfffffa32
        1255633	     62680	8000395a	c395	c.beqz	x15,8000397e	 x15:0x0000001b
        1255653	     62681	8000395c	04934363	blt	x6,x9,800039a2	  x6:0x00000001  x9:0x00000000
        1255693	     62683	80003960	019751b3	srl	x3,x14,x25	 x14:0x00000000 x25:0x0001c000  x3=0x00000000
        1255733	     62685	80003964	023351b3	divu	x3,x6,x3	  x6:0x00000001  x3:0x00000000  x3=0xffffffff
        1255753	     62686	80003968	403d5093	srai	x1,x26,0x3	 x26:0x00000000  x1=0x00000000
        1256573	     62727	8000396c	0336c533	div	x10,x13,x19	 x13:0x00000396 x19:0x167a1000 x10=0x00000000
        1256593	     62728	80003970	eeeb7997	auipc	x19,0xeeeb7	 x19=0x6eeba970
        1256613	     62729	80003974	c0a1	c.beqz	x9,800039b4	  x9:0x00000000
        1256693	     62733	800039b4	0ff0000f	fence	iorw,iorw	
        1257093	     62753	800039b8	008b5e33	srl	x28,x22,x8	 x22:0xdd76a18d  x8:0x4a601000 x28=0xdd76a18d
        1257113	     62754	800039bc	00408db3	add	x27,x1,x4	  x1:0x00000000  x4:0x00000396 x27=0x00000396
        1257313	     62764	800039c0	4116f593	andi	x11,x13,1041	 x13:0x00000396 x11=0x00000010
        1257453	     62771	800039c4	ce95	c.beqz	x13,80003a00	 x13:0x00000396
        1257473	     62772	800039c6	c72c7cb7	lui	x25,0xc72c7	 x25=0xc72c7000
        1257493	     62773	800039ca	40695813	srai	x16,x18,0x6	 x18:0x80021e38 x16=0xfe000878
        1257513	     62774	800039ce	0e18	c.addi4spn	x14,x2,784	 x14=0x00000310
        1257693	     62783	800039d0	029f74b3	remu	x9,x30,x9	 x30:0x00006000  x9:0x00000000  x9=0x00006000
        1258093	     62803	800039d4	34007df3	csrrci	x27,mscratch,0	 x27=0x0000001b
        1258113	     62804	800039d8	940a	c.add	x8,x2	  x8:0x4a601000  x2:0x00000000  x8=0x4a601000
        1258133	     62805	800039da	413ad233	sra	x4,x21,x19	 x21:0xfffffb7e x19:0x6eeba970  x4=0xffffffff
        1258153	     62806	800039de	00619263	bne	x3,x6,800039e2	  x3:0xffffffff  x6:0x00000001
        1258433	     62820	800039e2	03851563	bne	x10,x24,80003a0c	 x10:0x00000000 x24:0x00000000
        1258453	     62821	800039e6	2697c613	xori	x12,x15,617	 x15:0x0000001b x12=0x00000272
        1258473	     62822	800039ea	037c8f33	mul	x30,x25,x23	 x25:0xc72c7000 x23:0x00000001 x30=0xc72c7000
        1258493	     62823	800039ee	017f34b3	sltu	x9,x30,x23	 x30:0xc72c7000 x23:0x00000001  x9=0x00000000
        1270893	     63443	800039f2	01075433	srl	x8,x14,x16	 x14:0x00000310 x16:0xfe000878  x8=0x00000000
        1270913	     63444	800039f6	8d91	c.sub	x11,x12	 x11:0x00000010 x12:0x00000272 x11=0xfffffd9e
        1270933	     63445	800039f8	85612f13	slti	x30,x2,-1962	  x2:0x00000000 x30=0x00000000
        1270973	     63447	800039fc	02833733	mulhu	x14,x6,x8	  x6:0x00000001  x8:0x00000000 x14=0x00000000
        1270993	     63448	80003a00	41995233	sra	x4,x18,x25	 x18:0x80021e38 x25:0xc72c7000  x4=0x80021e38
        1271013	     63449	80003a04	85d1	c.srai	x11,0x14	 x11:0xfffffd9e x11=0xffffffff
        1271033	     63450	80003a06	01638b63	beq	x7,x22,80003a1c	  x7:0x8002574e x22:0xdd76a18d
        1271053	     63451	80003a0a	814e	c.mv	x2,x19	  x0:0x00000000 x19:0x6eeba970  x2=0x6eeba970
        1271073	     63452	80003a0c	018e59b3	srl	x19,x28,x24	 x28:0xdd76a18d x24:0x00000000 x19=0xdd76a18d
        1271473	     63472	80003a10	cf05	c.beqz	x14,80003a48	 x14:0x00000000
        1272073	     63502	80003a48	02310ab3	mul	x21,x2,x3	  x2:0x6eeba970  x3:0xffffffff x21=0x91145690
        1272093	     63503	80003a4c	017d5233	srl	x4,x26,x23	 x26:0x00000000 x23:0x00000001  x4=0x00000000
        1272113	     63504	80003a50	bc38ac37	lui	x24,0xbc38a	 x24=0xbc38a000
        1272173	     63507	80003a54	3f29d737	lui	x14,0x3f29d	 x14=0x3f29d000
        1272193	     63508	80003a58	00fba3b3	slt	x7,x23,x15	 x23:0x00000001 x15:0x0000001b  x7=0x00000001
        1272253	     63511	80003a5c	587d	c.li	x16,-1	 x16=0xffffffff
        1272273	     63512	80003a5e	001935b3	sltu	x11,x18,x1	 x18:0x80021e38  x1:0x00000000 x11=0x00000000
        1272293	     63513	80003a62	340de573	csrrsi	x10,mscratch,27	 x10=0x0000001b
        1272313	     63514	80003a66	8319	c.srli	x14,0x6	 x14:0x3f29d000 x14=0x00fca740
        1272333	     63515	80003a68	87be	c.mv	x15,x15	  x0:0x00000000 x15:0x0000001b x15=0x0000001b
        1272353	     63516	80003a6a	c331	c.beqz	x14,80003aae	 x14:0x00fca740
        1272373	     63517	80003a6c	80ccc813	xori	x16,x25,-2036	 x25:0xc72c7000 x16=0x38d3880c
        1272513	     63524	80003a70	34005373	csrrwi	x6,mscratch,0	  x6=0x0000001b
        1272573	     63527	80003a74	3400bff3	csrrc	x31,mscratch,x1	  x1:0x00000000 x31=0x00000000
        1272653	     63531	80003a78	34027273	csrrci	x4,mscratch,4	  x4=0x00000000
        1272673	     63532	80003a7c	34059773	csrrw	x14,mscratch,x11	 x11:0x00000000 x14=0x00000000
        1272693	     63533	80003a80	0001	c.addi	x0,0	  x0:0x00000000  x0=0x00000000
        1272713	     63534	80003a82	00ae1733	sll	x14,x28,x10	 x28:0xdd76a18d x10:0x0000001b x14=0x68000000
        1272733	     63535	80003a86	c61d	c.beqz	x12,80003ab4	 x12:0x00000272
        1273053	     63551	80003a88	0001	c.addi	x0,0	  x0:0x00000000  x0=0x00000000
        1273193	     63558	80003a8a	340f9e73	csrrw	x28,mscratch,x31	 x31:0x00000000 x28=0x00000000
        1273253	     63561	80003a8e	7fd72113	slti	x2,x14,2045	 x14:0x68000000  x2=0x00000000
        1273333	     63565	80003a92	f3d1a313	slti	x6,x3,-195	  x3:0xffffffff  x6=0x00000000
        1273733	     63585	80003a96	8e968997	auipc	x19,0x8e968	 x19=0x0e96ba96
        1274153	     63606	80003a9a	415453b3	sra	x7,x8,x21	  x8:0x00000000 x21:0x91145690  x7=0x00000000
        1274313	     63614	80003a9e	03798263	beq	x19,x23,80003ac2	 x19:0x0e96ba96 x23:0x00000001
        1274353	     63616	80003aa2	033abd33	mulhu	x26,x21,x19	 x21:0x91145690 x19:0x0e96ba96 x26=0x08448864
        1274373	     63617	80003aa6	41090eb3	sub	x29,x18,x16	 x18:0x80021e38 x16:0x38d3880c x29=0x472e962c
        1274513	     63624	80003aaa	036e20b3	mulhsu	x1,x28,x22	 x28:0x00000000 x22:0xdd76a18d  x1=0x00000000
        1274813	     63639	80003aae	34002773	csrrs	x14,mscratch,x0	  x0:0x00000000 x14=0x00000000
        1274833	     63640	80003ab2	e215	c.bnez	x12,80003ad6	 x12:0x00000272
        1275593	     63678	80003ad6	6e4b36b7	lui	x13,0x6e4b3	 x13=0x6e4b3000
        1275613	     63679	80003ada	00c0a033	slt	x0,x1,x12	  x1:0x00000000 x12:0x00000272  x0=0x00000000
        1276053	     63701	80003ade	02541633	mulh	x12,x8,x5	  x8:0x00000000  x5:0x80025ce4 x12=0x00000000
        1276073	     63702	80003ae2	c1370313	addi	x6,x14,-1005	 x14:0x00000000  x6=0xfffffc13
        1276113	     63704	80003ae6	03ee20b3	mulhsu	x1,x28,x30	 x28:0x00000000 x30:0x00000000  x1=0x00000000
        1276133	     63705	80003aea	4b187e93	andi	x29,x16,1201	 x16:0x38d3880c x29=0x00000000
        1276153	     63706	80003aee	00114cb3	xor	x25,x2,x1	  x2:0x00000000  x1:0x00000000 x25=0x00000000
        1276173	     63707	80003af2	98fd	c.andi	x9,-1	  x9:0x00000000  x9=0x00000000
        1276193	     63708	80003af4	340bbf73	csrrc	x30,mscratch,x23	 x23:0x00000001 x30=0x00000000
        1276333	     63715	80003af8	002ef463	bgeu	x29,x2,80003b00	 x29:0x00000000  x2:0x00000000
        1277333	     63765	80003b00	8ebd	c.xor	x13,x15	 x13:0x6e4b3000 x15:0x0000001b x13=0x6e4b301b
        1277353	     63766	80003b02	340bdf73	csrrwi	x30,mscratch,23	 x30=0x00000000
        1277373	     63767	80003b06	34003773	csrrc	x14,mscratch,x0	  x0:0x00000000 x14=0x00000017
        1277393	     63768	80003b0a	0001	c.addi	x0,0	  x0:0x00000000  x0=0x00000000
        1277413	     63769	80003b0c	7968c113	xori	x2,x17,1942	 x17:0x00000000  x2=0x00000796
        1277573	     63777	80003b10	cd09	c.beqz	x10,80003b2a	 x10:0x0000001b
        1277613	     63779	80003b12	0357ae33	mulhsu	x28,x15,x21	 x15:0x0000001b x21:0x91145690 x28=0x0000000f
        1277633	     63780	80003b16	c189	c.beqz	x11,80003b18	 x11:0x00000000
        1278393	     63818	80003b18	02883cb3	mulhu	x25,x16,x8	 x16:0x38d3880c  x8:0x00000000 x25=0x00000000
        1278433	     63820	80003b1c	039657b3	divu	x15,x12,x25	 x12:0x00000000 x25:0x00000000 x15=0xffffffff
        1278453	     63821	80003b20	00608033	add	x0,x1,x6	  x1:0x00000000  x6:0xfffffc13  x0=0x00000000
        1278473	     63822	80003b24	84fe	c.mv	x9,x31	  x0:0x00000000 x31:0x00000000  x9=0x00000000
        1278613	     63829	80003b26	035c9233	mulh	x4,x25,x21	 x25:0x00000000 x21:0x91145690  x4=0x00000000
        1278633	     63830	80003b2a	cf85	c.beqz	x15,80003b62	 x15:0xffffffff
        1278653	     63831	80003b2c	8f8d	c.sub	x15,x11	 x15:0xffffffff x11:0x00000000 x15=0xffffffff
        1278753	     63836	80003b2e	74c1edb7	lui	x27,0x74c1e	 x27=0x74c1e000
        1278773	     63837	80003b32	8e3d	c.xor	x12,x15	 x12:0x00000000 x15:0xffffffff x12=0xffffffff
        1278793	     63838	80003b34	40780c33	sub	x24,x16,x7	 x16:0x38d3880c  x7:0x00000000 x24=0x38d3880c
        1278853	     63841	80003b38	01ab2533	slt	x10,x22,x26	 x22:0xdd76a18d x26:0x08448864 x10=0x00000001
        1278873	     63842	80003b3c	017eeeb3	or	x29,x29,x23	 x29:0x00000000 x23:0x00000001 x29=0x00000001
        1278893	     63843	80003b40	8f95	c.sub	x15,x13	 x15:0xffffffff x13:0x6e4b301b x15=0x91b4cfe4
        1278913	     63844	80003b42	34045773	csrrwi	x14,mscratch,8	 x14=0x00000017
        1278953	     63846	80003b46	43e26a93	ori	x21,x4,1086	  x4:0x00000000 x21=0x0000043e
        1279253	     63861	80003b4a	3403e6f3	csrrsi	x13,mscratch,7	 x13=0x00000008
        1279273	     63862	80003b4e	8029	c.srli	x8,0xa	  x8:0x00000000  x8=0x00000000
        1279293	     63863	80003b50	3e974e13	xori	x28,x14,1001	 x14:0x00000017 x28=0x000003fe
        1279313	     63864	80003b54	1614	c.addi4spn	x13,x2,800	 x13=0x00000ab6
        1279333	     63865	80003b56	c885	c.beqz	x9,80003b86	  x9:0x00000000
        1280013	     63899	80003b86	0000100f	fence.i	
        1280313	     63914	80003b8a	25eee513	ori	x10,x29,606	 x29:0x00000001 x10=0x0000025f
        1280333	     63915	80003b8e	8739	c.srai	x14,0xe	 x14:0x00000017 x14=0x00000000
        1280353	     63916	80003b90	cbdf3313	sltiu	x6,x30,-835	 x30:0x00000000  x6=0x00000001
        1280373	     63917	80003b94	405e51b3	sra	x3,x28,x5	 x28:0x000003fe  x5:0x80025ce4  x3=0x0000003f
        1280773	     63937	80003b98	0398c263	blt	x17,x25,80003bbc	 x17:0x00000000 x25:0x00000000
        1280953	     63946	80003b9c	3407d5f3	csrrwi	x11,mscratch,15	 x11=0x0000000f
        1280973	     63947	80003ba0	01689c13	slli	x24,x17,0x16	 x17:0x00000000 x24=0x00000000
        1280993	     63948	80003ba4	000de433	or	x8,x27,x0	 x27:0x74c1e000  x0:0x00000000  x8=0x74c1e000
        1281013	     63949	80003ba8	8532	c.mv	x10,x12	  x0:0x00000000 x12:0xffffffff x10=0xffffffff
        1281073	     63952	80003baa	02f02333	mulhsu	x6,x0,x15	  x0:0x00000000 x15:0x91b4cfe4  x6=0x00000000
        1281093	     63953	80003bae	ef05	c.bnez	x14,80003be6	 x14:0x00000000
        1281113	     63954	80003bb0	03a46563	bltu	x8,x26,80003bda	  x8:0x74c1e000 x26:0x08448864
        1281133	     63955	80003bb4	34007073	csrrci	x0,mscratch,0	  x0=0x00000000
        1281213	     63959	80003bb8	0ff0000f	fence	iorw,iorw	
        1281293	     63963	80003bbc	0113c863	blt	x7,x17,80003bcc	  x7:0x00000000 x17:0x00000000
        1281333	     63965	80003bc0	02fe2233	mulhsu	x4,x28,x15	 x28:0x000003fe x15:0x91b4cfe4  x4=0x00000245
        1281353	     63966	80003bc4	8239	c.srli	x12,0xe	 x12:0xffffffff x12=0x0003ffff
        1281473	     63972	80003bc6	dfbb2017	auipc	x0,0xdfbb2	  x0=0x00000000
        1281493	     63973	80003bca	8ca1	c.xor	x9,x8	  x9:0x00000000  x8:0x74c1e000  x9=0x74c1e000
        1281533	     63975	80003bcc	0281a9b3	mulhsu	x19,x3,x8	  x3:0x0000003f  x8:0x74c1e000 x19=0x0000001c
        1281653	     63981	80003bd0	04b2f163	bgeu	x5,x11,80003c12	  x5:0x80025ce4 x11:0x0000000f
        1282013	     63999	80003c12	0ff0000f	fence	iorw,iorw	
        1282033	     64000	80003c16	019c17b3	sll	x15,x24,x25	 x24:0x00000000 x25:0x00000000 x15=0x00000000
        1282053	     64001	80003c1a	8722	c.mv	x14,x8	  x0:0x00000000  x8:0x74c1e000 x14=0x74c1e000
        1282153	     64006	80003c1c	6871	c.lui	x16,0x1c	 x16=0x0001c000
        1282173	     64007	80003c1e	8e19	c.sub	x12,x14	 x12:0x0003ffff x14:0x74c1e000 x12=0x8b421fff
        1282193	     64008	80003c20	01203eb3	sltu	x29,x0,x18	  x0:0x00000000 x18:0x80021e38 x29=0x00000001
        1282273	     64012	80003c24	01156ab3	or	x21,x10,x17	 x10:0xffffffff x17:0x00000000 x21=0xffffffff
        1282613	     64029	80003c28	03f3e4b3	rem	x9,x7,x31	  x7:0x00000000 x31:0x00000000  x9=0x00000000
        1282773	     64037	80003c2c	07ca	c.slli	x15,0x12	 x15:0x00000000 x15=0x00000000
        1282793	     64038	80003c2e	34003173	csrrc	x2,mscratch,x0	  x0:0x00000000  x2=0x0000000f
        1283073	     64052	80003c32	03fa2733	mulhsu	x14,x20,x31	 x20:0x0000015d x31:0x00000000 x14=0x00000000
        1283093	     64053	80003c36	8e45	c.or	x12,x9	 x12:0x8b421fff  x9:0x00000000 x12=0x8b421fff
        1283193	     64058	80003c38	8de2	c.mv	x27,x24	  x0:0x00000000 x24:0x00000000 x27=0x00000000
        1283393	     64068	80003c3a	40225f33	sra	x30,x4,x2	  x4:0x00000245  x2:0x0000000f x30=0x00000000
        1283413	     64069	80003c3e	83d1	c.srli	x15,0x14	 x15:0x00000000 x15=0x00000000
        1283433	     64070	80003c40	01109533	sll	x10,x1,x17	  x1:0x00000000 x17:0x00000000 x10=0x00000000
        1283453	     64071	80003c44	86d5	c.srai	x13,0x15	 x13:0x00000ab6 x13=0x00000000
        1283473	     64072	80003c46	035c0333	mul	x6,x24,x21	 x24:0x00000000 x21:0xffffffff  x6=0x00000000
        1283493	     64073	80003c4a	41ff8633	sub	x12,x31,x31	 x31:0x00000000 x31:0x00000000 x12=0x00000000
        1283653	     64081	80003c4e	02d30d63	beq	x6,x13,80003c88	  x6:0x00000000 x13:0x00000000
        1284973	     64147	80003c88	023a7533	remu	x10,x20,x3	 x20:0x0000015d  x3:0x0000003f x10=0x00000022
        1284993	     64148	80003c8c	8ed9	c.or	x13,x14	 x13:0x00000000 x14:0x00000000 x13=0x00000000
        1285013	     64149	80003c8e	340a16f3	csrrw	x13,mscratch,x20	 x20:0x0000015d x13=0x0000000f
        1285033	     64150	80003c92	1714	c.addi4spn	x13,x2,928	 x13=0x000003af
        1285053	     64151	80003c94	7e17ce13	xori	x28,x15,2017	 x15:0x00000000 x28=0x000007e1
        1285073	     64152	80003c98	81a9	c.srli	x11,0xa	 x11:0x0000000f x11=0x00000000
        1285093	     64153	80003c9a	9dd2	c.add	x27,x20	 x27:0x00000000 x20:0x0000015d x27=0x0000015d
        1285833	     64190	80003c9c	0255d733	divu	x14,x11,x5	 x11:0x00000000  x5:0x80025ce4 x14=0x00000000
        1286573	     64227	80003ca0	03037eb3	remu	x29,x6,x16	  x6:0x00000000 x16:0x0001c000 x29=0x00000000
        1286593	     64228	80003ca4	0000100f	fence.i	
        1287213	     64259	80003ca8	8c8a	c.mv	x25,x2	  x0:0x00000000  x2:0x0000000f x25=0x0000000f
        1287233	     64260	80003caa	6149	c.addi16sp	x2,144	  x2:0x0000000f  x2=0x0000009f
        1287473	     64272	80003cac	8471	c.srai	x8,0x1c	  x8:0x74c1e000  x8=0x00000007
        1288213	     64309	80003cae	03a95bb3	divu	x23,x18,x26	 x18:0x80021e38 x26:0x08448864 x23=0x0000000f
        1288233	     64310	80003cb2	0ff0000f	fence	iorw,iorw	
        1288253	     64311	80003cb6	8c41	c.or	x8,x8	  x8:0x00000007  x8:0x00000007  x8=0x00000007
        1288273	     64312	80003cb8	9822	c.add	x16,x8	 x16:0x0001c000  x8:0x00000007 x16=0x0001c007
        1288293	     64313	80003cba	5bfd	c.li	x23,-1	 x23=0xffffffff
        1288313	     64314	80003cbc	11680093	addi	x1,x16,278	 x16:0x0001c007  x1=0x0001c11d
        1288353	     64316	80003cc0	03d4f8b3	remu	x17,x9,x29	  x9:0x00000000 x29:0x00000000 x17=0x00000000
        1288373	     64317	80003cc4	9336	c.add	x6,x13	  x6:0x00000000 x13:0x000003af  x6=0x000003af
        1288653	     64331	80003cc6	340dd373	csrrwi	x6,mscratch,27	  x6=0x0000015d
        1288673	     64332	80003cca	6efd	c.lui	x29,0x1f	 x29=0x0001f000
        1288693	     64333	80003ccc	6e962237	lui	x4,0x6e962	  x4=0x6e962000
        1288713	     64334	80003cd0	0010c1b3	xor	x3,x1,x1	  x1:0x0001c11d  x1:0x0001c11d  x3=0x00000000
        1288733	     64335	80003cd4	340163f3	csrrsi	x7,mscratch,2	  x7=0x0000001b
        1288753	     64336	80003cd8	99fd	c.andi	x11,-1	 x11:0x00000000 x11=0x00000000
        1288773	     64337	80003cda	056d	c.addi	x10,27	 x10:0x00000022 x10=0x0000003d
        1288893	     64343	80003cdc	00efbfb3	sltu	x31,x31,x14	 x31:0x00000000 x14:0x00000000 x31=0x00000000
        1288913	     64344	80003ce0	1f7d	c.addi	x30,-1	 x30:0x00000000 x30=0xffffffff
        1289033	     64350	80003ce2	0131f033	and	x0,x3,x19	  x3:0x00000000 x19:0x0000001c  x0=0x00000000
        1289273	     64362	80003ce6	02d2a6b3	mulhsu	x13,x5,x13	  x5:0x80025ce4 x13:0x000003af x13=0xfffffe28
        1289713	     64384	80003cea	013bebb3	or	x23,x23,x19	 x23:0xffffffff x19:0x0000001c x23=0xffffffff
        1289733	     64385	80003cee	03d2da63	bge	x5,x29,80003d22	  x5:0x80025ce4 x29:0x0001f000
        1289853	     64391	80003cf2	02887f63	bgeu	x16,x8,80003d30	 x16:0x0001c007  x8:0x00000007
        1291353	     64466	80003d30	0265	c.addi	x4,25	  x4:0x6e962000  x4=0x6e962019
        1291373	     64467	80003d32	8dbd	c.xor	x11,x15	 x11:0x00000000 x15:0x00000000 x11=0x00000000
        1291393	     64468	80003d34	ca342793	slti	x15,x8,-861	  x8:0x00000007 x15=0x00000000
        1291413	     64469	80003d38	407b5d93	srai	x27,x22,0x7	 x22:0xdd76a18d x27=0xffbaed43
        1291433	     64470	80003d3c	00760133	add	x2,x12,x7	 x12:0x00000000  x7:0x0000001b  x2=0x0000001b
        1291613	     64479	80003d40	573ba393	slti	x7,x23,1395	 x23:0xffffffff  x7=0x00000001
        1292553	     64526	80003d44	037077b3	remu	x15,x0,x23	  x0:0x00000000 x23:0xffffffff x15=0x00000000
        1292573	     64527	80003d48	80cd	c.srli	x9,0x13	  x9:0x00000000  x9=0x00000000
        1292593	     64528	80003d4a	8c3d	c.xor	x8,x15	  x8:0x00000007 x15:0x00000000  x8=0x00000007
        1292613	     64529	80003d4c	9dfa	c.add	x27,x30	 x27:0xffbaed43 x30:0xffffffff x27=0xffbaed42
        1292633	     64530	80003d4e	43bd6693	ori	x13,x26,1083	 x26:0x08448864 x13=0x08448c7f
        1292673	     64532	80003d52	02cc7d33	remu	x26,x24,x12	 x24:0x00000000 x12:0x00000000 x26=0x00000000
        1292693	     64533	80003d56	00d4dd93	srli	x27,x9,0xd	  x9:0x00000000 x27=0x00000000
        1292713	     64534	80003d5a	c14b3813	sltiu	x16,x22,-1004	 x22:0xdd76a18d x16=0x00000001
        1292953	     64546	80003d5e	037a2c33	mulhsu	x24,x20,x23	 x20:0x0000015d x23:0xffffffff x24=0x0000015c
        1292973	     64547	80003d62	01c71f63	bne	x14,x28,80003d80	 x14:0x00000000 x28:0x000007e1
        1293553	     64576	80003d80	6609	c.lui	x12,0x2	 x12=0x00002000
        1293573	     64577	80003d82	042b0463	beq	x22,x2,80003dca	 x22:0xdd76a18d  x2:0x0000001b
        1293613	     64579	80003d86	02128f63	beq	x5,x1,80003dc4	  x5:0x80025ce4  x1:0x0001c11d
        1294053	     64601	80003d8a	020bfcb3	remu	x25,x23,x0	 x23:0xffffffff  x0:0x00000000 x25=0xffffffff
        1294073	     64602	80003d8e	002611b3	sll	x3,x12,x2	 x12:0x00002000  x2:0x0000001b  x3=0x00000000
        1294093	     64603	80003d92	34007af3	csrrci	x21,mscratch,0	 x21=0x0000001b
        1294213	     64609	80003d96	048af063	bgeu	x21,x8,80003dd6	 x21:0x0000001b  x8:0x00000007
        1295013	     64649	80003dd6	01611bb3	sll	x23,x2,x22	  x2:0x0000001b x22:0xdd76a18d x23=0x00036000
        1295033	     64650	80003dda	16653a13	sltiu	x20,x10,358	 x10:0x0000003d x20=0x00000001
        1295053	     64651	80003dde	8685	c.srai	x13,0x1	 x13:0x08448c7f x13=0x0422463f
        1295073	     64652	80003de0	006baf33	slt	x30,x23,x6	 x23:0x00036000  x6:0x0000015d x30=0x00000000
        1295193	     64658	80003de4	94b7a513	slti	x10,x15,-1717	 x15:0x00000000 x10=0x00000000
        1295213	     64659	80003de8	e1a14813	xori	x16,x2,-486	  x2:0x0000001b x16=0xfffffe01
        1295333	     64665	80003dec	00257d33	and	x26,x10,x2	 x10:0x00000000  x2:0x0000001b x26=0x00000000
        1295353	     64666	80003df0	01191013	slli	x0,x18,0x11	 x18:0x80021e38  x0=0x00000000
        1295393	     64668	80003df4	02129433	mulh	x8,x5,x1	  x5:0x80025ce4  x1:0x0001c11d  x8=0xffff1f75
        1295793	     64688	80003df8	340037f3	csrrc	x15,mscratch,x0	  x0:0x00000000 x15=0x0000001b
        1296073	     64702	80003dfc	0001	c.addi	x0,0	  x0:0x00000000  x0=0x00000000
        1296253	     64711	80003dfe	03068e33	mul	x28,x13,x16	 x13:0x0422463f x16:0xfffffe01 x28=0xbf95c83f
        1296413	     64719	80003e02	05436163	bltu	x6,x20,80003e44	  x6:0x0000015d x20:0x00000001
        1296433	     64720	80003e06	8efd	c.and	x13,x15	 x13:0x0422463f x15:0x0000001b x13=0x0000001b
        1296453	     64721	80003e08	b0a62393	slti	x7,x12,-1270	 x12:0x00002000  x7=0x00000000
        1296473	     64722	80003e0c	a2d76413	ori	x8,x14,-1491	 x14:0x00000000  x8=0xfffffa2d
        1296493	     64723	80003e10	0ff0000f	fence	iorw,iorw	
        1296513	     64724	80003e14	12aa8613	addi	x12,x21,298	 x21:0x0000001b x12=0x00000145
        1296553	     64726	80003e18	34002ef3	csrrs	x29,mscratch,x0	  x0:0x00000000 x29=0x0000001b
        1296573	     64727	80003e1c	8c91	c.sub	x9,x12	  x9:0x00000000 x12:0x00000145  x9=0xfffffebb
        1296593	     64728	80003e1e	01765d63	bge	x12,x23,80003e38	 x12:0x00000145 x23:0x00036000
        1296613	     64729	80003e22	8ea1	c.xor	x13,x8	 x13:0x0000001b  x8:0xfffffa2d x13=0xfffffa36
        1296753	     64736	80003e24	028dd363	bge	x27,x8,80003e4a	 x27:0x00000000  x8:0xfffffa2d
        1296933	     64745	80003e4a	0ff0000f	fence	iorw,iorw	
        1296953	     64746	80003e4e	010260b3	or	x1,x4,x16	  x4:0x6e962019 x16:0xfffffe01  x1=0xfffffe19
        1297273	     64762	80003e52	0413f363	bgeu	x7,x1,80003e98	  x7:0x00000000  x1:0xfffffe19
        1297693	     64783	80003e56	b3a14413	xori	x8,x2,-1222	  x2:0x0000001b  x8=0xfffffb21
        1297713	     64784	80003e5a	132e8793	addi	x15,x29,306	 x29:0x0000001b x15=0x0000014d
        1297733	     64785	80003e5e	00801433	sll	x8,x0,x8	  x0:0x00000000  x8:0xfffffb21  x8=0x00000000
        1297753	     64786	80003e62	9afd	c.andi	x13,-1	 x13:0xfffffa36 x13=0xfffffa36
        1297773	     64787	80003e64	3405dcf3	csrrwi	x25,mscratch,11	 x25=0x0000001b
        1297953	     64796	80003e68	848d	c.srai	x9,0x3	  x9:0xfffffebb  x9=0xffffffd7
        1297973	     64797	80003e6a	a7bdc193	xori	x3,x27,-1413	 x27:0x00000000  x3=0xfffffa7b
        1297993	     64798	80003e6e	cb873b93	sltiu	x23,x14,-840	 x14:0x00000000 x23=0x00000001
        1298013	     64799	80003e72	6159	c.addi16sp	x2,400	  x2:0x0000001b  x2=0x000001ab
        1298033	     64800	80003e74	04e3d263	bge	x7,x14,80003eb8	  x7:0x00000000 x14:0x00000000
        1298353	     64816	80003eb8	027b2233	mulhsu	x4,x22,x7	 x22:0xdd76a18d  x7:0x00000000  x4=0x00000000
        1298373	     64817	80003ebc	f4f9fd93	andi	x27,x19,-177	 x19:0x0000001c x27=0x0000000c
        1298393	     64818	80003ec0	64fd	c.lui	x9,0x1f	  x9=0x0001f000
        1298413	     64819	80003ec2	34002f73	csrrs	x30,mscratch,x0	  x0:0x00000000 x30=0x0000000b
        1298433	     64820	80003ec6	577d	c.li	x14,-1	 x14=0xffffffff
        1298473	     64822	80003ec8	03a22533	mulhsu	x10,x4,x26	  x4:0x00000000 x26:0x00000000 x10=0x00000000
        1298613	     64829	80003ecc	1dfd	c.addi	x27,-1	 x27:0x0000000c x27=0x0000000b
        1298633	     64830	80003ece	8fc9	c.or	x15,x10	 x15:0x0000014d x10:0x00000000 x15=0x0000014d
        1298653	     64831	80003ed0	008b5393	srli	x7,x22,0x8	 x22:0xdd76a18d  x7=0x00dd76a1
        1298693	     64833	80003ed4	f13cc513	xori	x10,x25,-237	 x25:0x0000001b x10=0xffffff08
        1298713	     64834	80003ed8	1ec3a413	slti	x8,x7,492	  x7:0x00dd76a1  x8=0x00000000
        1299133	     64855	80003edc	4851c993	xori	x19,x3,1157	  x3:0xfffffa7b x19=0xfffffefe
        1307853	     65291	80003ee0	8ff1	c.and	x15,x12	 x15:0x0000014d x12:0x00000145 x15=0x00000145
        1307873	     65292	80003ee2	d965e613	ori	x12,x11,-618	 x11:0x00000000 x12=0xfffffd96
        1307893	     65293	80003ee6	8ce1	c.and	x9,x8	  x9:0x0001f000  x8:0x00000000  x9=0x00000000
        1307913	     65294	80003ee8	61d5	c.lui	x3,0x15	  x3=0x00015000
        1307933	     65295	80003eea	0ff0000f	fence	iorw,iorw	
        1307953	     65296	80003eee	86f2	c.mv	x13,x28	  x0:0x00000000 x28:0xbf95c83f x13=0xbf95c83f
        1308013	     65299	80003ef0	8eed	c.and	x13,x11	 x13:0xbf95c83f x11:0x00000000 x13=0x00000000
        1308033	     65300	80003ef2	01190263	beq	x18,x17,80003ef6	 x18:0x80021e38 x17:0x00000000
        1308053	     65301	80003ef6	8be5	c.andi	x15,25	 x15:0x00000145 x15=0x00000001
        1308073	     65302	80003ef8	00181d63	bne	x16,x1,80003f12	 x16:0xfffffe01  x1:0xfffffe19
        1308513	     65324	80003f12	03b71db3	mulh	x27,x14,x27	 x14:0xffffffff x27:0x0000000b x27=0xffffffff
        1308533	     65325	80003f16	01125533	srl	x10,x4,x17	  x4:0x00000000 x17:0x00000000 x10=0x00000000
        1309273	     65362	80003f1a	0368e9b3	rem	x19,x17,x22	 x17:0x00000000 x22:0xdd76a18d x19=0x00000000
        1310013	     65399	80003f1e	02e754b3	divu	x9,x14,x14	 x14:0xffffffff x14:0xffffffff  x9=0x00000001
        1310033	     65400	80003f22	340c9273	csrrw	x4,mscratch,x25	 x25:0x0000001b  x4=0x0000000b
        1310053	     65401	80003f26	d7f58113	addi	x2,x11,-641	 x11:0x00000000  x2=0xfffffd7f
        1310073	     65402	80003f2a	0001	c.addi	x0,0	  x0:0x00000000  x0=0x00000000
        1310093	     65403	80003f2c	8f61	c.and	x14,x8	 x14:0xffffffff  x8:0x00000000 x14=0x00000000
        1310113	     65404	80003f2e	029f4763	blt	x30,x9,80003f5c	 x30:0x0000000b  x9:0x00000001
        1310133	     65405	80003f32	b2753893	sltiu	x17,x10,-1241	 x10:0x00000000 x17=0x00000001
        1310153	     65406	80003f36	8169	c.srli	x10,0x1a	 x10:0x00000000 x10=0x00000000
        1310353	     65416	80003f38	6845	c.lui	x16,0x11	 x16=0x00011000
        1310373	     65417	80003f3a	883d	c.andi	x8,15	  x8:0x00000000  x8=0x00000000
        1310393	     65418	80003f3c	0000100f	fence.i	
        1311193	     65458	80003f40	03529cb3	mulh	x25,x5,x21	  x5:0x80025ce4 x21:0x0000001b x25=0xfffffff2
        1311213	     65459	80003f44	0710	c.addi4spn	x12,x2,896	 x12=0x000000ff
        1311233	     65460	80003f46	841d	c.srai	x8,0x7	  x8:0x00000000  x8=0x00000000
        1311253	     65461	80003f48	8ffd	c.and	x15,x15	 x15:0x00000001 x15:0x00000001 x15=0x00000001
        1311493	     65473	80003f4a	03e77a93	andi	x21,x14,62	 x14:0x00000000 x21=0x00000000
        1311513	     65474	80003f4e	8485	c.srai	x9,0x1	  x9:0x00000001  x9=0x00000000
        1311533	     65475	80003f50	5ffd	c.li	x31,-1	 x31=0xffffffff
        1311553	     65476	80003f52	412d0e33	sub	x28,x26,x18	 x26:0x00000000 x18:0x80021e38 x28=0x7ffde1c8
        1311573	     65477	80003f56	408e8633	sub	x12,x29,x8	 x29:0x0000001b  x8:0x00000000 x12=0x0000001b
        1311593	     65478	80003f5a	191c	c.addi4spn	x15,x2,176	 x15=0xfffffe2f
        1312333	     65515	80003f5c	03765133	divu	x2,x12,x23	 x12:0x0000001b x23:0x00000001  x2=0x0000001b
        1312353	     65516	80003f60	07f84d93	xori	x27,x16,127	 x16:0x00011000 x27=0x0001107f
        1312373	     65517	80003f64	03f64363	blt	x12,x31,80003f8a	 x12:0x0000001b x31:0xffffffff
        1312393	     65518	80003f68	0a94	c.addi4spn	x13,x2,336	 x13=0x0000016b
        1312413	     65519	80003f6a	46a5	c.li	x13,9	 x13=0x00000009
        1312433	     65520	80003f6c	64c38593	addi	x11,x7,1612	  x7:0x00dd76a1 x11=0x00dd7ced
        1312453	     65521	80003f70	03b7db63	bge	x15,x27,80003fa6	 x15:0xfffffe2f x27:0x0001107f
        1312473	     65522	80003f74	02f8e263	bltu	x17,x15,80003f98	 x17:0x00000001 x15:0xfffffe2f
        1312913	     65544	80003f98	340bf373	csrrci	x6,mscratch,23	  x6=0x0000001b
        1312993	     65548	80003f9c	013708b3	add	x17,x14,x19	 x14:0x00000000 x19:0x00000000 x17=0x00000000
        1313413	     65569	80003fa0	157d	c.addi	x10,-1	 x10:0x00000000 x10=0xffffffff
        1313453	     65571	80003fa2	003718b3	sll	x17,x14,x3	 x14:0x00000000  x3:0x00015000 x17=0x00000000
        1313473	     65572	80003fa6	04605363	bge	x0,x6,80003fec	  x0:0x00000000  x6:0x0000001b
        1313493	     65573	80003faa	c109	c.beqz	x10,80003fac	 x10:0xffffffff
        1313553	     65576	80003fac	01342233	slt	x4,x8,x19	  x8:0x00000000 x19:0x00000000  x4=0x00000000
        1313573	     65577	80003fb0	03efc263	blt	x31,x30,80003fd4	 x31:0xffffffff x30:0x0000000b
        1314213	     65609	80003fd4	03dc5e63	bge	x24,x29,80004010	 x24:0x0000015c x29:0x0000001b
        1314613	     65629	80004010	34003873	csrrc	x16,mscratch,x0	  x0:0x00000000 x16=0x00000008
        1314633	     65630	80004014	03616563	bltu	x2,x22,8000403e	  x2:0x0000001b x22:0xdd76a18d
        1314913	     65644	8000403e	099d	c.addi	x19,7	 x19:0x00000000 x19=0x00000007
        1315173	     65657	80004040	848e	c.mv	x9,x3	  x0:0x00000000  x3:0x00015000  x9=0x00015000
        1315373	     65667	80004042	6a278513	addi	x10,x15,1698	 x15:0xfffffe2f x10=0x000004d1
        1315393	     65668	80004046	8cad	c.xor	x9,x11	  x9:0x00015000 x11:0x00dd7ced  x9=0x00dc2ced
        1315413	     65669	80004048	84278e13	addi	x28,x15,-1982	 x15:0xfffffe2f x28=0xfffff671
        1315633	     65680	8000404c	04d7e163	bltu	x15,x13,8000408e	 x15:0xfffffe2f x13:0x00000009
        1315653	     65681	80004050	84fd	c.srai	x9,0x1f	  x9:0x00dc2ced  x9=0x00000000
        1315753	     65686	80004052	f43fe417	auipc	x8,0xf43fe	  x8=0x74402052
        1316133	     65705	80004056	0000100f	fence.i	
        1316533	     65725	8000405a	00fb08b3	add	x17,x22,x15	 x22:0xdd76a18d x15:0xfffffe2f x17=0xdd769fbc
        1316553	     65726	8000405e	8f79	c.and	x14,x14	 x14:0x00000000 x14:0x00000000 x14=0x00000000
        1316953	     65746	80004060	340650f3	csrrwi	x1,mscratch,12	  x1=0x00000008
        1317373	     65767	80004064	006c77b3	and	x15,x24,x6	 x24:0x0000015c  x6:0x0000001b x15=0x00000018
        1317713	     65784	80004068	8e15	c.sub	x12,x13	 x12:0x0000001b x13:0x00000009 x12=0x00000012
        1317733	     65785	8000406a	8139	c.srli	x10,0xe	 x10:0x000004d1 x10=0x00000000
        1318473	     65822	8000406c	021d4db3	div	x27,x26,x1	 x26:0x00000000  x1:0x00000008 x27=0x00000000
        1318493	     65823	80004070	046e6363	bltu	x28,x6,800040b6	 x28:0xfffff671  x6:0x0000001b
        1318513	     65824	80004074	00fd2833	slt	x16,x26,x15	 x26:0x00000000 x15:0x00000018 x16=0x00000001
        1318533	     65825	80004078	0ff0000f	fence	iorw,iorw	
        1318553	     65826	8000407c	6131	c.addi16sp	x2,320	  x2:0x0000001b  x2=0x0000015b
        1318573	     65827	8000407e	417284b3	sub	x9,x5,x23	  x5:0x80025ce4 x23:0x00000001  x9=0x80025ce3
        1318593	     65828	80004082	01190833	add	x16,x18,x17	 x18:0x80021e38 x17:0xdd769fbc x16=0x5d78bdf4
        1318873	     65842	80004086	0308d963	bge	x17,x16,800040b8	 x17:0xdd769fbc x16:0x5d78bdf4
        1318893	     65843	8000408a	02240333	mul	x6,x8,x2	  x8:0x74402052  x2:0x0000015b  x6=0x92ebcf26
        1318913	     65844	8000408e	00165f13	srli	x30,x12,0x1	 x12:0x00000012 x30=0x00000009
        1318933	     65845	80004092	82a1	c.srli	x13,0x8	 x13:0x00000009 x13=0x00000000
        1318953	     65846	80004094	00781c93	slli	x25,x16,0x7	 x16:0x5d78bdf4 x25=0xbc5efa00
        1318973	     65847	80004098	01f2f863	bgeu	x5,x31,800040a8	  x5:0x80025ce4 x31:0xffffffff
        1318993	     65848	8000409c	8d7d	c.and	x10,x15	 x10:0x00000000 x15:0x00000018 x10=0x00000000
        1319233	     65860	8000409e	0355e1b3	rem	x3,x11,x21	 x11:0x00dd7ced x21:0x00000000  x3=0x00dd7ced
        1319433	     65870	800040a2	3408f873	csrrci	x16,mscratch,17	 x16=0x0000000c
        1319453	     65871	800040a6	0001	c.addi	x0,0	  x0:0x00000000  x0=0x00000000
        1319473	     65872	800040a8	717d	c.addi16sp	x2,-16	  x2:0x0000015b  x2=0x0000014b
        1319873	     65892	800040aa	0071af33	slt	x30,x3,x7	  x3:0x00dd7ced  x7:0x00dd76a1 x30=0x00000000
        1319993	     65898	800040ae	0ff0000f	fence	iorw,iorw	
        1320013	     65899	800040b2	0368d463	bge	x17,x22,800040da	 x17:0xdd769fbc x22:0xdd76a18d
        1320033	     65900	800040b6	e2b1	c.bnez	x13,800040fa	 x13:0x00000000
        1320073	     65902	800040b8	038321b3	mulhsu	x3,x6,x24	  x6:0x92ebcf26 x24:0x0000015c  x3=0xffffff6b
        1320153	     65906	800040bc	4024df93	srai	x31,x9,0x2	  x9:0x80025ce3 x31=0xe0009738
        1320193	     65908	800040c0	021195b3	mulh	x11,x3,x1	  x3:0xffffff6b  x1:0x00000008 x11=0xffffffff
        1320393	     65918	800040c4	3405d073	csrrwi	x0,mscratch,11	  x0=0x00000000
        1320613	     65929	800040c8	00914eb3	xor	x29,x2,x9	  x2:0x0000014b  x9:0x80025ce3 x29=0x80025da8
        1320753	     65936	800040cc	02d0a7b3	mulhsu	x15,x1,x13	  x1:0x00000008 x13:0x00000000 x15=0x00000000
        1320773	     65937	800040d0	340dd273	csrrwi	x4,mscratch,27	  x4=0x0000000b
        1320793	     65938	800040d4	011238b3	sltu	x17,x4,x17	  x4:0x0000000b x17:0xdd769fbc x17=0x00000001
        1320813	     65939	800040d8	85a1	c.srai	x11,0x8	 x11:0xffffffff x11=0xffffffff
        1321213	     65959	800040da	36a18593	addi	x11,x3,874	  x3:0xffffff6b x11=0x000002d5
        1321313	     65964	800040de	0000100f	fence.i	
        1322453	     66021	800040e2	03563cb3	mulhu	x25,x12,x21	 x12:0x00000012 x21:0x00000000 x25=0x00000000
        1323353	     66066	800040e6	021155b3	divu	x11,x2,x1	  x2:0x0000014b  x1:0x00000008 x11=0x00000029
        1323373	     66067	800040ea	34067673	csrrci	x12,mscratch,12	 x12=0x0000001b
        1323393	     66068	800040ee	4052dd33	sra	x26,x5,x5	  x5:0x80025ce4  x5:0x80025ce4 x26=0xf80025ce
        1323413	     66069	800040f2	8e39	c.xor	x12,x14	 x12:0x0000001b x14:0x00000000 x12=0x0000001b
        1323433	     66070	800040f4	340ba773	csrrs	x14,mscratch,x23	 x23:0x00000001 x14=0x00000013
        1323453	     66071	800040f8	8151	c.srli	x10,0x14	 x10:0x00000000 x10=0x00000000
        1323473	     66072	800040fa	01d4bcb3	sltu	x25,x9,x29	  x9:0x80025ce3 x29:0x80025da8 x25=0x00000001
        1323493	     66073	800040fe	01ade833	or	x16,x27,x26	 x27:0x00000000 x26:0xf80025ce x16=0xf80025ce
        1323513	     66074	80004102	00967d33	and	x26,x12,x9	 x12:0x0000001b  x9:0x80025ce3 x26=0x00000003
        1323533	     66075	80004106	0ff0000f	fence	iorw,iorw	
        1323693	     66083	8000410a	00885693	srli	x13,x16,0x8	 x16:0xf80025ce x13=0x00f80025
        1323713	     66084	8000410e	5f7d	c.li	x30,-1	 x30=0xffffffff
        1323733	     66085	80004110	03161263	bne	x12,x17,80004134	 x12:0x0000001b x17:0x00000001
        1323993	     66098	80004134	11122593	slti	x11,x4,273	  x4:0x0000000b x11=0x00000001
        1324013	     66099	80004138	23af7d13	andi	x26,x30,570	 x30:0xffffffff x26=0x0000023a
        1324033	     66100	8000413c	34021073	csrrw	x0,mscratch,x4	  x4:0x0000000b  x0=0x00000000
        1324533	     66125	80004140	009c	c.addi4spn	x15,x2,64	 x15=0x0000018b
        1324553	     66126	80004142	0001	c.addi	x0,0	  x0:0x00000000  x0=0x00000000
        1324573	     66127	80004144	01edd113	srli	x2,x27,0x1e	 x27:0x00000000  x2=0x00000000
        1324733	     66135	80004148	3400af73	csrrs	x30,mscratch,x1	  x1:0x00000008 x30=0x0000000b
        1324753	     66136	8000414c	34003af3	csrrc	x21,mscratch,x0	  x0:0x00000000 x21=0x0000000b
        1324773	     66137	80004150	017e	c.slli	x2,0x1f	  x2:0x00000000  x2=0x00000000
        1324873	     66142	80004152	7f0f8713	addi	x14,x31,2032	 x31:0xe0009738 x14=0xe0009f28
        1324893	     66143	80004156	0a04	c.addi4spn	x9,x2,272	  x9=0x00000110
        1325033	     66150	80004158	0ff0000f	fence	iorw,iorw	
        1325053	     66151	8000415c	4f73e117	auipc	x2,0x4f73e	  x2=0xcf74215c
        1325073	     66152	80004160	64e90693	addi	x13,x18,1614	 x18:0x80021e38 x13=0x80022486
        1325493	     66173	80004164	6f45	c.lui	x30,0x11	 x30=0x00011000
        1325513	     66174	80004166	02b79163	bne	x15,x11,80004188	 x15:0x0000018b x11:0x00000001
        1325593	     66178	80004188	84b9	c.srai	x9,0xe	  x9:0x00000110  x9=0x00000000
        1325613	     66179	8000418a	340037f3	csrrc	x15,mscratch,x0	  x0:0x00000000 x15=0x0000000b
        1325633	     66180	8000418e	dcccc513	xori	x10,x25,-564	 x25:0x00000001 x10=0xfffffdcd
        1325653	     66181	80004192	0082de93	srli	x29,x5,0x8	  x5:0x80025ce4 x29=0x0080025c
        1325793	     66188	80004196	02499063	bne	x19,x4,800041b6	 x19:0x00000007  x4:0x0000000b
        1327013	     66249	800041b6	34003df3	csrrc	x27,mscratch,x0	  x0:0x00000000 x27=0x0000000b
        1327033	     66250	800041ba	86be	c.mv	x13,x15	  x0:0x00000000 x15:0x0000000b x13=0x0000000b
        1327433	     66270	800041bc	41420533	sub	x10,x4,x20	  x4:0x0000000b x20:0x00000001 x10=0x0000000a
        1327613	     66279	800041c0	400c0733	sub	x14,x24,x0	 x24:0x0000015c  x0:0x00000000 x14=0x0000015c
        1327633	     66280	800041c4	0001	c.addi	x0,0	  x0:0x00000000  x0=0x00000000
        1327733	     66285	800041c6	34082173	csrrs	x2,mscratch,x16	 x16:0xf80025ce  x2=0x0000000b
        1327753	     66286	800041ca	4335	c.li	x6,13	  x6=0x0000000d
        1328493	     66323	800041cc	02c65133	divu	x2,x12,x12	 x12:0x0000001b x12:0x0000001b  x2=0x00000001
        1328513	     66324	800041d0	823d	c.srli	x12,0xf	 x12:0x0000001b x12=0x00000000
        1328533	     66325	800041d2	0001	c.addi	x0,0	  x0:0x00000000  x0=0x00000000
        1328553	     66326	800041d4	34071df3	csrrw	x27,mscratch,x14	 x14:0x0000015c x27=0xf80025cf
        1328573	     66327	800041d8	41c95313	srai	x6,x18,0x1c	 x18:0x80021e38  x6=0xfffffff8
        1328593	     66328	800041dc	340f50f3	csrrwi	x1,mscratch,30	  x1=0x0000015c
        1328613	     66329	800041e0	4c19f993	andi	x19,x19,1217	 x19:0x00000007 x19=0x00000001
        1328653	     66331	800041e4	0219b7b3	mulhu	x15,x19,x1	 x19:0x00000001  x1:0x0000015c x15=0x00000000
        1328853	     66341	800041e8	035a4e63	blt	x20,x21,80004224	 x20:0x00000001 x21:0x0000000b
        1338213	     66809	80004224	34049ff3	csrrw	x31,mscratch,x9	  x9:0x00000000 x31=0x0000001e
        1338953	     66846	80004228	038de833	rem	x16,x27,x24	 x27:0xf80025cf x24:0x0000015c x16=0xffffff93
        1338973	     66847	8000422c	4102dc93	srai	x25,x5,0x10	  x5:0x80025ce4 x25=0xffff8002
        1338993	     66848	80004230	340835f3	csrrc	x11,mscratch,x16	 x16:0xffffff93 x11=0x00000000
        1339733	     66885	80004234	02d3f1b3	remu	x3,x7,x13	  x7:0x00dd76a1 x13:0x0000000b  x3=0x00000007
        1339753	     66886	80004238	8dcd	c.or	x11,x11	 x11:0x00000000 x11:0x00000000 x11=0x00000000
        1339773	     66887	8000423a	0049a1b3	slt	x3,x19,x4	 x19:0x00000001  x4:0x0000000b  x3=0x00000001
        1339793	     66888	8000423e	717d	c.addi16sp	x2,-16	  x2:0x00000001  x2=0xfffffff1
        1339813	     66889	80004240	0167bd33	sltu	x26,x15,x22	 x15:0x00000000 x22:0xdd76a18d x26=0x00000001
        1339833	     66890	80004244	05a49363	bne	x9,x26,8000428a	  x9:0x00000000 x26:0x00000001
        1340413	     66919	8000428a	62627613	andi	x12,x4,1574	  x4:0x0000000b x12=0x00000002
        1340853	     66941	8000428e	02b56bb3	rem	x23,x10,x11	 x10:0x0000000a x11:0x00000000 x23=0x0000000a
        1340873	     66942	80004292	03e80263	beq	x16,x30,800042b6	 x16:0xffffff93 x30:0x00011000
        1340893	     66943	80004296	8efd	c.and	x13,x15	 x13:0x0000000b x15:0x00000000 x13=0x00000000
        1340913	     66944	80004298	006b5593	srli	x11,x22,0x6	 x22:0xdd76a18d x11=0x0375da86
        1341013	     66949	8000429c	0001	c.addi	x0,0	  x0:0x00000000  x0=0x00000000
        1341033	     66950	8000429e	006d9c63	bne	x27,x6,800042b6	 x27:0xf80025cf  x6:0xfffffff8
        1341553	     66976	800042b6	41525793	srai	x15,x4,0x15	  x4:0x0000000b x15=0x00000000
        1341573	     66977	800042ba	c7cfaa93	slti	x21,x31,-900	 x31:0x0000001e x21=0x00000000
        1341593	     66978	800042be	03e94d63	blt	x18,x30,800042f8	 x18:0x80021e38 x30:0x00011000
        1342293	     67013	800042f8	03604a63	blt	x0,x22,8000432c	  x0:0x00000000 x22:0xdd76a18d
        1342313	     67014	800042fc	0ff0000f	fence	iorw,iorw	
        1342533	     67025	80004300	00e65213	srli	x4,x12,0xe	 x12:0x00000002  x4=0x00000000
        1342633	     67030	80004304	50fd	c.li	x1,-1	  x1=0xffffffff
        1342813	     67039	80004306	02880963	beq	x16,x8,80004338	 x16:0xffffff93  x8:0x74402052
        1343233	     67060	8000430a	21ee0793	addi	x15,x28,542	 x28:0xfffff671 x15=0xfffff88f
        1343253	     67061	8000430e	8da5	c.xor	x11,x9	 x11:0x0375da86  x9:0x00000000 x11=0x0375da86
        1344073	     67102	80004310	026b4433	div	x8,x22,x6	 x22:0xdd76a18d  x6:0xfffffff8  x8=0x04512bce
        1344093	     67103	80004314	e009	c.bnez	x8,80004316	  x8:0x04512bce
        1344133	     67105	80004316	717d	c.addi16sp	x2,-16	  x2:0xfffffff1  x2=0xffffffe1
        1344153	     67106	80004318	0037f833	and	x16,x15,x3	 x15:0xfffff88f  x3:0x00000001 x16=0x00000001
        1344173	     67107	8000431c	6255	c.lui	x4,0x15	  x4=0x00015000
        1344193	     67108	8000431e	000fbdb3	sltu	x27,x31,x0	 x31:0x0000001e  x0:0x00000000 x27=0x00000000
        1344933	     67145	80004322	024359b3	divu	x19,x6,x4	  x6:0xfffffff8  x4:0x00015000 x19=0x0000c30c
        1344953	     67146	80004326	4305	c.li	x6,1	  x6=0x00000001
        1345693	     67183	80004328	03cc6333	rem	x6,x24,x28	 x24:0x0000015c x28:0xfffff671  x6=0x0000015c
        1345713	     67184	8000432c	0ff0000f	fence	iorw,iorw	
        1345733	     67185	80004330	0001	c.addi	x0,0	  x0:0x00000000  x0=0x00000000
        1345753	     67186	80004332	c8690013	addi	x0,x18,-890	 x18:0x80021e38  x0=0x00000000
        1345773	     67187	80004336	4db5	c.li	x27,13	 x27=0x0000000d
        1345793	     67188	80004338	01e4d263	bge	x9,x30,8000433c	  x9:0x00000000 x30:0x00011000
        1346533	     67225	8000433c	037b43b3	div	x7,x22,x23	 x22:0xdd76a18d x23:0x0000000a  x7=0xfc8bdcf5
        1346573	     67227	80004340	02192e33	mulhsu	x28,x18,x1	 x18:0x80021e38  x1:0xffffffff x28=0x80021e38
        1346593	     67228	80004344	00540d63	beq	x8,x5,8000435e	  x8:0x04512bce  x5:0x80025ce4
        1346733	     67235	80004348	40e0ddb3	sra	x27,x1,x14	  x1:0xffffffff x14:0x0000015c x27=0xffffffff
        1346753	     67236	8000434c	3402dcf3	csrrwi	x25,mscratch,5	 x25=0x00000000
        1346773	     67237	80004350	006ea333	slt	x6,x29,x6	 x29:0x0080025c  x6:0x0000015c  x6=0x00000000
        1347513	     67274	80004354	0234c633	div	x12,x9,x3	  x9:0x00000000  x3:0x00000001 x12=0x00000000
        1347533	     67275	80004358	340995f3	csrrw	x11,mscratch,x19	 x19:0x0000c30c x11=0x00000005
        1347633	     67280	8000435c	9c1a	c.add	x24,x6	 x24:0x0000015c  x6:0x00000000 x24=0x0000015c
        1347653	     67281	8000435e	006f9333	sll	x6,x31,x6	 x31:0x0000001e  x6:0x00000000  x6=0x0000001e
        1347673	     67282	80004362	e915	c.bnez	x10,80004396	 x10:0x0000000a
        1348293	     67313	80004396	00304893	xori	x17,x0,3	  x0:0x00000000 x17=0x00000003
        1348393	     67318	8000439a	34007ff3	csrrci	x31,mscratch,0	 x31=0x0000c30c
        1348473	     67322	8000439e	192d2193	slti	x3,x26,402	 x26:0x00000001  x3=0x00000001
        1348493	     67323	800043a2	5ffd	c.li	x31,-1	 x31=0xffffffff
        1348873	     67342	800043a4	03935b63	bge	x6,x25,800043da	  x6:0x0000001e x25:0x00000000
        1349753	     67386	800043da	01389263	bne	x17,x19,800043de	 x17:0x00000003 x19:0x0000c30c
        1350833	     67440	800043de	02d131b3	mulhu	x3,x2,x13	  x2:0xffffffe1 x13:0x00000000  x3=0x00000000
        1350853	     67441	800043e2	12ef1497	auipc	x9,0x12ef1	  x9=0x92ef53e2
        1350873	     67442	800043e6	51fd	c.li	x3,-1	  x3=0xffffffff
        1352133	     67505	800043e8	02844633	div	x12,x8,x8	  x8:0x04512bce  x8:0x04512bce x12=0x00000001
        1352153	     67506	800043ec	c52e9017	auipc	x0,0xc52e9	  x0=0x00000000
        1352173	     67507	800043f0	019931b3	sltu	x3,x18,x25	 x18:0x80021e38 x25:0x00000000  x3=0x00000000
        1352193	     67508	800043f4	019b9833	sll	x16,x23,x25	 x23:0x0000000a x25:0x00000000 x16=0x0000000a
        1352233	     67510	800043f8	0366b1b3	mulhu	x3,x13,x22	 x13:0x00000000 x22:0xdd76a18d  x3=0x00000000
        1352973	     67547	800043fc	02b6fd33	remu	x26,x13,x11	 x13:0x00000000 x11:0x00000005 x26=0x00000000
        1352993	     67548	80004400	88b1	c.andi	x9,12	  x9:0x92ef53e2  x9=0x00000000
        1353013	     67549	80004402	c689	c.beqz	x13,8000440c	 x13:0x00000000
        1353053	     67551	8000440c	017b7f33	and	x30,x22,x23	 x22:0xdd76a18d x23:0x0000000a x30=0x00000008
        1353373	     67567	80004410	0091dd33	srl	x26,x3,x9	  x3:0x00000000  x9:0x00000000 x26=0x00000000
        1353393	     67568	80004414	00d8dc13	srli	x24,x17,0xd	 x17:0x00000003 x24=0x00000000
        1354133	     67605	80004418	02f66f33	rem	x30,x12,x15	 x12:0x00000001 x15:0xfffff88f x30=0x00000001
        1354153	     67606	8000441c	34007d73	csrrci	x26,mscratch,0	 x26=0x0000c30c
        1354173	     67607	80004420	03f7e563	bltu	x15,x31,8000444a	 x15:0xfffff88f x31:0xffffffff
        1354393	     67618	8000444a	340a9873	csrrw	x16,mscratch,x21	 x21:0x00000000 x16=0x0000c30c
        1355493	     67673	8000444e	02526bb3	rem	x23,x4,x5	  x4:0x00015000  x5:0x80025ce4 x23=0x00015000
        1355513	     67674	80004452	0100feb3	and	x29,x1,x16	  x1:0xffffffff x16:0x0000c30c x29=0x0000c30c
        1355533	     67675	80004456	717d	c.addi16sp	x2,-16	  x2:0xffffffe1  x2=0xffffffd1
        1355553	     67676	80004458	036a	c.slli	x6,0x1a	  x6:0x0000001e  x6=0x78000000
        1355573	     67677	8000445a	cf8d	c.beqz	x15,80004494	 x15:0xfffff88f
        1355593	     67678	8000445c	5dfd	c.li	x27,-1	 x27=0xffffffff
        1355613	     67679	8000445e	006e8263	beq	x29,x6,80004462	 x29:0x0000c30c  x6:0x78000000
        1355653	     67681	80004462	02fbb533	mulhu	x10,x23,x15	 x23:0x00015000 x15:0xfffff88f x10=0x00014fff
        1355813	     67689	80004466	00d4cdb3	xor	x27,x9,x13	  x9:0x00000000 x13:0x00000000 x27=0x00000000
        1355833	     67690	8000446a	00ecf4b3	and	x9,x25,x14	 x25:0x00000000 x14:0x0000015c  x9=0x00000000
        1355893	     67693	8000446e	4b8b4797	auipc	x15,0x4b8b4	 x15=0xcb8b846e
        1356153	     67706	80004472	74bccf13	xori	x30,x25,1867	 x25:0x00000000 x30=0x0000074b
        1356193	     67708	80004476	02d1f433	remu	x8,x3,x13	  x3:0x00000000 x13:0x00000000  x8=0x00000000
        1356733	     67735	8000447a	fabcadb7	lui	x27,0xfabca	 x27=0xfabca000
        1356813	     67739	8000447e	9bbcc693	xori	x13,x25,-1605	 x25:0x00000000 x13=0xfffff9bb
        1357233	     67760	80004482	340823f3	csrrs	x7,mscratch,x16	 x16:0x0000c30c  x7=0x00000000
        1357253	     67761	80004486	8ea9	c.xor	x13,x10	 x13:0xfffff9bb x10:0x00014fff x13=0xfffeb644
        1357313	     67764	80004488	0ff0000f	fence	iorw,iorw	
        1357413	     67769	8000448c	77222d13	slti	x26,x4,1906	  x4:0x00015000 x26=0x00000000
        1357493	     67773	80004490	016d1eb3	sll	x29,x26,x22	 x26:0x00000000 x22:0xdd76a18d x29=0x00000000
        1357533	     67775	80004494	03ea94b3	mulh	x9,x21,x30	 x21:0x00000000 x30:0x0000074b  x9=0x00000000
        1357713	     67784	80004498	340074f3	csrrci	x9,mscratch,0	  x9=0x0000c30c
        1357733	     67785	8000449c	0db9	c.addi	x27,14	 x27:0xfabca000 x27=0xfabca00e
        1357753	     67786	8000449e	b6ff4b93	xori	x23,x30,-1169	 x30:0x0000074b x23=0xfffffc24
        1357833	     67790	800044a2	401f8633	sub	x12,x31,x1	 x31:0xffffffff  x1:0xffffffff x12=0x00000000
        1357913	     67794	800044a6	0140f633	and	x12,x1,x20	  x1:0xffffffff x20:0x00000001 x12=0x00000001
        1357933	     67795	800044aa	8392	c.mv	x7,x4	  x0:0x00000000  x4:0x00015000  x7=0x00015000
        1357953	     67796	800044ac	81a9	c.srli	x11,0xa	 x11:0x00000005 x11=0x00000000
        1357973	     67797	800044ae	4bfd	c.li	x23,31	 x23=0x0000001f
        1357993	     67798	800044b0	8dfd	c.and	x11,x15	 x11:0x00000000 x15:0xcb8b846e x11=0x00000000
        1359033	     67850	800044b2	026e5433	divu	x8,x28,x6	 x28:0x80021e38  x6:0x78000000  x8=0x00000001
        1359053	     67851	800044b6	62bf7c93	andi	x25,x30,1579	 x30:0x0000074b x25=0x0000060b
        1359073	     67852	800044ba	403801b3	sub	x3,x16,x3	 x16:0x0000c30c  x3:0x00000000  x3=0x0000c30c
        1359093	     67853	800044be	00710333	add	x6,x2,x7	  x2:0xffffffd1  x7:0x00015000  x6=0x00014fd1
        1359133	     67855	800044c2	02bd2db3	mulhsu	x27,x26,x11	 x26:0x00000000 x11:0x00000000 x27=0x00000000
        1359153	     67856	800044c6	02c41363	bne	x8,x12,800044ec	  x8:0x00000001 x12:0x00000001
        1359393	     67868	800044ca	340060f3	csrrsi	x1,mscratch,0	  x1=0x0000c30c
        1359833	     67890	800044ce	038eb5b3	mulhu	x11,x29,x24	 x29:0x00000000 x24:0x00000000 x11=0x00000000
        1360093	     67903	800044d2	cca76213	ori	x4,x14,-822	 x14:0x0000015c  x4=0xfffffdde
        1360113	     67904	800044d6	8d51	c.or	x10,x12	 x10:0x00014fff x12:0x00000001 x10=0x00014fff
        1360153	     67906	800044d8	4155de93	srai	x29,x11,0x15	 x11:0x00000000 x29=0x00000000
        1360173	     67907	800044dc	03775d63	bge	x14,x23,80004516	 x14:0x0000015c x23:0x0000001f
        1360593	     67928	80004516	411e8533	sub	x10,x29,x17	 x29:0x00000000 x17:0x00000003 x10=0xfffffffd
        1360613	     67929	8000451a	17fd	c.addi	x15,-1	 x15:0xcb8b846e x15=0xcb8b846d
        1360633	     67930	8000451c	34002e73	csrrs	x28,mscratch,x0	  x0:0x00000000 x28=0x0000c30c
        1360653	     67931	80004520	f8fcca13	xori	x20,x25,-113	 x25:0x0000060b x20=0xfffff984
        1360673	     67932	80004524	729ab693	sltiu	x13,x21,1833	 x21:0x00000000 x13=0x00000001
        1360813	     67939	80004528	995af737	lui	x14,0x995af	 x14=0x995af000
        1361053	     67951	8000452c	01dbe533	or	x10,x23,x29	 x23:0x0000001f x29:0x00000000 x10=0x0000001f
        1361073	     67952	80004530	41ba5f93	srai	x31,x20,0x1b	 x20:0xfffff984 x31=0xffffffff
        1361093	     67953	80004534	1bfd	c.addi	x23,-1	 x23:0x0000001f x23=0x0000001e
        1361113	     67954	80004536	e115	c.bnez	x10,8000455a	 x10:0x0000001f
        1370813	     68439	8000455a	86fcb713	sltiu	x14,x25,-1937	 x25:0x0000060b x14=0x00000001
        1370833	     68440	8000455e	0000100f	fence.i	
        1371053	     68451	80004562	0332bf33	mulhu	x30,x5,x19	  x5:0x80025ce4 x19:0x0000c30c x30=0x00006187
        1371073	     68452	80004566	f1a7cd93	xori	x27,x15,-230	 x15:0xcb8b846d x27=0x34747b77
        1371473	     68472	8000456a	00fa6ab3	or	x21,x20,x15	 x20:0xfffff984 x15:0xcb8b846d x21=0xfffffded
        1371493	     68473	8000456e	8a81	c.andi	x13,0	 x13:0x00000001 x13=0x00000000
        1371893	     68493	80004570	03438233	mul	x4,x7,x20	  x7:0x00015000 x20:0xfffff984  x4=0xf77d4000
        1371933	     68495	80004574	c3e14193	xori	x3,x2,-962	  x2:0xffffffd1  x3=0x000003ef
        1371953	     68496	80004578	0030f233	and	x4,x1,x3	  x1:0x0000c30c  x3:0x000003ef  x4=0x0000030c
        1372373	     68517	8000457c	9c92	c.add	x25,x4	 x25:0x0000060b  x4:0x0000030c x25=0x00000917
        1372513	     68524	8000457e	7fe4c093	xori	x1,x9,2046	  x9:0x0000c30c  x1=0x0000c4f2
        1372553	     68526	80004582	03aa6a33	rem	x20,x20,x26	 x20:0xfffff984 x26:0x00000000 x20=0xfffff984
        1372733	     68535	80004586	0015eab3	or	x21,x11,x1	 x11:0x00000000  x1:0x0000c4f2 x21=0x0000c4f2
        1372813	     68539	8000458a	01c0d593	srli	x11,x1,0x1c	  x1:0x0000c4f2 x11=0x00000000
        1372833	     68540	8000458e	34002ff3	csrrs	x31,mscratch,x0	  x0:0x00000000 x31=0x0000c30c
        1372873	     68542	80004592	02d6fb63	bgeu	x13,x13,800045c8	 x13:0x00000000 x13:0x00000000
        1373373	     68567	800045c8	be460e13	addi	x28,x12,-1052	 x12:0x00000001 x28=0xfffffbe5
        1373493	     68573	800045cc	340073f3	csrrci	x7,mscratch,0	  x7=0x0000c30c
        1373513	     68574	800045d0	032e7c63	bgeu	x28,x18,80004608	 x28:0xfffffbe5 x18:0x80021e38
        1373833	     68590	80004608	00c45013	srli	x0,x8,0xc	  x8:0x00000001  x0=0x00000000
        1373993	     68598	8000460c	845a	c.mv	x8,x22	  x0:0x00000000 x22:0xdd76a18d  x8=0xdd76a18d
        1374373	     68617	8000460e	340e36f3	csrrc	x13,mscratch,x28	 x28:0xfffffbe5 x13=0x0000c30c
        1375513	     68674	80004612	02dffcb3	remu	x25,x31,x13	 x31:0x0000c30c x13:0x0000c30c x25=0x00000000
        1375533	     68675	80004616	0e9c	c.addi4spn	x15,x2,848	 x15=0x00000321
        1375553	     68676	80004618	0000100f	fence.i	
        1375873	     68692	8000461c	0328f163	bgeu	x17,x18,8000463e	 x17:0x00000003 x18:0x80021e38
        1375933	     68695	80004620	8e95	c.sub	x13,x13	 x13:0x0000c30c x13:0x0000c30c x13=0x00000000
        1375953	     68696	80004622	46a5	c.li	x13,9	 x13=0x00000009
        1376073	     68702	80004624	9bfd	c.andi	x15,-1	 x15:0x00000321 x15=0x00000321
        1376093	     68703	80004626	01351263	bne	x10,x19,8000462a	 x10:0x0000001f x19:0x0000c30c
        1376493	     68723	8000462a	007b8e33	add	x28,x23,x7	 x23:0x0000001e  x7:0x0000c30c x28=0x0000c32a
        1376513	     68724	8000462e	005d9863	bne	x27,x5,8000463e	 x27:0x34747b77  x5:0x80025ce4
        1376893	     68743	8000463e	e09bb593	sltiu	x11,x23,-503	 x23:0x0000001e x11=0x00000001
        1376913	     68744	80004642	34061c73	csrrw	x24,mscratch,x12	 x12:0x00000001 x24=0x00000008
        1376933	     68745	80004646	020d	c.addi	x4,3	  x4:0x0000030c  x4=0x0000030f
        1377093	     68753	80004648	c815	c.beqz	x8,8000467c	  x8:0xdd76a18d
        1377113	     68754	8000464a	8c55	c.or	x8,x13	  x8:0xdd76a18d x13:0x00000009  x8=0xdd76a18d
        1377853	     68791	8000464c	0379c8b3	div	x17,x19,x23	 x19:0x0000c30c x23:0x0000001e x17=0x00000680
        1377893	     68793	80004650	039cddb3	divu	x27,x25,x25	 x25:0x00000000 x25:0x00000000 x27=0xffffffff
        1377913	     68794	80004654	000305b3	add	x11,x6,x0	  x6:0x00014fd1  x0:0x00000000 x11=0x00014fd1
        1377933	     68795	80004658	340038f3	csrrc	x17,mscratch,x0	  x0:0x00000000 x17=0x00000001
        1377993	     68798	8000465c	5f7d	c.li	x30,-1	 x30=0xffffffff
        1378413	     68819	8000465e	89b3a193	slti	x3,x7,-1893	  x7:0x0000c30c  x3=0x00000000
        1378433	     68820	80004662	34006f73	csrrsi	x30,mscratch,0	 x30=0x00000001
        1378733	     68835	80004666	03448333	mul	x6,x9,x20	  x9:0x0000c30c x20:0xfffff984  x6=0xfb0f3e30
        1378913	     68844	8000466a	340129f3	csrrs	x19,mscratch,x2	  x2:0xffffffd1 x19=0x00000001
        1379333	     68865	8000466e	02a78163	beq	x15,x10,80004690	 x15:0x00000321 x10:0x0000001f
        1379533	     68875	80004672	01557633	and	x12,x10,x21	 x10:0x0000001f x21:0x0000c4f2 x12=0x00000012
        1379553	     68876	80004676	95bb6097	auipc	x1,0x95bb6	  x1=0x15bba676
        1379573	     68877	8000467a	9a7a	c.add	x20,x30	 x20:0xfffff984 x30:0x00000001 x20=0xfffff985
        1379593	     68878	8000467c	05e86263	bltu	x16,x30,800046c0	 x16:0x0000c30c x30:0x00000001
        1379773	     68887	80004680	ef6aff93	andi	x31,x21,-266	 x21:0x0000c4f2 x31=0x0000c4f2
        1379913	     68894	80004684	8ea1	c.xor	x13,x8	 x13:0x00000009  x8:0xdd76a18d x13=0xdd76a184
        1379933	     68895	80004686	012f9393	slli	x7,x31,0x12	 x31:0x0000c4f2  x7=0x13c80000
        1380673	     68932	8000468a	0303e8b3	rem	x17,x7,x16	  x7:0x13c80000 x16:0x0000c30c x17=0x00006678
        1380693	     68933	8000468e	0001	c.addi	x0,0	  x0:0x00000000  x0=0x00000000
        1380713	     68934	80004690	8c79	c.and	x8,x14	  x8:0xdd76a18d x14:0x00000001  x8=0x00000001
        1380733	     68935	80004692	34002073	csrrs	x0,mscratch,x0	  x0:0x00000000  x0=0x00000000
        1381473	     68972	80004696	0306d4b3	divu	x9,x13,x16	 x13:0xdd76a184 x16:0x0000c30c  x9=0x000122ab
        1381493	     68973	8000469a	00c37e33	and	x28,x6,x12	  x6:0xfb0f3e30 x12:0x00000012 x28=0x00000010
        1381513	     68974	8000469e	34003d73	csrrc	x26,mscratch,x0	  x0:0x00000000 x26=0xffffffd1
        1381533	     68975	800046a2	00c7e533	or	x10,x15,x12	 x15:0x00000321 x12:0x00000012 x10=0x00000333
        1381553	     68976	800046a6	0001	c.addi	x0,0	  x0:0x00000000  x0=0x00000000
        1381573	     68977	800046a8	04749163	bne	x9,x7,800046ea	  x9:0x000122ab  x7:0x13c80000
        1382193	     69008	800046ea	00b57cb3	and	x25,x10,x11	 x10:0x00000333 x11:0x00014fd1 x25=0x00000311
        1382213	     69009	800046ee	8d95	c.sub	x11,x13	 x11:0x00014fd1 x13:0xdd76a184 x11=0x228aae4d
        1382233	     69010	800046f0	0000100f	fence.i	
        1382813	     69039	800046f4	8fa6	c.mv	x31,x9	  x0:0x00000000  x9:0x000122ab x31=0x000122ab
        1382853	     69041	800046f6	41635633	sra	x12,x6,x22	  x6:0xfb0f3e30 x22:0xdd76a18d x12=0xffffd879
        1382873	     69042	800046fa	8d5d	c.or	x10,x15	 x10:0x00000333 x15:0x00000321 x10=0x00000333
        1383613	     69079	800046fc	031ccfb3	div	x31,x25,x17	 x25:0x00000311 x17:0x00006678 x31=0x00000000
        1383633	     69080	80004700	015ce3b3	or	x7,x25,x21	 x25:0x00000311 x21:0x0000c4f2  x7=0x0000c7f3
        1383653	     69081	80004704	ec878993	addi	x19,x15,-312	 x15:0x00000321 x19=0x000001e9
        1383673	     69082	80004708	00027cb3	and	x25,x4,x0	  x4:0x0000030f  x0:0x00000000 x25=0x00000000
        1383713	     69084	8000470c	0371b4b3	mulhu	x9,x3,x23	  x3:0x00000000 x23:0x0000001e  x9=0x00000000
        1383733	     69085	80004710	0001	c.addi	x0,0	  x0:0x00000000  x0=0x00000000
        1383753	     69086	80004712	247860b7	lui	x1,0x24786	  x1=0x24786000
        1383773	     69087	80004716	03f8cc63	blt	x17,x31,8000474e	 x17:0x00006678 x31:0x00000000
        1383793	     69088	8000471a	8c95	c.sub	x9,x13	  x9:0x00000000 x13:0xdd76a184  x9=0x22895e7c
        1383873	     69092	8000471c	0169f9b3	and	x19,x19,x22	 x19:0x000001e9 x22:0xdd76a18d x19=0x00000189
        1383893	     69093	80004720	9e46	c.add	x28,x17	 x28:0x00000010 x17:0x00006678 x28=0x00006688
        1383913	     69094	80004722	0376c663	blt	x13,x23,8000474e	 x13:0xdd76a184 x23:0x0000001e
        1384413	     69119	8000474e	0367bab3	mulhu	x21,x15,x22	 x15:0x00000321 x22:0xdd76a18d x21=0x000002b4
        1384453	     69121	80004752	02249033	mulh	x0,x9,x2	  x9:0x22895e7c  x2:0xffffffd1  x0=0x00000000
        1384493	     69123	80004756	937e5f97	auipc	x31,0x937e5	 x31=0x137e9756
        1384513	     69124	8000475a	717d	c.addi16sp	x2,-16	  x2:0xffffffd1  x2=0xffffffc1
        1384913	     69144	8000475c	00741633	sll	x12,x8,x7	  x8:0x00000001  x7:0x0000c7f3 x12=0x00080000
        1385033	     69150	80004760	e221	c.bnez	x12,800047a0	 x12:0x00080000
        1385573	     69177	800047a0	997d	c.andi	x10,-1	 x10:0x00000333 x10=0x00000333
        1385593	     69178	800047a2	414c5233	sra	x4,x24,x20	 x24:0x00000008 x20:0xfffff985  x4=0x00000000
        1386013	     69199	800047a6	340ff6f3	csrrci	x13,mscratch,31	 x13=0xffffffd1
        1386033	     69200	800047aa	4c7e6893	ori	x17,x28,1223	 x28:0x00006688 x17=0x000066cf
        1386053	     69201	800047ae	fb052113	slti	x2,x10,-80	 x10:0x00000333  x2=0x00000000
        1386073	     69202	800047b2	0143b3b3	sltu	x7,x7,x20	  x7:0x0000c7f3 x20:0xfffff985  x7=0x00000001
        1386213	     69209	800047b6	03c01863	bne	x0,x28,800047e6	  x0:0x00000000 x28:0x00006688
        1387033	     69250	800047e6	34006c73	csrrsi	x24,mscratch,0	 x24=0xffffffc0
        1387453	     69271	800047ea	bd8a6993	ori	x19,x20,-1064	 x20:0xfffff985 x19=0xfffffbdd
        1387473	     69272	800047ee	8215	c.srli	x12,0x5	 x12:0x00080000 x12=0x00004000
        1387493	     69273	800047f0	02684f63	blt	x16,x6,8000482e	 x16:0x0000c30c  x6:0xfb0f3e30
        1387673	     69282	800047f4	34003073	csrrc	x0,mscratch,x0	  x0:0x00000000  x0=0x00000000
        1387693	     69283	800047f8	9744e813	ori	x16,x9,-1676	  x9:0x22895e7c x16=0xffffff7c
        1387813	     69289	800047fc	809e	c.mv	x1,x7	  x0:0x00000000  x7:0x00000001  x1=0x00000001
        1387833	     69290	800047fe	8c89	c.sub	x9,x10	  x9:0x22895e7c x10:0x00000333  x9=0x22895b49
        1387933	     69295	80004800	340061f3	csrrsi	x3,mscratch,0	  x3=0xffffffc0
        1388353	     69316	80004804	007b25b3	slt	x11,x22,x7	 x22:0xdd76a18d  x7:0x00000001 x11=0x00000001
        1388373	     69317	80004808	0c98	c.addi4spn	x14,x2,592	 x14=0x00000250
        1388393	     69318	8000480a	8da9	c.xor	x11,x10	 x11:0x00000001 x10:0x00000333 x11=0x00000332
        1388413	     69319	8000480c	34029ef3	csrrw	x29,mscratch,x5	  x5:0x80025ce4 x29=0xffffffc0
        1388433	     69320	80004810	01011ab3	sll	x21,x2,x16	  x2:0x00000000 x16:0xffffff7c x21=0x00000000
        1388833	     69340	80004814	0ff0000f	fence	iorw,iorw	
        1388853	     69341	80004818	885d	c.andi	x8,23	  x8:0x00000001  x8=0x00000001
        1389273	     69362	8000481a	01ce9a33	sll	x20,x29,x28	 x29:0xffffffc0 x28:0x00006688 x20=0xffffc000
        1389713	     69384	8000481e	020e5533	divu	x10,x28,x0	 x28:0x00006688  x0:0x00000000 x10=0xffffffff
        1389733	     69385	80004822	838c5717	auipc	x14,0x838c5	 x14=0x038c9822
        1389753	     69386	80004826	eb99	c.bnez	x15,8000483c	 x15:0x00000321
        1390493	     69423	8000483c	8cc9	c.or	x9,x10	  x9:0x22895b49 x10:0xffffffff  x9=0xffffffff
        1390513	     69424	8000483e	717d	c.addi16sp	x2,-16	  x2:0x00000000  x2=0xfffffff0
        1390533	     69425	80004840	00c4e333	or	x6,x9,x12	  x9:0xffffffff x12:0x00004000  x6=0xffffffff
        1390573	     69427	80004844	026f3433	mulhu	x8,x30,x6	 x30:0x00000001  x6:0xffffffff  x8=0x00000000
        1390613	     69429	80004848	419404b3	sub	x9,x8,x25	  x8:0x00000000 x25:0x00000000  x9=0x00000000
        1390633	     69430	8000484c	2c388593	addi	x11,x17,707	 x17:0x000066cf x11=0x00006992
        1390653	     69431	80004850	befdf413	andi	x8,x27,-1041	 x27:0xffffffff  x8=0xfffffbef
        1390873	     69442	80004854	0a45	c.addi	x20,17	 x20:0xffffc000 x20=0xffffc011
        1390913	     69444	80004856	03cc1833	mulh	x16,x24,x28	 x24:0xffffffc0 x28:0x00006688 x16=0xffffffff
        1391313	     69464	8000485a	01cf4033	xor	x0,x30,x28	 x30:0x00000001 x28:0x00006688  x0=0x00000000
        1391733	     69485	8000485e	0017b7b3	sltu	x15,x15,x1	 x15:0x00000321  x1:0x00000001 x15=0x00000000
        1391753	     69486	80004862	557d	c.li	x10,-1	 x10=0xffffffff
        1391773	     69487	80004864	93e2	c.add	x7,x24	  x7:0x00000001 x24:0xffffffc0  x7=0xffffffc1
        1391793	     69488	80004866	6059edb7	lui	x27,0x6059e	 x27=0x6059e000
        1391813	     69489	8000486a	66a73593	sltiu	x11,x14,1642	 x14:0x038c9822 x11=0x00000000
        1391833	     69490	8000486e	34055373	csrrwi	x6,mscratch,10	  x6=0x80025ce4
        1392573	     69527	80004872	033d6333	rem	x6,x26,x19	 x26:0xffffffd1 x19:0xfffffbdd  x6=0xffffffd1
        1392593	     69528	80004876	1214	c.addi4spn	x13,x2,288	 x13=0x00000110
        1392613	     69529	80004878	00b995b3	sll	x11,x19,x11	 x19:0xfffffbdd x11:0x00000000 x11=0xfffffbdd
        1392633	     69530	8000487c	c305	c.beqz	x14,8000489c	 x14:0x038c9822
        1392653	     69531	8000487e	e129	c.bnez	x10,800048c0	 x10:0xffffffff
        1393053	     69551	800048c0	8159	c.srli	x10,0x16	 x10:0xffffffff x10=0x000003ff
        1393073	     69552	800048c2	03d40c63	beq	x8,x29,800048fa	  x8:0xfffffbef x29:0xffffffc0
        1393093	     69553	800048c6	1d90	c.addi4spn	x12,x2,752	 x12=0x000002e0
        1393493	     69573	800048c8	19fd	c.addi	x19,-1	 x19:0xfffffbdd x19=0xfffffbdc
        1393513	     69574	800048ca	34007a73	csrrci	x20,mscratch,0	 x20=0x0000000a
        1393733	     69585	800048ce	0213af33	mulhsu	x30,x7,x1	  x7:0xffffffc1  x1:0x00000001 x30=0xffffffff
        1393753	     69586	800048d2	8ff5	c.and	x15,x13	 x15:0x00000000 x13:0x00000110 x15=0x00000000
        1393773	     69587	800048d4	00f15793	srli	x15,x2,0xf	  x2:0xfffffff0 x15=0x0001ffff
        1393853	     69591	800048d8	01217db3	and	x27,x2,x18	  x2:0xfffffff0 x18:0x80021e38 x27=0x80021e30
        1393873	     69592	800048dc	34025e73	csrrwi	x28,mscratch,4	 x28=0x0000000a
        1393973	     69597	800048e0	3403d5f3	csrrwi	x11,mscratch,7	 x11=0x00000004
        1393993	     69598	800048e4	87b5	c.srai	x15,0xd	 x15:0x0001ffff x15=0x0000000f
        1394033	     69600	800048e6	afa7b713	sltiu	x14,x15,-1286	 x15:0x0000000f x14=0x00000001
        1394053	     69601	800048ea	6169	c.addi16sp	x2,208	  x2:0xfffffff0  x2=0x000000c0
        1394213	     69609	800048ec	02c70e63	beq	x14,x12,80004928	 x14:0x00000001 x12:0x000002e0
        1394313	     69614	800048f0	0001	c.addi	x0,0	  x0:0x00000000  x0=0x00000000
        1394333	     69615	800048f2	84a5cc93	xori	x25,x11,-1974	 x11:0x00000004 x25=0xfffff84e
        1394353	     69616	800048f6	0896	c.slli	x17,0x5	 x17:0x000066cf x17=0x000cd9e0
        1394373	     69617	800048f8	717d	c.addi16sp	x2,-16	  x2:0x000000c0  x2=0x000000b0
        1394533	     69625	800048fa	02782733	mulhsu	x14,x16,x7	 x16:0xffffffff  x7:0xffffffc1 x14=0xffffffff
        1395353	     69666	800048fe	03b0ceb3	div	x29,x1,x27	  x1:0x00000001 x27:0x80021e30 x29=0x00000000
        1395373	     69667	80004902	01355213	srli	x4,x10,0x13	 x10:0x000003ff  x4=0x00000000
        1395393	     69668	80004906	8711	c.srai	x14,0x4	 x14:0xffffffff x14=0xffffffff
        1395413	     69669	80004908	025ac963	blt	x21,x5,8000493a	 x21:0x00000000  x5:0x80025ce4
        1395433	     69670	8000490c	9c6a	c.add	x24,x26	 x24:0xffffffc0 x26:0xffffffd1 x24=0xffffff91
        1395453	     69671	8000490e	8cc9	c.or	x9,x10	  x9:0x00000000 x10:0x000003ff  x9=0x000003ff
        1395473	     69672	80004910	0001	c.addi	x0,0	  x0:0x00000000  x0=0x00000000
        1395493	     69673	80004912	9a7d	c.andi	x12,-1	 x12:0x000002e0 x12=0x000002e0
        1395513	     69674	80004914	8f35	c.xor	x14,x13	 x14:0xffffffff x13:0x00000110 x14=0xfffffeef
        1395533	     69675	80004916	01f34f33	xor	x30,x6,x31	  x6:0xffffffd1 x31:0x137e9756 x30=0xec816887
        1395553	     69676	8000491a	340ebf73	csrrc	x30,mscratch,x29	 x29:0x00000000 x30=0x00000007
        1395573	     69677	8000491e	8c15	c.sub	x8,x13	  x8:0xfffffbef x13:0x00000110  x8=0xfffffadf
        1395593	     69678	80004920	0000100f	fence.i	
        1395653	     69681	80004924	01051133	sll	x2,x10,x16	 x10:0x000003ff x16:0xffffffff  x2=0x80000000
        1395673	     69682	80004928	0001	c.addi	x0,0	  x0:0x00000000  x0=0x00000000
        1395713	     69684	8000492a	02749633	mulh	x12,x9,x7	  x9:0x000003ff  x7:0xffffffc1 x12=0xffffffff
        1395833	     69690	8000492e	28523013	sltiu	x0,x4,645	  x4:0x00000000  x0=0x00000000
        1395993	     69698	80004932	01798d33	add	x26,x19,x23	 x19:0xfffffbdc x23:0x0000001e x26=0xfffffbfa
        1396353	     69716	80004936	859e4d93	xori	x27,x28,-1959	 x28:0x0000000a x27=0xfffff853
        1397093	     69753	8000493a	025ee233	rem	x4,x29,x5	 x29:0x00000000  x5:0x80025ce4  x4=0x00000000
        1397113	     69754	8000493e	012145b3	xor	x11,x2,x18	  x2:0x80000000 x18:0x80021e38 x11=0x00021e38
        1397133	     69755	80004942	0399c463	blt	x19,x25,8000496a	 x19:0xfffffbdc x25:0xfffff84e
        1397153	     69756	80004946	01fa1c33	sll	x24,x20,x31	 x20:0x0000000a x31:0x137e9756 x24=0x02800000
        1397173	     69757	8000494a	8206	c.mv	x4,x1	  x0:0x00000000  x1:0x00000001  x4=0x00000001
        1397193	     69758	8000494c	8239	c.srli	x12,0xe	 x12:0xffffffff x12=0x0003ffff
        1397213	     69759	8000494e	91553393	sltiu	x7,x10,-1771	 x10:0x000003ff  x7=0x00000001
        1397233	     69760	80004952	0ff0000f	fence	iorw,iorw	
        1397313	     69764	80004956	340d98f3	csrrw	x17,mscratch,x27	 x27:0xfffff853 x17=0x00000007
        1397333	     69765	8000495a	8c3d	c.xor	x8,x15	  x8:0xfffffadf x15:0x0000000f  x8=0xfffffad0
        1397573	     69777	8000495c	01625263	bge	x4,x22,80004960	  x4:0x00000001 x22:0xdd76a18d
        1398233	     69810	80004960	855a	c.mv	x10,x22	  x0:0x00000000 x22:0xdd76a18d x10=0xdd76a18d
        1398253	     69811	80004962	1214	c.addi4spn	x13,x2,288	 x13=0x80000120
        1398653	     69831	80004964	035f83b3	mul	x7,x31,x21	 x31:0x137e9756 x21:0x00000000  x7=0x00000000
        1398673	     69832	80004968	6139	c.addi16sp	x2,448	  x2:0x80000000  x2=0x800001c0
        1398693	     69833	8000496a	1e7d	c.addi	x28,-1	 x28:0x0000000a x28=0x00000009
        1398813	     69839	8000496c	00a8cbb3	xor	x23,x17,x10	 x17:0x00000007 x10:0xdd76a18d x23=0xdd76a18a
        1398833	     69840	80004970	340030f3	csrrc	x1,mscratch,x0	  x0:0x00000000  x1=0xfffff853
        1398913	     69844	80004974	13fd	c.addi	x7,-1	  x7:0x00000000  x7=0xffffffff
        1398933	     69845	80004976	00e5deb3	srl	x29,x11,x14	 x11:0x00021e38 x14:0xfffffeef x29=0x00000004
        1398953	     69846	8000497a	016e7a33	and	x20,x28,x22	 x28:0x00000009 x22:0xdd76a18d x20=0x00000009
        1399273	     69862	8000497e	340d15f3	csrrw	x11,mscratch,x26	 x26:0xfffffbfa x11=0xfffff853
        1399293	     69863	80004982	e20d	c.bnez	x12,800049a4	 x12:0x0003ffff
        1400153	     69906	800049a4	049c9263	bne	x25,x9,800049e8	 x25:0xfffff84e  x9:0x000003ff
        1400653	     69931	800049e8	83a5	c.srli	x15,0x9	 x15:0x0000000f x15=0x00000000
        1400853	     69941	800049ea	03956263	bltu	x10,x25,80004a0e	 x10:0xdd76a18d x25:0xfffff84e
        1401693	     69983	80004a0e	6109	c.addi16sp	x2,128	  x2:0x800001c0  x2=0x80000240
        1401733	     69985	80004a10	00344233	xor	x4,x8,x3	  x8:0xfffffad0  x3:0xffffffc0  x4=0x00000510
        1401753	     69986	80004a14	8b5af593	andi	x11,x21,-1867	 x21:0x00000000 x11=0x00000000
        1401793	     69988	80004a18	001450b3	srl	x1,x8,x1	  x8:0xfffffad0  x1:0xfffff853  x1=0x00001fff
        1401873	     69992	80004a1c	0ccd	c.addi	x25,19	 x25:0xfffff84e x25=0xfffff861
        1401893	     69993	80004a1e	0048ee33	or	x28,x17,x4	 x17:0x00000007  x4:0x00000510 x28=0x00000517
        1402633	     70030	80004a22	02a04fb3	div	x31,x0,x10	  x0:0x00000000 x10:0xdd76a18d x31=0x00000000
        1402653	     70031	80004a26	340060f3	csrrsi	x1,mscratch,0	  x1=0xfffffbfa
        1402673	     70032	80004a2a	00d3bc33	sltu	x24,x7,x13	  x7:0xffffffff x13:0x80000120 x24=0x00000000
        1402693	     70033	80004a2e	0001	c.addi	x0,0	  x0:0x00000000  x0=0x00000000
        1402713	     70034	80004a30	340c6bf3	csrrsi	x23,mscratch,24	 x23=0xfffffbfa
        1403453	     70071	80004a34	036becb3	rem	x25,x23,x22	 x23:0xfffffbfa x22:0xdd76a18d x25=0xfffffbfa
        1413273	     70562	80004a38	01e90c33	add	x24,x18,x30	 x18:0x80021e38 x30:0x00000007 x24=0x80021e3f
        1413313	     70564	80004a3c	03e836b3	mulhu	x13,x16,x30	 x16:0xffffffff x30:0x00000007 x13=0x00000006
        1413333	     70565	80004a40	037df463	bgeu	x27,x23,80004a68	 x27:0xfffff853 x23:0xfffffbfa
        1413353	     70566	80004a44	8395	c.srli	x15,0x5	 x15:0x00000000 x15=0x00000000
        1413373	     70567	80004a46	95c0ed13	ori	x26,x1,-1700	  x1:0xfffffbfa x26=0xfffffbfe
        1413393	     70568	80004a4a	01a59fb3	sll	x31,x11,x26	 x11:0x00000000 x26:0xfffffbfe x31=0x00000000
        1413573	     70577	80004a4e	3403e3f3	csrrsi	x7,mscratch,7	  x7=0xfffffbfa
        1413673	     70582	80004a52	340bd373	csrrwi	x6,mscratch,23	  x6=0xfffffbff
        1413693	     70583	80004a56	0001	c.addi	x0,0	  x0:0x00000000  x0=0x00000000
        1413713	     70584	80004a58	0000100f	fence.i	
        1414513	     70624	80004a5c	0000100f	fence.i	
        1415413	     70669	80004a60	01a760b3	or	x1,x14,x26	 x14:0xfffffeef x26:0xfffffbfe  x1=0xffffffff
        1415633	     70680	80004a64	0001	c.addi	x0,0	  x0:0x00000000  x0=0x00000000
        1415653	     70681	80004a66	17fd	c.addi	x15,-1	 x15:0x00000000 x15=0xffffffff
        1415673	     70682	80004a68	8e31	c.xor	x12,x12	 x12:0x0003ffff x12:0x0003ffff x12=0x00000000
        1415693	     70683	80004a6a	8741	c.srai	x14,0x10	 x14:0xfffffeef x14=0xffffffff
        1415773	     70687	80004a6c	004c97b3	sll	x15,x25,x4	 x25:0xfffffbfa  x4:0x00000510 x15=0xfbfa0000
        1415793	     70688	80004a70	f044ff93	andi	x31,x9,-252	  x9:0x000003ff x31=0x00000304
        1415813	     70689	80004a74	860d	c.srai	x12,0x3	 x12:0x00000000 x12=0x00000000
        1415833	     70690	80004a76	340d7df3	csrrci	x27,mscratch,26	 x27=0x00000017
        1415853	     70691	80004a7a	0001	c.addi	x0,0	  x0:0x00000000  x0=0x00000000
        1415913	     70694	80004a7c	517d	c.li	x2,-1	  x2=0xffffffff
        1415933	     70695	80004a7e	0000100f	fence.i	
        1416673	     70732	80004a82	8d31	c.xor	x10,x12	 x10:0xdd76a18d x12:0x00000000 x10=0xdd76a18d
        1416973	     70747	80004a84	96373c13	sltiu	x24,x14,-1693	 x14:0xffffffff x24=0x00000000
        1417713	     70784	80004a88	02164ab3	div	x21,x12,x1	 x12:0x00000000  x1:0xffffffff x21=0x00000000
        1417733	     70785	80004a8c	34089f73	csrrw	x30,mscratch,x17	 x17:0x00000007 x30=0x00000005
        1417753	     70786	80004a90	34045073	csrrwi	x0,mscratch,8	  x0=0x00000000
        1417873	     70792	80004a94	8cc5	c.or	x9,x9	  x9:0x000003ff  x9:0x000003ff  x9=0x000003ff
        1417893	     70793	80004a96	e099	c.bnez	x9,80004a9c	  x9:0x000003ff
        1418413	     70819	80004a9c	402adab3	sra	x21,x21,x2	 x21:0x00000000  x2:0xffffffff x21=0x00000000
        1418433	     70820	80004aa0	1a1d3a13	sltiu	x20,x26,417	 x26:0xfffffbfe x20=0x00000000
        1419233	     70860	80004aa4	02f0c6b3	div	x13,x1,x15	  x1:0xffffffff x15:0xfbfa0000 x13=0x00000000
        1419253	     70861	80004aa8	8c86	c.mv	x25,x1	  x0:0x00000000  x1:0xffffffff x25=0xffffffff
        1419273	     70862	80004aaa	006a1d33	sll	x26,x20,x6	 x20:0x00000000  x6:0xfffffbff x26=0x00000000
        1419293	     70863	80004aae	fea265b7	lui	x11,0xfea26	 x11=0xfea26000
        1419313	     70864	80004ab2	00a8f733	and	x14,x17,x10	 x17:0x00000007 x10:0xdd76a18d x14=0x00000005
        1419373	     70867	80004ab6	00492883	lw	x17,4(x18)	 x18:0x80021e38 x17=0x80003538 PA:0x80021e3c load:0x80003538
        1419393	     70868	80004aba	0652	c.slli	x12,0x14	 x12:0x00000000 x12=0x00000000
        1419533	     70875	80004abc	02c90913	addi	x18,x18,44	 x18:0x80021e38 x18=0x80021e64
        1419593	     70878	80004ac0	0001	c.addi	x0,0	  x0:0x00000000  x0=0x00000000
        1419613	     70879	80004ac2	db4fb4b7	lui	x9,0xdb4fb	  x9=0xdb4fb000
        1419813	     70889	80004ac6	ba036b93	ori	x23,x6,-1120	  x6:0xfffffbff x23=0xfffffbff
        1419833	     70890	80004aca	00188b93	addi	x23,x17,1	 x17:0x80003538 x23=0x80003539
        1420253	     70911	80004ace	000b8be7	jalr	x23,0(x23)	 x23:0x80003539 x23=0x80004ad2
        1421493	     70973	80003538	9afd	c.andi	x13,-1	 x13:0x00000000 x13=0x00000000
        1421513	     70974	8000353a	8c99	c.sub	x9,x14	  x9:0xdb4fb000 x14:0x00000005  x9=0xdb4faffb
        1421653	     70981	8000353c	0027c633	xor	x12,x15,x2	 x15:0xfbfa0000  x2:0xffffffff x12=0x0405ffff
        1421673	     70982	80003540	3404d0f3	csrrwi	x1,mscratch,9	  x1=0x00000008
        1421693	     70983	80003544	8d95	c.sub	x11,x13	 x11:0xfea26000 x13:0x00000000 x11=0xfea26000
        1421713	     70984	80003546	87d5	c.srai	x15,0x15	 x15:0xfbfa0000 x15=0xffffffdf
        1422113	     71004	80003548	01921d13	slli	x26,x4,0x19	  x4:0x00000510 x26=0x20000000
        1422133	     71005	8000354c	8e5fa393	slti	x7,x31,-1819	 x31:0x00000304  x7=0x00000000
        1422153	     71006	80003550	02188233	mul	x4,x17,x1	 x17:0x80003538  x1:0x00000008  x4=0x0001a9c0
        1422533	     71025	80003554	01a8af33	slt	x30,x17,x26	 x17:0x80003538 x26:0x20000000 x30=0x00000001
        1422613	     71029	80003558	e311	c.bnez	x14,8000355c	 x14:0x00000005
        1423573	     71077	8000355c	40cf5b93	srai	x23,x30,0xc	 x30:0x00000001 x23=0x00000000
        1423613	     71079	80003560	ffffdb17	auipc	x22,0xffffd	 x22=0x80000560
        1423713	     71084	80003564	e08b0b13	addi	x22,x22,-504	 x22:0x80000560 x22=0x80000368
        1423893	     71093	80003568	000b0067	jalr	x0,0(x22)	 x22:0x80000368  x0=0x00000000
        1424753	     71136	80000368	900003b7	lui	x7,0x90000	  x7=0x90000000
        1424773	     71137	8000036c	13e1	c.addi	x7,-8	  x7:0x90000000  x7=0x8ffffff8
        1424793	     71138	8000036e	4301	c.li	x6,0	  x6=0x00000000
        1424993	     71148	80000370	0322	c.slli	x6,0x8	  x6:0x00000000  x6=0x00000000
        1425013	     71149	80000372	0305	c.addi	x6,1	  x6:0x00000000  x6=0x00000001
        1425073	     71152	80000374	0063a023	sw	x6,0(x7)	  x7:0x8ffffff8  x6:0x00000001 PA:0x8ffffff8 store:0x00000001
        1425093	     71153	80000378	00000073	ecall	
        1454073	     72602	80002700	0800006f	jal	x0,80002780	  x0=0x00000000
        1454893	     72643	80002780	12f1	c.addi	x5,-4	  x5:0x80025ce4  x5=0x80025ce0
        1454953	     72646	80002782	0122a023	sw	x18,0(x5)	  x5:0x80025ce0 x18:0x80021e64 PA:0x80025ce0 store:0x80021e64
        1454973	     72647	80002786	00028933	add	x18,x5,x0	  x5:0x80025ce0  x0:0x00000000 x18=0x80025ce0
        1454993	     72648	8000278a	f8090913	addi	x18,x18,-128	 x18:0x80025ce0 x18=0x80025c60
        1455513	     72674	8000278e	00192223	sw	x1,4(x18)	 x18:0x80025c60  x1:0x00000008 PA:0x80025c64 store:0x00000008
        1455733	     72685	80002792	00292423	sw	x2,8(x18)	 x18:0x80025c60  x2:0xffffffff PA:0x80025c68 store:0xffffffff
        1456193	     72708	80002796	00392623	sw	x3,12(x18)	 x18:0x80025c60  x3:0xffffffc0 PA:0x80025c6c store:0xffffffc0
        1456253	     72711	8000279a	00492823	sw	x4,16(x18)	 x18:0x80025c60  x4:0x0001a9c0 PA:0x80025c70 store:0x0001a9c0
        1456273	     72712	8000279e	00592a23	sw	x5,20(x18)	 x18:0x80025c60  x5:0x80025ce0 PA:0x80025c74 store:0x80025ce0
        1456293	     72713	800027a2	00692c23	sw	x6,24(x18)	 x18:0x80025c60  x6:0x00000001 PA:0x80025c78 store:0x00000001
        1456433	     72720	800027a6	00792e23	sw	x7,28(x18)	 x18:0x80025c60  x7:0x8ffffff8 PA:0x80025c7c store:0x8ffffff8
        1456553	     72726	800027aa	02892023	sw	x8,32(x18)	 x18:0x80025c60  x8:0xfffffad0 PA:0x80025c80 store:0xfffffad0
        1456633	     72730	800027ae	02992223	sw	x9,36(x18)	 x18:0x80025c60  x9:0xdb4faffb PA:0x80025c84 store:0xdb4faffb
        1457053	     72751	800027b2	02a92423	sw	x10,40(x18)	 x18:0x80025c60 x10:0xdd76a18d PA:0x80025c88 store:0xdd76a18d
        1457113	     72754	800027b6	02b92623	sw	x11,44(x18)	 x18:0x80025c60 x11:0xfea26000 PA:0x80025c8c store:0xfea26000
        1457233	     72760	800027ba	02c92823	sw	x12,48(x18)	 x18:0x80025c60 x12:0x0405ffff PA:0x80025c90 store:0x0405ffff
        1457413	     72769	800027be	02d92a23	sw	x13,52(x18)	 x18:0x80025c60 x13:0x00000000 PA:0x80025c94 store:0x00000000
        1458073	     72802	800027c2	02e92c23	sw	x14,56(x18)	 x18:0x80025c60 x14:0x00000005 PA:0x80025c98 store:0x00000005
        1458293	     72813	800027c6	02f92e23	sw	x15,60(x18)	 x18:0x80025c60 x15:0xffffffdf PA:0x80025c9c store:0xffffffdf
        1458713	     72834	800027ca	05092023	sw	x16,64(x18)	 x18:0x80025c60 x16:0xffffffff PA:0x80025ca0 store:0xffffffff
        1458773	     72837	800027ce	05192223	sw	x17,68(x18)	 x18:0x80025c60 x17:0x80003538 PA:0x80025ca4 store:0x80003538
        1458833	     72840	800027d2	05292423	sw	x18,72(x18)	 x18:0x80025c60 x18:0x80025c60 PA:0x80025ca8 store:0x80025c60
        1458893	     72843	800027d6	05392623	sw	x19,76(x18)	 x18:0x80025c60 x19:0xfffffbdc PA:0x80025cac store:0xfffffbdc
        1458913	     72844	800027da	05492823	sw	x20,80(x18)	 x18:0x80025c60 x20:0x00000000 PA:0x80025cb0 store:0x00000000
        1458933	     72845	800027de	05592a23	sw	x21,84(x18)	 x18:0x80025c60 x21:0x00000000 PA:0x80025cb4 store:0x00000000
        1459353	     72866	800027e2	05692c23	sw	x22,88(x18)	 x18:0x80025c60 x22:0x80000368 PA:0x80025cb8 store:0x80000368
        1460013	     72899	800027e6	05792e23	sw	x23,92(x18)	 x18:0x80025c60 x23:0x00000000 PA:0x80025cbc store:0x00000000
        1460373	     72917	800027ea	07892023	sw	x24,96(x18)	 x18:0x80025c60 x24:0x00000000 PA:0x80025cc0 store:0x00000000
        1460673	     72932	800027ee	07992223	sw	x25,100(x18)	 x18:0x80025c60 x25:0xffffffff PA:0x80025cc4 store:0xffffffff
        1460973	     72947	800027f2	07a92423	sw	x26,104(x18)	 x18:0x80025c60 x26:0x20000000 PA:0x80025cc8 store:0x20000000
        1461193	     72958	800027f6	07b92623	sw	x27,108(x18)	 x18:0x80025c60 x27:0x00000017 PA:0x80025ccc store:0x00000017
        1461373	     72967	800027fa	07c92823	sw	x28,112(x18)	 x18:0x80025c60 x28:0x00000517 PA:0x80025cd0 store:0x00000517
        1461433	     72970	800027fe	07d92a23	sw	x29,116(x18)	 x18:0x80025c60 x29:0x00000004 PA:0x80025cd4 store:0x00000004
        1461573	     72977	80002802	07e92c23	sw	x30,120(x18)	 x18:0x80025c60 x30:0x00000001 PA:0x80025cd8 store:0x00000001
        1461673	     72982	80002806	07f92e23	sw	x31,124(x18)	 x18:0x80025c60 x31:0x00000304 PA:0x80025cdc store:0x00000304
        1461693	     72983	8000280a	000902b3	add	x5,x18,x0	 x18:0x80025c60  x0:0x00000000  x5=0x80025c60
        1461753	     72986	8000280e	900003b7	lui	x7,0x90000	  x7=0x90000000
        1461773	     72987	80002812	13f1	c.addi	x7,-4	  x7:0x90000000  x7=0x8ffffffc
        1461793	     72988	80002814	4321	c.li	x6,8	  x6=0x00000008
        1461813	     72989	80002816	0322	c.slli	x6,0x8	  x6:0x00000008  x6=0x00000800
        1461833	     72990	80002818	00030313	addi	x6,x6,0	  x6:0x00000800  x6=0x00000800
        1462053	     73001	8000281c	0063a023	sw	x6,0(x7)	  x7:0x8ffffffc  x6:0x00000800 PA:0x8ffffffc store:0x00000800
        1462193	     73008	80002820	34102373	csrrs	x6,mepc,x0	  x0:0x00000000  x6=0x80000378
        1462613	     73029	80002824	34202373	csrrs	x6,mcause,x0	  x0:0x00000000  x6=0x0000000b
        1462633	     73030	80002828	438d	c.li	x7,3	  x7=0x00000003
        1462713	     73034	8000282a	00731463	bne	x6,x7,80002832	  x6:0x0000000b  x7:0x00000003
        1463213	     73059	80002832	43a1	c.li	x7,8	  x7=0x00000008
        1463393	     73068	80002834	04730d63	beq	x6,x7,8000288e	  x6:0x0000000b  x7:0x00000008
        1463413	     73069	80002838	43a5	c.li	x7,9	  x7=0x00000009
        1463433	     73070	8000283a	04730a63	beq	x6,x7,8000288e	  x6:0x0000000b  x7:0x00000009
        1463453	     73071	8000283e	43ad	c.li	x7,11	  x7=0x0000000b
        1463473	     73072	80002840	04730763	beq	x6,x7,8000288e	  x6:0x0000000b  x7:0x0000000b
        1464133	     73105	8000288e	900003b7	lui	x7,0x90000	  x7=0x90000000
        1464153	     73106	80002892	13f1	c.addi	x7,-4	  x7:0x90000000  x7=0x8ffffffc
        1464173	     73107	80002894	6305	c.lui	x6,0x1	  x6=0x00001000
        1464193	     73108	80002896	b0030313	addi	x6,x6,-1280	  x6:0x00001000  x6=0x00000b00
        1464213	     73109	8000289a	0322	c.slli	x6,0x8	  x6:0x00000b00  x6=0x000b0000
        1464233	     73110	8000289c	030d	c.addi	x6,3	  x6:0x000b0000  x6=0x000b0003
        1464333	     73115	8000289e	0063a023	sw	x6,0(x7)	  x7:0x8ffffffc  x6:0x000b0003 PA:0x8ffffffc store:0x000b0003
        1464473	     73122	800028a2	b0002373	csrrs	x6,mcycle,x0	  x0:0x00000000  x6=0x00011d9f
        1464573	     73127	800028a6	0063a023	sw	x6,0(x7)	  x7:0x8ffffffc  x6:0x00011d9f PA:0x8ffffffc store:0x00011d9f
        1464593	     73128	800028aa	900003b7	lui	x7,0x90000	  x7=0x90000000
        1464613	     73129	800028ae	13f1	c.addi	x7,-4	  x7:0x90000000  x7=0x8ffffffc
        1464633	     73130	800028b0	6305	c.lui	x6,0x1	  x6=0x00001000
        1464753	     73136	800028b2	b8030313	addi	x6,x6,-1152	  x6:0x00001000  x6=0x00000b80
        1464773	     73137	800028b6	0322	c.slli	x6,0x8	  x6:0x00000b80  x6=0x000b8000
        1464793	     73138	800028b8	030d	c.addi	x6,3	  x6:0x000b8000  x6=0x000b8003
        1465253	     73161	800028ba	0063a023	sw	x6,0(x7)	  x7:0x8ffffffc  x6:0x000b8003 PA:0x8ffffffc store:0x000b8003
        1465273	     73162	800028be	b8002373	csrrs	x6,mcycleh,x0	  x0:0x00000000  x6=0x00000000
        1465333	     73165	800028c2	0063a023	sw	x6,0(x7)	  x7:0x8ffffffc  x6:0x00000000 PA:0x8ffffffc store:0x00000000
        1465353	     73166	800028c6	900003b7	lui	x7,0x90000	  x7=0x90000000
        1465373	     73167	800028ca	13f1	c.addi	x7,-4	  x7:0x90000000  x7=0x8ffffffc
        1465513	     73174	800028cc	6305	c.lui	x6,0x1	  x6=0x00001000
        1465673	     73182	800028ce	b0330313	addi	x6,x6,-1277	  x6:0x00001000  x6=0x00000b03
        1465693	     73183	800028d2	0322	c.slli	x6,0x8	  x6:0x00000b03  x6=0x000b0300
        1466093	     73203	800028d4	030d	c.addi	x6,3	  x6:0x000b0300  x6=0x000b0303
        1466353	     73216	800028d6	0063a023	sw	x6,0(x7)	  x7:0x8ffffffc  x6:0x000b0303 PA:0x8ffffffc store:0x000b0303
        1466373	     73217	800028da	b0302373	csrrs	x6,mhpmcounter3,x0	  x0:0x00000000  x6=0x00000105
        1467353	     73266	800028de	0063a023	sw	x6,0(x7)	  x7:0x8ffffffc  x6:0x00000105 PA:0x8ffffffc store:0x00000105
        1467373	     73267	800028e2	900003b7	lui	x7,0x90000	  x7=0x90000000
        1467393	     73268	800028e6	13f1	c.addi	x7,-4	  x7:0x90000000  x7=0x8ffffffc
        1467413	     73269	800028e8	6305	c.lui	x6,0x1	  x6=0x00001000
        1467433	     73270	800028ea	b8330313	addi	x6,x6,-1149	  x6:0x00001000  x6=0x00000b83
        1467453	     73271	800028ee	0322	c.slli	x6,0x8	  x6:0x00000b83  x6=0x000b8300
        1467473	     73272	800028f0	030d	c.addi	x6,3	  x6:0x000b8300  x6=0x000b8303
        1467853	     73291	800028f2	0063a023	sw	x6,0(x7)	  x7:0x8ffffffc  x6:0x000b8303 PA:0x8ffffffc store:0x000b8303
        1467873	     73292	800028f6	b8302373	csrrs	x6,mhpmcounter3h,x0	  x0:0x00000000  x6=0x00000000
        1468053	     73301	800028fa	0063a023	sw	x6,0(x7)	  x7:0x8ffffffc  x6:0x00000000 PA:0x8ffffffc store:0x00000000
        1468073	     73302	800028fe	900003b7	lui	x7,0x90000	  x7=0x90000000
        1468093	     73303	80002902	13f1	c.addi	x7,-4	  x7:0x90000000  x7=0x8ffffffc
        1468113	     73304	80002904	6305	c.lui	x6,0x1	  x6=0x00001000
        1468133	     73305	80002906	b0430313	addi	x6,x6,-1276	  x6:0x00001000  x6=0x00000b04
        1468153	     73306	8000290a	0322	c.slli	x6,0x8	  x6:0x00000b04  x6=0x000b0400
        1468173	     73307	8000290c	030d	c.addi	x6,3	  x6:0x000b0400  x6=0x000b0403
        1468293	     73313	8000290e	0063a023	sw	x6,0(x7)	  x7:0x8ffffffc  x6:0x000b0403 PA:0x8ffffffc store:0x000b0403
        1468313	     73314	80002912	b0402373	csrrs	x6,mhpmcounter4,x0	  x0:0x00000000  x6=0x0000820a
        1468373	     73317	80002916	0063a023	sw	x6,0(x7)	  x7:0x8ffffffc  x6:0x0000820a PA:0x8ffffffc store:0x0000820a
        1468393	     73318	8000291a	900003b7	lui	x7,0x90000	  x7=0x90000000
        1468413	     73319	8000291e	13f1	c.addi	x7,-4	  x7:0x90000000  x7=0x8ffffffc
        1468873	     73342	80002920	6305	c.lui	x6,0x1	  x6=0x00001000
        1468893	     73343	80002922	b8430313	addi	x6,x6,-1148	  x6:0x00001000  x6=0x00000b84
        1468913	     73344	80002926	0322	c.slli	x6,0x8	  x6:0x00000b84  x6=0x000b8400
        1469313	     73364	80002928	030d	c.addi	x6,3	  x6:0x000b8400  x6=0x000b8403
        1469773	     73387	8000292a	0063a023	sw	x6,0(x7)	  x7:0x8ffffffc  x6:0x000b8403 PA:0x8ffffffc store:0x000b8403
        1469793	     73388	8000292e	b8402373	csrrs	x6,mhpmcounter4h,x0	  x0:0x00000000  x6=0x00000000
        1469993	     73398	80002932	0063a023	sw	x6,0(x7)	  x7:0x8ffffffc  x6:0x00000000 PA:0x8ffffffc store:0x00000000
        1470013	     73399	80002936	900003b7	lui	x7,0x90000	  x7=0x90000000
        1470033	     73400	8000293a	13f1	c.addi	x7,-4	  x7:0x90000000  x7=0x8ffffffc
        1470053	     73401	8000293c	6305	c.lui	x6,0x1	  x6=0x00001000
        1470153	     73406	8000293e	b0530313	addi	x6,x6,-1275	  x6:0x00001000  x6=0x00000b05
        1470173	     73407	80002942	0322	c.slli	x6,0x8	  x6:0x00000b05  x6=0x000b0500
        1470193	     73408	80002944	030d	c.addi	x6,3	  x6:0x000b0500  x6=0x000b0503
        1470473	     73422	80002946	0063a023	sw	x6,0(x7)	  x7:0x8ffffffc  x6:0x000b0503 PA:0x8ffffffc store:0x000b0503
        1470493	     73423	8000294a	b0502373	csrrs	x6,mhpmcounter5,x0	  x0:0x00000000  x6=0x00000005
        1470893	     73443	8000294e	0063a023	sw	x6,0(x7)	  x7:0x8ffffffc  x6:0x00000005 PA:0x8ffffffc store:0x00000005
        1470913	     73444	80002952	900003b7	lui	x7,0x90000	  x7=0x90000000
        1470933	     73445	80002956	13f1	c.addi	x7,-4	  x7:0x90000000  x7=0x8ffffffc
        1470953	     73446	80002958	6305	c.lui	x6,0x1	  x6=0x00001000
        1471033	     73450	8000295a	b8530313	addi	x6,x6,-1147	  x6:0x00001000  x6=0x00000b85
        1471053	     73451	8000295e	0322	c.slli	x6,0x8	  x6:0x00000b85  x6=0x000b8500
        1471073	     73452	80002960	030d	c.addi	x6,3	  x6:0x000b8500  x6=0x000b8503
        1471633	     73480	80002962	0063a023	sw	x6,0(x7)	  x7:0x8ffffffc  x6:0x000b8503 PA:0x8ffffffc store:0x000b8503
        1471893	     73493	80002966	b8502373	csrrs	x6,mhpmcounter5h,x0	  x0:0x00000000  x6=0x00000000
        1472373	     73517	8000296a	0063a023	sw	x6,0(x7)	  x7:0x8ffffffc  x6:0x00000000 PA:0x8ffffffc store:0x00000000
        1472393	     73518	8000296e	900003b7	lui	x7,0x90000	  x7=0x90000000
        1472413	     73519	80002972	13f1	c.addi	x7,-4	  x7:0x90000000  x7=0x8ffffffc
        1472433	     73520	80002974	6305	c.lui	x6,0x1	  x6=0x00001000
        1472453	     73521	80002976	b0630313	addi	x6,x6,-1274	  x6:0x00001000  x6=0x00000b06
        1472473	     73522	8000297a	0322	c.slli	x6,0x8	  x6:0x00000b06  x6=0x000b0600
        1472493	     73523	8000297c	030d	c.addi	x6,3	  x6:0x000b0600  x6=0x000b0603
        1472553	     73526	8000297e	0063a023	sw	x6,0(x7)	  x7:0x8ffffffc  x6:0x000b0603 PA:0x8ffffffc store:0x000b0603
        1472573	     73527	80002982	b0602373	csrrs	x6,mhpmcounter6,x0	  x0:0x00000000  x6=0x0000003d
        1472593	     73528	80002986	0063a023	sw	x6,0(x7)	  x7:0x8ffffffc  x6:0x0000003d PA:0x8ffffffc store:0x0000003d
        1472613	     73529	8000298a	900003b7	lui	x7,0x90000	  x7=0x90000000
        1472633	     73530	8000298e	13f1	c.addi	x7,-4	  x7:0x90000000  x7=0x8ffffffc
        1472653	     73531	80002990	6305	c.lui	x6,0x1	  x6=0x00001000
        1472833	     73540	80002992	b8630313	addi	x6,x6,-1146	  x6:0x00001000  x6=0x00000b86
        1472853	     73541	80002996	0322	c.slli	x6,0x8	  x6:0x00000b86  x6=0x000b8600
        1472873	     73542	80002998	030d	c.addi	x6,3	  x6:0x000b8600  x6=0x000b8603
        1472933	     73545	8000299a	0063a023	sw	x6,0(x7)	  x7:0x8ffffffc  x6:0x000b8603 PA:0x8ffffffc store:0x000b8603
        1472953	     73546	8000299e	b8602373	csrrs	x6,mhpmcounter6h,x0	  x0:0x00000000  x6=0x00000000
        1473133	     73555	800029a2	0063a023	sw	x6,0(x7)	  x7:0x8ffffffc  x6:0x00000000 PA:0x8ffffffc store:0x00000000
        1473153	     73556	800029a6	900003b7	lui	x7,0x90000	  x7=0x90000000
        1473173	     73557	800029aa	13f1	c.addi	x7,-4	  x7:0x90000000  x7=0x8ffffffc
        1473233	     73560	800029ac	6305	c.lui	x6,0x1	  x6=0x00001000
        1473433	     73570	800029ae	b0730313	addi	x6,x6,-1273	  x6:0x00001000  x6=0x00000b07
        1473453	     73571	800029b2	0322	c.slli	x6,0x8	  x6:0x00000b07  x6=0x000b0700
        1473473	     73572	800029b4	030d	c.addi	x6,3	  x6:0x000b0700  x6=0x000b0703
        1473733	     73585	800029b6	0063a023	sw	x6,0(x7)	  x7:0x8ffffffc  x6:0x000b0703 PA:0x8ffffffc store:0x000b0703
        1473793	     73588	800029ba	b0702373	csrrs	x6,mhpmcounter7,x0	  x0:0x00000000  x6=0x00000074
        1474273	     73612	800029be	0063a023	sw	x6,0(x7)	  x7:0x8ffffffc  x6:0x00000074 PA:0x8ffffffc store:0x00000074
        1474293	     73613	800029c2	900003b7	lui	x7,0x90000	  x7=0x90000000
        1474313	     73614	800029c6	13f1	c.addi	x7,-4	  x7:0x90000000  x7=0x8ffffffc
        1474333	     73615	800029c8	6305	c.lui	x6,0x1	  x6=0x00001000
        1474353	     73616	800029ca	b8730313	addi	x6,x6,-1145	  x6:0x00001000  x6=0x00000b87
        1474373	     73617	800029ce	0322	c.slli	x6,0x8	  x6:0x00000b87  x6=0x000b8700
        1474393	     73618	800029d0	030d	c.addi	x6,3	  x6:0x000b8700  x6=0x000b8703
        1474633	     73630	800029d2	0063a023	sw	x6,0(x7)	  x7:0x8ffffffc  x6:0x000b8703 PA:0x8ffffffc store:0x000b8703
        1474653	     73631	800029d6	b8702373	csrrs	x6,mhpmcounter7h,x0	  x0:0x00000000  x6=0x00000000
        1474793	     73638	800029da	0063a023	sw	x6,0(x7)	  x7:0x8ffffffc  x6:0x00000000 PA:0x8ffffffc store:0x00000000
        1474873	     73642	800029de	900003b7	lui	x7,0x90000	  x7=0x90000000
        1474893	     73643	800029e2	13f1	c.addi	x7,-4	  x7:0x90000000  x7=0x8ffffffc
        1474913	     73644	800029e4	6305	c.lui	x6,0x1	  x6=0x00001000
        1474933	     73645	800029e6	b0830313	addi	x6,x6,-1272	  x6:0x00001000  x6=0x00000b08
        1474953	     73646	800029ea	0322	c.slli	x6,0x8	  x6:0x00000b08  x6=0x000b0800
        1474973	     73647	800029ec	030d	c.addi	x6,3	  x6:0x000b0800  x6=0x000b0803
        1475033	     73650	800029ee	0063a023	sw	x6,0(x7)	  x7:0x8ffffffc  x6:0x000b0803 PA:0x8ffffffc store:0x000b0803
        1475113	     73654	800029f2	b0802373	csrrs	x6,mhpmcounter8,x0	  x0:0x00000000  x6=0x0000031d
        1475573	     73677	800029f6	0063a023	sw	x6,0(x7)	  x7:0x8ffffffc  x6:0x0000031d PA:0x8ffffffc store:0x0000031d
        1475933	     73695	800029fa	900003b7	lui	x7,0x90000	  x7=0x90000000
        1475953	     73696	800029fe	13f1	c.addi	x7,-4	  x7:0x90000000  x7=0x8ffffffc
        1475973	     73697	80002a00	6305	c.lui	x6,0x1	  x6=0x00001000
        1475993	     73698	80002a02	b8830313	addi	x6,x6,-1144	  x6:0x00001000  x6=0x00000b88
        1476013	     73699	80002a06	0322	c.slli	x6,0x8	  x6:0x00000b88  x6=0x000b8800
        1476033	     73700	80002a08	030d	c.addi	x6,3	  x6:0x000b8800  x6=0x000b8803
        1476493	     73723	80002a0a	0063a023	sw	x6,0(x7)	  x7:0x8ffffffc  x6:0x000b8803 PA:0x8ffffffc store:0x000b8803
        1476513	     73724	80002a0e	b8802373	csrrs	x6,mhpmcounter8h,x0	  x0:0x00000000  x6=0x00000000
        1477093	     73753	80002a12	0063a023	sw	x6,0(x7)	  x7:0x8ffffffc  x6:0x00000000 PA:0x8ffffffc store:0x00000000
        1477113	     73754	80002a16	900003b7	lui	x7,0x90000	  x7=0x90000000
        1477133	     73755	80002a1a	13f1	c.addi	x7,-4	  x7:0x90000000  x7=0x8ffffffc
        1477153	     73756	80002a1c	6305	c.lui	x6,0x1	  x6=0x00001000
        1477173	     73757	80002a1e	b0930313	addi	x6,x6,-1271	  x6:0x00001000  x6=0x00000b09
        1477193	     73758	80002a22	0322	c.slli	x6,0x8	  x6:0x00000b09  x6=0x000b0900
        1477493	     73773	80002a24	030d	c.addi	x6,3	  x6:0x000b0900  x6=0x000b0903
        1477553	     73776	80002a26	0063a023	sw	x6,0(x7)	  x7:0x8ffffffc  x6:0x000b0903 PA:0x8ffffffc store:0x000b0903
        1477753	     73786	80002a2a	b0902373	csrrs	x6,mhpmcounter9,x0	  x0:0x00000000  x6=0x00000195
        1478053	     73801	80002a2e	0063a023	sw	x6,0(x7)	  x7:0x8ffffffc  x6:0x00000195 PA:0x8ffffffc store:0x00000195
        1478073	     73802	80002a32	900003b7	lui	x7,0x90000	  x7=0x90000000
        1478093	     73803	80002a36	13f1	c.addi	x7,-4	  x7:0x90000000  x7=0x8ffffffc
        1478133	     73805	80002a38	6305	c.lui	x6,0x1	  x6=0x00001000
        1478153	     73806	80002a3a	b8930313	addi	x6,x6,-1143	  x6:0x00001000  x6=0x00000b89
        1478173	     73807	80002a3e	0322	c.slli	x6,0x8	  x6:0x00000b89  x6=0x000b8900
        1478193	     73808	80002a40	030d	c.addi	x6,3	  x6:0x000b8900  x6=0x000b8903
        1478733	     73835	80002a42	0063a023	sw	x6,0(x7)	  x7:0x8ffffffc  x6:0x000b8903 PA:0x8ffffffc store:0x000b8903
        1478753	     73836	80002a46	b8902373	csrrs	x6,mhpmcounter9h,x0	  x0:0x00000000  x6=0x00000000
        1478973	     73847	80002a4a	0063a023	sw	x6,0(x7)	  x7:0x8ffffffc  x6:0x00000000 PA:0x8ffffffc store:0x00000000
        1478993	     73848	80002a4e	900003b7	lui	x7,0x90000	  x7=0x90000000
        1479013	     73849	80002a52	13f1	c.addi	x7,-4	  x7:0x90000000  x7=0x8ffffffc
        1479033	     73850	80002a54	6305	c.lui	x6,0x1	  x6=0x00001000
        1479053	     73851	80002a56	b0a30313	addi	x6,x6,-1270	  x6:0x00001000  x6=0x00000b0a
        1479073	     73852	80002a5a	0322	c.slli	x6,0x8	  x6:0x00000b0a  x6=0x000b0a00
        1479393	     73868	80002a5c	030d	c.addi	x6,3	  x6:0x000b0a00  x6=0x000b0a03
        1479573	     73877	80002a5e	0063a023	sw	x6,0(x7)	  x7:0x8ffffffc  x6:0x000b0a03 PA:0x8ffffffc store:0x000b0a03
        1479593	     73878	80002a62	b0a02373	csrrs	x6,mhpmcounter10,x0	  x0:0x00000000  x6=0x000007f4
        1480173	     73907	80002a66	0063a023	sw	x6,0(x7)	  x7:0x8ffffffc  x6:0x000007f4 PA:0x8ffffffc store:0x000007f4
        1480193	     73908	80002a6a	900003b7	lui	x7,0x90000	  x7=0x90000000
        1480213	     73909	80002a6e	13f1	c.addi	x7,-4	  x7:0x90000000  x7=0x8ffffffc
        1480293	     73913	80002a70	6305	c.lui	x6,0x1	  x6=0x00001000
        1480313	     73914	80002a72	b8a30313	addi	x6,x6,-1142	  x6:0x00001000  x6=0x00000b8a
        1480333	     73915	80002a76	0322	c.slli	x6,0x8	  x6:0x00000b8a  x6=0x000b8a00
        1480593	     73928	80002a78	030d	c.addi	x6,3	  x6:0x000b8a00  x6=0x000b8a03
        1480653	     73931	80002a7a	0063a023	sw	x6,0(x7)	  x7:0x8ffffffc  x6:0x000b8a03 PA:0x8ffffffc store:0x000b8a03
        1480753	     73936	80002a7e	b8a02373	csrrs	x6,mhpmcounter10h,x0	  x0:0x00000000  x6=0x00000000
        1480873	     73942	80002a82	0063a023	sw	x6,0(x7)	  x7:0x8ffffffc  x6:0x00000000 PA:0x8ffffffc store:0x00000000
        1480893	     73943	80002a86	900003b7	lui	x7,0x90000	  x7=0x90000000
        1480913	     73944	80002a8a	13f1	c.addi	x7,-4	  x7:0x90000000  x7=0x8ffffffc
        1481013	     73949	80002a8c	6305	c.lui	x6,0x1	  x6=0x00001000
        1481033	     73950	80002a8e	b0b30313	addi	x6,x6,-1269	  x6:0x00001000  x6=0x00000b0b
        1481053	     73951	80002a92	0322	c.slli	x6,0x8	  x6:0x00000b0b  x6=0x000b0b00
        1481073	     73952	80002a94	030d	c.addi	x6,3	  x6:0x000b0b00  x6=0x000b0b03
        1481573	     73977	80002a96	0063a023	sw	x6,0(x7)	  x7:0x8ffffffc  x6:0x000b0b03 PA:0x8ffffffc store:0x000b0b03
        1481593	     73978	80002a9a	b0b02373	csrrs	x6,mhpmcounter11,x0	  x0:0x00000000  x6=0x00000141
        1481853	     73991	80002a9e	0063a023	sw	x6,0(x7)	  x7:0x8ffffffc  x6:0x00000141 PA:0x8ffffffc store:0x00000141
        1481873	     73992	80002aa2	900003b7	lui	x7,0x90000	  x7=0x90000000
        1481893	     73993	80002aa6	13f1	c.addi	x7,-4	  x7:0x90000000  x7=0x8ffffffc
        1481913	     73994	80002aa8	6305	c.lui	x6,0x1	  x6=0x00001000
        1481933	     73995	80002aaa	b8b30313	addi	x6,x6,-1141	  x6:0x00001000  x6=0x00000b8b
        1481953	     73996	80002aae	0322	c.slli	x6,0x8	  x6:0x00000b8b  x6=0x000b8b00
        1482073	     74002	80002ab0	030d	c.addi	x6,3	  x6:0x000b8b00  x6=0x000b8b03
        1482573	     74027	80002ab2	0063a023	sw	x6,0(x7)	  x7:0x8ffffffc  x6:0x000b8b03 PA:0x8ffffffc store:0x000b8b03
        1482593	     74028	80002ab6	b8b02373	csrrs	x6,mhpmcounter11h,x0	  x0:0x00000000  x6=0x00000000
        1483053	     74051	80002aba	0063a023	sw	x6,0(x7)	  x7:0x8ffffffc  x6:0x00000000 PA:0x8ffffffc store:0x00000000
        1483073	     74052	80002abe	900003b7	lui	x7,0x90000	  x7=0x90000000
        1483093	     74053	80002ac2	13f1	c.addi	x7,-4	  x7:0x90000000  x7=0x8ffffffc
        1483113	     74054	80002ac4	6305	c.lui	x6,0x1	  x6=0x00001000
        1483193	     74058	80002ac6	b0c30313	addi	x6,x6,-1268	  x6:0x00001000  x6=0x00000b0c
        1483213	     74059	80002aca	0322	c.slli	x6,0x8	  x6:0x00000b0c  x6=0x000b0c00
        1483233	     74060	80002acc	030d	c.addi	x6,3	  x6:0x000b0c00  x6=0x000b0c03
        1483453	     74071	80002ace	0063a023	sw	x6,0(x7)	  x7:0x8ffffffc  x6:0x000b0c03 PA:0x8ffffffc store:0x000b0c03
        1483473	     74072	80002ad2	b0c02373	csrrs	x6,mhpmcounter12,x0	  x0:0x00000000  x6=0x00002de5
        1483533	     74075	80002ad6	0063a023	sw	x6,0(x7)	  x7:0x8ffffffc  x6:0x00002de5 PA:0x8ffffffc store:0x00002de5
        1483613	     74079	80002ada	900003b7	lui	x7,0x90000	  x7=0x90000000
        1483633	     74080	80002ade	13f1	c.addi	x7,-4	  x7:0x90000000  x7=0x8ffffffc
        1483833	     74090	80002ae0	6305	c.lui	x6,0x1	  x6=0x00001000
        1483853	     74091	80002ae2	b8c30313	addi	x6,x6,-1140	  x6:0x00001000  x6=0x00000b8c
        1483873	     74092	80002ae6	0322	c.slli	x6,0x8	  x6:0x00000b8c  x6=0x000b8c00
        1484273	     74112	80002ae8	030d	c.addi	x6,3	  x6:0x000b8c00  x6=0x000b8c03
        1484473	     74122	80002aea	0063a023	sw	x6,0(x7)	  x7:0x8ffffffc  x6:0x000b8c03 PA:0x8ffffffc store:0x000b8c03
        1484753	     74136	80002aee	b8c02373	csrrs	x6,mhpmcounter12h,x0	  x0:0x00000000  x6=0x00000000
        1485173	     74157	80002af2	0063a023	sw	x6,0(x7)	  x7:0x8ffffffc  x6:0x00000000 PA:0x8ffffffc store:0x00000000
        1485193	     74158	80002af6	ffffd317	auipc	x6,0xffffd	  x6=0x7ffffaf6
        1485213	     74159	80002afa	58a30313	addi	x6,x6,1418	  x6:0x7ffffaf6  x6=0x80000080
        1485333	     74165	80002afe	00032023	sw	x0,0(x6)	  x6:0x80000080  x0:0x00000000 PA:0x80000080 store:0x00000000
        1485473	     74172	80002b02	00132223	sw	x1,4(x6)	  x6:0x80000080  x1:0x00000008 PA:0x80000084 store:0x00000008
        1485493	     74173	80002b06	00232423	sw	x2,8(x6)	  x6:0x80000080  x2:0xffffffff PA:0x80000088 store:0xffffffff
        1485913	     74194	80002b0a	00332623	sw	x3,12(x6)	  x6:0x80000080  x3:0xffffffc0 PA:0x8000008c store:0xffffffc0
        1485933	     74195	80002b0e	00432823	sw	x4,16(x6)	  x6:0x80000080  x4:0x0001a9c0 PA:0x80000090 store:0x0001a9c0
