UVM_FATAL /runtime_only_unique_aaac.sv(1) @ 1: runtime_only_unique_failure_aaac normalization resistant timing marker
RUNTIME_ONLY_CASE=3 SOURCE_A=benchmark_set_1:3
riscv_multiple_interrupt_test.0 : [FAILED]
RUNTIME_ONLY_COMBINE SOURCE_B=benchmark_set_2:18
riscv_interrupt_csr_test.0 : [FAILED]
000000000 RUNTIME_ONLY neutral retire case=00003 pc=0x80000188 opcode=beq x3=0x80000188
000000001 RUNTIME_ONLY neutral retire case=00003 pc=0x8000018c opcode=csrrw x4=0x8000018d
000000002 RUNTIME_ONLY neutral retire case=00003 pc=0x80000190 opcode=xor x5=0x80000192
000000003 RUNTIME_ONLY neutral retire case=00003 pc=0x80000194 opcode=addi x6=0x80000197
000000004 RUNTIME_ONLY neutral retire case=00003 pc=0x80000198 opcode=lw x7=0x8000019c
000000005 RUNTIME_ONLY neutral retire case=00003 pc=0x8000019c opcode=sw x8=0x80000199
000000006 RUNTIME_ONLY neutral retire case=00003 pc=0x800001a0 opcode=beq x9=0x800001a6
000000007 RUNTIME_ONLY neutral retire case=00003 pc=0x800001a4 opcode=csrrw x10=0x800001a3
000000008 RUNTIME_ONLY neutral retire case=00003 pc=0x800001a8 opcode=xor x11=0x800001a0
000000009 RUNTIME_ONLY neutral retire case=00003 pc=0x800001ac opcode=addi x12=0x800001a5
000000010 RUNTIME_ONLY neutral retire case=00003 pc=0x800001b0 opcode=lw x13=0x800001ba
000000011 RUNTIME_ONLY neutral retire case=00003 pc=0x800001b4 opcode=sw x14=0x800001bf
000000012 RUNTIME_ONLY neutral retire case=00003 pc=0x800001b8 opcode=beq x15=0x800001b4
000000013 RUNTIME_ONLY neutral retire case=00003 pc=0x800001bc opcode=csrrw x16=0x800001b1
000000014 RUNTIME_ONLY neutral retire case=00003 pc=0x800001c0 opcode=xor x17=0x800001ce
000000015 RUNTIME_ONLY neutral retire case=00003 pc=0x800001c4 opcode=addi x18=0x800001cb
000000016 RUNTIME_ONLY neutral retire case=00003 pc=0x800001c8 opcode=lw x19=0x800001d8
000000017 RUNTIME_ONLY neutral retire case=00003 pc=0x800001cc opcode=sw x20=0x800001dd
000000018 RUNTIME_ONLY neutral retire case=00003 pc=0x800001d0 opcode=beq x21=0x800001c2
000000019 RUNTIME_ONLY neutral retire case=00003 pc=0x800001d4 opcode=csrrw x22=0x800001c7
000000020 RUNTIME_ONLY neutral retire case=00003 pc=0x800001d8 opcode=xor x23=0x800001cc
000000021 RUNTIME_ONLY neutral retire case=00003 pc=0x800001dc opcode=addi x24=0x800001c9
000000022 RUNTIME_ONLY neutral retire case=00003 pc=0x800001e0 opcode=lw x25=0x800001f6
000000023 RUNTIME_ONLY neutral retire case=00003 pc=0x800001e4 opcode=sw x26=0x800001f3
000000024 RUNTIME_ONLY neutral retire case=00003 pc=0x800001e8 opcode=beq x27=0x800001f0
000000025 RUNTIME_ONLY neutral retire case=00003 pc=0x800001ec opcode=csrrw x28=0x800001f5
000000026 RUNTIME_ONLY neutral retire case=00003 pc=0x800001f0 opcode=xor x29=0x800001ea
000000027 RUNTIME_ONLY neutral retire case=00003 pc=0x800001f4 opcode=addi x30=0x800001ef
000000028 RUNTIME_ONLY neutral retire case=00003 pc=0x800001f8 opcode=lw x31=0x800001e4
000000029 RUNTIME_ONLY neutral retire case=00003 pc=0x800001fc opcode=sw x0=0x800001e1
000000030 RUNTIME_ONLY neutral retire case=00003 pc=0x80000200 opcode=beq x1=0x8000021e
000000031 RUNTIME_ONLY neutral retire case=00003 pc=0x80000204 opcode=csrrw x2=0x8000021b
000000032 RUNTIME_ONLY neutral retire case=00003 pc=0x80000208 opcode=xor x3=0x80000228
000000033 RUNTIME_ONLY neutral retire case=00003 pc=0x8000020c opcode=addi x4=0x8000022d
000000034 RUNTIME_ONLY neutral retire case=00003 pc=0x80000210 opcode=lw x5=0x80000232
000000035 RUNTIME_ONLY neutral retire case=00003 pc=0x80000214 opcode=sw x6=0x80000237
000000036 RUNTIME_ONLY neutral retire case=00003 pc=0x80000218 opcode=beq x7=0x8000023c
000000037 RUNTIME_ONLY neutral retire case=00003 pc=0x8000021c opcode=csrrw x8=0x80000239
000000038 RUNTIME_ONLY neutral retire case=00003 pc=0x80000220 opcode=xor x9=0x80000206
000000039 RUNTIME_ONLY neutral retire case=00003 pc=0x80000224 opcode=addi x10=0x80000203
000000040 RUNTIME_ONLY neutral retire case=00003 pc=0x80000228 opcode=lw x11=0x80000200
000000041 RUNTIME_ONLY neutral retire case=00003 pc=0x8000022c opcode=sw x12=0x80000205
000000042 RUNTIME_ONLY neutral retire case=00003 pc=0x80000230 opcode=beq x13=0x8000021a
000000043 RUNTIME_ONLY neutral retire case=00003 pc=0x80000234 opcode=csrrw x14=0x8000021f
000000044 RUNTIME_ONLY neutral retire case=00003 pc=0x80000238 opcode=xor x15=0x80000214
000000045 RUNTIME_ONLY neutral retire case=00003 pc=0x8000023c opcode=addi x16=0x80000211
000000046 RUNTIME_ONLY neutral retire case=00003 pc=0x80000240 opcode=lw x17=0x8000026e
000000047 RUNTIME_ONLY neutral retire case=00003 pc=0x80000244 opcode=sw x18=0x8000026b
000000048 RUNTIME_ONLY neutral retire case=00003 pc=0x80000248 opcode=beq x19=0x80000278
000000049 RUNTIME_ONLY neutral retire case=00003 pc=0x8000024c opcode=csrrw x20=0x8000027d
000000050 RUNTIME_ONLY neutral retire case=00003 pc=0x80000250 opcode=xor x21=0x80000262
000000051 RUNTIME_ONLY neutral retire case=00003 pc=0x80000254 opcode=addi x22=0x80000267
000000052 RUNTIME_ONLY neutral retire case=00003 pc=0x80000258 opcode=lw x23=0x8000026c
000000053 RUNTIME_ONLY neutral retire case=00003 pc=0x8000025c opcode=sw x24=0x80000269
000000054 RUNTIME_ONLY neutral retire case=00003 pc=0x80000260 opcode=beq x25=0x80000256
000000055 RUNTIME_ONLY neutral retire case=00003 pc=0x80000264 opcode=csrrw x26=0x80000253
000000056 RUNTIME_ONLY neutral retire case=00003 pc=0x80000268 opcode=xor x27=0x80000250
000000057 RUNTIME_ONLY neutral retire case=00003 pc=0x8000026c opcode=addi x28=0x80000255
000000058 RUNTIME_ONLY neutral retire case=00003 pc=0x80000270 opcode=lw x29=0x8000024a
000000059 RUNTIME_ONLY neutral retire case=00003 pc=0x80000274 opcode=sw x30=0x8000024f
000000060 RUNTIME_ONLY neutral retire case=00003 pc=0x80000278 opcode=beq x31=0x80000244
000000061 RUNTIME_ONLY neutral retire case=00003 pc=0x8000027c opcode=csrrw x0=0x80000241
000000062 RUNTIME_ONLY neutral retire case=00003 pc=0x80000280 opcode=xor x1=0x800002be
000000063 RUNTIME_ONLY neutral retire case=00003 pc=0x80000284 opcode=addi x2=0x800002bb
000000064 RUNTIME_ONLY neutral retire case=00003 pc=0x80000288 opcode=lw x3=0x800002c8
000000065 RUNTIME_ONLY neutral retire case=00003 pc=0x8000028c opcode=sw x4=0x800002cd
000000066 RUNTIME_ONLY neutral retire case=00003 pc=0x80000290 opcode=beq x5=0x800002d2
000000067 RUNTIME_ONLY neutral retire case=00003 pc=0x80000294 opcode=csrrw x6=0x800002d7
000000068 RUNTIME_ONLY neutral retire case=00003 pc=0x80000298 opcode=xor x7=0x800002dc
000000069 RUNTIME_ONLY neutral retire case=00003 pc=0x8000029c opcode=addi x8=0x800002d9
000000070 RUNTIME_ONLY neutral retire case=00003 pc=0x800002a0 opcode=lw x9=0x800002e6
000000071 RUNTIME_ONLY neutral retire case=00003 pc=0x800002a4 opcode=sw x10=0x800002e3
000000072 RUNTIME_ONLY neutral retire case=00003 pc=0x800002a8 opcode=beq x11=0x800002e0
000000073 RUNTIME_ONLY neutral retire case=00003 pc=0x800002ac opcode=csrrw x12=0x800002e5
000000074 RUNTIME_ONLY neutral retire case=00003 pc=0x800002b0 opcode=xor x13=0x800002fa
000000075 RUNTIME_ONLY neutral retire case=00003 pc=0x800002b4 opcode=addi x14=0x800002ff
000000076 RUNTIME_ONLY neutral retire case=00003 pc=0x800002b8 opcode=lw x15=0x800002f4
000000077 RUNTIME_ONLY neutral retire case=00003 pc=0x800002bc opcode=sw x16=0x800002f1
000000078 RUNTIME_ONLY neutral retire case=00003 pc=0x800002c0 opcode=beq x17=0x8000028e
000000079 RUNTIME_ONLY neutral retire case=00003 pc=0x800002c4 opcode=csrrw x18=0x8000028b
000000080 RUNTIME_ONLY neutral retire case=00003 pc=0x800002c8 opcode=xor x19=0x80000298
000000081 RUNTIME_ONLY neutral retire case=00003 pc=0x800002cc opcode=addi x20=0x8000029d
000000082 RUNTIME_ONLY neutral retire case=00003 pc=0x800002d0 opcode=lw x21=0x80000282
000000083 RUNTIME_ONLY neutral retire case=00003 pc=0x800002d4 opcode=sw x22=0x80000287
000000084 RUNTIME_ONLY neutral retire case=00003 pc=0x800002d8 opcode=beq x23=0x8000028c
000000085 RUNTIME_ONLY neutral retire case=00003 pc=0x800002dc opcode=csrrw x24=0x80000289
000000086 RUNTIME_ONLY neutral retire case=00003 pc=0x800002e0 opcode=xor x25=0x800002b6
000000087 RUNTIME_ONLY neutral retire case=00003 pc=0x800002e4 opcode=addi x26=0x800002b3
000000088 RUNTIME_ONLY neutral retire case=00003 pc=0x800002e8 opcode=lw x27=0x800002b0
000000089 RUNTIME_ONLY neutral retire case=00003 pc=0x800002ec opcode=sw x28=0x800002b5
000000090 RUNTIME_ONLY neutral retire case=00003 pc=0x800002f0 opcode=beq x29=0x800002aa
000000091 RUNTIME_ONLY neutral retire case=00003 pc=0x800002f4 opcode=csrrw x30=0x800002af
000000092 RUNTIME_ONLY neutral retire case=00003 pc=0x800002f8 opcode=xor x31=0x800002a4
000000093 RUNTIME_ONLY neutral retire case=00003 pc=0x800002fc opcode=addi x0=0x800002a1
000000094 RUNTIME_ONLY neutral retire case=00003 pc=0x80000300 opcode=lw x1=0x8000035e
000000095 RUNTIME_ONLY neutral retire case=00003 pc=0x80000304 opcode=sw x2=0x8000035b
000000096 RUNTIME_ONLY neutral retire case=00003 pc=0x80000308 opcode=beq x3=0x80000368
000000097 RUNTIME_ONLY neutral retire case=00003 pc=0x8000030c opcode=csrrw x4=0x8000036d
000000098 RUNTIME_ONLY neutral retire case=00003 pc=0x80000310 opcode=xor x5=0x80000372
000000099 RUNTIME_ONLY neutral retire case=00003 pc=0x80000314 opcode=addi x6=0x80000377
000000100 RUNTIME_ONLY neutral retire case=00003 pc=0x80000318 opcode=lw x7=0x8000037c
000000101 RUNTIME_ONLY neutral retire case=00003 pc=0x8000031c opcode=sw x8=0x80000379
000000102 RUNTIME_ONLY neutral retire case=00003 pc=0x80000320 opcode=beq x9=0x80000346
000000103 RUNTIME_ONLY neutral retire case=00003 pc=0x80000324 opcode=csrrw x10=0x80000343
000000104 RUNTIME_ONLY neutral retire case=00003 pc=0x80000328 opcode=xor x11=0x80000340
000000105 RUNTIME_ONLY neutral retire case=00003 pc=0x8000032c opcode=addi x12=0x80000345
000000106 RUNTIME_ONLY neutral retire case=00003 pc=0x80000330 opcode=lw x13=0x8000035a
000000107 RUNTIME_ONLY neutral retire case=00003 pc=0x80000334 opcode=sw x14=0x8000035f
000000108 RUNTIME_ONLY neutral retire case=00003 pc=0x80000338 opcode=beq x15=0x80000354
000000109 RUNTIME_ONLY neutral retire case=00003 pc=0x8000033c opcode=csrrw x16=0x80000351
000000110 RUNTIME_ONLY neutral retire case=00003 pc=0x80000340 opcode=xor x17=0x8000032e
000000111 RUNTIME_ONLY neutral retire case=00003 pc=0x80000344 opcode=addi x18=0x8000032b
000000112 RUNTIME_ONLY neutral retire case=00003 pc=0x80000348 opcode=lw x19=0x80000338
000000113 RUNTIME_ONLY neutral retire case=00003 pc=0x8000034c opcode=sw x20=0x8000033d
000000114 RUNTIME_ONLY neutral retire case=00003 pc=0x80000350 opcode=beq x21=0x80000322
000000115 RUNTIME_ONLY neutral retire case=00003 pc=0x80000354 opcode=csrrw x22=0x80000327
000000116 RUNTIME_ONLY neutral retire case=00003 pc=0x80000358 opcode=xor x23=0x8000032c
000000117 RUNTIME_ONLY neutral retire case=00003 pc=0x8000035c opcode=addi x24=0x80000329
000000118 RUNTIME_ONLY neutral retire case=00003 pc=0x80000360 opcode=lw x25=0x80000316
000000119 RUNTIME_ONLY neutral retire case=00003 pc=0x80000364 opcode=sw x26=0x80000313
000000120 RUNTIME_ONLY neutral retire case=00003 pc=0x80000368 opcode=beq x27=0x80000310
000000121 RUNTIME_ONLY neutral retire case=00003 pc=0x8000036c opcode=csrrw x28=0x80000315
000000122 RUNTIME_ONLY neutral retire case=00003 pc=0x80000370 opcode=xor x29=0x8000030a
000000123 RUNTIME_ONLY neutral retire case=00003 pc=0x80000374 opcode=addi x30=0x8000030f
000000124 RUNTIME_ONLY neutral retire case=00003 pc=0x80000378 opcode=lw x31=0x80000304
000000125 RUNTIME_ONLY neutral retire case=00003 pc=0x8000037c opcode=sw x0=0x80000301
000000126 RUNTIME_ONLY neutral retire case=00003 pc=0x80000380 opcode=beq x1=0x800003fe
000000127 RUNTIME_ONLY neutral retire case=00003 pc=0x80000384 opcode=csrrw x2=0x800003fb
000000128 RUNTIME_ONLY neutral retire case=00003 pc=0x80000388 opcode=xor x3=0x80000308
000000129 RUNTIME_ONLY neutral retire case=00003 pc=0x8000038c opcode=addi x4=0x8000030d
000000130 RUNTIME_ONLY neutral retire case=00003 pc=0x80000390 opcode=lw x5=0x80000312
000000131 RUNTIME_ONLY neutral retire case=00003 pc=0x80000394 opcode=sw x6=0x80000317
000000132 RUNTIME_ONLY neutral retire case=00003 pc=0x80000398 opcode=beq x7=0x8000031c
000000133 RUNTIME_ONLY neutral retire case=00003 pc=0x8000039c opcode=csrrw x8=0x80000319
000000134 RUNTIME_ONLY neutral retire case=00003 pc=0x800003a0 opcode=xor x9=0x80000326
000000135 RUNTIME_ONLY neutral retire case=00003 pc=0x800003a4 opcode=addi x10=0x80000323
000000136 RUNTIME_ONLY neutral retire case=00003 pc=0x800003a8 opcode=lw x11=0x80000320
000000137 RUNTIME_ONLY neutral retire case=00003 pc=0x800003ac opcode=sw x12=0x80000325
000000138 RUNTIME_ONLY neutral retire case=00003 pc=0x800003b0 opcode=beq x13=0x8000033a
000000139 RUNTIME_ONLY neutral retire case=00003 pc=0x800003b4 opcode=csrrw x14=0x8000033f
000000140 RUNTIME_ONLY neutral retire case=00003 pc=0x800003b8 opcode=xor x15=0x80000334
000000141 RUNTIME_ONLY neutral retire case=00003 pc=0x800003bc opcode=addi x16=0x80000331
000000142 RUNTIME_ONLY neutral retire case=00003 pc=0x800003c0 opcode=lw x17=0x8000034e
000000143 RUNTIME_ONLY neutral retire case=00003 pc=0x800003c4 opcode=sw x18=0x8000034b
000000144 RUNTIME_ONLY neutral retire case=00003 pc=0x800003c8 opcode=beq x19=0x80000358
000000145 RUNTIME_ONLY neutral retire case=00003 pc=0x800003cc opcode=csrrw x20=0x8000035d
000000146 RUNTIME_ONLY neutral retire case=00003 pc=0x800003d0 opcode=xor x21=0x80000342
000000147 RUNTIME_ONLY neutral retire case=00003 pc=0x800003d4 opcode=addi x22=0x80000347
000000148 RUNTIME_ONLY neutral retire case=00003 pc=0x800003d8 opcode=lw x23=0x8000034c
000000149 RUNTIME_ONLY neutral retire case=00003 pc=0x800003dc opcode=sw x24=0x80000349
000000150 RUNTIME_ONLY neutral retire case=00003 pc=0x800003e0 opcode=beq x25=0x80000376
000000151 RUNTIME_ONLY neutral retire case=00003 pc=0x800003e4 opcode=csrrw x26=0x80000373
000000152 RUNTIME_ONLY neutral retire case=00003 pc=0x800003e8 opcode=xor x27=0x80000370
000000153 RUNTIME_ONLY neutral retire case=00003 pc=0x800003ec opcode=addi x28=0x80000375
000000154 RUNTIME_ONLY neutral retire case=00003 pc=0x800003f0 opcode=lw x29=0x8000036a
000000155 RUNTIME_ONLY neutral retire case=00003 pc=0x800003f4 opcode=sw x30=0x8000036f
000000156 RUNTIME_ONLY neutral retire case=00003 pc=0x800003f8 opcode=beq x31=0x80000364
000000157 RUNTIME_ONLY neutral retire case=00003 pc=0x800003fc opcode=csrrw x0=0x80000361
000000158 RUNTIME_ONLY neutral retire case=00003 pc=0x80000400 opcode=xor x1=0x8000049e
000000159 RUNTIME_ONLY neutral retire case=00003 pc=0x80000404 opcode=addi x2=0x8000049b
000000160 RUNTIME_ONLY neutral retire case=00003 pc=0x80000408 opcode=lw x3=0x800004a8
000000161 RUNTIME_ONLY neutral retire case=00003 pc=0x8000040c opcode=sw x4=0x800004ad
000000162 RUNTIME_ONLY neutral retire case=00003 pc=0x80000410 opcode=beq x5=0x800004b2
000000163 RUNTIME_ONLY neutral retire case=00003 pc=0x80000414 opcode=csrrw x6=0x800004b7
000000164 RUNTIME_ONLY neutral retire case=00003 pc=0x80000418 opcode=xor x7=0x800004bc
000000165 RUNTIME_ONLY neutral retire case=00003 pc=0x8000041c opcode=addi x8=0x800004b9
000000166 RUNTIME_ONLY neutral retire case=00003 pc=0x80000420 opcode=lw x9=0x80000486
000000167 RUNTIME_ONLY neutral retire case=00003 pc=0x80000424 opcode=sw x10=0x80000483
000000168 RUNTIME_ONLY neutral retire case=00003 pc=0x80000428 opcode=beq x11=0x80000480
000000169 RUNTIME_ONLY neutral retire case=00003 pc=0x8000042c opcode=csrrw x12=0x80000485
000000170 RUNTIME_ONLY neutral retire case=00003 pc=0x80000430 opcode=xor x13=0x8000049a
000000171 RUNTIME_ONLY neutral retire case=00003 pc=0x80000434 opcode=addi x14=0x8000049f
000000172 RUNTIME_ONLY neutral retire case=00003 pc=0x80000438 opcode=lw x15=0x80000494
000000173 RUNTIME_ONLY neutral retire case=00003 pc=0x8000043c opcode=sw x16=0x80000491
000000174 RUNTIME_ONLY neutral retire case=00003 pc=0x80000440 opcode=beq x17=0x800004ee
000000175 RUNTIME_ONLY neutral retire case=00003 pc=0x80000444 opcode=csrrw x18=0x800004eb
000000176 RUNTIME_ONLY neutral retire case=00003 pc=0x80000448 opcode=xor x19=0x800004f8
000000177 RUNTIME_ONLY neutral retire case=00003 pc=0x8000044c opcode=addi x20=0x800004fd
000000178 RUNTIME_ONLY neutral retire case=00003 pc=0x80000450 opcode=lw x21=0x800004e2
000000179 RUNTIME_ONLY neutral retire case=00003 pc=0x80000454 opcode=sw x22=0x800004e7
000000180 RUNTIME_ONLY neutral retire case=00003 pc=0x80000458 opcode=beq x23=0x800004ec
000000181 RUNTIME_ONLY neutral retire case=00003 pc=0x8000045c opcode=csrrw x24=0x800004e9
000000182 RUNTIME_ONLY neutral retire case=00003 pc=0x80000460 opcode=xor x25=0x800004d6
000000183 RUNTIME_ONLY neutral retire case=00003 pc=0x80000464 opcode=addi x26=0x800004d3
000000184 RUNTIME_ONLY neutral retire case=00003 pc=0x80000468 opcode=lw x27=0x800004d0
000000185 RUNTIME_ONLY neutral retire case=00003 pc=0x8000046c opcode=sw x28=0x800004d5
000000186 RUNTIME_ONLY neutral retire case=00003 pc=0x80000470 opcode=beq x29=0x800004ca
000000187 RUNTIME_ONLY neutral retire case=00003 pc=0x80000474 opcode=csrrw x30=0x800004cf
000000188 RUNTIME_ONLY neutral retire case=00003 pc=0x80000478 opcode=xor x31=0x800004c4
000000189 RUNTIME_ONLY neutral retire case=00003 pc=0x8000047c opcode=addi x0=0x800004c1
000000190 RUNTIME_ONLY neutral retire case=00003 pc=0x80000480 opcode=lw x1=0x8000043e
000000191 RUNTIME_ONLY neutral retire case=00003 pc=0x80000484 opcode=sw x2=0x8000043b
000000192 RUNTIME_ONLY neutral retire case=00003 pc=0x80000488 opcode=beq x3=0x80000448
000000193 RUNTIME_ONLY neutral retire case=00003 pc=0x8000048c opcode=csrrw x4=0x8000044d
000000194 RUNTIME_ONLY neutral retire case=00003 pc=0x80000490 opcode=xor x5=0x80000452
000000195 RUNTIME_ONLY neutral retire case=00003 pc=0x80000494 opcode=addi x6=0x80000457
000000196 RUNTIME_ONLY neutral retire case=00003 pc=0x80000498 opcode=lw x7=0x8000045c
000000197 RUNTIME_ONLY neutral retire case=00003 pc=0x8000049c opcode=sw x8=0x80000459
000000198 RUNTIME_ONLY neutral retire case=00003 pc=0x800004a0 opcode=beq x9=0x80000466
000000199 RUNTIME_ONLY neutral retire case=00003 pc=0x800004a4 opcode=csrrw x10=0x80000463
000000200 RUNTIME_ONLY neutral retire case=00003 pc=0x800004a8 opcode=xor x11=0x80000460
000000201 RUNTIME_ONLY neutral retire case=00003 pc=0x800004ac opcode=addi x12=0x80000465
000000202 RUNTIME_ONLY neutral retire case=00003 pc=0x800004b0 opcode=lw x13=0x8000047a
000000203 RUNTIME_ONLY neutral retire case=00003 pc=0x800004b4 opcode=sw x14=0x8000047f
000000204 RUNTIME_ONLY neutral retire case=00003 pc=0x800004b8 opcode=beq x15=0x80000474
000000205 RUNTIME_ONLY neutral retire case=00003 pc=0x800004bc opcode=csrrw x16=0x80000471
000000206 RUNTIME_ONLY neutral retire case=00003 pc=0x800004c0 opcode=xor x17=0x8000040e
000000207 RUNTIME_ONLY neutral retire case=00003 pc=0x800004c4 opcode=addi x18=0x8000040b
000000208 RUNTIME_ONLY neutral retire case=00003 pc=0x800004c8 opcode=lw x19=0x80000418
000000209 RUNTIME_ONLY neutral retire case=00003 pc=0x800004cc opcode=sw x20=0x8000041d
000000210 RUNTIME_ONLY neutral retire case=00003 pc=0x800004d0 opcode=beq x21=0x80000402
000000211 RUNTIME_ONLY neutral retire case=00003 pc=0x800004d4 opcode=csrrw x22=0x80000407
000000212 RUNTIME_ONLY neutral retire case=00003 pc=0x800004d8 opcode=xor x23=0x8000040c
000000213 RUNTIME_ONLY neutral retire case=00003 pc=0x800004dc opcode=addi x24=0x80000409
000000214 RUNTIME_ONLY neutral retire case=00003 pc=0x800004e0 opcode=lw x25=0x80000436
000000215 RUNTIME_ONLY neutral retire case=00003 pc=0x800004e4 opcode=sw x26=0x80000433
000000216 RUNTIME_ONLY neutral retire case=00003 pc=0x800004e8 opcode=beq x27=0x80000430
000000217 RUNTIME_ONLY neutral retire case=00003 pc=0x800004ec opcode=csrrw x28=0x80000435
000000218 RUNTIME_ONLY neutral retire case=00003 pc=0x800004f0 opcode=xor x29=0x8000042a
000000219 RUNTIME_ONLY neutral retire case=00003 pc=0x800004f4 opcode=addi x30=0x8000042f
000000220 RUNTIME_ONLY neutral retire case=00003 pc=0x800004f8 opcode=lw x31=0x80000424
000000221 RUNTIME_ONLY neutral retire case=00003 pc=0x800004fc opcode=sw x0=0x80000421
000000222 RUNTIME_ONLY neutral retire case=00003 pc=0x80000500 opcode=beq x1=0x800005de
000000223 RUNTIME_ONLY neutral retire case=00003 pc=0x80000504 opcode=csrrw x2=0x800005db
000000224 RUNTIME_ONLY neutral retire case=00003 pc=0x80000508 opcode=xor x3=0x800005e8
000000225 RUNTIME_ONLY neutral retire case=00003 pc=0x8000050c opcode=addi x4=0x800005ed
000000226 RUNTIME_ONLY neutral retire case=00003 pc=0x80000510 opcode=lw x5=0x800005f2
000000227 RUNTIME_ONLY neutral retire case=00003 pc=0x80000514 opcode=sw x6=0x800005f7
000000228 RUNTIME_ONLY neutral retire case=00003 pc=0x80000518 opcode=beq x7=0x800005fc
000000229 RUNTIME_ONLY neutral retire case=00003 pc=0x8000051c opcode=csrrw x8=0x800005f9
000000230 RUNTIME_ONLY neutral retire case=00003 pc=0x80000520 opcode=xor x9=0x800005c6
000000231 RUNTIME_ONLY neutral retire case=00003 pc=0x80000524 opcode=addi x10=0x800005c3
000000232 RUNTIME_ONLY neutral retire case=00003 pc=0x80000528 opcode=lw x11=0x800005c0
000000233 RUNTIME_ONLY neutral retire case=00003 pc=0x8000052c opcode=sw x12=0x800005c5
000000234 RUNTIME_ONLY neutral retire case=00003 pc=0x80000530 opcode=beq x13=0x800005da
000000235 RUNTIME_ONLY neutral retire case=00003 pc=0x80000534 opcode=csrrw x14=0x800005df
000000236 RUNTIME_ONLY neutral retire case=00003 pc=0x80000538 opcode=xor x15=0x800005d4
000000237 RUNTIME_ONLY neutral retire case=00003 pc=0x8000053c opcode=addi x16=0x800005d1
000000238 RUNTIME_ONLY neutral retire case=00003 pc=0x80000540 opcode=lw x17=0x800005ae
000000239 RUNTIME_ONLY neutral retire case=00003 pc=0x80000544 opcode=sw x18=0x800005ab
000000240 RUNTIME_ONLY neutral retire case=00003 pc=0x80000548 opcode=beq x19=0x800005b8
000000241 RUNTIME_ONLY neutral retire case=00003 pc=0x8000054c opcode=csrrw x20=0x800005bd
000000242 RUNTIME_ONLY neutral retire case=00003 pc=0x80000550 opcode=xor x21=0x800005a2
000000243 RUNTIME_ONLY neutral retire case=00003 pc=0x80000554 opcode=addi x22=0x800005a7
000000244 RUNTIME_ONLY neutral retire case=00003 pc=0x80000558 opcode=lw x23=0x800005ac
000000245 RUNTIME_ONLY neutral retire case=00003 pc=0x8000055c opcode=sw x24=0x800005a9
000000246 RUNTIME_ONLY neutral retire case=00003 pc=0x80000560 opcode=beq x25=0x80000596
000000247 RUNTIME_ONLY neutral retire case=00003 pc=0x80000564 opcode=csrrw x26=0x80000593
000000248 RUNTIME_ONLY neutral retire case=00003 pc=0x80000568 opcode=xor x27=0x80000590
000000249 RUNTIME_ONLY neutral retire case=00003 pc=0x8000056c opcode=addi x28=0x80000595
000000250 RUNTIME_ONLY neutral retire case=00003 pc=0x80000570 opcode=lw x29=0x8000058a
000000251 RUNTIME_ONLY neutral retire case=00003 pc=0x80000574 opcode=sw x30=0x8000058f
000000252 RUNTIME_ONLY neutral retire case=00003 pc=0x80000578 opcode=beq x31=0x80000584
000000253 RUNTIME_ONLY neutral retire case=00003 pc=0x8000057c opcode=csrrw x0=0x80000581
000000254 RUNTIME_ONLY neutral retire case=00003 pc=0x80000580 opcode=xor x1=0x8000057e
000000255 RUNTIME_ONLY neutral retire case=00003 pc=0x80000584 opcode=addi x2=0x8000057b
000000256 RUNTIME_ONLY neutral retire case=00003 pc=0x80000588 opcode=lw x3=0x80000488
000000257 RUNTIME_ONLY neutral retire case=00003 pc=0x8000058c opcode=sw x4=0x8000048d
000000258 RUNTIME_ONLY neutral retire case=00003 pc=0x80000590 opcode=beq x5=0x80000492
000000259 RUNTIME_ONLY neutral retire case=00003 pc=0x80000594 opcode=csrrw x6=0x80000497
000000260 RUNTIME_ONLY neutral retire case=00003 pc=0x80000598 opcode=xor x7=0x8000049c
000000261 RUNTIME_ONLY neutral retire case=00003 pc=0x8000059c opcode=addi x8=0x80000499
000000262 RUNTIME_ONLY neutral retire case=00003 pc=0x800005a0 opcode=lw x9=0x800004a6
000000263 RUNTIME_ONLY neutral retire case=00003 pc=0x800005a4 opcode=sw x10=0x800004a3
000000264 RUNTIME_ONLY neutral retire case=00003 pc=0x800005a8 opcode=beq x11=0x800004a0
000000265 RUNTIME_ONLY neutral retire case=00003 pc=0x800005ac opcode=csrrw x12=0x800004a5
000000266 RUNTIME_ONLY neutral retire case=00003 pc=0x800005b0 opcode=xor x13=0x800004ba
000000267 RUNTIME_ONLY neutral retire case=00003 pc=0x800005b4 opcode=addi x14=0x800004bf
000000268 RUNTIME_ONLY neutral retire case=00003 pc=0x800005b8 opcode=lw x15=0x800004b4
000000269 RUNTIME_ONLY neutral retire case=00003 pc=0x800005bc opcode=sw x16=0x800004b1
000000270 RUNTIME_ONLY neutral retire case=00003 pc=0x800005c0 opcode=beq x17=0x800004ce
000000271 RUNTIME_ONLY neutral retire case=00003 pc=0x800005c4 opcode=csrrw x18=0x800004cb
000000272 RUNTIME_ONLY neutral retire case=00003 pc=0x800005c8 opcode=xor x19=0x800004d8
000000273 RUNTIME_ONLY neutral retire case=00003 pc=0x800005cc opcode=addi x20=0x800004dd
000000274 RUNTIME_ONLY neutral retire case=00003 pc=0x800005d0 opcode=lw x21=0x800004c2
000000275 RUNTIME_ONLY neutral retire case=00003 pc=0x800005d4 opcode=sw x22=0x800004c7
000000276 RUNTIME_ONLY neutral retire case=00003 pc=0x800005d8 opcode=beq x23=0x800004cc
000000277 RUNTIME_ONLY neutral retire case=00003 pc=0x800005dc opcode=csrrw x24=0x800004c9
000000278 RUNTIME_ONLY neutral retire case=00003 pc=0x800005e0 opcode=xor x25=0x800004f6
000000279 RUNTIME_ONLY neutral retire case=00003 pc=0x800005e4 opcode=addi x26=0x800004f3
000000280 RUNTIME_ONLY neutral retire case=00003 pc=0x800005e8 opcode=lw x27=0x800004f0
000000281 RUNTIME_ONLY neutral retire case=00003 pc=0x800005ec opcode=sw x28=0x800004f5
000000282 RUNTIME_ONLY neutral retire case=00003 pc=0x800005f0 opcode=beq x29=0x800004ea
000000283 RUNTIME_ONLY neutral retire case=00003 pc=0x800005f4 opcode=csrrw x30=0x800004ef
000000284 RUNTIME_ONLY neutral retire case=00003 pc=0x800005f8 opcode=xor x31=0x800004e4
000000285 RUNTIME_ONLY neutral retire case=00003 pc=0x800005fc opcode=addi x0=0x800004e1
000000286 RUNTIME_ONLY neutral retire case=00003 pc=0x80000600 opcode=lw x1=0x8000071e
000000287 RUNTIME_ONLY neutral retire case=00003 pc=0x80000604 opcode=sw x2=0x8000071b
000000288 RUNTIME_ONLY neutral retire case=00003 pc=0x80000608 opcode=beq x3=0x80000728
000000289 RUNTIME_ONLY neutral retire case=00003 pc=0x8000060c opcode=csrrw x4=0x8000072d
000000290 RUNTIME_ONLY neutral retire case=00003 pc=0x80000610 opcode=xor x5=0x80000732
000000291 RUNTIME_ONLY neutral retire case=00003 pc=0x80000614 opcode=addi x6=0x80000737
000000292 RUNTIME_ONLY neutral retire case=00003 pc=0x80000618 opcode=lw x7=0x8000073c
000000293 RUNTIME_ONLY neutral retire case=00003 pc=0x8000061c opcode=sw x8=0x80000739
000000294 RUNTIME_ONLY neutral retire case=00003 pc=0x80000620 opcode=beq x9=0x80000706
000000295 RUNTIME_ONLY neutral retire case=00003 pc=0x80000624 opcode=csrrw x10=0x80000703
000000296 RUNTIME_ONLY neutral retire case=00003 pc=0x80000628 opcode=xor x11=0x80000700
000000297 RUNTIME_ONLY neutral retire case=00003 pc=0x8000062c opcode=addi x12=0x80000705
000000298 RUNTIME_ONLY neutral retire case=00003 pc=0x80000630 opcode=lw x13=0x8000071a
000000299 RUNTIME_ONLY neutral retire case=00003 pc=0x80000634 opcode=sw x14=0x8000071f
000000300 RUNTIME_ONLY neutral retire case=00003 pc=0x80000638 opcode=beq x15=0x80000714
000000301 RUNTIME_ONLY neutral retire case=00003 pc=0x8000063c opcode=csrrw x16=0x80000711
000000302 RUNTIME_ONLY neutral retire case=00003 pc=0x80000640 opcode=xor x17=0x8000076e
000000303 RUNTIME_ONLY neutral retire case=00003 pc=0x80000644 opcode=addi x18=0x8000076b
000000304 RUNTIME_ONLY neutral retire case=00003 pc=0x80000648 opcode=lw x19=0x80000778
000000305 RUNTIME_ONLY neutral retire case=00003 pc=0x8000064c opcode=sw x20=0x8000077d
000000306 RUNTIME_ONLY neutral retire case=00003 pc=0x80000650 opcode=beq x21=0x80000762
000000307 RUNTIME_ONLY neutral retire case=00003 pc=0x80000654 opcode=csrrw x22=0x80000767
000000308 RUNTIME_ONLY neutral retire case=00003 pc=0x80000658 opcode=xor x23=0x8000076c
000000309 RUNTIME_ONLY neutral retire case=00003 pc=0x8000065c opcode=addi x24=0x80000769
000000310 RUNTIME_ONLY neutral retire case=00003 pc=0x80000660 opcode=lw x25=0x80000756
000000311 RUNTIME_ONLY neutral retire case=00003 pc=0x80000664 opcode=sw x26=0x80000753
000000312 RUNTIME_ONLY neutral retire case=00003 pc=0x80000668 opcode=beq x27=0x80000750
000000313 RUNTIME_ONLY neutral retire case=00003 pc=0x8000066c opcode=csrrw x28=0x80000755
000000314 RUNTIME_ONLY neutral retire case=00003 pc=0x80000670 opcode=xor x29=0x8000074a
000000315 RUNTIME_ONLY neutral retire case=00003 pc=0x80000674 opcode=addi x30=0x8000074f
000000316 RUNTIME_ONLY neutral retire case=00003 pc=0x80000678 opcode=lw x31=0x80000744
000000317 RUNTIME_ONLY neutral retire case=00003 pc=0x8000067c opcode=sw x0=0x80000741
000000318 RUNTIME_ONLY neutral retire case=00003 pc=0x80000680 opcode=beq x1=0x800007be
000000319 RUNTIME_ONLY neutral retire case=00003 pc=0x80000684 opcode=csrrw x2=0x800007bb
000000320 RUNTIME_ONLY neutral retire case=00003 pc=0x80000688 opcode=xor x3=0x800007c8
000000321 RUNTIME_ONLY neutral retire case=00003 pc=0x8000068c opcode=addi x4=0x800007cd
000000322 RUNTIME_ONLY neutral retire case=00003 pc=0x80000690 opcode=lw x5=0x800007d2
000000323 RUNTIME_ONLY neutral retire case=00003 pc=0x80000694 opcode=sw x6=0x800007d7
000000324 RUNTIME_ONLY neutral retire case=00003 pc=0x80000698 opcode=beq x7=0x800007dc
000000325 RUNTIME_ONLY neutral retire case=00003 pc=0x8000069c opcode=csrrw x8=0x800007d9
000000326 RUNTIME_ONLY neutral retire case=00003 pc=0x800006a0 opcode=xor x9=0x800007e6
000000327 RUNTIME_ONLY neutral retire case=00003 pc=0x800006a4 opcode=addi x10=0x800007e3
000000328 RUNTIME_ONLY neutral retire case=00003 pc=0x800006a8 opcode=lw x11=0x800007e0
000000329 RUNTIME_ONLY neutral retire case=00003 pc=0x800006ac opcode=sw x12=0x800007e5
000000330 RUNTIME_ONLY neutral retire case=00003 pc=0x800006b0 opcode=beq x13=0x800007fa
000000331 RUNTIME_ONLY neutral retire case=00003 pc=0x800006b4 opcode=csrrw x14=0x800007ff
000000332 RUNTIME_ONLY neutral retire case=00003 pc=0x800006b8 opcode=xor x15=0x800007f4
000000333 RUNTIME_ONLY neutral retire case=00003 pc=0x800006bc opcode=addi x16=0x800007f1
000000334 RUNTIME_ONLY neutral retire case=00003 pc=0x800006c0 opcode=lw x17=0x8000078e
000000335 RUNTIME_ONLY neutral retire case=00003 pc=0x800006c4 opcode=sw x18=0x8000078b
000000336 RUNTIME_ONLY neutral retire case=00003 pc=0x800006c8 opcode=beq x19=0x80000798
000000337 RUNTIME_ONLY neutral retire case=00003 pc=0x800006cc opcode=csrrw x20=0x8000079d
000000338 RUNTIME_ONLY neutral retire case=00003 pc=0x800006d0 opcode=xor x21=0x80000782
000000339 RUNTIME_ONLY neutral retire case=00003 pc=0x800006d4 opcode=addi x22=0x80000787
000000340 RUNTIME_ONLY neutral retire case=00003 pc=0x800006d8 opcode=lw x23=0x8000078c
000000341 RUNTIME_ONLY neutral retire case=00003 pc=0x800006dc opcode=sw x24=0x80000789
000000342 RUNTIME_ONLY neutral retire case=00003 pc=0x800006e0 opcode=beq x25=0x800007b6
000000343 RUNTIME_ONLY neutral retire case=00003 pc=0x800006e4 opcode=csrrw x26=0x800007b3
000000344 RUNTIME_ONLY neutral retire case=00003 pc=0x800006e8 opcode=xor x27=0x800007b0
000000345 RUNTIME_ONLY neutral retire case=00003 pc=0x800006ec opcode=addi x28=0x800007b5
000000346 RUNTIME_ONLY neutral retire case=00003 pc=0x800006f0 opcode=lw x29=0x800007aa
000000347 RUNTIME_ONLY neutral retire case=00003 pc=0x800006f4 opcode=sw x30=0x800007af
000000348 RUNTIME_ONLY neutral retire case=00003 pc=0x800006f8 opcode=beq x31=0x800007a4
000000349 RUNTIME_ONLY neutral retire case=00003 pc=0x800006fc opcode=csrrw x0=0x800007a1
000000350 RUNTIME_ONLY neutral retire case=00003 pc=0x80000700 opcode=xor x1=0x8000065e
000000351 RUNTIME_ONLY neutral retire case=00003 pc=0x80000704 opcode=addi x2=0x8000065b
000000352 RUNTIME_ONLY neutral retire case=00003 pc=0x80000708 opcode=lw x3=0x80000668
000000353 RUNTIME_ONLY neutral retire case=00003 pc=0x8000070c opcode=sw x4=0x8000066d
000000354 RUNTIME_ONLY neutral retire case=00003 pc=0x80000710 opcode=beq x5=0x80000672
000000355 RUNTIME_ONLY neutral retire case=00003 pc=0x80000714 opcode=csrrw x6=0x80000677
000000356 RUNTIME_ONLY neutral retire case=00003 pc=0x80000718 opcode=xor x7=0x8000067c
000000357 RUNTIME_ONLY neutral retire case=00003 pc=0x8000071c opcode=addi x8=0x80000679
000000358 RUNTIME_ONLY neutral retire case=00003 pc=0x80000720 opcode=lw x9=0x80000646
000000359 RUNTIME_ONLY neutral retire case=00003 pc=0x80000724 opcode=sw x10=0x80000643
000000360 RUNTIME_ONLY neutral retire case=00003 pc=0x80000728 opcode=beq x11=0x80000640
000000361 RUNTIME_ONLY neutral retire case=00003 pc=0x8000072c opcode=csrrw x12=0x80000645
000000362 RUNTIME_ONLY neutral retire case=00003 pc=0x80000730 opcode=xor x13=0x8000065a
000000363 RUNTIME_ONLY neutral retire case=00003 pc=0x80000734 opcode=addi x14=0x8000065f
000000364 RUNTIME_ONLY neutral retire case=00003 pc=0x80000738 opcode=lw x15=0x80000654
000000365 RUNTIME_ONLY neutral retire case=00003 pc=0x8000073c opcode=sw x16=0x80000651
000000366 RUNTIME_ONLY neutral retire case=00003 pc=0x80000740 opcode=beq x17=0x8000062e
000000367 RUNTIME_ONLY neutral retire case=00003 pc=0x80000744 opcode=csrrw x18=0x8000062b
000000368 RUNTIME_ONLY neutral retire case=00003 pc=0x80000748 opcode=xor x19=0x80000638
000000369 RUNTIME_ONLY neutral retire case=00003 pc=0x8000074c opcode=addi x20=0x8000063d
000000370 RUNTIME_ONLY neutral retire case=00003 pc=0x80000750 opcode=lw x21=0x80000622
000000371 RUNTIME_ONLY neutral retire case=00003 pc=0x80000754 opcode=sw x22=0x80000627
000000372 RUNTIME_ONLY neutral retire case=00003 pc=0x80000758 opcode=beq x23=0x8000062c
000000373 RUNTIME_ONLY neutral retire case=00003 pc=0x8000075c opcode=csrrw x24=0x80000629
000000374 RUNTIME_ONLY neutral retire case=00003 pc=0x80000760 opcode=xor x25=0x80000616
000000375 RUNTIME_ONLY neutral retire case=00003 pc=0x80000764 opcode=addi x26=0x80000613
000000376 RUNTIME_ONLY neutral retire case=00003 pc=0x80000768 opcode=lw x27=0x80000610
000000377 RUNTIME_ONLY neutral retire case=00003 pc=0x8000076c opcode=sw x28=0x80000615
000000378 RUNTIME_ONLY neutral retire case=00003 pc=0x80000770 opcode=beq x29=0x8000060a
000000379 RUNTIME_ONLY neutral retire case=00003 pc=0x80000774 opcode=csrrw x30=0x8000060f
000000380 RUNTIME_ONLY neutral retire case=00003 pc=0x80000778 opcode=xor x31=0x80000604
000000381 RUNTIME_ONLY neutral retire case=00003 pc=0x8000077c opcode=addi x0=0x80000601
000000382 RUNTIME_ONLY neutral retire case=00003 pc=0x80000780 opcode=lw x1=0x800006fe
000000383 RUNTIME_ONLY neutral retire case=00003 pc=0x80000784 opcode=sw x2=0x800006fb
000000384 RUNTIME_ONLY neutral retire case=00003 pc=0x80000788 opcode=beq x3=0x80000608
000000385 RUNTIME_ONLY neutral retire case=00003 pc=0x8000078c opcode=csrrw x4=0x8000060d
000000386 RUNTIME_ONLY neutral retire case=00003 pc=0x80000790 opcode=xor x5=0x80000612
000000387 RUNTIME_ONLY neutral retire case=00003 pc=0x80000794 opcode=addi x6=0x80000617
000000388 RUNTIME_ONLY neutral retire case=00003 pc=0x80000798 opcode=lw x7=0x8000061c
000000389 RUNTIME_ONLY neutral retire case=00003 pc=0x8000079c opcode=sw x8=0x80000619
000000390 RUNTIME_ONLY neutral retire case=00003 pc=0x800007a0 opcode=beq x9=0x80000626
000000391 RUNTIME_ONLY neutral retire case=00003 pc=0x800007a4 opcode=csrrw x10=0x80000623
000000392 RUNTIME_ONLY neutral retire case=00003 pc=0x800007a8 opcode=xor x11=0x80000620
000000393 RUNTIME_ONLY neutral retire case=00003 pc=0x800007ac opcode=addi x12=0x80000625
000000394 RUNTIME_ONLY neutral retire case=00003 pc=0x800007b0 opcode=lw x13=0x8000063a
000000395 RUNTIME_ONLY neutral retire case=00003 pc=0x800007b4 opcode=sw x14=0x8000063f
000000396 RUNTIME_ONLY neutral retire case=00003 pc=0x800007b8 opcode=beq x15=0x80000634
000000397 RUNTIME_ONLY neutral retire case=00003 pc=0x800007bc opcode=csrrw x16=0x80000631
000000398 RUNTIME_ONLY neutral retire case=00003 pc=0x800007c0 opcode=xor x17=0x8000064e
000000399 RUNTIME_ONLY neutral retire case=00003 pc=0x800007c4 opcode=addi x18=0x8000064b
000000400 RUNTIME_ONLY neutral retire case=00003 pc=0x800007c8 opcode=lw x19=0x80000658
000000401 RUNTIME_ONLY neutral retire case=00003 pc=0x800007cc opcode=sw x20=0x8000065d
000000402 RUNTIME_ONLY neutral retire case=00003 pc=0x800007d0 opcode=beq x21=0x80000642
000000403 RUNTIME_ONLY neutral retire case=00003 pc=0x800007d4 opcode=csrrw x22=0x80000647
000000404 RUNTIME_ONLY neutral retire case=00003 pc=0x800007d8 opcode=xor x23=0x8000064c
000000405 RUNTIME_ONLY neutral retire case=00003 pc=0x800007dc opcode=addi x24=0x80000649
000000406 RUNTIME_ONLY neutral retire case=00003 pc=0x800007e0 opcode=lw x25=0x80000676
000000407 RUNTIME_ONLY neutral retire case=00003 pc=0x800007e4 opcode=sw x26=0x80000673
000000408 RUNTIME_ONLY neutral retire case=00003 pc=0x800007e8 opcode=beq x27=0x80000670
000000409 RUNTIME_ONLY neutral retire case=00003 pc=0x800007ec opcode=csrrw x28=0x80000675
000000410 RUNTIME_ONLY neutral retire case=00003 pc=0x800007f0 opcode=xor x29=0x8000066a
000000411 RUNTIME_ONLY neutral retire case=00003 pc=0x800007f4 opcode=addi x30=0x8000066f
000000412 RUNTIME_ONLY neutral retire case=00003 pc=0x800007f8 opcode=lw x31=0x80000664
000000413 RUNTIME_ONLY neutral retire case=00003 pc=0x800007fc opcode=sw x0=0x80000661
000000414 RUNTIME_ONLY neutral retire case=00003 pc=0x80000800 opcode=beq x1=0x8000099e
000000415 RUNTIME_ONLY neutral retire case=00003 pc=0x80000804 opcode=csrrw x2=0x8000099b
000000416 RUNTIME_ONLY neutral retire case=00003 pc=0x80000808 opcode=xor x3=0x800009a8
000000417 RUNTIME_ONLY neutral retire case=00003 pc=0x8000080c opcode=addi x4=0x800009ad
000000418 RUNTIME_ONLY neutral retire case=00003 pc=0x80000810 opcode=lw x5=0x800009b2
000000419 RUNTIME_ONLY neutral retire case=00003 pc=0x80000814 opcode=sw x6=0x800009b7
000000420 RUNTIME_ONLY neutral retire case=00003 pc=0x80000818 opcode=beq x7=0x800009bc
000000421 RUNTIME_ONLY neutral retire case=00003 pc=0x8000081c opcode=csrrw x8=0x800009b9
000000422 RUNTIME_ONLY neutral retire case=00003 pc=0x80000820 opcode=xor x9=0x80000986
000000423 RUNTIME_ONLY neutral retire case=00003 pc=0x80000824 opcode=addi x10=0x80000983
000000424 RUNTIME_ONLY neutral retire case=00003 pc=0x80000828 opcode=lw x11=0x80000980
000000425 RUNTIME_ONLY neutral retire case=00003 pc=0x8000082c opcode=sw x12=0x80000985
000000426 RUNTIME_ONLY neutral retire case=00003 pc=0x80000830 opcode=beq x13=0x8000099a
000000427 RUNTIME_ONLY neutral retire case=00003 pc=0x80000834 opcode=csrrw x14=0x8000099f
000000428 RUNTIME_ONLY neutral retire case=00003 pc=0x80000838 opcode=xor x15=0x80000994
000000429 RUNTIME_ONLY neutral retire case=00003 pc=0x8000083c opcode=addi x16=0x80000991
000000430 RUNTIME_ONLY neutral retire case=00003 pc=0x80000840 opcode=lw x17=0x800009ee
000000431 RUNTIME_ONLY neutral retire case=00003 pc=0x80000844 opcode=sw x18=0x800009eb
000000432 RUNTIME_ONLY neutral retire case=00003 pc=0x80000848 opcode=beq x19=0x800009f8
000000433 RUNTIME_ONLY neutral retire case=00003 pc=0x8000084c opcode=csrrw x20=0x800009fd
000000434 RUNTIME_ONLY neutral retire case=00003 pc=0x80000850 opcode=xor x21=0x800009e2
000000435 RUNTIME_ONLY neutral retire case=00003 pc=0x80000854 opcode=addi x22=0x800009e7
000000436 RUNTIME_ONLY neutral retire case=00003 pc=0x80000858 opcode=lw x23=0x800009ec
000000437 RUNTIME_ONLY neutral retire case=00003 pc=0x8000085c opcode=sw x24=0x800009e9
000000438 RUNTIME_ONLY neutral retire case=00003 pc=0x80000860 opcode=beq x25=0x800009d6
000000439 RUNTIME_ONLY neutral retire case=00003 pc=0x80000864 opcode=csrrw x26=0x800009d3
000000440 RUNTIME_ONLY neutral retire case=00003 pc=0x80000868 opcode=xor x27=0x800009d0
000000441 RUNTIME_ONLY neutral retire case=00003 pc=0x8000086c opcode=addi x28=0x800009d5
000000442 RUNTIME_ONLY neutral retire case=00003 pc=0x80000870 opcode=lw x29=0x800009ca
000000443 RUNTIME_ONLY neutral retire case=00003 pc=0x80000874 opcode=sw x30=0x800009cf
000000444 RUNTIME_ONLY neutral retire case=00003 pc=0x80000878 opcode=beq x31=0x800009c4
000000445 RUNTIME_ONLY neutral retire case=00003 pc=0x8000087c opcode=csrrw x0=0x800009c1
000000446 RUNTIME_ONLY neutral retire case=00003 pc=0x80000880 opcode=xor x1=0x8000093e
000000447 RUNTIME_ONLY neutral retire case=00003 pc=0x80000884 opcode=addi x2=0x8000093b
000000448 RUNTIME_ONLY neutral retire case=00003 pc=0x80000888 opcode=lw x3=0x80000948
000000449 RUNTIME_ONLY neutral retire case=00003 pc=0x8000088c opcode=sw x4=0x8000094d
000000450 RUNTIME_ONLY neutral retire case=00003 pc=0x80000890 opcode=beq x5=0x80000952
000000451 RUNTIME_ONLY neutral retire case=00003 pc=0x80000894 opcode=csrrw x6=0x80000957
000000452 RUNTIME_ONLY neutral retire case=00003 pc=0x80000898 opcode=xor x7=0x8000095c
000000453 RUNTIME_ONLY neutral retire case=00003 pc=0x8000089c opcode=addi x8=0x80000959
000000454 RUNTIME_ONLY neutral retire case=00003 pc=0x800008a0 opcode=lw x9=0x80000966
000000455 RUNTIME_ONLY neutral retire case=00003 pc=0x800008a4 opcode=sw x10=0x80000963
000000456 RUNTIME_ONLY neutral retire case=00003 pc=0x800008a8 opcode=beq x11=0x80000960
000000457 RUNTIME_ONLY neutral retire case=00003 pc=0x800008ac opcode=csrrw x12=0x80000965
000000458 RUNTIME_ONLY neutral retire case=00003 pc=0x800008b0 opcode=xor x13=0x8000097a
000000459 RUNTIME_ONLY neutral retire case=00003 pc=0x800008b4 opcode=addi x14=0x8000097f
000000460 RUNTIME_ONLY neutral retire case=00003 pc=0x800008b8 opcode=lw x15=0x80000974
000000461 RUNTIME_ONLY neutral retire case=00003 pc=0x800008bc opcode=sw x16=0x80000971
000000462 RUNTIME_ONLY neutral retire case=00003 pc=0x800008c0 opcode=beq x17=0x8000090e
000000463 RUNTIME_ONLY neutral retire case=00003 pc=0x800008c4 opcode=csrrw x18=0x8000090b
000000464 RUNTIME_ONLY neutral retire case=00003 pc=0x800008c8 opcode=xor x19=0x80000918
000000465 RUNTIME_ONLY neutral retire case=00003 pc=0x800008cc opcode=addi x20=0x8000091d
000000466 RUNTIME_ONLY neutral retire case=00003 pc=0x800008d0 opcode=lw x21=0x80000902
000000467 RUNTIME_ONLY neutral retire case=00003 pc=0x800008d4 opcode=sw x22=0x80000907
000000468 RUNTIME_ONLY neutral retire case=00003 pc=0x800008d8 opcode=beq x23=0x8000090c
000000469 RUNTIME_ONLY neutral retire case=00003 pc=0x800008dc opcode=csrrw x24=0x80000909
000000470 RUNTIME_ONLY neutral retire case=00003 pc=0x800008e0 opcode=xor x25=0x80000936
000000471 RUNTIME_ONLY neutral retire case=00003 pc=0x800008e4 opcode=addi x26=0x80000933
000000472 RUNTIME_ONLY neutral retire case=00003 pc=0x800008e8 opcode=lw x27=0x80000930
000000473 RUNTIME_ONLY neutral retire case=00003 pc=0x800008ec opcode=sw x28=0x80000935
000000474 RUNTIME_ONLY neutral retire case=00003 pc=0x800008f0 opcode=beq x29=0x8000092a
000000475 RUNTIME_ONLY neutral retire case=00003 pc=0x800008f4 opcode=csrrw x30=0x8000092f
000000476 RUNTIME_ONLY neutral retire case=00003 pc=0x800008f8 opcode=xor x31=0x80000924
000000477 RUNTIME_ONLY neutral retire case=00003 pc=0x800008fc opcode=addi x0=0x80000921
000000478 RUNTIME_ONLY neutral retire case=00003 pc=0x80000900 opcode=lw x1=0x800008de
000000479 RUNTIME_ONLY neutral retire case=00003 pc=0x80000904 opcode=sw x2=0x800008db
000000480 RUNTIME_ONLY neutral retire case=00003 pc=0x80000908 opcode=beq x3=0x800008e8
000000481 RUNTIME_ONLY neutral retire case=00003 pc=0x8000090c opcode=csrrw x4=0x800008ed
000000482 RUNTIME_ONLY neutral retire case=00003 pc=0x80000910 opcode=xor x5=0x800008f2
000000483 RUNTIME_ONLY neutral retire case=00003 pc=0x80000914 opcode=addi x6=0x800008f7
000000484 RUNTIME_ONLY neutral retire case=00003 pc=0x80000918 opcode=lw x7=0x800008fc
000000485 RUNTIME_ONLY neutral retire case=00003 pc=0x8000091c opcode=sw x8=0x800008f9
000000486 RUNTIME_ONLY neutral retire case=00003 pc=0x80000920 opcode=beq x9=0x800008c6
000000487 RUNTIME_ONLY neutral retire case=00003 pc=0x80000924 opcode=csrrw x10=0x800008c3
000000488 RUNTIME_ONLY neutral retire case=00003 pc=0x80000928 opcode=xor x11=0x800008c0
000000489 RUNTIME_ONLY neutral retire case=00003 pc=0x8000092c opcode=addi x12=0x800008c5
000000490 RUNTIME_ONLY neutral retire case=00003 pc=0x80000930 opcode=lw x13=0x800008da
000000491 RUNTIME_ONLY neutral retire case=00003 pc=0x80000934 opcode=sw x14=0x800008df
000000492 RUNTIME_ONLY neutral retire case=00003 pc=0x80000938 opcode=beq x15=0x800008d4
000000493 RUNTIME_ONLY neutral retire case=00003 pc=0x8000093c opcode=csrrw x16=0x800008d1
000000494 RUNTIME_ONLY neutral retire case=00003 pc=0x80000940 opcode=xor x17=0x800008ae
000000495 RUNTIME_ONLY neutral retire case=00003 pc=0x80000944 opcode=addi x18=0x800008ab
000000496 RUNTIME_ONLY neutral retire case=00003 pc=0x80000948 opcode=lw x19=0x800008b8
000000497 RUNTIME_ONLY neutral retire case=00003 pc=0x8000094c opcode=sw x20=0x800008bd
000000498 RUNTIME_ONLY neutral retire case=00003 pc=0x80000950 opcode=beq x21=0x800008a2
000000499 RUNTIME_ONLY neutral retire case=00003 pc=0x80000954 opcode=csrrw x22=0x800008a7
000000500 RUNTIME_ONLY neutral retire case=00003 pc=0x80000958 opcode=xor x23=0x800008ac
000000501 RUNTIME_ONLY neutral retire case=00003 pc=0x8000095c opcode=addi x24=0x800008a9
000000502 RUNTIME_ONLY neutral retire case=00003 pc=0x80000960 opcode=lw x25=0x80000896
000000503 RUNTIME_ONLY neutral retire case=00003 pc=0x80000964 opcode=sw x26=0x80000893
000000504 RUNTIME_ONLY neutral retire case=00003 pc=0x80000968 opcode=beq x27=0x80000890
000000505 RUNTIME_ONLY neutral retire case=00003 pc=0x8000096c opcode=csrrw x28=0x80000895
000000506 RUNTIME_ONLY neutral retire case=00003 pc=0x80000970 opcode=xor x29=0x8000088a
000000507 RUNTIME_ONLY neutral retire case=00003 pc=0x80000974 opcode=addi x30=0x8000088f
000000508 RUNTIME_ONLY neutral retire case=00003 pc=0x80000978 opcode=lw x31=0x80000884
000000509 RUNTIME_ONLY neutral retire case=00003 pc=0x8000097c opcode=sw x0=0x80000881
000000510 RUNTIME_ONLY neutral retire case=00003 pc=0x80000980 opcode=beq x1=0x8000087e
000000511 RUNTIME_ONLY neutral retire case=00003 pc=0x80000984 opcode=csrrw x2=0x8000087b
000000512 RUNTIME_ONLY neutral retire case=00003 pc=0x80000988 opcode=xor x3=0x80000b88
000000513 RUNTIME_ONLY neutral retire case=00003 pc=0x8000098c opcode=addi x4=0x80000b8d
000000514 RUNTIME_ONLY neutral retire case=00003 pc=0x80000990 opcode=lw x5=0x80000b92
000000515 RUNTIME_ONLY neutral retire case=00003 pc=0x80000994 opcode=sw x6=0x80000b97
000000516 RUNTIME_ONLY neutral retire case=00003 pc=0x80000998 opcode=beq x7=0x80000b9c
000000517 RUNTIME_ONLY neutral retire case=00003 pc=0x8000099c opcode=csrrw x8=0x80000b99
000000518 RUNTIME_ONLY neutral retire case=00003 pc=0x800009a0 opcode=xor x9=0x80000ba6
000000519 RUNTIME_ONLY neutral retire case=00003 pc=0x800009a4 opcode=addi x10=0x80000ba3
000000520 RUNTIME_ONLY neutral retire case=00003 pc=0x800009a8 opcode=lw x11=0x80000ba0
000000521 RUNTIME_ONLY neutral retire case=00003 pc=0x800009ac opcode=sw x12=0x80000ba5
000000522 RUNTIME_ONLY neutral retire case=00003 pc=0x800009b0 opcode=beq x13=0x80000bba
000000523 RUNTIME_ONLY neutral retire case=00003 pc=0x800009b4 opcode=csrrw x14=0x80000bbf
000000524 RUNTIME_ONLY neutral retire case=00003 pc=0x800009b8 opcode=xor x15=0x80000bb4
000000525 RUNTIME_ONLY neutral retire case=00003 pc=0x800009bc opcode=addi x16=0x80000bb1
000000526 RUNTIME_ONLY neutral retire case=00003 pc=0x800009c0 opcode=lw x17=0x80000bce
000000527 RUNTIME_ONLY neutral retire case=00003 pc=0x800009c4 opcode=sw x18=0x80000bcb
000000528 RUNTIME_ONLY neutral retire case=00003 pc=0x800009c8 opcode=beq x19=0x80000bd8
000000529 RUNTIME_ONLY neutral retire case=00003 pc=0x800009cc opcode=csrrw x20=0x80000bdd
000000530 RUNTIME_ONLY neutral retire case=00003 pc=0x800009d0 opcode=xor x21=0x80000bc2
000000531 RUNTIME_ONLY neutral retire case=00003 pc=0x800009d4 opcode=addi x22=0x80000bc7
000000532 RUNTIME_ONLY neutral retire case=00003 pc=0x800009d8 opcode=lw x23=0x80000bcc
000000533 RUNTIME_ONLY neutral retire case=00003 pc=0x800009dc opcode=sw x24=0x80000bc9
000000534 RUNTIME_ONLY neutral retire case=00003 pc=0x800009e0 opcode=beq x25=0x80000bf6
000000535 RUNTIME_ONLY neutral retire case=00003 pc=0x800009e4 opcode=csrrw x26=0x80000bf3
000000536 RUNTIME_ONLY neutral retire case=00003 pc=0x800009e8 opcode=xor x27=0x80000bf0
000000537 RUNTIME_ONLY neutral retire case=00003 pc=0x800009ec opcode=addi x28=0x80000bf5
000000538 RUNTIME_ONLY neutral retire case=00003 pc=0x800009f0 opcode=lw x29=0x80000bea
000000539 RUNTIME_ONLY neutral retire case=00003 pc=0x800009f4 opcode=sw x30=0x80000bef
000000540 RUNTIME_ONLY neutral retire case=00003 pc=0x800009f8 opcode=beq x31=0x80000be4
000000541 RUNTIME_ONLY neutral retire case=00003 pc=0x800009fc opcode=csrrw x0=0x80000be1
000000542 RUNTIME_ONLY neutral retire case=00003 pc=0x80000a00 opcode=xor x1=0x8000081e
000000543 RUNTIME_ONLY neutral retire case=00003 pc=0x80000a04 opcode=addi x2=0x8000081b
000000544 RUNTIME_ONLY neutral retire case=00003 pc=0x80000a08 opcode=lw x3=0x80000828
000000545 RUNTIME_ONLY neutral retire case=00003 pc=0x80000a0c opcode=sw x4=0x8000082d
000000546 RUNTIME_ONLY neutral retire case=00003 pc=0x80000a10 opcode=beq x5=0x80000832
000000547 RUNTIME_ONLY neutral retire case=00003 pc=0x80000a14 opcode=csrrw x6=0x80000837
000000548 RUNTIME_ONLY neutral retire case=00003 pc=0x80000a18 opcode=xor x7=0x8000083c
000000549 RUNTIME_ONLY neutral retire case=00003 pc=0x80000a1c opcode=addi x8=0x80000839
000000550 RUNTIME_ONLY neutral retire case=00003 pc=0x80000a20 opcode=lw x9=0x80000806
000000551 RUNTIME_ONLY neutral retire case=00003 pc=0x80000a24 opcode=sw x10=0x80000803
000000552 RUNTIME_ONLY neutral retire case=00003 pc=0x80000a28 opcode=beq x11=0x80000800
000000553 RUNTIME_ONLY neutral retire case=00003 pc=0x80000a2c opcode=csrrw x12=0x80000805
000000554 RUNTIME_ONLY neutral retire case=00003 pc=0x80000a30 opcode=xor x13=0x8000081a
000000555 RUNTIME_ONLY neutral retire case=00003 pc=0x80000a34 opcode=addi x14=0x8000081f
000000556 RUNTIME_ONLY neutral retire case=00003 pc=0x80000a38 opcode=lw x15=0x80000814
000000557 RUNTIME_ONLY neutral retire case=00003 pc=0x80000a3c opcode=sw x16=0x80000811
000000558 RUNTIME_ONLY neutral retire case=00003 pc=0x80000a40 opcode=beq x17=0x8000086e
000000559 RUNTIME_ONLY neutral retire case=00003 pc=0x80000a44 opcode=csrrw x18=0x8000086b
000000560 RUNTIME_ONLY neutral retire case=00003 pc=0x80000a48 opcode=xor x19=0x80000878
000000561 RUNTIME_ONLY neutral retire case=00003 pc=0x80000a4c opcode=addi x20=0x8000087d
000000562 RUNTIME_ONLY neutral retire case=00003 pc=0x80000a50 opcode=lw x21=0x80000862
000000563 RUNTIME_ONLY neutral retire case=00003 pc=0x80000a54 opcode=sw x22=0x80000867
000000564 RUNTIME_ONLY neutral retire case=00003 pc=0x80000a58 opcode=beq x23=0x8000086c
000000565 RUNTIME_ONLY neutral retire case=00003 pc=0x80000a5c opcode=csrrw x24=0x80000869
000000566 RUNTIME_ONLY neutral retire case=00003 pc=0x80000a60 opcode=xor x25=0x80000856
000000567 RUNTIME_ONLY neutral retire case=00003 pc=0x80000a64 opcode=addi x26=0x80000853
000000568 RUNTIME_ONLY neutral retire case=00003 pc=0x80000a68 opcode=lw x27=0x80000850
000000569 RUNTIME_ONLY neutral retire case=00003 pc=0x80000a6c opcode=sw x28=0x80000855
000000570 RUNTIME_ONLY neutral retire case=00003 pc=0x80000a70 opcode=beq x29=0x8000084a
000000571 RUNTIME_ONLY neutral retire case=00003 pc=0x80000a74 opcode=csrrw x30=0x8000084f
000000572 RUNTIME_ONLY neutral retire case=00003 pc=0x80000a78 opcode=xor x31=0x80000844
000000573 RUNTIME_ONLY neutral retire case=00003 pc=0x80000a7c opcode=addi x0=0x80000841
000000574 RUNTIME_ONLY neutral retire case=00003 pc=0x80000a80 opcode=lw x1=0x800008be
000000575 RUNTIME_ONLY neutral retire case=00003 pc=0x80000a84 opcode=sw x2=0x800008bb
000000576 RUNTIME_ONLY neutral retire case=00003 pc=0x80000a88 opcode=beq x3=0x800008c8
000000577 RUNTIME_ONLY neutral retire case=00003 pc=0x80000a8c opcode=csrrw x4=0x800008cd
000000578 RUNTIME_ONLY neutral retire case=00003 pc=0x80000a90 opcode=xor x5=0x800008d2
000000579 RUNTIME_ONLY neutral retire case=00003 pc=0x80000a94 opcode=addi x6=0x800008d7
000000580 RUNTIME_ONLY neutral retire case=00003 pc=0x80000a98 opcode=lw x7=0x800008dc
000000581 RUNTIME_ONLY neutral retire case=00003 pc=0x80000a9c opcode=sw x8=0x800008d9
000000582 RUNTIME_ONLY neutral retire case=00003 pc=0x80000aa0 opcode=beq x9=0x800008e6
000000583 RUNTIME_ONLY neutral retire case=00003 pc=0x80000aa4 opcode=csrrw x10=0x800008e3
000000584 RUNTIME_ONLY neutral retire case=00003 pc=0x80000aa8 opcode=xor x11=0x800008e0
000000585 RUNTIME_ONLY neutral retire case=00003 pc=0x80000aac opcode=addi x12=0x800008e5
000000586 RUNTIME_ONLY neutral retire case=00003 pc=0x80000ab0 opcode=lw x13=0x800008fa
000000587 RUNTIME_ONLY neutral retire case=00003 pc=0x80000ab4 opcode=sw x14=0x800008ff
000000588 RUNTIME_ONLY neutral retire case=00003 pc=0x80000ab8 opcode=beq x15=0x800008f4
000000589 RUNTIME_ONLY neutral retire case=00003 pc=0x80000abc opcode=csrrw x16=0x800008f1
000000590 RUNTIME_ONLY neutral retire case=00003 pc=0x80000ac0 opcode=xor x17=0x8000088e
000000591 RUNTIME_ONLY neutral retire case=00003 pc=0x80000ac4 opcode=addi x18=0x8000088b
000000592 RUNTIME_ONLY neutral retire case=00003 pc=0x80000ac8 opcode=lw x19=0x80000898
000000593 RUNTIME_ONLY neutral retire case=00003 pc=0x80000acc opcode=sw x20=0x8000089d
000000594 RUNTIME_ONLY neutral retire case=00003 pc=0x80000ad0 opcode=beq x21=0x80000882
000000595 RUNTIME_ONLY neutral retire case=00003 pc=0x80000ad4 opcode=csrrw x22=0x80000887
000000596 RUNTIME_ONLY neutral retire case=00003 pc=0x80000ad8 opcode=xor x23=0x8000088c
000000597 RUNTIME_ONLY neutral retire case=00003 pc=0x80000adc opcode=addi x24=0x80000889
000000598 RUNTIME_ONLY neutral retire case=00003 pc=0x80000ae0 opcode=lw x25=0x800008b6
000000599 RUNTIME_ONLY neutral retire case=00003 pc=0x80000ae4 opcode=sw x26=0x800008b3
000000600 RUNTIME_ONLY neutral retire case=00003 pc=0x80000ae8 opcode=beq x27=0x800008b0
000000601 RUNTIME_ONLY neutral retire case=00003 pc=0x80000aec opcode=csrrw x28=0x800008b5
000000602 RUNTIME_ONLY neutral retire case=00003 pc=0x80000af0 opcode=xor x29=0x800008aa
000000603 RUNTIME_ONLY neutral retire case=00003 pc=0x80000af4 opcode=addi x30=0x800008af
000000604 RUNTIME_ONLY neutral retire case=00003 pc=0x80000af8 opcode=lw x31=0x800008a4
000000605 RUNTIME_ONLY neutral retire case=00003 pc=0x80000afc opcode=sw x0=0x800008a1
000000606 RUNTIME_ONLY neutral retire case=00003 pc=0x80000b00 opcode=beq x1=0x8000095e
000000607 RUNTIME_ONLY neutral retire case=00003 pc=0x80000b04 opcode=csrrw x2=0x8000095b
000000608 RUNTIME_ONLY neutral retire case=00003 pc=0x80000b08 opcode=xor x3=0x80000968
000000609 RUNTIME_ONLY neutral retire case=00003 pc=0x80000b0c opcode=addi x4=0x8000096d
000000610 RUNTIME_ONLY neutral retire case=00003 pc=0x80000b10 opcode=lw x5=0x80000972
000000611 RUNTIME_ONLY neutral retire case=00003 pc=0x80000b14 opcode=sw x6=0x80000977
000000612 RUNTIME_ONLY neutral retire case=00003 pc=0x80000b18 opcode=beq x7=0x8000097c
000000613 RUNTIME_ONLY neutral retire case=00003 pc=0x80000b1c opcode=csrrw x8=0x80000979
000000614 RUNTIME_ONLY neutral retire case=00003 pc=0x80000b20 opcode=xor x9=0x80000946
000000615 RUNTIME_ONLY neutral retire case=00003 pc=0x80000b24 opcode=addi x10=0x80000943
000000616 RUNTIME_ONLY neutral retire case=00003 pc=0x80000b28 opcode=lw x11=0x80000940
000000617 RUNTIME_ONLY neutral retire case=00003 pc=0x80000b2c opcode=sw x12=0x80000945
000000618 RUNTIME_ONLY neutral retire case=00003 pc=0x80000b30 opcode=beq x13=0x8000095a
000000619 RUNTIME_ONLY neutral retire case=00003 pc=0x80000b34 opcode=csrrw x14=0x8000095f
000000620 RUNTIME_ONLY neutral retire case=00003 pc=0x80000b38 opcode=xor x15=0x80000954
000000621 RUNTIME_ONLY neutral retire case=00003 pc=0x80000b3c opcode=addi x16=0x80000951
000000622 RUNTIME_ONLY neutral retire case=00003 pc=0x80000b40 opcode=lw x17=0x8000092e
000000623 RUNTIME_ONLY neutral retire case=00003 pc=0x80000b44 opcode=sw x18=0x8000092b
000000624 RUNTIME_ONLY neutral retire case=00003 pc=0x80000b48 opcode=beq x19=0x80000938
000000625 RUNTIME_ONLY neutral retire case=00003 pc=0x80000b4c opcode=csrrw x20=0x8000093d
000000626 RUNTIME_ONLY neutral retire case=00003 pc=0x80000b50 opcode=xor x21=0x80000922
000000627 RUNTIME_ONLY neutral retire case=00003 pc=0x80000b54 opcode=addi x22=0x80000927
000000628 RUNTIME_ONLY neutral retire case=00003 pc=0x80000b58 opcode=lw x23=0x8000092c
000000629 RUNTIME_ONLY neutral retire case=00003 pc=0x80000b5c opcode=sw x24=0x80000929
000000630 RUNTIME_ONLY neutral retire case=00003 pc=0x80000b60 opcode=beq x25=0x80000916
000000631 RUNTIME_ONLY neutral retire case=00003 pc=0x80000b64 opcode=csrrw x26=0x80000913
000000632 RUNTIME_ONLY neutral retire case=00003 pc=0x80000b68 opcode=xor x27=0x80000910
000000633 RUNTIME_ONLY neutral retire case=00003 pc=0x80000b6c opcode=addi x28=0x80000915
000000634 RUNTIME_ONLY neutral retire case=00003 pc=0x80000b70 opcode=lw x29=0x8000090a
000000635 RUNTIME_ONLY neutral retire case=00003 pc=0x80000b74 opcode=sw x30=0x8000090f
000000636 RUNTIME_ONLY neutral retire case=00003 pc=0x80000b78 opcode=beq x31=0x80000904
000000637 RUNTIME_ONLY neutral retire case=00003 pc=0x80000b7c opcode=csrrw x0=0x80000901
000000638 RUNTIME_ONLY neutral retire case=00003 pc=0x80000b80 opcode=xor x1=0x800009fe
000000639 RUNTIME_ONLY neutral retire case=00003 pc=0x80000b84 opcode=addi x2=0x800009fb
000000640 RUNTIME_ONLY neutral retire case=00003 pc=0x80000b88 opcode=lw x3=0x80000908
000000641 RUNTIME_ONLY neutral retire case=00003 pc=0x80000b8c opcode=sw x4=0x8000090d
000000642 RUNTIME_ONLY neutral retire case=00003 pc=0x80000b90 opcode=beq x5=0x80000912
000000643 RUNTIME_ONLY neutral retire case=00003 pc=0x80000b94 opcode=csrrw x6=0x80000917
000000644 RUNTIME_ONLY neutral retire case=00003 pc=0x80000b98 opcode=xor x7=0x8000091c
000000645 RUNTIME_ONLY neutral retire case=00003 pc=0x80000b9c opcode=addi x8=0x80000919
000000646 RUNTIME_ONLY neutral retire case=00003 pc=0x80000ba0 opcode=lw x9=0x80000926
000000647 RUNTIME_ONLY neutral retire case=00003 pc=0x80000ba4 opcode=sw x10=0x80000923
000000648 RUNTIME_ONLY neutral retire case=00003 pc=0x80000ba8 opcode=beq x11=0x80000920
000000649 RUNTIME_ONLY neutral retire case=00003 pc=0x80000bac opcode=csrrw x12=0x80000925
000000650 RUNTIME_ONLY neutral retire case=00003 pc=0x80000bb0 opcode=xor x13=0x8000093a
000000651 RUNTIME_ONLY neutral retire case=00003 pc=0x80000bb4 opcode=addi x14=0x8000093f
000000652 RUNTIME_ONLY neutral retire case=00003 pc=0x80000bb8 opcode=lw x15=0x80000934
000000653 RUNTIME_ONLY neutral retire case=00003 pc=0x80000bbc opcode=sw x16=0x80000931
000000654 RUNTIME_ONLY neutral retire case=00003 pc=0x80000bc0 opcode=beq x17=0x8000094e
000000655 RUNTIME_ONLY neutral retire case=00003 pc=0x80000bc4 opcode=csrrw x18=0x8000094b
000000656 RUNTIME_ONLY neutral retire case=00003 pc=0x80000bc8 opcode=xor x19=0x80000958
000000657 RUNTIME_ONLY neutral retire case=00003 pc=0x80000bcc opcode=addi x20=0x8000095d
000000658 RUNTIME_ONLY neutral retire case=00003 pc=0x80000bd0 opcode=lw x21=0x80000942
000000659 RUNTIME_ONLY neutral retire case=00003 pc=0x80000bd4 opcode=sw x22=0x80000947
000000660 RUNTIME_ONLY neutral retire case=00003 pc=0x80000bd8 opcode=beq x23=0x8000094c
000000661 RUNTIME_ONLY neutral retire case=00003 pc=0x80000bdc opcode=csrrw x24=0x80000949
000000662 RUNTIME_ONLY neutral retire case=00003 pc=0x80000be0 opcode=xor x25=0x80000976
000000663 RUNTIME_ONLY neutral retire case=00003 pc=0x80000be4 opcode=addi x26=0x80000973
000000664 RUNTIME_ONLY neutral retire case=00003 pc=0x80000be8 opcode=lw x27=0x80000970
000000665 RUNTIME_ONLY neutral retire case=00003 pc=0x80000bec opcode=sw x28=0x80000975
000000666 RUNTIME_ONLY neutral retire case=00003 pc=0x80000bf0 opcode=beq x29=0x8000096a
000000667 RUNTIME_ONLY neutral retire case=00003 pc=0x80000bf4 opcode=csrrw x30=0x8000096f
000000668 RUNTIME_ONLY neutral retire case=00003 pc=0x80000bf8 opcode=xor x31=0x80000964
000000669 RUNTIME_ONLY neutral retire case=00003 pc=0x80000bfc opcode=addi x0=0x80000961
000000670 RUNTIME_ONLY neutral retire case=00003 pc=0x80000c00 opcode=lw x1=0x80000e9e
000000671 RUNTIME_ONLY neutral retire case=00003 pc=0x80000c04 opcode=sw x2=0x80000e9b
000000672 RUNTIME_ONLY neutral retire case=00003 pc=0x80000c08 opcode=beq x3=0x80000ea8
000000673 RUNTIME_ONLY neutral retire case=00003 pc=0x80000c0c opcode=csrrw x4=0x80000ead
000000674 RUNTIME_ONLY neutral retire case=00003 pc=0x80000c10 opcode=xor x5=0x80000eb2
000000675 RUNTIME_ONLY neutral retire case=00003 pc=0x80000c14 opcode=addi x6=0x80000eb7
000000676 RUNTIME_ONLY neutral retire case=00003 pc=0x80000c18 opcode=lw x7=0x80000ebc
000000677 RUNTIME_ONLY neutral retire case=00003 pc=0x80000c1c opcode=sw x8=0x80000eb9
000000678 RUNTIME_ONLY neutral retire case=00003 pc=0x80000c20 opcode=beq x9=0x80000e86
000000679 RUNTIME_ONLY neutral retire case=00003 pc=0x80000c24 opcode=csrrw x10=0x80000e83
000000680 RUNTIME_ONLY neutral retire case=00003 pc=0x80000c28 opcode=xor x11=0x80000e80
000000681 RUNTIME_ONLY neutral retire case=00003 pc=0x80000c2c opcode=addi x12=0x80000e85
000000682 RUNTIME_ONLY neutral retire case=00003 pc=0x80000c30 opcode=lw x13=0x80000e9a
000000683 RUNTIME_ONLY neutral retire case=00003 pc=0x80000c34 opcode=sw x14=0x80000e9f
000000684 RUNTIME_ONLY neutral retire case=00003 pc=0x80000c38 opcode=beq x15=0x80000e94
000000685 RUNTIME_ONLY neutral retire case=00003 pc=0x80000c3c opcode=csrrw x16=0x80000e91
000000686 RUNTIME_ONLY neutral retire case=00003 pc=0x80000c40 opcode=xor x17=0x80000eee
000000687 RUNTIME_ONLY neutral retire case=00003 pc=0x80000c44 opcode=addi x18=0x80000eeb
000000688 RUNTIME_ONLY neutral retire case=00003 pc=0x80000c48 opcode=lw x19=0x80000ef8
000000689 RUNTIME_ONLY neutral retire case=00003 pc=0x80000c4c opcode=sw x20=0x80000efd
000000690 RUNTIME_ONLY neutral retire case=00003 pc=0x80000c50 opcode=beq x21=0x80000ee2
000000691 RUNTIME_ONLY neutral retire case=00003 pc=0x80000c54 opcode=csrrw x22=0x80000ee7
000000692 RUNTIME_ONLY neutral retire case=00003 pc=0x80000c58 opcode=xor x23=0x80000eec
000000693 RUNTIME_ONLY neutral retire case=00003 pc=0x80000c5c opcode=addi x24=0x80000ee9
000000694 RUNTIME_ONLY neutral retire case=00003 pc=0x80000c60 opcode=lw x25=0x80000ed6
000000695 RUNTIME_ONLY neutral retire case=00003 pc=0x80000c64 opcode=sw x26=0x80000ed3
000000696 RUNTIME_ONLY neutral retire case=00003 pc=0x80000c68 opcode=beq x27=0x80000ed0
000000697 RUNTIME_ONLY neutral retire case=00003 pc=0x80000c6c opcode=csrrw x28=0x80000ed5
000000698 RUNTIME_ONLY neutral retire case=00003 pc=0x80000c70 opcode=xor x29=0x80000eca
000000699 RUNTIME_ONLY neutral retire case=00003 pc=0x80000c74 opcode=addi x30=0x80000ecf
000000700 RUNTIME_ONLY neutral retire case=00003 pc=0x80000c78 opcode=lw x31=0x80000ec4
000000701 RUNTIME_ONLY neutral retire case=00003 pc=0x80000c7c opcode=sw x0=0x80000ec1
000000702 RUNTIME_ONLY neutral retire case=00003 pc=0x80000c80 opcode=beq x1=0x80000e3e
000000703 RUNTIME_ONLY neutral retire case=00003 pc=0x80000c84 opcode=csrrw x2=0x80000e3b
000000704 RUNTIME_ONLY neutral retire case=00003 pc=0x80000c88 opcode=xor x3=0x80000e48
000000705 RUNTIME_ONLY neutral retire case=00003 pc=0x80000c8c opcode=addi x4=0x80000e4d
000000706 RUNTIME_ONLY neutral retire case=00003 pc=0x80000c90 opcode=lw x5=0x80000e52
000000707 RUNTIME_ONLY neutral retire case=00003 pc=0x80000c94 opcode=sw x6=0x80000e57
000000708 RUNTIME_ONLY neutral retire case=00003 pc=0x80000c98 opcode=beq x7=0x80000e5c
000000709 RUNTIME_ONLY neutral retire case=00003 pc=0x80000c9c opcode=csrrw x8=0x80000e59
000000710 RUNTIME_ONLY neutral retire case=00003 pc=0x80000ca0 opcode=xor x9=0x80000e66
000000711 RUNTIME_ONLY neutral retire case=00003 pc=0x80000ca4 opcode=addi x10=0x80000e63
000000712 RUNTIME_ONLY neutral retire case=00003 pc=0x80000ca8 opcode=lw x11=0x80000e60
000000713 RUNTIME_ONLY neutral retire case=00003 pc=0x80000cac opcode=sw x12=0x80000e65
000000714 RUNTIME_ONLY neutral retire case=00003 pc=0x80000cb0 opcode=beq x13=0x80000e7a
000000715 RUNTIME_ONLY neutral retire case=00003 pc=0x80000cb4 opcode=csrrw x14=0x80000e7f
000000716 RUNTIME_ONLY neutral retire case=00003 pc=0x80000cb8 opcode=xor x15=0x80000e74
000000717 RUNTIME_ONLY neutral retire case=00003 pc=0x80000cbc opcode=addi x16=0x80000e71
000000718 RUNTIME_ONLY neutral retire case=00003 pc=0x80000cc0 opcode=lw x17=0x80000e0e
000000719 RUNTIME_ONLY neutral retire case=00003 pc=0x80000cc4 opcode=sw x18=0x80000e0b
000000720 RUNTIME_ONLY neutral retire case=00003 pc=0x80000cc8 opcode=beq x19=0x80000e18
000000721 RUNTIME_ONLY neutral retire case=00003 pc=0x80000ccc opcode=csrrw x20=0x80000e1d
000000722 RUNTIME_ONLY neutral retire case=00003 pc=0x80000cd0 opcode=xor x21=0x80000e02
000000723 RUNTIME_ONLY neutral retire case=00003 pc=0x80000cd4 opcode=addi x22=0x80000e07
000000724 RUNTIME_ONLY neutral retire case=00003 pc=0x80000cd8 opcode=lw x23=0x80000e0c
000000725 RUNTIME_ONLY neutral retire case=00003 pc=0x80000cdc opcode=sw x24=0x80000e09
000000726 RUNTIME_ONLY neutral retire case=00003 pc=0x80000ce0 opcode=beq x25=0x80000e36
000000727 RUNTIME_ONLY neutral retire case=00003 pc=0x80000ce4 opcode=csrrw x26=0x80000e33
000000728 RUNTIME_ONLY neutral retire case=00003 pc=0x80000ce8 opcode=xor x27=0x80000e30
000000729 RUNTIME_ONLY neutral retire case=00003 pc=0x80000cec opcode=addi x28=0x80000e35
000000730 RUNTIME_ONLY neutral retire case=00003 pc=0x80000cf0 opcode=lw x29=0x80000e2a
000000731 RUNTIME_ONLY neutral retire case=00003 pc=0x80000cf4 opcode=sw x30=0x80000e2f
000000732 RUNTIME_ONLY neutral retire case=00003 pc=0x80000cf8 opcode=beq x31=0x80000e24
000000733 RUNTIME_ONLY neutral retire case=00003 pc=0x80000cfc opcode=csrrw x0=0x80000e21
000000734 RUNTIME_ONLY neutral retire case=00003 pc=0x80000d00 opcode=xor x1=0x80000fde
000000735 RUNTIME_ONLY neutral retire case=00003 pc=0x80000d04 opcode=addi x2=0x80000fdb
000000736 RUNTIME_ONLY neutral retire case=00003 pc=0x80000d08 opcode=lw x3=0x80000fe8
000000737 RUNTIME_ONLY neutral retire case=00003 pc=0x80000d0c opcode=sw x4=0x80000fed
000000738 RUNTIME_ONLY neutral retire case=00003 pc=0x80000d10 opcode=beq x5=0x80000ff2
000000739 RUNTIME_ONLY neutral retire case=00003 pc=0x80000d14 opcode=csrrw x6=0x80000ff7
000000740 RUNTIME_ONLY neutral retire case=00003 pc=0x80000d18 opcode=xor x7=0x80000ffc
000000741 RUNTIME_ONLY neutral retire case=00003 pc=0x80000d1c opcode=addi x8=0x80000ff9
000000742 RUNTIME_ONLY neutral retire case=00003 pc=0x80000d20 opcode=lw x9=0x80000fc6
000000743 RUNTIME_ONLY neutral retire case=00003 pc=0x80000d24 opcode=sw x10=0x80000fc3
000000744 RUNTIME_ONLY neutral retire case=00003 pc=0x80000d28 opcode=beq x11=0x80000fc0
000000745 RUNTIME_ONLY neutral retire case=00003 pc=0x80000d2c opcode=csrrw x12=0x80000fc5
000000746 RUNTIME_ONLY neutral retire case=00003 pc=0x80000d30 opcode=xor x13=0x80000fda
000000747 RUNTIME_ONLY neutral retire case=00003 pc=0x80000d34 opcode=addi x14=0x80000fdf
000000748 RUNTIME_ONLY neutral retire case=00003 pc=0x80000d38 opcode=lw x15=0x80000fd4
000000749 RUNTIME_ONLY neutral retire case=00003 pc=0x80000d3c opcode=sw x16=0x80000fd1
000000750 RUNTIME_ONLY neutral retire case=00003 pc=0x80000d40 opcode=beq x17=0x80000fae
000000751 RUNTIME_ONLY neutral retire case=00003 pc=0x80000d44 opcode=csrrw x18=0x80000fab
000000752 RUNTIME_ONLY neutral retire case=00003 pc=0x80000d48 opcode=xor x19=0x80000fb8
000000753 RUNTIME_ONLY neutral retire case=00003 pc=0x80000d4c opcode=addi x20=0x80000fbd
000000754 RUNTIME_ONLY neutral retire case=00003 pc=0x80000d50 opcode=lw x21=0x80000fa2
000000755 RUNTIME_ONLY neutral retire case=00003 pc=0x80000d54 opcode=sw x22=0x80000fa7
000000756 RUNTIME_ONLY neutral retire case=00003 pc=0x80000d58 opcode=beq x23=0x80000fac
000000757 RUNTIME_ONLY neutral retire case=00003 pc=0x80000d5c opcode=csrrw x24=0x80000fa9
000000758 RUNTIME_ONLY neutral retire case=00003 pc=0x80000d60 opcode=xor x25=0x80000f96
000000759 RUNTIME_ONLY neutral retire case=00003 pc=0x80000d64 opcode=addi x26=0x80000f93
000000760 RUNTIME_ONLY neutral retire case=00003 pc=0x80000d68 opcode=lw x27=0x80000f90
000000761 RUNTIME_ONLY neutral retire case=00003 pc=0x80000d6c opcode=sw x28=0x80000f95
000000762 RUNTIME_ONLY neutral retire case=00003 pc=0x80000d70 opcode=beq x29=0x80000f8a
000000763 RUNTIME_ONLY neutral retire case=00003 pc=0x80000d74 opcode=csrrw x30=0x80000f8f
000000764 RUNTIME_ONLY neutral retire case=00003 pc=0x80000d78 opcode=xor x31=0x80000f84
000000765 RUNTIME_ONLY neutral retire case=00003 pc=0x80000d7c opcode=addi x0=0x80000f81
000000766 RUNTIME_ONLY neutral retire case=00003 pc=0x80000d80 opcode=lw x1=0x80000f7e
000000767 RUNTIME_ONLY neutral retire case=00003 pc=0x80000d84 opcode=sw x2=0x80000f7b
000000768 RUNTIME_ONLY neutral retire case=00003 pc=0x80000d88 opcode=beq x3=0x80000e88
000000769 RUNTIME_ONLY neutral retire case=00003 pc=0x80000d8c opcode=csrrw x4=0x80000e8d
000000770 RUNTIME_ONLY neutral retire case=00003 pc=0x80000d90 opcode=xor x5=0x80000e92
000000771 RUNTIME_ONLY neutral retire case=00003 pc=0x80000d94 opcode=addi x6=0x80000e97
000000772 RUNTIME_ONLY neutral retire case=00003 pc=0x80000d98 opcode=lw x7=0x80000e9c
000000773 RUNTIME_ONLY neutral retire case=00003 pc=0x80000d9c opcode=sw x8=0x80000e99
000000774 RUNTIME_ONLY neutral retire case=00003 pc=0x80000da0 opcode=beq x9=0x80000ea6
000000775 RUNTIME_ONLY neutral retire case=00003 pc=0x80000da4 opcode=csrrw x10=0x80000ea3
000000776 RUNTIME_ONLY neutral retire case=00003 pc=0x80000da8 opcode=xor x11=0x80000ea0
000000777 RUNTIME_ONLY neutral retire case=00003 pc=0x80000dac opcode=addi x12=0x80000ea5
000000778 RUNTIME_ONLY neutral retire case=00003 pc=0x80000db0 opcode=lw x13=0x80000eba
000000779 RUNTIME_ONLY neutral retire case=00003 pc=0x80000db4 opcode=sw x14=0x80000ebf
000000780 RUNTIME_ONLY neutral retire case=00003 pc=0x80000db8 opcode=beq x15=0x80000eb4
000000781 RUNTIME_ONLY neutral retire case=00003 pc=0x80000dbc opcode=csrrw x16=0x80000eb1
000000782 RUNTIME_ONLY neutral retire case=00003 pc=0x80000dc0 opcode=xor x17=0x80000ece
000000783 RUNTIME_ONLY neutral retire case=00003 pc=0x80000dc4 opcode=addi x18=0x80000ecb
000000784 RUNTIME_ONLY neutral retire case=00003 pc=0x80000dc8 opcode=lw x19=0x80000ed8
000000785 RUNTIME_ONLY neutral retire case=00003 pc=0x80000dcc opcode=sw x20=0x80000edd
000000786 RUNTIME_ONLY neutral retire case=00003 pc=0x80000dd0 opcode=beq x21=0x80000ec2
000000787 RUNTIME_ONLY neutral retire case=00003 pc=0x80000dd4 opcode=csrrw x22=0x80000ec7
000000788 RUNTIME_ONLY neutral retire case=00003 pc=0x80000dd8 opcode=xor x23=0x80000ecc
000000789 RUNTIME_ONLY neutral retire case=00003 pc=0x80000ddc opcode=addi x24=0x80000ec9
000000790 RUNTIME_ONLY neutral retire case=00003 pc=0x80000de0 opcode=lw x25=0x80000ef6
000000791 RUNTIME_ONLY neutral retire case=00003 pc=0x80000de4 opcode=sw x26=0x80000ef3
000000792 RUNTIME_ONLY neutral retire case=00003 pc=0x80000de8 opcode=beq x27=0x80000ef0
000000793 RUNTIME_ONLY neutral retire case=00003 pc=0x80000dec opcode=csrrw x28=0x80000ef5
000000794 RUNTIME_ONLY neutral retire case=00003 pc=0x80000df0 opcode=xor x29=0x80000eea
000000795 RUNTIME_ONLY neutral retire case=00003 pc=0x80000df4 opcode=addi x30=0x80000eef
000000796 RUNTIME_ONLY neutral retire case=00003 pc=0x80000df8 opcode=lw x31=0x80000ee4
000000797 RUNTIME_ONLY neutral retire case=00003 pc=0x80000dfc opcode=sw x0=0x80000ee1
000000798 RUNTIME_ONLY neutral retire case=00003 pc=0x80000e00 opcode=beq x1=0x80000d1e
000000799 RUNTIME_ONLY neutral retire case=00003 pc=0x80000e04 opcode=csrrw x2=0x80000d1b
000000800 RUNTIME_ONLY neutral retire case=00003 pc=0x80000e08 opcode=xor x3=0x80000d28
000000801 RUNTIME_ONLY neutral retire case=00003 pc=0x80000e0c opcode=addi x4=0x80000d2d
000000802 RUNTIME_ONLY neutral retire case=00003 pc=0x80000e10 opcode=lw x5=0x80000d32
000000803 RUNTIME_ONLY neutral retire case=00003 pc=0x80000e14 opcode=sw x6=0x80000d37
000000804 RUNTIME_ONLY neutral retire case=00003 pc=0x80000e18 opcode=beq x7=0x80000d3c
000000805 RUNTIME_ONLY neutral retire case=00003 pc=0x80000e1c opcode=csrrw x8=0x80000d39
000000806 RUNTIME_ONLY neutral retire case=00003 pc=0x80000e20 opcode=xor x9=0x80000d06
000000807 RUNTIME_ONLY neutral retire case=00003 pc=0x80000e24 opcode=addi x10=0x80000d03
000000808 RUNTIME_ONLY neutral retire case=00003 pc=0x80000e28 opcode=lw x11=0x80000d00
000000809 RUNTIME_ONLY neutral retire case=00003 pc=0x80000e2c opcode=sw x12=0x80000d05
000000810 RUNTIME_ONLY neutral retire case=00003 pc=0x80000e30 opcode=beq x13=0x80000d1a
000000811 RUNTIME_ONLY neutral retire case=00003 pc=0x80000e34 opcode=csrrw x14=0x80000d1f
000000812 RUNTIME_ONLY neutral retire case=00003 pc=0x80000e38 opcode=xor x15=0x80000d14
000000813 RUNTIME_ONLY neutral retire case=00003 pc=0x80000e3c opcode=addi x16=0x80000d11
000000814 RUNTIME_ONLY neutral retire case=00003 pc=0x80000e40 opcode=lw x17=0x80000d6e
000000815 RUNTIME_ONLY neutral retire case=00003 pc=0x80000e44 opcode=sw x18=0x80000d6b
000000816 RUNTIME_ONLY neutral retire case=00003 pc=0x80000e48 opcode=beq x19=0x80000d78
000000817 RUNTIME_ONLY neutral retire case=00003 pc=0x80000e4c opcode=csrrw x20=0x80000d7d
000000818 RUNTIME_ONLY neutral retire case=00003 pc=0x80000e50 opcode=xor x21=0x80000d62
000000819 RUNTIME_ONLY neutral retire case=00003 pc=0x80000e54 opcode=addi x22=0x80000d67
000000820 RUNTIME_ONLY neutral retire case=00003 pc=0x80000e58 opcode=lw x23=0x80000d6c
000000821 RUNTIME_ONLY neutral retire case=00003 pc=0x80000e5c opcode=sw x24=0x80000d69
000000822 RUNTIME_ONLY neutral retire case=00003 pc=0x80000e60 opcode=beq x25=0x80000d56
000000823 RUNTIME_ONLY neutral retire case=00003 pc=0x80000e64 opcode=csrrw x26=0x80000d53
000000824 RUNTIME_ONLY neutral retire case=00003 pc=0x80000e68 opcode=xor x27=0x80000d50
000000825 RUNTIME_ONLY neutral retire case=00003 pc=0x80000e6c opcode=addi x28=0x80000d55
000000826 RUNTIME_ONLY neutral retire case=00003 pc=0x80000e70 opcode=lw x29=0x80000d4a
000000827 RUNTIME_ONLY neutral retire case=00003 pc=0x80000e74 opcode=sw x30=0x80000d4f
000000828 RUNTIME_ONLY neutral retire case=00003 pc=0x80000e78 opcode=beq x31=0x80000d44
000000829 RUNTIME_ONLY neutral retire case=00003 pc=0x80000e7c opcode=csrrw x0=0x80000d41
000000830 RUNTIME_ONLY neutral retire case=00003 pc=0x80000e80 opcode=xor x1=0x80000dbe
000000831 RUNTIME_ONLY neutral retire case=00003 pc=0x80000e84 opcode=addi x2=0x80000dbb
000000832 RUNTIME_ONLY neutral retire case=00003 pc=0x80000e88 opcode=lw x3=0x80000dc8
000000833 RUNTIME_ONLY neutral retire case=00003 pc=0x80000e8c opcode=sw x4=0x80000dcd
000000834 RUNTIME_ONLY neutral retire case=00003 pc=0x80000e90 opcode=beq x5=0x80000dd2
000000835 RUNTIME_ONLY neutral retire case=00003 pc=0x80000e94 opcode=csrrw x6=0x80000dd7
000000836 RUNTIME_ONLY neutral retire case=00003 pc=0x80000e98 opcode=xor x7=0x80000ddc
000000837 RUNTIME_ONLY neutral retire case=00003 pc=0x80000e9c opcode=addi x8=0x80000dd9
000000838 RUNTIME_ONLY neutral retire case=00003 pc=0x80000ea0 opcode=lw x9=0x80000de6
000000839 RUNTIME_ONLY neutral retire case=00003 pc=0x80000ea4 opcode=sw x10=0x80000de3
000000840 RUNTIME_ONLY neutral retire case=00003 pc=0x80000ea8 opcode=beq x11=0x80000de0
000000841 RUNTIME_ONLY neutral retire case=00003 pc=0x80000eac opcode=csrrw x12=0x80000de5
000000842 RUNTIME_ONLY neutral retire case=00003 pc=0x80000eb0 opcode=xor x13=0x80000dfa
000000843 RUNTIME_ONLY neutral retire case=00003 pc=0x80000eb4 opcode=addi x14=0x80000dff
000000844 RUNTIME_ONLY neutral retire case=00003 pc=0x80000eb8 opcode=lw x15=0x80000df4
000000845 RUNTIME_ONLY neutral retire case=00003 pc=0x80000ebc opcode=sw x16=0x80000df1
000000846 RUNTIME_ONLY neutral retire case=00003 pc=0x80000ec0 opcode=beq x17=0x80000d8e
000000847 RUNTIME_ONLY neutral retire case=00003 pc=0x80000ec4 opcode=csrrw x18=0x80000d8b
000000848 RUNTIME_ONLY neutral retire case=00003 pc=0x80000ec8 opcode=xor x19=0x80000d98
000000849 RUNTIME_ONLY neutral retire case=00003 pc=0x80000ecc opcode=addi x20=0x80000d9d
000000850 RUNTIME_ONLY neutral retire case=00003 pc=0x80000ed0 opcode=lw x21=0x80000d82
000000851 RUNTIME_ONLY neutral retire case=00003 pc=0x80000ed4 opcode=sw x22=0x80000d87
000000852 RUNTIME_ONLY neutral retire case=00003 pc=0x80000ed8 opcode=beq x23=0x80000d8c
000000853 RUNTIME_ONLY neutral retire case=00003 pc=0x80000edc opcode=csrrw x24=0x80000d89
000000854 RUNTIME_ONLY neutral retire case=00003 pc=0x80000ee0 opcode=xor x25=0x80000db6
000000855 RUNTIME_ONLY neutral retire case=00003 pc=0x80000ee4 opcode=addi x26=0x80000db3
000000856 RUNTIME_ONLY neutral retire case=00003 pc=0x80000ee8 opcode=lw x27=0x80000db0
000000857 RUNTIME_ONLY neutral retire case=00003 pc=0x80000eec opcode=sw x28=0x80000db5
000000858 RUNTIME_ONLY neutral retire case=00003 pc=0x80000ef0 opcode=beq x29=0x80000daa
000000859 RUNTIME_ONLY neutral retire case=00003 pc=0x80000ef4 opcode=csrrw x30=0x80000daf
000000860 RUNTIME_ONLY neutral retire case=00003 pc=0x80000ef8 opcode=xor x31=0x80000da4
000000861 RUNTIME_ONLY neutral retire case=00003 pc=0x80000efc opcode=addi x0=0x80000da1
000000862 RUNTIME_ONLY neutral retire case=00003 pc=0x80000f00 opcode=lw x1=0x80000c5e
000000863 RUNTIME_ONLY neutral retire case=00003 pc=0x80000f04 opcode=sw x2=0x80000c5b
000000864 RUNTIME_ONLY neutral retire case=00003 pc=0x80000f08 opcode=beq x3=0x80000c68
000000865 RUNTIME_ONLY neutral retire case=00003 pc=0x80000f0c opcode=csrrw x4=0x80000c6d
000000866 RUNTIME_ONLY neutral retire case=00003 pc=0x80000f10 opcode=xor x5=0x80000c72
000000867 RUNTIME_ONLY neutral retire case=00003 pc=0x80000f14 opcode=addi x6=0x80000c77
000000868 RUNTIME_ONLY neutral retire case=00003 pc=0x80000f18 opcode=lw x7=0x80000c7c
000000869 RUNTIME_ONLY neutral retire case=00003 pc=0x80000f1c opcode=sw x8=0x80000c79
000000870 RUNTIME_ONLY neutral retire case=00003 pc=0x80000f20 opcode=beq x9=0x80000c46
000000871 RUNTIME_ONLY neutral retire case=00003 pc=0x80000f24 opcode=csrrw x10=0x80000c43
000000872 RUNTIME_ONLY neutral retire case=00003 pc=0x80000f28 opcode=xor x11=0x80000c40
000000873 RUNTIME_ONLY neutral retire case=00003 pc=0x80000f2c opcode=addi x12=0x80000c45
000000874 RUNTIME_ONLY neutral retire case=00003 pc=0x80000f30 opcode=lw x13=0x80000c5a
000000875 RUNTIME_ONLY neutral retire case=00003 pc=0x80000f34 opcode=sw x14=0x80000c5f
000000876 RUNTIME_ONLY neutral retire case=00003 pc=0x80000f38 opcode=beq x15=0x80000c54
000000877 RUNTIME_ONLY neutral retire case=00003 pc=0x80000f3c opcode=csrrw x16=0x80000c51
000000878 RUNTIME_ONLY neutral retire case=00003 pc=0x80000f40 opcode=xor x17=0x80000c2e
000000879 RUNTIME_ONLY neutral retire case=00003 pc=0x80000f44 opcode=addi x18=0x80000c2b
000000880 RUNTIME_ONLY neutral retire case=00003 pc=0x80000f48 opcode=lw x19=0x80000c38
000000881 RUNTIME_ONLY neutral retire case=00003 pc=0x80000f4c opcode=sw x20=0x80000c3d
000000882 RUNTIME_ONLY neutral retire case=00003 pc=0x80000f50 opcode=beq x21=0x80000c22
000000883 RUNTIME_ONLY neutral retire case=00003 pc=0x80000f54 opcode=csrrw x22=0x80000c27
000000884 RUNTIME_ONLY neutral retire case=00003 pc=0x80000f58 opcode=xor x23=0x80000c2c
000000885 RUNTIME_ONLY neutral retire case=00003 pc=0x80000f5c opcode=addi x24=0x80000c29
000000886 RUNTIME_ONLY neutral retire case=00003 pc=0x80000f60 opcode=lw x25=0x80000c16
000000887 RUNTIME_ONLY neutral retire case=00003 pc=0x80000f64 opcode=sw x26=0x80000c13
000000888 RUNTIME_ONLY neutral retire case=00003 pc=0x80000f68 opcode=beq x27=0x80000c10
000000889 RUNTIME_ONLY neutral retire case=00003 pc=0x80000f6c opcode=csrrw x28=0x80000c15
000000890 RUNTIME_ONLY neutral retire case=00003 pc=0x80000f70 opcode=xor x29=0x80000c0a
000000891 RUNTIME_ONLY neutral retire case=00003 pc=0x80000f74 opcode=addi x30=0x80000c0f
000000892 RUNTIME_ONLY neutral retire case=00003 pc=0x80000f78 opcode=lw x31=0x80000c04
000000893 RUNTIME_ONLY neutral retire case=00003 pc=0x80000f7c opcode=sw x0=0x80000c01
000000894 RUNTIME_ONLY neutral retire case=00003 pc=0x80000f80 opcode=beq x1=0x80000cfe
000000895 RUNTIME_ONLY neutral retire case=00003 pc=0x80000f84 opcode=csrrw x2=0x80000cfb
000000896 RUNTIME_ONLY neutral retire case=00003 pc=0x80000f88 opcode=xor x3=0x80000c08
000000897 RUNTIME_ONLY neutral retire case=00003 pc=0x80000f8c opcode=addi x4=0x80000c0d
000000898 RUNTIME_ONLY neutral retire case=00003 pc=0x80000f90 opcode=lw x5=0x80000c12
000000899 RUNTIME_ONLY neutral retire case=00003 pc=0x80000f94 opcode=sw x6=0x80000c17
000000900 RUNTIME_ONLY neutral retire case=00003 pc=0x80000f98 opcode=beq x7=0x80000c1c
000000901 RUNTIME_ONLY neutral retire case=00003 pc=0x80000f9c opcode=csrrw x8=0x80000c19
000000902 RUNTIME_ONLY neutral retire case=00003 pc=0x80000fa0 opcode=xor x9=0x80000c26
000000903 RUNTIME_ONLY neutral retire case=00003 pc=0x80000fa4 opcode=addi x10=0x80000c23
000000904 RUNTIME_ONLY neutral retire case=00003 pc=0x80000fa8 opcode=lw x11=0x80000c20
000000905 RUNTIME_ONLY neutral retire case=00003 pc=0x80000fac opcode=sw x12=0x80000c25
000000906 RUNTIME_ONLY neutral retire case=00003 pc=0x80000fb0 opcode=beq x13=0x80000c3a
000000907 RUNTIME_ONLY neutral retire case=00003 pc=0x80000fb4 opcode=csrrw x14=0x80000c3f
000000908 RUNTIME_ONLY neutral retire case=00003 pc=0x80000fb8 opcode=xor x15=0x80000c34
000000909 RUNTIME_ONLY neutral retire case=00003 pc=0x80000fbc opcode=addi x16=0x80000c31
000000910 RUNTIME_ONLY neutral retire case=00003 pc=0x80000fc0 opcode=lw x17=0x80000c4e
000000911 RUNTIME_ONLY neutral retire case=00003 pc=0x80000fc4 opcode=sw x18=0x80000c4b
000000912 RUNTIME_ONLY neutral retire case=00003 pc=0x80000fc8 opcode=beq x19=0x80000c58
000000913 RUNTIME_ONLY neutral retire case=00003 pc=0x80000fcc opcode=csrrw x20=0x80000c5d
000000914 RUNTIME_ONLY neutral retire case=00003 pc=0x80000fd0 opcode=xor x21=0x80000c42
000000915 RUNTIME_ONLY neutral retire case=00003 pc=0x80000fd4 opcode=addi x22=0x80000c47
000000916 RUNTIME_ONLY neutral retire case=00003 pc=0x80000fd8 opcode=lw x23=0x80000c4c
000000917 RUNTIME_ONLY neutral retire case=00003 pc=0x80000fdc opcode=sw x24=0x80000c49
000000918 RUNTIME_ONLY neutral retire case=00003 pc=0x80000fe0 opcode=beq x25=0x80000c76
000000919 RUNTIME_ONLY neutral retire case=00003 pc=0x80000fe4 opcode=csrrw x26=0x80000c73
000000920 RUNTIME_ONLY neutral retire case=00003 pc=0x80000fe8 opcode=xor x27=0x80000c70
000000921 RUNTIME_ONLY neutral retire case=00003 pc=0x80000fec opcode=addi x28=0x80000c75
000000922 RUNTIME_ONLY neutral retire case=00003 pc=0x80000ff0 opcode=lw x29=0x80000c6a
000000923 RUNTIME_ONLY neutral retire case=00003 pc=0x80000ff4 opcode=sw x30=0x80000c6f
000000924 RUNTIME_ONLY neutral retire case=00003 pc=0x80000ff8 opcode=beq x31=0x80000c64
000000925 RUNTIME_ONLY neutral retire case=00003 pc=0x80000ffc opcode=csrrw x0=0x80000c61
000000926 RUNTIME_ONLY neutral retire case=00003 pc=0x80001000 opcode=xor x1=0x8000139e
000000927 RUNTIME_ONLY neutral retire case=00003 pc=0x80001004 opcode=addi x2=0x8000139b
000000928 RUNTIME_ONLY neutral retire case=00003 pc=0x80001008 opcode=lw x3=0x800013a8
000000929 RUNTIME_ONLY neutral retire case=00003 pc=0x8000100c opcode=sw x4=0x800013ad
000000930 RUNTIME_ONLY neutral retire case=00003 pc=0x80001010 opcode=beq x5=0x800013b2
000000931 RUNTIME_ONLY neutral retire case=00003 pc=0x80001014 opcode=csrrw x6=0x800013b7
000000932 RUNTIME_ONLY neutral retire case=00003 pc=0x80001018 opcode=xor x7=0x800013bc
000000933 RUNTIME_ONLY neutral retire case=00003 pc=0x8000101c opcode=addi x8=0x800013b9
000000934 RUNTIME_ONLY neutral retire case=00003 pc=0x80001020 opcode=lw x9=0x80001386
000000935 RUNTIME_ONLY neutral retire case=00003 pc=0x80001024 opcode=sw x10=0x80001383
000000936 RUNTIME_ONLY neutral retire case=00003 pc=0x80001028 opcode=beq x11=0x80001380
000000937 RUNTIME_ONLY neutral retire case=00003 pc=0x8000102c opcode=csrrw x12=0x80001385
000000938 RUNTIME_ONLY neutral retire case=00003 pc=0x80001030 opcode=xor x13=0x8000139a
000000939 RUNTIME_ONLY neutral retire case=00003 pc=0x80001034 opcode=addi x14=0x8000139f
000000940 RUNTIME_ONLY neutral retire case=00003 pc=0x80001038 opcode=lw x15=0x80001394
000000941 RUNTIME_ONLY neutral retire case=00003 pc=0x8000103c opcode=sw x16=0x80001391
000000942 RUNTIME_ONLY neutral retire case=00003 pc=0x80001040 opcode=beq x17=0x800013ee
000000943 RUNTIME_ONLY neutral retire case=00003 pc=0x80001044 opcode=csrrw x18=0x800013eb
000000944 RUNTIME_ONLY neutral retire case=00003 pc=0x80001048 opcode=xor x19=0x800013f8
000000945 RUNTIME_ONLY neutral retire case=00003 pc=0x8000104c opcode=addi x20=0x800013fd
000000946 RUNTIME_ONLY neutral retire case=00003 pc=0x80001050 opcode=lw x21=0x800013e2
000000947 RUNTIME_ONLY neutral retire case=00003 pc=0x80001054 opcode=sw x22=0x800013e7
000000948 RUNTIME_ONLY neutral retire case=00003 pc=0x80001058 opcode=beq x23=0x800013ec
000000949 RUNTIME_ONLY neutral retire case=00003 pc=0x8000105c opcode=csrrw x24=0x800013e9
000000950 RUNTIME_ONLY neutral retire case=00003 pc=0x80001060 opcode=xor x25=0x800013d6
000000951 RUNTIME_ONLY neutral retire case=00003 pc=0x80001064 opcode=addi x26=0x800013d3
000000952 RUNTIME_ONLY neutral retire case=00003 pc=0x80001068 opcode=lw x27=0x800013d0
000000953 RUNTIME_ONLY neutral retire case=00003 pc=0x8000106c opcode=sw x28=0x800013d5
000000954 RUNTIME_ONLY neutral retire case=00003 pc=0x80001070 opcode=beq x29=0x800013ca
000000955 RUNTIME_ONLY neutral retire case=00003 pc=0x80001074 opcode=csrrw x30=0x800013cf
000000956 RUNTIME_ONLY neutral retire case=00003 pc=0x80001078 opcode=xor x31=0x800013c4
000000957 RUNTIME_ONLY neutral retire case=00003 pc=0x8000107c opcode=addi x0=0x800013c1
000000958 RUNTIME_ONLY neutral retire case=00003 pc=0x80001080 opcode=lw x1=0x8000133e
000000959 RUNTIME_ONLY neutral retire case=00003 pc=0x80001084 opcode=sw x2=0x8000133b
000000960 RUNTIME_ONLY neutral retire case=00003 pc=0x80001088 opcode=beq x3=0x80001348
000000961 RUNTIME_ONLY neutral retire case=00003 pc=0x8000108c opcode=csrrw x4=0x8000134d
000000962 RUNTIME_ONLY neutral retire case=00003 pc=0x80001090 opcode=xor x5=0x80001352
000000963 RUNTIME_ONLY neutral retire case=00003 pc=0x80001094 opcode=addi x6=0x80001357
000000964 RUNTIME_ONLY neutral retire case=00003 pc=0x80001098 opcode=lw x7=0x8000135c
000000965 RUNTIME_ONLY neutral retire case=00003 pc=0x8000109c opcode=sw x8=0x80001359
000000966 RUNTIME_ONLY neutral retire case=00003 pc=0x800010a0 opcode=beq x9=0x80001366
000000967 RUNTIME_ONLY neutral retire case=00003 pc=0x800010a4 opcode=csrrw x10=0x80001363
000000968 RUNTIME_ONLY neutral retire case=00003 pc=0x800010a8 opcode=xor x11=0x80001360
000000969 RUNTIME_ONLY neutral retire case=00003 pc=0x800010ac opcode=addi x12=0x80001365
000000970 RUNTIME_ONLY neutral retire case=00003 pc=0x800010b0 opcode=lw x13=0x8000137a
000000971 RUNTIME_ONLY neutral retire case=00003 pc=0x800010b4 opcode=sw x14=0x8000137f
000000972 RUNTIME_ONLY neutral retire case=00003 pc=0x800010b8 opcode=beq x15=0x80001374
000000973 RUNTIME_ONLY neutral retire case=00003 pc=0x800010bc opcode=csrrw x16=0x80001371
000000974 RUNTIME_ONLY neutral retire case=00003 pc=0x800010c0 opcode=xor x17=0x8000130e
000000975 RUNTIME_ONLY neutral retire case=00003 pc=0x800010c4 opcode=addi x18=0x8000130b
000000976 RUNTIME_ONLY neutral retire case=00003 pc=0x800010c8 opcode=lw x19=0x80001318
000000977 RUNTIME_ONLY neutral retire case=00003 pc=0x800010cc opcode=sw x20=0x8000131d
000000978 RUNTIME_ONLY neutral retire case=00003 pc=0x800010d0 opcode=beq x21=0x80001302
000000979 RUNTIME_ONLY neutral retire case=00003 pc=0x800010d4 opcode=csrrw x22=0x80001307
000000980 RUNTIME_ONLY neutral retire case=00003 pc=0x800010d8 opcode=xor x23=0x8000130c
000000981 RUNTIME_ONLY neutral retire case=00003 pc=0x800010dc opcode=addi x24=0x80001309
000000982 RUNTIME_ONLY neutral retire case=00003 pc=0x800010e0 opcode=lw x25=0x80001336
000000983 RUNTIME_ONLY neutral retire case=00003 pc=0x800010e4 opcode=sw x26=0x80001333
000000984 RUNTIME_ONLY neutral retire case=00003 pc=0x800010e8 opcode=beq x27=0x80001330
000000985 RUNTIME_ONLY neutral retire case=00003 pc=0x800010ec opcode=csrrw x28=0x80001335
000000986 RUNTIME_ONLY neutral retire case=00003 pc=0x800010f0 opcode=xor x29=0x8000132a
000000987 RUNTIME_ONLY neutral retire case=00003 pc=0x800010f4 opcode=addi x30=0x8000132f
000000988 RUNTIME_ONLY neutral retire case=00003 pc=0x800010f8 opcode=lw x31=0x80001324
000000989 RUNTIME_ONLY neutral retire case=00003 pc=0x800010fc opcode=sw x0=0x80001321
000000990 RUNTIME_ONLY neutral retire case=00003 pc=0x80001100 opcode=beq x1=0x800012de
000000991 RUNTIME_ONLY neutral retire case=00003 pc=0x80001104 opcode=csrrw x2=0x800012db
000000992 RUNTIME_ONLY neutral retire case=00003 pc=0x80001108 opcode=xor x3=0x800012e8
000000993 RUNTIME_ONLY neutral retire case=00003 pc=0x8000110c opcode=addi x4=0x800012ed
000000994 RUNTIME_ONLY neutral retire case=00003 pc=0x80001110 opcode=lw x5=0x800012f2
000000995 RUNTIME_ONLY neutral retire case=00003 pc=0x80001114 opcode=sw x6=0x800012f7
000000996 RUNTIME_ONLY neutral retire case=00003 pc=0x80001118 opcode=beq x7=0x800012fc
000000997 RUNTIME_ONLY neutral retire case=00003 pc=0x8000111c opcode=csrrw x8=0x800012f9
000000998 RUNTIME_ONLY neutral retire case=00003 pc=0x80001120 opcode=xor x9=0x800012c6
000000999 RUNTIME_ONLY neutral retire case=00003 pc=0x80001124 opcode=addi x10=0x800012c3
000001000 RUNTIME_ONLY neutral retire case=00003 pc=0x80001128 opcode=lw x11=0x800012c0
000001001 RUNTIME_ONLY neutral retire case=00003 pc=0x8000112c opcode=sw x12=0x800012c5
000001002 RUNTIME_ONLY neutral retire case=00003 pc=0x80001130 opcode=beq x13=0x800012da
000001003 RUNTIME_ONLY neutral retire case=00003 pc=0x80001134 opcode=csrrw x14=0x800012df
000001004 RUNTIME_ONLY neutral retire case=00003 pc=0x80001138 opcode=xor x15=0x800012d4
000001005 RUNTIME_ONLY neutral retire case=00003 pc=0x8000113c opcode=addi x16=0x800012d1
000001006 RUNTIME_ONLY neutral retire case=00003 pc=0x80001140 opcode=lw x17=0x800012ae
000001007 RUNTIME_ONLY neutral retire case=00003 pc=0x80001144 opcode=sw x18=0x800012ab
000001008 RUNTIME_ONLY neutral retire case=00003 pc=0x80001148 opcode=beq x19=0x800012b8
000001009 RUNTIME_ONLY neutral retire case=00003 pc=0x8000114c opcode=csrrw x20=0x800012bd
000001010 RUNTIME_ONLY neutral retire case=00003 pc=0x80001150 opcode=xor x21=0x800012a2
000001011 RUNTIME_ONLY neutral retire case=00003 pc=0x80001154 opcode=addi x22=0x800012a7
000001012 RUNTIME_ONLY neutral retire case=00003 pc=0x80001158 opcode=lw x23=0x800012ac
000001013 RUNTIME_ONLY neutral retire case=00003 pc=0x8000115c opcode=sw x24=0x800012a9
000001014 RUNTIME_ONLY neutral retire case=00003 pc=0x80001160 opcode=beq x25=0x80001296
000001015 RUNTIME_ONLY neutral retire case=00003 pc=0x80001164 opcode=csrrw x26=0x80001293
000001016 RUNTIME_ONLY neutral retire case=00003 pc=0x80001168 opcode=xor x27=0x80001290
000001017 RUNTIME_ONLY neutral retire case=00003 pc=0x8000116c opcode=addi x28=0x80001295
000001018 RUNTIME_ONLY neutral retire case=00003 pc=0x80001170 opcode=lw x29=0x8000128a
000001019 RUNTIME_ONLY neutral retire case=00003 pc=0x80001174 opcode=sw x30=0x8000128f
000001020 RUNTIME_ONLY neutral retire case=00003 pc=0x80001178 opcode=beq x31=0x80001284
000001021 RUNTIME_ONLY neutral retire case=00003 pc=0x8000117c opcode=csrrw x0=0x80001281
000001022 RUNTIME_ONLY neutral retire case=00003 pc=0x80001180 opcode=xor x1=0x8000127e
000001023 RUNTIME_ONLY neutral retire case=00003 pc=0x80001184 opcode=addi x2=0x8000127b
000001024 RUNTIME_ONLY neutral retire case=00003 pc=0x80001188 opcode=lw x3=0x80001588
000001025 RUNTIME_ONLY neutral retire case=00003 pc=0x8000118c opcode=sw x4=0x8000158d
000001026 RUNTIME_ONLY neutral retire case=00003 pc=0x80001190 opcode=beq x5=0x80001592
000001027 RUNTIME_ONLY neutral retire case=00003 pc=0x80001194 opcode=csrrw x6=0x80001597
000001028 RUNTIME_ONLY neutral retire case=00003 pc=0x80001198 opcode=xor x7=0x8000159c
000001029 RUNTIME_ONLY neutral retire case=00003 pc=0x8000119c opcode=addi x8=0x80001599
000001030 RUNTIME_ONLY neutral retire case=00003 pc=0x800011a0 opcode=lw x9=0x800015a6
000001031 RUNTIME_ONLY neutral retire case=00003 pc=0x800011a4 opcode=sw x10=0x800015a3
000001032 RUNTIME_ONLY neutral retire case=00003 pc=0x800011a8 opcode=beq x11=0x800015a0
000001033 RUNTIME_ONLY neutral retire case=00003 pc=0x800011ac opcode=csrrw x12=0x800015a5
000001034 RUNTIME_ONLY neutral retire case=00003 pc=0x800011b0 opcode=xor x13=0x800015ba
000001035 RUNTIME_ONLY neutral retire case=00003 pc=0x800011b4 opcode=addi x14=0x800015bf
000001036 RUNTIME_ONLY neutral retire case=00003 pc=0x800011b8 opcode=lw x15=0x800015b4
000001037 RUNTIME_ONLY neutral retire case=00003 pc=0x800011bc opcode=sw x16=0x800015b1
000001038 RUNTIME_ONLY neutral retire case=00003 pc=0x800011c0 opcode=beq x17=0x800015ce
000001039 RUNTIME_ONLY neutral retire case=00003 pc=0x800011c4 opcode=csrrw x18=0x800015cb
000001040 RUNTIME_ONLY neutral retire case=00003 pc=0x800011c8 opcode=xor x19=0x800015d8
000001041 RUNTIME_ONLY neutral retire case=00003 pc=0x800011cc opcode=addi x20=0x800015dd
000001042 RUNTIME_ONLY neutral retire case=00003 pc=0x800011d0 opcode=lw x21=0x800015c2
000001043 RUNTIME_ONLY neutral retire case=00003 pc=0x800011d4 opcode=sw x22=0x800015c7
000001044 RUNTIME_ONLY neutral retire case=00003 pc=0x800011d8 opcode=beq x23=0x800015cc
000001045 RUNTIME_ONLY neutral retire case=00003 pc=0x800011dc opcode=csrrw x24=0x800015c9
000001046 RUNTIME_ONLY neutral retire case=00003 pc=0x800011e0 opcode=xor x25=0x800015f6
000001047 RUNTIME_ONLY neutral retire case=00003 pc=0x800011e4 opcode=addi x26=0x800015f3
000001048 RUNTIME_ONLY neutral retire case=00003 pc=0x800011e8 opcode=lw x27=0x800015f0
000001049 RUNTIME_ONLY neutral retire case=00003 pc=0x800011ec opcode=sw x28=0x800015f5
000001050 RUNTIME_ONLY neutral retire case=00003 pc=0x800011f0 opcode=beq x29=0x800015ea
000001051 RUNTIME_ONLY neutral retire case=00003 pc=0x800011f4 opcode=csrrw x30=0x800015ef
000001052 RUNTIME_ONLY neutral retire case=00003 pc=0x800011f8 opcode=xor x31=0x800015e4
000001053 RUNTIME_ONLY neutral retire case=00003 pc=0x800011fc opcode=addi x0=0x800015e1
000001054 RUNTIME_ONLY neutral retire case=00003 pc=0x80001200 opcode=lw x1=0x8000161e
000001055 RUNTIME_ONLY neutral retire case=00003 pc=0x80001204 opcode=sw x2=0x8000161b
000001056 RUNTIME_ONLY neutral retire case=00003 pc=0x80001208 opcode=beq x3=0x80001628
000001057 RUNTIME_ONLY neutral retire case=00003 pc=0x8000120c opcode=csrrw x4=0x8000162d
000001058 RUNTIME_ONLY neutral retire case=00003 pc=0x80001210 opcode=xor x5=0x80001632
000001059 RUNTIME_ONLY neutral retire case=00003 pc=0x80001214 opcode=addi x6=0x80001637
000001060 RUNTIME_ONLY neutral retire case=00003 pc=0x80001218 opcode=lw x7=0x8000163c
000001061 RUNTIME_ONLY neutral retire case=00003 pc=0x8000121c opcode=sw x8=0x80001639
000001062 RUNTIME_ONLY neutral retire case=00003 pc=0x80001220 opcode=beq x9=0x80001606
000001063 RUNTIME_ONLY neutral retire case=00003 pc=0x80001224 opcode=csrrw x10=0x80001603
000001064 RUNTIME_ONLY neutral retire case=00003 pc=0x80001228 opcode=xor x11=0x80001600
000001065 RUNTIME_ONLY neutral retire case=00003 pc=0x8000122c opcode=addi x12=0x80001605
000001066 RUNTIME_ONLY neutral retire case=00003 pc=0x80001230 opcode=lw x13=0x8000161a
000001067 RUNTIME_ONLY neutral retire case=00003 pc=0x80001234 opcode=sw x14=0x8000161f
000001068 RUNTIME_ONLY neutral retire case=00003 pc=0x80001238 opcode=beq x15=0x80001614
000001069 RUNTIME_ONLY neutral retire case=00003 pc=0x8000123c opcode=csrrw x16=0x80001611
000001070 RUNTIME_ONLY neutral retire case=00003 pc=0x80001240 opcode=xor x17=0x8000166e
000001071 RUNTIME_ONLY neutral retire case=00003 pc=0x80001244 opcode=addi x18=0x8000166b
000001072 RUNTIME_ONLY neutral retire case=00003 pc=0x80001248 opcode=lw x19=0x80001678
000001073 RUNTIME_ONLY neutral retire case=00003 pc=0x8000124c opcode=sw x20=0x8000167d
000001074 RUNTIME_ONLY neutral retire case=00003 pc=0x80001250 opcode=beq x21=0x80001662
000001075 RUNTIME_ONLY neutral retire case=00003 pc=0x80001254 opcode=csrrw x22=0x80001667
000001076 RUNTIME_ONLY neutral retire case=00003 pc=0x80001258 opcode=xor x23=0x8000166c
000001077 RUNTIME_ONLY neutral retire case=00003 pc=0x8000125c opcode=addi x24=0x80001669
000001078 RUNTIME_ONLY neutral retire case=00003 pc=0x80001260 opcode=lw x25=0x80001656
000001079 RUNTIME_ONLY neutral retire case=00003 pc=0x80001264 opcode=sw x26=0x80001653
000001080 RUNTIME_ONLY neutral retire case=00003 pc=0x80001268 opcode=beq x27=0x80001650
000001081 RUNTIME_ONLY neutral retire case=00003 pc=0x8000126c opcode=csrrw x28=0x80001655
000001082 RUNTIME_ONLY neutral retire case=00003 pc=0x80001270 opcode=xor x29=0x8000164a
000001083 RUNTIME_ONLY neutral retire case=00003 pc=0x80001274 opcode=addi x30=0x8000164f
000001084 RUNTIME_ONLY neutral retire case=00003 pc=0x80001278 opcode=lw x31=0x80001644
000001085 RUNTIME_ONLY neutral retire case=00003 pc=0x8000127c opcode=sw x0=0x80001641
000001086 RUNTIME_ONLY neutral retire case=00003 pc=0x80001280 opcode=beq x1=0x800016be
000001087 RUNTIME_ONLY neutral retire case=00003 pc=0x80001284 opcode=csrrw x2=0x800016bb
000001088 RUNTIME_ONLY neutral retire case=00003 pc=0x80001288 opcode=xor x3=0x800016c8
000001089 RUNTIME_ONLY neutral retire case=00003 pc=0x8000128c opcode=addi x4=0x800016cd
000001090 RUNTIME_ONLY neutral retire case=00003 pc=0x80001290 opcode=lw x5=0x800016d2
000001091 RUNTIME_ONLY neutral retire case=00003 pc=0x80001294 opcode=sw x6=0x800016d7
000001092 RUNTIME_ONLY neutral retire case=00003 pc=0x80001298 opcode=beq x7=0x800016dc
000001093 RUNTIME_ONLY neutral retire case=00003 pc=0x8000129c opcode=csrrw x8=0x800016d9
000001094 RUNTIME_ONLY neutral retire case=00003 pc=0x800012a0 opcode=xor x9=0x800016e6
000001095 RUNTIME_ONLY neutral retire case=00003 pc=0x800012a4 opcode=addi x10=0x800016e3
000001096 RUNTIME_ONLY neutral retire case=00003 pc=0x800012a8 opcode=lw x11=0x800016e0
000001097 RUNTIME_ONLY neutral retire case=00003 pc=0x800012ac opcode=sw x12=0x800016e5
000001098 RUNTIME_ONLY neutral retire case=00003 pc=0x800012b0 opcode=beq x13=0x800016fa
000001099 RUNTIME_ONLY neutral retire case=00003 pc=0x800012b4 opcode=csrrw x14=0x800016ff
000001100 RUNTIME_ONLY neutral retire case=00003 pc=0x800012b8 opcode=xor x15=0x800016f4
000001101 RUNTIME_ONLY neutral retire case=00003 pc=0x800012bc opcode=addi x16=0x800016f1
000001102 RUNTIME_ONLY neutral retire case=00003 pc=0x800012c0 opcode=lw x17=0x8000168e
000001103 RUNTIME_ONLY neutral retire case=00003 pc=0x800012c4 opcode=sw x18=0x8000168b
000001104 RUNTIME_ONLY neutral retire case=00003 pc=0x800012c8 opcode=beq x19=0x80001698
000001105 RUNTIME_ONLY neutral retire case=00003 pc=0x800012cc opcode=csrrw x20=0x8000169d
000001106 RUNTIME_ONLY neutral retire case=00003 pc=0x800012d0 opcode=xor x21=0x80001682
000001107 RUNTIME_ONLY neutral retire case=00003 pc=0x800012d4 opcode=addi x22=0x80001687
000001108 RUNTIME_ONLY neutral retire case=00003 pc=0x800012d8 opcode=lw x23=0x8000168c
000001109 RUNTIME_ONLY neutral retire case=00003 pc=0x800012dc opcode=sw x24=0x80001689
000001110 RUNTIME_ONLY neutral retire case=00003 pc=0x800012e0 opcode=beq x25=0x800016b6
000001111 RUNTIME_ONLY neutral retire case=00003 pc=0x800012e4 opcode=csrrw x26=0x800016b3
000001112 RUNTIME_ONLY neutral retire case=00003 pc=0x800012e8 opcode=xor x27=0x800016b0
000001113 RUNTIME_ONLY neutral retire case=00003 pc=0x800012ec opcode=addi x28=0x800016b5
000001114 RUNTIME_ONLY neutral retire case=00003 pc=0x800012f0 opcode=lw x29=0x800016aa
000001115 RUNTIME_ONLY neutral retire case=00003 pc=0x800012f4 opcode=sw x30=0x800016af
000001116 RUNTIME_ONLY neutral retire case=00003 pc=0x800012f8 opcode=beq x31=0x800016a4
000001117 RUNTIME_ONLY neutral retire case=00003 pc=0x800012fc opcode=csrrw x0=0x800016a1
000001118 RUNTIME_ONLY neutral retire case=00003 pc=0x80001300 opcode=xor x1=0x8000175e
000001119 RUNTIME_ONLY neutral retire case=00003 pc=0x80001304 opcode=addi x2=0x8000175b
000001120 RUNTIME_ONLY neutral retire case=00003 pc=0x80001308 opcode=lw x3=0x80001768
000001121 RUNTIME_ONLY neutral retire case=00003 pc=0x8000130c opcode=sw x4=0x8000176d
000001122 RUNTIME_ONLY neutral retire case=00003 pc=0x80001310 opcode=beq x5=0x80001772
000001123 RUNTIME_ONLY neutral retire case=00003 pc=0x80001314 opcode=csrrw x6=0x80001777
000001124 RUNTIME_ONLY neutral retire case=00003 pc=0x80001318 opcode=xor x7=0x8000177c
000001125 RUNTIME_ONLY neutral retire case=00003 pc=0x8000131c opcode=addi x8=0x80001779
000001126 RUNTIME_ONLY neutral retire case=00003 pc=0x80001320 opcode=lw x9=0x80001746
000001127 RUNTIME_ONLY neutral retire case=00003 pc=0x80001324 opcode=sw x10=0x80001743
000001128 RUNTIME_ONLY neutral retire case=00003 pc=0x80001328 opcode=beq x11=0x80001740
000001129 RUNTIME_ONLY neutral retire case=00003 pc=0x8000132c opcode=csrrw x12=0x80001745
000001130 RUNTIME_ONLY neutral retire case=00003 pc=0x80001330 opcode=xor x13=0x8000175a
000001131 RUNTIME_ONLY neutral retire case=00003 pc=0x80001334 opcode=addi x14=0x8000175f
000001132 RUNTIME_ONLY neutral retire case=00003 pc=0x80001338 opcode=lw x15=0x80001754
000001133 RUNTIME_ONLY neutral retire case=00003 pc=0x8000133c opcode=sw x16=0x80001751
000001134 RUNTIME_ONLY neutral retire case=00003 pc=0x80001340 opcode=beq x17=0x8000172e
000001135 RUNTIME_ONLY neutral retire case=00003 pc=0x80001344 opcode=csrrw x18=0x8000172b
000001136 RUNTIME_ONLY neutral retire case=00003 pc=0x80001348 opcode=xor x19=0x80001738
000001137 RUNTIME_ONLY neutral retire case=00003 pc=0x8000134c opcode=addi x20=0x8000173d
000001138 RUNTIME_ONLY neutral retire case=00003 pc=0x80001350 opcode=lw x21=0x80001722
000001139 RUNTIME_ONLY neutral retire case=00003 pc=0x80001354 opcode=sw x22=0x80001727
000001140 RUNTIME_ONLY neutral retire case=00003 pc=0x80001358 opcode=beq x23=0x8000172c
000001141 RUNTIME_ONLY neutral retire case=00003 pc=0x8000135c opcode=csrrw x24=0x80001729
000001142 RUNTIME_ONLY neutral retire case=00003 pc=0x80001360 opcode=xor x25=0x80001716
000001143 RUNTIME_ONLY neutral retire case=00003 pc=0x80001364 opcode=addi x26=0x80001713
000001144 RUNTIME_ONLY neutral retire case=00003 pc=0x80001368 opcode=lw x27=0x80001710
000001145 RUNTIME_ONLY neutral retire case=00003 pc=0x8000136c opcode=sw x28=0x80001715
000001146 RUNTIME_ONLY neutral retire case=00003 pc=0x80001370 opcode=beq x29=0x8000170a
000001147 RUNTIME_ONLY neutral retire case=00003 pc=0x80001374 opcode=csrrw x30=0x8000170f
000001148 RUNTIME_ONLY neutral retire case=00003 pc=0x80001378 opcode=xor x31=0x80001704
000001149 RUNTIME_ONLY neutral retire case=00003 pc=0x8000137c opcode=addi x0=0x80001701
000001150 RUNTIME_ONLY neutral retire case=00003 pc=0x80001380 opcode=lw x1=0x800017fe
000001151 RUNTIME_ONLY neutral retire case=00003 pc=0x80001384 opcode=sw x2=0x800017fb
000001152 RUNTIME_ONLY neutral retire case=00003 pc=0x80001388 opcode=beq x3=0x80001708
000001153 RUNTIME_ONLY neutral retire case=00003 pc=0x8000138c opcode=csrrw x4=0x8000170d
000001154 RUNTIME_ONLY neutral retire case=00003 pc=0x80001390 opcode=xor x5=0x80001712
000001155 RUNTIME_ONLY neutral retire case=00003 pc=0x80001394 opcode=addi x6=0x80001717
000001156 RUNTIME_ONLY neutral retire case=00003 pc=0x80001398 opcode=lw x7=0x8000171c
000001157 RUNTIME_ONLY neutral retire case=00003 pc=0x8000139c opcode=sw x8=0x80001719
000001158 RUNTIME_ONLY neutral retire case=00003 pc=0x800013a0 opcode=beq x9=0x80001726
000001159 RUNTIME_ONLY neutral retire case=00003 pc=0x800013a4 opcode=csrrw x10=0x80001723
000001160 RUNTIME_ONLY neutral retire case=00003 pc=0x800013a8 opcode=xor x11=0x80001720
000001161 RUNTIME_ONLY neutral retire case=00003 pc=0x800013ac opcode=addi x12=0x80001725
000001162 RUNTIME_ONLY neutral retire case=00003 pc=0x800013b0 opcode=lw x13=0x8000173a
000001163 RUNTIME_ONLY neutral retire case=00003 pc=0x800013b4 opcode=sw x14=0x8000173f
000001164 RUNTIME_ONLY neutral retire case=00003 pc=0x800013b8 opcode=beq x15=0x80001734
000001165 RUNTIME_ONLY neutral retire case=00003 pc=0x800013bc opcode=csrrw x16=0x80001731
000001166 RUNTIME_ONLY neutral retire case=00003 pc=0x800013c0 opcode=xor x17=0x8000174e
000001167 RUNTIME_ONLY neutral retire case=00003 pc=0x800013c4 opcode=addi x18=0x8000174b
000001168 RUNTIME_ONLY neutral retire case=00003 pc=0x800013c8 opcode=lw x19=0x80001758
000001169 RUNTIME_ONLY neutral retire case=00003 pc=0x800013cc opcode=sw x20=0x8000175d
000001170 RUNTIME_ONLY neutral retire case=00003 pc=0x800013d0 opcode=beq x21=0x80001742
000001171 RUNTIME_ONLY neutral retire case=00003 pc=0x800013d4 opcode=csrrw x22=0x80001747
000001172 RUNTIME_ONLY neutral retire case=00003 pc=0x800013d8 opcode=xor x23=0x8000174c
000001173 RUNTIME_ONLY neutral retire case=00003 pc=0x800013dc opcode=addi x24=0x80001749
000001174 RUNTIME_ONLY neutral retire case=00003 pc=0x800013e0 opcode=lw x25=0x80001776
000001175 RUNTIME_ONLY neutral retire case=00003 pc=0x800013e4 opcode=sw x26=0x80001773
000001176 RUNTIME_ONLY neutral retire case=00003 pc=0x800013e8 opcode=beq x27=0x80001770
000001177 RUNTIME_ONLY neutral retire case=00003 pc=0x800013ec opcode=csrrw x28=0x80001775
000001178 RUNTIME_ONLY neutral retire case=00003 pc=0x800013f0 opcode=xor x29=0x8000176a
000001179 RUNTIME_ONLY neutral retire case=00003 pc=0x800013f4 opcode=addi x30=0x8000176f
000001180 RUNTIME_ONLY neutral retire case=00003 pc=0x800013f8 opcode=lw x31=0x80001764
000001181 RUNTIME_ONLY neutral retire case=00003 pc=0x800013fc opcode=sw x0=0x80001761
000001182 RUNTIME_ONLY neutral retire case=00003 pc=0x80001400 opcode=beq x1=0x8000109e
000001183 RUNTIME_ONLY neutral retire case=00003 pc=0x80001404 opcode=csrrw x2=0x8000109b
000001184 RUNTIME_ONLY neutral retire case=00003 pc=0x80001408 opcode=xor x3=0x800010a8
000001185 RUNTIME_ONLY neutral retire case=00003 pc=0x8000140c opcode=addi x4=0x800010ad
000001186 RUNTIME_ONLY neutral retire case=00003 pc=0x80001410 opcode=lw x5=0x800010b2
000001187 RUNTIME_ONLY neutral retire case=00003 pc=0x80001414 opcode=sw x6=0x800010b7
000001188 RUNTIME_ONLY neutral retire case=00003 pc=0x80001418 opcode=beq x7=0x800010bc
000001189 RUNTIME_ONLY neutral retire case=00003 pc=0x8000141c opcode=csrrw x8=0x800010b9
000001190 RUNTIME_ONLY neutral retire case=00003 pc=0x80001420 opcode=xor x9=0x80001086
000001191 RUNTIME_ONLY neutral retire case=00003 pc=0x80001424 opcode=addi x10=0x80001083
000001192 RUNTIME_ONLY neutral retire case=00003 pc=0x80001428 opcode=lw x11=0x80001080
000001193 RUNTIME_ONLY neutral retire case=00003 pc=0x8000142c opcode=sw x12=0x80001085
000001194 RUNTIME_ONLY neutral retire case=00003 pc=0x80001430 opcode=beq x13=0x8000109a
000001195 RUNTIME_ONLY neutral retire case=00003 pc=0x80001434 opcode=csrrw x14=0x8000109f
000001196 RUNTIME_ONLY neutral retire case=00003 pc=0x80001438 opcode=xor x15=0x80001094
000001197 RUNTIME_ONLY neutral retire case=00003 pc=0x8000143c opcode=addi x16=0x80001091
000001198 RUNTIME_ONLY neutral retire case=00003 pc=0x80001440 opcode=lw x17=0x800010ee
000001199 RUNTIME_ONLY neutral retire case=00003 pc=0x80001444 opcode=sw x18=0x800010eb
000001200 RUNTIME_ONLY neutral retire case=00003 pc=0x80001448 opcode=beq x19=0x800010f8
000001201 RUNTIME_ONLY neutral retire case=00003 pc=0x8000144c opcode=csrrw x20=0x800010fd
000001202 RUNTIME_ONLY neutral retire case=00003 pc=0x80001450 opcode=xor x21=0x800010e2
000001203 RUNTIME_ONLY neutral retire case=00003 pc=0x80001454 opcode=addi x22=0x800010e7
000001204 RUNTIME_ONLY neutral retire case=00003 pc=0x80001458 opcode=lw x23=0x800010ec
000001205 RUNTIME_ONLY neutral retire case=00003 pc=0x8000145c opcode=sw x24=0x800010e9
000001206 RUNTIME_ONLY neutral retire case=00003 pc=0x80001460 opcode=beq x25=0x800010d6
000001207 RUNTIME_ONLY neutral retire case=00003 pc=0x80001464 opcode=csrrw x26=0x800010d3
000001208 RUNTIME_ONLY neutral retire case=00003 pc=0x80001468 opcode=xor x27=0x800010d0
000001209 RUNTIME_ONLY neutral retire case=00003 pc=0x8000146c opcode=addi x28=0x800010d5
000001210 RUNTIME_ONLY neutral retire case=00003 pc=0x80001470 opcode=lw x29=0x800010ca
000001211 RUNTIME_ONLY neutral retire case=00003 pc=0x80001474 opcode=sw x30=0x800010cf
000001212 RUNTIME_ONLY neutral retire case=00003 pc=0x80001478 opcode=beq x31=0x800010c4
000001213 RUNTIME_ONLY neutral retire case=00003 pc=0x8000147c opcode=csrrw x0=0x800010c1
000001214 RUNTIME_ONLY neutral retire case=00003 pc=0x80001480 opcode=xor x1=0x8000103e
000001215 RUNTIME_ONLY neutral retire case=00003 pc=0x80001484 opcode=addi x2=0x8000103b
000001216 RUNTIME_ONLY neutral retire case=00003 pc=0x80001488 opcode=lw x3=0x80001048
000001217 RUNTIME_ONLY neutral retire case=00003 pc=0x8000148c opcode=sw x4=0x8000104d
000001218 RUNTIME_ONLY neutral retire case=00003 pc=0x80001490 opcode=beq x5=0x80001052
000001219 RUNTIME_ONLY neutral retire case=00003 pc=0x80001494 opcode=csrrw x6=0x80001057
000001220 RUNTIME_ONLY neutral retire case=00003 pc=0x80001498 opcode=xor x7=0x8000105c
000001221 RUNTIME_ONLY neutral retire case=00003 pc=0x8000149c opcode=addi x8=0x80001059
000001222 RUNTIME_ONLY neutral retire case=00003 pc=0x800014a0 opcode=lw x9=0x80001066
000001223 RUNTIME_ONLY neutral retire case=00003 pc=0x800014a4 opcode=sw x10=0x80001063
000001224 RUNTIME_ONLY neutral retire case=00003 pc=0x800014a8 opcode=beq x11=0x80001060
000001225 RUNTIME_ONLY neutral retire case=00003 pc=0x800014ac opcode=csrrw x12=0x80001065
000001226 RUNTIME_ONLY neutral retire case=00003 pc=0x800014b0 opcode=xor x13=0x8000107a
000001227 RUNTIME_ONLY neutral retire case=00003 pc=0x800014b4 opcode=addi x14=0x8000107f
000001228 RUNTIME_ONLY neutral retire case=00003 pc=0x800014b8 opcode=lw x15=0x80001074
000001229 RUNTIME_ONLY neutral retire case=00003 pc=0x800014bc opcode=sw x16=0x80001071
000001230 RUNTIME_ONLY neutral retire case=00003 pc=0x800014c0 opcode=beq x17=0x8000100e
000001231 RUNTIME_ONLY neutral retire case=00003 pc=0x800014c4 opcode=csrrw x18=0x8000100b
000001232 RUNTIME_ONLY neutral retire case=00003 pc=0x800014c8 opcode=xor x19=0x80001018
000001233 RUNTIME_ONLY neutral retire case=00003 pc=0x800014cc opcode=addi x20=0x8000101d
000001234 RUNTIME_ONLY neutral retire case=00003 pc=0x800014d0 opcode=lw x21=0x80001002
000001235 RUNTIME_ONLY neutral retire case=00003 pc=0x800014d4 opcode=sw x22=0x80001007
000001236 RUNTIME_ONLY neutral retire case=00003 pc=0x800014d8 opcode=beq x23=0x8000100c
000001237 RUNTIME_ONLY neutral retire case=00003 pc=0x800014dc opcode=csrrw x24=0x80001009
000001238 RUNTIME_ONLY neutral retire case=00003 pc=0x800014e0 opcode=xor x25=0x80001036
000001239 RUNTIME_ONLY neutral retire case=00003 pc=0x800014e4 opcode=addi x26=0x80001033
000001240 RUNTIME_ONLY neutral retire case=00003 pc=0x800014e8 opcode=lw x27=0x80001030
000001241 RUNTIME_ONLY neutral retire case=00003 pc=0x800014ec opcode=sw x28=0x80001035
000001242 RUNTIME_ONLY neutral retire case=00003 pc=0x800014f0 opcode=beq x29=0x8000102a
000001243 RUNTIME_ONLY neutral retire case=00003 pc=0x800014f4 opcode=csrrw x30=0x8000102f
000001244 RUNTIME_ONLY neutral retire case=00003 pc=0x800014f8 opcode=xor x31=0x80001024
000001245 RUNTIME_ONLY neutral retire case=00003 pc=0x800014fc opcode=addi x0=0x80001021
000001246 RUNTIME_ONLY neutral retire case=00003 pc=0x80001500 opcode=lw x1=0x800011de
000001247 RUNTIME_ONLY neutral retire case=00003 pc=0x80001504 opcode=sw x2=0x800011db
000001248 RUNTIME_ONLY neutral retire case=00003 pc=0x80001508 opcode=beq x3=0x800011e8
000001249 RUNTIME_ONLY neutral retire case=00003 pc=0x8000150c opcode=csrrw x4=0x800011ed
000001250 RUNTIME_ONLY neutral retire case=00003 pc=0x80001510 opcode=xor x5=0x800011f2
000001251 RUNTIME_ONLY neutral retire case=00003 pc=0x80001514 opcode=addi x6=0x800011f7
000001252 RUNTIME_ONLY neutral retire case=00003 pc=0x80001518 opcode=lw x7=0x800011fc
000001253 RUNTIME_ONLY neutral retire case=00003 pc=0x8000151c opcode=sw x8=0x800011f9
000001254 RUNTIME_ONLY neutral retire case=00003 pc=0x80001520 opcode=beq x9=0x800011c6
000001255 RUNTIME_ONLY neutral retire case=00003 pc=0x80001524 opcode=csrrw x10=0x800011c3
000001256 RUNTIME_ONLY neutral retire case=00003 pc=0x80001528 opcode=xor x11=0x800011c0
000001257 RUNTIME_ONLY neutral retire case=00003 pc=0x8000152c opcode=addi x12=0x800011c5
000001258 RUNTIME_ONLY neutral retire case=00003 pc=0x80001530 opcode=lw x13=0x800011da
000001259 RUNTIME_ONLY neutral retire case=00003 pc=0x80001534 opcode=sw x14=0x800011df
000001260 RUNTIME_ONLY neutral retire case=00003 pc=0x80001538 opcode=beq x15=0x800011d4
000001261 RUNTIME_ONLY neutral retire case=00003 pc=0x8000153c opcode=csrrw x16=0x800011d1
000001262 RUNTIME_ONLY neutral retire case=00003 pc=0x80001540 opcode=xor x17=0x800011ae
000001263 RUNTIME_ONLY neutral retire case=00003 pc=0x80001544 opcode=addi x18=0x800011ab
000001264 RUNTIME_ONLY neutral retire case=00003 pc=0x80001548 opcode=lw x19=0x800011b8
000001265 RUNTIME_ONLY neutral retire case=00003 pc=0x8000154c opcode=sw x20=0x800011bd
000001266 RUNTIME_ONLY neutral retire case=00003 pc=0x80001550 opcode=beq x21=0x800011a2
000001267 RUNTIME_ONLY neutral retire case=00003 pc=0x80001554 opcode=csrrw x22=0x800011a7
000001268 RUNTIME_ONLY neutral retire case=00003 pc=0x80001558 opcode=xor x23=0x800011ac
000001269 RUNTIME_ONLY neutral retire case=00003 pc=0x8000155c opcode=addi x24=0x800011a9
000001270 RUNTIME_ONLY neutral retire case=00003 pc=0x80001560 opcode=lw x25=0x80001196
000001271 RUNTIME_ONLY neutral retire case=00003 pc=0x80001564 opcode=sw x26=0x80001193
000001272 RUNTIME_ONLY neutral retire case=00003 pc=0x80001568 opcode=beq x27=0x80001190
000001273 RUNTIME_ONLY neutral retire case=00003 pc=0x8000156c opcode=csrrw x28=0x80001195
000001274 RUNTIME_ONLY neutral retire case=00003 pc=0x80001570 opcode=xor x29=0x8000118a
000001275 RUNTIME_ONLY neutral retire case=00003 pc=0x80001574 opcode=addi x30=0x8000118f
000001276 RUNTIME_ONLY neutral retire case=00003 pc=0x80001578 opcode=lw x31=0x80001184
000001277 RUNTIME_ONLY neutral retire case=00003 pc=0x8000157c opcode=sw x0=0x80001181
000001278 RUNTIME_ONLY neutral retire case=00003 pc=0x80001580 opcode=beq x1=0x8000117e
000001279 RUNTIME_ONLY neutral retire case=00003 pc=0x80001584 opcode=csrrw x2=0x8000117b
000001280 RUNTIME_ONLY neutral retire case=00003 pc=0x80001588 opcode=xor x3=0x80001088
000001281 RUNTIME_ONLY neutral retire case=00003 pc=0x8000158c opcode=addi x4=0x8000108d
000001282 RUNTIME_ONLY neutral retire case=00003 pc=0x80001590 opcode=lw x5=0x80001092
000001283 RUNTIME_ONLY neutral retire case=00003 pc=0x80001594 opcode=sw x6=0x80001097
000001284 RUNTIME_ONLY neutral retire case=00003 pc=0x80001598 opcode=beq x7=0x8000109c
000001285 RUNTIME_ONLY neutral retire case=00003 pc=0x8000159c opcode=csrrw x8=0x80001099
000001286 RUNTIME_ONLY neutral retire case=00003 pc=0x800015a0 opcode=xor x9=0x800010a6
000001287 RUNTIME_ONLY neutral retire case=00003 pc=0x800015a4 opcode=addi x10=0x800010a3
000001288 RUNTIME_ONLY neutral retire case=00003 pc=0x800015a8 opcode=lw x11=0x800010a0
000001289 RUNTIME_ONLY neutral retire case=00003 pc=0x800015ac opcode=sw x12=0x800010a5
000001290 RUNTIME_ONLY neutral retire case=00003 pc=0x800015b0 opcode=beq x13=0x800010ba
000001291 RUNTIME_ONLY neutral retire case=00003 pc=0x800015b4 opcode=csrrw x14=0x800010bf
000001292 RUNTIME_ONLY neutral retire case=00003 pc=0x800015b8 opcode=xor x15=0x800010b4
000001293 RUNTIME_ONLY neutral retire case=00003 pc=0x800015bc opcode=addi x16=0x800010b1
000001294 RUNTIME_ONLY neutral retire case=00003 pc=0x800015c0 opcode=lw x17=0x800010ce
000001295 RUNTIME_ONLY neutral retire case=00003 pc=0x800015c4 opcode=sw x18=0x800010cb
000001296 RUNTIME_ONLY neutral retire case=00003 pc=0x800015c8 opcode=beq x19=0x800010d8
000001297 RUNTIME_ONLY neutral retire case=00003 pc=0x800015cc opcode=csrrw x20=0x800010dd
000001298 RUNTIME_ONLY neutral retire case=00003 pc=0x800015d0 opcode=xor x21=0x800010c2
000001299 RUNTIME_ONLY neutral retire case=00003 pc=0x800015d4 opcode=addi x22=0x800010c7
000001300 RUNTIME_ONLY neutral retire case=00003 pc=0x800015d8 opcode=lw x23=0x800010cc
000001301 RUNTIME_ONLY neutral retire case=00003 pc=0x800015dc opcode=sw x24=0x800010c9
000001302 RUNTIME_ONLY neutral retire case=00003 pc=0x800015e0 opcode=beq x25=0x800010f6
000001303 RUNTIME_ONLY neutral retire case=00003 pc=0x800015e4 opcode=csrrw x26=0x800010f3
000001304 RUNTIME_ONLY neutral retire case=00003 pc=0x800015e8 opcode=xor x27=0x800010f0
000001305 RUNTIME_ONLY neutral retire case=00003 pc=0x800015ec opcode=addi x28=0x800010f5
000001306 RUNTIME_ONLY neutral retire case=00003 pc=0x800015f0 opcode=lw x29=0x800010ea
000001307 RUNTIME_ONLY neutral retire case=00003 pc=0x800015f4 opcode=sw x30=0x800010ef
000001308 RUNTIME_ONLY neutral retire case=00003 pc=0x800015f8 opcode=beq x31=0x800010e4
000001309 RUNTIME_ONLY neutral retire case=00003 pc=0x800015fc opcode=csrrw x0=0x800010e1
000001310 RUNTIME_ONLY neutral retire case=00003 pc=0x80001600 opcode=xor x1=0x8000131e
000001311 RUNTIME_ONLY neutral retire case=00003 pc=0x80001604 opcode=addi x2=0x8000131b
000001312 RUNTIME_ONLY neutral retire case=00003 pc=0x80001608 opcode=lw x3=0x80001328
000001313 RUNTIME_ONLY neutral retire case=00003 pc=0x8000160c opcode=sw x4=0x8000132d
000001314 RUNTIME_ONLY neutral retire case=00003 pc=0x80001610 opcode=beq x5=0x80001332
000001315 RUNTIME_ONLY neutral retire case=00003 pc=0x80001614 opcode=csrrw x6=0x80001337
000001316 RUNTIME_ONLY neutral retire case=00003 pc=0x80001618 opcode=xor x7=0x8000133c
000001317 RUNTIME_ONLY neutral retire case=00003 pc=0x8000161c opcode=addi x8=0x80001339
000001318 RUNTIME_ONLY neutral retire case=00003 pc=0x80001620 opcode=lw x9=0x80001306
000001319 RUNTIME_ONLY neutral retire case=00003 pc=0x80001624 opcode=sw x10=0x80001303
000001320 RUNTIME_ONLY neutral retire case=00003 pc=0x80001628 opcode=beq x11=0x80001300
000001321 RUNTIME_ONLY neutral retire case=00003 pc=0x8000162c opcode=csrrw x12=0x80001305
000001322 RUNTIME_ONLY neutral retire case=00003 pc=0x80001630 opcode=xor x13=0x8000131a
000001323 RUNTIME_ONLY neutral retire case=00003 pc=0x80001634 opcode=addi x14=0x8000131f
000001324 RUNTIME_ONLY neutral retire case=00003 pc=0x80001638 opcode=lw x15=0x80001314
000001325 RUNTIME_ONLY neutral retire case=00003 pc=0x8000163c opcode=sw x16=0x80001311
000001326 RUNTIME_ONLY neutral retire case=00003 pc=0x80001640 opcode=beq x17=0x8000136e
000001327 RUNTIME_ONLY neutral retire case=00003 pc=0x80001644 opcode=csrrw x18=0x8000136b
000001328 RUNTIME_ONLY neutral retire case=00003 pc=0x80001648 opcode=xor x19=0x80001378
000001329 RUNTIME_ONLY neutral retire case=00003 pc=0x8000164c opcode=addi x20=0x8000137d
000001330 RUNTIME_ONLY neutral retire case=00003 pc=0x80001650 opcode=lw x21=0x80001362
000001331 RUNTIME_ONLY neutral retire case=00003 pc=0x80001654 opcode=sw x22=0x80001367
000001332 RUNTIME_ONLY neutral retire case=00003 pc=0x80001658 opcode=beq x23=0x8000136c
000001333 RUNTIME_ONLY neutral retire case=00003 pc=0x8000165c opcode=csrrw x24=0x80001369
000001334 RUNTIME_ONLY neutral retire case=00003 pc=0x80001660 opcode=xor x25=0x80001356
000001335 RUNTIME_ONLY neutral retire case=00003 pc=0x80001664 opcode=addi x26=0x80001353
000001336 RUNTIME_ONLY neutral retire case=00003 pc=0x80001668 opcode=lw x27=0x80001350
000001337 RUNTIME_ONLY neutral retire case=00003 pc=0x8000166c opcode=sw x28=0x80001355
000001338 RUNTIME_ONLY neutral retire case=00003 pc=0x80001670 opcode=beq x29=0x8000134a
000001339 RUNTIME_ONLY neutral retire case=00003 pc=0x80001674 opcode=csrrw x30=0x8000134f
000001340 RUNTIME_ONLY neutral retire case=00003 pc=0x80001678 opcode=xor x31=0x80001344
000001341 RUNTIME_ONLY neutral retire case=00003 pc=0x8000167c opcode=addi x0=0x80001341
000001342 RUNTIME_ONLY neutral retire case=00003 pc=0x80001680 opcode=lw x1=0x800013be
000001343 RUNTIME_ONLY neutral retire case=00003 pc=0x80001684 opcode=sw x2=0x800013bb
000001344 RUNTIME_ONLY neutral retire case=00003 pc=0x80001688 opcode=beq x3=0x800013c8
000001345 RUNTIME_ONLY neutral retire case=00003 pc=0x8000168c opcode=csrrw x4=0x800013cd
000001346 RUNTIME_ONLY neutral retire case=00003 pc=0x80001690 opcode=xor x5=0x800013d2
000001347 RUNTIME_ONLY neutral retire case=00003 pc=0x80001694 opcode=addi x6=0x800013d7
000001348 RUNTIME_ONLY neutral retire case=00003 pc=0x80001698 opcode=lw x7=0x800013dc
000001349 RUNTIME_ONLY neutral retire case=00003 pc=0x8000169c opcode=sw x8=0x800013d9
000001350 RUNTIME_ONLY neutral retire case=00003 pc=0x800016a0 opcode=beq x9=0x800013e6
000001351 RUNTIME_ONLY neutral retire case=00003 pc=0x800016a4 opcode=csrrw x10=0x800013e3
000001352 RUNTIME_ONLY neutral retire case=00003 pc=0x800016a8 opcode=xor x11=0x800013e0
000001353 RUNTIME_ONLY neutral retire case=00003 pc=0x800016ac opcode=addi x12=0x800013e5
000001354 RUNTIME_ONLY neutral retire case=00003 pc=0x800016b0 opcode=lw x13=0x800013fa
000001355 RUNTIME_ONLY neutral retire case=00003 pc=0x800016b4 opcode=sw x14=0x800013ff
000001356 RUNTIME_ONLY neutral retire case=00003 pc=0x800016b8 opcode=beq x15=0x800013f4
000001357 RUNTIME_ONLY neutral retire case=00003 pc=0x800016bc opcode=csrrw x16=0x800013f1
000001358 RUNTIME_ONLY neutral retire case=00003 pc=0x800016c0 opcode=xor x17=0x8000138e
000001359 RUNTIME_ONLY neutral retire case=00003 pc=0x800016c4 opcode=addi x18=0x8000138b
000001360 RUNTIME_ONLY neutral retire case=00003 pc=0x800016c8 opcode=lw x19=0x80001398
000001361 RUNTIME_ONLY neutral retire case=00003 pc=0x800016cc opcode=sw x20=0x8000139d
000001362 RUNTIME_ONLY neutral retire case=00003 pc=0x800016d0 opcode=beq x21=0x80001382
000001363 RUNTIME_ONLY neutral retire case=00003 pc=0x800016d4 opcode=csrrw x22=0x80001387
000001364 RUNTIME_ONLY neutral retire case=00003 pc=0x800016d8 opcode=xor x23=0x8000138c
000001365 RUNTIME_ONLY neutral retire case=00003 pc=0x800016dc opcode=addi x24=0x80001389
000001366 RUNTIME_ONLY neutral retire case=00003 pc=0x800016e0 opcode=lw x25=0x800013b6
000001367 RUNTIME_ONLY neutral retire case=00003 pc=0x800016e4 opcode=sw x26=0x800013b3
000001368 RUNTIME_ONLY neutral retire case=00003 pc=0x800016e8 opcode=beq x27=0x800013b0
000001369 RUNTIME_ONLY neutral retire case=00003 pc=0x800016ec opcode=csrrw x28=0x800013b5
000001370 RUNTIME_ONLY neutral retire case=00003 pc=0x800016f0 opcode=xor x29=0x800013aa
000001371 RUNTIME_ONLY neutral retire case=00003 pc=0x800016f4 opcode=addi x30=0x800013af
000001372 RUNTIME_ONLY neutral retire case=00003 pc=0x800016f8 opcode=lw x31=0x800013a4
000001373 RUNTIME_ONLY neutral retire case=00003 pc=0x800016fc opcode=sw x0=0x800013a1
000001374 RUNTIME_ONLY neutral retire case=00003 pc=0x80001700 opcode=beq x1=0x8000125e
000001375 RUNTIME_ONLY neutral retire case=00003 pc=0x80001704 opcode=csrrw x2=0x8000125b
000001376 RUNTIME_ONLY neutral retire case=00003 pc=0x80001708 opcode=xor x3=0x80001268
000001377 RUNTIME_ONLY neutral retire case=00003 pc=0x8000170c opcode=addi x4=0x8000126d
000001378 RUNTIME_ONLY neutral retire case=00003 pc=0x80001710 opcode=lw x5=0x80001272
000001379 RUNTIME_ONLY neutral retire case=00003 pc=0x80001714 opcode=sw x6=0x80001277
000001380 RUNTIME_ONLY neutral retire case=00003 pc=0x80001718 opcode=beq x7=0x8000127c
000001381 RUNTIME_ONLY neutral retire case=00003 pc=0x8000171c opcode=csrrw x8=0x80001279
000001382 RUNTIME_ONLY neutral retire case=00003 pc=0x80001720 opcode=xor x9=0x80001246
000001383 RUNTIME_ONLY neutral retire case=00003 pc=0x80001724 opcode=addi x10=0x80001243
000001384 RUNTIME_ONLY neutral retire case=00003 pc=0x80001728 opcode=lw x11=0x80001240
000001385 RUNTIME_ONLY neutral retire case=00003 pc=0x8000172c opcode=sw x12=0x80001245
000001386 RUNTIME_ONLY neutral retire case=00003 pc=0x80001730 opcode=beq x13=0x8000125a
000001387 RUNTIME_ONLY neutral retire case=00003 pc=0x80001734 opcode=csrrw x14=0x8000125f
000001388 RUNTIME_ONLY neutral retire case=00003 pc=0x80001738 opcode=xor x15=0x80001254
000001389 RUNTIME_ONLY neutral retire case=00003 pc=0x8000173c opcode=addi x16=0x80001251
000001390 RUNTIME_ONLY neutral retire case=00003 pc=0x80001740 opcode=lw x17=0x8000122e
000001391 RUNTIME_ONLY neutral retire case=00003 pc=0x80001744 opcode=sw x18=0x8000122b
000001392 RUNTIME_ONLY neutral retire case=00003 pc=0x80001748 opcode=beq x19=0x80001238
000001393 RUNTIME_ONLY neutral retire case=00003 pc=0x8000174c opcode=csrrw x20=0x8000123d
000001394 RUNTIME_ONLY neutral retire case=00003 pc=0x80001750 opcode=xor x21=0x80001222
000001395 RUNTIME_ONLY neutral retire case=00003 pc=0x80001754 opcode=addi x22=0x80001227
000001396 RUNTIME_ONLY neutral retire case=00003 pc=0x80001758 opcode=lw x23=0x8000122c
000001397 RUNTIME_ONLY neutral retire case=00003 pc=0x8000175c opcode=sw x24=0x80001229
000001398 RUNTIME_ONLY neutral retire case=00003 pc=0x80001760 opcode=beq x25=0x80001216
000001399 RUNTIME_ONLY neutral retire case=00003 pc=0x80001764 opcode=csrrw x26=0x80001213
000001400 RUNTIME_ONLY neutral retire case=00003 pc=0x80001768 opcode=xor x27=0x80001210
000001401 RUNTIME_ONLY neutral retire case=00003 pc=0x8000176c opcode=addi x28=0x80001215
000001402 RUNTIME_ONLY neutral retire case=00003 pc=0x80001770 opcode=lw x29=0x8000120a
000001403 RUNTIME_ONLY neutral retire case=00003 pc=0x80001774 opcode=sw x30=0x8000120f
000001404 RUNTIME_ONLY neutral retire case=00003 pc=0x80001778 opcode=beq x31=0x80001204
000001405 RUNTIME_ONLY neutral retire case=00003 pc=0x8000177c opcode=csrrw x0=0x80001201
000001406 RUNTIME_ONLY neutral retire case=00003 pc=0x80001780 opcode=xor x1=0x800012fe
000001407 RUNTIME_ONLY neutral retire case=00003 pc=0x80001784 opcode=addi x2=0x800012fb
000001408 RUNTIME_ONLY neutral retire case=00003 pc=0x80001788 opcode=lw x3=0x80001208
000001409 RUNTIME_ONLY neutral retire case=00003 pc=0x8000178c opcode=sw x4=0x8000120d
000001410 RUNTIME_ONLY neutral retire case=00003 pc=0x80001790 opcode=beq x5=0x80001212
000001411 RUNTIME_ONLY neutral retire case=00003 pc=0x80001794 opcode=csrrw x6=0x80001217
000001412 RUNTIME_ONLY neutral retire case=00003 pc=0x80001798 opcode=xor x7=0x8000121c
000001413 RUNTIME_ONLY neutral retire case=00003 pc=0x8000179c opcode=addi x8=0x80001219
000001414 RUNTIME_ONLY neutral retire case=00003 pc=0x800017a0 opcode=lw x9=0x80001226
000001415 RUNTIME_ONLY neutral retire case=00003 pc=0x800017a4 opcode=sw x10=0x80001223
000001416 RUNTIME_ONLY neutral retire case=00003 pc=0x800017a8 opcode=beq x11=0x80001220
000001417 RUNTIME_ONLY neutral retire case=00003 pc=0x800017ac opcode=csrrw x12=0x80001225
000001418 RUNTIME_ONLY neutral retire case=00003 pc=0x800017b0 opcode=xor x13=0x8000123a
000001419 RUNTIME_ONLY neutral retire case=00003 pc=0x800017b4 opcode=addi x14=0x8000123f
000001420 RUNTIME_ONLY neutral retire case=00003 pc=0x800017b8 opcode=lw x15=0x80001234
000001421 RUNTIME_ONLY neutral retire case=00003 pc=0x800017bc opcode=sw x16=0x80001231
000001422 RUNTIME_ONLY neutral retire case=00003 pc=0x800017c0 opcode=beq x17=0x8000124e
000001423 RUNTIME_ONLY neutral retire case=00003 pc=0x800017c4 opcode=csrrw x18=0x8000124b
000001424 RUNTIME_ONLY neutral retire case=00003 pc=0x800017c8 opcode=xor x19=0x80001258
000001425 RUNTIME_ONLY neutral retire case=00003 pc=0x800017cc opcode=addi x20=0x8000125d
000001426 RUNTIME_ONLY neutral retire case=00003 pc=0x800017d0 opcode=lw x21=0x80001242
000001427 RUNTIME_ONLY neutral retire case=00003 pc=0x800017d4 opcode=sw x22=0x80001247
000001428 RUNTIME_ONLY neutral retire case=00003 pc=0x800017d8 opcode=beq x23=0x8000124c
000001429 RUNTIME_ONLY neutral retire case=00003 pc=0x800017dc opcode=csrrw x24=0x80001249
000001430 RUNTIME_ONLY neutral retire case=00003 pc=0x800017e0 opcode=xor x25=0x80001276
000001431 RUNTIME_ONLY neutral retire case=00003 pc=0x800017e4 opcode=addi x26=0x80001273
000001432 RUNTIME_ONLY neutral retire case=00003 pc=0x800017e8 opcode=lw x27=0x80001270
000001433 RUNTIME_ONLY neutral retire case=00003 pc=0x800017ec opcode=sw x28=0x80001275
000001434 RUNTIME_ONLY neutral retire case=00003 pc=0x800017f0 opcode=beq x29=0x8000126a
000001435 RUNTIME_ONLY neutral retire case=00003 pc=0x800017f4 opcode=csrrw x30=0x8000126f
000001436 RUNTIME_ONLY neutral retire case=00003 pc=0x800017f8 opcode=xor x31=0x80001264
000001437 RUNTIME_ONLY neutral retire case=00003 pc=0x800017fc opcode=addi x0=0x80001261
000001438 RUNTIME_ONLY neutral retire case=00003 pc=0x80001800 opcode=lw x1=0x80001d9e
000001439 RUNTIME_ONLY neutral retire case=00003 pc=0x80001804 opcode=sw x2=0x80001d9b
000001440 RUNTIME_ONLY neutral retire case=00003 pc=0x80001808 opcode=beq x3=0x80001da8
000001441 RUNTIME_ONLY neutral retire case=00003 pc=0x8000180c opcode=csrrw x4=0x80001dad
000001442 RUNTIME_ONLY neutral retire case=00003 pc=0x80001810 opcode=xor x5=0x80001db2
000001443 RUNTIME_ONLY neutral retire case=00003 pc=0x80001814 opcode=addi x6=0x80001db7
000001444 RUNTIME_ONLY neutral retire case=00003 pc=0x80001818 opcode=lw x7=0x80001dbc
000001445 RUNTIME_ONLY neutral retire case=00003 pc=0x8000181c opcode=sw x8=0x80001db9
000001446 RUNTIME_ONLY neutral retire case=00003 pc=0x80001820 opcode=beq x9=0x80001d86
000001447 RUNTIME_ONLY neutral retire case=00003 pc=0x80001824 opcode=csrrw x10=0x80001d83
000001448 RUNTIME_ONLY neutral retire case=00003 pc=0x80001828 opcode=xor x11=0x80001d80
000001449 RUNTIME_ONLY neutral retire case=00003 pc=0x8000182c opcode=addi x12=0x80001d85
000001450 RUNTIME_ONLY neutral retire case=00003 pc=0x80001830 opcode=lw x13=0x80001d9a
000001451 RUNTIME_ONLY neutral retire case=00003 pc=0x80001834 opcode=sw x14=0x80001d9f
000001452 RUNTIME_ONLY neutral retire case=00003 pc=0x80001838 opcode=beq x15=0x80001d94
000001453 RUNTIME_ONLY neutral retire case=00003 pc=0x8000183c opcode=csrrw x16=0x80001d91
000001454 RUNTIME_ONLY neutral retire case=00003 pc=0x80001840 opcode=xor x17=0x80001dee
000001455 RUNTIME_ONLY neutral retire case=00003 pc=0x80001844 opcode=addi x18=0x80001deb
000001456 RUNTIME_ONLY neutral retire case=00003 pc=0x80001848 opcode=lw x19=0x80001df8
000001457 RUNTIME_ONLY neutral retire case=00003 pc=0x8000184c opcode=sw x20=0x80001dfd
000001458 RUNTIME_ONLY neutral retire case=00003 pc=0x80001850 opcode=beq x21=0x80001de2
000001459 RUNTIME_ONLY neutral retire case=00003 pc=0x80001854 opcode=csrrw x22=0x80001de7
000001460 RUNTIME_ONLY neutral retire case=00003 pc=0x80001858 opcode=xor x23=0x80001dec
000001461 RUNTIME_ONLY neutral retire case=00003 pc=0x8000185c opcode=addi x24=0x80001de9
000001462 RUNTIME_ONLY neutral retire case=00003 pc=0x80001860 opcode=lw x25=0x80001dd6
000001463 RUNTIME_ONLY neutral retire case=00003 pc=0x80001864 opcode=sw x26=0x80001dd3
000001464 RUNTIME_ONLY neutral retire case=00003 pc=0x80001868 opcode=beq x27=0x80001dd0
000001465 RUNTIME_ONLY neutral retire case=00003 pc=0x8000186c opcode=csrrw x28=0x80001dd5
000001466 RUNTIME_ONLY neutral retire case=00003 pc=0x80001870 opcode=xor x29=0x80001dca
000001467 RUNTIME_ONLY neutral retire case=00003 pc=0x80001874 opcode=addi x30=0x80001dcf
000001468 RUNTIME_ONLY neutral retire case=00003 pc=0x80001878 opcode=lw x31=0x80001dc4
000001469 RUNTIME_ONLY neutral retire case=00003 pc=0x8000187c opcode=sw x0=0x80001dc1
000001470 RUNTIME_ONLY neutral retire case=00003 pc=0x80001880 opcode=beq x1=0x80001d3e
000001471 RUNTIME_ONLY neutral retire case=00003 pc=0x80001884 opcode=csrrw x2=0x80001d3b
000001472 RUNTIME_ONLY neutral retire case=00003 pc=0x80001888 opcode=xor x3=0x80001d48
000001473 RUNTIME_ONLY neutral retire case=00003 pc=0x8000188c opcode=addi x4=0x80001d4d
000001474 RUNTIME_ONLY neutral retire case=00003 pc=0x80001890 opcode=lw x5=0x80001d52
000001475 RUNTIME_ONLY neutral retire case=00003 pc=0x80001894 opcode=sw x6=0x80001d57
000001476 RUNTIME_ONLY neutral retire case=00003 pc=0x80001898 opcode=beq x7=0x80001d5c
000001477 RUNTIME_ONLY neutral retire case=00003 pc=0x8000189c opcode=csrrw x8=0x80001d59
000001478 RUNTIME_ONLY neutral retire case=00003 pc=0x800018a0 opcode=xor x9=0x80001d66
000001479 RUNTIME_ONLY neutral retire case=00003 pc=0x800018a4 opcode=addi x10=0x80001d63
000001480 RUNTIME_ONLY neutral retire case=00003 pc=0x800018a8 opcode=lw x11=0x80001d60
000001481 RUNTIME_ONLY neutral retire case=00003 pc=0x800018ac opcode=sw x12=0x80001d65
000001482 RUNTIME_ONLY neutral retire case=00003 pc=0x800018b0 opcode=beq x13=0x80001d7a
000001483 RUNTIME_ONLY neutral retire case=00003 pc=0x800018b4 opcode=csrrw x14=0x80001d7f
000001484 RUNTIME_ONLY neutral retire case=00003 pc=0x800018b8 opcode=xor x15=0x80001d74
000001485 RUNTIME_ONLY neutral retire case=00003 pc=0x800018bc opcode=addi x16=0x80001d71
000001486 RUNTIME_ONLY neutral retire case=00003 pc=0x800018c0 opcode=lw x17=0x80001d0e
000001487 RUNTIME_ONLY neutral retire case=00003 pc=0x800018c4 opcode=sw x18=0x80001d0b
000001488 RUNTIME_ONLY neutral retire case=00003 pc=0x800018c8 opcode=beq x19=0x80001d18
000001489 RUNTIME_ONLY neutral retire case=00003 pc=0x800018cc opcode=csrrw x20=0x80001d1d
000001490 RUNTIME_ONLY neutral retire case=00003 pc=0x800018d0 opcode=xor x21=0x80001d02
000001491 RUNTIME_ONLY neutral retire case=00003 pc=0x800018d4 opcode=addi x22=0x80001d07
000001492 RUNTIME_ONLY neutral retire case=00003 pc=0x800018d8 opcode=lw x23=0x80001d0c
000001493 RUNTIME_ONLY neutral retire case=00003 pc=0x800018dc opcode=sw x24=0x80001d09
000001494 RUNTIME_ONLY neutral retire case=00003 pc=0x800018e0 opcode=beq x25=0x80001d36
000001495 RUNTIME_ONLY neutral retire case=00003 pc=0x800018e4 opcode=csrrw x26=0x80001d33
000001496 RUNTIME_ONLY neutral retire case=00003 pc=0x800018e8 opcode=xor x27=0x80001d30
000001497 RUNTIME_ONLY neutral retire case=00003 pc=0x800018ec opcode=addi x28=0x80001d35
000001498 RUNTIME_ONLY neutral retire case=00003 pc=0x800018f0 opcode=lw x29=0x80001d2a
000001499 RUNTIME_ONLY neutral retire case=00003 pc=0x800018f4 opcode=sw x30=0x80001d2f
000001500 RUNTIME_ONLY neutral retire case=00003 pc=0x800018f8 opcode=beq x31=0x80001d24
000001501 RUNTIME_ONLY neutral retire case=00003 pc=0x800018fc opcode=csrrw x0=0x80001d21
000001502 RUNTIME_ONLY neutral retire case=00003 pc=0x80001900 opcode=xor x1=0x80001cde
000001503 RUNTIME_ONLY neutral retire case=00003 pc=0x80001904 opcode=addi x2=0x80001cdb
000001504 RUNTIME_ONLY neutral retire case=00003 pc=0x80001908 opcode=lw x3=0x80001ce8
000001505 RUNTIME_ONLY neutral retire case=00003 pc=0x8000190c opcode=sw x4=0x80001ced
000001506 RUNTIME_ONLY neutral retire case=00003 pc=0x80001910 opcode=beq x5=0x80001cf2
000001507 RUNTIME_ONLY neutral retire case=00003 pc=0x80001914 opcode=csrrw x6=0x80001cf7
000001508 RUNTIME_ONLY neutral retire case=00003 pc=0x80001918 opcode=xor x7=0x80001cfc
000001509 RUNTIME_ONLY neutral retire case=00003 pc=0x8000191c opcode=addi x8=0x80001cf9
000001510 RUNTIME_ONLY neutral retire case=00003 pc=0x80001920 opcode=lw x9=0x80001cc6
000001511 RUNTIME_ONLY neutral retire case=00003 pc=0x80001924 opcode=sw x10=0x80001cc3
000001512 RUNTIME_ONLY neutral retire case=00003 pc=0x80001928 opcode=beq x11=0x80001cc0
000001513 RUNTIME_ONLY neutral retire case=00003 pc=0x8000192c opcode=csrrw x12=0x80001cc5
000001514 RUNTIME_ONLY neutral retire case=00003 pc=0x80001930 opcode=xor x13=0x80001cda
000001515 RUNTIME_ONLY neutral retire case=00003 pc=0x80001934 opcode=addi x14=0x80001cdf
000001516 RUNTIME_ONLY neutral retire case=00003 pc=0x80001938 opcode=lw x15=0x80001cd4
000001517 RUNTIME_ONLY neutral retire case=00003 pc=0x8000193c opcode=sw x16=0x80001cd1
000001518 RUNTIME_ONLY neutral retire case=00003 pc=0x80001940 opcode=beq x17=0x80001cae
000001519 RUNTIME_ONLY neutral retire case=00003 pc=0x80001944 opcode=csrrw x18=0x80001cab
000001520 RUNTIME_ONLY neutral retire case=00003 pc=0x80001948 opcode=xor x19=0x80001cb8
000001521 RUNTIME_ONLY neutral retire case=00003 pc=0x8000194c opcode=addi x20=0x80001cbd
000001522 RUNTIME_ONLY neutral retire case=00003 pc=0x80001950 opcode=lw x21=0x80001ca2
000001523 RUNTIME_ONLY neutral retire case=00003 pc=0x80001954 opcode=sw x22=0x80001ca7
000001524 RUNTIME_ONLY neutral retire case=00003 pc=0x80001958 opcode=beq x23=0x80001cac
000001525 RUNTIME_ONLY neutral retire case=00003 pc=0x8000195c opcode=csrrw x24=0x80001ca9
000001526 RUNTIME_ONLY neutral retire case=00003 pc=0x80001960 opcode=xor x25=0x80001c96
000001527 RUNTIME_ONLY neutral retire case=00003 pc=0x80001964 opcode=addi x26=0x80001c93
000001528 RUNTIME_ONLY neutral retire case=00003 pc=0x80001968 opcode=lw x27=0x80001c90
000001529 RUNTIME_ONLY neutral retire case=00003 pc=0x8000196c opcode=sw x28=0x80001c95
000001530 RUNTIME_ONLY neutral retire case=00003 pc=0x80001970 opcode=beq x29=0x80001c8a
000001531 RUNTIME_ONLY neutral retire case=00003 pc=0x80001974 opcode=csrrw x30=0x80001c8f
000001532 RUNTIME_ONLY neutral retire case=00003 pc=0x80001978 opcode=xor x31=0x80001c84
000001533 RUNTIME_ONLY neutral retire case=00003 pc=0x8000197c opcode=addi x0=0x80001c81
000001534 RUNTIME_ONLY neutral retire case=00003 pc=0x80001980 opcode=lw x1=0x80001c7e
000001535 RUNTIME_ONLY neutral retire case=00003 pc=0x80001984 opcode=sw x2=0x80001c7b
000001536 RUNTIME_ONLY neutral retire case=00003 pc=0x80001988 opcode=beq x3=0x80001f88
000001537 RUNTIME_ONLY neutral retire case=00003 pc=0x8000198c opcode=csrrw x4=0x80001f8d
000001538 RUNTIME_ONLY neutral retire case=00003 pc=0x80001990 opcode=xor x5=0x80001f92
000001539 RUNTIME_ONLY neutral retire case=00003 pc=0x80001994 opcode=addi x6=0x80001f97
000001540 RUNTIME_ONLY neutral retire case=00003 pc=0x80001998 opcode=lw x7=0x80001f9c
000001541 RUNTIME_ONLY neutral retire case=00003 pc=0x8000199c opcode=sw x8=0x80001f99
000001542 RUNTIME_ONLY neutral retire case=00003 pc=0x800019a0 opcode=beq x9=0x80001fa6
000001543 RUNTIME_ONLY neutral retire case=00003 pc=0x800019a4 opcode=csrrw x10=0x80001fa3
000001544 RUNTIME_ONLY neutral retire case=00003 pc=0x800019a8 opcode=xor x11=0x80001fa0
000001545 RUNTIME_ONLY neutral retire case=00003 pc=0x800019ac opcode=addi x12=0x80001fa5
000001546 RUNTIME_ONLY neutral retire case=00003 pc=0x800019b0 opcode=lw x13=0x80001fba
000001547 RUNTIME_ONLY neutral retire case=00003 pc=0x800019b4 opcode=sw x14=0x80001fbf
000001548 RUNTIME_ONLY neutral retire case=00003 pc=0x800019b8 opcode=beq x15=0x80001fb4
000001549 RUNTIME_ONLY neutral retire case=00003 pc=0x800019bc opcode=csrrw x16=0x80001fb1
000001550 RUNTIME_ONLY neutral retire case=00003 pc=0x800019c0 opcode=xor x17=0x80001fce
000001551 RUNTIME_ONLY neutral retire case=00003 pc=0x800019c4 opcode=addi x18=0x80001fcb
000001552 RUNTIME_ONLY neutral retire case=00003 pc=0x800019c8 opcode=lw x19=0x80001fd8
000001553 RUNTIME_ONLY neutral retire case=00003 pc=0x800019cc opcode=sw x20=0x80001fdd
000001554 RUNTIME_ONLY neutral retire case=00003 pc=0x800019d0 opcode=beq x21=0x80001fc2
000001555 RUNTIME_ONLY neutral retire case=00003 pc=0x800019d4 opcode=csrrw x22=0x80001fc7
000001556 RUNTIME_ONLY neutral retire case=00003 pc=0x800019d8 opcode=xor x23=0x80001fcc
000001557 RUNTIME_ONLY neutral retire case=00003 pc=0x800019dc opcode=addi x24=0x80001fc9
000001558 RUNTIME_ONLY neutral retire case=00003 pc=0x800019e0 opcode=lw x25=0x80001ff6
000001559 RUNTIME_ONLY neutral retire case=00003 pc=0x800019e4 opcode=sw x26=0x80001ff3
000001560 RUNTIME_ONLY neutral retire case=00003 pc=0x800019e8 opcode=beq x27=0x80001ff0
000001561 RUNTIME_ONLY neutral retire case=00003 pc=0x800019ec opcode=csrrw x28=0x80001ff5
000001562 RUNTIME_ONLY neutral retire case=00003 pc=0x800019f0 opcode=xor x29=0x80001fea
000001563 RUNTIME_ONLY neutral retire case=00003 pc=0x800019f4 opcode=addi x30=0x80001fef
000001564 RUNTIME_ONLY neutral retire case=00003 pc=0x800019f8 opcode=lw x31=0x80001fe4
000001565 RUNTIME_ONLY neutral retire case=00003 pc=0x800019fc opcode=sw x0=0x80001fe1
000001566 RUNTIME_ONLY neutral retire case=00003 pc=0x80001a00 opcode=beq x1=0x80001c1e
000001567 RUNTIME_ONLY neutral retire case=00003 pc=0x80001a04 opcode=csrrw x2=0x80001c1b
000001568 RUNTIME_ONLY neutral retire case=00003 pc=0x80001a08 opcode=xor x3=0x80001c28
000001569 RUNTIME_ONLY neutral retire case=00003 pc=0x80001a0c opcode=addi x4=0x80001c2d
000001570 RUNTIME_ONLY neutral retire case=00003 pc=0x80001a10 opcode=lw x5=0x80001c32
000001571 RUNTIME_ONLY neutral retire case=00003 pc=0x80001a14 opcode=sw x6=0x80001c37
000001572 RUNTIME_ONLY neutral retire case=00003 pc=0x80001a18 opcode=beq x7=0x80001c3c
000001573 RUNTIME_ONLY neutral retire case=00003 pc=0x80001a1c opcode=csrrw x8=0x80001c39
000001574 RUNTIME_ONLY neutral retire case=00003 pc=0x80001a20 opcode=xor x9=0x80001c06
000001575 RUNTIME_ONLY neutral retire case=00003 pc=0x80001a24 opcode=addi x10=0x80001c03
000001576 RUNTIME_ONLY neutral retire case=00003 pc=0x80001a28 opcode=lw x11=0x80001c00
000001577 RUNTIME_ONLY neutral retire case=00003 pc=0x80001a2c opcode=sw x12=0x80001c05
000001578 RUNTIME_ONLY neutral retire case=00003 pc=0x80001a30 opcode=beq x13=0x80001c1a
000001579 RUNTIME_ONLY neutral retire case=00003 pc=0x80001a34 opcode=csrrw x14=0x80001c1f
000001580 RUNTIME_ONLY neutral retire case=00003 pc=0x80001a38 opcode=xor x15=0x80001c14
000001581 RUNTIME_ONLY neutral retire case=00003 pc=0x80001a3c opcode=addi x16=0x80001c11
000001582 RUNTIME_ONLY neutral retire case=00003 pc=0x80001a40 opcode=lw x17=0x80001c6e
000001583 RUNTIME_ONLY neutral retire case=00003 pc=0x80001a44 opcode=sw x18=0x80001c6b
000001584 RUNTIME_ONLY neutral retire case=00003 pc=0x80001a48 opcode=beq x19=0x80001c78
000001585 RUNTIME_ONLY neutral retire case=00003 pc=0x80001a4c opcode=csrrw x20=0x80001c7d
000001586 RUNTIME_ONLY neutral retire case=00003 pc=0x80001a50 opcode=xor x21=0x80001c62
000001587 RUNTIME_ONLY neutral retire case=00003 pc=0x80001a54 opcode=addi x22=0x80001c67
000001588 RUNTIME_ONLY neutral retire case=00003 pc=0x80001a58 opcode=lw x23=0x80001c6c
000001589 RUNTIME_ONLY neutral retire case=00003 pc=0x80001a5c opcode=sw x24=0x80001c69
000001590 RUNTIME_ONLY neutral retire case=00003 pc=0x80001a60 opcode=beq x25=0x80001c56
000001591 RUNTIME_ONLY neutral retire case=00003 pc=0x80001a64 opcode=csrrw x26=0x80001c53
000001592 RUNTIME_ONLY neutral retire case=00003 pc=0x80001a68 opcode=xor x27=0x80001c50
000001593 RUNTIME_ONLY neutral retire case=00003 pc=0x80001a6c opcode=addi x28=0x80001c55
000001594 RUNTIME_ONLY neutral retire case=00003 pc=0x80001a70 opcode=lw x29=0x80001c4a
000001595 RUNTIME_ONLY neutral retire case=00003 pc=0x80001a74 opcode=sw x30=0x80001c4f
000001596 RUNTIME_ONLY neutral retire case=00003 pc=0x80001a78 opcode=beq x31=0x80001c44
000001597 RUNTIME_ONLY neutral retire case=00003 pc=0x80001a7c opcode=csrrw x0=0x80001c41
000001598 RUNTIME_ONLY neutral retire case=00003 pc=0x80001a80 opcode=xor x1=0x80001cbe
000001599 RUNTIME_ONLY neutral retire case=00003 pc=0x80001a84 opcode=addi x2=0x80001cbb
000001600 RUNTIME_ONLY neutral retire case=00003 pc=0x80001a88 opcode=lw x3=0x80001cc8
000001601 RUNTIME_ONLY neutral retire case=00003 pc=0x80001a8c opcode=sw x4=0x80001ccd
000001602 RUNTIME_ONLY neutral retire case=00003 pc=0x80001a90 opcode=beq x5=0x80001cd2
000001603 RUNTIME_ONLY neutral retire case=00003 pc=0x80001a94 opcode=csrrw x6=0x80001cd7
000001604 RUNTIME_ONLY neutral retire case=00003 pc=0x80001a98 opcode=xor x7=0x80001cdc
000001605 RUNTIME_ONLY neutral retire case=00003 pc=0x80001a9c opcode=addi x8=0x80001cd9
000001606 RUNTIME_ONLY neutral retire case=00003 pc=0x80001aa0 opcode=lw x9=0x80001ce6
000001607 RUNTIME_ONLY neutral retire case=00003 pc=0x80001aa4 opcode=sw x10=0x80001ce3
000001608 RUNTIME_ONLY neutral retire case=00003 pc=0x80001aa8 opcode=beq x11=0x80001ce0
000001609 RUNTIME_ONLY neutral retire case=00003 pc=0x80001aac opcode=csrrw x12=0x80001ce5
000001610 RUNTIME_ONLY neutral retire case=00003 pc=0x80001ab0 opcode=xor x13=0x80001cfa
000001611 RUNTIME_ONLY neutral retire case=00003 pc=0x80001ab4 opcode=addi x14=0x80001cff
000001612 RUNTIME_ONLY neutral retire case=00003 pc=0x80001ab8 opcode=lw x15=0x80001cf4
000001613 RUNTIME_ONLY neutral retire case=00003 pc=0x80001abc opcode=sw x16=0x80001cf1
000001614 RUNTIME_ONLY neutral retire case=00003 pc=0x80001ac0 opcode=beq x17=0x80001c8e
000001615 RUNTIME_ONLY neutral retire case=00003 pc=0x80001ac4 opcode=csrrw x18=0x80001c8b
000001616 RUNTIME_ONLY neutral retire case=00003 pc=0x80001ac8 opcode=xor x19=0x80001c98
000001617 RUNTIME_ONLY neutral retire case=00003 pc=0x80001acc opcode=addi x20=0x80001c9d
000001618 RUNTIME_ONLY neutral retire case=00003 pc=0x80001ad0 opcode=lw x21=0x80001c82
000001619 RUNTIME_ONLY neutral retire case=00003 pc=0x80001ad4 opcode=sw x22=0x80001c87
000001620 RUNTIME_ONLY neutral retire case=00003 pc=0x80001ad8 opcode=beq x23=0x80001c8c
000001621 RUNTIME_ONLY neutral retire case=00003 pc=0x80001adc opcode=csrrw x24=0x80001c89
000001622 RUNTIME_ONLY neutral retire case=00003 pc=0x80001ae0 opcode=xor x25=0x80001cb6
000001623 RUNTIME_ONLY neutral retire case=00003 pc=0x80001ae4 opcode=addi x26=0x80001cb3
000001624 RUNTIME_ONLY neutral retire case=00003 pc=0x80001ae8 opcode=lw x27=0x80001cb0
000001625 RUNTIME_ONLY neutral retire case=00003 pc=0x80001aec opcode=sw x28=0x80001cb5
000001626 RUNTIME_ONLY neutral retire case=00003 pc=0x80001af0 opcode=beq x29=0x80001caa
000001627 RUNTIME_ONLY neutral retire case=00003 pc=0x80001af4 opcode=csrrw x30=0x80001caf
000001628 RUNTIME_ONLY neutral retire case=00003 pc=0x80001af8 opcode=xor x31=0x80001ca4
000001629 RUNTIME_ONLY neutral retire case=00003 pc=0x80001afc opcode=addi x0=0x80001ca1
000001630 RUNTIME_ONLY neutral retire case=00003 pc=0x80001b00 opcode=lw x1=0x80001d5e
000001631 RUNTIME_ONLY neutral retire case=00003 pc=0x80001b04 opcode=sw x2=0x80001d5b
000001632 RUNTIME_ONLY neutral retire case=00003 pc=0x80001b08 opcode=beq x3=0x80001d68
000001633 RUNTIME_ONLY neutral retire case=00003 pc=0x80001b0c opcode=csrrw x4=0x80001d6d
000001634 RUNTIME_ONLY neutral retire case=00003 pc=0x80001b10 opcode=xor x5=0x80001d72
000001635 RUNTIME_ONLY neutral retire case=00003 pc=0x80001b14 opcode=addi x6=0x80001d77
000001636 RUNTIME_ONLY neutral retire case=00003 pc=0x80001b18 opcode=lw x7=0x80001d7c
000001637 RUNTIME_ONLY neutral retire case=00003 pc=0x80001b1c opcode=sw x8=0x80001d79
000001638 RUNTIME_ONLY neutral retire case=00003 pc=0x80001b20 opcode=beq x9=0x80001d46
000001639 RUNTIME_ONLY neutral retire case=00003 pc=0x80001b24 opcode=csrrw x10=0x80001d43
000001640 RUNTIME_ONLY neutral retire case=00003 pc=0x80001b28 opcode=xor x11=0x80001d40
000001641 RUNTIME_ONLY neutral retire case=00003 pc=0x80001b2c opcode=addi x12=0x80001d45
000001642 RUNTIME_ONLY neutral retire case=00003 pc=0x80001b30 opcode=lw x13=0x80001d5a
000001643 RUNTIME_ONLY neutral retire case=00003 pc=0x80001b34 opcode=sw x14=0x80001d5f
000001644 RUNTIME_ONLY neutral retire case=00003 pc=0x80001b38 opcode=beq x15=0x80001d54
000001645 RUNTIME_ONLY neutral retire case=00003 pc=0x80001b3c opcode=csrrw x16=0x80001d51
000001646 RUNTIME_ONLY neutral retire case=00003 pc=0x80001b40 opcode=xor x17=0x80001d2e
000001647 RUNTIME_ONLY neutral retire case=00003 pc=0x80001b44 opcode=addi x18=0x80001d2b
000001648 RUNTIME_ONLY neutral retire case=00003 pc=0x80001b48 opcode=lw x19=0x80001d38
000001649 RUNTIME_ONLY neutral retire case=00003 pc=0x80001b4c opcode=sw x20=0x80001d3d
000001650 RUNTIME_ONLY neutral retire case=00003 pc=0x80001b50 opcode=beq x21=0x80001d22
000001651 RUNTIME_ONLY neutral retire case=00003 pc=0x80001b54 opcode=csrrw x22=0x80001d27
000001652 RUNTIME_ONLY neutral retire case=00003 pc=0x80001b58 opcode=xor x23=0x80001d2c
000001653 RUNTIME_ONLY neutral retire case=00003 pc=0x80001b5c opcode=addi x24=0x80001d29
000001654 RUNTIME_ONLY neutral retire case=00003 pc=0x80001b60 opcode=lw x25=0x80001d16
000001655 RUNTIME_ONLY neutral retire case=00003 pc=0x80001b64 opcode=sw x26=0x80001d13
000001656 RUNTIME_ONLY neutral retire case=00003 pc=0x80001b68 opcode=beq x27=0x80001d10
000001657 RUNTIME_ONLY neutral retire case=00003 pc=0x80001b6c opcode=csrrw x28=0x80001d15
000001658 RUNTIME_ONLY neutral retire case=00003 pc=0x80001b70 opcode=xor x29=0x80001d0a
000001659 RUNTIME_ONLY neutral retire case=00003 pc=0x80001b74 opcode=addi x30=0x80001d0f
000001660 RUNTIME_ONLY neutral retire case=00003 pc=0x80001b78 opcode=lw x31=0x80001d04
000001661 RUNTIME_ONLY neutral retire case=00003 pc=0x80001b7c opcode=sw x0=0x80001d01
000001662 RUNTIME_ONLY neutral retire case=00003 pc=0x80001b80 opcode=beq x1=0x80001dfe
000001663 RUNTIME_ONLY neutral retire case=00003 pc=0x80001b84 opcode=csrrw x2=0x80001dfb
000001664 RUNTIME_ONLY neutral retire case=00003 pc=0x80001b88 opcode=xor x3=0x80001d08
000001665 RUNTIME_ONLY neutral retire case=00003 pc=0x80001b8c opcode=addi x4=0x80001d0d
000001666 RUNTIME_ONLY neutral retire case=00003 pc=0x80001b90 opcode=lw x5=0x80001d12
000001667 RUNTIME_ONLY neutral retire case=00003 pc=0x80001b94 opcode=sw x6=0x80001d17
000001668 RUNTIME_ONLY neutral retire case=00003 pc=0x80001b98 opcode=beq x7=0x80001d1c
000001669 RUNTIME_ONLY neutral retire case=00003 pc=0x80001b9c opcode=csrrw x8=0x80001d19
000001670 RUNTIME_ONLY neutral retire case=00003 pc=0x80001ba0 opcode=xor x9=0x80001d26
000001671 RUNTIME_ONLY neutral retire case=00003 pc=0x80001ba4 opcode=addi x10=0x80001d23
000001672 RUNTIME_ONLY neutral retire case=00003 pc=0x80001ba8 opcode=lw x11=0x80001d20
000001673 RUNTIME_ONLY neutral retire case=00003 pc=0x80001bac opcode=sw x12=0x80001d25
000001674 RUNTIME_ONLY neutral retire case=00003 pc=0x80001bb0 opcode=beq x13=0x80001d3a
000001675 RUNTIME_ONLY neutral retire case=00003 pc=0x80001bb4 opcode=csrrw x14=0x80001d3f
000001676 RUNTIME_ONLY neutral retire case=00003 pc=0x80001bb8 opcode=xor x15=0x80001d34
000001677 RUNTIME_ONLY neutral retire case=00003 pc=0x80001bbc opcode=addi x16=0x80001d31
000001678 RUNTIME_ONLY neutral retire case=00003 pc=0x80001bc0 opcode=lw x17=0x80001d4e
000001679 RUNTIME_ONLY neutral retire case=00003 pc=0x80001bc4 opcode=sw x18=0x80001d4b
000001680 RUNTIME_ONLY neutral retire case=00003 pc=0x80001bc8 opcode=beq x19=0x80001d58
000001681 RUNTIME_ONLY neutral retire case=00003 pc=0x80001bcc opcode=csrrw x20=0x80001d5d
000001682 RUNTIME_ONLY neutral retire case=00003 pc=0x80001bd0 opcode=xor x21=0x80001d42
000001683 RUNTIME_ONLY neutral retire case=00003 pc=0x80001bd4 opcode=addi x22=0x80001d47
000001684 RUNTIME_ONLY neutral retire case=00003 pc=0x80001bd8 opcode=lw x23=0x80001d4c
000001685 RUNTIME_ONLY neutral retire case=00003 pc=0x80001bdc opcode=sw x24=0x80001d49
000001686 RUNTIME_ONLY neutral retire case=00003 pc=0x80001be0 opcode=beq x25=0x80001d76
000001687 RUNTIME_ONLY neutral retire case=00003 pc=0x80001be4 opcode=csrrw x26=0x80001d73
000001688 RUNTIME_ONLY neutral retire case=00003 pc=0x80001be8 opcode=xor x27=0x80001d70
000001689 RUNTIME_ONLY neutral retire case=00003 pc=0x80001bec opcode=addi x28=0x80001d75
000001690 RUNTIME_ONLY neutral retire case=00003 pc=0x80001bf0 opcode=lw x29=0x80001d6a
000001691 RUNTIME_ONLY neutral retire case=00003 pc=0x80001bf4 opcode=sw x30=0x80001d6f
000001692 RUNTIME_ONLY neutral retire case=00003 pc=0x80001bf8 opcode=beq x31=0x80001d64
000001693 RUNTIME_ONLY neutral retire case=00003 pc=0x80001bfc opcode=csrrw x0=0x80001d61
000001694 RUNTIME_ONLY neutral retire case=00003 pc=0x80001c00 opcode=xor x1=0x80001a9e
000001695 RUNTIME_ONLY neutral retire case=00003 pc=0x80001c04 opcode=addi x2=0x80001a9b
000001696 RUNTIME_ONLY neutral retire case=00003 pc=0x80001c08 opcode=lw x3=0x80001aa8
000001697 RUNTIME_ONLY neutral retire case=00003 pc=0x80001c0c opcode=sw x4=0x80001aad
000001698 RUNTIME_ONLY neutral retire case=00003 pc=0x80001c10 opcode=beq x5=0x80001ab2
000001699 RUNTIME_ONLY neutral retire case=00003 pc=0x80001c14 opcode=csrrw x6=0x80001ab7
000001700 RUNTIME_ONLY neutral retire case=00003 pc=0x80001c18 opcode=xor x7=0x80001abc
000001701 RUNTIME_ONLY neutral retire case=00003 pc=0x80001c1c opcode=addi x8=0x80001ab9
000001702 RUNTIME_ONLY neutral retire case=00003 pc=0x80001c20 opcode=lw x9=0x80001a86
000001703 RUNTIME_ONLY neutral retire case=00003 pc=0x80001c24 opcode=sw x10=0x80001a83
000001704 RUNTIME_ONLY neutral retire case=00003 pc=0x80001c28 opcode=beq x11=0x80001a80
000001705 RUNTIME_ONLY neutral retire case=00003 pc=0x80001c2c opcode=csrrw x12=0x80001a85
000001706 RUNTIME_ONLY neutral retire case=00003 pc=0x80001c30 opcode=xor x13=0x80001a9a
000001707 RUNTIME_ONLY neutral retire case=00003 pc=0x80001c34 opcode=addi x14=0x80001a9f
000001708 RUNTIME_ONLY neutral retire case=00003 pc=0x80001c38 opcode=lw x15=0x80001a94
000001709 RUNTIME_ONLY neutral retire case=00003 pc=0x80001c3c opcode=sw x16=0x80001a91
000001710 RUNTIME_ONLY neutral retire case=00003 pc=0x80001c40 opcode=beq x17=0x80001aee
000001711 RUNTIME_ONLY neutral retire case=00003 pc=0x80001c44 opcode=csrrw x18=0x80001aeb
000001712 RUNTIME_ONLY neutral retire case=00003 pc=0x80001c48 opcode=xor x19=0x80001af8
000001713 RUNTIME_ONLY neutral retire case=00003 pc=0x80001c4c opcode=addi x20=0x80001afd
000001714 RUNTIME_ONLY neutral retire case=00003 pc=0x80001c50 opcode=lw x21=0x80001ae2
000001715 RUNTIME_ONLY neutral retire case=00003 pc=0x80001c54 opcode=sw x22=0x80001ae7
000001716 RUNTIME_ONLY neutral retire case=00003 pc=0x80001c58 opcode=beq x23=0x80001aec
000001717 RUNTIME_ONLY neutral retire case=00003 pc=0x80001c5c opcode=csrrw x24=0x80001ae9
000001718 RUNTIME_ONLY neutral retire case=00003 pc=0x80001c60 opcode=xor x25=0x80001ad6
000001719 RUNTIME_ONLY neutral retire case=00003 pc=0x80001c64 opcode=addi x26=0x80001ad3
000001720 RUNTIME_ONLY neutral retire case=00003 pc=0x80001c68 opcode=lw x27=0x80001ad0
000001721 RUNTIME_ONLY neutral retire case=00003 pc=0x80001c6c opcode=sw x28=0x80001ad5
000001722 RUNTIME_ONLY neutral retire case=00003 pc=0x80001c70 opcode=beq x29=0x80001aca
000001723 RUNTIME_ONLY neutral retire case=00003 pc=0x80001c74 opcode=csrrw x30=0x80001acf
000001724 RUNTIME_ONLY neutral retire case=00003 pc=0x80001c78 opcode=xor x31=0x80001ac4
000001725 RUNTIME_ONLY neutral retire case=00003 pc=0x80001c7c opcode=addi x0=0x80001ac1
000001726 RUNTIME_ONLY neutral retire case=00003 pc=0x80001c80 opcode=lw x1=0x80001a3e
000001727 RUNTIME_ONLY neutral retire case=00003 pc=0x80001c84 opcode=sw x2=0x80001a3b
000001728 RUNTIME_ONLY neutral retire case=00003 pc=0x80001c88 opcode=beq x3=0x80001a48
000001729 RUNTIME_ONLY neutral retire case=00003 pc=0x80001c8c opcode=csrrw x4=0x80001a4d
000001730 RUNTIME_ONLY neutral retire case=00003 pc=0x80001c90 opcode=xor x5=0x80001a52
000001731 RUNTIME_ONLY neutral retire case=00003 pc=0x80001c94 opcode=addi x6=0x80001a57
000001732 RUNTIME_ONLY neutral retire case=00003 pc=0x80001c98 opcode=lw x7=0x80001a5c
000001733 RUNTIME_ONLY neutral retire case=00003 pc=0x80001c9c opcode=sw x8=0x80001a59
000001734 RUNTIME_ONLY neutral retire case=00003 pc=0x80001ca0 opcode=beq x9=0x80001a66
000001735 RUNTIME_ONLY neutral retire case=00003 pc=0x80001ca4 opcode=csrrw x10=0x80001a63
000001736 RUNTIME_ONLY neutral retire case=00003 pc=0x80001ca8 opcode=xor x11=0x80001a60
000001737 RUNTIME_ONLY neutral retire case=00003 pc=0x80001cac opcode=addi x12=0x80001a65
000001738 RUNTIME_ONLY neutral retire case=00003 pc=0x80001cb0 opcode=lw x13=0x80001a7a
000001739 RUNTIME_ONLY neutral retire case=00003 pc=0x80001cb4 opcode=sw x14=0x80001a7f
000001740 RUNTIME_ONLY neutral retire case=00003 pc=0x80001cb8 opcode=beq x15=0x80001a74
000001741 RUNTIME_ONLY neutral retire case=00003 pc=0x80001cbc opcode=csrrw x16=0x80001a71
000001742 RUNTIME_ONLY neutral retire case=00003 pc=0x80001cc0 opcode=xor x17=0x80001a0e
000001743 RUNTIME_ONLY neutral retire case=00003 pc=0x80001cc4 opcode=addi x18=0x80001a0b
000001744 RUNTIME_ONLY neutral retire case=00003 pc=0x80001cc8 opcode=lw x19=0x80001a18
000001745 RUNTIME_ONLY neutral retire case=00003 pc=0x80001ccc opcode=sw x20=0x80001a1d
000001746 RUNTIME_ONLY neutral retire case=00003 pc=0x80001cd0 opcode=beq x21=0x80001a02
000001747 RUNTIME_ONLY neutral retire case=00003 pc=0x80001cd4 opcode=csrrw x22=0x80001a07
000001748 RUNTIME_ONLY neutral retire case=00003 pc=0x80001cd8 opcode=xor x23=0x80001a0c
000001749 RUNTIME_ONLY neutral retire case=00003 pc=0x80001cdc opcode=addi x24=0x80001a09
000001750 RUNTIME_ONLY neutral retire case=00003 pc=0x80001ce0 opcode=lw x25=0x80001a36
000001751 RUNTIME_ONLY neutral retire case=00003 pc=0x80001ce4 opcode=sw x26=0x80001a33
000001752 RUNTIME_ONLY neutral retire case=00003 pc=0x80001ce8 opcode=beq x27=0x80001a30
000001753 RUNTIME_ONLY neutral retire case=00003 pc=0x80001cec opcode=csrrw x28=0x80001a35
000001754 RUNTIME_ONLY neutral retire case=00003 pc=0x80001cf0 opcode=xor x29=0x80001a2a
000001755 RUNTIME_ONLY neutral retire case=00003 pc=0x80001cf4 opcode=addi x30=0x80001a2f
000001756 RUNTIME_ONLY neutral retire case=00003 pc=0x80001cf8 opcode=lw x31=0x80001a24
000001757 RUNTIME_ONLY neutral retire case=00003 pc=0x80001cfc opcode=sw x0=0x80001a21
000001758 RUNTIME_ONLY neutral retire case=00003 pc=0x80001d00 opcode=beq x1=0x80001bde
000001759 RUNTIME_ONLY neutral retire case=00003 pc=0x80001d04 opcode=csrrw x2=0x80001bdb
000001760 RUNTIME_ONLY neutral retire case=00003 pc=0x80001d08 opcode=xor x3=0x80001be8
000001761 RUNTIME_ONLY neutral retire case=00003 pc=0x80001d0c opcode=addi x4=0x80001bed
000001762 RUNTIME_ONLY neutral retire case=00003 pc=0x80001d10 opcode=lw x5=0x80001bf2
000001763 RUNTIME_ONLY neutral retire case=00003 pc=0x80001d14 opcode=sw x6=0x80001bf7
000001764 RUNTIME_ONLY neutral retire case=00003 pc=0x80001d18 opcode=beq x7=0x80001bfc
000001765 RUNTIME_ONLY neutral retire case=00003 pc=0x80001d1c opcode=csrrw x8=0x80001bf9
000001766 RUNTIME_ONLY neutral retire case=00003 pc=0x80001d20 opcode=xor x9=0x80001bc6
000001767 RUNTIME_ONLY neutral retire case=00003 pc=0x80001d24 opcode=addi x10=0x80001bc3
000001768 RUNTIME_ONLY neutral retire case=00003 pc=0x80001d28 opcode=lw x11=0x80001bc0
000001769 RUNTIME_ONLY neutral retire case=00003 pc=0x80001d2c opcode=sw x12=0x80001bc5
000001770 RUNTIME_ONLY neutral retire case=00003 pc=0x80001d30 opcode=beq x13=0x80001bda
000001771 RUNTIME_ONLY neutral retire case=00003 pc=0x80001d34 opcode=csrrw x14=0x80001bdf
000001772 RUNTIME_ONLY neutral retire case=00003 pc=0x80001d38 opcode=xor x15=0x80001bd4
000001773 RUNTIME_ONLY neutral retire case=00003 pc=0x80001d3c opcode=addi x16=0x80001bd1
000001774 RUNTIME_ONLY neutral retire case=00003 pc=0x80001d40 opcode=lw x17=0x80001bae
000001775 RUNTIME_ONLY neutral retire case=00003 pc=0x80001d44 opcode=sw x18=0x80001bab
000001776 RUNTIME_ONLY neutral retire case=00003 pc=0x80001d48 opcode=beq x19=0x80001bb8
000001777 RUNTIME_ONLY neutral retire case=00003 pc=0x80001d4c opcode=csrrw x20=0x80001bbd
000001778 RUNTIME_ONLY neutral retire case=00003 pc=0x80001d50 opcode=xor x21=0x80001ba2
000001779 RUNTIME_ONLY neutral retire case=00003 pc=0x80001d54 opcode=addi x22=0x80001ba7
000001780 RUNTIME_ONLY neutral retire case=00003 pc=0x80001d58 opcode=lw x23=0x80001bac
000001781 RUNTIME_ONLY neutral retire case=00003 pc=0x80001d5c opcode=sw x24=0x80001ba9
000001782 RUNTIME_ONLY neutral retire case=00003 pc=0x80001d60 opcode=beq x25=0x80001b96
000001783 RUNTIME_ONLY neutral retire case=00003 pc=0x80001d64 opcode=csrrw x26=0x80001b93
000001784 RUNTIME_ONLY neutral retire case=00003 pc=0x80001d68 opcode=xor x27=0x80001b90
000001785 RUNTIME_ONLY neutral retire case=00003 pc=0x80001d6c opcode=addi x28=0x80001b95
000001786 RUNTIME_ONLY neutral retire case=00003 pc=0x80001d70 opcode=lw x29=0x80001b8a
000001787 RUNTIME_ONLY neutral retire case=00003 pc=0x80001d74 opcode=sw x30=0x80001b8f
000001788 RUNTIME_ONLY neutral retire case=00003 pc=0x80001d78 opcode=beq x31=0x80001b84
000001789 RUNTIME_ONLY neutral retire case=00003 pc=0x80001d7c opcode=csrrw x0=0x80001b81
000001790 RUNTIME_ONLY neutral retire case=00003 pc=0x80001d80 opcode=xor x1=0x80001b7e
000001791 RUNTIME_ONLY neutral retire case=00003 pc=0x80001d84 opcode=addi x2=0x80001b7b
000001792 RUNTIME_ONLY neutral retire case=00003 pc=0x80001d88 opcode=lw x3=0x80001a88
000001793 RUNTIME_ONLY neutral retire case=00003 pc=0x80001d8c opcode=sw x4=0x80001a8d
000001794 RUNTIME_ONLY neutral retire case=00003 pc=0x80001d90 opcode=beq x5=0x80001a92
000001795 RUNTIME_ONLY neutral retire case=00003 pc=0x80001d94 opcode=csrrw x6=0x80001a97
000001796 RUNTIME_ONLY neutral retire case=00003 pc=0x80001d98 opcode=xor x7=0x80001a9c
000001797 RUNTIME_ONLY neutral retire case=00003 pc=0x80001d9c opcode=addi x8=0x80001a99
000001798 RUNTIME_ONLY neutral retire case=00003 pc=0x80001da0 opcode=lw x9=0x80001aa6
000001799 RUNTIME_ONLY neutral retire case=00003 pc=0x80001da4 opcode=sw x10=0x80001aa3
000001800 RUNTIME_ONLY neutral retire case=00003 pc=0x80001da8 opcode=beq x11=0x80001aa0
000001801 RUNTIME_ONLY neutral retire case=00003 pc=0x80001dac opcode=csrrw x12=0x80001aa5
000001802 RUNTIME_ONLY neutral retire case=00003 pc=0x80001db0 opcode=xor x13=0x80001aba
000001803 RUNTIME_ONLY neutral retire case=00003 pc=0x80001db4 opcode=addi x14=0x80001abf
000001804 RUNTIME_ONLY neutral retire case=00003 pc=0x80001db8 opcode=lw x15=0x80001ab4
000001805 RUNTIME_ONLY neutral retire case=00003 pc=0x80001dbc opcode=sw x16=0x80001ab1
000001806 RUNTIME_ONLY neutral retire case=00003 pc=0x80001dc0 opcode=beq x17=0x80001ace
000001807 RUNTIME_ONLY neutral retire case=00003 pc=0x80001dc4 opcode=csrrw x18=0x80001acb
000001808 RUNTIME_ONLY neutral retire case=00003 pc=0x80001dc8 opcode=xor x19=0x80001ad8
000001809 RUNTIME_ONLY neutral retire case=00003 pc=0x80001dcc opcode=addi x20=0x80001add
000001810 RUNTIME_ONLY neutral retire case=00003 pc=0x80001dd0 opcode=lw x21=0x80001ac2
000001811 RUNTIME_ONLY neutral retire case=00003 pc=0x80001dd4 opcode=sw x22=0x80001ac7
000001812 RUNTIME_ONLY neutral retire case=00003 pc=0x80001dd8 opcode=beq x23=0x80001acc
000001813 RUNTIME_ONLY neutral retire case=00003 pc=0x80001ddc opcode=csrrw x24=0x80001ac9
000001814 RUNTIME_ONLY neutral retire case=00003 pc=0x80001de0 opcode=xor x25=0x80001af6
000001815 RUNTIME_ONLY neutral retire case=00003 pc=0x80001de4 opcode=addi x26=0x80001af3
000001816 RUNTIME_ONLY neutral retire case=00003 pc=0x80001de8 opcode=lw x27=0x80001af0
000001817 RUNTIME_ONLY neutral retire case=00003 pc=0x80001dec opcode=sw x28=0x80001af5
000001818 RUNTIME_ONLY neutral retire case=00003 pc=0x80001df0 opcode=beq x29=0x80001aea
000001819 RUNTIME_ONLY neutral retire case=00003 pc=0x80001df4 opcode=csrrw x30=0x80001aef
000001820 RUNTIME_ONLY neutral retire case=00003 pc=0x80001df8 opcode=xor x31=0x80001ae4
000001821 RUNTIME_ONLY neutral retire case=00003 pc=0x80001dfc opcode=addi x0=0x80001ae1
000001822 RUNTIME_ONLY neutral retire case=00003 pc=0x80001e00 opcode=lw x1=0x8000191e
000001823 RUNTIME_ONLY neutral retire case=00003 pc=0x80001e04 opcode=sw x2=0x8000191b
000001824 RUNTIME_ONLY neutral retire case=00003 pc=0x80001e08 opcode=beq x3=0x80001928
000001825 RUNTIME_ONLY neutral retire case=00003 pc=0x80001e0c opcode=csrrw x4=0x8000192d
000001826 RUNTIME_ONLY neutral retire case=00003 pc=0x80001e10 opcode=xor x5=0x80001932
000001827 RUNTIME_ONLY neutral retire case=00003 pc=0x80001e14 opcode=addi x6=0x80001937
000001828 RUNTIME_ONLY neutral retire case=00003 pc=0x80001e18 opcode=lw x7=0x8000193c
000001829 RUNTIME_ONLY neutral retire case=00003 pc=0x80001e1c opcode=sw x8=0x80001939
000001830 RUNTIME_ONLY neutral retire case=00003 pc=0x80001e20 opcode=beq x9=0x80001906
000001831 RUNTIME_ONLY neutral retire case=00003 pc=0x80001e24 opcode=csrrw x10=0x80001903
000001832 RUNTIME_ONLY neutral retire case=00003 pc=0x80001e28 opcode=xor x11=0x80001900
000001833 RUNTIME_ONLY neutral retire case=00003 pc=0x80001e2c opcode=addi x12=0x80001905
000001834 RUNTIME_ONLY neutral retire case=00003 pc=0x80001e30 opcode=lw x13=0x8000191a
000001835 RUNTIME_ONLY neutral retire case=00003 pc=0x80001e34 opcode=sw x14=0x8000191f
000001836 RUNTIME_ONLY neutral retire case=00003 pc=0x80001e38 opcode=beq x15=0x80001914
000001837 RUNTIME_ONLY neutral retire case=00003 pc=0x80001e3c opcode=csrrw x16=0x80001911
000001838 RUNTIME_ONLY neutral retire case=00003 pc=0x80001e40 opcode=xor x17=0x8000196e
000001839 RUNTIME_ONLY neutral retire case=00003 pc=0x80001e44 opcode=addi x18=0x8000196b
000001840 RUNTIME_ONLY neutral retire case=00003 pc=0x80001e48 opcode=lw x19=0x80001978
000001841 RUNTIME_ONLY neutral retire case=00003 pc=0x80001e4c opcode=sw x20=0x8000197d
000001842 RUNTIME_ONLY neutral retire case=00003 pc=0x80001e50 opcode=beq x21=0x80001962
000001843 RUNTIME_ONLY neutral retire case=00003 pc=0x80001e54 opcode=csrrw x22=0x80001967
000001844 RUNTIME_ONLY neutral retire case=00003 pc=0x80001e58 opcode=xor x23=0x8000196c
000001845 RUNTIME_ONLY neutral retire case=00003 pc=0x80001e5c opcode=addi x24=0x80001969
000001846 RUNTIME_ONLY neutral retire case=00003 pc=0x80001e60 opcode=lw x25=0x80001956
000001847 RUNTIME_ONLY neutral retire case=00003 pc=0x80001e64 opcode=sw x26=0x80001953
000001848 RUNTIME_ONLY neutral retire case=00003 pc=0x80001e68 opcode=beq x27=0x80001950
000001849 RUNTIME_ONLY neutral retire case=00003 pc=0x80001e6c opcode=csrrw x28=0x80001955
000001850 RUNTIME_ONLY neutral retire case=00003 pc=0x80001e70 opcode=xor x29=0x8000194a
000001851 RUNTIME_ONLY neutral retire case=00003 pc=0x80001e74 opcode=addi x30=0x8000194f
000001852 RUNTIME_ONLY neutral retire case=00003 pc=0x80001e78 opcode=lw x31=0x80001944
000001853 RUNTIME_ONLY neutral retire case=00003 pc=0x80001e7c opcode=sw x0=0x80001941
000001854 RUNTIME_ONLY neutral retire case=00003 pc=0x80001e80 opcode=beq x1=0x800019be
000001855 RUNTIME_ONLY neutral retire case=00003 pc=0x80001e84 opcode=csrrw x2=0x800019bb
000001856 RUNTIME_ONLY neutral retire case=00003 pc=0x80001e88 opcode=xor x3=0x800019c8
000001857 RUNTIME_ONLY neutral retire case=00003 pc=0x80001e8c opcode=addi x4=0x800019cd
000001858 RUNTIME_ONLY neutral retire case=00003 pc=0x80001e90 opcode=lw x5=0x800019d2
000001859 RUNTIME_ONLY neutral retire case=00003 pc=0x80001e94 opcode=sw x6=0x800019d7
000001860 RUNTIME_ONLY neutral retire case=00003 pc=0x80001e98 opcode=beq x7=0x800019dc
000001861 RUNTIME_ONLY neutral retire case=00003 pc=0x80001e9c opcode=csrrw x8=0x800019d9
000001862 RUNTIME_ONLY neutral retire case=00003 pc=0x80001ea0 opcode=xor x9=0x800019e6
000001863 RUNTIME_ONLY neutral retire case=00003 pc=0x80001ea4 opcode=addi x10=0x800019e3
000001864 RUNTIME_ONLY neutral retire case=00003 pc=0x80001ea8 opcode=lw x11=0x800019e0
000001865 RUNTIME_ONLY neutral retire case=00003 pc=0x80001eac opcode=sw x12=0x800019e5
000001866 RUNTIME_ONLY neutral retire case=00003 pc=0x80001eb0 opcode=beq x13=0x800019fa
000001867 RUNTIME_ONLY neutral retire case=00003 pc=0x80001eb4 opcode=csrrw x14=0x800019ff
000001868 RUNTIME_ONLY neutral retire case=00003 pc=0x80001eb8 opcode=xor x15=0x800019f4
000001869 RUNTIME_ONLY neutral retire case=00003 pc=0x80001ebc opcode=addi x16=0x800019f1
000001870 RUNTIME_ONLY neutral retire case=00003 pc=0x80001ec0 opcode=lw x17=0x8000198e
000001871 RUNTIME_ONLY neutral retire case=00003 pc=0x80001ec4 opcode=sw x18=0x8000198b
000001872 RUNTIME_ONLY neutral retire case=00003 pc=0x80001ec8 opcode=beq x19=0x80001998
000001873 RUNTIME_ONLY neutral retire case=00003 pc=0x80001ecc opcode=csrrw x20=0x8000199d
000001874 RUNTIME_ONLY neutral retire case=00003 pc=0x80001ed0 opcode=xor x21=0x80001982
000001875 RUNTIME_ONLY neutral retire case=00003 pc=0x80001ed4 opcode=addi x22=0x80001987
000001876 RUNTIME_ONLY neutral retire case=00003 pc=0x80001ed8 opcode=lw x23=0x8000198c
000001877 RUNTIME_ONLY neutral retire case=00003 pc=0x80001edc opcode=sw x24=0x80001989
000001878 RUNTIME_ONLY neutral retire case=00003 pc=0x80001ee0 opcode=beq x25=0x800019b6
000001879 RUNTIME_ONLY neutral retire case=00003 pc=0x80001ee4 opcode=csrrw x26=0x800019b3
000001880 RUNTIME_ONLY neutral retire case=00003 pc=0x80001ee8 opcode=xor x27=0x800019b0
000001881 RUNTIME_ONLY neutral retire case=00003 pc=0x80001eec opcode=addi x28=0x800019b5
000001882 RUNTIME_ONLY neutral retire case=00003 pc=0x80001ef0 opcode=lw x29=0x800019aa
000001883 RUNTIME_ONLY neutral retire case=00003 pc=0x80001ef4 opcode=sw x30=0x800019af
000001884 RUNTIME_ONLY neutral retire case=00003 pc=0x80001ef8 opcode=beq x31=0x800019a4
000001885 RUNTIME_ONLY neutral retire case=00003 pc=0x80001efc opcode=csrrw x0=0x800019a1
000001886 RUNTIME_ONLY neutral retire case=00003 pc=0x80001f00 opcode=xor x1=0x8000185e
000001887 RUNTIME_ONLY neutral retire case=00003 pc=0x80001f04 opcode=addi x2=0x8000185b
000001888 RUNTIME_ONLY neutral retire case=00003 pc=0x80001f08 opcode=lw x3=0x80001868
000001889 RUNTIME_ONLY neutral retire case=00003 pc=0x80001f0c opcode=sw x4=0x8000186d
000001890 RUNTIME_ONLY neutral retire case=00003 pc=0x80001f10 opcode=beq x5=0x80001872
000001891 RUNTIME_ONLY neutral retire case=00003 pc=0x80001f14 opcode=csrrw x6=0x80001877
000001892 RUNTIME_ONLY neutral retire case=00003 pc=0x80001f18 opcode=xor x7=0x8000187c
000001893 RUNTIME_ONLY neutral retire case=00003 pc=0x80001f1c opcode=addi x8=0x80001879
000001894 RUNTIME_ONLY neutral retire case=00003 pc=0x80001f20 opcode=lw x9=0x80001846
000001895 RUNTIME_ONLY neutral retire case=00003 pc=0x80001f24 opcode=sw x10=0x80001843
000001896 RUNTIME_ONLY neutral retire case=00003 pc=0x80001f28 opcode=beq x11=0x80001840
000001897 RUNTIME_ONLY neutral retire case=00003 pc=0x80001f2c opcode=csrrw x12=0x80001845
000001898 RUNTIME_ONLY neutral retire case=00003 pc=0x80001f30 opcode=xor x13=0x8000185a
000001899 RUNTIME_ONLY neutral retire case=00003 pc=0x80001f34 opcode=addi x14=0x8000185f
000001900 RUNTIME_ONLY neutral retire case=00003 pc=0x80001f38 opcode=lw x15=0x80001854
000001901 RUNTIME_ONLY neutral retire case=00003 pc=0x80001f3c opcode=sw x16=0x80001851
000001902 RUNTIME_ONLY neutral retire case=00003 pc=0x80001f40 opcode=beq x17=0x8000182e
000001903 RUNTIME_ONLY neutral retire case=00003 pc=0x80001f44 opcode=csrrw x18=0x8000182b
000001904 RUNTIME_ONLY neutral retire case=00003 pc=0x80001f48 opcode=xor x19=0x80001838
000001905 RUNTIME_ONLY neutral retire case=00003 pc=0x80001f4c opcode=addi x20=0x8000183d
000001906 RUNTIME_ONLY neutral retire case=00003 pc=0x80001f50 opcode=lw x21=0x80001822
000001907 RUNTIME_ONLY neutral retire case=00003 pc=0x80001f54 opcode=sw x22=0x80001827
000001908 RUNTIME_ONLY neutral retire case=00003 pc=0x80001f58 opcode=beq x23=0x8000182c
000001909 RUNTIME_ONLY neutral retire case=00003 pc=0x80001f5c opcode=csrrw x24=0x80001829
000001910 RUNTIME_ONLY neutral retire case=00003 pc=0x80001f60 opcode=xor x25=0x80001816
000001911 RUNTIME_ONLY neutral retire case=00003 pc=0x80001f64 opcode=addi x26=0x80001813
000001912 RUNTIME_ONLY neutral retire case=00003 pc=0x80001f68 opcode=lw x27=0x80001810
000001913 RUNTIME_ONLY neutral retire case=00003 pc=0x80001f6c opcode=sw x28=0x80001815
000001914 RUNTIME_ONLY neutral retire case=00003 pc=0x80001f70 opcode=beq x29=0x8000180a
000001915 RUNTIME_ONLY neutral retire case=00003 pc=0x80001f74 opcode=csrrw x30=0x8000180f
000001916 RUNTIME_ONLY neutral retire case=00003 pc=0x80001f78 opcode=xor x31=0x80001804
000001917 RUNTIME_ONLY neutral retire case=00003 pc=0x80001f7c opcode=addi x0=0x80001801
000001918 RUNTIME_ONLY neutral retire case=00003 pc=0x80001f80 opcode=lw x1=0x800018fe
000001919 RUNTIME_ONLY neutral retire case=00003 pc=0x80001f84 opcode=sw x2=0x800018fb
000001920 RUNTIME_ONLY neutral retire case=00003 pc=0x80001f88 opcode=beq x3=0x80001808
000001921 RUNTIME_ONLY neutral retire case=00003 pc=0x80001f8c opcode=csrrw x4=0x8000180d
000001922 RUNTIME_ONLY neutral retire case=00003 pc=0x80001f90 opcode=xor x5=0x80001812
000001923 RUNTIME_ONLY neutral retire case=00003 pc=0x80001f94 opcode=addi x6=0x80001817
000001924 RUNTIME_ONLY neutral retire case=00003 pc=0x80001f98 opcode=lw x7=0x8000181c
000001925 RUNTIME_ONLY neutral retire case=00003 pc=0x80001f9c opcode=sw x8=0x80001819
000001926 RUNTIME_ONLY neutral retire case=00003 pc=0x80001fa0 opcode=beq x9=0x80001826
000001927 RUNTIME_ONLY neutral retire case=00003 pc=0x80001fa4 opcode=csrrw x10=0x80001823
000001928 RUNTIME_ONLY neutral retire case=00003 pc=0x80001fa8 opcode=xor x11=0x80001820
000001929 RUNTIME_ONLY neutral retire case=00003 pc=0x80001fac opcode=addi x12=0x80001825
000001930 RUNTIME_ONLY neutral retire case=00003 pc=0x80001fb0 opcode=lw x13=0x8000183a
000001931 RUNTIME_ONLY neutral retire case=00003 pc=0x80001fb4 opcode=sw x14=0x8000183f
000001932 RUNTIME_ONLY neutral retire case=00003 pc=0x80001fb8 opcode=beq x15=0x80001834
000001933 RUNTIME_ONLY neutral retire case=00003 pc=0x80001fbc opcode=csrrw x16=0x80001831
000001934 RUNTIME_ONLY neutral retire case=00003 pc=0x80001fc0 opcode=xor x17=0x8000184e
000001935 RUNTIME_ONLY neutral retire case=00003 pc=0x80001fc4 opcode=addi x18=0x8000184b
000001936 RUNTIME_ONLY neutral retire case=00003 pc=0x80001fc8 opcode=lw x19=0x80001858
000001937 RUNTIME_ONLY neutral retire case=00003 pc=0x80001fcc opcode=sw x20=0x8000185d
000001938 RUNTIME_ONLY neutral retire case=00003 pc=0x80001fd0 opcode=beq x21=0x80001842
000001939 RUNTIME_ONLY neutral retire case=00003 pc=0x80001fd4 opcode=csrrw x22=0x80001847
000001940 RUNTIME_ONLY neutral retire case=00003 pc=0x80001fd8 opcode=xor x23=0x8000184c
000001941 RUNTIME_ONLY neutral retire case=00003 pc=0x80001fdc opcode=addi x24=0x80001849
000001942 RUNTIME_ONLY neutral retire case=00003 pc=0x80001fe0 opcode=lw x25=0x80001876
000001943 RUNTIME_ONLY neutral retire case=00003 pc=0x80001fe4 opcode=sw x26=0x80001873
000001944 RUNTIME_ONLY neutral retire case=00003 pc=0x80001fe8 opcode=beq x27=0x80001870
000001945 RUNTIME_ONLY neutral retire case=00003 pc=0x80001fec opcode=csrrw x28=0x80001875
000001946 RUNTIME_ONLY neutral retire case=00003 pc=0x80001ff0 opcode=xor x29=0x8000186a
000001947 RUNTIME_ONLY neutral retire case=00003 pc=0x80001ff4 opcode=addi x30=0x8000186f
000001948 RUNTIME_ONLY neutral retire case=00003 pc=0x80001ff8 opcode=lw x31=0x80001864
000001949 RUNTIME_ONLY neutral retire case=00003 pc=0x80001ffc opcode=sw x0=0x80001861
000001950 RUNTIME_ONLY neutral retire case=00003 pc=0x80002000 opcode=beq x1=0x8000279e
000001951 RUNTIME_ONLY neutral retire case=00003 pc=0x80002004 opcode=csrrw x2=0x8000279b
000001952 RUNTIME_ONLY neutral retire case=00003 pc=0x80002008 opcode=xor x3=0x800027a8
000001953 RUNTIME_ONLY neutral retire case=00003 pc=0x8000200c opcode=addi x4=0x800027ad
000001954 RUNTIME_ONLY neutral retire case=00003 pc=0x80002010 opcode=lw x5=0x800027b2
000001955 RUNTIME_ONLY neutral retire case=00003 pc=0x80002014 opcode=sw x6=0x800027b7
000001956 RUNTIME_ONLY neutral retire case=00003 pc=0x80002018 opcode=beq x7=0x800027bc
000001957 RUNTIME_ONLY neutral retire case=00003 pc=0x8000201c opcode=csrrw x8=0x800027b9
000001958 RUNTIME_ONLY neutral retire case=00003 pc=0x80002020 opcode=xor x9=0x80002786
000001959 RUNTIME_ONLY neutral retire case=00003 pc=0x80002024 opcode=addi x10=0x80002783
000001960 RUNTIME_ONLY neutral retire case=00003 pc=0x80002028 opcode=lw x11=0x80002780
000001961 RUNTIME_ONLY neutral retire case=00003 pc=0x8000202c opcode=sw x12=0x80002785
000001962 RUNTIME_ONLY neutral retire case=00003 pc=0x80002030 opcode=beq x13=0x8000279a
000001963 RUNTIME_ONLY neutral retire case=00003 pc=0x80002034 opcode=csrrw x14=0x8000279f
000001964 RUNTIME_ONLY neutral retire case=00003 pc=0x80002038 opcode=xor x15=0x80002794
000001965 RUNTIME_ONLY neutral retire case=00003 pc=0x8000203c opcode=addi x16=0x80002791
000001966 RUNTIME_ONLY neutral retire case=00003 pc=0x80002040 opcode=lw x17=0x800027ee
000001967 RUNTIME_ONLY neutral retire case=00003 pc=0x80002044 opcode=sw x18=0x800027eb
000001968 RUNTIME_ONLY neutral retire case=00003 pc=0x80002048 opcode=beq x19=0x800027f8
000001969 RUNTIME_ONLY neutral retire case=00003 pc=0x8000204c opcode=csrrw x20=0x800027fd
000001970 RUNTIME_ONLY neutral retire case=00003 pc=0x80002050 opcode=xor x21=0x800027e2
000001971 RUNTIME_ONLY neutral retire case=00003 pc=0x80002054 opcode=addi x22=0x800027e7
000001972 RUNTIME_ONLY neutral retire case=00003 pc=0x80002058 opcode=lw x23=0x800027ec
000001973 RUNTIME_ONLY neutral retire case=00003 pc=0x8000205c opcode=sw x24=0x800027e9
000001974 RUNTIME_ONLY neutral retire case=00003 pc=0x80002060 opcode=beq x25=0x800027d6
000001975 RUNTIME_ONLY neutral retire case=00003 pc=0x80002064 opcode=csrrw x26=0x800027d3
000001976 RUNTIME_ONLY neutral retire case=00003 pc=0x80002068 opcode=xor x27=0x800027d0
000001977 RUNTIME_ONLY neutral retire case=00003 pc=0x8000206c opcode=addi x28=0x800027d5
000001978 RUNTIME_ONLY neutral retire case=00003 pc=0x80002070 opcode=lw x29=0x800027ca
000001979 RUNTIME_ONLY neutral retire case=00003 pc=0x80002074 opcode=sw x30=0x800027cf
000001980 RUNTIME_ONLY neutral retire case=00003 pc=0x80002078 opcode=beq x31=0x800027c4
000001981 RUNTIME_ONLY neutral retire case=00003 pc=0x8000207c opcode=csrrw x0=0x800027c1
000001982 RUNTIME_ONLY neutral retire case=00003 pc=0x80002080 opcode=xor x1=0x8000273e
000001983 RUNTIME_ONLY neutral retire case=00003 pc=0x80002084 opcode=addi x2=0x8000273b
000001984 RUNTIME_ONLY neutral retire case=00003 pc=0x80002088 opcode=lw x3=0x80002748
000001985 RUNTIME_ONLY neutral retire case=00003 pc=0x8000208c opcode=sw x4=0x8000274d
000001986 RUNTIME_ONLY neutral retire case=00003 pc=0x80002090 opcode=beq x5=0x80002752
000001987 RUNTIME_ONLY neutral retire case=00003 pc=0x80002094 opcode=csrrw x6=0x80002757
000001988 RUNTIME_ONLY neutral retire case=00003 pc=0x80002098 opcode=xor x7=0x8000275c
000001989 RUNTIME_ONLY neutral retire case=00003 pc=0x8000209c opcode=addi x8=0x80002759
000001990 RUNTIME_ONLY neutral retire case=00003 pc=0x800020a0 opcode=lw x9=0x80002766
000001991 RUNTIME_ONLY neutral retire case=00003 pc=0x800020a4 opcode=sw x10=0x80002763
000001992 RUNTIME_ONLY neutral retire case=00003 pc=0x800020a8 opcode=beq x11=0x80002760
000001993 RUNTIME_ONLY neutral retire case=00003 pc=0x800020ac opcode=csrrw x12=0x80002765
000001994 RUNTIME_ONLY neutral retire case=00003 pc=0x800020b0 opcode=xor x13=0x8000277a
000001995 RUNTIME_ONLY neutral retire case=00003 pc=0x800020b4 opcode=addi x14=0x8000277f
000001996 RUNTIME_ONLY neutral retire case=00003 pc=0x800020b8 opcode=lw x15=0x80002774
000001997 RUNTIME_ONLY neutral retire case=00003 pc=0x800020bc opcode=sw x16=0x80002771
000001998 RUNTIME_ONLY neutral retire case=00003 pc=0x800020c0 opcode=beq x17=0x8000270e
000001999 RUNTIME_ONLY neutral retire case=00003 pc=0x800020c4 opcode=csrrw x18=0x8000270b
000002000 RUNTIME_ONLY neutral retire case=00003 pc=0x800020c8 opcode=xor x19=0x80002718
000002001 RUNTIME_ONLY neutral retire case=00003 pc=0x800020cc opcode=addi x20=0x8000271d
000002002 RUNTIME_ONLY neutral retire case=00003 pc=0x800020d0 opcode=lw x21=0x80002702
000002003 RUNTIME_ONLY neutral retire case=00003 pc=0x800020d4 opcode=sw x22=0x80002707
000002004 RUNTIME_ONLY neutral retire case=00003 pc=0x800020d8 opcode=beq x23=0x8000270c
000002005 RUNTIME_ONLY neutral retire case=00003 pc=0x800020dc opcode=csrrw x24=0x80002709
000002006 RUNTIME_ONLY neutral retire case=00003 pc=0x800020e0 opcode=xor x25=0x80002736
000002007 RUNTIME_ONLY neutral retire case=00003 pc=0x800020e4 opcode=addi x26=0x80002733
000002008 RUNTIME_ONLY neutral retire case=00003 pc=0x800020e8 opcode=lw x27=0x80002730
000002009 RUNTIME_ONLY neutral retire case=00003 pc=0x800020ec opcode=sw x28=0x80002735
000002010 RUNTIME_ONLY neutral retire case=00003 pc=0x800020f0 opcode=beq x29=0x8000272a
000002011 RUNTIME_ONLY neutral retire case=00003 pc=0x800020f4 opcode=csrrw x30=0x8000272f
000002012 RUNTIME_ONLY neutral retire case=00003 pc=0x800020f8 opcode=xor x31=0x80002724
000002013 RUNTIME_ONLY neutral retire case=00003 pc=0x800020fc opcode=addi x0=0x80002721
000002014 RUNTIME_ONLY neutral retire case=00003 pc=0x80002100 opcode=lw x1=0x800026de
000002015 RUNTIME_ONLY neutral retire case=00003 pc=0x80002104 opcode=sw x2=0x800026db
000002016 RUNTIME_ONLY neutral retire case=00003 pc=0x80002108 opcode=beq x3=0x800026e8
000002017 RUNTIME_ONLY neutral retire case=00003 pc=0x8000210c opcode=csrrw x4=0x800026ed
000002018 RUNTIME_ONLY neutral retire case=00003 pc=0x80002110 opcode=xor x5=0x800026f2
000002019 RUNTIME_ONLY neutral retire case=00003 pc=0x80002114 opcode=addi x6=0x800026f7
000002020 RUNTIME_ONLY neutral retire case=00003 pc=0x80002118 opcode=lw x7=0x800026fc
000002021 RUNTIME_ONLY neutral retire case=00003 pc=0x8000211c opcode=sw x8=0x800026f9
000002022 RUNTIME_ONLY neutral retire case=00003 pc=0x80002120 opcode=beq x9=0x800026c6
000002023 RUNTIME_ONLY neutral retire case=00003 pc=0x80002124 opcode=csrrw x10=0x800026c3
000002024 RUNTIME_ONLY neutral retire case=00003 pc=0x80002128 opcode=xor x11=0x800026c0
000002025 RUNTIME_ONLY neutral retire case=00003 pc=0x8000212c opcode=addi x12=0x800026c5
000002026 RUNTIME_ONLY neutral retire case=00003 pc=0x80002130 opcode=lw x13=0x800026da
000002027 RUNTIME_ONLY neutral retire case=00003 pc=0x80002134 opcode=sw x14=0x800026df
000002028 RUNTIME_ONLY neutral retire case=00003 pc=0x80002138 opcode=beq x15=0x800026d4
000002029 RUNTIME_ONLY neutral retire case=00003 pc=0x8000213c opcode=csrrw x16=0x800026d1
000002030 RUNTIME_ONLY neutral retire case=00003 pc=0x80002140 opcode=xor x17=0x800026ae
000002031 RUNTIME_ONLY neutral retire case=00003 pc=0x80002144 opcode=addi x18=0x800026ab
000002032 RUNTIME_ONLY neutral retire case=00003 pc=0x80002148 opcode=lw x19=0x800026b8
000002033 RUNTIME_ONLY neutral retire case=00003 pc=0x8000214c opcode=sw x20=0x800026bd
000002034 RUNTIME_ONLY neutral retire case=00003 pc=0x80002150 opcode=beq x21=0x800026a2
000002035 RUNTIME_ONLY neutral retire case=00003 pc=0x80002154 opcode=csrrw x22=0x800026a7
000002036 RUNTIME_ONLY neutral retire case=00003 pc=0x80002158 opcode=xor x23=0x800026ac
000002037 RUNTIME_ONLY neutral retire case=00003 pc=0x8000215c opcode=addi x24=0x800026a9
000002038 RUNTIME_ONLY neutral retire case=00003 pc=0x80002160 opcode=lw x25=0x80002696
000002039 RUNTIME_ONLY neutral retire case=00003 pc=0x80002164 opcode=sw x26=0x80002693
000002040 RUNTIME_ONLY neutral retire case=00003 pc=0x80002168 opcode=beq x27=0x80002690
000002041 RUNTIME_ONLY neutral retire case=00003 pc=0x8000216c opcode=csrrw x28=0x80002695
000002042 RUNTIME_ONLY neutral retire case=00003 pc=0x80002170 opcode=xor x29=0x8000268a
000002043 RUNTIME_ONLY neutral retire case=00003 pc=0x80002174 opcode=addi x30=0x8000268f
000002044 RUNTIME_ONLY neutral retire case=00003 pc=0x80002178 opcode=lw x31=0x80002684
000002045 RUNTIME_ONLY neutral retire case=00003 pc=0x8000217c opcode=sw x0=0x80002681
000002046 RUNTIME_ONLY neutral retire case=00003 pc=0x80002180 opcode=beq x1=0x8000267e
000002047 RUNTIME_ONLY neutral retire case=00003 pc=0x80002184 opcode=csrrw x2=0x8000267b
000002048 RUNTIME_ONLY neutral retire case=00003 pc=0x80002188 opcode=xor x3=0x80002988
000002049 RUNTIME_ONLY neutral retire case=00003 pc=0x8000218c opcode=addi x4=0x8000298d
000002050 RUNTIME_ONLY neutral retire case=00003 pc=0x80002190 opcode=lw x5=0x80002992
000002051 RUNTIME_ONLY neutral retire case=00003 pc=0x80002194 opcode=sw x6=0x80002997
000002052 RUNTIME_ONLY neutral retire case=00003 pc=0x80002198 opcode=beq x7=0x8000299c
000002053 RUNTIME_ONLY neutral retire case=00003 pc=0x8000219c opcode=csrrw x8=0x80002999
000002054 RUNTIME_ONLY neutral retire case=00003 pc=0x800021a0 opcode=xor x9=0x800029a6
000002055 RUNTIME_ONLY neutral retire case=00003 pc=0x800021a4 opcode=addi x10=0x800029a3
000002056 RUNTIME_ONLY neutral retire case=00003 pc=0x800021a8 opcode=lw x11=0x800029a0
000002057 RUNTIME_ONLY neutral retire case=00003 pc=0x800021ac opcode=sw x12=0x800029a5
000002058 RUNTIME_ONLY neutral retire case=00003 pc=0x800021b0 opcode=beq x13=0x800029ba
000002059 RUNTIME_ONLY neutral retire case=00003 pc=0x800021b4 opcode=csrrw x14=0x800029bf
000002060 RUNTIME_ONLY neutral retire case=00003 pc=0x800021b8 opcode=xor x15=0x800029b4
000002061 RUNTIME_ONLY neutral retire case=00003 pc=0x800021bc opcode=addi x16=0x800029b1
000002062 RUNTIME_ONLY neutral retire case=00003 pc=0x800021c0 opcode=lw x17=0x800029ce
000002063 RUNTIME_ONLY neutral retire case=00003 pc=0x800021c4 opcode=sw x18=0x800029cb
000002064 RUNTIME_ONLY neutral retire case=00003 pc=0x800021c8 opcode=beq x19=0x800029d8
000002065 RUNTIME_ONLY neutral retire case=00003 pc=0x800021cc opcode=csrrw x20=0x800029dd
000002066 RUNTIME_ONLY neutral retire case=00003 pc=0x800021d0 opcode=xor x21=0x800029c2
000002067 RUNTIME_ONLY neutral retire case=00003 pc=0x800021d4 opcode=addi x22=0x800029c7
000002068 RUNTIME_ONLY neutral retire case=00003 pc=0x800021d8 opcode=lw x23=0x800029cc
000002069 RUNTIME_ONLY neutral retire case=00003 pc=0x800021dc opcode=sw x24=0x800029c9
000002070 RUNTIME_ONLY neutral retire case=00003 pc=0x800021e0 opcode=beq x25=0x800029f6
000002071 RUNTIME_ONLY neutral retire case=00003 pc=0x800021e4 opcode=csrrw x26=0x800029f3
000002072 RUNTIME_ONLY neutral retire case=00003 pc=0x800021e8 opcode=xor x27=0x800029f0
000002073 RUNTIME_ONLY neutral retire case=00003 pc=0x800021ec opcode=addi x28=0x800029f5
000002074 RUNTIME_ONLY neutral retire case=00003 pc=0x800021f0 opcode=lw x29=0x800029ea
000002075 RUNTIME_ONLY neutral retire case=00003 pc=0x800021f4 opcode=sw x30=0x800029ef
000002076 RUNTIME_ONLY neutral retire case=00003 pc=0x800021f8 opcode=beq x31=0x800029e4
000002077 RUNTIME_ONLY neutral retire case=00003 pc=0x800021fc opcode=csrrw x0=0x800029e1
000002078 RUNTIME_ONLY neutral retire case=00003 pc=0x80002200 opcode=xor x1=0x80002a1e
000002079 RUNTIME_ONLY neutral retire case=00003 pc=0x80002204 opcode=addi x2=0x80002a1b
000002080 RUNTIME_ONLY neutral retire case=00003 pc=0x80002208 opcode=lw x3=0x80002a28
000002081 RUNTIME_ONLY neutral retire case=00003 pc=0x8000220c opcode=sw x4=0x80002a2d
000002082 RUNTIME_ONLY neutral retire case=00003 pc=0x80002210 opcode=beq x5=0x80002a32
000002083 RUNTIME_ONLY neutral retire case=00003 pc=0x80002214 opcode=csrrw x6=0x80002a37
000002084 RUNTIME_ONLY neutral retire case=00003 pc=0x80002218 opcode=xor x7=0x80002a3c
000002085 RUNTIME_ONLY neutral retire case=00003 pc=0x8000221c opcode=addi x8=0x80002a39
000002086 RUNTIME_ONLY neutral retire case=00003 pc=0x80002220 opcode=lw x9=0x80002a06
000002087 RUNTIME_ONLY neutral retire case=00003 pc=0x80002224 opcode=sw x10=0x80002a03
000002088 RUNTIME_ONLY neutral retire case=00003 pc=0x80002228 opcode=beq x11=0x80002a00
000002089 RUNTIME_ONLY neutral retire case=00003 pc=0x8000222c opcode=csrrw x12=0x80002a05
000002090 RUNTIME_ONLY neutral retire case=00003 pc=0x80002230 opcode=xor x13=0x80002a1a
000002091 RUNTIME_ONLY neutral retire case=00003 pc=0x80002234 opcode=addi x14=0x80002a1f
000002092 RUNTIME_ONLY neutral retire case=00003 pc=0x80002238 opcode=lw x15=0x80002a14
000002093 RUNTIME_ONLY neutral retire case=00003 pc=0x8000223c opcode=sw x16=0x80002a11
000002094 RUNTIME_ONLY neutral retire case=00003 pc=0x80002240 opcode=beq x17=0x80002a6e
000002095 RUNTIME_ONLY neutral retire case=00003 pc=0x80002244 opcode=csrrw x18=0x80002a6b
000002096 RUNTIME_ONLY neutral retire case=00003 pc=0x80002248 opcode=xor x19=0x80002a78
000002097 RUNTIME_ONLY neutral retire case=00003 pc=0x8000224c opcode=addi x20=0x80002a7d
000002098 RUNTIME_ONLY neutral retire case=00003 pc=0x80002250 opcode=lw x21=0x80002a62
000002099 RUNTIME_ONLY neutral retire case=00003 pc=0x80002254 opcode=sw x22=0x80002a67
000002100 RUNTIME_ONLY neutral retire case=00003 pc=0x80002258 opcode=beq x23=0x80002a6c
000002101 RUNTIME_ONLY neutral retire case=00003 pc=0x8000225c opcode=csrrw x24=0x80002a69
000002102 RUNTIME_ONLY neutral retire case=00003 pc=0x80002260 opcode=xor x25=0x80002a56
000002103 RUNTIME_ONLY neutral retire case=00003 pc=0x80002264 opcode=addi x26=0x80002a53
000002104 RUNTIME_ONLY neutral retire case=00003 pc=0x80002268 opcode=lw x27=0x80002a50
000002105 RUNTIME_ONLY neutral retire case=00003 pc=0x8000226c opcode=sw x28=0x80002a55
000002106 RUNTIME_ONLY neutral retire case=00003 pc=0x80002270 opcode=beq x29=0x80002a4a
000002107 RUNTIME_ONLY neutral retire case=00003 pc=0x80002274 opcode=csrrw x30=0x80002a4f
000002108 RUNTIME_ONLY neutral retire case=00003 pc=0x80002278 opcode=xor x31=0x80002a44
000002109 RUNTIME_ONLY neutral retire case=00003 pc=0x8000227c opcode=addi x0=0x80002a41
000002110 RUNTIME_ONLY neutral retire case=00003 pc=0x80002280 opcode=lw x1=0x80002abe
000002111 RUNTIME_ONLY neutral retire case=00003 pc=0x80002284 opcode=sw x2=0x80002abb
000002112 RUNTIME_ONLY neutral retire case=00003 pc=0x80002288 opcode=beq x3=0x80002ac8
000002113 RUNTIME_ONLY neutral retire case=00003 pc=0x8000228c opcode=csrrw x4=0x80002acd
000002114 RUNTIME_ONLY neutral retire case=00003 pc=0x80002290 opcode=xor x5=0x80002ad2
000002115 RUNTIME_ONLY neutral retire case=00003 pc=0x80002294 opcode=addi x6=0x80002ad7
000002116 RUNTIME_ONLY neutral retire case=00003 pc=0x80002298 opcode=lw x7=0x80002adc
000002117 RUNTIME_ONLY neutral retire case=00003 pc=0x8000229c opcode=sw x8=0x80002ad9
000002118 RUNTIME_ONLY neutral retire case=00003 pc=0x800022a0 opcode=beq x9=0x80002ae6
000002119 RUNTIME_ONLY neutral retire case=00003 pc=0x800022a4 opcode=csrrw x10=0x80002ae3
000002120 RUNTIME_ONLY neutral retire case=00003 pc=0x800022a8 opcode=xor x11=0x80002ae0
000002121 RUNTIME_ONLY neutral retire case=00003 pc=0x800022ac opcode=addi x12=0x80002ae5
000002122 RUNTIME_ONLY neutral retire case=00003 pc=0x800022b0 opcode=lw x13=0x80002afa
000002123 RUNTIME_ONLY neutral retire case=00003 pc=0x800022b4 opcode=sw x14=0x80002aff
000002124 RUNTIME_ONLY neutral retire case=00003 pc=0x800022b8 opcode=beq x15=0x80002af4
000002125 RUNTIME_ONLY neutral retire case=00003 pc=0x800022bc opcode=csrrw x16=0x80002af1
000002126 RUNTIME_ONLY neutral retire case=00003 pc=0x800022c0 opcode=xor x17=0x80002a8e
000002127 RUNTIME_ONLY neutral retire case=00003 pc=0x800022c4 opcode=addi x18=0x80002a8b
000002128 RUNTIME_ONLY neutral retire case=00003 pc=0x800022c8 opcode=lw x19=0x80002a98
000002129 RUNTIME_ONLY neutral retire case=00003 pc=0x800022cc opcode=sw x20=0x80002a9d
000002130 RUNTIME_ONLY neutral retire case=00003 pc=0x800022d0 opcode=beq x21=0x80002a82
000002131 RUNTIME_ONLY neutral retire case=00003 pc=0x800022d4 opcode=csrrw x22=0x80002a87
000002132 RUNTIME_ONLY neutral retire case=00003 pc=0x800022d8 opcode=xor x23=0x80002a8c
000002133 RUNTIME_ONLY neutral retire case=00003 pc=0x800022dc opcode=addi x24=0x80002a89
000002134 RUNTIME_ONLY neutral retire case=00003 pc=0x800022e0 opcode=lw x25=0x80002ab6
000002135 RUNTIME_ONLY neutral retire case=00003 pc=0x800022e4 opcode=sw x26=0x80002ab3
000002136 RUNTIME_ONLY neutral retire case=00003 pc=0x800022e8 opcode=beq x27=0x80002ab0
000002137 RUNTIME_ONLY neutral retire case=00003 pc=0x800022ec opcode=csrrw x28=0x80002ab5
000002138 RUNTIME_ONLY neutral retire case=00003 pc=0x800022f0 opcode=xor x29=0x80002aaa
000002139 RUNTIME_ONLY neutral retire case=00003 pc=0x800022f4 opcode=addi x30=0x80002aaf
000002140 RUNTIME_ONLY neutral retire case=00003 pc=0x800022f8 opcode=lw x31=0x80002aa4
000002141 RUNTIME_ONLY neutral retire case=00003 pc=0x800022fc opcode=sw x0=0x80002aa1
000002142 RUNTIME_ONLY neutral retire case=00003 pc=0x80002300 opcode=beq x1=0x80002b5e
000002143 RUNTIME_ONLY neutral retire case=00003 pc=0x80002304 opcode=csrrw x2=0x80002b5b
000002144 RUNTIME_ONLY neutral retire case=00003 pc=0x80002308 opcode=xor x3=0x80002b68
000002145 RUNTIME_ONLY neutral retire case=00003 pc=0x8000230c opcode=addi x4=0x80002b6d
000002146 RUNTIME_ONLY neutral retire case=00003 pc=0x80002310 opcode=lw x5=0x80002b72
000002147 RUNTIME_ONLY neutral retire case=00003 pc=0x80002314 opcode=sw x6=0x80002b77
000002148 RUNTIME_ONLY neutral retire case=00003 pc=0x80002318 opcode=beq x7=0x80002b7c
000002149 RUNTIME_ONLY neutral retire case=00003 pc=0x8000231c opcode=csrrw x8=0x80002b79
000002150 RUNTIME_ONLY neutral retire case=00003 pc=0x80002320 opcode=xor x9=0x80002b46
000002151 RUNTIME_ONLY neutral retire case=00003 pc=0x80002324 opcode=addi x10=0x80002b43
000002152 RUNTIME_ONLY neutral retire case=00003 pc=0x80002328 opcode=lw x11=0x80002b40
000002153 RUNTIME_ONLY neutral retire case=00003 pc=0x8000232c opcode=sw x12=0x80002b45
000002154 RUNTIME_ONLY neutral retire case=00003 pc=0x80002330 opcode=beq x13=0x80002b5a
000002155 RUNTIME_ONLY neutral retire case=00003 pc=0x80002334 opcode=csrrw x14=0x80002b5f
000002156 RUNTIME_ONLY neutral retire case=00003 pc=0x80002338 opcode=xor x15=0x80002b54
000002157 RUNTIME_ONLY neutral retire case=00003 pc=0x8000233c opcode=addi x16=0x80002b51
000002158 RUNTIME_ONLY neutral retire case=00003 pc=0x80002340 opcode=lw x17=0x80002b2e
000002159 RUNTIME_ONLY neutral retire case=00003 pc=0x80002344 opcode=sw x18=0x80002b2b
000002160 RUNTIME_ONLY neutral retire case=00003 pc=0x80002348 opcode=beq x19=0x80002b38
000002161 RUNTIME_ONLY neutral retire case=00003 pc=0x8000234c opcode=csrrw x20=0x80002b3d
000002162 RUNTIME_ONLY neutral retire case=00003 pc=0x80002350 opcode=xor x21=0x80002b22
000002163 RUNTIME_ONLY neutral retire case=00003 pc=0x80002354 opcode=addi x22=0x80002b27
000002164 RUNTIME_ONLY neutral retire case=00003 pc=0x80002358 opcode=lw x23=0x80002b2c
000002165 RUNTIME_ONLY neutral retire case=00003 pc=0x8000235c opcode=sw x24=0x80002b29
000002166 RUNTIME_ONLY neutral retire case=00003 pc=0x80002360 opcode=beq x25=0x80002b16
000002167 RUNTIME_ONLY neutral retire case=00003 pc=0x80002364 opcode=csrrw x26=0x80002b13
000002168 RUNTIME_ONLY neutral retire case=00003 pc=0x80002368 opcode=xor x27=0x80002b10
000002169 RUNTIME_ONLY neutral retire case=00003 pc=0x8000236c opcode=addi x28=0x80002b15
000002170 RUNTIME_ONLY neutral retire case=00003 pc=0x80002370 opcode=lw x29=0x80002b0a
000002171 RUNTIME_ONLY neutral retire case=00003 pc=0x80002374 opcode=sw x30=0x80002b0f
000002172 RUNTIME_ONLY neutral retire case=00003 pc=0x80002378 opcode=beq x31=0x80002b04
000002173 RUNTIME_ONLY neutral retire case=00003 pc=0x8000237c opcode=csrrw x0=0x80002b01
000002174 RUNTIME_ONLY neutral retire case=00003 pc=0x80002380 opcode=xor x1=0x80002bfe
000002175 RUNTIME_ONLY neutral retire case=00003 pc=0x80002384 opcode=addi x2=0x80002bfb
000002176 RUNTIME_ONLY neutral retire case=00003 pc=0x80002388 opcode=lw x3=0x80002b08
000002177 RUNTIME_ONLY neutral retire case=00003 pc=0x8000238c opcode=sw x4=0x80002b0d
000002178 RUNTIME_ONLY neutral retire case=00003 pc=0x80002390 opcode=beq x5=0x80002b12
000002179 RUNTIME_ONLY neutral retire case=00003 pc=0x80002394 opcode=csrrw x6=0x80002b17
000002180 RUNTIME_ONLY neutral retire case=00003 pc=0x80002398 opcode=xor x7=0x80002b1c
000002181 RUNTIME_ONLY neutral retire case=00003 pc=0x8000239c opcode=addi x8=0x80002b19
000002182 RUNTIME_ONLY neutral retire case=00003 pc=0x800023a0 opcode=lw x9=0x80002b26
000002183 RUNTIME_ONLY neutral retire case=00003 pc=0x800023a4 opcode=sw x10=0x80002b23
000002184 RUNTIME_ONLY neutral retire case=00003 pc=0x800023a8 opcode=beq x11=0x80002b20
000002185 RUNTIME_ONLY neutral retire case=00003 pc=0x800023ac opcode=csrrw x12=0x80002b25
000002186 RUNTIME_ONLY neutral retire case=00003 pc=0x800023b0 opcode=xor x13=0x80002b3a
000002187 RUNTIME_ONLY neutral retire case=00003 pc=0x800023b4 opcode=addi x14=0x80002b3f
000002188 RUNTIME_ONLY neutral retire case=00003 pc=0x800023b8 opcode=lw x15=0x80002b34
000002189 RUNTIME_ONLY neutral retire case=00003 pc=0x800023bc opcode=sw x16=0x80002b31
000002190 RUNTIME_ONLY neutral retire case=00003 pc=0x800023c0 opcode=beq x17=0x80002b4e
000002191 RUNTIME_ONLY neutral retire case=00003 pc=0x800023c4 opcode=csrrw x18=0x80002b4b
000002192 RUNTIME_ONLY neutral retire case=00003 pc=0x800023c8 opcode=xor x19=0x80002b58
000002193 RUNTIME_ONLY neutral retire case=00003 pc=0x800023cc opcode=addi x20=0x80002b5d
000002194 RUNTIME_ONLY neutral retire case=00003 pc=0x800023d0 opcode=lw x21=0x80002b42
000002195 RUNTIME_ONLY neutral retire case=00003 pc=0x800023d4 opcode=sw x22=0x80002b47
000002196 RUNTIME_ONLY neutral retire case=00003 pc=0x800023d8 opcode=beq x23=0x80002b4c
000002197 RUNTIME_ONLY neutral retire case=00003 pc=0x800023dc opcode=csrrw x24=0x80002b49
000002198 RUNTIME_ONLY neutral retire case=00003 pc=0x800023e0 opcode=xor x25=0x80002b76
000002199 RUNTIME_ONLY neutral retire case=00003 pc=0x800023e4 opcode=addi x26=0x80002b73
000002200 RUNTIME_ONLY neutral retire case=00003 pc=0x800023e8 opcode=lw x27=0x80002b70
000002201 RUNTIME_ONLY neutral retire case=00003 pc=0x800023ec opcode=sw x28=0x80002b75
000002202 RUNTIME_ONLY neutral retire case=00003 pc=0x800023f0 opcode=beq x29=0x80002b6a
000002203 RUNTIME_ONLY neutral retire case=00003 pc=0x800023f4 opcode=csrrw x30=0x80002b6f
000002204 RUNTIME_ONLY neutral retire case=00003 pc=0x800023f8 opcode=xor x31=0x80002b64
000002205 RUNTIME_ONLY neutral retire case=00003 pc=0x800023fc opcode=addi x0=0x80002b61
000002206 RUNTIME_ONLY neutral retire case=00003 pc=0x80002400 opcode=lw x1=0x80002c9e
000002207 RUNTIME_ONLY neutral retire case=00003 pc=0x80002404 opcode=sw x2=0x80002c9b
000002208 RUNTIME_ONLY neutral retire case=00003 pc=0x80002408 opcode=beq x3=0x80002ca8
000002209 RUNTIME_ONLY neutral retire case=00003 pc=0x8000240c opcode=csrrw x4=0x80002cad
000002210 RUNTIME_ONLY neutral retire case=00003 pc=0x80002410 opcode=xor x5=0x80002cb2
000002211 RUNTIME_ONLY neutral retire case=00003 pc=0x80002414 opcode=addi x6=0x80002cb7
000002212 RUNTIME_ONLY neutral retire case=00003 pc=0x80002418 opcode=lw x7=0x80002cbc
000002213 RUNTIME_ONLY neutral retire case=00003 pc=0x8000241c opcode=sw x8=0x80002cb9
000002214 RUNTIME_ONLY neutral retire case=00003 pc=0x80002420 opcode=beq x9=0x80002c86
000002215 RUNTIME_ONLY neutral retire case=00003 pc=0x80002424 opcode=csrrw x10=0x80002c83
000002216 RUNTIME_ONLY neutral retire case=00003 pc=0x80002428 opcode=xor x11=0x80002c80
000002217 RUNTIME_ONLY neutral retire case=00003 pc=0x8000242c opcode=addi x12=0x80002c85
000002218 RUNTIME_ONLY neutral retire case=00003 pc=0x80002430 opcode=lw x13=0x80002c9a
000002219 RUNTIME_ONLY neutral retire case=00003 pc=0x80002434 opcode=sw x14=0x80002c9f
000002220 RUNTIME_ONLY neutral retire case=00003 pc=0x80002438 opcode=beq x15=0x80002c94
000002221 RUNTIME_ONLY neutral retire case=00003 pc=0x8000243c opcode=csrrw x16=0x80002c91
000002222 RUNTIME_ONLY neutral retire case=00003 pc=0x80002440 opcode=xor x17=0x80002cee
000002223 RUNTIME_ONLY neutral retire case=00003 pc=0x80002444 opcode=addi x18=0x80002ceb
000002224 RUNTIME_ONLY neutral retire case=00003 pc=0x80002448 opcode=lw x19=0x80002cf8
000002225 RUNTIME_ONLY neutral retire case=00003 pc=0x8000244c opcode=sw x20=0x80002cfd
000002226 RUNTIME_ONLY neutral retire case=00003 pc=0x80002450 opcode=beq x21=0x80002ce2
000002227 RUNTIME_ONLY neutral retire case=00003 pc=0x80002454 opcode=csrrw x22=0x80002ce7
000002228 RUNTIME_ONLY neutral retire case=00003 pc=0x80002458 opcode=xor x23=0x80002cec
000002229 RUNTIME_ONLY neutral retire case=00003 pc=0x8000245c opcode=addi x24=0x80002ce9
000002230 RUNTIME_ONLY neutral retire case=00003 pc=0x80002460 opcode=lw x25=0x80002cd6
000002231 RUNTIME_ONLY neutral retire case=00003 pc=0x80002464 opcode=sw x26=0x80002cd3
000002232 RUNTIME_ONLY neutral retire case=00003 pc=0x80002468 opcode=beq x27=0x80002cd0
000002233 RUNTIME_ONLY neutral retire case=00003 pc=0x8000246c opcode=csrrw x28=0x80002cd5
000002234 RUNTIME_ONLY neutral retire case=00003 pc=0x80002470 opcode=xor x29=0x80002cca
000002235 RUNTIME_ONLY neutral retire case=00003 pc=0x80002474 opcode=addi x30=0x80002ccf
000002236 RUNTIME_ONLY neutral retire case=00003 pc=0x80002478 opcode=lw x31=0x80002cc4
000002237 RUNTIME_ONLY neutral retire case=00003 pc=0x8000247c opcode=sw x0=0x80002cc1
000002238 RUNTIME_ONLY neutral retire case=00003 pc=0x80002480 opcode=beq x1=0x80002c3e
000002239 RUNTIME_ONLY neutral retire case=00003 pc=0x80002484 opcode=csrrw x2=0x80002c3b
000002240 RUNTIME_ONLY neutral retire case=00003 pc=0x80002488 opcode=xor x3=0x80002c48
000002241 RUNTIME_ONLY neutral retire case=00003 pc=0x8000248c opcode=addi x4=0x80002c4d
000002242 RUNTIME_ONLY neutral retire case=00003 pc=0x80002490 opcode=lw x5=0x80002c52
000002243 RUNTIME_ONLY neutral retire case=00003 pc=0x80002494 opcode=sw x6=0x80002c57
000002244 RUNTIME_ONLY neutral retire case=00003 pc=0x80002498 opcode=beq x7=0x80002c5c
000002245 RUNTIME_ONLY neutral retire case=00003 pc=0x8000249c opcode=csrrw x8=0x80002c59
000002246 RUNTIME_ONLY neutral retire case=00003 pc=0x800024a0 opcode=xor x9=0x80002c66
000002247 RUNTIME_ONLY neutral retire case=00003 pc=0x800024a4 opcode=addi x10=0x80002c63
000002248 RUNTIME_ONLY neutral retire case=00003 pc=0x800024a8 opcode=lw x11=0x80002c60
000002249 RUNTIME_ONLY neutral retire case=00003 pc=0x800024ac opcode=sw x12=0x80002c65
000002250 RUNTIME_ONLY neutral retire case=00003 pc=0x800024b0 opcode=beq x13=0x80002c7a
000002251 RUNTIME_ONLY neutral retire case=00003 pc=0x800024b4 opcode=csrrw x14=0x80002c7f
000002252 RUNTIME_ONLY neutral retire case=00003 pc=0x800024b8 opcode=xor x15=0x80002c74
000002253 RUNTIME_ONLY neutral retire case=00003 pc=0x800024bc opcode=addi x16=0x80002c71
000002254 RUNTIME_ONLY neutral retire case=00003 pc=0x800024c0 opcode=lw x17=0x80002c0e
000002255 RUNTIME_ONLY neutral retire case=00003 pc=0x800024c4 opcode=sw x18=0x80002c0b
000002256 RUNTIME_ONLY neutral retire case=00003 pc=0x800024c8 opcode=beq x19=0x80002c18
000002257 RUNTIME_ONLY neutral retire case=00003 pc=0x800024cc opcode=csrrw x20=0x80002c1d
000002258 RUNTIME_ONLY neutral retire case=00003 pc=0x800024d0 opcode=xor x21=0x80002c02
000002259 RUNTIME_ONLY neutral retire case=00003 pc=0x800024d4 opcode=addi x22=0x80002c07
000002260 RUNTIME_ONLY neutral retire case=00003 pc=0x800024d8 opcode=lw x23=0x80002c0c
000002261 RUNTIME_ONLY neutral retire case=00003 pc=0x800024dc opcode=sw x24=0x80002c09
000002262 RUNTIME_ONLY neutral retire case=00003 pc=0x800024e0 opcode=beq x25=0x80002c36
000002263 RUNTIME_ONLY neutral retire case=00003 pc=0x800024e4 opcode=csrrw x26=0x80002c33
000002264 RUNTIME_ONLY neutral retire case=00003 pc=0x800024e8 opcode=xor x27=0x80002c30
000002265 RUNTIME_ONLY neutral retire case=00003 pc=0x800024ec opcode=addi x28=0x80002c35
000002266 RUNTIME_ONLY neutral retire case=00003 pc=0x800024f0 opcode=lw x29=0x80002c2a
000002267 RUNTIME_ONLY neutral retire case=00003 pc=0x800024f4 opcode=sw x30=0x80002c2f
000002268 RUNTIME_ONLY neutral retire case=00003 pc=0x800024f8 opcode=beq x31=0x80002c24
000002269 RUNTIME_ONLY neutral retire case=00003 pc=0x800024fc opcode=csrrw x0=0x80002c21
000002270 RUNTIME_ONLY neutral retire case=00003 pc=0x80002500 opcode=xor x1=0x80002dde
000002271 RUNTIME_ONLY neutral retire case=00003 pc=0x80002504 opcode=addi x2=0x80002ddb
000002272 RUNTIME_ONLY neutral retire case=00003 pc=0x80002508 opcode=lw x3=0x80002de8
000002273 RUNTIME_ONLY neutral retire case=00003 pc=0x8000250c opcode=sw x4=0x80002ded
000002274 RUNTIME_ONLY neutral retire case=00003 pc=0x80002510 opcode=beq x5=0x80002df2
000002275 RUNTIME_ONLY neutral retire case=00003 pc=0x80002514 opcode=csrrw x6=0x80002df7
000002276 RUNTIME_ONLY neutral retire case=00003 pc=0x80002518 opcode=xor x7=0x80002dfc
000002277 RUNTIME_ONLY neutral retire case=00003 pc=0x8000251c opcode=addi x8=0x80002df9
000002278 RUNTIME_ONLY neutral retire case=00003 pc=0x80002520 opcode=lw x9=0x80002dc6
000002279 RUNTIME_ONLY neutral retire case=00003 pc=0x80002524 opcode=sw x10=0x80002dc3
000002280 RUNTIME_ONLY neutral retire case=00003 pc=0x80002528 opcode=beq x11=0x80002dc0
000002281 RUNTIME_ONLY neutral retire case=00003 pc=0x8000252c opcode=csrrw x12=0x80002dc5
000002282 RUNTIME_ONLY neutral retire case=00003 pc=0x80002530 opcode=xor x13=0x80002dda
000002283 RUNTIME_ONLY neutral retire case=00003 pc=0x80002534 opcode=addi x14=0x80002ddf
000002284 RUNTIME_ONLY neutral retire case=00003 pc=0x80002538 opcode=lw x15=0x80002dd4
000002285 RUNTIME_ONLY neutral retire case=00003 pc=0x8000253c opcode=sw x16=0x80002dd1
000002286 RUNTIME_ONLY neutral retire case=00003 pc=0x80002540 opcode=beq x17=0x80002dae
000002287 RUNTIME_ONLY neutral retire case=00003 pc=0x80002544 opcode=csrrw x18=0x80002dab
000002288 RUNTIME_ONLY neutral retire case=00003 pc=0x80002548 opcode=xor x19=0x80002db8
000002289 RUNTIME_ONLY neutral retire case=00003 pc=0x8000254c opcode=addi x20=0x80002dbd
000002290 RUNTIME_ONLY neutral retire case=00003 pc=0x80002550 opcode=lw x21=0x80002da2
000002291 RUNTIME_ONLY neutral retire case=00003 pc=0x80002554 opcode=sw x22=0x80002da7
000002292 RUNTIME_ONLY neutral retire case=00003 pc=0x80002558 opcode=beq x23=0x80002dac
000002293 RUNTIME_ONLY neutral retire case=00003 pc=0x8000255c opcode=csrrw x24=0x80002da9
000002294 RUNTIME_ONLY neutral retire case=00003 pc=0x80002560 opcode=xor x25=0x80002d96
000002295 RUNTIME_ONLY neutral retire case=00003 pc=0x80002564 opcode=addi x26=0x80002d93
000002296 RUNTIME_ONLY neutral retire case=00003 pc=0x80002568 opcode=lw x27=0x80002d90
000002297 RUNTIME_ONLY neutral retire case=00003 pc=0x8000256c opcode=sw x28=0x80002d95
000002298 RUNTIME_ONLY neutral retire case=00003 pc=0x80002570 opcode=beq x29=0x80002d8a
000002299 RUNTIME_ONLY neutral retire case=00003 pc=0x80002574 opcode=csrrw x30=0x80002d8f
000002300 RUNTIME_ONLY neutral retire case=00003 pc=0x80002578 opcode=xor x31=0x80002d84
000002301 RUNTIME_ONLY neutral retire case=00003 pc=0x8000257c opcode=addi x0=0x80002d81
000002302 RUNTIME_ONLY neutral retire case=00003 pc=0x80002580 opcode=lw x1=0x80002d7e
000002303 RUNTIME_ONLY neutral retire case=00003 pc=0x80002584 opcode=sw x2=0x80002d7b
000002304 RUNTIME_ONLY neutral retire case=00003 pc=0x80002588 opcode=beq x3=0x80002c88
000002305 RUNTIME_ONLY neutral retire case=00003 pc=0x8000258c opcode=csrrw x4=0x80002c8d
000002306 RUNTIME_ONLY neutral retire case=00003 pc=0x80002590 opcode=xor x5=0x80002c92
000002307 RUNTIME_ONLY neutral retire case=00003 pc=0x80002594 opcode=addi x6=0x80002c97
000002308 RUNTIME_ONLY neutral retire case=00003 pc=0x80002598 opcode=lw x7=0x80002c9c
000002309 RUNTIME_ONLY neutral retire case=00003 pc=0x8000259c opcode=sw x8=0x80002c99
000002310 RUNTIME_ONLY neutral retire case=00003 pc=0x800025a0 opcode=beq x9=0x80002ca6
000002311 RUNTIME_ONLY neutral retire case=00003 pc=0x800025a4 opcode=csrrw x10=0x80002ca3
000002312 RUNTIME_ONLY neutral retire case=00003 pc=0x800025a8 opcode=xor x11=0x80002ca0
000002313 RUNTIME_ONLY neutral retire case=00003 pc=0x800025ac opcode=addi x12=0x80002ca5
000002314 RUNTIME_ONLY neutral retire case=00003 pc=0x800025b0 opcode=lw x13=0x80002cba
000002315 RUNTIME_ONLY neutral retire case=00003 pc=0x800025b4 opcode=sw x14=0x80002cbf
000002316 RUNTIME_ONLY neutral retire case=00003 pc=0x800025b8 opcode=beq x15=0x80002cb4
000002317 RUNTIME_ONLY neutral retire case=00003 pc=0x800025bc opcode=csrrw x16=0x80002cb1
000002318 RUNTIME_ONLY neutral retire case=00003 pc=0x800025c0 opcode=xor x17=0x80002cce
000002319 RUNTIME_ONLY neutral retire case=00003 pc=0x800025c4 opcode=addi x18=0x80002ccb
000002320 RUNTIME_ONLY neutral retire case=00003 pc=0x800025c8 opcode=lw x19=0x80002cd8
000002321 RUNTIME_ONLY neutral retire case=00003 pc=0x800025cc opcode=sw x20=0x80002cdd
000002322 RUNTIME_ONLY neutral retire case=00003 pc=0x800025d0 opcode=beq x21=0x80002cc2
000002323 RUNTIME_ONLY neutral retire case=00003 pc=0x800025d4 opcode=csrrw x22=0x80002cc7
000002324 RUNTIME_ONLY neutral retire case=00003 pc=0x800025d8 opcode=xor x23=0x80002ccc
000002325 RUNTIME_ONLY neutral retire case=00003 pc=0x800025dc opcode=addi x24=0x80002cc9
000002326 RUNTIME_ONLY neutral retire case=00003 pc=0x800025e0 opcode=lw x25=0x80002cf6
000002327 RUNTIME_ONLY neutral retire case=00003 pc=0x800025e4 opcode=sw x26=0x80002cf3
000002328 RUNTIME_ONLY neutral retire case=00003 pc=0x800025e8 opcode=beq x27=0x80002cf0
000002329 RUNTIME_ONLY neutral retire case=00003 pc=0x800025ec opcode=csrrw x28=0x80002cf5
000002330 RUNTIME_ONLY neutral retire case=00003 pc=0x800025f0 opcode=xor x29=0x80002cea
000002331 RUNTIME_ONLY neutral retire case=00003 pc=0x800025f4 opcode=addi x30=0x80002cef
000002332 RUNTIME_ONLY neutral retire case=00003 pc=0x800025f8 opcode=lw x31=0x80002ce4
000002333 RUNTIME_ONLY neutral retire case=00003 pc=0x800025fc opcode=sw x0=0x80002ce1
000002334 RUNTIME_ONLY neutral retire case=00003 pc=0x80002600 opcode=beq x1=0x80002f1e
000002335 RUNTIME_ONLY neutral retire case=00003 pc=0x80002604 opcode=csrrw x2=0x80002f1b
000002336 RUNTIME_ONLY neutral retire case=00003 pc=0x80002608 opcode=xor x3=0x80002f28
000002337 RUNTIME_ONLY neutral retire case=00003 pc=0x8000260c opcode=addi x4=0x80002f2d
000002338 RUNTIME_ONLY neutral retire case=00003 pc=0x80002610 opcode=lw x5=0x80002f32
000002339 RUNTIME_ONLY neutral retire case=00003 pc=0x80002614 opcode=sw x6=0x80002f37
000002340 RUNTIME_ONLY neutral retire case=00003 pc=0x80002618 opcode=beq x7=0x80002f3c
000002341 RUNTIME_ONLY neutral retire case=00003 pc=0x8000261c opcode=csrrw x8=0x80002f39
000002342 RUNTIME_ONLY neutral retire case=00003 pc=0x80002620 opcode=xor x9=0x80002f06
000002343 RUNTIME_ONLY neutral retire case=00003 pc=0x80002624 opcode=addi x10=0x80002f03
000002344 RUNTIME_ONLY neutral retire case=00003 pc=0x80002628 opcode=lw x11=0x80002f00
000002345 RUNTIME_ONLY neutral retire case=00003 pc=0x8000262c opcode=sw x12=0x80002f05
000002346 RUNTIME_ONLY neutral retire case=00003 pc=0x80002630 opcode=beq x13=0x80002f1a
000002347 RUNTIME_ONLY neutral retire case=00003 pc=0x80002634 opcode=csrrw x14=0x80002f1f
000002348 RUNTIME_ONLY neutral retire case=00003 pc=0x80002638 opcode=xor x15=0x80002f14
000002349 RUNTIME_ONLY neutral retire case=00003 pc=0x8000263c opcode=addi x16=0x80002f11
000002350 RUNTIME_ONLY neutral retire case=00003 pc=0x80002640 opcode=lw x17=0x80002f6e
000002351 RUNTIME_ONLY neutral retire case=00003 pc=0x80002644 opcode=sw x18=0x80002f6b
000002352 RUNTIME_ONLY neutral retire case=00003 pc=0x80002648 opcode=beq x19=0x80002f78
000002353 RUNTIME_ONLY neutral retire case=00003 pc=0x8000264c opcode=csrrw x20=0x80002f7d
000002354 RUNTIME_ONLY neutral retire case=00003 pc=0x80002650 opcode=xor x21=0x80002f62
000002355 RUNTIME_ONLY neutral retire case=00003 pc=0x80002654 opcode=addi x22=0x80002f67
000002356 RUNTIME_ONLY neutral retire case=00003 pc=0x80002658 opcode=lw x23=0x80002f6c
000002357 RUNTIME_ONLY neutral retire case=00003 pc=0x8000265c opcode=sw x24=0x80002f69
000002358 RUNTIME_ONLY neutral retire case=00003 pc=0x80002660 opcode=beq x25=0x80002f56
000002359 RUNTIME_ONLY neutral retire case=00003 pc=0x80002664 opcode=csrrw x26=0x80002f53
000002360 RUNTIME_ONLY neutral retire case=00003 pc=0x80002668 opcode=xor x27=0x80002f50
000002361 RUNTIME_ONLY neutral retire case=00003 pc=0x8000266c opcode=addi x28=0x80002f55
000002362 RUNTIME_ONLY neutral retire case=00003 pc=0x80002670 opcode=lw x29=0x80002f4a
000002363 RUNTIME_ONLY neutral retire case=00003 pc=0x80002674 opcode=sw x30=0x80002f4f
000002364 RUNTIME_ONLY neutral retire case=00003 pc=0x80002678 opcode=beq x31=0x80002f44
000002365 RUNTIME_ONLY neutral retire case=00003 pc=0x8000267c opcode=csrrw x0=0x80002f41
000002366 RUNTIME_ONLY neutral retire case=00003 pc=0x80002680 opcode=xor x1=0x80002fbe
000002367 RUNTIME_ONLY neutral retire case=00003 pc=0x80002684 opcode=addi x2=0x80002fbb
000002368 RUNTIME_ONLY neutral retire case=00003 pc=0x80002688 opcode=lw x3=0x80002fc8
000002369 RUNTIME_ONLY neutral retire case=00003 pc=0x8000268c opcode=sw x4=0x80002fcd
000002370 RUNTIME_ONLY neutral retire case=00003 pc=0x80002690 opcode=beq x5=0x80002fd2
000002371 RUNTIME_ONLY neutral retire case=00003 pc=0x80002694 opcode=csrrw x6=0x80002fd7
000002372 RUNTIME_ONLY neutral retire case=00003 pc=0x80002698 opcode=xor x7=0x80002fdc
000002373 RUNTIME_ONLY neutral retire case=00003 pc=0x8000269c opcode=addi x8=0x80002fd9
000002374 RUNTIME_ONLY neutral retire case=00003 pc=0x800026a0 opcode=lw x9=0x80002fe6
000002375 RUNTIME_ONLY neutral retire case=00003 pc=0x800026a4 opcode=sw x10=0x80002fe3
000002376 RUNTIME_ONLY neutral retire case=00003 pc=0x800026a8 opcode=beq x11=0x80002fe0
000002377 RUNTIME_ONLY neutral retire case=00003 pc=0x800026ac opcode=csrrw x12=0x80002fe5
000002378 RUNTIME_ONLY neutral retire case=00003 pc=0x800026b0 opcode=xor x13=0x80002ffa
000002379 RUNTIME_ONLY neutral retire case=00003 pc=0x800026b4 opcode=addi x14=0x80002fff
000002380 RUNTIME_ONLY neutral retire case=00003 pc=0x800026b8 opcode=lw x15=0x80002ff4
000002381 RUNTIME_ONLY neutral retire case=00003 pc=0x800026bc opcode=sw x16=0x80002ff1
000002382 RUNTIME_ONLY neutral retire case=00003 pc=0x800026c0 opcode=beq x17=0x80002f8e
000002383 RUNTIME_ONLY neutral retire case=00003 pc=0x800026c4 opcode=csrrw x18=0x80002f8b
000002384 RUNTIME_ONLY neutral retire case=00003 pc=0x800026c8 opcode=xor x19=0x80002f98
000002385 RUNTIME_ONLY neutral retire case=00003 pc=0x800026cc opcode=addi x20=0x80002f9d
000002386 RUNTIME_ONLY neutral retire case=00003 pc=0x800026d0 opcode=lw x21=0x80002f82
000002387 RUNTIME_ONLY neutral retire case=00003 pc=0x800026d4 opcode=sw x22=0x80002f87
000002388 RUNTIME_ONLY neutral retire case=00003 pc=0x800026d8 opcode=beq x23=0x80002f8c
000002389 RUNTIME_ONLY neutral retire case=00003 pc=0x800026dc opcode=csrrw x24=0x80002f89
000002390 RUNTIME_ONLY neutral retire case=00003 pc=0x800026e0 opcode=xor x25=0x80002fb6
000002391 RUNTIME_ONLY neutral retire case=00003 pc=0x800026e4 opcode=addi x26=0x80002fb3
000002392 RUNTIME_ONLY neutral retire case=00003 pc=0x800026e8 opcode=lw x27=0x80002fb0
000002393 RUNTIME_ONLY neutral retire case=00003 pc=0x800026ec opcode=sw x28=0x80002fb5
000002394 RUNTIME_ONLY neutral retire case=00003 pc=0x800026f0 opcode=beq x29=0x80002faa
000002395 RUNTIME_ONLY neutral retire case=00003 pc=0x800026f4 opcode=csrrw x30=0x80002faf
000002396 RUNTIME_ONLY neutral retire case=00003 pc=0x800026f8 opcode=xor x31=0x80002fa4
000002397 RUNTIME_ONLY neutral retire case=00003 pc=0x800026fc opcode=addi x0=0x80002fa1
000002398 RUNTIME_ONLY neutral retire case=00003 pc=0x80002700 opcode=lw x1=0x80002e5e
000002399 RUNTIME_ONLY neutral retire case=00003 pc=0x80002704 opcode=sw x2=0x80002e5b
000002400 RUNTIME_ONLY neutral retire case=00003 pc=0x80002708 opcode=beq x3=0x80002e68
000002401 RUNTIME_ONLY neutral retire case=00003 pc=0x8000270c opcode=csrrw x4=0x80002e6d
000002402 RUNTIME_ONLY neutral retire case=00003 pc=0x80002710 opcode=xor x5=0x80002e72
000002403 RUNTIME_ONLY neutral retire case=00003 pc=0x80002714 opcode=addi x6=0x80002e77
000002404 RUNTIME_ONLY neutral retire case=00003 pc=0x80002718 opcode=lw x7=0x80002e7c
000002405 RUNTIME_ONLY neutral retire case=00003 pc=0x8000271c opcode=sw x8=0x80002e79
000002406 RUNTIME_ONLY neutral retire case=00003 pc=0x80002720 opcode=beq x9=0x80002e46
000002407 RUNTIME_ONLY neutral retire case=00003 pc=0x80002724 opcode=csrrw x10=0x80002e43
000002408 RUNTIME_ONLY neutral retire case=00003 pc=0x80002728 opcode=xor x11=0x80002e40
000002409 RUNTIME_ONLY neutral retire case=00003 pc=0x8000272c opcode=addi x12=0x80002e45
000002410 RUNTIME_ONLY neutral retire case=00003 pc=0x80002730 opcode=lw x13=0x80002e5a
000002411 RUNTIME_ONLY neutral retire case=00003 pc=0x80002734 opcode=sw x14=0x80002e5f
000002412 RUNTIME_ONLY neutral retire case=00003 pc=0x80002738 opcode=beq x15=0x80002e54
000002413 RUNTIME_ONLY neutral retire case=00003 pc=0x8000273c opcode=csrrw x16=0x80002e51
000002414 RUNTIME_ONLY neutral retire case=00003 pc=0x80002740 opcode=xor x17=0x80002e2e
000002415 RUNTIME_ONLY neutral retire case=00003 pc=0x80002744 opcode=addi x18=0x80002e2b
000002416 RUNTIME_ONLY neutral retire case=00003 pc=0x80002748 opcode=lw x19=0x80002e38
000002417 RUNTIME_ONLY neutral retire case=00003 pc=0x8000274c opcode=sw x20=0x80002e3d
000002418 RUNTIME_ONLY neutral retire case=00003 pc=0x80002750 opcode=beq x21=0x80002e22
000002419 RUNTIME_ONLY neutral retire case=00003 pc=0x80002754 opcode=csrrw x22=0x80002e27
000002420 RUNTIME_ONLY neutral retire case=00003 pc=0x80002758 opcode=xor x23=0x80002e2c
000002421 RUNTIME_ONLY neutral retire case=00003 pc=0x8000275c opcode=addi x24=0x80002e29
000002422 RUNTIME_ONLY neutral retire case=00003 pc=0x80002760 opcode=lw x25=0x80002e16
000002423 RUNTIME_ONLY neutral retire case=00003 pc=0x80002764 opcode=sw x26=0x80002e13
000002424 RUNTIME_ONLY neutral retire case=00003 pc=0x80002768 opcode=beq x27=0x80002e10
000002425 RUNTIME_ONLY neutral retire case=00003 pc=0x8000276c opcode=csrrw x28=0x80002e15
000002426 RUNTIME_ONLY neutral retire case=00003 pc=0x80002770 opcode=xor x29=0x80002e0a
000002427 RUNTIME_ONLY neutral retire case=00003 pc=0x80002774 opcode=addi x30=0x80002e0f
000002428 RUNTIME_ONLY neutral retire case=00003 pc=0x80002778 opcode=lw x31=0x80002e04
000002429 RUNTIME_ONLY neutral retire case=00003 pc=0x8000277c opcode=sw x0=0x80002e01
000002430 RUNTIME_ONLY neutral retire case=00003 pc=0x80002780 opcode=beq x1=0x80002efe
000002431 RUNTIME_ONLY neutral retire case=00003 pc=0x80002784 opcode=csrrw x2=0x80002efb
000002432 RUNTIME_ONLY neutral retire case=00003 pc=0x80002788 opcode=xor x3=0x80002e08
000002433 RUNTIME_ONLY neutral retire case=00003 pc=0x8000278c opcode=addi x4=0x80002e0d
000002434 RUNTIME_ONLY neutral retire case=00003 pc=0x80002790 opcode=lw x5=0x80002e12
000002435 RUNTIME_ONLY neutral retire case=00003 pc=0x80002794 opcode=sw x6=0x80002e17
000002436 RUNTIME_ONLY neutral retire case=00003 pc=0x80002798 opcode=beq x7=0x80002e1c
000002437 RUNTIME_ONLY neutral retire case=00003 pc=0x8000279c opcode=csrrw x8=0x80002e19
000002438 RUNTIME_ONLY neutral retire case=00003 pc=0x800027a0 opcode=xor x9=0x80002e26
000002439 RUNTIME_ONLY neutral retire case=00003 pc=0x800027a4 opcode=addi x10=0x80002e23
000002440 RUNTIME_ONLY neutral retire case=00003 pc=0x800027a8 opcode=lw x11=0x80002e20
000002441 RUNTIME_ONLY neutral retire case=00003 pc=0x800027ac opcode=sw x12=0x80002e25
000002442 RUNTIME_ONLY neutral retire case=00003 pc=0x800027b0 opcode=beq x13=0x80002e3a
000002443 RUNTIME_ONLY neutral retire case=00003 pc=0x800027b4 opcode=csrrw x14=0x80002e3f
000002444 RUNTIME_ONLY neutral retire case=00003 pc=0x800027b8 opcode=xor x15=0x80002e34
000002445 RUNTIME_ONLY neutral retire case=00003 pc=0x800027bc opcode=addi x16=0x80002e31
000002446 RUNTIME_ONLY neutral retire case=00003 pc=0x800027c0 opcode=lw x17=0x80002e4e
000002447 RUNTIME_ONLY neutral retire case=00003 pc=0x800027c4 opcode=sw x18=0x80002e4b
000002448 RUNTIME_ONLY neutral retire case=00003 pc=0x800027c8 opcode=beq x19=0x80002e58
000002449 RUNTIME_ONLY neutral retire case=00003 pc=0x800027cc opcode=csrrw x20=0x80002e5d
000002450 RUNTIME_ONLY neutral retire case=00003 pc=0x800027d0 opcode=xor x21=0x80002e42
000002451 RUNTIME_ONLY neutral retire case=00003 pc=0x800027d4 opcode=addi x22=0x80002e47
000002452 RUNTIME_ONLY neutral retire case=00003 pc=0x800027d8 opcode=lw x23=0x80002e4c
000002453 RUNTIME_ONLY neutral retire case=00003 pc=0x800027dc opcode=sw x24=0x80002e49
000002454 RUNTIME_ONLY neutral retire case=00003 pc=0x800027e0 opcode=beq x25=0x80002e76
000002455 RUNTIME_ONLY neutral retire case=00003 pc=0x800027e4 opcode=csrrw x26=0x80002e73
000002456 RUNTIME_ONLY neutral retire case=00003 pc=0x800027e8 opcode=xor x27=0x80002e70
000002457 RUNTIME_ONLY neutral retire case=00003 pc=0x800027ec opcode=addi x28=0x80002e75
000002458 RUNTIME_ONLY neutral retire case=00003 pc=0x800027f0 opcode=lw x29=0x80002e6a
000002459 RUNTIME_ONLY neutral retire case=00003 pc=0x800027f4 opcode=sw x30=0x80002e6f
000002460 RUNTIME_ONLY neutral retire case=00003 pc=0x800027f8 opcode=beq x31=0x80002e64
000002461 RUNTIME_ONLY neutral retire case=00003 pc=0x800027fc opcode=csrrw x0=0x80002e61
000002462 RUNTIME_ONLY neutral retire case=00003 pc=0x80002800 opcode=xor x1=0x8000219e
000002463 RUNTIME_ONLY neutral retire case=00003 pc=0x80002804 opcode=addi x2=0x8000219b
000002464 RUNTIME_ONLY neutral retire case=00003 pc=0x80002808 opcode=lw x3=0x800021a8
000002465 RUNTIME_ONLY neutral retire case=00003 pc=0x8000280c opcode=sw x4=0x800021ad
000002466 RUNTIME_ONLY neutral retire case=00003 pc=0x80002810 opcode=beq x5=0x800021b2
000002467 RUNTIME_ONLY neutral retire case=00003 pc=0x80002814 opcode=csrrw x6=0x800021b7
000002468 RUNTIME_ONLY neutral retire case=00003 pc=0x80002818 opcode=xor x7=0x800021bc
000002469 RUNTIME_ONLY neutral retire case=00003 pc=0x8000281c opcode=addi x8=0x800021b9
000002470 RUNTIME_ONLY neutral retire case=00003 pc=0x80002820 opcode=lw x9=0x80002186
000002471 RUNTIME_ONLY neutral retire case=00003 pc=0x80002824 opcode=sw x10=0x80002183
000002472 RUNTIME_ONLY neutral retire case=00003 pc=0x80002828 opcode=beq x11=0x80002180
000002473 RUNTIME_ONLY neutral retire case=00003 pc=0x8000282c opcode=csrrw x12=0x80002185
000002474 RUNTIME_ONLY neutral retire case=00003 pc=0x80002830 opcode=xor x13=0x8000219a
000002475 RUNTIME_ONLY neutral retire case=00003 pc=0x80002834 opcode=addi x14=0x8000219f
000002476 RUNTIME_ONLY neutral retire case=00003 pc=0x80002838 opcode=lw x15=0x80002194
000002477 RUNTIME_ONLY neutral retire case=00003 pc=0x8000283c opcode=sw x16=0x80002191
000002478 RUNTIME_ONLY neutral retire case=00003 pc=0x80002840 opcode=beq x17=0x800021ee
000002479 RUNTIME_ONLY neutral retire case=00003 pc=0x80002844 opcode=csrrw x18=0x800021eb
000002480 RUNTIME_ONLY neutral retire case=00003 pc=0x80002848 opcode=xor x19=0x800021f8
000002481 RUNTIME_ONLY neutral retire case=00003 pc=0x8000284c opcode=addi x20=0x800021fd
000002482 RUNTIME_ONLY neutral retire case=00003 pc=0x80002850 opcode=lw x21=0x800021e2
000002483 RUNTIME_ONLY neutral retire case=00003 pc=0x80002854 opcode=sw x22=0x800021e7
000002484 RUNTIME_ONLY neutral retire case=00003 pc=0x80002858 opcode=beq x23=0x800021ec
000002485 RUNTIME_ONLY neutral retire case=00003 pc=0x8000285c opcode=csrrw x24=0x800021e9
000002486 RUNTIME_ONLY neutral retire case=00003 pc=0x80002860 opcode=xor x25=0x800021d6
000002487 RUNTIME_ONLY neutral retire case=00003 pc=0x80002864 opcode=addi x26=0x800021d3
000002488 RUNTIME_ONLY neutral retire case=00003 pc=0x80002868 opcode=lw x27=0x800021d0
000002489 RUNTIME_ONLY neutral retire case=00003 pc=0x8000286c opcode=sw x28=0x800021d5
