Case,case_id,bug_id,group,family,test,seed,source_run_dir,source_package,source_case
1,case_1,bug_054,coverage64,validated_or_probe_candidate,riscv_rv32im_instr_test,12517,,coverage64_release_20260827_v5.tar.gz,case_99
2,case_2,bug_054,coverage64,validated_or_probe_candidate,riscv_rv32im_instr_test,12516,,coverage64_release_20260827_v5.tar.gz,case_98
3,case_3,bug_054,coverage64,validated_or_probe_candidate,riscv_rand_instr_test,12513,,coverage64_release_20260827_v5.tar.gz,case_97
4,case_4,bug_054,coverage64,validated_or_probe_candidate,riscv_rand_instr_test,12512,,coverage64_release_20260827_v5.tar.gz,case_96
5,case_5,bug_054,coverage64,validated_or_probe_candidate,riscv_rand_instr_test,12511,,coverage64_release_20260827_v5.tar.gz,case_95
6,case_6,bug_054,coverage64,validated_or_probe_candidate,riscv_machine_mode_rand_test,12509,,coverage64_release_20260827_v5.tar.gz,case_94
7,case_7,bug_283,mdu,pc_region_rem_to_div_decode,riscv_rv32im_instr_test,993001,,coverage64_release_20260827_v5.tar.gz,case_931
8,case_8,bug_283,mdu,pc_region_rem_to_div_decode,riscv_rand_instr_test,993001,,coverage64_release_20260827_v5.tar.gz,case_930
9,case_9,bug_054,coverage64,validated_or_probe_candidate,riscv_machine_mode_rand_test,12508,,coverage64_release_20260827_v5.tar.gz,case_93
10,case_10,bug_283,mdu,pc_region_rem_to_div_decode,riscv_machine_mode_rand_test,993001,,coverage64_release_20260827_v5.tar.gz,case_929
11,case_11,bug_282,mdu,pc_region_div_to_rem_decode,riscv_rv32im_instr_test,993001,,coverage64_release_20260827_v5.tar.gz,case_928
12,case_12,bug_282,mdu,pc_region_div_to_rem_decode,riscv_rand_instr_test,993001,,coverage64_release_20260827_v5.tar.gz,case_927
13,case_13,bug_282,mdu,pc_region_div_to_rem_decode,riscv_machine_mode_rand_test,993001,,coverage64_release_20260827_v5.tar.gz,case_926
14,case_14,bug_281,alu,pc_region_conditional_sltu_operand,riscv_rv32im_instr_test,992003,,coverage64_release_20260827_v5.tar.gz,case_925
15,case_15,bug_281,alu,pc_region_conditional_sltu_operand,riscv_rand_instr_test,992003,,coverage64_release_20260827_v5.tar.gz,case_924
16,case_16,bug_281,alu,pc_region_conditional_sltu_operand,riscv_machine_mode_rand_test,992003,,coverage64_release_20260827_v5.tar.gz,case_923
17,case_17,bug_280,alu,pc_region_conditional_sra_operand,riscv_rv32im_instr_test,992002,,coverage64_release_20260827_v5.tar.gz,case_922
18,case_18,bug_280,alu,pc_region_conditional_sra_operand,riscv_rand_instr_test,992002,,coverage64_release_20260827_v5.tar.gz,case_921
19,case_19,bug_280,alu,pc_region_conditional_sra_operand,riscv_machine_mode_rand_test,992002,,coverage64_release_20260827_v5.tar.gz,case_920
20,case_20,bug_054,coverage64,validated_or_probe_candidate,riscv_machine_mode_rand_test,12507,,coverage64_release_20260827_v5.tar.gz,case_92
21,case_21,bug_276,debug,conditional_dcsr_prv_wrong,riscv_debug_ebreakmu_test,991002,,coverage64_release_20260827_v5.tar.gz,case_919
22,case_22,bug_276,debug,conditional_dcsr_prv_wrong,riscv_debug_ebreak_test,991002,,coverage64_release_20260827_v5.tar.gz,case_918
23,case_23,bug_276,debug,conditional_dcsr_prv_wrong,riscv_debug_csr_entry_test,991002,,coverage64_release_20260827_v5.tar.gz,case_917
24,case_24,bug_273,debug,conditional_dcsr_cause_haltreq,riscv_debug_ebreakmu_test,991002,,coverage64_release_20260827_v5.tar.gz,case_916
25,case_25,bug_273,debug,conditional_dcsr_cause_haltreq,riscv_debug_ebreak_test,991002,,coverage64_release_20260827_v5.tar.gz,case_915
26,case_26,bug_273,debug,conditional_dcsr_cause_haltreq,riscv_debug_csr_entry_test,991002,,coverage64_release_20260827_v5.tar.gz,case_914
27,case_27,bug_254,interrupt,interrupt_mcause_bit,riscv_single_interrupt_test,957011,,coverage64_release_20260827_v5.tar.gz,case_913
28,case_28,bug_254,interrupt,interrupt_mcause_bit,riscv_single_interrupt_test,957010,,coverage64_release_20260827_v5.tar.gz,case_912
29,case_29,bug_254,interrupt,interrupt_mcause_bit,riscv_single_interrupt_test,957009,,coverage64_release_20260827_v5.tar.gz,case_911
30,case_30,bug_254,interrupt,interrupt_mcause_bit,riscv_single_interrupt_test,957008,,coverage64_release_20260827_v5.tar.gz,case_910
31,case_31,bug_054,coverage64,validated_or_probe_candidate,riscv_machine_mode_rand_test,12506,,coverage64_release_20260827_v5.tar.gz,case_91
32,case_32,bug_254,interrupt,interrupt_mcause_bit,riscv_single_interrupt_test,957007,,coverage64_release_20260827_v5.tar.gz,case_909
33,case_33,bug_254,interrupt,interrupt_mcause_bit,riscv_multiple_interrupt_test,957011,,coverage64_release_20260827_v5.tar.gz,case_908
34,case_34,bug_254,interrupt,interrupt_mcause_bit,riscv_multiple_interrupt_test,957010,,coverage64_release_20260827_v5.tar.gz,case_907
35,case_35,bug_254,interrupt,interrupt_mcause_bit,riscv_multiple_interrupt_test,957009,,coverage64_release_20260827_v5.tar.gz,case_906
36,case_36,bug_254,interrupt,interrupt_mcause_bit,riscv_multiple_interrupt_test,957008,,coverage64_release_20260827_v5.tar.gz,case_905
37,case_37,bug_254,interrupt,interrupt_mcause_bit,riscv_multiple_interrupt_test,957007,,coverage64_release_20260827_v5.tar.gz,case_904
38,case_38,bug_253,interrupt,interrupt_entry_mpie_save,riscv_single_interrupt_test,957011,,coverage64_release_20260827_v5.tar.gz,case_903
39,case_39,bug_253,interrupt,interrupt_entry_mpie_save,riscv_single_interrupt_test,957010,,coverage64_release_20260827_v5.tar.gz,case_902
40,case_40,bug_253,interrupt,interrupt_entry_mpie_save,riscv_single_interrupt_test,957009,,coverage64_release_20260827_v5.tar.gz,case_901
41,case_41,bug_253,interrupt,interrupt_entry_mpie_save,riscv_single_interrupt_test,957008,,coverage64_release_20260827_v5.tar.gz,case_900
42,case_42,bug_054,coverage64,validated_or_probe_candidate,riscv_arithmetic_basic_test,12505,,coverage64_release_20260827_v5.tar.gz,case_90
43,case_43,bug_041,coverage64,validated_or_probe_candidate,riscv_machine_mode_rand_test,12009,,coverage64_release_20260827_v5.tar.gz,case_9
44,case_44,bug_253,interrupt,interrupt_entry_mpie_save,riscv_single_interrupt_test,957007,,coverage64_release_20260827_v5.tar.gz,case_899
45,case_45,bug_253,interrupt,interrupt_entry_mpie_save,riscv_multiple_interrupt_test,957011,,coverage64_release_20260827_v5.tar.gz,case_898
46,case_46,bug_253,interrupt,interrupt_entry_mpie_save,riscv_multiple_interrupt_test,957010,,coverage64_release_20260827_v5.tar.gz,case_897
47,case_47,bug_253,interrupt,interrupt_entry_mpie_save,riscv_multiple_interrupt_test,957009,,coverage64_release_20260827_v5.tar.gz,case_896
48,case_48,bug_253,interrupt,interrupt_entry_mpie_save,riscv_multiple_interrupt_test,957008,,coverage64_release_20260827_v5.tar.gz,case_895
49,case_49,bug_253,interrupt,interrupt_entry_mpie_save,riscv_multiple_interrupt_test,957007,,coverage64_release_20260827_v5.tar.gz,case_894
50,case_50,bug_224,register_file,x21_write_lsb_flipped,riscv_rand_instr_test,931005,,coverage64_release_20260827_v5.tar.gz,case_893
51,case_51,bug_224,register_file,x21_write_lsb_flipped,riscv_rand_instr_test,931004,,coverage64_release_20260827_v5.tar.gz,case_892
52,case_52,bug_224,register_file,x21_write_lsb_flipped,riscv_rand_instr_test,931003,,coverage64_release_20260827_v5.tar.gz,case_891
53,case_53,bug_224,register_file,x21_write_lsb_flipped,riscv_machine_mode_rand_test,931005,,coverage64_release_20260827_v5.tar.gz,case_890
54,case_54,bug_054,coverage64,validated_or_probe_candidate,riscv_arithmetic_basic_test,12504,,coverage64_release_20260827_v5.tar.gz,case_89
55,case_55,bug_224,register_file,x21_write_lsb_flipped,riscv_machine_mode_rand_test,931004,,coverage64_release_20260827_v5.tar.gz,case_889
56,case_56,bug_224,register_file,x21_write_lsb_flipped,riscv_machine_mode_rand_test,931003,,coverage64_release_20260827_v5.tar.gz,case_888
57,case_57,bug_223,register_file,x20_write_lsb_flipped,riscv_rand_instr_test,930802,,coverage64_release_20260827_v5.tar.gz,case_887
58,case_58,bug_223,register_file,x20_write_lsb_flipped,riscv_machine_mode_rand_test,930803,,coverage64_release_20260827_v5.tar.gz,case_886
59,case_59,bug_223,register_file,x20_write_lsb_flipped,riscv_machine_mode_rand_test,930802,,coverage64_release_20260827_v5.tar.gz,case_885
60,case_60,bug_222,register_file,x27_write_lsb_flipped,riscv_rv32im_instr_test,930703,,coverage64_release_20260827_v5.tar.gz,case_884
61,case_61,bug_222,register_file,x27_write_lsb_flipped,riscv_rv32im_instr_test,930702,,coverage64_release_20260827_v5.tar.gz,case_883
62,case_62,bug_222,register_file,x27_write_lsb_flipped,riscv_rand_instr_test,930703,,coverage64_release_20260827_v5.tar.gz,case_882
63,case_63,bug_222,register_file,x27_write_lsb_flipped,riscv_rand_instr_test,930702,,coverage64_release_20260827_v5.tar.gz,case_881
64,case_64,bug_222,register_file,x27_write_lsb_flipped,riscv_rand_instr_test,930701,,coverage64_release_20260827_v5.tar.gz,case_880
65,case_65,bug_054,coverage64,validated_or_probe_candidate,riscv_arithmetic_basic_test,12503,,coverage64_release_20260827_v5.tar.gz,case_88
66,case_66,bug_222,register_file,x27_write_lsb_flipped,riscv_machine_mode_rand_test,930703,,coverage64_release_20260827_v5.tar.gz,case_879
67,case_67,bug_222,register_file,x27_write_lsb_flipped,riscv_machine_mode_rand_test,930702,,coverage64_release_20260827_v5.tar.gz,case_878
68,case_68,bug_222,register_file,x27_write_lsb_flipped,riscv_machine_mode_rand_test,930701,,coverage64_release_20260827_v5.tar.gz,case_877
69,case_69,bug_218,pipeline_hazard,mul_stall_omitted,riscv_rv32im_instr_test,930303,,coverage64_release_20260827_v5.tar.gz,case_876
70,case_70,bug_218,pipeline_hazard,mul_stall_omitted,riscv_rv32im_instr_test,930302,,coverage64_release_20260827_v5.tar.gz,case_875
71,case_71,bug_218,pipeline_hazard,mul_stall_omitted,riscv_rv32im_instr_test,930301,,coverage64_release_20260827_v5.tar.gz,case_874
72,case_72,bug_218,pipeline_hazard,mul_stall_omitted,riscv_rand_instr_test,930303,,coverage64_release_20260827_v5.tar.gz,case_873
73,case_73,bug_218,pipeline_hazard,mul_stall_omitted,riscv_rand_instr_test,930302,,coverage64_release_20260827_v5.tar.gz,case_872
74,case_74,bug_218,pipeline_hazard,mul_stall_omitted,riscv_rand_instr_test,930301,,coverage64_release_20260827_v5.tar.gz,case_871
75,case_75,bug_218,pipeline_hazard,mul_stall_omitted,riscv_machine_mode_rand_test,930303,,coverage64_release_20260827_v5.tar.gz,case_870
76,case_76,bug_054,coverage64,validated_or_probe_candidate,riscv_arithmetic_basic_test,12502,,coverage64_release_20260827_v5.tar.gz,case_87
77,case_77,bug_218,pipeline_hazard,mul_stall_omitted,riscv_machine_mode_rand_test,930302,,coverage64_release_20260827_v5.tar.gz,case_869
78,case_78,bug_218,pipeline_hazard,mul_stall_omitted,riscv_machine_mode_rand_test,930301,,coverage64_release_20260827_v5.tar.gz,case_868
79,case_79,bug_052,lsu,late_lb_sign_extension,riscv_unaligned_load_store_test,892002,,coverage64_release_20260827_v5.tar.gz,case_867
80,case_80,bug_052,lsu,late_lb_sign_extension,riscv_unaligned_load_store_test,892001,,coverage64_release_20260827_v5.tar.gz,case_866
81,case_81,bug_052,lsu,late_lb_sign_extension,riscv_mmu_stress_test,892002,,coverage64_release_20260827_v5.tar.gz,case_865
82,case_82,bug_052,lsu,late_lb_sign_extension,riscv_mmu_stress_test,892001,,coverage64_release_20260827_v5.tar.gz,case_864
83,case_83,bug_047,branch_jump,conditional_beq_equality_inversion,riscv_rand_instr_test,891002,,coverage64_release_20260827_v5.tar.gz,case_863
84,case_84,bug_047,branch_jump,conditional_beq_equality_inversion,riscv_rand_instr_test,891001,,coverage64_release_20260827_v5.tar.gz,case_862
85,case_85,bug_047,branch_jump,conditional_beq_equality_inversion,riscv_machine_mode_rand_test,891002,,coverage64_release_20260827_v5.tar.gz,case_861
86,case_86,bug_047,branch_jump,conditional_beq_equality_inversion,riscv_machine_mode_rand_test,891001,,coverage64_release_20260827_v5.tar.gz,case_860
87,case_87,bug_054,coverage64,validated_or_probe_candidate,riscv_arithmetic_basic_test,12501,,coverage64_release_20260827_v5.tar.gz,case_86
88,case_88,bug_047,branch_jump,conditional_beq_equality_inversion,riscv_jump_stress_test,891002,,coverage64_release_20260827_v5.tar.gz,case_859
89,case_89,bug_047,branch_jump,conditional_beq_equality_inversion,riscv_jump_stress_test,891001,,coverage64_release_20260827_v5.tar.gz,case_858
90,case_90,bug_156,interrupt,external_irq_pending_mapping,riscv_single_interrupt_test,882002,,coverage64_release_20260827_v5.tar.gz,case_857
91,case_91,bug_156,interrupt,external_irq_pending_mapping,riscv_single_interrupt_test,882001,,coverage64_release_20260827_v5.tar.gz,case_856
92,case_92,bug_156,interrupt,external_irq_pending_mapping,riscv_multiple_interrupt_test,882002,,coverage64_release_20260827_v5.tar.gz,case_855
93,case_93,bug_156,interrupt,external_irq_pending_mapping,riscv_multiple_interrupt_test,882001,,coverage64_release_20260827_v5.tar.gz,case_854
94,case_94,bug_051,lsu,late_byte_load_sign_extension,riscv_mmu_stress_test,20504,,coverage64_release_20260827_v5.tar.gz,case_853
95,case_95,bug_051,lsu,late_byte_load_sign_extension,riscv_mmu_stress_test,20503,,coverage64_release_20260827_v5.tar.gz,case_852
96,case_96,bug_051,lsu,late_byte_load_sign_extension,riscv_mmu_stress_test,20502,,coverage64_release_20260827_v5.tar.gz,case_851
97,case_97,bug_051,lsu,late_byte_load_sign_extension,riscv_mmu_stress_test,20501,,coverage64_release_20260827_v5.tar.gz,case_850
98,case_98,bug_053,coverage64,validated_or_probe_candidate,riscv_rv32im_instr_test,12418,,coverage64_release_20260827_v5.tar.gz,case_85
99,case_99,bug_051,lsu,late_byte_load_sign_extension,riscv_unaligned_load_store_test,20505,,coverage64_release_20260827_v5.tar.gz,case_849
100,case_100,bug_051,lsu,late_byte_load_sign_extension,riscv_unaligned_load_store_test,20504,,coverage64_release_20260827_v5.tar.gz,case_848
101,case_101,bug_051,lsu,late_byte_load_sign_extension,riscv_unaligned_load_store_test,20503,,coverage64_release_20260827_v5.tar.gz,case_847
102,case_102,bug_051,lsu,late_byte_load_sign_extension,riscv_unaligned_load_store_test,20502,,coverage64_release_20260827_v5.tar.gz,case_846
103,case_103,bug_051,lsu,late_byte_load_sign_extension,riscv_unaligned_load_store_test,20501,,coverage64_release_20260827_v5.tar.gz,case_845
104,case_104,bug_103,mdu,late_div_to_rem,riscv_rand_instr_test,20116,,coverage64_release_20260827_v5.tar.gz,case_844
105,case_105,bug_103,mdu,late_div_to_rem,riscv_rand_instr_test,20114,,coverage64_release_20260827_v5.tar.gz,case_843
106,case_106,bug_103,mdu,late_div_to_rem,riscv_rand_instr_test,20113,,coverage64_release_20260827_v5.tar.gz,case_842
107,case_107,bug_103,mdu,late_div_to_rem,riscv_rand_instr_test,20112,,coverage64_release_20260827_v5.tar.gz,case_841
108,case_108,bug_103,mdu,late_div_to_rem,riscv_rand_instr_test,20111,,coverage64_release_20260827_v5.tar.gz,case_840
109,case_109,bug_053,coverage64,validated_or_probe_candidate,riscv_rv32im_instr_test,12417,,coverage64_release_20260827_v5.tar.gz,case_84
110,case_110,bug_103,mdu,late_div_to_rem,riscv_rand_instr_test,20110,,coverage64_release_20260827_v5.tar.gz,case_839
111,case_111,bug_103,mdu,late_div_to_rem,riscv_rand_instr_test,20109,,coverage64_release_20260827_v5.tar.gz,case_838
112,case_112,bug_103,mdu,late_div_to_rem,riscv_rand_instr_test,20108,,coverage64_release_20260827_v5.tar.gz,case_837
113,case_113,bug_103,mdu,late_div_to_rem,riscv_rand_instr_test,20107,,coverage64_release_20260827_v5.tar.gz,case_836
114,case_114,bug_103,mdu,late_div_to_rem,riscv_rand_instr_test,20106,,coverage64_release_20260827_v5.tar.gz,case_835
115,case_115,bug_103,mdu,late_div_to_rem,riscv_rand_instr_test,20105,,coverage64_release_20260827_v5.tar.gz,case_834
116,case_116,bug_103,mdu,late_div_to_rem,riscv_rand_instr_test,20104,,coverage64_release_20260827_v5.tar.gz,case_833
117,case_117,bug_103,mdu,late_div_to_rem,riscv_rand_instr_test,20103,,coverage64_release_20260827_v5.tar.gz,case_832
118,case_118,bug_103,mdu,late_div_to_rem,riscv_rand_instr_test,20102,,coverage64_release_20260827_v5.tar.gz,case_831
119,case_119,bug_103,mdu,late_div_to_rem,riscv_rand_instr_test,20101,,coverage64_release_20260827_v5.tar.gz,case_830
120,case_120,bug_053,coverage64,validated_or_probe_candidate,riscv_rv32im_instr_test,12416,,coverage64_release_20260827_v5.tar.gz,case_83
121,case_121,bug_103,mdu,late_div_to_rem,riscv_machine_mode_rand_test,20120,,coverage64_release_20260827_v5.tar.gz,case_829
122,case_122,bug_103,mdu,late_div_to_rem,riscv_machine_mode_rand_test,20119,,coverage64_release_20260827_v5.tar.gz,case_828
123,case_123,bug_103,mdu,late_div_to_rem,riscv_machine_mode_rand_test,20118,,coverage64_release_20260827_v5.tar.gz,case_827
124,case_124,bug_103,mdu,late_div_to_rem,riscv_machine_mode_rand_test,20116,,coverage64_release_20260827_v5.tar.gz,case_826
125,case_125,bug_103,mdu,late_div_to_rem,riscv_machine_mode_rand_test,20115,,coverage64_release_20260827_v5.tar.gz,case_825
126,case_126,bug_103,mdu,late_div_to_rem,riscv_machine_mode_rand_test,20114,,coverage64_release_20260827_v5.tar.gz,case_824
127,case_127,bug_103,mdu,late_div_to_rem,riscv_machine_mode_rand_test,20113,,coverage64_release_20260827_v5.tar.gz,case_823
128,case_128,bug_103,mdu,late_div_to_rem,riscv_machine_mode_rand_test,20112,,coverage64_release_20260827_v5.tar.gz,case_822
129,case_129,bug_103,mdu,late_div_to_rem,riscv_machine_mode_rand_test,20111,,coverage64_release_20260827_v5.tar.gz,case_821
130,case_130,bug_103,mdu,late_div_to_rem,riscv_machine_mode_rand_test,20110,,coverage64_release_20260827_v5.tar.gz,case_820
131,case_131,bug_053,coverage64,validated_or_probe_candidate,riscv_rand_instr_test,12415,,coverage64_release_20260827_v5.tar.gz,case_82
132,case_132,bug_103,mdu,late_div_to_rem,riscv_machine_mode_rand_test,20109,,coverage64_release_20260827_v5.tar.gz,case_819
133,case_133,bug_103,mdu,late_div_to_rem,riscv_machine_mode_rand_test,20108,,coverage64_release_20260827_v5.tar.gz,case_818
134,case_134,bug_103,mdu,late_div_to_rem,riscv_machine_mode_rand_test,20107,,coverage64_release_20260827_v5.tar.gz,case_817
135,case_135,bug_103,mdu,late_div_to_rem,riscv_machine_mode_rand_test,20106,,coverage64_release_20260827_v5.tar.gz,case_816
136,case_136,bug_103,mdu,late_div_to_rem,riscv_machine_mode_rand_test,20105,,coverage64_release_20260827_v5.tar.gz,case_815
137,case_137,bug_103,mdu,late_div_to_rem,riscv_machine_mode_rand_test,20104,,coverage64_release_20260827_v5.tar.gz,case_814
138,case_138,bug_103,mdu,late_div_to_rem,riscv_machine_mode_rand_test,20103,,coverage64_release_20260827_v5.tar.gz,case_813
139,case_139,bug_103,mdu,late_div_to_rem,riscv_machine_mode_rand_test,20102,,coverage64_release_20260827_v5.tar.gz,case_812
140,case_140,bug_103,mdu,late_div_to_rem,riscv_machine_mode_rand_test,20101,,coverage64_release_20260827_v5.tar.gz,case_811
141,case_141,bug_211,coverage64,validated_or_probe_candidate,riscv_single_interrupt_test,18314,,coverage64_release_20260827_v5.tar.gz,case_810
142,case_142,bug_053,coverage64,validated_or_probe_candidate,riscv_rand_instr_test,12414,,coverage64_release_20260827_v5.tar.gz,case_81
143,case_143,bug_211,coverage64,validated_or_probe_candidate,riscv_single_interrupt_test,18313,,coverage64_release_20260827_v5.tar.gz,case_809
144,case_144,bug_211,coverage64,validated_or_probe_candidate,riscv_single_interrupt_test,18312,,coverage64_release_20260827_v5.tar.gz,case_808
145,case_145,bug_211,coverage64,validated_or_probe_candidate,riscv_single_interrupt_test,18311,,coverage64_release_20260827_v5.tar.gz,case_807
146,case_146,bug_211,coverage64,validated_or_probe_candidate,riscv_single_interrupt_test,18310,,coverage64_release_20260827_v5.tar.gz,case_806
147,case_147,bug_211,coverage64,validated_or_probe_candidate,riscv_single_interrupt_test,18309,,coverage64_release_20260827_v5.tar.gz,case_805
148,case_148,bug_211,coverage64,validated_or_probe_candidate,riscv_single_interrupt_test,18308,,coverage64_release_20260827_v5.tar.gz,case_804
149,case_149,bug_211,coverage64,validated_or_probe_candidate,riscv_multiple_interrupt_test,18320,,coverage64_release_20260827_v5.tar.gz,case_803
150,case_150,bug_211,coverage64,validated_or_probe_candidate,riscv_multiple_interrupt_test,18319,,coverage64_release_20260827_v5.tar.gz,case_802
151,case_151,bug_211,coverage64,validated_or_probe_candidate,riscv_multiple_interrupt_test,18318,,coverage64_release_20260827_v5.tar.gz,case_801
152,case_152,bug_211,coverage64,validated_or_probe_candidate,riscv_multiple_interrupt_test,18317,,coverage64_release_20260827_v5.tar.gz,case_800
153,case_153,bug_053,coverage64,validated_or_probe_candidate,riscv_rand_instr_test,12413,,coverage64_release_20260827_v5.tar.gz,case_80
154,case_154,bug_041,coverage64,validated_or_probe_candidate,riscv_machine_mode_rand_test,12008,,coverage64_release_20260827_v5.tar.gz,case_8
155,case_155,bug_211,coverage64,validated_or_probe_candidate,riscv_multiple_interrupt_test,18316,,coverage64_release_20260827_v5.tar.gz,case_799
156,case_156,bug_211,coverage64,validated_or_probe_candidate,riscv_multiple_interrupt_test,18315,,coverage64_release_20260827_v5.tar.gz,case_798
157,case_157,bug_195,coverage64,validated_or_probe_candidate,riscv_single_interrupt_test,17820,,coverage64_release_20260827_v5.tar.gz,case_797
158,case_158,bug_195,coverage64,validated_or_probe_candidate,riscv_single_interrupt_test,17819,,coverage64_release_20260827_v5.tar.gz,case_796
159,case_159,bug_195,coverage64,validated_or_probe_candidate,riscv_single_interrupt_test,17818,,coverage64_release_20260827_v5.tar.gz,case_795
160,case_160,bug_195,coverage64,validated_or_probe_candidate,riscv_single_interrupt_test,17817,,coverage64_release_20260827_v5.tar.gz,case_794
161,case_161,bug_195,coverage64,validated_or_probe_candidate,riscv_single_interrupt_test,17816,,coverage64_release_20260827_v5.tar.gz,case_793
162,case_162,bug_195,coverage64,validated_or_probe_candidate,riscv_single_interrupt_test,17815,,coverage64_release_20260827_v5.tar.gz,case_792
163,case_163,bug_195,coverage64,validated_or_probe_candidate,riscv_csr_test,17807,,coverage64_release_20260827_v5.tar.gz,case_791
164,case_164,bug_195,coverage64,validated_or_probe_candidate,riscv_csr_test,17806,,coverage64_release_20260827_v5.tar.gz,case_790
165,case_165,bug_053,coverage64,validated_or_probe_candidate,riscv_rand_instr_test,12412,,coverage64_release_20260827_v5.tar.gz,case_79
166,case_166,bug_195,coverage64,validated_or_probe_candidate,riscv_csr_test,17805,,coverage64_release_20260827_v5.tar.gz,case_789
167,case_167,bug_195,coverage64,validated_or_probe_candidate,riscv_csr_test,17804,,coverage64_release_20260827_v5.tar.gz,case_788
168,case_168,bug_195,coverage64,validated_or_probe_candidate,riscv_csr_test,17803,,coverage64_release_20260827_v5.tar.gz,case_787
169,case_169,bug_195,coverage64,validated_or_probe_candidate,riscv_csr_test,17802,,coverage64_release_20260827_v5.tar.gz,case_786
170,case_170,bug_195,coverage64,validated_or_probe_candidate,riscv_csr_test,17801,,coverage64_release_20260827_v5.tar.gz,case_785
171,case_171,bug_176,coverage64,validated_or_probe_candidate,riscv_unaligned_load_store_test,16720,,coverage64_release_20260827_v5.tar.gz,case_784
172,case_172,bug_176,coverage64,validated_or_probe_candidate,riscv_unaligned_load_store_test,16719,,coverage64_release_20260827_v5.tar.gz,case_783
173,case_173,bug_176,coverage64,validated_or_probe_candidate,riscv_unaligned_load_store_test,16718,,coverage64_release_20260827_v5.tar.gz,case_782
174,case_174,bug_176,coverage64,validated_or_probe_candidate,riscv_unaligned_load_store_test,16717,,coverage64_release_20260827_v5.tar.gz,case_781
175,case_175,bug_176,coverage64,validated_or_probe_candidate,riscv_unaligned_load_store_test,16716,,coverage64_release_20260827_v5.tar.gz,case_780
176,case_176,bug_053,coverage64,validated_or_probe_candidate,riscv_rand_instr_test,12411,,coverage64_release_20260827_v5.tar.gz,case_78
177,case_177,bug_176,coverage64,validated_or_probe_candidate,riscv_mmu_stress_test,16710,,coverage64_release_20260827_v5.tar.gz,case_779
178,case_178,bug_176,coverage64,validated_or_probe_candidate,riscv_unaligned_load_store_test,16715,,coverage64_release_20260827_v5.tar.gz,case_778
179,case_179,bug_176,coverage64,validated_or_probe_candidate,riscv_mmu_stress_test,16709,,coverage64_release_20260827_v5.tar.gz,case_777
180,case_180,bug_176,coverage64,validated_or_probe_candidate,riscv_unaligned_load_store_test,16714,,coverage64_release_20260827_v5.tar.gz,case_776
181,case_181,bug_176,coverage64,validated_or_probe_candidate,riscv_mmu_stress_test,16708,,coverage64_release_20260827_v5.tar.gz,case_775
182,case_182,bug_176,coverage64,validated_or_probe_candidate,riscv_unaligned_load_store_test,16713,,coverage64_release_20260827_v5.tar.gz,case_774
183,case_183,bug_176,coverage64,validated_or_probe_candidate,riscv_unaligned_load_store_test,16712,,coverage64_release_20260827_v5.tar.gz,case_773
184,case_184,bug_176,coverage64,validated_or_probe_candidate,riscv_mmu_stress_test,16707,,coverage64_release_20260827_v5.tar.gz,case_772
185,case_185,bug_176,coverage64,validated_or_probe_candidate,riscv_unaligned_load_store_test,16711,,coverage64_release_20260827_v5.tar.gz,case_771
186,case_186,bug_176,coverage64,validated_or_probe_candidate,riscv_mmu_stress_test,16706,,coverage64_release_20260827_v5.tar.gz,case_770
187,case_187,bug_053,coverage64,validated_or_probe_candidate,riscv_machine_mode_rand_test,12409,,coverage64_release_20260827_v5.tar.gz,case_77
188,case_188,bug_161,coverage64,validated_or_probe_candidate,riscv_rand_instr_test,16020,,coverage64_release_20260827_v5.tar.gz,case_769
189,case_189,bug_161,coverage64,validated_or_probe_candidate,riscv_rand_instr_test,16019,,coverage64_release_20260827_v5.tar.gz,case_768
190,case_190,bug_176,coverage64,validated_or_probe_candidate,riscv_mmu_stress_test,16705,,coverage64_release_20260827_v5.tar.gz,case_767
191,case_191,bug_161,coverage64,validated_or_probe_candidate,riscv_rand_instr_test,16018,,coverage64_release_20260827_v5.tar.gz,case_766
192,case_192,bug_176,coverage64,validated_or_probe_candidate,riscv_mmu_stress_test,16704,,coverage64_release_20260827_v5.tar.gz,case_765
193,case_193,bug_161,coverage64,validated_or_probe_candidate,riscv_rand_instr_test,16017,,coverage64_release_20260827_v5.tar.gz,case_764
194,case_194,bug_161,coverage64,validated_or_probe_candidate,riscv_rand_instr_test,16016,,coverage64_release_20260827_v5.tar.gz,case_763
195,case_195,bug_176,coverage64,validated_or_probe_candidate,riscv_mmu_stress_test,16703,,coverage64_release_20260827_v5.tar.gz,case_762
196,case_196,bug_161,coverage64,validated_or_probe_candidate,riscv_rand_instr_test,16015,,coverage64_release_20260827_v5.tar.gz,case_761
197,case_197,bug_176,coverage64,validated_or_probe_candidate,riscv_mmu_stress_test,16702,,coverage64_release_20260827_v5.tar.gz,case_760
198,case_198,bug_053,coverage64,validated_or_probe_candidate,riscv_machine_mode_rand_test,12408,,coverage64_release_20260827_v5.tar.gz,case_76
199,case_199,bug_161,coverage64,validated_or_probe_candidate,riscv_arithmetic_basic_test,16007,,coverage64_release_20260827_v5.tar.gz,case_759
200,case_200,bug_161,coverage64,validated_or_probe_candidate,riscv_arithmetic_basic_test,16006,,coverage64_release_20260827_v5.tar.gz,case_758
201,case_201,bug_176,coverage64,validated_or_probe_candidate,riscv_mmu_stress_test,16701,,coverage64_release_20260827_v5.tar.gz,case_757
202,case_202,bug_161,coverage64,validated_or_probe_candidate,riscv_arithmetic_basic_test,16005,,coverage64_release_20260827_v5.tar.gz,case_756
203,case_203,bug_161,coverage64,validated_or_probe_candidate,riscv_machine_mode_rand_test,16014,,coverage64_release_20260827_v5.tar.gz,case_755
204,case_204,bug_161,coverage64,validated_or_probe_candidate,riscv_arithmetic_basic_test,16004,,coverage64_release_20260827_v5.tar.gz,case_754
205,case_205,bug_161,coverage64,validated_or_probe_candidate,riscv_machine_mode_rand_test,16013,,coverage64_release_20260827_v5.tar.gz,case_753
206,case_206,bug_161,coverage64,validated_or_probe_candidate,riscv_arithmetic_basic_test,16003,,coverage64_release_20260827_v5.tar.gz,case_752
207,case_207,bug_161,coverage64,validated_or_probe_candidate,riscv_machine_mode_rand_test,16012,,coverage64_release_20260827_v5.tar.gz,case_751
208,case_208,bug_161,coverage64,validated_or_probe_candidate,riscv_arithmetic_basic_test,16002,,coverage64_release_20260827_v5.tar.gz,case_750
209,case_209,bug_053,coverage64,validated_or_probe_candidate,riscv_machine_mode_rand_test,12407,,coverage64_release_20260827_v5.tar.gz,case_75
210,case_210,bug_161,coverage64,validated_or_probe_candidate,riscv_machine_mode_rand_test,16011,,coverage64_release_20260827_v5.tar.gz,case_749
211,case_211,bug_161,coverage64,validated_or_probe_candidate,riscv_arithmetic_basic_test,16001,,coverage64_release_20260827_v5.tar.gz,case_748
212,case_212,bug_161,coverage64,validated_or_probe_candidate,riscv_machine_mode_rand_test,16010,,coverage64_release_20260827_v5.tar.gz,case_747
213,case_213,bug_147,coverage64,validated_or_probe_candidate,riscv_mmu_stress_test,15410,,coverage64_release_20260827_v5.tar.gz,case_746
214,case_214,bug_161,coverage64,validated_or_probe_candidate,riscv_machine_mode_rand_test,16009,,coverage64_release_20260827_v5.tar.gz,case_745
215,case_215,bug_161,coverage64,validated_or_probe_candidate,riscv_machine_mode_rand_test,16008,,coverage64_release_20260827_v5.tar.gz,case_744
216,case_216,bug_147,coverage64,validated_or_probe_candidate,riscv_mmu_stress_test,15409,,coverage64_release_20260827_v5.tar.gz,case_743
217,case_217,bug_147,coverage64,validated_or_probe_candidate,riscv_unaligned_load_store_test,15420,,coverage64_release_20260827_v5.tar.gz,case_742
218,case_218,bug_147,coverage64,validated_or_probe_candidate,riscv_mmu_stress_test,15408,,coverage64_release_20260827_v5.tar.gz,case_741
219,case_219,bug_147,coverage64,validated_or_probe_candidate,riscv_unaligned_load_store_test,15419,,coverage64_release_20260827_v5.tar.gz,case_740
220,case_220,bug_053,coverage64,validated_or_probe_candidate,riscv_machine_mode_rand_test,12406,,coverage64_release_20260827_v5.tar.gz,case_74
221,case_221,bug_147,coverage64,validated_or_probe_candidate,riscv_mmu_stress_test,15407,,coverage64_release_20260827_v5.tar.gz,case_739
222,case_222,bug_147,coverage64,validated_or_probe_candidate,riscv_unaligned_load_store_test,15418,,coverage64_release_20260827_v5.tar.gz,case_738
223,case_223,bug_147,coverage64,validated_or_probe_candidate,riscv_mmu_stress_test,15406,,coverage64_release_20260827_v5.tar.gz,case_737
224,case_224,bug_147,coverage64,validated_or_probe_candidate,riscv_unaligned_load_store_test,15417,,coverage64_release_20260827_v5.tar.gz,case_736
225,case_225,bug_147,coverage64,validated_or_probe_candidate,riscv_unaligned_load_store_test,15416,,coverage64_release_20260827_v5.tar.gz,case_735
226,case_226,bug_147,coverage64,validated_or_probe_candidate,riscv_mmu_stress_test,15405,,coverage64_release_20260827_v5.tar.gz,case_734
227,case_227,bug_147,coverage64,validated_or_probe_candidate,riscv_unaligned_load_store_test,15415,,coverage64_release_20260827_v5.tar.gz,case_733
228,case_228,bug_147,coverage64,validated_or_probe_candidate,riscv_mmu_stress_test,15404,,coverage64_release_20260827_v5.tar.gz,case_732
229,case_229,bug_147,coverage64,validated_or_probe_candidate,riscv_mmu_stress_test,15403,,coverage64_release_20260827_v5.tar.gz,case_731
230,case_230,bug_147,coverage64,validated_or_probe_candidate,riscv_unaligned_load_store_test,15414,,coverage64_release_20260827_v5.tar.gz,case_730
231,case_231,bug_053,coverage64,validated_or_probe_candidate,riscv_arithmetic_basic_test,12405,,coverage64_release_20260827_v5.tar.gz,case_73
232,case_232,bug_147,coverage64,validated_or_probe_candidate,riscv_mmu_stress_test,15402,,coverage64_release_20260827_v5.tar.gz,case_729
233,case_233,bug_147,coverage64,validated_or_probe_candidate,riscv_unaligned_load_store_test,15413,,coverage64_release_20260827_v5.tar.gz,case_728
234,case_234,bug_147,coverage64,validated_or_probe_candidate,riscv_unaligned_load_store_test,15412,,coverage64_release_20260827_v5.tar.gz,case_727
235,case_235,bug_147,coverage64,validated_or_probe_candidate,riscv_mmu_stress_test,15401,,coverage64_release_20260827_v5.tar.gz,case_726
236,case_236,bug_147,coverage64,validated_or_probe_candidate,riscv_unaligned_load_store_test,15411,,coverage64_release_20260827_v5.tar.gz,case_725
237,case_237,bug_072,coverage64,validated_or_probe_candidate,riscv_rand_instr_test,12811,,coverage64_release_20260827_v5.tar.gz,case_724
238,case_238,bug_146,coverage64,validated_or_probe_candidate,riscv_machine_mode_rand_test,15320,,coverage64_release_20260827_v5.tar.gz,case_723
239,case_239,bug_146,coverage64,validated_or_probe_candidate,riscv_machine_mode_rand_test,15319,,coverage64_release_20260827_v5.tar.gz,case_722
240,case_240,bug_136,coverage64,validated_or_probe_candidate,riscv_rand_jump_test,14712,,coverage64_release_20260827_v5.tar.gz,case_721
241,case_241,bug_146,coverage64,validated_or_probe_candidate,riscv_machine_mode_rand_test,15318,,coverage64_release_20260827_v5.tar.gz,case_720
242,case_242,bug_053,coverage64,validated_or_probe_candidate,riscv_arithmetic_basic_test,12404,,coverage64_release_20260827_v5.tar.gz,case_72
243,case_243,bug_136,coverage64,validated_or_probe_candidate,riscv_rand_jump_test,14711,,coverage64_release_20260827_v5.tar.gz,case_719
244,case_244,bug_146,coverage64,validated_or_probe_candidate,riscv_machine_mode_rand_test,15317,,coverage64_release_20260827_v5.tar.gz,case_718
245,case_245,bug_128,coverage64,validated_or_probe_candidate,riscv_machine_mode_rand_test,14110,,coverage64_release_20260827_v5.tar.gz,case_717
246,case_246,bug_129,coverage64,validated_or_probe_candidate,riscv_jump_stress_test,14210,,coverage64_release_20260827_v5.tar.gz,case_716
247,case_247,bug_146,coverage64,validated_or_probe_candidate,riscv_machine_mode_rand_test,15316,,coverage64_release_20260827_v5.tar.gz,case_715
248,case_248,bug_129,coverage64,validated_or_probe_candidate,riscv_jump_stress_test,14209,,coverage64_release_20260827_v5.tar.gz,case_714
249,case_249,bug_128,coverage64,validated_or_probe_candidate,riscv_machine_mode_rand_test,14109,,coverage64_release_20260827_v5.tar.gz,case_713
250,case_250,bug_146,coverage64,validated_or_probe_candidate,riscv_machine_mode_rand_test,15315,,coverage64_release_20260827_v5.tar.gz,case_712
251,case_251,bug_128,coverage64,validated_or_probe_candidate,riscv_machine_mode_rand_test,14108,,coverage64_release_20260827_v5.tar.gz,case_711
252,case_252,bug_129,coverage64,validated_or_probe_candidate,riscv_jump_stress_test,14208,,coverage64_release_20260827_v5.tar.gz,case_710
253,case_253,bug_053,coverage64,validated_or_probe_candidate,riscv_arithmetic_basic_test,12403,,coverage64_release_20260827_v5.tar.gz,case_71
254,case_254,bug_128,coverage64,validated_or_probe_candidate,riscv_rand_jump_test,14119,,coverage64_release_20260827_v5.tar.gz,case_709
255,case_255,bug_136,coverage64,validated_or_probe_candidate,riscv_debug_branch_jump_test,14710,,coverage64_release_20260827_v5.tar.gz,case_708
256,case_256,bug_128,coverage64,validated_or_probe_candidate,riscv_machine_mode_rand_test,14107,,coverage64_release_20260827_v5.tar.gz,case_707
257,case_257,bug_129,coverage64,validated_or_probe_candidate,riscv_jump_stress_test,14207,,coverage64_release_20260827_v5.tar.gz,case_706
258,case_258,bug_136,coverage64,validated_or_probe_candidate,riscv_debug_branch_jump_test,14709,,coverage64_release_20260827_v5.tar.gz,case_705
259,case_259,bug_128,coverage64,validated_or_probe_candidate,riscv_machine_mode_rand_test,14106,,coverage64_release_20260827_v5.tar.gz,case_704
260,case_260,bug_129,coverage64,validated_or_probe_candidate,riscv_jump_stress_test,14206,,coverage64_release_20260827_v5.tar.gz,case_703
261,case_261,bug_136,coverage64,validated_or_probe_candidate,riscv_debug_branch_jump_test,14708,,coverage64_release_20260827_v5.tar.gz,case_702
262,case_262,bug_128,coverage64,validated_or_probe_candidate,riscv_machine_mode_rand_test,14105,,coverage64_release_20260827_v5.tar.gz,case_701
263,case_263,bug_129,coverage64,validated_or_probe_candidate,riscv_jump_stress_test,14205,,coverage64_release_20260827_v5.tar.gz,case_700
264,case_264,bug_053,coverage64,validated_or_probe_candidate,riscv_arithmetic_basic_test,12402,,coverage64_release_20260827_v5.tar.gz,case_70
265,case_265,bug_041,coverage64,validated_or_probe_candidate,riscv_arithmetic_basic_test,12007,,coverage64_release_20260827_v5.tar.gz,case_7
266,case_266,bug_136,coverage64,validated_or_probe_candidate,riscv_debug_branch_jump_test,14707,,coverage64_release_20260827_v5.tar.gz,case_699
267,case_267,bug_128,coverage64,validated_or_probe_candidate,riscv_rand_jump_test,14117,,coverage64_release_20260827_v5.tar.gz,case_698
268,case_268,bug_128,coverage64,validated_or_probe_candidate,riscv_machine_mode_rand_test,14104,,coverage64_release_20260827_v5.tar.gz,case_697
269,case_269,bug_129,coverage64,validated_or_probe_candidate,riscv_jump_stress_test,14204,,coverage64_release_20260827_v5.tar.gz,case_696
270,case_270,bug_136,coverage64,validated_or_probe_candidate,riscv_debug_branch_jump_test,14706,,coverage64_release_20260827_v5.tar.gz,case_695
271,case_271,bug_128,coverage64,validated_or_probe_candidate,riscv_rand_jump_test,14116,,coverage64_release_20260827_v5.tar.gz,case_694
272,case_272,bug_128,coverage64,validated_or_probe_candidate,riscv_machine_mode_rand_test,14103,,coverage64_release_20260827_v5.tar.gz,case_693
273,case_273,bug_129,coverage64,validated_or_probe_candidate,riscv_jump_stress_test,14203,,coverage64_release_20260827_v5.tar.gz,case_692
274,case_274,bug_128,coverage64,validated_or_probe_candidate,riscv_rand_jump_test,14115,,coverage64_release_20260827_v5.tar.gz,case_691
275,case_275,bug_129,coverage64,validated_or_probe_candidate,riscv_jump_stress_test,14202,,coverage64_release_20260827_v5.tar.gz,case_690
276,case_276,bug_053,coverage64,validated_or_probe_candidate,riscv_arithmetic_basic_test,12401,,coverage64_release_20260827_v5.tar.gz,case_69
277,case_277,bug_128,coverage64,validated_or_probe_candidate,riscv_machine_mode_rand_test,14102,,coverage64_release_20260827_v5.tar.gz,case_689
278,case_278,bug_129,coverage64,validated_or_probe_candidate,riscv_jump_stress_test,14201,,coverage64_release_20260827_v5.tar.gz,case_688
279,case_279,bug_128,coverage64,validated_or_probe_candidate,riscv_rand_jump_test,14114,,coverage64_release_20260827_v5.tar.gz,case_687
280,case_280,bug_128,coverage64,validated_or_probe_candidate,riscv_machine_mode_rand_test,14101,,coverage64_release_20260827_v5.tar.gz,case_686
281,case_281,bug_081,coverage64,validated_or_probe_candidate,riscv_arithmetic_basic_test,13705,,coverage64_release_20260827_v5.tar.gz,case_685
282,case_282,bug_080,coverage64,validated_or_probe_candidate,riscv_rand_instr_test,13615,,coverage64_release_20260827_v5.tar.gz,case_684
283,case_283,bug_136,coverage64,validated_or_probe_candidate,riscv_debug_branch_jump_test,14704,,coverage64_release_20260827_v5.tar.gz,case_683
284,case_284,bug_128,coverage64,validated_or_probe_candidate,riscv_rand_jump_test,14113,,coverage64_release_20260827_v5.tar.gz,case_682
285,case_285,bug_081,coverage64,validated_or_probe_candidate,riscv_arithmetic_basic_test,13704,,coverage64_release_20260827_v5.tar.gz,case_681
286,case_286,bug_080,coverage64,validated_or_probe_candidate,riscv_rand_instr_test,13614,,coverage64_release_20260827_v5.tar.gz,case_680
287,case_287,bug_049,coverage64,validated_or_probe_candidate,riscv_rand_instr_test,12320,,coverage64_release_20260827_v5.tar.gz,case_68
288,case_288,bug_128,coverage64,validated_or_probe_candidate,riscv_rand_jump_test,14112,,coverage64_release_20260827_v5.tar.gz,case_679
289,case_289,bug_136,coverage64,validated_or_probe_candidate,riscv_debug_branch_jump_test,14703,,coverage64_release_20260827_v5.tar.gz,case_678
290,case_290,bug_080,coverage64,validated_or_probe_candidate,riscv_rand_instr_test,13613,,coverage64_release_20260827_v5.tar.gz,case_677
291,case_291,bug_081,coverage64,validated_or_probe_candidate,riscv_arithmetic_basic_test,13703,,coverage64_release_20260827_v5.tar.gz,case_676
292,case_292,bug_136,coverage64,validated_or_probe_candidate,riscv_debug_branch_jump_test,14702,,coverage64_release_20260827_v5.tar.gz,case_675
293,case_293,bug_128,coverage64,validated_or_probe_candidate,riscv_rand_jump_test,14111,,coverage64_release_20260827_v5.tar.gz,case_674
294,case_294,bug_080,coverage64,validated_or_probe_candidate,riscv_rand_instr_test,13612,,coverage64_release_20260827_v5.tar.gz,case_673
295,case_295,bug_081,coverage64,validated_or_probe_candidate,riscv_arithmetic_basic_test,13702,,coverage64_release_20260827_v5.tar.gz,case_672
296,case_296,bug_136,coverage64,validated_or_probe_candidate,riscv_debug_branch_jump_test,14701,,coverage64_release_20260827_v5.tar.gz,case_671
297,case_297,bug_080,coverage64,validated_or_probe_candidate,riscv_rv32im_instr_test,13620,,coverage64_release_20260827_v5.tar.gz,case_670
298,case_298,bug_049,coverage64,validated_or_probe_candidate,riscv_rand_instr_test,12318,,coverage64_release_20260827_v5.tar.gz,case_67
299,case_299,bug_080,coverage64,validated_or_probe_candidate,riscv_rand_instr_test,13611,,coverage64_release_20260827_v5.tar.gz,case_669
300,case_300,bug_081,coverage64,validated_or_probe_candidate,riscv_arithmetic_basic_test,13701,,coverage64_release_20260827_v5.tar.gz,case_668
301,case_301,bug_080,coverage64,validated_or_probe_candidate,riscv_rv32im_instr_test,13619,,coverage64_release_20260827_v5.tar.gz,case_667
302,case_302,bug_076,coverage64,validated_or_probe_candidate,riscv_rand_instr_test,13215,,coverage64_release_20260827_v5.tar.gz,case_666
303,case_303,bug_077,coverage64,validated_or_probe_candidate,riscv_arithmetic_basic_test,13305,,coverage64_release_20260827_v5.tar.gz,case_665
304,case_304,bug_076,coverage64,validated_or_probe_candidate,riscv_rand_instr_test,13214,,coverage64_release_20260827_v5.tar.gz,case_664
305,case_305,bug_077,coverage64,validated_or_probe_candidate,riscv_arithmetic_basic_test,13304,,coverage64_release_20260827_v5.tar.gz,case_663
306,case_306,bug_080,coverage64,validated_or_probe_candidate,riscv_rv32im_instr_test,13617,,coverage64_release_20260827_v5.tar.gz,case_662
307,case_307,bug_076,coverage64,validated_or_probe_candidate,riscv_rand_instr_test,13213,,coverage64_release_20260827_v5.tar.gz,case_661
308,case_308,bug_077,coverage64,validated_or_probe_candidate,riscv_arithmetic_basic_test,13303,,coverage64_release_20260827_v5.tar.gz,case_660
309,case_309,bug_049,coverage64,validated_or_probe_candidate,riscv_rand_instr_test,12317,,coverage64_release_20260827_v5.tar.gz,case_66
310,case_310,bug_080,coverage64,validated_or_probe_candidate,riscv_rv32im_instr_test,13616,,coverage64_release_20260827_v5.tar.gz,case_659
311,case_311,bug_076,coverage64,validated_or_probe_candidate,riscv_rand_instr_test,13212,,coverage64_release_20260827_v5.tar.gz,case_658
312,case_312,bug_077,coverage64,validated_or_probe_candidate,riscv_arithmetic_basic_test,13302,,coverage64_release_20260827_v5.tar.gz,case_657
313,case_313,bug_076,coverage64,validated_or_probe_candidate,riscv_rv32im_instr_test,13220,,coverage64_release_20260827_v5.tar.gz,case_656
314,case_314,bug_076,coverage64,validated_or_probe_candidate,riscv_rand_instr_test,13211,,coverage64_release_20260827_v5.tar.gz,case_655
315,case_315,bug_077,coverage64,validated_or_probe_candidate,riscv_arithmetic_basic_test,13301,,coverage64_release_20260827_v5.tar.gz,case_654
316,case_316,bug_076,coverage64,validated_or_probe_candidate,riscv_rv32im_instr_test,13219,,coverage64_release_20260827_v5.tar.gz,case_653
317,case_317,bug_073,coverage64,validated_or_probe_candidate,riscv_arithmetic_basic_test,12905,,coverage64_release_20260827_v5.tar.gz,case_652
318,case_318,bug_080,coverage64,validated_or_probe_candidate,riscv_machine_mode_rand_test,13610,,coverage64_release_20260827_v5.tar.gz,case_651
319,case_319,bug_076,coverage64,validated_or_probe_candidate,riscv_rv32im_instr_test,13218,,coverage64_release_20260827_v5.tar.gz,case_650
320,case_320,bug_049,coverage64,validated_or_probe_candidate,riscv_rand_instr_test,12316,,coverage64_release_20260827_v5.tar.gz,case_65
321,case_321,bug_073,coverage64,validated_or_probe_candidate,riscv_arithmetic_basic_test,12904,,coverage64_release_20260827_v5.tar.gz,case_649
322,case_322,bug_080,coverage64,validated_or_probe_candidate,riscv_machine_mode_rand_test,13609,,coverage64_release_20260827_v5.tar.gz,case_648
323,case_323,bug_076,coverage64,validated_or_probe_candidate,riscv_rv32im_instr_test,13217,,coverage64_release_20260827_v5.tar.gz,case_647
324,case_324,bug_073,coverage64,validated_or_probe_candidate,riscv_arithmetic_basic_test,12903,,coverage64_release_20260827_v5.tar.gz,case_646
325,case_325,bug_080,coverage64,validated_or_probe_candidate,riscv_machine_mode_rand_test,13608,,coverage64_release_20260827_v5.tar.gz,case_645
326,case_326,bug_076,coverage64,validated_or_probe_candidate,riscv_rv32im_instr_test,13216,,coverage64_release_20260827_v5.tar.gz,case_644
327,case_327,bug_073,coverage64,validated_or_probe_candidate,riscv_arithmetic_basic_test,12902,,coverage64_release_20260827_v5.tar.gz,case_643
328,case_328,bug_080,coverage64,validated_or_probe_candidate,riscv_machine_mode_rand_test,13607,,coverage64_release_20260827_v5.tar.gz,case_642
329,case_329,bug_072,coverage64,validated_or_probe_candidate,riscv_rand_instr_test,12813,,coverage64_release_20260827_v5.tar.gz,case_641
330,case_330,bug_073,coverage64,validated_or_probe_candidate,riscv_arithmetic_basic_test,12901,,coverage64_release_20260827_v5.tar.gz,case_640
331,case_331,bug_049,coverage64,validated_or_probe_candidate,riscv_machine_mode_rand_test,12314,,coverage64_release_20260827_v5.tar.gz,case_64
332,case_332,bug_072,coverage64,validated_or_probe_candidate,riscv_rv32im_instr_test,12820,,coverage64_release_20260827_v5.tar.gz,case_639
333,case_333,bug_080,coverage64,validated_or_probe_candidate,riscv_machine_mode_rand_test,13606,,coverage64_release_20260827_v5.tar.gz,case_638
334,case_334,bug_076,coverage64,validated_or_probe_candidate,riscv_machine_mode_rand_test,13210,,coverage64_release_20260827_v5.tar.gz,case_637
335,case_335,bug_076,coverage64,validated_or_probe_candidate,riscv_machine_mode_rand_test,13209,,coverage64_release_20260827_v5.tar.gz,case_636
336,case_336,bug_076,coverage64,validated_or_probe_candidate,riscv_machine_mode_rand_test,13208,,coverage64_release_20260827_v5.tar.gz,case_635
337,case_337,bug_076,coverage64,validated_or_probe_candidate,riscv_machine_mode_rand_test,13207,,coverage64_release_20260827_v5.tar.gz,case_634
338,case_338,bug_076,coverage64,validated_or_probe_candidate,riscv_machine_mode_rand_test,13206,,coverage64_release_20260827_v5.tar.gz,case_633
339,case_339,bug_182,coverage64,validated_or_probe_candidate,riscv_arithmetic_basic_test,17107,,coverage64_release_20260827_v5.tar.gz,case_632
340,case_340,bug_182,coverage64,validated_or_probe_candidate,riscv_arithmetic_basic_test,17106,,coverage64_release_20260827_v5.tar.gz,case_631
341,case_341,bug_182,coverage64,validated_or_probe_candidate,riscv_arithmetic_basic_test,17105,,coverage64_release_20260827_v5.tar.gz,case_630
342,case_342,bug_049,coverage64,validated_or_probe_candidate,riscv_machine_mode_rand_test,12313,,coverage64_release_20260827_v5.tar.gz,case_63
343,case_343,bug_182,coverage64,validated_or_probe_candidate,riscv_rand_instr_test,17120,,coverage64_release_20260827_v5.tar.gz,case_629
344,case_344,bug_182,coverage64,validated_or_probe_candidate,riscv_arithmetic_basic_test,17104,,coverage64_release_20260827_v5.tar.gz,case_628
345,case_345,bug_182,coverage64,validated_or_probe_candidate,riscv_rand_instr_test,17119,,coverage64_release_20260827_v5.tar.gz,case_627
346,case_346,bug_182,coverage64,validated_or_probe_candidate,riscv_arithmetic_basic_test,17103,,coverage64_release_20260827_v5.tar.gz,case_626
347,case_347,bug_182,coverage64,validated_or_probe_candidate,riscv_rand_instr_test,17118,,coverage64_release_20260827_v5.tar.gz,case_625
348,case_348,bug_182,coverage64,validated_or_probe_candidate,riscv_arithmetic_basic_test,17102,,coverage64_release_20260827_v5.tar.gz,case_624
349,case_349,bug_182,coverage64,validated_or_probe_candidate,riscv_rand_instr_test,17117,,coverage64_release_20260827_v5.tar.gz,case_623
350,case_350,bug_182,coverage64,validated_or_probe_candidate,riscv_arithmetic_basic_test,17101,,coverage64_release_20260827_v5.tar.gz,case_622
351,case_351,bug_182,coverage64,validated_or_probe_candidate,riscv_rand_instr_test,17116,,coverage64_release_20260827_v5.tar.gz,case_621
352,case_352,bug_160,coverage64,validated_or_probe_candidate,riscv_machine_mode_rand_test,15914,,coverage64_release_20260827_v5.tar.gz,case_620
353,case_353,bug_049,coverage64,validated_or_probe_candidate,riscv_machine_mode_rand_test,12312,,coverage64_release_20260827_v5.tar.gz,case_62
354,case_354,bug_182,coverage64,validated_or_probe_candidate,riscv_rand_instr_test,17115,,coverage64_release_20260827_v5.tar.gz,case_619
355,case_355,bug_173,coverage64,validated_or_probe_candidate,riscv_unaligned_load_store_test,16520,,coverage64_release_20260827_v5.tar.gz,case_618
356,case_356,bug_173,coverage64,validated_or_probe_candidate,riscv_unaligned_load_store_test,16519,,coverage64_release_20260827_v5.tar.gz,case_617
357,case_357,bug_160,coverage64,validated_or_probe_candidate,riscv_machine_mode_rand_test,15912,,coverage64_release_20260827_v5.tar.gz,case_616
358,case_358,bug_173,coverage64,validated_or_probe_candidate,riscv_unaligned_load_store_test,16518,,coverage64_release_20260827_v5.tar.gz,case_615
359,case_359,bug_182,coverage64,validated_or_probe_candidate,riscv_machine_mode_rand_test,17114,,coverage64_release_20260827_v5.tar.gz,case_614
360,case_360,bug_160,coverage64,validated_or_probe_candidate,riscv_machine_mode_rand_test,15911,,coverage64_release_20260827_v5.tar.gz,case_613
361,case_361,bug_173,coverage64,validated_or_probe_candidate,riscv_unaligned_load_store_test,16517,,coverage64_release_20260827_v5.tar.gz,case_612
362,case_362,bug_182,coverage64,validated_or_probe_candidate,riscv_machine_mode_rand_test,17113,,coverage64_release_20260827_v5.tar.gz,case_611
363,case_363,bug_160,coverage64,validated_or_probe_candidate,riscv_machine_mode_rand_test,15910,,coverage64_release_20260827_v5.tar.gz,case_610
364,case_364,bug_049,coverage64,validated_or_probe_candidate,riscv_machine_mode_rand_test,12311,,coverage64_release_20260827_v5.tar.gz,case_61
365,case_365,bug_173,coverage64,validated_or_probe_candidate,riscv_unaligned_load_store_test,16516,,coverage64_release_20260827_v5.tar.gz,case_609
366,case_366,bug_182,coverage64,validated_or_probe_candidate,riscv_machine_mode_rand_test,17112,,coverage64_release_20260827_v5.tar.gz,case_608
367,case_367,bug_173,coverage64,validated_or_probe_candidate,riscv_unaligned_load_store_test,16515,,coverage64_release_20260827_v5.tar.gz,case_607
368,case_368,bug_182,coverage64,validated_or_probe_candidate,riscv_machine_mode_rand_test,17111,,coverage64_release_20260827_v5.tar.gz,case_606
369,case_369,bug_160,coverage64,validated_or_probe_candidate,riscv_machine_mode_rand_test,15908,,coverage64_release_20260827_v5.tar.gz,case_605
370,case_370,bug_182,coverage64,validated_or_probe_candidate,riscv_machine_mode_rand_test,17110,,coverage64_release_20260827_v5.tar.gz,case_604
371,case_371,bug_173,coverage64,validated_or_probe_candidate,riscv_unaligned_load_store_test,16514,,coverage64_release_20260827_v5.tar.gz,case_603
372,case_372,bug_146,coverage64,validated_or_probe_candidate,riscv_rv32im_instr_test,15314,,coverage64_release_20260827_v5.tar.gz,case_602
373,case_373,bug_182,coverage64,validated_or_probe_candidate,riscv_machine_mode_rand_test,17109,,coverage64_release_20260827_v5.tar.gz,case_601
374,case_374,bug_173,coverage64,validated_or_probe_candidate,riscv_unaligned_load_store_test,16513,,coverage64_release_20260827_v5.tar.gz,case_600
375,case_375,bug_049,coverage64,validated_or_probe_candidate,riscv_machine_mode_rand_test,12310,,coverage64_release_20260827_v5.tar.gz,case_60
376,case_376,bug_041,coverage64,validated_or_probe_candidate,riscv_arithmetic_basic_test,12006,,coverage64_release_20260827_v5.tar.gz,case_6
377,case_377,bug_146,coverage64,validated_or_probe_candidate,riscv_rv32im_instr_test,15313,,coverage64_release_20260827_v5.tar.gz,case_599
378,case_378,bug_182,coverage64,validated_or_probe_candidate,riscv_machine_mode_rand_test,17108,,coverage64_release_20260827_v5.tar.gz,case_598
379,case_379,bug_146,coverage64,validated_or_probe_candidate,riscv_rv32im_instr_test,15312,,coverage64_release_20260827_v5.tar.gz,case_597
380,case_380,bug_173,coverage64,validated_or_probe_candidate,riscv_unaligned_load_store_test,16512,,coverage64_release_20260827_v5.tar.gz,case_596
381,case_381,bug_173,coverage64,validated_or_probe_candidate,riscv_mmu_stress_test,16510,,coverage64_release_20260827_v5.tar.gz,case_595
382,case_382,bug_146,coverage64,validated_or_probe_candidate,riscv_rv32im_instr_test,15311,,coverage64_release_20260827_v5.tar.gz,case_594
383,case_383,bug_173,coverage64,validated_or_probe_candidate,riscv_unaligned_load_store_test,16511,,coverage64_release_20260827_v5.tar.gz,case_593
384,case_384,bug_153,coverage64,validated_or_probe_candidate,riscv_unaligned_load_store_test,15814,,coverage64_release_20260827_v5.tar.gz,case_592
385,case_385,bug_146,coverage64,validated_or_probe_candidate,riscv_rv32im_instr_test,15310,,coverage64_release_20260827_v5.tar.gz,case_591
386,case_386,bug_173,coverage64,validated_or_probe_candidate,riscv_mmu_stress_test,16509,,coverage64_release_20260827_v5.tar.gz,case_590
387,case_387,bug_049,coverage64,validated_or_probe_candidate,riscv_machine_mode_rand_test,12309,,coverage64_release_20260827_v5.tar.gz,case_59
388,case_388,bug_160,coverage64,validated_or_probe_candidate,riscv_arithmetic_basic_test,15907,,coverage64_release_20260827_v5.tar.gz,case_589
389,case_389,bug_153,coverage64,validated_or_probe_candidate,riscv_unaligned_load_store_test,15813,,coverage64_release_20260827_v5.tar.gz,case_588
390,case_390,bug_146,coverage64,validated_or_probe_candidate,riscv_rv32im_instr_test,15309,,coverage64_release_20260827_v5.tar.gz,case_587
391,case_391,bug_160,coverage64,validated_or_probe_candidate,riscv_arithmetic_basic_test,15906,,coverage64_release_20260827_v5.tar.gz,case_586
392,case_392,bug_173,coverage64,validated_or_probe_candidate,riscv_mmu_stress_test,16508,,coverage64_release_20260827_v5.tar.gz,case_585
393,case_393,bug_146,coverage64,validated_or_probe_candidate,riscv_rv32im_instr_test,15308,,coverage64_release_20260827_v5.tar.gz,case_584
394,case_394,bug_153,coverage64,validated_or_probe_candidate,riscv_unaligned_load_store_test,15812,,coverage64_release_20260827_v5.tar.gz,case_583
395,case_395,bug_160,coverage64,validated_or_probe_candidate,riscv_arithmetic_basic_test,15905,,coverage64_release_20260827_v5.tar.gz,case_582
396,case_396,bug_173,coverage64,validated_or_probe_candidate,riscv_mmu_stress_test,16507,,coverage64_release_20260827_v5.tar.gz,case_581
397,case_397,bug_160,coverage64,validated_or_probe_candidate,riscv_arithmetic_basic_test,15904,,coverage64_release_20260827_v5.tar.gz,case_580
398,case_398,bug_049,coverage64,validated_or_probe_candidate,riscv_arithmetic_basic_test,12307,,coverage64_release_20260827_v5.tar.gz,case_58
399,case_399,bug_153,coverage64,validated_or_probe_candidate,riscv_unaligned_load_store_test,15811,,coverage64_release_20260827_v5.tar.gz,case_579
400,case_400,bug_160,coverage64,validated_or_probe_candidate,riscv_arithmetic_basic_test,15903,,coverage64_release_20260827_v5.tar.gz,case_578
401,case_401,bug_173,coverage64,validated_or_probe_candidate,riscv_mmu_stress_test,16506,,coverage64_release_20260827_v5.tar.gz,case_577
402,case_402,bug_153,coverage64,validated_or_probe_candidate,riscv_unaligned_load_store_test,15810,,coverage64_release_20260827_v5.tar.gz,case_576
403,case_403,bug_160,coverage64,validated_or_probe_candidate,riscv_arithmetic_basic_test,15902,,coverage64_release_20260827_v5.tar.gz,case_575
404,case_404,bug_173,coverage64,validated_or_probe_candidate,riscv_mmu_stress_test,16505,,coverage64_release_20260827_v5.tar.gz,case_574
405,case_405,bug_153,coverage64,validated_or_probe_candidate,riscv_unaligned_load_store_test,15809,,coverage64_release_20260827_v5.tar.gz,case_573
406,case_406,bug_160,coverage64,validated_or_probe_candidate,riscv_arithmetic_basic_test,15901,,coverage64_release_20260827_v5.tar.gz,case_572
407,case_407,bug_134,coverage64,validated_or_probe_candidate,riscv_rand_jump_test,14618,,coverage64_release_20260827_v5.tar.gz,case_571
408,case_408,bug_153,coverage64,validated_or_probe_candidate,riscv_unaligned_load_store_test,15808,,coverage64_release_20260827_v5.tar.gz,case_570
409,case_409,bug_049,coverage64,validated_or_probe_candidate,riscv_arithmetic_basic_test,12306,,coverage64_release_20260827_v5.tar.gz,case_57
410,case_410,bug_146,coverage64,validated_or_probe_candidate,riscv_rand_instr_test,15307,,coverage64_release_20260827_v5.tar.gz,case_569
411,case_411,bug_173,coverage64,validated_or_probe_candidate,riscv_mmu_stress_test,16504,,coverage64_release_20260827_v5.tar.gz,case_568
412,case_412,bug_134,coverage64,validated_or_probe_candidate,riscv_rand_jump_test,14617,,coverage64_release_20260827_v5.tar.gz,case_567
413,case_413,bug_145,coverage64,validated_or_probe_candidate,riscv_rv32im_instr_test,15214,,coverage64_release_20260827_v5.tar.gz,case_566
414,case_414,bug_146,coverage64,validated_or_probe_candidate,riscv_rand_instr_test,15306,,coverage64_release_20260827_v5.tar.gz,case_565
415,case_415,bug_173,coverage64,validated_or_probe_candidate,riscv_mmu_stress_test,16503,,coverage64_release_20260827_v5.tar.gz,case_564
416,case_416,bug_146,coverage64,validated_or_probe_candidate,riscv_rand_instr_test,15305,,coverage64_release_20260827_v5.tar.gz,case_563
417,case_417,bug_145,coverage64,validated_or_probe_candidate,riscv_rv32im_instr_test,15213,,coverage64_release_20260827_v5.tar.gz,case_562
418,case_418,bug_173,coverage64,validated_or_probe_candidate,riscv_mmu_stress_test,16502,,coverage64_release_20260827_v5.tar.gz,case_561
419,case_419,bug_146,coverage64,validated_or_probe_candidate,riscv_rand_instr_test,15304,,coverage64_release_20260827_v5.tar.gz,case_560
420,case_420,bug_049,coverage64,validated_or_probe_candidate,riscv_arithmetic_basic_test,12305,,coverage64_release_20260827_v5.tar.gz,case_56
421,case_421,bug_145,coverage64,validated_or_probe_candidate,riscv_rv32im_instr_test,15212,,coverage64_release_20260827_v5.tar.gz,case_559
422,case_422,bug_146,coverage64,validated_or_probe_candidate,riscv_rand_instr_test,15303,,coverage64_release_20260827_v5.tar.gz,case_558
423,case_423,bug_145,coverage64,validated_or_probe_candidate,riscv_rv32im_instr_test,15211,,coverage64_release_20260827_v5.tar.gz,case_557
424,case_424,bug_173,coverage64,validated_or_probe_candidate,riscv_mmu_stress_test,16501,,coverage64_release_20260827_v5.tar.gz,case_556
425,case_425,bug_146,coverage64,validated_or_probe_candidate,riscv_rand_instr_test,15302,,coverage64_release_20260827_v5.tar.gz,case_555
426,case_426,bug_145,coverage64,validated_or_probe_candidate,riscv_rv32im_instr_test,15210,,coverage64_release_20260827_v5.tar.gz,case_554
427,case_427,bug_146,coverage64,validated_or_probe_candidate,riscv_rand_instr_test,15301,,coverage64_release_20260827_v5.tar.gz,case_553
428,case_428,bug_145,coverage64,validated_or_probe_candidate,riscv_rv32im_instr_test,15209,,coverage64_release_20260827_v5.tar.gz,case_552
429,case_429,bug_134,coverage64,validated_or_probe_candidate,riscv_debug_branch_jump_test,14610,,coverage64_release_20260827_v5.tar.gz,case_551
430,case_430,bug_145,coverage64,validated_or_probe_candidate,riscv_rv32im_instr_test,15208,,coverage64_release_20260827_v5.tar.gz,case_550
431,case_431,bug_049,coverage64,validated_or_probe_candidate,riscv_arithmetic_basic_test,12304,,coverage64_release_20260827_v5.tar.gz,case_55
432,case_432,bug_134,coverage64,validated_or_probe_candidate,riscv_debug_branch_jump_test,14609,,coverage64_release_20260827_v5.tar.gz,case_549
433,case_433,bug_134,coverage64,validated_or_probe_candidate,riscv_debug_branch_jump_test,14608,,coverage64_release_20260827_v5.tar.gz,case_548
434,case_434,bug_134,coverage64,validated_or_probe_candidate,riscv_rand_jump_test,14611,,coverage64_release_20260827_v5.tar.gz,case_547
435,case_435,bug_134,coverage64,validated_or_probe_candidate,riscv_debug_branch_jump_test,14607,,coverage64_release_20260827_v5.tar.gz,case_546
436,case_436,bug_134,coverage64,validated_or_probe_candidate,riscv_debug_branch_jump_test,14606,,coverage64_release_20260827_v5.tar.gz,case_545
437,case_437,bug_134,coverage64,validated_or_probe_candidate,riscv_debug_branch_jump_test,14605,,coverage64_release_20260827_v5.tar.gz,case_544
438,case_438,bug_145,coverage64,validated_or_probe_candidate,riscv_rand_instr_test,15220,,coverage64_release_20260827_v5.tar.gz,case_543
439,case_439,bug_134,coverage64,validated_or_probe_candidate,riscv_debug_branch_jump_test,14604,,coverage64_release_20260827_v5.tar.gz,case_542
440,case_440,bug_145,coverage64,validated_or_probe_candidate,riscv_rand_instr_test,15219,,coverage64_release_20260827_v5.tar.gz,case_541
441,case_441,bug_134,coverage64,validated_or_probe_candidate,riscv_debug_branch_jump_test,14603,,coverage64_release_20260827_v5.tar.gz,case_540
442,case_442,bug_049,coverage64,validated_or_probe_candidate,riscv_arithmetic_basic_test,12303,,coverage64_release_20260827_v5.tar.gz,case_54
443,case_443,bug_145,coverage64,validated_or_probe_candidate,riscv_rand_instr_test,15218,,coverage64_release_20260827_v5.tar.gz,case_539
444,case_444,bug_134,coverage64,validated_or_probe_candidate,riscv_debug_branch_jump_test,14602,,coverage64_release_20260827_v5.tar.gz,case_538
445,case_445,bug_145,coverage64,validated_or_probe_candidate,riscv_rand_instr_test,15217,,coverage64_release_20260827_v5.tar.gz,case_537
446,case_446,bug_134,coverage64,validated_or_probe_candidate,riscv_debug_branch_jump_test,14601,,coverage64_release_20260827_v5.tar.gz,case_536
447,case_447,bug_145,coverage64,validated_or_probe_candidate,riscv_rand_instr_test,15216,,coverage64_release_20260827_v5.tar.gz,case_535
448,case_448,bug_145,coverage64,validated_or_probe_candidate,riscv_rand_instr_test,15215,,coverage64_release_20260827_v5.tar.gz,case_534
449,case_449,bug_133,coverage64,validated_or_probe_candidate,riscv_rand_jump_test,14520,,coverage64_release_20260827_v5.tar.gz,case_533
450,case_450,bug_080,coverage64,validated_or_probe_candidate,riscv_arithmetic_basic_test,13605,,coverage64_release_20260827_v5.tar.gz,case_532
451,case_451,bug_133,coverage64,validated_or_probe_candidate,riscv_rand_jump_test,14519,,coverage64_release_20260827_v5.tar.gz,case_531
452,case_452,bug_080,coverage64,validated_or_probe_candidate,riscv_arithmetic_basic_test,13604,,coverage64_release_20260827_v5.tar.gz,case_530
453,case_453,bug_049,coverage64,validated_or_probe_candidate,riscv_arithmetic_basic_test,12302,,coverage64_release_20260827_v5.tar.gz,case_53
454,case_454,bug_080,coverage64,validated_or_probe_candidate,riscv_arithmetic_basic_test,13603,,coverage64_release_20260827_v5.tar.gz,case_529
455,case_455,bug_080,coverage64,validated_or_probe_candidate,riscv_arithmetic_basic_test,13602,,coverage64_release_20260827_v5.tar.gz,case_528
456,case_456,bug_080,coverage64,validated_or_probe_candidate,riscv_arithmetic_basic_test,13601,,coverage64_release_20260827_v5.tar.gz,case_527
457,case_457,bug_076,coverage64,validated_or_probe_candidate,riscv_arithmetic_basic_test,13205,,coverage64_release_20260827_v5.tar.gz,case_526
458,case_458,bug_076,coverage64,validated_or_probe_candidate,riscv_arithmetic_basic_test,13204,,coverage64_release_20260827_v5.tar.gz,case_525
459,case_459,bug_079,coverage64,validated_or_probe_candidate,riscv_rv32im_instr_test,13520,,coverage64_release_20260827_v5.tar.gz,case_524
460,case_460,bug_076,coverage64,validated_or_probe_candidate,riscv_arithmetic_basic_test,13203,,coverage64_release_20260827_v5.tar.gz,case_523
461,case_461,bug_079,coverage64,validated_or_probe_candidate,riscv_rv32im_instr_test,13519,,coverage64_release_20260827_v5.tar.gz,case_522
462,case_462,bug_076,coverage64,validated_or_probe_candidate,riscv_arithmetic_basic_test,13202,,coverage64_release_20260827_v5.tar.gz,case_521
463,case_463,bug_079,coverage64,validated_or_probe_candidate,riscv_rv32im_instr_test,13518,,coverage64_release_20260827_v5.tar.gz,case_520
464,case_464,bug_049,coverage64,validated_or_probe_candidate,riscv_arithmetic_basic_test,12301,,coverage64_release_20260827_v5.tar.gz,case_52
465,case_465,bug_076,coverage64,validated_or_probe_candidate,riscv_arithmetic_basic_test,13201,,coverage64_release_20260827_v5.tar.gz,case_519
466,case_466,bug_133,coverage64,validated_or_probe_candidate,riscv_rand_jump_test,14515,,coverage64_release_20260827_v5.tar.gz,case_518
467,case_467,bug_079,coverage64,validated_or_probe_candidate,riscv_rv32im_instr_test,13517,,coverage64_release_20260827_v5.tar.gz,case_517
468,case_468,bug_079,coverage64,validated_or_probe_candidate,riscv_machine_mode_rand_test,13507,,coverage64_release_20260827_v5.tar.gz,case_516
469,case_469,bug_079,coverage64,validated_or_probe_candidate,riscv_rv32im_instr_test,13516,,coverage64_release_20260827_v5.tar.gz,case_515
470,case_470,bug_075,coverage64,validated_or_probe_candidate,riscv_rv32im_instr_test,13120,,coverage64_release_20260827_v5.tar.gz,case_514
471,case_471,bug_079,coverage64,validated_or_probe_candidate,riscv_rand_instr_test,13511,,coverage64_release_20260827_v5.tar.gz,case_513
472,case_472,bug_186,coverage64,validated_or_probe_candidate,riscv_arithmetic_basic_test,17507,,coverage64_release_20260827_v5.tar.gz,case_512
473,case_473,bug_186,coverage64,validated_or_probe_candidate,riscv_arithmetic_basic_test,17506,,coverage64_release_20260827_v5.tar.gz,case_511
474,case_474,bug_186,coverage64,validated_or_probe_candidate,riscv_arithmetic_basic_test,17505,,coverage64_release_20260827_v5.tar.gz,case_510
475,case_475,bug_048,coverage64,validated_or_probe_candidate,riscv_rand_instr_test,12220,,coverage64_release_20260827_v5.tar.gz,case_51
476,case_476,bug_186,coverage64,validated_or_probe_candidate,riscv_arithmetic_basic_test,17504,,coverage64_release_20260827_v5.tar.gz,case_509
477,case_477,bug_186,coverage64,validated_or_probe_candidate,riscv_arithmetic_basic_test,17503,,coverage64_release_20260827_v5.tar.gz,case_508
478,case_478,bug_186,coverage64,validated_or_probe_candidate,riscv_rand_instr_test,17520,,coverage64_release_20260827_v5.tar.gz,case_507
479,case_479,bug_186,coverage64,validated_or_probe_candidate,riscv_arithmetic_basic_test,17502,,coverage64_release_20260827_v5.tar.gz,case_506
480,case_480,bug_186,coverage64,validated_or_probe_candidate,riscv_rand_instr_test,17519,,coverage64_release_20260827_v5.tar.gz,case_505
481,case_481,bug_186,coverage64,validated_or_probe_candidate,riscv_arithmetic_basic_test,17501,,coverage64_release_20260827_v5.tar.gz,case_504
482,case_482,bug_179,coverage64,validated_or_probe_candidate,riscv_rand_instr_test,16920,,coverage64_release_20260827_v5.tar.gz,case_503
483,case_483,bug_186,coverage64,validated_or_probe_candidate,riscv_rand_instr_test,17517,,coverage64_release_20260827_v5.tar.gz,case_502
484,case_484,bug_179,coverage64,validated_or_probe_candidate,riscv_rand_instr_test,16919,,coverage64_release_20260827_v5.tar.gz,case_501
485,case_485,bug_186,coverage64,validated_or_probe_candidate,riscv_rand_instr_test,17516,,coverage64_release_20260827_v5.tar.gz,case_500
486,case_486,bug_048,coverage64,validated_or_probe_candidate,riscv_rand_instr_test,12219,,coverage64_release_20260827_v5.tar.gz,case_50
487,case_487,bug_041,coverage64,validated_or_probe_candidate,riscv_arithmetic_basic_test,12005,,coverage64_release_20260827_v5.tar.gz,case_5
488,case_488,bug_186,coverage64,validated_or_probe_candidate,riscv_machine_mode_rand_test,17514,,coverage64_release_20260827_v5.tar.gz,case_499
489,case_489,bug_186,coverage64,validated_or_probe_candidate,riscv_rand_instr_test,17515,,coverage64_release_20260827_v5.tar.gz,case_498
490,case_490,bug_186,coverage64,validated_or_probe_candidate,riscv_machine_mode_rand_test,17513,,coverage64_release_20260827_v5.tar.gz,case_497
491,case_491,bug_181,coverage64,validated_or_probe_candidate,riscv_machine_mode_rand_test,17014,,coverage64_release_20260827_v5.tar.gz,case_496
492,case_492,bug_186,coverage64,validated_or_probe_candidate,riscv_machine_mode_rand_test,17512,,coverage64_release_20260827_v5.tar.gz,case_495
493,case_493,bug_181,coverage64,validated_or_probe_candidate,riscv_machine_mode_rand_test,17013,,coverage64_release_20260827_v5.tar.gz,case_494
494,case_494,bug_186,coverage64,validated_or_probe_candidate,riscv_machine_mode_rand_test,17511,,coverage64_release_20260827_v5.tar.gz,case_493
495,case_495,bug_179,coverage64,validated_or_probe_candidate,riscv_rand_instr_test,16916,,coverage64_release_20260827_v5.tar.gz,case_492
496,case_496,bug_186,coverage64,validated_or_probe_candidate,riscv_machine_mode_rand_test,17509,,coverage64_release_20260827_v5.tar.gz,case_491
497,case_497,bug_179,coverage64,validated_or_probe_candidate,riscv_rand_instr_test,16915,,coverage64_release_20260827_v5.tar.gz,case_490
498,case_498,bug_048,coverage64,validated_or_probe_candidate,riscv_rand_instr_test,12215,,coverage64_release_20260827_v5.tar.gz,case_49
499,case_499,bug_181,coverage64,validated_or_probe_candidate,riscv_rand_instr_test,17018,,coverage64_release_20260827_v5.tar.gz,case_489
500,case_500,bug_186,coverage64,validated_or_probe_candidate,riscv_machine_mode_rand_test,17508,,coverage64_release_20260827_v5.tar.gz,case_488
501,case_501,bug_169,coverage64,validated_or_probe_candidate,riscv_unaligned_load_store_test,16220,,coverage64_release_20260827_v5.tar.gz,case_487
502,case_502,bug_181,coverage64,validated_or_probe_candidate,riscv_rand_instr_test,17017,,coverage64_release_20260827_v5.tar.gz,case_486
503,case_503,bug_181,coverage64,validated_or_probe_candidate,riscv_arithmetic_basic_test,17007,,coverage64_release_20260827_v5.tar.gz,case_485
504,case_504,bug_169,coverage64,validated_or_probe_candidate,riscv_unaligned_load_store_test,16219,,coverage64_release_20260827_v5.tar.gz,case_484
505,case_505,bug_181,coverage64,validated_or_probe_candidate,riscv_arithmetic_basic_test,17006,,coverage64_release_20260827_v5.tar.gz,case_483
506,case_506,bug_181,coverage64,validated_or_probe_candidate,riscv_arithmetic_basic_test,17005,,coverage64_release_20260827_v5.tar.gz,case_482
507,case_507,bug_169,coverage64,validated_or_probe_candidate,riscv_unaligned_load_store_test,16218,,coverage64_release_20260827_v5.tar.gz,case_481
508,case_508,bug_181,coverage64,validated_or_probe_candidate,riscv_arithmetic_basic_test,17004,,coverage64_release_20260827_v5.tar.gz,case_480
509,case_509,bug_048,coverage64,validated_or_probe_candidate,riscv_machine_mode_rand_test,12214,,coverage64_release_20260827_v5.tar.gz,case_48
510,case_510,bug_169,coverage64,validated_or_probe_candidate,riscv_unaligned_load_store_test,16217,,coverage64_release_20260827_v5.tar.gz,case_479
511,case_511,bug_181,coverage64,validated_or_probe_candidate,riscv_arithmetic_basic_test,17003,,coverage64_release_20260827_v5.tar.gz,case_478
512,case_512,bug_169,coverage64,validated_or_probe_candidate,riscv_unaligned_load_store_test,16216,,coverage64_release_20260827_v5.tar.gz,case_477
513,case_513,bug_169,coverage64,validated_or_probe_candidate,riscv_unaligned_load_store_test,16215,,coverage64_release_20260827_v5.tar.gz,case_476
514,case_514,bug_181,coverage64,validated_or_probe_candidate,riscv_arithmetic_basic_test,17001,,coverage64_release_20260827_v5.tar.gz,case_475
515,case_515,bug_169,coverage64,validated_or_probe_candidate,riscv_unaligned_load_store_test,16214,,coverage64_release_20260827_v5.tar.gz,case_474
516,case_516,bug_170,coverage64,validated_or_probe_candidate,riscv_mmu_stress_test,16310,,coverage64_release_20260827_v5.tar.gz,case_473
517,case_517,bug_169,coverage64,validated_or_probe_candidate,riscv_unaligned_load_store_test,16213,,coverage64_release_20260827_v5.tar.gz,case_472
518,case_518,bug_170,coverage64,validated_or_probe_candidate,riscv_unaligned_load_store_test,16320,,coverage64_release_20260827_v5.tar.gz,case_471
519,case_519,bug_170,coverage64,validated_or_probe_candidate,riscv_mmu_stress_test,16309,,coverage64_release_20260827_v5.tar.gz,case_470
520,case_520,bug_048,coverage64,validated_or_probe_candidate,riscv_machine_mode_rand_test,12212,,coverage64_release_20260827_v5.tar.gz,case_47
521,case_521,bug_169,coverage64,validated_or_probe_candidate,riscv_unaligned_load_store_test,16212,,coverage64_release_20260827_v5.tar.gz,case_469
522,case_522,bug_170,coverage64,validated_or_probe_candidate,riscv_unaligned_load_store_test,16319,,coverage64_release_20260827_v5.tar.gz,case_468
523,case_523,bug_170,coverage64,validated_or_probe_candidate,riscv_mmu_stress_test,16308,,coverage64_release_20260827_v5.tar.gz,case_467
524,case_524,bug_169,coverage64,validated_or_probe_candidate,riscv_unaligned_load_store_test,16211,,coverage64_release_20260827_v5.tar.gz,case_466
525,case_525,bug_170,coverage64,validated_or_probe_candidate,riscv_unaligned_load_store_test,16318,,coverage64_release_20260827_v5.tar.gz,case_465
526,case_526,bug_152,coverage64,validated_or_probe_candidate,riscv_machine_mode_rand_test,15707,,coverage64_release_20260827_v5.tar.gz,case_464
527,case_527,bug_170,coverage64,validated_or_probe_candidate,riscv_unaligned_load_store_test,16317,,coverage64_release_20260827_v5.tar.gz,case_463
528,case_528,bug_170,coverage64,validated_or_probe_candidate,riscv_mmu_stress_test,16307,,coverage64_release_20260827_v5.tar.gz,case_462
529,case_529,bug_152,coverage64,validated_or_probe_candidate,riscv_machine_mode_rand_test,15706,,coverage64_release_20260827_v5.tar.gz,case_461
530,case_530,bug_170,coverage64,validated_or_probe_candidate,riscv_unaligned_load_store_test,16316,,coverage64_release_20260827_v5.tar.gz,case_460
531,case_531,bug_048,coverage64,validated_or_probe_candidate,riscv_machine_mode_rand_test,12211,,coverage64_release_20260827_v5.tar.gz,case_46
532,case_532,bug_170,coverage64,validated_or_probe_candidate,riscv_mmu_stress_test,16306,,coverage64_release_20260827_v5.tar.gz,case_459
533,case_533,bug_152,coverage64,validated_or_probe_candidate,riscv_machine_mode_rand_test,15705,,coverage64_release_20260827_v5.tar.gz,case_458
534,case_534,bug_170,coverage64,validated_or_probe_candidate,riscv_unaligned_load_store_test,16315,,coverage64_release_20260827_v5.tar.gz,case_457
535,case_535,bug_152,coverage64,validated_or_probe_candidate,riscv_machine_mode_rand_test,15704,,coverage64_release_20260827_v5.tar.gz,case_456
536,case_536,bug_170,coverage64,validated_or_probe_candidate,riscv_mmu_stress_test,16305,,coverage64_release_20260827_v5.tar.gz,case_455
537,case_537,bug_170,coverage64,validated_or_probe_candidate,riscv_unaligned_load_store_test,16314,,coverage64_release_20260827_v5.tar.gz,case_454
538,case_538,bug_152,coverage64,validated_or_probe_candidate,riscv_machine_mode_rand_test,15703,,coverage64_release_20260827_v5.tar.gz,case_453
539,case_539,bug_170,coverage64,validated_or_probe_candidate,riscv_mmu_stress_test,16304,,coverage64_release_20260827_v5.tar.gz,case_452
540,case_540,bug_170,coverage64,validated_or_probe_candidate,riscv_unaligned_load_store_test,16313,,coverage64_release_20260827_v5.tar.gz,case_451
541,case_541,bug_152,coverage64,validated_or_probe_candidate,riscv_machine_mode_rand_test,15702,,coverage64_release_20260827_v5.tar.gz,case_450
542,case_542,bug_048,coverage64,validated_or_probe_candidate,riscv_machine_mode_rand_test,12209,,coverage64_release_20260827_v5.tar.gz,case_45
543,case_543,bug_152,coverage64,validated_or_probe_candidate,riscv_machine_mode_rand_test,15701,,coverage64_release_20260827_v5.tar.gz,case_449
544,case_544,bug_170,coverage64,validated_or_probe_candidate,riscv_unaligned_load_store_test,16312,,coverage64_release_20260827_v5.tar.gz,case_448
545,case_545,bug_170,coverage64,validated_or_probe_candidate,riscv_mmu_stress_test,16303,,coverage64_release_20260827_v5.tar.gz,case_447
546,case_546,bug_170,coverage64,validated_or_probe_candidate,riscv_unaligned_load_store_test,16311,,coverage64_release_20260827_v5.tar.gz,case_446
547,case_547,bug_153,coverage64,validated_or_probe_candidate,riscv_mmu_stress_test,15807,,coverage64_release_20260827_v5.tar.gz,case_445
548,case_548,bug_170,coverage64,validated_or_probe_candidate,riscv_mmu_stress_test,16302,,coverage64_release_20260827_v5.tar.gz,case_444
549,case_549,bug_152,coverage64,validated_or_probe_candidate,riscv_rand_instr_test,15720,,coverage64_release_20260827_v5.tar.gz,case_443
550,case_550,bug_153,coverage64,validated_or_probe_candidate,riscv_mmu_stress_test,15806,,coverage64_release_20260827_v5.tar.gz,case_442
551,case_551,bug_170,coverage64,validated_or_probe_candidate,riscv_mmu_stress_test,16301,,coverage64_release_20260827_v5.tar.gz,case_441
552,case_552,bug_152,coverage64,validated_or_probe_candidate,riscv_rand_instr_test,15719,,coverage64_release_20260827_v5.tar.gz,case_440
553,case_553,bug_048,coverage64,validated_or_probe_candidate,riscv_arithmetic_basic_test,12207,,coverage64_release_20260827_v5.tar.gz,case_44
554,case_554,bug_153,coverage64,validated_or_probe_candidate,riscv_mmu_stress_test,15805,,coverage64_release_20260827_v5.tar.gz,case_439
555,case_555,bug_152,coverage64,validated_or_probe_candidate,riscv_rv32im_instr_test,15714,,coverage64_release_20260827_v5.tar.gz,case_438
556,case_556,bug_152,coverage64,validated_or_probe_candidate,riscv_rand_instr_test,15718,,coverage64_release_20260827_v5.tar.gz,case_437
557,case_557,bug_153,coverage64,validated_or_probe_candidate,riscv_mmu_stress_test,15804,,coverage64_release_20260827_v5.tar.gz,case_436
558,case_558,bug_152,coverage64,validated_or_probe_candidate,riscv_rv32im_instr_test,15713,,coverage64_release_20260827_v5.tar.gz,case_435
559,case_559,bug_152,coverage64,validated_or_probe_candidate,riscv_rand_instr_test,15717,,coverage64_release_20260827_v5.tar.gz,case_434
560,case_560,bug_152,coverage64,validated_or_probe_candidate,riscv_rv32im_instr_test,15712,,coverage64_release_20260827_v5.tar.gz,case_433
561,case_561,bug_153,coverage64,validated_or_probe_candidate,riscv_mmu_stress_test,15803,,coverage64_release_20260827_v5.tar.gz,case_432
562,case_562,bug_152,coverage64,validated_or_probe_candidate,riscv_rand_instr_test,15716,,coverage64_release_20260827_v5.tar.gz,case_431
563,case_563,bug_152,coverage64,validated_or_probe_candidate,riscv_rv32im_instr_test,15711,,coverage64_release_20260827_v5.tar.gz,case_430
564,case_564,bug_048,coverage64,validated_or_probe_candidate,riscv_arithmetic_basic_test,12206,,coverage64_release_20260827_v5.tar.gz,case_43
565,case_565,bug_152,coverage64,validated_or_probe_candidate,riscv_rand_instr_test,15715,,coverage64_release_20260827_v5.tar.gz,case_429
566,case_566,bug_153,coverage64,validated_or_probe_candidate,riscv_mmu_stress_test,15802,,coverage64_release_20260827_v5.tar.gz,case_428
567,case_567,bug_152,coverage64,validated_or_probe_candidate,riscv_rv32im_instr_test,15710,,coverage64_release_20260827_v5.tar.gz,case_427
568,case_568,bug_143,coverage64,validated_or_probe_candidate,riscv_rand_jump_test,15120,,coverage64_release_20260827_v5.tar.gz,case_426
569,case_569,bug_152,coverage64,validated_or_probe_candidate,riscv_rv32im_instr_test,15709,,coverage64_release_20260827_v5.tar.gz,case_425
570,case_570,bug_153,coverage64,validated_or_probe_candidate,riscv_mmu_stress_test,15801,,coverage64_release_20260827_v5.tar.gz,case_424
571,case_571,bug_152,coverage64,validated_or_probe_candidate,riscv_rv32im_instr_test,15708,,coverage64_release_20260827_v5.tar.gz,case_423
572,case_572,bug_145,coverage64,validated_or_probe_candidate,riscv_machine_mode_rand_test,15207,,coverage64_release_20260827_v5.tar.gz,case_422
573,case_573,bug_143,coverage64,validated_or_probe_candidate,riscv_rand_instr_test,15110,,coverage64_release_20260827_v5.tar.gz,case_421
574,case_574,bug_145,coverage64,validated_or_probe_candidate,riscv_machine_mode_rand_test,15206,,coverage64_release_20260827_v5.tar.gz,case_420
575,case_575,bug_048,coverage64,validated_or_probe_candidate,riscv_arithmetic_basic_test,12205,,coverage64_release_20260827_v5.tar.gz,case_42
576,case_576,bug_143,coverage64,validated_or_probe_candidate,riscv_rand_jump_test,15118,,coverage64_release_20260827_v5.tar.gz,case_419
577,case_577,bug_143,coverage64,validated_or_probe_candidate,riscv_rand_instr_test,15109,,coverage64_release_20260827_v5.tar.gz,case_418
578,case_578,bug_145,coverage64,validated_or_probe_candidate,riscv_machine_mode_rand_test,15205,,coverage64_release_20260827_v5.tar.gz,case_417
579,case_579,bug_143,coverage64,validated_or_probe_candidate,riscv_rand_jump_test,15117,,coverage64_release_20260827_v5.tar.gz,case_416
580,case_580,bug_143,coverage64,validated_or_probe_candidate,riscv_rand_instr_test,15108,,coverage64_release_20260827_v5.tar.gz,case_415
581,case_581,bug_145,coverage64,validated_or_probe_candidate,riscv_machine_mode_rand_test,15204,,coverage64_release_20260827_v5.tar.gz,case_414
582,case_582,bug_143,coverage64,validated_or_probe_candidate,riscv_rand_instr_test,15107,,coverage64_release_20260827_v5.tar.gz,case_413
583,case_583,bug_145,coverage64,validated_or_probe_candidate,riscv_machine_mode_rand_test,15203,,coverage64_release_20260827_v5.tar.gz,case_412
584,case_584,bug_143,coverage64,validated_or_probe_candidate,riscv_rand_jump_test,15116,,coverage64_release_20260827_v5.tar.gz,case_411
585,case_585,bug_143,coverage64,validated_or_probe_candidate,riscv_rand_instr_test,15106,,coverage64_release_20260827_v5.tar.gz,case_410
586,case_586,bug_048,coverage64,validated_or_probe_candidate,riscv_arithmetic_basic_test,12204,,coverage64_release_20260827_v5.tar.gz,case_41
587,case_587,bug_145,coverage64,validated_or_probe_candidate,riscv_machine_mode_rand_test,15202,,coverage64_release_20260827_v5.tar.gz,case_409
588,case_588,bug_143,coverage64,validated_or_probe_candidate,riscv_rand_jump_test,15115,,coverage64_release_20260827_v5.tar.gz,case_408
589,case_589,bug_143,coverage64,validated_or_probe_candidate,riscv_rand_instr_test,15105,,coverage64_release_20260827_v5.tar.gz,case_407
590,case_590,bug_145,coverage64,validated_or_probe_candidate,riscv_machine_mode_rand_test,15201,,coverage64_release_20260827_v5.tar.gz,case_406
591,case_591,bug_143,coverage64,validated_or_probe_candidate,riscv_rand_jump_test,15114,,coverage64_release_20260827_v5.tar.gz,case_405
592,case_592,bug_143,coverage64,validated_or_probe_candidate,riscv_rand_instr_test,15104,,coverage64_release_20260827_v5.tar.gz,case_404
593,case_593,bug_133,coverage64,validated_or_probe_candidate,riscv_debug_branch_jump_test,14507,,coverage64_release_20260827_v5.tar.gz,case_403
594,case_594,bug_143,coverage64,validated_or_probe_candidate,riscv_rand_jump_test,15113,,coverage64_release_20260827_v5.tar.gz,case_402
595,case_595,bug_143,coverage64,validated_or_probe_candidate,riscv_rand_instr_test,15103,,coverage64_release_20260827_v5.tar.gz,case_401
596,case_596,bug_143,coverage64,validated_or_probe_candidate,riscv_rand_jump_test,15112,,coverage64_release_20260827_v5.tar.gz,case_400
597,case_597,bug_048,coverage64,validated_or_probe_candidate,riscv_arithmetic_basic_test,12203,,coverage64_release_20260827_v5.tar.gz,case_40
598,case_598,bug_041,coverage64,validated_or_probe_candidate,riscv_arithmetic_basic_test,12004,,coverage64_release_20260827_v5.tar.gz,case_4
599,case_599,bug_143,coverage64,validated_or_probe_candidate,riscv_rand_instr_test,15102,,coverage64_release_20260827_v5.tar.gz,case_399
600,case_600,bug_143,coverage64,validated_or_probe_candidate,riscv_rand_jump_test,15111,,coverage64_release_20260827_v5.tar.gz,case_398
601,case_601,bug_143,coverage64,validated_or_probe_candidate,riscv_rand_instr_test,15101,,coverage64_release_20260827_v5.tar.gz,case_397
602,case_602,bug_132,coverage64,validated_or_probe_candidate,riscv_rand_instr_test,14414,,coverage64_release_20260827_v5.tar.gz,case_396
603,case_603,bug_132,coverage64,validated_or_probe_candidate,riscv_rand_jump_test,14420,,coverage64_release_20260827_v5.tar.gz,case_395
604,case_604,bug_132,coverage64,validated_or_probe_candidate,riscv_rand_instr_test,14413,,coverage64_release_20260827_v5.tar.gz,case_394
605,case_605,bug_132,coverage64,validated_or_probe_candidate,riscv_rand_jump_test,14419,,coverage64_release_20260827_v5.tar.gz,case_393
606,case_606,bug_132,coverage64,validated_or_probe_candidate,riscv_jump_stress_test,14407,,coverage64_release_20260827_v5.tar.gz,case_392
607,case_607,bug_132,coverage64,validated_or_probe_candidate,riscv_rand_instr_test,14412,,coverage64_release_20260827_v5.tar.gz,case_391
608,case_608,bug_132,coverage64,validated_or_probe_candidate,riscv_rand_jump_test,14418,,coverage64_release_20260827_v5.tar.gz,case_390
609,case_609,bug_048,coverage64,validated_or_probe_candidate,riscv_arithmetic_basic_test,12202,,coverage64_release_20260827_v5.tar.gz,case_39
610,case_610,bug_132,coverage64,validated_or_probe_candidate,riscv_jump_stress_test,14406,,coverage64_release_20260827_v5.tar.gz,case_389
611,case_611,bug_132,coverage64,validated_or_probe_candidate,riscv_rand_instr_test,14411,,coverage64_release_20260827_v5.tar.gz,case_388
612,case_612,bug_132,coverage64,validated_or_probe_candidate,riscv_rand_jump_test,14417,,coverage64_release_20260827_v5.tar.gz,case_387
613,case_613,bug_132,coverage64,validated_or_probe_candidate,riscv_jump_stress_test,14405,,coverage64_release_20260827_v5.tar.gz,case_386
614,case_614,bug_132,coverage64,validated_or_probe_candidate,riscv_rand_instr_test,14410,,coverage64_release_20260827_v5.tar.gz,case_385
615,case_615,bug_133,coverage64,validated_or_probe_candidate,riscv_debug_branch_jump_test,14503,,coverage64_release_20260827_v5.tar.gz,case_384
616,case_616,bug_132,coverage64,validated_or_probe_candidate,riscv_rand_jump_test,14416,,coverage64_release_20260827_v5.tar.gz,case_383
617,case_617,bug_132,coverage64,validated_or_probe_candidate,riscv_rand_instr_test,14409,,coverage64_release_20260827_v5.tar.gz,case_382
618,case_618,bug_132,coverage64,validated_or_probe_candidate,riscv_jump_stress_test,14404,,coverage64_release_20260827_v5.tar.gz,case_381
619,case_619,bug_132,coverage64,validated_or_probe_candidate,riscv_rand_instr_test,14408,,coverage64_release_20260827_v5.tar.gz,case_380
620,case_620,bug_048,coverage64,validated_or_probe_candidate,riscv_arithmetic_basic_test,12201,,coverage64_release_20260827_v5.tar.gz,case_38
621,case_621,bug_132,coverage64,validated_or_probe_candidate,riscv_jump_stress_test,14403,,coverage64_release_20260827_v5.tar.gz,case_379
622,case_622,bug_132,coverage64,validated_or_probe_candidate,riscv_rand_jump_test,14415,,coverage64_release_20260827_v5.tar.gz,case_378
623,case_623,bug_132,coverage64,validated_or_probe_candidate,riscv_jump_stress_test,14402,,coverage64_release_20260827_v5.tar.gz,case_377
624,case_624,bug_132,coverage64,validated_or_probe_candidate,riscv_jump_stress_test,14401,,coverage64_release_20260827_v5.tar.gz,case_376
625,case_625,bug_074,coverage64,validated_or_probe_candidate,riscv_rand_instr_test,13014,,coverage64_release_20260827_v5.tar.gz,case_375
626,case_626,bug_074,coverage64,validated_or_probe_candidate,riscv_rv32im_instr_test,13019,,coverage64_release_20260827_v5.tar.gz,case_374
627,case_627,bug_078,coverage64,validated_or_probe_candidate,riscv_machine_mode_rand_test,13410,,coverage64_release_20260827_v5.tar.gz,case_373
628,case_628,bug_078,coverage64,validated_or_probe_candidate,riscv_machine_mode_rand_test,13409,,coverage64_release_20260827_v5.tar.gz,case_372
629,case_629,bug_079,coverage64,validated_or_probe_candidate,riscv_arithmetic_basic_test,13501,,coverage64_release_20260827_v5.tar.gz,case_371
630,case_630,bug_078,coverage64,validated_or_probe_candidate,riscv_machine_mode_rand_test,13408,,coverage64_release_20260827_v5.tar.gz,case_370
631,case_631,bug_045,coverage64,validated_or_probe_candidate,riscv_rand_instr_test,12120,,coverage64_release_20260827_v5.tar.gz,case_37
632,case_632,bug_185,coverage64,validated_or_probe_candidate,riscv_arithmetic_basic_test,17407,,coverage64_release_20260827_v5.tar.gz,case_369
633,case_633,bug_185,coverage64,validated_or_probe_candidate,riscv_arithmetic_basic_test,17406,,coverage64_release_20260827_v5.tar.gz,case_368
634,case_634,bug_185,coverage64,validated_or_probe_candidate,riscv_arithmetic_basic_test,17405,,coverage64_release_20260827_v5.tar.gz,case_367
635,case_635,bug_185,coverage64,validated_or_probe_candidate,riscv_arithmetic_basic_test,17404,,coverage64_release_20260827_v5.tar.gz,case_366
636,case_636,bug_185,coverage64,validated_or_probe_candidate,riscv_arithmetic_basic_test,17403,,coverage64_release_20260827_v5.tar.gz,case_365
637,case_637,bug_179,coverage64,validated_or_probe_candidate,riscv_machine_mode_rand_test,16913,,coverage64_release_20260827_v5.tar.gz,case_364
638,case_638,bug_185,coverage64,validated_or_probe_candidate,riscv_arithmetic_basic_test,17402,,coverage64_release_20260827_v5.tar.gz,case_363
639,case_639,bug_185,coverage64,validated_or_probe_candidate,riscv_arithmetic_basic_test,17401,,coverage64_release_20260827_v5.tar.gz,case_362
640,case_640,bug_178,coverage64,validated_or_probe_candidate,riscv_rand_instr_test,16820,,coverage64_release_20260827_v5.tar.gz,case_361
641,case_641,bug_196,coverage64,validated_or_probe_candidate,riscv_csr_test,17907,,coverage64_release_20260827_v5.tar.gz,case_360
642,case_642,bug_045,coverage64,validated_or_probe_candidate,riscv_rand_instr_test,12119,,coverage64_release_20260827_v5.tar.gz,case_36
643,case_643,bug_196,coverage64,validated_or_probe_candidate,riscv_csr_test,17906,,coverage64_release_20260827_v5.tar.gz,case_359
644,case_644,bug_196,coverage64,validated_or_probe_candidate,riscv_csr_test,17905,,coverage64_release_20260827_v5.tar.gz,case_358
645,case_645,bug_196,coverage64,validated_or_probe_candidate,riscv_csr_test,17904,,coverage64_release_20260827_v5.tar.gz,case_357
646,case_646,bug_196,coverage64,validated_or_probe_candidate,riscv_csr_test,17903,,coverage64_release_20260827_v5.tar.gz,case_356
647,case_647,bug_196,coverage64,validated_or_probe_candidate,riscv_csr_test,17902,,coverage64_release_20260827_v5.tar.gz,case_355
648,case_648,bug_196,coverage64,validated_or_probe_candidate,riscv_csr_test,17901,,coverage64_release_20260827_v5.tar.gz,case_354
649,case_649,bug_179,coverage64,validated_or_probe_candidate,riscv_machine_mode_rand_test,16912,,coverage64_release_20260827_v5.tar.gz,case_353
650,case_650,bug_179,coverage64,validated_or_probe_candidate,riscv_machine_mode_rand_test,16911,,coverage64_release_20260827_v5.tar.gz,case_352
651,case_651,bug_179,coverage64,validated_or_probe_candidate,riscv_machine_mode_rand_test,16910,,coverage64_release_20260827_v5.tar.gz,case_351
652,case_652,bug_178,coverage64,validated_or_probe_candidate,riscv_rand_instr_test,16819,,coverage64_release_20260827_v5.tar.gz,case_350
653,case_653,bug_045,coverage64,validated_or_probe_candidate,riscv_rand_instr_test,12118,,coverage64_release_20260827_v5.tar.gz,case_35
654,case_654,bug_178,coverage64,validated_or_probe_candidate,riscv_rand_instr_test,16818,,coverage64_release_20260827_v5.tar.gz,case_349
655,case_655,bug_178,coverage64,validated_or_probe_candidate,riscv_rand_instr_test,16817,,coverage64_release_20260827_v5.tar.gz,case_348
656,case_656,bug_178,coverage64,validated_or_probe_candidate,riscv_rand_instr_test,16816,,coverage64_release_20260827_v5.tar.gz,case_347
657,case_657,bug_178,coverage64,validated_or_probe_candidate,riscv_rand_instr_test,16815,,coverage64_release_20260827_v5.tar.gz,case_346
658,case_658,bug_178,coverage64,validated_or_probe_candidate,riscv_machine_mode_rand_test,16814,,coverage64_release_20260827_v5.tar.gz,case_345
659,case_659,bug_178,coverage64,validated_or_probe_candidate,riscv_machine_mode_rand_test,16813,,coverage64_release_20260827_v5.tar.gz,case_344
660,case_660,bug_178,coverage64,validated_or_probe_candidate,riscv_machine_mode_rand_test,16812,,coverage64_release_20260827_v5.tar.gz,case_343
661,case_661,bug_162,coverage64,validated_or_probe_candidate,riscv_machine_mode_rand_test,16114,,coverage64_release_20260827_v5.tar.gz,case_342
662,case_662,bug_178,coverage64,validated_or_probe_candidate,riscv_machine_mode_rand_test,16811,,coverage64_release_20260827_v5.tar.gz,case_341
663,case_663,bug_179,coverage64,validated_or_probe_candidate,riscv_machine_mode_rand_test,16908,,coverage64_release_20260827_v5.tar.gz,case_340
664,case_664,bug_045,coverage64,validated_or_probe_candidate,riscv_rand_instr_test,12117,,coverage64_release_20260827_v5.tar.gz,case_34
665,case_665,bug_162,coverage64,validated_or_probe_candidate,riscv_machine_mode_rand_test,16113,,coverage64_release_20260827_v5.tar.gz,case_339
666,case_666,bug_178,coverage64,validated_or_probe_candidate,riscv_machine_mode_rand_test,16810,,coverage64_release_20260827_v5.tar.gz,case_338
667,case_667,bug_169,coverage64,validated_or_probe_candidate,riscv_mmu_stress_test,16210,,coverage64_release_20260827_v5.tar.gz,case_337
668,case_668,bug_178,coverage64,validated_or_probe_candidate,riscv_machine_mode_rand_test,16809,,coverage64_release_20260827_v5.tar.gz,case_336
669,case_669,bug_178,coverage64,validated_or_probe_candidate,riscv_machine_mode_rand_test,16808,,coverage64_release_20260827_v5.tar.gz,case_335
670,case_670,bug_169,coverage64,validated_or_probe_candidate,riscv_mmu_stress_test,16209,,coverage64_release_20260827_v5.tar.gz,case_334
671,case_671,bug_162,coverage64,validated_or_probe_candidate,riscv_unaligned_load_store_test,16107,,coverage64_release_20260827_v5.tar.gz,case_333
672,case_672,bug_162,coverage64,validated_or_probe_candidate,riscv_machine_mode_rand_test,16112,,coverage64_release_20260827_v5.tar.gz,case_332
673,case_673,bug_196,coverage64,validated_or_probe_candidate,riscv_multiple_interrupt_test,17919,,coverage64_release_20260827_v5.tar.gz,case_331
674,case_674,bug_169,coverage64,validated_or_probe_candidate,riscv_mmu_stress_test,16208,,coverage64_release_20260827_v5.tar.gz,case_330
675,case_675,bug_045,coverage64,validated_or_probe_candidate,riscv_rand_instr_test,12116,,coverage64_release_20260827_v5.tar.gz,case_33
676,case_676,bug_162,coverage64,validated_or_probe_candidate,riscv_unaligned_load_store_test,16106,,coverage64_release_20260827_v5.tar.gz,case_329
677,case_677,bug_196,coverage64,validated_or_probe_candidate,riscv_multiple_interrupt_test,17918,,coverage64_release_20260827_v5.tar.gz,case_328
678,case_678,bug_169,coverage64,validated_or_probe_candidate,riscv_mmu_stress_test,16207,,coverage64_release_20260827_v5.tar.gz,case_327
679,case_679,bug_169,coverage64,validated_or_probe_candidate,riscv_mmu_stress_test,16206,,coverage64_release_20260827_v5.tar.gz,case_326
680,case_680,bug_169,coverage64,validated_or_probe_candidate,riscv_mmu_stress_test,16205,,coverage64_release_20260827_v5.tar.gz,case_325
681,case_681,bug_169,coverage64,validated_or_probe_candidate,riscv_mmu_stress_test,16204,,coverage64_release_20260827_v5.tar.gz,case_324
682,case_682,bug_185,coverage64,validated_or_probe_candidate,riscv_machine_mode_rand_test,17414,,coverage64_release_20260827_v5.tar.gz,case_323
683,case_683,bug_169,coverage64,validated_or_probe_candidate,riscv_mmu_stress_test,16203,,coverage64_release_20260827_v5.tar.gz,case_322
684,case_684,bug_185,coverage64,validated_or_probe_candidate,riscv_machine_mode_rand_test,17413,,coverage64_release_20260827_v5.tar.gz,case_321
685,case_685,bug_162,coverage64,validated_or_probe_candidate,riscv_machine_mode_rand_test,16110,,coverage64_release_20260827_v5.tar.gz,case_320
686,case_686,bug_045,coverage64,validated_or_probe_candidate,riscv_rand_instr_test,12115,,coverage64_release_20260827_v5.tar.gz,case_32
687,case_687,bug_162,coverage64,validated_or_probe_candidate,riscv_unaligned_load_store_test,16105,,coverage64_release_20260827_v5.tar.gz,case_319
688,case_688,bug_185,coverage64,validated_or_probe_candidate,riscv_machine_mode_rand_test,17412,,coverage64_release_20260827_v5.tar.gz,case_318
689,case_689,bug_169,coverage64,validated_or_probe_candidate,riscv_mmu_stress_test,16202,,coverage64_release_20260827_v5.tar.gz,case_317
690,case_690,bug_185,coverage64,validated_or_probe_candidate,riscv_machine_mode_rand_test,17411,,coverage64_release_20260827_v5.tar.gz,case_316
691,case_691,bug_169,coverage64,validated_or_probe_candidate,riscv_mmu_stress_test,16201,,coverage64_release_20260827_v5.tar.gz,case_315
692,case_692,bug_185,coverage64,validated_or_probe_candidate,riscv_machine_mode_rand_test,17410,,coverage64_release_20260827_v5.tar.gz,case_314
693,case_693,bug_185,coverage64,validated_or_probe_candidate,riscv_machine_mode_rand_test,17409,,coverage64_release_20260827_v5.tar.gz,case_313
694,case_694,bug_185,coverage64,validated_or_probe_candidate,riscv_machine_mode_rand_test,17408,,coverage64_release_20260827_v5.tar.gz,case_312
695,case_695,bug_179,coverage64,validated_or_probe_candidate,riscv_arithmetic_basic_test,16907,,coverage64_release_20260827_v5.tar.gz,case_311
696,case_696,bug_179,coverage64,validated_or_probe_candidate,riscv_arithmetic_basic_test,16906,,coverage64_release_20260827_v5.tar.gz,case_310
697,case_697,bug_045,coverage64,validated_or_probe_candidate,riscv_machine_mode_rand_test,12114,,coverage64_release_20260827_v5.tar.gz,case_31
698,case_698,bug_179,coverage64,validated_or_probe_candidate,riscv_arithmetic_basic_test,16905,,coverage64_release_20260827_v5.tar.gz,case_309
699,case_699,bug_162,coverage64,validated_or_probe_candidate,riscv_machine_mode_rand_test,16109,,coverage64_release_20260827_v5.tar.gz,case_308
700,case_700,bug_162,coverage64,validated_or_probe_candidate,riscv_unaligned_load_store_test,16104,,coverage64_release_20260827_v5.tar.gz,case_307
701,case_701,bug_179,coverage64,validated_or_probe_candidate,riscv_arithmetic_basic_test,16904,,coverage64_release_20260827_v5.tar.gz,case_306
702,case_702,bug_179,coverage64,validated_or_probe_candidate,riscv_arithmetic_basic_test,16903,,coverage64_release_20260827_v5.tar.gz,case_305
703,case_703,bug_179,coverage64,validated_or_probe_candidate,riscv_arithmetic_basic_test,16902,,coverage64_release_20260827_v5.tar.gz,case_304
704,case_704,bug_179,coverage64,validated_or_probe_candidate,riscv_arithmetic_basic_test,16901,,coverage64_release_20260827_v5.tar.gz,case_303
705,case_705,bug_162,coverage64,validated_or_probe_candidate,riscv_machine_mode_rand_test,16108,,coverage64_release_20260827_v5.tar.gz,case_302
706,case_706,bug_162,coverage64,validated_or_probe_candidate,riscv_unaligned_load_store_test,16103,,coverage64_release_20260827_v5.tar.gz,case_301
707,case_707,bug_162,coverage64,validated_or_probe_candidate,riscv_unaligned_load_store_test,16102,,coverage64_release_20260827_v5.tar.gz,case_300
708,case_708,bug_045,coverage64,validated_or_probe_candidate,riscv_machine_mode_rand_test,12113,,coverage64_release_20260827_v5.tar.gz,case_30
709,case_709,bug_041,coverage64,validated_or_probe_candidate,riscv_arithmetic_basic_test,12003,,coverage64_release_20260827_v5.tar.gz,case_3
710,case_710,bug_141,coverage64,validated_or_probe_candidate,riscv_rand_jump_test,14920,,coverage64_release_20260827_v5.tar.gz,case_299
711,case_711,bug_162,coverage64,validated_or_probe_candidate,riscv_unaligned_load_store_test,16101,,coverage64_release_20260827_v5.tar.gz,case_298
712,case_712,bug_141,coverage64,validated_or_probe_candidate,riscv_rand_jump_test,14919,,coverage64_release_20260827_v5.tar.gz,case_297
713,case_713,bug_141,coverage64,validated_or_probe_candidate,riscv_jump_stress_test,14914,,coverage64_release_20260827_v5.tar.gz,case_296
714,case_714,bug_141,coverage64,validated_or_probe_candidate,riscv_rand_jump_test,14918,,coverage64_release_20260827_v5.tar.gz,case_295
715,case_715,bug_141,coverage64,validated_or_probe_candidate,riscv_jump_stress_test,14913,,coverage64_release_20260827_v5.tar.gz,case_294
716,case_716,bug_141,coverage64,validated_or_probe_candidate,riscv_jump_stress_test,14912,,coverage64_release_20260827_v5.tar.gz,case_293
717,case_717,bug_141,coverage64,validated_or_probe_candidate,riscv_rand_jump_test,14917,,coverage64_release_20260827_v5.tar.gz,case_292
718,case_718,bug_141,coverage64,validated_or_probe_candidate,riscv_jump_stress_test,14911,,coverage64_release_20260827_v5.tar.gz,case_291
719,case_719,bug_141,coverage64,validated_or_probe_candidate,riscv_debug_branch_jump_test,14907,,coverage64_release_20260827_v5.tar.gz,case_290
720,case_720,bug_045,coverage64,validated_or_probe_candidate,riscv_machine_mode_rand_test,12112,,coverage64_release_20260827_v5.tar.gz,case_29
721,case_721,bug_141,coverage64,validated_or_probe_candidate,riscv_debug_branch_jump_test,14906,,coverage64_release_20260827_v5.tar.gz,case_289
722,case_722,bug_141,coverage64,validated_or_probe_candidate,riscv_debug_branch_jump_test,14905,,coverage64_release_20260827_v5.tar.gz,case_288
723,case_723,bug_141,coverage64,validated_or_probe_candidate,riscv_rand_jump_test,14916,,coverage64_release_20260827_v5.tar.gz,case_287
724,case_724,bug_141,coverage64,validated_or_probe_candidate,riscv_jump_stress_test,14910,,coverage64_release_20260827_v5.tar.gz,case_286
725,case_725,bug_141,coverage64,validated_or_probe_candidate,riscv_jump_stress_test,14909,,coverage64_release_20260827_v5.tar.gz,case_285
726,case_726,bug_141,coverage64,validated_or_probe_candidate,riscv_debug_branch_jump_test,14904,,coverage64_release_20260827_v5.tar.gz,case_284
727,case_727,bug_141,coverage64,validated_or_probe_candidate,riscv_jump_stress_test,14908,,coverage64_release_20260827_v5.tar.gz,case_283
728,case_728,bug_130,coverage64,validated_or_probe_candidate,riscv_rand_jump_test,14320,,coverage64_release_20260827_v5.tar.gz,case_282
729,case_729,bug_141,coverage64,validated_or_probe_candidate,riscv_debug_branch_jump_test,14903,,coverage64_release_20260827_v5.tar.gz,case_281
730,case_730,bug_130,coverage64,validated_or_probe_candidate,riscv_rand_jump_test,14319,,coverage64_release_20260827_v5.tar.gz,case_280
731,case_731,bug_045,coverage64,validated_or_probe_candidate,riscv_machine_mode_rand_test,12109,,coverage64_release_20260827_v5.tar.gz,case_28
732,case_732,bug_130,coverage64,validated_or_probe_candidate,riscv_rand_jump_test,14318,,coverage64_release_20260827_v5.tar.gz,case_279
733,case_733,bug_141,coverage64,validated_or_probe_candidate,riscv_rand_jump_test,14915,,coverage64_release_20260827_v5.tar.gz,case_278
734,case_734,bug_130,coverage64,validated_or_probe_candidate,riscv_rand_jump_test,14317,,coverage64_release_20260827_v5.tar.gz,case_277
735,case_735,bug_130,coverage64,validated_or_probe_candidate,riscv_machine_mode_rand_test,14314,,coverage64_release_20260827_v5.tar.gz,case_276
736,case_736,bug_130,coverage64,validated_or_probe_candidate,riscv_rand_jump_test,14316,,coverage64_release_20260827_v5.tar.gz,case_275
737,case_737,bug_130,coverage64,validated_or_probe_candidate,riscv_machine_mode_rand_test,14313,,coverage64_release_20260827_v5.tar.gz,case_274
738,case_738,bug_130,coverage64,validated_or_probe_candidate,riscv_rand_jump_test,14315,,coverage64_release_20260827_v5.tar.gz,case_273
739,case_739,bug_130,coverage64,validated_or_probe_candidate,riscv_machine_mode_rand_test,14312,,coverage64_release_20260827_v5.tar.gz,case_272
740,case_740,bug_130,coverage64,validated_or_probe_candidate,riscv_machine_mode_rand_test,14311,,coverage64_release_20260827_v5.tar.gz,case_271
741,case_741,bug_130,coverage64,validated_or_probe_candidate,riscv_jump_stress_test,14307,,coverage64_release_20260827_v5.tar.gz,case_270
742,case_742,bug_045,coverage64,validated_or_probe_candidate,riscv_arithmetic_basic_test,12107,,coverage64_release_20260827_v5.tar.gz,case_27
743,case_743,bug_141,coverage64,validated_or_probe_candidate,riscv_debug_branch_jump_test,14902,,coverage64_release_20260827_v5.tar.gz,case_269
744,case_744,bug_130,coverage64,validated_or_probe_candidate,riscv_jump_stress_test,14306,,coverage64_release_20260827_v5.tar.gz,case_268
745,case_745,bug_130,coverage64,validated_or_probe_candidate,riscv_machine_mode_rand_test,14310,,coverage64_release_20260827_v5.tar.gz,case_267
746,case_746,bug_130,coverage64,validated_or_probe_candidate,riscv_jump_stress_test,14305,,coverage64_release_20260827_v5.tar.gz,case_266
747,case_747,bug_130,coverage64,validated_or_probe_candidate,riscv_machine_mode_rand_test,14309,,coverage64_release_20260827_v5.tar.gz,case_265
748,case_748,bug_130,coverage64,validated_or_probe_candidate,riscv_jump_stress_test,14304,,coverage64_release_20260827_v5.tar.gz,case_264
749,case_749,bug_130,coverage64,validated_or_probe_candidate,riscv_machine_mode_rand_test,14308,,coverage64_release_20260827_v5.tar.gz,case_263
750,case_750,bug_130,coverage64,validated_or_probe_candidate,riscv_jump_stress_test,14303,,coverage64_release_20260827_v5.tar.gz,case_262
751,case_751,bug_081,coverage64,validated_or_probe_candidate,riscv_rv32im_instr_test,13720,,coverage64_release_20260827_v5.tar.gz,case_261
752,case_752,bug_078,coverage64,validated_or_probe_candidate,riscv_arithmetic_basic_test,13405,,coverage64_release_20260827_v5.tar.gz,case_260
753,case_753,bug_045,coverage64,validated_or_probe_candidate,riscv_arithmetic_basic_test,12106,,coverage64_release_20260827_v5.tar.gz,case_26
754,case_754,bug_130,coverage64,validated_or_probe_candidate,riscv_jump_stress_test,14302,,coverage64_release_20260827_v5.tar.gz,case_259
755,case_755,bug_081,coverage64,validated_or_probe_candidate,riscv_rv32im_instr_test,13719,,coverage64_release_20260827_v5.tar.gz,case_258
756,case_756,bug_078,coverage64,validated_or_probe_candidate,riscv_arithmetic_basic_test,13404,,coverage64_release_20260827_v5.tar.gz,case_257
757,case_757,bug_130,coverage64,validated_or_probe_candidate,riscv_jump_stress_test,14301,,coverage64_release_20260827_v5.tar.gz,case_256
758,case_758,bug_081,coverage64,validated_or_probe_candidate,riscv_rv32im_instr_test,13718,,coverage64_release_20260827_v5.tar.gz,case_255
759,case_759,bug_078,coverage64,validated_or_probe_candidate,riscv_arithmetic_basic_test,13403,,coverage64_release_20260827_v5.tar.gz,case_254
760,case_760,bug_081,coverage64,validated_or_probe_candidate,riscv_rand_instr_test,13715,,coverage64_release_20260827_v5.tar.gz,case_253
761,case_761,bug_081,coverage64,validated_or_probe_candidate,riscv_rv32im_instr_test,13717,,coverage64_release_20260827_v5.tar.gz,case_252
762,case_762,bug_141,coverage64,validated_or_probe_candidate,riscv_debug_branch_jump_test,14901,,coverage64_release_20260827_v5.tar.gz,case_251
763,case_763,bug_078,coverage64,validated_or_probe_candidate,riscv_arithmetic_basic_test,13402,,coverage64_release_20260827_v5.tar.gz,case_250
764,case_764,bug_045,coverage64,validated_or_probe_candidate,riscv_arithmetic_basic_test,12105,,coverage64_release_20260827_v5.tar.gz,case_25
765,case_765,bug_081,coverage64,validated_or_probe_candidate,riscv_rand_instr_test,13714,,coverage64_release_20260827_v5.tar.gz,case_249
766,case_766,bug_078,coverage64,validated_or_probe_candidate,riscv_arithmetic_basic_test,13401,,coverage64_release_20260827_v5.tar.gz,case_248
767,case_767,bug_129,coverage64,validated_or_probe_candidate,riscv_machine_mode_rand_test,14220,,coverage64_release_20260827_v5.tar.gz,case_247
768,case_768,bug_081,coverage64,validated_or_probe_candidate,riscv_rv32im_instr_test,13716,,coverage64_release_20260827_v5.tar.gz,case_246
769,case_769,bug_081,coverage64,validated_or_probe_candidate,riscv_rand_instr_test,13713,,coverage64_release_20260827_v5.tar.gz,case_245
770,case_770,bug_129,coverage64,validated_or_probe_candidate,riscv_machine_mode_rand_test,14219,,coverage64_release_20260827_v5.tar.gz,case_244
771,case_771,bug_074,coverage64,validated_or_probe_candidate,riscv_arithmetic_basic_test,13005,,coverage64_release_20260827_v5.tar.gz,case_243
772,case_772,bug_077,coverage64,validated_or_probe_candidate,riscv_rv32im_instr_test,13320,,coverage64_release_20260827_v5.tar.gz,case_242
773,case_773,bug_081,coverage64,validated_or_probe_candidate,riscv_rand_instr_test,13712,,coverage64_release_20260827_v5.tar.gz,case_241
774,case_774,bug_129,coverage64,validated_or_probe_candidate,riscv_machine_mode_rand_test,14218,,coverage64_release_20260827_v5.tar.gz,case_240
775,case_775,bug_045,coverage64,validated_or_probe_candidate,riscv_arithmetic_basic_test,12104,,coverage64_release_20260827_v5.tar.gz,case_24
776,case_776,bug_074,coverage64,validated_or_probe_candidate,riscv_arithmetic_basic_test,13004,,coverage64_release_20260827_v5.tar.gz,case_239
777,case_777,bug_081,coverage64,validated_or_probe_candidate,riscv_rand_instr_test,13711,,coverage64_release_20260827_v5.tar.gz,case_238
778,case_778,bug_077,coverage64,validated_or_probe_candidate,riscv_rv32im_instr_test,13319,,coverage64_release_20260827_v5.tar.gz,case_237
779,case_779,bug_129,coverage64,validated_or_probe_candidate,riscv_machine_mode_rand_test,14217,,coverage64_release_20260827_v5.tar.gz,case_236
780,case_780,bug_074,coverage64,validated_or_probe_candidate,riscv_arithmetic_basic_test,13003,,coverage64_release_20260827_v5.tar.gz,case_235
781,case_781,bug_077,coverage64,validated_or_probe_candidate,riscv_rand_instr_test,13315,,coverage64_release_20260827_v5.tar.gz,case_234
782,case_782,bug_077,coverage64,validated_or_probe_candidate,riscv_rv32im_instr_test,13318,,coverage64_release_20260827_v5.tar.gz,case_233
783,case_783,bug_129,coverage64,validated_or_probe_candidate,riscv_machine_mode_rand_test,14216,,coverage64_release_20260827_v5.tar.gz,case_232
784,case_784,bug_074,coverage64,validated_or_probe_candidate,riscv_arithmetic_basic_test,13002,,coverage64_release_20260827_v5.tar.gz,case_231
785,case_785,bug_077,coverage64,validated_or_probe_candidate,riscv_rand_instr_test,13314,,coverage64_release_20260827_v5.tar.gz,case_230
786,case_786,bug_045,coverage64,validated_or_probe_candidate,riscv_arithmetic_basic_test,12103,,coverage64_release_20260827_v5.tar.gz,case_23
787,case_787,bug_077,coverage64,validated_or_probe_candidate,riscv_rv32im_instr_test,13317,,coverage64_release_20260827_v5.tar.gz,case_229
788,case_788,bug_074,coverage64,validated_or_probe_candidate,riscv_arithmetic_basic_test,13001,,coverage64_release_20260827_v5.tar.gz,case_228
789,case_789,bug_129,coverage64,validated_or_probe_candidate,riscv_machine_mode_rand_test,14215,,coverage64_release_20260827_v5.tar.gz,case_227
790,case_790,bug_077,coverage64,validated_or_probe_candidate,riscv_rand_instr_test,13313,,coverage64_release_20260827_v5.tar.gz,case_226
791,case_791,bug_077,coverage64,validated_or_probe_candidate,riscv_rv32im_instr_test,13316,,coverage64_release_20260827_v5.tar.gz,case_225
792,case_792,bug_054,coverage64,validated_or_probe_candidate,riscv_rv32im_instr_test,12518,,coverage64_release_20260827_v5.tar.gz,case_224
793,case_793,bug_129,coverage64,validated_or_probe_candidate,riscv_machine_mode_rand_test,14214,,coverage64_release_20260827_v5.tar.gz,case_223
794,case_794,bug_077,coverage64,validated_or_probe_candidate,riscv_rand_instr_test,13312,,coverage64_release_20260827_v5.tar.gz,case_222
795,case_795,bug_073,coverage64,validated_or_probe_candidate,riscv_rv32im_instr_test,12920,,coverage64_release_20260827_v5.tar.gz,case_221
796,case_796,bug_129,coverage64,validated_or_probe_candidate,riscv_machine_mode_rand_test,14213,,coverage64_release_20260827_v5.tar.gz,case_220
797,case_797,bug_045,coverage64,validated_or_probe_candidate,riscv_arithmetic_basic_test,12102,,coverage64_release_20260827_v5.tar.gz,case_22
798,case_798,bug_077,coverage64,validated_or_probe_candidate,riscv_rand_instr_test,13311,,coverage64_release_20260827_v5.tar.gz,case_219
799,case_799,bug_073,coverage64,validated_or_probe_candidate,riscv_rv32im_instr_test,12919,,coverage64_release_20260827_v5.tar.gz,case_218
800,case_800,bug_129,coverage64,validated_or_probe_candidate,riscv_machine_mode_rand_test,14212,,coverage64_release_20260827_v5.tar.gz,case_217
801,case_801,bug_073,coverage64,validated_or_probe_candidate,riscv_rand_instr_test,12915,,coverage64_release_20260827_v5.tar.gz,case_216
802,case_802,bug_073,coverage64,validated_or_probe_candidate,riscv_rv32im_instr_test,12918,,coverage64_release_20260827_v5.tar.gz,case_215
803,case_803,bug_129,coverage64,validated_or_probe_candidate,riscv_machine_mode_rand_test,14211,,coverage64_release_20260827_v5.tar.gz,case_214
804,case_804,bug_073,coverage64,validated_or_probe_candidate,riscv_rand_instr_test,12914,,coverage64_release_20260827_v5.tar.gz,case_213
805,case_805,bug_081,coverage64,validated_or_probe_candidate,riscv_machine_mode_rand_test,13710,,coverage64_release_20260827_v5.tar.gz,case_212
806,case_806,bug_081,coverage64,validated_or_probe_candidate,riscv_machine_mode_rand_test,13709,,coverage64_release_20260827_v5.tar.gz,case_211
807,case_807,bug_073,coverage64,validated_or_probe_candidate,riscv_rv32im_instr_test,12917,,coverage64_release_20260827_v5.tar.gz,case_210
808,case_808,bug_045,coverage64,validated_or_probe_candidate,riscv_arithmetic_basic_test,12101,,coverage64_release_20260827_v5.tar.gz,case_21
809,case_809,bug_073,coverage64,validated_or_probe_candidate,riscv_rv32im_instr_test,12916,,coverage64_release_20260827_v5.tar.gz,case_209
810,case_810,bug_073,coverage64,validated_or_probe_candidate,riscv_rand_instr_test,12913,,coverage64_release_20260827_v5.tar.gz,case_208
811,case_811,bug_073,coverage64,validated_or_probe_candidate,riscv_rand_instr_test,12912,,coverage64_release_20260827_v5.tar.gz,case_207
812,case_812,bug_073,coverage64,validated_or_probe_candidate,riscv_rand_instr_test,12911,,coverage64_release_20260827_v5.tar.gz,case_206
813,case_813,bug_054,coverage64,validated_or_probe_candidate,riscv_rand_instr_test,12515,,coverage64_release_20260827_v5.tar.gz,case_205
814,case_814,bug_081,coverage64,validated_or_probe_candidate,riscv_machine_mode_rand_test,13708,,coverage64_release_20260827_v5.tar.gz,case_204
815,case_815,bug_081,coverage64,validated_or_probe_candidate,riscv_machine_mode_rand_test,13707,,coverage64_release_20260827_v5.tar.gz,case_203
816,case_816,bug_081,coverage64,validated_or_probe_candidate,riscv_machine_mode_rand_test,13706,,coverage64_release_20260827_v5.tar.gz,case_202
817,case_817,bug_079,coverage64,validated_or_probe_candidate,riscv_rand_instr_test,13515,,coverage64_release_20260827_v5.tar.gz,case_201
818,case_818,bug_079,coverage64,validated_or_probe_candidate,riscv_rand_instr_test,13514,,coverage64_release_20260827_v5.tar.gz,case_200
819,case_819,bug_041,coverage64,validated_or_probe_candidate,riscv_rand_instr_test,12020,,coverage64_release_20260827_v5.tar.gz,case_20
820,case_820,bug_041,coverage64,validated_or_probe_candidate,riscv_arithmetic_basic_test,12002,,coverage64_release_20260827_v5.tar.gz,case_2
821,case_821,bug_079,coverage64,validated_or_probe_candidate,riscv_rand_instr_test,13513,,coverage64_release_20260827_v5.tar.gz,case_199
822,case_822,bug_079,coverage64,validated_or_probe_candidate,riscv_rand_instr_test,13512,,coverage64_release_20260827_v5.tar.gz,case_198
823,case_823,bug_079,coverage64,validated_or_probe_candidate,riscv_machine_mode_rand_test,13510,,coverage64_release_20260827_v5.tar.gz,case_197
824,case_824,bug_079,coverage64,validated_or_probe_candidate,riscv_machine_mode_rand_test,13509,,coverage64_release_20260827_v5.tar.gz,case_196
825,case_825,bug_079,coverage64,validated_or_probe_candidate,riscv_machine_mode_rand_test,13508,,coverage64_release_20260827_v5.tar.gz,case_195
826,case_826,bug_079,coverage64,validated_or_probe_candidate,riscv_machine_mode_rand_test,13506,,coverage64_release_20260827_v5.tar.gz,case_194
827,case_827,bug_079,coverage64,validated_or_probe_candidate,riscv_arithmetic_basic_test,13505,,coverage64_release_20260827_v5.tar.gz,case_193
828,case_828,bug_079,coverage64,validated_or_probe_candidate,riscv_arithmetic_basic_test,13504,,coverage64_release_20260827_v5.tar.gz,case_192
829,case_829,bug_079,coverage64,validated_or_probe_candidate,riscv_arithmetic_basic_test,13503,,coverage64_release_20260827_v5.tar.gz,case_191
830,case_830,bug_079,coverage64,validated_or_probe_candidate,riscv_arithmetic_basic_test,13502,,coverage64_release_20260827_v5.tar.gz,case_190
831,case_831,bug_041,coverage64,validated_or_probe_candidate,riscv_rand_instr_test,12019,,coverage64_release_20260827_v5.tar.gz,case_19
832,case_832,bug_078,coverage64,validated_or_probe_candidate,riscv_rv32im_instr_test,13420,,coverage64_release_20260827_v5.tar.gz,case_189
833,case_833,bug_078,coverage64,validated_or_probe_candidate,riscv_rv32im_instr_test,13419,,coverage64_release_20260827_v5.tar.gz,case_188
834,case_834,bug_078,coverage64,validated_or_probe_candidate,riscv_rv32im_instr_test,13418,,coverage64_release_20260827_v5.tar.gz,case_187
835,case_835,bug_078,coverage64,validated_or_probe_candidate,riscv_rv32im_instr_test,13417,,coverage64_release_20260827_v5.tar.gz,case_186
836,case_836,bug_078,coverage64,validated_or_probe_candidate,riscv_rv32im_instr_test,13416,,coverage64_release_20260827_v5.tar.gz,case_185
837,case_837,bug_078,coverage64,validated_or_probe_candidate,riscv_rand_instr_test,13415,,coverage64_release_20260827_v5.tar.gz,case_184
838,case_838,bug_078,coverage64,validated_or_probe_candidate,riscv_rand_instr_test,13414,,coverage64_release_20260827_v5.tar.gz,case_183
839,case_839,bug_078,coverage64,validated_or_probe_candidate,riscv_rand_instr_test,13413,,coverage64_release_20260827_v5.tar.gz,case_182
840,case_840,bug_078,coverage64,validated_or_probe_candidate,riscv_rand_instr_test,13412,,coverage64_release_20260827_v5.tar.gz,case_181
841,case_841,bug_078,coverage64,validated_or_probe_candidate,riscv_rand_instr_test,13411,,coverage64_release_20260827_v5.tar.gz,case_180
842,case_842,bug_041,coverage64,validated_or_probe_candidate,riscv_rand_instr_test,12018,,coverage64_release_20260827_v5.tar.gz,case_18
843,case_843,bug_078,coverage64,validated_or_probe_candidate,riscv_machine_mode_rand_test,13407,,coverage64_release_20260827_v5.tar.gz,case_179
844,case_844,bug_078,coverage64,validated_or_probe_candidate,riscv_machine_mode_rand_test,13406,,coverage64_release_20260827_v5.tar.gz,case_178
845,case_845,bug_077,coverage64,validated_or_probe_candidate,riscv_machine_mode_rand_test,13310,,coverage64_release_20260827_v5.tar.gz,case_177
846,case_846,bug_077,coverage64,validated_or_probe_candidate,riscv_machine_mode_rand_test,13309,,coverage64_release_20260827_v5.tar.gz,case_176
847,case_847,bug_077,coverage64,validated_or_probe_candidate,riscv_machine_mode_rand_test,13308,,coverage64_release_20260827_v5.tar.gz,case_175
848,case_848,bug_077,coverage64,validated_or_probe_candidate,riscv_machine_mode_rand_test,13307,,coverage64_release_20260827_v5.tar.gz,case_174
849,case_849,bug_077,coverage64,validated_or_probe_candidate,riscv_machine_mode_rand_test,13306,,coverage64_release_20260827_v5.tar.gz,case_173
850,case_850,bug_075,coverage64,validated_or_probe_candidate,riscv_rv32im_instr_test,13119,,coverage64_release_20260827_v5.tar.gz,case_172
851,case_851,bug_075,coverage64,validated_or_probe_candidate,riscv_rv32im_instr_test,13118,,coverage64_release_20260827_v5.tar.gz,case_171
852,case_852,bug_075,coverage64,validated_or_probe_candidate,riscv_rv32im_instr_test,13117,,coverage64_release_20260827_v5.tar.gz,case_170
853,case_853,bug_041,coverage64,validated_or_probe_candidate,riscv_rand_instr_test,12017,,coverage64_release_20260827_v5.tar.gz,case_17
854,case_854,bug_075,coverage64,validated_or_probe_candidate,riscv_rv32im_instr_test,13116,,coverage64_release_20260827_v5.tar.gz,case_169
855,case_855,bug_075,coverage64,validated_or_probe_candidate,riscv_rand_instr_test,13115,,coverage64_release_20260827_v5.tar.gz,case_168
856,case_856,bug_075,coverage64,validated_or_probe_candidate,riscv_rand_instr_test,13114,,coverage64_release_20260827_v5.tar.gz,case_167
857,case_857,bug_075,coverage64,validated_or_probe_candidate,riscv_rand_instr_test,13113,,coverage64_release_20260827_v5.tar.gz,case_166
858,case_858,bug_075,coverage64,validated_or_probe_candidate,riscv_rand_instr_test,13112,,coverage64_release_20260827_v5.tar.gz,case_165
859,case_859,bug_075,coverage64,validated_or_probe_candidate,riscv_rand_instr_test,13111,,coverage64_release_20260827_v5.tar.gz,case_164
860,case_860,bug_075,coverage64,validated_or_probe_candidate,riscv_machine_mode_rand_test,13110,,coverage64_release_20260827_v5.tar.gz,case_163
861,case_861,bug_075,coverage64,validated_or_probe_candidate,riscv_machine_mode_rand_test,13109,,coverage64_release_20260827_v5.tar.gz,case_162
862,case_862,bug_075,coverage64,validated_or_probe_candidate,riscv_machine_mode_rand_test,13108,,coverage64_release_20260827_v5.tar.gz,case_161
863,case_863,bug_075,coverage64,validated_or_probe_candidate,riscv_machine_mode_rand_test,13107,,coverage64_release_20260827_v5.tar.gz,case_160
864,case_864,bug_041,coverage64,validated_or_probe_candidate,riscv_rand_instr_test,12016,,coverage64_release_20260827_v5.tar.gz,case_16
865,case_865,bug_075,coverage64,validated_or_probe_candidate,riscv_machine_mode_rand_test,13106,,coverage64_release_20260827_v5.tar.gz,case_159
866,case_866,bug_075,coverage64,validated_or_probe_candidate,riscv_arithmetic_basic_test,13105,,coverage64_release_20260827_v5.tar.gz,case_158
867,case_867,bug_075,coverage64,validated_or_probe_candidate,riscv_arithmetic_basic_test,13104,,coverage64_release_20260827_v5.tar.gz,case_157
868,case_868,bug_075,coverage64,validated_or_probe_candidate,riscv_arithmetic_basic_test,13103,,coverage64_release_20260827_v5.tar.gz,case_156
869,case_869,bug_075,coverage64,validated_or_probe_candidate,riscv_arithmetic_basic_test,13102,,coverage64_release_20260827_v5.tar.gz,case_155
870,case_870,bug_075,coverage64,validated_or_probe_candidate,riscv_arithmetic_basic_test,13101,,coverage64_release_20260827_v5.tar.gz,case_154
871,case_871,bug_074,coverage64,validated_or_probe_candidate,riscv_rv32im_instr_test,13020,,coverage64_release_20260827_v5.tar.gz,case_153
872,case_872,bug_074,coverage64,validated_or_probe_candidate,riscv_rv32im_instr_test,13018,,coverage64_release_20260827_v5.tar.gz,case_152
873,case_873,bug_074,coverage64,validated_or_probe_candidate,riscv_rv32im_instr_test,13017,,coverage64_release_20260827_v5.tar.gz,case_151
874,case_874,bug_074,coverage64,validated_or_probe_candidate,riscv_rv32im_instr_test,13016,,coverage64_release_20260827_v5.tar.gz,case_150
875,case_875,bug_041,coverage64,validated_or_probe_candidate,riscv_rand_instr_test,12015,,coverage64_release_20260827_v5.tar.gz,case_15
876,case_876,bug_074,coverage64,validated_or_probe_candidate,riscv_rand_instr_test,13015,,coverage64_release_20260827_v5.tar.gz,case_149
877,case_877,bug_074,coverage64,validated_or_probe_candidate,riscv_rand_instr_test,13013,,coverage64_release_20260827_v5.tar.gz,case_148
878,case_878,bug_074,coverage64,validated_or_probe_candidate,riscv_rand_instr_test,13012,,coverage64_release_20260827_v5.tar.gz,case_147
879,case_879,bug_074,coverage64,validated_or_probe_candidate,riscv_rand_instr_test,13011,,coverage64_release_20260827_v5.tar.gz,case_146
880,case_880,bug_074,coverage64,validated_or_probe_candidate,riscv_machine_mode_rand_test,13010,,coverage64_release_20260827_v5.tar.gz,case_145
881,case_881,bug_074,coverage64,validated_or_probe_candidate,riscv_machine_mode_rand_test,13009,,coverage64_release_20260827_v5.tar.gz,case_144
882,case_882,bug_074,coverage64,validated_or_probe_candidate,riscv_machine_mode_rand_test,13008,,coverage64_release_20260827_v5.tar.gz,case_143
883,case_883,bug_074,coverage64,validated_or_probe_candidate,riscv_machine_mode_rand_test,13007,,coverage64_release_20260827_v5.tar.gz,case_142
884,case_884,bug_074,coverage64,validated_or_probe_candidate,riscv_machine_mode_rand_test,13006,,coverage64_release_20260827_v5.tar.gz,case_141
885,case_885,bug_073,coverage64,validated_or_probe_candidate,riscv_machine_mode_rand_test,12910,,coverage64_release_20260827_v5.tar.gz,case_140
886,case_886,bug_041,coverage64,validated_or_probe_candidate,riscv_machine_mode_rand_test,12014,,coverage64_release_20260827_v5.tar.gz,case_14
887,case_887,bug_073,coverage64,validated_or_probe_candidate,riscv_machine_mode_rand_test,12909,,coverage64_release_20260827_v5.tar.gz,case_139
888,case_888,bug_073,coverage64,validated_or_probe_candidate,riscv_machine_mode_rand_test,12908,,coverage64_release_20260827_v5.tar.gz,case_138
889,case_889,bug_073,coverage64,validated_or_probe_candidate,riscv_machine_mode_rand_test,12907,,coverage64_release_20260827_v5.tar.gz,case_137
890,case_890,bug_073,coverage64,validated_or_probe_candidate,riscv_machine_mode_rand_test,12906,,coverage64_release_20260827_v5.tar.gz,case_136
891,case_891,bug_072,coverage64,validated_or_probe_candidate,riscv_rv32im_instr_test,12817,,coverage64_release_20260827_v5.tar.gz,case_135
892,case_892,bug_072,coverage64,validated_or_probe_candidate,riscv_rv32im_instr_test,12816,,coverage64_release_20260827_v5.tar.gz,case_134
893,case_893,bug_072,coverage64,validated_or_probe_candidate,riscv_machine_mode_rand_test,12810,,coverage64_release_20260827_v5.tar.gz,case_133
894,case_894,bug_072,coverage64,validated_or_probe_candidate,riscv_machine_mode_rand_test,12809,,coverage64_release_20260827_v5.tar.gz,case_132
895,case_895,bug_072,coverage64,validated_or_probe_candidate,riscv_machine_mode_rand_test,12808,,coverage64_release_20260827_v5.tar.gz,case_131
896,case_896,bug_072,coverage64,validated_or_probe_candidate,riscv_machine_mode_rand_test,12807,,coverage64_release_20260827_v5.tar.gz,case_130
897,case_897,bug_041,coverage64,validated_or_probe_candidate,riscv_machine_mode_rand_test,12013,,coverage64_release_20260827_v5.tar.gz,case_13
898,case_898,bug_072,coverage64,validated_or_probe_candidate,riscv_machine_mode_rand_test,12806,,coverage64_release_20260827_v5.tar.gz,case_129
899,case_899,bug_072,coverage64,validated_or_probe_candidate,riscv_arithmetic_basic_test,12804,,coverage64_release_20260827_v5.tar.gz,case_128
900,case_900,bug_072,coverage64,validated_or_probe_candidate,riscv_arithmetic_basic_test,12803,,coverage64_release_20260827_v5.tar.gz,case_127
901,case_901,bug_054,coverage64,validated_or_probe_candidate,riscv_rv32im_instr_test,12520,,coverage64_release_20260827_v5.tar.gz,case_126
902,case_902,bug_054,coverage64,validated_or_probe_candidate,riscv_rv32im_instr_test,12519,,coverage64_release_20260827_v5.tar.gz,case_125
903,case_903,bug_054,coverage64,validated_or_probe_candidate,riscv_rand_instr_test,12514,,coverage64_release_20260827_v5.tar.gz,case_124
904,case_904,bug_054,coverage64,validated_or_probe_candidate,riscv_machine_mode_rand_test,12510,,coverage64_release_20260827_v5.tar.gz,case_123
905,case_905,bug_053,coverage64,validated_or_probe_candidate,riscv_machine_mode_rand_test,12410,,coverage64_release_20260827_v5.tar.gz,case_122
906,case_906,bug_072,coverage64,validated_or_probe_candidate,riscv_arithmetic_basic_test,12802,,coverage64_release_20260827_v5.tar.gz,case_121
907,case_907,bug_072,coverage64,validated_or_probe_candidate,riscv_arithmetic_basic_test,12801,,coverage64_release_20260827_v5.tar.gz,case_120
908,case_908,bug_041,coverage64,validated_or_probe_candidate,riscv_machine_mode_rand_test,12012,,coverage64_release_20260827_v5.tar.gz,case_12
909,case_909,bug_071,coverage64,validated_or_probe_candidate,riscv_rv32im_instr_test,12720,,coverage64_release_20260827_v5.tar.gz,case_119
910,case_910,bug_071,coverage64,validated_or_probe_candidate,riscv_rv32im_instr_test,12719,,coverage64_release_20260827_v5.tar.gz,case_118
911,case_911,bug_071,coverage64,validated_or_probe_candidate,riscv_rv32im_instr_test,12718,,coverage64_release_20260827_v5.tar.gz,case_117
912,case_912,bug_071,coverage64,validated_or_probe_candidate,riscv_rv32im_instr_test,12717,,coverage64_release_20260827_v5.tar.gz,case_116
913,case_913,bug_071,coverage64,validated_or_probe_candidate,riscv_rv32im_instr_test,12716,,coverage64_release_20260827_v5.tar.gz,case_115
914,case_914,bug_071,coverage64,validated_or_probe_candidate,riscv_rand_instr_test,12715,,coverage64_release_20260827_v5.tar.gz,case_114
915,case_915,bug_071,coverage64,validated_or_probe_candidate,riscv_rand_instr_test,12714,,coverage64_release_20260827_v5.tar.gz,case_113
916,case_916,bug_071,coverage64,validated_or_probe_candidate,riscv_rand_instr_test,12713,,coverage64_release_20260827_v5.tar.gz,case_112
917,case_917,bug_071,coverage64,validated_or_probe_candidate,riscv_rand_instr_test,12712,,coverage64_release_20260827_v5.tar.gz,case_111
918,case_918,bug_071,coverage64,validated_or_probe_candidate,riscv_rand_instr_test,12711,,coverage64_release_20260827_v5.tar.gz,case_110
919,case_919,bug_041,coverage64,validated_or_probe_candidate,riscv_machine_mode_rand_test,12011,,coverage64_release_20260827_v5.tar.gz,case_11
920,case_920,bug_071,coverage64,validated_or_probe_candidate,riscv_machine_mode_rand_test,12710,,coverage64_release_20260827_v5.tar.gz,case_109
921,case_921,bug_071,coverage64,validated_or_probe_candidate,riscv_machine_mode_rand_test,12709,,coverage64_release_20260827_v5.tar.gz,case_108
922,case_922,bug_071,coverage64,validated_or_probe_candidate,riscv_machine_mode_rand_test,12708,,coverage64_release_20260827_v5.tar.gz,case_107
923,case_923,bug_071,coverage64,validated_or_probe_candidate,riscv_machine_mode_rand_test,12707,,coverage64_release_20260827_v5.tar.gz,case_106
924,case_924,bug_071,coverage64,validated_or_probe_candidate,riscv_machine_mode_rand_test,12706,,coverage64_release_20260827_v5.tar.gz,case_105
925,case_925,bug_071,coverage64,validated_or_probe_candidate,riscv_arithmetic_basic_test,12705,,coverage64_release_20260827_v5.tar.gz,case_104
926,case_926,bug_071,coverage64,validated_or_probe_candidate,riscv_arithmetic_basic_test,12704,,coverage64_release_20260827_v5.tar.gz,case_103
927,case_927,bug_071,coverage64,validated_or_probe_candidate,riscv_arithmetic_basic_test,12703,,coverage64_release_20260827_v5.tar.gz,case_102
928,case_928,bug_071,coverage64,validated_or_probe_candidate,riscv_arithmetic_basic_test,12702,,coverage64_release_20260827_v5.tar.gz,case_101
929,case_929,bug_071,coverage64,validated_or_probe_candidate,riscv_arithmetic_basic_test,12701,,coverage64_release_20260827_v5.tar.gz,case_100
930,case_930,bug_041,coverage64,validated_or_probe_candidate,riscv_machine_mode_rand_test,12010,,coverage64_release_20260827_v5.tar.gz,case_10
931,case_931,bug_041,coverage64,validated_or_probe_candidate,riscv_arithmetic_basic_test,12001,,coverage64_release_20260827_v5.tar.gz,case_1
932,case_932,bug_225,mdu,rem_div_zero_result_bitflip,riscv_machine_mode_rand_test,932001,,mdu_supplement_20260827.tar.gz,case_1
933,case_933,bug_225,mdu,rem_div_zero_result_bitflip,riscv_machine_mode_rand_test,932002,,mdu_supplement_20260827.tar.gz,case_2
934,case_934,bug_225,mdu,rem_div_zero_result_bitflip,riscv_machine_mode_rand_test,932003,,mdu_supplement_20260827.tar.gz,case_3
935,case_935,bug_225,mdu,rem_div_zero_result_bitflip,riscv_rand_instr_test,932001,,mdu_supplement_20260827.tar.gz,case_4
936,case_936,bug_225,mdu,rem_div_zero_result_bitflip,riscv_rand_instr_test,932002,,mdu_supplement_20260827.tar.gz,case_5
937,case_937,bug_225,mdu,rem_div_zero_result_bitflip,riscv_rand_instr_test,932003,,mdu_supplement_20260827.tar.gz,case_6
938,case_938,bug_225,mdu,rem_div_zero_result_bitflip,riscv_rv32im_instr_test,932001,,mdu_supplement_20260827.tar.gz,case_7
939,case_939,bug_225,mdu,rem_div_zero_result_bitflip,riscv_rv32im_instr_test,932002,,mdu_supplement_20260827.tar.gz,case_8
940,case_940,bug_225,mdu,rem_div_zero_result_bitflip,riscv_rv32im_instr_test,932003,,mdu_supplement_20260827.tar.gz,case_9
941,case_941,bug_226,mdu,rem_signed_sign_source_wrong,riscv_machine_mode_rand_test,932101,,mdu_supplement_20260827.tar.gz,case_10
942,case_942,bug_226,mdu,rem_signed_sign_source_wrong,riscv_machine_mode_rand_test,932102,,mdu_supplement_20260827.tar.gz,case_11
943,case_943,bug_226,mdu,rem_signed_sign_source_wrong,riscv_machine_mode_rand_test,932103,,mdu_supplement_20260827.tar.gz,case_12
944,case_944,bug_226,mdu,rem_signed_sign_source_wrong,riscv_rand_instr_test,932101,,mdu_supplement_20260827.tar.gz,case_13
945,case_945,bug_226,mdu,rem_signed_sign_source_wrong,riscv_rand_instr_test,932102,,mdu_supplement_20260827.tar.gz,case_14
946,case_946,bug_226,mdu,rem_signed_sign_source_wrong,riscv_rand_instr_test,932103,,mdu_supplement_20260827.tar.gz,case_15
947,case_947,bug_226,mdu,rem_signed_sign_source_wrong,riscv_rv32im_instr_test,932101,,mdu_supplement_20260827.tar.gz,case_16
948,case_948,bug_226,mdu,rem_signed_sign_source_wrong,riscv_rv32im_instr_test,932102,,mdu_supplement_20260827.tar.gz,case_17
949,case_949,bug_226,mdu,rem_signed_sign_source_wrong,riscv_rv32im_instr_test,932103,,mdu_supplement_20260827.tar.gz,case_18
950,case_950,bug_228,branch_jump,conditional_bge_comparator_inversion,riscv_machine_mode_rand_test,934001,,branch_supplement_20260827.tar.gz,case_1
951,case_951,bug_228,branch_jump,conditional_bge_comparator_inversion,riscv_machine_mode_rand_test,934002,,branch_supplement_20260827.tar.gz,case_2
952,case_952,bug_228,branch_jump,conditional_bge_comparator_inversion,riscv_machine_mode_rand_test,934003,,branch_supplement_20260827.tar.gz,case_3
953,case_953,bug_228,branch_jump,conditional_bge_comparator_inversion,riscv_rand_instr_test,934001,,branch_supplement_20260827.tar.gz,case_4
954,case_954,bug_228,branch_jump,conditional_bge_comparator_inversion,riscv_rand_instr_test,934002,,branch_supplement_20260827.tar.gz,case_5
955,case_955,bug_228,branch_jump,conditional_bge_comparator_inversion,riscv_rand_instr_test,934003,,branch_supplement_20260827.tar.gz,case_6
956,case_956,bug_228,branch_jump,conditional_bge_comparator_inversion,riscv_rv32im_instr_test,934001,,branch_supplement_20260827.tar.gz,case_7
957,case_957,bug_228,branch_jump,conditional_bge_comparator_inversion,riscv_rv32im_instr_test,934003,,branch_supplement_20260827.tar.gz,case_8
958,case_958,bug_229,branch_jump,conditional_bgeu_comparator_inversion,riscv_machine_mode_rand_test,935001,,branch_supplement_20260827.tar.gz,case_9
959,case_959,bug_229,branch_jump,conditional_bgeu_comparator_inversion,riscv_machine_mode_rand_test,935002,,branch_supplement_20260827.tar.gz,case_10
960,case_960,bug_229,branch_jump,conditional_bgeu_comparator_inversion,riscv_machine_mode_rand_test,935003,,branch_supplement_20260827.tar.gz,case_11
961,case_961,bug_229,branch_jump,conditional_bgeu_comparator_inversion,riscv_rand_instr_test,935001,,branch_supplement_20260827.tar.gz,case_12
962,case_962,bug_229,branch_jump,conditional_bgeu_comparator_inversion,riscv_rand_instr_test,935002,,branch_supplement_20260827.tar.gz,case_13
963,case_963,bug_229,branch_jump,conditional_bgeu_comparator_inversion,riscv_rand_instr_test,935003,,branch_supplement_20260827.tar.gz,case_14
964,case_964,bug_229,branch_jump,conditional_bgeu_comparator_inversion,riscv_rv32im_instr_test,935002,,branch_supplement_20260827.tar.gz,case_15
965,case_965,bug_229,branch_jump,conditional_bgeu_comparator_inversion,riscv_rv32im_instr_test,935003,,branch_supplement_20260827.tar.gz,case_16
966,case_966,bug_234,decode_alu,conditional_addi_sub_decode,riscv_machine_mode_rand_test,938002,,decode_branch_supplement_20260827.tar.gz,case_9
967,case_967,bug_234,decode_alu,conditional_addi_sub_decode,riscv_rand_instr_test,938002,,decode_branch_supplement_20260827.tar.gz,case_10
968,case_968,bug_234,decode_alu,conditional_addi_sub_decode,riscv_rv32im_instr_test,938002,,decode_branch_supplement_20260827.tar.gz,case_11
969,case_969,bug_239,alu,conditional_xor_operand_low_nibble,riscv_machine_mode_rand_test,943001,,alu_decode_supplement_20260827.tar.gz,case_1
970,case_970,bug_239,alu,conditional_xor_operand_low_nibble,riscv_rand_instr_test,943001,,alu_decode_supplement_20260827.tar.gz,case_2
971,case_971,bug_239,alu,conditional_xor_operand_low_nibble,riscv_rv32im_instr_test,943001,,alu_decode_supplement_20260827.tar.gz,case_3
972,case_972,bug_239,alu,conditional_xor_operand_low_nibble,riscv_rv32im_instr_test,943002,,alu_decode_supplement_20260827.tar.gz,case_4
973,case_973,bug_240,alu,conditional_or_operand_low_nibble,riscv_machine_mode_rand_test,944001,,alu_decode_supplement_20260827.tar.gz,case_5
974,case_974,bug_240,alu,conditional_or_operand_low_nibble,riscv_machine_mode_rand_test,944002,,alu_decode_supplement_20260827.tar.gz,case_6
975,case_975,bug_240,alu,conditional_or_operand_low_nibble,riscv_rand_instr_test,944001,,alu_decode_supplement_20260827.tar.gz,case_7
976,case_976,bug_240,alu,conditional_or_operand_low_nibble,riscv_rand_instr_test,944002,,alu_decode_supplement_20260827.tar.gz,case_8
977,case_977,bug_240,alu,conditional_or_operand_low_nibble,riscv_rv32im_instr_test,944001,,alu_decode_supplement_20260827.tar.gz,case_9
978,case_978,bug_240,alu,conditional_or_operand_low_nibble,riscv_rv32im_instr_test,944002,,alu_decode_supplement_20260827.tar.gz,case_10
979,case_979,bug_241,decode_alu,conditional_xori_or_decode_low_bits,riscv_machine_mode_rand_test,945001,,alu_decode_supplement_20260827.tar.gz,case_11
980,case_980,bug_241,decode_alu,conditional_xori_or_decode_low_bits,riscv_machine_mode_rand_test,945002,,alu_decode_supplement_20260827.tar.gz,case_12
981,case_981,bug_241,decode_alu,conditional_xori_or_decode_low_bits,riscv_rand_instr_test,945001,,alu_decode_supplement_20260827.tar.gz,case_13
982,case_982,bug_241,decode_alu,conditional_xori_or_decode_low_bits,riscv_rand_instr_test,945002,,alu_decode_supplement_20260827.tar.gz,case_14
983,case_983,bug_241,decode_alu,conditional_xori_or_decode_low_bits,riscv_rv32im_instr_test,945001,,alu_decode_supplement_20260827.tar.gz,case_15
984,case_984,bug_241,decode_alu,conditional_xori_or_decode_low_bits,riscv_rv32im_instr_test,945002,,alu_decode_supplement_20260827.tar.gz,case_16
985,case_985,bug_242,mdu,conditional_divu_signed_mode,riscv_machine_mode_rand_test,946001,,mdu_decode_supplement_20260827.tar.gz,case_1
986,case_986,bug_242,mdu,conditional_divu_signed_mode,riscv_rand_instr_test,946001,,mdu_decode_supplement_20260827.tar.gz,case_2
987,case_987,bug_242,mdu,conditional_divu_signed_mode,riscv_rand_instr_test,946002,,mdu_decode_supplement_20260827.tar.gz,case_3
988,case_988,bug_242,mdu,conditional_divu_signed_mode,riscv_rv32im_instr_test,946002,,mdu_decode_supplement_20260827.tar.gz,case_4
989,case_989,bug_243,mdu,conditional_remu_div_operator,riscv_machine_mode_rand_test,947001,,mdu_decode_supplement_20260827.tar.gz,case_5
990,case_990,bug_243,mdu,conditional_remu_div_operator,riscv_machine_mode_rand_test,947002,,mdu_decode_supplement_20260827.tar.gz,case_6
991,case_991,bug_243,mdu,conditional_remu_div_operator,riscv_rand_instr_test,947001,,mdu_decode_supplement_20260827.tar.gz,case_7
992,case_992,bug_243,mdu,conditional_remu_div_operator,riscv_rand_instr_test,947002,,mdu_decode_supplement_20260827.tar.gz,case_8
993,case_993,bug_243,mdu,conditional_remu_div_operator,riscv_rv32im_instr_test,947001,,mdu_decode_supplement_20260827.tar.gz,case_9
994,case_994,bug_243,mdu,conditional_remu_div_operator,riscv_rv32im_instr_test,947002,,mdu_decode_supplement_20260827.tar.gz,case_10
995,case_995,bug_244,branch_jump,conditional_beq_ne_decode,riscv_machine_mode_rand_test,948001,,branch_decode_supplement_20260827.tar.gz,case_1
996,case_996,bug_244,branch_jump,conditional_beq_ne_decode,riscv_machine_mode_rand_test,948002,,branch_decode_supplement_20260827.tar.gz,case_2
997,case_997,bug_244,branch_jump,conditional_beq_ne_decode,riscv_rand_instr_test,948001,,branch_decode_supplement_20260827.tar.gz,case_3
998,case_998,bug_244,branch_jump,conditional_beq_ne_decode,riscv_rand_instr_test,948002,,branch_decode_supplement_20260827.tar.gz,case_4
999,case_999,bug_244,branch_jump,conditional_beq_ne_decode,riscv_rv32im_instr_test,948002,,branch_decode_supplement_20260827.tar.gz,case_5
1000,case_1000,bug_245,branch_jump,conditional_bne_eq_decode,riscv_machine_mode_rand_test,949001,,branch_decode_supplement_20260827.tar.gz,case_6
1001,case_1001,bug_245,branch_jump,conditional_bne_eq_decode,riscv_machine_mode_rand_test,949002,,branch_decode_supplement_20260827.tar.gz,case_7
1002,case_1002,bug_245,branch_jump,conditional_bne_eq_decode,riscv_rand_instr_test,949001,,branch_decode_supplement_20260827.tar.gz,case_8
1003,case_1003,bug_245,branch_jump,conditional_bne_eq_decode,riscv_rand_instr_test,949002,,branch_decode_supplement_20260827.tar.gz,case_9
1004,case_1004,bug_245,branch_jump,conditional_bne_eq_decode,riscv_rv32im_instr_test,949001,,branch_decode_supplement_20260827.tar.gz,case_10
1005,case_1005,bug_245,branch_jump,conditional_bne_eq_decode,riscv_rv32im_instr_test,949002,,branch_decode_supplement_20260827.tar.gz,case_11
1006,case_1006,bug_246,branch_jump,conditional_blt_bge_decode,riscv_machine_mode_rand_test,950001,,branch_decode_supplement_20260827.tar.gz,case_12
1007,case_1007,bug_246,branch_jump,conditional_blt_bge_decode,riscv_machine_mode_rand_test,950002,,branch_decode_supplement_20260827.tar.gz,case_13
1008,case_1008,bug_246,branch_jump,conditional_blt_bge_decode,riscv_rand_instr_test,950001,,branch_decode_supplement_20260827.tar.gz,case_14
1009,case_1009,bug_246,branch_jump,conditional_blt_bge_decode,riscv_rand_instr_test,950002,,branch_decode_supplement_20260827.tar.gz,case_15
1010,case_1010,bug_246,branch_jump,conditional_blt_bge_decode,riscv_rv32im_instr_test,950002,,branch_decode_supplement_20260827.tar.gz,case_16
1011,case_1011,bug_247,lsu,conditional_halfword_sign_extension,riscv_mmu_stress_test,953002,,lsu_supplement_20260827.tar.gz,case_1
1012,case_1012,bug_247,lsu,conditional_halfword_sign_extension,riscv_unaligned_load_store_test,951001,,lsu_supplement_20260827.tar.gz,case_2
1013,case_1013,bug_247,lsu,conditional_halfword_sign_extension,riscv_unaligned_load_store_test,951002,,lsu_supplement_20260827.tar.gz,case_3
1014,case_1014,bug_249,lsu,conditional_word_load_low_bit,riscv_mmu_stress_test,957001,,lsu_supplement_20260827.tar.gz,case_4
1015,case_1015,bug_249,lsu,conditional_word_load_low_bit,riscv_mmu_stress_test,957002,,lsu_supplement_20260827.tar.gz,case_5
1016,case_1016,bug_249,lsu,conditional_word_load_low_bit,riscv_unaligned_load_store_test,957001,,lsu_supplement_20260827.tar.gz,case_6
1017,case_1017,bug_249,lsu,conditional_word_load_low_bit,riscv_unaligned_load_store_test,957002,,lsu_supplement_20260827.tar.gz,case_7
1018,case_1018,bug_255,decode_alu,conditional_andi_or_decode,riscv_machine_mode_rand_test,958001,,alu_decode_supplement_20260827_v2.tar.gz,case_1
1019,case_1019,bug_255,decode_alu,conditional_andi_or_decode,riscv_machine_mode_rand_test,958002,,alu_decode_supplement_20260827_v2.tar.gz,case_2
1020,case_1020,bug_255,decode_alu,conditional_andi_or_decode,riscv_machine_mode_rand_test,958003,,alu_decode_supplement_20260827_v2.tar.gz,case_3
1021,case_1021,bug_255,decode_alu,conditional_andi_or_decode,riscv_machine_mode_rand_test,958004,,alu_decode_supplement_20260827_v2.tar.gz,case_4
1022,case_1022,bug_255,decode_alu,conditional_andi_or_decode,riscv_machine_mode_rand_test,958005,,alu_decode_supplement_20260827_v2.tar.gz,case_5
1023,case_1023,bug_255,decode_alu,conditional_andi_or_decode,riscv_rand_instr_test,958001,,alu_decode_supplement_20260827_v2.tar.gz,case_6
1024,case_1024,bug_255,decode_alu,conditional_andi_or_decode,riscv_rand_instr_test,958002,,alu_decode_supplement_20260827_v2.tar.gz,case_7
1025,case_1025,bug_255,decode_alu,conditional_andi_or_decode,riscv_rand_instr_test,958003,,alu_decode_supplement_20260827_v2.tar.gz,case_8
1026,case_1026,bug_255,decode_alu,conditional_andi_or_decode,riscv_rand_instr_test,958004,,alu_decode_supplement_20260827_v2.tar.gz,case_9
1027,case_1027,bug_255,decode_alu,conditional_andi_or_decode,riscv_rand_instr_test,958005,,alu_decode_supplement_20260827_v2.tar.gz,case_10
1028,case_1028,bug_255,decode_alu,conditional_andi_or_decode,riscv_rand_instr_test,958006,,alu_decode_supplement_20260827_v2.tar.gz,case_11
1029,case_1029,bug_255,decode_alu,conditional_andi_or_decode,riscv_rv32im_instr_test,958001,,alu_decode_supplement_20260827_v2.tar.gz,case_12
1030,case_1030,bug_255,decode_alu,conditional_andi_or_decode,riscv_rv32im_instr_test,958003,,alu_decode_supplement_20260827_v2.tar.gz,case_13
1031,case_1031,bug_255,decode_alu,conditional_andi_or_decode,riscv_rv32im_instr_test,958004,,alu_decode_supplement_20260827_v2.tar.gz,case_14
1032,case_1032,bug_255,decode_alu,conditional_andi_or_decode,riscv_rv32im_instr_test,958005,,alu_decode_supplement_20260827_v2.tar.gz,case_15
1033,case_1033,bug_255,decode_alu,conditional_andi_or_decode,riscv_rv32im_instr_test,958006,,alu_decode_supplement_20260827_v2.tar.gz,case_16
1034,case_1034,bug_256,decode_alu,conditional_slli_srl_decode,riscv_machine_mode_rand_test,958001,,alu_decode_supplement_20260827_v2.tar.gz,case_17
1035,case_1035,bug_256,decode_alu,conditional_slli_srl_decode,riscv_machine_mode_rand_test,958002,,alu_decode_supplement_20260827_v2.tar.gz,case_18
1036,case_1036,bug_256,decode_alu,conditional_slli_srl_decode,riscv_machine_mode_rand_test,958003,,alu_decode_supplement_20260827_v2.tar.gz,case_19
1037,case_1037,bug_256,decode_alu,conditional_slli_srl_decode,riscv_machine_mode_rand_test,958004,,alu_decode_supplement_20260827_v2.tar.gz,case_20
1038,case_1038,bug_256,decode_alu,conditional_slli_srl_decode,riscv_machine_mode_rand_test,958005,,alu_decode_supplement_20260827_v2.tar.gz,case_21
1039,case_1039,bug_256,decode_alu,conditional_slli_srl_decode,riscv_machine_mode_rand_test,958006,,alu_decode_supplement_20260827_v2.tar.gz,case_22
1040,case_1040,bug_256,decode_alu,conditional_slli_srl_decode,riscv_rand_instr_test,958001,,alu_decode_supplement_20260827_v2.tar.gz,case_23
1041,case_1041,bug_256,decode_alu,conditional_slli_srl_decode,riscv_rand_instr_test,958002,,alu_decode_supplement_20260827_v2.tar.gz,case_24
1042,case_1042,bug_256,decode_alu,conditional_slli_srl_decode,riscv_rand_instr_test,958003,,alu_decode_supplement_20260827_v2.tar.gz,case_25
1043,case_1043,bug_256,decode_alu,conditional_slli_srl_decode,riscv_rand_instr_test,958004,,alu_decode_supplement_20260827_v2.tar.gz,case_26
1044,case_1044,bug_256,decode_alu,conditional_slli_srl_decode,riscv_rand_instr_test,958005,,alu_decode_supplement_20260827_v2.tar.gz,case_27
1045,case_1045,bug_256,decode_alu,conditional_slli_srl_decode,riscv_rand_instr_test,958006,,alu_decode_supplement_20260827_v2.tar.gz,case_28
1046,case_1046,bug_256,decode_alu,conditional_slli_srl_decode,riscv_rv32im_instr_test,958001,,alu_decode_supplement_20260827_v2.tar.gz,case_29
1047,case_1047,bug_256,decode_alu,conditional_slli_srl_decode,riscv_rv32im_instr_test,958003,,alu_decode_supplement_20260827_v2.tar.gz,case_30
1048,case_1048,bug_256,decode_alu,conditional_slli_srl_decode,riscv_rv32im_instr_test,958004,,alu_decode_supplement_20260827_v2.tar.gz,case_31
1049,case_1049,bug_256,decode_alu,conditional_slli_srl_decode,riscv_rv32im_instr_test,958005,,alu_decode_supplement_20260827_v2.tar.gz,case_32
1050,case_1050,bug_257,decode_alu,conditional_sltiu_slt_decode,riscv_machine_mode_rand_test,958002,,alu_decode_supplement_20260827_v2.tar.gz,case_33
1051,case_1051,bug_257,decode_alu,conditional_sltiu_slt_decode,riscv_machine_mode_rand_test,958003,,alu_decode_supplement_20260827_v2.tar.gz,case_34
1052,case_1052,bug_257,decode_alu,conditional_sltiu_slt_decode,riscv_machine_mode_rand_test,958004,,alu_decode_supplement_20260827_v2.tar.gz,case_35
1053,case_1053,bug_257,decode_alu,conditional_sltiu_slt_decode,riscv_machine_mode_rand_test,958005,,alu_decode_supplement_20260827_v2.tar.gz,case_36
1054,case_1054,bug_257,decode_alu,conditional_sltiu_slt_decode,riscv_rand_instr_test,958001,,alu_decode_supplement_20260827_v2.tar.gz,case_37
1055,case_1055,bug_257,decode_alu,conditional_sltiu_slt_decode,riscv_rand_instr_test,958002,,alu_decode_supplement_20260827_v2.tar.gz,case_38
1056,case_1056,bug_257,decode_alu,conditional_sltiu_slt_decode,riscv_rand_instr_test,958003,,alu_decode_supplement_20260827_v2.tar.gz,case_39
1057,case_1057,bug_257,decode_alu,conditional_sltiu_slt_decode,riscv_rand_instr_test,958004,,alu_decode_supplement_20260827_v2.tar.gz,case_40
1058,case_1058,bug_257,decode_alu,conditional_sltiu_slt_decode,riscv_rand_instr_test,958005,,alu_decode_supplement_20260827_v2.tar.gz,case_41
1059,case_1059,bug_257,decode_alu,conditional_sltiu_slt_decode,riscv_rv32im_instr_test,958001,,alu_decode_supplement_20260827_v2.tar.gz,case_42
1060,case_1060,bug_257,decode_alu,conditional_sltiu_slt_decode,riscv_rv32im_instr_test,958003,,alu_decode_supplement_20260827_v2.tar.gz,case_43
1061,case_1061,bug_257,decode_alu,conditional_sltiu_slt_decode,riscv_rv32im_instr_test,958004,,alu_decode_supplement_20260827_v2.tar.gz,case_44
1062,case_1062,bug_257,decode_alu,conditional_sltiu_slt_decode,riscv_rv32im_instr_test,958005,,alu_decode_supplement_20260827_v2.tar.gz,case_45
1063,case_1063,bug_257,decode_alu,conditional_sltiu_slt_decode,riscv_rv32im_instr_test,958006,,alu_decode_supplement_20260827_v2.tar.gz,case_46
1064,case_1064,bug_261,mdu,conditional_mulh_mulhsu_signed_mode,riscv_machine_mode_rand_test,960001,,mdu_supplement_20260827_v3.tar.gz,case_1
1065,case_1065,bug_261,mdu,conditional_mulh_mulhsu_signed_mode,riscv_machine_mode_rand_test,960002,,mdu_supplement_20260827_v3.tar.gz,case_2
1066,case_1066,bug_261,mdu,conditional_mulh_mulhsu_signed_mode,riscv_rand_instr_test,960001,,mdu_supplement_20260827_v3.tar.gz,case_3
1067,case_1067,bug_261,mdu,conditional_mulh_mulhsu_signed_mode,riscv_rand_instr_test,960002,,mdu_supplement_20260827_v3.tar.gz,case_4
1068,case_1068,bug_261,mdu,conditional_mulh_mulhsu_signed_mode,riscv_rv32im_instr_test,960002,,mdu_supplement_20260827_v3.tar.gz,case_5
1069,case_1069,bug_262,mdu,conditional_div_signed_mode,riscv_machine_mode_rand_test,960003,,mdu_supplement_20260827_v3.tar.gz,case_6
1070,case_1070,bug_262,mdu,conditional_div_signed_mode,riscv_machine_mode_rand_test,960005,,mdu_supplement_20260827_v3.tar.gz,case_7
1071,case_1071,bug_262,mdu,conditional_div_signed_mode,riscv_rand_instr_test,960005,,mdu_supplement_20260827_v3.tar.gz,case_8
1072,case_1072,bug_262,mdu,conditional_div_signed_mode,riscv_rv32im_instr_test,960001,,mdu_supplement_20260827_v3.tar.gz,case_9
1073,case_1073,bug_262,mdu,conditional_div_signed_mode,riscv_rv32im_instr_test,960002,,mdu_supplement_20260827_v3.tar.gz,case_10
1074,case_1074,bug_262,mdu,conditional_div_signed_mode,riscv_rv32im_instr_test,960005,,mdu_supplement_20260827_v3.tar.gz,case_11
1075,case_1075,bug_263,mdu,conditional_rem_signed_mode,riscv_machine_mode_rand_test,960001,,mdu_supplement_20260827_v3.tar.gz,case_12
1076,case_1076,bug_263,mdu,conditional_rem_signed_mode,riscv_machine_mode_rand_test,960002,,mdu_supplement_20260827_v3.tar.gz,case_13
1077,case_1077,bug_263,mdu,conditional_rem_signed_mode,riscv_rand_instr_test,960001,,mdu_supplement_20260827_v3.tar.gz,case_14
1078,case_1078,bug_263,mdu,conditional_rem_signed_mode,riscv_rand_instr_test,960002,,mdu_supplement_20260827_v3.tar.gz,case_15
1079,case_1079,bug_263,mdu,conditional_rem_signed_mode,riscv_rv32im_instr_test,960002,,mdu_supplement_20260827_v3.tar.gz,case_16
1080,case_1080,bug_264,rv32c,conditional_c_addi_sign_extension,riscv_machine_mode_rand_test,970001,,rvc_supplement_20260827.tar.gz,case_1
1081,case_1081,bug_264,rv32c,conditional_c_addi_sign_extension,riscv_rand_instr_test,970001,,rvc_supplement_20260827.tar.gz,case_2
1082,case_1082,bug_265,rv32c,conditional_c_andi_decode,riscv_machine_mode_rand_test,970001,,rvc_supplement_20260827.tar.gz,case_3
1083,case_1083,bug_265,rv32c,conditional_c_andi_decode,riscv_machine_mode_rand_test,970002,,rvc_supplement_20260827.tar.gz,case_4
1084,case_1084,bug_265,rv32c,conditional_c_andi_decode,riscv_rand_instr_test,970001,,rvc_supplement_20260827.tar.gz,case_5
1085,case_1085,bug_265,rv32c,conditional_c_andi_decode,riscv_rand_instr_test,970002,,rvc_supplement_20260827.tar.gz,case_6
1086,case_1086,bug_266,rv32c,conditional_c_and_decode,riscv_machine_mode_rand_test,970001,,rvc_supplement_20260827.tar.gz,case_7
1087,case_1087,bug_266,rv32c,conditional_c_and_decode,riscv_machine_mode_rand_test,970002,,rvc_supplement_20260827.tar.gz,case_8
1088,case_1088,bug_266,rv32c,conditional_c_and_decode,riscv_rand_instr_test,970001,,rvc_supplement_20260827.tar.gz,case_9
1089,case_1089,bug_266,rv32c,conditional_c_and_decode,riscv_rand_instr_test,970002,,rvc_supplement_20260827.tar.gz,case_10
1090,case_1090,bug_268,pipeline,conditional_lsu_stall,riscv_machine_mode_rand_test,980001,,pipeline_supplement_20260827.tar.gz,case_1
1091,case_1091,bug_268,pipeline,conditional_lsu_stall,riscv_rand_instr_test,980001,,pipeline_supplement_20260827.tar.gz,case_2
1092,case_1092,bug_268,pipeline,conditional_lsu_stall,riscv_rv32im_instr_test,980001,,pipeline_supplement_20260827.tar.gz,case_3
1093,case_1093,bug_268,pipeline,conditional_lsu_stall,riscv_rv32im_instr_test,980002,,pipeline_supplement_20260827.tar.gz,case_4
1094,case_1094,bug_269,pipeline,conditional_multdiv_stall,riscv_machine_mode_rand_test,980001,,pipeline_supplement_20260827.tar.gz,case_5
1095,case_1095,bug_269,pipeline,conditional_multdiv_stall,riscv_machine_mode_rand_test,980002,,pipeline_supplement_20260827.tar.gz,case_6
1096,case_1096,bug_269,pipeline,conditional_multdiv_stall,riscv_rand_instr_test,980001,,pipeline_supplement_20260827.tar.gz,case_7
1097,case_1097,bug_269,pipeline,conditional_multdiv_stall,riscv_rand_instr_test,980002,,pipeline_supplement_20260827.tar.gz,case_8
1098,case_1098,bug_269,pipeline,conditional_multdiv_stall,riscv_rv32im_instr_test,980001,,pipeline_supplement_20260827.tar.gz,case_9
1099,case_1099,bug_269,pipeline,conditional_multdiv_stall,riscv_rv32im_instr_test,980002,,pipeline_supplement_20260827.tar.gz,case_10
1100,case_1100,bug_284,decode,pc_region_xor_to_or_decode,riscv_machine_mode_rand_test,994002,,decode_supplement_20260827_v2.tar.gz,case_1
1101,case_1101,bug_284,decode,pc_region_xor_to_or_decode,riscv_rand_instr_test,994001,,decode_supplement_20260827_v2.tar.gz,case_2
1102,case_1102,bug_284,decode,pc_region_xor_to_or_decode,riscv_rv32im_instr_test,994001,,decode_supplement_20260827_v2.tar.gz,case_3
1103,case_1103,bug_285,decode,pc_region_or_to_xor_decode,riscv_machine_mode_rand_test,994002,,decode_supplement_20260827_v2.tar.gz,case_4
1104,case_1104,bug_285,decode,pc_region_or_to_xor_decode,riscv_rand_instr_test,994002,,decode_supplement_20260827_v2.tar.gz,case_5
1105,case_1105,bug_285,decode,pc_region_or_to_xor_decode,riscv_rv32im_instr_test,994001,,decode_supplement_20260827_v2.tar.gz,case_6
1106,case_1106,bug_289,interrupt_exception,mie_not_disabled_on_entry,riscv_interrupt_csr_test,996002,,interrupt_csr_supplement_20260827_v2.tar.gz,case_1
1107,case_1107,bug_289,interrupt_exception,mie_not_disabled_on_entry,riscv_multiple_interrupt_test,996002,,interrupt_csr_supplement_20260827_v2.tar.gz,case_2
1108,case_1108,bug_289,interrupt_exception,mie_not_disabled_on_entry,riscv_single_interrupt_test,996002,,interrupt_csr_supplement_20260827_v2.tar.gz,case_3
1109,case_1109,bug_290,interrupt_exception,mcause_cause_bit_inverted,riscv_interrupt_csr_test,996002,,interrupt_csr_supplement_20260827_v2.tar.gz,case_4
1110,case_1110,bug_290,interrupt_exception,mcause_cause_bit_inverted,riscv_multiple_interrupt_test,996002,,interrupt_csr_supplement_20260827_v2.tar.gz,case_5
1111,case_1111,bug_290,interrupt_exception,mcause_cause_bit_inverted,riscv_single_interrupt_test,996002,,interrupt_csr_supplement_20260827_v2.tar.gz,case_6
1112,case_1112,bug_291,branch_jump,blt_condition_selective_bge,riscv_jump_stress_test,997001,,branch_supplement_20260827_v1.tar.gz,case_1
1113,case_1113,bug_291,branch_jump,blt_condition_selective_bge,riscv_machine_mode_rand_test,997001,,branch_supplement_20260827_v1.tar.gz,case_2
1114,case_1114,bug_291,branch_jump,blt_condition_selective_bge,riscv_rand_jump_test,997001,,branch_supplement_20260827_v1.tar.gz,case_3
1115,case_1115,bug_292,branch_jump,bltu_condition_selective_bgeu,riscv_jump_stress_test,997001,,branch_supplement_20260827_v1.tar.gz,case_4
1116,case_1116,bug_292,branch_jump,bltu_condition_selective_bgeu,riscv_machine_mode_rand_test,997001,,branch_supplement_20260827_v1.tar.gz,case_5
1117,case_1117,bug_292,branch_jump,bltu_condition_selective_bgeu,riscv_rand_jump_test,997001,,branch_supplement_20260827_v1.tar.gz,case_6
1118,case_1118,bug_304,register_file,x15_writeback_lsb_flipped_pc_region,riscv_machine_mode_rand_test,997601,,register_file_supplement_20260827_v1.tar.gz,case_1
1119,case_1119,bug_304,register_file,x15_writeback_lsb_flipped_pc_region,riscv_rand_instr_test,997601,,register_file_supplement_20260827_v1.tar.gz,case_2
1120,case_1120,bug_304,register_file,x15_writeback_lsb_flipped_pc_region,riscv_rv32im_instr_test,997601,,register_file_supplement_20260827_v1.tar.gz,case_3
1121,case_1121,bug_305,register_file,x11_writeback_lsb_flipped_pc_region_d,riscv_machine_mode_rand_test,997601,,register_file_supplement_20260827_v1.tar.gz,case_4
1122,case_1122,bug_305,register_file,x11_writeback_lsb_flipped_pc_region_d,riscv_rand_instr_test,997601,,register_file_supplement_20260827_v1.tar.gz,case_5
1123,case_1123,bug_305,register_file,x11_writeback_lsb_flipped_pc_region_d,riscv_rv32im_instr_test,997601,,register_file_supplement_20260827_v1.tar.gz,case_6
1124,case_1124,bug_306,load_store,byte_sign_offset1_wrong_sign_bit,riscv_mmu_stress_test,997701,,lsu_supplement_20260827_v1.tar.gz,case_1
1125,case_1125,bug_306,load_store,byte_sign_offset1_wrong_sign_bit,riscv_unaligned_load_store_test,997701,,lsu_supplement_20260827_v1.tar.gz,case_2
1126,case_1126,bug_307,load_store,byte_sign_offset2_wrong_sign_bit,riscv_mmu_stress_test,997701,,lsu_supplement_20260827_v1.tar.gz,case_3
1127,case_1127,bug_307,load_store,byte_sign_offset2_wrong_sign_bit,riscv_unaligned_load_store_test,997701,,lsu_supplement_20260827_v1.tar.gz,case_4
1128,case_1128,bug_308,load_store,byte_sign_offset0_wrong_sign_bit,riscv_mmu_stress_test,997801,,lsu_supplement_20260827_v2.tar.gz,case_1
1129,case_1129,bug_308,load_store,byte_sign_offset0_wrong_sign_bit,riscv_unaligned_load_store_test,997801,,lsu_supplement_20260827_v2.tar.gz,case_2
1130,case_1130,bug_309,load_store,byte_sign_offset3_wrong_sign_bit,riscv_mmu_stress_test,997801,,lsu_supplement_20260827_v2.tar.gz,case_3
1131,case_1131,bug_309,load_store,byte_sign_offset3_wrong_sign_bit,riscv_unaligned_load_store_test,997801,,lsu_supplement_20260827_v2.tar.gz,case_4
1132,case_1132,bug_310,multiply_divide,div_zero_quotient_zero,riscv_machine_mode_rand_test,997901,,mdu_zero_supplement_20260827_v1.tar.gz,case_1
1133,case_1133,bug_310,multiply_divide,div_zero_quotient_zero,riscv_rand_instr_test,997901,,mdu_zero_supplement_20260827_v1.tar.gz,case_2
1134,case_1134,bug_310,multiply_divide,div_zero_quotient_zero,riscv_rv32im_instr_test,997901,,mdu_zero_supplement_20260827_v1.tar.gz,case_3
1135,case_1135,bug_311,multiply_divide,rem_zero_result_zero,riscv_machine_mode_rand_test,997901,,mdu_zero_supplement_20260827_v1.tar.gz,case_4
1136,case_1136,bug_311,multiply_divide,rem_zero_result_zero,riscv_rand_instr_test,997901,,mdu_zero_supplement_20260827_v1.tar.gz,case_5
1137,case_1137,bug_311,multiply_divide,rem_zero_result_zero,riscv_rv32im_instr_test,997901,,mdu_zero_supplement_20260827_v1.tar.gz,case_6
1138,case_1138,bug_312,compressed_decode,c_slli_x5_shamt_bit0,riscv_machine_mode_rand_test,998001,,rvc_supplement_20260827_v1.tar.gz,case_1
1139,case_1139,bug_312,compressed_decode,c_slli_x5_shamt_bit0,riscv_rand_instr_test,998001,,rvc_supplement_20260827_v1.tar.gz,case_2
1140,case_1140,bug_313,compressed_decode,c_srli_x15_shamt_bit0,riscv_machine_mode_rand_test,998001,,rvc_supplement_20260827_v1.tar.gz,case_3
1141,case_1141,bug_313,compressed_decode,c_srli_x15_shamt_bit0,riscv_rand_instr_test,998001,,rvc_supplement_20260827_v1.tar.gz,case_4
1142,case_1142,bug_315,branch_jump,late_jump_target_bit1_pattern10,riscv_machine_mode_rand_test,998101,,jump_target_supplement_20260827_v1.tar.gz,case_1
1143,case_1143,bug_315,branch_jump,late_jump_target_bit1_pattern10,riscv_rand_jump_test,998101,,jump_target_supplement_20260827_v1.tar.gz,case_2
1144,case_1144,bug_316,branch_jump,late_jump_target_bit2_pattern10,riscv_machine_mode_rand_test,998201,,jump_target_supplement_20260827_v1.tar.gz,case_3
1145,case_1145,bug_316,branch_jump,late_jump_target_bit2_pattern10,riscv_rand_jump_test,998201,,jump_target_supplement_20260827_v1.tar.gz,case_4
1146,case_1146,bug_317,alu,pc_region_conditional_xor_operand,riscv_machine_mode_rand_test,994001,,alu_supplement_20260827_v3.tar.gz,case_1
1147,case_1147,bug_317,alu,pc_region_conditional_xor_operand,riscv_rand_instr_test,994002,,alu_supplement_20260827_v3.tar.gz,case_2
1148,case_1148,bug_317,alu,pc_region_conditional_xor_operand,riscv_rand_instr_test,994003,,alu_supplement_20260827_v3.tar.gz,case_3
1149,case_1149,bug_317,alu,pc_region_conditional_xor_operand,riscv_rv32im_instr_test,994001,,alu_supplement_20260827_v3.tar.gz,case_4
1150,case_1150,bug_318,alu,pc_region_conditional_or_operand,riscv_machine_mode_rand_test,994001,,alu_supplement_20260827_v3.tar.gz,case_5
1151,case_1151,bug_318,alu,pc_region_conditional_or_operand,riscv_rand_instr_test,994001,,alu_supplement_20260827_v3.tar.gz,case_6
1152,case_1152,bug_318,alu,pc_region_conditional_or_operand,riscv_rv32im_instr_test,994001,,alu_supplement_20260827_v3.tar.gz,case_7
1153,case_1153,bug_319,mdu,pc_region_conditional_mulhsu_signed_mode,riscv_machine_mode_rand_test,995001,,mdu_supplement_20260827_v6.tar.gz,case_1
1154,case_1154,bug_319,mdu,pc_region_conditional_mulhsu_signed_mode,riscv_rand_instr_test,995001,,mdu_supplement_20260827_v6.tar.gz,case_2
1155,case_1155,bug_319,mdu,pc_region_conditional_mulhsu_signed_mode,riscv_rv32im_instr_test,995001,,mdu_supplement_20260827_v6.tar.gz,case_3
1156,case_1156,bug_320,mdu,pc_region_conditional_mulhu_signed_mode,riscv_machine_mode_rand_test,995005,,mdu_supplement_20260827_v6.tar.gz,case_4
1157,case_1157,bug_320,mdu,pc_region_conditional_mulhu_signed_mode,riscv_machine_mode_rand_test,995006,,mdu_supplement_20260827_v6.tar.gz,case_5
1158,case_1158,bug_320,mdu,pc_region_conditional_mulhu_signed_mode,riscv_rand_instr_test,995003,,mdu_supplement_20260827_v6.tar.gz,case_6
1159,case_1159,bug_320,mdu,pc_region_conditional_mulhu_signed_mode,riscv_rv32im_instr_test,995001,,mdu_supplement_20260827_v6.tar.gz,case_7
1160,case_1160,bug_052,lsu,late_byte_load_sign_extension,riscv_unaligned_load_store_test,980504,,p0_lsu_balance_supplement_20260827_v2.tar.gz,case_9
1161,case_1161,bug_052,lsu,late_byte_load_sign_extension,riscv_unaligned_load_store_test,980503,,p0_lsu_balance_supplement_20260827_v2.tar.gz,case_8
1162,case_1162,bug_052,lsu,late_byte_load_sign_extension,riscv_mmu_stress_test,980503,,p0_lsu_balance_supplement_20260827_v2.tar.gz,case_7
1163,case_1163,bug_051,lsu,late_byte_load_sign_extension,riscv_unaligned_load_store_test,980502,,p0_lsu_balance_supplement_20260827_v2.tar.gz,case_6
1164,case_1164,bug_051,lsu,late_byte_load_sign_extension,riscv_unaligned_load_store_test,980501,,p0_lsu_balance_supplement_20260827_v2.tar.gz,case_5
1165,case_1165,bug_051,lsu,late_byte_load_sign_extension,riscv_mmu_stress_test,980510,,p0_lsu_balance_supplement_20260827_v2.tar.gz,case_4
1166,case_1166,bug_051,lsu,late_byte_load_sign_extension,riscv_mmu_stress_test,980509,,p0_lsu_balance_supplement_20260827_v2.tar.gz,case_3
1167,case_1167,bug_051,lsu,late_byte_load_sign_extension,riscv_mmu_stress_test,980508,,p0_lsu_balance_supplement_20260827_v2.tar.gz,case_2
1168,case_1168,bug_051,lsu,late_byte_load_sign_extension,riscv_mmu_stress_test,980507,,p0_lsu_balance_supplement_20260827_v2.tar.gz,case_1
1169,case_1169,bug_045,alu,conditional_sra_shift_amount_7,riscv_machine_mode_rand_test,981002,,p0_alu_branch_balance_supplement_20260827.tar.gz,case_1
1170,case_1170,bug_045,alu,conditional_sra_shift_amount_7,riscv_rand_instr_test,981002,,p0_alu_branch_balance_supplement_20260827.tar.gz,case_2
1171,case_1171,bug_047,branch_jump,conditional_eq_operand_pattern,riscv_machine_mode_rand_test,981003,,p0_alu_branch_balance_supplement_20260827.tar.gz,case_3
1172,case_1172,bug_047,branch_jump,conditional_eq_operand_pattern,riscv_machine_mode_rand_test,981004,,p0_alu_branch_balance_supplement_20260827.tar.gz,case_4
1173,case_1173,bug_047,branch_jump,conditional_eq_operand_pattern,riscv_rand_instr_test,981003,,p0_alu_branch_balance_supplement_20260827.tar.gz,case_5
1174,case_1174,bug_047,branch_jump,conditional_eq_operand_pattern,riscv_rand_instr_test,981004,,p0_alu_branch_balance_supplement_20260827.tar.gz,case_6
1175,case_1175,bug_048,alu,conditional_add_result_bitflip,riscv_machine_mode_rand_test,982002,,p0_alu_balance_048_049_20260827.tar.gz,case_1
1176,case_1176,bug_048,alu,conditional_add_result_bitflip,riscv_machine_mode_rand_test,982003,,p0_alu_balance_048_049_20260827.tar.gz,case_2
1177,case_1177,bug_048,alu,conditional_add_result_bitflip,riscv_rand_instr_test,982002,,p0_alu_balance_048_049_20260827.tar.gz,case_3
1178,case_1178,bug_049,alu,conditional_sra_shift_amount_31,riscv_machine_mode_rand_test,982004,,p0_alu_balance_048_049_20260827.tar.gz,case_4
1179,case_1179,bug_049,alu,conditional_sra_shift_amount_31,riscv_machine_mode_rand_test,982005,,p0_alu_balance_048_049_20260827.tar.gz,case_5
1180,case_1180,bug_049,alu,conditional_sra_shift_amount_31,riscv_machine_mode_rand_test,982006,,p0_alu_balance_048_049_20260827.tar.gz,case_6
1181,case_1181,bug_049,alu,conditional_sra_shift_amount_31,riscv_rand_instr_test,982004,,p0_alu_balance_048_049_20260827.tar.gz,case_7
1182,case_1182,bug_049,alu,conditional_sra_shift_amount_31,riscv_rand_instr_test,982005,,p0_alu_balance_048_049_20260827.tar.gz,case_8
1183,case_1183,bug_128,decode_branch,bne_decoded_as_beq,riscv_rv32im_instr_test,983008,,p0_alu_decode_balance_20260827.tar.gz,case_6
1184,case_1184,bug_128,decode_branch,bne_decoded_as_beq,riscv_rv32im_instr_test,983007,,p0_alu_decode_balance_20260827.tar.gz,case_5
1185,case_1185,bug_128,decode_branch,bne_decoded_as_beq,riscv_rand_instr_test,983004,,p0_alu_decode_balance_20260827.tar.gz,case_4
1186,case_1186,bug_128,decode_branch,bne_decoded_as_beq,riscv_rand_instr_test,983003,,p0_alu_decode_balance_20260827.tar.gz,case_3
1187,case_1187,bug_053,alu_decode,late_opimm_operand_bitflip,riscv_rv32im_instr_test,983006,,p0_alu_decode_balance_20260827.tar.gz,case_2
1188,case_1188,bug_053,alu_decode,late_opimm_operand_bitflip,riscv_rand_instr_test,983001,,p0_alu_decode_balance_20260827.tar.gz,case_1
1189,case_1189,bug_224,register_file,x21_write_lsb_flipped,riscv_rv32im_instr_test,994006,,p0_regfile_balance_late_20260827.tar.gz,case_9
1190,case_1190,bug_224,register_file,x21_write_lsb_flipped,riscv_rand_instr_test,994006,,p0_regfile_balance_late_20260827.tar.gz,case_8
1191,case_1191,bug_224,register_file,x21_write_lsb_flipped,riscv_machine_mode_rand_test,994006,,p0_regfile_balance_late_20260827.tar.gz,case_7
1192,case_1192,bug_223,register_file,x20_write_lsb_flipped,riscv_rv32im_instr_test,994002,,p0_regfile_balance_late_20260827.tar.gz,case_6
1193,case_1193,bug_223,register_file,x20_write_lsb_flipped,riscv_rv32im_instr_test,994001,,p0_regfile_balance_late_20260827.tar.gz,case_5
1194,case_1194,bug_223,register_file,x20_write_lsb_flipped,riscv_rand_instr_test,994002,,p0_regfile_balance_late_20260827.tar.gz,case_4
1195,case_1195,bug_223,register_file,x20_write_lsb_flipped,riscv_rand_instr_test,994001,,p0_regfile_balance_late_20260827.tar.gz,case_3
1196,case_1196,bug_223,register_file,x20_write_lsb_flipped,riscv_machine_mode_rand_test,994002,,p0_regfile_balance_late_20260827.tar.gz,case_2
1197,case_1197,bug_223,register_file,x20_write_lsb_flipped,riscv_machine_mode_rand_test,994001,,p0_regfile_balance_late_20260827.tar.gz,case_1
1198,case_1198,bug_276,debug,conditional_dcsr_prv_wrong,riscv_debug_ebreak_test,995003,,p0_debug_balance_273_276_20260827.tar.gz,case_9
1199,case_1199,bug_276,debug,conditional_dcsr_prv_wrong,riscv_debug_csr_entry_test,995004,,p0_debug_balance_273_276_20260827.tar.gz,case_8
1200,case_1200,bug_276,debug,conditional_dcsr_prv_wrong,riscv_debug_csr_entry_test,995003,,p0_debug_balance_273_276_20260827.tar.gz,case_7
1201,case_1201,bug_273,debug,conditional_dcsr_cause_haltreq,riscv_debug_ebreakmu_test,995002,,p0_debug_balance_273_276_20260827.tar.gz,case_6
1202,case_1202,bug_273,debug,conditional_dcsr_cause_haltreq,riscv_debug_ebreakmu_test,995001,,p0_debug_balance_273_276_20260827.tar.gz,case_5
1203,case_1203,bug_273,debug,conditional_dcsr_cause_haltreq,riscv_debug_ebreak_test,995002,,p0_debug_balance_273_276_20260827.tar.gz,case_4
1204,case_1204,bug_273,debug,conditional_dcsr_cause_haltreq,riscv_debug_ebreak_test,995001,,p0_debug_balance_273_276_20260827.tar.gz,case_3
1205,case_1205,bug_273,debug,conditional_dcsr_cause_haltreq,riscv_debug_csr_entry_test,995002,,p0_debug_balance_273_276_20260827.tar.gz,case_2
1206,case_1206,bug_276,debug,conditional_dcsr_prv_wrong,riscv_debug_ebreakmu_test,995004,,p0_debug_balance_273_276_20260827.tar.gz,case_12
1207,case_1207,bug_276,debug,conditional_dcsr_prv_wrong,riscv_debug_ebreakmu_test,995003,,p0_debug_balance_273_276_20260827.tar.gz,case_11
1208,case_1208,bug_276,debug,conditional_dcsr_prv_wrong,riscv_debug_ebreak_test,995004,,p0_debug_balance_273_276_20260827.tar.gz,case_10
1209,case_1209,bug_273,debug,conditional_dcsr_cause_haltreq,riscv_debug_csr_entry_test,995001,,p0_debug_balance_273_276_20260827.tar.gz,case_1
1210,case_1210,bug_281,alu,pc_region_conditional_sltu_operand,riscv_rand_instr_test,996004,,p0_alu_balance_280_281_20260827.tar.gz,case_9
1211,case_1211,bug_281,alu,pc_region_conditional_sltu_operand,riscv_rand_instr_test,996003,,p0_alu_balance_280_281_20260827.tar.gz,case_8
1212,case_1212,bug_281,alu,pc_region_conditional_sltu_operand,riscv_machine_mode_rand_test,996003,,p0_alu_balance_280_281_20260827.tar.gz,case_7
1213,case_1213,bug_280,alu,pc_region_conditional_sra_operand,riscv_rv32im_instr_test,996002,,p0_alu_balance_280_281_20260827.tar.gz,case_6
1214,case_1214,bug_280,alu,pc_region_conditional_sra_operand,riscv_rv32im_instr_test,996001,,p0_alu_balance_280_281_20260827.tar.gz,case_5
1215,case_1215,bug_280,alu,pc_region_conditional_sra_operand,riscv_rand_instr_test,996002,,p0_alu_balance_280_281_20260827.tar.gz,case_4
1216,case_1216,bug_280,alu,pc_region_conditional_sra_operand,riscv_rand_instr_test,996001,,p0_alu_balance_280_281_20260827.tar.gz,case_3
1217,case_1217,bug_280,alu,pc_region_conditional_sra_operand,riscv_machine_mode_rand_test,996002,,p0_alu_balance_280_281_20260827.tar.gz,case_2
1218,case_1218,bug_281,alu,pc_region_conditional_sltu_operand,riscv_rv32im_instr_test,996004,,p0_alu_balance_280_281_20260827.tar.gz,case_11
1219,case_1219,bug_281,alu,pc_region_conditional_sltu_operand,riscv_rv32im_instr_test,996003,,p0_alu_balance_280_281_20260827.tar.gz,case_10
1220,case_1220,bug_280,alu,pc_region_conditional_sra_operand,riscv_machine_mode_rand_test,996001,,p0_alu_balance_280_281_20260827.tar.gz,case_1
1221,case_1221,bug_283,mdu,pc_region_rem_to_div_decode,riscv_rand_instr_test,997003,,p0_mdu_balance_282_283_20260827.tar.gz,case_9
1222,case_1222,bug_283,mdu,pc_region_rem_to_div_decode,riscv_machine_mode_rand_test,997004,,p0_mdu_balance_282_283_20260827.tar.gz,case_8
1223,case_1223,bug_283,mdu,pc_region_rem_to_div_decode,riscv_machine_mode_rand_test,997003,,p0_mdu_balance_282_283_20260827.tar.gz,case_7
1224,case_1224,bug_282,mdu,pc_region_div_to_rem_decode,riscv_rv32im_instr_test,997002,,p0_mdu_balance_282_283_20260827.tar.gz,case_6
1225,case_1225,bug_282,mdu,pc_region_div_to_rem_decode,riscv_rv32im_instr_test,997001,,p0_mdu_balance_282_283_20260827.tar.gz,case_5
1226,case_1226,bug_282,mdu,pc_region_div_to_rem_decode,riscv_rand_instr_test,997002,,p0_mdu_balance_282_283_20260827.tar.gz,case_4
1227,case_1227,bug_282,mdu,pc_region_div_to_rem_decode,riscv_rand_instr_test,997001,,p0_mdu_balance_282_283_20260827.tar.gz,case_3
1228,case_1228,bug_282,mdu,pc_region_div_to_rem_decode,riscv_machine_mode_rand_test,997002,,p0_mdu_balance_282_283_20260827.tar.gz,case_2
1229,case_1229,bug_283,mdu,pc_region_rem_to_div_decode,riscv_rv32im_instr_test,997004,,p0_mdu_balance_282_283_20260827.tar.gz,case_12
1230,case_1230,bug_283,mdu,pc_region_rem_to_div_decode,riscv_rv32im_instr_test,997003,,p0_mdu_balance_282_283_20260827.tar.gz,case_11
1231,case_1231,bug_283,mdu,pc_region_rem_to_div_decode,riscv_rand_instr_test,997004,,p0_mdu_balance_282_283_20260827.tar.gz,case_10
1232,case_1232,bug_282,mdu,pc_region_div_to_rem_decode,riscv_machine_mode_rand_test,997001,,p0_mdu_balance_282_283_20260827.tar.gz,case_1
1233,case_1233,bug_253,interrupt,interrupt_entry_mpie_save,riscv_single_interrupt_test,998004,,p0_interrupt_balance_156_253_20260827.tar.gz,case_8
1234,case_1234,bug_253,interrupt,interrupt_entry_mpie_save,riscv_single_interrupt_test,998003,,p0_interrupt_balance_156_253_20260827.tar.gz,case_7
1235,case_1235,bug_253,interrupt,interrupt_entry_mpie_save,riscv_multiple_interrupt_test,998004,,p0_interrupt_balance_156_253_20260827.tar.gz,case_6
1236,case_1236,bug_253,interrupt,interrupt_entry_mpie_save,riscv_multiple_interrupt_test,998003,,p0_interrupt_balance_156_253_20260827.tar.gz,case_5
1237,case_1237,bug_156,interrupt,external_irq_pending_dropped,riscv_single_interrupt_test,998002,,p0_interrupt_balance_156_253_20260827.tar.gz,case_4
1238,case_1238,bug_156,interrupt,external_irq_pending_dropped,riscv_single_interrupt_test,998001,,p0_interrupt_balance_156_253_20260827.tar.gz,case_3
1239,case_1239,bug_156,interrupt,external_irq_pending_dropped,riscv_multiple_interrupt_test,998002,,p0_interrupt_balance_156_253_20260827.tar.gz,case_2
1240,case_1240,bug_156,interrupt,external_irq_pending_dropped,riscv_multiple_interrupt_test,998001,,p0_interrupt_balance_156_253_20260827.tar.gz,case_1
1241,case_1241,bug_136,branch_jump,jal_link_increment_uses_target,riscv_rand_jump_test,999005,,p0_branch_balance_133_136_20260827_dataset.tar.gz,case_4
1242,case_1242,bug_136,branch_jump,jal_link_increment_uses_target,riscv_debug_branch_jump_test,999005,,p0_branch_balance_133_136_20260827_dataset.tar.gz,case_3
1243,case_1243,bug_133,branch_jump,jal_immediate_zero_extended,riscv_rand_jump_test,999002,,p0_branch_balance_133_136_20260827_dataset.tar.gz,case_2
1244,case_1244,bug_133,branch_jump,jal_immediate_zero_extended,riscv_debug_branch_jump_test,999002,,p0_branch_balance_133_136_20260827_dataset.tar.gz,case_1
1245,case_1245,bug_196,csr_mie_read,mie_timer_read_uses_external,riscv_csr_test,982511,,p0_csr_read_balance_195_196_20260827.tar.gz,case_9
1246,case_1246,bug_195,csr_mie_read,mie_software_read_uses_timer,riscv_single_interrupt_test,982503,,p0_csr_read_balance_195_196_20260827.tar.gz,case_8
1247,case_1247,bug_195,csr_mie_read,mie_software_read_uses_timer,riscv_single_interrupt_test,982502,,p0_csr_read_balance_195_196_20260827.tar.gz,case_7
1248,case_1248,bug_195,csr_mie_read,mie_software_read_uses_timer,riscv_single_interrupt_test,982501,,p0_csr_read_balance_195_196_20260827.tar.gz,case_6
1249,case_1249,bug_195,csr_mie_read,mie_software_read_uses_timer,riscv_multiple_interrupt_test,982502,,p0_csr_read_balance_195_196_20260827.tar.gz,case_5
1250,case_1250,bug_195,csr_mie_read,mie_software_read_uses_timer,riscv_multiple_interrupt_test,982501,,p0_csr_read_balance_195_196_20260827.tar.gz,case_4
1251,case_1251,bug_195,csr_mie_read,mie_software_read_uses_timer,riscv_csr_test,982503,,p0_csr_read_balance_195_196_20260827.tar.gz,case_3
1252,case_1252,bug_195,csr_mie_read,mie_software_read_uses_timer,riscv_csr_test,982502,,p0_csr_read_balance_195_196_20260827.tar.gz,case_2
1253,case_1253,bug_196,csr_mie_read,mie_timer_read_uses_external,riscv_single_interrupt_test,982513,,p0_csr_read_balance_195_196_20260827.tar.gz,case_16
1254,case_1254,bug_196,csr_mie_read,mie_timer_read_uses_external,riscv_single_interrupt_test,982512,,p0_csr_read_balance_195_196_20260827.tar.gz,case_15
1255,case_1255,bug_196,csr_mie_read,mie_timer_read_uses_external,riscv_single_interrupt_test,982511,,p0_csr_read_balance_195_196_20260827.tar.gz,case_14
1256,case_1256,bug_196,csr_mie_read,mie_timer_read_uses_external,riscv_multiple_interrupt_test,982512,,p0_csr_read_balance_195_196_20260827.tar.gz,case_13
1257,case_1257,bug_196,csr_mie_read,mie_timer_read_uses_external,riscv_multiple_interrupt_test,982511,,p0_csr_read_balance_195_196_20260827.tar.gz,case_12
1258,case_1258,bug_196,csr_mie_read,mie_timer_read_uses_external,riscv_csr_test,982513,,p0_csr_read_balance_195_196_20260827.tar.gz,case_11
1259,case_1259,bug_196,csr_mie_read,mie_timer_read_uses_external,riscv_csr_test,982512,,p0_csr_read_balance_195_196_20260827.tar.gz,case_10
1260,case_1260,bug_195,csr_mie_read,mie_software_read_uses_timer,riscv_csr_test,982501,,p0_csr_read_balance_195_196_20260827.tar.gz,case_1
1261,case_1261,bug_197,csr_mip_read,mip_software_read_uses_timer,riscv_single_interrupt_test,983003,,p0_csr_interrupt_balance_197_198_20260827.tar.gz,case_9
1262,case_1262,bug_197,csr_mip_read,mip_software_read_uses_timer,riscv_single_interrupt_test,983002,,p0_csr_interrupt_balance_197_198_20260827.tar.gz,case_8
1263,case_1263,bug_197,csr_mip_read,mip_software_read_uses_timer,riscv_single_interrupt_test,983001,,p0_csr_interrupt_balance_197_198_20260827.tar.gz,case_7
1264,case_1264,bug_197,csr_mip_read,mip_software_read_uses_timer,riscv_multiple_interrupt_test,983003,,p0_csr_interrupt_balance_197_198_20260827.tar.gz,case_6
1265,case_1265,bug_197,csr_mip_read,mip_software_read_uses_timer,riscv_multiple_interrupt_test,983001,,p0_csr_interrupt_balance_197_198_20260827.tar.gz,case_5
1266,case_1266,bug_197,csr_mip_read,mip_software_read_uses_timer,riscv_illegal_instr_test,983003,,p0_csr_interrupt_balance_197_198_20260827.tar.gz,case_3
1267,case_1267,bug_197,csr_mip_read,mip_software_read_uses_timer,riscv_illegal_instr_test,983002,,p0_csr_interrupt_balance_197_198_20260827.tar.gz,case_2
1268,case_1268,bug_198,csr_mcause_read,mcause_interrupt_bit_cleared_on_read,riscv_single_interrupt_test,983013,,p0_csr_interrupt_balance_197_198_20260827.tar.gz,case_17
1269,case_1269,bug_198,csr_mcause_read,mcause_interrupt_bit_cleared_on_read,riscv_single_interrupt_test,983012,,p0_csr_interrupt_balance_197_198_20260827.tar.gz,case_16
1270,case_1270,bug_198,csr_mcause_read,mcause_interrupt_bit_cleared_on_read,riscv_single_interrupt_test,983011,,p0_csr_interrupt_balance_197_198_20260827.tar.gz,case_15
1271,case_1271,bug_198,csr_mcause_read,mcause_interrupt_bit_cleared_on_read,riscv_multiple_interrupt_test,983013,,p0_csr_interrupt_balance_197_198_20260827.tar.gz,case_14
1272,case_1272,bug_198,csr_mcause_read,mcause_interrupt_bit_cleared_on_read,riscv_multiple_interrupt_test,983012,,p0_csr_interrupt_balance_197_198_20260827.tar.gz,case_13
1273,case_1273,bug_198,csr_mcause_read,mcause_interrupt_bit_cleared_on_read,riscv_multiple_interrupt_test,983011,,p0_csr_interrupt_balance_197_198_20260827.tar.gz,case_12
1274,case_1274,bug_198,csr_mcause_read,mcause_interrupt_bit_cleared_on_read,riscv_illegal_instr_test,983013,,p0_csr_interrupt_balance_197_198_20260827.tar.gz,case_11
1275,case_1275,bug_198,csr_mcause_read,mcause_interrupt_bit_cleared_on_read,riscv_illegal_instr_test,983011,,p0_csr_interrupt_balance_197_198_20260827.tar.gz,case_10
1276,case_1276,bug_197,csr_mip_read,mip_software_read_uses_timer,riscv_illegal_instr_test,983001,,p0_csr_interrupt_balance_197_198_20260827.tar.gz,case_1
1277,case_1277,bug_194,csr_mstatus_read,mstatus_mpp_read_forced_user,riscv_single_interrupt_test,984011,,p0_csr_mstatus_balance_193_194_20260827.tar.gz,case_8
1278,case_1278,bug_194,csr_mstatus_read,mstatus_mpp_read_forced_user,riscv_multiple_interrupt_test,984011,,p0_csr_mstatus_balance_193_194_20260827.tar.gz,case_7
1279,case_1279,bug_193,csr_mstatus_read,mstatus_mpie_read_uses_mie,riscv_single_interrupt_test,984003,,p0_csr_mstatus_balance_193_194_20260827.tar.gz,case_6
1280,case_1280,bug_193,csr_mstatus_read,mstatus_mpie_read_uses_mie,riscv_single_interrupt_test,984002,,p0_csr_mstatus_balance_193_194_20260827.tar.gz,case_5
1281,case_1281,bug_193,csr_mstatus_read,mstatus_mpie_read_uses_mie,riscv_single_interrupt_test,984001,,p0_csr_mstatus_balance_193_194_20260827.tar.gz,case_4
1282,case_1282,bug_193,csr_mstatus_read,mstatus_mpie_read_uses_mie,riscv_multiple_interrupt_test,984003,,p0_csr_mstatus_balance_193_194_20260827.tar.gz,case_3
1283,case_1283,bug_193,csr_mstatus_read,mstatus_mpie_read_uses_mie,riscv_multiple_interrupt_test,984002,,p0_csr_mstatus_balance_193_194_20260827.tar.gz,case_2
1284,case_1284,bug_193,csr_mstatus_read,mstatus_mpie_read_uses_mie,riscv_multiple_interrupt_test,984001,,p0_csr_mstatus_balance_193_194_20260827.tar.gz,case_1
1285,case_1285,bug_206,csr_data_mux,mtval_read_returns_mepc,riscv_illegal_instr_test,988012,,p0_csr_data_mux_balance_205_206_20260827.tar.gz,case_8
1286,case_1286,bug_206,csr_data_mux,mtval_read_returns_mepc,riscv_illegal_instr_test,988011,,p0_csr_data_mux_balance_205_206_20260827.tar.gz,case_7
1287,case_1287,bug_206,csr_data_mux,mtval_read_returns_mepc,riscv_csr_test,988012,,p0_csr_data_mux_balance_205_206_20260827.tar.gz,case_6
1288,case_1288,bug_206,csr_data_mux,mtval_read_returns_mepc,riscv_csr_test,988011,,p0_csr_data_mux_balance_205_206_20260827.tar.gz,case_5
1289,case_1289,bug_205,csr_data_mux,mtvec_read_returns_mepc,riscv_illegal_instr_test,988002,,p0_csr_data_mux_balance_205_206_20260827.tar.gz,case_4
1290,case_1290,bug_205,csr_data_mux,mtvec_read_returns_mepc,riscv_illegal_instr_test,988001,,p0_csr_data_mux_balance_205_206_20260827.tar.gz,case_3
1291,case_1291,bug_205,csr_data_mux,mtvec_read_returns_mepc,riscv_csr_test,988002,,p0_csr_data_mux_balance_205_206_20260827.tar.gz,case_2
1292,case_1292,bug_205,csr_data_mux,mtvec_read_returns_mepc,riscv_csr_test,988001,,p0_csr_data_mux_balance_205_206_20260827.tar.gz,case_1
1293,case_1293,bug_229,branch_jump,conditional_bgeu_comparator_inversion,riscv_rand_instr_test,990011,,p0_branch_balance_228_229_20260827.tar.gz,case_9
1294,case_1294,bug_229,branch_jump,conditional_bgeu_comparator_inversion,riscv_machine_mode_rand_test,990012,,p0_branch_balance_228_229_20260827.tar.gz,case_8
1295,case_1295,bug_229,branch_jump,conditional_bgeu_comparator_inversion,riscv_machine_mode_rand_test,990011,,p0_branch_balance_228_229_20260827.tar.gz,case_7
1296,case_1296,bug_228,branch_jump,conditional_bge_comparator_inversion,riscv_rv32im_instr_test,990002,,p0_branch_balance_228_229_20260827.tar.gz,case_6
1297,case_1297,bug_228,branch_jump,conditional_bge_comparator_inversion,riscv_rv32im_instr_test,990001,,p0_branch_balance_228_229_20260827.tar.gz,case_5
1298,case_1298,bug_228,branch_jump,conditional_bge_comparator_inversion,riscv_rand_instr_test,990002,,p0_branch_balance_228_229_20260827.tar.gz,case_4
1299,case_1299,bug_228,branch_jump,conditional_bge_comparator_inversion,riscv_rand_instr_test,990001,,p0_branch_balance_228_229_20260827.tar.gz,case_3
1300,case_1300,bug_228,branch_jump,conditional_bge_comparator_inversion,riscv_machine_mode_rand_test,990002,,p0_branch_balance_228_229_20260827.tar.gz,case_2
1301,case_1301,bug_229,branch_jump,conditional_bgeu_comparator_inversion,riscv_rv32im_instr_test,990012,,p0_branch_balance_228_229_20260827.tar.gz,case_12
1302,case_1302,bug_229,branch_jump,conditional_bgeu_comparator_inversion,riscv_rv32im_instr_test,990011,,p0_branch_balance_228_229_20260827.tar.gz,case_11
1303,case_1303,bug_229,branch_jump,conditional_bgeu_comparator_inversion,riscv_rand_instr_test,990012,,p0_branch_balance_228_229_20260827.tar.gz,case_10
1304,case_1304,bug_228,branch_jump,conditional_bge_comparator_inversion,riscv_machine_mode_rand_test,990001,,p0_branch_balance_228_229_20260827.tar.gz,case_1
1305,case_1305,bug_240,alu,conditional_or_operand_low_nibble,riscv_rv32im_instr_test,993011,,p0_alu_balance_239_240_20260828.tar.gz,case_9
1306,case_1306,bug_240,alu,conditional_or_operand_low_nibble,riscv_rand_instr_test,993012,,p0_alu_balance_239_240_20260828.tar.gz,case_8
1307,case_1307,bug_240,alu,conditional_or_operand_low_nibble,riscv_rand_instr_test,993011,,p0_alu_balance_239_240_20260828.tar.gz,case_7
1308,case_1308,bug_240,alu,conditional_or_operand_low_nibble,riscv_machine_mode_rand_test,993012,,p0_alu_balance_239_240_20260828.tar.gz,case_6
1309,case_1309,bug_240,alu,conditional_or_operand_low_nibble,riscv_machine_mode_rand_test,993011,,p0_alu_balance_239_240_20260828.tar.gz,case_5
1310,case_1310,bug_239,alu,conditional_xor_operand_low_nibble,riscv_rv32im_instr_test,993002,,p0_alu_balance_239_240_20260828.tar.gz,case_4
1311,case_1311,bug_239,alu,conditional_xor_operand_low_nibble,riscv_rv32im_instr_test,993001,,p0_alu_balance_239_240_20260828.tar.gz,case_3
1312,case_1312,bug_239,alu,conditional_xor_operand_low_nibble,riscv_rand_instr_test,993001,,p0_alu_balance_239_240_20260828.tar.gz,case_2
1313,case_1313,bug_240,alu,conditional_or_operand_low_nibble,riscv_rv32im_instr_test,993012,,p0_alu_balance_239_240_20260828.tar.gz,case_10
1314,case_1314,bug_239,alu,conditional_xor_operand_low_nibble,riscv_machine_mode_rand_test,993001,,p0_alu_balance_239_240_20260828.tar.gz,case_1
1315,case_1315,bug_241,decode_alu,conditional_xori_or_decode_low_bits,riscv_rand_instr_test,994003,,p0_alu_decode_balance_239_241_20260828.tar.gz,case_9
1316,case_1316,bug_241,decode_alu,conditional_xori_or_decode_low_bits,riscv_machine_mode_rand_test,994006,,p0_alu_decode_balance_239_241_20260828.tar.gz,case_8
1317,case_1317,bug_241,decode_alu,conditional_xori_or_decode_low_bits,riscv_machine_mode_rand_test,994003,,p0_alu_decode_balance_239_241_20260828.tar.gz,case_7
1318,case_1318,bug_241,decode_alu,conditional_xori_or_decode_low_bits,riscv_rv32im_instr_test,994002,,p0_alu_decode_balance_239_241_20260828.tar.gz,case_6
1319,case_1319,bug_241,decode_alu,conditional_xori_or_decode_low_bits,riscv_rv32im_instr_test,994001,,p0_alu_decode_balance_239_241_20260828.tar.gz,case_5
1320,case_1320,bug_241,decode_alu,conditional_xori_or_decode_low_bits,riscv_rand_instr_test,994006,,p0_alu_decode_balance_239_241_20260828.tar.gz,case_11
1321,case_1321,bug_241,decode_alu,conditional_xori_or_decode_low_bits,riscv_rand_instr_test,994004,,p0_alu_decode_balance_239_241_20260828.tar.gz,case_10
1322,case_1322,bug_243,mdu,conditional_remu_div_operator,riscv_rv32im_instr_test,995011,,p0_mdu_balance_242_243_20260828.tar.gz,case_9
1323,case_1323,bug_243,mdu,conditional_remu_div_operator,riscv_rand_instr_test,995012,,p0_mdu_balance_242_243_20260828.tar.gz,case_8
1324,case_1324,bug_243,mdu,conditional_remu_div_operator,riscv_rand_instr_test,995011,,p0_mdu_balance_242_243_20260828.tar.gz,case_7
1325,case_1325,bug_243,mdu,conditional_remu_div_operator,riscv_machine_mode_rand_test,995012,,p0_mdu_balance_242_243_20260828.tar.gz,case_6
1326,case_1326,bug_243,mdu,conditional_remu_div_operator,riscv_machine_mode_rand_test,995011,,p0_mdu_balance_242_243_20260828.tar.gz,case_5
1327,case_1327,bug_242,mdu,conditional_divu_signed_mode,riscv_rv32im_instr_test,995002,,p0_mdu_balance_242_243_20260828.tar.gz,case_4
1328,case_1328,bug_242,mdu,conditional_divu_signed_mode,riscv_rv32im_instr_test,995001,,p0_mdu_balance_242_243_20260828.tar.gz,case_3
1329,case_1329,bug_242,mdu,conditional_divu_signed_mode,riscv_rand_instr_test,995001,,p0_mdu_balance_242_243_20260828.tar.gz,case_2
1330,case_1330,bug_243,mdu,conditional_remu_div_operator,riscv_rv32im_instr_test,995012,,p0_mdu_balance_242_243_20260828.tar.gz,case_10
1331,case_1331,bug_242,mdu,conditional_divu_signed_mode,riscv_machine_mode_rand_test,995001,,p0_mdu_balance_242_243_20260828.tar.gz,case_1
1332,case_1332,bug_245,branch_jump,conditional_bne_eq_decode,riscv_rand_instr_test,949002,,p0_branch_balance_244_246_20260828.tar.gz,case_9
1333,case_1333,bug_245,branch_jump,conditional_bne_eq_decode,riscv_rand_instr_test,949001,,p0_branch_balance_244_246_20260828.tar.gz,case_8
1334,case_1334,bug_245,branch_jump,conditional_bne_eq_decode,riscv_machine_mode_rand_test,949002,,p0_branch_balance_244_246_20260828.tar.gz,case_7
1335,case_1335,bug_245,branch_jump,conditional_bne_eq_decode,riscv_machine_mode_rand_test,949001,,p0_branch_balance_244_246_20260828.tar.gz,case_6
1336,case_1336,bug_244,branch_jump,conditional_beq_ne_decode,riscv_rv32im_instr_test,948002,,p0_branch_balance_244_246_20260828.tar.gz,case_5
1337,case_1337,bug_244,branch_jump,conditional_beq_ne_decode,riscv_rand_instr_test,948002,,p0_branch_balance_244_246_20260828.tar.gz,case_4
1338,case_1338,bug_244,branch_jump,conditional_beq_ne_decode,riscv_rand_instr_test,948001,,p0_branch_balance_244_246_20260828.tar.gz,case_3
1339,case_1339,bug_244,branch_jump,conditional_beq_ne_decode,riscv_machine_mode_rand_test,948002,,p0_branch_balance_244_246_20260828.tar.gz,case_2
1340,case_1340,bug_246,branch_jump,conditional_blt_bge_decode,riscv_rv32im_instr_test,950002,,p0_branch_balance_244_246_20260828.tar.gz,case_16
1341,case_1341,bug_246,branch_jump,conditional_blt_bge_decode,riscv_rand_instr_test,950002,,p0_branch_balance_244_246_20260828.tar.gz,case_15
1342,case_1342,bug_246,branch_jump,conditional_blt_bge_decode,riscv_rand_instr_test,950001,,p0_branch_balance_244_246_20260828.tar.gz,case_14
1343,case_1343,bug_246,branch_jump,conditional_blt_bge_decode,riscv_machine_mode_rand_test,950002,,p0_branch_balance_244_246_20260828.tar.gz,case_13
1344,case_1344,bug_246,branch_jump,conditional_blt_bge_decode,riscv_machine_mode_rand_test,950001,,p0_branch_balance_244_246_20260828.tar.gz,case_12
1345,case_1345,bug_245,branch_jump,conditional_bne_eq_decode,riscv_rv32im_instr_test,949002,,p0_branch_balance_244_246_20260828.tar.gz,case_11
1346,case_1346,bug_245,branch_jump,conditional_bne_eq_decode,riscv_rv32im_instr_test,949001,,p0_branch_balance_244_246_20260828.tar.gz,case_10
1347,case_1347,bug_244,branch_jump,conditional_beq_ne_decode,riscv_machine_mode_rand_test,948001,,p0_branch_balance_244_246_20260828.tar.gz,case_1
1348,case_1348,bug_311,multiply_divide,rem_zero_result_zero,riscv_rv32im_instr_test,997901,,p0_mdu_balance_310_311_20260828.tar.gz,case_6
1349,case_1349,bug_311,multiply_divide,rem_zero_result_zero,riscv_rand_instr_test,997901,,p0_mdu_balance_310_311_20260828.tar.gz,case_5
1350,case_1350,bug_311,multiply_divide,rem_zero_result_zero,riscv_machine_mode_rand_test,997901,,p0_mdu_balance_310_311_20260828.tar.gz,case_4
1351,case_1351,bug_310,multiply_divide,div_zero_quotient_zero,riscv_rv32im_instr_test,997901,,p0_mdu_balance_310_311_20260828.tar.gz,case_3
1352,case_1352,bug_310,multiply_divide,div_zero_quotient_zero,riscv_rand_instr_test,997901,,p0_mdu_balance_310_311_20260828.tar.gz,case_2
1353,case_1353,bug_310,multiply_divide,div_zero_quotient_zero,riscv_machine_mode_rand_test,997901,,p0_mdu_balance_310_311_20260828.tar.gz,case_1
1354,case_1354,bug_313,compressed_decode,c_srli_x15_shamt_bit0,riscv_rand_instr_test,998001,,p0_rvc_balance_312_313_20260828.tar.gz,case_4
1355,case_1355,bug_313,compressed_decode,c_srli_x15_shamt_bit0,riscv_machine_mode_rand_test,998001,,p0_rvc_balance_312_313_20260828.tar.gz,case_3
1356,case_1356,bug_312,compressed_decode,c_slli_x10_shamt_bit0,riscv_rand_instr_test,998001,,p0_rvc_balance_312_313_20260828.tar.gz,case_2
1357,case_1357,bug_312,compressed_decode,c_slli_x10_shamt_bit0,riscv_machine_mode_rand_test,998001,,p0_rvc_balance_312_313_20260828.tar.gz,case_1
1358,case_1358,bug_307,load_store,byte_sign_offset2_wrong_sign_bit,riscv_unaligned_load_store_test,997701,,p0_lsu_balance_306_307_20260828.tar.gz,case_4
1359,case_1359,bug_307,load_store,byte_sign_offset2_wrong_sign_bit,riscv_mmu_stress_test,997701,,p0_lsu_balance_306_307_20260828.tar.gz,case_3
1360,case_1360,bug_306,load_store,byte_sign_offset1_wrong_sign_bit,riscv_unaligned_load_store_test,997701,,p0_lsu_balance_306_307_20260828.tar.gz,case_2
1361,case_1361,bug_306,load_store,byte_sign_offset1_wrong_sign_bit,riscv_mmu_stress_test,997701,,p0_lsu_balance_306_307_20260828.tar.gz,case_1
1362,case_1362,bug_318,alu,pc_region_conditional_or_operand,riscv_rv32im_instr_test,994001,,p0_alu_balance_317_318_20260828.tar.gz,case_7
1363,case_1363,bug_318,alu,pc_region_conditional_or_operand,riscv_rand_instr_test,994001,,p0_alu_balance_317_318_20260828.tar.gz,case_6
1364,case_1364,bug_318,alu,pc_region_conditional_or_operand,riscv_machine_mode_rand_test,994001,,p0_alu_balance_317_318_20260828.tar.gz,case_5
1365,case_1365,bug_317,alu,pc_region_conditional_xor_operand,riscv_rv32im_instr_test,994001,,p0_alu_balance_317_318_20260828.tar.gz,case_4
1366,case_1366,bug_317,alu,pc_region_conditional_xor_operand,riscv_rand_instr_test,994003,,p0_alu_balance_317_318_20260828.tar.gz,case_3
1367,case_1367,bug_317,alu,pc_region_conditional_xor_operand,riscv_rand_instr_test,994002,,p0_alu_balance_317_318_20260828.tar.gz,case_2
1368,case_1368,bug_317,alu,pc_region_conditional_xor_operand,riscv_machine_mode_rand_test,994001,,p0_alu_balance_317_318_20260828.tar.gz,case_1
1369,case_1369,bug_316,branch_jump,late_jump_target_bit2_pattern10,riscv_rand_jump_test,998201,,p0_branch_balance_244_316_20260828.tar.gz,case_4
1370,case_1370,bug_316,branch_jump,late_jump_target_bit2_pattern10,riscv_machine_mode_rand_test,998201,,p0_branch_balance_244_316_20260828.tar.gz,case_3
1371,case_1371,bug_244,branch_jump,conditional_beq_ne_decode,riscv_rand_jump_test,998201,,p0_branch_balance_244_316_20260828.tar.gz,case_2
1372,case_1372,bug_244,branch_jump,conditional_beq_ne_decode,riscv_machine_mode_rand_test,998201,,p0_branch_balance_244_316_20260828.tar.gz,case_1
1373,case_1373,bug_254,interrupt,interrupt_mcause_bit,riscv_single_interrupt_test,957007,,p0_interrupt_balance_253_254_20260828.tar.gz,case_4
1374,case_1374,bug_254,interrupt,interrupt_mcause_bit,riscv_multiple_interrupt_test,957007,,p0_interrupt_balance_253_254_20260828.tar.gz,case_3
1375,case_1375,bug_253,interrupt,interrupt_entry_mpie_save,riscv_single_interrupt_test,957007,,p0_interrupt_balance_253_254_20260828.tar.gz,case_2
1376,case_1376,bug_253,interrupt,interrupt_entry_mpie_save,riscv_multiple_interrupt_test,957007,,p0_interrupt_balance_253_254_20260828.tar.gz,case_1
