Time	Cycle	PC	Insn	Decoded instruction	Register and memory contents
           2197	         8	80000080	40001c37	lui	x24,0x40001	 x24=0x40001000
           2497	        23	80000084	106c0c13	addi	x24,x24,262	 x24:0x40001000 x24=0x40001106
           2637	        30	80000088	301c1073	csrrw	x0,misa,x24	 x24:0x40001106  x0=0x00000000
           3017	        49	8000008c	00026997	auipc	x19,0x26	 x19=0x8002608c
           3157	        56	80000090	c5898993	addi	x19,x19,-936	 x19:0x8002608c x19=0x80025ce4
           3337	        65	80000094	00002c17	auipc	x24,0x2	 x24=0x80002094
           3757	        86	80000098	56cc0c13	addi	x24,x24,1388	 x24:0x80002094 x24=0x80002600
           3877	        92	8000009c	001c6c13	ori	x24,x24,1	 x24:0x80002600 x24=0x80002601
           3897	        93	800000a0	305c1073	csrrw	x0,mtvec,x24	 x24:0x80002601  x0=0x00000000
           4237	       110	800000a4	74725073	csrrwi	x0,0x747,4	  x0=0x00000000
           4337	       115	800000a8	00003d97	auipc	x27,0x3	 x27=0x800030a8
           4517	       124	800000ac	304d8d93	addi	x27,x27,772	 x27:0x800030a8 x27=0x800033ac
           4677	       132	800000b0	4c01	c.li	x24,0	 x24=0x00000000
           4697	       133	800000b2	9de2	c.add	x27,x24	 x27:0x800033ac x24:0x00000000 x27=0x800033ac
           4877	       142	800000b4	002ddd93	srli	x27,x27,0x2	 x27:0x800033ac x27=0x20000ceb
           5017	       149	800000b8	3b0d9073	csrrw	x0,pmpaddr0,x27	 x27:0x20000ceb  x0=0x00000000
           5077	       152	800000bc	00003d97	auipc	x27,0x3	 x27=0x800030bc
           5097	       153	800000c0	2f0d8d93	addi	x27,x27,752	 x27:0x800030bc x27=0x800033ac
           5117	       154	800000c4	11111c37	lui	x24,0x11111	 x24=0x11111000
           5237	       160	800000c8	111c0c13	addi	x24,x24,273	 x24:0x11111000 x24=0x11111111
           5377	       167	800000cc	9de2	c.add	x27,x24	 x27:0x800033ac x24:0x11111111 x27=0x911144bd
           5397	       168	800000ce	002ddd93	srli	x27,x27,0x2	 x27:0x911144bd x27=0x2444512f
           5657	       181	800000d2	3b1d9073	csrrw	x0,pmpaddr1,x27	 x27:0x2444512f  x0=0x00000000
           6077	       202	800000d6	00003d97	auipc	x27,0x3	 x27=0x800030d6
           6097	       203	800000da	2d6d8d93	addi	x27,x27,726	 x27:0x800030d6 x27=0x800033ac
           6117	       204	800000de	22222c37	lui	x24,0x22222	 x24=0x22222000
           6137	       205	800000e2	222c0c13	addi	x24,x24,546	 x24:0x22222000 x24=0x22222222
           6157	       206	800000e6	9de2	c.add	x27,x24	 x27:0x800033ac x24:0x22222222 x27=0xa22255ce
           6317	       214	800000e8	002ddd93	srli	x27,x27,0x2	 x27:0xa22255ce x27=0x28889573
           6397	       218	800000ec	3b2d9073	csrrw	x0,pmpaddr2,x27	 x27:0x28889573  x0=0x00000000
           6577	       227	800000f0	00003d97	auipc	x27,0x3	 x27=0x800030f0
           6597	       228	800000f4	2bcd8d93	addi	x27,x27,700	 x27:0x800030f0 x27=0x800033ac
           6617	       229	800000f8	33333c37	lui	x24,0x33333	 x24=0x33333000
           6717	       234	800000fc	333c0c13	addi	x24,x24,819	 x24:0x33333000 x24=0x33333333
           6857	       241	80000100	9de2	c.add	x27,x24	 x27:0x800033ac x24:0x33333333 x27=0xb33366df
           6877	       242	80000102	002ddd93	srli	x27,x27,0x2	 x27:0xb33366df x27=0x2cccd9b7
           7297	       263	80000106	3b3d9073	csrrw	x0,pmpaddr3,x27	 x27:0x2cccd9b7  x0=0x00000000
           7357	       266	8000010a	0f0f1db7	lui	x27,0xf0f1	 x27=0x0f0f1000
           7377	       267	8000010e	f0fd8d93	addi	x27,x27,-241	 x27:0x0f0f1000 x27=0x0f0f0f0f
           7397	       268	80000112	3a0d9073	csrrw	x0,pmpcfg0,x27	 x27:0x0f0f0f0f  x0=0x00000000
           7457	       271	80000116	00003d97	auipc	x27,0x3	 x27=0x80003116
           7577	       277	8000011a	296d8d93	addi	x27,x27,662	 x27:0x80003116 x27=0x800033ac
           7797	       288	8000011e	44444c37	lui	x24,0x44444	 x24=0x44444000
           7817	       289	80000122	444c0c13	addi	x24,x24,1092	 x24:0x44444000 x24=0x44444444
           7837	       290	80000126	9de2	c.add	x27,x24	 x27:0x800033ac x24:0x44444444 x27=0xc44477f0
           7857	       291	80000128	002ddd93	srli	x27,x27,0x2	 x27:0xc44477f0 x27=0x31111dfc
           7877	       292	8000012c	3b4d9073	csrrw	x0,pmpaddr4,x27	 x27:0x31111dfc  x0=0x00000000
           7937	       295	80000130	00003d97	auipc	x27,0x3	 x27=0x80003130
           7977	       297	80000134	27cd8d93	addi	x27,x27,636	 x27:0x80003130 x27=0x800033ac
           7997	       298	80000138	55555c37	lui	x24,0x55555	 x24=0x55555000
           8157	       306	8000013c	555c0c13	addi	x24,x24,1365	 x24:0x55555000 x24=0x55555555
           8217	       309	80000140	9de2	c.add	x27,x24	 x27:0x800033ac x24:0x55555555 x27=0xd5558901
           8397	       318	80000142	002ddd93	srli	x27,x27,0x2	 x27:0xd5558901 x27=0x35556240
           8417	       319	80000146	3b5d9073	csrrw	x0,pmpaddr5,x27	 x27:0x35556240  x0=0x00000000
           8477	       322	8000014a	00003d97	auipc	x27,0x3	 x27=0x8000314a
           8497	       323	8000014e	262d8d93	addi	x27,x27,610	 x27:0x8000314a x27=0x800033ac
           8837	       340	80000152	66666c37	lui	x24,0x66666	 x24=0x66666000
           8857	       341	80000156	666c0c13	addi	x24,x24,1638	 x24:0x66666000 x24=0x66666666
           8877	       342	8000015a	9de2	c.add	x27,x24	 x27:0x800033ac x24:0x66666666 x27=0xe6669a12
           9037	       350	8000015c	002ddd93	srli	x27,x27,0x2	 x27:0xe6669a12 x27=0x3999a684
           9057	       351	80000160	3b6d9073	csrrw	x0,pmpaddr6,x27	 x27:0x3999a684  x0=0x00000000
           9117	       354	80000164	00003d97	auipc	x27,0x3	 x27=0x80003164
           9137	       355	80000168	248d8d93	addi	x27,x27,584	 x27:0x80003164 x27=0x800033ac
           9177	       357	8000016c	77777c37	lui	x24,0x77777	 x24=0x77777000
           9197	       358	80000170	777c0c13	addi	x24,x24,1911	 x24:0x77777000 x24=0x77777777
           9617	       379	80000174	9de2	c.add	x27,x24	 x27:0x800033ac x24:0x77777777 x27=0xf777ab23
           9637	       380	80000176	002ddd93	srli	x27,x27,0x2	 x27:0xf777ab23 x27=0x3dddeac8
           9657	       381	8000017a	3b7d9073	csrrw	x0,pmpaddr7,x27	 x27:0x3dddeac8  x0=0x00000000
           9717	       384	8000017e	0f0f1db7	lui	x27,0xf0f1	 x27=0x0f0f1000
          10077	       402	80000182	f0fd8d93	addi	x27,x27,-241	 x27:0x0f0f1000 x27=0x0f0f0f0f
          10097	       403	80000186	3a1d9073	csrrw	x0,pmpcfg1,x27	 x27:0x0f0f0f0f  x0=0x00000000
          10177	       407	8000018a	00003d97	auipc	x27,0x3	 x27=0x8000318a
          10517	       424	8000018e	222d8d93	addi	x27,x27,546	 x27:0x8000318a x27=0x800033ac
          10637	       430	80000192	88889c37	lui	x24,0x88889	 x24=0x88889000
          10657	       431	80000196	888c0c13	addi	x24,x24,-1912	 x24:0x88889000 x24=0x88888888
          10677	       432	8000019a	9de2	c.add	x27,x24	 x27:0x800033ac x24:0x88888888 x27=0x0888bc34
          10837	       440	8000019c	002ddd93	srli	x27,x27,0x2	 x27:0x0888bc34 x27=0x02222f0d
          10857	       441	800001a0	3b8d9073	csrrw	x0,pmpaddr8,x27	 x27:0x02222f0d  x0=0x00000000
          10917	       444	800001a4	00003d97	auipc	x27,0x3	 x27=0x800031a4
          10937	       445	800001a8	208d8d93	addi	x27,x27,520	 x27:0x800031a4 x27=0x800033ac
          10957	       446	800001ac	9999ac37	lui	x24,0x9999a	 x24=0x9999a000
          10977	       447	800001b0	999c0c13	addi	x24,x24,-1639	 x24:0x9999a000 x24=0x99999999
          10997	       448	800001b4	9de2	c.add	x27,x24	 x27:0x800033ac x24:0x99999999 x27=0x1999cd45
          11017	       449	800001b6	002ddd93	srli	x27,x27,0x2	 x27:0x1999cd45 x27=0x06667351
          11037	       450	800001ba	3b9d9073	csrrw	x0,pmpaddr9,x27	 x27:0x06667351  x0=0x00000000
          11097	       453	800001be	00003d97	auipc	x27,0x3	 x27=0x800031be
          11117	       454	800001c2	1eed8d93	addi	x27,x27,494	 x27:0x800031be x27=0x800033ac
          11397	       468	800001c6	aaaabc37	lui	x24,0xaaaab	 x24=0xaaaab000
          11417	       469	800001ca	aaac0c13	addi	x24,x24,-1366	 x24:0xaaaab000 x24=0xaaaaaaaa
          11437	       470	800001ce	9de2	c.add	x27,x24	 x27:0x800033ac x24:0xaaaaaaaa x27=0x2aaade56
          11837	       490	800001d0	002ddd93	srli	x27,x27,0x2	 x27:0x2aaade56 x27=0x0aaab795
          11857	       491	800001d4	3bad9073	csrrw	x0,pmpaddr10,x27	 x27:0x0aaab795  x0=0x00000000
          11917	       494	800001d8	00003d97	auipc	x27,0x3	 x27=0x800031d8
          11937	       495	800001dc	1d4d8d93	addi	x27,x27,468	 x27:0x800031d8 x27=0x800033ac
          11957	       496	800001e0	bbbbcc37	lui	x24,0xbbbbc	 x24=0xbbbbc000
          11977	       497	800001e4	bbbc0c13	addi	x24,x24,-1093	 x24:0xbbbbc000 x24=0xbbbbbbbb
          11997	       498	800001e8	9de2	c.add	x27,x24	 x27:0x800033ac x24:0xbbbbbbbb x27=0x3bbbef67
          12017	       499	800001ea	002ddd93	srli	x27,x27,0x2	 x27:0x3bbbef67 x27=0x0eeefbd9
          12457	       521	800001ee	3bbd9073	csrrw	x0,pmpaddr11,x27	 x27:0x0eeefbd9  x0=0x00000000
          12517	       524	800001f2	0f0f1db7	lui	x27,0xf0f1	 x27=0x0f0f1000
          12537	       525	800001f6	f0fd8d93	addi	x27,x27,-241	 x27:0x0f0f1000 x27=0x0f0f0f0f
          12797	       538	800001fa	3a2d9073	csrrw	x0,pmpcfg2,x27	 x27:0x0f0f0f0f  x0=0x00000000
          12857	       541	800001fe	00003d97	auipc	x27,0x3	 x27=0x800031fe
          13077	       552	80000202	1aed8d93	addi	x27,x27,430	 x27:0x800031fe x27=0x800033ac
          13097	       553	80000206	ccccdc37	lui	x24,0xccccd	 x24=0xccccd000
          13117	       554	8000020a	cccc0c13	addi	x24,x24,-820	 x24:0xccccd000 x24=0xcccccccc
          13137	       555	8000020e	9de2	c.add	x27,x24	 x27:0x800033ac x24:0xcccccccc x27=0x4ccd0078
          13177	       557	80000210	002ddd93	srli	x27,x27,0x2	 x27:0x4ccd0078 x27=0x1333401e
          13197	       558	80000214	3bcd9073	csrrw	x0,pmpaddr12,x27	 x27:0x1333401e  x0=0x00000000
          13397	       568	80000218	00003d97	auipc	x27,0x3	 x27=0x80003218
          13417	       569	8000021c	194d8d93	addi	x27,x27,404	 x27:0x80003218 x27=0x800033ac
          13437	       570	80000220	ddddec37	lui	x24,0xdddde	 x24=0xdddde000
          13457	       571	80000224	dddc0c13	addi	x24,x24,-547	 x24:0xdddde000 x24=0xdddddddd
          13597	       578	80000228	9de2	c.add	x27,x24	 x27:0x800033ac x24:0xdddddddd x27=0x5dde1189
          13617	       579	8000022a	002ddd93	srli	x27,x27,0x2	 x27:0x5dde1189 x27=0x17778462
          13637	       580	8000022e	3bdd9073	csrrw	x0,pmpaddr13,x27	 x27:0x17778462  x0=0x00000000
          13917	       594	80000232	00003d97	auipc	x27,0x3	 x27=0x80003232
          14037	       600	80000236	17ad8d93	addi	x27,x27,378	 x27:0x80003232 x27=0x800033ac
          14057	       601	8000023a	eeeefc37	lui	x24,0xeeeef	 x24=0xeeeef000
          14077	       602	8000023e	eeec0c13	addi	x24,x24,-274	 x24:0xeeeef000 x24=0xeeeeeeee
          14097	       603	80000242	9de2	c.add	x27,x24	 x27:0x800033ac x24:0xeeeeeeee x27=0x6eef229a
          14117	       604	80000244	002ddd93	srli	x27,x27,0x2	 x27:0x6eef229a x27=0x1bbbc8a6
          14137	       605	80000248	3bed9073	csrrw	x0,pmpaddr14,x27	 x27:0x1bbbc8a6  x0=0x00000000
          14237	       610	8000024c	00003d97	auipc	x27,0x3	 x27=0x8000324c
          14277	       612	80000250	160d8d93	addi	x27,x27,352	 x27:0x8000324c x27=0x800033ac
          14337	       615	80000254	fff00c13	addi	x24,x0,-1	  x0:0x00000000 x24=0xffffffff
          14697	       633	80000258	9de2	c.add	x27,x24	 x27:0x800033ac x24:0xffffffff x27=0x800033ab
          14857	       641	8000025a	002ddd93	srli	x27,x27,0x2	 x27:0x800033ab x27=0x20000cea
          14877	       642	8000025e	3bfd9073	csrrw	x0,pmpaddr15,x27	 x27:0x20000cea  x0=0x00000000
          15217	       659	80000262	0f0f1db7	lui	x27,0xf0f1	 x27=0x0f0f1000
          15237	       660	80000266	f0fd8d93	addi	x27,x27,-241	 x27:0x0f0f1000 x27=0x0f0f0f0f
          15517	       674	8000026a	3a3d9073	csrrw	x0,pmpcfg3,x27	 x27:0x0f0f0f0f  x0=0x00000000
          15577	       677	8000026e	00000c17	auipc	x24,0x0	 x24=0x8000026e
          15997	       698	80000272	058c0c13	addi	x24,x24,88	 x24:0x8000026e x24=0x800002c6
          16017	       699	80000276	341c1073	csrrw	x0,mepc,x24	 x24:0x800002c6  x0=0x00000000
          16037	       700	8000027a	7c00d073	csrrwi	x0,0x7c0,1	  x0=0x00000000
          16097	       703	8000027e	6c09	c.lui	x24,0x2	 x24=0x00002000
          16197	       708	80000280	800c0c13	addi	x24,x24,-2048	 x24:0x00002000 x24=0x00001800
          16217	       709	80000284	300c1073	csrrw	x0,mstatus,x24	 x24:0x00001800  x0=0x00000000
          16277	       712	80000288	4c01	c.li	x24,0	 x24=0x00000000
          16397	       718	8000028a	304c1073	csrrw	x0,mie,x24	 x24:0x00000000  x0=0x00000000
          16457	       721	8000028e	90000f37	lui	x30,0x90000	 x30=0x90000000
          16477	       722	80000292	1f71	c.addi	x30,-4	 x30:0x90000000 x30=0x8ffffffc
          16497	       723	80000294	30000c13	addi	x24,x0,768	  x0:0x00000000 x24=0x00000300
          16517	       724	80000298	0c22	c.slli	x24,0x8	 x24:0x00000300 x24=0x00030000
          16537	       725	8000029a	0c0d	c.addi	x24,3	 x24:0x00030000 x24=0x00030003
          16697	       733	8000029c	018f2023	sw	x24,0(x30)	 x30:0x8ffffffc x24:0x00030003 PA:0x8ffffffc store:0x00030003
          16717	       734	800002a0	30002c73	csrrs	x24,mstatus,x0	  x0:0x00000000 x24=0x00001800
          16777	       737	800002a4	018f2023	sw	x24,0(x30)	 x30:0x8ffffffc x24:0x00001800 PA:0x8ffffffc store:0x00001800
          16797	       738	800002a8	90000f37	lui	x30,0x90000	 x30=0x90000000
          16857	       741	800002ac	1f71	c.addi	x30,-4	 x30:0x90000000 x30=0x8ffffffc
          16877	       742	800002ae	30400c13	addi	x24,x0,772	  x0:0x00000000 x24=0x00000304
          16897	       743	800002b2	0c22	c.slli	x24,0x8	 x24:0x00000304 x24=0x00030400
          17037	       750	800002b4	0c0d	c.addi	x24,3	 x24:0x00030400 x24=0x00030403
          17097	       753	800002b6	018f2023	sw	x24,0(x30)	 x30:0x8ffffffc x24:0x00030403 PA:0x8ffffffc store:0x00030403
          17477	       772	800002ba	30402c73	csrrs	x24,mie,x0	  x0:0x00000000 x24=0x00000000
          17537	       775	800002be	018f2023	sw	x24,0(x30)	 x30:0x8ffffffc x24:0x00000000 PA:0x8ffffffc store:0x00000000
          17697	       783	800002c2	30200073	mret	
          18717	       834	800002c6	80000037	lui	x0,0x80000	  x0=0x00000000
          18737	       835	800002ca	0001	c.addi	x0,0	  x0:0x00000000  x0=0x00000000
          18917	       844	800002cc	c21910b7	lui	x1,0xc2191	  x1=0xc2191000
          18937	       845	800002d0	97408093	addi	x1,x1,-1676	  x1:0xc2191000  x1=0xc2190974
          19357	       866	800002d4	f2abf137	lui	x2,0xf2abf	  x2=0xf2abf000
          19377	       867	800002d8	45a10113	addi	x2,x2,1114	  x2:0xf2abf000  x2=0xf2abf45a
          19397	       868	800002dc	ffb091b7	lui	x3,0xffb09	  x3=0xffb09000
          19477	       872	800002e0	76718193	addi	x3,x3,1895	  x3:0xffb09000  x3=0xffb09767
          19897	       893	800002e4	4201	c.li	x4,0	  x4=0x00000000
          19917	       894	800002e6	4281	c.li	x5,0	  x5=0x00000000
          20097	       903	800002e8	f16bd337	lui	x6,0xf16bd	  x6=0xf16bd000
          20117	       904	800002ec	f6930313	addi	x6,x6,-151	  x6:0xf16bd000  x6=0xf16bcf69
          20517	       924	800002f0	3fd1a3b7	lui	x7,0x3fd1a	  x7=0x3fd1a000
          20537	       925	800002f4	f8638393	addi	x7,x7,-122	  x7:0x3fd1a000  x7=0x3fd19f86
          20557	       926	800002f8	f1fb6437	lui	x8,0xf1fb6	  x8=0xf1fb6000
          20597	       928	800002fc	e6f40413	addi	x8,x8,-401	  x8:0xf1fb6000  x8=0xf1fb5e6f
          20617	       929	80000300	4481	c.li	x9,0	  x9=0x00000000
          20637	       930	80000302	80000537	lui	x10,0x80000	 x10=0x80000000
          20657	       931	80000306	4581	c.li	x11,0	 x11=0x00000000
          20837	       940	80000308	4639	c.li	x12,14	 x12=0x0000000e
          20857	       941	8000030a	f6084737	lui	x14,0xf6084	 x14=0xf6084000
          21277	       962	8000030e	a2670713	addi	x14,x14,-1498	 x14:0xf6084000 x14=0xf6083a26
          21297	       963	80000312	47a9	c.li	x15,10	 x15=0x0000000a
          21317	       964	80000314	4835	c.li	x16,13	 x16=0x0000000d
          21337	       965	80000316	0bbac8b7	lui	x17,0xbbac	 x17=0x0bbac000
          21737	       985	8000031a	99388893	addi	x17,x17,-1645	 x17:0x0bbac000 x17=0x0bbab993
          21757	       986	8000031e	491d	c.li	x18,7	 x18=0x00000007
          21777	       987	80000320	4a2d	c.li	x20,11	 x20=0x0000000b
          21797	       988	80000322	f89bdab7	lui	x21,0xf89bd	 x21=0xf89bd000
          22197	      1008	80000326	8dfa8a93	addi	x21,x21,-1825	 x21:0xf89bd000 x21=0xf89bc8df
          22397	      1018	8000032a	e7c6ab37	lui	x22,0xe7c6a	 x22=0xe7c6a000
          22417	      1019	8000032e	849b0b13	addi	x22,x22,-1975	 x22:0xe7c6a000 x22=0xe7c69849
          22437	      1020	80000332	4b89	c.li	x23,2	 x23=0x00000002
          22477	      1022	80000334	f4b30c37	lui	x24,0xf4b30	 x24=0xf4b30000
          22757	      1036	80000338	77fc0c13	addi	x24,x24,1919	 x24:0xf4b30000 x24=0xf4b3077f
          22777	      1037	8000033c	4c81	c.li	x25,0	 x25=0x00000000
          22957	      1046	8000033e	80000d37	lui	x26,0x80000	 x26=0x80000000
          23137	      1055	80000342	a169edb7	lui	x27,0xa169e	 x27=0xa169e000
          23377	      1067	80000346	172d8d93	addi	x27,x27,370	 x27:0xa169e000 x27=0xa169e172
          23457	      1071	8000034a	80000e37	lui	x28,0x80000	 x28=0x80000000
          23817	      1089	8000034e	f54a3eb7	lui	x29,0xf54a3	 x29=0xf54a3000
          23977	      1097	80000352	60ce8e93	addi	x29,x29,1548	 x29:0xf54a3000 x29=0xf54a360c
          23997	      1098	80000356	80000f37	lui	x30,0x80000	 x30=0x80000000
          24017	      1099	8000035a	4f99	c.li	x31,6	 x31=0x00000006
          24257	      1111	8000035c	00022697	auipc	x13,0x22	 x13=0x8002235c
          24677	      1132	80000360	b0868693	addi	x13,x13,-1272	 x13:0x8002235c x13=0x80021e64
          25097	      1153	80000364	90000f37	lui	x30,0x90000	 x30=0x90000000
          25117	      1154	80000368	1f71	c.addi	x30,-4	 x30:0x90000000 x30=0x8ffffffc
          25137	      1155	8000036a	4c01	c.li	x24,0	 x24=0x00000000
          25157	      1156	8000036c	0c22	c.slli	x24,0x8	 x24:0x00000000 x24=0x00000000
          25177	      1157	8000036e	000c0c13	addi	x24,x24,0	 x24:0x00000000 x24=0x00000000
          25237	      1160	80000372	018f2023	sw	x24,0(x30)	 x30:0x8ffffffc x24:0x00000000 PA:0x8ffffffc store:0x00000000
          25257	      1161	80000376	0360306f	jal	x0,800033ac	  x0=0x00000000
          26077	      1202	800033ac	2f473497	auipc	x9,0x2f473	  x9=0xaf4763ac
          26117	      1204	800033b0	340a5173	csrrwi	x2,mscratch,20	  x2=0x00000000
          26137	      1205	800033b4	00000097	auipc	x1,0x0	  x1=0x800033b4
          26277	      1212	800033b8	32e08093	addi	x1,x1,814	  x1:0x800033b4  x1=0x800036e2
          26297	      1213	800033bc	00affe33	and	x28,x31,x10	 x31:0x00000006 x10:0x80000000 x28=0x00000000
          26357	      1216	800033c0	38508093	addi	x1,x1,901	  x1:0x800036e2  x1=0x80003a67
          26637	      1230	800033c4	0165dc93	srli	x25,x11,0x16	 x11:0x00000000 x25=0x00000000
          27777	      1287	800033c8	02dc52b3	divu	x5,x24,x13	 x24:0x00000000 x13:0x80021e64  x5=0x00000000
          27797	      1288	800033cc	6af70a13	addi	x20,x14,1711	 x14:0xf6083a26 x20=0xf60840d5
          27817	      1289	800033d0	0ff0000f	fence	iorw,iorw	
          27837	      1290	800033d4	01a10bb3	add	x23,x2,x26	  x2:0x00000000 x26:0x80000000 x23=0x80000000
          27857	      1291	800033d8	01e8f633	and	x12,x17,x30	 x17:0x0bbab993 x30:0x8ffffffc x12=0x0bbab990
          27877	      1292	800033dc	c7c080e7	jalr	x1,-900(x1)	  x1:0x80003a67  x1=0x800033e0
          28737	      1335	800036e2	8761	c.srai	x14,0x18	 x14:0xf6083a26 x14=0xfffffff6
          28857	      1341	800036e4	e109	c.bnez	x10,800036e6	 x10:0x80000000
          29357	      1366	800036e6	1681	c.addi	x13,-32	 x13:0x80021e64 x13=0x80021e44
          29957	      1396	800036e8	8c8d	c.sub	x9,x11	  x9:0xaf4763ac x11:0x00000000  x9=0xaf4763ac
          30137	      1405	800036ea	0016a223	sw	x1,4(x13)	 x13:0x80021e44  x1:0x800033e0 PA:0x80021e48 store:0x800033e0
          30157	      1406	800036ee	a934fb13	andi	x22,x9,-1389	  x9:0xaf4763ac x22=0xaf476280
          30517	      1424	800036f2	001ddb93	srli	x23,x27,0x1	 x27:0xa169e172 x23=0x50b4f0b9
          30837	      1440	800036f6	01df04b3	add	x9,x30,x29	 x30:0x8ffffffc x29:0xf54a360c  x9=0x854a3608
          31137	      1455	800036fa	00c2ea63	bltu	x5,x12,8000370e	  x5:0x00000000 x12:0x0bbab990
          43137	      2055	8000370e	0000100f	fence.i	
          43437	      2070	80003712	030af963	bgeu	x21,x16,80003744	 x21:0xf89bc8df x16:0x0000000d
          43957	      2096	80003744	024e95b3	mulh	x11,x29,x4	 x29:0xf54a360c  x4:0x00000000 x11=0x00000000
          44117	      2104	80003748	0000100f	fence.i	
          44597	      2128	8000374c	65c9	c.lui	x11,0x12	 x11=0x00012000
          44837	      2140	8000374e	01bee363	bltu	x29,x27,80003754	 x29:0xf54a360c x27:0xa169e172
          44857	      2141	80003752	8dd9	c.or	x11,x14	 x11:0x00012000 x14:0xfffffff6 x11=0xfffffff6
          44877	      2142	80003754	0176	c.slli	x2,0x1d	  x2:0x00000000  x2=0x00000000
          44897	      2143	80003756	003ed2b3	srl	x5,x29,x3	 x29:0xf54a360c  x3:0xffb09767  x5=0x01ea946c
          44917	      2144	8000375a	8d15	c.sub	x10,x13	 x10:0x80000000 x13:0x80021e44 x10=0xfffde1bc
          44937	      2145	8000375c	017a8b63	beq	x21,x23,80003772	 x21:0xf89bc8df x23:0x50b4f0b9
          44957	      2146	80003760	8fe9	c.and	x15,x10	 x15:0x0000000a x10:0xfffde1bc x15=0x00000008
          44977	      2147	80003762	0001	c.addi	x0,0	  x0:0x00000000  x0=0x00000000
          44997	      2148	80003764	8c11	c.sub	x8,x12	  x8:0xf1fb5e6f x12:0x0bbab990  x8=0xe640a4df
          45157	      2156	80003766	340064f3	csrrsi	x9,mscratch,0	  x9=0x00000014
          45497	      2173	8000376a	340027f3	csrrs	x15,mscratch,x0	  x0:0x00000000 x15=0x00000014
          45517	      2174	8000376e	02360463	beq	x12,x3,80003796	 x12:0x0bbab990  x3:0xffb09767
          45537	      2175	80003772	0001	c.addi	x0,0	  x0:0x00000000  x0=0x00000000
          45557	      2176	80003774	01cc0633	add	x12,x24,x28	 x24:0x00000000 x28:0x00000000 x12=0x00000000
          45957	      2196	80003778	0001	c.addi	x0,0	  x0:0x00000000  x0=0x00000000
          45977	      2197	8000377a	8cd1	c.or	x9,x12	  x9:0x00000014 x12:0x00000000  x9=0x00000014
          46137	      2205	8000377c	0001	c.addi	x0,0	  x0:0x00000000  x0=0x00000000
          46557	      2226	8000377e	cecb7b13	andi	x22,x22,-788	 x22:0xaf476280 x22=0xaf476080
          46577	      2227	80003782	03f34a63	blt	x6,x31,800037b6	  x6:0xf16bcf69 x31:0x00000006
          47677	      2282	800037b6	340033f3	csrrc	x7,mscratch,x0	  x0:0x00000000  x7=0x00000014
          47777	      2287	800037ba	03001233	mulh	x4,x0,x16	  x0:0x00000000 x16:0x0000000d  x4=0x00000000
          47797	      2288	800037be	0021ebb3	or	x23,x3,x2	  x3:0xffb09767  x2:0x00000000 x23=0xffb09767
          47937	      2295	800037c2	00aa10b3	sll	x1,x20,x10	 x20:0xf60840d5 x10:0xfffde1bc  x1=0x50000000
          47957	      2296	800037c6	0001	c.addi	x0,0	  x0:0x00000000  x0=0x00000000
          48357	      2316	800037c8	dfa8f813	andi	x16,x17,-518	 x17:0x0bbab993 x16=0x0bbab992
          48617	      2329	800037cc	0e16	c.slli	x28,0x5	 x28:0x00000000 x28=0x00000000
          48817	      2339	800037ce	340aa8f3	csrrs	x17,mscratch,x21	 x21:0xf89bc8df x17=0x00000014
          48837	      2340	800037d2	340f64f3	csrrsi	x9,mscratch,30	  x9=0xf89bc8df
          48857	      2341	800037d6	404a55b3	sra	x11,x20,x4	 x20:0xf60840d5  x4:0x00000000 x11=0xf60840d5
          48877	      2342	800037da	618d	c.lui	x3,0x3	  x3=0x00003000
          48897	      2343	800037dc	0001	c.addi	x0,0	  x0:0x00000000  x0=0x00000000
          49017	      2349	800037de	00363c33	sltu	x24,x12,x3	 x12:0x00000000  x3:0x00003000 x24=0x00000001
          49037	      2350	800037e2	8e6d	c.and	x12,x11	 x12:0x00000000 x11:0xf60840d5 x12=0x00000000
          49057	      2351	800037e4	34007873	csrrci	x16,mscratch,0	 x16=0xf89bc8df
          49097	      2353	800037e8	3405fef3	csrrci	x29,mscratch,11	 x29=0xf89bc8df
          49237	      2360	800037ec	8f05	c.sub	x14,x9	 x14:0xfffffff6  x9:0xf89bc8df x14=0x07643717
          49277	      2362	800037ee	d2df8193	addi	x3,x31,-723	 x31:0x00000006  x3=0xfffffd33
          49297	      2363	800037f2	00ade933	or	x18,x27,x10	 x27:0xa169e172 x10:0xfffde1bc x18=0xfffde1fe
          49317	      2364	800037f6	8e55	c.or	x12,x13	 x12:0x00000000 x13:0x80021e44 x12=0x80021e44
          49337	      2365	800037f8	40d25a33	sra	x20,x4,x13	  x4:0x00000000 x13:0x80021e44 x20=0x00000000
          49357	      2366	800037fc	01882633	slt	x12,x16,x24	 x16:0xf89bc8df x24:0x00000001 x12=0x00000001
          49377	      2367	80003800	3402d8f3	csrrwi	x17,mscratch,5	 x17=0xf89bc8d4
          50117	      2404	80003804	033378b3	remu	x17,x6,x19	  x6:0xf16bcf69 x19:0x80025ce4 x17=0x71697285
          50137	      2405	80003808	01999833	sll	x16,x19,x25	 x19:0x80025ce4 x25:0x00000000 x16=0x80025ce4
          50157	      2406	8000380c	00bf7233	and	x4,x30,x11	 x30:0x8ffffffc x11:0xf60840d5  x4=0x860840d4
          50897	      2443	80003810	033d5b33	divu	x22,x26,x19	 x26:0x80000000 x19:0x80025ce4 x22=0x00000000
          50917	      2444	80003814	340493f3	csrrw	x7,mscratch,x9	  x9:0xf89bc8df  x7=0x00000005
          50937	      2445	80003818	8d6d	c.and	x10,x11	 x10:0xfffde1bc x11:0xf60840d5 x10=0xf6084094
          50957	      2446	8000381a	340c12f3	csrrw	x5,mscratch,x24	 x24:0x00000001  x5=0xf89bc8df
          50977	      2447	8000381e	0396b717	auipc	x14,0x396b	 x14=0x8396e81e
          50997	      2448	80003822	00654863	blt	x10,x6,80003832	 x10:0xf6084094  x6:0xf16bcf69
          51017	      2449	80003826	08f5	c.addi	x17,29	 x17:0x71697285 x17=0x716972a2
          51277	      2462	80003828	008c7233	and	x4,x24,x8	 x24:0x00000001  x8:0xe640a4df  x4=0x00000001
          51297	      2463	8000382c	01de3333	sltu	x6,x28,x29	 x28:0x00000000 x29:0xf89bc8df  x6=0x00000001
          51657	      2481	80003830	85a5	c.srai	x11,0x9	 x11:0xf60840d5 x11=0xfffb0420
          51677	      2482	80003832	4b7d	c.li	x22,31	 x22=0x0000001f
          51697	      2483	80003834	3406b3f3	csrrc	x7,mscratch,x13	 x13:0x80021e44  x7=0x00000001
          51717	      2484	80003838	006f6533	or	x10,x30,x6	 x30:0x8ffffffc  x6:0x00000001 x10=0x8ffffffd
          51737	      2485	8000383c	006a1c13	slli	x24,x20,0x6	 x20:0x00000000 x24=0x00000000
          51757	      2486	80003840	a0b6e493	ori	x9,x13,-1525	 x13:0x80021e44  x9=0xfffffe4f
          51777	      2487	80003844	340afaf3	csrrci	x21,mscratch,21	 x21=0x00000001
          51957	      2496	80003848	da3b4c93	xori	x25,x22,-605	 x22:0x0000001f x25=0xfffffdbc
          52377	      2517	8000384c	00c10433	add	x8,x2,x12	  x2:0x00000000 x12:0x00000001  x8=0x00000001
          52717	      2534	80003850	037f9533	mulh	x10,x31,x23	 x31:0x00000006 x23:0xffb09767 x10=0xffffffff
          52837	      2540	80003854	0191	c.addi	x3,4	  x3:0xfffffd33  x3=0xfffffd37
          53977	      2597	80003856	02c7c3b3	div	x7,x15,x12	 x15:0x00000014 x12:0x00000001  x7=0x00000014
          54717	      2634	8000385a	03acdbb3	divu	x23,x25,x26	 x25:0xfffffdbc x26:0x80000000 x23=0x00000001
          54737	      2635	8000385e	406a5133	sra	x2,x20,x6	 x20:0x00000000  x6:0x00000001  x2=0x00000000
          54777	      2637	80003862	024fa4b3	mulhsu	x9,x31,x4	 x31:0x00000006  x4:0x00000001  x9=0x00000000
          54797	      2638	80003866	027d0533	mul	x10,x26,x7	 x26:0x80000000  x7:0x00000014 x10=0x00000000
          54837	      2640	8000386a	03432bb3	mulhsu	x23,x6,x20	  x6:0x00000001 x20:0x00000000 x23=0x00000000
          54857	      2641	8000386e	b9cb3513	sltiu	x10,x22,-1124	 x22:0x0000001f x10=0x00000001
          54877	      2642	80003872	340f9673	csrrw	x12,mscratch,x31	 x31:0x00000006 x12=0x00000000
          54937	      2645	80003876	0000100f	fence.i	
          55877	      2692	8000387a	01154eb3	xor	x29,x10,x17	 x10:0x00000001 x17:0x716972a2 x29=0x716972a3
          55997	      2698	8000387e	02171063	bne	x14,x1,8000389e	 x14:0x8396e81e  x1:0x50000000
          56157	      2706	8000389e	18fd	c.addi	x17,-1	 x17:0x716972a2 x17=0x716972a1
          56177	      2707	800038a0	01a31413	slli	x8,x6,0x1a	  x6:0x00000001  x8=0x04000000
          56437	      2720	800038a4	01271e13	slli	x28,x14,0x12	 x14:0x8396e81e x28=0xa0780000
          56457	      2721	800038a8	0001	c.addi	x0,0	  x0:0x00000000  x0=0x00000000
          56477	      2722	800038aa	008bf7b3	and	x15,x23,x8	 x23:0x00000000  x8:0x04000000 x15=0x00000000
          56497	      2723	800038ae	0001	c.addi	x0,0	  x0:0x00000000  x0=0x00000000
          56897	      2743	800038b0	6139	c.addi16sp	x2,448	  x2:0x00000000  x2=0x000001c0
          56917	      2744	800038b2	0174d393	srli	x7,x9,0x17	  x9:0x00000000  x7=0x00000000
          57217	      2759	800038b6	8537ba93	sltiu	x21,x15,-1965	 x15:0x00000000 x21=0x00000001
          57237	      2760	800038ba	3403b573	csrrc	x10,mscratch,x7	  x7:0x00000000 x10=0x00000006
          57257	      2761	800038be	0114bbb3	sltu	x23,x9,x17	  x9:0x00000000 x17:0x716972a1 x23=0x00000001
          57277	      2762	800038c2	a49ffa13	andi	x20,x31,-1463	 x31:0x00000006 x20=0x00000000
          57297	      2763	800038c6	1f00	c.addi4spn	x8,x2,944	  x8=0x00000570
          57317	      2764	800038c8	03888bb3	mul	x23,x17,x24	 x17:0x716972a1 x24:0x00000000 x23=0x00000000
          57337	      2765	800038cc	717d	c.addi16sp	x2,-16	  x2:0x000001c0  x2=0x000001b0
          57357	      2766	800038ce	039a80b3	mul	x1,x21,x25	 x21:0x00000001 x25:0xfffffdbc  x1=0xfffffdbc
          57377	      2767	800038d2	0001	c.addi	x0,0	  x0:0x00000000  x0=0x00000000
          57397	      2768	800038d4	19375d37	lui	x26,0x19375	 x26=0x19375000
          57517	      2774	800038d8	4107d813	srai	x16,x15,0x10	 x15:0x00000000 x16=0x00000000
          57537	      2775	800038dc	020ee163	bltu	x29,x0,800038fe	 x29:0x716972a3  x0:0x00000000
          57697	      2783	800038e0	43edb413	sltiu	x8,x27,1086	 x27:0xa169e172  x8=0x00000000
          57717	      2784	800038e4	01005b93	srli	x23,x0,0x10	  x0:0x00000000 x23=0x00000000
          57877	      2792	800038e8	00bc1593	slli	x11,x24,0xb	 x24:0x00000000 x11=0x00000000
          57977	      2797	800038ec	028c7833	remu	x16,x24,x8	 x24:0x00000000  x8:0x00000000 x16=0x00000000
          58717	      2834	800038f0	035bfeb3	remu	x29,x23,x21	 x23:0x00000000 x21:0x00000001 x29=0x00000000
          58737	      2835	800038f4	0ff0000f	fence	iorw,iorw	
          58757	      2836	800038f8	340ae5f3	csrrsi	x11,mscratch,21	 x11=0x00000006
          58777	      2837	800038fc	0a5e	c.slli	x20,0x17	 x20:0x00000000 x20=0x00000000
          58797	      2838	800038fe	01b7a8b3	slt	x17,x15,x27	 x15:0x00000000 x27:0xa169e172 x17=0x00000000
          59537	      2875	80003902	02acdbb3	divu	x23,x25,x10	 x25:0xfffffdbc x10:0x00000006 x23=0x2aaaaa4a
          59557	      2876	80003906	02030d33	mul	x26,x6,x0	  x6:0x00000001  x0:0x00000000 x26=0x00000000
          59577	      2877	8000390a	8d55	c.or	x10,x13	 x10:0x00000006 x13:0x80021e44 x10=0x80021e46
          59597	      2878	8000390c	038fda63	bge	x31,x24,80003940	 x31:0x00000006 x24:0x00000000
          60417	      2919	80003940	8d79	c.and	x10,x14	 x10:0x80021e46 x14:0x8396e81e x10=0x80020806
          61157	      2956	80003942	02db4133	div	x2,x22,x13	 x22:0x0000001f x13:0x80021e44  x2=0x00000000
          61177	      2957	80003946	419ed4b3	sra	x9,x29,x25	 x29:0x00000000 x25:0xfffffdbc  x9=0x00000000
          61197	      2958	8000394a	6645	c.lui	x12,0x11	 x12=0x00011000
          61217	      2959	8000394c	41a50cb3	sub	x25,x10,x26	 x10:0x80020806 x26:0x00000000 x25=0x80020806
          61237	      2960	80003950	717d	c.addi16sp	x2,-16	  x2:0x00000000  x2=0xfffffff0
          61257	      2961	80003952	8e150c93	addi	x25,x10,-1823	 x10:0x80020806 x25=0x800200e7
          61297	      2963	80003956	028ce733	rem	x14,x25,x8	 x25:0x800200e7  x8:0x00000000 x14=0x800200e7
          61317	      2964	8000395a	3402d4f3	csrrwi	x9,mscratch,5	  x9=0x00000017
          61517	      2974	8000395e	ad6bb093	sltiu	x1,x23,-1322	 x23:0x2aaaaa4a  x1=0x00000001
          61537	      2975	80003962	0000100f	fence.i	
          62477	      3022	80003966	57218017	auipc	x0,0x57218	  x0=0x00000000
          63217	      3059	8000396a	023ed433	divu	x8,x29,x3	 x29:0x00000000  x3:0xfffffd37  x8=0x00000000
          63237	      3060	8000396e	e582e7b7	lui	x15,0xe582e	 x15=0xe582e000
          63257	      3061	80003972	1f7d	c.addi	x30,-1	 x30:0x8ffffffc x30=0x8ffffffb
          63277	      3062	80003974	39e9c113	xori	x2,x19,926	 x19:0x80025ce4  x2=0x80025f7a
          63297	      3063	80003978	34076673	csrrsi	x12,mscratch,14	 x12=0x00000005
          63337	      3065	8000397c	02e1bfb3	mulhu	x31,x3,x14	  x3:0xfffffd37 x14:0x800200e7 x31=0x8001ff82
          63357	      3066	80003980	8cb1	c.xor	x9,x12	  x9:0x00000017 x12:0x00000005  x9=0x00000012
          63377	      3067	80003982	340517f3	csrrw	x15,mscratch,x10	 x10:0x80020806 x15=0x0000000f
          63397	      3068	80003986	c109	c.beqz	x10,80003988	 x10:0x80020806
          63517	      3074	80003988	03240663	beq	x8,x18,800039b4	  x8:0x00000000 x18:0xfffde1fe
          63657	      3081	8000398c	0001	c.addi	x0,0	  x0:0x00000000  x0=0x00000000
          63677	      3082	8000398e	411d5213	srai	x4,x26,0x11	 x26:0x00000000  x4=0x00000000
          63857	      3091	80003992	02300763	beq	x0,x3,800039c0	  x0:0x00000000  x3:0xfffffd37
          63877	      3092	80003996	007412b3	sll	x5,x8,x7	  x8:0x00000000  x7:0x00000000  x5=0x00000000
          63897	      3093	8000399a	8765	c.srai	x14,0x19	 x14:0x800200e7 x14=0xffffffc0
          63917	      3094	8000399c	03a20a63	beq	x4,x26,800039d0	  x4:0x00000000 x26:0x00000000
          63977	      3097	800039d0	024771b3	remu	x3,x14,x4	 x14:0xffffffc0  x4:0x00000000  x3=0xffffffc0
          64017	      3099	800039d4	ec01	c.bnez	x8,800039ec	  x8:0x00000000
          64037	      3100	800039d6	693e3eb7	lui	x29,0x693e3	 x29=0x693e3000
          64117	      3104	800039da	5b30cc17	auipc	x24,0x5b30c	 x24=0xdb30f9da
          64137	      3105	800039de	340d5073	csrrwi	x0,mscratch,26	  x0=0x00000000
          64557	      3126	800039e2	34003af3	csrrc	x21,mscratch,x0	  x0:0x00000000 x21=0x0000001a
          64817	      3139	800039e6	02b70eb3	mul	x29,x14,x11	 x14:0xffffffc0 x11:0x00000006 x29=0xfffffe80
          64837	      3140	800039ea	051c	c.addi4spn	x15,x2,640	 x15=0x800261fa
          64857	      3141	800039ec	018c	c.addi4spn	x11,x2,192	 x11=0x8002603a
          65257	      3161	800039ee	0ff0000f	fence	iorw,iorw	
          65277	      3162	800039f2	889d	c.andi	x9,7	  x9:0x00000012  x9=0x00000002
          65317	      3164	800039f4	028421b3	mulhsu	x3,x8,x8	  x8:0x00000000  x8:0x00000000  x3=0x00000000
          65417	      3169	800039f8	40b883b3	sub	x7,x17,x11	 x17:0x00000000 x11:0x8002603a  x7=0x7ffd9fc6
          65437	      3170	800039fc	02a06963	bltu	x0,x10,80003a2e	  x0:0x00000000 x10:0x80020806
          66317	      3214	80003a2e	0038a833	slt	x16,x17,x3	 x17:0x00000000  x3:0x00000000 x16=0x00000000
          66337	      3215	80003a32	01b35c63	bge	x6,x27,80003a4a	  x6:0x00000001 x27:0xa169e172
          66837	      3240	80003a4a	8ef30d13	addi	x26,x6,-1809	  x6:0x00000001 x26=0xfffff8f0
          67137	      3255	80003a4e	00a51663	bne	x10,x10,80003a5a	 x10:0x80020806 x10:0x80020806
          67557	      3276	80003a52	02cdc263	blt	x27,x12,80003a76	 x27:0xa169e172 x12:0x00000005
          68437	      3320	80003a76	e395	c.bnez	x15,80003a9a	 x15:0x800261fa
          69557	      3376	80003a9a	88692a13	slti	x20,x18,-1914	 x18:0xfffde1fe x20=0x00000001
          69597	      3378	80003a9e	0284a933	mulhsu	x18,x9,x8	  x9:0x00000002  x8:0x00000000 x18=0x00000000
          69617	      3379	80003aa2	0001	c.addi	x0,0	  x0:0x00000000  x0=0x00000000
          69637	      3380	80003aa4	34003973	csrrc	x18,mscratch,x0	  x0:0x00000000 x18=0x0000001a
          70017	      3399	80003aa8	00a24a33	xor	x20,x4,x10	  x4:0x00000000 x10:0x80020806 x20=0x80020806
          70417	      3419	80003aac	41785e33	sra	x28,x16,x23	 x16:0x00000000 x23:0x2aaaaa4a x28=0x00000000
          70837	      3440	80003ab0	34007c73	csrrci	x24,mscratch,0	 x24=0x0000001a
          71737	      3485	80003ab4	03276633	rem	x12,x14,x18	 x14:0xffffffc0 x18:0x0000001a x12=0xfffffff4
          71757	      3486	80003ab8	a1539b97	auipc	x23,0xa1539	 x23=0x2153cab8
          71777	      3487	80003abc	00ae8433	add	x8,x29,x10	 x29:0xfffffe80 x10:0x80020806  x8=0x80020686
          71797	      3488	80003ac0	1dab7e97	auipc	x29,0x1dab7	 x29=0x9dabaac0
          71817	      3489	80003ac4	00444d33	xor	x26,x8,x4	  x8:0x80020686  x4:0x00000000 x26=0x80020686
          71837	      3490	80003ac8	025d1363	bne	x26,x5,80003aee	 x26:0x80020686  x5:0x00000000
          72797	      3538	80003aee	29d62a97	auipc	x21,0x29d62	 x21=0xa9d65aee
          72817	      3539	80003af2	34033c73	csrrc	x24,mscratch,x6	  x6:0x00000001 x24=0x0000001a
          72937	      3545	80003af6	015cde13	srli	x28,x25,0x15	 x25:0x800200e7 x28=0x00000400
          73017	      3549	80003afa	0093ff33	and	x30,x7,x9	  x7:0x7ffd9fc6  x9:0x00000002 x30=0x00000002
          73457	      3571	80003afe	03811933	mulh	x18,x2,x24	  x2:0x80025f7a x24:0x0000001a x18=0xfffffff3
          73477	      3572	80003b02	98fd	c.andi	x9,-1	  x9:0x00000002  x9=0x00000002
          73857	      3591	80003b04	40d981b3	sub	x3,x19,x13	 x19:0x80025ce4 x13:0x80021e44  x3=0x00003ea0
          74017	      3599	80003b08	40e15eb3	sra	x29,x2,x14	  x2:0x80025f7a x14:0xffffffc0 x29=0x80025f7a
          74437	      3620	80003b0c	0000100f	fence.i	
          76137	      3705	80003b10	02f5f2b3	remu	x5,x11,x15	 x11:0x8002603a x15:0x800261fa  x5=0x8002603a
          76157	      3706	80003b14	41515f33	sra	x30,x2,x21	  x2:0x80025f7a x21:0xa9d65aee x30=0xfffe0009
          76177	      3707	80003b18	340d7b73	csrrci	x22,mscratch,26	 x22=0x0000001a
          76217	      3709	80003b1c	03ac1a33	mulh	x20,x24,x26	 x24:0x0000001a x26:0x80020686 x20=0xfffffff3
          76237	      3710	80003b20	01913833	sltu	x16,x2,x25	  x2:0x80025f7a x25:0x800200e7 x16=0x00000000
          76257	      3711	80003b24	0195ce33	xor	x28,x11,x25	 x11:0x8002603a x25:0x800200e7 x28=0x000060dd
          76677	      3732	80003b28	34065bf3	csrrwi	x23,mscratch,12	 x23=0x00000000
          76697	      3733	80003b2c	8c9d	c.sub	x9,x15	  x9:0x00000002 x15:0x800261fa  x9=0x7ffd9e08
          76717	      3734	80003b2e	017c7d63	bgeu	x24,x23,80003b48	 x24:0x0000001a x23:0x00000000
          77257	      3761	80003b48	8d61	c.and	x10,x8	 x10:0x80020806  x8:0x80020686 x10=0x80020006
          77297	      3763	80003b4a	01a98e33	add	x28,x19,x26	 x19:0x80025ce4 x26:0x80020686 x28=0x0004636a
          78057	      3801	80003b4e	028852b3	divu	x5,x16,x8	 x16:0x00000000  x8:0x80020686  x5=0x00000000
          78077	      3802	80003b52	030ef963	bgeu	x29,x16,80003b84	 x29:0x80025f7a x16:0x00000000
          78597	      3828	80003b84	017e73b3	and	x7,x28,x23	 x28:0x0004636a x23:0x00000000  x7=0x00000000
          79337	      3865	80003b88	0239f8b3	remu	x17,x19,x3	 x19:0x80025ce4  x3:0x00003ea0 x17=0x00001e84
          79357	      3866	80003b8c	eabdbe93	sltiu	x29,x27,-341	 x27:0xa169e172 x29=0x00000001
          79377	      3867	80003b90	418c5593	srai	x11,x24,0x18	 x24:0x0000001a x11=0x00000000
          79397	      3868	80003b94	65ad	c.lui	x11,0xb	 x11=0x0000b000
          79417	      3869	80003b96	8dbd	c.xor	x11,x15	 x11:0x0000b000 x15:0x800261fa x11=0x8002d1fa
          79437	      3870	80003b98	0000100f	fence.i	
          79697	      3883	80003b9c	0048a8b3	slt	x17,x17,x4	 x17:0x00001e84  x4:0x00000000 x17=0x00000000
          79897	      3893	80003ba0	0ff0000f	fence	iorw,iorw	
          79997	      3898	80003ba4	03933a33	mulhu	x20,x6,x25	  x6:0x00000001 x25:0x800200e7 x20=0x00000000
          80097	      3903	80003ba8	8fd9	c.or	x15,x14	 x15:0x800261fa x14:0xffffffc0 x15=0xfffffffa
          80117	      3904	80003baa	87a9	c.srai	x15,0xa	 x15:0xfffffffa x15=0xffffffff
          80137	      3905	80003bac	8cf5	c.and	x9,x13	  x9:0x7ffd9e08 x13:0x80021e44  x9=0x00001e00
          80157	      3906	80003bae	4a6d	c.li	x20,27	 x20=0x0000001b
          80177	      3907	80003bb0	0001	c.addi	x0,0	  x0:0x00000000  x0=0x00000000
          80197	      3908	80003bb2	34069d73	csrrw	x26,mscratch,x13	 x13:0x80021e44 x26=0x0000000c
          80217	      3909	80003bb6	90da	c.add	x1,x22	  x1:0x00000001 x22:0x0000001a  x1=0x0000001b
          80317	      3914	80003bb8	02716663	bltu	x2,x7,80003be4	  x2:0x80025f7a  x7:0x00000000
          80337	      3915	80003bbc	ce9a9eb7	lui	x29,0xce9a9	 x29=0xce9a9000
          80357	      3916	80003bc0	01281a33	sll	x20,x16,x18	 x16:0x00000000 x18:0xfffffff3 x20=0x00000000
          80497	      3923	80003bc4	34006773	csrrsi	x14,mscratch,0	 x14=0x80021e44
          80717	      3934	80003bc8	03ba	c.slli	x7,0xe	  x7:0x00000000  x7=0x00000000
          80737	      3935	80003bca	340db573	csrrc	x10,mscratch,x27	 x27:0xa169e172 x10=0x80021e44
          80757	      3936	80003bce	8e3d	c.xor	x12,x15	 x12:0xfffffff4 x15:0xffffffff x12=0x0000000b
          80897	      3943	80003bd0	034a0133	mul	x2,x20,x20	 x20:0x00000000 x20:0x00000000  x2=0x00000000
          81037	      3950	80003bd4	025a0f33	mul	x30,x20,x5	 x20:0x00000000  x5:0x00000000 x30=0x00000000
          81257	      3961	80003bd8	181d7713	andi	x14,x26,385	 x26:0x0000000c x14=0x00000000
          82197	      4008	80003bdc	03adc233	div	x4,x27,x26	 x27:0xa169e172 x26:0x0000000c  x4=0xf81e281f
          82217	      4009	80003be0	02a2	c.slli	x5,0x8	  x5:0x00000000  x5=0x00000000
          82237	      4010	80003be2	98ce	c.add	x17,x19	 x17:0x00000000 x19:0x80025ce4 x17=0x80025ce4
          82977	      4047	80003be4	02c4cd33	div	x26,x9,x12	  x9:0x00001e00 x12:0x0000000b x26=0x000002ba
          88317	      4314	80003be8	34002273	csrrs	x4,mscratch,x0	  x0:0x00000000  x4=0x00021e04
          88337	      4315	80003bec	0001	c.addi	x0,0	  x0:0x00000000  x0=0x00000000
          88357	      4316	80003bee	27e89137	lui	x2,0x27e89	  x2=0x27e89000
          88377	      4317	80003bf2	008c0463	beq	x24,x8,80003bfa	 x24:0x0000001a  x8:0x80020686
          88397	      4318	80003bf6	34002e73	csrrs	x28,mscratch,x0	  x0:0x00000000 x28=0x00021e04
          88417	      4319	80003bfa	00ee4733	xor	x14,x28,x14	 x28:0x00021e04 x14:0x00000000 x14=0x00021e04
          88437	      4320	80003bfe	c989	c.beqz	x11,80003c10	 x11:0x8002d1fa
          88457	      4321	80003c00	002fec63	bltu	x31,x2,80003c18	 x31:0x8001ff82  x2:0x27e89000
          88577	      4327	80003c04	c485	c.beqz	x9,80003c2c	  x9:0x00001e00
          89317	      4364	80003c06	02d3f0b3	remu	x1,x7,x13	  x7:0x00000000 x13:0x80021e44  x1=0x00000000
          89337	      4365	80003c0a	6945	c.lui	x18,0x11	 x18=0x00011000
          89357	      4366	80003c0c	01c86f63	bltu	x16,x28,80003c2a	 x16:0x00000000 x28:0x00021e04
          89437	      4370	80003c2a	83d5	c.srli	x15,0x15	 x15:0xffffffff x15=0x000007ff
          89617	      4379	80003c2c	02d7a3b3	mulhsu	x7,x15,x13	 x15:0x000007ff x13:0x80021e44  x7=0x000003ff
          89637	      4380	80003c30	0001	c.addi	x0,0	  x0:0x00000000  x0=0x00000000
          89677	      4382	80003c32	032728b3	mulhsu	x17,x14,x18	 x14:0x00021e04 x18:0x00011000 x17=0x00000002
          89957	      4396	80003c36	01dd0a63	beq	x26,x29,80003c4a	 x26:0x000002ba x29:0xce9a9000
          89977	      4397	80003c3a	0afa	c.slli	x21,0x1e	 x21:0xa9d65aee x21=0x80000000
          89997	      4398	80003c3c	0059f333	and	x6,x19,x5	 x19:0x80025ce4  x5:0x00000000  x6=0x00000000
          90097	      4403	80003c40	0990	c.addi4spn	x12,x2,208	 x12=0x27e890d0
          90117	      4404	80003c42	e719	c.bnez	x14,80003c50	 x14:0x00021e04
          91277	      4462	80003c50	34011ef3	csrrw	x29,mscratch,x2	  x2:0x27e89000 x29=0x00021e04
          91477	      4472	80003c54	4d45	c.li	x26,17	 x26=0x00000011
          91497	      4473	80003c56	8cd2	c.mv	x25,x20	  x0:0x00000000 x20:0x00000000 x25=0x00000000
          91577	      4477	80003c58	00d36663	bltu	x6,x13,80003c64	  x6:0x00000000 x13:0x80021e44
          92237	      4510	80003c64	34007973	csrrci	x18,mscratch,0	 x18=0x27e89000
          93117	      4554	80003c68	0322fcb3	remu	x25,x5,x18	  x5:0x00000000 x18:0x27e89000 x25=0x00000000
          93137	      4555	80003c6c	3404a173	csrrs	x2,mscratch,x9	  x9:0x00001e00  x2=0x27e89000
          93157	      4556	80003c70	4be02113	slti	x2,x0,1214	  x0:0x00000000  x2=0x00000001
          93177	      4557	80003c74	0300	c.addi4spn	x8,x2,384	  x8=0x00000181
          93197	      4558	80003c76	013d1d33	sll	x26,x26,x19	 x26:0x00000011 x19:0x80025ce4 x26=0x00000110
          93217	      4559	80003c7a	c50d	c.beqz	x10,80003ca4	 x10:0x80021e44
          93237	      4560	80003c7c	41088133	sub	x2,x17,x16	 x17:0x00000002 x16:0x00000000  x2=0x00000002
          93577	      4577	80003c80	8de1	c.and	x11,x8	 x11:0x8002d1fa  x8:0x00000181 x11=0x00000180
          93597	      4578	80003c82	41c75cb3	sra	x25,x14,x28	 x14:0x00021e04 x28:0x00021e04 x25=0x000021e0
          93697	      4583	80003c86	00c4b5b3	sltu	x11,x9,x12	  x9:0x00001e00 x12:0x27e890d0 x11=0x00000001
          93717	      4584	80003c8a	8f65	c.and	x14,x9	 x14:0x00021e04  x9:0x00001e00 x14=0x00001e00
          93737	      4585	80003c8c	8d0d	c.sub	x10,x11	 x10:0x80021e44 x11:0x00000001 x10=0x80021e43
          93757	      4586	80003c8e	8631	c.srai	x12,0xc	 x12:0x27e890d0 x12=0x00027e89
          93777	      4587	80003c90	01705893	srli	x17,x0,0x17	  x0:0x00000000 x17=0x00000000
          93797	      4588	80003c94	01b41133	sll	x2,x8,x27	  x8:0x00000181 x27:0xa169e172  x2=0x06040000
          93817	      4589	80003c98	0097d913	srli	x18,x15,0x9	 x15:0x000007ff x18=0x00000003
          93937	      4595	80003c9c	4096d4b3	sra	x9,x13,x9	 x13:0x80021e44  x9:0x00001e00  x9=0x80021e44
          93957	      4596	80003ca0	03985663	bge	x16,x25,80003ccc	 x16:0x00000000 x25:0x000021e0
          93977	      4597	80003ca4	8c45	c.or	x8,x9	  x8:0x00000181  x9:0x80021e44  x8=0x80021fc5
          94137	      4605	80003ca6	83d54713	xori	x14,x10,-1987	 x10:0x80021e43 x14=0x7ffde67e
          94157	      4606	80003caa	00c38263	beq	x7,x12,80003cae	  x7:0x000003ff x12:0x00027e89
          94177	      4607	80003cae	c485	c.beqz	x9,80003cd6	  x9:0x80021e44
          94357	      4616	80003cb0	ec510593	addi	x11,x2,-315	  x2:0x06040000 x11=0x0603fec5
          94497	      4623	80003cb4	9156	c.add	x2,x21	  x2:0x06040000 x21:0x80000000  x2=0x86040000
          94757	      4636	80003cb6	02171a63	bne	x14,x1,80003cea	 x14:0x7ffde67e  x1:0x00000000
          95437	      4670	80003cea	71e4c313	xori	x6,x9,1822	  x9:0x80021e44  x6=0x8002195a
          95477	      4672	80003cee	013b9313	slli	x6,x23,0x13	 x23:0x00000000  x6=0x00000000
          95497	      4673	80003cf2	340074f3	csrrci	x9,mscratch,0	  x9=0x27e89e00
          95677	      4682	80003cf6	00d2ff63	bgeu	x5,x13,80003d14	  x5:0x00000000 x13:0x80021e44
          95837	      4690	80003cfa	00459833	sll	x16,x11,x4	 x11:0x0603fec5  x4:0x00021e04 x16=0x603fec50
          95917	      4694	80003cfe	de3fcb13	xori	x22,x31,-541	 x31:0x8001ff82 x22=0x7ffe0261
          95977	      4697	80003d02	00dbd8b3	srl	x17,x23,x13	 x23:0x00000000 x13:0x80021e44 x17=0x00000000
          95997	      4698	80003d06	01bc0033	add	x0,x24,x27	 x24:0x0000001a x27:0xa169e172  x0=0x00000000
          96017	      4699	80003d0a	127d	c.addi	x4,-1	  x4:0x00021e04  x4=0x00021e03
          96037	      4700	80003d0c	612d	c.addi16sp	x2,224	  x2:0x86040000  x2=0x860400e0
          96057	      4701	80003d0e	04e1	c.addi	x9,24	  x9:0x27e89e00  x9=0x27e89e18
          96197	      4708	80003d10	40cd8cb3	sub	x25,x27,x12	 x27:0xa169e172 x12:0x00027e89 x25=0xa16762e9
          96217	      4709	80003d14	8f45	c.or	x14,x9	 x14:0x7ffde67e  x9:0x27e89e18 x14=0x7ffdfe7e
          96237	      4710	80003d16	62b8bf17	auipc	x30,0x62b8b	 x30=0xe2b8ed16
          96537	      4725	80003d1a	340ed373	csrrwi	x6,mscratch,29	  x6=0x27e89e00
          96557	      4726	80003d1e	34075373	csrrwi	x6,mscratch,14	  x6=0x0000001d
          96577	      4727	80003d22	0001	c.addi	x0,0	  x0:0x00000000  x0=0x00000000
          96597	      4728	80003d24	00a9b2b3	sltu	x5,x19,x10	 x19:0x80025ce4 x10:0x80021e43  x5=0x00000000
          96797	      4738	80003d28	406cd133	sra	x2,x25,x6	 x25:0xa16762e9  x6:0x0000001d  x2=0xfffffffd
          96817	      4739	80003d2c	0976	c.slli	x18,0x1d	 x18:0x00000003 x18=0x60000000
          96837	      4740	80003d2e	98ae	c.add	x17,x11	 x17:0x00000000 x11:0x0603fec5 x17=0x0603fec5
          97237	      4760	80003d30	00071e33	sll	x28,x14,x0	 x14:0x7ffdfe7e  x0:0x00000000 x28=0x7ffdfe7e
          97257	      4761	80003d34	016e88b3	add	x17,x29,x22	 x29:0x00021e04 x22:0x7ffe0261 x17=0x80002065
          97297	      4763	80003d38	9112	c.add	x2,x4	  x2:0xfffffffd  x4:0x00021e03  x2=0x00021e00
          97317	      4764	80003d3a	8136	c.mv	x2,x13	  x0:0x00000000 x13:0x80021e44  x2=0x80021e44
          97337	      4765	80003d3c	414782b3	sub	x5,x15,x20	 x15:0x000007ff x20:0x00000000  x5=0x000007ff
          97357	      4766	80003d40	017cd013	srli	x0,x25,0x17	 x25:0xa16762e9  x0=0x00000000
          97517	      4774	80003d44	0183cd33	xor	x26,x7,x24	  x7:0x000003ff x24:0x0000001a x26=0x000003e5
          97597	      4778	80003d48	01a8ff63	bgeu	x17,x26,80003d66	 x17:0x80002065 x26:0x000003e5
          99297	      4863	80003d66	0000100f	fence.i	
          99737	      4885	80003d6a	0000100f	fence.i	
         100157	      4906	80003d6e	84aa	c.mv	x9,x10	  x0:0x00000000 x10:0x80021e43  x9=0x80021e43
         100177	      4907	80003d70	a51d7837	lui	x16,0xa51d7	 x16=0xa51d7000
         100317	      4914	80003d74	180c	c.addi4spn	x11,x2,48	 x11=0x80021e74
         100737	      4935	80003d76	b5f5ae93	slti	x29,x11,-1185	 x11:0x80021e74 x29=0x00000001
         101177	      4957	80003d7a	02c29c33	mulh	x24,x5,x12	  x5:0x000007ff x12:0x00027e89 x24=0x00000000
         101197	      4958	80003d7e	9cd6	c.add	x25,x21	 x25:0xa16762e9 x21:0x80000000 x25=0x216762e9
         101217	      4959	80003d80	0105e033	or	x0,x11,x16	 x11:0x80021e74 x16:0xa51d7000  x0=0x00000000
         101337	      4965	80003d84	8f65	c.and	x14,x9	 x14:0x7ffdfe7e  x9:0x80021e43 x14=0x00001e42
         101357	      4966	80003d86	0001	c.addi	x0,0	  x0:0x00000000  x0=0x00000000
         101377	      4967	80003d88	340d5f73	csrrwi	x30,mscratch,26	 x30=0x0000000e
         101397	      4968	80003d8c	1e7d	c.addi	x28,-1	 x28:0x7ffdfe7e x28=0x7ffdfe7d
         101417	      4969	80003d8e	02441b63	bne	x8,x4,80003dc4	  x8:0x80021fc5  x4:0x00021e03
         102077	      5002	80003dc4	8f59	c.or	x14,x14	 x14:0x00001e42 x14:0x00001e42 x14=0x00001e42
         102497	      5023	80003dc6	00155ab3	srl	x21,x10,x1	 x10:0x80021e43  x1:0x00000000 x21=0x80021e43
         102617	      5029	80003dca	01bb4663	blt	x22,x27,80003dd6	 x22:0x7ffe0261 x27:0xa169e172
         102637	      5030	80003dce	019e1813	slli	x16,x28,0x19	 x28:0x7ffdfe7d x16=0xfa000000
         102757	      5036	80003dd2	05c29163	bne	x5,x28,80003e14	  x5:0x000007ff x28:0x7ffdfe7d
         103117	      5054	80003e14	3406d3f3	csrrwi	x7,mscratch,13	  x7=0x0000001a
         103377	      5067	80003e18	0001	c.addi	x0,0	  x0:0x00000000  x0=0x00000000
         103397	      5068	80003e1a	8245	c.srli	x12,0x11	 x12:0x00027e89 x12=0x00000001
         103417	      5069	80003e1c	8f95	c.sub	x15,x13	 x15:0x000007ff x13:0x80021e44 x15=0x7ffde9bb
         103437	      5070	80003e1e	5d7d	c.li	x26,-1	 x26=0xffffffff
         103457	      5071	80003e20	34006f73	csrrsi	x30,mscratch,0	 x30=0x0000000d
         103837	      5090	80003e24	00c5e433	or	x8,x11,x12	 x11:0x80021e74 x12:0x00000001  x8=0x80021e75
         103857	      5091	80003e28	0001	c.addi	x0,0	  x0:0x00000000  x0=0x00000000
         103877	      5092	80003e2a	1b8c	c.addi4spn	x11,x2,496	 x11=0x80022034
         103897	      5093	80003e2c	0001	c.addi	x0,0	  x0:0x00000000  x0=0x00000000
         103917	      5094	80003e2e	1c90	c.addi4spn	x12,x2,624	 x12=0x800220b4
         104037	      5100	80003e30	717d	c.addi16sp	x2,-16	  x2:0x80021e44  x2=0x80021e34
         104057	      5101	80003e32	04767063	bgeu	x12,x7,80003e72	 x12:0x800220b4  x7:0x0000001a
         104977	      5147	80003e72	8fdd	c.or	x15,x15	 x15:0x7ffde9bb x15:0x7ffde9bb x15=0x7ffde9bb
         105177	      5157	80003e74	9262	c.add	x4,x24	  x4:0x00021e03 x24:0x00000000  x4=0x00021e03
         105277	      5162	80003e76	7364d897	auipc	x17,0x7364d	 x17=0xf3650e76
         105457	      5171	80003e7a	00ccfd63	bgeu	x25,x12,80003e94	 x25:0x216762e9 x12:0x800220b4
         105617	      5179	80003e7e	0d8e6293	ori	x5,x28,216	 x28:0x7ffdfe7d  x5=0x7ffdfefd
         105917	      5194	80003e82	009067b3	or	x15,x0,x9	  x0:0x00000000  x9:0x80021e43 x15=0x80021e43
         105997	      5198	80003e86	01f8ac33	slt	x24,x17,x31	 x17:0xf3650e76 x31:0x8001ff82 x24=0x00000000
         107037	      5250	80003e8a	0332fb33	remu	x22,x5,x19	  x5:0x7ffdfefd x19:0x80025ce4 x22=0x7ffdfefd
         107057	      5251	80003e8e	81f1	c.srli	x11,0x1c	 x11:0x80022034 x11=0x00000008
         107077	      5252	80003e90	00c49933	sll	x18,x9,x12	  x9:0x80021e43 x12:0x800220b4 x18=0xe4300000
         107097	      5253	80003e94	717d	c.addi16sp	x2,-16	  x2:0x80021e34  x2=0x80021e24
         107117	      5254	80003e96	56106393	ori	x7,x0,1377	  x0:0x00000000  x7=0x00000561
         107857	      5291	80003e9a	03c5f0b3	remu	x1,x11,x28	 x11:0x00000008 x28:0x7ffdfe7d  x1=0x00000008
         107877	      5292	80003e9e	340070f3	csrrci	x1,mscratch,0	  x1=0x0000000d
         107897	      5293	80003ea2	00b81433	sll	x8,x16,x11	 x16:0xfa000000 x11:0x00000008  x8=0x00000000
         107917	      5294	80003ea6	02c6c363	blt	x13,x12,80003ecc	 x13:0x80021e44 x12:0x800220b4
         108377	      5317	80003ecc	00c4b3b3	sltu	x7,x9,x12	  x9:0x80021e43 x12:0x800220b4  x7=0x00000001
         108537	      5325	80003ed0	0e98	c.addi4spn	x14,x2,848	 x14=0x80022174
         108557	      5326	80003ed2	84fe	c.mv	x9,x31	  x0:0x00000000 x31:0x8001ff82  x9=0x8001ff82
         108737	      5335	80003ed4	1b1c	c.addi4spn	x15,x2,432	 x15=0x80021fd4
         108757	      5336	80003ed6	8859	c.andi	x8,22	  x8:0x00000000  x8=0x00000000
         108777	      5337	80003ed8	8e6a	c.mv	x28,x26	  x0:0x00000000 x26:0xffffffff x28=0xffffffff
         109677	      5382	80003eda	03a85633	divu	x12,x16,x26	 x16:0xfa000000 x26:0xffffffff x12=0x00000000
         109697	      5383	80003ede	0000100f	fence.i	
         109977	      5397	80003ee2	02fe9833	mulh	x16,x29,x15	 x29:0x00000001 x15:0x80021fd4 x16=0xffffffff
         109997	      5398	80003ee6	717d	c.addi16sp	x2,-16	  x2:0x80021e24  x2=0x80021e14
         110017	      5399	80003ee8	00a01263	bne	x0,x10,80003eec	  x0:0x00000000 x10:0x80021e43
         128477	      6322	80003eec	0234eb63	bltu	x9,x3,80003f22	  x9:0x8001ff82  x3:0x00003ea0
         128497	      6323	80003ef0	8d05	c.sub	x10,x9	 x10:0x80021e43  x9:0x8001ff82 x10=0x00001ec1
         128517	      6324	80003ef2	01d1d733	srl	x14,x3,x29	  x3:0x00003ea0 x29:0x00000001 x14=0x00001f50
         128537	      6325	80003ef6	e595	c.bnez	x11,80003f22	 x11:0x00000008
         129097	      6353	80003f22	0e88	c.addi4spn	x10,x2,848	 x10=0x80022164
         129297	      6363	80003f24	009d1c13	slli	x24,x26,0x9	 x26:0xffffffff x24=0xfffffe00
         129357	      6366	80003f28	6571	c.lui	x10,0x1c	 x10=0x0001c000
         129777	      6387	80003f2a	44ef8613	addi	x12,x31,1102	 x31:0x8001ff82 x12=0x800203d0
         129797	      6388	80003f2e	340b30f3	csrrc	x1,mscratch,x22	 x22:0x7ffdfefd  x1=0x0000000d
         129857	      6391	80003f32	03a610b3	mulh	x1,x12,x26	 x12:0x800203d0 x26:0xffffffff  x1=0x00000000
         129877	      6392	80003f36	8c11	c.sub	x8,x12	  x8:0x00000000 x12:0x800203d0  x8=0x7ffdfc30
         129917	      6394	80003f38	03fc94b3	mulh	x9,x25,x31	 x25:0x216762e9 x31:0x8001ff82  x9=0xef4c9149
         130297	      6413	80003f3c	03494433	div	x8,x18,x20	 x18:0xe4300000 x20:0x00000000  x8=0xffffffff
         130317	      6414	80003f40	0b42	c.slli	x22,0x10	 x22:0x7ffdfefd x22=0xfefd0000
         130337	      6415	80003f42	8761	c.srai	x14,0x18	 x14:0x00001f50 x14=0x00000000
         130357	      6416	80003f44	01f59113	slli	x2,x11,0x1f	 x11:0x00000008  x2=0x00000000
         130377	      6417	80003f48	34045bf3	csrrwi	x23,mscratch,8	 x23=0x00000000
         130397	      6418	80003f4c	e991	c.bnez	x11,80003f60	 x11:0x00000008
         131317	      6464	80003f60	026adb63	bge	x21,x6,80003f96	 x21:0x80021e43  x6:0x0000001d
         131337	      6465	80003f64	92a2	c.add	x5,x8	  x5:0x7ffdfefd  x8:0xffffffff  x5=0x7ffdfefc
         131377	      6467	80003f66	e9553093	sltiu	x1,x10,-363	 x10:0x0001c000  x1=0x00000001
         131397	      6468	80003f6a	eff1be13	sltiu	x28,x3,-257	  x3:0x00003ea0 x28=0x00000001
         131417	      6469	80003f6e	035800b3	mul	x1,x16,x21	 x16:0xffffffff x21:0x80021e43  x1=0x7ffde1bd
         131757	      6486	80003f72	0184b333	sltu	x6,x9,x24	  x9:0xef4c9149 x24:0xfffffe00  x6=0x00000001
         131777	      6487	80003f76	002bd263	bge	x23,x2,80003f7a	 x23:0x00000000  x2:0x00000000
         132597	      6528	80003f7a	cccf2a13	slti	x20,x30,-820	 x30:0x0000000d x20=0x00000000
         132977	      6547	80003f7e	41480933	sub	x18,x16,x20	 x16:0xffffffff x20:0x00000000 x18=0xffffffff
         132997	      6548	80003f82	8e1d	c.sub	x12,x15	 x12:0x800203d0 x15:0x80021fd4 x12=0xffffe3fc
         133397	      6568	80003f84	0c3d	c.addi	x24,15	 x24:0xfffffe00 x24=0xfffffe0f
         133537	      6575	80003f86	340f75f3	csrrci	x11,mscratch,30	 x11=0x00000008
         133557	      6576	80003f8a	340ba273	csrrs	x4,mscratch,x23	 x23:0x00000000  x4=0x00000000
         133737	      6585	80003f8e	0380b533	mulhu	x10,x1,x24	  x1:0x7ffde1bd x24:0xfffffe0f x10=0x7ffde0c4
         133757	      6586	80003f92	03cd6663	bltu	x26,x28,80003fbe	 x26:0xffffffff x28:0x00000001
         133897	      6593	80003f96	0000100f	fence.i	
         134657	      6631	80003f9a	00275f63	bge	x14,x2,80003fb8	 x14:0x00000000  x2:0x00000000
         134877	      6642	80003fb8	0001	c.addi	x0,0	  x0:0x00000000  x0=0x00000000
         135297	      6663	80003fba	016d9d13	slli	x26,x27,0x16	 x27:0xa169e172 x26=0x5c800000
         135317	      6664	80003fbe	a172f913	andi	x18,x5,-1513	  x5:0x7ffdfefc x18=0x7ffdfa14
         135377	      6667	80003fc2	4057d0b3	sra	x1,x15,x5	 x15:0x80021fd4  x5:0x7ffdfefc  x1=0xfffffff8
         135477	      6672	80003fc6	028004b3	mul	x9,x0,x8	  x0:0x00000000  x8:0xffffffff  x9=0x00000000
         135497	      6673	80003fca	8c01	c.sub	x8,x8	  x8:0xffffffff  x8:0xffffffff  x8=0x00000000
         135517	      6674	80003fcc	0000100f	fence.i	
         136477	      6722	80003fd0	0001	c.addi	x0,0	  x0:0x00000000  x0=0x00000000
         136497	      6723	80003fd2	8605	c.srai	x12,0x1	 x12:0xffffe3fc x12=0xfffff1fe
         136617	      6729	80003fd4	0e04	c.addi4spn	x9,x2,784	  x9=0x00000310
         137357	      6766	80003fd6	02c947b3	div	x15,x18,x12	 x18:0x7ffdfa14 x12:0xfffff1fe x15=0xfff6dce1
         137377	      6767	80003fda	844d	c.srai	x8,0x13	  x8:0x00000000  x8=0x00000000
         137397	      6768	80003fdc	8759	c.srai	x14,0x16	 x14:0x00000000 x14=0x00000000
         137417	      6769	80003fde	4df7d8b7	lui	x17,0x4df7d	 x17=0x4df7d000
         137437	      6770	80003fe2	5ff1ad13	slti	x26,x3,1535	  x3:0x00003ea0 x26=0x00000000
         137457	      6771	80003fe6	40475833	sra	x16,x14,x4	 x14:0x00000000  x4:0x00000000 x16=0x00000000
         137477	      6772	80003fea	340bdaf3	csrrwi	x21,mscratch,23	 x21=0x00000000
         137517	      6774	80003fee	3409a8f3	csrrs	x17,mscratch,x19	 x19:0x80025ce4 x17=0x00000017
         137537	      6775	80003ff2	8e25	c.xor	x12,x9	 x12:0xfffff1fe  x9:0x00000310 x12=0xfffff2ee
         137557	      6776	80003ff4	0c0a	c.slli	x24,0x2	 x24:0xfffffe0f x24=0xfffff83c
         137577	      6777	80003ff6	0001	c.addi	x0,0	  x0:0x00000000  x0=0x00000000
         137597	      6778	80003ff8	03c80263	beq	x16,x28,8000401c	 x16:0x00000000 x28:0x00000001
         137837	      6790	80003ffc	340fd973	csrrwi	x18,mscratch,31	 x18=0x80025cf7
         137957	      6796	80004000	0001	c.addi	x0,0	  x0:0x00000000  x0=0x00000000
         138377	      6817	80004002	01c55713	srli	x14,x10,0x1c	 x10:0x7ffde0c4 x14=0x00000007
         139517	      6874	80004006	02a14f33	div	x30,x2,x10	  x2:0x00000000 x10:0x7ffde0c4 x30=0x00000000
         139537	      6875	8000400a	8f99	c.sub	x15,x14	 x15:0xfff6dce1 x14:0x00000007 x15=0xfff6dcda
         139577	      6877	8000400c	036ab4b3	mulhu	x9,x21,x22	 x21:0x00000000 x22:0xfefd0000  x9=0x00000000
         139597	      6878	80004010	409bd893	srai	x17,x23,0x9	 x23:0x00000000 x17=0x00000000
         139617	      6879	80004014	01675333	srl	x6,x14,x22	 x14:0x00000007 x22:0xfefd0000  x6=0x00000007
         139637	      6880	80004018	41d98c33	sub	x24,x19,x29	 x19:0x80025ce4 x29:0x00000001 x24=0x80025ce3
         139657	      6881	8000401c	0001	c.addi	x0,0	  x0:0x00000000  x0=0x00000000
         139677	      6882	8000401e	41250933	sub	x18,x10,x18	 x10:0x7ffde0c4 x18:0x80025cf7 x18=0xfffb83cd
         139697	      6883	80004022	01f703b3	add	x7,x14,x31	 x14:0x00000007 x31:0x8001ff82  x7=0x8001ff89
         140137	      6905	80004026	031123b3	mulhsu	x7,x2,x17	  x2:0x00000000 x17:0x00000000  x7=0x00000000
         140157	      6906	8000402a	8f66	c.mv	x30,x25	  x0:0x00000000 x25:0x216762e9 x30=0x216762e9
         140297	      6913	8000402c	34002073	csrrs	x0,mscratch,x0	  x0:0x00000000  x0=0x00000000
         140377	      6917	80004030	41b95e93	srai	x29,x18,0x1b	 x18:0xfffb83cd x29=0xffffffff
         140417	      6919	80004034	025d1433	mulh	x8,x26,x5	 x26:0x00000000  x5:0x7ffdfefc  x8=0x00000000
         140437	      6920	80004038	01d2db13	srli	x22,x5,0x1d	  x5:0x7ffdfefc x22=0x00000003
         140457	      6921	8000403c	8f29	c.xor	x14,x10	 x14:0x00000007 x10:0x7ffde0c4 x14=0x7ffde0c3
         140477	      6922	8000403e	3408d4f3	csrrwi	x9,mscratch,17	  x9=0x0000001f
         140497	      6923	80004042	02e68bb3	mul	x23,x13,x14	 x13:0x80021e44 x14:0x7ffde0c3 x23=0x014c8dcc
         140517	      6924	80004046	888e	c.mv	x17,x3	  x0:0x00000000  x3:0x00003ea0 x17=0x00003ea0
         140537	      6925	80004048	03620833	mul	x16,x4,x22	  x4:0x00000000 x22:0x00000003 x16=0x00000000
         141497	      6973	8000404c	03746fb3	rem	x31,x8,x23	  x8:0x00000000 x23:0x014c8dcc x31=0x00000000
         141517	      6974	80004050	8dd9	c.or	x11,x14	 x11:0x00000008 x14:0x7ffde0c3 x11=0x7ffde0cb
         141537	      6975	80004052	d970e493	ori	x9,x1,-617	  x1:0xfffffff8  x9=0xffffffff
         141557	      6976	80004056	021a1263	bne	x20,x1,8000407a	 x20:0x00000000  x1:0xfffffff8
         141897	      6993	8000407a	018fea33	or	x20,x31,x24	 x31:0x00000000 x24:0x80025ce3 x20=0x80025ce3
         142317	      7014	8000407e	004f3b33	sltu	x22,x30,x4	 x30:0x216762e9  x4:0x00000000 x22=0x00000000
         142337	      7015	80004082	1afd	c.addi	x21,-1	 x21:0x00000000 x21=0xffffffff
         142697	      7033	80004084	340028f3	csrrs	x17,mscratch,x0	  x0:0x00000000 x17=0x00000011
         142717	      7034	80004088	34003a73	csrrc	x20,mscratch,x0	  x0:0x00000000 x20=0x00000011
         142737	      7035	8000408c	81c2	c.mv	x3,x16	  x0:0x00000000 x16:0x00000000  x3=0x00000000
         142757	      7036	8000408e	ef22a913	slti	x18,x5,-270	  x5:0x7ffdfefc x18=0x00000000
         142797	      7038	80004092	e65d7a17	auipc	x20,0xe65d7	 x20=0x665db092
         143317	      7064	80004096	00f1e963	bltu	x3,x15,800040a8	  x3:0x00000000 x15:0xfff6dcda
         144037	      7100	800040a8	613d	c.addi16sp	x2,480	  x2:0x00000000  x2=0x000001e0
         145177	      7157	800040aa	037060b3	rem	x1,x0,x23	  x0:0x00000000 x23:0x014c8dcc  x1=0x00000000
         145217	      7159	800040ae	021b9e33	mulh	x28,x23,x1	 x23:0x014c8dcc  x1:0x00000000 x28=0x00000000
         145237	      7160	800040b2	0377de63	bge	x15,x23,800040ee	 x15:0xfff6dcda x23:0x014c8dcc
         145977	      7197	800040b6	03307133	remu	x2,x0,x19	  x0:0x00000000 x19:0x80025ce4  x2=0x00000000
         145997	      7198	800040ba	8612	c.mv	x12,x4	  x0:0x00000000  x4:0x00000000 x12=0x00000000
         146017	      7199	800040bc	8d05	c.sub	x10,x9	 x10:0x7ffde0c4  x9:0xffffffff x10=0x7ffde0c5
         146037	      7200	800040be	cbd18613	addi	x12,x3,-835	  x3:0x00000000 x12=0xfffffcbd
         146057	      7201	800040c2	01992d33	slt	x26,x18,x25	 x18:0x00000000 x25:0x216762e9 x26=0x00000001
         146077	      7202	800040c6	41325b33	sra	x22,x4,x19	  x4:0x00000000 x19:0x80025ce4 x22=0x00000000
         146097	      7203	800040ca	34061373	csrrw	x6,mscratch,x12	 x12:0xfffffcbd  x6=0x00000011
         146697	      7233	800040ce	003ec5b3	xor	x11,x29,x3	 x29:0xffffffff  x3:0x00000000 x11=0xffffffff
         146717	      7234	800040d2	340035f3	csrrc	x11,mscratch,x0	  x0:0x00000000 x11=0xfffffcbd
         146757	      7236	800040d6	035fb933	mulhu	x18,x31,x21	 x31:0x00000000 x21:0xffffffff x18=0x00000000
         147157	      7256	800040da	010b1193	slli	x3,x22,0x10	 x22:0x00000000  x3=0x00000000
         147177	      7257	800040de	c595	c.beqz	x11,8000410a	 x11:0xfffffcbd
         147197	      7258	800040e0	98ce	c.add	x17,x19	 x17:0x00000011 x19:0x80025ce4 x17=0x80025cf5
         147217	      7259	800040e2	0001	c.addi	x0,0	  x0:0x00000000  x0=0x00000000
         147377	      7267	800040e4	340424f3	csrrs	x9,mscratch,x8	  x8:0x00000000  x9=0xfffffcbd
         147397	      7268	800040e8	00fd5a93	srli	x21,x26,0xf	 x26:0x00000001 x21=0x00000000
         147417	      7269	800040ec	4c31	c.li	x24,12	 x24=0x0000000c
         147457	      7271	800040ee	03e1a4b3	mulhsu	x9,x3,x30	  x3:0x00000000 x30:0x216762e9  x9=0x00000000
         147637	      7280	800040f2	41948ab3	sub	x21,x9,x25	  x9:0x00000000 x25:0x216762e9 x21=0xde989d17
         147857	      7291	800040f6	01c45c13	srli	x24,x8,0x1c	  x8:0x00000000 x24=0x00000000
         147977	      7297	800040fa	007ddd13	srli	x26,x27,0x7	 x27:0xa169e172 x26=0x0142d3c2
         147997	      7298	800040fe	40085fb3	sra	x31,x16,x0	 x16:0x00000000  x0:0x00000000 x31=0x00000000
         148017	      7299	80004102	8da1	c.xor	x11,x8	 x11:0xfffffcbd  x8:0x00000000 x11=0xfffffcbd
         148117	      7304	80004104	5aa80193	addi	x3,x16,1450	 x16:0x00000000  x3=0x000005aa
         148297	      7313	80004108	98fd	c.andi	x9,-1	  x9:0x00000000  x9=0x00000000
         148317	      7314	8000410a	01439f63	bne	x7,x20,80004128	  x7:0x00000000 x20:0x665db092
         149037	      7350	80004128	3409faf3	csrrci	x21,mscratch,19	 x21=0xfffffcbd
         149457	      7371	8000412c	03077763	bgeu	x14,x16,8000415a	 x14:0x7ffde0c3 x16:0x00000000
         149817	      7389	8000415a	0b9a	c.slli	x23,0x6	 x23:0x014c8dcc x23=0x53237300
         149837	      7390	8000415c	00ee77b3	and	x15,x28,x14	 x28:0x00000000 x14:0x7ffde0c3 x15=0x00000000
         150257	      7411	80004160	8d2e	c.mv	x26,x11	  x0:0x00000000 x11:0xfffffcbd x26=0xfffffcbd
         150277	      7412	80004162	00d35a13	srli	x20,x6,0xd	  x6:0x00000011 x20=0x00000000
         150297	      7413	80004166	83d5	c.srli	x15,0x15	 x15:0x00000000 x15=0x00000000
         150457	      7421	80004168	340063f3	csrrsi	x7,mscratch,0	  x7=0xfffffcac
         153277	      7562	8000416c	809a	c.mv	x1,x6	  x0:0x00000000  x6:0x00000011  x1=0x00000011
         153297	      7563	8000416e	34002c73	csrrs	x24,mscratch,x0	  x0:0x00000000 x24=0xfffffcac
         153317	      7564	80004172	8c92	c.mv	x25,x4	  x0:0x00000000  x4:0x00000000 x25=0x00000000
         153337	      7565	80004174	8621	c.srai	x12,0x8	 x12:0xfffffcbd x12=0xfffffffc
         153357	      7566	80004176	d96fb593	sltiu	x11,x31,-618	 x31:0x00000000 x11=0x00000001
         153397	      7568	8000417a	02789033	mulh	x0,x17,x7	 x17:0x80025cf5  x7:0xfffffcac  x0=0x00000000
         153417	      7569	8000417e	6765	c.lui	x14,0x19	 x14=0x00019000
         153597	      7578	80004180	9c8e	c.add	x25,x3	 x25:0x00000000  x3:0x000005aa x25=0x000005aa
         153617	      7579	80004182	ed4dfc93	andi	x25,x27,-300	 x27:0xa169e172 x25=0xa169e050
         153697	      7583	80004186	01efa633	slt	x12,x31,x30	 x31:0x00000000 x30:0x216762e9 x12=0x00000001
         153717	      7584	8000418a	000675b3	and	x11,x12,x0	 x12:0x00000001  x0:0x00000000 x11=0x00000000
         153737	      7585	8000418e	0001	c.addi	x0,0	  x0:0x00000000  x0=0x00000000
         153757	      7586	80004190	547d	c.li	x8,-1	  x8=0xffffffff
         153777	      7587	80004192	8c89	c.sub	x9,x10	  x9:0x00000000 x10:0x7ffde0c5  x9=0x80021f3b
         153877	      7592	80004194	340d5873	csrrwi	x16,mscratch,26	 x16=0xfffffcac
         154277	      7612	80004198	8471	c.srai	x8,0x1c	  x8:0xffffffff  x8=0xffffffff
         154297	      7613	8000419a	8f827017	auipc	x0,0x8f827	  x0=0x00000000
         154317	      7614	8000419e	01fd58b3	srl	x17,x26,x31	 x26:0xfffffcbd x31:0x00000000 x17=0xfffffcbd
         155057	      7651	800041a2	03776cb3	rem	x25,x14,x23	 x14:0x00019000 x23:0x53237300 x25=0x00019000
         155077	      7652	800041a6	03520e93	addi	x29,x4,53	  x4:0x00000000 x29=0x00000035
         155097	      7653	800041aa	340d1a73	csrrw	x20,mscratch,x26	 x26:0xfffffcbd x20=0x0000001a
         155837	      7690	800041ae	038f67b3	rem	x15,x30,x24	 x30:0x216762e9 x24:0xfffffcac x15=0x000000d1
         155857	      7691	800041b2	53b88413	addi	x8,x17,1339	 x17:0xfffffcbd  x8=0x000001f8
         155877	      7692	800041b6	717d	c.addi16sp	x2,-16	  x2:0x00000000  x2=0xfffffff0
         155897	      7693	800041b8	8c95	c.sub	x9,x13	  x9:0x80021f3b x13:0x80021e44  x9=0x000000f7
         155917	      7694	800041ba	8235	c.srli	x12,0xd	 x12:0x00000001 x12=0x00000000
         155937	      7695	800041bc	8e79	c.and	x12,x14	 x12:0x00000000 x14:0x00019000 x12=0x00000000
         155957	      7696	800041be	587d	c.li	x16,-1	 x16=0xffffffff
         155977	      7697	800041c0	0171c833	xor	x16,x3,x23	  x3:0x000005aa x23:0x53237300 x16=0x532376aa
         156017	      7699	800041c4	02d7ae33	mulhsu	x28,x15,x13	 x15:0x000000d1 x13:0x80021e44 x28=0x00000068
         156377	      7717	800041c8	8dc1	c.or	x11,x8	 x11:0x00000000  x8:0x000001f8 x11=0x000001f8
         156397	      7718	800041ca	031ffb63	bgeu	x31,x17,80004200	 x31:0x00000000 x17:0xfffffcbd
         156437	      7720	800041ce	03759cb3	mulh	x25,x11,x23	 x11:0x000001f8 x23:0x53237300 x25=0x000000a3
         156577	      7727	800041d2	002ed963	bge	x29,x2,800041e4	 x29:0x00000035  x2:0xfffffff0
         157217	      7759	800041e4	00019a13	slli	x20,x3,0x0	  x3:0x000005aa x20=0x000005aa
         157357	      7766	800041e8	03d8fb63	bgeu	x17,x29,8000421e	 x17:0xfffffcbd x29:0x00000035
         158017	      7799	8000421e	00c7e263	bltu	x15,x12,80004222	 x15:0x000000d1 x12:0x00000000
         158037	      7800	80004222	8e19	c.sub	x12,x14	 x12:0x00000000 x14:0x00019000 x12=0xfffe7000
         158057	      7801	80004224	03e2	c.slli	x7,0x18	  x7:0xfffffcac  x7=0xac000000
         158077	      7802	80004226	4099	c.li	x1,6	  x1=0x00000006
         158297	      7813	80004228	d2e56937	lui	x18,0xd2e56	 x18=0xd2e56000
         158697	      7833	8000422c	007e5613	srli	x12,x28,0x7	 x28:0x00000068 x12=0x00000000
         158877	      7842	80004230	00e99093	slli	x1,x19,0xe	 x19:0x80025ce4  x1=0x97390000
         158997	      7848	80004234	9842	c.add	x16,x16	 x16:0x532376aa x16:0x532376aa x16=0xa646ed54
         159137	      7855	80004236	031c1fb3	mulh	x31,x24,x17	 x24:0xfffffcac x17:0xfffffcbd x31=0x00000000
         159157	      7856	8000423a	3790ea13	ori	x20,x1,889	  x1:0x97390000 x20=0x97390379
         159177	      7857	8000423e	6c054eb7	lui	x29,0x6c054	 x29=0x6c054000
         159197	      7858	80004242	7ca67517	auipc	x10,0x7ca67	 x10=0xfca6b242
         159217	      7859	80004246	5f73ca13	xori	x20,x7,1527	  x7:0xac000000 x20=0xac0005f7
         159417	      7869	8000424a	340157f3	csrrwi	x15,mscratch,2	 x15=0xfffffcbd
         159617	      7879	8000424e	f9a0c793	xori	x15,x1,-102	  x1:0x97390000 x15=0x68c6ff9a
         159637	      7880	80004252	5ffd	c.li	x31,-1	 x31=0xffffffff
         160037	      7900	80004254	e10d	c.bnez	x10,80004276	 x10:0xfca6b242
         160717	      7934	80004276	1bfd	c.addi	x23,-1	 x23:0x53237300 x23=0x532372ff
         160757	      7936	80004278	34045673	csrrwi	x12,mscratch,8	 x12=0x00000002
         160937	      7945	8000427c	8c6d	c.and	x8,x11	  x8:0x000001f8 x11:0x000001f8  x8=0x000001f8
         160957	      7946	8000427e	0ff0000f	fence	iorw,iorw	
         160977	      7947	80004282	8229	c.srli	x12,0xa	 x12:0x00000002 x12=0x00000000
         161077	      7952	80004284	40d488b3	sub	x17,x9,x13	  x9:0x000000f7 x13:0x80021e44 x17=0x7ffde2b3
         161117	      7954	80004288	e505	c.bnez	x10,800042b0	 x10:0xfca6b242
         161597	      7978	800042b0	147d	c.addi	x8,-1	  x8:0x000001f8  x8=0x000001f7
         161617	      7979	800042b2	015c7f63	bgeu	x24,x21,800042d0	 x24:0xfffffcac x21:0xfffffcbd
         161637	      7980	800042b6	6109	c.addi16sp	x2,128	  x2:0xfffffff0  x2=0x00000070
         161657	      7981	800042b8	8f49	c.or	x14,x10	 x14:0x00019000 x10:0xfca6b242 x14=0xfca7b242
         161677	      7982	800042ba	717d	c.addi16sp	x2,-16	  x2:0x00000070  x2=0x00000060
         161697	      7983	800042bc	41d25c93	srai	x25,x4,0x1d	  x4:0x00000000 x25=0x00000000
         161877	      7992	800042c0	406cd533	sra	x10,x25,x6	 x25:0x00000000  x6:0x00000011 x10=0x00000000
         161977	      7997	800042c4	325ef093	andi	x1,x29,805	 x29:0x6c054000  x1=0x00000000
         162777	      8037	800042c8	03ee5333	divu	x6,x28,x30	 x28:0x00000068 x30:0x216762e9  x6=0x00000000
         162797	      8038	800042cc	40ea0fb3	sub	x31,x20,x14	 x20:0xac0005f7 x14:0xfca7b242 x31=0xaf5853b5
         162817	      8039	800042d0	41d2d213	srai	x4,x5,0x1d	  x5:0x7ffdfefc  x4=0x00000003
         162837	      8040	800042d4	47c5	c.li	x15,17	 x15=0x00000011
         162857	      8041	800042d6	6c0d2f13	slti	x30,x26,1728	 x26:0xfffffcbd x30=0x00000001
         162877	      8042	800042da	035c1763	bne	x24,x21,80004308	 x24:0xfffffcac x21:0xfffffcbd
         163957	      8096	80004308	0233c8b3	div	x17,x7,x3	  x7:0xac000000  x3:0x000005aa x17=0xfff12b6f
         163977	      8097	8000430c	01cbc733	xor	x14,x23,x28	 x23:0x532372ff x28:0x00000068 x14=0x53237297
         163997	      8098	80004310	8dbd	c.xor	x11,x15	 x11:0x000001f8 x15:0x00000011 x11=0x000001e9
         164017	      8099	80004312	1dfe2e93	slti	x29,x28,479	 x28:0x00000068 x29=0x00000001
         164037	      8100	80004316	12fd	c.addi	x5,-1	  x5:0x7ffdfefc  x5=0x7ffdfefb
         164057	      8101	80004318	717d	c.addi16sp	x2,-16	  x2:0x00000060  x2=0x00000050
         164077	      8102	8000431a	998b32b7	lui	x5,0x998b3	  x5=0x998b3000
         164097	      8103	8000431e	00089593	slli	x11,x17,0x0	 x17:0xfff12b6f x11=0xfff12b6f
         164117	      8104	80004322	ce11	c.beqz	x12,8000433e	 x12:0x00000000
         165197	      8158	8000433e	8895	c.andi	x9,5	  x9:0x000000f7  x9=0x00000005
         165237	      8160	80004340	4107d2b3	sra	x5,x15,x16	 x15:0x00000011 x16:0xa646ed54  x5=0x00000000
         165257	      8161	80004344	01eee233	or	x4,x29,x30	 x29:0x00000001 x30:0x00000001  x4=0x00000001
         165277	      8162	80004348	340cd8f3	csrrwi	x17,mscratch,25	 x17=0x00000008
         165297	      8163	8000434c	41c35613	srai	x12,x6,0x1c	  x6:0x00000000 x12=0x00000000
         165357	      8166	80004350	810a	c.mv	x2,x2	  x0:0x00000000  x2:0x00000050  x2=0x00000050
         165377	      8167	80004352	0001	c.addi	x0,0	  x0:0x00000000  x0=0x00000000
         165477	      8172	80004354	34007073	csrrci	x0,mscratch,0	  x0=0x00000000
         165497	      8173	80004358	008e3cb3	sltu	x25,x28,x8	 x28:0x00000068  x8:0x000001f7 x25=0x00000001
         165657	      8181	8000435c	12fd	c.addi	x5,-1	  x5:0x00000000  x5=0xffffffff
         165717	      8184	8000435e	34003673	csrrc	x12,mscratch,x0	  x0:0x00000000 x12=0x00000019
         165737	      8185	80004362	939e	c.add	x7,x7	  x7:0xac000000  x7:0xac000000  x7=0x58000000
         165757	      8186	80004364	03d9e963	bltu	x19,x29,80004396	 x19:0x80025ce4 x29:0x00000001
         166157	      8206	80004368	415c02b3	sub	x5,x24,x21	 x24:0xfffffcac x21:0xfffffcbd  x5=0xffffffef
         166177	      8207	8000436c	e189	c.bnez	x11,8000436e	 x11:0xfff12b6f
         166957	      8246	8000436e	81b9	c.srli	x11,0xe	 x11:0xfff12b6f x11=0x0003ffc4
         167397	      8268	80004370	007ba133	slt	x2,x23,x7	 x23:0x532372ff  x7:0x58000000  x2=0x00000001
         167437	      8270	80004374	c679e393	ori	x7,x19,-921	 x19:0x80025ce4  x7=0xfffffce7
         167457	      8271	80004378	0001	c.addi	x0,0	  x0:0x00000000  x0=0x00000000
         167477	      8272	8000437a	8869	c.andi	x8,26	  x8:0x000001f7  x8=0x00000012
         168277	      8312	8000437c	03385ab3	divu	x21,x16,x19	 x16:0xa646ed54 x19:0x80025ce4 x21=0x00000001
         169017	      8349	80004380	02c4d133	divu	x2,x9,x12	  x9:0x00000005 x12:0x00000019  x2=0x00000000
         169057	      8351	80004384	037dab33	mulhsu	x22,x27,x23	 x27:0xa169e172 x23:0x532372ff x22=0xe1483b14
         169077	      8352	80004388	34059573	csrrw	x10,mscratch,x11	 x11:0x0003ffc4 x10=0x00000019
         169097	      8353	8000438c	11fd	c.addi	x3,-1	  x3:0x000005aa  x3=0x000005a9
         169117	      8354	8000438e	009d82b3	add	x5,x27,x9	 x27:0xa169e172  x9:0x00000005  x5=0xa169e177
         169137	      8355	80004392	28dc6c13	ori	x24,x24,653	 x24:0xfffffcac x24=0xfffffead
         169517	      8374	80004396	c7c62f93	slti	x31,x12,-900	 x12:0x00000019 x31=0x00000000
         169537	      8375	8000439a	cd8d	c.beqz	x11,800043d4	 x11:0x0003ffc4
         170277	      8412	8000439c	03e17633	remu	x12,x2,x30	  x2:0x00000000 x30:0x00000001 x12=0x00000000
         170297	      8413	800043a0	02aa5163	bge	x20,x10,800043c2	 x20:0xac0005f7 x10:0x00000019
         170317	      8414	800043a4	34049173	csrrw	x2,mscratch,x9	  x9:0x00000005  x2=0x0003ffc4
         170337	      8415	800043a8	340070f3	csrrci	x1,mscratch,0	  x1=0x00000005
         170357	      8416	800043ac	85e1	c.srai	x11,0x18	 x11:0x0003ffc4 x11=0x00000000
         170377	      8417	800043ae	80610a17	auipc	x20,0x80610	 x20=0x006143ae
         170417	      8419	800043b2	02c69b33	mulh	x22,x13,x12	 x13:0x80021e44 x12:0x00000000 x22=0x00000000
         170437	      8420	800043b6	68f9	c.lui	x17,0x1e	 x17=0x0001e000
         170457	      8421	800043b8	00f29513	slli	x10,x5,0xf	  x5:0xa169e177 x10=0xf0bb8000
         170857	      8441	800043bc	717d	c.addi16sp	x2,-16	  x2:0x0003ffc4  x2=0x0003ffb4
         171197	      8458	800043be	00719913	slli	x18,x3,0x7	  x3:0x000005a9 x18=0x0002d480
         171217	      8459	800043c2	9552	c.add	x10,x20	 x10:0xf0bb8000 x20:0x006143ae x10=0xf11cc3ae
         171237	      8460	800043c4	0001	c.addi	x0,0	  x0:0x00000000  x0=0x00000000
         171977	      8497	800043c6	03e757b3	divu	x15,x14,x30	 x14:0x53237297 x30:0x00000001 x15=0x53237297
         171997	      8498	800043ca	0000100f	fence.i	
         172297	      8513	800043ce	003e1533	sll	x10,x28,x3	 x28:0x00000068  x3:0x000005a9 x10=0x0000d000
         172317	      8514	800043d2	010c	c.addi4spn	x11,x2,128	 x11=0x00040034
         172397	      8518	800043d4	3ab23317	auipc	x6,0x3ab23	  x6=0xbab273d4
         172517	      8524	800043d8	94ce	c.add	x9,x19	  x9:0x00000005 x19:0x80025ce4  x9=0x80025ce9
         172537	      8525	800043da	00267963	bgeu	x12,x2,800043ec	 x12:0x00000000  x2:0x0003ffb4
         172557	      8526	800043de	d3470413	addi	x8,x14,-716	 x14:0x53237297  x8=0x53236fcb
         172577	      8527	800043e2	8c79	c.and	x8,x14	  x8:0x53236fcb x14:0x53237297  x8=0x53236283
         172937	      8545	800043e4	01531013	slli	x0,x6,0x15	  x6:0xbab273d4  x0=0x00000000
         173357	      8566	800043e8	0498	c.addi4spn	x14,x2,576	 x14=0x000401f4
         173377	      8567	800043ea	8ce9	c.and	x9,x10	  x9:0x80025ce9 x10:0x0000d000  x9=0x00005000
         173417	      8569	800043ec	340b9973	csrrw	x18,mscratch,x23	 x23:0x532372ff x18=0x00000005
         173557	      8576	800043f0	015e7e33	and	x28,x28,x21	 x28:0x00000068 x21:0x00000001 x28=0x00000000
         173757	      8586	800043f4	9a4a	c.add	x20,x18	 x20:0x006143ae x18:0x00000005 x20=0x006143b3
         173777	      8587	800043f6	80e9	c.srli	x9,0x1a	  x9:0x00005000  x9=0x00000000
         173797	      8588	800043f8	617d	c.addi16sp	x2,496	  x2:0x0003ffb4  x2=0x000401a4
         173817	      8589	800043fa	8ffd	c.and	x15,x15	 x15:0x53237297 x15:0x53237297 x15=0x53237297
         173837	      8590	800043fc	01a0d433	srl	x8,x1,x26	  x1:0x00000005 x26:0xfffffcbd  x8=0x00000000
         173857	      8591	80004400	8c35	c.xor	x8,x13	  x8:0x00000000 x13:0x80021e44  x8=0x80021e44
         173877	      8592	80004402	8f09	c.sub	x14,x10	 x14:0x000401f4 x10:0x0000d000 x14=0x000331f4
         173897	      8593	80004404	6a3a3f13	sltiu	x30,x20,1699	 x20:0x006143b3 x30=0x00000000
         174277	      8612	80004408	0077dd63	bge	x15,x7,80004422	 x15:0x53237297  x7:0xfffffce7
         175197	      8658	80004422	01669113	slli	x2,x13,0x16	 x13:0x80021e44  x2=0x91000000
         175217	      8659	80004426	6ed9	c.lui	x29,0x16	 x29=0x00016000
         175377	      8667	80004428	01988f33	add	x30,x17,x25	 x17:0x0001e000 x25:0x00000001 x30=0x0001e001
         175537	      8675	8000442c	34002d73	csrrs	x26,mscratch,x0	  x0:0x00000000 x26=0x532372ff
         175557	      8676	80004430	01c957b3	srl	x15,x18,x28	 x18:0x00000005 x28:0x00000000 x15=0x00000005
         175577	      8677	80004434	8492	c.mv	x9,x4	  x0:0x00000000  x4:0x00000001  x9=0x00000001
         176377	      8717	80004436	03de67b3	rem	x15,x28,x29	 x28:0x00000000 x29:0x00016000 x15=0x00000000
         183557	      9076	8000443a	00e175b3	and	x11,x2,x14	  x2:0x91000000 x14:0x000331f4 x11=0x00000000
         183597	      9078	8000443e	02b2f633	remu	x12,x5,x11	  x5:0xa169e177 x11:0x00000000 x12=0xa169e177
         184337	      9115	80004442	03426533	rem	x10,x4,x20	  x4:0x00000001 x20:0x006143b3 x10=0x00000001
         184377	      9117	80004446	02aab1b3	mulhu	x3,x21,x10	 x21:0x00000001 x10:0x00000001  x3=0x00000000
         184397	      9118	8000444a	6719	c.lui	x14,0x6	 x14=0x00006000
         184417	      9119	8000444c	01ed6fb3	or	x31,x26,x30	 x26:0x532372ff x30:0x0001e001 x31=0x5323f2ff
         185157	      9156	80004450	02505333	divu	x6,x0,x5	  x0:0x00000000  x5:0xa169e177  x6=0x00000000
         185177	      9157	80004454	004c3cb3	sltu	x25,x24,x4	 x24:0xfffffead  x4:0x00000001 x25=0x00000000
         185917	      9194	80004458	024b47b3	div	x15,x22,x4	 x22:0x00000000  x4:0x00000001 x15=0x00000000
         185937	      9195	8000445c	01f54563	blt	x10,x31,80004466	 x10:0x00000001 x31:0x5323f2ff
         185997	      9198	80004466	40b7d393	srai	x7,x15,0xb	 x15:0x00000000  x7=0x00000000
         186017	      9199	8000446a	02b78bb3	mul	x23,x15,x11	 x15:0x00000000 x11:0x00000000 x23=0x00000000
         186037	      9200	8000446e	0001	c.addi	x0,0	  x0:0x00000000  x0=0x00000000
         186457	      9221	80004470	34006273	csrrsi	x4,mscratch,0	  x4=0x532372ff
         186477	      9222	80004474	018c	c.addi4spn	x11,x2,192	 x11=0x910000c0
         186697	      9233	80004476	036eccb3	div	x25,x29,x22	 x29:0x00016000 x22:0x00000000 x25=0xffffffff
         186897	      9243	8000447a	0275e933	rem	x18,x11,x7	 x11:0x910000c0  x7:0x00000000 x18=0x910000c0
         186997	      9248	8000447e	d1aa7793	andi	x15,x20,-742	 x20:0x006143b3 x15=0x00614112
         187017	      9249	80004482	01a61c63	bne	x12,x26,8000449a	 x12:0xa169e177 x26:0x532372ff
         187377	      9267	8000449a	6860e913	ori	x18,x1,1670	  x1:0x00000005 x18=0x00000687
         187697	      9283	8000449e	02d78cb3	mul	x25,x15,x13	 x15:0x00614112 x13:0x80021e44 x25=0x019964c8
         187717	      9284	800044a2	0001	c.addi	x0,0	  x0:0x00000000  x0=0x00000000
         188037	      9300	800044a4	83f1	c.srli	x15,0x1c	 x15:0x00614112 x15=0x00000000
         188057	      9301	800044a6	8331	c.srli	x14,0xc	 x14:0x00006000 x14=0x00000006
         188077	      9302	800044a8	0142e2b3	or	x5,x5,x20	  x5:0xa169e177 x20:0x006143b3  x5=0xa169e3f7
         188277	      9312	800044ac	85a9	c.srai	x11,0xa	 x11:0x910000c0 x11=0xffe44000
         188297	      9313	800044ae	8d61	c.and	x10,x8	 x10:0x00000001  x8:0x80021e44 x10=0x00000000
         188317	      9314	800044b0	8771	c.srai	x14,0x1c	 x14:0x00000006 x14=0x00000000
         188337	      9315	800044b2	05c1	c.addi	x11,16	 x11:0xffe44000 x11=0xffe44010
         188457	      9321	800044b4	034e5863	bge	x28,x20,800044e4	 x28:0x00000000 x20:0x006143b3
         188477	      9322	800044b8	34003673	csrrc	x12,mscratch,x0	  x0:0x00000000 x12=0x532372ff
         188637	      9330	800044bc	0ff0000f	fence	iorw,iorw	
         188657	      9331	800044c0	809d	c.srli	x9,0x7	  x9:0x00000001  x9=0x00000000
         188677	      9332	800044c2	8dd5	c.or	x11,x13	 x11:0xffe44010 x13:0x80021e44 x11=0xffe65e54
         188697	      9333	800044c4	002c5e33	srl	x28,x24,x2	 x24:0xfffffead  x2:0x91000000 x28=0xfffffead
         188857	      9341	800044c8	3077af93	slti	x31,x15,775	 x15:0x00000000 x31=0x00000001
         188877	      9342	800044cc	83f1	c.srli	x15,0x1c	 x15:0x00000000 x15=0x00000000
         188897	      9343	800044ce	0edd	c.addi	x29,23	 x29:0x00016000 x29=0x00016017
         188917	      9344	800044d0	00dbd493	srli	x9,x23,0xd	 x23:0x00000000  x9=0x00000000
         188937	      9345	800044d4	0281fd63	bgeu	x3,x8,8000450e	  x3:0x00000000  x8:0x80021e44
         188957	      9346	800044d8	019cc333	xor	x6,x25,x25	 x25:0x019964c8 x25:0x019964c8  x6=0x00000000
         188977	      9347	800044dc	01116133	or	x2,x2,x17	  x2:0x91000000 x17:0x0001e000  x2=0x9101e000
         189017	      9349	800044e0	037e0163	beq	x28,x23,80004502	 x28:0xfffffead x23:0x00000000
         189057	      9351	800044e4	00c45463	bge	x8,x12,800044ec	  x8:0x80021e44 x12:0x532372ff
         189077	      9352	800044e8	0ff0000f	fence	iorw,iorw	
         189097	      9353	800044ec	00eeb233	sltu	x4,x29,x14	 x29:0x00016017 x14:0x00000000  x4=0x00000000
         189377	      9367	800044f0	412b5d13	srai	x26,x22,0x12	 x22:0x00000000 x26=0x00000000
         189797	      9388	800044f4	01602b33	slt	x22,x0,x22	  x0:0x00000000 x22:0x00000000 x22=0x00000000
         189817	      9389	800044f8	01ef5c93	srli	x25,x30,0x1e	 x30:0x0001e001 x25=0x00000000
         189837	      9390	800044fc	9136	c.add	x2,x13	  x2:0x9101e000 x13:0x80021e44  x2=0x1103fe44
         189857	      9391	800044fe	340d3173	csrrc	x2,mscratch,x26	 x26:0x00000000  x2=0x532372ff
         189877	      9392	80004502	85f6	c.mv	x11,x29	  x0:0x00000000 x29:0x00016017 x11=0x00016017
         189897	      9393	80004504	00837e33	and	x28,x6,x8	  x6:0x00000000  x8:0x80021e44 x28=0x00000000
         189937	      9395	80004508	40e55d33	sra	x26,x10,x14	 x10:0x00000000 x14:0x00000000 x26=0x00000000
         189977	      9397	8000450c	0f16	c.slli	x30,0x5	 x30:0x0001e001 x30=0x003c0020
         190097	      9403	8000450e	00cdc5b3	xor	x11,x27,x12	 x27:0xa169e172 x12:0x532372ff x11=0xf24a938d
         190117	      9404	80004512	717d	c.addi16sp	x2,-16	  x2:0x532372ff  x2=0x532372ef
         190137	      9405	80004514	8cb28797	auipc	x15,0x8cb28	 x15=0x0cb2c514
         190397	      9418	80004518	8141	c.srli	x10,0x10	 x10:0x00000000 x10=0x00000000
         190837	      9440	8000451a	023074b3	remu	x9,x0,x3	  x0:0x00000000  x3:0x00000000  x9=0x00000000
         190857	      9441	8000451e	0ff0000f	fence	iorw,iorw	
         190897	      9443	80004522	0370f633	remu	x12,x1,x23	  x1:0x00000005 x23:0x00000000 x12=0x00000005
         191277	      9462	80004526	d5547913	andi	x18,x8,-683	  x8:0x80021e44 x18=0x80021c44
         191457	      9471	8000452a	0ff0000f	fence	iorw,iorw	
         191477	      9472	8000452e	02ef82b3	mul	x5,x31,x14	 x31:0x00000001 x14:0x00000000  x5=0x00000000
         191897	      9493	80004532	340c2a73	csrrs	x20,mscratch,x24	 x24:0xfffffead x20=0x532372ff
         191917	      9494	80004536	8d61	c.and	x10,x8	 x10:0x00000000  x8:0x80021e44 x10=0x00000000
         191937	      9495	80004538	8d55	c.or	x10,x13	 x10:0x00000000 x13:0x80021e44 x10=0x80021e44
         191957	      9496	8000453a	4167d1b3	sra	x3,x15,x22	 x15:0x0cb2c514 x22:0x00000000  x3=0x0cb2c514
         192357	      9516	8000453e	340034f3	csrrc	x9,mscratch,x0	  x0:0x00000000  x9=0xfffffeff
         192377	      9517	80004542	03aae263	bltu	x21,x26,80004566	 x21:0x00000001 x26:0x00000000
         192397	      9518	80004546	0d72cc93	xori	x25,x5,215	  x5:0x00000000 x25=0x000000d7
         192497	      9523	8000454a	34006273	csrrsi	x4,mscratch,0	  x4=0xfffffeff
         192517	      9524	8000454e	44076193	ori	x3,x14,1088	 x14:0x00000000  x3=0x00000440
         192537	      9525	80004552	0001	c.addi	x0,0	  x0:0x00000000  x0=0x00000000
         192557	      9526	80004554	8e25cf13	xori	x30,x11,-1822	 x11:0xf24a938d x30=0x0db56b6f
         193317	      9564	80004558	02b65f33	divu	x30,x12,x11	 x12:0x00000005 x11:0xf24a938d x30=0x00000000
         193337	      9565	8000455c	340fdd73	csrrwi	x26,mscratch,31	 x26=0xfffffeff
         193357	      9566	80004560	8d59	c.or	x10,x14	 x10:0x80021e44 x14:0x00000000 x10=0x80021e44
         193377	      9567	80004562	006364b3	or	x9,x6,x6	  x6:0x00000000  x6:0x00000000  x9=0x00000000
         193397	      9568	80004566	01dd7fb3	and	x31,x26,x29	 x26:0xfffffeff x29:0x00016017 x31=0x00016017
         193417	      9569	8000456a	00bbe633	or	x12,x23,x11	 x23:0x00000000 x11:0xf24a938d x12=0xf24a938d
         193477	      9572	8000456e	03e5af33	mulhsu	x30,x11,x30	 x11:0xf24a938d x30:0x00000000 x30=0x00000000
         193877	      9592	80004572	48377f17	auipc	x30,0x48377	 x30=0xc837b572
         194297	      9613	80004576	027ed463	bge	x29,x7,8000459e	 x29:0x00016017  x7:0x00000000
         194897	      9643	8000459e	8c05	c.sub	x8,x9	  x8:0x80021e44  x9:0x00000000  x8=0x80021e44
         195117	      9654	800045a0	018c7fb3	and	x31,x24,x24	 x24:0xfffffead x24:0xfffffead x31=0xfffffead
         195137	      9655	800045a4	00b6	c.slli	x1,0xd	  x1:0x00000005  x1=0x0000a000
         195157	      9656	800045a6	99fd	c.andi	x11,-1	 x11:0xf24a938d x11=0xf24a938d
         195317	      9664	800045a8	340a1b73	csrrw	x22,mscratch,x20	 x20:0x532372ff x22=0x0000001f
         195597	      9678	800045ac	03cf81b3	mul	x3,x31,x28	 x31:0xfffffead x28:0x00000000  x3=0x00000000
         196597	      9728	800045b0	03b7e5b3	rem	x11,x15,x27	 x15:0x0cb2c514 x27:0xa169e172 x11=0x0cb2c514
         196617	      9729	800045b4	0099d1b3	srl	x3,x19,x9	 x19:0x80025ce4  x9:0x00000000  x3=0x80025ce4
         196637	      9730	800045b8	cc8d	c.beqz	x9,800045f2	  x9:0x00000000
         197117	      9754	800045f2	0eda	c.slli	x29,0x16	 x29:0x00016017 x29=0x05c00000
         197537	      9775	800045f4	03b6e263	bltu	x13,x27,80004618	 x13:0x80021e44 x27:0xa169e172
         198417	      9819	80004618	00169c13	slli	x24,x13,0x1	 x13:0x80021e44 x24=0x00043c88
         198597	      9828	8000461c	00341b13	slli	x22,x8,0x3	  x8:0x80021e44 x22=0x0010f220
         198617	      9829	80004620	007a5713	srli	x14,x20,0x7	 x20:0x532372ff x14=0x00a646e5
         198677	      9832	80004624	6175	c.addi16sp	x2,368	  x2:0x532372ef  x2=0x5323745f
         198837	      9840	80004626	3406d7f3	csrrwi	x15,mscratch,13	 x15=0x532372ff
         198857	      9841	8000462a	3406a2f3	csrrs	x5,mscratch,x13	 x13:0x80021e44  x5=0x0000000d
         199177	      9857	8000462e	4187da33	sra	x20,x15,x24	 x15:0x532372ff x24:0x00043c88 x20=0x00532372
         199197	      9858	80004632	0145bfb3	sltu	x31,x11,x20	 x11:0x0cb2c514 x20:0x00532372 x31=0x00000000
         199457	      9871	80004636	340024f3	csrrs	x9,mscratch,x0	  x0:0x00000000  x9=0x80021e4d
         199477	      9872	8000463a	03324763	blt	x4,x19,80004668	  x4:0xfffffeff x19:0x80025ce4
         199497	      9873	8000463e	60f9	c.lui	x1,0x1e	  x1=0x0001e000
         199537	      9875	80004640	8d3d	c.xor	x10,x15	 x10:0x80021e44 x15:0x532372ff x10=0xd3216cbb
         199557	      9876	80004642	7aa4ba93	sltiu	x21,x9,1962	  x9:0x80021e4d x21=0x00000000
         199717	      9884	80004646	007a2933	slt	x18,x20,x7	 x20:0x00532372  x7:0x00000000 x18=0x00000000
         199877	      9892	8000464a	00825e93	srli	x29,x4,0x8	  x4:0xfffffeff x29=0x00fffffe
         199897	      9893	8000464e	81dd	c.srli	x11,0x17	 x11:0x0cb2c514 x11=0x00000019
         200017	      9899	80004650	032f2f33	mulhsu	x30,x30,x18	 x30:0xc837b572 x18:0x00000000 x30=0x00000000
         200417	      9919	80004654	8c4d	c.or	x8,x11	  x8:0x80021e44 x11:0x00000019  x8=0x80021e5d
         201157	      9956	80004656	03856f33	rem	x30,x10,x24	 x10:0xd3216cbb x24:0x00043c88 x30=0xfffe70f3
         201177	      9957	8000465a	548e2213	slti	x4,x28,1352	 x28:0x00000000  x4=0x00000001
         201197	      9958	8000465e	415201b3	sub	x3,x4,x21	  x4:0x00000001 x21:0x00000000  x3=0x00000001
         201237	      9960	80004662	0356f633	remu	x12,x13,x21	 x13:0x80021e44 x21:0x00000000 x12=0x80021e44
         201257	      9961	80004666	8c8a	c.mv	x25,x2	  x0:0x00000000  x2:0x5323745f x25=0x5323745f
         201277	      9962	80004668	004e3533	sltu	x10,x28,x4	 x28:0x00000000  x4:0x00000001 x10=0x00000001
         201297	      9963	8000466c	037b0863	beq	x22,x23,8000469c	 x22:0x0010f220 x23:0x00000000
         201317	      9964	80004670	ce097c13	andi	x24,x18,-800	 x18:0x00000000 x24=0x00000000
         201717	      9984	80004674	007a4f33	xor	x30,x20,x7	 x20:0x00532372  x7:0x00000000 x30=0x00532372
         201737	      9985	80004678	01ae	c.slli	x3,0xb	  x3:0x00000001  x3=0x00000800
         202017	      9999	8000467a	02bf1433	mulh	x8,x30,x11	 x30:0x00532372 x11:0x00000019  x8=0x00000000
         202057	     10001	8000467e	03541a33	mulh	x20,x8,x21	  x8:0x00000000 x21:0x00000000 x20=0x00000000
         202077	     10002	80004682	33ad7097	auipc	x1,0x33ad7	  x1=0xb3adb682
         202957	     10046	80004686	03375333	divu	x6,x14,x19	 x14:0x00a646e5 x19:0x80025ce4  x6=0x00000000
         202977	     10047	8000468a	029cbc93	sltiu	x25,x25,41	 x25:0x5323745f x25=0x00000000
         203717	     10084	8000468e	03304133	div	x2,x0,x19	  x0:0x00000000 x19:0x80025ce4  x2=0x00000000
         203737	     10085	80004692	006af263	bgeu	x21,x6,80004696	 x21:0x00000000  x6:0x00000000
         203777	     10087	80004696	0ab6	c.slli	x21,0xd	 x21:0x00000000 x21=0x00000000
         203797	     10088	80004698	34019973	csrrw	x18,mscratch,x3	  x3:0x00000800 x18=0x80021e4d
         203817	     10089	8000469c	d724cb93	xori	x23,x9,-654	  x9:0x80021e4d x23=0x7ffde33f
         203837	     10090	800046a0	8fb5	c.xor	x15,x13	 x15:0x532372ff x13:0x80021e44 x15=0xd3216cbb
         203857	     10091	800046a2	8dad	c.xor	x11,x11	 x11:0x00000019 x11:0x00000019 x11=0x00000000
         203877	     10092	800046a4	3401fe73	csrrci	x28,mscratch,3	 x28=0x00000800
         204197	     10108	800046a8	41065433	sra	x8,x12,x16	 x12:0x80021e44 x16:0xa646ed54  x8=0xfffff800
         204217	     10109	800046ac	00be	c.slli	x1,0xf	  x1:0xb3adb682  x1=0xdb410000
         204237	     10110	800046ae	0001	c.addi	x0,0	  x0:0x00000000  x0=0x00000000
         204417	     10119	800046b0	817a	c.mv	x2,x30	  x0:0x00000000 x30:0x00532372  x2=0x00532372
         204437	     10120	800046b2	00034f33	xor	x30,x6,x0	  x6:0x00000000  x0:0x00000000 x30=0x00000000
         204457	     10121	800046b6	34007af3	csrrci	x21,mscratch,0	 x21=0x00000800
         204517	     10124	800046ba	340cf473	csrrci	x8,mscratch,25	  x8=0x00000800
         204537	     10125	800046be	6149	c.addi16sp	x2,144	  x2:0x00532372  x2=0x00532402
         204557	     10126	800046c0	00b3a333	slt	x6,x7,x11	  x7:0x00000000 x11:0x00000000  x6=0x00000000
         204697	     10133	800046c4	34003973	csrrc	x18,mscratch,x0	  x0:0x00000000 x18=0x00000800
         204997	     10148	800046c8	18fd	c.addi	x17,-1	 x17:0x0001e000 x17=0x0001dfff
         205417	     10169	800046ca	47f1bc13	sltiu	x24,x3,1151	  x3:0x00000800 x24=0x00000000
         205837	     10190	800046ce	34069473	csrrw	x8,mscratch,x13	 x13:0x80021e44  x8=0x00000800
         205857	     10191	800046d2	01d8d893	srli	x17,x17,0x1d	 x17:0x0001dfff x17=0x00000000
         205877	     10192	800046d6	00c11e13	slli	x28,x2,0xc	  x2:0x00532402 x28=0x32402000
         206177	     10207	800046da	019a9e33	sll	x28,x21,x25	 x21:0x00000800 x25:0x00000000 x28=0x00000800
         206257	     10211	800046de	00d25b13	srli	x22,x4,0xd	  x4:0x00000001 x22=0x00000000
         206277	     10212	800046e2	147d	c.addi	x8,-1	  x8:0x00000800  x8=0x000007ff
         206297	     10213	800046e4	0000100f	fence.i	
         206697	     10233	800046e8	0000100f	fence.i	
         207377	     10267	800046ec	55f32d13	slti	x26,x6,1375	  x6:0x00000000 x26=0x00000001
         207417	     10269	800046f0	03793433	mulhu	x8,x18,x23	 x18:0x00000800 x23:0x7ffde33f  x8=0x000003ff
         207617	     10279	800046f4	9129ff93	andi	x31,x19,-1774	 x19:0x80025ce4 x31=0x80025800
         207757	     10286	800046f8	01244f63	blt	x8,x18,80004716	  x8:0x000003ff x18:0x00000800
         208097	     10303	80004716	ed15	c.bnez	x10,80004752	 x10:0x00000001
         208697	     10333	80004752	8f51	c.or	x14,x12	 x14:0x00a646e5 x12:0x80021e44 x14=0x80a65ee5
         209117	     10354	80004754	8571	c.srai	x10,0x1c	 x10:0x00000001 x10=0x00000000
         209137	     10355	80004756	0162f933	and	x18,x5,x22	  x5:0x0000000d x22:0x00000000 x18=0x00000000
         209157	     10356	8000475a	4071df13	srai	x30,x3,0x7	  x3:0x00000800 x30=0x00000010
         209177	     10357	8000475e	83ec5417	auipc	x8,0x83ec5	  x8=0x03ec975e
         209197	     10358	80004762	03520c63	beq	x4,x21,8000479a	  x4:0x00000001 x21:0x00000800
         209637	     10380	80004766	34007873	csrrci	x16,mscratch,0	 x16=0x80021e44
         209657	     10381	8000476a	1e1c	c.addi4spn	x15,x2,816	 x15=0x00532732
         209937	     10395	8000476c	ddf86893	ori	x17,x16,-545	 x16:0x80021e44 x17=0xffffffdf
         210037	     10400	80004770	878e	c.mv	x15,x3	  x0:0x00000000  x3:0x00000800 x15=0x00000800
         210057	     10401	80004772	ea15	c.bnez	x12,800047a6	 x12:0x80021e44
         211337	     10465	800047a6	014cf263	bgeu	x25,x20,800047aa	 x25:0x00000000 x20:0x00000000
         211817	     10489	800047aa	9d42	c.add	x26,x16	 x26:0x00000001 x16:0x80021e44 x26=0x80021e45
         211837	     10490	800047ac	8ce1	c.and	x9,x8	  x9:0x80021e4d  x8:0x03ec975e  x9=0x0000164c
         211977	     10497	800047ae	03077463	bgeu	x14,x16,800047d6	 x14:0x80a65ee5 x16:0x80021e44
         212897	     10543	800047d6	13446517	auipc	x10,0x13446	 x10=0x9344a7d6
         212937	     10545	800047da	03f0a1b3	mulhsu	x3,x1,x31	  x1:0xdb410000 x31:0x80025800  x3=0xeda029e0
         213017	     10549	800047de	3400b473	csrrc	x8,mscratch,x1	  x1:0xdb410000  x8=0x80021e44
         213437	     10570	800047e2	0130cfb3	xor	x31,x1,x19	  x1:0xdb410000 x19:0x80025ce4 x31=0x5b435ce4
         213457	     10571	800047e6	0125c0b3	xor	x1,x11,x18	 x11:0x00000000 x18:0x00000000  x1=0x00000000
         213497	     10573	800047ea	035f1b33	mulh	x22,x30,x21	 x30:0x00000010 x21:0x00000800 x22=0x00000000
         213517	     10574	800047ee	021bc463	blt	x23,x1,80004816	 x23:0x7ffde33f  x1:0x00000000
         213577	     10577	800047f2	41b30a33	sub	x20,x6,x27	  x6:0x00000000 x27:0xa169e172 x20=0x5e961e8e
         213617	     10579	800047f6	03e9ac33	mulhsu	x24,x19,x30	 x19:0x80025ce4 x30:0x00000010 x24=0xfffffff8
         214797	     10638	800047fa	02c0ecb3	rem	x25,x1,x12	  x1:0x00000000 x12:0x80021e44 x25=0x00000000
         214817	     10639	800047fe	8d3d	c.xor	x10,x15	 x10:0x9344a7d6 x15:0x00000800 x10=0x9344afd6
         214837	     10640	80004800	e397bd13	sltiu	x26,x15,-455	 x15:0x00000800 x26=0x00000001
         214857	     10641	80004804	8bce	c.mv	x23,x19	  x0:0x00000000 x19:0x80025ce4 x23=0x80025ce4
         214877	     10642	80004806	e121	c.bnez	x10,80004846	 x10:0x9344afd6
         215837	     10690	80004846	0ff0000f	fence	iorw,iorw	
         215857	     10691	8000484a	ce1c0c17	auipc	x24,0xce1c0	 x24=0x4e1c484a
         216277	     10712	8000484e	02f42f33	mulhsu	x30,x8,x15	  x8:0x80021e44 x15:0x00000800 x30=0xfffffc00
         216297	     10713	80004852	8e0d	c.sub	x12,x11	 x12:0x80021e44 x11:0x00000000 x12=0x80021e44
         216417	     10719	80004854	34003073	csrrc	x0,mscratch,x0	  x0:0x00000000  x0=0x00000000
         216437	     10720	80004858	3409d8f3	csrrwi	x17,mscratch,19	 x17=0x00021e44
         216457	     10721	8000485c	164bb313	sltiu	x6,x23,356	 x23:0x80025ce4  x6=0x00000000
         216597	     10728	80004860	e119	c.bnez	x10,80004866	 x10:0x9344afd6
         216957	     10746	80004866	02f1	c.addi	x5,28	  x5:0x0000000d  x5=0x00000029
         216997	     10748	80004868	1200	c.addi4spn	x8,x2,288	  x8=0x00532522
         217277	     10762	8000486a	02196ab3	rem	x21,x18,x1	 x18:0x00000000  x1:0x00000000 x21=0x00000000
         217297	     10763	8000486e	6963e413	ori	x8,x7,1686	  x7:0x00000000  x8=0x00000696
         217697	     10783	80004872	01ef38b3	sltu	x17,x30,x30	 x30:0xfffffc00 x30:0xfffffc00 x17=0x00000000
         218117	     10804	80004876	65708717	auipc	x14,0x65708	 x14=0xe570c876
         218297	     10813	8000487a	001240b3	xor	x1,x4,x1	  x4:0x00000001  x1:0x00000000  x1=0x00000001
         219137	     10855	8000487e	0224deb3	divu	x29,x9,x2	  x9:0x0000164c  x2:0x00532402 x29=0x00000000
         219157	     10856	80004882	f9fe7397	auipc	x7,0xf9fe7	  x7=0x79feb882
         219177	     10857	80004886	3403fbf3	csrrci	x23,mscratch,7	 x23=0x00000013
         219197	     10858	8000488a	02c17c13	andi	x24,x2,44	  x2:0x00532402 x24=0x00000000
         219217	     10859	8000488e	02081363	bne	x16,x0,800048b4	 x16:0x80021e44  x0:0x00000000
         219317	     10864	800048b4	00a4d0b3	srl	x1,x9,x10	  x9:0x0000164c x10:0x9344afd6  x1=0x00000000
         219617	     10879	800048b8	34003173	csrrc	x2,mscratch,x0	  x0:0x00000000  x2=0x00000010
         219657	     10881	800048bc	027e30b3	mulhu	x1,x28,x7	 x28:0x00000800  x7:0x79feb882  x1=0x000003cf
         219677	     10882	800048c0	7a8d7037	lui	x0,0x7a8d7	  x0=0x00000000
         219837	     10890	800048c4	02c3d563	bge	x7,x12,800048ee	  x7:0x79feb882 x12:0x80021e44
         220237	     10910	800048ee	02dae963	bltu	x21,x13,80004920	 x21:0x00000000 x13:0x80021e44
         231817	     11489	80004920	ec0d	c.bnez	x8,8000495a	  x8:0x00000696
         232917	     11544	8000495a	17108893	addi	x17,x1,369	  x1:0x000003cf x17=0x00000540
         233337	     11565	8000495e	7262a793	slti	x15,x5,1830	  x5:0x00000029 x15=0x00000001
         233397	     11568	80004962	0ff0000f	fence	iorw,iorw	
         233717	     11584	80004966	00049233	sll	x4,x9,x0	  x9:0x0000164c  x0:0x00000000  x4=0x0000164c
         233737	     11585	8000496a	0001	c.addi	x0,0	  x0:0x00000000  x0=0x00000000
         233757	     11586	8000496c	02275163	bge	x14,x2,8000498e	 x14:0xe570c876  x2:0x00000010
         233857	     11591	80004970	02472133	mulhsu	x2,x14,x4	 x14:0xe570c876  x4:0x0000164c  x2=0xfffffdaf
         233997	     11598	80004974	7f4be593	ori	x11,x23,2036	 x23:0x00000013 x11=0x000007f7
         234157	     11606	80004978	01a80bb3	add	x23,x16,x26	 x16:0x80021e44 x26:0x00000001 x23=0x80021e45
         234557	     11626	8000497c	029e8033	mul	x0,x29,x9	 x29:0x00000000  x9:0x0000164c  x0=0x00000000
         234637	     11630	80004980	40440733	sub	x14,x8,x4	  x8:0x00000696  x4:0x0000164c x14=0xfffff04a
         235057	     11651	80004984	0ff0000f	fence	iorw,iorw	
         235077	     11652	80004988	8881	c.andi	x9,0	  x9:0x0000164c  x9=0x00000000
         235097	     11653	8000498a	008cf233	and	x4,x25,x8	 x25:0x00000000  x8:0x00000696  x4=0x00000000
         235117	     11654	8000498e	34041073	csrrw	x0,mscratch,x8	  x8:0x00000696  x0=0x00000000
         236117	     11704	80004992	031fecb3	rem	x25,x31,x17	 x31:0x5b435ce4 x17:0x00000540 x25=0x00000064
         236137	     11705	80004996	084e	c.slli	x16,0x13	 x16:0x80021e44 x16=0xf2200000
         236157	     11706	80004998	0001	c.addi	x0,0	  x0:0x00000000  x0=0x00000000
         236177	     11707	8000499a	4016de33	sra	x28,x13,x1	 x13:0x80021e44  x1:0x000003cf x28=0xffff0004
         236197	     11708	8000499e	3758bb93	sltiu	x23,x17,885	 x17:0x00000540 x23=0x00000000
         236217	     11709	800049a2	00be02b3	add	x5,x28,x11	 x28:0xffff0004 x11:0x000007f7  x5=0xffff07fb
         236237	     11710	800049a6	5c7d	c.li	x24,-1	 x24=0xffffffff
         236257	     11711	800049a8	3d5dbf13	sltiu	x30,x27,981	 x27:0xa169e172 x30=0x00000000
         236277	     11712	800049ac	0043de33	srl	x28,x7,x4	  x7:0x79feb882  x4:0x00000000 x28=0x79feb882
         236497	     11723	800049b0	026b9633	mulh	x12,x23,x6	 x23:0x00000000  x6:0x00000000 x12=0x00000000
         236517	     11724	800049b4	34099cf3	csrrw	x25,mscratch,x19	 x19:0x80025ce4 x25=0x00000696
         236537	     11725	800049b8	02340463	beq	x8,x3,800049e0	  x8:0x00000696  x3:0xeda029e0
         236557	     11726	800049bc	4058d513	srai	x10,x17,0x5	 x17:0x00000540 x10=0x0000002a
         236837	     11740	800049c0	01ac7933	and	x18,x24,x26	 x24:0xffffffff x26:0x00000001 x18=0x00000001
         236857	     11741	800049c4	9466	c.add	x8,x25	  x8:0x00000696 x25:0x00000696  x8=0x00000d2c
         236877	     11742	800049c6	5f7d	c.li	x30,-1	 x30=0xffffffff
         236897	     11743	800049c8	340a28f3	csrrs	x17,mscratch,x20	 x20:0x5e961e8e x17=0x80025ce4
         237037	     11750	800049cc	18fd	c.addi	x17,-1	 x17:0x80025ce4 x17=0x80025ce3
         237057	     11751	800049ce	e305	c.bnez	x14,800049ee	 x14:0xfffff04a
         237477	     11772	800049ee	6169	c.addi16sp	x2,208	  x2:0xfffffdaf  x2=0xfffffe7f
         237517	     11774	800049f0	014bf3b3	and	x7,x23,x20	 x23:0x00000000 x20:0x5e961e8e  x7=0x00000000
         237937	     11795	800049f4	678d	c.lui	x15,0x3	 x15=0x00003000
         237957	     11796	800049f6	00b28663	beq	x5,x11,80004a02	  x5:0xffff07fb x11:0x000007f7
         237977	     11797	800049fa	00f25e63	bge	x4,x15,80004a16	  x4:0x00000000 x15:0x00003000
         237997	     11798	800049fe	e71ccb93	xori	x23,x25,-399	 x25:0x00000696 x23=0xfffff8e7
         238417	     11819	80004a02	340563f3	csrrsi	x7,mscratch,10	  x7=0xde965eee
         238457	     11821	80004a06	024f6b33	rem	x22,x30,x4	 x30:0xffffffff  x4:0x00000000 x22=0xffffffff
         238857	     11841	80004a0a	1d51a713	slti	x14,x3,469	  x3:0xeda029e0 x14=0x00000001
         239017	     11849	80004a0e	3400de73	csrrwi	x28,mscratch,1	 x28=0xde965eee
         239037	     11850	80004a12	01e04133	xor	x2,x0,x30	  x0:0x00000000 x30:0xffffffff  x2=0xffffffff
         239057	     11851	80004a16	0001	c.addi	x0,0	  x0:0x00000000  x0=0x00000000
         239197	     11858	80004a18	01ddecb3	or	x25,x27,x29	 x27:0xa169e172 x29:0x00000000 x25=0xa169e172
         239217	     11859	80004a1c	340451f3	csrrwi	x3,mscratch,8	  x3=0x00000001
         239237	     11860	80004a20	340073f3	csrrci	x7,mscratch,0	  x7=0x00000008
         239277	     11862	80004a24	01166fb3	or	x31,x12,x17	 x12:0x00000000 x17:0x80025ce3 x31=0x80025ce3
         239677	     11882	80004a28	717d	c.addi16sp	x2,-16	  x2:0xffffffff  x2=0xffffffef
         239737	     11885	80004a2a	3f983017	auipc	x0,0x3f983	  x0=0x00000000
         239757	     11886	80004a2e	61f9	c.lui	x3,0x1e	  x3=0x0001e000
         239777	     11887	80004a30	bdaee013	ori	x0,x29,-1062	 x29:0x00000000  x0=0x00000000
         239797	     11888	80004a34	00f6fe33	and	x28,x13,x15	 x13:0x80021e44 x15:0x00003000 x28=0x00001000
         240017	     11899	80004a38	c089	c.beqz	x9,80004a3a	  x9:0x00000000
         240837	     11940	80004a3a	024bf963	bgeu	x23,x4,80004a6c	 x23:0xfffff8e7  x4:0x00000000
         241237	     11960	80004a6c	00fdcb33	xor	x22,x27,x15	 x27:0xa169e172 x15:0x00003000 x22=0xa169d172
         241277	     11962	80004a70	407c5293	srai	x5,x24,0x7	 x24:0xffffffff  x5=0xffffffff
         241697	     11983	80004a74	009e6333	or	x6,x28,x9	 x28:0x00001000  x9:0x00000000  x6=0x00001000
         241717	     11984	80004a78	0ff0000f	fence	iorw,iorw	
         242137	     12005	80004a7c	0710	c.addi4spn	x12,x2,896	 x12=0x0000036f
         242157	     12006	80004a7e	ce01	c.beqz	x12,80004a96	 x12:0x0000036f
         242177	     12007	80004a80	3407ba73	csrrc	x20,mscratch,x15	 x15:0x00003000 x20=0x00000008
         242197	     12008	80004a84	b054d137	lui	x2,0xb054d	  x2=0xb054d000
         242257	     12011	80004a88	027d8133	mul	x2,x27,x7	 x27:0xa169e172  x7:0x00000008  x2=0x0b4f0b90
         242397	     12018	80004a8c	8d1d	c.sub	x10,x15	 x10:0x0000002a x15:0x00003000 x10=0xffffd02a
         242477	     12022	80004a8e	a85be913	ori	x18,x23,-1403	 x23:0xfffff8e7 x18=0xfffffae7
         242657	     12031	80004a92	62c20313	addi	x6,x4,1580	  x4:0x00000000  x6=0x0000062c
         242677	     12032	80004a96	84a9	c.srai	x9,0xa	  x9:0x00000000  x9=0x00000000
         242697	     12033	80004a98	2c328193	addi	x3,x5,707	  x5:0xffffffff  x3=0x000002c2
         242897	     12043	80004a9c	6631	c.lui	x12,0xc	 x12=0x0000c000
         242917	     12044	80004a9e	889e	c.mv	x17,x7	  x0:0x00000000  x7:0x00000008 x17=0x00000008
         242937	     12045	80004aa0	0001	c.addi	x0,0	  x0:0x00000000  x0=0x00000000
         243337	     12065	80004aa2	41c45213	srai	x4,x8,0x1c	  x8:0x00000d2c  x4=0x00000000
         243597	     12078	80004aa6	03724963	blt	x4,x23,80004ad8	  x4:0x00000000 x23:0xfffff8e7
         243617	     12079	80004aaa	84cd	c.srai	x9,0x13	  x9:0x00000000  x9=0x00000000
         243797	     12088	80004aac	4de30f13	addi	x30,x6,1246	  x6:0x0000062c x30=0x00000b0a
         243817	     12089	80004ab0	03a29863	bne	x5,x26,80004ae0	  x5:0xffffffff x26:0x00000001
         244417	     12119	80004ae0	e16eae93	slti	x29,x29,-490	 x29:0x00000000 x29=0x00000000
         244437	     12120	80004ae4	03a56363	bltu	x10,x26,80004b0a	 x10:0xffffd02a x26:0x00000001
         244517	     12124	80004ae8	00467633	and	x12,x12,x4	 x12:0x0000c000  x4:0x00000000 x12=0x00000000
         244717	     12134	80004aec	8a152e13	slti	x28,x10,-1887	 x10:0xffffd02a x28=0x00000001
         244737	     12135	80004af0	0091fe33	and	x28,x3,x9	  x3:0x000002c2  x9:0x00000000 x28=0x00000000
         244757	     12136	80004af4	024a	c.slli	x4,0x12	  x4:0x00000000  x4=0x00000000
         244777	     12137	80004af6	01a8db93	srli	x23,x17,0x1a	 x17:0x00000008 x23=0x00000000
         245257	     12161	80004afa	02936f33	rem	x30,x6,x9	  x6:0x0000062c  x9:0x00000000 x30=0x0000062c
         245277	     12162	80004afe	0ff0000f	fence	iorw,iorw	
         245357	     12166	80004b02	7d0cb297	auipc	x5,0x7d0cb	  x5=0xfd0cfb02
         245497	     12173	80004b06	0027f8b3	and	x17,x15,x2	 x15:0x00003000  x2:0x0b4f0b90 x17=0x00000000
         245797	     12188	80004b0a	00df8a63	beq	x31,x13,80004b1e	 x31:0x80025ce3 x13:0x80021e44
         245957	     12196	80004b0e	018f1f93	slli	x31,x30,0x18	 x30:0x0000062c x31=0x2c000000
         246317	     12214	80004b12	0348ec63	bltu	x17,x20,80004b4a	 x17:0x00000000 x20:0x00000008
         247457	     12271	80004b4a	bc6d85b7	lui	x11,0xbc6d8	 x11=0xbc6d8000
         247637	     12280	80004b4e	03146033	rem	x0,x8,x17	  x8:0x00000d2c x17:0x00000000  x0=0x00000000
         247897	     12293	80004b52	34019a73	csrrw	x20,mscratch,x3	  x3:0x000002c2 x20=0x00000008
         247917	     12294	80004b56	435d	c.li	x6,23	  x6=0x00000017
         248017	     12299	80004b58	ac92a393	slti	x7,x5,-1335	  x5:0xfd0cfb02  x7=0x00000001
         248037	     12300	80004b5c	00006c97	auipc	x25,0x6	 x25=0x8000ab5c
         248397	     12318	80004b60	e60c8c93	addi	x25,x25,-416	 x25:0x8000ab5c x25=0x8000a9bc
         248797	     12338	80004b64	8e35	c.xor	x12,x13	 x12:0x00000000 x13:0x80021e44 x12=0x80021e44
         248817	     12339	80004b66	8d8d	c.sub	x11,x11	 x11:0xbc6d8000 x11:0xbc6d8000 x11=0x00000000
         248837	     12340	80004b68	01391493	slli	x9,x18,0x13	 x18:0xfffffae7  x9=0xd7380000
         249017	     12349	80004b6c	01f67233	and	x4,x12,x31	 x12:0x80021e44 x31:0x2c000000  x4=0x00000000
         249437	     12370	80004b70	1b84	c.addi4spn	x9,x2,496	  x9=0x0b4f0d80
         249457	     12371	80004b72	34033173	csrrc	x2,mscratch,x6	  x6:0x00000017  x2=0x000002c2
         249477	     12372	80004b76	0c85	c.addi	x25,1	 x25:0x8000a9bc x25=0x8000a9bd
         250597	     12428	80004b78	03ebdc33	divu	x24,x23,x30	 x23:0x00000000 x30:0x0000062c x24=0x00000000
         250617	     12429	80004b7c	9c82	c.jalr	x25	 x25:0x8000a9bd  x1=0x80004b7e
         250777	     12437	8000a9bc	02c48733	mul	x14,x9,x12	  x9:0x0b4f0d80 x12:0x80021e44 x14=0x5f949600
         251097	     12453	8000a9c0	fd468693	addi	x13,x13,-44	 x13:0x80021e44 x13=0x80021e18
         251837	     12490	8000a9c4	025a64b3	rem	x9,x20,x5	 x20:0x00000008  x5:0xfd0cfb02  x9=0x00000008
         251897	     12493	8000a9c8	0016a223	sw	x1,4(x13)	 x13:0x80021e18  x1:0x80004b7e PA:0x80021e1c store:0x80004b7e
         251917	     12494	8000a9cc	6ef5	c.lui	x29,0x1d	 x29=0x0001d000
         251937	     12495	8000a9ce	81fd	c.srli	x11,0x1f	 x11:0x00000000 x11=0x00000000
         251957	     12496	8000a9d0	00fe	c.slli	x1,0x1f	  x1:0x80004b7e  x1=0x00000000
         251977	     12497	8000a9d2	00789013	slli	x0,x17,0x7	 x17:0x00000000  x0=0x00000000
         251997	     12498	8000a9d6	81d9	c.srli	x11,0x16	 x11:0x00000000 x11=0x00000000
         252017	     12499	8000a9d8	105e6213	ori	x4,x28,261	 x28:0x00000000  x4=0x00000105
         252037	     12500	8000a9dc	ffff9817	auipc	x16,0xffff9	 x16=0x800039dc
         252437	     12520	8000a9e0	c7280813	addi	x16,x16,-910	 x16:0x800039dc x16=0x8000364e
         252597	     12528	8000a9e4	03522ab3	mulhsu	x21,x4,x21	  x4:0x00000105 x21:0x00000000 x21=0x00000000
         252617	     12529	8000a9e8	84904313	xori	x6,x0,-1975	  x0:0x00000000  x6=0xfffff849
         252637	     12530	8000a9ec	00080813	addi	x16,x16,0	 x16:0x8000364e x16=0x8000364e
         252717	     12534	8000a9f0	031f8733	mul	x14,x31,x17	 x31:0x2c000000 x17:0x00000000 x14=0x00000000
         252737	     12535	8000a9f4	6e41	c.lui	x28,0x10	 x28=0x00010000
         252757	     12536	8000a9f6	9802	c.jalr	x16	 x16:0x8000364e  x1=0x8000a9f8
         253457	     12571	8000364e	16e1	c.addi	x13,-8	 x13:0x80021e18 x13=0x80021e10
         253637	     12580	80003650	00bb08b3	add	x17,x22,x11	 x22:0xa169d172 x11:0x00000000 x17=0xa169d172
         253657	     12581	80003654	0001	c.addi	x0,0	  x0:0x00000000  x0=0x00000000
         254077	     12602	80003656	03e5a2b3	mulhsu	x5,x11,x30	 x11:0x00000000 x30:0x0000062c  x5=0x00000000
         254137	     12605	8000365a	0016a223	sw	x1,4(x13)	 x13:0x80021e10  x1:0x8000a9f8 PA:0x80021e14 store:0x8000a9f8
         254157	     12606	8000365e	4d15	c.li	x26,5	 x26=0x00000005
         254177	     12607	80003660	b4787b93	andi	x23,x16,-1209	 x16:0x8000364e x23=0x80003246
         254277	     12612	80003664	00000797	auipc	x15,0x0	 x15=0x80003664
         254477	     12622	80003668	f8878793	addi	x15,x15,-120	 x15:0x80003664 x15=0x800035ec
         254517	     12624	8000366c	032a9a33	mulh	x20,x21,x18	 x21:0x00000000 x18:0xfffffae7 x20=0x00000000
         254557	     12626	80003670	034c5933	divu	x18,x24,x20	 x24:0x00000000 x20:0x00000000 x18=0xffffffff
         254577	     12627	80003674	34007073	csrrci	x0,mscratch,0	  x0=0x00000000
         254957	     12646	80003678	34007ff3	csrrci	x31,mscratch,0	 x31=0x000002c0
         255117	     12654	8000367c	98fd	c.andi	x9,-1	  x9:0x00000008  x9=0x00000008
         255137	     12655	8000367e	340298f3	csrrw	x17,mscratch,x5	  x5:0x00000000 x17=0x000002c0
         255157	     12656	80003682	63f1	c.lui	x7,0x1c	  x7=0x0001c000
         255517	     12674	80003684	0785	c.addi	x15,1	 x15:0x800035ec x15=0x800035ed
         255537	     12675	80003686	8985	c.andi	x11,1	 x11:0x00000000 x11=0x00000000
         255557	     12676	80003688	9782	c.jalr	x15	 x15:0x800035ed  x1=0x8000368a
         256017	     12699	800035ec	00d84663	blt	x16,x13,800035f8	 x16:0x8000364e x13:0x80021e10
         256537	     12725	800035f8	1691	c.addi	x13,-28	 x13:0x80021e10 x13=0x80021df4
         257037	     12750	800035fa	0016a223	sw	x1,4(x13)	 x13:0x80021df4  x1:0x8000368a PA:0x80021df8 store:0x8000368a
         257057	     12751	800035fe	0690	c.addi4spn	x12,x2,832	 x12=0x00000602
         257077	     12752	80003600	8dd9	c.or	x11,x14	 x11:0x00000000 x14:0x00000000 x11=0x00000000
         257177	     12757	80003602	34065bf3	csrrwi	x23,mscratch,12	 x23=0x00000000
         257197	     12758	80003606	028f8633	mul	x12,x31,x8	 x31:0x000002c0  x8:0x00000d2c x12=0x00243900
         257217	     12759	8000360a	008ada13	srli	x20,x21,0x8	 x21:0x00000000 x20=0x00000000
         257237	     12760	8000360e	8741	c.srai	x14,0x10	 x14:0x00000000 x14=0x00000000
         257257	     12761	80003610	340027f3	csrrs	x15,mscratch,x0	  x0:0x00000000 x15=0x0000000c
         258137	     12805	80003614	03187ab3	remu	x21,x16,x17	 x16:0x8000364e x17:0x000002c0 x21=0x000001ce
         258157	     12806	80003618	340021f3	csrrs	x3,mscratch,x0	  x0:0x00000000  x3=0x0000000c
         258177	     12807	8000361c	1efd	c.addi	x29,-1	 x29:0x0001d000 x29=0x0001cfff
         258917	     12844	8000361e	026577b3	remu	x15,x10,x6	 x10:0xffffd02a  x6:0xfffff849 x15=0xffffd02a
         258937	     12845	80003622	01d97663	bgeu	x18,x29,8000362e	 x18:0xffffffff x29:0x0001cfff
         258997	     12848	8000362e	0191c1b3	xor	x3,x3,x25	  x3:0x0000000c x25:0x8000a9bd  x3=0x8000a9b1
         259377	     12867	80003632	0046a083	lw	x1,4(x13)	 x13:0x80021df4  x1=0x8000368a PA:0x80021df8 load:0x8000368a
         259577	     12877	80003636	00b65393	srli	x7,x12,0xb	 x12:0x00243900  x7=0x00000487
         259997	     12898	8000363a	340d17f3	csrrw	x15,mscratch,x26	 x26:0x00000005 x15=0x0000000c
         260737	     12935	8000363e	02d1ca33	div	x20,x3,x13	  x3:0x8000a9b1 x13:0x80021df4 x20=0x00000001
         260757	     12936	80003642	8a1d	c.andi	x12,7	 x12:0x00243900 x12=0x00000000
         260777	     12937	80003644	06f1	c.addi	x13,28	 x13:0x80021df4 x13=0x80021e10
         260797	     12938	80003646	9d0a	c.add	x26,x2	 x26:0x00000005  x2:0x000002c2 x26=0x000002c7
         260817	     12939	80003648	00008b93	addi	x23,x1,0	  x1:0x8000368a x23=0x8000368a
         260837	     12940	8000364c	8b82	c.jr	x23	 x23:0x8000368a
         260877	     12942	8000368a	83fd	c.srli	x15,0x1f	 x15:0x0000000c x15=0x00000000
         260897	     12943	8000368c	340eb4f3	csrrc	x9,mscratch,x29	 x29:0x0001cfff  x9=0x00000005
         260917	     12944	80003690	0001	c.addi	x0,0	  x0:0x00000000  x0=0x00000000
         260937	     12945	80003692	039b6363	bltu	x22,x25,800036b8	 x22:0xa169d172 x25:0x8000a9bd
         261837	     12990	80003696	10dd2d17	auipc	x26,0x10dd2	 x26=0x90dd5696
         261917	     12994	8000369a	34092273	csrrs	x4,mscratch,x18	 x18:0xffffffff  x4=0x00000000
         261937	     12995	8000369e	936e	c.add	x6,x27	  x6:0xfffff849 x27:0xa169e172  x6=0xa169d9bb
         261957	     12996	800036a0	4aa9	c.li	x21,10	 x21=0x0000000a
         262137	     13005	800036a2	01299b63	bne	x19,x18,800036b8	 x19:0x80025ce4 x18:0xffffffff
         262497	     13023	800036b8	8136	c.mv	x2,x13	  x0:0x00000000 x13:0x80021e10  x2=0x80021e10
         262837	     13040	800036ba	02b98b33	mul	x22,x19,x11	 x19:0x80025ce4 x11:0x00000000 x22=0x00000000
         263017	     13049	800036be	0046a083	lw	x1,4(x13)	 x13:0x80021e10  x1=0x8000a9f8 PA:0x80021e14 load:0x8000a9f8
         263097	     13053	800036c2	7965f493	andi	x9,x11,1942	 x11:0x00000000  x9=0x00000000
         263117	     13054	800036c6	0001	c.addi	x0,0	  x0:0x00000000  x0=0x00000000
         263137	     13055	800036c8	e6cfc713	xori	x14,x31,-404	 x31:0x000002c0 x14=0xfffffcac
         263157	     13056	800036cc	6c290a93	addi	x21,x18,1730	 x18:0xffffffff x21=0x000006c1
         263257	     13061	800036d0	406dd7b3	sra	x15,x27,x6	 x27:0xa169e172  x6:0xa169d9bb x15=0xfffffff4
         263277	     13062	800036d4	0001	c.addi	x0,0	  x0:0x00000000  x0=0x00000000
         263297	     13063	800036d6	4175	c.li	x2,29	  x2=0x0000001d
         263317	     13064	800036d8	06a1	c.addi	x13,8	 x13:0x80021e10 x13=0x80021e18
         263337	     13065	800036da	8c6d	c.and	x8,x11	  x8:0x00000d2c x11:0x00000000  x8=0x00000000
         263397	     13068	800036dc	00008e93	addi	x29,x1,0	  x1:0x8000a9f8 x29=0x8000a9f8
         263417	     13069	800036e0	9e82	c.jalr	x29	 x29:0x8000a9f8  x1=0x800036e2
         263457	     13071	8000a9f8	e211a593	slti	x11,x3,-479	  x3:0x8000a9b1 x11=0x00000001
         263477	     13072	8000a9fc	0001	c.addi	x0,0	  x0:0x00000000  x0=0x00000000
         263517	     13074	8000a9fe	02c45033	divu	x0,x8,x12	  x8:0x00000000 x12:0x00000000  x0=0x00000000
         263537	     13075	8000aa02	0139c563	blt	x19,x19,8000aa0c	 x19:0x80025ce4 x19:0x80025ce4
         263557	     13076	8000aa06	427d	c.li	x4,31	  x4=0x0000001f
         263677	     13082	8000aa08	15a30713	addi	x14,x6,346	  x6:0xa169d9bb x14=0xa169db15
         263697	     13083	8000aa0c	c43f80ef	jal	x1,8000364e	  x1=0x8000aa10
         263737	     13085	8000364e	16e1	c.addi	x13,-8	 x13:0x80021e18 x13=0x80021e10
         263797	     13088	80003650	00bb08b3	add	x17,x22,x11	 x22:0x00000000 x11:0x00000001 x17=0x00000001
         263817	     13089	80003654	0001	c.addi	x0,0	  x0:0x00000000  x0=0x00000000
         263857	     13091	80003656	03e5a2b3	mulhsu	x5,x11,x30	 x11:0x00000001 x30:0x0000062c  x5=0x00000000
         264117	     13104	8000365a	0016a223	sw	x1,4(x13)	 x13:0x80021e10  x1:0x8000aa10 PA:0x80021e14 store:0x8000aa10
         264137	     13105	8000365e	4d15	c.li	x26,5	 x26=0x00000005
         264157	     13106	80003660	b4787b93	andi	x23,x16,-1209	 x16:0x8000364e x23=0x80003246
         264177	     13107	80003664	00000797	auipc	x15,0x0	 x15=0x80003664
         264197	     13108	80003668	f8878793	addi	x15,x15,-120	 x15:0x80003664 x15=0x800035ec
         264237	     13110	8000366c	032a9a33	mulh	x20,x21,x18	 x21:0x000006c1 x18:0xffffffff x20=0xffffffff
         264977	     13147	80003670	034c5933	divu	x18,x24,x20	 x24:0x00000000 x20:0xffffffff x18=0x00000000
         264997	     13148	80003674	34007073	csrrci	x0,mscratch,0	  x0=0x00000000
         265017	     13149	80003678	34007ff3	csrrci	x31,mscratch,0	 x31=0xffffffff
         265037	     13150	8000367c	98fd	c.andi	x9,-1	  x9:0x00000000  x9=0x00000000
         265057	     13151	8000367e	340298f3	csrrw	x17,mscratch,x5	  x5:0x00000000 x17=0xffffffff
         265077	     13152	80003682	63f1	c.lui	x7,0x1c	  x7=0x0001c000
         265097	     13153	80003684	0785	c.addi	x15,1	 x15:0x800035ec x15=0x800035ed
         265117	     13154	80003686	8985	c.andi	x11,1	 x11:0x00000001 x11=0x00000001
         265137	     13155	80003688	9782	c.jalr	x15	 x15:0x800035ed  x1=0x8000368a
         265177	     13157	800035ec	00d84663	blt	x16,x13,800035f8	 x16:0x8000364e x13:0x80021e10
         265217	     13159	800035f8	1691	c.addi	x13,-28	 x13:0x80021e10 x13=0x80021df4
         265277	     13162	800035fa	0016a223	sw	x1,4(x13)	 x13:0x80021df4  x1:0x8000368a PA:0x80021df8 store:0x8000368a
         265297	     13163	800035fe	0690	c.addi4spn	x12,x2,832	 x12=0x0000035d
         265317	     13164	80003600	8dd9	c.or	x11,x14	 x11:0x00000001 x14:0xa169db15 x11=0xa169db15
         265337	     13165	80003602	34065bf3	csrrwi	x23,mscratch,12	 x23=0x00000000
         265357	     13166	80003606	028f8633	mul	x12,x31,x8	 x31:0xffffffff  x8:0x00000000 x12=0x00000000
         265377	     13167	8000360a	008ada13	srli	x20,x21,0x8	 x21:0x000006c1 x20=0x00000006
         265397	     13168	8000360e	8741	c.srai	x14,0x10	 x14:0xa169db15 x14=0xffffa169
         265417	     13169	80003610	340027f3	csrrs	x15,mscratch,x0	  x0:0x00000000 x15=0x0000000c
         266157	     13206	80003614	03187ab3	remu	x21,x16,x17	 x16:0x8000364e x17:0xffffffff x21=0x8000364e
         266177	     13207	80003618	340021f3	csrrs	x3,mscratch,x0	  x0:0x00000000  x3=0x0000000c
         266197	     13208	8000361c	1efd	c.addi	x29,-1	 x29:0x8000a9f8 x29=0x8000a9f7
         266937	     13245	8000361e	026577b3	remu	x15,x10,x6	 x10:0xffffd02a  x6:0xa169d9bb x15=0x5e95f66f
         266957	     13246	80003622	01d97663	bgeu	x18,x29,8000362e	 x18:0x00000000 x29:0x8000a9f7
         266977	     13247	80003626	40090633	sub	x12,x18,x0	 x18:0x00000000  x0:0x00000000 x12=0x00000000
         266997	     13248	8000362a	0033fa33	and	x20,x7,x3	  x7:0x0001c000  x3:0x0000000c x20=0x00000000
         267017	     13249	8000362e	0191c1b3	xor	x3,x3,x25	  x3:0x0000000c x25:0x8000a9bd  x3=0x8000a9b1
         267077	     13252	80003632	0046a083	lw	x1,4(x13)	 x13:0x80021df4  x1=0x8000368a PA:0x80021df8 load:0x8000368a
         267097	     13253	80003636	00b65393	srli	x7,x12,0xb	 x12:0x00000000  x7=0x00000000
         267117	     13254	8000363a	340d17f3	csrrw	x15,mscratch,x26	 x26:0x00000005 x15=0x0000000c
         267857	     13291	8000363e	02d1ca33	div	x20,x3,x13	  x3:0x8000a9b1 x13:0x80021df4 x20=0x00000001
         267877	     13292	80003642	8a1d	c.andi	x12,7	 x12:0x00000000 x12=0x00000000
         267897	     13293	80003644	06f1	c.addi	x13,28	 x13:0x80021df4 x13=0x80021e10
         267917	     13294	80003646	9d0a	c.add	x26,x2	 x26:0x00000005  x2:0x0000001d x26=0x00000022
         267937	     13295	80003648	00008b93	addi	x23,x1,0	  x1:0x8000368a x23=0x8000368a
         267957	     13296	8000364c	8b82	c.jr	x23	 x23:0x8000368a
         267997	     13298	8000368a	83fd	c.srli	x15,0x1f	 x15:0x0000000c x15=0x00000000
         268017	     13299	8000368c	340eb4f3	csrrc	x9,mscratch,x29	 x29:0x8000a9f7  x9=0x00000005
         268037	     13300	80003690	0001	c.addi	x0,0	  x0:0x00000000  x0=0x00000000
         268057	     13301	80003692	039b6363	bltu	x22,x25,800036b8	 x22:0x00000000 x25:0x8000a9bd
         268097	     13303	800036b8	8136	c.mv	x2,x13	  x0:0x00000000 x13:0x80021e10  x2=0x80021e10
         268117	     13304	800036ba	02b98b33	mul	x22,x19,x11	 x19:0x80025ce4 x11:0xa169db15 x22=0x032caab4
         268177	     13307	800036be	0046a083	lw	x1,4(x13)	 x13:0x80021e10  x1=0x8000aa10 PA:0x80021e14 load:0x8000aa10
         268197	     13308	800036c2	7965f493	andi	x9,x11,1942	 x11:0xa169db15  x9=0x00000314
         268217	     13309	800036c6	0001	c.addi	x0,0	  x0:0x00000000  x0=0x00000000
         268237	     13310	800036c8	e6cfc713	xori	x14,x31,-404	 x31:0xffffffff x14=0x00000193
         268257	     13311	800036cc	6c290a93	addi	x21,x18,1730	 x18:0x00000000 x21=0x000006c2
         268277	     13312	800036d0	406dd7b3	sra	x15,x27,x6	 x27:0xa169e172  x6:0xa169d9bb x15=0xfffffff4
         268297	     13313	800036d4	0001	c.addi	x0,0	  x0:0x00000000  x0=0x00000000
         268317	     13314	800036d6	4175	c.li	x2,29	  x2=0x0000001d
         268337	     13315	800036d8	06a1	c.addi	x13,8	 x13:0x80021e10 x13=0x80021e18
         268357	     13316	800036da	8c6d	c.and	x8,x11	  x8:0x00000000 x11:0xa169db15  x8=0x00000000
         268377	     13317	800036dc	00008e93	addi	x29,x1,0	  x1:0x8000aa10 x29=0x8000aa10
         268397	     13318	800036e0	9e82	c.jalr	x29	 x29:0x8000aa10  x1=0x800036e2
         268437	     13320	8000aa10	4a21	c.li	x20,8	 x20=0x00000008
         268477	     13322	8000aa12	038db733	mulhu	x14,x27,x24	 x27:0xa169e172 x24:0x00000000 x14=0x00000000
         268497	     13323	8000aa16	340d55f3	csrrwi	x11,mscratch,26	 x11=0x00000000
         269237	     13360	8000aa1a	03da5e33	divu	x28,x20,x29	 x20:0x00000008 x29:0x8000aa10 x28=0x00000000
         269257	     13361	8000aa1e	24a83e17	auipc	x28,0x24a83	 x28=0xa4a8da1e
         269277	     13362	8000aa22	000cac33	slt	x24,x25,x0	 x25:0x8000a9bd  x0:0x00000000 x24=0x00000001
         269297	     13363	8000aa26	717d	c.addi16sp	x2,-16	  x2:0x0000001d  x2=0x0000000d
         269317	     13364	8000aa28	85a5	c.srai	x11,0x9	 x11:0x00000000 x11=0x00000000
         269337	     13365	8000aa2a	01f7f2b3	and	x5,x15,x31	 x15:0xfffffff4 x31:0xffffffff  x5=0xfffffff4
         269357	     13366	8000aa2e	a2f88e93	addi	x29,x17,-1489	 x17:0xffffffff x29=0xfffffa2e
         269377	     13367	8000aa32	00882933	slt	x18,x16,x8	 x16:0x8000364e  x8:0x00000000 x18=0x00000001
         269397	     13368	8000aa36	8c29	c.xor	x8,x10	  x8:0x00000000 x10:0xffffd02a  x8=0xffffd02a
         269697	     13383	8000aa38	340db0f3	csrrc	x1,mscratch,x27	 x27:0xa169e172  x1=0x0000001a
         269917	     13394	8000aa3c	45c13493	sltiu	x9,x2,1116	  x2:0x0000000d  x9=0x00000001
         269937	     13395	8000aa40	03e7c263	blt	x15,x30,8000aa64	 x15:0xfffffff4 x30:0x0000062c
         270077	     13402	8000aa64	013a8233	add	x4,x21,x19	 x21:0x000006c2 x19:0x80025ce4  x4=0x800263a6
         270457	     13421	8000aa68	8c09	c.sub	x8,x10	  x8:0xffffd02a x10:0xffffd02a  x8=0x00000000
         270477	     13422	8000aa6a	0060ff63	bgeu	x1,x6,8000aa88	  x1:0x0000001a  x6:0xa169d9bb
         270497	     13423	8000aa6e	717d	c.addi16sp	x2,-16	  x2:0x0000000d  x2=0xfffffffd
         270517	     13424	8000aa70	8fa5	c.xor	x15,x9	 x15:0xfffffff4  x9:0x00000001 x15=0xfffffff5
         270917	     13444	8000aa72	007f02b3	add	x5,x30,x7	 x30:0x0000062c  x7:0x00000000  x5=0x0000062c
         282797	     14038	8000aa76	02824933	div	x18,x4,x8	  x4:0x800263a6  x8:0x00000000 x18=0xffffffff
         282817	     14039	8000aa7a	10f6a613	slti	x12,x13,271	 x13:0x80021e18 x12=0x00000001
         282837	     14040	8000aa7e	de45e393	ori	x7,x11,-540	 x11:0x00000000  x7=0xfffffde4
         282857	     14041	8000aa82	10d6a413	slti	x8,x13,269	 x13:0x80021e18  x8=0x00000001
         282877	     14042	8000aa86	eb05	c.bnez	x14,8000aab6	 x14:0x00000000
         283617	     14079	8000aa88	021acd33	div	x26,x21,x1	 x21:0x000006c2  x1:0x0000001a x26=0x00000042
         283637	     14080	8000aa8c	6105	c.addi16sp	x2,32	  x2:0xfffffffd  x2=0x0000001d
         283657	     14081	8000aa8e	00121463	bne	x4,x1,8000aa96	  x4:0x800263a6  x1:0x0000001a
         283697	     14083	8000aa96	8865	c.andi	x8,25	  x8:0x00000001  x8=0x00000001
         283717	     14084	8000aa98	01c4c333	xor	x6,x9,x28	  x9:0x00000001 x28:0xa4a8da1e  x6=0xa4a8da1f
         284457	     14121	8000aa9c	027ac7b3	div	x15,x21,x7	 x21:0x000006c2  x7:0xfffffde4 x15=0xfffffffd
         284477	     14122	8000aaa0	97ee	c.add	x15,x27	 x15:0xfffffffd x27:0xa169e172 x15=0xa169e16f
         284497	     14123	8000aaa2	406e8ab3	sub	x21,x29,x6	 x29:0xfffffa2e  x6:0xa4a8da1f x21=0x5b57200f
         284537	     14125	8000aaa6	010e85b3	add	x11,x29,x16	 x29:0xfffffa2e x16:0x8000364e x11=0x8000307c
         284717	     14134	8000aaaa	0471f063	bgeu	x3,x7,8000aaea	  x3:0x8000a9b1  x7:0xfffffde4
         284877	     14142	8000aaae	01e54033	xor	x0,x10,x30	 x10:0xffffd02a x30:0x0000062c  x0=0x00000000
         284897	     14143	8000aab2	1c960013	addi	x0,x12,457	 x12:0x00000001  x0=0x00000000
         285077	     14152	8000aab6	03300333	mul	x6,x0,x19	  x0:0x00000000 x19:0x80025ce4  x6=0x00000000
         285097	     14153	8000aaba	01229f33	sll	x30,x5,x18	  x5:0x0000062c x18:0xffffffff x30=0x00000000
         285117	     14154	8000aabe	8f09	c.sub	x14,x10	 x14:0x00000000 x10:0xffffd02a x14=0x00002fd6
         285157	     14156	8000aac0	03efb033	mulhu	x0,x31,x30	 x31:0xffffffff x30:0x00000000  x0=0x00000000
         285277	     14162	8000aac4	02577963	bgeu	x14,x5,8000aaf6	 x14:0x00002fd6  x5:0x0000062c
         286277	     14212	8000aaf6	0001	c.addi	x0,0	  x0:0x00000000  x0=0x00000000
         286817	     14239	8000aaf8	00934c63	blt	x6,x9,8000ab10	  x6:0x00000000  x9:0x00000001
         287217	     14259	8000ab10	34003873	csrrc	x16,mscratch,x0	  x0:0x00000000 x16=0x00000008
         287297	     14263	8000ab14	40ba58b3	sra	x17,x20,x11	 x20:0x00000008 x11:0x8000307c x17=0x00000000
         287317	     14264	8000ab18	8fcd	c.or	x15,x11	 x15:0xa169e16f x11:0x8000307c x15=0xa169f17f
         287337	     14265	8000ab1a	006c7263	bgeu	x24,x6,8000ab1e	 x24:0x00000001  x6:0x00000000
         288197	     14308	8000ab1e	02d38133	mul	x2,x7,x13	  x7:0xfffffde4 x13:0x80021e18  x2=0xfb888560
         288617	     14329	8000ab22	017225b3	slt	x11,x4,x23	  x4:0x800263a6 x23:0x8000368a x11=0x00000000
         288637	     14330	8000ab26	60fd	c.lui	x1,0x1f	  x1=0x0001f000
         288757	     14336	8000ab28	009b9593	slli	x11,x23,0x9	 x23:0x8000368a x11=0x006d1400
         289157	     14356	8000ab2c	340065f3	csrrsi	x11,mscratch,0	 x11=0x00000008
         289177	     14357	8000ab30	00ab6463	bltu	x22,x10,8000ab38	 x22:0x032caab4 x10:0xffffd02a
         289557	     14376	8000ab38	60690f13	addi	x30,x18,1542	 x18:0xffffffff x30=0x00000605
         289577	     14377	8000ab3c	027b6b63	bltu	x22,x7,8000ab72	 x22:0x032caab4  x7:0xfffffde4
         289777	     14387	8000ab72	01515413	srli	x8,x2,0x15	  x2:0xfb888560  x8=0x000007dc
         289797	     14388	8000ab76	6051d0b7	lui	x1,0x6051d	  x1=0x6051d000
         289937	     14395	8000ab7a	40d35f13	srai	x30,x6,0xd	  x6:0x00000000 x30=0x00000000
         289957	     14396	8000ab7e	007f90b3	sll	x1,x31,x7	 x31:0xffffffff  x7:0xfffffde4  x1=0xfffffff0
         289977	     14397	8000ab82	85cd	c.srai	x11,0x13	 x11:0x00000008 x11=0x00000000
         290097	     14403	8000ab84	c20d	c.beqz	x12,8000aba6	 x12:0x00000001
         290197	     14408	8000ab86	03b96963	bltu	x18,x27,8000abb8	 x18:0xffffffff x27:0xa169e172
         290277	     14412	8000ab8a	41685e13	srai	x28,x16,0x16	 x16:0x00000008 x28=0x00000000
         290297	     14413	8000ab8e	c09d	c.beqz	x9,8000abb4	  x9:0x00000001
         290317	     14414	8000ab90	100c	c.addi4spn	x11,x2,32	 x11=0xfb888580
         290337	     14415	8000ab92	a7d24d13	xori	x26,x4,-1411	  x4:0x800263a6 x26=0x7ffd99db
         290517	     14424	8000ab96	34051ff3	csrrw	x31,mscratch,x10	 x10:0xffffd02a x31=0x00000008
         290537	     14425	8000ab9a	0422	c.slli	x8,0x8	  x8:0x000007dc  x8=0x0007dc00
         290557	     14426	8000ab9c	8d01	c.sub	x10,x8	 x10:0xffffd02a  x8:0x0007dc00 x10=0xfff7f42a
         290577	     14427	8000ab9e	018c2a33	slt	x20,x24,x24	 x24:0x00000001 x24:0x00000001 x20=0x00000000
         290597	     14428	8000aba2	56c76e13	ori	x28,x14,1388	 x14:0x00002fd6 x28=0x00002ffe
         290617	     14429	8000aba6	8f99	c.sub	x15,x14	 x15:0xa169f17f x14:0x00002fd6 x15=0xa169c1a9
         291017	     14449	8000aba8	03aec163	blt	x29,x26,8000abca	 x29:0xfffffa2e x26:0x7ffd99db
         291657	     14481	8000abca	0092e433	or	x8,x5,x9	  x5:0x0000062c  x9:0x00000001  x8=0x0000062d
         292077	     14502	8000abce	34066373	csrrsi	x6,mscratch,12	  x6=0xffffd02a
         292237	     14510	8000abd2	7ef93393	sltiu	x7,x18,2031	 x18:0xffffffff  x7=0x00000000
         292377	     14517	8000abd6	011c42b3	xor	x5,x24,x17	 x24:0x00000001 x17:0x00000000  x5=0x00000001
         292477	     14522	8000abda	01e0ccb3	xor	x25,x1,x30	  x1:0xfffffff0 x30:0x00000000 x25=0xfffffff0
         292497	     14523	8000abde	1598	c.addi4spn	x14,x2,736	 x14=0xfb888840
         292637	     14530	8000abe0	41a6dc33	sra	x24,x13,x26	 x13:0x80021e18 x26:0x7ffd99db x24=0xfffffff0
         293057	     14551	8000abe4	00df01b3	add	x3,x30,x13	 x30:0x00000000 x13:0x80021e18  x3=0x80021e18
         293797	     14588	8000abe8	03256fb3	rem	x31,x10,x18	 x10:0xfff7f42a x18:0xffffffff x31=0x00000000
         293817	     14589	8000abec	8719	c.srai	x14,0x6	 x14:0xfb888840 x14=0xffee2221
         293857	     14591	8000abee	02919633	mulh	x12,x3,x9	  x3:0x80021e18  x9:0x00000001 x12=0xffffffff
         293877	     14592	8000abf2	99fd	c.andi	x11,-1	 x11:0xfb888580 x11=0xfb888580
         293897	     14593	8000abf4	8bf6c717	auipc	x14,0x8bf6c	 x14=0x0bf76bf4
         293917	     14594	8000abf8	66f44393	xori	x7,x8,1647	  x8:0x0000062d  x7=0x00000042
         293937	     14595	8000abfc	8a46	c.mv	x20,x17	  x0:0x00000000 x17:0x00000000 x20=0x00000000
         294457	     14621	8000abfe	340961f3	csrrsi	x3,mscratch,18	  x3=0xffffd02e
         294877	     14642	8000ac02	5a348793	addi	x15,x9,1443	  x9:0x00000001 x15=0x000005a4
         294897	     14643	8000ac06	34031473	csrrw	x8,mscratch,x6	  x6:0xffffd02a  x8=0xffffd03e
         294917	     14644	8000ac0a	40f9d393	srai	x7,x19,0xf	 x19:0x80025ce4  x7=0xffff0004
         294937	     14645	8000ac0e	ca0d	c.beqz	x12,8000ac40	 x12:0xffffffff
         294957	     14646	8000ac10	ec82f813	andi	x16,x5,-312	  x5:0x00000001 x16=0x00000000
         294977	     14647	8000ac14	340025f3	csrrs	x11,mscratch,x0	  x0:0x00000000 x11=0xffffd02a
         295037	     14650	8000ac18	039a90b3	mulh	x1,x21,x25	 x21:0x5b57200f x25:0xfffffff0  x1=0xfffffffa
         295057	     14651	8000ac1c	02998e63	beq	x19,x9,8000ac58	 x19:0x80025ce4  x9:0x00000001
         295077	     14652	8000ac20	3407d773	csrrwi	x14,mscratch,15	 x14=0xffffd02a
         295097	     14653	8000ac24	340953f3	csrrwi	x7,mscratch,18	  x7=0x0000000f
         295117	     14654	8000ac28	00629ab3	sll	x21,x5,x6	  x5:0x00000001  x6:0xffffd02a x21=0x00000400
         295137	     14655	8000ac2c	6702c413	xori	x8,x5,1648	  x5:0x00000001  x8=0x00000671
         295517	     14674	8000ac30	008a87b3	add	x15,x21,x8	 x21:0x00000400  x8:0x00000671 x15=0x00000a71
         295737	     14685	8000ac34	0001	c.addi	x0,0	  x0:0x00000000  x0=0x00000000
         295757	     14686	8000ac36	9106	c.add	x2,x1	  x2:0xfb888560  x1:0xfffffffa  x2=0xfb88855a
         295777	     14687	8000ac38	00664c63	blt	x12,x6,8000ac50	 x12:0xffffffff  x6:0xffffd02a
         295937	     14695	8000ac3c	409ad033	sra	x0,x21,x9	 x21:0x00000400  x9:0x00000001  x0=0x00000000
         295957	     14696	8000ac40	eb3f55b7	lui	x11,0xeb3f5	 x11=0xeb3f5000
         296137	     14705	8000ac44	98fd	c.andi	x9,-1	  x9:0x00000001  x9=0x00000001
         296157	     14706	8000ac46	009f0a33	add	x20,x30,x9	 x30:0x00000000  x9:0x00000001 x20=0x00000001
         296177	     14707	8000ac4a	8626	c.mv	x12,x9	  x0:0x00000000  x9:0x00000001 x12=0x00000001
         296197	     14708	8000ac4c	016d9e93	slli	x29,x27,0x16	 x27:0xa169e172 x29=0x5c800000
         296237	     14710	8000ac50	40760033	sub	x0,x12,x7	 x12:0x00000001  x7:0x0000000f  x0=0x00000000
         296257	     14711	8000ac54	0001	c.addi	x0,0	  x0:0x00000000  x0=0x00000000
         296277	     14712	8000ac56	8859	c.andi	x8,22	  x8:0x00000671  x8=0x00000010
         296377	     14717	8000ac58	00578263	beq	x15,x5,8000ac5c	 x15:0x00000a71  x5:0x00000001
         296917	     14744	8000ac5c	8316	c.mv	x6,x5	  x0:0x00000000  x5:0x00000001  x6=0x00000001
         297017	     14749	8000ac5e	0000100f	fence.i	
         297557	     14776	8000ac62	0ff0000f	fence	iorw,iorw	
         297577	     14777	8000ac66	8fb1	c.xor	x15,x12	 x15:0x00000a71 x12:0x00000001 x15=0x00000a70
         298317	     14814	8000ac68	0294c3b3	div	x7,x9,x9	  x9:0x00000001  x9:0x00000001  x7=0x00000001
         298337	     14815	8000ac6c	34092c73	csrrs	x24,mscratch,x18	 x18:0xffffffff x24=0x00000012
         298357	     14816	8000ac70	3401d7f3	csrrwi	x15,mscratch,3	 x15=0xffffffff
         298377	     14817	8000ac74	340d1e73	csrrw	x28,mscratch,x26	 x26:0x7ffd99db x28=0x00000003
         298417	     14819	8000ac78	03331033	mulh	x0,x6,x19	  x6:0x00000001 x19:0x80025ce4  x0=0x00000000
         298437	     14820	8000ac7c	0ff0000f	fence	iorw,iorw	
         298457	     14821	8000ac80	8c81	c.sub	x9,x8	  x9:0x00000001  x8:0x00000010  x9=0xfffffff1
         298537	     14825	8000ac82	00ec41b3	xor	x3,x24,x14	 x24:0x00000012 x14:0xffffd02a  x3=0xffffd038
         298897	     14843	8000ac86	017c5e33	srl	x28,x24,x23	 x24:0x00000012 x23:0x8000368a x28=0x00000000
         298917	     14844	8000ac8a	81d5	c.srli	x11,0x15	 x11:0xeb3f5000 x11=0x00000759
         298937	     14845	8000ac8c	35f564b7	lui	x9,0x35f56	  x9=0x35f56000
         298957	     14846	8000ac90	03014963	blt	x2,x16,8000acc2	  x2:0xfb88855a x16:0x00000000
         299437	     14870	8000acc2	3409d273	csrrwi	x4,mscratch,19	  x4=0x7ffd99db
         300177	     14907	8000acc6	02adf533	remu	x10,x27,x10	 x27:0xa169e172 x10:0xfff7f42a x10=0xa169e172
         300197	     14908	8000acca	0001	c.addi	x0,0	  x0:0x00000000  x0=0x00000000
         300217	     14909	8000accc	0000100f	fence.i	
         300397	     14918	8000acd0	00869e93	slli	x29,x13,0x8	 x13:0x80021e18 x29=0x021e1800
         300417	     14919	8000acd4	34042173	csrrs	x2,mscratch,x8	  x8:0x00000010  x2=0x00000013
         300597	     14928	8000acd8	012d6fb3	or	x31,x26,x18	 x26:0x7ffd99db x18:0xffffffff x31=0xffffffff
         301017	     14949	8000acdc	03ead263	bge	x21,x30,8000ad00	 x21:0x00000400 x30:0x00000000
         301577	     14977	8000ad00	ef89	c.bnez	x15,8000ad1a	 x15:0xffffffff
         302217	     15009	8000ad1a	0000100f	fence.i	
         303277	     15062	8000ad1e	01c784b3	add	x9,x15,x28	 x15:0xffffffff x28:0x00000000  x9=0xffffffff
         303657	     15081	8000ad22	40a45e33	sra	x28,x8,x10	  x8:0x00000010 x10:0xa169e172 x28=0x00000000
         303697	     15083	8000ad26	02e69533	mulh	x10,x13,x14	 x13:0x80021e18 x14:0xffffd02a x10=0x000017ea
         304097	     15103	8000ad2a	0048bcb3	sltu	x25,x17,x4	 x17:0x00000000  x4:0x7ffd99db x25=0x00000001
         304117	     15104	8000ad2e	8dc1	c.or	x11,x8	 x11:0x00000759  x8:0x00000010 x11=0x00000759
         304137	     15105	8000ad30	1fe77d13	andi	x26,x14,510	 x14:0xffffd02a x26=0x0000002a
         304237	     15110	8000ad34	000a7663	bgeu	x20,x0,8000ad40	 x20:0x00000001  x0:0x00000000
         304957	     15146	8000ad40	02c08a63	beq	x1,x12,8000ad74	  x1:0xfffffffa x12:0x00000001
         305117	     15154	8000ad44	8fb5	c.xor	x15,x13	 x15:0xffffffff x13:0x80021e18 x15=0x7ffde1e7
         305137	     15155	8000ad46	34003b73	csrrc	x22,mscratch,x0	  x0:0x00000000 x22=0x00000013
         305157	     15156	8000ad4a	54376893	ori	x17,x14,1347	 x14:0xffffd02a x17=0xffffd56b
         305177	     15157	8000ad4e	013e0c63	beq	x28,x19,8000ad66	 x28:0x00000000 x19:0x80025ce4
         305197	     15158	8000ad52	04f2	c.slli	x9,0x1c	  x9:0xffffffff  x9=0xf0000000
         305217	     15159	8000ad54	c59d	c.beqz	x11,8000ad82	 x11:0x00000759
         305257	     15161	8000ad56	0228a233	mulhsu	x4,x17,x2	 x17:0xffffd56b  x2:0x00000013  x4=0xffffffff
         305437	     15170	8000ad5a	02e8b733	mulhu	x14,x17,x14	 x17:0xffffd56b x14:0xffffd02a x14=0xffffa595
         305457	     15171	8000ad5e	e305	c.bnez	x14,8000ad7e	 x14:0xffffa595
         306697	     15233	8000ad7e	039ae1b3	rem	x3,x21,x25	 x21:0x00000400 x25:0x00000001  x3=0x00000000
         306717	     15234	8000ad82	989a	c.add	x17,x6	 x17:0xffffd56b  x6:0x00000001 x17=0xffffd56c
         306737	     15235	8000ad84	02270563	beq	x14,x2,8000adae	 x14:0xffffa595  x2:0x00000013
         307477	     15272	8000ad88	03777a33	remu	x20,x14,x23	 x14:0xffffa595 x23:0x8000368a x20=0x7fff6f0b
         309537	     15375	8000ad8c	40075cb3	sra	x25,x14,x0	 x14:0xffffa595  x0:0x00000000 x25=0xffffa595
         309557	     15376	8000ad90	80654897	auipc	x17,0x80654	 x17=0x0065ed90
         309597	     15378	8000ad94	02d93f33	mulhu	x30,x18,x13	 x18:0xffffffff x13:0x80021e18 x30=0x80021e17
         309617	     15379	8000ad98	8d7d	c.and	x10,x15	 x10:0x000017ea x15:0x7ffde1e7 x10=0x000001e2
         309637	     15380	8000ad9a	01fffb63	bgeu	x31,x31,8000adb0	 x31:0xffffffff x31:0xffffffff
         310457	     15421	8000adb0	0045da13	srli	x20,x11,0x4	 x11:0x00000759 x20=0x00000075
         311237	     15460	8000adb4	028ef7b3	remu	x15,x29,x8	 x29:0x021e1800  x8:0x00000010 x15=0x00000000
         311977	     15497	8000adb8	022a7e33	remu	x28,x20,x2	 x20:0x00000075  x2:0x00000013 x28=0x00000003
         311997	     15498	8000adbc	0058b233	sltu	x4,x17,x5	 x17:0x0065ed90  x5:0x00000001  x4=0x00000000
         312017	     15499	8000adc0	5ba05f37	lui	x30,0x5ba05	 x30=0x5ba05000
         312037	     15500	8000adc4	6e49	c.lui	x28,0x12	 x28=0x00012000
         312057	     15501	8000adc6	40925913	srai	x18,x4,0x9	  x4:0x00000000 x18=0x00000000
         312077	     15502	8000adca	3401aaf3	csrrs	x21,mscratch,x3	  x3:0x00000000 x21=0x00000013
         312357	     15516	8000adce	340853f3	csrrwi	x7,mscratch,16	  x7=0x00000013
         312377	     15517	8000add2	9f52	c.add	x30,x20	 x30:0x5ba05000 x20:0x00000075 x30=0x5ba05075
         312397	     15518	8000add4	5cd03713	sltiu	x14,x0,1485	  x0:0x00000000 x14=0x00000001
         312417	     15519	8000add8	0001	c.addi	x0,0	  x0:0x00000000  x0=0x00000000
         312437	     15520	8000adda	953a	c.add	x10,x14	 x10:0x000001e2 x14:0x00000001 x10=0x000001e3
         312457	     15521	8000addc	e4658d37	lui	x26,0xe4658	 x26=0xe4658000
         312737	     15535	8000ade0	023897b3	mulh	x15,x17,x3	 x17:0x0065ed90  x3:0x00000000 x15=0x00000000
         312897	     15543	8000ade4	83a9	c.srli	x15,0xa	 x15:0x00000000 x15=0x00000000
         312917	     15544	8000ade6	6c0d	c.lui	x24,0x3	 x24=0x00003000
         312937	     15545	8000ade8	6419	c.lui	x8,0x6	  x8=0x00006000
         312957	     15546	8000adea	8f21	c.xor	x14,x8	 x14:0x00000001  x8:0x00006000 x14=0x00006001
         313697	     15583	8000adec	03d347b3	div	x15,x6,x29	  x6:0x00000001 x29:0x021e1800 x15=0x00000000
         313717	     15584	8000adf0	0f4e	c.slli	x30,0x13	 x30:0x5ba05075 x30=0x83a80000
         313737	     15585	8000adf2	84c9	c.srai	x9,0x12	  x9:0xf0000000  x9=0xfffffc00
         313757	     15586	8000adf4	8d51	c.or	x10,x12	 x10:0x000001e3 x12:0x00000001 x10=0x000001e3
         313777	     15587	8000adf6	340025f3	csrrs	x11,mscratch,x0	  x0:0x00000000 x11=0x00000010
         313797	     15588	8000adfa	41175f13	srai	x30,x14,0x11	 x14:0x00006001 x30=0x00000000
         313817	     15589	8000adfe	fb25ecb7	lui	x25,0xfb25e	 x25=0xfb25e000
         313837	     15590	8000ae02	9a7d	c.andi	x12,-1	 x12:0x00000001 x12=0x00000001
         313857	     15591	8000ae04	80ce	c.mv	x1,x19	  x0:0x00000000 x19:0x80025ce4  x1=0x80025ce4
         313977	     15597	8000ae06	030771b3	remu	x3,x14,x16	 x14:0x00006001 x16:0x00000000  x3=0x00006001
         313997	     15598	8000ae0a	0ff0000f	fence	iorw,iorw	
         314397	     15618	8000ae0e	2a082d13	slti	x26,x16,672	 x16:0x00000000 x26=0x00000001
         314417	     15619	8000ae12	340e5373	csrrwi	x6,mscratch,28	  x6=0x00000010
         314437	     15620	8000ae16	557d	c.li	x10,-1	 x10=0xffffffff
         314457	     15621	8000ae18	00f64ab3	xor	x21,x12,x15	 x12:0x00000001 x15:0x00000000 x21=0x00000001
         314477	     15622	8000ae1c	6c11	c.lui	x24,0x4	 x24=0x00004000
         314497	     15623	8000ae1e	00fd8263	beq	x27,x15,8000ae22	 x27:0xa169e172 x15:0x00000000
         314517	     15624	8000ae22	2e000e97	auipc	x29,0x2e000	 x29=0xae00ae22
         314537	     15625	8000ae26	9bea	c.add	x23,x26	 x23:0x8000368a x26:0x00000001 x23=0x8000368b
         314577	     15627	8000ae28	025a3b33	mulhu	x22,x20,x5	 x20:0x00000075  x5:0x00000001 x22=0x00000000
         314617	     15629	8000ae2c	0018d5b3	srl	x11,x17,x1	 x17:0x0065ed90  x1:0x80025ce4 x11=0x00065ed9
         314637	     15630	8000ae30	34073ef3	csrrc	x29,mscratch,x14	 x14:0x00006001 x29=0x0000001c
         315597	     15678	8000ae34	035cdfb3	divu	x31,x25,x21	 x25:0xfb25e000 x21:0x00000001 x31=0xfb25e000
         315617	     15679	8000ae38	41f74713	xori	x14,x14,1055	 x14:0x00006001 x14=0x0000641e
         315637	     15680	8000ae3c	031c7163	bgeu	x24,x17,8000ae5e	 x24:0x00004000 x17:0x0065ed90
         315657	     15681	8000ae40	0000100f	fence.i	
         315857	     15691	8000ae44	5eff7e93	andi	x29,x30,1519	 x30:0x00000000 x29=0x00000000
         315877	     15692	8000ae48	00bb0533	add	x10,x22,x11	 x22:0x00000000 x11:0x00065ed9 x10=0x00065ed9
         315897	     15693	8000ae4c	0124d713	srli	x14,x9,0x12	  x9:0xfffffc00 x14=0x00003fff
         315917	     15694	8000ae50	8109	c.srli	x10,0x2	 x10:0x00065ed9 x10=0x000197b6
         316657	     15731	8000ae52	02c3c8b3	div	x17,x7,x12	  x7:0x00000013 x12:0x00000001 x17=0x00000013
         316677	     15732	8000ae56	03818463	beq	x3,x24,8000ae7e	  x3:0x00006001 x24:0x00004000
         316697	     15733	8000ae5a	340998f3	csrrw	x17,mscratch,x19	 x19:0x80025ce4 x17=0x0000001c
         316717	     15734	8000ae5e	8475	c.srai	x8,0x1d	  x8:0x00006000  x8=0x00000000
         316737	     15735	8000ae60	34099ff3	csrrw	x31,mscratch,x19	 x19:0x80025ce4 x31=0x80025ce4
         316757	     15736	8000ae64	013411b3	sll	x3,x8,x19	  x8:0x00000000 x19:0x80025ce4  x3=0x00000000
         317497	     15773	8000ae68	037eebb3	rem	x23,x29,x23	 x29:0x00000000 x23:0x8000368b x23=0x00000000
         317517	     15774	8000ae6c	34006473	csrrsi	x8,mscratch,0	  x8=0x80025ce4
         317537	     15775	8000ae70	008f8ab3	add	x21,x31,x8	 x31:0x80025ce4  x8:0x80025ce4 x21=0x0004b9c8
         317557	     15776	8000ae74	18fd	c.addi	x17,-1	 x17:0x0000001c x17=0x0000001b
         317577	     15777	8000ae76	0598	c.addi4spn	x14,x2,704	 x14=0x000002d3
         317597	     15778	8000ae78	4051d813	srai	x16,x3,0x5	  x3:0x00000000 x16=0x00000000
         317617	     15779	8000ae7c	587d	c.li	x16,-1	 x16=0xffffffff
         317637	     15780	8000ae7e	8cd1	c.or	x9,x12	  x9:0xfffffc00 x12:0x00000001  x9=0xfffffc01
         318037	     15800	8000ae80	4178d233	sra	x4,x17,x23	 x17:0x0000001b x23:0x00000000  x4=0x0000001b
         318057	     15801	8000ae84	34079bf3	csrrw	x23,mscratch,x15	 x15:0x00000000 x23=0x80025ce4
         318337	     15815	8000ae88	c309	c.beqz	x14,8000ae8a	 x14:0x000002d3
         318437	     15820	8000ae8a	40bb5e13	srai	x28,x22,0xb	 x22:0x00000000 x28=0x00000000
         318857	     15841	8000ae8e	62cc8397	auipc	x7,0x62cc8	  x7=0xe2cd2e8e
         318877	     15842	8000ae92	8e55	c.or	x12,x13	 x12:0x00000001 x13:0x80021e18 x12=0x80021e19
         319017	     15849	8000ae94	00d85893	srli	x17,x16,0xd	 x16:0xffffffff x17=0x0007ffff
         319957	     15896	8000ae98	021ac033	div	x0,x21,x1	 x21:0x0004b9c8  x1:0x80025ce4  x0=0x00000000
         319977	     15897	8000ae9c	007dd363	bge	x27,x7,8000aea2	 x27:0xa169e172  x7:0xe2cd2e8e
         319997	     15898	8000aea0	0c86	c.slli	x25,0x1	 x25:0xfb25e000 x25=0xf64bc000
         320017	     15899	8000aea2	0ff0000f	fence	iorw,iorw	
         320037	     15900	8000aea6	01f18cb3	add	x25,x3,x31	  x3:0x00000000 x31:0x80025ce4 x25=0x80025ce4
         320057	     15901	8000aeaa	0304ca63	blt	x9,x16,8000aede	  x9:0xfffffc01 x16:0xffffffff
         320737	     15935	8000aede	01207433	and	x8,x0,x18	  x0:0x00000000 x18:0x00000000  x8=0x00000000
         320757	     15936	8000aee2	9406	c.add	x8,x1	  x8:0x00000000  x1:0x80025ce4  x8=0x80025ce4
         320777	     15937	8000aee4	a5a7e193	ori	x3,x15,-1446	 x15:0x00000000  x3=0xfffffa5a
         320797	     15938	8000aee8	0675	c.addi	x12,29	 x12:0x80021e19 x12=0x80021e36
         320817	     15939	8000aeea	8d11	c.sub	x10,x12	 x10:0x000197b6 x12:0x80021e36 x10=0x7fff7980
         321197	     15958	8000aeec	0018de13	srli	x28,x17,0x1	 x17:0x0007ffff x28=0x0003ffff
         321317	     15964	8000aef0	9b42	c.add	x22,x16	 x22:0x00000000 x16:0xffffffff x22=0xffffffff
         321397	     15968	8000aef2	00a4c463	blt	x9,x10,8000aefa	  x9:0xfffffc01 x10:0x7fff7980
         321797	     15988	8000aefa	8c6d	c.and	x8,x11	  x8:0x80025ce4 x11:0x00065ed9  x8=0x00025cc0
         321817	     15989	8000aefc	00d3d763	bge	x7,x13,8000af0a	  x7:0xe2cd2e8e x13:0x80021e18
         322777	     16037	8000af0a	03a79733	mulh	x14,x15,x26	 x15:0x00000000 x26:0x00000001 x14=0x00000000
         322797	     16038	8000af0e	340f2f73	csrrs	x30,mscratch,x30	 x30:0x00000000 x30=0x00000000
         322857	     16041	8000af12	41fd0733	sub	x14,x26,x31	 x26:0x00000001 x31:0x80025ce4 x14=0x7ffda31d
         322877	     16042	8000af16	81c9	c.srli	x11,0x12	 x11:0x00065ed9 x11=0x00000001
         323277	     16062	8000af18	012bbc33	sltu	x24,x23,x18	 x23:0x80025ce4 x18:0x00000000 x24=0x00000000
         323597	     16078	8000af1c	011f0d63	beq	x30,x17,8000af36	 x30:0x00000000 x17:0x0007ffff
         323677	     16082	8000af20	0181e633	or	x12,x3,x24	  x3:0xfffffa5a x24:0x00000000 x12=0xfffffa5a
         323717	     16084	8000af24	8589	c.srai	x11,0x2	 x11:0x00000001 x11=0x00000000
         323837	     16090	8000af26	3404abf3	csrrs	x23,mscratch,x9	  x9:0xfffffc01 x23=0x00000000
         323857	     16091	8000af2a	717d	c.addi16sp	x2,-16	  x2:0x00000013  x2=0x00000003
         324197	     16108	8000af2c	127d	c.addi	x4,-1	  x4:0x0000001b  x4=0x0000001a
         324217	     16109	8000af2e	0001	c.addi	x0,0	  x0:0x00000000  x0=0x00000000
         324237	     16110	8000af30	ed0a2613	slti	x12,x20,-304	 x20:0x00000075 x12=0x00000000
         324257	     16111	8000af34	815d	c.srli	x10,0x17	 x10:0x7fff7980 x10=0x000000ff
         324277	     16112	8000af36	34002673	csrrs	x12,mscratch,x0	  x0:0x00000000 x12=0xfffffc01
         325017	     16149	8000af3a	034a7b33	remu	x22,x20,x20	 x20:0x00000075 x20:0x00000075 x22=0x00000000
         325037	     16150	8000af3e	003e5293	srli	x5,x28,0x3	 x28:0x0003ffff  x5=0x00007fff
         325057	     16151	8000af42	03a38463	beq	x7,x26,8000af6a	  x7:0xe2cd2e8e x26:0x00000001
         325077	     16152	8000af46	3404a2f3	csrrs	x5,mscratch,x9	  x9:0xfffffc01  x5=0xfffffc01
         325097	     16153	8000af4a	8d09	c.sub	x10,x10	 x10:0x000000ff x10:0x000000ff x10=0x00000000
         325117	     16154	8000af4c	41ad08b3	sub	x17,x26,x26	 x26:0x00000001 x26:0x00000001 x17=0x00000000
         325137	     16155	8000af50	0001	c.addi	x0,0	  x0:0x00000000  x0=0x00000000
         325157	     16156	8000af52	e58d	c.bnez	x11,8000af7c	 x11:0x00000000
         325177	     16157	8000af54	94d6	c.add	x9,x21	  x9:0xfffffc01 x21:0x0004b9c8  x9=0x0004b5c9
         325197	     16158	8000af56	e042b113	sltiu	x2,x5,-508	  x5:0xfffffc01  x2=0x00000001
         325217	     16159	8000af5a	8de9	c.and	x11,x10	 x11:0x00000000 x10:0x00000000 x11=0x00000000
         325237	     16160	8000af5c	0111dc93	srli	x25,x3,0x11	  x3:0xfffffa5a x25=0x00007fff
         325297	     16163	8000af60	cf85	c.beqz	x15,8000af98	 x15:0x00000000
         326117	     16204	8000af98	9bfd	c.andi	x15,-1	 x15:0x00000000 x15=0x00000000
         326157	     16206	8000af9a	006761b3	or	x3,x14,x6	 x14:0x7ffda31d  x6:0x00000010  x3=0x7ffda31d
         326277	     16212	8000af9e	e92a6913	ori	x18,x20,-366	 x20:0x00000075 x18=0xfffffef7
         326297	     16213	8000afa2	1198	c.addi4spn	x14,x2,224	 x14=0x000000e1
         326637	     16230	8000afa4	0f8c	c.addi4spn	x11,x2,976	 x11=0x000003d1
         326657	     16231	8000afa6	141c	c.addi4spn	x15,x2,544	 x15=0x00000221
         326677	     16232	8000afa8	ef346a13	ori	x20,x8,-269	  x8:0x00025cc0 x20=0xfffffef3
         326697	     16233	8000afac	44452f93	slti	x31,x10,1092	 x10:0x00000000 x31=0x00000001
         326717	     16234	8000afb0	9896	c.add	x17,x5	 x17:0x00000000  x5:0xfffffc01 x17=0xfffffc01
         326737	     16235	8000afb2	557d	c.li	x10,-1	 x10=0xffffffff
         326757	     16236	8000afb4	9326	c.add	x6,x9	  x6:0x00000010  x9:0x0004b5c9  x6=0x0004b5d9
         326777	     16237	8000afb6	01180c33	add	x24,x16,x17	 x16:0xffffffff x17:0xfffffc01 x24=0xfffffc00
         327197	     16258	8000afba	a7238e13	addi	x28,x7,-1422	  x7:0xe2cd2e8e x28=0xe2cd2900
         327217	     16259	8000afbe	8e7d	c.and	x12,x15	 x12:0xfffffc01 x15:0x00000221 x12=0x00000001
         327237	     16260	8000afc0	005290b3	sll	x1,x5,x5	  x5:0xfffffc01  x5:0xfffffc01  x1=0xfffff802
         327257	     16261	8000afc4	8929	c.andi	x10,10	 x10:0xffffffff x10=0x0000000a
         327277	     16262	8000afc6	340511f3	csrrw	x3,mscratch,x10	 x10:0x0000000a  x3=0xfffffc01
         327437	     16270	8000afca	01341033	sll	x0,x8,x19	  x8:0x00025cc0 x19:0x80025ce4  x0=0x00000000
         327457	     16271	8000afce	0001	c.addi	x0,0	  x0:0x00000000  x0=0x00000000
         327637	     16280	8000afd0	015ae263	bltu	x21,x21,8000afd4	 x21:0x0004b9c8 x21:0x0004b9c8
         327737	     16285	8000afd4	04495163	bge	x18,x4,8000b016	 x18:0xfffffef7  x4:0x0000001a
         328477	     16322	8000afd8	026758b3	divu	x17,x14,x6	 x14:0x000000e1  x6:0x0004b5d9 x17=0x00000000
         328497	     16323	8000afdc	8c65	c.and	x8,x9	  x8:0x00025cc0  x9:0x0004b5c9  x8=0x000014c0
         328517	     16324	8000afde	0143e0b3	or	x1,x7,x20	  x7:0xe2cd2e8e x20:0xfffffef3  x1=0xfffffeff
         328537	     16325	8000afe2	01c1b333	sltu	x6,x3,x28	  x3:0xfffffc01 x28:0xe2cd2900  x6=0x00000000
         328557	     16326	8000afe6	340614f3	csrrw	x9,mscratch,x12	 x12:0x00000001  x9=0x0000000a
         328897	     16343	8000afea	00af4a63	blt	x30,x10,8000affe	 x30:0x00000000 x10:0x0000000a
         330137	     16405	8000affe	0044e463	bltu	x9,x4,8000b006	  x9:0x0000000a  x4:0x0000001a
         331157	     16456	8000b006	e688bbb7	lui	x23,0xe688b	 x23=0xe688b000
         331217	     16459	8000b00a	018c5433	srl	x8,x24,x24	 x24:0xfffffc00 x24:0xfffffc00  x8=0xfffffc00
         331237	     16460	8000b00e	340258f3	csrrwi	x17,mscratch,4	 x17=0x00000001
         331257	     16461	8000b012	340b9e73	csrrw	x28,mscratch,x23	 x23:0xe688b000 x28=0x00000004
         331297	     16463	8000b016	02503cb3	mulhu	x25,x0,x5	  x0:0x00000000  x5:0xfffffc01 x25=0x00000000
         331437	     16470	8000b01a	340062f3	csrrsi	x5,mscratch,0	  x5=0xe688b000
         331457	     16471	8000b01e	0921	c.addi	x18,8	 x18:0xfffffef7 x18=0xfffffeff
         331697	     16483	8000b020	0425b213	sltiu	x4,x11,66	 x11:0x000003d1  x4=0x00000000
         331717	     16484	8000b024	88c9	c.andi	x9,18	  x9:0x0000000a  x9=0x00000002
         331737	     16485	8000b026	a6b27493	andi	x9,x4,-1429	  x4:0x00000000  x9=0x00000000
         331757	     16486	8000b02a	8739	c.srai	x14,0xe	 x14:0x000000e1 x14=0x00000000
         331797	     16488	8000b02c	013d07b3	add	x15,x26,x19	 x26:0x00000001 x19:0x80025ce4 x15=0x80025ce5
         332737	     16535	8000b030	0285ecb3	rem	x25,x11,x8	 x11:0x000003d1  x8:0xfffffc00 x25=0x000003d1
         332757	     16536	8000b034	84e9	c.srai	x9,0x1a	  x9:0x00000000  x9=0x00000000
         333497	     16573	8000b036	03b46433	rem	x8,x8,x27	  x8:0xfffffc00 x27:0xa169e172  x8=0xfffffc00
         333517	     16574	8000b03a	8dc9	c.or	x11,x10	 x11:0x000003d1 x10:0x0000000a x11=0x000003db
         333537	     16575	8000b03c	8ba10193	addi	x3,x2,-1862	  x2:0x00000001  x3=0xfffff8bb
         333557	     16576	8000b040	04404163	blt	x0,x4,8000b082	  x0:0x00000000  x4:0x00000000
         333577	     16577	8000b044	01758ab3	add	x21,x11,x23	 x11:0x000003db x23:0xe688b000 x21=0xe688b3db
         333597	     16578	8000b048	34009bf3	csrrw	x23,mscratch,x1	  x1:0xfffffeff x23=0xe688b000
         333617	     16579	8000b04c	00eed3b3	srl	x7,x29,x14	 x29:0x00000000 x14:0x00000000  x7=0x00000000
         334377	     16617	8000b050	033e4333	div	x6,x28,x19	 x28:0x00000004 x19:0x80025ce4  x6=0x00000000
         334397	     16618	8000b054	000d58b3	srl	x17,x26,x0	 x26:0x00000001  x0:0x00000000 x17=0x00000001
         334417	     16619	8000b058	01121b93	slli	x23,x4,0x11	  x4:0x00000000 x23=0x00000000
         335537	     16675	8000b05c	0284d633	divu	x12,x9,x8	  x9:0x00000000  x8:0xfffffc00 x12=0x00000000
         335557	     16676	8000b060	8d05	c.sub	x10,x9	 x10:0x0000000a  x9:0x00000000 x10=0x0000000a
         335577	     16677	8000b062	02200cb3	mul	x25,x0,x2	  x0:0x00000000  x2:0x00000001 x25=0x00000000
         335617	     16679	8000b066	02cf7e33	remu	x28,x30,x12	 x30:0x00000000 x12:0x00000000 x28=0x00000000
         335637	     16680	8000b06a	0d00	c.addi4spn	x8,x2,656	  x8=0x00000291
         335657	     16681	8000b06c	402a8c33	sub	x24,x21,x2	 x21:0xe688b3db  x2:0x00000001 x24=0xe688b3da
         335677	     16682	8000b070	340b7e73	csrrci	x28,mscratch,22	 x28=0xfffffeff
         335697	     16683	8000b074	00759c13	slli	x24,x11,0x7	 x11:0x000003db x24=0x0001ed80
         335817	     16689	8000b078	00569093	slli	x1,x13,0x5	 x13:0x80021e18  x1=0x0043c300
         335917	     16694	8000b07c	006d8363	beq	x27,x6,8000b082	 x27:0xa169e172  x6:0x00000000
         335937	     16695	8000b080	6ef5	c.lui	x29,0x1d	 x29=0x0001d000
         336137	     16705	8000b082	340060f3	csrrsi	x1,mscratch,0	  x1=0xfffffee9
         336157	     16706	8000b086	0001	c.addi	x0,0	  x0:0x00000000  x0=0x00000000
         336177	     16707	8000b088	00d04433	xor	x8,x0,x13	  x0:0x00000000 x13:0x80021e18  x8=0x80021e18
         336377	     16717	8000b08c	bac02493	slti	x9,x0,-1108	  x0:0x00000000  x9=0x00000000
         336397	     16718	8000b090	ba50a913	slti	x18,x1,-1115	  x1:0xfffffee9 x18=0x00000000
         336537	     16725	8000b094	406d5b13	srai	x22,x26,0x6	 x26:0x00000001 x22=0x00000000
         336557	     16726	8000b098	340ef873	csrrci	x16,mscratch,29	 x16=0xfffffee9
         336577	     16727	8000b09c	41b45493	srai	x9,x8,0x1b	  x8:0x80021e18  x9=0xfffffff0
         336637	     16730	8000b0a0	00b57133	and	x2,x10,x11	 x10:0x0000000a x11:0x000003db  x2=0x0000000a
         336777	     16737	8000b0a4	4c45	c.li	x24,17	 x24=0x00000011
         336797	     16738	8000b0a6	9e5e	c.add	x28,x23	 x28:0xfffffeff x23:0x00000000 x28=0xfffffeff
         336817	     16739	8000b0a8	8ff5	c.and	x15,x13	 x15:0x80025ce5 x13:0x80021e18 x15=0x80021c00
         336837	     16740	8000b0aa	03c3c263	blt	x7,x28,8000b0ce	  x7:0x00000000 x28:0xfffffeff
         336857	     16741	8000b0ae	00927133	and	x2,x4,x9	  x4:0x00000000  x9:0xfffffff0  x2=0x00000000
         336877	     16742	8000b0b2	00b74133	xor	x2,x14,x11	 x14:0x00000000 x11:0x000003db  x2=0x000003db
         337377	     16767	8000b0b6	340657f3	csrrwi	x15,mscratch,12	 x15=0xfffffee0
         337397	     16768	8000b0ba	d00c3793	sltiu	x15,x24,-768	 x24:0x00000011 x15=0x00000001
         337417	     16769	8000b0be	1cfd	c.addi	x25,-1	 x25:0x00000000 x25=0xffffffff
         337437	     16770	8000b0c0	0ff0000f	fence	iorw,iorw	
         338177	     16807	8000b0c4	02d9e7b3	rem	x15,x19,x13	 x19:0x80025ce4 x13:0x80021e18 x15=0x80025ce4
         351057	     17451	8000b0c8	c089	c.beqz	x9,8000b0ca	  x9:0xfffffff0
         351077	     17452	8000b0ca	eb0d	c.bnez	x14,8000b0fc	 x14:0x00000000
         351097	     17453	8000b0cc	8b35	c.andi	x14,13	 x14:0x00000000 x14=0x00000000
         351117	     17454	8000b0ce	01c3cfb3	xor	x31,x7,x28	  x7:0x00000000 x28:0xfffffeff x31=0xfffffeff
         351137	     17455	8000b0d2	6119	c.addi16sp	x2,384	  x2:0x000003db  x2=0x0000055b
         351157	     17456	8000b0d4	8439	c.srai	x8,0xe	  x8:0x80021e18  x8=0xfffe0008
         351177	     17457	8000b0d6	0001	c.addi	x0,0	  x0:0x00000000  x0=0x00000000
         351197	     17458	8000b0d8	036e0233	mul	x4,x28,x22	 x28:0xfffffeff x22:0x00000000  x4=0x00000000
         351217	     17459	8000b0dc	64cd0193	addi	x3,x26,1612	 x26:0x00000001  x3=0x0000064d
         351617	     17479	8000b0e0	001bcfb3	xor	x31,x23,x1	 x23:0x00000000  x1:0xfffffee9 x31=0xfffffee9
         351637	     17480	8000b0e4	34086d73	csrrsi	x26,mscratch,16	 x26=0x0000000c
         351997	     17498	8000b0e8	c48d	c.beqz	x9,8000b112	  x9:0xfffffff0
         352017	     17499	8000b0ea	ec85	c.bnez	x9,8000b122	  x9:0xfffffff0
         352997	     17548	8000b122	03234563	blt	x6,x18,8000b14c	  x6:0x00000000 x18:0x00000000
         353417	     17569	8000b126	0379f163	bgeu	x19,x23,8000b148	 x19:0x80025ce4 x23:0x00000000
         353557	     17576	8000b148	34013973	csrrc	x18,mscratch,x2	  x2:0x0000055b x18=0x0000001c
         353617	     17579	8000b14c	547d0c13	addi	x24,x26,1351	 x26:0x0000000c x24=0x00000553
         353917	     17594	8000b150	d6a90593	addi	x11,x18,-662	 x18:0x0000001c x11=0xfffffd86
         353937	     17595	8000b154	400a57b3	sra	x15,x20,x0	 x20:0xfffffef3  x0:0x00000000 x15=0xfffffef3
         353957	     17596	8000b158	02aae963	bltu	x21,x10,8000b18a	 x21:0xe688b3db x10:0x0000000a
         353977	     17597	8000b15c	8256	c.mv	x4,x21	  x0:0x00000000 x21:0xe688b3db  x4=0xe688b3db
         353997	     17598	8000b15e	00711763	bne	x2,x7,8000b16c	  x2:0x0000055b  x7:0x00000000
         354317	     17614	8000b16c	63dd	c.lui	x7,0x17	  x7=0x00017000
         354477	     17622	8000b16e	0164cb63	blt	x9,x22,8000b184	  x9:0xfffffff0 x22:0x00000000
         355397	     17668	8000b184	340b5c73	csrrwi	x24,mscratch,22	 x24=0x00000004
         355677	     17682	8000b188	081c	c.addi4spn	x15,x2,16	 x15=0x0000056b
         355697	     17683	8000b18a	8921	c.andi	x10,8	 x10:0x0000000a x10=0x00000008
         355737	     17685	8000b18c	028da633	mulhsu	x12,x27,x8	 x27:0xa169e172  x8:0xfffe0008 x12=0xa16a9e9b
         355757	     17686	8000b190	e49d	c.bnez	x9,8000b1be	  x9:0xfffffff0
         356277	     17712	8000b1be	02ef5633	divu	x12,x30,x14	 x30:0x00000000 x14:0x00000000 x12=0xffffffff
         356677	     17732	8000b1c2	0117ee33	or	x28,x15,x17	 x15:0x0000056b x17:0x00000001 x28=0x0000056b
         356697	     17733	8000b1c6	40e0d613	srai	x12,x1,0xe	  x1:0xfffffee9 x12=0xffffffff
         356717	     17734	8000b1ca	0000100f	fence.i	
         356897	     17743	8000b1ce	064a	c.slli	x12,0x12	 x12:0xffffffff x12=0xfffc0000
         356917	     17744	8000b1d0	8bc2	c.mv	x23,x16	  x0:0x00000000 x16:0xfffffee9 x23=0xfffffee9
         356977	     17747	8000b1d2	02f98633	mul	x12,x19,x15	 x19:0x80025ce4 x15:0x0000056b x12=0x8ccd474c
         356997	     17748	8000b1d6	004204b3	add	x9,x4,x4	  x4:0xe688b3db  x4:0xe688b3db  x9=0xcd1167b6
         357017	     17749	8000b1da	00377c63	bgeu	x14,x3,8000b1f2	 x14:0x00000000  x3:0x0000064d
         357037	     17750	8000b1de	f2b07d13	andi	x26,x0,-213	  x0:0x00000000 x26=0x00000000
         357057	     17751	8000b1e2	9c078f93	addi	x31,x15,-1600	 x15:0x0000056b x31=0xffffff2b
         357097	     17753	8000b1e6	05c94163	blt	x18,x28,8000b228	 x18:0x0000001c x28:0x0000056b
         357137	     17755	8000b228	0000100f	fence.i	
         357197	     17758	8000b22c	02657cb3	remu	x25,x10,x6	 x10:0x00000008  x6:0x00000000 x25=0x00000008
         357357	     17766	8000b230	02120c33	mul	x24,x4,x1	  x4:0xe688b3db  x1:0xfffffee9 x24=0xc103fc53
         357537	     17775	8000b234	1c7d	c.addi	x24,-1	 x24:0xc103fc53 x24=0xc103fc52
         357557	     17776	8000b236	5bfd	c.li	x23,-1	 x23=0xffffffff
         357577	     17777	8000b238	43a8ad13	slti	x26,x17,1082	 x17:0x00000001 x26=0x00000001
         357597	     17778	8000b23c	89867093	andi	x1,x12,-1896	 x12:0x8ccd474c  x1=0x8ccd4008
         357697	     17783	8000b240	3039c497	auipc	x9,0x3039c	  x9=0xb03a7240
         358057	     17801	8000b244	e6547b13	andi	x22,x8,-411	  x8:0xfffe0008 x22=0xfffe0000
         358077	     17802	8000b248	8ffa	c.mv	x31,x30	  x0:0x00000000 x30:0x00000000 x31=0x00000000
         358497	     17823	8000b24a	005c4e63	blt	x24,x5,8000b266	 x24:0xc103fc52  x5:0xe688b000
         359357	     17866	8000b266	8dd1	c.or	x11,x12	 x11:0xfffffd86 x12:0x8ccd474c x11=0xffffffce
         360277	     17912	8000b268	024e51b3	divu	x3,x28,x4	 x28:0x0000056b  x4:0xe688b3db  x3=0x00000000
         360297	     17913	8000b26c	8db5	c.xor	x11,x13	 x11:0xffffffce x13:0x80021e18 x11=0x7ffde1d6
         360317	     17914	8000b26e	4aaa4213	xori	x4,x20,1194	 x20:0xfffffef3  x4=0xfffffa59
         360337	     17915	8000b272	340ddc73	csrrwi	x24,mscratch,27	 x24=0x00000016
         360357	     17916	8000b276	340e1f73	csrrw	x30,mscratch,x28	 x28:0x0000056b x30=0x0000001b
         361097	     17953	8000b27a	028542b3	div	x5,x10,x8	 x10:0x00000008  x8:0xfffe0008  x5=0x00000000
         361117	     17954	8000b27e	00e8d363	bge	x17,x14,8000b284	 x17:0x00000001 x14:0x00000000
         361617	     17979	8000b284	00c3d2b3	srl	x5,x7,x12	  x7:0x00017000 x12:0x8ccd474c  x5=0x00000017
         361637	     17980	8000b288	959a	c.add	x11,x6	 x11:0x7ffde1d6  x6:0x00000000 x11=0x7ffde1d6
         361677	     17982	8000b28a	3982f713	andi	x14,x5,920	  x5:0x00000017 x14=0x00000010
         361717	     17984	8000b28e	03214663	blt	x2,x18,8000b2ba	  x2:0x0000055b x18:0x0000001c
         361737	     17985	8000b292	29f7e193	ori	x3,x15,671	 x15:0x0000056b  x3=0x000007ff
         362177	     18007	8000b296	03fbca33	div	x20,x23,x31	 x23:0xffffffff x31:0x00000000 x20=0xffffffff
         362277	     18012	8000b29a	0150f663	bgeu	x1,x21,8000b2a6	  x1:0x8ccd4008 x21:0xe688b3db
         362297	     18013	8000b29e	0001	c.addi	x0,0	  x0:0x00000000  x0=0x00000000
         362317	     18014	8000b2a0	0060e433	or	x8,x1,x6	  x1:0x8ccd4008  x6:0x00000000  x8=0x8ccd4008
         362337	     18015	8000b2a4	8c6d	c.and	x8,x11	  x8:0x8ccd4008 x11:0x7ffde1d6  x8=0x0ccd4000
         362357	     18016	8000b2a6	9bfd	c.andi	x15,-1	 x15:0x0000056b x15=0x0000056b
         362377	     18017	8000b2a8	8fbd	c.xor	x15,x15	 x15:0x0000056b x15:0x0000056b x15=0x00000000
         362397	     18018	8000b2aa	7ee3cc13	xori	x24,x7,2030	  x7:0x00017000 x24=0x000177ee
         362417	     18019	8000b2ae	01bb9a33	sll	x20,x23,x27	 x23:0xffffffff x27:0xa169e172 x20=0xfffc0000
         362437	     18020	8000b2b2	0000100f	fence.i	
         363057	     18051	8000b2b6	0037ce63	blt	x15,x3,8000b2d2	 x15:0x00000000  x3:0x000007ff
         363357	     18066	8000b2d2	0000100f	fence.i	
         363677	     18082	8000b2d6	0034de13	srli	x28,x9,0x3	  x9:0xb03a7240 x28=0x16074e48
         363697	     18083	8000b2da	0001	c.addi	x0,0	  x0:0x00000000  x0=0x00000000
         363757	     18086	8000b2dc	0108d233	srl	x4,x17,x16	 x17:0x00000001 x16:0xfffffee9  x4=0x00000000
         363777	     18087	8000b2e0	8d19	c.sub	x10,x14	 x10:0x00000008 x14:0x00000010 x10=0xfffffff8
         363797	     18088	8000b2e2	8455	c.srai	x8,0x15	  x8:0x0ccd4000  x8=0x00000066
         363817	     18089	8000b2e4	93a33913	sltiu	x18,x6,-1734	  x6:0x00000000 x18=0x00000001
         363997	     18098	8000b2e8	8b46	c.mv	x22,x17	  x0:0x00000000 x17:0x00000001 x22=0x00000001
         364017	     18099	8000b2ea	3404e873	csrrsi	x16,mscratch,9	 x16=0x0000056b
         364377	     18117	8000b2ee	02528eb3	mul	x29,x5,x5	  x5:0x00000017  x5:0x00000017 x29=0x00000211
         364397	     18118	8000b2f2	98fd	c.andi	x9,-1	  x9:0xb03a7240  x9=0xb03a7240
         365137	     18155	8000b2f4	021b6033	rem	x0,x22,x1	 x22:0x00000001  x1:0x8ccd4008  x0=0x00000000
         365157	     18156	8000b2f8	44fd	c.li	x9,31	  x9=0x0000001f
         365177	     18157	8000b2fa	0001	c.addi	x0,0	  x0:0x00000000  x0=0x00000000
         365197	     18158	8000b2fc	00ded093	srli	x1,x29,0xd	 x29:0x00000211  x1=0x00000000
         365217	     18159	8000b300	34002b73	csrrs	x22,mscratch,x0	  x0:0x00000000 x22=0x0000056b
         365237	     18160	8000b304	982e	c.add	x16,x11	 x16:0x0000056b x11:0x7ffde1d6 x16=0x7ffde741
         365257	     18161	8000b306	6149	c.addi16sp	x2,144	  x2:0x0000055b  x2=0x000005eb
         365277	     18162	8000b308	0001	c.addi	x0,0	  x0:0x00000000  x0=0x00000000
         365297	     18163	8000b30a	157d	c.addi	x10,-1	 x10:0xfffffff8 x10=0xfffffff7
         365317	     18164	8000b30c	8e5d	c.or	x12,x15	 x12:0x8ccd474c x15:0x00000000 x12=0x8ccd474c
         365337	     18165	8000b30e	8f0d	c.sub	x14,x11	 x14:0x00000010 x11:0x7ffde1d6 x14=0x80021e3a
         365517	     18174	8000b310	009f4733	xor	x14,x30,x9	 x30:0x0000001b  x9:0x0000001f x14=0x00000004
         365657	     18181	8000b314	00095d13	srli	x26,x18,0x0	 x18:0x00000001 x26=0x00000001
         365677	     18182	8000b318	340033f3	csrrc	x7,mscratch,x0	  x0:0x00000000  x7=0x0000056b
         365837	     18190	8000b31c	28e06313	ori	x6,x0,654	  x0:0x00000000  x6=0x0000028e
         366257	     18211	8000b320	0182d933	srl	x18,x5,x24	  x5:0x00000017 x24:0x000177ee x18=0x00000000
         366277	     18212	8000b324	0ff0000f	fence	iorw,iorw	
         366697	     18233	8000b328	008d7eb3	and	x29,x26,x8	 x26:0x00000001  x8:0x00000066 x29=0x00000000
         367097	     18253	8000b32c	034a3f33	mulhu	x30,x20,x20	 x20:0xfffc0000 x20:0xfffc0000 x30=0xfff80010
         367117	     18254	8000b330	40b95f33	sra	x30,x18,x11	 x18:0x00000000 x11:0x7ffde1d6 x30=0x00000000
         367277	     18262	8000b334	094e	c.slli	x18,0x13	 x18:0x00000000 x18=0x00000000
         367637	     18280	8000b336	015064b3	or	x9,x0,x21	  x0:0x00000000 x21:0xe688b3db  x9=0xe688b3db
         367657	     18281	8000b33a	8df9	c.and	x11,x14	 x11:0x7ffde1d6 x14:0x00000004 x11=0x00000004
         367677	     18282	8000b33c	41aada13	srai	x20,x21,0x1a	 x21:0xe688b3db x20=0xfffffff9
         367797	     18288	8000b340	99fd	c.andi	x11,-1	 x11:0x00000004 x11=0x00000004
         368217	     18309	8000b342	2a73b793	sltiu	x15,x7,679	  x7:0x0000056b x15=0x00000000
         368297	     18313	8000b346	31652513	slti	x10,x10,790	 x10:0xfffffff7 x10=0x00000001
         368317	     18314	8000b34a	0ff0000f	fence	iorw,iorw	
         368337	     18315	8000b34e	01a8aeb3	slt	x29,x17,x26	 x17:0x00000001 x26:0x00000001 x29=0x00000000
         368357	     18316	8000b352	01c644b3	xor	x9,x12,x28	 x12:0x8ccd474c x28:0x16074e48  x9=0x9aca0904
         368377	     18317	8000b356	6109	c.addi16sp	x2,128	  x2:0x000005eb  x2=0x0000066b
         368517	     18324	8000b358	033f02b3	mul	x5,x30,x19	 x30:0x00000000 x19:0x80025ce4  x5=0x00000000
         368537	     18325	8000b35c	340a1ef3	csrrw	x29,mscratch,x20	 x20:0xfffffff9 x29=0x0000056b
         368697	     18333	8000b360	9856	c.add	x16,x21	 x16:0x7ffde741 x21:0xe688b3db x16=0x66869b1c
         368717	     18334	8000b362	011d8b63	beq	x27,x17,8000b378	 x27:0xa169e172 x17:0x00000001
         368737	     18335	8000b366	8cfd	c.and	x9,x15	  x9:0x9aca0904 x15:0x00000000  x9=0x00000000
         369137	     18355	8000b368	1e02e013	ori	x0,x5,480	  x5:0x00000000  x0=0x00000000
         369557	     18376	8000b36c	f99de313	ori	x6,x27,-103	 x27:0xa169e172  x6=0xfffffffb
         369577	     18377	8000b370	0ff0000f	fence	iorw,iorw	
         369997	     18398	8000b374	0259c433	div	x8,x19,x5	 x19:0x80025ce4  x5:0x00000000  x8=0xffffffff
         370017	     18399	8000b378	6f49	c.lui	x30,0x12	 x30=0x00012000
         370037	     18400	8000b37a	8c25	c.xor	x8,x9	  x8:0xffffffff  x9:0x00000000  x8=0xffffffff
         370277	     18412	8000b37c	03f6e033	rem	x0,x13,x31	 x13:0x80021e18 x31:0x00000000  x0=0x00000000
         370297	     18413	8000b380	8f99	c.sub	x15,x14	 x15:0x00000000 x14:0x00000004 x15=0xfffffffc
         371057	     18451	8000b382	023a7ab3	remu	x21,x20,x3	 x20:0xfffffff9  x3:0x000007ff x21=0x000003f9
         371077	     18452	8000b386	0023dd13	srli	x26,x7,0x2	  x7:0x0000056b x26=0x0000015a
         371817	     18489	8000b38a	028875b3	remu	x11,x16,x8	 x16:0x66869b1c  x8:0xffffffff x11=0x66869b1c
         372557	     18526	8000b38e	02356a33	rem	x20,x10,x3	 x10:0x00000001  x3:0x000007ff x20=0x00000001
         372577	     18527	8000b392	817d	c.srli	x10,0x1f	 x10:0x00000001 x10=0x00000000
         372597	     18528	8000b394	84bd	c.srai	x9,0xf	  x9:0x00000000  x9=0x00000000
         372617	     18529	8000b396	34003173	csrrc	x2,mscratch,x0	  x0:0x00000000  x2=0xfffffff9
         372637	     18530	8000b39a	0050d913	srli	x18,x1,0x5	  x1:0x00000000 x18=0x00000000
         372657	     18531	8000b39e	00205f13	srli	x30,x0,0x2	  x0:0x00000000 x30=0x00000000
         372677	     18532	8000b3a2	00b1ecb3	or	x25,x3,x11	  x3:0x000007ff x11:0x66869b1c x25=0x66869fff
         372717	     18534	8000b3a6	40c25fb3	sra	x31,x4,x12	  x4:0x00000000 x12:0x8ccd474c x31=0x00000000
         372737	     18535	8000b3aa	0000100f	fence.i	
         372937	     18545	8000b3ae	8375	c.srli	x14,0x1d	 x14:0x00000004 x14=0x00000000
         373097	     18553	8000b3b0	1ca96593	ori	x11,x18,458	 x18:0x00000000 x11=0x000001ca
         373117	     18554	8000b3b4	0055db63	bge	x11,x5,8000b3ca	 x11:0x000001ca  x5:0x00000000
         373477	     18572	8000b3ca	34007ff3	csrrci	x31,mscratch,0	 x31=0xfffffff9
         373497	     18573	8000b3ce	533b0b93	addi	x23,x22,1331	 x22:0x0000056b x23=0x00000a9e
         373517	     18574	8000b3d2	1908	c.addi4spn	x10,x2,176	 x10=0x000000a9
         373817	     18589	8000b3d4	41955b13	srai	x22,x10,0x19	 x10:0x000000a9 x22=0x00000000
         373977	     18597	8000b3d8	029e	c.slli	x5,0x7	  x5:0x00000000  x5=0x00000000
         373997	     18598	8000b3da	01afc363	blt	x31,x26,8000b3e0	 x31:0xfffffff9 x26:0x0000015a
         374777	     18637	8000b3e0	03d163b3	rem	x7,x2,x29	  x2:0xfffffff9 x29:0x0000056b  x7=0xfffffff9
         374797	     18638	8000b3e4	6b3d	c.lui	x22,0xf	 x22=0x0000f000
         374837	     18640	8000b3e6	028f9f33	mulh	x30,x31,x8	 x31:0xfffffff9  x8:0xffffffff x30=0x00000000
         375037	     18650	8000b3ea	40cf5193	srai	x3,x30,0xc	 x30:0x00000000  x3=0x00000000
         375057	     18651	8000b3ee	0001	c.addi	x0,0	  x0:0x00000000  x0=0x00000000
         375077	     18652	8000b3f0	006b8433	add	x8,x23,x6	 x23:0x00000a9e  x6:0xfffffffb  x8=0x00000a99
         375097	     18653	8000b3f4	3408d8f3	csrrwi	x17,mscratch,17	 x17=0xfffffff9
         375117	     18654	8000b3f8	0001	c.addi	x0,0	  x0:0x00000000  x0=0x00000000
         375137	     18655	8000b3fa	8569	c.srai	x10,0x1a	 x10:0x000000a9 x10=0x00000000
         375157	     18656	8000b3fc	613d	c.addi16sp	x2,480	  x2:0xfffffff9  x2=0x000001d9
         375317	     18664	8000b3fe	00a40f63	beq	x8,x10,8000b41c	  x8:0x00000a99 x10:0x00000000
         375337	     18665	8000b402	8dd9	c.or	x11,x14	 x11:0x000001ca x14:0x00000000 x11=0x000001ca
         375357	     18666	8000b404	8ddd	c.or	x11,x15	 x11:0x000001ca x15:0xfffffffc x11=0xfffffffe
         375477	     18672	8000b406	9d73a793	slti	x15,x7,-1577	  x7:0xfffffff9 x15=0x00000000
         375497	     18673	8000b40a	8e35	c.xor	x12,x13	 x12:0x8ccd474c x13:0x80021e18 x12=0x0ccf5954
         375517	     18674	8000b40c	02cb81b3	mul	x3,x23,x12	 x23:0x00000a9e x12:0x0ccf5954  x3=0x017669d8
         375537	     18675	8000b410	340d91f3	csrrw	x3,mscratch,x27	 x27:0xa169e172  x3=0x00000011
         375557	     18676	8000b414	003af033	and	x0,x21,x3	 x21:0x000003f9  x3:0x00000011  x0=0x00000000
         375737	     18685	8000b418	002a54b3	srl	x9,x20,x2	 x20:0x00000001  x2:0x000001d9  x9=0x00000000
         376097	     18703	8000b41c	e215	c.bnez	x12,8000b440	 x12:0x0ccf5954
         376197	     18708	8000b440	8ff1	c.and	x15,x12	 x15:0x00000000 x12:0x0ccf5954 x15=0x00000000
         376817	     18739	8000b442	02b2b233	mulhu	x4,x5,x11	  x5:0x00000000 x11:0xfffffffe  x4=0x00000000
         376917	     18744	8000b446	01415263	bge	x2,x20,8000b44a	  x2:0x000001d9 x20:0x00000001
         377517	     18774	8000b44a	8b19	c.andi	x14,6	 x14:0x00000000 x14=0x00000000
         377677	     18782	8000b44c	474e4293	xori	x5,x28,1140	 x28:0x16074e48  x5=0x16074a3c
         378037	     18800	8000b450	84f1	c.srai	x9,0x1c	  x9:0x00000000  x9=0x00000000
         378057	     18801	8000b452	8519	c.srai	x10,0x6	 x10:0x00000000 x10=0x00000000
         378077	     18802	8000b454	8e25	c.xor	x12,x9	 x12:0x0ccf5954  x9:0x00000000 x12=0x0ccf5954
         378097	     18803	8000b456	01151493	slli	x9,x10,0x11	 x10:0x00000000  x9=0x00000000
         378117	     18804	8000b45a	8f75	c.and	x14,x13	 x14:0x00000000 x13:0x80021e18 x14=0x00000000
         378137	     18805	8000b45c	01e3d863	bge	x7,x30,8000b46c	  x7:0xfffffff9 x30:0x00000000
         378157	     18806	8000b460	020d80b3	mul	x1,x27,x0	 x27:0xa169e172  x0:0x00000000  x1=0x00000000
         378557	     18826	8000b464	038314b3	mulh	x9,x6,x24	  x6:0xfffffffb x24:0x000177ee  x9=0xffffffff
         379297	     18863	8000b468	0301ff33	remu	x30,x3,x16	  x3:0x00000011 x16:0x66869b1c x30=0x00000011
         379337	     18865	8000b46c	02323e33	mulhu	x28,x4,x3	  x4:0x00000000  x3:0x00000011 x28=0x00000000
         379357	     18866	8000b470	41625c93	srai	x25,x4,0x16	  x4:0x00000000 x25=0x00000000
         379397	     18868	8000b474	06386393	ori	x7,x16,99	 x16:0x66869b1c  x7=0x66869b7f
         379437	     18870	8000b478	0a6f3593	sltiu	x11,x30,166	 x30:0x00000011 x11=0x00000001
         379477	     18872	8000b47c	8855	c.andi	x8,21	  x8:0x00000a99  x8=0x00000011
         379577	     18877	8000b47e	02eef563	bgeu	x29,x14,8000b4a8	 x29:0x0000056b x14:0x00000000
         380857	     18941	8000b4a8	4511	c.li	x10,4	 x10=0x00000004
         380877	     18942	8000b4aa	34006b73	csrrsi	x22,mscratch,0	 x22=0xa169e172
         380897	     18943	8000b4ae	874d	c.srai	x14,0x13	 x14:0x00000000 x14=0x00000000
         381037	     18950	8000b4b0	03549263	bne	x9,x21,8000b4d4	  x9:0xffffffff x21:0x000003f9
         381777	     18987	8000b4d4	6965	c.lui	x18,0x19	 x18=0x00019000
         382017	     18999	8000b4d6	0000100f	fence.i	
         382977	     19047	8000b4da	02f883b3	mul	x7,x17,x15	 x17:0xfffffff9 x15:0x00000000  x7=0x00000000
         382997	     19048	8000b4de	414edc13	srai	x24,x29,0x14	 x29:0x0000056b x24=0x00000000
         383057	     19051	8000b4e2	01792733	slt	x14,x18,x23	 x18:0x00019000 x23:0x00000a9e x14=0x00000000
         383077	     19052	8000b4e6	167d	c.addi	x12,-1	 x12:0x0ccf5954 x12=0x0ccf5953
         383817	     19089	8000b4e8	0355d333	divu	x6,x11,x21	 x11:0x00000001 x21:0x000003f9  x6=0x00000000
         383837	     19090	8000b4ec	340d33f3	csrrc	x7,mscratch,x26	 x26:0x0000015a  x7=0xa169e172
         383857	     19091	8000b4f0	016878b3	and	x17,x16,x22	 x16:0x66869b1c x22:0xa169e172 x17=0x20008110
         383877	     19092	8000b4f4	03c7ff63	bgeu	x15,x28,8000b532	 x15:0x00000000 x28:0x00000000
         384357	     19116	8000b532	00712ab3	slt	x21,x2,x7	  x2:0x000001d9  x7:0xa169e172 x21=0x00000000
         384377	     19117	8000b536	c015	c.beqz	x8,8000b55a	  x8:0x00000011
         384417	     19119	8000b538	027828b3	mulhsu	x17,x16,x7	 x16:0x66869b1c  x7:0xa169e172 x17=0x40a50f0c
         384437	     19120	8000b53c	00396eb3	or	x29,x18,x3	 x18:0x00019000  x3:0x00000011 x29=0x00019011
         385217	     19159	8000b540	034a6733	rem	x14,x20,x20	 x20:0x00000001 x20:0x00000001 x14=0x00000000
         385237	     19160	8000b544	01980433	add	x8,x16,x25	 x16:0x66869b1c x25:0x00000000  x8=0x66869b1c
         385257	     19161	8000b548	013d5d13	srli	x26,x26,0x13	 x26:0x0000015a x26=0x00000000
         385277	     19162	8000b54c	e41a7017	auipc	x0,0xe41a7	  x0=0x00000000
         385297	     19163	8000b550	4e99	c.li	x29,6	 x29=0x00000006
         385337	     19165	8000b552	02f43433	mulhu	x8,x8,x15	  x8:0x66869b1c x15:0x00000000  x8=0x00000000
         385557	     19176	8000b556	01248263	beq	x9,x18,8000b55a	  x9:0xffffffff x18:0x00019000
         385657	     19181	8000b55a	01229013	slli	x0,x5,0x12	  x5:0x16074a3c  x0=0x00000000
         385677	     19182	8000b55e	34002a73	csrrs	x20,mscratch,x0	  x0:0x00000000 x20=0xa169e020
         385737	     19185	8000b562	0107dfb3	srl	x31,x15,x16	 x15:0x00000000 x16:0x66869b1c x31=0x00000000
         385757	     19186	8000b566	fcb3b793	sltiu	x15,x7,-53	  x7:0xa169e172 x15=0x00000001
         385777	     19187	8000b56a	8075	c.srli	x8,0x1d	  x8:0x00000000  x8=0x00000000
         385797	     19188	8000b56c	34006b73	csrrsi	x22,mscratch,0	 x22=0xa169e020
         385877	     19192	8000b570	8e7d	c.and	x12,x15	 x12:0x0ccf5953 x15:0x00000001 x12=0x00000001
         385897	     19193	8000b572	cd0d	c.beqz	x10,8000b5ac	 x10:0x00000004
         386157	     19206	8000b574	340f5f73	csrrwi	x30,mscratch,30	 x30=0xa169e020
         386177	     19207	8000b578	e109	c.bnez	x10,8000b57a	 x10:0x00000004
         386357	     19216	8000b57a	00b95f93	srli	x31,x18,0xb	 x18:0x00019000 x31=0x00000032
         386377	     19217	8000b57e	f15cb813	sltiu	x16,x25,-235	 x25:0x00000000 x16=0x00000001
         386397	     19218	8000b582	68c6bd13	sltiu	x26,x13,1676	 x13:0x80021e18 x26=0x00000000
         386557	     19226	8000b586	01d5dcb3	srl	x25,x11,x29	 x11:0x00000001 x29:0x00000006 x25=0x00000000
         386577	     19227	8000b58a	cf19	c.beqz	x14,8000b5a8	 x14:0x00000000
         387657	     19281	8000b5a8	03b87cb3	remu	x25,x16,x27	 x16:0x00000001 x27:0xa169e172 x25=0x00000001
         387677	     19282	8000b5ac	76e2a593	slti	x11,x5,1902	  x5:0x16074a3c x11=0x00000000
         387697	     19283	8000b5b0	0f5e	c.slli	x30,0x17	 x30:0xa169e020 x30=0x10000000
         387717	     19284	8000b5b2	01aec833	xor	x16,x29,x26	 x29:0x00000006 x26:0x00000000 x16=0x00000006
         387737	     19285	8000b5b6	805d	c.srli	x8,0x17	  x8:0x00000000  x8=0x00000000
         387777	     19287	8000b5b8	02614833	div	x16,x2,x6	  x2:0x000001d9  x6:0x00000000 x16=0xffffffff
         387797	     19288	8000b5bc	010ba4b3	slt	x9,x23,x16	 x23:0x00000a9e x16:0xffffffff  x9=0x00000000
         388157	     19306	8000b5c0	8f2d	c.xor	x14,x11	 x14:0x00000000 x11:0x00000000 x14=0x00000000
         388577	     19327	8000b5c2	417f81b3	sub	x3,x31,x23	 x31:0x00000032 x23:0x00000a9e  x3=0xfffff594
         388597	     19328	8000b5c6	6135	c.addi16sp	x2,352	  x2:0x000001d9  x2=0x00000339
         388617	     19329	8000b5c8	34006ef3	csrrsi	x29,mscratch,0	 x29=0x0000001e
         388637	     19330	8000b5cc	340fdcf3	csrrwi	x25,mscratch,31	 x25=0x0000001e
         389037	     19350	8000b5d0	c5004917	auipc	x18,0xc5004	 x18=0x4500f5d0
         407497	     20273	8000b5d4	4146da13	srai	x20,x13,0x14	 x13:0x80021e18 x20=0xfffff800
         407517	     20274	8000b5d8	03a0cc63	blt	x1,x26,8000b610	  x1:0x00000000 x26:0x00000000
         407537	     20275	8000b5dc	34003073	csrrc	x0,mscratch,x0	  x0:0x00000000  x0=0x00000000
         407557	     20276	8000b5e0	85f5	c.srai	x11,0x1d	 x11:0x00000000 x11=0x00000000
         407577	     20277	8000b5e2	340efff3	csrrci	x31,mscratch,29	 x31=0x0000001f
         407657	     20281	8000b5e6	02ff9a63	bne	x31,x15,8000b61a	 x31:0x0000001f x15:0x00000001
         408837	     20340	8000b61a	0245d8b3	divu	x17,x11,x4	 x11:0x00000000  x4:0x00000000 x17=0xffffffff
         408857	     20341	8000b61e	557d	c.li	x10,-1	 x10=0xffffffff
         408877	     20342	8000b620	8329	c.srli	x14,0xa	 x14:0x00000000 x14=0x00000000
         408897	     20343	8000b622	00558033	add	x0,x11,x5	 x11:0x00000000  x5:0x16074a3c  x0=0x00000000
         408917	     20344	8000b626	88846a13	ori	x20,x8,-1912	  x8:0x00000000 x20=0xfffff888
         408937	     20345	8000b62a	340ae073	csrrsi	x0,mscratch,21	  x0=0x00000000
         408957	     20346	8000b62e	c499	c.beqz	x9,8000b63c	  x9:0x00000000
         409217	     20359	8000b63c	03e7bab3	mulhu	x21,x15,x30	 x15:0x00000001 x30:0x10000000 x21=0x00000000
         409277	     20362	8000b640	ee820d17	auipc	x26,0xee820	 x26=0x6e82b640
         409417	     20369	8000b644	01c061b3	or	x3,x0,x28	  x0:0x00000000 x28:0x00000000  x3=0x00000000
         409837	     20390	8000b648	0ff0000f	fence	iorw,iorw	
         409937	     20395	8000b64c	340d17f3	csrrw	x15,mscratch,x26	 x26:0x6e82b640 x15=0x00000017
         410357	     20416	8000b650	831d	c.srli	x14,0x7	 x14:0x00000000 x14=0x00000000
         410537	     20425	8000b652	63f98f13	addi	x30,x19,1599	 x19:0x80025ce4 x30=0x80026323
         410917	     20444	8000b656	00439e13	slli	x28,x7,0x4	  x7:0xa169e172 x28=0x169e1720
         410937	     20445	8000b65a	01e7ea33	or	x20,x15,x30	 x15:0x00000017 x30:0x80026323 x20=0x80026337
         410957	     20446	8000b65e	717d	c.addi16sp	x2,-16	  x2:0x00000339  x2=0x00000329
         410977	     20447	8000b660	6171	c.addi16sp	x2,336	  x2:0x00000329  x2=0x00000479
         411097	     20453	8000b662	34006e73	csrrsi	x28,mscratch,0	 x28=0x6e82b640
         411117	     20454	8000b666	0001	c.addi	x0,0	  x0:0x00000000  x0=0x00000000
         411337	     20465	8000b668	0ff0000f	fence	iorw,iorw	
         411357	     20466	8000b66c	340ef8f3	csrrci	x17,mscratch,29	 x17=0x6e82b640
         411777	     20487	8000b670	34063773	csrrc	x14,mscratch,x12	 x12:0x00000001 x14=0x6e82b640
         412157	     20506	8000b674	0001	c.addi	x0,0	  x0:0x00000000  x0=0x00000000
         412177	     20507	8000b676	8f61	c.and	x14,x8	 x14:0x6e82b640  x8:0x00000000 x14=0x00000000
         412197	     20508	8000b678	597d	c.li	x18,-1	 x18=0xffffffff
         412217	     20509	8000b67a	b02fcb13	xori	x22,x31,-1278	 x31:0x0000001f x22=0xfffffb1d
         412397	     20518	8000b67e	d2398b13	addi	x22,x19,-733	 x19:0x80025ce4 x22=0x80025a07
         413137	     20555	8000b682	03afcfb3	div	x31,x31,x26	 x31:0x0000001f x26:0x6e82b640 x31=0x00000000
         413157	     20556	8000b686	34087073	csrrci	x0,mscratch,16	  x0=0x00000000
         413177	     20557	8000b68a	019eec63	bltu	x29,x25,8000b6a2	 x29:0x0000001e x25:0x0000001e
         413197	     20558	8000b68e	008e7eb3	and	x29,x28,x8	 x28:0x6e82b640  x8:0x00000000 x29=0x00000000
         413237	     20560	8000b692	03f3e033	rem	x0,x7,x31	  x7:0xa169e172 x31:0x00000000  x0=0x00000000
         413277	     20562	8000b696	03ca37b3	mulhu	x15,x20,x28	 x20:0x80026337 x28:0x6e82b640 x15=0x374262f9
         413297	     20563	8000b69a	00e90263	beq	x18,x14,8000b69e	 x18:0xffffffff x14:0x00000000
         413317	     20564	8000b69e	eb01	c.bnez	x14,8000b6ae	 x14:0x00000000
         413497	     20573	8000b6a0	9532	c.add	x10,x12	 x10:0xffffffff x12:0x00000001 x10=0x00000000
         413637	     20580	8000b6a2	014bd933	srl	x18,x23,x20	 x23:0x00000a9e x20:0x80026337 x18=0x00000000
         414057	     20601	8000b6a6	34093573	csrrc	x10,mscratch,x18	 x18:0x00000000 x10=0x6e82b640
         414077	     20602	8000b6aa	1d04	c.addi4spn	x9,x2,688	  x9=0x00000729
         414097	     20603	8000b6ac	891d	c.andi	x10,7	 x10:0x6e82b640 x10=0x00000000
         414117	     20604	8000b6ae	e199	c.bnez	x11,8000b6b4	 x11:0x00000000
         414497	     20623	8000b6b0	02000433	mul	x8,x0,x0	  x0:0x00000000  x0:0x00000000  x8=0x00000000
         414917	     20644	8000b6b4	026f0263	beq	x30,x6,8000b6d8	 x30:0x80026323  x6:0x00000000
         415097	     20653	8000b6b8	6145	c.addi16sp	x2,48	  x2:0x00000479  x2=0x000004a9
         415237	     20660	8000b6ba	34003bf3	csrrc	x23,mscratch,x0	  x0:0x00000000 x23=0x6e82b640
         415257	     20661	8000b6be	8d61	c.and	x10,x8	 x10:0x00000000  x8:0x00000000 x10=0x00000000
         415317	     20664	8000b6c0	0001	c.addi	x0,0	  x0:0x00000000  x0=0x00000000
         415337	     20665	8000b6c2	97c6	c.add	x15,x17	 x15:0x374262f9 x17:0x6e82b640 x15=0xa5c51939
         415437	     20670	8000b6c4	00cd8a33	add	x20,x27,x12	 x27:0xa169e172 x12:0x00000001 x20=0xa169e173
         415457	     20671	8000b6c8	0772	c.slli	x14,0x1c	 x14:0x00000000 x14=0x00000000
         415477	     20672	8000b6ca	8769	c.srai	x14,0x1a	 x14:0x00000000 x14=0x00000000
         415517	     20674	8000b6cc	859d	c.srai	x11,0x7	 x11:0x00000000 x11=0x00000000
         415537	     20675	8000b6ce	8d21	c.xor	x10,x8	 x10:0x00000000  x8:0x00000000 x10=0x00000000
         415697	     20683	8000b6d0	5c2e2093	slti	x1,x28,1474	 x28:0x6e82b640  x1=0x00000000
         415717	     20684	8000b6d4	be80d217	auipc	x4,0xbe80d	  x4=0x3e8186d4
         415857	     20691	8000b6d8	ed99	c.bnez	x11,8000b6f6	 x11:0x00000000
         415897	     20693	8000b6da	340167f3	csrrsi	x15,mscratch,2	 x15=0x6e82b640
         415917	     20694	8000b6de	0ff0000f	fence	iorw,iorw	
         415937	     20695	8000b6e2	00fae733	or	x14,x21,x15	 x21:0x00000000 x15:0x6e82b640 x14=0x6e82b640
         415957	     20696	8000b6e6	b3132713	slti	x14,x6,-1231	  x6:0x00000000 x14=0x00000000
         416117	     20704	8000b6ea	34007ff3	csrrci	x31,mscratch,0	 x31=0x6e82b642
         416177	     20707	8000b6ee	00e6cab3	xor	x21,x13,x14	 x13:0x80021e18 x14:0x00000000 x21=0x80021e18
         416217	     20709	8000b6f2	02933033	mulhu	x0,x6,x9	  x6:0x00000000  x9:0x00000729  x0=0x00000000
         416237	     20710	8000b6f6	0001	c.addi	x0,0	  x0:0x00000000  x0=0x00000000
         416377	     20717	8000b6f8	961e	c.add	x12,x7	 x12:0x00000001  x7:0xa169e172 x12=0xa169e173
         416397	     20718	8000b6fa	0162b0b3	sltu	x1,x5,x22	  x5:0x16074a3c x22:0x80025a07  x1=0x00000001
         416417	     20719	8000b6fe	0a0a	c.slli	x20,0x2	 x20:0xa169e173 x20=0x85a785cc
         416437	     20720	8000b700	4677f013	andi	x0,x15,1127	 x15:0x6e82b640  x0=0x00000000
         416477	     20722	8000b704	0001	c.addi	x0,0	  x0:0x00000000  x0=0x00000000
         416897	     20743	8000b706	012fa1b3	slt	x3,x31,x18	 x31:0x6e82b642 x18:0x00000000  x3=0x00000000
         417637	     20780	8000b70a	02476433	rem	x8,x14,x4	 x14:0x00000000  x4:0x3e8186d4  x8=0x00000000
         417657	     20781	8000b70e	01cec433	xor	x8,x29,x28	 x29:0x00000000 x28:0x6e82b640  x8=0x6e82b640
         417677	     20782	8000b712	6d57e613	ori	x12,x15,1749	 x15:0x6e82b640 x12=0x6e82b6d5
         417697	     20783	8000b716	035e1a63	bne	x28,x21,8000b74a	 x28:0x6e82b640 x21:0x80021e18
         418137	     20805	8000b74a	34021373	csrrw	x6,mscratch,x4	  x4:0x3e8186d4  x6=0x6e82b642
         418337	     20815	8000b74e	01475213	srli	x4,x14,0x14	 x14:0x00000000  x4=0x00000000
         418357	     20816	8000b752	00a71393	slli	x7,x14,0xa	 x14:0x00000000  x7=0x00000000
         419097	     20853	8000b756	037bd233	divu	x4,x23,x23	 x23:0x6e82b640 x23:0x6e82b640  x4=0x00000001
         419117	     20854	8000b75a	9005f713	andi	x14,x11,-1792	 x11:0x00000000 x14=0x00000000
         419137	     20855	8000b75e	00025413	srli	x8,x4,0x0	  x4:0x00000001  x8=0x00000001
         419157	     20856	8000b762	01fca933	slt	x18,x25,x31	 x25:0x0000001e x31:0x6e82b642 x18=0x00000001
         419177	     20857	8000b766	9b7d	c.andi	x14,-1	 x14:0x00000000 x14=0x00000000
         419197	     20858	8000b768	c4137a13	andi	x20,x6,-959	  x6:0x6e82b642 x20=0x6e82b440
         419217	     20859	8000b76c	6db9b513	sltiu	x10,x19,1755	 x19:0x80025ce4 x10=0x00000000
         419237	     20860	8000b770	015a9833	sll	x16,x21,x21	 x21:0x80021e18 x21:0x80021e18 x16=0x18000000
         419657	     20881	8000b774	01aa6033	or	x0,x20,x26	 x20:0x6e82b440 x26:0x6e82b640  x0=0x00000000
         419797	     20888	8000b778	34081673	csrrw	x12,mscratch,x16	 x16:0x18000000 x12=0x3e8186d4
         419817	     20889	8000b77c	8b6a	c.mv	x22,x26	  x0:0x00000000 x26:0x6e82b640 x22=0x6e82b640
         419837	     20890	8000b77e	737efb93	andi	x23,x29,1847	 x29:0x00000000 x23=0x00000000
         419857	     20891	8000b782	8fcd	c.or	x15,x11	 x15:0x6e82b640 x11:0x00000000 x15=0x6e82b640
         419937	     20895	8000b784	01715813	srli	x16,x2,0x17	  x2:0x000004a9 x16=0x00000000
         420037	     20900	8000b788	03675763	bge	x14,x22,8000b7b6	 x14:0x00000000 x22:0x6e82b640
         420057	     20901	8000b78c	8445	c.srai	x8,0x11	  x8:0x00000001  x8=0x00000000
         420077	     20902	8000b78e	0f75	c.addi	x30,29	 x30:0x80026323 x30=0x80026340
         420477	     20922	8000b790	1000	c.addi4spn	x8,x2,32	  x8=0x000004c9
         420497	     20923	8000b792	5d7d	c.li	x26,-1	 x26=0xffffffff
         420517	     20924	8000b794	017328b3	slt	x17,x6,x23	  x6:0x6e82b642 x23:0x00000000 x17=0x00000000
         420657	     20931	8000b798	0ff0000f	fence	iorw,iorw	
         420677	     20932	8000b79c	019635b3	sltu	x11,x12,x25	 x12:0x3e8186d4 x25:0x0000001e x11=0x00000000
         421077	     20952	8000b7a0	3401fa73	csrrci	x20,mscratch,3	 x20=0x18000000
         421097	     20953	8000b7a4	80dd	c.srli	x9,0x17	  x9:0x00000729  x9=0x00000000
         421117	     20954	8000b7a6	41f881b3	sub	x3,x17,x31	 x17:0x00000000 x31:0x6e82b642  x3=0x917d49be
         421457	     20971	8000b7aa	409a5913	srai	x18,x20,0x9	 x20:0x18000000 x18=0x000c0000
         422197	     21008	8000b7ae	026767b3	rem	x15,x14,x6	 x14:0x00000000  x6:0x6e82b642 x15=0x00000000
         422237	     21010	8000b7b2	02caaeb3	mulhsu	x29,x21,x12	 x21:0x80021e18 x12:0x3e8186d4 x29=0xe0bfc0f2
         422257	     21011	8000b7b6	00af8a63	beq	x31,x10,8000b7ca	 x31:0x6e82b642 x10:0x00000000
         422277	     21012	8000b7ba	340c7cf3	csrrci	x25,mscratch,24	 x25=0x18000000
         422297	     21013	8000b7be	0ff0000f	fence	iorw,iorw	
         422317	     21014	8000b7c2	34003af3	csrrc	x21,mscratch,x0	  x0:0x00000000 x21=0x18000000
         422877	     21042	8000b7c6	49a1eb93	ori	x23,x3,1178	  x3:0x917d49be x23=0x917d4dbe
         422897	     21043	8000b7ca	340061f3	csrrsi	x3,mscratch,0	  x3=0x18000000
         423317	     21064	8000b7ce	340f38f3	csrrc	x17,mscratch,x30	 x30:0x80026340 x17=0x18000000
         423337	     21065	8000b7d2	6351	c.lui	x6,0x14	  x6=0x00014000
         423377	     21067	8000b7d4	02bcb3b3	mulhu	x7,x25,x11	 x25:0x18000000 x11:0x00000000  x7=0x00000000
         423517	     21074	8000b7d8	8d61	c.and	x10,x8	 x10:0x00000000  x8:0x000004c9 x10=0x00000000
         424257	     21111	8000b7da	03b7de33	divu	x28,x15,x27	 x15:0x00000000 x27:0xa169e172 x28=0x00000000
         424277	     21112	8000b7de	8c21	c.xor	x8,x8	  x8:0x000004c9  x8:0x000004c9  x8=0x00000000
         424297	     21113	8000b7e0	127d	c.addi	x4,-1	  x4:0x00000001  x4=0x00000000
         424317	     21114	8000b7e2	00309d63	bne	x1,x3,8000b7fc	  x1:0x00000001  x3:0x18000000
         424437	     21120	8000b7fc	95088917	auipc	x18,0x95088	 x18=0x150937fc
         424477	     21122	8000b800	0290	c.addi4spn	x12,x2,320	 x12=0x000005e9
         424897	     21143	8000b802	59718a13	addi	x20,x3,1431	  x3:0x18000000 x20=0x18000597
         424917	     21144	8000b806	986e	c.add	x16,x27	 x16:0x00000000 x27:0xa169e172 x16=0xa169e172
         425237	     21160	8000b808	02f2c663	blt	x5,x15,8000b834	  x5:0x16074a3c x15:0x00000000
         425257	     21161	8000b80c	0ff0000f	fence	iorw,iorw	
         425517	     21174	8000b810	fe460493	addi	x9,x12,-28	 x12:0x000005e9  x9=0x000005cd
         425577	     21177	8000b814	6eb5	c.lui	x29,0xd	 x29=0x0000d000
         425597	     21178	8000b816	ef9d	c.bnez	x15,8000b854	 x15:0x00000000
         425637	     21180	8000b818	028d7cb3	remu	x25,x26,x8	 x26:0xffffffff  x8:0x00000000 x25=0xffffffff
         425657	     21181	8000b81c	03ba0e63	beq	x20,x27,8000b858	 x20:0x18000597 x27:0xa169e172
         426037	     21200	8000b820	92552897	auipc	x17,0x92552	 x17=0x1255d820
         426217	     21209	8000b824	997d	c.andi	x10,-1	 x10:0x00000000 x10=0x00000000
         426637	     21230	8000b826	02d3a593	slti	x11,x7,45	  x7:0x00000000 x11=0x00000001
         426657	     21231	8000b82a	8e35	c.xor	x12,x13	 x12:0x000005e9 x13:0x80021e18 x12=0x80021bf1
         426837	     21240	8000b82c	34003e73	csrrc	x28,mscratch,x0	  x0:0x00000000 x28=0x18000000
         426937	     21245	8000b830	34005c73	csrrwi	x24,mscratch,0	 x24=0x18000000
         427057	     21251	8000b834	9f66	c.add	x30,x25	 x30:0x80026340 x25:0xffffffff x30=0x8002633f
         427077	     21252	8000b836	02f55763	bge	x10,x15,8000b864	 x10:0x00000000 x15:0x00000000
         427357	     21266	8000b864	036aa8b3	mulhsu	x17,x21,x22	 x21:0x18000000 x22:0x6e82b640 x17=0x0a5c4116
         427497	     21273	8000b868	403c5313	srai	x6,x24,0x3	 x24:0x18000000  x6=0x03000000
         427837	     21290	8000b86c	8c01	c.sub	x8,x8	  x8:0x00000000  x8:0x00000000  x8=0x00000000
         427857	     21291	8000b86e	0005c0b3	xor	x1,x11,x0	 x11:0x00000001  x0:0x00000000  x1=0x00000001
         427937	     21295	8000b872	0167c4b3	xor	x9,x15,x22	 x15:0x00000000 x22:0x6e82b640  x9=0x6e82b640
         427957	     21296	8000b876	6721	c.lui	x14,0x8	 x14=0x00008000
         428377	     21317	8000b878	02b41ab3	mulh	x21,x8,x11	  x8:0x00000000 x11:0x00000001 x21=0x00000000
         428397	     21318	8000b87c	417787b3	sub	x15,x15,x23	 x15:0x00000000 x23:0x917d4dbe x15=0x6e82b242
         428417	     21319	8000b880	01b752b3	srl	x5,x14,x27	 x14:0x00008000 x27:0xa169e172  x5=0x00000000
         428617	     21329	8000b884	8cf1	c.and	x9,x12	  x9:0x6e82b640 x12:0x80021bf1  x9=0x00021240
         428937	     21345	8000b886	6c590093	addi	x1,x18,1733	 x18:0x150937fc  x1=0x15093ec1
         428957	     21346	8000b88a	813d	c.srli	x10,0xf	 x10:0x00000000 x10=0x00000000
         429697	     21383	8000b88c	033f6833	rem	x16,x30,x19	 x30:0x8002633f x19:0x80025ce4 x16=0x8002633f
         430437	     21420	8000b890	022840b3	div	x1,x16,x2	 x16:0x8002633f  x2:0x000004a9  x1=0xffe488fe
         430457	     21421	8000b894	0799	c.addi	x15,6	 x15:0x6e82b242 x15=0x6e82b248
         430477	     21422	8000b896	03a30cb3	mul	x25,x6,x26	  x6:0x03000000 x26:0xffffffff x25=0xfd000000
         430517	     21424	8000b89a	02a8c733	div	x14,x17,x10	 x17:0x0a5c4116 x10:0x00000000 x14=0xffffffff
         430537	     21425	8000b89e	c48d2113	slti	x2,x26,-952	 x26:0xffffffff  x2=0x00000000
         430557	     21426	8000b8a2	011c8e33	add	x28,x25,x17	 x25:0xfd000000 x17:0x0a5c4116 x28=0x075c4116
         430597	     21428	8000b8a6	03ab3bb3	mulhu	x23,x22,x26	 x22:0x6e82b640 x26:0xffffffff x23=0x6e82b63f
         430617	     21429	8000b8aa	6179	c.addi16sp	x2,464	  x2:0x00000000  x2=0x000001d0
         430637	     21430	8000b8ac	0ff0000f	fence	iorw,iorw	
         430657	     21431	8000b8b0	0a442a93	slti	x21,x8,164	  x8:0x00000000 x21=0x00000001
         430677	     21432	8000b8b4	13bc3593	sltiu	x11,x24,315	 x24:0x18000000 x11=0x00000000
         430717	     21434	8000b8b8	00827833	and	x16,x4,x8	  x4:0x00000000  x8:0x00000000 x16=0x00000000
         430757	     21436	8000b8bc	037da3b3	mulhsu	x7,x27,x23	 x27:0xa169e172 x23:0x6e82b63f  x7=0xd72b334d
         430897	     21443	8000b8c0	0116a333	slt	x6,x13,x17	 x13:0x80021e18 x17:0x0a5c4116  x6=0x00000001
         431317	     21464	8000b8c4	966f73b7	lui	x7,0x966f7	  x7=0x966f7000
         431337	     21465	8000b8c8	416b0233	sub	x4,x22,x22	 x22:0x6e82b640 x22:0x6e82b640  x4=0x00000000
         432237	     21510	8000b8cc	0384c633	div	x12,x9,x24	  x9:0x00021240 x24:0x18000000 x12=0x00000000
         432257	     21511	8000b8d0	cf923d37	lui	x26,0xcf923	 x26=0xcf923000
         432277	     21512	8000b8d4	6eb5	c.lui	x29,0xd	 x29=0x0000d000
         432297	     21513	8000b8d6	0ff0000f	fence	iorw,iorw	
         432317	     21514	8000b8da	a9784237	lui	x4,0xa9784	  x4=0xa9784000
         432337	     21515	8000b8de	340450f3	csrrwi	x1,mscratch,8	  x1=0x00000000
         432357	     21516	8000b8e2	340e7af3	csrrci	x21,mscratch,28	 x21=0x00000008
         432397	     21518	8000b8e6	01fb9513	slli	x10,x23,0x1f	 x23:0x6e82b63f x10=0x80000000
         432417	     21519	8000b8ea	34007473	csrrci	x8,mscratch,0	  x8=0x00000000
         432637	     21530	8000b8ee	0000100f	fence.i	
         433817	     21589	8000b8f2	00bdf233	and	x4,x27,x11	 x27:0xa169e172 x11:0x00000000  x4=0x00000000
         433997	     21598	8000b8f6	34092273	csrrs	x4,mscratch,x18	 x18:0x150937fc  x4=0x00000000
         434177	     21607	8000b8fa	01a400b3	add	x1,x8,x26	  x8:0x00000000 x26:0xcf923000  x1=0xcf923000
         434477	     21622	8000b8fe	9ee65717	auipc	x14,0x9ee65	 x14=0x1ee708fe
         434497	     21623	8000b902	028b1263	bne	x22,x8,8000b926	 x22:0x6e82b640  x8:0x00000000
         434737	     21635	8000b926	40bf8133	sub	x2,x31,x11	 x31:0x6e82b642 x11:0x00000000  x2=0x6e82b642
         434757	     21636	8000b92a	0219	c.addi	x4,6	  x4:0x00000000  x4=0x00000006
         434817	     21639	8000b92c	e189	c.bnez	x11,8000b92e	 x11:0x00000000
         434877	     21642	8000b92e	02694163	blt	x18,x6,8000b950	 x18:0x150937fc  x6:0x00000001
         434937	     21645	8000b932	41735433	sra	x8,x6,x23	  x6:0x00000001 x23:0x6e82b63f  x8=0x00000000
         434957	     21646	8000b936	03c1da63	bge	x3,x28,8000b96a	  x3:0x18000000 x28:0x075c4116
         435297	     21663	8000b96a	34003573	csrrc	x10,mscratch,x0	  x0:0x00000000 x10=0x150937fc
         435457	     21671	8000b96e	03b03733	mulhu	x14,x0,x27	  x0:0x00000000 x27:0xa169e172 x14=0x00000000
         436317	     21714	8000b972	0365cf33	div	x30,x11,x22	 x11:0x00000000 x22:0x6e82b640 x30=0x00000000
         436337	     21715	8000b976	40af5c93	srai	x25,x30,0xa	 x30:0x00000000 x25=0x00000000
         436357	     21716	8000b97a	d2950a13	addi	x20,x10,-727	 x10:0x150937fc x20=0x15093525
         436377	     21717	8000b97e	340f52f3	csrrwi	x5,mscratch,30	  x5=0x150937fc
         437117	     21754	8000b982	0359ecb3	rem	x25,x19,x21	 x19:0x80025ce4 x21:0x00000008 x25=0xfffffffc
         437137	     21755	8000b986	3daf3b93	sltiu	x23,x30,986	 x30:0x00000000 x23=0x00000001
         437157	     21756	8000b98a	00bcaab3	slt	x21,x25,x11	 x25:0xfffffffc x11:0x00000000 x21=0x00000001
         437177	     21757	8000b98e	8c9a	c.mv	x25,x6	  x0:0x00000000  x6:0x00000001 x25=0x00000001
         437197	     21758	8000b990	8cb5	c.xor	x9,x13	  x9:0x00021240 x13:0x80021e18  x9=0x80000c58
         437217	     21759	8000b992	0552	c.slli	x10,0x14	 x10:0x150937fc x10=0x7fc00000
         437237	     21760	8000b994	35116297	auipc	x5,0x35116	  x5=0xb5121994
         437257	     21761	8000b998	ee01	c.bnez	x12,8000b9b0	 x12:0x00000000
         437277	     21762	8000b99a	0d18	c.addi4spn	x14,x2,656	 x14=0x6e82b8d2
         438017	     21799	8000b99c	0227c0b3	div	x1,x15,x2	 x15:0x6e82b248  x2:0x6e82b642  x1=0x00000000
         438037	     21800	8000b9a0	0c46	c.slli	x24,0x11	 x24:0x18000000 x24=0x00000000
         438057	     21801	8000b9a2	40ca0233	sub	x4,x20,x12	 x20:0x15093525 x12:0x00000000  x4=0x15093525
         438077	     21802	8000b9a6	8862	c.mv	x16,x24	  x0:0x00000000 x24:0x00000000 x16=0x00000000
         438097	     21803	8000b9a8	83ad	c.srli	x15,0xb	 x15:0x6e82b248 x15=0x000dd056
         438137	     21805	8000b9aa	030dbfb3	mulhu	x31,x27,x16	 x27:0xa169e172 x16:0x00000000 x31=0x00000000
         438157	     21806	8000b9ae	04a2	c.slli	x9,0x8	  x9:0x80000c58  x9=0x000c5800
         438177	     21807	8000b9b0	004843b3	xor	x7,x16,x4	 x16:0x00000000  x4:0x15093525  x7=0x15093525
         438197	     21808	8000b9b4	3403fff3	csrrci	x31,mscratch,7	 x31=0x0000001e
         438437	     21820	8000b9b8	0ff0000f	fence	iorw,iorw	
         438757	     21836	8000b9bc	853d	c.srai	x10,0xf	 x10:0x7fc00000 x10=0x0000ff80
         438777	     21837	8000b9be	e199	c.bnez	x11,8000b9c4	 x11:0x00000000
         438797	     21838	8000b9c0	00a51e93	slli	x29,x10,0xa	 x10:0x0000ff80 x29=0x03fe0000
         438957	     21846	8000b9c4	9ac2	c.add	x21,x16	 x21:0x00000001 x16:0x00000000 x21=0x00000001
         438977	     21847	8000b9c6	c891	c.beqz	x9,8000b9da	  x9:0x000c5800
         438997	     21848	8000b9c8	340070f3	csrrci	x1,mscratch,0	  x1=0x00000018
         439117	     21854	8000b9cc	34007373	csrrci	x6,mscratch,0	  x6=0x00000018
         439477	     21872	8000b9d0	03a9ad33	mulhsu	x26,x19,x26	 x19:0x80025ce4 x26:0xcf923000 x26=0x9838d275
         439497	     21873	8000b9d4	011ec233	xor	x4,x29,x17	 x29:0x03fe0000 x17:0x0a5c4116  x4=0x09a24116
         439517	     21874	8000b9d8	8f05	c.sub	x14,x9	 x14:0x6e82b8d2  x9:0x000c5800 x14=0x6e7660d2
         439557	     21876	8000b9da	02025eb3	divu	x29,x4,x0	  x4:0x09a24116  x0:0x00000000 x29=0xffffffff
         439577	     21877	8000b9de	00dd94b3	sll	x9,x27,x13	 x27:0xa169e172 x13:0x80021e18  x9=0x72000000
         439597	     21878	8000b9e2	340023f3	csrrs	x7,mscratch,x0	  x0:0x00000000  x7=0x00000018
         439617	     21879	8000b9e6	6a71	c.lui	x20,0x1c	 x20=0x0001c000
         439637	     21880	8000b9e8	c589	c.beqz	x11,8000b9f2	 x11:0x00000000
         440717	     21934	8000b9f2	03c62fb3	mulhsu	x31,x12,x28	 x12:0x00000000 x28:0x075c4116 x31=0x00000000
         440817	     21939	8000b9f6	401d0033	sub	x0,x26,x1	 x26:0x9838d275  x1:0x00000018  x0=0x00000000
         440837	     21940	8000b9fa	8d55	c.or	x10,x13	 x10:0x0000ff80 x13:0x80021e18 x10=0x8002ff98
         441577	     21977	8000b9fc	031dc0b3	div	x1,x27,x17	 x27:0xa169e172 x17:0x0a5c4116  x1=0xfffffff7
         441597	     21978	8000ba00	41ac8533	sub	x10,x25,x26	 x25:0x00000001 x26:0x9838d275 x10=0x67c72d8c
         441617	     21979	8000ba04	8b79	c.andi	x14,30	 x14:0x6e7660d2 x14=0x00000012
         441637	     21980	8000ba06	00ee00b3	add	x1,x28,x14	 x28:0x075c4116 x14:0x00000012  x1=0x075c4128
         441657	     21981	8000ba0a	00fbdfb3	srl	x31,x23,x15	 x23:0x00000001 x15:0x000dd056 x31=0x00000000
         441837	     21990	8000ba0e	41875893	srai	x17,x14,0x18	 x14:0x00000012 x17=0x00000000
         441857	     21991	8000ba12	3403aa73	csrrs	x20,mscratch,x7	  x7:0x00000018 x20=0x00000018
         441877	     21992	8000ba16	8a75	c.andi	x12,29	 x12:0x00000000 x12=0x00000000
         441897	     21993	8000ba18	9460a2b7	lui	x5,0x9460a	  x5=0x9460a000
         441917	     21994	8000ba1c	00f30fb3	add	x31,x6,x15	  x6:0x00000018 x15:0x000dd056 x31=0x000dd06e
         441977	     21997	8000ba20	027b1333	mulh	x6,x22,x7	 x22:0x6e82b640  x7:0x00000018  x6=0x0000000a
         453917	     22594	8000ba24	8d5d	c.or	x10,x15	 x10:0x67c72d8c x15:0x000dd056 x10=0x67cffdde
         454097	     22603	8000ba26	0046a083	lw	x1,4(x13)	 x13:0x80021e18  x1=0x80004b7e PA:0x80021e1c load:0x80004b7e
         454117	     22604	8000ba2a	3405a4f3	csrrs	x9,mscratch,x11	 x11:0x00000000  x9=0x00000018
         454137	     22605	8000ba2e	0140f833	and	x16,x1,x20	  x1:0x80004b7e x20:0x00000018 x16=0x00000018
         454157	     22606	8000ba32	00f33e33	sltu	x28,x6,x15	  x6:0x0000000a x15:0x000dd056 x28=0x00000001
         454177	     22607	8000ba36	02c68693	addi	x13,x13,44	 x13:0x80021e18 x13=0x80021e44
         454237	     22610	8000ba3a	00089393	slli	x7,x17,0x0	 x17:0x00000000  x7=0x00000000
         454337	     22615	8000ba3e	00008393	addi	x7,x1,0	  x1:0x80004b7e  x7=0x80004b7e
         454797	     22638	8000ba42	000383e7	jalr	x7,0(x7)	  x7:0x80004b7e  x7=0x8000ba46
         455717	     22684	80004b7e	3407fb73	csrrci	x22,mscratch,15	 x22=0x00000018
         456457	     22721	80004b82	02ecffb3	remu	x31,x25,x14	 x25:0x00000001 x14:0x00000012 x31=0x00000001
         456477	     22722	80004b86	8c21	c.xor	x8,x8	  x8:0x00000000  x8:0x00000000  x8=0x00000000
         456517	     22724	80004b88	02773bb3	mulhu	x23,x14,x7	 x14:0x00000012  x7:0x8000ba46 x23=0x00000009
         456537	     22725	80004b8c	00366c63	bltu	x12,x3,80004ba4	 x12:0x00000000  x3:0x18000000
         457037	     22750	80004ba4	130c	c.addi4spn	x11,x2,416	 x11=0x6e82b7e2
         457217	     22759	80004ba6	02d71b63	bne	x14,x13,80004bdc	 x14:0x00000012 x13:0x80021e44
         457877	     22792	80004bdc	0310c163	blt	x1,x17,80004bfe	  x1:0x80004b7e x17:0x00000000
         458537	     22825	80004bfe	03ff5463	bge	x30,x31,80004c26	 x30:0x00000000 x31:0x00000001
         458557	     22826	80004c02	00c43033	sltu	x0,x8,x12	  x8:0x00000000 x12:0x00000000  x0=0x00000000
         458577	     22827	80004c06	01f0ec63	bltu	x1,x31,80004c1e	  x1:0x80004b7e x31:0x00000001
         458597	     22828	80004c0a	e509	c.bnez	x10,80004c14	 x10:0x67cffdde
         458777	     22837	80004c14	9ede	c.add	x29,x23	 x29:0xffffffff x23:0x00000009 x29=0x00000008
         458817	     22839	80004c16	3c6e3813	sltiu	x16,x28,966	 x28:0x00000001 x16=0x00000001
         459017	     22849	80004c1a	01033233	sltu	x4,x6,x16	  x6:0x0000000a x16:0x00000001  x4=0x00000000
         459037	     22850	80004c1e	00a5dcb3	srl	x25,x11,x10	 x11:0x6e82b7e2 x10:0x67cffdde x25=0x00000001
         459057	     22851	80004c22	340035f3	csrrc	x11,mscratch,x0	  x0:0x00000000 x11=0x00000010
         460177	     22907	80004c26	02644133	div	x2,x8,x6	  x8:0x00000000  x6:0x0000000a  x2=0x00000000
         460197	     22908	80004c2a	03c0ff63	bgeu	x1,x28,80004c68	  x1:0x80004b7e x28:0x00000001
         460677	     22932	80004c68	f5d84b13	xori	x22,x16,-163	 x16:0x00000001 x22=0xffffff5c
         460717	     22934	80004c6c	023491b3	mulh	x3,x9,x3	  x9:0x00000018  x3:0x18000000  x3=0x00000002
         460737	     22935	80004c70	03e14963	blt	x2,x30,80004ca2	  x2:0x00000000 x30:0x00000000
         460897	     22943	80004c74	0000100f	fence.i	
         461397	     22968	80004c78	8fb1	c.xor	x15,x12	 x15:0x000dd056 x12:0x00000000 x15=0x000dd056
         461417	     22969	80004c7a	022e6d63	bltu	x28,x2,80004cb4	 x28:0x00000001  x2:0x00000000
         461437	     22970	80004c7e	01d0d8b3	srl	x17,x1,x29	  x1:0x80004b7e x29:0x00000008 x17=0x0080004b
         461457	     22971	80004c82	99fd	c.andi	x11,-1	 x11:0x00000010 x11=0x00000010
         461637	     22980	80004c84	0021ca33	xor	x20,x3,x2	  x3:0x00000002  x2:0x00000000 x20=0x00000002
         461857	     22991	80004c88	0249fbb3	remu	x23,x19,x4	 x19:0x80025ce4  x4:0x00000000 x23=0x80025ce4
         461997	     22998	80004c8c	01bcc863	blt	x25,x27,80004c9c	 x25:0x00000001 x27:0xa169e172
         462017	     22999	80004c90	758b7593	andi	x11,x22,1880	 x22:0xffffff5c x11=0x00000758
         462037	     23000	80004c94	0825	c.addi	x16,9	 x16:0x00000001 x16=0x0000000a
         462057	     23001	80004c96	0001	c.addi	x0,0	  x0:0x00000000  x0=0x00000000
         462077	     23002	80004c98	0fe1	c.addi	x31,24	 x31:0x00000001 x31=0x00000019
         462097	     23003	80004c9a	8d81	c.sub	x11,x8	 x11:0x00000758  x8:0x00000000 x11=0x00000758
         462877	     23042	80004c9c	03c4ea33	rem	x20,x9,x28	  x9:0x00000018 x28:0x00000001 x20=0x00000000
         462897	     23043	80004ca0	8f89	c.sub	x15,x10	 x15:0x000dd056 x10:0x67cffdde x15=0x983dd278
         462917	     23044	80004ca2	34007ff3	csrrci	x31,mscratch,0	 x31=0x00000010
         462937	     23045	80004ca6	02c58533	mul	x10,x11,x12	 x11:0x00000758 x12:0x00000000 x10=0x00000000
         462977	     23047	80004caa	0332b5b3	mulhu	x11,x5,x19	  x5:0x9460a000 x19:0x80025ce4 x11=0x4a31ae98
         462997	     23048	80004cae	0001	c.addi	x0,0	  x0:0x00000000  x0=0x00000000
         463077	     23052	80004cb0	030b8433	mul	x8,x23,x16	 x23:0x80025ce4 x16:0x0000000a  x8=0x0017a0e8
         463437	     23070	80004cb4	8e55	c.or	x12,x13	 x12:0x00000000 x13:0x80021e44 x12=0x80021e44
         463457	     23071	80004cb6	02db9763	bne	x23,x13,80004ce4	 x23:0x80025ce4 x13:0x80021e44
         463877	     23092	80004ce4	00b7df13	srli	x30,x15,0xb	 x15:0x983dd278 x30=0x001307ba
         463937	     23095	80004ce8	020052b3	divu	x5,x0,x0	  x0:0x00000000  x0:0x00000000  x5=0xffffffff
         463957	     23096	80004cec	834d	c.srli	x14,0x13	 x14:0x00000012 x14=0x00000000
         463977	     23097	80004cee	03b1f763	bgeu	x3,x27,80004d1c	  x3:0x00000002 x27:0xa169e172
         464717	     23134	80004cf2	032e7933	remu	x18,x28,x18	 x28:0x00000001 x18:0x150937fc x18=0x00000001
         464737	     23135	80004cf6	0ff0000f	fence	iorw,iorw	
         464757	     23136	80004cfa	01482733	slt	x14,x16,x20	 x16:0x0000000a x20:0x00000000 x14=0x00000000
         464777	     23137	80004cfe	18fd	c.addi	x17,-1	 x17:0x0080004b x17=0x0080004a
         464797	     23138	80004d00	01a0a833	slt	x16,x1,x26	  x1:0x80004b7e x26:0x9838d275 x16=0x00000001
         464817	     23139	80004d04	00dcd1b3	srl	x3,x25,x13	 x25:0x00000001 x13:0x80021e44  x3=0x00000000
         464837	     23140	80004d08	4865	c.li	x16,25	 x16=0x00000019
         464857	     23141	80004d0a	016d0a33	add	x20,x26,x22	 x26:0x9838d275 x22:0xffffff5c x20=0x9838d1d1
         464877	     23142	80004d0e	65d5	c.lui	x11,0x15	 x11=0x00015000
         464897	     23143	80004d10	340b1b73	csrrw	x22,mscratch,x22	 x22:0xffffff5c x22=0x00000010
         465077	     23152	80004d14	0359cc63	blt	x19,x21,80004d4c	 x19:0x80025ce4 x21:0x00000001
         465357	     23166	80004d4c	6c75	c.lui	x24,0x1d	 x24=0x0001d000
         465517	     23174	80004d4e	21d80c93	addi	x25,x16,541	 x16:0x00000019 x25=0x00000236
         465537	     23175	80004d52	8119	c.srli	x10,0x6	 x10:0x00000000 x10=0x00000000
         465557	     23176	80004d54	6dd5b813	sltiu	x16,x11,1757	 x11:0x00015000 x16=0x00000000
         465577	     23177	80004d58	a2884d13	xori	x26,x16,-1496	 x16:0x00000000 x26=0xfffffa28
         465897	     23193	80004d5c	40fbd933	sra	x18,x23,x15	 x23:0x80025ce4 x15:0x983dd278 x18=0xffffff80
         465917	     23194	80004d60	01fe4c33	xor	x24,x28,x31	 x28:0x00000001 x31:0x00000010 x24=0x00000011
         465937	     23195	80004d64	84c6	c.mv	x9,x17	  x0:0x00000000 x17:0x0080004a  x9=0x0080004a
         466197	     23208	80004d66	a77bfd13	andi	x26,x23,-1417	 x23:0x80025ce4 x26=0x80025864
         466437	     23220	80004d6a	00633a33	sltu	x20,x6,x6	  x6:0x0000000a  x6:0x0000000a x20=0x00000000
         466457	     23221	80004d6e	07dd	c.addi	x15,23	 x15:0x983dd278 x15=0x983dd28f
         466477	     23222	80004d70	3402aff3	csrrs	x31,mscratch,x5	  x5:0xffffffff x31=0xffffff5c
         466497	     23223	80004d74	08e33e93	sltiu	x29,x6,142	  x6:0x0000000a x29=0x00000001
         466837	     23240	80004d78	03e14717	auipc	x14,0x3e14	 x14=0x83e18d78
         467237	     23260	80004d7c	72840c93	addi	x25,x8,1832	  x8:0x0017a0e8 x25=0x0017a810
         467277	     23262	80004d80	020d2fb3	mulhsu	x31,x26,x0	 x26:0x80025864  x0:0x00000000 x31=0x00000000
         467617	     23279	80004d84	403301b3	sub	x3,x6,x3	  x6:0x0000000a  x3:0x00000000  x3=0x0000000a
         467637	     23280	80004d88	34045073	csrrwi	x0,mscratch,8	  x0=0x00000000
         467677	     23282	80004d8c	021fa733	mulhsu	x14,x31,x1	 x31:0x00000000  x1:0x80004b7e x14=0x00000000
         467797	     23288	80004d90	00f56933	or	x18,x10,x15	 x10:0x00000000 x15:0x983dd28f x18=0x983dd28f
         467977	     23297	80004d94	8d05	c.sub	x10,x9	 x10:0x00000000  x9:0x0080004a x10=0xff7fffb6
         468037	     23300	80004d96	00a10363	beq	x2,x10,80004d9c	  x2:0x00000000 x10:0xff7fffb6
         468057	     23301	80004d9a	65a9	c.lui	x11,0xa	 x11=0x0000a000
         468077	     23302	80004d9c	9952	c.add	x18,x20	 x18:0x983dd28f x20:0x00000000 x18=0x983dd28f
         468097	     23303	80004d9e	00b66bb3	or	x23,x12,x11	 x12:0x80021e44 x11:0x0000a000 x23=0x8002be44
         468297	     23313	80004da2	015190b3	sll	x1,x3,x21	  x3:0x0000000a x21:0x00000001  x1=0x00000014
         468317	     23314	80004da6	8ba6	c.mv	x23,x9	  x0:0x00000000  x9:0x0080004a x23=0x0080004a
         468497	     23323	80004da8	0001	c.addi	x0,0	  x0:0x00000000  x0=0x00000000
         468517	     23324	80004daa	0001	c.addi	x0,0	  x0:0x00000000  x0=0x00000000
         468537	     23325	80004dac	dcc51ab7	lui	x21,0xdcc51	 x21=0xdcc51000
         469417	     23369	80004db0	03787333	remu	x6,x16,x23	 x16:0x00000000 x23:0x0080004a  x6=0x00000000
         469437	     23370	80004db4	03881b63	bne	x16,x24,80004dea	 x16:0x00000000 x24:0x00000011
         469637	     23380	80004dea	14a3e337	lui	x6,0x14a3e	  x6=0x14a3e000
         469657	     23381	80004dee	34041bf3	csrrw	x23,mscratch,x8	  x8:0x0017a0e8 x23=0x00000008
         469677	     23382	80004df2	65f5	c.lui	x11,0x1d	 x11=0x0001d000
         469837	     23390	80004df4	0500	c.addi4spn	x8,x2,640	  x8=0x00000280
         469857	     23391	80004df6	2d6a8717	auipc	x14,0x2d6a8	 x14=0xad6acdf6
         469877	     23392	80004dfa	00aacbb3	xor	x23,x21,x10	 x21:0xdcc51000 x10:0xff7fffb6 x23=0x23baefb6
         469897	     23393	80004dfe	cd11	c.beqz	x10,80004e1a	 x10:0xff7fffb6
         469917	     23394	80004e00	01e99613	slli	x12,x19,0x1e	 x19:0x80025ce4 x12=0x00000000
         470337	     23415	80004e04	03699f33	mulh	x30,x19,x22	 x19:0x80025ce4 x22:0x00000010 x30=0xfffffff8
         470357	     23416	80004e08	0000100f	fence.i	
         470657	     23431	80004e0c	00cb5263	bge	x22,x12,80004e10	 x22:0x00000010 x12:0x00000000
         470797	     23438	80004e10	1018	c.addi4spn	x14,x2,32	 x14=0x00000020
         470817	     23439	80004e12	6249	c.lui	x4,0x12	  x4=0x00012000
         470837	     23440	80004e14	01ac1b63	bne	x24,x26,80004e2a	 x24:0x00000011 x26:0x80025864
         470937	     23445	80004e2a	890d	c.andi	x10,3	 x10:0xff7fffb6 x10=0x00000002
         470957	     23446	80004e2c	40d45233	sra	x4,x8,x13	  x8:0x00000280 x13:0x80021e44  x4=0x00000028
         470977	     23447	80004e30	89bd	c.andi	x11,15	 x11:0x0001d000 x11=0x00000000
         470997	     23448	80004e32	01ba4233	xor	x4,x20,x27	 x20:0x00000000 x27:0xa169e172  x4=0xa169e172
         471057	     23451	80004e36	032cd663	bge	x25,x18,80004e62	 x25:0x0017a810 x18:0x983dd28f
         471537	     23475	80004e62	00c35213	srli	x4,x6,0xc	  x6:0x14a3e000  x4=0x00014a3e
         471597	     23478	80004e66	f5b9bb93	sltiu	x23,x19,-165	 x19:0x80025ce4 x23=0x00000001
         471617	     23479	80004e6a	8625	c.srai	x12,0x9	 x12:0x00000000 x12=0x00000000
         471717	     23484	80004e6c	403b82b3	sub	x5,x23,x3	 x23:0x00000001  x3:0x0000000a  x5=0xfffffff7
         471737	     23485	80004e70	41c60cb3	sub	x25,x12,x28	 x12:0x00000000 x28:0x00000001 x25=0xffffffff
         471937	     23495	80004e74	005e4133	xor	x2,x28,x5	 x28:0x00000001  x5:0xfffffff7  x2=0xfffffff6
         472077	     23502	80004e78	40090333	sub	x6,x18,x0	 x18:0x983dd28f  x0:0x00000000  x6=0x983dd28f
         472097	     23503	80004e7c	00861fb3	sll	x31,x12,x8	 x12:0x00000000  x8:0x00000280 x31=0x00000000
         472517	     23524	80004e80	2b037e13	andi	x28,x6,688	  x6:0x983dd28f x28=0x00000280
         472637	     23530	80004e84	4975	c.li	x18,29	 x18=0x0000001d
         472657	     23531	80004e86	783bc893	xori	x17,x23,1923	 x23:0x00000001 x17=0x00000782
         472937	     23545	80004e8a	4107d613	srai	x12,x15,0x10	 x15:0x983dd28f x12=0xffff983d
         472977	     23547	80004e8e	038fbab3	mulhu	x21,x31,x24	 x31:0x00000000 x24:0x00000011 x21=0x00000000
         472997	     23548	80004e92	8b9a	c.mv	x23,x6	  x0:0x00000000  x6:0x983dd28f x23=0x983dd28f
         473037	     23550	80004e94	0345eb63	bltu	x11,x20,80004eca	 x11:0x00000000 x20:0x00000000
         473237	     23560	80004e98	0452	c.slli	x8,0x14	  x8:0x00000280  x8=0x28000000
         473357	     23566	80004e9a	02e1af33	mulhsu	x30,x3,x14	  x3:0x0000000a x14:0x00000020 x30=0x00000000
         473497	     23573	80004e9e	00af7bb3	and	x23,x30,x10	 x30:0x00000000 x10:0x00000002 x23=0x00000000
         473917	     23594	80004ea2	340f1d73	csrrw	x26,mscratch,x30	 x30:0x00000000 x26=0x0017a0e8
         474297	     23613	80004ea6	0ff0000f	fence	iorw,iorw	
         474597	     23628	80004eaa	03514063	blt	x2,x21,80004eca	  x2:0xfffffff6 x21:0x00000000
         474757	     23636	80004eca	795b7937	lui	x18,0x795b7	 x18=0x795b7000
         474777	     23637	80004ece	eb99	c.bnez	x15,80004ee4	 x15:0x983dd28f
         475037	     23650	80004ee4	00c67133	and	x2,x12,x12	 x12:0xffff983d x12:0xffff983d  x2=0xffff983d
         475337	     23665	80004ee8	8f15	c.sub	x14,x13	 x14:0x00000020 x13:0x80021e44 x14=0x7ffde1dc
         475357	     23666	80004eea	6109	c.addi16sp	x2,128	  x2:0xffff983d  x2=0xffff98bd
         475537	     23675	80004eec	8c35	c.xor	x8,x13	  x8:0x28000000 x13:0x80021e44  x8=0xa8021e44
         475737	     23685	80004eee	019d4eb3	xor	x29,x26,x25	 x26:0x0017a0e8 x25:0xffffffff x29=0xffe85f17
         475757	     23686	80004ef2	0001	c.addi	x0,0	  x0:0x00000000  x0=0x00000000
         475797	     23688	80004ef4	702b3c17	auipc	x24,0x702b3	 x24=0xf02b7ef4
         475997	     23698	80004ef8	8119	c.srli	x10,0x6	 x10:0x00000002 x10=0x00000000
         476017	     23699	80004efa	40f00833	sub	x16,x0,x15	  x0:0x00000000 x15:0x983dd28f x16=0x67c22d71
         476437	     23720	80004efe	483db893	sltiu	x17,x27,1155	 x27:0xa169e172 x17=0x00000000
         476457	     23721	80004f02	03570cb3	mul	x25,x14,x21	 x14:0x7ffde1dc x21:0x00000000 x25=0x00000000
         476477	     23722	80004f06	8c45	c.or	x8,x9	  x8:0xa8021e44  x9:0x0080004a  x8=0xa8821e4e
         476517	     23724	80004f08	01b1fa33	and	x20,x3,x27	  x3:0x0000000a x27:0xa169e172 x20=0x00000002
         476537	     23725	80004f0c	034f8033	mul	x0,x31,x20	 x31:0x00000000 x20:0x00000002  x0=0x00000000
         476637	     23730	80004f10	8ea6	c.mv	x29,x9	  x0:0x00000000  x9:0x0080004a x29=0x0080004a
         476657	     23731	80004f12	6b7d	c.lui	x22,0x1f	 x22=0x0001f000
         476837	     23740	80004f14	8fb1	c.xor	x15,x12	 x15:0x983dd28f x12:0xffff983d x15=0x67c24ab2
         477697	     23783	80004f16	0321ed33	rem	x26,x3,x18	  x3:0x0000000a x18:0x795b7000 x26=0x0000000a
         477717	     23784	80004f1a	50e84017	auipc	x0,0x50e84	  x0=0x00000000
         478457	     23821	80004f1e	03d1e0b3	rem	x1,x3,x29	  x3:0x0000000a x29:0x0080004a  x1=0x0000000a
         478477	     23822	80004f22	025b0733	mul	x14,x22,x5	 x22:0x0001f000  x5:0xfffffff7 x14=0xffee9000
         478497	     23823	80004f26	020c0633	mul	x12,x24,x0	 x24:0xf02b7ef4  x0:0x00000000 x12=0x00000000
         478517	     23824	80004f2a	41810ab3	sub	x21,x2,x24	  x2:0xffff98bd x24:0xf02b7ef4 x21=0x0fd419c9
         478537	     23825	80004f2e	0ff13893	sltiu	x17,x2,255	  x2:0xffff98bd x17=0x00000000
         478557	     23826	80004f32	65a1	c.lui	x11,0x8	 x11=0x00008000
         478577	     23827	80004f34	9bf83b17	auipc	x22,0x9bf83	 x22=0x1bf87f34
         478597	     23828	80004f38	717d	c.addi16sp	x2,-16	  x2:0xffff98bd  x2=0xffff98ad
         478617	     23829	80004f3a	066a	c.slli	x12,0x1a	 x12:0x00000000 x12=0x00000000
         478877	     23842	80004f3c	1984	c.addi4spn	x9,x2,240	  x9=0xffff999d
         478897	     23843	80004f3e	41ee0233	sub	x4,x28,x30	 x28:0x00000280 x30:0x00000000  x4=0x00000280
         478917	     23844	80004f42	8c61	c.and	x8,x8	  x8:0xa8821e4e  x8:0xa8821e4e  x8=0xa8821e4e
         478937	     23845	80004f44	8de1	c.and	x11,x8	 x11:0x00008000  x8:0xa8821e4e x11=0x00000000
         478957	     23846	80004f46	00142d33	slt	x26,x8,x1	  x8:0xa8821e4e  x1:0x0000000a x26=0x00000001
         478977	     23847	80004f4a	839d	c.srli	x15,0x7	 x15:0x67c24ab2 x15=0x00cf8495
         479017	     23849	80004f4c	03da2933	mulhsu	x18,x20,x29	 x20:0x00000002 x29:0x0080004a x18=0x00000000
         479037	     23850	80004f50	80148817	auipc	x16,0x80148	 x16=0x0014cf50
         479297	     23863	80004f54	037d7a63	bgeu	x26,x23,80004f88	 x26:0x00000001 x23:0x00000000
         479977	     23897	80004f88	02a680b3	mul	x1,x13,x10	 x13:0x80021e44 x10:0x00000000  x1=0x00000000
         479997	     23898	80004f8c	c401	c.beqz	x8,80004f94	  x8:0xa8821e4e
         480037	     23900	80004f8e	03f02733	mulhsu	x14,x0,x31	  x0:0x00000000 x31:0x00000000 x14=0x00000000
         480057	     23901	80004f92	c305	c.beqz	x14,80004fb2	 x14:0x00000000
         481037	     23950	80004fb2	340e55f3	csrrwi	x11,mscratch,28	 x11=0x00000000
         481057	     23951	80004fb6	b08ca417	auipc	x8,0xb08ca	  x8=0x308cefb6
         481077	     23952	80004fba	c3a1	c.beqz	x15,80004ffa	 x15:0x00cf8495
         481477	     23972	80004fbc	9b7d	c.andi	x14,-1	 x14:0x00000000 x14=0x00000000
         481497	     23973	80004fbe	019465b3	or	x11,x8,x25	  x8:0x308cefb6 x25:0x00000000 x11=0x308cefb6
         481557	     23976	80004fc2	0ff0000f	fence	iorw,iorw	
         481597	     23978	80004fc6	021e9733	mulh	x14,x29,x1	 x29:0x0080004a  x1:0x00000000 x14=0x00000000
         481617	     23979	80004fca	014113b3	sll	x7,x2,x20	  x2:0xffff98ad x20:0x00000002  x7=0xfffe62b4
         481637	     23980	80004fce	340ed973	csrrwi	x18,mscratch,29	 x18=0x0000001c
         481837	     23990	80004fd2	002357b3	srl	x15,x6,x2	  x6:0x983dd28f  x2:0xffff98ad x15=0x0004c1ee
         481977	     23997	80004fd6	00b15333	srl	x6,x2,x11	  x2:0xffff98ad x11:0x308cefb6  x6=0x000003ff
         482037	     24000	80004fda	02fd9863	bne	x27,x15,8000500a	 x27:0xa169e172 x15:0x0004c1ee
         482937	     24045	8000500a	0219b333	mulhu	x6,x19,x1	 x19:0x80025ce4  x1:0x00000000  x6=0x00000000
         482977	     24047	8000500e	02489233	mulh	x4,x17,x4	 x17:0x00000000  x4:0x00000280  x4=0x00000000
         482997	     24048	80005012	0001	c.addi	x0,0	  x0:0x00000000  x0=0x00000000
         483017	     24049	80005014	ea0d	c.bnez	x12,80005046	 x12:0x00000000
         483037	     24050	80005016	759fb913	sltiu	x18,x31,1881	 x31:0x00000000 x18=0x00000001
         483057	     24051	8000501a	8049	c.srli	x8,0x12	  x8:0x308cefb6  x8=0x00000c23
         483097	     24053	8000501c	020ba8b3	mulhsu	x17,x23,x0	 x23:0x00000000  x0:0x00000000 x17=0x00000000
         483377	     24067	80005020	55ba3793	sltiu	x15,x20,1371	 x20:0x00000002 x15=0x00000001
         483397	     24068	80005024	717d	c.addi16sp	x2,-16	  x2:0xffff98ad  x2=0xffff989d
         496197	     24708	80005026	0271bbb3	mulhu	x23,x3,x7	  x3:0x0000000a  x7:0xfffe62b4 x23=0x00000009
         496237	     24710	8000502a	038a9eb3	mulh	x29,x21,x24	 x21:0x0fd419c9 x24:0xf02b7ef4 x29=0xff056edd
         496257	     24711	8000502e	ae4f2493	slti	x9,x30,-1308	 x30:0x00000000  x9=0x00000000
         496277	     24712	80005032	897d	c.andi	x10,31	 x10:0x00000000 x10=0x00000000
         496297	     24713	80005034	40de0e93	addi	x29,x28,1037	 x28:0x00000280 x29=0x0000068d
         496657	     24731	80005038	61ce8ab7	lui	x21,0x61ce8	 x21=0x61ce8000
         496677	     24732	8000503c	8f65	c.and	x14,x9	 x14:0x00000000  x9:0x00000000 x14=0x00000000
         496697	     24733	8000503e	72eb2313	slti	x6,x22,1838	 x22:0x1bf87f34  x6=0x00000000
         497117	     24754	80005042	340632f3	csrrc	x5,mscratch,x12	 x12:0x00000000  x5=0x0000001d
         497137	     24755	80005046	34079873	csrrw	x16,mscratch,x15	 x15:0x00000001 x16=0x0000001d
         497157	     24756	8000504a	0ff0000f	fence	iorw,iorw	
         497897	     24793	8000504e	033bfe33	remu	x28,x23,x19	 x23:0x00000009 x19:0x80025ce4 x28=0x00000009
         497917	     24794	80005052	01ce9c13	slli	x24,x29,0x1c	 x29:0x0000068d x24=0xd0000000
         497937	     24795	80005056	0001	c.addi	x0,0	  x0:0x00000000  x0=0x00000000
         497957	     24796	80005058	01b5d213	srli	x4,x11,0x1b	 x11:0x308cefb6  x4=0x00000006
         497977	     24797	8000505c	8d5d	c.or	x10,x15	 x10:0x00000000 x15:0x00000001 x10=0x00000001
         497997	     24798	8000505e	8f4d	c.or	x14,x11	 x14:0x00000000 x11:0x308cefb6 x14=0x308cefb6
         498017	     24799	80005060	0405	c.addi	x8,1	  x8:0x00000c23  x8=0x00000c24
         498757	     24836	80005062	0229e7b3	rem	x15,x19,x2	 x19:0x80025ce4  x2:0xffff989d x15=0xffffe028
         498777	     24837	80005066	00e74813	xori	x16,x14,14	 x14:0x308cefb6 x16=0x308cefb8
         498797	     24838	8000506a	717d	c.addi16sp	x2,-16	  x2:0xffff989d  x2=0xffff988d
         498817	     24839	8000506c	01889113	slli	x2,x17,0x18	 x17:0x00000000  x2=0x00000000
         498837	     24840	80005070	87e9	c.srai	x15,0x1a	 x15:0xffffe028 x15=0xffffffff
         498857	     24841	80005072	340025f3	csrrs	x11,mscratch,x0	  x0:0x00000000 x11=0x00000001
         498877	     24842	80005076	c515	c.beqz	x10,800050a2	 x10:0x00000001
         498897	     24843	80005078	1e19c413	xori	x8,x19,481	 x19:0x80025ce4  x8=0x80025d05
         498917	     24844	8000507c	79e30e13	addi	x28,x6,1950	  x6:0x00000000 x28=0x0000079e
         498937	     24845	80005080	0001	c.addi	x0,0	  x0:0x00000000  x0=0x00000000
         498977	     24847	80005082	02579533	mulh	x10,x15,x5	 x15:0xffffffff  x5:0x0000001d x10=0xffffffff
         499017	     24849	80005086	0386b2b3	mulhu	x5,x13,x24	 x13:0x80021e44 x24:0xd0000000  x5=0x6801b897
         499797	     24888	8000508a	0366f0b3	remu	x1,x13,x22	 x13:0x80021e44 x22:0x1bf87f34  x1=0x10202174
         500537	     24925	8000508e	03a2cbb3	div	x23,x5,x26	  x5:0x6801b897 x26:0x00000001 x23=0x6801b897
         500557	     24926	80005092	00a71c93	slli	x25,x14,0xa	 x14:0x308cefb6 x25=0x33bed800
         500597	     24928	80005096	03f8b4b3	mulhu	x9,x17,x31	 x17:0x00000000 x31:0x00000000  x9=0x00000000
         500617	     24929	8000509a	008b0933	add	x18,x22,x8	 x22:0x1bf87f34  x8:0x80025d05 x18=0x9bfadc39
         500637	     24930	8000509e	4599	c.li	x11,6	 x11=0x00000006
         500657	     24931	800050a0	85fd	c.srai	x11,0x1f	 x11:0x00000006 x11=0x00000000
         500677	     24932	800050a2	0ff0000f	fence	iorw,iorw	
         500697	     24933	800050a6	6f85	c.lui	x31,0x1	 x31=0x00001000
         500877	     24942	800050a8	00d79a13	slli	x20,x15,0xd	 x15:0xffffffff x20=0xffffe000
         500897	     24943	800050ac	855d	c.srai	x10,0x17	 x10:0xffffffff x10=0xffffffff
         501217	     24959	800050ae	02a98233	mul	x4,x19,x10	 x19:0x80025ce4 x10:0xffffffff  x4=0x7ffda31c
         501237	     24960	800050b2	84be	c.mv	x9,x15	  x0:0x00000000 x15:0xffffffff  x9=0xffffffff
         501257	     24961	800050b4	34006c73	csrrsi	x24,mscratch,0	 x24=0x00000001
         501277	     24962	800050b8	41b15393	srai	x7,x2,0x1b	  x2:0x00000000  x7=0x00000000
         501457	     24971	800050bc	717d	c.addi16sp	x2,-16	  x2:0x00000000  x2=0xfffffff0
         501657	     24981	800050be	0000100f	fence.i	
         502077	     25002	800050c2	0364bfb3	mulhu	x31,x9,x22	  x9:0xffffffff x22:0x1bf87f34 x31=0x1bf87f33
         503117	     25054	800050c6	0397f533	remu	x10,x15,x25	 x15:0xffffffff x25:0x33bed800 x10=0x31049fff
         503157	     25056	800050ca	03aa1a33	mulh	x20,x20,x26	 x20:0xffffe000 x26:0x00000001 x20=0xffffffff
         503177	     25057	800050ce	019ddcb3	srl	x25,x27,x25	 x27:0xa169e172 x25:0x33bed800 x25=0xa169e172
         503197	     25058	800050d2	008cc133	xor	x2,x25,x8	 x25:0xa169e172  x8:0x80025d05  x2=0x216bbc77
         503217	     25059	800050d6	8c51	c.or	x8,x12	  x8:0x80025d05 x12:0x00000000  x8=0x80025d05
         503237	     25060	800050d8	34007bf3	csrrci	x23,mscratch,0	 x23=0x00000001
         503977	     25097	800050dc	022d6b33	rem	x22,x26,x2	 x26:0x00000001  x2:0x216bbc77 x22=0x00000001
         504017	     25099	800050e0	02a39b33	mulh	x22,x7,x10	  x7:0x00000000 x10:0x31049fff x22=0x00000000
         504037	     25100	800050e4	00111593	slli	x11,x2,0x1	  x2:0x216bbc77 x11=0x42d778ee
         504057	     25101	800050e8	00fcb633	sltu	x12,x25,x15	 x25:0xa169e172 x15:0xffffffff x12=0x00000001
         504077	     25102	800050ec	0305	c.addi	x6,1	  x6:0x00000000  x6=0x00000001
         504097	     25103	800050ee	4197d0b3	sra	x1,x15,x25	 x15:0xffffffff x25:0xa169e172  x1=0xffffffff
         504117	     25104	800050f2	8065	c.srli	x8,0x19	  x8:0x80025d05  x8=0x00000040
         504137	     25105	800050f4	717d	c.addi16sp	x2,-16	  x2:0x216bbc77  x2=0x216bbc67
         504157	     25106	800050f6	8e6d	c.and	x12,x11	 x12:0x00000001 x11:0x42d778ee x12=0x00000000
         504517	     25124	800050f8	d8b5ff13	andi	x30,x11,-629	 x11:0x42d778ee x30=0x42d7788a
         504597	     25128	800050fc	07c5	c.addi	x15,17	 x15:0xffffffff x15=0x00000010
         504617	     25129	800050fe	01aed133	srl	x2,x29,x26	 x29:0x0000068d x26:0x00000001  x2=0x00000346
         504637	     25130	80005102	8f35	c.xor	x14,x13	 x14:0x308cefb6 x13:0x80021e44 x14=0xb08ef1f2
         505037	     25150	80005104	01f81933	sll	x18,x16,x31	 x16:0x308cefb8 x31:0x1bf87f33 x18=0x7dc00000
         505157	     25156	80005108	af940c13	addi	x24,x8,-1287	  x8:0x00000040 x24=0xfffffb39
         505177	     25157	8000510c	0178ee93	ori	x29,x17,23	 x17:0x00000000 x29=0x00000017
         505257	     25161	80005110	02ca5e33	divu	x28,x20,x12	 x20:0xffffffff x12:0x00000000 x28=0xffffffff
         505557	     25176	80005114	41ef5493	srai	x9,x30,0x1e	 x30:0x42d7788a  x9=0x00000001
         505897	     25193	80005118	717d	c.addi16sp	x2,-16	  x2:0x00000346  x2=0x00000336
         505917	     25194	8000511a	0000100f	fence.i	
         506297	     25213	8000511e	1480	c.addi4spn	x8,x2,608	  x8=0x00000596
         506417	     25219	80005120	1898	c.addi4spn	x14,x2,112	 x14=0x000003a6
         506457	     25221	80005122	02eba133	mulhsu	x2,x23,x14	 x23:0x00000001 x14:0x000003a6  x2=0x00000000
         506477	     25222	80005126	01042f33	slt	x30,x8,x16	  x8:0x00000596 x16:0x308cefb8 x30=0x00000001
         506517	     25224	8000512a	020ae8b3	rem	x17,x21,x0	 x21:0x61ce8000  x0:0x00000000 x17=0x61ce8000
         506617	     25229	8000512e	4494b513	sltiu	x10,x9,1097	  x9:0x00000001 x10=0x00000001
         506637	     25230	80005132	7cb1ab93	slti	x23,x3,1995	  x3:0x0000000a x23=0x00000001
         506657	     25231	80005136	8fd1	c.or	x15,x12	 x15:0x00000010 x12:0x00000000 x15=0x00000010
         506677	     25232	80005138	00d4c633	xor	x12,x9,x13	  x9:0x00000001 x13:0x80021e44 x12=0x80021e45
         506697	     25233	8000513c	a7be7297	auipc	x5,0xa7be7	  x5=0x27bec13c
         506717	     25234	80005140	60c1d537	lui	x10,0x60c1d	 x10=0x60c1d000
         507457	     25271	80005144	0300e2b3	rem	x5,x1,x16	  x1:0xffffffff x16:0x308cefb8  x5=0xffffffff
         507477	     25272	80005148	41a55933	sra	x18,x10,x26	 x10:0x60c1d000 x26:0x00000001 x18=0x3060e800
         507517	     25274	8000514c	03901533	mulh	x10,x0,x25	  x0:0x00000000 x25:0xa169e172 x10=0x00000000
         507537	     25275	80005150	340024f3	csrrs	x9,mscratch,x0	  x0:0x00000000  x9=0x00000001
         508277	     25312	80005154	03f8d7b3	divu	x15,x17,x31	 x17:0x61ce8000 x31:0x1bf87f33 x15=0x00000003
         508297	     25313	80005158	4059d093	srai	x1,x19,0x5	 x19:0x80025ce4  x1=0xfc0012e7
         508317	     25314	8000515c	0064ea13	ori	x20,x9,6	  x9:0x00000001 x20=0x00000007
         508337	     25315	80005160	018250b3	srl	x1,x4,x24	  x4:0x7ffda31c x24:0xfffffb39  x1=0x0000003f
         508357	     25316	80005164	068d3013	sltiu	x0,x26,104	 x26:0x00000001  x0=0x00000000
         508397	     25318	80005168	03331bb3	mulh	x23,x6,x19	  x6:0x00000001 x19:0x80025ce4 x23=0xffffffff
         508537	     25325	8000516c	0000100f	fence.i	
         509437	     25370	80005170	018bc533	xor	x10,x23,x24	 x23:0xffffffff x24:0xfffffb39 x10=0x000004c6
         510177	     25407	80005174	02e57ab3	remu	x21,x10,x14	 x10:0x000004c6 x14:0x000003a6 x21=0x00000120
         510197	     25408	80005178	bb5fe013	ori	x0,x31,-1099	 x31:0x1bf87f33  x0=0x00000000
         510217	     25409	8000517c	008adbb3	srl	x23,x21,x8	 x21:0x00000120  x8:0x00000596 x23=0x00000000
         510237	     25410	80005180	0098fc63	bgeu	x17,x9,80005198	 x17:0x61ce8000  x9:0x00000001
         510637	     25430	80005198	0001	c.addi	x0,0	  x0:0x00000000  x0=0x00000000
         510677	     25432	8000519a	d1afde97	auipc	x29,0xd1afd	 x29=0x51b0219a
         510797	     25438	8000519e	34006e73	csrrsi	x28,mscratch,0	 x28=0x00000001
         510817	     25439	800051a2	0155	c.addi	x2,21	  x2:0x00000000  x2=0x00000015
         510837	     25440	800051a4	8f29	c.xor	x14,x10	 x14:0x000003a6 x10:0x000004c6 x14=0x00000760
         510857	     25441	800051a6	80fd	c.srli	x9,0x1f	  x9:0x00000001  x9=0x00000000
         510877	     25442	800051a8	010a5eb3	srl	x29,x20,x16	 x20:0x00000007 x16:0x308cefb8 x29=0x00000000
         511237	     25460	800051ac	00b23333	sltu	x6,x4,x11	  x4:0x7ffda31c x11:0x42d778ee  x6=0x00000000
         511977	     25497	800051b0	02347c33	remu	x24,x8,x3	  x8:0x00000596  x3:0x0000000a x24=0x00000000
         511997	     25498	800051b4	03818063	beq	x3,x24,800051d4	  x3:0x0000000a x24:0x00000000
         512017	     25499	800051b8	0233e863	bltu	x7,x3,800051e8	  x7:0x00000000  x3:0x0000000a
         512537	     25525	800051e8	d32bc013	xori	x0,x23,-718	 x23:0x00000000  x0=0x00000000
         512877	     25542	800051ec	011d90b3	sll	x1,x27,x17	 x27:0xa169e172 x17:0x61ce8000  x1=0xa169e172
         513617	     25579	800051f0	0287c2b3	div	x5,x15,x8	 x15:0x00000003  x8:0x00000596  x5=0x00000000
         513637	     25580	800051f4	98867f37	lui	x30,0x98867	 x30=0x98867000
         513657	     25581	800051f8	005c48b3	xor	x17,x24,x5	 x24:0x00000000  x5:0x00000000 x17=0x00000000
         513677	     25582	800051fc	48c90a93	addi	x21,x18,1164	 x18:0x3060e800 x21=0x3060ec8c
         513697	     25583	80005200	00b224b3	slt	x9,x4,x11	  x4:0x7ffda31c x11:0x42d778ee  x9=0x00000000
         513737	     25585	80005204	0200ab33	mulhsu	x22,x1,x0	  x1:0xa169e172  x0:0x00000000 x22=0x00000000
         513757	     25586	80005208	0592	c.slli	x11,0x4	 x11:0x42d778ee x11=0x2d778ee0
         513777	     25587	8000520a	1a7d	c.addi	x20,-1	 x20:0x00000007 x20=0x00000006
         513797	     25588	8000520c	bb5e3493	sltiu	x9,x28,-1099	 x28:0x00000001  x9=0x00000001
         513837	     25590	80005210	034d8663	beq	x27,x20,8000523c	 x27:0xa169e172 x20:0x00000006
         514017	     25599	80005214	97f2	c.add	x15,x28	 x15:0x00000003 x28:0x00000001 x15=0x00000004
         514037	     25600	80005216	01d2d8b3	srl	x17,x5,x29	  x5:0x00000000 x29:0x00000000 x17=0x00000000
         514057	     25601	8000521a	8529	c.srai	x10,0xa	 x10:0x000004c6 x10=0x00000001
         514077	     25602	8000521c	8ef2	c.mv	x29,x28	  x0:0x00000000 x28:0x00000001 x29=0x00000001
         515017	     25649	8000521e	02e078b3	remu	x17,x0,x14	  x0:0x00000000 x14:0x00000760 x17=0x00000000
         515037	     25650	80005222	0927ac93	slti	x25,x15,146	 x15:0x00000004 x25=0x00000001
         515057	     25651	80005226	9e1a	c.add	x28,x6	 x28:0x00000001  x6:0x00000000 x28=0x00000001
         515077	     25652	80005228	997d	c.andi	x10,-1	 x10:0x00000001 x10=0x00000001
         515097	     25653	8000522a	0001	c.addi	x0,0	  x0:0x00000000  x0=0x00000000
         515117	     25654	8000522c	8ff5	c.and	x15,x13	 x15:0x00000004 x13:0x80021e44 x15=0x00000004
         515157	     25656	8000522e	025e7fb3	remu	x31,x28,x5	 x28:0x00000001  x5:0x00000000 x31=0x00000001
         515177	     25657	80005232	1e3a6e13	ori	x28,x20,483	 x20:0x00000006 x28=0x000001e7
         515197	     25658	80005236	53fd	c.li	x7,-1	  x7=0xffffffff
         515217	     25659	80005238	003c18b3	sll	x17,x24,x3	 x24:0x00000000  x3:0x0000000a x17=0x00000000
         515237	     25660	8000523c	00c50763	beq	x10,x12,8000524a	 x10:0x00000001 x12:0x80021e45
         515597	     25678	80005240	0001	c.addi	x0,0	  x0:0x00000000  x0=0x00000000
         515617	     25679	80005242	001b7c33	and	x24,x22,x1	 x22:0x00000000  x1:0xa169e172 x24=0x00000000
         515637	     25680	80005246	855d	c.srai	x10,0x17	 x10:0x00000001 x10=0x00000000
         515677	     25682	80005248	8dc9	c.or	x11,x10	 x11:0x2d778ee0 x10:0x00000000 x11=0x2d778ee0
         515697	     25683	8000524a	00b40eb3	add	x29,x8,x11	  x8:0x00000596 x11:0x2d778ee0 x29=0x2d779476
         516117	     25704	8000524e	01f2f033	and	x0,x5,x31	  x5:0x00000000 x31:0x00000001  x0=0x00000000
         516137	     25705	80005252	99612f13	slti	x30,x2,-1642	  x2:0x00000015 x30=0x00000000
         516157	     25706	80005256	03e07d63	bgeu	x0,x30,80005290	  x0:0x00000000 x30:0x00000000
         516597	     25728	80005290	39a18b13	addi	x22,x3,922	  x3:0x0000000a x22=0x000003a4
         516617	     25729	80005294	8c69	c.and	x8,x10	  x8:0x00000596 x10:0x00000000  x8=0x00000000
         517457	     25771	80005296	021b7833	remu	x16,x22,x1	 x22:0x000003a4  x1:0xa169e172 x16=0x000003a4
         517477	     25772	8000529a	340020f3	csrrs	x1,mscratch,x0	  x0:0x00000000  x1=0x00000001
         517497	     25773	8000529e	8cf1	c.and	x9,x12	  x9:0x00000001 x12:0x80021e45  x9=0x00000001
         517517	     25774	800052a0	01d47633	and	x12,x8,x29	  x8:0x00000000 x29:0x2d779476 x12=0x00000000
         517537	     25775	800052a4	f926f713	andi	x14,x13,-110	 x13:0x80021e44 x14=0x80021e00
         517557	     25776	800052a8	6a21	c.lui	x20,0x8	 x20=0x00008000
         517577	     25777	800052aa	f66c6513	ori	x10,x24,-154	 x24:0x00000000 x10=0xffffff66
         517817	     25789	800052ae	00611263	bne	x2,x6,800052b2	  x2:0x00000015  x6:0x00000000
         518557	     25826	800052b2	0fbd	c.addi	x31,15	 x31:0x00000001 x31=0x00000010
         518977	     25847	800052b4	9206	c.add	x4,x1	  x4:0x7ffda31c  x1:0x00000001  x4=0x7ffda31d
         518997	     25848	800052b6	8009	c.srli	x8,0x2	  x8:0x00000000  x8=0x00000000
         519017	     25849	800052b8	00ee3a33	sltu	x20,x28,x14	 x28:0x000001e7 x14:0x80021e00 x20=0x00000001
         519137	     25855	800052bc	03769333	mulh	x6,x13,x23	 x13:0x80021e44 x23:0x00000000  x6=0x00000000
         519157	     25856	800052c0	34002f73	csrrs	x30,mscratch,x0	  x0:0x00000000 x30=0x00000001
         519177	     25857	800052c4	00ec5a93	srli	x21,x24,0xe	 x24:0x00000000 x21=0x00000000
         519197	     25858	800052c8	031ac263	blt	x21,x17,800052ec	 x21:0x00000000 x17:0x00000000
         519317	     25864	800052cc	03cc9063	bne	x25,x28,800052ec	 x25:0x00000001 x28:0x000001e7
         519877	     25892	800052ec	0000100f	fence.i	
         520317	     25914	800052f0	03da5863	bge	x20,x29,80005320	 x20:0x00000001 x29:0x2d779476
         520337	     25915	800052f4	0000100f	fence.i	
         520897	     25943	800052f8	9816	c.add	x16,x5	 x16:0x000003a4  x5:0x00000000 x16=0x000003a4
         520917	     25944	800052fa	92ae	c.add	x5,x11	  x5:0x00000000 x11:0x2d778ee0  x5=0x2d778ee0
         520937	     25945	800052fc	8f41	c.or	x14,x8	 x14:0x80021e00  x8:0x00000000 x14=0x80021e00
         520977	     25947	800052fe	03dda8b3	mulhsu	x17,x27,x29	 x27:0xa169e172 x29:0x2d779476 x17=0xef336dfe
         521077	     25952	80005302	0298c663	blt	x17,x9,8000532e	 x17:0xef336dfe  x9:0x00000001
         521717	     25984	8000532e	920a	c.add	x4,x2	  x4:0x7ffda31d  x2:0x00000015  x4=0x7ffda332
         521737	     25985	80005330	0ff0000f	fence	iorw,iorw	
         521757	     25986	80005334	015adcb3	srl	x25,x21,x21	 x21:0x00000000 x21:0x00000000 x25=0x00000000
         521777	     25987	80005338	0ff0000f	fence	iorw,iorw	
         522677	     26032	8000533c	022b6133	rem	x2,x22,x2	 x22:0x000003a4  x2:0x00000015  x2=0x00000008
         522697	     26033	80005340	00aceab3	or	x21,x25,x10	 x25:0x00000000 x10:0xffffff66 x21=0xffffff66
         522717	     26034	80005344	34006973	csrrsi	x18,mscratch,0	 x18=0x00000001
         522737	     26035	80005348	00238d63	beq	x7,x2,80005362	  x7:0xffffffff  x2:0x00000008
         522757	     26036	8000534c	0001	c.addi	x0,0	  x0:0x00000000  x0=0x00000000
         522777	     26037	8000534e	02064963	blt	x12,x0,80005380	 x12:0x00000000  x0:0x00000000
         522797	     26038	80005352	03659a63	bne	x11,x22,80005386	 x11:0x2d778ee0 x22:0x000003a4
         523257	     26061	80005386	8d61	c.and	x10,x8	 x10:0xffffff66  x8:0x00000000 x10=0x00000000
         523277	     26062	80005388	8e1d	c.sub	x12,x15	 x12:0x00000000 x15:0x00000004 x12=0xfffffffc
         523337	     26065	8000538a	b9897793	andi	x15,x18,-1128	 x18:0x00000001 x15=0x00000000
         523357	     26066	8000538e	81a5	c.srli	x11,0x9	 x11:0x2d778ee0 x11=0x0016bbc7
         523377	     26067	80005390	03e21863	bne	x4,x30,800053c0	  x4:0x7ffda332 x30:0x00000001
         523937	     26095	800053c0	46ca3913	sltiu	x18,x20,1132	 x20:0x00000001 x18=0x00000001
         523957	     26096	800053c4	c481	c.beqz	x9,800053cc	  x9:0x00000001
         523977	     26097	800053c6	0377c763	blt	x15,x23,800053f4	 x15:0x00000000 x23:0x00000000
         523997	     26098	800053ca	0bf5	c.addi	x23,29	 x23:0x00000000 x23=0x0000001d
         524097	     26103	800053cc	0057c7b3	xor	x15,x15,x5	 x15:0x00000000  x5:0x2d778ee0 x15=0x2d778ee0
         524117	     26104	800053d0	157d	c.addi	x10,-1	 x10:0x00000000 x10=0xffffffff
         524317	     26114	800053d2	027a7163	bgeu	x20,x7,800053f4	 x20:0x00000001  x7:0xffffffff
         524417	     26119	800053d6	408c5793	srai	x15,x24,0x8	 x24:0x00000000 x15=0x00000000
         524437	     26120	800053da	00fc1b63	bne	x24,x15,800053f0	 x24:0x00000000 x15:0x00000000
         524457	     26121	800053de	00373233	sltu	x4,x14,x3	 x14:0x80021e00  x3:0x0000000a  x4=0x00000000
         524877	     26142	800053e2	0000100f	fence.i	
         525877	     26192	800053e6	147d	c.addi	x8,-1	  x8:0x00000000  x8=0xffffffff
         525897	     26193	800053e8	0ff0000f	fence	iorw,iorw	
         525917	     26194	800053ec	4063dc33	sra	x24,x7,x6	  x7:0xffffffff  x6:0x00000000 x24=0xffffffff
         525937	     26195	800053f0	0038ba33	sltu	x20,x17,x3	 x17:0xef336dfe  x3:0x0000000a x20=0x00000000
         526777	     26237	800053f4	03fb5c33	divu	x24,x22,x31	 x22:0x000003a4 x31:0x00000010 x24=0x0000003a
         526797	     26238	800053f8	032304b3	mul	x9,x6,x18	  x6:0x00000000 x18:0x00000001  x9=0x00000000
         526817	     26239	800053fc	517d	c.li	x2,-1	  x2=0xffffffff
         526837	     26240	800053fe	0001	c.addi	x0,0	  x0:0x00000000  x0=0x00000000
         526857	     26241	80005400	667d2f13	slti	x30,x26,1639	 x26:0x00000001 x30=0x00000001
         526877	     26242	80005404	00024f33	xor	x30,x4,x0	  x4:0x00000000  x0:0x00000000 x30=0x00000000
         526897	     26243	80005408	029f0b63	beq	x30,x9,8000543e	 x30:0x00000000  x9:0x00000000
         527577	     26277	8000543e	00e89e13	slli	x28,x17,0xe	 x17:0xef336dfe x28=0xdb7f8000
         527597	     26278	80005442	00655393	srli	x7,x10,0x6	 x10:0xffffffff  x7=0x03ffffff
         527617	     26279	80005446	00a17333	and	x6,x2,x10	  x2:0xffffffff x10:0xffffffff  x6=0xffffffff
         527837	     26290	8000544a	34059073	csrrw	x0,mscratch,x11	 x11:0x0016bbc7  x0=0x00000000
         527857	     26291	8000544e	0504	c.addi4spn	x9,x2,640	  x9=0x0000027f
         527877	     26292	80005450	47b3a1b7	lui	x3,0x47b3a	  x3=0x47b3a000
         527897	     26293	80005454	3400def3	csrrwi	x29,mscratch,1	 x29=0x0016bbc7
         527917	     26294	80005458	01631b13	slli	x22,x6,0x16	  x6:0xffffffff x22=0xffc00000
         527977	     26297	8000545c	0ff0000f	fence	iorw,iorw	
         528157	     26306	80005460	9b7d	c.andi	x14,-1	 x14:0x80021e00 x14=0x80021e00
         528177	     26307	80005462	8db5	c.xor	x11,x13	 x11:0x0016bbc7 x13:0x80021e44 x11=0x8014a583
         528197	     26308	80005464	412cd513	srai	x10,x25,0x12	 x25:0x00000000 x10=0x00000000
         528217	     26309	80005468	41e10333	sub	x6,x2,x30	  x2:0xffffffff x30:0x00000000  x6=0xffffffff
         528237	     26310	8000546c	01369bb3	sll	x23,x13,x19	 x13:0x80021e44 x19:0x80025ce4 x23=0x0021e440
         528257	     26311	80005470	d0682113	slti	x2,x16,-762	 x16:0x000003a4  x2=0x00000000
         544557	     27126	80005474	0306c863	blt	x13,x16,800054a4	 x13:0x80021e44 x16:0x000003a4
         544817	     27139	800054a4	033cb233	mulhu	x4,x25,x19	 x25:0x00000000 x19:0x80025ce4  x4=0x00000000
         545557	     27176	800054a8	021ad4b3	divu	x9,x21,x1	 x21:0xffffff66  x1:0x00000001  x9=0xffffff66
         545577	     27177	800054ac	03738533	mul	x10,x7,x23	  x7:0x03ffffff x23:0x0021e440 x10=0xffde1bc0
         545597	     27178	800054b0	64a74797	auipc	x15,0x64a74	 x15=0xe4a794b0
         545617	     27179	800054b4	0000100f	fence.i	
         545977	     27197	800054b8	01c75a33	srl	x20,x14,x28	 x14:0x80021e00 x28:0xdb7f8000 x20=0x80021e00
         545997	     27198	800054bc	6b69	c.lui	x22,0x1a	 x22=0x0001a000
         546417	     27219	800054be	340a2473	csrrs	x8,mscratch,x20	 x20:0x80021e00  x8=0x00000001
         546437	     27220	800054c2	cb9d	c.beqz	x15,800054f8	 x15:0xe4a794b0
         546457	     27221	800054c4	00ca9933	sll	x18,x21,x12	 x21:0xffffff66 x12:0xfffffffc x18=0x60000000
         547197	     27258	800054c8	031ee933	rem	x18,x29,x17	 x29:0x0016bbc7 x17:0xef336dfe x18=0x0016bbc7
         547217	     27259	800054cc	9d06	c.add	x26,x1	 x26:0x00000001  x1:0x00000001 x26=0x00000002
         547237	     27260	800054ce	5b044e13	xori	x28,x8,1456	  x8:0x00000001 x28=0x000005b1
         547257	     27261	800054d2	009bec33	or	x24,x23,x9	 x23:0x0021e440  x9:0xffffff66 x24=0xffffff66
         547277	     27262	800054d6	8259	c.srli	x12,0x16	 x12:0xfffffffc x12=0x000003ff
         547297	     27263	800054d8	8d5d	c.or	x10,x15	 x10:0xffde1bc0 x15:0xe4a794b0 x10=0xffff9ff0
         547317	     27264	800054da	00ff8cb3	add	x25,x31,x15	 x31:0x00000010 x15:0xe4a794b0 x25=0xe4a794c0
         547337	     27265	800054de	717d	c.addi16sp	x2,-16	  x2:0x00000000  x2=0xfffffff0
         547437	     27270	800054e0	41cb5b93	srai	x23,x22,0x1c	 x22:0x0001a000 x23=0x00000000
         547457	     27271	800054e4	02a98163	beq	x19,x10,80005506	 x19:0x80025ce4 x10:0xffff9ff0
         547877	     27292	800054e8	00469e33	sll	x28,x13,x4	 x13:0x80021e44  x4:0x00000000 x28=0x80021e44
         548057	     27301	800054ec	020658b3	divu	x17,x12,x0	 x12:0x000003ff  x0:0x00000000 x17=0xffffffff
         548157	     27306	800054f0	01fcfab3	and	x21,x25,x31	 x25:0xe4a794c0 x31:0x00000010 x21=0x00000000
         548197	     27308	800054f4	011550b3	srl	x1,x10,x17	 x10:0xffff9ff0 x17:0xffffffff  x1=0x00000001
         548557	     27326	800054f8	34037f73	csrrci	x30,mscratch,6	 x30=0x80021e01
         548597	     27328	800054fc	0205fb33	remu	x22,x11,x0	 x11:0x8014a583  x0:0x00000000 x22=0x8014a583
         548637	     27330	80005500	49c2b893	sltiu	x17,x5,1180	  x5:0x2d778ee0 x17=0x00000000
         548657	     27331	80005504	547d	c.li	x8,-1	  x8=0xffffffff
         549057	     27351	80005506	1008fc93	andi	x25,x17,256	 x17:0x00000000 x25=0x00000000
         549077	     27352	8000550a	0000100f	fence.i	
         549997	     27398	8000550e	01dc77b3	and	x15,x24,x29	 x24:0xffffff66 x29:0x0016bbc7 x15=0x0016bb46
         550077	     27402	80005512	34002973	csrrs	x18,mscratch,x0	  x0:0x00000000 x18=0x80021e01
         550197	     27408	80005516	41435b33	sra	x22,x6,x20	  x6:0xffffffff x20:0x80021e00 x22=0xffffffff
         550497	     27423	8000551a	3405ab73	csrrs	x22,mscratch,x11	 x11:0x8014a583 x22=0x80021e01
         550537	     27425	8000551e	a6b43913	sltiu	x18,x8,-1429	  x8:0xffffffff x18=0x00000000
         550957	     27446	80005522	014348b3	xor	x17,x6,x20	  x6:0xffffffff x20:0x80021e00 x17=0x7ffde1ff
         551077	     27452	80005526	02809963	bne	x1,x8,80005558	  x1:0x00000001  x8:0xffffffff
         551597	     27478	80005558	8061	c.srli	x8,0x18	  x8:0xffffffff  x8=0x000000ff
         551617	     27479	8000555a	9bfd	c.andi	x15,-1	 x15:0x0016bb46 x15=0x0016bb46
         551637	     27480	8000555c	4dad6e93	ori	x29,x26,1242	 x26:0x00000002 x29=0x000004da
         552037	     27500	80005560	00cf9493	slli	x9,x31,0xc	 x31:0x00000010  x9=0x00010000
         552377	     27517	80005564	028d9c33	mulh	x24,x27,x8	 x27:0xa169e172  x8:0x000000ff x24=0xffffffa1
         552397	     27518	80005568	933a	c.add	x6,x14	  x6:0xffffffff x14:0x80021e00  x6=0x80021dff
         552417	     27519	8000556a	001d54b3	srl	x9,x26,x1	 x26:0x00000002  x1:0x00000001  x9=0x00000001
         552457	     27521	8000556e	006a9213	slli	x4,x21,0x6	 x21:0x00000000  x4=0x00000000
         553217	     27559	80005572	03d75933	divu	x18,x14,x29	 x14:0x80021e00 x29:0x000004da x18=0x001a628c
         553237	     27560	80005576	8e5a	c.mv	x28,x22	  x0:0x00000000 x22:0x80021e01 x28=0x80021e01
         553977	     27597	80005578	03f5c5b3	div	x11,x11,x31	 x11:0x8014a583 x31:0x00000010 x11=0xf8014a59
         553997	     27598	8000557c	34002973	csrrs	x18,mscratch,x0	  x0:0x00000000 x18=0x8016bf83
         554017	     27599	80005580	009d73b3	and	x7,x26,x9	 x26:0x00000002  x9:0x00000001  x7=0x00000000
         554037	     27600	80005584	012c81b3	add	x3,x25,x18	 x25:0x00000000 x18:0x8016bf83  x3=0x8016bf83
         554057	     27601	80005588	8df9	c.and	x11,x14	 x11:0xf8014a59 x14:0x80021e00 x11=0x80000a00
         554097	     27603	8000558a	028f11b3	mulh	x3,x30,x8	 x30:0x80021e01  x8:0x000000ff  x3=0xffffff80
         554117	     27604	8000558e	8cf9	c.and	x9,x14	  x9:0x00000001 x14:0x80021e00  x9=0x00000000
         554317	     27614	80005590	340074f3	csrrci	x9,mscratch,0	  x9=0x8016bf83
         554457	     27621	80005594	0148c3b3	xor	x7,x17,x20	 x17:0x7ffde1ff x20:0x80021e00  x7=0xffffffff
         554477	     27622	80005598	c99d4537	lui	x10,0xc99d4	 x10=0xc99d4000
         555617	     27679	8000559c	026e4ab3	div	x21,x28,x6	 x28:0x80021e01  x6:0x80021dff x21=0x00000000
         556357	     27716	800055a0	0264c433	div	x8,x9,x6	  x9:0x8016bf83  x6:0x80021dff  x8=0x00000000
         556377	     27717	800055a4	340f6b73	csrrsi	x22,mscratch,30	 x22=0x8016bf83
         556397	     27718	800055a8	02611663	bne	x2,x6,800055d4	  x2:0xfffffff0  x6:0x80021dff
         556877	     27742	800055d4	01fb07b3	add	x15,x22,x31	 x22:0x8016bf83 x31:0x00000010 x15=0x8016bf93
         556917	     27744	800055d8	8d99	c.sub	x11,x14	 x11:0x80000a00 x14:0x80021e00 x11=0xfffdec00
         557117	     27754	800055da	03ce9d33	mulh	x26,x29,x28	 x29:0x000004da x28:0x80021e01 x26=0xfffffd93
         557137	     27755	800055de	ce1d	c.beqz	x12,8000561c	 x12:0x000003ff
         557157	     27756	800055e0	8e05	c.sub	x12,x9	 x12:0x000003ff  x9:0x8016bf83 x12=0x7fe9447c
         557337	     27765	800055e2	42352d13	slti	x26,x10,1059	 x10:0xc99d4000 x26=0x00000001
         557657	     27781	800055e6	d5f06213	ori	x4,x0,-673	  x0:0x00000000  x4=0xfffffd5f
         557677	     27782	800055ea	8cfd	c.and	x9,x15	  x9:0x8016bf83 x15:0x8016bf93  x9=0x8016bf83
         558417	     27819	800055ec	03157bb3	remu	x23,x10,x17	 x10:0xc99d4000 x17:0x7ffde1ff x23=0x499f5e01
         558457	     27821	800055f0	03f9aeb3	mulhsu	x29,x19,x31	 x19:0x80025ce4 x31:0x00000010 x29=0xfffffff8
         558477	     27822	800055f4	0022fbb3	and	x23,x5,x2	  x5:0x2d778ee0  x2:0xfffffff0 x23=0x2d778ee0
         558497	     27823	800055f8	4086de33	sra	x28,x13,x8	 x13:0x80021e44  x8:0x00000000 x28=0x80021e44
         558517	     27824	800055fc	014a4c63	blt	x20,x20,80005614	 x20:0x80021e00 x20:0x80021e00
         558537	     27825	80005600	0ff0000f	fence	iorw,iorw	
         558557	     27826	80005604	8cc5	c.or	x9,x9	  x9:0x8016bf83  x9:0x8016bf83  x9=0x8016bf83
         559537	     27875	80005606	02d6ed33	rem	x26,x13,x13	 x13:0x80021e44 x13:0x80021e44 x26=0x00000000
         559557	     27876	8000560a	dd0ae2b7	lui	x5,0xdd0ae	  x5=0xdd0ae000
         559577	     27877	8000560e	0ff0000f	fence	iorw,iorw	
         559597	     27878	80005612	8609	c.srai	x12,0x2	 x12:0x7fe9447c x12=0x1ffa511f
         559617	     27879	80005614	00bd6563	bltu	x26,x11,8000561e	 x26:0x00000000 x11:0xfffdec00
         560117	     27904	8000561e	8499	c.srai	x9,0x6	  x9:0x8016bf83  x9=0xfe005afe
         560557	     27926	80005620	00d41813	slli	x16,x8,0xd	  x8:0x00000000 x16=0x00000000
         560717	     27934	80005624	024ee063	bltu	x29,x4,80005644	 x29:0xfffffff8  x4:0xfffffd5f
         560737	     27935	80005628	00525263	bge	x4,x5,8000562c	  x4:0xfffffd5f  x5:0xdd0ae000
         560817	     27939	8000562c	0001	c.addi	x0,0	  x0:0x00000000  x0=0x00000000
         561057	     27951	8000562e	01c850b3	srl	x1,x16,x28	 x16:0x00000000 x28:0x80021e44  x1=0x00000000
         561077	     27952	80005632	02b64963	blt	x12,x11,80005664	 x12:0x1ffa511f x11:0xfffdec00
         561197	     27958	80005636	003ec7b3	xor	x15,x29,x3	 x29:0xfffffff8  x3:0xffffff80 x15=0x00000078
         561217	     27959	8000563a	c305	c.beqz	x14,8000565a	 x14:0x80021e00
         561297	     27963	8000563c	58ec0b13	addi	x22,x24,1422	 x24:0xffffffa1 x22=0x0000052f
         561317	     27964	80005640	57bf0397	auipc	x7,0x57bf0	  x7=0xd7bf5640
         561337	     27965	80005644	34007bf3	csrrci	x23,mscratch,0	 x23=0x8016bf9f
         561377	     27967	80005648	020ea933	mulhsu	x18,x29,x0	 x29:0xfffffff8  x0:0x00000000 x18=0x00000000
         561777	     27987	8000564c	96654f93	xori	x31,x10,-1690	 x10:0xc99d4000 x31=0x3662b966
         561857	     27991	80005650	8d5d	c.or	x10,x15	 x10:0xc99d4000 x15:0x00000078 x10=0xc99d4078
         562177	     28007	80005652	00de9c63	bne	x29,x13,8000566a	 x29:0xfffffff8 x13:0x80021e44
         562957	     28046	8000566a	34081973	csrrw	x18,mscratch,x16	 x16:0x00000000 x18=0x8016bf9f
         563697	     28083	8000566e	031f6033	rem	x0,x30,x17	 x30:0x80021e01 x17:0x7ffde1ff  x0=0x00000000
         563717	     28084	80005672	0189c2b3	xor	x5,x19,x24	 x19:0x80025ce4 x24:0xffffffa1  x5=0x7ffda345
         563737	     28085	80005676	020c1f63	bne	x24,x0,800056b4	 x24:0xffffffa1  x0:0x00000000
         564017	     28099	800056b4	02f815b3	mulh	x11,x16,x15	 x16:0x00000000 x15:0x00000078 x11=0x00000000
         564837	     28140	800056b8	006b5f33	srl	x30,x22,x6	 x22:0x0000052f  x6:0x80021dff x30=0x00000000
         565157	     28156	800056bc	00d2e833	or	x16,x5,x13	  x5:0x7ffda345 x13:0x80021e44 x16=0xffffbf45
         565177	     28157	800056c0	ea11	c.bnez	x12,800056d4	 x12:0x1ffa511f
         565477	     28172	800056d4	d7ebf493	andi	x9,x23,-642	 x23:0x8016bf9f  x9=0x8016bd1e
         565817	     28189	800056d8	855e	c.mv	x10,x23	  x0:0x00000000 x23:0x8016bf9f x10=0x8016bf9f
         565837	     28190	800056da	008278b3	and	x17,x4,x8	  x4:0xfffffd5f  x8:0x00000000 x17=0x00000000
         565857	     28191	800056de	8c35	c.xor	x8,x13	  x8:0x00000000 x13:0x80021e44  x8=0x80021e44
         565877	     28192	800056e0	1e1c	c.addi4spn	x15,x2,816	 x15=0x00000320
         565917	     28194	800056e2	035ad933	divu	x18,x21,x21	 x21:0x00000000 x21:0x00000000 x18=0xffffffff
         566337	     28215	800056e6	404985b3	sub	x11,x19,x4	 x19:0x80025ce4  x4:0xfffffd5f x11=0x80025f85
         566357	     28216	800056ea	08c5	c.addi	x17,17	 x17:0x00000000 x17=0x00000011
         566377	     28217	800056ec	40025e13	srai	x28,x4,0x0	  x4:0xfffffd5f x28=0xfffffd5f
         566397	     28218	800056f0	8ff1	c.and	x15,x12	 x15:0x00000320 x12:0x1ffa511f x15=0x00000100
         566497	     28223	800056f2	01d9e5b3	or	x11,x19,x29	 x19:0x80025ce4 x29:0xfffffff8 x11=0xfffffffc
         566517	     28224	800056f6	77ffdab7	lui	x21,0x77ffd	 x21=0x77ffd000
         566937	     28245	800056fa	78326a13	ori	x20,x4,1923	  x4:0xfffffd5f x20=0xffffffdf
         566957	     28246	800056fe	717d	c.addi16sp	x2,-16	  x2:0xfffffff0  x2=0xffffffe0
         567017	     28249	80005700	02f60663	beq	x12,x15,8000572c	 x12:0x1ffa511f x15:0x00000100
         567437	     28270	80005704	0001	c.addi	x0,0	  x0:0x00000000  x0=0x00000000
         567457	     28271	80005706	016a6e13	ori	x28,x20,22	 x20:0xffffffdf x28=0xffffffdf
         567577	     28277	8000570a	02be8c33	mul	x24,x29,x11	 x29:0xfffffff8 x11:0xfffffffc x24=0x00000020
         567617	     28279	8000570e	0ff0000f	fence	iorw,iorw	
         567657	     28281	80005712	0374bab3	mulhu	x21,x9,x23	  x9:0x8016bd1e x23:0x8016bf9f x21=0x4016c063
         567677	     28282	80005716	7fa6bb13	sltiu	x22,x13,2042	 x13:0x80021e44 x22=0x00000000
         567697	     28283	8000571a	8fb5	c.xor	x15,x13	 x15:0x00000100 x13:0x80021e44 x15=0x80021f44
         567717	     28284	8000571c	00541193	slli	x3,x8,0x5	  x8:0x80021e44  x3=0x0043c880
         567897	     28293	80005720	8f19	c.sub	x14,x14	 x14:0x80021e00 x14:0x80021e00 x14=0x00000000
         567917	     28294	80005722	0000100f	fence.i	
         568037	     28300	80005726	717d	c.addi16sp	x2,-16	  x2:0xffffffe0  x2=0xffffffd0
         568057	     28301	80005728	0ff0000f	fence	iorw,iorw	
         568137	     28305	8000572c	0ff0000f	fence	iorw,iorw	
         568257	     28311	80005730	429e7537	lui	x10,0x429e7	 x10=0x429e7000
         568277	     28312	80005734	0f0c	c.addi4spn	x11,x2,912	 x11=0x00000360
         569017	     28349	80005736	02205b33	divu	x22,x0,x2	  x0:0x00000000  x2:0xffffffd0 x22=0x00000000
         569037	     28350	8000573a	80b5	c.srli	x9,0xd	  x9:0x8016bd1e  x9=0x000400b5
         569057	     28351	8000573c	34003b73	csrrc	x22,mscratch,x0	  x0:0x00000000 x22=0x00000000
         569077	     28352	80005740	03bb0b63	beq	x22,x27,80005776	 x22:0x00000000 x27:0xa169e172
         569097	     28353	80005744	b656c593	xori	x11,x13,-1179	 x13:0x80021e44 x11=0x7ffde521
         569117	     28354	80005748	00fb30b3	sltu	x1,x22,x15	 x22:0x00000000 x15:0x80021f44  x1=0x00000001
         569137	     28355	8000574c	8d6d	c.and	x10,x11	 x10:0x429e7000 x11:0x7ffde521 x10=0x429c6000
         569177	     28357	8000574e	b6e4f313	andi	x6,x9,-1170	  x9:0x000400b5  x6=0x00040024
         569277	     28362	80005752	0253e263	bltu	x7,x5,80005776	  x7:0xd7bf5640  x5:0x7ffda345
         569297	     28363	80005756	e7a8a417	auipc	x8,0xe7a8a	  x8=0x67a8f756
         569317	     28364	8000575a	880d	c.andi	x8,3	  x8:0x67a8f756  x8=0x00000002
         570057	     28401	8000575c	03b0c1b3	div	x3,x1,x27	  x1:0x00000001 x27:0xa169e172  x3=0x00000000
         570077	     28402	80005760	012cc963	blt	x25,x18,80005772	 x25:0x00000000 x18:0xffffffff
         570097	     28403	80005764	0598	c.addi4spn	x14,x2,704	 x14=0x00000290
         570117	     28404	80005766	059ee063	bltu	x29,x25,800057a6	 x29:0xfffffff8 x25:0x00000000
         570137	     28405	8000576a	340072f3	csrrci	x5,mscratch,0	  x5=0x00000000
         570157	     28406	8000576e	95160a13	addi	x20,x12,-1711	 x12:0x1ffa511f x20=0x1ffa4a70
         570437	     28420	80005772	010d4533	xor	x10,x26,x16	 x26:0x00000000 x16:0xffffbf45 x10=0xffffbf45
         570457	     28421	80005776	97c6	c.add	x15,x17	 x15:0x80021f44 x17:0x00000011 x15=0x80021f55
         570477	     28422	80005778	34066cf3	csrrsi	x25,mscratch,12	 x25=0x00000000
         570737	     28435	8000577c	c10d	c.beqz	x10,8000579e	 x10:0xffffbf45
         570757	     28436	8000577e	340df5f3	csrrci	x11,mscratch,27	 x11=0x0000000c
         570797	     28438	80005782	00dc5c13	srli	x24,x24,0xd	 x24:0x00000020 x24=0x00000000
         570837	     28440	80005786	02c7bcb3	mulhu	x25,x15,x12	 x15:0x80021f55 x12:0x1ffa511f x25=0x0ffd6c6e
         570897	     28443	8000578a	c55c2c93	slti	x25,x24,-939	 x24:0x00000000 x25=0x00000000
         570917	     28444	8000578e	8e45	c.or	x12,x9	 x12:0x1ffa511f  x9:0x000400b5 x12=0x1ffe51bf
         571037	     28450	80005790	defc6b13	ori	x22,x24,-529	 x24:0x00000000 x22=0xfffffdef
         571137	     28455	80005794	0000100f	fence.i	
         572017	     28499	80005798	830a	c.mv	x6,x2	  x0:0x00000000  x2:0xffffffd0  x6=0xffffffd0
         572117	     28504	8000579a	02b11033	mulh	x0,x2,x11	  x2:0xffffffd0 x11:0x0000000c  x0=0x00000000
         572137	     28505	8000579e	01e3b1b3	sltu	x3,x7,x30	  x7:0xd7bf5640 x30:0x00000000  x3=0x00000000
         572517	     28524	800057a2	6abf0813	addi	x16,x30,1707	 x30:0x00000000 x16=0x000006ab
         572537	     28525	800057a6	8d4d	c.or	x10,x11	 x10:0xffffbf45 x11:0x0000000c x10=0xffffbf4d
         572557	     28526	800057a8	54548b13	addi	x22,x9,1349	  x9:0x000400b5 x22=0x000405fa
         572577	     28527	800057ac	8c01	c.sub	x8,x8	  x8:0x00000002  x8:0x00000002  x8=0x00000000
         572597	     28528	800057ae	717d	c.addi16sp	x2,-16	  x2:0xffffffd0  x2=0xffffffc0
         572637	     28530	800057b0	03e394b3	mulh	x9,x7,x30	  x7:0xd7bf5640 x30:0x00000000  x9=0x00000000
         572657	     28531	800057b4	8d25	c.xor	x10,x9	 x10:0xffffbf4d  x9:0x00000000 x10=0xffffbf4d
         572677	     28532	800057b6	013fd0b3	srl	x1,x31,x19	 x31:0x3662b966 x19:0x80025ce4  x1=0x03662b96
         572717	     28534	800057ba	0353b733	mulhu	x14,x7,x21	  x7:0xd7bf5640 x21:0x4016c063 x14=0x36030224
         573957	     28596	800057be	027567b3	rem	x15,x10,x7	 x10:0xffffbf4d  x7:0xd7bf5640 x15=0xffffbf4d
         574397	     28618	800057c2	3401e0f3	csrrsi	x1,mscratch,3	  x1=0x00000004
         574417	     28619	800057c6	8de1	c.and	x11,x8	 x11:0x0000000c  x8:0x00000000 x11=0x00000000
         574437	     28620	800057c8	8565	c.srai	x10,0x19	 x10:0xffffbf4d x10=0xffffffff
         574457	     28621	800057ca	0000100f	fence.i	
         574777	     28637	800057ce	50c144b7	lui	x9,0x50c14	  x9=0x50c14000
         574797	     28638	800057d2	d10741b7	lui	x3,0xd1074	  x3=0xd1074000
         574857	     28641	800057d6	340e6f73	csrrsi	x30,mscratch,28	 x30=0x00000007
         574877	     28642	800057da	01f85813	srli	x16,x16,0x1f	 x16:0x000006ab x16=0x00000000
         575177	     28657	800057de	34006bf3	csrrsi	x23,mscratch,0	 x23=0x0000001f
         575557	     28676	800057e2	00e8d1b3	srl	x3,x17,x14	 x17:0x00000011 x14:0x36030224  x3=0x00000001
         575577	     28677	800057e6	9ba6	c.add	x23,x9	 x23:0x0000001f  x9:0x50c14000 x23=0x50c1401f
         575917	     28694	800057e8	413b5393	srai	x7,x22,0x13	 x22:0x000405fa  x7=0x00000000
         575937	     28695	800057ec	871d	c.srai	x14,0x7	 x14:0x36030224 x14=0x006c0604
         575957	     28696	800057ee	014137b3	sltu	x15,x2,x20	  x2:0xffffffc0 x20:0x1ffa4a70 x15=0x00000000
         575997	     28698	800057f2	02eb3bb3	mulhu	x23,x22,x14	 x22:0x000405fa x14:0x006c0604 x23=0x000001b2
         576017	     28699	800057f6	019b5a93	srli	x21,x22,0x19	 x22:0x000405fa x21=0x00000000
         576037	     28700	800057fa	93d86537	lui	x10,0x93d86	 x10=0x93d86000
         576477	     28722	800057fe	035d92b3	mulh	x5,x27,x21	 x27:0xa169e172 x21:0x00000000  x5=0x00000000
         576497	     28723	80005802	1af2aeb7	lui	x29,0x1af2a	 x29=0x1af2a000
         576597	     28728	80005806	014df1b3	and	x3,x27,x20	 x27:0xa169e172 x20:0x1ffa4a70  x3=0x01684070
         576697	     28733	8000580a	d4913813	sltiu	x16,x2,-695	  x2:0xffffffc0 x16=0x00000000
         576717	     28734	8000580e	8c69	c.and	x8,x10	  x8:0x00000000 x10:0x93d86000  x8=0x00000000
         576737	     28735	80005810	01f00963	beq	x0,x31,80005822	  x0:0x00000000 x31:0x3662b966
         576837	     28740	80005814	01b4a3b3	slt	x7,x9,x27	  x9:0x50c14000 x27:0xa169e172  x7=0x00000000
         577157	     28756	80005818	eb85	c.bnez	x15,80005848	 x15:0x00000000
         577177	     28757	8000581a	07c5	c.addi	x15,17	 x15:0x00000000 x15=0x00000011
         577217	     28759	8000581c	025c27b3	mulhsu	x15,x24,x5	 x24:0x00000000  x5:0x00000000 x15=0x00000000
         577337	     28765	80005820	0001	c.addi	x0,0	  x0:0x00000000  x0=0x00000000
         577377	     28767	80005822	03ff34b3	mulhu	x9,x30,x31	 x30:0x00000007 x31:0x3662b966  x9=0x00000001
         577397	     28768	80005826	01d79313	slli	x6,x15,0x1d	 x15:0x00000000  x6=0x00000000
         577417	     28769	8000582a	8711	c.srai	x14,0x4	 x14:0x006c0604 x14=0x0006c060
         577437	     28770	8000582c	07b6	c.slli	x15,0xd	 x15:0x00000000 x15=0x00000000
         577697	     28783	8000582e	4b786a13	ori	x20,x16,1207	 x16:0x00000000 x20=0x000004b7
         577777	     28787	80005832	03683533	mulhu	x10,x16,x22	 x16:0x00000000 x22:0x000405fa x10=0x00000000
         577797	     28788	80005836	8cc6	c.mv	x25,x17	  x0:0x00000000 x17:0x00000011 x25=0x00000011
         577817	     28789	80005838	5bfd	c.li	x23,-1	 x23=0xffffffff
         577837	     28790	8000583a	cb19	c.beqz	x14,80005850	 x14:0x0006c060
         577937	     28795	8000583c	34066673	csrrsi	x12,mscratch,12	 x12=0x0000001f
         577977	     28797	80005840	03db2ab3	mulhsu	x21,x22,x29	 x22:0x000405fa x29:0x1af2a000 x21=0x00006c6b
         578017	     28799	80005844	0207b7b3	mulhu	x15,x15,x0	 x15:0x00000000  x0:0x00000000 x15=0x00000000
         578217	     28809	80005848	8e61	c.and	x12,x8	 x12:0x0000001f  x8:0x00000000 x12=0x00000000
         578357	     28816	8000584a	0099c933	xor	x18,x19,x9	 x19:0x80025ce4  x9:0x00000001 x18=0x80025ce5
         578377	     28817	8000584e	890d	c.andi	x10,3	 x10:0x00000000 x10=0x00000000
         578417	     28819	80005850	02f61a33	mulh	x20,x12,x15	 x12:0x00000000 x15:0x00000000 x20=0x00000000
         578437	     28820	80005854	00a620b3	slt	x1,x12,x10	 x12:0x00000000 x10:0x00000000  x1=0x00000000
         578837	     28840	80005858	40e85933	sra	x18,x16,x14	 x16:0x00000000 x14:0x0006c060 x18=0x00000000
         578897	     28843	8000585c	3409dbf3	csrrwi	x23,mscratch,19	 x23=0x0000001f
         578917	     28844	80005860	01e40533	add	x10,x8,x30	  x8:0x00000000 x30:0x00000007 x10=0x00000007
         578997	     28848	80005864	8e3d	c.xor	x12,x15	 x12:0x00000000 x15:0x00000000 x12=0x00000000
         579017	     28849	80005866	f2e3b313	sltiu	x6,x7,-210	  x7:0x00000000  x6=0x00000001
         579037	     28850	8000586a	8f2d	c.xor	x14,x11	 x14:0x0006c060 x11:0x00000000 x14=0x0006c060
         579457	     28871	8000586c	020790b3	mulh	x1,x15,x0	 x15:0x00000000  x0:0x00000000  x1=0x00000000
         579537	     28875	80005870	8a5a	c.mv	x20,x22	  x0:0x00000000 x22:0x000405fa x20=0x000405fa
         579557	     28876	80005872	0ff0000f	fence	iorw,iorw	
         579577	     28877	80005876	0000100f	fence.i	
         580137	     28905	8000587a	68327f93	andi	x31,x4,1667	  x4:0xfffffd5f x31=0x00000403
         580157	     28906	8000587e	340c51f3	csrrwi	x3,mscratch,24	  x3=0x00000013
         580537	     28925	80005882	40785bb3	sra	x23,x16,x7	 x16:0x00000000  x7:0x00000000 x23=0x00000000
         580737	     28935	80005886	80ceff93	andi	x31,x29,-2036	 x29:0x1af2a000 x31=0x1af2a000
         580757	     28936	8000588a	41b6dfb3	sra	x31,x13,x27	 x13:0x80021e44 x27:0xa169e172 x31=0xffffe000
         580777	     28937	8000588e	45cba613	slti	x12,x23,1116	 x23:0x00000000 x12=0x00000001
         580817	     28939	80005892	02e99f33	mulh	x30,x19,x14	 x19:0x80025ce4 x14:0x0006c060 x30=0xfffc9fdf
         580837	     28940	80005896	0190	c.addi4spn	x12,x2,192	 x12=0x00000080
         580857	     28941	80005898	34006ef3	csrrsi	x29,mscratch,0	 x29=0x00000018
         581277	     28962	8000589c	00913a33	sltu	x20,x2,x9	  x2:0xffffffc0  x9:0x00000001 x20=0x00000000
         581517	     28974	800058a0	016a5933	srl	x18,x20,x22	 x20:0x00000000 x22:0x000405fa x18=0x00000000
         581797	     28988	800058a4	0027ceb3	xor	x29,x15,x2	 x15:0x00000000  x2:0xffffffc0 x29=0xffffffc0
         581817	     28989	800058a8	0173d193	srli	x3,x7,0x17	  x7:0x00000000  x3=0x00000000
         581917	     28994	800058ac	0ff0000f	fence	iorw,iorw	
         581937	     28995	800058b0	02cf8763	beq	x31,x12,800058de	 x31:0xffffe000 x12:0x00000080
         582117	     29004	800058b4	34009f73	csrrw	x30,mscratch,x1	  x1:0x00000000 x30=0x00000018
         582417	     29019	800058b8	00931633	sll	x12,x6,x9	  x6:0x00000001  x9:0x00000001 x12=0x00000002
         582457	     29021	800058bc	01073d33	sltu	x26,x14,x16	 x14:0x0006c060 x16:0x00000000 x26=0x00000000
         582477	     29022	800058c0	0580	c.addi4spn	x8,x2,704	  x8=0x00000280
         582497	     29023	800058c2	8fe9	c.and	x15,x10	 x15:0x00000000 x10:0x00000007 x15=0x00000000
         582657	     29031	800058c4	87ae	c.mv	x15,x11	  x0:0x00000000 x11:0x00000000 x15=0x00000000
         583397	     29068	800058c6	03e6dcb3	divu	x25,x13,x30	 x13:0x80021e44 x30:0x00000018 x25=0x05556bed
         583417	     29069	800058ca	875d	c.srai	x14,0x17	 x14:0x0006c060 x14=0x00000000
         583437	     29070	800058cc	34083ef3	csrrc	x29,mscratch,x16	 x16:0x00000000 x29=0x00000000
         583457	     29071	800058d0	717d	c.addi16sp	x2,-16	  x2:0xffffffc0  x2=0xffffffb0
         583477	     29072	800058d2	0001	c.addi	x0,0	  x0:0x00000000  x0=0x00000000
         583497	     29073	800058d4	340037f3	csrrc	x15,mscratch,x0	  x0:0x00000000 x15=0x00000000
         583537	     29075	800058d8	02a092b3	mulh	x5,x1,x10	  x1:0x00000000 x10:0x00000007  x5=0x00000000
         583557	     29076	800058dc	8c4d	c.or	x8,x11	  x8:0x00000280 x11:0x00000000  x8=0x00000280
         583957	     29096	800058de	033d27b3	mulhsu	x15,x26,x19	 x26:0x00000000 x19:0x80025ce4 x15=0x00000000
         584137	     29105	800058e2	68c43613	sltiu	x12,x8,1676	  x8:0x00000280 x12=0x00000001
         584157	     29106	800058e6	9766	c.add	x14,x25	 x14:0x00000000 x25:0x05556bed x14=0x05556bed
         584237	     29110	800058e8	00f188b3	add	x17,x3,x15	  x3:0x00000000 x15:0x00000000 x17=0x00000000
         584457	     29121	800058ec	e91d	c.bnez	x10,80005922	 x10:0x00000007
         584937	     29145	80005922	01c6	c.slli	x3,0x11	  x3:0x00000000  x3=0x00000000
         585257	     29161	80005924	02cc4063	blt	x24,x12,80005944	 x24:0x00000000 x12:0x00000001
         585897	     29193	80005944	00b32433	slt	x8,x6,x11	  x6:0x00000001 x11:0x00000000  x8=0x00000000
         586057	     29201	80005948	023a8533	mul	x10,x21,x3	 x21:0x00006c6b  x3:0x00000000 x10=0x00000000
         587197	     29258	8000594c	03945bb3	divu	x23,x8,x25	  x8:0x00000000 x25:0x05556bed x23=0x00000000
         587217	     29259	80005950	85a2	c.mv	x11,x8	  x0:0x00000000  x8:0x00000000 x11=0x00000000
         587237	     29260	80005952	01cfee63	bltu	x31,x28,8000596e	 x31:0xffffe000 x28:0xffffffdf
         587797	     29288	8000596e	8c7d	c.and	x8,x15	  x8:0x00000000 x15:0x00000000  x8=0x00000000
         587937	     29295	80005970	813d	c.srli	x10,0xf	 x10:0x00000000 x10=0x00000000
         588077	     29302	80005972	0386bd33	mulhu	x26,x13,x24	 x13:0x80021e44 x24:0x00000000 x26=0x00000000
         588097	     29303	80005976	615d	c.addi16sp	x2,432	  x2:0xffffffb0  x2=0x00000160
         588837	     29340	80005978	035651b3	divu	x3,x12,x21	 x12:0x00000001 x21:0x00006c6b  x3=0x00000000
         588857	     29341	8000597c	01676ab3	or	x21,x14,x22	 x14:0x05556bed x22:0x000405fa x21=0x05556fff
         588897	     29343	80005980	03dfb733	mulhu	x14,x31,x29	 x31:0xffffe000 x29:0x00000000 x14=0x00000000
         588917	     29344	80005984	9212	c.add	x4,x4	  x4:0xfffffd5f  x4:0xfffffd5f  x4=0xfffffabe
         588937	     29345	80005986	6b51	c.lui	x22,0x14	 x22=0x00014000
         588977	     29347	80005988	033411b3	mulh	x3,x8,x19	  x8:0x00000000 x19:0x80025ce4  x3=0x00000000
         588997	     29348	8000598c	0001	c.addi	x0,0	  x0:0x00000000  x0=0x00000000
         589017	     29349	8000598e	8f3d	c.xor	x14,x15	 x14:0x00000000 x15:0x00000000 x14=0x00000000
         589757	     29386	80005990	02965833	divu	x16,x12,x9	 x12:0x00000001  x9:0x00000001 x16=0x00000001
         589777	     29387	80005994	03d30033	mul	x0,x6,x29	  x6:0x00000001 x29:0x00000000  x0=0x00000000
         589817	     29389	80005998	03a52bb3	mulhsu	x23,x10,x26	 x10:0x00000000 x26:0x00000000 x23=0x00000000
         589837	     29390	8000599c	027e5663	bge	x28,x7,800059c8	 x28:0xffffffdf  x7:0x00000000
         589857	     29391	800059a0	1a84	c.addi4spn	x9,x2,368	  x9=0x000002d0
         589877	     29392	800059a2	00135263	bge	x6,x1,800059a6	  x6:0x00000001  x1:0x00000000
         589917	     29394	800059a6	8a65	c.andi	x12,25	 x12:0x00000001 x12=0x00000001
         590517	     29424	800059a8	0e80	c.addi4spn	x8,x2,848	  x8=0x000004b0
         590537	     29425	800059aa	80fd	c.srli	x9,0x1f	  x9:0x000002d0  x9=0x00000000
         590817	     29439	800059ac	d2603393	sltiu	x7,x0,-730	  x0:0x00000000  x7=0x00000001
         591557	     29476	800059b0	03527433	remu	x8,x4,x21	  x4:0xfffffabe x21:0x05556fff  x8=0x05506aed
         591577	     29477	800059b4	026b4963	blt	x22,x6,800059e6	 x22:0x00014000  x6:0x00000001
         591597	     29478	800059b8	41a9d133	sra	x2,x19,x26	 x19:0x80025ce4 x26:0x00000000  x2=0x80025ce4
         591617	     29479	800059bc	717d	c.addi16sp	x2,-16	  x2:0x80025ce4  x2=0x80025cd4
         591637	     29480	800059be	00a0d293	srli	x5,x1,0xa	  x1:0x00000000  x5=0x00000000
         591657	     29481	800059c2	34075073	csrrwi	x0,mscratch,14	  x0=0x00000000
         591677	     29482	800059c6	8d79	c.and	x10,x14	 x10:0x00000000 x14:0x00000000 x10=0x00000000
         591737	     29485	800059c8	340611f3	csrrw	x3,mscratch,x12	 x12:0x00000001  x3=0x0000000e
         591757	     29486	800059cc	717d	c.addi16sp	x2,-16	  x2:0x80025cd4  x2=0x80025cc4
         591917	     29494	800059ce	3403f573	csrrci	x10,mscratch,7	 x10=0x00000001
         591937	     29495	800059d2	0822	c.slli	x16,0x8	 x16:0x00000001 x16=0x00000100
         591957	     29496	800059d4	997a	c.add	x18,x30	 x18:0x00000000 x30:0x00000018 x18=0x00000018
         592697	     29533	800059d6	02326633	rem	x12,x4,x3	  x4:0xfffffabe  x3:0x0000000e x12=0xfffffffe
         593437	     29570	800059da	03626533	rem	x10,x4,x22	  x4:0xfffffabe x22:0x00014000 x10=0xfffffabe
         593457	     29571	800059de	0000100f	fence.i	
         593957	     29596	800059e2	04355163	bge	x10,x3,80005a24	 x10:0xfffffabe  x3:0x0000000e
         593977	     29597	800059e6	03531863	bne	x6,x21,80005a16	  x6:0x00000001 x21:0x05556fff
         594137	     29605	80005a16	0001	c.addi	x0,0	  x0:0x00000000  x0=0x00000000
         594177	     29607	80005a18	03f2ac33	mulhsu	x24,x5,x31	  x5:0x00000000 x31:0xffffe000 x24=0x00000000
         594197	     29608	80005a1c	003e5d33	srl	x26,x28,x3	 x28:0xffffffdf  x3:0x0000000e x26=0x0003ffff
         594237	     29610	80005a20	02587333	remu	x6,x16,x5	 x16:0x00000100  x5:0x00000000  x6=0x00000100
         594257	     29611	80005a24	b2c78e17	auipc	x28,0xb2c78	 x28=0x32c7da24
         594457	     29621	80005a28	340914f3	csrrw	x9,mscratch,x18	 x18:0x00000018  x9=0x00000000
         594537	     29625	80005a2c	340e5873	csrrwi	x16,mscratch,28	 x16=0x00000018
         594557	     29626	80005a30	0ff0000f	fence	iorw,iorw	
         594577	     29627	80005a34	02a18733	mul	x14,x3,x10	  x3:0x0000000e x10:0xfffffabe x14=0xffffb664
         594917	     29644	80005a38	018b0f33	add	x30,x22,x24	 x22:0x00014000 x24:0x00000000 x30=0x00014000
         595097	     29653	80005a3c	340daa73	csrrs	x20,mscratch,x27	 x27:0xa169e172 x20=0x0000001c
         595197	     29658	80005a40	0ff0000f	fence	iorw,iorw	
         595217	     29659	80005a44	03b2	c.slli	x7,0xc	  x7:0x00000001  x7=0x00001000
         595237	     29660	80005a46	340f73f3	csrrci	x7,mscratch,30	  x7=0xa169e17e
         595257	     29661	80005a4a	04de	c.slli	x9,0x17	  x9:0x00000000  x9=0x00000000
         595277	     29662	80005a4c	03285063	bge	x16,x18,80005a6c	 x16:0x00000018 x18:0x00000018
         595617	     29679	80005a6c	03da7963	bgeu	x20,x29,80005a9e	 x20:0x0000001c x29:0x00000000
         596757	     29736	80005a9e	03b1ebb3	rem	x23,x3,x27	  x3:0x0000000e x27:0xa169e172 x23=0x0000000e
         596797	     29738	80005aa2	02c538b3	mulhu	x17,x10,x12	 x10:0xfffffabe x12:0xfffffffe x17=0xfffffabc
         596817	     29739	80005aa6	00481963	bne	x16,x4,80005ab8	 x16:0x00000018  x4:0xfffffabe
         596937	     29745	80005ab8	8db5	c.xor	x11,x13	 x11:0x00000000 x13:0x80021e44 x11=0x80021e44
         597117	     29754	80005aba	d3b62317	auipc	x6,0xd3b62	  x6=0x53b67aba
         597137	     29755	80005abe	1bfd	c.addi	x23,-1	 x23:0x0000000e x23=0x0000000d
         597317	     29764	80005ac0	00ade263	bltu	x27,x10,80005ac4	 x27:0xa169e172 x10:0xfffffabe
         598557	     29826	80005ac4	0142a8b3	slt	x17,x5,x20	  x5:0x00000000 x20:0x0000001c x17=0x00000001
         598577	     29827	80005ac8	8479	c.srai	x8,0x1e	  x8:0x05506aed  x8=0x00000000
         598597	     29828	80005aca	0001	c.addi	x0,0	  x0:0x00000000  x0=0x00000000
         598657	     29831	80005acc	3409fd73	csrrci	x26,mscratch,19	 x26=0xa169e160
         598677	     29832	80005ad0	f33d2c13	slti	x24,x26,-205	 x26:0xa169e160 x24=0x00000001
         598697	     29833	80005ad4	03cc8133	mul	x2,x25,x28	 x25:0x05556bed x28:0x32c7da24  x2=0xad25ff54
         598797	     29838	80005ad8	2c943313	sltiu	x6,x8,713	  x8:0x00000000  x6=0x00000001
         598817	     29839	80005adc	0001	c.addi	x0,0	  x0:0x00000000  x0=0x00000000
         599017	     29849	80005ade	029e9b63	bne	x29,x9,80005b14	 x29:0x00000000  x9:0x00000000
         599037	     29850	80005ae2	bbf8bc13	sltiu	x24,x17,-1089	 x17:0x00000001 x24=0x00000001
         599057	     29851	80005ae6	0000100f	fence.i	
         599497	     29873	80005aea	01534733	xor	x14,x6,x21	  x6:0x00000001 x21:0x05556fff x14=0x05556ffe
         599657	     29881	80005aee	340b1af3	csrrw	x21,mscratch,x22	 x22:0x00014000 x21=0xa169e160
         600397	     29918	80005af2	039cf0b3	remu	x1,x25,x25	 x25:0x05556bed x25:0x05556bed  x1=0x00000000
         600417	     29919	80005af6	0169ef63	bltu	x19,x22,80005b14	 x19:0x80025ce4 x22:0x00014000
         600437	     29920	80005afa	8e49	c.or	x12,x10	 x12:0xfffffffe x10:0xfffffabe x12=0xfffffffe
         600457	     29921	80005afc	340294f3	csrrw	x9,mscratch,x5	  x5:0x00000000  x9=0x00014000
         600477	     29922	80005b00	de8cb193	sltiu	x3,x25,-536	 x25:0x05556bed  x3=0x00000001
         600497	     29923	80005b04	02c50333	mul	x6,x10,x12	 x10:0xfffffabe x12:0xfffffffe  x6=0x00000a84
         600577	     29927	80005b08	34007173	csrrci	x2,mscratch,0	  x2=0x00000000
         600597	     29928	80005b0c	0161a4b3	slt	x9,x3,x22	  x3:0x00000001 x22:0x00014000  x9=0x00000001
         600617	     29929	80005b10	8e22	c.mv	x28,x8	  x0:0x00000000  x8:0x00000000 x28=0x00000000
         600637	     29930	80005b12	8632	c.mv	x12,x12	  x0:0x00000000 x12:0xfffffffe x12=0xfffffffe
         600757	     29936	80005b14	0185bb33	sltu	x22,x11,x24	 x11:0x80021e44 x24:0x00000001 x22=0x00000000
         601117	     29954	80005b18	9092	c.add	x1,x4	  x1:0x00000000  x4:0xfffffabe  x1=0xfffffabe
         601537	     29975	80005b1a	037f9163	bne	x31,x23,80005b3c	 x31:0xffffe000 x23:0x0000000d
         602657	     30031	80005b3c	02f19363	bne	x3,x15,80005b62	  x3:0x00000001 x15:0x00000000
         603197	     30058	80005b62	15b1b237	lui	x4,0x15b1b	  x4=0x15b1b000
         603217	     30059	80005b66	340f6cf3	csrrsi	x25,mscratch,30	 x25=0x00000000
         603297	     30063	80005b6a	d72fe793	ori	x15,x31,-654	 x31:0xffffe000 x15=0xfffffd72
         603317	     30064	80005b6e	00e978b3	and	x17,x18,x14	 x18:0x00000018 x14:0x05556ffe x17=0x00000018
         603357	     30066	80005b72	0329b0b3	mulhu	x1,x19,x18	 x19:0x80025ce4 x18:0x00000018  x1=0x0000000c
         603377	     30067	80005b76	0001	c.addi	x0,0	  x0:0x00000000  x0=0x00000000
         603397	     30068	80005b78	017fe333	or	x6,x31,x23	 x31:0xffffe000 x23:0x0000000d  x6=0xffffe00d
         603417	     30069	80005b7c	8d89	c.sub	x11,x10	 x11:0x80021e44 x10:0xfffffabe x11=0x80022386
         603577	     30077	80005b7e	03d8eab3	rem	x21,x17,x29	 x17:0x00000018 x29:0x00000000 x21=0x00000018
         603597	     30078	80005b82	418ad713	srai	x14,x21,0x18	 x21:0x00000018 x14=0x00000000
         603677	     30082	80005b86	c635f813	andi	x16,x11,-925	 x11:0x80022386 x16=0x80022002
         603817	     30089	80005b8a	7a40d917	auipc	x18,0x7a40d	 x18=0xfa412b8a
         603837	     30090	80005b8e	8a55	c.andi	x12,21	 x12:0xfffffffe x12=0x00000014
         603897	     30093	80005b90	987d	c.andi	x8,-1	  x8:0x00000000  x8=0x00000000
         604017	     30099	80005b92	00267c63	bgeu	x12,x2,80005baa	 x12:0x00000014  x2:0x00000000
         604937	     30145	80005baa	4fec2497	auipc	x9,0x4fec2	  x9=0xcfec7baa
         604957	     30146	80005bae	0001	c.addi	x0,0	  x0:0x00000000  x0=0x00000000
         605117	     30154	80005bb0	41198933	sub	x18,x19,x17	 x19:0x80025ce4 x17:0x00000018 x18=0x80025ccc
         605137	     30155	80005bb4	340aab73	csrrs	x22,mscratch,x21	 x21:0x00000018 x22=0x0000001e
         605197	     30158	80005bb8	0ff0000f	fence	iorw,iorw	
         605217	     30159	80005bbc	34043b73	csrrc	x22,mscratch,x8	  x8:0x00000000 x22=0x0000001e
         605397	     30168	80005bc0	0001	c.addi	x0,0	  x0:0x00000000  x0=0x00000000
         605817	     30189	80005bc2	03385863	bge	x16,x19,80005bf2	 x16:0x80022002 x19:0x80025ce4
         605837	     30190	80005bc6	0001	c.addi	x0,0	  x0:0x00000000  x0=0x00000000
         605857	     30191	80005bc8	03c08c63	beq	x1,x28,80005c00	  x1:0x0000000c x28:0x00000000
         606017	     30199	80005bcc	03dd6563	bltu	x26,x29,80005bf6	 x26:0xa169e160 x29:0x00000000
         606437	     30220	80005bd0	05ca	c.slli	x11,0x12	 x11:0x80022386 x11=0x8e180000
         606737	     30235	80005bd2	0050d333	srl	x6,x1,x5	  x1:0x0000000c  x5:0x00000000  x6=0x0000000c
         606757	     30236	80005bd6	c80d	c.beqz	x8,80005c08	  x8:0x00000000
         607397	     30268	80005c08	8de9	c.and	x11,x10	 x11:0x8e180000 x10:0xfffffabe x11=0x8e180000
         607417	     30269	80005c0a	01297c63	bgeu	x18,x18,80005c22	 x18:0x80025ccc x18:0x80025ccc
         607517	     30274	80005c22	cf81	c.beqz	x15,80005c3a	 x15:0xfffffd72
         607537	     30275	80005c24	018a3cb3	sltu	x25,x20,x24	 x20:0x0000001c x24:0x00000001 x25=0x00000000
         607577	     30277	80005c28	036031b3	mulhu	x3,x0,x22	  x0:0x00000000 x22:0x0000001e  x3=0x00000000
         607717	     30284	80005c2c	2df0ce93	xori	x29,x1,735	  x1:0x0000000c x29=0x000002d3
         607797	     30288	80005c30	00edd963	bge	x27,x14,80005c42	 x27:0xa169e172 x14:0x00000000
         607817	     30289	80005c34	34006473	csrrsi	x8,mscratch,0	  x8=0x0000001e
         607957	     30296	80005c38	c119	c.beqz	x10,80005c3e	 x10:0xfffffabe
         608377	     30317	80005c3a	01011493	slli	x9,x2,0x10	  x2:0x00000000  x9=0x00000000
         608397	     30318	80005c3e	03be0f33	mul	x30,x28,x27	 x28:0x00000000 x27:0xa169e172 x30=0x00000000
         608417	     30319	80005c42	34002873	csrrs	x16,mscratch,x0	  x0:0x00000000 x16=0x0000001e
         608437	     30320	80005c46	f3177293	andi	x5,x14,-207	 x14:0x00000000  x5=0x00000000
         608577	     30327	80005c4a	018b93b3	sll	x7,x23,x24	 x23:0x0000000d x24:0x00000001  x7=0x0000001a
         608597	     30328	80005c4e	9e52	c.add	x28,x20	 x28:0x00000000 x20:0x0000001c x28=0x0000001c
         608697	     30333	80005c50	8c45	c.or	x8,x9	  x8:0x0000001e  x9:0x00000000  x8=0x0000001e
         608717	     30334	80005c52	9d5a	c.add	x26,x22	 x26:0xa169e160 x22:0x0000001e x26=0xa169e17e
         609117	     30354	80005c54	ec11	c.bnez	x8,80005c70	  x8:0x0000001e
         609797	     30388	80005c70	0131f633	and	x12,x3,x19	  x3:0x00000000 x19:0x80025ce4 x12=0x00000000
         610217	     30409	80005c74	03159963	bne	x11,x17,80005ca6	 x11:0x8e180000 x17:0x00000018
         611177	     30457	80005ca6	0322b5b3	mulhu	x11,x5,x18	  x5:0x00000000 x18:0x80025ccc x11=0x00000000
         611337	     30465	80005caa	08600413	addi	x8,x0,134	  x0:0x00000000  x8=0x00000086
         611357	     30466	80005cae	0001	c.addi	x0,0	  x0:0x00000000  x0=0x00000000
         611397	     30468	80005cb0	02306433	rem	x8,x0,x3	  x0:0x00000000  x3:0x00000000  x8=0x00000000
         611537	     30475	80005cb4	01ca07b3	add	x15,x20,x28	 x20:0x0000001c x28:0x0000001c x15=0x00000038
         611957	     30496	80005cb8	8ffd	c.and	x15,x15	 x15:0x00000038 x15:0x00000038 x15=0x00000038
         611977	     30497	80005cba	003ea2b3	slt	x5,x29,x3	 x29:0x000002d3  x3:0x00000000  x5=0x00000000
         611997	     30498	80005cbe	012e04b3	add	x9,x28,x18	 x28:0x0000001c x18:0x80025ccc  x9=0x80025ce8
         612017	     30499	80005cc2	0232	c.slli	x4,0xc	  x4:0x15b1b000  x4=0x1b000000
         612117	     30504	80005cc4	002dcab3	xor	x21,x27,x2	 x27:0xa169e172  x2:0x00000000 x21=0xa169e172
         612237	     30510	80005cc8	415f5033	sra	x0,x30,x21	 x30:0x00000000 x21:0xa169e172  x0=0x00000000
         612257	     30511	80005ccc	6c11	c.lui	x24,0x4	 x24=0x00004000
         612277	     30512	80005cce	8f4d	c.or	x14,x11	 x14:0x00000000 x11:0x00000000 x14=0x00000000
         612317	     30514	80005cd0	bec7ea93	ori	x21,x15,-1044	 x15:0x00000038 x21=0xfffffbfc
         612517	     30524	80005cd4	340f12f3	csrrw	x5,mscratch,x30	 x30:0x00000000  x5=0x0000001e
         613357	     30566	80005cd8	038f6433	rem	x8,x30,x24	 x30:0x00000000 x24:0x00004000  x8=0x00000000
         613377	     30567	80005cdc	72f3e793	ori	x15,x7,1839	  x7:0x0000001a x15=0x0000073f
         613397	     30568	80005ce0	34056c73	csrrsi	x24,mscratch,10	 x24=0x00000000
         614137	     30605	80005ce4	0318c433	div	x8,x17,x17	 x17:0x00000018 x17:0x00000018  x8=0x00000001
         632057	     31501	80005ce8	3402d1f3	csrrwi	x3,mscratch,5	  x3=0x0000000a
         632077	     31502	80005cec	008af033	and	x0,x21,x8	 x21:0xfffffbfc  x8:0x00000001  x0=0x00000000
         632097	     31503	80005cf0	e2167f97	auipc	x31,0xe2167	 x31=0x6216ccf0
         632117	     31504	80005cf4	54fd	c.li	x9,-1	  x9=0xffffffff
         632137	     31505	80005cf6	8c95	c.sub	x9,x13	  x9:0xffffffff x13:0x80021e44  x9=0x7ffde1bb
         632157	     31506	80005cf8	81b1	c.srli	x11,0xc	 x11:0x00000000 x11=0x00000000
         632197	     31508	80005cfa	02e6c8b3	div	x17,x13,x14	 x13:0x80021e44 x14:0x00000000 x17=0xffffffff
         632217	     31509	80005cfe	011533b3	sltu	x7,x10,x17	 x10:0xfffffabe x17:0xffffffff  x7=0x00000001
         632237	     31510	80005d02	03675f63	bge	x14,x22,80005d40	 x14:0x00000000 x22:0x0000001e
         632257	     31511	80005d06	41d8da93	srai	x21,x17,0x1d	 x17:0xffffffff x21=0xffffffff
         632277	     31512	80005d0a	9e2e	c.add	x28,x11	 x28:0x0000001c x11:0x00000000 x28=0x0000001c
         632297	     31513	80005d0c	c43a8213	addi	x4,x21,-957	 x21:0xffffffff  x4=0xfffffc42
         632597	     31528	80005d10	340d25f3	csrrs	x11,mscratch,x26	 x26:0xa169e17e x11=0x00000005
         632737	     31535	80005d14	8a09	c.andi	x12,2	 x12:0x00000000 x12=0x00000000
         632757	     31536	80005d16	cbf94793	xori	x15,x18,-833	 x18:0x80025ccc x15=0x7ffda073
         633337	     31565	80005d1a	01a4e8b3	or	x17,x9,x26	  x9:0x7ffde1bb x26:0xa169e17e x17=0xfffde1ff
         633517	     31574	80005d1e	0215c763	blt	x11,x1,80005d4c	 x11:0x00000005  x1:0x0000000c
         635057	     31651	80005d4c	03cc58b3	divu	x17,x24,x28	 x24:0x00000000 x28:0x0000001c x17=0x00000000
         635077	     31652	80005d50	0008f733	and	x14,x17,x0	 x17:0x00000000  x0:0x00000000 x14=0x00000000
         635097	     31653	80005d54	1710	c.addi4spn	x12,x2,928	 x12=0x000003a0
         635117	     31654	80005d56	59e8c213	xori	x4,x17,1438	 x17:0x00000000  x4=0x0000059e
         635137	     31655	80005d5a	0001	c.addi	x0,0	  x0:0x00000000  x0=0x00000000
         635177	     31657	80005d5c	0314fd33	remu	x26,x9,x17	  x9:0x7ffde1bb x17:0x00000000 x26=0x7ffde1bb
         635197	     31658	80005d60	00e75463	bge	x14,x14,80005d68	 x14:0x00000000 x14:0x00000000
         635777	     31687	80005d68	01b3f133	and	x2,x7,x27	  x7:0x00000001 x27:0xa169e172  x2=0x00000000
         636197	     31708	80005d6c	34031a73	csrrw	x20,mscratch,x6	  x6:0x0000000c x20=0xa169e17f
         636237	     31710	80005d70	02236633	rem	x12,x6,x2	  x6:0x0000000c  x2:0x00000000 x12=0x0000000c
         636977	     31747	80005d74	0272deb3	divu	x29,x5,x7	  x5:0x0000001e  x7:0x00000001 x29=0x0000001e
         636997	     31748	80005d78	0ff0000f	fence	iorw,iorw	
         637017	     31749	80005d7c	8706	c.mv	x14,x1	  x0:0x00000000  x1:0x0000000c x14=0x0000000c
         637037	     31750	80005d7e	34082ef3	csrrs	x29,mscratch,x16	 x16:0x0000001e x29=0x0000000c
         637057	     31751	80005d82	3407f4f3	csrrci	x9,mscratch,15	  x9=0x0000001e
         637077	     31752	80005d86	34003ff3	csrrc	x31,mscratch,x0	  x0:0x00000000 x31=0x00000010
         637097	     31753	80005d8a	01ba1cb3	sll	x25,x20,x27	 x20:0xa169e17f x27:0xa169e172 x25=0x85fc0000
         637117	     31754	80005d8e	9236	c.add	x4,x13	  x4:0x0000059e x13:0x80021e44  x4=0x800223e2
         637397	     31768	80005d90	01cfe033	or	x0,x31,x28	 x31:0x00000010 x28:0x0000001c  x0=0x00000000
         637417	     31769	80005d94	e47edf37	lui	x30,0xe47ed	 x30=0xe47ed000
         637617	     31779	80005d98	03106e33	rem	x28,x0,x17	  x0:0x00000000 x17:0x00000000 x28=0x00000000
         637657	     31781	80005d9c	02216833	rem	x16,x2,x2	  x2:0x00000000  x2:0x00000000 x16=0x00000000
         637857	     31791	80005da0	01669793	slli	x15,x13,0x16	 x13:0x80021e44 x15=0x91000000
         638037	     31800	80005da4	05c2	c.slli	x11,0x10	 x11:0x00000005 x11=0x00050000
         638197	     31808	80005da6	8597cc97	auipc	x25,0x8597c	 x25=0x05981da6
         638217	     31809	80005daa	00f291b3	sll	x3,x5,x15	  x5:0x0000001e x15:0x91000000  x3=0x0000001e
         638237	     31810	80005dae	00e21c93	slli	x25,x4,0xe	  x4:0x800223e2 x25=0x88f88000
         638257	     31811	80005db2	8f7d	c.and	x14,x15	 x14:0x0000000c x15:0x91000000 x14=0x00000000
         638277	     31812	80005db4	0ff0000f	fence	iorw,iorw	
         638297	     31813	80005db8	c705	c.beqz	x14,80005de0	 x14:0x00000000
         638957	     31846	80005de0	34002573	csrrs	x10,mscratch,x0	  x0:0x00000000 x10=0x00000010
         638977	     31847	80005de4	0001	c.addi	x0,0	  x0:0x00000000  x0=0x00000000
         638997	     31848	80005de6	8ce9	c.and	x9,x10	  x9:0x0000001e x10:0x00000010  x9=0x00000010
         639377	     31867	80005de8	004e1f13	slli	x30,x28,0x4	 x28:0x00000000 x30=0x00000000
         639537	     31875	80005dec	028633b3	mulhu	x7,x12,x8	 x12:0x0000000c  x8:0x00000001  x7=0x00000000
         639637	     31880	80005df0	83e9	c.srli	x15,0x1a	 x15:0x91000000 x15=0x00000024
         639837	     31890	80005df2	01e79663	bne	x15,x30,80005dfe	 x15:0x00000024 x30:0x00000000
         640777	     31937	80005dfe	1f674f93	xori	x31,x14,502	 x14:0x00000000 x31=0x000001f6
         640917	     31944	80005e02	001aeb63	bltu	x21,x1,80005e18	 x21:0xffffffff  x1:0x0000000c
         640937	     31945	80005e06	0698	c.addi4spn	x14,x2,832	 x14=0x00000340
         641037	     31950	80005e08	1e08	c.addi4spn	x10,x2,816	 x10=0x00000330
         641057	     31951	80005e0a	025d	c.addi	x4,23	  x4:0x800223e2  x4=0x800223f9
         641077	     31952	80005e0c	34051373	csrrw	x6,mscratch,x10	 x10:0x00000330  x6=0x00000010
         641377	     31967	80005e10	039b94b3	mulh	x9,x23,x25	 x23:0x0000000d x25:0x88f88000  x9=0xfffffff9
         641477	     31972	80005e14	60b53f37	lui	x30,0x60b53	 x30=0x60b53000
         641497	     31973	80005e18	00151c33	sll	x24,x10,x1	 x10:0x00000330  x1:0x0000000c x24=0x00330000
         641517	     31974	80005e1c	eb8d	c.bnez	x15,80005e4e	 x15:0x00000024
         641877	     31992	80005e4e	0ff0000f	fence	iorw,iorw	
         641897	     31993	80005e52	5ee0cb93	xori	x23,x1,1518	  x1:0x0000000c x23=0x000005e2
         641917	     31994	80005e56	8cb1	c.xor	x9,x12	  x9:0xfffffff9 x12:0x0000000c  x9=0xfffffff5
         641937	     31995	80005e58	017ded33	or	x26,x27,x23	 x27:0xa169e172 x23:0x000005e2 x26=0xa169e5f2
         641957	     31996	80005e5c	6a15	c.lui	x20,0x5	 x20=0x00005000
         641997	     31998	80005e5e	3403aa73	csrrs	x20,mscratch,x7	  x7:0x00000000 x20=0x00000330
         642037	     32000	80005e62	02730c63	beq	x6,x7,80005e9a	  x6:0x00000010  x7:0x00000000
         642277	     32012	80005e66	00195e63	bge	x18,x1,80005e82	 x18:0x80025ccc  x1:0x0000000c
         642317	     32014	80005e6a	037fa833	mulhsu	x16,x31,x23	 x31:0x000001f6 x23:0x000005e2 x16=0x00000000
         642437	     32020	80005e6e	340bfff3	csrrci	x31,mscratch,23	 x31=0x00000330
         642497	     32023	80005e72	b6356593	ori	x11,x10,-1181	 x10:0x00000330 x11=0xfffffb73
         642917	     32044	80005e76	00c38a63	beq	x7,x12,80005e8a	  x7:0x00000000 x12:0x0000000c
         642937	     32045	80005e7a	340024f3	csrrs	x9,mscratch,x0	  x0:0x00000000  x9=0x00000320
         642957	     32046	80005e7e	34055af3	csrrwi	x21,mscratch,10	 x21=0x00000320
         642977	     32047	80005e82	01c81f93	slli	x31,x16,0x1c	 x16:0x00000000 x31=0x00000000
         643097	     32053	80005e86	0ff0000f	fence	iorw,iorw	
         643117	     32054	80005e8a	65c5	c.lui	x11,0x11	 x11=0x00011000
         643157	     32056	80005e8c	f5a7c393	xori	x7,x15,-166	 x15:0x00000024  x7=0xffffff7e
         643177	     32057	80005e90	0ff0000f	fence	iorw,iorw	
         643197	     32058	80005e94	6b69	c.lui	x22,0x1a	 x22=0x0001a000
         643617	     32079	80005e96	0c3e7e93	andi	x29,x28,195	 x28:0x00000000 x29=0x00000000
         643637	     32080	80005e9a	0b10	c.addi4spn	x12,x2,400	 x12=0x00000190
         643657	     32081	80005e9c	023ec163	blt	x29,x3,80005ebe	 x29:0x00000000  x3:0x0000001e
         644777	     32137	80005ebe	01b6f8b3	and	x17,x13,x27	 x13:0x80021e44 x27:0xa169e172 x17=0x80000040
         644797	     32138	80005ec2	71ccfe93	andi	x29,x25,1820	 x25:0x88f88000 x29=0x00000000
         644817	     32139	80005ec6	8749	c.srai	x14,0x12	 x14:0x00000340 x14=0x00000000
         645217	     32159	80005ec8	981a	c.add	x16,x6	 x16:0x00000000  x6:0x00000010 x16=0x00000010
         645237	     32160	80005eca	3409df73	csrrwi	x30,mscratch,19	 x30=0x0000000a
         646377	     32217	80005ece	0269ebb3	rem	x23,x19,x6	 x19:0x80025ce4  x6:0x00000010 x23=0xfffffff4
         646397	     32218	80005ed2	340072f3	csrrci	x5,mscratch,0	  x5=0x00000013
         646417	     32219	80005ed6	ea907293	andi	x5,x0,-343	  x0:0x00000000  x5=0x00000000
         646437	     32220	80005eda	717d	c.addi16sp	x2,-16	  x2:0x00000000  x2=0xfffffff0
         646457	     32221	80005edc	0b4a	c.slli	x22,0x12	 x22:0x0001a000 x22=0x80000000
         646477	     32222	80005ede	397fe413	ori	x8,x31,919	 x31:0x00000000  x8=0x00000397
         646497	     32223	80005ee2	018188b3	add	x17,x3,x24	  x3:0x0000001e x24:0x00330000 x17=0x0033001e
         646917	     32244	80005ee6	02828533	mul	x10,x5,x8	  x5:0x00000000  x8:0x00000397 x10=0x00000000
         647357	     32266	80005eea	0235b433	mulhu	x8,x11,x3	 x11:0x00011000  x3:0x0000001e  x8=0x00000000
         647377	     32267	80005eee	41048833	sub	x16,x9,x16	  x9:0x00000320 x16:0x00000010 x16=0x00000310
         647577	     32277	80005ef2	03da8eb3	mul	x29,x21,x29	 x21:0x00000320 x29:0x00000000 x29=0x00000000
         647997	     32298	80005ef6	019bfa33	and	x20,x23,x25	 x23:0xfffffff4 x25:0x88f88000 x20=0x88f88000
         648017	     32299	80005efa	3af42813	slti	x16,x8,943	  x8:0x00000000 x16=0x00000001
         648037	     32300	80005efe	0c88	c.addi4spn	x10,x2,592	 x10=0x00000240
         648057	     32301	80005f00	1acb7237	lui	x4,0x1acb7	  x4=0x1acb7000
         648077	     32302	80005f04	01cc9913	slli	x18,x25,0x1c	 x25:0x88f88000 x18=0x00000000
         648257	     32311	80005f08	00b5ebb3	or	x23,x11,x11	 x11:0x00011000 x11:0x00011000 x23=0x00011000
         648437	     32320	80005f0c	028af633	remu	x12,x21,x8	 x21:0x00000320  x8:0x00000000 x12=0x00000320
         648457	     32321	80005f10	0025de13	srli	x28,x11,0x2	 x11:0x00011000 x28=0x00004400
         648577	     32327	80005f14	0000100f	fence.i	
         650177	     32407	80005f18	57a83e93	sltiu	x29,x16,1402	 x16:0x00000001 x29=0x00000001
         650337	     32415	80005f1c	cb15	c.beqz	x14,80005f50	 x14:0x00000000
         651377	     32467	80005f50	2df30713	addi	x14,x6,735	  x6:0x00000010 x14=0x000002ef
         651397	     32468	80005f54	1200	c.addi4spn	x8,x2,288	  x8=0x00000110
         651417	     32469	80005f56	34006b73	csrrsi	x22,mscratch,0	 x22=0x00000013
         651437	     32470	80005f5a	19470a13	addi	x20,x14,404	 x14:0x000002ef x20=0x00000483
         651457	     32471	80005f5e	34002973	csrrs	x18,mscratch,x0	  x0:0x00000000 x18=0x00000013
         651557	     32476	80005f62	73a27513	andi	x10,x4,1850	  x4:0x1acb7000 x10=0x00000000
         651797	     32488	80005f66	41575093	srai	x1,x14,0x15	 x14:0x000002ef  x1=0x00000000
         651877	     32492	80005f6a	95b36897	auipc	x17,0x95b36	 x17=0x15b3bf6a
         651897	     32493	80005f6e	017ff263	bgeu	x31,x23,80005f72	 x31:0x00000000 x23:0x00011000
         653037	     32550	80005f72	0324e0b3	rem	x1,x9,x18	  x9:0x00000320 x18:0x00000013  x1=0x00000002
         653057	     32551	80005f76	8d5d	c.or	x10,x15	 x10:0x00000000 x15:0x00000024 x10=0x00000024
         653077	     32552	80005f78	0177b7b3	sltu	x15,x15,x23	 x15:0x00000024 x23:0x00011000 x15=0x00000001
         653097	     32553	80005f7c	0001	c.addi	x0,0	  x0:0x00000000  x0=0x00000000
         653117	     32554	80005f7e	0001	c.addi	x0,0	  x0:0x00000000  x0=0x00000000
         653137	     32555	80005f80	0014a3b3	slt	x7,x9,x1	  x9:0x00000320  x1:0x00000002  x7=0x00000000
         653157	     32556	80005f84	8221	c.srli	x12,0x8	 x12:0x00000320 x12=0x00000003
         653177	     32557	80005f86	bf1d8593	addi	x11,x27,-1039	 x27:0xa169e172 x11=0xa169dd63
         653197	     32558	80005f8a	34006bf3	csrrsi	x23,mscratch,0	 x23=0x00000013
         653237	     32560	80005f8e	02bf1533	mulh	x10,x30,x11	 x30:0x0000000a x11:0xa169dd63 x10=0xfffffffc
         653317	     32564	80005f92	03dfe163	bltu	x31,x29,80005fb4	 x31:0x00000000 x29:0x00000001
         654137	     32605	80005fb4	005c5f93	srli	x31,x24,0x5	 x24:0x00330000 x31=0x00019800
         654157	     32606	80005fb8	717d	c.addi16sp	x2,-16	  x2:0xfffffff0  x2=0xffffffe0
         654257	     32611	80005fba	00741cb3	sll	x25,x8,x7	  x8:0x00000110  x7:0x00000000 x25=0x00000110
         654277	     32612	80005fbe	8d75	c.and	x10,x13	 x10:0xfffffffc x13:0x80021e44 x10=0x80021e44
         654297	     32613	80005fc0	650d	c.lui	x10,0x3	 x10=0x00003000
         655037	     32650	80005fc2	0348ecb3	rem	x25,x17,x20	 x17:0x15b3bf6a x20:0x00000483 x25=0x000001b5
         655057	     32651	80005fc6	018b0f63	beq	x22,x24,80005fe4	 x22:0x00000013 x24:0x00330000
         655077	     32652	80005fca	95d4ab97	auipc	x23,0x95d4a	 x23=0x15d4ffca
         655097	     32653	80005fce	34065273	csrrwi	x4,mscratch,12	  x4=0x00000013
         655117	     32654	80005fd2	8412	c.mv	x8,x4	  x0:0x00000000  x4:0x00000013  x8=0x00000013
         655137	     32655	80005fd4	0088ea33	or	x20,x17,x8	 x17:0x15b3bf6a  x8:0x00000013 x20=0x15b3bf7b
         655157	     32656	80005fd8	a194bbb7	lui	x23,0xa194b	 x23=0xa194b000
         655177	     32657	80005fdc	4003d5b3	sra	x11,x7,x0	  x7:0x00000000  x0:0x00000000 x11=0x00000000
         655237	     32660	80005fe0	0001	c.addi	x0,0	  x0:0x00000000  x0=0x00000000
         655257	     32661	80005fe2	6619	c.lui	x12,0x6	 x12=0x00006000
         655277	     32662	80005fe4	340b1473	csrrw	x8,mscratch,x22	 x22:0x00000013  x8=0x0000000c
         655297	     32663	80005fe8	8c35	c.xor	x8,x13	  x8:0x0000000c x13:0x80021e44  x8=0x80021e48
         655317	     32664	80005fea	9956	c.add	x18,x21	 x18:0x00000013 x21:0x00000320 x18=0x00000333
         655517	     32674	80005fec	5348eab7	lui	x21,0x5348e	 x21=0x5348e000
         655937	     32695	80005ff0	34007773	csrrci	x14,mscratch,0	 x14=0x00000013
         656097	     32703	80005ff4	0014c433	xor	x8,x9,x1	  x9:0x00000320  x1:0x00000002  x8=0x00000322
         656277	     32712	80005ff8	8cb9	c.xor	x9,x14	  x9:0x00000320 x14:0x00000013  x9=0x00000333
         656297	     32713	80005ffa	0001	c.addi	x0,0	  x0:0x00000000  x0=0x00000000
         656657	     32731	80005ffc	340bf273	csrrci	x4,mscratch,23	  x4=0x00000013
         657057	     32751	80006000	8e01	c.sub	x12,x8	 x12:0x00006000  x8:0x00000322 x12=0x00005cde
         657377	     32767	80006002	01860b33	add	x22,x12,x24	 x12:0x00005cde x24:0x00330000 x22=0x00335cde
         657797	     32788	80006006	3406fe73	csrrci	x28,mscratch,13	 x28=0x00000000
         657817	     32789	8000600a	00559b33	sll	x22,x11,x5	 x11:0x00000000  x5:0x00000000 x22=0x00000000
         658957	     32846	8000600e	02626533	rem	x10,x4,x6	  x4:0x00000013  x6:0x00000010 x10=0x00000003
         679817	     33889	80006012	0000100f	fence.i	
         680317	     33914	80006016	034b5363	bge	x22,x20,8000603c	 x22:0x00000000 x20:0x15b3bf7b
         680737	     33935	8000601a	01211f33	sll	x30,x2,x18	  x2:0xffffffe0 x18:0x00000333 x30=0xff000000
         680757	     33936	8000601e	0001	c.addi	x0,0	  x0:0x00000000  x0=0x00000000
         680777	     33937	80006020	02af4063	blt	x30,x10,80006040	 x30:0xff000000 x10:0x00000003
         681157	     33956	80006040	41efd713	srai	x14,x31,0x1e	 x31:0x00019800 x14=0x00000000
         681577	     33977	80006044	0190b4b3	sltu	x9,x1,x25	  x1:0x00000002 x25:0x000001b5  x9=0x00000001
         681597	     33978	80006048	0001	c.addi	x0,0	  x0:0x00000000  x0=0x00000000
         681617	     33979	8000604a	418e5a13	srai	x20,x28,0x18	 x28:0x00000000 x20=0x00000000
         682357	     34016	8000604e	03f672b3	remu	x5,x12,x31	 x12:0x00005cde x31:0x00019800  x5=0x00005cde
         682377	     34017	80006052	85d9	c.srai	x11,0x16	 x11:0x00000000 x11=0x00000000
         682397	     34018	80006054	0000100f	fence.i	
         682477	     34022	80006058	030bef63	bltu	x23,x16,80006096	 x23:0xa194b000 x16:0x00000001
         683317	     34064	8000605c	03377433	remu	x8,x14,x19	 x14:0x00000000 x19:0x80025ce4  x8=0x00000000
         683337	     34065	80006060	0222ea63	bltu	x5,x2,80006094	  x5:0x00005cde  x2:0xffffffe0
         683417	     34069	80006094	9a7d	c.andi	x12,-1	 x12:0x00005cde x12=0x00005cde
         683437	     34070	80006096	02675a63	bge	x14,x6,800060ca	 x14:0x00000000  x6:0x00000010
         683457	     34071	8000609a	0ff0000f	fence	iorw,iorw	
         684797	     34138	8000609e	024a7933	remu	x18,x20,x4	 x20:0x00000000  x4:0x00000013 x18=0x00000000
         684817	     34139	800060a2	8c39	c.xor	x8,x14	  x8:0x00000000 x14:0x00000000  x8=0x00000000
         684857	     34141	800060a4	02ec25b3	mulhsu	x11,x24,x14	 x24:0x00330000 x14:0x00000000 x11=0x00000000
         684877	     34142	800060a8	34079873	csrrw	x16,mscratch,x15	 x15:0x00000001 x16=0x00000000
         684897	     34143	800060ac	0ff0000f	fence	iorw,iorw	
         684917	     34144	800060b0	8745	c.srai	x14,0x11	 x14:0x00000000 x14=0x00000000
         684937	     34145	800060b2	8dcd	c.or	x11,x11	 x11:0x00000000 x11:0x00000000 x11=0x00000000
         685157	     34156	800060b4	0001	c.addi	x0,0	  x0:0x00000000  x0=0x00000000
         685577	     34177	800060b6	00b35e63	bge	x6,x11,800060d2	  x6:0x00000010 x11:0x00000000
         686977	     34247	800060d2	3403f873	csrrci	x16,mscratch,7	 x16=0x00000001
         687037	     34250	800060d6	02c6b5b3	mulhu	x11,x13,x12	 x13:0x80021e44 x12:0x00005cde x11=0x00002e6f
         687057	     34251	800060da	8c41	c.or	x8,x8	  x8:0x00000000  x8:0x00000000  x8=0x00000000
         687277	     34262	800060dc	0f10	c.addi4spn	x12,x2,912	 x12=0x00000370
         687697	     34283	800060de	00564133	xor	x2,x12,x5	 x12:0x00000370  x5:0x00005cde  x2=0x00005fae
         688497	     34323	800060e2	02b67833	remu	x16,x12,x11	 x12:0x00000370 x11:0x00002e6f x16=0x00000370
         688517	     34324	800060e6	8775	c.srai	x14,0x1d	 x14:0x00000000 x14=0x00000000
         688537	     34325	800060e8	899eb737	lui	x14,0x899eb	 x14=0x899eb000
         688557	     34326	800060ec	56da3c13	sltiu	x24,x20,1389	 x20:0x00000000 x24=0x00000001
         688577	     34327	800060f0	5ffd	c.li	x31,-1	 x31=0xffffffff
         688597	     34328	800060f2	02678d63	beq	x15,x6,8000612c	 x15:0x00000001  x6:0x00000010
         688617	     34329	800060f6	411f8b33	sub	x22,x31,x17	 x31:0xffffffff x17:0x15b3bf6a x22=0xea4c4095
         688637	     34330	800060fa	340d9173	csrrw	x2,mscratch,x27	 x27:0xa169e172  x2=0x00000000
         688897	     34343	800060fe	02a01033	mulh	x0,x0,x10	  x0:0x00000000 x10:0x00000003  x0=0x00000000
         688917	     34344	80006102	98fd	c.andi	x9,-1	  x9:0x00000001  x9=0x00000001
         689297	     34363	80006104	5cfd	c.li	x25,-1	 x25=0xffffffff
         689317	     34364	80006106	71766b93	ori	x23,x12,1815	 x12:0x00000370 x23=0x00000777
         689337	     34365	8000610a	033c9b63	bne	x25,x19,80006140	 x25:0xffffffff x19:0x80025ce4
         689697	     34383	80006140	0246bfb3	mulhu	x31,x13,x4	 x13:0x80021e44  x4:0x00000013 x31=0x00000009
         689877	     34392	80006144	03702833	mulhsu	x16,x0,x23	  x0:0x00000000 x23:0x00000777 x16=0x00000000
         689997	     34398	80006148	01e77433	and	x8,x14,x30	 x14:0x899eb000 x30:0xff000000  x8=0x89000000
         690017	     34399	8000614c	8fa9	c.xor	x15,x10	 x15:0x00000001 x10:0x00000003 x15=0x00000002
         690037	     34400	8000614e	e3737493	andi	x9,x6,-457	  x6:0x00000010  x9=0x00000010
         690057	     34401	80006152	340522f3	csrrs	x5,mscratch,x10	 x10:0x00000003  x5=0xa169e172
         690077	     34402	80006156	6e75	c.lui	x28,0x1d	 x28=0x0001d000
         690117	     34404	80006158	01f645b3	xor	x11,x12,x31	 x12:0x00000370 x31:0x00000009 x11=0x00000379
         690137	     34405	8000615c	8d15	c.sub	x10,x13	 x10:0x00000003 x13:0x80021e44 x10=0x7ffde1bf
         690897	     34443	8000615e	03dde933	rem	x18,x27,x29	 x27:0xa169e172 x29:0x00000001 x18=0x00000000
         690917	     34444	80006162	01dd1733	sll	x14,x26,x29	 x26:0xa169e5f2 x29:0x00000001 x14=0x42d3cbe4
         690937	     34445	80006166	6ac5	c.lui	x21,0x11	 x21=0x00011000
         690957	     34446	80006168	34007f73	csrrci	x30,mscratch,0	 x30=0xa169e173
         690997	     34448	8000616c	02b71cb3	mulh	x25,x14,x11	 x14:0x42d3cbe4 x11:0x00000379 x25=0x000000e8
         691017	     34449	80006170	00fb4733	xor	x14,x22,x15	 x22:0xea4c4095 x15:0x00000002 x14=0xea4c4097
         691037	     34450	80006174	02a8c163	blt	x17,x10,80006196	 x17:0x15b3bf6a x10:0x7ffde1bf
         691677	     34482	80006196	033db5b3	mulhu	x11,x27,x19	 x27:0xa169e172 x19:0x80025ce4 x11=0x50b66e1e
         691757	     34486	8000619a	3db18497	auipc	x9,0x3db18	  x9=0xbdb1e19a
         691777	     34487	8000619e	0a9e	c.slli	x21,0x7	 x21:0x00011000 x21=0x00880000
         692177	     34507	800061a0	340414f3	csrrw	x9,mscratch,x8	  x8:0x89000000  x9=0xa169e173
         692517	     34524	800061a4	008a9b13	slli	x22,x21,0x8	 x21:0x00880000 x22=0x88000000
         692837	     34540	800061a8	1eed4f93	xori	x31,x26,494	 x26:0xa169e5f2 x31=0xa169e41c
         692857	     34541	800061ac	c97aa437	lui	x8,0xc97aa	  x8=0xc97aa000
         693137	     34555	800061b0	b28f2117	auipc	x2,0xb28f2	  x2=0x328f81b0
         693177	     34557	800061b4	0000100f	fence.i	
         693397	     34568	800061b8	8df1	c.and	x11,x12	 x11:0x50b66e1e x12:0x00000370 x11=0x00000210
         693417	     34569	800061ba	987d	c.andi	x8,-1	  x8:0xc97aa000  x8=0xc97aa000
         693477	     34572	800061bc	92ffec13	ori	x24,x31,-1745	 x31:0xa169e41c x24=0xfffffd3f
         693497	     34573	800061c0	8206	c.mv	x4,x1	  x0:0x00000000  x1:0x00000002  x4=0x00000002
         693817	     34589	800061c2	34081673	csrrw	x12,mscratch,x16	 x16:0x00000000 x12=0x89000000
         693837	     34590	800061c6	8e01	c.sub	x12,x8	 x12:0x89000000  x8:0xc97aa000 x12=0xbf856000
         693857	     34591	800061c8	002fd663	bge	x31,x2,800061d4	 x31:0xa169e41c  x2:0x328f81b0
         693877	     34592	800061cc	41428e33	sub	x28,x5,x20	  x5:0xa169e172 x20:0x00000000 x28=0xa169e172
         694037	     34600	800061d0	00285713	srli	x14,x16,0x2	 x16:0x00000000 x14=0x00000000
         694057	     34601	800061d4	0317e663	bltu	x15,x17,80006200	 x15:0x00000002 x17:0x15b3bf6a
         694737	     34635	80006200	00421833	sll	x16,x4,x4	  x4:0x00000002  x4:0x00000002 x16=0x00000008
         695157	     34656	80006204	1508	c.addi4spn	x10,x2,672	 x10=0x328f8450
         695457	     34671	80006206	340fa4f3	csrrs	x9,mscratch,x31	 x31:0xa169e41c  x9=0x00000000
         695477	     34672	8000620a	34006d73	csrrsi	x26,mscratch,0	 x26=0xa169e41c
         695497	     34673	8000620e	0006c263	blt	x13,x0,80006212	 x13:0x80021e44  x0:0x00000000
         696797	     34738	80006212	25d58437	lui	x8,0x25d58	  x8=0x25d58000
         696817	     34739	80006216	9b7d	c.andi	x14,-1	 x14:0x00000000 x14=0x00000000
         696957	     34746	80006218	340a15f3	csrrw	x11,mscratch,x20	 x20:0x00000000 x11=0xa169e41c
         696977	     34747	8000621c	616d	c.addi16sp	x2,240	  x2:0x328f81b0  x2=0x328f82a0
         696997	     34748	8000621e	8df9	c.and	x11,x14	 x11:0xa169e41c x14:0x00000000 x11=0x00000000
         697017	     34749	80006220	0198e233	or	x4,x17,x25	 x17:0x15b3bf6a x25:0x000000e8  x4=0x15b3bfea
         697417	     34769	80006224	02f6	c.slli	x5,0x1d	  x5:0xa169e172  x5=0x40000000
         697437	     34770	80006226	e31d	c.bnez	x14,8000624c	 x14:0x00000000
         697497	     34773	80006228	93a6	c.add	x7,x9	  x7:0x00000000  x9:0x00000000  x7=0x00000000
         697517	     34774	8000622a	8ce5	c.and	x9,x9	  x9:0x00000000  x9:0x00000000  x9=0x00000000
         697537	     34775	8000622c	2fb87e13	andi	x28,x16,763	 x16:0x00000008 x28=0x00000008
         697697	     34783	80006230	7e21c493	xori	x9,x3,2018	  x3:0x0000001e  x9=0x000007fc
         697817	     34789	80006234	0097eeb3	or	x29,x15,x9	 x15:0x00000002  x9:0x000007fc x29=0x000007fe
         697837	     34790	80006238	9ac6	c.add	x21,x17	 x21:0x00880000 x17:0x15b3bf6a x21=0x163bbf6a
         697857	     34791	8000623a	9f2df793	andi	x15,x27,-1550	 x27:0xa169e172 x15=0xa169e172
         697877	     34792	8000623e	0170d763	bge	x1,x23,8000624c	  x1:0x00000002 x23:0x00000777
         697897	     34793	80006242	987d	c.andi	x8,-1	  x8:0x25d58000  x8=0x25d58000
         698077	     34802	80006244	01b53833	sltu	x16,x10,x27	 x10:0x328f8450 x27:0xa169e172 x16=0x00000001
         698097	     34803	80006248	8dcd	c.or	x11,x11	 x11:0x00000000 x11:0x00000000 x11=0x00000000
         698117	     34804	8000624a	8096	c.mv	x1,x5	  x0:0x00000000  x5:0x40000000  x1=0x40000000
         698197	     34808	8000624c	01146533	or	x10,x8,x17	  x8:0x25d58000 x17:0x15b3bf6a x10=0x35f7bf6a
         698217	     34809	80006250	34029b73	csrrw	x22,mscratch,x5	  x5:0x40000000 x22=0x00000000
         698637	     34830	80006254	015ec533	xor	x10,x29,x21	 x29:0x000007fe x21:0x163bbf6a x10=0x163bb894
         698657	     34831	80006258	0001	c.addi	x0,0	  x0:0x00000000  x0=0x00000000
         698677	     34832	8000625a	810a	c.mv	x2,x2	  x0:0x00000000  x2:0x328f82a0  x2=0x328f82a0
         699077	     34852	8000625c	f9600893	addi	x17,x0,-106	  x0:0x00000000 x17=0xffffff96
         699217	     34859	80006260	80ed	c.srli	x9,0x1b	  x9:0x000007fc  x9=0x00000000
         699237	     34860	80006262	005f8d33	add	x26,x31,x5	 x31:0xa169e41c  x5:0x40000000 x26=0xe169e41c
         699257	     34861	80006266	846d	c.srai	x8,0x1b	  x8:0x25d58000  x8=0x00000004
         700237	     34910	80006268	0397d833	divu	x16,x15,x25	 x15:0xa169e172 x25:0x000000e8 x16=0x00b21c8e
         700257	     34911	8000626c	03970163	beq	x14,x25,8000628e	 x14:0x00000000 x25:0x000000e8
         700297	     34913	80006270	021a2bb3	mulhsu	x23,x20,x1	 x20:0x00000000  x1:0x40000000 x23=0x00000000
         700317	     34914	80006274	01f32033	slt	x0,x6,x31	  x6:0x00000010 x31:0xa169e41c  x0=0x00000000
         700337	     34915	80006278	013ae633	or	x12,x21,x19	 x21:0x163bbf6a x19:0x80025ce4 x12=0x963bffee
         700377	     34917	8000627c	034be1b3	rem	x3,x23,x20	 x23:0x00000000 x20:0x00000000  x3=0x00000000
         700777	     34937	80006280	02151963	bne	x10,x1,800062b2	 x10:0x163bb894  x1:0x40000000
         702297	     35013	800062b2	038164b3	rem	x9,x2,x24	  x2:0x328f82a0 x24:0xfffffd3f  x9=0x00000012
         702317	     35014	800062b6	86de4813	xori	x16,x28,-1939	 x28:0x00000008 x16=0xfffff865
         702337	     35015	800062ba	03ec0663	beq	x24,x30,800062e6	 x24:0xfffffd3f x30:0xa169e173
         713577	     35577	800062be	82a2	c.mv	x5,x8	  x0:0x00000000  x8:0x00000004  x5=0x00000004
         713597	     35578	800062c0	0231	c.addi	x4,12	  x4:0x15b3bfea  x4=0x15b3bff6
         713617	     35579	800062c2	026ad163	bge	x21,x6,800062e4	 x21:0x163bbf6a  x6:0x00000010
         714437	     35620	800062e4	0c04	c.addi4spn	x9,x2,528	  x9=0x328f84b0
         714457	     35621	800062e6	895e	c.mv	x18,x23	  x0:0x00000000 x23:0x00000000 x18=0x00000000
         715117	     35654	800062e8	8779	c.srai	x14,0x1e	 x14:0x00000000 x14=0x00000000
         715137	     35655	800062ea	087a	c.slli	x16,0x1e	 x16:0xfffff865 x16=0x40000000
         715157	     35656	800062ec	81ad	c.srli	x11,0xb	 x11:0x00000000 x11=0x00000000
         715397	     35668	800062ee	34007ef3	csrrci	x29,mscratch,0	 x29=0x40000000
         715417	     35669	800062f2	6f35	c.lui	x30,0xd	 x30=0x0000d000
         715437	     35670	800062f4	011bdd63	bge	x23,x17,8000630e	 x23:0x00000000 x17:0xffffff96
         716397	     35718	8000630e	3407a773	csrrs	x14,mscratch,x15	 x15:0xa169e172 x14=0x40000000
         716437	     35720	80006312	0286ae33	mulhsu	x28,x13,x8	 x13:0x80021e44  x8:0x00000004 x28=0xfffffffe
         716457	     35721	80006316	03a27163	bgeu	x4,x26,80006338	  x4:0x15b3bff6 x26:0xe169e41c
         716857	     35741	8000631a	ba68c313	xori	x6,x17,-1114	 x17:0xffffff96  x6=0x00000430
         716877	     35742	8000631e	0000100f	fence.i	
         717537	     35775	80006322	fd534513	xori	x10,x6,-43	  x6:0x00000430 x10=0xfffffbe5
         717637	     35780	80006326	013c0833	add	x16,x24,x19	 x24:0xfffffd3f x19:0x80025ce4 x16=0x80025a23
         718057	     35801	8000632a	03731763	bne	x6,x23,80006358	  x6:0x00000430 x23:0x00000000
         718837	     35840	80006358	01f97363	bgeu	x18,x31,8000635e	 x18:0x00000000 x31:0xa169e41c
         719037	     35850	8000635c	0880	c.addi4spn	x8,x2,80	  x8=0x328f82f0
         719977	     35897	8000635e	03a944b3	div	x9,x18,x26	 x18:0x00000000 x26:0xe169e41c  x9=0x00000000
         719997	     35898	80006362	01db98b3	sll	x17,x23,x29	 x23:0x00000000 x29:0x40000000 x17=0x00000000
         720017	     35899	80006366	02a21663	bne	x4,x10,80006392	  x4:0x15b3bff6 x10:0xfffffbe5
         720497	     35923	80006392	8c7d	c.and	x8,x15	  x8:0x328f82f0 x15:0xa169e172  x8=0x20098070
         720517	     35924	80006394	00de	c.slli	x1,0x17	  x1:0x40000000  x1=0x00000000
         720537	     35925	80006396	0471	c.addi	x8,28	  x8:0x20098070  x8=0x2009808c
         720557	     35926	80006398	3a1c3513	sltiu	x10,x24,929	 x24:0xfffffd3f x10=0x00000000
         720577	     35927	8000639c	c309	c.beqz	x14,8000639e	 x14:0x40000000
         720717	     35934	8000639e	1eeca493	slti	x9,x25,494	 x25:0x000000e8  x9=0x00000001
         720877	     35942	800063a2	34007173	csrrci	x2,mscratch,0	  x2=0xe169e172
         720897	     35943	800063a6	41a155b3	sra	x11,x2,x26	  x2:0xe169e172 x26:0xe169e41c x11=0xfffffffe
         720917	     35944	800063aa	34007673	csrrci	x12,mscratch,0	 x12=0xe169e172
         720937	     35945	800063ae	c515	c.beqz	x10,800063da	 x10:0x00000000
         721797	     35988	800063da	00f12733	slt	x14,x2,x15	  x2:0xe169e172 x15:0xa169e172 x14=0x00000000
         721877	     35992	800063de	0ff0000f	fence	iorw,iorw	
         722057	     36001	800063e2	012ed533	srl	x10,x29,x18	 x29:0x40000000 x18:0x00000000 x10=0x40000000
         722337	     36015	800063e6	e1ebe193	ori	x3,x23,-482	 x23:0x00000000  x3=0xfffffe1e
         722757	     36036	800063ea	03a96663	bltu	x18,x26,80006416	 x18:0x00000000 x26:0xe169e41c
         724217	     36109	80006416	001167b3	or	x15,x2,x1	  x2:0xe169e172  x1:0x00000000 x15=0xe169e172
         724237	     36110	8000641a	0001	c.addi	x0,0	  x0:0x00000000  x0=0x00000000
         724637	     36130	8000641c	04ec0817	auipc	x16,0x4ec0	 x16=0x84ec641c
         724837	     36140	80006420	34027b73	csrrci	x22,mscratch,4	 x22=0xe169e172
         725057	     36151	80006424	023d9e33	mulh	x28,x27,x3	 x27:0xa169e172  x3:0xfffffe1e x28=0x000000b2
         725477	     36172	80006428	03633a33	mulhu	x20,x6,x22	  x6:0x00000430 x22:0xe169e172 x20=0x000003af
         725697	     36183	8000642c	0135db33	srl	x22,x11,x19	 x11:0xfffffffe x19:0x80025ce4 x22=0x0fffffff
         726117	     36204	80006430	0001	c.addi	x0,0	  x0:0x00000000  x0=0x00000000
         726137	     36205	80006432	1a1ad7b7	lui	x15,0x1a1ad	 x15=0x1a1ad000
         726157	     36206	80006436	0ff0000f	fence	iorw,iorw	
         726197	     36208	8000643a	028cba33	mulhu	x20,x25,x8	 x25:0x000000e8  x8:0x2009808c x20=0x0000001d
         726937	     36245	8000643e	029e4933	div	x18,x28,x9	 x28:0x000000b2  x9:0x00000001 x18=0x000000b2
         726957	     36246	80006442	340fb373	csrrc	x6,mscratch,x31	 x31:0xa169e41c  x6=0xe169e172
         726977	     36247	80006446	2ff18413	addi	x8,x3,767	  x3:0xfffffe1e  x8=0x0000011d
         726997	     36248	8000644a	34055cf3	csrrwi	x25,mscratch,10	 x25=0x40000162
         727017	     36249	8000644e	0000100f	fence.i	
         727137	     36255	80006452	023090b3	mulh	x1,x1,x3	  x1:0x00000000  x3:0xfffffe1e  x1=0x00000000
         727877	     36292	80006456	023f7cb3	remu	x25,x30,x3	 x30:0x0000d000  x3:0xfffffe1e x25=0x0000d000
         727897	     36293	8000645a	1049ef93	ori	x31,x19,260	 x19:0x80025ce4 x31=0x80025de4
         727917	     36294	8000645e	34007af3	csrrci	x21,mscratch,0	 x21=0x0000000a
         727937	     36295	80006462	16152c93	slti	x25,x10,353	 x10:0x40000000 x25=0x00000000
         727957	     36296	80006466	41405113	srai	x2,x0,0x14	  x0:0x00000000  x2=0x00000000
         727977	     36297	8000646a	01ff8d33	add	x26,x31,x31	 x31:0x80025de4 x31:0x80025de4 x26=0x0004bbc8
         727997	     36298	8000646e	8379	c.srli	x14,0x1e	 x14:0x00000000 x14=0x00000000
         728017	     36299	80006470	34006a73	csrrsi	x20,mscratch,0	 x20=0x0000000a
         728037	     36300	80006474	008b41b3	xor	x3,x22,x8	 x22:0x0fffffff  x8:0x0000011d  x3=0x0ffffee2
         728057	     36301	80006478	414cd933	sra	x18,x25,x20	 x25:0x00000000 x20:0x0000000a x18=0x00000000
         728897	     36343	8000647c	02b8d1b3	divu	x3,x17,x11	 x17:0x00000000 x11:0xfffffffe  x3=0x00000000
         728917	     36344	80006480	1384	c.addi4spn	x9,x2,480	  x9=0x000001e0
         728937	     36345	80006482	8f05	c.sub	x14,x9	 x14:0x00000000  x9:0x000001e0 x14=0xfffffe20
         728957	     36346	80006484	941a	c.add	x8,x6	  x8:0x0000011d  x6:0xe169e172  x8=0xe169e28f
         728977	     36347	80006486	84e9	c.srai	x9,0x1a	  x9:0x000001e0  x9=0x00000000
         728997	     36348	80006488	00a7ef63	bltu	x15,x10,800064a6	 x15:0x1a1ad000 x10:0x40000000
         729077	     36352	800064a6	8279	c.srli	x12,0x1e	 x12:0xe169e172 x12=0x00000003
         729357	     36366	800064a8	00c11c63	bne	x2,x12,800064c0	  x2:0x00000000 x12:0x00000003
         730377	     36417	800064c0	4055df33	sra	x30,x11,x5	 x11:0xfffffffe  x5:0x00000004 x30=0xffffffff
         730617	     36429	800064c4	8e11	c.sub	x12,x12	 x12:0x00000003 x12:0x00000003 x12=0x00000000
         730877	     36442	800064c6	026ec663	blt	x29,x6,800064f2	 x29:0x40000000  x6:0xe169e172
         730897	     36443	800064ca	19f29eb7	lui	x29,0x19f29	 x29=0x19f29000
         730917	     36444	800064ce	8729	c.srai	x14,0xa	 x14:0xfffffe20 x14=0xffffffff
         730937	     36445	800064d0	013b70b3	and	x1,x22,x19	 x22:0x0fffffff x19:0x80025ce4  x1=0x00025ce4
         730957	     36446	800064d4	886d	c.andi	x8,27	  x8:0xe169e28f  x8=0x0000000b
         730977	     36447	800064d6	68cd	c.lui	x17,0x13	 x17=0x00013000
         730997	     36448	800064d8	677b2b13	slti	x22,x22,1655	 x22:0x0fffffff x22=0x00000000
         731057	     36451	800064dc	83b2	c.mv	x7,x12	  x0:0x00000000 x12:0x00000000  x7=0x00000000
         731197	     36458	800064de	8cb9c213	xori	x4,x19,-1845	 x19:0x80025ce4  x4=0x7ffda42f
         731437	     36470	800064e2	89cc0f13	addi	x30,x24,-1892	 x24:0xfffffd3f x30=0xfffff5db
         731457	     36471	800064e6	8c21	c.xor	x8,x8	  x8:0x0000000b  x8:0x0000000b  x8=0x00000000
         731477	     36472	800064e8	8ddd	c.or	x11,x15	 x11:0xfffffffe x15:0x1a1ad000 x11=0xfffffffe
         731497	     36473	800064ea	70c26d13	ori	x26,x4,1804	  x4:0x7ffda42f x26=0x7ffda72f
         731517	     36474	800064ee	e099	c.bnez	x9,800064f4	  x9:0x00000000
         731537	     36475	800064f0	5bfd	c.li	x23,-1	 x23=0xffffffff
         731557	     36476	800064f2	8672	c.mv	x12,x28	  x0:0x00000000 x28:0x000000b2 x12=0x000000b2
         731597	     36478	800064f4	062e	c.slli	x12,0xb	 x12:0x000000b2 x12=0x00059000
         731617	     36479	800064f6	03f30633	mul	x12,x6,x31	  x6:0xe169e172 x31:0x80025de4 x12=0xfc173388
         731657	     36481	800064fa	020a1bb3	mulh	x23,x20,x0	 x20:0x0000000a  x0:0x00000000 x23=0x00000000
         731777	     36487	800064fe	01bc28b3	slt	x17,x24,x27	 x24:0xfffffd3f x27:0xa169e172 x17=0x00000000
         731797	     36488	80006502	340fd8f3	csrrwi	x17,mscratch,31	 x17=0x0000000a
         731817	     36489	80006506	6b7d	c.lui	x22,0x1f	 x22=0x0001f000
         732217	     36509	80006508	a9e78393	addi	x7,x15,-1378	 x15:0x1a1ad000  x7=0x1a1aca9e
         732257	     36511	8000650c	02b9a1b3	mulhsu	x3,x19,x11	 x19:0x80025ce4 x11:0xfffffffe  x3=0x80025ce4
         732417	     36519	80006510	1d10	c.addi4spn	x12,x2,688	 x12=0x000002b0
         732437	     36520	80006512	717d	c.addi16sp	x2,-16	  x2:0x00000000  x2=0xfffffff0
         732457	     36521	80006514	012a2233	slt	x4,x20,x18	 x20:0x0000000a x18:0x00000000  x4=0x00000000
         732477	     36522	80006518	1888	c.addi4spn	x10,x2,112	 x10=0x00000060
         732497	     36523	8000651a	01529f13	slli	x30,x5,0x15	  x5:0x00000004 x30=0x00800000
         732757	     36536	8000651e	00f16963	bltu	x2,x15,80006530	  x2:0xfffffff0 x15:0x1a1ad000
         732777	     36537	80006522	8cad	c.xor	x9,x11	  x9:0x00000000 x11:0xfffffffe  x9=0xfffffffe
         732797	     36538	80006524	0001	c.addi	x0,0	  x0:0x00000000  x0=0x00000000
         732817	     36539	80006526	cb0d	c.beqz	x14,80006558	 x14:0xffffffff
         732837	     36540	80006528	41dcdd33	sra	x26,x25,x29	 x25:0x00000000 x29:0x19f29000 x26=0x00000000
         733197	     36558	8000652c	019e5193	srli	x3,x28,0x19	 x28:0x000000b2  x3=0x00000000
         733937	     36595	80006530	02937833	remu	x16,x6,x9	  x6:0xe169e172  x9:0xfffffffe x16=0xe169e172
         733957	     36596	80006534	0001	c.addi	x0,0	  x0:0x00000000  x0=0x00000000
         733977	     36597	80006536	8c1e	c.mv	x24,x7	  x0:0x00000000  x7:0x1a1aca9e x24=0x1a1aca9e
         733997	     36598	80006538	d2922a93	slti	x21,x4,-727	  x4:0x00000000 x21=0x00000000
         734017	     36599	8000653c	01615733	srl	x14,x2,x22	  x2:0xfffffff0 x22:0x0001f000 x14=0xfffffff0
         734037	     36600	80006540	c319	c.beqz	x14,80006546	 x14:0xfffffff0
         734057	     36601	80006542	02717a63	bgeu	x2,x7,80006576	  x2:0xfffffff0  x7:0x1a1aca9e
         735017	     36649	80006576	02296b33	rem	x22,x18,x2	 x18:0x00000000  x2:0xfffffff0 x22=0x00000000
         735037	     36650	8000657a	6129	c.addi16sp	x2,192	  x2:0xfffffff0  x2=0x000000b0
         735057	     36651	8000657c	407105b3	sub	x11,x2,x7	  x2:0x000000b0  x7:0x1a1aca9e x11=0xe5e53612
         735077	     36652	80006580	93dbcf93	xori	x31,x23,-1731	 x23:0x00000000 x31=0xfffff93d
         735097	     36653	80006584	02e11a63	bne	x2,x14,800065b8	  x2:0x000000b0 x14:0xfffffff0
         736457	     36721	800065b8	ecfdf493	andi	x9,x27,-305	 x27:0xa169e172  x9=0xa169e042
         736877	     36742	800065bc	3402a2f3	csrrs	x5,mscratch,x5	  x5:0x00000004  x5=0x0000001f
         736897	     36743	800065c0	009275b3	and	x11,x4,x9	  x4:0x00000000  x9:0xa169e042 x11=0x00000000
         737037	     36750	800065c4	0001	c.addi	x0,0	  x0:0x00000000  x0=0x00000000
         737237	     36760	800065c6	34049273	csrrw	x4,mscratch,x9	  x9:0xa169e042  x4=0x0000001f
         737257	     36761	800065ca	8f91	c.sub	x15,x12	 x15:0x1a1ad000 x12:0x000002b0 x15=0x1a1acd50
         737277	     36762	800065cc	c313e237	lui	x4,0xc313e	  x4=0xc313e000
         737377	     36767	800065d0	8f0d	c.sub	x14,x11	 x14:0xfffffff0 x11:0x00000000 x14=0xfffffff0
         737397	     36768	800065d2	024d0863	beq	x26,x4,80006602	 x26:0x00000000  x4:0xc313e000
         737437	     36770	800065d6	34006bf3	csrrsi	x23,mscratch,0	 x23=0xa169e042
         737457	     36771	800065da	8d3d	c.xor	x10,x15	 x10:0x00000060 x15:0x1a1acd50 x10=0x1a1acd30
         737857	     36791	800065dc	01360933	add	x18,x12,x19	 x12:0x000002b0 x19:0x80025ce4 x18=0x80025f94
         738077	     36802	800065e0	30ec7293	andi	x5,x24,782	 x24:0x1a1aca9e  x5=0x0000020e
         738097	     36803	800065e4	00776eb3	or	x29,x14,x7	 x14:0xfffffff0  x7:0x1a1aca9e x29=0xfffffffe
         738157	     36806	800065e8	0ff0000f	fence	iorw,iorw	
         738237	     36810	800065ec	467ecc13	xori	x24,x29,1127	 x29:0xfffffffe x24=0xfffffb99
         738657	     36831	800065f0	8f51	c.or	x14,x12	 x14:0xfffffff0 x12:0x000002b0 x14=0xfffffff0
         738737	     36835	800065f2	0055deb3	srl	x29,x11,x5	 x11:0x00000000  x5:0x0000020e x29=0x00000000
         739157	     36856	800065f6	40c28533	sub	x10,x5,x12	  x5:0x0000020e x12:0x000002b0 x10=0xffffff5e
         739197	     36858	800065fa	0201f233	remu	x4,x3,x0	  x3:0x00000000  x0:0x00000000  x4=0x00000000
         739217	     36859	800065fe	03e801b3	mul	x3,x16,x30	 x16:0xe169e172 x30:0x00800000  x3=0xb9000000
         739637	     36880	80006602	03022233	mulhsu	x4,x4,x16	  x4:0x00000000 x16:0xe169e172  x4=0x00000000
         739737	     36885	80006606	5ec5e813	ori	x16,x11,1516	 x11:0x00000000 x16=0x000005ec
         739757	     36886	8000660a	01ba5293	srli	x5,x20,0x1b	 x20:0x0000000a  x5=0x00000000
         739777	     36887	8000660e	00945d63	bge	x8,x9,80006628	  x8:0x00000000  x9:0xa169e042
         740817	     36939	80006628	d7504e13	xori	x28,x0,-651	  x0:0x00000000 x28=0xfffffd75
         740917	     36944	8000662c	03968833	mul	x16,x13,x25	 x13:0x80021e44 x25:0x00000000 x16=0x00000000
         740957	     36946	80006630	340b2173	csrrs	x2,mscratch,x22	 x22:0x00000000  x2=0xa169e042
         741277	     36962	80006634	02bb43b3	div	x7,x22,x11	 x22:0x00000000 x11:0x00000000  x7=0xffffffff
         741297	     36963	80006638	013341b3	xor	x3,x6,x19	  x6:0xe169e172 x19:0x80025ce4  x3=0x616bbd96
         741337	     36965	8000663c	0c98	c.addi4spn	x14,x2,592	 x14=0xa169e292
         741357	     36966	8000663e	01ccd633	srl	x12,x25,x28	 x25:0x00000000 x28:0xfffffd75 x12=0x00000000
         741377	     36967	80006642	008e5a93	srli	x21,x28,0x8	 x28:0xfffffd75 x21=0x00fffffd
         741397	     36968	80006646	00219933	sll	x18,x3,x2	  x3:0x616bbd96  x2:0xa169e042 x18=0x85aef658
         741557	     36976	8000664a	340a92f3	csrrw	x5,mscratch,x21	 x21:0x00fffffd  x5=0xa169e042
         741577	     36977	8000664e	4013d013	srai	x0,x7,0x1	  x7:0xffffffff  x0=0x00000000
         741597	     36978	80006652	c385	c.beqz	x15,80006672	 x15:0x1a1acd50
         741777	     36987	80006654	039e03b3	mul	x7,x28,x25	 x28:0xfffffd75 x25:0x00000000  x7=0x00000000
         742137	     37005	80006658	150c	c.addi4spn	x11,x2,672	 x11=0xa169e2e2
         742337	     37015	8000665a	38ef3293	sltiu	x5,x30,910	 x30:0x00800000  x5=0x00000000
         742357	     37016	8000665e	63c1	c.lui	x7,0x10	  x7=0x00010000
         743177	     37057	80006660	03495633	divu	x12,x18,x20	 x18:0x85aef658 x20:0x0000000a x12=0x0d5e4bd5
         743197	     37058	80006664	340b6a73	csrrsi	x20,mscratch,22	 x20=0x00fffffd
         743217	     37059	80006668	84f1	c.srai	x9,0x1c	  x9:0xa169e042  x9=0xfffffffa
         743237	     37060	8000666a	0103aab3	slt	x21,x7,x16	  x7:0x00010000 x16:0x00000000 x21=0x00000000
         743257	     37061	8000666e	74cb3313	sltiu	x6,x22,1868	 x22:0x00000000  x6=0x00000001
         743277	     37062	80006672	34086d73	csrrsi	x26,mscratch,16	 x26=0x00ffffff
         743297	     37063	80006676	8de1	c.and	x11,x8	 x11:0xa169e2e2  x8:0x00000000 x11=0x00000000
         743517	     37074	80006678	0001	c.addi	x0,0	  x0:0x00000000  x0=0x00000000
         743537	     37075	8000667a	1264c313	xori	x6,x9,294	  x9:0xfffffffa  x6=0xfffffedc
         743557	     37076	8000667e	0001	c.addi	x0,0	  x0:0x00000000  x0=0x00000000
         743597	     37078	80006680	023ba333	mulhsu	x6,x23,x3	 x23:0xa169e042  x3:0x616bbd96  x6=0xdc014f2d
         743617	     37079	80006684	34087e73	csrrci	x28,mscratch,16	 x28=0x00ffffff
         743637	     37080	80006688	34063673	csrrc	x12,mscratch,x12	 x12:0x0d5e4bd5 x12=0x00ffffef
         743657	     37081	8000668c	00ddfbb3	and	x23,x27,x13	 x27:0xa169e172 x13:0x80021e44 x23=0x80000040
         743677	     37082	80006690	0137db93	srli	x23,x15,0x13	 x15:0x1a1acd50 x23=0x00000343
         743697	     37083	80006694	34003173	csrrc	x2,mscratch,x0	  x0:0x00000000  x2=0x00a1b42a
         744017	     37099	80006698	64d90793	addi	x15,x18,1613	 x18:0x85aef658 x15=0x85aefca5
         744137	     37105	8000669c	8ffd	c.and	x15,x15	 x15:0x85aefca5 x15:0x85aefca5 x15=0x85aefca5
         744477	     37122	8000669e	01031733	sll	x14,x6,x16	  x6:0xdc014f2d x16:0x00000000 x14=0xdc014f2d
         744657	     37131	800066a2	38a100b7	lui	x1,0x38a10	  x1=0x38a10000
         744677	     37132	800066a6	6165	c.addi16sp	x2,112	  x2:0x00a1b42a  x2=0x00a1b49a
         744757	     37136	800066a8	127d	c.addi	x4,-1	  x4:0x00000000  x4=0xffffffff
         744797	     37138	800066aa	03101133	mulh	x2,x0,x17	  x0:0x00000000 x17:0x0000000a  x2=0x00000000
         744817	     37139	800066ae	030e0563	beq	x28,x16,800066d8	 x28:0x00ffffff x16:0x00000000
         744837	     37140	800066b2	03aa	c.slli	x7,0xa	  x7:0x00010000  x7=0x04000000
         744857	     37141	800066b4	c48d	c.beqz	x9,800066de	  x9:0xfffffffa
         744877	     37142	800066b6	12fd	c.addi	x5,-1	  x5:0x00000000  x5=0xffffffff
         744897	     37143	800066b8	02068fb3	mul	x31,x13,x0	 x13:0x80021e44  x0:0x00000000 x31=0x00000000
         744917	     37144	800066bc	340fa0f3	csrrs	x1,mscratch,x31	 x31:0x00000000  x1=0x00a1b42a
         744997	     37148	800066c0	00f31a33	sll	x20,x6,x15	  x6:0xdc014f2d x15:0x85aefca5 x20=0x8029e5a0
         745417	     37169	800066c4	2f6cc493	xori	x9,x25,758	 x25:0x00000000  x9=0x000002f6
         745437	     37170	800066c8	0001	c.addi	x0,0	  x0:0x00000000  x0=0x00000000
         759457	     37871	800066ca	033bceb3	div	x29,x23,x19	 x23:0x00000343 x19:0x80025ce4 x29=0x00000000
         759477	     37872	800066ce	41d25f13	srai	x30,x4,0x1d	  x4:0xffffffff x30=0xffffffff
         759497	     37873	800066d2	34007af3	csrrci	x21,mscratch,0	 x21=0x00a1b42a
         759517	     37874	800066d6	6d3d	c.lui	x26,0xf	 x26=0x0000f000
         759537	     37875	800066d8	00e75a33	srl	x20,x14,x14	 x14:0xdc014f2d x14:0xdc014f2d x20=0x0006e00a
         759557	     37876	800066dc	0001	c.addi	x0,0	  x0:0x00000000  x0=0x00000000
         759597	     37878	800066de	035d3e33	mulhu	x28,x26,x21	 x26:0x0000f000 x21:0x00a1b42a x28=0x00000097
         759637	     37880	800066e2	02f39133	mulh	x2,x7,x15	  x7:0x04000000 x15:0x85aefca5  x2=0xfe16bbf2
         759817	     37889	800066e6	34002073	csrrs	x0,mscratch,x0	  x0:0x00000000  x0=0x00000000
         760237	     37910	800066ea	006bd263	bge	x23,x6,800066ee	 x23:0x00000343  x6:0xdc014f2d
         761837	     37990	800066ee	0269d8b3	divu	x17,x19,x6	 x19:0x80025ce4  x6:0xdc014f2d x17=0x00000000
         761857	     37991	800066f2	34045b73	csrrwi	x22,mscratch,8	 x22=0x00a1b42a
         761877	     37992	800066f6	340e9773	csrrw	x14,mscratch,x29	 x29:0x00000000 x14=0x00000008
         761897	     37993	800066fa	6859	c.lui	x16,0x16	 x16=0x00016000
         761917	     37994	800066fc	00896263	bltu	x18,x8,80006700	 x18:0x85aef658  x8:0x00000000
         761937	     37995	80006700	00f59213	slli	x4,x11,0xf	 x11:0x00000000  x4=0x00000000
         762157	     38006	80006704	c31b7393	andi	x7,x22,-975	 x22:0x00a1b42a  x7=0x00a1b420
         762297	     38013	80006708	0116a133	slt	x2,x13,x17	 x13:0x80021e44 x17:0x00000000  x2=0x00000001
         762437	     38020	8000670c	8355	c.srli	x14,0x15	 x14:0x00000008 x14=0x00000000
         762457	     38021	8000670e	88c1	c.andi	x9,16	  x9:0x000002f6  x9=0x00000010
         762477	     38022	80006710	0001	c.addi	x0,0	  x0:0x00000000  x0=0x00000000
         762497	     38023	80006712	9616	c.add	x12,x5	 x12:0x00ffffef  x5:0xffffffff x12=0x00ffffee
         762517	     38024	80006714	0197ec33	or	x24,x15,x25	 x15:0x85aefca5 x25:0x00000000 x24=0x85aefca5
         762537	     38025	80006718	01e094b3	sll	x9,x1,x30	  x1:0x00a1b42a x30:0xffffffff  x9=0x00000000
         762557	     38026	8000671c	1546f213	andi	x4,x13,340	 x13:0x80021e44  x4=0x00000044
         762577	     38027	80006720	99fd	c.andi	x11,-1	 x11:0x00000000 x11=0x00000000
         763317	     38064	80006722	0269ca33	div	x20,x19,x6	 x19:0x80025ce4  x6:0xdc014f2d x20=0x00000003
         763337	     38065	80006726	0000100f	fence.i	
         763597	     38078	8000672a	41c45633	sra	x12,x8,x28	  x8:0x00000000 x28:0x00000097 x12=0x00000000
         763617	     38079	8000672e	007f1433	sll	x8,x30,x7	 x30:0xffffffff  x7:0x00a1b420  x8=0xffffffff
         763657	     38081	80006732	0295b4b3	mulhu	x9,x11,x9	 x11:0x00000000  x9:0x00000000  x9=0x00000000
         763677	     38082	80006736	0105d113	srli	x2,x11,0x10	 x11:0x00000000  x2=0x00000000
         764077	     38102	8000673a	ab94bf13	sltiu	x30,x9,-1351	  x9:0x00000000 x30=0x00000001
         764097	     38103	8000673e	e40d	c.bnez	x8,80006768	  x8:0xffffffff
         765517	     38174	80006768	02a87633	remu	x12,x16,x10	 x16:0x00016000 x10:0xffffff5e x12=0x00016000
         765537	     38175	8000676c	17fd	c.addi	x15,-1	 x15:0x85aefca5 x15=0x85aefca4
         765557	     38176	8000676e	02db0233	mul	x4,x22,x13	 x22:0x00a1b42a x13:0x80021e44  x4=0x8664c728
         765577	     38177	80006772	0ff0000f	fence	iorw,iorw	
         765597	     38178	80006776	94dd3217	auipc	x4,0x94dd3	  x4=0x14dd9776
         765617	     38179	8000677a	01a4a733	slt	x14,x9,x26	  x9:0x00000000 x26:0x0000f000 x14=0x00000001
         765837	     38190	8000677e	3406d5f3	csrrwi	x11,mscratch,13	 x11=0x00000000
         765857	     38191	80006782	0391c863	blt	x3,x25,800067b2	  x3:0x616bbd96 x25:0x00000000
         766077	     38202	80006786	34003cf3	csrrc	x25,mscratch,x0	  x0:0x00000000 x25=0x0000000d
         766097	     38203	8000678a	177d	c.addi	x14,-1	 x14:0x00000001 x14=0x00000000
         766117	     38204	8000678c	01811e93	slli	x29,x2,0x18	  x2:0x00000000 x29=0x00000000
         766397	     38218	80006790	032184b3	mul	x9,x3,x18	  x3:0x616bbd96 x18:0x85aef658  x9=0xcf2b4f90
         766657	     38231	80006794	020d97b3	mulh	x15,x27,x0	 x27:0xa169e172  x0:0x00000000 x15=0x00000000
         766697	     38233	80006798	717d	c.addi16sp	x2,-16	  x2:0x00000000  x2=0xfffffff0
         766737	     38235	8000679a	02b54333	div	x6,x10,x11	 x10:0xffffff5e x11:0x00000000  x6=0xffffffff
         766817	     38239	8000679e	0080d193	srli	x3,x1,0x8	  x1:0x00a1b42a  x3=0x0000a1b4
         766837	     38240	800067a2	ec0d	c.bnez	x8,800067dc	  x8:0xffffffff
         767317	     38264	800067dc	95fe	c.add	x11,x31	 x11:0x00000000 x31:0x00000000 x11=0x00000000
         767737	     38285	800067de	020b1063	bne	x22,x0,800067fe	 x22:0x00a1b42a  x0:0x00000000
         768137	     38305	800067fe	f9a7b493	sltiu	x9,x15,-102	 x15:0x00000000  x9=0x00000001
         768497	     38323	80006802	34006873	csrrsi	x16,mscratch,0	 x16=0x0000000d
         769237	     38360	80006806	025ddab3	divu	x21,x27,x5	 x27:0xa169e172  x5:0xffffffff x21=0x00000000
         769257	     38361	8000680a	717d	c.addi16sp	x2,-16	  x2:0xfffffff0  x2=0xffffffe0
         769997	     38398	8000680c	037cd0b3	divu	x1,x25,x23	 x25:0x0000000d x23:0x00000343  x1=0x00000000
         770017	     38399	80006810	8f29	c.xor	x14,x10	 x14:0x00000000 x10:0xffffff5e x14=0xffffff5e
         770037	     38400	80006812	80e1	c.srli	x9,0x18	  x9:0x00000001  x9=0x00000000
         770057	     38401	80006814	4ffb0137	lui	x2,0x4ffb0	  x2=0x4ffb0000
         770077	     38402	80006818	404c85b3	sub	x11,x25,x4	 x25:0x0000000d  x4:0x14dd9776 x11=0xeb226897
         770097	     38403	8000681c	3d0c8893	addi	x17,x25,976	 x25:0x0000000d x17=0x000003dd
         770117	     38404	80006820	9a423913	sltiu	x18,x4,-1628	  x4:0x14dd9776 x18=0x00000001
         770137	     38405	80006824	8455	c.srai	x8,0x15	  x8:0xffffffff  x8=0xffffffff
         770157	     38406	80006826	81a9	c.srli	x11,0xa	 x11:0xeb226897 x11=0x003ac89a
         770177	     38407	80006828	002f5413	srli	x8,x30,0x2	 x30:0x00000001  x8=0x00000000
         770197	     38408	8000682c	01d33433	sltu	x8,x6,x29	  x6:0xffffffff x29:0x00000000  x8=0x00000000
         770257	     38411	80006830	028314b3	mulh	x9,x6,x8	  x6:0xffffffff  x8:0x00000000  x9=0x00000000
         770657	     38431	80006834	63bd	c.lui	x7,0xf	  x7=0x0000f000
         771517	     38474	80006836	0227fd33	remu	x26,x15,x2	 x15:0x00000000  x2:0x4ffb0000 x26=0x00000000
         771557	     38476	8000683a	03dec333	div	x6,x29,x29	 x29:0x00000000 x29:0x00000000  x6=0xffffffff
         771577	     38477	8000683e	87f1	c.srai	x15,0x1c	 x15:0x00000000 x15=0x00000000
         771597	     38478	80006840	ad828897	auipc	x17,0xad828	 x17=0x2d82e840
         771617	     38479	80006844	02b34263	blt	x6,x11,80006868	  x6:0xffffffff x11:0x003ac89a
         771997	     38498	80006868	c391cf93	xori	x31,x3,-967	  x3:0x0000a1b4 x31=0xffff5d8d
         772277	     38512	8000686c	8c5d	c.or	x8,x15	  x8:0x00000000 x15:0x00000000  x8=0x00000000
         772297	     38513	8000686e	01c07d63	bgeu	x0,x28,80006888	  x0:0x00000000 x28:0x00000097
         772317	     38514	80006872	0ff0000f	fence	iorw,iorw	
         772357	     38516	80006876	02ff9c63	bne	x31,x15,800068ae	 x31:0xffff5d8d x15:0x00000000
         773717	     38584	800068ae	008171b3	and	x3,x2,x8	  x2:0x4ffb0000  x8:0x00000000  x3=0x00000000
         773837	     38590	800068b2	035e6963	bltu	x28,x21,800068e4	 x28:0x00000097 x21:0x00000000
         773997	     38598	800068b6	5eb40397	auipc	x7,0x5eb40	  x7=0xdeb468b6
         774417	     38619	800068ba	50bd0493	addi	x9,x26,1291	 x26:0x00000000  x9=0x0000050b
         774437	     38620	800068be	004f33b3	sltu	x7,x30,x4	 x30:0x00000001  x4:0x14dd9776  x7=0x00000001
         774457	     38621	800068c2	887a	c.mv	x16,x30	  x0:0x00000000 x30:0x00000001 x16=0x00000001
         774857	     38641	800068c4	34005773	csrrwi	x14,mscratch,0	 x14=0x0000000d
         775117	     38654	800068c8	01bf5563	bge	x30,x27,800068d2	 x30:0x00000001 x27:0xa169e172
         775877	     38692	800068d2	032593b3	mulh	x7,x11,x18	 x11:0x003ac89a x18:0x00000001  x7=0x00000000
         775897	     38693	800068d6	95de	c.add	x11,x23	 x11:0x003ac89a x23:0x00000343 x11=0x003acbdd
         776017	     38699	800068d8	0041b4b3	sltu	x9,x3,x4	  x3:0x00000000  x4:0x14dd9776  x9=0x00000001
         776037	     38700	800068dc	0001	c.addi	x0,0	  x0:0x00000000  x0=0x00000000
         776457	     38721	800068de	0000100f	fence.i	
         777757	     38786	800068e2	0001	c.addi	x0,0	  x0:0x00000000  x0=0x00000000
         777777	     38787	800068e4	179c	c.addi4spn	x15,x2,992	 x15=0x4ffb03e0
         777837	     38790	800068e6	02767633	remu	x12,x12,x7	 x12:0x00016000  x7:0x00000000 x12=0x00016000
         777857	     38791	800068ea	404fde93	srai	x29,x31,0x4	 x31:0xffff5d8d x29=0xfffff5d8
         777877	     38792	800068ee	02244a63	blt	x8,x2,80006922	  x8:0x00000000  x2:0x4ffb0000
         778497	     38823	80006922	9cce	c.add	x25,x19	 x25:0x0000000d x19:0x80025ce4 x25=0x80025cf1
         778617	     38829	80006924	023f41b3	div	x3,x30,x3	 x30:0x00000001  x3:0x00000000  x3=0xffffffff
         778637	     38830	80006928	cb05	c.beqz	x14,80006958	 x14:0x0000000d
         779037	     38850	8000692a	01289a33	sll	x20,x17,x18	 x17:0x2d82e840 x18:0x00000001 x20=0x5b05d080
         779057	     38851	8000692e	00b99e33	sll	x28,x19,x11	 x19:0x80025ce4 x11:0x003acbdd x28=0x80000000
         779077	     38852	80006932	7d23f393	andi	x7,x7,2002	  x7:0x00000000  x7=0x00000000
         779497	     38873	80006936	34007ff3	csrrci	x31,mscratch,0	 x31=0x00000000
         779517	     38874	8000693a	717d	c.addi16sp	x2,-16	  x2:0x4ffb0000  x2=0x4ffafff0
         779637	     38880	8000693c	ea02a013	slti	x0,x5,-352	  x5:0xffffffff  x0=0x00000000
         779657	     38881	80006940	34059d73	csrrw	x26,mscratch,x11	 x11:0x003acbdd x26=0x00000000
         779697	     38883	80006944	000de8b3	or	x17,x27,x0	 x27:0xa169e172  x0:0x00000000 x17=0xa169e172
         779877	     38892	80006948	34002073	csrrs	x0,mscratch,x0	  x0:0x00000000  x0=0x00000000
         780077	     38902	8000694c	01051493	slli	x9,x10,0x10	 x10:0xffffff5e  x9=0xff5e0000
         780357	     38916	80006950	f95b8393	addi	x7,x23,-107	 x23:0x00000343  x7=0x000002d8
         780377	     38917	80006954	41c4d613	srai	x12,x9,0x1c	  x9:0xff5e0000 x12=0xffffffff
         780397	     38918	80006958	0169a433	slt	x8,x19,x22	 x19:0x80025ce4 x22:0x00a1b42a  x8=0x00000001
         780417	     38919	8000695c	0001	c.addi	x0,0	  x0:0x00000000  x0=0x00000000
         780437	     38920	8000695e	c399	c.beqz	x15,80006964	 x15:0x4ffb03e0
         780457	     38921	80006960	340c53f3	csrrwi	x7,mscratch,24	  x7=0x003acbdd
         780477	     38922	80006964	8f31	c.xor	x14,x12	 x14:0x0000000d x12:0xffffffff x14=0xfffffff2
         780717	     38934	80006966	03ee31b3	mulhu	x3,x28,x30	 x28:0x80000000 x30:0x00000001  x3=0x00000000
         780737	     38935	8000696a	96394813	xori	x16,x18,-1693	 x18:0x00000001 x16=0xfffff962
         780757	     38936	8000696e	0a26	c.slli	x20,0x9	 x20:0x5b05d080 x20=0x0ba10000
         780777	     38937	80006970	8f1a	c.mv	x30,x6	  x0:0x00000000  x6:0xffffffff x30=0xffffffff
         780797	     38938	80006972	02f35b63	bge	x6,x15,800069a8	  x6:0xffffffff x15:0x4ffb03e0
         781537	     38975	80006976	02fff0b3	remu	x1,x31,x15	 x31:0x00000000 x15:0x4ffb03e0  x1=0x00000000
         781557	     38976	8000697a	03324f63	blt	x4,x19,800069b8	  x4:0x14dd9776 x19:0x80025ce4
         781577	     38977	8000697e	8d65	c.and	x10,x9	 x10:0xffffff5e  x9:0xff5e0000 x10=0xff5e0000
         781597	     38978	80006980	00ca0f33	add	x30,x20,x12	 x20:0x0ba10000 x12:0xffffffff x30=0x0ba0ffff
         781637	     38980	80006984	0233f7b3	remu	x15,x7,x3	  x7:0x003acbdd  x3:0x00000000 x15=0x003acbdd
         781657	     38981	80006988	00484bb3	xor	x23,x16,x4	 x16:0xfffff962  x4:0x14dd9776 x23=0xeb226e14
         782397	     39018	8000698c	02be4d33	div	x26,x28,x11	 x28:0x80000000 x11:0x003acbdd x26=0xfffffdd3
         782417	     39019	80006990	98d2	c.add	x17,x20	 x17:0xa169e172 x20:0x0ba10000 x17=0xad0ae172
         782437	     39020	80006992	1a7d	c.addi	x20,-1	 x20:0x0ba10000 x20=0x0ba0ffff
         782457	     39021	80006994	289f3793	sltiu	x15,x30,649	 x30:0x0ba0ffff x15=0x00000000
         782637	     39030	80006998	99fd	c.andi	x11,-1	 x11:0x003acbdd x11=0x003acbdd
         782697	     39033	8000699a	01116333	or	x6,x2,x17	  x2:0x4ffafff0 x17:0xad0ae172  x6=0xeffafff2
         782857	     39041	8000699e	00e44963	blt	x8,x14,800069b0	  x8:0x00000001 x14:0xfffffff2
         782877	     39042	800069a2	9d5bc293	xori	x5,x23,-1579	 x23:0xeb226e14  x5=0x14dd97c1
         782897	     39043	800069a6	52fd	c.li	x5,-1	  x5=0xffffffff
         782917	     39044	800069a8	340adb73	csrrwi	x22,mscratch,21	 x22=0x00000018
         782997	     39048	800069ac	a7507cb7	lui	x25,0xa7507	 x25=0xa7507000
         783417	     39069	800069b0	01f24f33	xor	x30,x4,x31	  x4:0x14dd9776 x31:0x00000000 x30=0x14dd9776
         783437	     39070	800069b4	8889ae17	auipc	x28,0x8889a	 x28=0x088a09b4
         783497	     39073	800069b8	01d09bb3	sll	x23,x1,x29	  x1:0x00000000 x29:0xfffff5d8 x23=0x00000000
         783517	     39074	800069bc	80a6	c.mv	x1,x9	  x0:0x00000000  x9:0xff5e0000  x1=0xff5e0000
         784257	     39111	800069be	021c7cb3	remu	x25,x24,x1	 x24:0x85aefca5  x1:0xff5e0000 x25=0x85aefca5
         784277	     39112	800069c2	3404d473	csrrwi	x8,mscratch,9	  x8=0x00000015
         784297	     39113	800069c6	011a95b3	sll	x11,x21,x17	 x21:0x00000000 x17:0xad0ae172 x11=0x00000000
         784317	     39114	800069ca	a4fee013	ori	x0,x29,-1457	 x29:0xfffff5d8  x0=0x00000000
         784337	     39115	800069ce	0092e8b3	or	x17,x5,x9	  x5:0xffffffff  x9:0xff5e0000 x17=0xffffffff
         784357	     39116	800069d2	12fd	c.addi	x5,-1	  x5:0xffffffff  x5=0xfffffffe
         784377	     39117	800069d4	0001	c.addi	x0,0	  x0:0x00000000  x0=0x00000000
         784597	     39128	800069d6	3384a893	slti	x17,x9,824	  x9:0xff5e0000 x17=0x00000001
         784617	     39129	800069da	8c31	c.xor	x8,x12	  x8:0x00000015 x12:0xffffffff  x8=0xffffffea
         784637	     39130	800069dc	034ce163	bltu	x25,x20,800069fe	 x25:0x85aefca5 x20:0x0ba0ffff
         784977	     39147	800069e0	c38d	c.beqz	x15,80006a02	 x15:0x00000000
         786377	     39217	80006a02	014e1933	sll	x18,x28,x20	 x28:0x088a09b4 x20:0x0ba0ffff x18=0x00000000
         786397	     39218	80006a06	9e182393	slti	x7,x16,-1567	 x16:0xfffff962  x7=0x00000001
         786417	     39219	80006a0a	03424863	blt	x4,x20,80006a3a	  x4:0x14dd9776 x20:0x0ba0ffff
         786437	     39220	80006a0e	0285d963	bge	x11,x8,80006a40	 x11:0x00000000  x8:0xffffffea
         786677	     39232	80006a40	0001	c.addi	x0,0	  x0:0x00000000  x0=0x00000000
         787637	     39280	80006a42	025bf033	remu	x0,x23,x5	 x23:0x00000000  x5:0xfffffffe  x0=0x00000000
         787677	     39282	80006a46	02d0b4b3	mulhu	x9,x1,x13	  x1:0xff5e0000 x13:0x80021e44  x9=0x7fb11cec
         787697	     39283	80006a4a	0199fcb3	and	x25,x19,x25	 x19:0x80025ce4 x25:0x85aefca5 x25=0x80025ca4
         787717	     39284	80006a4e	02fc7563	bgeu	x24,x15,80006a78	 x24:0x85aefca5 x15:0x00000000
         787797	     39288	80006a78	0001	c.addi	x0,0	  x0:0x00000000  x0=0x00000000
         787817	     39289	80006a7a	00a18bb3	add	x23,x3,x10	  x3:0x00000000 x10:0xff5e0000 x23=0xff5e0000
         787837	     39290	80006a7e	1d7d	c.addi	x26,-1	 x26:0xfffffdd3 x26=0xfffffdd2
         788237	     39310	80006a80	00665733	srl	x14,x12,x6	 x12:0xffffffff  x6:0xeffafff2 x14=0x00003fff
         788397	     39318	80006a84	8e06	c.mv	x28,x1	  x0:0x00000000  x1:0xff5e0000 x28=0xff5e0000
         788417	     39319	80006a86	402103b3	sub	x7,x2,x2	  x2:0x4ffafff0  x2:0x4ffafff0  x7=0x00000000
         788437	     39320	80006a8a	43e72493	slti	x9,x14,1086	 x14:0x00003fff  x9=0x00000000
         788457	     39321	80006a8e	8cc5	c.or	x9,x9	  x9:0x00000000  x9:0x00000000  x9=0x00000000
         788857	     39341	80006a90	0000100f	fence.i	
         789517	     39374	80006a94	833a	c.mv	x6,x14	  x0:0x00000000 x14:0x00003fff  x6=0x00003fff
         789537	     39375	80006a96	cc9d	c.beqz	x9,80006ad4	  x9:0x00000000
         789917	     39394	80006ad4	07b9	c.addi	x15,14	 x15:0x00000000 x15=0x0000000e
         790657	     39431	80006ad6	03704c33	div	x24,x0,x23	  x0:0x00000000 x23:0xff5e0000 x24=0x00000000
         790677	     39432	80006ada	59886a93	ori	x21,x16,1432	 x16:0xfffff962 x21=0xfffffdfa
         790697	     39433	80006ade	f3500a93	addi	x21,x0,-203	  x0:0x00000000 x21=0xffffff35
         790717	     39434	80006ae2	8cc9	c.or	x9,x10	  x9:0x00000000 x10:0xff5e0000  x9=0xff5e0000
         790737	     39435	80006ae4	018485b3	add	x11,x9,x24	  x9:0xff5e0000 x24:0x00000000 x11=0xff5e0000
         790757	     39436	80006ae8	0ff0000f	fence	iorw,iorw	
         790777	     39437	80006aec	8f3d	c.xor	x14,x15	 x14:0x00003fff x15:0x0000000e x14=0x00003ff1
         791097	     39453	80006aee	e81cfd13	andi	x26,x25,-383	 x25:0x80025ca4 x26=0x80025c80
         792057	     39501	80006af2	03d16a33	rem	x20,x2,x29	  x2:0x4ffafff0 x29:0xfffff5d8 x20=0x00000a18
         792077	     39502	80006af6	6161	c.addi16sp	x2,80	  x2:0x4ffafff0  x2=0x4ffb0040
         792817	     39539	80006af8	03e6d533	divu	x10,x13,x30	 x13:0x80021e44 x30:0x14dd9776 x10=0x00000006
         792837	     39540	80006afc	376ae717	auipc	x14,0x376ae	 x14=0xb76b4afc
         792857	     39541	80006b00	0ff0000f	fence	iorw,iorw	
         792877	     39542	80006b04	8e39	c.xor	x12,x14	 x12:0xffffffff x14:0xb76b4afc x12=0x4894b503
         792897	     39543	80006b06	018561b3	or	x3,x10,x24	 x10:0x00000006 x24:0x00000000  x3=0x00000006
         792917	     39544	80006b0a	3405a273	csrrs	x4,mscratch,x11	 x11:0xff5e0000  x4=0x00000009
         793217	     39559	80006b0e	0118cc63	blt	x17,x17,80006b26	 x17:0x00000001 x17:0x00000001
         793237	     39560	80006b12	0f06	c.slli	x30,0x1	 x30:0x14dd9776 x30=0x29bb2eec
         793317	     39564	80006b14	0001	c.addi	x0,0	  x0:0x00000000  x0=0x00000000
         793337	     39565	80006b16	836d	c.srli	x14,0x1b	 x14:0xb76b4afc x14=0x00000016
         793537	     39575	80006b18	8bad	c.andi	x15,11	 x15:0x0000000e x15=0x0000000a
         793577	     39577	80006b1a	03001c63	bne	x0,x16,80006b52	  x0:0x00000000 x16:0xfffff962
         794317	     39614	80006b52	cdd23c13	sltiu	x24,x4,-803	  x4:0x00000009 x24=0x00000001
         794737	     39635	80006b56	01f3fb63	bgeu	x7,x31,80006b6c	  x7:0x00000000 x31:0x00000000
         795677	     39682	80006b6c	019c5393	srli	x7,x24,0x19	 x24:0x00000001  x7=0x00000000
         795937	     39695	80006b70	01c7e333	or	x6,x15,x28	 x15:0x0000000a x28:0xff5e0000  x6=0xff5e000a
         795957	     39696	80006b74	993a	c.add	x18,x14	 x18:0x00000000 x14:0x00000016 x18=0x00000016
         796077	     39702	80006b76	02f1e063	bltu	x3,x15,80006b96	  x3:0x00000006 x15:0x0000000a
         800137	     39905	80006b96	95e3eb13	ori	x22,x7,-1698	  x7:0x00000000 x22=0xfffff95e
         800157	     39906	80006b9a	34003473	csrrc	x8,mscratch,x0	  x0:0x00000000  x8=0xff5e0009
         800217	     39909	80006b9e	016f1bb3	sll	x23,x30,x22	 x30:0x29bb2eec x22:0xfffff95e x23=0x00000000
         800237	     39910	80006ba2	0352	c.slli	x6,0x14	  x6:0xff5e000a  x6=0x00a00000
         800257	     39911	80006ba4	8d3d	c.xor	x10,x15	 x10:0x00000006 x15:0x0000000a x10=0x0000000c
         800317	     39914	80006ba6	41725e33	sra	x28,x4,x23	  x4:0x00000009 x23:0x00000000 x28=0x00000009
         800337	     39915	80006baa	f1334113	xori	x2,x6,-237	  x6:0x00a00000  x2=0xff5fff13
         800357	     39916	80006bae	0001	c.addi	x0,0	  x0:0x00000000  x0=0x00000000
         801657	     39981	80006bb0	0284c2b3	div	x5,x9,x8	  x9:0xff5e0000  x8:0xff5e0009  x5=0x00000001
         801677	     39982	80006bb4	0001	c.addi	x0,0	  x0:0x00000000  x0=0x00000000
         801697	     39983	80006bb6	8ef00893	addi	x17,x0,-1809	  x0:0x00000000 x17=0xfffff8ef
         802437	     40020	80006bba	03df52b3	divu	x5,x30,x29	 x30:0x29bb2eec x29:0xfffff5d8  x5=0x00000000
         803177	     40057	80006bbe	0337efb3	rem	x31,x15,x19	 x15:0x0000000a x19:0x80025ce4 x31=0x0000000a
         803197	     40058	80006bc2	cf8d	c.beqz	x15,80006bfc	 x15:0x0000000a
         803937	     40095	80006bc4	026bfc33	remu	x24,x23,x6	 x23:0x00000000  x6:0x00a00000 x24=0x00000000
         803957	     40096	80006bc8	00959f13	slli	x30,x11,0x9	 x11:0xff5e0000 x30=0xbc000000
         803977	     40097	80006bcc	01504c63	blt	x0,x21,80006be4	  x0:0x00000000 x21:0xffffff35
         803997	     40098	80006bd0	c532fc93	andi	x25,x5,-941	  x5:0x00000000 x25=0x00000000
         804017	     40099	80006bd4	03ecf063	bgeu	x25,x30,80006bf4	 x25:0x00000000 x30:0xbc000000
         804757	     40136	80006bd8	03ace333	rem	x6,x25,x26	 x25:0x00000000 x26:0x80025c80  x6=0x00000000
         804777	     40137	80006bdc	8d1d	c.sub	x10,x15	 x10:0x0000000c x15:0x0000000a x10=0x00000002
         804797	     40138	80006bde	37ab6813	ori	x16,x22,890	 x22:0xfffff95e x16=0xfffffb7e
         804817	     40139	80006be2	47f1	c.li	x15,28	 x15=0x0000001c
         804837	     40140	80006be4	01441813	slli	x16,x8,0x14	  x8:0xff5e0009 x16=0x00900000
         804937	     40145	80006be8	0571	c.addi	x10,28	 x10:0x00000002 x10=0x0000001e
         804957	     40146	80006bea	8d5d	c.or	x10,x15	 x10:0x0000001e x15:0x0000001c x10=0x0000001e
         805217	     40159	80006bec	0269ba33	mulhu	x20,x19,x6	 x19:0x80025ce4  x6:0x00000000 x20=0x00000000
         805617	     40179	80006bf0	0067f433	and	x8,x15,x6	 x15:0x0000001c  x6:0x00000000  x8=0x00000000
         805677	     40182	80006bf4	032e6363	bltu	x28,x18,80006c1a	 x28:0x00000009 x18:0x00000016
         806577	     40227	80006c1a	03830433	mul	x8,x6,x24	  x6:0x00000000 x24:0x00000000  x8=0x00000000
         806777	     40237	80006c1e	0ff0000f	fence	iorw,iorw	
         806797	     40238	80006c22	0001	c.addi	x0,0	  x0:0x00000000  x0=0x00000000
         807197	     40258	80006c24	1c436a13	ori	x20,x6,452	  x6:0x00000000 x20=0x000001c4
         807337	     40265	80006c28	01c27bb3	and	x23,x4,x28	  x4:0x00000009 x28:0x00000009 x23=0x00000009
         807357	     40266	80006c2c	34002373	csrrs	x6,mscratch,x0	  x0:0x00000000  x6=0xff5e0009
         807457	     40271	80006c30	0ff0000f	fence	iorw,iorw	
         807477	     40272	80006c34	8d31	c.xor	x10,x12	 x10:0x0000001e x12:0x4894b503 x10=0x4894b51d
         807497	     40273	80006c36	23915a17	auipc	x20,0x23915	 x20=0xa391bc36
         807517	     40274	80006c3a	717d	c.addi16sp	x2,-16	  x2:0xff5fff13  x2=0xff5fff03
         807537	     40275	80006c3c	036f7a63	bgeu	x30,x22,80006c70	 x30:0xbc000000 x22:0xfffff95e
         807557	     40276	80006c40	340a31f3	csrrc	x3,mscratch,x20	 x20:0xa391bc36  x3=0xff5e0009
         807577	     40277	80006c44	01e15513	srli	x10,x2,0x1e	  x2:0xff5fff03 x10=0x00000003
         807597	     40278	80006c48	0001	c.addi	x0,0	  x0:0x00000000  x0=0x00000000
         808197	     40308	80006c4a	028c9233	mulh	x4,x25,x8	 x25:0x00000000  x8:0x00000000  x4=0x00000000
         808217	     40309	80006c4e	8f19fe93	andi	x29,x19,-1807	 x19:0x80025ce4 x29=0x800258e0
         808397	     40318	80006c52	3ef40413	addi	x8,x8,1007	  x8:0x00000000  x8=0x000003ef
         808417	     40319	80006c56	415cd933	sra	x18,x25,x21	 x25:0x00000000 x21:0xffffff35 x18=0x00000000
         808437	     40320	80006c5a	8b89	c.andi	x15,2	 x15:0x0000001c x15=0x00000000
         808457	     40321	80006c5c	8d59	c.or	x10,x14	 x10:0x00000003 x14:0x00000016 x10=0x00000017
         808857	     40341	80006c5e	afb7c137	lui	x2,0xafb7c	  x2=0xafb7c000
         808877	     40342	80006c62	167d	c.addi	x12,-1	 x12:0x4894b503 x12=0x4894b502
         808957	     40346	80006c64	039c5c33	divu	x24,x24,x25	 x24:0x00000000 x25:0x00000000 x24=0xffffffff
         809137	     40355	80006c68	0ff0000f	fence	iorw,iorw	
         809297	     40363	80006c6c	704aa013	slti	x0,x21,1796	 x21:0xffffff35  x0=0x00000000
         810197	     40408	80006c70	0216d0b3	divu	x1,x13,x1	 x13:0x80021e44  x1:0xff5e0000  x1=0x00000000
         810217	     40409	80006c74	0000100f	fence.i	
         810337	     40415	80006c78	8bca	c.mv	x23,x18	  x0:0x00000000 x18:0x00000000 x23=0x00000000
         810357	     40416	80006c7a	8656	c.mv	x12,x21	  x0:0x00000000 x21:0xffffff35 x12=0xffffff35
         811277	     40462	80006c7c	0382dfb3	divu	x31,x5,x24	  x5:0x00000000 x24:0xffffffff x31=0x00000000
         811297	     40463	80006c80	004ddc33	srl	x24,x27,x4	 x27:0xa169e172  x4:0x00000000 x24=0xa169e172
         811337	     40465	80006c84	03cc3933	mulhu	x18,x24,x28	 x24:0xa169e172 x28:0x00000009 x18=0x00000005
         811357	     40466	80006c88	00914263	blt	x2,x9,80006c8c	  x2:0xafb7c000  x9:0xff5e0000
         811437	     40470	80006c8c	4a3d	c.li	x20,15	 x20=0x0000000f
         811457	     40471	80006c8e	717d	c.addi16sp	x2,-16	  x2:0xafb7c000  x2=0xafb7bff0
         811857	     40491	80006c90	019ef563	bgeu	x29,x25,80006c9a	 x29:0x800258e0 x25:0x00000000
         812597	     40528	80006c9a	00f66e63	bltu	x12,x15,80006cb6	 x12:0xffffff35 x15:0x00000000
         812617	     40529	80006c9e	00be9093	slli	x1,x29,0xb	 x29:0x800258e0  x1=0x12c70000
         812637	     40530	80006ca2	04d7ac93	slti	x25,x15,77	 x15:0x00000000 x25=0x00000001
         812657	     40531	80006ca6	6175	c.addi16sp	x2,368	  x2:0xafb7bff0  x2=0xafb7c160
         813057	     40551	80006ca8	8e2d	c.xor	x12,x11	 x12:0xffffff35 x11:0xff5e0000 x12=0x00a1ff35
         813077	     40552	80006caa	07b6	c.slli	x15,0xd	 x15:0x00000000 x15=0x00000000
         813097	     40553	80006cac	03678663	beq	x15,x22,80006cd8	 x15:0x00000000 x22:0xfffff95e
         813137	     40555	80006cb0	02cfa533	mulhsu	x10,x31,x12	 x31:0x00000000 x12:0x00a1ff35 x10=0x00000000
         813237	     40560	80006cb4	9fda	c.add	x31,x22	 x31:0x00000000 x22:0xfffff95e x31=0xfffff95e
         813317	     40564	80006cb6	0041bb33	sltu	x22,x3,x4	  x3:0xff5e0009  x4:0x00000000 x22=0x00000000
         813337	     40565	80006cba	8d89	c.sub	x11,x10	 x11:0xff5e0000 x10:0x00000000 x11=0xff5e0000
         813357	     40566	80006cbc	8e65	c.and	x12,x9	 x12:0x00a1ff35  x9:0xff5e0000 x12=0x00000000
         813377	     40567	80006cbe	0ff0000f	fence	iorw,iorw	
         813397	     40568	80006cc2	4035dd13	srai	x26,x11,0x3	 x11:0xff5e0000 x26=0xffebc000
         813417	     40569	80006cc6	c86af593	andi	x11,x21,-890	 x21:0xffffff35 x11=0xfffffc04
         813437	     40570	80006cca	923e	c.add	x4,x15	  x4:0x00000000 x15:0x00000000  x4=0x00000000
         813577	     40577	80006ccc	03ddec63	bltu	x27,x29,80006d04	 x27:0xa169e172 x29:0x800258e0
         813837	     40590	80006cd0	02920cb3	mul	x25,x4,x9	  x4:0x00000000  x9:0xff5e0000 x25=0x00000000
         813857	     40591	80006cd4	0137ac33	slt	x24,x15,x19	 x15:0x00000000 x19:0x80025ce4 x24=0x00000000
         814297	     40613	80006cd8	027122b3	mulhsu	x5,x2,x7	  x2:0xafb7c160  x7:0x00000000  x5=0x00000000
         814317	     40614	80006cdc	00bd	c.addi	x1,15	  x1:0x12c70000  x1=0x12c7000f
         814337	     40615	80006cde	824e	c.mv	x4,x19	  x0:0x00000000 x19:0x80025ce4  x4=0x80025ce4
         814537	     40625	80006ce0	340d7ef3	csrrci	x29,mscratch,26	 x29=0x5c4e0009
         814557	     40626	80006ce4	340ab3f3	csrrc	x7,mscratch,x21	 x21:0xffffff35  x7=0x5c4e0001
         814717	     40634	80006ce8	0001	c.addi	x0,0	  x0:0x00000000  x0=0x00000000
         815017	     40649	80006cea	00d19263	bne	x3,x13,80006cee	  x3:0xff5e0009 x13:0x80021e44
         816157	     40706	80006cee	d8c204b7	lui	x9,0xd8c20	  x9=0xd8c20000
         816297	     40713	80006cf2	7c4daa13	slti	x20,x27,1988	 x27:0xa169e172 x20=0x00000001
         816317	     40714	80006cf6	03de	c.slli	x7,0x17	  x7:0x5c4e0001  x7=0x00800000
         816337	     40715	80006cf8	49c70f93	addi	x31,x14,1180	 x14:0x00000016 x31=0x000004b2
         816517	     40724	80006cfc	020e6333	rem	x6,x28,x0	 x28:0x00000009  x0:0x00000000  x6=0x00000009
         816917	     40744	80006d00	00eb5533	srl	x10,x22,x14	 x22:0x00000000 x14:0x00000016 x10=0x00000000
         817657	     40781	80006d04	03a15333	divu	x6,x2,x26	  x2:0xafb7c160 x26:0xffebc000  x6=0x00000000
         817677	     40782	80006d08	01348333	add	x6,x9,x19	  x9:0xd8c20000 x19:0x80025ce4  x6=0x58c45ce4
         817697	     40783	80006d0c	0118c133	xor	x2,x17,x17	 x17:0xfffff8ef x17:0xfffff8ef  x2=0x00000000
         818437	     40820	80006d10	02947ab3	remu	x21,x8,x9	  x8:0x000003ef  x9:0xd8c20000 x21=0x000003ef
         819177	     40857	80006d14	028ee133	rem	x2,x29,x8	 x29:0x5c4e0009  x8:0x000003ef  x2=0x000002e3
         819197	     40858	80006d18	8bc5	c.andi	x15,17	 x15:0x00000000 x15=0x00000000
         819217	     40859	80006d1a	340ad3f3	csrrwi	x7,mscratch,21	  x7=0x00000000
         819237	     40860	80006d1e	0181bcb3	sltu	x25,x3,x24	  x3:0xff5e0009 x24:0x00000000 x25=0x00000000
         819257	     40861	80006d22	00dfc463	blt	x31,x13,80006d2a	 x31:0x000004b2 x13:0x80021e44
         819297	     40863	80006d26	022595b3	mulh	x11,x11,x2	 x11:0xfffffc04  x2:0x000002e3 x11=0xffffffff
         819317	     40864	80006d2a	0000100f	fence.i	
         820337	     40915	80006d2e	01e8ccb3	xor	x25,x17,x30	 x17:0xfffff8ef x30:0xbc000000 x25=0x43fff8ef
         820357	     40916	80006d32	c41d	c.beqz	x8,80006d60	  x8:0x000003ef
         820377	     40917	80006d34	5b053397	auipc	x7,0x5b053	  x7=0xdb059d34
         820397	     40918	80006d38	eb802313	slti	x6,x0,-328	  x0:0x00000000  x6=0x00000000
         820557	     40926	80006d3c	34027d73	csrrci	x26,mscratch,4	 x26=0x00000015
         820637	     40930	80006d40	6f6d	c.lui	x30,0x1b	 x30=0x0001b000
         821037	     40950	80006d42	0ff0000f	fence	iorw,iorw	
         821317	     40964	80006d46	02de8b33	mul	x22,x29,x13	 x29:0x5c4e0009 x13:0x80021e44 x22=0x28cb1064
         821337	     40965	80006d4a	03444c63	blt	x8,x20,80006d82	  x8:0x000003ef x20:0x00000001
         821397	     40968	80006d4e	009f5713	srli	x14,x30,0x9	 x30:0x0001b000 x14=0x000000d8
         822137	     41005	80006d52	035141b3	div	x3,x2,x21	  x2:0x000002e3 x21:0x000003ef  x3=0x00000000
         822157	     41006	80006d56	41a058b3	sra	x17,x0,x26	  x0:0x00000000 x26:0x00000015 x17=0x00000000
         822177	     41007	80006d5a	159c	c.addi4spn	x15,x2,736	 x15=0x000005c3
         822197	     41008	80006d5c	02399a63	bne	x19,x3,80006d90	 x19:0x80025ce4  x3:0x00000000
         822677	     41032	80006d90	340067f3	csrrsi	x15,mscratch,0	 x15=0x00000011
         822757	     41036	80006d94	93b32eb7	lui	x29,0x93b32	 x29=0x93b32000
         822897	     41043	80006d98	2179ee13	ori	x28,x19,535	 x19:0x80025ce4 x28=0x80025ef7
         823317	     41064	80006d9c	62dc2613	slti	x12,x24,1581	 x24:0x00000000 x12=0x00000001
         824057	     41101	80006da0	03e445b3	div	x11,x8,x30	  x8:0x000003ef x30:0x0001b000 x11=0x00000000
         824077	     41102	80006da4	340067f3	csrrsi	x15,mscratch,0	 x15=0x00000011
         824117	     41104	80006da8	02b27533	remu	x10,x4,x11	  x4:0x80025ce4 x11:0x00000000 x10=0x80025ce4
         824137	     41105	80006dac	611d	c.addi16sp	x2,416	  x2:0x000002e3  x2=0x00000483
         824157	     41106	80006dae	34085673	csrrwi	x12,mscratch,16	 x12=0x00000011
         824197	     41108	80006db2	0258afb3	mulhsu	x31,x17,x5	 x17:0x00000000  x5:0x00000000 x31=0x00000000
         824217	     41109	80006db6	87c6	c.mv	x15,x17	  x0:0x00000000 x17:0x00000000 x15=0x00000000
         824237	     41110	80006db8	8cb5	c.xor	x9,x13	  x9:0xd8c20000 x13:0x80021e44  x9=0x58c01e44
         824257	     41111	80006dba	8d85	c.sub	x11,x9	 x11:0x00000000  x9:0x58c01e44 x11=0xa73fe1bc
         824397	     41118	80006dbc	0eb5	c.addi	x29,13	 x29:0x93b32000 x29=0x93b3200d
         824497	     41123	80006dbe	01f51e13	slli	x28,x10,0x1f	 x10:0x80025ce4 x28=0x00000000
         824517	     41124	80006dc2	8d41	c.or	x10,x8	 x10:0x80025ce4  x8:0x000003ef x10=0x80025fef
         824537	     41125	80006dc4	00829cb3	sll	x25,x5,x8	  x5:0x00000000  x8:0x000003ef x25=0x00000000
         824697	     41133	80006dc8	03bb1cb3	mulh	x25,x22,x27	 x22:0x28cb1064 x27:0xa169e172 x25=0xf0ed8421
         837377	     41767	80006dcc	340efff3	csrrci	x31,mscratch,29	 x31=0x00000010
         837397	     41768	80006dd0	da4c2913	slti	x18,x24,-604	 x24:0x00000000 x18=0x00000000
         837417	     41769	80006dd4	0e36	c.slli	x28,0xd	 x28:0x00000000 x28=0x00000000
         837437	     41770	80006dd6	84e87313	andi	x6,x16,-1970	 x16:0x00900000  x6=0x00900000
         837457	     41771	80006dda	960e	c.add	x12,x3	 x12:0x00000011  x3:0x00000000 x12=0x00000011
         837477	     41772	80006ddc	01deca33	xor	x20,x29,x29	 x29:0x93b3200d x29:0x93b3200d x20=0x00000000
         837497	     41773	80006de0	34003873	csrrc	x16,mscratch,x0	  x0:0x00000000 x16=0x00000000
         837517	     41774	80006de4	8ffd	c.and	x15,x15	 x15:0x00000000 x15:0x00000000 x15=0x00000000
         837917	     41794	80006de6	01e4dd63	bge	x9,x30,80006e00	  x9:0x58c01e44 x30:0x0001b000
         838717	     41834	80006e00	0c90	c.addi4spn	x12,x2,592	 x12=0x000006d3
         838737	     41835	80006e02	018f7733	and	x14,x30,x24	 x30:0x0001b000 x24:0x00000000 x14=0x00000000
         838917	     41844	80006e06	340ae273	csrrsi	x4,mscratch,21	  x4=0x00000000
         838937	     41845	80006e0a	0a56	c.slli	x20,0x15	 x20:0x00000000 x20=0x00000000
         838997	     41848	80006e0c	00e09b93	slli	x23,x1,0xe	  x1:0x12c7000f x23=0xc003c000
         839037	     41850	80006e10	03310233	mul	x4,x2,x19	  x2:0x00000483 x19:0x80025ce4  x4=0x8aa918ac
         839077	     41852	80006e14	02f46fb3	rem	x31,x8,x15	  x8:0x000003ef x15:0x00000000 x31=0x000003ef
         839477	     41872	80006e18	82bdfc93	andi	x25,x27,-2005	 x27:0xa169e172 x25=0xa169e022
         839897	     41893	80006e1c	c595	c.beqz	x11,80006e48	 x11:0xa73fe1bc
         839917	     41894	80006e1e	8cc1	c.or	x9,x8	  x9:0x58c01e44  x8:0x000003ef  x9=0x58c01fef
         839937	     41895	80006e20	bc18e937	lui	x18,0xbc18e	 x18=0xbc18e000
         839977	     41897	80006e24	03c76fb3	rem	x31,x14,x28	 x14:0x00000000 x28:0x00000000 x31=0x00000000
         840717	     41934	80006e28	02d548b3	div	x17,x10,x13	 x10:0x80025fef x13:0x80021e44 x17=0x00000000
         840737	     41935	80006e2c	03231463	bne	x6,x18,80006e54	  x6:0x00900000 x18:0xbc18e000
         840857	     41941	80006e54	597d	c.li	x18,-1	 x18=0xffffffff
         840897	     41943	80006e56	01d81333	sll	x6,x16,x29	 x16:0x00000000 x29:0x93b3200d  x6=0x00000000
         840917	     41944	80006e5a	091c	c.addi4spn	x15,x2,144	 x15=0x00000513
         841657	     41981	80006e5c	039367b3	rem	x15,x6,x25	  x6:0x00000000 x25:0xa169e022 x15=0x00000000
         841697	     41983	80006e60	03c0f4b3	remu	x9,x1,x28	  x1:0x12c7000f x28:0x00000000  x9=0x12c7000f
         841717	     41984	80006e64	340168f3	csrrsi	x17,mscratch,2	 x17=0x00000015
         841737	     41985	80006e68	40855e93	srai	x29,x10,0x8	 x10:0x80025fef x29=0xff80025f
         841777	     41987	80006e6c	03e83c33	mulhu	x24,x16,x30	 x16:0x00000000 x30:0x0001b000 x24=0x00000000
         841797	     41988	80006e70	01454263	blt	x10,x20,80006e74	 x10:0x80025fef x20:0x00000000
         841837	     41990	80006e74	01d15013	srli	x0,x2,0x1d	  x2:0x00000483  x0=0x00000000
         842717	     42034	80006e78	00d4a5b3	slt	x11,x9,x13	  x9:0x12c7000f x13:0x80021e44 x11=0x00000000
         843497	     42073	80006e7c	02c948b3	div	x17,x18,x12	 x18:0xffffffff x12:0x000006d3 x17=0x00000000
         843537	     42075	80006e80	034dc233	div	x4,x27,x20	 x27:0xa169e172 x20:0x00000000  x4=0xffffffff
         843557	     42076	80006e84	00ad3bb3	sltu	x23,x26,x10	 x26:0x00000015 x10:0x80025fef x23=0x00000001
         843617	     42079	80006e88	6e11	c.lui	x28,0x4	 x28=0x00004000
         843637	     42080	80006e8a	6bd1	c.lui	x23,0x14	 x23=0x00014000
         843657	     42081	80006e8c	0109fd33	and	x26,x19,x16	 x19:0x80025ce4 x16:0x00000000 x26=0x00000000
         843697	     42083	80006e90	01819733	sll	x14,x3,x24	  x3:0x00000000 x24:0x00000000 x14=0x00000000
         844117	     42104	80006e94	5bb9ec13	ori	x24,x19,1467	 x19:0x80025ce4 x24=0x80025dff
         844857	     42141	80006e98	03e7c533	div	x10,x15,x30	 x15:0x00000000 x30:0x0001b000 x10=0x00000000
         844877	     42142	80006e9c	34003c73	csrrc	x24,mscratch,x0	  x0:0x00000000 x24=0x00000017
         844897	     42143	80006ea0	42deaa37	lui	x20,0x42dea	 x20=0x42dea000
         844917	     42144	80006ea4	00094cb3	xor	x25,x18,x0	 x18:0xffffffff  x0:0x00000000 x25=0xffffffff
         844937	     42145	80006ea8	340575f3	csrrci	x11,mscratch,10	 x11=0x00000017
         845057	     42151	80006eac	e20d	c.bnez	x12,80006ece	 x12:0x000006d3
         846217	     42209	80006ece	4e3a3193	sltiu	x3,x20,1251	 x20:0x42dea000  x3=0x00000000
         846237	     42210	80006ed2	02768663	beq	x13,x7,80006efe	 x13:0x80021e44  x7:0xdb059d34
         846257	     42211	80006ed6	8cbd	c.xor	x9,x15	  x9:0x12c7000f x15:0x00000000  x9=0x12c7000f
         846277	     42212	80006ed8	00d2e333	or	x6,x5,x13	  x5:0x00000000 x13:0x80021e44  x6=0x80021e44
         846297	     42213	80006edc	0372	c.slli	x6,0x1c	  x6:0x80021e44  x6=0x40000000
         846317	     42214	80006ede	007de863	bltu	x27,x7,80006eee	 x27:0xa169e172  x7:0xdb059d34
         847257	     42261	80006eee	34069a73	csrrw	x20,mscratch,x13	 x13:0x80021e44 x20=0x00000015
         847277	     42262	80006ef2	8acdba93	sltiu	x21,x27,-1876	 x27:0xa169e172 x21=0x00000001
         848157	     42306	80006ef6	03b54c33	div	x24,x10,x27	 x10:0x00000000 x27:0xa169e172 x24=0x00000000
         848197	     42308	80006efa	0318ec33	rem	x24,x17,x17	 x17:0x00000000 x17:0x00000000 x24=0x00000000
         848217	     42309	80006efe	6b09	c.lui	x22,0x2	 x22=0x00002000
         848277	     42312	80006f00	010a1c63	bne	x20,x16,80006f18	 x20:0x00000015 x16:0x00000000
         849017	     42349	80006f18	340a62f3	csrrsi	x5,mscratch,20	  x5=0x80021e44
         849037	     42350	80006f1c	5ffd	c.li	x31,-1	 x31=0xffffffff
         849057	     42351	80006f1e	0ff0000f	fence	iorw,iorw	
         849137	     42355	80006f22	839dcf93	xori	x31,x27,-1991	 x27:0xa169e172 x31=0x5e96194b
         849157	     42356	80006f26	4187d013	srai	x0,x15,0x18	 x15:0x00000000  x0=0x00000000
         849177	     42357	80006f2a	8da9	c.xor	x11,x10	 x11:0x00000017 x10:0x00000000 x11=0x00000017
         849317	     42364	80006f2c	022fd063	bge	x31,x2,80006f4c	 x31:0x5e96194b  x2:0x00000483
         849777	     42387	80006f4c	8f29	c.xor	x14,x10	 x14:0x00000000 x10:0x00000000 x14=0x00000000
         849937	     42395	80006f4e	0166cd33	xor	x26,x13,x22	 x13:0x80021e44 x22:0x00002000 x26=0x80023e44
         849957	     42396	80006f52	01b435b3	sltu	x11,x8,x27	  x8:0x000003ef x27:0xa169e172 x11=0x00000001
         850377	     42417	80006f56	0000100f	fence.i	
         851017	     42449	80006f5a	0067da33	srl	x20,x15,x6	 x15:0x00000000  x6:0x40000000 x20=0x00000000
         851037	     42450	80006f5e	41ec80b3	sub	x1,x25,x30	 x25:0xffffffff x30:0x0001b000  x1=0xfffe4fff
         851057	     42451	80006f62	c18d	c.beqz	x11,80006f84	 x11:0x00000001
         851197	     42458	80006f64	00998d33	add	x26,x19,x9	 x19:0x80025ce4  x9:0x12c7000f x26=0x92c95cf3
         851637	     42480	80006f68	034d3e33	mulhu	x28,x26,x20	 x26:0x92c95cf3 x20:0x00000000 x28=0x00000000
         851657	     42481	80006f6c	054a	c.slli	x10,0x12	 x10:0x00000000 x10=0x00000000
         852057	     42501	80006f6e	40cbd833	sra	x16,x23,x12	 x23:0x00014000 x12:0x000006d3 x16=0x00000000
         852077	     42502	80006f72	481aa8b7	lui	x17,0x481aa	 x17=0x481aa000
         852097	     42503	80006f76	0039ebb3	or	x23,x19,x3	 x19:0x80025ce4  x3:0x00000000 x23=0x80025ce4
         852197	     42508	80006f7a	d892a293	slti	x5,x5,-631	  x5:0x80021e44  x5=0x00000001
         852237	     42510	80006f7e	0231e133	rem	x2,x3,x3	  x3:0x00000000  x3:0x00000000  x2=0x00000000
         852257	     42511	80006f82	0001	c.addi	x0,0	  x0:0x00000000  x0=0x00000000
         852277	     42512	80006f84	002cfeb3	and	x29,x25,x2	 x25:0xffffffff  x2:0x00000000 x29=0x00000000
         852297	     42513	80006f88	00acb933	sltu	x18,x25,x10	 x25:0xffffffff x10:0x00000000 x18=0x00000000
         853037	     42550	80006f8c	02ce6433	rem	x8,x28,x12	 x28:0x00000000 x12:0x000006d3  x8=0x00000000
         853057	     42551	80006f90	971e	c.add	x14,x7	 x14:0x00000000  x7:0xdb059d34 x14=0xdb059d34
         853077	     42552	80006f92	b72f5fb7	lui	x31,0xb72f5	 x31=0xb72f5000
         853097	     42553	80006f96	927a	c.add	x4,x30	  x4:0xffffffff x30:0x0001b000  x4=0x0001afff
         853117	     42554	80006f98	017ace63	blt	x21,x23,80006fb4	 x21:0x00000001 x23:0x80025ce4
         853137	     42555	80006f9c	127d	c.addi	x4,-1	  x4:0x0001afff  x4=0x0001affe
         853157	     42556	80006f9e	717d	c.addi16sp	x2,-16	  x2:0x00000000  x2=0xfffffff0
         853177	     42557	80006fa0	02e94763	blt	x18,x14,80006fce	 x18:0x00000000 x14:0xdb059d34
         853197	     42558	80006fa4	018a34b3	sltu	x9,x20,x24	 x20:0x00000000 x24:0x00000000  x9=0x00000000
         853317	     42564	80006fa8	017f92b3	sll	x5,x31,x23	 x31:0xb72f5000 x23:0x80025ce4  x5=0x72f50000
         853737	     42585	80006fac	0a62	c.slli	x20,0x18	 x20:0x00000000 x20=0x00000000
         853757	     42586	80006fae	c085	c.beqz	x9,80006fce	  x9:0x00000000
         854817	     42639	80006fce	c8eb4293	xori	x5,x22,-882	 x22:0x00002000  x5=0xffffdc8e
         855237	     42660	80006fd2	036cfb63	bgeu	x25,x22,80007008	 x25:0xffffffff x22:0x00002000
         856137	     42705	80007008	28794313	xori	x6,x18,647	 x18:0x00000000  x6=0x00000287
         856237	     42710	8000700c	0631	c.addi	x12,12	 x12:0x000006d3 x12=0x000006df
         856657	     42731	8000700e	001742b3	xor	x5,x14,x1	 x14:0xdb059d34  x1:0xfffe4fff  x5=0x24fbd2cb
         857077	     42752	80007012	7f398f37	lui	x30,0x7f398	 x30=0x7f398000
         857117	     42754	80007016	02b52533	mulhsu	x10,x10,x11	 x10:0x00000000 x11:0x00000001 x10=0x00000000
         857137	     42755	8000701a	0069c663	blt	x19,x6,80007026	 x19:0x80025ce4  x6:0x00000287
         858317	     42814	80007026	0000100f	fence.i	
         858817	     42839	8000702a	e399	c.bnez	x15,80007030	 x15:0x00000000
         858837	     42840	8000702c	cb62b113	sltiu	x2,x5,-842	  x5:0x24fbd2cb  x2=0x00000001
         858857	     42841	80007030	0000100f	fence.i	
         859177	     42857	80007034	411c8f33	sub	x30,x25,x17	 x25:0xffffffff x17:0x481aa000 x30=0xb7e55fff
         859217	     42859	80007038	02a4b5b3	mulhu	x11,x9,x10	  x9:0x00000000 x10:0x00000000 x11=0x00000000
         859237	     42860	8000703c	c415	c.beqz	x8,80007068	  x8:0x00000000
         860097	     42903	80007068	84f5	c.srai	x9,0x1d	  x9:0x00000000  x9=0x00000000
         860117	     42904	8000706a	8122	c.mv	x2,x8	  x0:0x00000000  x8:0x00000000  x2=0x00000000
         860397	     42918	8000706c	41fad933	sra	x18,x21,x31	 x21:0x00000001 x31:0xb72f5000 x18=0x00000001
         860817	     42939	80007070	827d	c.srli	x12,0x1f	 x12:0x000006df x12=0x00000000
         860837	     42940	80007072	40762493	slti	x9,x12,1031	 x12:0x00000000  x9=0x00000001
         860957	     42946	80007076	34035af3	csrrwi	x21,mscratch,6	 x21=0x80021e54
         860977	     42947	8000707a	9f06	c.add	x30,x1	 x30:0xb7e55fff  x1:0xfffe4fff x30=0xb7e3affe
         861377	     42967	8000707c	400352b3	sra	x5,x6,x0	  x6:0x00000287  x0:0x00000000  x5=0x00000287
         861397	     42968	80007080	84bd	c.srai	x9,0xf	  x9:0x00000001  x9=0x00000000
         861417	     42969	80007082	0001	c.addi	x0,0	  x0:0x00000000  x0=0x00000000
         861517	     42974	80007084	811d	c.srli	x10,0x7	 x10:0x00000000 x10=0x00000000
         861537	     42975	80007086	000f30b3	sltu	x1,x30,x0	 x30:0xb7e3affe  x0:0x00000000  x1=0x00000000
         861557	     42976	8000708a	40498b33	sub	x22,x19,x4	 x19:0x80025ce4  x4:0x0001affe x22=0x8000ace6
         861937	     42995	8000708e	3406abf3	csrrs	x23,mscratch,x13	 x13:0x80021e44 x23=0x00000006
         862097	     43003	80007092	3408b3f3	csrrc	x7,mscratch,x17	 x17:0x481aa000  x7=0x80021e46
         862117	     43004	80007096	ac8e4393	xori	x7,x28,-1336	 x28:0x00000000  x7=0xfffffac8
         862917	     43044	8000709a	03ac5cb3	divu	x25,x24,x26	 x24:0x00000000 x26:0x92c95cf3 x25=0x00000000
         862937	     43045	8000709e	05f96c37	lui	x24,0x5f96	 x24=0x05f96000
         862957	     43046	800070a2	001ff733	and	x14,x31,x1	 x31:0xb72f5000  x1:0x00000000 x14=0x00000000
         862977	     43047	800070a6	03f66c63	bltu	x12,x31,800070de	 x12:0x00000000 x31:0xb72f5000
         863637	     43080	800070de	34007f73	csrrci	x30,mscratch,0	 x30=0x80001e46
         863997	     43098	800070e2	0106df63	bge	x13,x16,80007100	 x13:0x80021e44 x16:0x00000000
         864417	     43119	800070e6	00eed213	srli	x4,x29,0xe	 x29:0x00000000  x4=0x00000000
         864437	     43120	800070ea	9d5a	c.add	x26,x22	 x26:0x92c95cf3 x22:0x8000ace6 x26=0x12ca09d9
         864457	     43121	800070ec	8afe	c.mv	x21,x31	  x0:0x00000000 x31:0xb72f5000 x21=0xb72f5000
         864477	     43122	800070ee	012fd033	srl	x0,x31,x18	 x31:0xb72f5000 x18:0x00000001  x0=0x00000000
         864497	     43123	800070f2	01b4beb3	sltu	x29,x9,x27	  x9:0x00000000 x27:0xa169e172 x29=0x00000001
         864517	     43124	800070f6	03ff7863	bgeu	x30,x31,80007126	 x30:0x80001e46 x31:0xb72f5000
         864797	     43138	800070fa	009f35b3	sltu	x11,x30,x9	 x30:0x80001e46  x9:0x00000000 x11=0x00000000
         864817	     43139	800070fe	8f41	c.or	x14,x8	 x14:0x00000000  x8:0x00000000 x14=0x00000000
         864857	     43141	80007100	0240a633	mulhsu	x12,x1,x4	  x1:0x00000000  x4:0x00000000 x12=0x00000000
         865097	     43153	80007104	01f8f333	and	x6,x17,x31	 x17:0x481aa000 x31:0xb72f5000  x6=0x000a0000
         865517	     43174	80007108	03d79963	bne	x15,x29,8000713a	 x15:0x00000000 x29:0x00000001
         866037	     43200	8000713a	8c6d	c.and	x8,x11	  x8:0x00000000 x11:0x00000000  x8=0x00000000
         866057	     43201	8000713c	34061ef3	csrrw	x29,mscratch,x12	 x12:0x00000000 x29=0x80001e46
         866477	     43222	80007140	9e5e	c.add	x28,x23	 x28:0x00000000 x23:0x00000006 x28=0x00000006
         866497	     43223	80007142	8f69	c.and	x14,x10	 x14:0x00000000 x10:0x00000000 x14=0x00000000
         866517	     43224	80007144	0000100f	fence.i	
         866997	     43248	80007148	8e4d	c.or	x12,x11	 x12:0x00000000 x11:0x00000000 x12=0x00000000
         867017	     43249	8000714a	0001	c.addi	x0,0	  x0:0x00000000  x0=0x00000000
         867417	     43269	8000714c	03590663	beq	x18,x21,80007178	 x18:0x00000001 x21:0xb72f5000
         867717	     43284	80007150	001e93b3	sll	x7,x29,x1	 x29:0x80001e46  x1:0x00000000  x7=0x80001e46
         867737	     43285	80007154	00352333	slt	x6,x10,x3	 x10:0x00000000  x3:0x00000000  x6=0x00000000
         867817	     43289	80007158	34006b73	csrrsi	x22,mscratch,0	 x22=0x00000000
         868077	     43302	8000715c	0191	c.addi	x3,4	  x3:0x00000000  x3=0x00000004
         868497	     43323	8000715e	00937933	and	x18,x6,x9	  x6:0x00000000  x9:0x00000000 x18=0x00000000
         868517	     43324	80007162	98fd	c.andi	x9,-1	  x9:0x00000000  x9=0x00000000
         868537	     43325	80007164	53fd	c.li	x7,-1	  x7=0xffffffff
         868557	     43326	80007166	8a4e	c.mv	x20,x19	  x0:0x00000000 x19:0x80025ce4 x20=0x80025ce4
         868637	     43330	80007168	00b3cd63	blt	x7,x11,80007182	  x7:0xffffffff x11:0x00000000
         877537	     43775	80007182	00b214b3	sll	x9,x4,x11	  x4:0x00000000 x11:0x00000000  x9=0x00000000
         877557	     43776	80007186	30007293	andi	x5,x0,768	  x0:0x00000000  x5=0x00000000
         877597	     43778	8000718a	0200d5b3	divu	x11,x1,x0	  x1:0x00000000  x0:0x00000000 x11=0xffffffff
         878017	     43799	8000718e	011b0633	add	x12,x22,x17	 x22:0x00000000 x17:0x481aa000 x12=0x481aa000
         878037	     43800	80007192	8dc5	c.or	x11,x9	 x11:0xffffffff  x9:0x00000000 x11=0xffffffff
         878097	     43803	80007194	02431a33	mulh	x20,x6,x4	  x6:0x00000000  x4:0x00000000 x20=0x00000000
         878177	     43807	80007198	51f98393	addi	x7,x19,1311	 x19:0x80025ce4  x7=0x80026203
         878597	     43828	8000719c	c399	c.beqz	x15,800071a2	 x15:0x00000000
         879297	     43863	800071a2	0ff0000f	fence	iorw,iorw	
         879317	     43864	800071a6	01d544b3	xor	x9,x10,x29	 x10:0x00000000 x29:0x80001e46  x9=0x80001e46
         879337	     43865	800071aa	41b75013	srai	x0,x14,0x1b	 x14:0x00000000  x0=0x00000000
         879357	     43866	800071ae	01383bb3	sltu	x23,x16,x19	 x16:0x00000000 x19:0x80025ce4 x23=0x00000001
         879417	     43869	800071b2	06a9fc97	auipc	x25,0x6a9f	 x25=0x86aa61b2
         879437	     43870	800071b6	9a7d	c.andi	x12,-1	 x12:0x481aa000 x12=0x481aa000
         879457	     43871	800071b8	0001	c.addi	x0,0	  x0:0x00000000  x0=0x00000000
         879557	     43876	800071ba	01252d33	slt	x26,x10,x18	 x10:0x00000000 x18:0x00000000 x26=0x00000000
         879697	     43883	800071be	6a216b13	ori	x22,x2,1698	  x2:0x00000000 x22=0x000006a2
         879717	     43884	800071c2	036a0e33	mul	x28,x20,x22	 x20:0x00000000 x22:0x000006a2 x28=0x00000000
         879737	     43885	800071c6	9e9e	c.add	x29,x7	 x29:0x80001e46  x7:0x80026203 x29=0x00028049
         880137	     43905	800071c8	01c8c533	xor	x10,x17,x28	 x17:0x481aa000 x28:0x00000000 x10=0x481aa000
         880157	     43906	800071cc	416e5033	sra	x0,x28,x22	 x28:0x00000000 x22:0x000006a2  x0=0x00000000
         880277	     43912	800071d0	34003cf3	csrrc	x25,mscratch,x0	  x0:0x00000000 x25=0x00000000
         880297	     43913	800071d4	0000100f	fence.i	
         881137	     43955	800071d8	973a	c.add	x14,x14	 x14:0x00000000 x14:0x00000000 x14=0x00000000
         881377	     43967	800071da	017d0ab3	add	x21,x26,x23	 x26:0x00000000 x23:0x00000001 x21=0x00000001
         881437	     43970	800071de	bcc53713	sltiu	x14,x10,-1076	 x10:0x481aa000 x14=0x00000001
         881457	     43971	800071e2	03258fb3	mul	x31,x11,x18	 x11:0xffffffff x18:0x00000000 x31=0x00000000
         881577	     43977	800071e6	00cee733	or	x14,x29,x12	 x29:0x00028049 x12:0x481aa000 x14=0x481aa049
         881617	     43979	800071ea	0262e2b3	rem	x5,x5,x6	  x5:0x00000000  x6:0x00000000  x5=0x00000000
         881637	     43980	800071ee	8d9d	c.sub	x11,x15	 x11:0xffffffff x15:0x00000000 x11=0xffffffff
         882017	     43999	800071f0	a17ebe13	sltiu	x28,x29,-1513	 x29:0x00028049 x28=0x00000001
         882857	     44041	800071f4	033f5933	divu	x18,x30,x19	 x30:0x80001e46 x19:0x80025ce4 x18=0x00000000
         882877	     44042	800071f8	855d	c.srai	x10,0x17	 x10:0x481aa000 x10=0x00000090
         882897	     44043	800071fa	615d	c.addi16sp	x2,432	  x2:0x00000000  x2=0x000001b0
         882917	     44044	800071fc	91632713	slti	x14,x6,-1770	  x6:0x00000000 x14=0x00000000
         882937	     44045	80007200	34042d73	csrrs	x26,mscratch,x8	  x8:0x00000000 x26=0x00000000
         883677	     44082	80007204	03d3cfb3	div	x31,x7,x29	  x7:0x80026203 x29:0x00028049 x31=0xffffccd4
         883697	     44083	80007208	83e9	c.srli	x15,0x1a	 x15:0x00000000 x15=0x00000000
         883717	     44084	8000720a	0eac35b7	lui	x11,0xeac3	 x11=0x0eac3000
         883737	     44085	8000720e	41145333	sra	x6,x8,x17	  x8:0x00000000 x17:0x481aa000  x6=0x00000000
         883757	     44086	80007212	c185	c.beqz	x11,80007232	 x11:0x0eac3000
         883777	     44087	80007214	8d6d	c.and	x10,x11	 x10:0x00000090 x11:0x0eac3000 x10=0x00000000
         883797	     44088	80007216	00be6233	or	x4,x28,x11	 x28:0x00000001 x11:0x0eac3000  x4=0x0eac3001
         883837	     44090	8000721a	025af4b3	remu	x9,x21,x5	 x21:0x00000001  x5:0x00000000  x9=0x00000001
         883857	     44091	8000721e	0001	c.addi	x0,0	  x0:0x00000000  x0=0x00000000
         883877	     44092	80007220	340f7373	csrrci	x6,mscratch,30	  x6=0x00000000
         883917	     44094	80007224	419f5513	srai	x10,x30,0x19	 x30:0x80001e46 x10=0xffffffc0
         883937	     44095	80007228	070a	c.slli	x14,0x2	 x14:0x00000000 x14=0x00000000
         883957	     44096	8000722a	34031f73	csrrw	x30,mscratch,x6	  x6:0x00000000 x30=0x00000000
         884177	     44107	8000722e	032e1b33	mulh	x22,x28,x18	 x28:0x00000001 x18:0x00000000 x22=0x00000000
         884437	     44120	80007232	0038f8b3	and	x17,x17,x3	 x17:0x481aa000  x3:0x00000004 x17=0x00000000
         884637	     44130	80007236	00ce7433	and	x8,x28,x12	 x28:0x00000001 x12:0x481aa000  x8=0x00000000
         885057	     44151	8000723a	0020eab3	or	x21,x1,x2	  x1:0x00000000  x2:0x000001b0 x21=0x000001b0
         885477	     44172	8000723e	00f15033	srl	x0,x2,x15	  x2:0x000001b0 x15:0x00000000  x0=0x00000000
         885497	     44173	80007242	0001	c.addi	x0,0	  x0:0x00000000  x0=0x00000000
         885577	     44177	80007244	c515	c.beqz	x10,80007270	 x10:0xffffffc0
         885597	     44178	80007246	34079e73	csrrw	x28,mscratch,x15	 x15:0x00000000 x28=0x00000000
         885617	     44179	8000724a	0722	c.slli	x14,0x8	 x14:0x00000000 x14=0x00000000
         885637	     44180	8000724c	5ca6b093	sltiu	x1,x13,1482	 x13:0x80021e44  x1=0x00000000
         885937	     44195	80007250	340a5d73	csrrwi	x26,mscratch,20	 x26=0x00000000
         885957	     44196	80007254	613d	c.addi16sp	x2,480	  x2:0x000001b0  x2=0x00000390
         885997	     44198	80007256	4ba88bb7	lui	x23,0x4ba88	 x23=0x4ba88000
         886017	     44199	8000725a	02137b63	bgeu	x6,x1,80007290	  x6:0x00000000  x1:0x00000000
         886957	     44246	80007290	010f2033	slt	x0,x30,x16	 x30:0x00000000 x16:0x00000000  x0=0x00000000
         886977	     44247	80007294	109c	c.addi4spn	x15,x2,96	 x15=0x000003f0
         886997	     44248	80007296	34002573	csrrs	x10,mscratch,x0	  x0:0x00000000 x10=0x00000014
         887197	     44258	8000729a	02b39f33	mulh	x30,x7,x11	  x7:0x80026203 x11:0x0eac3000 x30=0xf8aa0af6
         887217	     44259	8000729e	1bfd	c.addi	x23,-1	 x23:0x4ba88000 x23=0x4ba87fff
         887957	     44296	800072a0	0292cb33	div	x22,x5,x9	  x5:0x00000000  x9:0x00000001 x22=0x00000000
         887977	     44297	800072a4	537d	c.li	x6,-1	  x6=0xffffffff
         887997	     44298	800072a6	41db0eb3	sub	x29,x22,x29	 x22:0x00000000 x29:0x00028049 x29=0xfffd7fb7
         888017	     44299	800072aa	a13ee193	ori	x3,x29,-1517	 x29:0xfffd7fb7  x3=0xffffffb7
         888037	     44300	800072ae	02304e63	blt	x0,x3,800072ea	  x0:0x00000000  x3:0xffffffb7
         888057	     44301	800072b2	02e107b3	mul	x15,x2,x14	  x2:0x00000390 x14:0x00000000 x15=0x00000000
         888077	     44302	800072b6	89fd	c.andi	x11,31	 x11:0x0eac3000 x11=0x00000000
         888437	     44320	800072b8	0832	c.slli	x16,0xc	 x16:0x00000000 x16=0x00000000
         888877	     44342	800072ba	028162b3	rem	x5,x2,x8	  x2:0x00000390  x8:0x00000000  x5=0x00000390
         888897	     44343	800072be	3409a5f3	csrrs	x11,mscratch,x19	 x19:0x80025ce4 x11=0x00000014
         889297	     44363	800072c2	01f89833	sll	x16,x17,x31	 x17:0x00000000 x31:0xffffccd4 x16=0x00000000
         889317	     44364	800072c6	01702433	slt	x8,x0,x23	  x0:0x00000000 x23:0x4ba87fff  x8=0x00000001
         889337	     44365	800072ca	3c79aa93	slti	x21,x19,967	 x19:0x80025ce4 x21=0x00000001
         889597	     44378	800072ce	02c37663	bgeu	x6,x12,800072fa	  x6:0xffffffff x12:0x481aa000
         891497	     44473	800072fa	5f7d	c.li	x30,-1	 x30=0xffffffff
         891877	     44492	800072fc	405a8ab3	sub	x21,x21,x5	 x21:0x00000001  x5:0x00000390 x21=0xfffffc71
         892197	     44508	80007300	02a54063	blt	x10,x10,80007320	 x10:0x00000014 x10:0x00000014
         892357	     44516	80007304	03081ab3	mulh	x21,x16,x16	 x16:0x00000000 x16:0x00000000 x21=0x00000000
         892377	     44517	80007308	3fe2bf97	auipc	x31,0x3fe2b	 x31=0xbfe32308
         892397	     44518	8000730c	01425793	srli	x15,x4,0x14	  x4:0x0eac3001 x15=0x000000ea
         892417	     44519	80007310	0001	c.addi	x0,0	  x0:0x00000000  x0=0x00000000
         892437	     44520	80007312	811a	c.mv	x2,x6	  x0:0x00000000  x6:0xffffffff  x2=0xffffffff
         892477	     44522	80007314	340bad73	csrrs	x26,mscratch,x23	 x23:0x4ba87fff x26=0x80025cf4
         892497	     44523	80007318	34006cf3	csrrsi	x25,mscratch,0	 x25=0xcbaa7fff
         892537	     44525	8000731c	03b910b3	mulh	x1,x18,x27	 x18:0x00000000 x27:0xa169e172  x1=0x00000000
         893277	     44562	80007320	0250e333	rem	x6,x1,x5	  x1:0x00000000  x5:0x00000390  x6=0x00000000
         893297	     44563	80007324	00581d13	slli	x26,x16,0x5	 x16:0x00000000 x26=0x00000000
         893317	     44564	80007328	8ff9	c.and	x15,x14	 x15:0x000000ea x14:0x00000000 x15=0x00000000
         893337	     44565	8000732a	037a7263	bgeu	x20,x23,8000734e	 x20:0x00000000 x23:0x4ba87fff
         893357	     44566	8000732e	0001	c.addi	x0,0	  x0:0x00000000  x0=0x00000000
         893397	     44568	80007330	8f11	c.sub	x14,x12	 x14:0x00000000 x12:0x481aa000 x14=0xb7e56000
         893557	     44576	80007332	01854c33	xor	x24,x10,x24	 x10:0x00000014 x24:0x05f96000 x24=0x05f96014
         893577	     44577	80007336	013808b3	add	x17,x16,x19	 x16:0x00000000 x19:0x80025ce4 x17=0x80025ce4
         893597	     44578	8000733a	01024c63	blt	x4,x16,80007352	  x4:0x0eac3001 x16:0x00000000
         894797	     44638	8000733e	02b15533	divu	x10,x2,x11	  x2:0xffffffff x11:0x00000014 x10=0x0ccccccc
         894837	     44640	80007342	0323a933	mulhsu	x18,x7,x18	  x7:0x80026203 x18:0x00000000 x18=0x00000000
         894857	     44641	80007346	01616f63	bltu	x2,x22,80007364	  x2:0xffffffff x22:0x00000000
         895597	     44678	8000734a	03de5333	divu	x6,x28,x29	 x28:0x00000000 x29:0xfffd7fb7  x6=0x00000000
         895617	     44679	8000734e	40515833	sra	x16,x2,x5	  x2:0xffffffff  x5:0x00000390 x16=0xffffffff
         895637	     44680	80007352	01d7f933	and	x18,x15,x29	 x15:0x00000000 x29:0xfffd7fb7 x18=0x00000000
         895657	     44681	80007356	68fd	c.lui	x17,0x1f	 x17=0x0001f000
         895677	     44682	80007358	9636	c.add	x12,x13	 x12:0x481aa000 x13:0x80021e44 x12=0xc81cbe44
         895697	     44683	8000735a	a8590313	addi	x6,x18,-1403	 x18:0x00000000  x6=0xfffffa85
         895717	     44684	8000735e	008a	c.slli	x1,0x2	  x1:0x00000000  x1=0x00000000
         895737	     44685	80007360	34003973	csrrc	x18,mscratch,x0	  x0:0x00000000 x18=0xcbaa7fff
         895757	     44686	80007364	00dbe4b3	or	x9,x23,x13	 x23:0x4ba87fff x13:0x80021e44  x9=0xcbaa7fff
         896877	     44742	80007368	02477733	remu	x14,x14,x4	 x14:0xb7e56000  x4:0x0eac3001 x14=0x07d31ff4
         896897	     44743	8000736c	0ff0000f	fence	iorw,iorw	
         896917	     44744	80007370	0255d663	bge	x11,x5,8000739c	 x11:0x00000014  x5:0x00000390
         897657	     44781	80007374	02b26c33	rem	x24,x4,x11	  x4:0x0eac3001 x11:0x00000014 x24=0x00000005
         897677	     44782	80007378	0001	c.addi	x0,0	  x0:0x00000000  x0=0x00000000
         897697	     44783	8000737a	00b38bb3	add	x23,x7,x11	  x7:0x80026203 x11:0x00000014 x23=0x80026217
         897717	     44784	8000737e	01e39593	slli	x11,x7,0x1e	  x7:0x80026203 x11=0xc0000000
         897737	     44785	80007382	02341663	bne	x8,x3,800073ae	  x8:0x00000001  x3:0xffffffb7
         898597	     44828	800073ae	03101933	mulh	x18,x0,x17	  x0:0x00000000 x17:0x0001f000 x18=0x00000000
         898617	     44829	800073b2	ef9d	c.bnez	x15,800073f0	 x15:0x00000000
         898717	     44834	800073b4	8c39	c.xor	x8,x14	  x8:0x00000001 x14:0x07d31ff4  x8=0x07d31ff5
         898917	     44844	800073b6	01f410b3	sll	x1,x8,x31	  x8:0x07d31ff5 x31:0xbfe32308  x1=0xd31ff500
         899777	     44887	800073ba	039f48b3	div	x17,x30,x25	 x30:0xffffffff x25:0xcbaa7fff x17=0x00000000
         899797	     44888	800073be	0ff0000f	fence	iorw,iorw	
         899817	     44889	800073c2	340f6e73	csrrsi	x28,mscratch,30	 x28=0xcbaa7fff
         899857	     44891	800073c6	02632433	mulhsu	x8,x6,x6	  x6:0xfffffa85  x6:0xfffffa85  x8=0xfffffa85
         899877	     44892	800073ca	003997b3	sll	x15,x19,x3	 x19:0x80025ce4  x3:0xffffffb7 x15=0x72000000
         899897	     44893	800073ce	8c1d	c.sub	x8,x15	  x8:0xfffffa85 x15:0x72000000  x8=0x8dfffa85
         899917	     44894	800073d0	00478ab3	add	x21,x15,x4	 x15:0x72000000  x4:0x0eac3001 x21=0x80ac3001
         900157	     44906	800073d4	0e3a	c.slli	x28,0xe	 x28:0xcbaa7fff x28=0x9fffc000
         900197	     44908	800073d6	03406333	rem	x6,x0,x20	  x0:0x00000000 x20:0x00000000  x6=0x00000000
         900237	     44910	800073da	0360ad33	mulhsu	x26,x1,x22	  x1:0xd31ff500 x22:0x00000000 x26=0x00000000
         900257	     44911	800073de	0013c233	xor	x4,x7,x1	  x7:0x80026203  x1:0xd31ff500  x4=0x531d9703
         900277	     44912	800073e2	0001	c.addi	x0,0	  x0:0x00000000  x0=0x00000000
         900297	     44913	800073e4	41a65533	sra	x10,x12,x26	 x12:0xc81cbe44 x26:0x00000000 x10=0xc81cbe44
         900317	     44914	800073e8	03b0f163	bgeu	x1,x27,8000740a	  x1:0xd31ff500 x27:0xa169e172
         901357	     44966	8000740a	01881b33	sll	x22,x16,x24	 x16:0xffffffff x24:0x00000005 x22=0xffffffe0
         901557	     44976	8000740e	7fa10d13	addi	x26,x2,2042	  x2:0xffffffff x26=0x000007f9
         901997	     44998	80007412	0232a3b3	mulhsu	x7,x5,x3	  x5:0x00000390  x3:0xffffffb7  x7=0x0000038f
         902017	     44999	80007416	0001	c.addi	x0,0	  x0:0x00000000  x0=0x00000000
         902037	     45000	80007418	41f45a33	sra	x20,x8,x31	  x8:0x8dfffa85 x31:0xbfe32308 x20=0xff8dfffa
         902317	     45014	8000741c	873d	c.srai	x14,0xf	 x14:0x07d31ff4 x14=0x00000fa6
         902337	     45015	8000741e	8f79	c.and	x14,x14	 x14:0x00000fa6 x14:0x00000fa6 x14=0x00000fa6
         902357	     45016	80007420	5caa2813	slti	x16,x20,1482	 x20:0xff8dfffa x16=0x00000001
         902377	     45017	80007424	00d35193	srli	x3,x6,0xd	  x6:0x00000000  x3=0x00000000
         902397	     45018	80007428	00eceeb3	or	x29,x25,x14	 x25:0xcbaa7fff x14:0x00000fa6 x29=0xcbaa7fff
         902417	     45019	8000742c	a6318413	addi	x8,x3,-1437	  x3:0x00000000  x8=0xfffffa63
         902457	     45021	80007430	187d	c.addi	x16,-1	 x16:0x00000001 x16=0x00000000
         902477	     45022	80007432	717d	c.addi16sp	x2,-16	  x2:0xffffffff  x2=0xffffffef
         902497	     45023	80007434	34006cf3	csrrsi	x25,mscratch,0	 x25=0xcbaa7fff
         902577	     45027	80007438	ed19	c.bnez	x10,80007456	 x10:0xc81cbe44
         903737	     45085	80007456	00019ab3	sll	x21,x3,x0	  x3:0x00000000  x0:0x00000000 x21=0x00000000
         903757	     45086	8000745a	914e	c.add	x2,x19	  x2:0xffffffef x19:0x80025ce4  x2=0x80025cd3
         903797	     45088	8000745c	01cc4033	xor	x0,x24,x28	 x24:0x00000005 x28:0x9fffc000  x0=0x00000000
         903857	     45091	80007460	016445b3	xor	x11,x8,x22	  x8:0xfffffa63 x22:0xffffffe0 x11=0x00000583
         903877	     45092	80007464	0001	c.addi	x0,0	  x0:0x00000000  x0=0x00000000
         903977	     45097	80007466	03fd9d63	bne	x27,x31,800074a0	 x27:0xa169e172 x31:0xbfe32308
         904397	     45118	800074a0	03f390b3	mulh	x1,x7,x31	  x7:0x0000038f x31:0xbfe32308  x1=0xffffff1b
         905137	     45155	800074a4	036e5c33	divu	x24,x28,x22	 x28:0x9fffc000 x22:0xffffffe0 x24=0x00000000
         905157	     45156	800074a8	019f4a33	xor	x20,x30,x25	 x30:0xffffffff x25:0xcbaa7fff x20=0x34558000
         905177	     45157	800074ac	00d9ed33	or	x26,x19,x13	 x19:0x80025ce4 x13:0x80021e44 x26=0x80025ee4
         905197	     45158	800074b0	fd30cb13	xori	x22,x1,-45	  x1:0xffffff1b x22=0x000000c8
         905217	     45159	800074b4	340062f3	csrrsi	x5,mscratch,0	  x5=0xcbaa7fff
         905237	     45160	800074b8	00091a93	slli	x21,x18,0x0	 x18:0x00000000 x21=0x00000000
         905257	     45161	800074bc	0159c0b3	xor	x1,x19,x21	 x19:0x80025ce4 x21:0x00000000  x1=0x80025ce4
         905657	     45181	800074c0	4178dc13	srai	x24,x17,0x17	 x17:0x00000000 x24=0x00000000
         905677	     45182	800074c4	e191	c.bnez	x11,800074c8	 x11:0x00000583
         905797	     45188	800074c8	034e	c.slli	x6,0x13	  x6:0x00000000  x6=0x00000000
         905817	     45189	800074ca	69eafb13	andi	x22,x21,1694	 x21:0x00000000 x22=0x00000000
         905837	     45190	800074ce	340070f3	csrrci	x1,mscratch,0	  x1=0xcbaa7fff
         906037	     45200	800074d2	0000100f	fence.i	
         922497	     46023	800074d6	0165ca33	xor	x20,x11,x22	 x11:0x00000583 x22:0x00000000 x20=0x00000583
         923117	     46054	800074da	001d6d33	or	x26,x26,x1	 x26:0x80025ee4  x1:0xcbaa7fff x26=0xcbaa7fff
         923137	     46055	800074de	34072af3	csrrs	x21,mscratch,x14	 x14:0x00000fa6 x21=0xcbaa7fff
         923157	     46056	800074e2	8021	c.srli	x8,0x8	  x8:0xfffffa63  x8=0x00fffffa
         923897	     46093	800074e4	02b0d933	divu	x18,x1,x11	  x1:0xcbaa7fff x11:0x00000583 x18=0x0024f392
         923917	     46094	800074e8	02d0cc63	blt	x1,x13,80007520	  x1:0xcbaa7fff x13:0x80021e44
         923937	     46095	800074ec	e57b0f17	auipc	x30,0xe57b0	 x30=0x657b74ec
         923957	     46096	800074f0	a5fb2593	slti	x11,x22,-1441	 x22:0x00000000 x11=0x00000000
         923977	     46097	800074f4	01254c63	blt	x10,x18,8000750c	 x10:0xc81cbe44 x18:0x0024f392
         924177	     46107	8000750c	9d76	c.add	x26,x29	 x26:0xcbaa7fff x29:0xcbaa7fff x26=0x9754fffe
         924197	     46108	8000750e	861d	c.srai	x12,0x7	 x12:0xc81cbe44 x12=0xff90397c
         924617	     46129	80007510	00683833	sltu	x16,x16,x6	 x16:0x00000000  x6:0x00000000 x16=0x00000000
         924797	     46138	80007514	02bbdfb3	divu	x31,x23,x11	 x23:0x80026217 x11:0x00000000 x31=0xffffffff
         924817	     46139	80007518	0000100f	fence.i	
         925617	     46179	8000751c	34007173	csrrci	x2,mscratch,0	  x2=0xcbaa7fff
         925797	     46188	80007520	016670b3	and	x1,x12,x22	 x12:0xff90397c x22:0x00000000  x1=0x00000000
         926137	     46205	80007524	34076c73	csrrsi	x24,mscratch,14	 x24=0xcbaa7fff
         926157	     46206	80007528	8fd5	c.or	x15,x13	 x15:0x72000000 x13:0x80021e44 x15=0xf2021e44
         926577	     46227	8000752a	34061cf3	csrrw	x25,mscratch,x12	 x12:0xff90397c x25=0xcbaa7fff
         926757	     46236	8000752e	009b0a63	beq	x22,x9,80007542	 x22:0x00000000  x9:0xcbaa7fff
         926777	     46237	80007532	98fd	c.andi	x9,-1	  x9:0xcbaa7fff  x9=0xcbaa7fff
         926797	     46238	80007534	0001	c.addi	x0,0	  x0:0x00000000  x0=0x00000000
         926817	     46239	80007536	1efd	c.addi	x29,-1	 x29:0xcbaa7fff x29=0xcbaa7ffe
         927157	     46256	80007538	8ddd	c.or	x11,x15	 x11:0x00000000 x15:0xf2021e44 x11=0xf2021e44
         927177	     46257	8000753a	0183f1b3	and	x3,x7,x24	  x7:0x0000038f x24:0xcbaa7fff  x3=0x0000038f
         927197	     46258	8000753e	340021f3	csrrs	x3,mscratch,x0	  x0:0x00000000  x3=0xff90397c
         927217	     46259	80007542	931e	c.add	x6,x7	  x6:0x00000000  x7:0x0000038f  x6=0x0000038f
         927257	     46261	80007544	34005b73	csrrwi	x22,mscratch,0	 x22=0xff90397c
         927577	     46277	80007548	018d70b3	and	x1,x26,x24	 x26:0x9754fffe x24:0xcbaa7fff  x1=0x83007ffe
         927597	     46278	8000754c	eb8d	c.bnez	x15,8000757e	 x15:0xf2021e44
         927857	     46291	8000757e	121c	c.addi4spn	x15,x2,288	 x15=0xcbaa811f
         928277	     46312	80007580	0008bfb3	sltu	x31,x17,x0	 x17:0x00000000  x0:0x00000000 x31=0x00000000
         928297	     46313	80007584	4575	c.li	x10,29	 x10=0x0000001d
         928317	     46314	80007586	3407f2f3	csrrci	x5,mscratch,15	  x5=0x00000000
         928337	     46315	8000758a	88cceb13	ori	x22,x25,-1908	 x25:0xcbaa7fff x22=0xffffffff
         928397	     46318	8000758e	02e6cb63	blt	x13,x14,800075c4	 x13:0x80021e44 x14:0x00000fa6
         928457	     46321	800075c4	402a5b93	srai	x23,x20,0x2	 x20:0x00000583 x23=0x00000160
         928577	     46327	800075c8	837d	c.srli	x14,0x1f	 x14:0x00000fa6 x14=0x00000000
         929497	     46373	800075ca	026273b3	remu	x7,x4,x6	  x4:0x531d9703  x6:0x0000038f  x7=0x000001d9
         929517	     46374	800075ce	012f5433	srl	x8,x30,x18	 x30:0x657b74ec x18:0x0024f392  x8=0x0000195e
         929537	     46375	800075d2	a24cc137	lui	x2,0xa24cc	  x2=0xa24cc000
         929557	     46376	800075d6	005c5393	srli	x7,x24,0x5	 x24:0xcbaa7fff  x7=0x065d53ff
         929577	     46377	800075da	8739	c.srai	x14,0xe	 x14:0x00000000 x14=0x00000000
         929597	     46378	800075dc	0d80	c.addi4spn	x8,x2,720	  x8=0xa24cc2d0
         929617	     46379	800075de	02e6	c.slli	x5,0x19	  x5:0x00000000  x5=0x00000000
         929637	     46380	800075e0	0001	c.addi	x0,0	  x0:0x00000000  x0=0x00000000
         929657	     46381	800075e2	01995c93	srli	x25,x18,0x19	 x18:0x0024f392 x25=0x00000000
         929797	     46388	800075e6	41c7d5b3	sra	x11,x15,x28	 x15:0xcbaa811f x28:0x9fffc000 x11=0xcbaa811f
         929817	     46389	800075ea	2fb87e93	andi	x29,x16,763	 x16:0x00000000 x29=0x00000000
         929837	     46390	800075ee	0001	c.addi	x0,0	  x0:0x00000000  x0=0x00000000
         929857	     46391	800075f0	411300b3	sub	x1,x6,x17	  x6:0x0000038f x17:0x00000000  x1=0x0000038f
         929877	     46392	800075f4	8f6d	c.and	x14,x11	 x14:0x00000000 x11:0xcbaa811f x14=0x00000000
         930617	     46429	800075f6	024bf3b3	remu	x7,x23,x4	 x23:0x00000160  x4:0x531d9703  x7=0x00000160
         930637	     46430	800075fa	9666	c.add	x12,x25	 x12:0xff90397c x25:0x00000000 x12=0xff90397c
         930657	     46431	800075fc	d01ea313	slti	x6,x29,-767	 x29:0x00000000  x6=0x00000000
         930677	     46432	80007600	3402a0f3	csrrs	x1,mscratch,x5	  x5:0x00000000  x1=0x00000000
         930697	     46433	80007604	8021	c.srli	x8,0x8	  x8:0xa24cc2d0  x8=0x00a24cc2
         930717	     46434	80007606	bc696713	ori	x14,x18,-1082	 x18:0x0024f392 x14=0xfffffbd6
         930737	     46435	8000760a	0001	c.addi	x0,0	  x0:0x00000000  x0=0x00000000
         930977	     46447	8000760c	036a2f33	mulhsu	x30,x20,x22	 x20:0x00000583 x22:0xffffffff x30=0x00000582
         930997	     46448	80007610	01084563	blt	x16,x16,8000761a	 x16:0x00000000 x16:0x00000000
         931397	     46468	80007614	0060c3b3	xor	x7,x1,x6	  x1:0x00000000  x6:0x00000000  x7=0x00000000
         931417	     46469	80007618	070e	c.slli	x14,0x3	 x14:0xfffffbd6 x14=0xffffdeb0
         931437	     46470	8000761a	cf99	c.beqz	x15,80007638	 x15:0xcbaa811f
         931457	     46471	8000761c	404307b3	sub	x15,x6,x4	  x6:0x00000000  x4:0x531d9703 x15=0xace268fd
         931637	     46480	80007620	00185e63	bge	x16,x1,8000763c	 x16:0x00000000  x1:0x00000000
         932077	     46502	8000763c	41c9	c.li	x3,18	  x3=0x00000012
         932517	     46524	8000763e	0067db93	srli	x23,x15,0x6	 x15:0xace268fd x23=0x02b389a3
         932637	     46530	80007642	03246763	bltu	x8,x18,80007670	  x8:0x00a24cc2 x18:0x0024f392
         932657	     46531	80007646	41968233	sub	x4,x13,x25	 x13:0x80021e44 x25:0x00000000  x4=0x80021e44
         932697	     46533	8000764a	020f5ab3	divu	x21,x30,x0	 x30:0x00000582  x0:0x00000000 x21=0xffffffff
         932717	     46534	8000764e	1f0c	c.addi4spn	x11,x2,944	 x11=0xa24cc3b0
         932737	     46535	80007650	e595	c.bnez	x11,8000767c	 x11:0xa24cc3b0
         932917	     46544	8000767c	4e35	c.li	x28,13	 x28=0x0000000d
         933217	     46559	8000767e	340824f3	csrrs	x9,mscratch,x16	 x16:0x00000000  x9=0x00000000
         933237	     46560	80007682	02eafe63	bgeu	x21,x14,800076be	 x21:0xffffffff x14:0xffffdeb0
         934577	     46627	800076be	023fc863	blt	x31,x3,800076ee	 x31:0x00000000  x3:0x00000012
         935777	     46687	800076ee	0144aeb3	slt	x29,x9,x20	  x9:0x00000000 x20:0x00000583 x29=0x00000001
         935977	     46697	800076f2	1a817193	andi	x3,x2,424	  x2:0xa24cc000  x3=0x00000000
         935997	     46698	800076f6	e009	c.bnez	x8,800076f8	  x8:0x00a24cc2
         937017	     46749	800076f8	03bcea63	bltu	x25,x27,8000772c	 x25:0x00000000 x27:0xa169e172
         937537	     46775	8000772c	01081d63	bne	x16,x16,80007746	 x16:0x00000000 x16:0x00000000
         937577	     46777	80007730	34032273	csrrs	x4,mscratch,x6	  x6:0x00000000  x4=0x00000000
         937597	     46778	80007734	00a69b63	bne	x13,x10,8000774a	 x13:0x80021e44 x10:0x0000001d
         937837	     46790	8000774a	00716533	or	x10,x2,x7	  x2:0xa24cc000  x7:0x00000000 x10=0xa24cc000
         938577	     46827	8000774e	028bc533	div	x10,x23,x8	 x23:0x02b389a3  x8:0x00a24cc2 x10=0x00000004
         938597	     46828	80007752	01fde633	or	x12,x27,x31	 x27:0xa169e172 x31:0x00000000 x12=0xa169e172
         938617	     46829	80007756	88ae	c.mv	x17,x11	  x0:0x00000000 x11:0xa24cc3b0 x17=0xa24cc3b0
         938637	     46830	80007758	004e5a33	srl	x20,x28,x4	 x28:0x0000000d  x4:0x00000000 x20=0x0000000d
         938657	     46831	8000775c	f81e4197	auipc	x3,0xf81e4	  x3=0x781eb75c
         938697	     46833	80007760	029a28b3	mulhsu	x17,x20,x9	 x20:0x0000000d  x9:0x00000000 x17=0x00000000
         938717	     46834	80007764	340b9173	csrrw	x2,mscratch,x23	 x23:0x02b389a3  x2=0x00000000
         938937	     46845	80007768	0122b933	sltu	x18,x5,x18	  x5:0x00000000 x18:0x0024f392 x18=0x00000001
         939077	     46852	8000776c	03e88eb3	mul	x29,x17,x30	 x17:0x00000000 x30:0x00000582 x29=0x00000000
         939177	     46857	80007770	e905	c.bnez	x10,800077a0	 x10:0x00000004
         940177	     46907	800077a0	41610833	sub	x16,x2,x22	  x2:0x00000000 x22:0xffffffff x16=0x00000001
         940217	     46909	800077a4	00eabeb3	sltu	x29,x21,x14	 x21:0xffffffff x14:0xffffdeb0 x29=0x00000000
         940317	     46914	800077a8	01547833	and	x16,x8,x21	  x8:0x00a24cc2 x21:0xffffffff x16=0x00a24cc2
         940737	     46935	800077ac	00a81863	bne	x16,x10,800077bc	 x16:0x00a24cc2 x10:0x00000004
         941797	     46988	800077bc	03737733	remu	x14,x6,x23	  x6:0x00000000 x23:0x02b389a3 x14=0x00000000
         941817	     46989	800077c0	0001	c.addi	x0,0	  x0:0x00000000  x0=0x00000000
         941957	     46996	800077c2	02fdf063	bgeu	x27,x15,800077e2	 x27:0xa169e172 x15:0xace268fd
         941977	     46997	800077c6	4ef5	c.li	x29,29	 x29=0x0000001d
         942017	     46999	800077c8	036e9633	mulh	x12,x29,x22	 x29:0x0000001d x22:0xffffffff x12=0xffffffff
         942037	     47000	800077cc	8f86	c.mv	x31,x1	  x0:0x00000000  x1:0x00000000 x31=0x00000000
         942057	     47001	800077ce	717d	c.addi16sp	x2,-16	  x2:0x00000000  x2=0xfffffff0
         942077	     47002	800077d0	3409a2f3	csrrs	x5,mscratch,x19	 x19:0x80025ce4  x5=0x02b389a3
         942397	     47018	800077d4	c81d	c.beqz	x8,8000780a	  x8:0x00a24cc2
         942437	     47020	800077d6	02bc9633	mulh	x12,x25,x11	 x25:0x00000000 x11:0xa24cc3b0 x12=0x00000000
         942757	     47036	800077da	45de8313	addi	x6,x29,1117	 x29:0x0000001d  x6=0x0000047a
         943497	     47073	800077de	03d46033	rem	x0,x8,x29	  x8:0x00a24cc2 x29:0x0000001d  x0=0x00000000
         943517	     47074	800077e2	8c81	c.sub	x9,x8	  x9:0x00000000  x8:0x00a24cc2  x9=0xff5db33e
         943537	     47075	800077e4	62cc6493	ori	x9,x24,1580	 x24:0xcbaa7fff  x9=0xcbaa7fff
         943557	     47076	800077e8	84f1	c.srai	x9,0x1c	  x9:0xcbaa7fff  x9=0xfffffffc
         944297	     47113	800077ea	03e964b3	rem	x9,x18,x30	 x18:0x00000001 x30:0x00000582  x9=0x00000001
         944317	     47114	800077ee	399c7493	andi	x9,x24,921	 x24:0xcbaa7fff  x9=0x00000399
         944337	     47115	800077f2	8dc1	c.or	x11,x8	 x11:0xa24cc3b0  x8:0x00a24cc2 x11=0xa2eecff2
         944357	     47116	800077f4	836e	c.mv	x6,x27	  x0:0x00000000 x27:0xa169e172  x6=0xa169e172
         944377	     47117	800077f6	40675913	srai	x18,x14,0x6	 x14:0x00000000 x18=0x00000000
         944397	     47118	800077fa	01b29b93	slli	x23,x5,0x1b	  x5:0x02b389a3 x23=0x18000000
         944417	     47119	800077fe	34002c73	csrrs	x24,mscratch,x0	  x0:0x00000000 x24=0x82b3dde7
         944437	     47120	80007802	e309	c.bnez	x14,80007804	 x14:0x00000000
         944457	     47121	80007804	8cf5	c.and	x9,x13	  x9:0x00000399 x13:0x80021e44  x9=0x00000200
         944477	     47122	80007806	547d	c.li	x8,-1	  x8=0xffffffff
         944937	     47145	80007808	8c39	c.xor	x8,x14	  x8:0xffffffff x14:0x00000000  x8=0xffffffff
         945677	     47182	8000780a	0223c233	div	x4,x7,x2	  x7:0x00000000  x2:0xfffffff0  x4=0x00000000
         945697	     47183	8000780e	87cf7493	andi	x9,x30,-1924	 x30:0x00000582  x9=0x00000000
         945717	     47184	80007812	3408e273	csrrsi	x4,mscratch,17	  x4=0x82b3dde7
         945817	     47189	80007816	b7a5f493	andi	x9,x11,-1158	 x11:0xa2eecff2  x9=0xa2eecb72
         946177	     47207	8000781a	4158d3b3	sra	x7,x17,x21	 x17:0x00000000 x21:0xffffffff  x7=0x00000000
         946517	     47224	8000781e	024d8c63	beq	x27,x4,80007856	 x27:0xa169e172  x4:0x82b3dde7
         947617	     47279	80007822	026bf4b3	remu	x9,x23,x6	 x23:0x18000000  x6:0xa169e172  x9=0x18000000
         947637	     47280	80007826	ef65f213	andi	x4,x11,-266	 x11:0xa2eecff2  x4=0xa2eecef2
         947677	     47282	8000782a	0271fb33	remu	x22,x3,x7	  x3:0x781eb75c  x7:0x00000000 x22=0x781eb75c
         947697	     47283	8000782e	340a33f3	csrrc	x7,mscratch,x20	 x20:0x0000000d  x7=0x82b3ddf7
         947717	     47284	80007832	0001	c.addi	x0,0	  x0:0x00000000  x0=0x00000000
         947737	     47285	80007834	009928b3	slt	x17,x18,x9	 x18:0x00000000  x9:0x18000000 x17=0x00000001
         947757	     47286	80007838	3409b4f3	csrrc	x9,mscratch,x19	 x19:0x80025ce4  x9=0x82b3ddf2
         947777	     47287	8000783c	01ec9293	slli	x5,x25,0x1e	 x25:0x00000000  x5=0x00000000
         947797	     47288	80007840	d3372293	slti	x5,x14,-717	 x14:0x00000000  x5=0x00000000
         947877	     47292	80007844	3406aef3	csrrs	x29,mscratch,x13	 x13:0x80021e44 x29=0x02b18112
         948137	     47305	80007848	0209cb33	div	x22,x19,x0	 x19:0x80025ce4  x0:0x00000000 x22=0xffffffff
         948537	     47325	8000784c	0a51	c.addi	x20,20	 x20:0x0000000d x20=0x00000021
         948557	     47326	8000784e	02350163	beq	x10,x3,80007870	 x10:0x00000004  x3:0x781eb75c
         948577	     47327	80007852	00c0d3b3	srl	x7,x1,x12	  x1:0x00000000 x12:0x00000000  x7=0x00000000
         948617	     47329	80007856	032c61b3	rem	x3,x24,x18	 x24:0x82b3dde7 x18:0x00000000  x3=0x82b3dde7
         948757	     47336	8000785a	008a52b3	srl	x5,x20,x8	 x20:0x00000021  x8:0xffffffff  x5=0x00000000
         948877	     47342	8000785e	01889013	slli	x0,x17,0x18	 x17:0x00000001  x0=0x00000000
         948897	     47343	80007862	0001	c.addi	x0,0	  x0:0x00000000  x0=0x00000000
         948977	     47347	80007864	4a0e7313	andi	x6,x28,1184	 x28:0x0000000d  x6=0x00000000
         949077	     47352	80007868	340db0f3	csrrc	x1,mscratch,x27	 x27:0xa169e172  x1=0x82b39f56
         949097	     47353	8000786c	3402bf73	csrrc	x30,mscratch,x5	  x5:0x00000000 x30=0x02921e04
         949157	     47356	80007870	8da1	c.xor	x11,x8	 x11:0xa2eecff2  x8:0xffffffff x11=0x5d11300d
         949177	     47357	80007872	c3e68817	auipc	x16,0xc3e68	 x16=0x43e6f872
         949197	     47358	80007876	970e	c.add	x14,x3	 x14:0x00000000  x3:0x82b3dde7 x14=0x82b3dde7
         949337	     47365	80007878	0000100f	fence.i	
         950097	     47403	8000787c	01492533	slt	x10,x18,x20	 x18:0x00000000 x20:0x00000021 x10=0x00000001
         950437	     47420	80007880	340034f3	csrrc	x9,mscratch,x0	  x0:0x00000000  x9=0x02921e04
         950457	     47421	80007884	e9412a97	auipc	x21,0xe9412	 x21=0x69419884
         950557	     47426	80007888	340e90f3	csrrw	x1,mscratch,x29	 x29:0x02b18112  x1=0x02921e04
         950577	     47427	8000788c	616d	c.addi16sp	x2,240	  x2:0xfffffff0  x2=0x000000e0
         950597	     47428	8000788e	033e4763	blt	x28,x19,800078bc	 x28:0x0000000d x19:0x80025ce4
         950617	     47429	80007892	0000100f	fence.i	
         951097	     47453	80007896	0ff0000f	fence	iorw,iorw	
         951397	     47468	8000789a	01d5d213	srli	x4,x11,0x1d	 x11:0x5d11300d  x4=0x00000002
         952137	     47505	8000789e	02b673b3	remu	x7,x12,x11	 x12:0x00000000 x11:0x5d11300d  x7=0x00000000
         952877	     47542	800078a2	02864433	div	x8,x12,x8	 x12:0x00000000  x8:0xffffffff  x8=0x00000000
         952897	     47543	800078a6	1e7d	c.addi	x28,-1	 x28:0x0000000d x28=0x0000000c
         952917	     47544	800078a8	0001	c.addi	x0,0	  x0:0x00000000  x0=0x00000000
         952937	     47545	800078aa	41ba5e33	sra	x28,x20,x27	 x20:0x00000021 x27:0xa169e172 x28=0x00000000
         952957	     47546	800078ae	8cc9	c.or	x9,x10	  x9:0x02921e04 x10:0x00000001  x9=0x02921e05
         952977	     47547	800078b0	486b0a93	addi	x21,x22,1158	 x22:0xffffffff x21=0x00000485
         952997	     47548	800078b4	ce32ba93	sltiu	x21,x5,-797	  x5:0x00000000 x21=0x00000001
         953017	     47549	800078b8	00219eb3	sll	x29,x3,x2	  x3:0x82b3dde7  x2:0x000000e0 x29=0x82b3dde7
         953037	     47550	800078bc	8dbd	c.xor	x11,x15	 x11:0x5d11300d x15:0xace268fd x11=0xf1f358f0
         953057	     47551	800078be	027e6763	bltu	x28,x7,800078ec	 x28:0x00000000  x7:0x00000000
         953277	     47562	800078c2	02b39c63	bne	x7,x11,800078fa	  x7:0x00000000 x11:0xf1f358f0
         953597	     47578	800078fa	9aea	c.add	x21,x26	 x21:0x00000001 x26:0x9754fffe x21=0x9754ffff
         953857	     47591	800078fc	1300	c.addi4spn	x8,x2,416	  x8=0x00000280
         953877	     47592	800078fe	03f3c197	auipc	x3,0x3f3c	  x3=0x83f438fe
         953897	     47593	80007902	eb19	c.bnez	x14,80007918	 x14:0x82b3dde7
         954217	     47609	80007918	34061273	csrrw	x4,mscratch,x12	 x12:0x00000000  x4=0x02b18112
         954337	     47615	8000791c	50d95cb7	lui	x25,0x50d95	 x25=0x50d95000
         954357	     47616	80007920	6151	c.addi16sp	x2,272	  x2:0x000000e0  x2=0x000001f0
         954377	     47617	80007922	0000100f	fence.i	
         954457	     47621	80007926	0739	c.addi	x14,14	 x14:0x82b3dde7 x14=0x82b3ddf5
         954517	     47624	80007928	8d3d	c.xor	x10,x15	 x10:0x00000001 x15:0xace268fd x10=0xace268fc
         954537	     47625	8000792a	005c48b3	xor	x17,x24,x5	 x24:0x82b3dde7  x5:0x00000000 x17=0x82b3dde7
         954557	     47626	8000792e	8d89	c.sub	x11,x10	 x11:0xf1f358f0 x10:0xace268fc x11=0x4510eff4
         954797	     47638	80007930	0885	c.addi	x17,1	 x17:0x82b3dde7 x17=0x82b3dde8
         954817	     47639	80007932	87dd	c.srai	x15,0x17	 x15:0xace268fd x15=0xffffff59
         954877	     47642	80007934	003f1e93	slli	x29,x30,0x3	 x30:0x02921e04 x29=0x1490f020
         954897	     47643	80007938	340670f3	csrrci	x1,mscratch,12	  x1=0x00000000
         955317	     47664	8000793c	9bfd	c.andi	x15,-1	 x15:0xffffff59 x15=0xffffff59
         956237	     47710	8000793e	0389cb33	div	x22,x19,x24	 x19:0x80025ce4 x24:0x82b3dde7 x22=0x00000001
         971197	     48458	80007942	418f5fb3	sra	x31,x30,x24	 x30:0x02921e04 x24:0x82b3dde7 x31=0x0005243c
         971217	     48459	80007946	85de	c.mv	x11,x23	  x0:0x00000000 x23:0x18000000 x11=0x18000000
         971237	     48460	80007948	34063873	csrrc	x16,mscratch,x12	 x12:0x00000000 x16=0x00000000
         971257	     48461	8000794c	00d6dfb3	srl	x31,x13,x13	 x13:0x80021e44 x13:0x80021e44 x31=0x080021e4
         971277	     48462	80007950	8341	c.srli	x14,0x10	 x14:0x82b3ddf5 x14=0x000082b3
         971297	     48463	80007952	0e4a	c.slli	x28,0x12	 x28:0x00000000 x28=0x00000000
         971317	     48464	80007954	8e01	c.sub	x12,x8	 x12:0x00000000  x8:0x00000280 x12=0xfffffd80
         971597	     48478	80007956	34075373	csrrwi	x6,mscratch,14	  x6=0x00000000
         972437	     48520	8000795a	02acc933	div	x18,x25,x10	 x25:0x50d95000 x10:0xace268fc x18=0x00000000
         972457	     48521	8000795e	026a0e33	mul	x28,x20,x6	 x20:0x00000021  x6:0x00000000 x28=0x00000000
         972477	     48522	80007962	0f08	c.addi4spn	x10,x2,912	 x10=0x00000580
         972497	     48523	80007964	94a2	c.add	x9,x8	  x9:0x02921e05  x8:0x00000280  x9=0x02922085
         973237	     48560	80007966	02e8d1b3	divu	x3,x17,x14	 x17:0x82b3dde8 x14:0x000082b3  x3=0x00010001
         973977	     48597	8000796a	03124cb3	div	x25,x4,x17	  x4:0x02b18112 x17:0x82b3dde8 x25=0x00000000
         973997	     48598	8000796e	41cc5ab3	sra	x21,x24,x28	 x24:0x82b3dde7 x28:0x00000000 x21=0x82b3dde7
         974017	     48599	80007972	8dc1	c.or	x11,x8	 x11:0x18000000  x8:0x00000280 x11=0x18000280
         974037	     48600	80007974	34016d73	csrrsi	x26,mscratch,2	 x26=0x0000000e
         974057	     48601	80007978	340067f3	csrrsi	x15,mscratch,0	 x15=0x0000000e
         974077	     48602	8000797c	00c9	c.addi	x1,18	  x1:0x00000000  x1=0x00000012
         974097	     48603	8000797e	412dd733	sra	x14,x27,x18	 x27:0xa169e172 x18:0x00000000 x14=0xa169e172
         974117	     48604	80007982	c2f58e97	auipc	x29,0xc2f58	 x29=0x42f5f982
         974157	     48606	80007986	013ca333	slt	x6,x25,x19	 x25:0x00000000 x19:0x80025ce4  x6=0x00000000
         974177	     48607	8000798a	55c6c193	xori	x3,x13,1372	 x13:0x80021e44  x3=0x80021b18
         974197	     48608	8000798e	9caa	c.add	x25,x10	 x25:0x00000000 x10:0x00000580 x25=0x00000580
         974217	     48609	80007990	8e1d	c.sub	x12,x15	 x12:0xfffffd80 x15:0x0000000e x12=0xfffffd72
         974237	     48610	80007992	037e6763	bltu	x28,x23,800079c0	 x28:0x00000000 x23:0x18000000
         974817	     48639	800079c0	40545593	srai	x11,x8,0x5	  x8:0x00000280 x11=0x00000014
         975237	     48660	800079c4	34059f73	csrrw	x30,mscratch,x11	 x11:0x00000014 x30=0x0000000e
         975257	     48661	800079c8	41ffd7b3	sra	x15,x31,x31	 x31:0x080021e4 x31:0x080021e4 x15=0x0080021e
         975457	     48671	800079cc	0143a033	slt	x0,x7,x20	  x7:0x00000000 x20:0x00000021  x0=0x00000000
         975637	     48680	800079d0	00cd24b3	slt	x9,x26,x12	 x26:0x0000000e x12:0xfffffd72  x9=0x00000000
         975737	     48685	800079d4	00e84c63	blt	x16,x14,800079ec	 x16:0x00000000 x14:0xa169e172
         976557	     48726	800079d8	039c7fb3	remu	x31,x24,x25	 x24:0x82b3dde7 x25:0x00000580 x31=0x000003e7
         976577	     48727	800079dc	01359d33	sll	x26,x11,x19	 x11:0x00000014 x19:0x80025ce4 x26=0x00000140
         976597	     48728	800079e0	00439713	slli	x14,x7,0x4	  x7:0x00000000 x14=0x00000000
         976617	     48729	800079e4	c889	c.beqz	x9,800079f6	  x9:0x00000000
         977437	     48770	800079f6	6e71	c.lui	x28,0x1c	 x28=0x0001c000
         978077	     48802	800079f8	05937063	bgeu	x6,x25,80007a38	  x6:0x00000000 x25:0x00000580
         978097	     48803	800079fc	34002973	csrrs	x18,mscratch,x0	  x0:0x00000000 x18=0x00000014
         978317	     48814	80007a00	34071573	csrrw	x10,mscratch,x14	 x14:0x00000000 x10=0x00000014
         978657	     48831	80007a04	c41d	c.beqz	x8,80007a32	  x8:0x00000280
         978677	     48832	80007a06	02588433	mul	x8,x17,x5	 x17:0x82b3dde8  x5:0x00000000  x8=0x00000000
         978697	     48833	80007a0a	ee05	c.bnez	x12,80007a42	 x12:0xfffffd72
         979417	     48869	80007a42	8e09	c.sub	x12,x10	 x12:0xfffffd72 x10:0x00000014 x12=0xfffffd5e
         979657	     48881	80007a44	340a9473	csrrw	x8,mscratch,x21	 x21:0x82b3dde7  x8=0x00000000
         979677	     48882	80007a48	d7d70193	addi	x3,x14,-643	 x14:0x00000000  x3=0xfffffd7d
         979697	     48883	80007a4c	b7f53a93	sltiu	x21,x10,-1153	 x10:0x00000014 x21=0x00000001
         980117	     48904	80007a50	0074e2b3	or	x5,x9,x7	  x9:0x00000000  x7:0x00000000  x5=0x00000000
         980137	     48905	80007a54	34003bf3	csrrc	x23,mscratch,x0	  x0:0x00000000 x23=0x82b3dde7
         980157	     48906	80007a58	0099dcb3	srl	x25,x19,x9	 x19:0x80025ce4  x9:0x00000000 x25=0x80025ce4
         980897	     48943	80007a5c	0323f3b3	remu	x7,x7,x18	  x7:0x00000000 x18:0x00000014  x7=0x00000000
         980917	     48944	80007a60	34007373	csrrci	x6,mscratch,0	  x6=0x82b3dde7
         980937	     48945	80007a64	e71d	c.bnez	x14,80007a92	 x14:0x00000000
         980957	     48946	80007a66	9a3a	c.add	x20,x14	 x20:0x00000021 x14:0x00000000 x20=0x00000021
         980977	     48947	80007a68	03865563	bge	x12,x24,80007a92	 x12:0xfffffd5e x24:0x82b3dde7
         982157	     49006	80007a92	7c27fc13	andi	x24,x15,1986	 x15:0x0080021e x24=0x00000202
         982177	     49007	80007a96	8cc5	c.or	x9,x9	  x9:0x00000000  x9:0x00000000  x9=0x00000000
         982577	     49027	80007a98	6cf1	c.lui	x25,0x1c	 x25=0x0001c000
         982597	     49028	80007a9a	03a1	c.addi	x7,8	  x7:0x00000000  x7=0x00000008
         982617	     49029	80007a9c	1f7d	c.addi	x30,-1	 x30:0x0000000e x30=0x0000000d
         982637	     49030	80007a9e	340ffcf3	csrrci	x25,mscratch,31	 x25=0x82b3dde7
         982657	     49031	80007aa2	0c7a	c.slli	x24,0x1e	 x24:0x00000202 x24=0x80000000
         982677	     49032	80007aa4	933a	c.add	x6,x14	  x6:0x82b3dde7 x14:0x00000000  x6=0x82b3dde7
         982957	     49046	80007aa6	03c9c063	blt	x19,x28,80007ac6	 x19:0x80025ce4 x28:0x0001c000
         983237	     49060	80007ac6	0157b433	sltu	x8,x15,x21	 x15:0x0080021e x21:0x00000001  x8=0x00000000
         983577	     49077	80007aca	87c16b93	ori	x23,x2,-1924	  x2:0x000001f0 x23=0xfffff9fc
         983597	     49078	80007ace	40cc5d13	srai	x26,x24,0xc	 x24:0x80000000 x26=0xfff80000
         984017	     49099	80007ad2	006847b3	xor	x15,x16,x6	 x16:0x00000000  x6:0x82b3dde7 x15=0x82b3dde7
         984157	     49106	80007ad6	34089173	csrrw	x2,mscratch,x17	 x17:0x82b3dde8  x2=0x82b3dde0
         984177	     49107	80007ada	40355e13	srai	x28,x10,0x3	 x10:0x00000014 x28=0x00000002
         984197	     49108	80007ade	01b27263	bgeu	x4,x27,80007ae2	  x4:0x02b18112 x27:0xa169e172
         984217	     49109	80007ae2	c799	c.beqz	x15,80007af0	 x15:0x82b3dde7
         984237	     49110	80007ae4	017d00b3	add	x1,x26,x23	 x26:0xfff80000 x23:0xfffff9fc  x1=0xfff7f9fc
         984257	     49111	80007ae8	9b7d	c.andi	x14,-1	 x14:0x00000000 x14=0x00000000
         984277	     49112	80007aea	c30d	c.beqz	x14,80007b0c	 x14:0x00000000
         984517	     49124	80007b0c	020e31b3	mulhu	x3,x28,x0	 x28:0x00000002  x0:0x00000000  x3=0x00000000
         984537	     49125	80007b10	f4ea6eb7	lui	x29,0xf4ea6	 x29=0xf4ea6000
         984817	     49139	80007b14	0ff0000f	fence	iorw,iorw	
         984957	     49146	80007b18	00e773b3	and	x7,x14,x14	 x14:0x00000000 x14:0x00000000  x7=0x00000000
         984977	     49147	80007b1c	8e15	c.sub	x12,x13	 x12:0xfffffd5e x13:0x80021e44 x12=0x7ffddf1a
         984997	     49148	80007b1e	717d	c.addi16sp	x2,-16	  x2:0x82b3dde0  x2=0x82b3ddd0
         985037	     49150	80007b20	2c6af413	andi	x8,x21,710	 x21:0x00000001  x8=0x00000000
         985457	     49171	80007b24	01fa3733	sltu	x14,x20,x31	 x20:0x00000021 x31:0x000003e7 x14=0x00000001
         985477	     49172	80007b28	160c	c.addi4spn	x11,x2,800	 x11=0x82b3e0f0
         985497	     49173	80007b2a	03e88063	beq	x17,x30,80007b4a	 x17:0x82b3dde8 x30:0x0000000d
         985917	     49194	80007b2e	488d8c13	addi	x24,x27,1160	 x27:0xa169e172 x24=0xa169e5fa
         985937	     49195	80007b32	0000100f	fence.i	
         986317	     49214	80007b36	1efd	c.addi	x29,-1	 x29:0xf4ea6000 x29=0xf4ea5fff
         986497	     49223	80007b38	340bf473	csrrci	x8,mscratch,23	  x8=0x82b3dde8
         986857	     49241	80007b3c	85f1	c.srai	x11,0x1c	 x11:0x82b3e0f0 x11=0xfffffff8
         987037	     49250	80007b3e	8316ac93	slti	x25,x13,-1999	 x13:0x80021e44 x25=0x00000001
         987457	     49271	80007b42	340ed473	csrrwi	x8,mscratch,29	  x8=0x82b3dde8
         987477	     49272	80007b46	0168dcb3	srl	x25,x17,x22	 x17:0x82b3dde8 x22:0x00000001 x25=0x4159eef4
         987637	     49280	80007b4a	02e39b63	bne	x7,x14,80007b80	  x7:0x00000000 x14:0x00000001
         988337	     49315	80007b80	009c7363	bgeu	x24,x9,80007b86	 x24:0xa169e5fa  x9:0x00000000
         989157	     49356	80007b86	01105513	srli	x10,x0,0x11	  x0:0x00000000 x10=0x00000000
         989177	     49357	80007b8a	6171	c.addi16sp	x2,336	  x2:0x82b3ddd0  x2=0x82b3df20
         989197	     49358	80007b8c	006f0033	add	x0,x30,x6	 x30:0x0000000d  x6:0x82b3dde7  x0=0x00000000
         989217	     49359	80007b90	34047473	csrrci	x8,mscratch,8	  x8=0x0000001d
         989577	     49377	80007b94	001370b3	and	x1,x6,x1	  x6:0x82b3dde7  x1:0xfff7f9fc  x1=0x82b3d9e4
         989977	     49397	80007b98	884d	c.andi	x8,19	  x8:0x0000001d  x8=0x00000011
         990177	     49407	80007b9a	03cf9333	mulh	x6,x31,x28	 x31:0x000003e7 x28:0x00000002  x6=0x00000000
         990197	     49408	80007b9e	012082b3	add	x5,x1,x18	  x1:0x82b3d9e4 x18:0x00000014  x5=0x82b3d9f8
         990317	     49414	80007ba2	b8530e13	addi	x28,x6,-1147	  x6:0x00000000 x28=0xfffffb85
         990337	     49415	80007ba6	ec1d	c.bnez	x8,80007be4	  x8:0x00000011
         991797	     49488	80007be4	032d6eb3	rem	x29,x26,x18	 x26:0xfff80000 x18:0x00000014 x29=0xfffffff8
         991817	     49489	80007be8	01cf7c33	and	x24,x30,x28	 x30:0x0000000d x28:0xfffffb85 x24=0x00000005
         991837	     49490	80007bec	9e0cfa13	andi	x20,x25,-1568	 x25:0x4159eef4 x20=0x4159e8e0
         992577	     49527	80007bf0	0223c4b3	div	x9,x7,x2	  x7:0x00000000  x2:0x82b3df20  x9=0x00000000
         993317	     49564	80007bf4	024c6c33	rem	x24,x24,x4	 x24:0x00000005  x4:0x02b18112 x24=0x00000005
         993337	     49565	80007bf8	0001	c.addi	x0,0	  x0:0x00000000  x0=0x00000000
         993357	     49566	80007bfa	626d	c.lui	x4,0x1b	  x4=0x0001b000
         993377	     49567	80007bfc	40fad313	srai	x6,x21,0xf	 x21:0x00000001  x6=0x00000000
         993397	     49568	80007c00	40448933	sub	x18,x9,x4	  x9:0x00000000  x4:0x0001b000 x18=0xfffe5000
         993417	     49569	80007c04	01f700b3	add	x1,x14,x31	 x14:0x00000001 x31:0x000003e7  x1=0x000003e8
         993437	     49570	80007c08	8f2bed37	lui	x26,0x8f2be	 x26=0x8f2be000
         993457	     49571	80007c0c	03927663	bgeu	x4,x25,80007c38	  x4:0x0001b000 x25:0x4159eef4
         993897	     49593	80007c10	8ed6	c.mv	x29,x21	  x0:0x00000000 x21:0x00000001 x29=0x00000001
         993917	     49594	80007c12	4168dd13	srai	x26,x17,0x16	 x17:0x82b3dde8 x26=0xfffffe0a
         993937	     49595	80007c16	0001	c.addi	x0,0	  x0:0x00000000  x0=0x00000000
         994177	     49607	80007c18	0146b0b3	sltu	x1,x13,x20	 x13:0x80021e44 x20:0x4159e8e0  x1=0x00000000
         994297	     49613	80007c1c	0ff0000f	fence	iorw,iorw	
         994337	     49615	80007c20	03219c33	mulh	x24,x3,x18	  x3:0x00000000 x18:0xfffe5000 x24=0x00000000
         994357	     49616	80007c24	8f51	c.or	x14,x12	 x14:0x00000001 x12:0x7ffddf1a x14=0x7ffddf1b
         994397	     49618	80007c26	0166ac33	slt	x24,x13,x22	 x13:0x80021e44 x22:0x00000001 x24=0x00000001
         995137	     49655	80007c2a	02be4bb3	div	x23,x28,x11	 x28:0xfffffb85 x11:0xfffffff8 x23=0x0000008f
         995157	     49656	80007c2e	0000100f	fence.i	
         995837	     49690	80007c32	597d	c.li	x18,-1	 x18=0xffffffff
         995857	     49691	80007c34	340a9bf3	csrrw	x23,mscratch,x21	 x21:0x00000001 x23=0x00000015
         995877	     49692	80007c38	00acc633	xor	x12,x25,x10	 x25:0x4159eef4 x10:0x00000000 x12=0x4159eef4
         996077	     49702	80007c3c	0001	c.addi	x0,0	  x0:0x00000000  x0=0x00000000
         996097	     49703	80007c3e	00b75913	srli	x18,x14,0xb	 x14:0x7ffddf1b x18=0x000fffbb
         996117	     49704	80007c42	0a977393	andi	x7,x14,169	 x14:0x7ffddf1b  x7=0x00000009
         996417	     49719	80007c46	bbafc713	xori	x14,x31,-1094	 x31:0x000003e7 x14=0xfffff85d
         996497	     49723	80007c4a	03631c63	bne	x6,x22,80007c82	  x6:0x00000000 x22:0x00000001
         997057	     49751	80007c82	8d5d	c.or	x10,x15	 x10:0x00000000 x15:0x82b3dde7 x10=0x82b3dde7
         997477	     49772	80007c84	0001	c.addi	x0,0	  x0:0x00000000  x0=0x00000000
         997497	     49773	80007c86	8cad	c.xor	x9,x11	  x9:0x00000000 x11:0xfffffff8  x9=0xfffffff8
         997797	     49788	80007c88	0000100f	fence.i	
         998057	     49801	80007c8c	54fd	c.li	x9,-1	  x9=0xffffffff
         998137	     49805	80007c8e	34007f73	csrrci	x30,mscratch,0	 x30=0x00000001
         998557	     49826	80007c92	02d982b3	mul	x5,x19,x13	 x19:0x80025ce4 x13:0x80021e44  x5=0x014b6490
         998757	     49836	80007c96	01058033	add	x0,x11,x16	 x11:0xfffffff8 x16:0x00000000  x0=0x00000000
         999177	     49857	80007c9a	340a5cf3	csrrwi	x25,mscratch,20	 x25=0x00000001
         999377	     49867	80007c9e	00d3d013	srli	x0,x7,0xd	  x7:0x00000009  x0=0x00000000
         999497	     49873	80007ca2	340021f3	csrrs	x3,mscratch,x0	  x0:0x00000000  x3=0x00000014
         999517	     49874	80007ca6	717d	c.addi16sp	x2,-16	  x2:0x82b3df20  x2=0x82b3df10
         999537	     49875	80007ca8	00e20d63	beq	x4,x14,80007cc2	  x4:0x0001b000 x14:0xfffff85d
         999557	     49876	80007cac	34063073	csrrc	x0,mscratch,x12	 x12:0x4159eef4  x0=0x00000000
         999577	     49877	80007cb0	340025f3	csrrs	x11,mscratch,x0	  x0:0x00000000 x11=0x00000000
        1000317	     49914	80007cb4	03eb5133	divu	x2,x22,x30	 x22:0x00000001 x30:0x00000001  x2=0x00000001
        1000337	     49915	80007cb8	1d7d	c.addi	x26,-1	 x26:0xfffffe0a x26=0xfffffe09
        1000357	     49916	80007cba	3403d773	csrrwi	x14,mscratch,7	 x14=0x00000000
        1001097	     49953	80007cbe	0360efb3	rem	x31,x1,x22	  x1:0x00000000 x22:0x00000001 x31=0x00000000
        1001117	     49954	80007cc2	0001	c.addi	x0,0	  x0:0x00000000  x0=0x00000000
        1001137	     49955	80007cc4	415c5013	srai	x0,x24,0x15	 x24:0x00000001  x0=0x00000000
        1001157	     49956	80007cc8	0167a133	slt	x2,x15,x22	 x15:0x82b3dde7 x22:0x00000001  x2=0x00000001
        1001177	     49957	80007ccc	00d418b3	sll	x17,x8,x13	  x8:0x00000011 x13:0x80021e44 x17=0x00000110
        1001197	     49958	80007cd0	012c0f33	add	x30,x24,x18	 x24:0x00000001 x18:0x000fffbb x30=0x000fffbc
        1001217	     49959	80007cd4	84fd	c.srai	x9,0x1f	  x9:0xffffffff  x9=0xffffffff
        1002037	     50000	80007cd6	03666833	rem	x16,x12,x22	 x12:0x4159eef4 x22:0x00000001 x16=0x00000000
        1002057	     50001	80007cda	1036b837	lui	x16,0x1036b	 x16=0x1036b000
        1002077	     50002	80007cde	8889	c.andi	x9,2	  x9:0xffffffff  x9=0x00000002
        1002097	     50003	80007ce0	340f11f3	csrrw	x3,mscratch,x30	 x30:0x000fffbc  x3=0x00000007
        1002117	     50004	80007ce4	0001	c.addi	x0,0	  x0:0x00000000  x0=0x00000000
        1002137	     50005	80007ce6	981a	c.add	x16,x6	 x16:0x1036b000  x6:0x00000000 x16=0x1036b000
        1002157	     50006	80007ce8	8e62	c.mv	x28,x24	  x0:0x00000000 x24:0x00000001 x28=0x00000001
        1002177	     50007	80007cea	0098	c.addi4spn	x14,x2,64	 x14=0x00000041
        1002197	     50008	80007cec	1ffd	c.addi	x31,-1	 x31:0x00000000 x31=0xffffffff
        1002237	     50010	80007cee	02aab133	mulhu	x2,x21,x10	 x21:0x00000001 x10:0x82b3dde7  x2=0x00000000
        1002277	     50012	80007cf2	038ab833	mulhu	x16,x21,x24	 x21:0x00000001 x24:0x00000001 x16=0x00000000
        1002297	     50013	80007cf6	8a2e	c.mv	x20,x11	  x0:0x00000000 x11:0x00000000 x20=0x00000000
        1002617	     50029	80007cf8	8d22	c.mv	x26,x8	  x0:0x00000000  x8:0x00000011 x26=0x00000011
        1002637	     50030	80007cfa	9fca	c.add	x31,x18	 x31:0xffffffff x18:0x000fffbb x31=0x000fffba
        1002657	     50031	80007cfc	82da	c.mv	x5,x22	  x0:0x00000000 x22:0x00000001  x5=0x00000001
        1002677	     50032	80007cfe	0b12	c.slli	x22,0x4	 x22:0x00000001 x22=0x00000010
        1002777	     50037	80007d00	0be5	c.addi	x23,25	 x23:0x00000015 x23=0x0000002e
        1002797	     50038	80007d02	0001	c.addi	x0,0	  x0:0x00000000  x0=0x00000000
        1002997	     50048	80007d04	0ff0000f	fence	iorw,iorw	
        1003017	     50049	80007d08	3407e1f3	csrrsi	x3,mscratch,15	  x3=0x000fffbc
        1003177	     50057	80007d0c	0265e0b3	rem	x1,x11,x6	 x11:0x00000000  x6:0x00000000  x1=0x00000000
        1003337	     50065	80007d10	0001	c.addi	x0,0	  x0:0x00000000  x0=0x00000000
        1003357	     50066	80007d12	717d	c.addi16sp	x2,-16	  x2:0x00000000  x2=0xfffffff0
        1003377	     50067	80007d14	41e6d933	sra	x18,x13,x30	 x13:0x80021e44 x30:0x000fffbc x18=0xfffffff8
        1003457	     50071	80007d18	41cdd333	sra	x6,x27,x28	 x27:0xa169e172 x28:0x00000001  x6=0xd0b4f0b9
        1003477	     50072	80007d1c	8de1	c.and	x11,x8	 x11:0x00000000  x8:0x00000011 x11=0x00000000
        1003897	     50093	80007d1e	0ff0000f	fence	iorw,iorw	
        1003917	     50094	80007d22	40cf5913	srai	x18,x30,0xc	 x30:0x000fffbc x18=0x000000ff
        1003937	     50095	80007d26	34035c73	csrrwi	x24,mscratch,6	 x24=0x000fffbf
        1003957	     50096	80007d2a	ce325797	auipc	x15,0xce325	 x15=0x4e32cd2a
        1004837	     50140	80007d2e	0249ebb3	rem	x23,x19,x4	 x19:0x80025ce4  x4:0x0001b000 x23=0xfffedce4
        1004857	     50141	80007d32	01889c93	slli	x25,x17,0x18	 x17:0x00000110 x25=0x10000000
        1004877	     50142	80007d36	8978cf93	xori	x31,x17,-1897	 x17:0x00000110 x31=0xfffff987
        1004917	     50144	80007d3a	0360a133	mulhsu	x2,x1,x22	  x1:0x00000000 x22:0x00000010  x2=0x00000000
        1004957	     50146	80007d3e	039bbf33	mulhu	x30,x23,x25	 x23:0xfffedce4 x25:0x10000000 x30=0x0fffedce
        1004997	     50148	80007d42	02195333	divu	x6,x18,x1	 x18:0x000000ff  x1:0x00000000  x6=0xffffffff
        1005077	     50152	80007d46	017175b3	and	x11,x2,x23	  x2:0x00000000 x23:0xfffedce4 x11=0x00000000
        1005297	     50163	80007d4a	030a7ab3	remu	x21,x20,x16	 x20:0x00000000 x16:0x00000000 x21=0x00000000
        1005697	     50183	80007d4e	a6f27597	auipc	x11,0xa6f27	 x11=0x26f2ed4e
        1005737	     50185	80007d52	019facb3	slt	x25,x31,x25	 x31:0xfffff987 x25:0x10000000 x25=0x00000001
        1005757	     50186	80007d56	0c04	c.addi4spn	x9,x2,528	  x9=0x00000210
        1005817	     50189	80007d58	b925a713	slti	x14,x11,-1134	 x11:0x26f2ed4e x14=0x00000000
        1005877	     50192	80007d5c	01184633	xor	x12,x16,x17	 x16:0x00000000 x17:0x00000110 x12=0x00000110
        1005897	     50193	80007d60	8f7d	c.and	x14,x15	 x14:0x00000000 x15:0x4e32cd2a x14=0x00000000
        1005917	     50194	80007d62	6c45	c.lui	x24,0x11	 x24=0x00011000
        1006037	     50200	80007d64	03844863	blt	x8,x24,80007d94	  x8:0x00000011 x24:0x00011000
        1007077	     50252	80007d94	9915f813	andi	x16,x11,-1647	 x11:0x26f2ed4e x16=0x26f2e900
        1007117	     50254	80007d98	4c2f7a93	andi	x21,x30,1218	 x30:0x0fffedce x21=0x000004c2
        1007557	     50276	80007d9c	030d3533	mulhu	x10,x26,x16	 x26:0x00000011 x16:0x26f2e900 x10=0x00000002
        1008377	     50317	80007da0	02b6c233	div	x4,x13,x11	 x13:0x80021e44 x11:0x26f2ed4e  x4=0xfffffffd
        1008397	     50318	80007da4	8f755417	auipc	x8,0x8f755	  x8=0x0f75cda4
        1008417	     50319	80007da8	e585	c.bnez	x11,80007dd0	 x11:0x26f2ed4e
        1008557	     50326	80007dd0	01ac68b3	or	x17,x24,x26	 x24:0x00011000 x26:0x00000011 x17=0x00011011
        1008577	     50327	80007dd4	01f2ed33	or	x26,x5,x31	  x5:0x00000001 x31:0xfffff987 x26=0xfffff987
        1008617	     50329	80007dd8	02a418b3	mulh	x17,x8,x10	  x8:0x0f75cda4 x10:0x00000002 x17=0x00000000
        1008637	     50330	80007ddc	0716	c.slli	x14,0x5	 x14:0x00000000 x14=0x00000000
        1008657	     50331	80007dde	ee0d	c.bnez	x12,80007e18	 x12:0x00000110
        1009397	     50368	80007e18	8935	c.andi	x10,13	 x10:0x00000002 x10=0x00000000
        1009417	     50369	80007e1a	0083ed63	bltu	x7,x8,80007e34	  x7:0x00000009  x8:0x0f75cda4
        1020917	     50944	80007e34	1a44f637	lui	x12,0x1a44f	 x12=0x1a44f000
        1020957	     50946	80007e38	03372fb3	mulhsu	x31,x14,x19	 x14:0x00000000 x19:0x80025ce4 x31=0x00000000
        1020977	     50947	80007e3c	340038f3	csrrc	x17,mscratch,x0	  x0:0x00000000 x17=0x00000006
        1020997	     50948	80007e40	83e9	c.srli	x15,0x1a	 x15:0x4e32cd2a x15=0x00000013
        1021017	     50949	80007e42	8d8d	c.sub	x11,x11	 x11:0x26f2ed4e x11:0x26f2ed4e x11=0x00000000
        1021037	     50950	80007e44	340c5273	csrrwi	x4,mscratch,24	  x4=0x00000006
        1021057	     50951	80007e48	016e25b3	slt	x11,x28,x22	 x28:0x00000001 x22:0x00000010 x11=0x00000001
        1021457	     50971	80007e4c	1880	c.addi4spn	x8,x2,112	  x8=0x00000070
        1022197	     51008	80007e4e	032bfa33	remu	x20,x23,x18	 x23:0xfffedce4 x18:0x000000ff x20=0x000000c0
        1022217	     51009	80007e52	3404d1f3	csrrwi	x3,mscratch,9	  x3=0x00000018
        1022957	     51046	80007e56	038c6533	rem	x10,x24,x24	 x24:0x00011000 x24:0x00011000 x10=0x00000000
        1022977	     51047	80007e5a	01311b13	slli	x22,x2,0x13	  x2:0x00000000 x22=0x00000000
        1022997	     51048	80007e5e	340dd8f3	csrrwi	x17,mscratch,27	 x17=0x00000009
        1023037	     51050	80007e62	03604a33	div	x20,x0,x22	  x0:0x00000000 x22:0x00000000 x20=0xffffffff
        1023057	     51051	80007e66	99fd	c.andi	x11,-1	 x11:0x00000001 x11=0x00000001
        1023077	     51052	80007e68	1cc82893	slti	x17,x16,460	 x16:0x26f2e900 x17=0x00000000
        1023097	     51053	80007e6c	018e63b3	or	x7,x28,x24	 x28:0x00000001 x24:0x00011000  x7=0x00011001
        1023117	     51054	80007e70	3ab48193	addi	x3,x9,939	  x9:0x00000210  x3=0x000005bb
        1023317	     51064	80007e74	0001	c.addi	x0,0	  x0:0x00000000  x0=0x00000000
        1023337	     51065	80007e76	0001	c.addi	x0,0	  x0:0x00000000  x0=0x00000000
        1023397	     51068	80007e78	340075f3	csrrci	x11,mscratch,0	 x11=0x0000001b
        1023417	     51069	80007e7c	c985	c.beqz	x11,80007eac	 x11:0x0000001b
        1023577	     51077	80007e7e	340b58f3	csrrwi	x17,mscratch,22	 x17=0x0000001b
        1023617	     51079	80007e82	0265a633	mulhsu	x12,x11,x6	 x11:0x0000001b  x6:0xffffffff x12=0x0000001a
        1023637	     51080	80007e86	0001	c.addi	x0,0	  x0:0x00000000  x0=0x00000000
        1023877	     51092	80007e88	e915	c.bnez	x10,80007ebc	 x10:0x00000000
        1023997	     51098	80007e8a	00567a33	and	x20,x12,x5	 x12:0x0000001a  x5:0x00000001 x20=0x00000000
        1024257	     51111	80007e8e	005d1c93	slli	x25,x26,0x5	 x26:0xfffff987 x25=0xffff30e0
        1024277	     51112	80007e92	6dda2293	slti	x5,x20,1757	 x20:0x00000000  x5=0x00000001
        1025197	     51158	80007e96	030a4fb3	div	x31,x20,x16	 x20:0x00000000 x16:0x26f2e900 x31=0x00000000
        1025217	     51159	80007e9a	78c4a337	lui	x6,0x78c4a	  x6=0x78c4a000
        1025237	     51160	80007e9e	01576eb3	or	x29,x14,x21	 x14:0x00000000 x21:0x000004c2 x29=0x000004c2
        1025257	     51161	80007ea2	0124c233	xor	x4,x9,x18	  x9:0x00000210 x18:0x000000ff  x4=0x000002ef
        1025277	     51162	80007ea6	0001	c.addi	x0,0	  x0:0x00000000  x0=0x00000000
        1025297	     51163	80007ea8	01c99a13	slli	x20,x19,0x1c	 x19:0x80025ce4 x20=0x40000000
        1025317	     51164	80007eac	008bd013	srli	x0,x23,0x8	 x23:0xfffedce4  x0=0x00000000
        1025737	     51185	80007eb0	484e4937	lui	x18,0x484e4	 x18=0x484e4000
        1025757	     51186	80007eb4	34002af3	csrrs	x21,mscratch,x0	  x0:0x00000000 x21=0x00000016
        1025897	     51193	80007eb8	0159fcb3	and	x25,x19,x21	 x19:0x80025ce4 x21:0x00000016 x25=0x00000004
        1025917	     51194	80007ebc	03c9	c.addi	x7,18	  x7:0x00011001  x7=0x00011013
        1025937	     51195	80007ebe	00761533	sll	x10,x12,x7	 x12:0x0000001a  x7:0x00011013 x10=0x00d00000
        1026177	     51207	80007ec2	00146bb3	or	x23,x8,x1	  x8:0x00000070  x1:0x00000000 x23=0x00000070
        1026197	     51208	80007ec6	0001	c.addi	x0,0	  x0:0x00000000  x0=0x00000000
        1026217	     51209	80007ec8	00719f93	slli	x31,x3,0x7	  x3:0x000005bb x31=0x0002dd80
        1026357	     51216	80007ecc	c191	c.beqz	x11,80007ed0	 x11:0x0000001b
        1026377	     51217	80007ece	0001	c.addi	x0,0	  x0:0x00000000  x0=0x00000000
        1026417	     51219	80007ed0	02ae25b3	mulhsu	x11,x28,x10	 x28:0x00000001 x10:0x00d00000 x11=0x00000000
        1026437	     51220	80007ed4	340073f3	csrrci	x7,mscratch,0	  x7=0x00000016
        1026457	     51221	80007ed8	08200513	addi	x10,x0,130	  x0:0x00000000 x10=0x00000082
        1026497	     51223	80007edc	0015afb3	slt	x31,x11,x1	 x11:0x00000000  x1:0x00000000 x31=0x00000000
        1026517	     51224	80007ee0	8065	c.srli	x8,0x19	  x8:0x00000070  x8=0x00000000
        1026537	     51225	80007ee2	340cf8f3	csrrci	x17,mscratch,25	 x17=0x00000016
        1026857	     51241	80007ee6	34006b73	csrrsi	x22,mscratch,0	 x22=0x00000006
        1026877	     51242	80007eea	13fd	c.addi	x7,-1	  x7:0x00000016  x7=0x00000015
        1027057	     51251	80007eec	416bd093	srai	x1,x23,0x16	 x23:0x00000070  x1=0x00000000
        1027297	     51263	80007ef0	6b41	c.lui	x22,0x10	 x22=0x00010000
        1027437	     51270	80007ef2	e0226e37	lui	x28,0xe0226	 x28=0xe0226000
        1027537	     51275	80007ef6	3403bd73	csrrc	x26,mscratch,x7	  x7:0x00000015 x26=0x00000006
        1027557	     51276	80007efa	0000100f	fence.i	
        1028337	     51315	80007efe	34003773	csrrc	x14,mscratch,x0	  x0:0x00000000 x14=0x00000002
        1028357	     51316	80007f02	019cfd33	and	x26,x25,x25	 x25:0x00000004 x25:0x00000004 x26=0x00000004
        1028517	     51324	80007f06	340adef3	csrrwi	x29,mscratch,21	 x29=0x00000002
        1028537	     51325	80007f0a	6a55	c.lui	x20,0x15	 x20=0x00015000
        1028717	     51334	80007f0c	80844713	xori	x14,x8,-2040	  x8:0x00000000 x14=0xfffff808
        1028837	     51340	80007f10	00466d63	bltu	x12,x4,80007f2a	 x12:0x0000001a  x4:0x000002ef
        1030217	     51409	80007f2a	027f27b3	mulhsu	x15,x30,x7	 x30:0x0fffedce  x7:0x00000015 x15=0x00000001
        1030617	     51429	80007f2e	01e020b3	slt	x1,x0,x30	  x0:0x00000000 x30:0x0fffedce  x1=0x00000001
        1030637	     51430	80007f32	9a7d	c.andi	x12,-1	 x12:0x0000001a x12=0x0000001a
        1030997	     51448	80007f34	8fdd	c.or	x15,x15	 x15:0x00000001 x15:0x00000001 x15=0x00000001
        1031017	     51449	80007f36	0339e763	bltu	x19,x19,80007f64	 x19:0x80025ce4 x19:0x80025ce4
        1031297	     51463	80007f3a	01d6d0b3	srl	x1,x13,x29	 x13:0x80021e44 x29:0x00000002  x1=0x20008791
        1031317	     51464	80007f3e	05b6	c.slli	x11,0xd	 x11:0x00000000 x11=0x00000000
        1031337	     51465	80007f40	147d	c.addi	x8,-1	  x8:0x00000000  x8=0xffffffff
        1031717	     51484	80007f42	0081acb3	slt	x25,x3,x8	  x3:0x000005bb  x8:0xffffffff x25=0x00000000
        1032137	     51505	80007f46	02e4d163	bge	x9,x14,80007f68	  x9:0x00000210 x14:0xfffff808
        1033077	     51552	80007f68	026f8133	mul	x2,x31,x6	 x31:0x00000000  x6:0x78c4a000  x2=0x00000000
        1033137	     51555	80007f6c	02be85b3	mul	x11,x29,x11	 x29:0x00000002 x11:0x00000000 x11=0x00000000
        1033157	     51556	80007f70	340d9cf3	csrrw	x25,mscratch,x27	 x27:0xa169e172 x25=0x00000015
        1033277	     51562	80007f74	0001	c.addi	x0,0	  x0:0x00000000  x0=0x00000000
        1033317	     51564	80007f76	0386b2b3	mulhu	x5,x13,x24	 x13:0x80021e44 x24:0x00011000  x5=0x00008802
        1033417	     51569	80007f7a	01993bb3	sltu	x23,x18,x25	 x18:0x484e4000 x25:0x00000015 x23=0x00000000
        1033437	     51570	80007f7e	004bcab3	xor	x21,x23,x4	 x23:0x00000000  x4:0x000002ef x21=0x000002ef
        1033457	     51571	80007f82	8e1a	c.mv	x28,x6	  x0:0x00000000  x6:0x78c4a000 x28=0x78c4a000
        1033497	     51573	80007f84	022cd2b3	divu	x5,x25,x2	 x25:0x00000015  x2:0x00000000  x5=0xffffffff
        1033517	     51574	80007f88	0001b7b3	sltu	x15,x3,x0	  x3:0x000005bb  x0:0x00000000 x15=0x00000000
        1033637	     51580	80007f8c	0300a433	mulhsu	x8,x1,x16	  x1:0x20008791 x16:0x26f2e900  x8=0x04de71c0
        1034037	     51600	80007f90	127d	c.addi	x4,-1	  x4:0x000002ef  x4=0x000002ee
        1034057	     51601	80007f92	0166a1b3	slt	x3,x13,x22	 x13:0x80021e44 x22:0x00010000  x3=0x00000001
        1034457	     51621	80007f96	03ab0033	mul	x0,x22,x26	 x22:0x00010000 x26:0x00000004  x0=0x00000000
        1034877	     51642	80007f9a	037c9763	bne	x25,x23,80007fc8	 x25:0x00000015 x23:0x00000000
        1035577	     51677	80007fc8	0000100f	fence.i	
        1037197	     51758	80007fcc	02307533	remu	x10,x0,x3	  x0:0x00000000  x3:0x00000001 x10=0x00000000
        1037217	     51759	80007fd0	9a7d	c.andi	x12,-1	 x12:0x0000001a x12=0x0000001a
        1037237	     51760	80007fd2	027a82b3	mul	x5,x21,x7	 x21:0x000002ef  x7:0x00000015  x5=0x00003d9b
        1037257	     51761	80007fd6	89a9	c.andi	x11,10	 x11:0x00000000 x11=0x00000000
        1037277	     51762	80007fd8	0ff0000f	fence	iorw,iorw	
        1037317	     51764	80007fdc	0337b4b3	mulhu	x9,x15,x19	 x15:0x00000000 x19:0x80025ce4  x9=0x00000000
        1037357	     51766	80007fe0	037cf133	remu	x2,x25,x23	 x25:0x00000015 x23:0x00000000  x2=0x00000015
        1038097	     51803	80007fe4	033a4f33	div	x30,x20,x19	 x20:0x00015000 x19:0x80025ce4 x30=0x00000000
        1038117	     51804	80007fe8	019b8f33	add	x30,x23,x25	 x23:0x00000000 x25:0x00000015 x30=0x00000015
        1038137	     51805	80007fec	00501f13	slli	x30,x0,0x5	  x0:0x00000000 x30=0x00000000
        1038157	     51806	80007ff0	02209063	bne	x1,x2,80008010	  x1:0x20008791  x2:0x00000015
        1038237	     51810	80008010	01405e93	srli	x29,x0,0x14	  x0:0x00000000 x29=0x00000000
        1038257	     51811	80008014	0e98	c.addi4spn	x14,x2,848	 x14=0x00000365
        1038277	     51812	80008016	02509063	bne	x1,x5,80008036	  x1:0x20008791  x5:0x00003d9b
        1038717	     51834	80008036	c815	c.beqz	x8,8000806a	  x8:0x04de71c0
        1038777	     51837	80008038	8c3d	c.xor	x8,x15	  x8:0x04de71c0 x15:0x00000000  x8=0x04de71c0
        1038797	     51838	8000803a	014b0963	beq	x22,x20,8000804c	 x22:0x00010000 x20:0x00015000
        1038817	     51839	8000803e	6a69	c.lui	x20,0x1a	 x20=0x0001a000
        1039217	     51859	80008040	4082d033	sra	x0,x5,x8	  x5:0x00003d9b  x8:0x04de71c0  x0=0x00000000
        1039377	     51867	80008044	0291bcb3	mulhu	x25,x3,x9	  x3:0x00000001  x9:0x00000000 x25=0x00000000
        1039777	     51887	80008048	ad1dc713	xori	x14,x27,-1327	 x27:0xa169e172 x14=0x5e961ba3
        1039797	     51888	8000804c	f71f3e13	sltiu	x28,x30,-143	 x30:0x00000000 x28=0x00000001
        1039997	     51898	80008050	003144b3	xor	x9,x2,x3	  x2:0x00000015  x3:0x00000001  x9=0x00000014
        1040417	     51919	80008054	01e61563	bne	x12,x30,8000805e	 x12:0x0000001a x30:0x00000000
        1041457	     51971	8000805e	7375e393	ori	x7,x11,1847	 x11:0x00000000  x7=0x00000737
        1041477	     51972	80008062	003548b3	xor	x17,x10,x3	 x10:0x00000000  x3:0x00000001 x17=0x00000001
        1041497	     51973	80008066	8981	c.andi	x11,0	 x11:0x00000000 x11=0x00000000
        1041857	     51991	80008068	8019	c.srli	x8,0x6	  x8:0x04de71c0  x8=0x001379c7
        1041877	     51992	8000806a	005c4b33	xor	x22,x24,x5	 x24:0x00011000  x5:0x00003d9b x22=0x00012d9b
        1041897	     51993	8000806e	340a3cf3	csrrc	x25,mscratch,x20	 x20:0x0001a000 x25=0xa169e172
        1042637	     52030	80008072	0339deb3	divu	x29,x19,x19	 x19:0x80025ce4 x19:0x80025ce4 x29=0x00000001
        1042657	     52031	80008076	40715bb3	sra	x23,x2,x7	  x2:0x00000015  x7:0x00000737 x23=0x00000000
        1042697	     52033	8000807a	03103b33	mulhu	x22,x0,x17	  x0:0x00000000 x17:0x00000001 x22=0x00000000
        1043437	     52070	8000807e	0381dbb3	divu	x23,x3,x24	  x3:0x00000001 x24:0x00011000 x23=0x00000000
        1043457	     52071	80008082	027288b3	mul	x17,x5,x7	  x5:0x00003d9b  x7:0x00000737 x17=0x01bc794d
        1043497	     52073	80008086	03744ab3	div	x21,x8,x23	  x8:0x001379c7 x23:0x00000000 x21=0xffffffff
        1043517	     52074	8000808a	3408b673	csrrc	x12,mscratch,x17	 x17:0x01bc794d x12=0xa1684172
        1043537	     52075	8000808e	981a	c.add	x16,x6	 x16:0x26f2e900  x6:0x78c4a000 x16=0x9fb78900
        1043557	     52076	80008090	1f18	c.addi4spn	x14,x2,944	 x14=0x000003c5
        1043597	     52078	80008092	03a01733	mulh	x14,x0,x26	  x0:0x00000000 x26:0x00000004 x14=0x00000000
        1043617	     52079	80008096	e909	c.bnez	x10,800080a8	 x10:0x00000000
        1043737	     52085	80008098	00ed6bb3	or	x23,x26,x14	 x26:0x00000004 x14:0x00000000 x23=0x00000004
        1043977	     52097	8000809c	03399863	bne	x19,x19,800080cc	 x19:0x80025ce4 x19:0x80025ce4
        1043997	     52098	800080a0	00490433	add	x8,x18,x4	 x18:0x484e4000  x4:0x000002ee  x8=0x484e42ee
        1044017	     52099	800080a4	90a2	c.add	x1,x8	  x1:0x20008791  x8:0x484e42ee  x1=0x684eca7f
        1044037	     52100	800080a6	8c41	c.or	x8,x8	  x8:0x484e42ee  x8:0x484e42ee  x8=0x484e42ee
        1044057	     52101	800080a8	00f064b3	or	x9,x0,x15	  x0:0x00000000 x15:0x00000000  x9=0x00000000
        1044077	     52102	800080ac	03818063	beq	x3,x24,800080cc	  x3:0x00000001 x24:0x00011000
        1044117	     52104	800080b0	0fd6	c.slli	x31,0x15	 x31:0x00000000 x31=0x00000000
        1044537	     52125	800080b2	95d87a13	andi	x20,x16,-1699	 x16:0x9fb78900 x20=0x9fb78900
        1044577	     52127	800080b6	03b7a033	mulhsu	x0,x15,x27	 x15:0x00000000 x27:0xa169e172  x0=0x00000000
        1044597	     52128	800080ba	912a	c.add	x2,x10	  x2:0x00000015 x10:0x00000000  x2=0x00000015
        1044917	     52144	800080bc	34007bf3	csrrci	x23,mscratch,0	 x23=0xa0400032
        1045017	     52149	800080c0	006d5463	bge	x26,x6,800080c8	 x26:0x00000004  x6:0x78c4a000
        1045257	     52161	800080c4	617d	c.addi16sp	x2,496	  x2:0x00000015  x2=0x00000205
        1045277	     52162	800080c6	8a1d	c.andi	x12,7	 x12:0xa1684172 x12=0x00000002
        1045297	     52163	800080c8	02111263	bne	x2,x1,800080ec	  x2:0x00000205  x1:0x684eca7f
        1045477	     52172	800080ec	028b87b3	mul	x15,x23,x8	 x23:0xa0400032  x8:0x484e42ee x15=0x9ac9127c
        1045617	     52179	800080f0	0194ef63	bltu	x9,x25,8000810e	  x9:0x00000000 x25:0xa169e172
        1046877	     52242	8000810e	0ff0000f	fence	iorw,iorw	
        1046897	     52243	80008112	78b54413	xori	x8,x10,1931	 x10:0x00000000  x8=0x0000078b
        1046917	     52244	80008116	4f19	c.li	x30,6	 x30=0x00000006
        1046937	     52245	80008118	6add	c.lui	x21,0x17	 x21=0x00017000
        1046977	     52247	8000811a	038dbe33	mulhu	x28,x27,x24	 x27:0xa169e172 x24:0x00011000 x28=0x0000ab80
        1046997	     52248	8000811e	8c3d	c.xor	x8,x15	  x8:0x0000078b x15:0x9ac9127c  x8=0x9ac915f7
        1047017	     52249	80008120	022af463	bgeu	x21,x2,80008148	 x21:0x00017000  x2:0x00000205
        1047737	     52285	80008148	405658b3	sra	x17,x12,x5	 x12:0x00000002  x5:0x00003d9b x17=0x00000000
        1047757	     52286	8000814c	0054da63	bge	x9,x5,80008160	  x9:0x00000000  x5:0x00003d9b
        1047777	     52287	80008150	34065e73	csrrwi	x28,mscratch,12	 x28=0xa0400032
        1047797	     52288	80008154	00e5fe63	bgeu	x11,x14,80008170	 x11:0x00000000 x14:0x00000000
        1048097	     52303	80008170	00f8fd63	bgeu	x17,x15,8000818a	 x17:0x00000000 x15:0x9ac9127c
        1048117	     52304	80008174	ec9a8b13	addi	x22,x21,-311	 x21:0x00017000 x22=0x00016ec9
        1048137	     52305	80008178	4001df13	srai	x30,x3,0x0	  x3:0x00000001 x30=0x00000001
        1048157	     52306	8000817c	2f6f3d37	lui	x26,0x2f6f3	 x26=0x2f6f3000
        1048297	     52313	80008180	8049	c.srli	x8,0x12	  x8:0x9ac915f7  x8=0x000026b2
        1048577	     52327	80008182	03dc8733	mul	x14,x25,x29	 x25:0xa169e172 x29:0x00000001 x14=0xa169e172
        1048597	     52328	80008186	8d088fb7	lui	x31,0x8d088	 x31=0x8d088000
        1048617	     52329	8000818a	034b9863	bne	x23,x20,800081ba	 x23:0xa0400032 x20:0x9fb78900
        1049057	     52351	800081ba	997d	c.andi	x10,-1	 x10:0x00000000 x10=0x00000000
        1049077	     52352	800081bc	8db1	c.xor	x11,x12	 x11:0x00000000 x12:0x00000002 x11=0x00000002
        1049437	     52370	800081be	34079873	csrrw	x16,mscratch,x15	 x15:0x9ac9127c x16=0x0000000c
        1049497	     52373	800081c2	022fd363	bge	x31,x2,800081e8	 x31:0x8d088000  x2:0x00000205
        1049517	     52374	800081c6	022d0b63	beq	x26,x2,800081fc	 x26:0x2f6f3000  x2:0x00000205
        1049537	     52375	800081ca	03cbff63	bgeu	x23,x28,80008208	 x23:0xa0400032 x28:0xa0400032
        1049617	     52379	80008208	197d	c.addi	x18,-1	 x18:0x484e4000 x18=0x484e3fff
        1049637	     52380	8000820a	6e39	c.lui	x28,0xe	 x28=0x0000e000
        1050377	     52417	8000820c	021768b3	rem	x17,x14,x1	 x14:0xa169e172  x1:0x684eca7f x17=0xa169e172
        1050397	     52418	80008210	02f69d63	bne	x13,x15,8000824a	 x13:0x80021e44 x15:0x9ac9127c
        1050657	     52431	8000824a	02306663	bltu	x0,x3,80008276	  x0:0x00000000  x3:0x00000001
        1051517	     52474	80008276	9f0a	c.add	x30,x2	 x30:0x00000001  x2:0x00000205 x30=0x00000206
        1051557	     52476	80008278	416a80b3	sub	x1,x21,x22	 x21:0x00017000 x22:0x00016ec9  x1=0x00000137
        1051577	     52477	8000827c	00c5cf33	xor	x30,x11,x12	 x11:0x00000002 x12:0x00000002 x30=0x00000000
        1051737	     52485	80008280	340b1bf3	csrrw	x23,mscratch,x22	 x22:0x00016ec9 x23=0x9ac9127c
        1051777	     52487	80008284	03efd133	divu	x2,x31,x30	 x31:0x8d088000 x30:0x00000000  x2=0xffffffff
        1051797	     52488	80008288	c811	c.beqz	x8,8000829c	  x8:0x000026b2
        1051817	     52489	8000828a	8441	c.srai	x8,0x10	  x8:0x000026b2  x8=0x00000000
        1051837	     52490	8000828c	8fc9	c.or	x15,x10	 x15:0x9ac9127c x10:0x00000000 x15=0x9ac9127c
        1051897	     52493	8000828e	02ce2333	mulhsu	x6,x28,x12	 x28:0x0000e000 x12:0x00000002  x6=0x00000000
        1051977	     52497	80008292	031097b3	mulh	x15,x1,x17	  x1:0x00000137 x17:0xa169e172 x15=0xffffff8d
        1051997	     52498	80008296	c5a4b717	auipc	x14,0xc5a4b	 x14=0x45a53296
        1052017	     52499	8000829a	9a7d	c.andi	x12,-1	 x12:0x00000002 x12=0x00000002
        1052077	     52502	8000829c	0455c393	xori	x7,x11,69	 x11:0x00000002  x7=0x00000047
        1052097	     52503	800082a0	34041f73	csrrw	x30,mscratch,x8	  x8:0x00000000 x30=0x00016ec9
        1052877	     52542	800082a4	0320e4b3	rem	x9,x1,x18	  x1:0x00000137 x18:0x484e3fff  x9=0x00000137
        1052897	     52543	800082a8	8266	c.mv	x4,x25	  x0:0x00000000 x25:0xa169e172  x4=0xa169e172
        1052917	     52544	800082aa	8f75	c.and	x14,x13	 x14:0x45a53296 x13:0x80021e44 x14=0x00001204
        1052937	     52545	800082ac	8325	c.srli	x14,0x9	 x14:0x00001204 x14=0x00000009
        1052957	     52546	800082ae	0301cb63	blt	x3,x16,800082e4	  x3:0x00000001 x16:0x0000000c
        1053037	     52550	800082e4	3409f373	csrrci	x6,mscratch,19	  x6=0x00000000
        1053077	     52552	800082e8	87bafe93	andi	x29,x21,-1925	 x21:0x00017000 x29=0x00017000
        1053497	     52573	800082ec	9e16	c.add	x28,x5	 x28:0x0000e000  x5:0x00003d9b x28=0x00011d9b
        1053517	     52574	800082ee	64908d13	addi	x26,x1,1609	  x1:0x00000137 x26=0x00000780
        1053537	     52575	800082f2	41ebd0b3	sra	x1,x23,x30	 x23:0x9ac9127c x30:0x00016ec9  x1=0xffcd6489
        1053557	     52576	800082f6	717d	c.addi16sp	x2,-16	  x2:0xffffffff  x2=0xffffffef
        1053637	     52580	800082f8	54a5b093	sltiu	x1,x11,1354	 x11:0x00000002  x1=0x00000001
        1053837	     52590	800082fc	011d1f93	slli	x31,x26,0x11	 x26:0x00000780 x31=0x0f000000
        1053877	     52592	80008300	34067d73	csrrci	x26,mscratch,12	 x26=0x00000000
        1054297	     52613	80008304	340235f3	csrrc	x11,mscratch,x4	  x4:0xa169e172 x11=0x00000000
        1054377	     52617	80008308	01bfd413	srli	x8,x31,0x1b	 x31:0x0f000000  x8=0x00000001
        1054397	     52618	8000830c	8dc1	c.or	x11,x8	 x11:0x00000000  x8:0x00000001 x11=0x00000001
        1054517	     52624	8000830e	0175e8b3	or	x17,x11,x23	 x11:0x00000001 x23:0x9ac9127c x17=0x9ac9127d
        1054537	     52625	80008312	6141	c.addi16sp	x2,16	  x2:0xffffffef  x2=0xffffffff
        1054597	     52628	80008314	0001	c.addi	x0,0	  x0:0x00000000  x0=0x00000000
        1054617	     52629	80008316	997d	c.andi	x10,-1	 x10:0x00000000 x10=0x00000000
        1054797	     52638	80008318	6129	c.addi16sp	x2,192	  x2:0xffffffff  x2=0x000000bf
        1054817	     52639	8000831a	17fd	c.addi	x15,-1	 x15:0xffffff8d x15=0xffffff8c
        1055217	     52659	8000831c	652d	c.lui	x10,0xb	 x10=0x0000b000
        1055237	     52660	8000831e	0c84	c.addi4spn	x9,x2,592	  x9=0x0000030f
        1055257	     52661	80008320	6f05	c.lui	x30,0x1	 x30=0x00001000
        1055377	     52667	80008322	021ba533	mulhsu	x10,x23,x1	 x23:0x9ac9127c  x1:0x00000001 x10=0xffffffff
        1055397	     52668	80008326	1f7d	c.addi	x30,-1	 x30:0x00001000 x30=0x00000fff
        1055417	     52669	80008328	41d35213	srai	x4,x6,0x1d	  x6:0x00000000  x4=0x00000000
        1055457	     52671	8000832c	02ac1cb3	mulh	x25,x24,x10	 x24:0x00011000 x10:0xffffffff x25=0xffffffff
        1055477	     52672	80008330	662d	c.lui	x12,0xb	 x12=0x0000b000
        1055537	     52675	80008332	34059673	csrrw	x12,mscratch,x11	 x11:0x00000001 x12=0x00000000
        1055657	     52681	80008336	58abfd13	andi	x26,x23,1418	 x23:0x9ac9127c x26=0x00000008
        1055677	     52682	8000833a	609d	c.lui	x1,0x7	  x1=0x00007000
        1055697	     52683	8000833c	340d13f3	csrrw	x7,mscratch,x26	 x26:0x00000008  x7=0x00000001
        1056437	     52720	80008340	03bb4533	div	x10,x22,x27	 x22:0x00016ec9 x27:0xa169e172 x10=0x00000000
        1056457	     52721	80008344	021d	c.addi	x4,7	  x4:0x00000000  x4=0x00000007
        1056477	     52722	80008346	01f650b3	srl	x1,x12,x31	 x12:0x00000000 x31:0x0f000000  x1=0x00000000
        1056497	     52723	8000834a	0264f163	bgeu	x9,x6,8000836c	  x9:0x0000030f  x6:0x00000000
        1056637	     52730	8000836c	7f4c1937	lui	x18,0x7f4c1	 x18=0x7f4c1000
        1056677	     52732	80008370	340051f3	csrrwi	x3,mscratch,0	  x3=0x00000008
        1056697	     52733	80008374	8e7d	c.and	x12,x15	 x12:0x00000000 x15:0xffffff8c x12=0x00000000
        1056897	     52743	80008376	03ed0663	beq	x26,x30,800083a2	 x26:0x00000008 x30:0x00000fff
        1057317	     52764	8000837a	000ad893	srli	x17,x21,0x0	 x21:0x00017000 x17=0x00017000
        1057337	     52765	8000837e	3402b373	csrrc	x6,mscratch,x5	  x5:0x00003d9b  x6=0x00000000
        1057397	     52768	80008382	340e3373	csrrc	x6,mscratch,x28	 x28:0x00011d9b  x6=0x00000000
        1057417	     52769	80008386	34007673	csrrci	x12,mscratch,0	 x12=0x00000000
        1057437	     52770	8000838a	058c	c.addi4spn	x11,x2,704	 x11=0x0000037f
        1057457	     52771	8000838c	34002873	csrrs	x16,mscratch,x0	  x0:0x00000000 x16=0x00000000
        1057477	     52772	80008390	010bcf33	xor	x30,x23,x16	 x23:0x9ac9127c x16:0x00000000 x30=0x9ac9127c
        1057697	     52783	80008394	8c59	c.or	x8,x14	  x8:0x00000001 x14:0x00000009  x8=0x00000009
        1057717	     52784	80008396	8525	c.srai	x10,0x9	 x10:0x00000000 x10=0x00000000
        1057877	     52792	80008398	0876	c.slli	x16,0x1d	 x16:0x00000000 x16=0x00000000
        1058017	     52799	8000839a	03562633	mulhsu	x12,x12,x21	 x12:0x00000000 x21:0x00017000 x12=0x00000000
        1058037	     52800	8000839e	68cd	c.lui	x17,0x13	 x17=0x00013000
        1058417	     52819	800083a0	cd85	c.beqz	x11,800083d8	 x11:0x0000037f
        1059157	     52856	800083a2	02efcfb3	div	x31,x31,x14	 x31:0x0f000000 x14:0x00000009 x31=0x01aaaaaa
        1078357	     53816	800083a6	031adf63	bge	x21,x17,800083e4	 x21:0x00017000 x17:0x00013000
        1078497	     53823	800083e4	9c16	c.add	x24,x5	 x24:0x00011000  x5:0x00003d9b x24=0x00014d9b
        1078517	     53824	800083e6	0001	c.addi	x0,0	  x0:0x00000000  x0=0x00000000
        1078537	     53825	800083e8	00945193	srli	x3,x8,0x9	  x8:0x00000009  x3=0x00000000
        1078717	     53834	800083ec	340063f3	csrrsi	x7,mscratch,0	  x7=0x00000000
        1078737	     53835	800083f0	ff206293	ori	x5,x0,-14	  x0:0x00000000  x5=0xfffffff2
        1078757	     53836	800083f4	41785613	srai	x12,x16,0x17	 x16:0x00000000 x12=0x00000000
        1078797	     53838	800083f8	405b5933	sra	x18,x22,x5	 x22:0x00016ec9  x5:0xfffffff2 x18=0x00000000
        1078817	     53839	800083fc	02928433	mul	x8,x5,x9	  x5:0xfffffff2  x9:0x0000030f  x8=0xffffd52e
        1079777	     53887	80008400	0382fe33	remu	x28,x5,x24	  x5:0xfffffff2 x24:0x00014d9b x28=0x0000c4ec
        1079797	     53888	80008404	c612f837	lui	x16,0xc612f	 x16=0xc612f000
        1079817	     53889	80008408	8f95	c.sub	x15,x13	 x15:0xffffff8c x13:0x80021e44 x15=0x7ffde148
        1079837	     53890	8000840a	29a5fd13	andi	x26,x11,666	 x11:0x0000037f x26=0x0000021a
        1079897	     53893	8000840e	00801263	bne	x0,x8,80008412	  x0:0x00000000  x8:0xffffd52e
        1081337	     53965	80008412	0ff0000f	fence	iorw,iorw	
        1082077	     54002	80008416	025dda33	divu	x20,x27,x5	 x27:0xa169e172  x5:0xfffffff2 x20=0x00000000
        1082097	     54003	8000841a	8955	c.andi	x10,21	 x10:0x00000000 x10=0x00000000
        1082117	     54004	8000841c	40a9dc33	sra	x24,x19,x10	 x19:0x80025ce4 x10:0x00000000 x24=0x80025ce4
        1082137	     54005	80008420	340214f3	csrrw	x9,mscratch,x4	  x4:0x00000007  x9=0x00000000
        1082157	     54006	80008424	01903533	sltu	x10,x0,x25	  x0:0x00000000 x25:0xffffffff x10=0x00000001
        1082177	     54007	80008428	41e2db93	srai	x23,x5,0x1e	  x5:0xfffffff2 x23=0xffffffff
        1082197	     54008	8000842c	00948833	add	x16,x9,x9	  x9:0x00000000  x9:0x00000000 x16=0x00000000
        1082237	     54010	80008430	e519	c.bnez	x10,8000843e	 x10:0x00000001
        1084137	     54105	8000843e	038950b3	divu	x1,x18,x24	 x18:0x00000000 x24:0x80025ce4  x1=0x00000000
        1084157	     54106	80008442	0822	c.slli	x16,0x8	 x16:0x00000000 x16=0x00000000
        1084177	     54107	80008444	0ff0000f	fence	iorw,iorw	
        1084217	     54109	80008448	02339133	mulh	x2,x7,x3	  x7:0x00000000  x3:0x00000000  x2=0x00000000
        1084257	     54111	8000844c	02747e33	remu	x28,x8,x7	  x8:0xffffd52e  x7:0x00000000 x28=0xffffd52e
        1084277	     54112	80008450	efa32817	auipc	x16,0xefa32	 x16=0x6fa3a450
        1084297	     54113	80008454	0102c4b3	xor	x9,x5,x16	  x5:0xfffffff2 x16:0x6fa3a450  x9=0x905c5ba2
        1084497	     54123	80008458	03258263	beq	x11,x18,8000847c	 x11:0x0000037f x18:0x00000000
        1084617	     54129	8000845c	01175093	srli	x1,x14,0x11	 x14:0x00000009  x1=0x00000000
        1084637	     54130	80008460	0001	c.addi	x0,0	  x0:0x00000000  x0=0x00000000
        1084857	     54141	80008462	3406d173	csrrwi	x2,mscratch,13	  x2=0x00000007
        1084877	     54142	80008466	40a00433	sub	x8,x0,x10	  x0:0x00000000 x10:0x00000001  x8=0xffffffff
        1084897	     54143	8000846a	bca56393	ori	x7,x10,-1078	 x10:0x00000001  x7=0xfffffbcb
        1084917	     54144	8000846e	01c28ab3	add	x21,x5,x28	  x5:0xfffffff2 x28:0xffffd52e x21=0xffffd520
        1085397	     54168	80008472	74f5c913	xori	x18,x11,1871	 x11:0x0000037f x18=0x00000430
        1085477	     54172	80008476	0000100f	fence.i	
        1086417	     54219	8000847a	8c21	c.xor	x8,x8	  x8:0xffffffff  x8:0xffffffff  x8=0x00000000
        1086437	     54220	8000847c	34052c73	csrrs	x24,mscratch,x10	 x10:0x00000001 x24=0x0000000d
        1086637	     54230	80008480	008b7f13	andi	x30,x22,8	 x22:0x00016ec9 x30=0x00000008
        1086657	     54231	80008484	017a3fb3	sltu	x31,x20,x23	 x20:0x00000000 x23:0xffffffff x31=0x00000001
        1087077	     54252	80008488	8d68e713	ori	x14,x17,-1834	 x17:0x00013000 x14=0xfffff8d6
        1087217	     54259	8000848c	34002af3	csrrs	x21,mscratch,x0	  x0:0x00000000 x21=0x0000000d
        1087637	     54280	80008490	0141c833	xor	x16,x3,x20	  x3:0x00000000 x20:0x00000000 x16=0x00000000
        1087657	     54281	80008494	02549663	bne	x9,x5,800084c0	  x9:0x905c5ba2  x5:0xfffffff2
        1088577	     54327	800084c0	008dda33	srl	x20,x27,x8	 x27:0xa169e172  x8:0x00000000 x20=0xa169e172
        1088717	     54334	800084c4	02d53c33	mulhu	x24,x10,x13	 x10:0x00000001 x13:0x80021e44 x24=0x00000000
        1088917	     54344	800084c8	033aa033	mulhsu	x0,x21,x19	 x21:0x0000000d x19:0x80025ce4  x0=0x00000000
        1088957	     54346	800084cc	030b6d33	rem	x26,x22,x16	 x22:0x00016ec9 x16:0x00000000 x26=0x00016ec9
        1089117	     54354	800084d0	03336a63	bltu	x6,x19,80008504	  x6:0x00000000 x19:0x80025ce4
        1089757	     54386	80008504	340c20f3	csrrs	x1,mscratch,x24	 x24:0x00000000  x1=0x0000000d
        1089837	     54390	80008508	34097c73	csrrci	x24,mscratch,18	 x24=0x0000000d
        1089857	     54391	8000850c	53534593	xori	x11,x6,1333	  x6:0x00000000 x11=0x00000535
        1089877	     54392	80008510	8bf5	c.andi	x15,29	 x15:0x7ffde148 x15=0x00000008
        1090277	     54412	80008512	92ea2d13	slti	x26,x20,-1746	 x20:0xa169e172 x26=0x00000001
        1090357	     54416	80008516	dc258397	auipc	x7,0xdc258	  x7=0x5c260516
        1090737	     54435	8000851a	00fd5c33	srl	x24,x26,x15	 x26:0x00000001 x15:0x00000008 x24=0x00000000
        1091157	     54456	8000851e	589dab17	auipc	x22,0x589da	 x22=0xd89e251e
        1091177	     54457	80008522	0001	c.addi	x0,0	  x0:0x00000000  x0=0x00000000
        1091197	     54458	80008524	01f53933	sltu	x18,x10,x31	 x10:0x00000001 x31:0x00000001 x18=0x00000000
        1091217	     54459	80008528	400cd313	srai	x6,x25,0x0	 x25:0xffffffff  x6=0xffffffff
        1091237	     54460	8000852c	02b20633	mul	x12,x4,x11	  x4:0x00000007 x11:0x00000535 x12=0x00002473
        1091277	     54462	80008530	415ad433	sra	x8,x21,x21	 x21:0x0000000d x21:0x0000000d  x8=0x00000000
        1091297	     54463	80008534	36d86613	ori	x12,x16,877	 x16:0x00000000 x12=0x0000036d
        1091697	     54483	80008538	ce19	c.beqz	x12,80008556	 x12:0x0000036d
        1091717	     54484	8000853a	02100d63	beq	x0,x1,80008574	  x0:0x00000000  x1:0x0000000d
        1091737	     54485	8000853e	9bd08c13	addi	x24,x1,-1603	  x1:0x0000000d x24=0xfffff9ca
        1091757	     54486	80008542	2ebce213	ori	x4,x25,747	 x25:0xffffffff  x4=0xffffffff
        1091917	     54494	80008546	028741b3	div	x3,x14,x8	 x14:0xfffff8d6  x8:0x00000000  x3=0xffffffff
        1092017	     54499	8000854a	00471313	slli	x6,x14,0x4	 x14:0xfffff8d6  x6=0xffff8d60
        1092037	     54500	8000854e	99fd	c.andi	x11,-1	 x11:0x00000535 x11=0x00000535
        1092057	     54501	80008550	0ff0000f	fence	iorw,iorw	
        1092077	     54502	80008554	1a1c	c.addi4spn	x15,x2,304	 x15=0x00000137
        1092097	     54503	80008556	0001	c.addi	x0,0	  x0:0x00000000  x0=0x00000000
        1092477	     54522	80008558	0173b733	sltu	x14,x7,x23	  x7:0x5c260516 x23:0xffffffff x14=0x00000001
        1092717	     54534	8000855c	0900	c.addi4spn	x8,x2,144	  x8=0x00000097
        1093137	     54555	8000855e	004f5b63	bge	x30,x4,80008574	 x30:0x00000008  x4:0xffffffff
        1093697	     54583	80008574	8d69	c.and	x10,x10	 x10:0x00000001 x10:0x00000001 x10=0x00000001
        1094617	     54629	80008576	0362e533	rem	x10,x5,x22	  x5:0xfffffff2 x22:0xd89e251e x10=0xfffffff2
        1094637	     54630	8000857a	3a54c293	xori	x5,x9,933	  x9:0x905c5ba2  x5=0x905c5807
        1094657	     54631	8000857e	1410	c.addi4spn	x12,x2,544	 x12=0x00000227
        1094677	     54632	80008580	00ba0fb3	add	x31,x20,x11	 x20:0xa169e172 x11:0x00000535 x31=0xa169e6a7
        1095417	     54669	80008584	0229cfb3	div	x31,x19,x2	 x19:0x80025ce4  x2:0x00000007 x31=0xedb731d8
        1095437	     54670	80008588	dcc48213	addi	x4,x9,-564	  x9:0x905c5ba2  x4=0x905c596e
        1095457	     54671	8000858c	03ec6063	bltu	x24,x30,800085ac	 x24:0xfffff9ca x30:0x00000008
        1095477	     54672	80008590	00ce8133	add	x2,x29,x12	 x29:0x00017000 x12:0x00000227  x2=0x00017227
        1095497	     54673	80008594	8c7d	c.and	x8,x15	  x8:0x00000097 x15:0x00000137  x8=0x00000017
        1095517	     54674	80008596	8449	c.srai	x8,0x12	  x8:0x00000017  x8=0x00000000
        1095537	     54675	80008598	00991e63	bne	x18,x9,800085b4	 x18:0x00000000  x9:0x905c5ba2
        1095977	     54697	800085b4	8cb2	c.mv	x25,x12	  x0:0x00000000 x12:0x00000227 x25=0x00000227
        1096357	     54716	800085b6	34006673	csrrsi	x12,mscratch,0	 x12=0x0000000d
        1096377	     54717	800085ba	4358a893	slti	x17,x17,1077	 x17:0x00013000 x17=0x00000000
        1096397	     54718	800085be	0001	c.addi	x0,0	  x0:0x00000000  x0=0x00000000
        1096537	     54725	800085c0	020a4363	blt	x20,x0,800085e6	 x20:0xa169e172  x0:0x00000000
        1097837	     54790	800085e6	c31d	c.beqz	x14,8000860c	 x14:0x00000001
        1098277	     54812	800085e8	01df1933	sll	x18,x30,x29	 x30:0x00000008 x29:0x00017000 x18=0x00000008
        1098297	     54813	800085ec	8db1	c.xor	x11,x12	 x11:0x00000535 x12:0x0000000d x11=0x00000538
        1098317	     54814	800085ee	61a5	c.lui	x3,0x9	  x3=0x00009000
        1098717	     54834	800085f0	020c8533	mul	x10,x25,x0	 x25:0x00000227  x0:0x00000000 x10=0x00000000
        1098737	     54835	800085f4	717d	c.addi16sp	x2,-16	  x2:0x00017227  x2=0x00017217
        1098757	     54836	800085f6	01009733	sll	x14,x1,x16	  x1:0x0000000d x16:0x00000000 x14=0x0000000d
        1098777	     54837	800085fa	8f15	c.sub	x14,x13	 x14:0x0000000d x13:0x80021e44 x14=0x7ffde1c9
        1098797	     54838	800085fc	016c7563	bgeu	x24,x22,80008606	 x24:0xfffff9ca x22:0xd89e251e
        1099917	     54894	80008606	40d85f93	srai	x31,x16,0xd	 x16:0x00000000 x31=0x00000000
        1099937	     54895	8000860a	c995	c.beqz	x11,8000863e	 x11:0x00000538
        1099957	     54896	8000860c	cc11	c.beqz	x8,80008628	  x8:0x00000000
        1100757	     54936	80008628	0001	c.addi	x0,0	  x0:0x00000000  x0=0x00000000
        1100777	     54937	8000862a	34003cf3	csrrc	x25,mscratch,x0	  x0:0x00000000 x25=0x0000000d
        1101197	     54958	8000862e	509b4917	auipc	x18,0x509b4	 x18=0xd09bc62e
        1101217	     54959	80008632	3402e173	csrrsi	x2,mscratch,5	  x2=0x0000000d
        1101257	     54961	80008636	028bc033	div	x0,x23,x8	 x23:0xffffffff  x8:0x00000000  x0=0x00000000
        1101357	     54966	8000863a	03fa0663	beq	x20,x31,80008666	 x20:0xa169e172 x31:0x00000000
        1101377	     54967	8000863e	0d72	c.slli	x26,0x1c	 x26:0x00000001 x26=0x10000000
        1102157	     55006	80008640	027ed733	divu	x14,x29,x7	 x29:0x00017000  x7:0x5c260516 x14=0x00000000
        1102177	     55007	80008644	40cddb93	srai	x23,x27,0xc	 x27:0xa169e172 x23=0xfffa169e
        1102197	     55008	80008648	00471c93	slli	x25,x14,0x4	 x14:0x00000000 x25=0x00000000
        1102217	     55009	8000864c	01bd4963	blt	x26,x27,8000865e	 x26:0x10000000 x27:0xa169e172
        1102237	     55010	80008650	9eca	c.add	x29,x18	 x29:0x00017000 x18:0xd09bc62e x29=0xd09d362e
        1102257	     55011	80008652	5bfd	c.li	x23,-1	 x23=0xffffffff
        1102277	     55012	80008654	008e5013	srli	x0,x28,0x8	 x28:0xffffd52e  x0=0x00000000
        1102297	     55013	80008658	8c99	c.sub	x9,x14	  x9:0x905c5ba2 x14:0x00000000  x9=0x905c5ba2
        1102317	     55014	8000865a	340e7973	csrrci	x18,mscratch,28	 x18=0x0000000d
        1102337	     55015	8000865e	405350b3	sra	x1,x6,x5	  x6:0xffff8d60  x5:0x905c5807  x1=0xffffff1a
        1102497	     55023	80008662	c0878217	auipc	x4,0xc0878	  x4=0x40880662
        1102517	     55024	80008666	8c9e	c.mv	x25,x7	  x0:0x00000000  x7:0x5c260516 x25=0x5c260516
        1102677	     55032	80008668	34007d73	csrrci	x26,mscratch,0	 x26=0x00000001
        1103097	     55053	8000866c	0160fd33	and	x26,x1,x22	  x1:0xffffff1a x22:0xd89e251e x26=0xd89e251a
        1103137	     55055	80008670	026b9533	mulh	x10,x23,x6	 x23:0xffffffff  x6:0xffff8d60 x10=0x00000000
        1103157	     55056	80008674	004621b3	slt	x3,x12,x4	 x12:0x0000000d  x4:0x40880662  x3=0x00000001
        1103177	     55057	80008678	9ae2	c.add	x21,x24	 x21:0x0000000d x24:0xfffff9ca x21=0xfffff9d7
        1103197	     55058	8000867a	8e31	c.xor	x12,x12	 x12:0x0000000d x12:0x0000000d x12=0x00000000
        1103517	     55074	8000867c	97dc7f93	andi	x31,x24,-1667	 x24:0xfffff9ca x31=0xfffff948
        1103597	     55078	80008680	34002af3	csrrs	x21,mscratch,x0	  x0:0x00000000 x21=0x00000001
        1103617	     55079	80008684	1f7d	c.addi	x30,-1	 x30:0x00000008 x30=0x00000007
        1108237	     55310	80008686	00b40963	beq	x8,x11,80008698	  x8:0x00000000 x11:0x00000538
        1108257	     55311	8000868a	01fa48b3	xor	x17,x20,x31	 x20:0xa169e172 x31:0xfffff948 x17=0x5e96183a
        1108277	     55312	8000868e	8085	c.srli	x9,0x1	  x9:0x905c5ba2  x9=0x482e2dd1
        1108297	     55313	80008690	003e5bb3	srl	x23,x28,x3	 x28:0xffffd52e  x3:0x00000001 x23=0x7fffea97
        1108317	     55314	80008694	340df473	csrrci	x8,mscratch,27	  x8=0x00000001
        1108337	     55315	80008698	05e51363	bne	x10,x30,800086de	 x10:0x00000000 x30:0x00000007
        1108737	     55335	800086de	34055b73	csrrwi	x22,mscratch,10	 x22=0x00000000
        1109117	     55354	800086e2	03467863	bgeu	x12,x20,80008712	 x12:0x00000000 x20:0xa169e172
        1109137	     55355	800086e6	8df5	c.and	x11,x13	 x11:0x00000538 x13:0x80021e44 x11=0x00000400
        1109177	     55357	800086e8	021f98b3	mulh	x17,x31,x1	 x31:0xfffff948  x1:0xffffff1a x17=0x00000000
        1109417	     55369	800086ec	02ac7263	bgeu	x24,x10,80008710	 x24:0xfffff9ca x10:0x00000000
        1109877	     55392	80008710	0001	c.addi	x0,0	  x0:0x00000000  x0=0x00000000
        1109977	     55397	80008712	340855f3	csrrwi	x11,mscratch,16	 x11=0x0000000a
        1109997	     55398	80008716	6161	c.addi16sp	x2,80	  x2:0x0000000d  x2=0x0000005d
        1110017	     55399	80008718	8d61	c.and	x10,x8	 x10:0x00000000  x8:0x00000001 x10=0x00000000
        1110317	     55414	8000871a	3408ae73	csrrs	x28,mscratch,x17	 x17:0x00000000 x28=0x00000010
        1110357	     55416	8000871e	0323bc33	mulhu	x24,x7,x18	  x7:0x5c260516 x18:0x0000000d x24=0x00000004
        1110377	     55417	80008722	825e	c.mv	x4,x23	  x0:0x00000000 x23:0x7fffea97  x4=0x7fffea97
        1110397	     55418	80008724	3401e173	csrrsi	x2,mscratch,3	  x2=0x00000010
        1110457	     55421	80008728	00274d63	blt	x14,x2,80008742	 x14:0x00000000  x2:0x00000010
        1111877	     55492	80008742	02dc57b3	divu	x15,x24,x13	 x24:0x00000004 x13:0x80021e44 x15=0x00000000
        1111897	     55493	80008746	0168d793	srli	x15,x17,0x16	 x17:0x00000000 x15=0x00000000
        1111917	     55494	8000874a	00165c63	bge	x12,x1,80008762	 x12:0x00000000  x1:0xffffff1a
        1112417	     55519	80008762	010e6e33	or	x28,x28,x16	 x28:0x00000010 x16:0x00000000 x28=0x00000010
        1112677	     55532	80008766	37838a13	addi	x20,x7,888	  x7:0x5c260516 x20=0x5c26088e
        1112757	     55536	8000876a	03b42f33	mulhsu	x30,x8,x27	  x8:0x00000001 x27:0xa169e172 x30=0x00000000
        1112897	     55543	8000876e	03970e33	mul	x28,x14,x25	 x14:0x00000000 x25:0x5c260516 x28=0x00000000
        1112917	     55544	80008772	01dd1d63	bne	x26,x29,8000878c	 x26:0xd89e251a x29:0xd09d362e
        1113237	     55560	8000878c	0395	c.addi	x7,5	  x7:0x5c260516  x7=0x5c26051b
        1113257	     55561	8000878e	83d1	c.srli	x15,0x14	 x15:0x00000000 x15=0x00000000
        1113277	     55562	80008790	8db9	c.xor	x11,x14	 x11:0x0000000a x14:0x00000000 x11=0x0000000a
        1114137	     55605	80008792	02d74133	div	x2,x14,x13	 x14:0x00000000 x13:0x80021e44  x2=0x00000000
        1114157	     55606	80008796	8455	c.srai	x8,0x15	  x8:0x00000001  x8=0x00000000
        1114177	     55607	80008798	c781	c.beqz	x15,800087a0	 x15:0x00000000
        1114217	     55609	800087a0	01255133	srl	x2,x10,x18	 x10:0x00000000 x18:0x0000000d  x2=0x00000000
        1114237	     55610	800087a4	419f0fb3	sub	x31,x30,x25	 x30:0x00000000 x25:0x5c260516 x31=0xa3d9faea
        1114257	     55611	800087a8	02d14663	blt	x2,x13,800087d4	  x2:0x00000000 x13:0x80021e44
        1114277	     55612	800087ac	0ff0000f	fence	iorw,iorw	
        1114417	     55619	800087b0	8f35	c.xor	x14,x13	 x14:0x00000000 x13:0x80021e44 x14=0x80021e44
        1115217	     55659	800087b2	0293d033	divu	x0,x7,x9	  x7:0x5c26051b  x9:0x482e2dd1  x0=0x00000000
        1115237	     55660	800087b6	777eac17	auipc	x24,0x777ea	 x24=0xf77f27b6
        1115257	     55661	800087ba	0000100f	fence.i	
        1115497	     55673	800087be	02520733	mul	x14,x4,x5	  x4:0x7fffea97  x5:0x905c5807 x14=0xb6e75221
        1115517	     55674	800087c2	340030f3	csrrc	x1,mscratch,x0	  x0:0x00000000  x1=0x00000013
        1115537	     55675	800087c6	0001	c.addi	x0,0	  x0:0x00000000  x0=0x00000000
        1115557	     55676	800087c8	6165	c.addi16sp	x2,112	  x2:0x00000000  x2=0x00000070
        1115577	     55677	800087ca	03290c33	mul	x24,x18,x18	 x18:0x0000000d x18:0x0000000d x24=0x000000a9
        1115597	     55678	800087ce	8309	c.srli	x14,0x2	 x14:0xb6e75221 x14=0x2db9d488
        1115617	     55679	800087d0	03e3cc63	blt	x7,x30,80008808	  x7:0x5c26051b x30:0x00000000
        1115637	     55680	800087d4	0190f533	and	x10,x1,x25	  x1:0x00000013 x25:0x5c260516 x10=0x00000012
        1115797	     55688	800087d8	01478833	add	x16,x15,x20	 x15:0x00000000 x20:0x5c26088e x16=0x5c26088e
        1115817	     55689	800087dc	717d	c.addi16sp	x2,-16	  x2:0x00000070  x2=0x00000060
        1115837	     55690	800087de	83c9	c.srli	x15,0x12	 x15:0x00000000 x15=0x00000000
        1115857	     55691	800087e0	0322d763	bge	x5,x18,8000880e	  x5:0x905c5807 x18:0x0000000d
        1115877	     55692	800087e4	717d	c.addi16sp	x2,-16	  x2:0x00000060  x2=0x00000050
        1116277	     55712	800087e6	b245bf13	sltiu	x30,x11,-1244	 x11:0x0000000a x30=0x00000001
        1116377	     55717	800087ea	0000100f	fence.i	
        1116857	     55741	800087ee	340beaf3	csrrsi	x21,mscratch,23	 x21=0x00000013
        1116877	     55742	800087f2	41a482b3	sub	x5,x9,x26	  x9:0x482e2dd1 x26:0xd89e251a  x5=0x6f9008b7
        1117077	     55752	800087f6	761e3b93	sltiu	x23,x28,1889	 x28:0x00000000 x23=0x00000001
        1117097	     55753	800087fa	340def73	csrrsi	x30,mscratch,27	 x30=0x00000017
        1117157	     55756	800087fe	00549433	sll	x8,x9,x5	  x9:0x482e2dd1  x5:0x6f9008b7  x8=0xe8800000
        1117177	     55757	80008802	0ff0000f	fence	iorw,iorw	
        1117197	     55758	80008806	0abe	c.slli	x21,0xf	 x21:0x00000013 x21=0x00098000
        1117217	     55759	80008808	2f49b113	sltiu	x2,x19,756	 x19:0x80025ce4  x2=0x00000000
        1117237	     55760	8000880c	6f11	c.lui	x30,0x4	 x30=0x00004000
        1117297	     55763	8000880e	01adaab3	slt	x21,x27,x26	 x27:0xa169e172 x26:0xd89e251a x21=0x00000001
        1117317	     55764	80008812	ec19	c.bnez	x8,80008830	  x8:0xe8800000
        1117597	     55778	80008830	000c0533	add	x10,x24,x0	 x24:0x000000a9  x0:0x00000000 x10=0x000000a9
        1117737	     55785	80008834	2d348193	addi	x3,x9,723	  x9:0x482e2dd1  x3=0x482e30a4
        1117757	     55786	80008838	cb05	c.beqz	x14,80008868	 x14:0x2db9d488
        1118177	     55807	8000883a	04360163	beq	x12,x3,8000887c	 x12:0x00000000  x3:0x482e30a4
        1118337	     55815	8000883e	0274bab3	mulhu	x21,x9,x7	  x9:0x482e2dd1  x7:0x5c26051b x21=0x19fb50c2
        1118357	     55816	80008842	021ffc63	bgeu	x31,x1,8000887a	 x31:0xa3d9faea  x1:0x00000013
        1119037	     55850	8000887a	84d1	c.srai	x9,0x14	  x9:0x482e2dd1  x9=0x00000482
        1119457	     55871	8000887c	017b0a33	add	x20,x22,x23	 x22:0x00000000 x23:0x00000001 x20=0x00000001
        1119657	     55881	80008880	8cdd	c.or	x9,x15	  x9:0x00000482 x15:0x00000000  x9=0x00000482
        1119677	     55882	80008882	7098b513	sltiu	x10,x17,1801	 x17:0x00000000 x10=0x00000001
        1120817	     55939	80008886	032cd833	divu	x16,x25,x18	 x25:0x5c260516 x18:0x0000000d x16=0x07169dee
        1120837	     55940	8000888a	874d	c.srai	x14,0x13	 x14:0x2db9d488 x14=0x000005b7
        1120857	     55941	8000888c	00e65d13	srli	x26,x12,0xe	 x12:0x00000000 x26=0x00000000
        1120877	     55942	80008890	418d5f13	srai	x30,x26,0x18	 x26:0x00000000 x30=0x00000000
        1120897	     55943	80008894	006f3fb3	sltu	x31,x30,x6	 x30:0x00000000  x6:0xffff8d60 x31=0x00000001
        1120937	     55945	80008898	02214833	div	x16,x2,x2	  x2:0x00000000  x2:0x00000000 x16=0xffffffff
        1120957	     55946	8000889c	0033ee63	bltu	x7,x3,800088b8	  x7:0x5c26051b  x3:0x482e30a4
        1121697	     55983	800088a0	0248c833	div	x16,x17,x4	 x17:0x00000000  x4:0x7fffea97 x16=0x00000000
        1121717	     55984	800088a4	6175	c.addi16sp	x2,368	  x2:0x00000000  x2=0x00000170
        1121737	     55985	800088a6	414a07b3	sub	x15,x20,x20	 x20:0x00000001 x20:0x00000001 x15=0x00000000
        1121757	     55986	800088aa	6c75	c.lui	x24,0x1d	 x24=0x0001d000
        1121777	     55987	800088ac	01691333	sll	x6,x18,x22	 x18:0x0000000d x22:0x00000000  x6=0x0000000d
        1121797	     55988	800088b0	34003273	csrrc	x4,mscratch,x0	  x0:0x00000000  x4=0x0000001f
        1121817	     55989	800088b4	cc89	c.beqz	x9,800088ce	  x9:0x00000482
        1121837	     55990	800088b6	6ff1	c.lui	x31,0x1c	 x31=0x0001c000
        1121977	     55997	800088b8	85e9	c.srai	x11,0x1a	 x11:0x0000000a x11=0x00000000
        1122237	     56010	800088ba	340b1073	csrrw	x0,mscratch,x22	 x22:0x00000000  x0=0x00000000
        1122677	     56032	800088be	035b1233	mulh	x4,x22,x21	 x22:0x00000000 x21:0x19fb50c2  x4=0x00000000
        1122697	     56033	800088c2	0001	c.addi	x0,0	  x0:0x00000000  x0=0x00000000
        1122737	     56035	800088c4	039f91b3	mulh	x3,x31,x25	 x31:0x0001c000 x25:0x5c260516  x3=0x0000a142
        1122757	     56036	800088c8	035a0b33	mul	x22,x20,x21	 x20:0x00000001 x21:0x19fb50c2 x22=0x19fb50c2
        1122777	     56037	800088cc	e885	c.bnez	x9,800088fc	  x9:0x00000482
        1123277	     56062	800088fc	c48d	c.beqz	x9,80008926	  x9:0x00000482
        1123297	     56063	800088fe	03c6	c.slli	x7,0x11	  x7:0x5c26051b  x7=0x0a360000
        1123577	     56077	80008900	401b8833	sub	x16,x23,x1	 x23:0x00000001  x1:0x00000013 x16=0xffffffee
        1123597	     56078	80008904	5252e093	ori	x1,x5,1317	  x5:0x6f9008b7  x1=0x6f900db7
        1123617	     56079	80008908	8dd1	c.or	x11,x12	 x11:0x00000000 x12:0x00000000 x11=0x00000000
        1123697	     56083	8000890a	40575113	srai	x2,x14,0x5	 x14:0x000005b7  x2=0x0000002d
        1123717	     56084	8000890e	e19d	c.bnez	x11,80008934	 x11:0x00000000
        1123817	     56089	80008910	6671	c.lui	x12,0x1c	 x12=0x0001c000
        1123917	     56094	80008912	01367833	and	x16,x12,x19	 x12:0x0001c000 x19:0x80025ce4 x16=0x00004000
        1123937	     56095	80008916	9be6	c.add	x23,x25	 x23:0x00000001 x25:0x5c260516 x23=0x5c260517
        1123977	     56097	80008918	02dd3fb3	mulhu	x31,x26,x13	 x26:0x00000000 x13:0x80021e44 x31=0x00000000
        1124217	     56109	8000891c	418e5533	sra	x10,x28,x24	 x28:0x00000000 x24:0x0001d000 x10=0x00000000
        1124237	     56110	80008920	0001	c.addi	x0,0	  x0:0x00000000  x0=0x00000000
        1124257	     56111	80008922	13fd	c.addi	x7,-1	  x7:0x0a360000  x7=0x0a35ffff
        1124277	     56112	80008924	e49d	c.bnez	x9,80008952	  x9:0x00000482
        1124917	     56144	80008952	64e9	c.lui	x9,0x1a	  x9=0x0001a000
        1124937	     56145	80008954	026b1b63	bne	x22,x6,8000898a	 x22:0x19fb50c2  x6:0x0000000d
        1125617	     56179	8000898a	8e09	c.sub	x12,x10	 x12:0x0001c000 x10:0x00000000 x12=0x0001c000
        1125797	     56188	8000898c	8715	c.srai	x14,0x5	 x14:0x000005b7 x14=0x0000002d
        1125817	     56189	8000898e	3409fc73	csrrci	x24,mscratch,19	 x24=0x00000000
        1125837	     56190	80008992	000ed4b3	srl	x9,x29,x0	 x29:0xd09d362e  x0:0x00000000  x9=0xd09d362e
        1125897	     56193	80008996	34079273	csrrw	x4,mscratch,x15	 x15:0x00000000  x4=0x00000000
        1125917	     56194	8000899a	d6347613	andi	x12,x8,-669	  x8:0xe8800000 x12=0xe8800000
        1125937	     56195	8000899e	9a7d	c.andi	x12,-1	 x12:0xe8800000 x12=0xe8800000
        1126337	     56215	800089a0	018222b3	slt	x5,x4,x24	  x4:0x00000000 x24:0x00000000  x5=0x00000000
        1126497	     56223	800089a4	34007f73	csrrci	x30,mscratch,0	 x30=0x00000000
        1126517	     56224	800089a8	84b5	c.srai	x9,0xd	  x9:0xd09d362e  x9=0xfffe84e9
        1126637	     56230	800089aa	00041633	sll	x12,x8,x0	  x8:0xe8800000  x0:0x00000000 x12=0xe8800000
        1126757	     56236	800089ae	404782b3	sub	x5,x15,x4	 x15:0x00000000  x4:0x00000000  x5=0x00000000
        1127157	     56256	800089b2	004ee1b3	or	x3,x29,x4	 x29:0xd09d362e  x4:0x00000000  x3=0xd09d362e
        1127177	     56257	800089b6	6515	c.lui	x10,0x5	 x10=0x00005000
        1127597	     56278	800089b8	028fab33	mulhsu	x22,x31,x8	 x31:0x00000000  x8:0xe8800000 x22=0x00000000
        1127617	     56279	800089bc	863d	c.srai	x12,0xf	 x12:0xe8800000 x12=0xffffd100
        1127977	     56297	800089be	0ff0000f	fence	iorw,iorw	
        1128077	     56302	800089c2	23084013	xori	x0,x16,560	 x16:0x00004000  x0=0x00000000
        1128097	     56303	800089c6	3403a473	csrrs	x8,mscratch,x7	  x7:0x0a35ffff  x8=0x00000000
        1128137	     56305	800089ca	02919eb3	mulh	x29,x3,x9	  x3:0xd09d362e  x9:0xfffe84e9 x29=0x0000462b
        1128157	     56306	800089ce	4c4d	c.li	x24,19	 x24=0x00000013
        1128177	     56307	800089d0	92ea	c.add	x5,x26	  x5:0x00000000 x26:0x00000000  x5=0x00000000
        1128197	     56308	800089d2	85bd	c.srai	x11,0xf	 x11:0x00000000 x11=0x00000000
        1128217	     56309	800089d4	0067e633	or	x12,x15,x6	 x15:0x00000000  x6:0x0000000d x12=0x0000000d
        1128237	     56310	800089d8	1718	c.addi4spn	x14,x2,928	 x14=0x000003cd
        1128757	     56336	800089da	340f5873	csrrwi	x16,mscratch,30	 x16=0x0a35ffff
        1128777	     56337	800089de	9112	c.add	x2,x4	  x2:0x0000002d  x4:0x00000000  x2=0x0000002d
        1128857	     56341	800089e0	0ff0000f	fence	iorw,iorw	
        1129077	     56352	800089e4	02333ab3	mulhu	x21,x6,x3	  x6:0x0000000d  x3:0xd09d362e x21=0x0000000a
        1129217	     56359	800089e8	0001	c.addi	x0,0	  x0:0x00000000  x0=0x00000000
        1129237	     56360	800089ea	019afb33	and	x22,x21,x25	 x21:0x0000000a x25:0x5c260516 x22=0x00000002
        1129317	     56364	800089ee	013c9493	slli	x9,x25,0x13	 x25:0x5c260516  x9=0x28b00000
        1130057	     56401	800089f2	03296fb3	rem	x31,x18,x18	 x18:0x0000000d x18:0x0000000d x31=0x00000000
        1130077	     56402	800089f6	02ff8163	beq	x31,x15,80008a18	 x31:0x00000000 x15:0x00000000
        1130377	     56417	80008a18	03b87263	bgeu	x16,x27,80008a3c	 x16:0x0a35ffff x27:0xa169e172
        1130417	     56419	80008a1c	34079af3	csrrw	x21,mscratch,x15	 x15:0x00000000 x21=0x0000001e
        1130597	     56428	80008a20	8c75	c.and	x8,x13	  x8:0x00000000 x13:0x80021e44  x8=0x00000000
        1130677	     56432	80008a22	02cac963	blt	x21,x12,80008a54	 x21:0x0000001e x12:0x0000000d
        1130697	     56433	80008a26	0136b5b3	sltu	x11,x13,x19	 x13:0x80021e44 x19:0x80025ce4 x11=0x00000001
        1130717	     56434	80008a2a	717d	c.addi16sp	x2,-16	  x2:0x0000002d  x2=0x0000001d
        1130757	     56436	80008a2c	02fae333	rem	x6,x21,x15	 x21:0x0000001e x15:0x00000000  x6=0x0000001e
        1131137	     56455	80008a30	011cf333	and	x6,x25,x17	 x25:0x5c260516 x17:0x00000000  x6=0x00000000
        1131557	     56476	80008a34	012c9633	sll	x12,x25,x18	 x25:0x5c260516 x18:0x0000000d x12=0xc0a2c000
        1131577	     56477	80008a38	41f553b3	sra	x7,x10,x31	 x10:0x00005000 x31:0x00000000  x7=0x00005000
        1131597	     56478	80008a3c	9841b413	sltiu	x8,x3,-1660	  x3:0xd09d362e  x8=0x00000001
        1131637	     56480	80008a40	026b63b3	rem	x7,x22,x6	 x22:0x00000002  x6:0x00000000  x7=0x00000002
        1131677	     56482	80008a44	914b3bb7	lui	x23,0x914b3	 x23=0x914b3000
        1131697	     56483	80008a48	0ff0000f	fence	iorw,iorw	
        1131777	     56487	80008a4c	0f92	c.slli	x31,0x4	 x31:0x00000000 x31=0x00000000
        1131817	     56489	80008a4e	022a2cb3	mulhsu	x25,x20,x2	 x20:0x00000001  x2:0x0000001d x25=0x00000000
        1131837	     56490	80008a52	67b9	c.lui	x15,0xe	 x15=0x0000e000
        1131877	     56492	80008a54	01138333	add	x6,x7,x17	  x7:0x00000002 x17:0x00000000  x6=0x00000002
        1131897	     56493	80008a58	023a8733	mul	x14,x21,x3	 x21:0x0000001e  x3:0xd09d362e x14=0x726c5964
        1131917	     56494	80008a5c	413f0fb3	sub	x31,x30,x19	 x30:0x00000000 x19:0x80025ce4 x31=0x7ffda31c
        1132117	     56504	80008a60	031ee933	rem	x18,x29,x17	 x29:0x0000462b x17:0x00000000 x18=0x0000462b
        1132137	     56505	80008a64	0553c263	blt	x7,x21,80008aa8	  x7:0x00000002 x21:0x0000001e
        1132697	     56533	80008aa8	8c41	c.or	x8,x8	  x8:0x00000001  x8:0x00000001  x8=0x00000001
        1132717	     56534	80008aaa	8d85	c.sub	x11,x9	 x11:0x00000001  x9:0x28b00000 x11=0xd7500001
        1132737	     56535	80008aac	8e5d	c.or	x12,x15	 x12:0xc0a2c000 x15:0x0000e000 x12=0xc0a2e000
        1132777	     56537	80008aae	41bd0f13	addi	x30,x26,1051	 x26:0x00000000 x30=0x0000041b
        1132797	     56538	80008ab2	4e1d	c.li	x28,7	 x28=0x00000007
        1133157	     56556	80008ab4	b6bd9517	auipc	x10,0xb6bd9	 x10=0x36be1ab4
        1133197	     56558	80008ab8	0000100f	fence.i	
        1133397	     56568	80008abc	8d1d	c.sub	x10,x15	 x10:0x36be1ab4 x15:0x0000e000 x10=0x36bd3ab4
        1133417	     56569	80008abe	8d89	c.sub	x11,x10	 x11:0xd7500001 x10:0x36bd3ab4 x11=0xa092c54d
        1134497	     56623	80008ac0	02484663	blt	x16,x4,80008aec	 x16:0x0a35ffff  x4:0x00000000
        1135237	     56660	80008ac4	0359dc33	divu	x24,x19,x21	 x19:0x80025ce4 x21:0x0000001e x24=0x0444586e
        1135257	     56661	80008ac8	2546a813	slti	x16,x13,596	 x13:0x80021e44 x16=0x00000001
        1135297	     56663	80008acc	02a8a433	mulhsu	x8,x17,x10	 x17:0x00000000 x10:0x36bd3ab4  x8=0x00000000
        1135317	     56664	80008ad0	000dda13	srli	x20,x27,0x0	 x27:0xa169e172 x20=0xa169e172
        1135337	     56665	80008ad4	00aea933	slt	x18,x29,x10	 x29:0x0000462b x10:0x36bd3ab4 x18=0x00000001
        1135357	     56666	80008ad8	006a6fb3	or	x31,x20,x6	 x20:0xa169e172  x6:0x00000002 x31=0xa169e172
        1135377	     56667	80008adc	61fd	c.lui	x3,0x1f	  x3=0x0001f000
        1135397	     56668	80008ade	6105	c.addi16sp	x2,32	  x2:0x0000001d  x2=0x0000003d
        1135457	     56671	80008ae0	340c2173	csrrs	x2,mscratch,x24	 x24:0x0444586e  x2=0x00000000
        1135557	     56676	80008ae4	8d99	c.sub	x11,x14	 x11:0xa092c54d x14:0x726c5964 x11=0x2e266be9
        1135877	     56692	80008ae6	0239a133	mulhsu	x2,x19,x3	 x19:0x80025ce4  x3:0x0001f000  x2=0xffff0804
        1135897	     56693	80008aea	0001	c.addi	x0,0	  x0:0x00000000  x0=0x00000000
        1136277	     56712	80008aec	00165263	bge	x12,x1,80008af0	 x12:0xc0a2e000  x1:0x6f900db7
        1136297	     56713	80008af0	8d2e	c.mv	x26,x11	  x0:0x00000000 x11:0x2e266be9 x26=0x2e266be9
        1137337	     56765	80008af2	02cbefb3	rem	x31,x23,x12	 x23:0x914b3000 x12:0xc0a2e000 x31=0xd0a85000
        1137357	     56766	80008af6	9826	c.add	x16,x9	 x16:0x00000001  x9:0x28b00000 x16=0x28b00001
        1137377	     56767	80008af8	02095d63	bge	x18,x0,80008b32	 x18:0x00000001  x0:0x00000000
        1137637	     56780	80008b32	340e9073	csrrw	x0,mscratch,x29	 x29:0x0000462b  x0=0x00000000
        1137657	     56781	80008b36	884a	c.mv	x16,x18	  x0:0x00000000 x18:0x00000001 x16=0x00000001
        1138717	     56834	80008b38	02a65ab3	divu	x21,x12,x10	 x12:0xc0a2e000 x10:0x36bd3ab4 x21=0x00000003
        1138737	     56835	80008b3c	0b04	c.addi4spn	x9,x2,400	  x9=0xffff0994
        1138757	     56836	80008b3e	515ff593	andi	x11,x31,1301	 x31:0xd0a85000 x11=0x00000000
        1138777	     56837	80008b42	012f1c63	bne	x30,x18,80008b5a	 x30:0x0000041b x18:0x00000001
        1139637	     56880	80008b5a	0000100f	fence.i	
        1140157	     56906	80008b5e	41ee0cb3	sub	x25,x28,x30	 x28:0x00000007 x30:0x0000041b x25=0xfffffbec
        1140177	     56907	80008b62	f41a15b7	lui	x11,0xf41a1	 x11=0xf41a1000
        1140377	     56917	80008b66	002c1463	bne	x24,x2,80008b6e	 x24:0x0444586e  x2:0xffff0804
        1140917	     56944	80008b6e	0001	c.addi	x0,0	  x0:0x00000000  x0=0x00000000
        1140937	     56945	80008b70	3401a2f3	csrrs	x5,mscratch,x3	  x3:0x0001f000  x5=0x0000462b
        1140957	     56946	80008b74	8f6d	c.and	x14,x11	 x14:0x726c5964 x11:0xf41a1000 x14=0x70081000
        1140977	     56947	80008b76	c7c28193	addi	x3,x5,-900	  x5:0x0000462b  x3=0x000042a7
        1141857	     56991	80008b7a	029e6ab3	rem	x21,x28,x9	 x28:0x00000007  x9:0xffff0994 x21=0x00000007
        1141877	     56992	80008b7e	d34acc93	xori	x25,x21,-716	 x21:0x00000007 x25=0xfffffd33
        1141897	     56993	80008b82	01f95f33	srl	x30,x18,x31	 x18:0x00000001 x31:0xd0a85000 x30=0x00000001
        1141917	     56994	80008b86	be194213	xori	x4,x18,-1055	 x18:0x00000001  x4=0xfffffbe0
        1141937	     56995	80008b8a	0aa32897	auipc	x17,0xaa32	 x17=0x8aa3ab8a
        1142677	     57032	80008b8e	034ec733	div	x14,x29,x20	 x29:0x0000462b x20:0xa169e172 x14=0x00000000
        1142697	     57033	80008b92	8d31	c.xor	x10,x12	 x10:0x36bd3ab4 x12:0xc0a2e000 x10=0xf61fdab4
        1142737	     57035	80008b94	02c09a33	mulh	x20,x1,x12	  x1:0x6f900db7 x12:0xc0a2e000 x20=0xe462f758
        1142757	     57036	80008b98	6cad	c.lui	x25,0xb	 x25=0x0000b000
        1142777	     57037	80008b9a	8ced	c.and	x9,x11	  x9:0xffff0994 x11:0xf41a1000  x9=0xf41a0000
        1143517	     57074	80008b9c	0230f5b3	remu	x11,x1,x3	  x1:0x6f900db7  x3:0x000042a7 x11=0x00000b85
        1143537	     57075	80008ba0	8ce5	c.and	x9,x9	  x9:0xf41a0000  x9:0xf41a0000  x9=0xf41a0000
        1143557	     57076	80008ba2	00f86933	or	x18,x16,x15	 x16:0x00000001 x15:0x0000e000 x18=0x0000e001
        1143577	     57077	80008ba6	075a	c.slli	x14,0x16	 x14:0x00000000 x14=0x00000000
        1143597	     57078	80008ba8	34006a73	csrrsi	x20,mscratch,0	 x20=0x0001f62b
        1143617	     57079	80008bac	003ac5b3	xor	x11,x21,x3	 x21:0x00000007  x3:0x000042a7 x11=0x000042a0
        1143637	     57080	80008bb0	0295c063	blt	x11,x9,80008bd0	 x11:0x000042a0  x9:0xf41a0000
        1143657	     57081	80008bb4	8f51	c.or	x14,x12	 x14:0x00000000 x12:0xc0a2e000 x14=0xc0a2e000
        1143677	     57082	80008bb6	8529	c.srai	x10,0xa	 x10:0xf61fdab4 x10=0xfffd87f6
        1143697	     57083	80008bb8	026e4063	blt	x28,x6,80008bd8	 x28:0x00000007  x6:0x00000002
        1143717	     57084	80008bbc	8d11	c.sub	x10,x12	 x10:0xfffd87f6 x12:0xc0a2e000 x10=0x3f5aa7f6
        1143817	     57089	80008bbe	001487b3	add	x15,x9,x1	  x9:0xf41a0000  x1:0x6f900db7 x15=0x63aa0db7
        1144557	     57126	80008bc2	0272c733	div	x14,x5,x7	  x5:0x0000462b  x7:0x00000002 x14=0x00002315
        1144577	     57127	80008bc6	8961	c.andi	x10,24	 x10:0x3f5aa7f6 x10=0x00000010
        1144597	     57128	80008bc8	01be65b3	or	x11,x28,x27	 x28:0x00000007 x27:0xa169e172 x11=0xa169e177
        1144617	     57129	80008bcc	340dd2f3	csrrwi	x5,mscratch,27	  x5=0x0001f62b
        1144637	     57130	80008bd0	01ead1b3	srl	x3,x21,x30	 x21:0x00000007 x30:0x00000001  x3=0x00000003
        1145377	     57167	80008bd4	02245833	divu	x16,x8,x2	  x8:0x00000000  x2:0xffff0804 x16=0x00000000
        1145397	     57168	80008bd8	02ae4a63	blt	x28,x10,80008c0c	 x28:0x00000007 x10:0x00000010
        1146337	     57215	80008c0c	8d1d	c.sub	x10,x15	 x10:0x00000010 x15:0x63aa0db7 x10=0x9c55f259
        1146377	     57217	80008c0e	017f9c13	slli	x24,x31,0x17	 x31:0xd0a85000 x24=0x00000000
        1146397	     57218	80008c12	6125	c.addi16sp	x2,96	  x2:0xffff0804  x2=0xffff0864
        1146757	     57236	80008c14	81a5	c.srli	x11,0x9	 x11:0xa169e177 x11=0x0050b4f0
        1146777	     57237	80008c16	717d	c.addi16sp	x2,-16	  x2:0xffff0864  x2=0xffff0854
        1146797	     57238	80008c18	8d01	c.sub	x10,x8	 x10:0x9c55f259  x8:0x00000000 x10=0x9c55f259
        1146817	     57239	80008c1a	8d19	c.sub	x10,x14	 x10:0x9c55f259 x14:0x00002315 x10=0x9c55cf44
        1146837	     57240	80008c1c	0110efb3	or	x31,x1,x17	  x1:0x6f900db7 x17:0x8aa3ab8a x31=0xefb3afbf
        1146857	     57241	80008c20	216fbb93	sltiu	x23,x31,534	 x31:0xefb3afbf x23=0x00000000
        1146877	     57242	80008c24	34007773	csrrci	x14,mscratch,0	 x14=0x0000001b
        1147097	     57253	80008c28	01f72f33	slt	x30,x14,x31	 x14:0x0000001b x31:0xefb3afbf x30=0x00000000
        1147137	     57255	80008c2c	020061b3	rem	x3,x0,x0	  x0:0x00000000  x0:0x00000000  x3=0x00000000
        1147157	     57256	80008c30	019fb0b3	sltu	x1,x31,x25	 x31:0xefb3afbf x25:0x0000b000  x1=0x00000000
        1147557	     57276	80008c34	40afd913	srai	x18,x31,0xa	 x31:0xefb3afbf x18=0xfffbeceb
        1147977	     57297	80008c38	4010df13	srai	x30,x1,0x1	  x1:0x00000000 x30=0x00000000
        1147997	     57298	80008c3c	81e5	c.srli	x11,0x19	 x11:0x0050b4f0 x11=0x00000000
        1148017	     57299	80008c3e	8cf9	c.and	x9,x14	  x9:0xf41a0000 x14:0x0000001b  x9=0x00000000
        1148417	     57319	80008c40	8145	c.srli	x10,0x11	 x10:0x9c55cf44 x10=0x00004e2a
        1148437	     57320	80008c42	741efa93	andi	x21,x29,1857	 x29:0x0000462b x21=0x00000601
        1148477	     57322	80008c46	021a7e33	remu	x28,x20,x1	 x20:0x0001f62b  x1:0x00000000 x28=0x0001f62b
        1148617	     57329	80008c4a	0095a833	slt	x16,x11,x9	 x11:0x00000000  x9:0x00000000 x16=0x00000000
        1148677	     57332	80008c4e	2c63f013	andi	x0,x7,710	  x7:0x00000002  x0=0x00000000
        1148757	     57336	80008c52	01493533	sltu	x10,x18,x20	 x18:0xfffbeceb x20:0x0001f62b x10=0x00000000
        1149177	     57357	80008c56	85ecb197	auipc	x3,0x85ecb	  x3=0x05ed3c56
        1149197	     57358	80008c5a	e305	c.bnez	x14,80008c7a	 x14:0x0000001b
        1149417	     57369	80008c7a	856a	c.mv	x10,x26	  x0:0x00000000 x26:0x2e266be9 x10=0x2e266be9
        1149777	     57387	80008c7c	340070f3	csrrci	x1,mscratch,0	  x1=0x0000001b
        1150097	     57403	80008c80	031e90b3	mulh	x1,x29,x17	 x29:0x0000462b x17:0x8aa3ab8a  x1=0xffffdfd5
        1150117	     57404	80008c84	0001	c.addi	x0,0	  x0:0x00000000  x0=0x00000000
        1150137	     57405	80008c86	58428293	addi	x5,x5,1412	  x5:0x0001f62b  x5=0x0001fbaf
        1150157	     57406	80008c8a	ed807193	andi	x3,x0,-296	  x0:0x00000000  x3=0x00000000
        1150397	     57418	80008c8e	af873613	sltiu	x12,x14,-1288	 x14:0x0000001b x12=0x00000001
        1150557	     57426	80008c92	40ba8cb3	sub	x25,x21,x11	 x21:0x00000601 x11:0x00000000 x25=0x00000601
        1150577	     57427	80008c96	d2661117	auipc	x2,0xd2661	  x2=0x52669c96
        1150597	     57428	80008c9a	03639663	bne	x7,x22,80008cc6	  x7:0x00000002 x22:0x00000002
        1150617	     57429	80008c9e	0ff0000f	fence	iorw,iorw	
        1150737	     57435	80008ca2	0ff0000f	fence	iorw,iorw	
        1150757	     57436	80008ca6	02b97963	bgeu	x18,x11,80008cd8	 x18:0xfffbeceb x11:0x00000000
        1151517	     57474	80008cd8	0132ff33	and	x30,x5,x19	  x5:0x0001fbaf x19:0x80025ce4 x30=0x000058a4
        1151537	     57475	80008cdc	0ce6	c.slli	x25,0x19	 x25:0x00000601 x25=0x02000000
        1151837	     57490	80008cde	0202a0b3	mulhsu	x1,x5,x0	  x5:0x0001fbaf  x0:0x00000000  x1=0x00000000
        1151857	     57491	80008ce2	8f01	c.sub	x14,x8	 x14:0x0000001b  x8:0x00000000 x14=0x0000001b
        1151877	     57492	80008ce4	00084533	xor	x10,x16,x0	 x16:0x00000000  x0:0x00000000 x10=0x00000000
        1151897	     57493	80008ce8	3d2b7b17	auipc	x22,0x3d2b7	 x22=0xbd2bfce8
        1151937	     57495	80008cec	02904733	div	x14,x0,x9	  x0:0x00000000  x9:0x00000000 x14=0xffffffff
        1151957	     57496	80008cf0	c115	c.beqz	x10,80008d14	 x10:0x00000000
        1152577	     57527	80008d14	03cfaab3	mulhsu	x21,x31,x28	 x31:0xefb3afbf x28:0x0001f62b x21=0xffffe007
        1152757	     57536	80008d18	9562	c.add	x10,x24	 x10:0x00000000 x24:0x00000000 x10=0x00000000
        1153497	     57573	80008d1a	03ceef33	rem	x30,x29,x28	 x29:0x0000462b x28:0x0001f62b x30=0x0000462b
        1153517	     57574	80008d1e	dd43cb13	xori	x22,x7,-556	  x7:0x00000002 x22=0xfffffdd6
        1153537	     57575	80008d22	02251663	bne	x10,x2,80008d4e	 x10:0x00000000  x2:0x52669c96
        1154397	     57618	80008d4e	4e936fb7	lui	x31,0x4e936	 x31=0x4e936000
        1154417	     57619	80008d52	03958a63	beq	x11,x25,80008d86	 x11:0x00000000 x25:0x02000000
        1155437	     57670	80008d56	034aebb3	rem	x23,x21,x20	 x21:0xffffe007 x20:0x0001f62b x23=0xffffe007
        1155457	     57671	80008d5a	34081f73	csrrw	x30,mscratch,x16	 x16:0x00000000 x30=0x0000001b
        1155477	     57672	80008d5e	034be063	bltu	x23,x20,80008d7e	 x23:0xffffe007 x20:0x0001f62b
        1155497	     57673	80008d62	9442	c.add	x8,x16	  x8:0x00000000 x16:0x00000000  x8=0x00000000
        1155537	     57675	80008d64	0316bab3	mulhu	x21,x13,x17	 x13:0x80021e44 x17:0x8aa3ab8a x21=0x4552fb70
        1155557	     57676	80008d68	41a7dc33	sra	x24,x15,x26	 x15:0x63aa0db7 x26:0x2e266be9 x24=0x0031d506
        1155577	     57677	80008d6c	01ea15b3	sll	x11,x20,x30	 x20:0x0001f62b x30:0x0000001b x11=0x58000000
        1155977	     57697	80008d70	03f20463	beq	x4,x31,80008d98	  x4:0xfffffbe0 x31:0x4e936000
        1156077	     57702	80008d74	01759b93	slli	x23,x11,0x17	 x11:0x58000000 x23=0x00000000
        1156097	     57703	80008d78	012dbbb3	sltu	x23,x27,x18	 x27:0xa169e172 x18:0xfffbeceb x23=0x00000001
        1156117	     57704	80008d7c	9b7d	c.andi	x14,-1	 x14:0xffffffff x14=0xffffffff
        1156137	     57705	80008d7e	9cba	c.add	x25,x14	 x25:0x02000000 x14:0xffffffff x25=0x01ffffff
        1156157	     57706	80008d80	0239	c.addi	x4,14	  x4:0xfffffbe0  x4=0xfffffbee
        1156177	     57707	80008d82	01f6d133	srl	x2,x13,x31	 x13:0x80021e44 x31:0x4e936000  x2=0x80021e44
        1156377	     57717	80008d86	340a9773	csrrw	x14,mscratch,x21	 x21:0x4552fb70 x14=0x00000000
        1156397	     57718	80008d8a	8de9	c.and	x11,x10	 x11:0x58000000 x10:0x00000000 x11=0x00000000
        1156417	     57719	80008d8c	40d103b3	sub	x7,x2,x13	  x2:0x80021e44 x13:0x80021e44  x7=0x00000000
        1156437	     57720	80008d90	00918363	beq	x3,x9,80008d96	  x3:0x00000000  x9:0x00000000
        1157337	     57765	80008d96	8e41	c.or	x12,x8	 x12:0x00000001  x8:0x00000000 x12=0x00000001
        1157517	     57774	80008d98	5adaaf13	slti	x30,x21,1453	 x21:0x4552fb70 x30=0x00000000
        1157537	     57775	80008d9c	340023f3	csrrs	x7,mscratch,x0	  x0:0x00000000  x7=0x4552fb70
        1157657	     57781	80008da0	40118ab3	sub	x21,x3,x1	  x3:0x00000000  x1:0x00000000 x21=0x00000000
        1157977	     57797	80008da4	00fa5293	srli	x5,x20,0xf	 x20:0x0001f62b  x5=0x00000003
        1157997	     57798	80008da8	8af17293	andi	x5,x2,-1873	  x2:0x80021e44  x5=0x80021804
        1158017	     57799	80008dac	00b8c2b3	xor	x5,x17,x11	 x17:0x8aa3ab8a x11:0x00000000  x5=0x8aa3ab8a
        1158037	     57800	80008db0	40f90d33	sub	x26,x18,x15	 x18:0xfffbeceb x15:0x63aa0db7 x26=0x9c51df34
        1158137	     57805	80008db4	00f761b3	or	x3,x14,x15	 x14:0x00000000 x15:0x63aa0db7  x3=0x63aa0db7
        1158157	     57806	80008db8	8221	c.srli	x12,0x8	 x12:0x00000001 x12=0x00000000
        1158217	     57809	80008dba	409c5193	srai	x3,x24,0x9	 x24:0x0031d506  x3=0x000018ea
        1158237	     57810	80008dbe	6109	c.addi16sp	x2,128	  x2:0x80021e44  x2=0x80021ec4
        1158617	     57829	80008dc0	8ab6	c.mv	x21,x13	  x0:0x00000000 x13:0x80021e44 x21=0x80021e44
        1158637	     57830	80008dc2	413b5093	srai	x1,x22,0x13	 x22:0xfffffdd6  x1=0xffffffff
        1158777	     57837	80008dc6	03e47e63	bgeu	x8,x30,80008e02	  x8:0x00000000 x30:0x00000000
        1159537	     57875	80008e02	e215	c.bnez	x12,80008e26	 x12:0x00000000
        1159577	     57877	80008e04	029b93b3	mulh	x7,x23,x9	 x23:0x00000001  x9:0x00000000  x7=0x00000000
        1165077	     58152	80008e08	340078f3	csrrci	x17,mscratch,0	 x17=0x4552fb70
        1165097	     58153	80008e0c	00631b13	slli	x22,x6,0x6	  x6:0x00000002 x22=0x00000080
        1165117	     58154	80008e10	0f06	c.slli	x30,0x1	 x30:0x00000000 x30=0x00000000
        1165137	     58155	80008e12	3409aa73	csrrs	x20,mscratch,x19	 x19:0x80025ce4 x20=0x4552fb70
        1165877	     58192	80008e16	03dfe5b3	rem	x11,x31,x29	 x31:0x4e936000 x29:0x0000462b x11=0x0000311c
        1165897	     58193	80008e1a	019370b3	and	x1,x6,x25	  x6:0x00000002 x25:0x01ffffff  x1=0x00000002
        1165917	     58194	80008e1e	043fdfb7	lui	x31,0x43fd	 x31=0x043fd000
        1165937	     58195	80008e22	93798597	auipc	x11,0x93798	 x11=0x137a0e22
        1165957	     58196	80008e26	8d29	c.xor	x10,x10	 x10:0x00000000 x10:0x00000000 x10=0x00000000
        1165977	     58197	80008e28	987d	c.andi	x8,-1	  x8:0x00000000  x8=0x00000000
        1165997	     58198	80008e2a	40f95c13	srai	x24,x18,0xf	 x18:0xfffbeceb x24=0xfffffff7
        1166017	     58199	80008e2e	0000100f	fence.i	
        1166697	     58233	80008e32	01141613	slli	x12,x8,0x11	  x8:0x00000000 x12=0x00000000
        1166717	     58234	80008e36	8d39	c.xor	x10,x14	 x10:0x00000000 x14:0x00000000 x10=0x00000000
        1166837	     58240	80008e38	340e61f3	csrrsi	x3,mscratch,28	  x3=0xc552fff4
        1167257	     58261	80008e3c	00de8263	beq	x29,x13,80008e40	 x29:0x0000462b x13:0x80021e44
        1167677	     58282	80008e40	03320bb3	mul	x23,x4,x19	  x4:0xfffffbee x19:0x80025ce4 x23=0xf661e7f8
        1167757	     58286	80008e44	340c57f3	csrrwi	x15,mscratch,24	 x15=0xc552fffc
        1167777	     58287	80008e48	cf81	c.beqz	x15,80008e60	 x15:0xc552fffc
        1167797	     58288	80008e4a	01fdd733	srl	x14,x27,x31	 x27:0xa169e172 x31:0x043fd000 x14=0xa169e172
        1168077	     58302	80008e4e	01632633	slt	x12,x6,x22	  x6:0x00000002 x22:0x00000080 x12=0x00000001
        1168817	     58339	80008e52	032bca33	div	x20,x23,x18	 x23:0xf661e7f8 x18:0xfffbeceb x20=0x0000025c
        1168837	     58340	80008e56	011afe33	and	x28,x21,x17	 x21:0x80021e44 x17:0x4552fb70 x28=0x00021a40
        1168857	     58341	80008e5a	c999	c.beqz	x11,80008e70	 x11:0x137a0e22
        1168877	     58342	80008e5c	ae35b813	sltiu	x16,x11,-1309	 x11:0x137a0e22 x16=0x00000001
        1168897	     58343	80008e60	019bae33	slt	x28,x23,x25	 x23:0xf661e7f8 x25:0x01ffffff x28=0x00000001
        1168917	     58344	80008e64	03ede663	bltu	x27,x30,80008e90	 x27:0xa169e172 x30:0x00000000
        1168937	     58345	80008e68	3409f873	csrrci	x16,mscratch,19	 x16=0x00000018
        1168957	     58346	80008e6c	340fa373	csrrs	x6,mscratch,x31	 x31:0x043fd000  x6=0x00000008
        1169077	     58352	80008e70	c0734e97	auipc	x29,0xc0734	 x29=0x4073ce70
        1169157	     58356	80008e74	d2993617	auipc	x12,0xd2993	 x12=0x5299be74
        1169297	     58363	80008e78	1710	c.addi4spn	x12,x2,928	 x12=0x80022264
        1169357	     58366	80008e7a	0151b233	sltu	x4,x3,x21	  x3:0xc552fff4 x21:0x80021e44  x4=0x00000000
        1169377	     58367	80008e7e	1408	c.addi4spn	x10,x2,544	 x10=0x800220e4
        1169417	     58369	80008e80	83fd	c.srli	x15,0x1f	 x15:0xc552fffc x15=0x00000001
        1169497	     58373	80008e82	b0586a13	ori	x20,x16,-1275	 x16:0x00000018 x20=0xfffffb1d
        1169517	     58374	80008e86	60cd	c.lui	x1,0x13	  x1=0x00013000
        1169537	     58375	80008e88	0000100f	fence.i	
        1170177	     58407	80008e8c	40b9d433	sra	x8,x19,x11	 x19:0x80025ce4 x11:0x137a0e22  x8=0xe0009739
        1170917	     58444	80008e90	028c6433	rem	x8,x24,x8	 x24:0xfffffff7  x8:0xe0009739  x8=0xfffffff7
        1170937	     58445	80008e94	01c072b3	and	x5,x0,x28	  x0:0x00000000 x28:0x00000001  x5=0x00000000
        1170957	     58446	80008e98	3d796b93	ori	x23,x18,983	 x18:0xfffbeceb x23=0xfffbefff
        1171697	     58483	80008e9c	03237533	remu	x10,x6,x18	  x6:0x00000008 x18:0xfffbeceb x10=0x00000008
        1171717	     58484	80008ea0	0121db33	srl	x22,x3,x18	  x3:0xc552fff4 x18:0xfffbeceb x22=0x0018aa5f
        1171737	     58485	80008ea4	0001	c.addi	x0,0	  x0:0x00000000  x0=0x00000000
        1171757	     58486	80008ea6	34066573	csrrsi	x10,mscratch,12	 x10=0x043fd008
        1171777	     58487	80008eaa	340a6a73	csrrsi	x20,mscratch,20	 x20=0x043fd00c
        1171797	     58488	80008eae	340025f3	csrrs	x11,mscratch,x0	  x0:0x00000000 x11=0x043fd01c
        1171817	     58489	80008eb2	81ea	c.mv	x3,x26	  x0:0x00000000 x26:0x9c51df34  x3=0x9c51df34
        1172117	     58504	80008eb4	83bd	c.srli	x15,0xf	 x15:0x00000001 x15=0x00000000
        1172237	     58510	80008eb6	64eda513	slti	x10,x27,1614	 x27:0xa169e172 x10=0x00000001
        1172257	     58511	80008eba	807e2213	slti	x4,x28,-2041	 x28:0x00000001  x4=0x00000000
        1172277	     58512	80008ebe	00c0d393	srli	x7,x1,0xc	  x1:0x00013000  x7=0x00000013
        1172297	     58513	80008ec2	01117863	bgeu	x2,x17,80008ed2	  x2:0x80021ec4 x17:0x4552fb70
        1172797	     58538	80008ed2	f9446413	ori	x8,x8,-108	  x8:0xfffffff7  x8=0xfffffff7
        1172957	     58546	80008ed6	bbd568b7	lui	x17,0xbbd56	 x17=0xbbd56000
        1173377	     58567	80008eda	022efd63	bgeu	x29,x2,80008f14	 x29:0x4073ce70  x2:0x80021ec4
        1173557	     58576	80008ede	00aff263	bgeu	x31,x10,80008ee2	 x31:0x043fd000 x10:0x00000001
        1174277	     58612	80008ee2	3404bc73	csrrc	x24,mscratch,x9	  x9:0x00000000 x24=0x043fd01c
        1174317	     58614	80008ee6	03531633	mulh	x12,x6,x21	  x6:0x00000008 x21:0x80021e44 x12=0xfffffffc
        1174677	     58632	80008eea	0288beb3	mulhu	x29,x17,x8	 x17:0xbbd56000  x8:0xfffffff7 x29=0xbbd55ff9
        1175077	     58652	80008eee	01737ab3	and	x21,x6,x23	  x6:0x00000008 x23:0xfffbefff x21=0x00000008
        1175137	     58655	80008ef2	41b25813	srai	x16,x4,0x1b	  x4:0x00000000 x16=0x00000000
        1175177	     58657	80008ef6	02f52d33	mulhsu	x26,x10,x15	 x10:0x00000001 x15:0x00000000 x26=0x00000000
        1175457	     58671	80008efa	02059733	mulh	x14,x11,x0	 x11:0x043fd01c  x0:0x00000000 x14=0x00000000
        1175637	     58680	80008efe	0203c763	blt	x7,x0,80008f2c	  x7:0x00000013  x0:0x00000000
        1175797	     58688	80008f02	02095433	divu	x8,x18,x0	 x18:0xfffbeceb  x0:0x00000000  x8=0xffffffff
        1175817	     58689	80008f06	1537e313	ori	x6,x15,339	 x15:0x00000000  x6=0x00000153
        1175837	     58690	80008f0a	8f41	c.or	x14,x8	 x14:0x00000000  x8:0xffffffff x14=0xffffffff
        1175997	     58698	80008f0c	340d35f3	csrrc	x11,mscratch,x26	 x26:0x00000000 x11=0x043fd01c
        1176097	     58703	80008f10	0a1e	c.slli	x20,0x7	 x20:0x043fd00c x20=0x1fe80600
        1176117	     58704	80008f12	8c61	c.and	x8,x8	  x8:0xffffffff  x8:0xffffffff  x8=0xffffffff
        1176137	     58705	80008f14	0afb2b13	slti	x22,x22,175	 x22:0x0018aa5f x22=0x00000000
        1176157	     58706	80008f18	41e75213	srai	x4,x14,0x1e	 x14:0xffffffff  x4=0xffffffff
        1176177	     58707	80008f1c	412302b3	sub	x5,x6,x18	  x6:0x00000153 x18:0xfffbeceb  x5=0x00041468
        1176477	     58722	80008f20	03374763	blt	x14,x19,80008f4e	 x14:0xffffffff x19:0x80025ce4
        1176497	     58723	80008f24	d3a3f4b7	lui	x9,0xd3a3f	  x9=0xd3a3f000
        1176717	     58734	80008f28	0051f8b3	and	x17,x3,x5	  x3:0x9c51df34  x5:0x00041468 x17=0x00001420
        1176957	     58746	80008f2c	27db8613	addi	x12,x23,637	 x23:0xfffbefff x12=0xfffbf27c
        1177157	     58756	80008f30	00359d63	bne	x11,x3,80008f4a	 x11:0x043fd01c  x3:0x9c51df34
        1178377	     58817	80008f4a	de8d2f37	lui	x30,0xde8d2	 x30=0xde8d2000
        1178797	     58838	80008f4e	03759b63	bne	x11,x23,80008f84	 x11:0x043fd01c x23:0xfffbefff
        1179317	     58864	80008f84	e515	c.bnez	x10,80008fb0	 x10:0x00000001
        1179617	     58879	80008fb0	5ccbb893	sltiu	x17,x23,1484	 x23:0xfffbefff x17=0x00000000
        1180037	     58900	80008fb4	0621	c.addi	x12,8	 x12:0xfffbf27c x12=0xfffbf284
        1180417	     58919	80008fb6	340494f3	csrrw	x9,mscratch,x9	  x9:0xd3a3f000  x9=0x043fd01c
        1181557	     58976	80008fba	029ecfb3	div	x31,x29,x9	 x29:0xbbd55ff9  x9:0x043fd01c x31=0xfffffff0
        1181577	     58977	80008fbe	0ff0000f	fence	iorw,iorw	
        1181597	     58978	80008fc2	e192f4b7	lui	x9,0xe192f	  x9=0xe192f000
        1181637	     58980	80008fc6	03939c33	mulh	x24,x7,x25	  x7:0x00000013 x25:0x01ffffff x24=0x00000000
        1181657	     58981	80008fca	94b6	c.add	x9,x13	  x9:0xe192f000 x13:0x80021e44  x9=0x61950e44
        1181677	     58982	80008fcc	99e20513	addi	x10,x4,-1634	  x4:0xffffffff x10=0xfffff99d
        1181697	     58983	80008fd0	3fdc4513	xori	x10,x24,1021	 x24:0x00000000 x10=0x000003fd
        1181717	     58984	80008fd4	8e4d	c.or	x12,x11	 x12:0xfffbf284 x11:0x043fd01c x12=0xfffff29c
        1181737	     58985	80008fd6	00757f63	bgeu	x10,x7,80008ff4	 x10:0x000003fd  x7:0x00000013
        1182577	     59027	80008ff4	061a	c.slli	x12,0x6	 x12:0xfffff29c x12=0xfffca700
        1182617	     59029	80008ff6	00f29093	slli	x1,x5,0xf	  x5:0x00041468  x1=0x0a340000
        1182857	     59041	80008ffa	f9866513	ori	x10,x12,-104	 x12:0xfffca700 x10=0xffffff98
        1183217	     59059	80008ffe	00b17133	and	x2,x2,x11	  x2:0x80021ec4 x11:0x043fd01c  x2=0x00021004
        1183237	     59060	80009002	018b1563	bne	x22,x24,8000900c	 x22:0x00000000 x24:0x00000000
        1183257	     59061	80009006	400ed633	sra	x12,x29,x0	 x29:0xbbd55ff9  x0:0x00000000 x12=0xbbd55ff9
        1183277	     59062	8000900a	834a	c.mv	x6,x18	  x0:0x00000000 x18:0xfffbeceb  x6=0xfffbeceb
        1183377	     59067	8000900c	847d	c.srai	x8,0x1f	  x8:0xffffffff  x8=0xffffffff
        1184357	     59116	8000900e	02ef7e33	remu	x28,x30,x14	 x30:0xde8d2000 x14:0xffffffff x28=0xde8d2000
        1184377	     59117	80009012	4439	c.li	x8,14	  x8=0x0000000e
        1185117	     59154	80009014	026850b3	divu	x1,x16,x6	 x16:0x00000000  x6:0xfffbeceb  x1=0x00000000
        1185137	     59155	80009018	01e8deb3	srl	x29,x17,x30	 x17:0x00000000 x30:0xde8d2000 x29=0x00000000
        1185157	     59156	8000901c	926ee793	ori	x15,x29,-1754	 x29:0x00000000 x15=0xfffff926
        1185177	     59157	80009020	0b46	c.slli	x22,0x11	 x22:0x00000000 x22=0x00000000
        1185197	     59158	80009022	1bfd	c.addi	x23,-1	 x23:0xfffbefff x23=0xfffbeffe
        1185217	     59159	80009024	ea0d	c.bnez	x12,80009056	 x12:0xbbd55ff9
        1186037	     59200	80009056	03d0d763	bge	x1,x29,80009084	  x1:0x00000000 x29:0x00000000
        1186337	     59215	80009084	01485013	srli	x0,x16,0x14	 x16:0x00000000  x0=0x00000000
        1187177	     59257	80009088	0001	c.addi	x0,0	  x0:0x00000000  x0=0x00000000
        1187197	     59258	8000908a	8e4d	c.or	x12,x11	 x12:0xbbd55ff9 x11:0x043fd01c x12=0xbfffdffd
        1187217	     59259	8000908c	00fc1793	slli	x15,x24,0xf	 x24:0x00000000 x15=0x00000000
        1188097	     59303	80009090	024d4533	div	x10,x26,x4	 x26:0x00000000  x4:0xffffffff x10=0x00000000
        1188117	     59304	80009094	6555	c.lui	x10,0x15	 x10=0x00015000
        1188137	     59305	80009096	022a4b63	blt	x20,x2,800090cc	 x20:0x1fe80600  x2:0x00021004
        1188157	     59306	8000909a	007bbf33	sltu	x30,x23,x7	 x23:0xfffbeffe  x7:0x00000013 x30=0x00000000
        1188177	     59307	8000909e	37dd4513	xori	x10,x26,893	 x26:0x00000000 x10=0x0000037d
        1188197	     59308	800090a2	00d8af33	slt	x30,x17,x13	 x17:0x00000000 x13:0x80021e44 x30=0x00000000
        1188237	     59310	800090a6	035f88b3	mul	x17,x31,x21	 x31:0xfffffff0 x21:0x00000008 x17=0xffffff80
        1188657	     59331	800090aa	5859ae13	slti	x28,x19,1413	 x19:0x80025ce4 x28=0x00000001
        1188677	     59332	800090ae	84c9	c.srai	x9,0x12	  x9:0x61950e44  x9=0x00001865
        1188837	     59340	800090b0	01aa4263	blt	x20,x26,800090b4	 x20:0x1fe80600 x26:0x00000000
        1188857	     59341	800090b4	019f3d33	sltu	x26,x30,x25	 x30:0x00000000 x25:0x01ffffff x26=0x00000001
        1188877	     59342	800090b8	0116dfb3	srl	x31,x13,x17	 x13:0x80021e44 x17:0xffffff80 x31=0x80021e44
        1188997	     59348	800090bc	000308b3	add	x17,x6,x0	  x6:0xfffbeceb  x0:0x00000000 x17=0xfffbeceb
        1189417	     59369	800090c0	00adceb3	xor	x29,x27,x10	 x27:0xa169e172 x10:0x0000037d x29=0xa169e20f
        1189437	     59370	800090c4	018fd413	srli	x8,x31,0x18	 x31:0x80021e44  x8=0x00000080
        1189557	     59376	800090c8	007678b3	and	x17,x12,x7	 x12:0xbfffdffd  x7:0x00000013 x17=0x00000011
        1189577	     59377	800090cc	0ff0000f	fence	iorw,iorw	
        1189597	     59378	800090d0	000a7c63	bgeu	x20,x0,800090e8	 x20:0x1fe80600  x0:0x00000000
        1190297	     59413	800090e8	f7c36413	ori	x8,x6,-132	  x6:0xfffbeceb  x8=0xffffffff
        1190577	     59427	800090ec	034618b3	mulh	x17,x12,x20	 x12:0xbfffdffd x20:0x1fe80600 x17=0xf805fa82
        1190737	     59435	800090f0	1bff2293	slti	x5,x30,447	 x30:0x00000000  x5=0x00000001
        1190757	     59436	800090f4	01417333	and	x6,x2,x20	  x2:0x00021004 x20:0x1fe80600  x6=0x00000000
        1190777	     59437	800090f8	00ca0533	add	x10,x20,x12	 x20:0x1fe80600 x12:0xbfffdffd x10=0xdfe7e5fd
        1190877	     59442	800090fc	3408d4f3	csrrwi	x9,mscratch,17	  x9=0xd3a3f000
        1191617	     59479	80009100	032cde33	divu	x28,x25,x18	 x25:0x01ffffff x18:0xfffbeceb x28=0x00000000
        1191637	     59480	80009104	340d5073	csrrwi	x0,mscratch,26	  x0=0x00000000
        1191657	     59481	80009108	47a5	c.li	x15,9	 x15=0x00000009
        1191677	     59482	8000910a	340a2573	csrrs	x10,mscratch,x20	 x20:0x1fe80600 x10=0x0000001a
        1191697	     59483	8000910e	34006ff3	csrrsi	x31,mscratch,0	 x31=0x1fe8061a
        1191717	     59484	80009112	03235163	bge	x6,x18,80009134	  x6:0x00000000 x18:0xfffbeceb
        1192397	     59518	80009134	02cc9163	bne	x25,x12,80009156	 x25:0x01ffffff x12:0xbfffdffd
        1192757	     59536	80009156	016f4863	blt	x30,x22,80009166	 x30:0x00000000 x22:0x00000000
        1192777	     59537	8000915a	3ade6e37	lui	x28,0x3ade6	 x28=0x3ade6000
        1192797	     59538	8000915e	8c7a	c.mv	x24,x30	  x0:0x00000000 x30:0x00000000 x24=0x00000000
        1192817	     59539	80009160	98fd	c.andi	x9,-1	  x9:0xd3a3f000  x9=0xd3a3f000
        1192837	     59540	80009162	8e3d	c.xor	x12,x15	 x12:0xbfffdffd x15:0x00000009 x12=0xbfffdff4
        1192857	     59541	80009164	0b1a	c.slli	x22,0x6	 x22:0x00000000 x22=0x00000000
        1193357	     59566	80009166	0102d713	srli	x14,x5,0x10	  x5:0x00000001 x14=0x00000000
        1193377	     59567	8000916a	5bfd	c.li	x23,-1	 x23=0xffffffff
        1193417	     59569	8000916c	340095f3	csrrw	x11,mscratch,x1	  x1:0x00000000 x11=0x1fe8061a
        1193437	     59570	80009170	717d	c.addi16sp	x2,-16	  x2:0x00021004  x2=0x00020ff4
        1193457	     59571	80009172	8e29	c.xor	x12,x10	 x12:0xbfffdff4 x10:0x0000001a x12=0xbfffdfee
        1193477	     59572	80009174	d94fac93	slti	x25,x31,-620	 x31:0x1fe8061a x25=0x00000000
        1193877	     59592	80009178	00562033	slt	x0,x12,x5	 x12:0xbfffdfee  x5:0x00000001  x0=0x00000000
        1193997	     59598	8000917c	03f14963	blt	x2,x31,800091ae	  x2:0x00020ff4 x31:0x1fe8061a
        1194637	     59630	800091ae	00945b93	srli	x23,x8,0x9	  x8:0xffffffff x23=0x007fffff
        1194797	     59638	800091b2	037538b3	mulhu	x17,x10,x23	 x10:0x0000001a x23:0x007fffff x17=0x00000000
        1195117	     59654	800091b6	34127537	lui	x10,0x34127	 x10=0x34127000
        1195137	     59655	800091ba	412cda33	sra	x20,x25,x18	 x25:0x00000000 x18:0xfffbeceb x20=0x00000000
        1195217	     59659	800091be	f5c6b013	sltiu	x0,x13,-164	 x13:0x80021e44  x0=0x00000000
        1195277	     59662	800091c2	00f51433	sll	x8,x10,x15	 x10:0x34127000 x15:0x00000009  x8=0x24e00000
        1195297	     59663	800091c6	717d	c.addi16sp	x2,-16	  x2:0x00020ff4  x2=0x00020fe4
        1195377	     59667	800091c8	03044933	div	x18,x8,x16	  x8:0x24e00000 x16:0x00000000 x18=0xffffffff
        1195397	     59668	800091cc	853d	c.srai	x10,0xf	 x10:0x34127000 x10=0x00006824
        1195817	     59689	800091ce	03c2a633	mulhsu	x12,x5,x28	  x5:0x00000001 x28:0x3ade6000 x12=0x00000000
        1195837	     59690	800091d2	de237793	andi	x15,x6,-542	  x6:0x00000000 x15=0x00000000
        1195857	     59691	800091d6	597d	c.li	x18,-1	 x18=0xffffffff
        1195897	     59693	800091d8	8d41	c.or	x10,x8	 x10:0x00006824  x8:0x24e00000 x10=0x24e06824
        1195917	     59694	800091da	85a9	c.srai	x11,0xa	 x11:0x1fe8061a x11=0x0007fa01
        1195937	     59695	800091dc	340f77f3	csrrci	x15,mscratch,30	 x15=0x00000000
        1196017	     59699	800091e0	88f1	c.andi	x9,28	  x9:0xd3a3f000  x9=0x00000000
        1196037	     59700	800091e2	0ff0000f	fence	iorw,iorw	
        1196097	     59703	800091e6	881291b7	lui	x3,0x88129	  x3=0x88129000
        1196117	     59704	800091ea	340af7f3	csrrci	x15,mscratch,21	 x15=0x00000000
        1196137	     59705	800091ee	3d180f13	addi	x30,x16,977	 x16:0x00000000 x30=0x000003d1
        1196157	     59706	800091f2	6119	c.addi16sp	x2,384	  x2:0x00020fe4  x2=0x00021164
        1196557	     59726	800091f4	ff802413	slti	x8,x0,-8	  x0:0x00000000  x8=0x00000000
        1196597	     59728	800091f8	8f91	c.sub	x15,x12	 x15:0x00000000 x12:0x00000000 x15=0x00000000
        1196637	     59730	800091fa	038047b3	div	x15,x0,x24	  x0:0x00000000 x24:0x00000000 x15=0xffffffff
        1196657	     59731	800091fe	022be563	bltu	x23,x2,80009228	 x23:0x007fffff  x2:0x00021164
        1196677	     59732	80009202	0001	c.addi	x0,0	  x0:0x00000000  x0=0x00000000
        1197057	     59751	80009204	0588	c.addi4spn	x10,x2,704	 x10=0x00021424
        1197097	     59753	80009206	02071533	mulh	x10,x14,x0	 x14:0x00000000  x0:0x00000000 x10=0x00000000
        1197117	     59754	8000920a	0001	c.addi	x0,0	  x0:0x00000000  x0=0x00000000
        1197137	     59755	8000920c	0ff0000f	fence	iorw,iorw	
        1197157	     59756	80009210	622f0d13	addi	x26,x30,1570	 x30:0x000003d1 x26=0x000009f3
        1197177	     59757	80009214	014adfb3	srl	x31,x21,x20	 x21:0x00000008 x20:0x00000000 x31=0x00000008
        1197297	     59763	80009218	3405dcf3	csrrwi	x25,mscratch,11	 x25=0x00000000
        1197397	     59768	8000921c	1efd	c.addi	x29,-1	 x29:0xa169e20f x29=0xa169e20e
        1197417	     59769	8000921e	7e6c3817	auipc	x16,0x7e6c3	 x16=0xfe6cc21e
        1197437	     59770	80009222	8c7d	c.and	x8,x15	  x8:0x00000000 x15:0xffffffff  x8=0x00000000
        1197597	     59778	80009224	01c2ee33	or	x28,x5,x28	  x5:0x00000001 x28:0x3ade6000 x28=0x3ade6001
        1197617	     59779	80009228	009422b3	slt	x5,x8,x9	  x8:0x00000000  x9:0x00000000  x5=0x00000000
        1206797	     60238	8000922c	0001	c.addi	x0,0	  x0:0x00000000  x0=0x00000000
        1206817	     60239	8000922e	1f18	c.addi4spn	x14,x2,944	 x14=0x00021514
        1206837	     60240	80009230	4819cf13	xori	x30,x19,1153	 x19:0x80025ce4 x30=0x80025865
        1206857	     60241	80009234	02cb5663	bge	x22,x12,80009260	 x22:0x00000000 x12:0x00000000
        1207297	     60263	80009260	0000100f	fence.i	
        1207957	     60296	80009264	0168d7b3	srl	x15,x17,x22	 x17:0x00000000 x22:0x00000000 x15=0x00000000
        1208037	     60300	80009268	8e39	c.xor	x12,x14	 x12:0x00000000 x14:0x00021514 x12=0x00021514
        1208057	     60301	8000926a	00619413	slli	x8,x3,0x6	  x3:0x88129000  x8=0x04a40000
        1208197	     60308	8000926e	01d97733	and	x14,x18,x29	 x18:0xffffffff x29:0xa169e20e x14=0xa169e20e
        1208217	     60309	80009272	85b1	c.srai	x11,0xc	 x11:0x0007fa01 x11=0x0000007f
        1208377	     60317	80009274	02d63b33	mulhu	x22,x12,x13	 x12:0x00021514 x13:0x80021e44 x22=0x00010a8e
        1208397	     60318	80009278	3405fbf3	csrrci	x23,mscratch,11	 x23=0x0000000b
        1208417	     60319	8000927c	717d	c.addi16sp	x2,-16	  x2:0x00021164  x2=0x00021154
        1209157	     60356	8000927e	03c948b3	div	x17,x18,x28	 x18:0xffffffff x28:0x3ade6001 x17=0x00000000
        1209177	     60357	80009282	87e9	c.srai	x15,0x1a	 x15:0x00000000 x15=0x00000000
        1209197	     60358	80009284	34062ef3	csrrs	x29,mscratch,x12	 x12:0x00021514 x29=0x00000000
        1209217	     60359	80009288	34001c73	csrrw	x24,mscratch,x0	  x0:0x00000000 x24=0x00021514
        1209377	     60367	8000928c	0193ea33	or	x20,x7,x25	  x7:0x00000013 x25:0x00000000 x20=0x00000013
        1209397	     60368	80009290	04c65163	bge	x12,x12,800092d2	 x12:0x00021514 x12:0x00021514
        1210417	     60419	800092d2	01e7d233	srl	x4,x15,x30	 x15:0x00000000 x30:0x80025865  x4=0x00000000
        1210437	     60420	800092d6	8e49	c.or	x12,x10	 x12:0x00021514 x10:0x00000000 x12=0x00021514
        1210457	     60421	800092d8	8ca1	c.xor	x9,x8	  x9:0x00000000  x8:0x04a40000  x9=0x04a40000
        1210477	     60422	800092da	ba1bcf13	xori	x30,x23,-1119	 x23:0x0000000b x30=0xfffffbaa
        1210657	     60431	800092de	34002e73	csrrs	x28,mscratch,x0	  x0:0x00000000 x28=0x00000000
        1210677	     60432	800092e2	1b6db293	sltiu	x5,x27,438	 x27:0xa169e172  x5=0x00000000
        1210697	     60433	800092e6	9f493f13	sltiu	x30,x18,-1548	 x18:0xffffffff x30=0x00000000
        1211137	     60455	800092ea	02f33333	mulhu	x6,x6,x15	  x6:0x00000000 x15:0x00000000  x6=0x00000000
        1211557	     60476	800092ee	0205e933	rem	x18,x11,x0	 x11:0x0000007f  x0:0x00000000 x18=0x0000007f
        1211577	     60477	800092f2	0a1a	c.slli	x20,0x6	 x20:0x00000013 x20=0x000004c0
        1211677	     60482	800092f4	34002673	csrrs	x12,mscratch,x0	  x0:0x00000000 x12=0x00000000
        1211697	     60483	800092f8	0127d813	srli	x16,x15,0x12	 x15:0x00000000 x16=0x00000000
        1211717	     60484	800092fc	8db1	c.xor	x11,x12	 x11:0x0000007f x12:0x00000000 x11=0x0000007f
        1211737	     60485	800092fe	01599963	bne	x19,x21,80009310	 x19:0x80025ce4 x21:0x00000008
        1212297	     60513	80009310	41d9d633	sra	x12,x19,x29	 x19:0x80025ce4 x29:0x00000000 x12=0x80025ce4
        1212317	     60514	80009314	34006ef3	csrrsi	x29,mscratch,0	 x29=0x00000000
        1212337	     60515	80009318	1984	c.addi4spn	x9,x2,240	  x9=0x00021244
        1212357	     60516	8000931a	43c9	c.li	x7,18	  x7=0x00000012
        1212377	     60517	8000931c	015edc93	srli	x25,x29,0x15	 x29:0x00000000 x25=0x00000000
        1212397	     60518	80009320	013197b3	sll	x15,x3,x19	  x3:0x88129000 x19:0x80025ce4 x15=0x81290000
        1212617	     60529	80009324	17198f13	addi	x30,x19,369	 x19:0x80025ce4 x30=0x80025e55
        1213577	     60577	80009328	033a6ab3	rem	x21,x20,x19	 x20:0x000004c0 x19:0x80025ce4 x21=0x000004c0
        1213597	     60578	8000932c	0122c733	xor	x14,x5,x18	  x5:0x00000000 x18:0x0000007f x14=0x0000007f
        1213617	     60579	80009330	1d9c	c.addi4spn	x15,x2,752	 x15=0x00021444
        1213637	     60580	80009332	8cb9	c.xor	x9,x14	  x9:0x00021244 x14:0x0000007f  x9=0x0002123b
        1213657	     60581	80009334	cc01	c.beqz	x8,8000934c	  x8:0x04a40000
        1213957	     60596	80009336	340c1af3	csrrw	x21,mscratch,x24	 x24:0x00021514 x21=0x00000000
        1213977	     60597	8000933a	5e89f113	andi	x2,x19,1512	 x19:0x80025ce4  x2=0x000004e0
        1214017	     60599	8000933e	022e9b33	mulh	x22,x29,x2	 x29:0x00000000  x2:0x000004e0 x22=0x00000000
        1214157	     60606	80009342	01298263	beq	x19,x18,80009346	 x19:0x80025ce4 x18:0x0000007f
        1214577	     60627	80009346	03fc9963	bne	x25,x31,80009378	 x25:0x00000000 x31:0x00000008
        1215237	     60660	80009378	340013f3	csrrw	x7,mscratch,x0	  x0:0x00000000  x7=0x00021514
        1215257	     60661	8000937c	00376233	or	x4,x14,x3	 x14:0x0000007f  x3:0x88129000  x4=0x8812907f
        1215357	     60666	80009380	6d39	c.lui	x26,0xe	 x26=0x0000e000
        1215377	     60667	80009382	9eb72613	slti	x12,x14,-1557	 x14:0x0000007f x12=0x00000000
        1215557	     60676	80009386	00bb9133	sll	x2,x23,x11	 x23:0x0000000b x11:0x0000007f  x2=0x80000000
        1215737	     60685	8000938a	34085373	csrrwi	x6,mscratch,16	  x6=0x00000000
        1215757	     60686	8000938e	8879	c.andi	x8,30	  x8:0x04a40000  x8=0x00000000
        1216157	     60706	80009390	02c90633	mul	x12,x18,x12	 x18:0x0000007f x12:0x00000000 x12=0x00000000
        1216577	     60727	80009394	340452f3	csrrwi	x5,mscratch,8	  x5=0x00000010
        1216637	     60730	80009398	34092973	csrrs	x18,mscratch,x18	 x18:0x0000007f x18=0x00000008
        1217057	     60751	8000939c	8c56	c.mv	x24,x21	  x0:0x00000000 x21:0x00000000 x24=0x00000000
        1217337	     60765	8000939e	e1fa7b13	andi	x22,x20,-481	 x20:0x000004c0 x22=0x00000400
        1217537	     60775	800093a2	008b0d33	add	x26,x22,x8	 x22:0x00000400  x8:0x00000000 x26=0x00000400
        1217557	     60776	800093a6	33074193	xori	x3,x14,816	 x14:0x0000007f  x3=0x0000034f
        1217577	     60777	800093aa	5b36e393	ori	x7,x13,1459	 x13:0x80021e44  x7=0x80021ff7
        1217597	     60778	800093ae	40e75633	sra	x12,x14,x14	 x14:0x0000007f x14:0x0000007f x12=0x00000000
        1218337	     60815	800093b2	03ac4733	div	x14,x24,x26	 x24:0x00000000 x26:0x00000400 x14=0x00000000
        1218377	     60817	800093b6	0242b4b3	mulhu	x9,x5,x4	  x5:0x00000010  x4:0x8812907f  x9=0x00000008
        1218397	     60818	800093ba	40e984b3	sub	x9,x19,x14	 x19:0x80025ce4 x14:0x00000000  x9=0x80025ce4
        1218417	     60819	800093be	00edc1b3	xor	x3,x27,x14	 x27:0xa169e172 x14:0x00000000  x3=0xa169e172
        1218437	     60820	800093c2	ea3b8b97	auipc	x23,0xea3b8	 x23=0x6a3c13c2
        1219177	     60857	800093c6	02fde233	rem	x4,x27,x15	 x27:0xa169e172 x15:0x00021444  x4=0xffffceea
        1219197	     60858	800093ca	0001	c.addi	x0,0	  x0:0x00000000  x0=0x00000000
        1219217	     60859	800093cc	01231413	slli	x8,x6,0x12	  x6:0x00000000  x8=0x00000000
        1219257	     60861	800093d0	03cfe1b3	rem	x3,x31,x28	 x31:0x00000008 x28:0x00000000  x3=0x00000008
        1219277	     60862	800093d4	6295	c.lui	x5,0x5	  x5=0x00005000
        1219337	     60865	800093d6	004db433	sltu	x8,x27,x4	 x27:0xa169e172  x4:0xffffceea  x8=0x00000001
        1219517	     60874	800093da	340075f3	csrrci	x11,mscratch,0	 x11=0x0000007f
        1219617	     60879	800093de	02471533	mulh	x10,x14,x4	 x14:0x00000000  x4:0xffffceea x10=0x00000000
        1219877	     60892	800093e2	021df263	bgeu	x27,x1,80009406	 x27:0xa169e172  x1:0x00000000
        1220417	     60919	80009406	0571	c.addi	x10,28	 x10:0x00000000 x10=0x0000001c
        1220717	     60934	80009408	91d33617	auipc	x12,0x91d33	 x12=0x11d3c408
        1221137	     60955	8000940c	02e01a63	bne	x0,x14,80009440	  x0:0x00000000 x14:0x00000000
        1221157	     60956	80009410	3407b5f3	csrrc	x11,mscratch,x15	 x15:0x00021444 x11=0x0000007f
        1221577	     60977	80009414	8932	c.mv	x18,x12	  x0:0x00000000 x12:0x11d3c408 x18=0x11d3c408
        1221597	     60978	80009416	1480	c.addi4spn	x8,x2,608	  x8=0x80000260
        1221617	     60979	80009418	01455463	bge	x10,x20,80009420	 x10:0x0000001c x20:0x000004c0
        1222017	     60999	8000941c	41b6d133	sra	x2,x13,x27	 x13:0x80021e44 x27:0xa169e172  x2=0xffffe000
        1222377	     61017	80009420	036aa7b3	mulhsu	x15,x21,x22	 x21:0x00000000 x22:0x00000400 x15=0x00000000
        1222397	     61018	80009424	00209a13	slli	x20,x1,0x2	  x1:0x00000000 x20=0x00000000
        1222417	     61019	80009428	f6738f97	auipc	x31,0xf6738	 x31=0x76741428
        1222477	     61022	8000942c	3407e8f3	csrrsi	x17,mscratch,15	 x17=0x0000003b
        1222497	     61023	80009430	8561	c.srai	x10,0x18	 x10:0x0000001c x10=0x00000000
        1222517	     61024	80009432	03766163	bltu	x12,x23,80009454	 x12:0x11d3c408 x23:0x6a3c13c2
        1222937	     61045	80009454	012babb3	slt	x23,x23,x18	 x23:0x6a3c13c2 x18:0x11d3c408 x23=0x00000000
        1223037	     61050	80009458	0001	c.addi	x0,0	  x0:0x00000000  x0=0x00000000
        1223057	     61051	8000945a	17fd	c.addi	x15,-1	 x15:0x00000000 x15=0xffffffff
        1223077	     61052	8000945c	6d4a4eb7	lui	x29,0x6d4a4	 x29=0x6d4a4000
        1223097	     61053	80009460	0f8a	c.slli	x31,0x2	 x31:0x76741428 x31=0xd9d050a0
        1223117	     61054	80009462	03b1	c.addi	x7,12	  x7:0x80021ff7  x7=0x80022003
        1223137	     61055	80009464	8665	c.srai	x12,0x19	 x12:0x11d3c408 x12=0x00000008
        1223157	     61056	80009466	01129a63	bne	x5,x17,8000947a	  x5:0x00005000 x17:0x0000003b
        1223737	     61085	8000947a	01abdb93	srli	x23,x23,0x1a	 x23:0x00000000 x23=0x00000000
        1223757	     61086	8000947e	1888	c.addi4spn	x10,x2,112	 x10=0xffffe070
        1223777	     61087	80009480	8d1d	c.sub	x10,x15	 x10:0xffffe070 x15:0xffffffff x10=0xffffe071
        1223797	     61088	80009482	9b8a	c.add	x23,x2	 x23:0x00000000  x2:0xffffe000 x23=0xffffe000
        1223817	     61089	80009484	01f01893	slli	x17,x0,0x1f	  x0:0x00000000 x17=0x00000000
        1223837	     61090	80009488	eb19	c.bnez	x14,8000949e	 x14:0x00000000
        1224017	     61099	8000948a	01774263	blt	x14,x23,8000948e	 x14:0x00000000 x23:0xffffe000
        1224037	     61100	8000948e	97fe	c.add	x15,x31	 x15:0xffffffff x31:0xd9d050a0 x15=0xd9d0509f
        1224397	     61118	80009490	8da5	c.xor	x11,x9	 x11:0x0000007f  x9:0x80025ce4 x11=0x80025c9b
        1224577	     61127	80009492	401a80b3	sub	x1,x21,x1	 x21:0x00000000  x1:0x00000000  x1=0x00000000
        1224717	     61134	80009496	34007b73	csrrci	x22,mscratch,0	 x22=0x0000003f
        1225037	     61150	8000949a	24002893	slti	x17,x0,576	  x0:0x00000000 x17=0x00000001
        1225057	     61151	8000949e	613d	c.addi16sp	x2,480	  x2:0xffffe000  x2=0xffffe1e0
        1225097	     61153	800094a0	03c9e8b3	rem	x17,x19,x28	 x19:0x80025ce4 x28:0x00000000 x17=0x80025ce4
        1225197	     61158	800094a4	34009473	csrrw	x8,mscratch,x1	  x1:0x00000000  x8=0x0000003f
        1225337	     61165	800094a8	00a63533	sltu	x10,x12,x10	 x12:0x00000008 x10:0xffffe071 x10=0x00000001
        1225357	     61166	800094ac	0001	c.addi	x0,0	  x0:0x00000000  x0=0x00000000
        1225377	     61167	800094ae	05a3c113	xori	x2,x7,90	  x7:0x80022003  x2=0x80022059
        1225757	     61186	800094b2	01a9cf33	xor	x30,x19,x26	 x19:0x80025ce4 x26:0x00000400 x30=0x800258e4
        1225777	     61187	800094b6	0bb9	c.addi	x23,14	 x23:0xffffe000 x23=0xffffe00e
        1225797	     61188	800094b8	a0ddc713	xori	x14,x27,-1523	 x27:0xa169e172 x14=0x5e961b7f
        1225817	     61189	800094bc	a5bd7613	andi	x12,x26,-1445	 x26:0x00000400 x12=0x00000000
        1225837	     61190	800094c0	27474b13	xori	x22,x14,628	 x14:0x5e961b7f x22=0x5e96190b
        1225857	     61191	800094c4	b3e74a93	xori	x21,x14,-1218	 x14:0x5e961b7f x21=0xa169e041
        1225977	     61197	800094c8	3406a2f3	csrrs	x5,mscratch,x13	 x13:0x80021e44  x5=0x00000000
        1226117	     61204	800094cc	400d5f13	srai	x30,x26,0x0	 x26:0x00000400 x30=0x00000400
        1226197	     61208	800094d0	34079273	csrrw	x4,mscratch,x15	 x15:0xd9d0509f  x4=0x80021e44
        1226357	     61216	800094d4	03558e33	mul	x28,x11,x21	 x11:0x80025c9b x21:0xa169e041 x28=0x0834235b
        1226417	     61219	800094d8	03e61433	mulh	x8,x12,x30	 x12:0x00000000 x30:0x00000400  x8=0x00000000
        1226457	     61221	800094dc	4eb9	c.li	x29,14	 x29=0x0000000e
        1226677	     61232	800094de	340cee73	csrrsi	x28,mscratch,25	 x28=0xd9d0509f
        1226697	     61233	800094e2	8c01	c.sub	x8,x8	  x8:0x00000000  x8:0x00000000  x8=0x00000000
        1226777	     61237	800094e4	340073f3	csrrci	x7,mscratch,0	  x7=0xd9d0509f
        1226797	     61238	800094e8	83b4d4b7	lui	x9,0x83b4d	  x9=0x83b4d000
        1226857	     61241	800094ec	0822	c.slli	x16,0x8	 x16:0x00000000 x16=0x00000000
        1226877	     61242	800094ee	84c6	c.mv	x9,x17	  x0:0x00000000 x17:0x80025ce4  x9=0x80025ce4
        1227277	     61262	800094f0	340aea73	csrrsi	x20,mscratch,21	 x20=0xd9d0509f
        1227377	     61267	800094f4	40afda13	srai	x20,x31,0xa	 x31:0xd9d050a0 x20=0xfff67414
        1227417	     61269	800094f8	34006373	csrrsi	x6,mscratch,0	  x6=0xd9d0509f
        1227437	     61270	800094fc	00aad893	srli	x17,x21,0xa	 x21:0xa169e041 x17=0x00285a78
        1227457	     61271	80009500	01d711b3	sll	x3,x14,x29	 x14:0x5e961b7f x29:0x0000000e  x3=0x86dfc000
        1227477	     61272	80009504	340493f3	csrrw	x7,mscratch,x9	  x9:0x80025ce4  x7=0xd9d0509f
        1227517	     61274	80009508	00368f63	beq	x13,x3,80009526	 x13:0x80021e44  x3:0x86dfc000
        1228037	     61300	8000950c	e615	c.bnez	x12,80009538	 x12:0x00000000
        1228917	     61344	8000950e	03d5c1b3	div	x3,x11,x29	 x11:0x80025c9b x29:0x0000000e  x3=0xf6db98e7
        1228937	     61345	80009512	385b0797	auipc	x15,0x385b0	 x15=0xb85b9512
        1229677	     61382	80009516	0246e833	rem	x16,x13,x4	 x13:0x80021e44  x4:0x80021e44 x16=0x00000000
        1229697	     61383	8000951a	0000100f	fence.i	
        1230237	     61410	8000951e	0215fa63	bgeu	x11,x1,80009552	 x11:0x80025c9b  x1:0x00000000
        1231057	     61451	80009552	0001	c.addi	x0,0	  x0:0x00000000  x0=0x00000000
        1231157	     61456	80009554	40125d33	sra	x26,x4,x1	  x4:0x80021e44  x1:0x00000000 x26=0x80021e44
        1231437	     61470	80009558	340171f3	csrrci	x3,mscratch,2	  x3=0x80025ce4
        1231477	     61472	8000955c	03b29b33	mulh	x22,x5,x27	  x5:0x00000000 x27:0xa169e172 x22=0x00000000
        1231877	     61492	80009560	8fc5	c.or	x15,x9	 x15:0xb85b9512  x9:0x80025ce4 x15=0xb85bddf6
        1232317	     61514	80009562	03817333	remu	x6,x2,x24	  x2:0x80022059 x24:0x00000000  x6=0x80022059
        1232337	     61515	80009566	d92d3013	sltiu	x0,x26,-622	 x26:0x80021e44  x0=0x00000000
        1232357	     61516	8000956a	7c9e4c17	auipc	x24,0x7c9e4	 x24=0xfc9ed56a
        1232377	     61517	8000956e	00538833	add	x16,x7,x5	  x7:0xd9d0509f  x5:0x00000000 x16=0xd9d0509f
        1232397	     61518	80009572	41885d13	srai	x26,x16,0x18	 x16:0xd9d0509f x26=0xffffffd9
        1232477	     61522	80009576	017f9893	slli	x17,x31,0x17	 x31:0xd9d050a0 x17=0x50000000
        1232497	     61523	8000957a	8fc1	c.or	x15,x8	 x15:0xb85bddf6  x8:0x00000000 x15=0xb85bddf6
        1232557	     61526	8000957c	01b21e13	slli	x28,x4,0x1b	  x4:0x80021e44 x28=0x20000000
        1232777	     61537	80009580	017cc633	xor	x12,x25,x23	 x25:0x00000000 x23:0xffffe00e x12=0xffffe00e
        1232797	     61538	80009584	34013f73	csrrc	x30,mscratch,x2	  x2:0x80022059 x30=0x80025ce4
        1232817	     61539	80009588	9ab2	c.add	x21,x12	 x21:0xa169e041 x12:0xffffe00e x21=0xa169c04f
        1232937	     61545	8000958a	218b0a13	addi	x20,x22,536	 x22:0x00000000 x20=0x00000218
        1233677	     61582	8000958e	029ce5b3	rem	x11,x25,x9	 x25:0x00000000  x9:0x80025ce4 x11=0x00000000
        1233697	     61583	80009592	41845433	sra	x8,x8,x24	  x8:0x00000000 x24:0xfc9ed56a  x8=0x00000000
        1233717	     61584	80009596	0406	c.slli	x8,0x1	  x8:0x00000000  x8=0x00000000
        1233737	     61585	80009598	01a7f433	and	x8,x15,x26	 x15:0xb85bddf6 x26:0xffffffd9  x8=0xb85bddd0
        1233757	     61586	8000959c	0804	c.addi4spn	x9,x2,16	  x9=0x80022069
        1233777	     61587	8000959e	002ede63	bge	x29,x2,800095ba	 x29:0x0000000e  x2:0x80022059
        1233857	     61591	800095ba	00400c63	beq	x0,x4,800095d2	  x0:0x00000000  x4:0x80021e44
        1233877	     61592	800095be	038c	c.addi4spn	x11,x2,448	 x11=0x80022219
        1233897	     61593	800095c0	02486463	bltu	x16,x4,800095e8	 x16:0xd9d0509f  x4:0x80021e44
        1233917	     61594	800095c4	875d	c.srai	x14,0x17	 x14:0x5e961b7f x14=0x000000bd
        1233937	     61595	800095c6	5d7d	c.li	x26,-1	 x26=0xffffffff
        1233957	     61596	800095c8	0001	c.addi	x0,0	  x0:0x00000000  x0=0x00000000
        1233977	     61597	800095ca	0001	c.addi	x0,0	  x0:0x00000000  x0=0x00000000
        1234097	     61603	800095cc	340a5e73	csrrwi	x28,mscratch,20	 x28=0x00005ca4
        1234117	     61604	800095d0	4565	c.li	x10,25	 x10=0x00000019
        1234137	     61605	800095d2	92d98513	addi	x10,x19,-1747	 x19:0x80025ce4 x10=0x80025611
        1234557	     61626	800095d6	00217fb3	and	x31,x2,x2	  x2:0x80022059  x2:0x80022059 x31=0x80022059
        1234577	     61627	800095da	1c10	c.addi4spn	x12,x2,560	 x12=0x80022289
        1234977	     61647	800095dc	34006c73	csrrsi	x24,mscratch,0	 x24=0x00000014
        1234997	     61648	800095e0	017c7a63	bgeu	x24,x23,800095f4	 x24:0x00000014 x23:0xffffe00e
        1235037	     61650	800095e4	022798b3	mulh	x17,x15,x2	 x15:0xb85bddf6  x2:0x80022059 x17=0x23d178af
        1235057	     61651	800095e8	8f51	c.or	x14,x12	 x14:0x000000bd x12:0x80022289 x14=0x800222bd
        1235077	     61652	800095ea	0000100f	fence.i	
        1235377	     61667	800095ee	8c41	c.or	x8,x8	  x8:0xb85bddd0  x8:0xb85bddd0  x8=0xb85bddd0
        1235437	     61670	800095f0	00d23bb3	sltu	x23,x4,x13	  x4:0x80021e44 x13:0x80021e44 x23=0x00000000
        1235457	     61671	800095f4	01517933	and	x18,x2,x21	  x2:0x80022059 x21:0xa169c04f x18=0x80000049
        1235477	     61672	800095f8	020a0933	mul	x18,x20,x0	 x20:0x00000218  x0:0x00000000 x18=0x00000000
        1236217	     61709	800095fc	02cd71b3	remu	x3,x26,x12	 x26:0xffffffff x12:0x80022289  x3=0x7ffddd76
        1236237	     61710	80009600	010554b3	srl	x9,x10,x16	 x10:0x80025611 x16:0xd9d0509f  x9=0x00000001
        1236257	     61711	80009604	340061f3	csrrsi	x3,mscratch,0	  x3=0x00000014
        1236277	     61712	80009608	0139d2b3	srl	x5,x19,x19	 x19:0x80025ce4 x19:0x80025ce4  x5=0x080025ce
        1236297	     61713	8000960c	8365	c.srli	x14,0x19	 x14:0x800222bd x14=0x00000040
        1236317	     61714	8000960e	8da9	c.xor	x11,x10	 x11:0x80022219 x10:0x80025611 x11=0x00007408
        1236337	     61715	80009610	003d3cb3	sltu	x25,x26,x3	 x26:0xffffffff  x3:0x00000014 x25=0x00000000
        1236737	     61735	80009614	8f5d	c.or	x14,x15	 x14:0x00000040 x15:0xb85bddf6 x14=0xb85bddf6
        1236757	     61736	80009616	01f49833	sll	x16,x9,x31	  x9:0x00000001 x31:0x80022059 x16=0x02000000
        1236777	     61737	8000961a	717d	c.addi16sp	x2,-16	  x2:0x80022059  x2=0x80022049
        1236817	     61739	8000961c	0ac6	c.slli	x21,0x11	 x21:0xa169c04f x21=0x809e0000
        1236837	     61740	8000961e	5c7d	c.li	x24,-1	 x24=0xffffffff
        1236857	     61741	80009620	340070f3	csrrci	x1,mscratch,0	  x1=0x00000014
        1236877	     61742	80009624	02c0cb63	blt	x1,x12,8000965a	  x1:0x00000014 x12:0x80022289
        1237697	     61783	80009628	023b5f33	divu	x30,x22,x3	 x22:0x00000000  x3:0x00000014 x30=0x00000000
        1238437	     61820	8000962c	02bfef33	rem	x30,x31,x11	 x31:0x80022059 x11:0x00007408 x30=0xffffcf71
        1238477	     61822	80009630	037e17b3	mulh	x15,x28,x23	 x28:0x00005ca4 x23:0x00000000 x15=0x00000000
        1238497	     61823	80009634	40595eb3	sra	x29,x18,x5	 x18:0x00000000  x5:0x080025ce x29=0x00000000
        1238517	     61824	80009638	0a4a	c.slli	x20,0x12	 x20:0x00000218 x20=0x08600000
        1238537	     61825	8000963a	03a38bb3	mul	x23,x7,x26	  x7:0xd9d0509f x26:0xffffffff x23=0x262faf61
        1238557	     61826	8000963e	0018a533	slt	x10,x17,x1	 x17:0x23d178af  x1:0x00000014 x10=0x00000000
        1238577	     61827	80009642	e315	c.bnez	x14,80009666	 x14:0xb85bddf6
        1238857	     61841	80009666	02cbed63	bltu	x23,x12,800096a0	 x23:0x262faf61 x12:0x80022289
        1239037	     61850	800096a0	016cd713	srli	x14,x25,0x16	 x25:0x00000000 x14=0x00000000
        1239157	     61856	800096a4	340072f3	csrrci	x5,mscratch,0	  x5=0x00000014
        1239177	     61857	800096a8	157d	c.addi	x10,-1	 x10:0x00000000 x10=0xffffffff
        1239197	     61858	800096aa	cd01	c.beqz	x10,800096c2	 x10:0xffffffff
        1239237	     61860	800096ac	74116e13	ori	x28,x2,1857	  x2:0x80022049 x28=0x80022749
        1239257	     61861	800096b0	8f49	c.or	x14,x10	 x14:0x00000000 x10:0xffffffff x14=0xffffffff
        1239277	     61862	800096b2	34037c73	csrrci	x24,mscratch,6	 x24=0x00000014
        1239457	     61871	800096b6	034c2a33	mulhsu	x20,x24,x20	 x24:0x00000014 x20:0x08600000 x20=0x00000000
        1239617	     61879	800096ba	df27ac13	slti	x24,x15,-526	 x15:0x00000000 x24=0x00000000
        1240037	     61900	800096be	400c5d13	srai	x26,x24,0x0	 x24:0x00000000 x26=0x00000000
        1240457	     61921	800096c2	0ff0000f	fence	iorw,iorw	
        1240477	     61922	800096c6	0f0a	c.slli	x30,0x2	 x30:0xffffcf71 x30=0xffff3dc4
        1240497	     61923	800096c8	0041fa33	and	x20,x3,x4	  x3:0x00000014  x4:0x80021e44 x20=0x00000004
        1240517	     61924	800096cc	34003ff3	csrrc	x31,mscratch,x0	  x0:0x00000000 x31=0x00000010
        1240557	     61926	800096d0	03676eb3	rem	x29,x14,x22	 x14:0xffffffff x22:0x00000000 x29=0xffffffff
        1240937	     61945	800096d4	87e9	c.srai	x15,0x1a	 x15:0x00000000 x15=0x00000000
        1241377	     61967	800096d6	0375af33	mulhsu	x30,x11,x23	 x11:0x00007408 x23:0x262faf61 x30=0x0000114e
        1241437	     61970	800096da	17489037	lui	x0,0x17489	  x0=0x00000000
        1241457	     61971	800096de	88de	c.mv	x17,x23	  x0:0x00000000 x23:0x262faf61 x17=0x262faf61
        1241637	     61980	800096e0	032b5263	bge	x22,x18,80009704	 x22:0x00000000 x18:0x00000000
        1242017	     61999	80009704	01d0e663	bltu	x1,x29,80009710	  x1:0x00000014 x29:0xffffffff
        1242457	     62021	80009710	8e59	c.or	x12,x14	 x12:0x80022289 x14:0xffffffff x12=0xffffffff
        1242477	     62022	80009712	83c6	c.mv	x7,x17	  x0:0x00000000 x17:0x262faf61  x7=0x262faf61
        1242877	     62042	80009714	003a63b3	or	x7,x20,x3	 x20:0x00000004  x3:0x00000014  x7=0x00000014
        1242937	     62045	80009718	2e115337	lui	x6,0x2e115	  x6=0x2e115000
        1242957	     62046	8000971c	0000100f	fence.i	
        1243157	     62056	80009720	340a38f3	csrrc	x17,mscratch,x20	 x20:0x00000004 x17=0x00000010
        1243297	     62063	80009724	01e89f63	bne	x17,x30,80009742	 x17:0x00000010 x30:0x0000114e
        1246117	     62204	80009742	8229	c.srli	x12,0xa	 x12:0xffffffff x12=0x003fffff
        1246137	     62205	80009744	41fd0533	sub	x10,x26,x31	 x26:0x00000000 x31:0x00000010 x10=0xfffffff0
        1246157	     62206	80009748	8445	c.srai	x8,0x11	  x8:0xb85bddd0  x8=0xffffdc2d
        1246897	     62243	8000974a	0261fab3	remu	x21,x3,x6	  x3:0x00000014  x6:0x2e115000 x21=0x00000014
        1246917	     62244	8000974e	87e17f93	andi	x31,x2,-1922	  x2:0x80022049 x31=0x80022048
        1246937	     62245	80009752	8039	c.srli	x8,0xe	  x8:0xffffdc2d  x8=0x0003ffff
        1246957	     62246	80009754	c0b18d13	addi	x26,x3,-1013	  x3:0x00000014 x26=0xfffffc1f
        1246997	     62248	80009758	032db733	mulhu	x14,x27,x18	 x27:0xa169e172 x18:0x00000000 x14=0x00000000
        1247017	     62249	8000975c	8de9	c.and	x11,x10	 x11:0x00007408 x10:0xfffffff0 x11=0x00007400
        1247037	     62250	8000975e	03c55663	bge	x10,x28,8000978a	 x10:0xfffffff0 x28:0x80022749
        1247497	     62273	8000978a	e985	c.bnez	x11,800097ba	 x11:0x00007400
        1248037	     62300	800097ba	0001	c.addi	x0,0	  x0:0x00000000  x0=0x00000000
        1248797	     62338	800097bc	037c6033	rem	x0,x24,x23	 x24:0x00000000 x23:0x262faf61  x0=0x00000000
        1248817	     62339	800097c0	340031f3	csrrc	x3,mscratch,x0	  x0:0x00000000  x3=0x00000010
        1248837	     62340	800097c4	6b61	c.lui	x22,0x18	 x22=0x00018000
        1248857	     62341	800097c6	340023f3	csrrs	x7,mscratch,x0	  x0:0x00000000  x7=0x00000010
        1248877	     62342	800097ca	e3efc293	xori	x5,x31,-450	 x31:0x80022048  x5=0x7ffdde76
        1248897	     62343	800097ce	40898a33	sub	x20,x19,x8	 x19:0x80025ce4  x8:0x0003ffff x20=0x7ffe5ce5
        1248917	     62344	800097d2	8bf6	c.mv	x23,x29	  x0:0x00000000 x29:0xffffffff x23=0xffffffff
        1248937	     62345	800097d4	3405a473	csrrs	x8,mscratch,x11	 x11:0x00007400  x8=0x00000010
        1248957	     62346	800097d8	50acc293	xori	x5,x25,1290	 x25:0x00000000  x5=0x0000050a
        1249377	     62367	800097dc	34025bf3	csrrwi	x23,mscratch,4	 x23=0x00007410
        1249397	     62368	800097e0	717d	c.addi16sp	x2,-16	  x2:0x80022049  x2=0x80022039
        1249417	     62369	800097e2	c568e793	ori	x15,x17,-938	 x17:0x00000010 x15=0xfffffc56
        1249457	     62371	800097e6	02cb9b33	mulh	x22,x23,x12	 x23:0x00007410 x12:0x003fffff x22=0x0000001d
        1250477	     62422	800097ea	02cfd8b3	divu	x17,x31,x12	 x31:0x80022048 x12:0x003fffff x17=0x00000200
        1250497	     62423	800097ee	e70d	c.bnez	x14,80009818	 x14:0x00000000
        1250517	     62424	800097f0	016ca633	slt	x12,x25,x22	 x25:0x00000000 x22:0x0000001d x12=0x00000001
        1250537	     62425	800097f4	8f35	c.xor	x14,x13	 x14:0x00000000 x13:0x80021e44 x14=0x80021e44
        1250557	     62426	800097f6	028fc163	blt	x31,x8,80009818	 x31:0x80022048  x8:0x00000010
        1250997	     62448	80009818	002193b3	sll	x7,x3,x2	  x3:0x00000010  x2:0x80022039  x7=0x20000000
        1251177	     62457	8000981c	034e1d33	mulh	x26,x28,x20	 x28:0x80022749 x20:0x7ffe5ce5 x26=0xc001e52e
        1251197	     62458	80009820	864a	c.mv	x12,x18	  x0:0x00000000 x18:0x00000000 x12=0x00000000
        1251297	     62463	80009822	41afde33	sra	x28,x31,x26	 x31:0x80022048 x26:0xc001e52e x28=0xfffe0008
        1252077	     62502	80009826	02d2ceb3	div	x29,x5,x13	  x5:0x0000050a x13:0x80021e44 x29=0x00000000
        1252097	     62503	8000982a	0001	c.addi	x0,0	  x0:0x00000000  x0=0x00000000
        1252117	     62504	8000982c	3404dcf3	csrrwi	x25,mscratch,9	 x25=0x00000004
        1252137	     62505	80009830	98eca593	slti	x11,x25,-1650	 x25:0x00000004 x11=0x00000000
        1252157	     62506	80009834	00749c13	slli	x24,x9,0x7	  x9:0x00000001 x24=0x00000080
        1252177	     62507	80009838	1998	c.addi4spn	x14,x2,240	 x14=0x80022129
        1252197	     62508	8000983a	8fed	c.and	x15,x11	 x15:0xfffffc56 x11:0x00000000 x15=0x00000000
        1252217	     62509	8000983c	ab15a813	slti	x16,x11,-1359	 x11:0x00000000 x16=0x00000000
        1252237	     62510	80009840	c0a5b913	sltiu	x18,x11,-1014	 x11:0x00000000 x18=0x00000001
        1252657	     62531	80009844	41345d13	srai	x26,x8,0x13	  x8:0x00000010 x26=0x00000000
        1252697	     62533	80009848	03b792b3	mulh	x5,x15,x27	 x15:0x00000000 x27:0xa169e172  x5=0x00000000
        1252877	     62542	8000984c	9348a713	slti	x14,x17,-1740	 x17:0x00000200 x14=0x00000000
        1252897	     62543	80009850	8d01	c.sub	x10,x8	 x10:0xfffffff0  x8:0x00000010 x10=0xffffffe0
        1252917	     62544	80009852	a706fa93	andi	x21,x13,-1424	 x13:0x80021e44 x21=0x80021a40
        1252937	     62545	80009856	45eb7597	auipc	x11,0x45eb7	 x11=0xc5ec0856
        1252957	     62546	8000985a	c51d	c.beqz	x10,80009888	 x10:0xffffffe0
        1253077	     62552	8000985c	79efb013	sltiu	x0,x31,1950	 x31:0x80022048  x0=0x00000000
        1253097	     62553	80009860	b0fa0c17	auipc	x24,0xb0fa0	 x24=0x30fa9860
        1253137	     62555	80009864	dc1c8c13	addi	x24,x25,-575	 x25:0x00000004 x24=0xfffffdc5
        1253557	     62576	80009868	340fa8f3	csrrs	x17,mscratch,x31	 x31:0x80022048 x17=0x00000009
        1253577	     62577	8000986c	83f5	c.srli	x15,0x1d	 x15:0x00000000 x15=0x00000000
        1253617	     62579	8000986e	03cc5e63	bge	x24,x28,800098aa	 x24:0xfffffdc5 x28:0xfffe0008
        1253977	     62597	800098aa	01739493	slli	x9,x7,0x17	  x7:0x20000000  x9=0x00000000
        1253997	     62598	800098ae	641d	c.lui	x8,0x7	  x8=0x00007000
        1254197	     62608	800098b0	0269ec63	bltu	x19,x6,800098e8	 x19:0x80025ce4  x6:0x2e115000
        1254377	     62617	800098b4	0001	c.addi	x0,0	  x0:0x00000000  x0=0x00000000
        1254397	     62618	800098b6	83be	c.mv	x7,x15	  x0:0x00000000 x15:0x00000000  x7=0x00000000
        1254437	     62620	800098b8	02f85833	divu	x16,x16,x15	 x16:0x00000000 x15:0x00000000 x16=0xffffffff
        1254497	     62623	800098bc	025ae533	rem	x10,x21,x5	 x21:0x80021a40  x5:0x00000000 x10=0x80021a40
        1254517	     62624	800098c0	0421	c.addi	x8,8	  x8:0x00007000  x8=0x00007008
        1254537	     62625	800098c2	00c0f433	and	x8,x1,x12	  x1:0x00000014 x12:0x00000000  x8=0x00000000
        1254697	     62633	800098c6	03e78fb3	mul	x31,x15,x30	 x15:0x00000000 x30:0x0000114e x31=0x00000000
        1254717	     62634	800098ca	02a06163	bltu	x0,x10,800098ec	  x0:0x00000000 x10:0x80021a40
        1255017	     62649	800098ec	01a66463	bltu	x12,x26,800098f4	 x12:0x00000000 x26:0x00000000
        1255197	     62658	800098f0	01d71333	sll	x6,x14,x29	 x14:0x00000000 x29:0x00000000  x6=0x00000000
        1255237	     62660	800098f4	02ee9333	mulh	x6,x29,x14	 x29:0x00000000 x14:0x00000000  x6=0x00000000
        1255257	     62661	800098f8	0b89	c.addi	x23,2	 x23:0x00007410 x23=0x00007412
        1255357	     62666	800098fa	3402d273	csrrwi	x4,mscratch,5	  x4=0x80022049
        1255377	     62667	800098fe	0001	c.addi	x0,0	  x0:0x00000000  x0=0x00000000
        1255457	     62671	80009900	01107ab3	and	x21,x0,x17	  x0:0x00000000 x17:0x00000009 x21=0x00000000
        1255517	     62674	80009904	01d29a63	bne	x5,x29,80009918	  x5:0x00000000 x29:0x00000000
        1255877	     62692	80009908	628d	c.lui	x5,0x3	  x5=0x00003000
        1255897	     62693	8000990a	8cf9	c.and	x9,x14	  x9:0x00000000 x14:0x00000000  x9=0x00000000
        1256297	     62713	8000990c	891a	c.mv	x18,x6	  x0:0x00000000  x6:0x00000000 x18=0x00000000
        1256717	     62734	8000990e	0000100f	fence.i	
        1258077	     62802	80009912	8379	c.srli	x14,0x1e	 x14:0x00000000 x14=0x00000000
        1258097	     62803	80009914	005142b3	xor	x5,x2,x5	  x2:0x80022039  x5:0x00003000  x5=0x80021039
        1258117	     62804	80009918	183f6793	ori	x15,x30,387	 x30:0x0000114e x15=0x000011cf
        1258257	     62811	8000991c	8731	c.srai	x14,0xc	 x14:0x00000000 x14=0x00000000
        1258277	     62812	8000991e	8e22	c.mv	x28,x8	  x0:0x00000000  x8:0x00000000 x28=0x00000000
        1258577	     62827	80009920	026a6133	rem	x2,x20,x6	 x20:0x7ffe5ce5  x6:0x00000000  x2=0x7ffe5ce5
        1258657	     62831	80009924	0004f7b3	and	x15,x9,x0	  x9:0x00000000  x0:0x00000000 x15=0x00000000
        1258697	     62833	80009928	02fc4133	div	x2,x24,x15	 x24:0xfffffdc5 x15:0x00000000  x2=0xffffffff
        1258897	     62843	8000992c	05de	c.slli	x11,0x17	 x11:0xc5ec0856 x11=0x2b000000
        1260037	     62900	8000992e	021264b3	rem	x9,x4,x1	  x4:0x80022049  x1:0x00000014  x9=0xfffffff5
        1260077	     62902	80009932	03e290b3	mulh	x1,x5,x30	  x5:0x80021039 x30:0x0000114e  x1=0xfffff759
        1260097	     62903	80009936	01176fb3	or	x31,x14,x17	 x14:0x00000000 x17:0x00000009 x31=0x00000009
        1260137	     62905	8000993a	03a34bb3	div	x23,x6,x26	  x6:0x00000000 x26:0x00000000 x23=0xffffffff
        1260157	     62906	8000993e	01c0b833	sltu	x16,x1,x28	  x1:0xfffff759 x28:0x00000000 x16=0x00000000
        1260897	     62943	80009942	03746eb3	rem	x29,x8,x23	  x8:0x00000000 x23:0xffffffff x29=0x00000000
        1260917	     62944	80009946	200d4c93	xori	x25,x26,512	 x26:0x00000000 x25=0x00000200
        1260937	     62945	8000994a	9ffc2e37	lui	x28,0x9ffc2	 x28=0x9ffc2000
        1260977	     62947	8000994e	036db2b3	mulhu	x5,x27,x22	 x27:0xa169e172 x22:0x0000001d  x5=0x00000012
        1260997	     62948	80009952	0000100f	fence.i	
        1262057	     63001	80009956	4f076c17	auipc	x24,0x4f076	 x24=0xcf07f956
        1262077	     63002	8000995a	40b1	c.li	x1,12	  x1=0x0000000c
        1262097	     63003	8000995c	0152af33	slt	x30,x5,x21	  x5:0x00000012 x21:0x00000000 x30=0x00000000
        1262137	     63005	80009960	0ff0000f	fence	iorw,iorw	
        1262157	     63006	80009964	00173e33	sltu	x28,x14,x1	 x14:0x00000000  x1:0x0000000c x28=0x00000001
        1262177	     63007	80009968	0100	c.addi4spn	x8,x2,128	  x8=0x0000007f
        1262197	     63008	8000996a	8c41	c.or	x8,x8	  x8:0x0000007f  x8:0x0000007f  x8=0x0000007f
        1262277	     63012	8000996c	024f2f33	mulhsu	x30,x30,x4	 x30:0x00000000  x4:0x80022049 x30=0x00000000
        1262397	     63018	80009970	4c4ac893	xori	x17,x21,1220	 x21:0x00000000 x17=0x000004c4
        1262437	     63020	80009974	037a3033	mulhu	x0,x20,x23	 x20:0x7ffe5ce5 x23:0xffffffff  x0=0x00000000
        1262657	     63031	80009978	0145cfb3	xor	x31,x11,x20	 x11:0x2b000000 x20:0x7ffe5ce5 x31=0x54fe5ce5
        1262677	     63032	8000997c	340b9f73	csrrw	x30,mscratch,x23	 x23:0xffffffff x30=0x00000005
        1262697	     63033	80009980	34003f73	csrrc	x30,mscratch,x0	  x0:0x00000000 x30=0xffffffff
        1262897	     63043	80009984	aece4e93	xori	x29,x28,-1300	 x28:0x00000001 x29=0xfffffaed
        1263097	     63053	80009988	418c5e13	srai	x28,x24,0x18	 x24:0xcf07f956 x28=0xffffffcf
        1263117	     63054	8000998c	01ec7f63	bgeu	x24,x30,800099aa	 x24:0xcf07f956 x30:0xffffffff
        1263377	     63067	80009990	037de863	bltu	x27,x23,800099c0	 x27:0xa169e172 x23:0xffffffff
        1264317	     63114	800099c0	34029273	csrrw	x4,mscratch,x5	  x5:0x00000012  x4=0xffffffff
        1264337	     63115	800099c4	619c8413	addi	x8,x25,1561	 x25:0x00000200  x8=0x00000819
        1264357	     63116	800099c8	83ad	c.srli	x15,0xb	 x15:0x00000000 x15=0x00000000
        1264377	     63117	800099ca	6579	c.lui	x10,0x1e	 x10=0x0001e000
        1264397	     63118	800099cc	ce01	c.beqz	x12,800099e4	 x12:0x00000000
        1264777	     63137	800099e4	8545	c.srai	x10,0x11	 x10:0x0001e000 x10=0x00000000
        1264797	     63138	800099e6	01854033	xor	x0,x10,x24	 x10:0x00000000 x24:0xcf07f956  x0=0x00000000
        1264817	     63139	800099ea	e50d	c.bnez	x10,80009a14	 x10:0x00000000
        1264837	     63140	800099ec	987d	c.andi	x8,-1	  x8:0x00000819  x8=0x00000819
        1264877	     63142	800099ee	00369313	slli	x6,x13,0x3	 x13:0x80021e44  x6=0x0010f220
        1264897	     63143	800099f2	0076fc63	bgeu	x13,x7,80009a0a	 x13:0x80021e44  x7:0x00000000
        1265337	     63165	80009a0a	8c75	c.and	x8,x13	  x8:0x00000819 x13:0x80021e44  x8=0x00000800
        1265777	     63187	80009a0c	030ac0b3	div	x1,x21,x16	 x21:0x00000000 x16:0x00000000  x1=0xffffffff
        1265797	     63188	80009a10	003e1cb3	sll	x25,x28,x3	 x28:0xffffffcf  x3:0x00000010 x25=0xffcf0000
        1265917	     63194	80009a14	0335	c.addi	x6,13	  x6:0x0010f220  x6=0x0010f22d
        1265937	     63195	80009a16	717d	c.addi16sp	x2,-16	  x2:0xffffffff  x2=0xffffffef
        1265957	     63196	80009a18	717d	c.addi16sp	x2,-16	  x2:0xffffffef  x2=0xffffffdf
        1265997	     63198	80009a1a	023fb2b3	mulhu	x5,x31,x3	 x31:0x54fe5ce5  x3:0x00000010  x5=0x00000005
        1266017	     63199	80009a1e	6119	c.addi16sp	x2,384	  x2:0xffffffdf  x2=0x0000015f
        1266037	     63200	80009a20	0000100f	fence.i	
        1266997	     63248	80009a24	022ce5b3	rem	x11,x25,x2	 x25:0xffcf0000  x2:0x0000015f x11=0xfffffec4
        1267017	     63249	80009a28	403c5fb3	sra	x31,x24,x3	 x24:0xcf07f956  x3:0x00000010 x31=0xffffcf07
        1267037	     63250	80009a2c	53fd	c.li	x7,-1	  x7=0xffffffff
        1267057	     63251	80009a2e	87c5	c.srai	x15,0x11	 x15:0x00000000 x15=0x00000000
        1267097	     63253	80009a30	032fbe33	mulhu	x28,x31,x18	 x31:0xffffcf07 x18:0x00000000 x28=0x00000000
        1267117	     63254	80009a34	041d7793	andi	x15,x26,65	 x26:0x00000000 x15=0x00000000
        1267137	     63255	80009a38	63036c97	auipc	x25,0x63036	 x25=0xe303fa38
        1267177	     63257	80009a3c	02412a33	mulhsu	x20,x2,x4	  x2:0x0000015f  x4:0xffffffff x20=0x0000015e
        1267517	     63274	80009a40	03f9b733	mulhu	x14,x19,x31	 x19:0x80025ce4 x31:0xffffcf07 x14=0x80024467
        1267557	     63276	80009a44	033a1533	mulh	x10,x20,x19	 x20:0x0000015e x19:0x80025ce4 x10=0xffffff51
        1267657	     63281	80009a48	02c00b63	beq	x0,x12,80009a7e	  x0:0x00000000 x12:0x00000000
        1268717	     63334	80009a7e	0a2e	c.slli	x20,0xb	 x20:0x0000015e x20=0x000af000
        1268737	     63335	80009a80	00d8d713	srli	x14,x17,0xd	 x17:0x000004c4 x14=0x00000000
        1268817	     63339	80009a84	90cf3593	sltiu	x11,x30,-1780	 x30:0xffffffff x11=0x00000000
        1268977	     63347	80009a88	006421b3	slt	x3,x8,x6	  x8:0x00000800  x6:0x0010f22d  x3=0x00000001
        1269397	     63368	80009a8c	983e	c.add	x16,x15	 x16:0x00000000 x15:0x00000000 x16=0x00000000
        1269417	     63369	80009a8e	026ce563	bltu	x25,x6,80009ab8	 x25:0xe303fa38  x6:0x0010f22d
        1269437	     63370	80009a92	01357213	andi	x4,x10,19	 x10:0xffffff51  x4=0x00000011
        1269457	     63371	80009a96	9a9a	c.add	x21,x6	 x21:0x00000000  x6:0x0010f22d x21=0x0010f22d
        1269837	     63390	80009a98	340028f3	csrrs	x17,mscratch,x0	  x0:0x00000000 x17=0x00000012
        1270257	     63411	80009a9c	0cf87113	andi	x2,x16,207	 x16:0x00000000  x2=0x00000000
        1270677	     63432	80009aa0	00f65033	srl	x0,x12,x15	 x12:0x00000000 x15:0x00000000  x0=0x00000000
        1270697	     63433	80009aa4	416ed393	srai	x7,x29,0x16	 x29:0xfffffaed  x7=0xffffffff
        1270717	     63434	80009aa8	8009	c.srli	x8,0x2	  x8:0x00000800  x8=0x00000200
        1270737	     63435	80009aaa	4d3d	c.li	x26,15	 x26=0x0000000f
        1270897	     63443	80009aac	8f81	c.sub	x15,x8	 x15:0x00000000  x8:0x00000200 x15=0xfffffe00
        1270917	     63444	80009aae	01f23033	sltu	x0,x4,x31	  x4:0x00000011 x31:0xffffcf07  x0=0x00000000
        1270937	     63445	80009ab2	037c5a63	bge	x24,x23,80009ae6	 x24:0xcf07f956 x23:0xffffffff
        1270957	     63446	80009ab6	e999	c.bnez	x11,80009acc	 x11:0x00000000
        1271217	     63459	80009ab8	dac56413	ori	x8,x10,-596	 x10:0xffffff51  x8=0xfffffffd
        1271397	     63468	80009abc	014bc8b3	xor	x17,x23,x20	 x23:0xffffffff x20:0x000af000 x17=0xfff50fff
        1271477	     63472	80009ac0	c38b6213	ori	x4,x22,-968	 x22:0x0000001d  x4=0xfffffc3d
        1271497	     63473	80009ac4	340f91f3	csrrw	x3,mscratch,x31	 x31:0xffffcf07  x3=0x00000012
        1271517	     63474	80009ac8	00ff5493	srli	x9,x30,0xf	 x30:0xffffffff  x9=0x0001ffff
        1271537	     63475	80009acc	340f1af3	csrrw	x21,mscratch,x30	 x30:0xffffffff x21=0xffffcf07
        1271557	     63476	80009ad0	403b5b33	sra	x22,x22,x3	 x22:0x0000001d  x3:0x00000012 x22=0x00000000
        1271697	     63483	80009ad4	0ff0000f	fence	iorw,iorw	
        1271717	     63484	80009ad8	03c30033	mul	x0,x6,x28	  x6:0x0010f22d x28:0x00000000  x0=0x00000000
        1271877	     63492	80009adc	0107ffb3	and	x31,x15,x16	 x15:0xfffffe00 x16:0x00000000 x31=0x00000000
        1272077	     63502	80009ae0	0317a2b3	mulhsu	x5,x15,x17	 x15:0xfffffe00 x17:0xfff50fff  x5=0xfffffe00
        1272117	     63504	80009ae4	8e7d	c.and	x12,x15	 x12:0x00000000 x15:0xfffffe00 x12=0x00000000
        1272137	     63505	80009ae6	340061f3	csrrsi	x3,mscratch,0	  x3=0xffffffff
        1272157	     63506	80009aea	00cf48b3	xor	x17,x30,x12	 x30:0xffffffff x12:0x00000000 x17=0xffffffff
        1272277	     63512	80009aee	03c30e33	mul	x28,x6,x28	  x6:0x0010f22d x28:0x00000000 x28=0x00000000
        1272297	     63513	80009af2	34003173	csrrc	x2,mscratch,x0	  x0:0x00000000  x2=0xffffffff
        1272317	     63514	80009af6	020a7663	bgeu	x20,x0,80009b22	 x20:0x000af000  x0:0x00000000
        1273237	     63560	80009b22	03492fb3	mulhsu	x31,x18,x20	 x18:0x00000000 x20:0x000af000 x31=0x00000000
        1273317	     63564	80009b26	34001c73	csrrw	x24,mscratch,x0	  x0:0x00000000 x24=0xffffffff
        1273457	     63571	80009b2a	9978f193	andi	x3,x17,-1641	 x17:0xffffffff  x3=0xfffff997
        1274197	     63608	80009b2e	025bf633	remu	x12,x23,x5	 x23:0xffffffff  x5:0xfffffe00 x12=0x000001ff
        1274217	     63609	80009b32	340035f3	csrrc	x11,mscratch,x0	  x0:0x00000000 x11=0x00000000
        1274237	     63610	80009b36	c8387613	andi	x12,x16,-893	 x16:0x00000000 x12=0x00000000
        1274257	     63611	80009b3a	7dd33e93	sltiu	x29,x6,2013	  x6:0x0010f22d x29=0x00000000
        1274277	     63612	80009b3e	1afd	c.addi	x21,-1	 x21:0xffffcf07 x21=0xffffcf06
        1274297	     63613	80009b40	015e3d33	sltu	x26,x28,x21	 x28:0x00000000 x21:0xffffcf06 x26=0x00000001
        1274317	     63614	80009b44	0289dc63	bge	x19,x8,80009b7c	 x19:0x80025ce4  x8:0xfffffffd
        1274337	     63615	80009b48	34003a73	csrrc	x20,mscratch,x0	  x0:0x00000000 x20=0x00000000
        1274357	     63616	80009b4c	02d6	c.slli	x5,0x15	  x5:0xfffffe00  x5=0xc0000000
        1274377	     63617	80009b4e	1d7d	c.addi	x26,-1	 x26:0x00000001 x26=0x00000000
        1274457	     63621	80009b50	036b1c33	mulh	x24,x22,x22	 x22:0x00000000 x22:0x00000000 x24=0x00000000
        1274937	     63645	80009b54	03ce42b3	div	x5,x28,x28	 x28:0x00000000 x28:0x00000000  x5=0xffffffff
        1274957	     63646	80009b58	34059d73	csrrw	x26,mscratch,x11	 x11:0x00000000 x26=0x00000000
        1274977	     63647	80009b5c	00089733	sll	x14,x17,x0	 x17:0xffffffff  x0:0x00000000 x14=0xffffffff
        1275017	     63649	80009b60	000d7ab3	and	x21,x26,x0	 x26:0x00000000  x0:0x00000000 x21=0x00000000
        1275877	     63692	80009b64	031c4fb3	div	x31,x24,x17	 x24:0x00000000 x17:0xffffffff x31=0x00000000
        1275897	     63693	80009b68	8f79	c.and	x14,x14	 x14:0xffffffff x14:0xffffffff x14=0xffffffff
        1275917	     63694	80009b6a	940a	c.add	x8,x2	  x8:0xfffffffd  x2:0xffffffff  x8=0xfffffffc
        1275937	     63695	80009b6c	6121	c.addi16sp	x2,64	  x2:0xffffffff  x2=0x0000003f
        1275957	     63696	80009b6e	8d65	c.and	x10,x9	 x10:0xffffff51  x9:0x0001ffff x10=0x0001ff51
        1275977	     63697	80009b70	00299213	slli	x4,x19,0x2	 x19:0x80025ce4  x4=0x00097390
        1275997	     63698	80009b74	8e8a	c.mv	x29,x2	  x0:0x00000000  x2:0x0000003f x29=0x0000003f
        1276017	     63699	80009b76	8d79	c.and	x10,x14	 x10:0x0001ff51 x14:0xffffffff x10=0x0001ff51
        1276037	     63700	80009b78	01371363	bne	x14,x19,80009b7e	 x14:0xffffffff x19:0x80025ce4
        1277237	     63760	80009b7e	40155433	sra	x8,x10,x1	 x10:0x0001ff51  x1:0xffffffff  x8=0x00000000
        1277257	     63761	80009b82	d9b6b613	sltiu	x12,x13,-613	 x13:0x80021e44 x12=0x00000001
        1277317	     63764	80009b86	24c6a113	slti	x2,x13,588	 x13:0x80021e44  x2=0x00000001
        1277497	     63773	80009b8a	01140333	add	x6,x8,x17	  x8:0x00000000 x17:0xffffffff  x6=0xffffffff
        1277717	     63784	80009b8e	0388c633	div	x12,x17,x24	 x17:0xffffffff x24:0x00000000 x12=0xffffffff
        1278497	     63823	80009b92	02c9d633	divu	x12,x19,x12	 x19:0x80025ce4 x12:0xffffffff x12=0x00000000
        1278517	     63824	80009b96	950a	c.add	x10,x2	 x10:0x0001ff51  x2:0x00000001 x10=0x0001ff52
        1278537	     63825	80009b98	03b9f263	bgeu	x19,x27,80009bbc	 x19:0x80025ce4 x27:0xa169e172
        1278557	     63826	80009b9c	05e76063	bltu	x14,x30,80009bdc	 x14:0xffffffff x30:0xffffffff
        1278577	     63827	80009ba0	010f9033	sll	x0,x31,x16	 x31:0x00000000 x16:0x00000000  x0=0x00000000
        1278617	     63829	80009ba4	02e4a833	mulhsu	x16,x9,x14	  x9:0x0001ffff x14:0xffffffff x16=0x0001fffe
        1278637	     63830	80009ba8	00ff17b3	sll	x15,x30,x15	 x30:0xffffffff x15:0xfffffe00 x15=0xffffffff
        1279377	     63867	80009bac	022ec233	div	x4,x29,x2	 x29:0x0000003f  x2:0x00000001  x4=0x0000003f
        1279417	     63869	80009bb0	038bfd33	remu	x26,x23,x24	 x23:0xffffffff x24:0x00000000 x26=0xffffffff
        1279437	     63870	80009bb4	34003ef3	csrrc	x29,mscratch,x0	  x0:0x00000000 x29=0x00000000
        1279457	     63871	80009bb8	c08ceb93	ori	x23,x25,-1016	 x25:0xe303fa38 x23=0xfffffe38
        1279497	     63873	80009bbc	031b9133	mulh	x2,x23,x17	 x23:0xfffffe38 x17:0xffffffff  x2=0x00000000
        1279517	     63874	80009bc0	0472	c.slli	x8,0x1c	  x8:0x00000000  x8=0x00000000
        1279537	     63875	80009bc2	15b03a93	sltiu	x21,x0,347	  x0:0x00000000 x21=0x00000001
        1279557	     63876	80009bc6	0001	c.addi	x0,0	  x0:0x00000000  x0=0x00000000
        1279577	     63877	80009bc8	0001	c.addi	x0,0	  x0:0x00000000  x0=0x00000000
        1279817	     63889	80009bca	fd9abb37	lui	x22,0xfd9ab	 x22=0xfd9ab000
        1279837	     63890	80009bce	8da1	c.xor	x11,x8	 x11:0x00000000  x8:0x00000000 x11=0x00000000
        1279857	     63891	80009bd0	0000100f	fence.i	
        1279937	     63895	80009bd4	0ff0000f	fence	iorw,iorw	
        1279957	     63896	80009bd8	ef5b4893	xori	x17,x22,-267	 x22:0xfd9ab000 x17=0x02654ef5
        1279977	     63897	80009bdc	015cef63	bltu	x25,x21,80009bfa	 x25:0xe303fa38 x21:0x00000001
        1280117	     63904	80009be0	00e4f5b3	and	x11,x9,x14	  x9:0x0001ffff x14:0xffffffff x11=0x0001ffff
        1280137	     63905	80009be4	0ee2	c.slli	x29,0x18	 x29:0x00000000 x29=0x00000000
        1280157	     63906	80009be6	34003cf3	csrrc	x25,mscratch,x0	  x0:0x00000000 x25=0x00000000
        1280177	     63907	80009bea	117d	c.addi	x2,-1	  x2:0x00000000  x2=0xffffffff
        1280337	     63915	80009bec	ed09	c.bnez	x10,80009c06	 x10:0x0001ff52
        1281057	     63951	80009c06	03916833	rem	x16,x2,x25	  x2:0xffffffff x25:0x00000000 x16=0xffffffff
        1281077	     63952	80009c0a	340b5d73	csrrwi	x26,mscratch,22	 x26=0x00000000
        1281097	     63953	80009c0e	831bc593	xori	x11,x23,-1999	 x23:0xfffffe38 x11=0x00000609
        1281117	     63954	80009c12	0001	c.addi	x0,0	  x0:0x00000000  x0=0x00000000
        1281137	     63955	80009c14	02740d63	beq	x8,x7,80009c4e	  x8:0x00000000  x7:0xffffffff
        1281177	     63957	80009c18	020e6fb3	rem	x31,x28,x0	 x28:0x00000000  x0:0x00000000 x31=0x00000000
        1281197	     63958	80009c1c	41c355b3	sra	x11,x6,x28	  x6:0xffffffff x28:0x00000000 x11=0xffffffff
        1281217	     63959	80009c20	43cd	c.li	x7,19	  x7=0x00000013
        1281297	     63963	80009c22	55c9d337	lui	x6,0x55c9d	  x6=0x55c9d000
        1281317	     63964	80009c26	01538963	beq	x7,x21,80009c38	  x7:0x00000013 x21:0x00000001
        1286697	     64233	80009c2a	340073f3	csrrci	x7,mscratch,0	  x7=0x00000016
        1286717	     64234	80009c2e	c395	c.beqz	x15,80009c52	 x15:0xffffffff
        1286737	     64235	80009c30	340258f3	csrrwi	x17,mscratch,4	 x17=0x00000016
        1286757	     64236	80009c34	01b81f93	slli	x31,x16,0x1b	 x16:0xffffffff x31=0xf8000000
        1286777	     64237	80009c38	8936fe37	lui	x28,0x8936f	 x28=0x8936f000
        1286797	     64238	80009c3c	3401d5f3	csrrwi	x11,mscratch,3	 x11=0x00000004
        1286857	     64241	80009c40	4779	c.li	x14,30	 x14=0x0000001e
        1286877	     64242	80009c42	0000100f	fence.i	
        1287057	     64251	80009c46	f3c27013	andi	x0,x4,-196	  x4:0x0000003f  x0=0x00000000
        1287157	     64256	80009c4a	0286a5b3	mulhsu	x11,x13,x8	 x13:0x80021e44  x8:0x00000000 x11=0x00000000
        1287257	     64261	80009c4e	00d3c1b3	xor	x3,x7,x13	  x7:0x00000016 x13:0x80021e44  x3=0x80021e52
        1287457	     64271	80009c52	00dde1b3	or	x3,x27,x13	 x27:0xa169e172 x13:0x80021e44  x3=0xa16bff76
        1287477	     64272	80009c56	01b64c63	blt	x12,x27,80009c6e	 x12:0x00000000 x27:0xa169e172
        1287497	     64273	80009c5a	6f51	c.lui	x30,0x14	 x30=0x00014000
        1287717	     64284	80009c5c	01010233	add	x4,x2,x16	  x2:0xffffffff x16:0xffffffff  x4=0xfffffffe
        1287737	     64285	80009c60	50fd	c.li	x1,-1	  x1=0xffffffff
        1287757	     64286	80009c62	63570e93	addi	x29,x14,1589	 x14:0x0000001e x29=0x00000653
        1287777	     64287	80009c66	340c97f3	csrrw	x15,mscratch,x25	 x25:0x00000000 x15=0x00000003
        1288137	     64305	80009c6a	00122333	slt	x6,x4,x1	  x4:0xfffffffe  x1:0xffffffff  x6=0x00000001
        1288877	     64342	80009c6e	02d7ee33	rem	x28,x15,x13	 x15:0x00000003 x13:0x80021e44 x28=0x00000003
        1288897	     64343	80009c72	340d57f3	csrrwi	x15,mscratch,26	 x15=0x00000000
        1288917	     64344	80009c76	3403fcf3	csrrci	x25,mscratch,7	 x25=0x0000001a
        1288937	     64345	80009c7a	03018d63	beq	x3,x16,80009cb4	  x3:0xa16bff76 x16:0xffffffff
        1288957	     64346	80009c7e	8d11	c.sub	x10,x12	 x10:0x0001ff52 x12:0x00000000 x10=0x0001ff52
        1288977	     64347	80009c80	0000100f	fence.i	
        1289197	     64358	80009c84	00bc51b3	srl	x3,x24,x11	 x24:0x00000000 x11:0x00000000  x3=0x00000000
        1289217	     64359	80009c88	03fb6263	bltu	x22,x31,80009cac	 x22:0xfd9ab000 x31:0xf8000000
        1289357	     64366	80009c8c	34002b73	csrrs	x22,mscratch,x0	  x0:0x00000000 x22=0x00000018
        1289617	     64379	80009c90	021bbbb3	mulhu	x23,x23,x1	 x23:0xfffffe38  x1:0xffffffff x23=0xfffffe37
        1289637	     64380	80009c94	4135d133	sra	x2,x11,x19	 x11:0x00000000 x19:0x80025ce4  x2=0x00000000
        1289717	     64384	80009c98	8c89	c.sub	x9,x10	  x9:0x0001ffff x10:0x0001ff52  x9=0x000000ad
        1289837	     64390	80009c9a	02879663	bne	x15,x8,80009cc6	 x15:0x00000000  x8:0x00000000
        1289857	     64391	80009c9e	717d	c.addi16sp	x2,-16	  x2:0x00000000  x2=0xfffffff0
        1289977	     64397	80009ca0	01523d33	sltu	x26,x4,x21	  x4:0xfffffffe x21:0x00000001 x26=0x00000000
        1290277	     64412	80009ca4	02463833	mulhu	x16,x12,x4	 x12:0x00000000  x4:0xfffffffe x16=0x00000000
        1290317	     64414	80009ca8	0029fbb3	and	x23,x19,x2	 x19:0x80025ce4  x2:0xfffffff0 x23=0x80025ce0
        1290337	     64415	80009cac	0135c533	xor	x10,x11,x19	 x11:0x00000000 x19:0x80025ce4 x10=0x80025ce4
        1290357	     64416	80009cb0	01319533	sll	x10,x3,x19	  x3:0x00000000 x19:0x80025ce4 x10=0x00000000
        1290377	     64417	80009cb4	0f61ebb7	lui	x23,0xf61e	 x23=0x0f61e000
        1290397	     64418	80009cb8	0001	c.addi	x0,0	  x0:0x00000000  x0=0x00000000
        1290497	     64423	80009cba	f070cc93	xori	x25,x1,-249	  x1:0xffffffff x25=0x000000f8
        1290517	     64424	80009cbe	016092b3	sll	x5,x1,x22	  x1:0xffffffff x22:0x00000018  x5=0xff000000
        1290537	     64425	80009cc2	8649	c.srai	x12,0x12	 x12:0x00000000 x12=0x00000000
        1290837	     64440	80009cc4	8ff5	c.and	x15,x13	 x15:0x00000000 x13:0x80021e44 x15=0x00000000
        1290877	     64442	80009cc6	033b3a33	mulhu	x20,x22,x19	 x22:0x00000018 x19:0x80025ce4 x20=0x0000000c
        1290897	     64443	80009cca	9a12	c.add	x20,x4	 x20:0x0000000c  x4:0xfffffffe x20=0x0000000a
        1291037	     64450	80009ccc	02b2aab3	mulhsu	x21,x5,x11	  x5:0xff000000 x11:0x00000000 x21=0x00000000
        1291177	     64457	80009cd0	01f8e833	or	x16,x17,x31	 x17:0x00000016 x31:0xf8000000 x16=0xf8000016
        1291597	     64478	80009cd4	3e93e193	ori	x3,x7,1001	  x7:0x00000016  x3=0x000003ff
        1291717	     64484	80009cd8	8f11	c.sub	x14,x12	 x14:0x0000001e x12:0x00000000 x14=0x0000001e
        1291737	     64485	80009cda	c066cb13	xori	x22,x13,-1018	 x13:0x80021e44 x22=0x7ffde242
        1291757	     64486	80009cde	0332	c.slli	x6,0xc	  x6:0x00000001  x6=0x00001000
        1291777	     64487	80009ce0	010e5fb3	srl	x31,x28,x16	 x28:0x00000003 x16:0xf8000016 x31=0x00000000
        1292057	     64501	80009ce4	847d	c.srai	x8,0x1f	  x8:0x00000000  x8=0x00000000
        1292077	     64502	80009ce6	8271	c.srli	x12,0x1c	 x12:0x00000000 x12=0x00000000
        1292097	     64503	80009ce8	c105	c.beqz	x10,80009d08	 x10:0x00000000
        1292497	     64523	80009d08	4f96c493	xori	x9,x13,1273	 x13:0x80021e44  x9=0x80021abd
        1293337	     64565	80009d0c	0309e3b3	rem	x7,x19,x16	 x19:0x80025ce4 x16:0xf8000016  x7=0xf8025b9a
        1293357	     64566	80009d10	03750e33	mul	x28,x10,x23	 x10:0x00000000 x23:0x0f61e000 x28=0x00000000
        1293377	     64567	80009d14	8c09	c.sub	x8,x10	  x8:0x00000000 x10:0x00000000  x8=0x00000000
        1293397	     64568	80009d16	41bd5533	sra	x10,x26,x27	 x26:0x00000000 x27:0xa169e172 x10=0x00000000
        1293417	     64569	80009d1a	27882117	auipc	x2,0x27882	  x2=0xa788bd1a
        1293437	     64570	80009d1e	8c31	c.xor	x8,x12	  x8:0x00000000 x12:0x00000000  x8=0x00000000
        1293457	     64571	80009d20	402fe913	ori	x18,x31,1026	 x31:0x00000000 x18=0x00000402
        1293477	     64572	80009d24	8d15	c.sub	x10,x13	 x10:0x00000000 x13:0x80021e44 x10=0x7ffde1bc
        1293497	     64573	80009d26	c41d	c.beqz	x8,80009d54	  x8:0x00000000
        1293537	     64575	80009d54	0001	c.addi	x0,0	  x0:0x00000000  x0=0x00000000
        1293557	     64576	80009d56	8c41	c.or	x8,x8	  x8:0x00000000  x8:0x00000000  x8=0x00000000
        1293897	     64593	80009d58	e0c3ab13	slti	x22,x7,-500	  x7:0xf8025b9a x22=0x00000001
        1294057	     64601	80009d5c	01466633	or	x12,x12,x20	 x12:0x00000000 x20:0x0000000a x12=0x0000000a
        1294077	     64602	80009d60	01ecd333	srl	x6,x25,x30	 x25:0x000000f8 x30:0x00014000  x6=0x000000f8
        1294257	     64611	80009d64	03d633b3	mulhu	x7,x12,x29	 x12:0x0000000a x29:0x00000653  x7=0x00000000
        1294277	     64612	80009d68	8192	c.mv	x3,x4	  x0:0x00000000  x4:0xfffffffe  x3=0xfffffffe
        1295017	     64649	80009d6a	03dd7eb3	remu	x29,x26,x29	 x26:0x00000000 x29:0x00000653 x29=0x00000000
        1295037	     64650	80009d6e	34002ef3	csrrs	x29,mscratch,x0	  x0:0x00000000 x29=0x00000018
        1295057	     64651	80009d72	682d	c.lui	x16,0xb	 x16=0x0000b000
        1295077	     64652	80009d74	34009673	csrrw	x12,mscratch,x1	  x1:0xffffffff x12=0x00000018
        1295097	     64653	80009d78	6165	c.addi16sp	x2,112	  x2:0xa788bd1a  x2=0xa788bd8a
        1295117	     64654	80009d7a	340c1273	csrrw	x4,mscratch,x24	 x24:0x00000000  x4=0xffffffff
        1295137	     64655	80009d7e	92dfe793	ori	x15,x31,-1747	 x31:0x00000000 x15=0xfffff92d
        1295157	     64656	80009d82	e162fe93	andi	x29,x5,-490	  x5:0xff000000 x29=0xff000000
        1295177	     64657	80009d86	6471	c.lui	x8,0x1c	  x8=0x0001c000
        1295277	     64662	80009d88	1c676493	ori	x9,x14,454	 x14:0x0000001e  x9=0x000001de
        1295437	     64670	80009d8c	8c4d	c.or	x8,x11	  x8:0x0001c000 x11:0x00000000  x8=0x0001c000
        1295457	     64671	80009d8e	022301b3	mul	x3,x6,x2	  x6:0x000000f8  x2:0xa788bd8a  x3=0x4c779db0
        1295877	     64692	80009d92	b3d4c813	xori	x16,x9,-1219	  x9:0x000001de x16=0xfffffae3
        1295897	     64693	80009d96	0ff0000f	fence	iorw,iorw	
        1296077	     64702	80009d9a	0ff0000f	fence	iorw,iorw	
        1296097	     64703	80009d9e	0000100f	fence.i	
        1296417	     64719	80009da2	1efd	c.addi	x29,-1	 x29:0xff000000 x29=0xfeffffff
        1296637	     64730	80009da4	8221	c.srli	x12,0x8	 x12:0x00000018 x12=0x00000000
        1296657	     64731	80009da6	0001	c.addi	x0,0	  x0:0x00000000  x0=0x00000000
        1296717	     64734	80009da8	0fce	c.slli	x31,0x13	 x31:0x00000000 x31=0x00000000
        1297117	     64754	80009daa	3404e373	csrrsi	x6,mscratch,9	  x6=0x00000000
        1297137	     64755	80009dae	827e	c.mv	x4,x31	  x0:0x00000000 x31:0x00000000  x4=0x00000000
        1297157	     64756	80009db0	01f74cb3	xor	x25,x14,x31	 x14:0x0000001e x31:0x00000000 x25=0x0000001e
        1297177	     64757	80009db4	41bed2b3	sra	x5,x29,x27	 x29:0xfeffffff x27:0xa169e172  x5=0xffffffbf
        1297197	     64758	80009db8	1110	c.addi4spn	x12,x2,160	 x12=0xa788be2a
        1297217	     64759	80009dba	e49d	c.bnez	x9,80009de8	  x9:0x000001de
        1297757	     64786	80009de8	6efd	c.lui	x29,0x1f	 x29=0x0001f000
        1297777	     64787	80009dea	0001	c.addi	x0,0	  x0:0x00000000  x0=0x00000000
        1298177	     64807	80009dec	d2962837	lui	x16,0xd2962	 x16=0xd2962000
        1298537	     64825	80009df0	01f87c63	bgeu	x16,x31,80009e08	 x16:0xd2962000 x31:0x00000000
        1299837	     64890	80009e08	0136cbb3	xor	x23,x13,x19	 x13:0x80021e44 x19:0x80025ce4 x23=0x000042a0
        1299857	     64891	80009e0c	4d57b893	sltiu	x17,x15,1237	 x15:0xfffff92d x17=0x00000000
        1299877	     64892	80009e10	997d	c.andi	x10,-1	 x10:0x7ffde1bc x10=0x7ffde1bc
        1300297	     64913	80009e12	88c2bd13	sltiu	x26,x5,-1908	  x5:0xffffffbf x26=0x00000000
        1300317	     64914	80009e16	466d	c.li	x12,27	 x12=0x0000001b
        1300337	     64915	80009e18	2d678293	addi	x5,x15,726	 x15:0xfffff92d  x5=0xfffffc03
        1300357	     64916	80009e1c	03531f63	bne	x6,x21,80009e5a	  x6:0x00000000 x21:0x00000000
        1300537	     64925	80009e20	41b153b3	sra	x7,x2,x27	  x2:0xa788bd8a x27:0xa169e172  x7=0xffffe9e2
        1300557	     64926	80009e24	e58d	c.bnez	x11,80009e4e	 x11:0x00000000
        1300977	     64947	80009e26	010a6663	bltu	x20,x16,80009e32	 x20:0x0000000a x16:0xd2962000
        1301437	     64970	80009e32	8f2d	c.xor	x14,x11	 x14:0x0000001e x11:0x00000000 x14=0x0000001e
        1301457	     64971	80009e34	81e2	c.mv	x3,x24	  x0:0x00000000 x24:0x00000000  x3=0x00000000
        1301617	     64979	80009e36	00e9d893	srli	x17,x19,0xe	 x19:0x80025ce4 x17=0x00020009
        1301637	     64980	80009e3a	8b35	c.andi	x14,13	 x14:0x0000001e x14=0x0000000c
        1301737	     64985	80009e3c	0ff0000f	fence	iorw,iorw	
        1301757	     64986	80009e40	340ed073	csrrwi	x0,mscratch,29	  x0=0x00000000
        1302177	     65007	80009e44	406fdc13	srai	x24,x31,0x6	 x31:0x00000000 x24=0x00000000
        1302197	     65008	80009e48	007adc63	bge	x21,x7,80009e60	 x21:0x00000000  x7:0xffffe9e2
        1302437	     65020	80009e60	002e4263	blt	x28,x2,80009e64	 x28:0x00000000  x2:0xa788bd8a
        1302457	     65021	80009e64	717d	c.addi16sp	x2,-16	  x2:0xa788bd8a  x2=0xa788bd7a
        1302517	     65024	80009e66	01c8f333	and	x6,x17,x28	 x17:0x00020009 x28:0x00000000  x6=0x00000000
        1302537	     65025	80009e6a	0001	c.addi	x0,0	  x0:0x00000000  x0=0x00000000
        1302557	     65026	80009e6c	578a4b13	xori	x22,x20,1400	 x20:0x0000000a x22=0x00000572
        1302857	     65041	80009e70	02af8c63	beq	x31,x10,80009ea8	 x31:0x00000000 x10:0x7ffde1bc
        1302957	     65046	80009e74	00012ab3	slt	x21,x2,x0	  x2:0xa788bd7a  x0:0x00000000 x21=0x00000001
        1303157	     65056	80009e78	61c1	c.lui	x3,0x10	  x3=0x00010000
        1303597	     65078	80009e7a	0246ee33	rem	x28,x13,x4	 x13:0x80021e44  x4:0x00000000 x28=0x80021e44
        1303977	     65097	80009e7e	96323b13	sltiu	x22,x4,-1693	  x4:0x00000000 x22=0x00000001
        1303997	     65098	80009e82	823e	c.mv	x4,x15	  x0:0x00000000 x15:0xfffff92d  x4=0xfffff92d
        1304037	     65100	80009e84	0001	c.addi	x0,0	  x0:0x00000000  x0=0x00000000
        1304777	     65137	80009e86	03326533	rem	x10,x4,x19	  x4:0xfffff92d x19:0x80025ce4 x10=0xfffff92d
        1304797	     65138	80009e8a	0ff0000f	fence	iorw,iorw	
        1304817	     65139	80009e8e	6559	c.lui	x10,0x16	 x10=0x00016000
        1304837	     65140	80009e90	01169a93	slli	x21,x13,0x11	 x13:0x80021e44 x21=0x3c880000
        1304857	     65141	80009e94	c895	c.beqz	x9,80009ec8	  x9:0x000001de
        1304877	     65142	80009e96	3406a473	csrrs	x8,mscratch,x13	 x13:0x80021e44  x8=0x0000001d
        1304897	     65143	80009e9a	8f81	c.sub	x15,x8	 x15:0xfffff92d  x8:0x0000001d x15=0xfffff910
        1304917	     65144	80009e9c	8e49	c.or	x12,x10	 x12:0x0000001b x10:0x00016000 x12=0x0001601b
        1305217	     65159	80009e9e	01f80b33	add	x22,x16,x31	 x16:0xd2962000 x31:0x00000000 x22=0xd2962000
        1305237	     65160	80009ea2	8c3eb093	sltiu	x1,x29,-1853	 x29:0x0001f000  x1=0x00000001
        1305257	     65161	80009ea6	0001	c.addi	x0,0	  x0:0x00000000  x0=0x00000000
        1305277	     65162	80009ea8	8571	c.srai	x10,0x1c	 x10:0x00016000 x10=0x00000000
        1305557	     65176	80009eaa	01d315b3	sll	x11,x6,x29	  x6:0x00000000 x29:0x0001f000 x11=0x00000000
        1305597	     65178	80009eae	030caf33	mulhsu	x30,x25,x16	 x25:0x0000001e x16:0xd2962000 x30=0x00000018
        1305997	     65198	80009eb2	340fda73	csrrwi	x20,mscratch,31	 x20=0x80021e5d
        1306017	     65199	80009eb6	0b1c	c.addi4spn	x15,x2,400	 x15=0xa788bf0a
        1306037	     65200	80009eb8	03460663	beq	x12,x20,80009ee4	 x12:0x0001601b x20:0x80021e5d
        1306057	     65201	80009ebc	00e27f33	and	x30,x4,x14	  x4:0xfffff92d x14:0x0000000c x30=0x0000000c
        1306797	     65238	80009ec0	0257f233	remu	x4,x15,x5	 x15:0xa788bf0a  x5:0xfffffc03  x4=0xa788bf0a
        1307537	     65275	80009ec4	0237ca33	div	x20,x15,x3	 x15:0xa788bf0a  x3:0x00010000 x20=0xffffa789
        1307557	     65276	80009ec8	003347b3	xor	x15,x6,x3	  x6:0x00000000  x3:0x00010000 x15=0x00010000
        1307577	     65277	80009ecc	987dbf13	sltiu	x30,x27,-1657	 x27:0xa169e172 x30=0x00000001
        1307597	     65278	80009ed0	8f0d	c.sub	x14,x11	 x14:0x0000000c x11:0x00000000 x14=0x0000000c
        1307617	     65279	80009ed2	00841393	slli	x7,x8,0x8	  x8:0x0000001d  x7=0x00001d00
        1307637	     65280	80009ed6	010533b3	sltu	x7,x10,x16	 x10:0x00000000 x16:0xd2962000  x7=0x00000001
        1307657	     65281	80009eda	000f9913	slli	x18,x31,0x0	 x31:0x00000000 x18=0x00000000
        1307677	     65282	80009ede	8d6d	c.and	x10,x11	 x10:0x00000000 x11:0x00000000 x10=0x00000000
        1307897	     65293	80009ee0	1d10	c.addi4spn	x12,x2,688	 x12=0xa788c02a
        1307917	     65294	80009ee2	1080	c.addi4spn	x8,x2,96	  x8=0xa788bdda
        1307937	     65295	80009ee4	6b056f93	ori	x31,x10,1712	 x10:0x00000000 x31=0x000006b0
        1308057	     65301	80009ee8	6111	c.addi16sp	x2,256	  x2:0xa788bd7a  x2=0xa788be7a
        1308077	     65302	80009eea	eb1d	c.bnez	x14,80009f20	 x14:0x0000000c
        1308717	     65334	80009f20	814d	c.srli	x10,0x13	 x10:0x00000000 x10=0x00000000
        1308737	     65335	80009f22	0001	c.addi	x0,0	  x0:0x00000000  x0=0x00000000
        1308897	     65343	80009f24	00dfd813	srli	x16,x31,0xd	 x31:0x000006b0 x16=0x00000000
        1309157	     65356	80009f28	40950c33	sub	x24,x10,x9	 x10:0x00000000  x9:0x000001de x24=0xfffffe22
        1309217	     65359	80009f2c	117d	c.addi	x2,-1	  x2:0xa788be7a  x2=0xa788be79
        1309237	     65360	80009f2e	8e5d	c.or	x12,x15	 x12:0xa788c02a x15:0x00010000 x12=0xa789c02a
        1309317	     65364	80009f30	340721f3	csrrs	x3,mscratch,x14	 x14:0x0000000c  x3=0x0000001f
        1309577	     65377	80009f34	01827cb3	and	x25,x4,x24	  x4:0xa788bf0a x24:0xfffffe22 x25=0xa788be02
        1309917	     65394	80009f38	6b61	c.lui	x22,0x18	 x22=0x00018000
        1309937	     65395	80009f3a	01315e13	srli	x28,x2,0x13	  x2:0xa788be79 x28=0x000014f1
        1310677	     65432	80009f3e	02924533	div	x10,x4,x9	  x4:0xa788bf0a  x9:0x000001de x10=0xffd09eee
        1310697	     65433	80009f42	b8a7f913	andi	x18,x15,-1142	 x15:0x00010000 x18=0x00010000
        1311437	     65470	80009f46	0234c833	div	x16,x9,x3	  x9:0x000001de  x3:0x0000001f x16=0x0000000f
        1311457	     65471	80009f4a	836e	c.mv	x6,x27	  x0:0x00000000 x27:0xa169e172  x6=0xa169e172
        1311477	     65472	80009f4c	017d9e93	slli	x29,x27,0x17	 x27:0xa169e172 x29=0xb9000000
        1311497	     65473	80009f50	8c25	c.xor	x8,x9	  x8:0xa788bdda  x9:0x000001de  x8=0xa788bc04
        1311517	     65474	80009f52	c6a12413	slti	x8,x2,-918	  x2:0xa788be79  x8=0x00000001
        1311537	     65475	80009f56	83f9	c.srli	x15,0x1e	 x15:0x00010000 x15=0x00000000
        1311557	     65476	80009f58	33c66013	ori	x0,x12,828	 x12:0xa789c02a  x0=0x00000000
        1311577	     65477	80009f5c	315ef213	andi	x4,x29,789	 x29:0xb9000000  x4=0x00000000
        1311597	     65478	80009f60	8225	c.srli	x12,0x9	 x12:0xa789c02a x12=0x0053c4e0
        1311617	     65479	80009f62	01bcde13	srli	x28,x25,0x1b	 x25:0xa788be02 x28=0x00000014
        1311637	     65480	80009f66	0000100f	fence.i	
        1312117	     65504	80009f6a	191f8d37	lui	x26,0x191f8	 x26=0x191f8000
        1312157	     65506	80009f6e	0606e193	ori	x3,x13,96	 x13:0x80021e44  x3=0x80021e64
        1313057	     65551	80009f72	0290ff33	remu	x30,x1,x9	  x1:0x00000001  x9:0x000001de x30=0x00000001
        1313077	     65552	80009f76	00509313	slli	x6,x1,0x5	  x1:0x00000001  x6=0x00000020
        1313097	     65553	80009f7a	0ff0000f	fence	iorw,iorw	
        1313137	     65555	80009f7e	03061fb3	mulh	x31,x12,x16	 x12:0x0053c4e0 x16:0x0000000f x31=0x00000000
        1313157	     65556	80009f82	02689163	bne	x17,x6,80009fa4	 x17:0x00020009  x6:0x00000020
        1313697	     65583	80009fa4	92e6	c.add	x5,x25	  x5:0xfffffc03 x25:0xa788be02  x5=0xa788ba05
        1313717	     65584	80009fa6	0000100f	fence.i	
        1314357	     65616	80009faa	3408aa73	csrrs	x20,mscratch,x17	 x17:0x00020009 x20=0x0000001f
        1314377	     65617	80009fae	8fc1	c.or	x15,x8	 x15:0x00000000  x8:0x00000001 x15=0x00000001
        1314497	     65623	80009fb0	410cd533	sra	x10,x25,x16	 x25:0xa788be02 x16:0x0000000f x10=0xffff4f11
        1314657	     65631	80009fb4	0ff0000f	fence	iorw,iorw	
        1314857	     65641	80009fb8	00a992b3	sll	x5,x19,x10	 x19:0x80025ce4 x10:0xffff4f11  x5=0xb9c80000
        1315037	     65650	80009fbc	340a1273	csrrw	x4,mscratch,x20	 x20:0x0000001f  x4=0x0002001f
        1315137	     65655	80009fc0	d9a92f93	slti	x31,x18,-614	 x18:0x00010000 x31=0x00000000
        1315157	     65656	80009fc4	0041d933	srl	x18,x3,x4	  x3:0x80021e64  x4:0x0002001f x18=0x00000001
        1315897	     65693	80009fc8	0282c433	div	x8,x5,x8	  x5:0xb9c80000  x8:0x00000001  x8=0xb9c80000
        1315917	     65694	80009fcc	2e156c93	ori	x25,x10,737	 x10:0xffff4f11 x25=0xffff4ff1
        1315937	     65695	80009fd0	858e	c.mv	x11,x3	  x0:0x00000000  x3:0x80021e64 x11=0x80021e64
        1315957	     65696	80009fd2	0186d363	bge	x13,x24,80009fd8	 x13:0x80021e44 x24:0xfffffe22
        1315977	     65697	80009fd6	8d91	c.sub	x11,x12	 x11:0x80021e64 x12:0x0053c4e0 x11=0x7fae5984
        1315997	     65698	80009fd8	34025e73	csrrwi	x28,mscratch,4	 x28=0x0000001f
        1316017	     65699	80009fdc	9b0e	c.add	x22,x3	 x22:0x00018000  x3:0x80021e64 x22=0x80039e64
        1316077	     65702	80009fde	01c04fb3	xor	x31,x0,x28	  x0:0x00000000 x28:0x0000001f x31=0x0000001f
        1316257	     65711	80009fe2	02017563	bgeu	x2,x0,8000a00c	  x2:0xa788be79  x0:0x00000000
        1316317	     65714	8000a00c	717d	c.addi16sp	x2,-16	  x2:0xa788be79  x2=0xa788be69
        1316337	     65715	8000a00e	2f8b3113	sltiu	x2,x22,760	 x22:0x80039e64  x2=0x00000000
        1316357	     65716	8000a012	9746	c.add	x14,x17	 x14:0x0000000c x17:0x00020009 x14=0x00020015
        1316377	     65717	8000a014	0ff0000f	fence	iorw,iorw	
        1316397	     65718	8000a018	3403fbf3	csrrci	x23,mscratch,7	 x23=0x00000004
        1316617	     65729	8000a01c	340060f3	csrrsi	x1,mscratch,0	  x1=0x00000000
        1316637	     65730	8000a020	34059f73	csrrw	x30,mscratch,x11	 x11:0x7fae5984 x30=0x00000000
        1316657	     65731	8000a024	01135333	srl	x6,x6,x17	  x6:0x00000020 x17:0x00020009  x6=0x00000000
        1316737	     65735	8000a028	03900c63	beq	x0,x25,8000a060	  x0:0x00000000 x25:0xffff4ff1
        1317077	     65752	8000a02c	00401a63	bne	x0,x4,8000a040	  x0:0x00000000  x4:0x0002001f
        1317617	     65779	8000a040	34002973	csrrs	x18,mscratch,x0	  x0:0x00000000 x18=0x7fae5984
        1317697	     65783	8000a044	024fb733	mulhu	x14,x31,x4	 x31:0x0000001f  x4:0x0002001f x14=0x00000000
        1318097	     65803	8000a048	0019aeb3	slt	x29,x19,x1	 x19:0x80025ce4  x1:0x00000000 x29=0x00000001
        1318137	     65805	8000a04c	02d735b3	mulhu	x11,x14,x13	 x14:0x00000000 x13:0x80021e44 x11=0x00000000
        1318177	     65807	8000a050	003e6d33	or	x26,x28,x3	 x28:0x0000001f  x3:0x80021e64 x26=0x80021e7f
        1318417	     65819	8000a054	34033873	csrrc	x16,mscratch,x6	  x6:0x00000000 x16=0x7fae5984
        1318437	     65820	8000a058	bdc32c93	slti	x25,x6,-1060	  x6:0x00000000 x25=0x00000000
        1318577	     65827	8000a05c	41c3d1b3	sra	x3,x7,x28	  x7:0x00000001 x28:0x0000001f  x3=0x00000000
        1318597	     65828	8000a060	87a1	c.srai	x15,0x8	 x15:0x00000001 x15=0x00000000
        1319017	     65849	8000a062	400dda13	srai	x20,x27,0x0	 x27:0xa169e172 x20=0xa169e172
        1319037	     65850	8000a066	34006a73	csrrsi	x20,mscratch,0	 x20=0x7fae5984
        1319057	     65851	8000a06a	008f1593	slli	x11,x30,0x8	 x30:0x00000000 x11=0x00000000
        1319077	     65852	8000a06e	68e0ab93	slti	x23,x1,1678	  x1:0x00000000 x23=0x00000001
        1319097	     65853	8000a072	8f11	c.sub	x14,x12	 x14:0x00000000 x12:0x0053c4e0 x14=0xffac3b20
        1319137	     65855	8000a074	02a03733	mulhu	x14,x0,x10	  x0:0x00000000 x10:0xffff4f11 x14=0x00000000
        1319157	     65856	8000a078	051d8063	beq	x27,x17,8000a0b8	 x27:0xa169e172 x17:0x00020009
        1319177	     65857	8000a07c	02108733	mul	x14,x1,x1	  x1:0x00000000  x1:0x00000000 x14=0x00000000
        1319197	     65858	8000a080	40d00233	sub	x4,x0,x13	  x0:0x00000000 x13:0x80021e44  x4=0x7ffde1bc
        1319217	     65859	8000a084	004ce633	or	x12,x25,x4	 x25:0x00000000  x4:0x7ffde1bc x12=0x7ffde1bc
        1319957	     65896	8000a088	032fcbb3	div	x23,x31,x18	 x31:0x0000001f x18:0x7fae5984 x23=0x00000000
        1319977	     65897	8000a08c	03d40fb3	mul	x31,x8,x29	  x8:0xb9c80000 x29:0x00000001 x31=0xb9c80000
        1319997	     65898	8000a090	74f414b7	lui	x9,0x74f41	  x9=0x74f41000
        1320017	     65899	8000a094	03b88463	beq	x17,x27,8000a0bc	 x17:0x00020009 x27:0xa169e172
        1320037	     65900	8000a098	34003ff3	csrrc	x31,mscratch,x0	  x0:0x00000000 x31=0x7fae5984
        1320777	     65937	8000a09c	028458b3	divu	x17,x8,x8	  x8:0xb9c80000  x8:0xb9c80000 x17=0x00000001
        1320797	     65938	8000a0a0	0ff0000f	fence	iorw,iorw	
        1320817	     65939	8000a0a4	340a7e73	csrrci	x28,mscratch,20	 x28=0x7fae5984
        1321557	     65976	8000a0a8	027fecb3	rem	x25,x31,x7	 x31:0x7fae5984  x7:0x00000001 x25=0x00000000
        1321577	     65977	8000a0ac	ac491fb7	lui	x31,0xac491	 x31=0xac491000
        1321597	     65978	8000a0b0	6aea4813	xori	x16,x20,1710	 x20:0x7fae5984 x16=0x7fae5f2a
        1321617	     65979	8000a0b4	0194db93	srli	x23,x9,0x19	  x9:0x74f41000 x23=0x0000003a
        1321637	     65980	8000a0b8	01d6ce63	blt	x13,x29,8000a0d4	 x13:0x80021e44 x29:0x00000001
        1321997	     65998	8000a0d4	01b45333	srl	x6,x8,x27	  x8:0xb9c80000 x27:0xa169e172  x6=0x00002e72
        1330997	     66448	8000a0d8	48e5	c.li	x17,25	 x17=0x00000019
        1331017	     66449	8000a0da	efdd9c37	lui	x24,0xefdd9	 x24=0xefdd9000
        1331057	     66451	8000a0de	03702fb3	mulhsu	x31,x0,x23	  x0:0x00000000 x23:0x0000003a x31=0x00000000
        1331097	     66453	8000a0e2	022695b3	mulh	x11,x13,x2	 x13:0x80021e44  x2:0x00000000 x11=0x00000000
        1331117	     66454	8000a0e6	02970963	beq	x14,x9,8000a118	 x14:0x00000000  x9:0x74f41000
        1331137	     66455	8000a0ea	090a	c.slli	x18,0x2	 x18:0x7fae5984 x18=0xfeb96610
        1331157	     66456	8000a0ec	34061473	csrrw	x8,mscratch,x12	 x12:0x7ffde1bc  x8=0x7fae5980
        1331177	     66457	8000a0f0	848a	c.mv	x9,x2	  x0:0x00000000  x2:0x00000000  x9=0x00000000
        1331197	     66458	8000a0f2	3404bb73	csrrc	x22,mscratch,x9	  x9:0x00000000 x22=0x7ffde1bc
        1331217	     66459	8000a0f6	9b96	c.add	x23,x5	 x23:0x0000003a  x5:0xb9c80000 x23=0xb9c8003a
        1331237	     66460	8000a0f8	8db1	c.xor	x11,x12	 x11:0x00000000 x12:0x7ffde1bc x11=0x7ffde1bc
        1331257	     66461	8000a0fa	198c	c.addi4spn	x11,x2,240	 x11=0x000000f0
        1331277	     66462	8000a0fc	9711c217	auipc	x4,0x9711c	  x4=0x171260fc
        1331297	     66463	8000a100	34003d73	csrrc	x26,mscratch,x0	  x0:0x00000000 x26=0x7ffde1bc
        1331317	     66464	8000a104	1b7d	c.addi	x22,-1	 x22:0x7ffde1bc x22=0x7ffde1bb
        1331917	     66494	8000a106	5a354893	xori	x17,x10,1443	 x10:0xffff4f11 x17=0xffff4ab2
        1332657	     66531	8000a10a	03685333	divu	x6,x16,x22	 x16:0x7fae5f2a x22:0x7ffde1bb  x6=0x00000000
        1332697	     66533	8000a10e	0302bab3	mulhu	x21,x5,x16	  x5:0xb9c80000 x16:0x7fae5f2a x21=0x5ca8c2ff
        1332717	     66534	8000a112	80d9	c.srli	x9,0x16	  x9:0x00000000  x9=0x00000000
        1332737	     66535	8000a114	34081f73	csrrw	x30,mscratch,x16	 x16:0x7fae5f2a x30=0x7ffde1bc
        1332757	     66536	8000a118	8726	c.mv	x14,x9	  x0:0x00000000  x9:0x00000000 x14=0x00000000
        1332777	     66537	8000a11a	34003473	csrrc	x8,mscratch,x0	  x0:0x00000000  x8=0x7fae5f2a
        1332797	     66538	8000a11e	3404def3	csrrwi	x29,mscratch,9	 x29=0x7fae5f2a
        1332817	     66539	8000a122	0335	c.addi	x6,13	  x6:0x00000000  x6=0x0000000d
        1332837	     66540	8000a124	00b2ca63	blt	x5,x11,8000a138	  x5:0xb9c80000 x11:0x000000f0
        1333057	     66551	8000a138	006c83b3	add	x7,x25,x6	 x25:0x00000000  x6:0x0000000d  x7=0x0000000d
        1333177	     66557	8000a13c	8f4e	c.mv	x30,x19	  x0:0x00000000 x19:0x80025ce4 x30=0x80025ce4
        1333197	     66558	8000a13e	0001	c.addi	x0,0	  x0:0x00000000  x0=0x00000000
        1333217	     66559	8000a140	0892	c.slli	x17,0x4	 x17:0xffff4ab2 x17=0xfff4ab20
        1333477	     66572	8000a142	01313833	sltu	x16,x2,x19	  x2:0x00000000 x19:0x80025ce4 x16=0x00000001
        1333677	     66582	8000a146	40a95333	sra	x6,x18,x10	 x18:0xfeb96610 x10:0xffff4f11  x6=0xffffff5c
        1333697	     66583	8000a14a	9306	c.add	x6,x1	  x6:0xffffff5c  x1:0x00000000  x6=0xffffff5c
        1333737	     66585	8000a14c	01c98b63	beq	x19,x28,8000a162	 x19:0x80025ce4 x28:0x7fae5984
        1333797	     66588	8000a150	03ad	c.addi	x7,11	  x7:0x0000000d  x7=0x00000018
        1333837	     66590	8000a152	020fe7b3	rem	x15,x31,x0	 x31:0x00000000  x0:0x00000000 x15=0x00000000
        1333977	     66597	8000a156	02661a63	bne	x12,x6,8000a18a	 x12:0x7ffde1bc  x6:0xffffff5c
        1334957	     66646	8000a18a	2c6d0e13	addi	x28,x26,710	 x26:0x7ffde1bc x28=0x7ffde482
        1334977	     66647	8000a18e	03b6d963	bge	x13,x27,8000a1c0	 x13:0x80021e44 x27:0xa169e172
        1334997	     66648	8000a192	81f5	c.srli	x11,0x1d	 x11:0x000000f0 x11=0x00000000
        1335017	     66649	8000a194	3404ea73	csrrsi	x20,mscratch,9	 x20=0x00000009
        1335097	     66653	8000a198	02be4f33	div	x30,x28,x11	 x28:0x7ffde482 x11:0x00000000 x30=0xffffffff
        1335497	     66673	8000a19c	4014dcb3	sra	x25,x9,x1	  x9:0x00000000  x1:0x00000000 x25=0x00000000
        1335517	     66674	8000a1a0	2ab3be37	lui	x28,0x2ab3b	 x28=0x2ab3b000
        1335637	     66680	8000a1a4	d6d5a413	slti	x8,x11,-659	 x11:0x00000000  x8=0x00000000
        1335777	     66687	8000a1a8	6243ab93	slti	x23,x7,1572	  x7:0x00000018 x23=0x00000001
        1335897	     66693	8000a1ac	2bb3ad17	auipc	x26,0x2bb3a	 x26=0xabb441ac
        1335937	     66695	8000a1b0	034fd063	bge	x31,x20,8000a1d0	 x31:0x00000000 x20:0x00000009
        1335957	     66696	8000a1b4	40c9d413	srai	x8,x19,0xc	 x19:0x80025ce4  x8=0xfff80025
        1335977	     66697	8000a1b8	02d1f063	bgeu	x3,x13,8000a1d8	  x3:0x00000000 x13:0x80021e44
        1335997	     66698	8000a1bc	03d48cb3	mul	x25,x9,x29	  x9:0x00000000 x29:0x7fae5f2a x25=0x00000000
        1336057	     66701	8000a1c0	001c5033	srl	x0,x24,x1	 x24:0xefdd9000  x1:0x00000000  x0=0x00000000
        1336077	     66702	8000a1c4	cb9d	c.beqz	x15,8000a1fa	 x15:0x00000000
        1336917	     66744	8000a1fa	8df5	c.and	x11,x13	 x11:0x00000000 x13:0x80021e44 x11=0x00000000
        1337097	     66753	8000a1fc	8556	c.mv	x10,x21	  x0:0x00000000 x21:0x5ca8c2ff x10=0x5ca8c2ff
        1337117	     66754	8000a1fe	0242	c.slli	x4,0x10	  x4:0x171260fc  x4=0x60fc0000
        1337137	     66755	8000a200	00517663	bgeu	x2,x5,8000a20c	  x2:0x00000000  x5:0xb9c80000
        1337177	     66757	8000a204	021b7eb3	remu	x29,x22,x1	 x22:0x7ffde1bb  x1:0x00000000 x29=0x7ffde1bb
        1337197	     66758	8000a208	0341fb13	andi	x22,x3,52	  x3:0x00000000 x22=0x00000000
        1337257	     66761	8000a20c	01e754b3	srl	x9,x14,x30	 x14:0x00000000 x30:0xffffffff  x9=0x00000000
        1337437	     66770	8000a210	692d	c.lui	x18,0xb	 x18=0x0000b000
        1337637	     66780	8000a212	340211f3	csrrw	x3,mscratch,x4	  x4:0x60fc0000  x3=0x00000009
        1338057	     66801	8000a216	01fc8f33	add	x30,x25,x31	 x25:0x00000000 x31:0x00000000 x30=0x00000000
        1338077	     66802	8000a21a	97be	c.add	x15,x15	 x15:0x00000000 x15:0x00000000 x15=0x00000000
        1338097	     66803	8000a21c	6155	c.addi16sp	x2,304	  x2:0x00000000  x2=0x00000130
        1338137	     66805	8000a21e	03bbb2b3	mulhu	x5,x23,x27	 x23:0x00000001 x27:0xa169e172  x5=0x00000000
        1338197	     66808	8000a222	01476bb3	or	x23,x14,x20	 x14:0x00000000 x20:0x00000009 x23=0x00000009
        1338217	     66809	8000a226	1a4f0c93	addi	x25,x30,420	 x30:0x00000000 x25=0x000001a4
        1338237	     66810	8000a22a	34003173	csrrc	x2,mscratch,x0	  x0:0x00000000  x2=0x60fc0000
        1338597	     66828	8000a22e	00a79a13	slli	x20,x15,0xa	 x15:0x00000000 x20=0x00000000
        1338617	     66829	8000a232	817d	c.srli	x10,0x1f	 x10:0x5ca8c2ff x10=0x00000000
        1338637	     66830	8000a234	407388b3	sub	x17,x7,x7	  x7:0x00000018  x7:0x00000018 x17=0x00000000
        1338917	     66844	8000a238	01dd1cb3	sll	x25,x26,x29	 x26:0xabb441ac x29:0x7ffde1bb x25=0x60000000
        1338937	     66845	8000a23c	eb1d	c.bnez	x14,8000a272	 x14:0x00000000
        1338957	     66846	8000a23e	0001	c.addi	x0,0	  x0:0x00000000  x0=0x00000000
        1338977	     66847	8000a240	011882b3	add	x5,x17,x17	 x17:0x00000000 x17:0x00000000  x5=0x00000000
        1338997	     66848	8000a244	97fa2d13	slti	x26,x20,-1665	 x20:0x00000000 x26=0x00000000
        1339037	     66850	8000a248	40ed5393	srai	x7,x26,0xe	 x26:0x00000000  x7=0x00000000
        1339317	     66864	8000a24c	3409d873	csrrwi	x16,mscratch,19	 x16=0x60fc0000
        1339357	     66866	8000a250	017562b3	or	x5,x10,x23	 x10:0x00000000 x23:0x00000009  x5=0x00000009
        1339537	     66875	8000a254	0ee5	c.addi	x29,25	 x29:0x7ffde1bb x29=0x7ffde1d4
        1339977	     66897	8000a256	037cb433	mulhu	x8,x25,x23	 x25:0x60000000 x23:0x00000009  x8=0x00000003
        1341097	     66953	8000a25a	03c5c633	div	x12,x11,x28	 x11:0x00000000 x28:0x2ab3b000 x12=0x00000000
        1341117	     66954	8000a25e	f1c7ad13	slti	x26,x15,-228	 x15:0x00000000 x26=0x00000000
        1341137	     66955	8000a262	79587e93	andi	x29,x16,1941	 x16:0x60fc0000 x29=0x00000000
        1341157	     66956	8000a266	34082973	csrrs	x18,mscratch,x16	 x16:0x60fc0000 x18=0x00000013
        1341177	     66957	8000a26a	00331a33	sll	x20,x6,x3	  x6:0xffffff5c  x3:0x00000009 x20=0xfffeb800
        1341197	     66958	8000a26e	0180a4b3	slt	x9,x1,x24	  x1:0x00000000 x24:0xefdd9000  x9=0x00000000
        1341217	     66959	8000a272	8fdd	c.or	x15,x15	 x15:0x00000000 x15:0x00000000 x15=0x00000000
        1341237	     66960	8000a274	03c38963	beq	x7,x28,8000a2a6	  x7:0x00000000 x28:0x2ab3b000
        1341497	     66973	8000a278	81e1	c.srli	x11,0x18	 x11:0x00000000 x11=0x00000000
        1342637	     67030	8000a27a	03c3ffb3	remu	x31,x7,x28	  x7:0x00000000 x28:0x2ab3b000 x31=0x00000000
        1342657	     67031	8000a27e	8de1	c.and	x11,x8	 x11:0x00000000  x8:0x00000003 x11=0x00000000
        1342677	     67032	8000a280	0001	c.addi	x0,0	  x0:0x00000000  x0=0x00000000
        1342697	     67033	8000a282	0121fab3	and	x21,x3,x18	  x3:0x00000009 x18:0x00000013 x21=0x00000001
        1342717	     67034	8000a286	d43a3493	sltiu	x9,x20,-701	 x20:0xfffeb800  x9=0x00000001
        1342737	     67035	8000a28a	b0018f13	addi	x30,x3,-1280	  x3:0x00000009 x30=0xfffffb09
        1342757	     67036	8000a28e	34081273	csrrw	x4,mscratch,x16	 x16:0x60fc0000  x4=0x60fc0013
        1342777	     67037	8000a292	8075	c.srli	x8,0x1d	  x8:0x00000003  x8=0x00000000
        1342817	     67039	8000a294	02b0f633	remu	x12,x1,x11	  x1:0x00000000 x11:0x00000000 x12=0x00000000
        1342837	     67040	8000a298	00423f33	sltu	x30,x4,x4	  x4:0x60fc0013  x4:0x60fc0013 x30=0x00000000
        1342937	     67045	8000a29c	0001	c.addi	x0,0	  x0:0x00000000  x0=0x00000000
        1343457	     67071	8000a29e	01ef5733	srl	x14,x30,x30	 x30:0x00000000 x30:0x00000000 x14=0x00000000
        1343617	     67079	8000a2a2	0000100f	fence.i	
        1344177	     67107	8000a2a6	409fd333	sra	x6,x31,x9	 x31:0x00000000  x9:0x00000001  x6=0x00000000
        1344217	     67109	8000a2aa	03105763	bge	x0,x17,8000a2d8	  x0:0x00000000 x17:0x00000000
        1344697	     67133	8000a2d8	404a0933	sub	x18,x20,x4	 x20:0xfffeb800  x4:0x60fc0013 x18=0x9f02b7ed
        1344717	     67134	8000a2dc	6885	c.lui	x17,0x1	 x17=0x00001000
        1344777	     67137	8000a2de	03d98317	auipc	x6,0x3d98	  x6=0x83da22de
        1344817	     67139	8000a2e2	cbf602b7	lui	x5,0xcbf60	  x5=0xcbf60000
        1344837	     67140	8000a2e6	340ed073	csrrwi	x0,mscratch,29	  x0=0x00000000
        1344857	     67141	8000a2ea	01fbd913	srli	x18,x23,0x1f	 x23:0x00000009 x18=0x00000000
        1344977	     67147	8000a2ee	02af13b3	mulh	x7,x30,x10	 x30:0x00000000 x10:0x00000000  x7=0x00000000
        1344997	     67148	8000a2f2	00af4463	blt	x30,x10,8000a2fa	 x30:0x00000000 x10:0x00000000
        1345037	     67150	8000a2f6	02a07033	remu	x0,x0,x10	  x0:0x00000000 x10:0x00000000  x0=0x00000000
        1345057	     67151	8000a2fa	1afd	c.addi	x21,-1	 x21:0x00000001 x21=0x00000000
        1345437	     67170	8000a2fc	00041e93	slli	x29,x8,0x0	  x8:0x00000000 x29=0x00000000
        1345857	     67191	8000a300	9f01bc17	auipc	x24,0x9f01b	 x24=0x1f025300
        1345877	     67192	8000a304	02905f63	bge	x0,x9,8000a342	  x0:0x00000000  x9:0x00000001
        1345897	     67193	8000a308	47868f93	addi	x31,x13,1144	 x13:0x80021e44 x31=0x800222bc
        1346317	     67214	8000a30c	03b90a33	mul	x20,x18,x27	 x18:0x00000000 x27:0xa169e172 x20=0x00000000
        1346617	     67229	8000a310	7254e213	ori	x4,x9,1829	  x9:0x00000001  x4=0x00000725
        1347037	     67250	8000a314	011e	c.slli	x2,0x7	  x2:0x60fc0000  x2=0x7e000000
        1347057	     67251	8000a316	c215	c.beqz	x12,8000a33a	 x12:0x00000000
        1348097	     67303	8000a33a	9752	c.add	x14,x20	 x14:0x00000000 x20:0x00000000 x14=0x00000000
        1348297	     67313	8000a33c	00b81c33	sll	x24,x16,x11	 x16:0x60fc0000 x11:0x00000000 x24=0x60fc0000
        1348477	     67322	8000a340	0762	c.slli	x14,0x18	 x14:0x00000000 x14=0x00000000
        1348517	     67324	8000a342	01f26733	or	x14,x4,x31	  x4:0x00000725 x31:0x800222bc x14=0x800227bd
        1348557	     67326	8000a346	00156933	or	x18,x10,x1	 x10:0x00000000  x1:0x00000000 x18=0x00000000
        1348797	     67338	8000a34a	01a2c533	xor	x10,x5,x26	  x5:0xcbf60000 x26:0x00000000 x10=0xcbf60000
        1348817	     67339	8000a34e	ed01	c.bnez	x10,8000a366	 x10:0xcbf60000
        1349457	     67371	8000a366	8bd6	c.mv	x23,x21	  x0:0x00000000 x21:0x00000000 x23=0x00000000
        1349617	     67379	8000a368	c615	c.beqz	x12,8000a394	 x12:0x00000000
        1349897	     67393	8000a394	0000100f	fence.i	
        1350117	     67404	8000a398	8efa	c.mv	x29,x30	  x0:0x00000000 x30:0x00000000 x29=0x00000000
        1350277	     67412	8000a39a	01395463	bge	x18,x19,8000a3a2	 x18:0x00000000 x19:0x80025ce4
        1350717	     67434	8000a3a2	1ffd	c.addi	x31,-1	 x31:0x800222bc x31=0x800222bb
        1351097	     67453	8000a3a4	02b87033	remu	x0,x16,x11	 x16:0x60fc0000 x11:0x00000000  x0=0x00000000
        1351117	     67454	8000a3a8	6605	c.lui	x12,0x1	 x12=0x00001000
        1351497	     67473	8000a3aa	47c68e37	lui	x28,0x47c68	 x28=0x47c68000
        1351517	     67474	8000a3ae	0ff0000f	fence	iorw,iorw	
        1351537	     67475	8000a3b2	63e67713	andi	x14,x12,1598	 x12:0x00001000 x14=0x00000000
        1351557	     67476	8000a3b6	00090f63	beq	x18,x0,8000a3d4	 x18:0x00000000  x0:0x00000000
        1351877	     67492	8000a3d4	01a17bb3	and	x23,x2,x26	  x2:0x7e000000 x26:0x00000000 x23=0x00000000
        1351917	     67494	8000a3d8	b0e72c13	slti	x24,x14,-1266	 x14:0x00000000 x24=0x00000000
        1351937	     67495	8000a3dc	f47e5a37	lui	x20,0xf47e5	 x20=0xf47e5000
        1352017	     67499	8000a3e0	80ad	c.srli	x9,0xb	  x9:0x00000001  x9=0x00000000
        1352037	     67500	8000a3e2	c89d	c.beqz	x9,8000a418	  x9:0x00000000
        1352357	     67516	8000a418	340033f3	csrrc	x7,mscratch,x0	  x0:0x00000000  x7=0x0000001d
        1352797	     67538	8000a41c	03537933	remu	x18,x6,x21	  x6:0x83da22de x21:0x00000000 x18=0x83da22de
        1352897	     67543	8000a420	8c99	c.sub	x9,x14	  x9:0x00000000 x14:0x00000000  x9=0x00000000
        1352917	     67544	8000a422	00a2e5b3	or	x11,x5,x10	  x5:0xcbf60000 x10:0xcbf60000 x11=0xcbf60000
        1352957	     67546	8000a426	02cf1533	mulh	x10,x30,x12	 x30:0x00000000 x12:0x00001000 x10=0x00000000
        1352977	     67547	8000a42a	612d	c.addi16sp	x2,224	  x2:0x7e000000  x2=0x7e0000e0
        1352997	     67548	8000a42c	0001	c.addi	x0,0	  x0:0x00000000  x0=0x00000000
        1353017	     67549	8000a42e	0ff0000f	fence	iorw,iorw	
        1353037	     67550	8000a432	878d	c.srai	x15,0x3	 x15:0x00000000 x15=0x00000000
        1353057	     67551	8000a434	014b48b3	xor	x17,x22,x20	 x22:0x00000000 x20:0xf47e5000 x17=0xf47e5000
        1353217	     67559	8000a438	c4f6b313	sltiu	x6,x13,-945	 x13:0x80021e44  x6=0x00000001
        1353417	     67569	8000a43c	0001	c.addi	x0,0	  x0:0x00000000  x0=0x00000000
        1353437	     67570	8000a43e	8fa9	c.xor	x15,x10	 x15:0x00000000 x10:0x00000000 x15=0x00000000
        1353677	     67582	8000a440	01494cb3	xor	x25,x18,x20	 x18:0x83da22de x20:0xf47e5000 x25=0x77a472de
        1353697	     67583	8000a444	0152d793	srli	x15,x5,0x15	  x5:0xcbf60000 x15=0x0000065f
        1353857	     67591	8000a448	ed99	c.bnez	x11,8000a466	 x11:0xcbf60000
        1354817	     67639	8000a466	3405d673	csrrwi	x12,mscratch,11	 x12=0x0000001d
        1354897	     67643	8000a46a	001ada63	bge	x21,x1,8000a47e	 x21:0x00000000  x1:0x00000000
        1355277	     67662	8000a47e	fab5fa93	andi	x21,x11,-85	 x11:0xcbf60000 x21=0xcbf60000
        1355297	     67663	8000a482	0ff0000f	fence	iorw,iorw	
        1355317	     67664	8000a486	340071f3	csrrci	x3,mscratch,0	  x3=0x0000000b
        1355337	     67665	8000a48a	0001	c.addi	x0,0	  x0:0x00000000  x0=0x00000000
        1355377	     67667	8000a48c	029ae433	rem	x8,x21,x9	 x21:0xcbf60000  x9:0x00000000  x8=0xcbf60000
        1355557	     67676	8000a490	00c6a233	slt	x4,x13,x12	 x13:0x80021e44 x12:0x0000001d  x4=0x00000001
        1355837	     67690	8000a494	971c5bb7	lui	x23,0x971c5	 x23=0x971c5000
        1355877	     67692	8000a498	0228be33	mulhu	x28,x17,x2	 x17:0xf47e5000  x2:0x7e0000e0 x28=0x78562c35
        1355897	     67693	8000a49c	014e3c33	sltu	x24,x28,x20	 x28:0x78562c35 x20:0xf47e5000 x24=0x00000001
        1355957	     67696	8000a4a0	340fdaf3	csrrwi	x21,mscratch,31	 x21=0x0000000b
        1355977	     67697	8000a4a4	0000100f	fence.i	
        1357037	     67750	8000a4a8	01f738b3	sltu	x17,x14,x31	 x14:0x00000000 x31:0x800222bb x17=0x00000001
        1357217	     67759	8000a4ac	3409b973	csrrc	x18,mscratch,x19	 x19:0x80025ce4 x18=0x0000001f
        1357237	     67760	8000a4b0	0000100f	fence.i	
        1357477	     67772	8000a4b4	03dc40b3	div	x1,x24,x29	 x24:0x00000001 x29:0x00000000  x1=0xffffffff
        1357497	     67773	8000a4b8	40175133	sra	x2,x14,x1	 x14:0x00000000  x1:0xffffffff  x2=0x00000000
        1357677	     67782	8000a4bc	0124e8b3	or	x17,x9,x18	  x9:0x00000000 x18:0x0000001f x17=0x0000001f
        1358057	     67801	8000a4c0	03063c33	mulhu	x24,x12,x16	 x12:0x0000001d x16:0x60fc0000 x24=0x0000000a
        1358077	     67802	8000a4c4	01111ab3	sll	x21,x2,x17	  x2:0x00000000 x17:0x0000001f x21=0x00000000
        1358397	     67818	8000a4c8	81d2	c.mv	x3,x20	  x0:0x00000000 x20:0xf47e5000  x3=0xf47e5000
        1358537	     67825	8000a4ca	03eba933	mulhsu	x18,x23,x30	 x23:0x971c5000 x30:0x00000000 x18=0x00000000
        1358557	     67826	8000a4ce	98fd	c.andi	x9,-1	  x9:0x00000000  x9=0x00000000
        1358597	     67828	8000a4d0	0353eeb3	rem	x29,x7,x21	  x7:0x0000001d x21:0x00000000 x29=0x0000001d
        1358737	     67835	8000a4d4	8661	c.srai	x12,0x18	 x12:0x0000001d x12=0x00000000
        1358757	     67836	8000a4d6	8889	c.andi	x9,2	  x9:0x00000000  x9=0x00000000
        1358777	     67837	8000a4d8	8f01	c.sub	x14,x8	 x14:0x00000000  x8:0xcbf60000 x14=0x340a0000
        1358797	     67838	8000a4da	832d	c.srli	x14,0xb	 x14:0x340a0000 x14=0x00068140
        1358897	     67843	8000a4dc	c40d	c.beqz	x8,8000a506	  x8:0xcbf60000
        1359637	     67880	8000a4de	037cce33	div	x28,x25,x23	 x25:0x77a472de x23:0x971c5000 x28=0xffffffff
        1360377	     67917	8000a4e2	0281d8b3	divu	x17,x3,x8	  x3:0xf47e5000  x8:0xcbf60000 x17=0x00000001
        1360397	     67918	8000a4e6	3408de73	csrrwi	x28,mscratch,17	 x28=0x0000001b
        1360417	     67919	8000a4ea	00aea933	slt	x18,x29,x10	 x29:0x0000001d x10:0x00000000 x18=0x00000000
        1360437	     67920	8000a4ee	0001	c.addi	x0,0	  x0:0x00000000  x0=0x00000000
        1360457	     67921	8000a4f0	9c623d13	sltiu	x26,x4,-1594	  x4:0x00000001 x26=0x00000001
        1360477	     67922	8000a4f4	856a	c.mv	x10,x26	  x0:0x00000000 x26:0x00000001 x10=0x00000001
        1360497	     67923	8000a4f6	4b6d	c.li	x22,27	 x22=0x0000001b
        1360517	     67924	8000a4f8	8c4d	c.or	x8,x11	  x8:0xcbf60000 x11:0xcbf60000  x8=0xcbf60000
        1360537	     67925	8000a4fa	00d1fd33	and	x26,x3,x13	  x3:0xf47e5000 x13:0x80021e44 x26=0x80021000
        1360557	     67926	8000a4fe	197d	c.addi	x18,-1	 x18:0x00000000 x18=0xffffffff
        1360837	     67940	8000a500	8555	c.srai	x10,0x15	 x10:0x00000001 x10=0x00000000
        1360857	     67941	8000a502	039680b3	mul	x1,x13,x25	 x13:0x80021e44 x25:0x77a472de  x1=0xf2e086f8
        1360877	     67942	8000a506	00496a63	bltu	x18,x4,8000a51a	 x18:0xffffffff  x4:0x00000001
        1360897	     67943	8000a50a	635d	c.lui	x6,0x17	  x6=0x00017000
        1360977	     67947	8000a50c	8cb1	c.xor	x9,x12	  x9:0x00000000 x12:0x00000000  x9=0x00000000
        1361137	     67955	8000a50e	01e0df93	srli	x31,x1,0x1e	  x1:0xf2e086f8 x31=0x00000003
        1361157	     67956	8000a512	1c10	c.addi4spn	x12,x2,560	 x12=0x00000230
        1361417	     67969	8000a514	0001	c.addi	x0,0	  x0:0x00000000  x0=0x00000000
        1361717	     67984	8000a516	2e4c8513	addi	x10,x25,740	 x25:0x77a472de x10=0x77a475c2
        1380517	     68924	8000a51a	00ca9793	slli	x15,x21,0xc	 x21:0x00000000 x15=0x00000000
        1380537	     68925	8000a51e	8655	c.srai	x12,0x15	 x12:0x00000230 x12=0x00000000
        1380557	     68926	8000a520	0ff0000f	fence	iorw,iorw	
        1380577	     68927	8000a524	9aa2	c.add	x21,x8	 x21:0x00000000  x8:0xcbf60000 x21=0xcbf60000
        1380597	     68928	8000a526	02fb0963	beq	x22,x15,8000a558	 x22:0x0000001b x15:0x00000000
        1380617	     68929	8000a52a	4196d413	srai	x8,x13,0x19	 x13:0x80021e44  x8=0xffffffc0
        1381557	     68976	8000a52e	037642b3	div	x5,x12,x23	 x12:0x00000000 x23:0x971c5000  x5=0x00000000
        1381577	     68977	8000a532	690f6213	ori	x4,x30,1680	 x30:0x00000000  x4=0x00000690
        1381597	     68978	8000a536	0112	c.slli	x2,0x4	  x2:0x00000000  x2=0x00000000
        1381617	     68979	8000a538	00986633	or	x12,x16,x9	 x16:0x60fc0000  x9:0x00000000 x12=0x60fc0000
        1381637	     68980	8000a53c	004058b3	srl	x17,x0,x4	  x0:0x00000000  x4:0x00000690 x17=0x00000000
        1381657	     68981	8000a540	6d79	c.lui	x26,0x1e	 x26=0x0001e000
        1381677	     68982	8000a542	80ee	c.mv	x1,x27	  x0:0x00000000 x27:0xa169e172  x1=0xa169e172
        1381697	     68983	8000a544	e9877893	andi	x17,x14,-360	 x14:0x00068140 x17=0x00068000
        1381717	     68984	8000a548	0001	c.addi	x0,0	  x0:0x00000000  x0=0x00000000
        1381857	     68991	8000a54a	01035393	srli	x7,x6,0x10	  x6:0x00017000  x7=0x00000001
        1382277	     69012	8000a54e	340030f3	csrrc	x1,mscratch,x0	  x0:0x00000000  x1=0x00000011
        1382297	     69013	8000a552	842d	c.srai	x8,0xb	  x8:0xffffffc0  x8=0xffffffff
        1382477	     69022	8000a554	000bd4b3	srl	x9,x23,x0	 x23:0x971c5000  x0:0x00000000  x9=0x971c5000
        1382557	     69026	8000a558	f3050913	addi	x18,x10,-208	 x10:0x77a475c2 x18=0x77a474f2
        1382617	     69029	8000a55c	0001	c.addi	x0,0	  x0:0x00000000  x0=0x00000000
        1382637	     69030	8000a55e	34cf3417	auipc	x8,0x34cf3	  x8=0xb4cfd55e
        1382657	     69031	8000a562	01f3f933	and	x18,x7,x31	  x7:0x00000001 x31:0x00000003 x18=0x00000001
        1382717	     69034	8000a566	a9abff13	andi	x30,x23,-1382	 x23:0x971c5000 x30=0x971c5000
        1383337	     69065	8000a56a	01e2abb3	slt	x23,x5,x30	  x5:0x00000000 x30:0x971c5000 x23=0x00000000
        1384097	     69103	8000a56e	023c7cb3	remu	x25,x24,x3	 x24:0x0000000a  x3:0xf47e5000 x25=0x0000000a
        1384117	     69104	8000a572	ffcc4213	xori	x4,x24,-4	 x24:0x0000000a  x4=0xfffffff6
        1384137	     69105	8000a576	340b3ef3	csrrc	x29,mscratch,x22	 x22:0x0000001b x29=0x00000011
        1384157	     69106	8000a57a	997d	c.andi	x10,-1	 x10:0x77a475c2 x10=0x77a475c2
        1384237	     69110	8000a57c	03812633	mulhsu	x12,x2,x24	  x2:0x00000000 x24:0x0000000a x12=0x00000000
        1384357	     69116	8000a580	340037f3	csrrc	x15,mscratch,x0	  x0:0x00000000 x15=0x00000000
        1384497	     69123	8000a584	00953d33	sltu	x26,x10,x9	 x10:0x77a475c2  x9:0x971c5000 x26=0x00000001
        1384677	     69132	8000a588	e811	c.bnez	x8,8000a59c	  x8:0xb4cfd55e
        1385157	     69156	8000a59c	0ff0000f	fence	iorw,iorw	
        1385357	     69166	8000a5a0	157d	c.addi	x10,-1	 x10:0x77a475c2 x10=0x77a475c1
        1385457	     69171	8000a5a2	00ef73b3	and	x7,x30,x14	 x30:0x971c5000 x14:0x00068140  x7=0x00040000
        1385477	     69172	8000a5a6	997d	c.andi	x10,-1	 x10:0x77a475c1 x10=0x77a475c1
        1385497	     69173	8000a5a8	862e	c.mv	x12,x11	  x0:0x00000000 x11:0xcbf60000 x12=0xcbf60000
        1385517	     69174	8000a5aa	91c6	c.add	x3,x17	  x3:0xf47e5000 x17:0x00068000  x3=0xf484d000
        1385737	     69185	8000a5ac	34091e73	csrrw	x28,mscratch,x18	 x18:0x00000001 x28=0x00000000
        1385757	     69186	8000a5b0	7f5e4293	xori	x5,x28,2037	 x28:0x00000000  x5=0x000007f5
        1386117	     69204	8000a5b4	1837e713	ori	x14,x15,387	 x15:0x00000000 x14=0x00000183
        1386157	     69206	8000a5b8	026027b3	mulhsu	x15,x0,x6	  x0:0x00000000  x6:0x00017000 x15=0x00000000
        1386177	     69207	8000a5bc	002583b3	add	x7,x11,x2	 x11:0xcbf60000  x2:0x00000000  x7=0xcbf60000
        1386197	     69208	8000a5c0	c58d	c.beqz	x11,8000a5ea	 x11:0xcbf60000
        1386217	     69209	8000a5c2	012a	c.slli	x2,0xa	  x2:0x00000000  x2=0x00000000
        1386337	     69215	8000a5c4	1898	c.addi4spn	x14,x2,112	 x14=0x00000070
        1386357	     69216	8000a5c6	3402f873	csrrci	x16,mscratch,5	 x16=0x00000001
        1386377	     69217	8000a5ca	0062e0b3	or	x1,x5,x6	  x5:0x000007f5  x6:0x00017000  x1=0x000177f5
        1386397	     69218	8000a5ce	cc05	c.beqz	x8,8000a606	  x8:0xb4cfd55e
        1386417	     69219	8000a5d0	0000100f	fence.i	
        1386737	     69235	8000a5d4	00a28c33	add	x24,x5,x10	  x5:0x000007f5 x10:0x77a475c1 x24=0x77a47db6
        1387157	     69256	8000a5d8	02e4a293	slti	x5,x9,46	  x9:0x971c5000  x5=0x00000001
        1387177	     69257	8000a5dc	8c4d	c.or	x8,x11	  x8:0xb4cfd55e x11:0xcbf60000  x8=0xffffd55e
        1387357	     69266	8000a5de	a8727b13	andi	x22,x4,-1401	  x4:0xfffffff6 x22=0xfffffa86
        1388097	     69303	8000a5e2	03424ab3	div	x21,x4,x20	  x4:0xfffffff6 x20:0xf47e5000 x21=0x00000000
        1388117	     69304	8000a5e6	340b5673	csrrwi	x12,mscratch,22	 x12=0x00000000
        1388137	     69305	8000a5ea	54ae4213	xori	x4,x28,1354	 x28:0x00000000  x4=0x0000054a
        1388157	     69306	8000a5ee	414f5793	srai	x15,x30,0x14	 x30:0x971c5000 x15=0xfffff971
        1388897	     69343	8000a5f2	031b4333	div	x6,x22,x17	 x22:0xfffffa86 x17:0x00068000  x6=0x00000000
        1388917	     69344	8000a5f6	021d5e63	bge	x26,x1,8000a632	 x26:0x00000001  x1:0x000177f5
        1388937	     69345	8000a5fa	01b19293	slli	x5,x3,0x1b	  x3:0xf484d000  x5=0x00000000
        1388957	     69346	8000a5fe	8e013f97	auipc	x31,0x8e013	 x31=0x0e01d5fe
        1388977	     69347	8000a602	03a47063	bgeu	x8,x26,8000a622	  x8:0xffffd55e x26:0x00000001
        1389377	     69367	8000a622	ccfa84b7	lui	x9,0xccfa8	  x9=0xccfa8000
        1389397	     69368	8000a626	8d19	c.sub	x10,x14	 x10:0x77a475c1 x14:0x00000070 x10=0x77a47551
        1389417	     69369	8000a628	0001	c.addi	x0,0	  x0:0x00000000  x0=0x00000000
        1389837	     69390	8000a62a	02ef4f63	blt	x30,x14,8000a668	 x30:0x971c5000 x14:0x00000070
        1391137	     69455	8000a668	0001	c.addi	x0,0	  x0:0x00000000  x0=0x00000000
        1391157	     69456	8000a66a	8fa9	c.xor	x15,x10	 x15:0xfffff971 x10:0x77a47551 x15=0x885b8c20
        1391457	     69471	8000a66c	6c49	c.lui	x24,0x12	 x24=0x00012000
        1391477	     69472	8000a66e	8a8a	c.mv	x21,x2	  x0:0x00000000  x2:0x00000000 x21=0x00000000
        1391497	     69473	8000a670	036a6a63	bltu	x20,x22,8000a6a4	 x20:0xf47e5000 x22:0xfffffa86
        1391817	     69489	8000a6a4	517d	c.li	x2,-1	  x2=0xffffffff
        1391837	     69490	8000a6a6	00e69463	bne	x13,x14,8000a6ae	 x13:0x80021e44 x14:0x00000070
        1392877	     69542	8000a6ae	34002273	csrrs	x4,mscratch,x0	  x0:0x00000000  x4=0x00000016
        1392897	     69543	8000a6b2	3408fbf3	csrrci	x23,mscratch,17	 x23=0x00000016
        1392917	     69544	8000a6b6	63ad7d37	lui	x26,0x63ad7	 x26=0x63ad7000
        1392937	     69545	8000a6ba	df1ef793	andi	x15,x29,-527	 x29:0x00000011 x15=0x00000011
        1392957	     69546	8000a6be	6109	c.addi16sp	x2,128	  x2:0xffffffff  x2=0x0000007f
        1392977	     69547	8000a6c0	34087af3	csrrci	x21,mscratch,16	 x21=0x00000006
        1392997	     69548	8000a6c4	0b2a	c.slli	x22,0xa	 x22:0xfffffa86 x22=0xffea1800
        1393417	     69569	8000a6c6	0072ff63	bgeu	x5,x7,8000a6e4	  x5:0x00000000  x7:0xcbf60000
        1393437	     69570	8000a6ca	340e6e73	csrrsi	x28,mscratch,28	 x28=0x00000006
        1393457	     69571	8000a6ce	83b1	c.srli	x15,0xc	 x15:0x00000011 x15=0x00000000
        1393517	     69574	8000a6d0	bfd38213	addi	x4,x7,-1027	  x7:0xcbf60000  x4=0xcbf5fbfd
        1393937	     69595	8000a6d4	8dc1	c.or	x11,x8	 x11:0xcbf60000  x8:0xffffd55e x11=0xffffd55e
        1393957	     69596	8000a6d6	5e31e093	ori	x1,x3,1507	  x3:0xf484d000  x1=0xf484d5e3
        1393977	     69597	8000a6da	9bfd	c.andi	x15,-1	 x15:0x00000000 x15=0x00000000
        1394077	     69602	8000a6dc	00db9213	slli	x4,x23,0xd	 x23:0x00000016  x4=0x0002c000
        1394097	     69603	8000a6e0	4c6bcb13	xori	x22,x23,1222	 x23:0x00000016 x22=0x000004d0
        1394837	     69640	8000a6e4	039f63b3	rem	x7,x30,x25	 x30:0x971c5000 x25:0x0000000a  x7=0xfffffffe
        1394857	     69641	8000a6e8	288faf93	slti	x31,x31,648	 x31:0x0e01d5fe x31=0x00000000
        1394877	     69642	8000a6ec	03e404b3	mul	x9,x8,x30	  x8:0xffffd55e x30:0x971c5000  x9=0xbaf56000
        1394897	     69643	8000a6f0	01bf7833	and	x16,x30,x27	 x30:0x971c5000 x27:0xa169e172 x16=0x81084000
        1394917	     69644	8000a6f4	41015013	srai	x0,x2,0x10	  x2:0x0000007f  x0=0x00000000
        1394937	     69645	8000a6f8	27cb7417	auipc	x8,0x27cb7	  x8=0xa7cc16f8
        1394957	     69646	8000a6fc	cd01	c.beqz	x10,8000a714	 x10:0x77a47551
        1395037	     69650	8000a6fe	34002cf3	csrrs	x25,mscratch,x0	  x0:0x00000000 x25=0x0000001e
        1395237	     69660	8000a702	02e53cb3	mulhu	x25,x10,x14	 x10:0x77a47551 x14:0x00000070 x25=0x00000034
        1395397	     69668	8000a706	bb56fa13	andi	x20,x13,-1099	 x13:0x80021e44 x20=0x80021a04
        1395457	     69671	8000a70a	03e49533	mulh	x10,x9,x30	  x9:0xbaf56000 x30:0x971c5000 x10=0x1c49b8e3
        1395497	     69673	8000a70e	340df1f3	csrrci	x3,mscratch,27	  x3=0x0000001e
        1395517	     69674	8000a712	98fd	c.andi	x9,-1	  x9:0xbaf56000  x9=0xbaf56000
        1395537	     69675	8000a714	01a25c33	srl	x24,x4,x26	  x4:0x0002c000 x26:0x63ad7000 x24=0x0002c000
        1395557	     69676	8000a718	996a	c.add	x18,x26	 x18:0x00000001 x26:0x63ad7000 x18=0x63ad7001
        1395577	     69677	8000a71a	2c199517	auipc	x10,0x2c199	 x10=0xac1a371a
        1395597	     69678	8000a71e	717d	c.addi16sp	x2,-16	  x2:0x0000007f  x2=0x0000006f
        1395717	     69684	8000a720	34006173	csrrsi	x2,mscratch,0	  x2=0x00000004
        1395797	     69688	8000a724	40c188b3	sub	x17,x3,x12	  x3:0x0000001e x12:0x00000000 x17=0x0000001e
        1395817	     69689	8000a728	c495	c.beqz	x9,8000a754	  x9:0xbaf56000
        1396097	     69703	8000a72a	41f5d2b3	sra	x5,x11,x31	 x11:0xffffd55e x31:0x00000000  x5=0xffffd55e
        1396157	     69706	8000a72e	03fe94b3	mulh	x9,x29,x31	 x29:0x00000011 x31:0x00000000  x9=0x00000000
        1396937	     69745	8000a732	027b5733	divu	x14,x22,x7	 x22:0x000004d0  x7:0xfffffffe x14=0x00000000
        1396957	     69746	8000a736	8cd9	c.or	x9,x14	  x9:0x00000000 x14:0x00000000  x9=0x00000000
        1396977	     69747	8000a738	8431	c.srai	x8,0xc	  x8:0xa7cc16f8  x8=0xfffa7cc1
        1396997	     69748	8000a73a	00b1a8b3	slt	x17,x3,x11	  x3:0x0000001e x11:0xffffd55e x17=0x00000000
        1397017	     69749	8000a73e	f8c63093	sltiu	x1,x12,-116	 x12:0x00000000  x1=0x00000001
        1397037	     69750	8000a742	00ea4263	blt	x20,x14,8000a746	 x20:0x80021a04 x14:0x00000000
        1397957	     69796	8000a746	00156a33	or	x20,x10,x1	 x10:0xac1a371a  x1:0x00000001 x20=0xac1a371b
        1397977	     69797	8000a74a	003cdc13	srli	x24,x25,0x3	 x25:0x00000034 x24=0x00000006
        1397997	     69798	8000a74e	818d	c.srli	x11,0x3	 x11:0xffffd55e x11=0x1ffffaab
        1398057	     69801	8000a750	0fb46e37	lui	x28,0xfb46	 x28=0x0fb46000
        1398077	     69802	8000a754	2069aa37	lui	x20,0x2069a	 x20=0x2069a000
        1398137	     69805	8000a758	1188	c.addi4spn	x10,x2,224	 x10=0x000000e4
        1398157	     69806	8000a75a	6909ebb7	lui	x23,0x6909e	 x23=0x6909e000
        1399037	     69850	8000a75e	03e1f7b3	remu	x15,x3,x30	  x3:0x0000001e x30:0x971c5000 x15=0x0000001e
        1399057	     69851	8000a762	5d829f37	lui	x30,0x5d829	 x30=0x5d829000
        1399077	     69852	8000a766	03aefb63	bgeu	x29,x26,8000a79c	 x29:0x00000011 x26:0x63ad7000
        1399097	     69853	8000a76a	a5481ab7	lui	x21,0xa5481	 x21=0xa5481000
        1399117	     69854	8000a76e	408d0e33	sub	x28,x26,x8	 x26:0x63ad7000  x8:0xfffa7cc1 x28=0x63b2f33f
        1399137	     69855	8000a772	0093b833	sltu	x16,x7,x9	  x7:0xfffffffe  x9:0x00000000 x16=0x00000000
        1399157	     69856	8000a776	c40d	c.beqz	x8,8000a7a0	  x8:0xfffa7cc1
        1399177	     69857	8000a778	8ada	c.mv	x21,x22	  x0:0x00000000 x22:0x000004d0 x21=0x000004d0
        1399197	     69858	8000a77a	9f3e	c.add	x30,x15	 x30:0x5d829000 x15:0x0000001e x30=0x5d82901e
        1399937	     69895	8000a77c	03a0fd33	remu	x26,x1,x26	  x1:0x00000001 x26:0x63ad7000 x26=0x00000001
        1399957	     69896	8000a780	843d	c.srai	x8,0xf	  x8:0xfffa7cc1  x8=0xfffffff4
        1399977	     69897	8000a782	03b98b63	beq	x19,x27,8000a7b8	 x19:0x80025ce4 x27:0xa169e172
        1399997	     69898	8000a786	b92bfb13	andi	x22,x23,-1134	 x23:0x6909e000 x22=0x6909e000
        1400017	     69899	8000a78a	01960433	add	x8,x12,x25	 x12:0x00000000 x25:0x00000034  x8=0x00000034
        1400037	     69900	8000a78e	0945	c.addi	x18,17	 x18:0x63ad7001 x18=0x63ad7012
        1400217	     69909	8000a790	34003873	csrrc	x16,mscratch,x0	  x0:0x00000000 x16=0x00000004
        1400237	     69910	8000a794	0078aeb3	slt	x29,x17,x7	 x17:0x00000000  x7:0xfffffffe x29=0x00000000
        1400257	     69911	8000a798	40085613	srai	x12,x16,0x0	 x16:0x00000004 x12=0x00000004
        1400277	     69912	8000a79c	0013e233	or	x4,x7,x1	  x7:0xfffffffe  x1:0x00000001  x4=0xffffffff
        1400297	     69913	8000a7a0	0ea2	c.slli	x29,0x8	 x29:0x00000000 x29=0x00000000
        1400317	     69914	8000a7a2	0f35bf93	sltiu	x31,x11,243	 x11:0x1ffffaab x31=0x00000000
        1400517	     69924	8000a7a6	004cd5b3	srl	x11,x25,x4	 x25:0x00000034  x4:0xffffffff x11=0x00000000
        1400537	     69925	8000a7aa	0001	c.addi	x0,0	  x0:0x00000000  x0=0x00000000
        1401657	     69981	8000a7ac	03294833	div	x16,x18,x18	 x18:0x63ad7012 x18:0x63ad7012 x16=0x00000001
        1401677	     69982	8000a7b0	01304263	blt	x0,x19,8000a7b4	  x0:0x00000000 x19:0x80025ce4
        1401697	     69983	8000a7b4	f135f113	andi	x2,x11,-237	 x11:0x00000000  x2=0x00000000
        1401737	     69985	8000a7b8	c981	c.beqz	x11,8000a7c8	 x11:0x00000000
        1402537	     70025	8000a7c8	0bad	c.addi	x23,11	 x23:0x6909e000 x23=0x6909e00b
        1402697	     70033	8000a7ca	02f6f663	bgeu	x13,x15,8000a7f6	 x13:0x80021e44 x15:0x0000001e
        1403337	     70065	8000a7f6	80cd	c.srli	x9,0x13	  x9:0x00000000  x9=0x00000000
        1403377	     70067	8000a7f8	000d4fb3	xor	x31,x26,x0	 x26:0x00000001  x0:0x00000000 x31=0x00000001
        1403797	     70088	8000a7fc	c09d	c.beqz	x9,8000a822	  x9:0x00000000
        1404477	     70122	8000a822	f9fbcc13	xori	x24,x23,-97	 x23:0x6909e00b x24=0x96f61f94
        1405397	     70168	8000a826	0399c0b3	div	x1,x19,x25	 x19:0x80025ce4 x25:0x00000034  x1=0xfd89e440
        1405417	     70169	8000a82a	4f688413	addi	x8,x17,1270	 x17:0x00000000  x8=0x000004f6
        1405437	     70170	8000a82e	015c07b3	add	x15,x24,x21	 x24:0x96f61f94 x21:0x000004d0 x15=0x96f62464
        1405457	     70171	8000a832	007cbc33	sltu	x24,x25,x7	 x25:0x00000034  x7:0xfffffffe x24=0x00000001
        1405477	     70172	8000a836	8dc1	c.or	x11,x8	 x11:0x00000000  x8:0x000004f6 x11=0x000004f6
        1405597	     70178	8000a838	001a48b3	xor	x17,x20,x1	 x20:0x2069a000  x1:0xfd89e440 x17=0xdde04440
        1405617	     70179	8000a83c	02179a63	bne	x15,x1,8000a870	 x15:0x96f62464  x1:0xfd89e440
        1406757	     70236	8000a870	015cb4b3	sltu	x9,x25,x21	 x25:0x00000034 x21:0x000004d0  x9=0x00000001
        1406837	     70240	8000a874	1a7d	c.addi	x20,-1	 x20:0x2069a000 x20=0x20699fff
        1406877	     70242	8000a876	02dcb933	mulhu	x18,x25,x13	 x25:0x00000034 x13:0x80021e44 x18=0x0000001a
        1406897	     70243	8000a87a	0001	c.addi	x0,0	  x0:0x00000000  x0=0x00000000
        1406917	     70244	8000a87c	0000100f	fence.i	
        1407097	     70253	8000a880	cf388013	addi	x0,x17,-781	 x17:0xdde04440  x0=0x00000000
        1407117	     70254	8000a884	41f25c13	srai	x24,x4,0x1f	  x4:0xffffffff x24=0xffffffff
        1407537	     70275	8000a888	34009e73	csrrw	x28,mscratch,x1	  x1:0xfd89e440 x28=0x00000004
        1407957	     70296	8000a88c	01bff563	bgeu	x31,x27,8000a896	 x31:0x00000001 x27:0xa169e172
        1407977	     70297	8000a890	34003873	csrrc	x16,mscratch,x0	  x0:0x00000000 x16=0xfd89e440
        1407997	     70298	8000a894	0832	c.slli	x16,0xc	 x16:0xfd89e440 x16=0x9e440000
        1408417	     70319	8000a896	01a2d613	srli	x12,x5,0x1a	  x5:0xffffd55e x12=0x0000003f
        1408437	     70320	8000a89a	98233f13	sltiu	x30,x6,-1662	  x6:0x00000000 x30=0x00000001
        1408457	     70321	8000a89e	0325d763	bge	x11,x18,8000a8cc	 x11:0x000004f6 x18:0x0000001a
        1408817	     70339	8000a8cc	0001	c.addi	x0,0	  x0:0x00000000  x0=0x00000000
        1408837	     70340	8000a8ce	8ce1	c.and	x9,x8	  x9:0x00000001  x8:0x000004f6  x9=0x00000000
        1409257	     70361	8000a8d0	03a0b233	mulhu	x4,x1,x26	  x1:0xfd89e440 x26:0x00000001  x4=0x00000000
        1409997	     70398	8000a8d4	037e7433	remu	x8,x28,x23	 x28:0x00000004 x23:0x6909e00b  x8=0x00000004
        1410017	     70399	8000a8d8	cb05	c.beqz	x14,8000a908	 x14:0x00000000
        1410277	     70412	8000a908	0000100f	fence.i	
        1411237	     70460	8000a90c	00186033	or	x0,x16,x1	 x16:0x9e440000  x1:0xfd89e440  x0=0x00000000
        1411517	     70474	8000a910	012c9313	slli	x6,x25,0x12	 x25:0x00000034  x6=0x00d00000
        1411557	     70476	8000a914	034338b3	mulhu	x17,x6,x20	  x6:0x00d00000 x20:0x20699fff x17=0x001a55d1
        1411677	     70482	8000a918	0001	c.addi	x0,0	  x0:0x00000000  x0=0x00000000
        1411817	     70489	8000a91a	34002473	csrrs	x8,mscratch,x0	  x0:0x00000000  x8=0xfd89e440
        1411897	     70493	8000a91e	02fa2333	mulhsu	x6,x20,x15	 x20:0x20699fff x15:0x96f62464  x6=0x131d0dda
        1411917	     70494	8000a922	8e8a	c.mv	x29,x2	  x0:0x00000000  x2:0x00000000 x29=0x00000000
        1411977	     70497	8000a924	012f0a63	beq	x30,x18,8000a938	 x30:0x00000001 x18:0x0000001a
        1412177	     70507	8000a928	85f2	c.mv	x11,x28	  x0:0x00000000 x28:0x00000004 x11=0x00000004
        1412197	     70508	8000a92a	01c38533	add	x10,x7,x28	  x7:0xfffffffe x28:0x00000004 x10=0x00000002
        1412217	     70509	8000a92e	01b0d113	srli	x2,x1,0x1b	  x1:0xfd89e440  x2=0x0000001f
        1412297	     70513	8000a932	03ab3bb3	mulhu	x23,x22,x26	 x22:0x6909e000 x26:0x00000001 x23=0x00000000
        1412317	     70514	8000a936	0001	c.addi	x0,0	  x0:0x00000000  x0=0x00000000
        1412337	     70515	8000a938	8fb1	c.xor	x15,x12	 x15:0x96f62464 x12:0x0000003f x15=0x96f6245b
        1412397	     70518	8000a93a	0ff0000f	fence	iorw,iorw	
        1412817	     70539	8000a93e	f82b3317	auipc	x6,0xf82b3	  x6=0x782bd93e
        1413077	     70552	8000a942	0046a083	lw	x1,4(x13)	 x13:0x80021e44  x1=0x800033e0 PA:0x80021e48 load:0x800033e0
        1413097	     70553	8000a946	02068693	addi	x13,x13,32	 x13:0x80021e44 x13=0x80021e64
        1413117	     70554	8000a94a	3a8d8a13	addi	x20,x27,936	 x27:0xa169e172 x20=0xa169e51a
        1413137	     70555	8000a94e	0085	c.addi	x1,1	  x1:0x800033e0  x1=0x800033e1
        1413157	     70556	8000a950	9082	c.jalr	x1	  x1:0x800033e1  x1=0x8000a952
        1413357	     70566	800033e0	e142f493	andi	x9,x5,-492	  x5:0xffffd55e  x9=0xffffd414
        1413417	     70569	800033e4	01f62c33	slt	x24,x12,x31	 x12:0x0000003f x31:0x00000001 x24=0x00000000
        1413697	     70583	800033e8	8671	c.srai	x12,0x1c	 x12:0x0000003f x12=0x00000000
        1413877	     70592	800033ea	00007217	auipc	x4,0x7	  x4=0x8000a3ea
        1413897	     70593	800033ee	56820213	addi	x4,x4,1384	  x4:0x8000a3ea  x4=0x8000a952
        1413917	     70594	800033f2	02af0eb3	mul	x29,x30,x10	 x30:0x00000001 x10:0x00000002 x29=0x00000002
        1413937	     70595	800033f6	015d9813	slli	x16,x27,0x15	 x27:0xa169e172 x16=0x2e400000
        1413957	     70596	800033fa	dc920213	addi	x4,x4,-567	  x4:0x8000a952  x4=0x8000a71b
        1413997	     70598	800033fe	003af663	bgeu	x21,x3,8000340a	 x21:0x000004d0  x3:0x0000001e
        1414217	     70609	8000340a	237200e7	jalr	x1,567(x4)	  x4:0x8000a71b  x1=0x8000340e
        1415117	     70654	8000a952	fd468693	addi	x13,x13,-44	 x13:0x80021e64 x13=0x80021e38
        1415157	     70656	8000a956	09f81197	auipc	x3,0x9f81	  x3=0x89f8b956
        1415717	     70684	8000a95a	0016a223	sw	x1,4(x13)	 x13:0x80021e38  x1:0x8000340e PA:0x80021e3c store:0x8000340e
        1415917	     70694	8000a95e	024f22b3	mulhsu	x5,x30,x4	 x30:0x00000001  x4:0x8000a71b  x5=0x00000000
        1416077	     70702	8000a962	009d1133	sll	x2,x26,x9	 x26:0x00000001  x9:0xffffd414  x2=0x00100000
        1416497	     70723	8000a966	004601b3	add	x3,x12,x4	 x12:0x00000000  x4:0x8000a71b  x3=0x8000a71b
        1416577	     70727	8000a96a	3407fd73	csrrci	x26,mscratch,15	 x26=0xfd89e440
        1417317	     70764	8000a96e	03246a33	rem	x20,x8,x18	  x8:0xfd89e440 x18:0x0000001a x20=0xffffffe8
        1417337	     70765	8000a972	03818163	beq	x3,x24,8000a994	  x3:0x8000a71b x24:0x00000000
        1418077	     70802	8000a976	02106bb3	rem	x23,x0,x1	  x0:0x00000000  x1:0x8000340e x23=0x00000000
        1418097	     70803	8000a97a	01972033	slt	x0,x14,x25	 x14:0x00000000 x25:0x00000034  x0=0x00000000
        1418117	     70804	8000a97e	340e7ef3	csrrci	x29,mscratch,28	 x29=0xfd89e440
        1418137	     70805	8000a982	0026b333	sltu	x6,x13,x2	 x13:0x80021e38  x2:0x00100000  x6=0x00000000
        1418157	     70806	8000a986	6129	c.addi16sp	x2,192	  x2:0x00100000  x2=0x001000c0
        1418177	     70807	8000a988	12967313	andi	x6,x12,297	 x12:0x00000000  x6=0x00000000
        1418197	     70808	8000a98c	00e9afb3	slt	x31,x19,x14	 x19:0x80025ce4 x14:0x00000000 x31=0x00000001
        1418537	     70825	8000a990	0000100f	fence.i	
        1419157	     70856	8000a994	cc427b93	andi	x23,x4,-828	  x4:0x8000a71b x23=0x8000a400
        1419297	     70863	8000a998	856e	c.mv	x10,x27	  x0:0x00000000 x27:0xa169e172 x10=0xa169e172
        1420037	     70900	8000a99a	0340e2b3	rem	x5,x1,x20	  x1:0x8000340e x20:0xffffffe8  x5=0xfffffffe
        1420057	     70901	8000a99e	9e617713	andi	x14,x2,-1562	  x2:0x001000c0 x14=0x001000c0
        1420517	     70924	8000a9a2	0046a083	lw	x1,4(x13)	 x13:0x80021e38  x1=0x8000340e PA:0x80021e3c load:0x8000340e
        1420537	     70925	8000a9a6	8d91	c.sub	x11,x12	 x11:0x00000004 x12:0x00000000 x11=0x00000004
        1431457	     71471	8000a9a8	0000100f	fence.i	
        1431577	     71477	8000a9ac	02c68693	addi	x13,x13,44	 x13:0x80021e38 x13=0x80021e64
        1431597	     71478	8000a9b0	340b6cf3	csrrsi	x25,mscratch,22	 x25=0xfd89e440
        1431617	     71479	8000a9b4	8d65	c.and	x10,x9	 x10:0xa169e172  x9:0xffffd414 x10=0xa169c010
        1431637	     71480	8000a9b6	00108c13	addi	x24,x1,1	  x1:0x8000340e x24=0x8000340f
        1431657	     71481	8000a9ba	9c02	c.jalr	x24	 x24:0x8000340f  x1=0x8000a9bc
        1432017	     71499	8000340e	0181cb33	xor	x22,x3,x24	  x3:0x8000a71b x24:0x8000340f x22=0x00009314
        1432057	     71501	80003412	036227b3	mulhsu	x15,x4,x22	  x4:0x8000a71b x22:0x00009314 x15=0xffffb676
        1432077	     71502	80003416	8df1	c.and	x11,x12	 x11:0x00000004 x12:0x00000000 x11=0x00000000
        1432177	     71507	80003418	9d890f93	addi	x31,x18,-1576	 x18:0x0000001a x31=0xfffff9f2
        1432217	     71509	8000341c	02b07933	remu	x18,x0,x11	  x0:0x00000000 x11:0x00000000 x18=0x00000000
        1432237	     71510	80003420	0e18	c.addi4spn	x14,x2,784	 x14=0x001003d0
        1432257	     71511	80003422	1d98	c.addi4spn	x14,x2,752	 x14=0x001003b0
        1432277	     71512	80003424	40cd	c.li	x1,19	  x1=0x00000013
        1432557	     71526	80003426	34039473	csrrw	x8,mscratch,x7	  x7:0xfffffffe  x8=0xfd89e456
        1432657	     71531	8000342a	0000100f	fence.i	
        1433417	     71569	8000342e	8f89	c.sub	x15,x10	 x15:0xffffb676 x10:0xa169c010 x15=0x5e95f666
        1433437	     71570	80003430	01374033	xor	x0,x14,x19	 x14:0x001003b0 x19:0x80025ce4  x0=0x00000000
        1433457	     71571	80003434	d8a3e313	ori	x6,x7,-630	  x7:0xfffffffe  x6=0xfffffffe
        1433497	     71573	80003438	0001	c.addi	x0,0	  x0:0x00000000  x0=0x00000000
        1433597	     71578	8000343a	010c3b33	sltu	x22,x24,x16	 x24:0x8000340f x16:0x2e400000 x22=0x00000000
        1433997	     71598	8000343e	340913f3	csrrw	x7,mscratch,x18	 x18:0x00000000  x7=0xfffffffe
        1434017	     71599	80003442	98a96a13	ori	x20,x18,-1654	 x18:0x00000000 x20=0xfffff98a
        1434037	     71600	80003446	0001	c.addi	x0,0	  x0:0x00000000  x0=0x00000000
        1434437	     71620	80003448	cb05	c.beqz	x14,80003478	 x14:0x001003b0
        1435177	     71657	8000344a	037ae0b3	rem	x1,x21,x23	 x21:0x000004d0 x23:0x8000a400  x1=0x000004d0
        1435197	     71658	8000344e	25a8e517	auipc	x10,0x25a8e	 x10=0xa5a9144e
        1435217	     71659	80003452	9422	c.add	x8,x8	  x8:0xfd89e456  x8:0xfd89e456  x8=0xfb13c8ac
        1435237	     71660	80003454	41a95eb3	sra	x29,x18,x26	 x18:0x00000000 x26:0xfd89e440 x29=0x00000000
        1435257	     71661	80003458	00ad64b3	or	x9,x26,x10	 x26:0xfd89e440 x10:0xa5a9144e  x9=0xfda9f44e
        1435497	     71673	8000345c	f7f8a793	slti	x15,x17,-129	 x17:0x001a55d1 x15=0x00000000
        1435517	     71674	80003460	8ddd	c.or	x11,x15	 x11:0x00000000 x15:0x00000000 x11=0x00000000
        1435537	     71675	80003462	06d0e163	bltu	x1,x13,800034c4	  x1:0x000004d0 x13:0x80021e64
        1436097	     71703	800034c4	2fff0893	addi	x17,x30,767	 x30:0x00000001 x17=0x00000300
        1436457	     71721	800034c8	02b59933	mulh	x18,x11,x11	 x11:0x00000000 x11:0x00000000 x18=0x00000000
        1436857	     71741	800034cc	02fdd463	bge	x27,x15,800034f4	 x27:0xa169e172 x15:0x00000000
        1437297	     71763	800034d0	033c1333	mulh	x6,x24,x19	 x24:0x8000340f x19:0x80025ce4  x6=0x3ffeb786
        1437717	     71784	800034d4	02e83bb3	mulhu	x23,x16,x14	 x16:0x2e400000 x14:0x001003b0 x23=0x0002e4aa
        1438037	     71800	800034d8	01de9c33	sll	x24,x29,x29	 x29:0x00000000 x29:0x00000000 x24=0x00000000
        1438057	     71801	800034dc	5bfd	c.li	x23,-1	 x23=0xffffffff
        1438077	     71802	800034de	407dd293	srai	x5,x27,0x7	 x27:0xa169e172  x5=0xff42d3c2
        1438097	     71803	800034e2	032e1a63	bne	x28,x18,80003516	 x28:0x00000004 x18:0x00000000
        1438857	     71841	80003516	0ff0000f	fence	iorw,iorw	
        1438877	     71842	8000351a	e61d	c.bnez	x12,80003548	 x12:0x00000000
        1438897	     71843	8000351c	8b4e	c.mv	x22,x19	  x0:0x00000000 x19:0x80025ce4 x22=0x80025ce4
        1439797	     71888	8000351e	039373b3	remu	x7,x6,x25	  x6:0x3ffeb786 x25:0xfd89e440  x7=0x3ffeb786
        1439817	     71889	80003522	8901	c.andi	x10,0	 x10:0xa5a9144e x10=0x00000000
        1439837	     71890	80003524	0102cb33	xor	x22,x5,x16	  x5:0xff42d3c2 x16:0x2e400000 x22=0xd102d3c2
        1439857	     71891	80003528	03298ab3	mul	x21,x19,x18	 x19:0x80025ce4 x18:0x00000000 x21=0x00000000
        1439897	     71893	8000352c	02ab6c33	rem	x24,x22,x10	 x22:0xd102d3c2 x10:0x00000000 x24=0xd102d3c2
        1440637	     71930	80003530	028ff033	remu	x0,x31,x8	 x31:0xfffff9f2  x8:0xfb13c8ac  x0=0x00000000
        1440657	     71931	80003534	025b1463	bne	x22,x5,8000355c	 x22:0xd102d3c2  x5:0xff42d3c2
        1440837	     71940	8000355c	340060f3	csrrsi	x1,mscratch,0	  x1=0x00000000
        1441217	     71959	80003560	41235eb3	sra	x29,x6,x18	  x6:0x3ffeb786 x18:0x00000000 x29=0x3ffeb786
        1441237	     71960	80003564	00db0d33	add	x26,x22,x13	 x22:0xd102d3c2 x13:0x80021e64 x26=0x5104f226
        1442117	     72004	80003568	03b46233	rem	x4,x8,x27	  x8:0xfb13c8ac x27:0xa169e172  x4=0xfb13c8ac
        1442137	     72005	8000356c	01a24f63	blt	x4,x26,8000358a	  x4:0xfb13c8ac x26:0x5104f226
        1442477	     72022	8000358a	c48d	c.beqz	x9,800035b4	  x9:0xfda9f44e
        1442897	     72043	8000358c	414a5e93	srai	x29,x20,0x14	 x20:0xfffff98a x29=0xffffffff
        1442917	     72044	80003590	031a6763	bltu	x20,x17,800035be	 x20:0xfffff98a x17:0x00000300
        1442937	     72045	80003594	6125	c.addi16sp	x2,96	  x2:0x001000c0  x2=0x00100120
        1442957	     72046	80003596	07cf2c13	slti	x24,x30,124	 x30:0x00000001 x24=0x00000001
        1442977	     72047	8000359a	ce721c37	lui	x24,0xce721	 x24=0xce721000
        1443057	     72051	8000359e	03eb3a33	mulhu	x20,x22,x30	 x22:0xd102d3c2 x30:0x00000001 x20=0x00000000
        1443077	     72052	800035a2	00afd4b3	srl	x9,x31,x10	 x31:0xfffff9f2 x10:0x00000000  x9=0xfffff9f2
        1443097	     72053	800035a6	8d85	c.sub	x11,x9	 x11:0x00000000  x9:0xfffff9f2 x11=0x0000060e
        1443117	     72054	800035a8	02a88933	mul	x18,x17,x10	 x17:0x00000300 x10:0x00000000 x18=0x00000000
        1443137	     72055	800035ac	0ff0000f	fence	iorw,iorw	
        1444037	     72100	800035b0	03bd6833	rem	x16,x26,x27	 x26:0x5104f226 x27:0xa169e172 x16=0x5104f226
        1444057	     72101	800035b4	8ab2	c.mv	x21,x12	  x0:0x00000000 x12:0x00000000 x21=0x00000000
        1444077	     72102	800035b6	01dbd633	srl	x12,x23,x29	 x23:0xffffffff x29:0xffffffff x12=0x00000001
        1444097	     72103	800035ba	0000100f	fence.i	
        1444317	     72114	800035be	8fa1	c.xor	x15,x8	 x15:0x00000000  x8:0xfb13c8ac x15=0xfb13c8ac
        1444677	     72132	800035c0	597d	c.li	x18,-1	 x18=0xffffffff
        1444697	     72133	800035c2	0001	c.addi	x0,0	  x0:0x00000000  x0=0x00000000
        1444877	     72142	800035c4	0ff0000f	fence	iorw,iorw	
        1444977	     72147	800035c8	e899	c.bnez	x9,800035de	  x9:0xfffff9f2
        1445537	     72175	800035de	6089	c.lui	x1,0x2	  x1=0x00002000
        1445557	     72176	800035e0	ffffdd97	auipc	x27,0xffffd	 x27=0x800005e0
        1445637	     72180	800035e4	d9ad8d93	addi	x27,x27,-614	 x27:0x800005e0 x27=0x8000037a
        1445657	     72181	800035e8	000d8067	jalr	x0,0(x27)	 x27:0x8000037a  x0=0x00000000
        1446657	     72231	8000037a	90000f37	lui	x30,0x90000	 x30=0x90000000
        1446677	     72232	8000037e	1f61	c.addi	x30,-8	 x30:0x90000000 x30=0x8ffffff8
        1447037	     72250	80000380	4c01	c.li	x24,0	 x24=0x00000000
        1447057	     72251	80000382	0c22	c.slli	x24,0x8	 x24:0x00000000 x24=0x00000000
        1447237	     72260	80000384	0c05	c.addi	x24,1	 x24:0x00000000 x24=0x00000001
        1447297	     72263	80000386	018f2023	sw	x24,0(x30)	 x30:0x8ffffff8 x24:0x00000001 PA:0x8ffffff8 store:0x00000001
        1447317	     72264	8000038a	00000073	ecall	
        1447517	     72274	80002600	0800006f	jal	x0,80002680	  x0=0x00000000
        1465197	     73158	80002680	19f1	c.addi	x19,-4	 x19:0x80025ce4 x19=0x80025ce0
        1465657	     73181	80002682	00d9a023	sw	x13,0(x19)	 x19:0x80025ce0 x13:0x80021e64 PA:0x80025ce0 store:0x80021e64
        1465677	     73182	80002686	000986b3	add	x13,x19,x0	 x19:0x80025ce0  x0:0x00000000 x13=0x80025ce0
        1465777	     73187	8000268a	f8068693	addi	x13,x13,-128	 x13:0x80025ce0 x13=0x80025c60
        1466637	     73230	8000268e	0016a223	sw	x1,4(x13)	 x13:0x80025c60  x1:0x00002000 PA:0x80025c64 store:0x00002000
        1466717	     73234	80002692	0026a423	sw	x2,8(x13)	 x13:0x80025c60  x2:0x00100120 PA:0x80025c68 store:0x00100120
        1466917	     73244	80002696	0036a623	sw	x3,12(x13)	 x13:0x80025c60  x3:0x8000a71b PA:0x80025c6c store:0x8000a71b
        1466977	     73247	8000269a	0046a823	sw	x4,16(x13)	 x13:0x80025c60  x4:0xfb13c8ac PA:0x80025c70 store:0xfb13c8ac
        1466997	     73248	8000269e	0056aa23	sw	x5,20(x13)	 x13:0x80025c60  x5:0xff42d3c2 PA:0x80025c74 store:0xff42d3c2
        1467217	     73259	800026a2	0066ac23	sw	x6,24(x13)	 x13:0x80025c60  x6:0x3ffeb786 PA:0x80025c78 store:0x3ffeb786
        1467617	     73279	800026a6	0076ae23	sw	x7,28(x13)	 x13:0x80025c60  x7:0x3ffeb786 PA:0x80025c7c store:0x3ffeb786
        1467677	     73282	800026aa	d280	c.sw	x8,32(x13)	 x13:0x80025c60  x8:0xfb13c8ac PA:0x80025c80 store:0xfb13c8ac
        1467717	     73284	800026ac	d2c4	c.sw	x9,36(x13)	 x13:0x80025c60  x9:0xfffff9f2 PA:0x80025c84 store:0xfffff9f2
        1468017	     73299	800026ae	d688	c.sw	x10,40(x13)	 x13:0x80025c60 x10:0x00000000 PA:0x80025c88 store:0x00000000
        1468077	     73302	800026b0	d6cc	c.sw	x11,44(x13)	 x13:0x80025c60 x11:0x0000060e PA:0x80025c8c store:0x0000060e
        1468217	     73309	800026b2	da90	c.sw	x12,48(x13)	 x13:0x80025c60 x12:0x00000001 PA:0x80025c90 store:0x00000001
        1468277	     73312	800026b4	dad4	c.sw	x13,52(x13)	 x13:0x80025c60 x13:0x80025c60 PA:0x80025c94 store:0x80025c60
        1468297	     73313	800026b6	de98	c.sw	x14,56(x13)	 x13:0x80025c60 x14:0x001003b0 PA:0x80025c98 store:0x001003b0
        1468717	     73334	800026b8	dedc	c.sw	x15,60(x13)	 x13:0x80025c60 x15:0xfb13c8ac PA:0x80025c9c store:0xfb13c8ac
        1469177	     73357	800026ba	0506a023	sw	x16,64(x13)	 x13:0x80025c60 x16:0x5104f226 PA:0x80025ca0 store:0x5104f226
        1469237	     73360	800026be	0516a223	sw	x17,68(x13)	 x13:0x80025c60 x17:0x00000300 PA:0x80025ca4 store:0x00000300
        1469257	     73361	800026c2	0526a423	sw	x18,72(x13)	 x13:0x80025c60 x18:0xffffffff PA:0x80025ca8 store:0xffffffff
        1469817	     73389	800026c6	0536a623	sw	x19,76(x13)	 x13:0x80025c60 x19:0x80025ce0 PA:0x80025cac store:0x80025ce0
        1470077	     73402	800026ca	0546a823	sw	x20,80(x13)	 x13:0x80025c60 x20:0x00000000 PA:0x80025cb0 store:0x00000000
        1470497	     73423	800026ce	0556aa23	sw	x21,84(x13)	 x13:0x80025c60 x21:0x00000000 PA:0x80025cb4 store:0x00000000
        1470677	     73432	800026d2	0566ac23	sw	x22,88(x13)	 x13:0x80025c60 x22:0xd102d3c2 PA:0x80025cb8 store:0xd102d3c2
        1470737	     73435	800026d6	0576ae23	sw	x23,92(x13)	 x13:0x80025c60 x23:0xffffffff PA:0x80025cbc store:0xffffffff
        1471157	     73456	800026da	0786a023	sw	x24,96(x13)	 x13:0x80025c60 x24:0x00000001 PA:0x80025cc0 store:0x00000001
        1471217	     73459	800026de	0796a223	sw	x25,100(x13)	 x13:0x80025c60 x25:0xfd89e440 PA:0x80025cc4 store:0xfd89e440
        1471237	     73460	800026e2	07a6a423	sw	x26,104(x13)	 x13:0x80025c60 x26:0x5104f226 PA:0x80025cc8 store:0x5104f226
        1471337	     73465	800026e6	07b6a623	sw	x27,108(x13)	 x13:0x80025c60 x27:0x8000037a PA:0x80025ccc store:0x8000037a
        1471617	     73479	800026ea	07c6a823	sw	x28,112(x13)	 x13:0x80025c60 x28:0x00000004 PA:0x80025cd0 store:0x00000004
        1471677	     73482	800026ee	07d6aa23	sw	x29,116(x13)	 x13:0x80025c60 x29:0xffffffff PA:0x80025cd4 store:0xffffffff
        1471717	     73484	800026f2	07e6ac23	sw	x30,120(x13)	 x13:0x80025c60 x30:0x8ffffff8 PA:0x80025cd8 store:0x8ffffff8
        1471737	     73485	800026f6	07f6ae23	sw	x31,124(x13)	 x13:0x80025c60 x31:0xfffff9f2 PA:0x80025cdc store:0xfffff9f2
        1471837	     73490	800026fa	000689b3	add	x19,x13,x0	 x13:0x80025c60  x0:0x00000000 x19=0x80025c60
        1472257	     73511	800026fe	90000f37	lui	x30,0x90000	 x30=0x90000000
        1472277	     73512	80002702	1f71	c.addi	x30,-4	 x30:0x90000000 x30=0x8ffffffc
        1472297	     73513	80002704	4c21	c.li	x24,8	 x24=0x00000008
        1472317	     73514	80002706	0c22	c.slli	x24,0x8	 x24:0x00000008 x24=0x00000800
        1472337	     73515	80002708	000c0c13	addi	x24,x24,0	 x24:0x00000800 x24=0x00000800
        1472577	     73527	8000270c	018f2023	sw	x24,0(x30)	 x30:0x8ffffffc x24:0x00000800 PA:0x8ffffffc store:0x00000800
        1472597	     73528	80002710	34102c73	csrrs	x24,mepc,x0	  x0:0x00000000 x24=0x8000038a
        1472617	     73529	80002714	34202c73	csrrs	x24,mcause,x0	  x0:0x00000000 x24=0x0000000b
        1472637	     73530	80002718	4f0d	c.li	x30,3	 x30=0x00000003
        1472737	     73535	8000271a	01ec1463	bne	x24,x30,80002722	 x24:0x0000000b x30:0x00000003
        1472897	     73543	80002722	4f21	c.li	x30,8	 x30=0x00000008
        1472957	     73546	80002724	05ec0d63	beq	x24,x30,8000277e	 x24:0x0000000b x30:0x00000008
        1473197	     73558	80002728	4f25	c.li	x30,9	 x30=0x00000009
        1473217	     73559	8000272a	05ec0a63	beq	x24,x30,8000277e	 x24:0x0000000b x30:0x00000009
        1473237	     73560	8000272e	4f2d	c.li	x30,11	 x30=0x0000000b
        1473257	     73561	80002730	05ec0763	beq	x24,x30,8000277e	 x24:0x0000000b x30:0x0000000b
        1473857	     73591	8000277e	90000f37	lui	x30,0x90000	 x30=0x90000000
        1473877	     73592	80002782	1f71	c.addi	x30,-4	 x30:0x90000000 x30=0x8ffffffc
        1473917	     73594	80002784	6c05	c.lui	x24,0x1	 x24=0x00001000
        1474337	     73615	80002786	b00c0c13	addi	x24,x24,-1280	 x24:0x00001000 x24=0x00000b00
        1474357	     73616	8000278a	0c22	c.slli	x24,0x8	 x24:0x00000b00 x24=0x000b0000
        1474377	     73617	8000278c	0c0d	c.addi	x24,3	 x24:0x000b0000 x24=0x000b0003
        1474817	     73639	8000278e	018f2023	sw	x24,0(x30)	 x30:0x8ffffffc x24:0x000b0003 PA:0x8ffffffc store:0x000b0003
        1474837	     73640	80002792	b0002c73	csrrs	x24,mcycle,x0	  x0:0x00000000 x24=0x00011fa5
        1474937	     73645	80002796	018f2023	sw	x24,0(x30)	 x30:0x8ffffffc x24:0x00011fa5 PA:0x8ffffffc store:0x00011fa5
        1474957	     73646	8000279a	90000f37	lui	x30,0x90000	 x30=0x90000000
        1474977	     73647	8000279e	1f71	c.addi	x30,-4	 x30:0x90000000 x30=0x8ffffffc
        1474997	     73648	800027a0	6c05	c.lui	x24,0x1	 x24=0x00001000
        1475037	     73650	800027a2	b80c0c13	addi	x24,x24,-1152	 x24:0x00001000 x24=0x00000b80
        1475057	     73651	800027a6	0c22	c.slli	x24,0x8	 x24:0x00000b80 x24=0x000b8000
        1475457	     73671	800027a8	0c0d	c.addi	x24,3	 x24:0x000b8000 x24=0x000b8003
        1475657	     73681	800027aa	018f2023	sw	x24,0(x30)	 x30:0x8ffffffc x24:0x000b8003 PA:0x8ffffffc store:0x000b8003
        1475677	     73682	800027ae	b8002c73	csrrs	x24,mcycleh,x0	  x0:0x00000000 x24=0x00000000
        1476497	     73723	800027b2	018f2023	sw	x24,0(x30)	 x30:0x8ffffffc x24:0x00000000 PA:0x8ffffffc store:0x00000000
        1476517	     73724	800027b6	90000f37	lui	x30,0x90000	 x30=0x90000000
        1476537	     73725	800027ba	1f71	c.addi	x30,-4	 x30:0x90000000 x30=0x8ffffffc
        1476557	     73726	800027bc	6c05	c.lui	x24,0x1	 x24=0x00001000
        1476577	     73727	800027be	b03c0c13	addi	x24,x24,-1277	 x24:0x00001000 x24=0x00000b03
        1476597	     73728	800027c2	0c22	c.slli	x24,0x8	 x24:0x00000b03 x24=0x000b0300
        1476617	     73729	800027c4	0c0d	c.addi	x24,3	 x24:0x000b0300 x24=0x000b0303
        1476677	     73732	800027c6	018f2023	sw	x24,0(x30)	 x30:0x8ffffffc x24:0x000b0303 PA:0x8ffffffc store:0x000b0303
        1476817	     73739	800027ca	b0302c73	csrrs	x24,mhpmcounter3,x0	  x0:0x00000000 x24=0x000000ed
        1477257	     73761	800027ce	018f2023	sw	x24,0(x30)	 x30:0x8ffffffc x24:0x000000ed PA:0x8ffffffc store:0x000000ed
        1477277	     73762	800027d2	90000f37	lui	x30,0x90000	 x30=0x90000000
        1477297	     73763	800027d6	1f71	c.addi	x30,-4	 x30:0x90000000 x30=0x8ffffffc
        1477317	     73764	800027d8	6c05	c.lui	x24,0x1	 x24=0x00001000
        1477517	     73774	800027da	b83c0c13	addi	x24,x24,-1149	 x24:0x00001000 x24=0x00000b83
        1477537	     73775	800027de	0c22	c.slli	x24,0x8	 x24:0x00000b83 x24=0x000b8300
        1477557	     73776	800027e0	0c0d	c.addi	x24,3	 x24:0x000b8300 x24=0x000b8303
        1478017	     73799	800027e2	018f2023	sw	x24,0(x30)	 x30:0x8ffffffc x24:0x000b8303 PA:0x8ffffffc store:0x000b8303
        1478037	     73800	800027e6	b8302c73	csrrs	x24,mhpmcounter3h,x0	  x0:0x00000000 x24=0x00000000
        1478097	     73803	800027ea	018f2023	sw	x24,0(x30)	 x30:0x8ffffffc x24:0x00000000 PA:0x8ffffffc store:0x00000000
        1478117	     73804	800027ee	90000f37	lui	x30,0x90000	 x30=0x90000000
        1478137	     73805	800027f2	1f71	c.addi	x30,-4	 x30:0x90000000 x30=0x8ffffffc
        1478157	     73806	800027f4	6c05	c.lui	x24,0x1	 x24=0x00001000
        1478177	     73807	800027f6	b04c0c13	addi	x24,x24,-1276	 x24:0x00001000 x24=0x00000b04
        1478197	     73808	800027fa	0c22	c.slli	x24,0x8	 x24:0x00000b04 x24=0x000b0400
        1478217	     73809	800027fc	0c0d	c.addi	x24,3	 x24:0x000b0400 x24=0x000b0403
        1478277	     73812	800027fe	018f2023	sw	x24,0(x30)	 x30:0x8ffffffc x24:0x000b0403 PA:0x8ffffffc store:0x000b0403
        1478297	     73813	80002802	b0402c73	csrrs	x24,mhpmcounter4,x0	  x0:0x00000000 x24=0x00008963
        1478537	     73825	80002806	018f2023	sw	x24,0(x30)	 x30:0x8ffffffc x24:0x00008963 PA:0x8ffffffc store:0x00008963
        1478557	     73826	8000280a	90000f37	lui	x30,0x90000	 x30=0x90000000
        1478577	     73827	8000280e	1f71	c.addi	x30,-4	 x30:0x90000000 x30=0x8ffffffc
        1478597	     73828	80002810	6c05	c.lui	x24,0x1	 x24=0x00001000
        1478617	     73829	80002812	b84c0c13	addi	x24,x24,-1148	 x24:0x00001000 x24=0x00000b84
        1478637	     73830	80002816	0c22	c.slli	x24,0x8	 x24:0x00000b84 x24=0x000b8400
        1478657	     73831	80002818	0c0d	c.addi	x24,3	 x24:0x000b8400 x24=0x000b8403
        1478797	     73838	8000281a	018f2023	sw	x24,0(x30)	 x30:0x8ffffffc x24:0x000b8403 PA:0x8ffffffc store:0x000b8403
        1478937	     73845	8000281e	b8402c73	csrrs	x24,mhpmcounter4h,x0	  x0:0x00000000 x24=0x00000000
        1479337	     73865	80002822	018f2023	sw	x24,0(x30)	 x30:0x8ffffffc x24:0x00000000 PA:0x8ffffffc store:0x00000000
        1479617	     73879	80002826	90000f37	lui	x30,0x90000	 x30=0x90000000
        1479637	     73880	8000282a	1f71	c.addi	x30,-4	 x30:0x90000000 x30=0x8ffffffc
        1479657	     73881	8000282c	6c05	c.lui	x24,0x1	 x24=0x00001000
        1479677	     73882	8000282e	b05c0c13	addi	x24,x24,-1275	 x24:0x00001000 x24=0x00000b05
        1479697	     73883	80002832	0c22	c.slli	x24,0x8	 x24:0x00000b05 x24=0x000b0500
        1479717	     73884	80002834	0c0d	c.addi	x24,3	 x24:0x000b0500 x24=0x000b0503
        1480177	     73907	80002836	018f2023	sw	x24,0(x30)	 x30:0x8ffffffc x24:0x000b0503 PA:0x8ffffffc store:0x000b0503
        1480217	     73909	8000283a	b0502c73	csrrs	x24,mhpmcounter5,x0	  x0:0x00000000 x24=0x00000007
        1480517	     73924	8000283e	018f2023	sw	x24,0(x30)	 x30:0x8ffffffc x24:0x00000007 PA:0x8ffffffc store:0x00000007
        1480697	     73933	80002842	90000f37	lui	x30,0x90000	 x30=0x90000000
        1480717	     73934	80002846	1f71	c.addi	x30,-4	 x30:0x90000000 x30=0x8ffffffc
        1480737	     73935	80002848	6c05	c.lui	x24,0x1	 x24=0x00001000
        1480757	     73936	8000284a	b85c0c13	addi	x24,x24,-1147	 x24:0x00001000 x24=0x00000b85
        1480777	     73937	8000284e	0c22	c.slli	x24,0x8	 x24:0x00000b85 x24=0x000b8500
        1480797	     73938	80002850	0c0d	c.addi	x24,3	 x24:0x000b8500 x24=0x000b8503
        1480857	     73941	80002852	018f2023	sw	x24,0(x30)	 x30:0x8ffffffc x24:0x000b8503 PA:0x8ffffffc store:0x000b8503
        1480877	     73942	80002856	b8502c73	csrrs	x24,mhpmcounter5h,x0	  x0:0x00000000 x24=0x00000000
        1481277	     73962	8000285a	018f2023	sw	x24,0(x30)	 x30:0x8ffffffc x24:0x00000000 PA:0x8ffffffc store:0x00000000
        1481477	     73972	8000285e	90000f37	lui	x30,0x90000	 x30=0x90000000
        1481497	     73973	80002862	1f71	c.addi	x30,-4	 x30:0x90000000 x30=0x8ffffffc
        1481597	     73978	80002864	6c05	c.lui	x24,0x1	 x24=0x00001000
        1481617	     73979	80002866	b06c0c13	addi	x24,x24,-1274	 x24:0x00001000 x24=0x00000b06
        1481637	     73980	8000286a	0c22	c.slli	x24,0x8	 x24:0x00000b06 x24=0x000b0600
        1481657	     73981	8000286c	0c0d	c.addi	x24,3	 x24:0x000b0600 x24=0x000b0603
        1481917	     73994	8000286e	018f2023	sw	x24,0(x30)	 x30:0x8ffffffc x24:0x000b0603 PA:0x8ffffffc store:0x000b0603
        1481937	     73995	80002872	b0602c73	csrrs	x24,mhpmcounter6,x0	  x0:0x00000000 x24=0x0000003f
        1481977	     73997	80002876	018f2023	sw	x24,0(x30)	 x30:0x8ffffffc x24:0x0000003f PA:0x8ffffffc store:0x0000003f
        1481997	     73998	8000287a	90000f37	lui	x30,0x90000	 x30=0x90000000
        1482017	     73999	8000287e	1f71	c.addi	x30,-4	 x30:0x90000000 x30=0x8ffffffc
        1482337	     74015	80002880	6c05	c.lui	x24,0x1	 x24=0x00001000
        1482357	     74016	80002882	b86c0c13	addi	x24,x24,-1146	 x24:0x00001000 x24=0x00000b86
        1482377	     74017	80002886	0c22	c.slli	x24,0x8	 x24:0x00000b86 x24=0x000b8600
        1482397	     74018	80002888	0c0d	c.addi	x24,3	 x24:0x000b8600 x24=0x000b8603
        1482597	     74028	8000288a	018f2023	sw	x24,0(x30)	 x30:0x8ffffffc x24:0x000b8603 PA:0x8ffffffc store:0x000b8603
        1482617	     74029	8000288e	b8602c73	csrrs	x24,mhpmcounter6h,x0	  x0:0x00000000 x24=0x00000000
        1482637	     74030	80002892	018f2023	sw	x24,0(x30)	 x30:0x8ffffffc x24:0x00000000 PA:0x8ffffffc store:0x00000000
        1482657	     74031	80002896	90000f37	lui	x30,0x90000	 x30=0x90000000
        1482677	     74032	8000289a	1f71	c.addi	x30,-4	 x30:0x90000000 x30=0x8ffffffc
        1482697	     74033	8000289c	6c05	c.lui	x24,0x1	 x24=0x00001000
        1483177	     74057	8000289e	b07c0c13	addi	x24,x24,-1273	 x24:0x00001000 x24=0x00000b07
        1483197	     74058	800028a2	0c22	c.slli	x24,0x8	 x24:0x00000b07 x24=0x000b0700
        1483217	     74059	800028a4	0c0d	c.addi	x24,3	 x24:0x000b0700 x24=0x000b0703
        1483877	     74092	800028a6	018f2023	sw	x24,0(x30)	 x30:0x8ffffffc x24:0x000b0703 PA:0x8ffffffc store:0x000b0703
        1483897	     74093	800028aa	b0702c73	csrrs	x24,mhpmcounter7,x0	  x0:0x00000000 x24=0x00000073
        1484277	     74112	800028ae	018f2023	sw	x24,0(x30)	 x30:0x8ffffffc x24:0x00000073 PA:0x8ffffffc store:0x00000073
        1484297	     74113	800028b2	90000f37	lui	x30,0x90000	 x30=0x90000000
        1484317	     74114	800028b6	1f71	c.addi	x30,-4	 x30:0x90000000 x30=0x8ffffffc
        1484337	     74115	800028b8	6c05	c.lui	x24,0x1	 x24=0x00001000
        1484357	     74116	800028ba	b87c0c13	addi	x24,x24,-1145	 x24:0x00001000 x24=0x00000b87
        1484377	     74117	800028be	0c22	c.slli	x24,0x8	 x24:0x00000b87 x24=0x000b8700
        1484637	     74130	800028c0	0c0d	c.addi	x24,3	 x24:0x000b8700 x24=0x000b8703
        1484697	     74133	800028c2	018f2023	sw	x24,0(x30)	 x30:0x8ffffffc x24:0x000b8703 PA:0x8ffffffc store:0x000b8703
        1485057	     74151	800028c6	b8702c73	csrrs	x24,mhpmcounter7h,x0	  x0:0x00000000 x24=0x00000000
        1485117	     74154	800028ca	018f2023	sw	x24,0(x30)	 x30:0x8ffffffc x24:0x00000000 PA:0x8ffffffc store:0x00000000
        1485277	     74162	800028ce	90000f37	lui	x30,0x90000	 x30=0x90000000
        1485297	     74163	800028d2	1f71	c.addi	x30,-4	 x30:0x90000000 x30=0x8ffffffc
        1485377	     74167	800028d4	6c05	c.lui	x24,0x1	 x24=0x00001000
        1485577	     74177	800028d6	b08c0c13	addi	x24,x24,-1272	 x24:0x00001000 x24=0x00000b08
        1485597	     74178	800028da	0c22	c.slli	x24,0x8	 x24:0x00000b08 x24=0x000b0800
        1485617	     74179	800028dc	0c0d	c.addi	x24,3	 x24:0x000b0800 x24=0x000b0803
        1485677	     74182	800028de	018f2023	sw	x24,0(x30)	 x30:0x8ffffffc x24:0x000b0803 PA:0x8ffffffc store:0x000b0803
        1485697	     74183	800028e2	b0802c73	csrrs	x24,mhpmcounter8,x0	  x0:0x00000000 x24=0x0000030d
        1486117	     74204	800028e6	018f2023	sw	x24,0(x30)	 x30:0x8ffffffc x24:0x0000030d PA:0x8ffffffc store:0x0000030d
        1486137	     74205	800028ea	90000f37	lui	x30,0x90000	 x30=0x90000000
        1486157	     74206	800028ee	1f71	c.addi	x30,-4	 x30:0x90000000 x30=0x8ffffffc
        1486177	     74207	800028f0	6c05	c.lui	x24,0x1	 x24=0x00001000
        1486197	     74208	800028f2	b88c0c13	addi	x24,x24,-1144	 x24:0x00001000 x24=0x00000b88
        1486217	     74209	800028f6	0c22	c.slli	x24,0x8	 x24:0x00000b88 x24=0x000b8800
        1486237	     74210	800028f8	0c0d	c.addi	x24,3	 x24:0x000b8800 x24=0x000b8803
        1486897	     74243	800028fa	018f2023	sw	x24,0(x30)	 x30:0x8ffffffc x24:0x000b8803 PA:0x8ffffffc store:0x000b8803
        1486917	     74244	800028fe	b8802c73	csrrs	x24,mhpmcounter8h,x0	  x0:0x00000000 x24=0x00000000
        1486977	     74247	80002902	018f2023	sw	x24,0(x30)	 x30:0x8ffffffc x24:0x00000000 PA:0x8ffffffc store:0x00000000
        1486997	     74248	80002906	90000f37	lui	x30,0x90000	 x30=0x90000000
        1487017	     74249	8000290a	1f71	c.addi	x30,-4	 x30:0x90000000 x30=0x8ffffffc
        1487037	     74250	8000290c	6c05	c.lui	x24,0x1	 x24=0x00001000
        1487057	     74251	8000290e	b09c0c13	addi	x24,x24,-1271	 x24:0x00001000 x24=0x00000b09
        1487077	     74252	80002912	0c22	c.slli	x24,0x8	 x24:0x00000b09 x24=0x000b0900
        1487097	     74253	80002914	0c0d	c.addi	x24,3	 x24:0x000b0900 x24=0x000b0903
        1487297	     74263	80002916	018f2023	sw	x24,0(x30)	 x30:0x8ffffffc x24:0x000b0903 PA:0x8ffffffc store:0x000b0903
        1487317	     74264	8000291a	b0902c73	csrrs	x24,mhpmcounter9,x0	  x0:0x00000000 x24=0x00000185
        1487417	     74269	8000291e	018f2023	sw	x24,0(x30)	 x30:0x8ffffffc x24:0x00000185 PA:0x8ffffffc store:0x00000185
        1487437	     74270	80002922	90000f37	lui	x30,0x90000	 x30=0x90000000
        1487457	     74271	80002926	1f71	c.addi	x30,-4	 x30:0x90000000 x30=0x8ffffffc
        1487477	     74272	80002928	6c05	c.lui	x24,0x1	 x24=0x00001000
        1487497	     74273	8000292a	b89c0c13	addi	x24,x24,-1143	 x24:0x00001000 x24=0x00000b89
        1487517	     74274	8000292e	0c22	c.slli	x24,0x8	 x24:0x00000b89 x24=0x000b8900
        1487537	     74275	80002930	0c0d	c.addi	x24,3	 x24:0x000b8900 x24=0x000b8903
        1487617	     74279	80002932	018f2023	sw	x24,0(x30)	 x30:0x8ffffffc x24:0x000b8903 PA:0x8ffffffc store:0x000b8903
        1487797	     74288	80002936	b8902c73	csrrs	x24,mhpmcounter9h,x0	  x0:0x00000000 x24=0x00000000
        1488057	     74301	8000293a	018f2023	sw	x24,0(x30)	 x30:0x8ffffffc x24:0x00000000 PA:0x8ffffffc store:0x00000000
