Case,case_id,bug_id,group,family,test,seed,source_run_dir
1,case_1,bug_037,debug_exception,debug_entry_priority_wrong,riscv_dret_test,40024,/workspace/ibex/dv/uvm/out
2,case_2,bug_037,debug_exception,debug_entry_priority_wrong,riscv_debug_stress_test,40016,/workspace/ibex/dv/uvm/out
3,case_3,bug_037,debug_exception,debug_entry_priority_wrong,riscv_dret_test,40023,/workspace/ibex/dv/uvm/out
4,case_4,bug_037,debug_exception,debug_entry_priority_wrong,riscv_dret_test,40019,/workspace/ibex/dv/uvm/out
5,case_5,bug_037,debug_exception,debug_entry_priority_wrong,riscv_dret_test,40017,/workspace/ibex/dv/uvm/out
6,case_6,bug_037,debug_exception,debug_entry_priority_wrong,riscv_dret_test,40021,/workspace/ibex/dv/uvm/out
7,case_7,bug_037,debug_exception,debug_entry_priority_wrong,riscv_dret_test,40022,/workspace/ibex/dv/uvm/out
8,case_8,bug_037,debug_exception,debug_entry_priority_wrong,riscv_debug_stress_test,40015,/workspace/ibex/dv/uvm/out
9,case_9,bug_037,debug_exception,debug_entry_priority_wrong,riscv_debug_stress_test,40012,/workspace/ibex/dv/uvm/out
10,case_10,bug_037,debug_exception,debug_entry_priority_wrong,riscv_debug_stress_test,40011,/workspace/ibex/dv/uvm/out
11,case_11,bug_037,debug_exception,debug_entry_priority_wrong,riscv_debug_stress_test,40013,/workspace/ibex/dv/uvm/out
12,case_12,bug_037,debug_exception,debug_entry_priority_wrong,riscv_debug_stress_test,40009,/workspace/ibex/dv/uvm/out
13,case_13,bug_037,debug_exception,debug_entry_priority_wrong,riscv_debug_stress_test,40010,/workspace/ibex/dv/uvm/out
14,case_14,bug_037,debug_exception,debug_entry_priority_wrong,riscv_debug_stress_test,40014,/workspace/ibex/dv/uvm/out
15,case_15,bug_037,debug_exception,debug_entry_priority_wrong,riscv_debug_branch_jump_test,40002,/workspace/ibex/dv/uvm/out
16,case_16,bug_037,debug_exception,debug_entry_priority_wrong,riscv_debug_branch_jump_test,40006,/workspace/ibex/dv/uvm/out
17,case_17,bug_037,debug_exception,debug_entry_priority_wrong,riscv_debug_branch_jump_test,40004,/workspace/ibex/dv/uvm/out
18,case_18,bug_037,debug_exception,debug_entry_priority_wrong,riscv_debug_branch_jump_test,40007,/workspace/ibex/dv/uvm/out
19,case_19,bug_037,debug_exception,debug_entry_priority_wrong,riscv_debug_branch_jump_test,40001,/workspace/ibex/dv/uvm/out
20,case_20,bug_037,debug_exception,debug_entry_priority_wrong,riscv_debug_branch_jump_test,40003,/workspace/ibex/dv/uvm/out
21,case_21,bug_037,debug_exception,debug_entry_priority_wrong,riscv_debug_branch_jump_test,40005,/workspace/ibex/dv/uvm/out
22,case_22,bug_037,debug_exception,debug_entry_priority_wrong,riscv_dret_test,823701,/workspace/ibex/dv/uvm/out
23,case_23,bug_037,debug_exception,debug_entry_priority_wrong,riscv_dret_test,823702,/workspace/ibex/dv/uvm/out
24,case_24,bug_037,debug_exception,debug_entry_priority_wrong,riscv_dret_test,823704,/workspace/ibex/dv/uvm/out
25,case_25,bug_037,debug_exception,debug_entry_priority_wrong,riscv_dret_test,823706,/workspace/ibex/dv/uvm/out
26,case_26,bug_037,debug_exception,debug_entry_priority_wrong,riscv_dret_test,823708,/workspace/ibex/dv/uvm/out
27,case_27,bug_037,debug_exception,debug_entry_priority_wrong,riscv_dret_test,823709,/workspace/ibex/dv/uvm/out
28,case_28,bug_037,debug_exception,debug_entry_priority_wrong,riscv_dret_test,823711,/workspace/ibex/dv/uvm/out
29,case_29,bug_037,debug_exception,debug_entry_priority_wrong,riscv_dret_test,823712,/workspace/ibex/dv/uvm/out
30,case_30,bug_037,debug_exception,debug_entry_priority_wrong,riscv_dret_test,823714,/workspace/ibex/dv/uvm/out
31,case_31,bug_037,debug_exception,debug_entry_priority_wrong,riscv_dret_test,823715,/workspace/ibex/dv/uvm/out
32,case_32,bug_037,debug_exception,debug_entry_priority_wrong,riscv_dret_test,823716,/workspace/ibex/dv/uvm/out
33,case_33,bug_037,debug_exception,debug_entry_priority_wrong,riscv_debug_stress_test,823741,/workspace/ibex/dv/uvm/out
34,case_34,bug_037,debug_exception,debug_entry_priority_wrong,riscv_debug_stress_test,823743,/workspace/ibex/dv/uvm/out
35,case_35,bug_037,debug_exception,debug_entry_priority_wrong,riscv_debug_stress_test,823744,/workspace/ibex/dv/uvm/out
36,case_36,bug_037,debug_exception,debug_entry_priority_wrong,riscv_debug_stress_test,823745,/workspace/ibex/dv/uvm/out
37,case_37,bug_037,debug_exception,debug_entry_priority_wrong,riscv_debug_stress_test,823746,/workspace/ibex/dv/uvm/out
38,case_38,bug_037,debug_exception,debug_entry_priority_wrong,riscv_debug_stress_test,823747,/workspace/ibex/dv/uvm/out
39,case_39,bug_037,debug_exception,debug_entry_priority_wrong,riscv_debug_stress_test,823748,/workspace/ibex/dv/uvm/out
40,case_40,bug_037,debug_exception,debug_entry_priority_wrong,riscv_debug_stress_test,823749,/workspace/ibex/dv/uvm/out
41,case_41,bug_037,debug_exception,debug_entry_priority_wrong,riscv_debug_stress_test,823750,/workspace/ibex/dv/uvm/out
42,case_42,bug_037,debug_exception,debug_entry_priority_wrong,riscv_debug_stress_test,823751,/workspace/ibex/dv/uvm/out
43,case_43,bug_037,debug_exception,debug_entry_priority_wrong,riscv_debug_stress_test,823752,/workspace/ibex/dv/uvm/out
44,case_44,bug_037,debug_exception,debug_entry_priority_wrong,riscv_debug_stress_test,823753,/workspace/ibex/dv/uvm/out
45,case_45,bug_037,debug_exception,debug_entry_priority_wrong,riscv_debug_stress_test,823754,/workspace/ibex/dv/uvm/out
46,case_46,bug_037,debug_exception,debug_entry_priority_wrong,riscv_debug_stress_test,823755,/workspace/ibex/dv/uvm/out
47,case_47,bug_038,csr_exception,mstatus_mie_restore_wrong,riscv_multiple_interrupt_test,40111,/workspace/ibex/dv/uvm/out
48,case_48,bug_038,csr_exception,mstatus_mie_restore_wrong,riscv_single_interrupt_test,40120,/workspace/ibex/dv/uvm/out
49,case_49,bug_038,csr_exception,mstatus_mie_restore_wrong,riscv_interrupt_csr_test,40105,/workspace/ibex/dv/uvm/out
50,case_50,bug_038,csr_exception,mstatus_mie_restore_wrong,riscv_single_interrupt_test,40117,/workspace/ibex/dv/uvm/out
51,case_51,bug_038,csr_exception,mstatus_mie_restore_wrong,riscv_multiple_interrupt_test,40116,/workspace/ibex/dv/uvm/out
52,case_52,bug_038,csr_exception,mstatus_mie_restore_wrong,riscv_multiple_interrupt_test,40114,/workspace/ibex/dv/uvm/out
53,case_53,bug_038,csr_exception,mstatus_mie_restore_wrong,riscv_single_interrupt_test,40119,/workspace/ibex/dv/uvm/out
54,case_54,bug_038,csr_exception,mstatus_mie_restore_wrong,riscv_single_interrupt_test,40124,/workspace/ibex/dv/uvm/out
55,case_55,bug_038,csr_exception,mstatus_mie_restore_wrong,riscv_multiple_interrupt_test,40113,/workspace/ibex/dv/uvm/out
56,case_56,bug_038,csr_exception,mstatus_mie_restore_wrong,riscv_multiple_interrupt_test,40109,/workspace/ibex/dv/uvm/out
57,case_57,bug_038,csr_exception,mstatus_mie_restore_wrong,riscv_single_interrupt_test,40121,/workspace/ibex/dv/uvm/out
58,case_58,bug_038,csr_exception,mstatus_mie_restore_wrong,riscv_multiple_interrupt_test,40115,/workspace/ibex/dv/uvm/out
59,case_59,bug_038,csr_exception,mstatus_mie_restore_wrong,riscv_single_interrupt_test,40122,/workspace/ibex/dv/uvm/out
60,case_60,bug_038,csr_exception,mstatus_mie_restore_wrong,riscv_single_interrupt_test,40123,/workspace/ibex/dv/uvm/out
61,case_61,bug_038,csr_exception,mstatus_mie_restore_wrong,riscv_interrupt_csr_test,40102,/workspace/ibex/dv/uvm/out
62,case_62,bug_038,csr_exception,mstatus_mie_restore_wrong,riscv_interrupt_csr_test,40101,/workspace/ibex/dv/uvm/out
63,case_63,bug_038,csr_exception,mstatus_mie_restore_wrong,riscv_interrupt_csr_test,40106,/workspace/ibex/dv/uvm/out
64,case_64,bug_038,csr_exception,mstatus_mie_restore_wrong,riscv_multiple_interrupt_test,40112,/workspace/ibex/dv/uvm/out
65,case_65,bug_038,csr_exception,mstatus_mie_restore_wrong,riscv_interrupt_csr_test,40108,/workspace/ibex/dv/uvm/out
66,case_66,bug_038,csr_exception,mstatus_mie_restore_wrong,riscv_interrupt_csr_test,40103,/workspace/ibex/dv/uvm/out
67,case_67,bug_038,csr_exception,mstatus_mie_restore_wrong,riscv_interrupt_csr_test,40104,/workspace/ibex/dv/uvm/out
68,case_68,bug_038,csr_exception,mstatus_mie_restore_wrong,riscv_interrupt_csr_test,40107,/workspace/ibex/dv/uvm/out
69,case_69,bug_038,csr_exception,mstatus_mie_restore_wrong,riscv_single_interrupt_test,823841,/workspace/ibex/dv/uvm/out
70,case_70,bug_038,csr_exception,mstatus_mie_restore_wrong,riscv_single_interrupt_test,823842,/workspace/ibex/dv/uvm/out
71,case_71,bug_038,csr_exception,mstatus_mie_restore_wrong,riscv_single_interrupt_test,823843,/workspace/ibex/dv/uvm/out
72,case_72,bug_038,csr_exception,mstatus_mie_restore_wrong,riscv_single_interrupt_test,823848,/workspace/ibex/dv/uvm/out
73,case_73,bug_038,csr_exception,mstatus_mie_restore_wrong,riscv_single_interrupt_test,823849,/workspace/ibex/dv/uvm/out
74,case_74,bug_038,csr_exception,mstatus_mie_restore_wrong,riscv_single_interrupt_test,823850,/workspace/ibex/dv/uvm/out
75,case_75,bug_038,csr_exception,mstatus_mie_restore_wrong,riscv_single_interrupt_test,823851,/workspace/ibex/dv/uvm/out
76,case_76,bug_038,csr_exception,mstatus_mie_restore_wrong,riscv_single_interrupt_test,823852,/workspace/ibex/dv/uvm/out
77,case_77,bug_038,csr_exception,mstatus_mie_restore_wrong,riscv_single_interrupt_test,823853,/workspace/ibex/dv/uvm/out
78,case_78,bug_038,csr_exception,mstatus_mie_restore_wrong,riscv_single_interrupt_test,823854,/workspace/ibex/dv/uvm/out
79,case_79,bug_038,csr_exception,mstatus_mie_restore_wrong,riscv_single_interrupt_test,823855,/workspace/ibex/dv/uvm/out
80,case_80,bug_038,csr_exception,mstatus_mie_restore_wrong,riscv_multiple_interrupt_test,823802,/workspace/ibex/dv/uvm/out
81,case_81,bug_038,csr_exception,mstatus_mie_restore_wrong,riscv_multiple_interrupt_test,823803,/workspace/ibex/dv/uvm/out
82,case_82,bug_038,csr_exception,mstatus_mie_restore_wrong,riscv_multiple_interrupt_test,823804,/workspace/ibex/dv/uvm/out
83,case_83,bug_038,csr_exception,mstatus_mie_restore_wrong,riscv_multiple_interrupt_test,823805,/workspace/ibex/dv/uvm/out
84,case_84,bug_038,csr_exception,mstatus_mie_restore_wrong,riscv_multiple_interrupt_test,823806,/workspace/ibex/dv/uvm/out
85,case_85,bug_038,csr_exception,mstatus_mie_restore_wrong,riscv_multiple_interrupt_test,823807,/workspace/ibex/dv/uvm/out
86,case_86,bug_038,csr_exception,mstatus_mie_restore_wrong,riscv_multiple_interrupt_test,823808,/workspace/ibex/dv/uvm/out
87,case_87,bug_038,csr_exception,mstatus_mie_restore_wrong,riscv_multiple_interrupt_test,823809,/workspace/ibex/dv/uvm/out
88,case_88,bug_038,csr_exception,mstatus_mie_restore_wrong,riscv_multiple_interrupt_test,823810,/workspace/ibex/dv/uvm/out
89,case_89,bug_038,csr_exception,mstatus_mie_restore_wrong,riscv_multiple_interrupt_test,823811,/workspace/ibex/dv/uvm/out
90,case_90,bug_038,csr_exception,mstatus_mie_restore_wrong,riscv_multiple_interrupt_test,823812,/workspace/ibex/dv/uvm/out
91,case_91,bug_038,csr_exception,mstatus_mie_restore_wrong,riscv_multiple_interrupt_test,823813,/workspace/ibex/dv/uvm/out
92,case_92,bug_038,csr_exception,mstatus_mie_restore_wrong,riscv_multiple_interrupt_test,823814,/workspace/ibex/dv/uvm/out
93,case_93,bug_041,alu,sra_decoded_as_logical_shift,riscv_arithmetic_basic_test,20001,/workspace/ibex/dv/uvm/out
94,case_94,bug_041,alu,sra_decoded_as_logical_shift,riscv_rv32im_instr_test,20028,/workspace/ibex/dv/uvm/out
95,case_95,bug_041,alu,sra_decoded_as_logical_shift,riscv_machine_mode_rand_test,20017,/workspace/ibex/dv/uvm/out
96,case_96,bug_041,alu,sra_decoded_as_logical_shift,riscv_rand_instr_test,20012,/workspace/ibex/dv/uvm/out
97,case_97,bug_041,alu,sra_decoded_as_logical_shift,riscv_rv32im_instr_test,20027,/workspace/ibex/dv/uvm/out
98,case_98,bug_041,alu,sra_decoded_as_logical_shift,riscv_rv32im_instr_test,20032,/workspace/ibex/dv/uvm/out
99,case_99,bug_041,alu,sra_decoded_as_logical_shift,riscv_rv32im_instr_test,20031,/workspace/ibex/dv/uvm/out
100,case_100,bug_041,alu,sra_decoded_as_logical_shift,riscv_rv32im_instr_test,20025,/workspace/ibex/dv/uvm/out
101,case_101,bug_041,alu,sra_decoded_as_logical_shift,riscv_arithmetic_basic_test,20008,/workspace/ibex/dv/uvm/out
102,case_102,bug_041,alu,sra_decoded_as_logical_shift,riscv_arithmetic_basic_test,20007,/workspace/ibex/dv/uvm/out
103,case_103,bug_041,alu,sra_decoded_as_logical_shift,riscv_arithmetic_basic_test,20006,/workspace/ibex/dv/uvm/out
104,case_104,bug_041,alu,sra_decoded_as_logical_shift,riscv_arithmetic_basic_test,20005,/workspace/ibex/dv/uvm/out
105,case_105,bug_041,alu,sra_decoded_as_logical_shift,riscv_arithmetic_basic_test,20004,/workspace/ibex/dv/uvm/out
106,case_106,bug_041,alu,sra_decoded_as_logical_shift,riscv_arithmetic_basic_test,20003,/workspace/ibex/dv/uvm/out
107,case_107,bug_041,alu,sra_decoded_as_logical_shift,riscv_machine_mode_rand_test,20020,/workspace/ibex/dv/uvm/out
108,case_108,bug_041,alu,sra_decoded_as_logical_shift,riscv_rand_instr_test,20011,/workspace/ibex/dv/uvm/out
109,case_109,bug_041,alu,sra_decoded_as_logical_shift,riscv_rand_instr_test,20009,/workspace/ibex/dv/uvm/out
110,case_110,bug_041,alu,sra_decoded_as_logical_shift,riscv_machine_mode_rand_test,20021,/workspace/ibex/dv/uvm/out
111,case_111,bug_041,alu,sra_decoded_as_logical_shift,riscv_machine_mode_rand_test,20024,/workspace/ibex/dv/uvm/out
112,case_112,bug_041,alu,sra_decoded_as_logical_shift,riscv_machine_mode_rand_test,20019,/workspace/ibex/dv/uvm/out
113,case_113,bug_041,alu,sra_decoded_as_logical_shift,riscv_machine_mode_rand_test,20023,/workspace/ibex/dv/uvm/out
114,case_114,bug_041,alu,sra_decoded_as_logical_shift,riscv_rand_instr_test,20014,/workspace/ibex/dv/uvm/out
115,case_115,bug_041,alu,sra_decoded_as_logical_shift,riscv_rand_instr_test,20016,/workspace/ibex/dv/uvm/out
116,case_116,bug_041,alu,sra_decoded_as_logical_shift,riscv_rand_instr_test,20010,/workspace/ibex/dv/uvm/out
117,case_117,bug_041,alu,sra_decoded_as_logical_shift,riscv_machine_mode_rand_test,20018,/workspace/ibex/dv/uvm/out
118,case_118,bug_041,alu,sra_decoded_as_logical_shift,riscv_rand_instr_test,20015,/workspace/ibex/dv/uvm/out
119,case_119,bug_041,alu,sra_decoded_as_logical_shift,riscv_rand_instr_test,20013,/workspace/ibex/dv/uvm/out
120,case_120,bug_041,alu,sra_decoded_as_logical_shift,riscv_machine_mode_rand_test,20022,/workspace/ibex/dv/uvm/out
121,case_121,bug_041,alu,sra_decoded_as_logical_shift,riscv_rv32im_instr_test,824142,/workspace/ibex/dv/uvm/out
122,case_122,bug_041,alu,sra_decoded_as_logical_shift,riscv_rv32im_instr_test,824143,/workspace/ibex/dv/uvm/out
123,case_123,bug_041,alu,sra_decoded_as_logical_shift,riscv_rv32im_instr_test,824144,/workspace/ibex/dv/uvm/out
124,case_124,bug_041,alu,sra_decoded_as_logical_shift,riscv_rv32im_instr_test,824145,/workspace/ibex/dv/uvm/out
125,case_125,bug_041,alu,sra_decoded_as_logical_shift,riscv_rv32im_instr_test,824146,/workspace/ibex/dv/uvm/out
126,case_126,bug_041,alu,sra_decoded_as_logical_shift,riscv_rv32im_instr_test,824147,/workspace/ibex/dv/uvm/out
127,case_127,bug_041,alu,sra_decoded_as_logical_shift,riscv_rv32im_instr_test,824148,/workspace/ibex/dv/uvm/out
128,case_128,bug_041,alu,sra_decoded_as_logical_shift,riscv_rv32im_instr_test,824149,/workspace/ibex/dv/uvm/out
129,case_129,bug_041,alu,sra_decoded_as_logical_shift,riscv_arithmetic_basic_test,824101,/workspace/ibex/dv/uvm/out
130,case_130,bug_041,alu,sra_decoded_as_logical_shift,riscv_arithmetic_basic_test,824102,/workspace/ibex/dv/uvm/out
131,case_131,bug_041,alu,sra_decoded_as_logical_shift,riscv_arithmetic_basic_test,824103,/workspace/ibex/dv/uvm/out
132,case_132,bug_041,alu,sra_decoded_as_logical_shift,riscv_arithmetic_basic_test,824104,/workspace/ibex/dv/uvm/out
133,case_133,bug_041,alu,sra_decoded_as_logical_shift,riscv_arithmetic_basic_test,824105,/workspace/ibex/dv/uvm/out
134,case_134,bug_041,alu,sra_decoded_as_logical_shift,riscv_arithmetic_basic_test,824106,/workspace/ibex/dv/uvm/out
135,case_135,bug_041,alu,sra_decoded_as_logical_shift,riscv_arithmetic_basic_test,824107,/workspace/ibex/dv/uvm/out
136,case_136,bug_041,alu,sra_decoded_as_logical_shift,riscv_arithmetic_basic_test,824108,/workspace/ibex/dv/uvm/out
137,case_137,bug_041,alu,sra_decoded_as_logical_shift,riscv_arithmetic_basic_test,824109,/workspace/ibex/dv/uvm/out
138,case_138,bug_041,alu,sra_decoded_as_logical_shift,riscv_arithmetic_basic_test,824110,/workspace/ibex/dv/uvm/out
139,case_139,bug_042,branch,beq_bne_condition_swapped,riscv_rand_jump_test,20105,/workspace/ibex/dv/uvm/out
140,case_140,bug_042,branch,beq_bne_condition_swapped,riscv_machine_mode_rand_test,20125,/workspace/ibex/dv/uvm/out
141,case_141,bug_042,branch,beq_bne_condition_swapped,riscv_rand_instr_test,20120,/workspace/ibex/dv/uvm/out
142,case_142,bug_042,branch,beq_bne_condition_swapped,riscv_jump_stress_test,20111,/workspace/ibex/dv/uvm/out
143,case_143,bug_042,branch,beq_bne_condition_swapped,riscv_rand_jump_test,20104,/workspace/ibex/dv/uvm/out
144,case_144,bug_042,branch,beq_bne_condition_swapped,riscv_rand_jump_test,20106,/workspace/ibex/dv/uvm/out
145,case_145,bug_042,branch,beq_bne_condition_swapped,riscv_machine_mode_rand_test,20131,/workspace/ibex/dv/uvm/out
146,case_146,bug_042,branch,beq_bne_condition_swapped,riscv_machine_mode_rand_test,20129,/workspace/ibex/dv/uvm/out
147,case_147,bug_042,branch,beq_bne_condition_swapped,riscv_jump_stress_test,20116,/workspace/ibex/dv/uvm/out
148,case_148,bug_042,branch,beq_bne_condition_swapped,riscv_jump_stress_test,20109,/workspace/ibex/dv/uvm/out
149,case_149,bug_042,branch,beq_bne_condition_swapped,riscv_machine_mode_rand_test,20132,/workspace/ibex/dv/uvm/out
150,case_150,bug_042,branch,beq_bne_condition_swapped,riscv_rand_jump_test,20102,/workspace/ibex/dv/uvm/out
151,case_151,bug_042,branch,beq_bne_condition_swapped,riscv_machine_mode_rand_test,20130,/workspace/ibex/dv/uvm/out
152,case_152,bug_042,branch,beq_bne_condition_swapped,riscv_jump_stress_test,20112,/workspace/ibex/dv/uvm/out
153,case_153,bug_042,branch,beq_bne_condition_swapped,riscv_rand_instr_test,20118,/workspace/ibex/dv/uvm/out
154,case_154,bug_042,branch,beq_bne_condition_swapped,riscv_rand_instr_test,20123,/workspace/ibex/dv/uvm/out
155,case_155,bug_042,branch,beq_bne_condition_swapped,riscv_jump_stress_test,20114,/workspace/ibex/dv/uvm/out
156,case_156,bug_042,branch,beq_bne_condition_swapped,riscv_rand_instr_test,20122,/workspace/ibex/dv/uvm/out
157,case_157,bug_042,branch,beq_bne_condition_swapped,riscv_jump_stress_test,20113,/workspace/ibex/dv/uvm/out
158,case_158,bug_042,branch,beq_bne_condition_swapped,riscv_rand_jump_test,20108,/workspace/ibex/dv/uvm/out
159,case_159,bug_042,branch,beq_bne_condition_swapped,riscv_rand_instr_test,20119,/workspace/ibex/dv/uvm/out
160,case_160,bug_042,branch,beq_bne_condition_swapped,riscv_jump_stress_test,20115,/workspace/ibex/dv/uvm/out
161,case_161,bug_042,branch,beq_bne_condition_swapped,riscv_rand_instr_test,20121,/workspace/ibex/dv/uvm/out
162,case_162,bug_042,branch,beq_bne_condition_swapped,riscv_machine_mode_rand_test,20127,/workspace/ibex/dv/uvm/out
163,case_163,bug_042,branch,beq_bne_condition_swapped,riscv_machine_mode_rand_test,20126,/workspace/ibex/dv/uvm/out
164,case_164,bug_042,branch,beq_bne_condition_swapped,riscv_rand_jump_test,20103,/workspace/ibex/dv/uvm/out
165,case_165,bug_042,branch,beq_bne_condition_swapped,riscv_machine_mode_rand_test,20128,/workspace/ibex/dv/uvm/out
166,case_166,bug_042,branch,beq_bne_condition_swapped,riscv_jump_stress_test,20110,/workspace/ibex/dv/uvm/out
167,case_167,bug_042,branch,beq_bne_condition_swapped,riscv_rand_instr_test,20124,/workspace/ibex/dv/uvm/out
168,case_168,bug_042,branch,beq_bne_condition_swapped,riscv_rand_instr_test,20117,/workspace/ibex/dv/uvm/out
169,case_169,bug_042,branch,beq_bne_condition_swapped,riscv_rand_jump_test,824201,/workspace/ibex/dv/uvm/out
170,case_170,bug_042,branch,beq_bne_condition_swapped,riscv_rand_jump_test,824202,/workspace/ibex/dv/uvm/out
171,case_171,bug_042,branch,beq_bne_condition_swapped,riscv_rand_jump_test,824203,/workspace/ibex/dv/uvm/out
172,case_172,bug_042,branch,beq_bne_condition_swapped,riscv_rand_jump_test,824207,/workspace/ibex/dv/uvm/out
173,case_173,bug_042,branch,beq_bne_condition_swapped,riscv_rand_jump_test,824209,/workspace/ibex/dv/uvm/out
174,case_174,bug_042,branch,beq_bne_condition_swapped,riscv_rand_jump_test,824210,/workspace/ibex/dv/uvm/out
175,case_175,bug_042,branch,beq_bne_condition_swapped,riscv_machine_mode_rand_test,824241,/workspace/ibex/dv/uvm/out
176,case_176,bug_042,branch,beq_bne_condition_swapped,riscv_machine_mode_rand_test,824242,/workspace/ibex/dv/uvm/out
177,case_177,bug_042,branch,beq_bne_condition_swapped,riscv_machine_mode_rand_test,824243,/workspace/ibex/dv/uvm/out
178,case_178,bug_042,branch,beq_bne_condition_swapped,riscv_machine_mode_rand_test,824244,/workspace/ibex/dv/uvm/out
179,case_179,bug_042,branch,beq_bne_condition_swapped,riscv_machine_mode_rand_test,824245,/workspace/ibex/dv/uvm/out
180,case_180,bug_042,branch,beq_bne_condition_swapped,riscv_machine_mode_rand_test,824246,/workspace/ibex/dv/uvm/out
181,case_181,bug_042,branch,beq_bne_condition_swapped,riscv_machine_mode_rand_test,824247,/workspace/ibex/dv/uvm/out
182,case_182,bug_042,branch,beq_bne_condition_swapped,riscv_machine_mode_rand_test,824248,/workspace/ibex/dv/uvm/out
183,case_183,bug_042,branch,beq_bne_condition_swapped,riscv_machine_mode_rand_test,824249,/workspace/ibex/dv/uvm/out
184,case_184,bug_042,branch,beq_bne_condition_swapped,riscv_machine_mode_rand_test,824250,/workspace/ibex/dv/uvm/out
185,case_185,bug_043,load_store,load_sign_extension_disabled,riscv_rand_instr_test,20209,/workspace/ibex/dv/uvm/out
186,case_186,bug_043,load_store,load_sign_extension_disabled,riscv_machine_mode_rand_test,20221,/workspace/ibex/dv/uvm/out
187,case_187,bug_043,load_store,load_sign_extension_disabled,riscv_user_mode_rand_test,20227,/workspace/ibex/dv/uvm/out
188,case_188,bug_043,load_store,load_sign_extension_disabled,riscv_rand_instr_test,20213,/workspace/ibex/dv/uvm/out
189,case_189,bug_043,load_store,load_sign_extension_disabled,riscv_machine_mode_rand_test,20217,/workspace/ibex/dv/uvm/out
190,case_190,bug_043,load_store,load_sign_extension_disabled,riscv_machine_mode_rand_test,20219,/workspace/ibex/dv/uvm/out
191,case_191,bug_043,load_store,load_sign_extension_disabled,riscv_rand_instr_test,20212,/workspace/ibex/dv/uvm/out
192,case_192,bug_043,load_store,load_sign_extension_disabled,riscv_user_mode_rand_test,20228,/workspace/ibex/dv/uvm/out
193,case_193,bug_043,load_store,load_sign_extension_disabled,riscv_rand_instr_test,20211,/workspace/ibex/dv/uvm/out
194,case_194,bug_043,load_store,load_sign_extension_disabled,riscv_machine_mode_rand_test,20222,/workspace/ibex/dv/uvm/out
195,case_195,bug_043,load_store,load_sign_extension_disabled,riscv_machine_mode_rand_test,20220,/workspace/ibex/dv/uvm/out
196,case_196,bug_043,load_store,load_sign_extension_disabled,riscv_rand_instr_test,20210,/workspace/ibex/dv/uvm/out
197,case_197,bug_043,load_store,load_sign_extension_disabled,riscv_user_mode_rand_test,20229,/workspace/ibex/dv/uvm/out
198,case_198,bug_043,load_store,load_sign_extension_disabled,riscv_rand_instr_test,20214,/workspace/ibex/dv/uvm/out
199,case_199,bug_043,load_store,load_sign_extension_disabled,riscv_rand_instr_test,20216,/workspace/ibex/dv/uvm/out
200,case_200,bug_043,load_store,load_sign_extension_disabled,riscv_user_mode_rand_test,20225,/workspace/ibex/dv/uvm/out
201,case_201,bug_043,load_store,load_sign_extension_disabled,riscv_user_mode_rand_test,20231,/workspace/ibex/dv/uvm/out
202,case_202,bug_043,load_store,load_sign_extension_disabled,riscv_user_mode_rand_test,20230,/workspace/ibex/dv/uvm/out
203,case_203,bug_043,load_store,load_sign_extension_disabled,riscv_unaligned_load_store_test,20201,/workspace/ibex/dv/uvm/out
204,case_204,bug_043,load_store,load_sign_extension_disabled,riscv_rand_instr_test,20215,/workspace/ibex/dv/uvm/out
205,case_205,bug_043,load_store,load_sign_extension_disabled,riscv_user_mode_rand_test,20232,/workspace/ibex/dv/uvm/out
206,case_206,bug_043,load_store,load_sign_extension_disabled,riscv_unaligned_load_store_test,20202,/workspace/ibex/dv/uvm/out
207,case_207,bug_043,load_store,load_sign_extension_disabled,riscv_unaligned_load_store_test,20207,/workspace/ibex/dv/uvm/out
208,case_208,bug_043,load_store,load_sign_extension_disabled,riscv_unaligned_load_store_test,20206,/workspace/ibex/dv/uvm/out
209,case_209,bug_043,load_store,load_sign_extension_disabled,riscv_user_mode_rand_test,20226,/workspace/ibex/dv/uvm/out
210,case_210,bug_043,load_store,load_sign_extension_disabled,riscv_unaligned_load_store_test,20203,/workspace/ibex/dv/uvm/out
211,case_211,bug_043,load_store,load_sign_extension_disabled,riscv_unaligned_load_store_test,20208,/workspace/ibex/dv/uvm/out
212,case_212,bug_043,load_store,load_sign_extension_disabled,riscv_unaligned_load_store_test,20205,/workspace/ibex/dv/uvm/out
213,case_213,bug_043,load_store,load_sign_extension_disabled,riscv_unaligned_load_store_test,20204,/workspace/ibex/dv/uvm/out
214,case_214,bug_043,load_store,load_sign_extension_disabled,riscv_machine_mode_rand_test,824341,/workspace/ibex/dv/uvm/out
215,case_215,bug_043,load_store,load_sign_extension_disabled,riscv_machine_mode_rand_test,824343,/workspace/ibex/dv/uvm/out
216,case_216,bug_043,load_store,load_sign_extension_disabled,riscv_machine_mode_rand_test,824345,/workspace/ibex/dv/uvm/out
217,case_217,bug_043,load_store,load_sign_extension_disabled,riscv_machine_mode_rand_test,824346,/workspace/ibex/dv/uvm/out
218,case_218,bug_043,load_store,load_sign_extension_disabled,riscv_machine_mode_rand_test,824347,/workspace/ibex/dv/uvm/out
219,case_219,bug_043,load_store,load_sign_extension_disabled,riscv_machine_mode_rand_test,824348,/workspace/ibex/dv/uvm/out
220,case_220,bug_043,load_store,load_sign_extension_disabled,riscv_machine_mode_rand_test,824349,/workspace/ibex/dv/uvm/out
221,case_221,bug_043,load_store,load_sign_extension_disabled,riscv_machine_mode_rand_test,824350,/workspace/ibex/dv/uvm/out
222,case_222,bug_043,load_store,load_sign_extension_disabled,riscv_rand_instr_test,824302,/workspace/ibex/dv/uvm/out
223,case_223,bug_043,load_store,load_sign_extension_disabled,riscv_rand_instr_test,824303,/workspace/ibex/dv/uvm/out
224,case_224,bug_043,load_store,load_sign_extension_disabled,riscv_rand_instr_test,824304,/workspace/ibex/dv/uvm/out
225,case_225,bug_043,load_store,load_sign_extension_disabled,riscv_rand_instr_test,824305,/workspace/ibex/dv/uvm/out
226,case_226,bug_043,load_store,load_sign_extension_disabled,riscv_rand_instr_test,824306,/workspace/ibex/dv/uvm/out
227,case_227,bug_043,load_store,load_sign_extension_disabled,riscv_rand_instr_test,824307,/workspace/ibex/dv/uvm/out
228,case_228,bug_043,load_store,load_sign_extension_disabled,riscv_rand_instr_test,824308,/workspace/ibex/dv/uvm/out
229,case_229,bug_043,load_store,load_sign_extension_disabled,riscv_rand_instr_test,824309,/workspace/ibex/dv/uvm/out
230,case_230,bug_043,load_store,load_sign_extension_disabled,riscv_rand_instr_test,824310,/workspace/ibex/dv/uvm/out
231,case_231,bug_044,branch,bltu_bgeu_condition_swapped,riscv_rand_jump_test,20306,/workspace/ibex/dv/uvm/out
232,case_232,bug_044,branch,bltu_bgeu_condition_swapped,riscv_rand_instr_test,20319,/workspace/ibex/dv/uvm/out
233,case_233,bug_044,branch,bltu_bgeu_condition_swapped,riscv_machine_mode_rand_test,20327,/workspace/ibex/dv/uvm/out
234,case_234,bug_044,branch,bltu_bgeu_condition_swapped,riscv_jump_stress_test,20316,/workspace/ibex/dv/uvm/out
235,case_235,bug_044,branch,bltu_bgeu_condition_swapped,riscv_rand_jump_test,20304,/workspace/ibex/dv/uvm/out
236,case_236,bug_044,branch,bltu_bgeu_condition_swapped,riscv_rand_jump_test,20301,/workspace/ibex/dv/uvm/out
237,case_237,bug_044,branch,bltu_bgeu_condition_swapped,riscv_rand_jump_test,20303,/workspace/ibex/dv/uvm/out
238,case_238,bug_044,branch,bltu_bgeu_condition_swapped,riscv_rand_jump_test,20305,/workspace/ibex/dv/uvm/out
239,case_239,bug_044,branch,bltu_bgeu_condition_swapped,riscv_rand_jump_test,20302,/workspace/ibex/dv/uvm/out
240,case_240,bug_044,branch,bltu_bgeu_condition_swapped,riscv_machine_mode_rand_test,20332,/workspace/ibex/dv/uvm/out
241,case_241,bug_044,branch,bltu_bgeu_condition_swapped,riscv_rand_instr_test,20317,/workspace/ibex/dv/uvm/out
242,case_242,bug_044,branch,bltu_bgeu_condition_swapped,riscv_rand_instr_test,20321,/workspace/ibex/dv/uvm/out
243,case_243,bug_044,branch,bltu_bgeu_condition_swapped,riscv_rand_instr_test,20323,/workspace/ibex/dv/uvm/out
244,case_244,bug_044,branch,bltu_bgeu_condition_swapped,riscv_jump_stress_test,20313,/workspace/ibex/dv/uvm/out
245,case_245,bug_044,branch,bltu_bgeu_condition_swapped,riscv_machine_mode_rand_test,20329,/workspace/ibex/dv/uvm/out
246,case_246,bug_044,branch,bltu_bgeu_condition_swapped,riscv_rand_instr_test,20318,/workspace/ibex/dv/uvm/out
247,case_247,bug_044,branch,bltu_bgeu_condition_swapped,riscv_machine_mode_rand_test,20326,/workspace/ibex/dv/uvm/out
248,case_248,bug_044,branch,bltu_bgeu_condition_swapped,riscv_machine_mode_rand_test,20325,/workspace/ibex/dv/uvm/out
249,case_249,bug_044,branch,bltu_bgeu_condition_swapped,riscv_rand_instr_test,20320,/workspace/ibex/dv/uvm/out
250,case_250,bug_044,branch,bltu_bgeu_condition_swapped,riscv_machine_mode_rand_test,20330,/workspace/ibex/dv/uvm/out
251,case_251,bug_044,branch,bltu_bgeu_condition_swapped,riscv_jump_stress_test,20309,/workspace/ibex/dv/uvm/out
252,case_252,bug_044,branch,bltu_bgeu_condition_swapped,riscv_jump_stress_test,20311,/workspace/ibex/dv/uvm/out
253,case_253,bug_044,branch,bltu_bgeu_condition_swapped,riscv_jump_stress_test,20312,/workspace/ibex/dv/uvm/out
254,case_254,bug_044,branch,bltu_bgeu_condition_swapped,riscv_machine_mode_rand_test,20331,/workspace/ibex/dv/uvm/out
255,case_255,bug_044,branch,bltu_bgeu_condition_swapped,riscv_jump_stress_test,20315,/workspace/ibex/dv/uvm/out
256,case_256,bug_044,branch,bltu_bgeu_condition_swapped,riscv_jump_stress_test,20314,/workspace/ibex/dv/uvm/out
257,case_257,bug_044,branch,bltu_bgeu_condition_swapped,riscv_jump_stress_test,20310,/workspace/ibex/dv/uvm/out
258,case_258,bug_044,branch,bltu_bgeu_condition_swapped,riscv_machine_mode_rand_test,20328,/workspace/ibex/dv/uvm/out
259,case_259,bug_044,branch,bltu_bgeu_condition_swapped,riscv_rand_instr_test,20324,/workspace/ibex/dv/uvm/out
260,case_260,bug_044,branch,bltu_bgeu_condition_swapped,riscv_rand_instr_test,20322,/workspace/ibex/dv/uvm/out
261,case_261,bug_044,branch,bltu_bgeu_condition_swapped,riscv_rand_jump_test,824402,/workspace/ibex/dv/uvm/out
262,case_262,bug_044,branch,bltu_bgeu_condition_swapped,riscv_rand_jump_test,824404,/workspace/ibex/dv/uvm/out
263,case_263,bug_044,branch,bltu_bgeu_condition_swapped,riscv_rand_jump_test,824405,/workspace/ibex/dv/uvm/out
264,case_264,bug_044,branch,bltu_bgeu_condition_swapped,riscv_rand_jump_test,824406,/workspace/ibex/dv/uvm/out
265,case_265,bug_044,branch,bltu_bgeu_condition_swapped,riscv_rand_jump_test,824407,/workspace/ibex/dv/uvm/out
266,case_266,bug_044,branch,bltu_bgeu_condition_swapped,riscv_rand_jump_test,824409,/workspace/ibex/dv/uvm/out
267,case_267,bug_044,branch,bltu_bgeu_condition_swapped,riscv_rand_instr_test,824441,/workspace/ibex/dv/uvm/out
268,case_268,bug_044,branch,bltu_bgeu_condition_swapped,riscv_rand_instr_test,824442,/workspace/ibex/dv/uvm/out
269,case_269,bug_044,branch,bltu_bgeu_condition_swapped,riscv_rand_instr_test,824443,/workspace/ibex/dv/uvm/out
270,case_270,bug_044,branch,bltu_bgeu_condition_swapped,riscv_rand_instr_test,824444,/workspace/ibex/dv/uvm/out
271,case_271,bug_044,branch,bltu_bgeu_condition_swapped,riscv_rand_instr_test,824445,/workspace/ibex/dv/uvm/out
272,case_272,bug_044,branch,bltu_bgeu_condition_swapped,riscv_rand_instr_test,824446,/workspace/ibex/dv/uvm/out
273,case_273,bug_044,branch,bltu_bgeu_condition_swapped,riscv_rand_instr_test,824447,/workspace/ibex/dv/uvm/out
274,case_274,bug_044,branch,bltu_bgeu_condition_swapped,riscv_rand_instr_test,824448,/workspace/ibex/dv/uvm/out
275,case_275,bug_044,branch,bltu_bgeu_condition_swapped,riscv_rand_instr_test,824449,/workspace/ibex/dv/uvm/out
276,case_276,bug_044,branch,bltu_bgeu_condition_swapped,riscv_rand_instr_test,824450,/workspace/ibex/dv/uvm/out
277,case_277,bug_045,alu,sra_shift_amount_7_as_logical,riscv_machine_mode_rand_test,20420,/workspace/ibex/dv/uvm/out
278,case_278,bug_045,alu,sra_shift_amount_7_as_logical,riscv_rv32im_instr_test,20427,/workspace/ibex/dv/uvm/out
279,case_279,bug_045,alu,sra_shift_amount_7_as_logical,riscv_rand_instr_test,20412,/workspace/ibex/dv/uvm/out
280,case_280,bug_045,alu,sra_shift_amount_7_as_logical,riscv_arithmetic_basic_test,20404,/workspace/ibex/dv/uvm/out
281,case_281,bug_045,alu,sra_shift_amount_7_as_logical,riscv_rv32im_instr_test,20425,/workspace/ibex/dv/uvm/out
282,case_282,bug_045,alu,sra_shift_amount_7_as_logical,riscv_machine_mode_rand_test,20422,/workspace/ibex/dv/uvm/out
283,case_283,bug_045,alu,sra_shift_amount_7_as_logical,riscv_rand_instr_test,20414,/workspace/ibex/dv/uvm/out
284,case_284,bug_045,alu,sra_shift_amount_7_as_logical,riscv_arithmetic_basic_test,20401,/workspace/ibex/dv/uvm/out
285,case_285,bug_045,alu,sra_shift_amount_7_as_logical,riscv_arithmetic_basic_test,20407,/workspace/ibex/dv/uvm/out
286,case_286,bug_045,alu,sra_shift_amount_7_as_logical,riscv_arithmetic_basic_test,20408,/workspace/ibex/dv/uvm/out
287,case_287,bug_045,alu,sra_shift_amount_7_as_logical,riscv_arithmetic_basic_test,20405,/workspace/ibex/dv/uvm/out
288,case_288,bug_045,alu,sra_shift_amount_7_as_logical,riscv_arithmetic_basic_test,20406,/workspace/ibex/dv/uvm/out
289,case_289,bug_045,alu,sra_shift_amount_7_as_logical,riscv_arithmetic_basic_test,20403,/workspace/ibex/dv/uvm/out
290,case_290,bug_045,alu,sra_shift_amount_7_as_logical,riscv_rv32im_instr_test,20429,/workspace/ibex/dv/uvm/out
291,case_291,bug_045,alu,sra_shift_amount_7_as_logical,riscv_rand_instr_test,20415,/workspace/ibex/dv/uvm/out
292,case_292,bug_045,alu,sra_shift_amount_7_as_logical,riscv_rv32im_instr_test,20426,/workspace/ibex/dv/uvm/out
293,case_293,bug_045,alu,sra_shift_amount_7_as_logical,riscv_rand_instr_test,20413,/workspace/ibex/dv/uvm/out
294,case_294,bug_045,alu,sra_shift_amount_7_as_logical,riscv_machine_mode_rand_test,20424,/workspace/ibex/dv/uvm/out
295,case_295,bug_045,alu,sra_shift_amount_7_as_logical,riscv_machine_mode_rand_test,20417,/workspace/ibex/dv/uvm/out
296,case_296,bug_045,alu,sra_shift_amount_7_as_logical,riscv_machine_mode_rand_test,20421,/workspace/ibex/dv/uvm/out
297,case_297,bug_045,alu,sra_shift_amount_7_as_logical,riscv_rv32im_instr_test,20432,/workspace/ibex/dv/uvm/out
298,case_298,bug_045,alu,sra_shift_amount_7_as_logical,riscv_machine_mode_rand_test,20418,/workspace/ibex/dv/uvm/out
299,case_299,bug_045,alu,sra_shift_amount_7_as_logical,riscv_rand_instr_test,20410,/workspace/ibex/dv/uvm/out
300,case_300,bug_045,alu,sra_shift_amount_7_as_logical,riscv_machine_mode_rand_test,20423,/workspace/ibex/dv/uvm/out
301,case_301,bug_045,alu,sra_shift_amount_7_as_logical,riscv_rand_instr_test,20409,/workspace/ibex/dv/uvm/out
302,case_302,bug_045,alu,sra_shift_amount_7_as_logical,riscv_rv32im_instr_test,20431,/workspace/ibex/dv/uvm/out
303,case_303,bug_045,alu,sra_shift_amount_7_as_logical,riscv_rand_instr_test,20416,/workspace/ibex/dv/uvm/out
304,case_304,bug_045,alu,sra_shift_amount_7_as_logical,riscv_rand_instr_test,20411,/workspace/ibex/dv/uvm/out
305,case_305,bug_045,alu,sra_shift_amount_7_as_logical,riscv_machine_mode_rand_test,20419,/workspace/ibex/dv/uvm/out
306,case_306,bug_045,alu,sra_shift_amount_7_as_logical,riscv_rv32im_instr_test,824542,/workspace/ibex/dv/uvm/out
307,case_307,bug_045,alu,sra_shift_amount_7_as_logical,riscv_rv32im_instr_test,824543,/workspace/ibex/dv/uvm/out
308,case_308,bug_045,alu,sra_shift_amount_7_as_logical,riscv_rv32im_instr_test,824544,/workspace/ibex/dv/uvm/out
309,case_309,bug_045,alu,sra_shift_amount_7_as_logical,riscv_rv32im_instr_test,824545,/workspace/ibex/dv/uvm/out
310,case_310,bug_045,alu,sra_shift_amount_7_as_logical,riscv_rv32im_instr_test,824547,/workspace/ibex/dv/uvm/out
311,case_311,bug_045,alu,sra_shift_amount_7_as_logical,riscv_rv32im_instr_test,824548,/workspace/ibex/dv/uvm/out
312,case_312,bug_045,alu,sra_shift_amount_7_as_logical,riscv_rv32im_instr_test,824550,/workspace/ibex/dv/uvm/out
313,case_313,bug_045,alu,sra_shift_amount_7_as_logical,riscv_machine_mode_rand_test,824501,/workspace/ibex/dv/uvm/out
314,case_314,bug_045,alu,sra_shift_amount_7_as_logical,riscv_machine_mode_rand_test,824502,/workspace/ibex/dv/uvm/out
315,case_315,bug_045,alu,sra_shift_amount_7_as_logical,riscv_machine_mode_rand_test,824503,/workspace/ibex/dv/uvm/out
316,case_316,bug_045,alu,sra_shift_amount_7_as_logical,riscv_machine_mode_rand_test,824504,/workspace/ibex/dv/uvm/out
317,case_317,bug_045,alu,sra_shift_amount_7_as_logical,riscv_machine_mode_rand_test,824505,/workspace/ibex/dv/uvm/out
318,case_318,bug_045,alu,sra_shift_amount_7_as_logical,riscv_machine_mode_rand_test,824506,/workspace/ibex/dv/uvm/out
319,case_319,bug_045,alu,sra_shift_amount_7_as_logical,riscv_machine_mode_rand_test,824507,/workspace/ibex/dv/uvm/out
320,case_320,bug_045,alu,sra_shift_amount_7_as_logical,riscv_machine_mode_rand_test,824508,/workspace/ibex/dv/uvm/out
321,case_321,bug_045,alu,sra_shift_amount_7_as_logical,riscv_machine_mode_rand_test,824509,/workspace/ibex/dv/uvm/out
322,case_322,bug_045,alu,sra_shift_amount_7_as_logical,riscv_machine_mode_rand_test,824510,/workspace/ibex/dv/uvm/out
323,case_323,bug_046,load_store,lb_offset_2_sign_extension_wrong,riscv_user_mode_rand_test,20532,/workspace/ibex/dv/uvm/out
324,case_324,bug_046,load_store,lb_offset_2_sign_extension_wrong,riscv_rand_instr_test,20510,/workspace/ibex/dv/uvm/out
325,case_325,bug_046,load_store,lb_offset_2_sign_extension_wrong,riscv_machine_mode_rand_test,20520,/workspace/ibex/dv/uvm/out
326,case_326,bug_046,load_store,lb_offset_2_sign_extension_wrong,riscv_user_mode_rand_test,20525,/workspace/ibex/dv/uvm/out
327,case_327,bug_046,load_store,lb_offset_2_sign_extension_wrong,riscv_rand_instr_test,20516,/workspace/ibex/dv/uvm/out
328,case_328,bug_046,load_store,lb_offset_2_sign_extension_wrong,riscv_rand_instr_test,20509,/workspace/ibex/dv/uvm/out
329,case_329,bug_046,load_store,lb_offset_2_sign_extension_wrong,riscv_rand_instr_test,20513,/workspace/ibex/dv/uvm/out
330,case_330,bug_046,load_store,lb_offset_2_sign_extension_wrong,riscv_machine_mode_rand_test,20523,/workspace/ibex/dv/uvm/out
331,case_331,bug_046,load_store,lb_offset_2_sign_extension_wrong,riscv_machine_mode_rand_test,20517,/workspace/ibex/dv/uvm/out
332,case_332,bug_046,load_store,lb_offset_2_sign_extension_wrong,riscv_machine_mode_rand_test,20524,/workspace/ibex/dv/uvm/out
333,case_333,bug_046,load_store,lb_offset_2_sign_extension_wrong,riscv_user_mode_rand_test,20527,/workspace/ibex/dv/uvm/out
334,case_334,bug_046,load_store,lb_offset_2_sign_extension_wrong,riscv_rand_instr_test,20515,/workspace/ibex/dv/uvm/out
335,case_335,bug_046,load_store,lb_offset_2_sign_extension_wrong,riscv_machine_mode_rand_test,20522,/workspace/ibex/dv/uvm/out
336,case_336,bug_046,load_store,lb_offset_2_sign_extension_wrong,riscv_user_mode_rand_test,20529,/workspace/ibex/dv/uvm/out
337,case_337,bug_046,load_store,lb_offset_2_sign_extension_wrong,riscv_machine_mode_rand_test,20519,/workspace/ibex/dv/uvm/out
338,case_338,bug_046,load_store,lb_offset_2_sign_extension_wrong,riscv_user_mode_rand_test,20528,/workspace/ibex/dv/uvm/out
339,case_339,bug_046,load_store,lb_offset_2_sign_extension_wrong,riscv_rand_instr_test,20514,/workspace/ibex/dv/uvm/out
340,case_340,bug_046,load_store,lb_offset_2_sign_extension_wrong,riscv_user_mode_rand_test,20526,/workspace/ibex/dv/uvm/out
341,case_341,bug_046,load_store,lb_offset_2_sign_extension_wrong,riscv_user_mode_rand_test,20530,/workspace/ibex/dv/uvm/out
342,case_342,bug_046,load_store,lb_offset_2_sign_extension_wrong,riscv_unaligned_load_store_test,20502,/workspace/ibex/dv/uvm/out
343,case_343,bug_046,load_store,lb_offset_2_sign_extension_wrong,riscv_rand_instr_test,20511,/workspace/ibex/dv/uvm/out
344,case_344,bug_046,load_store,lb_offset_2_sign_extension_wrong,riscv_machine_mode_rand_test,20518,/workspace/ibex/dv/uvm/out
345,case_345,bug_046,load_store,lb_offset_2_sign_extension_wrong,riscv_machine_mode_rand_test,20521,/workspace/ibex/dv/uvm/out
346,case_346,bug_046,load_store,lb_offset_2_sign_extension_wrong,riscv_unaligned_load_store_test,20508,/workspace/ibex/dv/uvm/out
347,case_347,bug_046,load_store,lb_offset_2_sign_extension_wrong,riscv_unaligned_load_store_test,20506,/workspace/ibex/dv/uvm/out
348,case_348,bug_046,load_store,lb_offset_2_sign_extension_wrong,riscv_unaligned_load_store_test,20505,/workspace/ibex/dv/uvm/out
349,case_349,bug_046,load_store,lb_offset_2_sign_extension_wrong,riscv_unaligned_load_store_test,20501,/workspace/ibex/dv/uvm/out
350,case_350,bug_046,load_store,lb_offset_2_sign_extension_wrong,riscv_unaligned_load_store_test,20504,/workspace/ibex/dv/uvm/out
351,case_351,bug_046,load_store,lb_offset_2_sign_extension_wrong,riscv_user_mode_rand_test,824601,/workspace/ibex/dv/uvm/out
352,case_352,bug_046,load_store,lb_offset_2_sign_extension_wrong,riscv_user_mode_rand_test,824602,/workspace/ibex/dv/uvm/out
353,case_353,bug_046,load_store,lb_offset_2_sign_extension_wrong,riscv_user_mode_rand_test,824603,/workspace/ibex/dv/uvm/out
354,case_354,bug_046,load_store,lb_offset_2_sign_extension_wrong,riscv_user_mode_rand_test,824604,/workspace/ibex/dv/uvm/out
355,case_355,bug_046,load_store,lb_offset_2_sign_extension_wrong,riscv_user_mode_rand_test,824606,/workspace/ibex/dv/uvm/out
356,case_356,bug_046,load_store,lb_offset_2_sign_extension_wrong,riscv_user_mode_rand_test,824607,/workspace/ibex/dv/uvm/out
357,case_357,bug_046,load_store,lb_offset_2_sign_extension_wrong,riscv_user_mode_rand_test,824609,/workspace/ibex/dv/uvm/out
358,case_358,bug_046,load_store,lb_offset_2_sign_extension_wrong,riscv_user_mode_rand_test,824610,/workspace/ibex/dv/uvm/out
359,case_359,bug_046,load_store,lb_offset_2_sign_extension_wrong,riscv_rand_instr_test,824641,/workspace/ibex/dv/uvm/out
360,case_360,bug_046,load_store,lb_offset_2_sign_extension_wrong,riscv_rand_instr_test,824642,/workspace/ibex/dv/uvm/out
361,case_361,bug_046,load_store,lb_offset_2_sign_extension_wrong,riscv_rand_instr_test,824643,/workspace/ibex/dv/uvm/out
362,case_362,bug_046,load_store,lb_offset_2_sign_extension_wrong,riscv_rand_instr_test,824644,/workspace/ibex/dv/uvm/out
363,case_363,bug_046,load_store,lb_offset_2_sign_extension_wrong,riscv_rand_instr_test,824645,/workspace/ibex/dv/uvm/out
364,case_364,bug_046,load_store,lb_offset_2_sign_extension_wrong,riscv_rand_instr_test,824646,/workspace/ibex/dv/uvm/out
365,case_365,bug_046,load_store,lb_offset_2_sign_extension_wrong,riscv_rand_instr_test,824647,/workspace/ibex/dv/uvm/out
366,case_366,bug_046,load_store,lb_offset_2_sign_extension_wrong,riscv_rand_instr_test,824648,/workspace/ibex/dv/uvm/out
367,case_367,bug_046,load_store,lb_offset_2_sign_extension_wrong,riscv_rand_instr_test,824649,/workspace/ibex/dv/uvm/out
368,case_368,bug_046,load_store,lb_offset_2_sign_extension_wrong,riscv_rand_instr_test,824650,/workspace/ibex/dv/uvm/out
369,case_369,bug_047,branch,beq_low_operand_pattern_inverted,riscv_jump_stress_test,20611,/workspace/ibex/dv/uvm/out
370,case_370,bug_047,branch,beq_low_operand_pattern_inverted,riscv_rand_jump_test,20608,/workspace/ibex/dv/uvm/out
371,case_371,bug_047,branch,beq_low_operand_pattern_inverted,riscv_machine_mode_rand_test,20630,/workspace/ibex/dv/uvm/out
372,case_372,bug_047,branch,beq_low_operand_pattern_inverted,riscv_rand_instr_test,20622,/workspace/ibex/dv/uvm/out
373,case_373,bug_047,branch,beq_low_operand_pattern_inverted,riscv_rand_jump_test,20607,/workspace/ibex/dv/uvm/out
374,case_374,bug_047,branch,beq_low_operand_pattern_inverted,riscv_rand_jump_test,20601,/workspace/ibex/dv/uvm/out
375,case_375,bug_047,branch,beq_low_operand_pattern_inverted,riscv_rand_jump_test,20602,/workspace/ibex/dv/uvm/out
376,case_376,bug_047,branch,beq_low_operand_pattern_inverted,riscv_rand_jump_test,20603,/workspace/ibex/dv/uvm/out
377,case_377,bug_047,branch,beq_low_operand_pattern_inverted,riscv_rand_jump_test,20604,/workspace/ibex/dv/uvm/out
378,case_378,bug_047,branch,beq_low_operand_pattern_inverted,riscv_rand_jump_test,20606,/workspace/ibex/dv/uvm/out
379,case_379,bug_047,branch,beq_low_operand_pattern_inverted,riscv_rand_instr_test,20618,/workspace/ibex/dv/uvm/out
380,case_380,bug_047,branch,beq_low_operand_pattern_inverted,riscv_rand_instr_test,20624,/workspace/ibex/dv/uvm/out
381,case_381,bug_047,branch,beq_low_operand_pattern_inverted,riscv_jump_stress_test,20609,/workspace/ibex/dv/uvm/out
382,case_382,bug_047,branch,beq_low_operand_pattern_inverted,riscv_jump_stress_test,20613,/workspace/ibex/dv/uvm/out
383,case_383,bug_047,branch,beq_low_operand_pattern_inverted,riscv_rand_instr_test,20621,/workspace/ibex/dv/uvm/out
384,case_384,bug_047,branch,beq_low_operand_pattern_inverted,riscv_machine_mode_rand_test,20629,/workspace/ibex/dv/uvm/out
385,case_385,bug_047,branch,beq_low_operand_pattern_inverted,riscv_rand_instr_test,20623,/workspace/ibex/dv/uvm/out
386,case_386,bug_047,branch,beq_low_operand_pattern_inverted,riscv_rand_instr_test,20620,/workspace/ibex/dv/uvm/out
387,case_387,bug_047,branch,beq_low_operand_pattern_inverted,riscv_rand_instr_test,20619,/workspace/ibex/dv/uvm/out
388,case_388,bug_047,branch,beq_low_operand_pattern_inverted,riscv_jump_stress_test,20616,/workspace/ibex/dv/uvm/out
389,case_389,bug_047,branch,beq_low_operand_pattern_inverted,riscv_rand_instr_test,20617,/workspace/ibex/dv/uvm/out
390,case_390,bug_047,branch,beq_low_operand_pattern_inverted,riscv_machine_mode_rand_test,20631,/workspace/ibex/dv/uvm/out
391,case_391,bug_047,branch,beq_low_operand_pattern_inverted,riscv_jump_stress_test,20615,/workspace/ibex/dv/uvm/out
392,case_392,bug_047,branch,beq_low_operand_pattern_inverted,riscv_machine_mode_rand_test,20627,/workspace/ibex/dv/uvm/out
393,case_393,bug_047,branch,beq_low_operand_pattern_inverted,riscv_machine_mode_rand_test,20626,/workspace/ibex/dv/uvm/out
394,case_394,bug_047,branch,beq_low_operand_pattern_inverted,riscv_machine_mode_rand_test,20632,/workspace/ibex/dv/uvm/out
395,case_395,bug_047,branch,beq_low_operand_pattern_inverted,riscv_machine_mode_rand_test,20628,/workspace/ibex/dv/uvm/out
396,case_396,bug_047,branch,beq_low_operand_pattern_inverted,riscv_jump_stress_test,20614,/workspace/ibex/dv/uvm/out
397,case_397,bug_047,branch,beq_low_operand_pattern_inverted,riscv_machine_mode_rand_test,20625,/workspace/ibex/dv/uvm/out
398,case_398,bug_047,branch,beq_low_operand_pattern_inverted,riscv_rand_jump_test,824742,/workspace/ibex/dv/uvm/out
399,case_399,bug_047,branch,beq_low_operand_pattern_inverted,riscv_rand_jump_test,824743,/workspace/ibex/dv/uvm/out
400,case_400,bug_047,branch,beq_low_operand_pattern_inverted,riscv_rand_jump_test,824744,/workspace/ibex/dv/uvm/out
401,case_401,bug_047,branch,beq_low_operand_pattern_inverted,riscv_rand_jump_test,824745,/workspace/ibex/dv/uvm/out
402,case_402,bug_047,branch,beq_low_operand_pattern_inverted,riscv_rand_jump_test,824746,/workspace/ibex/dv/uvm/out
403,case_403,bug_047,branch,beq_low_operand_pattern_inverted,riscv_rand_jump_test,824747,/workspace/ibex/dv/uvm/out
404,case_404,bug_047,branch,beq_low_operand_pattern_inverted,riscv_rand_jump_test,824748,/workspace/ibex/dv/uvm/out
405,case_405,bug_047,branch,beq_low_operand_pattern_inverted,riscv_rand_jump_test,824749,/workspace/ibex/dv/uvm/out
406,case_406,bug_047,branch,beq_low_operand_pattern_inverted,riscv_rand_jump_test,824750,/workspace/ibex/dv/uvm/out
407,case_407,bug_047,branch,beq_low_operand_pattern_inverted,riscv_jump_stress_test,824701,/workspace/ibex/dv/uvm/out
408,case_408,bug_047,branch,beq_low_operand_pattern_inverted,riscv_jump_stress_test,824704,/workspace/ibex/dv/uvm/out
409,case_409,bug_047,branch,beq_low_operand_pattern_inverted,riscv_jump_stress_test,824705,/workspace/ibex/dv/uvm/out
410,case_410,bug_047,branch,beq_low_operand_pattern_inverted,riscv_jump_stress_test,824706,/workspace/ibex/dv/uvm/out
411,case_411,bug_047,branch,beq_low_operand_pattern_inverted,riscv_jump_stress_test,824707,/workspace/ibex/dv/uvm/out
412,case_412,bug_047,branch,beq_low_operand_pattern_inverted,riscv_jump_stress_test,824708,/workspace/ibex/dv/uvm/out
413,case_413,bug_047,branch,beq_low_operand_pattern_inverted,riscv_jump_stress_test,824709,/workspace/ibex/dv/uvm/out
414,case_414,bug_047,branch,beq_low_operand_pattern_inverted,riscv_jump_stress_test,824710,/workspace/ibex/dv/uvm/out
415,case_415,bug_048,alu,add_sub_operand_low_byte_bitflip,riscv_rv32im_instr_test,20726,/workspace/ibex/dv/uvm/out
416,case_416,bug_048,alu,add_sub_operand_low_byte_bitflip,riscv_rand_instr_test,20714,/workspace/ibex/dv/uvm/out
417,case_417,bug_048,alu,add_sub_operand_low_byte_bitflip,riscv_arithmetic_basic_test,20708,/workspace/ibex/dv/uvm/out
418,case_418,bug_048,alu,add_sub_operand_low_byte_bitflip,riscv_machine_mode_rand_test,20722,/workspace/ibex/dv/uvm/out
419,case_419,bug_048,alu,add_sub_operand_low_byte_bitflip,riscv_rv32im_instr_test,20731,/workspace/ibex/dv/uvm/out
420,case_420,bug_048,alu,add_sub_operand_low_byte_bitflip,riscv_rv32im_instr_test,20732,/workspace/ibex/dv/uvm/out
421,case_421,bug_048,alu,add_sub_operand_low_byte_bitflip,riscv_rand_instr_test,20715,/workspace/ibex/dv/uvm/out
422,case_422,bug_048,alu,add_sub_operand_low_byte_bitflip,riscv_arithmetic_basic_test,20707,/workspace/ibex/dv/uvm/out
423,case_423,bug_048,alu,add_sub_operand_low_byte_bitflip,riscv_arithmetic_basic_test,20702,/workspace/ibex/dv/uvm/out
424,case_424,bug_048,alu,add_sub_operand_low_byte_bitflip,riscv_arithmetic_basic_test,20701,/workspace/ibex/dv/uvm/out
425,case_425,bug_048,alu,add_sub_operand_low_byte_bitflip,riscv_arithmetic_basic_test,20705,/workspace/ibex/dv/uvm/out
426,case_426,bug_048,alu,add_sub_operand_low_byte_bitflip,riscv_arithmetic_basic_test,20706,/workspace/ibex/dv/uvm/out
427,case_427,bug_048,alu,add_sub_operand_low_byte_bitflip,riscv_arithmetic_basic_test,20703,/workspace/ibex/dv/uvm/out
428,case_428,bug_048,alu,add_sub_operand_low_byte_bitflip,riscv_arithmetic_basic_test,20704,/workspace/ibex/dv/uvm/out
429,case_429,bug_048,alu,add_sub_operand_low_byte_bitflip,riscv_rv32im_instr_test,20730,/workspace/ibex/dv/uvm/out
430,case_430,bug_048,alu,add_sub_operand_low_byte_bitflip,riscv_machine_mode_rand_test,20719,/workspace/ibex/dv/uvm/out
431,case_431,bug_048,alu,add_sub_operand_low_byte_bitflip,riscv_rand_instr_test,20712,/workspace/ibex/dv/uvm/out
432,case_432,bug_048,alu,add_sub_operand_low_byte_bitflip,riscv_rand_instr_test,20711,/workspace/ibex/dv/uvm/out
433,case_433,bug_048,alu,add_sub_operand_low_byte_bitflip,riscv_machine_mode_rand_test,20724,/workspace/ibex/dv/uvm/out
434,case_434,bug_048,alu,add_sub_operand_low_byte_bitflip,riscv_machine_mode_rand_test,20717,/workspace/ibex/dv/uvm/out
435,case_435,bug_048,alu,add_sub_operand_low_byte_bitflip,riscv_rand_instr_test,20713,/workspace/ibex/dv/uvm/out
436,case_436,bug_048,alu,add_sub_operand_low_byte_bitflip,riscv_machine_mode_rand_test,20720,/workspace/ibex/dv/uvm/out
437,case_437,bug_048,alu,add_sub_operand_low_byte_bitflip,riscv_machine_mode_rand_test,20723,/workspace/ibex/dv/uvm/out
438,case_438,bug_048,alu,add_sub_operand_low_byte_bitflip,riscv_rand_instr_test,20709,/workspace/ibex/dv/uvm/out
439,case_439,bug_048,alu,add_sub_operand_low_byte_bitflip,riscv_rand_instr_test,20710,/workspace/ibex/dv/uvm/out
440,case_440,bug_048,alu,add_sub_operand_low_byte_bitflip,riscv_rand_instr_test,20716,/workspace/ibex/dv/uvm/out
441,case_441,bug_048,alu,add_sub_operand_low_byte_bitflip,riscv_machine_mode_rand_test,20718,/workspace/ibex/dv/uvm/out
442,case_442,bug_048,alu,add_sub_operand_low_byte_bitflip,riscv_machine_mode_rand_test,20721,/workspace/ibex/dv/uvm/out
443,case_443,bug_048,alu,add_sub_operand_low_byte_bitflip,riscv_rv32im_instr_test,824801,/workspace/ibex/dv/uvm/out
444,case_444,bug_048,alu,add_sub_operand_low_byte_bitflip,riscv_rv32im_instr_test,824803,/workspace/ibex/dv/uvm/out
445,case_445,bug_048,alu,add_sub_operand_low_byte_bitflip,riscv_rv32im_instr_test,824805,/workspace/ibex/dv/uvm/out
446,case_446,bug_048,alu,add_sub_operand_low_byte_bitflip,riscv_rv32im_instr_test,824806,/workspace/ibex/dv/uvm/out
447,case_447,bug_048,alu,add_sub_operand_low_byte_bitflip,riscv_rv32im_instr_test,824807,/workspace/ibex/dv/uvm/out
448,case_448,bug_048,alu,add_sub_operand_low_byte_bitflip,riscv_rv32im_instr_test,824808,/workspace/ibex/dv/uvm/out
449,case_449,bug_048,alu,add_sub_operand_low_byte_bitflip,riscv_rv32im_instr_test,824809,/workspace/ibex/dv/uvm/out
450,case_450,bug_048,alu,add_sub_operand_low_byte_bitflip,riscv_rv32im_instr_test,824810,/workspace/ibex/dv/uvm/out
451,case_451,bug_048,alu,add_sub_operand_low_byte_bitflip,riscv_rand_instr_test,824841,/workspace/ibex/dv/uvm/out
452,case_452,bug_048,alu,add_sub_operand_low_byte_bitflip,riscv_rand_instr_test,824842,/workspace/ibex/dv/uvm/out
453,case_453,bug_048,alu,add_sub_operand_low_byte_bitflip,riscv_rand_instr_test,824843,/workspace/ibex/dv/uvm/out
454,case_454,bug_048,alu,add_sub_operand_low_byte_bitflip,riscv_rand_instr_test,824844,/workspace/ibex/dv/uvm/out
455,case_455,bug_048,alu,add_sub_operand_low_byte_bitflip,riscv_rand_instr_test,824845,/workspace/ibex/dv/uvm/out
456,case_456,bug_048,alu,add_sub_operand_low_byte_bitflip,riscv_rand_instr_test,824846,/workspace/ibex/dv/uvm/out
457,case_457,bug_048,alu,add_sub_operand_low_byte_bitflip,riscv_rand_instr_test,824847,/workspace/ibex/dv/uvm/out
458,case_458,bug_048,alu,add_sub_operand_low_byte_bitflip,riscv_rand_instr_test,824848,/workspace/ibex/dv/uvm/out
459,case_459,bug_048,alu,add_sub_operand_low_byte_bitflip,riscv_rand_instr_test,824849,/workspace/ibex/dv/uvm/out
460,case_460,bug_048,alu,add_sub_operand_low_byte_bitflip,riscv_rand_instr_test,824850,/workspace/ibex/dv/uvm/out
461,case_461,bug_049,alu,sra_shift_amount_31_as_logical,riscv_rv32im_instr_test,20831,/workspace/ibex/dv/uvm/out
462,case_462,bug_049,alu,sra_shift_amount_31_as_logical,riscv_rand_instr_test,20816,/workspace/ibex/dv/uvm/out
463,case_463,bug_049,alu,sra_shift_amount_31_as_logical,riscv_machine_mode_rand_test,20817,/workspace/ibex/dv/uvm/out
464,case_464,bug_049,alu,sra_shift_amount_31_as_logical,riscv_arithmetic_basic_test,20808,/workspace/ibex/dv/uvm/out
465,case_465,bug_049,alu,sra_shift_amount_31_as_logical,riscv_rv32im_instr_test,20832,/workspace/ibex/dv/uvm/out
466,case_466,bug_049,alu,sra_shift_amount_31_as_logical,riscv_rv32im_instr_test,20828,/workspace/ibex/dv/uvm/out
467,case_467,bug_049,alu,sra_shift_amount_31_as_logical,riscv_rv32im_instr_test,20829,/workspace/ibex/dv/uvm/out
468,case_468,bug_049,alu,sra_shift_amount_31_as_logical,riscv_rv32im_instr_test,20825,/workspace/ibex/dv/uvm/out
469,case_469,bug_049,alu,sra_shift_amount_31_as_logical,riscv_rand_instr_test,20814,/workspace/ibex/dv/uvm/out
470,case_470,bug_049,alu,sra_shift_amount_31_as_logical,riscv_arithmetic_basic_test,20803,/workspace/ibex/dv/uvm/out
471,case_471,bug_049,alu,sra_shift_amount_31_as_logical,riscv_arithmetic_basic_test,20802,/workspace/ibex/dv/uvm/out
472,case_472,bug_049,alu,sra_shift_amount_31_as_logical,riscv_arithmetic_basic_test,20805,/workspace/ibex/dv/uvm/out
473,case_473,bug_049,alu,sra_shift_amount_31_as_logical,riscv_arithmetic_basic_test,20801,/workspace/ibex/dv/uvm/out
474,case_474,bug_049,alu,sra_shift_amount_31_as_logical,riscv_arithmetic_basic_test,20807,/workspace/ibex/dv/uvm/out
475,case_475,bug_049,alu,sra_shift_amount_31_as_logical,riscv_arithmetic_basic_test,20804,/workspace/ibex/dv/uvm/out
476,case_476,bug_049,alu,sra_shift_amount_31_as_logical,riscv_arithmetic_basic_test,20806,/workspace/ibex/dv/uvm/out
477,case_477,bug_049,alu,sra_shift_amount_31_as_logical,riscv_rv32im_instr_test,20827,/workspace/ibex/dv/uvm/out
478,case_478,bug_049,alu,sra_shift_amount_31_as_logical,riscv_machine_mode_rand_test,20824,/workspace/ibex/dv/uvm/out
479,case_479,bug_049,alu,sra_shift_amount_31_as_logical,riscv_machine_mode_rand_test,20818,/workspace/ibex/dv/uvm/out
480,case_480,bug_049,alu,sra_shift_amount_31_as_logical,riscv_rv32im_instr_test,20830,/workspace/ibex/dv/uvm/out
481,case_481,bug_049,alu,sra_shift_amount_31_as_logical,riscv_machine_mode_rand_test,20819,/workspace/ibex/dv/uvm/out
482,case_482,bug_049,alu,sra_shift_amount_31_as_logical,riscv_machine_mode_rand_test,20820,/workspace/ibex/dv/uvm/out
483,case_483,bug_049,alu,sra_shift_amount_31_as_logical,riscv_rand_instr_test,20812,/workspace/ibex/dv/uvm/out
484,case_484,bug_049,alu,sra_shift_amount_31_as_logical,riscv_rand_instr_test,20813,/workspace/ibex/dv/uvm/out
485,case_485,bug_049,alu,sra_shift_amount_31_as_logical,riscv_rand_instr_test,20809,/workspace/ibex/dv/uvm/out
486,case_486,bug_049,alu,sra_shift_amount_31_as_logical,riscv_machine_mode_rand_test,20823,/workspace/ibex/dv/uvm/out
487,case_487,bug_049,alu,sra_shift_amount_31_as_logical,riscv_machine_mode_rand_test,20821,/workspace/ibex/dv/uvm/out
488,case_488,bug_049,alu,sra_shift_amount_31_as_logical,riscv_machine_mode_rand_test,20822,/workspace/ibex/dv/uvm/out
489,case_489,bug_049,alu,sra_shift_amount_31_as_logical,riscv_rand_instr_test,20815,/workspace/ibex/dv/uvm/out
490,case_490,bug_049,alu,sra_shift_amount_31_as_logical,riscv_rand_instr_test,20811,/workspace/ibex/dv/uvm/out
491,case_491,bug_049,alu,sra_shift_amount_31_as_logical,riscv_rand_instr_test,20810,/workspace/ibex/dv/uvm/out
492,case_492,bug_049,alu,sra_shift_amount_31_as_logical,riscv_rand_instr_test,824941,/workspace/ibex/dv/uvm/out
493,case_493,bug_049,alu,sra_shift_amount_31_as_logical,riscv_rand_instr_test,824942,/workspace/ibex/dv/uvm/out
494,case_494,bug_049,alu,sra_shift_amount_31_as_logical,riscv_rand_instr_test,824943,/workspace/ibex/dv/uvm/out
495,case_495,bug_049,alu,sra_shift_amount_31_as_logical,riscv_rand_instr_test,824944,/workspace/ibex/dv/uvm/out
496,case_496,bug_049,alu,sra_shift_amount_31_as_logical,riscv_rand_instr_test,824945,/workspace/ibex/dv/uvm/out
497,case_497,bug_049,alu,sra_shift_amount_31_as_logical,riscv_rand_instr_test,824946,/workspace/ibex/dv/uvm/out
498,case_498,bug_049,alu,sra_shift_amount_31_as_logical,riscv_rand_instr_test,824947,/workspace/ibex/dv/uvm/out
499,case_499,bug_049,alu,sra_shift_amount_31_as_logical,riscv_rand_instr_test,824948,/workspace/ibex/dv/uvm/out
500,case_500,bug_049,alu,sra_shift_amount_31_as_logical,riscv_rand_instr_test,824949,/workspace/ibex/dv/uvm/out
501,case_501,bug_049,alu,sra_shift_amount_31_as_logical,riscv_rand_instr_test,824950,/workspace/ibex/dv/uvm/out
502,case_502,bug_049,alu,sra_shift_amount_31_as_logical,riscv_rv32im_instr_test,824901,/workspace/ibex/dv/uvm/out
503,case_503,bug_049,alu,sra_shift_amount_31_as_logical,riscv_rv32im_instr_test,824904,/workspace/ibex/dv/uvm/out
504,case_504,bug_049,alu,sra_shift_amount_31_as_logical,riscv_rv32im_instr_test,824905,/workspace/ibex/dv/uvm/out
505,case_505,bug_049,alu,sra_shift_amount_31_as_logical,riscv_rv32im_instr_test,824906,/workspace/ibex/dv/uvm/out
506,case_506,bug_049,alu,sra_shift_amount_31_as_logical,riscv_rv32im_instr_test,824907,/workspace/ibex/dv/uvm/out
507,case_507,bug_050,load_store,lb_offset_2_data_pattern_sign_extension_wrong,riscv_machine_mode_rand_test,20924,/workspace/ibex/dv/uvm/out
508,case_508,bug_050,load_store,lb_offset_2_data_pattern_sign_extension_wrong,riscv_rand_instr_test,20910,/workspace/ibex/dv/uvm/out
509,case_509,bug_050,load_store,lb_offset_2_data_pattern_sign_extension_wrong,riscv_user_mode_rand_test,20930,/workspace/ibex/dv/uvm/out
510,case_510,bug_050,load_store,lb_offset_2_data_pattern_sign_extension_wrong,riscv_machine_mode_rand_test,20920,/workspace/ibex/dv/uvm/out
511,case_511,bug_050,load_store,lb_offset_2_data_pattern_sign_extension_wrong,riscv_rand_instr_test,20912,/workspace/ibex/dv/uvm/out
512,case_512,bug_050,load_store,lb_offset_2_data_pattern_sign_extension_wrong,riscv_user_mode_rand_test,20932,/workspace/ibex/dv/uvm/out
513,case_513,bug_050,load_store,lb_offset_2_data_pattern_sign_extension_wrong,riscv_user_mode_rand_test,20925,/workspace/ibex/dv/uvm/out
514,case_514,bug_050,load_store,lb_offset_2_data_pattern_sign_extension_wrong,riscv_user_mode_rand_test,20929,/workspace/ibex/dv/uvm/out
515,case_515,bug_050,load_store,lb_offset_2_data_pattern_sign_extension_wrong,riscv_machine_mode_rand_test,20919,/workspace/ibex/dv/uvm/out
516,case_516,bug_050,load_store,lb_offset_2_data_pattern_sign_extension_wrong,riscv_user_mode_rand_test,20927,/workspace/ibex/dv/uvm/out
517,case_517,bug_050,load_store,lb_offset_2_data_pattern_sign_extension_wrong,riscv_rand_instr_test,20913,/workspace/ibex/dv/uvm/out
518,case_518,bug_050,load_store,lb_offset_2_data_pattern_sign_extension_wrong,riscv_machine_mode_rand_test,20921,/workspace/ibex/dv/uvm/out
519,case_519,bug_050,load_store,lb_offset_2_data_pattern_sign_extension_wrong,riscv_rand_instr_test,20915,/workspace/ibex/dv/uvm/out
520,case_520,bug_050,load_store,lb_offset_2_data_pattern_sign_extension_wrong,riscv_rand_instr_test,20909,/workspace/ibex/dv/uvm/out
521,case_521,bug_050,load_store,lb_offset_2_data_pattern_sign_extension_wrong,riscv_user_mode_rand_test,20926,/workspace/ibex/dv/uvm/out
522,case_522,bug_050,load_store,lb_offset_2_data_pattern_sign_extension_wrong,riscv_machine_mode_rand_test,20918,/workspace/ibex/dv/uvm/out
523,case_523,bug_050,load_store,lb_offset_2_data_pattern_sign_extension_wrong,riscv_machine_mode_rand_test,20917,/workspace/ibex/dv/uvm/out
524,case_524,bug_050,load_store,lb_offset_2_data_pattern_sign_extension_wrong,riscv_machine_mode_rand_test,20923,/workspace/ibex/dv/uvm/out
525,case_525,bug_050,load_store,lb_offset_2_data_pattern_sign_extension_wrong,riscv_rand_instr_test,20914,/workspace/ibex/dv/uvm/out
526,case_526,bug_050,load_store,lb_offset_2_data_pattern_sign_extension_wrong,riscv_rand_instr_test,20911,/workspace/ibex/dv/uvm/out
527,case_527,bug_050,load_store,lb_offset_2_data_pattern_sign_extension_wrong,riscv_user_mode_rand_test,20931,/workspace/ibex/dv/uvm/out
528,case_528,bug_050,load_store,lb_offset_2_data_pattern_sign_extension_wrong,riscv_unaligned_load_store_test,20906,/workspace/ibex/dv/uvm/out
529,case_529,bug_050,load_store,lb_offset_2_data_pattern_sign_extension_wrong,riscv_unaligned_load_store_test,20901,/workspace/ibex/dv/uvm/out
530,case_530,bug_050,load_store,lb_offset_2_data_pattern_sign_extension_wrong,riscv_unaligned_load_store_test,20903,/workspace/ibex/dv/uvm/out
531,case_531,bug_050,load_store,lb_offset_2_data_pattern_sign_extension_wrong,riscv_user_mode_rand_test,20928,/workspace/ibex/dv/uvm/out
532,case_532,bug_050,load_store,lb_offset_2_data_pattern_sign_extension_wrong,riscv_unaligned_load_store_test,20902,/workspace/ibex/dv/uvm/out
533,case_533,bug_050,load_store,lb_offset_2_data_pattern_sign_extension_wrong,riscv_unaligned_load_store_test,20905,/workspace/ibex/dv/uvm/out
534,case_534,bug_050,load_store,lb_offset_2_data_pattern_sign_extension_wrong,riscv_unaligned_load_store_test,20908,/workspace/ibex/dv/uvm/out
535,case_535,bug_050,load_store,lb_offset_2_data_pattern_sign_extension_wrong,riscv_unaligned_load_store_test,20904,/workspace/ibex/dv/uvm/out
536,case_536,bug_050,load_store,lb_offset_2_data_pattern_sign_extension_wrong,riscv_machine_mode_rand_test,825001,/workspace/ibex/dv/uvm/out
537,case_537,bug_050,load_store,lb_offset_2_data_pattern_sign_extension_wrong,riscv_machine_mode_rand_test,825002,/workspace/ibex/dv/uvm/out
538,case_538,bug_050,load_store,lb_offset_2_data_pattern_sign_extension_wrong,riscv_machine_mode_rand_test,825005,/workspace/ibex/dv/uvm/out
539,case_539,bug_050,load_store,lb_offset_2_data_pattern_sign_extension_wrong,riscv_machine_mode_rand_test,825006,/workspace/ibex/dv/uvm/out
540,case_540,bug_050,load_store,lb_offset_2_data_pattern_sign_extension_wrong,riscv_machine_mode_rand_test,825007,/workspace/ibex/dv/uvm/out
541,case_541,bug_050,load_store,lb_offset_2_data_pattern_sign_extension_wrong,riscv_machine_mode_rand_test,825008,/workspace/ibex/dv/uvm/out
542,case_542,bug_050,load_store,lb_offset_2_data_pattern_sign_extension_wrong,riscv_machine_mode_rand_test,825009,/workspace/ibex/dv/uvm/out
543,case_543,bug_050,load_store,lb_offset_2_data_pattern_sign_extension_wrong,riscv_rand_instr_test,825041,/workspace/ibex/dv/uvm/out
544,case_544,bug_050,load_store,lb_offset_2_data_pattern_sign_extension_wrong,riscv_rand_instr_test,825042,/workspace/ibex/dv/uvm/out
545,case_545,bug_050,load_store,lb_offset_2_data_pattern_sign_extension_wrong,riscv_rand_instr_test,825043,/workspace/ibex/dv/uvm/out
546,case_546,bug_050,load_store,lb_offset_2_data_pattern_sign_extension_wrong,riscv_rand_instr_test,825044,/workspace/ibex/dv/uvm/out
547,case_547,bug_050,load_store,lb_offset_2_data_pattern_sign_extension_wrong,riscv_rand_instr_test,825045,/workspace/ibex/dv/uvm/out
548,case_548,bug_050,load_store,lb_offset_2_data_pattern_sign_extension_wrong,riscv_rand_instr_test,825046,/workspace/ibex/dv/uvm/out
549,case_549,bug_050,load_store,lb_offset_2_data_pattern_sign_extension_wrong,riscv_rand_instr_test,825047,/workspace/ibex/dv/uvm/out
550,case_550,bug_050,load_store,lb_offset_2_data_pattern_sign_extension_wrong,riscv_rand_instr_test,825048,/workspace/ibex/dv/uvm/out
551,case_551,bug_050,load_store,lb_offset_2_data_pattern_sign_extension_wrong,riscv_rand_instr_test,825049,/workspace/ibex/dv/uvm/out
552,case_552,bug_050,load_store,lb_offset_2_data_pattern_sign_extension_wrong,riscv_rand_instr_test,825050,/workspace/ibex/dv/uvm/out
553,case_553,bug_051,load_store,lb_offset_2_sign_extension_after_32_loads,riscv_rand_instr_test,21014,/workspace/ibex/dv/uvm/out
554,case_554,bug_051,load_store,lb_offset_2_sign_extension_after_32_loads,riscv_machine_mode_rand_test,21024,/workspace/ibex/dv/uvm/out
555,case_555,bug_051,load_store,lb_offset_2_sign_extension_after_32_loads,riscv_user_mode_rand_test,21025,/workspace/ibex/dv/uvm/out
556,case_556,bug_051,load_store,lb_offset_2_sign_extension_after_32_loads,riscv_rand_instr_test,21015,/workspace/ibex/dv/uvm/out
557,case_557,bug_051,load_store,lb_offset_2_sign_extension_after_32_loads,riscv_machine_mode_rand_test,21023,/workspace/ibex/dv/uvm/out
558,case_558,bug_051,load_store,lb_offset_2_sign_extension_after_32_loads,riscv_machine_mode_rand_test,21021,/workspace/ibex/dv/uvm/out
559,case_559,bug_051,load_store,lb_offset_2_sign_extension_after_32_loads,riscv_machine_mode_rand_test,21019,/workspace/ibex/dv/uvm/out
560,case_560,bug_051,load_store,lb_offset_2_sign_extension_after_32_loads,riscv_rand_instr_test,21012,/workspace/ibex/dv/uvm/out
561,case_561,bug_051,load_store,lb_offset_2_sign_extension_after_32_loads,riscv_rand_instr_test,21010,/workspace/ibex/dv/uvm/out
562,case_562,bug_051,load_store,lb_offset_2_sign_extension_after_32_loads,riscv_machine_mode_rand_test,21017,/workspace/ibex/dv/uvm/out
563,case_563,bug_051,load_store,lb_offset_2_sign_extension_after_32_loads,riscv_rand_instr_test,21016,/workspace/ibex/dv/uvm/out
564,case_564,bug_051,load_store,lb_offset_2_sign_extension_after_32_loads,riscv_rand_instr_test,21009,/workspace/ibex/dv/uvm/out
565,case_565,bug_051,load_store,lb_offset_2_sign_extension_after_32_loads,riscv_user_mode_rand_test,21030,/workspace/ibex/dv/uvm/out
566,case_566,bug_051,load_store,lb_offset_2_sign_extension_after_32_loads,riscv_user_mode_rand_test,21026,/workspace/ibex/dv/uvm/out
567,case_567,bug_051,load_store,lb_offset_2_sign_extension_after_32_loads,riscv_machine_mode_rand_test,21020,/workspace/ibex/dv/uvm/out
568,case_568,bug_051,load_store,lb_offset_2_sign_extension_after_32_loads,riscv_machine_mode_rand_test,21022,/workspace/ibex/dv/uvm/out
569,case_569,bug_051,load_store,lb_offset_2_sign_extension_after_32_loads,riscv_rand_instr_test,21011,/workspace/ibex/dv/uvm/out
570,case_570,bug_051,load_store,lb_offset_2_sign_extension_after_32_loads,riscv_user_mode_rand_test,21028,/workspace/ibex/dv/uvm/out
571,case_571,bug_051,load_store,lb_offset_2_sign_extension_after_32_loads,riscv_rand_instr_test,21013,/workspace/ibex/dv/uvm/out
572,case_572,bug_051,load_store,lb_offset_2_sign_extension_after_32_loads,riscv_user_mode_rand_test,21032,/workspace/ibex/dv/uvm/out
573,case_573,bug_051,load_store,lb_offset_2_sign_extension_after_32_loads,riscv_unaligned_load_store_test,21002,/workspace/ibex/dv/uvm/out
574,case_574,bug_051,load_store,lb_offset_2_sign_extension_after_32_loads,riscv_user_mode_rand_test,21029,/workspace/ibex/dv/uvm/out
575,case_575,bug_051,load_store,lb_offset_2_sign_extension_after_32_loads,riscv_user_mode_rand_test,21027,/workspace/ibex/dv/uvm/out
576,case_576,bug_051,load_store,lb_offset_2_sign_extension_after_32_loads,riscv_unaligned_load_store_test,21004,/workspace/ibex/dv/uvm/out
577,case_577,bug_051,load_store,lb_offset_2_sign_extension_after_32_loads,riscv_unaligned_load_store_test,21008,/workspace/ibex/dv/uvm/out
578,case_578,bug_051,load_store,lb_offset_2_sign_extension_after_32_loads,riscv_unaligned_load_store_test,21006,/workspace/ibex/dv/uvm/out
579,case_579,bug_051,load_store,lb_offset_2_sign_extension_after_32_loads,riscv_unaligned_load_store_test,21005,/workspace/ibex/dv/uvm/out
580,case_580,bug_051,load_store,lb_offset_2_sign_extension_after_32_loads,riscv_unaligned_load_store_test,21007,/workspace/ibex/dv/uvm/out
581,case_581,bug_051,load_store,lb_offset_2_sign_extension_after_32_loads,riscv_unaligned_load_store_test,21001,/workspace/ibex/dv/uvm/out
582,case_582,bug_051,load_store,lb_offset_2_sign_extension_after_32_loads,riscv_machine_mode_rand_test,825142,/workspace/ibex/dv/uvm/out
583,case_583,bug_051,load_store,lb_offset_2_sign_extension_after_32_loads,riscv_machine_mode_rand_test,825143,/workspace/ibex/dv/uvm/out
584,case_584,bug_051,load_store,lb_offset_2_sign_extension_after_32_loads,riscv_machine_mode_rand_test,825145,/workspace/ibex/dv/uvm/out
585,case_585,bug_051,load_store,lb_offset_2_sign_extension_after_32_loads,riscv_machine_mode_rand_test,825146,/workspace/ibex/dv/uvm/out
586,case_586,bug_051,load_store,lb_offset_2_sign_extension_after_32_loads,riscv_machine_mode_rand_test,825147,/workspace/ibex/dv/uvm/out
587,case_587,bug_051,load_store,lb_offset_2_sign_extension_after_32_loads,riscv_machine_mode_rand_test,825148,/workspace/ibex/dv/uvm/out
588,case_588,bug_051,load_store,lb_offset_2_sign_extension_after_32_loads,riscv_machine_mode_rand_test,825149,/workspace/ibex/dv/uvm/out
589,case_589,bug_051,load_store,lb_offset_2_sign_extension_after_32_loads,riscv_machine_mode_rand_test,825150,/workspace/ibex/dv/uvm/out
590,case_590,bug_051,load_store,lb_offset_2_sign_extension_after_32_loads,riscv_rand_instr_test,825101,/workspace/ibex/dv/uvm/out
591,case_591,bug_051,load_store,lb_offset_2_sign_extension_after_32_loads,riscv_rand_instr_test,825102,/workspace/ibex/dv/uvm/out
592,case_592,bug_051,load_store,lb_offset_2_sign_extension_after_32_loads,riscv_rand_instr_test,825103,/workspace/ibex/dv/uvm/out
593,case_593,bug_051,load_store,lb_offset_2_sign_extension_after_32_loads,riscv_rand_instr_test,825104,/workspace/ibex/dv/uvm/out
594,case_594,bug_051,load_store,lb_offset_2_sign_extension_after_32_loads,riscv_rand_instr_test,825105,/workspace/ibex/dv/uvm/out
595,case_595,bug_051,load_store,lb_offset_2_sign_extension_after_32_loads,riscv_rand_instr_test,825106,/workspace/ibex/dv/uvm/out
596,case_596,bug_051,load_store,lb_offset_2_sign_extension_after_32_loads,riscv_rand_instr_test,825107,/workspace/ibex/dv/uvm/out
597,case_597,bug_051,load_store,lb_offset_2_sign_extension_after_32_loads,riscv_rand_instr_test,825108,/workspace/ibex/dv/uvm/out
598,case_598,bug_051,load_store,lb_offset_2_sign_extension_after_32_loads,riscv_rand_instr_test,825109,/workspace/ibex/dv/uvm/out
599,case_599,bug_052,load_store,signed_byte_load_sign_extension_after_128_loads,riscv_user_mode_rand_test,21130,/workspace/ibex/dv/uvm/out
600,case_600,bug_052,load_store,signed_byte_load_sign_extension_after_128_loads,riscv_machine_mode_rand_test,21117,/workspace/ibex/dv/uvm/out
601,case_601,bug_052,load_store,signed_byte_load_sign_extension_after_128_loads,riscv_rand_instr_test,21115,/workspace/ibex/dv/uvm/out
602,case_602,bug_052,load_store,signed_byte_load_sign_extension_after_128_loads,riscv_machine_mode_rand_test,21119,/workspace/ibex/dv/uvm/out
603,case_603,bug_052,load_store,signed_byte_load_sign_extension_after_128_loads,riscv_machine_mode_rand_test,21118,/workspace/ibex/dv/uvm/out
604,case_604,bug_052,load_store,signed_byte_load_sign_extension_after_128_loads,riscv_machine_mode_rand_test,21121,/workspace/ibex/dv/uvm/out
605,case_605,bug_052,load_store,signed_byte_load_sign_extension_after_128_loads,riscv_rand_instr_test,21113,/workspace/ibex/dv/uvm/out
606,case_606,bug_052,load_store,signed_byte_load_sign_extension_after_128_loads,riscv_user_mode_rand_test,21131,/workspace/ibex/dv/uvm/out
607,case_607,bug_052,load_store,signed_byte_load_sign_extension_after_128_loads,riscv_machine_mode_rand_test,21122,/workspace/ibex/dv/uvm/out
608,case_608,bug_052,load_store,signed_byte_load_sign_extension_after_128_loads,riscv_rand_instr_test,21112,/workspace/ibex/dv/uvm/out
609,case_609,bug_052,load_store,signed_byte_load_sign_extension_after_128_loads,riscv_user_mode_rand_test,21128,/workspace/ibex/dv/uvm/out
610,case_610,bug_052,load_store,signed_byte_load_sign_extension_after_128_loads,riscv_rand_instr_test,21109,/workspace/ibex/dv/uvm/out
611,case_611,bug_052,load_store,signed_byte_load_sign_extension_after_128_loads,riscv_rand_instr_test,21114,/workspace/ibex/dv/uvm/out
612,case_612,bug_052,load_store,signed_byte_load_sign_extension_after_128_loads,riscv_user_mode_rand_test,21126,/workspace/ibex/dv/uvm/out
613,case_613,bug_052,load_store,signed_byte_load_sign_extension_after_128_loads,riscv_user_mode_rand_test,21125,/workspace/ibex/dv/uvm/out
614,case_614,bug_052,load_store,signed_byte_load_sign_extension_after_128_loads,riscv_user_mode_rand_test,21132,/workspace/ibex/dv/uvm/out
615,case_615,bug_052,load_store,signed_byte_load_sign_extension_after_128_loads,riscv_user_mode_rand_test,21127,/workspace/ibex/dv/uvm/out
616,case_616,bug_052,load_store,signed_byte_load_sign_extension_after_128_loads,riscv_machine_mode_rand_test,21123,/workspace/ibex/dv/uvm/out
617,case_617,bug_052,load_store,signed_byte_load_sign_extension_after_128_loads,riscv_machine_mode_rand_test,21120,/workspace/ibex/dv/uvm/out
618,case_618,bug_052,load_store,signed_byte_load_sign_extension_after_128_loads,riscv_rand_instr_test,21111,/workspace/ibex/dv/uvm/out
619,case_619,bug_052,load_store,signed_byte_load_sign_extension_after_128_loads,riscv_rand_instr_test,21116,/workspace/ibex/dv/uvm/out
620,case_620,bug_052,load_store,signed_byte_load_sign_extension_after_128_loads,riscv_unaligned_load_store_test,21102,/workspace/ibex/dv/uvm/out
621,case_621,bug_052,load_store,signed_byte_load_sign_extension_after_128_loads,riscv_unaligned_load_store_test,21106,/workspace/ibex/dv/uvm/out
622,case_622,bug_052,load_store,signed_byte_load_sign_extension_after_128_loads,riscv_unaligned_load_store_test,21108,/workspace/ibex/dv/uvm/out
623,case_623,bug_052,load_store,signed_byte_load_sign_extension_after_128_loads,riscv_unaligned_load_store_test,21107,/workspace/ibex/dv/uvm/out
624,case_624,bug_052,load_store,signed_byte_load_sign_extension_after_128_loads,riscv_unaligned_load_store_test,21101,/workspace/ibex/dv/uvm/out
625,case_625,bug_052,load_store,signed_byte_load_sign_extension_after_128_loads,riscv_unaligned_load_store_test,21105,/workspace/ibex/dv/uvm/out
626,case_626,bug_052,load_store,signed_byte_load_sign_extension_after_128_loads,riscv_unaligned_load_store_test,21103,/workspace/ibex/dv/uvm/out
627,case_627,bug_052,load_store,signed_byte_load_sign_extension_after_128_loads,riscv_unaligned_load_store_test,21104,/workspace/ibex/dv/uvm/out
628,case_628,bug_052,load_store,signed_byte_load_sign_extension_after_128_loads,riscv_rand_instr_test,21110,/workspace/ibex/dv/uvm/out
629,case_629,bug_052,load_store,signed_byte_load_sign_extension_after_128_loads,riscv_user_mode_rand_test,825201,/workspace/ibex/dv/uvm/out
630,case_630,bug_052,load_store,signed_byte_load_sign_extension_after_128_loads,riscv_user_mode_rand_test,825202,/workspace/ibex/dv/uvm/out
631,case_631,bug_052,load_store,signed_byte_load_sign_extension_after_128_loads,riscv_user_mode_rand_test,825203,/workspace/ibex/dv/uvm/out
632,case_632,bug_052,load_store,signed_byte_load_sign_extension_after_128_loads,riscv_user_mode_rand_test,825206,/workspace/ibex/dv/uvm/out
633,case_633,bug_052,load_store,signed_byte_load_sign_extension_after_128_loads,riscv_user_mode_rand_test,825208,/workspace/ibex/dv/uvm/out
634,case_634,bug_052,load_store,signed_byte_load_sign_extension_after_128_loads,riscv_user_mode_rand_test,825209,/workspace/ibex/dv/uvm/out
635,case_635,bug_052,load_store,signed_byte_load_sign_extension_after_128_loads,riscv_user_mode_rand_test,825210,/workspace/ibex/dv/uvm/out
636,case_636,bug_052,load_store,signed_byte_load_sign_extension_after_128_loads,riscv_machine_mode_rand_test,825242,/workspace/ibex/dv/uvm/out
637,case_637,bug_052,load_store,signed_byte_load_sign_extension_after_128_loads,riscv_machine_mode_rand_test,825243,/workspace/ibex/dv/uvm/out
638,case_638,bug_052,load_store,signed_byte_load_sign_extension_after_128_loads,riscv_machine_mode_rand_test,825244,/workspace/ibex/dv/uvm/out
639,case_639,bug_052,load_store,signed_byte_load_sign_extension_after_128_loads,riscv_machine_mode_rand_test,825245,/workspace/ibex/dv/uvm/out
640,case_640,bug_052,load_store,signed_byte_load_sign_extension_after_128_loads,riscv_machine_mode_rand_test,825246,/workspace/ibex/dv/uvm/out
641,case_641,bug_052,load_store,signed_byte_load_sign_extension_after_128_loads,riscv_machine_mode_rand_test,825247,/workspace/ibex/dv/uvm/out
642,case_642,bug_052,load_store,signed_byte_load_sign_extension_after_128_loads,riscv_machine_mode_rand_test,825248,/workspace/ibex/dv/uvm/out
643,case_643,bug_052,load_store,signed_byte_load_sign_extension_after_128_loads,riscv_machine_mode_rand_test,825249,/workspace/ibex/dv/uvm/out
644,case_644,bug_052,load_store,signed_byte_load_sign_extension_after_128_loads,riscv_machine_mode_rand_test,825250,/workspace/ibex/dv/uvm/out
645,case_645,bug_053,pipeline_alu,opimm_operand_b_bitflip_after_128_instructions,riscv_loop_test,21226,/workspace/ibex/dv/uvm/out
646,case_646,bug_053,pipeline_alu,opimm_operand_b_bitflip_after_128_instructions,riscv_rand_instr_test,21206,/workspace/ibex/dv/uvm/out
647,case_647,bug_053,pipeline_alu,opimm_operand_b_bitflip_after_128_instructions,riscv_arithmetic_basic_test,21223,/workspace/ibex/dv/uvm/out
648,case_648,bug_053,pipeline_alu,opimm_operand_b_bitflip_after_128_instructions,riscv_machine_mode_rand_test,21210,/workspace/ibex/dv/uvm/out
649,case_649,bug_053,pipeline_alu,opimm_operand_b_bitflip_after_128_instructions,riscv_loop_test,21231,/workspace/ibex/dv/uvm/out
650,case_650,bug_053,pipeline_alu,opimm_operand_b_bitflip_after_128_instructions,riscv_loop_test,21230,/workspace/ibex/dv/uvm/out
651,case_651,bug_053,pipeline_alu,opimm_operand_b_bitflip_after_128_instructions,riscv_loop_test,21225,/workspace/ibex/dv/uvm/out
652,case_652,bug_053,pipeline_alu,opimm_operand_b_bitflip_after_128_instructions,riscv_arithmetic_basic_test,21218,/workspace/ibex/dv/uvm/out
653,case_653,bug_053,pipeline_alu,opimm_operand_b_bitflip_after_128_instructions,riscv_arithmetic_basic_test,21219,/workspace/ibex/dv/uvm/out
654,case_654,bug_053,pipeline_alu,opimm_operand_b_bitflip_after_128_instructions,riscv_arithmetic_basic_test,21221,/workspace/ibex/dv/uvm/out
655,case_655,bug_053,pipeline_alu,opimm_operand_b_bitflip_after_128_instructions,riscv_arithmetic_basic_test,21222,/workspace/ibex/dv/uvm/out
656,case_656,bug_053,pipeline_alu,opimm_operand_b_bitflip_after_128_instructions,riscv_arithmetic_basic_test,21220,/workspace/ibex/dv/uvm/out
657,case_657,bug_053,pipeline_alu,opimm_operand_b_bitflip_after_128_instructions,riscv_arithmetic_basic_test,21224,/workspace/ibex/dv/uvm/out
658,case_658,bug_053,pipeline_alu,opimm_operand_b_bitflip_after_128_instructions,riscv_arithmetic_basic_test,21217,/workspace/ibex/dv/uvm/out
659,case_659,bug_053,pipeline_alu,opimm_operand_b_bitflip_after_128_instructions,riscv_rand_instr_test,21205,/workspace/ibex/dv/uvm/out
660,case_660,bug_053,pipeline_alu,opimm_operand_b_bitflip_after_128_instructions,riscv_machine_mode_rand_test,21215,/workspace/ibex/dv/uvm/out
661,case_661,bug_053,pipeline_alu,opimm_operand_b_bitflip_after_128_instructions,riscv_machine_mode_rand_test,21214,/workspace/ibex/dv/uvm/out
662,case_662,bug_053,pipeline_alu,opimm_operand_b_bitflip_after_128_instructions,riscv_loop_test,21227,/workspace/ibex/dv/uvm/out
663,case_663,bug_053,pipeline_alu,opimm_operand_b_bitflip_after_128_instructions,riscv_rand_instr_test,21201,/workspace/ibex/dv/uvm/out
664,case_664,bug_053,pipeline_alu,opimm_operand_b_bitflip_after_128_instructions,riscv_loop_test,21229,/workspace/ibex/dv/uvm/out
665,case_665,bug_053,pipeline_alu,opimm_operand_b_bitflip_after_128_instructions,riscv_rand_instr_test,21203,/workspace/ibex/dv/uvm/out
666,case_666,bug_053,pipeline_alu,opimm_operand_b_bitflip_after_128_instructions,riscv_machine_mode_rand_test,21212,/workspace/ibex/dv/uvm/out
667,case_667,bug_053,pipeline_alu,opimm_operand_b_bitflip_after_128_instructions,riscv_rand_instr_test,21202,/workspace/ibex/dv/uvm/out
668,case_668,bug_053,pipeline_alu,opimm_operand_b_bitflip_after_128_instructions,riscv_machine_mode_rand_test,21216,/workspace/ibex/dv/uvm/out
669,case_669,bug_053,pipeline_alu,opimm_operand_b_bitflip_after_128_instructions,riscv_rand_instr_test,21207,/workspace/ibex/dv/uvm/out
670,case_670,bug_053,pipeline_alu,opimm_operand_b_bitflip_after_128_instructions,riscv_machine_mode_rand_test,21209,/workspace/ibex/dv/uvm/out
671,case_671,bug_053,pipeline_alu,opimm_operand_b_bitflip_after_128_instructions,riscv_machine_mode_rand_test,21211,/workspace/ibex/dv/uvm/out
672,case_672,bug_053,pipeline_alu,opimm_operand_b_bitflip_after_128_instructions,riscv_machine_mode_rand_test,21213,/workspace/ibex/dv/uvm/out
673,case_673,bug_053,pipeline_alu,opimm_operand_b_bitflip_after_128_instructions,riscv_rand_instr_test,21208,/workspace/ibex/dv/uvm/out
674,case_674,bug_053,pipeline_alu,opimm_operand_b_bitflip_after_128_instructions,riscv_rand_instr_test,825341,/workspace/ibex/dv/uvm/out
675,case_675,bug_053,pipeline_alu,opimm_operand_b_bitflip_after_128_instructions,riscv_rand_instr_test,825342,/workspace/ibex/dv/uvm/out
676,case_676,bug_053,pipeline_alu,opimm_operand_b_bitflip_after_128_instructions,riscv_rand_instr_test,825343,/workspace/ibex/dv/uvm/out
677,case_677,bug_053,pipeline_alu,opimm_operand_b_bitflip_after_128_instructions,riscv_rand_instr_test,825344,/workspace/ibex/dv/uvm/out
678,case_678,bug_053,pipeline_alu,opimm_operand_b_bitflip_after_128_instructions,riscv_rand_instr_test,825345,/workspace/ibex/dv/uvm/out
679,case_679,bug_053,pipeline_alu,opimm_operand_b_bitflip_after_128_instructions,riscv_rand_instr_test,825346,/workspace/ibex/dv/uvm/out
680,case_680,bug_053,pipeline_alu,opimm_operand_b_bitflip_after_128_instructions,riscv_rand_instr_test,825347,/workspace/ibex/dv/uvm/out
681,case_681,bug_053,pipeline_alu,opimm_operand_b_bitflip_after_128_instructions,riscv_rand_instr_test,825348,/workspace/ibex/dv/uvm/out
682,case_682,bug_053,pipeline_alu,opimm_operand_b_bitflip_after_128_instructions,riscv_rand_instr_test,825349,/workspace/ibex/dv/uvm/out
683,case_683,bug_053,pipeline_alu,opimm_operand_b_bitflip_after_128_instructions,riscv_rand_instr_test,825350,/workspace/ibex/dv/uvm/out
684,case_684,bug_053,pipeline_alu,opimm_operand_b_bitflip_after_128_instructions,riscv_loop_test,825301,/workspace/ibex/dv/uvm/out
685,case_685,bug_053,pipeline_alu,opimm_operand_b_bitflip_after_128_instructions,riscv_loop_test,825302,/workspace/ibex/dv/uvm/out
686,case_686,bug_053,pipeline_alu,opimm_operand_b_bitflip_after_128_instructions,riscv_loop_test,825304,/workspace/ibex/dv/uvm/out
687,case_687,bug_053,pipeline_alu,opimm_operand_b_bitflip_after_128_instructions,riscv_loop_test,825305,/workspace/ibex/dv/uvm/out
688,case_688,bug_053,pipeline_alu,opimm_operand_b_bitflip_after_128_instructions,riscv_loop_test,825306,/workspace/ibex/dv/uvm/out
689,case_689,bug_053,pipeline_alu,opimm_operand_b_bitflip_after_128_instructions,riscv_loop_test,825307,/workspace/ibex/dv/uvm/out
690,case_690,bug_053,pipeline_alu,opimm_operand_b_bitflip_after_128_instructions,riscv_loop_test,825310,/workspace/ibex/dv/uvm/out
691,case_691,bug_054,pipeline_alu,opimm_operand_b_bitflip_after_pc_80001000,riscv_loop_test,21327,/workspace/ibex/dv/uvm/out
692,case_692,bug_054,pipeline_alu,opimm_operand_b_bitflip_after_pc_80001000,riscv_rand_instr_test,21308,/workspace/ibex/dv/uvm/out
693,case_693,bug_054,pipeline_alu,opimm_operand_b_bitflip_after_pc_80001000,riscv_machine_mode_rand_test,21312,/workspace/ibex/dv/uvm/out
694,case_694,bug_054,pipeline_alu,opimm_operand_b_bitflip_after_pc_80001000,riscv_arithmetic_basic_test,21323,/workspace/ibex/dv/uvm/out
695,case_695,bug_054,pipeline_alu,opimm_operand_b_bitflip_after_pc_80001000,riscv_loop_test,21331,/workspace/ibex/dv/uvm/out
696,case_696,bug_054,pipeline_alu,opimm_operand_b_bitflip_after_pc_80001000,riscv_loop_test,21326,/workspace/ibex/dv/uvm/out
697,case_697,bug_054,pipeline_alu,opimm_operand_b_bitflip_after_pc_80001000,riscv_loop_test,21330,/workspace/ibex/dv/uvm/out
698,case_698,bug_054,pipeline_alu,opimm_operand_b_bitflip_after_pc_80001000,riscv_loop_test,21325,/workspace/ibex/dv/uvm/out
699,case_699,bug_054,pipeline_alu,opimm_operand_b_bitflip_after_pc_80001000,riscv_loop_test,21332,/workspace/ibex/dv/uvm/out
700,case_700,bug_054,pipeline_alu,opimm_operand_b_bitflip_after_pc_80001000,riscv_loop_test,21329,/workspace/ibex/dv/uvm/out
701,case_701,bug_054,pipeline_alu,opimm_operand_b_bitflip_after_pc_80001000,riscv_machine_mode_rand_test,21314,/workspace/ibex/dv/uvm/out
702,case_702,bug_054,pipeline_alu,opimm_operand_b_bitflip_after_pc_80001000,riscv_arithmetic_basic_test,21321,/workspace/ibex/dv/uvm/out
703,case_703,bug_054,pipeline_alu,opimm_operand_b_bitflip_after_pc_80001000,riscv_arithmetic_basic_test,21317,/workspace/ibex/dv/uvm/out
704,case_704,bug_054,pipeline_alu,opimm_operand_b_bitflip_after_pc_80001000,riscv_arithmetic_basic_test,21318,/workspace/ibex/dv/uvm/out
705,case_705,bug_054,pipeline_alu,opimm_operand_b_bitflip_after_pc_80001000,riscv_arithmetic_basic_test,21320,/workspace/ibex/dv/uvm/out
706,case_706,bug_054,pipeline_alu,opimm_operand_b_bitflip_after_pc_80001000,riscv_arithmetic_basic_test,21324,/workspace/ibex/dv/uvm/out
707,case_707,bug_054,pipeline_alu,opimm_operand_b_bitflip_after_pc_80001000,riscv_arithmetic_basic_test,21322,/workspace/ibex/dv/uvm/out
708,case_708,bug_054,pipeline_alu,opimm_operand_b_bitflip_after_pc_80001000,riscv_arithmetic_basic_test,21319,/workspace/ibex/dv/uvm/out
709,case_709,bug_054,pipeline_alu,opimm_operand_b_bitflip_after_pc_80001000,riscv_loop_test,21328,/workspace/ibex/dv/uvm/out
710,case_710,bug_054,pipeline_alu,opimm_operand_b_bitflip_after_pc_80001000,riscv_machine_mode_rand_test,21313,/workspace/ibex/dv/uvm/out
711,case_711,bug_054,pipeline_alu,opimm_operand_b_bitflip_after_pc_80001000,riscv_rand_instr_test,21306,/workspace/ibex/dv/uvm/out
712,case_712,bug_054,pipeline_alu,opimm_operand_b_bitflip_after_pc_80001000,riscv_machine_mode_rand_test,21311,/workspace/ibex/dv/uvm/out
713,case_713,bug_054,pipeline_alu,opimm_operand_b_bitflip_after_pc_80001000,riscv_rand_instr_test,21307,/workspace/ibex/dv/uvm/out
714,case_714,bug_054,pipeline_alu,opimm_operand_b_bitflip_after_pc_80001000,riscv_rand_instr_test,21305,/workspace/ibex/dv/uvm/out
715,case_715,bug_054,pipeline_alu,opimm_operand_b_bitflip_after_pc_80001000,riscv_machine_mode_rand_test,21310,/workspace/ibex/dv/uvm/out
716,case_716,bug_054,pipeline_alu,opimm_operand_b_bitflip_after_pc_80001000,riscv_rand_instr_test,21303,/workspace/ibex/dv/uvm/out
717,case_717,bug_054,pipeline_alu,opimm_operand_b_bitflip_after_pc_80001000,riscv_machine_mode_rand_test,21309,/workspace/ibex/dv/uvm/out
718,case_718,bug_054,pipeline_alu,opimm_operand_b_bitflip_after_pc_80001000,riscv_machine_mode_rand_test,21316,/workspace/ibex/dv/uvm/out
719,case_719,bug_054,pipeline_alu,opimm_operand_b_bitflip_after_pc_80001000,riscv_rand_instr_test,21302,/workspace/ibex/dv/uvm/out
720,case_720,bug_054,pipeline_alu,opimm_operand_b_bitflip_after_pc_80001000,riscv_rand_instr_test,21301,/workspace/ibex/dv/uvm/out
721,case_721,bug_054,pipeline_alu,opimm_operand_b_bitflip_after_pc_80001000,riscv_machine_mode_rand_test,21315,/workspace/ibex/dv/uvm/out
722,case_722,bug_054,pipeline_alu,opimm_operand_b_bitflip_after_pc_80001000,riscv_loop_test,825401,/workspace/ibex/dv/uvm/out
723,case_723,bug_054,pipeline_alu,opimm_operand_b_bitflip_after_pc_80001000,riscv_loop_test,825402,/workspace/ibex/dv/uvm/out
724,case_724,bug_054,pipeline_alu,opimm_operand_b_bitflip_after_pc_80001000,riscv_loop_test,825406,/workspace/ibex/dv/uvm/out
725,case_725,bug_054,pipeline_alu,opimm_operand_b_bitflip_after_pc_80001000,riscv_loop_test,825408,/workspace/ibex/dv/uvm/out
726,case_726,bug_054,pipeline_alu,opimm_operand_b_bitflip_after_pc_80001000,riscv_loop_test,825409,/workspace/ibex/dv/uvm/out
727,case_727,bug_054,pipeline_alu,opimm_operand_b_bitflip_after_pc_80001000,riscv_loop_test,825410,/workspace/ibex/dv/uvm/out
728,case_728,bug_054,pipeline_alu,opimm_operand_b_bitflip_after_pc_80001000,riscv_rand_instr_test,825441,/workspace/ibex/dv/uvm/out
729,case_729,bug_054,pipeline_alu,opimm_operand_b_bitflip_after_pc_80001000,riscv_rand_instr_test,825442,/workspace/ibex/dv/uvm/out
730,case_730,bug_054,pipeline_alu,opimm_operand_b_bitflip_after_pc_80001000,riscv_rand_instr_test,825443,/workspace/ibex/dv/uvm/out
731,case_731,bug_054,pipeline_alu,opimm_operand_b_bitflip_after_pc_80001000,riscv_rand_instr_test,825444,/workspace/ibex/dv/uvm/out
732,case_732,bug_054,pipeline_alu,opimm_operand_b_bitflip_after_pc_80001000,riscv_rand_instr_test,825445,/workspace/ibex/dv/uvm/out
733,case_733,bug_054,pipeline_alu,opimm_operand_b_bitflip_after_pc_80001000,riscv_rand_instr_test,825446,/workspace/ibex/dv/uvm/out
734,case_734,bug_054,pipeline_alu,opimm_operand_b_bitflip_after_pc_80001000,riscv_rand_instr_test,825448,/workspace/ibex/dv/uvm/out
735,case_735,bug_054,pipeline_alu,opimm_operand_b_bitflip_after_pc_80001000,riscv_rand_instr_test,825449,/workspace/ibex/dv/uvm/out
736,case_736,bug_054,pipeline_alu,opimm_operand_b_bitflip_after_pc_80001000,riscv_rand_instr_test,825450,/workspace/ibex/dv/uvm/out
737,case_737,bug_055,debug_exception,dret_pc_restore_wrong,riscv_debug_stress_test,40216,/workspace/ibex/dv/uvm/out
738,case_738,bug_055,debug_exception,dret_pc_restore_wrong,riscv_dret_test,40218,/workspace/ibex/dv/uvm/out
739,case_739,bug_055,debug_exception,dret_pc_restore_wrong,riscv_dret_test,40224,/workspace/ibex/dv/uvm/out
740,case_740,bug_055,debug_exception,dret_pc_restore_wrong,riscv_dret_test,40217,/workspace/ibex/dv/uvm/out
741,case_741,bug_055,debug_exception,dret_pc_restore_wrong,riscv_dret_test,40220,/workspace/ibex/dv/uvm/out
742,case_742,bug_055,debug_exception,dret_pc_restore_wrong,riscv_debug_stress_test,40210,/workspace/ibex/dv/uvm/out
743,case_743,bug_055,debug_exception,dret_pc_restore_wrong,riscv_debug_stress_test,40211,/workspace/ibex/dv/uvm/out
744,case_744,bug_055,debug_exception,dret_pc_restore_wrong,riscv_debug_stress_test,40214,/workspace/ibex/dv/uvm/out
745,case_745,bug_055,debug_exception,dret_pc_restore_wrong,riscv_debug_stress_test,40213,/workspace/ibex/dv/uvm/out
746,case_746,bug_055,debug_exception,dret_pc_restore_wrong,riscv_debug_stress_test,40215,/workspace/ibex/dv/uvm/out
747,case_747,bug_055,debug_exception,dret_pc_restore_wrong,riscv_debug_stress_test,40209,/workspace/ibex/dv/uvm/out
748,case_748,bug_055,debug_exception,dret_pc_restore_wrong,riscv_debug_stress_test,40212,/workspace/ibex/dv/uvm/out
749,case_749,bug_055,debug_exception,dret_pc_restore_wrong,riscv_debug_branch_jump_test,40208,/workspace/ibex/dv/uvm/out
750,case_750,bug_055,debug_exception,dret_pc_restore_wrong,riscv_debug_branch_jump_test,40205,/workspace/ibex/dv/uvm/out
751,case_751,bug_055,debug_exception,dret_pc_restore_wrong,riscv_debug_branch_jump_test,40201,/workspace/ibex/dv/uvm/out
752,case_752,bug_055,debug_exception,dret_pc_restore_wrong,riscv_debug_branch_jump_test,40206,/workspace/ibex/dv/uvm/out
753,case_753,bug_055,debug_exception,dret_pc_restore_wrong,riscv_debug_branch_jump_test,40207,/workspace/ibex/dv/uvm/out
754,case_754,bug_055,debug_exception,dret_pc_restore_wrong,riscv_debug_branch_jump_test,40203,/workspace/ibex/dv/uvm/out
755,case_755,bug_055,debug_exception,dret_pc_restore_wrong,riscv_debug_branch_jump_test,40202,/workspace/ibex/dv/uvm/out
756,case_756,bug_055,debug_exception,dret_pc_restore_wrong,riscv_debug_branch_jump_test,40204,/workspace/ibex/dv/uvm/out
757,case_757,bug_055,debug_exception,dret_pc_restore_wrong,riscv_debug_stress_test,825501,/workspace/ibex/dv/uvm/out
758,case_758,bug_055,debug_exception,dret_pc_restore_wrong,riscv_debug_stress_test,825504,/workspace/ibex/dv/uvm/out
759,case_759,bug_055,debug_exception,dret_pc_restore_wrong,riscv_debug_stress_test,825505,/workspace/ibex/dv/uvm/out
760,case_760,bug_055,debug_exception,dret_pc_restore_wrong,riscv_debug_stress_test,825506,/workspace/ibex/dv/uvm/out
761,case_761,bug_055,debug_exception,dret_pc_restore_wrong,riscv_debug_stress_test,825507,/workspace/ibex/dv/uvm/out
762,case_762,bug_055,debug_exception,dret_pc_restore_wrong,riscv_debug_stress_test,825508,/workspace/ibex/dv/uvm/out
763,case_763,bug_055,debug_exception,dret_pc_restore_wrong,riscv_debug_stress_test,825510,/workspace/ibex/dv/uvm/out
764,case_764,bug_055,debug_exception,dret_pc_restore_wrong,riscv_debug_stress_test,825511,/workspace/ibex/dv/uvm/out
765,case_765,bug_055,debug_exception,dret_pc_restore_wrong,riscv_debug_stress_test,825512,/workspace/ibex/dv/uvm/out
766,case_766,bug_055,debug_exception,dret_pc_restore_wrong,riscv_debug_stress_test,825513,/workspace/ibex/dv/uvm/out
767,case_767,bug_055,debug_exception,dret_pc_restore_wrong,riscv_debug_stress_test,825514,/workspace/ibex/dv/uvm/out
768,case_768,bug_055,debug_exception,dret_pc_restore_wrong,riscv_debug_stress_test,825515,/workspace/ibex/dv/uvm/out
769,case_769,bug_055,debug_exception,dret_pc_restore_wrong,riscv_dret_test,825542,/workspace/ibex/dv/uvm/out
770,case_770,bug_055,debug_exception,dret_pc_restore_wrong,riscv_dret_test,825543,/workspace/ibex/dv/uvm/out
771,case_771,bug_055,debug_exception,dret_pc_restore_wrong,riscv_dret_test,825544,/workspace/ibex/dv/uvm/out
772,case_772,bug_055,debug_exception,dret_pc_restore_wrong,riscv_dret_test,825545,/workspace/ibex/dv/uvm/out
773,case_773,bug_055,debug_exception,dret_pc_restore_wrong,riscv_dret_test,825546,/workspace/ibex/dv/uvm/out
774,case_774,bug_055,debug_exception,dret_pc_restore_wrong,riscv_dret_test,825547,/workspace/ibex/dv/uvm/out
775,case_775,bug_055,debug_exception,dret_pc_restore_wrong,riscv_dret_test,825548,/workspace/ibex/dv/uvm/out
776,case_776,bug_055,debug_exception,dret_pc_restore_wrong,riscv_dret_test,825549,/workspace/ibex/dv/uvm/out
777,case_777,bug_055,debug_exception,dret_pc_restore_wrong,riscv_dret_test,825550,/workspace/ibex/dv/uvm/out
778,case_778,bug_055,debug_exception,dret_pc_restore_wrong,riscv_dret_test,825551,/workspace/ibex/dv/uvm/out
779,case_779,bug_055,debug_exception,dret_pc_restore_wrong,riscv_dret_test,825552,/workspace/ibex/dv/uvm/out
780,case_780,bug_055,debug_exception,dret_pc_restore_wrong,riscv_dret_test,825553,/workspace/ibex/dv/uvm/out
781,case_781,bug_055,debug_exception,dret_pc_restore_wrong,riscv_dret_test,825554,/workspace/ibex/dv/uvm/out
782,case_782,bug_055,debug_exception,dret_pc_restore_wrong,riscv_dret_test,825555,/workspace/ibex/dv/uvm/out
783,case_783,bug_056,debug_exception,debug_ebreak_csr_output_stuck_low,riscv_dret_test,40323,/workspace/ibex/dv/uvm/out
784,case_784,bug_056,debug_exception,debug_ebreak_csr_output_stuck_low,riscv_debug_stress_test,40313,/workspace/ibex/dv/uvm/out
785,case_785,bug_056,debug_exception,debug_ebreak_csr_output_stuck_low,riscv_dret_test,40317,/workspace/ibex/dv/uvm/out
786,case_786,bug_056,debug_exception,debug_ebreak_csr_output_stuck_low,riscv_dret_test,40320,/workspace/ibex/dv/uvm/out
787,case_787,bug_056,debug_exception,debug_ebreak_csr_output_stuck_low,riscv_dret_test,40324,/workspace/ibex/dv/uvm/out
788,case_788,bug_056,debug_exception,debug_ebreak_csr_output_stuck_low,riscv_dret_test,40322,/workspace/ibex/dv/uvm/out
789,case_789,bug_056,debug_exception,debug_ebreak_csr_output_stuck_low,riscv_dret_test,40319,/workspace/ibex/dv/uvm/out
790,case_790,bug_056,debug_exception,debug_ebreak_csr_output_stuck_low,riscv_dret_test,40321,/workspace/ibex/dv/uvm/out
791,case_791,bug_056,debug_exception,debug_ebreak_csr_output_stuck_low,riscv_debug_stress_test,40310,/workspace/ibex/dv/uvm/out
792,case_792,bug_056,debug_exception,debug_ebreak_csr_output_stuck_low,riscv_debug_stress_test,40314,/workspace/ibex/dv/uvm/out
793,case_793,bug_056,debug_exception,debug_ebreak_csr_output_stuck_low,riscv_debug_stress_test,40311,/workspace/ibex/dv/uvm/out
794,case_794,bug_056,debug_exception,debug_ebreak_csr_output_stuck_low,riscv_debug_stress_test,40315,/workspace/ibex/dv/uvm/out
795,case_795,bug_056,debug_exception,debug_ebreak_csr_output_stuck_low,riscv_dret_test,40318,/workspace/ibex/dv/uvm/out
796,case_796,bug_056,debug_exception,debug_ebreak_csr_output_stuck_low,riscv_debug_branch_jump_test,40305,/workspace/ibex/dv/uvm/out
797,case_797,bug_056,debug_exception,debug_ebreak_csr_output_stuck_low,riscv_debug_branch_jump_test,40301,/workspace/ibex/dv/uvm/out
798,case_798,bug_056,debug_exception,debug_ebreak_csr_output_stuck_low,riscv_debug_branch_jump_test,40307,/workspace/ibex/dv/uvm/out
799,case_799,bug_056,debug_exception,debug_ebreak_csr_output_stuck_low,riscv_debug_branch_jump_test,40302,/workspace/ibex/dv/uvm/out
800,case_800,bug_056,debug_exception,debug_ebreak_csr_output_stuck_low,riscv_debug_branch_jump_test,40306,/workspace/ibex/dv/uvm/out
801,case_801,bug_056,debug_exception,debug_ebreak_csr_output_stuck_low,riscv_debug_branch_jump_test,40303,/workspace/ibex/dv/uvm/out
802,case_802,bug_056,debug_exception,debug_ebreak_csr_output_stuck_low,riscv_debug_branch_jump_test,40308,/workspace/ibex/dv/uvm/out
803,case_803,bug_056,debug_exception,debug_ebreak_csr_output_stuck_low,riscv_debug_branch_jump_test,40304,/workspace/ibex/dv/uvm/out
804,case_804,bug_056,debug_exception,debug_ebreak_csr_output_stuck_low,riscv_debug_stress_test,825641,/workspace/ibex/dv/uvm/out
805,case_805,bug_056,debug_exception,debug_ebreak_csr_output_stuck_low,riscv_debug_stress_test,825642,/workspace/ibex/dv/uvm/out
806,case_806,bug_056,debug_exception,debug_ebreak_csr_output_stuck_low,riscv_debug_stress_test,825643,/workspace/ibex/dv/uvm/out
807,case_807,bug_056,debug_exception,debug_ebreak_csr_output_stuck_low,riscv_debug_stress_test,825644,/workspace/ibex/dv/uvm/out
808,case_808,bug_056,debug_exception,debug_ebreak_csr_output_stuck_low,riscv_debug_stress_test,825646,/workspace/ibex/dv/uvm/out
809,case_809,bug_056,debug_exception,debug_ebreak_csr_output_stuck_low,riscv_debug_stress_test,825648,/workspace/ibex/dv/uvm/out
810,case_810,bug_056,debug_exception,debug_ebreak_csr_output_stuck_low,riscv_debug_stress_test,825649,/workspace/ibex/dv/uvm/out
811,case_811,bug_056,debug_exception,debug_ebreak_csr_output_stuck_low,riscv_debug_stress_test,825650,/workspace/ibex/dv/uvm/out
812,case_812,bug_056,debug_exception,debug_ebreak_csr_output_stuck_low,riscv_debug_stress_test,825651,/workspace/ibex/dv/uvm/out
813,case_813,bug_056,debug_exception,debug_ebreak_csr_output_stuck_low,riscv_debug_stress_test,825652,/workspace/ibex/dv/uvm/out
814,case_814,bug_056,debug_exception,debug_ebreak_csr_output_stuck_low,riscv_debug_stress_test,825654,/workspace/ibex/dv/uvm/out
815,case_815,bug_056,debug_exception,debug_ebreak_csr_output_stuck_low,riscv_debug_stress_test,825655,/workspace/ibex/dv/uvm/out
816,case_816,bug_056,debug_exception,debug_ebreak_csr_output_stuck_low,riscv_dret_test,825601,/workspace/ibex/dv/uvm/out
817,case_817,bug_056,debug_exception,debug_ebreak_csr_output_stuck_low,riscv_dret_test,825602,/workspace/ibex/dv/uvm/out
818,case_818,bug_056,debug_exception,debug_ebreak_csr_output_stuck_low,riscv_dret_test,825603,/workspace/ibex/dv/uvm/out
819,case_819,bug_056,debug_exception,debug_ebreak_csr_output_stuck_low,riscv_dret_test,825604,/workspace/ibex/dv/uvm/out
820,case_820,bug_056,debug_exception,debug_ebreak_csr_output_stuck_low,riscv_dret_test,825605,/workspace/ibex/dv/uvm/out
821,case_821,bug_056,debug_exception,debug_ebreak_csr_output_stuck_low,riscv_dret_test,825607,/workspace/ibex/dv/uvm/out
822,case_822,bug_056,debug_exception,debug_ebreak_csr_output_stuck_low,riscv_dret_test,825608,/workspace/ibex/dv/uvm/out
823,case_823,bug_056,debug_exception,debug_ebreak_csr_output_stuck_low,riscv_dret_test,825609,/workspace/ibex/dv/uvm/out
824,case_824,bug_056,debug_exception,debug_ebreak_csr_output_stuck_low,riscv_dret_test,825610,/workspace/ibex/dv/uvm/out
825,case_825,bug_056,debug_exception,debug_ebreak_csr_output_stuck_low,riscv_dret_test,825611,/workspace/ibex/dv/uvm/out
826,case_826,bug_056,debug_exception,debug_ebreak_csr_output_stuck_low,riscv_dret_test,825612,/workspace/ibex/dv/uvm/out
827,case_827,bug_056,debug_exception,debug_ebreak_csr_output_stuck_low,riscv_dret_test,825614,/workspace/ibex/dv/uvm/out
828,case_828,bug_056,debug_exception,debug_ebreak_csr_output_stuck_low,riscv_dret_test,825615,/workspace/ibex/dv/uvm/out
829,case_829,bug_057,interrupt,external_irq_cause_reported_as_timer,riscv_single_interrupt_test,40421,/workspace/ibex/dv/uvm/out
830,case_830,bug_057,interrupt,external_irq_cause_reported_as_timer,riscv_multiple_interrupt_test,40413,/workspace/ibex/dv/uvm/out
831,case_831,bug_057,interrupt,external_irq_cause_reported_as_timer,riscv_interrupt_csr_test,40403,/workspace/ibex/dv/uvm/out
832,case_832,bug_057,interrupt,external_irq_cause_reported_as_timer,riscv_single_interrupt_test,40423,/workspace/ibex/dv/uvm/out
833,case_833,bug_057,interrupt,external_irq_cause_reported_as_timer,riscv_single_interrupt_test,40417,/workspace/ibex/dv/uvm/out
834,case_834,bug_057,interrupt,external_irq_cause_reported_as_timer,riscv_single_interrupt_test,40422,/workspace/ibex/dv/uvm/out
835,case_835,bug_057,interrupt,external_irq_cause_reported_as_timer,riscv_single_interrupt_test,40420,/workspace/ibex/dv/uvm/out
836,case_836,bug_057,interrupt,external_irq_cause_reported_as_timer,riscv_single_interrupt_test,40419,/workspace/ibex/dv/uvm/out
837,case_837,bug_057,interrupt,external_irq_cause_reported_as_timer,riscv_single_interrupt_test,40424,/workspace/ibex/dv/uvm/out
838,case_838,bug_057,interrupt,external_irq_cause_reported_as_timer,riscv_interrupt_csr_test,40408,/workspace/ibex/dv/uvm/out
839,case_839,bug_057,interrupt,external_irq_cause_reported_as_timer,riscv_multiple_interrupt_test,40414,/workspace/ibex/dv/uvm/out
840,case_840,bug_057,interrupt,external_irq_cause_reported_as_timer,riscv_multiple_interrupt_test,40409,/workspace/ibex/dv/uvm/out
841,case_841,bug_057,interrupt,external_irq_cause_reported_as_timer,riscv_interrupt_csr_test,40407,/workspace/ibex/dv/uvm/out
842,case_842,bug_057,interrupt,external_irq_cause_reported_as_timer,riscv_multiple_interrupt_test,40410,/workspace/ibex/dv/uvm/out
843,case_843,bug_057,interrupt,external_irq_cause_reported_as_timer,riscv_multiple_interrupt_test,40412,/workspace/ibex/dv/uvm/out
844,case_844,bug_057,interrupt,external_irq_cause_reported_as_timer,riscv_interrupt_csr_test,40404,/workspace/ibex/dv/uvm/out
845,case_845,bug_057,interrupt,external_irq_cause_reported_as_timer,riscv_multiple_interrupt_test,40411,/workspace/ibex/dv/uvm/out
846,case_846,bug_057,interrupt,external_irq_cause_reported_as_timer,riscv_interrupt_csr_test,40401,/workspace/ibex/dv/uvm/out
847,case_847,bug_057,interrupt,external_irq_cause_reported_as_timer,riscv_multiple_interrupt_test,40415,/workspace/ibex/dv/uvm/out
848,case_848,bug_057,interrupt,external_irq_cause_reported_as_timer,riscv_interrupt_csr_test,40406,/workspace/ibex/dv/uvm/out
849,case_849,bug_057,interrupt,external_irq_cause_reported_as_timer,riscv_single_interrupt_test,825702,/workspace/ibex/dv/uvm/out
850,case_850,bug_057,interrupt,external_irq_cause_reported_as_timer,riscv_single_interrupt_test,825705,/workspace/ibex/dv/uvm/out
851,case_851,bug_057,interrupt,external_irq_cause_reported_as_timer,riscv_single_interrupt_test,825706,/workspace/ibex/dv/uvm/out
852,case_852,bug_057,interrupt,external_irq_cause_reported_as_timer,riscv_single_interrupt_test,825707,/workspace/ibex/dv/uvm/out
853,case_853,bug_057,interrupt,external_irq_cause_reported_as_timer,riscv_single_interrupt_test,825708,/workspace/ibex/dv/uvm/out
854,case_854,bug_057,interrupt,external_irq_cause_reported_as_timer,riscv_single_interrupt_test,825710,/workspace/ibex/dv/uvm/out
855,case_855,bug_057,interrupt,external_irq_cause_reported_as_timer,riscv_single_interrupt_test,825711,/workspace/ibex/dv/uvm/out
856,case_856,bug_057,interrupt,external_irq_cause_reported_as_timer,riscv_single_interrupt_test,825712,/workspace/ibex/dv/uvm/out
857,case_857,bug_057,interrupt,external_irq_cause_reported_as_timer,riscv_single_interrupt_test,825713,/workspace/ibex/dv/uvm/out
858,case_858,bug_057,interrupt,external_irq_cause_reported_as_timer,riscv_single_interrupt_test,825715,/workspace/ibex/dv/uvm/out
859,case_859,bug_057,interrupt,external_irq_cause_reported_as_timer,riscv_single_interrupt_test,825716,/workspace/ibex/dv/uvm/out
860,case_860,bug_057,interrupt,external_irq_cause_reported_as_timer,riscv_multiple_interrupt_test,825741,/workspace/ibex/dv/uvm/out
861,case_861,bug_057,interrupt,external_irq_cause_reported_as_timer,riscv_multiple_interrupt_test,825742,/workspace/ibex/dv/uvm/out
862,case_862,bug_057,interrupt,external_irq_cause_reported_as_timer,riscv_multiple_interrupt_test,825743,/workspace/ibex/dv/uvm/out
863,case_863,bug_057,interrupt,external_irq_cause_reported_as_timer,riscv_multiple_interrupt_test,825744,/workspace/ibex/dv/uvm/out
864,case_864,bug_057,interrupt,external_irq_cause_reported_as_timer,riscv_multiple_interrupt_test,825745,/workspace/ibex/dv/uvm/out
865,case_865,bug_057,interrupt,external_irq_cause_reported_as_timer,riscv_multiple_interrupt_test,825746,/workspace/ibex/dv/uvm/out
866,case_866,bug_057,interrupt,external_irq_cause_reported_as_timer,riscv_multiple_interrupt_test,825747,/workspace/ibex/dv/uvm/out
867,case_867,bug_057,interrupt,external_irq_cause_reported_as_timer,riscv_multiple_interrupt_test,825748,/workspace/ibex/dv/uvm/out
868,case_868,bug_057,interrupt,external_irq_cause_reported_as_timer,riscv_multiple_interrupt_test,825749,/workspace/ibex/dv/uvm/out
869,case_869,bug_057,interrupt,external_irq_cause_reported_as_timer,riscv_multiple_interrupt_test,825750,/workspace/ibex/dv/uvm/out
870,case_870,bug_057,interrupt,external_irq_cause_reported_as_timer,riscv_multiple_interrupt_test,825751,/workspace/ibex/dv/uvm/out
871,case_871,bug_057,interrupt,external_irq_cause_reported_as_timer,riscv_multiple_interrupt_test,825753,/workspace/ibex/dv/uvm/out
872,case_872,bug_057,interrupt,external_irq_cause_reported_as_timer,riscv_multiple_interrupt_test,825754,/workspace/ibex/dv/uvm/out
873,case_873,bug_057,interrupt,external_irq_cause_reported_as_timer,riscv_multiple_interrupt_test,825755,/workspace/ibex/dv/uvm/out
874,case_874,bug_057,interrupt,external_irq_cause_reported_as_timer,riscv_multiple_interrupt_test,825756,/workspace/ibex/dv/uvm/out
875,case_875,bug_058,csr_exception,mepc_alignment_too_strict,riscv_invalid_csr_test,40514,/workspace/ibex/dv/uvm/out
876,case_876,bug_058,csr_exception,mepc_alignment_too_strict,riscv_machine_mode_rand_test,40529,/workspace/ibex/dv/uvm/out
877,case_877,bug_058,csr_exception,mepc_alignment_too_strict,riscv_invalid_csr_test,40512,/workspace/ibex/dv/uvm/out
878,case_878,bug_058,csr_exception,mepc_alignment_too_strict,riscv_invalid_csr_test,40515,/workspace/ibex/dv/uvm/out
879,case_879,bug_058,csr_exception,mepc_alignment_too_strict,riscv_invalid_csr_test,40516,/workspace/ibex/dv/uvm/out
880,case_880,bug_058,csr_exception,mepc_alignment_too_strict,riscv_invalid_csr_test,40513,/workspace/ibex/dv/uvm/out
881,case_881,bug_058,csr_exception,mepc_alignment_too_strict,riscv_invalid_csr_test,40511,/workspace/ibex/dv/uvm/out
882,case_882,bug_058,csr_exception,mepc_alignment_too_strict,riscv_machine_mode_rand_test,40532,/workspace/ibex/dv/uvm/out
883,case_883,bug_058,csr_exception,mepc_alignment_too_strict,riscv_machine_mode_rand_test,40525,/workspace/ibex/dv/uvm/out
884,case_884,bug_058,csr_exception,mepc_alignment_too_strict,riscv_machine_mode_rand_test,40531,/workspace/ibex/dv/uvm/out
885,case_885,bug_058,csr_exception,mepc_alignment_too_strict,riscv_machine_mode_rand_test,40530,/workspace/ibex/dv/uvm/out
886,case_886,bug_058,csr_exception,mepc_alignment_too_strict,riscv_machine_mode_rand_test,40526,/workspace/ibex/dv/uvm/out
887,case_887,bug_058,csr_exception,mepc_alignment_too_strict,riscv_machine_mode_rand_test,40527,/workspace/ibex/dv/uvm/out
888,case_888,bug_058,csr_exception,mepc_alignment_too_strict,riscv_interrupt_csr_test,40505,/workspace/ibex/dv/uvm/out
889,case_889,bug_058,csr_exception,mepc_alignment_too_strict,riscv_interrupt_csr_test,40508,/workspace/ibex/dv/uvm/out
890,case_890,bug_058,csr_exception,mepc_alignment_too_strict,riscv_interrupt_csr_test,40503,/workspace/ibex/dv/uvm/out
891,case_891,bug_058,csr_exception,mepc_alignment_too_strict,riscv_interrupt_csr_test,40506,/workspace/ibex/dv/uvm/out
892,case_892,bug_058,csr_exception,mepc_alignment_too_strict,riscv_interrupt_csr_test,40501,/workspace/ibex/dv/uvm/out
893,case_893,bug_058,csr_exception,mepc_alignment_too_strict,riscv_interrupt_csr_test,40507,/workspace/ibex/dv/uvm/out
894,case_894,bug_058,csr_exception,mepc_alignment_too_strict,riscv_machine_mode_rand_test,825841,/workspace/ibex/dv/uvm/out
895,case_895,bug_058,csr_exception,mepc_alignment_too_strict,riscv_machine_mode_rand_test,825843,/workspace/ibex/dv/uvm/out
896,case_896,bug_058,csr_exception,mepc_alignment_too_strict,riscv_machine_mode_rand_test,825844,/workspace/ibex/dv/uvm/out
897,case_897,bug_058,csr_exception,mepc_alignment_too_strict,riscv_machine_mode_rand_test,825845,/workspace/ibex/dv/uvm/out
898,case_898,bug_058,csr_exception,mepc_alignment_too_strict,riscv_machine_mode_rand_test,825846,/workspace/ibex/dv/uvm/out
899,case_899,bug_058,csr_exception,mepc_alignment_too_strict,riscv_machine_mode_rand_test,825847,/workspace/ibex/dv/uvm/out
900,case_900,bug_058,csr_exception,mepc_alignment_too_strict,riscv_machine_mode_rand_test,825848,/workspace/ibex/dv/uvm/out
901,case_901,bug_058,csr_exception,mepc_alignment_too_strict,riscv_machine_mode_rand_test,825849,/workspace/ibex/dv/uvm/out
902,case_902,bug_058,csr_exception,mepc_alignment_too_strict,riscv_machine_mode_rand_test,825850,/workspace/ibex/dv/uvm/out
903,case_903,bug_058,csr_exception,mepc_alignment_too_strict,riscv_machine_mode_rand_test,825851,/workspace/ibex/dv/uvm/out
904,case_904,bug_058,csr_exception,mepc_alignment_too_strict,riscv_machine_mode_rand_test,825852,/workspace/ibex/dv/uvm/out
905,case_905,bug_058,csr_exception,mepc_alignment_too_strict,riscv_machine_mode_rand_test,825854,/workspace/ibex/dv/uvm/out
906,case_906,bug_058,csr_exception,mepc_alignment_too_strict,riscv_machine_mode_rand_test,825855,/workspace/ibex/dv/uvm/out
907,case_907,bug_058,csr_exception,mepc_alignment_too_strict,riscv_machine_mode_rand_test,825856,/workspace/ibex/dv/uvm/out
908,case_908,bug_058,csr_exception,mepc_alignment_too_strict,riscv_invalid_csr_test,825801,/workspace/ibex/dv/uvm/out
909,case_909,bug_058,csr_exception,mepc_alignment_too_strict,riscv_invalid_csr_test,825802,/workspace/ibex/dv/uvm/out
910,case_910,bug_058,csr_exception,mepc_alignment_too_strict,riscv_invalid_csr_test,825803,/workspace/ibex/dv/uvm/out
911,case_911,bug_058,csr_exception,mepc_alignment_too_strict,riscv_invalid_csr_test,825804,/workspace/ibex/dv/uvm/out
912,case_912,bug_058,csr_exception,mepc_alignment_too_strict,riscv_invalid_csr_test,825805,/workspace/ibex/dv/uvm/out
913,case_913,bug_058,csr_exception,mepc_alignment_too_strict,riscv_invalid_csr_test,825809,/workspace/ibex/dv/uvm/out
914,case_914,bug_058,csr_exception,mepc_alignment_too_strict,riscv_invalid_csr_test,825810,/workspace/ibex/dv/uvm/out
915,case_915,bug_058,csr_exception,mepc_alignment_too_strict,riscv_invalid_csr_test,825811,/workspace/ibex/dv/uvm/out
916,case_916,bug_058,csr_exception,mepc_alignment_too_strict,riscv_invalid_csr_test,825812,/workspace/ibex/dv/uvm/out
917,case_917,bug_058,csr_exception,mepc_alignment_too_strict,riscv_invalid_csr_test,825813,/workspace/ibex/dv/uvm/out
918,case_918,bug_058,csr_exception,mepc_alignment_too_strict,riscv_invalid_csr_test,825814,/workspace/ibex/dv/uvm/out
919,case_919,bug_058,csr_exception,mepc_alignment_too_strict,riscv_invalid_csr_test,825815,/workspace/ibex/dv/uvm/out
920,case_920,bug_058,csr_exception,mepc_alignment_too_strict,riscv_invalid_csr_test,825816,/workspace/ibex/dv/uvm/out
921,case_921,bug_059,load_store,signed_byte_offset2_sign_bit_wrong,riscv_machine_mode_rand_test,40618,/workspace/ibex/dv/uvm/out
922,case_922,bug_059,load_store,signed_byte_offset2_sign_bit_wrong,riscv_user_mode_rand_test,40625,/workspace/ibex/dv/uvm/out
923,case_923,bug_059,load_store,signed_byte_offset2_sign_bit_wrong,riscv_rand_instr_test,40612,/workspace/ibex/dv/uvm/out
924,case_924,bug_059,load_store,signed_byte_offset2_sign_bit_wrong,riscv_machine_mode_rand_test,40622,/workspace/ibex/dv/uvm/out
925,case_925,bug_059,load_store,signed_byte_offset2_sign_bit_wrong,riscv_user_mode_rand_test,40630,/workspace/ibex/dv/uvm/out
926,case_926,bug_059,load_store,signed_byte_offset2_sign_bit_wrong,riscv_user_mode_rand_test,40626,/workspace/ibex/dv/uvm/out
927,case_927,bug_059,load_store,signed_byte_offset2_sign_bit_wrong,riscv_user_mode_rand_test,40631,/workspace/ibex/dv/uvm/out
928,case_928,bug_059,load_store,signed_byte_offset2_sign_bit_wrong,riscv_rand_instr_test,40615,/workspace/ibex/dv/uvm/out
929,case_929,bug_059,load_store,signed_byte_offset2_sign_bit_wrong,riscv_rand_instr_test,40616,/workspace/ibex/dv/uvm/out
930,case_930,bug_059,load_store,signed_byte_offset2_sign_bit_wrong,riscv_machine_mode_rand_test,40623,/workspace/ibex/dv/uvm/out
931,case_931,bug_059,load_store,signed_byte_offset2_sign_bit_wrong,riscv_machine_mode_rand_test,40621,/workspace/ibex/dv/uvm/out
932,case_932,bug_059,load_store,signed_byte_offset2_sign_bit_wrong,riscv_machine_mode_rand_test,40620,/workspace/ibex/dv/uvm/out
933,case_933,bug_059,load_store,signed_byte_offset2_sign_bit_wrong,riscv_rand_instr_test,40611,/workspace/ibex/dv/uvm/out
934,case_934,bug_059,load_store,signed_byte_offset2_sign_bit_wrong,riscv_rand_instr_test,40614,/workspace/ibex/dv/uvm/out
935,case_935,bug_059,load_store,signed_byte_offset2_sign_bit_wrong,riscv_rand_instr_test,40609,/workspace/ibex/dv/uvm/out
936,case_936,bug_059,load_store,signed_byte_offset2_sign_bit_wrong,riscv_user_mode_rand_test,40632,/workspace/ibex/dv/uvm/out
937,case_937,bug_059,load_store,signed_byte_offset2_sign_bit_wrong,riscv_user_mode_rand_test,40628,/workspace/ibex/dv/uvm/out
938,case_938,bug_059,load_store,signed_byte_offset2_sign_bit_wrong,riscv_machine_mode_rand_test,40617,/workspace/ibex/dv/uvm/out
939,case_939,bug_059,load_store,signed_byte_offset2_sign_bit_wrong,riscv_user_mode_rand_test,40629,/workspace/ibex/dv/uvm/out
940,case_940,bug_059,load_store,signed_byte_offset2_sign_bit_wrong,riscv_machine_mode_rand_test,40619,/workspace/ibex/dv/uvm/out
941,case_941,bug_059,load_store,signed_byte_offset2_sign_bit_wrong,riscv_machine_mode_rand_test,40624,/workspace/ibex/dv/uvm/out
942,case_942,bug_059,load_store,signed_byte_offset2_sign_bit_wrong,riscv_rand_instr_test,40613,/workspace/ibex/dv/uvm/out
943,case_943,bug_059,load_store,signed_byte_offset2_sign_bit_wrong,riscv_unaligned_load_store_test,40602,/workspace/ibex/dv/uvm/out
944,case_944,bug_059,load_store,signed_byte_offset2_sign_bit_wrong,riscv_rand_instr_test,40610,/workspace/ibex/dv/uvm/out
945,case_945,bug_059,load_store,signed_byte_offset2_sign_bit_wrong,riscv_unaligned_load_store_test,40606,/workspace/ibex/dv/uvm/out
946,case_946,bug_059,load_store,signed_byte_offset2_sign_bit_wrong,riscv_unaligned_load_store_test,40608,/workspace/ibex/dv/uvm/out
947,case_947,bug_059,load_store,signed_byte_offset2_sign_bit_wrong,riscv_unaligned_load_store_test,40603,/workspace/ibex/dv/uvm/out
948,case_948,bug_059,load_store,signed_byte_offset2_sign_bit_wrong,riscv_unaligned_load_store_test,40607,/workspace/ibex/dv/uvm/out
949,case_949,bug_059,load_store,signed_byte_offset2_sign_bit_wrong,riscv_unaligned_load_store_test,40604,/workspace/ibex/dv/uvm/out
950,case_950,bug_059,load_store,signed_byte_offset2_sign_bit_wrong,riscv_unaligned_load_store_test,40605,/workspace/ibex/dv/uvm/out
951,case_951,bug_059,load_store,signed_byte_offset2_sign_bit_wrong,riscv_unaligned_load_store_test,40601,/workspace/ibex/dv/uvm/out
952,case_952,bug_059,load_store,signed_byte_offset2_sign_bit_wrong,riscv_user_mode_rand_test,825944,/workspace/ibex/dv/uvm/out
953,case_953,bug_059,load_store,signed_byte_offset2_sign_bit_wrong,riscv_user_mode_rand_test,825945,/workspace/ibex/dv/uvm/out
954,case_954,bug_059,load_store,signed_byte_offset2_sign_bit_wrong,riscv_user_mode_rand_test,825947,/workspace/ibex/dv/uvm/out
955,case_955,bug_059,load_store,signed_byte_offset2_sign_bit_wrong,riscv_user_mode_rand_test,825948,/workspace/ibex/dv/uvm/out
956,case_956,bug_059,load_store,signed_byte_offset2_sign_bit_wrong,riscv_user_mode_rand_test,825949,/workspace/ibex/dv/uvm/out
957,case_957,bug_059,load_store,signed_byte_offset2_sign_bit_wrong,riscv_user_mode_rand_test,825950,/workspace/ibex/dv/uvm/out
958,case_958,bug_059,load_store,signed_byte_offset2_sign_bit_wrong,riscv_machine_mode_rand_test,825901,/workspace/ibex/dv/uvm/out
959,case_959,bug_059,load_store,signed_byte_offset2_sign_bit_wrong,riscv_machine_mode_rand_test,825902,/workspace/ibex/dv/uvm/out
960,case_960,bug_059,load_store,signed_byte_offset2_sign_bit_wrong,riscv_machine_mode_rand_test,825903,/workspace/ibex/dv/uvm/out
961,case_961,bug_059,load_store,signed_byte_offset2_sign_bit_wrong,riscv_machine_mode_rand_test,825904,/workspace/ibex/dv/uvm/out
962,case_962,bug_059,load_store,signed_byte_offset2_sign_bit_wrong,riscv_machine_mode_rand_test,825905,/workspace/ibex/dv/uvm/out
963,case_963,bug_059,load_store,signed_byte_offset2_sign_bit_wrong,riscv_machine_mode_rand_test,825906,/workspace/ibex/dv/uvm/out
964,case_964,bug_059,load_store,signed_byte_offset2_sign_bit_wrong,riscv_machine_mode_rand_test,825907,/workspace/ibex/dv/uvm/out
965,case_965,bug_059,load_store,signed_byte_offset2_sign_bit_wrong,riscv_machine_mode_rand_test,825908,/workspace/ibex/dv/uvm/out
966,case_966,bug_059,load_store,signed_byte_offset2_sign_bit_wrong,riscv_machine_mode_rand_test,825910,/workspace/ibex/dv/uvm/out
967,case_967,bug_060,csr_exception,exception_mtval_forced_zero,riscv_invalid_csr_test,40710,/workspace/ibex/dv/uvm/out
968,case_968,bug_060,csr_exception,exception_mtval_forced_zero,riscv_invalid_csr_test,40715,/workspace/ibex/dv/uvm/out
969,case_969,bug_060,csr_exception,exception_mtval_forced_zero,riscv_invalid_csr_test,40716,/workspace/ibex/dv/uvm/out
970,case_970,bug_060,csr_exception,exception_mtval_forced_zero,riscv_invalid_csr_test,40712,/workspace/ibex/dv/uvm/out
971,case_971,bug_060,csr_exception,exception_mtval_forced_zero,riscv_invalid_csr_test,40709,/workspace/ibex/dv/uvm/out
972,case_972,bug_060,csr_exception,exception_mtval_forced_zero,riscv_invalid_csr_test,40711,/workspace/ibex/dv/uvm/out
973,case_973,bug_060,csr_exception,exception_mtval_forced_zero,riscv_illegal_instr_test,40707,/workspace/ibex/dv/uvm/out
974,case_974,bug_060,csr_exception,exception_mtval_forced_zero,riscv_unaligned_load_store_test,40718,/workspace/ibex/dv/uvm/out
975,case_975,bug_060,csr_exception,exception_mtval_forced_zero,riscv_unaligned_load_store_test,40720,/workspace/ibex/dv/uvm/out
976,case_976,bug_060,csr_exception,exception_mtval_forced_zero,riscv_unaligned_load_store_test,40722,/workspace/ibex/dv/uvm/out
977,case_977,bug_060,csr_exception,exception_mtval_forced_zero,riscv_unaligned_load_store_test,40723,/workspace/ibex/dv/uvm/out
978,case_978,bug_060,csr_exception,exception_mtval_forced_zero,riscv_unaligned_load_store_test,40724,/workspace/ibex/dv/uvm/out
979,case_979,bug_060,csr_exception,exception_mtval_forced_zero,riscv_unaligned_load_store_test,40717,/workspace/ibex/dv/uvm/out
980,case_980,bug_060,csr_exception,exception_mtval_forced_zero,riscv_unaligned_load_store_test,40719,/workspace/ibex/dv/uvm/out
981,case_981,bug_060,csr_exception,exception_mtval_forced_zero,riscv_unaligned_load_store_test,40721,/workspace/ibex/dv/uvm/out
982,case_982,bug_060,csr_exception,exception_mtval_forced_zero,riscv_illegal_instr_test,40702,/workspace/ibex/dv/uvm/out
983,case_983,bug_060,csr_exception,exception_mtval_forced_zero,riscv_illegal_instr_test,40704,/workspace/ibex/dv/uvm/out
984,case_984,bug_060,csr_exception,exception_mtval_forced_zero,riscv_illegal_instr_test,40706,/workspace/ibex/dv/uvm/out
985,case_985,bug_060,csr_exception,exception_mtval_forced_zero,riscv_invalid_csr_test,826002,/workspace/ibex/dv/uvm/out
986,case_986,bug_060,csr_exception,exception_mtval_forced_zero,riscv_invalid_csr_test,826003,/workspace/ibex/dv/uvm/out
987,case_987,bug_060,csr_exception,exception_mtval_forced_zero,riscv_invalid_csr_test,826004,/workspace/ibex/dv/uvm/out
988,case_988,bug_060,csr_exception,exception_mtval_forced_zero,riscv_invalid_csr_test,826005,/workspace/ibex/dv/uvm/out
989,case_989,bug_060,csr_exception,exception_mtval_forced_zero,riscv_invalid_csr_test,826006,/workspace/ibex/dv/uvm/out
990,case_990,bug_060,csr_exception,exception_mtval_forced_zero,riscv_invalid_csr_test,826007,/workspace/ibex/dv/uvm/out
991,case_991,bug_060,csr_exception,exception_mtval_forced_zero,riscv_invalid_csr_test,826008,/workspace/ibex/dv/uvm/out
992,case_992,bug_060,csr_exception,exception_mtval_forced_zero,riscv_invalid_csr_test,826009,/workspace/ibex/dv/uvm/out
993,case_993,bug_060,csr_exception,exception_mtval_forced_zero,riscv_invalid_csr_test,826010,/workspace/ibex/dv/uvm/out
994,case_994,bug_060,csr_exception,exception_mtval_forced_zero,riscv_invalid_csr_test,826011,/workspace/ibex/dv/uvm/out
995,case_995,bug_060,csr_exception,exception_mtval_forced_zero,riscv_invalid_csr_test,826012,/workspace/ibex/dv/uvm/out
996,case_996,bug_060,csr_exception,exception_mtval_forced_zero,riscv_invalid_csr_test,826013,/workspace/ibex/dv/uvm/out
997,case_997,bug_060,csr_exception,exception_mtval_forced_zero,riscv_invalid_csr_test,826014,/workspace/ibex/dv/uvm/out
998,case_998,bug_060,csr_exception,exception_mtval_forced_zero,riscv_invalid_csr_test,826015,/workspace/ibex/dv/uvm/out
999,case_999,bug_060,csr_exception,exception_mtval_forced_zero,riscv_illegal_instr_test,826041,/workspace/ibex/dv/uvm/out
1000,case_1000,bug_060,csr_exception,exception_mtval_forced_zero,riscv_illegal_instr_test,826042,/workspace/ibex/dv/uvm/out
1001,case_1001,bug_060,csr_exception,exception_mtval_forced_zero,riscv_illegal_instr_test,826043,/workspace/ibex/dv/uvm/out
1002,case_1002,bug_060,csr_exception,exception_mtval_forced_zero,riscv_illegal_instr_test,826044,/workspace/ibex/dv/uvm/out
1003,case_1003,bug_060,csr_exception,exception_mtval_forced_zero,riscv_illegal_instr_test,826045,/workspace/ibex/dv/uvm/out
1004,case_1004,bug_060,csr_exception,exception_mtval_forced_zero,riscv_illegal_instr_test,826046,/workspace/ibex/dv/uvm/out
1005,case_1005,bug_060,csr_exception,exception_mtval_forced_zero,riscv_illegal_instr_test,826047,/workspace/ibex/dv/uvm/out
1006,case_1006,bug_060,csr_exception,exception_mtval_forced_zero,riscv_illegal_instr_test,826048,/workspace/ibex/dv/uvm/out
1007,case_1007,bug_060,csr_exception,exception_mtval_forced_zero,riscv_illegal_instr_test,826049,/workspace/ibex/dv/uvm/out
1008,case_1008,bug_060,csr_exception,exception_mtval_forced_zero,riscv_illegal_instr_test,826050,/workspace/ibex/dv/uvm/out
1009,case_1009,bug_060,csr_exception,exception_mtval_forced_zero,riscv_illegal_instr_test,826051,/workspace/ibex/dv/uvm/out
1010,case_1010,bug_060,csr_exception,exception_mtval_forced_zero,riscv_illegal_instr_test,826052,/workspace/ibex/dv/uvm/out
1011,case_1011,bug_060,csr_exception,exception_mtval_forced_zero,riscv_illegal_instr_test,826053,/workspace/ibex/dv/uvm/out
1012,case_1012,bug_060,csr_exception,exception_mtval_forced_zero,riscv_illegal_instr_test,826054,/workspace/ibex/dv/uvm/out
1013,case_1013,bug_061,load_store,signed_halfword_offset1_sign_bit_wrong,riscv_machine_mode_rand_test,40818,/workspace/ibex/dv/uvm/out
1014,case_1014,bug_061,load_store,signed_halfword_offset1_sign_bit_wrong,riscv_user_mode_rand_test,40828,/workspace/ibex/dv/uvm/out
1015,case_1015,bug_061,load_store,signed_halfword_offset1_sign_bit_wrong,riscv_rand_instr_test,40813,/workspace/ibex/dv/uvm/out
1016,case_1016,bug_061,load_store,signed_halfword_offset1_sign_bit_wrong,riscv_machine_mode_rand_test,40820,/workspace/ibex/dv/uvm/out
1017,case_1017,bug_061,load_store,signed_halfword_offset1_sign_bit_wrong,riscv_machine_mode_rand_test,40824,/workspace/ibex/dv/uvm/out
1018,case_1018,bug_061,load_store,signed_halfword_offset1_sign_bit_wrong,riscv_machine_mode_rand_test,40823,/workspace/ibex/dv/uvm/out
1019,case_1019,bug_061,load_store,signed_halfword_offset1_sign_bit_wrong,riscv_rand_instr_test,40809,/workspace/ibex/dv/uvm/out
1020,case_1020,bug_061,load_store,signed_halfword_offset1_sign_bit_wrong,riscv_machine_mode_rand_test,40817,/workspace/ibex/dv/uvm/out
1021,case_1021,bug_061,load_store,signed_halfword_offset1_sign_bit_wrong,riscv_rand_instr_test,40816,/workspace/ibex/dv/uvm/out
1022,case_1022,bug_061,load_store,signed_halfword_offset1_sign_bit_wrong,riscv_user_mode_rand_test,40831,/workspace/ibex/dv/uvm/out
1023,case_1023,bug_061,load_store,signed_halfword_offset1_sign_bit_wrong,riscv_user_mode_rand_test,40832,/workspace/ibex/dv/uvm/out
1024,case_1024,bug_061,load_store,signed_halfword_offset1_sign_bit_wrong,riscv_rand_instr_test,40815,/workspace/ibex/dv/uvm/out
1025,case_1025,bug_061,load_store,signed_halfword_offset1_sign_bit_wrong,riscv_user_mode_rand_test,40827,/workspace/ibex/dv/uvm/out
1026,case_1026,bug_061,load_store,signed_halfword_offset1_sign_bit_wrong,riscv_rand_instr_test,40811,/workspace/ibex/dv/uvm/out
1027,case_1027,bug_061,load_store,signed_halfword_offset1_sign_bit_wrong,riscv_machine_mode_rand_test,40821,/workspace/ibex/dv/uvm/out
1028,case_1028,bug_061,load_store,signed_halfword_offset1_sign_bit_wrong,riscv_user_mode_rand_test,40830,/workspace/ibex/dv/uvm/out
1029,case_1029,bug_061,load_store,signed_halfword_offset1_sign_bit_wrong,riscv_rand_instr_test,40810,/workspace/ibex/dv/uvm/out
1030,case_1030,bug_061,load_store,signed_halfword_offset1_sign_bit_wrong,riscv_rand_instr_test,40812,/workspace/ibex/dv/uvm/out
1031,case_1031,bug_061,load_store,signed_halfword_offset1_sign_bit_wrong,riscv_rand_instr_test,40814,/workspace/ibex/dv/uvm/out
1032,case_1032,bug_061,load_store,signed_halfword_offset1_sign_bit_wrong,riscv_machine_mode_rand_test,40822,/workspace/ibex/dv/uvm/out
1033,case_1033,bug_061,load_store,signed_halfword_offset1_sign_bit_wrong,riscv_unaligned_load_store_test,40805,/workspace/ibex/dv/uvm/out
1034,case_1034,bug_061,load_store,signed_halfword_offset1_sign_bit_wrong,riscv_machine_mode_rand_test,40819,/workspace/ibex/dv/uvm/out
1035,case_1035,bug_061,load_store,signed_halfword_offset1_sign_bit_wrong,riscv_unaligned_load_store_test,40801,/workspace/ibex/dv/uvm/out
1036,case_1036,bug_061,load_store,signed_halfword_offset1_sign_bit_wrong,riscv_unaligned_load_store_test,40808,/workspace/ibex/dv/uvm/out
1037,case_1037,bug_061,load_store,signed_halfword_offset1_sign_bit_wrong,riscv_unaligned_load_store_test,40807,/workspace/ibex/dv/uvm/out
1038,case_1038,bug_061,load_store,signed_halfword_offset1_sign_bit_wrong,riscv_unaligned_load_store_test,40806,/workspace/ibex/dv/uvm/out
1039,case_1039,bug_061,load_store,signed_halfword_offset1_sign_bit_wrong,riscv_unaligned_load_store_test,40802,/workspace/ibex/dv/uvm/out
1040,case_1040,bug_061,load_store,signed_halfword_offset1_sign_bit_wrong,riscv_unaligned_load_store_test,40803,/workspace/ibex/dv/uvm/out
1041,case_1041,bug_061,load_store,signed_halfword_offset1_sign_bit_wrong,riscv_machine_mode_rand_test,826101,/workspace/ibex/dv/uvm/out
1042,case_1042,bug_061,load_store,signed_halfword_offset1_sign_bit_wrong,riscv_machine_mode_rand_test,826102,/workspace/ibex/dv/uvm/out
1043,case_1043,bug_061,load_store,signed_halfword_offset1_sign_bit_wrong,riscv_machine_mode_rand_test,826103,/workspace/ibex/dv/uvm/out
1044,case_1044,bug_061,load_store,signed_halfword_offset1_sign_bit_wrong,riscv_machine_mode_rand_test,826104,/workspace/ibex/dv/uvm/out
1045,case_1045,bug_061,load_store,signed_halfword_offset1_sign_bit_wrong,riscv_machine_mode_rand_test,826105,/workspace/ibex/dv/uvm/out
1046,case_1046,bug_061,load_store,signed_halfword_offset1_sign_bit_wrong,riscv_machine_mode_rand_test,826106,/workspace/ibex/dv/uvm/out
1047,case_1047,bug_061,load_store,signed_halfword_offset1_sign_bit_wrong,riscv_machine_mode_rand_test,826107,/workspace/ibex/dv/uvm/out
1048,case_1048,bug_061,load_store,signed_halfword_offset1_sign_bit_wrong,riscv_machine_mode_rand_test,826108,/workspace/ibex/dv/uvm/out
1049,case_1049,bug_061,load_store,signed_halfword_offset1_sign_bit_wrong,riscv_machine_mode_rand_test,826109,/workspace/ibex/dv/uvm/out
1050,case_1050,bug_061,load_store,signed_halfword_offset1_sign_bit_wrong,riscv_machine_mode_rand_test,826110,/workspace/ibex/dv/uvm/out
1051,case_1051,bug_061,load_store,signed_halfword_offset1_sign_bit_wrong,riscv_user_mode_rand_test,826141,/workspace/ibex/dv/uvm/out
1052,case_1052,bug_061,load_store,signed_halfword_offset1_sign_bit_wrong,riscv_user_mode_rand_test,826142,/workspace/ibex/dv/uvm/out
1053,case_1053,bug_061,load_store,signed_halfword_offset1_sign_bit_wrong,riscv_user_mode_rand_test,826143,/workspace/ibex/dv/uvm/out
1054,case_1054,bug_061,load_store,signed_halfword_offset1_sign_bit_wrong,riscv_user_mode_rand_test,826144,/workspace/ibex/dv/uvm/out
1055,case_1055,bug_061,load_store,signed_halfword_offset1_sign_bit_wrong,riscv_user_mode_rand_test,826145,/workspace/ibex/dv/uvm/out
1056,case_1056,bug_061,load_store,signed_halfword_offset1_sign_bit_wrong,riscv_user_mode_rand_test,826146,/workspace/ibex/dv/uvm/out
1057,case_1057,bug_061,load_store,signed_halfword_offset1_sign_bit_wrong,riscv_user_mode_rand_test,826147,/workspace/ibex/dv/uvm/out
1058,case_1058,bug_061,load_store,signed_halfword_offset1_sign_bit_wrong,riscv_user_mode_rand_test,826149,/workspace/ibex/dv/uvm/out
1059,case_1059,bug_062,decoder_exception,jalr_funct3_001_accepted,riscv_illegal_instr_test,40901,/workspace/ibex/dv/uvm/out
1060,case_1060,bug_062,decoder_exception,jalr_funct3_001_accepted,riscv_rand_jump_test,40931,/workspace/ibex/dv/uvm/out
1061,case_1061,bug_062,decoder_exception,jalr_funct3_001_accepted,riscv_machine_mode_rand_test,40911,/workspace/ibex/dv/uvm/out
1062,case_1062,bug_062,decoder_exception,jalr_funct3_001_accepted,riscv_rand_instr_test,40924,/workspace/ibex/dv/uvm/out
1063,case_1063,bug_062,decoder_exception,jalr_funct3_001_accepted,riscv_rand_jump_test,40926,/workspace/ibex/dv/uvm/out
1064,case_1064,bug_062,decoder_exception,jalr_funct3_001_accepted,riscv_rand_jump_test,40930,/workspace/ibex/dv/uvm/out
1065,case_1065,bug_062,decoder_exception,jalr_funct3_001_accepted,riscv_rand_jump_test,40928,/workspace/ibex/dv/uvm/out
1066,case_1066,bug_062,decoder_exception,jalr_funct3_001_accepted,riscv_machine_mode_rand_test,40912,/workspace/ibex/dv/uvm/out
1067,case_1067,bug_062,decoder_exception,jalr_funct3_001_accepted,riscv_machine_mode_rand_test,40914,/workspace/ibex/dv/uvm/out
1068,case_1068,bug_062,decoder_exception,jalr_funct3_001_accepted,riscv_rand_instr_test,40919,/workspace/ibex/dv/uvm/out
1069,case_1069,bug_062,decoder_exception,jalr_funct3_001_accepted,riscv_machine_mode_rand_test,40916,/workspace/ibex/dv/uvm/out
1070,case_1070,bug_062,decoder_exception,jalr_funct3_001_accepted,riscv_machine_mode_rand_test,40915,/workspace/ibex/dv/uvm/out
1071,case_1071,bug_062,decoder_exception,jalr_funct3_001_accepted,riscv_machine_mode_rand_test,40913,/workspace/ibex/dv/uvm/out
1072,case_1072,bug_062,decoder_exception,jalr_funct3_001_accepted,riscv_rand_instr_test,40921,/workspace/ibex/dv/uvm/out
1073,case_1073,bug_062,decoder_exception,jalr_funct3_001_accepted,riscv_rand_instr_test,40923,/workspace/ibex/dv/uvm/out
1074,case_1074,bug_062,decoder_exception,jalr_funct3_001_accepted,riscv_machine_mode_rand_test,40910,/workspace/ibex/dv/uvm/out
1075,case_1075,bug_062,decoder_exception,jalr_funct3_001_accepted,riscv_rand_instr_test,40922,/workspace/ibex/dv/uvm/out
1076,case_1076,bug_062,decoder_exception,jalr_funct3_001_accepted,riscv_rand_jump_test,40925,/workspace/ibex/dv/uvm/out
1077,case_1077,bug_062,decoder_exception,jalr_funct3_001_accepted,riscv_rand_jump_test,40929,/workspace/ibex/dv/uvm/out
1078,case_1078,bug_062,decoder_exception,jalr_funct3_001_accepted,riscv_rand_instr_test,40917,/workspace/ibex/dv/uvm/out
1079,case_1079,bug_062,decoder_exception,jalr_funct3_001_accepted,riscv_machine_mode_rand_test,40909,/workspace/ibex/dv/uvm/out
1080,case_1080,bug_062,decoder_exception,jalr_funct3_001_accepted,riscv_rand_jump_test,40932,/workspace/ibex/dv/uvm/out
1081,case_1081,bug_062,decoder_exception,jalr_funct3_001_accepted,riscv_rand_instr_test,40920,/workspace/ibex/dv/uvm/out
1082,case_1082,bug_062,decoder_exception,jalr_funct3_001_accepted,riscv_rand_instr_test,40918,/workspace/ibex/dv/uvm/out
1083,case_1083,bug_062,decoder_exception,jalr_funct3_001_accepted,riscv_illegal_instr_test,40904,/workspace/ibex/dv/uvm/out
1084,case_1084,bug_062,decoder_exception,jalr_funct3_001_accepted,riscv_illegal_instr_test,40906,/workspace/ibex/dv/uvm/out
1085,case_1085,bug_062,decoder_exception,jalr_funct3_001_accepted,riscv_illegal_instr_test,40908,/workspace/ibex/dv/uvm/out
1086,case_1086,bug_062,decoder_exception,jalr_funct3_001_accepted,riscv_illegal_instr_test,40903,/workspace/ibex/dv/uvm/out
1087,case_1087,bug_062,decoder_exception,jalr_funct3_001_accepted,riscv_illegal_instr_test,40905,/workspace/ibex/dv/uvm/out
1088,case_1088,bug_062,decoder_exception,jalr_funct3_001_accepted,riscv_illegal_instr_test,40902,/workspace/ibex/dv/uvm/out
1089,case_1089,bug_062,decoder_exception,jalr_funct3_001_accepted,riscv_rand_jump_test,826241,/workspace/ibex/dv/uvm/out
1090,case_1090,bug_062,decoder_exception,jalr_funct3_001_accepted,riscv_rand_jump_test,826242,/workspace/ibex/dv/uvm/out
1091,case_1091,bug_062,decoder_exception,jalr_funct3_001_accepted,riscv_rand_jump_test,826244,/workspace/ibex/dv/uvm/out
1092,case_1092,bug_062,decoder_exception,jalr_funct3_001_accepted,riscv_rand_jump_test,826247,/workspace/ibex/dv/uvm/out
1093,case_1093,bug_062,decoder_exception,jalr_funct3_001_accepted,riscv_rand_jump_test,826248,/workspace/ibex/dv/uvm/out
1094,case_1094,bug_062,decoder_exception,jalr_funct3_001_accepted,riscv_rand_jump_test,826249,/workspace/ibex/dv/uvm/out
1095,case_1095,bug_062,decoder_exception,jalr_funct3_001_accepted,riscv_rand_jump_test,826250,/workspace/ibex/dv/uvm/out
1096,case_1096,bug_062,decoder_exception,jalr_funct3_001_accepted,riscv_illegal_instr_test,826201,/workspace/ibex/dv/uvm/out
1097,case_1097,bug_062,decoder_exception,jalr_funct3_001_accepted,riscv_illegal_instr_test,826202,/workspace/ibex/dv/uvm/out
1098,case_1098,bug_062,decoder_exception,jalr_funct3_001_accepted,riscv_illegal_instr_test,826204,/workspace/ibex/dv/uvm/out
1099,case_1099,bug_062,decoder_exception,jalr_funct3_001_accepted,riscv_illegal_instr_test,826205,/workspace/ibex/dv/uvm/out
1100,case_1100,bug_062,decoder_exception,jalr_funct3_001_accepted,riscv_illegal_instr_test,826206,/workspace/ibex/dv/uvm/out
1101,case_1101,bug_062,decoder_exception,jalr_funct3_001_accepted,riscv_illegal_instr_test,826207,/workspace/ibex/dv/uvm/out
1102,case_1102,bug_062,decoder_exception,jalr_funct3_001_accepted,riscv_illegal_instr_test,826208,/workspace/ibex/dv/uvm/out
1103,case_1103,bug_062,decoder_exception,jalr_funct3_001_accepted,riscv_illegal_instr_test,826209,/workspace/ibex/dv/uvm/out
1104,case_1104,bug_062,decoder_exception,jalr_funct3_001_accepted,riscv_illegal_instr_test,826210,/workspace/ibex/dv/uvm/out
1105,case_1105,bug_063,load_store,store_byte_offset2_enable_wrong,riscv_machine_mode_rand_test,12024,/workspace/ibex/dv/uvm/out
1106,case_1106,bug_063,load_store,store_byte_offset2_enable_wrong,riscv_rand_instr_test,12013,/workspace/ibex/dv/uvm/out
1107,case_1107,bug_063,load_store,store_byte_offset2_enable_wrong,riscv_machine_mode_rand_test,12029,/workspace/ibex/dv/uvm/out
1108,case_1108,bug_063,load_store,store_byte_offset2_enable_wrong,riscv_rand_instr_test,12012,/workspace/ibex/dv/uvm/out
1109,case_1109,bug_063,load_store,store_byte_offset2_enable_wrong,riscv_machine_mode_rand_test,12032,/workspace/ibex/dv/uvm/out
1110,case_1110,bug_063,load_store,store_byte_offset2_enable_wrong,riscv_machine_mode_rand_test,12026,/workspace/ibex/dv/uvm/out
1111,case_1111,bug_063,load_store,store_byte_offset2_enable_wrong,riscv_machine_mode_rand_test,12023,/workspace/ibex/dv/uvm/out
1112,case_1112,bug_063,load_store,store_byte_offset2_enable_wrong,riscv_rand_instr_test,12018,/workspace/ibex/dv/uvm/out
1113,case_1113,bug_063,load_store,store_byte_offset2_enable_wrong,riscv_machine_mode_rand_test,12025,/workspace/ibex/dv/uvm/out
1114,case_1114,bug_063,load_store,store_byte_offset2_enable_wrong,riscv_rand_instr_test,12022,/workspace/ibex/dv/uvm/out
1115,case_1115,bug_063,load_store,store_byte_offset2_enable_wrong,riscv_rand_instr_test,12014,/workspace/ibex/dv/uvm/out
1116,case_1116,bug_063,load_store,store_byte_offset2_enable_wrong,riscv_machine_mode_rand_test,12028,/workspace/ibex/dv/uvm/out
1117,case_1117,bug_063,load_store,store_byte_offset2_enable_wrong,riscv_rand_instr_test,12017,/workspace/ibex/dv/uvm/out
1118,case_1118,bug_063,load_store,store_byte_offset2_enable_wrong,riscv_rand_instr_test,12016,/workspace/ibex/dv/uvm/out
1119,case_1119,bug_063,load_store,store_byte_offset2_enable_wrong,riscv_rand_instr_test,12015,/workspace/ibex/dv/uvm/out
1120,case_1120,bug_063,load_store,store_byte_offset2_enable_wrong,riscv_unaligned_load_store_test,12001,/workspace/ibex/dv/uvm/out
1121,case_1121,bug_063,load_store,store_byte_offset2_enable_wrong,riscv_rand_instr_test,12019,/workspace/ibex/dv/uvm/out
1122,case_1122,bug_063,load_store,store_byte_offset2_enable_wrong,riscv_rand_instr_test,12020,/workspace/ibex/dv/uvm/out
1123,case_1123,bug_063,load_store,store_byte_offset2_enable_wrong,riscv_unaligned_load_store_test,12002,/workspace/ibex/dv/uvm/out
1124,case_1124,bug_063,load_store,store_byte_offset2_enable_wrong,riscv_unaligned_load_store_test,12003,/workspace/ibex/dv/uvm/out
1125,case_1125,bug_063,load_store,store_byte_offset2_enable_wrong,riscv_unaligned_load_store_test,12010,/workspace/ibex/dv/uvm/out
1126,case_1126,bug_063,load_store,store_byte_offset2_enable_wrong,riscv_unaligned_load_store_test,12006,/workspace/ibex/dv/uvm/out
1127,case_1127,bug_063,load_store,store_byte_offset2_enable_wrong,riscv_unaligned_load_store_test,12008,/workspace/ibex/dv/uvm/out
1128,case_1128,bug_063,load_store,store_byte_offset2_enable_wrong,riscv_unaligned_load_store_test,12007,/workspace/ibex/dv/uvm/out
1129,case_1129,bug_063,load_store,store_byte_offset2_enable_wrong,riscv_unaligned_load_store_test,12011,/workspace/ibex/dv/uvm/out
1130,case_1130,bug_063,load_store,store_byte_offset2_enable_wrong,riscv_rand_instr_test,826341,/workspace/ibex/dv/uvm/out
1131,case_1131,bug_063,load_store,store_byte_offset2_enable_wrong,riscv_rand_instr_test,826342,/workspace/ibex/dv/uvm/out
1132,case_1132,bug_063,load_store,store_byte_offset2_enable_wrong,riscv_rand_instr_test,826343,/workspace/ibex/dv/uvm/out
1133,case_1133,bug_063,load_store,store_byte_offset2_enable_wrong,riscv_rand_instr_test,826344,/workspace/ibex/dv/uvm/out
1134,case_1134,bug_063,load_store,store_byte_offset2_enable_wrong,riscv_rand_instr_test,826345,/workspace/ibex/dv/uvm/out
1135,case_1135,bug_063,load_store,store_byte_offset2_enable_wrong,riscv_rand_instr_test,826346,/workspace/ibex/dv/uvm/out
1136,case_1136,bug_063,load_store,store_byte_offset2_enable_wrong,riscv_rand_instr_test,826347,/workspace/ibex/dv/uvm/out
1137,case_1137,bug_063,load_store,store_byte_offset2_enable_wrong,riscv_rand_instr_test,826348,/workspace/ibex/dv/uvm/out
1138,case_1138,bug_063,load_store,store_byte_offset2_enable_wrong,riscv_rand_instr_test,826349,/workspace/ibex/dv/uvm/out
1139,case_1139,bug_063,load_store,store_byte_offset2_enable_wrong,riscv_rand_instr_test,826350,/workspace/ibex/dv/uvm/out
1140,case_1140,bug_063,load_store,store_byte_offset2_enable_wrong,riscv_rand_instr_test,826351,/workspace/ibex/dv/uvm/out
1141,case_1141,bug_063,load_store,store_byte_offset2_enable_wrong,riscv_machine_mode_rand_test,826301,/workspace/ibex/dv/uvm/out
1142,case_1142,bug_063,load_store,store_byte_offset2_enable_wrong,riscv_machine_mode_rand_test,826302,/workspace/ibex/dv/uvm/out
1143,case_1143,bug_063,load_store,store_byte_offset2_enable_wrong,riscv_machine_mode_rand_test,826303,/workspace/ibex/dv/uvm/out
1144,case_1144,bug_063,load_store,store_byte_offset2_enable_wrong,riscv_machine_mode_rand_test,826304,/workspace/ibex/dv/uvm/out
1145,case_1145,bug_063,load_store,store_byte_offset2_enable_wrong,riscv_machine_mode_rand_test,826306,/workspace/ibex/dv/uvm/out
1146,case_1146,bug_063,load_store,store_byte_offset2_enable_wrong,riscv_machine_mode_rand_test,826307,/workspace/ibex/dv/uvm/out
1147,case_1147,bug_063,load_store,store_byte_offset2_enable_wrong,riscv_machine_mode_rand_test,826308,/workspace/ibex/dv/uvm/out
1148,case_1148,bug_063,load_store,store_byte_offset2_enable_wrong,riscv_machine_mode_rand_test,826309,/workspace/ibex/dv/uvm/out
1149,case_1149,bug_063,load_store,store_byte_offset2_enable_wrong,riscv_machine_mode_rand_test,826310,/workspace/ibex/dv/uvm/out
1150,case_1150,bug_063,load_store,store_byte_offset2_enable_wrong,riscv_machine_mode_rand_test,826311,/workspace/ibex/dv/uvm/out
1151,case_1151,bug_064,debug_csr,dpc_alignment_too_strict,riscv_dret_test,13012,/workspace/ibex/dv/uvm/out
1152,case_1152,bug_064,debug_csr,dpc_alignment_too_strict,riscv_debug_stress_test,13021,/workspace/ibex/dv/uvm/out
1153,case_1153,bug_064,debug_csr,dpc_alignment_too_strict,riscv_dret_test,13014,/workspace/ibex/dv/uvm/out
1154,case_1154,bug_064,debug_csr,dpc_alignment_too_strict,riscv_dret_test,13015,/workspace/ibex/dv/uvm/out
1155,case_1155,bug_064,debug_csr,dpc_alignment_too_strict,riscv_dret_test,13009,/workspace/ibex/dv/uvm/out
1156,case_1156,bug_064,debug_csr,dpc_alignment_too_strict,riscv_dret_test,13011,/workspace/ibex/dv/uvm/out
1157,case_1157,bug_064,debug_csr,dpc_alignment_too_strict,riscv_dret_test,13013,/workspace/ibex/dv/uvm/out
1158,case_1158,bug_064,debug_csr,dpc_alignment_too_strict,riscv_dret_test,13016,/workspace/ibex/dv/uvm/out
1159,case_1159,bug_064,debug_csr,dpc_alignment_too_strict,riscv_dret_test,13010,/workspace/ibex/dv/uvm/out
1160,case_1160,bug_064,debug_csr,dpc_alignment_too_strict,riscv_debug_stress_test,13017,/workspace/ibex/dv/uvm/out
1161,case_1161,bug_064,debug_csr,dpc_alignment_too_strict,riscv_debug_stress_test,13024,/workspace/ibex/dv/uvm/out
1162,case_1162,bug_064,debug_csr,dpc_alignment_too_strict,riscv_debug_stress_test,13019,/workspace/ibex/dv/uvm/out
1163,case_1163,bug_064,debug_csr,dpc_alignment_too_strict,riscv_debug_stress_test,13018,/workspace/ibex/dv/uvm/out
1164,case_1164,bug_064,debug_csr,dpc_alignment_too_strict,riscv_debug_stress_test,13020,/workspace/ibex/dv/uvm/out
1165,case_1165,bug_064,debug_csr,dpc_alignment_too_strict,riscv_debug_stress_test,13023,/workspace/ibex/dv/uvm/out
1166,case_1166,bug_064,debug_csr,dpc_alignment_too_strict,riscv_debug_branch_jump_test,13027,/workspace/ibex/dv/uvm/out
1167,case_1167,bug_064,debug_csr,dpc_alignment_too_strict,riscv_debug_branch_jump_test,13031,/workspace/ibex/dv/uvm/out
1168,case_1168,bug_064,debug_csr,dpc_alignment_too_strict,riscv_debug_branch_jump_test,13025,/workspace/ibex/dv/uvm/out
1169,case_1169,bug_064,debug_csr,dpc_alignment_too_strict,riscv_debug_branch_jump_test,13032,/workspace/ibex/dv/uvm/out
1170,case_1170,bug_064,debug_csr,dpc_alignment_too_strict,riscv_debug_branch_jump_test,13026,/workspace/ibex/dv/uvm/out
1171,case_1171,bug_064,debug_csr,dpc_alignment_too_strict,riscv_debug_branch_jump_test,13030,/workspace/ibex/dv/uvm/out
1172,case_1172,bug_064,debug_csr,dpc_alignment_too_strict,riscv_debug_branch_jump_test,13028,/workspace/ibex/dv/uvm/out
1173,case_1173,bug_064,debug_csr,dpc_alignment_too_strict,riscv_debug_branch_jump_test,13029,/workspace/ibex/dv/uvm/out
1174,case_1174,bug_064,debug_csr,dpc_alignment_too_strict,riscv_debug_stress_test,826441,/workspace/ibex/dv/uvm/out
1175,case_1175,bug_064,debug_csr,dpc_alignment_too_strict,riscv_debug_stress_test,826442,/workspace/ibex/dv/uvm/out
1176,case_1176,bug_064,debug_csr,dpc_alignment_too_strict,riscv_debug_stress_test,826443,/workspace/ibex/dv/uvm/out
1177,case_1177,bug_064,debug_csr,dpc_alignment_too_strict,riscv_debug_stress_test,826444,/workspace/ibex/dv/uvm/out
1178,case_1178,bug_064,debug_csr,dpc_alignment_too_strict,riscv_debug_stress_test,826445,/workspace/ibex/dv/uvm/out
1179,case_1179,bug_064,debug_csr,dpc_alignment_too_strict,riscv_debug_stress_test,826446,/workspace/ibex/dv/uvm/out
1180,case_1180,bug_064,debug_csr,dpc_alignment_too_strict,riscv_debug_stress_test,826448,/workspace/ibex/dv/uvm/out
1181,case_1181,bug_064,debug_csr,dpc_alignment_too_strict,riscv_debug_stress_test,826449,/workspace/ibex/dv/uvm/out
1182,case_1182,bug_064,debug_csr,dpc_alignment_too_strict,riscv_debug_stress_test,826450,/workspace/ibex/dv/uvm/out
1183,case_1183,bug_064,debug_csr,dpc_alignment_too_strict,riscv_debug_stress_test,826452,/workspace/ibex/dv/uvm/out
1184,case_1184,bug_064,debug_csr,dpc_alignment_too_strict,riscv_debug_stress_test,826453,/workspace/ibex/dv/uvm/out
1185,case_1185,bug_064,debug_csr,dpc_alignment_too_strict,riscv_debug_stress_test,826454,/workspace/ibex/dv/uvm/out
1186,case_1186,bug_064,debug_csr,dpc_alignment_too_strict,riscv_dret_test,826401,/workspace/ibex/dv/uvm/out
1187,case_1187,bug_064,debug_csr,dpc_alignment_too_strict,riscv_dret_test,826402,/workspace/ibex/dv/uvm/out
1188,case_1188,bug_064,debug_csr,dpc_alignment_too_strict,riscv_dret_test,826404,/workspace/ibex/dv/uvm/out
1189,case_1189,bug_064,debug_csr,dpc_alignment_too_strict,riscv_dret_test,826405,/workspace/ibex/dv/uvm/out
1190,case_1190,bug_064,debug_csr,dpc_alignment_too_strict,riscv_dret_test,826406,/workspace/ibex/dv/uvm/out
1191,case_1191,bug_064,debug_csr,dpc_alignment_too_strict,riscv_dret_test,826407,/workspace/ibex/dv/uvm/out
1192,case_1192,bug_064,debug_csr,dpc_alignment_too_strict,riscv_dret_test,826408,/workspace/ibex/dv/uvm/out
1193,case_1193,bug_064,debug_csr,dpc_alignment_too_strict,riscv_dret_test,826411,/workspace/ibex/dv/uvm/out
1194,case_1194,bug_064,debug_csr,dpc_alignment_too_strict,riscv_dret_test,826412,/workspace/ibex/dv/uvm/out
1195,case_1195,bug_064,debug_csr,dpc_alignment_too_strict,riscv_dret_test,826413,/workspace/ibex/dv/uvm/out
1196,case_1196,bug_064,debug_csr,dpc_alignment_too_strict,riscv_dret_test,826414,/workspace/ibex/dv/uvm/out
1197,case_1197,bug_065,multdiv,remu_signed_mode_wrong,riscv_rand_instr_test,14021,/workspace/ibex/dv/uvm/out
1198,case_1198,bug_065,multdiv,remu_signed_mode_wrong,riscv_machine_mode_rand_test,14028,/workspace/ibex/dv/uvm/out
1199,case_1199,bug_065,multdiv,remu_signed_mode_wrong,riscv_rv32im_instr_test,14003,/workspace/ibex/dv/uvm/out
1200,case_1200,bug_065,multdiv,remu_signed_mode_wrong,riscv_rv32im_instr_test,14006,/workspace/ibex/dv/uvm/out
1201,case_1201,bug_065,multdiv,remu_signed_mode_wrong,riscv_rv32im_instr_test,14007,/workspace/ibex/dv/uvm/out
1202,case_1202,bug_065,multdiv,remu_signed_mode_wrong,riscv_machine_mode_rand_test,14025,/workspace/ibex/dv/uvm/out
1203,case_1203,bug_065,multdiv,remu_signed_mode_wrong,riscv_rv32im_instr_test,14009,/workspace/ibex/dv/uvm/out
1204,case_1204,bug_065,multdiv,remu_signed_mode_wrong,riscv_machine_mode_rand_test,14031,/workspace/ibex/dv/uvm/out
1205,case_1205,bug_065,multdiv,remu_signed_mode_wrong,riscv_rv32im_instr_test,14010,/workspace/ibex/dv/uvm/out
1206,case_1206,bug_065,multdiv,remu_signed_mode_wrong,riscv_rand_instr_test,14019,/workspace/ibex/dv/uvm/out
1207,case_1207,bug_065,multdiv,remu_signed_mode_wrong,riscv_rand_instr_test,14016,/workspace/ibex/dv/uvm/out
1208,case_1208,bug_065,multdiv,remu_signed_mode_wrong,riscv_rand_instr_test,14017,/workspace/ibex/dv/uvm/out
1209,case_1209,bug_065,multdiv,remu_signed_mode_wrong,riscv_rand_instr_test,14020,/workspace/ibex/dv/uvm/out
1210,case_1210,bug_065,multdiv,remu_signed_mode_wrong,riscv_rand_instr_test,14013,/workspace/ibex/dv/uvm/out
1211,case_1211,bug_065,multdiv,remu_signed_mode_wrong,riscv_rv32im_instr_test,14002,/workspace/ibex/dv/uvm/out
1212,case_1212,bug_065,multdiv,remu_signed_mode_wrong,riscv_rand_instr_test,14014,/workspace/ibex/dv/uvm/out
1213,case_1213,bug_065,multdiv,remu_signed_mode_wrong,riscv_machine_mode_rand_test,14024,/workspace/ibex/dv/uvm/out
1214,case_1214,bug_065,multdiv,remu_signed_mode_wrong,riscv_rand_instr_test,14015,/workspace/ibex/dv/uvm/out
1215,case_1215,bug_065,multdiv,remu_signed_mode_wrong,riscv_machine_mode_rand_test,14032,/workspace/ibex/dv/uvm/out
1216,case_1216,bug_065,multdiv,remu_signed_mode_wrong,riscv_rv32im_instr_test,14001,/workspace/ibex/dv/uvm/out
1217,case_1217,bug_065,multdiv,remu_signed_mode_wrong,riscv_machine_mode_rand_test,14026,/workspace/ibex/dv/uvm/out
1218,case_1218,bug_065,multdiv,remu_signed_mode_wrong,riscv_rv32im_instr_test,14008,/workspace/ibex/dv/uvm/out
1219,case_1219,bug_065,multdiv,remu_signed_mode_wrong,riscv_rv32im_instr_test,14011,/workspace/ibex/dv/uvm/out
1220,case_1220,bug_065,multdiv,remu_signed_mode_wrong,riscv_rand_instr_test,14012,/workspace/ibex/dv/uvm/out
1221,case_1221,bug_065,multdiv,remu_signed_mode_wrong,riscv_rv32im_instr_test,14005,/workspace/ibex/dv/uvm/out
1222,case_1222,bug_065,multdiv,remu_signed_mode_wrong,riscv_rand_instr_test,14022,/workspace/ibex/dv/uvm/out
1223,case_1223,bug_065,multdiv,remu_signed_mode_wrong,riscv_rand_instr_test,826501,/workspace/ibex/dv/uvm/out
1224,case_1224,bug_065,multdiv,remu_signed_mode_wrong,riscv_rand_instr_test,826502,/workspace/ibex/dv/uvm/out
1225,case_1225,bug_065,multdiv,remu_signed_mode_wrong,riscv_rand_instr_test,826503,/workspace/ibex/dv/uvm/out
1226,case_1226,bug_065,multdiv,remu_signed_mode_wrong,riscv_rand_instr_test,826504,/workspace/ibex/dv/uvm/out
1227,case_1227,bug_065,multdiv,remu_signed_mode_wrong,riscv_rand_instr_test,826505,/workspace/ibex/dv/uvm/out
1228,case_1228,bug_065,multdiv,remu_signed_mode_wrong,riscv_rand_instr_test,826506,/workspace/ibex/dv/uvm/out
1229,case_1229,bug_065,multdiv,remu_signed_mode_wrong,riscv_rand_instr_test,826507,/workspace/ibex/dv/uvm/out
1230,case_1230,bug_065,multdiv,remu_signed_mode_wrong,riscv_rand_instr_test,826508,/workspace/ibex/dv/uvm/out
1231,case_1231,bug_065,multdiv,remu_signed_mode_wrong,riscv_rand_instr_test,826509,/workspace/ibex/dv/uvm/out
1232,case_1232,bug_065,multdiv,remu_signed_mode_wrong,riscv_rand_instr_test,826510,/workspace/ibex/dv/uvm/out
1233,case_1233,bug_065,multdiv,remu_signed_mode_wrong,riscv_rand_instr_test,826511,/workspace/ibex/dv/uvm/out
1234,case_1234,bug_065,multdiv,remu_signed_mode_wrong,riscv_machine_mode_rand_test,826541,/workspace/ibex/dv/uvm/out
1235,case_1235,bug_065,multdiv,remu_signed_mode_wrong,riscv_machine_mode_rand_test,826542,/workspace/ibex/dv/uvm/out
1236,case_1236,bug_065,multdiv,remu_signed_mode_wrong,riscv_machine_mode_rand_test,826543,/workspace/ibex/dv/uvm/out
1237,case_1237,bug_065,multdiv,remu_signed_mode_wrong,riscv_machine_mode_rand_test,826544,/workspace/ibex/dv/uvm/out
1238,case_1238,bug_065,multdiv,remu_signed_mode_wrong,riscv_machine_mode_rand_test,826545,/workspace/ibex/dv/uvm/out
1239,case_1239,bug_065,multdiv,remu_signed_mode_wrong,riscv_machine_mode_rand_test,826547,/workspace/ibex/dv/uvm/out
1240,case_1240,bug_065,multdiv,remu_signed_mode_wrong,riscv_machine_mode_rand_test,826548,/workspace/ibex/dv/uvm/out
1241,case_1241,bug_065,multdiv,remu_signed_mode_wrong,riscv_machine_mode_rand_test,826549,/workspace/ibex/dv/uvm/out
1242,case_1242,bug_065,multdiv,remu_signed_mode_wrong,riscv_machine_mode_rand_test,826550,/workspace/ibex/dv/uvm/out
1243,case_1243,bug_066,branch,bgeu_uses_signed_compare,riscv_rand_jump_test,15003,/workspace/ibex/dv/uvm/out
1244,case_1244,bug_066,branch,bgeu_uses_signed_compare,riscv_rand_instr_test,15020,/workspace/ibex/dv/uvm/out
1245,case_1245,bug_066,branch,bgeu_uses_signed_compare,riscv_machine_mode_rand_test,15027,/workspace/ibex/dv/uvm/out
1246,case_1246,bug_066,branch,bgeu_uses_signed_compare,riscv_jump_stress_test,15014,/workspace/ibex/dv/uvm/out
1247,case_1247,bug_066,branch,bgeu_uses_signed_compare,riscv_rand_jump_test,15005,/workspace/ibex/dv/uvm/out
1248,case_1248,bug_066,branch,bgeu_uses_signed_compare,riscv_rand_jump_test,15007,/workspace/ibex/dv/uvm/out
1249,case_1249,bug_066,branch,bgeu_uses_signed_compare,riscv_rand_jump_test,15008,/workspace/ibex/dv/uvm/out
1250,case_1250,bug_066,branch,bgeu_uses_signed_compare,riscv_rand_jump_test,15004,/workspace/ibex/dv/uvm/out
1251,case_1251,bug_066,branch,bgeu_uses_signed_compare,riscv_rand_jump_test,15001,/workspace/ibex/dv/uvm/out
1252,case_1252,bug_066,branch,bgeu_uses_signed_compare,riscv_rand_instr_test,15018,/workspace/ibex/dv/uvm/out
1253,case_1253,bug_066,branch,bgeu_uses_signed_compare,riscv_rand_instr_test,15021,/workspace/ibex/dv/uvm/out
1254,case_1254,bug_066,branch,bgeu_uses_signed_compare,riscv_jump_stress_test,15011,/workspace/ibex/dv/uvm/out
1255,case_1255,bug_066,branch,bgeu_uses_signed_compare,riscv_machine_mode_rand_test,15028,/workspace/ibex/dv/uvm/out
1256,case_1256,bug_066,branch,bgeu_uses_signed_compare,riscv_machine_mode_rand_test,15025,/workspace/ibex/dv/uvm/out
1257,case_1257,bug_066,branch,bgeu_uses_signed_compare,riscv_machine_mode_rand_test,15026,/workspace/ibex/dv/uvm/out
1258,case_1258,bug_066,branch,bgeu_uses_signed_compare,riscv_jump_stress_test,15016,/workspace/ibex/dv/uvm/out
1259,case_1259,bug_066,branch,bgeu_uses_signed_compare,riscv_rand_instr_test,15024,/workspace/ibex/dv/uvm/out
1260,case_1260,bug_066,branch,bgeu_uses_signed_compare,riscv_machine_mode_rand_test,15030,/workspace/ibex/dv/uvm/out
1261,case_1261,bug_066,branch,bgeu_uses_signed_compare,riscv_machine_mode_rand_test,15031,/workspace/ibex/dv/uvm/out
1262,case_1262,bug_066,branch,bgeu_uses_signed_compare,riscv_rand_instr_test,15023,/workspace/ibex/dv/uvm/out
1263,case_1263,bug_066,branch,bgeu_uses_signed_compare,riscv_jump_stress_test,15010,/workspace/ibex/dv/uvm/out
1264,case_1264,bug_066,branch,bgeu_uses_signed_compare,riscv_rand_instr_test,15019,/workspace/ibex/dv/uvm/out
1265,case_1265,bug_066,branch,bgeu_uses_signed_compare,riscv_rand_instr_test,15017,/workspace/ibex/dv/uvm/out
1266,case_1266,bug_066,branch,bgeu_uses_signed_compare,riscv_jump_stress_test,15015,/workspace/ibex/dv/uvm/out
1267,case_1267,bug_066,branch,bgeu_uses_signed_compare,riscv_jump_stress_test,15012,/workspace/ibex/dv/uvm/out
1268,case_1268,bug_066,branch,bgeu_uses_signed_compare,riscv_machine_mode_rand_test,15032,/workspace/ibex/dv/uvm/out
1269,case_1269,bug_066,branch,bgeu_uses_signed_compare,riscv_jump_stress_test,15013,/workspace/ibex/dv/uvm/out
1270,case_1270,bug_066,branch,bgeu_uses_signed_compare,riscv_machine_mode_rand_test,15029,/workspace/ibex/dv/uvm/out
1271,case_1271,bug_066,branch,bgeu_uses_signed_compare,riscv_rand_instr_test,15022,/workspace/ibex/dv/uvm/out
1272,case_1272,bug_066,branch,bgeu_uses_signed_compare,riscv_jump_stress_test,15009,/workspace/ibex/dv/uvm/out
1273,case_1273,bug_066,branch,bgeu_uses_signed_compare,riscv_rand_jump_test,826601,/workspace/ibex/dv/uvm/out
1274,case_1274,bug_066,branch,bgeu_uses_signed_compare,riscv_rand_jump_test,826606,/workspace/ibex/dv/uvm/out
1275,case_1275,bug_066,branch,bgeu_uses_signed_compare,riscv_rand_jump_test,826607,/workspace/ibex/dv/uvm/out
1276,case_1276,bug_066,branch,bgeu_uses_signed_compare,riscv_rand_jump_test,826608,/workspace/ibex/dv/uvm/out
1277,case_1277,bug_066,branch,bgeu_uses_signed_compare,riscv_rand_jump_test,826609,/workspace/ibex/dv/uvm/out
1278,case_1278,bug_066,branch,bgeu_uses_signed_compare,riscv_rand_jump_test,826610,/workspace/ibex/dv/uvm/out
1279,case_1279,bug_066,branch,bgeu_uses_signed_compare,riscv_rand_instr_test,826641,/workspace/ibex/dv/uvm/out
1280,case_1280,bug_066,branch,bgeu_uses_signed_compare,riscv_rand_instr_test,826642,/workspace/ibex/dv/uvm/out
1281,case_1281,bug_066,branch,bgeu_uses_signed_compare,riscv_rand_instr_test,826643,/workspace/ibex/dv/uvm/out
1282,case_1282,bug_066,branch,bgeu_uses_signed_compare,riscv_rand_instr_test,826644,/workspace/ibex/dv/uvm/out
1283,case_1283,bug_066,branch,bgeu_uses_signed_compare,riscv_rand_instr_test,826645,/workspace/ibex/dv/uvm/out
1284,case_1284,bug_066,branch,bgeu_uses_signed_compare,riscv_rand_instr_test,826646,/workspace/ibex/dv/uvm/out
1285,case_1285,bug_066,branch,bgeu_uses_signed_compare,riscv_rand_instr_test,826647,/workspace/ibex/dv/uvm/out
1286,case_1286,bug_066,branch,bgeu_uses_signed_compare,riscv_rand_instr_test,826648,/workspace/ibex/dv/uvm/out
1287,case_1287,bug_066,branch,bgeu_uses_signed_compare,riscv_rand_instr_test,826649,/workspace/ibex/dv/uvm/out
1288,case_1288,bug_066,branch,bgeu_uses_signed_compare,riscv_rand_instr_test,826650,/workspace/ibex/dv/uvm/out
1289,case_1289,bug_067,interrupt,software_irq_overrides_external_when_both_pending,riscv_interrupt_csr_test,16021,/workspace/ibex/dv/uvm/out
1290,case_1290,bug_067,interrupt,software_irq_overrides_external_when_both_pending,riscv_single_interrupt_test,16012,/workspace/ibex/dv/uvm/out
1291,case_1291,bug_067,interrupt,software_irq_overrides_external_when_both_pending,riscv_multiple_interrupt_test,16004,/workspace/ibex/dv/uvm/out
1292,case_1292,bug_067,interrupt,software_irq_overrides_external_when_both_pending,riscv_single_interrupt_test,16014,/workspace/ibex/dv/uvm/out
1293,case_1293,bug_067,interrupt,software_irq_overrides_external_when_both_pending,riscv_single_interrupt_test,16010,/workspace/ibex/dv/uvm/out
1294,case_1294,bug_067,interrupt,software_irq_overrides_external_when_both_pending,riscv_single_interrupt_test,16015,/workspace/ibex/dv/uvm/out
1295,case_1295,bug_067,interrupt,software_irq_overrides_external_when_both_pending,riscv_single_interrupt_test,16013,/workspace/ibex/dv/uvm/out
1296,case_1296,bug_067,interrupt,software_irq_overrides_external_when_both_pending,riscv_interrupt_csr_test,16018,/workspace/ibex/dv/uvm/out
1297,case_1297,bug_067,interrupt,software_irq_overrides_external_when_both_pending,riscv_multiple_interrupt_test,16002,/workspace/ibex/dv/uvm/out
1298,case_1298,bug_067,interrupt,software_irq_overrides_external_when_both_pending,riscv_multiple_interrupt_test,16005,/workspace/ibex/dv/uvm/out
1299,case_1299,bug_067,interrupt,software_irq_overrides_external_when_both_pending,riscv_multiple_interrupt_test,16008,/workspace/ibex/dv/uvm/out
1300,case_1300,bug_067,interrupt,software_irq_overrides_external_when_both_pending,riscv_multiple_interrupt_test,16007,/workspace/ibex/dv/uvm/out
1301,case_1301,bug_067,interrupt,software_irq_overrides_external_when_both_pending,riscv_interrupt_csr_test,16022,/workspace/ibex/dv/uvm/out
1302,case_1302,bug_067,interrupt,software_irq_overrides_external_when_both_pending,riscv_multiple_interrupt_test,16006,/workspace/ibex/dv/uvm/out
1303,case_1303,bug_067,interrupt,software_irq_overrides_external_when_both_pending,riscv_interrupt_csr_test,16017,/workspace/ibex/dv/uvm/out
1304,case_1304,bug_067,interrupt,software_irq_overrides_external_when_both_pending,riscv_multiple_interrupt_test,16001,/workspace/ibex/dv/uvm/out
1305,case_1305,bug_067,interrupt,software_irq_overrides_external_when_both_pending,riscv_interrupt_csr_test,16020,/workspace/ibex/dv/uvm/out
1306,case_1306,bug_067,interrupt,software_irq_overrides_external_when_both_pending,riscv_interrupt_csr_test,16019,/workspace/ibex/dv/uvm/out
1307,case_1307,bug_067,interrupt,software_irq_overrides_external_when_both_pending,riscv_multiple_interrupt_test,16003,/workspace/ibex/dv/uvm/out
1308,case_1308,bug_067,interrupt,software_irq_overrides_external_when_both_pending,riscv_interrupt_csr_test,826701,/workspace/ibex/dv/uvm/out
1309,case_1309,bug_067,interrupt,software_irq_overrides_external_when_both_pending,riscv_interrupt_csr_test,826702,/workspace/ibex/dv/uvm/out
1310,case_1310,bug_067,interrupt,software_irq_overrides_external_when_both_pending,riscv_interrupt_csr_test,826703,/workspace/ibex/dv/uvm/out
1311,case_1311,bug_067,interrupt,software_irq_overrides_external_when_both_pending,riscv_interrupt_csr_test,826704,/workspace/ibex/dv/uvm/out
1312,case_1312,bug_067,interrupt,software_irq_overrides_external_when_both_pending,riscv_interrupt_csr_test,826705,/workspace/ibex/dv/uvm/out
1313,case_1313,bug_067,interrupt,software_irq_overrides_external_when_both_pending,riscv_interrupt_csr_test,826706,/workspace/ibex/dv/uvm/out
1314,case_1314,bug_067,interrupt,software_irq_overrides_external_when_both_pending,riscv_interrupt_csr_test,826707,/workspace/ibex/dv/uvm/out
1315,case_1315,bug_067,interrupt,software_irq_overrides_external_when_both_pending,riscv_interrupt_csr_test,826708,/workspace/ibex/dv/uvm/out
1316,case_1316,bug_067,interrupt,software_irq_overrides_external_when_both_pending,riscv_interrupt_csr_test,826709,/workspace/ibex/dv/uvm/out
1317,case_1317,bug_067,interrupt,software_irq_overrides_external_when_both_pending,riscv_interrupt_csr_test,826710,/workspace/ibex/dv/uvm/out
1318,case_1318,bug_067,interrupt,software_irq_overrides_external_when_both_pending,riscv_interrupt_csr_test,826712,/workspace/ibex/dv/uvm/out
1319,case_1319,bug_067,interrupt,software_irq_overrides_external_when_both_pending,riscv_interrupt_csr_test,826714,/workspace/ibex/dv/uvm/out
1320,case_1320,bug_067,interrupt,software_irq_overrides_external_when_both_pending,riscv_interrupt_csr_test,826715,/workspace/ibex/dv/uvm/out
1321,case_1321,bug_067,interrupt,software_irq_overrides_external_when_both_pending,riscv_single_interrupt_test,826741,/workspace/ibex/dv/uvm/out
1322,case_1322,bug_067,interrupt,software_irq_overrides_external_when_both_pending,riscv_single_interrupt_test,826742,/workspace/ibex/dv/uvm/out
1323,case_1323,bug_067,interrupt,software_irq_overrides_external_when_both_pending,riscv_single_interrupt_test,826743,/workspace/ibex/dv/uvm/out
1324,case_1324,bug_067,interrupt,software_irq_overrides_external_when_both_pending,riscv_single_interrupt_test,826745,/workspace/ibex/dv/uvm/out
1325,case_1325,bug_067,interrupt,software_irq_overrides_external_when_both_pending,riscv_single_interrupt_test,826746,/workspace/ibex/dv/uvm/out
1326,case_1326,bug_067,interrupt,software_irq_overrides_external_when_both_pending,riscv_single_interrupt_test,826747,/workspace/ibex/dv/uvm/out
1327,case_1327,bug_067,interrupt,software_irq_overrides_external_when_both_pending,riscv_single_interrupt_test,826748,/workspace/ibex/dv/uvm/out
1328,case_1328,bug_067,interrupt,software_irq_overrides_external_when_both_pending,riscv_single_interrupt_test,826749,/workspace/ibex/dv/uvm/out
1329,case_1329,bug_067,interrupt,software_irq_overrides_external_when_both_pending,riscv_single_interrupt_test,826750,/workspace/ibex/dv/uvm/out
1330,case_1330,bug_067,interrupt,software_irq_overrides_external_when_both_pending,riscv_single_interrupt_test,826751,/workspace/ibex/dv/uvm/out
1331,case_1331,bug_067,interrupt,software_irq_overrides_external_when_both_pending,riscv_single_interrupt_test,826752,/workspace/ibex/dv/uvm/out
1332,case_1332,bug_067,interrupt,software_irq_overrides_external_when_both_pending,riscv_single_interrupt_test,826753,/workspace/ibex/dv/uvm/out
1333,case_1333,bug_067,interrupt,software_irq_overrides_external_when_both_pending,riscv_single_interrupt_test,826754,/workspace/ibex/dv/uvm/out
1334,case_1334,bug_067,interrupt,software_irq_overrides_external_when_both_pending,riscv_single_interrupt_test,826755,/workspace/ibex/dv/uvm/out
1335,case_1335,bug_068,jump,jalr_target_uses_current_pc,riscv_rand_jump_test,30014,/workspace/ibex/dv/uvm/out
1336,case_1336,bug_068,jump,jalr_target_uses_current_pc,riscv_machine_mode_rand_test,30030,/workspace/ibex/dv/uvm/out
1337,case_1337,bug_068,jump,jalr_target_uses_current_pc,riscv_jump_stress_test,30018,/workspace/ibex/dv/uvm/out
1338,case_1338,bug_068,jump,jalr_target_uses_current_pc,riscv_rand_jump_test,30016,/workspace/ibex/dv/uvm/out
1339,case_1339,bug_068,jump,jalr_target_uses_current_pc,riscv_rand_jump_test,30015,/workspace/ibex/dv/uvm/out
1340,case_1340,bug_068,jump,jalr_target_uses_current_pc,riscv_rand_jump_test,30010,/workspace/ibex/dv/uvm/out
1341,case_1341,bug_068,jump,jalr_target_uses_current_pc,riscv_rand_jump_test,30009,/workspace/ibex/dv/uvm/out
1342,case_1342,bug_068,jump,jalr_target_uses_current_pc,riscv_rand_jump_test,30012,/workspace/ibex/dv/uvm/out
1343,case_1343,bug_068,jump,jalr_target_uses_current_pc,riscv_rand_jump_test,30011,/workspace/ibex/dv/uvm/out
1344,case_1344,bug_068,jump,jalr_target_uses_current_pc,riscv_machine_mode_rand_test,30029,/workspace/ibex/dv/uvm/out
1345,case_1345,bug_068,jump,jalr_target_uses_current_pc,riscv_machine_mode_rand_test,30028,/workspace/ibex/dv/uvm/out
1346,case_1346,bug_068,jump,jalr_target_uses_current_pc,riscv_machine_mode_rand_test,30025,/workspace/ibex/dv/uvm/out
1347,case_1347,bug_068,jump,jalr_target_uses_current_pc,riscv_jump_stress_test,30017,/workspace/ibex/dv/uvm/out
1348,case_1348,bug_068,jump,jalr_target_uses_current_pc,riscv_rand_jump_test,30013,/workspace/ibex/dv/uvm/out
1349,case_1349,bug_068,jump,jalr_target_uses_current_pc,riscv_machine_mode_rand_test,30031,/workspace/ibex/dv/uvm/out
1350,case_1350,bug_068,jump,jalr_target_uses_current_pc,riscv_machine_mode_rand_test,30026,/workspace/ibex/dv/uvm/out
1351,case_1351,bug_068,jump,jalr_target_uses_current_pc,riscv_machine_mode_rand_test,30027,/workspace/ibex/dv/uvm/out
1352,case_1352,bug_068,jump,jalr_target_uses_current_pc,riscv_jump_stress_test,30022,/workspace/ibex/dv/uvm/out
1353,case_1353,bug_068,jump,jalr_target_uses_current_pc,riscv_jump_stress_test,30023,/workspace/ibex/dv/uvm/out
1354,case_1354,bug_068,jump,jalr_target_uses_current_pc,riscv_machine_mode_rand_test,30032,/workspace/ibex/dv/uvm/out
1355,case_1355,bug_068,jump,jalr_target_uses_current_pc,riscv_jump_stress_test,30021,/workspace/ibex/dv/uvm/out
1356,case_1356,bug_068,jump,jalr_target_uses_current_pc,riscv_jump_stress_test,30020,/workspace/ibex/dv/uvm/out
1357,case_1357,bug_068,jump,jalr_target_uses_current_pc,riscv_jump_stress_test,30019,/workspace/ibex/dv/uvm/out
1358,case_1358,bug_068,jump,jalr_target_uses_current_pc,riscv_jump_stress_test,30024,/workspace/ibex/dv/uvm/out
1359,case_1359,bug_068,jump,jalr_target_uses_current_pc,riscv_debug_branch_jump_test,30007,/workspace/ibex/dv/uvm/out
1360,case_1360,bug_068,jump,jalr_target_uses_current_pc,riscv_debug_branch_jump_test,30001,/workspace/ibex/dv/uvm/out
1361,case_1361,bug_068,jump,jalr_target_uses_current_pc,riscv_debug_branch_jump_test,30006,/workspace/ibex/dv/uvm/out
1362,case_1362,bug_068,jump,jalr_target_uses_current_pc,riscv_debug_branch_jump_test,30005,/workspace/ibex/dv/uvm/out
1363,case_1363,bug_068,jump,jalr_target_uses_current_pc,riscv_debug_branch_jump_test,30002,/workspace/ibex/dv/uvm/out
1364,case_1364,bug_068,jump,jalr_target_uses_current_pc,riscv_machine_mode_rand_test,826841,/workspace/ibex/dv/uvm/out
1365,case_1365,bug_068,jump,jalr_target_uses_current_pc,riscv_machine_mode_rand_test,826842,/workspace/ibex/dv/uvm/out
1366,case_1366,bug_068,jump,jalr_target_uses_current_pc,riscv_machine_mode_rand_test,826843,/workspace/ibex/dv/uvm/out
1367,case_1367,bug_068,jump,jalr_target_uses_current_pc,riscv_machine_mode_rand_test,826844,/workspace/ibex/dv/uvm/out
1368,case_1368,bug_068,jump,jalr_target_uses_current_pc,riscv_machine_mode_rand_test,826845,/workspace/ibex/dv/uvm/out
1369,case_1369,bug_068,jump,jalr_target_uses_current_pc,riscv_machine_mode_rand_test,826846,/workspace/ibex/dv/uvm/out
1370,case_1370,bug_068,jump,jalr_target_uses_current_pc,riscv_machine_mode_rand_test,826847,/workspace/ibex/dv/uvm/out
1371,case_1371,bug_068,jump,jalr_target_uses_current_pc,riscv_machine_mode_rand_test,826848,/workspace/ibex/dv/uvm/out
1372,case_1372,bug_068,jump,jalr_target_uses_current_pc,riscv_machine_mode_rand_test,826849,/workspace/ibex/dv/uvm/out
1373,case_1373,bug_068,jump,jalr_target_uses_current_pc,riscv_machine_mode_rand_test,826850,/workspace/ibex/dv/uvm/out
1374,case_1374,bug_068,jump,jalr_target_uses_current_pc,riscv_rand_jump_test,826801,/workspace/ibex/dv/uvm/out
1375,case_1375,bug_068,jump,jalr_target_uses_current_pc,riscv_rand_jump_test,826802,/workspace/ibex/dv/uvm/out
1376,case_1376,bug_068,jump,jalr_target_uses_current_pc,riscv_rand_jump_test,826803,/workspace/ibex/dv/uvm/out
1377,case_1377,bug_068,jump,jalr_target_uses_current_pc,riscv_rand_jump_test,826804,/workspace/ibex/dv/uvm/out
1378,case_1378,bug_068,jump,jalr_target_uses_current_pc,riscv_rand_jump_test,826806,/workspace/ibex/dv/uvm/out
1379,case_1379,bug_068,jump,jalr_target_uses_current_pc,riscv_rand_jump_test,826807,/workspace/ibex/dv/uvm/out
1380,case_1380,bug_068,jump,jalr_target_uses_current_pc,riscv_rand_jump_test,826808,/workspace/ibex/dv/uvm/out
1381,case_1381,bug_069,csr,csr_set_clear_semantics_swapped,riscv_invalid_csr_test,30120,/workspace/ibex/dv/uvm/out
1382,case_1382,bug_069,csr,csr_set_clear_semantics_swapped,riscv_machine_mode_rand_test,30128,/workspace/ibex/dv/uvm/out
1383,case_1383,bug_069,csr,csr_set_clear_semantics_swapped,riscv_invalid_csr_test,30118,/workspace/ibex/dv/uvm/out
1384,case_1384,bug_069,csr,csr_set_clear_semantics_swapped,riscv_invalid_csr_test,30117,/workspace/ibex/dv/uvm/out
1385,case_1385,bug_069,csr,csr_set_clear_semantics_swapped,riscv_invalid_csr_test,30122,/workspace/ibex/dv/uvm/out
1386,case_1386,bug_069,csr,csr_set_clear_semantics_swapped,riscv_invalid_csr_test,30121,/workspace/ibex/dv/uvm/out
1387,case_1387,bug_069,csr,csr_set_clear_semantics_swapped,riscv_machine_mode_rand_test,30130,/workspace/ibex/dv/uvm/out
1388,case_1388,bug_069,csr,csr_set_clear_semantics_swapped,riscv_machine_mode_rand_test,30131,/workspace/ibex/dv/uvm/out
1389,case_1389,bug_069,csr,csr_set_clear_semantics_swapped,riscv_machine_mode_rand_test,30127,/workspace/ibex/dv/uvm/out
1390,case_1390,bug_069,csr,csr_set_clear_semantics_swapped,riscv_machine_mode_rand_test,30126,/workspace/ibex/dv/uvm/out
1391,case_1391,bug_069,csr,csr_set_clear_semantics_swapped,riscv_machine_mode_rand_test,30129,/workspace/ibex/dv/uvm/out
1392,case_1392,bug_069,csr,csr_set_clear_semantics_swapped,riscv_machine_mode_rand_test,30125,/workspace/ibex/dv/uvm/out
1393,case_1393,bug_069,csr,csr_set_clear_semantics_swapped,riscv_interrupt_csr_test,30115,/workspace/ibex/dv/uvm/out
1394,case_1394,bug_069,csr,csr_set_clear_semantics_swapped,riscv_interrupt_csr_test,30110,/workspace/ibex/dv/uvm/out
1395,case_1395,bug_069,csr,csr_set_clear_semantics_swapped,riscv_interrupt_csr_test,30109,/workspace/ibex/dv/uvm/out
1396,case_1396,bug_069,csr,csr_set_clear_semantics_swapped,riscv_interrupt_csr_test,30116,/workspace/ibex/dv/uvm/out
1397,case_1397,bug_069,csr,csr_set_clear_semantics_swapped,riscv_interrupt_csr_test,30111,/workspace/ibex/dv/uvm/out
1398,case_1398,bug_069,csr,csr_set_clear_semantics_swapped,riscv_interrupt_csr_test,30112,/workspace/ibex/dv/uvm/out
1399,case_1399,bug_069,csr,csr_set_clear_semantics_swapped,riscv_invalid_csr_test,826901,/workspace/ibex/dv/uvm/out
1400,case_1400,bug_069,csr,csr_set_clear_semantics_swapped,riscv_invalid_csr_test,826902,/workspace/ibex/dv/uvm/out
1401,case_1401,bug_069,csr,csr_set_clear_semantics_swapped,riscv_invalid_csr_test,826903,/workspace/ibex/dv/uvm/out
1402,case_1402,bug_069,csr,csr_set_clear_semantics_swapped,riscv_invalid_csr_test,826904,/workspace/ibex/dv/uvm/out
1403,case_1403,bug_069,csr,csr_set_clear_semantics_swapped,riscv_invalid_csr_test,826905,/workspace/ibex/dv/uvm/out
1404,case_1404,bug_069,csr,csr_set_clear_semantics_swapped,riscv_invalid_csr_test,826906,/workspace/ibex/dv/uvm/out
1405,case_1405,bug_069,csr,csr_set_clear_semantics_swapped,riscv_invalid_csr_test,826907,/workspace/ibex/dv/uvm/out
1406,case_1406,bug_069,csr,csr_set_clear_semantics_swapped,riscv_invalid_csr_test,826908,/workspace/ibex/dv/uvm/out
1407,case_1407,bug_069,csr,csr_set_clear_semantics_swapped,riscv_invalid_csr_test,826909,/workspace/ibex/dv/uvm/out
1408,case_1408,bug_069,csr,csr_set_clear_semantics_swapped,riscv_invalid_csr_test,826910,/workspace/ibex/dv/uvm/out
1409,case_1409,bug_069,csr,csr_set_clear_semantics_swapped,riscv_invalid_csr_test,826912,/workspace/ibex/dv/uvm/out
1410,case_1410,bug_069,csr,csr_set_clear_semantics_swapped,riscv_invalid_csr_test,826913,/workspace/ibex/dv/uvm/out
1411,case_1411,bug_069,csr,csr_set_clear_semantics_swapped,riscv_invalid_csr_test,826914,/workspace/ibex/dv/uvm/out
1412,case_1412,bug_069,csr,csr_set_clear_semantics_swapped,riscv_machine_mode_rand_test,826941,/workspace/ibex/dv/uvm/out
1413,case_1413,bug_069,csr,csr_set_clear_semantics_swapped,riscv_machine_mode_rand_test,826942,/workspace/ibex/dv/uvm/out
1414,case_1414,bug_069,csr,csr_set_clear_semantics_swapped,riscv_machine_mode_rand_test,826943,/workspace/ibex/dv/uvm/out
1415,case_1415,bug_069,csr,csr_set_clear_semantics_swapped,riscv_machine_mode_rand_test,826944,/workspace/ibex/dv/uvm/out
1416,case_1416,bug_069,csr,csr_set_clear_semantics_swapped,riscv_machine_mode_rand_test,826945,/workspace/ibex/dv/uvm/out
1417,case_1417,bug_069,csr,csr_set_clear_semantics_swapped,riscv_machine_mode_rand_test,826946,/workspace/ibex/dv/uvm/out
1418,case_1418,bug_069,csr,csr_set_clear_semantics_swapped,riscv_machine_mode_rand_test,826947,/workspace/ibex/dv/uvm/out
1419,case_1419,bug_069,csr,csr_set_clear_semantics_swapped,riscv_machine_mode_rand_test,826948,/workspace/ibex/dv/uvm/out
1420,case_1420,bug_069,csr,csr_set_clear_semantics_swapped,riscv_machine_mode_rand_test,826949,/workspace/ibex/dv/uvm/out
1421,case_1421,bug_069,csr,csr_set_clear_semantics_swapped,riscv_machine_mode_rand_test,826951,/workspace/ibex/dv/uvm/out
1422,case_1422,bug_069,csr,csr_set_clear_semantics_swapped,riscv_machine_mode_rand_test,826952,/workspace/ibex/dv/uvm/out
1423,case_1423,bug_069,csr,csr_set_clear_semantics_swapped,riscv_machine_mode_rand_test,826953,/workspace/ibex/dv/uvm/out
1424,case_1424,bug_069,csr,csr_set_clear_semantics_swapped,riscv_machine_mode_rand_test,826954,/workspace/ibex/dv/uvm/out
1425,case_1425,bug_069,csr,csr_set_clear_semantics_swapped,riscv_machine_mode_rand_test,826955,/workspace/ibex/dv/uvm/out
1426,case_1426,bug_069,csr,csr_set_clear_semantics_swapped,riscv_machine_mode_rand_test,826956,/workspace/ibex/dv/uvm/out
1427,case_1427,bug_070,load_store,store_halfword_offset1_byte_enable_wrong,riscv_machine_mode_rand_test,30224,/workspace/ibex/dv/uvm/out
1428,case_1428,bug_070,load_store,store_halfword_offset1_byte_enable_wrong,riscv_rand_instr_test,30214,/workspace/ibex/dv/uvm/out
1429,case_1429,bug_070,load_store,store_halfword_offset1_byte_enable_wrong,riscv_user_mode_rand_test,30231,/workspace/ibex/dv/uvm/out
1430,case_1430,bug_070,load_store,store_halfword_offset1_byte_enable_wrong,riscv_rand_instr_test,30216,/workspace/ibex/dv/uvm/out
1431,case_1431,bug_070,load_store,store_halfword_offset1_byte_enable_wrong,riscv_machine_mode_rand_test,30220,/workspace/ibex/dv/uvm/out
1432,case_1432,bug_070,load_store,store_halfword_offset1_byte_enable_wrong,riscv_user_mode_rand_test,30230,/workspace/ibex/dv/uvm/out
1433,case_1433,bug_070,load_store,store_halfword_offset1_byte_enable_wrong,riscv_rand_instr_test,30212,/workspace/ibex/dv/uvm/out
1434,case_1434,bug_070,load_store,store_halfword_offset1_byte_enable_wrong,riscv_rand_instr_test,30215,/workspace/ibex/dv/uvm/out
1435,case_1435,bug_070,load_store,store_halfword_offset1_byte_enable_wrong,riscv_user_mode_rand_test,30227,/workspace/ibex/dv/uvm/out
1436,case_1436,bug_070,load_store,store_halfword_offset1_byte_enable_wrong,riscv_user_mode_rand_test,30229,/workspace/ibex/dv/uvm/out
1437,case_1437,bug_070,load_store,store_halfword_offset1_byte_enable_wrong,riscv_machine_mode_rand_test,30221,/workspace/ibex/dv/uvm/out
1438,case_1438,bug_070,load_store,store_halfword_offset1_byte_enable_wrong,riscv_rand_instr_test,30209,/workspace/ibex/dv/uvm/out
1439,case_1439,bug_070,load_store,store_halfword_offset1_byte_enable_wrong,riscv_user_mode_rand_test,30228,/workspace/ibex/dv/uvm/out
1440,case_1440,bug_070,load_store,store_halfword_offset1_byte_enable_wrong,riscv_rand_instr_test,30210,/workspace/ibex/dv/uvm/out
1441,case_1441,bug_070,load_store,store_halfword_offset1_byte_enable_wrong,riscv_rand_instr_test,30211,/workspace/ibex/dv/uvm/out
1442,case_1442,bug_070,load_store,store_halfword_offset1_byte_enable_wrong,riscv_user_mode_rand_test,30225,/workspace/ibex/dv/uvm/out
1443,case_1443,bug_070,load_store,store_halfword_offset1_byte_enable_wrong,riscv_machine_mode_rand_test,30217,/workspace/ibex/dv/uvm/out
1444,case_1444,bug_070,load_store,store_halfword_offset1_byte_enable_wrong,riscv_machine_mode_rand_test,30218,/workspace/ibex/dv/uvm/out
1445,case_1445,bug_070,load_store,store_halfword_offset1_byte_enable_wrong,riscv_unaligned_load_store_test,30208,/workspace/ibex/dv/uvm/out
1446,case_1446,bug_070,load_store,store_halfword_offset1_byte_enable_wrong,riscv_unaligned_load_store_test,30201,/workspace/ibex/dv/uvm/out
1447,case_1447,bug_070,load_store,store_halfword_offset1_byte_enable_wrong,riscv_unaligned_load_store_test,30204,/workspace/ibex/dv/uvm/out
1448,case_1448,bug_070,load_store,store_halfword_offset1_byte_enable_wrong,riscv_unaligned_load_store_test,30207,/workspace/ibex/dv/uvm/out
1449,case_1449,bug_070,load_store,store_halfword_offset1_byte_enable_wrong,riscv_unaligned_load_store_test,30202,/workspace/ibex/dv/uvm/out
1450,case_1450,bug_070,load_store,store_halfword_offset1_byte_enable_wrong,riscv_unaligned_load_store_test,30206,/workspace/ibex/dv/uvm/out
1451,case_1451,bug_070,load_store,store_halfword_offset1_byte_enable_wrong,riscv_unaligned_load_store_test,30203,/workspace/ibex/dv/uvm/out
1452,case_1452,bug_070,load_store,store_halfword_offset1_byte_enable_wrong,riscv_unaligned_load_store_test,30205,/workspace/ibex/dv/uvm/out
1453,case_1453,bug_070,load_store,store_halfword_offset1_byte_enable_wrong,riscv_machine_mode_rand_test,30223,/workspace/ibex/dv/uvm/out
1454,case_1454,bug_070,load_store,store_halfword_offset1_byte_enable_wrong,riscv_machine_mode_rand_test,827001,/workspace/ibex/dv/uvm/out
1455,case_1455,bug_070,load_store,store_halfword_offset1_byte_enable_wrong,riscv_machine_mode_rand_test,827002,/workspace/ibex/dv/uvm/out
1456,case_1456,bug_070,load_store,store_halfword_offset1_byte_enable_wrong,riscv_machine_mode_rand_test,827003,/workspace/ibex/dv/uvm/out
1457,case_1457,bug_070,load_store,store_halfword_offset1_byte_enable_wrong,riscv_machine_mode_rand_test,827004,/workspace/ibex/dv/uvm/out
1458,case_1458,bug_070,load_store,store_halfword_offset1_byte_enable_wrong,riscv_machine_mode_rand_test,827005,/workspace/ibex/dv/uvm/out
1459,case_1459,bug_070,load_store,store_halfword_offset1_byte_enable_wrong,riscv_machine_mode_rand_test,827006,/workspace/ibex/dv/uvm/out
1460,case_1460,bug_070,load_store,store_halfword_offset1_byte_enable_wrong,riscv_machine_mode_rand_test,827007,/workspace/ibex/dv/uvm/out
1461,case_1461,bug_070,load_store,store_halfword_offset1_byte_enable_wrong,riscv_machine_mode_rand_test,827008,/workspace/ibex/dv/uvm/out
1462,case_1462,bug_070,load_store,store_halfword_offset1_byte_enable_wrong,riscv_machine_mode_rand_test,827009,/workspace/ibex/dv/uvm/out
1463,case_1463,bug_070,load_store,store_halfword_offset1_byte_enable_wrong,riscv_machine_mode_rand_test,827010,/workspace/ibex/dv/uvm/out
1464,case_1464,bug_070,load_store,store_halfword_offset1_byte_enable_wrong,riscv_rand_instr_test,827041,/workspace/ibex/dv/uvm/out
1465,case_1465,bug_070,load_store,store_halfword_offset1_byte_enable_wrong,riscv_rand_instr_test,827042,/workspace/ibex/dv/uvm/out
1466,case_1466,bug_070,load_store,store_halfword_offset1_byte_enable_wrong,riscv_rand_instr_test,827043,/workspace/ibex/dv/uvm/out
1467,case_1467,bug_070,load_store,store_halfword_offset1_byte_enable_wrong,riscv_rand_instr_test,827044,/workspace/ibex/dv/uvm/out
1468,case_1468,bug_070,load_store,store_halfword_offset1_byte_enable_wrong,riscv_rand_instr_test,827045,/workspace/ibex/dv/uvm/out
1469,case_1469,bug_070,load_store,store_halfword_offset1_byte_enable_wrong,riscv_rand_instr_test,827046,/workspace/ibex/dv/uvm/out
1470,case_1470,bug_070,load_store,store_halfword_offset1_byte_enable_wrong,riscv_rand_instr_test,827047,/workspace/ibex/dv/uvm/out
1471,case_1471,bug_070,load_store,store_halfword_offset1_byte_enable_wrong,riscv_rand_instr_test,827048,/workspace/ibex/dv/uvm/out
1472,case_1472,bug_070,load_store,store_halfword_offset1_byte_enable_wrong,riscv_rand_instr_test,827049,/workspace/ibex/dv/uvm/out
1473,case_1473,bug_071,alu,slt_sltu_signedness_swapped,riscv_arithmetic_basic_test,71712,/workspace/ibex/dv/uvm/out
1474,case_1474,bug_071,alu,slt_sltu_signedness_swapped,riscv_rand_instr_test,71711,/workspace/ibex/dv/uvm/out
1475,case_1475,bug_071,alu,slt_sltu_signedness_swapped,riscv_rand_instr_test,71712,/workspace/ibex/dv/uvm/out
1476,case_1476,bug_071,alu,slt_sltu_signedness_swapped,riscv_arithmetic_basic_test,971001,/workspace/ibex/dv/uvm/out
1477,case_1477,bug_071,alu,slt_sltu_signedness_swapped,riscv_arithmetic_basic_test,971003,/workspace/ibex/dv/uvm/out
1478,case_1478,bug_071,alu,slt_sltu_signedness_swapped,riscv_arithmetic_basic_test,971004,/workspace/ibex/dv/uvm/out
1479,case_1479,bug_071,alu,slt_sltu_signedness_swapped,riscv_arithmetic_basic_test,971009,/workspace/ibex/dv/uvm/out
1480,case_1480,bug_071,alu,slt_sltu_signedness_swapped,riscv_arithmetic_basic_test,971010,/workspace/ibex/dv/uvm/out
1481,case_1481,bug_071,alu,slt_sltu_signedness_swapped,riscv_arithmetic_basic_test,971011,/workspace/ibex/dv/uvm/out
1482,case_1482,bug_071,alu,slt_sltu_signedness_swapped,riscv_arithmetic_basic_test,971016,/workspace/ibex/dv/uvm/out
1483,case_1483,bug_071,alu,slt_sltu_signedness_swapped,riscv_arithmetic_basic_test,971017,/workspace/ibex/dv/uvm/out
1484,case_1484,bug_071,alu,slt_sltu_signedness_swapped,riscv_arithmetic_basic_test,971018,/workspace/ibex/dv/uvm/out
1485,case_1485,bug_071,alu,slt_sltu_signedness_swapped,riscv_arithmetic_basic_test,971021,/workspace/ibex/dv/uvm/out
1486,case_1486,bug_071,alu,slt_sltu_signedness_swapped,riscv_arithmetic_basic_test,971023,/workspace/ibex/dv/uvm/out
1487,case_1487,bug_071,alu,slt_sltu_signedness_swapped,riscv_rand_instr_test,971104,/workspace/ibex/dv/uvm/out
1488,case_1488,bug_071,alu,slt_sltu_signedness_swapped,riscv_rand_instr_test,971105,/workspace/ibex/dv/uvm/out
1489,case_1489,bug_071,alu,slt_sltu_signedness_swapped,riscv_rand_instr_test,971106,/workspace/ibex/dv/uvm/out
1490,case_1490,bug_071,alu,slt_sltu_signedness_swapped,riscv_rand_instr_test,971107,/workspace/ibex/dv/uvm/out
1491,case_1491,bug_071,alu,slt_sltu_signedness_swapped,riscv_rand_instr_test,971108,/workspace/ibex/dv/uvm/out
1492,case_1492,bug_071,alu,slt_sltu_signedness_swapped,riscv_rand_instr_test,971109,/workspace/ibex/dv/uvm/out
1493,case_1493,bug_071,alu,slt_sltu_signedness_swapped,riscv_rand_instr_test,971110,/workspace/ibex/dv/uvm/out
1494,case_1494,bug_071,alu,slt_sltu_signedness_swapped,riscv_rand_instr_test,971113,/workspace/ibex/dv/uvm/out
1495,case_1495,bug_071,alu,slt_sltu_signedness_swapped,riscv_rand_instr_test,971114,/workspace/ibex/dv/uvm/out
1496,case_1496,bug_071,alu,slt_sltu_signedness_swapped,riscv_rand_instr_test,971115,/workspace/ibex/dv/uvm/out
1497,case_1497,bug_071,alu,slt_sltu_signedness_swapped,riscv_rand_instr_test,971116,/workspace/ibex/dv/uvm/out
1498,case_1498,bug_071,alu,slt_sltu_signedness_swapped,riscv_rand_instr_test,971120,/workspace/ibex/dv/uvm/out
1499,case_1499,bug_071,alu,slt_sltu_signedness_swapped,riscv_rand_instr_test,971121,/workspace/ibex/dv/uvm/out
1500,case_1500,bug_071,alu,slt_sltu_signedness_swapped,riscv_rand_instr_test,971122,/workspace/ibex/dv/uvm/out
1501,case_1501,bug_071,alu,slt_sltu_signedness_swapped,riscv_rand_instr_test,971123,/workspace/ibex/dv/uvm/out
1502,case_1502,bug_071,alu,slt_sltu_signedness_swapped,riscv_rand_instr_test,971124,/workspace/ibex/dv/uvm/out
1503,case_1503,bug_071,alu,slt_sltu_signedness_swapped,riscv_rand_instr_test,971125,/workspace/ibex/dv/uvm/out
1504,case_1504,bug_071,alu,slt_sltu_signedness_swapped,riscv_machine_mode_rand_test,1071201,/workspace/ibex/dv/uvm/out
1505,case_1505,bug_071,alu,slt_sltu_signedness_swapped,riscv_machine_mode_rand_test,1071205,/workspace/ibex/dv/uvm/out
1506,case_1506,bug_071,alu,slt_sltu_signedness_swapped,riscv_machine_mode_rand_test,1071209,/workspace/ibex/dv/uvm/out
1507,case_1507,bug_071,alu,slt_sltu_signedness_swapped,riscv_machine_mode_rand_test,1071213,/workspace/ibex/dv/uvm/out
1508,case_1508,bug_071,alu,slt_sltu_signedness_swapped,riscv_machine_mode_rand_test,1071202,/workspace/ibex/dv/uvm/out
1509,case_1509,bug_071,alu,slt_sltu_signedness_swapped,riscv_machine_mode_rand_test,1071206,/workspace/ibex/dv/uvm/out
1510,case_1510,bug_071,alu,slt_sltu_signedness_swapped,riscv_machine_mode_rand_test,1071210,/workspace/ibex/dv/uvm/out
1511,case_1511,bug_071,alu,slt_sltu_signedness_swapped,riscv_machine_mode_rand_test,1071214,/workspace/ibex/dv/uvm/out
1512,case_1512,bug_071,alu,slt_sltu_signedness_swapped,riscv_machine_mode_rand_test,1071203,/workspace/ibex/dv/uvm/out
1513,case_1513,bug_071,alu,slt_sltu_signedness_swapped,riscv_machine_mode_rand_test,1071207,/workspace/ibex/dv/uvm/out
1514,case_1514,bug_071,alu,slt_sltu_signedness_swapped,riscv_machine_mode_rand_test,1071211,/workspace/ibex/dv/uvm/out
1515,case_1515,bug_071,alu,slt_sltu_signedness_swapped,riscv_machine_mode_rand_test,1071215,/workspace/ibex/dv/uvm/out
1516,case_1516,bug_071,alu,slt_sltu_signedness_swapped,riscv_machine_mode_rand_test,1071204,/workspace/ibex/dv/uvm/out
1517,case_1517,bug_071,alu,slt_sltu_signedness_swapped,riscv_machine_mode_rand_test,1071208,/workspace/ibex/dv/uvm/out
1518,case_1518,bug_071,alu,slt_sltu_signedness_swapped,riscv_machine_mode_rand_test,1071212,/workspace/ibex/dv/uvm/out
1519,case_1519,bug_072,pipeline_alu,opimm_operand_b_uses_register,riscv_arithmetic_basic_test,71722,/workspace/ibex/dv/uvm/out
1520,case_1520,bug_072,pipeline_alu,opimm_operand_b_uses_register,riscv_rand_instr_test,71721,/workspace/ibex/dv/uvm/out
1521,case_1521,bug_072,pipeline_alu,opimm_operand_b_uses_register,riscv_rand_instr_test,71722,/workspace/ibex/dv/uvm/out
1522,case_1522,bug_072,pipeline_alu,opimm_operand_b_uses_register,riscv_arithmetic_basic_test,972006,/workspace/ibex/dv/uvm/out
1523,case_1523,bug_072,pipeline_alu,opimm_operand_b_uses_register,riscv_arithmetic_basic_test,972007,/workspace/ibex/dv/uvm/out
1524,case_1524,bug_072,pipeline_alu,opimm_operand_b_uses_register,riscv_arithmetic_basic_test,972008,/workspace/ibex/dv/uvm/out
1525,case_1525,bug_072,pipeline_alu,opimm_operand_b_uses_register,riscv_arithmetic_basic_test,972010,/workspace/ibex/dv/uvm/out
1526,case_1526,bug_072,pipeline_alu,opimm_operand_b_uses_register,riscv_arithmetic_basic_test,972011,/workspace/ibex/dv/uvm/out
1527,case_1527,bug_072,pipeline_alu,opimm_operand_b_uses_register,riscv_arithmetic_basic_test,972012,/workspace/ibex/dv/uvm/out
1528,case_1528,bug_072,pipeline_alu,opimm_operand_b_uses_register,riscv_arithmetic_basic_test,972016,/workspace/ibex/dv/uvm/out
1529,case_1529,bug_072,pipeline_alu,opimm_operand_b_uses_register,riscv_arithmetic_basic_test,972017,/workspace/ibex/dv/uvm/out
1530,case_1530,bug_072,pipeline_alu,opimm_operand_b_uses_register,riscv_arithmetic_basic_test,972019,/workspace/ibex/dv/uvm/out
1531,case_1531,bug_072,pipeline_alu,opimm_operand_b_uses_register,riscv_arithmetic_basic_test,972020,/workspace/ibex/dv/uvm/out
1532,case_1532,bug_072,pipeline_alu,opimm_operand_b_uses_register,riscv_arithmetic_basic_test,972021,/workspace/ibex/dv/uvm/out
1533,case_1533,bug_072,pipeline_alu,opimm_operand_b_uses_register,riscv_arithmetic_basic_test,972023,/workspace/ibex/dv/uvm/out
1534,case_1534,bug_072,pipeline_alu,opimm_operand_b_uses_register,riscv_arithmetic_basic_test,972024,/workspace/ibex/dv/uvm/out
1535,case_1535,bug_072,pipeline_alu,opimm_operand_b_uses_register,riscv_rand_instr_test,972102,/workspace/ibex/dv/uvm/out
1536,case_1536,bug_072,pipeline_alu,opimm_operand_b_uses_register,riscv_rand_instr_test,972104,/workspace/ibex/dv/uvm/out
1537,case_1537,bug_072,pipeline_alu,opimm_operand_b_uses_register,riscv_rand_instr_test,972105,/workspace/ibex/dv/uvm/out
1538,case_1538,bug_072,pipeline_alu,opimm_operand_b_uses_register,riscv_rand_instr_test,972106,/workspace/ibex/dv/uvm/out
1539,case_1539,bug_072,pipeline_alu,opimm_operand_b_uses_register,riscv_rand_instr_test,972107,/workspace/ibex/dv/uvm/out
1540,case_1540,bug_072,pipeline_alu,opimm_operand_b_uses_register,riscv_rand_instr_test,972108,/workspace/ibex/dv/uvm/out
1541,case_1541,bug_072,pipeline_alu,opimm_operand_b_uses_register,riscv_rand_instr_test,972109,/workspace/ibex/dv/uvm/out
1542,case_1542,bug_072,pipeline_alu,opimm_operand_b_uses_register,riscv_rand_instr_test,972111,/workspace/ibex/dv/uvm/out
1543,case_1543,bug_072,pipeline_alu,opimm_operand_b_uses_register,riscv_rand_instr_test,972114,/workspace/ibex/dv/uvm/out
1544,case_1544,bug_072,pipeline_alu,opimm_operand_b_uses_register,riscv_rand_instr_test,972115,/workspace/ibex/dv/uvm/out
1545,case_1545,bug_072,pipeline_alu,opimm_operand_b_uses_register,riscv_rand_instr_test,972116,/workspace/ibex/dv/uvm/out
1546,case_1546,bug_072,pipeline_alu,opimm_operand_b_uses_register,riscv_rand_instr_test,972117,/workspace/ibex/dv/uvm/out
1547,case_1547,bug_072,pipeline_alu,opimm_operand_b_uses_register,riscv_rand_instr_test,972119,/workspace/ibex/dv/uvm/out
1548,case_1548,bug_072,pipeline_alu,opimm_operand_b_uses_register,riscv_rand_instr_test,972122,/workspace/ibex/dv/uvm/out
1549,case_1549,bug_072,pipeline_alu,opimm_operand_b_uses_register,riscv_rand_instr_test,972123,/workspace/ibex/dv/uvm/out
1550,case_1550,bug_072,pipeline_alu,opimm_operand_b_uses_register,riscv_rand_instr_test,972124,/workspace/ibex/dv/uvm/out
1551,case_1551,bug_072,pipeline_alu,opimm_operand_b_uses_register,riscv_machine_mode_rand_test,1072202,/workspace/ibex/dv/uvm/out
1552,case_1552,bug_072,pipeline_alu,opimm_operand_b_uses_register,riscv_machine_mode_rand_test,1072206,/workspace/ibex/dv/uvm/out
1553,case_1553,bug_072,pipeline_alu,opimm_operand_b_uses_register,riscv_machine_mode_rand_test,1072210,/workspace/ibex/dv/uvm/out
1554,case_1554,bug_072,pipeline_alu,opimm_operand_b_uses_register,riscv_machine_mode_rand_test,1072214,/workspace/ibex/dv/uvm/out
1555,case_1555,bug_072,pipeline_alu,opimm_operand_b_uses_register,riscv_machine_mode_rand_test,1072203,/workspace/ibex/dv/uvm/out
1556,case_1556,bug_072,pipeline_alu,opimm_operand_b_uses_register,riscv_machine_mode_rand_test,1072207,/workspace/ibex/dv/uvm/out
1557,case_1557,bug_072,pipeline_alu,opimm_operand_b_uses_register,riscv_machine_mode_rand_test,1072211,/workspace/ibex/dv/uvm/out
1558,case_1558,bug_072,pipeline_alu,opimm_operand_b_uses_register,riscv_machine_mode_rand_test,1072215,/workspace/ibex/dv/uvm/out
1559,case_1559,bug_072,pipeline_alu,opimm_operand_b_uses_register,riscv_machine_mode_rand_test,1072204,/workspace/ibex/dv/uvm/out
1560,case_1560,bug_072,pipeline_alu,opimm_operand_b_uses_register,riscv_machine_mode_rand_test,1072208,/workspace/ibex/dv/uvm/out
1561,case_1561,bug_072,pipeline_alu,opimm_operand_b_uses_register,riscv_machine_mode_rand_test,1072212,/workspace/ibex/dv/uvm/out
1562,case_1562,bug_072,pipeline_alu,opimm_operand_b_uses_register,riscv_machine_mode_rand_test,1072201,/workspace/ibex/dv/uvm/out
1563,case_1563,bug_072,pipeline_alu,opimm_operand_b_uses_register,riscv_machine_mode_rand_test,1072205,/workspace/ibex/dv/uvm/out
1564,case_1564,bug_072,pipeline_alu,opimm_operand_b_uses_register,riscv_machine_mode_rand_test,1072209,/workspace/ibex/dv/uvm/out
1565,case_1565,bug_073,multdiv,mul_decoded_as_mulh,riscv_rand_instr_test,71731,/workspace/ibex/dv/uvm/out
1566,case_1566,bug_073,multdiv,mul_decoded_as_mulh,riscv_rand_instr_test,71732,/workspace/ibex/dv/uvm/out
1567,case_1567,bug_073,multdiv,mul_decoded_as_mulh,riscv_arithmetic_basic_test,973003,/workspace/ibex/dv/uvm/out
1568,case_1568,bug_073,multdiv,mul_decoded_as_mulh,riscv_arithmetic_basic_test,973005,/workspace/ibex/dv/uvm/out
1569,case_1569,bug_073,multdiv,mul_decoded_as_mulh,riscv_arithmetic_basic_test,973006,/workspace/ibex/dv/uvm/out
1570,case_1570,bug_073,multdiv,mul_decoded_as_mulh,riscv_arithmetic_basic_test,973011,/workspace/ibex/dv/uvm/out
1571,case_1571,bug_073,multdiv,mul_decoded_as_mulh,riscv_arithmetic_basic_test,973013,/workspace/ibex/dv/uvm/out
1572,case_1572,bug_073,multdiv,mul_decoded_as_mulh,riscv_arithmetic_basic_test,973015,/workspace/ibex/dv/uvm/out
1573,case_1573,bug_073,multdiv,mul_decoded_as_mulh,riscv_arithmetic_basic_test,973016,/workspace/ibex/dv/uvm/out
1574,case_1574,bug_073,multdiv,mul_decoded_as_mulh,riscv_arithmetic_basic_test,973019,/workspace/ibex/dv/uvm/out
1575,case_1575,bug_073,multdiv,mul_decoded_as_mulh,riscv_arithmetic_basic_test,973020,/workspace/ibex/dv/uvm/out
1576,case_1576,bug_073,multdiv,mul_decoded_as_mulh,riscv_arithmetic_basic_test,973021,/workspace/ibex/dv/uvm/out
1577,case_1577,bug_073,multdiv,mul_decoded_as_mulh,riscv_arithmetic_basic_test,973022,/workspace/ibex/dv/uvm/out
1578,case_1578,bug_073,multdiv,mul_decoded_as_mulh,riscv_arithmetic_basic_test,973024,/workspace/ibex/dv/uvm/out
1579,case_1579,bug_073,multdiv,mul_decoded_as_mulh,riscv_rand_instr_test,973102,/workspace/ibex/dv/uvm/out
1580,case_1580,bug_073,multdiv,mul_decoded_as_mulh,riscv_rand_instr_test,973104,/workspace/ibex/dv/uvm/out
1581,case_1581,bug_073,multdiv,mul_decoded_as_mulh,riscv_rand_instr_test,973107,/workspace/ibex/dv/uvm/out
1582,case_1582,bug_073,multdiv,mul_decoded_as_mulh,riscv_rand_instr_test,973108,/workspace/ibex/dv/uvm/out
1583,case_1583,bug_073,multdiv,mul_decoded_as_mulh,riscv_rand_instr_test,973109,/workspace/ibex/dv/uvm/out
1584,case_1584,bug_073,multdiv,mul_decoded_as_mulh,riscv_rand_instr_test,973110,/workspace/ibex/dv/uvm/out
1585,case_1585,bug_073,multdiv,mul_decoded_as_mulh,riscv_rand_instr_test,973111,/workspace/ibex/dv/uvm/out
1586,case_1586,bug_073,multdiv,mul_decoded_as_mulh,riscv_rand_instr_test,973114,/workspace/ibex/dv/uvm/out
1587,case_1587,bug_073,multdiv,mul_decoded_as_mulh,riscv_rand_instr_test,973115,/workspace/ibex/dv/uvm/out
1588,case_1588,bug_073,multdiv,mul_decoded_as_mulh,riscv_rand_instr_test,973116,/workspace/ibex/dv/uvm/out
1589,case_1589,bug_073,multdiv,mul_decoded_as_mulh,riscv_rand_instr_test,973118,/workspace/ibex/dv/uvm/out
1590,case_1590,bug_073,multdiv,mul_decoded_as_mulh,riscv_rand_instr_test,973119,/workspace/ibex/dv/uvm/out
1591,case_1591,bug_073,multdiv,mul_decoded_as_mulh,riscv_rand_instr_test,973120,/workspace/ibex/dv/uvm/out
1592,case_1592,bug_073,multdiv,mul_decoded_as_mulh,riscv_rand_instr_test,973121,/workspace/ibex/dv/uvm/out
1593,case_1593,bug_073,multdiv,mul_decoded_as_mulh,riscv_rand_instr_test,973122,/workspace/ibex/dv/uvm/out
1594,case_1594,bug_073,multdiv,mul_decoded_as_mulh,riscv_rand_instr_test,973124,/workspace/ibex/dv/uvm/out
1595,case_1595,bug_073,multdiv,mul_decoded_as_mulh,riscv_rand_instr_test,973125,/workspace/ibex/dv/uvm/out
1596,case_1596,bug_073,multdiv,mul_decoded_as_mulh,riscv_machine_mode_rand_test,1073203,/workspace/ibex/dv/uvm/out
1597,case_1597,bug_073,multdiv,mul_decoded_as_mulh,riscv_machine_mode_rand_test,1073207,/workspace/ibex/dv/uvm/out
1598,case_1598,bug_073,multdiv,mul_decoded_as_mulh,riscv_machine_mode_rand_test,1073211,/workspace/ibex/dv/uvm/out
1599,case_1599,bug_073,multdiv,mul_decoded_as_mulh,riscv_machine_mode_rand_test,1073215,/workspace/ibex/dv/uvm/out
1600,case_1600,bug_073,multdiv,mul_decoded_as_mulh,riscv_machine_mode_rand_test,1073204,/workspace/ibex/dv/uvm/out
1601,case_1601,bug_073,multdiv,mul_decoded_as_mulh,riscv_machine_mode_rand_test,1073208,/workspace/ibex/dv/uvm/out
1602,case_1602,bug_073,multdiv,mul_decoded_as_mulh,riscv_machine_mode_rand_test,1073212,/workspace/ibex/dv/uvm/out
1603,case_1603,bug_073,multdiv,mul_decoded_as_mulh,riscv_machine_mode_rand_test,1073201,/workspace/ibex/dv/uvm/out
1604,case_1604,bug_073,multdiv,mul_decoded_as_mulh,riscv_machine_mode_rand_test,1073205,/workspace/ibex/dv/uvm/out
1605,case_1605,bug_073,multdiv,mul_decoded_as_mulh,riscv_machine_mode_rand_test,1073209,/workspace/ibex/dv/uvm/out
1606,case_1606,bug_073,multdiv,mul_decoded_as_mulh,riscv_machine_mode_rand_test,1073213,/workspace/ibex/dv/uvm/out
1607,case_1607,bug_073,multdiv,mul_decoded_as_mulh,riscv_machine_mode_rand_test,1073202,/workspace/ibex/dv/uvm/out
1608,case_1608,bug_073,multdiv,mul_decoded_as_mulh,riscv_machine_mode_rand_test,1073206,/workspace/ibex/dv/uvm/out
1609,case_1609,bug_073,multdiv,mul_decoded_as_mulh,riscv_machine_mode_rand_test,1073210,/workspace/ibex/dv/uvm/out
1610,case_1610,bug_073,multdiv,mul_decoded_as_mulh,riscv_machine_mode_rand_test,1073214,/workspace/ibex/dv/uvm/out
1611,case_1611,bug_074,multdiv,mulhsu_uses_signed_signed_mode,riscv_arithmetic_basic_test,71742,/workspace/ibex/dv/uvm/out
1612,case_1612,bug_074,multdiv,mulhsu_uses_signed_signed_mode,riscv_rand_instr_test,71742,/workspace/ibex/dv/uvm/out
1613,case_1613,bug_074,multdiv,mulhsu_uses_signed_signed_mode,riscv_arithmetic_basic_test,974001,/workspace/ibex/dv/uvm/out
1614,case_1614,bug_074,multdiv,mulhsu_uses_signed_signed_mode,riscv_arithmetic_basic_test,974003,/workspace/ibex/dv/uvm/out
1615,case_1615,bug_074,multdiv,mulhsu_uses_signed_signed_mode,riscv_arithmetic_basic_test,974008,/workspace/ibex/dv/uvm/out
1616,case_1616,bug_074,multdiv,mulhsu_uses_signed_signed_mode,riscv_arithmetic_basic_test,974009,/workspace/ibex/dv/uvm/out
1617,case_1617,bug_074,multdiv,mulhsu_uses_signed_signed_mode,riscv_arithmetic_basic_test,974010,/workspace/ibex/dv/uvm/out
1618,case_1618,bug_074,multdiv,mulhsu_uses_signed_signed_mode,riscv_arithmetic_basic_test,974015,/workspace/ibex/dv/uvm/out
1619,case_1619,bug_074,multdiv,mulhsu_uses_signed_signed_mode,riscv_arithmetic_basic_test,974018,/workspace/ibex/dv/uvm/out
1620,case_1620,bug_074,multdiv,mulhsu_uses_signed_signed_mode,riscv_arithmetic_basic_test,974020,/workspace/ibex/dv/uvm/out
1621,case_1621,bug_074,multdiv,mulhsu_uses_signed_signed_mode,riscv_arithmetic_basic_test,974022,/workspace/ibex/dv/uvm/out
1622,case_1622,bug_074,multdiv,mulhsu_uses_signed_signed_mode,riscv_arithmetic_basic_test,974023,/workspace/ibex/dv/uvm/out
1623,case_1623,bug_074,multdiv,mulhsu_uses_signed_signed_mode,riscv_arithmetic_basic_test,974024,/workspace/ibex/dv/uvm/out
1624,case_1624,bug_074,multdiv,mulhsu_uses_signed_signed_mode,riscv_rand_instr_test,974101,/workspace/ibex/dv/uvm/out
1625,case_1625,bug_074,multdiv,mulhsu_uses_signed_signed_mode,riscv_rand_instr_test,974102,/workspace/ibex/dv/uvm/out
1626,case_1626,bug_074,multdiv,mulhsu_uses_signed_signed_mode,riscv_rand_instr_test,974103,/workspace/ibex/dv/uvm/out
1627,case_1627,bug_074,multdiv,mulhsu_uses_signed_signed_mode,riscv_rand_instr_test,974104,/workspace/ibex/dv/uvm/out
1628,case_1628,bug_074,multdiv,mulhsu_uses_signed_signed_mode,riscv_rand_instr_test,974106,/workspace/ibex/dv/uvm/out
1629,case_1629,bug_074,multdiv,mulhsu_uses_signed_signed_mode,riscv_rand_instr_test,974107,/workspace/ibex/dv/uvm/out
1630,case_1630,bug_074,multdiv,mulhsu_uses_signed_signed_mode,riscv_rand_instr_test,974108,/workspace/ibex/dv/uvm/out
1631,case_1631,bug_074,multdiv,mulhsu_uses_signed_signed_mode,riscv_rand_instr_test,974109,/workspace/ibex/dv/uvm/out
1632,case_1632,bug_074,multdiv,mulhsu_uses_signed_signed_mode,riscv_rand_instr_test,974110,/workspace/ibex/dv/uvm/out
1633,case_1633,bug_074,multdiv,mulhsu_uses_signed_signed_mode,riscv_rand_instr_test,974112,/workspace/ibex/dv/uvm/out
1634,case_1634,bug_074,multdiv,mulhsu_uses_signed_signed_mode,riscv_rand_instr_test,974115,/workspace/ibex/dv/uvm/out
1635,case_1635,bug_074,multdiv,mulhsu_uses_signed_signed_mode,riscv_rand_instr_test,974116,/workspace/ibex/dv/uvm/out
1636,case_1636,bug_074,multdiv,mulhsu_uses_signed_signed_mode,riscv_rand_instr_test,974118,/workspace/ibex/dv/uvm/out
1637,case_1637,bug_074,multdiv,mulhsu_uses_signed_signed_mode,riscv_rand_instr_test,974119,/workspace/ibex/dv/uvm/out
1638,case_1638,bug_074,multdiv,mulhsu_uses_signed_signed_mode,riscv_rand_instr_test,974120,/workspace/ibex/dv/uvm/out
1639,case_1639,bug_074,multdiv,mulhsu_uses_signed_signed_mode,riscv_rand_instr_test,974121,/workspace/ibex/dv/uvm/out
1640,case_1640,bug_074,multdiv,mulhsu_uses_signed_signed_mode,riscv_rand_instr_test,974122,/workspace/ibex/dv/uvm/out
1641,case_1641,bug_074,multdiv,mulhsu_uses_signed_signed_mode,riscv_rand_instr_test,974125,/workspace/ibex/dv/uvm/out
1642,case_1642,bug_074,multdiv,mulhsu_uses_signed_signed_mode,riscv_machine_mode_rand_test,1074204,/workspace/ibex/dv/uvm/out
1643,case_1643,bug_074,multdiv,mulhsu_uses_signed_signed_mode,riscv_machine_mode_rand_test,1074208,/workspace/ibex/dv/uvm/out
1644,case_1644,bug_074,multdiv,mulhsu_uses_signed_signed_mode,riscv_machine_mode_rand_test,1074212,/workspace/ibex/dv/uvm/out
1645,case_1645,bug_074,multdiv,mulhsu_uses_signed_signed_mode,riscv_machine_mode_rand_test,1074201,/workspace/ibex/dv/uvm/out
1646,case_1646,bug_074,multdiv,mulhsu_uses_signed_signed_mode,riscv_machine_mode_rand_test,1074205,/workspace/ibex/dv/uvm/out
1647,case_1647,bug_074,multdiv,mulhsu_uses_signed_signed_mode,riscv_machine_mode_rand_test,1074209,/workspace/ibex/dv/uvm/out
1648,case_1648,bug_074,multdiv,mulhsu_uses_signed_signed_mode,riscv_machine_mode_rand_test,1074213,/workspace/ibex/dv/uvm/out
1649,case_1649,bug_074,multdiv,mulhsu_uses_signed_signed_mode,riscv_machine_mode_rand_test,1074202,/workspace/ibex/dv/uvm/out
1650,case_1650,bug_074,multdiv,mulhsu_uses_signed_signed_mode,riscv_machine_mode_rand_test,1074206,/workspace/ibex/dv/uvm/out
1651,case_1651,bug_074,multdiv,mulhsu_uses_signed_signed_mode,riscv_machine_mode_rand_test,1074210,/workspace/ibex/dv/uvm/out
1652,case_1652,bug_074,multdiv,mulhsu_uses_signed_signed_mode,riscv_machine_mode_rand_test,1074214,/workspace/ibex/dv/uvm/out
1653,case_1653,bug_074,multdiv,mulhsu_uses_signed_signed_mode,riscv_machine_mode_rand_test,1074203,/workspace/ibex/dv/uvm/out
1654,case_1654,bug_074,multdiv,mulhsu_uses_signed_signed_mode,riscv_machine_mode_rand_test,1074207,/workspace/ibex/dv/uvm/out
1655,case_1655,bug_074,multdiv,mulhsu_uses_signed_signed_mode,riscv_machine_mode_rand_test,1074211,/workspace/ibex/dv/uvm/out
1656,case_1656,bug_074,multdiv,mulhsu_uses_signed_signed_mode,riscv_machine_mode_rand_test,1074215,/workspace/ibex/dv/uvm/out
1657,case_1657,bug_075,multdiv,div_decoded_as_remainder,riscv_arithmetic_basic_test,71752,/workspace/ibex/dv/uvm/out
1658,case_1658,bug_075,multdiv,div_decoded_as_remainder,riscv_rand_instr_test,71752,/workspace/ibex/dv/uvm/out
1659,case_1659,bug_075,multdiv,div_decoded_as_remainder,riscv_arithmetic_basic_test,975001,/workspace/ibex/dv/uvm/out
1660,case_1660,bug_075,multdiv,div_decoded_as_remainder,riscv_arithmetic_basic_test,975004,/workspace/ibex/dv/uvm/out
1661,case_1661,bug_075,multdiv,div_decoded_as_remainder,riscv_arithmetic_basic_test,975007,/workspace/ibex/dv/uvm/out
1662,case_1662,bug_075,multdiv,div_decoded_as_remainder,riscv_arithmetic_basic_test,975009,/workspace/ibex/dv/uvm/out
1663,case_1663,bug_075,multdiv,div_decoded_as_remainder,riscv_arithmetic_basic_test,975011,/workspace/ibex/dv/uvm/out
1664,case_1664,bug_075,multdiv,div_decoded_as_remainder,riscv_arithmetic_basic_test,975012,/workspace/ibex/dv/uvm/out
1665,case_1665,bug_075,multdiv,div_decoded_as_remainder,riscv_arithmetic_basic_test,975017,/workspace/ibex/dv/uvm/out
1666,case_1666,bug_075,multdiv,div_decoded_as_remainder,riscv_arithmetic_basic_test,975018,/workspace/ibex/dv/uvm/out
1667,case_1667,bug_075,multdiv,div_decoded_as_remainder,riscv_arithmetic_basic_test,975019,/workspace/ibex/dv/uvm/out
1668,case_1668,bug_075,multdiv,div_decoded_as_remainder,riscv_arithmetic_basic_test,975021,/workspace/ibex/dv/uvm/out
1669,case_1669,bug_075,multdiv,div_decoded_as_remainder,riscv_arithmetic_basic_test,975023,/workspace/ibex/dv/uvm/out
1670,case_1670,bug_075,multdiv,div_decoded_as_remainder,riscv_arithmetic_basic_test,975025,/workspace/ibex/dv/uvm/out
1671,case_1671,bug_075,multdiv,div_decoded_as_remainder,riscv_rand_instr_test,975101,/workspace/ibex/dv/uvm/out
1672,case_1672,bug_075,multdiv,div_decoded_as_remainder,riscv_rand_instr_test,975102,/workspace/ibex/dv/uvm/out
1673,case_1673,bug_075,multdiv,div_decoded_as_remainder,riscv_rand_instr_test,975104,/workspace/ibex/dv/uvm/out
1674,case_1674,bug_075,multdiv,div_decoded_as_remainder,riscv_rand_instr_test,975106,/workspace/ibex/dv/uvm/out
1675,case_1675,bug_075,multdiv,div_decoded_as_remainder,riscv_rand_instr_test,975107,/workspace/ibex/dv/uvm/out
1676,case_1676,bug_075,multdiv,div_decoded_as_remainder,riscv_rand_instr_test,975108,/workspace/ibex/dv/uvm/out
1677,case_1677,bug_075,multdiv,div_decoded_as_remainder,riscv_rand_instr_test,975109,/workspace/ibex/dv/uvm/out
1678,case_1678,bug_075,multdiv,div_decoded_as_remainder,riscv_rand_instr_test,975110,/workspace/ibex/dv/uvm/out
1679,case_1679,bug_075,multdiv,div_decoded_as_remainder,riscv_rand_instr_test,975112,/workspace/ibex/dv/uvm/out
1680,case_1680,bug_075,multdiv,div_decoded_as_remainder,riscv_rand_instr_test,975113,/workspace/ibex/dv/uvm/out
1681,case_1681,bug_075,multdiv,div_decoded_as_remainder,riscv_rand_instr_test,975114,/workspace/ibex/dv/uvm/out
1682,case_1682,bug_075,multdiv,div_decoded_as_remainder,riscv_rand_instr_test,975115,/workspace/ibex/dv/uvm/out
1683,case_1683,bug_075,multdiv,div_decoded_as_remainder,riscv_rand_instr_test,975116,/workspace/ibex/dv/uvm/out
1684,case_1684,bug_075,multdiv,div_decoded_as_remainder,riscv_rand_instr_test,975117,/workspace/ibex/dv/uvm/out
1685,case_1685,bug_075,multdiv,div_decoded_as_remainder,riscv_rand_instr_test,975119,/workspace/ibex/dv/uvm/out
1686,case_1686,bug_075,multdiv,div_decoded_as_remainder,riscv_rand_instr_test,975120,/workspace/ibex/dv/uvm/out
1687,case_1687,bug_075,multdiv,div_decoded_as_remainder,riscv_rand_instr_test,975121,/workspace/ibex/dv/uvm/out
1688,case_1688,bug_075,multdiv,div_decoded_as_remainder,riscv_rand_instr_test,975125,/workspace/ibex/dv/uvm/out
1689,case_1689,bug_075,multdiv,div_decoded_as_remainder,riscv_machine_mode_rand_test,1075201,/workspace/ibex/dv/uvm/out
1690,case_1690,bug_075,multdiv,div_decoded_as_remainder,riscv_machine_mode_rand_test,1075205,/workspace/ibex/dv/uvm/out
1691,case_1691,bug_075,multdiv,div_decoded_as_remainder,riscv_machine_mode_rand_test,1075209,/workspace/ibex/dv/uvm/out
1692,case_1692,bug_075,multdiv,div_decoded_as_remainder,riscv_machine_mode_rand_test,1075202,/workspace/ibex/dv/uvm/out
1693,case_1693,bug_075,multdiv,div_decoded_as_remainder,riscv_machine_mode_rand_test,1075206,/workspace/ibex/dv/uvm/out
1694,case_1694,bug_075,multdiv,div_decoded_as_remainder,riscv_machine_mode_rand_test,1075210,/workspace/ibex/dv/uvm/out
1695,case_1695,bug_075,multdiv,div_decoded_as_remainder,riscv_machine_mode_rand_test,1075214,/workspace/ibex/dv/uvm/out
1696,case_1696,bug_075,multdiv,div_decoded_as_remainder,riscv_machine_mode_rand_test,1075203,/workspace/ibex/dv/uvm/out
1697,case_1697,bug_075,multdiv,div_decoded_as_remainder,riscv_machine_mode_rand_test,1075207,/workspace/ibex/dv/uvm/out
1698,case_1698,bug_075,multdiv,div_decoded_as_remainder,riscv_machine_mode_rand_test,1075211,/workspace/ibex/dv/uvm/out
1699,case_1699,bug_075,multdiv,div_decoded_as_remainder,riscv_machine_mode_rand_test,1075215,/workspace/ibex/dv/uvm/out
1700,case_1700,bug_075,multdiv,div_decoded_as_remainder,riscv_machine_mode_rand_test,1075204,/workspace/ibex/dv/uvm/out
1701,case_1701,bug_075,multdiv,div_decoded_as_remainder,riscv_machine_mode_rand_test,1075208,/workspace/ibex/dv/uvm/out
1702,case_1702,bug_075,multdiv,div_decoded_as_remainder,riscv_machine_mode_rand_test,1075212,/workspace/ibex/dv/uvm/out
1703,case_1703,bug_076,multdiv,divu_uses_signed_mode,riscv_arithmetic_basic_test,71761,/workspace/ibex/dv/uvm/out
1704,case_1704,bug_076,multdiv,divu_uses_signed_mode,riscv_rand_instr_test,71761,/workspace/ibex/dv/uvm/out
1705,case_1705,bug_076,multdiv,divu_uses_signed_mode,riscv_rand_instr_test,71762,/workspace/ibex/dv/uvm/out
1706,case_1706,bug_076,multdiv,divu_uses_signed_mode,riscv_arithmetic_basic_test,976001,/workspace/ibex/dv/uvm/out
1707,case_1707,bug_076,multdiv,divu_uses_signed_mode,riscv_arithmetic_basic_test,976003,/workspace/ibex/dv/uvm/out
1708,case_1708,bug_076,multdiv,divu_uses_signed_mode,riscv_arithmetic_basic_test,976006,/workspace/ibex/dv/uvm/out
1709,case_1709,bug_076,multdiv,divu_uses_signed_mode,riscv_arithmetic_basic_test,976008,/workspace/ibex/dv/uvm/out
1710,case_1710,bug_076,multdiv,divu_uses_signed_mode,riscv_arithmetic_basic_test,976012,/workspace/ibex/dv/uvm/out
1711,case_1711,bug_076,multdiv,divu_uses_signed_mode,riscv_arithmetic_basic_test,976013,/workspace/ibex/dv/uvm/out
1712,case_1712,bug_076,multdiv,divu_uses_signed_mode,riscv_arithmetic_basic_test,976014,/workspace/ibex/dv/uvm/out
1713,case_1713,bug_076,multdiv,divu_uses_signed_mode,riscv_arithmetic_basic_test,976017,/workspace/ibex/dv/uvm/out
1714,case_1714,bug_076,multdiv,divu_uses_signed_mode,riscv_arithmetic_basic_test,976019,/workspace/ibex/dv/uvm/out
1715,case_1715,bug_076,multdiv,divu_uses_signed_mode,riscv_arithmetic_basic_test,976020,/workspace/ibex/dv/uvm/out
1716,case_1716,bug_076,multdiv,divu_uses_signed_mode,riscv_arithmetic_basic_test,976023,/workspace/ibex/dv/uvm/out
1717,case_1717,bug_076,multdiv,divu_uses_signed_mode,riscv_rand_instr_test,976101,/workspace/ibex/dv/uvm/out
1718,case_1718,bug_076,multdiv,divu_uses_signed_mode,riscv_rand_instr_test,976102,/workspace/ibex/dv/uvm/out
1719,case_1719,bug_076,multdiv,divu_uses_signed_mode,riscv_rand_instr_test,976103,/workspace/ibex/dv/uvm/out
1720,case_1720,bug_076,multdiv,divu_uses_signed_mode,riscv_rand_instr_test,976104,/workspace/ibex/dv/uvm/out
1721,case_1721,bug_076,multdiv,divu_uses_signed_mode,riscv_rand_instr_test,976105,/workspace/ibex/dv/uvm/out
1722,case_1722,bug_076,multdiv,divu_uses_signed_mode,riscv_rand_instr_test,976106,/workspace/ibex/dv/uvm/out
1723,case_1723,bug_076,multdiv,divu_uses_signed_mode,riscv_rand_instr_test,976107,/workspace/ibex/dv/uvm/out
1724,case_1724,bug_076,multdiv,divu_uses_signed_mode,riscv_rand_instr_test,976112,/workspace/ibex/dv/uvm/out
1725,case_1725,bug_076,multdiv,divu_uses_signed_mode,riscv_rand_instr_test,976113,/workspace/ibex/dv/uvm/out
1726,case_1726,bug_076,multdiv,divu_uses_signed_mode,riscv_rand_instr_test,976117,/workspace/ibex/dv/uvm/out
1727,case_1727,bug_076,multdiv,divu_uses_signed_mode,riscv_rand_instr_test,976118,/workspace/ibex/dv/uvm/out
1728,case_1728,bug_076,multdiv,divu_uses_signed_mode,riscv_rand_instr_test,976119,/workspace/ibex/dv/uvm/out
1729,case_1729,bug_076,multdiv,divu_uses_signed_mode,riscv_rand_instr_test,976120,/workspace/ibex/dv/uvm/out
1730,case_1730,bug_076,multdiv,divu_uses_signed_mode,riscv_rand_instr_test,976121,/workspace/ibex/dv/uvm/out
1731,case_1731,bug_076,multdiv,divu_uses_signed_mode,riscv_rand_instr_test,976122,/workspace/ibex/dv/uvm/out
1732,case_1732,bug_076,multdiv,divu_uses_signed_mode,riscv_rand_instr_test,976123,/workspace/ibex/dv/uvm/out
1733,case_1733,bug_076,multdiv,divu_uses_signed_mode,riscv_rand_instr_test,976124,/workspace/ibex/dv/uvm/out
1734,case_1734,bug_076,multdiv,divu_uses_signed_mode,riscv_rand_instr_test,976125,/workspace/ibex/dv/uvm/out
1735,case_1735,bug_076,multdiv,divu_uses_signed_mode,riscv_machine_mode_rand_test,1076202,/workspace/ibex/dv/uvm/out
1736,case_1736,bug_076,multdiv,divu_uses_signed_mode,riscv_machine_mode_rand_test,1076206,/workspace/ibex/dv/uvm/out
1737,case_1737,bug_076,multdiv,divu_uses_signed_mode,riscv_machine_mode_rand_test,1076210,/workspace/ibex/dv/uvm/out
1738,case_1738,bug_076,multdiv,divu_uses_signed_mode,riscv_machine_mode_rand_test,1076214,/workspace/ibex/dv/uvm/out
1739,case_1739,bug_076,multdiv,divu_uses_signed_mode,riscv_machine_mode_rand_test,1076203,/workspace/ibex/dv/uvm/out
1740,case_1740,bug_076,multdiv,divu_uses_signed_mode,riscv_machine_mode_rand_test,1076207,/workspace/ibex/dv/uvm/out
1741,case_1741,bug_076,multdiv,divu_uses_signed_mode,riscv_machine_mode_rand_test,1076211,/workspace/ibex/dv/uvm/out
1742,case_1742,bug_076,multdiv,divu_uses_signed_mode,riscv_machine_mode_rand_test,1076215,/workspace/ibex/dv/uvm/out
1743,case_1743,bug_076,multdiv,divu_uses_signed_mode,riscv_machine_mode_rand_test,1076208,/workspace/ibex/dv/uvm/out
1744,case_1744,bug_076,multdiv,divu_uses_signed_mode,riscv_machine_mode_rand_test,1076212,/workspace/ibex/dv/uvm/out
1745,case_1745,bug_076,multdiv,divu_uses_signed_mode,riscv_machine_mode_rand_test,1076201,/workspace/ibex/dv/uvm/out
1746,case_1746,bug_076,multdiv,divu_uses_signed_mode,riscv_machine_mode_rand_test,1076205,/workspace/ibex/dv/uvm/out
1747,case_1747,bug_076,multdiv,divu_uses_signed_mode,riscv_machine_mode_rand_test,1076209,/workspace/ibex/dv/uvm/out
1748,case_1748,bug_076,multdiv,divu_uses_signed_mode,riscv_machine_mode_rand_test,1076213,/workspace/ibex/dv/uvm/out
1749,case_1749,bug_077,multdiv,rem_decoded_as_division,riscv_rand_instr_test,71772,/workspace/ibex/dv/uvm/out
1750,case_1750,bug_077,multdiv,rem_decoded_as_division,riscv_arithmetic_basic_test,977001,/workspace/ibex/dv/uvm/out
1751,case_1751,bug_077,multdiv,rem_decoded_as_division,riscv_arithmetic_basic_test,977003,/workspace/ibex/dv/uvm/out
1752,case_1752,bug_077,multdiv,rem_decoded_as_division,riscv_arithmetic_basic_test,977006,/workspace/ibex/dv/uvm/out
1753,case_1753,bug_077,multdiv,rem_decoded_as_division,riscv_arithmetic_basic_test,977010,/workspace/ibex/dv/uvm/out
1754,case_1754,bug_077,multdiv,rem_decoded_as_division,riscv_arithmetic_basic_test,977012,/workspace/ibex/dv/uvm/out
1755,case_1755,bug_077,multdiv,rem_decoded_as_division,riscv_arithmetic_basic_test,977014,/workspace/ibex/dv/uvm/out
1756,case_1756,bug_077,multdiv,rem_decoded_as_division,riscv_arithmetic_basic_test,977016,/workspace/ibex/dv/uvm/out
1757,case_1757,bug_077,multdiv,rem_decoded_as_division,riscv_arithmetic_basic_test,977018,/workspace/ibex/dv/uvm/out
1758,case_1758,bug_077,multdiv,rem_decoded_as_division,riscv_arithmetic_basic_test,977019,/workspace/ibex/dv/uvm/out
1759,case_1759,bug_077,multdiv,rem_decoded_as_division,riscv_arithmetic_basic_test,977020,/workspace/ibex/dv/uvm/out
1760,case_1760,bug_077,multdiv,rem_decoded_as_division,riscv_arithmetic_basic_test,977024,/workspace/ibex/dv/uvm/out
1761,case_1761,bug_077,multdiv,rem_decoded_as_division,riscv_rand_instr_test,977101,/workspace/ibex/dv/uvm/out
1762,case_1762,bug_077,multdiv,rem_decoded_as_division,riscv_rand_instr_test,977102,/workspace/ibex/dv/uvm/out
1763,case_1763,bug_077,multdiv,rem_decoded_as_division,riscv_rand_instr_test,977103,/workspace/ibex/dv/uvm/out
1764,case_1764,bug_077,multdiv,rem_decoded_as_division,riscv_rand_instr_test,977104,/workspace/ibex/dv/uvm/out
1765,case_1765,bug_077,multdiv,rem_decoded_as_division,riscv_rand_instr_test,977105,/workspace/ibex/dv/uvm/out
1766,case_1766,bug_077,multdiv,rem_decoded_as_division,riscv_rand_instr_test,977106,/workspace/ibex/dv/uvm/out
1767,case_1767,bug_077,multdiv,rem_decoded_as_division,riscv_rand_instr_test,977107,/workspace/ibex/dv/uvm/out
1768,case_1768,bug_077,multdiv,rem_decoded_as_division,riscv_rand_instr_test,977109,/workspace/ibex/dv/uvm/out
1769,case_1769,bug_077,multdiv,rem_decoded_as_division,riscv_rand_instr_test,977110,/workspace/ibex/dv/uvm/out
1770,case_1770,bug_077,multdiv,rem_decoded_as_division,riscv_rand_instr_test,977111,/workspace/ibex/dv/uvm/out
1771,case_1771,bug_077,multdiv,rem_decoded_as_division,riscv_rand_instr_test,977112,/workspace/ibex/dv/uvm/out
1772,case_1772,bug_077,multdiv,rem_decoded_as_division,riscv_rand_instr_test,977114,/workspace/ibex/dv/uvm/out
1773,case_1773,bug_077,multdiv,rem_decoded_as_division,riscv_rand_instr_test,977115,/workspace/ibex/dv/uvm/out
1774,case_1774,bug_077,multdiv,rem_decoded_as_division,riscv_rand_instr_test,977116,/workspace/ibex/dv/uvm/out
1775,case_1775,bug_077,multdiv,rem_decoded_as_division,riscv_rand_instr_test,977117,/workspace/ibex/dv/uvm/out
1776,case_1776,bug_077,multdiv,rem_decoded_as_division,riscv_rand_instr_test,977118,/workspace/ibex/dv/uvm/out
1777,case_1777,bug_077,multdiv,rem_decoded_as_division,riscv_rand_instr_test,977119,/workspace/ibex/dv/uvm/out
1778,case_1778,bug_077,multdiv,rem_decoded_as_division,riscv_rand_instr_test,977120,/workspace/ibex/dv/uvm/out
1779,case_1779,bug_077,multdiv,rem_decoded_as_division,riscv_rand_instr_test,977121,/workspace/ibex/dv/uvm/out
1780,case_1780,bug_077,multdiv,rem_decoded_as_division,riscv_rand_instr_test,977123,/workspace/ibex/dv/uvm/out
1781,case_1781,bug_077,multdiv,rem_decoded_as_division,riscv_rand_instr_test,977124,/workspace/ibex/dv/uvm/out
1782,case_1782,bug_077,multdiv,rem_decoded_as_division,riscv_rand_instr_test,977125,/workspace/ibex/dv/uvm/out
1783,case_1783,bug_077,multdiv,rem_decoded_as_division,riscv_machine_mode_rand_test,1077203,/workspace/ibex/dv/uvm/out
1784,case_1784,bug_077,multdiv,rem_decoded_as_division,riscv_machine_mode_rand_test,1077207,/workspace/ibex/dv/uvm/out
1785,case_1785,bug_077,multdiv,rem_decoded_as_division,riscv_machine_mode_rand_test,1077215,/workspace/ibex/dv/uvm/out
1786,case_1786,bug_077,multdiv,rem_decoded_as_division,riscv_machine_mode_rand_test,1077204,/workspace/ibex/dv/uvm/out
1787,case_1787,bug_077,multdiv,rem_decoded_as_division,riscv_machine_mode_rand_test,1077208,/workspace/ibex/dv/uvm/out
1788,case_1788,bug_077,multdiv,rem_decoded_as_division,riscv_machine_mode_rand_test,1077212,/workspace/ibex/dv/uvm/out
1789,case_1789,bug_077,multdiv,rem_decoded_as_division,riscv_machine_mode_rand_test,1077201,/workspace/ibex/dv/uvm/out
1790,case_1790,bug_077,multdiv,rem_decoded_as_division,riscv_machine_mode_rand_test,1077209,/workspace/ibex/dv/uvm/out
1791,case_1791,bug_077,multdiv,rem_decoded_as_division,riscv_machine_mode_rand_test,1077213,/workspace/ibex/dv/uvm/out
1792,case_1792,bug_077,multdiv,rem_decoded_as_division,riscv_machine_mode_rand_test,1077202,/workspace/ibex/dv/uvm/out
1793,case_1793,bug_077,multdiv,rem_decoded_as_division,riscv_machine_mode_rand_test,1077210,/workspace/ibex/dv/uvm/out
1794,case_1794,bug_077,multdiv,rem_decoded_as_division,riscv_machine_mode_rand_test,1077214,/workspace/ibex/dv/uvm/out
1795,case_1795,bug_078,alu,xor_decoded_as_or,riscv_rand_instr_test,71782,/workspace/ibex/dv/uvm/out
1796,case_1796,bug_078,alu,xor_decoded_as_or,riscv_arithmetic_basic_test,978003,/workspace/ibex/dv/uvm/out
1797,case_1797,bug_078,alu,xor_decoded_as_or,riscv_arithmetic_basic_test,978005,/workspace/ibex/dv/uvm/out
1798,case_1798,bug_078,alu,xor_decoded_as_or,riscv_arithmetic_basic_test,978006,/workspace/ibex/dv/uvm/out
1799,case_1799,bug_078,alu,xor_decoded_as_or,riscv_arithmetic_basic_test,978008,/workspace/ibex/dv/uvm/out
1800,case_1800,bug_078,alu,xor_decoded_as_or,riscv_arithmetic_basic_test,978009,/workspace/ibex/dv/uvm/out
1801,case_1801,bug_078,alu,xor_decoded_as_or,riscv_arithmetic_basic_test,978010,/workspace/ibex/dv/uvm/out
1802,case_1802,bug_078,alu,xor_decoded_as_or,riscv_arithmetic_basic_test,978015,/workspace/ibex/dv/uvm/out
1803,case_1803,bug_078,alu,xor_decoded_as_or,riscv_arithmetic_basic_test,978018,/workspace/ibex/dv/uvm/out
1804,case_1804,bug_078,alu,xor_decoded_as_or,riscv_arithmetic_basic_test,978020,/workspace/ibex/dv/uvm/out
1805,case_1805,bug_078,alu,xor_decoded_as_or,riscv_arithmetic_basic_test,978021,/workspace/ibex/dv/uvm/out
1806,case_1806,bug_078,alu,xor_decoded_as_or,riscv_arithmetic_basic_test,978024,/workspace/ibex/dv/uvm/out
1807,case_1807,bug_078,alu,xor_decoded_as_or,riscv_rand_instr_test,978101,/workspace/ibex/dv/uvm/out
1808,case_1808,bug_078,alu,xor_decoded_as_or,riscv_rand_instr_test,978103,/workspace/ibex/dv/uvm/out
1809,case_1809,bug_078,alu,xor_decoded_as_or,riscv_rand_instr_test,978104,/workspace/ibex/dv/uvm/out
1810,case_1810,bug_078,alu,xor_decoded_as_or,riscv_rand_instr_test,978105,/workspace/ibex/dv/uvm/out
1811,case_1811,bug_078,alu,xor_decoded_as_or,riscv_rand_instr_test,978106,/workspace/ibex/dv/uvm/out
1812,case_1812,bug_078,alu,xor_decoded_as_or,riscv_rand_instr_test,978107,/workspace/ibex/dv/uvm/out
1813,case_1813,bug_078,alu,xor_decoded_as_or,riscv_rand_instr_test,978108,/workspace/ibex/dv/uvm/out
1814,case_1814,bug_078,alu,xor_decoded_as_or,riscv_rand_instr_test,978110,/workspace/ibex/dv/uvm/out
1815,case_1815,bug_078,alu,xor_decoded_as_or,riscv_rand_instr_test,978112,/workspace/ibex/dv/uvm/out
1816,case_1816,bug_078,alu,xor_decoded_as_or,riscv_rand_instr_test,978113,/workspace/ibex/dv/uvm/out
1817,case_1817,bug_078,alu,xor_decoded_as_or,riscv_rand_instr_test,978114,/workspace/ibex/dv/uvm/out
1818,case_1818,bug_078,alu,xor_decoded_as_or,riscv_rand_instr_test,978116,/workspace/ibex/dv/uvm/out
1819,case_1819,bug_078,alu,xor_decoded_as_or,riscv_rand_instr_test,978117,/workspace/ibex/dv/uvm/out
1820,case_1820,bug_078,alu,xor_decoded_as_or,riscv_rand_instr_test,978118,/workspace/ibex/dv/uvm/out
1821,case_1821,bug_078,alu,xor_decoded_as_or,riscv_rand_instr_test,978120,/workspace/ibex/dv/uvm/out
1822,case_1822,bug_078,alu,xor_decoded_as_or,riscv_rand_instr_test,978121,/workspace/ibex/dv/uvm/out
1823,case_1823,bug_078,alu,xor_decoded_as_or,riscv_rand_instr_test,978122,/workspace/ibex/dv/uvm/out
1824,case_1824,bug_078,alu,xor_decoded_as_or,riscv_rand_instr_test,978123,/workspace/ibex/dv/uvm/out
1825,case_1825,bug_078,alu,xor_decoded_as_or,riscv_rand_instr_test,978125,/workspace/ibex/dv/uvm/out
1826,case_1826,bug_078,alu,xor_decoded_as_or,riscv_machine_mode_rand_test,1078204,/workspace/ibex/dv/uvm/out
1827,case_1827,bug_078,alu,xor_decoded_as_or,riscv_machine_mode_rand_test,1078208,/workspace/ibex/dv/uvm/out
1828,case_1828,bug_078,alu,xor_decoded_as_or,riscv_machine_mode_rand_test,1078212,/workspace/ibex/dv/uvm/out
1829,case_1829,bug_078,alu,xor_decoded_as_or,riscv_machine_mode_rand_test,1078201,/workspace/ibex/dv/uvm/out
1830,case_1830,bug_078,alu,xor_decoded_as_or,riscv_machine_mode_rand_test,1078205,/workspace/ibex/dv/uvm/out
1831,case_1831,bug_078,alu,xor_decoded_as_or,riscv_machine_mode_rand_test,1078209,/workspace/ibex/dv/uvm/out
1832,case_1832,bug_078,alu,xor_decoded_as_or,riscv_machine_mode_rand_test,1078213,/workspace/ibex/dv/uvm/out
1833,case_1833,bug_078,alu,xor_decoded_as_or,riscv_machine_mode_rand_test,1078202,/workspace/ibex/dv/uvm/out
1834,case_1834,bug_078,alu,xor_decoded_as_or,riscv_machine_mode_rand_test,1078206,/workspace/ibex/dv/uvm/out
1835,case_1835,bug_078,alu,xor_decoded_as_or,riscv_machine_mode_rand_test,1078210,/workspace/ibex/dv/uvm/out
1836,case_1836,bug_078,alu,xor_decoded_as_or,riscv_machine_mode_rand_test,1078214,/workspace/ibex/dv/uvm/out
1837,case_1837,bug_078,alu,xor_decoded_as_or,riscv_machine_mode_rand_test,1078203,/workspace/ibex/dv/uvm/out
1838,case_1838,bug_078,alu,xor_decoded_as_or,riscv_machine_mode_rand_test,1078207,/workspace/ibex/dv/uvm/out
1839,case_1839,bug_078,alu,xor_decoded_as_or,riscv_machine_mode_rand_test,1078211,/workspace/ibex/dv/uvm/out
1840,case_1840,bug_078,alu,xor_decoded_as_or,riscv_machine_mode_rand_test,1078215,/workspace/ibex/dv/uvm/out
1841,case_1841,bug_079,alu,and_decoded_as_or,riscv_arithmetic_basic_test,71792,/workspace/ibex/dv/uvm/out
1842,case_1842,bug_079,alu,and_decoded_as_or,riscv_arithmetic_basic_test,979001,/workspace/ibex/dv/uvm/out
1843,case_1843,bug_079,alu,and_decoded_as_or,riscv_arithmetic_basic_test,979002,/workspace/ibex/dv/uvm/out
1844,case_1844,bug_079,alu,and_decoded_as_or,riscv_arithmetic_basic_test,979007,/workspace/ibex/dv/uvm/out
1845,case_1845,bug_079,alu,and_decoded_as_or,riscv_arithmetic_basic_test,979008,/workspace/ibex/dv/uvm/out
1846,case_1846,bug_079,alu,and_decoded_as_or,riscv_arithmetic_basic_test,979009,/workspace/ibex/dv/uvm/out
1847,case_1847,bug_079,alu,and_decoded_as_or,riscv_arithmetic_basic_test,979011,/workspace/ibex/dv/uvm/out
1848,case_1848,bug_079,alu,and_decoded_as_or,riscv_arithmetic_basic_test,979012,/workspace/ibex/dv/uvm/out
1849,case_1849,bug_079,alu,and_decoded_as_or,riscv_arithmetic_basic_test,979013,/workspace/ibex/dv/uvm/out
1850,case_1850,bug_079,alu,and_decoded_as_or,riscv_arithmetic_basic_test,979017,/workspace/ibex/dv/uvm/out
1851,case_1851,bug_079,alu,and_decoded_as_or,riscv_arithmetic_basic_test,979018,/workspace/ibex/dv/uvm/out
1852,case_1852,bug_079,alu,and_decoded_as_or,riscv_arithmetic_basic_test,979020,/workspace/ibex/dv/uvm/out
1853,case_1853,bug_079,alu,and_decoded_as_or,riscv_arithmetic_basic_test,979021,/workspace/ibex/dv/uvm/out
1854,case_1854,bug_079,alu,and_decoded_as_or,riscv_arithmetic_basic_test,979023,/workspace/ibex/dv/uvm/out
1855,case_1855,bug_079,alu,and_decoded_as_or,riscv_arithmetic_basic_test,979024,/workspace/ibex/dv/uvm/out
1856,case_1856,bug_079,alu,and_decoded_as_or,riscv_arithmetic_basic_test,979025,/workspace/ibex/dv/uvm/out
1857,case_1857,bug_079,alu,and_decoded_as_or,riscv_rand_instr_test,979102,/workspace/ibex/dv/uvm/out
1858,case_1858,bug_079,alu,and_decoded_as_or,riscv_rand_instr_test,979105,/workspace/ibex/dv/uvm/out
1859,case_1859,bug_079,alu,and_decoded_as_or,riscv_rand_instr_test,979108,/workspace/ibex/dv/uvm/out
1860,case_1860,bug_079,alu,and_decoded_as_or,riscv_rand_instr_test,979109,/workspace/ibex/dv/uvm/out
1861,case_1861,bug_079,alu,and_decoded_as_or,riscv_rand_instr_test,979110,/workspace/ibex/dv/uvm/out
1862,case_1862,bug_079,alu,and_decoded_as_or,riscv_rand_instr_test,979111,/workspace/ibex/dv/uvm/out
1863,case_1863,bug_079,alu,and_decoded_as_or,riscv_rand_instr_test,979114,/workspace/ibex/dv/uvm/out
1864,case_1864,bug_079,alu,and_decoded_as_or,riscv_rand_instr_test,979115,/workspace/ibex/dv/uvm/out
1865,case_1865,bug_079,alu,and_decoded_as_or,riscv_rand_instr_test,979116,/workspace/ibex/dv/uvm/out
1866,case_1866,bug_079,alu,and_decoded_as_or,riscv_rand_instr_test,979117,/workspace/ibex/dv/uvm/out
1867,case_1867,bug_079,alu,and_decoded_as_or,riscv_rand_instr_test,979118,/workspace/ibex/dv/uvm/out
1868,case_1868,bug_079,alu,and_decoded_as_or,riscv_rand_instr_test,979119,/workspace/ibex/dv/uvm/out
1869,case_1869,bug_079,alu,and_decoded_as_or,riscv_rand_instr_test,979120,/workspace/ibex/dv/uvm/out
1870,case_1870,bug_079,alu,and_decoded_as_or,riscv_rand_instr_test,979121,/workspace/ibex/dv/uvm/out
1871,case_1871,bug_079,alu,and_decoded_as_or,riscv_rand_instr_test,979122,/workspace/ibex/dv/uvm/out
1872,case_1872,bug_079,alu,and_decoded_as_or,riscv_rand_instr_test,979124,/workspace/ibex/dv/uvm/out
1873,case_1873,bug_079,alu,and_decoded_as_or,riscv_rand_instr_test,979125,/workspace/ibex/dv/uvm/out
1874,case_1874,bug_079,alu,and_decoded_as_or,riscv_machine_mode_rand_test,1079201,/workspace/ibex/dv/uvm/out
1875,case_1875,bug_079,alu,and_decoded_as_or,riscv_machine_mode_rand_test,1079205,/workspace/ibex/dv/uvm/out
1876,case_1876,bug_079,alu,and_decoded_as_or,riscv_machine_mode_rand_test,1079209,/workspace/ibex/dv/uvm/out
1877,case_1877,bug_079,alu,and_decoded_as_or,riscv_machine_mode_rand_test,1079213,/workspace/ibex/dv/uvm/out
1878,case_1878,bug_079,alu,and_decoded_as_or,riscv_machine_mode_rand_test,1079202,/workspace/ibex/dv/uvm/out
1879,case_1879,bug_079,alu,and_decoded_as_or,riscv_machine_mode_rand_test,1079206,/workspace/ibex/dv/uvm/out
1880,case_1880,bug_079,alu,and_decoded_as_or,riscv_machine_mode_rand_test,1079210,/workspace/ibex/dv/uvm/out
1881,case_1881,bug_079,alu,and_decoded_as_or,riscv_machine_mode_rand_test,1079214,/workspace/ibex/dv/uvm/out
1882,case_1882,bug_079,alu,and_decoded_as_or,riscv_machine_mode_rand_test,1079203,/workspace/ibex/dv/uvm/out
1883,case_1883,bug_079,alu,and_decoded_as_or,riscv_machine_mode_rand_test,1079207,/workspace/ibex/dv/uvm/out
1884,case_1884,bug_079,alu,and_decoded_as_or,riscv_machine_mode_rand_test,1079211,/workspace/ibex/dv/uvm/out
1885,case_1885,bug_079,alu,and_decoded_as_or,riscv_machine_mode_rand_test,1079215,/workspace/ibex/dv/uvm/out
1886,case_1886,bug_079,alu,and_decoded_as_or,riscv_machine_mode_rand_test,1079204,/workspace/ibex/dv/uvm/out
1887,case_1887,bug_080,alu,or_decoded_as_xor,riscv_arithmetic_basic_test,71802,/workspace/ibex/dv/uvm/out
1888,case_1888,bug_080,alu,or_decoded_as_xor,riscv_rand_instr_test,71801,/workspace/ibex/dv/uvm/out
1889,case_1889,bug_080,alu,or_decoded_as_xor,riscv_arithmetic_basic_test,980001,/workspace/ibex/dv/uvm/out
1890,case_1890,bug_080,alu,or_decoded_as_xor,riscv_arithmetic_basic_test,980003,/workspace/ibex/dv/uvm/out
1891,case_1891,bug_080,alu,or_decoded_as_xor,riscv_arithmetic_basic_test,980008,/workspace/ibex/dv/uvm/out
1892,case_1892,bug_080,alu,or_decoded_as_xor,riscv_arithmetic_basic_test,980009,/workspace/ibex/dv/uvm/out
1893,case_1893,bug_080,alu,or_decoded_as_xor,riscv_arithmetic_basic_test,980011,/workspace/ibex/dv/uvm/out
1894,case_1894,bug_080,alu,or_decoded_as_xor,riscv_arithmetic_basic_test,980013,/workspace/ibex/dv/uvm/out
1895,case_1895,bug_080,alu,or_decoded_as_xor,riscv_arithmetic_basic_test,980014,/workspace/ibex/dv/uvm/out
1896,case_1896,bug_080,alu,or_decoded_as_xor,riscv_arithmetic_basic_test,980016,/workspace/ibex/dv/uvm/out
1897,case_1897,bug_080,alu,or_decoded_as_xor,riscv_arithmetic_basic_test,980017,/workspace/ibex/dv/uvm/out
1898,case_1898,bug_080,alu,or_decoded_as_xor,riscv_arithmetic_basic_test,980020,/workspace/ibex/dv/uvm/out
1899,case_1899,bug_080,alu,or_decoded_as_xor,riscv_arithmetic_basic_test,980025,/workspace/ibex/dv/uvm/out
1900,case_1900,bug_080,alu,or_decoded_as_xor,riscv_rand_instr_test,980101,/workspace/ibex/dv/uvm/out
1901,case_1901,bug_080,alu,or_decoded_as_xor,riscv_rand_instr_test,980103,/workspace/ibex/dv/uvm/out
1902,case_1902,bug_080,alu,or_decoded_as_xor,riscv_rand_instr_test,980104,/workspace/ibex/dv/uvm/out
1903,case_1903,bug_080,alu,or_decoded_as_xor,riscv_rand_instr_test,980105,/workspace/ibex/dv/uvm/out
1904,case_1904,bug_080,alu,or_decoded_as_xor,riscv_rand_instr_test,980106,/workspace/ibex/dv/uvm/out
1905,case_1905,bug_080,alu,or_decoded_as_xor,riscv_rand_instr_test,980110,/workspace/ibex/dv/uvm/out
1906,case_1906,bug_080,alu,or_decoded_as_xor,riscv_rand_instr_test,980111,/workspace/ibex/dv/uvm/out
1907,case_1907,bug_080,alu,or_decoded_as_xor,riscv_rand_instr_test,980112,/workspace/ibex/dv/uvm/out
1908,case_1908,bug_080,alu,or_decoded_as_xor,riscv_rand_instr_test,980113,/workspace/ibex/dv/uvm/out
1909,case_1909,bug_080,alu,or_decoded_as_xor,riscv_rand_instr_test,980116,/workspace/ibex/dv/uvm/out
1910,case_1910,bug_080,alu,or_decoded_as_xor,riscv_rand_instr_test,980117,/workspace/ibex/dv/uvm/out
1911,case_1911,bug_080,alu,or_decoded_as_xor,riscv_rand_instr_test,980118,/workspace/ibex/dv/uvm/out
1912,case_1912,bug_080,alu,or_decoded_as_xor,riscv_rand_instr_test,980119,/workspace/ibex/dv/uvm/out
1913,case_1913,bug_080,alu,or_decoded_as_xor,riscv_rand_instr_test,980120,/workspace/ibex/dv/uvm/out
1914,case_1914,bug_080,alu,or_decoded_as_xor,riscv_rand_instr_test,980121,/workspace/ibex/dv/uvm/out
1915,case_1915,bug_080,alu,or_decoded_as_xor,riscv_rand_instr_test,980122,/workspace/ibex/dv/uvm/out
1916,case_1916,bug_080,alu,or_decoded_as_xor,riscv_rand_instr_test,980123,/workspace/ibex/dv/uvm/out
1917,case_1917,bug_080,alu,or_decoded_as_xor,riscv_rand_instr_test,980125,/workspace/ibex/dv/uvm/out
1918,case_1918,bug_080,alu,or_decoded_as_xor,riscv_machine_mode_rand_test,1080202,/workspace/ibex/dv/uvm/out
1919,case_1919,bug_080,alu,or_decoded_as_xor,riscv_machine_mode_rand_test,1080206,/workspace/ibex/dv/uvm/out
1920,case_1920,bug_080,alu,or_decoded_as_xor,riscv_machine_mode_rand_test,1080210,/workspace/ibex/dv/uvm/out
1921,case_1921,bug_080,alu,or_decoded_as_xor,riscv_machine_mode_rand_test,1080214,/workspace/ibex/dv/uvm/out
1922,case_1922,bug_080,alu,or_decoded_as_xor,riscv_machine_mode_rand_test,1080203,/workspace/ibex/dv/uvm/out
1923,case_1923,bug_080,alu,or_decoded_as_xor,riscv_machine_mode_rand_test,1080207,/workspace/ibex/dv/uvm/out
1924,case_1924,bug_080,alu,or_decoded_as_xor,riscv_machine_mode_rand_test,1080211,/workspace/ibex/dv/uvm/out
1925,case_1925,bug_080,alu,or_decoded_as_xor,riscv_machine_mode_rand_test,1080215,/workspace/ibex/dv/uvm/out
1926,case_1926,bug_080,alu,or_decoded_as_xor,riscv_machine_mode_rand_test,1080204,/workspace/ibex/dv/uvm/out
1927,case_1927,bug_080,alu,or_decoded_as_xor,riscv_machine_mode_rand_test,1080208,/workspace/ibex/dv/uvm/out
1928,case_1928,bug_080,alu,or_decoded_as_xor,riscv_machine_mode_rand_test,1080212,/workspace/ibex/dv/uvm/out
1929,case_1929,bug_080,alu,or_decoded_as_xor,riscv_machine_mode_rand_test,1080201,/workspace/ibex/dv/uvm/out
1930,case_1930,bug_080,alu,or_decoded_as_xor,riscv_machine_mode_rand_test,1080205,/workspace/ibex/dv/uvm/out
1931,case_1931,bug_080,alu,or_decoded_as_xor,riscv_machine_mode_rand_test,1080209,/workspace/ibex/dv/uvm/out
1932,case_1932,bug_080,alu,or_decoded_as_xor,riscv_machine_mode_rand_test,1080213,/workspace/ibex/dv/uvm/out
1933,case_1933,bug_081,alu,register_slt_sltu_swapped,riscv_arithmetic_basic_test,71811,/workspace/ibex/dv/uvm/out
1934,case_1934,bug_081,alu,register_slt_sltu_swapped,riscv_arithmetic_basic_test,71812,/workspace/ibex/dv/uvm/out
1935,case_1935,bug_081,alu,register_slt_sltu_swapped,riscv_arithmetic_basic_test,981001,/workspace/ibex/dv/uvm/out
1936,case_1936,bug_081,alu,register_slt_sltu_swapped,riscv_arithmetic_basic_test,981002,/workspace/ibex/dv/uvm/out
1937,case_1937,bug_081,alu,register_slt_sltu_swapped,riscv_arithmetic_basic_test,981004,/workspace/ibex/dv/uvm/out
1938,case_1938,bug_081,alu,register_slt_sltu_swapped,riscv_arithmetic_basic_test,981008,/workspace/ibex/dv/uvm/out
1939,case_1939,bug_081,alu,register_slt_sltu_swapped,riscv_arithmetic_basic_test,981009,/workspace/ibex/dv/uvm/out
1940,case_1940,bug_081,alu,register_slt_sltu_swapped,riscv_arithmetic_basic_test,981011,/workspace/ibex/dv/uvm/out
1941,case_1941,bug_081,alu,register_slt_sltu_swapped,riscv_arithmetic_basic_test,981013,/workspace/ibex/dv/uvm/out
1942,case_1942,bug_081,alu,register_slt_sltu_swapped,riscv_arithmetic_basic_test,981016,/workspace/ibex/dv/uvm/out
1943,case_1943,bug_081,alu,register_slt_sltu_swapped,riscv_arithmetic_basic_test,981019,/workspace/ibex/dv/uvm/out
1944,case_1944,bug_081,alu,register_slt_sltu_swapped,riscv_arithmetic_basic_test,981022,/workspace/ibex/dv/uvm/out
1945,case_1945,bug_081,alu,register_slt_sltu_swapped,riscv_arithmetic_basic_test,981025,/workspace/ibex/dv/uvm/out
1946,case_1946,bug_081,alu,register_slt_sltu_swapped,riscv_rand_instr_test,981101,/workspace/ibex/dv/uvm/out
1947,case_1947,bug_081,alu,register_slt_sltu_swapped,riscv_rand_instr_test,981102,/workspace/ibex/dv/uvm/out
1948,case_1948,bug_081,alu,register_slt_sltu_swapped,riscv_rand_instr_test,981104,/workspace/ibex/dv/uvm/out
1949,case_1949,bug_081,alu,register_slt_sltu_swapped,riscv_rand_instr_test,981105,/workspace/ibex/dv/uvm/out
1950,case_1950,bug_081,alu,register_slt_sltu_swapped,riscv_rand_instr_test,981106,/workspace/ibex/dv/uvm/out
1951,case_1951,bug_081,alu,register_slt_sltu_swapped,riscv_rand_instr_test,981107,/workspace/ibex/dv/uvm/out
1952,case_1952,bug_081,alu,register_slt_sltu_swapped,riscv_rand_instr_test,981108,/workspace/ibex/dv/uvm/out
1953,case_1953,bug_081,alu,register_slt_sltu_swapped,riscv_rand_instr_test,981109,/workspace/ibex/dv/uvm/out
1954,case_1954,bug_081,alu,register_slt_sltu_swapped,riscv_rand_instr_test,981110,/workspace/ibex/dv/uvm/out
1955,case_1955,bug_081,alu,register_slt_sltu_swapped,riscv_rand_instr_test,981111,/workspace/ibex/dv/uvm/out
1956,case_1956,bug_081,alu,register_slt_sltu_swapped,riscv_rand_instr_test,981112,/workspace/ibex/dv/uvm/out
1957,case_1957,bug_081,alu,register_slt_sltu_swapped,riscv_rand_instr_test,981113,/workspace/ibex/dv/uvm/out
1958,case_1958,bug_081,alu,register_slt_sltu_swapped,riscv_rand_instr_test,981115,/workspace/ibex/dv/uvm/out
1959,case_1959,bug_081,alu,register_slt_sltu_swapped,riscv_rand_instr_test,981118,/workspace/ibex/dv/uvm/out
1960,case_1960,bug_081,alu,register_slt_sltu_swapped,riscv_rand_instr_test,981119,/workspace/ibex/dv/uvm/out
1961,case_1961,bug_081,alu,register_slt_sltu_swapped,riscv_rand_instr_test,981120,/workspace/ibex/dv/uvm/out
1962,case_1962,bug_081,alu,register_slt_sltu_swapped,riscv_rand_instr_test,981121,/workspace/ibex/dv/uvm/out
1963,case_1963,bug_081,alu,register_slt_sltu_swapped,riscv_rand_instr_test,981122,/workspace/ibex/dv/uvm/out
1964,case_1964,bug_081,alu,register_slt_sltu_swapped,riscv_rand_instr_test,981125,/workspace/ibex/dv/uvm/out
1965,case_1965,bug_081,alu,register_slt_sltu_swapped,riscv_machine_mode_rand_test,1081203,/workspace/ibex/dv/uvm/out
1966,case_1966,bug_081,alu,register_slt_sltu_swapped,riscv_machine_mode_rand_test,1081207,/workspace/ibex/dv/uvm/out
1967,case_1967,bug_081,alu,register_slt_sltu_swapped,riscv_machine_mode_rand_test,1081211,/workspace/ibex/dv/uvm/out
1968,case_1968,bug_081,alu,register_slt_sltu_swapped,riscv_machine_mode_rand_test,1081215,/workspace/ibex/dv/uvm/out
1969,case_1969,bug_081,alu,register_slt_sltu_swapped,riscv_machine_mode_rand_test,1081204,/workspace/ibex/dv/uvm/out
1970,case_1970,bug_081,alu,register_slt_sltu_swapped,riscv_machine_mode_rand_test,1081208,/workspace/ibex/dv/uvm/out
1971,case_1971,bug_081,alu,register_slt_sltu_swapped,riscv_machine_mode_rand_test,1081212,/workspace/ibex/dv/uvm/out
1972,case_1972,bug_081,alu,register_slt_sltu_swapped,riscv_machine_mode_rand_test,1081205,/workspace/ibex/dv/uvm/out
1973,case_1973,bug_081,alu,register_slt_sltu_swapped,riscv_machine_mode_rand_test,1081209,/workspace/ibex/dv/uvm/out
1974,case_1974,bug_081,alu,register_slt_sltu_swapped,riscv_machine_mode_rand_test,1081213,/workspace/ibex/dv/uvm/out
1975,case_1975,bug_081,alu,register_slt_sltu_swapped,riscv_machine_mode_rand_test,1081202,/workspace/ibex/dv/uvm/out
1976,case_1976,bug_081,alu,register_slt_sltu_swapped,riscv_machine_mode_rand_test,1081206,/workspace/ibex/dv/uvm/out
1977,case_1977,bug_081,alu,register_slt_sltu_swapped,riscv_machine_mode_rand_test,1081210,/workspace/ibex/dv/uvm/out
1978,case_1978,bug_081,alu,register_slt_sltu_swapped,riscv_machine_mode_rand_test,1081214,/workspace/ibex/dv/uvm/out
1979,case_1979,bug_082,jump,jal_uses_branch_immediate,riscv_jump_stress_test,71821,/workspace/ibex/dv/uvm/out
1980,case_1980,bug_082,jump,jal_uses_branch_immediate,riscv_jump_stress_test,71822,/workspace/ibex/dv/uvm/out
1981,case_1981,bug_082,jump,jal_uses_branch_immediate,riscv_rand_jump_test,71822,/workspace/ibex/dv/uvm/out
1982,case_1982,bug_082,jump,jal_uses_branch_immediate,riscv_jump_stress_test,982001,/workspace/ibex/dv/uvm/out
1983,case_1983,bug_082,jump,jal_uses_branch_immediate,riscv_jump_stress_test,982002,/workspace/ibex/dv/uvm/out
1984,case_1984,bug_082,jump,jal_uses_branch_immediate,riscv_jump_stress_test,982003,/workspace/ibex/dv/uvm/out
1985,case_1985,bug_082,jump,jal_uses_branch_immediate,riscv_jump_stress_test,982004,/workspace/ibex/dv/uvm/out
1986,case_1986,bug_082,jump,jal_uses_branch_immediate,riscv_jump_stress_test,982005,/workspace/ibex/dv/uvm/out
1987,case_1987,bug_082,jump,jal_uses_branch_immediate,riscv_jump_stress_test,982007,/workspace/ibex/dv/uvm/out
1988,case_1988,bug_082,jump,jal_uses_branch_immediate,riscv_jump_stress_test,982008,/workspace/ibex/dv/uvm/out
1989,case_1989,bug_082,jump,jal_uses_branch_immediate,riscv_jump_stress_test,982009,/workspace/ibex/dv/uvm/out
1990,case_1990,bug_082,jump,jal_uses_branch_immediate,riscv_jump_stress_test,982010,/workspace/ibex/dv/uvm/out
1991,case_1991,bug_082,jump,jal_uses_branch_immediate,riscv_jump_stress_test,982011,/workspace/ibex/dv/uvm/out
1992,case_1992,bug_082,jump,jal_uses_branch_immediate,riscv_jump_stress_test,982012,/workspace/ibex/dv/uvm/out
1993,case_1993,bug_082,jump,jal_uses_branch_immediate,riscv_jump_stress_test,982014,/workspace/ibex/dv/uvm/out
1994,case_1994,bug_082,jump,jal_uses_branch_immediate,riscv_jump_stress_test,982015,/workspace/ibex/dv/uvm/out
1995,case_1995,bug_082,jump,jal_uses_branch_immediate,riscv_jump_stress_test,982016,/workspace/ibex/dv/uvm/out
1996,case_1996,bug_082,jump,jal_uses_branch_immediate,riscv_jump_stress_test,982017,/workspace/ibex/dv/uvm/out
1997,case_1997,bug_082,jump,jal_uses_branch_immediate,riscv_jump_stress_test,982019,/workspace/ibex/dv/uvm/out
1998,case_1998,bug_082,jump,jal_uses_branch_immediate,riscv_jump_stress_test,982020,/workspace/ibex/dv/uvm/out
1999,case_1999,bug_082,jump,jal_uses_branch_immediate,riscv_jump_stress_test,982021,/workspace/ibex/dv/uvm/out
2000,case_2000,bug_082,jump,jal_uses_branch_immediate,riscv_jump_stress_test,982022,/workspace/ibex/dv/uvm/out
2001,case_2001,bug_082,jump,jal_uses_branch_immediate,riscv_jump_stress_test,982023,/workspace/ibex/dv/uvm/out
2002,case_2002,bug_082,jump,jal_uses_branch_immediate,riscv_jump_stress_test,982024,/workspace/ibex/dv/uvm/out
2003,case_2003,bug_082,jump,jal_uses_branch_immediate,riscv_jump_stress_test,982025,/workspace/ibex/dv/uvm/out
2004,case_2004,bug_082,jump,jal_uses_branch_immediate,riscv_rand_jump_test,982101,/workspace/ibex/dv/uvm/out
2005,case_2005,bug_082,jump,jal_uses_branch_immediate,riscv_rand_jump_test,982102,/workspace/ibex/dv/uvm/out
2006,case_2006,bug_082,jump,jal_uses_branch_immediate,riscv_rand_jump_test,982104,/workspace/ibex/dv/uvm/out
2007,case_2007,bug_082,jump,jal_uses_branch_immediate,riscv_rand_jump_test,982105,/workspace/ibex/dv/uvm/out
2008,case_2008,bug_082,jump,jal_uses_branch_immediate,riscv_rand_jump_test,982106,/workspace/ibex/dv/uvm/out
2009,case_2009,bug_082,jump,jal_uses_branch_immediate,riscv_rand_jump_test,982107,/workspace/ibex/dv/uvm/out
2010,case_2010,bug_082,jump,jal_uses_branch_immediate,riscv_rand_jump_test,982109,/workspace/ibex/dv/uvm/out
2011,case_2011,bug_082,jump,jal_uses_branch_immediate,riscv_rand_jump_test,982110,/workspace/ibex/dv/uvm/out
2012,case_2012,bug_082,jump,jal_uses_branch_immediate,riscv_rand_jump_test,982111,/workspace/ibex/dv/uvm/out
2013,case_2013,bug_082,jump,jal_uses_branch_immediate,riscv_rand_jump_test,982112,/workspace/ibex/dv/uvm/out
2014,case_2014,bug_082,jump,jal_uses_branch_immediate,riscv_rand_jump_test,982113,/workspace/ibex/dv/uvm/out
2015,case_2015,bug_082,jump,jal_uses_branch_immediate,riscv_rand_jump_test,982114,/workspace/ibex/dv/uvm/out
2016,case_2016,bug_082,jump,jal_uses_branch_immediate,riscv_rand_jump_test,982116,/workspace/ibex/dv/uvm/out
2017,case_2017,bug_082,jump,jal_uses_branch_immediate,riscv_rand_jump_test,982118,/workspace/ibex/dv/uvm/out
2018,case_2018,bug_082,jump,jal_uses_branch_immediate,riscv_rand_jump_test,982119,/workspace/ibex/dv/uvm/out
2019,case_2019,bug_082,jump,jal_uses_branch_immediate,riscv_rand_jump_test,982120,/workspace/ibex/dv/uvm/out
2020,case_2020,bug_082,jump,jal_uses_branch_immediate,riscv_rand_jump_test,982121,/workspace/ibex/dv/uvm/out
2021,case_2021,bug_082,jump,jal_uses_branch_immediate,riscv_rand_jump_test,982122,/workspace/ibex/dv/uvm/out
2022,case_2022,bug_082,jump,jal_uses_branch_immediate,riscv_rand_jump_test,982123,/workspace/ibex/dv/uvm/out
2023,case_2023,bug_082,jump,jal_uses_branch_immediate,riscv_rand_jump_test,982124,/workspace/ibex/dv/uvm/out
2024,case_2024,bug_082,jump,jal_uses_branch_immediate,riscv_rand_jump_test,982125,/workspace/ibex/dv/uvm/out
2025,case_2025,bug_083,branch,branch_target_uses_jump_immediate,riscv_jump_stress_test,71831,/workspace/ibex/dv/uvm/out
2026,case_2026,bug_083,branch,branch_target_uses_jump_immediate,riscv_jump_stress_test,71832,/workspace/ibex/dv/uvm/out
2027,case_2027,bug_083,branch,branch_target_uses_jump_immediate,riscv_rand_jump_test,71831,/workspace/ibex/dv/uvm/out
2028,case_2028,bug_083,branch,branch_target_uses_jump_immediate,riscv_rand_jump_test,71832,/workspace/ibex/dv/uvm/out
2029,case_2029,bug_083,branch,branch_target_uses_jump_immediate,riscv_jump_stress_test,983001,/workspace/ibex/dv/uvm/out
2030,case_2030,bug_083,branch,branch_target_uses_jump_immediate,riscv_jump_stress_test,983002,/workspace/ibex/dv/uvm/out
2031,case_2031,bug_083,branch,branch_target_uses_jump_immediate,riscv_jump_stress_test,983004,/workspace/ibex/dv/uvm/out
2032,case_2032,bug_083,branch,branch_target_uses_jump_immediate,riscv_jump_stress_test,983006,/workspace/ibex/dv/uvm/out
2033,case_2033,bug_083,branch,branch_target_uses_jump_immediate,riscv_jump_stress_test,983007,/workspace/ibex/dv/uvm/out
2034,case_2034,bug_083,branch,branch_target_uses_jump_immediate,riscv_jump_stress_test,983009,/workspace/ibex/dv/uvm/out
2035,case_2035,bug_083,branch,branch_target_uses_jump_immediate,riscv_jump_stress_test,983010,/workspace/ibex/dv/uvm/out
2036,case_2036,bug_083,branch,branch_target_uses_jump_immediate,riscv_jump_stress_test,983011,/workspace/ibex/dv/uvm/out
2037,case_2037,bug_083,branch,branch_target_uses_jump_immediate,riscv_jump_stress_test,983012,/workspace/ibex/dv/uvm/out
2038,case_2038,bug_083,branch,branch_target_uses_jump_immediate,riscv_jump_stress_test,983013,/workspace/ibex/dv/uvm/out
2039,case_2039,bug_083,branch,branch_target_uses_jump_immediate,riscv_jump_stress_test,983014,/workspace/ibex/dv/uvm/out
2040,case_2040,bug_083,branch,branch_target_uses_jump_immediate,riscv_jump_stress_test,983015,/workspace/ibex/dv/uvm/out
2041,case_2041,bug_083,branch,branch_target_uses_jump_immediate,riscv_jump_stress_test,983017,/workspace/ibex/dv/uvm/out
2042,case_2042,bug_083,branch,branch_target_uses_jump_immediate,riscv_jump_stress_test,983018,/workspace/ibex/dv/uvm/out
2043,case_2043,bug_083,branch,branch_target_uses_jump_immediate,riscv_jump_stress_test,983019,/workspace/ibex/dv/uvm/out
2044,case_2044,bug_083,branch,branch_target_uses_jump_immediate,riscv_jump_stress_test,983020,/workspace/ibex/dv/uvm/out
2045,case_2045,bug_083,branch,branch_target_uses_jump_immediate,riscv_jump_stress_test,983021,/workspace/ibex/dv/uvm/out
2046,case_2046,bug_083,branch,branch_target_uses_jump_immediate,riscv_jump_stress_test,983022,/workspace/ibex/dv/uvm/out
2047,case_2047,bug_083,branch,branch_target_uses_jump_immediate,riscv_jump_stress_test,983023,/workspace/ibex/dv/uvm/out
2048,case_2048,bug_083,branch,branch_target_uses_jump_immediate,riscv_jump_stress_test,983024,/workspace/ibex/dv/uvm/out
2049,case_2049,bug_083,branch,branch_target_uses_jump_immediate,riscv_jump_stress_test,983025,/workspace/ibex/dv/uvm/out
2050,case_2050,bug_083,branch,branch_target_uses_jump_immediate,riscv_rand_jump_test,983102,/workspace/ibex/dv/uvm/out
2051,case_2051,bug_083,branch,branch_target_uses_jump_immediate,riscv_rand_jump_test,983103,/workspace/ibex/dv/uvm/out
2052,case_2052,bug_083,branch,branch_target_uses_jump_immediate,riscv_rand_jump_test,983104,/workspace/ibex/dv/uvm/out
2053,case_2053,bug_083,branch,branch_target_uses_jump_immediate,riscv_rand_jump_test,983105,/workspace/ibex/dv/uvm/out
2054,case_2054,bug_083,branch,branch_target_uses_jump_immediate,riscv_rand_jump_test,983107,/workspace/ibex/dv/uvm/out
2055,case_2055,bug_083,branch,branch_target_uses_jump_immediate,riscv_rand_jump_test,983108,/workspace/ibex/dv/uvm/out
2056,case_2056,bug_083,branch,branch_target_uses_jump_immediate,riscv_rand_jump_test,983109,/workspace/ibex/dv/uvm/out
2057,case_2057,bug_083,branch,branch_target_uses_jump_immediate,riscv_rand_jump_test,983110,/workspace/ibex/dv/uvm/out
2058,case_2058,bug_083,branch,branch_target_uses_jump_immediate,riscv_rand_jump_test,983111,/workspace/ibex/dv/uvm/out
2059,case_2059,bug_083,branch,branch_target_uses_jump_immediate,riscv_rand_jump_test,983112,/workspace/ibex/dv/uvm/out
2060,case_2060,bug_083,branch,branch_target_uses_jump_immediate,riscv_rand_jump_test,983113,/workspace/ibex/dv/uvm/out
2061,case_2061,bug_083,branch,branch_target_uses_jump_immediate,riscv_rand_jump_test,983114,/workspace/ibex/dv/uvm/out
2062,case_2062,bug_083,branch,branch_target_uses_jump_immediate,riscv_rand_jump_test,983115,/workspace/ibex/dv/uvm/out
2063,case_2063,bug_083,branch,branch_target_uses_jump_immediate,riscv_rand_jump_test,983116,/workspace/ibex/dv/uvm/out
2064,case_2064,bug_083,branch,branch_target_uses_jump_immediate,riscv_rand_jump_test,983117,/workspace/ibex/dv/uvm/out
2065,case_2065,bug_083,branch,branch_target_uses_jump_immediate,riscv_rand_jump_test,983118,/workspace/ibex/dv/uvm/out
2066,case_2066,bug_083,branch,branch_target_uses_jump_immediate,riscv_rand_jump_test,983121,/workspace/ibex/dv/uvm/out
2067,case_2067,bug_083,branch,branch_target_uses_jump_immediate,riscv_rand_jump_test,983122,/workspace/ibex/dv/uvm/out
2068,case_2068,bug_083,branch,branch_target_uses_jump_immediate,riscv_rand_jump_test,983123,/workspace/ibex/dv/uvm/out
2069,case_2069,bug_083,branch,branch_target_uses_jump_immediate,riscv_rand_jump_test,983124,/workspace/ibex/dv/uvm/out
2070,case_2070,bug_083,branch,branch_target_uses_jump_immediate,riscv_rand_jump_test,983125,/workspace/ibex/dv/uvm/out
2071,case_2071,bug_084,upper_immediate,lui_incorrectly_adds_current_pc,riscv_arithmetic_basic_test,71841,/workspace/ibex/dv/uvm/out
2072,case_2072,bug_084,upper_immediate,lui_incorrectly_adds_current_pc,riscv_arithmetic_basic_test,71842,/workspace/ibex/dv/uvm/out
2073,case_2073,bug_084,upper_immediate,lui_incorrectly_adds_current_pc,riscv_rand_instr_test,71841,/workspace/ibex/dv/uvm/out
2074,case_2074,bug_084,upper_immediate,lui_incorrectly_adds_current_pc,riscv_rand_instr_test,71842,/workspace/ibex/dv/uvm/out
2075,case_2075,bug_084,upper_immediate,lui_incorrectly_adds_current_pc,riscv_arithmetic_basic_test,984001,/workspace/ibex/dv/uvm/out
2076,case_2076,bug_084,upper_immediate,lui_incorrectly_adds_current_pc,riscv_arithmetic_basic_test,984002,/workspace/ibex/dv/uvm/out
2077,case_2077,bug_084,upper_immediate,lui_incorrectly_adds_current_pc,riscv_arithmetic_basic_test,984003,/workspace/ibex/dv/uvm/out
2078,case_2078,bug_084,upper_immediate,lui_incorrectly_adds_current_pc,riscv_arithmetic_basic_test,984004,/workspace/ibex/dv/uvm/out
2079,case_2079,bug_084,upper_immediate,lui_incorrectly_adds_current_pc,riscv_arithmetic_basic_test,984005,/workspace/ibex/dv/uvm/out
2080,case_2080,bug_084,upper_immediate,lui_incorrectly_adds_current_pc,riscv_arithmetic_basic_test,984007,/workspace/ibex/dv/uvm/out
2081,case_2081,bug_084,upper_immediate,lui_incorrectly_adds_current_pc,riscv_arithmetic_basic_test,984008,/workspace/ibex/dv/uvm/out
2082,case_2082,bug_084,upper_immediate,lui_incorrectly_adds_current_pc,riscv_arithmetic_basic_test,984009,/workspace/ibex/dv/uvm/out
2083,case_2083,bug_084,upper_immediate,lui_incorrectly_adds_current_pc,riscv_arithmetic_basic_test,984011,/workspace/ibex/dv/uvm/out
2084,case_2084,bug_084,upper_immediate,lui_incorrectly_adds_current_pc,riscv_arithmetic_basic_test,984013,/workspace/ibex/dv/uvm/out
2085,case_2085,bug_084,upper_immediate,lui_incorrectly_adds_current_pc,riscv_arithmetic_basic_test,984014,/workspace/ibex/dv/uvm/out
2086,case_2086,bug_084,upper_immediate,lui_incorrectly_adds_current_pc,riscv_arithmetic_basic_test,984016,/workspace/ibex/dv/uvm/out
2087,case_2087,bug_084,upper_immediate,lui_incorrectly_adds_current_pc,riscv_arithmetic_basic_test,984017,/workspace/ibex/dv/uvm/out
2088,case_2088,bug_084,upper_immediate,lui_incorrectly_adds_current_pc,riscv_arithmetic_basic_test,984018,/workspace/ibex/dv/uvm/out
2089,case_2089,bug_084,upper_immediate,lui_incorrectly_adds_current_pc,riscv_arithmetic_basic_test,984019,/workspace/ibex/dv/uvm/out
2090,case_2090,bug_084,upper_immediate,lui_incorrectly_adds_current_pc,riscv_arithmetic_basic_test,984020,/workspace/ibex/dv/uvm/out
2091,case_2091,bug_084,upper_immediate,lui_incorrectly_adds_current_pc,riscv_arithmetic_basic_test,984022,/workspace/ibex/dv/uvm/out
2092,case_2092,bug_084,upper_immediate,lui_incorrectly_adds_current_pc,riscv_arithmetic_basic_test,984023,/workspace/ibex/dv/uvm/out
2093,case_2093,bug_084,upper_immediate,lui_incorrectly_adds_current_pc,riscv_arithmetic_basic_test,984024,/workspace/ibex/dv/uvm/out
2094,case_2094,bug_084,upper_immediate,lui_incorrectly_adds_current_pc,riscv_arithmetic_basic_test,984025,/workspace/ibex/dv/uvm/out
2095,case_2095,bug_084,upper_immediate,lui_incorrectly_adds_current_pc,riscv_rand_instr_test,984101,/workspace/ibex/dv/uvm/out
2096,case_2096,bug_084,upper_immediate,lui_incorrectly_adds_current_pc,riscv_rand_instr_test,984102,/workspace/ibex/dv/uvm/out
2097,case_2097,bug_084,upper_immediate,lui_incorrectly_adds_current_pc,riscv_rand_instr_test,984104,/workspace/ibex/dv/uvm/out
2098,case_2098,bug_084,upper_immediate,lui_incorrectly_adds_current_pc,riscv_rand_instr_test,984105,/workspace/ibex/dv/uvm/out
2099,case_2099,bug_084,upper_immediate,lui_incorrectly_adds_current_pc,riscv_rand_instr_test,984106,/workspace/ibex/dv/uvm/out
2100,case_2100,bug_084,upper_immediate,lui_incorrectly_adds_current_pc,riscv_rand_instr_test,984108,/workspace/ibex/dv/uvm/out
2101,case_2101,bug_084,upper_immediate,lui_incorrectly_adds_current_pc,riscv_rand_instr_test,984109,/workspace/ibex/dv/uvm/out
2102,case_2102,bug_084,upper_immediate,lui_incorrectly_adds_current_pc,riscv_rand_instr_test,984110,/workspace/ibex/dv/uvm/out
2103,case_2103,bug_084,upper_immediate,lui_incorrectly_adds_current_pc,riscv_rand_instr_test,984111,/workspace/ibex/dv/uvm/out
2104,case_2104,bug_084,upper_immediate,lui_incorrectly_adds_current_pc,riscv_rand_instr_test,984112,/workspace/ibex/dv/uvm/out
2105,case_2105,bug_084,upper_immediate,lui_incorrectly_adds_current_pc,riscv_rand_instr_test,984113,/workspace/ibex/dv/uvm/out
2106,case_2106,bug_084,upper_immediate,lui_incorrectly_adds_current_pc,riscv_rand_instr_test,984114,/workspace/ibex/dv/uvm/out
2107,case_2107,bug_084,upper_immediate,lui_incorrectly_adds_current_pc,riscv_rand_instr_test,984116,/workspace/ibex/dv/uvm/out
2108,case_2108,bug_084,upper_immediate,lui_incorrectly_adds_current_pc,riscv_rand_instr_test,984117,/workspace/ibex/dv/uvm/out
2109,case_2109,bug_084,upper_immediate,lui_incorrectly_adds_current_pc,riscv_rand_instr_test,984118,/workspace/ibex/dv/uvm/out
2110,case_2110,bug_084,upper_immediate,lui_incorrectly_adds_current_pc,riscv_rand_instr_test,984119,/workspace/ibex/dv/uvm/out
2111,case_2111,bug_084,upper_immediate,lui_incorrectly_adds_current_pc,riscv_rand_instr_test,984120,/workspace/ibex/dv/uvm/out
2112,case_2112,bug_084,upper_immediate,lui_incorrectly_adds_current_pc,riscv_rand_instr_test,984121,/workspace/ibex/dv/uvm/out
2113,case_2113,bug_084,upper_immediate,lui_incorrectly_adds_current_pc,riscv_rand_instr_test,984122,/workspace/ibex/dv/uvm/out
2114,case_2114,bug_084,upper_immediate,lui_incorrectly_adds_current_pc,riscv_rand_instr_test,984123,/workspace/ibex/dv/uvm/out
2115,case_2115,bug_084,upper_immediate,lui_incorrectly_adds_current_pc,riscv_rand_instr_test,984124,/workspace/ibex/dv/uvm/out
2116,case_2116,bug_084,upper_immediate,lui_incorrectly_adds_current_pc,riscv_rand_instr_test,984125,/workspace/ibex/dv/uvm/out
2117,case_2117,bug_085,upper_immediate,auipc_drops_current_pc,riscv_arithmetic_basic_test,71851,/workspace/ibex/dv/uvm/out
2118,case_2118,bug_085,upper_immediate,auipc_drops_current_pc,riscv_arithmetic_basic_test,71852,/workspace/ibex/dv/uvm/out
2119,case_2119,bug_085,upper_immediate,auipc_drops_current_pc,riscv_rand_instr_test,71851,/workspace/ibex/dv/uvm/out
2120,case_2120,bug_085,upper_immediate,auipc_drops_current_pc,riscv_rand_instr_test,71852,/workspace/ibex/dv/uvm/out
2121,case_2121,bug_085,upper_immediate,auipc_drops_current_pc,riscv_arithmetic_basic_test,985002,/workspace/ibex/dv/uvm/out
2122,case_2122,bug_085,upper_immediate,auipc_drops_current_pc,riscv_arithmetic_basic_test,985003,/workspace/ibex/dv/uvm/out
2123,case_2123,bug_085,upper_immediate,auipc_drops_current_pc,riscv_arithmetic_basic_test,985005,/workspace/ibex/dv/uvm/out
2124,case_2124,bug_085,upper_immediate,auipc_drops_current_pc,riscv_arithmetic_basic_test,985006,/workspace/ibex/dv/uvm/out
2125,case_2125,bug_085,upper_immediate,auipc_drops_current_pc,riscv_arithmetic_basic_test,985007,/workspace/ibex/dv/uvm/out
2126,case_2126,bug_085,upper_immediate,auipc_drops_current_pc,riscv_arithmetic_basic_test,985011,/workspace/ibex/dv/uvm/out
2127,case_2127,bug_085,upper_immediate,auipc_drops_current_pc,riscv_arithmetic_basic_test,985013,/workspace/ibex/dv/uvm/out
2128,case_2128,bug_085,upper_immediate,auipc_drops_current_pc,riscv_arithmetic_basic_test,985014,/workspace/ibex/dv/uvm/out
2129,case_2129,bug_085,upper_immediate,auipc_drops_current_pc,riscv_arithmetic_basic_test,985016,/workspace/ibex/dv/uvm/out
2130,case_2130,bug_085,upper_immediate,auipc_drops_current_pc,riscv_arithmetic_basic_test,985017,/workspace/ibex/dv/uvm/out
2131,case_2131,bug_085,upper_immediate,auipc_drops_current_pc,riscv_arithmetic_basic_test,985018,/workspace/ibex/dv/uvm/out
2132,case_2132,bug_085,upper_immediate,auipc_drops_current_pc,riscv_arithmetic_basic_test,985019,/workspace/ibex/dv/uvm/out
2133,case_2133,bug_085,upper_immediate,auipc_drops_current_pc,riscv_arithmetic_basic_test,985020,/workspace/ibex/dv/uvm/out
2134,case_2134,bug_085,upper_immediate,auipc_drops_current_pc,riscv_arithmetic_basic_test,985021,/workspace/ibex/dv/uvm/out
2135,case_2135,bug_085,upper_immediate,auipc_drops_current_pc,riscv_arithmetic_basic_test,985022,/workspace/ibex/dv/uvm/out
2136,case_2136,bug_085,upper_immediate,auipc_drops_current_pc,riscv_arithmetic_basic_test,985023,/workspace/ibex/dv/uvm/out
2137,case_2137,bug_085,upper_immediate,auipc_drops_current_pc,riscv_arithmetic_basic_test,985024,/workspace/ibex/dv/uvm/out
2138,case_2138,bug_085,upper_immediate,auipc_drops_current_pc,riscv_arithmetic_basic_test,985025,/workspace/ibex/dv/uvm/out
2139,case_2139,bug_085,upper_immediate,auipc_drops_current_pc,riscv_rand_instr_test,985101,/workspace/ibex/dv/uvm/out
2140,case_2140,bug_085,upper_immediate,auipc_drops_current_pc,riscv_rand_instr_test,985102,/workspace/ibex/dv/uvm/out
2141,case_2141,bug_085,upper_immediate,auipc_drops_current_pc,riscv_rand_instr_test,985103,/workspace/ibex/dv/uvm/out
2142,case_2142,bug_085,upper_immediate,auipc_drops_current_pc,riscv_rand_instr_test,985104,/workspace/ibex/dv/uvm/out
2143,case_2143,bug_085,upper_immediate,auipc_drops_current_pc,riscv_rand_instr_test,985105,/workspace/ibex/dv/uvm/out
2144,case_2144,bug_085,upper_immediate,auipc_drops_current_pc,riscv_rand_instr_test,985106,/workspace/ibex/dv/uvm/out
2145,case_2145,bug_085,upper_immediate,auipc_drops_current_pc,riscv_rand_instr_test,985107,/workspace/ibex/dv/uvm/out
2146,case_2146,bug_085,upper_immediate,auipc_drops_current_pc,riscv_rand_instr_test,985108,/workspace/ibex/dv/uvm/out
2147,case_2147,bug_085,upper_immediate,auipc_drops_current_pc,riscv_rand_instr_test,985109,/workspace/ibex/dv/uvm/out
2148,case_2148,bug_085,upper_immediate,auipc_drops_current_pc,riscv_rand_instr_test,985110,/workspace/ibex/dv/uvm/out
2149,case_2149,bug_085,upper_immediate,auipc_drops_current_pc,riscv_rand_instr_test,985111,/workspace/ibex/dv/uvm/out
2150,case_2150,bug_085,upper_immediate,auipc_drops_current_pc,riscv_rand_instr_test,985112,/workspace/ibex/dv/uvm/out
2151,case_2151,bug_085,upper_immediate,auipc_drops_current_pc,riscv_rand_instr_test,985113,/workspace/ibex/dv/uvm/out
2152,case_2152,bug_085,upper_immediate,auipc_drops_current_pc,riscv_rand_instr_test,985114,/workspace/ibex/dv/uvm/out
2153,case_2153,bug_085,upper_immediate,auipc_drops_current_pc,riscv_rand_instr_test,985115,/workspace/ibex/dv/uvm/out
2154,case_2154,bug_085,upper_immediate,auipc_drops_current_pc,riscv_rand_instr_test,985116,/workspace/ibex/dv/uvm/out
2155,case_2155,bug_085,upper_immediate,auipc_drops_current_pc,riscv_rand_instr_test,985117,/workspace/ibex/dv/uvm/out
2156,case_2156,bug_085,upper_immediate,auipc_drops_current_pc,riscv_rand_instr_test,985118,/workspace/ibex/dv/uvm/out
2157,case_2157,bug_085,upper_immediate,auipc_drops_current_pc,riscv_rand_instr_test,985119,/workspace/ibex/dv/uvm/out
2158,case_2158,bug_085,upper_immediate,auipc_drops_current_pc,riscv_rand_instr_test,985120,/workspace/ibex/dv/uvm/out
2159,case_2159,bug_085,upper_immediate,auipc_drops_current_pc,riscv_rand_instr_test,985121,/workspace/ibex/dv/uvm/out
2160,case_2160,bug_085,upper_immediate,auipc_drops_current_pc,riscv_rand_instr_test,985122,/workspace/ibex/dv/uvm/out
2161,case_2161,bug_085,upper_immediate,auipc_drops_current_pc,riscv_rand_instr_test,985123,/workspace/ibex/dv/uvm/out
2162,case_2162,bug_085,upper_immediate,auipc_drops_current_pc,riscv_rand_instr_test,985124,/workspace/ibex/dv/uvm/out
2163,case_2163,bug_086,load_store,store_halfword_decoded_as_byte,riscv_rand_instr_test,71861,/workspace/ibex/dv/uvm/out
2164,case_2164,bug_086,load_store,store_halfword_decoded_as_byte,riscv_rand_instr_test,71862,/workspace/ibex/dv/uvm/out
2165,case_2165,bug_086,load_store,store_halfword_decoded_as_byte,riscv_unaligned_load_store_test,71862,/workspace/ibex/dv/uvm/out
2166,case_2166,bug_086,load_store,store_halfword_decoded_as_byte,riscv_rand_instr_test,986001,/workspace/ibex/dv/uvm/out
2167,case_2167,bug_086,load_store,store_halfword_decoded_as_byte,riscv_rand_instr_test,986002,/workspace/ibex/dv/uvm/out
2168,case_2168,bug_086,load_store,store_halfword_decoded_as_byte,riscv_rand_instr_test,986003,/workspace/ibex/dv/uvm/out
2169,case_2169,bug_086,load_store,store_halfword_decoded_as_byte,riscv_rand_instr_test,986004,/workspace/ibex/dv/uvm/out
2170,case_2170,bug_086,load_store,store_halfword_decoded_as_byte,riscv_rand_instr_test,986005,/workspace/ibex/dv/uvm/out
2171,case_2171,bug_086,load_store,store_halfword_decoded_as_byte,riscv_rand_instr_test,986006,/workspace/ibex/dv/uvm/out
2172,case_2172,bug_086,load_store,store_halfword_decoded_as_byte,riscv_rand_instr_test,986007,/workspace/ibex/dv/uvm/out
2173,case_2173,bug_086,load_store,store_halfword_decoded_as_byte,riscv_rand_instr_test,986008,/workspace/ibex/dv/uvm/out
2174,case_2174,bug_086,load_store,store_halfword_decoded_as_byte,riscv_rand_instr_test,986009,/workspace/ibex/dv/uvm/out
2175,case_2175,bug_086,load_store,store_halfword_decoded_as_byte,riscv_rand_instr_test,986010,/workspace/ibex/dv/uvm/out
2176,case_2176,bug_086,load_store,store_halfword_decoded_as_byte,riscv_rand_instr_test,986011,/workspace/ibex/dv/uvm/out
2177,case_2177,bug_086,load_store,store_halfword_decoded_as_byte,riscv_rand_instr_test,986012,/workspace/ibex/dv/uvm/out
2178,case_2178,bug_086,load_store,store_halfword_decoded_as_byte,riscv_rand_instr_test,986013,/workspace/ibex/dv/uvm/out
2179,case_2179,bug_086,load_store,store_halfword_decoded_as_byte,riscv_rand_instr_test,986014,/workspace/ibex/dv/uvm/out
2180,case_2180,bug_086,load_store,store_halfword_decoded_as_byte,riscv_rand_instr_test,986015,/workspace/ibex/dv/uvm/out
2181,case_2181,bug_086,load_store,store_halfword_decoded_as_byte,riscv_rand_instr_test,986016,/workspace/ibex/dv/uvm/out
2182,case_2182,bug_086,load_store,store_halfword_decoded_as_byte,riscv_rand_instr_test,986017,/workspace/ibex/dv/uvm/out
2183,case_2183,bug_086,load_store,store_halfword_decoded_as_byte,riscv_rand_instr_test,986018,/workspace/ibex/dv/uvm/out
2184,case_2184,bug_086,load_store,store_halfword_decoded_as_byte,riscv_rand_instr_test,986019,/workspace/ibex/dv/uvm/out
2185,case_2185,bug_086,load_store,store_halfword_decoded_as_byte,riscv_rand_instr_test,986020,/workspace/ibex/dv/uvm/out
2186,case_2186,bug_086,load_store,store_halfword_decoded_as_byte,riscv_rand_instr_test,986022,/workspace/ibex/dv/uvm/out
2187,case_2187,bug_086,load_store,store_halfword_decoded_as_byte,riscv_rand_instr_test,986023,/workspace/ibex/dv/uvm/out
2188,case_2188,bug_086,load_store,store_halfword_decoded_as_byte,riscv_rand_instr_test,986024,/workspace/ibex/dv/uvm/out
2189,case_2189,bug_086,load_store,store_halfword_decoded_as_byte,riscv_rand_instr_test,986025,/workspace/ibex/dv/uvm/out
2190,case_2190,bug_086,load_store,store_halfword_decoded_as_byte,riscv_unaligned_load_store_test,986101,/workspace/ibex/dv/uvm/out
2191,case_2191,bug_086,load_store,store_halfword_decoded_as_byte,riscv_unaligned_load_store_test,986103,/workspace/ibex/dv/uvm/out
2192,case_2192,bug_086,load_store,store_halfword_decoded_as_byte,riscv_unaligned_load_store_test,986106,/workspace/ibex/dv/uvm/out
2193,case_2193,bug_086,load_store,store_halfword_decoded_as_byte,riscv_unaligned_load_store_test,986107,/workspace/ibex/dv/uvm/out
2194,case_2194,bug_086,load_store,store_halfword_decoded_as_byte,riscv_unaligned_load_store_test,986108,/workspace/ibex/dv/uvm/out
2195,case_2195,bug_086,load_store,store_halfword_decoded_as_byte,riscv_unaligned_load_store_test,986109,/workspace/ibex/dv/uvm/out
2196,case_2196,bug_086,load_store,store_halfword_decoded_as_byte,riscv_unaligned_load_store_test,986110,/workspace/ibex/dv/uvm/out
2197,case_2197,bug_086,load_store,store_halfword_decoded_as_byte,riscv_unaligned_load_store_test,986111,/workspace/ibex/dv/uvm/out
2198,case_2198,bug_086,load_store,store_halfword_decoded_as_byte,riscv_unaligned_load_store_test,986113,/workspace/ibex/dv/uvm/out
2199,case_2199,bug_086,load_store,store_halfword_decoded_as_byte,riscv_unaligned_load_store_test,986114,/workspace/ibex/dv/uvm/out
2200,case_2200,bug_086,load_store,store_halfword_decoded_as_byte,riscv_unaligned_load_store_test,986115,/workspace/ibex/dv/uvm/out
2201,case_2201,bug_086,load_store,store_halfword_decoded_as_byte,riscv_unaligned_load_store_test,986116,/workspace/ibex/dv/uvm/out
2202,case_2202,bug_086,load_store,store_halfword_decoded_as_byte,riscv_unaligned_load_store_test,986117,/workspace/ibex/dv/uvm/out
2203,case_2203,bug_086,load_store,store_halfword_decoded_as_byte,riscv_unaligned_load_store_test,986118,/workspace/ibex/dv/uvm/out
2204,case_2204,bug_086,load_store,store_halfword_decoded_as_byte,riscv_unaligned_load_store_test,986119,/workspace/ibex/dv/uvm/out
2205,case_2205,bug_086,load_store,store_halfword_decoded_as_byte,riscv_unaligned_load_store_test,986120,/workspace/ibex/dv/uvm/out
2206,case_2206,bug_086,load_store,store_halfword_decoded_as_byte,riscv_unaligned_load_store_test,986121,/workspace/ibex/dv/uvm/out
2207,case_2207,bug_086,load_store,store_halfword_decoded_as_byte,riscv_unaligned_load_store_test,986122,/workspace/ibex/dv/uvm/out
2208,case_2208,bug_086,load_store,store_halfword_decoded_as_byte,riscv_unaligned_load_store_test,986124,/workspace/ibex/dv/uvm/out
2209,case_2209,bug_087,load_store,load_halfword_decoded_as_byte,riscv_rand_instr_test,71871,/workspace/ibex/dv/uvm/out
2210,case_2210,bug_087,load_store,load_halfword_decoded_as_byte,riscv_rand_instr_test,71872,/workspace/ibex/dv/uvm/out
2211,case_2211,bug_087,load_store,load_halfword_decoded_as_byte,riscv_unaligned_load_store_test,71872,/workspace/ibex/dv/uvm/out
2212,case_2212,bug_087,load_store,load_halfword_decoded_as_byte,riscv_rand_instr_test,987001,/workspace/ibex/dv/uvm/out
2213,case_2213,bug_087,load_store,load_halfword_decoded_as_byte,riscv_rand_instr_test,987002,/workspace/ibex/dv/uvm/out
2214,case_2214,bug_087,load_store,load_halfword_decoded_as_byte,riscv_rand_instr_test,987003,/workspace/ibex/dv/uvm/out
2215,case_2215,bug_087,load_store,load_halfword_decoded_as_byte,riscv_rand_instr_test,987004,/workspace/ibex/dv/uvm/out
2216,case_2216,bug_087,load_store,load_halfword_decoded_as_byte,riscv_rand_instr_test,987005,/workspace/ibex/dv/uvm/out
2217,case_2217,bug_087,load_store,load_halfword_decoded_as_byte,riscv_rand_instr_test,987006,/workspace/ibex/dv/uvm/out
2218,case_2218,bug_087,load_store,load_halfword_decoded_as_byte,riscv_rand_instr_test,987007,/workspace/ibex/dv/uvm/out
2219,case_2219,bug_087,load_store,load_halfword_decoded_as_byte,riscv_rand_instr_test,987008,/workspace/ibex/dv/uvm/out
2220,case_2220,bug_087,load_store,load_halfword_decoded_as_byte,riscv_rand_instr_test,987009,/workspace/ibex/dv/uvm/out
2221,case_2221,bug_087,load_store,load_halfword_decoded_as_byte,riscv_rand_instr_test,987010,/workspace/ibex/dv/uvm/out
2222,case_2222,bug_087,load_store,load_halfword_decoded_as_byte,riscv_rand_instr_test,987011,/workspace/ibex/dv/uvm/out
2223,case_2223,bug_087,load_store,load_halfword_decoded_as_byte,riscv_rand_instr_test,987012,/workspace/ibex/dv/uvm/out
2224,case_2224,bug_087,load_store,load_halfword_decoded_as_byte,riscv_rand_instr_test,987014,/workspace/ibex/dv/uvm/out
2225,case_2225,bug_087,load_store,load_halfword_decoded_as_byte,riscv_rand_instr_test,987015,/workspace/ibex/dv/uvm/out
2226,case_2226,bug_087,load_store,load_halfword_decoded_as_byte,riscv_rand_instr_test,987016,/workspace/ibex/dv/uvm/out
2227,case_2227,bug_087,load_store,load_halfword_decoded_as_byte,riscv_rand_instr_test,987017,/workspace/ibex/dv/uvm/out
2228,case_2228,bug_087,load_store,load_halfword_decoded_as_byte,riscv_rand_instr_test,987018,/workspace/ibex/dv/uvm/out
2229,case_2229,bug_087,load_store,load_halfword_decoded_as_byte,riscv_rand_instr_test,987019,/workspace/ibex/dv/uvm/out
2230,case_2230,bug_087,load_store,load_halfword_decoded_as_byte,riscv_rand_instr_test,987020,/workspace/ibex/dv/uvm/out
2231,case_2231,bug_087,load_store,load_halfword_decoded_as_byte,riscv_rand_instr_test,987021,/workspace/ibex/dv/uvm/out
2232,case_2232,bug_087,load_store,load_halfword_decoded_as_byte,riscv_rand_instr_test,987022,/workspace/ibex/dv/uvm/out
2233,case_2233,bug_087,load_store,load_halfword_decoded_as_byte,riscv_rand_instr_test,987024,/workspace/ibex/dv/uvm/out
2234,case_2234,bug_087,load_store,load_halfword_decoded_as_byte,riscv_rand_instr_test,987025,/workspace/ibex/dv/uvm/out
2235,case_2235,bug_087,load_store,load_halfword_decoded_as_byte,riscv_unaligned_load_store_test,987101,/workspace/ibex/dv/uvm/out
2236,case_2236,bug_087,load_store,load_halfword_decoded_as_byte,riscv_unaligned_load_store_test,987102,/workspace/ibex/dv/uvm/out
2237,case_2237,bug_087,load_store,load_halfword_decoded_as_byte,riscv_unaligned_load_store_test,987104,/workspace/ibex/dv/uvm/out
2238,case_2238,bug_087,load_store,load_halfword_decoded_as_byte,riscv_unaligned_load_store_test,987105,/workspace/ibex/dv/uvm/out
2239,case_2239,bug_087,load_store,load_halfword_decoded_as_byte,riscv_unaligned_load_store_test,987106,/workspace/ibex/dv/uvm/out
2240,case_2240,bug_087,load_store,load_halfword_decoded_as_byte,riscv_unaligned_load_store_test,987107,/workspace/ibex/dv/uvm/out
2241,case_2241,bug_087,load_store,load_halfword_decoded_as_byte,riscv_unaligned_load_store_test,987108,/workspace/ibex/dv/uvm/out
2242,case_2242,bug_087,load_store,load_halfword_decoded_as_byte,riscv_unaligned_load_store_test,987111,/workspace/ibex/dv/uvm/out
2243,case_2243,bug_087,load_store,load_halfword_decoded_as_byte,riscv_unaligned_load_store_test,987112,/workspace/ibex/dv/uvm/out
2244,case_2244,bug_087,load_store,load_halfword_decoded_as_byte,riscv_unaligned_load_store_test,987114,/workspace/ibex/dv/uvm/out
2245,case_2245,bug_087,load_store,load_halfword_decoded_as_byte,riscv_unaligned_load_store_test,987115,/workspace/ibex/dv/uvm/out
2246,case_2246,bug_087,load_store,load_halfword_decoded_as_byte,riscv_unaligned_load_store_test,987116,/workspace/ibex/dv/uvm/out
2247,case_2247,bug_087,load_store,load_halfword_decoded_as_byte,riscv_unaligned_load_store_test,987117,/workspace/ibex/dv/uvm/out
2248,case_2248,bug_087,load_store,load_halfword_decoded_as_byte,riscv_unaligned_load_store_test,987118,/workspace/ibex/dv/uvm/out
2249,case_2249,bug_087,load_store,load_halfword_decoded_as_byte,riscv_unaligned_load_store_test,987119,/workspace/ibex/dv/uvm/out
2250,case_2250,bug_087,load_store,load_halfword_decoded_as_byte,riscv_unaligned_load_store_test,987121,/workspace/ibex/dv/uvm/out
2251,case_2251,bug_087,load_store,load_halfword_decoded_as_byte,riscv_unaligned_load_store_test,987122,/workspace/ibex/dv/uvm/out
2252,case_2252,bug_087,load_store,load_halfword_decoded_as_byte,riscv_unaligned_load_store_test,987123,/workspace/ibex/dv/uvm/out
2253,case_2253,bug_087,load_store,load_halfword_decoded_as_byte,riscv_unaligned_load_store_test,987124,/workspace/ibex/dv/uvm/out
2254,case_2254,bug_087,load_store,load_halfword_decoded_as_byte,riscv_unaligned_load_store_test,987125,/workspace/ibex/dv/uvm/out
2255,case_2255,bug_088,decoder_exception,lwu_illegal_check_missing,riscv_illegal_instr_test,71882,/workspace/ibex/dv/uvm/out
2256,case_2256,bug_088,decoder_exception,lwu_illegal_check_missing,riscv_rand_instr_test,71881,/workspace/ibex/dv/uvm/out
2257,case_2257,bug_088,decoder_exception,lwu_illegal_check_missing,riscv_rand_instr_test,71882,/workspace/ibex/dv/uvm/out
2258,case_2258,bug_088,decoder_exception,lwu_illegal_check_missing,riscv_rand_instr_test,988109,/workspace/ibex/dv/uvm/out
2259,case_2259,bug_088,decoder_exception,lwu_illegal_check_missing,riscv_rand_instr_test,988117,/workspace/ibex/dv/uvm/out
2260,case_2260,bug_088,decoder_exception,lwu_illegal_check_missing,riscv_rand_instr_test,988124,/workspace/ibex/dv/uvm/out
2261,case_2261,bug_088,decoder_exception,lwu_illegal_check_missing,riscv_rand_instr_test,988111,/workspace/ibex/dv/uvm/out
2262,case_2262,bug_088,decoder_exception,lwu_illegal_check_missing,riscv_rand_instr_test,988119,/workspace/ibex/dv/uvm/out
2263,case_2263,bug_088,decoder_exception,lwu_illegal_check_missing,riscv_rand_instr_test,988125,/workspace/ibex/dv/uvm/out
2264,case_2264,bug_088,decoder_exception,lwu_illegal_check_missing,riscv_illegal_instr_test,988002,/workspace/ibex/dv/uvm/out
2265,case_2265,bug_088,decoder_exception,lwu_illegal_check_missing,riscv_illegal_instr_test,988004,/workspace/ibex/dv/uvm/out
2266,case_2266,bug_088,decoder_exception,lwu_illegal_check_missing,riscv_illegal_instr_test,988005,/workspace/ibex/dv/uvm/out
2267,case_2267,bug_088,decoder_exception,lwu_illegal_check_missing,riscv_illegal_instr_test,988007,/workspace/ibex/dv/uvm/out
2268,case_2268,bug_088,decoder_exception,lwu_illegal_check_missing,riscv_illegal_instr_test,988008,/workspace/ibex/dv/uvm/out
2269,case_2269,bug_088,decoder_exception,lwu_illegal_check_missing,riscv_illegal_instr_test,988009,/workspace/ibex/dv/uvm/out
2270,case_2270,bug_088,decoder_exception,lwu_illegal_check_missing,riscv_illegal_instr_test,988010,/workspace/ibex/dv/uvm/out
2271,case_2271,bug_088,decoder_exception,lwu_illegal_check_missing,riscv_illegal_instr_test,988011,/workspace/ibex/dv/uvm/out
2272,case_2272,bug_088,decoder_exception,lwu_illegal_check_missing,riscv_illegal_instr_test,988012,/workspace/ibex/dv/uvm/out
2273,case_2273,bug_088,decoder_exception,lwu_illegal_check_missing,riscv_illegal_instr_test,988013,/workspace/ibex/dv/uvm/out
2274,case_2274,bug_088,decoder_exception,lwu_illegal_check_missing,riscv_illegal_instr_test,988014,/workspace/ibex/dv/uvm/out
2275,case_2275,bug_088,decoder_exception,lwu_illegal_check_missing,riscv_illegal_instr_test,988015,/workspace/ibex/dv/uvm/out
2276,case_2276,bug_088,decoder_exception,lwu_illegal_check_missing,riscv_illegal_instr_test,988016,/workspace/ibex/dv/uvm/out
2277,case_2277,bug_088,decoder_exception,lwu_illegal_check_missing,riscv_illegal_instr_test,988017,/workspace/ibex/dv/uvm/out
2278,case_2278,bug_088,decoder_exception,lwu_illegal_check_missing,riscv_illegal_instr_test,988018,/workspace/ibex/dv/uvm/out
2279,case_2279,bug_088,decoder_exception,lwu_illegal_check_missing,riscv_illegal_instr_test,988020,/workspace/ibex/dv/uvm/out
2280,case_2280,bug_088,decoder_exception,lwu_illegal_check_missing,riscv_illegal_instr_test,988021,/workspace/ibex/dv/uvm/out
2281,case_2281,bug_088,decoder_exception,lwu_illegal_check_missing,riscv_illegal_instr_test,988022,/workspace/ibex/dv/uvm/out
2282,case_2282,bug_088,decoder_exception,lwu_illegal_check_missing,riscv_illegal_instr_test,988023,/workspace/ibex/dv/uvm/out
2283,case_2283,bug_088,decoder_exception,lwu_illegal_check_missing,riscv_illegal_instr_test,988025,/workspace/ibex/dv/uvm/out
2284,case_2284,bug_088,decoder_exception,lwu_illegal_check_missing,riscv_rand_instr_test,988113,/workspace/ibex/dv/uvm/out
2285,case_2285,bug_088,decoder_exception,lwu_illegal_check_missing,riscv_rand_instr_test,988121,/workspace/ibex/dv/uvm/out
2286,case_2286,bug_088,decoder_exception,lwu_illegal_check_missing,riscv_rand_instr_test,988101,/workspace/ibex/dv/uvm/out
2287,case_2287,bug_088,decoder_exception,lwu_illegal_check_missing,riscv_rand_instr_test,988102,/workspace/ibex/dv/uvm/out
2288,case_2288,bug_088,decoder_exception,lwu_illegal_check_missing,riscv_rand_instr_test,988103,/workspace/ibex/dv/uvm/out
2289,case_2289,bug_088,decoder_exception,lwu_illegal_check_missing,riscv_rand_instr_test,988104,/workspace/ibex/dv/uvm/out
2290,case_2290,bug_088,decoder_exception,lwu_illegal_check_missing,riscv_rand_instr_test,988105,/workspace/ibex/dv/uvm/out
2291,case_2291,bug_088,decoder_exception,lwu_illegal_check_missing,riscv_rand_instr_test,988106,/workspace/ibex/dv/uvm/out
2292,case_2292,bug_088,decoder_exception,lwu_illegal_check_missing,riscv_rand_instr_test,988107,/workspace/ibex/dv/uvm/out
2293,case_2293,bug_088,decoder_exception,lwu_illegal_check_missing,riscv_rand_instr_test,988108,/workspace/ibex/dv/uvm/out
2294,case_2294,bug_088,decoder_exception,lwu_illegal_check_missing,riscv_rand_instr_test,988110,/workspace/ibex/dv/uvm/out
2295,case_2295,bug_088,decoder_exception,lwu_illegal_check_missing,riscv_rand_instr_test,988114,/workspace/ibex/dv/uvm/out
2296,case_2296,bug_088,decoder_exception,lwu_illegal_check_missing,riscv_rand_instr_test,988116,/workspace/ibex/dv/uvm/out
2297,case_2297,bug_088,decoder_exception,lwu_illegal_check_missing,riscv_rand_instr_test,988118,/workspace/ibex/dv/uvm/out
2298,case_2298,bug_088,decoder_exception,lwu_illegal_check_missing,riscv_rand_instr_test,988120,/workspace/ibex/dv/uvm/out
2299,case_2299,bug_088,decoder_exception,lwu_illegal_check_missing,riscv_rand_instr_test,988122,/workspace/ibex/dv/uvm/out
2300,case_2300,bug_088,decoder_exception,lwu_illegal_check_missing,riscv_rand_instr_test,988123,/workspace/ibex/dv/uvm/out
2301,case_2301,bug_089,decoder_exception,decoder_illegal_instruction_suppressed,riscv_illegal_instr_test,71891,/workspace/ibex/dv/uvm/out
2302,case_2302,bug_089,decoder_exception,decoder_illegal_instruction_suppressed,riscv_invalid_csr_test,71891,/workspace/ibex/dv/uvm/out
2303,case_2303,bug_089,decoder_exception,decoder_illegal_instruction_suppressed,riscv_illegal_instr_test,989002,/workspace/ibex/dv/uvm/out
2304,case_2304,bug_089,decoder_exception,decoder_illegal_instruction_suppressed,riscv_illegal_instr_test,989003,/workspace/ibex/dv/uvm/out
2305,case_2305,bug_089,decoder_exception,decoder_illegal_instruction_suppressed,riscv_illegal_instr_test,989004,/workspace/ibex/dv/uvm/out
2306,case_2306,bug_089,decoder_exception,decoder_illegal_instruction_suppressed,riscv_illegal_instr_test,989005,/workspace/ibex/dv/uvm/out
2307,case_2307,bug_089,decoder_exception,decoder_illegal_instruction_suppressed,riscv_illegal_instr_test,989006,/workspace/ibex/dv/uvm/out
2308,case_2308,bug_089,decoder_exception,decoder_illegal_instruction_suppressed,riscv_illegal_instr_test,989007,/workspace/ibex/dv/uvm/out
2309,case_2309,bug_089,decoder_exception,decoder_illegal_instruction_suppressed,riscv_illegal_instr_test,989008,/workspace/ibex/dv/uvm/out
2310,case_2310,bug_089,decoder_exception,decoder_illegal_instruction_suppressed,riscv_illegal_instr_test,989009,/workspace/ibex/dv/uvm/out
2311,case_2311,bug_089,decoder_exception,decoder_illegal_instruction_suppressed,riscv_illegal_instr_test,989010,/workspace/ibex/dv/uvm/out
2312,case_2312,bug_089,decoder_exception,decoder_illegal_instruction_suppressed,riscv_illegal_instr_test,989011,/workspace/ibex/dv/uvm/out
2313,case_2313,bug_089,decoder_exception,decoder_illegal_instruction_suppressed,riscv_illegal_instr_test,989012,/workspace/ibex/dv/uvm/out
2314,case_2314,bug_089,decoder_exception,decoder_illegal_instruction_suppressed,riscv_illegal_instr_test,989013,/workspace/ibex/dv/uvm/out
2315,case_2315,bug_089,decoder_exception,decoder_illegal_instruction_suppressed,riscv_illegal_instr_test,989017,/workspace/ibex/dv/uvm/out
2316,case_2316,bug_089,decoder_exception,decoder_illegal_instruction_suppressed,riscv_illegal_instr_test,989021,/workspace/ibex/dv/uvm/out
2317,case_2317,bug_089,decoder_exception,decoder_illegal_instruction_suppressed,riscv_illegal_instr_test,989025,/workspace/ibex/dv/uvm/out
2318,case_2318,bug_089,decoder_exception,decoder_illegal_instruction_suppressed,riscv_invalid_csr_test,989112,/workspace/ibex/dv/uvm/out
2319,case_2319,bug_089,decoder_exception,decoder_illegal_instruction_suppressed,riscv_invalid_csr_test,989116,/workspace/ibex/dv/uvm/out
2320,case_2320,bug_089,decoder_exception,decoder_illegal_instruction_suppressed,riscv_invalid_csr_test,989124,/workspace/ibex/dv/uvm/out
2321,case_2321,bug_089,decoder_exception,decoder_illegal_instruction_suppressed,riscv_illegal_instr_test,989014,/workspace/ibex/dv/uvm/out
2322,case_2322,bug_089,decoder_exception,decoder_illegal_instruction_suppressed,riscv_illegal_instr_test,989018,/workspace/ibex/dv/uvm/out
2323,case_2323,bug_089,decoder_exception,decoder_illegal_instruction_suppressed,riscv_illegal_instr_test,989022,/workspace/ibex/dv/uvm/out
2324,case_2324,bug_089,decoder_exception,decoder_illegal_instruction_suppressed,riscv_invalid_csr_test,989101,/workspace/ibex/dv/uvm/out
2325,case_2325,bug_089,decoder_exception,decoder_illegal_instruction_suppressed,riscv_invalid_csr_test,989102,/workspace/ibex/dv/uvm/out
2326,case_2326,bug_089,decoder_exception,decoder_illegal_instruction_suppressed,riscv_invalid_csr_test,989103,/workspace/ibex/dv/uvm/out
2327,case_2327,bug_089,decoder_exception,decoder_illegal_instruction_suppressed,riscv_invalid_csr_test,989104,/workspace/ibex/dv/uvm/out
2328,case_2328,bug_089,decoder_exception,decoder_illegal_instruction_suppressed,riscv_invalid_csr_test,989105,/workspace/ibex/dv/uvm/out
2329,case_2329,bug_089,decoder_exception,decoder_illegal_instruction_suppressed,riscv_invalid_csr_test,989107,/workspace/ibex/dv/uvm/out
2330,case_2330,bug_089,decoder_exception,decoder_illegal_instruction_suppressed,riscv_invalid_csr_test,989109,/workspace/ibex/dv/uvm/out
2331,case_2331,bug_089,decoder_exception,decoder_illegal_instruction_suppressed,riscv_invalid_csr_test,989117,/workspace/ibex/dv/uvm/out
2332,case_2332,bug_089,decoder_exception,decoder_illegal_instruction_suppressed,riscv_invalid_csr_test,989121,/workspace/ibex/dv/uvm/out
2333,case_2333,bug_089,decoder_exception,decoder_illegal_instruction_suppressed,riscv_invalid_csr_test,989125,/workspace/ibex/dv/uvm/out
2334,case_2334,bug_089,decoder_exception,decoder_illegal_instruction_suppressed,riscv_illegal_instr_test,989015,/workspace/ibex/dv/uvm/out
2335,case_2335,bug_089,decoder_exception,decoder_illegal_instruction_suppressed,riscv_illegal_instr_test,989023,/workspace/ibex/dv/uvm/out
2336,case_2336,bug_089,decoder_exception,decoder_illegal_instruction_suppressed,riscv_invalid_csr_test,989110,/workspace/ibex/dv/uvm/out
2337,case_2337,bug_089,decoder_exception,decoder_illegal_instruction_suppressed,riscv_invalid_csr_test,989114,/workspace/ibex/dv/uvm/out
2338,case_2338,bug_089,decoder_exception,decoder_illegal_instruction_suppressed,riscv_invalid_csr_test,989118,/workspace/ibex/dv/uvm/out
2339,case_2339,bug_089,decoder_exception,decoder_illegal_instruction_suppressed,riscv_illegal_instr_test,989016,/workspace/ibex/dv/uvm/out
2340,case_2340,bug_089,decoder_exception,decoder_illegal_instruction_suppressed,riscv_illegal_instr_test,989020,/workspace/ibex/dv/uvm/out
2341,case_2341,bug_089,decoder_exception,decoder_illegal_instruction_suppressed,riscv_illegal_instr_test,989024,/workspace/ibex/dv/uvm/out
2342,case_2342,bug_089,decoder_exception,decoder_illegal_instruction_suppressed,riscv_invalid_csr_test,989106,/workspace/ibex/dv/uvm/out
2343,case_2343,bug_089,decoder_exception,decoder_illegal_instruction_suppressed,riscv_invalid_csr_test,989111,/workspace/ibex/dv/uvm/out
2344,case_2344,bug_089,decoder_exception,decoder_illegal_instruction_suppressed,riscv_invalid_csr_test,989115,/workspace/ibex/dv/uvm/out
2345,case_2345,bug_089,decoder_exception,decoder_illegal_instruction_suppressed,riscv_invalid_csr_test,989119,/workspace/ibex/dv/uvm/out
2346,case_2346,bug_089,decoder_exception,decoder_illegal_instruction_suppressed,riscv_invalid_csr_test,989123,/workspace/ibex/dv/uvm/out
2347,case_2347,bug_090,csr_exception,machine_ecall_reports_user_cause,riscv_machine_mode_rand_test,71901,/workspace/ibex/dv/uvm/out
2348,case_2348,bug_090,csr_exception,machine_ecall_reports_user_cause,riscv_machine_mode_rand_test,71902,/workspace/ibex/dv/uvm/out
2349,case_2349,bug_090,csr_exception,machine_ecall_reports_user_cause,riscv_user_mode_rand_test,71902,/workspace/ibex/dv/uvm/out
2350,case_2350,bug_090,csr_exception,machine_ecall_reports_user_cause,riscv_machine_mode_rand_test,990005,/workspace/ibex/dv/uvm/out
2351,case_2351,bug_090,csr_exception,machine_ecall_reports_user_cause,riscv_machine_mode_rand_test,990012,/workspace/ibex/dv/uvm/out
2352,case_2352,bug_090,csr_exception,machine_ecall_reports_user_cause,riscv_machine_mode_rand_test,990016,/workspace/ibex/dv/uvm/out
2353,case_2353,bug_090,csr_exception,machine_ecall_reports_user_cause,riscv_machine_mode_rand_test,990020,/workspace/ibex/dv/uvm/out
2354,case_2354,bug_090,csr_exception,machine_ecall_reports_user_cause,riscv_machine_mode_rand_test,990024,/workspace/ibex/dv/uvm/out
2355,case_2355,bug_090,csr_exception,machine_ecall_reports_user_cause,riscv_user_mode_rand_test,990103,/workspace/ibex/dv/uvm/out
2356,case_2356,bug_090,csr_exception,machine_ecall_reports_user_cause,riscv_user_mode_rand_test,990111,/workspace/ibex/dv/uvm/out
2357,case_2357,bug_090,csr_exception,machine_ecall_reports_user_cause,riscv_user_mode_rand_test,990119,/workspace/ibex/dv/uvm/out
2358,case_2358,bug_090,csr_exception,machine_ecall_reports_user_cause,riscv_user_mode_rand_test,990123,/workspace/ibex/dv/uvm/out
2359,case_2359,bug_090,csr_exception,machine_ecall_reports_user_cause,riscv_machine_mode_rand_test,990007,/workspace/ibex/dv/uvm/out
2360,case_2360,bug_090,csr_exception,machine_ecall_reports_user_cause,riscv_machine_mode_rand_test,990013,/workspace/ibex/dv/uvm/out
2361,case_2361,bug_090,csr_exception,machine_ecall_reports_user_cause,riscv_machine_mode_rand_test,990017,/workspace/ibex/dv/uvm/out
2362,case_2362,bug_090,csr_exception,machine_ecall_reports_user_cause,riscv_machine_mode_rand_test,990021,/workspace/ibex/dv/uvm/out
2363,case_2363,bug_090,csr_exception,machine_ecall_reports_user_cause,riscv_machine_mode_rand_test,990025,/workspace/ibex/dv/uvm/out
2364,case_2364,bug_090,csr_exception,machine_ecall_reports_user_cause,riscv_user_mode_rand_test,990104,/workspace/ibex/dv/uvm/out
2365,case_2365,bug_090,csr_exception,machine_ecall_reports_user_cause,riscv_user_mode_rand_test,990112,/workspace/ibex/dv/uvm/out
2366,case_2366,bug_090,csr_exception,machine_ecall_reports_user_cause,riscv_user_mode_rand_test,990120,/workspace/ibex/dv/uvm/out
2367,case_2367,bug_090,csr_exception,machine_ecall_reports_user_cause,riscv_user_mode_rand_test,990124,/workspace/ibex/dv/uvm/out
2368,case_2368,bug_090,csr_exception,machine_ecall_reports_user_cause,riscv_machine_mode_rand_test,990001,/workspace/ibex/dv/uvm/out
2369,case_2369,bug_090,csr_exception,machine_ecall_reports_user_cause,riscv_machine_mode_rand_test,990002,/workspace/ibex/dv/uvm/out
2370,case_2370,bug_090,csr_exception,machine_ecall_reports_user_cause,riscv_machine_mode_rand_test,990003,/workspace/ibex/dv/uvm/out
2371,case_2371,bug_090,csr_exception,machine_ecall_reports_user_cause,riscv_machine_mode_rand_test,990004,/workspace/ibex/dv/uvm/out
2372,case_2372,bug_090,csr_exception,machine_ecall_reports_user_cause,riscv_machine_mode_rand_test,990006,/workspace/ibex/dv/uvm/out
2373,case_2373,bug_090,csr_exception,machine_ecall_reports_user_cause,riscv_machine_mode_rand_test,990008,/workspace/ibex/dv/uvm/out
2374,case_2374,bug_090,csr_exception,machine_ecall_reports_user_cause,riscv_machine_mode_rand_test,990009,/workspace/ibex/dv/uvm/out
2375,case_2375,bug_090,csr_exception,machine_ecall_reports_user_cause,riscv_machine_mode_rand_test,990010,/workspace/ibex/dv/uvm/out
2376,case_2376,bug_090,csr_exception,machine_ecall_reports_user_cause,riscv_machine_mode_rand_test,990014,/workspace/ibex/dv/uvm/out
2377,case_2377,bug_090,csr_exception,machine_ecall_reports_user_cause,riscv_machine_mode_rand_test,990022,/workspace/ibex/dv/uvm/out
2378,case_2378,bug_090,csr_exception,machine_ecall_reports_user_cause,riscv_user_mode_rand_test,990101,/workspace/ibex/dv/uvm/out
2379,case_2379,bug_090,csr_exception,machine_ecall_reports_user_cause,riscv_user_mode_rand_test,990105,/workspace/ibex/dv/uvm/out
2380,case_2380,bug_090,csr_exception,machine_ecall_reports_user_cause,riscv_user_mode_rand_test,990109,/workspace/ibex/dv/uvm/out
2381,case_2381,bug_090,csr_exception,machine_ecall_reports_user_cause,riscv_user_mode_rand_test,990113,/workspace/ibex/dv/uvm/out
2382,case_2382,bug_090,csr_exception,machine_ecall_reports_user_cause,riscv_user_mode_rand_test,990117,/workspace/ibex/dv/uvm/out
2383,case_2383,bug_090,csr_exception,machine_ecall_reports_user_cause,riscv_user_mode_rand_test,990121,/workspace/ibex/dv/uvm/out
2384,case_2384,bug_090,csr_exception,machine_ecall_reports_user_cause,riscv_machine_mode_rand_test,990011,/workspace/ibex/dv/uvm/out
2385,case_2385,bug_090,csr_exception,machine_ecall_reports_user_cause,riscv_machine_mode_rand_test,990015,/workspace/ibex/dv/uvm/out
2386,case_2386,bug_090,csr_exception,machine_ecall_reports_user_cause,riscv_machine_mode_rand_test,990019,/workspace/ibex/dv/uvm/out
2387,case_2387,bug_090,csr_exception,machine_ecall_reports_user_cause,riscv_machine_mode_rand_test,990023,/workspace/ibex/dv/uvm/out
2388,case_2388,bug_090,csr_exception,machine_ecall_reports_user_cause,riscv_user_mode_rand_test,990102,/workspace/ibex/dv/uvm/out
2389,case_2389,bug_090,csr_exception,machine_ecall_reports_user_cause,riscv_user_mode_rand_test,990106,/workspace/ibex/dv/uvm/out
2390,case_2390,bug_090,csr_exception,machine_ecall_reports_user_cause,riscv_user_mode_rand_test,990114,/workspace/ibex/dv/uvm/out
2391,case_2391,bug_090,csr_exception,machine_ecall_reports_user_cause,riscv_user_mode_rand_test,990118,/workspace/ibex/dv/uvm/out
2392,case_2392,bug_090,csr_exception,machine_ecall_reports_user_cause,riscv_user_mode_rand_test,990122,/workspace/ibex/dv/uvm/out
2393,case_2393,bug_091,debug_exception,ebreak_decoded_as_ecall,riscv_ebreak_test,71911,/workspace/ibex/dv/uvm/out
2394,case_2394,bug_091,debug_exception,ebreak_decoded_as_ecall,riscv_rand_instr_test,73911,/workspace/ibex/dv/uvm/out
2395,case_2395,bug_091,debug_exception,ebreak_decoded_as_ecall,riscv_ebreak_test,991004,/workspace/ibex/dv/uvm/out
2396,case_2396,bug_091,debug_exception,ebreak_decoded_as_ecall,riscv_ebreak_test,991008,/workspace/ibex/dv/uvm/out
2397,case_2397,bug_091,debug_exception,ebreak_decoded_as_ecall,riscv_ebreak_test,991012,/workspace/ibex/dv/uvm/out
2398,case_2398,bug_091,debug_exception,ebreak_decoded_as_ecall,riscv_ebreak_test,991016,/workspace/ibex/dv/uvm/out
2399,case_2399,bug_091,debug_exception,ebreak_decoded_as_ecall,riscv_ebreak_test,991020,/workspace/ibex/dv/uvm/out
2400,case_2400,bug_091,debug_exception,ebreak_decoded_as_ecall,riscv_ebreak_test,991024,/workspace/ibex/dv/uvm/out
2401,case_2401,bug_091,debug_exception,ebreak_decoded_as_ecall,riscv_rand_instr_test,991103,/workspace/ibex/dv/uvm/out
2402,case_2402,bug_091,debug_exception,ebreak_decoded_as_ecall,riscv_rand_instr_test,991107,/workspace/ibex/dv/uvm/out
2403,case_2403,bug_091,debug_exception,ebreak_decoded_as_ecall,riscv_rand_instr_test,991111,/workspace/ibex/dv/uvm/out
2404,case_2404,bug_091,debug_exception,ebreak_decoded_as_ecall,riscv_rand_instr_test,991115,/workspace/ibex/dv/uvm/out
2405,case_2405,bug_091,debug_exception,ebreak_decoded_as_ecall,riscv_rand_instr_test,991119,/workspace/ibex/dv/uvm/out
2406,case_2406,bug_091,debug_exception,ebreak_decoded_as_ecall,riscv_rand_instr_test,991123,/workspace/ibex/dv/uvm/out
2407,case_2407,bug_091,debug_exception,ebreak_decoded_as_ecall,riscv_ebreak_test,991001,/workspace/ibex/dv/uvm/out
2408,case_2408,bug_091,debug_exception,ebreak_decoded_as_ecall,riscv_ebreak_test,991009,/workspace/ibex/dv/uvm/out
2409,case_2409,bug_091,debug_exception,ebreak_decoded_as_ecall,riscv_ebreak_test,991017,/workspace/ibex/dv/uvm/out
2410,case_2410,bug_091,debug_exception,ebreak_decoded_as_ecall,riscv_ebreak_test,991021,/workspace/ibex/dv/uvm/out
2411,case_2411,bug_091,debug_exception,ebreak_decoded_as_ecall,riscv_ebreak_test,991025,/workspace/ibex/dv/uvm/out
2412,case_2412,bug_091,debug_exception,ebreak_decoded_as_ecall,riscv_rand_instr_test,991104,/workspace/ibex/dv/uvm/out
2413,case_2413,bug_091,debug_exception,ebreak_decoded_as_ecall,riscv_rand_instr_test,991108,/workspace/ibex/dv/uvm/out
2414,case_2414,bug_091,debug_exception,ebreak_decoded_as_ecall,riscv_rand_instr_test,991112,/workspace/ibex/dv/uvm/out
2415,case_2415,bug_091,debug_exception,ebreak_decoded_as_ecall,riscv_rand_instr_test,991116,/workspace/ibex/dv/uvm/out
2416,case_2416,bug_091,debug_exception,ebreak_decoded_as_ecall,riscv_rand_instr_test,991120,/workspace/ibex/dv/uvm/out
2417,case_2417,bug_091,debug_exception,ebreak_decoded_as_ecall,riscv_ebreak_test,991002,/workspace/ibex/dv/uvm/out
2418,case_2418,bug_091,debug_exception,ebreak_decoded_as_ecall,riscv_ebreak_test,991006,/workspace/ibex/dv/uvm/out
2419,case_2419,bug_091,debug_exception,ebreak_decoded_as_ecall,riscv_ebreak_test,991010,/workspace/ibex/dv/uvm/out
2420,case_2420,bug_091,debug_exception,ebreak_decoded_as_ecall,riscv_ebreak_test,991014,/workspace/ibex/dv/uvm/out
2421,case_2421,bug_091,debug_exception,ebreak_decoded_as_ecall,riscv_ebreak_test,991018,/workspace/ibex/dv/uvm/out
2422,case_2422,bug_091,debug_exception,ebreak_decoded_as_ecall,riscv_rand_instr_test,991101,/workspace/ibex/dv/uvm/out
2423,case_2423,bug_091,debug_exception,ebreak_decoded_as_ecall,riscv_rand_instr_test,991105,/workspace/ibex/dv/uvm/out
2424,case_2424,bug_091,debug_exception,ebreak_decoded_as_ecall,riscv_rand_instr_test,991109,/workspace/ibex/dv/uvm/out
2425,case_2425,bug_091,debug_exception,ebreak_decoded_as_ecall,riscv_rand_instr_test,991113,/workspace/ibex/dv/uvm/out
2426,case_2426,bug_091,debug_exception,ebreak_decoded_as_ecall,riscv_rand_instr_test,991121,/workspace/ibex/dv/uvm/out
2427,case_2427,bug_091,debug_exception,ebreak_decoded_as_ecall,riscv_rand_instr_test,991125,/workspace/ibex/dv/uvm/out
2428,case_2428,bug_091,debug_exception,ebreak_decoded_as_ecall,riscv_ebreak_test,991003,/workspace/ibex/dv/uvm/out
2429,case_2429,bug_091,debug_exception,ebreak_decoded_as_ecall,riscv_ebreak_test,991007,/workspace/ibex/dv/uvm/out
2430,case_2430,bug_091,debug_exception,ebreak_decoded_as_ecall,riscv_ebreak_test,991011,/workspace/ibex/dv/uvm/out
2431,case_2431,bug_091,debug_exception,ebreak_decoded_as_ecall,riscv_ebreak_test,991015,/workspace/ibex/dv/uvm/out
2432,case_2432,bug_091,debug_exception,ebreak_decoded_as_ecall,riscv_ebreak_test,991019,/workspace/ibex/dv/uvm/out
2433,case_2433,bug_091,debug_exception,ebreak_decoded_as_ecall,riscv_ebreak_test,991023,/workspace/ibex/dv/uvm/out
2434,case_2434,bug_091,debug_exception,ebreak_decoded_as_ecall,riscv_rand_instr_test,991102,/workspace/ibex/dv/uvm/out
2435,case_2435,bug_091,debug_exception,ebreak_decoded_as_ecall,riscv_rand_instr_test,991110,/workspace/ibex/dv/uvm/out
2436,case_2436,bug_091,debug_exception,ebreak_decoded_as_ecall,riscv_rand_instr_test,991114,/workspace/ibex/dv/uvm/out
2437,case_2437,bug_091,debug_exception,ebreak_decoded_as_ecall,riscv_rand_instr_test,991118,/workspace/ibex/dv/uvm/out
2438,case_2438,bug_091,debug_exception,ebreak_decoded_as_ecall,riscv_rand_instr_test,991122,/workspace/ibex/dv/uvm/out
2439,case_2439,bug_092,csr_exception,wfi_decoded_as_mret,riscv_interrupt_wfi_test,71921,/workspace/ibex/dv/uvm/out
2440,case_2440,bug_092,csr_exception,wfi_decoded_as_mret,riscv_interrupt_wfi_test,71922,/workspace/ibex/dv/uvm/out
2441,case_2441,bug_092,csr_exception,wfi_decoded_as_mret,riscv_machine_mode_rand_test,73921,/workspace/ibex/dv/uvm/out
2442,case_2442,bug_092,csr_exception,wfi_decoded_as_mret,riscv_machine_mode_rand_test,73922,/workspace/ibex/dv/uvm/out
2443,case_2443,bug_092,csr_exception,wfi_decoded_as_mret,riscv_rand_instr_test,73921,/workspace/ibex/dv/uvm/out
2444,case_2444,bug_092,csr_exception,wfi_decoded_as_mret,riscv_rand_instr_test,73922,/workspace/ibex/dv/uvm/out
2445,case_2445,bug_092,csr_exception,wfi_decoded_as_mret,riscv_interrupt_wfi_test,992004,/workspace/ibex/dv/uvm/out
2446,case_2446,bug_092,csr_exception,wfi_decoded_as_mret,riscv_machine_mode_rand_test,992103,/workspace/ibex/dv/uvm/out
2447,case_2447,bug_092,csr_exception,wfi_decoded_as_mret,riscv_machine_mode_rand_test,992107,/workspace/ibex/dv/uvm/out
2448,case_2448,bug_092,csr_exception,wfi_decoded_as_mret,riscv_machine_mode_rand_test,992111,/workspace/ibex/dv/uvm/out
2449,case_2449,bug_092,csr_exception,wfi_decoded_as_mret,riscv_machine_mode_rand_test,992115,/workspace/ibex/dv/uvm/out
2450,case_2450,bug_092,csr_exception,wfi_decoded_as_mret,riscv_rand_instr_test,992202,/workspace/ibex/dv/uvm/out
2451,case_2451,bug_092,csr_exception,wfi_decoded_as_mret,riscv_rand_instr_test,992206,/workspace/ibex/dv/uvm/out
2452,case_2452,bug_092,csr_exception,wfi_decoded_as_mret,riscv_rand_instr_test,992210,/workspace/ibex/dv/uvm/out
2453,case_2453,bug_092,csr_exception,wfi_decoded_as_mret,riscv_rand_instr_test,992214,/workspace/ibex/dv/uvm/out
2454,case_2454,bug_092,csr_exception,wfi_decoded_as_mret,riscv_interrupt_wfi_test,992001,/workspace/ibex/dv/uvm/out
2455,case_2455,bug_092,csr_exception,wfi_decoded_as_mret,riscv_interrupt_wfi_test,992017,/workspace/ibex/dv/uvm/out
2456,case_2456,bug_092,csr_exception,wfi_decoded_as_mret,riscv_machine_mode_rand_test,992104,/workspace/ibex/dv/uvm/out
2457,case_2457,bug_092,csr_exception,wfi_decoded_as_mret,riscv_machine_mode_rand_test,992108,/workspace/ibex/dv/uvm/out
2458,case_2458,bug_092,csr_exception,wfi_decoded_as_mret,riscv_machine_mode_rand_test,992112,/workspace/ibex/dv/uvm/out
2459,case_2459,bug_092,csr_exception,wfi_decoded_as_mret,riscv_machine_mode_rand_test,992116,/workspace/ibex/dv/uvm/out
2460,case_2460,bug_092,csr_exception,wfi_decoded_as_mret,riscv_rand_instr_test,992207,/workspace/ibex/dv/uvm/out
2461,case_2461,bug_092,csr_exception,wfi_decoded_as_mret,riscv_rand_instr_test,992215,/workspace/ibex/dv/uvm/out
2462,case_2462,bug_092,csr_exception,wfi_decoded_as_mret,riscv_interrupt_wfi_test,992006,/workspace/ibex/dv/uvm/out
2463,case_2463,bug_092,csr_exception,wfi_decoded_as_mret,riscv_interrupt_wfi_test,992010,/workspace/ibex/dv/uvm/out
2464,case_2464,bug_092,csr_exception,wfi_decoded_as_mret,riscv_interrupt_wfi_test,992014,/workspace/ibex/dv/uvm/out
2465,case_2465,bug_092,csr_exception,wfi_decoded_as_mret,riscv_machine_mode_rand_test,992101,/workspace/ibex/dv/uvm/out
2466,case_2466,bug_092,csr_exception,wfi_decoded_as_mret,riscv_machine_mode_rand_test,992105,/workspace/ibex/dv/uvm/out
2467,case_2467,bug_092,csr_exception,wfi_decoded_as_mret,riscv_machine_mode_rand_test,992109,/workspace/ibex/dv/uvm/out
2468,case_2468,bug_092,csr_exception,wfi_decoded_as_mret,riscv_machine_mode_rand_test,992113,/workspace/ibex/dv/uvm/out
2469,case_2469,bug_092,csr_exception,wfi_decoded_as_mret,riscv_machine_mode_rand_test,992117,/workspace/ibex/dv/uvm/out
2470,case_2470,bug_092,csr_exception,wfi_decoded_as_mret,riscv_rand_instr_test,992204,/workspace/ibex/dv/uvm/out
2471,case_2471,bug_092,csr_exception,wfi_decoded_as_mret,riscv_rand_instr_test,992208,/workspace/ibex/dv/uvm/out
2472,case_2472,bug_092,csr_exception,wfi_decoded_as_mret,riscv_rand_instr_test,992212,/workspace/ibex/dv/uvm/out
2473,case_2473,bug_092,csr_exception,wfi_decoded_as_mret,riscv_rand_instr_test,992216,/workspace/ibex/dv/uvm/out
2474,case_2474,bug_092,csr_exception,wfi_decoded_as_mret,riscv_interrupt_wfi_test,992003,/workspace/ibex/dv/uvm/out
2475,case_2475,bug_092,csr_exception,wfi_decoded_as_mret,riscv_interrupt_wfi_test,992007,/workspace/ibex/dv/uvm/out
2476,case_2476,bug_092,csr_exception,wfi_decoded_as_mret,riscv_interrupt_wfi_test,992011,/workspace/ibex/dv/uvm/out
2477,case_2477,bug_092,csr_exception,wfi_decoded_as_mret,riscv_machine_mode_rand_test,992102,/workspace/ibex/dv/uvm/out
2478,case_2478,bug_092,csr_exception,wfi_decoded_as_mret,riscv_machine_mode_rand_test,992106,/workspace/ibex/dv/uvm/out
2479,case_2479,bug_092,csr_exception,wfi_decoded_as_mret,riscv_machine_mode_rand_test,992110,/workspace/ibex/dv/uvm/out
2480,case_2480,bug_092,csr_exception,wfi_decoded_as_mret,riscv_machine_mode_rand_test,992114,/workspace/ibex/dv/uvm/out
2481,case_2481,bug_092,csr_exception,wfi_decoded_as_mret,riscv_rand_instr_test,992201,/workspace/ibex/dv/uvm/out
2482,case_2482,bug_092,csr_exception,wfi_decoded_as_mret,riscv_rand_instr_test,992205,/workspace/ibex/dv/uvm/out
2483,case_2483,bug_092,csr_exception,wfi_decoded_as_mret,riscv_rand_instr_test,992209,/workspace/ibex/dv/uvm/out
2484,case_2484,bug_092,csr_exception,wfi_decoded_as_mret,riscv_rand_instr_test,992213,/workspace/ibex/dv/uvm/out
2485,case_2485,bug_093,csr_exception,tw_wfi_privilege_trap_missing,riscv_user_mode_rand_test,71931,/workspace/ibex/dv/uvm/out
2486,case_2486,bug_093,csr_exception,tw_wfi_privilege_trap_missing,riscv_user_mode_rand_test,71932,/workspace/ibex/dv/uvm/out
2487,case_2487,bug_093,csr_exception,tw_wfi_privilege_trap_missing,riscv_illegal_instr_test,73931,/workspace/ibex/dv/uvm/out
2488,case_2488,bug_093,csr_exception,tw_wfi_privilege_trap_missing,riscv_illegal_instr_test,73932,/workspace/ibex/dv/uvm/out
2489,case_2489,bug_093,csr_exception,tw_wfi_privilege_trap_missing,riscv_illegal_instr_test,993003,/workspace/ibex/dv/uvm/out
2490,case_2490,bug_093,csr_exception,tw_wfi_privilege_trap_missing,riscv_illegal_instr_test,993007,/workspace/ibex/dv/uvm/out
2491,case_2491,bug_093,csr_exception,tw_wfi_privilege_trap_missing,riscv_illegal_instr_test,993011,/workspace/ibex/dv/uvm/out
2492,case_2492,bug_093,csr_exception,tw_wfi_privilege_trap_missing,riscv_illegal_instr_test,993015,/workspace/ibex/dv/uvm/out
2493,case_2493,bug_093,csr_exception,tw_wfi_privilege_trap_missing,riscv_illegal_instr_test,993019,/workspace/ibex/dv/uvm/out
2494,case_2494,bug_093,csr_exception,tw_wfi_privilege_trap_missing,riscv_illegal_instr_test,993023,/workspace/ibex/dv/uvm/out
2495,case_2495,bug_093,csr_exception,tw_wfi_privilege_trap_missing,riscv_user_mode_rand_test,993106,/workspace/ibex/dv/uvm/out
2496,case_2496,bug_093,csr_exception,tw_wfi_privilege_trap_missing,riscv_user_mode_rand_test,993114,/workspace/ibex/dv/uvm/out
2497,case_2497,bug_093,csr_exception,tw_wfi_privilege_trap_missing,riscv_user_mode_rand_test,993118,/workspace/ibex/dv/uvm/out
2498,case_2498,bug_093,csr_exception,tw_wfi_privilege_trap_missing,riscv_illegal_instr_test,993004,/workspace/ibex/dv/uvm/out
2499,case_2499,bug_093,csr_exception,tw_wfi_privilege_trap_missing,riscv_illegal_instr_test,993008,/workspace/ibex/dv/uvm/out
2500,case_2500,bug_093,csr_exception,tw_wfi_privilege_trap_missing,riscv_illegal_instr_test,993016,/workspace/ibex/dv/uvm/out
2501,case_2501,bug_093,csr_exception,tw_wfi_privilege_trap_missing,riscv_illegal_instr_test,993020,/workspace/ibex/dv/uvm/out
2502,case_2502,bug_093,csr_exception,tw_wfi_privilege_trap_missing,riscv_illegal_instr_test,993024,/workspace/ibex/dv/uvm/out
2503,case_2503,bug_093,csr_exception,tw_wfi_privilege_trap_missing,riscv_user_mode_rand_test,993103,/workspace/ibex/dv/uvm/out
2504,case_2504,bug_093,csr_exception,tw_wfi_privilege_trap_missing,riscv_user_mode_rand_test,993111,/workspace/ibex/dv/uvm/out
2505,case_2505,bug_093,csr_exception,tw_wfi_privilege_trap_missing,riscv_user_mode_rand_test,993115,/workspace/ibex/dv/uvm/out
2506,case_2506,bug_093,csr_exception,tw_wfi_privilege_trap_missing,riscv_user_mode_rand_test,993119,/workspace/ibex/dv/uvm/out
2507,case_2507,bug_093,csr_exception,tw_wfi_privilege_trap_missing,riscv_user_mode_rand_test,993123,/workspace/ibex/dv/uvm/out
2508,case_2508,bug_093,csr_exception,tw_wfi_privilege_trap_missing,riscv_illegal_instr_test,993001,/workspace/ibex/dv/uvm/out
2509,case_2509,bug_093,csr_exception,tw_wfi_privilege_trap_missing,riscv_illegal_instr_test,993005,/workspace/ibex/dv/uvm/out
2510,case_2510,bug_093,csr_exception,tw_wfi_privilege_trap_missing,riscv_illegal_instr_test,993009,/workspace/ibex/dv/uvm/out
2511,case_2511,bug_093,csr_exception,tw_wfi_privilege_trap_missing,riscv_illegal_instr_test,993013,/workspace/ibex/dv/uvm/out
2512,case_2512,bug_093,csr_exception,tw_wfi_privilege_trap_missing,riscv_illegal_instr_test,993017,/workspace/ibex/dv/uvm/out
2513,case_2513,bug_093,csr_exception,tw_wfi_privilege_trap_missing,riscv_illegal_instr_test,993021,/workspace/ibex/dv/uvm/out
2514,case_2514,bug_093,csr_exception,tw_wfi_privilege_trap_missing,riscv_illegal_instr_test,993025,/workspace/ibex/dv/uvm/out
2515,case_2515,bug_093,csr_exception,tw_wfi_privilege_trap_missing,riscv_user_mode_rand_test,993104,/workspace/ibex/dv/uvm/out
2516,case_2516,bug_093,csr_exception,tw_wfi_privilege_trap_missing,riscv_user_mode_rand_test,993108,/workspace/ibex/dv/uvm/out
2517,case_2517,bug_093,csr_exception,tw_wfi_privilege_trap_missing,riscv_user_mode_rand_test,993112,/workspace/ibex/dv/uvm/out
2518,case_2518,bug_093,csr_exception,tw_wfi_privilege_trap_missing,riscv_user_mode_rand_test,993120,/workspace/ibex/dv/uvm/out
2519,case_2519,bug_093,csr_exception,tw_wfi_privilege_trap_missing,riscv_user_mode_rand_test,993124,/workspace/ibex/dv/uvm/out
2520,case_2520,bug_093,csr_exception,tw_wfi_privilege_trap_missing,riscv_illegal_instr_test,993002,/workspace/ibex/dv/uvm/out
2521,case_2521,bug_093,csr_exception,tw_wfi_privilege_trap_missing,riscv_illegal_instr_test,993006,/workspace/ibex/dv/uvm/out
2522,case_2522,bug_093,csr_exception,tw_wfi_privilege_trap_missing,riscv_illegal_instr_test,993014,/workspace/ibex/dv/uvm/out
2523,case_2523,bug_093,csr_exception,tw_wfi_privilege_trap_missing,riscv_illegal_instr_test,993018,/workspace/ibex/dv/uvm/out
2524,case_2524,bug_093,csr_exception,tw_wfi_privilege_trap_missing,riscv_illegal_instr_test,993022,/workspace/ibex/dv/uvm/out
2525,case_2525,bug_093,csr_exception,tw_wfi_privilege_trap_missing,riscv_user_mode_rand_test,993101,/workspace/ibex/dv/uvm/out
2526,case_2526,bug_093,csr_exception,tw_wfi_privilege_trap_missing,riscv_user_mode_rand_test,993105,/workspace/ibex/dv/uvm/out
2527,case_2527,bug_093,csr_exception,tw_wfi_privilege_trap_missing,riscv_user_mode_rand_test,993109,/workspace/ibex/dv/uvm/out
2528,case_2528,bug_093,csr_exception,tw_wfi_privilege_trap_missing,riscv_user_mode_rand_test,993113,/workspace/ibex/dv/uvm/out
2529,case_2529,bug_093,csr_exception,tw_wfi_privilege_trap_missing,riscv_user_mode_rand_test,993117,/workspace/ibex/dv/uvm/out
2530,case_2530,bug_093,csr_exception,tw_wfi_privilege_trap_missing,riscv_user_mode_rand_test,993121,/workspace/ibex/dv/uvm/out
2531,case_2531,bug_094,csr_exception,mret_allowed_outside_machine_mode,riscv_user_mode_rand_test,71942,/workspace/ibex/dv/uvm/out
2532,case_2532,bug_094,csr_exception,mret_allowed_outside_machine_mode,riscv_illegal_instr_test,73941,/workspace/ibex/dv/uvm/out
2533,case_2533,bug_094,csr_exception,mret_allowed_outside_machine_mode,riscv_illegal_instr_test,73942,/workspace/ibex/dv/uvm/out
2534,case_2534,bug_094,csr_exception,mret_allowed_outside_machine_mode,riscv_illegal_instr_test,994003,/workspace/ibex/dv/uvm/out
2535,case_2535,bug_094,csr_exception,mret_allowed_outside_machine_mode,riscv_illegal_instr_test,994007,/workspace/ibex/dv/uvm/out
2536,case_2536,bug_094,csr_exception,mret_allowed_outside_machine_mode,riscv_illegal_instr_test,994011,/workspace/ibex/dv/uvm/out
2537,case_2537,bug_094,csr_exception,mret_allowed_outside_machine_mode,riscv_illegal_instr_test,994015,/workspace/ibex/dv/uvm/out
2538,case_2538,bug_094,csr_exception,mret_allowed_outside_machine_mode,riscv_illegal_instr_test,994019,/workspace/ibex/dv/uvm/out
2539,case_2539,bug_094,csr_exception,mret_allowed_outside_machine_mode,riscv_illegal_instr_test,994023,/workspace/ibex/dv/uvm/out
2540,case_2540,bug_094,csr_exception,mret_allowed_outside_machine_mode,riscv_user_mode_rand_test,994106,/workspace/ibex/dv/uvm/out
2541,case_2541,bug_094,csr_exception,mret_allowed_outside_machine_mode,riscv_user_mode_rand_test,994110,/workspace/ibex/dv/uvm/out
2542,case_2542,bug_094,csr_exception,mret_allowed_outside_machine_mode,riscv_user_mode_rand_test,994114,/workspace/ibex/dv/uvm/out
2543,case_2543,bug_094,csr_exception,mret_allowed_outside_machine_mode,riscv_user_mode_rand_test,994118,/workspace/ibex/dv/uvm/out
2544,case_2544,bug_094,csr_exception,mret_allowed_outside_machine_mode,riscv_user_mode_rand_test,994122,/workspace/ibex/dv/uvm/out
2545,case_2545,bug_094,csr_exception,mret_allowed_outside_machine_mode,riscv_illegal_instr_test,994004,/workspace/ibex/dv/uvm/out
2546,case_2546,bug_094,csr_exception,mret_allowed_outside_machine_mode,riscv_illegal_instr_test,994008,/workspace/ibex/dv/uvm/out
2547,case_2547,bug_094,csr_exception,mret_allowed_outside_machine_mode,riscv_illegal_instr_test,994012,/workspace/ibex/dv/uvm/out
2548,case_2548,bug_094,csr_exception,mret_allowed_outside_machine_mode,riscv_illegal_instr_test,994020,/workspace/ibex/dv/uvm/out
2549,case_2549,bug_094,csr_exception,mret_allowed_outside_machine_mode,riscv_illegal_instr_test,994024,/workspace/ibex/dv/uvm/out
2550,case_2550,bug_094,csr_exception,mret_allowed_outside_machine_mode,riscv_user_mode_rand_test,994103,/workspace/ibex/dv/uvm/out
2551,case_2551,bug_094,csr_exception,mret_allowed_outside_machine_mode,riscv_user_mode_rand_test,994107,/workspace/ibex/dv/uvm/out
2552,case_2552,bug_094,csr_exception,mret_allowed_outside_machine_mode,riscv_user_mode_rand_test,994111,/workspace/ibex/dv/uvm/out
2553,case_2553,bug_094,csr_exception,mret_allowed_outside_machine_mode,riscv_user_mode_rand_test,994115,/workspace/ibex/dv/uvm/out
2554,case_2554,bug_094,csr_exception,mret_allowed_outside_machine_mode,riscv_user_mode_rand_test,994119,/workspace/ibex/dv/uvm/out
2555,case_2555,bug_094,csr_exception,mret_allowed_outside_machine_mode,riscv_user_mode_rand_test,994123,/workspace/ibex/dv/uvm/out
2556,case_2556,bug_094,csr_exception,mret_allowed_outside_machine_mode,riscv_illegal_instr_test,994001,/workspace/ibex/dv/uvm/out
2557,case_2557,bug_094,csr_exception,mret_allowed_outside_machine_mode,riscv_illegal_instr_test,994013,/workspace/ibex/dv/uvm/out
2558,case_2558,bug_094,csr_exception,mret_allowed_outside_machine_mode,riscv_illegal_instr_test,994017,/workspace/ibex/dv/uvm/out
2559,case_2559,bug_094,csr_exception,mret_allowed_outside_machine_mode,riscv_illegal_instr_test,994021,/workspace/ibex/dv/uvm/out
2560,case_2560,bug_094,csr_exception,mret_allowed_outside_machine_mode,riscv_illegal_instr_test,994025,/workspace/ibex/dv/uvm/out
2561,case_2561,bug_094,csr_exception,mret_allowed_outside_machine_mode,riscv_user_mode_rand_test,994104,/workspace/ibex/dv/uvm/out
2562,case_2562,bug_094,csr_exception,mret_allowed_outside_machine_mode,riscv_user_mode_rand_test,994108,/workspace/ibex/dv/uvm/out
2563,case_2563,bug_094,csr_exception,mret_allowed_outside_machine_mode,riscv_user_mode_rand_test,994112,/workspace/ibex/dv/uvm/out
2564,case_2564,bug_094,csr_exception,mret_allowed_outside_machine_mode,riscv_user_mode_rand_test,994120,/workspace/ibex/dv/uvm/out
2565,case_2565,bug_094,csr_exception,mret_allowed_outside_machine_mode,riscv_user_mode_rand_test,994124,/workspace/ibex/dv/uvm/out
2566,case_2566,bug_094,csr_exception,mret_allowed_outside_machine_mode,riscv_illegal_instr_test,994006,/workspace/ibex/dv/uvm/out
2567,case_2567,bug_094,csr_exception,mret_allowed_outside_machine_mode,riscv_illegal_instr_test,994010,/workspace/ibex/dv/uvm/out
2568,case_2568,bug_094,csr_exception,mret_allowed_outside_machine_mode,riscv_illegal_instr_test,994014,/workspace/ibex/dv/uvm/out
2569,case_2569,bug_094,csr_exception,mret_allowed_outside_machine_mode,riscv_illegal_instr_test,994018,/workspace/ibex/dv/uvm/out
2570,case_2570,bug_094,csr_exception,mret_allowed_outside_machine_mode,riscv_illegal_instr_test,994022,/workspace/ibex/dv/uvm/out
2571,case_2571,bug_094,csr_exception,mret_allowed_outside_machine_mode,riscv_user_mode_rand_test,994101,/workspace/ibex/dv/uvm/out
2572,case_2572,bug_094,csr_exception,mret_allowed_outside_machine_mode,riscv_user_mode_rand_test,994109,/workspace/ibex/dv/uvm/out
2573,case_2573,bug_094,csr_exception,mret_allowed_outside_machine_mode,riscv_user_mode_rand_test,994113,/workspace/ibex/dv/uvm/out
2574,case_2574,bug_094,csr_exception,mret_allowed_outside_machine_mode,riscv_user_mode_rand_test,994117,/workspace/ibex/dv/uvm/out
2575,case_2575,bug_094,csr_exception,mret_allowed_outside_machine_mode,riscv_user_mode_rand_test,994121,/workspace/ibex/dv/uvm/out
2576,case_2576,bug_094,csr_exception,mret_allowed_outside_machine_mode,riscv_user_mode_rand_test,994125,/workspace/ibex/dv/uvm/out
2577,case_2577,bug_095,csr,mtvec_write_forces_direct_mode,riscv_interrupt_csr_test,71951,/workspace/ibex/dv/uvm/out
2578,case_2578,bug_095,csr,mtvec_write_forces_direct_mode,riscv_interrupt_csr_test,71952,/workspace/ibex/dv/uvm/out
2579,case_2579,bug_095,csr,mtvec_write_forces_direct_mode,riscv_multiple_interrupt_test,73951,/workspace/ibex/dv/uvm/out
2580,case_2580,bug_095,csr,mtvec_write_forces_direct_mode,riscv_multiple_interrupt_test,73952,/workspace/ibex/dv/uvm/out
2581,case_2581,bug_095,csr,mtvec_write_forces_direct_mode,riscv_single_interrupt_test,73951,/workspace/ibex/dv/uvm/out
2582,case_2582,bug_095,csr,mtvec_write_forces_direct_mode,riscv_interrupt_csr_test,995003,/workspace/ibex/dv/uvm/out
2583,case_2583,bug_095,csr,mtvec_write_forces_direct_mode,riscv_interrupt_csr_test,995007,/workspace/ibex/dv/uvm/out
2584,case_2584,bug_095,csr,mtvec_write_forces_direct_mode,riscv_multiple_interrupt_test,995102,/workspace/ibex/dv/uvm/out
2585,case_2585,bug_095,csr,mtvec_write_forces_direct_mode,riscv_multiple_interrupt_test,995106,/workspace/ibex/dv/uvm/out
2586,case_2586,bug_095,csr,mtvec_write_forces_direct_mode,riscv_multiple_interrupt_test,995110,/workspace/ibex/dv/uvm/out
2587,case_2587,bug_095,csr,mtvec_write_forces_direct_mode,riscv_multiple_interrupt_test,995114,/workspace/ibex/dv/uvm/out
2588,case_2588,bug_095,csr,mtvec_write_forces_direct_mode,riscv_single_interrupt_test,995201,/workspace/ibex/dv/uvm/out
2589,case_2589,bug_095,csr,mtvec_write_forces_direct_mode,riscv_single_interrupt_test,995205,/workspace/ibex/dv/uvm/out
2590,case_2590,bug_095,csr,mtvec_write_forces_direct_mode,riscv_single_interrupt_test,995209,/workspace/ibex/dv/uvm/out
2591,case_2591,bug_095,csr,mtvec_write_forces_direct_mode,riscv_interrupt_csr_test,995008,/workspace/ibex/dv/uvm/out
2592,case_2592,bug_095,csr,mtvec_write_forces_direct_mode,riscv_interrupt_csr_test,995012,/workspace/ibex/dv/uvm/out
2593,case_2593,bug_095,csr,mtvec_write_forces_direct_mode,riscv_multiple_interrupt_test,995107,/workspace/ibex/dv/uvm/out
2594,case_2594,bug_095,csr,mtvec_write_forces_direct_mode,riscv_multiple_interrupt_test,995111,/workspace/ibex/dv/uvm/out
2595,case_2595,bug_095,csr,mtvec_write_forces_direct_mode,riscv_multiple_interrupt_test,995115,/workspace/ibex/dv/uvm/out
2596,case_2596,bug_095,csr,mtvec_write_forces_direct_mode,riscv_single_interrupt_test,995202,/workspace/ibex/dv/uvm/out
2597,case_2597,bug_095,csr,mtvec_write_forces_direct_mode,riscv_single_interrupt_test,995206,/workspace/ibex/dv/uvm/out
2598,case_2598,bug_095,csr,mtvec_write_forces_direct_mode,riscv_single_interrupt_test,995210,/workspace/ibex/dv/uvm/out
2599,case_2599,bug_095,csr,mtvec_write_forces_direct_mode,riscv_single_interrupt_test,995214,/workspace/ibex/dv/uvm/out
2600,case_2600,bug_095,csr,mtvec_write_forces_direct_mode,riscv_interrupt_csr_test,995001,/workspace/ibex/dv/uvm/out
2601,case_2601,bug_095,csr,mtvec_write_forces_direct_mode,riscv_interrupt_csr_test,995017,/workspace/ibex/dv/uvm/out
2602,case_2602,bug_095,csr,mtvec_write_forces_direct_mode,riscv_multiple_interrupt_test,995104,/workspace/ibex/dv/uvm/out
2603,case_2603,bug_095,csr,mtvec_write_forces_direct_mode,riscv_multiple_interrupt_test,995108,/workspace/ibex/dv/uvm/out
2604,case_2604,bug_095,csr,mtvec_write_forces_direct_mode,riscv_multiple_interrupt_test,995112,/workspace/ibex/dv/uvm/out
2605,case_2605,bug_095,csr,mtvec_write_forces_direct_mode,riscv_multiple_interrupt_test,995116,/workspace/ibex/dv/uvm/out
2606,case_2606,bug_095,csr,mtvec_write_forces_direct_mode,riscv_single_interrupt_test,995203,/workspace/ibex/dv/uvm/out
2607,case_2607,bug_095,csr,mtvec_write_forces_direct_mode,riscv_single_interrupt_test,995207,/workspace/ibex/dv/uvm/out
2608,case_2608,bug_095,csr,mtvec_write_forces_direct_mode,riscv_single_interrupt_test,995211,/workspace/ibex/dv/uvm/out
2609,case_2609,bug_095,csr,mtvec_write_forces_direct_mode,riscv_single_interrupt_test,995215,/workspace/ibex/dv/uvm/out
2610,case_2610,bug_095,csr,mtvec_write_forces_direct_mode,riscv_interrupt_csr_test,995002,/workspace/ibex/dv/uvm/out
2611,case_2611,bug_095,csr,mtvec_write_forces_direct_mode,riscv_interrupt_csr_test,995006,/workspace/ibex/dv/uvm/out
2612,case_2612,bug_095,csr,mtvec_write_forces_direct_mode,riscv_interrupt_csr_test,995010,/workspace/ibex/dv/uvm/out
2613,case_2613,bug_095,csr,mtvec_write_forces_direct_mode,riscv_interrupt_csr_test,995014,/workspace/ibex/dv/uvm/out
2614,case_2614,bug_095,csr,mtvec_write_forces_direct_mode,riscv_multiple_interrupt_test,995101,/workspace/ibex/dv/uvm/out
2615,case_2615,bug_095,csr,mtvec_write_forces_direct_mode,riscv_multiple_interrupt_test,995105,/workspace/ibex/dv/uvm/out
2616,case_2616,bug_095,csr,mtvec_write_forces_direct_mode,riscv_multiple_interrupt_test,995109,/workspace/ibex/dv/uvm/out
2617,case_2617,bug_095,csr,mtvec_write_forces_direct_mode,riscv_multiple_interrupt_test,995113,/workspace/ibex/dv/uvm/out
2618,case_2618,bug_095,csr,mtvec_write_forces_direct_mode,riscv_multiple_interrupt_test,995117,/workspace/ibex/dv/uvm/out
2619,case_2619,bug_095,csr,mtvec_write_forces_direct_mode,riscv_single_interrupt_test,995204,/workspace/ibex/dv/uvm/out
2620,case_2620,bug_095,csr,mtvec_write_forces_direct_mode,riscv_single_interrupt_test,995208,/workspace/ibex/dv/uvm/out
2621,case_2621,bug_095,csr,mtvec_write_forces_direct_mode,riscv_single_interrupt_test,995212,/workspace/ibex/dv/uvm/out
2622,case_2622,bug_095,csr,mtvec_write_forces_direct_mode,riscv_single_interrupt_test,995216,/workspace/ibex/dv/uvm/out
2623,case_2623,bug_096,interrupt,irq_vector_low_bits_corrupted,riscv_multiple_interrupt_test,71961,/workspace/ibex/dv/uvm/out
2624,case_2624,bug_096,interrupt,irq_vector_low_bits_corrupted,riscv_multiple_interrupt_test,71962,/workspace/ibex/dv/uvm/out
2625,case_2625,bug_096,interrupt,irq_vector_low_bits_corrupted,riscv_single_interrupt_test,71961,/workspace/ibex/dv/uvm/out
2626,case_2626,bug_096,interrupt,irq_vector_low_bits_corrupted,riscv_single_interrupt_test,71962,/workspace/ibex/dv/uvm/out
2627,case_2627,bug_096,interrupt,irq_vector_low_bits_corrupted,riscv_multiple_interrupt_test,996002,/workspace/ibex/dv/uvm/out
2628,case_2628,bug_096,interrupt,irq_vector_low_bits_corrupted,riscv_multiple_interrupt_test,996006,/workspace/ibex/dv/uvm/out
2629,case_2629,bug_096,interrupt,irq_vector_low_bits_corrupted,riscv_multiple_interrupt_test,996010,/workspace/ibex/dv/uvm/out
2630,case_2630,bug_096,interrupt,irq_vector_low_bits_corrupted,riscv_multiple_interrupt_test,996014,/workspace/ibex/dv/uvm/out
2631,case_2631,bug_096,interrupt,irq_vector_low_bits_corrupted,riscv_multiple_interrupt_test,996018,/workspace/ibex/dv/uvm/out
2632,case_2632,bug_096,interrupt,irq_vector_low_bits_corrupted,riscv_multiple_interrupt_test,996022,/workspace/ibex/dv/uvm/out
2633,case_2633,bug_096,interrupt,irq_vector_low_bits_corrupted,riscv_single_interrupt_test,996105,/workspace/ibex/dv/uvm/out
2634,case_2634,bug_096,interrupt,irq_vector_low_bits_corrupted,riscv_single_interrupt_test,996109,/workspace/ibex/dv/uvm/out
2635,case_2635,bug_096,interrupt,irq_vector_low_bits_corrupted,riscv_single_interrupt_test,996113,/workspace/ibex/dv/uvm/out
2636,case_2636,bug_096,interrupt,irq_vector_low_bits_corrupted,riscv_single_interrupt_test,996121,/workspace/ibex/dv/uvm/out
2637,case_2637,bug_096,interrupt,irq_vector_low_bits_corrupted,riscv_multiple_interrupt_test,996007,/workspace/ibex/dv/uvm/out
2638,case_2638,bug_096,interrupt,irq_vector_low_bits_corrupted,riscv_multiple_interrupt_test,996015,/workspace/ibex/dv/uvm/out
2639,case_2639,bug_096,interrupt,irq_vector_low_bits_corrupted,riscv_multiple_interrupt_test,996019,/workspace/ibex/dv/uvm/out
2640,case_2640,bug_096,interrupt,irq_vector_low_bits_corrupted,riscv_single_interrupt_test,996102,/workspace/ibex/dv/uvm/out
2641,case_2641,bug_096,interrupt,irq_vector_low_bits_corrupted,riscv_single_interrupt_test,996106,/workspace/ibex/dv/uvm/out
2642,case_2642,bug_096,interrupt,irq_vector_low_bits_corrupted,riscv_single_interrupt_test,996110,/workspace/ibex/dv/uvm/out
2643,case_2643,bug_096,interrupt,irq_vector_low_bits_corrupted,riscv_single_interrupt_test,996114,/workspace/ibex/dv/uvm/out
2644,case_2644,bug_096,interrupt,irq_vector_low_bits_corrupted,riscv_single_interrupt_test,996118,/workspace/ibex/dv/uvm/out
2645,case_2645,bug_096,interrupt,irq_vector_low_bits_corrupted,riscv_multiple_interrupt_test,996004,/workspace/ibex/dv/uvm/out
2646,case_2646,bug_096,interrupt,irq_vector_low_bits_corrupted,riscv_multiple_interrupt_test,996008,/workspace/ibex/dv/uvm/out
2647,case_2647,bug_096,interrupt,irq_vector_low_bits_corrupted,riscv_multiple_interrupt_test,996012,/workspace/ibex/dv/uvm/out
2648,case_2648,bug_096,interrupt,irq_vector_low_bits_corrupted,riscv_multiple_interrupt_test,996016,/workspace/ibex/dv/uvm/out
2649,case_2649,bug_096,interrupt,irq_vector_low_bits_corrupted,riscv_multiple_interrupt_test,996020,/workspace/ibex/dv/uvm/out
2650,case_2650,bug_096,interrupt,irq_vector_low_bits_corrupted,riscv_multiple_interrupt_test,996024,/workspace/ibex/dv/uvm/out
2651,case_2651,bug_096,interrupt,irq_vector_low_bits_corrupted,riscv_single_interrupt_test,996103,/workspace/ibex/dv/uvm/out
2652,case_2652,bug_096,interrupt,irq_vector_low_bits_corrupted,riscv_single_interrupt_test,996107,/workspace/ibex/dv/uvm/out
2653,case_2653,bug_096,interrupt,irq_vector_low_bits_corrupted,riscv_single_interrupt_test,996111,/workspace/ibex/dv/uvm/out
2654,case_2654,bug_096,interrupt,irq_vector_low_bits_corrupted,riscv_single_interrupt_test,996115,/workspace/ibex/dv/uvm/out
2655,case_2655,bug_096,interrupt,irq_vector_low_bits_corrupted,riscv_single_interrupt_test,996119,/workspace/ibex/dv/uvm/out
2656,case_2656,bug_096,interrupt,irq_vector_low_bits_corrupted,riscv_single_interrupt_test,996123,/workspace/ibex/dv/uvm/out
2657,case_2657,bug_096,interrupt,irq_vector_low_bits_corrupted,riscv_multiple_interrupt_test,996001,/workspace/ibex/dv/uvm/out
2658,case_2658,bug_096,interrupt,irq_vector_low_bits_corrupted,riscv_multiple_interrupt_test,996005,/workspace/ibex/dv/uvm/out
2659,case_2659,bug_096,interrupt,irq_vector_low_bits_corrupted,riscv_multiple_interrupt_test,996009,/workspace/ibex/dv/uvm/out
2660,case_2660,bug_096,interrupt,irq_vector_low_bits_corrupted,riscv_multiple_interrupt_test,996013,/workspace/ibex/dv/uvm/out
2661,case_2661,bug_096,interrupt,irq_vector_low_bits_corrupted,riscv_multiple_interrupt_test,996017,/workspace/ibex/dv/uvm/out
2662,case_2662,bug_096,interrupt,irq_vector_low_bits_corrupted,riscv_multiple_interrupt_test,996021,/workspace/ibex/dv/uvm/out
2663,case_2663,bug_096,interrupt,irq_vector_low_bits_corrupted,riscv_multiple_interrupt_test,996025,/workspace/ibex/dv/uvm/out
2664,case_2664,bug_096,interrupt,irq_vector_low_bits_corrupted,riscv_single_interrupt_test,996104,/workspace/ibex/dv/uvm/out
2665,case_2665,bug_096,interrupt,irq_vector_low_bits_corrupted,riscv_single_interrupt_test,996108,/workspace/ibex/dv/uvm/out
2666,case_2666,bug_096,interrupt,irq_vector_low_bits_corrupted,riscv_single_interrupt_test,996112,/workspace/ibex/dv/uvm/out
2667,case_2667,bug_096,interrupt,irq_vector_low_bits_corrupted,riscv_single_interrupt_test,996116,/workspace/ibex/dv/uvm/out
2668,case_2668,bug_096,interrupt,irq_vector_low_bits_corrupted,riscv_single_interrupt_test,996120,/workspace/ibex/dv/uvm/out
2669,case_2669,bug_097,csr_exception,exception_vector_uses_boot_offset,riscv_illegal_instr_test,71972,/workspace/ibex/dv/uvm/out
2670,case_2670,bug_097,csr_exception,exception_vector_uses_boot_offset,riscv_invalid_csr_test,71972,/workspace/ibex/dv/uvm/out
2671,case_2671,bug_097,csr_exception,exception_vector_uses_boot_offset,riscv_illegal_instr_test,997002,/workspace/ibex/dv/uvm/out
2672,case_2672,bug_097,csr_exception,exception_vector_uses_boot_offset,riscv_illegal_instr_test,997006,/workspace/ibex/dv/uvm/out
2673,case_2673,bug_097,csr_exception,exception_vector_uses_boot_offset,riscv_illegal_instr_test,997010,/workspace/ibex/dv/uvm/out
2674,case_2674,bug_097,csr_exception,exception_vector_uses_boot_offset,riscv_illegal_instr_test,997014,/workspace/ibex/dv/uvm/out
2675,case_2675,bug_097,csr_exception,exception_vector_uses_boot_offset,riscv_illegal_instr_test,997018,/workspace/ibex/dv/uvm/out
2676,case_2676,bug_097,csr_exception,exception_vector_uses_boot_offset,riscv_invalid_csr_test,997101,/workspace/ibex/dv/uvm/out
2677,case_2677,bug_097,csr_exception,exception_vector_uses_boot_offset,riscv_invalid_csr_test,997105,/workspace/ibex/dv/uvm/out
2678,case_2678,bug_097,csr_exception,exception_vector_uses_boot_offset,riscv_invalid_csr_test,997109,/workspace/ibex/dv/uvm/out
2679,case_2679,bug_097,csr_exception,exception_vector_uses_boot_offset,riscv_invalid_csr_test,997113,/workspace/ibex/dv/uvm/out
2680,case_2680,bug_097,csr_exception,exception_vector_uses_boot_offset,riscv_invalid_csr_test,997117,/workspace/ibex/dv/uvm/out
2681,case_2681,bug_097,csr_exception,exception_vector_uses_boot_offset,riscv_invalid_csr_test,997121,/workspace/ibex/dv/uvm/out
2682,case_2682,bug_097,csr_exception,exception_vector_uses_boot_offset,riscv_invalid_csr_test,997125,/workspace/ibex/dv/uvm/out
2683,case_2683,bug_097,csr_exception,exception_vector_uses_boot_offset,riscv_illegal_instr_test,997003,/workspace/ibex/dv/uvm/out
2684,case_2684,bug_097,csr_exception,exception_vector_uses_boot_offset,riscv_illegal_instr_test,997007,/workspace/ibex/dv/uvm/out
2685,case_2685,bug_097,csr_exception,exception_vector_uses_boot_offset,riscv_illegal_instr_test,997011,/workspace/ibex/dv/uvm/out
2686,case_2686,bug_097,csr_exception,exception_vector_uses_boot_offset,riscv_illegal_instr_test,997015,/workspace/ibex/dv/uvm/out
2687,case_2687,bug_097,csr_exception,exception_vector_uses_boot_offset,riscv_invalid_csr_test,997102,/workspace/ibex/dv/uvm/out
2688,case_2688,bug_097,csr_exception,exception_vector_uses_boot_offset,riscv_invalid_csr_test,997110,/workspace/ibex/dv/uvm/out
2689,case_2689,bug_097,csr_exception,exception_vector_uses_boot_offset,riscv_invalid_csr_test,997114,/workspace/ibex/dv/uvm/out
2690,case_2690,bug_097,csr_exception,exception_vector_uses_boot_offset,riscv_invalid_csr_test,997118,/workspace/ibex/dv/uvm/out
2691,case_2691,bug_097,csr_exception,exception_vector_uses_boot_offset,riscv_invalid_csr_test,997122,/workspace/ibex/dv/uvm/out
2692,case_2692,bug_097,csr_exception,exception_vector_uses_boot_offset,riscv_illegal_instr_test,997004,/workspace/ibex/dv/uvm/out
2693,case_2693,bug_097,csr_exception,exception_vector_uses_boot_offset,riscv_illegal_instr_test,997008,/workspace/ibex/dv/uvm/out
2694,case_2694,bug_097,csr_exception,exception_vector_uses_boot_offset,riscv_illegal_instr_test,997012,/workspace/ibex/dv/uvm/out
2695,case_2695,bug_097,csr_exception,exception_vector_uses_boot_offset,riscv_illegal_instr_test,997020,/workspace/ibex/dv/uvm/out
2696,case_2696,bug_097,csr_exception,exception_vector_uses_boot_offset,riscv_illegal_instr_test,997024,/workspace/ibex/dv/uvm/out
2697,case_2697,bug_097,csr_exception,exception_vector_uses_boot_offset,riscv_invalid_csr_test,997103,/workspace/ibex/dv/uvm/out
2698,case_2698,bug_097,csr_exception,exception_vector_uses_boot_offset,riscv_invalid_csr_test,997107,/workspace/ibex/dv/uvm/out
2699,case_2699,bug_097,csr_exception,exception_vector_uses_boot_offset,riscv_invalid_csr_test,997111,/workspace/ibex/dv/uvm/out
2700,case_2700,bug_097,csr_exception,exception_vector_uses_boot_offset,riscv_invalid_csr_test,997115,/workspace/ibex/dv/uvm/out
2701,case_2701,bug_097,csr_exception,exception_vector_uses_boot_offset,riscv_invalid_csr_test,997119,/workspace/ibex/dv/uvm/out
2702,case_2702,bug_097,csr_exception,exception_vector_uses_boot_offset,riscv_invalid_csr_test,997123,/workspace/ibex/dv/uvm/out
2703,case_2703,bug_097,csr_exception,exception_vector_uses_boot_offset,riscv_illegal_instr_test,997001,/workspace/ibex/dv/uvm/out
2704,case_2704,bug_097,csr_exception,exception_vector_uses_boot_offset,riscv_illegal_instr_test,997005,/workspace/ibex/dv/uvm/out
2705,case_2705,bug_097,csr_exception,exception_vector_uses_boot_offset,riscv_illegal_instr_test,997009,/workspace/ibex/dv/uvm/out
2706,case_2706,bug_097,csr_exception,exception_vector_uses_boot_offset,riscv_illegal_instr_test,997017,/workspace/ibex/dv/uvm/out
2707,case_2707,bug_097,csr_exception,exception_vector_uses_boot_offset,riscv_illegal_instr_test,997021,/workspace/ibex/dv/uvm/out
2708,case_2708,bug_097,csr_exception,exception_vector_uses_boot_offset,riscv_illegal_instr_test,997025,/workspace/ibex/dv/uvm/out
2709,case_2709,bug_097,csr_exception,exception_vector_uses_boot_offset,riscv_invalid_csr_test,997104,/workspace/ibex/dv/uvm/out
2710,case_2710,bug_097,csr_exception,exception_vector_uses_boot_offset,riscv_invalid_csr_test,997108,/workspace/ibex/dv/uvm/out
2711,case_2711,bug_097,csr_exception,exception_vector_uses_boot_offset,riscv_invalid_csr_test,997112,/workspace/ibex/dv/uvm/out
2712,case_2712,bug_097,csr_exception,exception_vector_uses_boot_offset,riscv_invalid_csr_test,997116,/workspace/ibex/dv/uvm/out
2713,case_2713,bug_097,csr_exception,exception_vector_uses_boot_offset,riscv_invalid_csr_test,997120,/workspace/ibex/dv/uvm/out
2714,case_2714,bug_097,csr_exception,exception_vector_uses_boot_offset,riscv_invalid_csr_test,997124,/workspace/ibex/dv/uvm/out
2715,case_2715,bug_098,csr,mstatus_mie_written_from_mpie_bit,riscv_interrupt_csr_test,71981,/workspace/ibex/dv/uvm/out
2716,case_2716,bug_098,csr,mstatus_mie_written_from_mpie_bit,riscv_multiple_interrupt_test,73981,/workspace/ibex/dv/uvm/out
2717,case_2717,bug_098,csr,mstatus_mie_written_from_mpie_bit,riscv_multiple_interrupt_test,73982,/workspace/ibex/dv/uvm/out
2718,case_2718,bug_098,csr,mstatus_mie_written_from_mpie_bit,riscv_single_interrupt_test,73981,/workspace/ibex/dv/uvm/out
2719,case_2719,bug_098,csr,mstatus_mie_written_from_mpie_bit,riscv_single_interrupt_test,73982,/workspace/ibex/dv/uvm/out
2720,case_2720,bug_098,csr,mstatus_mie_written_from_mpie_bit,riscv_interrupt_csr_test,998003,/workspace/ibex/dv/uvm/out
2721,case_2721,bug_098,csr,mstatus_mie_written_from_mpie_bit,riscv_interrupt_csr_test,998007,/workspace/ibex/dv/uvm/out
2722,case_2722,bug_098,csr,mstatus_mie_written_from_mpie_bit,riscv_interrupt_csr_test,998011,/workspace/ibex/dv/uvm/out
2723,case_2723,bug_098,csr,mstatus_mie_written_from_mpie_bit,riscv_multiple_interrupt_test,998102,/workspace/ibex/dv/uvm/out
2724,case_2724,bug_098,csr,mstatus_mie_written_from_mpie_bit,riscv_multiple_interrupt_test,998106,/workspace/ibex/dv/uvm/out
2725,case_2725,bug_098,csr,mstatus_mie_written_from_mpie_bit,riscv_multiple_interrupt_test,998110,/workspace/ibex/dv/uvm/out
2726,case_2726,bug_098,csr,mstatus_mie_written_from_mpie_bit,riscv_multiple_interrupt_test,998114,/workspace/ibex/dv/uvm/out
2727,case_2727,bug_098,csr,mstatus_mie_written_from_mpie_bit,riscv_single_interrupt_test,998201,/workspace/ibex/dv/uvm/out
2728,case_2728,bug_098,csr,mstatus_mie_written_from_mpie_bit,riscv_single_interrupt_test,998205,/workspace/ibex/dv/uvm/out
2729,case_2729,bug_098,csr,mstatus_mie_written_from_mpie_bit,riscv_single_interrupt_test,998209,/workspace/ibex/dv/uvm/out
2730,case_2730,bug_098,csr,mstatus_mie_written_from_mpie_bit,riscv_single_interrupt_test,998213,/workspace/ibex/dv/uvm/out
2731,case_2731,bug_098,csr,mstatus_mie_written_from_mpie_bit,riscv_interrupt_csr_test,998004,/workspace/ibex/dv/uvm/out
2732,case_2732,bug_098,csr,mstatus_mie_written_from_mpie_bit,riscv_interrupt_csr_test,998008,/workspace/ibex/dv/uvm/out
2733,case_2733,bug_098,csr,mstatus_mie_written_from_mpie_bit,riscv_multiple_interrupt_test,998103,/workspace/ibex/dv/uvm/out
2734,case_2734,bug_098,csr,mstatus_mie_written_from_mpie_bit,riscv_multiple_interrupt_test,998111,/workspace/ibex/dv/uvm/out
2735,case_2735,bug_098,csr,mstatus_mie_written_from_mpie_bit,riscv_multiple_interrupt_test,998115,/workspace/ibex/dv/uvm/out
2736,case_2736,bug_098,csr,mstatus_mie_written_from_mpie_bit,riscv_single_interrupt_test,998202,/workspace/ibex/dv/uvm/out
2737,case_2737,bug_098,csr,mstatus_mie_written_from_mpie_bit,riscv_single_interrupt_test,998206,/workspace/ibex/dv/uvm/out
2738,case_2738,bug_098,csr,mstatus_mie_written_from_mpie_bit,riscv_single_interrupt_test,998210,/workspace/ibex/dv/uvm/out
2739,case_2739,bug_098,csr,mstatus_mie_written_from_mpie_bit,riscv_single_interrupt_test,998214,/workspace/ibex/dv/uvm/out
2740,case_2740,bug_098,csr,mstatus_mie_written_from_mpie_bit,riscv_interrupt_csr_test,998009,/workspace/ibex/dv/uvm/out
2741,case_2741,bug_098,csr,mstatus_mie_written_from_mpie_bit,riscv_interrupt_csr_test,998013,/workspace/ibex/dv/uvm/out
2742,case_2742,bug_098,csr,mstatus_mie_written_from_mpie_bit,riscv_interrupt_csr_test,998017,/workspace/ibex/dv/uvm/out
2743,case_2743,bug_098,csr,mstatus_mie_written_from_mpie_bit,riscv_multiple_interrupt_test,998104,/workspace/ibex/dv/uvm/out
2744,case_2744,bug_098,csr,mstatus_mie_written_from_mpie_bit,riscv_multiple_interrupt_test,998108,/workspace/ibex/dv/uvm/out
2745,case_2745,bug_098,csr,mstatus_mie_written_from_mpie_bit,riscv_multiple_interrupt_test,998112,/workspace/ibex/dv/uvm/out
2746,case_2746,bug_098,csr,mstatus_mie_written_from_mpie_bit,riscv_multiple_interrupt_test,998116,/workspace/ibex/dv/uvm/out
2747,case_2747,bug_098,csr,mstatus_mie_written_from_mpie_bit,riscv_single_interrupt_test,998203,/workspace/ibex/dv/uvm/out
2748,case_2748,bug_098,csr,mstatus_mie_written_from_mpie_bit,riscv_single_interrupt_test,998207,/workspace/ibex/dv/uvm/out
2749,case_2749,bug_098,csr,mstatus_mie_written_from_mpie_bit,riscv_single_interrupt_test,998211,/workspace/ibex/dv/uvm/out
2750,case_2750,bug_098,csr,mstatus_mie_written_from_mpie_bit,riscv_single_interrupt_test,998215,/workspace/ibex/dv/uvm/out
2751,case_2751,bug_098,csr,mstatus_mie_written_from_mpie_bit,riscv_interrupt_csr_test,998002,/workspace/ibex/dv/uvm/out
2752,case_2752,bug_098,csr,mstatus_mie_written_from_mpie_bit,riscv_interrupt_csr_test,998010,/workspace/ibex/dv/uvm/out
2753,case_2753,bug_098,csr,mstatus_mie_written_from_mpie_bit,riscv_interrupt_csr_test,998014,/workspace/ibex/dv/uvm/out
2754,case_2754,bug_098,csr,mstatus_mie_written_from_mpie_bit,riscv_multiple_interrupt_test,998101,/workspace/ibex/dv/uvm/out
2755,case_2755,bug_098,csr,mstatus_mie_written_from_mpie_bit,riscv_multiple_interrupt_test,998105,/workspace/ibex/dv/uvm/out
2756,case_2756,bug_098,csr,mstatus_mie_written_from_mpie_bit,riscv_multiple_interrupt_test,998109,/workspace/ibex/dv/uvm/out
2757,case_2757,bug_098,csr,mstatus_mie_written_from_mpie_bit,riscv_single_interrupt_test,998204,/workspace/ibex/dv/uvm/out
2758,case_2758,bug_098,csr,mstatus_mie_written_from_mpie_bit,riscv_single_interrupt_test,998208,/workspace/ibex/dv/uvm/out
2759,case_2759,bug_098,csr,mstatus_mie_written_from_mpie_bit,riscv_single_interrupt_test,998212,/workspace/ibex/dv/uvm/out
2760,case_2760,bug_098,csr,mstatus_mie_written_from_mpie_bit,riscv_single_interrupt_test,998216,/workspace/ibex/dv/uvm/out
2761,case_2761,bug_099,interrupt,mie_timer_external_enable_swapped,riscv_interrupt_csr_test,71992,/workspace/ibex/dv/uvm/out
2762,case_2762,bug_099,interrupt,mie_timer_external_enable_swapped,riscv_single_interrupt_test,71991,/workspace/ibex/dv/uvm/out
2763,case_2763,bug_099,interrupt,mie_timer_external_enable_swapped,riscv_single_interrupt_test,71992,/workspace/ibex/dv/uvm/out
2764,case_2764,bug_099,interrupt,mie_timer_external_enable_swapped,riscv_multiple_interrupt_test,73991,/workspace/ibex/dv/uvm/out
2765,case_2765,bug_099,interrupt,mie_timer_external_enable_swapped,riscv_multiple_interrupt_test,73992,/workspace/ibex/dv/uvm/out
2766,case_2766,bug_099,interrupt,mie_timer_external_enable_swapped,riscv_interrupt_csr_test,999208,/workspace/ibex/dv/uvm/out
2767,case_2767,bug_099,interrupt,mie_timer_external_enable_swapped,riscv_interrupt_csr_test,999212,/workspace/ibex/dv/uvm/out
2768,case_2768,bug_099,interrupt,mie_timer_external_enable_swapped,riscv_multiple_interrupt_test,999002,/workspace/ibex/dv/uvm/out
2769,case_2769,bug_099,interrupt,mie_timer_external_enable_swapped,riscv_multiple_interrupt_test,999010,/workspace/ibex/dv/uvm/out
2770,case_2770,bug_099,interrupt,mie_timer_external_enable_swapped,riscv_multiple_interrupt_test,999014,/workspace/ibex/dv/uvm/out
2771,case_2771,bug_099,interrupt,mie_timer_external_enable_swapped,riscv_single_interrupt_test,999101,/workspace/ibex/dv/uvm/out
2772,case_2772,bug_099,interrupt,mie_timer_external_enable_swapped,riscv_single_interrupt_test,999105,/workspace/ibex/dv/uvm/out
2773,case_2773,bug_099,interrupt,mie_timer_external_enable_swapped,riscv_single_interrupt_test,999109,/workspace/ibex/dv/uvm/out
2774,case_2774,bug_099,interrupt,mie_timer_external_enable_swapped,riscv_single_interrupt_test,999113,/workspace/ibex/dv/uvm/out
2775,case_2775,bug_099,interrupt,mie_timer_external_enable_swapped,riscv_single_interrupt_test,999117,/workspace/ibex/dv/uvm/out
2776,case_2776,bug_099,interrupt,mie_timer_external_enable_swapped,riscv_interrupt_csr_test,999201,/workspace/ibex/dv/uvm/out
2777,case_2777,bug_099,interrupt,mie_timer_external_enable_swapped,riscv_interrupt_csr_test,999205,/workspace/ibex/dv/uvm/out
2778,case_2778,bug_099,interrupt,mie_timer_external_enable_swapped,riscv_multiple_interrupt_test,999003,/workspace/ibex/dv/uvm/out
2779,case_2779,bug_099,interrupt,mie_timer_external_enable_swapped,riscv_multiple_interrupt_test,999011,/workspace/ibex/dv/uvm/out
2780,case_2780,bug_099,interrupt,mie_timer_external_enable_swapped,riscv_multiple_interrupt_test,999015,/workspace/ibex/dv/uvm/out
2781,case_2781,bug_099,interrupt,mie_timer_external_enable_swapped,riscv_single_interrupt_test,999102,/workspace/ibex/dv/uvm/out
2782,case_2782,bug_099,interrupt,mie_timer_external_enable_swapped,riscv_single_interrupt_test,999110,/workspace/ibex/dv/uvm/out
2783,case_2783,bug_099,interrupt,mie_timer_external_enable_swapped,riscv_single_interrupt_test,999114,/workspace/ibex/dv/uvm/out
2784,case_2784,bug_099,interrupt,mie_timer_external_enable_swapped,riscv_interrupt_csr_test,999202,/workspace/ibex/dv/uvm/out
2785,case_2785,bug_099,interrupt,mie_timer_external_enable_swapped,riscv_interrupt_csr_test,999206,/workspace/ibex/dv/uvm/out
2786,case_2786,bug_099,interrupt,mie_timer_external_enable_swapped,riscv_interrupt_csr_test,999210,/workspace/ibex/dv/uvm/out
2787,case_2787,bug_099,interrupt,mie_timer_external_enable_swapped,riscv_interrupt_csr_test,999214,/workspace/ibex/dv/uvm/out
2788,case_2788,bug_099,interrupt,mie_timer_external_enable_swapped,riscv_multiple_interrupt_test,999008,/workspace/ibex/dv/uvm/out
2789,case_2789,bug_099,interrupt,mie_timer_external_enable_swapped,riscv_multiple_interrupt_test,999012,/workspace/ibex/dv/uvm/out
2790,case_2790,bug_099,interrupt,mie_timer_external_enable_swapped,riscv_multiple_interrupt_test,999016,/workspace/ibex/dv/uvm/out
2791,case_2791,bug_099,interrupt,mie_timer_external_enable_swapped,riscv_single_interrupt_test,999103,/workspace/ibex/dv/uvm/out
2792,case_2792,bug_099,interrupt,mie_timer_external_enable_swapped,riscv_single_interrupt_test,999107,/workspace/ibex/dv/uvm/out
2793,case_2793,bug_099,interrupt,mie_timer_external_enable_swapped,riscv_single_interrupt_test,999111,/workspace/ibex/dv/uvm/out
2794,case_2794,bug_099,interrupt,mie_timer_external_enable_swapped,riscv_single_interrupt_test,999115,/workspace/ibex/dv/uvm/out
2795,case_2795,bug_099,interrupt,mie_timer_external_enable_swapped,riscv_interrupt_csr_test,999203,/workspace/ibex/dv/uvm/out
2796,case_2796,bug_099,interrupt,mie_timer_external_enable_swapped,riscv_interrupt_csr_test,999207,/workspace/ibex/dv/uvm/out
2797,case_2797,bug_099,interrupt,mie_timer_external_enable_swapped,riscv_interrupt_csr_test,999211,/workspace/ibex/dv/uvm/out
2798,case_2798,bug_099,interrupt,mie_timer_external_enable_swapped,riscv_interrupt_csr_test,999215,/workspace/ibex/dv/uvm/out
2799,case_2799,bug_099,interrupt,mie_timer_external_enable_swapped,riscv_multiple_interrupt_test,999001,/workspace/ibex/dv/uvm/out
2800,case_2800,bug_099,interrupt,mie_timer_external_enable_swapped,riscv_multiple_interrupt_test,999005,/workspace/ibex/dv/uvm/out
2801,case_2801,bug_099,interrupt,mie_timer_external_enable_swapped,riscv_multiple_interrupt_test,999009,/workspace/ibex/dv/uvm/out
2802,case_2802,bug_099,interrupt,mie_timer_external_enable_swapped,riscv_multiple_interrupt_test,999013,/workspace/ibex/dv/uvm/out
2803,case_2803,bug_099,interrupt,mie_timer_external_enable_swapped,riscv_single_interrupt_test,999104,/workspace/ibex/dv/uvm/out
2804,case_2804,bug_099,interrupt,mie_timer_external_enable_swapped,riscv_single_interrupt_test,999108,/workspace/ibex/dv/uvm/out
2805,case_2805,bug_099,interrupt,mie_timer_external_enable_swapped,riscv_single_interrupt_test,999112,/workspace/ibex/dv/uvm/out
2806,case_2806,bug_099,interrupt,mie_timer_external_enable_swapped,riscv_single_interrupt_test,999116,/workspace/ibex/dv/uvm/out
2807,case_2807,bug_100,csr_exception,exception_entry_leaves_mie_enabled,riscv_multiple_interrupt_test,72001,/workspace/ibex/dv/uvm/out
2808,case_2808,bug_100,csr_exception,exception_entry_leaves_mie_enabled,riscv_multiple_interrupt_test,72002,/workspace/ibex/dv/uvm/out
2809,case_2809,bug_100,csr_exception,exception_entry_leaves_mie_enabled,riscv_single_interrupt_test,72001,/workspace/ibex/dv/uvm/out
2810,case_2810,bug_100,csr_exception,exception_entry_leaves_mie_enabled,riscv_single_interrupt_test,72002,/workspace/ibex/dv/uvm/out
2811,case_2811,bug_100,csr_exception,exception_entry_leaves_mie_enabled,riscv_multiple_interrupt_test,1000001,/workspace/ibex/dv/uvm/out
2812,case_2812,bug_100,csr_exception,exception_entry_leaves_mie_enabled,riscv_multiple_interrupt_test,1000005,/workspace/ibex/dv/uvm/out
2813,case_2813,bug_100,csr_exception,exception_entry_leaves_mie_enabled,riscv_multiple_interrupt_test,1000009,/workspace/ibex/dv/uvm/out
2814,case_2814,bug_100,csr_exception,exception_entry_leaves_mie_enabled,riscv_multiple_interrupt_test,1000013,/workspace/ibex/dv/uvm/out
2815,case_2815,bug_100,csr_exception,exception_entry_leaves_mie_enabled,riscv_multiple_interrupt_test,1000021,/workspace/ibex/dv/uvm/out
2816,case_2816,bug_100,csr_exception,exception_entry_leaves_mie_enabled,riscv_multiple_interrupt_test,1000025,/workspace/ibex/dv/uvm/out
2817,case_2817,bug_100,csr_exception,exception_entry_leaves_mie_enabled,riscv_single_interrupt_test,1000104,/workspace/ibex/dv/uvm/out
2818,case_2818,bug_100,csr_exception,exception_entry_leaves_mie_enabled,riscv_single_interrupt_test,1000108,/workspace/ibex/dv/uvm/out
2819,case_2819,bug_100,csr_exception,exception_entry_leaves_mie_enabled,riscv_single_interrupt_test,1000112,/workspace/ibex/dv/uvm/out
2820,case_2820,bug_100,csr_exception,exception_entry_leaves_mie_enabled,riscv_single_interrupt_test,1000116,/workspace/ibex/dv/uvm/out
2821,case_2821,bug_100,csr_exception,exception_entry_leaves_mie_enabled,riscv_single_interrupt_test,1000120,/workspace/ibex/dv/uvm/out
2822,case_2822,bug_100,csr_exception,exception_entry_leaves_mie_enabled,riscv_single_interrupt_test,1000124,/workspace/ibex/dv/uvm/out
2823,case_2823,bug_100,csr_exception,exception_entry_leaves_mie_enabled,riscv_multiple_interrupt_test,1000002,/workspace/ibex/dv/uvm/out
2824,case_2824,bug_100,csr_exception,exception_entry_leaves_mie_enabled,riscv_multiple_interrupt_test,1000006,/workspace/ibex/dv/uvm/out
2825,case_2825,bug_100,csr_exception,exception_entry_leaves_mie_enabled,riscv_multiple_interrupt_test,1000010,/workspace/ibex/dv/uvm/out
2826,case_2826,bug_100,csr_exception,exception_entry_leaves_mie_enabled,riscv_multiple_interrupt_test,1000014,/workspace/ibex/dv/uvm/out
2827,case_2827,bug_100,csr_exception,exception_entry_leaves_mie_enabled,riscv_multiple_interrupt_test,1000022,/workspace/ibex/dv/uvm/out
2828,case_2828,bug_100,csr_exception,exception_entry_leaves_mie_enabled,riscv_single_interrupt_test,1000101,/workspace/ibex/dv/uvm/out
2829,case_2829,bug_100,csr_exception,exception_entry_leaves_mie_enabled,riscv_single_interrupt_test,1000109,/workspace/ibex/dv/uvm/out
2830,case_2830,bug_100,csr_exception,exception_entry_leaves_mie_enabled,riscv_single_interrupt_test,1000121,/workspace/ibex/dv/uvm/out
2831,case_2831,bug_100,csr_exception,exception_entry_leaves_mie_enabled,riscv_multiple_interrupt_test,1000003,/workspace/ibex/dv/uvm/out
2832,case_2832,bug_100,csr_exception,exception_entry_leaves_mie_enabled,riscv_multiple_interrupt_test,1000007,/workspace/ibex/dv/uvm/out
2833,case_2833,bug_100,csr_exception,exception_entry_leaves_mie_enabled,riscv_multiple_interrupt_test,1000011,/workspace/ibex/dv/uvm/out
2834,case_2834,bug_100,csr_exception,exception_entry_leaves_mie_enabled,riscv_multiple_interrupt_test,1000015,/workspace/ibex/dv/uvm/out
2835,case_2835,bug_100,csr_exception,exception_entry_leaves_mie_enabled,riscv_multiple_interrupt_test,1000019,/workspace/ibex/dv/uvm/out
2836,case_2836,bug_100,csr_exception,exception_entry_leaves_mie_enabled,riscv_multiple_interrupt_test,1000023,/workspace/ibex/dv/uvm/out
2837,case_2837,bug_100,csr_exception,exception_entry_leaves_mie_enabled,riscv_single_interrupt_test,1000106,/workspace/ibex/dv/uvm/out
2838,case_2838,bug_100,csr_exception,exception_entry_leaves_mie_enabled,riscv_single_interrupt_test,1000110,/workspace/ibex/dv/uvm/out
2839,case_2839,bug_100,csr_exception,exception_entry_leaves_mie_enabled,riscv_single_interrupt_test,1000114,/workspace/ibex/dv/uvm/out
2840,case_2840,bug_100,csr_exception,exception_entry_leaves_mie_enabled,riscv_single_interrupt_test,1000118,/workspace/ibex/dv/uvm/out
2841,case_2841,bug_100,csr_exception,exception_entry_leaves_mie_enabled,riscv_single_interrupt_test,1000122,/workspace/ibex/dv/uvm/out
2842,case_2842,bug_100,csr_exception,exception_entry_leaves_mie_enabled,riscv_multiple_interrupt_test,1000004,/workspace/ibex/dv/uvm/out
2843,case_2843,bug_100,csr_exception,exception_entry_leaves_mie_enabled,riscv_multiple_interrupt_test,1000008,/workspace/ibex/dv/uvm/out
2844,case_2844,bug_100,csr_exception,exception_entry_leaves_mie_enabled,riscv_multiple_interrupt_test,1000012,/workspace/ibex/dv/uvm/out
2845,case_2845,bug_100,csr_exception,exception_entry_leaves_mie_enabled,riscv_multiple_interrupt_test,1000020,/workspace/ibex/dv/uvm/out
2846,case_2846,bug_100,csr_exception,exception_entry_leaves_mie_enabled,riscv_multiple_interrupt_test,1000024,/workspace/ibex/dv/uvm/out
2847,case_2847,bug_100,csr_exception,exception_entry_leaves_mie_enabled,riscv_single_interrupt_test,1000103,/workspace/ibex/dv/uvm/out
2848,case_2848,bug_100,csr_exception,exception_entry_leaves_mie_enabled,riscv_single_interrupt_test,1000107,/workspace/ibex/dv/uvm/out
2849,case_2849,bug_100,csr_exception,exception_entry_leaves_mie_enabled,riscv_single_interrupt_test,1000111,/workspace/ibex/dv/uvm/out
2850,case_2850,bug_100,csr_exception,exception_entry_leaves_mie_enabled,riscv_single_interrupt_test,1000115,/workspace/ibex/dv/uvm/out
2851,case_2851,bug_100,csr_exception,exception_entry_leaves_mie_enabled,riscv_single_interrupt_test,1000119,/workspace/ibex/dv/uvm/out
2852,case_2852,bug_100,csr_exception,exception_entry_leaves_mie_enabled,riscv_single_interrupt_test,1000123,/workspace/ibex/dv/uvm/out
2853,case_2853,bug_101,csr_exception,exception_mepc_saved_plus_four,riscv_invalid_csr_test,72011,/workspace/ibex/dv/uvm/out
2854,case_2854,bug_101,csr_exception,exception_mepc_saved_plus_four,riscv_invalid_csr_test,72012,/workspace/ibex/dv/uvm/out
2855,case_2855,bug_101,csr_exception,exception_mepc_saved_plus_four,riscv_illegal_instr_test,1001001,/workspace/ibex/dv/uvm/out
2856,case_2856,bug_101,csr_exception,exception_mepc_saved_plus_four,riscv_illegal_instr_test,1001009,/workspace/ibex/dv/uvm/out
2857,case_2857,bug_101,csr_exception,exception_mepc_saved_plus_four,riscv_illegal_instr_test,1001013,/workspace/ibex/dv/uvm/out
2858,case_2858,bug_101,csr_exception,exception_mepc_saved_plus_four,riscv_illegal_instr_test,1001017,/workspace/ibex/dv/uvm/out
2859,case_2859,bug_101,csr_exception,exception_mepc_saved_plus_four,riscv_illegal_instr_test,1001021,/workspace/ibex/dv/uvm/out
2860,case_2860,bug_101,csr_exception,exception_mepc_saved_plus_four,riscv_illegal_instr_test,1001025,/workspace/ibex/dv/uvm/out
2861,case_2861,bug_101,csr_exception,exception_mepc_saved_plus_four,riscv_invalid_csr_test,1001104,/workspace/ibex/dv/uvm/out
2862,case_2862,bug_101,csr_exception,exception_mepc_saved_plus_four,riscv_invalid_csr_test,1001108,/workspace/ibex/dv/uvm/out
2863,case_2863,bug_101,csr_exception,exception_mepc_saved_plus_four,riscv_invalid_csr_test,1001112,/workspace/ibex/dv/uvm/out
2864,case_2864,bug_101,csr_exception,exception_mepc_saved_plus_four,riscv_invalid_csr_test,1001116,/workspace/ibex/dv/uvm/out
2865,case_2865,bug_101,csr_exception,exception_mepc_saved_plus_four,riscv_invalid_csr_test,1001120,/workspace/ibex/dv/uvm/out
2866,case_2866,bug_101,csr_exception,exception_mepc_saved_plus_four,riscv_invalid_csr_test,1001124,/workspace/ibex/dv/uvm/out
2867,case_2867,bug_101,csr_exception,exception_mepc_saved_plus_four,riscv_illegal_instr_test,1001002,/workspace/ibex/dv/uvm/out
2868,case_2868,bug_101,csr_exception,exception_mepc_saved_plus_four,riscv_illegal_instr_test,1001006,/workspace/ibex/dv/uvm/out
2869,case_2869,bug_101,csr_exception,exception_mepc_saved_plus_four,riscv_illegal_instr_test,1001014,/workspace/ibex/dv/uvm/out
2870,case_2870,bug_101,csr_exception,exception_mepc_saved_plus_four,riscv_illegal_instr_test,1001018,/workspace/ibex/dv/uvm/out
2871,case_2871,bug_101,csr_exception,exception_mepc_saved_plus_four,riscv_invalid_csr_test,1001101,/workspace/ibex/dv/uvm/out
2872,case_2872,bug_101,csr_exception,exception_mepc_saved_plus_four,riscv_invalid_csr_test,1001105,/workspace/ibex/dv/uvm/out
2873,case_2873,bug_101,csr_exception,exception_mepc_saved_plus_four,riscv_invalid_csr_test,1001109,/workspace/ibex/dv/uvm/out
2874,case_2874,bug_101,csr_exception,exception_mepc_saved_plus_four,riscv_invalid_csr_test,1001113,/workspace/ibex/dv/uvm/out
2875,case_2875,bug_101,csr_exception,exception_mepc_saved_plus_four,riscv_invalid_csr_test,1001117,/workspace/ibex/dv/uvm/out
2876,case_2876,bug_101,csr_exception,exception_mepc_saved_plus_four,riscv_illegal_instr_test,1001003,/workspace/ibex/dv/uvm/out
2877,case_2877,bug_101,csr_exception,exception_mepc_saved_plus_four,riscv_illegal_instr_test,1001007,/workspace/ibex/dv/uvm/out
2878,case_2878,bug_101,csr_exception,exception_mepc_saved_plus_four,riscv_illegal_instr_test,1001011,/workspace/ibex/dv/uvm/out
2879,case_2879,bug_101,csr_exception,exception_mepc_saved_plus_four,riscv_illegal_instr_test,1001015,/workspace/ibex/dv/uvm/out
2880,case_2880,bug_101,csr_exception,exception_mepc_saved_plus_four,riscv_illegal_instr_test,1001019,/workspace/ibex/dv/uvm/out
2881,case_2881,bug_101,csr_exception,exception_mepc_saved_plus_four,riscv_illegal_instr_test,1001023,/workspace/ibex/dv/uvm/out
2882,case_2882,bug_101,csr_exception,exception_mepc_saved_plus_four,riscv_invalid_csr_test,1001102,/workspace/ibex/dv/uvm/out
2883,case_2883,bug_101,csr_exception,exception_mepc_saved_plus_four,riscv_invalid_csr_test,1001106,/workspace/ibex/dv/uvm/out
2884,case_2884,bug_101,csr_exception,exception_mepc_saved_plus_four,riscv_invalid_csr_test,1001110,/workspace/ibex/dv/uvm/out
2885,case_2885,bug_101,csr_exception,exception_mepc_saved_plus_four,riscv_invalid_csr_test,1001114,/workspace/ibex/dv/uvm/out
2886,case_2886,bug_101,csr_exception,exception_mepc_saved_plus_four,riscv_invalid_csr_test,1001118,/workspace/ibex/dv/uvm/out
2887,case_2887,bug_101,csr_exception,exception_mepc_saved_plus_four,riscv_invalid_csr_test,1001122,/workspace/ibex/dv/uvm/out
2888,case_2888,bug_101,csr_exception,exception_mepc_saved_plus_four,riscv_illegal_instr_test,1001004,/workspace/ibex/dv/uvm/out
2889,case_2889,bug_101,csr_exception,exception_mepc_saved_plus_four,riscv_illegal_instr_test,1001008,/workspace/ibex/dv/uvm/out
2890,case_2890,bug_101,csr_exception,exception_mepc_saved_plus_four,riscv_illegal_instr_test,1001016,/workspace/ibex/dv/uvm/out
2891,case_2891,bug_101,csr_exception,exception_mepc_saved_plus_four,riscv_illegal_instr_test,1001020,/workspace/ibex/dv/uvm/out
2892,case_2892,bug_101,csr_exception,exception_mepc_saved_plus_four,riscv_illegal_instr_test,1001024,/workspace/ibex/dv/uvm/out
2893,case_2893,bug_101,csr_exception,exception_mepc_saved_plus_four,riscv_invalid_csr_test,1001103,/workspace/ibex/dv/uvm/out
2894,case_2894,bug_101,csr_exception,exception_mepc_saved_plus_four,riscv_invalid_csr_test,1001107,/workspace/ibex/dv/uvm/out
2895,case_2895,bug_101,csr_exception,exception_mepc_saved_plus_four,riscv_invalid_csr_test,1001111,/workspace/ibex/dv/uvm/out
2896,case_2896,bug_101,csr_exception,exception_mepc_saved_plus_four,riscv_invalid_csr_test,1001115,/workspace/ibex/dv/uvm/out
2897,case_2897,bug_101,csr_exception,exception_mepc_saved_plus_four,riscv_invalid_csr_test,1001119,/workspace/ibex/dv/uvm/out
2898,case_2898,bug_101,csr_exception,exception_mepc_saved_plus_four,riscv_invalid_csr_test,1001123,/workspace/ibex/dv/uvm/out
2899,case_2899,bug_102,load_store,store_address_uses_i_immediate,riscv_rand_instr_test,72021,/workspace/ibex/dv/uvm/out
2900,case_2900,bug_102,load_store,store_address_uses_i_immediate,riscv_rand_instr_test,72022,/workspace/ibex/dv/uvm/out
2901,case_2901,bug_102,load_store,store_address_uses_i_immediate,riscv_unaligned_load_store_test,72021,/workspace/ibex/dv/uvm/out
2902,case_2902,bug_102,load_store,store_address_uses_i_immediate,riscv_rand_instr_test,1002004,/workspace/ibex/dv/uvm/out
2903,case_2903,bug_102,load_store,store_address_uses_i_immediate,riscv_rand_instr_test,1002012,/workspace/ibex/dv/uvm/out
2904,case_2904,bug_102,load_store,store_address_uses_i_immediate,riscv_rand_instr_test,1002016,/workspace/ibex/dv/uvm/out
2905,case_2905,bug_102,load_store,store_address_uses_i_immediate,riscv_rand_instr_test,1002020,/workspace/ibex/dv/uvm/out
2906,case_2906,bug_102,load_store,store_address_uses_i_immediate,riscv_rand_instr_test,1002024,/workspace/ibex/dv/uvm/out
2907,case_2907,bug_102,load_store,store_address_uses_i_immediate,riscv_unaligned_load_store_test,1002103,/workspace/ibex/dv/uvm/out
2908,case_2908,bug_102,load_store,store_address_uses_i_immediate,riscv_unaligned_load_store_test,1002107,/workspace/ibex/dv/uvm/out
2909,case_2909,bug_102,load_store,store_address_uses_i_immediate,riscv_unaligned_load_store_test,1002115,/workspace/ibex/dv/uvm/out
2910,case_2910,bug_102,load_store,store_address_uses_i_immediate,riscv_unaligned_load_store_test,1002119,/workspace/ibex/dv/uvm/out
2911,case_2911,bug_102,load_store,store_address_uses_i_immediate,riscv_unaligned_load_store_test,1002123,/workspace/ibex/dv/uvm/out
2912,case_2912,bug_102,load_store,store_address_uses_i_immediate,riscv_rand_instr_test,1002001,/workspace/ibex/dv/uvm/out
2913,case_2913,bug_102,load_store,store_address_uses_i_immediate,riscv_rand_instr_test,1002005,/workspace/ibex/dv/uvm/out
2914,case_2914,bug_102,load_store,store_address_uses_i_immediate,riscv_rand_instr_test,1002009,/workspace/ibex/dv/uvm/out
2915,case_2915,bug_102,load_store,store_address_uses_i_immediate,riscv_rand_instr_test,1002013,/workspace/ibex/dv/uvm/out
2916,case_2916,bug_102,load_store,store_address_uses_i_immediate,riscv_rand_instr_test,1002017,/workspace/ibex/dv/uvm/out
2917,case_2917,bug_102,load_store,store_address_uses_i_immediate,riscv_rand_instr_test,1002021,/workspace/ibex/dv/uvm/out
2918,case_2918,bug_102,load_store,store_address_uses_i_immediate,riscv_rand_instr_test,1002025,/workspace/ibex/dv/uvm/out
2919,case_2919,bug_102,load_store,store_address_uses_i_immediate,riscv_unaligned_load_store_test,1002104,/workspace/ibex/dv/uvm/out
2920,case_2920,bug_102,load_store,store_address_uses_i_immediate,riscv_unaligned_load_store_test,1002116,/workspace/ibex/dv/uvm/out
2921,case_2921,bug_102,load_store,store_address_uses_i_immediate,riscv_unaligned_load_store_test,1002120,/workspace/ibex/dv/uvm/out
2922,case_2922,bug_102,load_store,store_address_uses_i_immediate,riscv_unaligned_load_store_test,1002124,/workspace/ibex/dv/uvm/out
2923,case_2923,bug_102,load_store,store_address_uses_i_immediate,riscv_rand_instr_test,1002002,/workspace/ibex/dv/uvm/out
2924,case_2924,bug_102,load_store,store_address_uses_i_immediate,riscv_rand_instr_test,1002006,/workspace/ibex/dv/uvm/out
2925,case_2925,bug_102,load_store,store_address_uses_i_immediate,riscv_rand_instr_test,1002010,/workspace/ibex/dv/uvm/out
2926,case_2926,bug_102,load_store,store_address_uses_i_immediate,riscv_rand_instr_test,1002014,/workspace/ibex/dv/uvm/out
2927,case_2927,bug_102,load_store,store_address_uses_i_immediate,riscv_rand_instr_test,1002018,/workspace/ibex/dv/uvm/out
2928,case_2928,bug_102,load_store,store_address_uses_i_immediate,riscv_rand_instr_test,1002022,/workspace/ibex/dv/uvm/out
2929,case_2929,bug_102,load_store,store_address_uses_i_immediate,riscv_unaligned_load_store_test,1002101,/workspace/ibex/dv/uvm/out
2930,case_2930,bug_102,load_store,store_address_uses_i_immediate,riscv_unaligned_load_store_test,1002105,/workspace/ibex/dv/uvm/out
2931,case_2931,bug_102,load_store,store_address_uses_i_immediate,riscv_unaligned_load_store_test,1002109,/workspace/ibex/dv/uvm/out
2932,case_2932,bug_102,load_store,store_address_uses_i_immediate,riscv_unaligned_load_store_test,1002121,/workspace/ibex/dv/uvm/out
2933,case_2933,bug_102,load_store,store_address_uses_i_immediate,riscv_unaligned_load_store_test,1002125,/workspace/ibex/dv/uvm/out
2934,case_2934,bug_102,load_store,store_address_uses_i_immediate,riscv_rand_instr_test,1002003,/workspace/ibex/dv/uvm/out
2935,case_2935,bug_102,load_store,store_address_uses_i_immediate,riscv_rand_instr_test,1002007,/workspace/ibex/dv/uvm/out
2936,case_2936,bug_102,load_store,store_address_uses_i_immediate,riscv_rand_instr_test,1002011,/workspace/ibex/dv/uvm/out
2937,case_2937,bug_102,load_store,store_address_uses_i_immediate,riscv_rand_instr_test,1002015,/workspace/ibex/dv/uvm/out
2938,case_2938,bug_102,load_store,store_address_uses_i_immediate,riscv_rand_instr_test,1002019,/workspace/ibex/dv/uvm/out
2939,case_2939,bug_102,load_store,store_address_uses_i_immediate,riscv_rand_instr_test,1002023,/workspace/ibex/dv/uvm/out
2940,case_2940,bug_102,load_store,store_address_uses_i_immediate,riscv_unaligned_load_store_test,1002102,/workspace/ibex/dv/uvm/out
2941,case_2941,bug_102,load_store,store_address_uses_i_immediate,riscv_unaligned_load_store_test,1002106,/workspace/ibex/dv/uvm/out
2942,case_2942,bug_102,load_store,store_address_uses_i_immediate,riscv_unaligned_load_store_test,1002114,/workspace/ibex/dv/uvm/out
2943,case_2943,bug_102,load_store,store_address_uses_i_immediate,riscv_unaligned_load_store_test,1002118,/workspace/ibex/dv/uvm/out
2944,case_2944,bug_102,load_store,store_address_uses_i_immediate,riscv_unaligned_load_store_test,1002122,/workspace/ibex/dv/uvm/out
