case,bug,test,seed,source_run_dir,primary_type,uvm_level,fatal_file,fatal_line,fatal_time,fatal_message,mismatch_type,has_dual_compare,has_simplified_ibex,ibex_index,spike_index,ibex_pc,spike_pc,ibex_opcode,spike_opcode,op_pair,matched_count,mismatch_count,pc_region,sim_line_count,regr_line_count,trace_line_count,sim_template_hash,regr_template_hash,trace_hash
2,bug_041,riscv_arithmetic_basic_test,33002,/workspace/ibex/dv/uvm/out,REGR_MISMATCH,,,,,,pc_same,1,0,77,77,8000019a,8000019a,sra,sra,sra|sra,439,7402,8000,103,6,10272,2a523893aafd10cd,87a4d890bc1a32a5,7d08341f1072702a
3,bug_041,riscv_arithmetic_basic_test,33003,/workspace/ibex/dv/uvm/out,REGR_MISMATCH,,,,,,pc_same,1,0,70,70,80000182,80000182,c.srai,c.srai,c.srai|c.srai,419,7516,8000,103,6,10267,322903df245c4f45,c003f9556aa3d76f,355b6dafeb2a2883
4,bug_041,riscv_arithmetic_basic_test,33004,/workspace/ibex/dv/uvm/out,REGR_MISMATCH,,,,,,pc_same,1,0,124,124,80000248,80000248,srai,srai,srai|srai,526,7627,8000,103,6,10281,b9f9fbd24cc875ae,a3a1e9b0bc3cff7e,54ea1becb73e4781
5,bug_041,riscv_arithmetic_basic_test,33005,/workspace/ibex/dv/uvm/out,REGR_MISMATCH,,,,,,pc_same,1,0,217,217,80000378,80000378,srai,srai,srai|srai,542,7366,8000,103,8,10274,68ed9b3200173d5b,f55f349f698dc5c7,a4d47e2aa054b203
6,bug_041,riscv_arithmetic_basic_test,33006,/workspace/ibex/dv/uvm/out,REGR_MISMATCH,,,,,,pc_same,1,0,105,105,80000202,80000202,srai,srai,srai|srai,251,7776,8000,103,8,10289,19455cfd837f8ec1,c52965e288b8366e,9cc7c66702fd5874
7,bug_041,riscv_arithmetic_basic_test,33007,/workspace/ibex/dv/uvm/out,REGR_MISMATCH,,,,,,pc_same,1,0,79,79,800001aa,800001aa,srai,srai,srai|srai,292,7760,8000,103,6,10298,dc8cbf312f1bb005,6eebb9259ca60935,1612a4d0c257647e
8,bug_041,riscv_arithmetic_basic_test,33008,/workspace/ibex/dv/uvm/out,REGR_MISMATCH,,,,,,pc_same,1,0,117,117,8000022a,8000022a,c.srai,c.srai,c.srai|c.srai,653,7383,8000,103,8,10276,5939ff196a4b60f4,d7c7b5b8b92921a6,01daf31a1f72300f
9,bug_041,riscv_arithmetic_basic_test,33009,/workspace/ibex/dv/uvm/out,REGR_MISMATCH,,,,,,pc_same,1,0,67,67,8000017c,8000017c,c.srai,c.srai,c.srai|c.srai,733,7371,8000,103,6,10289,f1f2f03cd2f0bd4a,9f6ae286182bb2a5,e564c08e1021d18e
10,bug_041,riscv_arithmetic_basic_test,33010,/workspace/ibex/dv/uvm/out,REGR_MISMATCH,,,,,,pc_same,1,0,133,133,8000024c,8000024c,c.srai,c.srai,c.srai|c.srai,541,7477,8000,103,6,10265,8e7e0279e9f87c59,01956c4bc9c55d59,e48b3d9e702cf228
11,bug_041,riscv_arithmetic_basic_test,33011,/workspace/ibex/dv/uvm/out,REGR_MISMATCH,,,,,,pc_same,1,0,123,123,80000242,80000242,sra,sra,sra|sra,934,7100,8000,103,6,10303,fcd129c96c255ba6,a0640ff9c57356db,64b95c3ed9ccca7a
12,bug_041,riscv_arithmetic_basic_test,33012,/workspace/ibex/dv/uvm/out,REGR_MISMATCH,,,,,,pc_same,1,0,107,107,800001fe,800001fe,srai,srai,srai|srai,147,7932,8000,103,6,10291,9f6e76727674ad8a,bc7a469d167d30a5,de365afef4a3b964
14,bug_041,riscv_arithmetic_basic_test,33014,/workspace/ibex/dv/uvm/out,REGR_MISMATCH,,,,,,pc_same,1,0,61,61,80000168,80000168,c.srai,c.srai,c.srai|c.srai,1265,6619,8000,103,6,10298,edb7fc798fafb432,a83f40648ddf2f6c,cedca5d8953372c8
15,bug_041,riscv_arithmetic_basic_test,33015,/workspace/ibex/dv/uvm/out,REGR_MISMATCH,,,,,,pc_same,1,0,141,141,80000282,80000282,sra,sra,sra|sra,593,7430,8000,103,8,10294,c508af40e40dc82f,11a7315a7010c87f,a93fbec43524f8b9
16,bug_041,riscv_machine_mode_rand_test,33001,/workspace/ibex/dv/uvm/out,REGR_MISMATCH,,,,,,pc_same,1,0,60,60,8000015e,8000015e,srai,srai,srai|srai,519,4295,8000,103,8,7415,5a28afeb61bbb126,8192eac289511a9e,a88dabc0ee640d60
17,bug_041,riscv_machine_mode_rand_test,33002,/workspace/ibex/dv/uvm/out,REGR_MISMATCH,,,,,,pc_diff,1,0,76,76,80000212,80000218,c.srai,lui,c.srai|lui,79,3756,8000,103,8,10615,cf43354cfd737ce0,feff172f79819619,8988e55c14e2c7a1
18,bug_041,riscv_machine_mode_rand_test,33003,/workspace/ibex/dv/uvm/out,REGR_MISMATCH,,,,,,pc_same,1,0,64,64,80000168,80000168,c.srai,c.srai,c.srai|c.srai,335,4287,8000,103,6,6852,b479884a3a495c42,3f4918f8abd2adca,7bb4c87c224345f6
19,bug_041,riscv_machine_mode_rand_test,33004,/workspace/ibex/dv/uvm/out,REGR_MISMATCH,,,,,,pc_same,1,0,77,77,80000238,80000238,c.srai,c.srai,c.srai|c.srai,767,4857,8000,103,8,8591,fc16c0f479c5e164,7defc1d845a1aac8,ee4aa4750584bc73
20,bug_041,riscv_machine_mode_rand_test,33005,/workspace/ibex/dv/uvm/out,REGR_MISMATCH,,,,,,pc_same,1,0,109,109,800002e2,800002e2,srai,srai,srai|srai,237,1049,8000,103,8,7437,08e1705646be7532,11815c207369bcfd,4c530ecd3b45abad
22,bug_041,riscv_machine_mode_rand_test,33007,/workspace/ibex/dv/uvm/out,REGR_MISMATCH,,,,,,pc_same,1,0,193,193,80006c4c,80006c4c,srai,srai,srai|srai,212,1853,8000,103,8,3367,e0442c5cb5b2a820,b67380dfccddf472,a8f91846c2b288a9
23,bug_041,riscv_machine_mode_rand_test,33008,/workspace/ibex/dv/uvm/out,REGR_MISMATCH,,,,,,pc_same,1,0,118,118,800002e0,800002e0,srai,srai,srai|srai,176,1661,8000,103,6,2714,10de7cd3c089461d,dde6aca42f452f93,1b680bcc795e5647
24,bug_041,riscv_machine_mode_rand_test,33009,/workspace/ibex/dv/uvm/out,REGR_MISMATCH,,,,,,pc_same,1,0,72,72,80007f3a,80007f3a,c.srai,c.srai,c.srai|c.srai,419,7739,8000,103,8,12128,3b86a1ea0a5aa0ca,9067ecb9bdb866ac,a65fe51141611b4a
25,bug_041,riscv_machine_mode_rand_test,33010,/workspace/ibex/dv/uvm/out,REGR_MISMATCH,,,,,,pc_same,1,0,72,72,800001e2,800001e2,srai,srai,srai|srai,147,8270,8000,103,8,12580,2c471bf5aef26c05,6a6f974b5fd9181f,7730cc651bce3758
26,bug_041,riscv_machine_mode_rand_test,33011,/workspace/ibex/dv/uvm/out,REGR_MISMATCH,,,,,,pc_same,1,0,166,166,8000540a,8000540a,srai,srai,srai|srai,177,2654,8000,103,8,4455,052cce277fcab738,63af6e8abb526181,ea87690b95d598b8
27,bug_041,riscv_machine_mode_rand_test,33012,/workspace/ibex/dv/uvm/out,REGR_MISMATCH,,,,,,pc_same,1,0,62,62,800001aa,800001aa,sra,sra,sra|sra,279,4566,8000,103,6,7050,1e611fc1e10dab5b,6521b607fce110a5,8c1b04cbfa1983f6
28,bug_041,riscv_machine_mode_rand_test,33014,/workspace/ibex/dv/uvm/out,REGR_MISMATCH,,,,,,pc_same,1,0,95,95,80000248,80000248,c.srai,c.srai,c.srai|c.srai,387,977,8000,103,8,2252,bb4817cbf4270d02,9077bf7bfe1bf041,204128693c0f4ff1
29,bug_041,riscv_machine_mode_rand_test,33015,/workspace/ibex/dv/uvm/out,REGR_MISMATCH,,,,,,pc_same,1,0,248,248,8000071c,8000071c,srai,srai,srai|srai,751,692,8000,103,6,2273,4657ee37f56addc3,7a1442be21835b64,436b7bf510bb4ac3
30,bug_041,riscv_rand_instr_test,33001,/workspace/ibex/dv/uvm/out,REGR_MISMATCH,,,,,,pc_same,1,0,60,60,8000015e,8000015e,srai,srai,srai|srai,519,4295,8000,103,8,7415,e0aab2b7206bfde0,8192eac289511a9e,a88dabc0ee640d60
31,bug_041,riscv_rand_instr_test,33002,/workspace/ibex/dv/uvm/out,REGR_MISMATCH,,,,,,pc_diff,1,0,76,76,80000212,80000218,c.srai,lui,c.srai|lui,79,3756,8000,103,8,10615,4dfcc8933b418c8e,feff172f79819619,8988e55c14e2c7a1
32,bug_041,riscv_rand_instr_test,33003,/workspace/ibex/dv/uvm/out,REGR_MISMATCH,,,,,,pc_same,1,0,64,64,80000168,80000168,c.srai,c.srai,c.srai|c.srai,335,4287,8000,103,6,6852,605ab00877428972,3f4918f8abd2adca,7bb4c87c224345f6
33,bug_041,riscv_rand_instr_test,33005,/workspace/ibex/dv/uvm/out,REGR_MISMATCH,,,,,,pc_same,1,0,109,109,800002e2,800002e2,srai,srai,srai|srai,237,1049,8000,103,8,7437,90bc9b9943ced902,11815c207369bcfd,4c530ecd3b45abad
34,bug_041,riscv_rand_instr_test,33006,/workspace/ibex/dv/uvm/out,REGR_MISMATCH,,,,,,pc_same,1,0,86,86,8000024e,8000024e,c.srai,c.srai,c.srai|c.srai,144,1322,8000,103,8,3188,fcf59a94b2ba56b6,defc19de2b37a91f,d5d1b00c1b4fd62a
35,bug_041,riscv_rand_instr_test,33007,/workspace/ibex/dv/uvm/out,REGR_MISMATCH,,,,,,pc_same,1,0,193,193,80006c4c,80006c4c,srai,srai,srai|srai,212,1853,8000,103,8,3367,cb2a7a41f9ad9666,b67380dfccddf472,a8f91846c2b288a9
36,bug_041,riscv_rand_instr_test,33008,/workspace/ibex/dv/uvm/out,REGR_MISMATCH,,,,,,pc_same,1,0,103,103,80007a22,80007a22,srai,srai,srai|srai,278,4533,8000,103,6,7681,236852b544daaf00,1fbc0540ebf66200,96bddecaec4a4417
37,bug_041,riscv_rand_instr_test,33009,/workspace/ibex/dv/uvm/out,REGR_MISMATCH,,,,,,pc_same,1,0,72,72,80007f3a,80007f3a,c.srai,c.srai,c.srai|c.srai,419,7739,8000,103,8,12128,92c56d3b29d6682c,9067ecb9bdb866ac,a65fe51141611b4a
38,bug_041,riscv_rand_instr_test,33010,/workspace/ibex/dv/uvm/out,REGR_MISMATCH,,,,,,pc_same,1,0,114,114,800002bc,800002bc,c.srai,c.srai,c.srai|c.srai,254,212,8000,103,8,6280,0145cb6e63b9cce3,d5025b618961d4e2,61f52a0ba3674c67
40,bug_041,riscv_rand_instr_test,33012,/workspace/ibex/dv/uvm/out,REGR_MISMATCH,,,,,,pc_same,1,0,62,62,800001aa,800001aa,sra,sra,sra|sra,279,4566,8000,103,6,7050,c2b7df642c0d130c,6521b607fce110a5,8c1b04cbfa1983f6
42,bug_041,riscv_rand_instr_test,33015,/workspace/ibex/dv/uvm/out,REGR_MISMATCH,,,,,,pc_same,1,0,160,160,80000450,80000450,srai,srai,srai|srai,298,5718,8000,103,6,9523,5a8e0d89308c201e,02926528a8f5dcdf,95c78a95c557fea5
44,bug_041,riscv_rv32im_instr_test,33002,/workspace/ibex/dv/uvm/out,REGR_MISMATCH,,,,,,pc_same,1,0,110,110,80000240,80000240,srai,srai,srai|srai,99,5010,8000,103,8,14782,fddbd35746d70e20,286f4a3316e4c228,3966a835f0419eb2
46,bug_041,riscv_rv32im_instr_test,33004,/workspace/ibex/dv/uvm/out,REGR_MISMATCH,,,,,,pc_same,1,0,125,125,80000296,80000296,srai,srai,srai|srai,686,7235,8000,103,8,23056,66c8dbc8fad28a59,26f6b78ea5411cce,000c8b216d4c65c7
50,bug_041,riscv_rv32im_instr_test,33008,/workspace/ibex/dv/uvm/out,REGR_MISMATCH,,,,,,pc_same,1,0,86,86,80001b90,80001b90,srai,srai,srai|srai,1854,6330,8000,103,6,15636,f5fd1cb3951d6323,a9a9ef21a45d928d,1162be9912020c71
51,bug_041,riscv_rv32im_instr_test,33009,/workspace/ibex/dv/uvm/out,REGR_MISMATCH,,,,,,pc_same,1,0,67,67,800119e6,800119e6,srai,srai,srai|srai,2358,146123,8001,103,8,208991,13fcb32c3d917033,021ac02991fb60d6,9fc083b819757294
52,bug_041,riscv_rv32im_instr_test,33010,/workspace/ibex/dv/uvm/out,REGR_MISMATCH,,,,,,pc_diff,1,0,110,110,8000026e,8000027a,srai,lb,srai|lb,320,447,8000,103,6,1613,2810eac7b2b59f10,e23df66dd4d96e4c,6aee75833d6f5cb7
53,bug_041,riscv_rv32im_instr_test,33011,/workspace/ibex/dv/uvm/out,REGR_MISMATCH,,,,,,pc_same,1,0,66,66,80000180,80000180,sra,sra,sra|sra,440,9551,8000,103,8,22755,fadd462b397d8d83,35095555af69c28e,9859550b9ec394e6
55,bug_041,riscv_rv32im_instr_test,33013,/workspace/ibex/dv/uvm/out,REGR_MISMATCH,,,,,,pc_same,1,0,292,292,80000e2a,80000e2a,c.srai,c.srai,c.srai|c.srai,2123,7320,8000,103,6,16676,c2c4edcd43d12ab5,8bf9867bd89fceef,44ee5cebfde67493
557,bug_041,riscv_user_mode_rand_test,35601,/workspace/ibex/dv/uvm/out,REGR_MISMATCH,,,,,,pc_same,1,0,175,175,800003de,800003de,srai,srai,srai|srai,287,1731,8000,103,8,3357,4c495510e2c297bf,29bb889010a95522,a9db6584255f9f15
558,bug_041,riscv_user_mode_rand_test,35602,/workspace/ibex/dv/uvm/out,REGR_MISMATCH,,,,,,pc_same,1,0,103,103,800002b8,800002b8,srai,srai,srai|srai,160,7784,8000,103,8,12390,89f253faaac5b4da,aa02c2fa7db50858,bc1e719367c4497d
559,bug_041,riscv_user_mode_rand_test,35603,/workspace/ibex/dv/uvm/out,REGR_MISMATCH,,,,,,pc_same,1,0,75,75,8000018e,8000018e,c.srai,c.srai,c.srai|c.srai,235,11649,8000,103,6,18045,9050c312e601fda3,1ea15eca0ec37d04,a798e32421191f54
560,bug_041,riscv_user_mode_rand_test,35604,/workspace/ibex/dv/uvm/out,REGR_MISMATCH,,,,,,pc_same,1,0,67,67,80000228,80000228,c.srai,c.srai,c.srai|c.srai,767,2814,8000,103,8,5827,130dc88de4662b5d,cb97523dc0ebd319,e7efbfb3ec8e5330
561,bug_041,riscv_user_mode_rand_test,35605,/workspace/ibex/dv/uvm/out,REGR_MISMATCH,,,,,,pc_same,1,0,73,73,8000266e,8000266e,srai,srai,srai|srai,100,2758,8000,103,8,4750,1ab90cd71b8bcbb6,7fc48c7feac4a953,c83b7fec83f05684
562,bug_041,riscv_user_mode_rand_test,35606,/workspace/ibex/dv/uvm/out,REGR_MISMATCH,,,,,,pc_diff,1,0,346,346,80000a06,80000a08,c.srai,mul,c.srai|mul,275,703,8000,103,8,1805,2279120b050e6510,e5ea74848bad06aa,2a13c78f413f7722
58,bug_048,riscv_arithmetic_basic_test,33102,/workspace/ibex/dv/uvm/out,REGR_MISMATCH,,,,,,pc_same,1,0,58,58,8000015a,8000015a,auipc,auipc,auipc|auipc,582,7571,8000,103,8,10279,2a523893aafd10cd,234021af5511339f,72c8918ace833d0d
59,bug_048,riscv_arithmetic_basic_test,33103,/workspace/ibex/dv/uvm/out,REGR_MISMATCH,,,,,,pc_same,1,0,57,57,8000015a,8000015a,auipc,auipc,auipc|auipc,717,7266,8000,103,8,10281,2b599042bd902466,e6c670501d3d12d3,927dbd562ba37bb7
60,bug_048,riscv_arithmetic_basic_test,33104,/workspace/ibex/dv/uvm/out,REGR_MISMATCH,,,,,,pc_same,1,0,9054,9054,80007e5a,80007e5a,auipc,auipc,auipc|auipc,8161,2,8000,103,6,10299,253fae953175e6dd,88368f110502fa84,f26bcd94bbf7cb26
61,bug_048,riscv_arithmetic_basic_test,33105,/workspace/ibex/dv/uvm/out,REGR_MISMATCH,,,,,,pc_same,1,0,2340,2340,8000210a,8000210a,addi,addi,addi|addi,7979,2,8000,103,6,10284,6055c51a907a1315,7bf7acab55a38a6b,7ffbba8978875cfb
62,bug_048,riscv_arithmetic_basic_test,33107,/workspace/ibex/dv/uvm/out,REGR_MISMATCH,,,,,,pc_same,1,0,3071,3071,80002b5e,80002b5e,addi,addi,addi|addi,7881,10,8000,103,6,10265,b596ee782afcfb54,dd7dd95813d45995,34d1ba256dce8528
63,bug_048,riscv_arithmetic_basic_test,33109,/workspace/ibex/dv/uvm/out,REGR_MISMATCH,,,,,,pc_same,1,0,860,860,80000c80,80000c80,c.sub,c.sub,c.sub|c.sub,8012,12,8000,103,6,10296,8b2fb483982777c2,7433c12e4b48be7e,7e8a3abb2ebef165
64,bug_048,riscv_arithmetic_basic_test,33111,/workspace/ibex/dv/uvm/out,REGR_MISMATCH,,,,,,pc_same,1,0,57,57,8000015a,8000015a,auipc,auipc,auipc|auipc,1078,7024,8000,103,8,10281,a6f3dec82d1e3a5d,e629e8a8a9c20d5c,a024ad094c6d09a3
65,bug_048,riscv_arithmetic_basic_test,33112,/workspace/ibex/dv/uvm/out,REGR_MISMATCH,,,,,,pc_same,1,0,3279,3279,80002dec,80002dec,sub,sub,sub|sub,8073,30,8000,103,6,10272,080f78ac619c1170,045b99f3ea574ea9,5f3547454f78d225
66,bug_048,riscv_arithmetic_basic_test,33113,/workspace/ibex/dv/uvm/out,REGR_MISMATCH,,,,,,pc_same,1,0,2234,2234,80001f5a,80001f5a,auipc,auipc,auipc|auipc,8035,2,8000,103,6,10280,aa43804f01dc57e4,f77a3b68e6615e22,3aacbf3fe07ffec1
67,bug_048,riscv_arithmetic_basic_test,33114,/workspace/ibex/dv/uvm/out,REGR_MISMATCH,,,,,,pc_same,1,0,4855,4855,80004424,80004424,c.add,c.add,c.add|c.add,8070,4,8000,103,6,10276,ed329676459a16ff,5ff53636cf2b287f,1c733b6544a9acbc
68,bug_048,riscv_arithmetic_basic_test,33115,/workspace/ibex/dv/uvm/out,REGR_MISMATCH,,,,,,pc_same,1,0,2709,2709,8000265a,8000265a,auipc,auipc,auipc|auipc,8067,1,8000,103,6,10287,d096c4dc47dd05a1,108b45c1699490c5,2147a6e7eecde80c
69,bug_048,riscv_arithmetic_basic_test,33117,/workspace/ibex/dv/uvm/out,REGR_MISMATCH,,,,,,pc_same,1,0,5616,5616,80004ed4,80004ed4,c.addi4spn,c.addi4spn,c.addi4spn|c.addi4spn,8140,6,8000,103,6,10271,51d6b2d8ab59322d,a6d1139b07ed85ec,d7681ccbaeaac017
70,bug_048,riscv_arithmetic_basic_test,33118,/workspace/ibex/dv/uvm/out,REGR_MISMATCH,,,,,,pc_same,1,0,2806,2806,80002786,80002786,c.sub,c.sub,c.sub|c.sub,7846,4,8000,103,6,10268,4e3bb459f37c6d61,5c0d5f407100f2f8,7116c2991bfd3d24
71,bug_048,riscv_arithmetic_basic_test,33120,/workspace/ibex/dv/uvm/out,REGR_MISMATCH,,,,,,pc_same,1,0,6524,6524,80005ae6,80005ae6,c.addi16sp,c.addi16sp,c.addi16sp|c.addi16sp,8126,4,8000,103,6,10280,7e9eaa2d199f89fd,268ffba4d4994d4b,c1f5fc1cd06bd13b
72,bug_048,riscv_machine_mode_rand_test,33102,/workspace/ibex/dv/uvm/out,REGR_MISMATCH,,,,,,pc_same,1,0,58,58,8000015a,8000015a,auipc,auipc,auipc|auipc,149,5525,8000,103,6,8428,1a133a9a6a09f50a,5b6db01b2787ad8f,60e03f93f69fe3d5
73,bug_048,riscv_machine_mode_rand_test,33103,/workspace/ibex/dv/uvm/out,REGR_MISMATCH,,,,,,pc_same,1,0,57,57,8000015a,8000015a,auipc,auipc,auipc|auipc,2078,12896,8000,103,6,22262,6a7e1ac02c1aba1b,bc8d48770e9c14bf,ea4291fb5bb7ae73
74,bug_048,riscv_machine_mode_rand_test,33106,/workspace/ibex/dv/uvm/out,REGR_MISMATCH,,,,,,pc_same,1,0,3288,3288,800019ac,800019ac,add,add,add|add,3359,1991,8000,103,6,7784,c848595a254bcba1,605b4ec4699daac5,2a876fed70a2684c
75,bug_048,riscv_machine_mode_rand_test,33107,/workspace/ibex/dv/uvm/out,REGR_MISMATCH,,,,,,pc_same,1,0,1636,1636,8000375a,8000375a,auipc,auipc,auipc|auipc,7344,20,8000,103,6,11095,f7403262de8febb7,adef2592c2389ae2,0ab25ca78449f6d9
76,bug_048,riscv_machine_mode_rand_test,33109,/workspace/ibex/dv/uvm/out,REGR_MISMATCH,,,,,,pc_same,1,0,3411,3411,80005d4e,80005d4e,c.sub,c.sub,c.sub|c.sub,8287,2,8000,103,6,11880,b9b9d96a4c0ce59f,61278330bec03c40,893ef24e27cbf4ff
77,bug_048,riscv_machine_mode_rand_test,33110,/workspace/ibex/dv/uvm/out,REGR_MISMATCH,,,,,,pc_same,1,0,1868,1868,800080d0,800080d0,c.add,c.add,c.add|c.add,10326,8,8000,103,6,15358,7f7b8df062922bc0,3e9e941eb547dda3,cc97b7f1122357c7
78,bug_048,riscv_machine_mode_rand_test,33111,/workspace/ibex/dv/uvm/out,REGR_MISMATCH,,,,,,pc_same,1,0,57,57,8000015a,8000015a,auipc,auipc,auipc|auipc,1201,2840,8000,103,6,6261,a66b56764cf487d5,e60e9990d3f879f7,a0adc27ec54193fc
79,bug_048,riscv_machine_mode_rand_test,33113,/workspace/ibex/dv/uvm/out,REGR_MISMATCH,,,,,,pc_same,1,0,1047,1047,80001a3c,80001a3c,c.add,c.add,c.add|c.add,1050,9,8000,103,6,1743,8ed1f4d7832694d6,a99d1935be7ee2e7,45d0c42879484752
80,bug_048,riscv_machine_mode_rand_test,33115,/workspace/ibex/dv/uvm/out,REGR_MISMATCH,,,,,,pc_same,1,0,1844,1844,80006e98,80006e98,c.sub,c.sub,c.sub|c.sub,1549,2775,8000,103,8,6605,444182c7968c81ee,774d1cb171775d47,67639f187ba9b010
81,bug_048,riscv_machine_mode_rand_test,33118,/workspace/ibex/dv/uvm/out,REGR_MISMATCH,,,,,,pc_same,1,0,304,304,8000065a,8000065a,auipc,auipc,auipc|auipc,3054,1420,8000,103,6,6852,5ae4c9b1145631d9,ff2a2c0f280a786b,b50dda7b6114b4ea
82,bug_048,riscv_machine_mode_rand_test,33120,/workspace/ibex/dv/uvm/out,REGR_MISMATCH,,,,,,pc_same,1,0,476,476,8000629a,8000629a,c.addi16sp,c.addi16sp,c.addi16sp|c.addi16sp,436,3896,8000,103,8,6418,4dacaaacfb705b15,98eacb098073552d,f99ac4763785386a
83,bug_048,riscv_rand_instr_test,33102,/workspace/ibex/dv/uvm/out,REGR_MISMATCH,,,,,,pc_same,1,0,57,57,8000015a,8000015a,auipc,auipc,auipc|auipc,499,2284,8000,103,8,4437,0093b4228c4990e4,6feaa272f6ea782f,7c97cfe1bf95a65f
84,bug_048,riscv_rand_instr_test,33103,/workspace/ibex/dv/uvm/out,REGR_MISMATCH,,,,,,pc_same,1,0,57,57,8000015a,8000015a,auipc,auipc,auipc|auipc,2078,12896,8000,103,6,22262,41b775b353487b46,bc8d48770e9c14bf,ea4291fb5bb7ae73
85,bug_048,riscv_rand_instr_test,33106,/workspace/ibex/dv/uvm/out,REGR_MISMATCH,,,,,,pc_same,1,0,3288,3288,800019ac,800019ac,add,add,add|add,3359,1991,8000,103,6,7784,1213f078d6c1dd5d,605b4ec4699daac5,2a876fed70a2684c
86,bug_048,riscv_rand_instr_test,33107,/workspace/ibex/dv/uvm/out,REGR_MISMATCH,,,,,,pc_same,1,0,1636,1636,8000375a,8000375a,auipc,auipc,auipc|auipc,7344,20,8000,103,6,11095,0dc07dc7b13685c1,adef2592c2389ae2,0ab25ca78449f6d9
87,bug_048,riscv_rand_instr_test,33110,/workspace/ibex/dv/uvm/out,REGR_MISMATCH,,,,,,pc_same,1,0,2184,2184,8000165a,8000165a,auipc,auipc,auipc|auipc,4456,2,8000,103,6,7081,4b2ed779a1a94c59,3267ab58c83ff55d,249ca3bbd6e15378
88,bug_048,riscv_rand_instr_test,33111,/workspace/ibex/dv/uvm/out,REGR_MISMATCH,,,,,,pc_same,1,0,56,56,8000015a,8000015a,auipc,auipc,auipc|auipc,98,5,8000,103,6,362,4e91dc7d28bd2efb,04533179462bffad,c55e9a339fe81c90
89,bug_048,riscv_rand_instr_test,33113,/workspace/ibex/dv/uvm/out,REGR_MISMATCH,,,,,,pc_same,1,0,1047,1047,80001a3c,80001a3c,c.add,c.add,c.add|c.add,1050,9,8000,103,6,1743,f73205813eda4163,a99d1935be7ee2e7,45d0c42879484752
90,bug_048,riscv_rand_instr_test,33115,/workspace/ibex/dv/uvm/out,REGR_MISMATCH,,,,,,pc_same,1,0,1844,1844,80006e98,80006e98,c.sub,c.sub,c.sub|c.sub,1549,2775,8000,103,8,6605,763f0c460c030fa8,774d1cb171775d47,67639f187ba9b010
91,bug_048,riscv_rand_instr_test,33117,/workspace/ibex/dv/uvm/out,REGR_MISMATCH,,,,,,pc_same,1,0,3461,3461,80000674,80000674,c.addi16sp,c.addi16sp,c.addi16sp|c.addi16sp,3598,5,8000,103,6,5714,cf4aa8b4c5deeaf1,1807fc94f43e19c7,608306ece73b2f92
92,bug_048,riscv_rand_instr_test,33118,/workspace/ibex/dv/uvm/out,REGR_MISMATCH,,,,,,pc_same,1,0,304,304,8000065a,8000065a,auipc,auipc,auipc|auipc,3054,1420,8000,103,6,6852,cc79d1606bda4b24,ff2a2c0f280a786b,b50dda7b6114b4ea
93,bug_048,riscv_rand_instr_test,33120,/workspace/ibex/dv/uvm/out,REGR_MISMATCH,,,,,,pc_same,1,0,476,476,8000629a,8000629a,c.addi16sp,c.addi16sp,c.addi16sp|c.addi16sp,436,3896,8000,103,8,6418,d7509f7e60a8dcd8,98eacb098073552d,f99ac4763785386a
94,bug_048,riscv_rv32im_instr_test,33101,/workspace/ibex/dv/uvm/out,REGR_MISMATCH,,,,,,pc_same,1,0,819,819,8000e948,8000e948,sub,sub,sub|sub,10748,34,8000,103,6,18479,5428714cbb598f6a,a69fa57dc80f743b,014c6e33e9f7522b
96,bug_048,riscv_rv32im_instr_test,33103,/workspace/ibex/dv/uvm/out,REGR_MISMATCH,,,,,,pc_same,1,0,57,57,8000015a,8000015a,auipc,auipc,auipc|auipc,1529,8325,8000,103,8,13854,5d4ab86bd16d3fc2,8788dda99e294228,fc44f7667f36fa3e
97,bug_048,riscv_rv32im_instr_test,33104,/workspace/ibex/dv/uvm/out,REGR_MISMATCH,,,,,,pc_same,1,0,539,539,80000f5a,80000f5a,jal,jal,jal|jal,15458,16,8000,103,6,21702,11033988fbc9c343,425a05900cb4e494,8600a47711cde159
99,bug_048,riscv_rv32im_instr_test,33106,/workspace/ibex/dv/uvm/out,REGR_MISMATCH,,,,,,pc_same,1,0,687,687,80000d5a,80000d5a,jal,jal,jal|jal,9567,18,8000,103,6,13583,f4d37165ae9dc8ca,2798065b03d9516a,cdac5e4fb86d023e
100,bug_048,riscv_rv32im_instr_test,33107,/workspace/ibex/dv/uvm/out,REGR_MISMATCH,,,,,,pc_same,1,0,391,391,8000075a,8000075a,auipc,auipc,auipc|auipc,4238,13885,8000,103,6,25605,da02a635c3a83e6a,70a93eb4c4941042,254c3b8ffa17e0d8
101,bug_048,riscv_rv32im_instr_test,33108,/workspace/ibex/dv/uvm/out,REGR_MISMATCH,,,,,,pc_same,1,0,168,168,8001115a,8001115a,jal,jal,jal|jal,5768,3,8001,103,6,8584,7a83c4e9ffb1dde2,c9c9aacc1de7a962,a278c918670457f8
103,bug_048,riscv_rv32im_instr_test,33110,/workspace/ibex/dv/uvm/out,REGR_MISMATCH,,,,,,pc_same,1,0,756,756,8000195a,8000195a,jal,jal,jal|jal,6292,39572,8000,103,8,66690,df3c12b4ff0a2a65,8b68f8fb3a9a66c5,c3ea759bc2f97e7c
104,bug_048,riscv_rv32im_instr_test,33111,/workspace/ibex/dv/uvm/out,REGR_MISMATCH,,,,,,pc_same,1,0,56,56,8000015a,8000015a,auipc,auipc,auipc|auipc,8785,2847,8000,103,6,17080,b46d5f6cd4fb66bf,b89242441ab53d03,62d6ba973ff892df
105,bug_048,riscv_rv32im_instr_test,33112,/workspace/ibex/dv/uvm/out,REGR_MISMATCH,,,,,,pc_same,1,0,60,60,8000015a,8000015a,auipc,auipc,auipc|auipc,3328,18499,8000,103,8,30488,99d8ea375514227c,68ca930b2edc3012,9513c71dd88cb67f
107,bug_048,riscv_rv32im_instr_test,33114,/workspace/ibex/dv/uvm/out,REGR_MISMATCH,,,,,,pc_same,1,0,577,577,80000b5a,80000b5a,auipc,auipc,auipc|auipc,517,276,8000,103,8,1604,73c31847cbe6f4d4,fb12842415a93122,c33e62471c64294b
108,bug_048,riscv_rv32im_instr_test,33115,/workspace/ibex/dv/uvm/out,REGR_MISMATCH,,,,,,pc_same,1,0,910,910,80007b5a,80007b5a,auipc,auipc,auipc|auipc,16581,133,8000,103,6,24666,7e40da2060098e1d,8260c4254e67699e,2ea06b4f649e93ec
111,bug_048,riscv_rv32im_instr_test,33118,/workspace/ibex/dv/uvm/out,REGR_MISMATCH,,,,,,pc_same,1,0,345,345,8000075a,8000075a,jal,jal,jal|jal,1042,2399,8000,103,6,6278,49ebf85c7a628ed8,7cfd2ae191c2dcf3,5251566209a3d076
112,bug_048,riscv_rv32im_instr_test,33119,/workspace/ibex/dv/uvm/out,REGR_MISMATCH,,,,,,pc_same,1,0,335,335,8000065a,8000065a,auipc,auipc,auipc|auipc,8046,3530,8000,103,8,21062,d395bfd29c94f631,a51a99b75c94baa5,570c97d9a9d17d0a
113,bug_048,riscv_rv32im_instr_test,33120,/workspace/ibex/dv/uvm/out,REGR_MISMATCH,,,,,,pc_same,1,0,224,224,8000045a,8000045a,jal,jal,jal|jal,2428,10728,8000,103,8,18238,a7bac3c431ae4773,9564ea3cba8ec906,67036b2a99a4e564
114,bug_051,riscv_mmu_stress_test,33731,/workspace/ibex/dv/uvm/out,REGR_MISMATCH,,,,,,pc_same,1,0,119,119,8001276a,8001276a,lb,lb,lb|lb,3204,32209,8001,103,6,52179,43ee87c2ff5d0449,c60035f6ad3d8146,049ae5029977fd9a
115,bug_051,riscv_mmu_stress_test,33732,/workspace/ibex/dv/uvm/out,REGR_MISMATCH,,,,,,pc_same,1,0,543,543,8001e234,8001e234,lb,lb,lb|lb,10474,18895,8001,103,6,60381,1b1424d83b1a026d,a0188ac5698b2579,ca8dc0669654c272
116,bug_051,riscv_mmu_stress_test,33733,/workspace/ibex/dv/uvm/out,REGR_MISMATCH,,,,,,pc_same,1,0,216,216,80000494,80000494,lb,lb,lb|lb,2488,23864,8000,103,6,38416,0a0772146e76bdad,6305e2d6d3413060,0184dfce1bcfa327
117,bug_051,riscv_mmu_stress_test,33734,/workspace/ibex/dv/uvm/out,REGR_MISMATCH,,,,,,pc_same,1,0,2168,2168,80002cf0,80002cf0,lb,lb,lb|lb,8310,12143,8000,103,6,42771,4c934d875030abd4,62e2f864488d41cd,7f77257bab60e3c8
118,bug_051,riscv_mmu_stress_test,33735,/workspace/ibex/dv/uvm/out,REGR_MISMATCH,,,,,,pc_same,1,0,138,138,800002e8,800002e8,lb,lb,lb|lb,3842,5928,8000,103,6,14326,2c04fc2e77a4b483,36254b627ddbddd2,c8b3fa8f0cfef151
119,bug_051,riscv_mmu_stress_test,33736,/workspace/ibex/dv/uvm/out,REGR_MISMATCH,,,,,,pc_same,1,0,140,140,800002f8,800002f8,lb,lb,lb|lb,4948,14163,8000,103,6,27689,37b46d38215acfb5,fc2e9ecb2fa01c1e,9824a890667343f5
120,bug_051,riscv_mmu_stress_test,33737,/workspace/ibex/dv/uvm/out,REGR_MISMATCH,,,,,,pc_same,1,0,143,143,80002076,80002076,lb,lb,lb|lb,1371,15578,8000,103,6,24919,97634b162fad2030,7579bb47e0339204,361495ffbb9ca622
121,bug_051,riscv_mmu_stress_test,33738,/workspace/ibex/dv/uvm/out,REGR_MISMATCH,,,,,,pc_same,1,0,1479,1479,80001dc6,80001dc6,lb,lb,lb|lb,1521,12469,8000,103,8,30851,4179b78384d33add,e8181debf4778045,0a17ca54d83c5a54
122,bug_051,riscv_mmu_stress_test,33739,/workspace/ibex/dv/uvm/out,REGR_MISMATCH,,,,,,pc_same,1,0,133,133,800002cc,800002cc,lb,lb,lb|lb,1079,39565,8000,103,6,59543,261fe6d2b36b60d9,c1e2782bb1a548ce,a8e7faa5680b391a
123,bug_051,riscv_mmu_stress_test,33740,/workspace/ibex/dv/uvm/out,REGR_MISMATCH,,,,,,pc_same,1,0,205,205,80000480,80000480,lb,lb,lb|lb,3478,34950,8000,103,6,56064,cdb358503d862153,5b9a31419336f2af,c730c8656f4f3c90
124,bug_051,riscv_mmu_stress_test,33741,/workspace/ibex/dv/uvm/out,REGR_MISMATCH,,,,,,pc_same,1,0,111,111,80000296,80000296,lb,lb,lb|lb,1154,36316,8000,103,6,54199,3f6e9f4ec63b4ba9,31aa372783ea22a3,0d804149a0fc0f88
126,bug_051,riscv_mmu_stress_test,33743,/workspace/ibex/dv/uvm/out,REGR_MISMATCH,,,,,,pc_same,1,0,775,775,80001d20,80001d20,lb,lb,lb|lb,9498,16546,8000,103,6,52284,c96245ef85579df3,c08683eaa2230238,717cc5d774efc41a
129,bug_051,riscv_mmu_stress_test,33746,/workspace/ibex/dv/uvm/out,REGR_MISMATCH,,,,,,pc_same,1,0,251,251,8000811e,8000811e,lb,lb,lb|lb,443,33955,8000,103,6,50261,c8e6b08a0f8d556b,3b1e6788dfa801ca,e3228e4d5aa815ff
131,bug_051,riscv_mmu_stress_test,33748,/workspace/ibex/dv/uvm/out,REGR_MISMATCH,,,,,,pc_same,1,0,345,345,80009368,80009368,lb,lb,lb|lb,3015,47538,8000,103,6,25013,a2d58284a71f6046,9e78b6346bbb1637,3d247ca92b0f5c42
132,bug_051,riscv_mmu_stress_test,33749,/workspace/ibex/dv/uvm/out,REGR_MISMATCH,,,,,,pc_same,1,0,183,183,80001950,80001950,lb,lb,lb|lb,176,27218,8000,103,8,54160,aa0f77c9789e9965,34f29ba9ac0cb483,79beba0cf31f6cf9
133,bug_051,riscv_mmu_stress_test,33750,/workspace/ibex/dv/uvm/out,REGR_MISMATCH,,,,,,pc_same,1,0,190,190,80000406,80000406,lb,lb,lb|lb,1279,50537,8000,103,6,76220,eed7840dcd5186d4,5f7ca67f57144235,9e61c018ffc2dd3e
134,bug_051,riscv_mmu_stress_test,33752,/workspace/ibex/dv/uvm/out,REGR_MISMATCH,,,,,,pc_same,1,0,113,113,80000278,80000278,lb,lb,lb|lb,5372,22781,8000,103,6,41069,8d6446c744fcdbce,c1f2b33871bdb249,719c8618943feeed
135,bug_051,riscv_mmu_stress_test,33753,/workspace/ibex/dv/uvm/out,REGR_MISMATCH,,,,,,pc_same,1,0,173,173,800003d0,800003d0,lb,lb,lb|lb,2243,12612,8000,103,6,21837,265b1f221065e8c7,e6ecad8c5bbec5ab,d90decb772af171e
136,bug_051,riscv_mmu_stress_test,33754,/workspace/ibex/dv/uvm/out,REGR_MISMATCH,,,,,,pc_same,1,0,380,380,8000085c,8000085c,lb,lb,lb|lb,2684,29673,8000,103,6,47134,c64d370146e9d7d2,f3d404bc6755b452,7f861d48891fb419
137,bug_051,riscv_mmu_stress_test,33755,/workspace/ibex/dv/uvm/out,REGR_MISMATCH,,,,,,pc_same,1,0,389,389,8000078c,8000078c,lb,lb,lb|lb,2348,15252,8000,103,6,25449,9f97bbc64b3e81ea,34ebc995d23f9850,5a7272d3f098e793
138,bug_051,riscv_mmu_stress_test,33756,/workspace/ibex/dv/uvm/out,REGR_MISMATCH,,,,,,pc_same,1,0,481,481,800031ce,800031ce,lb,lb,lb|lb,1284,16208,8000,103,6,25087,b5ea1004a8f6d0bd,676096a2e638278d,38c3b73e6baca9ff
139,bug_051,riscv_mmu_stress_test,33757,/workspace/ibex/dv/uvm/out,REGR_MISMATCH,,,,,,pc_same,1,0,498,498,8002ee62,8002ee62,lb,lb,lb|lb,4463,32566,8002,103,6,53971,21abd2a8ce7840b8,5c566d7d6fd2b269,a02acefecc47d8c9
140,bug_051,riscv_mmu_stress_test,33758,/workspace/ibex/dv/uvm/out,REGR_MISMATCH,,,,,,pc_same,1,0,132,132,8000c022,8000c022,lb,lb,lb|lb,1690,32091,8000,103,6,48628,0be56d3efa660d38,d451b5016061582a,87b16751d670ed8b
141,bug_051,riscv_mmu_stress_test,33759,/workspace/ibex/dv/uvm/out,REGR_MISMATCH,,,,,,pc_same,1,0,174,174,800030be,800030be,lb,lb,lb|lb,1254,65723,8000,103,6,96876,93696c4b76b2d59f,857668ba745d32fb,3638d0e849415a4b
142,bug_051,riscv_mmu_stress_test,33760,/workspace/ibex/dv/uvm/out,REGR_MISMATCH,,,,,,pc_same,1,0,491,491,80001538,80001538,lb,lb,lb|lb,5176,36340,8000,103,6,82056,c8b02f21fa6ffef5,04393c2dc86594fd,e35c63507ebde8b6
143,bug_051,riscv_unaligned_load_store_test,33701,/workspace/ibex/dv/uvm/out,REGR_MISMATCH,,,,,,pc_diff,1,0,61,61,80000164,8001c080,lw,addi,lw|addi,52,18,8000,103,8,19318,cf86bc91a59c7975,d5f728bf923b985f,dd0477d5a00fca9f
144,bug_051,riscv_unaligned_load_store_test,33702,/workspace/ibex/dv/uvm/out,REGR_MISMATCH,,,,,,pc_diff,1,0,62,62,80000166,8001b080,lhu,addi,lhu|addi,56,18,8000,103,8,24584,ac8a711e6f108673,bd8659a134f776eb,1bfe39203a67e50b
145,bug_051,riscv_unaligned_load_store_test,33703,/workspace/ibex/dv/uvm/out,REGR_MISMATCH,,,,,,pc_diff,1,0,102,102,80000642,8001c080,lh,addi,lh|addi,96,18,8000,103,8,20300,a37aa17bb1b6b34f,3fb5b2b989bf0d86,d679e0946795c55c
147,bug_051,riscv_unaligned_load_store_test,33705,/workspace/ibex/dv/uvm/out,REGR_MISMATCH,,,,,,pc_diff,1,0,63,63,80000168,8001b080,lh,addi,lh|addi,54,18,8000,103,8,72910,b1ab173cfa90f45c,be8bc2fea8412d6a,65c95a3f55917f6e
150,bug_051,riscv_unaligned_load_store_test,33708,/workspace/ibex/dv/uvm/out,REGR_MISMATCH,,,,,,pc_diff,1,0,69,69,80000192,8001c080,lw,addi,lw|addi,64,18,8000,103,8,24567,0a66aa462a9e93f3,42a083bebc222fd8,03d5d33c57e21de5
151,bug_051,riscv_unaligned_load_store_test,33709,/workspace/ibex/dv/uvm/out,REGR_MISMATCH,,,,,,pc_diff,1,0,75,75,8001206e,8001b080,lw,addi,lw|addi,69,18,8001,103,8,24690,237f06631e43837f,c1df9fc7d9ecb3d1,db6b929a7d441a49
152,bug_051,riscv_unaligned_load_store_test,33710,/workspace/ibex/dv/uvm/out,REGR_MISMATCH,,,,,,pc_diff,1,0,64,64,8000017c,8001b080,lhu,addi,lhu|addi,60,18,8000,103,8,6807,c9751300db4f7b15,0ef14e67c0508510,a8664c7bb9304905
153,bug_051,riscv_unaligned_load_store_test,33711,/workspace/ibex/dv/uvm/out,REGR_MISMATCH,,,,,,pc_diff,1,0,81,81,8000fd4a,8001c080,lh,addi,lh|addi,71,18,8000,103,8,25630,b8ff98d12ce74d78,7e3c00a74695a3a2,281dcd9ed70eed6e
154,bug_051,riscv_unaligned_load_store_test,33712,/workspace/ibex/dv/uvm/out,REGR_MISMATCH,,,,,,pc_diff,1,0,71,71,80005dfc,8001c080,lh,addi,lh|addi,64,18,8000,103,8,37747,8089045cbc46b353,506234804470b2ef,11f225836165f78b
155,bug_051,riscv_unaligned_load_store_test,33713,/workspace/ibex/dv/uvm/out,REGR_MISMATCH,,,,,,pc_diff,1,0,60,60,80000176,8001c080,lh,addi,lh|addi,54,18,8000,103,8,22226,a2c5561d906ab56d,e37ab208ea313799,0a76693197eb0ac3
156,bug_051,riscv_unaligned_load_store_test,33714,/workspace/ibex/dv/uvm/out,REGR_MISMATCH,,,,,,pc_diff,1,0,72,72,800003ac,8001c080,lw,addi,lw|addi,61,18,8000,103,8,24974,cb68b5919217d149,ff41d4639d191b86,b02ef429d999dd40
157,bug_051,riscv_unaligned_load_store_test,33715,/workspace/ibex/dv/uvm/out,REGR_MISMATCH,,,,,,pc_diff,1,0,59,59,8000016c,8001b080,lw,addi,lw|addi,51,18,8000,103,8,37822,b4235dfa4afd534a,8e9daea1884d8da2,70a53894d2267ce4
158,bug_051,riscv_unaligned_load_store_test,33716,/workspace/ibex/dv/uvm/out,REGR_MISMATCH,,,,,,pc_diff,1,0,62,62,80000170,8001b080,c.slli,addi,c.slli|addi,52,18,8000,103,8,28599,06108d00f0d1f146,17aee4ffaab26e54,45a8544efe199e32
159,bug_051,riscv_unaligned_load_store_test,33717,/workspace/ibex/dv/uvm/out,REGR_MISMATCH,,,,,,pc_diff,1,0,59,59,80000166,8001c080,c.slli,addi,c.slli|addi,52,18,8000,103,8,22079,415934a93f4ea063,2aea93895dbe61aa,fc279d3dd4730517
160,bug_051,riscv_unaligned_load_store_test,33718,/workspace/ibex/dv/uvm/out,REGR_MISMATCH,,,,,,pc_diff,1,0,56,56,80000146,8001c080,lw,addi,lw|addi,45,18,8000,103,8,21774,1a957bd2923eb61e,7a7c770a42e80771,1c4fc215b55b4bef
161,bug_051,riscv_unaligned_load_store_test,33719,/workspace/ibex/dv/uvm/out,REGR_MISMATCH,,,,,,pc_diff,1,0,59,59,8000015a,8001b080,lhu,addi,lhu|addi,51,18,8000,103,8,6328,77e5f791854cbfaa,63dedaade5766b45,e3cf1d8389f1bc11
163,bug_051,riscv_unaligned_load_store_test,33721,/workspace/ibex/dv/uvm/out,REGR_MISMATCH,,,,,,pc_diff,1,0,69,69,8000018a,8001c080,lbu,addi,lbu|addi,59,17,8000,103,8,20066,0075461b636877a7,41074bb0623ff01c,55226d51a91959f2
164,bug_051,riscv_unaligned_load_store_test,33722,/workspace/ibex/dv/uvm/out,REGR_MISMATCH,,,,,,pc_diff,1,0,64,64,80000168,8001c080,lhu,addi,lhu|addi,57,18,8000,103,8,25693,fcd22ca3ad5bccbc,8ea8ef9ac23c20e2,36a9a0e54273c028
165,bug_051,riscv_unaligned_load_store_test,33723,/workspace/ibex/dv/uvm/out,REGR_MISMATCH,,,,,,pc_diff,1,0,64,64,8000017e,8001b080,lbu,addi,lbu|addi,55,18,8000,103,8,17538,9d9f8adb68a2d7f4,46c5af5a2e8ea5a8,e5f25b7f2f01a4ff
166,bug_051,riscv_unaligned_load_store_test,33724,/workspace/ibex/dv/uvm/out,REGR_MISMATCH,,,,,,pc_diff,1,0,59,59,8000015c,8001b080,lh,addi,lh|addi,57,18,8000,103,8,24964,f6b584ec0c6ba5e5,459a3772cd626abf,27ed134fccd7966c
168,bug_051,riscv_unaligned_load_store_test,33726,/workspace/ibex/dv/uvm/out,REGR_MISMATCH,,,,,,pc_diff,1,0,79,79,80004a8a,8001c080,c.or,addi,c.or|addi,74,18,8000,103,8,22691,c24c87abe0b798fc,d2c54d8694573a21,fe00684077d6976b
169,bug_051,riscv_unaligned_load_store_test,33727,/workspace/ibex/dv/uvm/out,REGR_MISMATCH,,,,,,pc_diff,1,0,62,62,8000017a,8001c080,lb,addi,lb|addi,58,18,8000,103,8,22750,85b755a427d676b9,0f6162bf278781c3,aeba86459b4f1f2a
170,bug_051,riscv_unaligned_load_store_test,33728,/workspace/ibex/dv/uvm/out,REGR_MISMATCH,,,,,,pc_diff,1,0,83,83,8000f0e6,8001c080,lh,addi,lh|addi,77,18,8000,103,8,29530,d20e82bd987befe4,0442c75d1f09df58,bd62b343ab4981b4
171,bug_051,riscv_unaligned_load_store_test,33729,/workspace/ibex/dv/uvm/out,REGR_MISMATCH,,,,,,pc_diff,1,0,56,56,80000146,8001c080,lh,addi,lh|addi,44,18,8000,103,8,16952,04ba0c56aaeda4d5,5cea0790d9b8ea43,42678aa77b5e958c
172,bug_051,riscv_unaligned_load_store_test,33730,/workspace/ibex/dv/uvm/out,REGR_MISMATCH,,,,,,pc_diff,1,0,75,75,8000a248,8001b080,lhu,addi,lhu|addi,67,18,8000,103,8,12064,4cba1210e70616f2,74a76447906593e7,3a9a6b7384c0ab8d
174,bug_053,riscv_arithmetic_basic_test,33802,/workspace/ibex/dv/uvm/out,REGR_MISMATCH,,,,,,pc_same,1,0,120,120,80000230,80000230,c.addi,c.addi,c.addi|c.addi,223,8013,8000,103,8,10270,62be98004862d359,853f0abc4e2b70d1,f513d617bda86dd1
175,bug_053,riscv_arithmetic_basic_test,33803,/workspace/ibex/dv/uvm/out,REGR_MISMATCH,,,,,,pc_same,1,0,122,122,8000022a,8000022a,c.addi4spn,c.addi4spn,c.addi4spn|c.addi4spn,217,7600,8000,103,6,10291,31cd66f281468f1e,a44e252a1a0c5f8e,eaa3925294d529ac
176,bug_053,riscv_arithmetic_basic_test,33804,/workspace/ibex/dv/uvm/out,REGR_MISMATCH,,,,,,pc_same,1,0,121,121,80000238,80000238,addi,addi,addi|addi,211,7924,8000,103,8,10284,4a911225e938f29a,67cd19b1c026c4df,8fe3057faaea5330
177,bug_053,riscv_arithmetic_basic_test,33805,/workspace/ibex/dv/uvm/out,REGR_MISMATCH,,,,,,pc_same,1,0,122,122,80000238,80000238,c.addi4spn,c.addi4spn,c.addi4spn|c.addi4spn,181,7868,8000,103,6,10273,10ea4c0fa6b8215a,8fc15fed4ae0bd14,65cd5fe7f47f6145
178,bug_053,riscv_arithmetic_basic_test,33806,/workspace/ibex/dv/uvm/out,REGR_MISMATCH,,,,,,pc_same,1,0,127,127,80000244,80000244,ori,ori,ori|ori,138,7945,8000,103,8,10267,bc5b803503b75501,28b6abfeffabce52,1e642f9dd311f447
179,bug_053,riscv_arithmetic_basic_test,33807,/workspace/ibex/dv/uvm/out,REGR_MISMATCH,,,,,,pc_same,1,0,129,129,8000024c,8000024c,srli,srli,srli|srli,171,7786,8000,103,8,10259,ee71df4f26be0256,9243d7062176183e,b7580bf56090ee99
180,bug_053,riscv_arithmetic_basic_test,33808,/workspace/ibex/dv/uvm/out,REGR_MISMATCH,,,,,,pc_same,1,0,121,121,80000234,80000234,srai,srai,srai|srai,185,7823,8000,103,8,10261,29f6d9f4eadf9f7d,be38fe5e210ba770,5cdaed6942577fad
181,bug_053,riscv_arithmetic_basic_test,33809,/workspace/ibex/dv/uvm/out,REGR_MISMATCH,,,,,,pc_same,1,0,118,118,80000232,80000232,srli,srli,srli|srli,362,7751,8000,103,8,10261,8e92dc2aa95871d7,76ddceada5f3df25,bb202e73c05c7216
182,bug_053,riscv_arithmetic_basic_test,33810,/workspace/ibex/dv/uvm/out,REGR_MISMATCH,,,,,,pc_same,1,0,117,117,8000022a,8000022a,addi,addi,addi|addi,177,7855,8000,103,8,10270,115ded9ef8643163,ea5c205ca06c9ad5,559cf9a77cae24be
183,bug_053,riscv_arithmetic_basic_test,33811,/workspace/ibex/dv/uvm/out,REGR_MISMATCH,,,,,,pc_same,1,0,114,114,80000236,80000236,srai,srai,srai|srai,168,7873,8000,103,8,10284,130fb0e76a4a57c0,2aeac6ce88c73868,fba8dc103b5c7208
184,bug_053,riscv_arithmetic_basic_test,33812,/workspace/ibex/dv/uvm/out,REGR_MISMATCH,,,,,,pc_same,1,0,116,116,80000220,80000220,c.srli,c.srli,c.srli|c.srli,343,7715,8000,103,8,10265,984754f2c0e57a7d,7439474c25c3f8f0,66d2c03094fcffb0
185,bug_053,riscv_arithmetic_basic_test,33813,/workspace/ibex/dv/uvm/out,REGR_MISMATCH,,,,,,pc_same,1,0,127,127,80000256,80000256,c.slli,c.slli,c.slli|c.slli,135,7940,8000,103,6,10280,4cb93f2fea4d5e3a,4d98b89be1013836,0d005f1d587ed552
186,bug_053,riscv_arithmetic_basic_test,33814,/workspace/ibex/dv/uvm/out,REGR_MISMATCH,,,,,,pc_same,1,0,117,117,80000230,80000230,c.li,c.li,c.li|c.li,295,7779,8000,103,6,10283,d57910834984373a,c2657a7bfa29d0bd,f34c6dd45c31f213
187,bug_053,riscv_arithmetic_basic_test,33815,/workspace/ibex/dv/uvm/out,REGR_MISMATCH,,,,,,pc_same,1,0,120,120,80000232,80000232,andi,andi,andi|andi,197,7813,8000,103,6,10279,637bdbac774a9302,d99fd11ef6df6822,01ec3fabdaff4908
188,bug_053,riscv_arithmetic_basic_test,33816,/workspace/ibex/dv/uvm/out,REGR_MISMATCH,,,,,,pc_same,1,0,118,118,80000224,80000224,ori,ori,ori|ori,321,7801,8000,103,8,10273,e00703578de08518,99852598e3e1418e,0b9863bff428ff0d
189,bug_053,riscv_arithmetic_basic_test,33817,/workspace/ibex/dv/uvm/out,REGR_MISMATCH,,,,,,pc_same,1,0,125,125,80000250,80000250,c.srai,c.srai,c.srai|c.srai,159,7813,8000,103,8,10283,dd7da5f798aaa442,690f3f3a1b54bde8,e9f7742ac0e50452
190,bug_053,riscv_arithmetic_basic_test,33818,/workspace/ibex/dv/uvm/out,REGR_MISMATCH,,,,,,pc_same,1,0,122,122,8000022c,8000022c,c.addi16sp,c.addi16sp,c.addi16sp|c.addi16sp,165,7890,8000,103,8,10272,331b3799b660a888,c07067c3c6bcf538,6ff1ab334b0eb98c
191,bug_053,riscv_arithmetic_basic_test,33819,/workspace/ibex/dv/uvm/out,REGR_MISMATCH,,,,,,pc_same,1,0,123,123,80000236,80000236,srai,srai,srai|srai,357,7734,8000,103,8,10281,fed23e8e0ca3a2c8,b229073d77d52a75,18dfbdb22b277433
192,bug_053,riscv_arithmetic_basic_test,33820,/workspace/ibex/dv/uvm/out,REGR_MISMATCH,,,,,,pc_same,1,0,119,119,80000230,80000230,c.addi4spn,c.addi4spn,c.addi4spn|c.addi4spn,132,7904,8000,103,8,10267,8649841252d91d7b,cb0977250c8b024e,1b87981acadacef3
193,bug_053,riscv_arithmetic_basic_test,33821,/workspace/ibex/dv/uvm/out,REGR_MISMATCH,,,,,,pc_same,1,0,132,132,8000025a,8000025a,c.addi,c.addi,c.addi|c.addi,316,7688,8000,103,8,10313,d0ed67d1f6118dd1,4f23522dae494fe4,f439403d1d54b8b7
194,bug_053,riscv_arithmetic_basic_test,33822,/workspace/ibex/dv/uvm/out,REGR_MISMATCH,,,,,,pc_same,1,0,120,120,8000022c,8000022c,xori,xori,xori|xori,121,7996,8000,103,8,10257,38e21f62c343c194,935e7380eba75653,92ac8745a6f7e0ad
195,bug_053,riscv_arithmetic_basic_test,33823,/workspace/ibex/dv/uvm/out,REGR_MISMATCH,,,,,,pc_same,1,0,123,123,80000256,80000256,addi,addi,addi|addi,525,7245,8000,103,6,10274,dd991b0c044f4932,8fd6e52a1134aa32,ec2bebb8914568a3
196,bug_053,riscv_arithmetic_basic_test,33824,/workspace/ibex/dv/uvm/out,REGR_MISMATCH,,,,,,pc_same,1,0,119,119,80000230,80000230,slli,slli,slli|slli,294,7535,8000,103,8,10268,9541597454628a2d,b2e8aeedc2cefe3f,295628df91e8a9a6
197,bug_053,riscv_arithmetic_basic_test,33825,/workspace/ibex/dv/uvm/out,REGR_MISMATCH,,,,,,pc_same,1,0,120,120,8000022e,8000022e,c.addi,c.addi,c.addi|c.addi,220,7739,8000,103,8,10271,09f9a1480d955ba2,79f02d3ab62245fc,36582163e2e98e97
198,bug_053,riscv_machine_mode_rand_test,33826,/workspace/ibex/dv/uvm/out,REGR_MISMATCH,,,,,,pc_same,1,0,109,109,800002e0,800002e0,c.addi,c.addi,c.addi|c.addi,203,2249,8000,103,6,3730,279d604c88edcdc4,ec562edeb82d277b,a0ca2fae37b92c2c
199,bug_053,riscv_machine_mode_rand_test,33827,/workspace/ibex/dv/uvm/out,UVM_ERROR,UVM_ERROR,mem_model.sv,28,111303000,read to uninitialzed addr 0x8003,,0,0,,,,,,,,,,,62953,1,281793,184891cb54d4f37e,885f2339349da4d9,717de0b8eb576650
200,bug_053,riscv_machine_mode_rand_test,33828,/workspace/ibex/dv/uvm/out,UVM_ERROR,UVM_ERROR,mem_model.sv,28,105429000,read to uninitialzed addr 0x8003,,0,0,,,,,,,,,,,31901,1,261493,d4ef9603c139d14a,885f2339349da4d9,db153cc78fe0e6c4
201,bug_053,riscv_machine_mode_rand_test,33829,/workspace/ibex/dv/uvm/out,UVM_ERROR,UVM_ERROR,mem_model.sv,28,32781000,read to uninitialzed addr 0x8003,,0,0,,,,,,,,,,,64478,1,269339,11e89816c558ebc3,885f2339349da4d9,5e7a87e0971d6b26
202,bug_053,riscv_machine_mode_rand_test,33830,/workspace/ibex/dv/uvm/out,UVM_ERROR,UVM_ERROR,mem_model.sv,28,89667000,read to uninitialzed addr 0x3,,0,0,,,,,,,,,,,71617,1,272290,4c591ae9643fa19d,885f2339349da4d9,5720a94b223bef81
203,bug_053,riscv_machine_mode_rand_test,33831,/workspace/ibex/dv/uvm/out,UVM_ERROR,UVM_ERROR,mem_model.sv,28,95707000,read to uninitialzed addr 0x8003,,0,0,,,,,,,,,,,49590,1,289775,d2d8a4345fa3196b,885f2339349da4d9,4f435ac5d70d9c44
204,bug_053,riscv_machine_mode_rand_test,33832,/workspace/ibex/dv/uvm/out,REGR_MISMATCH,,,,,,pc_same,1,0,118,118,8000031c,8000031c,c.addi4spn,c.addi4spn,c.addi4spn|c.addi4spn,201,203,8000,103,8,768,d3d94f5f1fdd8b87,b91595ee301d32e1,2aeece173f0208c1
205,bug_053,riscv_machine_mode_rand_test,33833,/workspace/ibex/dv/uvm/out,UVM_ERROR,UVM_ERROR,mem_model.sv,28,31407000,read to uninitialzed addr 0x8003,,0,0,,,,,,,,,,,32488,3,124337,3766456e713fdfd1,4ea270bdd36f8437,9c94b35135f2fde2
206,bug_053,riscv_machine_mode_rand_test,33834,/workspace/ibex/dv/uvm/out,UVM_ERROR,UVM_ERROR,mem_model.sv,28,52445000,read to uninitialzed addr 0x99a0c68f,,0,0,,,,,,,,,,,108,3,4664,0f4fbf4bf28a0810,4ea270bdd36f8437,50413b54e712020d
207,bug_053,riscv_machine_mode_rand_test,33835,/workspace/ibex/dv/uvm/out,UVM_ERROR,UVM_ERROR,mem_model.sv,28,36843000,read to uninitialzed addr 0x8003,,0,0,,,,,,,,,,,64709,1,275799,7bdd04ae6d203208,885f2339349da4d9,fd94459ca8ff913c
208,bug_053,riscv_machine_mode_rand_test,33836,/workspace/ibex/dv/uvm/out,UVM_ERROR,UVM_ERROR,mem_model.sv,28,78493000,read to uninitialzed addr 0x3,,0,0,,,,,,,,,,,35412,1,307805,90c077587b5ab6c9,885f2339349da4d9,49a9faaa9c5f3c5d
209,bug_053,riscv_machine_mode_rand_test,33837,/workspace/ibex/dv/uvm/out,UVM_ERROR,UVM_ERROR,mem_model.sv,28,62675000,read to uninitialzed addr 0x8003,,0,0,,,,,,,,,,,76064,1,285458,9a70c87502f5349a,885f2339349da4d9,3d0b1d9b5045ece3
210,bug_053,riscv_rand_instr_test,33851,/workspace/ibex/dv/uvm/out,UVM_ERROR,UVM_ERROR,mem_model.sv,28,53803000,read to uninitialzed addr 0x8003,,0,0,,,,,,,,,,,70069,1,269056,a841a6f43a264060,885f2339349da4d9,f8e0dc64faf59e35
211,bug_053,riscv_rand_instr_test,33852,/workspace/ibex/dv/uvm/out,REGR_MISMATCH,,,,,,pc_same,1,0,105,105,8000029c,8000029c,c.addi16sp,c.addi16sp,c.addi16sp|c.addi16sp,201,216,8000,103,8,836,212f37ec646f7f27,2de5da8296b4c928,8b69b92f62560a92
212,bug_053,riscv_rand_instr_test,33853,/workspace/ibex/dv/uvm/out,UVM_ERROR,UVM_ERROR,mem_model.sv,28,104401000,read to uninitialzed addr 0x3,,0,0,,,,,,,,,,,73816,1,281867,7663eb04d8d168c2,885f2339349da4d9,54216fabacef9926
213,bug_053,riscv_rand_instr_test,33854,/workspace/ibex/dv/uvm/out,REGR_MISMATCH,,,,,,pc_same,1,0,107,107,8000030a,8000030a,ori,ori,ori|ori,179,2402,8000,103,8,4122,f35288648522ee31,aa6fed540e06f225,1e3dc766978f1adc
214,bug_053,riscv_rand_instr_test,33855,/workspace/ibex/dv/uvm/out,UVM_ERROR,UVM_ERROR,mem_model.sv,28,70253000,read to uninitialzed addr 0x3,,0,0,,,,,,,,,,,68171,1,266807,810db6a0b77360e9,885f2339349da4d9,1386b0448ada85e4
215,bug_053,riscv_rand_instr_test,33856,/workspace/ibex/dv/uvm/out,UVM_ERROR,UVM_ERROR,mem_model.sv,28,21931000,read to uninitialzed addr 0x8003,,0,0,,,,,,,,,,,54280,1,273632,f8da23088537a60f,885f2339349da4d9,4b39b42b690b03ff
216,bug_053,riscv_rand_instr_test,33857,/workspace/ibex/dv/uvm/out,UVM_ERROR,UVM_ERROR,mem_model.sv,28,40421000,read to uninitialzed addr 0x8003,,0,0,,,,,,,,,,,68884,1,265598,556c7eac6776a38e,885f2339349da4d9,6c6b973391bd52f9
217,bug_053,riscv_rand_instr_test,33858,/workspace/ibex/dv/uvm/out,UVM_ERROR,UVM_ERROR,mem_model.sv,28,94541000,read to uninitialzed addr 0x3,,0,0,,,,,,,,,,,18815,1,257477,9fedd7d2c33fe452,885f2339349da4d9,069836042b086d20
218,bug_053,riscv_rand_instr_test,33859,/workspace/ibex/dv/uvm/out,REGR_MISMATCH,,,,,,pc_same,1,0,110,110,800002a2,800002a2,slli,slli,slli|slli,136,89,8000,103,6,522,32711eae4d4f2c44,2f70365b22813a77,10dc12c46e875ca6
219,bug_053,riscv_rand_instr_test,33860,/workspace/ibex/dv/uvm/out,REGR_MISMATCH,,,,,,pc_same,1,0,112,112,800009d6,800009d6,srai,srai,srai|srai,118,264,8000,103,6,751,87544c3f49cc6a81,b18ea4281d11a4d1,d0d1bb0e3a06b0c4
220,bug_053,riscv_rand_instr_test,33861,/workspace/ibex/dv/uvm/out,UVM_ERROR,UVM_ERROR,mem_model.sv,28,25819000,read to uninitialzed addr 0x8e968003,,0,0,,,,,,,,,,,76490,1,294390,8a3f2df47142f4c4,885f2339349da4d9,6bc95be5e8bbd4db
221,bug_053,riscv_rand_instr_test,33862,/workspace/ibex/dv/uvm/out,UVM_ERROR,UVM_ERROR,mem_model.sv,28,26703000,read to uninitialzed addr 0x8003,,0,0,,,,,,,,,,,70834,1,272317,c687429d0f3ac4da,885f2339349da4d9,68a61cbc5f4d8b75
222,bug_053,riscv_rand_instr_test,33863,/workspace/ibex/dv/uvm/out,UVM_ERROR,UVM_ERROR,mem_model.sv,28,46233000,read to uninitialzed addr 0x3,,0,0,,,,,,,,,,,50933,1,491678,afceefc8ae52d4af,885f2339349da4d9,a187bf7d6e21a133
223,bug_053,riscv_rand_instr_test,33864,/workspace/ibex/dv/uvm/out,REGR_MISMATCH,,,,,,pc_same,1,0,108,108,800002ee,800002ee,c.li,c.li,c.li|c.li,169,3774,8000,104,8,6360,3e2d45008d11f622,935951318d41dde2,ea52b668f293e5fa
226,bug_066,riscv_jump_stress_test,34017,/workspace/ibex/dv/uvm/out,REGR_MISMATCH,,,,,,pc_diff,1,0,963,963,800015d6,800015b4,xori,c.addi16sp,xori|c.addi16sp,954,4255,8000,103,8,8136,2dc843b0b8261fe8,61069df31fa2f5c6,95256502fb69955f
229,bug_066,riscv_jump_stress_test,34020,/workspace/ibex/dv/uvm/out,REGR_MISMATCH,,,,,,pc_diff,1,0,943,943,800011bc,800011b6,add,c.srli,add|c.srli,911,1173,8000,103,8,3337,0d57801175f871ea,8227b9d28ddc87a5,f2817b325cece165
230,bug_066,riscv_jump_stress_test,34021,/workspace/ibex/dv/uvm/out,REGR_MISMATCH,,,,,,pc_diff,1,0,365,365,800007a0,800007d8,srai,c.addi,srai|c.addi,353,3193,8000,103,8,5595,e8ec1889d19fa2cf,24114ec3ad855c8b,d4c36d2a03e813e2
231,bug_066,riscv_jump_stress_test,34022,/workspace/ibex/dv/uvm/out,REGR_MISMATCH,,,,,,pc_diff,1,0,493,493,800008aa,800008e2,c.addi16sp,srli,c.addi16sp|srli,475,1540,8000,103,8,3366,c7368fd35569e5cd,4eeb88203072ea4c,550e229eafaceaf4
232,bug_066,riscv_jump_stress_test,34023,/workspace/ibex/dv/uvm/out,REGR_MISMATCH,,,,,,pc_diff,1,0,950,950,8000104c,8000100e,c.addi,slli,c.addi|slli,936,3362,8000,103,6,5943,e9260e58a3d23572,e0de83742c51e5c5,e9a5182a162164f4
233,bug_066,riscv_jump_stress_test,34024,/workspace/ibex/dv/uvm/out,REGR_MISMATCH,,,,,,pc_diff,1,0,563,563,800010de,800010ae,slti,srl,slti|srl,558,2435,8000,103,8,5481,7f9ad6b09a3d72f8,52d5b667afa93ad1,910fcde2a790d2e1
234,bug_066,riscv_jump_stress_test,34025,/workspace/ibex/dv/uvm/out,REGR_MISMATCH,,,,,,pc_diff,1,0,730,730,8000474a,80004728,c.li,xori,c.li|xori,676,570,8000,103,6,2017,9f7b78ee4fae321a,1739981bba6e6c72,d280329ffd85d113
236,bug_066,riscv_jump_stress_test,34027,/workspace/ibex/dv/uvm/out,REGR_MISMATCH,,,,,,pc_diff,1,0,742,742,80003b14,80003ad0,c.srai,or,c.srai|or,726,2919,8000,103,8,5514,831653fbf00cb890,1536b92ae157d221,1817fcd9ad48a0ee
237,bug_066,riscv_jump_stress_test,34028,/workspace/ibex/dv/uvm/out,REGR_MISMATCH,,,,,,pc_diff,1,0,481,481,80000890,800008ac,mul,add,mul|add,466,640,8000,103,6,1837,a2ea0fc9ada77910,ef9e90d11f42b594,691587be95ffa42d
238,bug_066,riscv_jump_stress_test,34029,/workspace/ibex/dv/uvm/out,REGR_MISMATCH,,,,,,pc_diff,1,0,297,297,800005ba,80000586,slt,c.xor,slt|c.xor,283,436,8000,103,6,1247,6f201a52567d6638,a73afc2d1c94f155,6f4f6fa206056fcc
239,bug_066,riscv_jump_stress_test,34030,/workspace/ibex/dv/uvm/out,REGR_MISMATCH,,,,,,pc_diff,1,0,136,136,8000599c,800059c6,c.or,c.mv,c.or|c.mv,147,2644,8000,103,8,5467,3857263c0b07656d,0703093da21a643a,c6208cdfa989d5d5
240,bug_066,riscv_machine_mode_rand_test,34047,/workspace/ibex/dv/uvm/out,REGR_MISMATCH,,,,,,pc_diff,1,0,95,95,800016c4,80001682,andi,sltu,andi|sltu,96,1743,8000,103,6,2875,e60fab1d694564e1,1db2247397099a43,b5be80affd448c5f
241,bug_066,riscv_machine_mode_rand_test,34048,/workspace/ibex/dv/uvm/out,REGR_MISMATCH,,,,,,pc_diff,1,0,806,806,80005a60,80005a5e,addi,c.addi,addi|c.addi,700,4863,8000,103,8,8540,9317fb9992f94ac7,0ba076c005e9e9cd,63c1da9ad00eebd6
242,bug_066,riscv_machine_mode_rand_test,34049,/workspace/ibex/dv/uvm/out,REGR_MISMATCH,,,,,,pc_diff,1,0,167,167,80001576,8000155e,mulh,c.addi,mulh|c.addi,166,7662,8000,103,8,12187,83da9fd243f78fa7,e5ea78b7c9cd9868,50dc4e4c6a7b6017
243,bug_066,riscv_machine_mode_rand_test,34050,/workspace/ibex/dv/uvm/out,REGR_MISMATCH,,,,,,pc_diff,1,0,465,465,80002fa2,80002f74,addi,slti,addi|slti,409,2887,8000,103,8,5075,c3e60c86b976be0e,03d1caf4e1c358f7,24bcd67119218bef
244,bug_066,riscv_machine_mode_rand_test,34051,/workspace/ibex/dv/uvm/out,REGR_MISMATCH,,,,,,pc_diff,1,0,152,152,800003d4,800003d0,c.addi16sp,c.srai,c.addi16sp|c.srai,139,1159,8000,103,6,2073,0d11dfd98dc7af82,2d55067b3dfcdcea,2fbf0217debef286
245,bug_066,riscv_machine_mode_rand_test,34052,/workspace/ibex/dv/uvm/out,REGR_MISMATCH,,,,,,pc_diff,1,0,85,85,8000021a,800001dc,csrrc,rem,csrrc|rem,812,5558,8000,103,8,9392,5800f9560df5d2ec,ec6eca6819e87ba5,2865a201e9887666
246,bug_066,riscv_machine_mode_rand_test,34053,/workspace/ibex/dv/uvm/out,REGR_MISMATCH,,,,,,pc_diff,1,0,90,90,800050c6,800050ec,sub,c.or,sub|c.or,107,3829,8000,103,8,6252,a1310f90bb7b7e6a,fa782f27b837d289,2a62bb8d9423bc75
247,bug_066,riscv_machine_mode_rand_test,34054,/workspace/ibex/dv/uvm/out,REGR_MISMATCH,,,,,,pc_diff,1,0,202,202,80000580,80000598,lui,srli,lui|srli,191,3805,8000,103,6,5984,ac618c510386e91a,2863e696d3c4efa6,664b6fd0c17bb77a
248,bug_066,riscv_machine_mode_rand_test,34055,/workspace/ibex/dv/uvm/out,REGR_MISMATCH,,,,,,pc_diff,1,0,116,116,800004ce,800004e6,xori,srli,xori|srli,133,6589,8000,103,6,9796,df52991514e13689,8f4636751a0dbc27,310847a847f5cd53
249,bug_066,riscv_machine_mode_rand_test,34056,/workspace/ibex/dv/uvm/out,REGR_MISMATCH,,,,,,pc_diff,1,0,73,73,800001cc,800001a2,sltiu,div,sltiu|div,105,13195,8000,103,6,19193,63d60c2d60323e90,36dac3a78a41635b,6c8eadab21c5a52d
250,bug_066,riscv_machine_mode_rand_test,34057,/workspace/ibex/dv/uvm/out,REGR_MISMATCH,,,,,,pc_diff,1,0,232,232,800005e4,800005ae,or,csrrsi,or|csrrsi,206,103,8000,103,8,628,a0a923dfa9d7dc75,92835bda651c5725,7d5c1612be82e9b3
251,bug_066,riscv_machine_mode_rand_test,34058,/workspace/ibex/dv/uvm/out,REGR_MISMATCH,,,,,,pc_diff,1,0,307,307,80001f7a,80001fa0,c.li,div,c.li|div,267,4838,8000,103,6,5643,f8babc97c2cf3159,9623dbbd8d15985c,6a0c407e6e1c9b1c
252,bug_066,riscv_machine_mode_rand_test,34059,/workspace/ibex/dv/uvm/out,REGR_MISMATCH,,,,,,pc_diff,1,0,127,127,800002e6,800002e2,sll,csrrci,sll|csrrci,141,6564,8000,103,8,10060,c48340fa8d54b3d8,81c32173c0919086,a7bc9db3fddb7533
253,bug_066,riscv_machine_mode_rand_test,34060,/workspace/ibex/dv/uvm/out,REGR_MISMATCH,,,,,,pc_diff,1,0,704,704,8000168c,80001662,c.srai,div,c.srai|div,582,3606,8000,103,8,6573,75f0b544115c9fa9,0e26fa38382322c1,52d1c3788537aacf
255,bug_066,riscv_rand_instr_test,34032,/workspace/ibex/dv/uvm/out,REGR_MISMATCH,,,,,,pc_diff,1,0,152,152,800081b8,800081e2,c.addi,c.slli,c.addi|c.slli,180,4344,8000,103,6,6639,bbf7c9116d3d4d1a,4c09a568585093bd,bf547864771bab35
256,bug_066,riscv_rand_instr_test,34033,/workspace/ibex/dv/uvm/out,REGR_MISMATCH,,,,,,pc_diff,1,0,110,110,80000352,8000031c,c.addi,c.xor,c.addi|c.xor,111,4435,8000,103,8,6769,573a636f672af0c7,8d704654d4bd2aa2,7e22b9a5f8031f15
257,bug_066,riscv_rand_instr_test,34034,/workspace/ibex/dv/uvm/out,REGR_MISMATCH,,,,,,pc_diff,1,0,77,77,800001bc,800001da,srl,c.add,srl|c.add,76,1608,8000,103,8,2844,19093f4833120da9,55a0447194883517,db5b9fa0bce8a28a
258,bug_066,riscv_rand_instr_test,34035,/workspace/ibex/dv/uvm/out,REGR_MISMATCH,,,,,,pc_diff,1,0,270,270,800011ac,800011e0,xor,xori,xor|xori,262,8618,8000,103,8,26927,5ace7662c5932aff,0e83f527d787c9e7,c04a5e532a46c765
259,bug_066,riscv_rand_instr_test,34036,/workspace/ibex/dv/uvm/out,REGR_MISMATCH,,,,,,pc_diff,1,0,138,138,800003f4,800003f0,c.lui,xor,c.lui|xor,143,4349,8000,103,6,5956,31ff0385c9f6f212,690306c1e6e18691,2cc7fd6dd57c9755
260,bug_066,riscv_rand_instr_test,34037,/workspace/ibex/dv/uvm/out,REGR_MISMATCH,,,,,,pc_diff,1,0,59,59,8000015a,80000150,c.slli,c.addi4spn,c.slli|c.addi4spn,58,5784,8000,103,6,6641,a97d134cb80b4d7a,36b9ee9964f6cc8e,5a0b647057cf6965
261,bug_066,riscv_rand_instr_test,34038,/workspace/ibex/dv/uvm/out,REGR_MISMATCH,,,,,,pc_diff,1,0,127,127,80008370,8000836c,c.addi16sp,div,c.addi16sp|div,124,65,8000,103,6,494,f820d2d942865385,b7536d3548655c07,9669cd65bcb5ea31
263,bug_066,riscv_rand_instr_test,34040,/workspace/ibex/dv/uvm/out,REGR_MISMATCH,,,,,,pc_diff,1,0,65,65,800001d6,80000194,c.xor,srai,c.xor|srai,53,148,8000,103,6,548,d6e5b0b9f553b7bf,dfb0615fd3ad45bf,f58092bab5ea4663
264,bug_066,riscv_rand_instr_test,34041,/workspace/ibex/dv/uvm/out,REGR_MISMATCH,,,,,,pc_diff,1,0,160,160,800040f8,800040e0,srai,srl,srai|srl,137,2885,8000,103,6,4748,f68def6393e563bb,44640bd6e20d5779,abd75054b7096383
265,bug_066,riscv_rand_instr_test,34042,/workspace/ibex/dv/uvm/out,REGR_MISMATCH,,,,,,pc_diff,1,0,150,150,80000dd4,80000dae,c.addi,remu,c.addi|remu,199,4321,8000,103,6,5311,aca5b62ffe284ade,200cfb1ff97ee8a8,28fa3547cb595c9f
266,bug_066,riscv_rand_instr_test,34043,/workspace/ibex/dv/uvm/out,REGR_MISMATCH,,,,,,pc_diff,1,0,225,225,80007eb4,80007e9e,add,srli,add|srli,225,7582,8000,103,8,11614,6a5264449ee5a874,8b2114e882eb45de,ffa678d4c7d0ed12
267,bug_066,riscv_rand_instr_test,34044,/workspace/ibex/dv/uvm/out,REGR_MISMATCH,,,,,,pc_diff,1,0,117,117,800084bc,800084b8,c.srai,srl,c.srai|srl,101,748,8000,103,8,1489,d118205bc35fbef9,cdef9245f4906e97,b1826c46fd0b5af4
268,bug_066,riscv_rand_instr_test,34045,/workspace/ibex/dv/uvm/out,REGR_MISMATCH,,,,,,pc_diff,1,0,87,87,80000208,800001cc,add,sra,add|sra,82,3845,8000,103,6,4311,591dc1c2ba267dd6,1cf351810ec6761a,c735e2636a4190c1
269,bug_066,riscv_rand_jump_test,34001,/workspace/ibex/dv/uvm/out,REGR_MISMATCH,,,,,,pc_diff,1,0,1671,1671,8000683c,8000680e,csrrsi,c.xor,csrrsi|c.xor,1252,26975,8000,103,8,51531,aa1d570141ba6298,93484947322141f8,9c856d27509b420e
270,bug_066,riscv_rand_jump_test,34002,/workspace/ibex/dv/uvm/out,REGR_MISMATCH,,,,,,pc_diff,1,0,2097,2097,8000b4be,8000b4f2,sltiu,c.and,sltiu|c.and,1977,3095,8000,103,8,16904,73d3527f1f40d405,37c95fb2af80d4af,ed5e21d817316669
271,bug_066,riscv_rand_jump_test,34003,/workspace/ibex/dv/uvm/out,REGR_MISMATCH,,,,,,pc_diff,1,0,75,75,8000a8ea,8000a8dc,addi,addi,addi|addi,80,3272,8000,103,8,128184,fd6be11092bdf1ba,1195405f6bf259bd,967104f9eeff1988
272,bug_066,riscv_rand_jump_test,34004,/workspace/ibex/dv/uvm/out,REGR_MISMATCH,,,,,,pc_diff,1,0,447,447,800093ca,80009404,sltiu,xori,sltiu|xori,340,19473,8000,103,6,17392,816663b726eacdc4,7e8160f2bd906d70,b78e3f29ac3df283
273,bug_066,riscv_rand_jump_test,34005,/workspace/ibex/dv/uvm/out,REGR_MISMATCH,,,,,,pc_diff,1,0,945,945,800014a4,80001496,srli,xor,srli|xor,615,27714,8000,103,6,4029,4090ae24cb30173f,fcd0c657ad73c8ae,ba9decd3e90db2e0
274,bug_066,riscv_rand_jump_test,34007,/workspace/ibex/dv/uvm/out,REGR_MISMATCH,,,,,,pc_diff,1,0,304,304,80000676,80000674,mulhsu,c.srli,mulhsu|c.srli,295,8996,8000,103,6,13238,4c62c2e481c40b03,924d6ec82127fe3a,e89676ca8f194439
275,bug_066,riscv_rand_jump_test,34010,/workspace/ibex/dv/uvm/out,REGR_MISMATCH,,,,,,pc_diff,1,0,135,135,80000234,80000224,jalr,csrrci,jalr|csrrci,132,4274,8000,103,6,6215,75c0b0c2defc9f0b,273f60dd1111b9bc,7908491e9aefcb25
276,bug_066,riscv_rand_jump_test,34011,/workspace/ibex/dv/uvm/out,REGR_MISMATCH,,,,,,pc_diff,1,0,757,757,80000eb2,80000e9a,auipc,remu,auipc|remu,700,3117,8000,103,6,3037,57cc54151b0f4af4,83650ca1c8287520,6e8db3da25175315
277,bug_066,riscv_rand_jump_test,34012,/workspace/ibex/dv/uvm/out,REGR_MISMATCH,,,,,,pc_diff,1,0,94,94,8000920c,80009204,rem,slti,rem|slti,1210,31956,8000,103,8,53527,2f544bfb8bf8dd98,cbe10bc1e2ea0d9a,f5b99a74c223c143
278,bug_066,riscv_rand_jump_test,34013,/workspace/ibex/dv/uvm/out,REGR_MISMATCH,,,,,,pc_diff,1,0,84,84,8000a352,8000a356,andi,jalr,andi|jalr,90,3964,8000,103,8,6167,89a68869ea9ed88f,2784c0cc54a908c7,f4b70ca2983ae79d
279,bug_066,riscv_rand_jump_test,34014,/workspace/ibex/dv/uvm/out,REGR_MISMATCH,,,,,,pc_diff,1,0,63,63,80000190,80000178,jalr,sltiu,jalr|sltiu,87,9426,8000,103,8,14601,4412043355bd117d,3508b77d46b7d62a,335fdefc07ecc01a
280,bug_066,riscv_rand_jump_test,34015,/workspace/ibex/dv/uvm/out,REGR_MISMATCH,,,,,,pc_diff,1,0,1431,1431,80009eaa,80009e7e,c.sub,auipc,c.sub|auipc,897,7802,8000,103,8,15210,c1fd9844e43414b4,232c530bb0aad2b7,9017d323c04a7c70
281,bug_083,riscv_jump_stress_test,33301,/workspace/ibex/dv/uvm/out,UVM_ERROR,UVM_ERROR,mem_model.sv,28,1555000,read to uninitialzed addr 0x8007520b,,0,0,,,,,,,,,,,60274,1,432332,ddce998a7a0e18fd,885f2339349da4d9,519844670b9540c9
282,bug_083,riscv_jump_stress_test,33302,/workspace/ibex/dv/uvm/out,UVM_ERROR,UVM_ERROR,mem_model.sv,28,15343000,read to uninitialzed addr 0x8007dd83,,0,0,,,,,,,,,,,15556,1,344647,e11e4c57415ce98e,885f2339349da4d9,d1b981121b14700f
283,bug_083,riscv_jump_stress_test,33303,/workspace/ibex/dv/uvm/out,UVM_ERROR,UVM_ERROR,mem_model.sv,28,2821000,read to uninitialzed addr 0x800a7a83,,0,0,,,,,,,,,,,123096,1,378588,b7dd1b8b7238f46a,885f2339349da4d9,0d92bc726b23705c
284,bug_083,riscv_jump_stress_test,33304,/workspace/ibex/dv/uvm/out,UVM_ERROR,UVM_ERROR,mem_model.sv,28,1357000,read to uninitialzed addr 0x8008da13,,0,0,,,,,,,,,,,80755,1,400371,dd042e854d790d7b,885f2339349da4d9,ec5deb0966122acb
285,bug_083,riscv_jump_stress_test,33305,/workspace/ibex/dv/uvm/out,UVM_ERROR,UVM_ERROR,mem_model.sv,28,5521000,read to uninitialzed addr 0x8006acd7,,0,0,,,,,,,,,,,106980,1,387104,95f24f4b04de4675,885f2339349da4d9,e15e1fd6b5a979c4
286,bug_083,riscv_jump_stress_test,33306,/workspace/ibex/dv/uvm/out,UVM_ERROR,UVM_ERROR,mem_model.sv,28,16877000,read to uninitialzed addr 0x8009f5e7,,0,0,,,,,,,,,,,33445,1,358905,c638ce96f8ed5c0f,885f2339349da4d9,0ab7451227bc2bf0
287,bug_083,riscv_jump_stress_test,33307,/workspace/ibex/dv/uvm/out,UVM_ERROR,UVM_ERROR,mem_model.sv,28,6821000,read to uninitialzed addr 0x800757bb,,0,0,,,,,,,,,,,20746,1,349501,990a514c0b04a55b,885f2339349da4d9,5f6561bf35b97bf1
288,bug_083,riscv_jump_stress_test,33308,/workspace/ibex/dv/uvm/out,UVM_ERROR,UVM_ERROR,mem_model.sv,28,13113000,read to uninitialzed addr 0x800cc507,,0,0,,,,,,,,,,,45248,1,356210,352387b6f1a656d3,885f2339349da4d9,defbeb382acb4462
289,bug_083,riscv_jump_stress_test,33309,/workspace/ibex/dv/uvm/out,UVM_ERROR,UVM_ERROR,mem_model.sv,28,16015000,read to uninitialzed addr 0x800dddbf,,0,0,,,,,,,,,,,51366,1,392937,fc21bba29c2bf3a3,885f2339349da4d9,0a98f55967d47b13
290,bug_083,riscv_jump_stress_test,33310,/workspace/ibex/dv/uvm/out,UVM_ERROR,UVM_ERROR,mem_model.sv,28,28929000,read to uninitialzed addr 0x80067a5b,,0,0,,,,,,,,,,,91823,1,371480,29b013e945a605b3,885f2339349da4d9,163ad9f079effdf5
291,bug_083,riscv_jump_stress_test,33311,/workspace/ibex/dv/uvm/out,UVM_ERROR,UVM_ERROR,mem_model.sv,28,21661000,read to uninitialzed addr 0x800b099f,,0,0,,,,,,,,,,,56663,1,444504,42a3e53e084e82da,885f2339349da4d9,bfcbd2c77c178e24
292,bug_083,riscv_jump_stress_test,35011,/workspace/ibex/dv/uvm/out,UVM_ERROR,UVM_ERROR,mem_model.sv,28,3583000,read to uninitialzed addr 0x800e7223,,0,0,,,,,,,,,,,77076,1,492630,b26bb7a148e9b66d,885f2339349da4d9,651610798e53ee5c
293,bug_083,riscv_jump_stress_test,35012,/workspace/ibex/dv/uvm/out,UVM_ERROR,UVM_ERROR,mem_model.sv,28,2715000,read to uninitialzed addr 0x800d082f,,0,0,,,,,,,,,,,44259,1,306216,d1a7dcb3f97881ed,885f2339349da4d9,66e40e3d92c61a13
294,bug_083,riscv_jump_stress_test,35013,/workspace/ibex/dv/uvm/out,UVM_ERROR,UVM_ERROR,mem_model.sv,28,6495000,read to uninitialzed addr 0x800592fb,,0,0,,,,,,,,,,,31426,1,406289,ca2b4c13a1101f4f,885f2339349da4d9,0c9133e41cf01cca
296,bug_083,riscv_jump_stress_test,35015,/workspace/ibex/dv/uvm/out,UVM_ERROR,UVM_ERROR,mem_model.sv,28,1711000,read to uninitialzed addr 0x800f595f,,0,0,,,,,,,,,,,57044,1,324517,6e642d484b3a44dd,885f2339349da4d9,2a5dd63720518dc3
297,bug_083,riscv_jump_stress_test,35016,/workspace/ibex/dv/uvm/out,UVM_ERROR,UVM_ERROR,mem_model.sv,28,29963000,read to uninitialzed addr 0x800509eb,,0,0,,,,,,,,,,,32157,1,332272,5782888f5bae2789,885f2339349da4d9,9db0b05ae1933d65
298,bug_083,riscv_jump_stress_test,35017,/workspace/ibex/dv/uvm/out,UVM_ERROR,UVM_ERROR,mem_model.sv,28,1461000,read to uninitialzed addr 0x800922bb,,0,0,,,,,,,,,,,42801,1,361800,9a5c40c09be595cb,885f2339349da4d9,a4f86547f5eb5c60
299,bug_083,riscv_jump_stress_test,35018,/workspace/ibex/dv/uvm/out,UVM_ERROR,UVM_ERROR,mem_model.sv,28,1427000,read to uninitialzed addr 0x800ee987,,0,0,,,,,,,,,,,60224,1,354538,dc64c63f22705bb8,885f2339349da4d9,9be2eaef17b2b44d
300,bug_083,riscv_jump_stress_test,35019,/workspace/ibex/dv/uvm/out,UVM_ERROR,UVM_ERROR,mem_model.sv,28,3119000,read to uninitialzed addr 0x8009727f,,0,0,,,,,,,,,,,94245,1,396746,238254390e802e10,885f2339349da4d9,4137b88ed9ddc1bc
301,bug_083,riscv_rand_jump_test,33301,/workspace/ibex/dv/uvm/out,UVM_ERROR,UVM_ERROR,mem_model.sv,28,1427000,read to uninitialzed addr 0x800bd16f,,0,0,,,,,,,,,,,19514,1,419144,2b820480a216701b,885f2339349da4d9,359632325b254033
302,bug_083,riscv_rand_jump_test,33302,/workspace/ibex/dv/uvm/out,UVM_ERROR,UVM_ERROR,mem_model.sv,28,1551000,read to uninitialzed addr 0x80061217,,0,0,,,,,,,,,,,42812,1,330668,1f802295aa2211e9,885f2339349da4d9,209679b44d27c8df
303,bug_083,riscv_rand_jump_test,33303,/workspace/ibex/dv/uvm/out,UVM_ERROR,UVM_ERROR,mem_model.sv,28,1847000,read to uninitialzed addr 0x8004815b,,0,0,,,,,,,,,,,102928,1,415464,55982c26372fab4e,885f2339349da4d9,c73b3587305b82c4
304,bug_083,riscv_rand_jump_test,33304,/workspace/ibex/dv/uvm/out,UVM_ERROR,UVM_ERROR,mem_model.sv,28,2327000,read to uninitialzed addr 0x800a204f,,0,0,,,,,,,,,,,65654,1,393177,9cd1ab3e25990d36,885f2339349da4d9,2954352b6572d900
305,bug_083,riscv_rand_jump_test,33305,/workspace/ibex/dv/uvm/out,UVM_ERROR,UVM_ERROR,mem_model.sv,28,11837000,read to uninitialzed addr 0x8007104b,,0,0,,,,,,,,,,,85013,1,360766,8d273d7dcd1c7152,885f2339349da4d9,bf7d962afae19ad5
306,bug_083,riscv_rand_jump_test,33306,/workspace/ibex/dv/uvm/out,UVM_ERROR,UVM_ERROR,mem_model.sv,28,3853000,read to uninitialzed addr 0x80093a3f,,0,0,,,,,,,,,,,38945,1,321423,43d3b645da7a430a,885f2339349da4d9,1cdceeaaf0b29507
307,bug_083,riscv_rand_jump_test,33307,/workspace/ibex/dv/uvm/out,UVM_ERROR,UVM_ERROR,mem_model.sv,28,2129000,read to uninitialzed addr 0x800479eb,,0,0,,,,,,,,,,,59993,1,358376,dba811319010d510,885f2339349da4d9,08b0399863067e83
308,bug_083,riscv_rand_jump_test,33308,/workspace/ibex/dv/uvm/out,UVM_ERROR,UVM_ERROR,mem_model.sv,28,1711000,read to uninitialzed addr 0x800b1207,,0,0,,,,,,,,,,,42635,1,335959,13a59fee8bb423c1,885f2339349da4d9,ecaa9aaf107bdb69
309,bug_083,riscv_rand_jump_test,33309,/workspace/ibex/dv/uvm/out,UVM_ERROR,UVM_ERROR,mem_model.sv,28,1809000,read to uninitialzed addr 0x80081483,,0,0,,,,,,,,,,,330604,3,307957,25e8b868343ce57e,8a42e6059f0185c7,e01aff2614276d25
310,bug_083,riscv_rand_jump_test,33310,/workspace/ibex/dv/uvm/out,UVM_ERROR,UVM_ERROR,mem_model.sv,28,3923000,read to uninitialzed addr 0x8009357b,,0,0,,,,,,,,,,,38715,1,332343,b7447ed1a5cf8b1e,885f2339349da4d9,ce6c675e64215dbf
311,bug_083,riscv_rand_jump_test,33311,/workspace/ibex/dv/uvm/out,UVM_ERROR,UVM_ERROR,mem_model.sv,28,5159000,read to uninitialzed addr 0x800e3a47,,0,0,,,,,,,,,,,58932,1,368476,02f97fdd93c6a8fd,885f2339349da4d9,449ef1f91b82b0a3
312,bug_083,riscv_rand_jump_test,33312,/workspace/ibex/dv/uvm/out,UVM_ERROR,UVM_ERROR,mem_model.sv,28,2327000,read to uninitialzed addr 0x800a524f,,0,0,,,,,,,,,,,14127,1,461126,903e407cd04d0316,885f2339349da4d9,8ff83fcf0c245230
313,bug_083,riscv_rand_jump_test,33313,/workspace/ibex/dv/uvm/out,UVM_ERROR,UVM_ERROR,mem_model.sv,28,2327000,read to uninitialzed addr 0x800476b3,,0,0,,,,,,,,,,,126936,1,390406,661f23a0be63dbf6,885f2339349da4d9,fc0e693c0a6b6f66
314,bug_083,riscv_rand_jump_test,33314,/workspace/ibex/dv/uvm/out,UVM_ERROR,UVM_ERROR,mem_model.sv,28,1519000,read to uninitialzed addr 0x800fe987,,0,0,,,,,,,,,,,27661,1,436504,849d8a5502be961e,885f2339349da4d9,84b982e39cfc6995
315,bug_083,riscv_rand_jump_test,33315,/workspace/ibex/dv/uvm/out,UVM_ERROR,UVM_ERROR,mem_model.sv,28,3523000,read to uninitialzed addr 0x80059f7f,,0,0,,,,,,,,,,,79325,1,418312,f579c7793ee06a31,885f2339349da4d9,35df034524165f0a
316,bug_083,riscv_rand_jump_test,33316,/workspace/ibex/dv/uvm/out,UVM_ERROR,UVM_ERROR,mem_model.sv,28,3495000,read to uninitialzed addr 0x800a3a4b,,0,0,,,,,,,,,,,73693,1,407702,6f98c838e7a4a44a,885f2339349da4d9,36854d6ef3f6b520
317,bug_083,riscv_rand_jump_test,33317,/workspace/ibex/dv/uvm/out,UVM_ERROR,UVM_ERROR,mem_model.sv,28,23131000,read to uninitialzed addr 0x800dba57,,0,0,,,,,,,,,,,51810,1,440482,fc02ec73cab96a0e,885f2339349da4d9,deac5224cce01ead
318,bug_083,riscv_rand_jump_test,33318,/workspace/ibex/dv/uvm/out,UVM_ERROR,UVM_ERROR,mem_model.sv,28,1639000,read to uninitialzed addr 0x800dd78f,,0,0,,,,,,,,,,,28411,1,444924,8563e683eb296e06,885f2339349da4d9,fa0ba89b716fa9d0
319,bug_083,riscv_rand_jump_test,33319,/workspace/ibex/dv/uvm/out,UVM_ERROR,UVM_ERROR,mem_model.sv,28,4461000,read to uninitialzed addr 0x800593ab,,0,0,,,,,,,,,,,194393,1,352791,d398ef1e5a4f2e33,885f2339349da4d9,52f5917c594027c7
320,bug_083,riscv_rand_jump_test,35001,/workspace/ibex/dv/uvm/out,UVM_ERROR,UVM_ERROR,mem_model.sv,28,1987000,read to uninitialzed addr 0x80081fbf,,0,0,,,,,,,,,,,59729,1,369122,85996e98c1807b70,885f2339349da4d9,ca76431048768d67
322,bug_083,riscv_rand_jump_test,35003,/workspace/ibex/dv/uvm/out,UVM_ERROR,UVM_ERROR,mem_model.sv,28,7177000,read to uninitialzed addr 0x800e955f,,0,0,,,,,,,,,,,109867,1,410526,3a3d5b023666c27d,885f2339349da4d9,d6d08678e5abf86f
323,bug_083,riscv_rand_jump_test,35004,/workspace/ibex/dv/uvm/out,UVM_ERROR,UVM_ERROR,mem_model.sv,28,2131000,read to uninitialzed addr 0x3262427,,0,0,,,,,,,,,,,71233,1,396637,4336e6a429e51901,885f2339349da4d9,a79e109b12f8ef73
324,bug_083,riscv_rand_jump_test,35005,/workspace/ibex/dv/uvm/out,UVM_ERROR,UVM_ERROR,mem_model.sv,28,4583000,read to uninitialzed addr 0x800453fb,,0,0,,,,,,,,,,,86873,1,413942,a81a54527442e309,885f2339349da4d9,3d1278ba0e52fbb4
325,bug_083,riscv_rand_jump_test,35006,/workspace/ibex/dv/uvm/out,UVM_ERROR,UVM_ERROR,mem_model.sv,28,12837000,read to uninitialzed addr 0x8003793f,,0,0,,,,,,,,,,,45403,1,420992,1dc63a41ad3a8d8d,885f2339349da4d9,affea75f8fe0808b
326,bug_083,riscv_rand_jump_test,35007,/workspace/ibex/dv/uvm/out,UVM_ERROR,UVM_ERROR,mem_model.sv,28,2151000,read to uninitialzed addr 0x8003e963,,0,0,,,,,,,,,,,147112,1,380499,a7b7cbd91d01229d,885f2339349da4d9,d2125db0909525b9
327,bug_083,riscv_rand_jump_test,35008,/workspace/ibex/dv/uvm/out,UVM_ERROR,UVM_ERROR,mem_model.sv,28,7293000,read to uninitialzed addr 0x80077da3,,0,0,,,,,,,,,,,86442,1,328144,8588b247694f8134,885f2339349da4d9,fb6f73b805f7945b
329,bug_083,riscv_rand_jump_test,35201,/workspace/ibex/dv/uvm/out,UVM_ERROR,UVM_ERROR,mem_model.sv,28,2157000,read to uninitialzed addr 0x800acb2f,,0,0,,,,,,,,,,,98886,1,330706,156ae0ecc569bda6,885f2339349da4d9,ae4c00d38a8313e4
331,bug_083,riscv_rand_jump_test,35203,/workspace/ibex/dv/uvm/out,UVM_ERROR,UVM_ERROR,mem_model.sv,28,2791000,read to uninitialzed addr 0x80041293,,0,0,,,,,,,,,,,33729,1,339483,44af6b780d27c992,885f2339349da4d9,58af127941544928
332,bug_083,riscv_rand_jump_test,35204,/workspace/ibex/dv/uvm/out,UVM_ERROR,UVM_ERROR,mem_model.sv,28,1797000,read to uninitialzed addr 0x800c7167,,0,0,,,,,,,,,,,88025,1,427146,b5f65f9b8f4d4958,885f2339349da4d9,f2876b83b745a7c2
333,bug_083,riscv_rand_jump_test,35205,/workspace/ibex/dv/uvm/out,UVM_ERROR,UVM_ERROR,mem_model.sv,28,3311000,read to uninitialzed addr 0x8007ba97,,0,0,,,,,,,,,,,69308,1,365377,5e4fd111f5e35b9e,885f2339349da4d9,dfecc0d9970e2427
334,bug_083,riscv_rand_jump_test,35206,/workspace/ibex/dv/uvm/out,UVM_ERROR,UVM_ERROR,mem_model.sv,28,3399000,read to uninitialzed addr 0x800410ff,,0,0,,,,,,,,,,,62625,1,461295,1d6c81beff62e327,885f2339349da4d9,387adf59b893baeb
335,bug_085,riscv_arithmetic_basic_test,33201,/workspace/ibex/dv/uvm/out,UVM_ERROR,UVM_ERROR,mem_model.sv,28,1237000,read to uninitialzed addr 0x13,,0,0,,,,,,,,,,,599806,1,271701,7575e326e95089e3,885f2339349da4d9,6c7b2664dfa63f22
336,bug_085,riscv_arithmetic_basic_test,33202,/workspace/ibex/dv/uvm/out,UVM_ERROR,UVM_ERROR,mem_model.sv,28,1431000,read to uninitialzed addr 0x13,,0,0,,,,,,,,,,,1287034,1,199201,b1c62b3aed9d9792,885f2339349da4d9,0537778a2baba7d4
337,bug_085,riscv_arithmetic_basic_test,33203,/workspace/ibex/dv/uvm/out,UVM_ERROR,UVM_ERROR,mem_model.sv,28,1301000,read to uninitialzed addr 0x13,,0,0,,,,,,,,,,,1632192,1,193012,0d7387169482a531,885f2339349da4d9,7b15087bdb6c78e7
338,bug_085,riscv_arithmetic_basic_test,33204,/workspace/ibex/dv/uvm/out,UVM_ERROR,UVM_ERROR,mem_model.sv,28,1393000,read to uninitialzed addr 0x13,,0,0,,,,,,,,,,,1153174,1,205994,b3a9f5b12d88ee8a,885f2339349da4d9,090037b29fc6986f
339,bug_085,riscv_arithmetic_basic_test,33205,/workspace/ibex/dv/uvm/out,UVM_ERROR,UVM_ERROR,mem_model.sv,28,1421000,read to uninitialzed addr 0x13,,0,0,,,,,,,,,,,1386058,1,192145,69716f7806e1f8f6,885f2339349da4d9,6137185f10e83ad8
341,bug_085,riscv_arithmetic_basic_test,33207,/workspace/ibex/dv/uvm/out,UVM_ERROR,UVM_ERROR,mem_model.sv,28,1425000,read to uninitialzed addr 0x13,,0,0,,,,,,,,,,,1066992,1,249298,846c02842c9ecdbd,885f2339349da4d9,a1e563913eaa411f
342,bug_085,riscv_arithmetic_basic_test,33208,/workspace/ibex/dv/uvm/out,UVM_ERROR,UVM_ERROR,mem_model.sv,28,1475000,read to uninitialzed addr 0x13,,0,0,,,,,,,,,,,931064,1,315774,49f035c0f8ca2958,885f2339349da4d9,d64861d427144647
343,bug_085,riscv_arithmetic_basic_test,33209,/workspace/ibex/dv/uvm/out,UVM_ERROR,UVM_ERROR,mem_model.sv,28,1287000,read to uninitialzed addr 0x13,,0,0,,,,,,,,,,,631910,1,249910,8617a6250d0ac153,885f2339349da4d9,b958f81264f70191
344,bug_085,riscv_arithmetic_basic_test,33210,/workspace/ibex/dv/uvm/out,UVM_ERROR,UVM_ERROR,mem_model.sv,28,1103000,read to uninitialzed addr 0x13,,0,0,,,,,,,,,,,996857,1,310439,45f484ab2b61cfbe,885f2339349da4d9,53ba4e79314adacf
345,bug_085,riscv_arithmetic_basic_test,33211,/workspace/ibex/dv/uvm/out,UVM_ERROR,UVM_ERROR,mem_model.sv,28,1407000,read to uninitialzed addr 0x13,,0,0,,,,,,,,,,,1281081,1,237844,e46158bde9d8c7cf,885f2339349da4d9,d52fe1b0f47ea5b8
346,bug_085,riscv_arithmetic_basic_test,33212,/workspace/ibex/dv/uvm/out,UVM_ERROR,UVM_ERROR,mem_model.sv,28,1105000,read to uninitialzed addr 0x13,,0,0,,,,,,,,,,,1201560,1,254596,09eb40cc974c6a2f,885f2339349da4d9,eb7cf9aba1b3bb28
347,bug_085,riscv_arithmetic_basic_test,33213,/workspace/ibex/dv/uvm/out,UVM_ERROR,UVM_ERROR,mem_model.sv,28,1193000,read to uninitialzed addr 0x13,,0,0,,,,,,,,,,,426976,1,312445,359180e7ab57f041,885f2339349da4d9,302a6989a8fca314
348,bug_085,riscv_arithmetic_basic_test,33214,/workspace/ibex/dv/uvm/out,UVM_ERROR,UVM_ERROR,mem_model.sv,28,1259000,read to uninitialzed addr 0x13,,0,0,,,,,,,,,,,376102,3,44662,df002365f408a3e5,d91be00296f53f02,b1ab5b0974ad5db3
349,bug_085,riscv_arithmetic_basic_test,33215,/workspace/ibex/dv/uvm/out,UVM_ERROR,UVM_ERROR,mem_model.sv,28,1175000,read to uninitialzed addr 0x13,,0,0,,,,,,,,,,,1054788,1,293163,c2448f34ece84301,885f2339349da4d9,86f591f13d56b95d
350,bug_085,riscv_arithmetic_basic_test,33216,/workspace/ibex/dv/uvm/out,UVM_ERROR,UVM_ERROR,mem_model.sv,28,1337000,read to uninitialzed addr 0x13,,0,0,,,,,,,,,,,1043597,1,255477,c73543d55c2e6689,885f2339349da4d9,75a98208fedaa5ce
351,bug_085,riscv_arithmetic_basic_test,33217,/workspace/ibex/dv/uvm/out,UVM_ERROR,UVM_ERROR,mem_model.sv,28,1011000,read to uninitialzed addr 0x13,,0,0,,,,,,,,,,,631844,1,397767,b2a148a934388073,885f2339349da4d9,35f81d5d9aeef317
352,bug_085,riscv_arithmetic_basic_test,33218,/workspace/ibex/dv/uvm/out,UVM_ERROR,UVM_ERROR,mem_model.sv,28,1353000,read to uninitialzed addr 0x13,,0,0,,,,,,,,,,,666899,1,255403,c6b20a26b95e6c1a,885f2339349da4d9,eed4d3d493e1b51a
353,bug_085,riscv_arithmetic_basic_test,33219,/workspace/ibex/dv/uvm/out,UVM_ERROR,UVM_ERROR,mem_model.sv,28,1351000,read to uninitialzed addr 0x13,,0,0,,,,,,,,,,,249902,1,330105,fa8e1cd7ec35613a,885f2339349da4d9,197d52b1c8d573d5
354,bug_085,riscv_arithmetic_basic_test,33220,/workspace/ibex/dv/uvm/out,UVM_ERROR,UVM_ERROR,mem_model.sv,28,1249000,read to uninitialzed addr 0x13,,0,0,,,,,,,,,,,469070,3,51243,037fb2db7766be3b,d91be00296f53f02,85781fa171542faf
355,bug_085,riscv_arithmetic_basic_test,35101,/workspace/ibex/dv/uvm/out,UVM_ERROR,UVM_ERROR,mem_model.sv,28,1395000,read to uninitialzed addr 0x13,,0,0,,,,,,,,,,,270160,1,239456,d805fa6b4620ae73,885f2339349da4d9,d66582c88d7eff1d
356,bug_085,riscv_arithmetic_basic_test,35102,/workspace/ibex/dv/uvm/out,UVM_ERROR,UVM_ERROR,mem_model.sv,28,1213000,read to uninitialzed addr 0x13,,0,0,,,,,,,,,,,254757,3,32951,f0173d8f9bd5ff8b,d91be00296f53f02,5e1533562e67d354
358,bug_085,riscv_arithmetic_basic_test,35104,/workspace/ibex/dv/uvm/out,UVM_ERROR,UVM_ERROR,mem_model.sv,28,1151000,read to uninitialzed addr 0x13,,0,0,,,,,,,,,,,741932,3,103931,c6e3ecda93fbf47c,d91be00296f53f02,5c2019f7d6982119
360,bug_085,riscv_arithmetic_basic_test,35106,/workspace/ibex/dv/uvm/out,UVM_ERROR,UVM_ERROR,mem_model.sv,28,1071000,read to uninitialzed addr 0x13,,0,0,,,,,,,,,,,1115390,1,214890,d8ab191e5e21b090,885f2339349da4d9,e550e5a460291885
363,bug_085,riscv_arithmetic_basic_test,35109,/workspace/ibex/dv/uvm/out,UVM_ERROR,UVM_ERROR,mem_model.sv,28,1363000,read to uninitialzed addr 0x13,,0,0,,,,,,,,,,,955987,1,267934,2a8f41e5fe0f4ffd,885f2339349da4d9,c7c6203ad1a8d6fc
364,bug_085,riscv_arithmetic_basic_test,35110,/workspace/ibex/dv/uvm/out,UVM_ERROR,UVM_ERROR,mem_model.sv,28,1123000,read to uninitialzed addr 0x13,,0,0,,,,,,,,,,,684189,1,271126,cb964b9cff277a20,885f2339349da4d9,bee725fe115657ac
365,bug_085,riscv_machine_mode_rand_test,33201,/workspace/ibex/dv/uvm/out,UVM_ERROR,UVM_ERROR,mem_model.sv,28,1237000,read to uninitialzed addr 0x13,,0,0,,,,,,,,,,,604260,1,280559,43165d0a6d7bdc2c,885f2339349da4d9,208a267f53c1c207
366,bug_085,riscv_machine_mode_rand_test,33202,/workspace/ibex/dv/uvm/out,UVM_ERROR,UVM_ERROR,mem_model.sv,28,1501000,read to uninitialzed addr 0x13,,0,0,,,,,,,,,,,3382657,1,322513,37b4f532a4f89d78,885f2339349da4d9,343a1a6e11c44120
367,bug_085,riscv_machine_mode_rand_test,33203,/workspace/ibex/dv/uvm/out,UVM_ERROR,UVM_ERROR,mem_model.sv,28,1301000,read to uninitialzed addr 0x13,,0,0,,,,,,,,,,,1710507,1,202719,16c0f59311e1c4b6,885f2339349da4d9,612b6b4ce0ed4eb6
368,bug_085,riscv_machine_mode_rand_test,33204,/workspace/ibex/dv/uvm/out,UVM_ERROR,UVM_ERROR,mem_model.sv,28,1395000,read to uninitialzed addr 0x13,,0,0,,,,,,,,,,,203715,3,19983,e5409f90a378a13b,4ea270bdd36f8437,6e976be6ef3db83f
369,bug_085,riscv_machine_mode_rand_test,33205,/workspace/ibex/dv/uvm/out,UVM_ERROR,UVM_ERROR,mem_model.sv,28,1421000,read to uninitialzed addr 0x13,,0,0,,,,,,,,,,,1452045,1,201484,07b771cce1b1e52a,885f2339349da4d9,50e63d6975e4870e
370,bug_085,riscv_machine_mode_rand_test,33206,/workspace/ibex/dv/uvm/out,UVM_ERROR,UVM_ERROR,mem_model.sv,28,1379000,read to uninitialzed addr 0x13,,0,0,,,,,,,,,,,771161,1,260038,32d75abbfb583fb2,885f2339349da4d9,d31fcdbe76bb8c9c
371,bug_085,riscv_machine_mode_rand_test,33207,/workspace/ibex/dv/uvm/out,UVM_ERROR,UVM_ERROR,mem_model.sv,28,1425000,read to uninitialzed addr 0x13,,0,0,,,,,,,,,,,1076208,1,258555,011ba84b9c58d59d,885f2339349da4d9,2719a4b5c09f7844
372,bug_085,riscv_machine_mode_rand_test,33208,/workspace/ibex/dv/uvm/out,UVM_ERROR,UVM_ERROR,mem_model.sv,28,1453000,read to uninitialzed addr 0x13,,0,0,,,,,,,,,,,432641,3,44964,80ec8e6aa509a67c,4ea270bdd36f8437,778da1a736a7aeba
373,bug_085,riscv_machine_mode_rand_test,33209,/workspace/ibex/dv/uvm/out,UVM_ERROR,UVM_ERROR,mem_model.sv,28,1287000,read to uninitialzed addr 0x13,,0,0,,,,,,,,,,,631909,1,254567,129f44731cfd1663,885f2339349da4d9,971439ade0b8fb59
374,bug_085,riscv_machine_mode_rand_test,33210,/workspace/ibex/dv/uvm/out,UVM_ERROR,UVM_ERROR,mem_model.sv,28,1109000,read to uninitialzed addr 0x13,,0,0,,,,,,,,,,,832162,1,240405,b88c07fe0b19f885,885f2339349da4d9,3fc8b871884f6efa
375,bug_085,riscv_machine_mode_rand_test,33211,/workspace/ibex/dv/uvm/out,UVM_ERROR,UVM_ERROR,mem_model.sv,28,1407000,read to uninitialzed addr 0x13,,0,0,,,,,,,,,,,1266681,1,234423,06d19afadcb40be7,885f2339349da4d9,89585af81ad90899
376,bug_085,riscv_machine_mode_rand_test,35111,/workspace/ibex/dv/uvm/out,UVM_ERROR,UVM_ERROR,mem_model.sv,28,1241000,read to uninitialzed addr 0x13,,0,0,,,,,,,,,,,392093,3,38526,e45ec8dcbca04d72,4ea270bdd36f8437,eaa58bafb9565090
377,bug_085,riscv_machine_mode_rand_test,35112,/workspace/ibex/dv/uvm/out,UVM_ERROR,UVM_ERROR,mem_model.sv,28,1227000,read to uninitialzed addr 0x13,,0,0,,,,,,,,,,,942854,1,247996,1155e17f4d9d02ee,885f2339349da4d9,4d61d7df5213f74d
378,bug_085,riscv_machine_mode_rand_test,35113,/workspace/ibex/dv/uvm/out,UVM_ERROR,UVM_ERROR,mem_model.sv,28,1065000,read to uninitialzed addr 0x13,,0,0,,,,,,,,,,,686692,1,265616,b0bcc6c13db557e8,885f2339349da4d9,cd5838e98aec9755
379,bug_085,riscv_machine_mode_rand_test,35114,/workspace/ibex/dv/uvm/out,UVM_ERROR,UVM_ERROR,mem_model.sv,28,1653000,read to uninitialzed addr 0x13,,0,0,,,,,,,,,,,1049217,1,217878,3a0b85aebbe34766,885f2339349da4d9,f22aa9548d6e7abe
380,bug_085,riscv_machine_mode_rand_test,35115,/workspace/ibex/dv/uvm/out,UVM_ERROR,UVM_ERROR,mem_model.sv,28,1223000,read to uninitialzed addr 0x13,,0,0,,,,,,,,,,,173930,3,19529,309a06ad000e82e9,4ea270bdd36f8437,524578e53b399638
382,bug_085,riscv_machine_mode_rand_test,35117,/workspace/ibex/dv/uvm/out,UVM_ERROR,UVM_ERROR,mem_model.sv,28,1081000,read to uninitialzed addr 0x13,,0,0,,,,,,,,,,,392006,3,60939,bd27ee2dcb765d56,4ea270bdd36f8437,b144bb674c7e3029
383,bug_085,riscv_machine_mode_rand_test,35118,/workspace/ibex/dv/uvm/out,UVM_ERROR,UVM_ERROR,mem_model.sv,28,1433000,read to uninitialzed addr 0x13,,0,0,,,,,,,,,,,372226,1,284739,9651d671ac3d8503,885f2339349da4d9,cdd69b68fa2e9785
384,bug_085,riscv_machine_mode_rand_test,35119,/workspace/ibex/dv/uvm/out,UVM_ERROR,UVM_ERROR,mem_model.sv,28,1275000,read to uninitialzed addr 0x13,,0,0,,,,,,,,,,,731273,1,265527,9b9d0cefa5f52609,885f2339349da4d9,215b6fd10b2550de
385,bug_085,riscv_machine_mode_rand_test,35120,/workspace/ibex/dv/uvm/out,UVM_ERROR,UVM_ERROR,mem_model.sv,28,1401000,read to uninitialzed addr 0x13,,0,0,,,,,,,,,,,1016376,1,223440,70208a33199c2563,885f2339349da4d9,f0a4d837184e2252
386,bug_085,riscv_machine_mode_rand_test,35301,/workspace/ibex/dv/uvm/out,UVM_ERROR,UVM_ERROR,mem_model.sv,28,1381000,read to uninitialzed addr 0x13,,0,0,,,,,,,,,,,649250,1,254875,263539d1be1776ab,885f2339349da4d9,fbe7e1aa55eabd53
387,bug_085,riscv_machine_mode_rand_test,35302,/workspace/ibex/dv/uvm/out,UVM_ERROR,UVM_ERROR,mem_model.sv,28,1451000,read to uninitialzed addr 0x13,,0,0,,,,,,,,,,,155197,3,17241,b500a8fb17f4dd3f,4ea270bdd36f8437,4b845268fbcc4cf3
388,bug_085,riscv_machine_mode_rand_test,35303,/workspace/ibex/dv/uvm/out,UVM_ERROR,UVM_ERROR,mem_model.sv,28,1363000,read to uninitialzed addr 0x13,,0,0,,,,,,,,,,,1429896,1,197511,430bed434c4e41d4,885f2339349da4d9,4e831673ad5adade
389,bug_085,riscv_machine_mode_rand_test,35304,/workspace/ibex/dv/uvm/out,UVM_ERROR,UVM_ERROR,mem_model.sv,28,1307000,read to uninitialzed addr 0x13,,0,0,,,,,,,,,,,767571,1,235848,b950b76c4abc49dd,885f2339349da4d9,36c74651df64561a
390,bug_085,riscv_machine_mode_rand_test,35305,/workspace/ibex/dv/uvm/out,UVM_ERROR,UVM_ERROR,mem_model.sv,28,1469000,read to uninitialzed addr 0x13,,0,0,,,,,,,,,,,1535238,1,235830,ba4499d70e035e28,885f2339349da4d9,d69357f4e17bb412
391,bug_096,riscv_interrupt_csr_test,33401,/workspace/ibex/dv/uvm/out,UVM_FATAL,UVM_FATAL,core_ibex_base_test.sv,190,2739000,Check failed signature_data == core_status (8 [0x8] vs 6 [0x6]) Core did not jump to vectored interrupt handler,,0,0,,,,,,,,,,,106,3,130,97903c4e183deb7e,0f1b9119914c95ca,bca29859de4a6ead
392,bug_096,riscv_interrupt_csr_test,33402,/workspace/ibex/dv/uvm/out,UVM_FATAL,UVM_FATAL,core_ibex_base_test.sv,194,3401000,Did not receive core_status HANDLING_IRQ within 750 cycle timeout period,,0,0,,,,,,,,,,,110,3,167,adcd5efc193545fb,0f1b9119914c95ca,d902bcbc33e02cf5
393,bug_096,riscv_interrupt_csr_test,33405,/workspace/ibex/dv/uvm/out,UVM_FATAL,UVM_FATAL,core_ibex_base_test.sv,190,2859000,Check failed signature_data == core_status (8 [0x8] vs 6 [0x6]) Core did not jump to vectored interrupt handler,,0,0,,,,,,,,,,,106,3,130,a2208d14b920407b,0f1b9119914c95ca,71dba7af9f98ab46
394,bug_096,riscv_interrupt_csr_test,33406,/workspace/ibex/dv/uvm/out,UVM_FATAL,UVM_FATAL,core_ibex_base_test.sv,190,2907000,Check failed signature_data == core_status (8 [0x8] vs 6 [0x6]) Core did not jump to vectored interrupt handler,,0,0,,,,,,,,,,,106,3,134,a876326139e9824c,0f1b9119914c95ca,3cf8580c3c75b43c
395,bug_096,riscv_interrupt_csr_test,33407,/workspace/ibex/dv/uvm/out,UVM_FATAL,UVM_FATAL,core_ibex_base_test.sv,190,2661000,Check failed signature_data == core_status (8 [0x8] vs 6 [0x6]) Core did not jump to vectored interrupt handler,,0,0,,,,,,,,,,,106,3,134,947f3221ba74a832,0f1b9119914c95ca,5bfe9881494e4b34
396,bug_096,riscv_interrupt_csr_test,33409,/workspace/ibex/dv/uvm/out,UVM_FATAL,UVM_FATAL,core_ibex_base_test.sv,190,2939000,Check failed signature_data == core_status (8 [0x8] vs 6 [0x6]) Core did not jump to vectored interrupt handler,,0,0,,,,,,,,,,,111,3,127,e24b13f0c6de40a2,0f1b9119914c95ca,2b6e18dc6f26f483
397,bug_096,riscv_interrupt_csr_test,33410,/workspace/ibex/dv/uvm/out,UVM_FATAL,UVM_FATAL,core_ibex_base_test.sv,190,2851000,Check failed signature_data == core_status (8 [0x8] vs 6 [0x6]) Core did not jump to vectored interrupt handler,,0,0,,,,,,,,,,,106,3,132,a32a347e2d243d06,0f1b9119914c95ca,f03257dac1d07820
398,bug_096,riscv_interrupt_csr_test,33411,/workspace/ibex/dv/uvm/out,UVM_FATAL,UVM_FATAL,core_ibex_base_test.sv,190,2719000,Check failed signature_data == core_status (8 [0x8] vs 6 [0x6]) Core did not jump to vectored interrupt handler,,0,0,,,,,,,,,,,106,3,133,478c9683caca9b17,0f1b9119914c95ca,ac509f7bc0535f83
399,bug_096,riscv_interrupt_csr_test,33412,/workspace/ibex/dv/uvm/out,UVM_FATAL,UVM_FATAL,core_ibex_base_test.sv,190,2847000,Check failed signature_data == core_status (8 [0x8] vs 6 [0x6]) Core did not jump to vectored interrupt handler,,0,0,,,,,,,,,,,106,3,134,11ef86c76c841c02,0f1b9119914c95ca,ff3fe6a98f32b38c
400,bug_096,riscv_interrupt_csr_test,33414,/workspace/ibex/dv/uvm/out,UVM_FATAL,UVM_FATAL,core_ibex_base_test.sv,190,2587000,Check failed signature_data == core_status (8 [0x8] vs 6 [0x6]) Core did not jump to vectored interrupt handler,,0,0,,,,,,,,,,,106,3,129,0f235d440f57b48f,0f1b9119914c95ca,33d20a17152f8b50
401,bug_096,riscv_interrupt_csr_test,33415,/workspace/ibex/dv/uvm/out,UVM_FATAL,UVM_FATAL,core_ibex_base_test.sv,190,2757000,Check failed signature_data == core_status (8 [0x8] vs 6 [0x6]) Core did not jump to vectored interrupt handler,,0,0,,,,,,,,,,,106,3,134,e120dab146027e83,0f1b9119914c95ca,e58a227207c4b821
402,bug_096,riscv_interrupt_csr_test,33416,/workspace/ibex/dv/uvm/out,UVM_FATAL,UVM_FATAL,core_ibex_base_test.sv,194,3501000,Did not receive core_status HANDLING_IRQ within 750 cycle timeout period,,0,0,,,,,,,,,,,105,3,159,ab435fc19f345396,0f1b9119914c95ca,2fb903ee9f788d0b
403,bug_096,riscv_interrupt_csr_test,33417,/workspace/ibex/dv/uvm/out,UVM_FATAL,UVM_FATAL,core_ibex_base_test.sv,190,2729000,Check failed signature_data == core_status (8 [0x8] vs 6 [0x6]) Core did not jump to vectored interrupt handler,,0,0,,,,,,,,,,,106,3,130,13b2d9c06c3a8fb1,0f1b9119914c95ca,b9f699f175618789
404,bug_096,riscv_interrupt_csr_test,33418,/workspace/ibex/dv/uvm/out,UVM_FATAL,UVM_FATAL,core_ibex_base_test.sv,190,2903000,Check failed signature_data == core_status (8 [0x8] vs 6 [0x6]) Core did not jump to vectored interrupt handler,,0,0,,,,,,,,,,,106,3,134,5be1864825c429b4,0f1b9119914c95ca,56641db90c769544
405,bug_096,riscv_interrupt_csr_test,33419,/workspace/ibex/dv/uvm/out,UVM_FATAL,UVM_FATAL,core_ibex_base_test.sv,190,2763000,Check failed signature_data == core_status (8 [0x8] vs 6 [0x6]) Core did not jump to vectored interrupt handler,,0,0,,,,,,,,,,,106,3,128,f0ce3d9663eac163,0f1b9119914c95ca,40d26c8abd9144d8
406,bug_096,riscv_multiple_interrupt_test,33401,/workspace/ibex/dv/uvm/out,UVM_FATAL,UVM_FATAL,core_ibex_base_test.sv,190,3341000,Check failed signature_data == core_status (8 [0x8] vs 6 [0x6]) Core did not jump to vectored interrupt handler,,0,0,,,,,,,,,,,106,3,160,619352ad8643ab78,042f69074c5ce152,5d15970f11944895
407,bug_096,riscv_multiple_interrupt_test,33402,/workspace/ibex/dv/uvm/out,UVM_FATAL,UVM_FATAL,core_ibex_base_test.sv,190,3779000,Check failed signature_data == core_status (8 [0x8] vs 6 [0x6]) Core did not jump to vectored interrupt handler,,0,0,,,,,,,,,,,106,3,174,d0799aecccc84a78,042f69074c5ce152,b90bb3c0872b6a0a
408,bug_096,riscv_multiple_interrupt_test,33403,/workspace/ibex/dv/uvm/out,UVM_FATAL,UVM_FATAL,core_ibex_base_test.sv,190,3587000,Check failed signature_data == core_status (8 [0x8] vs 6 [0x6]) Core did not jump to vectored interrupt handler,,0,0,,,,,,,,,,,106,3,158,dc4689c75bd0e971,042f69074c5ce152,e91e1741bf30077e
409,bug_096,riscv_multiple_interrupt_test,33404,/workspace/ibex/dv/uvm/out,UVM_FATAL,UVM_FATAL,core_ibex_base_test.sv,190,3815000,Check failed signature_data == core_status (8 [0x8] vs 6 [0x6]) Core did not jump to vectored interrupt handler,,0,0,,,,,,,,,,,106,3,184,154e02439e7598a1,042f69074c5ce152,a821e10c0c81d76f
411,bug_096,riscv_multiple_interrupt_test,33406,/workspace/ibex/dv/uvm/out,UVM_FATAL,UVM_FATAL,core_ibex_base_test.sv,190,3509000,Check failed signature_data == core_status (8 [0x8] vs 6 [0x6]) Core did not jump to vectored interrupt handler,,0,0,,,,,,,,,,,106,3,162,3ed3bc942a53e735,042f69074c5ce152,73043b39427d530c
412,bug_096,riscv_multiple_interrupt_test,33407,/workspace/ibex/dv/uvm/out,UVM_FATAL,UVM_FATAL,core_ibex_base_test.sv,190,2837000,Check failed signature_data == core_status (8 [0x8] vs 6 [0x6]) Core did not jump to vectored interrupt handler,,0,0,,,,,,,,,,,106,3,141,2fd3834ae92b0b75,042f69074c5ce152,7a62d3bfd3c1649a
413,bug_096,riscv_multiple_interrupt_test,33408,/workspace/ibex/dv/uvm/out,UVM_FATAL,UVM_FATAL,core_ibex_base_test.sv,190,3459000,Check failed signature_data == core_status (8 [0x8] vs 6 [0x6]) Core did not jump to vectored interrupt handler,,0,0,,,,,,,,,,,106,3,159,736e6c4a8af3e5a8,042f69074c5ce152,69a48ab888860c94
414,bug_096,riscv_multiple_interrupt_test,33409,/workspace/ibex/dv/uvm/out,UVM_FATAL,UVM_FATAL,core_ibex_base_test.sv,190,3475000,Check failed signature_data == core_status (8 [0x8] vs 6 [0x6]) Core did not jump to vectored interrupt handler,,0,0,,,,,,,,,,,106,3,153,bf3019e4fa73fa62,042f69074c5ce152,d497187beeab6752
415,bug_096,riscv_multiple_interrupt_test,33410,/workspace/ibex/dv/uvm/out,UVM_FATAL,UVM_FATAL,core_ibex_base_test.sv,190,3645000,Check failed signature_data == core_status (8 [0x8] vs 6 [0x6]) Core did not jump to vectored interrupt handler,,0,0,,,,,,,,,,,106,3,170,1fe2740d4153d784,042f69074c5ce152,91e604518bef1411
416,bug_096,riscv_multiple_interrupt_test,33411,/workspace/ibex/dv/uvm/out,UVM_FATAL,UVM_FATAL,core_ibex_base_test.sv,190,3451000,Check failed signature_data == core_status (8 [0x8] vs 6 [0x6]) Core did not jump to vectored interrupt handler,,0,0,,,,,,,,,,,106,3,164,0769a7a5c5629ff3,042f69074c5ce152,777f036b556b39a8
417,bug_096,riscv_multiple_interrupt_test,33412,/workspace/ibex/dv/uvm/out,UVM_FATAL,UVM_FATAL,core_ibex_base_test.sv,190,3113000,Check failed signature_data == core_status (8 [0x8] vs 6 [0x6]) Core did not jump to vectored interrupt handler,,0,0,,,,,,,,,,,106,3,142,cc171691a7e5d0d2,042f69074c5ce152,fbc02d9abe7bd23e
418,bug_096,riscv_multiple_interrupt_test,33413,/workspace/ibex/dv/uvm/out,UVM_FATAL,UVM_FATAL,core_ibex_base_test.sv,190,2893000,Check failed signature_data == core_status (8 [0x8] vs 6 [0x6]) Core did not jump to vectored interrupt handler,,0,0,,,,,,,,,,,106,3,138,2178a3f14dc297fd,042f69074c5ce152,0511b60d07e2a8d1
420,bug_096,riscv_multiple_interrupt_test,33415,/workspace/ibex/dv/uvm/out,UVM_FATAL,UVM_FATAL,core_ibex_base_test.sv,190,3359000,Check failed signature_data == core_status (8 [0x8] vs 6 [0x6]) Core did not jump to vectored interrupt handler,,0,0,,,,,,,,,,,106,3,149,25f090e49a86b28e,042f69074c5ce152,5716fb499c71f443
421,bug_096,riscv_multiple_interrupt_test,33416,/workspace/ibex/dv/uvm/out,UVM_FATAL,UVM_FATAL,core_ibex_base_test.sv,190,3541000,Check failed signature_data == core_status (8 [0x8] vs 6 [0x6]) Core did not jump to vectored interrupt handler,,0,0,,,,,,,,,,,106,3,163,e10fc8d8491c89d6,042f69074c5ce152,a52f5f89012610a8
422,bug_096,riscv_multiple_interrupt_test,33417,/workspace/ibex/dv/uvm/out,UVM_ERROR,UVM_ERROR,mem_model.sv,28,3307000,read to uninitialzed addr 0x3,,0,0,,,,,,,,,,,115,3,166,bf92b3d03c3d9401,042f69074c5ce152,41fb298f6f740d2c
423,bug_096,riscv_multiple_interrupt_test,33418,/workspace/ibex/dv/uvm/out,UVM_FATAL,UVM_FATAL,core_ibex_base_test.sv,190,3585000,Check failed signature_data == core_status (8 [0x8] vs 6 [0x6]) Core did not jump to vectored interrupt handler,,0,0,,,,,,,,,,,106,3,170,bc688aa1e8fd106d,042f69074c5ce152,2da603e30d72d7ce
425,bug_096,riscv_multiple_interrupt_test,33420,/workspace/ibex/dv/uvm/out,UVM_FATAL,UVM_FATAL,core_ibex_base_test.sv,190,3665000,Check failed signature_data == core_status (8 [0x8] vs 6 [0x6]) Core did not jump to vectored interrupt handler,,0,0,,,,,,,,,,,106,3,163,90ed0b4539d3dc43,042f69074c5ce152,4d37762a183a3226
426,bug_096,riscv_single_interrupt_test,33401,/workspace/ibex/dv/uvm/out,UVM_FATAL,UVM_FATAL,core_ibex_base_test.sv,190,3569000,Check failed signature_data == core_status (8 [0x8] vs 6 [0x6]) Core did not jump to vectored interrupt handler,,0,0,,,,,,,,,,,106,3,172,4a4df4f4d56e8e8c,8adfaf735ec07ef0,6f47326f4a99a7ce
427,bug_096,riscv_single_interrupt_test,33402,/workspace/ibex/dv/uvm/out,UVM_FATAL,UVM_FATAL,core_ibex_base_test.sv,190,4403000,Check failed signature_data == core_status (8 [0x8] vs 6 [0x6]) Core did not jump to vectored interrupt handler,,0,0,,,,,,,,,,,111,3,196,fe2e284d306393fd,8adfaf735ec07ef0,5fdfcb71ca1fd941
428,bug_096,riscv_single_interrupt_test,33403,/workspace/ibex/dv/uvm/out,UVM_FATAL,UVM_FATAL,core_ibex_base_test.sv,190,4651000,Check failed signature_data == core_status (8 [0x8] vs 6 [0x6]) Core did not jump to vectored interrupt handler,,0,0,,,,,,,,,,,119,3,204,a85998e6e9356738,8adfaf735ec07ef0,f435666b50e0c8bb
429,bug_096,riscv_single_interrupt_test,33404,/workspace/ibex/dv/uvm/out,UVM_FATAL,UVM_FATAL,core_ibex_base_test.sv,190,5355000,Check failed signature_data == core_status (8 [0x8] vs 6 [0x6]) Core did not jump to vectored interrupt handler,,0,0,,,,,,,,,,,119,3,258,dc47e28ee3f3067e,8adfaf735ec07ef0,21e405cfb99b7146
430,bug_096,riscv_single_interrupt_test,33405,/workspace/ibex/dv/uvm/out,UVM_FATAL,UVM_FATAL,core_ibex_base_test.sv,190,3599000,Check failed signature_data == core_status (8 [0x8] vs 6 [0x6]) Core did not jump to vectored interrupt handler,,0,0,,,,,,,,,,,106,3,171,69da4e7d7ef95249,8adfaf735ec07ef0,28fc27c8f8a1bf5a
431,bug_096,riscv_single_interrupt_test,33406,/workspace/ibex/dv/uvm/out,UVM_FATAL,UVM_FATAL,core_ibex_base_test.sv,190,3295000,Check failed signature_data == core_status (8 [0x8] vs 6 [0x6]) Core did not jump to vectored interrupt handler,,0,0,,,,,,,,,,,106,3,151,ba40a6b903cd02bd,8adfaf735ec07ef0,03ca3d8b9b4126a9
432,bug_096,riscv_single_interrupt_test,33407,/workspace/ibex/dv/uvm/out,UVM_FATAL,UVM_FATAL,core_ibex_base_test.sv,190,3607000,Check failed signature_data == core_status (8 [0x8] vs 6 [0x6]) Core did not jump to vectored interrupt handler,,0,0,,,,,,,,,,,106,3,173,1b98a9e9d3c2e507,8adfaf735ec07ef0,f9f430bc4de26769
433,bug_096,riscv_single_interrupt_test,33408,/workspace/ibex/dv/uvm/out,UVM_FATAL,UVM_FATAL,core_ibex_base_test.sv,190,4495000,Check failed signature_data == core_status (8 [0x8] vs 6 [0x6]) Core did not jump to vectored interrupt handler,,0,0,,,,,,,,,,,119,3,204,cb16413c445f5687,8adfaf735ec07ef0,a8222a4c02839b45
434,bug_096,riscv_single_interrupt_test,33409,/workspace/ibex/dv/uvm/out,UVM_FATAL,UVM_FATAL,core_ibex_base_test.sv,190,3829000,Check failed signature_data == core_status (8 [0x8] vs 6 [0x6]) Core did not jump to vectored interrupt handler,,0,0,,,,,,,,,,,111,3,165,7760ce775a21a390,8adfaf735ec07ef0,d757c8921a428a35
435,bug_096,riscv_single_interrupt_test,33410,/workspace/ibex/dv/uvm/out,UVM_FATAL,UVM_FATAL,core_ibex_base_test.sv,190,3117000,Check failed signature_data == core_status (8 [0x8] vs 6 [0x6]) Core did not jump to vectored interrupt handler,,0,0,,,,,,,,,,,106,3,145,0d2a325c3ec2edcc,8adfaf735ec07ef0,2cc31a95c89adb71
436,bug_096,riscv_single_interrupt_test,33411,/workspace/ibex/dv/uvm/out,UVM_ERROR,UVM_ERROR,mem_model.sv,28,2459000,read to uninitialzed addr 0xa7,,0,0,,,,,,,,,,,109,3,188,c734ed0a7f81039c,8adfaf735ec07ef0,9e9df13b104c9ada
438,bug_096,riscv_single_interrupt_test,33413,/workspace/ibex/dv/uvm/out,UVM_FATAL,UVM_FATAL,core_ibex_base_test.sv,190,4187000,Check failed signature_data == core_status (8 [0x8] vs 6 [0x6]) Core did not jump to vectored interrupt handler,,0,0,,,,,,,,,,,115,3,195,c2d13f6a0e60f288,8adfaf735ec07ef0,24d6a440f18bb29d
439,bug_096,riscv_single_interrupt_test,33414,/workspace/ibex/dv/uvm/out,UVM_FATAL,UVM_FATAL,core_ibex_base_test.sv,190,2995000,Check failed signature_data == core_status (8 [0x8] vs 6 [0x6]) Core did not jump to vectored interrupt handler,,0,0,,,,,,,,,,,106,3,150,630e96eed28a8a49,8adfaf735ec07ef0,eb3fc2be5e5e67b1
440,bug_096,riscv_single_interrupt_test,33415,/workspace/ibex/dv/uvm/out,UVM_FATAL,UVM_FATAL,core_ibex_base_test.sv,190,3359000,Check failed signature_data == core_status (8 [0x8] vs 6 [0x6]) Core did not jump to vectored interrupt handler,,0,0,,,,,,,,,,,106,3,149,669a47210cf9a05b,8adfaf735ec07ef0,8241f1f5c4659405
441,bug_096,riscv_single_interrupt_test,33416,/workspace/ibex/dv/uvm/out,UVM_FATAL,UVM_FATAL,core_ibex_base_test.sv,190,3451000,Check failed signature_data == core_status (8 [0x8] vs 6 [0x6]) Core did not jump to vectored interrupt handler,,0,0,,,,,,,,,,,106,3,161,4361159d64af1bd6,8adfaf735ec07ef0,5b302842127b52d8
442,bug_096,riscv_single_interrupt_test,33417,/workspace/ibex/dv/uvm/out,UVM_FATAL,UVM_FATAL,core_ibex_base_test.sv,190,3595000,Check failed signature_data == core_status (8 [0x8] vs 6 [0x6]) Core did not jump to vectored interrupt handler,,0,0,,,,,,,,,,,106,3,152,4646a6407e7f6a77,8adfaf735ec07ef0,6ec5176b6309e4ca
443,bug_096,riscv_single_interrupt_test,33418,/workspace/ibex/dv/uvm/out,UVM_FATAL,UVM_FATAL,core_ibex_base_test.sv,190,3335000,Check failed signature_data == core_status (8 [0x8] vs 6 [0x6]) Core did not jump to vectored interrupt handler,,0,0,,,,,,,,,,,106,3,157,06b68002c19d9807,8adfaf735ec07ef0,df6a4783961c4618
445,bug_096,riscv_single_interrupt_test,33420,/workspace/ibex/dv/uvm/out,UVM_FATAL,UVM_FATAL,core_ibex_base_test.sv,190,6009000,Check failed signature_data == core_status (8 [0x8] vs 6 [0x6]) Core did not jump to vectored interrupt handler,,0,0,,,,,,,,,,,119,3,259,41cfe268347b9e97,8adfaf735ec07ef0,44aa5ff674eb34a7
446,bug_100,riscv_interrupt_csr_test,33501,/workspace/ibex/dv/uvm/out,UVM_FATAL,UVM_FATAL,core_ibex_base_test.sv,194,3367000,Did not receive core_status HANDLING_IRQ within 750 cycle timeout period,,0,0,,,,,,,,,,,105,3,95,3dc7cb1b93fdf5ae,0f1b9119914c95ca,0a5281b8864f94ff
447,bug_100,riscv_interrupt_csr_test,33502,/workspace/ibex/dv/uvm/out,UVM_FATAL,UVM_FATAL,core_ibex_base_test.sv,194,3365000,Did not receive core_status HANDLING_IRQ within 750 cycle timeout period,,0,0,,,,,,,,,,,110,3,95,efd30502acacd971,0f1b9119914c95ca,8d77421f4940545c
448,bug_100,riscv_interrupt_csr_test,33503,/workspace/ibex/dv/uvm/out,UVM_FATAL,UVM_FATAL,core_ibex_base_test.sv,194,3333000,Did not receive core_status HANDLING_IRQ within 750 cycle timeout period,,0,0,,,,,,,,,,,105,3,95,0b30b316b0c3bd04,0f1b9119914c95ca,9afc45c5d9748ff4
449,bug_100,riscv_interrupt_csr_test,33504,/workspace/ibex/dv/uvm/out,UVM_FATAL,UVM_FATAL,core_ibex_test_lib.sv,237,2773000,Check failed mstatus[3] == 1'b0 (1 [0x1] vs 0 [0x0]) mstatus.mie was not set to 1'b0 after entering handler,,0,0,,,,,,,,,,,105,3,142,7b04d17c8aea44a8,0f1b9119914c95ca,a8a3cc296be71d83
450,bug_100,riscv_interrupt_csr_test,33505,/workspace/ibex/dv/uvm/out,UVM_FATAL,UVM_FATAL,core_ibex_base_test.sv,194,3311000,Did not receive core_status HANDLING_IRQ within 750 cycle timeout period,,0,0,,,,,,,,,,,110,3,94,4cce3590bda5ba83,0f1b9119914c95ca,b2299551921f9c7b
451,bug_100,riscv_interrupt_csr_test,33506,/workspace/ibex/dv/uvm/out,UVM_FATAL,UVM_FATAL,core_ibex_test_lib.sv,237,2979000,Check failed mstatus[3] == 1'b0 (1 [0x1] vs 0 [0x0]) mstatus.mie was not set to 1'b0 after entering handler,,0,0,,,,,,,,,,,110,3,140,06a4dda79b093ddb,0f1b9119914c95ca,8c8f12d0f146b1e4
452,bug_100,riscv_interrupt_csr_test,33507,/workspace/ibex/dv/uvm/out,UVM_FATAL,UVM_FATAL,core_ibex_base_test.sv,194,3305000,Did not receive core_status HANDLING_IRQ within 750 cycle timeout period,,0,0,,,,,,,,,,,105,3,94,2a0dc2293b29877d,0f1b9119914c95ca,211b6a9a0dfd1ab2
454,bug_100,riscv_interrupt_csr_test,33509,/workspace/ibex/dv/uvm/out,UVM_FATAL,UVM_FATAL,core_ibex_base_test.sv,194,3437000,Did not receive core_status HANDLING_IRQ within 750 cycle timeout period,,0,0,,,,,,,,,,,105,3,98,468f0554598299a8,0f1b9119914c95ca,cd563400ccdafd8f
455,bug_100,riscv_interrupt_csr_test,33510,/workspace/ibex/dv/uvm/out,UVM_FATAL,UVM_FATAL,core_ibex_base_test.sv,194,3353000,Did not receive core_status HANDLING_IRQ within 750 cycle timeout period,,0,0,,,,,,,,,,,110,3,96,8b277c6a89691f19,0f1b9119914c95ca,5ab2cfc0322b36e6
457,bug_100,riscv_interrupt_csr_test,33512,/workspace/ibex/dv/uvm/out,UVM_FATAL,UVM_FATAL,core_ibex_base_test.sv,194,3281000,Did not receive core_status HANDLING_IRQ within 750 cycle timeout period,,0,0,,,,,,,,,,,105,3,92,9588ca31a0058289,0f1b9119914c95ca,e547b5bfa680d40b
458,bug_100,riscv_interrupt_csr_test,33513,/workspace/ibex/dv/uvm/out,UVM_FATAL,UVM_FATAL,core_ibex_base_test.sv,194,3133000,Did not receive core_status HANDLING_IRQ within 750 cycle timeout period,,0,0,,,,,,,,,,,110,3,92,cd484269762650d3,0f1b9119914c95ca,374d1b6746c0b178
459,bug_100,riscv_interrupt_csr_test,33514,/workspace/ibex/dv/uvm/out,UVM_FATAL,UVM_FATAL,core_ibex_base_test.sv,194,3205000,Did not receive core_status HANDLING_IRQ within 750 cycle timeout period,,0,0,,,,,,,,,,,105,3,93,3bba7ec9db400898,0f1b9119914c95ca,9307e0b18d365727
460,bug_100,riscv_interrupt_csr_test,33517,/workspace/ibex/dv/uvm/out,UVM_FATAL,UVM_FATAL,core_ibex_base_test.sv,194,3109000,Did not receive core_status HANDLING_IRQ within 750 cycle timeout period,,0,0,,,,,,,,,,,105,3,94,6a5cb3f6b1399311,0f1b9119914c95ca,caa3ad34d386281d
461,bug_100,riscv_interrupt_csr_test,33518,/workspace/ibex/dv/uvm/out,UVM_FATAL,UVM_FATAL,core_ibex_base_test.sv,194,3215000,Did not receive core_status HANDLING_IRQ within 750 cycle timeout period,,0,0,,,,,,,,,,,105,3,96,828a10ca1b90dcec,0f1b9119914c95ca,5e416215e090e04d
462,bug_100,riscv_interrupt_csr_test,33519,/workspace/ibex/dv/uvm/out,UVM_FATAL,UVM_FATAL,core_ibex_base_test.sv,194,3543000,Did not receive core_status HANDLING_IRQ within 750 cycle timeout period,,0,0,,,,,,,,,,,110,3,95,bb6b9ee0c5898b4e,0f1b9119914c95ca,40875df0ca91a95a
463,bug_100,riscv_interrupt_csr_test,33520,/workspace/ibex/dv/uvm/out,UVM_FATAL,UVM_FATAL,core_ibex_base_test.sv,194,3117000,Did not receive core_status HANDLING_IRQ within 750 cycle timeout period,,0,0,,,,,,,,,,,105,3,92,645037c112dbd02c,0f1b9119914c95ca,2fee7fce842bd27c
464,bug_100,riscv_multiple_interrupt_test,33501,/workspace/ibex/dv/uvm/out,UVM_FATAL,UVM_FATAL,core_ibex_base_test.sv,194,4287000,Did not receive core_status HANDLING_IRQ within 750 cycle timeout period,,0,0,,,,,,,,,,,105,3,137,0846865f5e897db0,042f69074c5ce152,faa767bfaac01094
465,bug_100,riscv_multiple_interrupt_test,33502,/workspace/ibex/dv/uvm/out,UVM_FATAL,UVM_FATAL,core_ibex_base_test.sv,194,3713000,Did not receive core_status HANDLING_IRQ within 750 cycle timeout period,,0,0,,,,,,,,,,,105,3,121,8f59f8aa4b5d5673,042f69074c5ce152,3895e6cb7fa6ad27
466,bug_100,riscv_multiple_interrupt_test,33503,/workspace/ibex/dv/uvm/out,UVM_FATAL,UVM_FATAL,core_ibex_base_test.sv,194,4211000,Did not receive core_status HANDLING_IRQ within 750 cycle timeout period,,0,0,,,,,,,,,,,105,3,136,6e18043d22cc4ecb,042f69074c5ce152,4bcdc1b024306f93
467,bug_100,riscv_multiple_interrupt_test,33504,/workspace/ibex/dv/uvm/out,UVM_FATAL,UVM_FATAL,core_ibex_base_test.sv,194,3949000,Did not receive core_status HANDLING_IRQ within 750 cycle timeout period,,0,0,,,,,,,,,,,105,3,136,ea63aec407be48c4,042f69074c5ce152,c028f0b625c3a7c9
468,bug_100,riscv_multiple_interrupt_test,33505,/workspace/ibex/dv/uvm/out,UVM_FATAL,UVM_FATAL,core_ibex_base_test.sv,194,3861000,Did not receive core_status HANDLING_IRQ within 750 cycle timeout period,,0,0,,,,,,,,,,,105,3,123,02200b3ff3157f15,042f69074c5ce152,547e14d7ab5ce0a5
471,bug_100,riscv_multiple_interrupt_test,33508,/workspace/ibex/dv/uvm/out,UVM_FATAL,UVM_FATAL,core_ibex_base_test.sv,194,3963000,Did not receive core_status HANDLING_IRQ within 750 cycle timeout period,,0,0,,,,,,,,,,,105,3,127,cf23b494874ae445,042f69074c5ce152,d3027127e1b4d90f
472,bug_100,riscv_multiple_interrupt_test,33509,/workspace/ibex/dv/uvm/out,UVM_FATAL,UVM_FATAL,core_ibex_base_test.sv,194,3851000,Did not receive core_status HANDLING_IRQ within 750 cycle timeout period,,0,0,,,,,,,,,,,105,3,117,62bf7e933700f534,042f69074c5ce152,1c5f30d0fc8773d8
473,bug_100,riscv_multiple_interrupt_test,33510,/workspace/ibex/dv/uvm/out,UVM_FATAL,UVM_FATAL,core_ibex_base_test.sv,194,4287000,Did not receive core_status HANDLING_IRQ within 750 cycle timeout period,,0,0,,,,,,,,,,,105,3,120,9bfff0e252cb2608,042f69074c5ce152,0604d6bd85e90d67
474,bug_100,riscv_multiple_interrupt_test,33511,/workspace/ibex/dv/uvm/out,UVM_FATAL,UVM_FATAL,core_ibex_base_test.sv,194,3905000,Did not receive core_status HANDLING_IRQ within 750 cycle timeout period,,0,0,,,,,,,,,,,105,3,122,1af027bd2d1a5f52,042f69074c5ce152,64965a1e6018f7b7
475,bug_100,riscv_multiple_interrupt_test,33512,/workspace/ibex/dv/uvm/out,UVM_FATAL,UVM_FATAL,core_ibex_base_test.sv,194,3753000,Did not receive core_status HANDLING_IRQ within 750 cycle timeout period,,0,0,,,,,,,,,,,105,3,108,33493fbc99c4634b,042f69074c5ce152,f3570b35c9e64ade
476,bug_100,riscv_multiple_interrupt_test,33513,/workspace/ibex/dv/uvm/out,UVM_FATAL,UVM_FATAL,core_ibex_base_test.sv,194,3809000,Did not receive core_status HANDLING_IRQ within 750 cycle timeout period,,0,0,,,,,,,,,,,105,3,133,c601d5eafe6ef026,042f69074c5ce152,89b5b4cc14f3ec14
477,bug_100,riscv_multiple_interrupt_test,33514,/workspace/ibex/dv/uvm/out,UVM_FATAL,UVM_FATAL,core_ibex_base_test.sv,194,3569000,Did not receive core_status HANDLING_IRQ within 750 cycle timeout period,,0,0,,,,,,,,,,,105,3,107,4c337dc9f24f3c3e,042f69074c5ce152,5040b46afbc13f8b
479,bug_100,riscv_multiple_interrupt_test,33516,/workspace/ibex/dv/uvm/out,UVM_FATAL,UVM_FATAL,core_ibex_base_test.sv,194,3825000,Did not receive core_status HANDLING_IRQ within 750 cycle timeout period,,0,0,,,,,,,,,,,105,3,108,26845dd91ca299de,042f69074c5ce152,e967006a567ce9e4
480,bug_100,riscv_multiple_interrupt_test,33517,/workspace/ibex/dv/uvm/out,UVM_FATAL,UVM_FATAL,core_ibex_base_test.sv,194,3477000,Did not receive core_status HANDLING_IRQ within 750 cycle timeout period,,0,0,,,,,,,,,,,105,3,116,58d9a59b8a7129b4,042f69074c5ce152,9789c38dfd84a3da
481,bug_100,riscv_multiple_interrupt_test,33518,/workspace/ibex/dv/uvm/out,UVM_FATAL,UVM_FATAL,core_ibex_base_test.sv,194,3883000,Did not receive core_status HANDLING_IRQ within 750 cycle timeout period,,0,0,,,,,,,,,,,105,3,149,34f31a306ec0c690,042f69074c5ce152,f148ae28e574639c
482,bug_100,riscv_multiple_interrupt_test,33519,/workspace/ibex/dv/uvm/out,UVM_FATAL,UVM_FATAL,core_ibex_base_test.sv,194,4097000,Did not receive core_status HANDLING_IRQ within 750 cycle timeout period,,0,0,,,,,,,,,,,105,3,127,c01ad7bbf12629e2,042f69074c5ce152,c06c11b48188cc26
483,bug_100,riscv_multiple_interrupt_test,33520,/workspace/ibex/dv/uvm/out,UVM_FATAL,UVM_FATAL,core_ibex_base_test.sv,194,3337000,Did not receive core_status HANDLING_IRQ within 750 cycle timeout period,,0,0,,,,,,,,,,,105,3,101,4ceea59a7641298f,042f69074c5ce152,c7a51f8be53a4d66
484,bug_100,riscv_single_interrupt_test,33501,/workspace/ibex/dv/uvm/out,UVM_FATAL,UVM_FATAL,core_ibex_base_test.sv,194,4095000,Did not receive core_status HANDLING_IRQ within 750 cycle timeout period,,0,0,,,,,,,,,,,105,3,128,bebda4816c2f59be,8adfaf735ec07ef0,28e6f2dea2148d21
485,bug_100,riscv_single_interrupt_test,33502,/workspace/ibex/dv/uvm/out,UVM_FATAL,UVM_FATAL,core_ibex_base_test.sv,194,4947000,Did not receive core_status HANDLING_IRQ within 750 cycle timeout period,,0,0,,,,,,,,,,,110,3,175,baecc2be89dea182,8adfaf735ec07ef0,3971aa11436a45b3
486,bug_100,riscv_single_interrupt_test,33503,/workspace/ibex/dv/uvm/out,UVM_FATAL,UVM_FATAL,core_ibex_base_test.sv,194,4257000,Did not receive core_status HANDLING_IRQ within 750 cycle timeout period,,0,0,,,,,,,,,,,105,3,139,2a0b380809367707,8adfaf735ec07ef0,136ceda4f0a32234
487,bug_100,riscv_single_interrupt_test,33504,/workspace/ibex/dv/uvm/out,UVM_FATAL,UVM_FATAL,core_ibex_test_lib.sv,237,3199000,Check failed mstatus[3] == 1'b0 (1 [0x1] vs 0 [0x0]) mstatus.mie was not set to 1'b0 after entering handler,,0,0,,,,,,,,,,,105,3,155,6c6c91a940561313,8adfaf735ec07ef0,6c07fc45684f235b
488,bug_100,riscv_single_interrupt_test,33505,/workspace/ibex/dv/uvm/out,UVM_FATAL,UVM_FATAL,core_ibex_base_test.sv,194,4075000,Did not receive core_status HANDLING_IRQ within 750 cycle timeout period,,0,0,,,,,,,,,,,110,3,135,24a83ef330a4df83,8adfaf735ec07ef0,4f2ac32d793d86d1
489,bug_100,riscv_single_interrupt_test,33506,/workspace/ibex/dv/uvm/out,UVM_FATAL,UVM_FATAL,core_ibex_test_lib.sv,237,4761000,Check failed mstatus[3] == 1'b0 (1 [0x1] vs 0 [0x0]) mstatus.mie was not set to 1'b0 after entering handler,,0,0,,,,,,,,,,,110,3,236,c656fdaf1dff5a34,8adfaf735ec07ef0,e6736ce44a7e1a57
490,bug_100,riscv_single_interrupt_test,33507,/workspace/ibex/dv/uvm/out,UVM_FATAL,UVM_FATAL,core_ibex_base_test.sv,194,4117000,Did not receive core_status HANDLING_IRQ within 750 cycle timeout period,,0,0,,,,,,,,,,,105,3,138,531f104d1a6feaee,8adfaf735ec07ef0,defe8643cd3e839b
492,bug_100,riscv_single_interrupt_test,33509,/workspace/ibex/dv/uvm/out,UVM_FATAL,UVM_FATAL,core_ibex_base_test.sv,194,3861000,Did not receive core_status HANDLING_IRQ within 750 cycle timeout period,,0,0,,,,,,,,,,,105,3,118,e217e5369beeafc3,8adfaf735ec07ef0,fd1273dd36034e3a
493,bug_100,riscv_single_interrupt_test,33510,/workspace/ibex/dv/uvm/out,UVM_FATAL,UVM_FATAL,core_ibex_base_test.sv,194,4947000,Did not receive core_status HANDLING_IRQ within 750 cycle timeout period,,0,0,,,,,,,,,,,110,3,151,2ed50963668c7aac,8adfaf735ec07ef0,707b7762a4fe276f
494,bug_100,riscv_single_interrupt_test,33511,/workspace/ibex/dv/uvm/out,UVM_FATAL,UVM_FATAL,core_ibex_base_test.sv,194,4041000,Did not receive core_status HANDLING_IRQ within 750 cycle timeout period,,0,0,,,,,,,,,,,110,3,127,ac2bae095ff23cad,8adfaf735ec07ef0,7d128e9ad97acbf2
496,bug_100,riscv_single_interrupt_test,33513,/workspace/ibex/dv/uvm/out,UVM_FATAL,UVM_FATAL,core_ibex_base_test.sv,194,4435000,Did not receive core_status HANDLING_IRQ within 750 cycle timeout period,,0,0,,,,,,,,,,,110,3,159,e9c2fbc2d177cf59,8adfaf735ec07ef0,d464013b37886012
498,bug_100,riscv_single_interrupt_test,33515,/workspace/ibex/dv/uvm/out,UVM_FATAL,UVM_FATAL,core_ibex_test_lib.sv,237,5137000,Check failed mstatus[3] == 1'b0 (1 [0x1] vs 0 [0x0]) mstatus.mie was not set to 1'b0 after entering handler,,0,0,,,,,,,,,,,118,3,227,862ae015c014d46e,8adfaf735ec07ef0,d9b2b98332b95dec
499,bug_100,riscv_single_interrupt_test,33516,/workspace/ibex/dv/uvm/out,UVM_FATAL,UVM_FATAL,core_ibex_base_test.sv,194,5041000,Did not receive core_status HANDLING_IRQ within 750 cycle timeout period,,0,0,,,,,,,,,,,114,3,171,dfab0c29b60c7ed0,8adfaf735ec07ef0,77e4c81aefebedfd
500,bug_100,riscv_single_interrupt_test,33517,/workspace/ibex/dv/uvm/out,UVM_FATAL,UVM_FATAL,core_ibex_base_test.sv,194,3991000,Did not receive core_status HANDLING_IRQ within 750 cycle timeout period,,0,0,,,,,,,,,,,105,3,139,909e58a2de0542fe,8adfaf735ec07ef0,c9c471a3732c062a
501,bug_100,riscv_single_interrupt_test,33518,/workspace/ibex/dv/uvm/out,UVM_FATAL,UVM_FATAL,core_ibex_base_test.sv,194,4171000,Did not receive core_status HANDLING_IRQ within 750 cycle timeout period,,0,0,,,,,,,,,,,105,3,169,5a834590ee23daea,8adfaf735ec07ef0,d8d0f283dd294f15
502,bug_100,riscv_single_interrupt_test,33519,/workspace/ibex/dv/uvm/out,UVM_FATAL,UVM_FATAL,core_ibex_base_test.sv,194,4585000,Did not receive core_status HANDLING_IRQ within 750 cycle timeout period,,0,0,,,,,,,,,,,110,3,149,101bfae273a52a12,8adfaf735ec07ef0,88ecfc3d2b9ebcd8
503,bug_100,riscv_single_interrupt_test,33520,/workspace/ibex/dv/uvm/out,UVM_FATAL,UVM_FATAL,core_ibex_base_test.sv,194,3581000,Did not receive core_status HANDLING_IRQ within 750 cycle timeout period,,0,0,,,,,,,,,,,105,3,113,3e43dfcb6dbef194,8adfaf735ec07ef0,9fd62c9f5de3d99a
504,bug_102,riscv_machine_mode_rand_test,33601,/workspace/ibex/dv/uvm/out,UVM_ERROR,UVM_ERROR,mem_model.sv,28,2449000,read to uninitialzed addr 0x3,,0,0,,,,,,,,,,,347081,1,287996,b0bf5e1a10b5567b,885f2339349da4d9,0a25107786e05e0d
505,bug_102,riscv_machine_mode_rand_test,33602,/workspace/ibex/dv/uvm/out,UVM_ERROR,UVM_ERROR,mem_model.sv,28,14541000,read to uninitialzed addr 0x8003,,0,0,,,,,,,,,,,387406,1,293915,4ea71e7667eb59ee,885f2339349da4d9,faa7d27af9e3283f
506,bug_102,riscv_machine_mode_rand_test,33603,/workspace/ibex/dv/uvm/out,UVM_ERROR,UVM_ERROR,mem_model.sv,28,21883000,read to uninitialzed addr 0x3,,0,0,,,,,,,,,,,432205,1,300256,6b562eba3165523f,885f2339349da4d9,2d0478a15e63be78
507,bug_102,riscv_machine_mode_rand_test,33605,/workspace/ibex/dv/uvm/out,UVM_ERROR,UVM_ERROR,mem_model.sv,28,14877000,read to uninitialzed addr 0x83,,0,0,,,,,,,,,,,391345,1,296854,ae3a1a2080d6d1a4,885f2339349da4d9,1a7c8b72a1bfca90
508,bug_102,riscv_machine_mode_rand_test,33606,/workspace/ibex/dv/uvm/out,UVM_ERROR,UVM_ERROR,mem_model.sv,28,11169000,read to uninitialzed addr 0x24000003,,0,0,,,,,,,,,,,361442,1,297707,d7f03550cb8fedf5,885f2339349da4d9,d22ecf17e9e09f2b
509,bug_102,riscv_machine_mode_rand_test,33607,/workspace/ibex/dv/uvm/out,UVM_ERROR,UVM_ERROR,mem_model.sv,28,3867000,read to uninitialzed addr 0x83,,0,0,,,,,,,,,,,545633,1,286030,076de7483ae66272,885f2339349da4d9,093d09bbe31e4ee9
510,bug_102,riscv_machine_mode_rand_test,33609,/workspace/ibex/dv/uvm/out,UVM_ERROR,UVM_ERROR,mem_model.sv,28,86109000,read to uninitialzed addr 0x3,,0,0,,,,,,,,,,,414611,1,293153,4fbde62f5318783e,885f2339349da4d9,78e0678cfb2f5d92
511,bug_102,riscv_mmu_stress_test,34101,/workspace/ibex/dv/uvm/out,UVM_ERROR,UVM_ERROR,mem_model.sv,28,1723000,read to uninitialzed addr 0xbf9f99b1,,0,0,,,,,,,,,,,312864,1,274826,daad7c1576426a14,885f2339349da4d9,7f4cdf887e48ade3
512,bug_102,riscv_mmu_stress_test,34102,/workspace/ibex/dv/uvm/out,UVM_ERROR,UVM_ERROR,mem_model.sv,28,4969000,read to uninitialzed addr 0x961549c7,,0,0,,,,,,,,,,,368040,1,301461,0f344fcbe8717ce6,885f2339349da4d9,815ea4bf4be346f6
513,bug_102,riscv_mmu_stress_test,34103,/workspace/ibex/dv/uvm/out,UVM_ERROR,UVM_ERROR,mem_model.sv,28,3223000,read to uninitialzed addr 0xa0540a5b,,0,0,,,,,,,,,,,318164,1,298663,7db88178113ffdcb,885f2339349da4d9,3393ebcccaa54678
514,bug_102,riscv_mmu_stress_test,34104,/workspace/ibex/dv/uvm/out,UVM_ERROR,UVM_ERROR,mem_model.sv,28,2905000,read to uninitialzed addr 0xce8f2aa5,,0,0,,,,,,,,,,,314967,1,284592,946b0f24da3e0d10,885f2339349da4d9,0057ae53f9984a4b
515,bug_102,riscv_mmu_stress_test,34105,/workspace/ibex/dv/uvm/out,UVM_ERROR,UVM_ERROR,mem_model.sv,28,7331000,read to uninitialzed addr 0xd5295f78,,0,0,,,,,,,,,,,394229,1,295828,cc1c05df0bdc54bf,885f2339349da4d9,6cbe1f69165b38fd
516,bug_102,riscv_mmu_stress_test,34106,/workspace/ibex/dv/uvm/out,UVM_ERROR,UVM_ERROR,mem_model.sv,28,3797000,read to uninitialzed addr 0x98307a47,,0,0,,,,,,,,,,,406799,1,309365,ee54c8f633b4320d,885f2339349da4d9,61bd04a094ebbbd2
517,bug_102,riscv_mmu_stress_test,34107,/workspace/ibex/dv/uvm/out,UVM_ERROR,UVM_ERROR,mem_model.sv,28,5199000,read to uninitialzed addr 0x89e04846,,0,0,,,,,,,,,,,364827,1,320810,e286bc59703fbd43,885f2339349da4d9,899279f1537446ac
518,bug_102,riscv_mmu_stress_test,34108,/workspace/ibex/dv/uvm/out,UVM_ERROR,UVM_ERROR,mem_model.sv,28,1665000,read to uninitialzed addr 0xb1bae7fd,,0,0,,,,,,,,,,,348405,1,301281,f866295102fd04e3,885f2339349da4d9,d8e05b736fd17fa6
519,bug_102,riscv_mmu_stress_test,34109,/workspace/ibex/dv/uvm/out,UVM_ERROR,UVM_ERROR,mem_model.sv,28,3827000,read to uninitialzed addr 0xe7671d64,,0,0,,,,,,,,,,,366099,1,312473,43e1b5c61be358ce,885f2339349da4d9,46b94a60c8160005
520,bug_102,riscv_mmu_stress_test,34110,/workspace/ibex/dv/uvm/out,UVM_ERROR,UVM_ERROR,mem_model.sv,28,2973000,read to uninitialzed addr 0xd4c51f83,,0,0,,,,,,,,,,,324557,1,307796,53c0da4b98819b9a,885f2339349da4d9,4554d13b5fc99feb
521,bug_102,riscv_mmu_stress_test,35401,/workspace/ibex/dv/uvm/out,UVM_ERROR,UVM_ERROR,mem_model.sv,28,2387000,read to uninitialzed addr 0xdc51c894,,0,0,,,,,,,,,,,411840,1,298371,1cd0b44e8522c579,885f2339349da4d9,1021b42d27d9725e
522,bug_102,riscv_mmu_stress_test,35402,/workspace/ibex/dv/uvm/out,UVM_ERROR,UVM_ERROR,mem_model.sv,28,2101000,read to uninitialzed addr 0xfacdc571,,0,0,,,,,,,,,,,698,3,12856,f1a34d5ef25eedb9,8e886c4e89a7d8e0,d373a0930bd6fbb1
523,bug_102,riscv_mmu_stress_test,35403,/workspace/ibex/dv/uvm/out,UVM_ERROR,UVM_ERROR,mem_model.sv,28,3345000,read to uninitialzed addr 0xc8ff3897,,0,0,,,,,,,,,,,525,3,9408,f470c061031167b9,8e886c4e89a7d8e0,e533ba51af9b7263
524,bug_102,riscv_mmu_stress_test,35404,/workspace/ibex/dv/uvm/out,UVM_ERROR,UVM_ERROR,mem_model.sv,28,3047000,read to uninitialzed addr 0x9413d2fc,,0,0,,,,,,,,,,,350900,1,293505,39e2cd4ed5005521,885f2339349da4d9,e651767d11aa662b
525,bug_102,riscv_rand_instr_test,33601,/workspace/ibex/dv/uvm/out,UVM_ERROR,UVM_ERROR,mem_model.sv,28,2449000,read to uninitialzed addr 0x3,,0,0,,,,,,,,,,,356363,1,295854,ce2cd0f887fef78e,885f2339349da4d9,e4d71ab3fe365f41
526,bug_102,riscv_rand_instr_test,33602,/workspace/ibex/dv/uvm/out,UVM_ERROR,UVM_ERROR,mem_model.sv,28,14541000,read to uninitialzed addr 0x8003,,0,0,,,,,,,,,,,385841,1,292851,f4caad22f1628f4a,885f2339349da4d9,78035aaae3a4a8e9
527,bug_102,riscv_rand_instr_test,33603,/workspace/ibex/dv/uvm/out,UVM_ERROR,UVM_ERROR,mem_model.sv,28,49009000,read to uninitialzed addr 0x3,,0,0,,,,,,,,,,,426116,1,299359,68fb1487640ab0b2,885f2339349da4d9,90cb4c15d45cbd65
528,bug_102,riscv_rand_instr_test,33605,/workspace/ibex/dv/uvm/out,UVM_ERROR,UVM_ERROR,mem_model.sv,28,14877000,read to uninitialzed addr 0x83,,0,0,,,,,,,,,,,387373,1,293970,59b7efc3bc84bacc,885f2339349da4d9,73d7f7eaea8194d1
529,bug_102,riscv_rand_instr_test,33606,/workspace/ibex/dv/uvm/out,UVM_ERROR,UVM_ERROR,mem_model.sv,28,12861000,read to uninitialzed addr 0xfc000003,,0,0,,,,,,,,,,,350174,1,292189,1d001ef108834111,885f2339349da4d9,68e3954e55c437eb
530,bug_102,riscv_rand_instr_test,33607,/workspace/ibex/dv/uvm/out,UVM_ERROR,UVM_ERROR,mem_model.sv,28,3337000,read to uninitialzed addr 0x83,,0,0,,,,,,,,,,,396791,1,301494,ca7cdf414ed4bf4e,885f2339349da4d9,63ab66346702bd12
531,bug_102,riscv_rand_instr_test,33609,/workspace/ibex/dv/uvm/out,UVM_ERROR,UVM_ERROR,mem_model.sv,28,90707000,read to uninitialzed addr 0x3,,0,0,,,,,,,,,,,413188,1,292469,272783bfb9d847b3,885f2339349da4d9,e9d5f8ef00ea118e
534,bug_102,riscv_unaligned_load_store_test,33603,/workspace/ibex/dv/uvm/out,UVM_ERROR,UVM_ERROR,mem_model.sv,28,242147000,read to uninitialzed addr 0x3,,0,0,,,,,,,,,,,406111,1,292120,cbb765d73815e6bd,885f2339349da4d9,084522c737d0892a
535,bug_102,riscv_unaligned_load_store_test,33604,/workspace/ibex/dv/uvm/out,REGR_MISMATCH,,,,,,pc_diff,1,0,56,56,8000014e,8001c080,lhu,addi,lhu|addi,47,18,8000,103,8,1446,c6b8808f1acdf7a4,242099c76b96a515,dfbc75b447fa020c
536,bug_102,riscv_unaligned_load_store_test,33605,/workspace/ibex/dv/uvm/out,REGR_MISMATCH,,,,,,pc_diff,1,0,63,63,8000017c,8001c080,or,addi,or|addi,52,18,8000,103,8,17113,3fa8e99e728c7328,5eed86745c121d9a,bec5635d1ad33f8e
538,bug_102,riscv_unaligned_load_store_test,33607,/workspace/ibex/dv/uvm/out,UVM_ERROR,UVM_ERROR,mem_model.sv,28,4881000,read to uninitialzed addr 0x83,,0,0,,,,,,,,,,,385966,1,290561,7f27dafff2547319,885f2339349da4d9,6a74541624d71e8c
539,bug_102,riscv_unaligned_load_store_test,33608,/workspace/ibex/dv/uvm/out,UVM_ERROR,UVM_ERROR,mem_model.sv,28,438593000,read to uninitialzed addr 0x3,,0,0,,,,,,,,,,,310174,1,295079,d163a26dfdd79925,885f2339349da4d9,6d57df64a9eb86a1
540,bug_102,riscv_unaligned_load_store_test,33609,/workspace/ibex/dv/uvm/out,UVM_ERROR,UVM_ERROR,mem_model.sv,28,109035000,read to uninitialzed addr 0x3,,0,0,,,,,,,,,,,405249,1,286174,6326d42b92de56c7,885f2339349da4d9,e31020c187968ec3
541,bug_102,riscv_unaligned_load_store_test,33610,/workspace/ibex/dv/uvm/out,UVM_ERROR,UVM_ERROR,mem_model.sv,28,125161000,read to uninitialzed addr 0x83,,0,0,,,,,,,,,,,389706,1,298576,efbb44d16c4bb702,885f2339349da4d9,60a52fc60f6f2591
542,bug_102,riscv_unaligned_load_store_test,33611,/workspace/ibex/dv/uvm/out,UVM_ERROR,UVM_ERROR,mem_model.sv,28,388853000,read to uninitialzed addr 0x3,,0,0,,,,,,,,,,,367760,1,302141,78e7b50671293a7b,885f2339349da4d9,2f8265f2b8f73763
543,bug_102,riscv_unaligned_load_store_test,33612,/workspace/ibex/dv/uvm/out,UVM_ERROR,UVM_ERROR,mem_model.sv,28,242639000,read to uninitialzed addr 0x3,,0,0,,,,,,,,,,,352319,1,301643,cc825426bdf66a17,885f2339349da4d9,c6ea608937e2200f
544,bug_102,riscv_unaligned_load_store_test,33613,/workspace/ibex/dv/uvm/out,REGR_MISMATCH,,,,,,pc_diff,1,0,72,72,800001a0,8001c080,lw,addi,lw|addi,68,18,8000,103,8,1917,ac0881e43d4ea6b9,ddb7dcb74cc342f8,f578b5fbb1d7a1f0
545,bug_102,riscv_unaligned_load_store_test,33614,/workspace/ibex/dv/uvm/out,UVM_ERROR,UVM_ERROR,mem_model.sv,28,255199000,read to uninitialzed addr 0x3,,0,0,,,,,,,,,,,375459,1,293244,e96e88d498bd2058,885f2339349da4d9,15eb585d416874c6
546,bug_102,riscv_unaligned_load_store_test,33615,/workspace/ibex/dv/uvm/out,UVM_ERROR,UVM_ERROR,mem_model.sv,28,523767000,read to uninitialzed addr 0x3,,0,0,,,,,,,,,,,380783,1,307002,9f64ca3c2a127a7e,885f2339349da4d9,3e46f671859382b5
547,bug_102,riscv_unaligned_load_store_test,33616,/workspace/ibex/dv/uvm/out,REGR_MISMATCH,,,,,,pc_diff,1,0,61,61,8000016e,8001b080,lbu,addi,lbu|addi,53,18,8000,103,8,962,3d63a23767b9716c,1d8080f036b09883,e0350770b03dff70
548,bug_102,riscv_unaligned_load_store_test,33617,/workspace/ibex/dv/uvm/out,REGR_MISMATCH,,,,,,pc_diff,1,0,56,56,80000150,8001b080,lb,addi,lb|addi,50,18,8000,103,8,2083,f3e27ab25fc59b65,f250b047e547efff,1cc99c41373214c9
549,bug_102,riscv_unaligned_load_store_test,33618,/workspace/ibex/dv/uvm/out,UVM_ERROR,UVM_ERROR,mem_model.sv,28,223497000,read to uninitialzed addr 0x3,,0,0,,,,,,,,,,,413619,1,296167,3b059018c75959d5,885f2339349da4d9,d601d9f95009b5ef
550,bug_102,riscv_user_mode_rand_test,33601,/workspace/ibex/dv/uvm/out,UVM_ERROR,UVM_ERROR,mem_model.sv,28,2511000,read to uninitialzed addr 0x3,,0,0,,,,,,,,,,,349065,1,288254,e090b8a18c96b991,885f2339349da4d9,a582f2000885e17f
551,bug_102,riscv_user_mode_rand_test,33602,/workspace/ibex/dv/uvm/out,UVM_ERROR,UVM_ERROR,mem_model.sv,28,13051000,read to uninitialzed addr 0x8003,,0,0,,,,,,,,,,,393469,1,296494,f231297c9c2d9df1,885f2339349da4d9,04002dbed4938fc3
552,bug_102,riscv_user_mode_rand_test,33603,/workspace/ibex/dv/uvm/out,UVM_ERROR,UVM_ERROR,mem_model.sv,28,49009000,read to uninitialzed addr 0x3,,0,0,,,,,,,,,,,427767,1,300575,7a7e14119e1048c0,885f2339349da4d9,fd47c7d15ecacf2f
553,bug_102,riscv_user_mode_rand_test,33605,/workspace/ibex/dv/uvm/out,UVM_ERROR,UVM_ERROR,mem_model.sv,28,14115000,read to uninitialzed addr 0x83,,0,0,,,,,,,,,,,382470,1,290804,e798110f29de89f5,885f2339349da4d9,2e52618a520e89bf
554,bug_102,riscv_user_mode_rand_test,33606,/workspace/ibex/dv/uvm/out,UVM_ERROR,UVM_ERROR,mem_model.sv,28,12861000,read to uninitialzed addr 0xfc000003,,0,0,,,,,,,,,,,354418,1,295530,a7166097a6b0c566,885f2339349da4d9,1ced06e81e68fe2e
555,bug_102,riscv_user_mode_rand_test,33607,/workspace/ibex/dv/uvm/out,UVM_ERROR,UVM_ERROR,mem_model.sv,28,3337000,read to uninitialzed addr 0x83,,0,0,,,,,,,,,,,392676,1,298355,5330f5f77a04aed1,885f2339349da4d9,6c88cc62b2cff5e3
556,bug_102,riscv_user_mode_rand_test,33608,/workspace/ibex/dv/uvm/out,UVM_ERROR,UVM_ERROR,mem_model.sv,28,36809000,read to uninitialzed addr 0x3,,0,0,,,,,,,,,,,328971,1,295906,f7c3041781c345bf,885f2339349da4d9,5c51add11c92394b
