Time	Cycle	PC	Insn	Decoded instruction	Register and memory contents
           2228	         9	80000080	40001637	lui	x12,0x40001	 x12=0x40001000
           2248	        10	80000084	10660613	addi	x12,x12,262	 x12:0x40001000 x12=0x40001106
           2268	        11	80000088	30161073	csrrw	x0,misa,x12	 x12:0x40001106  x0=0x00000000
           2328	        14	8000008c	00026a97	auipc	x21,0x26	 x21=0x8002608c
           2408	        18	80000090	c58a8a93	addi	x21,x21,-936	 x21:0x8002608c x21=0x80025ce4
           2728	        34	80000094	00002617	auipc	x12,0x2	 x12=0x80002094
           2908	        43	80000098	66c60613	addi	x12,x12,1644	 x12:0x80002094 x12=0x80002700
           2948	        45	8000009c	00166613	ori	x12,x12,1	 x12:0x80002700 x12=0x80002701
           2968	        46	800000a0	30561073	csrrw	x0,mtvec,x12	 x12:0x80002701  x0=0x00000000
           3028	        49	800000a4	74725073	csrrwi	x0,0x747,4	  x0=0x00000000
           3088	        52	800000a8	00003397	auipc	x7,0x3	  x7=0x800030a8
           3108	        53	800000ac	40038393	addi	x7,x7,1024	  x7:0x800030a8  x7=0x800034a8
           3228	        59	800000b0	4601	c.li	x12,0	 x12=0x00000000
           3248	        60	800000b2	93b2	c.add	x7,x12	  x7:0x800034a8 x12:0x00000000  x7=0x800034a8
           3268	        61	800000b4	0023d393	srli	x7,x7,0x2	  x7:0x800034a8  x7=0x20000d2a
           3288	        62	800000b8	3b039073	csrrw	x0,pmpaddr0,x7	  x7:0x20000d2a  x0=0x00000000
           3388	        67	800000bc	00003397	auipc	x7,0x3	  x7=0x800030bc
           3868	        91	800000c0	3ec38393	addi	x7,x7,1004	  x7:0x800030bc  x7=0x800034a8
           4288	       112	800000c4	11111637	lui	x12,0x11111	 x12=0x11111000
           4408	       118	800000c8	11160613	addi	x12,x12,273	 x12:0x11111000 x12=0x11111111
           4428	       119	800000cc	93b2	c.add	x7,x12	  x7:0x800034a8 x12:0x11111111  x7=0x911145b9
           4448	       120	800000ce	0023d393	srli	x7,x7,0x2	  x7:0x911145b9  x7=0x2444516e
           4568	       126	800000d2	3b139073	csrrw	x0,pmpaddr1,x7	  x7:0x2444516e  x0=0x00000000
           4628	       129	800000d6	00003397	auipc	x7,0x3	  x7=0x800030d6
           4648	       130	800000da	3d238393	addi	x7,x7,978	  x7:0x800030d6  x7=0x800034a8
           5028	       149	800000de	22222637	lui	x12,0x22222	 x12=0x22222000
           5048	       150	800000e2	22260613	addi	x12,x12,546	 x12:0x22222000 x12=0x22222222
           5068	       151	800000e6	93b2	c.add	x7,x12	  x7:0x800034a8 x12:0x22222222  x7=0xa22256ca
           5088	       152	800000e8	0023d393	srli	x7,x7,0x2	  x7:0xa22256ca  x7=0x288895b2
           5108	       153	800000ec	3b239073	csrrw	x0,pmpaddr2,x7	  x7:0x288895b2  x0=0x00000000
           5168	       156	800000f0	00003397	auipc	x7,0x3	  x7=0x800030f0
           5188	       157	800000f4	3b838393	addi	x7,x7,952	  x7:0x800030f0  x7=0x800034a8
           5208	       158	800000f8	33333637	lui	x12,0x33333	 x12=0x33333000
           5308	       163	800000fc	33360613	addi	x12,x12,819	 x12:0x33333000 x12=0x33333333
           5508	       173	80000100	93b2	c.add	x7,x12	  x7:0x800034a8 x12:0x33333333  x7=0xb33367db
           5528	       174	80000102	0023d393	srli	x7,x7,0x2	  x7:0xb33367db  x7=0x2cccd9f6
           5548	       175	80000106	3b339073	csrrw	x0,pmpaddr3,x7	  x7:0x2cccd9f6  x0=0x00000000
           5648	       180	8000010a	0f0f13b7	lui	x7,0xf0f1	  x7=0x0f0f1000
           5828	       189	8000010e	f0f38393	addi	x7,x7,-241	  x7:0x0f0f1000  x7=0x0f0f0f0f
           6088	       202	80000112	3a039073	csrrw	x0,pmpcfg0,x7	  x7:0x0f0f0f0f  x0=0x00000000
           6148	       205	80000116	00003397	auipc	x7,0x3	  x7=0x80003116
           6168	       206	8000011a	39238393	addi	x7,x7,914	  x7:0x80003116  x7=0x800034a8
           6188	       207	8000011e	44444637	lui	x12,0x44444	 x12=0x44444000
           6208	       208	80000122	44460613	addi	x12,x12,1092	 x12:0x44444000 x12=0x44444444
           6228	       209	80000126	93b2	c.add	x7,x12	  x7:0x800034a8 x12:0x44444444  x7=0xc44478ec
           6628	       229	80000128	0023d393	srli	x7,x7,0x2	  x7:0xc44478ec  x7=0x31111e3b
           6648	       230	8000012c	3b439073	csrrw	x0,pmpaddr4,x7	  x7:0x31111e3b  x0=0x00000000
           6808	       238	80000130	00003397	auipc	x7,0x3	  x7=0x80003130
           6828	       239	80000134	37838393	addi	x7,x7,888	  x7:0x80003130  x7=0x800034a8
           6848	       240	80000138	55555637	lui	x12,0x55555	 x12=0x55555000
           6868	       241	8000013c	55560613	addi	x12,x12,1365	 x12:0x55555000 x12=0x55555555
           6948	       245	80000140	93b2	c.add	x7,x12	  x7:0x800034a8 x12:0x55555555  x7=0xd55589fd
           6988	       247	80000142	0023d393	srli	x7,x7,0x2	  x7:0xd55589fd  x7=0x3555627f
           7008	       248	80000146	3b539073	csrrw	x0,pmpaddr5,x7	  x7:0x3555627f  x0=0x00000000
           7068	       251	8000014a	00003397	auipc	x7,0x3	  x7=0x8000314a
           7088	       252	8000014e	35e38393	addi	x7,x7,862	  x7:0x8000314a  x7=0x800034a8
           7108	       253	80000152	66666637	lui	x12,0x66666	 x12=0x66666000
           7128	       254	80000156	66660613	addi	x12,x12,1638	 x12:0x66666000 x12=0x66666666
           7148	       255	8000015a	93b2	c.add	x7,x12	  x7:0x800034a8 x12:0x66666666  x7=0xe6669b0e
           7168	       256	8000015c	0023d393	srli	x7,x7,0x2	  x7:0xe6669b0e  x7=0x3999a6c3
           7348	       265	80000160	3b639073	csrrw	x0,pmpaddr6,x7	  x7:0x3999a6c3  x0=0x00000000
           7408	       268	80000164	00003397	auipc	x7,0x3	  x7=0x80003164
           7448	       270	80000168	34438393	addi	x7,x7,836	  x7:0x80003164  x7=0x800034a8
           7688	       282	8000016c	77777637	lui	x12,0x77777	 x12=0x77777000
           7708	       283	80000170	77760613	addi	x12,x12,1911	 x12:0x77777000 x12=0x77777777
           7888	       292	80000174	93b2	c.add	x7,x12	  x7:0x800034a8 x12:0x77777777  x7=0xf777ac1f
           7908	       293	80000176	0023d393	srli	x7,x7,0x2	  x7:0xf777ac1f  x7=0x3dddeb07
           7928	       294	8000017a	3b739073	csrrw	x0,pmpaddr7,x7	  x7:0x3dddeb07  x0=0x00000000
           8348	       315	8000017e	0f0f13b7	lui	x7,0xf0f1	  x7=0x0f0f1000
           8548	       325	80000182	f0f38393	addi	x7,x7,-241	  x7:0x0f0f1000  x7=0x0f0f0f0f
           8768	       336	80000186	3a139073	csrrw	x0,pmpcfg1,x7	  x7:0x0f0f0f0f  x0=0x00000000
           8828	       339	8000018a	00003397	auipc	x7,0x3	  x7=0x8000318a
           8988	       347	8000018e	31e38393	addi	x7,x7,798	  x7:0x8000318a  x7=0x800034a8
           9008	       348	80000192	88889637	lui	x12,0x88889	 x12=0x88889000
           9028	       349	80000196	88860613	addi	x12,x12,-1912	 x12:0x88889000 x12=0x88888888
           9048	       350	8000019a	93b2	c.add	x7,x12	  x7:0x800034a8 x12:0x88888888  x7=0x0888bd30
           9068	       351	8000019c	0023d393	srli	x7,x7,0x2	  x7:0x0888bd30  x7=0x02222f4c
           9148	       355	800001a0	3b839073	csrrw	x0,pmpaddr8,x7	  x7:0x02222f4c  x0=0x00000000
           9208	       358	800001a4	00003397	auipc	x7,0x3	  x7=0x800031a4
           9228	       359	800001a8	30438393	addi	x7,x7,772	  x7:0x800031a4  x7=0x800034a8
           9608	       378	800001ac	9999a637	lui	x12,0x9999a	 x12=0x9999a000
          10028	       399	800001b0	99960613	addi	x12,x12,-1639	 x12:0x9999a000 x12=0x99999999
          10048	       400	800001b4	93b2	c.add	x7,x12	  x7:0x800034a8 x12:0x99999999  x7=0x1999ce41
          10468	       421	800001b6	0023d393	srli	x7,x7,0x2	  x7:0x1999ce41  x7=0x06667390
          10888	       442	800001ba	3b939073	csrrw	x0,pmpaddr9,x7	  x7:0x06667390  x0=0x00000000
          10948	       445	800001be	00003397	auipc	x7,0x3	  x7=0x800031be
          10968	       446	800001c2	2ea38393	addi	x7,x7,746	  x7:0x800031be  x7=0x800034a8
          10988	       447	800001c6	aaaab637	lui	x12,0xaaaab	 x12=0xaaaab000
          11008	       448	800001ca	aaa60613	addi	x12,x12,-1366	 x12:0xaaaab000 x12=0xaaaaaaaa
          11028	       449	800001ce	93b2	c.add	x7,x12	  x7:0x800034a8 x12:0xaaaaaaaa  x7=0x2aaadf52
          11208	       458	800001d0	0023d393	srli	x7,x7,0x2	  x7:0x2aaadf52  x7=0x0aaab7d4
          11348	       465	800001d4	3ba39073	csrrw	x0,pmpaddr10,x7	  x7:0x0aaab7d4  x0=0x00000000
          11408	       468	800001d8	00003397	auipc	x7,0x3	  x7=0x800031d8
          11508	       473	800001dc	2d038393	addi	x7,x7,720	  x7:0x800031d8  x7=0x800034a8
          11528	       474	800001e0	bbbbc637	lui	x12,0xbbbbc	 x12=0xbbbbc000
          11948	       495	800001e4	bbb60613	addi	x12,x12,-1093	 x12:0xbbbbc000 x12=0xbbbbbbbb
          11968	       496	800001e8	93b2	c.add	x7,x12	  x7:0x800034a8 x12:0xbbbbbbbb  x7=0x3bbbf063
          11988	       497	800001ea	0023d393	srli	x7,x7,0x2	  x7:0x3bbbf063  x7=0x0eeefc18
          12008	       498	800001ee	3bb39073	csrrw	x0,pmpaddr11,x7	  x7:0x0eeefc18  x0=0x00000000
          12068	       501	800001f2	0f0f13b7	lui	x7,0xf0f1	  x7=0x0f0f1000
          12088	       502	800001f6	f0f38393	addi	x7,x7,-241	  x7:0x0f0f1000  x7=0x0f0f0f0f
          12348	       515	800001fa	3a239073	csrrw	x0,pmpcfg2,x7	  x7:0x0f0f0f0f  x0=0x00000000
          12408	       518	800001fe	00003397	auipc	x7,0x3	  x7=0x800031fe
          12788	       537	80000202	2aa38393	addi	x7,x7,682	  x7:0x800031fe  x7=0x800034a8
          12808	       538	80000206	ccccd637	lui	x12,0xccccd	 x12=0xccccd000
          12908	       543	8000020a	ccc60613	addi	x12,x12,-820	 x12:0xccccd000 x12=0xcccccccc
          12928	       544	8000020e	93b2	c.add	x7,x12	  x7:0x800034a8 x12:0xcccccccc  x7=0x4ccd0174
          12948	       545	80000210	0023d393	srli	x7,x7,0x2	  x7:0x4ccd0174  x7=0x1333405d
          12988	       547	80000214	3bc39073	csrrw	x0,pmpaddr12,x7	  x7:0x1333405d  x0=0x00000000
          13128	       554	80000218	00003397	auipc	x7,0x3	  x7=0x80003218
          13148	       555	8000021c	29038393	addi	x7,x7,656	  x7:0x80003218  x7=0x800034a8
          13348	       565	80000220	dddde637	lui	x12,0xdddde	 x12=0xdddde000
          13368	       566	80000224	ddd60613	addi	x12,x12,-547	 x12:0xdddde000 x12=0xdddddddd
          13468	       571	80000228	93b2	c.add	x7,x12	  x7:0x800034a8 x12:0xdddddddd  x7=0x5dde1285
          13488	       572	8000022a	0023d393	srli	x7,x7,0x2	  x7:0x5dde1285  x7=0x177784a1
          13508	       573	8000022e	3bd39073	csrrw	x0,pmpaddr13,x7	  x7:0x177784a1  x0=0x00000000
          13688	       582	80000232	00003397	auipc	x7,0x3	  x7=0x80003232
          13748	       585	80000236	27638393	addi	x7,x7,630	  x7:0x80003232  x7=0x800034a8
          13768	       586	8000023a	eeeef637	lui	x12,0xeeeef	 x12=0xeeeef000
          14188	       607	8000023e	eee60613	addi	x12,x12,-274	 x12:0xeeeef000 x12=0xeeeeeeee
          14208	       608	80000242	93b2	c.add	x7,x12	  x7:0x800034a8 x12:0xeeeeeeee  x7=0x6eef2396
          14228	       609	80000244	0023d393	srli	x7,x7,0x2	  x7:0x6eef2396  x7=0x1bbbc8e5
          14248	       610	80000248	3be39073	csrrw	x0,pmpaddr14,x7	  x7:0x1bbbc8e5  x0=0x00000000
          14308	       613	8000024c	00003397	auipc	x7,0x3	  x7=0x8000324c
          14328	       614	80000250	25c38393	addi	x7,x7,604	  x7:0x8000324c  x7=0x800034a8
          14368	       616	80000254	fff00613	addi	x12,x0,-1	  x0:0x00000000 x12=0xffffffff
          14388	       617	80000258	93b2	c.add	x7,x12	  x7:0x800034a8 x12:0xffffffff  x7=0x800034a7
          14408	       618	8000025a	0023d393	srli	x7,x7,0x2	  x7:0x800034a7  x7=0x20000d29
          14608	       628	8000025e	3bf39073	csrrw	x0,pmpaddr15,x7	  x7:0x20000d29  x0=0x00000000
          14668	       631	80000262	0f0f13b7	lui	x7,0xf0f1	  x7=0x0f0f1000
          14688	       632	80000266	f0f38393	addi	x7,x7,-241	  x7:0x0f0f1000  x7=0x0f0f0f0f
          14708	       633	8000026a	3a339073	csrrw	x0,pmpcfg3,x7	  x7:0x0f0f0f0f  x0=0x00000000
          14768	       636	8000026e	00000617	auipc	x12,0x0	 x12=0x8000026e
          14788	       637	80000272	05860613	addi	x12,x12,88	 x12:0x8000026e x12=0x800002c6
          14828	       639	80000276	34161073	csrrw	x0,mepc,x12	 x12:0x800002c6  x0=0x00000000
          14868	       641	8000027a	7c00d073	csrrwi	x0,0x7c0,1	  x0=0x00000000
          14928	       644	8000027e	6609	c.lui	x12,0x2	 x12=0x00002000
          14948	       645	80000280	80060613	addi	x12,x12,-2048	 x12:0x00002000 x12=0x00001800
          14968	       646	80000284	30061073	csrrw	x0,mstatus,x12	 x12:0x00001800  x0=0x00000000
          15028	       649	80000288	4601	c.li	x12,0	 x12=0x00000000
          15328	       664	8000028a	30461073	csrrw	x0,mie,x12	 x12:0x00000000  x0=0x00000000
          15748	       685	8000028e	90000cb7	lui	x25,0x90000	 x25=0x90000000
          15768	       686	80000292	1cf1	c.addi	x25,-4	 x25:0x90000000 x25=0x8ffffffc
          15968	       696	80000294	30000613	addi	x12,x0,768	  x0:0x00000000 x12=0x00000300
          15988	       697	80000298	0622	c.slli	x12,0x8	 x12:0x00000300 x12=0x00030000
          16008	       698	8000029a	060d	c.addi	x12,3	 x12:0x00030000 x12=0x00030003
          16588	       727	8000029c	00cca023	sw	x12,0(x25)	 x25:0x8ffffffc x12:0x00030003 PA:0x8ffffffc store:0x00030003
          16608	       728	800002a0	30002673	csrrs	x12,mstatus,x0	  x0:0x00000000 x12=0x00001800
          16728	       734	800002a4	00cca023	sw	x12,0(x25)	 x25:0x8ffffffc x12:0x00001800 PA:0x8ffffffc store:0x00001800
          16868	       741	800002a8	90000cb7	lui	x25,0x90000	 x25=0x90000000
          17288	       762	800002ac	1cf1	c.addi	x25,-4	 x25:0x90000000 x25=0x8ffffffc
          17308	       763	800002ae	30400613	addi	x12,x0,772	  x0:0x00000000 x12=0x00000304
          17328	       764	800002b2	0622	c.slli	x12,0x8	 x12:0x00000304 x12=0x00030400
          17728	       784	800002b4	060d	c.addi	x12,3	 x12:0x00030400 x12=0x00030403
          17908	       793	800002b6	00cca023	sw	x12,0(x25)	 x25:0x8ffffffc x12:0x00030403 PA:0x8ffffffc store:0x00030403
          17928	       794	800002ba	30402673	csrrs	x12,mie,x0	  x0:0x00000000 x12=0x00000000
          18188	       807	800002be	00cca023	sw	x12,0(x25)	 x25:0x8ffffffc x12:0x00000000 PA:0x8ffffffc store:0x00000000
          18448	       820	800002c2	30200073	mret	
          19088	       852	800002c6	fc538037	lui	x0,0xfc538	  x0=0x00000000
          19108	       853	800002ca	36700013	addi	x0,x0,871	  x0:0x00000000  x0=0x00000000
          19128	       854	800002ce	800000b7	lui	x1,0x80000	  x1=0x80000000
          19148	       855	800002d2	4101	c.li	x2,0	  x2=0x00000000
          19168	       856	800002d4	c34721b7	lui	x3,0xc3472	  x3=0xc3472000
          19588	       877	800002d8	2f918193	addi	x3,x3,761	  x3:0xc3472000  x3=0xc34722f9
          19608	       878	800002dc	80000237	lui	x4,0x80000	  x4=0x80000000
          19628	       879	800002e0	f77132b7	lui	x5,0xf7713	  x5=0xf7713000
          19648	       880	800002e4	e8b28293	addi	x5,x5,-373	  x5:0xf7713000  x5=0xf7712e8b
          19688	       882	800002e8	f3860337	lui	x6,0xf3860	  x6=0xf3860000
          19728	       884	800002ec	69930313	addi	x6,x6,1689	  x6:0xf3860000  x6=0xf3860699
          19768	       886	800002f0	43a9	c.li	x7,10	  x7=0x0000000a
          19788	       887	800002f2	f08e5437	lui	x8,0xf08e5	  x8=0xf08e5000
          19948	       895	800002f6	68040413	addi	x8,x8,1664	  x8:0xf08e5000  x8=0xf08e5680
          20088	       902	800002fa	f5ccc4b7	lui	x9,0xf5ccc	  x9=0xf5ccc000
          20108	       903	800002fe	0bf48493	addi	x9,x9,191	  x9:0xf5ccc000  x9=0xf5ccc0bf
          20128	       904	80000302	fa2d6537	lui	x10,0xfa2d6	 x10=0xfa2d6000
          20148	       905	80000306	82d50513	addi	x10,x10,-2003	 x10:0xfa2d6000 x10=0xfa2d582d
          20168	       906	8000030a	800005b7	lui	x11,0x80000	 x11=0x80000000
          20188	       907	8000030e	4621	c.li	x12,8	 x12=0x00000008
          20228	       909	80000310	db9ee6b7	lui	x13,0xdb9ee	 x13=0xdb9ee000
          20368	       916	80000314	04e68693	addi	x13,x13,78	 x13:0xdb9ee000 x13=0xdb9ee04e
          20388	       917	80000318	80000737	lui	x14,0x80000	 x14=0x80000000
          20688	       932	8000031c	fccd27b7	lui	x15,0xfccd2	 x15=0xfccd2000
          21048	       950	80000320	c9b78793	addi	x15,x15,-869	 x15:0xfccd2000 x15=0xfccd1c9b
          21068	       951	80000324	3b0f5837	lui	x16,0x3b0f5	 x16=0x3b0f5000
          21088	       952	80000328	87780813	addi	x16,x16,-1929	 x16:0x3b0f5000 x16=0x3b0f4877
          21228	       959	8000032c	c45788b7	lui	x17,0xc4578	 x17=0xc4578000
          21248	       960	80000330	e3888893	addi	x17,x17,-456	 x17:0xc4578000 x17=0xc4577e38
          21388	       967	80000334	4905	c.li	x18,1	 x18=0x00000001
          21408	       968	80000336	4991	c.li	x19,4	 x19=0x00000004
          21768	       986	80000338	4a01	c.li	x20,0	 x20=0x00000000
          21788	       987	8000033a	4b81	c.li	x23,0	 x23=0x00000000
          22108	      1003	8000033c	fad86c37	lui	x24,0xfad86	 x24=0xfad86000
          22148	      1005	80000340	d6cc0c13	addi	x24,x24,-660	 x24:0xfad86000 x24=0xfad85d6c
          22228	      1009	80000344	0c944cb7	lui	x25,0xc944	 x25=0x0c944000
          22248	      1010	80000348	102c8c93	addi	x25,x25,258	 x25:0x0c944000 x25=0x0c944102
          22268	      1011	8000034c	f280cd37	lui	x26,0xf280c	 x26=0xf280c000
          22708	      1033	80000350	a90d0d13	addi	x26,x26,-1392	 x26:0xf280c000 x26=0xf280ba90
          23008	      1048	80000354	4d81	c.li	x27,0	 x27=0x00000000
          23028	      1049	80000356	4e01	c.li	x28,0	 x28=0x00000000
          23348	      1065	80000358	fbd0deb7	lui	x29,0xfbd0d	 x29=0xfbd0d000
          23508	      1073	8000035c	2b2e8e93	addi	x29,x29,690	 x29:0xfbd0d000 x29=0xfbd0d2b2
          23528	      1074	80000360	80000f37	lui	x30,0x80000	 x30=0x80000000
          23948	      1095	80000364	f3103fb7	lui	x31,0xf3103	 x31=0xf3103000
          24368	      1116	80000368	308f8f93	addi	x31,x31,776	 x31:0xf3103000 x31=0xf3103308
          24528	      1124	8000036c	00022b17	auipc	x22,0x22	 x22=0x8002236c
          24568	      1126	80000370	af8b0b13	addi	x22,x22,-1288	 x22:0x8002236c x22=0x80021e64
          24988	      1147	80000374	90000cb7	lui	x25,0x90000	 x25=0x90000000
          25008	      1148	80000378	1cf1	c.addi	x25,-4	 x25:0x90000000 x25=0x8ffffffc
          25028	      1149	8000037a	4601	c.li	x12,0	 x12=0x00000000
          25048	      1150	8000037c	0622	c.slli	x12,0x8	 x12:0x00000000 x12=0x00000000
          25348	      1165	8000037e	00060613	addi	x12,x12,0	 x12:0x00000000 x12=0x00000000
          25408	      1168	80000382	00cca023	sw	x12,0(x25)	 x25:0x8ffffffc x12:0x00000000 PA:0x8ffffffc store:0x00000000
          25748	      1185	80000386	1220306f	jal	x0,800034a8	  x0=0x00000000
          27028	      1249	800034a8	01022933	slt	x18,x4,x16	  x4:0x80000000 x16:0x3b0f4877 x18=0x00000001
          27088	      1252	800034ac	1f18	c.addi4spn	x14,x2,944	 x14=0x000003b0
          27108	      1253	800034ae	8f91	c.sub	x15,x12	 x15:0xfccd1c9b x12:0x00000000 x15=0xfccd1c9b
          27288	      1262	800034b0	0000100f	fence.i	
          27648	      1280	800034b4	00dfee33	or	x28,x31,x13	 x31:0xf3103308 x13:0xdb9ee04e x28=0xfb9ef34e
          28468	      1321	800034b8	0251ceb3	div	x29,x3,x5	  x3:0xc34722f9  x5:0xf7712e8b x29=0x00000007
          34288	      1612	800034bc	00003417	auipc	x8,0x3	  x8=0x800064bc
          34308	      1613	800034c0	95640413	addi	x8,x8,-1706	  x8:0x800064bc  x8=0x80005e12
          34328	      1614	800034c4	c6d40413	addi	x8,x8,-915	  x8:0x80005e12  x8=0x80005a7f
          34348	      1615	800034c8	00518633	add	x12,x3,x5	  x3:0xc34722f9  x5:0xf7712e8b x12=0xbab85184
          34368	      1616	800034cc	0031c463	blt	x3,x3,800034d4	  x3:0xc34722f9  x3:0xc34722f9
          34628	      1629	800034d0	030238b3	mulhu	x17,x4,x16	  x4:0x80000000 x16:0x3b0f4877 x17=0x1d87a43b
          34948	      1645	800034d4	39440367	jalr	x6,916(x8)	  x8:0x80005a7f  x6=0x800034d8
          35488	      1672	80005e12	01a24663	blt	x4,x26,80005e1e	  x4:0x80000000 x26:0xf280ba90
          36068	      1701	80005e1e	1b31	c.addi	x22,-20	 x22:0x80021e64 x22=0x80021e50
          36268	      1711	80005e20	018768b3	or	x17,x14,x24	 x14:0x000003b0 x24:0xfad85d6c x17=0xfad85ffc
          36288	      1712	80005e24	0001	c.addi	x0,0	  x0:0x00000000  x0=0x00000000
          36348	      1715	80005e26	006b2223	sw	x6,4(x22)	 x22:0x80021e50  x6:0x800034d8 PA:0x80021e54 store:0x800034d8
          36368	      1716	80005e2a	8e91	c.sub	x13,x12	 x13:0xdb9ee04e x12:0xbab85184 x13=0x20e68eca
          36388	      1717	80005e2c	340029f3	csrrs	x19,mscratch,x0	  x0:0x00000000 x19=0x00000000
          36408	      1718	80005e30	9efa	c.add	x29,x30	 x29:0x00000007 x30:0x80000000 x29=0x80000007
          36428	      1719	80005e32	40385cb3	sra	x25,x16,x3	 x16:0x3b0f4877  x3:0xc34722f9 x25=0x0000001d
          36448	      1720	80005e36	8d39	c.xor	x10,x14	 x10:0xfa2d582d x14:0x000003b0 x10=0xfa2d5b9d
          36488	      1722	80005e38	340a1773	csrrw	x14,mscratch,x20	 x20:0x00000000 x14=0x00000000
          36688	      1732	80005e3c	85c1	c.srai	x11,0x10	 x11:0x80000000 x11=0xffff8000
          36708	      1733	80005e3e	34037073	csrrci	x0,mscratch,6	  x0=0x00000000
          36728	      1734	80005e42	8339	c.srli	x14,0xe	 x14:0x00000000 x14=0x00000000
          36848	      1740	80005e44	d4082b97	auipc	x23,0xd4082	 x23=0x54087e44
          36908	      1743	80005e48	cd15	c.beqz	x10,80005e84	 x10:0xfa2d5b9d
          36928	      1744	80005e4a	c085	c.beqz	x9,80005e6a	  x9:0xf5ccc0bf
          37148	      1755	80005e4c	340adc73	csrrwi	x24,mscratch,21	 x24=0x00000000
          37248	      1760	80005e50	0152e333	or	x6,x5,x21	  x5:0xf7712e8b x21:0x80025ce4  x6=0xf7737eef
          37668	      1781	80005e54	01b11a13	slli	x20,x2,0x1b	  x2:0x00000000 x20=0x00000000
          37688	      1782	80005e58	85e9	c.srai	x11,0x1a	 x11:0xffff8000 x11=0xffffffff
          37808	      1788	80005e5a	3b163413	sltiu	x8,x12,945	 x12:0xbab85184  x8=0x00000000
          38008	      1798	80005e5e	004c4433	xor	x8,x24,x4	 x24:0x00000000  x4:0x80000000  x8=0x80000000
          38168	      1806	80005e62	00f08463	beq	x1,x15,80005e6a	  x1:0x80000000 x15:0xfccd1c9b
          38188	      1807	80005e66	002a5893	srli	x17,x20,0x2	 x20:0x00000000 x17=0x00000000
          38388	      1817	80005e6a	0175c433	xor	x8,x11,x23	 x11:0xffffffff x23:0x54087e44  x8=0xabf781bb
          39288	      1862	80005e6e	02a85fb3	divu	x31,x16,x10	 x16:0x3b0f4877 x10:0xfa2d5b9d x31=0x00000000
          39308	      1863	80005e72	01e9d2b3	srl	x5,x19,x30	 x19:0x00000000 x30:0x80000000  x5=0x00000000
          39328	      1864	80005e76	01f79b63	bne	x15,x31,80005e8c	 x15:0xfccd1c9b x31:0x00000000
          39428	      1869	80005e8c	7583c613	xori	x12,x7,1880	  x7:0x0000000a x12=0x00000752
          39628	      1879	80005e90	0ff0000f	fence	iorw,iorw	
          39808	      1888	80005e94	01041563	bne	x8,x16,80005e9e	  x8:0xabf781bb x16:0x3b0f4877
          40308	      1913	80005e9e	851d	c.srai	x10,0x7	 x10:0xfa2d5b9d x10=0xfff45ab7
          41068	      1951	80005ea0	02c660b3	rem	x1,x12,x12	 x12:0x00000752 x12:0x00000752  x1=0x00000000
          41808	      1988	80005ea4	026352b3	divu	x5,x6,x6	  x6:0xf7737eef  x6:0xf7737eef  x5=0x00000001
          42548	      2025	80005ea8	02997133	remu	x2,x18,x9	 x18:0x00000001  x9:0xf5ccc0bf  x2=0x00000001
          42568	      2026	80005eac	01fe4663	blt	x28,x31,80005eb8	 x28:0xfb9ef34e x31:0x00000000
          42608	      2028	80005eb8	0ff0000f	fence	iorw,iorw	
          42628	      2029	80005ebc	6dcd	c.lui	x27,0x13	 x27=0x00013000
          43068	      2051	80005ebe	ddb7a513	slti	x10,x15,-549	 x15:0xfccd1c9b x10=0x00000001
          43188	      2057	80005ec2	010a1e93	slli	x29,x20,0x10	 x20:0x00000000 x29=0x00000000
          43208	      2058	80005ec6	023d0433	mul	x8,x26,x3	 x26:0xf280ba90  x3:0xc34722f9  x8=0x65ec9610
          43228	      2059	80005eca	0496	c.slli	x9,0x5	  x9:0xf5ccc0bf  x9=0xb99817e0
          43268	      2061	80005ecc	0317e1b3	rem	x3,x15,x17	 x15:0xfccd1c9b x17:0x00000000  x3=0xfccd1c9b
          43628	      2079	80005ed0	2b55bf13	sltiu	x30,x11,693	 x11:0xffffffff x30=0x00000000
          43708	      2083	80005ed4	38218493	addi	x9,x3,898	  x3:0xfccd1c9b  x9=0xfccd201d
          43728	      2084	80005ed8	00d24733	xor	x14,x4,x13	  x4:0x80000000 x13:0x20e68eca x14=0xa0e68eca
          43748	      2085	80005edc	8cb2	c.mv	x25,x12	  x0:0x00000000 x12:0x00000752 x25=0x00000752
          43928	      2094	80005ede	01777433	and	x8,x14,x23	 x14:0xa0e68eca x23:0x54087e44  x8=0x00000e40
          44088	      2102	80005ee2	340561f3	csrrsi	x3,mscratch,10	  x3=0x00000015
          44108	      2103	80005ee6	8ed9	c.or	x13,x14	 x13:0x20e68eca x14:0xa0e68eca x13=0xa0e68eca
          44488	      2122	80005ee8	0033e4b3	or	x9,x7,x3	  x7:0x0000000a  x3:0x00000015  x9=0x0000001f
          44528	      2124	80005eec	71e1e413	ori	x8,x3,1822	  x3:0x00000015  x8=0x0000071f
          44668	      2131	80005ef0	6d49	c.lui	x26,0x12	 x26=0x00012000
          45448	      2170	80005ef2	02c9d933	divu	x18,x19,x12	 x19:0x00000000 x12:0x00000752 x18=0x00000000
          45488	      2172	80005ef6	038de7b3	rem	x15,x27,x24	 x27:0x00013000 x24:0x00000000 x15=0x00013000
          45508	      2173	80005efa	8625	c.srai	x12,0x9	 x12:0x00000752 x12=0x00000003
          45528	      2174	80005efc	4152d113	srai	x2,x5,0x15	  x5:0x00000001  x2=0x00000000
          45548	      2175	80005f00	0169d0b3	srl	x1,x19,x22	 x19:0x00000000 x22:0x80021e50  x1=0x00000000
          45568	      2176	80005f04	4136be93	sltiu	x29,x13,1043	 x13:0xa0e68eca x29=0x00000000
          45588	      2177	80005f08	404e5613	srai	x12,x28,0x4	 x28:0xfb9ef34e x12=0xffb9ef34
          45608	      2178	80005f0c	8c35	c.xor	x8,x13	  x8:0x0000071f x13:0xa0e68eca  x8=0xa0e689d5
          45808	      2188	80005f0e	01a41563	bne	x8,x26,80005f18	  x8:0xa0e689d5 x26:0x00012000
          46008	      2198	80005f18	8ee9	c.and	x13,x10	 x13:0xa0e68eca x10:0x00000001 x13=0x00000000
          46348	      2215	80005f1a	01581c13	slli	x24,x16,0x15	 x16:0x3b0f4877 x24=0x0ee00000
          46748	      2235	80005f1e	040c7163	bgeu	x24,x0,80005f60	 x24:0x0ee00000  x0:0x00000000
          47388	      2267	80005f60	02835063	bge	x6,x8,80005f80	  x6:0xf7737eef  x8:0xa0e689d5
          48268	      2311	80005f80	6465	c.lui	x8,0x19	  x8=0x00019000
          48688	      2332	80005f82	022a0a63	beq	x20,x2,80005fb6	 x20:0x00000000  x2:0x00000000
          50548	      2425	80005fb6	01571313	slli	x6,x14,0x15	 x14:0xa0e68eca  x6=0xd9400000
          50568	      2426	80005fba	8fb1	c.xor	x15,x12	 x15:0x00013000 x12:0xffb9ef34 x15=0xffb8df34
          50588	      2427	80005fbc	8127a193	slti	x3,x15,-2030	 x15:0xffb8df34  x3=0x00000001
          50768	      2436	80005fc0	01547db3	and	x27,x8,x21	  x8:0x00019000 x21:0x80025ce4 x27=0x00001000
          50788	      2437	80005fc4	018e4263	blt	x28,x24,80005fc8	 x28:0xfb9ef34e x24:0x0ee00000
          51428	      2469	80005fc8	010520b3	slt	x1,x10,x16	 x10:0x00000001 x16:0x3b0f4877  x1=0x00000001
          51548	      2475	80005fcc	6ced	c.lui	x25,0x1b	 x25=0x0001b000
          51568	      2476	80005fce	8f19	c.sub	x14,x14	 x14:0xa0e68eca x14:0xa0e68eca x14=0x00000000
          51668	      2481	80005fd0	8522	c.mv	x10,x8	  x0:0x00000000  x8:0x00019000 x10=0x00019000
          51688	      2482	80005fd2	0106c563	blt	x13,x16,80005fdc	 x13:0x00000000 x16:0x3b0f4877
          52568	      2526	80005fdc	8d59	c.or	x10,x14	 x10:0x00019000 x14:0x00000000 x10=0x00019000
          52728	      2534	80005fde	24d3e513	ori	x10,x7,589	  x7:0x0000000a x10=0x0000024f
          52748	      2535	80005fe2	0704	c.addi4spn	x9,x2,896	  x9=0x00000380
          52768	      2536	80005fe4	0001	c.addi	x0,0	  x0:0x00000000  x0=0x00000000
          52788	      2537	80005fe6	717d	c.addi16sp	x2,-16	  x2:0x00000000  x2=0xfffffff0
          53168	      2556	80005fe8	ef51a993	slti	x19,x3,-267	  x3:0x00000001 x19=0x00000000
          53188	      2557	80005fec	8465	c.srai	x8,0x19	  x8:0x00019000  x8=0x00000000
          53208	      2558	80005fee	0162ba33	sltu	x20,x5,x22	  x5:0x00000001 x22:0x80021e50 x20=0x00000001
          53228	      2559	80005ff2	015fceb3	xor	x29,x31,x21	 x31:0x00000000 x21:0x80025ce4 x29=0x80025ce4
          53248	      2560	80005ff6	581f8f13	addi	x30,x31,1409	 x31:0x00000000 x30=0x00000581
          53268	      2561	80005ffa	1a94	c.addi4spn	x13,x2,368	 x13=0x00000160
          53288	      2562	80005ffc	00e05d63	bge	x0,x14,80006016	  x0:0x00000000 x14:0x00000000
          54288	      2612	80006016	6300436f	jal	x6,8000a646	  x6=0x8000601a
          55068	      2651	8000a646	01d8e963	bltu	x17,x29,8000a658	 x17:0x00000000 x29:0x80025ce4
          55308	      2663	8000a658	fd8b0b13	addi	x22,x22,-40	 x22:0x80021e50 x22=0x80021e28
          55488	      2672	8000a65c	00f434b3	sltu	x9,x8,x15	  x8:0x00000000 x15:0xffb8df34  x9=0x00000001
          55728	      2684	8000a660	006b2223	sw	x6,4(x22)	 x22:0x80021e28  x6:0x8000601a PA:0x80021e2c store:0x8000601a
          55828	      2689	8000a664	0000100f	fence.i	
          56528	      2724	8000a668	8cb5	c.xor	x9,x13	  x9:0x00000001 x13:0x00000160  x9=0x00000161
          56548	      2725	8000a66a	001c79b3	and	x19,x24,x1	 x24:0x0ee00000  x1:0x00000001 x19=0x00000000
          57688	      2782	8000a66e	024d4433	div	x8,x26,x4	 x26:0x00012000  x4:0x80000000  x8=0x00000000
          57708	      2783	8000a672	6da5	c.lui	x27,0x9	 x27=0x00009000
          57728	      2784	8000a674	8cc1	c.or	x9,x8	  x9:0x00000161  x8:0x00000000  x9=0x00000161
          57748	      2785	8000a676	0734bc93	sltiu	x25,x9,115	  x9:0x00000161 x25=0x00000000
          57768	      2786	8000a67a	0232	c.slli	x4,0xc	  x4:0x80000000  x4=0x00000000
          57788	      2787	8000a67c	0001	c.addi	x0,0	  x0:0x00000000  x0=0x00000000
          57808	      2788	8000a67e	00067eb3	and	x29,x12,x0	 x12:0xffb9ef34  x0:0x00000000 x29=0x00000000
          57828	      2789	8000a682	faa48213	addi	x4,x9,-86	  x9:0x00000161  x4=0x0000010b
          57908	      2793	8000a686	2ccfe013	ori	x0,x31,716	 x31:0x00000000  x0=0x00000000
          58228	      2809	8000a68a	0096fe63	bgeu	x13,x9,8000a6a6	 x13:0x00000160  x9:0x00000161
          58248	      2810	8000a68e	00538563	beq	x7,x5,8000a698	  x7:0x0000000a  x5:0x00000001
          58268	      2811	8000a692	167d	c.addi	x12,-1	 x12:0xffb9ef34 x12=0xffb9ef33
          58288	      2812	8000a694	3402f4f3	csrrci	x9,mscratch,5	  x9=0x0000001f
          58388	      2817	8000a698	011d7963	bgeu	x26,x17,8000a6aa	 x26:0x00012000 x17:0x00000000
          59628	      2879	8000a6aa	76716213	ori	x4,x2,1895	  x2:0xfffffff0  x4=0xfffffff7
          59648	      2880	8000a6ae	8cf5	c.and	x9,x13	  x9:0x0000001f x13:0x00000160  x9=0x00000000
          59768	      2886	8000a6b0	01a8c333	xor	x6,x17,x26	 x17:0x00000000 x26:0x00012000  x6=0x00012000
          59788	      2887	8000a6b4	01989b63	bne	x17,x25,8000a6ca	 x17:0x00000000 x25:0x00000000
          59808	      2888	8000a6b8	02368a33	mul	x20,x13,x3	 x13:0x00000160  x3:0x00000001 x20=0x00000160
          59828	      2889	8000a6bc	340ce5f3	csrrsi	x11,mscratch,25	 x11=0x0000001a
          59848	      2890	8000a6c0	02d1c063	blt	x3,x13,8000a6e0	  x3:0x00000001 x13:0x00000160
          60068	      2901	8000a6e0	0001	c.addi	x0,0	  x0:0x00000000  x0=0x00000000
          60248	      2910	8000a6e2	01b36533	or	x10,x6,x27	  x6:0x00012000 x27:0x00009000 x10=0x0001b000
          60268	      2911	8000a6e6	0000100f	fence.i	
          60428	      2919	8000a6ea	c331	c.beqz	x14,8000a72e	 x14:0x00000000
          60948	      2945	8000a72e	d21cb593	sltiu	x11,x25,-735	 x25:0x00000000 x11=0x00000001
          60968	      2946	8000a732	0001	c.addi	x0,0	  x0:0x00000000  x0=0x00000000
          61108	      2953	8000a734	6575	c.lui	x10,0x1d	 x10=0x0001d000
          61128	      2954	8000a736	01fc3633	sltu	x12,x24,x31	 x24:0x0ee00000 x31:0x00000000 x12=0x00000000
          61548	      2975	8000a73a	34002773	csrrs	x14,mscratch,x0	  x0:0x00000000 x14=0x0000001b
          61568	      2976	8000a73e	07be	c.slli	x15,0xf	 x15:0xffb8df34 x15=0x6f9a0000
          61628	      2979	8000a740	401dd0b3	sra	x1,x27,x1	 x27:0x00009000  x1:0x00000001  x1=0x00004800
          62048	      3000	8000a744	8aa5	c.andi	x13,9	 x13:0x00000160 x13=0x00000000
          62068	      3001	8000a746	34007073	csrrci	x0,mscratch,0	  x0=0x00000000
          62088	      3002	8000a74a	d6888893	addi	x17,x17,-664	 x17:0x00000000 x17=0xfffffd68
          62148	      3005	8000a74e	02683633	mulhu	x12,x16,x6	 x16:0x3b0f4877  x6:0x00012000 x12=0x00004271
          62208	      3008	8000a752	8323a913	slti	x18,x7,-1998	  x7:0x0000000a x18=0x00000000
          62228	      3009	8000a756	403358b3	sra	x17,x6,x3	  x6:0x00012000  x3:0x00000001 x17=0x00009000
          62648	      3030	8000a75a	40f70133	sub	x2,x14,x15	 x14:0x0000001b x15:0x6f9a0000  x2=0x9066001b
          62668	      3031	8000a75e	09f5	c.addi	x19,29	 x19:0x00000000 x19=0x0000001d
          62828	      3039	8000a760	12fd	c.addi	x5,-1	  x5:0x00000001  x5=0x00000000
          62848	      3040	8000a762	8c1d	c.sub	x8,x15	  x8:0x00000000 x15:0x6f9a0000  x8=0x90660000
          62868	      3041	8000a764	8029	c.srli	x8,0xa	  x8:0x90660000  x8=0x00241980
          62888	      3042	8000a766	8b3d	c.andi	x14,15	 x14:0x0000001b x14=0x0000000b
          62988	      3047	8000a768	0000100f	fence.i	
          63108	      3053	8000a76c	007a1c33	sll	x24,x20,x7	 x20:0x00000160  x7:0x0000000a x24=0x00058000
          63128	      3054	8000a770	8f49	c.or	x14,x10	 x14:0x0000000b x10:0x0001d000 x14=0x0001d00b
          63328	      3064	8000a772	00339893	slli	x17,x7,0x3	  x7:0x0000000a x17=0x00000050
          63788	      3087	8000a776	34072df3	csrrs	x27,mscratch,x14	 x14:0x0001d00b x27=0x0000001b
          63808	      3088	8000a77a	6369	c.lui	x6,0x1a	  x6=0x0001a000
          63828	      3089	8000a77c	0001	c.addi	x0,0	  x0:0x00000000  x0=0x00000000
          63848	      3090	8000a77e	0001	c.addi	x0,0	  x0:0x00000000  x0=0x00000000
          63868	      3091	8000a780	031b1b63	bne	x22,x17,8000a7b6	 x22:0x80021e28 x17:0x00000050
          64748	      3135	8000a7b6	2f0cf693	andi	x13,x25,752	 x25:0x00000000 x13=0x00000000
          65148	      3155	8000a7ba	03e2b633	mulhu	x12,x5,x30	  x5:0x00000000 x30:0x00000581 x12=0x00000000
          65168	      3156	8000a7be	34009273	csrrw	x4,mscratch,x1	  x1:0x00004800  x4=0x0001d01b
          65188	      3157	8000a7c2	0001	c.addi	x0,0	  x0:0x00000000  x0=0x00000000
          65368	      3166	8000a7c4	03ce3eb3	mulhu	x29,x28,x28	 x28:0xfb9ef34e x28:0xfb9ef34e x29=0xf75113cc
          65768	      3186	8000a7c8	89d6	c.mv	x19,x21	  x0:0x00000000 x21:0x80025ce4 x19=0x80025ce4
          65788	      3187	8000a7ca	408886b3	sub	x13,x17,x8	 x17:0x00000050  x8:0x00241980 x13=0xffdbe6d0
          66128	      3204	8000a7ce	bdd87613	andi	x12,x16,-1059	 x16:0x3b0f4877 x12=0x3b0f4855
          66908	      3243	8000a7d2	0246c8b3	div	x17,x13,x4	 x13:0xffdbe6d0  x4:0x0001d01b x17=0xffffffed
          66928	      3244	8000a7d6	4085d113	srai	x2,x11,0x8	 x11:0x00000001  x2=0x00000000
          66968	      3246	8000a7da	03b130b3	mulhu	x1,x2,x27	  x2:0x00000000 x27:0x0000001b  x1=0x00000000
          66988	      3247	8000a7de	828d	c.srli	x13,0x3	 x13:0xffdbe6d0 x13=0x1ffb7cda
          67008	      3248	8000a7e0	01011d93	slli	x27,x2,0x10	  x2:0x00000000 x27=0x00000000
          67048	      3250	8000a7e4	03ba4233	div	x4,x20,x27	 x20:0x00000160 x27:0x00000000  x4=0xffffffff
          67068	      3251	8000a7e8	01d1f4b3	and	x9,x3,x29	  x3:0x00000001 x29:0xf75113cc  x9=0x00000000
          67088	      3252	8000a7ec	34069573	csrrw	x10,mscratch,x13	 x13:0x1ffb7cda x10=0x00004800
          67288	      3262	8000a7f0	02d2bfb3	mulhu	x31,x5,x13	  x5:0x00000000 x13:0x1ffb7cda x31=0x00000000
          67308	      3263	8000a7f4	0f1c	c.addi4spn	x15,x2,912	 x15=0x00000390
          67448	      3270	8000a7f6	389e4e13	xori	x28,x28,905	 x28:0xfb9ef34e x28=0xfb9ef0c7
          67608	      3278	8000a7fa	1a74d5b7	lui	x11,0x1a74d	 x11=0x1a74d000
          67808	      3288	8000a7fe	01ba6933	or	x18,x20,x27	 x20:0x00000160 x27:0x00000000 x18=0x00000160
          67828	      3289	8000a802	1ffd	c.addi	x31,-1	 x31:0x00000000 x31=0xffffffff
          67908	      3293	8000a804	ec26ce93	xori	x29,x13,-318	 x13:0x1ffb7cda x29=0xe0048218
          67928	      3294	8000a808	40deda13	srai	x20,x29,0xd	 x29:0xe0048218 x20=0xffff0024
          67988	      3297	8000a80c	34071873	csrrw	x16,mscratch,x14	 x14:0x0001d00b x16=0x1ffb7cda
          68008	      3298	8000a810	04565163	bge	x12,x5,8000a852	 x12:0x3b0f4855  x5:0x00000000
          68088	      3302	8000a852	41505b93	srai	x23,x0,0x15	  x0:0x00000000 x23=0x00000000
          68288	      3312	8000a856	047d1063	bne	x26,x7,8000a896	 x26:0x00012000  x7:0x0000000a
          68928	      3344	8000a896	00f45c63	bge	x8,x15,8000a8ae	  x8:0x00241980 x15:0x00000390
          69468	      3371	8000a8ae	00929f63	bne	x5,x9,8000a8cc	  x5:0x00000000  x9:0x00000000
          69488	      3372	8000a8b2	8ecd	c.or	x13,x11	 x13:0x1ffb7cda x11:0x1a74d000 x13=0x1ffffcda
          69888	      3392	8000a8b4	8509	c.srai	x10,0x2	 x10:0x00004800 x10=0x00001200
          69908	      3393	8000a8b6	02e8e263	bltu	x17,x14,8000a8da	 x17:0xffffffed x14:0x0001d00b
          69928	      3394	8000a8ba	34075cf3	csrrwi	x25,mscratch,14	 x25=0x0001d00b
          70228	      3409	8000a8be	b9e06f93	ori	x31,x0,-1122	  x0:0x00000000 x31=0xfffffb9e
          70248	      3410	8000a8c2	013bd1b3	srl	x3,x23,x19	 x23:0x00000000 x19:0x80025ce4  x3=0x00000000
          70368	      3416	8000a8c6	00289493	slli	x9,x17,0x2	 x17:0xffffffed  x9=0xffffffb4
          70388	      3417	8000a8ca	137d	c.addi	x6,-1	  x6:0x0001a000  x6=0x00019fff
          70408	      3418	8000a8cc	805ee513	ori	x10,x29,-2043	 x29:0xe0048218 x10=0xfffffa1d
          70568	      3426	8000a8d0	717d	c.addi16sp	x2,-16	  x2:0x00000000  x2=0xfffffff0
          70588	      3427	8000a8d2	5cfd	c.li	x25,-1	 x25=0xffffffff
          70828	      3439	8000a8d4	1910	c.addi4spn	x12,x2,176	 x12=0x000000a0
          70908	      3443	8000a8d6	00c98f63	beq	x19,x12,8000a8f4	 x19:0x80025ce4 x12:0x000000a0
          71328	      3464	8000a8da	41b85fb3	sra	x31,x16,x27	 x16:0x1ffb7cda x27:0x00000000 x31=0x1ffb7cda
          71368	      3466	8000a8de	00ccd5b3	srl	x11,x25,x12	 x25:0xffffffff x12:0x000000a0 x11=0xffffffff
          71388	      3467	8000a8e2	0476	c.slli	x8,0x1d	  x8:0x00241980  x8=0x00000000
          71408	      3468	8000a8e4	cd95	c.beqz	x11,8000a920	 x11:0xffffffff
          71448	      3470	8000a8e6	ebb9e817	auipc	x16,0xebb9e	 x16=0x6bba88e6
          71468	      3471	8000a8ea	8c35	c.xor	x8,x13	  x8:0x00000000 x13:0x1ffffcda  x8=0x1ffffcda
          71588	      3477	8000a8ec	00e2ee33	or	x28,x5,x14	  x5:0x00000000 x14:0x0001d00b x28=0x0001d00b
          71688	      3482	8000a8f0	02ae01b3	mul	x3,x28,x10	 x28:0x0001d00b x10:0xfffffa1d  x3=0xf5544f3f
          72088	      3502	8000a8f4	34007573	csrrci	x10,mscratch,0	 x10=0x0000000e
          72208	      3508	8000a8f8	34002273	csrrs	x4,mscratch,x0	  x0:0x00000000  x4=0x0000000e
          72388	      3517	8000a8fc	0105c9b3	xor	x19,x11,x16	 x11:0xffffffff x16:0x6bba88e6 x19=0x94457719
          72548	      3525	8000a900	82e2	c.mv	x5,x24	  x0:0x00000000 x24:0x00058000  x5=0x00058000
          74628	      3629	8000a902	4f723c97	auipc	x25,0x4f723	 x25=0xcf72d902
          74648	      3630	8000a906	34051373	csrrw	x6,mscratch,x10	 x10:0x0000000e  x6=0x0000000e
          74668	      3631	8000a90a	05f26463	bltu	x4,x31,8000a952	  x4:0x0000000e x31:0x1ffb7cda
          75688	      3682	8000a952	00139593	slli	x11,x7,0x1	  x7:0x0000000a x11=0x00000014
          75708	      3683	8000a956	00cab2b3	sltu	x5,x21,x12	 x21:0x80025ce4 x12:0x000000a0  x5=0x00000000
          75728	      3684	8000a95a	856b2893	slti	x17,x22,-1962	 x22:0x80021e28 x17=0x00000001
          75748	      3685	8000a95e	8acd	c.andi	x13,19	 x13:0x1ffffcda x13=0x00000012
          75768	      3686	8000a960	040a1063	bne	x20,x0,8000a9a0	 x20:0xffff0024  x0:0x00000000
          76068	      3701	8000a9a0	8ca1	c.xor	x9,x8	  x9:0xffffffb4  x8:0x1ffffcda  x9=0xe000036e
          76088	      3702	8000a9a2	157d	c.addi	x10,-1	 x10:0x0000000e x10=0x0000000d
          76108	      3703	8000a9a4	117d	c.addi	x2,-1	  x2:0xfffffff0  x2=0xffffffef
          76128	      3704	8000a9a6	3f512313	slti	x6,x2,1013	  x2:0xffffffef  x6=0x00000001
          76148	      3705	8000a9aa	02a11a63	bne	x2,x10,8000a9de	  x2:0xffffffef x10:0x0000000d
          76668	      3731	8000a9de	85d2	c.mv	x11,x20	  x0:0x00000000 x20:0xffff0024 x11=0xffff0024
          76708	      3733	8000a9e0	00feb5b3	sltu	x11,x29,x15	 x29:0xe0048218 x15:0x00000390 x11=0x00000000
          76728	      3734	8000a9e4	b049a613	slti	x12,x19,-1276	 x19:0x94457719 x12=0x00000001
          76748	      3735	8000a9e8	0141a6b3	slt	x13,x3,x20	  x3:0xf5544f3f x20:0xffff0024 x13=0x00000001
          76768	      3736	8000a9ec	01806733	or	x14,x0,x24	  x0:0x00000000 x24:0x00058000 x14=0x00058000
          76788	      3737	8000a9f0	008cb033	sltu	x0,x25,x8	 x25:0xcf72d902  x8:0x1ffffcda  x0=0x00000000
          77208	      3758	8000a9f4	01919263	bne	x3,x25,8000a9f8	  x3:0xf5544f3f x25:0xcf72d902
          78048	      3800	8000a9f8	0325b9b3	mulhu	x19,x11,x18	 x11:0x00000000 x18:0x00000160 x19=0x00000000
          78068	      3801	8000a9fc	340be8f3	csrrsi	x17,mscratch,23	 x17=0x0000000e
          78088	      3802	8000aa00	04447263	bgeu	x8,x4,8000aa44	  x8:0x1ffffcda  x4:0x0000000e
          78528	      3824	8000aa44	4028dd93	srai	x27,x17,0x2	 x17:0x0000000e x27=0x00000003
          78748	      3835	8000aa48	2f24ec93	ori	x25,x9,754	  x9:0xe000036e x25=0xe00003fe
          78928	      3844	8000aa4c	0164ed33	or	x26,x9,x22	  x9:0xe000036e x22:0x80021e28 x26=0xe0021f6e
          78968	      3846	8000aa50	9732	c.add	x14,x12	 x14:0x00058000 x12:0x00000001 x14=0x00058001
          79388	      3867	8000aa52	41d7d833	sra	x16,x15,x29	 x15:0x00000390 x29:0xe0048218 x16=0x00000000
          79408	      3868	8000aa56	8e3d	c.xor	x12,x15	 x12:0x00000001 x15:0x00000390 x12=0x00000391
          79748	      3885	8000aa58	007f9f63	bne	x31,x7,8000aa76	 x31:0x1ffb7cda  x7:0x0000000a
          80528	      3924	8000aa76	54d66017	auipc	x0,0x54d66	  x0=0x00000000
          80968	      3946	8000aa7a	03282d33	mulhsu	x26,x16,x18	 x16:0x00000000 x18:0x00000160 x26=0x00000000
          80988	      3947	8000aa7e	971e	c.add	x14,x7	 x14:0x00058001  x7:0x0000000a x14=0x0005800b
          81088	      3952	8000aa80	845a	c.mv	x8,x22	  x0:0x00000000 x22:0x80021e28  x8=0x80021e28
          81108	      3953	8000aa82	8e0a	c.mv	x28,x2	  x0:0x00000000  x2:0xffffffef x28=0xffffffef
          81288	      3962	8000aa84	3407b973	csrrc	x18,mscratch,x15	 x15:0x00000390 x18=0x0000001f
          81568	      3976	8000aa88	49dab313	sltiu	x6,x21,1181	 x21:0x80025ce4  x6=0x00000000
          81768	      3986	8000aa8c	340069f3	csrrsi	x19,mscratch,0	 x19=0x0000000f
          81888	      3992	8000aa90	031925b3	mulhsu	x11,x18,x17	 x18:0x0000001f x17:0x0000000e x11=0x00000000
          82008	      3998	8000aa94	0095ddb3	srl	x27,x11,x9	 x11:0x00000000  x9:0xe000036e x27=0x00000000
          82048	      4000	8000aa98	03421933	mulh	x18,x4,x20	  x4:0x0000000e x20:0xffff0024 x18=0xffffffff
          82068	      4001	8000aa9c	639a9097	auipc	x1,0x639a9	  x1=0xe39b3a9c
          82168	      4006	8000aaa0	8b15	c.andi	x14,5	 x14:0x0005800b x14=0x00000001
          82188	      4007	8000aaa2	8d5c6b93	ori	x23,x24,-1835	 x24:0x00058000 x23=0xfffff8d5
          82208	      4008	8000aaa6	008fb4b3	sltu	x9,x31,x8	 x31:0x1ffb7cda  x8:0x80021e28  x9=0x00000001
          82228	      4009	8000aaaa	0001	c.addi	x0,0	  x0:0x00000000  x0=0x00000000
          82388	      4017	8000aaac	3407f473	csrrci	x8,mscratch,15	  x8=0x0000000f
          82508	      4023	8000aab0	4075df13	srai	x30,x11,0x7	 x11:0x00000000 x30=0x00000000
          82748	      4035	8000aab4	c8a5a1b7	lui	x3,0xc8a5a	  x3=0xc8a5a000
          82888	      4042	8000aab8	340fa573	csrrs	x10,mscratch,x31	 x31:0x1ffb7cda x10=0x00000000
          83908	      4093	8000aabc	032e56b3	divu	x13,x28,x18	 x28:0xffffffef x18:0xffffffff x13=0x00000000
          83928	      4094	8000aac0	002291b3	sll	x3,x5,x2	  x5:0x00000000  x2:0xffffffef  x3=0x00000000
          83948	      4095	8000aac4	01c75463	bge	x14,x28,8000aacc	 x14:0x00000001 x28:0xffffffef
          83988	      4097	8000aacc	ef724713	xori	x14,x4,-265	  x4:0x0000000e x14=0xfffffef9
          84608	      4128	8000aad0	026f81b3	mul	x3,x31,x6	 x31:0x1ffb7cda  x6:0x00000000  x3=0x00000000
          84808	      4138	8000aad4	004a0733	add	x14,x20,x4	 x20:0xffff0024  x4:0x0000000e x14=0xffff0032
          85548	      4175	8000aad8	03d55bb3	divu	x23,x10,x29	 x10:0x00000000 x29:0xe0048218 x23=0x00000000
          85568	      4176	8000aadc	6f3b6713	ori	x14,x22,1779	 x22:0x80021e28 x14=0x80021efb
          85588	      4177	8000aae0	9276cf93	xori	x31,x13,-1753	 x13:0x00000000 x31=0xfffff927
          85608	      4178	8000aae4	340b5473	csrrwi	x8,mscratch,22	  x8=0x1ffb7cda
          85628	      4179	8000aae8	00429e33	sll	x28,x5,x4	  x5:0x00000000  x4:0x0000000e x28=0x00000000
          85648	      4180	8000aaec	00edf233	and	x4,x27,x14	 x27:0x00000000 x14:0x80021efb  x4=0x00000000
          85948	      4195	8000aaf0	6445	c.lui	x8,0x11	  x8=0x00011000
          85968	      4196	8000aaf2	030c9d63	bne	x25,x16,8000ab2c	 x25:0xe00003fe x16:0x00000000
          86608	      4228	8000ab2c	340077f3	csrrci	x15,mscratch,0	 x15=0x00000016
          86648	      4230	8000ab30	0178dd13	srli	x26,x17,0x17	 x17:0x0000000e x26=0x00000000
          86668	      4231	8000ab34	99fd	c.andi	x11,-1	 x11:0x00000000 x11=0x00000000
          86708	      4233	8000ab36	02b9d433	divu	x8,x19,x11	 x19:0x0000000f x11:0x00000000  x8=0xffffffff
          86728	      4234	8000ab3a	c91d	c.beqz	x10,8000ab70	 x10:0x00000000
          87508	      4273	8000ab70	006b50b3	srl	x1,x22,x6	 x22:0x80021e28  x6:0x00000000  x1=0x80021e28
          87528	      4274	8000ab74	0001	c.addi	x0,0	  x0:0x00000000  x0=0x00000000
          87548	      4275	8000ab76	8e65	c.and	x12,x9	 x12:0x00000391  x9:0x00000001 x12=0x00000001
          87568	      4276	8000ab78	c51d	c.beqz	x10,8000aba6	 x10:0x00000000
          87708	      4283	8000aba6	0911	c.addi	x18,4	 x18:0xffffffff x18=0x00000003
          87848	      4290	8000aba8	0c35	c.addi	x24,13	 x24:0x00058000 x24=0x0005800d
          87968	      4296	8000abaa	f41b2493	slti	x9,x22,-191	 x22:0x80021e28  x9=0x00000001
          87988	      4297	8000abae	bfc1ff13	andi	x30,x3,-1028	  x3:0x00000000 x30=0x00000000
          88408	      4318	8000abb2	0ff0000f	fence	iorw,iorw	
          88428	      4319	8000abb6	cb05	c.beqz	x14,8000abe6	 x14:0x80021efb
          88448	      4320	8000abb8	006aa933	slt	x18,x21,x6	 x21:0x80025ce4  x6:0x00000000 x18=0x00000001
          88628	      4329	8000abbc	03cab5b3	mulhu	x11,x21,x28	 x21:0x80025ce4 x28:0x00000000 x11=0x00000000
          88688	      4332	8000abc0	03bacbb3	div	x23,x21,x27	 x21:0x80025ce4 x27:0x00000000 x23=0xffffffff
          89088	      4352	8000abc4	717d	c.addi16sp	x2,-16	  x2:0xffffffef  x2=0xffffffdf
          89108	      4353	8000abc6	6471	c.lui	x8,0x1c	  x8=0x0001c000
          89148	      4355	8000abc8	024ec033	div	x0,x29,x4	 x29:0xe0048218  x4:0x00000000  x0=0x00000000
          89888	      4392	8000abcc	02edc4b3	div	x9,x27,x14	 x27:0x00000000 x14:0x80021efb  x9=0x00000000
          89908	      4393	8000abd0	024d	c.addi	x4,19	  x4:0x00000000  x4=0x00000013
          89928	      4394	8000abd2	8f99	c.sub	x15,x14	 x15:0x00000016 x14:0x80021efb x15=0x7ffde11b
          89948	      4395	8000abd4	94da	c.add	x9,x22	  x9:0x00000000 x22:0x80021e28  x9=0x80021e28
          89968	      4396	8000abd6	834d	c.srli	x14,0x13	 x14:0x80021efb x14=0x00001000
          89988	      4397	8000abd8	01769a33	sll	x20,x13,x23	 x13:0x00000000 x23:0xffffffff x20=0x00000000
          90008	      4398	8000abdc	872d	c.srai	x14,0xb	 x14:0x00001000 x14=0x00000002
          90028	      4399	8000abde	340254f3	csrrwi	x9,mscratch,4	  x9=0x00000016
          90048	      4400	8000abe2	3400fef3	csrrci	x29,mscratch,1	 x29=0x00000004
          90468	      4421	8000abe6	00f071b3	and	x3,x0,x15	  x0:0x00000000 x15:0x7ffde11b  x3=0x00000000
          90908	      4443	8000abea	02b6dd33	divu	x26,x13,x11	 x13:0x00000000 x11:0x00000000 x26=0xffffffff
          91148	      4455	8000abee	03882333	mulhsu	x6,x16,x24	 x16:0x00000000 x24:0x0005800d  x6=0x00000000
          91368	      4466	8000abf2	340a9ef3	csrrw	x29,mscratch,x21	 x21:0x80025ce4 x29=0x00000004
          91388	      4467	8000abf6	401784b3	sub	x9,x15,x1	 x15:0x7ffde11b  x1:0x80021e28  x9=0xfffbc2f3
          91708	      4483	8000abfa	0120fe33	and	x28,x1,x18	  x1:0x80021e28 x18:0x00000001 x28=0x00000000
          91728	      4484	8000abfe	8e0d	c.sub	x12,x11	 x12:0x00000001 x11:0x00000000 x12=0x00000001
          91748	      4485	8000ac00	0580	c.addi4spn	x8,x2,704	  x8=0x0000029f
          91788	      4487	8000ac02	001018b3	sll	x17,x0,x1	  x0:0x00000000  x1:0x80021e28 x17=0x00000000
          91808	      4488	8000ac06	9c92	c.add	x25,x4	 x25:0xe00003fe  x4:0x00000013 x25=0xe0000411
          91968	      4496	8000ac08	e8ca8693	addi	x13,x21,-372	 x21:0x80025ce4 x13=0x80025b70
          91988	      4497	8000ac0c	007e5f63	bge	x28,x7,8000ac2a	 x28:0x00000000  x7:0x0000000a
          92248	      4510	8000ac10	01e5cb63	blt	x11,x30,8000ac26	 x11:0x00000000 x30:0x00000000
          92668	      4531	8000ac14	01240b63	beq	x8,x18,8000ac2a	  x8:0x0000029f x18:0x00000001
          92708	      4533	8000ac18	03435d33	divu	x26,x6,x20	  x6:0x00000000 x20:0x00000000 x26=0xffffffff
          92728	      4534	8000ac1c	00ce91b3	sll	x3,x29,x12	 x29:0x00000004 x12:0x00000001  x3=0x00000008
          92748	      4535	8000ac20	00b21d13	slli	x26,x4,0xb	  x4:0x00000013 x26=0x00009800
          92768	      4536	8000ac24	842d	c.srai	x8,0xb	  x8:0x0000029f  x8=0x00000000
          92988	      4547	8000ac26	0ff0000f	fence	iorw,iorw	
          93008	      4548	8000ac2a	01a4d813	srli	x16,x9,0x1a	  x9:0xfffbc2f3 x16=0x0000003f
          93428	      4569	8000ac2e	41e35793	srai	x15,x6,0x1e	  x6:0x00000000 x15=0x00000000
          93448	      4570	8000ac32	34007173	csrrci	x2,mscratch,0	  x2=0x80025ce4
          93548	      4575	8000ac36	ffbc3513	sltiu	x10,x24,-5	 x24:0x0005800d x10=0x00000001
          93568	      4576	8000ac3a	0d0d	c.addi	x26,3	 x26:0x00009800 x26=0x00009803
          93648	      4580	8000ac3c	0ff0000f	fence	iorw,iorw	
          93808	      4588	8000ac40	41ed	c.li	x3,27	  x3=0x0000001b
          93828	      4589	8000ac42	8e91	c.sub	x13,x12	 x13:0x80025b70 x12:0x00000001 x13=0x80025b6f
          93848	      4590	8000ac44	ec813993	sltiu	x19,x2,-312	  x2:0x80025ce4 x19=0x00000001
          94588	      4627	8000ac48	029e41b3	div	x3,x28,x9	 x28:0x00000000  x9:0xfffbc2f3  x3=0x00000000
          94608	      4628	8000ac4c	8221	c.srli	x12,0x8	 x12:0x00000001 x12=0x00000000
          94628	      4629	8000ac4e	34002273	csrrs	x4,mscratch,x0	  x0:0x00000000  x4=0x80025ce4
          94648	      4630	8000ac52	8069	c.srli	x8,0x1a	  x8:0x00000000  x8=0x00000000
          94668	      4631	8000ac54	f769c913	xori	x18,x19,-138	 x19:0x00000001 x18=0xffffff77
          94688	      4632	8000ac58	ee91	c.bnez	x13,8000ac74	 x13:0x80025b6f
          94828	      4639	8000ac74	0425c163	blt	x11,x2,8000acb6	 x11:0x00000000  x2:0x80025ce4
          94988	      4647	8000ac78	0190d893	srli	x17,x1,0x19	  x1:0x80021e28 x17=0x00000040
          95088	      4652	8000ac7c	8c55	c.or	x8,x13	  x8:0x00000000 x13:0x80025b6f  x8=0x80025b6f
          95108	      4653	8000ac7e	012debb3	or	x23,x27,x18	 x27:0x00000000 x18:0xffffff77 x23=0xffffff77
          95128	      4654	8000ac82	68172513	slti	x10,x14,1665	 x14:0x00000002 x10=0x00000001
          95148	      4655	8000ac86	8e4d	c.or	x12,x11	 x12:0x00000000 x11:0x00000000 x12=0x00000000
          95748	      4685	8000ac88	340677f3	csrrci	x15,mscratch,12	 x15=0x80025ce4
          95768	      4686	8000ac8c	8f11	c.sub	x14,x12	 x14:0x00000002 x12:0x00000000 x14=0x00000002
          95788	      4687	8000ac8e	04229163	bne	x5,x2,8000acd0	  x5:0x00000000  x2:0x80025ce4
          96448	      4720	8000acd0	340031f3	csrrc	x3,mscratch,x0	  x0:0x00000000  x3=0x80025ce0
          96468	      4721	8000acd4	a32d7313	andi	x6,x26,-1486	 x26:0x00009803  x6=0x00009802
          96488	      4722	8000acd8	0001	c.addi	x0,0	  x0:0x00000000  x0=0x00000000
          96888	      4742	8000acda	13bdb1b7	lui	x3,0x13bdb	  x3=0x13bdb000
          96908	      4743	8000acde	021e7c63	bgeu	x28,x1,8000ad16	 x28:0x00000000  x1:0x80021e28
          96928	      4744	8000ace2	0001	c.addi	x0,0	  x0:0x00000000  x0=0x00000000
          96948	      4745	8000ace4	4080d2b3	sra	x5,x1,x8	  x1:0x80021e28  x8:0x80025b6f  x5=0xffff0004
          96968	      4746	8000ace8	01418eb3	add	x29,x3,x20	  x3:0x13bdb000 x20:0x00000000 x29=0x13bdb000
          96988	      4747	8000acec	e78d	c.bnez	x15,8000ad16	 x15:0x80025ce4
          98328	      4814	8000ad16	03f9f6b3	remu	x13,x19,x31	 x19:0x00000001 x31:0xfffff927 x13=0x00000001
          98348	      4815	8000ad1a	6151	c.addi16sp	x2,272	  x2:0x80025ce4  x2=0x80025df4
          98368	      4816	8000ad1c	697ae793	ori	x15,x21,1687	 x21:0x80025ce4 x15=0x80025ef7
          98388	      4817	8000ad20	409ad9b3	sra	x19,x21,x9	 x21:0x80025ce4  x9:0xfffbc2f3 x19=0xfffff000
          98428	      4819	8000ad24	02691db3	mulh	x27,x18,x6	 x18:0xffffff77  x6:0x00009802 x27=0xffffffff
          98448	      4820	8000ad28	00afc833	xor	x16,x31,x10	 x31:0xfffff927 x10:0x00000001 x16=0xfffff926
          98468	      4821	8000ad2c	03ac9763	bne	x25,x26,8000ad5a	 x25:0xe0000411 x26:0x00009803
          98908	      4843	8000ad5a	340eb8f3	csrrc	x17,mscratch,x29	 x29:0x13bdb000 x17=0x80025ce0
          98928	      4844	8000ad5e	de6ee293	ori	x5,x29,-538	 x29:0x13bdb000  x5=0xfffffde6
          98948	      4845	8000ad62	c2aff993	andi	x19,x31,-982	 x31:0xfffff927 x19=0xfffff822
          99268	      4861	8000ad66	00578263	beq	x15,x5,8000ad6a	 x15:0x80025ef7  x5:0xfffffde6
          99448	      4870	8000ad6a	025f9063	bne	x31,x5,8000ad8a	 x31:0xfffff927  x5:0xfffffde6
         100548	      4925	8000ad8a	00eb1513	slli	x10,x22,0xe	 x22:0x80021e28 x10=0x878a0000
         100568	      4926	8000ad8e	9662	c.add	x12,x24	 x12:0x00000000 x24:0x0005800d x12=0x0005800d
         100588	      4927	8000ad90	03210db3	mul	x27,x2,x18	  x2:0x80025df4 x18:0xffffff77 x27=0x7ebbb86c
         100608	      4928	8000ad94	8dc6	c.mv	x27,x17	  x0:0x00000000 x17:0x80025ce0 x27=0x80025ce0
         100628	      4929	8000ad96	0001	c.addi	x0,0	  x0:0x00000000  x0=0x00000000
         100648	      4930	8000ad98	00339033	sll	x0,x7,x3	  x7:0x0000000a  x3:0x13bdb000  x0=0x00000000
         100788	      4937	8000ad9c	009dae33	slt	x28,x27,x9	 x27:0x80025ce0  x9:0xfffbc2f3 x28=0x00000001
         100808	      4938	8000ada0	0001	c.addi	x0,0	  x0:0x00000000  x0=0x00000000
         100848	      4940	8000ada2	032e1db3	mulh	x27,x28,x18	 x28:0x00000001 x18:0xffffff77 x27=0xffffffff
         100868	      4941	8000ada6	3403e9f3	csrrsi	x19,mscratch,7	 x19=0x80024ce0
         101208	      4958	8000adaa	4188deb3	sra	x29,x17,x24	 x17:0x80025ce0 x24:0x0005800d x29=0xfffc0012
         101328	      4964	8000adae	02dd2533	mulhsu	x10,x26,x13	 x26:0x00009803 x13:0x00000001 x10=0x00000000
         101668	      4981	8000adb2	ff6bcc93	xori	x25,x23,-10	 x23:0xffffff77 x25=0x00000081
         101688	      4982	8000adb6	34003ef3	csrrc	x29,mscratch,x0	  x0:0x00000000 x29=0x80024ce7
         101708	      4983	8000adba	6553a513	slti	x10,x7,1621	  x7:0x0000000a x10=0x00000001
         102128	      5004	8000adbe	00dcbd33	sltu	x26,x25,x13	 x25:0x00000081 x13:0x00000001 x26=0x00000000
         102308	      5013	8000adc2	022481b3	mul	x3,x9,x2	  x9:0xfffbc2f3  x2:0x80025df4  x3=0x77ae169c
         102328	      5014	8000adc6	0001	c.addi	x0,0	  x0:0x00000000  x0=0x00000000
         102348	      5015	8000adc8	3402d273	csrrwi	x4,mscratch,5	  x4=0x80024ce7
         102588	      5027	8000adcc	59157e93	andi	x29,x10,1425	 x10:0x00000001 x29=0x00000001
         102608	      5028	8000add0	0110	c.addi4spn	x12,x2,128	 x12=0x80025e74
         102668	      5031	8000add2	0004c363	blt	x9,x0,8000add8	  x9:0xfffbc2f3  x0:0x00000000
         103388	      5067	8000add8	340030f3	csrrc	x1,mscratch,x0	  x0:0x00000000  x1=0x00000005
         103448	      5070	8000addc	34003373	csrrc	x6,mscratch,x0	  x0:0x00000000  x6=0x00000005
         103468	      5071	8000ade0	05448063	beq	x9,x20,8000ae20	  x9:0xfffbc2f3 x20:0x00000000
         103488	      5072	8000ade4	01c79e93	slli	x29,x15,0x1c	 x15:0x80025ef7 x29=0x70000000
         103608	      5078	8000ade8	8a79	c.andi	x12,30	 x12:0x80025e74 x12=0x00000014
         103628	      5079	8000adea	d5a0f437	lui	x8,0xd5a0f	  x8=0xd5a0f000
         103648	      5080	8000adee	03fc9c63	bne	x25,x31,8000ae26	 x25:0x00000081 x31:0xfffff927
         104928	      5144	8000ae26	037df963	bgeu	x27,x23,8000ae58	 x27:0xffffffff x23:0xffffff77
         105228	      5159	8000ae58	8dd5	c.or	x11,x13	 x11:0x00000000 x13:0x00000001 x11=0x00000001
         105248	      5160	8000ae5a	717d	c.addi16sp	x2,-16	  x2:0x80025df4  x2=0x80025de4
         105268	      5161	8000ae5c	19fd	c.addi	x19,-1	 x19:0x80024ce0 x19=0x80024cdf
         105308	      5163	8000ae5e	03253a33	mulhu	x20,x10,x18	 x10:0x00000001 x18:0xffffff77 x20=0x00000000
         105328	      5164	8000ae62	9bfd	c.andi	x15,-1	 x15:0x80025ef7 x15=0x80025ef7
         105348	      5165	8000ae64	01515313	srli	x6,x2,0x15	  x2:0x80025de4  x6=0x00000400
         105368	      5166	8000ae68	017cee63	bltu	x25,x23,8000ae84	 x25:0x00000081 x23:0xffffff77
         105608	      5178	8000ae84	f4ab9017	auipc	x0,0xf4ab9	  x0=0x00000000
         106048	      5200	8000ae88	8dbd	c.xor	x11,x15	 x11:0x00000001 x15:0x80025ef7 x11=0x80025ef6
         106068	      5201	8000ae8a	87d9	c.srai	x15,0x16	 x15:0x80025ef7 x15=0xfffffe00
         106108	      5203	8000ae8c	03eb3933	mulhu	x18,x22,x30	 x22:0x80021e28 x30:0x00000000 x18=0x00000000
         106488	      5222	8000ae90	0001	c.addi	x0,0	  x0:0x00000000  x0=0x00000000
         106688	      5232	8000ae92	006dcc63	blt	x27,x6,8000aeaa	 x27:0xffffffff  x6:0x00000400
         107348	      5265	8000aeaa	340bec73	csrrsi	x24,mscratch,23	 x24=0x00000005
         107768	      5286	8000aeae	bd814293	xori	x5,x2,-1064	  x2:0x80025de4  x5=0x7ffda63c
         107788	      5287	8000aeb2	029002b3	mul	x5,x0,x9	  x0:0x00000000  x9:0xfffbc2f3  x5=0x00000000
         107808	      5288	8000aeb6	8f49	c.or	x14,x10	 x14:0x00000002 x10:0x00000001 x14=0x00000003
         108588	      5327	8000aeb8	02404433	div	x8,x0,x4	  x0:0x00000000  x4:0x80024ce7  x8=0x00000000
         108608	      5328	8000aebc	8dfd	c.and	x11,x15	 x11:0x80025ef6 x15:0xfffffe00 x11=0x80025e00
         108628	      5329	8000aebe	0001	c.addi	x0,0	  x0:0x00000000  x0=0x00000000
         108648	      5330	8000aec0	01403733	sltu	x14,x0,x20	  x0:0x00000000 x20:0x00000000 x14=0x00000000
         108668	      5331	8000aec4	403f51b3	sra	x3,x30,x3	 x30:0x00000000  x3:0x77ae169c  x3=0x00000000
         108688	      5332	8000aec8	00f761b3	or	x3,x14,x15	 x14:0x00000000 x15:0xfffffe00  x3=0xfffffe00
         108708	      5333	8000aecc	01bcef63	bltu	x25,x27,8000aeea	 x25:0x00000081 x27:0xffffffff
         120288	      5912	8000aeea	340a5073	csrrwi	x0,mscratch,20	  x0=0x00000000
         120328	      5914	8000aeee	031b12b3	mulh	x5,x22,x17	 x22:0x80021e28 x17:0x80025ce0  x5=0x3ffdc281
         120348	      5915	8000aef2	717d	c.addi16sp	x2,-16	  x2:0x80025de4  x2=0x80025dd4
         120368	      5916	8000aef4	6151	c.addi16sp	x2,272	  x2:0x80025dd4  x2=0x80025ee4
         120388	      5917	8000aef6	0c51	c.addi	x24,20	 x24:0x00000005 x24=0x00000019
         120408	      5918	8000aef8	00d99e93	slli	x29,x19,0xd	 x19:0x80024cdf x29=0x499be000
         120428	      5919	8000aefc	34019ff3	csrrw	x31,mscratch,x3	  x3:0xfffffe00 x31=0x00000014
         120448	      5920	8000af00	ef0d	c.bnez	x14,8000af3a	 x14:0x00000000
         120628	      5929	8000af02	0ff0000f	fence	iorw,iorw	
         120648	      5930	8000af06	8e81	c.sub	x13,x8	 x13:0x00000001  x8:0x00000000 x13=0x00000001
         120708	      5933	8000af08	34003473	csrrc	x8,mscratch,x0	  x0:0x00000000  x8=0xfffffe00
         120868	      5941	8000af0c	00e84333	xor	x6,x16,x14	 x16:0xfffff926 x14:0x00000000  x6=0xfffff926
         121068	      5951	8000af10	01c60eb3	add	x29,x12,x28	 x12:0x00000014 x28:0x00000001 x29=0x00000015
         121088	      5952	8000af14	e50d	c.bnez	x10,8000af3e	 x10:0x00000001
         122408	      6018	8000af3e	0321ef33	rem	x30,x3,x18	  x3:0xfffffe00 x18:0x00000000 x30=0xfffffe00
         123148	      6055	8000af42	039c6f33	rem	x30,x24,x25	 x24:0x00000019 x25:0x00000081 x30=0x00000019
         123168	      6056	8000af46	00065c33	srl	x24,x12,x0	 x12:0x00000014  x0:0x00000000 x24=0x00000014
         123188	      6057	8000af4a	8422	c.mv	x8,x8	  x0:0x00000000  x8:0xfffffe00  x8=0xfffffe00
         123928	      6094	8000af4c	02ae4133	div	x2,x28,x10	 x28:0x00000001 x10:0x00000001  x2=0x00000001
         123948	      6095	8000af50	013599b3	sll	x19,x11,x19	 x11:0x80025e00 x19:0x80024cdf x19=0x00000000
         123988	      6097	8000af54	03cbb0b3	mulhu	x1,x23,x28	 x23:0xffffff77 x28:0x00000001  x1=0x00000000
         124008	      6098	8000af58	02796063	bltu	x18,x7,8000af78	 x18:0x00000000  x7:0x0000000a
         124548	      6125	8000af78	0001	c.addi	x0,0	  x0:0x00000000  x0=0x00000000
         124688	      6132	8000af7a	34006f73	csrrsi	x30,mscratch,0	 x30=0xfffffe00
         125028	      6149	8000af7e	00221bb3	sll	x23,x4,x2	  x4:0x80024ce7  x2:0x00000001 x23=0x000499ce
         125048	      6150	8000af82	4741	c.li	x14,16	 x14=0x00000010
         125108	      6153	8000af84	34003673	csrrc	x12,mscratch,x0	  x0:0x00000000 x12=0xfffffe00
         125128	      6154	8000af88	03b11f63	bne	x2,x27,8000afc6	  x2:0x00000001 x27:0xffffffff
         125808	      6188	8000afc6	01521033	sll	x0,x4,x21	  x4:0x80024ce7 x21:0x80025ce4  x0=0x00000000
         126548	      6225	8000afca	0387d133	divu	x2,x15,x24	 x15:0xfffffe00 x24:0x00000014  x2=0x0cccccb3
         126568	      6226	8000afce	418d0e33	sub	x28,x26,x24	 x26:0x00000000 x24:0x00000014 x28=0xffffffec
         126588	      6227	8000afd2	02d69663	bne	x13,x13,8000affe	 x13:0x00000001 x13:0x00000001
         126608	      6228	8000afd6	60fd	c.lui	x1,0x1f	  x1=0x0001f000
         126628	      6229	8000afd8	fd9d7993	andi	x19,x26,-39	 x26:0x00000000 x19=0x00000000
         126648	      6230	8000afdc	70b08313	addi	x6,x1,1803	  x1:0x0001f000  x6=0x0001f70b
         126668	      6231	8000afe0	0015fdb3	and	x27,x11,x1	 x11:0x80025e00  x1:0x0001f000 x27=0x00005000
         126688	      6232	8000afe4	6115	c.addi16sp	x2,288	  x2:0x0cccccb3  x2=0x0ccccdd3
         126728	      6234	8000afe6	0347dd63	bge	x15,x20,8000b020	 x15:0xfffffe00 x20:0x00000000
         127148	      6255	8000afea	012414b3	sll	x9,x8,x18	  x8:0xfffffe00 x18:0x00000000  x9=0xfffffe00
         127168	      6256	8000afee	c9dafe13	andi	x28,x21,-867	 x21:0x80025ce4 x28=0x80025c84
         127188	      6257	8000aff2	5fac4913	xori	x18,x24,1530	 x24:0x00000014 x18=0x000005ee
         127208	      6258	8000aff6	34041873	csrrw	x16,mscratch,x8	  x8:0xfffffe00 x16=0xfffffe00
         127228	      6259	8000affa	6ae22913	slti	x18,x4,1710	  x4:0x80024ce7 x18=0x00000001
         128048	      6300	8000affe	03c9c733	div	x14,x19,x28	 x19:0x00000000 x28:0x80025c84 x14=0x00000000
         128068	      6301	8000b002	8d09	c.sub	x10,x10	 x10:0x00000001 x10:0x00000001 x10=0x00000000
         128808	      6338	8000b004	038752b3	divu	x5,x14,x24	 x14:0x00000000 x24:0x00000014  x5=0x00000000
         128828	      6339	8000b008	7baaab93	slti	x23,x21,1978	 x21:0x80025ce4 x23=0x00000001
         128848	      6340	8000b00c	01929313	slli	x6,x5,0x19	  x5:0x00000000  x6=0x00000000
         128868	      6341	8000b010	014b5793	srli	x15,x22,0x14	 x22:0x80021e28 x15=0x00000800
         128888	      6342	8000b014	40d78eb7	lui	x29,0x40d78	 x29=0x40d78000
         128908	      6343	8000b018	0000100f	fence.i	
         129468	      6371	8000b01c	c0133c93	sltiu	x25,x6,-1023	  x6:0x00000000 x25=0x00000001
         129888	      6392	8000b020	34002f73	csrrs	x30,mscratch,x0	  x0:0x00000000 x30=0xfffffe00
         129908	      6393	8000b024	0084da33	srl	x20,x9,x8	  x9:0xfffffe00  x8:0xfffffe00 x20=0xfffffe00
         130268	      6411	8000b028	9242	c.add	x4,x16	  x4:0x80024ce7 x16:0xfffffe00  x4=0x80024ae7
         130288	      6412	8000b02a	c911	c.beqz	x10,8000b03e	 x10:0x00000000
         131168	      6456	8000b03e	8d52	c.mv	x26,x20	  x0:0x00000000 x20:0xfffffe00 x26=0xfffffe00
         131348	      6465	8000b040	03719063	bne	x3,x23,8000b060	  x3:0xfffffe00 x23:0x00000001
         132268	      6511	8000b060	003b67b3	or	x15,x22,x3	 x22:0x80021e28  x3:0xfffffe00 x15=0xfffffe28
         132288	      6512	8000b064	0000100f	fence.i	
         132888	      6542	8000b068	01d685b3	add	x11,x13,x29	 x13:0x00000001 x29:0x40d78000 x11=0x40d78001
         133308	      6563	8000b06c	00d48233	add	x4,x9,x13	  x9:0xfffffe00 x13:0x00000001  x4=0xfffffe01
         133348	      6565	8000b070	0275b9b3	mulhu	x19,x11,x7	 x11:0x40d78001  x7:0x0000000a x19=0x00000002
         133468	      6571	8000b074	00f6cd33	xor	x26,x13,x15	 x13:0x00000001 x15:0xfffffe28 x26=0xfffffe29
         133608	      6578	8000b078	c0537813	andi	x16,x6,-1019	  x6:0x00000000 x16=0x00000000
         133648	      6580	8000b07c	340b2773	csrrs	x14,mscratch,x22	 x22:0x80021e28 x14=0xfffffe00
         133848	      6590	8000b080	0001	c.addi	x0,0	  x0:0x00000000  x0=0x00000000
         133908	      6593	8000b082	01171593	slli	x11,x14,0x11	 x14:0xfffffe00 x11=0xfc000000
         133928	      6594	8000b086	8c8e	c.mv	x25,x3	  x0:0x00000000  x3:0xfffffe00 x25=0xfffffe00
         133948	      6595	8000b088	717d	c.addi16sp	x2,-16	  x2:0x0ccccdd3  x2=0x0ccccdc3
         134048	      6600	8000b08a	adfdb793	sltiu	x15,x27,-1313	 x27:0x00005000 x15=0x00000001
         134068	      6601	8000b08e	07a2	c.slli	x15,0x8	 x15:0x00000001 x15=0x00000100
         135188	      6657	8000b090	03447933	remu	x18,x8,x20	  x8:0xfffffe00 x20:0xfffffe00 x18=0x00000000
         135208	      6658	8000b094	340ef773	csrrci	x14,mscratch,29	 x14=0xfffffe28
         135228	      6659	8000b098	57fd	c.li	x15,-1	 x15=0xffffffff
         135248	      6660	8000b09a	34003bf3	csrrc	x23,mscratch,x0	  x0:0x00000000 x23=0xfffffe20
         135988	      6697	8000b09e	033a58b3	divu	x17,x20,x19	 x20:0xfffffe00 x19:0x00000002 x17=0x7fffff00
         136008	      6698	8000b0a2	99de	c.add	x19,x23	 x19:0x00000002 x23:0xfffffe20 x19=0xfffffe22
         136028	      6699	8000b0a4	01c09263	bne	x1,x28,8000b0a8	  x1:0x0001f000 x28:0x80025c84
         136248	      6710	8000b0a8	0443e763	bltu	x7,x4,8000b0f6	  x7:0x0000000a  x4:0xfffffe01
         137168	      6756	8000b0f6	8d35	c.xor	x10,x13	 x10:0x00000000 x13:0x00000001 x10=0x00000001
         137188	      6757	8000b0f8	8d51	c.or	x10,x12	 x10:0x00000001 x12:0xfffffe00 x10=0xfffffe01
         137208	      6758	8000b0fa	03f67e63	bgeu	x12,x31,8000b136	 x12:0xfffffe00 x31:0x00000014
         137288	      6762	8000b136	cc9d	c.beqz	x9,8000b174	  x9:0xfffffe00
         137508	      6773	8000b138	415559b3	sra	x19,x10,x21	 x10:0xfffffe01 x21:0x80025ce4 x19=0xffffffe0
         137528	      6774	8000b13c	55513e13	sltiu	x28,x2,1365	  x2:0x0ccccdc3 x28=0x00000000
         137948	      6795	8000b140	07c2f437	lui	x8,0x7c2f	  x8=0x07c2f000
         138368	      6816	8000b144	0001	c.addi	x0,0	  x0:0x00000000  x0=0x00000000
         138388	      6817	8000b146	00dcd563	bge	x25,x13,8000b150	 x25:0xfffffe00 x13:0x00000001
         138408	      6818	8000b14a	0288e963	bltu	x17,x8,8000b17c	 x17:0x7fffff00  x8:0x07c2f000
         138428	      6819	8000b14e	8f81	c.sub	x15,x8	 x15:0xffffffff  x8:0x07c2f000 x15=0xf83d0fff
         138528	      6824	8000b150	54fd	c.li	x9,-1	  x9=0xffffffff
         138968	      6846	8000b152	03531233	mulh	x4,x6,x21	  x6:0x00000000 x21:0x80025ce4  x4=0x00000000
         139068	      6851	8000b156	000af433	and	x8,x21,x0	 x21:0x80025ce4  x0:0x00000000  x8=0x00000000
         139088	      6852	8000b15a	0342e363	bltu	x5,x20,8000b180	  x5:0x00000000 x20:0xfffffe00
         139528	      6874	8000b180	16705cb7	lui	x25,0x16705	 x25=0x16705000
         139948	      6895	8000b184	340535f3	csrrc	x11,mscratch,x10	 x10:0xfffffe01 x11=0xfffffe20
         139968	      6896	8000b188	409880b3	sub	x1,x17,x9	 x17:0x7fffff00  x9:0xffffffff  x1=0x7fffff01
         140148	      6905	8000b18c	0679	c.addi	x12,30	 x12:0xfffffe00 x12=0xfffffe1e
         140328	      6914	8000b18e	01bbcc33	xor	x24,x23,x27	 x23:0xfffffe20 x27:0x00005000 x24=0xffffae20
         140348	      6915	8000b192	ef11	c.bnez	x14,8000b1ae	 x14:0xfffffe28
         141108	      6953	8000b1ae	01ae4233	xor	x4,x28,x26	 x28:0x00000000 x26:0xfffffe29  x4=0xfffffe29
         141548	      6975	8000b1b2	03e31a33	mulh	x20,x6,x30	  x6:0x00000000 x30:0xfffffe00 x20=0x00000000
         141568	      6976	8000b1b6	c099	c.beqz	x9,8000b1bc	  x9:0xffffffff
         142308	      7013	8000b1b8	02a85db3	divu	x27,x16,x10	 x16:0x00000000 x10:0xfffffe01 x27=0x00000000
         142328	      7014	8000b1bc	87f1	c.srai	x15,0x1c	 x15:0xf83d0fff x15=0xffffffff
         142348	      7015	8000b1be	01809893	slli	x17,x1,0x18	  x1:0x7fffff01 x17=0x01000000
         142368	      7016	8000b1c2	8df9	c.and	x11,x14	 x11:0xfffffe20 x14:0xfffffe28 x11=0xfffffe20
         142388	      7017	8000b1c4	40018a33	sub	x20,x3,x0	  x3:0xfffffe00  x0:0x00000000 x20=0xfffffe00
         142408	      7018	8000b1c8	00e70f33	add	x30,x14,x14	 x14:0xfffffe28 x14:0xfffffe28 x30=0xfffffc50
         142428	      7019	8000b1cc	01494263	blt	x18,x20,8000b1d0	 x18:0x00000000 x20:0xfffffe00
         142468	      7021	8000b1d0	037f1833	mulh	x16,x30,x23	 x30:0xfffffc50 x23:0xfffffe20 x16=0x00000000
         142488	      7022	8000b1d4	e135	c.bnez	x10,8000b238	 x10:0xfffffe01
         143088	      7052	8000b238	99fa4c13	xori	x24,x20,-1633	 x20:0xfffffe00 x24=0x0000079f
         143508	      7073	8000b23c	54fd	c.li	x9,-1	  x9=0xffffffff
         143528	      7074	8000b23e	c30d	c.beqz	x14,8000b260	 x14:0xfffffe28
         143548	      7075	8000b240	dacb6897	auipc	x17,0xdacb6	 x17=0x5acc1240
         143728	      7084	8000b244	34059673	csrrw	x12,mscratch,x11	 x11:0xfffffe20 x12=0x00000020
         143748	      7085	8000b248	018f5d13	srli	x26,x30,0x18	 x30:0xfffffc50 x26=0x000000ff
         143768	      7086	8000b24c	340e57f3	csrrwi	x15,mscratch,28	 x15=0xfffffe20
         143788	      7087	8000b250	340e6e73	csrrsi	x28,mscratch,28	 x28=0x0000001c
         144828	      7139	8000b254	0376c633	div	x12,x13,x23	 x13:0x00000001 x23:0xfffffe20 x12=0x00000000
         144848	      7140	8000b258	34086873	csrrsi	x16,mscratch,16	 x16=0x0000001c
         144868	      7141	8000b25c	010c20b3	slt	x1,x24,x16	 x24:0x0000079f x16:0x0000001c  x1=0x00000000
         144888	      7142	8000b260	8c45	c.or	x8,x9	  x8:0x00000000  x9:0xffffffff  x8=0xffffffff
         144908	      7143	8000b262	3403d373	csrrwi	x6,mscratch,7	  x6=0x0000001c
         144928	      7144	8000b266	5c7d	c.li	x24,-1	 x24=0xffffffff
         144948	      7145	8000b268	020c4b63	blt	x24,x0,8000b29e	 x24:0xffffffff  x0:0x00000000
         146068	      7201	8000b29e	024d6d63	bltu	x26,x4,8000b2d8	 x26:0x000000ff  x4:0xfffffe29
         165648	      8180	8000b2d8	000acd33	xor	x26,x21,x0	 x21:0x80025ce4  x0:0x00000000 x26=0x80025ce4
         165668	      8181	8000b2dc	82bd	c.srli	x13,0xf	 x13:0x00000001 x13=0x00000000
         165688	      8182	8000b2de	34007473	csrrci	x8,mscratch,0	  x8=0x00000007
         165728	      8184	8000b2e2	032765b3	rem	x11,x14,x18	 x14:0xfffffe28 x18:0x00000000 x11=0xfffffe28
         165748	      8185	8000b2e6	04760063	beq	x12,x7,8000b326	 x12:0x00000000  x7:0x0000000a
         165768	      8186	8000b2ea	34006773	csrrsi	x14,mscratch,0	 x14=0x00000007
         165788	      8187	8000b2ee	fceaa193	slti	x3,x21,-50	 x21:0x80025ce4  x3=0x00000001
         165968	      8196	8000b2f2	34006873	csrrsi	x16,mscratch,0	 x16=0x00000007
         166388	      8217	8000b2f6	03408233	mul	x4,x1,x20	  x1:0x00000000 x20:0xfffffe00  x4=0x00000000
         166408	      8218	8000b2fa	40c7d813	srai	x16,x15,0xc	 x15:0xfffffe20 x16=0xffffffff
         166528	      8224	8000b2fe	04fa1363	bne	x20,x15,8000b344	 x20:0xfffffe00 x15:0xfffffe20
         167208	      8258	8000b344	40095f33	sra	x30,x18,x0	 x18:0x00000000  x0:0x00000000 x30=0x00000000
         167368	      8266	8000b348	01209b63	bne	x1,x18,8000b35e	  x1:0x00000000 x18:0x00000000
         167388	      8267	8000b34c	0000100f	fence.i	
         167468	      8271	8000b350	409cd813	srai	x16,x25,0x9	 x25:0x16705000 x16=0x000b3828
         167888	      8292	8000b354	008d84b3	add	x9,x27,x8	 x27:0x00000000  x8:0x00000007  x9=0x00000007
         167908	      8293	8000b358	0001	c.addi	x0,0	  x0:0x00000000  x0=0x00000000
         167928	      8294	8000b35a	03ca1f63	bne	x20,x28,8000b398	 x20:0xfffffe00 x28:0x0000001c
         168428	      8319	8000b398	0177ccb3	xor	x25,x15,x23	 x15:0xfffffe20 x23:0xfffffe20 x25=0x00000000
         168448	      8320	8000b39c	0ff0000f	fence	iorw,iorw	
         168468	      8321	8000b3a0	0189da33	srl	x20,x19,x24	 x19:0xffffffe0 x24:0xffffffff x20=0x00000001
         168608	      8328	8000b3a4	01fd9e63	bne	x27,x31,8000b3c0	 x27:0x00000000 x31:0x00000014
         168948	      8345	8000b3c0	62f36a13	ori	x20,x6,1583	  x6:0x0000001c x20=0x0000063f
         169368	      8366	8000b3c4	ee09	c.bnez	x12,8000b3de	 x12:0x00000000
         169788	      8387	8000b3c6	00ee1c93	slli	x25,x28,0xe	 x28:0x0000001c x25=0x00070000
         169808	      8388	8000b3ca	717d	c.addi16sp	x2,-16	  x2:0x0ccccdc3  x2=0x0ccccdb3
         170028	      8399	8000b3cc	0001	c.addi	x0,0	  x0:0x00000000  x0=0x00000000
         170188	      8407	8000b3ce	7f683093	sltiu	x1,x16,2038	 x16:0x000b3828  x1=0x00000000
         170208	      8408	8000b3d2	3405f4f3	csrrci	x9,mscratch,11	  x9=0x00000007
         170228	      8409	8000b3d6	0001	c.addi	x0,0	  x0:0x00000000  x0=0x00000000
         170248	      8410	8000b3d8	8f91	c.sub	x15,x12	 x15:0xfffffe20 x12:0x00000000 x15=0xfffffe20
         170268	      8411	8000b3da	340262f3	csrrsi	x5,mscratch,4	  x5=0x00000004
         170688	      8432	8000b3de	340037f3	csrrc	x15,mscratch,x0	  x0:0x00000000 x15=0x00000004
         170748	      8435	8000b3e2	203914b7	lui	x9,0x20391	  x9=0x20391000
         170768	      8436	8000b3e6	e695	c.bnez	x13,8000b412	 x13:0x00000000
         170948	      8445	8000b3e8	03271833	mulh	x16,x14,x18	 x14:0x00000007 x18:0x00000000 x16=0x00000000
         171108	      8453	8000b3ec	65a5	c.lui	x11,0x9	 x11=0x00009000
         171528	      8474	8000b3ee	905fb793	sltiu	x15,x31,-1787	 x31:0x00000014 x15=0x00000001
         171588	      8477	8000b3f2	8893f793	andi	x15,x7,-1911	  x7:0x0000000a x15=0x00000008
         171608	      8478	8000b3f6	80d9	c.srli	x9,0x16	  x9:0x20391000  x9=0x00000080
         171848	      8490	8000b3f8	8d91	c.sub	x11,x12	 x11:0x00009000 x12:0x00000000 x11=0x00009000
         171888	      8492	8000b3fa	02dc7033	remu	x0,x24,x13	 x24:0xffffffff x13:0x00000000  x0=0x00000000
         171908	      8493	8000b3fe	0080de33	srl	x28,x1,x8	  x1:0x00000000  x8:0x00000007 x28=0x00000000
         171928	      8494	8000b402	12fd	c.addi	x5,-1	  x5:0x00000004  x5=0x00000003
         172268	      8511	8000b404	94a52313	slti	x6,x10,-1718	 x10:0xfffffe01  x6=0x00000000
         172688	      8532	8000b408	002f0633	add	x12,x30,x2	 x30:0x00000000  x2:0x0ccccdb3 x12=0x0ccccdb3
         172728	      8534	8000b40c	3401aef3	csrrs	x29,mscratch,x3	  x3:0x00000001 x29=0x00000004
         172748	      8535	8000b410	8245	c.srli	x12,0x11	 x12:0x0ccccdb3 x12=0x00000666
         172928	      8544	8000b412	418f0fb3	sub	x31,x30,x24	 x30:0x00000000 x24:0xffffffff x31=0x00000001
         172988	      8547	8000b416	01a07663	bgeu	x0,x26,8000b422	  x0:0x00000000 x26:0x80025ce4
         173008	      8548	8000b41a	40660333	sub	x6,x12,x6	 x12:0x00000666  x6:0x00000000  x6=0x00000666
         173048	      8550	8000b41e	8a067e93	andi	x29,x12,-1888	 x12:0x00000666 x29=0x00000020
         173068	      8551	8000b422	8405	c.srai	x8,0x1	  x8:0x00000007  x8=0x00000003
         173488	      8572	8000b424	02afa6b3	mulhsu	x13,x31,x10	 x31:0x00000001 x10:0xfffffe01 x13=0x00000000
         173888	      8592	8000b428	ba7aae13	slti	x28,x21,-1113	 x21:0x80025ce4 x28=0x00000001
         174028	      8599	8000b42c	016d00b3	add	x1,x26,x22	 x26:0x80025ce4 x22:0x80021e28  x1=0x00047b0c
         174228	      8609	8000b430	0067a9b3	slt	x19,x15,x6	 x15:0x00000008  x6:0x00000666 x19=0x00000001
         174248	      8610	8000b434	0001	c.addi	x0,0	  x0:0x00000000  x0=0x00000000
         174268	      8611	8000b436	c329	c.beqz	x14,8000b478	 x14:0x00000007
         174288	      8612	8000b438	6155	c.addi16sp	x2,304	  x2:0x0ccccdb3  x2=0x0ccccee3
         174308	      8613	8000b43a	834a	c.mv	x6,x18	  x0:0x00000000 x18:0x00000000  x6=0x00000000
         174328	      8614	8000b43c	4655	c.li	x12,21	 x12=0x00000015
         174348	      8615	8000b43e	0d95bb93	sltiu	x23,x11,217	 x11:0x00009000 x23=0x00000000
         174368	      8616	8000b442	418a8fb3	sub	x31,x21,x24	 x21:0x80025ce4 x24:0xffffffff x31=0x80025ce5
         174548	      8625	8000b446	340194f3	csrrw	x9,mscratch,x3	  x3:0x00000001  x9=0x00000005
         174808	      8638	8000b44a	34055e73	csrrwi	x28,mscratch,10	 x28=0x00000001
         175008	      8648	8000b44e	01d29f63	bne	x5,x29,8000b46c	  x5:0x00000003 x29:0x00000020
         176908	      8743	8000b46c	40d75c13	srai	x24,x14,0xd	 x14:0x00000007 x24=0x00000000
         177348	      8765	8000b470	9bab3337	lui	x6,0x9bab3	  x6=0x9bab3000
         177548	      8775	8000b474	030c6c33	rem	x24,x24,x16	 x24:0x00000000 x16:0x00000000 x24=0x00000000
         177568	      8776	8000b478	b6a17597	auipc	x11,0xb6a17	 x11=0x36a22478
         177668	      8781	8000b47c	032cd533	divu	x10,x25,x18	 x25:0x00070000 x18:0x00000000 x10=0xffffffff
         177708	      8783	8000b480	032f1733	mulh	x14,x30,x18	 x30:0x00000000 x18:0x00000000 x14=0x00000000
         177888	      8792	8000b484	86b9	c.srai	x13,0xe	 x13:0x00000000 x13=0x00000000
         178308	      8813	8000b486	004864b3	or	x9,x16,x4	 x16:0x00000000  x4:0x00000000  x9=0x00000000
         178328	      8814	8000b48a	e315	c.bnez	x14,8000b4ae	 x14:0x00000000
         178728	      8834	8000b48c	00d69c63	bne	x13,x13,8000b4a4	 x13:0x00000000 x13:0x00000000
         178788	      8837	8000b490	41c35593	srai	x11,x6,0x1c	  x6:0x9bab3000 x11=0xfffffff9
         179928	      8894	8000b494	02a9f6b3	remu	x13,x19,x10	 x19:0x00000001 x10:0xffffffff x13=0x00000001
         179948	      8895	8000b498	34003673	csrrc	x12,mscratch,x0	  x0:0x00000000 x12=0x0000000a
         179968	      8896	8000b49c	340291f3	csrrw	x3,mscratch,x5	  x5:0x00000003  x3=0x0000000a
         179988	      8897	8000b4a0	74196e13	ori	x28,x18,1857	 x18:0x00000000 x28=0x00000741
         180008	      8898	8000b4a4	01aba4b3	slt	x9,x23,x26	 x23:0x00000000 x26:0x80025ce4  x9=0x00000000
         180028	      8899	8000b4a8	3403def3	csrrwi	x29,mscratch,7	 x29=0x00000003
         180048	      8900	8000b4ac	6f0d	c.lui	x30,0x3	 x30=0x00003000
         180068	      8901	8000b4ae	0104	c.addi4spn	x9,x2,128	  x9=0x0ccccf63
         180228	      8909	8000b4b0	00af71b3	and	x3,x30,x10	 x30:0x00003000 x10:0xffffffff  x3=0x00003000
         180328	      8914	8000b4b4	00bed113	srli	x2,x29,0xb	 x29:0x00000003  x2=0x00000000
         180368	      8916	8000b4b8	0142a093	slti	x1,x5,20	  x5:0x00000003  x1=0x00000001
         180408	      8918	8000b4bc	030b9063	bne	x23,x16,8000b4dc	 x23:0x00000000 x16:0x00000000
         180428	      8919	8000b4c0	405680b3	sub	x1,x13,x5	 x13:0x00000001  x5:0x00000003  x1=0xfffffffe
         180448	      8920	8000b4c4	008bd493	srli	x9,x23,0x8	 x23:0x00000000  x9=0x00000000
         180468	      8921	8000b4c8	8ca1	c.xor	x9,x8	  x9:0x00000000  x8:0x00000003  x9=0x00000003
         180908	      8943	8000b4ca	037d19b3	mulh	x19,x26,x23	 x26:0x80025ce4 x23:0x00000000 x19=0x00000000
         180928	      8944	8000b4ce	34057073	csrrci	x0,mscratch,10	  x0=0x00000000
         180948	      8945	8000b4d2	01fded33	or	x26,x27,x31	 x27:0x00000000 x31:0x80025ce5 x26=0x80025ce5
         180988	      8947	8000b4d6	00a69263	bne	x13,x10,8000b4da	 x13:0x00000001 x10:0xffffffff
         181508	      8973	8000b4da	8ff5	c.and	x15,x13	 x15:0x00000008 x13:0x00000001 x15=0x00000000
         181528	      8974	8000b4dc	340035f3	csrrc	x11,mscratch,x0	  x0:0x00000000 x11=0x00000005
         181768	      8986	8000b4e0	0ff0000f	fence	iorw,iorw	
         181788	      8987	8000b4e4	01817263	bgeu	x2,x24,8000b4e8	  x2:0x00000000 x24:0x00000000
         182728	      9034	8000b4e8	d1343f93	sltiu	x31,x8,-749	  x8:0x00000003 x31=0x00000001
         182988	      9047	8000b4ec	9e2a	c.add	x28,x10	 x28:0x00000741 x10:0xffffffff x28=0x00000740
         183048	      9050	8000b4ee	004b2303	lw	x6,4(x22)	 x22:0x80021e28  x6=0x8000601a PA:0x80021e2c load:0x8000601a
         183928	      9094	8000b4f2	034276b3	remu	x13,x4,x20	  x4:0x00000000 x20:0x0000063f x13=0x00000000
         183948	      9095	8000b4f6	34065ff3	csrrwi	x31,mscratch,12	 x31=0x00000005
         183968	      9096	8000b4fa	34006273	csrrsi	x4,mscratch,0	  x4=0x0000000c
         183988	      9097	8000b4fe	979e	c.add	x15,x7	 x15:0x00000000  x7:0x0000000a x15=0x0000000a
         184008	      9098	8000b500	86d00a13	addi	x20,x0,-1939	  x0:0x00000000 x20=0xfffff86d
         184028	      9099	8000b504	512e0017	auipc	x0,0x512e0	  x0=0x00000000
         184048	      9100	8000b508	34079ef3	csrrw	x29,mscratch,x15	 x15:0x0000000a x29=0x0000000c
         184068	      9101	8000b50c	028b0b13	addi	x22,x22,40	 x22:0x80021e28 x22=0x80021e50
         184208	      9108	8000b510	40015213	srai	x4,x2,0x0	  x2:0x00000000  x4=0x00000000
         184228	      9109	8000b514	00130993	addi	x19,x6,1	  x6:0x8000601a x19=0x8000601b
         184288	      9112	8000b518	8982	c.jr	x19	 x19:0x8000601b
         185048	      9150	8000601a	005f9833	sll	x16,x31,x5	 x31:0x00000005  x5:0x00000003 x16=0x00000028
         185068	      9151	8000601e	1d4c7093	andi	x1,x24,468	 x24:0x00000000  x1=0x00000000
         185088	      9152	80006022	026bf917	auipc	x18,0x26bf	 x18=0x826c5022
         185108	      9153	80006026	799b8713	addi	x14,x23,1945	 x23:0x00000000 x14=0x00000799
         185128	      9154	8000602a	717d	c.addi16sp	x2,-16	  x2:0x00000000  x2=0xfffffff0
         185148	      9155	8000602c	717d	c.addi16sp	x2,-16	  x2:0xfffffff0  x2=0xffffffe0
         185168	      9156	8000602e	4024de33	sra	x28,x9,x2	  x9:0x00000003  x2:0xffffffe0 x28=0x00000003
         185188	      9157	80006032	01c94863	blt	x18,x28,80006042	 x18:0x826c5022 x28:0x00000003
         185448	      9170	80006042	01d5dc13	srli	x24,x11,0x1d	 x11:0x00000005 x24=0x00000000
         185608	      9178	80006046	023c7063	bgeu	x24,x3,80006066	 x24:0x00000000  x3:0x00003000
         185628	      9179	8000604a	40278d33	sub	x26,x15,x2	 x15:0x0000000a  x2:0xffffffe0 x26=0x0000002a
         185648	      9180	8000604e	07a2	c.slli	x15,0x8	 x15:0x0000000a x15=0x00000a00
         185668	      9181	80006050	8ef1	c.and	x13,x12	 x13:0x00000000 x12:0x0000000a x13=0x00000000
         185868	      9191	80006052	0000100f	fence.i	
         186748	      9235	80006056	01d574b3	and	x9,x10,x29	 x10:0xffffffff x29:0x0000000c  x9=0x0000000c
         187008	      9248	8000605a	0ff0000f	fence	iorw,iorw	
         187028	      9249	8000605e	34007df3	csrrci	x27,mscratch,0	 x27=0x0000000a
         187048	      9250	80006062	0909	c.addi	x18,2	 x18:0x826c5022 x18=0x826c5024
         191248	      9460	80006064	8f11	c.sub	x14,x12	 x14:0x00000799 x12:0x0000000a x14=0x0000078f
         191268	      9461	80006066	00cc59b3	srl	x19,x24,x12	 x24:0x00000000 x12:0x0000000a x19=0x00000000
         191288	      9462	8000606a	032d09b3	mul	x19,x26,x18	 x26:0x0000002a x18:0x826c5024 x19=0x65c525e8
         191308	      9463	8000606e	34003ff3	csrrc	x31,mscratch,x0	  x0:0x00000000 x31=0x0000000a
         191328	      9464	80006072	8f0d	c.sub	x14,x11	 x14:0x0000078f x11:0x00000005 x14=0x0000078a
         191348	      9465	80006074	00ae1993	slli	x19,x28,0xa	 x28:0x00000003 x19=0x00000c00
         191388	      9467	80006078	8cc5	c.or	x9,x9	  x9:0x0000000c  x9:0x0000000c  x9=0x0000000c
         191428	      9469	8000607a	03eb9133	mulh	x2,x23,x30	 x23:0x00000000 x30:0x00003000  x2=0x00000000
         191528	      9474	8000607e	340062f3	csrrsi	x5,mscratch,0	  x5=0x0000000a
         191728	      9484	80006082	340c1573	csrrw	x10,mscratch,x24	 x24:0x00000000 x10=0x0000000a
         191908	      9493	80006086	4183d233	sra	x4,x7,x24	  x7:0x0000000a x24:0x00000000  x4=0x0000000a
         192328	      9514	8000608a	01656563	bltu	x10,x22,80006094	 x10:0x0000000a x22:0x80021e50
         192888	      9542	80006094	0000100f	fence.i	
         194688	      9632	80006098	031757b3	divu	x15,x14,x17	 x14:0x0000078a x17:0x5acc1240 x15=0x00000000
         194708	      9633	8000609c	340ce8f3	csrrsi	x17,mscratch,25	 x17=0x00000000
         194728	      9634	800060a0	ee89	c.bnez	x13,800060ba	 x13:0x00000000
         194748	      9635	800060a2	98fd	c.andi	x9,-1	  x9:0x0000000c  x9=0x0000000c
         194768	      9636	800060a4	5ed7b293	sltiu	x5,x15,1517	 x15:0x00000000  x5=0x00000001
         194788	      9637	800060a8	f04a6c93	ori	x25,x20,-252	 x20:0xfffff86d x25=0xffffff6d
         194808	      9638	800060ac	01a782b3	add	x5,x15,x26	 x15:0x00000000 x26:0x0000002a  x5=0x0000002a
         194928	      9644	800060b0	03231663	bne	x6,x18,800060dc	  x6:0x8000601a x18:0x826c5024
         195108	      9653	800060dc	03d6f263	bgeu	x13,x29,80006100	 x13:0x00000000 x29:0x0000000c
         195208	      9658	800060e0	03098763	beq	x19,x16,8000610e	 x19:0x00000c00 x16:0x00000028
         195228	      9659	800060e4	0000100f	fence.i	
         195968	      9696	800060e8	0087d4b3	srl	x9,x15,x8	 x15:0x00000000  x8:0x00000003  x9=0x00000000
         195988	      9697	800060ec	34006673	csrrsi	x12,mscratch,0	 x12=0x00000019
         196408	      9718	800060f0	3f4b8593	addi	x11,x23,1012	 x23:0x00000000 x11=0x000003f4
         196428	      9719	800060f4	0000100f	fence.i	
         196948	      9745	800060f8	1704	c.addi4spn	x9,x2,928	  x9=0x000003a0
         196968	      9746	800060fa	06a1	c.addi	x13,8	 x13:0x00000000 x13=0x00000008
         197368	      9766	800060fc	0ff0000f	fence	iorw,iorw	
         197388	      9767	80006100	8021	c.srli	x8,0x8	  x8:0x00000003  x8=0x00000000
         197668	      9781	80006102	010c5463	bge	x24,x16,8000610a	 x24:0x00000000 x16:0x00000028
         197868	      9791	80006106	5cc8bb93	sltiu	x23,x17,1484	 x17:0x00000000 x23=0x00000001
         197888	      9792	8000610a	011d1293	slli	x5,x26,0x11	 x26:0x0000002a  x5=0x00540000
         197908	      9793	8000610e	4034dd93	srai	x27,x9,0x3	  x9:0x000003a0 x27=0x00000074
         198108	      9803	80006112	009e9793	slli	x15,x29,0x9	 x29:0x0000000c x15=0x00001800
         198128	      9804	80006116	3fc63337	lui	x6,0x3fc63	  x6=0x3fc63000
         198148	      9805	8000611a	40cad193	srai	x3,x21,0xc	 x21:0x80025ce4  x3=0xfff80025
         198588	      9827	8000611e	03341f33	mulh	x30,x8,x19	  x8:0x00000000 x19:0x00000c00 x30=0x00000000
         198608	      9828	80006122	03a82593	slti	x11,x16,58	 x16:0x00000028 x11=0x00000001
         198628	      9829	80006126	037c6063	bltu	x24,x23,80006146	 x24:0x00000000 x23:0x00000001
         199128	      9854	80006146	0020d463	bge	x1,x2,8000614e	  x1:0x00000000  x2:0x00000000
         199488	      9872	8000614e	40da5713	srai	x14,x20,0xd	 x20:0xfffff86d x14=0xffffffff
         199508	      9873	80006152	4cbd	c.li	x25,15	 x25=0x0000000f
         199768	      9886	80006154	9caa	c.add	x25,x10	 x25:0x0000000f x10:0x0000000a x25=0x00000019
         199788	      9887	80006156	0192d8b3	srl	x17,x5,x25	  x5:0x00540000 x25:0x00000019 x17=0x00000000
         199828	      9889	8000615a	8cbff113	andi	x2,x31,-1845	 x31:0x0000000a  x2=0x0000000a
         200088	      9902	8000615e	023f94b3	mulh	x9,x31,x3	 x31:0x0000000a  x3:0xfff80025  x9=0xffffffff
         200108	      9903	80006162	19cd6993	ori	x19,x26,412	 x26:0x0000002a x19=0x000001be
         200448	      9920	80006166	0118f2b3	and	x5,x17,x17	 x17:0x00000000 x17:0x00000000  x5=0x00000000
         200488	      9922	8000616a	0236b2b3	mulhu	x5,x13,x3	 x13:0x00000008  x3:0xfff80025  x5=0x00000007
         201228	      9959	8000616e	034ac2b3	div	x5,x21,x20	 x21:0x80025ce4 x20:0xfffff86d  x5=0x0010e5f1
         201288	      9962	80006172	004b2303	lw	x6,4(x22)	 x22:0x80021e50  x6=0x800034d8 PA:0x80021e54 load:0x800034d8
         202028	      9999	80006176	039fc233	div	x4,x31,x25	 x31:0x0000000a x25:0x00000019  x4=0x00000000
         202048	     10000	8000617a	0b51	c.addi	x22,20	 x22:0x80021e50 x22=0x80021e64
         202068	     10001	8000617c	d077c193	xori	x3,x15,-761	 x15:0x00001800  x3=0xffffe507
         202088	     10002	80006180	0000100f	fence.i	
         202308	     10013	80006184	00130e13	addi	x28,x6,1	  x6:0x800034d8 x28=0x800034d9
         202548	     10025	80006188	8e02	c.jr	x28	 x28:0x800034d9
         203628	     10079	800034d8	34007973	csrrci	x18,mscratch,0	 x18=0x00000019
         203768	     10086	800034dc	030930b3	mulhu	x1,x18,x16	 x18:0x00000019 x16:0x00000028  x1=0x00000000
         203788	     10087	800034e0	063a	c.slli	x12,0xe	 x12:0x00000019 x12=0x00064000
         203828	     10089	800034e2	04578563	beq	x15,x5,8000352c	 x15:0x00001800  x5:0x0010e5f1
         204268	     10111	800034e6	0311ed33	rem	x26,x3,x17	  x3:0xffffe507 x17:0x00000000 x26=0xffffe507
         204608	     10128	800034ea	3403eef3	csrrsi	x29,mscratch,7	 x29=0x00000019
         205028	     10149	800034ee	00781db3	sll	x27,x16,x7	 x16:0x00000028  x7:0x0000000a x27=0x0000a000
         205168	     10156	800034f2	405e5b93	srai	x23,x28,0x5	 x28:0x800034d9 x23=0xfc0001a6
         205188	     10157	800034f6	34035df3	csrrwi	x27,mscratch,6	 x27=0x0000001f
         205328	     10164	800034fa	0000100f	fence.i	
         206488	     10222	800034fe	00003617	auipc	x12,0x3	 x12=0x800064fe
         206908	     10243	80003502	91460613	addi	x12,x12,-1772	 x12:0x800064fe x12=0x80005e12
         207348	     10265	80003506	02fcbbb3	mulhu	x23,x25,x15	 x25:0x00000019 x15:0x00001800 x23=0x00000000
         207368	     10266	8000350a	de860613	addi	x12,x12,-536	 x12:0x80005e12 x12=0x80005bfa
         207488	     10272	8000350e	0ff0000f	fence	iorw,iorw	
         207508	     10273	80003512	c522ce93	xori	x29,x5,-942	  x5:0x0010e5f1 x29=0xffef19a3
         207528	     10274	80003516	8ccd	c.or	x9,x11	  x9:0xffffffff x11:0x00000001  x9=0xffffffff
         207548	     10275	80003518	0598	c.addi4spn	x14,x2,704	 x14=0x000002ca
         207568	     10276	8000351a	8e89	c.sub	x13,x10	 x13:0x00000008 x10:0x0000000a x13=0xfffffffe
         207908	     10293	8000351c	21860367	jalr	x6,536(x12)	 x12:0x80005bfa  x6=0x80003520
         208188	     10307	80005e12	01a24663	blt	x4,x26,80005e1e	  x4:0x00000000 x26:0xffffe507
         208208	     10308	80005e16	8609	c.srai	x12,0x2	 x12:0x80005bfa x12=0xe00016fe
         208228	     10309	80005e18	d3e0af37	lui	x30,0xd3e0a	 x30=0xd3e0a000
         208388	     10317	80005e1c	0001	c.addi	x0,0	  x0:0x00000000  x0=0x00000000
         208408	     10318	80005e1e	1b31	c.addi	x22,-20	 x22:0x80021e64 x22=0x80021e50
         208428	     10319	80005e20	018768b3	or	x17,x14,x24	 x14:0x000002ca x24:0x00000000 x17=0x000002ca
         208448	     10320	80005e24	0001	c.addi	x0,0	  x0:0x00000000  x0=0x00000000
         209288	     10362	80005e26	006b2223	sw	x6,4(x22)	 x22:0x80021e50  x6:0x80003520 PA:0x80021e54 store:0x80003520
         209308	     10363	80005e2a	8e91	c.sub	x13,x12	 x13:0xfffffffe x12:0xe00016fe x13=0x1fffe900
         209328	     10364	80005e2c	340029f3	csrrs	x19,mscratch,x0	  x0:0x00000000 x19=0x00000006
         209348	     10365	80005e30	9efa	c.add	x29,x30	 x29:0xffef19a3 x30:0xd3e0a000 x29=0xd3cfb9a3
         209368	     10366	80005e32	40385cb3	sra	x25,x16,x3	 x16:0x00000028  x3:0xffffe507 x25=0x00000000
         209388	     10367	80005e36	8d39	c.xor	x10,x14	 x10:0x0000000a x14:0x000002ca x10=0x000002c0
         209408	     10368	80005e38	340a1773	csrrw	x14,mscratch,x20	 x20:0xfffff86d x14=0x00000006
         209428	     10369	80005e3c	85c1	c.srai	x11,0x10	 x11:0x00000001 x11=0x00000000
         209568	     10376	80005e3e	34037073	csrrci	x0,mscratch,6	  x0=0x00000000
         209588	     10377	80005e42	8339	c.srli	x14,0xe	 x14:0x00000006 x14=0x00000000
         209608	     10378	80005e44	d4082b97	auipc	x23,0xd4082	 x23=0x54087e44
         209628	     10379	80005e48	cd15	c.beqz	x10,80005e84	 x10:0x000002c0
         209648	     10380	80005e4a	c085	c.beqz	x9,80005e6a	  x9:0xffffffff
         209828	     10389	80005e4c	340adc73	csrrwi	x24,mscratch,21	 x24=0xfffff869
         210228	     10409	80005e50	0152e333	or	x6,x5,x21	  x5:0x0010e5f1 x21:0x80025ce4  x6=0x8012fdf5
         210248	     10410	80005e54	01b11a13	slli	x20,x2,0x1b	  x2:0x0000000a x20=0x50000000
         210648	     10430	80005e58	85e9	c.srai	x11,0x1a	 x11:0x00000000 x11=0x00000000
         210668	     10431	80005e5a	3b163413	sltiu	x8,x12,945	 x12:0xe00016fe  x8=0x00000000
         210688	     10432	80005e5e	004c4433	xor	x8,x24,x4	 x24:0xfffff869  x4:0x00000000  x8=0xfffff869
         210768	     10436	80005e62	00f08463	beq	x1,x15,80005e6a	  x1:0x00000000 x15:0x00001800
         210788	     10437	80005e66	002a5893	srli	x17,x20,0x2	 x20:0x50000000 x17=0x14000000
         210888	     10442	80005e6a	0175c433	xor	x8,x11,x23	 x11:0x00000000 x23:0x54087e44  x8=0x54087e44
         211628	     10479	80005e6e	02a85fb3	divu	x31,x16,x10	 x16:0x00000028 x10:0x000002c0 x31=0x00000000
         211648	     10480	80005e72	01e9d2b3	srl	x5,x19,x30	 x19:0x00000006 x30:0xd3e0a000  x5=0x00000006
         211668	     10481	80005e76	01f79b63	bne	x15,x31,80005e8c	 x15:0x00001800 x31:0x00000000
         211948	     10495	80005e8c	7583c613	xori	x12,x7,1880	  x7:0x0000000a x12=0x00000752
         212208	     10508	80005e90	0ff0000f	fence	iorw,iorw	
         212628	     10529	80005e94	01041563	bne	x8,x16,80005e9e	  x8:0x54087e44 x16:0x00000028
         214128	     10604	80005e9e	851d	c.srai	x10,0x7	 x10:0x000002c0 x10=0x00000005
         215288	     10662	80005ea0	02c660b3	rem	x1,x12,x12	 x12:0x00000752 x12:0x00000752  x1=0x00000000
         216028	     10699	80005ea4	026352b3	divu	x5,x6,x6	  x6:0x8012fdf5  x6:0x8012fdf5  x5=0x00000001
         216768	     10736	80005ea8	02997133	remu	x2,x18,x9	 x18:0x00000019  x9:0xffffffff  x2=0x00000019
         216788	     10737	80005eac	01fe4663	blt	x28,x31,80005eb8	 x28:0x800034d9 x31:0x00000000
         216828	     10739	80005eb8	0ff0000f	fence	iorw,iorw	
         216848	     10740	80005ebc	6dcd	c.lui	x27,0x13	 x27=0x00013000
         217088	     10752	80005ebe	ddb7a513	slti	x10,x15,-549	 x15:0x00001800 x10=0x00000000
         217108	     10753	80005ec2	010a1e93	slli	x29,x20,0x10	 x20:0x50000000 x29=0x00000000
         217728	     10784	80005ec6	023d0433	mul	x8,x26,x3	 x26:0xffffe507  x3:0xffffe507  x8=0x02d78631
         217748	     10785	80005eca	0496	c.slli	x9,0x5	  x9:0xffffffff  x9=0xffffffe0
         218488	     10822	80005ecc	0317e1b3	rem	x3,x15,x17	 x15:0x00001800 x17:0x14000000  x3=0x00001800
         234568	     11626	80005ed0	2b55bf13	sltiu	x30,x11,693	 x11:0x00000000 x30=0x00000001
         234588	     11627	80005ed4	38218493	addi	x9,x3,898	  x3:0x00001800  x9=0x00001b82
         234608	     11628	80005ed8	00d24733	xor	x14,x4,x13	  x4:0x00000000 x13:0x1fffe900 x14=0x1fffe900
         234628	     11629	80005edc	8cb2	c.mv	x25,x12	  x0:0x00000000 x12:0x00000752 x25=0x00000752
         234648	     11630	80005ede	01777433	and	x8,x14,x23	 x14:0x1fffe900 x23:0x54087e44  x8=0x14086800
         234668	     11631	80005ee2	340561f3	csrrsi	x3,mscratch,10	  x3=0x00000015
         234688	     11632	80005ee6	8ed9	c.or	x13,x14	 x13:0x1fffe900 x14:0x1fffe900 x13=0x1fffe900
         234848	     11640	80005ee8	0033e4b3	or	x9,x7,x3	  x7:0x0000000a  x3:0x00000015  x9=0x0000001f
         235348	     11665	80005eec	71e1e413	ori	x8,x3,1822	  x3:0x00000015  x8=0x0000071f
         235368	     11666	80005ef0	6d49	c.lui	x26,0x12	 x26=0x00012000
         236108	     11703	80005ef2	02c9d933	divu	x18,x19,x12	 x19:0x00000006 x12:0x00000752 x18=0x00000000
         236848	     11740	80005ef6	038de7b3	rem	x15,x27,x24	 x27:0x00013000 x24:0xfffff869 x15=0x00000068
         236868	     11741	80005efa	8625	c.srai	x12,0x9	 x12:0x00000752 x12=0x00000003
         236888	     11742	80005efc	4152d113	srai	x2,x5,0x15	  x5:0x00000001  x2=0x00000000
         236908	     11743	80005f00	0169d0b3	srl	x1,x19,x22	 x19:0x00000006 x22:0x80021e50  x1=0x00000000
         236928	     11744	80005f04	4136be93	sltiu	x29,x13,1043	 x13:0x1fffe900 x29=0x00000000
         236948	     11745	80005f08	404e5613	srai	x12,x28,0x4	 x28:0x800034d9 x12=0xf800034d
         236968	     11746	80005f0c	8c35	c.xor	x8,x13	  x8:0x0000071f x13:0x1fffe900  x8=0x1fffee1f
         237168	     11756	80005f0e	01a41563	bne	x8,x26,80005f18	  x8:0x1fffee1f x26:0x00012000
         238008	     11798	80005f18	8ee9	c.and	x13,x10	 x13:0x1fffe900 x10:0x00000000 x13=0x00000000
         238028	     11799	80005f1a	01581c13	slli	x24,x16,0x15	 x16:0x00000028 x24=0x05000000
         238228	     11809	80005f1e	040c7163	bgeu	x24,x0,80005f60	 x24:0x05000000  x0:0x00000000
         238568	     11826	80005f60	02835063	bge	x6,x8,80005f80	  x6:0x8012fdf5  x8:0x1fffee1f
         238588	     11827	80005f64	01db5633	srl	x12,x22,x29	 x22:0x80021e50 x29:0x00000000 x12=0x80021e50
         238608	     11828	80005f68	8cb5	c.xor	x9,x13	  x9:0x0000001f x13:0x00000000  x9=0x0000001f
         238628	     11829	80005f6a	01f41a13	slli	x20,x8,0x1f	  x8:0x1fffee1f x20=0x80000000
         238648	     11830	80005f6e	82ad	c.srli	x13,0xb	 x13:0x00000000 x13=0x00000000
         238848	     11840	80005f70	03f80233	mul	x4,x16,x31	 x16:0x00000028 x31:0x00000000  x4=0x00000000
         238868	     11841	80005f74	8ea1	c.xor	x13,x8	 x13:0x00000000  x8:0x1fffee1f x13=0x1fffee1f
         238888	     11842	80005f76	013f24b3	slt	x9,x30,x19	 x30:0x00000001 x19:0x00000006  x9=0x00000001
         239108	     11853	80005f7a	34066d73	csrrsi	x26,mscratch,12	 x26=0x0000001f
         239128	     11854	80005f7e	840a	c.mv	x8,x2	  x0:0x00000000  x2:0x00000000  x8=0x00000000
         239388	     11867	80005f80	6465	c.lui	x8,0x19	  x8=0x00019000
         239408	     11868	80005f82	022a0a63	beq	x20,x2,80005fb6	 x20:0x80000000  x2:0x00000000
         239508	     11873	80005f86	ec97c637	lui	x12,0xec97c	 x12=0xec97c000
         239628	     11879	80005f8a	031e0cb3	mul	x25,x28,x17	 x28:0x800034d9 x17:0x14000000 x25=0xf4000000
         239648	     11880	80005f8e	6499	c.lui	x9,0x6	  x9=0x00006000
         239708	     11883	80005f90	80d6	c.mv	x1,x21	  x0:0x00000000 x21:0x80025ce4  x1=0x80025ce4
         239728	     11884	80005f92	59f5a597	auipc	x11,0x59f5a	 x11=0xd9f5ff92
         239748	     11885	80005f96	0145adb3	slt	x27,x11,x20	 x11:0xd9f5ff92 x20:0x80000000 x27=0x00000000
         239828	     11889	80005f9a	ade1b997	auipc	x19,0xade1b	 x19=0x2de20f9a
         240248	     11910	80005f9e	2045a893	slti	x17,x11,516	 x11:0xd9f5ff92 x17=0x00000001
         240268	     11911	80005fa2	6141	c.addi16sp	x2,16	  x2:0x00000000  x2=0x00000010
         240288	     11912	80005fa4	006fb0b3	sltu	x1,x31,x6	 x31:0x00000000  x6:0x8012fdf5  x1=0x00000001
         240688	     11932	80005fa8	8d61	c.and	x10,x8	 x10:0x00000000  x8:0x00019000 x10=0x00000000
         240708	     11933	80005faa	0c0c	c.addi4spn	x11,x2,528	 x11=0x00000220
         240728	     11934	80005fac	3409aff3	csrrs	x31,mscratch,x19	 x19:0x2de20f9a x31=0x0000001f
         240748	     11935	80005fb0	b4544e93	xori	x29,x8,-1211	  x8:0x00019000 x29=0xfffe6b45
         240768	     11936	80005fb4	8b96	c.mv	x23,x5	  x0:0x00000000  x5:0x00000001 x23=0x00000001
         240848	     11940	80005fb6	01571313	slli	x6,x14,0x15	 x14:0x1fffe900  x6=0x20000000
         240868	     11941	80005fba	8fb1	c.xor	x15,x12	 x15:0x00000068 x12:0xec97c000 x15=0xec97c068
         240888	     11942	80005fbc	8127a193	slti	x3,x15,-2030	 x15:0xec97c068  x3=0x00000001
         241248	     11960	80005fc0	01547db3	and	x27,x8,x21	  x8:0x00019000 x21:0x80025ce4 x27=0x00001000
         241268	     11961	80005fc4	018e4263	blt	x28,x24,80005fc8	 x28:0x800034d9 x24:0x05000000
         241988	     11997	80005fc8	010520b3	slt	x1,x10,x16	 x10:0x00000000 x16:0x00000028  x1=0x00000001
         242008	     11998	80005fcc	6ced	c.lui	x25,0x1b	 x25=0x0001b000
         242028	     11999	80005fce	8f19	c.sub	x14,x14	 x14:0x1fffe900 x14:0x1fffe900 x14=0x00000000
         242048	     12000	80005fd0	8522	c.mv	x10,x8	  x0:0x00000000  x8:0x00019000 x10=0x00019000
         242068	     12001	80005fd2	0106c563	blt	x13,x16,80005fdc	 x13:0x1fffee1f x16:0x00000028
         242388	     12017	80005fd6	0000100f	fence.i	
         242848	     12040	80005fda	8c59	c.or	x8,x14	  x8:0x00019000 x14:0x00000000  x8=0x00019000
         243268	     12061	80005fdc	8d59	c.or	x10,x14	 x10:0x00019000 x14:0x00000000 x10=0x00019000
         243288	     12062	80005fde	24d3e513	ori	x10,x7,589	  x7:0x0000000a x10=0x0000024f
         243308	     12063	80005fe2	0704	c.addi4spn	x9,x2,896	  x9=0x00000390
         243328	     12064	80005fe4	0001	c.addi	x0,0	  x0:0x00000000  x0=0x00000000
         243348	     12065	80005fe6	717d	c.addi16sp	x2,-16	  x2:0x00000010  x2=0x00000000
         243368	     12066	80005fe8	ef51a993	slti	x19,x3,-267	  x3:0x00000001 x19=0x00000000
         243388	     12067	80005fec	8465	c.srai	x8,0x19	  x8:0x00019000  x8=0x00000000
         243748	     12085	80005fee	0162ba33	sltu	x20,x5,x22	  x5:0x00000001 x22:0x80021e50 x20=0x00000001
         243768	     12086	80005ff2	015fceb3	xor	x29,x31,x21	 x31:0x0000001f x21:0x80025ce4 x29=0x80025cfb
         243968	     12096	80005ff6	581f8f13	addi	x30,x31,1409	 x31:0x0000001f x30=0x000005a0
         243988	     12097	80005ffa	1a94	c.addi4spn	x13,x2,368	 x13=0x00000170
         244008	     12098	80005ffc	00e05d63	bge	x0,x14,80006016	  x0:0x00000000 x14:0x00000000
         244508	     12123	80006016	6300436f	jal	x6,8000a646	  x6=0x8000601a
         245008	     12148	8000a646	01d8e963	bltu	x17,x29,8000a658	 x17:0x00000001 x29:0x80025cfb
         246068	     12201	8000a658	fd8b0b13	addi	x22,x22,-40	 x22:0x80021e50 x22=0x80021e28
         246088	     12202	8000a65c	00f434b3	sltu	x9,x8,x15	  x8:0x00000000 x15:0xec97c068  x9=0x00000001
         246688	     12232	8000a660	006b2223	sw	x6,4(x22)	 x22:0x80021e28  x6:0x8000601a PA:0x80021e2c store:0x8000601a
         246708	     12233	8000a664	0000100f	fence.i	
         247548	     12275	8000a668	8cb5	c.xor	x9,x13	  x9:0x00000001 x13:0x00000170  x9=0x00000171
         247568	     12276	8000a66a	001c79b3	and	x19,x24,x1	 x24:0x05000000  x1:0x00000001 x19=0x00000000
         247608	     12278	8000a66e	024d4433	div	x8,x26,x4	 x26:0x0000001f  x4:0x00000000  x8=0xffffffff
         247628	     12279	8000a672	6da5	c.lui	x27,0x9	 x27=0x00009000
         247648	     12280	8000a674	8cc1	c.or	x9,x8	  x9:0x00000171  x8:0xffffffff  x9=0xffffffff
         248028	     12299	8000a676	0734bc93	sltiu	x25,x9,115	  x9:0xffffffff x25=0x00000000
         248048	     12300	8000a67a	0232	c.slli	x4,0xc	  x4:0x00000000  x4=0x00000000
         248068	     12301	8000a67c	0001	c.addi	x0,0	  x0:0x00000000  x0=0x00000000
         248408	     12318	8000a67e	00067eb3	and	x29,x12,x0	 x12:0xec97c000  x0:0x00000000 x29=0x00000000
         248608	     12328	8000a682	faa48213	addi	x4,x9,-86	  x9:0xffffffff  x4=0xffffffa9
         248768	     12336	8000a686	2ccfe013	ori	x0,x31,716	 x31:0x0000001f  x0=0x00000000
         248788	     12337	8000a68a	0096fe63	bgeu	x13,x9,8000a6a6	 x13:0x00000170  x9:0xffffffff
         248808	     12338	8000a68e	00538563	beq	x7,x5,8000a698	  x7:0x0000000a  x5:0x00000001
         248828	     12339	8000a692	167d	c.addi	x12,-1	 x12:0xec97c000 x12=0xec97bfff
         248848	     12340	8000a694	3402f4f3	csrrci	x9,mscratch,5	  x9=0x2de20f9f
         249008	     12348	8000a698	011d7963	bgeu	x26,x17,8000a6aa	 x26:0x0000001f x17:0x00000001
         249928	     12394	8000a6aa	76716213	ori	x4,x2,1895	  x2:0x00000000  x4=0x00000767
         249948	     12395	8000a6ae	8cf5	c.and	x9,x13	  x9:0x2de20f9f x13:0x00000170  x9=0x00000110
         249968	     12396	8000a6b0	01a8c333	xor	x6,x17,x26	 x17:0x00000001 x26:0x0000001f  x6=0x0000001e
         249988	     12397	8000a6b4	01989b63	bne	x17,x25,8000a6ca	 x17:0x00000001 x25:0x00000000
         251088	     12452	8000a6ca	23cb3013	sltiu	x0,x22,572	 x22:0x80021e28  x0=0x00000000
         251268	     12461	8000a6ce	340035f3	csrrc	x11,mscratch,x0	  x0:0x00000000 x11=0x2de20f9a
         251288	     12462	8000a6d2	34001673	csrrw	x12,mscratch,x0	  x0:0x00000000 x12=0x2de20f9a
         251448	     12470	8000a6d6	018bc0b3	xor	x1,x23,x24	 x23:0x00000001 x24:0x05000000  x1=0x05000001
         251468	     12471	8000a6da	9bfd	c.andi	x15,-1	 x15:0xec97c068 x15=0xec97c068
         251508	     12473	8000a6dc	03d3efb3	rem	x31,x7,x29	  x7:0x0000000a x29:0x00000000 x31=0x0000000a
         251528	     12474	8000a6e0	0001	c.addi	x0,0	  x0:0x00000000  x0=0x00000000
         251588	     12477	8000a6e2	01b36533	or	x10,x6,x27	  x6:0x0000001e x27:0x00009000 x10=0x0000901e
         252008	     12498	8000a6e6	0000100f	fence.i	
         252468	     12521	8000a6ea	c331	c.beqz	x14,8000a72e	 x14:0x00000000
         253208	     12558	8000a72e	d21cb593	sltiu	x11,x25,-735	 x25:0x00000000 x11=0x00000001
         253228	     12559	8000a732	0001	c.addi	x0,0	  x0:0x00000000  x0=0x00000000
         253248	     12560	8000a734	6575	c.lui	x10,0x1d	 x10=0x0001d000
         253408	     12568	8000a736	01fc3633	sltu	x12,x24,x31	 x24:0x05000000 x31:0x0000000a x12=0x00000000
         253608	     12578	8000a73a	34002773	csrrs	x14,mscratch,x0	  x0:0x00000000 x14=0x00000000
         253628	     12579	8000a73e	07be	c.slli	x15,0xf	 x15:0xec97c068 x15=0xe0340000
         253648	     12580	8000a740	401dd0b3	sra	x1,x27,x1	 x27:0x00009000  x1:0x05000001  x1=0x00004800
         253668	     12581	8000a744	8aa5	c.andi	x13,9	 x13:0x00000170 x13=0x00000000
         253688	     12582	8000a746	34007073	csrrci	x0,mscratch,0	  x0=0x00000000
         253708	     12583	8000a74a	d6888893	addi	x17,x17,-664	 x17:0x00000001 x17=0xfffffd69
         253848	     12590	8000a74e	02683633	mulhu	x12,x16,x6	 x16:0x00000028  x6:0x0000001e x12=0x00000000
         254248	     12610	8000a752	8323a913	slti	x18,x7,-1998	  x7:0x0000000a x18=0x00000000
         254368	     12616	8000a756	403358b3	sra	x17,x6,x3	  x6:0x0000001e  x3:0x00000001 x17=0x0000000f
         254388	     12617	8000a75a	40f70133	sub	x2,x14,x15	 x14:0x00000000 x15:0xe0340000  x2=0x1fcc0000
         254408	     12618	8000a75e	09f5	c.addi	x19,29	 x19:0x00000000 x19=0x0000001d
         254428	     12619	8000a760	12fd	c.addi	x5,-1	  x5:0x00000001  x5=0x00000000
         254448	     12620	8000a762	8c1d	c.sub	x8,x15	  x8:0xffffffff x15:0xe0340000  x8=0x1fcbffff
         254468	     12621	8000a764	8029	c.srli	x8,0xa	  x8:0x1fcbffff  x8=0x0007f2ff
         254488	     12622	8000a766	8b3d	c.andi	x14,15	 x14:0x00000000 x14=0x00000000
         254568	     12626	8000a768	0000100f	fence.i	
         254888	     12642	8000a76c	007a1c33	sll	x24,x20,x7	 x20:0x00000001  x7:0x0000000a x24=0x00000400
         254908	     12643	8000a770	8f49	c.or	x14,x10	 x14:0x00000000 x10:0x0001d000 x14=0x0001d000
         254928	     12644	8000a772	00339893	slli	x17,x7,0x3	  x7:0x0000000a x17=0x00000050
         254968	     12646	8000a776	34072df3	csrrs	x27,mscratch,x14	 x14:0x0001d000 x27=0x00000000
         254988	     12647	8000a77a	6369	c.lui	x6,0x1a	  x6=0x0001a000
         255208	     12658	8000a77c	0001	c.addi	x0,0	  x0:0x00000000  x0=0x00000000
         255228	     12659	8000a77e	0001	c.addi	x0,0	  x0:0x00000000  x0=0x00000000
         255348	     12665	8000a780	031b1b63	bne	x22,x17,8000a7b6	 x22:0x80021e28 x17:0x00000050
         255848	     12690	8000a7b6	2f0cf693	andi	x13,x25,752	 x25:0x00000000 x13=0x00000000
         255888	     12692	8000a7ba	03e2b633	mulhu	x12,x5,x30	  x5:0x00000000 x30:0x000005a0 x12=0x00000000
         255908	     12693	8000a7be	34009273	csrrw	x4,mscratch,x1	  x1:0x00004800  x4=0x0001d000
         255928	     12694	8000a7c2	0001	c.addi	x0,0	  x0:0x00000000  x0=0x00000000
         256268	     12711	8000a7c4	03ce3eb3	mulhu	x29,x28,x28	 x28:0x800034d9 x28:0x800034d9 x29=0x400034d9
         256308	     12713	8000a7c8	89d6	c.mv	x19,x21	  x0:0x00000000 x21:0x80025ce4 x19=0x80025ce4
         256328	     12714	8000a7ca	408886b3	sub	x13,x17,x8	 x17:0x00000050  x8:0x0007f2ff x13=0xfff80d51
         256348	     12715	8000a7ce	bdd87613	andi	x12,x16,-1059	 x16:0x00000028 x12=0x00000008
         257448	     12770	8000a7d2	0246c8b3	div	x17,x13,x4	 x13:0xfff80d51  x4:0x0001d000 x17=0xfffffffc
         257468	     12771	8000a7d6	4085d113	srai	x2,x11,0x8	 x11:0x00000001  x2=0x00000000
         257508	     12773	8000a7da	03b130b3	mulhu	x1,x2,x27	  x2:0x00000000 x27:0x00000000  x1=0x00000000
         257528	     12774	8000a7de	828d	c.srli	x13,0x3	 x13:0xfff80d51 x13=0x1fff01aa
         257548	     12775	8000a7e0	01011d93	slli	x27,x2,0x10	  x2:0x00000000 x27=0x00000000
         257588	     12777	8000a7e4	03ba4233	div	x4,x20,x27	 x20:0x00000001 x27:0x00000000  x4=0xffffffff
         257608	     12778	8000a7e8	01d1f4b3	and	x9,x3,x29	  x3:0x00000001 x29:0x400034d9  x9=0x00000001
         257628	     12779	8000a7ec	34069573	csrrw	x10,mscratch,x13	 x13:0x1fff01aa x10=0x00004800
         257828	     12789	8000a7f0	02d2bfb3	mulhu	x31,x5,x13	  x5:0x00000000 x13:0x1fff01aa x31=0x00000000
         257848	     12790	8000a7f4	0f1c	c.addi4spn	x15,x2,912	 x15=0x00000390
         258108	     12803	8000a7f6	389e4e13	xori	x28,x28,905	 x28:0x800034d9 x28=0x80003750
         258128	     12804	8000a7fa	1a74d5b7	lui	x11,0x1a74d	 x11=0x1a74d000
         258548	     12825	8000a7fe	01ba6933	or	x18,x20,x27	 x20:0x00000001 x27:0x00000000 x18=0x00000001
         258568	     12826	8000a802	1ffd	c.addi	x31,-1	 x31:0x00000000 x31=0xffffffff
         258648	     12830	8000a804	ec26ce93	xori	x29,x13,-318	 x13:0x1fff01aa x29=0xe000ff68
         258688	     12832	8000a808	40deda13	srai	x20,x29,0xd	 x29:0xe000ff68 x20=0xffff0007
         259108	     12853	8000a80c	34071873	csrrw	x16,mscratch,x14	 x14:0x0001d000 x16=0x1fff01aa
         259128	     12854	8000a810	04565163	bge	x12,x5,8000a852	 x12:0x00000008  x5:0x00000000
         259568	     12876	8000a852	41505b93	srai	x23,x0,0x15	  x0:0x00000000 x23=0x00000000
         259588	     12877	8000a856	047d1063	bne	x26,x7,8000a896	 x26:0x0000001f  x7:0x0000000a
         259748	     12885	8000a896	00f45c63	bge	x8,x15,8000a8ae	  x8:0x0007f2ff x15:0x00000390
         259868	     12891	8000a8ae	00929f63	bne	x5,x9,8000a8cc	  x5:0x00000000  x9:0x00000001
         260128	     12904	8000a8cc	805ee513	ori	x10,x29,-2043	 x29:0xe000ff68 x10=0xffffff6d
         260368	     12916	8000a8d0	717d	c.addi16sp	x2,-16	  x2:0x00000000  x2=0xfffffff0
         260388	     12917	8000a8d2	5cfd	c.li	x25,-1	 x25=0xffffffff
         260588	     12927	8000a8d4	1910	c.addi4spn	x12,x2,176	 x12=0x000000a0
         260608	     12928	8000a8d6	00c98f63	beq	x19,x12,8000a8f4	 x19:0x80025ce4 x12:0x000000a0
         260928	     12944	8000a8da	41b85fb3	sra	x31,x16,x27	 x16:0x1fff01aa x27:0x00000000 x31=0x1fff01aa
         260948	     12945	8000a8de	00ccd5b3	srl	x11,x25,x12	 x25:0xffffffff x12:0x000000a0 x11=0xffffffff
         260968	     12946	8000a8e2	0476	c.slli	x8,0x1d	  x8:0x0007f2ff  x8=0xe0000000
         261368	     12966	8000a8e4	cd95	c.beqz	x11,8000a920	 x11:0xffffffff
         261788	     12987	8000a8e6	ebb9e817	auipc	x16,0xebb9e	 x16=0x6bba88e6
         261808	     12988	8000a8ea	8c35	c.xor	x8,x13	  x8:0xe0000000 x13:0x1fff01aa  x8=0xffff01aa
         262088	     13002	8000a8ec	00e2ee33	or	x28,x5,x14	  x5:0x00000000 x14:0x0001d000 x28=0x0001d000
         262108	     13003	8000a8f0	02ae01b3	mul	x3,x28,x10	 x28:0x0001d000 x10:0xffffff6d  x3=0xfef59000
         262128	     13004	8000a8f4	34007573	csrrci	x10,mscratch,0	 x10=0x0001d000
         262288	     13012	8000a8f8	34002273	csrrs	x4,mscratch,x0	  x0:0x00000000  x4=0x0001d000
         262348	     13015	8000a8fc	0105c9b3	xor	x19,x11,x16	 x11:0xffffffff x16:0x6bba88e6 x19=0x94457719
         262368	     13016	8000a900	82e2	c.mv	x5,x24	  x0:0x00000000 x24:0x00000400  x5=0x00000400
         262548	     13025	8000a902	4f723c97	auipc	x25,0x4f723	 x25=0xcf72d902
         262688	     13032	8000a906	34051373	csrrw	x6,mscratch,x10	 x10:0x0001d000  x6=0x0001d000
         262708	     13033	8000a90a	05f26463	bltu	x4,x31,8000a952	  x4:0x0001d000 x31:0x1fff01aa
         263608	     13078	8000a952	00139593	slli	x11,x7,0x1	  x7:0x0000000a x11=0x00000014
         263628	     13079	8000a956	00cab2b3	sltu	x5,x21,x12	 x21:0x80025ce4 x12:0x000000a0  x5=0x00000000
         263708	     13083	8000a95a	856b2893	slti	x17,x22,-1962	 x22:0x80021e28 x17=0x00000001
         263728	     13084	8000a95e	8acd	c.andi	x13,19	 x13:0x1fff01aa x13=0x00000002
         263928	     13094	8000a960	040a1063	bne	x20,x0,8000a9a0	 x20:0xffff0007  x0:0x00000000
         264628	     13129	8000a9a0	8ca1	c.xor	x9,x8	  x9:0x00000001  x8:0xffff01aa  x9=0xffff01ab
         264648	     13130	8000a9a2	157d	c.addi	x10,-1	 x10:0x0001d000 x10=0x0001cfff
         264668	     13131	8000a9a4	117d	c.addi	x2,-1	  x2:0xfffffff0  x2=0xffffffef
         264768	     13136	8000a9a6	3f512313	slti	x6,x2,1013	  x2:0xffffffef  x6=0x00000001
         265188	     13157	8000a9aa	02a11a63	bne	x2,x10,8000a9de	  x2:0xffffffef x10:0x0001cfff
         266168	     13206	8000a9de	85d2	c.mv	x11,x20	  x0:0x00000000 x20:0xffff0007 x11=0xffff0007
         266208	     13208	8000a9e0	00feb5b3	sltu	x11,x29,x15	 x29:0xe000ff68 x15:0x00000390 x11=0x00000000
         266268	     13211	8000a9e4	b049a613	slti	x12,x19,-1276	 x19:0x94457719 x12=0x00000001
         266288	     13212	8000a9e8	0141a6b3	slt	x13,x3,x20	  x3:0xfef59000 x20:0xffff0007 x13=0x00000001
         266328	     13214	8000a9ec	01806733	or	x14,x0,x24	  x0:0x00000000 x24:0x00000400 x14=0x00000400
         266348	     13215	8000a9f0	008cb033	sltu	x0,x25,x8	 x25:0xcf72d902  x8:0xffff01aa  x0=0x00000000
         266428	     13219	8000a9f4	01919263	bne	x3,x25,8000a9f8	  x3:0xfef59000 x25:0xcf72d902
         266848	     13240	8000a9f8	0325b9b3	mulhu	x19,x11,x18	 x11:0x00000000 x18:0x00000001 x19=0x00000000
         266868	     13241	8000a9fc	340be8f3	csrrsi	x17,mscratch,23	 x17=0x0001d000
         266888	     13242	8000aa00	04447263	bgeu	x8,x4,8000aa44	  x8:0xffff01aa  x4:0x0001d000
         267128	     13254	8000aa44	4028dd93	srai	x27,x17,0x2	 x17:0x0001d000 x27=0x00007400
         267528	     13274	8000aa48	2f24ec93	ori	x25,x9,754	  x9:0xffff01ab x25=0xffff03fb
         267668	     13281	8000aa4c	0164ed33	or	x26,x9,x22	  x9:0xffff01ab x22:0x80021e28 x26=0xffff1fab
         268088	     13302	8000aa50	9732	c.add	x14,x12	 x14:0x00000400 x12:0x00000001 x14=0x00000401
         268208	     13308	8000aa52	41d7d833	sra	x16,x15,x29	 x15:0x00000390 x29:0xe000ff68 x16=0x00000003
         268228	     13309	8000aa56	8e3d	c.xor	x12,x15	 x12:0x00000001 x15:0x00000390 x12=0x00000391
         268248	     13310	8000aa58	007f9f63	bne	x31,x7,8000aa76	 x31:0x1fff01aa  x7:0x0000000a
         268468	     13321	8000aa76	54d66017	auipc	x0,0x54d66	  x0=0x00000000
         268508	     13323	8000aa7a	03282d33	mulhsu	x26,x16,x18	 x16:0x00000003 x18:0x00000001 x26=0x00000000
         268528	     13324	8000aa7e	971e	c.add	x14,x7	 x14:0x00000401  x7:0x0000000a x14=0x0000040b
         268548	     13325	8000aa80	845a	c.mv	x8,x22	  x0:0x00000000 x22:0x80021e28  x8=0x80021e28
         268568	     13326	8000aa82	8e0a	c.mv	x28,x2	  x0:0x00000000  x2:0xffffffef x28=0xffffffef
         268708	     13333	8000aa84	3407b973	csrrc	x18,mscratch,x15	 x15:0x00000390 x18=0x0001d017
         268748	     13335	8000aa88	49dab313	sltiu	x6,x21,1181	 x21:0x80025ce4  x6=0x00000000
         268888	     13342	8000aa8c	340069f3	csrrsi	x19,mscratch,0	 x19=0x0001d007
         268928	     13344	8000aa90	031925b3	mulhsu	x11,x18,x17	 x18:0x0001d017 x17:0x0001d000 x11=0x00000003
         268948	     13345	8000aa94	0095ddb3	srl	x27,x11,x9	 x11:0x00000003  x9:0xffff01ab x27=0x00000000
         269088	     13352	8000aa98	03421933	mulh	x18,x4,x20	  x4:0x0001d000 x20:0xffff0007 x18=0xfffffffe
         269448	     13370	8000aa9c	639a9097	auipc	x1,0x639a9	  x1=0xe39b3a9c
         269868	     13391	8000aaa0	8b15	c.andi	x14,5	 x14:0x0000040b x14=0x00000001
         269908	     13393	8000aaa2	8d5c6b93	ori	x23,x24,-1835	 x24:0x00000400 x23=0xfffffcd5
         269968	     13396	8000aaa6	008fb4b3	sltu	x9,x31,x8	 x31:0x1fff01aa  x8:0x80021e28  x9=0x00000001
         269988	     13397	8000aaaa	0001	c.addi	x0,0	  x0:0x00000000  x0=0x00000000
         270028	     13399	8000aaac	3407f473	csrrci	x8,mscratch,15	  x8=0x0001d007
         270448	     13420	8000aab0	4075df13	srai	x30,x11,0x7	 x11:0x00000003 x30=0x00000000
         270568	     13426	8000aab4	c8a5a1b7	lui	x3,0xc8a5a	  x3=0xc8a5a000
         270588	     13427	8000aab8	340fa573	csrrs	x10,mscratch,x31	 x31:0x1fff01aa x10=0x0001d000
         271328	     13464	8000aabc	032e56b3	divu	x13,x28,x18	 x28:0xffffffef x18:0xfffffffe x13=0x00000000
         271348	     13465	8000aac0	002291b3	sll	x3,x5,x2	  x5:0x00000000  x2:0xffffffef  x3=0x00000000
         271368	     13466	8000aac4	01c75463	bge	x14,x28,8000aacc	 x14:0x00000001 x28:0xffffffef
         271408	     13468	8000aacc	ef724713	xori	x14,x4,-265	  x4:0x0001d000 x14=0xfffe2ef7
         271428	     13469	8000aad0	026f81b3	mul	x3,x31,x6	 x31:0x1fff01aa  x6:0x00000000  x3=0x00000000
         271448	     13470	8000aad4	004a0733	add	x14,x20,x4	 x20:0xffff0007  x4:0x0001d000 x14=0x0000d007
         272848	     13540	8000aad8	03d55bb3	divu	x23,x10,x29	 x10:0x0001d000 x29:0xe000ff68 x23=0x00000000
         272868	     13541	8000aadc	6f3b6713	ori	x14,x22,1779	 x22:0x80021e28 x14=0x80021efb
         272888	     13542	8000aae0	9276cf93	xori	x31,x13,-1753	 x13:0x00000000 x31=0xfffff927
         272968	     13546	8000aae4	340b5473	csrrwi	x8,mscratch,22	  x8=0x1fffd1aa
         272988	     13547	8000aae8	00429e33	sll	x28,x5,x4	  x5:0x00000000  x4:0x0001d000 x28=0x00000000
         273268	     13561	8000aaec	00edf233	and	x4,x27,x14	 x27:0x00000000 x14:0x80021efb  x4=0x00000000
         273288	     13562	8000aaf0	6445	c.lui	x8,0x11	  x8=0x00011000
         273308	     13563	8000aaf2	030c9d63	bne	x25,x16,8000ab2c	 x25:0xffff03fb x16:0x00000003
         280908	     13943	8000ab2c	340077f3	csrrci	x15,mscratch,0	 x15=0x00000016
         281068	     13951	8000ab30	0178dd13	srli	x26,x17,0x17	 x17:0x0001d000 x26=0x00000000
         281088	     13952	8000ab34	99fd	c.andi	x11,-1	 x11:0x00000003 x11=0x00000003
         281828	     13989	8000ab36	02b9d433	divu	x8,x19,x11	 x19:0x0001d007 x11:0x00000003  x8=0x00009aad
         281848	     13990	8000ab3a	c91d	c.beqz	x10,8000ab70	 x10:0x0001d000
         281868	     13991	8000ab3c	34009673	csrrw	x12,mscratch,x1	  x1:0xe39b3a9c x12=0x00000016
         281888	     13992	8000ab40	34003473	csrrc	x8,mscratch,x0	  x0:0x00000000  x8=0xe39b3a9c
         281908	     13993	8000ab44	cf95	c.beqz	x15,8000ab80	 x15:0x00000016
         282648	     14030	8000ab46	0282f633	remu	x12,x5,x8	  x5:0x00000000  x8:0xe39b3a9c x12=0x00000000
         282668	     14031	8000ab4a	40adde33	sra	x28,x27,x10	 x27:0x00000000 x10:0x0001d000 x28=0x00000000
         282688	     14032	8000ab4e	024e0533	mul	x10,x28,x4	 x28:0x00000000  x4:0x00000000 x10=0x00000000
         282708	     14033	8000ab52	004232b3	sltu	x5,x4,x4	  x4:0x00000000  x4:0x00000000  x5=0x00000000
         282728	     14034	8000ab56	340078f3	csrrci	x17,mscratch,0	 x17=0xe39b3a9c
         282748	     14035	8000ab5a	f57fb113	sltiu	x2,x31,-169	 x31:0xfffff927  x2=0x00000001
         282788	     14037	8000ab5e	003759b3	srl	x19,x14,x3	 x14:0x80021efb  x3:0x00000000 x19=0x80021efb
         282808	     14038	8000ab62	97ea	c.add	x15,x26	 x15:0x00000016 x26:0x00000000 x15=0x00000016
         282828	     14039	8000ab64	8cb1	c.xor	x9,x12	  x9:0x00000001 x12:0x00000000  x9=0x00000001
         282848	     14040	8000ab66	cf91	c.beqz	x15,8000ab82	 x15:0x00000016
         283228	     14059	8000ab68	34002f73	csrrs	x30,mscratch,x0	  x0:0x00000000 x30=0xe39b3a9c
         283248	     14060	8000ab6c	40475d33	sra	x26,x14,x4	 x14:0x80021efb  x4:0x00000000 x26=0x80021efb
         283268	     14061	8000ab70	006b50b3	srl	x1,x22,x6	 x22:0x80021e28  x6:0x00000000  x1=0x80021e28
         283328	     14064	8000ab74	0001	c.addi	x0,0	  x0:0x00000000  x0=0x00000000
         283348	     14065	8000ab76	8e65	c.and	x12,x9	 x12:0x00000000  x9:0x00000001 x12=0x00000000
         283368	     14066	8000ab78	c51d	c.beqz	x10,8000aba6	 x10:0x00000000
         283968	     14096	8000aba6	0911	c.addi	x18,4	 x18:0xfffffffe x18=0x00000002
         284088	     14102	8000aba8	0c35	c.addi	x24,13	 x24:0x00000400 x24=0x0000040d
         284428	     14119	8000abaa	f41b2493	slti	x9,x22,-191	 x22:0x80021e28  x9=0x00000001
         284448	     14120	8000abae	bfc1ff13	andi	x30,x3,-1028	  x3:0x00000000 x30=0x00000000
         284468	     14121	8000abb2	0ff0000f	fence	iorw,iorw	
         284488	     14122	8000abb6	cb05	c.beqz	x14,8000abe6	 x14:0x80021efb
         284648	     14130	8000abb8	006aa933	slt	x18,x21,x6	 x21:0x80025ce4  x6:0x00000000 x18=0x00000001
         284688	     14132	8000abbc	03cab5b3	mulhu	x11,x21,x28	 x21:0x80025ce4 x28:0x00000000 x11=0x00000000
         284728	     14134	8000abc0	03bacbb3	div	x23,x21,x27	 x21:0x80025ce4 x27:0x00000000 x23=0xffffffff
         284748	     14135	8000abc4	717d	c.addi16sp	x2,-16	  x2:0x00000001  x2=0xfffffff1
         284768	     14136	8000abc6	6471	c.lui	x8,0x1c	  x8=0x0001c000
         284808	     14138	8000abc8	024ec033	div	x0,x29,x4	 x29:0xe000ff68  x4:0x00000000  x0=0x00000000
         285548	     14175	8000abcc	02edc4b3	div	x9,x27,x14	 x27:0x00000000 x14:0x80021efb  x9=0x00000000
         285568	     14176	8000abd0	024d	c.addi	x4,19	  x4:0x00000000  x4=0x00000013
         285588	     14177	8000abd2	8f99	c.sub	x15,x14	 x15:0x00000016 x14:0x80021efb x15=0x7ffde11b
         285608	     14178	8000abd4	94da	c.add	x9,x22	  x9:0x00000000 x22:0x80021e28  x9=0x80021e28
         285628	     14179	8000abd6	834d	c.srli	x14,0x13	 x14:0x80021efb x14=0x00001000
         285648	     14180	8000abd8	01769a33	sll	x20,x13,x23	 x13:0x00000000 x23:0xffffffff x20=0x00000000
         285668	     14181	8000abdc	872d	c.srai	x14,0xb	 x14:0x00001000 x14=0x00000002
         285808	     14188	8000abde	340254f3	csrrwi	x9,mscratch,4	  x9=0xe39b3a9c
         285848	     14190	8000abe2	3400fef3	csrrci	x29,mscratch,1	 x29=0x00000004
         286008	     14198	8000abe6	00f071b3	and	x3,x0,x15	  x0:0x00000000 x15:0x7ffde11b  x3=0x00000000
         286048	     14200	8000abea	02b6dd33	divu	x26,x13,x11	 x13:0x00000000 x11:0x00000000 x26=0xffffffff
         286148	     14205	8000abee	03882333	mulhsu	x6,x16,x24	 x16:0x00000003 x24:0x0000040d  x6=0x00000000
         286168	     14206	8000abf2	340a9ef3	csrrw	x29,mscratch,x21	 x21:0x80025ce4 x29=0x00000004
         286208	     14208	8000abf6	401784b3	sub	x9,x15,x1	 x15:0x7ffde11b  x1:0x80021e28  x9=0xfffbc2f3
         286488	     14222	8000abfa	0120fe33	and	x28,x1,x18	  x1:0x80021e28 x18:0x00000001 x28=0x00000000
         286508	     14223	8000abfe	8e0d	c.sub	x12,x11	 x12:0x00000000 x11:0x00000000 x12=0x00000000
         286528	     14224	8000ac00	0580	c.addi4spn	x8,x2,704	  x8=0x000002b1
         286608	     14228	8000ac02	001018b3	sll	x17,x0,x1	  x0:0x00000000  x1:0x80021e28 x17=0x00000000
         286628	     14229	8000ac06	9c92	c.add	x25,x4	 x25:0xffff03fb  x4:0x00000013 x25=0xffff040e
         286648	     14230	8000ac08	e8ca8693	addi	x13,x21,-372	 x21:0x80025ce4 x13=0x80025b70
         287048	     14250	8000ac0c	007e5f63	bge	x28,x7,8000ac2a	 x28:0x00000000  x7:0x0000000a
         287068	     14251	8000ac10	01e5cb63	blt	x11,x30,8000ac26	 x11:0x00000000 x30:0x00000000
         287088	     14252	8000ac14	01240b63	beq	x8,x18,8000ac2a	  x8:0x000002b1 x18:0x00000001
         287388	     14267	8000ac18	03435d33	divu	x26,x6,x20	  x6:0x00000000 x20:0x00000000 x26=0xffffffff
         287788	     14287	8000ac1c	00ce91b3	sll	x3,x29,x12	 x29:0x00000004 x12:0x00000000  x3=0x00000004
         287808	     14288	8000ac20	00b21d13	slli	x26,x4,0xb	  x4:0x00000013 x26=0x00009800
         288188	     14307	8000ac24	842d	c.srai	x8,0xb	  x8:0x000002b1  x8=0x00000000
         288208	     14308	8000ac26	0ff0000f	fence	iorw,iorw	
         288228	     14309	8000ac2a	01a4d813	srli	x16,x9,0x1a	  x9:0xfffbc2f3 x16=0x0000003f
         288248	     14310	8000ac2e	41e35793	srai	x15,x6,0x1e	  x6:0x00000000 x15=0x00000000
         288268	     14311	8000ac32	34007173	csrrci	x2,mscratch,0	  x2=0x80025ce4
         288328	     14314	8000ac36	ffbc3513	sltiu	x10,x24,-5	 x24:0x0000040d x10=0x00000001
         288348	     14315	8000ac3a	0d0d	c.addi	x26,3	 x26:0x00009800 x26=0x00009803
         288388	     14317	8000ac3c	0ff0000f	fence	iorw,iorw	
         288488	     14322	8000ac40	41ed	c.li	x3,27	  x3=0x0000001b
         288508	     14323	8000ac42	8e91	c.sub	x13,x12	 x13:0x80025b70 x12:0x00000000 x13=0x80025b70
         288528	     14324	8000ac44	ec813993	sltiu	x19,x2,-312	  x2:0x80025ce4 x19=0x00000001
         289268	     14361	8000ac48	029e41b3	div	x3,x28,x9	 x28:0x00000000  x9:0xfffbc2f3  x3=0x00000000
         289288	     14362	8000ac4c	8221	c.srli	x12,0x8	 x12:0x00000000 x12=0x00000000
         289308	     14363	8000ac4e	34002273	csrrs	x4,mscratch,x0	  x0:0x00000000  x4=0x80025ce4
         289328	     14364	8000ac52	8069	c.srli	x8,0x1a	  x8:0x00000000  x8=0x00000000
         289348	     14365	8000ac54	f769c913	xori	x18,x19,-138	 x19:0x00000001 x18=0xffffff77
         289368	     14366	8000ac58	ee91	c.bnez	x13,8000ac74	 x13:0x80025b70
         289788	     14387	8000ac74	0425c163	blt	x11,x2,8000acb6	 x11:0x00000000  x2:0x80025ce4
         290028	     14399	8000ac78	0190d893	srli	x17,x1,0x19	  x1:0x80021e28 x17=0x00000040
         290088	     14402	8000ac7c	8c55	c.or	x8,x13	  x8:0x00000000 x13:0x80025b70  x8=0x80025b70
         290108	     14403	8000ac7e	012debb3	or	x23,x27,x18	 x27:0x00000000 x18:0xffffff77 x23=0xffffff77
         290248	     14410	8000ac82	68172513	slti	x10,x14,1665	 x14:0x00000002 x10=0x00000001
         290268	     14411	8000ac86	8e4d	c.or	x12,x11	 x12:0x00000000 x11:0x00000000 x12=0x00000000
         290288	     14412	8000ac88	340677f3	csrrci	x15,mscratch,12	 x15=0x80025ce4
         290368	     14416	8000ac8c	8f11	c.sub	x14,x12	 x14:0x00000002 x12:0x00000000 x14=0x00000002
         290388	     14417	8000ac8e	04229163	bne	x5,x2,8000acd0	  x5:0x00000000  x2:0x80025ce4
         290928	     14444	8000acd0	340031f3	csrrc	x3,mscratch,x0	  x0:0x00000000  x3=0x80025ce0
         290948	     14445	8000acd4	a32d7313	andi	x6,x26,-1486	 x26:0x00009803  x6=0x00009802
         290968	     14446	8000acd8	0001	c.addi	x0,0	  x0:0x00000000  x0=0x00000000
         291348	     14465	8000acda	13bdb1b7	lui	x3,0x13bdb	  x3=0x13bdb000
         291368	     14466	8000acde	021e7c63	bgeu	x28,x1,8000ad16	 x28:0x00000000  x1:0x80021e28
         291388	     14467	8000ace2	0001	c.addi	x0,0	  x0:0x00000000  x0=0x00000000
         291408	     14468	8000ace4	4080d2b3	sra	x5,x1,x8	  x1:0x80021e28  x8:0x80025b70  x5=0xffff8002
         291428	     14469	8000ace8	01418eb3	add	x29,x3,x20	  x3:0x13bdb000 x20:0x00000000 x29=0x13bdb000
         291448	     14470	8000acec	e78d	c.bnez	x15,8000ad16	 x15:0x80025ce4
         292688	     14532	8000ad16	03f9f6b3	remu	x13,x19,x31	 x19:0x00000001 x31:0xfffff927 x13=0x00000001
         292708	     14533	8000ad1a	6151	c.addi16sp	x2,272	  x2:0x80025ce4  x2=0x80025df4
         292728	     14534	8000ad1c	697ae793	ori	x15,x21,1687	 x21:0x80025ce4 x15=0x80025ef7
         292748	     14535	8000ad20	409ad9b3	sra	x19,x21,x9	 x21:0x80025ce4  x9:0xfffbc2f3 x19=0xfffff000
         292788	     14537	8000ad24	02691db3	mulh	x27,x18,x6	 x18:0xffffff77  x6:0x00009802 x27=0xffffffff
         292808	     14538	8000ad28	00afc833	xor	x16,x31,x10	 x31:0xfffff927 x10:0x00000001 x16=0xfffff926
         292828	     14539	8000ad2c	03ac9763	bne	x25,x26,8000ad5a	 x25:0xffff040e x26:0x00009803
         293128	     14554	8000ad5a	340eb8f3	csrrc	x17,mscratch,x29	 x29:0x13bdb000 x17=0x80025ce0
         293148	     14555	8000ad5e	de6ee293	ori	x5,x29,-538	 x29:0x13bdb000  x5=0xfffffde6
         293168	     14556	8000ad62	c2aff993	andi	x19,x31,-982	 x31:0xfffff927 x19=0xfffff822
         293268	     14561	8000ad66	00578263	beq	x15,x5,8000ad6a	 x15:0x80025ef7  x5:0xfffffde6
         293768	     14586	8000ad6a	025f9063	bne	x31,x5,8000ad8a	 x31:0xfffff927  x5:0xfffffde6
         294348	     14615	8000ad8a	00eb1513	slli	x10,x22,0xe	 x22:0x80021e28 x10=0x878a0000
         294368	     14616	8000ad8e	9662	c.add	x12,x24	 x12:0x00000000 x24:0x0000040d x12=0x0000040d
         294488	     14622	8000ad90	03210db3	mul	x27,x2,x18	  x2:0x80025df4 x18:0xffffff77 x27=0x7ebbb86c
         294508	     14623	8000ad94	8dc6	c.mv	x27,x17	  x0:0x00000000 x17:0x80025ce0 x27=0x80025ce0
         294528	     14624	8000ad96	0001	c.addi	x0,0	  x0:0x00000000  x0=0x00000000
         294548	     14625	8000ad98	00339033	sll	x0,x7,x3	  x7:0x0000000a  x3:0x13bdb000  x0=0x00000000
         294568	     14626	8000ad9c	009dae33	slt	x28,x27,x9	 x27:0x80025ce0  x9:0xfffbc2f3 x28=0x00000001
         294828	     14639	8000ada0	0001	c.addi	x0,0	  x0:0x00000000  x0=0x00000000
         294868	     14641	8000ada2	032e1db3	mulh	x27,x28,x18	 x28:0x00000001 x18:0xffffff77 x27=0xffffffff
         295128	     14654	8000ada6	3403e9f3	csrrsi	x19,mscratch,7	 x19=0x80024ce0
         295148	     14655	8000adaa	4188deb3	sra	x29,x17,x24	 x17:0x80025ce0 x24:0x0000040d x29=0xfffc0012
         295188	     14657	8000adae	02dd2533	mulhsu	x10,x26,x13	 x26:0x00009803 x13:0x00000001 x10=0x00000000
         295208	     14658	8000adb2	ff6bcc93	xori	x25,x23,-10	 x23:0xffffff77 x25=0x00000081
         295268	     14661	8000adb6	34003ef3	csrrc	x29,mscratch,x0	  x0:0x00000000 x29=0x80024ce7
         295288	     14662	8000adba	6553a513	slti	x10,x7,1621	  x7:0x0000000a x10=0x00000001
         295628	     14679	8000adbe	00dcbd33	sltu	x26,x25,x13	 x25:0x00000081 x13:0x00000001 x26=0x00000000
         296008	     14698	8000adc2	022481b3	mul	x3,x9,x2	  x9:0xfffbc2f3  x2:0x80025df4  x3=0x77ae169c
         296028	     14699	8000adc6	0001	c.addi	x0,0	  x0:0x00000000  x0=0x00000000
         296428	     14719	8000adc8	3402d273	csrrwi	x4,mscratch,5	  x4=0x80024ce7
         296848	     14740	8000adcc	59157e93	andi	x29,x10,1425	 x10:0x00000001 x29=0x00000001
         296888	     14742	8000add0	0110	c.addi4spn	x12,x2,128	 x12=0x80025e74
         296908	     14743	8000add2	0004c363	blt	x9,x0,8000add8	  x9:0xfffbc2f3  x0:0x00000000
         297748	     14785	8000add8	340030f3	csrrc	x1,mscratch,x0	  x0:0x00000000  x1=0x00000005
         297768	     14786	8000addc	34003373	csrrc	x6,mscratch,x0	  x0:0x00000000  x6=0x00000005
         298188	     14807	8000ade0	05448063	beq	x9,x20,8000ae20	  x9:0xfffbc2f3 x20:0x00000000
         298448	     14820	8000ade4	01c79e93	slli	x29,x15,0x1c	 x15:0x80025ef7 x29=0x70000000
         298468	     14821	8000ade8	8a79	c.andi	x12,30	 x12:0x80025e74 x12=0x00000014
         298508	     14823	8000adea	d5a0f437	lui	x8,0xd5a0f	  x8=0xd5a0f000
         298528	     14824	8000adee	03fc9c63	bne	x25,x31,8000ae26	 x25:0x00000081 x31:0xfffff927
         299628	     14879	8000ae26	037df963	bgeu	x27,x23,8000ae58	 x27:0xffffffff x23:0xffffff77
         300348	     14915	8000ae58	8dd5	c.or	x11,x13	 x11:0x00000000 x13:0x00000001 x11=0x00000001
         300368	     14916	8000ae5a	717d	c.addi16sp	x2,-16	  x2:0x80025df4  x2=0x80025de4
         300388	     14917	8000ae5c	19fd	c.addi	x19,-1	 x19:0x80024ce0 x19=0x80024cdf
         300808	     14938	8000ae5e	03253a33	mulhu	x20,x10,x18	 x10:0x00000001 x18:0xffffff77 x20=0x00000000
         300828	     14939	8000ae62	9bfd	c.andi	x15,-1	 x15:0x80025ef7 x15=0x80025ef7
         300848	     14940	8000ae64	01515313	srli	x6,x2,0x15	  x2:0x80025de4  x6=0x00000400
         300868	     14941	8000ae68	017cee63	bltu	x25,x23,8000ae84	 x25:0x00000081 x23:0xffffff77
         300968	     14946	8000ae84	f4ab9017	auipc	x0,0xf4ab9	  x0=0x00000000
         301088	     14952	8000ae88	8dbd	c.xor	x11,x15	 x11:0x00000001 x15:0x80025ef7 x11=0x80025ef6
         301108	     14953	8000ae8a	87d9	c.srai	x15,0x16	 x15:0x80025ef7 x15=0xfffffe00
         301148	     14955	8000ae8c	03eb3933	mulhu	x18,x22,x30	 x22:0x80021e28 x30:0x00000000 x18=0x00000000
         301328	     14964	8000ae90	0001	c.addi	x0,0	  x0:0x00000000  x0=0x00000000
         301348	     14965	8000ae92	006dcc63	blt	x27,x6,8000aeaa	 x27:0xffffffff  x6:0x00000400
         302328	     15014	8000aeaa	340bec73	csrrsi	x24,mscratch,23	 x24=0x00000005
         302388	     15017	8000aeae	bd814293	xori	x5,x2,-1064	  x2:0x80025de4  x5=0x7ffda63c
         302568	     15026	8000aeb2	029002b3	mul	x5,x0,x9	  x0:0x00000000  x9:0xfffbc2f3  x5=0x00000000
         302588	     15027	8000aeb6	8f49	c.or	x14,x10	 x14:0x00000002 x10:0x00000001 x14=0x00000003
         303328	     15064	8000aeb8	02404433	div	x8,x0,x4	  x0:0x00000000  x4:0x80024ce7  x8=0x00000000
         303348	     15065	8000aebc	8dfd	c.and	x11,x15	 x11:0x80025ef6 x15:0xfffffe00 x11=0x80025e00
         303368	     15066	8000aebe	0001	c.addi	x0,0	  x0:0x00000000  x0=0x00000000
         303388	     15067	8000aec0	01403733	sltu	x14,x0,x20	  x0:0x00000000 x20:0x00000000 x14=0x00000000
         303408	     15068	8000aec4	403f51b3	sra	x3,x30,x3	 x30:0x00000000  x3:0x77ae169c  x3=0x00000000
         303428	     15069	8000aec8	00f761b3	or	x3,x14,x15	 x14:0x00000000 x15:0xfffffe00  x3=0xfffffe00
         303448	     15070	8000aecc	01bcef63	bltu	x25,x27,8000aeea	 x25:0x00000081 x27:0xffffffff
         304328	     15114	8000aeea	340a5073	csrrwi	x0,mscratch,20	  x0=0x00000000
         304588	     15127	8000aeee	031b12b3	mulh	x5,x22,x17	 x22:0x80021e28 x17:0x80025ce0  x5=0x3ffdc281
         304608	     15128	8000aef2	717d	c.addi16sp	x2,-16	  x2:0x80025de4  x2=0x80025dd4
         304628	     15129	8000aef4	6151	c.addi16sp	x2,272	  x2:0x80025dd4  x2=0x80025ee4
         304648	     15130	8000aef6	0c51	c.addi	x24,20	 x24:0x00000005 x24=0x00000019
         304668	     15131	8000aef8	00d99e93	slli	x29,x19,0xd	 x19:0x80024cdf x29=0x499be000
         304688	     15132	8000aefc	34019ff3	csrrw	x31,mscratch,x3	  x3:0xfffffe00 x31=0x00000014
         305068	     15151	8000af00	ef0d	c.bnez	x14,8000af3a	 x14:0x00000000
         305088	     15152	8000af02	0ff0000f	fence	iorw,iorw	
         305108	     15153	8000af06	8e81	c.sub	x13,x8	 x13:0x00000001  x8:0x00000000 x13=0x00000001
         305408	     15168	8000af08	34003473	csrrc	x8,mscratch,x0	  x0:0x00000000  x8=0xfffffe00
         305828	     15189	8000af0c	00e84333	xor	x6,x16,x14	 x16:0xfffff926 x14:0x00000000  x6=0xfffff926
         305968	     15196	8000af10	01c60eb3	add	x29,x12,x28	 x12:0x00000014 x28:0x00000001 x29=0x00000015
         305988	     15197	8000af14	e50d	c.bnez	x10,8000af3e	 x10:0x00000001
         307188	     15257	8000af3e	0321ef33	rem	x30,x3,x18	  x3:0xfffffe00 x18:0x00000000 x30=0xfffffe00
         308188	     15307	8000af42	039c6f33	rem	x30,x24,x25	 x24:0x00000019 x25:0x00000081 x30=0x00000019
         308208	     15308	8000af46	00065c33	srl	x24,x12,x0	 x12:0x00000014  x0:0x00000000 x24=0x00000014
         308228	     15309	8000af4a	8422	c.mv	x8,x8	  x0:0x00000000  x8:0xfffffe00  x8=0xfffffe00
         308968	     15346	8000af4c	02ae4133	div	x2,x28,x10	 x28:0x00000001 x10:0x00000001  x2=0x00000001
         308988	     15347	8000af50	013599b3	sll	x19,x11,x19	 x11:0x80025e00 x19:0x80024cdf x19=0x00000000
         309028	     15349	8000af54	03cbb0b3	mulhu	x1,x23,x28	 x23:0xffffff77 x28:0x00000001  x1=0x00000000
         309048	     15350	8000af58	02796063	bltu	x18,x7,8000af78	 x18:0x00000000  x7:0x0000000a
         309568	     15376	8000af78	0001	c.addi	x0,0	  x0:0x00000000  x0=0x00000000
         309588	     15377	8000af7a	34006f73	csrrsi	x30,mscratch,0	 x30=0xfffffe00
         309608	     15378	8000af7e	00221bb3	sll	x23,x4,x2	  x4:0x80024ce7  x2:0x00000001 x23=0x000499ce
         309628	     15379	8000af82	4741	c.li	x14,16	 x14=0x00000010
         309648	     15380	8000af84	34003673	csrrc	x12,mscratch,x0	  x0:0x00000000 x12=0xfffffe00
         309668	     15381	8000af88	03b11f63	bne	x2,x27,8000afc6	  x2:0x00000001 x27:0xffffffff
         310668	     15431	8000afc6	01521033	sll	x0,x4,x21	  x4:0x80024ce7 x21:0x80025ce4  x0=0x00000000
         311468	     15471	8000afca	0387d133	divu	x2,x15,x24	 x15:0xfffffe00 x24:0x00000014  x2=0x0cccccb3
         311488	     15472	8000afce	418d0e33	sub	x28,x26,x24	 x26:0x00000000 x24:0x00000014 x28=0xffffffec
         311508	     15473	8000afd2	02d69663	bne	x13,x13,8000affe	 x13:0x00000001 x13:0x00000001
         311528	     15474	8000afd6	60fd	c.lui	x1,0x1f	  x1=0x0001f000
         311548	     15475	8000afd8	fd9d7993	andi	x19,x26,-39	 x26:0x00000000 x19=0x00000000
         311568	     15476	8000afdc	70b08313	addi	x6,x1,1803	  x1:0x0001f000  x6=0x0001f70b
         311588	     15477	8000afe0	0015fdb3	and	x27,x11,x1	 x11:0x80025e00  x1:0x0001f000 x27=0x00005000
         311608	     15478	8000afe4	6115	c.addi16sp	x2,288	  x2:0x0cccccb3  x2=0x0ccccdd3
         311628	     15479	8000afe6	0347dd63	bge	x15,x20,8000b020	 x15:0xfffffe00 x20:0x00000000
         311648	     15480	8000afea	012414b3	sll	x9,x8,x18	  x8:0xfffffe00 x18:0x00000000  x9=0xfffffe00
         311728	     15484	8000afee	c9dafe13	andi	x28,x21,-867	 x21:0x80025ce4 x28=0x80025c84
         311868	     15491	8000aff2	5fac4913	xori	x18,x24,1530	 x24:0x00000014 x18=0x000005ee
         311888	     15492	8000aff6	34041873	csrrw	x16,mscratch,x8	  x8:0xfffffe00 x16=0xfffffe00
         311908	     15493	8000affa	6ae22913	slti	x18,x4,1710	  x4:0x80024ce7 x18=0x00000001
         313048	     15550	8000affe	03c9c733	div	x14,x19,x28	 x19:0x00000000 x28:0x80025c84 x14=0x00000000
         313068	     15551	8000b002	8d09	c.sub	x10,x10	 x10:0x00000001 x10:0x00000001 x10=0x00000000
         313808	     15588	8000b004	038752b3	divu	x5,x14,x24	 x14:0x00000000 x24:0x00000014  x5=0x00000000
         318568	     15826	8000b008	7baaab93	slti	x23,x21,1978	 x21:0x80025ce4 x23=0x00000001
         318588	     15827	8000b00c	01929313	slli	x6,x5,0x19	  x5:0x00000000  x6=0x00000000
         318608	     15828	8000b010	014b5793	srli	x15,x22,0x14	 x22:0x80021e28 x15=0x00000800
         318628	     15829	8000b014	40d78eb7	lui	x29,0x40d78	 x29=0x40d78000
         318648	     15830	8000b018	0000100f	fence.i	
         318828	     15839	8000b01c	c0133c93	sltiu	x25,x6,-1023	  x6:0x00000000 x25=0x00000001
         318888	     15842	8000b020	34002f73	csrrs	x30,mscratch,x0	  x0:0x00000000 x30=0xfffffe00
         318908	     15843	8000b024	0084da33	srl	x20,x9,x8	  x9:0xfffffe00  x8:0xfffffe00 x20=0xfffffe00
         318928	     15844	8000b028	9242	c.add	x4,x16	  x4:0x80024ce7 x16:0xfffffe00  x4=0x80024ae7
         318948	     15845	8000b02a	c911	c.beqz	x10,8000b03e	 x10:0x00000000
         319468	     15871	8000b03e	8d52	c.mv	x26,x20	  x0:0x00000000 x20:0xfffffe00 x26=0xfffffe00
         319488	     15872	8000b040	03719063	bne	x3,x23,8000b060	  x3:0xfffffe00 x23:0x00000001
         320528	     15924	8000b060	003b67b3	or	x15,x22,x3	 x22:0x80021e28  x3:0xfffffe00 x15=0xfffffe28
         320568	     15926	8000b064	0000100f	fence.i	
         320708	     15933	8000b068	01d685b3	add	x11,x13,x29	 x13:0x00000001 x29:0x40d78000 x11=0x40d78001
         320868	     15941	8000b06c	00d48233	add	x4,x9,x13	  x9:0xfffffe00 x13:0x00000001  x4=0xfffffe01
         320908	     15943	8000b070	0275b9b3	mulhu	x19,x11,x7	 x11:0x40d78001  x7:0x0000000a x19=0x00000002
         321008	     15948	8000b074	00f6cd33	xor	x26,x13,x15	 x13:0x00000001 x15:0xfffffe28 x26=0xfffffe29
         321208	     15958	8000b078	c0537813	andi	x16,x6,-1019	  x6:0x00000000 x16=0x00000000
         321228	     15959	8000b07c	340b2773	csrrs	x14,mscratch,x22	 x22:0x80021e28 x14=0xfffffe00
         321548	     15975	8000b080	0001	c.addi	x0,0	  x0:0x00000000  x0=0x00000000
         321568	     15976	8000b082	01171593	slli	x11,x14,0x11	 x14:0xfffffe00 x11=0xfc000000
         321588	     15977	8000b086	8c8e	c.mv	x25,x3	  x0:0x00000000  x3:0xfffffe00 x25=0xfffffe00
         321628	     15979	8000b088	717d	c.addi16sp	x2,-16	  x2:0x0ccccdd3  x2=0x0ccccdc3
         321648	     15980	8000b08a	adfdb793	sltiu	x15,x27,-1313	 x27:0x00005000 x15=0x00000001
         321668	     15981	8000b08e	07a2	c.slli	x15,0x8	 x15:0x00000001 x15=0x00000100
         322568	     16026	8000b090	03447933	remu	x18,x8,x20	  x8:0xfffffe00 x20:0xfffffe00 x18=0x00000000
         322588	     16027	8000b094	340ef773	csrrci	x14,mscratch,29	 x14=0xfffffe28
         322608	     16028	8000b098	57fd	c.li	x15,-1	 x15=0xffffffff
         322628	     16029	8000b09a	34003bf3	csrrc	x23,mscratch,x0	  x0:0x00000000 x23=0xfffffe20
         323368	     16066	8000b09e	033a58b3	divu	x17,x20,x19	 x20:0xfffffe00 x19:0x00000002 x17=0x7fffff00
         323388	     16067	8000b0a2	99de	c.add	x19,x23	 x19:0x00000002 x23:0xfffffe20 x19=0xfffffe22
         323408	     16068	8000b0a4	01c09263	bne	x1,x28,8000b0a8	  x1:0x0001f000 x28:0x80025c84
         323488	     16072	8000b0a8	0443e763	bltu	x7,x4,8000b0f6	  x7:0x0000000a  x4:0xfffffe01
         323748	     16085	8000b0f6	8d35	c.xor	x10,x13	 x10:0x00000000 x13:0x00000001 x10=0x00000001
         323888	     16092	8000b0f8	8d51	c.or	x10,x12	 x10:0x00000001 x12:0xfffffe00 x10=0xfffffe01
         324308	     16113	8000b0fa	03f67e63	bgeu	x12,x31,8000b136	 x12:0xfffffe00 x31:0x00000014
         324568	     16126	8000b136	cc9d	c.beqz	x9,8000b174	  x9:0xfffffe00
         324988	     16147	8000b138	415559b3	sra	x19,x10,x21	 x10:0xfffffe01 x21:0x80025ce4 x19=0xffffffe0
         325408	     16168	8000b13c	55513e13	sltiu	x28,x2,1365	  x2:0x0ccccdc3 x28=0x00000000
         325428	     16169	8000b140	07c2f437	lui	x8,0x7c2f	  x8=0x07c2f000
         325548	     16175	8000b144	0001	c.addi	x0,0	  x0:0x00000000  x0=0x00000000
         325648	     16180	8000b146	00dcd563	bge	x25,x13,8000b150	 x25:0xfffffe00 x13:0x00000001
         325748	     16185	8000b14a	0288e963	bltu	x17,x8,8000b17c	 x17:0x7fffff00  x8:0x07c2f000
         325768	     16186	8000b14e	8f81	c.sub	x15,x8	 x15:0xffffffff  x8:0x07c2f000 x15=0xf83d0fff
         325828	     16189	8000b150	54fd	c.li	x9,-1	  x9=0xffffffff
         326248	     16210	8000b152	03531233	mulh	x4,x6,x21	  x6:0x00000000 x21:0x80025ce4  x4=0x00000000
         326308	     16213	8000b156	000af433	and	x8,x21,x0	 x21:0x80025ce4  x0:0x00000000  x8=0x00000000
         326328	     16214	8000b15a	0342e363	bltu	x5,x20,8000b180	  x5:0x00000000 x20:0xfffffe00
         327128	     16254	8000b180	16705cb7	lui	x25,0x16705	 x25=0x16705000
         327148	     16255	8000b184	340535f3	csrrc	x11,mscratch,x10	 x10:0xfffffe01 x11=0xfffffe20
         327168	     16256	8000b188	409880b3	sub	x1,x17,x9	 x17:0x7fffff00  x9:0xffffffff  x1=0x7fffff01
         327188	     16257	8000b18c	0679	c.addi	x12,30	 x12:0xfffffe00 x12=0xfffffe1e
         327208	     16258	8000b18e	01bbcc33	xor	x24,x23,x27	 x23:0xfffffe20 x27:0x00005000 x24=0xffffae20
         327228	     16259	8000b192	ef11	c.bnez	x14,8000b1ae	 x14:0xfffffe28
         328548	     16325	8000b1ae	01ae4233	xor	x4,x28,x26	 x28:0x00000000 x26:0xfffffe29  x4=0xfffffe29
         328868	     16341	8000b1b2	03e31a33	mulh	x20,x6,x30	  x6:0x00000000 x30:0xfffffe00 x20=0x00000000
         328888	     16342	8000b1b6	c099	c.beqz	x9,8000b1bc	  x9:0xffffffff
         329628	     16379	8000b1b8	02a85db3	divu	x27,x16,x10	 x16:0x00000000 x10:0xfffffe01 x27=0x00000000
         329648	     16380	8000b1bc	87f1	c.srai	x15,0x1c	 x15:0xf83d0fff x15=0xffffffff
         329668	     16381	8000b1be	01809893	slli	x17,x1,0x18	  x1:0x7fffff01 x17=0x01000000
         329688	     16382	8000b1c2	8df9	c.and	x11,x14	 x11:0xfffffe20 x14:0xfffffe28 x11=0xfffffe20
         329708	     16383	8000b1c4	40018a33	sub	x20,x3,x0	  x3:0xfffffe00  x0:0x00000000 x20=0xfffffe00
         329728	     16384	8000b1c8	00e70f33	add	x30,x14,x14	 x14:0xfffffe28 x14:0xfffffe28 x30=0xfffffc50
         329768	     16386	8000b1cc	01494263	blt	x18,x20,8000b1d0	 x18:0x00000000 x20:0xfffffe00
         329808	     16388	8000b1d0	037f1833	mulh	x16,x30,x23	 x30:0xfffffc50 x23:0xfffffe20 x16=0x00000000
         329828	     16389	8000b1d4	e135	c.bnez	x10,8000b238	 x10:0xfffffe01
         330508	     16423	8000b238	99fa4c13	xori	x24,x20,-1633	 x20:0xfffffe00 x24=0x0000079f
         330528	     16424	8000b23c	54fd	c.li	x9,-1	  x9=0xffffffff
         330548	     16425	8000b23e	c30d	c.beqz	x14,8000b260	 x14:0xfffffe28
         330568	     16426	8000b240	dacb6897	auipc	x17,0xdacb6	 x17=0x5acc1240
         330728	     16434	8000b244	34059673	csrrw	x12,mscratch,x11	 x11:0xfffffe20 x12=0x00000020
         330748	     16435	8000b248	018f5d13	srli	x26,x30,0x18	 x30:0xfffffc50 x26=0x000000ff
         330768	     16436	8000b24c	340e57f3	csrrwi	x15,mscratch,28	 x15=0xfffffe20
         330788	     16437	8000b250	340e6e73	csrrsi	x28,mscratch,28	 x28=0x0000001c
         331688	     16482	8000b254	0376c633	div	x12,x13,x23	 x13:0x00000001 x23:0xfffffe20 x12=0x00000000
         331708	     16483	8000b258	34086873	csrrsi	x16,mscratch,16	 x16=0x0000001c
         331728	     16484	8000b25c	010c20b3	slt	x1,x24,x16	 x24:0x0000079f x16:0x0000001c  x1=0x00000000
         331748	     16485	8000b260	8c45	c.or	x8,x9	  x8:0x00000000  x9:0xffffffff  x8=0xffffffff
         331768	     16486	8000b262	3403d373	csrrwi	x6,mscratch,7	  x6=0x0000001c
         331788	     16487	8000b266	5c7d	c.li	x24,-1	 x24=0xffffffff
         331808	     16488	8000b268	020c4b63	blt	x24,x0,8000b29e	 x24:0xffffffff  x0:0x00000000
         333528	     16574	8000b29e	024d6d63	bltu	x26,x4,8000b2d8	 x26:0x000000ff  x4:0xfffffe29
         334228	     16609	8000b2d8	000acd33	xor	x26,x21,x0	 x21:0x80025ce4  x0:0x00000000 x26=0x80025ce4
         334248	     16610	8000b2dc	82bd	c.srli	x13,0xf	 x13:0x00000001 x13=0x00000000
         334268	     16611	8000b2de	34007473	csrrci	x8,mscratch,0	  x8=0x00000007
         334468	     16621	8000b2e2	032765b3	rem	x11,x14,x18	 x14:0xfffffe28 x18:0x00000000 x11=0xfffffe28
         334488	     16622	8000b2e6	04760063	beq	x12,x7,8000b326	 x12:0x00000000  x7:0x0000000a
         334508	     16623	8000b2ea	34006773	csrrsi	x14,mscratch,0	 x14=0x00000007
         334528	     16624	8000b2ee	fceaa193	slti	x3,x21,-50	 x21:0x80025ce4  x3=0x00000001
         334808	     16638	8000b2f2	34006873	csrrsi	x16,mscratch,0	 x16=0x00000007
         334828	     16639	8000b2f6	03408233	mul	x4,x1,x20	  x1:0x00000000 x20:0xfffffe00  x4=0x00000000
         334848	     16640	8000b2fa	40c7d813	srai	x16,x15,0xc	 x15:0xfffffe20 x16=0xffffffff
         334948	     16645	8000b2fe	04fa1363	bne	x20,x15,8000b344	 x20:0xfffffe00 x15:0xfffffe20
         336008	     16698	8000b344	40095f33	sra	x30,x18,x0	 x18:0x00000000  x0:0x00000000 x30=0x00000000
         336448	     16720	8000b348	01209b63	bne	x1,x18,8000b35e	  x1:0x00000000 x18:0x00000000
         336468	     16721	8000b34c	0000100f	fence.i	
         337608	     16778	8000b350	409cd813	srai	x16,x25,0x9	 x25:0x16705000 x16=0x000b3828
         337628	     16779	8000b354	008d84b3	add	x9,x27,x8	 x27:0x00000000  x8:0x00000007  x9=0x00000007
         337648	     16780	8000b358	0001	c.addi	x0,0	  x0:0x00000000  x0=0x00000000
         338068	     16801	8000b35a	03ca1f63	bne	x20,x28,8000b398	 x20:0xfffffe00 x28:0x0000001c
         338168	     16806	8000b398	0177ccb3	xor	x25,x15,x23	 x15:0xfffffe20 x23:0xfffffe20 x25=0x00000000
         338248	     16810	8000b39c	0ff0000f	fence	iorw,iorw	
         338428	     16819	8000b3a0	0189da33	srl	x20,x19,x24	 x19:0xffffffe0 x24:0xffffffff x20=0x00000001
         338548	     16825	8000b3a4	01fd9e63	bne	x27,x31,8000b3c0	 x27:0x00000000 x31:0x00000014
         339368	     16866	8000b3c0	62f36a13	ori	x20,x6,1583	  x6:0x0000001c x20=0x0000063f
         339388	     16867	8000b3c4	ee09	c.bnez	x12,8000b3de	 x12:0x00000000
         339408	     16868	8000b3c6	00ee1c93	slli	x25,x28,0xe	 x28:0x0000001c x25=0x00070000
         339428	     16869	8000b3ca	717d	c.addi16sp	x2,-16	  x2:0x0ccccdc3  x2=0x0ccccdb3
         339548	     16875	8000b3cc	0001	c.addi	x0,0	  x0:0x00000000  x0=0x00000000
         339888	     16892	8000b3ce	7f683093	sltiu	x1,x16,2038	 x16:0x000b3828  x1=0x00000000
         340028	     16899	8000b3d2	3405f4f3	csrrci	x9,mscratch,11	  x9=0x00000007
         340048	     16900	8000b3d6	0001	c.addi	x0,0	  x0:0x00000000  x0=0x00000000
         340288	     16912	8000b3d8	8f91	c.sub	x15,x12	 x15:0xfffffe20 x12:0x00000000 x15=0xfffffe20
         340488	     16922	8000b3da	340262f3	csrrsi	x5,mscratch,4	  x5=0x00000004
         340868	     16941	8000b3de	340037f3	csrrc	x15,mscratch,x0	  x0:0x00000000 x15=0x00000004
         340928	     16944	8000b3e2	203914b7	lui	x9,0x20391	  x9=0x20391000
         340948	     16945	8000b3e6	e695	c.bnez	x13,8000b412	 x13:0x00000000
         341028	     16949	8000b3e8	03271833	mulh	x16,x14,x18	 x14:0x00000007 x18:0x00000000 x16=0x00000000
         341048	     16950	8000b3ec	65a5	c.lui	x11,0x9	 x11=0x00009000
         341068	     16951	8000b3ee	905fb793	sltiu	x15,x31,-1787	 x31:0x00000014 x15=0x00000001
         341088	     16952	8000b3f2	8893f793	andi	x15,x7,-1911	  x7:0x0000000a x15=0x00000008
         341108	     16953	8000b3f6	80d9	c.srli	x9,0x16	  x9:0x20391000  x9=0x00000080
         341128	     16954	8000b3f8	8d91	c.sub	x11,x12	 x11:0x00009000 x12:0x00000000 x11=0x00009000
         341168	     16956	8000b3fa	02dc7033	remu	x0,x24,x13	 x24:0xffffffff x13:0x00000000  x0=0x00000000
         341268	     16961	8000b3fe	0080de33	srl	x28,x1,x8	  x1:0x00000000  x8:0x00000007 x28=0x00000000
         341288	     16962	8000b402	12fd	c.addi	x5,-1	  x5:0x00000004  x5=0x00000003
         341388	     16967	8000b404	94a52313	slti	x6,x10,-1718	 x10:0xfffffe01  x6=0x00000000
         341408	     16968	8000b408	002f0633	add	x12,x30,x2	 x30:0x00000000  x2:0x0ccccdb3 x12=0x0ccccdb3
         341428	     16969	8000b40c	3401aef3	csrrs	x29,mscratch,x3	  x3:0x00000001 x29=0x00000004
         341608	     16978	8000b410	8245	c.srli	x12,0x11	 x12:0x0ccccdb3 x12=0x00000666
         341708	     16983	8000b412	418f0fb3	sub	x31,x30,x24	 x30:0x00000000 x24:0xffffffff x31=0x00000001
         341768	     16986	8000b416	01a07663	bgeu	x0,x26,8000b422	  x0:0x00000000 x26:0x80025ce4
         342188	     17007	8000b41a	40660333	sub	x6,x12,x6	 x12:0x00000666  x6:0x00000000  x6=0x00000666
         342208	     17008	8000b41e	8a067e93	andi	x29,x12,-1888	 x12:0x00000666 x29=0x00000020
         342228	     17009	8000b422	8405	c.srai	x8,0x1	  x8:0x00000007  x8=0x00000003
         342268	     17011	8000b424	02afa6b3	mulhsu	x13,x31,x10	 x31:0x00000001 x10:0xfffffe01 x13=0x00000000
         342288	     17012	8000b428	ba7aae13	slti	x28,x21,-1113	 x21:0x80025ce4 x28=0x00000001
         342428	     17019	8000b42c	016d00b3	add	x1,x26,x22	 x26:0x80025ce4 x22:0x80021e28  x1=0x00047b0c
         342528	     17024	8000b430	0067a9b3	slt	x19,x15,x6	 x15:0x00000008  x6:0x00000666 x19=0x00000001
         342548	     17025	8000b434	0001	c.addi	x0,0	  x0:0x00000000  x0=0x00000000
         342568	     17026	8000b436	c329	c.beqz	x14,8000b478	 x14:0x00000007
         342588	     17027	8000b438	6155	c.addi16sp	x2,304	  x2:0x0ccccdb3  x2=0x0ccccee3
         342608	     17028	8000b43a	834a	c.mv	x6,x18	  x0:0x00000000 x18:0x00000000  x6=0x00000000
         342788	     17037	8000b43c	4655	c.li	x12,21	 x12=0x00000015
         342828	     17039	8000b43e	0d95bb93	sltiu	x23,x11,217	 x11:0x00009000 x23=0x00000000
         342848	     17040	8000b442	418a8fb3	sub	x31,x21,x24	 x21:0x80025ce4 x24:0xffffffff x31=0x80025ce5
         356348	     17715	8000b446	340194f3	csrrw	x9,mscratch,x3	  x3:0x00000001  x9=0x00000005
         356368	     17716	8000b44a	34055e73	csrrwi	x28,mscratch,10	 x28=0x00000001
         356388	     17717	8000b44e	01d29f63	bne	x5,x29,8000b46c	  x5:0x00000003 x29:0x00000020
         356468	     17721	8000b46c	40d75c13	srai	x24,x14,0xd	 x14:0x00000007 x24=0x00000000
         356708	     17733	8000b470	9bab3337	lui	x6,0x9bab3	  x6=0x9bab3000
         356828	     17739	8000b474	030c6c33	rem	x24,x24,x16	 x24:0x00000000 x16:0x00000000 x24=0x00000000
         356848	     17740	8000b478	b6a17597	auipc	x11,0xb6a17	 x11=0x36a22478
         356888	     17742	8000b47c	032cd533	divu	x10,x25,x18	 x25:0x00070000 x18:0x00000000 x10=0xffffffff
         356928	     17744	8000b480	032f1733	mulh	x14,x30,x18	 x30:0x00000000 x18:0x00000000 x14=0x00000000
         356948	     17745	8000b484	86b9	c.srai	x13,0xe	 x13:0x00000000 x13=0x00000000
         356968	     17746	8000b486	004864b3	or	x9,x16,x4	 x16:0x00000000  x4:0x00000000  x9=0x00000000
         356988	     17747	8000b48a	e315	c.bnez	x14,8000b4ae	 x14:0x00000000
         357048	     17750	8000b48c	00d69c63	bne	x13,x13,8000b4a4	 x13:0x00000000 x13:0x00000000
         357068	     17751	8000b490	41c35593	srai	x11,x6,0x1c	  x6:0x9bab3000 x11=0xfffffff9
         357808	     17788	8000b494	02a9f6b3	remu	x13,x19,x10	 x19:0x00000001 x10:0xffffffff x13=0x00000001
         357828	     17789	8000b498	34003673	csrrc	x12,mscratch,x0	  x0:0x00000000 x12=0x0000000a
         357848	     17790	8000b49c	340291f3	csrrw	x3,mscratch,x5	  x5:0x00000003  x3=0x0000000a
         357868	     17791	8000b4a0	74196e13	ori	x28,x18,1857	 x18:0x00000000 x28=0x00000741
         357888	     17792	8000b4a4	01aba4b3	slt	x9,x23,x26	 x23:0x00000000 x26:0x80025ce4  x9=0x00000000
         357908	     17793	8000b4a8	3403def3	csrrwi	x29,mscratch,7	 x29=0x00000003
         357928	     17794	8000b4ac	6f0d	c.lui	x30,0x3	 x30=0x00003000
         357948	     17795	8000b4ae	0104	c.addi4spn	x9,x2,128	  x9=0x0ccccf63
         357968	     17796	8000b4b0	00af71b3	and	x3,x30,x10	 x30:0x00003000 x10:0xffffffff  x3=0x00003000
         357988	     17797	8000b4b4	00bed113	srli	x2,x29,0xb	 x29:0x00000003  x2=0x00000000
         358208	     17808	8000b4b8	0142a093	slti	x1,x5,20	  x5:0x00000003  x1=0x00000001
         358228	     17809	8000b4bc	030b9063	bne	x23,x16,8000b4dc	 x23:0x00000000 x16:0x00000000
         358688	     17832	8000b4c0	405680b3	sub	x1,x13,x5	 x13:0x00000001  x5:0x00000003  x1=0xfffffffe
         358708	     17833	8000b4c4	008bd493	srli	x9,x23,0x8	 x23:0x00000000  x9=0x00000000
         358728	     17834	8000b4c8	8ca1	c.xor	x9,x8	  x9:0x00000000  x8:0x00000003  x9=0x00000003
         358768	     17836	8000b4ca	037d19b3	mulh	x19,x26,x23	 x26:0x80025ce4 x23:0x00000000 x19=0x00000000
         358788	     17837	8000b4ce	34057073	csrrci	x0,mscratch,10	  x0=0x00000000
         358808	     17838	8000b4d2	01fded33	or	x26,x27,x31	 x27:0x00000000 x31:0x80025ce5 x26=0x80025ce5
         358848	     17840	8000b4d6	00a69263	bne	x13,x10,8000b4da	 x13:0x00000001 x10:0xffffffff
         359488	     17872	8000b4da	8ff5	c.and	x15,x13	 x15:0x00000008 x13:0x00000001 x15=0x00000000
         359508	     17873	8000b4dc	340035f3	csrrc	x11,mscratch,x0	  x0:0x00000000 x11=0x00000005
         359548	     17875	8000b4e0	0ff0000f	fence	iorw,iorw	
         359568	     17876	8000b4e4	01817263	bgeu	x2,x24,8000b4e8	  x2:0x00000000 x24:0x00000000
         359608	     17878	8000b4e8	d1343f93	sltiu	x31,x8,-749	  x8:0x00000003 x31=0x00000001
         359628	     17879	8000b4ec	9e2a	c.add	x28,x10	 x28:0x00000741 x10:0xffffffff x28=0x00000740
         360468	     17921	8000b4ee	004b2303	lw	x6,4(x22)	 x22:0x80021e28  x6=0x8000601a PA:0x80021e2c load:0x8000601a
         361208	     17958	8000b4f2	034276b3	remu	x13,x4,x20	  x4:0x00000000 x20:0x0000063f x13=0x00000000
         361228	     17959	8000b4f6	34065ff3	csrrwi	x31,mscratch,12	 x31=0x00000005
         361248	     17960	8000b4fa	34006273	csrrsi	x4,mscratch,0	  x4=0x0000000c
         361268	     17961	8000b4fe	979e	c.add	x15,x7	 x15:0x00000000  x7:0x0000000a x15=0x0000000a
         361288	     17962	8000b500	86d00a13	addi	x20,x0,-1939	  x0:0x00000000 x20=0xfffff86d
         361308	     17963	8000b504	512e0017	auipc	x0,0x512e0	  x0=0x00000000
         361328	     17964	8000b508	34079ef3	csrrw	x29,mscratch,x15	 x15:0x0000000a x29=0x0000000c
         361348	     17965	8000b50c	028b0b13	addi	x22,x22,40	 x22:0x80021e28 x22=0x80021e50
         361528	     17974	8000b510	40015213	srai	x4,x2,0x0	  x2:0x00000000  x4=0x00000000
         361648	     17980	8000b514	00130993	addi	x19,x6,1	  x6:0x8000601a x19=0x8000601b
         362028	     17999	8000b518	8982	c.jr	x19	 x19:0x8000601b
         362908	     18043	8000601a	005f9833	sll	x16,x31,x5	 x31:0x00000005  x5:0x00000003 x16=0x00000028
         363108	     18053	8000601e	1d4c7093	andi	x1,x24,468	 x24:0x00000000  x1=0x00000000
         363128	     18054	80006022	026bf917	auipc	x18,0x26bf	 x18=0x826c5022
         363148	     18055	80006026	799b8713	addi	x14,x23,1945	 x23:0x00000000 x14=0x00000799
         363168	     18056	8000602a	717d	c.addi16sp	x2,-16	  x2:0x00000000  x2=0xfffffff0
         363348	     18065	8000602c	717d	c.addi16sp	x2,-16	  x2:0xfffffff0  x2=0xffffffe0
         363548	     18075	8000602e	4024de33	sra	x28,x9,x2	  x9:0x00000003  x2:0xffffffe0 x28=0x00000003
         363568	     18076	80006032	01c94863	blt	x18,x28,80006042	 x18:0x826c5022 x28:0x00000003
         364088	     18102	80006042	01d5dc13	srli	x24,x11,0x1d	 x11:0x00000005 x24=0x00000000
         364108	     18103	80006046	023c7063	bgeu	x24,x3,80006066	 x24:0x00000000  x3:0x00003000
         364308	     18113	8000604a	40278d33	sub	x26,x15,x2	 x15:0x0000000a  x2:0xffffffe0 x26=0x0000002a
         364328	     18114	8000604e	07a2	c.slli	x15,0x8	 x15:0x0000000a x15=0x00000a00
         364348	     18115	80006050	8ef1	c.and	x13,x12	 x13:0x00000000 x12:0x0000000a x13=0x00000000
         364568	     18126	80006052	0000100f	fence.i	
         365308	     18163	80006056	01d574b3	and	x9,x10,x29	 x10:0xffffffff x29:0x0000000c  x9=0x0000000c
         365468	     18171	8000605a	0ff0000f	fence	iorw,iorw	
         365768	     18186	8000605e	34007df3	csrrci	x27,mscratch,0	 x27=0x0000000a
         365788	     18187	80006062	0909	c.addi	x18,2	 x18:0x826c5022 x18=0x826c5024
         365848	     18190	80006064	8f11	c.sub	x14,x12	 x14:0x00000799 x12:0x0000000a x14=0x0000078f
         366008	     18198	80006066	00cc59b3	srl	x19,x24,x12	 x24:0x00000000 x12:0x0000000a x19=0x00000000
         366028	     18199	8000606a	032d09b3	mul	x19,x26,x18	 x26:0x0000002a x18:0x826c5024 x19=0x65c525e8
         366448	     18220	8000606e	34003ff3	csrrc	x31,mscratch,x0	  x0:0x00000000 x31=0x0000000a
         366468	     18221	80006072	8f0d	c.sub	x14,x11	 x14:0x0000078f x11:0x00000005 x14=0x0000078a
         366488	     18222	80006074	00ae1993	slli	x19,x28,0xa	 x28:0x00000003 x19=0x00000c00
         366508	     18223	80006078	8cc5	c.or	x9,x9	  x9:0x0000000c  x9:0x0000000c  x9=0x0000000c
         366548	     18225	8000607a	03eb9133	mulh	x2,x23,x30	 x23:0x00000000 x30:0x00003000  x2=0x00000000
         366568	     18226	8000607e	340062f3	csrrsi	x5,mscratch,0	  x5=0x0000000a
         366708	     18233	80006082	340c1573	csrrw	x10,mscratch,x24	 x24:0x00000000 x10=0x0000000a
         366768	     18236	80006086	4183d233	sra	x4,x7,x24	  x7:0x0000000a x24:0x00000000  x4=0x0000000a
         367188	     18257	8000608a	01656563	bltu	x10,x22,80006094	 x10:0x0000000a x22:0x80021e50
         367688	     18282	80006094	0000100f	fence.i	
         368648	     18330	80006098	031757b3	divu	x15,x14,x17	 x14:0x0000078a x17:0x5acc1240 x15=0x00000000
         368668	     18331	8000609c	340ce8f3	csrrsi	x17,mscratch,25	 x17=0x00000000
         368688	     18332	800060a0	ee89	c.bnez	x13,800060ba	 x13:0x00000000
         368708	     18333	800060a2	98fd	c.andi	x9,-1	  x9:0x0000000c  x9=0x0000000c
         368728	     18334	800060a4	5ed7b293	sltiu	x5,x15,1517	 x15:0x00000000  x5=0x00000001
         368748	     18335	800060a8	f04a6c93	ori	x25,x20,-252	 x20:0xfffff86d x25=0xffffff6d
         368768	     18336	800060ac	01a782b3	add	x5,x15,x26	 x15:0x00000000 x26:0x0000002a  x5=0x0000002a
         368888	     18342	800060b0	03231663	bne	x6,x18,800060dc	  x6:0x8000601a x18:0x826c5024
         370328	     18414	800060dc	03d6f263	bgeu	x13,x29,80006100	 x13:0x00000000 x29:0x0000000c
         370348	     18415	800060e0	03098763	beq	x19,x16,8000610e	 x19:0x00000c00 x16:0x00000028
         370568	     18426	800060e4	0000100f	fence.i	
         371068	     18451	800060e8	0087d4b3	srl	x9,x15,x8	 x15:0x00000000  x8:0x00000003  x9=0x00000000
         371268	     18461	800060ec	34006673	csrrsi	x12,mscratch,0	 x12=0x00000019
         371288	     18462	800060f0	3f4b8593	addi	x11,x23,1012	 x23:0x00000000 x11=0x000003f4
         371388	     18467	800060f4	0000100f	fence.i	
         372088	     18502	800060f8	1704	c.addi4spn	x9,x2,928	  x9=0x000003a0
         372108	     18503	800060fa	06a1	c.addi	x13,8	 x13:0x00000000 x13=0x00000008
         372128	     18504	800060fc	0ff0000f	fence	iorw,iorw	
         372188	     18507	80006100	8021	c.srli	x8,0x8	  x8:0x00000003  x8=0x00000000
         372208	     18508	80006102	010c5463	bge	x24,x16,8000610a	 x24:0x00000000 x16:0x00000028
         372228	     18509	80006106	5cc8bb93	sltiu	x23,x17,1484	 x17:0x00000000 x23=0x00000001
         372248	     18510	8000610a	011d1293	slli	x5,x26,0x11	 x26:0x0000002a  x5=0x00540000
         372268	     18511	8000610e	4034dd93	srai	x27,x9,0x3	  x9:0x000003a0 x27=0x00000074
         372348	     18515	80006112	009e9793	slli	x15,x29,0x9	 x29:0x0000000c x15=0x00001800
         372628	     18529	80006116	3fc63337	lui	x6,0x3fc63	  x6=0x3fc63000
         373048	     18550	8000611a	40cad193	srai	x3,x21,0xc	 x21:0x80025ce4  x3=0xfff80025
         373088	     18552	8000611e	03341f33	mulh	x30,x8,x19	  x8:0x00000000 x19:0x00000c00 x30=0x00000000
         373108	     18553	80006122	03a82593	slti	x11,x16,58	 x16:0x00000028 x11=0x00000001
         373408	     18568	80006126	037c6063	bltu	x24,x23,80006146	 x24:0x00000000 x23:0x00000001
         374888	     18642	80006146	0020d463	bge	x1,x2,8000614e	  x1:0x00000000  x2:0x00000000
         375668	     18681	8000614e	40da5713	srai	x14,x20,0xd	 x20:0xfffff86d x14=0xffffffff
         375688	     18682	80006152	4cbd	c.li	x25,15	 x25=0x0000000f
         375708	     18683	80006154	9caa	c.add	x25,x10	 x25:0x0000000f x10:0x0000000a x25=0x00000019
         375728	     18684	80006156	0192d8b3	srl	x17,x5,x25	  x5:0x00540000 x25:0x00000019 x17=0x00000000
         375748	     18685	8000615a	8cbff113	andi	x2,x31,-1845	 x31:0x0000000a  x2=0x0000000a
         375788	     18687	8000615e	023f94b3	mulh	x9,x31,x3	 x31:0x0000000a  x3:0xfff80025  x9=0xffffffff
         375908	     18693	80006162	19cd6993	ori	x19,x26,412	 x26:0x0000002a x19=0x000001be
         375928	     18694	80006166	0118f2b3	and	x5,x17,x17	 x17:0x00000000 x17:0x00000000  x5=0x00000000
         375968	     18696	8000616a	0236b2b3	mulhu	x5,x13,x3	 x13:0x00000008  x3:0xfff80025  x5=0x00000007
         377088	     18752	8000616e	034ac2b3	div	x5,x21,x20	 x21:0x80025ce4 x20:0xfffff86d  x5=0x0010e5f1
         377148	     18755	80006172	004b2303	lw	x6,4(x22)	 x22:0x80021e50  x6=0x80003520 PA:0x80021e54 load:0x80003520
         377888	     18792	80006176	039fc233	div	x4,x31,x25	 x31:0x0000000a x25:0x00000019  x4=0x00000000
         377908	     18793	8000617a	0b51	c.addi	x22,20	 x22:0x80021e50 x22=0x80021e64
         377928	     18794	8000617c	d077c193	xori	x3,x15,-761	 x15:0x00001800  x3=0xffffe507
         377948	     18795	80006180	0000100f	fence.i	
         378028	     18799	80006184	00130e13	addi	x28,x6,1	  x6:0x80003520 x28=0x80003521
         378068	     18801	80006188	8e02	c.jr	x28	 x28:0x80003521
         378848	     18840	80003520	b2654193	xori	x3,x10,-1242	 x10:0x0000000a  x3=0xfffffb2c
         378888	     18842	80003524	8c140d93	addi	x27,x8,-1855	  x8:0x00000000 x27=0xfffff8c1
         378968	     18846	80003528	01d3f263	bgeu	x7,x29,8000352c	  x7:0x0000000a x29:0x0000000c
         379708	     18883	8000352c	0238e9b3	rem	x19,x17,x3	 x17:0x00000000  x3:0xfffffb2c x19=0x00000000
         379728	     18884	80003530	ffffd397	auipc	x7,0xffffd	  x7=0x80000530
         379748	     18885	80003534	e5a38393	addi	x7,x7,-422	  x7:0x80000530  x7=0x8000038a
         379768	     18886	80003538	00038067	jalr	x0,0(x7)	  x7:0x8000038a  x0=0x00000000
         380008	     18898	8000038a	90000cb7	lui	x25,0x90000	 x25=0x90000000
         380028	     18899	8000038e	1ce1	c.addi	x25,-8	 x25:0x90000000 x25=0x8ffffff8
         380048	     18900	80000390	4601	c.li	x12,0	 x12=0x00000000
         380068	     18901	80000392	0622	c.slli	x12,0x8	 x12:0x00000000 x12=0x00000000
         380228	     18909	80000394	0605	c.addi	x12,1	 x12:0x00000000 x12=0x00000001
         380288	     18912	80000396	00cca023	sw	x12,0(x25)	 x25:0x8ffffff8 x12:0x00000001 PA:0x8ffffff8 store:0x00000001
         380308	     18913	8000039a	00000073	ecall	
         397108	     19753	80002700	0800006f	jal	x0,80002780	  x0=0x00000000
         397388	     19767	80002780	1af1	c.addi	x21,-4	 x21:0x80025ce4 x21=0x80025ce0
         397448	     19770	80002782	016aa023	sw	x22,0(x21)	 x21:0x80025ce0 x22:0x80021e64 PA:0x80025ce0 store:0x80021e64
         397468	     19771	80002786	000a8b33	add	x22,x21,x0	 x21:0x80025ce0  x0:0x00000000 x22=0x80025ce0
         397488	     19772	8000278a	f80b0b13	addi	x22,x22,-128	 x22:0x80025ce0 x22=0x80025c60
         397968	     19796	8000278e	001b2223	sw	x1,4(x22)	 x22:0x80025c60  x1:0x00000000 PA:0x80025c64 store:0x00000000
         398188	     19807	80002792	002b2423	sw	x2,8(x22)	 x22:0x80025c60  x2:0x0000000a PA:0x80025c68 store:0x0000000a
         398348	     19815	80002796	003b2623	sw	x3,12(x22)	 x22:0x80025c60  x3:0xfffffb2c PA:0x80025c6c store:0xfffffb2c
         398688	     19832	8000279a	004b2823	sw	x4,16(x22)	 x22:0x80025c60  x4:0x00000000 PA:0x80025c70 store:0x00000000
         398748	     19835	8000279e	005b2a23	sw	x5,20(x22)	 x22:0x80025c60  x5:0x0010e5f1 PA:0x80025c74 store:0x0010e5f1
         399108	     19853	800027a2	006b2c23	sw	x6,24(x22)	 x22:0x80025c60  x6:0x80003520 PA:0x80025c78 store:0x80003520
         399168	     19856	800027a6	007b2e23	sw	x7,28(x22)	 x22:0x80025c60  x7:0x8000038a PA:0x80025c7c store:0x8000038a
         399308	     19863	800027aa	028b2023	sw	x8,32(x22)	 x22:0x80025c60  x8:0x00000000 PA:0x80025c80 store:0x00000000
         399368	     19866	800027ae	029b2223	sw	x9,36(x22)	 x22:0x80025c60  x9:0xffffffff PA:0x80025c84 store:0xffffffff
         399768	     19886	800027b2	02ab2423	sw	x10,40(x22)	 x22:0x80025c60 x10:0x0000000a PA:0x80025c88 store:0x0000000a
         399828	     19889	800027b6	02bb2623	sw	x11,44(x22)	 x22:0x80025c60 x11:0x00000001 PA:0x80025c8c store:0x00000001
         399848	     19890	800027ba	02cb2823	sw	x12,48(x22)	 x22:0x80025c60 x12:0x00000001 PA:0x80025c90 store:0x00000001
         400268	     19911	800027be	02db2a23	sw	x13,52(x22)	 x22:0x80025c60 x13:0x00000008 PA:0x80025c94 store:0x00000008
         400668	     19931	800027c2	02eb2c23	sw	x14,56(x22)	 x22:0x80025c60 x14:0xffffffff PA:0x80025c98 store:0xffffffff
         400728	     19934	800027c6	02fb2e23	sw	x15,60(x22)	 x22:0x80025c60 x15:0x00001800 PA:0x80025c9c store:0x00001800
         400948	     19945	800027ca	050b2023	sw	x16,64(x22)	 x22:0x80025c60 x16:0x00000028 PA:0x80025ca0 store:0x00000028
         400968	     19946	800027ce	051b2223	sw	x17,68(x22)	 x22:0x80025c60 x17:0x00000000 PA:0x80025ca4 store:0x00000000
         400988	     19947	800027d2	052b2423	sw	x18,72(x22)	 x22:0x80025c60 x18:0x826c5024 PA:0x80025ca8 store:0x826c5024
         401188	     19957	800027d6	053b2623	sw	x19,76(x22)	 x22:0x80025c60 x19:0x00000000 PA:0x80025cac store:0x00000000
         401248	     19960	800027da	054b2823	sw	x20,80(x22)	 x22:0x80025c60 x20:0xfffff86d PA:0x80025cb0 store:0xfffff86d
         401268	     19961	800027de	055b2a23	sw	x21,84(x22)	 x22:0x80025c60 x21:0x80025ce0 PA:0x80025cb4 store:0x80025ce0
         401308	     19963	800027e2	056b2c23	sw	x22,88(x22)	 x22:0x80025c60 x22:0x80025c60 PA:0x80025cb8 store:0x80025c60
         401488	     19972	800027e6	057b2e23	sw	x23,92(x22)	 x22:0x80025c60 x23:0x00000001 PA:0x80025cbc store:0x00000001
         401628	     19979	800027ea	078b2023	sw	x24,96(x22)	 x22:0x80025c60 x24:0x00000000 PA:0x80025cc0 store:0x00000000
         401748	     19985	800027ee	079b2223	sw	x25,100(x22)	 x22:0x80025c60 x25:0x8ffffff8 PA:0x80025cc4 store:0x8ffffff8
         401808	     19988	800027f2	07ab2423	sw	x26,104(x22)	 x22:0x80025c60 x26:0x0000002a PA:0x80025cc8 store:0x0000002a
         402228	     20009	800027f6	07bb2623	sw	x27,108(x22)	 x22:0x80025c60 x27:0xfffff8c1 PA:0x80025ccc store:0xfffff8c1
         402308	     20013	800027fa	07cb2823	sw	x28,112(x22)	 x22:0x80025c60 x28:0x80003521 PA:0x80025cd0 store:0x80003521
         402348	     20015	800027fe	07db2a23	sw	x29,116(x22)	 x22:0x80025c60 x29:0x0000000c PA:0x80025cd4 store:0x0000000c
         402368	     20016	80002802	07eb2c23	sw	x30,120(x22)	 x22:0x80025c60 x30:0x00000000 PA:0x80025cd8 store:0x00000000
         402668	     20031	80002806	07fb2e23	sw	x31,124(x22)	 x22:0x80025c60 x31:0x0000000a PA:0x80025cdc store:0x0000000a
         402688	     20032	8000280a	000b0ab3	add	x21,x22,x0	 x22:0x80025c60  x0:0x00000000 x21=0x80025c60
         402708	     20033	8000280e	90000cb7	lui	x25,0x90000	 x25=0x90000000
         402728	     20034	80002812	1cf1	c.addi	x25,-4	 x25:0x90000000 x25=0x8ffffffc
         402748	     20035	80002814	4621	c.li	x12,8	 x12=0x00000008
         402768	     20036	80002816	0622	c.slli	x12,0x8	 x12:0x00000008 x12=0x00000800
         402788	     20037	80002818	00060613	addi	x12,x12,0	 x12:0x00000800 x12=0x00000800
         403248	     20060	8000281c	00cca023	sw	x12,0(x25)	 x25:0x8ffffffc x12:0x00000800 PA:0x8ffffffc store:0x00000800
         403268	     20061	80002820	34102673	csrrs	x12,mepc,x0	  x0:0x00000000 x12=0x8000039a
         403288	     20062	80002824	34202673	csrrs	x12,mcause,x0	  x0:0x00000000 x12=0x0000000b
         403308	     20063	80002828	4c8d	c.li	x25,3	 x25=0x00000003
         403328	     20064	8000282a	01961463	bne	x12,x25,80002832	 x12:0x0000000b x25:0x00000003
         403368	     20066	80002832	4ca1	c.li	x25,8	 x25=0x00000008
         403388	     20067	80002834	05960d63	beq	x12,x25,8000288e	 x12:0x0000000b x25:0x00000008
         403448	     20070	80002838	4ca5	c.li	x25,9	 x25=0x00000009
         403548	     20075	8000283a	05960a63	beq	x12,x25,8000288e	 x12:0x0000000b x25:0x00000009
         403568	     20076	8000283e	4cad	c.li	x25,11	 x25=0x0000000b
         403728	     20084	80002840	05960763	beq	x12,x25,8000288e	 x12:0x0000000b x25:0x0000000b
         404548	     20125	8000288e	90000cb7	lui	x25,0x90000	 x25=0x90000000
         404568	     20126	80002892	1cf1	c.addi	x25,-4	 x25:0x90000000 x25=0x8ffffffc
         404588	     20127	80002894	6605	c.lui	x12,0x1	 x12=0x00001000
         404988	     20147	80002896	b0060613	addi	x12,x12,-1280	 x12:0x00001000 x12=0x00000b00
         405008	     20148	8000289a	0622	c.slli	x12,0x8	 x12:0x00000b00 x12=0x000b0000
         405028	     20149	8000289c	060d	c.addi	x12,3	 x12:0x000b0000 x12=0x000b0003
         405148	     20155	8000289e	00cca023	sw	x12,0(x25)	 x25:0x8ffffffc x12:0x000b0003 PA:0x8ffffffc store:0x000b0003
         405168	     20156	800028a2	b0002673	csrrs	x12,mcycle,x0	  x0:0x00000000 x12=0x00004eb9
         405508	     20173	800028a6	00cca023	sw	x12,0(x25)	 x25:0x8ffffffc x12:0x00004eb9 PA:0x8ffffffc store:0x00004eb9
         405528	     20174	800028aa	90000cb7	lui	x25,0x90000	 x25=0x90000000
         405548	     20175	800028ae	1cf1	c.addi	x25,-4	 x25:0x90000000 x25=0x8ffffffc
         405768	     20186	800028b0	6605	c.lui	x12,0x1	 x12=0x00001000
         405788	     20187	800028b2	b8060613	addi	x12,x12,-1152	 x12:0x00001000 x12=0x00000b80
         405808	     20188	800028b6	0622	c.slli	x12,0x8	 x12:0x00000b80 x12=0x000b8000
         405908	     20193	800028b8	060d	c.addi	x12,3	 x12:0x000b8000 x12=0x000b8003
         406128	     20204	800028ba	00cca023	sw	x12,0(x25)	 x25:0x8ffffffc x12:0x000b8003 PA:0x8ffffffc store:0x000b8003
         406268	     20211	800028be	b8002673	csrrs	x12,mcycleh,x0	  x0:0x00000000 x12=0x00000000
         406328	     20214	800028c2	00cca023	sw	x12,0(x25)	 x25:0x8ffffffc x12:0x00000000 PA:0x8ffffffc store:0x00000000
         406348	     20215	800028c6	90000cb7	lui	x25,0x90000	 x25=0x90000000
         406368	     20216	800028ca	1cf1	c.addi	x25,-4	 x25:0x90000000 x25=0x8ffffffc
         406668	     20231	800028cc	6605	c.lui	x12,0x1	 x12=0x00001000
         406788	     20237	800028ce	b0360613	addi	x12,x12,-1277	 x12:0x00001000 x12=0x00000b03
         406808	     20238	800028d2	0622	c.slli	x12,0x8	 x12:0x00000b03 x12=0x000b0300
         406828	     20239	800028d4	060d	c.addi	x12,3	 x12:0x000b0300 x12=0x000b0303
         406888	     20242	800028d6	00cca023	sw	x12,0(x25)	 x25:0x8ffffffc x12:0x000b0303 PA:0x8ffffffc store:0x000b0303
         406908	     20243	800028da	b0302673	csrrs	x12,mhpmcounter3,x0	  x0:0x00000000 x12=0x000000a6
         407248	     20260	800028de	00cca023	sw	x12,0(x25)	 x25:0x8ffffffc x12:0x000000a6 PA:0x8ffffffc store:0x000000a6
         407268	     20261	800028e2	90000cb7	lui	x25,0x90000	 x25=0x90000000
         407288	     20262	800028e6	1cf1	c.addi	x25,-4	 x25:0x90000000 x25=0x8ffffffc
         407308	     20263	800028e8	6605	c.lui	x12,0x1	 x12=0x00001000
         407328	     20264	800028ea	b8360613	addi	x12,x12,-1149	 x12:0x00001000 x12=0x00000b83
         407348	     20265	800028ee	0622	c.slli	x12,0x8	 x12:0x00000b83 x12=0x000b8300
         407408	     20268	800028f0	060d	c.addi	x12,3	 x12:0x000b8300 x12=0x000b8303
         407468	     20271	800028f2	00cca023	sw	x12,0(x25)	 x25:0x8ffffffc x12:0x000b8303 PA:0x8ffffffc store:0x000b8303
         407768	     20286	800028f6	b8302673	csrrs	x12,mhpmcounter3h,x0	  x0:0x00000000 x12=0x00000000
         408288	     20312	800028fa	00cca023	sw	x12,0(x25)	 x25:0x8ffffffc x12:0x00000000 PA:0x8ffffffc store:0x00000000
         408308	     20313	800028fe	90000cb7	lui	x25,0x90000	 x25=0x90000000
         408328	     20314	80002902	1cf1	c.addi	x25,-4	 x25:0x90000000 x25=0x8ffffffc
         408348	     20315	80002904	6605	c.lui	x12,0x1	 x12=0x00001000
         408368	     20316	80002906	b0460613	addi	x12,x12,-1276	 x12:0x00001000 x12=0x00000b04
         408388	     20317	8000290a	0622	c.slli	x12,0x8	 x12:0x00000b04 x12=0x000b0400
         408408	     20318	8000290c	060d	c.addi	x12,3	 x12:0x000b0400 x12=0x000b0403
         408668	     20331	8000290e	00cca023	sw	x12,0(x25)	 x25:0x8ffffffc x12:0x000b0403 PA:0x8ffffffc store:0x000b0403
         408688	     20332	80002912	b0402673	csrrs	x12,mhpmcounter4,x0	  x0:0x00000000 x12=0x00002a98
         409108	     20353	80002916	00cca023	sw	x12,0(x25)	 x25:0x8ffffffc x12:0x00002a98 PA:0x8ffffffc store:0x00002a98
         409128	     20354	8000291a	90000cb7	lui	x25,0x90000	 x25=0x90000000
         409148	     20355	8000291e	1cf1	c.addi	x25,-4	 x25:0x90000000 x25=0x8ffffffc
         409168	     20356	80002920	6605	c.lui	x12,0x1	 x12=0x00001000
         409188	     20357	80002922	b8460613	addi	x12,x12,-1148	 x12:0x00001000 x12=0x00000b84
         409208	     20358	80002926	0622	c.slli	x12,0x8	 x12:0x00000b84 x12=0x000b8400
         409228	     20359	80002928	060d	c.addi	x12,3	 x12:0x000b8400 x12=0x000b8403
         409288	     20362	8000292a	00cca023	sw	x12,0(x25)	 x25:0x8ffffffc x12:0x000b8403 PA:0x8ffffffc store:0x000b8403
         409308	     20363	8000292e	b8402673	csrrs	x12,mhpmcounter4h,x0	  x0:0x00000000 x12=0x00000000
         409328	     20364	80002932	00cca023	sw	x12,0(x25)	 x25:0x8ffffffc x12:0x00000000 PA:0x8ffffffc store:0x00000000
         409348	     20365	80002936	90000cb7	lui	x25,0x90000	 x25=0x90000000
         409368	     20366	8000293a	1cf1	c.addi	x25,-4	 x25:0x90000000 x25=0x8ffffffc
         409668	     20381	8000293c	6605	c.lui	x12,0x1	 x12=0x00001000
         409688	     20382	8000293e	b0560613	addi	x12,x12,-1275	 x12:0x00001000 x12=0x00000b05
         409708	     20383	80002942	0622	c.slli	x12,0x8	 x12:0x00000b05 x12=0x000b0500
         409728	     20384	80002944	060d	c.addi	x12,3	 x12:0x000b0500 x12=0x000b0503
         409868	     20391	80002946	00cca023	sw	x12,0(x25)	 x25:0x8ffffffc x12:0x000b0503 PA:0x8ffffffc store:0x000b0503
         409888	     20392	8000294a	b0502673	csrrs	x12,mhpmcounter5,x0	  x0:0x00000000 x12=0x00000004
         409908	     20393	8000294e	00cca023	sw	x12,0(x25)	 x25:0x8ffffffc x12:0x00000004 PA:0x8ffffffc store:0x00000004
         409928	     20394	80002952	90000cb7	lui	x25,0x90000	 x25=0x90000000
         409948	     20395	80002956	1cf1	c.addi	x25,-4	 x25:0x90000000 x25=0x8ffffffc
         409968	     20396	80002958	6605	c.lui	x12,0x1	 x12=0x00001000
         410028	     20399	8000295a	b8560613	addi	x12,x12,-1147	 x12:0x00001000 x12=0x00000b85
         410048	     20400	8000295e	0622	c.slli	x12,0x8	 x12:0x00000b85 x12=0x000b8500
         410288	     20412	80002960	060d	c.addi	x12,3	 x12:0x000b8500 x12=0x000b8503
         410928	     20444	80002962	00cca023	sw	x12,0(x25)	 x25:0x8ffffffc x12:0x000b8503 PA:0x8ffffffc store:0x000b8503
         410948	     20445	80002966	b8502673	csrrs	x12,mhpmcounter5h,x0	  x0:0x00000000 x12=0x00000000
         411008	     20448	8000296a	00cca023	sw	x12,0(x25)	 x25:0x8ffffffc x12:0x00000000 PA:0x8ffffffc store:0x00000000
         411028	     20449	8000296e	90000cb7	lui	x25,0x90000	 x25=0x90000000
         411048	     20450	80002972	1cf1	c.addi	x25,-4	 x25:0x90000000 x25=0x8ffffffc
         411068	     20451	80002974	6605	c.lui	x12,0x1	 x12=0x00001000
         411428	     20469	80002976	b0660613	addi	x12,x12,-1274	 x12:0x00001000 x12=0x00000b06
         411448	     20470	8000297a	0622	c.slli	x12,0x8	 x12:0x00000b06 x12=0x000b0600
         411468	     20471	8000297c	060d	c.addi	x12,3	 x12:0x000b0600 x12=0x000b0603
         412248	     20510	8000297e	00cca023	sw	x12,0(x25)	 x25:0x8ffffffc x12:0x000b0603 PA:0x8ffffffc store:0x000b0603
         412268	     20511	80002982	b0602673	csrrs	x12,mhpmcounter6,x0	  x0:0x00000000 x12=0x0000003c
         412408	     20518	80002986	00cca023	sw	x12,0(x25)	 x25:0x8ffffffc x12:0x0000003c PA:0x8ffffffc store:0x0000003c
         412428	     20519	8000298a	90000cb7	lui	x25,0x90000	 x25=0x90000000
         412448	     20520	8000298e	1cf1	c.addi	x25,-4	 x25:0x90000000 x25=0x8ffffffc
         412468	     20521	80002990	6605	c.lui	x12,0x1	 x12=0x00001000
         412488	     20522	80002992	b8660613	addi	x12,x12,-1146	 x12:0x00001000 x12=0x00000b86
         412508	     20523	80002996	0622	c.slli	x12,0x8	 x12:0x00000b86 x12=0x000b8600
         412528	     20524	80002998	060d	c.addi	x12,3	 x12:0x000b8600 x12=0x000b8603
         412768	     20536	8000299a	00cca023	sw	x12,0(x25)	 x25:0x8ffffffc x12:0x000b8603 PA:0x8ffffffc store:0x000b8603
         412788	     20537	8000299e	b8602673	csrrs	x12,mhpmcounter6h,x0	  x0:0x00000000 x12=0x00000000
         413168	     20556	800029a2	00cca023	sw	x12,0(x25)	 x25:0x8ffffffc x12:0x00000000 PA:0x8ffffffc store:0x00000000
         413188	     20557	800029a6	90000cb7	lui	x25,0x90000	 x25=0x90000000
         413208	     20558	800029aa	1cf1	c.addi	x25,-4	 x25:0x90000000 x25=0x8ffffffc
         413228	     20559	800029ac	6605	c.lui	x12,0x1	 x12=0x00001000
         413248	     20560	800029ae	b0760613	addi	x12,x12,-1273	 x12:0x00001000 x12=0x00000b07
         413268	     20561	800029b2	0622	c.slli	x12,0x8	 x12:0x00000b07 x12=0x000b0700
         413288	     20562	800029b4	060d	c.addi	x12,3	 x12:0x000b0700 x12=0x000b0703
         413488	     20572	800029b6	00cca023	sw	x12,0(x25)	 x25:0x8ffffffc x12:0x000b0703 PA:0x8ffffffc store:0x000b0703
         413508	     20573	800029ba	b0702673	csrrs	x12,mhpmcounter7,x0	  x0:0x00000000 x12=0x00000024
         413928	     20594	800029be	00cca023	sw	x12,0(x25)	 x25:0x8ffffffc x12:0x00000024 PA:0x8ffffffc store:0x00000024
         413948	     20595	800029c2	90000cb7	lui	x25,0x90000	 x25=0x90000000
         413968	     20596	800029c6	1cf1	c.addi	x25,-4	 x25:0x90000000 x25=0x8ffffffc
         413988	     20597	800029c8	6605	c.lui	x12,0x1	 x12=0x00001000
         414208	     20608	800029ca	b8760613	addi	x12,x12,-1145	 x12:0x00001000 x12=0x00000b87
         414228	     20609	800029ce	0622	c.slli	x12,0x8	 x12:0x00000b87 x12=0x000b8700
         414248	     20610	800029d0	060d	c.addi	x12,3	 x12:0x000b8700 x12=0x000b8703
         414508	     20623	800029d2	00cca023	sw	x12,0(x25)	 x25:0x8ffffffc x12:0x000b8703 PA:0x8ffffffc store:0x000b8703
         414528	     20624	800029d6	b8702673	csrrs	x12,mhpmcounter7h,x0	  x0:0x00000000 x12=0x00000000
         414808	     20638	800029da	00cca023	sw	x12,0(x25)	 x25:0x8ffffffc x12:0x00000000 PA:0x8ffffffc store:0x00000000
         414828	     20639	800029de	90000cb7	lui	x25,0x90000	 x25=0x90000000
         414848	     20640	800029e2	1cf1	c.addi	x25,-4	 x25:0x90000000 x25=0x8ffffffc
         414868	     20641	800029e4	6605	c.lui	x12,0x1	 x12=0x00001000
         414888	     20642	800029e6	b0860613	addi	x12,x12,-1272	 x12:0x00001000 x12=0x00000b08
         414908	     20643	800029ea	0622	c.slli	x12,0x8	 x12:0x00000b08 x12=0x000b0800
         415088	     20652	800029ec	060d	c.addi	x12,3	 x12:0x000b0800 x12=0x000b0803
         415548	     20675	800029ee	00cca023	sw	x12,0(x25)	 x25:0x8ffffffc x12:0x000b0803 PA:0x8ffffffc store:0x000b0803
         415568	     20676	800029f2	b0802673	csrrs	x12,mhpmcounter8,x0	  x0:0x00000000 x12=0x000000d9
         415628	     20679	800029f6	00cca023	sw	x12,0(x25)	 x25:0x8ffffffc x12:0x000000d9 PA:0x8ffffffc store:0x000000d9
         415648	     20680	800029fa	90000cb7	lui	x25,0x90000	 x25=0x90000000
         415668	     20681	800029fe	1cf1	c.addi	x25,-4	 x25:0x90000000 x25=0x8ffffffc
         415688	     20682	80002a00	6605	c.lui	x12,0x1	 x12=0x00001000
         415708	     20683	80002a02	b8860613	addi	x12,x12,-1144	 x12:0x00001000 x12=0x00000b88
         415728	     20684	80002a06	0622	c.slli	x12,0x8	 x12:0x00000b88 x12=0x000b8800
         415748	     20685	80002a08	060d	c.addi	x12,3	 x12:0x000b8800 x12=0x000b8803
         415808	     20688	80002a0a	00cca023	sw	x12,0(x25)	 x25:0x8ffffffc x12:0x000b8803 PA:0x8ffffffc store:0x000b8803
         415848	     20690	80002a0e	b8802673	csrrs	x12,mhpmcounter8h,x0	  x0:0x00000000 x12=0x00000000
         416028	     20699	80002a12	00cca023	sw	x12,0(x25)	 x25:0x8ffffffc x12:0x00000000 PA:0x8ffffffc store:0x00000000
         416108	     20703	80002a16	90000cb7	lui	x25,0x90000	 x25=0x90000000
         416128	     20704	80002a1a	1cf1	c.addi	x25,-4	 x25:0x90000000 x25=0x8ffffffc
         416228	     20709	80002a1c	6605	c.lui	x12,0x1	 x12=0x00001000
         416248	     20710	80002a1e	b0960613	addi	x12,x12,-1271	 x12:0x00001000 x12=0x00000b09
         416268	     20711	80002a22	0622	c.slli	x12,0x8	 x12:0x00000b09 x12=0x000b0900
         416668	     20731	80002a24	060d	c.addi	x12,3	 x12:0x000b0900 x12=0x000b0903
         416908	     20743	80002a26	00cca023	sw	x12,0(x25)	 x25:0x8ffffffc x12:0x000b0903 PA:0x8ffffffc store:0x000b0903
         416928	     20744	80002a2a	b0902673	csrrs	x12,mhpmcounter9,x0	  x0:0x00000000 x12=0x0000007e
         416968	     20746	80002a2e	00cca023	sw	x12,0(x25)	 x25:0x8ffffffc x12:0x0000007e PA:0x8ffffffc store:0x0000007e
         417228	     20759	80002a32	90000cb7	lui	x25,0x90000	 x25=0x90000000
         417248	     20760	80002a36	1cf1	c.addi	x25,-4	 x25:0x90000000 x25=0x8ffffffc
         417268	     20761	80002a38	6605	c.lui	x12,0x1	 x12=0x00001000
         417288	     20762	80002a3a	b8960613	addi	x12,x12,-1143	 x12:0x00001000 x12=0x00000b89
         417308	     20763	80002a3e	0622	c.slli	x12,0x8	 x12:0x00000b89 x12=0x000b8900
         417328	     20764	80002a40	060d	c.addi	x12,3	 x12:0x000b8900 x12=0x000b8903
         417768	     20786	80002a42	00cca023	sw	x12,0(x25)	 x25:0x8ffffffc x12:0x000b8903 PA:0x8ffffffc store:0x000b8903
         417988	     20797	80002a46	b8902673	csrrs	x12,mhpmcounter9h,x0	  x0:0x00000000 x12=0x00000000
         418568	     20826	80002a4a	00cca023	sw	x12,0(x25)	 x25:0x8ffffffc x12:0x00000000 PA:0x8ffffffc store:0x00000000
         418588	     20827	80002a4e	90000cb7	lui	x25,0x90000	 x25=0x90000000
         418608	     20828	80002a52	1cf1	c.addi	x25,-4	 x25:0x90000000 x25=0x8ffffffc
         418628	     20829	80002a54	6605	c.lui	x12,0x1	 x12=0x00001000
         418648	     20830	80002a56	b0a60613	addi	x12,x12,-1270	 x12:0x00001000 x12=0x00000b0a
         418668	     20831	80002a5a	0622	c.slli	x12,0x8	 x12:0x00000b0a x12=0x000b0a00
         418688	     20832	80002a5c	060d	c.addi	x12,3	 x12:0x000b0a00 x12=0x000b0a03
         418908	     20843	80002a5e	00cca023	sw	x12,0(x25)	 x25:0x8ffffffc x12:0x000b0a03 PA:0x8ffffffc store:0x000b0a03
         418928	     20844	80002a62	b0a02673	csrrs	x12,mhpmcounter10,x0	  x0:0x00000000 x12=0x00000230
         419148	     20855	80002a66	00cca023	sw	x12,0(x25)	 x25:0x8ffffffc x12:0x00000230 PA:0x8ffffffc store:0x00000230
         419168	     20856	80002a6a	90000cb7	lui	x25,0x90000	 x25=0x90000000
         419188	     20857	80002a6e	1cf1	c.addi	x25,-4	 x25:0x90000000 x25=0x8ffffffc
         419268	     20861	80002a70	6605	c.lui	x12,0x1	 x12=0x00001000
         419508	     20873	80002a72	b8a60613	addi	x12,x12,-1142	 x12:0x00001000 x12=0x00000b8a
         419528	     20874	80002a76	0622	c.slli	x12,0x8	 x12:0x00000b8a x12=0x000b8a00
         419548	     20875	80002a78	060d	c.addi	x12,3	 x12:0x000b8a00 x12=0x000b8a03
         419888	     20892	80002a7a	00cca023	sw	x12,0(x25)	 x25:0x8ffffffc x12:0x000b8a03 PA:0x8ffffffc store:0x000b8a03
         419908	     20893	80002a7e	b8a02673	csrrs	x12,mhpmcounter10h,x0	  x0:0x00000000 x12=0x00000000
         419968	     20896	80002a82	00cca023	sw	x12,0(x25)	 x25:0x8ffffffc x12:0x00000000 PA:0x8ffffffc store:0x00000000
         419988	     20897	80002a86	90000cb7	lui	x25,0x90000	 x25=0x90000000
         420008	     20898	80002a8a	1cf1	c.addi	x25,-4	 x25:0x90000000 x25=0x8ffffffc
         420028	     20899	80002a8c	6605	c.lui	x12,0x1	 x12=0x00001000
         420048	     20900	80002a8e	b0b60613	addi	x12,x12,-1269	 x12:0x00001000 x12=0x00000b0b
         420068	     20901	80002a92	0622	c.slli	x12,0x8	 x12:0x00000b0b x12=0x000b0b00
         420088	     20902	80002a94	060d	c.addi	x12,3	 x12:0x000b0b00 x12=0x000b0b03
         420968	     20946	80002a96	00cca023	sw	x12,0(x25)	 x25:0x8ffffffc x12:0x000b0b03 PA:0x8ffffffc store:0x000b0b03
         420988	     20947	80002a9a	b0b02673	csrrs	x12,mhpmcounter11,x0	  x0:0x00000000 x12=0x0000003f
         421588	     20977	80002a9e	00cca023	sw	x12,0(x25)	 x25:0x8ffffffc x12:0x0000003f PA:0x8ffffffc store:0x0000003f
         421608	     20978	80002aa2	90000cb7	lui	x25,0x90000	 x25=0x90000000
         421628	     20979	80002aa6	1cf1	c.addi	x25,-4	 x25:0x90000000 x25=0x8ffffffc
         421648	     20980	80002aa8	6605	c.lui	x12,0x1	 x12=0x00001000
         421668	     20981	80002aaa	b8b60613	addi	x12,x12,-1141	 x12:0x00001000 x12=0x00000b8b
         421688	     20982	80002aae	0622	c.slli	x12,0x8	 x12:0x00000b8b x12=0x000b8b00
         421708	     20983	80002ab0	060d	c.addi	x12,3	 x12:0x000b8b00 x12=0x000b8b03
         421768	     20986	80002ab2	00cca023	sw	x12,0(x25)	 x25:0x8ffffffc x12:0x000b8b03 PA:0x8ffffffc store:0x000b8b03
         421788	     20987	80002ab6	b8b02673	csrrs	x12,mhpmcounter11h,x0	  x0:0x00000000 x12=0x00000000
         421808	     20988	80002aba	00cca023	sw	x12,0(x25)	 x25:0x8ffffffc x12:0x00000000 PA:0x8ffffffc store:0x00000000
         421828	     20989	80002abe	90000cb7	lui	x25,0x90000	 x25=0x90000000
         421848	     20990	80002ac2	1cf1	c.addi	x25,-4	 x25:0x90000000 x25=0x8ffffffc
         422328	     21014	80002ac4	6605	c.lui	x12,0x1	 x12=0x00001000
         422348	     21015	80002ac6	b0c60613	addi	x12,x12,-1268	 x12:0x00001000 x12=0x00000b0c
         422368	     21016	80002aca	0622	c.slli	x12,0x8	 x12:0x00000b0c x12=0x000b0c00
         422388	     21017	80002acc	060d	c.addi	x12,3	 x12:0x000b0c00 x12=0x000b0c03
         422608	     21028	80002ace	00cca023	sw	x12,0(x25)	 x25:0x8ffffffc x12:0x000b0c03 PA:0x8ffffffc store:0x000b0c03
         422628	     21029	80002ad2	b0c02673	csrrs	x12,mhpmcounter12,x0	  x0:0x00000000 x12=0x00000866
         422688	     21032	80002ad6	00cca023	sw	x12,0(x25)	 x25:0x8ffffffc x12:0x00000866 PA:0x8ffffffc store:0x00000866
         422708	     21033	80002ada	90000cb7	lui	x25,0x90000	 x25=0x90000000
         422728	     21034	80002ade	1cf1	c.addi	x25,-4	 x25:0x90000000 x25=0x8ffffffc
         422748	     21035	80002ae0	6605	c.lui	x12,0x1	 x12=0x00001000
         422768	     21036	80002ae2	b8c60613	addi	x12,x12,-1140	 x12:0x00001000 x12=0x00000b8c
         422788	     21037	80002ae6	0622	c.slli	x12,0x8	 x12:0x00000b8c x12=0x000b8c00
         422808	     21038	80002ae8	060d	c.addi	x12,3	 x12:0x000b8c00 x12=0x000b8c03
         423268	     21061	80002aea	00cca023	sw	x12,0(x25)	 x25:0x8ffffffc x12:0x000b8c03 PA:0x8ffffffc store:0x000b8c03
         423288	     21062	80002aee	b8c02673	csrrs	x12,mhpmcounter12h,x0	  x0:0x00000000 x12=0x00000000
         423348	     21065	80002af2	00cca023	sw	x12,0(x25)	 x25:0x8ffffffc x12:0x00000000 PA:0x8ffffffc store:0x00000000
         423368	     21066	80002af6	ffffd617	auipc	x12,0xffffd	 x12=0x7ffffaf6
         423428	     21069	80002afa	58a60613	addi	x12,x12,1418	 x12:0x7ffffaf6 x12=0x80000080
         423568	     21076	80002afe	00062023	sw	x0,0(x12)	 x12:0x80000080  x0:0x00000000 PA:0x80000080 store:0x00000000
         423708	     21083	80002b02	00162223	sw	x1,4(x12)	 x12:0x80000080  x1:0x00000000 PA:0x80000084 store:0x00000000
         423808	     21088	80002b06	00262423	sw	x2,8(x12)	 x12:0x80000080  x2:0x0000000a PA:0x80000088 store:0x0000000a
         424128	     21104	80002b0a	00362623	sw	x3,12(x12)	 x12:0x80000080  x3:0xfffffb2c PA:0x8000008c store:0xfffffb2c
         424708	     21133	80002b0e	00462823	sw	x4,16(x12)	 x12:0x80000080  x4:0x00000000 PA:0x80000090 store:0x00000000
         424768	     21136	80002b12	00562a23	sw	x5,20(x12)	 x12:0x80000080  x5:0x0010e5f1 PA:0x80000094 store:0x0010e5f1
         424788	     21137	80002b16	00662c23	sw	x6,24(x12)	 x12:0x80000080  x6:0x80003520 PA:0x80000098 store:0x80003520
         424928	     21144	80002b1a	00762e23	sw	x7,28(x12)	 x12:0x80000080  x7:0x8000038a PA:0x8000009c store:0x8000038a
         425008	     21148	80002b1e	d200	c.sw	x8,32(x12)	 x12:0x80000080  x8:0x00000000 PA:0x800000a0 store:0x00000000
         425108	     21153	80002b20	d244	c.sw	x9,36(x12)	 x12:0x80000080  x9:0xffffffff PA:0x800000a4 store:0xffffffff
         425128	     21154	80002b22	d608	c.sw	x10,40(x12)	 x12:0x80000080 x10:0x0000000a PA:0x800000a8 store:0x0000000a
         425708	     21183	80002b24	d64c	c.sw	x11,44(x12)	 x12:0x80000080 x11:0x00000001 PA:0x800000ac store:0x00000001
         425768	     21186	80002b26	da10	c.sw	x12,48(x12)	 x12:0x80000080 x12:0x80000080 PA:0x800000b0 store:0x80000080
         425788	     21187	80002b28	da54	c.sw	x13,52(x12)	 x12:0x80000080 x13:0x00000008 PA:0x800000b4 store:0x00000008
         425868	     21191	80002b2a	de18	c.sw	x14,56(x12)	 x12:0x80000080 x14:0xffffffff PA:0x800000b8 store:0xffffffff
         426008	     21198	80002b2c	de5c	c.sw	x15,60(x12)	 x12:0x80000080 x15:0x00001800 PA:0x800000bc store:0x00001800
         426028	     21199	80002b2e	05062023	sw	x16,64(x12)	 x12:0x80000080 x16:0x00000028 PA:0x800000c0 store:0x00000028
         426048	     21200	80002b32	05162223	sw	x17,68(x12)	 x12:0x80000080 x17:0x00000000 PA:0x800000c4 store:0x00000000
         426288	     21212	80002b36	05262423	sw	x18,72(x12)	 x12:0x80000080 x18:0x826c5024 PA:0x800000c8 store:0x826c5024
         426408	     21218	80002b3a	05362623	sw	x19,76(x12)	 x12:0x80000080 x19:0x00000000 PA:0x800000cc store:0x00000000
         426868	     21241	80002b3e	05462823	sw	x20,80(x12)	 x12:0x80000080 x20:0xfffff86d PA:0x800000d0 store:0xfffff86d
         427008	     21248	80002b42	05562a23	sw	x21,84(x12)	 x12:0x80000080 x21:0x80025c60 PA:0x800000d4 store:0x80025c60
         427068	     21251	80002b46	05662c23	sw	x22,88(x12)	 x12:0x80000080 x22:0x80025c60 PA:0x800000d8 store:0x80025c60
         427088	     21252	80002b4a	05762e23	sw	x23,92(x12)	 x12:0x80000080 x23:0x00000001 PA:0x800000dc store:0x00000001
         427108	     21253	80002b4e	07862023	sw	x24,96(x12)	 x12:0x80000080 x24:0x00000000 PA:0x800000e0 store:0x00000000
         427128	     21254	80002b52	07962223	sw	x25,100(x12)	 x12:0x80000080 x25:0x8ffffffc PA:0x800000e4 store:0x8ffffffc
         427548	     21275	80002b56	07a62423	sw	x26,104(x12)	 x12:0x80000080 x26:0x0000002a PA:0x800000e8 store:0x0000002a
         427768	     21286	80002b5a	07b62623	sw	x27,108(x12)	 x12:0x80000080 x27:0xfffff8c1 PA:0x800000ec store:0xfffff8c1
         427928	     21294	80002b5e	07c62823	sw	x28,112(x12)	 x12:0x80000080 x28:0x80003521 PA:0x800000f0 store:0x80003521
         428148	     21305	80002b62	07d62a23	sw	x29,116(x12)	 x12:0x80000080 x29:0x0000000c PA:0x800000f4 store:0x0000000c
         428448	     21320	80002b66	07e62c23	sw	x30,120(x12)	 x12:0x80000080 x30:0x00000000 PA:0x800000f8 store:0x00000000
         428508	     21323	80002b6a	07f62e23	sw	x31,124(x12)	 x12:0x80000080 x31:0x0000000a PA:0x800000fc store:0x0000000a
         428528	     21324	80002b6e	34102673	csrrs	x12,mepc,x0	  x0:0x00000000 x12=0x8000039a
         428548	     21325	80002b72	0611	c.addi	x12,4	 x12:0x8000039a x12=0x8000039e
         428568	     21326	80002b74	34161073	csrrw	x0,mepc,x12	 x12:0x8000039e  x0=0x00000000
         428588	     21327	80002b78	30200073	mret	
         429808	     21388	8000039e	90000cb7	lui	x25,0x90000	 x25=0x90000000
         429828	     21389	800003a2	1ce1	c.addi	x25,-8	 x25:0x90000000 x25=0x8ffffff8
         429848	     21390	800003a4	4605	c.li	x12,1	 x12=0x00000001
         429868	     21391	800003a6	0622	c.slli	x12,0x8	 x12:0x00000001 x12=0x00000100
         430248	     21410	800003a8	0605	c.addi	x12,1	 x12:0x00000100 x12=0x00000101
         430308	     21413	800003aa	00cca023	sw	x12,0(x25)	 x25:0x8ffffff8 x12:0x00000101 PA:0x8ffffff8 store:0x00000101
         430328	     21414	800003ae	00000073	ecall	
         430888	     21442	80002700	0800006f	jal	x0,80002780	  x0=0x00000000
         430928	     21444	80002780	1af1	c.addi	x21,-4	 x21:0x80025c60 x21=0x80025c5c
         431388	     21467	80002782	016aa023	sw	x22,0(x21)	 x21:0x80025c5c x22:0x80025c60 PA:0x80025c5c store:0x80025c60
         431408	     21468	80002786	000a8b33	add	x22,x21,x0	 x21:0x80025c5c  x0:0x00000000 x22=0x80025c5c
         431428	     21469	8000278a	f80b0b13	addi	x22,x22,-128	 x22:0x80025c5c x22=0x80025bdc
         431488	     21472	8000278e	001b2223	sw	x1,4(x22)	 x22:0x80025bdc  x1:0x00000000 PA:0x80025be0 store:0x00000000
         431768	     21486	80002792	002b2423	sw	x2,8(x22)	 x22:0x80025bdc  x2:0x0000000a PA:0x80025be4 store:0x0000000a
         431828	     21489	80002796	003b2623	sw	x3,12(x22)	 x22:0x80025bdc  x3:0xfffffb2c PA:0x80025be8 store:0xfffffb2c
         432208	     21508	8000279a	004b2823	sw	x4,16(x22)	 x22:0x80025bdc  x4:0x00000000 PA:0x80025bec store:0x00000000
         432268	     21511	8000279e	005b2a23	sw	x5,20(x22)	 x22:0x80025bdc  x5:0x0010e5f1 PA:0x80025bf0 store:0x0010e5f1
         432288	     21512	800027a2	006b2c23	sw	x6,24(x22)	 x22:0x80025bdc  x6:0x80003520 PA:0x80025bf4 store:0x80003520
         432308	     21513	800027a6	007b2e23	sw	x7,28(x22)	 x22:0x80025bdc  x7:0x8000038a PA:0x80025bf8 store:0x8000038a
         432508	     21523	800027aa	028b2023	sw	x8,32(x22)	 x22:0x80025bdc  x8:0x00000000 PA:0x80025bfc store:0x00000000
         432568	     21526	800027ae	029b2223	sw	x9,36(x22)	 x22:0x80025bdc  x9:0xffffffff PA:0x80025c00 store:0xffffffff
         432588	     21527	800027b2	02ab2423	sw	x10,40(x22)	 x22:0x80025bdc x10:0x0000000a PA:0x80025c04 store:0x0000000a
         433008	     21548	800027b6	02bb2623	sw	x11,44(x22)	 x22:0x80025bdc x11:0x00000001 PA:0x80025c08 store:0x00000001
         433088	     21552	800027ba	02cb2823	sw	x12,48(x22)	 x22:0x80025bdc x12:0x00000101 PA:0x80025c0c store:0x00000101
         433108	     21553	800027be	02db2a23	sw	x13,52(x22)	 x22:0x80025bdc x13:0x00000008 PA:0x80025c10 store:0x00000008
         433308	     21563	800027c2	02eb2c23	sw	x14,56(x22)	 x22:0x80025bdc x14:0xffffffff PA:0x80025c14 store:0xffffffff
         433328	     21564	800027c6	02fb2e23	sw	x15,60(x22)	 x22:0x80025bdc x15:0x00001800 PA:0x80025c18 store:0x00001800
         433348	     21565	800027ca	050b2023	sw	x16,64(x22)	 x22:0x80025bdc x16:0x00000028 PA:0x80025c1c store:0x00000028
         433468	     21571	800027ce	051b2223	sw	x17,68(x22)	 x22:0x80025bdc x17:0x00000000 PA:0x80025c20 store:0x00000000
         433848	     21590	800027d2	052b2423	sw	x18,72(x22)	 x22:0x80025bdc x18:0x826c5024 PA:0x80025c24 store:0x826c5024
         434308	     21613	800027d6	053b2623	sw	x19,76(x22)	 x22:0x80025bdc x19:0x00000000 PA:0x80025c28 store:0x00000000
         434368	     21616	800027da	054b2823	sw	x20,80(x22)	 x22:0x80025bdc x20:0xfffff86d PA:0x80025c2c store:0xfffff86d
         434388	     21617	800027de	055b2a23	sw	x21,84(x22)	 x22:0x80025bdc x21:0x80025c5c PA:0x80025c30 store:0x80025c5c
         434688	     21632	800027e2	056b2c23	sw	x22,88(x22)	 x22:0x80025bdc x22:0x80025bdc PA:0x80025c34 store:0x80025bdc
         434948	     21645	800027e6	057b2e23	sw	x23,92(x22)	 x22:0x80025bdc x23:0x00000001 PA:0x80025c38 store:0x00000001
         435568	     21676	800027ea	078b2023	sw	x24,96(x22)	 x22:0x80025bdc x24:0x00000000 PA:0x80025c3c store:0x00000000
         435668	     21681	800027ee	079b2223	sw	x25,100(x22)	 x22:0x80025bdc x25:0x8ffffff8 PA:0x80025c40 store:0x8ffffff8
         435728	     21684	800027f2	07ab2423	sw	x26,104(x22)	 x22:0x80025bdc x26:0x0000002a PA:0x80025c44 store:0x0000002a
         436148	     21705	800027f6	07bb2623	sw	x27,108(x22)	 x22:0x80025bdc x27:0xfffff8c1 PA:0x80025c48 store:0xfffff8c1
         436208	     21708	800027fa	07cb2823	sw	x28,112(x22)	 x22:0x80025bdc x28:0x80003521 PA:0x80025c4c store:0x80003521
