Case,Regr Log,Sim Log,Trace Log
1,case_1/regr.log,case_1/sim.log.gz,case_1/trace.log.gz
2,case_2/regr.log,case_2/sim.log.gz,case_2/trace.log.gz
3,case_3/regr.log,case_3/sim.log.gz,case_3/trace.log.gz
4,case_4/regr.log,case_4/sim.log.gz,case_4/trace.log.gz
5,case_5/regr.log,case_5/sim.log.gz,case_5/trace.log.gz
6,case_6/regr.log,case_6/sim.log.gz,case_6/trace.log.gz
7,case_7/regr.log,case_7/sim.log.gz,case_7/trace.log.gz
8,case_8/regr.log,case_8/sim.log.gz,case_8/trace.log.gz
9,case_9/regr.log,case_9/sim.log.gz,case_9/trace.log.gz
10,case_10/regr.log,case_10/sim.log.gz,case_10/trace.log.gz
11,case_11/regr.log,case_11/sim.log.gz,case_11/trace.log.gz
12,case_12/regr.log,case_12/sim.log.gz,case_12/trace.log.gz
13,case_13/regr.log,case_13/sim.log.gz,case_13/trace.log.gz
14,case_14/regr.log,case_14/sim.log.gz,case_14/trace.log.gz
15,case_15/regr.log,case_15/sim.log.gz,case_15/trace.log.gz
16,case_16/regr.log,case_16/sim.log.gz,case_16/trace.log.gz
17,case_17/regr.log,case_17/sim.log.gz,case_17/trace.log.gz
18,case_18/regr.log,case_18/sim.log.gz,case_18/trace.log.gz
19,case_19/regr.log,case_19/sim.log.gz,case_19/trace.log.gz
20,case_20/regr.log,case_20/sim.log.gz,case_20/trace.log.gz
21,case_21/regr.log,case_21/sim.log.gz,case_21/trace.log.gz
22,case_22/regr.log,case_22/sim.log.gz,case_22/trace.log.gz
23,case_23/regr.log,case_23/sim.log.gz,case_23/trace.log.gz
24,case_24/regr.log,case_24/sim.log.gz,case_24/trace.log.gz
25,case_25/regr.log,case_25/sim.log.gz,case_25/trace.log.gz
26,case_26/regr.log,case_26/sim.log.gz,case_26/trace.log.gz
27,case_27/regr.log,case_27/sim.log.gz,case_27/trace.log.gz
28,case_28/regr.log,case_28/sim.log.gz,case_28/trace.log.gz
29,case_29/regr.log,case_29/sim.log.gz,case_29/trace.log.gz
30,case_30/regr.log,case_30/sim.log.gz,case_30/trace.log.gz
31,case_31/regr.log,case_31/sim.log.gz,case_31/trace.log.gz
32,case_32/regr.log,case_32/sim.log.gz,case_32/trace.log.gz
33,case_33/regr.log,case_33/sim.log.gz,case_33/trace.log.gz
34,case_34/regr.log,case_34/sim.log.gz,case_34/trace.log.gz
35,case_35/regr.log,case_35/sim.log.gz,case_35/trace.log.gz
36,case_36/regr.log,case_36/sim.log.gz,case_36/trace.log.gz
37,case_37/regr.log,case_37/sim.log.gz,case_37/trace.log.gz
38,case_38/regr.log,case_38/sim.log.gz,case_38/trace.log.gz
39,case_39/regr.log,case_39/sim.log.gz,case_39/trace.log.gz
40,case_40/regr.log,case_40/sim.log.gz,case_40/trace.log.gz
41,case_41/regr.log,case_41/sim.log.gz,case_41/trace.log.gz
42,case_42/regr.log,case_42/sim.log.gz,case_42/trace.log.gz
43,case_43/regr.log,case_43/sim.log.gz,case_43/trace.log.gz
44,case_44/regr.log,case_44/sim.log.gz,case_44/trace.log.gz
45,case_45/regr.log,case_45/sim.log.gz,case_45/trace.log.gz
46,case_46/regr.log,case_46/sim.log.gz,case_46/trace.log.gz
47,case_47/regr.log,case_47/sim.log.gz,case_47/trace.log.gz
48,case_48/regr.log,case_48/sim.log.gz,case_48/trace.log.gz
49,case_49/regr.log,case_49/sim.log.gz,case_49/trace.log.gz
50,case_50/regr.log,case_50/sim.log.gz,case_50/trace.log.gz
51,case_51/regr.log,case_51/sim.log.gz,case_51/trace.log.gz
52,case_52/regr.log,case_52/sim.log.gz,case_52/trace.log.gz
53,case_53/regr.log,case_53/sim.log.gz,case_53/trace.log.gz
54,case_54/regr.log,case_54/sim.log.gz,case_54/trace.log.gz
55,case_55/regr.log,case_55/sim.log.gz,case_55/trace.log.gz
56,case_56/regr.log,case_56/sim.log.gz,case_56/trace.log.gz
57,case_57/regr.log,case_57/sim.log.gz,case_57/trace.log.gz
58,case_58/regr.log,case_58/sim.log.gz,case_58/trace.log.gz
59,case_59/regr.log,case_59/sim.log.gz,case_59/trace.log.gz
60,case_60/regr.log,case_60/sim.log.gz,case_60/trace.log.gz
61,case_61/regr.log,case_61/sim.log.gz,case_61/trace.log.gz
62,case_62/regr.log,case_62/sim.log.gz,case_62/trace.log.gz
63,case_63/regr.log,case_63/sim.log.gz,case_63/trace.log.gz
64,case_64/regr.log,case_64/sim.log.gz,case_64/trace.log.gz
65,case_65/regr.log,case_65/sim.log.gz,case_65/trace.log.gz
66,case_66/regr.log,case_66/sim.log.gz,case_66/trace.log.gz
67,case_67/regr.log,case_67/sim.log.gz,case_67/trace.log.gz
68,case_68/regr.log,case_68/sim.log.gz,case_68/trace.log.gz
69,case_69/regr.log,case_69/sim.log.gz,case_69/trace.log.gz
70,case_70/regr.log,case_70/sim.log.gz,case_70/trace.log.gz
71,case_71/regr.log,case_71/sim.log.gz,case_71/trace.log.gz
72,case_72/regr.log,case_72/sim.log.gz,case_72/trace.log.gz
73,case_73/regr.log,case_73/sim.log.gz,case_73/trace.log.gz
74,case_74/regr.log,case_74/sim.log.gz,case_74/trace.log.gz
75,case_75/regr.log,case_75/sim.log.gz,case_75/trace.log.gz
76,case_76/regr.log,case_76/sim.log.gz,case_76/trace.log.gz
77,case_77/regr.log,case_77/sim.log.gz,case_77/trace.log.gz
78,case_78/regr.log,case_78/sim.log.gz,case_78/trace.log.gz
79,case_79/regr.log,case_79/sim.log.gz,case_79/trace.log.gz
80,case_80/regr.log,case_80/sim.log.gz,case_80/trace.log.gz
81,case_81/regr.log,case_81/sim.log.gz,case_81/trace.log.gz
82,case_82/regr.log,case_82/sim.log.gz,case_82/trace.log.gz
83,case_83/regr.log,case_83/sim.log.gz,case_83/trace.log.gz
84,case_84/regr.log,case_84/sim.log.gz,case_84/trace.log.gz
85,case_85/regr.log,case_85/sim.log.gz,case_85/trace.log.gz
86,case_86/regr.log,case_86/sim.log.gz,case_86/trace.log.gz
87,case_87/regr.log,case_87/sim.log.gz,case_87/trace.log.gz
88,case_88/regr.log,case_88/sim.log.gz,case_88/trace.log.gz
89,case_89/regr.log,case_89/sim.log.gz,case_89/trace.log.gz
90,case_90/regr.log,case_90/sim.log.gz,case_90/trace.log.gz
91,case_91/regr.log,case_91/sim.log.gz,case_91/trace.log.gz
92,case_92/regr.log,case_92/sim.log.gz,case_92/trace.log.gz
93,case_93/regr.log,case_93/sim.log.gz,case_93/trace.log.gz
94,case_94/regr.log,case_94/sim.log.gz,case_94/trace.log.gz
95,case_95/regr.log,case_95/sim.log.gz,case_95/trace.log.gz
96,case_96/regr.log,case_96/sim.log.gz,case_96/trace.log.gz
97,case_97/regr.log,case_97/sim.log.gz,case_97/trace.log.gz
98,case_98/regr.log,case_98/sim.log.gz,case_98/trace.log.gz
99,case_99/regr.log,case_99/sim.log.gz,case_99/trace.log.gz
100,case_100/regr.log,case_100/sim.log.gz,case_100/trace.log.gz
101,case_101/regr.log,case_101/sim.log.gz,case_101/trace.log.gz
102,case_102/regr.log,case_102/sim.log.gz,case_102/trace.log.gz
103,case_103/regr.log,case_103/sim.log.gz,case_103/trace.log.gz
104,case_104/regr.log,case_104/sim.log.gz,case_104/trace.log.gz
105,case_105/regr.log,case_105/sim.log.gz,case_105/trace.log.gz
106,case_106/regr.log,case_106/sim.log.gz,case_106/trace.log.gz
107,case_107/regr.log,case_107/sim.log.gz,case_107/trace.log.gz
108,case_108/regr.log,case_108/sim.log.gz,case_108/trace.log.gz
109,case_109/regr.log,case_109/sim.log.gz,case_109/trace.log.gz
110,case_110/regr.log,case_110/sim.log.gz,case_110/trace.log.gz
111,case_111/regr.log,case_111/sim.log.gz,case_111/trace.log.gz
112,case_112/regr.log,case_112/sim.log.gz,case_112/trace.log.gz
113,case_113/regr.log,case_113/sim.log.gz,case_113/trace.log.gz
114,case_114/regr.log,case_114/sim.log.gz,case_114/trace.log.gz
115,case_115/regr.log,case_115/sim.log.gz,case_115/trace.log.gz
116,case_116/regr.log,case_116/sim.log.gz,case_116/trace.log.gz
117,case_117/regr.log,case_117/sim.log.gz,case_117/trace.log.gz
118,case_118/regr.log,case_118/sim.log.gz,case_118/trace.log.gz
119,case_119/regr.log,case_119/sim.log.gz,case_119/trace.log.gz
120,case_120/regr.log,case_120/sim.log.gz,case_120/trace.log.gz
121,case_121/regr.log,case_121/sim.log.gz,case_121/trace.log.gz
122,case_122/regr.log,case_122/sim.log.gz,case_122/trace.log.gz
123,case_123/regr.log,case_123/sim.log.gz,case_123/trace.log.gz
124,case_124/regr.log,case_124/sim.log.gz,case_124/trace.log.gz
125,case_125/regr.log,case_125/sim.log.gz,case_125/trace.log.gz
126,case_126/regr.log,case_126/sim.log.gz,case_126/trace.log.gz
127,case_127/regr.log,case_127/sim.log.gz,case_127/trace.log.gz
128,case_128/regr.log,case_128/sim.log.gz,case_128/trace.log.gz
129,case_129/regr.log,case_129/sim.log.gz,case_129/trace.log.gz
130,case_130/regr.log,case_130/sim.log.gz,case_130/trace.log.gz
131,case_131/regr.log,case_131/sim.log.gz,case_131/trace.log.gz
132,case_132/regr.log,case_132/sim.log.gz,case_132/trace.log.gz
133,case_133/regr.log,case_133/sim.log.gz,case_133/trace.log.gz
134,case_134/regr.log,case_134/sim.log.gz,case_134/trace.log.gz
135,case_135/regr.log,case_135/sim.log.gz,case_135/trace.log.gz
136,case_136/regr.log,case_136/sim.log.gz,case_136/trace.log.gz
137,case_137/regr.log,case_137/sim.log.gz,case_137/trace.log.gz
138,case_138/regr.log,case_138/sim.log.gz,case_138/trace.log.gz
139,case_139/regr.log,case_139/sim.log.gz,case_139/trace.log.gz
140,case_140/regr.log,case_140/sim.log.gz,case_140/trace.log.gz
141,case_141/regr.log,case_141/sim.log.gz,case_141/trace.log.gz
142,case_142/regr.log,case_142/sim.log.gz,case_142/trace.log.gz
143,case_143/regr.log,case_143/sim.log.gz,case_143/trace.log.gz
144,case_144/regr.log,case_144/sim.log.gz,case_144/trace.log.gz
145,case_145/regr.log,case_145/sim.log.gz,case_145/trace.log.gz
146,case_146/regr.log,case_146/sim.log.gz,case_146/trace.log.gz
147,case_147/regr.log,case_147/sim.log.gz,case_147/trace.log.gz
148,case_148/regr.log,case_148/sim.log.gz,case_148/trace.log.gz
149,case_149/regr.log,case_149/sim.log.gz,case_149/trace.log.gz
150,case_150/regr.log,case_150/sim.log.gz,case_150/trace.log.gz
151,case_151/regr.log,case_151/sim.log.gz,case_151/trace.log.gz
152,case_152/regr.log,case_152/sim.log.gz,case_152/trace.log.gz
153,case_153/regr.log,case_153/sim.log.gz,case_153/trace.log.gz
154,case_154/regr.log,case_154/sim.log.gz,case_154/trace.log.gz
155,case_155/regr.log,case_155/sim.log.gz,case_155/trace.log.gz
156,case_156/regr.log,case_156/sim.log.gz,case_156/trace.log.gz
157,case_157/regr.log,case_157/sim.log.gz,case_157/trace.log.gz
158,case_158/regr.log,case_158/sim.log.gz,case_158/trace.log.gz
159,case_159/regr.log,case_159/sim.log.gz,case_159/trace.log.gz
160,case_160/regr.log,case_160/sim.log.gz,case_160/trace.log.gz
161,case_161/regr.log,case_161/sim.log.gz,case_161/trace.log.gz
162,case_162/regr.log,case_162/sim.log.gz,case_162/trace.log.gz
163,case_163/regr.log,case_163/sim.log.gz,case_163/trace.log.gz
164,case_164/regr.log,case_164/sim.log.gz,case_164/trace.log.gz
165,case_165/regr.log,case_165/sim.log.gz,case_165/trace.log.gz
166,case_166/regr.log,case_166/sim.log.gz,case_166/trace.log.gz
167,case_167/regr.log,case_167/sim.log.gz,case_167/trace.log.gz
168,case_168/regr.log,case_168/sim.log.gz,case_168/trace.log.gz
169,case_169/regr.log,case_169/sim.log.gz,case_169/trace.log.gz
170,case_170/regr.log,case_170/sim.log.gz,case_170/trace.log.gz
171,case_171/regr.log,case_171/sim.log.gz,case_171/trace.log.gz
172,case_172/regr.log,case_172/sim.log.gz,case_172/trace.log.gz
173,case_173/regr.log,case_173/sim.log.gz,case_173/trace.log.gz
174,case_174/regr.log,case_174/sim.log.gz,case_174/trace.log.gz
175,case_175/regr.log,case_175/sim.log.gz,case_175/trace.log.gz
176,case_176/regr.log,case_176/sim.log.gz,case_176/trace.log.gz
177,case_177/regr.log,case_177/sim.log.gz,case_177/trace.log.gz
178,case_178/regr.log,case_178/sim.log.gz,case_178/trace.log.gz
179,case_179/regr.log,case_179/sim.log.gz,case_179/trace.log.gz
180,case_180/regr.log,case_180/sim.log.gz,case_180/trace.log.gz
181,case_181/regr.log,case_181/sim.log.gz,case_181/trace.log.gz
182,case_182/regr.log,case_182/sim.log.gz,case_182/trace.log.gz
183,case_183/regr.log,case_183/sim.log.gz,case_183/trace.log.gz
184,case_184/regr.log,case_184/sim.log.gz,case_184/trace.log.gz
185,case_185/regr.log,case_185/sim.log.gz,case_185/trace.log.gz
186,case_186/regr.log,case_186/sim.log.gz,case_186/trace.log.gz
187,case_187/regr.log,case_187/sim.log.gz,case_187/trace.log.gz
188,case_188/regr.log,case_188/sim.log.gz,case_188/trace.log.gz
189,case_189/regr.log,case_189/sim.log.gz,case_189/trace.log.gz
190,case_190/regr.log,case_190/sim.log.gz,case_190/trace.log.gz
191,case_191/regr.log,case_191/sim.log.gz,case_191/trace.log.gz
192,case_192/regr.log,case_192/sim.log.gz,case_192/trace.log.gz
193,case_193/regr.log,case_193/sim.log.gz,case_193/trace.log.gz
194,case_194/regr.log,case_194/sim.log.gz,case_194/trace.log.gz
195,case_195/regr.log,case_195/sim.log.gz,case_195/trace.log.gz
196,case_196/regr.log,case_196/sim.log.gz,case_196/trace.log.gz
197,case_197/regr.log,case_197/sim.log.gz,case_197/trace.log.gz
198,case_198/regr.log,case_198/sim.log.gz,case_198/trace.log.gz
199,case_199/regr.log,case_199/sim.log.gz,case_199/trace.log.gz
200,case_200/regr.log,case_200/sim.log.gz,case_200/trace.log.gz
201,case_201/regr.log,case_201/sim.log.gz,case_201/trace.log.gz
202,case_202/regr.log,case_202/sim.log.gz,case_202/trace.log.gz
203,case_203/regr.log,case_203/sim.log.gz,case_203/trace.log.gz
204,case_204/regr.log,case_204/sim.log.gz,case_204/trace.log.gz
205,case_205/regr.log,case_205/sim.log.gz,case_205/trace.log.gz
206,case_206/regr.log,case_206/sim.log.gz,case_206/trace.log.gz
207,case_207/regr.log,case_207/sim.log.gz,case_207/trace.log.gz
208,case_208/regr.log,case_208/sim.log.gz,case_208/trace.log.gz
209,case_209/regr.log,case_209/sim.log.gz,case_209/trace.log.gz
210,case_210/regr.log,case_210/sim.log.gz,case_210/trace.log.gz
211,case_211/regr.log,case_211/sim.log.gz,case_211/trace.log.gz
212,case_212/regr.log,case_212/sim.log.gz,case_212/trace.log.gz
213,case_213/regr.log,case_213/sim.log.gz,case_213/trace.log.gz
214,case_214/regr.log,case_214/sim.log.gz,case_214/trace.log.gz
215,case_215/regr.log,case_215/sim.log.gz,case_215/trace.log.gz
216,case_216/regr.log,case_216/sim.log.gz,case_216/trace.log.gz
217,case_217/regr.log,case_217/sim.log.gz,case_217/trace.log.gz
218,case_218/regr.log,case_218/sim.log.gz,case_218/trace.log.gz
219,case_219/regr.log,case_219/sim.log.gz,case_219/trace.log.gz
220,case_220/regr.log,case_220/sim.log.gz,case_220/trace.log.gz
221,case_221/regr.log,case_221/sim.log.gz,case_221/trace.log.gz
222,case_222/regr.log,case_222/sim.log.gz,case_222/trace.log.gz
223,case_223/regr.log,case_223/sim.log.gz,case_223/trace.log.gz
224,case_224/regr.log,case_224/sim.log.gz,case_224/trace.log.gz
225,case_225/regr.log,case_225/sim.log.gz,case_225/trace.log.gz
226,case_226/regr.log,case_226/sim.log.gz,case_226/trace.log.gz
227,case_227/regr.log,case_227/sim.log.gz,case_227/trace.log.gz
228,case_228/regr.log,case_228/sim.log.gz,case_228/trace.log.gz
229,case_229/regr.log,case_229/sim.log.gz,case_229/trace.log.gz
230,case_230/regr.log,case_230/sim.log.gz,case_230/trace.log.gz
231,case_231/regr.log,case_231/sim.log.gz,case_231/trace.log.gz
232,case_232/regr.log,case_232/sim.log.gz,case_232/trace.log.gz
233,case_233/regr.log,case_233/sim.log.gz,case_233/trace.log.gz
234,case_234/regr.log,case_234/sim.log.gz,case_234/trace.log.gz
235,case_235/regr.log,case_235/sim.log.gz,case_235/trace.log.gz
236,case_236/regr.log,case_236/sim.log.gz,case_236/trace.log.gz
237,case_237/regr.log,case_237/sim.log.gz,case_237/trace.log.gz
238,case_238/regr.log,case_238/sim.log.gz,case_238/trace.log.gz
239,case_239/regr.log,case_239/sim.log.gz,case_239/trace.log.gz
240,case_240/regr.log,case_240/sim.log.gz,case_240/trace.log.gz
241,case_241/regr.log,case_241/sim.log.gz,case_241/trace.log.gz
242,case_242/regr.log,case_242/sim.log.gz,case_242/trace.log.gz
243,case_243/regr.log,case_243/sim.log.gz,case_243/trace.log.gz
244,case_244/regr.log,case_244/sim.log.gz,case_244/trace.log.gz
245,case_245/regr.log,case_245/sim.log.gz,case_245/trace.log.gz
246,case_246/regr.log,case_246/sim.log.gz,case_246/trace.log.gz
247,case_247/regr.log,case_247/sim.log.gz,case_247/trace.log.gz
248,case_248/regr.log,case_248/sim.log.gz,case_248/trace.log.gz
249,case_249/regr.log,case_249/sim.log.gz,case_249/trace.log.gz
250,case_250/regr.log,case_250/sim.log.gz,case_250/trace.log.gz
251,case_251/regr.log,case_251/sim.log.gz,case_251/trace.log.gz
252,case_252/regr.log,case_252/sim.log.gz,case_252/trace.log.gz
253,case_253/regr.log,case_253/sim.log.gz,case_253/trace.log.gz
254,case_254/regr.log,case_254/sim.log.gz,case_254/trace.log.gz
255,case_255/regr.log,case_255/sim.log.gz,case_255/trace.log.gz
256,case_256/regr.log,case_256/sim.log.gz,case_256/trace.log.gz
257,case_257/regr.log,case_257/sim.log.gz,case_257/trace.log.gz
258,case_258/regr.log,case_258/sim.log.gz,case_258/trace.log.gz
259,case_259/regr.log,case_259/sim.log.gz,case_259/trace.log.gz
260,case_260/regr.log,case_260/sim.log.gz,case_260/trace.log.gz
261,case_261/regr.log,case_261/sim.log.gz,case_261/trace.log.gz
262,case_262/regr.log,case_262/sim.log.gz,case_262/trace.log.gz
263,case_263/regr.log,case_263/sim.log.gz,case_263/trace.log.gz
264,case_264/regr.log,case_264/sim.log.gz,case_264/trace.log.gz
265,case_265/regr.log,case_265/sim.log.gz,case_265/trace.log.gz
266,case_266/regr.log,case_266/sim.log.gz,case_266/trace.log.gz
267,case_267/regr.log,case_267/sim.log.gz,case_267/trace.log.gz
268,case_268/regr.log,case_268/sim.log.gz,case_268/trace.log.gz
269,case_269/regr.log,case_269/sim.log.gz,case_269/trace.log.gz
270,case_270/regr.log,case_270/sim.log.gz,case_270/trace.log.gz
271,case_271/regr.log,case_271/sim.log.gz,case_271/trace.log.gz
272,case_272/regr.log,case_272/sim.log.gz,case_272/trace.log.gz
273,case_273/regr.log,case_273/sim.log.gz,case_273/trace.log.gz
274,case_274/regr.log,case_274/sim.log.gz,case_274/trace.log.gz
275,case_275/regr.log,case_275/sim.log.gz,case_275/trace.log.gz
276,case_276/regr.log,case_276/sim.log.gz,case_276/trace.log.gz
277,case_277/regr.log,case_277/sim.log.gz,case_277/trace.log.gz
278,case_278/regr.log,case_278/sim.log.gz,case_278/trace.log.gz
279,case_279/regr.log,case_279/sim.log.gz,case_279/trace.log.gz
280,case_280/regr.log,case_280/sim.log.gz,case_280/trace.log.gz
281,case_281/regr.log,case_281/sim.log.gz,case_281/trace.log.gz
282,case_282/regr.log,case_282/sim.log.gz,case_282/trace.log.gz
283,case_283/regr.log,case_283/sim.log.gz,case_283/trace.log.gz
284,case_284/regr.log,case_284/sim.log.gz,case_284/trace.log.gz
285,case_285/regr.log,case_285/sim.log.gz,case_285/trace.log.gz
286,case_286/regr.log,case_286/sim.log.gz,case_286/trace.log.gz
287,case_287/regr.log,case_287/sim.log.gz,case_287/trace.log.gz
288,case_288/regr.log,case_288/sim.log.gz,case_288/trace.log.gz
289,case_289/regr.log,case_289/sim.log.gz,case_289/trace.log.gz
290,case_290/regr.log,case_290/sim.log.gz,case_290/trace.log.gz
291,case_291/regr.log,case_291/sim.log.gz,case_291/trace.log.gz
292,case_292/regr.log,case_292/sim.log.gz,case_292/trace.log.gz
293,case_293/regr.log,case_293/sim.log.gz,case_293/trace.log.gz
294,case_294/regr.log,case_294/sim.log.gz,case_294/trace.log.gz
295,case_295/regr.log,case_295/sim.log.gz,case_295/trace.log.gz
296,case_296/regr.log,case_296/sim.log.gz,case_296/trace.log.gz
297,case_297/regr.log,case_297/sim.log.gz,case_297/trace.log.gz
298,case_298/regr.log,case_298/sim.log.gz,case_298/trace.log.gz
299,case_299/regr.log,case_299/sim.log.gz,case_299/trace.log.gz
300,case_300/regr.log,case_300/sim.log.gz,case_300/trace.log.gz
301,case_301/regr.log,case_301/sim.log.gz,case_301/trace.log.gz
302,case_302/regr.log,case_302/sim.log.gz,case_302/trace.log.gz
303,case_303/regr.log,case_303/sim.log.gz,case_303/trace.log.gz
304,case_304/regr.log,case_304/sim.log.gz,case_304/trace.log.gz
305,case_305/regr.log,case_305/sim.log.gz,case_305/trace.log.gz
306,case_306/regr.log,case_306/sim.log.gz,case_306/trace.log.gz
307,case_307/regr.log,case_307/sim.log.gz,case_307/trace.log.gz
308,case_308/regr.log,case_308/sim.log.gz,case_308/trace.log.gz
309,case_309/regr.log,case_309/sim.log.gz,case_309/trace.log.gz
310,case_310/regr.log,case_310/sim.log.gz,case_310/trace.log.gz
311,case_311/regr.log,case_311/sim.log.gz,case_311/trace.log.gz
312,case_312/regr.log,case_312/sim.log.gz,case_312/trace.log.gz
313,case_313/regr.log,case_313/sim.log.gz,case_313/trace.log.gz
314,case_314/regr.log,case_314/sim.log.gz,case_314/trace.log.gz
315,case_315/regr.log,case_315/sim.log.gz,case_315/trace.log.gz
316,case_316/regr.log,case_316/sim.log.gz,case_316/trace.log.gz
317,case_317/regr.log,case_317/sim.log.gz,case_317/trace.log.gz
318,case_318/regr.log,case_318/sim.log.gz,case_318/trace.log.gz
319,case_319/regr.log,case_319/sim.log.gz,case_319/trace.log.gz
320,case_320/regr.log,case_320/sim.log.gz,case_320/trace.log.gz
321,case_321/regr.log,case_321/sim.log.gz,case_321/trace.log.gz
322,case_322/regr.log,case_322/sim.log.gz,case_322/trace.log.gz
323,case_323/regr.log,case_323/sim.log.gz,case_323/trace.log.gz
324,case_324/regr.log,case_324/sim.log.gz,case_324/trace.log.gz
325,case_325/regr.log,case_325/sim.log.gz,case_325/trace.log.gz
326,case_326/regr.log,case_326/sim.log.gz,case_326/trace.log.gz
327,case_327/regr.log,case_327/sim.log.gz,case_327/trace.log.gz
328,case_328/regr.log,case_328/sim.log.gz,case_328/trace.log.gz
329,case_329/regr.log,case_329/sim.log.gz,case_329/trace.log.gz
330,case_330/regr.log,case_330/sim.log.gz,case_330/trace.log.gz
331,case_331/regr.log,case_331/sim.log.gz,case_331/trace.log.gz
332,case_332/regr.log,case_332/sim.log.gz,case_332/trace.log.gz
333,case_333/regr.log,case_333/sim.log.gz,case_333/trace.log.gz
334,case_334/regr.log,case_334/sim.log.gz,case_334/trace.log.gz
335,case_335/regr.log,case_335/sim.log.gz,case_335/trace.log.gz
336,case_336/regr.log,case_336/sim.log.gz,case_336/trace.log.gz
337,case_337/regr.log,case_337/sim.log.gz,case_337/trace.log.gz
338,case_338/regr.log,case_338/sim.log.gz,case_338/trace.log.gz
339,case_339/regr.log,case_339/sim.log.gz,case_339/trace.log.gz
340,case_340/regr.log,case_340/sim.log.gz,case_340/trace.log.gz
341,case_341/regr.log,case_341/sim.log.gz,case_341/trace.log.gz
342,case_342/regr.log,case_342/sim.log.gz,case_342/trace.log.gz
343,case_343/regr.log,case_343/sim.log.gz,case_343/trace.log.gz
344,case_344/regr.log,case_344/sim.log.gz,case_344/trace.log.gz
345,case_345/regr.log,case_345/sim.log.gz,case_345/trace.log.gz
346,case_346/regr.log,case_346/sim.log.gz,case_346/trace.log.gz
347,case_347/regr.log,case_347/sim.log.gz,case_347/trace.log.gz
348,case_348/regr.log,case_348/sim.log.gz,case_348/trace.log.gz
349,case_349/regr.log,case_349/sim.log.gz,case_349/trace.log.gz
350,case_350/regr.log,case_350/sim.log.gz,case_350/trace.log.gz
351,case_351/regr.log,case_351/sim.log.gz,case_351/trace.log.gz
352,case_352/regr.log,case_352/sim.log.gz,case_352/trace.log.gz
353,case_353/regr.log,case_353/sim.log.gz,case_353/trace.log.gz
354,case_354/regr.log,case_354/sim.log.gz,case_354/trace.log.gz
355,case_355/regr.log,case_355/sim.log.gz,case_355/trace.log.gz
356,case_356/regr.log,case_356/sim.log.gz,case_356/trace.log.gz
357,case_357/regr.log,case_357/sim.log.gz,case_357/trace.log.gz
358,case_358/regr.log,case_358/sim.log.gz,case_358/trace.log.gz
359,case_359/regr.log,case_359/sim.log.gz,case_359/trace.log.gz
360,case_360/regr.log,case_360/sim.log.gz,case_360/trace.log.gz
361,case_361/regr.log,case_361/sim.log.gz,case_361/trace.log.gz
362,case_362/regr.log,case_362/sim.log.gz,case_362/trace.log.gz
363,case_363/regr.log,case_363/sim.log.gz,case_363/trace.log.gz
364,case_364/regr.log,case_364/sim.log.gz,case_364/trace.log.gz
365,case_365/regr.log,case_365/sim.log.gz,case_365/trace.log.gz
366,case_366/regr.log,case_366/sim.log.gz,case_366/trace.log.gz
367,case_367/regr.log,case_367/sim.log.gz,case_367/trace.log.gz
368,case_368/regr.log,case_368/sim.log.gz,case_368/trace.log.gz
369,case_369/regr.log,case_369/sim.log.gz,case_369/trace.log.gz
370,case_370/regr.log,case_370/sim.log.gz,case_370/trace.log.gz
371,case_371/regr.log,case_371/sim.log.gz,case_371/trace.log.gz
372,case_372/regr.log,case_372/sim.log.gz,case_372/trace.log.gz
373,case_373/regr.log,case_373/sim.log.gz,case_373/trace.log.gz
374,case_374/regr.log,case_374/sim.log.gz,case_374/trace.log.gz
375,case_375/regr.log,case_375/sim.log.gz,case_375/trace.log.gz
376,case_376/regr.log,case_376/sim.log.gz,case_376/trace.log.gz
377,case_377/regr.log,case_377/sim.log.gz,case_377/trace.log.gz
378,case_378/regr.log,case_378/sim.log.gz,case_378/trace.log.gz
379,case_379/regr.log,case_379/sim.log.gz,case_379/trace.log.gz
380,case_380/regr.log,case_380/sim.log.gz,case_380/trace.log.gz
381,case_381/regr.log,case_381/sim.log.gz,case_381/trace.log.gz
382,case_382/regr.log,case_382/sim.log.gz,case_382/trace.log.gz
383,case_383/regr.log,case_383/sim.log.gz,case_383/trace.log.gz
384,case_384/regr.log,case_384/sim.log.gz,case_384/trace.log.gz
385,case_385/regr.log,case_385/sim.log.gz,case_385/trace.log.gz
386,case_386/regr.log,case_386/sim.log.gz,case_386/trace.log.gz
387,case_387/regr.log,case_387/sim.log.gz,case_387/trace.log.gz
388,case_388/regr.log,case_388/sim.log.gz,case_388/trace.log.gz
389,case_389/regr.log,case_389/sim.log.gz,case_389/trace.log.gz
390,case_390/regr.log,case_390/sim.log.gz,case_390/trace.log.gz
391,case_391/regr.log,case_391/sim.log.gz,case_391/trace.log.gz
392,case_392/regr.log,case_392/sim.log.gz,case_392/trace.log.gz
393,case_393/regr.log,case_393/sim.log.gz,case_393/trace.log.gz
394,case_394/regr.log,case_394/sim.log.gz,case_394/trace.log.gz
395,case_395/regr.log,case_395/sim.log.gz,case_395/trace.log.gz
396,case_396/regr.log,case_396/sim.log.gz,case_396/trace.log.gz
397,case_397/regr.log,case_397/sim.log.gz,case_397/trace.log.gz
398,case_398/regr.log,case_398/sim.log.gz,case_398/trace.log.gz
399,case_399/regr.log,case_399/sim.log.gz,case_399/trace.log.gz
400,case_400/regr.log,case_400/sim.log.gz,case_400/trace.log.gz
401,case_401/regr.log,case_401/sim.log.gz,case_401/trace.log.gz
402,case_402/regr.log,case_402/sim.log.gz,case_402/trace.log.gz
403,case_403/regr.log,case_403/sim.log.gz,case_403/trace.log.gz
404,case_404/regr.log,case_404/sim.log.gz,case_404/trace.log.gz
405,case_405/regr.log,case_405/sim.log.gz,case_405/trace.log.gz
406,case_406/regr.log,case_406/sim.log.gz,case_406/trace.log.gz
407,case_407/regr.log,case_407/sim.log.gz,case_407/trace.log.gz
408,case_408/regr.log,case_408/sim.log.gz,case_408/trace.log.gz
409,case_409/regr.log,case_409/sim.log.gz,case_409/trace.log.gz
410,case_410/regr.log,case_410/sim.log.gz,case_410/trace.log.gz
411,case_411/regr.log,case_411/sim.log.gz,case_411/trace.log.gz
412,case_412/regr.log,case_412/sim.log.gz,case_412/trace.log.gz
413,case_413/regr.log,case_413/sim.log.gz,case_413/trace.log.gz
414,case_414/regr.log,case_414/sim.log.gz,case_414/trace.log.gz
415,case_415/regr.log,case_415/sim.log.gz,case_415/trace.log.gz
416,case_416/regr.log,case_416/sim.log.gz,case_416/trace.log.gz
417,case_417/regr.log,case_417/sim.log.gz,case_417/trace.log.gz
418,case_418/regr.log,case_418/sim.log.gz,case_418/trace.log.gz
419,case_419/regr.log,case_419/sim.log.gz,case_419/trace.log.gz
420,case_420/regr.log,case_420/sim.log.gz,case_420/trace.log.gz
421,case_421/regr.log,case_421/sim.log.gz,case_421/trace.log.gz
422,case_422/regr.log,case_422/sim.log.gz,case_422/trace.log.gz
423,case_423/regr.log,case_423/sim.log.gz,case_423/trace.log.gz
424,case_424/regr.log,case_424/sim.log.gz,case_424/trace.log.gz
425,case_425/regr.log,case_425/sim.log.gz,case_425/trace.log.gz
426,case_426/regr.log,case_426/sim.log.gz,case_426/trace.log.gz
427,case_427/regr.log,case_427/sim.log.gz,case_427/trace.log.gz
428,case_428/regr.log,case_428/sim.log.gz,case_428/trace.log.gz
429,case_429/regr.log,case_429/sim.log.gz,case_429/trace.log.gz
430,case_430/regr.log,case_430/sim.log.gz,case_430/trace.log.gz
431,case_431/regr.log,case_431/sim.log.gz,case_431/trace.log.gz
432,case_432/regr.log,case_432/sim.log.gz,case_432/trace.log.gz
433,case_433/regr.log,case_433/sim.log.gz,case_433/trace.log.gz
434,case_434/regr.log,case_434/sim.log.gz,case_434/trace.log.gz
435,case_435/regr.log,case_435/sim.log.gz,case_435/trace.log.gz
436,case_436/regr.log,case_436/sim.log.gz,case_436/trace.log.gz
437,case_437/regr.log,case_437/sim.log.gz,case_437/trace.log.gz
438,case_438/regr.log,case_438/sim.log.gz,case_438/trace.log.gz
439,case_439/regr.log,case_439/sim.log.gz,case_439/trace.log.gz
440,case_440/regr.log,case_440/sim.log.gz,case_440/trace.log.gz
441,case_441/regr.log,case_441/sim.log.gz,case_441/trace.log.gz
442,case_442/regr.log,case_442/sim.log.gz,case_442/trace.log.gz
443,case_443/regr.log,case_443/sim.log.gz,case_443/trace.log.gz
444,case_444/regr.log,case_444/sim.log.gz,case_444/trace.log.gz
445,case_445/regr.log,case_445/sim.log.gz,case_445/trace.log.gz
446,case_446/regr.log,case_446/sim.log.gz,case_446/trace.log.gz
447,case_447/regr.log,case_447/sim.log.gz,case_447/trace.log.gz
448,case_448/regr.log,case_448/sim.log.gz,case_448/trace.log.gz
449,case_449/regr.log,case_449/sim.log.gz,case_449/trace.log.gz
450,case_450/regr.log,case_450/sim.log.gz,case_450/trace.log.gz
451,case_451/regr.log,case_451/sim.log.gz,case_451/trace.log.gz
452,case_452/regr.log,case_452/sim.log.gz,case_452/trace.log.gz
453,case_453/regr.log,case_453/sim.log.gz,case_453/trace.log.gz
454,case_454/regr.log,case_454/sim.log.gz,case_454/trace.log.gz
455,case_455/regr.log,case_455/sim.log.gz,case_455/trace.log.gz
456,case_456/regr.log,case_456/sim.log.gz,case_456/trace.log.gz
457,case_457/regr.log,case_457/sim.log.gz,case_457/trace.log.gz
458,case_458/regr.log,case_458/sim.log.gz,case_458/trace.log.gz
459,case_459/regr.log,case_459/sim.log.gz,case_459/trace.log.gz
460,case_460/regr.log,case_460/sim.log.gz,case_460/trace.log.gz
461,case_461/regr.log,case_461/sim.log.gz,case_461/trace.log.gz
462,case_462/regr.log,case_462/sim.log.gz,case_462/trace.log.gz
463,case_463/regr.log,case_463/sim.log.gz,case_463/trace.log.gz
464,case_464/regr.log,case_464/sim.log.gz,case_464/trace.log.gz
465,case_465/regr.log,case_465/sim.log.gz,case_465/trace.log.gz
466,case_466/regr.log,case_466/sim.log.gz,case_466/trace.log.gz
467,case_467/regr.log,case_467/sim.log.gz,case_467/trace.log.gz
468,case_468/regr.log,case_468/sim.log.gz,case_468/trace.log.gz
469,case_469/regr.log,case_469/sim.log.gz,case_469/trace.log.gz
470,case_470/regr.log,case_470/sim.log.gz,case_470/trace.log.gz
471,case_471/regr.log,case_471/sim.log.gz,case_471/trace.log.gz
472,case_472/regr.log,case_472/sim.log.gz,case_472/trace.log.gz
473,case_473/regr.log,case_473/sim.log.gz,case_473/trace.log.gz
474,case_474/regr.log,case_474/sim.log.gz,case_474/trace.log.gz
475,case_475/regr.log,case_475/sim.log.gz,case_475/trace.log.gz
476,case_476/regr.log,case_476/sim.log.gz,case_476/trace.log.gz
477,case_477/regr.log,case_477/sim.log.gz,case_477/trace.log.gz
478,case_478/regr.log,case_478/sim.log.gz,case_478/trace.log.gz
479,case_479/regr.log,case_479/sim.log.gz,case_479/trace.log.gz
480,case_480/regr.log,case_480/sim.log.gz,case_480/trace.log.gz
481,case_481/regr.log,case_481/sim.log.gz,case_481/trace.log.gz
482,case_482/regr.log,case_482/sim.log.gz,case_482/trace.log.gz
483,case_483/regr.log,case_483/sim.log.gz,case_483/trace.log.gz
484,case_484/regr.log,case_484/sim.log.gz,case_484/trace.log.gz
485,case_485/regr.log,case_485/sim.log.gz,case_485/trace.log.gz
486,case_486/regr.log,case_486/sim.log.gz,case_486/trace.log.gz
487,case_487/regr.log,case_487/sim.log.gz,case_487/trace.log.gz
488,case_488/regr.log,case_488/sim.log.gz,case_488/trace.log.gz
489,case_489/regr.log,case_489/sim.log.gz,case_489/trace.log.gz
490,case_490/regr.log,case_490/sim.log.gz,case_490/trace.log.gz
491,case_491/regr.log,case_491/sim.log.gz,case_491/trace.log.gz
492,case_492/regr.log,case_492/sim.log.gz,case_492/trace.log.gz
493,case_493/regr.log,case_493/sim.log.gz,case_493/trace.log.gz
494,case_494/regr.log,case_494/sim.log.gz,case_494/trace.log.gz
495,case_495/regr.log,case_495/sim.log.gz,case_495/trace.log.gz
496,case_496/regr.log,case_496/sim.log.gz,case_496/trace.log.gz
497,case_497/regr.log,case_497/sim.log.gz,case_497/trace.log.gz
498,case_498/regr.log,case_498/sim.log.gz,case_498/trace.log.gz
499,case_499/regr.log,case_499/sim.log.gz,case_499/trace.log.gz
500,case_500/regr.log,case_500/sim.log.gz,case_500/trace.log.gz
501,case_501/regr.log,case_501/sim.log.gz,case_501/trace.log.gz
502,case_502/regr.log,case_502/sim.log.gz,case_502/trace.log.gz
503,case_503/regr.log,case_503/sim.log.gz,case_503/trace.log.gz
504,case_504/regr.log,case_504/sim.log.gz,case_504/trace.log.gz
505,case_505/regr.log,case_505/sim.log.gz,case_505/trace.log.gz
506,case_506/regr.log,case_506/sim.log.gz,case_506/trace.log.gz
507,case_507/regr.log,case_507/sim.log.gz,case_507/trace.log.gz
508,case_508/regr.log,case_508/sim.log.gz,case_508/trace.log.gz
509,case_509/regr.log,case_509/sim.log.gz,case_509/trace.log.gz
510,case_510/regr.log,case_510/sim.log.gz,case_510/trace.log.gz
511,case_511/regr.log,case_511/sim.log.gz,case_511/trace.log.gz
512,case_512/regr.log,case_512/sim.log.gz,case_512/trace.log.gz
513,case_513/regr.log,case_513/sim.log.gz,case_513/trace.log.gz
514,case_514/regr.log,case_514/sim.log.gz,case_514/trace.log.gz
515,case_515/regr.log,case_515/sim.log.gz,case_515/trace.log.gz
516,case_516/regr.log,case_516/sim.log.gz,case_516/trace.log.gz
517,case_517/regr.log,case_517/sim.log.gz,case_517/trace.log.gz
518,case_518/regr.log,case_518/sim.log.gz,case_518/trace.log.gz
519,case_519/regr.log,case_519/sim.log.gz,case_519/trace.log.gz
520,case_520/regr.log,case_520/sim.log.gz,case_520/trace.log.gz
521,case_521/regr.log,case_521/sim.log.gz,case_521/trace.log.gz
522,case_522/regr.log,case_522/sim.log.gz,case_522/trace.log.gz
523,case_523/regr.log,case_523/sim.log.gz,case_523/trace.log.gz
524,case_524/regr.log,case_524/sim.log.gz,case_524/trace.log.gz
525,case_525/regr.log,case_525/sim.log.gz,case_525/trace.log.gz
526,case_526/regr.log,case_526/sim.log.gz,case_526/trace.log.gz
527,case_527/regr.log,case_527/sim.log.gz,case_527/trace.log.gz
528,case_528/regr.log,case_528/sim.log.gz,case_528/trace.log.gz
529,case_529/regr.log,case_529/sim.log.gz,case_529/trace.log.gz
530,case_530/regr.log,case_530/sim.log.gz,case_530/trace.log.gz
531,case_531/regr.log,case_531/sim.log.gz,case_531/trace.log.gz
532,case_532/regr.log,case_532/sim.log.gz,case_532/trace.log.gz
533,case_533/regr.log,case_533/sim.log.gz,case_533/trace.log.gz
534,case_534/regr.log,case_534/sim.log.gz,case_534/trace.log.gz
535,case_535/regr.log,case_535/sim.log.gz,case_535/trace.log.gz
536,case_536/regr.log,case_536/sim.log.gz,case_536/trace.log.gz
537,case_537/regr.log,case_537/sim.log.gz,case_537/trace.log.gz
538,case_538/regr.log,case_538/sim.log.gz,case_538/trace.log.gz
539,case_539/regr.log,case_539/sim.log.gz,case_539/trace.log.gz
540,case_540/regr.log,case_540/sim.log.gz,case_540/trace.log.gz
541,case_541/regr.log,case_541/sim.log.gz,case_541/trace.log.gz
542,case_542/regr.log,case_542/sim.log.gz,case_542/trace.log.gz
543,case_543/regr.log,case_543/sim.log.gz,case_543/trace.log.gz
544,case_544/regr.log,case_544/sim.log.gz,case_544/trace.log.gz
545,case_545/regr.log,case_545/sim.log.gz,case_545/trace.log.gz
546,case_546/regr.log,case_546/sim.log.gz,case_546/trace.log.gz
547,case_547/regr.log,case_547/sim.log.gz,case_547/trace.log.gz
548,case_548/regr.log,case_548/sim.log.gz,case_548/trace.log.gz
549,case_549/regr.log,case_549/sim.log.gz,case_549/trace.log.gz
550,case_550/regr.log,case_550/sim.log.gz,case_550/trace.log.gz
551,case_551/regr.log,case_551/sim.log.gz,case_551/trace.log.gz
552,case_552/regr.log,case_552/sim.log.gz,case_552/trace.log.gz
553,case_553/regr.log,case_553/sim.log.gz,case_553/trace.log.gz
554,case_554/regr.log,case_554/sim.log.gz,case_554/trace.log.gz
555,case_555/regr.log,case_555/sim.log.gz,case_555/trace.log.gz
556,case_556/regr.log,case_556/sim.log.gz,case_556/trace.log.gz
557,case_557/regr.log,case_557/sim.log.gz,case_557/trace.log.gz
558,case_558/regr.log,case_558/sim.log.gz,case_558/trace.log.gz
559,case_559/regr.log,case_559/sim.log.gz,case_559/trace.log.gz
560,case_560/regr.log,case_560/sim.log.gz,case_560/trace.log.gz
561,case_561/regr.log,case_561/sim.log.gz,case_561/trace.log.gz
562,case_562/regr.log,case_562/sim.log.gz,case_562/trace.log.gz
563,case_563/regr.log,case_563/sim.log.gz,case_563/trace.log.gz
564,case_564/regr.log,case_564/sim.log.gz,case_564/trace.log.gz
565,case_565/regr.log,case_565/sim.log.gz,case_565/trace.log.gz
566,case_566/regr.log,case_566/sim.log.gz,case_566/trace.log.gz
567,case_567/regr.log,case_567/sim.log.gz,case_567/trace.log.gz
568,case_568/regr.log,case_568/sim.log.gz,case_568/trace.log.gz
569,case_569/regr.log,case_569/sim.log.gz,case_569/trace.log.gz
570,case_570/regr.log,case_570/sim.log.gz,case_570/trace.log.gz
571,case_571/regr.log,case_571/sim.log.gz,case_571/trace.log.gz
572,case_572/regr.log,case_572/sim.log.gz,case_572/trace.log.gz
573,case_573/regr.log,case_573/sim.log.gz,case_573/trace.log.gz
574,case_574/regr.log,case_574/sim.log.gz,case_574/trace.log.gz
575,case_575/regr.log,case_575/sim.log.gz,case_575/trace.log.gz
576,case_576/regr.log,case_576/sim.log.gz,case_576/trace.log.gz
577,case_577/regr.log,case_577/sim.log.gz,case_577/trace.log.gz
578,case_578/regr.log,case_578/sim.log.gz,case_578/trace.log.gz
579,case_579/regr.log,case_579/sim.log.gz,case_579/trace.log.gz
580,case_580/regr.log,case_580/sim.log.gz,case_580/trace.log.gz
581,case_581/regr.log,case_581/sim.log.gz,case_581/trace.log.gz
582,case_582/regr.log,case_582/sim.log.gz,case_582/trace.log.gz
583,case_583/regr.log,case_583/sim.log.gz,case_583/trace.log.gz
584,case_584/regr.log,case_584/sim.log.gz,case_584/trace.log.gz
585,case_585/regr.log,case_585/sim.log.gz,case_585/trace.log.gz
586,case_586/regr.log,case_586/sim.log.gz,case_586/trace.log.gz
587,case_587/regr.log,case_587/sim.log.gz,case_587/trace.log.gz
588,case_588/regr.log,case_588/sim.log.gz,case_588/trace.log.gz
589,case_589/regr.log,case_589/sim.log.gz,case_589/trace.log.gz
590,case_590/regr.log,case_590/sim.log.gz,case_590/trace.log.gz
591,case_591/regr.log,case_591/sim.log.gz,case_591/trace.log.gz
592,case_592/regr.log,case_592/sim.log.gz,case_592/trace.log.gz
593,case_593/regr.log,case_593/sim.log.gz,case_593/trace.log.gz
594,case_594/regr.log,case_594/sim.log.gz,case_594/trace.log.gz
595,case_595/regr.log,case_595/sim.log.gz,case_595/trace.log.gz
596,case_596/regr.log,case_596/sim.log.gz,case_596/trace.log.gz
597,case_597/regr.log,case_597/sim.log.gz,case_597/trace.log.gz
598,case_598/regr.log,case_598/sim.log.gz,case_598/trace.log.gz
599,case_599/regr.log,case_599/sim.log.gz,case_599/trace.log.gz
600,case_600/regr.log,case_600/sim.log.gz,case_600/trace.log.gz
601,case_601/regr.log,case_601/sim.log.gz,case_601/trace.log.gz
602,case_602/regr.log,case_602/sim.log.gz,case_602/trace.log.gz
603,case_603/regr.log,case_603/sim.log.gz,case_603/trace.log.gz
604,case_604/regr.log,case_604/sim.log.gz,case_604/trace.log.gz
605,case_605/regr.log,case_605/sim.log.gz,case_605/trace.log.gz
606,case_606/regr.log,case_606/sim.log.gz,case_606/trace.log.gz
607,case_607/regr.log,case_607/sim.log.gz,case_607/trace.log.gz
608,case_608/regr.log,case_608/sim.log.gz,case_608/trace.log.gz
609,case_609/regr.log,case_609/sim.log.gz,case_609/trace.log.gz
610,case_610/regr.log,case_610/sim.log.gz,case_610/trace.log.gz
611,case_611/regr.log,case_611/sim.log.gz,case_611/trace.log.gz
612,case_612/regr.log,case_612/sim.log.gz,case_612/trace.log.gz
613,case_613/regr.log,case_613/sim.log.gz,case_613/trace.log.gz
614,case_614/regr.log,case_614/sim.log.gz,case_614/trace.log.gz
615,case_615/regr.log,case_615/sim.log.gz,case_615/trace.log.gz
616,case_616/regr.log,case_616/sim.log.gz,case_616/trace.log.gz
617,case_617/regr.log,case_617/sim.log.gz,case_617/trace.log.gz
618,case_618/regr.log,case_618/sim.log.gz,case_618/trace.log.gz
619,case_619/regr.log,case_619/sim.log.gz,case_619/trace.log.gz
620,case_620/regr.log,case_620/sim.log.gz,case_620/trace.log.gz
621,case_621/regr.log,case_621/sim.log.gz,case_621/trace.log.gz
622,case_622/regr.log,case_622/sim.log.gz,case_622/trace.log.gz
623,case_623/regr.log,case_623/sim.log.gz,case_623/trace.log.gz
624,case_624/regr.log,case_624/sim.log.gz,case_624/trace.log.gz
625,case_625/regr.log,case_625/sim.log.gz,case_625/trace.log.gz
626,case_626/regr.log,case_626/sim.log.gz,case_626/trace.log.gz
627,case_627/regr.log,case_627/sim.log.gz,case_627/trace.log.gz
628,case_628/regr.log,case_628/sim.log.gz,case_628/trace.log.gz
629,case_629/regr.log,case_629/sim.log.gz,case_629/trace.log.gz
630,case_630/regr.log,case_630/sim.log.gz,case_630/trace.log.gz
631,case_631/regr.log,case_631/sim.log.gz,case_631/trace.log.gz
632,case_632/regr.log,case_632/sim.log.gz,case_632/trace.log.gz
633,case_633/regr.log,case_633/sim.log.gz,case_633/trace.log.gz
634,case_634/regr.log,case_634/sim.log.gz,case_634/trace.log.gz
635,case_635/regr.log,case_635/sim.log.gz,case_635/trace.log.gz
636,case_636/regr.log,case_636/sim.log.gz,case_636/trace.log.gz
637,case_637/regr.log,case_637/sim.log.gz,case_637/trace.log.gz
638,case_638/regr.log,case_638/sim.log.gz,case_638/trace.log.gz
639,case_639/regr.log,case_639/sim.log.gz,case_639/trace.log.gz
640,case_640/regr.log,case_640/sim.log.gz,case_640/trace.log.gz
641,case_641/regr.log,case_641/sim.log.gz,case_641/trace.log.gz
642,case_642/regr.log,case_642/sim.log.gz,case_642/trace.log.gz
643,case_643/regr.log,case_643/sim.log.gz,case_643/trace.log.gz
644,case_644/regr.log,case_644/sim.log.gz,case_644/trace.log.gz
645,case_645/regr.log,case_645/sim.log.gz,case_645/trace.log.gz
646,case_646/regr.log,case_646/sim.log.gz,case_646/trace.log.gz
647,case_647/regr.log,case_647/sim.log.gz,case_647/trace.log.gz
648,case_648/regr.log,case_648/sim.log.gz,case_648/trace.log.gz
649,case_649/regr.log,case_649/sim.log.gz,case_649/trace.log.gz
650,case_650/regr.log,case_650/sim.log.gz,case_650/trace.log.gz
651,case_651/regr.log,case_651/sim.log.gz,case_651/trace.log.gz
652,case_652/regr.log,case_652/sim.log.gz,case_652/trace.log.gz
653,case_653/regr.log,case_653/sim.log.gz,case_653/trace.log.gz
654,case_654/regr.log,case_654/sim.log.gz,case_654/trace.log.gz
655,case_655/regr.log,case_655/sim.log.gz,case_655/trace.log.gz
656,case_656/regr.log,case_656/sim.log.gz,case_656/trace.log.gz
657,case_657/regr.log,case_657/sim.log.gz,case_657/trace.log.gz
658,case_658/regr.log,case_658/sim.log.gz,case_658/trace.log.gz
659,case_659/regr.log,case_659/sim.log.gz,case_659/trace.log.gz
660,case_660/regr.log,case_660/sim.log.gz,case_660/trace.log.gz
661,case_661/regr.log,case_661/sim.log.gz,case_661/trace.log.gz
662,case_662/regr.log,case_662/sim.log.gz,case_662/trace.log.gz
663,case_663/regr.log,case_663/sim.log.gz,case_663/trace.log.gz
664,case_664/regr.log,case_664/sim.log.gz,case_664/trace.log.gz
665,case_665/regr.log,case_665/sim.log.gz,case_665/trace.log.gz
666,case_666/regr.log,case_666/sim.log.gz,case_666/trace.log.gz
667,case_667/regr.log,case_667/sim.log.gz,case_667/trace.log.gz
668,case_668/regr.log,case_668/sim.log.gz,case_668/trace.log.gz
669,case_669/regr.log,case_669/sim.log.gz,case_669/trace.log.gz
670,case_670/regr.log,case_670/sim.log.gz,case_670/trace.log.gz
671,case_671/regr.log,case_671/sim.log.gz,case_671/trace.log.gz
672,case_672/regr.log,case_672/sim.log.gz,case_672/trace.log.gz
673,case_673/regr.log,case_673/sim.log.gz,case_673/trace.log.gz
674,case_674/regr.log,case_674/sim.log.gz,case_674/trace.log.gz
675,case_675/regr.log,case_675/sim.log.gz,case_675/trace.log.gz
676,case_676/regr.log,case_676/sim.log.gz,case_676/trace.log.gz
677,case_677/regr.log,case_677/sim.log.gz,case_677/trace.log.gz
678,case_678/regr.log,case_678/sim.log.gz,case_678/trace.log.gz
679,case_679/regr.log,case_679/sim.log.gz,case_679/trace.log.gz
680,case_680/regr.log,case_680/sim.log.gz,case_680/trace.log.gz
681,case_681/regr.log,case_681/sim.log.gz,case_681/trace.log.gz
682,case_682/regr.log,case_682/sim.log.gz,case_682/trace.log.gz
683,case_683/regr.log,case_683/sim.log.gz,case_683/trace.log.gz
684,case_684/regr.log,case_684/sim.log.gz,case_684/trace.log.gz
685,case_685/regr.log,case_685/sim.log.gz,case_685/trace.log.gz
686,case_686/regr.log,case_686/sim.log.gz,case_686/trace.log.gz
687,case_687/regr.log,case_687/sim.log.gz,case_687/trace.log.gz
688,case_688/regr.log,case_688/sim.log.gz,case_688/trace.log.gz
689,case_689/regr.log,case_689/sim.log.gz,case_689/trace.log.gz
690,case_690/regr.log,case_690/sim.log.gz,case_690/trace.log.gz
691,case_691/regr.log,case_691/sim.log.gz,case_691/trace.log.gz
692,case_692/regr.log,case_692/sim.log.gz,case_692/trace.log.gz
693,case_693/regr.log,case_693/sim.log.gz,case_693/trace.log.gz
694,case_694/regr.log,case_694/sim.log.gz,case_694/trace.log.gz
695,case_695/regr.log,case_695/sim.log.gz,case_695/trace.log.gz
696,case_696/regr.log,case_696/sim.log.gz,case_696/trace.log.gz
697,case_697/regr.log,case_697/sim.log.gz,case_697/trace.log.gz
698,case_698/regr.log,case_698/sim.log.gz,case_698/trace.log.gz
699,case_699/regr.log,case_699/sim.log.gz,case_699/trace.log.gz
700,case_700/regr.log,case_700/sim.log.gz,case_700/trace.log.gz
701,case_701/regr.log,case_701/sim.log.gz,case_701/trace.log.gz
702,case_702/regr.log,case_702/sim.log.gz,case_702/trace.log.gz
703,case_703/regr.log,case_703/sim.log.gz,case_703/trace.log.gz
704,case_704/regr.log,case_704/sim.log.gz,case_704/trace.log.gz
705,case_705/regr.log,case_705/sim.log.gz,case_705/trace.log.gz
706,case_706/regr.log,case_706/sim.log.gz,case_706/trace.log.gz
707,case_707/regr.log,case_707/sim.log.gz,case_707/trace.log.gz
708,case_708/regr.log,case_708/sim.log.gz,case_708/trace.log.gz
709,case_709/regr.log,case_709/sim.log.gz,case_709/trace.log.gz
710,case_710/regr.log,case_710/sim.log.gz,case_710/trace.log.gz
711,case_711/regr.log,case_711/sim.log.gz,case_711/trace.log.gz
712,case_712/regr.log,case_712/sim.log.gz,case_712/trace.log.gz
713,case_713/regr.log,case_713/sim.log.gz,case_713/trace.log.gz
714,case_714/regr.log,case_714/sim.log.gz,case_714/trace.log.gz
715,case_715/regr.log,case_715/sim.log.gz,case_715/trace.log.gz
716,case_716/regr.log,case_716/sim.log.gz,case_716/trace.log.gz
717,case_717/regr.log,case_717/sim.log.gz,case_717/trace.log.gz
718,case_718/regr.log,case_718/sim.log.gz,case_718/trace.log.gz
719,case_719/regr.log,case_719/sim.log.gz,case_719/trace.log.gz
720,case_720/regr.log,case_720/sim.log.gz,case_720/trace.log.gz
721,case_721/regr.log,case_721/sim.log.gz,case_721/trace.log.gz
722,case_722/regr.log,case_722/sim.log.gz,case_722/trace.log.gz
723,case_723/regr.log,case_723/sim.log.gz,case_723/trace.log.gz
724,case_724/regr.log,case_724/sim.log.gz,case_724/trace.log.gz
725,case_725/regr.log,case_725/sim.log.gz,case_725/trace.log.gz
726,case_726/regr.log,case_726/sim.log.gz,case_726/trace.log.gz
727,case_727/regr.log,case_727/sim.log.gz,case_727/trace.log.gz
728,case_728/regr.log,case_728/sim.log.gz,case_728/trace.log.gz
729,case_729/regr.log,case_729/sim.log.gz,case_729/trace.log.gz
730,case_730/regr.log,case_730/sim.log.gz,case_730/trace.log.gz
731,case_731/regr.log,case_731/sim.log.gz,case_731/trace.log.gz
732,case_732/regr.log,case_732/sim.log.gz,case_732/trace.log.gz
733,case_733/regr.log,case_733/sim.log.gz,case_733/trace.log.gz
734,case_734/regr.log,case_734/sim.log.gz,case_734/trace.log.gz
735,case_735/regr.log,case_735/sim.log.gz,case_735/trace.log.gz
736,case_736/regr.log,case_736/sim.log.gz,case_736/trace.log.gz
737,case_737/regr.log,case_737/sim.log.gz,case_737/trace.log.gz
738,case_738/regr.log,case_738/sim.log.gz,case_738/trace.log.gz
739,case_739/regr.log,case_739/sim.log.gz,case_739/trace.log.gz
740,case_740/regr.log,case_740/sim.log.gz,case_740/trace.log.gz
741,case_741/regr.log,case_741/sim.log.gz,case_741/trace.log.gz
742,case_742/regr.log,case_742/sim.log.gz,case_742/trace.log.gz
743,case_743/regr.log,case_743/sim.log.gz,case_743/trace.log.gz
744,case_744/regr.log,case_744/sim.log.gz,case_744/trace.log.gz
745,case_745/regr.log,case_745/sim.log.gz,case_745/trace.log.gz
746,case_746/regr.log,case_746/sim.log.gz,case_746/trace.log.gz
747,case_747/regr.log,case_747/sim.log.gz,case_747/trace.log.gz
748,case_748/regr.log,case_748/sim.log.gz,case_748/trace.log.gz
749,case_749/regr.log,case_749/sim.log.gz,case_749/trace.log.gz
750,case_750/regr.log,case_750/sim.log.gz,case_750/trace.log.gz
751,case_751/regr.log,case_751/sim.log.gz,case_751/trace.log.gz
752,case_752/regr.log,case_752/sim.log.gz,case_752/trace.log.gz
753,case_753/regr.log,case_753/sim.log.gz,case_753/trace.log.gz
754,case_754/regr.log,case_754/sim.log.gz,case_754/trace.log.gz
755,case_755/regr.log,case_755/sim.log.gz,case_755/trace.log.gz
756,case_756/regr.log,case_756/sim.log.gz,case_756/trace.log.gz
757,case_757/regr.log,case_757/sim.log.gz,case_757/trace.log.gz
758,case_758/regr.log,case_758/sim.log.gz,case_758/trace.log.gz
759,case_759/regr.log,case_759/sim.log.gz,case_759/trace.log.gz
760,case_760/regr.log,case_760/sim.log.gz,case_760/trace.log.gz
761,case_761/regr.log,case_761/sim.log.gz,case_761/trace.log.gz
762,case_762/regr.log,case_762/sim.log.gz,case_762/trace.log.gz
763,case_763/regr.log,case_763/sim.log.gz,case_763/trace.log.gz
764,case_764/regr.log,case_764/sim.log.gz,case_764/trace.log.gz
765,case_765/regr.log,case_765/sim.log.gz,case_765/trace.log.gz
766,case_766/regr.log,case_766/sim.log.gz,case_766/trace.log.gz
767,case_767/regr.log,case_767/sim.log.gz,case_767/trace.log.gz
768,case_768/regr.log,case_768/sim.log.gz,case_768/trace.log.gz
769,case_769/regr.log,case_769/sim.log.gz,case_769/trace.log.gz
770,case_770/regr.log,case_770/sim.log.gz,case_770/trace.log.gz
771,case_771/regr.log,case_771/sim.log.gz,case_771/trace.log.gz
772,case_772/regr.log,case_772/sim.log.gz,case_772/trace.log.gz
773,case_773/regr.log,case_773/sim.log.gz,case_773/trace.log.gz
774,case_774/regr.log,case_774/sim.log.gz,case_774/trace.log.gz
775,case_775/regr.log,case_775/sim.log.gz,case_775/trace.log.gz
776,case_776/regr.log,case_776/sim.log.gz,case_776/trace.log.gz
777,case_777/regr.log,case_777/sim.log.gz,case_777/trace.log.gz
778,case_778/regr.log,case_778/sim.log.gz,case_778/trace.log.gz
779,case_779/regr.log,case_779/sim.log.gz,case_779/trace.log.gz
780,case_780/regr.log,case_780/sim.log.gz,case_780/trace.log.gz
781,case_781/regr.log,case_781/sim.log.gz,case_781/trace.log.gz
782,case_782/regr.log,case_782/sim.log.gz,case_782/trace.log.gz
783,case_783/regr.log,case_783/sim.log.gz,case_783/trace.log.gz
784,case_784/regr.log,case_784/sim.log.gz,case_784/trace.log.gz
785,case_785/regr.log,case_785/sim.log.gz,case_785/trace.log.gz
786,case_786/regr.log,case_786/sim.log.gz,case_786/trace.log.gz
787,case_787/regr.log,case_787/sim.log.gz,case_787/trace.log.gz
788,case_788/regr.log,case_788/sim.log.gz,case_788/trace.log.gz
789,case_789/regr.log,case_789/sim.log.gz,case_789/trace.log.gz
790,case_790/regr.log,case_790/sim.log.gz,case_790/trace.log.gz
791,case_791/regr.log,case_791/sim.log.gz,case_791/trace.log.gz
792,case_792/regr.log,case_792/sim.log.gz,case_792/trace.log.gz
793,case_793/regr.log,case_793/sim.log.gz,case_793/trace.log.gz
794,case_794/regr.log,case_794/sim.log.gz,case_794/trace.log.gz
795,case_795/regr.log,case_795/sim.log.gz,case_795/trace.log.gz
796,case_796/regr.log,case_796/sim.log.gz,case_796/trace.log.gz
797,case_797/regr.log,case_797/sim.log.gz,case_797/trace.log.gz
798,case_798/regr.log,case_798/sim.log.gz,case_798/trace.log.gz
799,case_799/regr.log,case_799/sim.log.gz,case_799/trace.log.gz
800,case_800/regr.log,case_800/sim.log.gz,case_800/trace.log.gz
801,case_801/regr.log,case_801/sim.log.gz,case_801/trace.log.gz
802,case_802/regr.log,case_802/sim.log.gz,case_802/trace.log.gz
803,case_803/regr.log,case_803/sim.log.gz,case_803/trace.log.gz
804,case_804/regr.log,case_804/sim.log.gz,case_804/trace.log.gz
805,case_805/regr.log,case_805/sim.log.gz,case_805/trace.log.gz
806,case_806/regr.log,case_806/sim.log.gz,case_806/trace.log.gz
807,case_807/regr.log,case_807/sim.log.gz,case_807/trace.log.gz
808,case_808/regr.log,case_808/sim.log.gz,case_808/trace.log.gz
809,case_809/regr.log,case_809/sim.log.gz,case_809/trace.log.gz
810,case_810/regr.log,case_810/sim.log.gz,case_810/trace.log.gz
811,case_811/regr.log,case_811/sim.log.gz,case_811/trace.log.gz
812,case_812/regr.log,case_812/sim.log.gz,case_812/trace.log.gz
813,case_813/regr.log,case_813/sim.log.gz,case_813/trace.log.gz
814,case_814/regr.log,case_814/sim.log.gz,case_814/trace.log.gz
815,case_815/regr.log,case_815/sim.log.gz,case_815/trace.log.gz
816,case_816/regr.log,case_816/sim.log.gz,case_816/trace.log.gz
817,case_817/regr.log,case_817/sim.log.gz,case_817/trace.log.gz
818,case_818/regr.log,case_818/sim.log.gz,case_818/trace.log.gz
819,case_819/regr.log,case_819/sim.log.gz,case_819/trace.log.gz
820,case_820/regr.log,case_820/sim.log.gz,case_820/trace.log.gz
821,case_821/regr.log,case_821/sim.log.gz,case_821/trace.log.gz
822,case_822/regr.log,case_822/sim.log.gz,case_822/trace.log.gz
823,case_823/regr.log,case_823/sim.log.gz,case_823/trace.log.gz
824,case_824/regr.log,case_824/sim.log.gz,case_824/trace.log.gz
825,case_825/regr.log,case_825/sim.log.gz,case_825/trace.log.gz
826,case_826/regr.log,case_826/sim.log.gz,case_826/trace.log.gz
827,case_827/regr.log,case_827/sim.log.gz,case_827/trace.log.gz
828,case_828/regr.log,case_828/sim.log.gz,case_828/trace.log.gz
829,case_829/regr.log,case_829/sim.log.gz,case_829/trace.log.gz
830,case_830/regr.log,case_830/sim.log.gz,case_830/trace.log.gz
831,case_831/regr.log,case_831/sim.log.gz,case_831/trace.log.gz
832,case_832/regr.log,case_832/sim.log.gz,case_832/trace.log.gz
833,case_833/regr.log,case_833/sim.log.gz,case_833/trace.log.gz
834,case_834/regr.log,case_834/sim.log.gz,case_834/trace.log.gz
835,case_835/regr.log,case_835/sim.log.gz,case_835/trace.log.gz
836,case_836/regr.log,case_836/sim.log.gz,case_836/trace.log.gz
837,case_837/regr.log,case_837/sim.log.gz,case_837/trace.log.gz
838,case_838/regr.log,case_838/sim.log.gz,case_838/trace.log.gz
839,case_839/regr.log,case_839/sim.log.gz,case_839/trace.log.gz
840,case_840/regr.log,case_840/sim.log.gz,case_840/trace.log.gz
841,case_841/regr.log,case_841/sim.log.gz,case_841/trace.log.gz
842,case_842/regr.log,case_842/sim.log.gz,case_842/trace.log.gz
843,case_843/regr.log,case_843/sim.log.gz,case_843/trace.log.gz
844,case_844/regr.log,case_844/sim.log.gz,case_844/trace.log.gz
845,case_845/regr.log,case_845/sim.log.gz,case_845/trace.log.gz
846,case_846/regr.log,case_846/sim.log.gz,case_846/trace.log.gz
847,case_847/regr.log,case_847/sim.log.gz,case_847/trace.log.gz
848,case_848/regr.log,case_848/sim.log.gz,case_848/trace.log.gz
849,case_849/regr.log,case_849/sim.log.gz,case_849/trace.log.gz
850,case_850/regr.log,case_850/sim.log.gz,case_850/trace.log.gz
851,case_851/regr.log,case_851/sim.log.gz,case_851/trace.log.gz
852,case_852/regr.log,case_852/sim.log.gz,case_852/trace.log.gz
853,case_853/regr.log,case_853/sim.log.gz,case_853/trace.log.gz
854,case_854/regr.log,case_854/sim.log.gz,case_854/trace.log.gz
855,case_855/regr.log,case_855/sim.log.gz,case_855/trace.log.gz
856,case_856/regr.log,case_856/sim.log.gz,case_856/trace.log.gz
857,case_857/regr.log,case_857/sim.log.gz,case_857/trace.log.gz
858,case_858/regr.log,case_858/sim.log.gz,case_858/trace.log.gz
859,case_859/regr.log,case_859/sim.log.gz,case_859/trace.log.gz
860,case_860/regr.log,case_860/sim.log.gz,case_860/trace.log.gz
861,case_861/regr.log,case_861/sim.log.gz,case_861/trace.log.gz
862,case_862/regr.log,case_862/sim.log.gz,case_862/trace.log.gz
863,case_863/regr.log,case_863/sim.log.gz,case_863/trace.log.gz
864,case_864/regr.log,case_864/sim.log.gz,case_864/trace.log.gz
865,case_865/regr.log,case_865/sim.log.gz,case_865/trace.log.gz
866,case_866/regr.log,case_866/sim.log.gz,case_866/trace.log.gz
867,case_867/regr.log,case_867/sim.log.gz,case_867/trace.log.gz
868,case_868/regr.log,case_868/sim.log.gz,case_868/trace.log.gz
869,case_869/regr.log,case_869/sim.log.gz,case_869/trace.log.gz
870,case_870/regr.log,case_870/sim.log.gz,case_870/trace.log.gz
871,case_871/regr.log,case_871/sim.log.gz,case_871/trace.log.gz
872,case_872/regr.log,case_872/sim.log.gz,case_872/trace.log.gz
873,case_873/regr.log,case_873/sim.log.gz,case_873/trace.log.gz
874,case_874/regr.log,case_874/sim.log.gz,case_874/trace.log.gz
875,case_875/regr.log,case_875/sim.log.gz,case_875/trace.log.gz
876,case_876/regr.log,case_876/sim.log.gz,case_876/trace.log.gz
877,case_877/regr.log,case_877/sim.log.gz,case_877/trace.log.gz
878,case_878/regr.log,case_878/sim.log.gz,case_878/trace.log.gz
879,case_879/regr.log,case_879/sim.log.gz,case_879/trace.log.gz
880,case_880/regr.log,case_880/sim.log.gz,case_880/trace.log.gz
881,case_881/regr.log,case_881/sim.log.gz,case_881/trace.log.gz
882,case_882/regr.log,case_882/sim.log.gz,case_882/trace.log.gz
883,case_883/regr.log,case_883/sim.log.gz,case_883/trace.log.gz
884,case_884/regr.log,case_884/sim.log.gz,case_884/trace.log.gz
885,case_885/regr.log,case_885/sim.log.gz,case_885/trace.log.gz
886,case_886/regr.log,case_886/sim.log.gz,case_886/trace.log.gz
887,case_887/regr.log,case_887/sim.log.gz,case_887/trace.log.gz
888,case_888/regr.log,case_888/sim.log.gz,case_888/trace.log.gz
889,case_889/regr.log,case_889/sim.log.gz,case_889/trace.log.gz
890,case_890/regr.log,case_890/sim.log.gz,case_890/trace.log.gz
891,case_891/regr.log,case_891/sim.log.gz,case_891/trace.log.gz
892,case_892/regr.log,case_892/sim.log.gz,case_892/trace.log.gz
893,case_893/regr.log,case_893/sim.log.gz,case_893/trace.log.gz
894,case_894/regr.log,case_894/sim.log.gz,case_894/trace.log.gz
895,case_895/regr.log,case_895/sim.log.gz,case_895/trace.log.gz
896,case_896/regr.log,case_896/sim.log.gz,case_896/trace.log.gz
897,case_897/regr.log,case_897/sim.log.gz,case_897/trace.log.gz
898,case_898/regr.log,case_898/sim.log.gz,case_898/trace.log.gz
899,case_899/regr.log,case_899/sim.log.gz,case_899/trace.log.gz
900,case_900/regr.log,case_900/sim.log.gz,case_900/trace.log.gz
901,case_901/regr.log,case_901/sim.log.gz,case_901/trace.log.gz
902,case_902/regr.log,case_902/sim.log.gz,case_902/trace.log.gz
903,case_903/regr.log,case_903/sim.log.gz,case_903/trace.log.gz
904,case_904/regr.log,case_904/sim.log.gz,case_904/trace.log.gz
905,case_905/regr.log,case_905/sim.log.gz,case_905/trace.log.gz
906,case_906/regr.log,case_906/sim.log.gz,case_906/trace.log.gz
907,case_907/regr.log,case_907/sim.log.gz,case_907/trace.log.gz
908,case_908/regr.log,case_908/sim.log.gz,case_908/trace.log.gz
909,case_909/regr.log,case_909/sim.log.gz,case_909/trace.log.gz
910,case_910/regr.log,case_910/sim.log.gz,case_910/trace.log.gz
911,case_911/regr.log,case_911/sim.log.gz,case_911/trace.log.gz
912,case_912/regr.log,case_912/sim.log.gz,case_912/trace.log.gz
913,case_913/regr.log,case_913/sim.log.gz,case_913/trace.log.gz
914,case_914/regr.log,case_914/sim.log.gz,case_914/trace.log.gz
915,case_915/regr.log,case_915/sim.log.gz,case_915/trace.log.gz
916,case_916/regr.log,case_916/sim.log.gz,case_916/trace.log.gz
917,case_917/regr.log,case_917/sim.log.gz,case_917/trace.log.gz
918,case_918/regr.log,case_918/sim.log.gz,case_918/trace.log.gz
919,case_919/regr.log,case_919/sim.log.gz,case_919/trace.log.gz
920,case_920/regr.log,case_920/sim.log.gz,case_920/trace.log.gz
921,case_921/regr.log,case_921/sim.log.gz,case_921/trace.log.gz
922,case_922/regr.log,case_922/sim.log.gz,case_922/trace.log.gz
923,case_923/regr.log,case_923/sim.log.gz,case_923/trace.log.gz
924,case_924/regr.log,case_924/sim.log.gz,case_924/trace.log.gz
925,case_925/regr.log,case_925/sim.log.gz,case_925/trace.log.gz
926,case_926/regr.log,case_926/sim.log.gz,case_926/trace.log.gz
927,case_927/regr.log,case_927/sim.log.gz,case_927/trace.log.gz
928,case_928/regr.log,case_928/sim.log.gz,case_928/trace.log.gz
929,case_929/regr.log,case_929/sim.log.gz,case_929/trace.log.gz
930,case_930/regr.log,case_930/sim.log.gz,case_930/trace.log.gz
931,case_931/regr.log,case_931/sim.log.gz,case_931/trace.log.gz
932,case_932/regr.log,case_932/sim.log.gz,case_932/trace.log.gz
933,case_933/regr.log,case_933/sim.log.gz,case_933/trace.log.gz
934,case_934/regr.log,case_934/sim.log.gz,case_934/trace.log.gz
935,case_935/regr.log,case_935/sim.log.gz,case_935/trace.log.gz
936,case_936/regr.log,case_936/sim.log.gz,case_936/trace.log.gz
937,case_937/regr.log,case_937/sim.log.gz,case_937/trace.log.gz
938,case_938/regr.log,case_938/sim.log.gz,case_938/trace.log.gz
939,case_939/regr.log,case_939/sim.log.gz,case_939/trace.log.gz
940,case_940/regr.log,case_940/sim.log.gz,case_940/trace.log.gz
941,case_941/regr.log,case_941/sim.log.gz,case_941/trace.log.gz
942,case_942/regr.log,case_942/sim.log.gz,case_942/trace.log.gz
943,case_943/regr.log,case_943/sim.log.gz,case_943/trace.log.gz
944,case_944/regr.log,case_944/sim.log.gz,case_944/trace.log.gz
945,case_945/regr.log,case_945/sim.log.gz,case_945/trace.log.gz
946,case_946/regr.log,case_946/sim.log.gz,case_946/trace.log.gz
947,case_947/regr.log,case_947/sim.log.gz,case_947/trace.log.gz
948,case_948/regr.log,case_948/sim.log.gz,case_948/trace.log.gz
949,case_949/regr.log,case_949/sim.log.gz,case_949/trace.log.gz
950,case_950/regr.log,case_950/sim.log.gz,case_950/trace.log.gz
951,case_951/regr.log,case_951/sim.log.gz,case_951/trace.log.gz
952,case_952/regr.log,case_952/sim.log.gz,case_952/trace.log.gz
953,case_953/regr.log,case_953/sim.log.gz,case_953/trace.log.gz
954,case_954/regr.log,case_954/sim.log.gz,case_954/trace.log.gz
955,case_955/regr.log,case_955/sim.log.gz,case_955/trace.log.gz
956,case_956/regr.log,case_956/sim.log.gz,case_956/trace.log.gz
957,case_957/regr.log,case_957/sim.log.gz,case_957/trace.log.gz
958,case_958/regr.log,case_958/sim.log.gz,case_958/trace.log.gz
959,case_959/regr.log,case_959/sim.log.gz,case_959/trace.log.gz
960,case_960/regr.log,case_960/sim.log.gz,case_960/trace.log.gz
961,case_961/regr.log,case_961/sim.log.gz,case_961/trace.log.gz
962,case_962/regr.log,case_962/sim.log.gz,case_962/trace.log.gz
963,case_963/regr.log,case_963/sim.log.gz,case_963/trace.log.gz
964,case_964/regr.log,case_964/sim.log.gz,case_964/trace.log.gz
965,case_965/regr.log,case_965/sim.log.gz,case_965/trace.log.gz
966,case_966/regr.log,case_966/sim.log.gz,case_966/trace.log.gz
967,case_967/regr.log,case_967/sim.log.gz,case_967/trace.log.gz
968,case_968/regr.log,case_968/sim.log.gz,case_968/trace.log.gz
969,case_969/regr.log,case_969/sim.log.gz,case_969/trace.log.gz
970,case_970/regr.log,case_970/sim.log.gz,case_970/trace.log.gz
971,case_971/regr.log,case_971/sim.log.gz,case_971/trace.log.gz
972,case_972/regr.log,case_972/sim.log.gz,case_972/trace.log.gz
973,case_973/regr.log,case_973/sim.log.gz,case_973/trace.log.gz
974,case_974/regr.log,case_974/sim.log.gz,case_974/trace.log.gz
975,case_975/regr.log,case_975/sim.log.gz,case_975/trace.log.gz
976,case_976/regr.log,case_976/sim.log.gz,case_976/trace.log.gz
977,case_977/regr.log,case_977/sim.log.gz,case_977/trace.log.gz
978,case_978/regr.log,case_978/sim.log.gz,case_978/trace.log.gz
979,case_979/regr.log,case_979/sim.log.gz,case_979/trace.log.gz
980,case_980/regr.log,case_980/sim.log.gz,case_980/trace.log.gz
981,case_981/regr.log,case_981/sim.log.gz,case_981/trace.log.gz
982,case_982/regr.log,case_982/sim.log.gz,case_982/trace.log.gz
983,case_983/regr.log,case_983/sim.log.gz,case_983/trace.log.gz
984,case_984/regr.log,case_984/sim.log.gz,case_984/trace.log.gz
985,case_985/regr.log,case_985/sim.log.gz,case_985/trace.log.gz
986,case_986/regr.log,case_986/sim.log.gz,case_986/trace.log.gz
987,case_987/regr.log,case_987/sim.log.gz,case_987/trace.log.gz
988,case_988/regr.log,case_988/sim.log.gz,case_988/trace.log.gz
989,case_989/regr.log,case_989/sim.log.gz,case_989/trace.log.gz
990,case_990/regr.log,case_990/sim.log.gz,case_990/trace.log.gz
991,case_991/regr.log,case_991/sim.log.gz,case_991/trace.log.gz
992,case_992/regr.log,case_992/sim.log.gz,case_992/trace.log.gz
993,case_993/regr.log,case_993/sim.log.gz,case_993/trace.log.gz
994,case_994/regr.log,case_994/sim.log.gz,case_994/trace.log.gz
995,case_995/regr.log,case_995/sim.log.gz,case_995/trace.log.gz
996,case_996/regr.log,case_996/sim.log.gz,case_996/trace.log.gz
997,case_997/regr.log,case_997/sim.log.gz,case_997/trace.log.gz
998,case_998/regr.log,case_998/sim.log.gz,case_998/trace.log.gz
999,case_999/regr.log,case_999/sim.log.gz,case_999/trace.log.gz
1000,case_1000/regr.log,case_1000/sim.log.gz,case_1000/trace.log.gz
1001,case_1001/regr.log,case_1001/sim.log.gz,case_1001/trace.log.gz
1002,case_1002/regr.log,case_1002/sim.log.gz,case_1002/trace.log.gz
1003,case_1003/regr.log,case_1003/sim.log.gz,case_1003/trace.log.gz
1004,case_1004/regr.log,case_1004/sim.log.gz,case_1004/trace.log.gz
1005,case_1005/regr.log,case_1005/sim.log.gz,case_1005/trace.log.gz
1006,case_1006/regr.log,case_1006/sim.log.gz,case_1006/trace.log.gz
1007,case_1007/regr.log,case_1007/sim.log.gz,case_1007/trace.log.gz
1008,case_1008/regr.log,case_1008/sim.log.gz,case_1008/trace.log.gz
1009,case_1009/regr.log,case_1009/sim.log.gz,case_1009/trace.log.gz
1010,case_1010/regr.log,case_1010/sim.log.gz,case_1010/trace.log.gz
1011,case_1011/regr.log,case_1011/sim.log.gz,case_1011/trace.log.gz
1012,case_1012/regr.log,case_1012/sim.log.gz,case_1012/trace.log.gz
1013,case_1013/regr.log,case_1013/sim.log.gz,case_1013/trace.log.gz
1014,case_1014/regr.log,case_1014/sim.log.gz,case_1014/trace.log.gz
1015,case_1015/regr.log,case_1015/sim.log.gz,case_1015/trace.log.gz
1016,case_1016/regr.log,case_1016/sim.log.gz,case_1016/trace.log.gz
1017,case_1017/regr.log,case_1017/sim.log.gz,case_1017/trace.log.gz
1018,case_1018/regr.log,case_1018/sim.log.gz,case_1018/trace.log.gz
1019,case_1019/regr.log,case_1019/sim.log.gz,case_1019/trace.log.gz
1020,case_1020/regr.log,case_1020/sim.log.gz,case_1020/trace.log.gz
1021,case_1021/regr.log,case_1021/sim.log.gz,case_1021/trace.log.gz
1022,case_1022/regr.log,case_1022/sim.log.gz,case_1022/trace.log.gz
1023,case_1023/regr.log,case_1023/sim.log.gz,case_1023/trace.log.gz
1024,case_1024/regr.log,case_1024/sim.log.gz,case_1024/trace.log.gz
1025,case_1025/regr.log,case_1025/sim.log.gz,case_1025/trace.log.gz
1026,case_1026/regr.log,case_1026/sim.log.gz,case_1026/trace.log.gz
1027,case_1027/regr.log,case_1027/sim.log.gz,case_1027/trace.log.gz
1028,case_1028/regr.log,case_1028/sim.log.gz,case_1028/trace.log.gz
1029,case_1029/regr.log,case_1029/sim.log.gz,case_1029/trace.log.gz
1030,case_1030/regr.log,case_1030/sim.log.gz,case_1030/trace.log.gz
1031,case_1031/regr.log,case_1031/sim.log.gz,case_1031/trace.log.gz
1032,case_1032/regr.log,case_1032/sim.log.gz,case_1032/trace.log.gz
1033,case_1033/regr.log,case_1033/sim.log.gz,case_1033/trace.log.gz
1034,case_1034/regr.log,case_1034/sim.log.gz,case_1034/trace.log.gz
1035,case_1035/regr.log,case_1035/sim.log.gz,case_1035/trace.log.gz
1036,case_1036/regr.log,case_1036/sim.log.gz,case_1036/trace.log.gz
1037,case_1037/regr.log,case_1037/sim.log.gz,case_1037/trace.log.gz
1038,case_1038/regr.log,case_1038/sim.log.gz,case_1038/trace.log.gz
1039,case_1039/regr.log,case_1039/sim.log.gz,case_1039/trace.log.gz
1040,case_1040/regr.log,case_1040/sim.log.gz,case_1040/trace.log.gz
1041,case_1041/regr.log,case_1041/sim.log.gz,case_1041/trace.log.gz
1042,case_1042/regr.log,case_1042/sim.log.gz,case_1042/trace.log.gz
1043,case_1043/regr.log,case_1043/sim.log.gz,case_1043/trace.log.gz
1044,case_1044/regr.log,case_1044/sim.log.gz,case_1044/trace.log.gz
1045,case_1045/regr.log,case_1045/sim.log.gz,case_1045/trace.log.gz
1046,case_1046/regr.log,case_1046/sim.log.gz,case_1046/trace.log.gz
1047,case_1047/regr.log,case_1047/sim.log.gz,case_1047/trace.log.gz
1048,case_1048/regr.log,case_1048/sim.log.gz,case_1048/trace.log.gz
1049,case_1049/regr.log,case_1049/sim.log.gz,case_1049/trace.log.gz
1050,case_1050/regr.log,case_1050/sim.log.gz,case_1050/trace.log.gz
1051,case_1051/regr.log,case_1051/sim.log.gz,case_1051/trace.log.gz
1052,case_1052/regr.log,case_1052/sim.log.gz,case_1052/trace.log.gz
1053,case_1053/regr.log,case_1053/sim.log.gz,case_1053/trace.log.gz
1054,case_1054/regr.log,case_1054/sim.log.gz,case_1054/trace.log.gz
1055,case_1055/regr.log,case_1055/sim.log.gz,case_1055/trace.log.gz
1056,case_1056/regr.log,case_1056/sim.log.gz,case_1056/trace.log.gz
1057,case_1057/regr.log,case_1057/sim.log.gz,case_1057/trace.log.gz
1058,case_1058/regr.log,case_1058/sim.log.gz,case_1058/trace.log.gz
1059,case_1059/regr.log,case_1059/sim.log.gz,case_1059/trace.log.gz
1060,case_1060/regr.log,case_1060/sim.log.gz,case_1060/trace.log.gz
1061,case_1061/regr.log,case_1061/sim.log.gz,case_1061/trace.log.gz
1062,case_1062/regr.log,case_1062/sim.log.gz,case_1062/trace.log.gz
1063,case_1063/regr.log,case_1063/sim.log.gz,case_1063/trace.log.gz
1064,case_1064/regr.log,case_1064/sim.log.gz,case_1064/trace.log.gz
1065,case_1065/regr.log,case_1065/sim.log.gz,case_1065/trace.log.gz
1066,case_1066/regr.log,case_1066/sim.log.gz,case_1066/trace.log.gz
1067,case_1067/regr.log,case_1067/sim.log.gz,case_1067/trace.log.gz
1068,case_1068/regr.log,case_1068/sim.log.gz,case_1068/trace.log.gz
1069,case_1069/regr.log,case_1069/sim.log.gz,case_1069/trace.log.gz
1070,case_1070/regr.log,case_1070/sim.log.gz,case_1070/trace.log.gz
1071,case_1071/regr.log,case_1071/sim.log.gz,case_1071/trace.log.gz
1072,case_1072/regr.log,case_1072/sim.log.gz,case_1072/trace.log.gz
1073,case_1073/regr.log,case_1073/sim.log.gz,case_1073/trace.log.gz
1074,case_1074/regr.log,case_1074/sim.log.gz,case_1074/trace.log.gz
1075,case_1075/regr.log,case_1075/sim.log.gz,case_1075/trace.log.gz
1076,case_1076/regr.log,case_1076/sim.log.gz,case_1076/trace.log.gz
1077,case_1077/regr.log,case_1077/sim.log.gz,case_1077/trace.log.gz
1078,case_1078/regr.log,case_1078/sim.log.gz,case_1078/trace.log.gz
1079,case_1079/regr.log,case_1079/sim.log.gz,case_1079/trace.log.gz
1080,case_1080/regr.log,case_1080/sim.log.gz,case_1080/trace.log.gz
1081,case_1081/regr.log,case_1081/sim.log.gz,case_1081/trace.log.gz
1082,case_1082/regr.log,case_1082/sim.log.gz,case_1082/trace.log.gz
1083,case_1083/regr.log,case_1083/sim.log.gz,case_1083/trace.log.gz
1084,case_1084/regr.log,case_1084/sim.log.gz,case_1084/trace.log.gz
1085,case_1085/regr.log,case_1085/sim.log.gz,case_1085/trace.log.gz
1086,case_1086/regr.log,case_1086/sim.log.gz,case_1086/trace.log.gz
1087,case_1087/regr.log,case_1087/sim.log.gz,case_1087/trace.log.gz
1088,case_1088/regr.log,case_1088/sim.log.gz,case_1088/trace.log.gz
1089,case_1089/regr.log,case_1089/sim.log.gz,case_1089/trace.log.gz
1090,case_1090/regr.log,case_1090/sim.log.gz,case_1090/trace.log.gz
1091,case_1091/regr.log,case_1091/sim.log.gz,case_1091/trace.log.gz
1092,case_1092/regr.log,case_1092/sim.log.gz,case_1092/trace.log.gz
1093,case_1093/regr.log,case_1093/sim.log.gz,case_1093/trace.log.gz
1094,case_1094/regr.log,case_1094/sim.log.gz,case_1094/trace.log.gz
1095,case_1095/regr.log,case_1095/sim.log.gz,case_1095/trace.log.gz
1096,case_1096/regr.log,case_1096/sim.log.gz,case_1096/trace.log.gz
1097,case_1097/regr.log,case_1097/sim.log.gz,case_1097/trace.log.gz
1098,case_1098/regr.log,case_1098/sim.log.gz,case_1098/trace.log.gz
1099,case_1099/regr.log,case_1099/sim.log.gz,case_1099/trace.log.gz
1100,case_1100/regr.log,case_1100/sim.log.gz,case_1100/trace.log.gz
1101,case_1101/regr.log,case_1101/sim.log.gz,case_1101/trace.log.gz
1102,case_1102/regr.log,case_1102/sim.log.gz,case_1102/trace.log.gz
1103,case_1103/regr.log,case_1103/sim.log.gz,case_1103/trace.log.gz
1104,case_1104/regr.log,case_1104/sim.log.gz,case_1104/trace.log.gz
1105,case_1105/regr.log,case_1105/sim.log.gz,case_1105/trace.log.gz
1106,case_1106/regr.log,case_1106/sim.log.gz,case_1106/trace.log.gz
1107,case_1107/regr.log,case_1107/sim.log.gz,case_1107/trace.log.gz
1108,case_1108/regr.log,case_1108/sim.log.gz,case_1108/trace.log.gz
1109,case_1109/regr.log,case_1109/sim.log.gz,case_1109/trace.log.gz
1110,case_1110/regr.log,case_1110/sim.log.gz,case_1110/trace.log.gz
1111,case_1111/regr.log,case_1111/sim.log.gz,case_1111/trace.log.gz
1112,case_1112/regr.log,case_1112/sim.log.gz,case_1112/trace.log.gz
1113,case_1113/regr.log,case_1113/sim.log.gz,case_1113/trace.log.gz
1114,case_1114/regr.log,case_1114/sim.log.gz,case_1114/trace.log.gz
1115,case_1115/regr.log,case_1115/sim.log.gz,case_1115/trace.log.gz
1116,case_1116/regr.log,case_1116/sim.log.gz,case_1116/trace.log.gz
1117,case_1117/regr.log,case_1117/sim.log.gz,case_1117/trace.log.gz
1118,case_1118/regr.log,case_1118/sim.log.gz,case_1118/trace.log.gz
1119,case_1119/regr.log,case_1119/sim.log.gz,case_1119/trace.log.gz
1120,case_1120/regr.log,case_1120/sim.log.gz,case_1120/trace.log.gz
1121,case_1121/regr.log,case_1121/sim.log.gz,case_1121/trace.log.gz
1122,case_1122/regr.log,case_1122/sim.log.gz,case_1122/trace.log.gz
1123,case_1123/regr.log,case_1123/sim.log.gz,case_1123/trace.log.gz
1124,case_1124/regr.log,case_1124/sim.log.gz,case_1124/trace.log.gz
1125,case_1125/regr.log,case_1125/sim.log.gz,case_1125/trace.log.gz
1126,case_1126/regr.log,case_1126/sim.log.gz,case_1126/trace.log.gz
1127,case_1127/regr.log,case_1127/sim.log.gz,case_1127/trace.log.gz
1128,case_1128/regr.log,case_1128/sim.log.gz,case_1128/trace.log.gz
1129,case_1129/regr.log,case_1129/sim.log.gz,case_1129/trace.log.gz
1130,case_1130/regr.log,case_1130/sim.log.gz,case_1130/trace.log.gz
1131,case_1131/regr.log,case_1131/sim.log.gz,case_1131/trace.log.gz
1132,case_1132/regr.log,case_1132/sim.log.gz,case_1132/trace.log.gz
1133,case_1133/regr.log,case_1133/sim.log.gz,case_1133/trace.log.gz
1134,case_1134/regr.log,case_1134/sim.log.gz,case_1134/trace.log.gz
1135,case_1135/regr.log,case_1135/sim.log.gz,case_1135/trace.log.gz
1136,case_1136/regr.log,case_1136/sim.log.gz,case_1136/trace.log.gz
1137,case_1137/regr.log,case_1137/sim.log.gz,case_1137/trace.log.gz
1138,case_1138/regr.log,case_1138/sim.log.gz,case_1138/trace.log.gz
1139,case_1139/regr.log,case_1139/sim.log.gz,case_1139/trace.log.gz
1140,case_1140/regr.log,case_1140/sim.log.gz,case_1140/trace.log.gz
1141,case_1141/regr.log,case_1141/sim.log.gz,case_1141/trace.log.gz
1142,case_1142/regr.log,case_1142/sim.log.gz,case_1142/trace.log.gz
1143,case_1143/regr.log,case_1143/sim.log.gz,case_1143/trace.log.gz
1144,case_1144/regr.log,case_1144/sim.log.gz,case_1144/trace.log.gz
1145,case_1145/regr.log,case_1145/sim.log.gz,case_1145/trace.log.gz
1146,case_1146/regr.log,case_1146/sim.log.gz,case_1146/trace.log.gz
1147,case_1147/regr.log,case_1147/sim.log.gz,case_1147/trace.log.gz
1148,case_1148/regr.log,case_1148/sim.log.gz,case_1148/trace.log.gz
1149,case_1149/regr.log,case_1149/sim.log.gz,case_1149/trace.log.gz
1150,case_1150/regr.log,case_1150/sim.log.gz,case_1150/trace.log.gz
1151,case_1151/regr.log,case_1151/sim.log.gz,case_1151/trace.log.gz
1152,case_1152/regr.log,case_1152/sim.log.gz,case_1152/trace.log.gz
1153,case_1153/regr.log,case_1153/sim.log.gz,case_1153/trace.log.gz
1154,case_1154/regr.log,case_1154/sim.log.gz,case_1154/trace.log.gz
1155,case_1155/regr.log,case_1155/sim.log.gz,case_1155/trace.log.gz
1156,case_1156/regr.log,case_1156/sim.log.gz,case_1156/trace.log.gz
1157,case_1157/regr.log,case_1157/sim.log.gz,case_1157/trace.log.gz
1158,case_1158/regr.log,case_1158/sim.log.gz,case_1158/trace.log.gz
1159,case_1159/regr.log,case_1159/sim.log.gz,case_1159/trace.log.gz
1160,case_1160/regr.log,case_1160/sim.log.gz,case_1160/trace.log.gz
1161,case_1161/regr.log,case_1161/sim.log.gz,case_1161/trace.log.gz
1162,case_1162/regr.log,case_1162/sim.log.gz,case_1162/trace.log.gz
1163,case_1163/regr.log,case_1163/sim.log.gz,case_1163/trace.log.gz
1164,case_1164/regr.log,case_1164/sim.log.gz,case_1164/trace.log.gz
1165,case_1165/regr.log,case_1165/sim.log.gz,case_1165/trace.log.gz
1166,case_1166/regr.log,case_1166/sim.log.gz,case_1166/trace.log.gz
1167,case_1167/regr.log,case_1167/sim.log.gz,case_1167/trace.log.gz
1168,case_1168/regr.log,case_1168/sim.log.gz,case_1168/trace.log.gz
1169,case_1169/regr.log,case_1169/sim.log.gz,case_1169/trace.log.gz
1170,case_1170/regr.log,case_1170/sim.log.gz,case_1170/trace.log.gz
1171,case_1171/regr.log,case_1171/sim.log.gz,case_1171/trace.log.gz
1172,case_1172/regr.log,case_1172/sim.log.gz,case_1172/trace.log.gz
1173,case_1173/regr.log,case_1173/sim.log.gz,case_1173/trace.log.gz
1174,case_1174/regr.log,case_1174/sim.log.gz,case_1174/trace.log.gz
1175,case_1175/regr.log,case_1175/sim.log.gz,case_1175/trace.log.gz
1176,case_1176/regr.log,case_1176/sim.log.gz,case_1176/trace.log.gz
1177,case_1177/regr.log,case_1177/sim.log.gz,case_1177/trace.log.gz
1178,case_1178/regr.log,case_1178/sim.log.gz,case_1178/trace.log.gz
1179,case_1179/regr.log,case_1179/sim.log.gz,case_1179/trace.log.gz
1180,case_1180/regr.log,case_1180/sim.log.gz,case_1180/trace.log.gz
1181,case_1181/regr.log,case_1181/sim.log.gz,case_1181/trace.log.gz
1182,case_1182/regr.log,case_1182/sim.log.gz,case_1182/trace.log.gz
1183,case_1183/regr.log,case_1183/sim.log.gz,case_1183/trace.log.gz
1184,case_1184/regr.log,case_1184/sim.log.gz,case_1184/trace.log.gz
1185,case_1185/regr.log,case_1185/sim.log.gz,case_1185/trace.log.gz
1186,case_1186/regr.log,case_1186/sim.log.gz,case_1186/trace.log.gz
1187,case_1187/regr.log,case_1187/sim.log.gz,case_1187/trace.log.gz
1188,case_1188/regr.log,case_1188/sim.log.gz,case_1188/trace.log.gz
1189,case_1189/regr.log,case_1189/sim.log.gz,case_1189/trace.log.gz
1190,case_1190/regr.log,case_1190/sim.log.gz,case_1190/trace.log.gz
1191,case_1191/regr.log,case_1191/sim.log.gz,case_1191/trace.log.gz
1192,case_1192/regr.log,case_1192/sim.log.gz,case_1192/trace.log.gz
1193,case_1193/regr.log,case_1193/sim.log.gz,case_1193/trace.log.gz
1194,case_1194/regr.log,case_1194/sim.log.gz,case_1194/trace.log.gz
1195,case_1195/regr.log,case_1195/sim.log.gz,case_1195/trace.log.gz
1196,case_1196/regr.log,case_1196/sim.log.gz,case_1196/trace.log.gz
1197,case_1197/regr.log,case_1197/sim.log.gz,case_1197/trace.log.gz
1198,case_1198/regr.log,case_1198/sim.log.gz,case_1198/trace.log.gz
1199,case_1199/regr.log,case_1199/sim.log.gz,case_1199/trace.log.gz
1200,case_1200/regr.log,case_1200/sim.log.gz,case_1200/trace.log.gz
1201,case_1201/regr.log,case_1201/sim.log.gz,case_1201/trace.log.gz
1202,case_1202/regr.log,case_1202/sim.log.gz,case_1202/trace.log.gz
1203,case_1203/regr.log,case_1203/sim.log.gz,case_1203/trace.log.gz
1204,case_1204/regr.log,case_1204/sim.log.gz,case_1204/trace.log.gz
1205,case_1205/regr.log,case_1205/sim.log.gz,case_1205/trace.log.gz
1206,case_1206/regr.log,case_1206/sim.log.gz,case_1206/trace.log.gz
1207,case_1207/regr.log,case_1207/sim.log.gz,case_1207/trace.log.gz
1208,case_1208/regr.log,case_1208/sim.log.gz,case_1208/trace.log.gz
1209,case_1209/regr.log,case_1209/sim.log.gz,case_1209/trace.log.gz
1210,case_1210/regr.log,case_1210/sim.log.gz,case_1210/trace.log.gz
1211,case_1211/regr.log,case_1211/sim.log.gz,case_1211/trace.log.gz
1212,case_1212/regr.log,case_1212/sim.log.gz,case_1212/trace.log.gz
1213,case_1213/regr.log,case_1213/sim.log.gz,case_1213/trace.log.gz
1214,case_1214/regr.log,case_1214/sim.log.gz,case_1214/trace.log.gz
1215,case_1215/regr.log,case_1215/sim.log.gz,case_1215/trace.log.gz
1216,case_1216/regr.log,case_1216/sim.log.gz,case_1216/trace.log.gz
1217,case_1217/regr.log,case_1217/sim.log.gz,case_1217/trace.log.gz
1218,case_1218/regr.log,case_1218/sim.log.gz,case_1218/trace.log.gz
1219,case_1219/regr.log,case_1219/sim.log.gz,case_1219/trace.log.gz
1220,case_1220/regr.log,case_1220/sim.log.gz,case_1220/trace.log.gz
1221,case_1221/regr.log,case_1221/sim.log.gz,case_1221/trace.log.gz
1222,case_1222/regr.log,case_1222/sim.log.gz,case_1222/trace.log.gz
1223,case_1223/regr.log,case_1223/sim.log.gz,case_1223/trace.log.gz
1224,case_1224/regr.log,case_1224/sim.log.gz,case_1224/trace.log.gz
1225,case_1225/regr.log,case_1225/sim.log.gz,case_1225/trace.log.gz
1226,case_1226/regr.log,case_1226/sim.log.gz,case_1226/trace.log.gz
1227,case_1227/regr.log,case_1227/sim.log.gz,case_1227/trace.log.gz
1228,case_1228/regr.log,case_1228/sim.log.gz,case_1228/trace.log.gz
1229,case_1229/regr.log,case_1229/sim.log.gz,case_1229/trace.log.gz
1230,case_1230/regr.log,case_1230/sim.log.gz,case_1230/trace.log.gz
1231,case_1231/regr.log,case_1231/sim.log.gz,case_1231/trace.log.gz
1232,case_1232/regr.log,case_1232/sim.log.gz,case_1232/trace.log.gz
1233,case_1233/regr.log,case_1233/sim.log.gz,case_1233/trace.log.gz
1234,case_1234/regr.log,case_1234/sim.log.gz,case_1234/trace.log.gz
1235,case_1235/regr.log,case_1235/sim.log.gz,case_1235/trace.log.gz
1236,case_1236/regr.log,case_1236/sim.log.gz,case_1236/trace.log.gz
1237,case_1237/regr.log,case_1237/sim.log.gz,case_1237/trace.log.gz
1238,case_1238/regr.log,case_1238/sim.log.gz,case_1238/trace.log.gz
1239,case_1239/regr.log,case_1239/sim.log.gz,case_1239/trace.log.gz
1240,case_1240/regr.log,case_1240/sim.log.gz,case_1240/trace.log.gz
1241,case_1241/regr.log,case_1241/sim.log.gz,case_1241/trace.log.gz
1242,case_1242/regr.log,case_1242/sim.log.gz,case_1242/trace.log.gz
1243,case_1243/regr.log,case_1243/sim.log.gz,case_1243/trace.log.gz
1244,case_1244/regr.log,case_1244/sim.log.gz,case_1244/trace.log.gz
1245,case_1245/regr.log,case_1245/sim.log.gz,case_1245/trace.log.gz
1246,case_1246/regr.log,case_1246/sim.log.gz,case_1246/trace.log.gz
1247,case_1247/regr.log,case_1247/sim.log.gz,case_1247/trace.log.gz
1248,case_1248/regr.log,case_1248/sim.log.gz,case_1248/trace.log.gz
1249,case_1249/regr.log,case_1249/sim.log.gz,case_1249/trace.log.gz
1250,case_1250/regr.log,case_1250/sim.log.gz,case_1250/trace.log.gz
1251,case_1251/regr.log,case_1251/sim.log.gz,case_1251/trace.log.gz
1252,case_1252/regr.log,case_1252/sim.log.gz,case_1252/trace.log.gz
1253,case_1253/regr.log,case_1253/sim.log.gz,case_1253/trace.log.gz
1254,case_1254/regr.log,case_1254/sim.log.gz,case_1254/trace.log.gz
1255,case_1255/regr.log,case_1255/sim.log.gz,case_1255/trace.log.gz
1256,case_1256/regr.log,case_1256/sim.log.gz,case_1256/trace.log.gz
1257,case_1257/regr.log,case_1257/sim.log.gz,case_1257/trace.log.gz
1258,case_1258/regr.log,case_1258/sim.log.gz,case_1258/trace.log.gz
1259,case_1259/regr.log,case_1259/sim.log.gz,case_1259/trace.log.gz
1260,case_1260/regr.log,case_1260/sim.log.gz,case_1260/trace.log.gz
1261,case_1261/regr.log,case_1261/sim.log.gz,case_1261/trace.log.gz
1262,case_1262/regr.log,case_1262/sim.log.gz,case_1262/trace.log.gz
1263,case_1263/regr.log,case_1263/sim.log.gz,case_1263/trace.log.gz
1264,case_1264/regr.log,case_1264/sim.log.gz,case_1264/trace.log.gz
1265,case_1265/regr.log,case_1265/sim.log.gz,case_1265/trace.log.gz
1266,case_1266/regr.log,case_1266/sim.log.gz,case_1266/trace.log.gz
1267,case_1267/regr.log,case_1267/sim.log.gz,case_1267/trace.log.gz
1268,case_1268/regr.log,case_1268/sim.log.gz,case_1268/trace.log.gz
1269,case_1269/regr.log,case_1269/sim.log.gz,case_1269/trace.log.gz
1270,case_1270/regr.log,case_1270/sim.log.gz,case_1270/trace.log.gz
1271,case_1271/regr.log,case_1271/sim.log.gz,case_1271/trace.log.gz
1272,case_1272/regr.log,case_1272/sim.log.gz,case_1272/trace.log.gz
1273,case_1273/regr.log,case_1273/sim.log.gz,case_1273/trace.log.gz
1274,case_1274/regr.log,case_1274/sim.log.gz,case_1274/trace.log.gz
1275,case_1275/regr.log,case_1275/sim.log.gz,case_1275/trace.log.gz
1276,case_1276/regr.log,case_1276/sim.log.gz,case_1276/trace.log.gz
1277,case_1277/regr.log,case_1277/sim.log.gz,case_1277/trace.log.gz
1278,case_1278/regr.log,case_1278/sim.log.gz,case_1278/trace.log.gz
1279,case_1279/regr.log,case_1279/sim.log.gz,case_1279/trace.log.gz
1280,case_1280/regr.log,case_1280/sim.log.gz,case_1280/trace.log.gz
1281,case_1281/regr.log,case_1281/sim.log.gz,case_1281/trace.log.gz
1282,case_1282/regr.log,case_1282/sim.log.gz,case_1282/trace.log.gz
1283,case_1283/regr.log,case_1283/sim.log.gz,case_1283/trace.log.gz
1284,case_1284/regr.log,case_1284/sim.log.gz,case_1284/trace.log.gz
1285,case_1285/regr.log,case_1285/sim.log.gz,case_1285/trace.log.gz
1286,case_1286/regr.log,case_1286/sim.log.gz,case_1286/trace.log.gz
1287,case_1287/regr.log,case_1287/sim.log.gz,case_1287/trace.log.gz
1288,case_1288/regr.log,case_1288/sim.log.gz,case_1288/trace.log.gz
1289,case_1289/regr.log,case_1289/sim.log.gz,case_1289/trace.log.gz
1290,case_1290/regr.log,case_1290/sim.log.gz,case_1290/trace.log.gz
1291,case_1291/regr.log,case_1291/sim.log.gz,case_1291/trace.log.gz
1292,case_1292/regr.log,case_1292/sim.log.gz,case_1292/trace.log.gz
1293,case_1293/regr.log,case_1293/sim.log.gz,case_1293/trace.log.gz
1294,case_1294/regr.log,case_1294/sim.log.gz,case_1294/trace.log.gz
1295,case_1295/regr.log,case_1295/sim.log.gz,case_1295/trace.log.gz
1296,case_1296/regr.log,case_1296/sim.log.gz,case_1296/trace.log.gz
1297,case_1297/regr.log,case_1297/sim.log.gz,case_1297/trace.log.gz
1298,case_1298/regr.log,case_1298/sim.log.gz,case_1298/trace.log.gz
1299,case_1299/regr.log,case_1299/sim.log.gz,case_1299/trace.log.gz
1300,case_1300/regr.log,case_1300/sim.log.gz,case_1300/trace.log.gz
1301,case_1301/regr.log,case_1301/sim.log.gz,case_1301/trace.log.gz
1302,case_1302/regr.log,case_1302/sim.log.gz,case_1302/trace.log.gz
1303,case_1303/regr.log,case_1303/sim.log.gz,case_1303/trace.log.gz
1304,case_1304/regr.log,case_1304/sim.log.gz,case_1304/trace.log.gz
1305,case_1305/regr.log,case_1305/sim.log.gz,case_1305/trace.log.gz
1306,case_1306/regr.log,case_1306/sim.log.gz,case_1306/trace.log.gz
1307,case_1307/regr.log,case_1307/sim.log.gz,case_1307/trace.log.gz
1308,case_1308/regr.log,case_1308/sim.log.gz,case_1308/trace.log.gz
1309,case_1309/regr.log,case_1309/sim.log.gz,case_1309/trace.log.gz
1310,case_1310/regr.log,case_1310/sim.log.gz,case_1310/trace.log.gz
1311,case_1311/regr.log,case_1311/sim.log.gz,case_1311/trace.log.gz
1312,case_1312/regr.log,case_1312/sim.log.gz,case_1312/trace.log.gz
1313,case_1313/regr.log,case_1313/sim.log.gz,case_1313/trace.log.gz
1314,case_1314/regr.log,case_1314/sim.log.gz,case_1314/trace.log.gz
1315,case_1315/regr.log,case_1315/sim.log.gz,case_1315/trace.log.gz
1316,case_1316/regr.log,case_1316/sim.log.gz,case_1316/trace.log.gz
1317,case_1317/regr.log,case_1317/sim.log.gz,case_1317/trace.log.gz
1318,case_1318/regr.log,case_1318/sim.log.gz,case_1318/trace.log.gz
1319,case_1319/regr.log,case_1319/sim.log.gz,case_1319/trace.log.gz
1320,case_1320/regr.log,case_1320/sim.log.gz,case_1320/trace.log.gz
1321,case_1321/regr.log,case_1321/sim.log.gz,case_1321/trace.log.gz
1322,case_1322/regr.log,case_1322/sim.log.gz,case_1322/trace.log.gz
1323,case_1323/regr.log,case_1323/sim.log.gz,case_1323/trace.log.gz
1324,case_1324/regr.log,case_1324/sim.log.gz,case_1324/trace.log.gz
1325,case_1325/regr.log,case_1325/sim.log.gz,case_1325/trace.log.gz
1326,case_1326/regr.log,case_1326/sim.log.gz,case_1326/trace.log.gz
1327,case_1327/regr.log,case_1327/sim.log.gz,case_1327/trace.log.gz
1328,case_1328/regr.log,case_1328/sim.log.gz,case_1328/trace.log.gz
1329,case_1329/regr.log,case_1329/sim.log.gz,case_1329/trace.log.gz
1330,case_1330/regr.log,case_1330/sim.log.gz,case_1330/trace.log.gz
1331,case_1331/regr.log,case_1331/sim.log.gz,case_1331/trace.log.gz
1332,case_1332/regr.log,case_1332/sim.log.gz,case_1332/trace.log.gz
1333,case_1333/regr.log,case_1333/sim.log.gz,case_1333/trace.log.gz
1334,case_1334/regr.log,case_1334/sim.log.gz,case_1334/trace.log.gz
1335,case_1335/regr.log,case_1335/sim.log.gz,case_1335/trace.log.gz
1336,case_1336/regr.log,case_1336/sim.log.gz,case_1336/trace.log.gz
1337,case_1337/regr.log,case_1337/sim.log.gz,case_1337/trace.log.gz
1338,case_1338/regr.log,case_1338/sim.log.gz,case_1338/trace.log.gz
1339,case_1339/regr.log,case_1339/sim.log.gz,case_1339/trace.log.gz
1340,case_1340/regr.log,case_1340/sim.log.gz,case_1340/trace.log.gz
1341,case_1341/regr.log,case_1341/sim.log.gz,case_1341/trace.log.gz
1342,case_1342/regr.log,case_1342/sim.log.gz,case_1342/trace.log.gz
1343,case_1343/regr.log,case_1343/sim.log.gz,case_1343/trace.log.gz
1344,case_1344/regr.log,case_1344/sim.log.gz,case_1344/trace.log.gz
1345,case_1345/regr.log,case_1345/sim.log.gz,case_1345/trace.log.gz
1346,case_1346/regr.log,case_1346/sim.log.gz,case_1346/trace.log.gz
1347,case_1347/regr.log,case_1347/sim.log.gz,case_1347/trace.log.gz
1348,case_1348/regr.log,case_1348/sim.log.gz,case_1348/trace.log.gz
1349,case_1349/regr.log,case_1349/sim.log.gz,case_1349/trace.log.gz
1350,case_1350/regr.log,case_1350/sim.log.gz,case_1350/trace.log.gz
1351,case_1351/regr.log,case_1351/sim.log.gz,case_1351/trace.log.gz
1352,case_1352/regr.log,case_1352/sim.log.gz,case_1352/trace.log.gz
1353,case_1353/regr.log,case_1353/sim.log.gz,case_1353/trace.log.gz
1354,case_1354/regr.log,case_1354/sim.log.gz,case_1354/trace.log.gz
1355,case_1355/regr.log,case_1355/sim.log.gz,case_1355/trace.log.gz
1356,case_1356/regr.log,case_1356/sim.log.gz,case_1356/trace.log.gz
1357,case_1357/regr.log,case_1357/sim.log.gz,case_1357/trace.log.gz
1358,case_1358/regr.log,case_1358/sim.log.gz,case_1358/trace.log.gz
1359,case_1359/regr.log,case_1359/sim.log.gz,case_1359/trace.log.gz
1360,case_1360/regr.log,case_1360/sim.log.gz,case_1360/trace.log.gz
1361,case_1361/regr.log,case_1361/sim.log.gz,case_1361/trace.log.gz
1362,case_1362/regr.log,case_1362/sim.log.gz,case_1362/trace.log.gz
1363,case_1363/regr.log,case_1363/sim.log.gz,case_1363/trace.log.gz
1364,case_1364/regr.log,case_1364/sim.log.gz,case_1364/trace.log.gz
1365,case_1365/regr.log,case_1365/sim.log.gz,case_1365/trace.log.gz
1366,case_1366/regr.log,case_1366/sim.log.gz,case_1366/trace.log.gz
1367,case_1367/regr.log,case_1367/sim.log.gz,case_1367/trace.log.gz
1368,case_1368/regr.log,case_1368/sim.log.gz,case_1368/trace.log.gz
1369,case_1369/regr.log,case_1369/sim.log.gz,case_1369/trace.log.gz
1370,case_1370/regr.log,case_1370/sim.log.gz,case_1370/trace.log.gz
1371,case_1371/regr.log,case_1371/sim.log.gz,case_1371/trace.log.gz
1372,case_1372/regr.log,case_1372/sim.log.gz,case_1372/trace.log.gz
1373,case_1373/regr.log,case_1373/sim.log.gz,case_1373/trace.log.gz
1374,case_1374/regr.log,case_1374/sim.log.gz,case_1374/trace.log.gz
1375,case_1375/regr.log,case_1375/sim.log.gz,case_1375/trace.log.gz
1376,case_1376/regr.log,case_1376/sim.log.gz,case_1376/trace.log.gz
1377,case_1377/regr.log,case_1377/sim.log.gz,case_1377/trace.log.gz
1378,case_1378/regr.log,case_1378/sim.log.gz,case_1378/trace.log.gz
1379,case_1379/regr.log,case_1379/sim.log.gz,case_1379/trace.log.gz
1380,case_1380/regr.log,case_1380/sim.log.gz,case_1380/trace.log.gz
1381,case_1381/regr.log,case_1381/sim.log.gz,case_1381/trace.log.gz
1382,case_1382/regr.log,case_1382/sim.log.gz,case_1382/trace.log.gz
1383,case_1383/regr.log,case_1383/sim.log.gz,case_1383/trace.log.gz
1384,case_1384/regr.log,case_1384/sim.log.gz,case_1384/trace.log.gz
1385,case_1385/regr.log,case_1385/sim.log.gz,case_1385/trace.log.gz
1386,case_1386/regr.log,case_1386/sim.log.gz,case_1386/trace.log.gz
1387,case_1387/regr.log,case_1387/sim.log.gz,case_1387/trace.log.gz
1388,case_1388/regr.log,case_1388/sim.log.gz,case_1388/trace.log.gz
1389,case_1389/regr.log,case_1389/sim.log.gz,case_1389/trace.log.gz
1390,case_1390/regr.log,case_1390/sim.log.gz,case_1390/trace.log.gz
1391,case_1391/regr.log,case_1391/sim.log.gz,case_1391/trace.log.gz
1392,case_1392/regr.log,case_1392/sim.log.gz,case_1392/trace.log.gz
1393,case_1393/regr.log,case_1393/sim.log.gz,case_1393/trace.log.gz
1394,case_1394/regr.log,case_1394/sim.log.gz,case_1394/trace.log.gz
1395,case_1395/regr.log,case_1395/sim.log.gz,case_1395/trace.log.gz
1396,case_1396/regr.log,case_1396/sim.log.gz,case_1396/trace.log.gz
1397,case_1397/regr.log,case_1397/sim.log.gz,case_1397/trace.log.gz
1398,case_1398/regr.log,case_1398/sim.log.gz,case_1398/trace.log.gz
1399,case_1399/regr.log,case_1399/sim.log.gz,case_1399/trace.log.gz
1400,case_1400/regr.log,case_1400/sim.log.gz,case_1400/trace.log.gz
1401,case_1401/regr.log,case_1401/sim.log.gz,case_1401/trace.log.gz
1402,case_1402/regr.log,case_1402/sim.log.gz,case_1402/trace.log.gz
1403,case_1403/regr.log,case_1403/sim.log.gz,case_1403/trace.log.gz
1404,case_1404/regr.log,case_1404/sim.log.gz,case_1404/trace.log.gz
1405,case_1405/regr.log,case_1405/sim.log.gz,case_1405/trace.log.gz
1406,case_1406/regr.log,case_1406/sim.log.gz,case_1406/trace.log.gz
1407,case_1407/regr.log,case_1407/sim.log.gz,case_1407/trace.log.gz
1408,case_1408/regr.log,case_1408/sim.log.gz,case_1408/trace.log.gz
1409,case_1409/regr.log,case_1409/sim.log.gz,case_1409/trace.log.gz
1410,case_1410/regr.log,case_1410/sim.log.gz,case_1410/trace.log.gz
1411,case_1411/regr.log,case_1411/sim.log.gz,case_1411/trace.log.gz
1412,case_1412/regr.log,case_1412/sim.log.gz,case_1412/trace.log.gz
1413,case_1413/regr.log,case_1413/sim.log.gz,case_1413/trace.log.gz
1414,case_1414/regr.log,case_1414/sim.log.gz,case_1414/trace.log.gz
1415,case_1415/regr.log,case_1415/sim.log.gz,case_1415/trace.log.gz
1416,case_1416/regr.log,case_1416/sim.log.gz,case_1416/trace.log.gz
1417,case_1417/regr.log,case_1417/sim.log.gz,case_1417/trace.log.gz
1418,case_1418/regr.log,case_1418/sim.log.gz,case_1418/trace.log.gz
1419,case_1419/regr.log,case_1419/sim.log.gz,case_1419/trace.log.gz
1420,case_1420/regr.log,case_1420/sim.log.gz,case_1420/trace.log.gz
1421,case_1421/regr.log,case_1421/sim.log.gz,case_1421/trace.log.gz
1422,case_1422/regr.log,case_1422/sim.log.gz,case_1422/trace.log.gz
1423,case_1423/regr.log,case_1423/sim.log.gz,case_1423/trace.log.gz
1424,case_1424/regr.log,case_1424/sim.log.gz,case_1424/trace.log.gz
1425,case_1425/regr.log,case_1425/sim.log.gz,case_1425/trace.log.gz
1426,case_1426/regr.log,case_1426/sim.log.gz,case_1426/trace.log.gz
1427,case_1427/regr.log,case_1427/sim.log.gz,case_1427/trace.log.gz
1428,case_1428/regr.log,case_1428/sim.log.gz,case_1428/trace.log.gz
1429,case_1429/regr.log,case_1429/sim.log.gz,case_1429/trace.log.gz
1430,case_1430/regr.log,case_1430/sim.log.gz,case_1430/trace.log.gz
1431,case_1431/regr.log,case_1431/sim.log.gz,case_1431/trace.log.gz
1432,case_1432/regr.log,case_1432/sim.log.gz,case_1432/trace.log.gz
1433,case_1433/regr.log,case_1433/sim.log.gz,case_1433/trace.log.gz
1434,case_1434/regr.log,case_1434/sim.log.gz,case_1434/trace.log.gz
1435,case_1435/regr.log,case_1435/sim.log.gz,case_1435/trace.log.gz
1436,case_1436/regr.log,case_1436/sim.log.gz,case_1436/trace.log.gz
1437,case_1437/regr.log,case_1437/sim.log.gz,case_1437/trace.log.gz
1438,case_1438/regr.log,case_1438/sim.log.gz,case_1438/trace.log.gz
1439,case_1439/regr.log,case_1439/sim.log.gz,case_1439/trace.log.gz
1440,case_1440/regr.log,case_1440/sim.log.gz,case_1440/trace.log.gz
1441,case_1441/regr.log,case_1441/sim.log.gz,case_1441/trace.log.gz
1442,case_1442/regr.log,case_1442/sim.log.gz,case_1442/trace.log.gz
1443,case_1443/regr.log,case_1443/sim.log.gz,case_1443/trace.log.gz
1444,case_1444/regr.log,case_1444/sim.log.gz,case_1444/trace.log.gz
1445,case_1445/regr.log,case_1445/sim.log.gz,case_1445/trace.log.gz
1446,case_1446/regr.log,case_1446/sim.log.gz,case_1446/trace.log.gz
1447,case_1447/regr.log,case_1447/sim.log.gz,case_1447/trace.log.gz
1448,case_1448/regr.log,case_1448/sim.log.gz,case_1448/trace.log.gz
1449,case_1449/regr.log,case_1449/sim.log.gz,case_1449/trace.log.gz
1450,case_1450/regr.log,case_1450/sim.log.gz,case_1450/trace.log.gz
1451,case_1451/regr.log,case_1451/sim.log.gz,case_1451/trace.log.gz
1452,case_1452/regr.log,case_1452/sim.log.gz,case_1452/trace.log.gz
1453,case_1453/regr.log,case_1453/sim.log.gz,case_1453/trace.log.gz
1454,case_1454/regr.log,case_1454/sim.log.gz,case_1454/trace.log.gz
1455,case_1455/regr.log,case_1455/sim.log.gz,case_1455/trace.log.gz
1456,case_1456/regr.log,case_1456/sim.log.gz,case_1456/trace.log.gz
1457,case_1457/regr.log,case_1457/sim.log.gz,case_1457/trace.log.gz
1458,case_1458/regr.log,case_1458/sim.log.gz,case_1458/trace.log.gz
1459,case_1459/regr.log,case_1459/sim.log.gz,case_1459/trace.log.gz
1460,case_1460/regr.log,case_1460/sim.log.gz,case_1460/trace.log.gz
1461,case_1461/regr.log,case_1461/sim.log.gz,case_1461/trace.log.gz
1462,case_1462/regr.log,case_1462/sim.log.gz,case_1462/trace.log.gz
1463,case_1463/regr.log,case_1463/sim.log.gz,case_1463/trace.log.gz
1464,case_1464/regr.log,case_1464/sim.log.gz,case_1464/trace.log.gz
1465,case_1465/regr.log,case_1465/sim.log.gz,case_1465/trace.log.gz
1466,case_1466/regr.log,case_1466/sim.log.gz,case_1466/trace.log.gz
1467,case_1467/regr.log,case_1467/sim.log.gz,case_1467/trace.log.gz
1468,case_1468/regr.log,case_1468/sim.log.gz,case_1468/trace.log.gz
1469,case_1469/regr.log,case_1469/sim.log.gz,case_1469/trace.log.gz
1470,case_1470/regr.log,case_1470/sim.log.gz,case_1470/trace.log.gz
1471,case_1471/regr.log,case_1471/sim.log.gz,case_1471/trace.log.gz
1472,case_1472/regr.log,case_1472/sim.log.gz,case_1472/trace.log.gz
1473,case_1473/regr.log,case_1473/sim.log.gz,case_1473/trace.log.gz
1474,case_1474/regr.log,case_1474/sim.log.gz,case_1474/trace.log.gz
1475,case_1475/regr.log,case_1475/sim.log.gz,case_1475/trace.log.gz
1476,case_1476/regr.log,case_1476/sim.log.gz,case_1476/trace.log.gz
1477,case_1477/regr.log,case_1477/sim.log.gz,case_1477/trace.log.gz
1478,case_1478/regr.log,case_1478/sim.log.gz,case_1478/trace.log.gz
1479,case_1479/regr.log,case_1479/sim.log.gz,case_1479/trace.log.gz
1480,case_1480/regr.log,case_1480/sim.log.gz,case_1480/trace.log.gz
1481,case_1481/regr.log,case_1481/sim.log.gz,case_1481/trace.log.gz
1482,case_1482/regr.log,case_1482/sim.log.gz,case_1482/trace.log.gz
1483,case_1483/regr.log,case_1483/sim.log.gz,case_1483/trace.log.gz
1484,case_1484/regr.log,case_1484/sim.log.gz,case_1484/trace.log.gz
1485,case_1485/regr.log,case_1485/sim.log.gz,case_1485/trace.log.gz
1486,case_1486/regr.log,case_1486/sim.log.gz,case_1486/trace.log.gz
1487,case_1487/regr.log,case_1487/sim.log.gz,case_1487/trace.log.gz
1488,case_1488/regr.log,case_1488/sim.log.gz,case_1488/trace.log.gz
1489,case_1489/regr.log,case_1489/sim.log.gz,case_1489/trace.log.gz
1490,case_1490/regr.log,case_1490/sim.log.gz,case_1490/trace.log.gz
1491,case_1491/regr.log,case_1491/sim.log.gz,case_1491/trace.log.gz
1492,case_1492/regr.log,case_1492/sim.log.gz,case_1492/trace.log.gz
1493,case_1493/regr.log,case_1493/sim.log.gz,case_1493/trace.log.gz
1494,case_1494/regr.log,case_1494/sim.log.gz,case_1494/trace.log.gz
1495,case_1495/regr.log,case_1495/sim.log.gz,case_1495/trace.log.gz
1496,case_1496/regr.log,case_1496/sim.log.gz,case_1496/trace.log.gz
1497,case_1497/regr.log,case_1497/sim.log.gz,case_1497/trace.log.gz
1498,case_1498/regr.log,case_1498/sim.log.gz,case_1498/trace.log.gz
1499,case_1499/regr.log,case_1499/sim.log.gz,case_1499/trace.log.gz
1500,case_1500/regr.log,case_1500/sim.log.gz,case_1500/trace.log.gz
1501,case_1501/regr.log,case_1501/sim.log.gz,case_1501/trace.log.gz
1502,case_1502/regr.log,case_1502/sim.log.gz,case_1502/trace.log.gz
1503,case_1503/regr.log,case_1503/sim.log.gz,case_1503/trace.log.gz
1504,case_1504/regr.log,case_1504/sim.log.gz,case_1504/trace.log.gz
1505,case_1505/regr.log,case_1505/sim.log.gz,case_1505/trace.log.gz
1506,case_1506/regr.log,case_1506/sim.log.gz,case_1506/trace.log.gz
1507,case_1507/regr.log,case_1507/sim.log.gz,case_1507/trace.log.gz
1508,case_1508/regr.log,case_1508/sim.log.gz,case_1508/trace.log.gz
1509,case_1509/regr.log,case_1509/sim.log.gz,case_1509/trace.log.gz
1510,case_1510/regr.log,case_1510/sim.log.gz,case_1510/trace.log.gz
1511,case_1511/regr.log,case_1511/sim.log.gz,case_1511/trace.log.gz
1512,case_1512/regr.log,case_1512/sim.log.gz,case_1512/trace.log.gz
1513,case_1513/regr.log,case_1513/sim.log.gz,case_1513/trace.log.gz
1514,case_1514/regr.log,case_1514/sim.log.gz,case_1514/trace.log.gz
1515,case_1515/regr.log,case_1515/sim.log.gz,case_1515/trace.log.gz
1516,case_1516/regr.log,case_1516/sim.log.gz,case_1516/trace.log.gz
1517,case_1517/regr.log,case_1517/sim.log.gz,case_1517/trace.log.gz
1518,case_1518/regr.log,case_1518/sim.log.gz,case_1518/trace.log.gz
1519,case_1519/regr.log,case_1519/sim.log.gz,case_1519/trace.log.gz
1520,case_1520/regr.log,case_1520/sim.log.gz,case_1520/trace.log.gz
1521,case_1521/regr.log,case_1521/sim.log.gz,case_1521/trace.log.gz
1522,case_1522/regr.log,case_1522/sim.log.gz,case_1522/trace.log.gz
1523,case_1523/regr.log,case_1523/sim.log.gz,case_1523/trace.log.gz
1524,case_1524/regr.log,case_1524/sim.log.gz,case_1524/trace.log.gz
1525,case_1525/regr.log,case_1525/sim.log.gz,case_1525/trace.log.gz
1526,case_1526/regr.log,case_1526/sim.log.gz,case_1526/trace.log.gz
1527,case_1527/regr.log,case_1527/sim.log.gz,case_1527/trace.log.gz
1528,case_1528/regr.log,case_1528/sim.log.gz,case_1528/trace.log.gz
1529,case_1529/regr.log,case_1529/sim.log.gz,case_1529/trace.log.gz
1530,case_1530/regr.log,case_1530/sim.log.gz,case_1530/trace.log.gz
1531,case_1531/regr.log,case_1531/sim.log.gz,case_1531/trace.log.gz
1532,case_1532/regr.log,case_1532/sim.log.gz,case_1532/trace.log.gz
1533,case_1533/regr.log,case_1533/sim.log.gz,case_1533/trace.log.gz
1534,case_1534/regr.log,case_1534/sim.log.gz,case_1534/trace.log.gz
1535,case_1535/regr.log,case_1535/sim.log.gz,case_1535/trace.log.gz
1536,case_1536/regr.log,case_1536/sim.log.gz,case_1536/trace.log.gz
1537,case_1537/regr.log,case_1537/sim.log.gz,case_1537/trace.log.gz
1538,case_1538/regr.log,case_1538/sim.log.gz,case_1538/trace.log.gz
1539,case_1539/regr.log,case_1539/sim.log.gz,case_1539/trace.log.gz
1540,case_1540/regr.log,case_1540/sim.log.gz,case_1540/trace.log.gz
1541,case_1541/regr.log,case_1541/sim.log.gz,case_1541/trace.log.gz
1542,case_1542/regr.log,case_1542/sim.log.gz,case_1542/trace.log.gz
1543,case_1543/regr.log,case_1543/sim.log.gz,case_1543/trace.log.gz
1544,case_1544/regr.log,case_1544/sim.log.gz,case_1544/trace.log.gz
1545,case_1545/regr.log,case_1545/sim.log.gz,case_1545/trace.log.gz
1546,case_1546/regr.log,case_1546/sim.log.gz,case_1546/trace.log.gz
1547,case_1547/regr.log,case_1547/sim.log.gz,case_1547/trace.log.gz
1548,case_1548/regr.log,case_1548/sim.log.gz,case_1548/trace.log.gz
1549,case_1549/regr.log,case_1549/sim.log.gz,case_1549/trace.log.gz
1550,case_1550/regr.log,case_1550/sim.log.gz,case_1550/trace.log.gz
1551,case_1551/regr.log,case_1551/sim.log.gz,case_1551/trace.log.gz
1552,case_1552/regr.log,case_1552/sim.log.gz,case_1552/trace.log.gz
1553,case_1553/regr.log,case_1553/sim.log.gz,case_1553/trace.log.gz
1554,case_1554/regr.log,case_1554/sim.log.gz,case_1554/trace.log.gz
1555,case_1555/regr.log,case_1555/sim.log.gz,case_1555/trace.log.gz
1556,case_1556/regr.log,case_1556/sim.log.gz,case_1556/trace.log.gz
1557,case_1557/regr.log,case_1557/sim.log.gz,case_1557/trace.log.gz
1558,case_1558/regr.log,case_1558/sim.log.gz,case_1558/trace.log.gz
1559,case_1559/regr.log,case_1559/sim.log.gz,case_1559/trace.log.gz
1560,case_1560/regr.log,case_1560/sim.log.gz,case_1560/trace.log.gz
1561,case_1561/regr.log,case_1561/sim.log.gz,case_1561/trace.log.gz
1562,case_1562/regr.log,case_1562/sim.log.gz,case_1562/trace.log.gz
1563,case_1563/regr.log,case_1563/sim.log.gz,case_1563/trace.log.gz
1564,case_1564/regr.log,case_1564/sim.log.gz,case_1564/trace.log.gz
1565,case_1565/regr.log,case_1565/sim.log.gz,case_1565/trace.log.gz
1566,case_1566/regr.log,case_1566/sim.log.gz,case_1566/trace.log.gz
1567,case_1567/regr.log,case_1567/sim.log.gz,case_1567/trace.log.gz
1568,case_1568/regr.log,case_1568/sim.log.gz,case_1568/trace.log.gz
1569,case_1569/regr.log,case_1569/sim.log.gz,case_1569/trace.log.gz
1570,case_1570/regr.log,case_1570/sim.log.gz,case_1570/trace.log.gz
1571,case_1571/regr.log,case_1571/sim.log.gz,case_1571/trace.log.gz
1572,case_1572/regr.log,case_1572/sim.log.gz,case_1572/trace.log.gz
1573,case_1573/regr.log,case_1573/sim.log.gz,case_1573/trace.log.gz
1574,case_1574/regr.log,case_1574/sim.log.gz,case_1574/trace.log.gz
1575,case_1575/regr.log,case_1575/sim.log.gz,case_1575/trace.log.gz
1576,case_1576/regr.log,case_1576/sim.log.gz,case_1576/trace.log.gz
1577,case_1577/regr.log,case_1577/sim.log.gz,case_1577/trace.log.gz
1578,case_1578/regr.log,case_1578/sim.log.gz,case_1578/trace.log.gz
1579,case_1579/regr.log,case_1579/sim.log.gz,case_1579/trace.log.gz
1580,case_1580/regr.log,case_1580/sim.log.gz,case_1580/trace.log.gz
1581,case_1581/regr.log,case_1581/sim.log.gz,case_1581/trace.log.gz
1582,case_1582/regr.log,case_1582/sim.log.gz,case_1582/trace.log.gz
1583,case_1583/regr.log,case_1583/sim.log.gz,case_1583/trace.log.gz
1584,case_1584/regr.log,case_1584/sim.log.gz,case_1584/trace.log.gz
1585,case_1585/regr.log,case_1585/sim.log.gz,case_1585/trace.log.gz
1586,case_1586/regr.log,case_1586/sim.log.gz,case_1586/trace.log.gz
1587,case_1587/regr.log,case_1587/sim.log.gz,case_1587/trace.log.gz
1588,case_1588/regr.log,case_1588/sim.log.gz,case_1588/trace.log.gz
1589,case_1589/regr.log,case_1589/sim.log.gz,case_1589/trace.log.gz
1590,case_1590/regr.log,case_1590/sim.log.gz,case_1590/trace.log.gz
1591,case_1591/regr.log,case_1591/sim.log.gz,case_1591/trace.log.gz
1592,case_1592/regr.log,case_1592/sim.log.gz,case_1592/trace.log.gz
1593,case_1593/regr.log,case_1593/sim.log.gz,case_1593/trace.log.gz
1594,case_1594/regr.log,case_1594/sim.log.gz,case_1594/trace.log.gz
1595,case_1595/regr.log,case_1595/sim.log.gz,case_1595/trace.log.gz
1596,case_1596/regr.log,case_1596/sim.log.gz,case_1596/trace.log.gz
1597,case_1597/regr.log,case_1597/sim.log.gz,case_1597/trace.log.gz
1598,case_1598/regr.log,case_1598/sim.log.gz,case_1598/trace.log.gz
1599,case_1599/regr.log,case_1599/sim.log.gz,case_1599/trace.log.gz
1600,case_1600/regr.log,case_1600/sim.log.gz,case_1600/trace.log.gz
1601,case_1601/regr.log,case_1601/sim.log.gz,case_1601/trace.log.gz
1602,case_1602/regr.log,case_1602/sim.log.gz,case_1602/trace.log.gz
1603,case_1603/regr.log,case_1603/sim.log.gz,case_1603/trace.log.gz
1604,case_1604/regr.log,case_1604/sim.log.gz,case_1604/trace.log.gz
1605,case_1605/regr.log,case_1605/sim.log.gz,case_1605/trace.log.gz
1606,case_1606/regr.log,case_1606/sim.log.gz,case_1606/trace.log.gz
1607,case_1607/regr.log,case_1607/sim.log.gz,case_1607/trace.log.gz
1608,case_1608/regr.log,case_1608/sim.log.gz,case_1608/trace.log.gz
1609,case_1609/regr.log,case_1609/sim.log.gz,case_1609/trace.log.gz
1610,case_1610/regr.log,case_1610/sim.log.gz,case_1610/trace.log.gz
1611,case_1611/regr.log,case_1611/sim.log.gz,case_1611/trace.log.gz
1612,case_1612/regr.log,case_1612/sim.log.gz,case_1612/trace.log.gz
1613,case_1613/regr.log,case_1613/sim.log.gz,case_1613/trace.log.gz
1614,case_1614/regr.log,case_1614/sim.log.gz,case_1614/trace.log.gz
1615,case_1615/regr.log,case_1615/sim.log.gz,case_1615/trace.log.gz
1616,case_1616/regr.log,case_1616/sim.log.gz,case_1616/trace.log.gz
1617,case_1617/regr.log,case_1617/sim.log.gz,case_1617/trace.log.gz
1618,case_1618/regr.log,case_1618/sim.log.gz,case_1618/trace.log.gz
1619,case_1619/regr.log,case_1619/sim.log.gz,case_1619/trace.log.gz
1620,case_1620/regr.log,case_1620/sim.log.gz,case_1620/trace.log.gz
1621,case_1621/regr.log,case_1621/sim.log.gz,case_1621/trace.log.gz
1622,case_1622/regr.log,case_1622/sim.log.gz,case_1622/trace.log.gz
1623,case_1623/regr.log,case_1623/sim.log.gz,case_1623/trace.log.gz
1624,case_1624/regr.log,case_1624/sim.log.gz,case_1624/trace.log.gz
1625,case_1625/regr.log,case_1625/sim.log.gz,case_1625/trace.log.gz
1626,case_1626/regr.log,case_1626/sim.log.gz,case_1626/trace.log.gz
1627,case_1627/regr.log,case_1627/sim.log.gz,case_1627/trace.log.gz
1628,case_1628/regr.log,case_1628/sim.log.gz,case_1628/trace.log.gz
1629,case_1629/regr.log,case_1629/sim.log.gz,case_1629/trace.log.gz
1630,case_1630/regr.log,case_1630/sim.log.gz,case_1630/trace.log.gz
1631,case_1631/regr.log,case_1631/sim.log.gz,case_1631/trace.log.gz
1632,case_1632/regr.log,case_1632/sim.log.gz,case_1632/trace.log.gz
1633,case_1633/regr.log,case_1633/sim.log.gz,case_1633/trace.log.gz
1634,case_1634/regr.log,case_1634/sim.log.gz,case_1634/trace.log.gz
1635,case_1635/regr.log,case_1635/sim.log.gz,case_1635/trace.log.gz
1636,case_1636/regr.log,case_1636/sim.log.gz,case_1636/trace.log.gz
1637,case_1637/regr.log,case_1637/sim.log.gz,case_1637/trace.log.gz
1638,case_1638/regr.log,case_1638/sim.log.gz,case_1638/trace.log.gz
1639,case_1639/regr.log,case_1639/sim.log.gz,case_1639/trace.log.gz
1640,case_1640/regr.log,case_1640/sim.log.gz,case_1640/trace.log.gz
1641,case_1641/regr.log,case_1641/sim.log.gz,case_1641/trace.log.gz
1642,case_1642/regr.log,case_1642/sim.log.gz,case_1642/trace.log.gz
1643,case_1643/regr.log,case_1643/sim.log.gz,case_1643/trace.log.gz
1644,case_1644/regr.log,case_1644/sim.log.gz,case_1644/trace.log.gz
1645,case_1645/regr.log,case_1645/sim.log.gz,case_1645/trace.log.gz
1646,case_1646/regr.log,case_1646/sim.log.gz,case_1646/trace.log.gz
1647,case_1647/regr.log,case_1647/sim.log.gz,case_1647/trace.log.gz
1648,case_1648/regr.log,case_1648/sim.log.gz,case_1648/trace.log.gz
1649,case_1649/regr.log,case_1649/sim.log.gz,case_1649/trace.log.gz
1650,case_1650/regr.log,case_1650/sim.log.gz,case_1650/trace.log.gz
1651,case_1651/regr.log,case_1651/sim.log.gz,case_1651/trace.log.gz
1652,case_1652/regr.log,case_1652/sim.log.gz,case_1652/trace.log.gz
1653,case_1653/regr.log,case_1653/sim.log.gz,case_1653/trace.log.gz
1654,case_1654/regr.log,case_1654/sim.log.gz,case_1654/trace.log.gz
1655,case_1655/regr.log,case_1655/sim.log.gz,case_1655/trace.log.gz
1656,case_1656/regr.log,case_1656/sim.log.gz,case_1656/trace.log.gz
1657,case_1657/regr.log,case_1657/sim.log.gz,case_1657/trace.log.gz
1658,case_1658/regr.log,case_1658/sim.log.gz,case_1658/trace.log.gz
1659,case_1659/regr.log,case_1659/sim.log.gz,case_1659/trace.log.gz
1660,case_1660/regr.log,case_1660/sim.log.gz,case_1660/trace.log.gz
1661,case_1661/regr.log,case_1661/sim.log.gz,case_1661/trace.log.gz
1662,case_1662/regr.log,case_1662/sim.log.gz,case_1662/trace.log.gz
1663,case_1663/regr.log,case_1663/sim.log.gz,case_1663/trace.log.gz
1664,case_1664/regr.log,case_1664/sim.log.gz,case_1664/trace.log.gz
1665,case_1665/regr.log,case_1665/sim.log.gz,case_1665/trace.log.gz
1666,case_1666/regr.log,case_1666/sim.log.gz,case_1666/trace.log.gz
1667,case_1667/regr.log,case_1667/sim.log.gz,case_1667/trace.log.gz
1668,case_1668/regr.log,case_1668/sim.log.gz,case_1668/trace.log.gz
1669,case_1669/regr.log,case_1669/sim.log.gz,case_1669/trace.log.gz
1670,case_1670/regr.log,case_1670/sim.log.gz,case_1670/trace.log.gz
1671,case_1671/regr.log,case_1671/sim.log.gz,case_1671/trace.log.gz
1672,case_1672/regr.log,case_1672/sim.log.gz,case_1672/trace.log.gz
1673,case_1673/regr.log,case_1673/sim.log.gz,case_1673/trace.log.gz
1674,case_1674/regr.log,case_1674/sim.log.gz,case_1674/trace.log.gz
1675,case_1675/regr.log,case_1675/sim.log.gz,case_1675/trace.log.gz
1676,case_1676/regr.log,case_1676/sim.log.gz,case_1676/trace.log.gz
1677,case_1677/regr.log,case_1677/sim.log.gz,case_1677/trace.log.gz
1678,case_1678/regr.log,case_1678/sim.log.gz,case_1678/trace.log.gz
1679,case_1679/regr.log,case_1679/sim.log.gz,case_1679/trace.log.gz
1680,case_1680/regr.log,case_1680/sim.log.gz,case_1680/trace.log.gz
1681,case_1681/regr.log,case_1681/sim.log.gz,case_1681/trace.log.gz
1682,case_1682/regr.log,case_1682/sim.log.gz,case_1682/trace.log.gz
1683,case_1683/regr.log,case_1683/sim.log.gz,case_1683/trace.log.gz
1684,case_1684/regr.log,case_1684/sim.log.gz,case_1684/trace.log.gz
1685,case_1685/regr.log,case_1685/sim.log.gz,case_1685/trace.log.gz
1686,case_1686/regr.log,case_1686/sim.log.gz,case_1686/trace.log.gz
1687,case_1687/regr.log,case_1687/sim.log.gz,case_1687/trace.log.gz
1688,case_1688/regr.log,case_1688/sim.log.gz,case_1688/trace.log.gz
1689,case_1689/regr.log,case_1689/sim.log.gz,case_1689/trace.log.gz
1690,case_1690/regr.log,case_1690/sim.log.gz,case_1690/trace.log.gz
1691,case_1691/regr.log,case_1691/sim.log.gz,case_1691/trace.log.gz
1692,case_1692/regr.log,case_1692/sim.log.gz,case_1692/trace.log.gz
1693,case_1693/regr.log,case_1693/sim.log.gz,case_1693/trace.log.gz
1694,case_1694/regr.log,case_1694/sim.log.gz,case_1694/trace.log.gz
1695,case_1695/regr.log,case_1695/sim.log.gz,case_1695/trace.log.gz
1696,case_1696/regr.log,case_1696/sim.log.gz,case_1696/trace.log.gz
1697,case_1697/regr.log,case_1697/sim.log.gz,case_1697/trace.log.gz
1698,case_1698/regr.log,case_1698/sim.log.gz,case_1698/trace.log.gz
1699,case_1699/regr.log,case_1699/sim.log.gz,case_1699/trace.log.gz
1700,case_1700/regr.log,case_1700/sim.log.gz,case_1700/trace.log.gz
1701,case_1701/regr.log,case_1701/sim.log.gz,case_1701/trace.log.gz
1702,case_1702/regr.log,case_1702/sim.log.gz,case_1702/trace.log.gz
1703,case_1703/regr.log,case_1703/sim.log.gz,case_1703/trace.log.gz
1704,case_1704/regr.log,case_1704/sim.log.gz,case_1704/trace.log.gz
1705,case_1705/regr.log,case_1705/sim.log.gz,case_1705/trace.log.gz
1706,case_1706/regr.log,case_1706/sim.log.gz,case_1706/trace.log.gz
1707,case_1707/regr.log,case_1707/sim.log.gz,case_1707/trace.log.gz
1708,case_1708/regr.log,case_1708/sim.log.gz,case_1708/trace.log.gz
1709,case_1709/regr.log,case_1709/sim.log.gz,case_1709/trace.log.gz
1710,case_1710/regr.log,case_1710/sim.log.gz,case_1710/trace.log.gz
1711,case_1711/regr.log,case_1711/sim.log.gz,case_1711/trace.log.gz
1712,case_1712/regr.log,case_1712/sim.log.gz,case_1712/trace.log.gz
1713,case_1713/regr.log,case_1713/sim.log.gz,case_1713/trace.log.gz
1714,case_1714/regr.log,case_1714/sim.log.gz,case_1714/trace.log.gz
1715,case_1715/regr.log,case_1715/sim.log.gz,case_1715/trace.log.gz
1716,case_1716/regr.log,case_1716/sim.log.gz,case_1716/trace.log.gz
1717,case_1717/regr.log,case_1717/sim.log.gz,case_1717/trace.log.gz
1718,case_1718/regr.log,case_1718/sim.log.gz,case_1718/trace.log.gz
1719,case_1719/regr.log,case_1719/sim.log.gz,case_1719/trace.log.gz
1720,case_1720/regr.log,case_1720/sim.log.gz,case_1720/trace.log.gz
1721,case_1721/regr.log,case_1721/sim.log.gz,case_1721/trace.log.gz
1722,case_1722/regr.log,case_1722/sim.log.gz,case_1722/trace.log.gz
1723,case_1723/regr.log,case_1723/sim.log.gz,case_1723/trace.log.gz
1724,case_1724/regr.log,case_1724/sim.log.gz,case_1724/trace.log.gz
1725,case_1725/regr.log,case_1725/sim.log.gz,case_1725/trace.log.gz
1726,case_1726/regr.log,case_1726/sim.log.gz,case_1726/trace.log.gz
1727,case_1727/regr.log,case_1727/sim.log.gz,case_1727/trace.log.gz
1728,case_1728/regr.log,case_1728/sim.log.gz,case_1728/trace.log.gz
1729,case_1729/regr.log,case_1729/sim.log.gz,case_1729/trace.log.gz
1730,case_1730/regr.log,case_1730/sim.log.gz,case_1730/trace.log.gz
1731,case_1731/regr.log,case_1731/sim.log.gz,case_1731/trace.log.gz
1732,case_1732/regr.log,case_1732/sim.log.gz,case_1732/trace.log.gz
1733,case_1733/regr.log,case_1733/sim.log.gz,case_1733/trace.log.gz
1734,case_1734/regr.log,case_1734/sim.log.gz,case_1734/trace.log.gz
1735,case_1735/regr.log,case_1735/sim.log.gz,case_1735/trace.log.gz
1736,case_1736/regr.log,case_1736/sim.log.gz,case_1736/trace.log.gz
1737,case_1737/regr.log,case_1737/sim.log.gz,case_1737/trace.log.gz
1738,case_1738/regr.log,case_1738/sim.log.gz,case_1738/trace.log.gz
1739,case_1739/regr.log,case_1739/sim.log.gz,case_1739/trace.log.gz
1740,case_1740/regr.log,case_1740/sim.log.gz,case_1740/trace.log.gz
1741,case_1741/regr.log,case_1741/sim.log.gz,case_1741/trace.log.gz
1742,case_1742/regr.log,case_1742/sim.log.gz,case_1742/trace.log.gz
1743,case_1743/regr.log,case_1743/sim.log.gz,case_1743/trace.log.gz
1744,case_1744/regr.log,case_1744/sim.log.gz,case_1744/trace.log.gz
1745,case_1745/regr.log,case_1745/sim.log.gz,case_1745/trace.log.gz
1746,case_1746/regr.log,case_1746/sim.log.gz,case_1746/trace.log.gz
1747,case_1747/regr.log,case_1747/sim.log.gz,case_1747/trace.log.gz
1748,case_1748/regr.log,case_1748/sim.log.gz,case_1748/trace.log.gz
1749,case_1749/regr.log,case_1749/sim.log.gz,case_1749/trace.log.gz
1750,case_1750/regr.log,case_1750/sim.log.gz,case_1750/trace.log.gz
1751,case_1751/regr.log,case_1751/sim.log.gz,case_1751/trace.log.gz
1752,case_1752/regr.log,case_1752/sim.log.gz,case_1752/trace.log.gz
1753,case_1753/regr.log,case_1753/sim.log.gz,case_1753/trace.log.gz
1754,case_1754/regr.log,case_1754/sim.log.gz,case_1754/trace.log.gz
1755,case_1755/regr.log,case_1755/sim.log.gz,case_1755/trace.log.gz
1756,case_1756/regr.log,case_1756/sim.log.gz,case_1756/trace.log.gz
1757,case_1757/regr.log,case_1757/sim.log.gz,case_1757/trace.log.gz
1758,case_1758/regr.log,case_1758/sim.log.gz,case_1758/trace.log.gz
1759,case_1759/regr.log,case_1759/sim.log.gz,case_1759/trace.log.gz
1760,case_1760/regr.log,case_1760/sim.log.gz,case_1760/trace.log.gz
1761,case_1761/regr.log,case_1761/sim.log.gz,case_1761/trace.log.gz
1762,case_1762/regr.log,case_1762/sim.log.gz,case_1762/trace.log.gz
1763,case_1763/regr.log,case_1763/sim.log.gz,case_1763/trace.log.gz
1764,case_1764/regr.log,case_1764/sim.log.gz,case_1764/trace.log.gz
1765,case_1765/regr.log,case_1765/sim.log.gz,case_1765/trace.log.gz
1766,case_1766/regr.log,case_1766/sim.log.gz,case_1766/trace.log.gz
1767,case_1767/regr.log,case_1767/sim.log.gz,case_1767/trace.log.gz
1768,case_1768/regr.log,case_1768/sim.log.gz,case_1768/trace.log.gz
1769,case_1769/regr.log,case_1769/sim.log.gz,case_1769/trace.log.gz
1770,case_1770/regr.log,case_1770/sim.log.gz,case_1770/trace.log.gz
1771,case_1771/regr.log,case_1771/sim.log.gz,case_1771/trace.log.gz
1772,case_1772/regr.log,case_1772/sim.log.gz,case_1772/trace.log.gz
1773,case_1773/regr.log,case_1773/sim.log.gz,case_1773/trace.log.gz
1774,case_1774/regr.log,case_1774/sim.log.gz,case_1774/trace.log.gz
1775,case_1775/regr.log,case_1775/sim.log.gz,case_1775/trace.log.gz
1776,case_1776/regr.log,case_1776/sim.log.gz,case_1776/trace.log.gz
1777,case_1777/regr.log,case_1777/sim.log.gz,case_1777/trace.log.gz
1778,case_1778/regr.log,case_1778/sim.log.gz,case_1778/trace.log.gz
1779,case_1779/regr.log,case_1779/sim.log.gz,case_1779/trace.log.gz
1780,case_1780/regr.log,case_1780/sim.log.gz,case_1780/trace.log.gz
1781,case_1781/regr.log,case_1781/sim.log.gz,case_1781/trace.log.gz
1782,case_1782/regr.log,case_1782/sim.log.gz,case_1782/trace.log.gz
1783,case_1783/regr.log,case_1783/sim.log.gz,case_1783/trace.log.gz
1784,case_1784/regr.log,case_1784/sim.log.gz,case_1784/trace.log.gz
1785,case_1785/regr.log,case_1785/sim.log.gz,case_1785/trace.log.gz
1786,case_1786/regr.log,case_1786/sim.log.gz,case_1786/trace.log.gz
1787,case_1787/regr.log,case_1787/sim.log.gz,case_1787/trace.log.gz
1788,case_1788/regr.log,case_1788/sim.log.gz,case_1788/trace.log.gz
1789,case_1789/regr.log,case_1789/sim.log.gz,case_1789/trace.log.gz
1790,case_1790/regr.log,case_1790/sim.log.gz,case_1790/trace.log.gz
1791,case_1791/regr.log,case_1791/sim.log.gz,case_1791/trace.log.gz
1792,case_1792/regr.log,case_1792/sim.log.gz,case_1792/trace.log.gz
1793,case_1793/regr.log,case_1793/sim.log.gz,case_1793/trace.log.gz
1794,case_1794/regr.log,case_1794/sim.log.gz,case_1794/trace.log.gz
1795,case_1795/regr.log,case_1795/sim.log.gz,case_1795/trace.log.gz
1796,case_1796/regr.log,case_1796/sim.log.gz,case_1796/trace.log.gz
1797,case_1797/regr.log,case_1797/sim.log.gz,case_1797/trace.log.gz
1798,case_1798/regr.log,case_1798/sim.log.gz,case_1798/trace.log.gz
1799,case_1799/regr.log,case_1799/sim.log.gz,case_1799/trace.log.gz
1800,case_1800/regr.log,case_1800/sim.log.gz,case_1800/trace.log.gz
1801,case_1801/regr.log,case_1801/sim.log.gz,case_1801/trace.log.gz
1802,case_1802/regr.log,case_1802/sim.log.gz,case_1802/trace.log.gz
1803,case_1803/regr.log,case_1803/sim.log.gz,case_1803/trace.log.gz
1804,case_1804/regr.log,case_1804/sim.log.gz,case_1804/trace.log.gz
1805,case_1805/regr.log,case_1805/sim.log.gz,case_1805/trace.log.gz
1806,case_1806/regr.log,case_1806/sim.log.gz,case_1806/trace.log.gz
1807,case_1807/regr.log,case_1807/sim.log.gz,case_1807/trace.log.gz
1808,case_1808/regr.log,case_1808/sim.log.gz,case_1808/trace.log.gz
1809,case_1809/regr.log,case_1809/sim.log.gz,case_1809/trace.log.gz
1810,case_1810/regr.log,case_1810/sim.log.gz,case_1810/trace.log.gz
1811,case_1811/regr.log,case_1811/sim.log.gz,case_1811/trace.log.gz
1812,case_1812/regr.log,case_1812/sim.log.gz,case_1812/trace.log.gz
1813,case_1813/regr.log,case_1813/sim.log.gz,case_1813/trace.log.gz
1814,case_1814/regr.log,case_1814/sim.log.gz,case_1814/trace.log.gz
1815,case_1815/regr.log,case_1815/sim.log.gz,case_1815/trace.log.gz
1816,case_1816/regr.log,case_1816/sim.log.gz,case_1816/trace.log.gz
1817,case_1817/regr.log,case_1817/sim.log.gz,case_1817/trace.log.gz
1818,case_1818/regr.log,case_1818/sim.log.gz,case_1818/trace.log.gz
1819,case_1819/regr.log,case_1819/sim.log.gz,case_1819/trace.log.gz
1820,case_1820/regr.log,case_1820/sim.log.gz,case_1820/trace.log.gz
1821,case_1821/regr.log,case_1821/sim.log.gz,case_1821/trace.log.gz
1822,case_1822/regr.log,case_1822/sim.log.gz,case_1822/trace.log.gz
1823,case_1823/regr.log,case_1823/sim.log.gz,case_1823/trace.log.gz
1824,case_1824/regr.log,case_1824/sim.log.gz,case_1824/trace.log.gz
1825,case_1825/regr.log,case_1825/sim.log.gz,case_1825/trace.log.gz
1826,case_1826/regr.log,case_1826/sim.log.gz,case_1826/trace.log.gz
1827,case_1827/regr.log,case_1827/sim.log.gz,case_1827/trace.log.gz
1828,case_1828/regr.log,case_1828/sim.log.gz,case_1828/trace.log.gz
1829,case_1829/regr.log,case_1829/sim.log.gz,case_1829/trace.log.gz
1830,case_1830/regr.log,case_1830/sim.log.gz,case_1830/trace.log.gz
1831,case_1831/regr.log,case_1831/sim.log.gz,case_1831/trace.log.gz
1832,case_1832/regr.log,case_1832/sim.log.gz,case_1832/trace.log.gz
1833,case_1833/regr.log,case_1833/sim.log.gz,case_1833/trace.log.gz
1834,case_1834/regr.log,case_1834/sim.log.gz,case_1834/trace.log.gz
1835,case_1835/regr.log,case_1835/sim.log.gz,case_1835/trace.log.gz
1836,case_1836/regr.log,case_1836/sim.log.gz,case_1836/trace.log.gz
1837,case_1837/regr.log,case_1837/sim.log.gz,case_1837/trace.log.gz
1838,case_1838/regr.log,case_1838/sim.log.gz,case_1838/trace.log.gz
1839,case_1839/regr.log,case_1839/sim.log.gz,case_1839/trace.log.gz
1840,case_1840/regr.log,case_1840/sim.log.gz,case_1840/trace.log.gz
1841,case_1841/regr.log,case_1841/sim.log.gz,case_1841/trace.log.gz
1842,case_1842/regr.log,case_1842/sim.log.gz,case_1842/trace.log.gz
1843,case_1843/regr.log,case_1843/sim.log.gz,case_1843/trace.log.gz
1844,case_1844/regr.log,case_1844/sim.log.gz,case_1844/trace.log.gz
1845,case_1845/regr.log,case_1845/sim.log.gz,case_1845/trace.log.gz
1846,case_1846/regr.log,case_1846/sim.log.gz,case_1846/trace.log.gz
1847,case_1847/regr.log,case_1847/sim.log.gz,case_1847/trace.log.gz
1848,case_1848/regr.log,case_1848/sim.log.gz,case_1848/trace.log.gz
1849,case_1849/regr.log,case_1849/sim.log.gz,case_1849/trace.log.gz
1850,case_1850/regr.log,case_1850/sim.log.gz,case_1850/trace.log.gz
1851,case_1851/regr.log,case_1851/sim.log.gz,case_1851/trace.log.gz
1852,case_1852/regr.log,case_1852/sim.log.gz,case_1852/trace.log.gz
1853,case_1853/regr.log,case_1853/sim.log.gz,case_1853/trace.log.gz
1854,case_1854/regr.log,case_1854/sim.log.gz,case_1854/trace.log.gz
1855,case_1855/regr.log,case_1855/sim.log.gz,case_1855/trace.log.gz
1856,case_1856/regr.log,case_1856/sim.log.gz,case_1856/trace.log.gz
1857,case_1857/regr.log,case_1857/sim.log.gz,case_1857/trace.log.gz
1858,case_1858/regr.log,case_1858/sim.log.gz,case_1858/trace.log.gz
1859,case_1859/regr.log,case_1859/sim.log.gz,case_1859/trace.log.gz
1860,case_1860/regr.log,case_1860/sim.log.gz,case_1860/trace.log.gz
1861,case_1861/regr.log,case_1861/sim.log.gz,case_1861/trace.log.gz
1862,case_1862/regr.log,case_1862/sim.log.gz,case_1862/trace.log.gz
1863,case_1863/regr.log,case_1863/sim.log.gz,case_1863/trace.log.gz
1864,case_1864/regr.log,case_1864/sim.log.gz,case_1864/trace.log.gz
1865,case_1865/regr.log,case_1865/sim.log.gz,case_1865/trace.log.gz
1866,case_1866/regr.log,case_1866/sim.log.gz,case_1866/trace.log.gz
1867,case_1867/regr.log,case_1867/sim.log.gz,case_1867/trace.log.gz
1868,case_1868/regr.log,case_1868/sim.log.gz,case_1868/trace.log.gz
1869,case_1869/regr.log,case_1869/sim.log.gz,case_1869/trace.log.gz
1870,case_1870/regr.log,case_1870/sim.log.gz,case_1870/trace.log.gz
1871,case_1871/regr.log,case_1871/sim.log.gz,case_1871/trace.log.gz
1872,case_1872/regr.log,case_1872/sim.log.gz,case_1872/trace.log.gz
1873,case_1873/regr.log,case_1873/sim.log.gz,case_1873/trace.log.gz
1874,case_1874/regr.log,case_1874/sim.log.gz,case_1874/trace.log.gz
1875,case_1875/regr.log,case_1875/sim.log.gz,case_1875/trace.log.gz
1876,case_1876/regr.log,case_1876/sim.log.gz,case_1876/trace.log.gz
1877,case_1877/regr.log,case_1877/sim.log.gz,case_1877/trace.log.gz
1878,case_1878/regr.log,case_1878/sim.log.gz,case_1878/trace.log.gz
1879,case_1879/regr.log,case_1879/sim.log.gz,case_1879/trace.log.gz
1880,case_1880/regr.log,case_1880/sim.log.gz,case_1880/trace.log.gz
1881,case_1881/regr.log,case_1881/sim.log.gz,case_1881/trace.log.gz
1882,case_1882/regr.log,case_1882/sim.log.gz,case_1882/trace.log.gz
1883,case_1883/regr.log,case_1883/sim.log.gz,case_1883/trace.log.gz
1884,case_1884/regr.log,case_1884/sim.log.gz,case_1884/trace.log.gz
1885,case_1885/regr.log,case_1885/sim.log.gz,case_1885/trace.log.gz
1886,case_1886/regr.log,case_1886/sim.log.gz,case_1886/trace.log.gz
1887,case_1887/regr.log,case_1887/sim.log.gz,case_1887/trace.log.gz
1888,case_1888/regr.log,case_1888/sim.log.gz,case_1888/trace.log.gz
1889,case_1889/regr.log,case_1889/sim.log.gz,case_1889/trace.log.gz
1890,case_1890/regr.log,case_1890/sim.log.gz,case_1890/trace.log.gz
1891,case_1891/regr.log,case_1891/sim.log.gz,case_1891/trace.log.gz
1892,case_1892/regr.log,case_1892/sim.log.gz,case_1892/trace.log.gz
1893,case_1893/regr.log,case_1893/sim.log.gz,case_1893/trace.log.gz
1894,case_1894/regr.log,case_1894/sim.log.gz,case_1894/trace.log.gz
1895,case_1895/regr.log,case_1895/sim.log.gz,case_1895/trace.log.gz
1896,case_1896/regr.log,case_1896/sim.log.gz,case_1896/trace.log.gz
1897,case_1897/regr.log,case_1897/sim.log.gz,case_1897/trace.log.gz
1898,case_1898/regr.log,case_1898/sim.log.gz,case_1898/trace.log.gz
1899,case_1899/regr.log,case_1899/sim.log.gz,case_1899/trace.log.gz
1900,case_1900/regr.log,case_1900/sim.log.gz,case_1900/trace.log.gz
1901,case_1901/regr.log,case_1901/sim.log.gz,case_1901/trace.log.gz
1902,case_1902/regr.log,case_1902/sim.log.gz,case_1902/trace.log.gz
1903,case_1903/regr.log,case_1903/sim.log.gz,case_1903/trace.log.gz
1904,case_1904/regr.log,case_1904/sim.log.gz,case_1904/trace.log.gz
1905,case_1905/regr.log,case_1905/sim.log.gz,case_1905/trace.log.gz
1906,case_1906/regr.log,case_1906/sim.log.gz,case_1906/trace.log.gz
1907,case_1907/regr.log,case_1907/sim.log.gz,case_1907/trace.log.gz
1908,case_1908/regr.log,case_1908/sim.log.gz,case_1908/trace.log.gz
1909,case_1909/regr.log,case_1909/sim.log.gz,case_1909/trace.log.gz
1910,case_1910/regr.log,case_1910/sim.log.gz,case_1910/trace.log.gz
1911,case_1911/regr.log,case_1911/sim.log.gz,case_1911/trace.log.gz
1912,case_1912/regr.log,case_1912/sim.log.gz,case_1912/trace.log.gz
1913,case_1913/regr.log,case_1913/sim.log.gz,case_1913/trace.log.gz
1914,case_1914/regr.log,case_1914/sim.log.gz,case_1914/trace.log.gz
1915,case_1915/regr.log,case_1915/sim.log.gz,case_1915/trace.log.gz
1916,case_1916/regr.log,case_1916/sim.log.gz,case_1916/trace.log.gz
1917,case_1917/regr.log,case_1917/sim.log.gz,case_1917/trace.log.gz
1918,case_1918/regr.log,case_1918/sim.log.gz,case_1918/trace.log.gz
1919,case_1919/regr.log,case_1919/sim.log.gz,case_1919/trace.log.gz
1920,case_1920/regr.log,case_1920/sim.log.gz,case_1920/trace.log.gz
1921,case_1921/regr.log,case_1921/sim.log.gz,case_1921/trace.log.gz
1922,case_1922/regr.log,case_1922/sim.log.gz,case_1922/trace.log.gz
1923,case_1923/regr.log,case_1923/sim.log.gz,case_1923/trace.log.gz
1924,case_1924/regr.log,case_1924/sim.log.gz,case_1924/trace.log.gz
1925,case_1925/regr.log,case_1925/sim.log.gz,case_1925/trace.log.gz
1926,case_1926/regr.log,case_1926/sim.log.gz,case_1926/trace.log.gz
1927,case_1927/regr.log,case_1927/sim.log.gz,case_1927/trace.log.gz
1928,case_1928/regr.log,case_1928/sim.log.gz,case_1928/trace.log.gz
1929,case_1929/regr.log,case_1929/sim.log.gz,case_1929/trace.log.gz
1930,case_1930/regr.log,case_1930/sim.log.gz,case_1930/trace.log.gz
1931,case_1931/regr.log,case_1931/sim.log.gz,case_1931/trace.log.gz
1932,case_1932/regr.log,case_1932/sim.log.gz,case_1932/trace.log.gz
1933,case_1933/regr.log,case_1933/sim.log.gz,case_1933/trace.log.gz
1934,case_1934/regr.log,case_1934/sim.log.gz,case_1934/trace.log.gz
1935,case_1935/regr.log,case_1935/sim.log.gz,case_1935/trace.log.gz
1936,case_1936/regr.log,case_1936/sim.log.gz,case_1936/trace.log.gz
1937,case_1937/regr.log,case_1937/sim.log.gz,case_1937/trace.log.gz
1938,case_1938/regr.log,case_1938/sim.log.gz,case_1938/trace.log.gz
1939,case_1939/regr.log,case_1939/sim.log.gz,case_1939/trace.log.gz
1940,case_1940/regr.log,case_1940/sim.log.gz,case_1940/trace.log.gz
1941,case_1941/regr.log,case_1941/sim.log.gz,case_1941/trace.log.gz
1942,case_1942/regr.log,case_1942/sim.log.gz,case_1942/trace.log.gz
1943,case_1943/regr.log,case_1943/sim.log.gz,case_1943/trace.log.gz
1944,case_1944/regr.log,case_1944/sim.log.gz,case_1944/trace.log.gz
1945,case_1945/regr.log,case_1945/sim.log.gz,case_1945/trace.log.gz
1946,case_1946/regr.log,case_1946/sim.log.gz,case_1946/trace.log.gz
1947,case_1947/regr.log,case_1947/sim.log.gz,case_1947/trace.log.gz
1948,case_1948/regr.log,case_1948/sim.log.gz,case_1948/trace.log.gz
1949,case_1949/regr.log,case_1949/sim.log.gz,case_1949/trace.log.gz
1950,case_1950/regr.log,case_1950/sim.log.gz,case_1950/trace.log.gz
1951,case_1951/regr.log,case_1951/sim.log.gz,case_1951/trace.log.gz
1952,case_1952/regr.log,case_1952/sim.log.gz,case_1952/trace.log.gz
1953,case_1953/regr.log,case_1953/sim.log.gz,case_1953/trace.log.gz
1954,case_1954/regr.log,case_1954/sim.log.gz,case_1954/trace.log.gz
1955,case_1955/regr.log,case_1955/sim.log.gz,case_1955/trace.log.gz
1956,case_1956/regr.log,case_1956/sim.log.gz,case_1956/trace.log.gz
1957,case_1957/regr.log,case_1957/sim.log.gz,case_1957/trace.log.gz
1958,case_1958/regr.log,case_1958/sim.log.gz,case_1958/trace.log.gz
1959,case_1959/regr.log,case_1959/sim.log.gz,case_1959/trace.log.gz
1960,case_1960/regr.log,case_1960/sim.log.gz,case_1960/trace.log.gz
1961,case_1961/regr.log,case_1961/sim.log.gz,case_1961/trace.log.gz
1962,case_1962/regr.log,case_1962/sim.log.gz,case_1962/trace.log.gz
1963,case_1963/regr.log,case_1963/sim.log.gz,case_1963/trace.log.gz
1964,case_1964/regr.log,case_1964/sim.log.gz,case_1964/trace.log.gz
1965,case_1965/regr.log,case_1965/sim.log.gz,case_1965/trace.log.gz
1966,case_1966/regr.log,case_1966/sim.log.gz,case_1966/trace.log.gz
1967,case_1967/regr.log,case_1967/sim.log.gz,case_1967/trace.log.gz
1968,case_1968/regr.log,case_1968/sim.log.gz,case_1968/trace.log.gz
1969,case_1969/regr.log,case_1969/sim.log.gz,case_1969/trace.log.gz
1970,case_1970/regr.log,case_1970/sim.log.gz,case_1970/trace.log.gz
1971,case_1971/regr.log,case_1971/sim.log.gz,case_1971/trace.log.gz
1972,case_1972/regr.log,case_1972/sim.log.gz,case_1972/trace.log.gz
1973,case_1973/regr.log,case_1973/sim.log.gz,case_1973/trace.log.gz
1974,case_1974/regr.log,case_1974/sim.log.gz,case_1974/trace.log.gz
1975,case_1975/regr.log,case_1975/sim.log.gz,case_1975/trace.log.gz
1976,case_1976/regr.log,case_1976/sim.log.gz,case_1976/trace.log.gz
1977,case_1977/regr.log,case_1977/sim.log.gz,case_1977/trace.log.gz
1978,case_1978/regr.log,case_1978/sim.log.gz,case_1978/trace.log.gz
1979,case_1979/regr.log,case_1979/sim.log.gz,case_1979/trace.log.gz
1980,case_1980/regr.log,case_1980/sim.log.gz,case_1980/trace.log.gz
1981,case_1981/regr.log,case_1981/sim.log.gz,case_1981/trace.log.gz
1982,case_1982/regr.log,case_1982/sim.log.gz,case_1982/trace.log.gz
1983,case_1983/regr.log,case_1983/sim.log.gz,case_1983/trace.log.gz
1984,case_1984/regr.log,case_1984/sim.log.gz,case_1984/trace.log.gz
1985,case_1985/regr.log,case_1985/sim.log.gz,case_1985/trace.log.gz
1986,case_1986/regr.log,case_1986/sim.log.gz,case_1986/trace.log.gz
1987,case_1987/regr.log,case_1987/sim.log.gz,case_1987/trace.log.gz
1988,case_1988/regr.log,case_1988/sim.log.gz,case_1988/trace.log.gz
1989,case_1989/regr.log,case_1989/sim.log.gz,case_1989/trace.log.gz
1990,case_1990/regr.log,case_1990/sim.log.gz,case_1990/trace.log.gz
1991,case_1991/regr.log,case_1991/sim.log.gz,case_1991/trace.log.gz
1992,case_1992/regr.log,case_1992/sim.log.gz,case_1992/trace.log.gz
1993,case_1993/regr.log,case_1993/sim.log.gz,case_1993/trace.log.gz
1994,case_1994/regr.log,case_1994/sim.log.gz,case_1994/trace.log.gz
1995,case_1995/regr.log,case_1995/sim.log.gz,case_1995/trace.log.gz
1996,case_1996/regr.log,case_1996/sim.log.gz,case_1996/trace.log.gz
1997,case_1997/regr.log,case_1997/sim.log.gz,case_1997/trace.log.gz
1998,case_1998/regr.log,case_1998/sim.log.gz,case_1998/trace.log.gz
1999,case_1999/regr.log,case_1999/sim.log.gz,case_1999/trace.log.gz
2000,case_2000/regr.log,case_2000/sim.log.gz,case_2000/trace.log.gz
2001,case_2001/regr.log,case_2001/sim.log.gz,case_2001/trace.log.gz
2002,case_2002/regr.log,case_2002/sim.log.gz,case_2002/trace.log.gz
2003,case_2003/regr.log,case_2003/sim.log.gz,case_2003/trace.log.gz
2004,case_2004/regr.log,case_2004/sim.log.gz,case_2004/trace.log.gz
2005,case_2005/regr.log,case_2005/sim.log.gz,case_2005/trace.log.gz
2006,case_2006/regr.log,case_2006/sim.log.gz,case_2006/trace.log.gz
2007,case_2007/regr.log,case_2007/sim.log.gz,case_2007/trace.log.gz
2008,case_2008/regr.log,case_2008/sim.log.gz,case_2008/trace.log.gz
2009,case_2009/regr.log,case_2009/sim.log.gz,case_2009/trace.log.gz
2010,case_2010/regr.log,case_2010/sim.log.gz,case_2010/trace.log.gz
2011,case_2011/regr.log,case_2011/sim.log.gz,case_2011/trace.log.gz
2012,case_2012/regr.log,case_2012/sim.log.gz,case_2012/trace.log.gz
2013,case_2013/regr.log,case_2013/sim.log.gz,case_2013/trace.log.gz
2014,case_2014/regr.log,case_2014/sim.log.gz,case_2014/trace.log.gz
2015,case_2015/regr.log,case_2015/sim.log.gz,case_2015/trace.log.gz
2016,case_2016/regr.log,case_2016/sim.log.gz,case_2016/trace.log.gz
2017,case_2017/regr.log,case_2017/sim.log.gz,case_2017/trace.log.gz
2018,case_2018/regr.log,case_2018/sim.log.gz,case_2018/trace.log.gz
2019,case_2019/regr.log,case_2019/sim.log.gz,case_2019/trace.log.gz
2020,case_2020/regr.log,case_2020/sim.log.gz,case_2020/trace.log.gz
2021,case_2021/regr.log,case_2021/sim.log.gz,case_2021/trace.log.gz
2022,case_2022/regr.log,case_2022/sim.log.gz,case_2022/trace.log.gz
2023,case_2023/regr.log,case_2023/sim.log.gz,case_2023/trace.log.gz
2024,case_2024/regr.log,case_2024/sim.log.gz,case_2024/trace.log.gz
2025,case_2025/regr.log,case_2025/sim.log.gz,case_2025/trace.log.gz
2026,case_2026/regr.log,case_2026/sim.log.gz,case_2026/trace.log.gz
2027,case_2027/regr.log,case_2027/sim.log.gz,case_2027/trace.log.gz
2028,case_2028/regr.log,case_2028/sim.log.gz,case_2028/trace.log.gz
2029,case_2029/regr.log,case_2029/sim.log.gz,case_2029/trace.log.gz
2030,case_2030/regr.log,case_2030/sim.log.gz,case_2030/trace.log.gz
2031,case_2031/regr.log,case_2031/sim.log.gz,case_2031/trace.log.gz
2032,case_2032/regr.log,case_2032/sim.log.gz,case_2032/trace.log.gz
2033,case_2033/regr.log,case_2033/sim.log.gz,case_2033/trace.log.gz
2034,case_2034/regr.log,case_2034/sim.log.gz,case_2034/trace.log.gz
2035,case_2035/regr.log,case_2035/sim.log.gz,case_2035/trace.log.gz
2036,case_2036/regr.log,case_2036/sim.log.gz,case_2036/trace.log.gz
2037,case_2037/regr.log,case_2037/sim.log.gz,case_2037/trace.log.gz
2038,case_2038/regr.log,case_2038/sim.log.gz,case_2038/trace.log.gz
2039,case_2039/regr.log,case_2039/sim.log.gz,case_2039/trace.log.gz
2040,case_2040/regr.log,case_2040/sim.log.gz,case_2040/trace.log.gz
2041,case_2041/regr.log,case_2041/sim.log.gz,case_2041/trace.log.gz
2042,case_2042/regr.log,case_2042/sim.log.gz,case_2042/trace.log.gz
2043,case_2043/regr.log,case_2043/sim.log.gz,case_2043/trace.log.gz
2044,case_2044/regr.log,case_2044/sim.log.gz,case_2044/trace.log.gz
2045,case_2045/regr.log,case_2045/sim.log.gz,case_2045/trace.log.gz
2046,case_2046/regr.log,case_2046/sim.log.gz,case_2046/trace.log.gz
2047,case_2047/regr.log,case_2047/sim.log.gz,case_2047/trace.log.gz
2048,case_2048/regr.log,case_2048/sim.log.gz,case_2048/trace.log.gz
2049,case_2049/regr.log,case_2049/sim.log.gz,case_2049/trace.log.gz
2050,case_2050/regr.log,case_2050/sim.log.gz,case_2050/trace.log.gz
2051,case_2051/regr.log,case_2051/sim.log.gz,case_2051/trace.log.gz
2052,case_2052/regr.log,case_2052/sim.log.gz,case_2052/trace.log.gz
2053,case_2053/regr.log,case_2053/sim.log.gz,case_2053/trace.log.gz
2054,case_2054/regr.log,case_2054/sim.log.gz,case_2054/trace.log.gz
2055,case_2055/regr.log,case_2055/sim.log.gz,case_2055/trace.log.gz
2056,case_2056/regr.log,case_2056/sim.log.gz,case_2056/trace.log.gz
2057,case_2057/regr.log,case_2057/sim.log.gz,case_2057/trace.log.gz
2058,case_2058/regr.log,case_2058/sim.log.gz,case_2058/trace.log.gz
2059,case_2059/regr.log,case_2059/sim.log.gz,case_2059/trace.log.gz
2060,case_2060/regr.log,case_2060/sim.log.gz,case_2060/trace.log.gz
2061,case_2061/regr.log,case_2061/sim.log.gz,case_2061/trace.log.gz
2062,case_2062/regr.log,case_2062/sim.log.gz,case_2062/trace.log.gz
2063,case_2063/regr.log,case_2063/sim.log.gz,case_2063/trace.log.gz
2064,case_2064/regr.log,case_2064/sim.log.gz,case_2064/trace.log.gz
2065,case_2065/regr.log,case_2065/sim.log.gz,case_2065/trace.log.gz
2066,case_2066/regr.log,case_2066/sim.log.gz,case_2066/trace.log.gz
2067,case_2067/regr.log,case_2067/sim.log.gz,case_2067/trace.log.gz
2068,case_2068/regr.log,case_2068/sim.log.gz,case_2068/trace.log.gz
2069,case_2069/regr.log,case_2069/sim.log.gz,case_2069/trace.log.gz
2070,case_2070/regr.log,case_2070/sim.log.gz,case_2070/trace.log.gz
2071,case_2071/regr.log,case_2071/sim.log.gz,case_2071/trace.log.gz
2072,case_2072/regr.log,case_2072/sim.log.gz,case_2072/trace.log.gz
2073,case_2073/regr.log,case_2073/sim.log.gz,case_2073/trace.log.gz
2074,case_2074/regr.log,case_2074/sim.log.gz,case_2074/trace.log.gz
2075,case_2075/regr.log,case_2075/sim.log.gz,case_2075/trace.log.gz
2076,case_2076/regr.log,case_2076/sim.log.gz,case_2076/trace.log.gz
2077,case_2077/regr.log,case_2077/sim.log.gz,case_2077/trace.log.gz
2078,case_2078/regr.log,case_2078/sim.log.gz,case_2078/trace.log.gz
2079,case_2079/regr.log,case_2079/sim.log.gz,case_2079/trace.log.gz
2080,case_2080/regr.log,case_2080/sim.log.gz,case_2080/trace.log.gz
2081,case_2081/regr.log,case_2081/sim.log.gz,case_2081/trace.log.gz
2082,case_2082/regr.log,case_2082/sim.log.gz,case_2082/trace.log.gz
2083,case_2083/regr.log,case_2083/sim.log.gz,case_2083/trace.log.gz
2084,case_2084/regr.log,case_2084/sim.log.gz,case_2084/trace.log.gz
2085,case_2085/regr.log,case_2085/sim.log.gz,case_2085/trace.log.gz
2086,case_2086/regr.log,case_2086/sim.log.gz,case_2086/trace.log.gz
2087,case_2087/regr.log,case_2087/sim.log.gz,case_2087/trace.log.gz
2088,case_2088/regr.log,case_2088/sim.log.gz,case_2088/trace.log.gz
2089,case_2089/regr.log,case_2089/sim.log.gz,case_2089/trace.log.gz
2090,case_2090/regr.log,case_2090/sim.log.gz,case_2090/trace.log.gz
2091,case_2091/regr.log,case_2091/sim.log.gz,case_2091/trace.log.gz
2092,case_2092/regr.log,case_2092/sim.log.gz,case_2092/trace.log.gz
2093,case_2093/regr.log,case_2093/sim.log.gz,case_2093/trace.log.gz
2094,case_2094/regr.log,case_2094/sim.log.gz,case_2094/trace.log.gz
2095,case_2095/regr.log,case_2095/sim.log.gz,case_2095/trace.log.gz
2096,case_2096/regr.log,case_2096/sim.log.gz,case_2096/trace.log.gz
2097,case_2097/regr.log,case_2097/sim.log.gz,case_2097/trace.log.gz
2098,case_2098/regr.log,case_2098/sim.log.gz,case_2098/trace.log.gz
2099,case_2099/regr.log,case_2099/sim.log.gz,case_2099/trace.log.gz
2100,case_2100/regr.log,case_2100/sim.log.gz,case_2100/trace.log.gz
2101,case_2101/regr.log,case_2101/sim.log.gz,case_2101/trace.log.gz
2102,case_2102/regr.log,case_2102/sim.log.gz,case_2102/trace.log.gz
2103,case_2103/regr.log,case_2103/sim.log.gz,case_2103/trace.log.gz
2104,case_2104/regr.log,case_2104/sim.log.gz,case_2104/trace.log.gz
2105,case_2105/regr.log,case_2105/sim.log.gz,case_2105/trace.log.gz
2106,case_2106/regr.log,case_2106/sim.log.gz,case_2106/trace.log.gz
2107,case_2107/regr.log,case_2107/sim.log.gz,case_2107/trace.log.gz
2108,case_2108/regr.log,case_2108/sim.log.gz,case_2108/trace.log.gz
2109,case_2109/regr.log,case_2109/sim.log.gz,case_2109/trace.log.gz
2110,case_2110/regr.log,case_2110/sim.log.gz,case_2110/trace.log.gz
2111,case_2111/regr.log,case_2111/sim.log.gz,case_2111/trace.log.gz
2112,case_2112/regr.log,case_2112/sim.log.gz,case_2112/trace.log.gz
2113,case_2113/regr.log,case_2113/sim.log.gz,case_2113/trace.log.gz
2114,case_2114/regr.log,case_2114/sim.log.gz,case_2114/trace.log.gz
2115,case_2115/regr.log,case_2115/sim.log.gz,case_2115/trace.log.gz
2116,case_2116/regr.log,case_2116/sim.log.gz,case_2116/trace.log.gz
2117,case_2117/regr.log,case_2117/sim.log.gz,case_2117/trace.log.gz
2118,case_2118/regr.log,case_2118/sim.log.gz,case_2118/trace.log.gz
2119,case_2119/regr.log,case_2119/sim.log.gz,case_2119/trace.log.gz
2120,case_2120/regr.log,case_2120/sim.log.gz,case_2120/trace.log.gz
2121,case_2121/regr.log,case_2121/sim.log.gz,case_2121/trace.log.gz
2122,case_2122/regr.log,case_2122/sim.log.gz,case_2122/trace.log.gz
2123,case_2123/regr.log,case_2123/sim.log.gz,case_2123/trace.log.gz
2124,case_2124/regr.log,case_2124/sim.log.gz,case_2124/trace.log.gz
2125,case_2125/regr.log,case_2125/sim.log.gz,case_2125/trace.log.gz
2126,case_2126/regr.log,case_2126/sim.log.gz,case_2126/trace.log.gz
2127,case_2127/regr.log,case_2127/sim.log.gz,case_2127/trace.log.gz
2128,case_2128/regr.log,case_2128/sim.log.gz,case_2128/trace.log.gz
2129,case_2129/regr.log,case_2129/sim.log.gz,case_2129/trace.log.gz
2130,case_2130/regr.log,case_2130/sim.log.gz,case_2130/trace.log.gz
2131,case_2131/regr.log,case_2131/sim.log.gz,case_2131/trace.log.gz
2132,case_2132/regr.log,case_2132/sim.log.gz,case_2132/trace.log.gz
2133,case_2133/regr.log,case_2133/sim.log.gz,case_2133/trace.log.gz
2134,case_2134/regr.log,case_2134/sim.log.gz,case_2134/trace.log.gz
2135,case_2135/regr.log,case_2135/sim.log.gz,case_2135/trace.log.gz
2136,case_2136/regr.log,case_2136/sim.log.gz,case_2136/trace.log.gz
2137,case_2137/regr.log,case_2137/sim.log.gz,case_2137/trace.log.gz
2138,case_2138/regr.log,case_2138/sim.log.gz,case_2138/trace.log.gz
2139,case_2139/regr.log,case_2139/sim.log.gz,case_2139/trace.log.gz
2140,case_2140/regr.log,case_2140/sim.log.gz,case_2140/trace.log.gz
2141,case_2141/regr.log,case_2141/sim.log.gz,case_2141/trace.log.gz
2142,case_2142/regr.log,case_2142/sim.log.gz,case_2142/trace.log.gz
2143,case_2143/regr.log,case_2143/sim.log.gz,case_2143/trace.log.gz
2144,case_2144/regr.log,case_2144/sim.log.gz,case_2144/trace.log.gz
2145,case_2145/regr.log,case_2145/sim.log.gz,case_2145/trace.log.gz
2146,case_2146/regr.log,case_2146/sim.log.gz,case_2146/trace.log.gz
2147,case_2147/regr.log,case_2147/sim.log.gz,case_2147/trace.log.gz
2148,case_2148/regr.log,case_2148/sim.log.gz,case_2148/trace.log.gz
2149,case_2149/regr.log,case_2149/sim.log.gz,case_2149/trace.log.gz
2150,case_2150/regr.log,case_2150/sim.log.gz,case_2150/trace.log.gz
2151,case_2151/regr.log,case_2151/sim.log.gz,case_2151/trace.log.gz
2152,case_2152/regr.log,case_2152/sim.log.gz,case_2152/trace.log.gz
2153,case_2153/regr.log,case_2153/sim.log.gz,case_2153/trace.log.gz
2154,case_2154/regr.log,case_2154/sim.log.gz,case_2154/trace.log.gz
2155,case_2155/regr.log,case_2155/sim.log.gz,case_2155/trace.log.gz
2156,case_2156/regr.log,case_2156/sim.log.gz,case_2156/trace.log.gz
2157,case_2157/regr.log,case_2157/sim.log.gz,case_2157/trace.log.gz
2158,case_2158/regr.log,case_2158/sim.log.gz,case_2158/trace.log.gz
2159,case_2159/regr.log,case_2159/sim.log.gz,case_2159/trace.log.gz
2160,case_2160/regr.log,case_2160/sim.log.gz,case_2160/trace.log.gz
2161,case_2161/regr.log,case_2161/sim.log.gz,case_2161/trace.log.gz
2162,case_2162/regr.log,case_2162/sim.log.gz,case_2162/trace.log.gz
2163,case_2163/regr.log,case_2163/sim.log.gz,case_2163/trace.log.gz
2164,case_2164/regr.log,case_2164/sim.log.gz,case_2164/trace.log.gz
2165,case_2165/regr.log,case_2165/sim.log.gz,case_2165/trace.log.gz
2166,case_2166/regr.log,case_2166/sim.log.gz,case_2166/trace.log.gz
2167,case_2167/regr.log,case_2167/sim.log.gz,case_2167/trace.log.gz
2168,case_2168/regr.log,case_2168/sim.log.gz,case_2168/trace.log.gz
2169,case_2169/regr.log,case_2169/sim.log.gz,case_2169/trace.log.gz
2170,case_2170/regr.log,case_2170/sim.log.gz,case_2170/trace.log.gz
2171,case_2171/regr.log,case_2171/sim.log.gz,case_2171/trace.log.gz
2172,case_2172/regr.log,case_2172/sim.log.gz,case_2172/trace.log.gz
2173,case_2173/regr.log,case_2173/sim.log.gz,case_2173/trace.log.gz
2174,case_2174/regr.log,case_2174/sim.log.gz,case_2174/trace.log.gz
2175,case_2175/regr.log,case_2175/sim.log.gz,case_2175/trace.log.gz
2176,case_2176/regr.log,case_2176/sim.log.gz,case_2176/trace.log.gz
2177,case_2177/regr.log,case_2177/sim.log.gz,case_2177/trace.log.gz
2178,case_2178/regr.log,case_2178/sim.log.gz,case_2178/trace.log.gz
2179,case_2179/regr.log,case_2179/sim.log.gz,case_2179/trace.log.gz
2180,case_2180/regr.log,case_2180/sim.log.gz,case_2180/trace.log.gz
2181,case_2181/regr.log,case_2181/sim.log.gz,case_2181/trace.log.gz
2182,case_2182/regr.log,case_2182/sim.log.gz,case_2182/trace.log.gz
2183,case_2183/regr.log,case_2183/sim.log.gz,case_2183/trace.log.gz
2184,case_2184/regr.log,case_2184/sim.log.gz,case_2184/trace.log.gz
2185,case_2185/regr.log,case_2185/sim.log.gz,case_2185/trace.log.gz
2186,case_2186/regr.log,case_2186/sim.log.gz,case_2186/trace.log.gz
2187,case_2187/regr.log,case_2187/sim.log.gz,case_2187/trace.log.gz
2188,case_2188/regr.log,case_2188/sim.log.gz,case_2188/trace.log.gz
2189,case_2189/regr.log,case_2189/sim.log.gz,case_2189/trace.log.gz
2190,case_2190/regr.log,case_2190/sim.log.gz,case_2190/trace.log.gz
2191,case_2191/regr.log,case_2191/sim.log.gz,case_2191/trace.log.gz
2192,case_2192/regr.log,case_2192/sim.log.gz,case_2192/trace.log.gz
2193,case_2193/regr.log,case_2193/sim.log.gz,case_2193/trace.log.gz
2194,case_2194/regr.log,case_2194/sim.log.gz,case_2194/trace.log.gz
2195,case_2195/regr.log,case_2195/sim.log.gz,case_2195/trace.log.gz
2196,case_2196/regr.log,case_2196/sim.log.gz,case_2196/trace.log.gz
2197,case_2197/regr.log,case_2197/sim.log.gz,case_2197/trace.log.gz
2198,case_2198/regr.log,case_2198/sim.log.gz,case_2198/trace.log.gz
2199,case_2199/regr.log,case_2199/sim.log.gz,case_2199/trace.log.gz
2200,case_2200/regr.log,case_2200/sim.log.gz,case_2200/trace.log.gz
2201,case_2201/regr.log,case_2201/sim.log.gz,case_2201/trace.log.gz
2202,case_2202/regr.log,case_2202/sim.log.gz,case_2202/trace.log.gz
2203,case_2203/regr.log,case_2203/sim.log.gz,case_2203/trace.log.gz
2204,case_2204/regr.log,case_2204/sim.log.gz,case_2204/trace.log.gz
2205,case_2205/regr.log,case_2205/sim.log.gz,case_2205/trace.log.gz
2206,case_2206/regr.log,case_2206/sim.log.gz,case_2206/trace.log.gz
2207,case_2207/regr.log,case_2207/sim.log.gz,case_2207/trace.log.gz
2208,case_2208/regr.log,case_2208/sim.log.gz,case_2208/trace.log.gz
2209,case_2209/regr.log,case_2209/sim.log.gz,case_2209/trace.log.gz
2210,case_2210/regr.log,case_2210/sim.log.gz,case_2210/trace.log.gz
2211,case_2211/regr.log,case_2211/sim.log.gz,case_2211/trace.log.gz
2212,case_2212/regr.log,case_2212/sim.log.gz,case_2212/trace.log.gz
2213,case_2213/regr.log,case_2213/sim.log.gz,case_2213/trace.log.gz
2214,case_2214/regr.log,case_2214/sim.log.gz,case_2214/trace.log.gz
2215,case_2215/regr.log,case_2215/sim.log.gz,case_2215/trace.log.gz
2216,case_2216/regr.log,case_2216/sim.log.gz,case_2216/trace.log.gz
2217,case_2217/regr.log,case_2217/sim.log.gz,case_2217/trace.log.gz
2218,case_2218/regr.log,case_2218/sim.log.gz,case_2218/trace.log.gz
2219,case_2219/regr.log,case_2219/sim.log.gz,case_2219/trace.log.gz
2220,case_2220/regr.log,case_2220/sim.log.gz,case_2220/trace.log.gz
2221,case_2221/regr.log,case_2221/sim.log.gz,case_2221/trace.log.gz
2222,case_2222/regr.log,case_2222/sim.log.gz,case_2222/trace.log.gz
2223,case_2223/regr.log,case_2223/sim.log.gz,case_2223/trace.log.gz
2224,case_2224/regr.log,case_2224/sim.log.gz,case_2224/trace.log.gz
2225,case_2225/regr.log,case_2225/sim.log.gz,case_2225/trace.log.gz
2226,case_2226/regr.log,case_2226/sim.log.gz,case_2226/trace.log.gz
2227,case_2227/regr.log,case_2227/sim.log.gz,case_2227/trace.log.gz
2228,case_2228/regr.log,case_2228/sim.log.gz,case_2228/trace.log.gz
2229,case_2229/regr.log,case_2229/sim.log.gz,case_2229/trace.log.gz
2230,case_2230/regr.log,case_2230/sim.log.gz,case_2230/trace.log.gz
2231,case_2231/regr.log,case_2231/sim.log.gz,case_2231/trace.log.gz
2232,case_2232/regr.log,case_2232/sim.log.gz,case_2232/trace.log.gz
2233,case_2233/regr.log,case_2233/sim.log.gz,case_2233/trace.log.gz
2234,case_2234/regr.log,case_2234/sim.log.gz,case_2234/trace.log.gz
2235,case_2235/regr.log,case_2235/sim.log.gz,case_2235/trace.log.gz
2236,case_2236/regr.log,case_2236/sim.log.gz,case_2236/trace.log.gz
2237,case_2237/regr.log,case_2237/sim.log.gz,case_2237/trace.log.gz
2238,case_2238/regr.log,case_2238/sim.log.gz,case_2238/trace.log.gz
2239,case_2239/regr.log,case_2239/sim.log.gz,case_2239/trace.log.gz
2240,case_2240/regr.log,case_2240/sim.log.gz,case_2240/trace.log.gz
2241,case_2241/regr.log,case_2241/sim.log.gz,case_2241/trace.log.gz
2242,case_2242/regr.log,case_2242/sim.log.gz,case_2242/trace.log.gz
2243,case_2243/regr.log,case_2243/sim.log.gz,case_2243/trace.log.gz
2244,case_2244/regr.log,case_2244/sim.log.gz,case_2244/trace.log.gz
2245,case_2245/regr.log,case_2245/sim.log.gz,case_2245/trace.log.gz
2246,case_2246/regr.log,case_2246/sim.log.gz,case_2246/trace.log.gz
2247,case_2247/regr.log,case_2247/sim.log.gz,case_2247/trace.log.gz
2248,case_2248/regr.log,case_2248/sim.log.gz,case_2248/trace.log.gz
2249,case_2249/regr.log,case_2249/sim.log.gz,case_2249/trace.log.gz
2250,case_2250/regr.log,case_2250/sim.log.gz,case_2250/trace.log.gz
2251,case_2251/regr.log,case_2251/sim.log.gz,case_2251/trace.log.gz
2252,case_2252/regr.log,case_2252/sim.log.gz,case_2252/trace.log.gz
2253,case_2253/regr.log,case_2253/sim.log.gz,case_2253/trace.log.gz
2254,case_2254/regr.log,case_2254/sim.log.gz,case_2254/trace.log.gz
2255,case_2255/regr.log,case_2255/sim.log.gz,case_2255/trace.log.gz
2256,case_2256/regr.log,case_2256/sim.log.gz,case_2256/trace.log.gz
2257,case_2257/regr.log,case_2257/sim.log.gz,case_2257/trace.log.gz
2258,case_2258/regr.log,case_2258/sim.log.gz,case_2258/trace.log.gz
2259,case_2259/regr.log,case_2259/sim.log.gz,case_2259/trace.log.gz
2260,case_2260/regr.log,case_2260/sim.log.gz,case_2260/trace.log.gz
2261,case_2261/regr.log,case_2261/sim.log.gz,case_2261/trace.log.gz
2262,case_2262/regr.log,case_2262/sim.log.gz,case_2262/trace.log.gz
2263,case_2263/regr.log,case_2263/sim.log.gz,case_2263/trace.log.gz
2264,case_2264/regr.log,case_2264/sim.log.gz,case_2264/trace.log.gz
2265,case_2265/regr.log,case_2265/sim.log.gz,case_2265/trace.log.gz
2266,case_2266/regr.log,case_2266/sim.log.gz,case_2266/trace.log.gz
2267,case_2267/regr.log,case_2267/sim.log.gz,case_2267/trace.log.gz
2268,case_2268/regr.log,case_2268/sim.log.gz,case_2268/trace.log.gz
2269,case_2269/regr.log,case_2269/sim.log.gz,case_2269/trace.log.gz
2270,case_2270/regr.log,case_2270/sim.log.gz,case_2270/trace.log.gz
2271,case_2271/regr.log,case_2271/sim.log.gz,case_2271/trace.log.gz
2272,case_2272/regr.log,case_2272/sim.log.gz,case_2272/trace.log.gz
2273,case_2273/regr.log,case_2273/sim.log.gz,case_2273/trace.log.gz
2274,case_2274/regr.log,case_2274/sim.log.gz,case_2274/trace.log.gz
2275,case_2275/regr.log,case_2275/sim.log.gz,case_2275/trace.log.gz
2276,case_2276/regr.log,case_2276/sim.log.gz,case_2276/trace.log.gz
2277,case_2277/regr.log,case_2277/sim.log.gz,case_2277/trace.log.gz
2278,case_2278/regr.log,case_2278/sim.log.gz,case_2278/trace.log.gz
2279,case_2279/regr.log,case_2279/sim.log.gz,case_2279/trace.log.gz
2280,case_2280/regr.log,case_2280/sim.log.gz,case_2280/trace.log.gz
2281,case_2281/regr.log,case_2281/sim.log.gz,case_2281/trace.log.gz
2282,case_2282/regr.log,case_2282/sim.log.gz,case_2282/trace.log.gz
2283,case_2283/regr.log,case_2283/sim.log.gz,case_2283/trace.log.gz
2284,case_2284/regr.log,case_2284/sim.log.gz,case_2284/trace.log.gz
2285,case_2285/regr.log,case_2285/sim.log.gz,case_2285/trace.log.gz
2286,case_2286/regr.log,case_2286/sim.log.gz,case_2286/trace.log.gz
2287,case_2287/regr.log,case_2287/sim.log.gz,case_2287/trace.log.gz
2288,case_2288/regr.log,case_2288/sim.log.gz,case_2288/trace.log.gz
2289,case_2289/regr.log,case_2289/sim.log.gz,case_2289/trace.log.gz
2290,case_2290/regr.log,case_2290/sim.log.gz,case_2290/trace.log.gz
2291,case_2291/regr.log,case_2291/sim.log.gz,case_2291/trace.log.gz
2292,case_2292/regr.log,case_2292/sim.log.gz,case_2292/trace.log.gz
2293,case_2293/regr.log,case_2293/sim.log.gz,case_2293/trace.log.gz
2294,case_2294/regr.log,case_2294/sim.log.gz,case_2294/trace.log.gz
2295,case_2295/regr.log,case_2295/sim.log.gz,case_2295/trace.log.gz
2296,case_2296/regr.log,case_2296/sim.log.gz,case_2296/trace.log.gz
2297,case_2297/regr.log,case_2297/sim.log.gz,case_2297/trace.log.gz
2298,case_2298/regr.log,case_2298/sim.log.gz,case_2298/trace.log.gz
2299,case_2299/regr.log,case_2299/sim.log.gz,case_2299/trace.log.gz
2300,case_2300/regr.log,case_2300/sim.log.gz,case_2300/trace.log.gz
2301,case_2301/regr.log,case_2301/sim.log.gz,case_2301/trace.log.gz
2302,case_2302/regr.log,case_2302/sim.log.gz,case_2302/trace.log.gz
2303,case_2303/regr.log,case_2303/sim.log.gz,case_2303/trace.log.gz
2304,case_2304/regr.log,case_2304/sim.log.gz,case_2304/trace.log.gz
2305,case_2305/regr.log,case_2305/sim.log.gz,case_2305/trace.log.gz
2306,case_2306/regr.log,case_2306/sim.log.gz,case_2306/trace.log.gz
2307,case_2307/regr.log,case_2307/sim.log.gz,case_2307/trace.log.gz
2308,case_2308/regr.log,case_2308/sim.log.gz,case_2308/trace.log.gz
2309,case_2309/regr.log,case_2309/sim.log.gz,case_2309/trace.log.gz
2310,case_2310/regr.log,case_2310/sim.log.gz,case_2310/trace.log.gz
2311,case_2311/regr.log,case_2311/sim.log.gz,case_2311/trace.log.gz
2312,case_2312/regr.log,case_2312/sim.log.gz,case_2312/trace.log.gz
2313,case_2313/regr.log,case_2313/sim.log.gz,case_2313/trace.log.gz
2314,case_2314/regr.log,case_2314/sim.log.gz,case_2314/trace.log.gz
2315,case_2315/regr.log,case_2315/sim.log.gz,case_2315/trace.log.gz
2316,case_2316/regr.log,case_2316/sim.log.gz,case_2316/trace.log.gz
2317,case_2317/regr.log,case_2317/sim.log.gz,case_2317/trace.log.gz
2318,case_2318/regr.log,case_2318/sim.log.gz,case_2318/trace.log.gz
2319,case_2319/regr.log,case_2319/sim.log.gz,case_2319/trace.log.gz
2320,case_2320/regr.log,case_2320/sim.log.gz,case_2320/trace.log.gz
2321,case_2321/regr.log,case_2321/sim.log.gz,case_2321/trace.log.gz
2322,case_2322/regr.log,case_2322/sim.log.gz,case_2322/trace.log.gz
2323,case_2323/regr.log,case_2323/sim.log.gz,case_2323/trace.log.gz
2324,case_2324/regr.log,case_2324/sim.log.gz,case_2324/trace.log.gz
2325,case_2325/regr.log,case_2325/sim.log.gz,case_2325/trace.log.gz
2326,case_2326/regr.log,case_2326/sim.log.gz,case_2326/trace.log.gz
2327,case_2327/regr.log,case_2327/sim.log.gz,case_2327/trace.log.gz
2328,case_2328/regr.log,case_2328/sim.log.gz,case_2328/trace.log.gz
2329,case_2329/regr.log,case_2329/sim.log.gz,case_2329/trace.log.gz
2330,case_2330/regr.log,case_2330/sim.log.gz,case_2330/trace.log.gz
2331,case_2331/regr.log,case_2331/sim.log.gz,case_2331/trace.log.gz
2332,case_2332/regr.log,case_2332/sim.log.gz,case_2332/trace.log.gz
2333,case_2333/regr.log,case_2333/sim.log.gz,case_2333/trace.log.gz
2334,case_2334/regr.log,case_2334/sim.log.gz,case_2334/trace.log.gz
2335,case_2335/regr.log,case_2335/sim.log.gz,case_2335/trace.log.gz
2336,case_2336/regr.log,case_2336/sim.log.gz,case_2336/trace.log.gz
2337,case_2337/regr.log,case_2337/sim.log.gz,case_2337/trace.log.gz
2338,case_2338/regr.log,case_2338/sim.log.gz,case_2338/trace.log.gz
2339,case_2339/regr.log,case_2339/sim.log.gz,case_2339/trace.log.gz
2340,case_2340/regr.log,case_2340/sim.log.gz,case_2340/trace.log.gz
2341,case_2341/regr.log,case_2341/sim.log.gz,case_2341/trace.log.gz
2342,case_2342/regr.log,case_2342/sim.log.gz,case_2342/trace.log.gz
2343,case_2343/regr.log,case_2343/sim.log.gz,case_2343/trace.log.gz
2344,case_2344/regr.log,case_2344/sim.log.gz,case_2344/trace.log.gz
2345,case_2345/regr.log,case_2345/sim.log.gz,case_2345/trace.log.gz
2346,case_2346/regr.log,case_2346/sim.log.gz,case_2346/trace.log.gz
2347,case_2347/regr.log,case_2347/sim.log.gz,case_2347/trace.log.gz
2348,case_2348/regr.log,case_2348/sim.log.gz,case_2348/trace.log.gz
2349,case_2349/regr.log,case_2349/sim.log.gz,case_2349/trace.log.gz
2350,case_2350/regr.log,case_2350/sim.log.gz,case_2350/trace.log.gz
2351,case_2351/regr.log,case_2351/sim.log.gz,case_2351/trace.log.gz
2352,case_2352/regr.log,case_2352/sim.log.gz,case_2352/trace.log.gz
2353,case_2353/regr.log,case_2353/sim.log.gz,case_2353/trace.log.gz
2354,case_2354/regr.log,case_2354/sim.log.gz,case_2354/trace.log.gz
2355,case_2355/regr.log,case_2355/sim.log.gz,case_2355/trace.log.gz
2356,case_2356/regr.log,case_2356/sim.log.gz,case_2356/trace.log.gz
2357,case_2357/regr.log,case_2357/sim.log.gz,case_2357/trace.log.gz
2358,case_2358/regr.log,case_2358/sim.log.gz,case_2358/trace.log.gz
2359,case_2359/regr.log,case_2359/sim.log.gz,case_2359/trace.log.gz
2360,case_2360/regr.log,case_2360/sim.log.gz,case_2360/trace.log.gz
2361,case_2361/regr.log,case_2361/sim.log.gz,case_2361/trace.log.gz
2362,case_2362/regr.log,case_2362/sim.log.gz,case_2362/trace.log.gz
2363,case_2363/regr.log,case_2363/sim.log.gz,case_2363/trace.log.gz
2364,case_2364/regr.log,case_2364/sim.log.gz,case_2364/trace.log.gz
2365,case_2365/regr.log,case_2365/sim.log.gz,case_2365/trace.log.gz
2366,case_2366/regr.log,case_2366/sim.log.gz,case_2366/trace.log.gz
2367,case_2367/regr.log,case_2367/sim.log.gz,case_2367/trace.log.gz
2368,case_2368/regr.log,case_2368/sim.log.gz,case_2368/trace.log.gz
2369,case_2369/regr.log,case_2369/sim.log.gz,case_2369/trace.log.gz
2370,case_2370/regr.log,case_2370/sim.log.gz,case_2370/trace.log.gz
2371,case_2371/regr.log,case_2371/sim.log.gz,case_2371/trace.log.gz
2372,case_2372/regr.log,case_2372/sim.log.gz,case_2372/trace.log.gz
2373,case_2373/regr.log,case_2373/sim.log.gz,case_2373/trace.log.gz
2374,case_2374/regr.log,case_2374/sim.log.gz,case_2374/trace.log.gz
2375,case_2375/regr.log,case_2375/sim.log.gz,case_2375/trace.log.gz
2376,case_2376/regr.log,case_2376/sim.log.gz,case_2376/trace.log.gz
2377,case_2377/regr.log,case_2377/sim.log.gz,case_2377/trace.log.gz
2378,case_2378/regr.log,case_2378/sim.log.gz,case_2378/trace.log.gz
2379,case_2379/regr.log,case_2379/sim.log.gz,case_2379/trace.log.gz
2380,case_2380/regr.log,case_2380/sim.log.gz,case_2380/trace.log.gz
2381,case_2381/regr.log,case_2381/sim.log.gz,case_2381/trace.log.gz
2382,case_2382/regr.log,case_2382/sim.log.gz,case_2382/trace.log.gz
2383,case_2383/regr.log,case_2383/sim.log.gz,case_2383/trace.log.gz
2384,case_2384/regr.log,case_2384/sim.log.gz,case_2384/trace.log.gz
2385,case_2385/regr.log,case_2385/sim.log.gz,case_2385/trace.log.gz
2386,case_2386/regr.log,case_2386/sim.log.gz,case_2386/trace.log.gz
2387,case_2387/regr.log,case_2387/sim.log.gz,case_2387/trace.log.gz
2388,case_2388/regr.log,case_2388/sim.log.gz,case_2388/trace.log.gz
2389,case_2389/regr.log,case_2389/sim.log.gz,case_2389/trace.log.gz
2390,case_2390/regr.log,case_2390/sim.log.gz,case_2390/trace.log.gz
2391,case_2391/regr.log,case_2391/sim.log.gz,case_2391/trace.log.gz
2392,case_2392/regr.log,case_2392/sim.log.gz,case_2392/trace.log.gz
2393,case_2393/regr.log,case_2393/sim.log.gz,case_2393/trace.log.gz
2394,case_2394/regr.log,case_2394/sim.log.gz,case_2394/trace.log.gz
2395,case_2395/regr.log,case_2395/sim.log.gz,case_2395/trace.log.gz
2396,case_2396/regr.log,case_2396/sim.log.gz,case_2396/trace.log.gz
2397,case_2397/regr.log,case_2397/sim.log.gz,case_2397/trace.log.gz
2398,case_2398/regr.log,case_2398/sim.log.gz,case_2398/trace.log.gz
2399,case_2399/regr.log,case_2399/sim.log.gz,case_2399/trace.log.gz
2400,case_2400/regr.log,case_2400/sim.log.gz,case_2400/trace.log.gz
2401,case_2401/regr.log,case_2401/sim.log.gz,case_2401/trace.log.gz
2402,case_2402/regr.log,case_2402/sim.log.gz,case_2402/trace.log.gz
2403,case_2403/regr.log,case_2403/sim.log.gz,case_2403/trace.log.gz
2404,case_2404/regr.log,case_2404/sim.log.gz,case_2404/trace.log.gz
2405,case_2405/regr.log,case_2405/sim.log.gz,case_2405/trace.log.gz
2406,case_2406/regr.log,case_2406/sim.log.gz,case_2406/trace.log.gz
2407,case_2407/regr.log,case_2407/sim.log.gz,case_2407/trace.log.gz
2408,case_2408/regr.log,case_2408/sim.log.gz,case_2408/trace.log.gz
2409,case_2409/regr.log,case_2409/sim.log.gz,case_2409/trace.log.gz
2410,case_2410/regr.log,case_2410/sim.log.gz,case_2410/trace.log.gz
2411,case_2411/regr.log,case_2411/sim.log.gz,case_2411/trace.log.gz
2412,case_2412/regr.log,case_2412/sim.log.gz,case_2412/trace.log.gz
2413,case_2413/regr.log,case_2413/sim.log.gz,case_2413/trace.log.gz
2414,case_2414/regr.log,case_2414/sim.log.gz,case_2414/trace.log.gz
2415,case_2415/regr.log,case_2415/sim.log.gz,case_2415/trace.log.gz
2416,case_2416/regr.log,case_2416/sim.log.gz,case_2416/trace.log.gz
2417,case_2417/regr.log,case_2417/sim.log.gz,case_2417/trace.log.gz
2418,case_2418/regr.log,case_2418/sim.log.gz,case_2418/trace.log.gz
2419,case_2419/regr.log,case_2419/sim.log.gz,case_2419/trace.log.gz
2420,case_2420/regr.log,case_2420/sim.log.gz,case_2420/trace.log.gz
2421,case_2421/regr.log,case_2421/sim.log.gz,case_2421/trace.log.gz
2422,case_2422/regr.log,case_2422/sim.log.gz,case_2422/trace.log.gz
2423,case_2423/regr.log,case_2423/sim.log.gz,case_2423/trace.log.gz
2424,case_2424/regr.log,case_2424/sim.log.gz,case_2424/trace.log.gz
2425,case_2425/regr.log,case_2425/sim.log.gz,case_2425/trace.log.gz
2426,case_2426/regr.log,case_2426/sim.log.gz,case_2426/trace.log.gz
2427,case_2427/regr.log,case_2427/sim.log.gz,case_2427/trace.log.gz
2428,case_2428/regr.log,case_2428/sim.log.gz,case_2428/trace.log.gz
2429,case_2429/regr.log,case_2429/sim.log.gz,case_2429/trace.log.gz
2430,case_2430/regr.log,case_2430/sim.log.gz,case_2430/trace.log.gz
2431,case_2431/regr.log,case_2431/sim.log.gz,case_2431/trace.log.gz
2432,case_2432/regr.log,case_2432/sim.log.gz,case_2432/trace.log.gz
2433,case_2433/regr.log,case_2433/sim.log.gz,case_2433/trace.log.gz
2434,case_2434/regr.log,case_2434/sim.log.gz,case_2434/trace.log.gz
2435,case_2435/regr.log,case_2435/sim.log.gz,case_2435/trace.log.gz
2436,case_2436/regr.log,case_2436/sim.log.gz,case_2436/trace.log.gz
2437,case_2437/regr.log,case_2437/sim.log.gz,case_2437/trace.log.gz
2438,case_2438/regr.log,case_2438/sim.log.gz,case_2438/trace.log.gz
2439,case_2439/regr.log,case_2439/sim.log.gz,case_2439/trace.log.gz
2440,case_2440/regr.log,case_2440/sim.log.gz,case_2440/trace.log.gz
2441,case_2441/regr.log,case_2441/sim.log.gz,case_2441/trace.log.gz
2442,case_2442/regr.log,case_2442/sim.log.gz,case_2442/trace.log.gz
2443,case_2443/regr.log,case_2443/sim.log.gz,case_2443/trace.log.gz
2444,case_2444/regr.log,case_2444/sim.log.gz,case_2444/trace.log.gz
2445,case_2445/regr.log,case_2445/sim.log.gz,case_2445/trace.log.gz
2446,case_2446/regr.log,case_2446/sim.log.gz,case_2446/trace.log.gz
2447,case_2447/regr.log,case_2447/sim.log.gz,case_2447/trace.log.gz
2448,case_2448/regr.log,case_2448/sim.log.gz,case_2448/trace.log.gz
2449,case_2449/regr.log,case_2449/sim.log.gz,case_2449/trace.log.gz
2450,case_2450/regr.log,case_2450/sim.log.gz,case_2450/trace.log.gz
2451,case_2451/regr.log,case_2451/sim.log.gz,case_2451/trace.log.gz
2452,case_2452/regr.log,case_2452/sim.log.gz,case_2452/trace.log.gz
2453,case_2453/regr.log,case_2453/sim.log.gz,case_2453/trace.log.gz
2454,case_2454/regr.log,case_2454/sim.log.gz,case_2454/trace.log.gz
2455,case_2455/regr.log,case_2455/sim.log.gz,case_2455/trace.log.gz
2456,case_2456/regr.log,case_2456/sim.log.gz,case_2456/trace.log.gz
2457,case_2457/regr.log,case_2457/sim.log.gz,case_2457/trace.log.gz
2458,case_2458/regr.log,case_2458/sim.log.gz,case_2458/trace.log.gz
2459,case_2459/regr.log,case_2459/sim.log.gz,case_2459/trace.log.gz
2460,case_2460/regr.log,case_2460/sim.log.gz,case_2460/trace.log.gz
2461,case_2461/regr.log,case_2461/sim.log.gz,case_2461/trace.log.gz
2462,case_2462/regr.log,case_2462/sim.log.gz,case_2462/trace.log.gz
2463,case_2463/regr.log,case_2463/sim.log.gz,case_2463/trace.log.gz
2464,case_2464/regr.log,case_2464/sim.log.gz,case_2464/trace.log.gz
2465,case_2465/regr.log,case_2465/sim.log.gz,case_2465/trace.log.gz
2466,case_2466/regr.log,case_2466/sim.log.gz,case_2466/trace.log.gz
2467,case_2467/regr.log,case_2467/sim.log.gz,case_2467/trace.log.gz
2468,case_2468/regr.log,case_2468/sim.log.gz,case_2468/trace.log.gz
2469,case_2469/regr.log,case_2469/sim.log.gz,case_2469/trace.log.gz
2470,case_2470/regr.log,case_2470/sim.log.gz,case_2470/trace.log.gz
2471,case_2471/regr.log,case_2471/sim.log.gz,case_2471/trace.log.gz
2472,case_2472/regr.log,case_2472/sim.log.gz,case_2472/trace.log.gz
2473,case_2473/regr.log,case_2473/sim.log.gz,case_2473/trace.log.gz
2474,case_2474/regr.log,case_2474/sim.log.gz,case_2474/trace.log.gz
2475,case_2475/regr.log,case_2475/sim.log.gz,case_2475/trace.log.gz
2476,case_2476/regr.log,case_2476/sim.log.gz,case_2476/trace.log.gz
2477,case_2477/regr.log,case_2477/sim.log.gz,case_2477/trace.log.gz
2478,case_2478/regr.log,case_2478/sim.log.gz,case_2478/trace.log.gz
2479,case_2479/regr.log,case_2479/sim.log.gz,case_2479/trace.log.gz
2480,case_2480/regr.log,case_2480/sim.log.gz,case_2480/trace.log.gz
2481,case_2481/regr.log,case_2481/sim.log.gz,case_2481/trace.log.gz
2482,case_2482/regr.log,case_2482/sim.log.gz,case_2482/trace.log.gz
2483,case_2483/regr.log,case_2483/sim.log.gz,case_2483/trace.log.gz
2484,case_2484/regr.log,case_2484/sim.log.gz,case_2484/trace.log.gz
2485,case_2485/regr.log,case_2485/sim.log.gz,case_2485/trace.log.gz
2486,case_2486/regr.log,case_2486/sim.log.gz,case_2486/trace.log.gz
2487,case_2487/regr.log,case_2487/sim.log.gz,case_2487/trace.log.gz
2488,case_2488/regr.log,case_2488/sim.log.gz,case_2488/trace.log.gz
2489,case_2489/regr.log,case_2489/sim.log.gz,case_2489/trace.log.gz
2490,case_2490/regr.log,case_2490/sim.log.gz,case_2490/trace.log.gz
2491,case_2491/regr.log,case_2491/sim.log.gz,case_2491/trace.log.gz
2492,case_2492/regr.log,case_2492/sim.log.gz,case_2492/trace.log.gz
2493,case_2493/regr.log,case_2493/sim.log.gz,case_2493/trace.log.gz
2494,case_2494/regr.log,case_2494/sim.log.gz,case_2494/trace.log.gz
2495,case_2495/regr.log,case_2495/sim.log.gz,case_2495/trace.log.gz
2496,case_2496/regr.log,case_2496/sim.log.gz,case_2496/trace.log.gz
2497,case_2497/regr.log,case_2497/sim.log.gz,case_2497/trace.log.gz
2498,case_2498/regr.log,case_2498/sim.log.gz,case_2498/trace.log.gz
2499,case_2499/regr.log,case_2499/sim.log.gz,case_2499/trace.log.gz
2500,case_2500/regr.log,case_2500/sim.log.gz,case_2500/trace.log.gz
2501,case_2501/regr.log,case_2501/sim.log.gz,case_2501/trace.log.gz
2502,case_2502/regr.log,case_2502/sim.log.gz,case_2502/trace.log.gz
2503,case_2503/regr.log,case_2503/sim.log.gz,case_2503/trace.log.gz
2504,case_2504/regr.log,case_2504/sim.log.gz,case_2504/trace.log.gz
2505,case_2505/regr.log,case_2505/sim.log.gz,case_2505/trace.log.gz
2506,case_2506/regr.log,case_2506/sim.log.gz,case_2506/trace.log.gz
2507,case_2507/regr.log,case_2507/sim.log.gz,case_2507/trace.log.gz
2508,case_2508/regr.log,case_2508/sim.log.gz,case_2508/trace.log.gz
2509,case_2509/regr.log,case_2509/sim.log.gz,case_2509/trace.log.gz
2510,case_2510/regr.log,case_2510/sim.log.gz,case_2510/trace.log.gz
2511,case_2511/regr.log,case_2511/sim.log.gz,case_2511/trace.log.gz
2512,case_2512/regr.log,case_2512/sim.log.gz,case_2512/trace.log.gz
2513,case_2513/regr.log,case_2513/sim.log.gz,case_2513/trace.log.gz
2514,case_2514/regr.log,case_2514/sim.log.gz,case_2514/trace.log.gz
2515,case_2515/regr.log,case_2515/sim.log.gz,case_2515/trace.log.gz
2516,case_2516/regr.log,case_2516/sim.log.gz,case_2516/trace.log.gz
2517,case_2517/regr.log,case_2517/sim.log.gz,case_2517/trace.log.gz
2518,case_2518/regr.log,case_2518/sim.log.gz,case_2518/trace.log.gz
2519,case_2519/regr.log,case_2519/sim.log.gz,case_2519/trace.log.gz
2520,case_2520/regr.log,case_2520/sim.log.gz,case_2520/trace.log.gz
2521,case_2521/regr.log,case_2521/sim.log.gz,case_2521/trace.log.gz
2522,case_2522/regr.log,case_2522/sim.log.gz,case_2522/trace.log.gz
2523,case_2523/regr.log,case_2523/sim.log.gz,case_2523/trace.log.gz
2524,case_2524/regr.log,case_2524/sim.log.gz,case_2524/trace.log.gz
2525,case_2525/regr.log,case_2525/sim.log.gz,case_2525/trace.log.gz
2526,case_2526/regr.log,case_2526/sim.log.gz,case_2526/trace.log.gz
2527,case_2527/regr.log,case_2527/sim.log.gz,case_2527/trace.log.gz
2528,case_2528/regr.log,case_2528/sim.log.gz,case_2528/trace.log.gz
2529,case_2529/regr.log,case_2529/sim.log.gz,case_2529/trace.log.gz
2530,case_2530/regr.log,case_2530/sim.log.gz,case_2530/trace.log.gz
2531,case_2531/regr.log,case_2531/sim.log.gz,case_2531/trace.log.gz
2532,case_2532/regr.log,case_2532/sim.log.gz,case_2532/trace.log.gz
2533,case_2533/regr.log,case_2533/sim.log.gz,case_2533/trace.log.gz
2534,case_2534/regr.log,case_2534/sim.log.gz,case_2534/trace.log.gz
2535,case_2535/regr.log,case_2535/sim.log.gz,case_2535/trace.log.gz
2536,case_2536/regr.log,case_2536/sim.log.gz,case_2536/trace.log.gz
2537,case_2537/regr.log,case_2537/sim.log.gz,case_2537/trace.log.gz
2538,case_2538/regr.log,case_2538/sim.log.gz,case_2538/trace.log.gz
2539,case_2539/regr.log,case_2539/sim.log.gz,case_2539/trace.log.gz
2540,case_2540/regr.log,case_2540/sim.log.gz,case_2540/trace.log.gz
2541,case_2541/regr.log,case_2541/sim.log.gz,case_2541/trace.log.gz
2542,case_2542/regr.log,case_2542/sim.log.gz,case_2542/trace.log.gz
2543,case_2543/regr.log,case_2543/sim.log.gz,case_2543/trace.log.gz
2544,case_2544/regr.log,case_2544/sim.log.gz,case_2544/trace.log.gz
2545,case_2545/regr.log,case_2545/sim.log.gz,case_2545/trace.log.gz
2546,case_2546/regr.log,case_2546/sim.log.gz,case_2546/trace.log.gz
2547,case_2547/regr.log,case_2547/sim.log.gz,case_2547/trace.log.gz
2548,case_2548/regr.log,case_2548/sim.log.gz,case_2548/trace.log.gz
2549,case_2549/regr.log,case_2549/sim.log.gz,case_2549/trace.log.gz
2550,case_2550/regr.log,case_2550/sim.log.gz,case_2550/trace.log.gz
2551,case_2551/regr.log,case_2551/sim.log.gz,case_2551/trace.log.gz
2552,case_2552/regr.log,case_2552/sim.log.gz,case_2552/trace.log.gz
2553,case_2553/regr.log,case_2553/sim.log.gz,case_2553/trace.log.gz
2554,case_2554/regr.log,case_2554/sim.log.gz,case_2554/trace.log.gz
2555,case_2555/regr.log,case_2555/sim.log.gz,case_2555/trace.log.gz
2556,case_2556/regr.log,case_2556/sim.log.gz,case_2556/trace.log.gz
2557,case_2557/regr.log,case_2557/sim.log.gz,case_2557/trace.log.gz
2558,case_2558/regr.log,case_2558/sim.log.gz,case_2558/trace.log.gz
2559,case_2559/regr.log,case_2559/sim.log.gz,case_2559/trace.log.gz
2560,case_2560/regr.log,case_2560/sim.log.gz,case_2560/trace.log.gz
2561,case_2561/regr.log,case_2561/sim.log.gz,case_2561/trace.log.gz
2562,case_2562/regr.log,case_2562/sim.log.gz,case_2562/trace.log.gz
2563,case_2563/regr.log,case_2563/sim.log.gz,case_2563/trace.log.gz
2564,case_2564/regr.log,case_2564/sim.log.gz,case_2564/trace.log.gz
2565,case_2565/regr.log,case_2565/sim.log.gz,case_2565/trace.log.gz
2566,case_2566/regr.log,case_2566/sim.log.gz,case_2566/trace.log.gz
2567,case_2567/regr.log,case_2567/sim.log.gz,case_2567/trace.log.gz
2568,case_2568/regr.log,case_2568/sim.log.gz,case_2568/trace.log.gz
2569,case_2569/regr.log,case_2569/sim.log.gz,case_2569/trace.log.gz
2570,case_2570/regr.log,case_2570/sim.log.gz,case_2570/trace.log.gz
2571,case_2571/regr.log,case_2571/sim.log.gz,case_2571/trace.log.gz
2572,case_2572/regr.log,case_2572/sim.log.gz,case_2572/trace.log.gz
2573,case_2573/regr.log,case_2573/sim.log.gz,case_2573/trace.log.gz
2574,case_2574/regr.log,case_2574/sim.log.gz,case_2574/trace.log.gz
2575,case_2575/regr.log,case_2575/sim.log.gz,case_2575/trace.log.gz
2576,case_2576/regr.log,case_2576/sim.log.gz,case_2576/trace.log.gz
2577,case_2577/regr.log,case_2577/sim.log.gz,case_2577/trace.log.gz
2578,case_2578/regr.log,case_2578/sim.log.gz,case_2578/trace.log.gz
2579,case_2579/regr.log,case_2579/sim.log.gz,case_2579/trace.log.gz
2580,case_2580/regr.log,case_2580/sim.log.gz,case_2580/trace.log.gz
2581,case_2581/regr.log,case_2581/sim.log.gz,case_2581/trace.log.gz
2582,case_2582/regr.log,case_2582/sim.log.gz,case_2582/trace.log.gz
2583,case_2583/regr.log,case_2583/sim.log.gz,case_2583/trace.log.gz
2584,case_2584/regr.log,case_2584/sim.log.gz,case_2584/trace.log.gz
2585,case_2585/regr.log,case_2585/sim.log.gz,case_2585/trace.log.gz
2586,case_2586/regr.log,case_2586/sim.log.gz,case_2586/trace.log.gz
2587,case_2587/regr.log,case_2587/sim.log.gz,case_2587/trace.log.gz
2588,case_2588/regr.log,case_2588/sim.log.gz,case_2588/trace.log.gz
2589,case_2589/regr.log,case_2589/sim.log.gz,case_2589/trace.log.gz
2590,case_2590/regr.log,case_2590/sim.log.gz,case_2590/trace.log.gz
2591,case_2591/regr.log,case_2591/sim.log.gz,case_2591/trace.log.gz
2592,case_2592/regr.log,case_2592/sim.log.gz,case_2592/trace.log.gz
2593,case_2593/regr.log,case_2593/sim.log.gz,case_2593/trace.log.gz
2594,case_2594/regr.log,case_2594/sim.log.gz,case_2594/trace.log.gz
2595,case_2595/regr.log,case_2595/sim.log.gz,case_2595/trace.log.gz
2596,case_2596/regr.log,case_2596/sim.log.gz,case_2596/trace.log.gz
2597,case_2597/regr.log,case_2597/sim.log.gz,case_2597/trace.log.gz
2598,case_2598/regr.log,case_2598/sim.log.gz,case_2598/trace.log.gz
2599,case_2599/regr.log,case_2599/sim.log.gz,case_2599/trace.log.gz
2600,case_2600/regr.log,case_2600/sim.log.gz,case_2600/trace.log.gz
2601,case_2601/regr.log,case_2601/sim.log.gz,case_2601/trace.log.gz
2602,case_2602/regr.log,case_2602/sim.log.gz,case_2602/trace.log.gz
2603,case_2603/regr.log,case_2603/sim.log.gz,case_2603/trace.log.gz
2604,case_2604/regr.log,case_2604/sim.log.gz,case_2604/trace.log.gz
2605,case_2605/regr.log,case_2605/sim.log.gz,case_2605/trace.log.gz
2606,case_2606/regr.log,case_2606/sim.log.gz,case_2606/trace.log.gz
2607,case_2607/regr.log,case_2607/sim.log.gz,case_2607/trace.log.gz
2608,case_2608/regr.log,case_2608/sim.log.gz,case_2608/trace.log.gz
2609,case_2609/regr.log,case_2609/sim.log.gz,case_2609/trace.log.gz
2610,case_2610/regr.log,case_2610/sim.log.gz,case_2610/trace.log.gz
2611,case_2611/regr.log,case_2611/sim.log.gz,case_2611/trace.log.gz
2612,case_2612/regr.log,case_2612/sim.log.gz,case_2612/trace.log.gz
2613,case_2613/regr.log,case_2613/sim.log.gz,case_2613/trace.log.gz
2614,case_2614/regr.log,case_2614/sim.log.gz,case_2614/trace.log.gz
2615,case_2615/regr.log,case_2615/sim.log.gz,case_2615/trace.log.gz
2616,case_2616/regr.log,case_2616/sim.log.gz,case_2616/trace.log.gz
2617,case_2617/regr.log,case_2617/sim.log.gz,case_2617/trace.log.gz
2618,case_2618/regr.log,case_2618/sim.log.gz,case_2618/trace.log.gz
2619,case_2619/regr.log,case_2619/sim.log.gz,case_2619/trace.log.gz
2620,case_2620/regr.log,case_2620/sim.log.gz,case_2620/trace.log.gz
2621,case_2621/regr.log,case_2621/sim.log.gz,case_2621/trace.log.gz
2622,case_2622/regr.log,case_2622/sim.log.gz,case_2622/trace.log.gz
2623,case_2623/regr.log,case_2623/sim.log.gz,case_2623/trace.log.gz
2624,case_2624/regr.log,case_2624/sim.log.gz,case_2624/trace.log.gz
2625,case_2625/regr.log,case_2625/sim.log.gz,case_2625/trace.log.gz
2626,case_2626/regr.log,case_2626/sim.log.gz,case_2626/trace.log.gz
2627,case_2627/regr.log,case_2627/sim.log.gz,case_2627/trace.log.gz
2628,case_2628/regr.log,case_2628/sim.log.gz,case_2628/trace.log.gz
2629,case_2629/regr.log,case_2629/sim.log.gz,case_2629/trace.log.gz
2630,case_2630/regr.log,case_2630/sim.log.gz,case_2630/trace.log.gz
2631,case_2631/regr.log,case_2631/sim.log.gz,case_2631/trace.log.gz
2632,case_2632/regr.log,case_2632/sim.log.gz,case_2632/trace.log.gz
2633,case_2633/regr.log,case_2633/sim.log.gz,case_2633/trace.log.gz
2634,case_2634/regr.log,case_2634/sim.log.gz,case_2634/trace.log.gz
2635,case_2635/regr.log,case_2635/sim.log.gz,case_2635/trace.log.gz
2636,case_2636/regr.log,case_2636/sim.log.gz,case_2636/trace.log.gz
2637,case_2637/regr.log,case_2637/sim.log.gz,case_2637/trace.log.gz
2638,case_2638/regr.log,case_2638/sim.log.gz,case_2638/trace.log.gz
2639,case_2639/regr.log,case_2639/sim.log.gz,case_2639/trace.log.gz
2640,case_2640/regr.log,case_2640/sim.log.gz,case_2640/trace.log.gz
2641,case_2641/regr.log,case_2641/sim.log.gz,case_2641/trace.log.gz
2642,case_2642/regr.log,case_2642/sim.log.gz,case_2642/trace.log.gz
2643,case_2643/regr.log,case_2643/sim.log.gz,case_2643/trace.log.gz
2644,case_2644/regr.log,case_2644/sim.log.gz,case_2644/trace.log.gz
2645,case_2645/regr.log,case_2645/sim.log.gz,case_2645/trace.log.gz
2646,case_2646/regr.log,case_2646/sim.log.gz,case_2646/trace.log.gz
2647,case_2647/regr.log,case_2647/sim.log.gz,case_2647/trace.log.gz
2648,case_2648/regr.log,case_2648/sim.log.gz,case_2648/trace.log.gz
2649,case_2649/regr.log,case_2649/sim.log.gz,case_2649/trace.log.gz
2650,case_2650/regr.log,case_2650/sim.log.gz,case_2650/trace.log.gz
2651,case_2651/regr.log,case_2651/sim.log.gz,case_2651/trace.log.gz
2652,case_2652/regr.log,case_2652/sim.log.gz,case_2652/trace.log.gz
2653,case_2653/regr.log,case_2653/sim.log.gz,case_2653/trace.log.gz
2654,case_2654/regr.log,case_2654/sim.log.gz,case_2654/trace.log.gz
2655,case_2655/regr.log,case_2655/sim.log.gz,case_2655/trace.log.gz
2656,case_2656/regr.log,case_2656/sim.log.gz,case_2656/trace.log.gz
2657,case_2657/regr.log,case_2657/sim.log.gz,case_2657/trace.log.gz
2658,case_2658/regr.log,case_2658/sim.log.gz,case_2658/trace.log.gz
2659,case_2659/regr.log,case_2659/sim.log.gz,case_2659/trace.log.gz
2660,case_2660/regr.log,case_2660/sim.log.gz,case_2660/trace.log.gz
2661,case_2661/regr.log,case_2661/sim.log.gz,case_2661/trace.log.gz
2662,case_2662/regr.log,case_2662/sim.log.gz,case_2662/trace.log.gz
2663,case_2663/regr.log,case_2663/sim.log.gz,case_2663/trace.log.gz
2664,case_2664/regr.log,case_2664/sim.log.gz,case_2664/trace.log.gz
2665,case_2665/regr.log,case_2665/sim.log.gz,case_2665/trace.log.gz
2666,case_2666/regr.log,case_2666/sim.log.gz,case_2666/trace.log.gz
2667,case_2667/regr.log,case_2667/sim.log.gz,case_2667/trace.log.gz
2668,case_2668/regr.log,case_2668/sim.log.gz,case_2668/trace.log.gz
2669,case_2669/regr.log,case_2669/sim.log.gz,case_2669/trace.log.gz
2670,case_2670/regr.log,case_2670/sim.log.gz,case_2670/trace.log.gz
2671,case_2671/regr.log,case_2671/sim.log.gz,case_2671/trace.log.gz
2672,case_2672/regr.log,case_2672/sim.log.gz,case_2672/trace.log.gz
2673,case_2673/regr.log,case_2673/sim.log.gz,case_2673/trace.log.gz
2674,case_2674/regr.log,case_2674/sim.log.gz,case_2674/trace.log.gz
2675,case_2675/regr.log,case_2675/sim.log.gz,case_2675/trace.log.gz
2676,case_2676/regr.log,case_2676/sim.log.gz,case_2676/trace.log.gz
2677,case_2677/regr.log,case_2677/sim.log.gz,case_2677/trace.log.gz
2678,case_2678/regr.log,case_2678/sim.log.gz,case_2678/trace.log.gz
2679,case_2679/regr.log,case_2679/sim.log.gz,case_2679/trace.log.gz
2680,case_2680/regr.log,case_2680/sim.log.gz,case_2680/trace.log.gz
2681,case_2681/regr.log,case_2681/sim.log.gz,case_2681/trace.log.gz
2682,case_2682/regr.log,case_2682/sim.log.gz,case_2682/trace.log.gz
2683,case_2683/regr.log,case_2683/sim.log.gz,case_2683/trace.log.gz
2684,case_2684/regr.log,case_2684/sim.log.gz,case_2684/trace.log.gz
2685,case_2685/regr.log,case_2685/sim.log.gz,case_2685/trace.log.gz
2686,case_2686/regr.log,case_2686/sim.log.gz,case_2686/trace.log.gz
2687,case_2687/regr.log,case_2687/sim.log.gz,case_2687/trace.log.gz
2688,case_2688/regr.log,case_2688/sim.log.gz,case_2688/trace.log.gz
2689,case_2689/regr.log,case_2689/sim.log.gz,case_2689/trace.log.gz
2690,case_2690/regr.log,case_2690/sim.log.gz,case_2690/trace.log.gz
2691,case_2691/regr.log,case_2691/sim.log.gz,case_2691/trace.log.gz
2692,case_2692/regr.log,case_2692/sim.log.gz,case_2692/trace.log.gz
2693,case_2693/regr.log,case_2693/sim.log.gz,case_2693/trace.log.gz
2694,case_2694/regr.log,case_2694/sim.log.gz,case_2694/trace.log.gz
2695,case_2695/regr.log,case_2695/sim.log.gz,case_2695/trace.log.gz
2696,case_2696/regr.log,case_2696/sim.log.gz,case_2696/trace.log.gz
2697,case_2697/regr.log,case_2697/sim.log.gz,case_2697/trace.log.gz
2698,case_2698/regr.log,case_2698/sim.log.gz,case_2698/trace.log.gz
2699,case_2699/regr.log,case_2699/sim.log.gz,case_2699/trace.log.gz
2700,case_2700/regr.log,case_2700/sim.log.gz,case_2700/trace.log.gz
2701,case_2701/regr.log,case_2701/sim.log.gz,case_2701/trace.log.gz
2702,case_2702/regr.log,case_2702/sim.log.gz,case_2702/trace.log.gz
2703,case_2703/regr.log,case_2703/sim.log.gz,case_2703/trace.log.gz
2704,case_2704/regr.log,case_2704/sim.log.gz,case_2704/trace.log.gz
2705,case_2705/regr.log,case_2705/sim.log.gz,case_2705/trace.log.gz
2706,case_2706/regr.log,case_2706/sim.log.gz,case_2706/trace.log.gz
2707,case_2707/regr.log,case_2707/sim.log.gz,case_2707/trace.log.gz
2708,case_2708/regr.log,case_2708/sim.log.gz,case_2708/trace.log.gz
2709,case_2709/regr.log,case_2709/sim.log.gz,case_2709/trace.log.gz
2710,case_2710/regr.log,case_2710/sim.log.gz,case_2710/trace.log.gz
2711,case_2711/regr.log,case_2711/sim.log.gz,case_2711/trace.log.gz
2712,case_2712/regr.log,case_2712/sim.log.gz,case_2712/trace.log.gz
2713,case_2713/regr.log,case_2713/sim.log.gz,case_2713/trace.log.gz
2714,case_2714/regr.log,case_2714/sim.log.gz,case_2714/trace.log.gz
2715,case_2715/regr.log,case_2715/sim.log.gz,case_2715/trace.log.gz
2716,case_2716/regr.log,case_2716/sim.log.gz,case_2716/trace.log.gz
2717,case_2717/regr.log,case_2717/sim.log.gz,case_2717/trace.log.gz
2718,case_2718/regr.log,case_2718/sim.log.gz,case_2718/trace.log.gz
2719,case_2719/regr.log,case_2719/sim.log.gz,case_2719/trace.log.gz
2720,case_2720/regr.log,case_2720/sim.log.gz,case_2720/trace.log.gz
2721,case_2721/regr.log,case_2721/sim.log.gz,case_2721/trace.log.gz
2722,case_2722/regr.log,case_2722/sim.log.gz,case_2722/trace.log.gz
2723,case_2723/regr.log,case_2723/sim.log.gz,case_2723/trace.log.gz
2724,case_2724/regr.log,case_2724/sim.log.gz,case_2724/trace.log.gz
2725,case_2725/regr.log,case_2725/sim.log.gz,case_2725/trace.log.gz
2726,case_2726/regr.log,case_2726/sim.log.gz,case_2726/trace.log.gz
2727,case_2727/regr.log,case_2727/sim.log.gz,case_2727/trace.log.gz
2728,case_2728/regr.log,case_2728/sim.log.gz,case_2728/trace.log.gz
2729,case_2729/regr.log,case_2729/sim.log.gz,case_2729/trace.log.gz
2730,case_2730/regr.log,case_2730/sim.log.gz,case_2730/trace.log.gz
2731,case_2731/regr.log,case_2731/sim.log.gz,case_2731/trace.log.gz
2732,case_2732/regr.log,case_2732/sim.log.gz,case_2732/trace.log.gz
2733,case_2733/regr.log,case_2733/sim.log.gz,case_2733/trace.log.gz
2734,case_2734/regr.log,case_2734/sim.log.gz,case_2734/trace.log.gz
2735,case_2735/regr.log,case_2735/sim.log.gz,case_2735/trace.log.gz
2736,case_2736/regr.log,case_2736/sim.log.gz,case_2736/trace.log.gz
2737,case_2737/regr.log,case_2737/sim.log.gz,case_2737/trace.log.gz
2738,case_2738/regr.log,case_2738/sim.log.gz,case_2738/trace.log.gz
2739,case_2739/regr.log,case_2739/sim.log.gz,case_2739/trace.log.gz
2740,case_2740/regr.log,case_2740/sim.log.gz,case_2740/trace.log.gz
2741,case_2741/regr.log,case_2741/sim.log.gz,case_2741/trace.log.gz
2742,case_2742/regr.log,case_2742/sim.log.gz,case_2742/trace.log.gz
2743,case_2743/regr.log,case_2743/sim.log.gz,case_2743/trace.log.gz
2744,case_2744/regr.log,case_2744/sim.log.gz,case_2744/trace.log.gz
2745,case_2745/regr.log,case_2745/sim.log.gz,case_2745/trace.log.gz
2746,case_2746/regr.log,case_2746/sim.log.gz,case_2746/trace.log.gz
2747,case_2747/regr.log,case_2747/sim.log.gz,case_2747/trace.log.gz
2748,case_2748/regr.log,case_2748/sim.log.gz,case_2748/trace.log.gz
2749,case_2749/regr.log,case_2749/sim.log.gz,case_2749/trace.log.gz
2750,case_2750/regr.log,case_2750/sim.log.gz,case_2750/trace.log.gz
2751,case_2751/regr.log,case_2751/sim.log.gz,case_2751/trace.log.gz
2752,case_2752/regr.log,case_2752/sim.log.gz,case_2752/trace.log.gz
2753,case_2753/regr.log,case_2753/sim.log.gz,case_2753/trace.log.gz
2754,case_2754/regr.log,case_2754/sim.log.gz,case_2754/trace.log.gz
2755,case_2755/regr.log,case_2755/sim.log.gz,case_2755/trace.log.gz
2756,case_2756/regr.log,case_2756/sim.log.gz,case_2756/trace.log.gz
2757,case_2757/regr.log,case_2757/sim.log.gz,case_2757/trace.log.gz
2758,case_2758/regr.log,case_2758/sim.log.gz,case_2758/trace.log.gz
2759,case_2759/regr.log,case_2759/sim.log.gz,case_2759/trace.log.gz
2760,case_2760/regr.log,case_2760/sim.log.gz,case_2760/trace.log.gz
2761,case_2761/regr.log,case_2761/sim.log.gz,case_2761/trace.log.gz
2762,case_2762/regr.log,case_2762/sim.log.gz,case_2762/trace.log.gz
2763,case_2763/regr.log,case_2763/sim.log.gz,case_2763/trace.log.gz
2764,case_2764/regr.log,case_2764/sim.log.gz,case_2764/trace.log.gz
2765,case_2765/regr.log,case_2765/sim.log.gz,case_2765/trace.log.gz
2766,case_2766/regr.log,case_2766/sim.log.gz,case_2766/trace.log.gz
2767,case_2767/regr.log,case_2767/sim.log.gz,case_2767/trace.log.gz
2768,case_2768/regr.log,case_2768/sim.log.gz,case_2768/trace.log.gz
2769,case_2769/regr.log,case_2769/sim.log.gz,case_2769/trace.log.gz
2770,case_2770/regr.log,case_2770/sim.log.gz,case_2770/trace.log.gz
2771,case_2771/regr.log,case_2771/sim.log.gz,case_2771/trace.log.gz
2772,case_2772/regr.log,case_2772/sim.log.gz,case_2772/trace.log.gz
2773,case_2773/regr.log,case_2773/sim.log.gz,case_2773/trace.log.gz
2774,case_2774/regr.log,case_2774/sim.log.gz,case_2774/trace.log.gz
2775,case_2775/regr.log,case_2775/sim.log.gz,case_2775/trace.log.gz
2776,case_2776/regr.log,case_2776/sim.log.gz,case_2776/trace.log.gz
2777,case_2777/regr.log,case_2777/sim.log.gz,case_2777/trace.log.gz
2778,case_2778/regr.log,case_2778/sim.log.gz,case_2778/trace.log.gz
2779,case_2779/regr.log,case_2779/sim.log.gz,case_2779/trace.log.gz
2780,case_2780/regr.log,case_2780/sim.log.gz,case_2780/trace.log.gz
2781,case_2781/regr.log,case_2781/sim.log.gz,case_2781/trace.log.gz
2782,case_2782/regr.log,case_2782/sim.log.gz,case_2782/trace.log.gz
2783,case_2783/regr.log,case_2783/sim.log.gz,case_2783/trace.log.gz
2784,case_2784/regr.log,case_2784/sim.log.gz,case_2784/trace.log.gz
2785,case_2785/regr.log,case_2785/sim.log.gz,case_2785/trace.log.gz
2786,case_2786/regr.log,case_2786/sim.log.gz,case_2786/trace.log.gz
2787,case_2787/regr.log,case_2787/sim.log.gz,case_2787/trace.log.gz
2788,case_2788/regr.log,case_2788/sim.log.gz,case_2788/trace.log.gz
2789,case_2789/regr.log,case_2789/sim.log.gz,case_2789/trace.log.gz
2790,case_2790/regr.log,case_2790/sim.log.gz,case_2790/trace.log.gz
2791,case_2791/regr.log,case_2791/sim.log.gz,case_2791/trace.log.gz
2792,case_2792/regr.log,case_2792/sim.log.gz,case_2792/trace.log.gz
2793,case_2793/regr.log,case_2793/sim.log.gz,case_2793/trace.log.gz
2794,case_2794/regr.log,case_2794/sim.log.gz,case_2794/trace.log.gz
2795,case_2795/regr.log,case_2795/sim.log.gz,case_2795/trace.log.gz
2796,case_2796/regr.log,case_2796/sim.log.gz,case_2796/trace.log.gz
2797,case_2797/regr.log,case_2797/sim.log.gz,case_2797/trace.log.gz
2798,case_2798/regr.log,case_2798/sim.log.gz,case_2798/trace.log.gz
2799,case_2799/regr.log,case_2799/sim.log.gz,case_2799/trace.log.gz
2800,case_2800/regr.log,case_2800/sim.log.gz,case_2800/trace.log.gz
2801,case_2801/regr.log,case_2801/sim.log.gz,case_2801/trace.log.gz
2802,case_2802/regr.log,case_2802/sim.log.gz,case_2802/trace.log.gz
2803,case_2803/regr.log,case_2803/sim.log.gz,case_2803/trace.log.gz
2804,case_2804/regr.log,case_2804/sim.log.gz,case_2804/trace.log.gz
2805,case_2805/regr.log,case_2805/sim.log.gz,case_2805/trace.log.gz
2806,case_2806/regr.log,case_2806/sim.log.gz,case_2806/trace.log.gz
2807,case_2807/regr.log,case_2807/sim.log.gz,case_2807/trace.log.gz
2808,case_2808/regr.log,case_2808/sim.log.gz,case_2808/trace.log.gz
2809,case_2809/regr.log,case_2809/sim.log.gz,case_2809/trace.log.gz
2810,case_2810/regr.log,case_2810/sim.log.gz,case_2810/trace.log.gz
2811,case_2811/regr.log,case_2811/sim.log.gz,case_2811/trace.log.gz
2812,case_2812/regr.log,case_2812/sim.log.gz,case_2812/trace.log.gz
2813,case_2813/regr.log,case_2813/sim.log.gz,case_2813/trace.log.gz
2814,case_2814/regr.log,case_2814/sim.log.gz,case_2814/trace.log.gz
2815,case_2815/regr.log,case_2815/sim.log.gz,case_2815/trace.log.gz
2816,case_2816/regr.log,case_2816/sim.log.gz,case_2816/trace.log.gz
2817,case_2817/regr.log,case_2817/sim.log.gz,case_2817/trace.log.gz
2818,case_2818/regr.log,case_2818/sim.log.gz,case_2818/trace.log.gz
2819,case_2819/regr.log,case_2819/sim.log.gz,case_2819/trace.log.gz
2820,case_2820/regr.log,case_2820/sim.log.gz,case_2820/trace.log.gz
2821,case_2821/regr.log,case_2821/sim.log.gz,case_2821/trace.log.gz
2822,case_2822/regr.log,case_2822/sim.log.gz,case_2822/trace.log.gz
2823,case_2823/regr.log,case_2823/sim.log.gz,case_2823/trace.log.gz
2824,case_2824/regr.log,case_2824/sim.log.gz,case_2824/trace.log.gz
2825,case_2825/regr.log,case_2825/sim.log.gz,case_2825/trace.log.gz
2826,case_2826/regr.log,case_2826/sim.log.gz,case_2826/trace.log.gz
2827,case_2827/regr.log,case_2827/sim.log.gz,case_2827/trace.log.gz
2828,case_2828/regr.log,case_2828/sim.log.gz,case_2828/trace.log.gz
2829,case_2829/regr.log,case_2829/sim.log.gz,case_2829/trace.log.gz
2830,case_2830/regr.log,case_2830/sim.log.gz,case_2830/trace.log.gz
2831,case_2831/regr.log,case_2831/sim.log.gz,case_2831/trace.log.gz
2832,case_2832/regr.log,case_2832/sim.log.gz,case_2832/trace.log.gz
2833,case_2833/regr.log,case_2833/sim.log.gz,case_2833/trace.log.gz
2834,case_2834/regr.log,case_2834/sim.log.gz,case_2834/trace.log.gz
2835,case_2835/regr.log,case_2835/sim.log.gz,case_2835/trace.log.gz
2836,case_2836/regr.log,case_2836/sim.log.gz,case_2836/trace.log.gz
2837,case_2837/regr.log,case_2837/sim.log.gz,case_2837/trace.log.gz
2838,case_2838/regr.log,case_2838/sim.log.gz,case_2838/trace.log.gz
2839,case_2839/regr.log,case_2839/sim.log.gz,case_2839/trace.log.gz
2840,case_2840/regr.log,case_2840/sim.log.gz,case_2840/trace.log.gz
2841,case_2841/regr.log,case_2841/sim.log.gz,case_2841/trace.log.gz
2842,case_2842/regr.log,case_2842/sim.log.gz,case_2842/trace.log.gz
2843,case_2843/regr.log,case_2843/sim.log.gz,case_2843/trace.log.gz
2844,case_2844/regr.log,case_2844/sim.log.gz,case_2844/trace.log.gz
2845,case_2845/regr.log,case_2845/sim.log.gz,case_2845/trace.log.gz
2846,case_2846/regr.log,case_2846/sim.log.gz,case_2846/trace.log.gz
2847,case_2847/regr.log,case_2847/sim.log.gz,case_2847/trace.log.gz
2848,case_2848/regr.log,case_2848/sim.log.gz,case_2848/trace.log.gz
2849,case_2849/regr.log,case_2849/sim.log.gz,case_2849/trace.log.gz
2850,case_2850/regr.log,case_2850/sim.log.gz,case_2850/trace.log.gz
2851,case_2851/regr.log,case_2851/sim.log.gz,case_2851/trace.log.gz
2852,case_2852/regr.log,case_2852/sim.log.gz,case_2852/trace.log.gz
2853,case_2853/regr.log,case_2853/sim.log.gz,case_2853/trace.log.gz
2854,case_2854/regr.log,case_2854/sim.log.gz,case_2854/trace.log.gz
2855,case_2855/regr.log,case_2855/sim.log.gz,case_2855/trace.log.gz
2856,case_2856/regr.log,case_2856/sim.log.gz,case_2856/trace.log.gz
2857,case_2857/regr.log,case_2857/sim.log.gz,case_2857/trace.log.gz
2858,case_2858/regr.log,case_2858/sim.log.gz,case_2858/trace.log.gz
2859,case_2859/regr.log,case_2859/sim.log.gz,case_2859/trace.log.gz
2860,case_2860/regr.log,case_2860/sim.log.gz,case_2860/trace.log.gz
2861,case_2861/regr.log,case_2861/sim.log.gz,case_2861/trace.log.gz
2862,case_2862/regr.log,case_2862/sim.log.gz,case_2862/trace.log.gz
2863,case_2863/regr.log,case_2863/sim.log.gz,case_2863/trace.log.gz
2864,case_2864/regr.log,case_2864/sim.log.gz,case_2864/trace.log.gz
2865,case_2865/regr.log,case_2865/sim.log.gz,case_2865/trace.log.gz
2866,case_2866/regr.log,case_2866/sim.log.gz,case_2866/trace.log.gz
2867,case_2867/regr.log,case_2867/sim.log.gz,case_2867/trace.log.gz
2868,case_2868/regr.log,case_2868/sim.log.gz,case_2868/trace.log.gz
2869,case_2869/regr.log,case_2869/sim.log.gz,case_2869/trace.log.gz
2870,case_2870/regr.log,case_2870/sim.log.gz,case_2870/trace.log.gz
2871,case_2871/regr.log,case_2871/sim.log.gz,case_2871/trace.log.gz
2872,case_2872/regr.log,case_2872/sim.log.gz,case_2872/trace.log.gz
2873,case_2873/regr.log,case_2873/sim.log.gz,case_2873/trace.log.gz
2874,case_2874/regr.log,case_2874/sim.log.gz,case_2874/trace.log.gz
2875,case_2875/regr.log,case_2875/sim.log.gz,case_2875/trace.log.gz
2876,case_2876/regr.log,case_2876/sim.log.gz,case_2876/trace.log.gz
2877,case_2877/regr.log,case_2877/sim.log.gz,case_2877/trace.log.gz
2878,case_2878/regr.log,case_2878/sim.log.gz,case_2878/trace.log.gz
2879,case_2879/regr.log,case_2879/sim.log.gz,case_2879/trace.log.gz
2880,case_2880/regr.log,case_2880/sim.log.gz,case_2880/trace.log.gz
2881,case_2881/regr.log,case_2881/sim.log.gz,case_2881/trace.log.gz
2882,case_2882/regr.log,case_2882/sim.log.gz,case_2882/trace.log.gz
2883,case_2883/regr.log,case_2883/sim.log.gz,case_2883/trace.log.gz
2884,case_2884/regr.log,case_2884/sim.log.gz,case_2884/trace.log.gz
2885,case_2885/regr.log,case_2885/sim.log.gz,case_2885/trace.log.gz
2886,case_2886/regr.log,case_2886/sim.log.gz,case_2886/trace.log.gz
2887,case_2887/regr.log,case_2887/sim.log.gz,case_2887/trace.log.gz
2888,case_2888/regr.log,case_2888/sim.log.gz,case_2888/trace.log.gz
2889,case_2889/regr.log,case_2889/sim.log.gz,case_2889/trace.log.gz
2890,case_2890/regr.log,case_2890/sim.log.gz,case_2890/trace.log.gz
2891,case_2891/regr.log,case_2891/sim.log.gz,case_2891/trace.log.gz
2892,case_2892/regr.log,case_2892/sim.log.gz,case_2892/trace.log.gz
2893,case_2893/regr.log,case_2893/sim.log.gz,case_2893/trace.log.gz
2894,case_2894/regr.log,case_2894/sim.log.gz,case_2894/trace.log.gz
2895,case_2895/regr.log,case_2895/sim.log.gz,case_2895/trace.log.gz
2896,case_2896/regr.log,case_2896/sim.log.gz,case_2896/trace.log.gz
2897,case_2897/regr.log,case_2897/sim.log.gz,case_2897/trace.log.gz
2898,case_2898/regr.log,case_2898/sim.log.gz,case_2898/trace.log.gz
2899,case_2899/regr.log,case_2899/sim.log.gz,case_2899/trace.log.gz
2900,case_2900/regr.log,case_2900/sim.log.gz,case_2900/trace.log.gz
2901,case_2901/regr.log,case_2901/sim.log.gz,case_2901/trace.log.gz
2902,case_2902/regr.log,case_2902/sim.log.gz,case_2902/trace.log.gz
2903,case_2903/regr.log,case_2903/sim.log.gz,case_2903/trace.log.gz
2904,case_2904/regr.log,case_2904/sim.log.gz,case_2904/trace.log.gz
2905,case_2905/regr.log,case_2905/sim.log.gz,case_2905/trace.log.gz
2906,case_2906/regr.log,case_2906/sim.log.gz,case_2906/trace.log.gz
2907,case_2907/regr.log,case_2907/sim.log.gz,case_2907/trace.log.gz
2908,case_2908/regr.log,case_2908/sim.log.gz,case_2908/trace.log.gz
2909,case_2909/regr.log,case_2909/sim.log.gz,case_2909/trace.log.gz
2910,case_2910/regr.log,case_2910/sim.log.gz,case_2910/trace.log.gz
2911,case_2911/regr.log,case_2911/sim.log.gz,case_2911/trace.log.gz
2912,case_2912/regr.log,case_2912/sim.log.gz,case_2912/trace.log.gz
2913,case_2913/regr.log,case_2913/sim.log.gz,case_2913/trace.log.gz
2914,case_2914/regr.log,case_2914/sim.log.gz,case_2914/trace.log.gz
2915,case_2915/regr.log,case_2915/sim.log.gz,case_2915/trace.log.gz
2916,case_2916/regr.log,case_2916/sim.log.gz,case_2916/trace.log.gz
2917,case_2917/regr.log,case_2917/sim.log.gz,case_2917/trace.log.gz
2918,case_2918/regr.log,case_2918/sim.log.gz,case_2918/trace.log.gz
2919,case_2919/regr.log,case_2919/sim.log.gz,case_2919/trace.log.gz
2920,case_2920/regr.log,case_2920/sim.log.gz,case_2920/trace.log.gz
2921,case_2921/regr.log,case_2921/sim.log.gz,case_2921/trace.log.gz
2922,case_2922/regr.log,case_2922/sim.log.gz,case_2922/trace.log.gz
2923,case_2923/regr.log,case_2923/sim.log.gz,case_2923/trace.log.gz
2924,case_2924/regr.log,case_2924/sim.log.gz,case_2924/trace.log.gz
2925,case_2925/regr.log,case_2925/sim.log.gz,case_2925/trace.log.gz
2926,case_2926/regr.log,case_2926/sim.log.gz,case_2926/trace.log.gz
2927,case_2927/regr.log,case_2927/sim.log.gz,case_2927/trace.log.gz
2928,case_2928/regr.log,case_2928/sim.log.gz,case_2928/trace.log.gz
2929,case_2929/regr.log,case_2929/sim.log.gz,case_2929/trace.log.gz
2930,case_2930/regr.log,case_2930/sim.log.gz,case_2930/trace.log.gz
2931,case_2931/regr.log,case_2931/sim.log.gz,case_2931/trace.log.gz
2932,case_2932/regr.log,case_2932/sim.log.gz,case_2932/trace.log.gz
2933,case_2933/regr.log,case_2933/sim.log.gz,case_2933/trace.log.gz
2934,case_2934/regr.log,case_2934/sim.log.gz,case_2934/trace.log.gz
2935,case_2935/regr.log,case_2935/sim.log.gz,case_2935/trace.log.gz
2936,case_2936/regr.log,case_2936/sim.log.gz,case_2936/trace.log.gz
2937,case_2937/regr.log,case_2937/sim.log.gz,case_2937/trace.log.gz
2938,case_2938/regr.log,case_2938/sim.log.gz,case_2938/trace.log.gz
2939,case_2939/regr.log,case_2939/sim.log.gz,case_2939/trace.log.gz
2940,case_2940/regr.log,case_2940/sim.log.gz,case_2940/trace.log.gz
2941,case_2941/regr.log,case_2941/sim.log.gz,case_2941/trace.log.gz
2942,case_2942/regr.log,case_2942/sim.log.gz,case_2942/trace.log.gz
2943,case_2943/regr.log,case_2943/sim.log.gz,case_2943/trace.log.gz
2944,case_2944/regr.log,case_2944/sim.log.gz,case_2944/trace.log.gz
