Time	Cycle	PC	Insn	Decoded instruction	Register and memory contents
          12975	       547	80000080	40001bb7	lui	x23,0x40001	 x23=0x40001000
          13195	       558	80000084	106b8b93	addi	x23,x23,262	 x23:0x40001000 x23=0x40001106
          13215	       559	80000088	301b9073	csrrw	x0,misa,x23	 x23:0x40001106  x0=0x00000000
          13275	       562	8000008c	00026797	auipc	x15,0x26	 x15=0x8002608c
          13295	       563	80000090	c5878793	addi	x15,x15,-936	 x15:0x8002608c x15=0x80025ce4
          13455	       571	80000094	00002b97	auipc	x23,0x2	 x23=0x80002094
          13475	       572	80000098	66cb8b93	addi	x23,x23,1644	 x23:0x80002094 x23=0x80002700
          13535	       575	8000009c	001beb93	ori	x23,x23,1	 x23:0x80002700 x23=0x80002701
          13555	       576	800000a0	305b9073	csrrw	x0,mtvec,x23	 x23:0x80002701  x0=0x00000000
          13755	       586	800000a4	74725073	csrrwi	x0,0x747,4	  x0=0x00000000
          13935	       595	800000a8	00003617	auipc	x12,0x3	 x12=0x800030a8
          13955	       596	800000ac	41460613	addi	x12,x12,1044	 x12:0x800030a8 x12=0x800034bc
          13975	       597	800000b0	4b81	c.li	x23,0	 x23=0x00000000
          13995	       598	800000b2	965e	c.add	x12,x23	 x12:0x800034bc x23:0x00000000 x12=0x800034bc
          14015	       599	800000b4	8209	c.srli	x12,0x2	 x12:0x800034bc x12=0x20000d2f
          14095	       603	800000b6	3b061073	csrrw	x0,pmpaddr0,x12	 x12:0x20000d2f  x0=0x00000000
          14155	       606	800000ba	00003617	auipc	x12,0x3	 x12=0x800030ba
          14175	       607	800000be	40260613	addi	x12,x12,1026	 x12:0x800030ba x12=0x800034bc
          14195	       608	800000c2	11111bb7	lui	x23,0x11111	 x23=0x11111000
          14215	       609	800000c6	111b8b93	addi	x23,x23,273	 x23:0x11111000 x23=0x11111111
          14235	       610	800000ca	965e	c.add	x12,x23	 x12:0x800034bc x23:0x11111111 x12=0x911145cd
          14335	       615	800000cc	8209	c.srli	x12,0x2	 x12:0x911145cd x12=0x24445173
          14375	       617	800000ce	3b161073	csrrw	x0,pmpaddr1,x12	 x12:0x24445173  x0=0x00000000
          14675	       632	800000d2	00003617	auipc	x12,0x3	 x12=0x800030d2
          14695	       633	800000d6	3ea60613	addi	x12,x12,1002	 x12:0x800030d2 x12=0x800034bc
          15015	       649	800000da	22222bb7	lui	x23,0x22222	 x23=0x22222000
          15435	       670	800000de	222b8b93	addi	x23,x23,546	 x23:0x22222000 x23=0x22222222
          15455	       671	800000e2	965e	c.add	x12,x23	 x12:0x800034bc x23:0x22222222 x12=0xa22256de
          15855	       691	800000e4	8209	c.srli	x12,0x2	 x12:0xa22256de x12=0x288895b7
          16175	       707	800000e6	3b261073	csrrw	x0,pmpaddr2,x12	 x12:0x288895b7  x0=0x00000000
          16235	       710	800000ea	00003617	auipc	x12,0x3	 x12=0x800030ea
          16255	       711	800000ee	3d260613	addi	x12,x12,978	 x12:0x800030ea x12=0x800034bc
          16275	       712	800000f2	33333bb7	lui	x23,0x33333	 x23=0x33333000
          16295	       713	800000f6	333b8b93	addi	x23,x23,819	 x23:0x33333000 x23=0x33333333
          16315	       714	800000fa	965e	c.add	x12,x23	 x12:0x800034bc x23:0x33333333 x12=0xb33367ef
          16375	       717	800000fc	8209	c.srli	x12,0x2	 x12:0xb33367ef x12=0x2cccd9fb
          16395	       718	800000fe	3b361073	csrrw	x0,pmpaddr3,x12	 x12:0x2cccd9fb  x0=0x00000000
          16815	       739	80000102	0f0f1637	lui	x12,0xf0f1	 x12=0x0f0f1000
          17235	       760	80000106	f0f60613	addi	x12,x12,-241	 x12:0x0f0f1000 x12=0x0f0f0f0f
          17315	       764	8000010a	3a061073	csrrw	x0,pmpcfg0,x12	 x12:0x0f0f0f0f  x0=0x00000000
          17375	       767	8000010e	00003617	auipc	x12,0x3	 x12=0x8000310e
          17635	       780	80000112	3ae60613	addi	x12,x12,942	 x12:0x8000310e x12=0x800034bc
          18055	       801	80000116	44444bb7	lui	x23,0x44444	 x23=0x44444000
          18075	       802	8000011a	444b8b93	addi	x23,x23,1092	 x23:0x44444000 x23=0x44444444
          18095	       803	8000011e	965e	c.add	x12,x23	 x12:0x800034bc x23:0x44444444 x12=0xc4447900
          18115	       804	80000120	8209	c.srli	x12,0x2	 x12:0xc4447900 x12=0x31111e40
          18135	       805	80000122	3b461073	csrrw	x0,pmpaddr4,x12	 x12:0x31111e40  x0=0x00000000
          18195	       808	80000126	00003617	auipc	x12,0x3	 x12=0x80003126
          18215	       809	8000012a	39660613	addi	x12,x12,918	 x12:0x80003126 x12=0x800034bc
          18315	       814	8000012e	55555bb7	lui	x23,0x55555	 x23=0x55555000
          18335	       815	80000132	555b8b93	addi	x23,x23,1365	 x23:0x55555000 x23=0x55555555
          18355	       816	80000136	965e	c.add	x12,x23	 x12:0x800034bc x23:0x55555555 x12=0xd5558a11
          18415	       819	80000138	8209	c.srli	x12,0x2	 x12:0xd5558a11 x12=0x35556284
          18715	       834	8000013a	3b561073	csrrw	x0,pmpaddr5,x12	 x12:0x35556284  x0=0x00000000
          18775	       837	8000013e	00003617	auipc	x12,0x3	 x12=0x8000313e
          18795	       838	80000142	37e60613	addi	x12,x12,894	 x12:0x8000313e x12=0x800034bc
          19175	       857	80000146	66666bb7	lui	x23,0x66666	 x23=0x66666000
          19595	       878	8000014a	666b8b93	addi	x23,x23,1638	 x23:0x66666000 x23=0x66666666
          19615	       879	8000014e	965e	c.add	x12,x23	 x12:0x800034bc x23:0x66666666 x12=0xe6669b22
          19915	       894	80000150	8209	c.srli	x12,0x2	 x12:0xe6669b22 x12=0x3999a6c8
          19935	       895	80000152	3b661073	csrrw	x0,pmpaddr6,x12	 x12:0x3999a6c8  x0=0x00000000
          19995	       898	80000156	00003617	auipc	x12,0x3	 x12=0x80003156
          20015	       899	8000015a	36660613	addi	x12,x12,870	 x12:0x80003156 x12=0x800034bc
          20035	       900	8000015e	77777bb7	lui	x23,0x77777	 x23=0x77777000
          20055	       901	80000162	777b8b93	addi	x23,x23,1911	 x23:0x77777000 x23=0x77777777
          20075	       902	80000166	965e	c.add	x12,x23	 x12:0x800034bc x23:0x77777777 x12=0xf777ac33
          20095	       903	80000168	8209	c.srli	x12,0x2	 x12:0xf777ac33 x12=0x3dddeb0c
          20355	       916	8000016a	3b761073	csrrw	x0,pmpaddr7,x12	 x12:0x3dddeb0c  x0=0x00000000
          20415	       919	8000016e	0f0f1637	lui	x12,0xf0f1	 x12=0x0f0f1000
          20755	       936	80000172	f0f60613	addi	x12,x12,-241	 x12:0x0f0f1000 x12=0x0f0f0f0f
          20775	       937	80000176	3a161073	csrrw	x0,pmpcfg1,x12	 x12:0x0f0f0f0f  x0=0x00000000
          20975	       947	8000017a	00003617	auipc	x12,0x3	 x12=0x8000317a
          20995	       948	8000017e	34260613	addi	x12,x12,834	 x12:0x8000317a x12=0x800034bc
          21015	       949	80000182	88889bb7	lui	x23,0x88889	 x23=0x88889000
          21035	       950	80000186	888b8b93	addi	x23,x23,-1912	 x23:0x88889000 x23=0x88888888
          21055	       951	8000018a	965e	c.add	x12,x23	 x12:0x800034bc x23:0x88888888 x12=0x0888bd44
          21075	       952	8000018c	8209	c.srli	x12,0x2	 x12:0x0888bd44 x12=0x02222f51
          21175	       957	8000018e	3b861073	csrrw	x0,pmpaddr8,x12	 x12:0x02222f51  x0=0x00000000
          21235	       960	80000192	00003617	auipc	x12,0x3	 x12=0x80003192
          21435	       970	80000196	32a60613	addi	x12,x12,810	 x12:0x80003192 x12=0x800034bc
          21575	       977	8000019a	9999abb7	lui	x23,0x9999a	 x23=0x9999a000
          21715	       984	8000019e	999b8b93	addi	x23,x23,-1639	 x23:0x9999a000 x23=0x99999999
          21735	       985	800001a2	965e	c.add	x12,x23	 x12:0x800034bc x23:0x99999999 x12=0x1999ce55
          21755	       986	800001a4	8209	c.srli	x12,0x2	 x12:0x1999ce55 x12=0x06667395
          21775	       987	800001a6	3b961073	csrrw	x0,pmpaddr9,x12	 x12:0x06667395  x0=0x00000000
          21835	       990	800001aa	00003617	auipc	x12,0x3	 x12=0x800031aa
          21855	       991	800001ae	31260613	addi	x12,x12,786	 x12:0x800031aa x12=0x800034bc
          21875	       992	800001b2	aaaabbb7	lui	x23,0xaaaab	 x23=0xaaaab000
          21895	       993	800001b6	aaab8b93	addi	x23,x23,-1366	 x23:0xaaaab000 x23=0xaaaaaaaa
          21915	       994	800001ba	965e	c.add	x12,x23	 x12:0x800034bc x23:0xaaaaaaaa x12=0x2aaadf66
          22055	      1001	800001bc	8209	c.srli	x12,0x2	 x12:0x2aaadf66 x12=0x0aaab7d9
          22295	      1013	800001be	3ba61073	csrrw	x0,pmpaddr10,x12	 x12:0x0aaab7d9  x0=0x00000000
          22715	      1034	800001c2	00003617	auipc	x12,0x3	 x12=0x800031c2
          22915	      1044	800001c6	2fa60613	addi	x12,x12,762	 x12:0x800031c2 x12=0x800034bc
          22935	      1045	800001ca	bbbbcbb7	lui	x23,0xbbbbc	 x23=0xbbbbc000
          22955	      1046	800001ce	bbbb8b93	addi	x23,x23,-1093	 x23:0xbbbbc000 x23=0xbbbbbbbb
          22975	      1047	800001d2	965e	c.add	x12,x23	 x12:0x800034bc x23:0xbbbbbbbb x12=0x3bbbf077
          23375	      1067	800001d4	8209	c.srli	x12,0x2	 x12:0x3bbbf077 x12=0x0eeefc1d
          23395	      1068	800001d6	3bb61073	csrrw	x0,pmpaddr11,x12	 x12:0x0eeefc1d  x0=0x00000000
          23455	      1071	800001da	0f0f1637	lui	x12,0xf0f1	 x12=0x0f0f1000
          23735	      1085	800001de	f0f60613	addi	x12,x12,-241	 x12:0x0f0f1000 x12=0x0f0f0f0f
          23835	      1090	800001e2	3a261073	csrrw	x0,pmpcfg2,x12	 x12:0x0f0f0f0f  x0=0x00000000
          23895	      1093	800001e6	00003617	auipc	x12,0x3	 x12=0x800031e6
          24095	      1103	800001ea	2d660613	addi	x12,x12,726	 x12:0x800031e6 x12=0x800034bc
          24115	      1104	800001ee	ccccdbb7	lui	x23,0xccccd	 x23=0xccccd000
          24135	      1105	800001f2	cccb8b93	addi	x23,x23,-820	 x23:0xccccd000 x23=0xcccccccc
          24155	      1106	800001f6	965e	c.add	x12,x23	 x12:0x800034bc x23:0xcccccccc x12=0x4ccd0188
          24175	      1107	800001f8	8209	c.srli	x12,0x2	 x12:0x4ccd0188 x12=0x13334062
          24575	      1127	800001fa	3bc61073	csrrw	x0,pmpaddr12,x12	 x12:0x13334062  x0=0x00000000
          24635	      1130	800001fe	00003617	auipc	x12,0x3	 x12=0x800031fe
          24795	      1138	80000202	2be60613	addi	x12,x12,702	 x12:0x800031fe x12=0x800034bc
          24875	      1142	80000206	ddddebb7	lui	x23,0xdddde	 x23=0xdddde000
          25015	      1149	8000020a	dddb8b93	addi	x23,x23,-547	 x23:0xdddde000 x23=0xdddddddd
          25035	      1150	8000020e	965e	c.add	x12,x23	 x12:0x800034bc x23:0xdddddddd x12=0x5dde1299
          25075	      1152	80000210	8209	c.srli	x12,0x2	 x12:0x5dde1299 x12=0x177784a6
          25095	      1153	80000212	3bd61073	csrrw	x0,pmpaddr13,x12	 x12:0x177784a6  x0=0x00000000
          25235	      1160	80000216	00003617	auipc	x12,0x3	 x12=0x80003216
          25255	      1161	8000021a	2a660613	addi	x12,x12,678	 x12:0x80003216 x12=0x800034bc
          25275	      1162	8000021e	eeeefbb7	lui	x23,0xeeeef	 x23=0xeeeef000
          25395	      1168	80000222	eeeb8b93	addi	x23,x23,-274	 x23:0xeeeef000 x23=0xeeeeeeee
          25415	      1169	80000226	965e	c.add	x12,x23	 x12:0x800034bc x23:0xeeeeeeee x12=0x6eef23aa
          25715	      1184	80000228	8209	c.srli	x12,0x2	 x12:0x6eef23aa x12=0x1bbbc8ea
          25735	      1185	8000022a	3be61073	csrrw	x0,pmpaddr14,x12	 x12:0x1bbbc8ea  x0=0x00000000
          25795	      1188	8000022e	00003617	auipc	x12,0x3	 x12=0x8000322e
          25815	      1189	80000232	28e60613	addi	x12,x12,654	 x12:0x8000322e x12=0x800034bc
          26195	      1208	80000236	fff00b93	addi	x23,x0,-1	  x0:0x00000000 x23=0xffffffff
          26215	      1209	8000023a	965e	c.add	x12,x23	 x12:0x800034bc x23:0xffffffff x12=0x800034bb
          26235	      1210	8000023c	8209	c.srli	x12,0x2	 x12:0x800034bb x12=0x20000d2e
          26255	      1211	8000023e	3bf61073	csrrw	x0,pmpaddr15,x12	 x12:0x20000d2e  x0=0x00000000
          26375	      1217	80000242	0f0f1637	lui	x12,0xf0f1	 x12=0x0f0f1000
          26395	      1218	80000246	f0f60613	addi	x12,x12,-241	 x12:0x0f0f1000 x12=0x0f0f0f0f
          26415	      1219	8000024a	3a361073	csrrw	x0,pmpcfg3,x12	 x12:0x0f0f0f0f  x0=0x00000000
          26475	      1222	8000024e	00000b97	auipc	x23,0x0	 x23=0x8000024e
          26495	      1223	80000252	058b8b93	addi	x23,x23,88	 x23:0x8000024e x23=0x800002a6
          26635	      1230	80000256	341b9073	csrrw	x0,mepc,x23	 x23:0x800002a6  x0=0x00000000
          26655	      1231	8000025a	7c00d073	csrrwi	x0,0x7c0,1	  x0=0x00000000
          26715	      1234	8000025e	6b89	c.lui	x23,0x2	 x23=0x00002000
          27075	      1252	80000260	800b8b93	addi	x23,x23,-2048	 x23:0x00002000 x23=0x00001800
          27095	      1253	80000264	300b9073	csrrw	x0,mstatus,x23	 x23:0x00001800  x0=0x00000000
          27275	      1262	80000268	4b81	c.li	x23,0	 x23=0x00000000
          27375	      1267	8000026a	304b9073	csrrw	x0,mie,x23	 x23:0x00000000  x0=0x00000000
          27615	      1279	8000026e	90000537	lui	x10,0x90000	 x10=0x90000000
          27635	      1280	80000272	1571	c.addi	x10,-4	 x10:0x90000000 x10=0x8ffffffc
          27655	      1281	80000274	30000b93	addi	x23,x0,768	  x0:0x00000000 x23=0x00000300
          27715	      1284	80000278	0ba2	c.slli	x23,0x8	 x23:0x00000300 x23=0x00030000
          27735	      1285	8000027a	0b8d	c.addi	x23,3	 x23:0x00030000 x23=0x00030003
          28375	      1317	8000027c	01752023	sw	x23,0(x10)	 x10:0x8ffffffc x23:0x00030003 PA:0x8ffffffc store:0x00030003
          28395	      1318	80000280	30002bf3	csrrs	x23,mstatus,x0	  x0:0x00000000 x23=0x00001800
          28995	      1348	80000284	01752023	sw	x23,0(x10)	 x10:0x8ffffffc x23:0x00001800 PA:0x8ffffffc store:0x00001800
          29015	      1349	80000288	90000537	lui	x10,0x90000	 x10=0x90000000
          29035	      1350	8000028c	1571	c.addi	x10,-4	 x10:0x90000000 x10=0x8ffffffc
          29055	      1351	8000028e	30400b93	addi	x23,x0,772	  x0:0x00000000 x23=0x00000304
          29075	      1352	80000292	0ba2	c.slli	x23,0x8	 x23:0x00000304 x23=0x00030400
          29095	      1353	80000294	0b8d	c.addi	x23,3	 x23:0x00030400 x23=0x00030403
          29175	      1357	80000296	01752023	sw	x23,0(x10)	 x10:0x8ffffffc x23:0x00030403 PA:0x8ffffffc store:0x00030403
          29195	      1358	8000029a	30402bf3	csrrs	x23,mie,x0	  x0:0x00000000 x23=0x00000000
          29395	      1368	8000029e	01752023	sw	x23,0(x10)	 x10:0x8ffffffc x23:0x00000000 PA:0x8ffffffc store:0x00000000
          29415	      1369	800002a2	30200073	mret	
          29495	      1373	800002a6	00000013	addi	x0,x0,0	  x0:0x00000000  x0=0x00000000
          29515	      1374	800002aa	fe8120b7	lui	x1,0xfe812	  x1=0xfe812000
          30235	      1410	800002ae	65a08093	addi	x1,x1,1626	  x1:0xfe812000  x1=0xfe81265a
          30275	      1412	800002b2	12af7137	lui	x2,0x12af7	  x2=0x12af7000
          30355	      1416	800002b6	8de10113	addi	x2,x2,-1826	  x2:0x12af7000  x2=0x12af68de
          30375	      1417	800002ba	f6a3c1b7	lui	x3,0xf6a3c	  x3=0xf6a3c000
          30535	      1425	800002be	a6818193	addi	x3,x3,-1432	  x3:0xf6a3c000  x3=0xf6a3ba68
          30635	      1430	800002c2	80000237	lui	x4,0x80000	  x4=0x80000000
          30655	      1431	800002c6	7176f2b7	lui	x5,0x7176f	  x5=0x7176f000
          30675	      1432	800002ca	ce228293	addi	x5,x5,-798	  x5:0x7176f000  x5=0x7176ece2
          30695	      1433	800002ce	61f36337	lui	x6,0x61f36	  x6=0x61f36000
          30715	      1434	800002d2	cd230313	addi	x6,x6,-814	  x6:0x61f36000  x6=0x61f35cd2
          30735	      1435	800002d6	4381	c.li	x7,0	  x7=0x00000000
          31155	      1456	800002d8	9e06c437	lui	x8,0x9e06c	  x8=0x9e06c000
          31175	      1457	800002dc	0469	c.addi	x8,26	  x8:0x9e06c000  x8=0x9e06c01a
          31195	      1458	800002de	4481	c.li	x9,0	  x9=0x00000000
          31215	      1459	800002e0	4501	c.li	x10,0	 x10=0x00000000
          31235	      1460	800002e2	ceead5b7	lui	x11,0xceead	 x11=0xceead000
          31395	      1468	800002e6	5d858593	addi	x11,x11,1496	 x11:0xceead000 x11=0xceead5d8
          31415	      1469	800002ea	51254637	lui	x12,0x51254	 x12=0x51254000
          31675	      1482	800002ee	0c660613	addi	x12,x12,198	 x12:0x51254000 x12=0x512540c6
          31695	      1483	800002f2	4681	c.li	x13,0	 x13=0x00000000
          31715	      1484	800002f4	80000737	lui	x14,0x80000	 x14=0x80000000
          31755	      1486	800002f8	4835	c.li	x16,13	 x16=0x0000000d
          31775	      1487	800002fa	48b5	c.li	x17,13	 x17=0x0000000d
          31815	      1489	800002fc	4901	c.li	x18,0	 x18=0x00000000
          31835	      1490	800002fe	4981	c.li	x19,0	 x19=0x00000000
          31855	      1491	80000300	4a09	c.li	x20,2	 x20=0x00000002
          31875	      1492	80000302	4a81	c.li	x21,0	 x21=0x00000000
          31935	      1495	80000304	1d710b37	lui	x22,0x1d710	 x22=0x1d710000
          32095	      1503	80000308	1beb0b13	addi	x22,x22,446	 x22:0x1d710000 x22=0x1d7101be
          32115	      1504	8000030c	4b81	c.li	x23,0	 x23=0x00000000
          32175	      1507	8000030e	80000cb7	lui	x25,0x80000	 x25=0x80000000
          32195	      1508	80000312	4d01	c.li	x26,0	 x26=0x00000000
          32335	      1515	80000314	80000db7	lui	x27,0x80000	 x27=0x80000000
          32755	      1536	80000318	f969ae37	lui	x28,0xf969a	 x28=0xf969a000
          32875	      1542	8000031c	c78e0e13	addi	x28,x28,-904	 x28:0xf969a000 x28=0xf9699c78
          33055	      1551	80000320	f45b1eb7	lui	x29,0xf45b1	 x29=0xf45b1000
          33075	      1552	80000324	c1ce8e93	addi	x29,x29,-996	 x29:0xf45b1000 x29=0xf45b0c1c
          33235	      1560	80000328	b24fff37	lui	x30,0xb24ff	 x30=0xb24ff000
          33455	      1571	8000032c	d1ef0f13	addi	x30,x30,-738	 x30:0xb24ff000 x30=0xb24fed1e
          33475	      1572	80000330	4f89	c.li	x31,2	 x31=0x00000002
          33895	      1593	80000332	00022c17	auipc	x24,0x22	 x24=0x80022332
          33915	      1594	80000336	b32c0c13	addi	x24,x24,-1230	 x24:0x80022332 x24=0x80021e64
          34255	      1611	8000033a	90000537	lui	x10,0x90000	 x10=0x90000000
          34275	      1612	8000033e	1571	c.addi	x10,-4	 x10:0x90000000 x10=0x8ffffffc
          34635	      1630	80000340	4b81	c.li	x23,0	 x23=0x00000000
          34655	      1631	80000342	0ba2	c.slli	x23,0x8	 x23:0x00000000 x23=0x00000000
          35055	      1651	80000344	000b8b93	addi	x23,x23,0	 x23:0x00000000 x23=0x00000000
          35295	      1663	80000348	01752023	sw	x23,0(x10)	 x10:0x8ffffffc x23:0x00000000 PA:0x8ffffffc store:0x00000000
          35315	      1664	8000034c	1700306f	jal	x0,800034bc	  x0=0x00000000
          35915	      1694	800034bc	340ca3f3	csrrs	x7,mscratch,x25	 x25:0x80000000  x7=0x00000000
          35955	      1696	800034c0	85dd	c.srai	x11,0x17	 x11:0xceead5d8 x11=0xffffff9d
          35975	      1697	800034c2	003ba6b3	slt	x13,x23,x3	 x23:0x00000000  x3:0xf6a3ba68 x13=0x00000000
          35995	      1698	800034c6	577d	c.li	x14,-1	 x14=0xffffffff
          36155	      1706	800034c8	01d6d393	srli	x7,x13,0x1d	 x13:0x00000000  x7=0x00000000
          36175	      1707	800034cc	3407fcf3	csrrci	x25,mscratch,15	 x25=0x80000000
          36195	      1708	800034d0	01a263b3	or	x7,x4,x26	  x4:0x80000000 x26:0x00000000  x7=0x80000000
          36215	      1709	800034d4	0a00	c.addi4spn	x8,x2,272	  x8=0x12af69ee
          36235	      1710	800034d6	34066ef3	csrrsi	x29,mscratch,12	 x29=0x80000000
          36335	      1715	800034da	9196ff13	andi	x30,x13,-1767	 x13:0x00000000 x30=0x00000000
          36355	      1716	800034de	00785ab3	srl	x21,x16,x7	 x16:0x0000000d  x7:0x80000000 x21=0x0000000d
          36375	      1717	800034e2	ee8d	c.bnez	x13,8000351c	 x13:0x00000000
          36435	      1720	800034e4	010b2d33	slt	x26,x22,x16	 x22:0x1d7101be x16:0x0000000d x26=0x00000000
          36455	      1721	800034e8	0000100f	fence.i	
          36775	      1737	800034ec	34002373	csrrs	x6,mscratch,x0	  x0:0x00000000  x6=0x8000000c
          37195	      1758	800034f0	01ba9893	slli	x17,x21,0x1b	 x21:0x0000000d x17=0x68000000
          37215	      1759	800034f4	3c484b13	xori	x22,x16,964	 x16:0x0000000d x22=0x000003c9
          37575	      1777	800034f8	5e7d	c.li	x28,-1	 x28=0xffffffff
          37735	      1785	800034fa	d92e4093	xori	x1,x28,-622	 x28:0xffffffff  x1=0x0000026d
          37795	      1788	800034fe	019a1333	sll	x6,x20,x25	 x20:0x00000002 x25:0x80000000  x6=0x00000002
          37815	      1789	80003502	34061ff3	csrrw	x31,mscratch,x12	 x12:0x512540c6 x31=0x8000000c
          37835	      1790	80003506	1408	c.addi4spn	x10,x2,544	 x10=0x12af6afe
          37855	      1791	80003508	d0264c93	xori	x25,x12,-766	 x12:0x512540c6 x25=0xaedabdc4
          38215	      1809	8000350c	34006df3	csrrsi	x27,mscratch,0	 x27=0x512540c6
          38275	      1812	80003510	3408aa73	csrrs	x20,mscratch,x17	 x17:0x68000000 x20=0x512540c6
          38295	      1813	80003514	97002e13	slti	x28,x0,-1680	  x0:0x00000000 x28=0x00000000
          38475	      1822	80003518	00d834b3	sltu	x9,x16,x13	 x16:0x0000000d x13:0x00000000  x9=0x00000000
          38895	      1843	8000351c	81b5	c.srli	x11,0xd	 x11:0xffffff9d x11=0x0007ffff
          38915	      1844	8000351e	025c8d63	beq	x25,x5,80003558	 x25:0xaedabdc4  x5:0x7176ece2
          38935	      1845	80003522	119a0a17	auipc	x20,0x119a0	 x20=0x919a3522
          38995	      1848	80003526	40a50eb3	sub	x29,x10,x10	 x10:0x12af6afe x10:0x12af6afe x29=0x00000000
          39015	      1849	8000352a	254bb493	sltiu	x9,x23,596	 x23:0x00000000  x9=0x00000001
          39455	      1871	8000352e	038b3033	mulhu	x0,x22,x24	 x22:0x000003c9 x24:0x80021e64  x0=0x00000000
          39475	      1872	80003532	070a	c.slli	x14,0x2	 x14:0xffffffff x14=0xfffffffc
          39495	      1873	80003534	0001	c.addi	x0,0	  x0:0x00000000  x0=0x00000000
          39515	      1874	80003536	e119	c.bnez	x10,8000353c	 x10:0x12af6afe
          46135	      2205	8000353c	340d1bf3	csrrw	x23,mscratch,x26	 x26:0x00000000 x23=0x792540c6
          46175	      2207	80003540	03a05d33	divu	x26,x0,x26	  x0:0x00000000 x26:0x00000000 x26=0xffffffff
          46195	      2208	80003544	409dd713	srai	x14,x27,0x9	 x27:0x512540c6 x14=0x002892a0
          46215	      2209	80003548	91c40813	addi	x16,x8,-1764	  x8:0x12af69ee x16=0x12af630a
          46955	      2246	8000354c	02e25b33	divu	x22,x4,x14	  x4:0x80000000 x14:0x002892a0 x22=0x00000327
          46975	      2247	80003550	03d00ab3	mul	x21,x0,x29	  x0:0x00000000 x29:0x00000000 x21=0x00000000
          46995	      2248	80003554	34061bf3	csrrw	x23,mscratch,x12	 x12:0x512540c6 x23=0x00000000
          47015	      2249	80003558	1f84	c.addi4spn	x9,x2,1008	  x9=0x12af6cce
          47035	      2250	8000355a	00b89313	slli	x6,x17,0xb	 x17:0x68000000  x6=0x00000000
          47055	      2251	8000355e	9906	c.add	x18,x1	 x18:0x00000000  x1:0x0000026d x18=0x0000026d
          47075	      2252	80003560	8061	c.srli	x8,0x18	  x8:0x12af69ee  x8=0x00000012
          47095	      2253	80003562	34007bf3	csrrci	x23,mscratch,0	 x23=0x512540c6
          47135	      2255	80003566	02d67bb3	remu	x23,x12,x13	 x12:0x512540c6 x13:0x00000000 x23=0x512540c6
          47155	      2256	8000356a	c999	c.beqz	x11,80003580	 x11:0x0007ffff
          47235	      2260	8000356c	86e1	c.srai	x13,0x18	 x13:0x00000000 x13=0x00000000
          47275	      2262	8000356e	000ee8b3	or	x17,x29,x0	 x29:0x00000000  x0:0x00000000 x17=0x00000000
          47295	      2263	80003572	0001	c.addi	x0,0	  x0:0x00000000  x0=0x00000000
          47315	      2264	80003574	8ee5	c.and	x13,x9	 x13:0x00000000  x9:0x12af6cce x13=0x00000000
          47335	      2265	80003576	0048e233	or	x4,x17,x4	 x17:0x00000000  x4:0x80000000  x4=0x80000000
          47355	      2266	8000357a	0ff0000f	fence	iorw,iorw	
          47375	      2267	8000357e	4f39	c.li	x30,14	 x30=0x0000000e
          47395	      2268	80003580	0001	c.addi	x0,0	  x0:0x00000000  x0=0x00000000
          47415	      2269	80003582	9d56	c.add	x26,x21	 x26:0xffffffff x21:0x00000000 x26=0xffffffff
          47435	      2270	80003584	a941d337	lui	x6,0xa941d	  x6=0xa941d000
          47615	      2279	80003588	34002bf3	csrrs	x23,mscratch,x0	  x0:0x00000000 x23=0x512540c6
          48035	      2300	8000358c	4015d513	srai	x10,x11,0x1	 x11:0x0007ffff x10=0x0003ffff
          48055	      2301	80003590	340ab073	csrrc	x0,mscratch,x21	 x21:0x00000000  x0=0x00000000
          48075	      2302	80003594	8cb1	c.xor	x9,x12	  x9:0x12af6cce x12:0x512540c6  x9=0x438a2c08
          48095	      2303	80003596	717d	c.addi16sp	x2,-16	  x2:0x12af68de  x2=0x12af68ce
          48115	      2304	80003598	0212c163	blt	x5,x1,800035ba	  x5:0x7176ece2  x1:0x0000026d
          48135	      2305	8000359c	8c86	c.mv	x25,x1	  x0:0x00000000  x1:0x0000026d x25=0x0000026d
          48895	      2343	8000359e	02a94bb3	div	x23,x18,x10	 x18:0x0000026d x10:0x0003ffff x23=0x00000000
          48915	      2344	800035a2	9fea	c.add	x31,x26	 x31:0x8000000c x26:0xffffffff x31=0x8000000b
          48935	      2345	800035a4	340abef3	csrrc	x29,mscratch,x21	 x21:0x00000000 x29=0x512540c6
          48955	      2346	800035a8	0000100f	fence.i	
          49035	      2350	800035ac	a440ce13	xori	x28,x1,-1468	  x1:0x0000026d x28=0xfffff829
          49055	      2351	800035b0	340069f3	csrrsi	x19,mscratch,0	 x19=0x512540c6
          49075	      2352	800035b4	84d1	c.srai	x9,0x14	  x9:0x438a2c08  x9=0x00000438
          49235	      2360	800035b6	41eb8933	sub	x18,x23,x30	 x23:0x00000000 x30:0x0000000e x18=0xfffffff2
          49255	      2361	800035ba	5bfd	c.li	x23,-1	 x23=0xffffffff
          49275	      2362	800035bc	81d1	c.srli	x11,0x14	 x11:0x0007ffff x11=0x00000000
          49295	      2363	800035be	34021373	csrrw	x6,mscratch,x4	  x4:0x80000000  x6=0x512540c6
          49355	      2366	800035c2	01489113	slli	x2,x17,0x14	 x17:0x00000000  x2=0x00000000
          49435	      2370	800035c6	02588963	beq	x17,x5,800035f8	 x17:0x00000000  x5:0x7176ece2
          49455	      2371	800035ca	717d	c.addi16sp	x2,-16	  x2:0x00000000  x2=0xfffffff0
          49475	      2372	800035cc	3408bff3	csrrc	x31,mscratch,x17	 x17:0x00000000 x31=0x80000000
          49575	      2377	800035d0	0000100f	fence.i	
          50015	      2399	800035d4	8dd9	c.or	x11,x14	 x11:0x00000000 x14:0x002892a0 x11=0x002892a0
          50035	      2400	800035d6	8f01	c.sub	x14,x8	 x14:0x002892a0  x8:0x00000012 x14=0x0028928e
          50055	      2401	800035d8	071e	c.slli	x14,0x7	 x14:0x0028928e x14=0x14494700
          50075	      2402	800035da	0ff0000f	fence	iorw,iorw	
          50455	      2421	800035de	01571f13	slli	x30,x14,0x15	 x14:0x14494700 x30=0xe0000000
          50495	      2423	800035e2	40985813	srai	x16,x16,0x9	 x16:0x12af630a x16=0x000957b1
          51295	      2463	800035e6	022b5b33	divu	x22,x22,x2	 x22:0x00000327  x2:0xfffffff0 x22=0x00000000
          51315	      2464	800035ea	013293b3	sll	x7,x5,x19	  x5:0x7176ece2 x19:0x512540c6  x7=0x5dbb3880
          51335	      2465	800035ee	340e98f3	csrrw	x17,mscratch,x29	 x29:0x512540c6 x17=0x80000000
          51355	      2466	800035f2	340064f3	csrrsi	x9,mscratch,0	  x9=0x512540c6
          51375	      2467	800035f6	8c4d	c.or	x8,x11	  x8:0x00000012 x11:0x002892a0  x8=0x002892b2
          51535	      2475	800035f8	023b9533	mulh	x10,x23,x3	 x23:0xffffffff  x3:0xf6a3ba68 x10=0x00000000
          51935	      2495	800035fc	0ff0000f	fence	iorw,iorw	
          52355	      2516	80003600	0001	c.addi	x0,0	  x0:0x00000000  x0=0x00000000
          52375	      2517	80003602	9cc2	c.add	x25,x16	 x25:0x0000026d x16:0x000957b1 x25=0x00095a1e
          52775	      2537	80003604	02327763	bgeu	x4,x3,80003632	  x4:0x80000000  x3:0xf6a3ba68
          53595	      2578	80003608	03c04b33	div	x22,x0,x28	  x0:0x00000000 x28:0xfffff829 x22=0x00000000
          53615	      2579	8000360c	8f59	c.or	x14,x14	 x14:0x14494700 x14:0x14494700 x14=0x14494700
          53635	      2580	8000360e	40d5d393	srai	x7,x11,0xd	 x11:0x002892a0  x7=0x00000144
          53675	      2582	80003612	03839eb3	mulh	x29,x7,x24	  x7:0x00000144 x24:0x80021e64 x29=0xffffff5e
          53755	      2586	80003616	01f4bdb3	sltu	x27,x9,x31	  x9:0x512540c6 x31:0x80000000 x27=0x00000001
          53815	      2589	8000361a	aa0bea13	ori	x20,x23,-1376	 x23:0xffffffff x20=0xffffffff
          53835	      2590	8000361e	406d5c93	srai	x25,x26,0x6	 x26:0xffffffff x25=0xffffffff
          54055	      2601	80003622	431e8237	lui	x4,0x431e8	  x4=0x431e8000
          54115	      2604	80003626	0149ce63	blt	x19,x20,80003642	 x19:0x512540c6 x20:0xffffffff
          54855	      2641	8000362a	0308edb3	rem	x27,x17,x16	 x17:0x80000000 x16:0x000957b1 x27=0xfffc4dc3
          54875	      2642	8000362e	8325	c.srli	x14,0x9	 x14:0x14494700 x14=0x000a24a3
          54895	      2643	80003630	053a	c.slli	x10,0xe	 x10:0x00000000 x10=0x00000000
          54915	      2644	80003632	01308263	beq	x1,x19,80003636	  x1:0x0000026d x19:0x512540c6
          54935	      2645	80003636	00a04db3	xor	x27,x0,x10	  x0:0x00000000 x10:0x00000000 x27=0x00000000
          54955	      2646	8000363a	008df8b3	and	x17,x27,x8	 x27:0x00000000  x8:0x002892b2 x17=0x00000000
          54975	      2647	8000363e	0057fe63	bgeu	x15,x5,8000365a	 x15:0x80025ce4  x5:0x7176ece2
          55495	      2673	8000365a	027faeb3	mulhsu	x29,x31,x7	 x31:0x80000000  x7:0x00000144 x29=0xffffff5e
          55515	      2674	8000365e	8c95	c.sub	x9,x13	  x9:0x512540c6 x13:0x00000000  x9=0x512540c6
          55535	      2675	80003660	22b62f93	slti	x31,x12,555	 x12:0x512540c6 x31=0x00000000
          55695	      2683	80003664	041a8063	beq	x21,x1,800036a4	 x21:0x00000000  x1:0x0000026d
          55735	      2685	80003668	022808b3	mul	x17,x16,x2	 x16:0x000957b1  x2:0xfffffff0 x17=0xff6a84f0
          55855	      2691	8000366c	8fa6	c.mv	x31,x9	  x0:0x00000000  x9:0x512540c6 x31=0x512540c6
          55875	      2692	8000366e	9d5a	c.add	x26,x22	 x26:0xffffffff x22:0x00000000 x26=0xffffffff
          55935	      2695	80003670	40115193	srai	x3,x2,0x1	  x2:0xfffffff0  x3=0xfffffff8
          56315	      2714	80003674	85a46cb7	lui	x25,0x85a46	 x25=0x85a46000
          57415	      2769	80003678	0306df33	divu	x30,x13,x16	 x13:0x00000000 x16:0x000957b1 x30=0x00000000
          57435	      2770	8000367c	6211	c.lui	x4,0x4	  x4=0x00004000
          57455	      2771	8000367e	40165db3	sra	x27,x12,x1	 x12:0x512540c6  x1:0x0000026d x27=0x0002892a
          57475	      2772	80003682	717d	c.addi16sp	x2,-16	  x2:0xfffffff0  x2=0xffffffe0
          57515	      2774	80003684	03299eb3	mulh	x29,x19,x18	 x19:0x512540c6 x18:0xfffffff2 x29=0xfffffffb
          57535	      2775	80003688	01240a33	add	x20,x8,x18	  x8:0x002892b2 x18:0xfffffff2 x20=0x002892a4
          57555	      2776	8000368c	340b92f3	csrrw	x5,mscratch,x23	 x23:0xffffffff  x5=0x512540c6
          57595	      2778	80003690	0369a933	mulhsu	x18,x19,x22	 x19:0x512540c6 x22:0x00000000 x18=0x00000000
          58015	      2799	80003694	00810db3	add	x27,x2,x8	  x2:0xffffffe0  x8:0x002892b2 x27=0x00289292
          58755	      2836	80003698	0316d033	divu	x0,x13,x17	 x13:0x00000000 x17:0xff6a84f0  x0=0x00000000
          58775	      2837	8000369c	40ccfb97	auipc	x23,0x40ccf	 x23=0xc0cd269c
          58795	      2838	800036a0	02777563	bgeu	x14,x7,800036ca	 x14:0x000a24a3  x7:0x00000144
          58935	      2845	800036ca	017336b3	sltu	x13,x6,x23	  x6:0x512540c6 x23:0xc0cd269c x13=0x00000001
          59155	      2856	800036ce	0000100f	fence.i	
          60055	      2901	800036d2	03faf463	bgeu	x21,x31,800036fa	 x21:0x00000000 x31:0x512540c6
          60075	      2902	800036d6	c495	c.beqz	x9,80003702	  x9:0x512540c6
          60115	      2904	800036d8	0224adb3	mulhsu	x27,x9,x2	  x9:0x512540c6  x2:0xffffffe0 x27=0x512540bb
          60135	      2905	800036dc	34002173	csrrs	x2,mscratch,x0	  x0:0x00000000  x2=0xffffffff
          60175	      2907	800036e0	340034f3	csrrc	x9,mscratch,x0	  x0:0x00000000  x9=0xffffffff
          60575	      2927	800036e4	000bab33	slt	x22,x23,x0	 x23:0xc0cd269c  x0:0x00000000 x22=0x00000001
          60715	      2934	800036e8	14cd2013	slti	x0,x26,332	 x26:0xffffffff  x0=0x00000000
          60735	      2935	800036ec	884d	c.andi	x8,19	  x8:0x002892b2  x8=0x00000012
          61035	      2950	800036ee	fa626237	lui	x4,0xfa626	  x4=0xfa626000
          61455	      2971	800036f2	0149ee63	bltu	x19,x20,8000370e	 x19:0x512540c6 x20:0x002892a4
          61815	      2989	800036f6	0035feb3	and	x29,x11,x3	 x11:0x002892a0  x3:0xfffffff8 x29=0x002892a0
          61835	      2990	800036fa	017c4a33	xor	x20,x24,x23	 x24:0x80021e64 x23:0xc0cd269c x20=0x40cf38f8
          62255	      3011	800036fe	00bc0263	beq	x24,x11,80003702	 x24:0x80021e64 x11:0x002892a0
          62275	      3012	80003702	ef01	c.bnez	x14,8000371a	 x14:0x000a24a3
          62995	      3048	8000371a	033580b3	mul	x1,x11,x19	 x11:0x002892a0 x19:0x512540c6  x1=0x152967c0
          63175	      3057	8000371e	010b1db3	sll	x27,x22,x16	 x22:0x00000001 x16:0x000957b1 x27=0x00020000
          63195	      3058	80003722	41d75cb3	sra	x25,x14,x29	 x14:0x000a24a3 x29:0x002892a0 x25=0x000a24a3
          63215	      3059	80003726	84dd	c.srai	x9,0x17	  x9:0xffffffff  x9=0xffffffff
          63295	      3063	80003728	0ff0000f	fence	iorw,iorw	
          63315	      3064	8000372c	003390b3	sll	x1,x7,x3	  x7:0x00000144  x3:0xfffffff8  x1=0x44000000
          63395	      3068	80003730	957a	c.add	x10,x30	 x10:0x00000000 x30:0x00000000 x10=0x00000000
          63415	      3069	80003732	0001	c.addi	x0,0	  x0:0x00000000  x0=0x00000000
          63495	      3073	80003734	02b39b63	bne	x7,x11,8000376a	  x7:0x00000144 x11:0x002892a0
          64915	      3144	8000376a	02ebed33	rem	x26,x23,x14	 x23:0xc0cd269c x14:0x000a24a3 x26=0xffff6a2d
          65655	      3181	8000376e	02dbe6b3	rem	x13,x23,x13	 x23:0xc0cd269c x13:0x00000001 x13=0x00000000
          65675	      3182	80003772	00837f33	and	x30,x6,x8	  x6:0x512540c6  x8:0x00000012 x30=0x00000002
          65695	      3183	80003776	f36e2393	slti	x7,x28,-202	 x28:0xfffff829  x7=0x00000001
          65715	      3184	8000377a	0ece	c.slli	x29,0x13	 x29:0x002892a0 x29=0x95000000
          65735	      3185	8000377c	055dc263	blt	x27,x21,800037c0	 x27:0x00020000 x21:0x00000000
          65755	      3186	80003780	63cf7b13	andi	x22,x30,1596	 x30:0x00000002 x22=0x00000000
          65775	      3187	80003784	05a71063	bne	x14,x26,800037c4	 x14:0x000a24a3 x26:0xffff6a2d
          66035	      3200	800037c4	001a1d33	sll	x26,x20,x1	 x20:0x40cf38f8  x1:0x44000000 x26=0x40cf38f8
          66075	      3202	800037c8	34017073	csrrci	x0,mscratch,2	  x0=0x00000000
          66275	      3212	800037cc	34003ff3	csrrc	x31,mscratch,x0	  x0:0x00000000 x31=0xfffffffd
          66375	      3217	800037d0	c51d	c.beqz	x10,800037fe	 x10:0x00000000
          67195	      3258	800037fe	00d45e63	bge	x8,x13,8000381a	  x8:0x00000012 x13:0x00000000
          68255	      3311	8000381a	4160d1b3	sra	x3,x1,x22	  x1:0x44000000 x22:0x00000000  x3=0x44000000
          68275	      3312	8000381e	00bfc5b3	xor	x11,x31,x11	 x31:0xfffffffd x11:0x002892a0 x11=0xffd76d5d
          68295	      3313	80003822	08cd	c.addi	x17,19	 x17:0xff6a84f0 x17=0xff6a8503
          68595	      3328	80003824	4e4c3a93	sltiu	x21,x24,1252	 x24:0x80021e64 x21=0x00000000
          68795	      3338	80003828	0027d2b3	srl	x5,x15,x2	 x15:0x80025ce4  x2:0xffffffff  x5=0x00000001
          68815	      3339	8000382c	005e98b3	sll	x17,x29,x5	 x29:0x95000000  x5:0x00000001 x17=0x2a000000
          69195	      3358	80003830	8109	c.srli	x10,0x2	 x10:0x00000000 x10=0x00000000
          69215	      3359	80003832	e2a02e93	slti	x29,x0,-470	  x0:0x00000000 x29=0x00000000
          69515	      3374	80003836	d7336e93	ori	x29,x6,-653	  x6:0x512540c6 x29=0xfffffdf7
          69535	      3375	8000383a	01f6d533	srl	x10,x13,x31	 x13:0x00000000 x31:0xfffffffd x10=0x00000000
          69555	      3376	8000383e	01bdd8b3	srl	x17,x27,x27	 x27:0x00020000 x27:0x00020000 x17=0x00020000
          69595	      3378	80003842	02dcadb3	mulhsu	x27,x25,x13	 x25:0x000a24a3 x13:0x00000000 x27=0x00000000
          69655	      3381	80003846	e18a7a93	andi	x21,x20,-488	 x20:0x40cf38f8 x21=0x40cf3818
          69675	      3382	8000384a	9ad2	c.add	x21,x20	 x21:0x40cf3818 x20:0x40cf38f8 x21=0x819e7110
          70075	      3402	8000384c	3405f5f3	csrrci	x11,mscratch,11	 x11=0xfffffffd
          70115	      3404	80003850	03a833b3	mulhu	x7,x16,x26	 x16:0x000957b1 x26:0x40cf38f8  x7=0x00025d7c
          70235	      3410	80003854	f9444013	xori	x0,x8,-108	  x8:0x00000012  x0=0x00000000
          70315	      3414	80003858	01e516b3	sll	x13,x10,x30	 x10:0x00000000 x30:0x00000002 x13=0x00000000
          70735	      3435	8000385c	004b6963	bltu	x22,x4,8000386e	 x22:0x00000000  x4:0xfa626000
          71315	      3464	8000386e	02aed663	bge	x29,x10,8000389a	 x29:0xfffffdf7 x10:0x00000000
          71335	      3465	80003872	1d33ea93	ori	x21,x7,467	  x7:0x00025d7c x21=0x00025dff
          71375	      3467	80003876	75c20e37	lui	x28,0x75c20	 x28=0x75c20000
          72115	      3504	8000387a	033df933	remu	x18,x27,x19	 x27:0x00000000 x19:0x512540c6 x18=0x00000000
          72855	      3541	8000387e	027a7233	remu	x4,x20,x7	 x20:0x40cf38f8  x7:0x00025d7c  x4=0x0001e590
          72875	      3542	80003882	038c5563	bge	x24,x24,800038ac	 x24:0x80021e64 x24:0x80021e64
          72955	      3546	800038ac	8989	c.andi	x11,2	 x11:0xfffffffd x11=0x00000000
          72975	      3547	800038ae	8d89	c.sub	x11,x10	 x11:0x00000000 x10:0x00000000 x11=0x00000000
          73055	      3551	800038b0	b34f2693	slti	x13,x30,-1228	 x30:0x00000002 x13=0x00000000
          73075	      3552	800038b4	41c75d13	srai	x26,x14,0x1c	 x14:0x000a24a3 x26=0x00000000
          73295	      3563	800038b8	02551cb3	mulh	x25,x10,x5	 x10:0x00000000  x5:0x00000001 x25=0x00000000
          73895	      3593	800038bc	40e45bb3	sra	x23,x8,x14	  x8:0x00000012 x14:0x000a24a3 x23=0x00000002
          74095	      3603	800038c0	0e3e	c.slli	x28,0xf	 x28:0x75c20000 x28=0x00000000
          74255	      3611	800038c2	41628833	sub	x16,x5,x22	  x5:0x00000001 x22:0x00000000 x16=0x00000001
          74295	      3613	800038c6	021bb0b3	mulhu	x1,x23,x1	 x23:0x00000002  x1:0x44000000  x1=0x00000000
          74315	      3614	800038ca	00b57ab3	and	x21,x10,x11	 x10:0x00000000 x11:0x00000000 x21=0x00000000
          74335	      3615	800038ce	eb15	c.bnez	x14,80003902	 x14:0x000a24a3
          75095	      3653	80003902	8f59	c.or	x14,x14	 x14:0x000a24a3 x14:0x000a24a3 x14=0x000a24a3
          75515	      3674	80003904	6ca9	c.lui	x25,0xa	 x25=0x0000a000
          75655	      3681	80003906	03648333	mul	x6,x9,x22	  x9:0xffffffff x22:0x00000000  x6=0x00000000
          75675	      3682	8000390a	01350d33	add	x26,x10,x19	 x10:0x00000000 x19:0x512540c6 x26=0x512540c6
          76115	      3704	8000390e	02933133	mulhu	x2,x6,x9	  x6:0x00000000  x9:0xffffffff  x2=0x00000000
          76135	      3705	80003912	c48d	c.beqz	x9,8000393c	  x9:0xffffffff
          76195	      3708	80003914	09658313	addi	x6,x11,150	 x11:0x00000000  x6=0x00000096
          76215	      3709	80003918	00f11a33	sll	x20,x2,x15	  x2:0x00000000 x15:0x80025ce4 x20=0x00000000
          76255	      3711	8000391c	02275b33	divu	x22,x14,x2	 x14:0x000a24a3  x2:0x00000000 x22=0xffffffff
          76655	      3731	80003920	8e6a	c.mv	x28,x26	  x0:0x00000000 x26:0x512540c6 x28=0x512540c6
          77395	      3768	80003922	0265f933	remu	x18,x11,x6	 x11:0x00000000  x6:0x00000096 x18=0x00000000
          77415	      3769	80003926	717d	c.addi16sp	x2,-16	  x2:0x00000000  x2=0xfffffff0
          77435	      3770	80003928	41050833	sub	x16,x10,x16	 x10:0x00000000 x16:0x00000001 x16=0xffffffff
          77455	      3771	8000392c	01720263	beq	x4,x23,80003930	  x4:0x0001e590 x23:0x00000002
          77475	      3772	80003930	7bb42f93	slti	x31,x8,1979	  x8:0x00000012 x31=0x00000001
          77495	      3773	80003934	37e03a93	sltiu	x21,x0,894	  x0:0x00000000 x21=0x00000001
          77515	      3774	80003938	01c70f63	beq	x14,x28,80003956	 x14:0x000a24a3 x28:0x512540c6
          79215	      3859	8000393c	771c6d13	ori	x26,x24,1905	 x24:0x80021e64 x26=0x80021f75
          79235	      3860	80003940	34003f73	csrrc	x30,mscratch,x0	  x0:0x00000000 x30=0xfffffff4
          79255	      3861	80003944	b26fe297	auipc	x5,0xb26fe	  x5=0x32701944
          79275	      3862	80003948	9bfe	c.add	x23,x31	 x23:0x00000002 x31:0x00000001 x23=0x00000003
          79295	      3863	8000394a	01685e13	srli	x28,x16,0x16	 x16:0xffffffff x28=0x000003ff
          79355	      3866	8000394e	01380463	beq	x16,x19,80003956	 x16:0xffffffff x19:0x512540c6
          79635	      3880	80003952	9163bc93	sltiu	x25,x7,-1770	  x7:0x00025d7c x25=0x00000001
          79655	      3881	80003956	c2db3313	sltiu	x6,x22,-979	 x22:0xffffffff  x6=0x00000000
          79675	      3882	8000395a	34002573	csrrs	x10,mscratch,x0	  x0:0x00000000 x10=0xfffffff4
          79695	      3883	8000395e	34001573	csrrw	x10,mscratch,x0	  x0:0x00000000 x10=0xfffffff4
          79715	      3884	80003962	6141	c.addi16sp	x2,16	  x2:0xfffffff0  x2=0x00000000
          79795	      3888	80003964	98ae	c.add	x17,x11	 x17:0x00020000 x11:0x00000000 x17=0x00020000
          79815	      3889	80003966	41828d33	sub	x26,x5,x24	  x5:0x32701944 x24:0x80021e64 x26=0xb26dfae0
          79835	      3890	8000396a	98b1ce13	xori	x28,x3,-1653	  x3:0x44000000 x28=0xbbfff98b
          79855	      3891	8000396e	177d	c.addi	x14,-1	 x14:0x000a24a3 x14=0x000a24a2
          80235	      3910	80003970	407cdb33	sra	x22,x25,x7	 x25:0x00000001  x7:0x00025d7c x22=0x00000000
          80275	      3912	80003974	40e301b3	sub	x3,x6,x14	  x6:0x00000000 x14:0x000a24a2  x3=0xfff5db5e
          80395	      3918	80003978	00f1bcb3	sltu	x25,x3,x15	  x3:0xfff5db5e x15:0x80025ce4 x25=0x00000000
          81135	      3955	8000397c	03a6cd33	div	x26,x13,x26	 x13:0x00000000 x26:0xb26dfae0 x26=0x00000000
          81175	      3957	80003980	03aeae33	mulhsu	x28,x29,x26	 x29:0xfffffdf7 x26:0x00000000 x28=0x00000000
          81195	      3958	80003984	185a8a17	auipc	x20,0x185a8	 x20=0x985ab984
          81215	      3959	80003988	99c6	c.add	x19,x17	 x19:0x512540c6 x17:0x00020000 x19=0x512740c6
          81235	      3960	8000398a	0000100f	fence.i	
          81775	      3987	8000398e	026ba033	mulhsu	x0,x23,x6	 x23:0x00000003  x6:0x00000000  x0=0x00000000
          81795	      3988	80003992	717d	c.addi16sp	x2,-16	  x2:0x00000000  x2=0xfffffff0
          82115	      4004	80003994	9b7d	c.andi	x14,-1	 x14:0x000a24a2 x14=0x000a24a2
          82195	      4008	80003996	97e6b417	auipc	x8,0x97e6b	  x8=0x17e6e996
          82215	      4009	8000399a	687d	c.lui	x16,0x1f	 x16=0x0001f000
          82235	      4010	8000399c	1a14	c.addi4spn	x13,x2,304	 x13=0x00000120
          82255	      4011	8000399e	6131	c.addi16sp	x2,320	  x2:0xfffffff0  x2=0x00000130
          82635	      4030	800039a0	bcbfad93	slti	x27,x31,-1077	 x31:0x00000001 x27=0x00000000
          82775	      4037	800039a4	78f7e413	ori	x8,x15,1935	 x15:0x80025ce4  x8=0x80025fef
          82795	      4038	800039a8	015df133	and	x2,x27,x21	 x27:0x00000000 x21:0x00000001  x2=0x00000000
          82815	      4039	800039ac	983a	c.add	x16,x14	 x16:0x0001f000 x14:0x000a24a2 x16=0x000c14a2
          82835	      4040	800039ae	8515	c.srai	x10,0x5	 x10:0xfffffff4 x10=0xffffffff
          82855	      4041	800039b0	01d67c63	bgeu	x12,x29,800039c8	 x12:0x512540c6 x29:0xfffffdf7
          83195	      4058	800039b4	03797363	bgeu	x18,x23,800039da	 x18:0x00000000 x23:0x00000003
          83335	      4065	800039b8	8f2d	c.xor	x14,x11	 x14:0x000a24a2 x11:0x00000000 x14=0x000a24a2
          83355	      4066	800039ba	99fd	c.andi	x11,-1	 x11:0x00000000 x11=0x00000000
          83375	      4067	800039bc	340ba5f3	csrrs	x11,mscratch,x23	 x23:0x00000003 x11=0x00000000
          83515	      4074	800039c0	05fb8163	beq	x23,x31,80003a02	 x23:0x00000003 x31:0x00000001
          83935	      4095	800039c4	20094813	xori	x16,x18,512	 x18:0x00000000 x16=0x00000200
          84095	      4103	800039c8	7a9c8913	addi	x18,x25,1961	 x25:0x00000000 x18=0x000007a9
          84135	      4105	800039cc	031e9cb3	mulh	x25,x29,x17	 x29:0xfffffdf7 x17:0x00020000 x25=0xffffffff
          84155	      4106	800039d0	03085b63	bge	x16,x16,80003a06	 x16:0x00000200 x16:0x00000200
          84415	      4119	80003a06	022605b3	mul	x11,x12,x2	 x12:0x512540c6  x2:0x00000000 x11=0x00000000
          84435	      4120	80003a0a	717d	c.addi16sp	x2,-16	  x2:0x00000000  x2=0xfffffff0
          84455	      4121	80003a0c	893d	c.andi	x10,15	 x10:0xffffffff x10=0x0000000f
          84475	      4122	80003a0e	9b7d	c.andi	x14,-1	 x14:0x000a24a2 x14=0x000a24a2
          84495	      4123	80003a10	00880533	add	x10,x16,x8	 x16:0x00000200  x8:0x80025fef x10=0x800261ef
          84515	      4124	80003a14	8c65	c.and	x8,x9	  x8:0x80025fef  x9:0xffffffff  x8=0x80025fef
          84535	      4125	80003a16	8801	c.andi	x8,0	  x8:0x80025fef  x8=0x00000000
          84795	      4138	80003a18	00010933	add	x18,x2,x0	  x2:0xfffffff0  x0:0x00000000 x18=0xfffffff0
          85095	      4153	80003a1c	340278f3	csrrci	x17,mscratch,4	 x17=0x00000003
          85115	      4154	80003a20	81b6	c.mv	x3,x13	  x0:0x00000000 x13:0x00000120  x3=0x00000120
          85135	      4155	80003a22	84cd	c.srai	x9,0x13	  x9:0xffffffff  x9=0xffffffff
          85155	      4156	80003a24	b9e2f593	andi	x11,x5,-1122	  x5:0x32701944 x11=0x32701904
          85495	      4173	80003a28	0cce	c.slli	x25,0x13	 x25:0xffffffff x25=0xfff80000
          85515	      4174	80003a2a	34006273	csrrsi	x4,mscratch,0	  x4=0x00000003
          85535	      4175	80003a2e	340314f3	csrrw	x9,mscratch,x6	  x6:0x00000000  x9=0x00000003
          85555	      4176	80003a32	c109	c.beqz	x10,80003a34	 x10:0x800261ef
          85755	      4186	80003a34	04bf9163	bne	x31,x11,80003a76	 x31:0x00000001 x11:0x32701904
          86255	      4211	80003a76	8c1d	c.sub	x8,x15	  x8:0x00000000 x15:0x80025ce4  x8=0x7ffda31c
          86295	      4213	80003a78	340026f3	csrrs	x13,mscratch,x0	  x0:0x00000000 x13=0x00000000
          86315	      4214	80003a7c	03848233	mul	x4,x9,x24	  x9:0x00000003 x24:0x80021e64  x4=0x80065b2c
          86335	      4215	80003a80	8dc1	c.or	x11,x8	 x11:0x32701904  x8:0x7ffda31c x11=0x7ffdbb1c
          86355	      4216	80003a82	4819	c.li	x16,6	 x16=0x00000006
          86375	      4217	80003a84	0000100f	fence.i	
          87255	      4261	80003a88	015ed463	bge	x29,x21,80003a90	 x29:0xfffffdf7 x21:0x00000001
          87995	      4298	80003a8c	0241e5b3	rem	x11,x3,x4	  x3:0x00000120  x4:0x80065b2c x11=0x00000120
          88015	      4299	80003a90	408c00b3	sub	x1,x24,x8	 x24:0x80021e64  x8:0x7ffda31c  x1=0x00047b48
          88035	      4300	80003a94	717d	c.addi16sp	x2,-16	  x2:0xfffffff0  x2=0xffffffe0
          88055	      4301	80003a96	34045773	csrrwi	x14,mscratch,8	 x14=0x00000000
          88095	      4303	80003a9a	02ceb5b3	mulhu	x11,x29,x12	 x29:0xfffffdf7 x12:0x512540c6 x11=0x51254020
          88115	      4304	80003a9e	8c6d	c.and	x8,x11	  x8:0x7ffda31c x11:0x51254020  x8=0x51250000
          88135	      4305	80003aa0	34075d73	csrrwi	x26,mscratch,14	 x26=0x00000008
          88155	      4306	80003aa4	02d16363	bltu	x2,x13,80003aca	  x2:0xffffffe0 x13:0x00000000
          88175	      4307	80003aa8	6f19	c.lui	x30,0x6	 x30=0x00006000
          88315	      4314	80003aaa	018b8cb3	add	x25,x23,x24	 x23:0x00000003 x24:0x80021e64 x25=0x80021e67
          88335	      4315	80003aae	01377863	bgeu	x14,x19,80003abe	 x14:0x00000000 x19:0x512740c6
          88355	      4316	80003ab2	8ce9	c.and	x9,x10	  x9:0x00000003 x10:0x800261ef  x9=0x00000003
          88375	      4317	80003ab4	995e	c.add	x18,x23	 x18:0xfffffff0 x23:0x00000003 x18=0xfffffff3
          88395	      4318	80003ab6	03cc8763	beq	x25,x28,80003ae4	 x25:0x80021e67 x28:0x00000000
          88515	      4324	80003aba	403f5513	srai	x10,x30,0x3	 x30:0x00006000 x10=0x00000c00
          88575	      4327	80003abe	00041533	sll	x10,x8,x0	  x8:0x51250000  x0:0x00000000 x10=0x51250000
          88595	      4328	80003ac2	8ef5	c.and	x13,x13	 x13:0x00000000 x13:0x00000000 x13=0x00000000
          88995	      4348	80003ac4	8c81	c.sub	x9,x8	  x9:0x00000003  x8:0x51250000  x9=0xaedb0003
          89155	      4356	80003ac6	01edd2b3	srl	x5,x27,x30	 x27:0x00000000 x30:0x00006000  x5=0x00000000
          89175	      4357	80003aca	00e59e13	slli	x28,x11,0xe	 x11:0x51254020 x28=0x50080000
          89195	      4358	80003ace	03a1f463	bgeu	x3,x26,80003af6	  x3:0x00000120 x26:0x00000008
          89915	      4394	80003af6	f410e993	ori	x19,x1,-191	  x1:0x00047b48 x19=0xffffff49
          90195	      4408	80003afa	ef56fe13	andi	x28,x13,-267	 x13:0x00000000 x28=0x00000000
          90215	      4409	80003afe	0000100f	fence.i	
          90895	      4443	80003b02	033e5c63	bge	x28,x19,80003b3a	 x28:0x00000000 x19:0xffffff49
          91455	      4471	80003b3a	8161	c.srli	x10,0x18	 x10:0x51250000 x10=0x00000051
          91475	      4472	80003b3c	34006af3	csrrsi	x21,mscratch,0	 x21=0x0000000e
          91495	      4473	80003b40	340d12f3	csrrw	x5,mscratch,x26	 x26:0x00000008  x5=0x0000000e
          91515	      4474	80003b44	c1b60513	addi	x10,x12,-997	 x12:0x512540c6 x10=0x51253ce1
          91535	      4475	80003b48	0001	c.addi	x0,0	  x0:0x00000000  x0=0x00000000
          91555	      4476	80003b4a	031709b3	mul	x19,x14,x17	 x14:0x00000000 x17:0x00000003 x19=0x00000000
          91615	      4479	80003b4e	02057d63	bgeu	x10,x0,80003b88	 x10:0x51253ce1  x0:0x00000000
          91895	      4493	80003b88	340b7d73	csrrci	x26,mscratch,22	 x26=0x00000008
          92315	      4514	80003b8c	0001	c.addi	x0,0	  x0:0x00000000  x0=0x00000000
          92335	      4515	80003b8e	34079d73	csrrw	x26,mscratch,x15	 x15:0x80025ce4 x26=0x00000008
          92355	      4516	80003b92	340c2e73	csrrs	x28,mscratch,x24	 x24:0x80021e64 x28=0x80025ce4
          92375	      4517	80003b96	8cfd	c.and	x9,x15	  x9:0xaedb0003 x15:0x80025ce4  x9=0x80020000
          92415	      4519	80003b98	8929	c.andi	x10,10	 x10:0x51253ce1 x10=0x00000000
          92435	      4520	80003b9a	41734313	xori	x6,x6,1047	  x6:0x00000000  x6=0x00000417
          92455	      4521	80003b9e	02644963	blt	x8,x6,80003bd0	  x8:0x51250000  x6:0x00000417
          92615	      4529	80003ba2	01ac5663	bge	x24,x26,80003bae	 x24:0x80021e64 x26:0x00000008
          93015	      4549	80003ba6	3404fdf3	csrrci	x27,mscratch,9	 x27=0x80025ee4
          93115	      4554	80003baa	bf473d97	auipc	x27,0xbf473	 x27=0x3f476baa
          93135	      4555	80003bae	413451b3	sra	x3,x8,x19	  x8:0x51250000 x19:0x00000000  x3=0x51250000
          93155	      4556	80003bb2	8851	c.andi	x8,20	  x8:0x51250000  x8=0x00000000
          93215	      4559	80003bb4	0b8a	c.slli	x23,0x2	 x23:0x00000003 x23=0x0000000c
          93635	      4580	80003bb6	3401e473	csrrsi	x8,mscratch,3	  x8=0x80025ee4
          93855	      4591	80003bba	03fa2d33	mulhsu	x26,x20,x31	 x20:0x985ab984 x31:0x00000001 x26=0xffffffff
          93915	      4594	80003bbe	3409adf3	csrrs	x27,mscratch,x19	 x19:0x00000000 x27=0x80025ee7
          94655	      4631	80003bc2	03ab6db3	rem	x27,x22,x26	 x22:0x00000000 x26:0xffffffff x27=0x00000000
          94675	      4632	80003bc6	598b8093	addi	x1,x23,1432	 x23:0x0000000c  x1=0x000005a4
          94695	      4633	80003bca	00a81513	slli	x10,x16,0xa	 x16:0x00000006 x10=0x00001800
          94715	      4634	80003bce	8d25	c.xor	x10,x9	 x10:0x00001800  x9:0x80020000 x10=0x80021800
          94735	      4635	80003bd0	0001	c.addi	x0,0	  x0:0x00000000  x0=0x00000000
          94755	      4636	80003bd2	6a61	c.lui	x20,0x18	 x20=0x00018000
          94775	      4637	80003bd4	bd3ee213	ori	x4,x29,-1069	 x29:0xfffffdf7  x4=0xfffffff7
          94795	      4638	80003bd8	8c49	c.or	x8,x10	  x8:0x80025ee4 x10:0x80021800  x8=0x80025ee4
          94815	      4639	80003bda	0164d5b3	srl	x11,x9,x22	  x9:0x80020000 x22:0x00000000 x11=0x80020000
          94835	      4640	80003bde	63570913	addi	x18,x14,1589	 x14:0x00000000 x18=0x00000635
          94995	      4648	80003be2	00524563	blt	x4,x5,80003bec	  x4:0xfffffff7  x5:0x0000000e
          95295	      4663	80003bec	68a9	c.lui	x17,0xa	 x17=0x0000a000
          95315	      4664	80003bee	6161	c.addi16sp	x2,80	  x2:0xffffffe0  x2=0x00000030
          95335	      4665	80003bf0	8ab2	c.mv	x21,x12	  x0:0x00000000 x12:0x512540c6 x21=0x512540c6
          95355	      4666	80003bf2	819a	c.mv	x3,x6	  x0:0x00000000  x6:0x00000417  x3=0x00000417
          95375	      4667	80003bf4	000ce333	or	x6,x25,x0	 x25:0x80021e67  x0:0x00000000  x6=0x80021e67
          95395	      4668	80003bf8	95e636b7	lui	x13,0x95e63	 x13=0x95e63000
          95615	      4679	80003bfc	8e89	c.sub	x13,x10	 x13:0x95e63000 x10:0x80021800 x13=0x15e41800
          95635	      4680	80003bfe	db41d337	lui	x6,0xdb41d	  x6=0xdb41d000
          96015	      4699	80003c02	01db4463	blt	x22,x29,80003c0a	 x22:0x00000000 x29:0xfffffdf7
          96755	      4736	80003c06	03025833	divu	x16,x4,x16	  x4:0xfffffff7 x16:0x00000006 x16=0x2aaaaaa9
          96775	      4737	80003c0a	8551	c.srai	x10,0x14	 x10:0x80021800 x10=0xfffff800
          96795	      4738	80003c0c	1e14	c.addi4spn	x13,x2,816	 x13=0x00000360
          96815	      4739	80003c0e	01fbfd33	and	x26,x23,x31	 x23:0x0000000c x31:0x00000001 x26=0x00000000
          96835	      4740	80003c12	414e0433	sub	x8,x28,x20	 x28:0x80025ce4 x20:0x00018000  x8=0x8000dce4
          96855	      4741	80003c16	0195cb33	xor	x22,x11,x25	 x11:0x80020000 x25:0x80021e67 x22=0x00001e67
          96875	      4742	80003c1a	6ed5	c.lui	x29,0x15	 x29=0x00015000
          96895	      4743	80003c1c	06b3d363	bge	x7,x11,80003c82	  x7:0x00025d7c x11:0x80020000
          97615	      4779	80003c82	340623f3	csrrs	x7,mscratch,x12	 x12:0x512540c6  x7=0x80025ee7
          97635	      4780	80003c86	8442	c.mv	x8,x16	  x0:0x00000000 x16:0x2aaaaaa9  x8=0x2aaaaaa9
          97775	      4787	80003c88	e029	c.bnez	x8,80003cca	  x8:0x2aaaaaa9
          97915	      4794	80003cca	00476f63	bltu	x14,x4,80003ce8	 x14:0x00000000  x4:0xfffffff7
          98295	      4813	80003ce8	183cb893	sltiu	x17,x25,387	 x25:0x80021e67 x17=0x00000000
          98455	      4821	80003cec	8e9d	c.sub	x13,x15	 x13:0x00000360 x15:0x80025ce4 x13=0x7ffda67c
          98675	      4832	80003cee	41edd013	srai	x0,x27,0x1e	 x27:0x00000000  x0=0x00000000
          98695	      4833	80003cf2	8eb5	c.xor	x13,x13	 x13:0x7ffda67c x13:0x7ffda67c x13=0x00000000
          98975	      4847	80003cf4	01af72b3	and	x5,x30,x26	 x30:0x00006000 x26:0x00000000  x5=0x00000000
          99155	      4856	80003cf8	3f907f13	andi	x30,x0,1017	  x0:0x00000000 x30=0x00000000
          99175	      4857	80003cfc	6d544313	xori	x6,x8,1749	  x8:0x2aaaaaa9  x6=0x2aaaac7c
          99215	      4859	80003d00	020814b3	mulh	x9,x16,x0	 x16:0x2aaaaaa9  x0:0x00000000  x9=0x00000000
          99235	      4860	80003d04	02eb5463	bge	x22,x14,80003d2c	 x22:0x00001e67 x14:0x00000000
          99675	      4882	80003d2c	d5274e13	xori	x28,x14,-686	 x14:0x00000000 x28=0xfffffd52
          99715	      4884	80003d30	b194e513	ori	x10,x9,-1255	  x9:0x00000000 x10=0xfffffb19
          99855	      4891	80003d34	0ff0000f	fence	iorw,iorw	
          99995	      4898	80003d38	1288	c.addi4spn	x10,x2,352	 x10=0x00000190
         100015	      4899	80003d3a	ce81	c.beqz	x13,80003d52	 x13:0x00000000
         100735	      4935	80003d52	b6cb3e93	sltiu	x29,x22,-1172	 x22:0x00001e67 x29=0x00000001
         100755	      4936	80003d56	85c9	c.srai	x11,0x12	 x11:0x80020000 x11=0xffffe000
         100955	      4946	80003d58	e28d	c.bnez	x13,80003d7a	 x13:0x00000000
         101075	      4952	80003d5a	34006af3	csrrsi	x21,mscratch,0	 x21=0xd1275ee7
         101515	      4974	80003d5e	0301a1b3	mulhsu	x3,x3,x16	  x3:0x00000417 x16:0x2aaaaaa9  x3=0x000000ae
         101535	      4975	80003d62	40495b13	srai	x22,x18,0x4	 x18:0x00000635 x22=0x00000063
         101935	      4995	80003d66	d7d68f37	lui	x30,0xd7d68	 x30=0xd7d68000
         101955	      4996	80003d6a	cd15	c.beqz	x10,80003da6	 x10:0x00000190
         101975	      4997	80003d6c	014b8463	beq	x23,x20,80003d74	 x23:0x0000000c x20:0x00018000
         102175	      5007	80003d70	01571d33	sll	x26,x14,x21	 x14:0x00000000 x21:0xd1275ee7 x26=0x00000000
         102315	      5014	80003d74	8c99	c.sub	x9,x14	  x9:0x00000000 x14:0x00000000  x9=0x00000000
         102575	      5027	80003d76	492ec093	xori	x1,x29,1170	 x29:0x00000001  x1=0x00000493
         102595	      5028	80003d7a	412ed833	sra	x16,x29,x18	 x29:0x00000001 x18:0x00000635 x16=0x00000000
         109055	      5351	80003d7e	009eff63	bgeu	x29,x9,80003d9c	 x29:0x00000001  x9:0x00000000
         109335	      5365	80003d9c	01f0da13	srli	x20,x1,0x1f	  x1:0x00000493 x20=0x00000000
         109735	      5385	80003da0	10fd	c.addi	x1,-1	  x1:0x00000493  x1=0x00000492
         109755	      5386	80003da2	0b08	c.addi4spn	x10,x2,400	 x10=0x000001c0
         109775	      5387	80003da4	717d	c.addi16sp	x2,-16	  x2:0x00000030  x2=0x00000020
         109935	      5395	80003da6	e1e27013	andi	x0,x4,-482	  x4:0xfffffff7  x0=0x00000000
         109955	      5396	80003daa	62306db7	lui	x27,0x62306	 x27=0x62306000
         110215	      5409	80003dae	02322db3	mulhsu	x27,x4,x3	  x4:0xfffffff7  x3:0x000000ae x27=0xffffffff
         110235	      5410	80003db2	c895	c.beqz	x9,80003de6	  x9:0x00000000
         112215	      5509	80003de6	021468b3	rem	x17,x8,x1	  x8:0x2aaaaaa9  x1:0x00000492 x17=0x00000335
         112235	      5510	80003dea	02c6f463	bgeu	x13,x12,80003e12	 x13:0x00000000 x12:0x512540c6
         112255	      5511	80003dee	cf620d37	lui	x26,0xcf620	 x26=0xcf620000
         112995	      5548	80003df2	03c5c3b3	div	x7,x11,x28	 x11:0xffffe000 x28:0xfffffd52  x7=0x0000000b
         113015	      5549	80003df6	6052b693	sltiu	x13,x5,1541	  x5:0x00000000 x13=0x00000001
         113755	      5586	80003dfa	03c759b3	divu	x19,x14,x28	 x14:0x00000000 x28:0xfffffd52 x19=0x00000000
         113775	      5587	80003dfe	4da804b7	lui	x9,0x4da80	  x9=0x4da80000
         113795	      5588	80003e02	0001	c.addi	x0,0	  x0:0x00000000  x0=0x00000000
         113815	      5589	80003e04	34012373	csrrs	x6,mscratch,x2	  x2:0x00000020  x6=0xd1275ee7
         113835	      5590	80003e08	340e5973	csrrwi	x18,mscratch,28	 x18=0xd1275ee7
         113855	      5591	80003e0c	717d	c.addi16sp	x2,-16	  x2:0x00000020  x2=0x00000010
         113875	      5592	80003e0e	80b5e193	ori	x3,x11,-2037	 x11:0xffffe000  x3=0xfffff80b
         113895	      5593	80003e12	0ff0000f	fence	iorw,iorw	
         114295	      5613	80003e16	01adc833	xor	x16,x27,x26	 x27:0xffffffff x26:0xcf620000 x16=0x309dffff
         114455	      5621	80003e1a	018a8333	add	x6,x21,x24	 x21:0xd1275ee7 x24:0x80021e64  x6=0x51297d4b
         114475	      5622	80003e1e	8f61	c.and	x14,x8	 x14:0x00000000  x8:0x2aaaaaa9 x14=0x00000000
         114595	      5628	80003e20	0001	c.addi	x0,0	  x0:0x00000000  x0=0x00000000
         114615	      5629	80003e22	0add	c.addi	x21,23	 x21:0xd1275ee7 x21=0xd1275efe
         114775	      5637	80003e24	89e1	c.andi	x11,24	 x11:0xffffe000 x11=0x00000000
         114795	      5638	80003e26	8365	c.srli	x14,0x19	 x14:0x00000000 x14=0x00000000
         114815	      5639	80003e28	7fe8a913	slti	x18,x17,2046	 x17:0x00000335 x18=0x00000001
         115155	      5656	80003e2c	6ec1	c.lui	x29,0x10	 x29=0x00010000
         115175	      5657	80003e2e	02c81a63	bne	x16,x12,80003e62	 x16:0x309dffff x12:0x512540c6
         115355	      5666	80003e62	06624313	xori	x6,x4,102	  x4:0xfffffff7  x6=0xffffff91
         115615	      5679	80003e66	01bb6ab3	or	x21,x22,x27	 x22:0x00000063 x27:0xffffffff x21=0xffffffff
         115735	      5685	80003e6a	340bd873	csrrwi	x16,mscratch,23	 x16=0x0000001c
         115755	      5686	80003e6e	8111	c.srli	x10,0x4	 x10:0x000001c0 x10=0x0000001c
         115775	      5687	80003e70	017c6263	bltu	x24,x23,80003e74	 x24:0x80021e64 x23:0x0000000c
         115875	      5692	80003e74	8d81	c.sub	x11,x8	 x11:0x00000000  x8:0x2aaaaaa9 x11=0xd5555557
         115895	      5693	80003e76	00b650b3	srl	x1,x12,x11	 x12:0x512540c6 x11:0xd5555557  x1=0x000000a2
         115915	      5694	80003e7a	8ef1	c.and	x13,x12	 x13:0x00000001 x12:0x512540c6 x13=0x00000000
         115955	      5696	80003e7c	0001	c.addi	x0,0	  x0:0x00000000  x0=0x00000000
         115975	      5697	80003e7e	0001	c.addi	x0,0	  x0:0x00000000  x0=0x00000000
         116035	      5700	80003e80	cc8d	c.beqz	x9,80003eba	  x9:0x4da80000
         116455	      5721	80003e82	0ff0000f	fence	iorw,iorw	
         116475	      5722	80003e86	00dae463	bltu	x21,x13,80003e8e	 x21:0xffffffff x13:0x00000000
         116495	      5723	80003e8a	34039073	csrrw	x0,mscratch,x7	  x7:0x0000000b  x0=0x00000000
         116515	      5724	80003e8e	008c5913	srli	x18,x24,0x8	 x24:0x80021e64 x18=0x0080021e
         116775	      5737	80003e92	29b09f97	auipc	x31,0x29b09	 x31=0xa9b0ce92
         116795	      5738	80003e96	a62af293	andi	x5,x21,-1438	 x21:0xffffffff  x5=0xfffffa62
         117215	      5759	80003e9a	0189cd33	xor	x26,x19,x24	 x19:0x00000000 x24:0x80021e64 x26=0x80021e64
         117235	      5760	80003e9e	0001	c.addi	x0,0	  x0:0x00000000  x0=0x00000000
         117255	      5761	80003ea0	8df1	c.and	x11,x12	 x11:0xd5555557 x12:0x512540c6 x11=0x51054046
         117275	      5762	80003ea2	fd79f193	andi	x3,x19,-41	 x19:0x00000000  x3=0x00000000
         117295	      5763	80003ea6	01c51e63	bne	x10,x28,80003ec2	 x10:0x0000001c x28:0xfffffd52
         118555	      5826	80003ec2	00f09033	sll	x0,x1,x15	  x1:0x000000a2 x15:0x80025ce4  x0=0x00000000
         118575	      5827	80003ec6	0eca	c.slli	x29,0x12	 x29:0x00010000 x29=0x00000000
         118955	      5846	80003ec8	03367cb3	remu	x25,x12,x19	 x12:0x512540c6 x19:0x00000000 x25=0x512540c6
         118975	      5847	80003ecc	006258b3	srl	x17,x4,x6	  x4:0xfffffff7  x6:0xffffff91 x17=0x00007fff
         119815	      5889	80003ed0	027e46b3	div	x13,x28,x7	 x28:0xfffffd52  x7:0x0000000b x13=0xffffffc2
         119835	      5890	80003ed4	4a848e17	auipc	x28,0x4a848	 x28=0xca84bed4
         119915	      5894	80003ed8	01fd1133	sll	x2,x26,x31	 x26:0x80021e64 x31:0xa9b0ce92  x2=0x79900000
         119935	      5895	80003edc	227f3193	sltiu	x3,x30,551	 x30:0xd7d68000  x3=0x00000000
         119955	      5896	80003ee0	0088e3b3	or	x7,x17,x8	 x17:0x00007fff  x8:0x2aaaaaa9  x7=0x2aaaffff
         119975	      5897	80003ee4	01191333	sll	x6,x18,x17	 x18:0x0080021e x17:0x00007fff  x6=0x00000000
         120175	      5907	80003ee8	17e2cd93	xori	x27,x5,382	  x5:0xfffffa62 x27=0xfffffb1c
         120195	      5908	80003eec	01b9f9b3	and	x19,x19,x27	 x19:0x00000000 x27:0xfffffb1c x19=0x00000000
         120275	      5912	80003ef0	00c085b3	add	x11,x1,x12	  x1:0x000000a2 x12:0x512540c6 x11=0x51254168
         120415	      5919	80003ef4	03c50e33	mul	x28,x10,x28	 x10:0x0000001c x28:0xca84bed4 x28=0x2684df30
         120435	      5920	80003ef8	41610a33	sub	x20,x2,x22	  x2:0x79900000 x22:0x00000063 x20=0x798fff9d
         120455	      5921	80003efc	eaa60293	addi	x5,x12,-342	 x12:0x512540c6  x5=0x51253f70
         121395	      5968	80003f00	03277833	remu	x16,x14,x18	 x14:0x00000000 x18:0x0080021e x16=0x00000000
         121415	      5969	80003f04	8368a413	slti	x8,x17,-1994	 x17:0x00007fff  x8=0x00000000
         121435	      5970	80003f08	8dee	c.mv	x27,x27	  x0:0x00000000 x27:0xfffffb1c x27=0xfffffb1c
         121455	      5971	80003f0a	0bf2	c.slli	x23,0x1c	 x23:0x0000000c x23=0xc0000000
         121475	      5972	80003f0c	e50d	c.bnez	x10,80003f36	 x10:0x0000001c
         122915	      6044	80003f36	02b82533	mulhsu	x10,x16,x11	 x16:0x00000000 x11:0x51254168 x10=0x00000000
         122935	      6045	80003f3a	8de9	c.and	x11,x10	 x11:0x51254168 x10:0x00000000 x11=0x00000000
         122955	      6046	80003f3c	0048dd93	srli	x27,x17,0x4	 x17:0x00007fff x27=0x000007ff
         123015	      6049	80003f40	0cc5	c.addi	x25,17	 x25:0x512540c6 x25=0x512540d7
         123035	      6050	80003f42	03ac1663	bne	x24,x26,80003f6e	 x24:0x80021e64 x26:0x80021e64
         123055	      6051	80003f46	1f7d	c.addi	x30,-1	 x30:0xd7d68000 x30=0xd7d67fff
         123075	      6052	80003f48	340353f3	csrrwi	x7,mscratch,6	  x7=0x0000000b
         123195	      6058	80003f4c	4f232113	slti	x2,x6,1266	  x6:0x00000000  x2=0x00000001
         123215	      6059	80003f50	8531	c.srai	x10,0xc	 x10:0x00000000 x10=0x00000000
         123235	      6060	80003f52	039afb63	bgeu	x21,x25,80003f88	 x21:0xffffffff x25:0x512540d7
         123555	      6076	80003f88	401251b3	sra	x3,x4,x1	  x4:0xfffffff7  x1:0x000000a2  x3=0xfffffffd
         123975	      6097	80003f8c	34007773	csrrci	x14,mscratch,0	 x14=0x00000006
         123995	      6098	80003f90	34002073	csrrs	x0,mscratch,x0	  x0:0x00000000  x0=0x00000000
         124135	      6105	80003f94	4007dc93	srai	x25,x15,0x0	 x15:0x80025ce4 x25=0x80025ce4
         124155	      6106	80003f98	85ad	c.srai	x11,0xb	 x11:0x00000000 x11=0x00000000
         124175	      6107	80003f9a	34095873	csrrwi	x16,mscratch,18	 x16=0x00000006
         124195	      6108	80003f9e	8d41	c.or	x10,x8	 x10:0x00000000  x8:0x00000000 x10=0x00000000
         124215	      6109	80003fa0	0067a1b3	slt	x3,x15,x6	 x15:0x80025ce4  x6:0x00000000  x3=0x00000001
         124355	      6116	80003fa4	498d8697	auipc	x13,0x498d8	 x13=0xc98dbfa4
         124415	      6119	80003fa8	01f85f13	srli	x30,x16,0x1f	 x16:0x00000006 x30=0x00000000
         124435	      6120	80003fac	4127df33	sra	x30,x15,x18	 x15:0x80025ce4 x18:0x0080021e x30=0xfffffffe
         124455	      6121	80003fb0	838e	c.mv	x7,x3	  x0:0x00000000  x3:0x00000001  x7=0x00000001
         124515	      6124	80003fb2	01c81e33	sll	x28,x16,x28	 x16:0x00000006 x28:0x2684df30 x28=0x00060000
         124535	      6125	80003fb6	37fe0913	addi	x18,x28,895	 x28:0x00060000 x18=0x0006037f
         124555	      6126	80003fba	8089	c.srli	x9,0x2	  x9:0x4da80000  x9=0x136a0000
         125155	      6156	80003fbc	00aed413	srli	x8,x29,0xa	 x29:0x00000000  x8=0x00000000
         125175	      6157	80003fc0	03a0ef63	bltu	x1,x26,80003ffe	  x1:0x000000a2 x26:0x80021e64
         125495	      6173	80003ffe	74bcab13	slti	x22,x25,1867	 x25:0x80025ce4 x22=0x00000001
         125675	      6182	80004002	01be4c63	blt	x28,x27,8000401a	 x28:0x00060000 x27:0x000007ff
         125695	      6183	80004006	8c71	c.and	x8,x12	  x8:0x00000000 x12:0x512540c6  x8=0x00000000
         125975	      6197	80004008	34007d73	csrrci	x26,mscratch,0	 x26=0x00000012
         125995	      6198	8000400c	0000100f	fence.i	
         126855	      6241	80004010	01289113	slli	x2,x17,0x12	 x17:0x00007fff  x2=0xfffc0000
         126975	      6247	80004014	340a6473	csrrsi	x8,mscratch,20	  x8=0x00000012
         126995	      6248	80004018	8d21	c.xor	x10,x8	 x10:0x00000000  x8:0x00000012 x10=0x00000012
         127015	      6249	8000401a	e48fa213	slti	x4,x31,-440	 x31:0xa9b0ce92  x4=0x00000001
         127035	      6250	8000401e	4de67193	andi	x3,x12,1246	 x12:0x512540c6  x3=0x000000c6
         127775	      6287	80004022	0283d533	divu	x10,x7,x8	  x7:0x00000001  x8:0x00000012 x10=0x00000000
         127795	      6288	80004026	0001	c.addi	x0,0	  x0:0x00000000  x0=0x00000000
         127815	      6289	80004028	c60a6f93	ori	x31,x20,-928	 x20:0x798fff9d x31=0xfffffffd
         128555	      6326	8000402c	02814e33	div	x28,x2,x8	  x2:0xfffc0000  x8:0x00000012 x28=0xffffc71d
         128575	      6327	80004030	fb043437	lui	x8,0xfb043	  x8=0xfb043000
         128595	      6328	80004034	8f39	c.xor	x14,x14	 x14:0x00000006 x14:0x00000006 x14=0x00000000
         128615	      6329	80004036	3402e773	csrrsi	x14,mscratch,5	 x14=0x00000016
         128635	      6330	8000403a	8ef1	c.and	x13,x12	 x13:0xc98dbfa4 x12:0x512540c6 x13=0x41050084
         128655	      6331	8000403c	ef19	c.bnez	x14,8000405a	 x14:0x00000016
         129255	      6361	8000405a	005c6e33	or	x28,x24,x5	 x24:0x80021e64  x5:0x51253f70 x28=0xd1273f74
         129295	      6363	8000405e	011726b3	slt	x13,x14,x17	 x14:0x00000016 x17:0x00007fff x13=0x00000001
         129315	      6364	80004062	ab30e913	ori	x18,x1,-1357	  x1:0x000000a2 x18=0xfffffab3
         129335	      6365	80004066	5e7d	c.li	x28,-1	 x28=0xffffffff
         129355	      6366	80004068	4f09	c.li	x30,2	 x30=0x00000002
         129495	      6373	8000406a	028a4c63	blt	x20,x8,800040a2	 x20:0x798fff9d  x8:0xfb043000
         129515	      6374	8000406e	340073f3	csrrci	x7,mscratch,0	  x7=0x00000017
         129695	      6383	80004072	02d33d33	mulhu	x26,x6,x13	  x6:0x00000000 x13:0x00000001 x26=0x00000000
         129715	      6384	80004076	40145513	srai	x10,x8,0x1	  x8:0xfb043000 x10=0xfd821800
         129735	      6385	8000407a	4037df93	srai	x31,x15,0x3	 x15:0x80025ce4 x31=0xf0004b9c
         129855	      6391	8000407e	340c3ff3	csrrc	x31,mscratch,x24	 x24:0x80021e64 x31=0x00000017
         129875	      6392	80004082	019a0b33	add	x22,x20,x25	 x20:0x798fff9d x25:0x80025ce4 x22=0xf9925c81
         129895	      6393	80004086	34003a73	csrrc	x20,mscratch,x0	  x0:0x00000000 x20=0x00000013
         130435	      6420	8000408a	00617363	bgeu	x2,x6,80004090	  x2:0xfffc0000  x6:0x00000000
         130835	      6440	80004090	02ec9533	mulh	x10,x25,x14	 x25:0x80025ce4 x14:0x00000016 x10=0xfffffff5
         131015	      6449	80004094	8429	c.srai	x8,0xa	  x8:0xfb043000  x8=0xfffec10c
         131035	      6450	80004096	8df5	c.and	x11,x13	 x11:0x00000000 x13:0x00000001 x11=0x00000000
         131355	      6466	80004098	4455	c.li	x8,21	  x8=0x00000015
         131435	      6470	8000409a	53f56693	ori	x13,x10,1343	 x10:0xfffffff5 x13=0xffffffff
         131455	      6471	8000409e	6a99	c.lui	x21,0x6	 x21=0x00006000
         131475	      6472	800040a0	cd8d	c.beqz	x11,800040da	 x11:0x00000000
         132515	      6524	800040da	64f9	c.lui	x9,0x1e	  x9=0x0001e000
         132815	      6539	800040dc	340b23f3	csrrs	x7,mscratch,x22	 x22:0xf9925c81  x7=0x00000013
         132935	      6545	800040e0	014f1263	bne	x30,x20,800040e4	 x30:0x00000002 x20:0x00000013
         134615	      6629	800040e4	da37c413	xori	x8,x15,-605	 x15:0x80025ce4  x8=0x7ffda147
         134815	      6639	800040e8	34046073	csrrsi	x0,mscratch,8	  x0=0x00000000
         135075	      6652	800040ec	889e	c.mv	x17,x7	  x0:0x00000000  x7:0x00000013 x17=0x00000013
         135095	      6653	800040ee	fa32e413	ori	x8,x5,-93	  x5:0x51253f70  x8=0xfffffff3
         135135	      6655	800040f2	030bb133	mulhu	x2,x23,x16	 x23:0xc0000000 x16:0x00000006  x2=0x00000004
         135215	      6659	800040f6	0ff0000f	fence	iorw,iorw	
         135235	      6660	800040fa	0e94	c.addi4spn	x13,x2,848	 x13=0x00000354
         135255	      6661	800040fc	0ec2	c.slli	x29,0x10	 x29:0x00000000 x29=0x00000000
         135335	      6665	800040fe	4171ddb3	sra	x27,x3,x23	  x3:0x000000c6 x23:0xc0000000 x27=0x000000c6
         135395	      6668	80004102	340ea173	csrrs	x2,mscratch,x29	 x29:0x00000000  x2=0xf9925c9b
         135415	      6669	80004106	cd85	c.beqz	x11,8000413e	 x11:0x00000000
         135815	      6689	8000413e	53fd	c.li	x7,-1	  x7=0xffffffff
         136135	      6705	80004140	4f25	c.li	x30,9	 x30=0x00000009
         136155	      6706	80004142	0001	c.addi	x0,0	  x0:0x00000000  x0=0x00000000
         136195	      6708	80004144	02381933	mulh	x18,x16,x3	 x16:0x00000006  x3:0x000000c6 x18=0x00000000
         136215	      6709	80004148	8889	c.andi	x9,2	  x9:0x0001e000  x9=0x00000000
         136375	      6717	8000414a	009af0b3	and	x1,x21,x9	 x21:0x00006000  x9:0x00000000  x1=0x00000000
         136395	      6718	8000414e	00135e93	srli	x29,x6,0x1	  x6:0x00000000 x29=0x00000000
         136475	      6722	80004152	0000100f	fence.i	
         136955	      6746	80004156	82a9	c.srli	x13,0xa	 x13:0x00000354 x13=0x00000000
         136975	      6747	80004158	01615a33	srl	x20,x2,x22	  x2:0xf9925c9b x22:0xf9925c81 x20=0x7cc92e4d
         137395	      6768	8000415c	00dba3b3	slt	x7,x23,x13	 x23:0xc0000000 x13:0x00000000  x7=0x00000001
         137815	      6789	80004160	340aa1f3	csrrs	x3,mscratch,x21	 x21:0x00006000  x3=0xf9925c9b
         137935	      6795	80004164	00ae7f33	and	x30,x28,x10	 x28:0xffffffff x10:0xfffffff5 x30=0xfffffff5
         138155	      6806	80004168	8f69	c.and	x14,x10	 x14:0x00000016 x10:0xfffffff5 x14=0x00000014
         138275	      6812	8000416a	465ae313	ori	x6,x21,1125	 x21:0x00006000  x6=0x00006465
         138295	      6813	8000416e	76be0217	auipc	x4,0x76be0	  x4=0xf6be416e
         138315	      6814	80004172	816e	c.mv	x2,x27	  x0:0x00000000 x27:0x000000c6  x2=0x000000c6
         138335	      6815	80004174	340b14f3	csrrw	x9,mscratch,x22	 x22:0xf9925c81  x9=0xf9927c9b
         138675	      6832	80004178	8171	c.srli	x10,0x1c	 x10:0xfffffff5 x10=0x0000000f
         138695	      6833	8000417a	01c29233	sll	x4,x5,x28	  x5:0x51253f70 x28:0xffffffff  x4=0x00000000
         138715	      6834	8000417e	8c2d	c.xor	x8,x11	  x8:0xfffffff3 x11:0x00000000  x8=0xfffffff3
         139095	      6853	80004180	0c80	c.addi4spn	x8,x2,592	  x8=0x00000316
         139115	      6854	80004182	5b2f8993	addi	x19,x31,1458	 x31:0x00000017 x19=0x000005c9
         139135	      6855	80004186	8c99	c.sub	x9,x14	  x9:0xf9927c9b x14:0x00000014  x9=0xf9927c87
         139255	      6861	80004188	0137a6b3	slt	x13,x15,x19	 x15:0x80025ce4 x19:0x000005c9 x13=0x00000001
         139675	      6882	8000418c	01b19e63	bne	x3,x27,800041a8	  x3:0xf9925c9b x27:0x000000c6
         139815	      6889	800041a8	014b6c63	bltu	x22,x20,800041c0	 x22:0xf9925c81 x20:0x7cc92e4d
         139995	      6898	800041ac	0fb6	c.slli	x31,0xd	 x31:0x00000017 x31=0x0002e000
         140035	      6900	800041ae	020bd3b3	divu	x7,x23,x0	 x23:0xc0000000  x0:0x00000000  x7=0xffffffff
         140055	      6901	800041b2	49bd	c.li	x19,15	 x19=0x0000000f
         140075	      6902	800041b4	02a81363	bne	x16,x10,800041da	 x16:0x00000006 x10:0x0000000f
         140275	      6912	800041da	1908	c.addi4spn	x10,x2,176	 x10=0x00000176
         140295	      6913	800041dc	1e3fe813	ori	x16,x31,483	 x31:0x0002e000 x16=0x0002e1e3
         140315	      6914	800041e0	340a1af3	csrrw	x21,mscratch,x20	 x20:0x7cc92e4d x21=0xf9925c81
         155715	      7684	800041e4	002b6bb3	or	x23,x22,x2	 x22:0xf9925c81  x2:0x000000c6 x23=0xf9925cc7
         155735	      7685	800041e8	0140d4b3	srl	x9,x1,x20	  x1:0x00000000 x20:0x7cc92e4d  x9=0x00000000
         155755	      7686	800041ec	98fa	c.add	x17,x30	 x17:0x00000013 x30:0xfffffff5 x17=0x00000008
         155775	      7687	800041ee	89b6	c.mv	x19,x13	  x0:0x00000000 x13:0x00000001 x19=0x00000001
         155795	      7688	800041f0	06ae	c.slli	x13,0xb	 x13:0x00000001 x13=0x00000800
         155815	      7689	800041f2	08c6	c.slli	x17,0x11	 x17:0x00000008 x17=0x00100000
         155835	      7690	800041f4	0ed2	c.slli	x29,0x14	 x29:0x00000000 x29=0x00000000
         155855	      7691	800041f6	8db9	c.xor	x11,x14	 x11:0x00000000 x14:0x00000014 x11=0x00000014
         155875	      7692	800041f8	3a7f4ab7	lui	x21,0x3a7f4	 x21=0x3a7f4000
         155915	      7694	800041fc	0b99	c.addi	x23,6	 x23:0xf9925cc7 x23=0xf9925ccd
         155935	      7695	800041fe	0368f063	bgeu	x17,x22,8000421e	 x17:0x00100000 x22:0xf9925c81
         156355	      7716	80004202	00899a93	slli	x21,x19,0x8	 x19:0x00000001 x21=0x00000100
         157195	      7758	80004206	0228fab3	remu	x21,x17,x2	 x17:0x00100000  x2:0x000000c6 x21=0x000000a6
         157235	      7760	8000420a	03ce12b3	mulh	x5,x28,x28	 x28:0xffffffff x28:0xffffffff  x5=0x00000000
         157315	      7764	8000420e	340f9473	csrrw	x8,mscratch,x31	 x31:0x0002e000  x8=0x7cc92e4d
         157335	      7765	80004212	40ee0533	sub	x10,x28,x14	 x28:0xffffffff x14:0x00000014 x10=0xffffffeb
         157575	      7777	80004216	0129d113	srli	x2,x19,0x12	 x19:0x00000001  x2=0x00000000
         157595	      7778	8000421a	40a78b33	sub	x22,x15,x10	 x15:0x80025ce4 x10:0xffffffeb x22=0x80025cf9
         157615	      7779	8000421e	8341	c.srli	x14,0x10	 x14:0x00000014 x14=0x00000000
         157795	      7788	80004220	006e1193	slli	x3,x28,0x6	 x28:0xffffffff  x3=0xffffffc0
         157815	      7789	80004224	015bb233	sltu	x4,x23,x21	 x23:0xf9925ccd x21:0x000000a6  x4=0x00000000
         158235	      7810	80004228	81bd	c.srli	x11,0xf	 x11:0x00000014 x11=0x00000000
         158255	      7811	8000422a	2dbabd13	sltiu	x26,x21,731	 x21:0x000000a6 x26=0x00000001
         158435	      7820	8000422e	41d65d33	sra	x26,x12,x29	 x12:0x512540c6 x29:0x00000000 x26=0x512540c6
         158475	      7822	80004232	033629b3	mulhsu	x19,x12,x19	 x12:0x512540c6 x19:0x00000001 x19=0x00000000
         158495	      7823	80004236	656d	c.lui	x10,0x1b	 x10=0x0001b000
         158515	      7824	80004238	01759db3	sll	x27,x11,x23	 x11:0x00000000 x23:0xf9925ccd x27=0x00000000
         158535	      7825	8000423c	8035	c.srli	x8,0xd	  x8:0x7cc92e4d  x8=0x0003e649
         158555	      7826	8000423e	8c79	c.and	x8,x14	  x8:0x0003e649 x14:0x00000000  x8=0x00000000
         158575	      7827	80004240	41555f13	srai	x30,x10,0x15	 x10:0x0001b000 x30=0x00000000
         158595	      7828	80004244	0151ff33	and	x30,x3,x21	  x3:0xffffffc0 x21:0x000000a6 x30=0x00000080
         158715	      7834	80004248	3409b1f3	csrrc	x3,mscratch,x19	 x19:0x00000000  x3=0x0002e000
         159095	      7853	8000424c	0001	c.addi	x0,0	  x0:0x00000000  x0=0x00000000
         159115	      7854	8000424e	6db1	c.lui	x27,0xc	 x27=0x0000c000
         159315	      7864	80004250	03cb96b3	mulh	x13,x23,x28	 x23:0xf9925ccd x28:0xffffffff x13=0x00000000
         159455	      7871	80004254	036296b3	mulh	x13,x5,x22	  x5:0x00000000 x22:0x80025cf9 x13=0x00000000
         159475	      7872	80004258	c70d	c.beqz	x14,80004282	 x14:0x00000000
         160515	      7924	80004282	19e82293	slti	x5,x16,414	 x16:0x0002e1e3  x5=0x00000000
         160535	      7925	80004286	688d	c.lui	x17,0x3	 x17=0x00003000
         160555	      7926	80004288	00be0d33	add	x26,x28,x11	 x28:0xffffffff x11:0x00000000 x26=0xffffffff
         160575	      7927	8000428c	016f6eb3	or	x29,x30,x22	 x30:0x00000080 x22:0x80025cf9 x29=0x80025cf9
         160595	      7928	80004290	717d	c.addi16sp	x2,-16	  x2:0x00000000  x2=0xfffffff0
         160615	      7929	80004292	0001	c.addi	x0,0	  x0:0x00000000  x0=0x00000000
         160655	      7931	80004294	03a39a33	mulh	x20,x7,x26	  x7:0xffffffff x26:0xffffffff x20=0x00000000
         160675	      7932	80004298	023a8663	beq	x21,x3,800042c4	 x21:0x000000a6  x3:0x0002e000
         160915	      7944	8000429c	45c5	c.li	x11,17	 x11=0x00000011
         160935	      7945	8000429e	03614863	blt	x2,x22,800042ce	  x2:0xfffffff0 x22:0x80025cf9
         160955	      7946	800042a2	0456	c.slli	x8,0x15	  x8:0x00000000  x8=0x00000000
         160975	      7947	800042a4	9d36	c.add	x26,x13	 x26:0xffffffff x13:0x00000000 x26=0xffffffff
         161015	      7949	800042a6	03869833	mulh	x16,x13,x24	 x13:0x00000000 x24:0x80021e64 x16=0x00000000
         161035	      7950	800042aa	8da1	c.xor	x11,x8	 x11:0x00000011  x8:0x00000000 x11=0x00000011
         161055	      7951	800042ac	66f9	c.lui	x13,0x1e	 x13=0x0001e000
         161075	      7952	800042ae	94d6	c.add	x9,x21	  x9:0x00000000 x21:0x000000a6  x9=0x000000a6
         161175	      7957	800042b0	01415bb3	srl	x23,x2,x20	  x2:0xfffffff0 x20:0x00000000 x23=0xfffffff0
         161195	      7958	800042b4	0081b033	sltu	x0,x3,x8	  x3:0x0002e000  x8:0x00000000  x0=0x00000000
         161215	      7959	800042b8	00d99a13	slli	x20,x19,0xd	 x19:0x00000000 x20=0x00000000
         161255	      7961	800042bc	02921833	mulh	x16,x4,x9	  x4:0x00000000  x9:0x000000a6 x16=0x00000000
         161475	      7972	800042c0	40b15713	srai	x14,x2,0xb	  x2:0xfffffff0 x14=0xffffffff
         162435	      8020	800042c4	02b1d6b3	divu	x13,x3,x11	  x3:0x0002e000 x11:0x00000011 x13=0x00002b4b
         162455	      8021	800042c8	8459	c.srai	x8,0x16	  x8:0x00000000  x8=0x00000000
         162475	      8022	800042ca	8ec1	c.or	x13,x8	 x13:0x00002b4b  x8:0x00000000 x13=0x00002b4b
         162495	      8023	800042cc	cc15	c.beqz	x8,80004308	  x8:0x00000000
         162595	      8028	80004308	6165	c.addi16sp	x2,112	  x2:0xfffffff0  x2=0x00000060
         162775	      8037	8000430a	015f39b3	sltu	x19,x30,x21	 x30:0x00000080 x21:0x000000a6 x19=0x00000001
         162955	      8046	8000430e	0000100f	fence.i	
         163215	      8059	80004312	6cdd	c.lui	x25,0x17	 x25=0x00017000
         163255	      8061	80004314	03b810b3	mulh	x1,x16,x27	 x16:0x00000000 x27:0x0000c000  x1=0x00000000
         163335	      8065	80004318	00101213	slli	x4,x0,0x1	  x0:0x00000000  x4=0x00000000
         163355	      8066	8000431c	40418433	sub	x8,x3,x4	  x3:0x0002e000  x4:0x00000000  x8=0x0002e000
         163575	      8077	80004320	005d7933	and	x18,x26,x5	 x26:0xffffffff  x5:0x00000000 x18=0x00000000
         163595	      8078	80004324	02077e63	bgeu	x14,x0,80004360	 x14:0xffffffff  x0:0x00000000
         164015	      8099	80004360	0061f463	bgeu	x3,x6,80004368	  x3:0x0002e000  x6:0x00006465
         164375	      8117	80004368	8d71	c.and	x10,x12	 x10:0x0001b000 x12:0x512540c6 x10=0x00010000
         165515	      8174	8000436a	02fff6b3	remu	x13,x31,x15	 x31:0x0002e000 x15:0x80025ce4 x13=0x0002e000
         165535	      8175	8000436e	03c2	c.slli	x7,0x10	  x7:0xffffffff  x7=0xffff0000
         165555	      8176	80004370	90d6	c.add	x1,x21	  x1:0x00000000 x21:0x000000a6  x1=0x000000a6
         165575	      8177	80004372	21a4c697	auipc	x13,0x21a4c	 x13=0xa1a50372
         165595	      8178	80004376	0ff0000f	fence	iorw,iorw	
         165615	      8179	8000437a	02789c63	bne	x17,x7,800043b2	 x17:0x00003000  x7:0xffff0000
         165715	      8184	800043b2	8be73913	sltiu	x18,x14,-1858	 x14:0xffffffff x18=0x00000000
         165875	      8192	800043b6	0ff0000f	fence	iorw,iorw	
         165895	      8193	800043ba	c409	c.beqz	x8,800043c4	  x8:0x0002e000
         166035	      8200	800043bc	0ff0000f	fence	iorw,iorw	
         166055	      8201	800043c0	3402e2f3	csrrsi	x5,mscratch,5	  x5=0x0002e000
         166375	      8217	800043c4	0244ed33	rem	x26,x9,x4	  x9:0x000000a6  x4:0x00000000 x26=0x000000a6
         166395	      8218	800043c8	0839	c.addi	x16,14	 x16:0x00000000 x16=0x0000000e
         166415	      8219	800043ca	355a3017	auipc	x0,0x355a3	  x0=0x00000000
         166435	      8220	800043ce	8c69	c.and	x8,x10	  x8:0x0002e000 x10:0x00010000  x8=0x00000000
         166455	      8221	800043d0	0f318293	addi	x5,x3,243	  x3:0x0002e000  x5=0x0002e0f3
         166495	      8223	800043d4	3401fcf3	csrrci	x25,mscratch,3	 x25=0x0002e005
         166695	      8233	800043d8	26022ab7	lui	x21,0x26022	 x21=0x26022000
         166895	      8243	800043dc	8cbd	c.xor	x9,x15	  x9:0x000000a6 x15:0x80025ce4  x9=0x80025c42
         167255	      8261	800043de	0300c663	blt	x1,x16,8000440a	  x1:0x000000a6 x16:0x0000000e
         167275	      8262	800043e2	8b41	c.andi	x14,16	 x14:0xffffffff x14=0x00000010
         167295	      8263	800043e4	00a79513	slli	x10,x15,0xa	 x15:0x80025ce4 x10=0x09739000
         168075	      8302	800043e8	031ee9b3	rem	x19,x29,x17	 x29:0x80025cf9 x17:0x00003000 x19=0xfffffcf9
         168095	      8303	800043ec	efbf3413	sltiu	x8,x30,-261	 x30:0x00000080  x8=0x00000001
         168115	      8304	800043f0	839e	c.mv	x7,x7	  x0:0x00000000  x7:0xffff0000  x7=0xffff0000
         168155	      8306	800043f2	02b81233	mulh	x4,x16,x11	 x16:0x0000000e x11:0x00000011  x4=0x00000000
         168175	      8307	800043f6	01691213	slli	x4,x18,0x16	 x18:0x00000000  x4=0x00000000
         168195	      8308	800043fa	8105	c.srli	x10,0x1	 x10:0x09739000 x10=0x04b9c800
         168215	      8309	800043fc	0001	c.addi	x0,0	  x0:0x00000000  x0=0x00000000
         168235	      8310	800043fe	0001	c.addi	x0,0	  x0:0x00000000  x0=0x00000000
         168555	      8326	80004400	8c2d	c.xor	x8,x11	  x8:0x00000001 x11:0x00000011  x8=0x00000010
         168715	      8334	80004402	c9447f93	andi	x31,x8,-876	  x8:0x00000010 x31=0x00000010
         169135	      8355	80004406	023c8f33	mul	x30,x25,x3	 x25:0x0002e005  x3:0x0002e000 x30=0x440e6000
         169175	      8357	8000440a	0109c9b3	xor	x19,x19,x16	 x19:0xfffffcf9 x16:0x0000000e x19=0xfffffcf7
         169195	      8358	8000440e	00c9e263	bltu	x19,x12,80004412	 x19:0xfffffcf7 x12:0x512540c6
         169215	      8359	80004412	8d31	c.xor	x10,x12	 x10:0x04b9c800 x12:0x512540c6 x10=0x559c88c6
         169235	      8360	80004414	008982b3	add	x5,x19,x8	 x19:0xfffffcf7  x8:0x00000010  x5=0xfffffd07
         169635	      8380	80004418	002b6eb3	or	x29,x22,x2	 x22:0x80025cf9  x2:0x00000060 x29=0x80025cf9
         169655	      8381	8000441c	34002073	csrrs	x0,mscratch,x0	  x0:0x00000000  x0=0x00000000
         169815	      8389	80004420	010f44b3	xor	x9,x30,x16	 x30:0x440e6000 x16:0x0000000e  x9=0x440e600e
         170235	      8410	80004424	01745f63	bge	x8,x23,80004442	  x8:0x00000010 x23:0xfffffff0
         170595	      8428	80004442	856d	c.srai	x10,0x1b	 x10:0x559c88c6 x10=0x0000000a
         170615	      8429	80004444	34003573	csrrc	x10,mscratch,x0	  x0:0x00000000 x10=0x0002e004
         171755	      8486	80004448	03785333	divu	x6,x16,x23	 x16:0x0000000e x23:0xfffffff0  x6=0x00000000
         171775	      8487	8000444c	66c51f17	auipc	x30,0x66c51	 x30=0xe6c5544c
         171795	      8488	80004450	03740c63	beq	x8,x23,80004488	  x8:0x00000010 x23:0xfffffff0
         171815	      8489	80004454	0000100f	fence.i	
         172355	      8516	80004458	31b8f013	andi	x0,x17,795	 x17:0x00003000  x0=0x00000000
         172375	      8517	8000445c	0103fe33	and	x28,x7,x16	  x7:0xffff0000 x16:0x0000000e x28=0x00000000
         172395	      8518	80004460	00e9da13	srli	x20,x19,0xe	 x19:0xfffffcf7 x20=0x0003ffff
         172495	      8523	80004464	a45a8413	addi	x8,x21,-1467	 x21:0x26022000  x8=0x26021a45
         172915	      8544	80004468	400c56b3	sra	x13,x24,x0	 x24:0x80021e64  x0:0x00000000 x13=0x80021e64
         172955	      8546	8000446c	031f9a33	mulh	x20,x31,x17	 x31:0x00000010 x17:0x00003000 x20=0x00000000
         173055	      8551	80004470	00a4d463	bge	x9,x10,80004478	  x9:0x440e600e x10:0x0002e004
         173635	      8580	80004478	34091af3	csrrw	x21,mscratch,x18	 x18:0x00000000 x21=0x0002e004
         173655	      8581	8000447c	340ca373	csrrs	x6,mscratch,x25	 x25:0x0002e005  x6=0x00000000
         173675	      8582	80004480	34007f73	csrrci	x30,mscratch,0	 x30=0x0002e005
         173695	      8583	80004484	c495b913	sltiu	x18,x11,-951	 x11:0x00000011 x18=0x00000001
         173715	      8584	80004488	c6817313	andi	x6,x2,-920	  x2:0x00000060  x6=0x00000060
         173895	      8593	8000448c	8031	c.srli	x8,0xc	  x8:0x26021a45  x8=0x00026021
         174015	      8599	8000448e	015ad493	srli	x9,x21,0x15	 x21:0x0002e004  x9=0x00000000
         175155	      8656	80004492	02e7e5b3	rem	x11,x15,x14	 x15:0x80025ce4 x14:0x00000010 x11=0xfffffff4
         175175	      8657	80004496	0225e763	bltu	x11,x2,800044c4	 x11:0xfffffff4  x2:0x00000060
         175195	      8658	8000449a	006726b3	slt	x13,x14,x6	 x14:0x00000010  x6:0x00000060 x13=0x00000001
         175215	      8659	8000449e	0ff0000f	fence	iorw,iorw	
         175235	      8660	800044a2	8675a813	slti	x16,x11,-1945	 x11:0xfffffff4 x16=0x00000000
         175255	      8661	800044a6	03836f63	bltu	x6,x24,800044e4	  x6:0x00000060 x24:0x80021e64
         175555	      8676	800044e4	717d	c.addi16sp	x2,-16	  x2:0x00000060  x2=0x00000050
         175735	      8685	800044e6	00751833	sll	x16,x10,x7	 x10:0x0002e004  x7:0xffff0000 x16=0x0002e004
         175915	      8694	800044ea	011c4b33	xor	x22,x24,x17	 x24:0x80021e64 x17:0x00003000 x22=0x80022e64
         175995	      8698	800044ee	0142ee33	or	x28,x5,x20	  x5:0xfffffd07 x20:0x00000000 x28=0xfffffd07
         176415	      8719	800044f2	54242013	slti	x0,x8,1346	  x8:0x00026021  x0=0x00000000
         176575	      8727	800044f6	95a4b513	sltiu	x10,x9,-1702	  x9:0x00000000 x10=0x00000001
         176595	      8728	800044fa	340a5ff3	csrrwi	x31,mscratch,20	 x31=0x0002e005
         176615	      8729	800044fe	00f780b3	add	x1,x15,x15	 x15:0x80025ce4 x15:0x80025ce4  x1=0x0004b9c8
         176635	      8730	80004502	02ef0e63	beq	x30,x14,8000453e	 x30:0x0002e005 x14:0x00000010
         176695	      8733	80004506	00f29733	sll	x14,x5,x15	  x5:0xfffffd07 x15:0x80025ce4 x14=0xffffd070
         176835	      8740	8000450a	41ca8bb3	sub	x23,x21,x28	 x21:0x0002e004 x28:0xfffffd07 x23=0x0002e2fd
         177035	      8750	8000450e	00f788b3	add	x17,x15,x15	 x15:0x80025ce4 x15:0x80025ce4 x17=0x0004b9c8
         177055	      8751	80004512	9ce5e893	ori	x17,x11,-1586	 x11:0xfffffff4 x17=0xfffffffe
         177075	      8752	80004516	40258d33	sub	x26,x11,x2	 x11:0xfffffff4  x2:0x00000050 x26=0xffffffa4
         177095	      8753	8000451a	84fd	c.srai	x9,0x1f	  x9:0x00000000  x9=0x00000000
         177115	      8754	8000451c	00fc5963	bge	x24,x15,8000452e	 x24:0x80021e64 x15:0x80025ce4
         177175	      8757	80004520	14be4913	xori	x18,x28,331	 x28:0xfffffd07 x18=0xfffffc4c
         177195	      8758	80004524	1b7d	c.addi	x22,-1	 x22:0x80022e64 x22=0x80022e63
         177495	      8773	80004526	00312f33	slt	x30,x2,x3	  x2:0x00000050  x3:0x0002e000 x30=0x00000001
         177515	      8774	8000452a	64520f13	addi	x30,x4,1605	  x4:0x00000000 x30=0x00000645
         177655	      8781	8000452e	01533833	sltu	x16,x6,x21	  x6:0x00000060 x21:0x0002e004 x16=0x00000001
         177755	      8786	80004532	002450b3	srl	x1,x8,x2	  x8:0x00026021  x2:0x00000050  x1=0x00000002
         177775	      8787	80004536	01ee2333	slt	x6,x28,x30	 x28:0xfffffd07 x30:0x00000645  x6=0x00000001
         177915	      8794	8000453a	01175fb3	srl	x31,x14,x17	 x14:0xffffd070 x17:0xfffffffe x31=0x00000003
         178035	      8800	8000453e	00a81293	slli	x5,x16,0xa	 x16:0x00000001  x5=0x00000400
         178055	      8801	80004542	0ff0000f	fence	iorw,iorw	
         178075	      8802	80004546	9306	c.add	x6,x1	  x6:0x00000001  x1:0x00000002  x6=0x00000003
         178095	      8803	80004548	8d2a2f97	auipc	x31,0x8d2a2	 x31=0x0d2a6548
         178135	      8805	8000454c	10fd	c.addi	x1,-1	  x1:0x00000002  x1=0x00000001
         178155	      8806	8000454e	1e05a393	slti	x7,x11,480	 x11:0xfffffff4  x7=0x00000001
         178355	      8816	80004552	013969b3	or	x19,x18,x19	 x18:0xfffffc4c x19:0xfffffcf7 x19=0xfffffcff
         178455	      8821	80004556	41f6da33	sra	x20,x13,x31	 x13:0x00000001 x31:0x0d2a6548 x20=0x00000000
         178475	      8822	8000455a	0001	c.addi	x0,0	  x0:0x00000000  x0=0x00000000
         178495	      8823	8000455c	0001	c.addi	x0,0	  x0:0x00000000  x0=0x00000000
         178515	      8824	8000455e	01a25e33	srl	x28,x4,x26	  x4:0x00000000 x26:0xffffffa4 x28=0x00000000
         179455	      8871	80004562	030f41b3	div	x3,x30,x16	 x30:0x00000645 x16:0x00000001  x3=0x00000645
         179475	      8872	80004566	81ce	c.mv	x3,x19	  x0:0x00000000 x19:0xfffffcff  x3=0xfffffcff
         180215	      8909	80004568	03bc40b3	div	x1,x24,x27	 x24:0x80021e64 x27:0x0000c000  x1=0xffff5559
         180235	      8910	8000456c	00a89263	bne	x17,x10,80004570	 x17:0xfffffffe x10:0x00000001
         180275	      8912	80004570	004046b3	xor	x13,x0,x4	  x0:0x00000000  x4:0x00000000 x13=0x00000000
         180295	      8913	80004574	0d417d13	andi	x26,x2,212	  x2:0x00000050 x26=0x00000050
         180315	      8914	80004578	0ff0000f	fence	iorw,iorw	
         180335	      8915	8000457c	0c04	c.addi4spn	x9,x2,528	  x9=0x00000260
         180375	      8917	8000457e	01d44bb3	xor	x23,x8,x29	  x8:0x00026021 x29:0x80025cf9 x23=0x80003cd8
         181515	      8974	80004582	02c3e033	rem	x0,x7,x12	  x7:0x00000001 x12:0x512540c6  x0=0x00000000
         181535	      8975	80004586	03094563	blt	x18,x16,800045b0	 x18:0xfffffc4c x16:0x00000001
         181835	      8990	800045b0	fa11ac97	auipc	x25,0xfa11a	 x25=0x7a11e5b0
         181855	      8991	800045b4	8e9d	c.sub	x13,x15	 x13:0x00000000 x15:0x80025ce4 x13=0x7ffda31c
         181875	      8992	800045b6	54e2ad17	auipc	x26,0x54e2a	 x26=0xd4e2e5b6
         181895	      8993	800045ba	c88d	c.beqz	x9,800045ec	  x9:0x00000260
         181915	      8994	800045bc	41d45133	sra	x2,x8,x29	  x8:0x00026021 x29:0x80025cf9  x2=0x00000000
         182315	      9014	800045c0	0001	c.addi	x0,0	  x0:0x00000000  x0=0x00000000
         182335	      9015	800045c2	ddb44f13	xori	x30,x8,-549	  x8:0x00026021 x30=0xfffd9dfa
         182355	      9016	800045c6	8c7d	c.and	x8,x15	  x8:0x00026021 x15:0x80025ce4  x8=0x00024020
         182375	      9017	800045c8	8c45	c.or	x8,x9	  x8:0x00024020  x9:0x00000260  x8=0x00024260
         182395	      9018	800045ca	890a	c.mv	x18,x2	  x0:0x00000000  x2:0x00000000 x18=0x00000000
         182415	      9019	800045cc	5bfd	c.li	x23,-1	 x23=0xffffffff
         182435	      9020	800045ce	41f78fb3	sub	x31,x15,x31	 x15:0x80025ce4 x31:0x0d2a6548 x31=0x72d7f79c
         182455	      9021	800045d2	cd95	c.beqz	x11,8000460e	 x11:0xfffffff4
         182475	      9022	800045d4	00a07ab3	and	x21,x0,x10	  x0:0x00000000 x10:0x00000001 x21=0x00000000
         182735	      9035	800045d8	8a2b6e13	ori	x28,x22,-1886	 x22:0x80022e63 x28=0xfffffee3
         183155	      9056	800045dc	0d22	c.slli	x26,0x8	 x26:0xd4e2e5b6 x26=0xe2e5b600
         183315	      9064	800045de	007fef33	or	x30,x31,x7	 x31:0x72d7f79c  x7:0x00000001 x30=0x72d7f79d
         183355	      9066	800045e2	013f79b3	and	x19,x30,x19	 x30:0x72d7f79d x19:0xfffffcff x19=0x72d7f49d
         183515	      9074	800045e6	3404b1f3	csrrc	x3,mscratch,x9	  x9:0x00000260  x3=0x00000014
         183535	      9075	800045ea	0001	c.addi	x0,0	  x0:0x00000000  x0=0x00000000
         183615	      9079	800045ec	8685	c.srai	x13,0x1	 x13:0x7ffda31c x13=0x3ffed18e
         184395	      9118	800045ee	03d7e233	rem	x4,x15,x29	 x15:0x80025ce4 x29:0x80025cf9  x4=0xffffffeb
         184415	      9119	800045f2	8065	c.srli	x8,0x19	  x8:0x00024260  x8=0x00000000
         184435	      9120	800045f4	007dbeb3	sltu	x29,x27,x7	 x27:0x0000c000  x7:0x00000001 x29=0x00000000
         184455	      9121	800045f8	03914563	blt	x2,x25,80004622	  x2:0x00000000 x25:0x7a11e5b0
         184975	      9147	80004622	03f6a2b3	mulhsu	x5,x13,x31	 x13:0x3ffed18e x31:0x72d7f79c  x5=0x1cb57639
         184995	      9148	80004626	410a5cb3	sra	x25,x20,x16	 x20:0x00000000 x16:0x00000001 x25=0x00000000
         185275	      9162	8000462a	a4803437	lui	x8,0xa4803	  x8=0xa4803000
         185295	      9163	8000462e	cc81	c.beqz	x9,80004646	  x9:0x00000260
         185315	      9164	80004630	03194663	blt	x18,x17,8000465c	 x18:0x00000000 x17:0xfffffffe
         185635	      9180	80004634	0338ab33	mulhsu	x22,x17,x19	 x17:0xfffffffe x19:0x72d7f49d x22=0xffffffff
         186755	      9236	80004638	03a9c933	div	x18,x19,x26	 x19:0x72d7f49d x26:0xe2e5b600 x18=0xfffffffd
         203535	     10075	8000463c	035aee63	bltu	x21,x21,80004678	 x21:0x00000000 x21:0x00000000
         203555	     10076	80004640	0ff0000f	fence	iorw,iorw	
         203575	     10077	80004644	0551	c.addi	x10,20	 x10:0x00000001 x10=0x00000015
         203595	     10078	80004646	0001	c.addi	x0,0	  x0:0x00000000  x0=0x00000000
         203615	     10079	80004648	025e8333	mul	x6,x29,x5	 x29:0x00000000  x5:0x1cb57639  x6=0x00000000
         203635	     10080	8000464c	00cc0db3	add	x27,x24,x12	 x24:0x80021e64 x12:0x512540c6 x27=0xd1275f2a
         204595	     10128	80004650	03657fb3	remu	x31,x10,x22	 x10:0x00000015 x22:0xffffffff x31=0x00000015
         204615	     10129	80004654	8b1a	c.mv	x22,x6	  x0:0x00000000  x6:0x00000000 x22=0x00000000
         204655	     10131	80004656	0236a033	mulhsu	x0,x13,x3	 x13:0x3ffed18e  x3:0x00000014  x0=0x00000000
         204675	     10132	8000465a	8cb5	c.xor	x9,x13	  x9:0x00000260 x13:0x3ffed18e  x9=0x3ffed3ee
         204695	     10133	8000465c	34002973	csrrs	x18,mscratch,x0	  x0:0x00000000 x18=0x00000014
         204715	     10134	80004660	402881b3	sub	x3,x17,x2	 x17:0xfffffffe  x2:0x00000000  x3=0xfffffffe
         204735	     10135	80004664	340035f3	csrrc	x11,mscratch,x0	  x0:0x00000000 x11=0x00000014
         205075	     10152	80004668	00a94463	blt	x18,x10,80004670	 x18:0x00000014 x10:0x00000015
         206135	     10205	80004670	78144813	xori	x16,x8,1921	  x8:0xa4803000 x16=0xa4803781
         206155	     10206	80004674	49392c93	slti	x25,x18,1171	 x18:0x00000014 x25=0x00000001
         206335	     10215	80004678	8c21	c.xor	x8,x8	  x8:0xa4803000  x8:0xa4803000  x8=0x00000000
         206355	     10216	8000467a	40f551b3	sra	x3,x10,x15	 x10:0x00000015 x15:0x80025ce4  x3=0x00000001
         206375	     10217	8000467e	02338433	mul	x8,x7,x3	  x7:0x00000001  x3:0x00000001  x8=0x00000001
         206675	     10232	80004682	00676663	bltu	x14,x6,8000468e	 x14:0xffffd070  x6:0x00000000
         206695	     10233	80004686	0134bf33	sltu	x30,x9,x19	  x9:0x3ffed3ee x19:0x72d7f49d x30=0x00000001
         206855	     10241	8000468a	df1cdcb7	lui	x25,0xdf1cd	 x25=0xdf1cd000
         206875	     10242	8000468e	d1a9a993	slti	x19,x19,-742	 x19:0x72d7f49d x19=0x00000000
         206895	     10243	80004692	340068f3	csrrsi	x17,mscratch,0	 x17=0x00000014
         207175	     10257	80004696	01df6a63	bltu	x30,x29,800046aa	 x30:0x00000001 x29:0x00000000
         207195	     10258	8000469a	04a5	c.addi	x9,9	  x9:0x3ffed3ee  x9=0x3ffed3f7
         207215	     10259	8000469c	10fd	c.addi	x1,-1	  x1:0xffff5559  x1=0xffff5558
         207235	     10260	8000469e	0992	c.slli	x19,0x4	 x19:0x00000000 x19=0x00000000
         207255	     10261	800046a0	0ece	c.slli	x29,0x13	 x29:0x00000000 x29=0x00000000
         207275	     10262	800046a2	8f39	c.xor	x14,x14	 x14:0xffffd070 x14:0xffffd070 x14=0x00000000
         207295	     10263	800046a4	55e65697	auipc	x13,0x55e65	 x13=0xd5e696a4
         207315	     10264	800046a8	8475	c.srai	x8,0x1d	  x8:0x00000001  x8=0x00000000
         207335	     10265	800046aa	82c9	c.srli	x13,0x12	 x13:0xd5e696a4 x13=0x00003579
         207355	     10266	800046ac	00715db3	srl	x27,x2,x7	  x2:0x00000000  x7:0x00000001 x27=0x00000000
         207435	     10270	800046b0	8f45	c.or	x14,x9	 x14:0x00000000  x9:0x3ffed3f7 x14=0x3ffed3f7
         207455	     10271	800046b2	00bd3833	sltu	x16,x26,x11	 x26:0xe2e5b600 x11:0x00000014 x16=0x00000000
         207475	     10272	800046b6	6111	c.addi16sp	x2,256	  x2:0x00000000  x2=0x00000100
         207535	     10275	800046b8	013892b3	sll	x5,x17,x19	 x17:0x00000014 x19:0x00000000  x5=0x00000014
         207555	     10276	800046bc	01635463	bge	x6,x22,800046c4	  x6:0x00000000 x22:0x00000000
         208475	     10322	800046c4	01815293	srli	x5,x2,0x18	  x2:0x00000100  x5=0x00000000
         209035	     10350	800046c8	014adb93	srli	x23,x21,0x14	 x21:0x00000000 x23=0x00000000
         209075	     10352	800046cc	6314fa97	auipc	x21,0x6314f	 x21=0xe31536cc
         209095	     10353	800046d0	01dc9093	slli	x1,x25,0x1d	 x25:0xdf1cd000  x1=0x00000000
         209255	     10361	800046d4	4101ddb3	sra	x27,x3,x16	  x3:0x00000001 x16:0x00000000 x27=0x00000001
         209275	     10362	800046d8	8686	c.mv	x13,x1	  x0:0x00000000  x1:0x00000000 x13=0x00000000
         209295	     10363	800046da	016b69b3	or	x19,x22,x22	 x22:0x00000000 x22:0x00000000 x19=0x00000000
         209315	     10364	800046de	63b32a13	slti	x20,x6,1595	  x6:0x00000000 x20=0x00000001
         209335	     10365	800046e2	0512f063	bgeu	x5,x17,80004722	  x5:0x00000000 x17:0x00000014
         209795	     10388	800046e6	00aa89b3	add	x19,x21,x10	 x21:0xe31536cc x10:0x00000015 x19=0xe31536e1
         210215	     10409	800046ea	340030f3	csrrc	x1,mscratch,x0	  x0:0x00000000  x1=0x00000014
         210235	     10410	800046ee	0001	c.addi	x0,0	  x0:0x00000000  x0=0x00000000
         210255	     10411	800046f0	00d06d63	bltu	x0,x13,8000470a	  x0:0x00000000 x13:0x00000000
         210275	     10412	800046f4	01f52b33	slt	x22,x10,x31	 x10:0x00000015 x31:0x00000015 x22=0x00000000
         210295	     10413	800046f8	0ff0000f	fence	iorw,iorw	
         210315	     10414	800046fc	8d7d	c.and	x10,x15	 x10:0x00000015 x15:0x80025ce4 x10=0x00000004
         210335	     10415	800046fe	0001	c.addi	x0,0	  x0:0x00000000  x0=0x00000000
         210435	     10420	80004700	4180d6b3	sra	x13,x1,x24	  x1:0x00000014 x24:0x80021e64 x13=0x00000001
         210535	     10425	80004704	8c19	c.sub	x8,x14	  x8:0x00000000 x14:0x3ffed3f7  x8=0xc0012c09
         210855	     10441	80004706	009ada93	srli	x21,x21,0x9	 x21:0xe31536cc x21=0x00718a9b
         211275	     10462	8000470a	3057e713	ori	x14,x15,773	 x15:0x80025ce4 x14=0x80025fe5
         211295	     10463	8000470e	de496113	ori	x2,x18,-540	 x18:0x00000014  x2=0xfffffdf4
         211655	     10481	80004712	04ab7163	bgeu	x22,x10,80004754	 x22:0x00000000 x10:0x00000004
         211815	     10489	80004716	34007ef3	csrrci	x29,mscratch,0	 x29=0x00000014
         212015	     10499	8000471a	340e1073	csrrw	x0,mscratch,x28	 x28:0xfffffee3  x0=0x00000000
         212055	     10501	8000471e	340e2b73	csrrs	x22,mscratch,x28	 x28:0xfffffee3 x22=0xfffffee3
         212075	     10502	80004722	8515	c.srai	x10,0x5	 x10:0x00000004 x10=0x00000000
         212475	     10522	80004724	41958233	sub	x4,x11,x25	 x11:0x00000014 x25:0xdf1cd000  x4=0x20e33014
         212595	     10528	80004728	ef09	c.bnez	x14,80004742	 x14:0x80025fe5
         213055	     10551	80004742	00f35fb3	srl	x31,x6,x15	  x6:0x00000000 x15:0x80025ce4 x31=0x00000000
         213495	     10573	80004746	02615f33	divu	x30,x2,x6	  x2:0xfffffdf4  x6:0x00000000 x30=0xffffffff
         213595	     10578	8000474a	01e92333	slt	x6,x18,x30	 x18:0x00000014 x30:0xffffffff  x6=0x00000000
         214335	     10615	8000474e	03207cb3	remu	x25,x0,x18	  x0:0x00000000 x18:0x00000014 x25=0x00000000
         214355	     10616	80004752	03ca	c.slli	x7,0x12	  x7:0x00000001  x7=0x00040000
         214375	     10617	80004754	183b7c97	auipc	x25,0x183b7	 x25=0x983bb754
         214395	     10618	80004758	34006573	csrrsi	x10,mscratch,0	 x10=0xfffffee3
         214415	     10619	8000475c	38bd4497	auipc	x9,0x38bd4	  x9=0xb8bd875c
         214435	     10620	80004760	8c4d	c.or	x8,x11	  x8:0xc0012c09 x11:0x00000014  x8=0xc0012c1d
         214575	     10627	80004762	01cd5f93	srli	x31,x26,0x1c	 x26:0xe2e5b600 x31=0x0000000e
         214595	     10628	80004766	0001	c.addi	x0,0	  x0:0x00000000  x0=0x00000000
         214615	     10629	80004768	02aa6663	bltu	x20,x10,80004794	 x20:0x00000001 x10:0xfffffee3
         214855	     10641	80004794	03b5a2b3	mulhsu	x5,x11,x27	 x11:0x00000014 x27:0x00000001  x5=0x00000000
         215335	     10665	80004798	1a98	c.addi4spn	x14,x2,368	 x14=0xffffff64
         215375	     10667	8000479a	01629b93	slli	x23,x5,0x16	  x5:0x00000000 x23=0x00000000
         215395	     10668	8000479e	005d16b3	sll	x13,x26,x5	 x26:0xe2e5b600  x5:0x00000000 x13=0xe2e5b600
         215815	     10689	800047a2	02c91663	bne	x18,x12,800047ce	 x18:0x00000014 x12:0x512540c6
         216135	     10705	800047ce	0ff0000f	fence	iorw,iorw	
         216155	     10706	800047d2	e915	c.bnez	x10,80004806	 x10:0xfffffee3
         216675	     10732	80004806	56fd	c.li	x13,-1	 x13=0xffffffff
         216755	     10736	80004808	0d61	c.addi	x26,24	 x26:0xe2e5b600 x26=0xe2e5b618
         216775	     10737	8000480a	c9e58213	addi	x4,x11,-866	 x11:0x00000014  x4=0xfffffcb2
         216795	     10738	8000480e	ce89	c.beqz	x13,80004828	 x13:0xffffffff
         216895	     10743	80004810	340edff3	csrrwi	x31,mscratch,29	 x31=0xfffffee3
         216915	     10744	80004814	414e5a93	srai	x21,x28,0x14	 x28:0xfffffee3 x21=0xffffffff
         217135	     10755	80004818	022e6a63	bltu	x28,x2,8000484c	 x28:0xfffffee3  x2:0xfffffdf4
         217155	     10756	8000481c	4004d993	srai	x19,x9,0x0	  x9:0xb8bd875c x19=0xb8bd875c
         218075	     10802	80004820	0366f5b3	remu	x11,x13,x22	 x13:0xffffffff x22:0xfffffee3 x11=0x0000011c
         218095	     10803	80004824	001e2db3	slt	x27,x28,x1	 x28:0xfffffee3  x1:0x00000014 x27=0x00000001
         218115	     10804	80004828	1ee68217	auipc	x4,0x1ee68	  x4=0x9ee6c828
         218855	     10841	8000482c	0239f533	remu	x10,x19,x3	 x19:0xb8bd875c  x3:0x00000001 x10=0x00000000
         218875	     10842	80004830	9acc5fb7	lui	x31,0x9acc5	 x31=0x9acc5000
         218895	     10843	80004834	0000100f	fence.i	
         218975	     10847	80004838	34047b73	csrrci	x22,mscratch,8	 x22=0x0000001d
         219135	     10855	8000483c	6beeaf93	slti	x31,x29,1726	 x29:0x00000014 x31=0x00000001
         219215	     10859	80004840	020b65b3	rem	x11,x22,x0	 x22:0x0000001d  x0:0x00000000 x11=0x0000001d
         219235	     10860	80004844	6765	c.lui	x14,0x19	 x14=0x00019000
         219255	     10861	80004846	650d	c.lui	x10,0x3	 x10=0x00003000
         219275	     10862	80004848	01984b33	xor	x22,x16,x25	 x16:0x00000000 x25:0x983bb754 x22=0x983bb754
         219655	     10881	8000484c	02641bb3	mulh	x23,x8,x6	  x8:0xc0012c1d  x6:0x00000000 x23=0x00000000
         219735	     10885	80004850	40110833	sub	x16,x2,x1	  x2:0xfffffdf4  x1:0x00000014 x16=0xfffffde0
         219755	     10886	80004854	0dae	c.slli	x27,0xb	 x27:0x00000001 x27=0x00000800
         219775	     10887	80004856	717d	c.addi16sp	x2,-16	  x2:0xfffffdf4  x2=0xfffffde4
         220175	     10907	80004858	0188ed63	bltu	x17,x24,80004872	 x17:0x00000014 x24:0x80021e64
         221175	     10957	80004872	26e3a893	slti	x17,x7,622	  x7:0x00040000 x17=0x00000000
         221215	     10959	80004876	8d4d3c93	sltiu	x25,x26,-1836	 x26:0xe2e5b618 x25=0x00000001
         221395	     10968	8000487a	037cea63	bltu	x25,x23,800048ae	 x25:0x00000001 x23:0x00000000
         221455	     10971	8000487e	0190ea63	bltu	x1,x25,80004892	  x1:0x00000014 x25:0x00000001
         221715	     10984	80004882	404e8db3	sub	x27,x29,x4	 x29:0x00000014  x4:0x9ee6c828 x27=0x611937ec
         221995	     10998	80004886	40afdab3	sra	x21,x31,x10	 x31:0x00000001 x10:0x00003000 x21=0x00000001
         222115	     11004	8000488a	02c38eb3	mul	x29,x7,x12	  x7:0x00040000 x12:0x512540c6 x29=0x03180000
         222495	     11023	8000488e	8dab4997	auipc	x19,0x8dab4	 x19=0x0dab888e
         223415	     11069	80004892	033d5f33	divu	x30,x26,x19	 x26:0xe2e5b618 x19:0x0dab888e x30=0x00000010
         223435	     11070	80004896	c501	c.beqz	x10,8000489e	 x10:0x00003000
         223455	     11071	80004898	842e	c.mv	x8,x11	  x0:0x00000000 x11:0x0000001d  x8=0x0000001d
         223475	     11072	8000489a	0000100f	fence.i	
         223915	     11094	8000489e	1b08	c.addi4spn	x10,x2,432	 x10=0xffffff94
         223935	     11095	800048a0	01b6d313	srli	x6,x13,0x1b	 x13:0xffffffff  x6=0x0000001f
         224235	     11110	800048a4	00e28e63	beq	x5,x14,800048c0	  x5:0x00000000 x14:0x00019000
         224255	     11111	800048a8	89b9	c.andi	x11,14	 x11:0x0000001d x11=0x0000000c
         224315	     11114	800048aa	032d25b3	mulhsu	x11,x26,x18	 x26:0xe2e5b618 x18:0x00000014 x11=0xfffffffd
         224335	     11115	800048ae	717d	c.addi16sp	x2,-16	  x2:0xfffffde4  x2=0xfffffdd4
         225435	     11170	800048b0	03a068b3	rem	x17,x0,x26	  x0:0x00000000 x26:0xe2e5b618 x17=0x00000000
         226175	     11207	800048b4	02b77033	remu	x0,x14,x11	 x14:0x00019000 x11:0xfffffffd  x0=0x00000000
         235995	     11698	800048b8	03747fb3	remu	x31,x8,x23	  x8:0x0000001d x23:0x00000000 x31=0x0000001d
         236015	     11699	800048bc	340028f3	csrrs	x17,mscratch,x0	  x0:0x00000000 x17=0x00000015
         236035	     11700	800048c0	0a90a993	slti	x19,x1,169	  x1:0x00000014 x19=0x00000001
         236055	     11701	800048c4	1a2b5e97	auipc	x29,0x1a2b5	 x29=0x9a2b98c4
         236075	     11702	800048c8	cca4eb13	ori	x22,x9,-822	  x9:0xb8bd875c x22=0xffffffde
         236095	     11703	800048cc	8c5d	c.or	x8,x15	  x8:0x0000001d x15:0x80025ce4  x8=0x80025cfd
         236115	     11704	800048ce	717d	c.addi16sp	x2,-16	  x2:0xfffffdd4  x2=0xfffffdc4
         236135	     11705	800048d0	0360cf63	blt	x1,x22,8000490e	  x1:0x00000014 x22:0xffffffde
         236555	     11726	800048d4	03abdd63	bge	x23,x26,8000490e	 x23:0x00000000 x26:0xe2e5b618
         237235	     11760	8000490e	036d12b3	mulh	x5,x26,x22	 x26:0xe2e5b618 x22:0xffffffde  x5=0x00000003
         237255	     11761	80004912	717d	c.addi16sp	x2,-16	  x2:0xfffffdc4  x2=0xfffffdb4
         237355	     11766	80004914	00089fb3	sll	x31,x17,x0	 x17:0x00000015  x0:0x00000000 x31=0x00000015
         237375	     11767	80004918	6131	c.addi16sp	x2,320	  x2:0xfffffdb4  x2=0xfffffef4
         238275	     11812	8000491a	0348de33	divu	x28,x17,x20	 x17:0x00000015 x20:0x00000001 x28=0x00000015
         238315	     11814	8000491e	02c5ab33	mulhsu	x22,x11,x12	 x11:0xfffffffd x12:0x512540c6 x22=0xffffffff
         238335	     11815	80004922	0039c663	blt	x19,x3,8000492e	 x19:0x00000001  x3:0x00000001
         238355	     11816	80004926	340065f3	csrrsi	x11,mscratch,0	 x11=0x00000015
         238475	     11822	8000492a	3402d373	csrrwi	x6,mscratch,5	  x6=0x00000015
         238495	     11823	8000492e	717d	c.addi16sp	x2,-16	  x2:0xfffffef4  x2=0xfffffee4
         239375	     11867	80004930	025b6533	rem	x10,x22,x5	 x22:0xffffffff  x5:0x00000003 x10=0xffffffff
         239395	     11868	80004934	41620733	sub	x14,x4,x22	  x4:0x9ee6c828 x22:0xffffffff x14=0x9ee6c829
         239415	     11869	80004938	0006e4b3	or	x9,x13,x0	 x13:0xffffffff  x0:0x00000000  x9=0xffffffff
         239435	     11870	8000493c	01cf2833	slt	x16,x30,x28	 x30:0x00000010 x28:0x00000015 x16=0x00000001
         239455	     11871	80004940	05935063	bge	x6,x25,80004980	  x6:0x00000015 x25:0x00000001
         239975	     11897	80004980	03c79d63	bne	x15,x28,800049ba	 x15:0x80025ce4 x28:0x00000015
         240675	     11932	800049ba	8c99	c.sub	x9,x14	  x9:0xffffffff x14:0x9ee6c829  x9=0x611937d6
         240815	     11939	800049bc	98fd	c.andi	x9,-1	  x9:0x611937d6  x9=0x611937d6
         240835	     11940	800049be	0094	c.addi4spn	x13,x2,64	 x13=0xffffff24
         240895	     11943	800049c0	46e0e993	ori	x19,x1,1134	  x1:0x00000014 x19=0x0000047e
         241095	     11953	800049c4	8eb9	c.xor	x13,x14	 x13:0xffffff24 x14:0x9ee6c829 x13=0x6119370d
         241115	     11954	800049c6	94d2	c.add	x9,x20	  x9:0x611937d6 x20:0x00000001  x9=0x611937d7
         241135	     11955	800049c8	0000100f	fence.i	
         241735	     11985	800049cc	02fa8833	mul	x16,x21,x15	 x21:0x00000001 x15:0x80025ce4 x16=0x80025ce4
         241755	     11986	800049d0	01ad1b63	bne	x26,x26,800049e6	 x26:0xe2e5b618 x26:0xe2e5b618
         241775	     11987	800049d4	8f15	c.sub	x14,x13	 x14:0x9ee6c829 x13:0x6119370d x14=0x3dcd911c
         242915	     12044	800049d6	023ee2b3	rem	x5,x29,x3	 x29:0x9a2b98c4  x3:0x00000001  x5=0x00000000
         242935	     12045	800049da	0c916513	ori	x10,x2,201	  x2:0xfffffee4 x10=0xfffffeed
         242955	     12046	800049de	25669cb7	lui	x25,0x25669	 x25=0x25669000
         242975	     12047	800049e2	0001	c.addi	x0,0	  x0:0x00000000  x0=0x00000000
         242995	     12048	800049e4	8515	c.srai	x10,0x5	 x10:0xfffffeed x10=0xfffffff7
         243015	     12049	800049e6	34003b73	csrrc	x22,mscratch,x0	  x0:0x00000000 x22=0x00000005
         243035	     12050	800049ea	c901	c.beqz	x10,800049fa	 x10:0xfffffff7
         243055	     12051	800049ec	34005af3	csrrwi	x21,mscratch,0	 x21=0x00000005
         243075	     12052	800049f0	8f15	c.sub	x14,x13	 x14:0x3dcd911c x13:0x6119370d x14=0xdcb45a0f
         243095	     12053	800049f2	01635663	bge	x6,x22,800049fe	  x6:0x00000015 x22:0x00000005
         243475	     12072	800049fe	022eb733	mulhu	x14,x29,x2	 x29:0x9a2b98c4  x2:0xfffffee4 x14=0x9a2b9818
         243615	     12079	80004a02	34003f73	csrrc	x30,mscratch,x0	  x0:0x00000000 x30=0x00000000
         244035	     12100	80004a06	004070b3	and	x1,x0,x4	  x0:0x00000000  x4:0x9ee6c828  x1=0x00000000
         244075	     12102	80004a0a	03f9a5b3	mulhsu	x11,x19,x31	 x19:0x0000047e x31:0x00000015 x11=0x00000000
         244475	     12122	80004a0e	03ff0fb3	mul	x31,x30,x31	 x30:0x00000000 x31:0x00000015 x31=0x00000000
         244595	     12128	80004a12	004f11b3	sll	x3,x30,x4	 x30:0x00000000  x4:0x9ee6c828  x3=0x00000000
         244615	     12129	80004a16	6165	c.addi16sp	x2,112	  x2:0xfffffee4  x2=0xffffff54
         244635	     12130	80004a18	00ab36b3	sltu	x13,x22,x10	 x22:0x00000005 x10:0xfffffff7 x13=0x00000001
         245035	     12150	80004a1c	1ad93e93	sltiu	x29,x18,429	 x18:0x00000014 x29=0x00000001
         245055	     12151	80004a20	157d	c.addi	x10,-1	 x10:0xfffffff7 x10=0xfffffff6
         245075	     12152	80004a22	340a9b73	csrrw	x22,mscratch,x21	 x21:0x00000005 x22=0x00000000
         246215	     12209	80004a26	027b4433	div	x8,x22,x7	 x22:0x00000000  x7:0x00040000  x8=0x00000000
         246235	     12210	80004a2a	00cfcdb3	xor	x27,x31,x12	 x31:0x00000000 x12:0x512540c6 x27=0x512540c6
         246255	     12211	80004a2e	9956	c.add	x18,x21	 x18:0x00000014 x21:0x00000005 x18=0x00000019
         246275	     12212	80004a30	4f9d	c.li	x31,7	 x31=0x00000007
         246355	     12216	80004a32	41ead313	srai	x6,x21,0x1e	 x21:0x00000005  x6=0x00000000
         246375	     12217	80004a36	01888ab3	add	x21,x17,x24	 x17:0x00000015 x24:0x80021e64 x21=0x80021e79
         246395	     12218	80004a3a	82a5	c.srli	x13,0x9	 x13:0x00000001 x13=0x00000000
         246415	     12219	80004a3c	8dc5	c.or	x11,x9	 x11:0x00000000  x9:0x611937d7 x11=0x611937d7
         246755	     12236	80004a3e	014693b3	sll	x7,x13,x20	 x13:0x00000000 x20:0x00000001  x7=0x00000000
         246775	     12237	80004a42	6225	c.lui	x4,0x9	  x4=0x00009000
         247035	     12250	80004a44	007bd463	bge	x23,x7,80004a4c	 x23:0x00000000  x7:0x00000000
         247635	     12280	80004a4c	912b2913	slti	x18,x22,-1774	 x22:0x00000000 x18=0x00000000
         247675	     12282	80004a50	c119	c.beqz	x10,80004a56	 x10:0xfffffff6
         248095	     12303	80004a52	003571b3	and	x3,x10,x3	 x10:0xfffffff6  x3:0x00000000  x3=0x00000000
         248295	     12313	80004a56	34051cf3	csrrw	x25,mscratch,x10	 x10:0xfffffff6 x25=0x00000005
         248315	     12314	80004a5a	8f3d	c.xor	x14,x15	 x14:0x9a2b9818 x15:0x80025ce4 x14=0x1a29c4fc
         248335	     12315	80004a5c	a8aa7db7	lui	x27,0xa8aa7	 x27=0xa8aa7000
         248355	     12316	80004a60	d2ef3313	sltiu	x6,x30,-722	 x30:0x00000000  x6=0x00000001
         248375	     12317	80004a64	746396b7	lui	x13,0x74639	 x13=0x74639000
         248555	     12326	80004a68	85ee	c.mv	x11,x27	  x0:0x00000000 x27:0xa8aa7000 x11=0xa8aa7000
         248855	     12341	80004a6a	387fe213	ori	x4,x31,903	 x31:0x00000007  x4=0x00000387
         248875	     12342	80004a6e	002b1eb3	sll	x29,x22,x2	 x22:0x00000000  x2:0xffffff54 x29=0x00000000
         249035	     12350	80004a72	340073f3	csrrci	x7,mscratch,0	  x7=0xfffffff6
         249135	     12355	80004a76	05060063	beq	x12,x16,80004ab6	 x12:0x512540c6 x16:0x80025ce4
         249255	     12361	80004a7a	34083973	csrrc	x18,mscratch,x16	 x16:0x80025ce4 x18=0xfffffff6
         249475	     12372	80004a7e	033a23b3	mulhsu	x7,x20,x19	 x20:0x00000001 x19:0x0000047e  x7=0x00000000
         249495	     12373	80004a82	00677db3	and	x27,x14,x6	 x14:0x1a29c4fc  x6:0x00000001 x27=0x00000000
         249515	     12374	80004a86	4a303a93	sltiu	x21,x0,1187	  x0:0x00000000 x21=0x00000001
         249535	     12375	80004a8a	0000100f	fence.i	
         249835	     12390	80004a8e	00ad9c63	bne	x27,x10,80004aa6	 x27:0x00000000 x10:0xfffffff6
         249955	     12396	80004aa6	03eb46b3	div	x13,x22,x30	 x22:0x00000000 x30:0x00000000 x13=0xffffffff
         250135	     12405	80004aaa	0d713913	sltiu	x18,x2,215	  x2:0xffffff54 x18=0x00000000
         250155	     12406	80004aae	34006ef3	csrrsi	x29,mscratch,0	 x29=0x7ffda312
         250495	     12423	80004ab2	7dd1fb93	andi	x23,x3,2013	  x3:0x00000000 x23=0x00000000
         250515	     12424	80004ab6	34003873	csrrc	x16,mscratch,x0	  x0:0x00000000 x16=0x7ffda312
         250535	     12425	80004aba	8dc5	c.or	x11,x9	 x11:0xa8aa7000  x9:0x611937d7 x11=0xe9bb77d7
         250595	     12428	80004abc	3409b9f3	csrrc	x19,mscratch,x19	 x19:0x0000047e x19=0x7ffda312
         250615	     12429	80004ac0	717d	c.addi16sp	x2,-16	  x2:0xffffff54  x2=0xffffff44
         250635	     12430	80004ac2	6bb1	c.lui	x23,0xc	 x23=0x0000c000
         250655	     12431	80004ac4	01141f13	slli	x30,x8,0x11	  x8:0x00000000 x30=0x00000000
         250675	     12432	80004ac8	00bbfeb3	and	x29,x23,x11	 x23:0x0000c000 x11:0xe9bb77d7 x29=0x00004000
         251095	     12453	80004acc	0001	c.addi	x0,0	  x0:0x00000000  x0=0x00000000
         251115	     12454	80004ace	895d	c.andi	x10,23	 x10:0xfffffff6 x10=0x00000016
         251135	     12455	80004ad0	01d15413	srli	x8,x2,0x1d	  x2:0xffffff44  x8=0x00000007
         251535	     12475	80004ad4	340a28f3	csrrs	x17,mscratch,x20	 x20:0x00000001 x17=0x7ffda300
         251555	     12476	80004ad8	8ddd	c.or	x11,x15	 x11:0xe9bb77d7 x15:0x80025ce4 x11=0xe9bb7ff7
         251575	     12477	80004ada	89b5	c.andi	x11,13	 x11:0xe9bb7ff7 x11=0x00000005
         251595	     12478	80004adc	a7873d93	sltiu	x27,x14,-1416	 x14:0x1a29c4fc x27=0x00000001
         252335	     12515	80004ae0	03417a33	remu	x20,x2,x20	  x2:0xffffff44 x20:0x00000001 x20=0x00000000
         252355	     12516	80004ae4	8de9	c.and	x11,x10	 x11:0x00000005 x10:0x00000016 x11=0x00000004
         252375	     12517	80004ae6	1ebc3d13	sltiu	x26,x24,491	 x24:0x80021e64 x26=0x00000000
         252395	     12518	80004aea	34099773	csrrw	x14,mscratch,x19	 x19:0x7ffda312 x14=0x7ffda301
         252475	     12522	80004aee	009b9d13	slli	x26,x23,0x9	 x23:0x0000c000 x26=0x01800000
         252895	     12543	80004af2	0114f6b3	and	x13,x9,x17	  x9:0x611937d7 x17:0x7ffda300 x13=0x61192300
         252915	     12544	80004af6	340652f3	csrrwi	x5,mscratch,12	  x5=0x7ffda312
         253155	     12556	80004afa	01ea8333	add	x6,x21,x30	 x21:0x00000001 x30:0x00000000  x6=0x00000001
         253175	     12557	80004afe	37c08737	lui	x14,0x37c08	 x14=0x37c08000
         253195	     12558	80004b02	340528f3	csrrs	x17,mscratch,x10	 x10:0x00000016 x17=0x0000000c
         253215	     12559	80004b06	4ff85717	auipc	x14,0x4ff85	 x14=0xcff89b06
         253235	     12560	80004b0a	0000100f	fence.i	
         253335	     12565	80004b0e	9eea	c.add	x29,x26	 x29:0x00004000 x26:0x01800000 x29=0x01804000
         253395	     12568	80004b10	efed8493	addi	x9,x27,-258	 x27:0x00000001  x9=0xfffffeff
         253595	     12578	80004b14	0280beb3	mulhu	x29,x1,x8	  x1:0x00000000  x8:0x00000007 x29=0x00000000
         253895	     12593	80004b18	8812	c.mv	x16,x4	  x0:0x00000000  x4:0x00000387 x16=0x00000387
         253915	     12594	80004b1a	629d	c.lui	x5,0x7	  x5=0x00007000
         253935	     12595	80004b1c	0379fb63	bgeu	x19,x23,80004b52	 x19:0x7ffda312 x23:0x0000c000
         254115	     12604	80004b52	011076b3	and	x13,x0,x17	  x0:0x00000000 x17:0x0000000c x13=0x00000000
         254135	     12605	80004b56	6ded	c.lui	x27,0x1b	 x27=0x0001b000
         254615	     12629	80004b58	34037773	csrrci	x14,mscratch,6	 x14=0x0000001e
         254655	     12631	80004b5c	03a52233	mulhsu	x4,x10,x26	 x10:0x00000016 x26:0x01800000  x4=0x00000000
         254675	     12632	80004b60	8dad	c.xor	x11,x11	 x11:0x00000004 x11:0x00000004 x11=0x00000000
         254695	     12633	80004b62	0051d693	srli	x13,x3,0x5	  x3:0x00000000 x13=0x00000000
         254855	     12641	80004b66	79782213	slti	x4,x16,1943	 x16:0x00000387  x4=0x00000001
         255055	     12651	80004b6a	8f2e4817	auipc	x16,0x8f2e4	 x16=0x0f2e8b6a
         255095	     12653	80004b6e	03f716b3	mulh	x13,x14,x31	 x14:0x0000001e x31:0x00000007 x13=0x00000000
         255115	     12654	80004b72	35b46b17	auipc	x22,0x35b46	 x22=0xb5b4ab72
         256235	     12710	80004b76	028d64b3	rem	x9,x26,x8	 x26:0x01800000  x8:0x00000007  x9=0x00000005
         256255	     12711	80004b7a	00b9ce63	blt	x19,x11,80004b96	 x19:0x7ffda312 x11:0x00000000
         256995	     12748	80004b7e	028c6433	rem	x8,x24,x8	 x24:0x80021e64  x8:0x00000007  x8=0xfffffffe
         257015	     12749	80004b82	8eb1	c.xor	x13,x12	 x13:0x00000000 x12:0x512540c6 x13=0x512540c6
         257035	     12750	80004b84	8c25	c.xor	x8,x9	  x8:0xfffffffe  x9:0x00000005  x8=0xfffffffb
         261055	     12951	80004b86	024fdc63	bge	x31,x4,80004bbe	 x31:0x00000007  x4:0x00000001
         261915	     12994	80004bbe	01d1f363	bgeu	x3,x29,80004bc4	  x3:0x00000000 x29:0x00000000
         262795	     13038	80004bc4	62e25d97	auipc	x27,0x62e25	 x27=0xe2e29bc4
         263015	     13049	80004bc8	34079a73	csrrw	x20,mscratch,x15	 x15:0x80025ce4 x20=0x00000018
         263215	     13059	80004bcc	047a	c.slli	x8,0x1e	  x8:0xfffffffb  x8=0xc0000000
         263235	     13060	80004bce	01da1b13	slli	x22,x20,0x1d	 x20:0x00000018 x22=0x00000000
         263515	     13074	80004bd2	340fea73	csrrsi	x20,mscratch,31	 x20=0x80025ce4
         263855	     13091	80004bd6	40756193	ori	x3,x10,1031	 x10:0x00000016  x3=0x00000417
         264215	     13109	80004bda	340358f3	csrrwi	x17,mscratch,6	 x17=0x80025cff
         265075	     13152	80004bde	0376c733	div	x14,x13,x23	 x13:0x512540c6 x23:0x0000c000 x14=0x00006c31
         265095	     13153	80004be2	00439693	slli	x13,x7,0x4	  x7:0x00000000 x13=0x00000000
         265115	     13154	80004be6	017c1fb3	sll	x31,x24,x23	 x24:0x80021e64 x23:0x0000c000 x31=0x80021e64
         265135	     13155	80004bea	0925	c.addi	x18,9	 x18:0x00000000 x18=0x00000009
         265155	     13156	80004bec	00eae133	or	x2,x21,x14	 x21:0x00000001 x14:0x00006c31  x2=0x00006c31
         265175	     13157	80004bf0	0054f4b3	and	x9,x9,x5	  x9:0x00000005  x5:0x00007000  x9=0x00000000
         265195	     13158	80004bf4	3403dbf3	csrrwi	x23,mscratch,7	 x23=0x00000006
         265615	     13179	80004bf8	177d	c.addi	x14,-1	 x14:0x00006c31 x14=0x00006c30
         265635	     13180	80004bfa	6e09	c.lui	x28,0x2	 x28=0x00002000
         265715	     13184	80004bfc	340976f3	csrrci	x13,mscratch,18	 x13=0x00000007
         265755	     13186	80004c00	00d16d33	or	x26,x2,x13	  x2:0x00006c31 x13:0x00000007 x26=0x00006c37
         266175	     13207	80004c04	8c59	c.or	x8,x14	  x8:0xc0000000 x14:0x00006c30  x8=0xc0006c30
         266455	     13221	80004c06	4a98a197	auipc	x3,0x4a98a	  x3=0xca98ec06
         266475	     13222	80004c0a	01dfc8b3	xor	x17,x31,x29	 x31:0x80021e64 x29:0x00000000 x17=0x80021e64
         266495	     13223	80004c0e	0fea	c.slli	x31,0x1a	 x31:0x80021e64 x31=0x90000000
         266515	     13224	80004c10	8df9	c.and	x11,x14	 x11:0x00000000 x14:0x00006c30 x11=0x00000000
         266535	     13225	80004c12	73ff8f93	addi	x31,x31,1855	 x31:0x90000000 x31=0x9000073f
         266555	     13226	80004c16	00a54f63	blt	x10,x10,80004c34	 x10:0x00000016 x10:0x00000016
         266575	     13227	80004c1a	380dae13	slti	x28,x27,896	 x27:0xe2e29bc4 x28=0x00000001
         266895	     13243	80004c1e	293be913	ori	x18,x23,659	 x23:0x00000006 x18=0x00000297
         267075	     13252	80004c22	41c402b3	sub	x5,x8,x28	  x8:0xc0006c30 x28:0x00000001  x5=0xc0006c2f
         267115	     13254	80004c26	40ac8eb3	sub	x29,x25,x10	 x25:0x00000005 x10:0x00000016 x29=0xffffffef
         267135	     13255	80004c2a	340bfdf3	csrrci	x27,mscratch,23	 x27=0x00000005
         267155	     13256	80004c2e	340079f3	csrrci	x19,mscratch,0	 x19=0x00000000
         267175	     13257	80004c32	8e9d	c.sub	x13,x15	 x13:0x00000007 x15:0x80025ce4 x13=0x7ffda323
         267295	     13263	80004c34	69d9	c.lui	x19,0x16	 x19=0x00016000
         267615	     13279	80004c36	0020bbb3	sltu	x23,x1,x2	  x1:0x00000000  x2:0x00006c31 x23=0x00000001
         267635	     13280	80004c3a	683d	c.lui	x16,0xf	 x16=0x0000f000
         267995	     13298	80004c3c	03a37f63	bgeu	x6,x26,80004c7a	  x6:0x00000001 x26:0x00006c37
         268015	     13299	80004c40	033f7d63	bgeu	x30,x19,80004c7a	 x30:0x00000000 x19:0x00016000
         268215	     13309	80004c44	020ff963	bgeu	x31,x0,80004c76	 x31:0x9000073f  x0:0x00000000
         269315	     13364	80004c76	010af9b3	and	x19,x21,x16	 x21:0x00000001 x16:0x0000f000 x19=0x00000000
         269515	     13374	80004c7a	34095873	csrrwi	x16,mscratch,18	 x16=0x00000000
         269795	     13388	80004c7e	40c081b3	sub	x3,x1,x12	  x1:0x00000000 x12:0x512540c6  x3=0xaedabf3a
         270175	     13407	80004c82	34069773	csrrw	x14,mscratch,x13	 x13:0x7ffda323 x14=0x00000012
         270215	     13409	80004c86	03093433	mulhu	x8,x18,x16	 x18:0x00000297 x16:0x00000000  x8=0x00000000
         270235	     13410	80004c8a	9f1e	c.add	x30,x7	 x30:0x00000000  x7:0x00000000 x30=0x00000000
         270255	     13411	80004c8c	0ff0000f	fence	iorw,iorw	
         270375	     13417	80004c90	01993a33	sltu	x20,x18,x25	 x18:0x00000297 x25:0x00000005 x20=0x00000000
         270395	     13418	80004c94	00389093	slli	x1,x17,0x3	 x17:0x80021e64  x1=0x0010f320
         270515	     13424	80004c98	8f09	c.sub	x14,x10	 x14:0x00000012 x10:0x00000016 x14=0xfffffffc
         270535	     13425	80004c9a	889d	c.andi	x9,7	  x9:0x00000000  x9=0x00000000
         270675	     13432	80004c9c	40385093	srai	x1,x16,0x3	 x16:0x00000000  x1=0x00000000
         270755	     13436	80004ca0	fa5ba413	slti	x8,x23,-91	 x23:0x00000001  x8=0x00000000
         270775	     13437	80004ca4	8f41	c.or	x14,x8	 x14:0xfffffffc  x8:0x00000000 x14=0xfffffffc
         271015	     13449	80004ca6	005c20b3	slt	x1,x24,x5	 x24:0x80021e64  x5:0xc0006c2f  x1=0x00000001
         271035	     13450	80004caa	c585	c.beqz	x11,80004cd2	 x11:0x00000000
         271855	     13491	80004cd2	0ff0000f	fence	iorw,iorw	
         271875	     13492	80004cd6	3401d973	csrrwi	x18,mscratch,3	 x18=0x7ffda323
         271895	     13493	80004cda	873a	c.mv	x14,x14	  x0:0x00000000 x14:0xfffffffc x14=0xfffffffc
         271915	     13494	80004cdc	8f15	c.sub	x14,x13	 x14:0xfffffffc x13:0x7ffda323 x14=0x80025cd9
         271955	     13496	80004cde	c50e7317	auipc	x6,0xc50e7	  x6=0x450ebcde
         271975	     13497	80004ce2	025b5b63	bge	x22,x5,80004d18	 x22:0x00000000  x5:0xc0006c2f
         272655	     13531	80004d18	03422a33	mulhsu	x20,x4,x20	  x4:0x00000001 x20:0x00000000 x20=0x00000000
         272675	     13532	80004d1c	9bd2	c.add	x23,x20	 x23:0x00000001 x20:0x00000000 x23=0x00000001
         272695	     13533	80004d1e	00a2a233	slt	x4,x5,x10	  x5:0xc0006c2f x10:0x00000016  x4=0x00000001
         272775	     13537	80004d22	00d1d5b3	srl	x11,x3,x13	  x3:0xaedabf3a x13:0x7ffda323 x11=0x15db57e7
         272795	     13538	80004d26	717d	c.addi16sp	x2,-16	  x2:0x00006c31  x2=0x00006c21
         272815	     13539	80004d28	340c5ef3	csrrwi	x29,mscratch,24	 x29=0x00000003
         273115	     13554	80004d2c	340b3f73	csrrc	x30,mscratch,x22	 x22:0x00000000 x30=0x00000018
         273855	     13591	80004d30	02f5fbb3	remu	x23,x11,x15	 x11:0x15db57e7 x15:0x80025ce4 x23=0x15db57e7
         273895	     13593	80004d34	036f35b3	mulhu	x11,x30,x22	 x30:0x00000018 x22:0x00000000 x11=0x00000000
         273915	     13594	80004d38	8759	c.srai	x14,0x16	 x14:0x80025cd9 x14=0xfffffe00
         273935	     13595	80004d3a	9abe	c.add	x21,x15	 x21:0x00000001 x15:0x80025ce4 x21=0x80025ce5
         273975	     13597	80004d3c	0232aa33	mulhsu	x20,x5,x3	  x5:0xc0006c2f  x3:0xaedabf3a x20=0xd4499a15
         273995	     13598	80004d40	340064f3	csrrsi	x9,mscratch,0	  x9=0x00000018
         274015	     13599	80004d44	340161f3	csrrsi	x3,mscratch,2	  x3=0x00000018
         274035	     13600	80004d48	ed0d	c.bnez	x10,80004d82	 x10:0x00000016
         274615	     13629	80004d82	340269f3	csrrsi	x19,mscratch,4	 x19=0x0000001a
         274635	     13630	80004d86	03cd7763	bgeu	x26,x28,80004db4	 x26:0x00006c37 x28:0x00000001
         274855	     13641	80004db4	8179	c.srli	x10,0x1e	 x10:0x00000016 x10=0x00000000
         275295	     13663	80004db6	02a936b3	mulhu	x13,x18,x10	 x18:0x7ffda323 x10:0x00000000 x13=0x00000000
         275315	     13664	80004dba	c915	c.beqz	x10,80004dee	 x10:0x00000000
         275855	     13691	80004dee	03001863	bne	x0,x16,80004e1e	  x0:0x00000000 x16:0x00000000
         275875	     13692	80004df2	033e0e33	mul	x28,x28,x19	 x28:0x00000001 x19:0x0000001a x28=0x0000001a
         275895	     13693	80004df6	03166d63	bltu	x12,x17,80004e30	 x12:0x512540c6 x17:0x80021e64
         276815	     13739	80004e30	024e1163	bne	x28,x4,80004e52	 x28:0x0000001a  x4:0x00000001
         277075	     13752	80004e52	50ab8d17	auipc	x26,0x50ab8	 x26=0xd0abce52
         277135	     13755	80004e56	0000100f	fence.i	
         277655	     13781	80004e5a	415b0933	sub	x18,x22,x21	 x22:0x00000000 x21:0x80025ce5 x18=0x7ffda31b
         278015	     13799	80004e5e	340f9cf3	csrrw	x25,mscratch,x31	 x31:0x9000073f x25=0x0000001e
         278055	     13801	80004e62	039cb733	mulhu	x14,x25,x25	 x25:0x0000001e x25:0x0000001e x14=0x00000000
         278455	     13821	80004e66	01d30663	beq	x6,x29,80004e72	  x6:0x450ebcde x29:0x00000003
         278755	     13836	80004e6a	40d95333	sra	x6,x18,x13	 x18:0x7ffda31b x13:0x00000000  x6=0x7ffda31b
         278775	     13837	80004e6e	0092a333	slt	x6,x5,x9	  x5:0xc0006c2f  x9:0x00000018  x6=0x00000001
         279195	     13858	80004e72	02f35e63	bge	x6,x15,80004eae	  x6:0x00000001 x15:0x80025ce4
         279855	     13891	80004eae	6a0d	c.lui	x20,0x3	 x20=0x00003000
         279875	     13892	80004eb0	40285cb3	sra	x25,x16,x2	 x16:0x00000000  x2:0x00006c21 x25=0x00000000
         279895	     13893	80004eb4	8129	c.srli	x10,0xa	 x10:0x00000000 x10=0x00000000
         279915	     13894	80004eb6	ed8d	c.bnez	x11,80004ef0	 x11:0x00000000
         279935	     13895	80004eb8	0080	c.addi4spn	x8,x2,64	  x8=0x00006c61
         279955	     13896	80004eba	01a67433	and	x8,x12,x26	 x12:0x512540c6 x26:0xd0abce52  x8=0x50214042
         279975	     13897	80004ebe	34002973	csrrs	x18,mscratch,x0	  x0:0x00000000 x18=0x9000073f
         280215	     13909	80004ec2	011fc933	xor	x18,x31,x17	 x31:0x9000073f x17:0x80021e64 x18=0x1002195b
         280235	     13910	80004ec6	00b90cb3	add	x25,x18,x11	 x18:0x1002195b x11:0x00000000 x25=0x1002195b
         280255	     13911	80004eca	0ff0000f	fence	iorw,iorw	
         280275	     13912	80004ece	1394	c.addi4spn	x13,x2,480	 x13=0x00006e01
         280395	     13918	80004ed0	0ff0000f	fence	iorw,iorw	
         280575	     13927	80004ed4	040b0063	beq	x22,x0,80004f14	 x22:0x00000000  x0:0x00000000
         280835	     13940	80004f14	03898f33	mul	x30,x19,x24	 x19:0x0000001a x24:0x80021e64 x30=0x00371628
         280855	     13941	80004f18	240bf193	andi	x3,x23,576	 x23:0x15db57e7  x3=0x00000240
         280875	     13942	80004f1c	fc3a8713	addi	x14,x21,-61	 x21:0x80025ce5 x14=0x80025ca8
         280935	     13945	80004f20	017c3033	sltu	x0,x24,x23	 x24:0x80021e64 x23:0x15db57e7  x0=0x00000000
         281075	     13952	80004f24	01b91333	sll	x6,x18,x27	 x18:0x1002195b x27:0x00000005  x6=0x00432b60
         281095	     13953	80004f28	6ccd	c.lui	x25,0x13	 x25=0x00013000
         281115	     13954	80004f2a	b12b6393	ori	x7,x22,-1262	 x22:0x00000000  x7=0xfffffb12
         281255	     13961	80004f2e	011be263	bltu	x23,x17,80004f32	 x23:0x15db57e7 x17:0x80021e64
         281635	     13980	80004f32	02a9fd63	bgeu	x19,x10,80004f6c	 x19:0x0000001a x10:0x00000000
         282235	     14010	80004f6c	e8156313	ori	x6,x10,-383	 x10:0x00000000  x6=0xfffffe81
         282255	     14011	80004f70	0ff0000f	fence	iorw,iorw	
         282275	     14012	80004f74	34003bf3	csrrc	x23,mscratch,x0	  x0:0x00000000 x23=0x9000073f
         282295	     14013	80004f78	9ca71297	auipc	x5,0x9ca71	  x5=0x1ca75f78
         282715	     14034	80004f7c	01e1b133	sltu	x2,x3,x30	  x3:0x00000240 x30:0x00371628  x2=0x00000001
         282735	     14035	80004f80	340a3d73	csrrc	x26,mscratch,x20	 x20:0x00003000 x26=0x9000073f
         283535	     14075	80004f84	03735133	divu	x2,x6,x23	  x6:0xfffffe81 x23:0x9000073f  x2=0x00000001
         283555	     14076	80004f88	01395b33	srl	x22,x18,x19	 x18:0x1002195b x19:0x0000001a x22=0x00000004
         283575	     14077	80004f8c	0049e533	or	x10,x19,x4	 x19:0x0000001a  x4:0x00000001 x10=0x0000001b
         284315	     14114	80004f90	023275b3	remu	x11,x4,x3	  x4:0x00000001  x3:0x00000240 x11=0x00000001
         284335	     14115	80004f94	0000100f	fence.i	
         284735	     14135	80004f98	03c926b3	mulhsu	x13,x18,x28	 x18:0x1002195b x28:0x0000001a x13=0x00000001
         284755	     14136	80004f9c	0000100f	fence.i	
         285575	     14177	80004fa0	011c7bb3	and	x23,x24,x17	 x24:0x80021e64 x17:0x80021e64 x23=0x80021e64
         300155	     14906	80004fa4	987d	c.andi	x8,-1	  x8:0x50214042  x8=0x50214042
         300175	     14907	80004fa6	01b84463	blt	x16,x27,80004fae	 x16:0x00000000 x27:0x00000005
         300395	     14918	80004fae	01537f63	bgeu	x6,x21,80004fcc	  x6:0xfffffe81 x21:0x80025ce5
         300975	     14947	80004fcc	86a1	c.srai	x13,0x8	 x13:0x00000001 x13=0x00000000
         301015	     14949	80004fce	ecfe4693	xori	x13,x28,-305	 x28:0x0000001a x13=0xfffffed5
         301055	     14951	80004fd2	44face13	xori	x28,x21,1103	 x21:0x80025ce5 x28=0x800258aa
         301075	     14952	80004fd6	3409f073	csrrci	x0,mscratch,19	  x0=0x00000000
         301415	     14969	80004fda	67657b13	andi	x22,x10,1654	 x10:0x0000001b x22=0x00000012
         302175	     15007	80004fde	03c17bb3	remu	x23,x2,x28	  x2:0x00000001 x28:0x800258aa x23=0x00000001
         302215	     15009	80004fe2	025d24b3	mulhsu	x9,x26,x5	 x26:0x9000073f  x5:0x1ca75f78  x9=0xf376c70b
         302235	     15010	80004fe6	ee9d	c.bnez	x13,80005024	 x13:0xfffffed5
         303715	     15084	80005024	023dcbb3	div	x23,x27,x3	 x27:0x00000005  x3:0x00000240 x23=0x00000000
         303735	     15085	80005028	8f01	c.sub	x14,x8	 x14:0x80025ca8  x8:0x50214042 x14=0x2fe11c66
         303755	     15086	8000502a	8d09	c.sub	x10,x10	 x10:0x0000001b x10:0x0000001b x10=0x00000000
         303775	     15087	8000502c	027e6363	bltu	x28,x7,80005052	 x28:0x800258aa  x7:0xfffffb12
         304315	     15114	80005052	02a21033	mulh	x0,x4,x10	  x4:0x00000001 x10:0x00000000  x0=0x00000000
         304335	     15115	80005056	6861	c.lui	x16,0x18	 x16=0x00018000
         304435	     15120	80005058	0196fd33	and	x26,x13,x25	 x13:0xfffffed5 x25:0x00013000 x26=0x00013000
         304855	     15141	8000505c	340b5ff3	csrrwi	x31,mscratch,22	 x31=0x9000072c
         304975	     15147	80005060	a519cd13	xori	x26,x19,-1455	 x19:0x0000001a x26=0xfffffa4b
         305135	     15155	80005064	00c3dd33	srl	x26,x7,x12	  x7:0xfffffb12 x12:0x512540c6 x26=0x03ffffec
         305555	     15176	80005068	03c6dd63	bge	x13,x28,800050a2	 x13:0xfffffed5 x28:0x800258aa
         306535	     15225	800050a2	01c54b33	xor	x22,x10,x28	 x10:0x00000000 x28:0x800258aa x22=0x800258aa
         306555	     15226	800050a6	00cd3ab3	sltu	x21,x26,x12	 x26:0x03ffffec x12:0x512540c6 x21=0x00000001
         307695	     15283	800050aa	02345cb3	divu	x25,x8,x3	  x8:0x50214042  x3:0x00000240 x25=0x00239d00
         307715	     15284	800050ae	0018a833	slt	x16,x17,x1	 x17:0x80021e64  x1:0x00000001 x16=0x00000001
         307735	     15285	800050b2	84aa	c.mv	x9,x10	  x0:0x00000000 x10:0x00000000  x9=0x00000000
         307755	     15286	800050b4	34006273	csrrsi	x4,mscratch,0	  x4=0x00000016
         307775	     15287	800050b8	c5554417	auipc	x8,0xc5554	  x8=0x455590b8
         307795	     15288	800050bc	0001	c.addi	x0,0	  x0:0x00000000  x0=0x00000000
         307815	     15289	800050be	03c88263	beq	x17,x28,800050e2	 x17:0x80021e64 x28:0x800258aa
         307835	     15290	800050c2	881d	c.andi	x8,7	  x8:0x455590b8  x8=0x00000000
         307855	     15291	800050c4	03868eb3	mul	x29,x13,x24	 x13:0xfffffed5 x24:0x80021e64 x29=0x7d868134
         307875	     15292	800050c8	8d21	c.xor	x10,x8	 x10:0x00000000  x8:0x00000000 x10=0x00000000
         307895	     15293	800050ca	01bf3333	sltu	x6,x30,x27	 x30:0x00371628 x27:0x00000005  x6=0x00000000
         308255	     15311	800050ce	40adda13	srai	x20,x27,0xa	 x27:0x00000005 x20=0x00000000
         308275	     15312	800050d2	01dbdc63	bge	x23,x29,800050ea	 x23:0x00000000 x29:0x7d868134
         308595	     15328	800050d6	03f95a63	bge	x18,x31,8000510a	 x18:0x1002195b x31:0x9000072c
         309015	     15349	8000510a	0ff0000f	fence	iorw,iorw	
         309055	     15351	8000510e	5a8b3d13	sltiu	x26,x22,1448	 x22:0x800258aa x26=0x00000000
         309075	     15352	80005112	c495	c.beqz	x9,8000513e	  x9:0x00000000
         310055	     15401	8000513e	418a5913	srai	x18,x20,0x18	 x20:0x00000000 x18=0x00000000
         310075	     15402	80005142	8ea5	c.xor	x13,x9	 x13:0xfffffed5  x9:0x00000000 x13=0xfffffed5
         310095	     15403	80005144	00cd7363	bgeu	x26,x12,8000514a	 x26:0x00000000 x12:0x512540c6
         310115	     15404	80005148	8349	c.srli	x14,0x12	 x14:0x2fe11c66 x14=0x00000bf8
         310275	     15412	8000514a	04fdd163	bge	x27,x15,8000518c	 x27:0x00000005 x15:0x80025ce4
         310735	     15435	8000518c	03a568b3	rem	x17,x10,x26	 x10:0x00000000 x26:0x00000000 x17=0x00000000
         310755	     15436	80005190	01113013	sltiu	x0,x2,17	  x2:0x00000001  x0=0x00000000
         310775	     15437	80005194	00caf2b3	and	x5,x21,x12	 x21:0x00000001 x12:0x512540c6  x5=0x00000000
         310915	     15444	80005198	8132	c.mv	x2,x12	  x0:0x00000000 x12:0x512540c6  x2=0x512540c6
         310935	     15445	8000519a	8df9	c.and	x11,x14	 x11:0x00000001 x14:0x00000bf8 x11=0x00000000
         310955	     15446	8000519c	34031e73	csrrw	x28,mscratch,x6	  x6:0x00000000 x28=0x00000016
         310975	     15447	800051a0	014add93	srli	x27,x21,0x14	 x21:0x00000001 x27=0x00000000
         311055	     15451	800051a4	8d61	c.and	x10,x8	 x10:0x00000000  x8:0x00000000 x10=0x00000000
         311315	     15464	800051a6	34039573	csrrw	x10,mscratch,x7	  x7:0xfffffb12 x10=0x00000000
         311355	     15466	800051aa	00c2fd33	and	x26,x5,x12	  x5:0x00000000 x12:0x512540c6 x26=0x00000000
         311375	     15467	800051ae	5f64cf13	xori	x30,x9,1526	  x9:0x00000000 x30=0x000005f6
         311395	     15468	800051b2	6e9d	c.lui	x29,0x7	 x29=0x00007000
         311415	     15469	800051b4	9a916813	ori	x16,x2,-1623	  x2:0x512540c6 x16=0xfffff9ef
         311435	     15470	800051b8	99fd	c.andi	x11,-1	 x11:0x00000000 x11=0x00000000
         311455	     15471	800051ba	4196d993	srai	x19,x13,0x19	 x13:0xfffffed5 x19=0xffffffff
         311475	     15472	800051be	8276	c.mv	x4,x29	  x0:0x00000000 x29:0x00007000  x4=0x00007000
         311675	     15482	800051c0	0373d863	bge	x7,x23,800051f0	  x7:0xfffffb12 x23:0x00000000
         311695	     15483	800051c4	0000100f	fence.i	
         312135	     15505	800051c8	00c04a33	xor	x20,x0,x12	  x0:0x00000000 x12:0x512540c6 x20=0x512540c6
         312155	     15506	800051cc	0000100f	fence.i	
         312715	     15534	800051d0	4b817893	andi	x17,x2,1208	  x2:0x512540c6 x17=0x00000080
         312855	     15541	800051d4	34037f73	csrrci	x30,mscratch,6	 x30=0xfffffb12
         312975	     15547	800051d8	340092f3	csrrw	x5,mscratch,x1	  x1:0x00000001  x5=0xfffffb10
         313355	     15566	800051dc	8d51	c.or	x10,x12	 x10:0x00000000 x12:0x512540c6 x10=0x512540c6
         313375	     15567	800051de	00884533	xor	x10,x16,x8	 x16:0xfffff9ef  x8:0x00000000 x10=0xfffff9ef
         313395	     15568	800051e2	0001	c.addi	x0,0	  x0:0x00000000  x0=0x00000000
         313675	     15582	800051e4	8f45	c.or	x14,x9	 x14:0x00000bf8  x9:0x00000000 x14=0x00000bf8
         313755	     15586	800051e6	029decb3	rem	x25,x27,x9	 x27:0x00000000  x9:0x00000000 x25=0x00000000
         314135	     15605	800051ea	41f955b3	sra	x11,x18,x31	 x18:0x00000000 x31:0x9000072c x11=0x00000000
         314155	     15606	800051ee	4115	c.li	x2,5	  x2=0x00000005
         314475	     15622	800051f0	84a9	c.srai	x9,0xa	  x9:0x00000000  x9=0x00000000
         314495	     15623	800051f2	8822	c.mv	x16,x8	  x0:0x00000000  x8:0x00000000 x16=0x00000000
         314515	     15624	800051f4	03a64963	blt	x12,x26,80005226	 x12:0x512540c6 x26:0x00000000
         314535	     15625	800051f8	8ef1	c.and	x13,x12	 x13:0xfffffed5 x12:0x512540c6 x13=0x512540c4
         314555	     15626	800051fa	8d71	c.and	x10,x12	 x10:0xfffff9ef x12:0x512540c6 x10=0x512540c6
         314595	     15628	800051fc	8ce1	c.and	x9,x8	  x9:0x00000000  x8:0x00000000  x9=0x00000000
         314615	     15629	800051fe	bf7b8113	addi	x2,x23,-1033	 x23:0x00000000  x2=0xfffffbf7
         314635	     15630	80005202	0000100f	fence.i	
         314855	     15641	80005206	036d6963	bltu	x26,x22,80005238	 x26:0x00000000 x22:0x800258aa
         315735	     15685	80005238	6111	c.addi16sp	x2,256	  x2:0xfffffbf7  x2=0xfffffcf7
         315755	     15686	8000523a	8c61	c.and	x8,x8	  x8:0x00000000  x8:0x00000000  x8=0x00000000
         316595	     15728	8000523c	03cfca33	div	x20,x31,x28	 x31:0x9000072c x28:0x00000016 x20=0xfae8ba82
         316615	     15729	80005240	8099	c.srli	x9,0x6	  x9:0x00000000  x9=0x00000000
         316635	     15730	80005242	61cd	c.lui	x3,0x13	  x3=0x00013000
         316675	     15732	80005244	1a04	c.addi4spn	x9,x2,304	  x9=0xfffffe27
         316695	     15733	80005246	340f2a73	csrrs	x20,mscratch,x30	 x30:0xfffffb12 x20=0x00000001
         316715	     15734	8000524a	85b5	c.srai	x11,0xd	 x11:0x00000000 x11=0x00000000
         316995	     15748	8000524c	41ee5433	sra	x8,x28,x30	 x28:0x00000016 x30:0xfffffb12  x8=0x00000000
         317415	     15769	80005250	56fd	c.li	x13,-1	 x13=0xffffffff
         317435	     15770	80005252	01c1ccb3	xor	x25,x3,x28	  x3:0x00013000 x28:0x00000016 x25=0x00013016
         317615	     15779	80005256	005b1e93	slli	x29,x22,0x5	 x22:0x800258aa x29=0x004b1540
         317635	     15780	8000525a	340e9473	csrrw	x8,mscratch,x29	 x29:0x004b1540  x8=0xfffffb13
         318435	     15820	8000525e	03c2cb33	div	x22,x5,x28	  x5:0xfffffb10 x28:0x00000016 x22=0xffffffc7
         318455	     15821	80005262	8aa2	c.mv	x21,x8	  x0:0x00000000  x8:0xfffffb13 x21=0xfffffb13
         318495	     15823	80005264	02eb29b3	mulhsu	x19,x22,x14	 x22:0xffffffc7 x14:0x00000bf8 x19=0xffffffff
         318515	     15824	80005268	0059c663	blt	x19,x5,80005274	 x19:0xffffffff  x5:0xfffffb10
         318535	     15825	8000526c	01c36233	or	x4,x6,x28	  x6:0x00000000 x28:0x00000016  x4=0x00000016
         318635	     15830	80005270	008ee833	or	x16,x29,x8	 x29:0x004b1540  x8:0xfffffb13 x16=0xffffff53
         318855	     15841	80005274	01cfe533	or	x10,x31,x28	 x31:0x9000072c x28:0x00000016 x10=0x9000073e
         318875	     15842	80005278	00501393	slli	x7,x0,0x5	  x0:0x00000000  x7=0x00000000
         318895	     15843	8000527c	02494f63	blt	x18,x4,800052ba	 x18:0x00000000  x4:0x00000016
         319555	     15876	800052ba	01d04263	blt	x0,x29,800052be	  x0:0x00000000 x29:0x004b1540
         320415	     15919	800052be	0132d033	srl	x0,x5,x19	  x5:0xfffffb10 x19:0xffffffff  x0=0x00000000
         320435	     15920	800052c2	90a2	c.add	x1,x8	  x1:0x00000001  x8:0xfffffb13  x1=0xfffffb14
         320455	     15921	800052c4	0088b9b3	sltu	x19,x17,x8	 x17:0x00000080  x8:0xfffffb13 x19=0x00000001
         320475	     15922	800052c8	02876663	bltu	x14,x8,800052f4	 x14:0x00000bf8  x8:0xfffffb13
         320675	     15932	800052f4	cd11	c.beqz	x10,80005310	 x10:0x9000073e
         320695	     15933	800052f6	8c61	c.and	x8,x8	  x8:0xfffffb13  x8:0xfffffb13  x8=0xfffffb13
         321035	     15950	800052f8	020acd33	div	x26,x21,x0	 x21:0xfffffb13  x0:0x00000000 x26=0xffffffff
         321055	     15951	800052fc	0000100f	fence.i	
         322055	     16001	80005300	01701a63	bne	x0,x23,80005314	  x0:0x00000000 x23:0x00000000
         322075	     16002	80005304	340a5373	csrrwi	x6,mscratch,20	  x6=0x004b1540
         322095	     16003	80005308	004d5833	srl	x16,x26,x4	 x26:0xffffffff  x4:0x00000016 x16=0x000003ff
         322175	     16007	8000530c	34036d73	csrrsi	x26,mscratch,6	 x26=0x00000014
         322595	     16028	80005310	00bdd263	bge	x27,x11,80005314	 x27:0x00000000 x11:0x00000000
         323575	     16077	80005314	bc7e2693	slti	x13,x28,-1081	 x28:0x00000016 x13=0x00000000
         323595	     16078	80005318	dcf12093	slti	x1,x2,-561	  x2:0xfffffcf7  x1=0x00000001
         323615	     16079	8000531c	006d1b93	slli	x23,x26,0x6	 x26:0x00000014 x23=0x00000500
         323635	     16080	80005320	aec52a93	slti	x21,x10,-1300	 x10:0x9000073e x21=0x00000001
         324015	     16099	80005324	8b06	c.mv	x22,x1	  x0:0x00000000  x1:0x00000001 x22=0x00000001
         324295	     16113	80005326	cb76e593	ori	x11,x13,-841	 x13:0x00000000 x11=0xfffffcb7
         324315	     16114	8000532a	8d95	c.sub	x11,x13	 x11:0xfffffcb7 x13:0x00000000 x11=0xfffffcb7
         325435	     16170	8000532c	03c24fb3	div	x31,x4,x28	  x4:0x00000016 x28:0x00000016 x31=0x00000001
         325455	     16171	80005330	8361	c.srli	x14,0x18	 x14:0x00000bf8 x14=0x00000000
         325475	     16172	80005332	007fa1b3	slt	x3,x31,x7	 x31:0x00000001  x7:0x00000000  x3=0x00000000
         325595	     16178	80005336	340039f3	csrrc	x19,mscratch,x0	  x0:0x00000000 x19=0x00000016
         325615	     16179	8000533a	8879	c.andi	x8,30	  x8:0xfffffb13  x8=0x00000012
         325635	     16180	8000533c	00bb90b3	sll	x1,x23,x11	 x23:0x00000500 x11:0xfffffcb7  x1=0x80000000
         325655	     16181	80005340	0000100f	fence.i	
         326055	     16201	80005344	6105	c.addi16sp	x2,32	  x2:0xfffffcf7  x2=0xfffffd17
         326075	     16202	80005346	4146d013	srai	x0,x13,0x14	 x13:0x00000000  x0=0x00000000
         326195	     16208	8000534a	00e192b3	sll	x5,x3,x14	  x3:0x00000000 x14:0x00000000  x5=0x00000000
         326215	     16209	8000534e	18262813	slti	x16,x12,386	 x12:0x512540c6 x16=0x00000000
         326355	     16216	80005352	34045f73	csrrwi	x30,mscratch,8	 x30=0x00000016
         326415	     16219	80005356	4118df33	sra	x30,x17,x17	 x17:0x00000080 x17:0x00000080 x30=0x00000080
         326435	     16220	8000535a	410751b3	sra	x3,x14,x16	 x14:0x00000000 x16:0x00000000  x3=0x00000000
         326455	     16221	8000535e	08d2	c.slli	x17,0x14	 x17:0x00000080 x17=0x08000000
         327215	     16259	80005360	02cbe133	rem	x2,x23,x12	 x23:0x00000500 x12:0x512540c6  x2=0x00000500
         327235	     16260	80005364	bb05de17	auipc	x28,0xbb05d	 x28=0x3b062364
         327255	     16261	80005368	717d	c.addi16sp	x2,-16	  x2:0x00000500  x2=0x000004f0
         327275	     16262	8000536a	8e91	c.sub	x13,x12	 x13:0x00000000 x12:0x512540c6 x13=0xaedabf3a
         327295	     16263	8000536c	40ccd113	srai	x2,x25,0xc	 x25:0x00013016  x2=0x00000013
         327315	     16264	80005370	93aa	c.add	x7,x10	  x7:0x00000000 x10:0x9000073e  x7=0x9000073e
         327335	     16265	80005372	00d9d933	srl	x18,x19,x13	 x19:0x00000016 x13:0xaedabf3a x18=0x00000000
         327735	     16285	80005376	00bf6f33	or	x30,x30,x11	 x30:0x00000080 x11:0xfffffcb7 x30=0xfffffcb7
         327755	     16286	8000537a	6a25	c.lui	x20,0x9	 x20=0x00009000
         327775	     16287	8000537c	01360233	add	x4,x12,x19	 x12:0x512540c6 x19:0x00000016  x4=0x512540dc
         328535	     16325	80005380	02c34733	div	x14,x6,x12	  x6:0x004b1540 x12:0x512540c6 x14=0x00000000
         328555	     16326	80005384	8c85	c.sub	x9,x9	  x9:0xfffffe27  x9:0xfffffe27  x9=0x00000000
         328575	     16327	80005386	37d30e93	addi	x29,x6,893	  x6:0x004b1540 x29=0x004b18bd
         328595	     16328	8000538a	01f815b3	sll	x11,x16,x31	 x16:0x00000000 x31:0x00000001 x11=0x00000000
         328615	     16329	8000538e	0001	c.addi	x0,0	  x0:0x00000000  x0=0x00000000
         328655	     16331	80005390	029516b3	mulh	x13,x10,x9	 x10:0x9000073e  x9:0x00000000 x13=0x00000000
         328895	     16343	80005394	855d	c.srai	x10,0x17	 x10:0x9000073e x10=0xffffff20
         328955	     16346	80005396	0000100f	fence.i	
         329855	     16391	8000539a	0001	c.addi	x0,0	  x0:0x00000000  x0=0x00000000
         329875	     16392	8000539c	41d15733	sra	x14,x2,x29	  x2:0x00000013 x29:0x004b18bd x14=0x00000000
         330035	     16400	800053a0	3402f8f3	csrrci	x17,mscratch,5	 x17=0x00000008
         330055	     16401	800053a4	017f42b3	xor	x5,x30,x23	 x30:0xfffffcb7 x23:0x00000500  x5=0xfffff9b7
         330155	     16406	800053a8	e995	c.bnez	x11,800053dc	 x11:0x00000000
         330175	     16407	800053aa	ea99	c.bnez	x13,800053c0	 x13:0x00000000
         330195	     16408	800053ac	0ff0000f	fence	iorw,iorw	
         330215	     16409	800053b0	c1163297	auipc	x5,0xc1163	  x5=0x411683b0
         330235	     16410	800053b4	0036a6b3	slt	x13,x13,x3	 x13:0x00000000  x3:0x00000000 x13=0x00000000
         330255	     16411	800053b8	815e	c.mv	x2,x23	  x0:0x00000000 x23:0x00000500  x2=0x00000500
         330295	     16413	800053ba	028a1e33	mulh	x28,x20,x8	 x20:0x00009000  x8:0x00000012 x28=0x00000000
         330315	     16414	800053be	8c41	c.or	x8,x8	  x8:0x00000012  x8:0x00000012  x8=0x00000012
         330655	     16431	800053c0	fbc90b93	addi	x23,x18,-68	 x18:0x00000000 x23=0xffffffbc
         330815	     16439	800053c4	34006273	csrrsi	x4,mscratch,0	  x4=0x00000008
         330835	     16440	800053c8	02aa8833	mul	x16,x21,x10	 x21:0x00000001 x10:0xffffff20 x16=0xffffff20
         331035	     16450	800053cc	8ebe	c.mv	x29,x15	  x0:0x00000000 x15:0x80025ce4 x29=0x80025ce4
         331055	     16451	800053ce	34007a73	csrrci	x20,mscratch,0	 x20=0x00000008
         331075	     16452	800053d2	6519	c.lui	x10,0x6	 x10=0x00006000
         331095	     16453	800053d4	413d0bb3	sub	x23,x26,x19	 x26:0x00000014 x19:0x00000016 x23=0xfffffffe
         331115	     16454	800053d8	34012b73	csrrs	x22,mscratch,x2	  x2:0x00000500 x22=0x00000008
         331135	     16455	800053dc	8cc9	c.or	x9,x10	  x9:0x00000000 x10:0x00006000  x9=0x00006000
         331175	     16457	800053de	02bf1fb3	mulh	x31,x30,x11	 x30:0xfffffcb7 x11:0x00000000 x31=0x00000000
         332155	     16506	800053e2	02f250b3	divu	x1,x4,x15	  x4:0x00000008 x15:0x80025ce4  x1=0x00000000
         332175	     16507	800053e6	02d6c963	blt	x13,x13,80005418	 x13:0x00000000 x13:0x00000000
         332195	     16508	800053ea	0027d133	srl	x2,x15,x2	 x15:0x80025ce4  x2:0x00000500  x2=0x80025ce4
         332215	     16509	800053ee	8dad	c.xor	x11,x11	 x11:0x00000000 x11:0x00000000 x11=0x00000000
         332235	     16510	800053f0	ab1dc213	xori	x4,x27,-1359	 x27:0x00000000  x4=0xfffffab1
         332435	     16520	800053f4	1318	c.addi4spn	x14,x2,416	 x14=0x80025e84
         332455	     16521	800053f6	41f45b93	srai	x23,x8,0x1f	  x8:0x00000012 x23=0x00000000
         332475	     16522	800053fa	815e	c.mv	x2,x23	  x0:0x00000000 x23:0x00000000  x2=0x00000000
         351295	     17463	800053fc	037a9e33	mulh	x28,x21,x23	 x21:0x00000001 x23:0x00000000 x28=0x00000000
         351315	     17464	80005400	00f6cc63	blt	x13,x15,80005418	 x13:0x00000000 x15:0x80025ce4
         351335	     17465	80005404	c195	c.beqz	x11,80005428	 x11:0x00000000
         351835	     17490	80005428	00d91333	sll	x6,x18,x13	 x18:0x00000000 x13:0x00000000  x6=0x00000000
         352015	     17499	8000542c	392a5917	auipc	x18,0x392a5	 x18=0xb92aa42c
         352035	     17500	80005430	340021f3	csrrs	x3,mscratch,x0	  x0:0x00000000  x3=0x00000508
         352055	     17501	80005434	9686	c.add	x13,x1	 x13:0x00000000  x1:0x00000000 x13=0x00000000
         352195	     17508	80005436	6f94e893	ori	x17,x9,1785	  x9:0x00006000 x17=0x000066f9
         352215	     17509	8000543a	0001	c.addi	x0,0	  x0:0x00000000  x0=0x00000000
         352355	     17516	8000543c	01058463	beq	x11,x16,80005444	 x11:0x00000000 x16:0xffffff20
         352475	     17522	80005440	340da173	csrrs	x2,mscratch,x27	 x27:0x00000000  x2=0x00000508
         352495	     17523	80005444	8425	c.srai	x8,0x9	  x8:0x00000012  x8=0x00000000
         352555	     17526	80005446	009b51b3	srl	x3,x22,x9	 x22:0x00000008  x9:0x00006000  x3=0x00000008
         352575	     17527	8000544a	0ff0000f	fence	iorw,iorw	
         352595	     17528	8000544e	0000100f	fence.i	
         353135	     17555	80005452	0ff0000f	fence	iorw,iorw	
         353155	     17556	80005456	888d	c.andi	x9,3	  x9:0x00006000  x9=0x00000000
         353195	     17558	80005458	01661f93	slli	x31,x12,0x16	 x12:0x512540c6 x31=0x31800000
         353235	     17560	8000545c	03af1e33	mulh	x28,x30,x26	 x30:0xfffffcb7 x26:0x00000014 x28=0xffffffff
         353315	     17564	80005460	8ced	c.and	x9,x11	  x9:0x00000000 x11:0x00000000  x9=0x00000000
         353335	     17565	80005462	1180	c.addi4spn	x8,x2,224	  x8=0x000005e8
         353355	     17566	80005464	0046b733	sltu	x14,x13,x4	 x13:0x00000000  x4:0xfffffab1 x14=0x00000001
         353375	     17567	80005468	8fc54393	xori	x7,x10,-1796	 x10:0x00006000  x7=0xffff98fc
         353435	     17570	8000546c	bc88ed17	auipc	x26,0xbc88e	 x26=0x3c89346c
         353455	     17571	80005470	0173d213	srli	x4,x7,0x17	  x7:0xffff98fc  x4=0x000001ff
         354015	     17599	80005474	6d6c0393	addi	x7,x24,1750	 x24:0x80021e64  x7=0x8002253a
         354035	     17600	80005478	0001	c.addi	x0,0	  x0:0x00000000  x0=0x00000000
         354075	     17602	8000547a	00909e63	bne	x1,x9,80005496	  x1:0x00000000  x9:0x00000000
         354215	     17609	8000547e	340cb5f3	csrrc	x11,mscratch,x25	 x25:0x00013016 x11=0x00000508
         354235	     17610	80005482	00c6c1b3	xor	x3,x13,x12	 x13:0x00000000 x12:0x512540c6  x3=0x512540c6
         354255	     17611	80005486	8f4d	c.or	x14,x11	 x14:0x00000001 x11:0x00000508 x14=0x00000509
         354335	     17615	80005488	148c	c.addi4spn	x11,x2,608	 x11=0x00000768
         354355	     17616	8000548a	40618233	sub	x4,x3,x6	  x3:0x512540c6  x6:0x00000000  x4=0x512540c6
         354375	     17617	8000548e	01410b33	add	x22,x2,x20	  x2:0x00000508 x20:0x00000008 x22=0x00000510
         354455	     17621	80005492	04757263	bgeu	x10,x7,800054d6	 x10:0x00006000  x7:0x8002253a
         354475	     17622	80005496	0068e133	or	x2,x17,x6	 x17:0x000066f9  x6:0x00000000  x2=0x000066f9
         354495	     17623	8000549a	0db9	c.addi	x27,14	 x27:0x00000000 x27=0x0000000e
         354555	     17626	8000549c	bc944193	xori	x3,x8,-1079	  x8:0x000005e8  x3=0xfffffe21
         354755	     17636	800054a0	340d12f3	csrrw	x5,mscratch,x26	 x26:0x3c89346c  x5=0x00000508
         354775	     17637	800054a4	02958e63	beq	x11,x9,800054e0	 x11:0x00000768  x9:0x00000000
         354795	     17638	800054a8	0908	c.addi4spn	x10,x2,144	 x10=0x00006789
         354815	     17639	800054aa	851f8b13	addi	x22,x31,-1967	 x31:0x31800000 x22=0x317ff851
         355175	     17657	800054ae	01689e63	bne	x17,x22,800054ca	 x17:0x000066f9 x22:0x317ff851
         356235	     17710	800054ca	3401da73	csrrwi	x20,mscratch,3	 x20=0x3c89346c
         356395	     17718	800054ce	0195c433	xor	x8,x11,x25	 x11:0x00000768 x25:0x00013016  x8=0x0001377e
         356415	     17719	800054d2	59b94513	xori	x10,x18,1435	 x18:0xb92aa42c x10=0xb92aa1b7
         356435	     17720	800054d6	615d	c.addi16sp	x2,432	  x2:0x000066f9  x2=0x000068a9
         356455	     17721	800054d8	cfea0593	addi	x11,x20,-770	 x20:0x3c89346c x11=0x3c89316a
         356475	     17722	800054dc	41235333	sra	x6,x6,x18	  x6:0x00000000 x18:0xb92aa42c  x6=0x00000000
         356715	     17734	800054e0	404158b3	sra	x17,x2,x4	  x2:0x000068a9  x4:0x512540c6 x17=0x000001a2
         356895	     17743	800054e4	039a91b3	mulh	x3,x21,x25	 x21:0x00000001 x25:0x00013016  x3=0x00000000
         357075	     17752	800054e8	01c5d693	srli	x13,x11,0x1c	 x11:0x3c89316a x13=0x00000003
         357095	     17753	800054ec	0000100f	fence.i	
         358395	     17818	800054f0	02276fb3	rem	x31,x14,x2	 x14:0x00000509  x2:0x000068a9 x31=0x00000509
         358435	     17820	800054f4	0281b333	mulhu	x6,x3,x8	  x3:0x00000000  x8:0x0001377e  x6=0x00000000
         358455	     17821	800054f8	340c5af3	csrrwi	x21,mscratch,24	 x21=0x00000003
         358475	     17822	800054fc	01346f33	or	x30,x8,x19	  x8:0x0001377e x19:0x00000016 x30=0x0001377e
         358495	     17823	80005500	187d	c.addi	x16,-1	 x16:0xffffff20 x16=0xffffff1f
         358515	     17824	80005502	050c	c.addi4spn	x11,x2,640	 x11=0x00006b29
         358535	     17825	80005504	00909b33	sll	x22,x1,x9	  x1:0x00000000  x9:0x00000000 x22=0x00000000
         358575	     17827	80005508	02124863	blt	x4,x1,80005538	  x4:0x512540c6  x1:0x00000000
         358695	     17833	8000550c	003b8733	add	x14,x23,x3	 x23:0x00000000  x3:0x00000000 x14=0x00000000
         358835	     17840	80005510	41355533	sra	x10,x10,x19	 x10:0xb92aa1b7 x19:0x00000016 x10=0xfffffee4
         359195	     17858	80005514	4064d0b3	sra	x1,x9,x6	  x9:0x00000000  x6:0x00000000  x1=0x00000000
         359215	     17859	80005518	02574963	blt	x14,x5,8000554a	 x14:0x00000000  x5:0x00000508
         360695	     17933	8000554a	340da4f3	csrrs	x9,mscratch,x27	 x27:0x0000000e  x9=0x00000018
         360715	     17934	8000554e	a906fa13	andi	x20,x13,-1392	 x13:0x00000003 x20=0x00000000
         360735	     17935	80005552	6221	c.lui	x4,0x8	  x4=0x00008000
         360855	     17941	80005554	02ab2b33	mulhsu	x22,x22,x10	 x22:0x00000000 x10:0xfffffee4 x22=0x00000000
         361255	     17961	80005558	023f0933	mul	x18,x30,x3	 x30:0x0001377e  x3:0x00000000 x18=0x00000000
         361695	     17983	8000555c	02e1e4b3	rem	x9,x3,x14	  x3:0x00000000 x14:0x00000000  x9=0x00000000
         361715	     17984	80005560	0001	c.addi	x0,0	  x0:0x00000000  x0=0x00000000
         362715	     18034	80005562	0352feb3	remu	x29,x5,x21	  x5:0x00000508 x21:0x00000003 x29=0x00000001
         362735	     18035	80005566	340f15f3	csrrw	x11,mscratch,x30	 x30:0x0001377e x11=0x0000001e
         362755	     18036	8000556a	34007573	csrrci	x10,mscratch,0	 x10=0x0001377e
         362775	     18037	8000556e	40158bb3	sub	x23,x11,x1	 x11:0x0000001e  x1:0x00000000 x23=0x0000001e
         362795	     18038	80005572	808d	c.srli	x9,0x3	  x9:0x00000000  x9=0x00000000
         363535	     18075	80005574	02d57133	remu	x2,x10,x13	 x10:0x0001377e x13:0x00000003  x2=0x00000002
         363575	     18077	80005578	02d03433	mulhu	x8,x0,x13	  x0:0x00000000 x13:0x00000003  x8=0x00000000
         363595	     18078	8000557c	8f61	c.and	x14,x8	 x14:0x00000000  x8:0x00000000 x14=0x00000000
         363615	     18079	8000557e	34041d73	csrrw	x26,mscratch,x8	  x8:0x00000000 x26=0x0001377e
         363635	     18080	80005582	02189e63	bne	x17,x1,800055be	 x17:0x000001a2  x1:0x00000000
         364255	     18111	800055be	3407d2f3	csrrwi	x5,mscratch,15	  x5=0x00000000
         364275	     18112	800055c2	c299	c.beqz	x13,800055c8	 x13:0x00000003
         364295	     18113	800055c4	41b80bb3	sub	x23,x16,x27	 x16:0xffffff1f x27:0x0000000e x23=0xffffff11
         364315	     18114	800055c8	0134cab3	xor	x21,x9,x19	  x9:0x00000000 x19:0x00000016 x21=0x00000016
         364375	     18117	800055cc	000ec563	blt	x29,x0,800055d6	 x29:0x00000001  x0:0x00000000
         364695	     18133	800055d0	8ce9	c.and	x9,x10	  x9:0x00000000 x10:0x0001377e  x9=0x00000000
         364715	     18134	800055d2	01463a33	sltu	x20,x12,x20	 x12:0x512540c6 x20:0x00000000 x20=0x00000000
         364815	     18139	800055d6	01f074b3	and	x9,x0,x31	  x0:0x00000000 x31:0x00000509  x9=0x00000000
         364855	     18141	800055da	4106d2b3	sra	x5,x13,x16	 x13:0x00000003 x16:0xffffff1f  x5=0x00000000
         365115	     18154	800055de	024129b3	mulhsu	x19,x2,x4	  x2:0x00000002  x4:0x00008000 x19=0x00000000
         365135	     18155	800055e2	28f3a113	slti	x2,x7,655	  x7:0x8002253a  x2=0x00000001
         365155	     18156	800055e6	0076b3b3	sltu	x7,x13,x7	 x13:0x00000003  x7:0x8002253a  x7=0x00000001
         365175	     18157	800055ea	81bd	c.srli	x11,0xf	 x11:0x0000001e x11=0x00000000
         365555	     18176	800055ec	6389	c.lui	x7,0x2	  x7=0x00002000
         365575	     18177	800055ee	418c5593	srai	x11,x24,0x18	 x24:0x80021e64 x11=0xffffff80
         365595	     18178	800055f2	009f1733	sll	x14,x30,x9	 x30:0x0001377e  x9:0x00000000 x14=0x0001377e
         365795	     18188	800055f6	0172acb3	slt	x25,x5,x23	  x5:0x00000000 x23:0xffffff11 x25=0x00000000
         365855	     18191	800055fa	01f65d93	srli	x27,x12,0x1f	 x12:0x512540c6 x27=0x00000000
         365895	     18193	800055fe	db8a7313	andi	x6,x20,-584	 x20:0x00000000  x6=0x00000000
         365915	     18194	80005602	01b483b3	add	x7,x9,x27	  x9:0x00000000 x27:0x00000000  x7=0x00000000
         365935	     18195	80005606	8d45	c.or	x10,x9	 x10:0x0001377e  x9:0x00000000 x10=0x0001377e
         365975	     18197	80005608	03492433	mulhsu	x8,x18,x20	 x18:0x00000000 x20:0x00000000  x8=0x00000000
         366035	     18200	8000560c	8e91	c.sub	x13,x12	 x13:0x00000003 x12:0x512540c6 x13=0xaedabf3d
         366055	     18201	8000560e	41255493	srai	x9,x10,0x12	 x10:0x0001377e  x9=0x00000000
         366075	     18202	80005612	01810733	add	x14,x2,x24	  x2:0x00000001 x24:0x80021e64 x14=0x80021e65
         366355	     18216	80005616	00d69263	bne	x13,x13,8000561a	 x13:0xaedabf3d x13:0xaedabf3d
         366375	     18217	8000561a	6139	c.addi16sp	x2,448	  x2:0x00000001  x2=0x000001c1
         366415	     18219	8000561c	03bbfeb3	remu	x29,x23,x27	 x23:0xffffff11 x27:0x00000000 x29=0xffffff11
         366435	     18220	80005620	0109c433	xor	x8,x19,x16	 x19:0x00000000 x16:0xffffff1f  x8=0xffffff1f
         366575	     18227	80005624	03afc763	blt	x31,x26,80005652	 x31:0x00000509 x26:0x0001377e
         367075	     18252	80005652	00f58133	add	x2,x11,x15	 x11:0xffffff80 x15:0x80025ce4  x2=0x80025c64
         367095	     18253	80005656	ed8d	c.bnez	x11,80005690	 x11:0xffffff80
         367715	     18284	80005690	30c5f593	andi	x11,x11,780	 x11:0xffffff80 x11=0x00000300
         367735	     18285	80005694	018846b3	xor	x13,x16,x24	 x16:0xffffff1f x24:0x80021e64 x13=0x7ffde17b
         367755	     18286	80005698	5c777013	andi	x0,x14,1479	 x14:0x80021e65  x0=0x00000000
         367795	     18288	8000569c	023573b3	remu	x7,x10,x3	 x10:0x0001377e  x3:0x00000000  x7=0x0001377e
         367835	     18290	800056a0	02cfb1b3	mulhu	x3,x31,x12	 x31:0x00000509 x12:0x512540c6  x3=0x00000198
         367855	     18291	800056a4	8d09	c.sub	x10,x10	 x10:0x0001377e x10:0x0001377e x10=0x00000000
         367875	     18292	800056a6	41d6de13	srai	x28,x13,0x1d	 x13:0x7ffde17b x28=0x00000003
         368095	     18303	800056aa	f51b0597	auipc	x11,0xf51b0	 x11=0x751b56aa
         368115	     18304	800056ae	ab542d93	slti	x27,x8,-1355	  x8:0xffffff1f x27=0x00000000
         368175	     18307	800056b2	0208c563	blt	x17,x0,800056dc	 x17:0x000001a2  x0:0x00000000
         368195	     18308	800056b6	0296f963	bgeu	x13,x9,800056e8	 x13:0x7ffde17b  x9:0x00000000
         368295	     18313	800056e8	0ff0000f	fence	iorw,iorw	
         368315	     18314	800056ec	00f76263	bltu	x14,x15,800056f0	 x14:0x80021e65 x15:0x80025ce4
         369735	     18385	800056f0	db623993	sltiu	x19,x4,-586	  x4:0x00008000 x19=0x00000001
         370155	     18406	800056f4	00326ab3	or	x21,x4,x3	  x4:0x00008000  x3:0x00000198 x21=0x00008198
         370195	     18408	800056f8	03661fb3	mulh	x31,x12,x22	 x12:0x512540c6 x22:0x00000000 x31=0x00000000
         370215	     18409	800056fc	34073ef3	csrrc	x29,mscratch,x14	 x14:0x80021e65 x29=0x0000000f
         370255	     18411	80005700	037ba033	mulhsu	x0,x23,x23	 x23:0xffffff11 x23:0xffffff11  x0=0x00000000
         370275	     18412	80005704	008ed3b3	srl	x7,x29,x8	 x29:0x0000000f  x8:0xffffff1f  x7=0x00000000
         370295	     18413	80005708	3405da73	csrrwi	x20,mscratch,11	 x20=0x0000000a
         370315	     18414	8000570c	340f9df3	csrrw	x27,mscratch,x31	 x31:0x00000000 x27=0x0000000b
         370755	     18436	80005710	02034cb3	div	x25,x6,x0	  x6:0x00000000  x0:0x00000000 x25=0xffffffff
         370855	     18441	80005714	e30d	c.bnez	x14,80005736	 x14:0x80021e65
         371915	     18494	80005736	3401def3	csrrwi	x29,mscratch,3	 x29=0x00000000
         371935	     18495	8000573a	8c65	c.and	x8,x9	  x8:0xffffff1f  x9:0x00000000  x8=0x00000000
         371955	     18496	8000573c	400f0db3	sub	x27,x30,x0	 x30:0x0001377e  x0:0x00000000 x27=0x0001377e
         372355	     18516	80005740	416f51b3	sra	x3,x30,x22	 x30:0x0001377e x22:0x00000000  x3=0x0001377e
         372375	     18517	80005744	02008133	mul	x2,x1,x0	  x1:0x00000000  x0:0x00000000  x2=0x00000000
         372395	     18518	80005748	340bda73	csrrwi	x20,mscratch,23	 x20=0x00000003
         372415	     18519	8000574c	05ee4397	auipc	x7,0x5ee4	  x7=0x85ee974c
         372615	     18529	80005750	0db64a13	xori	x20,x12,219	 x12:0x512540c6 x20=0x5125401d
         373035	     18550	80005754	1a14	c.addi4spn	x13,x2,304	 x13=0x00000130
         373075	     18552	80005756	009b71b3	and	x3,x22,x9	 x22:0x00000000  x9:0x00000000  x3=0x00000000
         373355	     18566	8000575a	3405de73	csrrwi	x28,mscratch,11	 x28=0x00000017
         373375	     18567	8000575e	01c306b3	add	x13,x6,x28	  x6:0x00000000 x28:0x00000017 x13=0x00000017
         373395	     18568	80005762	34089f73	csrrw	x30,mscratch,x17	 x17:0x000001a2 x30=0x0000000b
         373415	     18569	80005766	e01d	c.bnez	x8,8000578c	  x8:0x00000000
         373435	     18570	80005768	007dd6b3	srl	x13,x27,x7	 x27:0x0001377e  x7:0x85ee974c x13=0x00000013
         373455	     18571	8000576c	0001	c.addi	x0,0	  x0:0x00000000  x0=0x00000000
         373675	     18582	8000576e	0000100f	fence.i	
         374275	     18612	80005772	ecfb6297	auipc	x5,0xecfb6	  x5=0x6cfbb772
         374295	     18613	80005776	8ef5	c.and	x13,x13	 x13:0x00000013 x13:0x00000013 x13=0x00000013
         375035	     18650	80005778	0391f0b3	remu	x1,x3,x25	  x3:0x00000000 x25:0xffffffff  x1=0x00000000
         375055	     18651	8000577c	ac9f4a93	xori	x21,x30,-1335	 x30:0x0000000b x21=0xfffffac2
         375075	     18652	80005780	01c92bb3	slt	x23,x18,x28	 x18:0x00000000 x28:0x00000017 x23=0x00000001
         375095	     18653	80005784	03f04c63	blt	x0,x31,800057bc	  x0:0x00000000 x31:0x00000000
         375115	     18654	80005788	0001	c.addi	x0,0	  x0:0x00000000  x0=0x00000000
         375135	     18655	8000578a	6ee5	c.lui	x29,0x19	 x29=0x00019000
         375155	     18656	8000578c	007b9463	bne	x23,x7,80005794	 x23:0x00000001  x7:0x85ee974c
         375255	     18661	80005794	009628b3	slt	x17,x12,x9	 x12:0x512540c6  x9:0x00000000 x17=0x00000000
         375415	     18669	80005798	ed05	c.bnez	x10,800057d0	 x10:0x00000000
         375435	     18670	8000579a	40d10233	sub	x4,x2,x13	  x2:0x00000000 x13:0x00000013  x4=0xffffffed
         375575	     18677	8000579e	4ff4ea13	ori	x20,x9,1279	  x9:0x00000000 x20=0x000004ff
         375595	     18678	800057a2	8cba	c.mv	x25,x14	  x0:0x00000000 x14:0x80021e65 x25=0x80021e65
         375735	     18685	800057a4	53fd	c.li	x7,-1	  x7=0xffffffff
         375755	     18686	800057a6	8dc9	c.or	x11,x10	 x11:0x751b56aa x10:0x00000000 x11=0x751b56aa
         375775	     18687	800057a8	01ff9463	bne	x31,x31,800057b0	 x31:0x00000000 x31:0x00000000
         375795	     18688	800057ac	018c2233	slt	x4,x24,x24	 x24:0x80021e64 x24:0x80021e64  x4=0x00000000
         375815	     18689	800057b0	008f9b13	slli	x22,x31,0x8	 x31:0x00000000 x22=0x00000000
         375955	     18696	800057b4	00632eb3	slt	x29,x6,x6	  x6:0x00000000  x6:0x00000000 x29=0x00000000
         375975	     18697	800057b8	34006273	csrrsi	x4,mscratch,0	  x4=0x000001a2
         376255	     18711	800057bc	527d	c.li	x4,-1	  x4=0xffffffff
         376275	     18712	800057be	8ccd	c.or	x9,x11	  x9:0x00000000 x11:0x751b56aa  x9=0x751b56aa
         376295	     18713	800057c0	340769f3	csrrsi	x19,mscratch,14	 x19=0x000001a2
         376315	     18714	800057c4	340dfcf3	csrrci	x25,mscratch,27	 x25=0x000001ae
         376455	     18721	800057c8	0052a133	slt	x2,x5,x5	  x5:0x6cfbb772  x5:0x6cfbb772  x2=0x00000000
         376475	     18722	800057cc	843cdf17	auipc	x30,0x843cd	 x30=0x043d27cc
         376495	     18723	800057d0	8169	c.srli	x10,0x1a	 x10:0x00000000 x10=0x00000000
         376515	     18724	800057d2	ec09	c.bnez	x8,800057ec	  x8:0x00000000
         376555	     18726	800057d4	03a6b733	mulhu	x14,x13,x26	 x13:0x00000013 x26:0x0001377e x14=0x00000000
         376575	     18727	800057d8	018e	c.slli	x3,0x3	  x3:0x00000000  x3=0x00000000
         376735	     18735	800057da	34017573	csrrci	x10,mscratch,2	 x10=0x000001a4
         376755	     18736	800057de	026c0533	mul	x10,x24,x6	 x24:0x80021e64  x6:0x00000000 x10=0x00000000
         377235	     18760	800057e2	007385b3	add	x11,x7,x7	  x7:0xffffffff  x7:0xffffffff x11=0xfffffffe
         377255	     18761	800057e6	ce91	c.beqz	x13,80005802	 x13:0x00000013
         377575	     18777	800057e8	01156133	or	x2,x10,x17	 x10:0x00000000 x17:0x00000000  x2=0x00000000
         377595	     18778	800057ec	41380333	sub	x6,x16,x19	 x16:0xffffff1f x19:0x000001a2  x6=0xfffffd7d
         377615	     18779	800057f0	34061073	csrrw	x0,mscratch,x12	 x12:0x512540c6  x0=0x00000000
         377635	     18780	800057f4	02e74b13	xori	x22,x14,46	 x14:0x00000000 x22=0x0000002e
         377975	     18797	800057f8	7c2d2313	slti	x6,x26,1986	 x26:0x0001377e  x6=0x00000000
         378235	     18810	800057fc	4075d0b3	sra	x1,x11,x7	 x11:0xfffffffe  x7:0xffffffff  x1=0xffffffff
         378435	     18820	80005800	59fd	c.li	x19,-1	 x19=0xffffffff
         378455	     18821	80005802	3408db73	csrrwi	x22,mscratch,17	 x22=0x512540c6
         378475	     18822	80005806	cd102a13	slti	x20,x0,-815	  x0:0x00000000 x20=0x00000000
         378495	     18823	8000580a	cd01	c.beqz	x10,80005822	 x10:0x00000000
         378955	     18846	80005822	c991	c.beqz	x11,80005836	 x11:0xfffffffe
         379355	     18866	80005824	8ac1	c.andi	x13,16	 x13:0x00000013 x13=0x00000010
         379375	     18867	80005826	34017973	csrrci	x18,mscratch,2	 x18=0x00000011
         379395	     18868	8000582a	8dd9	c.or	x11,x14	 x11:0xfffffffe x14:0x00000000 x11=0xfffffffe
         379415	     18869	8000582c	0146bb33	sltu	x22,x13,x20	 x13:0x00000010 x20:0x00000000 x22=0x00000000
         379515	     18874	80005830	85da	c.mv	x11,x22	  x0:0x00000000 x22:0x00000000 x11=0x00000000
         379595	     18878	80005832	40d201b3	sub	x3,x4,x13	  x4:0xffffffff x13:0x00000010  x3=0xffffffef
         379615	     18879	80005836	34012e73	csrrs	x28,mscratch,x2	  x2:0x00000000 x28=0x00000011
         379635	     18880	8000583a	0ff0000f	fence	iorw,iorw	
         379655	     18881	8000583e	717d	c.addi16sp	x2,-16	  x2:0x00000000  x2=0xfffffff0
         379795	     18888	80005840	417ad733	sra	x14,x21,x23	 x21:0xfffffac2 x23:0x00000001 x14=0xfffffd61
         380215	     18909	80005844	0ff0000f	fence	iorw,iorw	
         380335	     18915	80005848	0001	c.addi	x0,0	  x0:0x00000000  x0=0x00000000
         380355	     18916	8000584a	402d5733	sra	x14,x26,x2	 x26:0x0001377e  x2:0xfffffff0 x14=0x00000001
         380375	     18917	8000584e	5bfd	c.li	x23,-1	 x23=0xffffffff
         380735	     18935	80005850	8ba84e13	xori	x28,x16,-1862	 x16:0xffffff1f x28=0x000007a5
         380755	     18936	80005854	02816d63	bltu	x2,x8,8000588e	  x2:0xfffffff0  x8:0x00000000
         381075	     18952	80005858	34017d73	csrrci	x26,mscratch,2	 x26=0x00000011
         381095	     18953	8000585c	0319e763	bltu	x19,x17,8000588a	 x19:0xffffffff x17:0x00000000
         381515	     18974	80005860	40df5a93	srai	x21,x30,0xd	 x30:0x043d27cc x21=0x000021e9
         382655	     19031	80005864	038e5cb3	divu	x25,x28,x24	 x28:0x000007a5 x24:0x80021e64 x25=0x00000000
         382675	     19032	80005868	d0a26037	lui	x0,0xd0a26	  x0=0x00000000
         382755	     19036	8000586c	8c41	c.or	x8,x8	  x8:0x00000000  x8:0x00000000  x8=0x00000000
         382775	     19037	8000586e	93ea	c.add	x7,x26	  x7:0xffffffff x26:0x00000011  x7=0x00000010
         382895	     19043	80005870	00ef2d33	slt	x26,x30,x14	 x30:0x043d27cc x14:0x00000001 x26=0x00000000
         382915	     19044	80005874	e719	c.bnez	x14,80005882	 x14:0x00000001
         383235	     19060	80005882	cd11	c.beqz	x10,8000589e	 x10:0x00000000
         384855	     19141	8000589e	00c895b3	sll	x11,x17,x12	 x17:0x00000000 x12:0x512540c6 x11=0x00000000
         384875	     19142	800058a2	34006ef3	csrrsi	x29,mscratch,0	 x29=0x00000011
         384915	     19144	800058a6	03ce4463	blt	x28,x28,800058ce	 x28:0x000007a5 x28:0x000007a5
         384935	     19145	800058aa	0001	c.addi	x0,0	  x0:0x00000000  x0=0x00000000
         384955	     19146	800058ac	4b154f93	xori	x31,x10,1201	 x10:0x00000000 x31=0x000004b1
         385115	     19154	800058b0	002d7463	bgeu	x26,x2,800058b8	 x26:0x00000000  x2:0xfffffff0
         385275	     19162	800058b4	4b75	c.li	x22,29	 x22=0x0000001d
         385295	     19163	800058b6	e815	c.bnez	x8,800058ea	  x8:0x00000000
         385315	     19164	800058b8	0058d1b3	srl	x3,x17,x5	 x17:0x00000000  x5:0x6cfbb772  x3=0x00000000
         385335	     19165	800058bc	8cfd	c.and	x9,x15	  x9:0x751b56aa x15:0x80025ce4  x9=0x000254a0
         385355	     19166	800058be	0ff0000f	fence	iorw,iorw	
         385535	     19175	800058c2	014864b3	or	x9,x16,x20	 x16:0xffffff1f x20:0x00000000  x9=0xffffff1f
         385555	     19176	800058c6	96ba	c.add	x13,x14	 x13:0x00000010 x14:0x00000001 x13=0x00000011
         385575	     19177	800058c8	0001	c.addi	x0,0	  x0:0x00000000  x0=0x00000000
         385595	     19178	800058ca	021f0d63	beq	x30,x1,80005904	 x30:0x043d27cc  x1:0xffffffff
         385615	     19179	800058ce	8ee9	c.and	x13,x10	 x13:0x00000011 x10:0x00000000 x13=0x00000000
         390235	     19410	800058d0	b3c4bf17	auipc	x30,0xb3c4b	 x30=0x33c508d0
         390255	     19411	800058d4	01a3c0b3	xor	x1,x7,x26	  x7:0x00000010 x26:0x00000000  x1=0x00000010
         390275	     19412	800058d8	01555213	srli	x4,x10,0x15	 x10:0x00000000  x4=0x00000000
         390295	     19413	800058dc	340020f3	csrrs	x1,mscratch,x0	  x0:0x00000000  x1=0x00000011
         390315	     19414	800058e0	551b3293	sltiu	x5,x22,1361	 x22:0x0000001d  x5=0x00000001
         390435	     19420	800058e4	5cfd	c.li	x25,-1	 x25=0xffffffff
         390455	     19421	800058e6	0001	c.addi	x0,0	  x0:0x00000000  x0=0x00000000
         390475	     19422	800058e8	0001	c.addi	x0,0	  x0:0x00000000  x0=0x00000000
         390755	     19436	800058ea	be7b0893	addi	x17,x22,-1049	 x22:0x0000001d x17=0xfffffc04
         390775	     19437	800058ee	1814	c.addi4spn	x13,x2,48	 x13=0x00000020
         390795	     19438	800058f0	01ad5c63	bge	x26,x26,80005908	 x26:0x00000000 x26:0x00000000
         391155	     19456	80005908	0135cf33	xor	x30,x11,x19	 x11:0x00000000 x19:0xffffffff x30=0xffffffff
         391455	     19471	8000590c	00505fb3	srl	x31,x0,x5	  x0:0x00000000  x5:0x00000001 x31=0x00000000
         391635	     19480	80005910	34001073	csrrw	x0,mscratch,x0	  x0:0x00000000  x0=0x00000000
         391655	     19481	80005914	340d7373	csrrci	x6,mscratch,26	  x6=0x00000000
         391735	     19485	80005918	02372333	mulhsu	x6,x14,x3	 x14:0x00000001  x3:0x00000000  x6=0x00000000
         391855	     19491	8000591c	036e6e63	bltu	x28,x22,80005958	 x28:0x000007a5 x22:0x0000001d
         391875	     19492	80005920	02c10863	beq	x2,x12,80005950	  x2:0xfffffff0 x12:0x512540c6
         391895	     19493	80005924	40735013	srai	x0,x6,0x7	  x6:0x00000000  x0=0x00000000
         391915	     19494	80005928	0022aeb3	slt	x29,x5,x2	  x5:0x00000001  x2:0xfffffff0 x29=0x00000000
         391935	     19495	8000592c	00c26833	or	x16,x4,x12	  x4:0x00000000 x12:0x512540c6 x16=0x512540c6
         392355	     19516	80005930	1894	c.addi4spn	x13,x2,112	 x13=0x00000060
         392375	     19517	80005932	2e59f093	andi	x1,x19,741	 x19:0xffffffff  x1=0x000002e5
         392395	     19518	80005936	007e6133	or	x2,x28,x7	 x28:0x000007a5  x7:0x00000010  x2=0x000007b5
         392415	     19519	8000593a	ef09	c.bnez	x14,80005954	 x14:0x00000001
         392615	     19529	80005954	018bbbb3	sltu	x23,x23,x24	 x23:0xffffffff x24:0x80021e64 x23=0x00000000
         392815	     19539	80005958	02161463	bne	x12,x1,80005980	 x12:0x512540c6  x1:0x000002e5
         393115	     19554	80005980	41e85193	srai	x3,x16,0x1e	 x16:0x512540c6  x3=0x00000001
         393135	     19555	80005984	9d8e	c.add	x27,x3	 x27:0x0001377e  x3:0x00000001 x27=0x0001377f
         393275	     19562	80005986	027f0e33	mul	x28,x30,x7	 x30:0xffffffff  x7:0x00000010 x28=0xfffffff0
         393295	     19563	8000598a	01b8f0b3	and	x1,x17,x27	 x17:0xfffffc04 x27:0x0001377f  x1=0x00013404
         393315	     19564	8000598e	00403db3	sltu	x27,x0,x4	  x0:0x00000000  x4:0x00000000 x27=0x00000000
         393395	     19568	80005992	340ad773	csrrwi	x14,mscratch,21	 x14=0x00000000
         393595	     19578	80005996	03d7fa33	remu	x20,x15,x29	 x15:0x80025ce4 x29:0x00000000 x20=0x80025ce4
         393615	     19579	8000599a	4549	c.li	x10,18	 x10=0x00000012
         393635	     19580	8000599c	3dc36493	ori	x9,x6,988	  x6:0x00000000  x9=0x000003dc
         393655	     19581	800059a0	0001	c.addi	x0,0	  x0:0x00000000  x0=0x00000000
         393735	     19585	800059a2	00ab56b3	srl	x13,x22,x10	 x22:0x0000001d x10:0x00000012 x13=0x00000000
         394155	     19606	800059a6	34059873	csrrw	x16,mscratch,x11	 x11:0x00000000 x16=0x00000015
         394175	     19607	800059aa	02915c63	bge	x2,x9,800059e2	  x2:0x000007b5  x9:0x000003dc
         394635	     19630	800059e2	127d	c.addi	x4,-1	  x4:0x00000000  x4=0xffffffff
         394675	     19632	800059e4	02be12b3	mulh	x5,x28,x11	 x28:0xfffffff0 x11:0x00000000  x5=0x00000000
         394695	     19633	800059e8	00740f33	add	x30,x8,x7	  x8:0x00000000  x7:0x00000010 x30=0x00000010
         394735	     19635	800059ec	03d6f833	remu	x16,x13,x29	 x13:0x00000000 x29:0x00000000 x16=0x00000000
         394915	     19644	800059f0	008a3d33	sltu	x26,x20,x8	 x20:0x80025ce4  x8:0x00000000 x26=0x00000000
         394935	     19645	800059f4	cf15	c.beqz	x14,80005a30	 x14:0x00000000
         395655	     19681	80005a30	99fd	c.andi	x11,-1	 x11:0x00000000 x11=0x00000000
         395675	     19682	80005a32	8efd	c.and	x13,x15	 x13:0x00000000 x15:0x80025ce4 x13=0x00000000
         396795	     19738	80005a34	03867833	remu	x16,x12,x24	 x12:0x512540c6 x24:0x80021e64 x16=0x512540c6
         396815	     19739	80005a38	027e1c63	bne	x28,x7,80005a70	 x28:0xfffffff0  x7:0x00000010
         397035	     19750	80005a70	8da9	c.xor	x11,x10	 x11:0x00000000 x10:0x00000012 x11=0x00000012
         397055	     19751	80005a72	34006873	csrrsi	x16,mscratch,0	 x16=0x00000000
         397075	     19752	80005a76	00a45933	srl	x18,x8,x10	  x8:0x00000000 x10:0x00000012 x18=0x00000000
         397095	     19753	80005a7a	02e2	c.slli	x5,0x18	  x5:0x00000000  x5=0x00000000
         397495	     19773	80005a7c	8d8d	c.sub	x11,x11	 x11:0x00000012 x11:0x00000012 x11=0x00000000
         397635	     19780	80005a7e	03aa88b3	mul	x17,x21,x26	 x21:0x000021e9 x26:0x00000000 x17=0x00000000
         397675	     19782	80005a82	02b1b933	mulhu	x18,x3,x11	  x3:0x00000001 x11:0x00000000 x18=0x00000000
         397855	     19791	80005a86	0014a4b3	slt	x9,x9,x1	  x9:0x000003dc  x1:0x00013404  x9=0x00000001
         397875	     19792	80005a8a	008bce33	xor	x28,x23,x8	 x23:0x00000000  x8:0x00000000 x28=0x00000000
         397895	     19793	80005a8e	3401a873	csrrs	x16,mscratch,x3	  x3:0x00000001 x16=0x00000000
         398055	     19801	80005a92	00071333	sll	x6,x14,x0	 x14:0x00000000  x0:0x00000000  x6=0x00000000
         398375	     19817	80005a96	34042af3	csrrs	x21,mscratch,x8	  x8:0x00000000 x21=0x00000001
         398395	     19818	80005a9a	8f1d	c.sub	x14,x15	 x14:0x00000000 x15:0x80025ce4 x14=0x7ffda31c
         398415	     19819	80005a9c	987d	c.andi	x8,-1	  x8:0x00000000  x8=0x00000000
         398815	     19839	80005a9e	340c5473	csrrwi	x8,mscratch,24	  x8=0x00000001
         399215	     19859	80005aa2	f7c70b13	addi	x22,x14,-132	 x14:0x7ffda31c x22=0x7ffda298
         399235	     19860	80005aa6	bc42e813	ori	x16,x5,-1084	  x5:0x00000000 x16=0xfffffbc4
         399255	     19861	80005aaa	0584	c.addi4spn	x9,x2,704	  x9=0x00000a75
         399315	     19864	80005aac	553d6e37	lui	x28,0x553d6	 x28=0x553d6000
         399515	     19874	80005ab0	69bd	c.lui	x19,0xf	 x19=0x0000f000
         399935	     19895	80005ab2	01394f33	xor	x30,x18,x19	 x18:0x00000000 x19:0x0000f000 x30=0x0000f000
         399955	     19896	80005ab6	6971	c.lui	x18,0x1c	 x18=0x0001c000
         399975	     19897	80005ab8	00229263	bne	x5,x2,80005abc	  x5:0x00000000  x2:0x000007b5
         400815	     19939	80005abc	8d6d	c.and	x10,x11	 x10:0x00000012 x11:0x00000000 x10=0x00000000
         400835	     19940	80005abe	8f51	c.or	x14,x12	 x14:0x7ffda31c x12:0x512540c6 x14=0x7ffde3de
         400875	     19942	80005ac0	1d18	c.addi4spn	x14,x2,688	 x14=0x00000a65
         400895	     19943	80005ac2	014ebdb3	sltu	x27,x29,x20	 x29:0x00000000 x20:0x80025ce4 x27=0x00000001
         400915	     19944	80005ac6	0382c263	blt	x5,x24,80005aea	  x5:0x00000000 x24:0x80021e64
         400935	     19945	80005aca	0886	c.slli	x17,0x1	 x17:0x00000000 x17=0x00000000
         400955	     19946	80005acc	1c88	c.addi4spn	x10,x2,624	 x10=0x00000a25
         401035	     19950	80005ace	34003af3	csrrc	x21,mscratch,x0	  x0:0x00000000 x21=0x00000018
         401055	     19951	80005ad2	015cf863	bgeu	x25,x21,80005ae2	 x25:0xffffffff x21:0x00000018
         402275	     20012	80005ae2	0249f133	remu	x2,x19,x4	 x19:0x0000f000  x4:0xffffffff  x2=0x0000f000
         402295	     20013	80005ae6	02fe8833	mul	x16,x29,x15	 x29:0x00000000 x15:0x80025ce4 x16=0x00000000
         402315	     20014	80005aea	0100bd33	sltu	x26,x1,x16	  x1:0x00013404 x16:0x00000000 x26=0x00000000
         402335	     20015	80005aee	e7113b17	auipc	x22,0xe7113	 x22=0x67118aee
         402355	     20016	80005af2	003fd493	srli	x9,x31,0x3	 x31:0x00000000  x9=0x00000000
         402375	     20017	80005af6	340033f3	csrrc	x7,mscratch,x0	  x0:0x00000000  x7=0x00000018
         402395	     20018	80005afa	85a6	c.mv	x11,x9	  x0:0x00000000  x9:0x00000000 x11=0x00000000
         402415	     20019	80005afc	001453b3	srl	x7,x8,x1	  x8:0x00000001  x1:0x00013404  x7=0x00000000
         402575	     20027	80005b00	70e32913	slti	x18,x6,1806	  x6:0x00000000 x18=0x00000001
         402835	     20040	80005b04	b5a1be13	sltiu	x28,x3,-1190	  x3:0x00000001 x28=0x00000001
         402855	     20041	80005b08	58f2c493	xori	x9,x5,1423	  x5:0x00000000  x9=0x0000058f
         402955	     20046	80005b0c	621d	c.lui	x4,0x7	  x4=0x00007000
         402975	     20047	80005b0e	01510333	add	x6,x2,x21	  x2:0x0000f000 x21:0x00000018  x6=0x0000f018
         403395	     20068	80005b12	00d77cb3	and	x25,x14,x13	 x14:0x00000a65 x13:0x00000000 x25=0x00000000
         403415	     20069	80005b16	0001	c.addi	x0,0	  x0:0x00000000  x0=0x00000000
         403455	     20071	80005b18	0327ba33	mulhu	x20,x15,x18	 x15:0x80025ce4 x18:0x00000001 x20=0x00000000
         403475	     20072	80005b1c	41995fb3	sra	x31,x18,x25	 x18:0x00000001 x25:0x00000000 x31=0x00000001
         403755	     20086	80005b20	34006a73	csrrsi	x20,mscratch,0	 x20=0x00000018
         403775	     20087	80005b24	85e1	c.srai	x11,0x18	 x11:0x00000000 x11=0x00000000
         403795	     20088	80005b26	8b6d	c.andi	x14,27	 x14:0x00000a65 x14=0x00000001
         403815	     20089	80005b28	ec01	c.bnez	x8,80005b40	  x8:0x00000001
         404075	     20102	80005b40	8f25	c.xor	x14,x9	 x14:0x00000001  x9:0x0000058f x14=0x0000058e
         404215	     20109	80005b42	bedbc493	xori	x9,x23,-1043	 x23:0x00000000  x9=0xfffffbed
         404235	     20110	80005b46	01a27f33	and	x30,x4,x26	  x4:0x00007000 x26:0x00000000 x30=0x00000000
         404255	     20111	80005b4a	1e7f2917	auipc	x18,0x1e7f2	 x18=0x9e7f7b4a
         404275	     20112	80005b4e	0072c963	blt	x5,x7,80005b60	  x5:0x00000000  x7:0x00000000
         404315	     20114	80005b52	0206aab3	mulhsu	x21,x13,x0	 x13:0x00000000  x0:0x00000000 x21=0x00000000
         404435	     20120	80005b56	037e3833	mulhu	x16,x28,x23	 x28:0x00000001 x23:0x00000000 x16=0x00000000
         404575	     20127	80005b5a	340d9573	csrrw	x10,mscratch,x27	 x27:0x00000001 x10=0x00000018
         404595	     20128	80005b5e	5cfd	c.li	x25,-1	 x25=0xffffffff
         404615	     20129	80005b60	0157eeb3	or	x29,x15,x21	 x15:0x80025ce4 x21:0x00000000 x29=0x80025ce4
         404635	     20130	80005b64	ffffa617	auipc	x12,0xffffa	 x12=0x7ffffb64
         405035	     20150	80005b68	7ec60613	addi	x12,x12,2028	 x12:0x7ffffb64 x12=0x80000350
         405155	     20156	80005b6c	00060067	jalr	x0,0(x12)	 x12:0x80000350  x0=0x00000000
         406475	     20222	80000350	90000537	lui	x10,0x90000	 x10=0x90000000
         406495	     20223	80000354	1561	c.addi	x10,-8	 x10:0x90000000 x10=0x8ffffff8
         406515	     20224	80000356	4b81	c.li	x23,0	 x23=0x00000000
         406535	     20225	80000358	0ba2	c.slli	x23,0x8	 x23:0x00000000 x23=0x00000000
         406555	     20226	8000035a	0b85	c.addi	x23,1	 x23:0x00000000 x23=0x00000001
         406915	     20244	8000035c	01752023	sw	x23,0(x10)	 x10:0x8ffffff8 x23:0x00000001 PA:0x8ffffff8 store:0x00000001
         407155	     20256	80000360	00000073	ecall	
         423515	     21074	80002700	0800006f	jal	x0,80002780	  x0=0x00000000
         424415	     21119	80002780	17f1	c.addi	x15,-4	 x15:0x80025ce4 x15=0x80025ce0
         424535	     21125	80002782	0187a023	sw	x24,0(x15)	 x15:0x80025ce0 x24:0x80021e64 PA:0x80025ce0 store:0x80021e64
         424655	     21131	80002786	00078c33	add	x24,x15,x0	 x15:0x80025ce0  x0:0x00000000 x24=0x80025ce0
         424675	     21132	8000278a	f80c0c13	addi	x24,x24,-128	 x24:0x80025ce0 x24=0x80025c60
         424975	     21147	8000278e	001c2223	sw	x1,4(x24)	 x24:0x80025c60  x1:0x00013404 PA:0x80025c64 store:0x00013404
         425035	     21150	80002792	002c2423	sw	x2,8(x24)	 x24:0x80025c60  x2:0x0000f000 PA:0x80025c68 store:0x0000f000
         425055	     21151	80002796	003c2623	sw	x3,12(x24)	 x24:0x80025c60  x3:0x00000001 PA:0x80025c6c store:0x00000001
         425095	     21153	8000279a	004c2823	sw	x4,16(x24)	 x24:0x80025c60  x4:0x00007000 PA:0x80025c70 store:0x00007000
         425475	     21172	8000279e	005c2a23	sw	x5,20(x24)	 x24:0x80025c60  x5:0x00000000 PA:0x80025c74 store:0x00000000
         425535	     21175	800027a2	006c2c23	sw	x6,24(x24)	 x24:0x80025c60  x6:0x0000f018 PA:0x80025c78 store:0x0000f018
         425835	     21190	800027a6	007c2e23	sw	x7,28(x24)	 x24:0x80025c60  x7:0x00000000 PA:0x80025c7c store:0x00000000
         425895	     21193	800027aa	028c2023	sw	x8,32(x24)	 x24:0x80025c60  x8:0x00000001 PA:0x80025c80 store:0x00000001
         425915	     21194	800027ae	029c2223	sw	x9,36(x24)	 x24:0x80025c60  x9:0xfffffbed PA:0x80025c84 store:0xfffffbed
         425935	     21195	800027b2	02ac2423	sw	x10,40(x24)	 x24:0x80025c60 x10:0x8ffffff8 PA:0x80025c88 store:0x8ffffff8
         426455	     21221	800027b6	02bc2623	sw	x11,44(x24)	 x24:0x80025c60 x11:0x00000000 PA:0x80025c8c store:0x00000000
         426515	     21224	800027ba	02cc2823	sw	x12,48(x24)	 x24:0x80025c60 x12:0x80000350 PA:0x80025c90 store:0x80000350
         427135	     21255	800027be	02dc2a23	sw	x13,52(x24)	 x24:0x80025c60 x13:0x00000000 PA:0x80025c94 store:0x00000000
         427195	     21258	800027c2	02ec2c23	sw	x14,56(x24)	 x24:0x80025c60 x14:0x0000058e PA:0x80025c98 store:0x0000058e
         427255	     21261	800027c6	02fc2e23	sw	x15,60(x24)	 x24:0x80025c60 x15:0x80025ce0 PA:0x80025c9c store:0x80025ce0
         427575	     21277	800027ca	050c2023	sw	x16,64(x24)	 x24:0x80025c60 x16:0x00000000 PA:0x80025ca0 store:0x00000000
         427695	     21283	800027ce	051c2223	sw	x17,68(x24)	 x24:0x80025c60 x17:0x00000000 PA:0x80025ca4 store:0x00000000
         427715	     21284	800027d2	052c2423	sw	x18,72(x24)	 x24:0x80025c60 x18:0x9e7f7b4a PA:0x80025ca8 store:0x9e7f7b4a
         427995	     21298	800027d6	053c2623	sw	x19,76(x24)	 x24:0x80025c60 x19:0x0000f000 PA:0x80025cac store:0x0000f000
         428095	     21303	800027da	054c2823	sw	x20,80(x24)	 x24:0x80025c60 x20:0x00000018 PA:0x80025cb0 store:0x00000018
         428355	     21316	800027de	055c2a23	sw	x21,84(x24)	 x24:0x80025c60 x21:0x00000000 PA:0x80025cb4 store:0x00000000
         428375	     21317	800027e2	056c2c23	sw	x22,88(x24)	 x24:0x80025c60 x22:0x67118aee PA:0x80025cb8 store:0x67118aee
         428395	     21318	800027e6	057c2e23	sw	x23,92(x24)	 x24:0x80025c60 x23:0x00000001 PA:0x80025cbc store:0x00000001
         428415	     21319	800027ea	078c2023	sw	x24,96(x24)	 x24:0x80025c60 x24:0x80025c60 PA:0x80025cc0 store:0x80025c60
         428435	     21320	800027ee	079c2223	sw	x25,100(x24)	 x24:0x80025c60 x25:0xffffffff PA:0x80025cc4 store:0xffffffff
         428495	     21323	800027f2	07ac2423	sw	x26,104(x24)	 x24:0x80025c60 x26:0x00000000 PA:0x80025cc8 store:0x00000000
         429075	     21352	800027f6	07bc2623	sw	x27,108(x24)	 x24:0x80025c60 x27:0x00000001 PA:0x80025ccc store:0x00000001
         429155	     21356	800027fa	07cc2823	sw	x28,112(x24)	 x24:0x80025c60 x28:0x00000001 PA:0x80025cd0 store:0x00000001
         429375	     21367	800027fe	07dc2a23	sw	x29,116(x24)	 x24:0x80025c60 x29:0x80025ce4 PA:0x80025cd4 store:0x80025ce4
         429795	     21388	80002802	07ec2c23	sw	x30,120(x24)	 x24:0x80025c60 x30:0x00000000 PA:0x80025cd8 store:0x00000000
         429855	     21391	80002806	07fc2e23	sw	x31,124(x24)	 x24:0x80025c60 x31:0x00000001 PA:0x80025cdc store:0x00000001
         429875	     21392	8000280a	000c07b3	add	x15,x24,x0	 x24:0x80025c60  x0:0x00000000 x15=0x80025c60
         429895	     21393	8000280e	90000537	lui	x10,0x90000	 x10=0x90000000
         429915	     21394	80002812	1571	c.addi	x10,-4	 x10:0x90000000 x10=0x8ffffffc
         430015	     21399	80002814	4ba1	c.li	x23,8	 x23=0x00000008
         430035	     21400	80002816	0ba2	c.slli	x23,0x8	 x23:0x00000008 x23=0x00000800
         430055	     21401	80002818	000b8b93	addi	x23,x23,0	 x23:0x00000800 x23=0x00000800
         430435	     21420	8000281c	01752023	sw	x23,0(x10)	 x10:0x8ffffffc x23:0x00000800 PA:0x8ffffffc store:0x00000800
         430455	     21421	80002820	34102bf3	csrrs	x23,mepc,x0	  x0:0x00000000 x23=0x80000360
         430475	     21422	80002824	34202bf3	csrrs	x23,mcause,x0	  x0:0x00000000 x23=0x0000000b
         430495	     21423	80002828	450d	c.li	x10,3	 x10=0x00000003
         430615	     21429	8000282a	00ab9463	bne	x23,x10,80002832	 x23:0x0000000b x10:0x00000003
         431635	     21480	80002832	4521	c.li	x10,8	 x10=0x00000008
         431655	     21481	80002834	04ab8d63	beq	x23,x10,8000288e	 x23:0x0000000b x10:0x00000008
         431795	     21488	80002838	4525	c.li	x10,9	 x10=0x00000009
         432135	     21505	8000283a	04ab8a63	beq	x23,x10,8000288e	 x23:0x0000000b x10:0x00000009
         432155	     21506	8000283e	452d	c.li	x10,11	 x10=0x0000000b
         432275	     21512	80002840	04ab8763	beq	x23,x10,8000288e	 x23:0x0000000b x10:0x0000000b
         433195	     21558	8000288e	90000537	lui	x10,0x90000	 x10=0x90000000
         433215	     21559	80002892	1571	c.addi	x10,-4	 x10:0x90000000 x10=0x8ffffffc
         433275	     21562	80002894	6b85	c.lui	x23,0x1	 x23=0x00001000
         433295	     21563	80002896	b00b8b93	addi	x23,x23,-1280	 x23:0x00001000 x23=0x00000b00
         433315	     21564	8000289a	0ba2	c.slli	x23,0x8	 x23:0x00000b00 x23=0x000b0000
         433335	     21565	8000289c	0b8d	c.addi	x23,3	 x23:0x000b0000 x23=0x000b0003
         433715	     21584	8000289e	01752023	sw	x23,0(x10)	 x10:0x8ffffffc x23:0x000b0003 PA:0x8ffffffc store:0x000b0003
         433735	     21585	800028a2	b0002bf3	csrrs	x23,mcycle,x0	  x0:0x00000000 x23=0x0000544e
         434135	     21605	800028a6	01752023	sw	x23,0(x10)	 x10:0x8ffffffc x23:0x0000544e PA:0x8ffffffc store:0x0000544e
         434155	     21606	800028aa	90000537	lui	x10,0x90000	 x10=0x90000000
         434175	     21607	800028ae	1571	c.addi	x10,-4	 x10:0x90000000 x10=0x8ffffffc
         434215	     21609	800028b0	6b85	c.lui	x23,0x1	 x23=0x00001000
         434595	     21628	800028b2	b80b8b93	addi	x23,x23,-1152	 x23:0x00001000 x23=0x00000b80
         434615	     21629	800028b6	0ba2	c.slli	x23,0x8	 x23:0x00000b80 x23=0x000b8000
         435015	     21649	800028b8	0b8d	c.addi	x23,3	 x23:0x000b8000 x23=0x000b8003
         435175	     21657	800028ba	01752023	sw	x23,0(x10)	 x10:0x8ffffffc x23:0x000b8003 PA:0x8ffffffc store:0x000b8003
         435195	     21658	800028be	b8002bf3	csrrs	x23,mcycleh,x0	  x0:0x00000000 x23=0x00000000
         435595	     21678	800028c2	01752023	sw	x23,0(x10)	 x10:0x8ffffffc x23:0x00000000 PA:0x8ffffffc store:0x00000000
         435615	     21679	800028c6	90000537	lui	x10,0x90000	 x10=0x90000000
         435635	     21680	800028ca	1571	c.addi	x10,-4	 x10:0x90000000 x10=0x8ffffffc
         435655	     21681	800028cc	6b85	c.lui	x23,0x1	 x23=0x00001000
         435675	     21682	800028ce	b03b8b93	addi	x23,x23,-1277	 x23:0x00001000 x23=0x00000b03
         435695	     21683	800028d2	0ba2	c.slli	x23,0x8	 x23:0x00000b03 x23=0x000b0300
         435715	     21684	800028d4	0b8d	c.addi	x23,3	 x23:0x000b0300 x23=0x000b0303
         436355	     21716	800028d6	01752023	sw	x23,0(x10)	 x10:0x8ffffffc x23:0x000b0303 PA:0x8ffffffc store:0x000b0303
         436375	     21717	800028da	b0302bf3	csrrs	x23,mhpmcounter3,x0	  x0:0x00000000 x23=0x00000083
         436595	     21728	800028de	01752023	sw	x23,0(x10)	 x10:0x8ffffffc x23:0x00000083 PA:0x8ffffffc store:0x00000083
         436615	     21729	800028e2	90000537	lui	x10,0x90000	 x10=0x90000000
         436635	     21730	800028e6	1571	c.addi	x10,-4	 x10:0x90000000 x10=0x8ffffffc
         436995	     21748	800028e8	6b85	c.lui	x23,0x1	 x23=0x00001000
         437095	     21753	800028ea	b83b8b93	addi	x23,x23,-1149	 x23:0x00001000 x23=0x00000b83
         437115	     21754	800028ee	0ba2	c.slli	x23,0x8	 x23:0x00000b83 x23=0x000b8300
         437295	     21763	800028f0	0b8d	c.addi	x23,3	 x23:0x000b8300 x23=0x000b8303
         437375	     21767	800028f2	01752023	sw	x23,0(x10)	 x10:0x8ffffffc x23:0x000b8303 PA:0x8ffffffc store:0x000b8303
         437395	     21768	800028f6	b8302bf3	csrrs	x23,mhpmcounter3h,x0	  x0:0x00000000 x23=0x00000000
         437755	     21786	800028fa	01752023	sw	x23,0(x10)	 x10:0x8ffffffc x23:0x00000000 PA:0x8ffffffc store:0x00000000
         437775	     21787	800028fe	90000537	lui	x10,0x90000	 x10=0x90000000
         437795	     21788	80002902	1571	c.addi	x10,-4	 x10:0x90000000 x10=0x8ffffffc
         437815	     21789	80002904	6b85	c.lui	x23,0x1	 x23=0x00001000
         438155	     21806	80002906	b04b8b93	addi	x23,x23,-1276	 x23:0x00001000 x23=0x00000b04
         438175	     21807	8000290a	0ba2	c.slli	x23,0x8	 x23:0x00000b04 x23=0x000b0400
         438195	     21808	8000290c	0b8d	c.addi	x23,3	 x23:0x000b0400 x23=0x000b0403
         438255	     21811	8000290e	01752023	sw	x23,0(x10)	 x10:0x8ffffffc x23:0x000b0403 PA:0x8ffffffc store:0x000b0403
         438275	     21812	80002912	b0402bf3	csrrs	x23,mhpmcounter4,x0	  x0:0x00000000 x23=0x000029b1
         438395	     21818	80002916	01752023	sw	x23,0(x10)	 x10:0x8ffffffc x23:0x000029b1 PA:0x8ffffffc store:0x000029b1
         438435	     21820	8000291a	90000537	lui	x10,0x90000	 x10=0x90000000
         438455	     21821	8000291e	1571	c.addi	x10,-4	 x10:0x90000000 x10=0x8ffffffc
         438475	     21822	80002920	6b85	c.lui	x23,0x1	 x23=0x00001000
         438495	     21823	80002922	b84b8b93	addi	x23,x23,-1148	 x23:0x00001000 x23=0x00000b84
         438515	     21824	80002926	0ba2	c.slli	x23,0x8	 x23:0x00000b84 x23=0x000b8400
         438535	     21825	80002928	0b8d	c.addi	x23,3	 x23:0x000b8400 x23=0x000b8403
         438655	     21831	8000292a	01752023	sw	x23,0(x10)	 x10:0x8ffffffc x23:0x000b8403 PA:0x8ffffffc store:0x000b8403
         438675	     21832	8000292e	b8402bf3	csrrs	x23,mhpmcounter4h,x0	  x0:0x00000000 x23=0x00000000
         439115	     21854	80002932	01752023	sw	x23,0(x10)	 x10:0x8ffffffc x23:0x00000000 PA:0x8ffffffc store:0x00000000
         439255	     21861	80002936	90000537	lui	x10,0x90000	 x10=0x90000000
         439275	     21862	8000293a	1571	c.addi	x10,-4	 x10:0x90000000 x10=0x8ffffffc
         439295	     21863	8000293c	6b85	c.lui	x23,0x1	 x23=0x00001000
         439375	     21867	8000293e	b05b8b93	addi	x23,x23,-1275	 x23:0x00001000 x23=0x00000b05
         439395	     21868	80002942	0ba2	c.slli	x23,0x8	 x23:0x00000b05 x23=0x000b0500
         439595	     21878	80002944	0b8d	c.addi	x23,3	 x23:0x000b0500 x23=0x000b0503
         439655	     21881	80002946	01752023	sw	x23,0(x10)	 x10:0x8ffffffc x23:0x000b0503 PA:0x8ffffffc store:0x000b0503
         439795	     21888	8000294a	b0502bf3	csrrs	x23,mhpmcounter5,x0	  x0:0x00000000 x23=0x00000000
         440135	     21905	8000294e	01752023	sw	x23,0(x10)	 x10:0x8ffffffc x23:0x00000000 PA:0x8ffffffc store:0x00000000
         440155	     21906	80002952	90000537	lui	x10,0x90000	 x10=0x90000000
         440175	     21907	80002956	1571	c.addi	x10,-4	 x10:0x90000000 x10=0x8ffffffc
         440195	     21908	80002958	6b85	c.lui	x23,0x1	 x23=0x00001000
         440215	     21909	8000295a	b85b8b93	addi	x23,x23,-1147	 x23:0x00001000 x23=0x00000b85
         440235	     21910	8000295e	0ba2	c.slli	x23,0x8	 x23:0x00000b85 x23=0x000b8500
         440255	     21911	80002960	0b8d	c.addi	x23,3	 x23:0x000b8500 x23=0x000b8503
         440715	     21934	80002962	01752023	sw	x23,0(x10)	 x10:0x8ffffffc x23:0x000b8503 PA:0x8ffffffc store:0x000b8503
         440735	     21935	80002966	b8502bf3	csrrs	x23,mhpmcounter5h,x0	  x0:0x00000000 x23=0x00000000
         440875	     21942	8000296a	01752023	sw	x23,0(x10)	 x10:0x8ffffffc x23:0x00000000 PA:0x8ffffffc store:0x00000000
         440895	     21943	8000296e	90000537	lui	x10,0x90000	 x10=0x90000000
         440915	     21944	80002972	1571	c.addi	x10,-4	 x10:0x90000000 x10=0x8ffffffc
         441155	     21956	80002974	6b85	c.lui	x23,0x1	 x23=0x00001000
         441575	     21977	80002976	b06b8b93	addi	x23,x23,-1274	 x23:0x00001000 x23=0x00000b06
         441595	     21978	8000297a	0ba2	c.slli	x23,0x8	 x23:0x00000b06 x23=0x000b0600
         441715	     21984	8000297c	0b8d	c.addi	x23,3	 x23:0x000b0600 x23=0x000b0603
         442135	     22005	8000297e	01752023	sw	x23,0(x10)	 x10:0x8ffffffc x23:0x000b0603 PA:0x8ffffffc store:0x000b0603
         442155	     22006	80002982	b0602bf3	csrrs	x23,mhpmcounter6,x0	  x0:0x00000000 x23=0x00000038
         442215	     22009	80002986	01752023	sw	x23,0(x10)	 x10:0x8ffffffc x23:0x00000038 PA:0x8ffffffc store:0x00000038
         442235	     22010	8000298a	90000537	lui	x10,0x90000	 x10=0x90000000
         442255	     22011	8000298e	1571	c.addi	x10,-4	 x10:0x90000000 x10=0x8ffffffc
         442455	     22021	80002990	6b85	c.lui	x23,0x1	 x23=0x00001000
         442515	     22024	80002992	b86b8b93	addi	x23,x23,-1146	 x23:0x00001000 x23=0x00000b86
         442535	     22025	80002996	0ba2	c.slli	x23,0x8	 x23:0x00000b86 x23=0x000b8600
         442555	     22026	80002998	0b8d	c.addi	x23,3	 x23:0x000b8600 x23=0x000b8603
         443135	     22055	8000299a	01752023	sw	x23,0(x10)	 x10:0x8ffffffc x23:0x000b8603 PA:0x8ffffffc store:0x000b8603
         443155	     22056	8000299e	b8602bf3	csrrs	x23,mhpmcounter6h,x0	  x0:0x00000000 x23=0x00000000
         443615	     22079	800029a2	01752023	sw	x23,0(x10)	 x10:0x8ffffffc x23:0x00000000 PA:0x8ffffffc store:0x00000000
         443635	     22080	800029a6	90000537	lui	x10,0x90000	 x10=0x90000000
         443655	     22081	800029aa	1571	c.addi	x10,-4	 x10:0x90000000 x10=0x8ffffffc
         443675	     22082	800029ac	6b85	c.lui	x23,0x1	 x23=0x00001000
         443695	     22083	800029ae	b07b8b93	addi	x23,x23,-1273	 x23:0x00001000 x23=0x00000b07
         443715	     22084	800029b2	0ba2	c.slli	x23,0x8	 x23:0x00000b07 x23=0x000b0700
         443735	     22085	800029b4	0b8d	c.addi	x23,3	 x23:0x000b0700 x23=0x000b0703
         443915	     22094	800029b6	01752023	sw	x23,0(x10)	 x10:0x8ffffffc x23:0x000b0703 PA:0x8ffffffc store:0x000b0703
         443935	     22095	800029ba	b0702bf3	csrrs	x23,mhpmcounter7,x0	  x0:0x00000000 x23=0x0000001f
         443995	     22098	800029be	01752023	sw	x23,0(x10)	 x10:0x8ffffffc x23:0x0000001f PA:0x8ffffffc store:0x0000001f
         444015	     22099	800029c2	90000537	lui	x10,0x90000	 x10=0x90000000
         444035	     22100	800029c6	1571	c.addi	x10,-4	 x10:0x90000000 x10=0x8ffffffc
         444055	     22101	800029c8	6b85	c.lui	x23,0x1	 x23=0x00001000
         444115	     22104	800029ca	b87b8b93	addi	x23,x23,-1145	 x23:0x00001000 x23=0x00000b87
         444135	     22105	800029ce	0ba2	c.slli	x23,0x8	 x23:0x00000b87 x23=0x000b8700
         444155	     22106	800029d0	0b8d	c.addi	x23,3	 x23:0x000b8700 x23=0x000b8703
         444595	     22128	800029d2	01752023	sw	x23,0(x10)	 x10:0x8ffffffc x23:0x000b8703 PA:0x8ffffffc store:0x000b8703
         444615	     22129	800029d6	b8702bf3	csrrs	x23,mhpmcounter7h,x0	  x0:0x00000000 x23=0x00000000
         444975	     22147	800029da	01752023	sw	x23,0(x10)	 x10:0x8ffffffc x23:0x00000000 PA:0x8ffffffc store:0x00000000
         444995	     22148	800029de	90000537	lui	x10,0x90000	 x10=0x90000000
         445015	     22149	800029e2	1571	c.addi	x10,-4	 x10:0x90000000 x10=0x8ffffffc
         445035	     22150	800029e4	6b85	c.lui	x23,0x1	 x23=0x00001000
         445255	     22161	800029e6	b08b8b93	addi	x23,x23,-1272	 x23:0x00001000 x23=0x00000b08
         445275	     22162	800029ea	0ba2	c.slli	x23,0x8	 x23:0x00000b08 x23=0x000b0800
         445675	     22182	800029ec	0b8d	c.addi	x23,3	 x23:0x000b0800 x23=0x000b0803
         446335	     22215	800029ee	01752023	sw	x23,0(x10)	 x10:0x8ffffffc x23:0x000b0803 PA:0x8ffffffc store:0x000b0803
         446355	     22216	800029f2	b0802bf3	csrrs	x23,mhpmcounter8,x0	  x0:0x00000000 x23=0x000000e8
         446415	     22219	800029f6	01752023	sw	x23,0(x10)	 x10:0x8ffffffc x23:0x000000e8 PA:0x8ffffffc store:0x000000e8
         446435	     22220	800029fa	90000537	lui	x10,0x90000	 x10=0x90000000
         446455	     22221	800029fe	1571	c.addi	x10,-4	 x10:0x90000000 x10=0x8ffffffc
         446475	     22222	80002a00	6b85	c.lui	x23,0x1	 x23=0x00001000
         446495	     22223	80002a02	b88b8b93	addi	x23,x23,-1144	 x23:0x00001000 x23=0x00000b88
         446515	     22224	80002a06	0ba2	c.slli	x23,0x8	 x23:0x00000b88 x23=0x000b8800
         446535	     22225	80002a08	0b8d	c.addi	x23,3	 x23:0x000b8800 x23=0x000b8803
         446775	     22237	80002a0a	01752023	sw	x23,0(x10)	 x10:0x8ffffffc x23:0x000b8803 PA:0x8ffffffc store:0x000b8803
         446795	     22238	80002a0e	b8802bf3	csrrs	x23,mhpmcounter8h,x0	  x0:0x00000000 x23=0x00000000
         447235	     22260	80002a12	01752023	sw	x23,0(x10)	 x10:0x8ffffffc x23:0x00000000 PA:0x8ffffffc store:0x00000000
         447255	     22261	80002a16	90000537	lui	x10,0x90000	 x10=0x90000000
         447275	     22262	80002a1a	1571	c.addi	x10,-4	 x10:0x90000000 x10=0x8ffffffc
         447355	     22266	80002a1c	6b85	c.lui	x23,0x1	 x23=0x00001000
         447375	     22267	80002a1e	b09b8b93	addi	x23,x23,-1271	 x23:0x00001000 x23=0x00000b09
         447395	     22268	80002a22	0ba2	c.slli	x23,0x8	 x23:0x00000b09 x23=0x000b0900
         447415	     22269	80002a24	0b8d	c.addi	x23,3	 x23:0x000b0900 x23=0x000b0903
         447755	     22286	80002a26	01752023	sw	x23,0(x10)	 x10:0x8ffffffc x23:0x000b0903 PA:0x8ffffffc store:0x000b0903
         447775	     22287	80002a2a	b0902bf3	csrrs	x23,mhpmcounter9,x0	  x0:0x00000000 x23=0x00000070
         448195	     22308	80002a2e	01752023	sw	x23,0(x10)	 x10:0x8ffffffc x23:0x00000070 PA:0x8ffffffc store:0x00000070
         448215	     22309	80002a32	90000537	lui	x10,0x90000	 x10=0x90000000
         448235	     22310	80002a36	1571	c.addi	x10,-4	 x10:0x90000000 x10=0x8ffffffc
         448255	     22311	80002a38	6b85	c.lui	x23,0x1	 x23=0x00001000
         448275	     22312	80002a3a	b89b8b93	addi	x23,x23,-1143	 x23:0x00001000 x23=0x00000b89
         448295	     22313	80002a3e	0ba2	c.slli	x23,0x8	 x23:0x00000b89 x23=0x000b8900
         448315	     22314	80002a40	0b8d	c.addi	x23,3	 x23:0x000b8900 x23=0x000b8903
         448735	     22335	80002a42	01752023	sw	x23,0(x10)	 x10:0x8ffffffc x23:0x000b8903 PA:0x8ffffffc store:0x000b8903
         448755	     22336	80002a46	b8902bf3	csrrs	x23,mhpmcounter9h,x0	  x0:0x00000000 x23=0x00000000
         449175	     22357	80002a4a	01752023	sw	x23,0(x10)	 x10:0x8ffffffc x23:0x00000000 PA:0x8ffffffc store:0x00000000
         449195	     22358	80002a4e	90000537	lui	x10,0x90000	 x10=0x90000000
         449215	     22359	80002a52	1571	c.addi	x10,-4	 x10:0x90000000 x10=0x8ffffffc
         449275	     22362	80002a54	6b85	c.lui	x23,0x1	 x23=0x00001000
         449575	     22377	80002a56	b0ab8b93	addi	x23,x23,-1270	 x23:0x00001000 x23=0x00000b0a
         449595	     22378	80002a5a	0ba2	c.slli	x23,0x8	 x23:0x00000b0a x23=0x000b0a00
         449755	     22386	80002a5c	0b8d	c.addi	x23,3	 x23:0x000b0a00 x23=0x000b0a03
         449995	     22398	80002a5e	01752023	sw	x23,0(x10)	 x10:0x8ffffffc x23:0x000b0a03 PA:0x8ffffffc store:0x000b0a03
         450235	     22410	80002a62	b0a02bf3	csrrs	x23,mhpmcounter10,x0	  x0:0x00000000 x23=0x00000298
         450495	     22423	80002a66	01752023	sw	x23,0(x10)	 x10:0x8ffffffc x23:0x00000298 PA:0x8ffffffc store:0x00000298
         450515	     22424	80002a6a	90000537	lui	x10,0x90000	 x10=0x90000000
         450535	     22425	80002a6e	1571	c.addi	x10,-4	 x10:0x90000000 x10=0x8ffffffc
         450555	     22426	80002a70	6b85	c.lui	x23,0x1	 x23=0x00001000
         450575	     22427	80002a72	b8ab8b93	addi	x23,x23,-1142	 x23:0x00001000 x23=0x00000b8a
         450595	     22428	80002a76	0ba2	c.slli	x23,0x8	 x23:0x00000b8a x23=0x000b8a00
         450615	     22429	80002a78	0b8d	c.addi	x23,3	 x23:0x000b8a00 x23=0x000b8a03
         450715	     22434	80002a7a	01752023	sw	x23,0(x10)	 x10:0x8ffffffc x23:0x000b8a03 PA:0x8ffffffc store:0x000b8a03
         450775	     22437	80002a7e	b8a02bf3	csrrs	x23,mhpmcounter10h,x0	  x0:0x00000000 x23=0x00000000
         450935	     22445	80002a82	01752023	sw	x23,0(x10)	 x10:0x8ffffffc x23:0x00000000 PA:0x8ffffffc store:0x00000000
         450995	     22448	80002a86	90000537	lui	x10,0x90000	 x10=0x90000000
         451015	     22449	80002a8a	1571	c.addi	x10,-4	 x10:0x90000000 x10=0x8ffffffc
         451115	     22454	80002a8c	6b85	c.lui	x23,0x1	 x23=0x00001000
         451215	     22459	80002a8e	b0bb8b93	addi	x23,x23,-1269	 x23:0x00001000 x23=0x00000b0b
         451235	     22460	80002a92	0ba2	c.slli	x23,0x8	 x23:0x00000b0b x23=0x000b0b00
         451315	     22464	80002a94	0b8d	c.addi	x23,3	 x23:0x000b0b00 x23=0x000b0b03
         451375	     22467	80002a96	01752023	sw	x23,0(x10)	 x10:0x8ffffffc x23:0x000b0b03 PA:0x8ffffffc store:0x000b0b03
         451395	     22468	80002a9a	b0b02bf3	csrrs	x23,mhpmcounter11,x0	  x0:0x00000000 x23=0x00000050
         451715	     22484	80002a9e	01752023	sw	x23,0(x10)	 x10:0x8ffffffc x23:0x00000050 PA:0x8ffffffc store:0x00000050
         452035	     22500	80002aa2	90000537	lui	x10,0x90000	 x10=0x90000000
         452055	     22501	80002aa6	1571	c.addi	x10,-4	 x10:0x90000000 x10=0x8ffffffc
         452395	     22518	80002aa8	6b85	c.lui	x23,0x1	 x23=0x00001000
         452415	     22519	80002aaa	b8bb8b93	addi	x23,x23,-1141	 x23:0x00001000 x23=0x00000b8b
         452435	     22520	80002aae	0ba2	c.slli	x23,0x8	 x23:0x00000b8b x23=0x000b8b00
         452455	     22521	80002ab0	0b8d	c.addi	x23,3	 x23:0x000b8b00 x23=0x000b8b03
         452715	     22534	80002ab2	01752023	sw	x23,0(x10)	 x10:0x8ffffffc x23:0x000b8b03 PA:0x8ffffffc store:0x000b8b03
         452735	     22535	80002ab6	b8b02bf3	csrrs	x23,mhpmcounter11h,x0	  x0:0x00000000 x23=0x00000000
         452795	     22538	80002aba	01752023	sw	x23,0(x10)	 x10:0x8ffffffc x23:0x00000000 PA:0x8ffffffc store:0x00000000
         452815	     22539	80002abe	90000537	lui	x10,0x90000	 x10=0x90000000
         452835	     22540	80002ac2	1571	c.addi	x10,-4	 x10:0x90000000 x10=0x8ffffffc
         452855	     22541	80002ac4	6b85	c.lui	x23,0x1	 x23=0x00001000
         452875	     22542	80002ac6	b0cb8b93	addi	x23,x23,-1268	 x23:0x00001000 x23=0x00000b0c
         452895	     22543	80002aca	0ba2	c.slli	x23,0x8	 x23:0x00000b0c x23=0x000b0c00
         452935	     22545	80002acc	0b8d	c.addi	x23,3	 x23:0x000b0c00 x23=0x000b0c03
         453375	     22567	80002ace	01752023	sw	x23,0(x10)	 x10:0x8ffffffc x23:0x000b0c03 PA:0x8ffffffc store:0x000b0c03
         453395	     22568	80002ad2	b0c02bf3	csrrs	x23,mhpmcounter12,x0	  x0:0x00000000 x23=0x000009a3
         453455	     22571	80002ad6	01752023	sw	x23,0(x10)	 x10:0x8ffffffc x23:0x000009a3 PA:0x8ffffffc store:0x000009a3
         453475	     22572	80002ada	90000537	lui	x10,0x90000	 x10=0x90000000
         453495	     22573	80002ade	1571	c.addi	x10,-4	 x10:0x90000000 x10=0x8ffffffc
         453515	     22574	80002ae0	6b85	c.lui	x23,0x1	 x23=0x00001000
         453535	     22575	80002ae2	b8cb8b93	addi	x23,x23,-1140	 x23:0x00001000 x23=0x00000b8c
         453555	     22576	80002ae6	0ba2	c.slli	x23,0x8	 x23:0x00000b8c x23=0x000b8c00
         453895	     22593	80002ae8	0b8d	c.addi	x23,3	 x23:0x000b8c00 x23=0x000b8c03
         454135	     22605	80002aea	01752023	sw	x23,0(x10)	 x10:0x8ffffffc x23:0x000b8c03 PA:0x8ffffffc store:0x000b8c03
         454155	     22606	80002aee	b8c02bf3	csrrs	x23,mhpmcounter12h,x0	  x0:0x00000000 x23=0x00000000
         454375	     22617	80002af2	01752023	sw	x23,0(x10)	 x10:0x8ffffffc x23:0x00000000 PA:0x8ffffffc store:0x00000000
         454555	     22626	80002af6	ffffdb97	auipc	x23,0xffffd	 x23=0x7ffffaf6
         454575	     22627	80002afa	58ab8b93	addi	x23,x23,1418	 x23:0x7ffffaf6 x23=0x80000080
         454935	     22645	80002afe	000ba023	sw	x0,0(x23)	 x23:0x80000080  x0:0x00000000 PA:0x80000080 store:0x00000000
         454955	     22646	80002b02	001ba223	sw	x1,4(x23)	 x23:0x80000080  x1:0x00013404 PA:0x80000084 store:0x00013404
         455115	     22654	80002b06	002ba423	sw	x2,8(x23)	 x23:0x80000080  x2:0x0000f000 PA:0x80000088 store:0x0000f000
         455135	     22655	80002b0a	003ba623	sw	x3,12(x23)	 x23:0x80000080  x3:0x00000001 PA:0x8000008c store:0x00000001
         455295	     22663	80002b0e	004ba823	sw	x4,16(x23)	 x23:0x80000080  x4:0x00007000 PA:0x80000090 store:0x00007000
         455355	     22666	80002b12	005baa23	sw	x5,20(x23)	 x23:0x80000080  x5:0x00000000 PA:0x80000094 store:0x00000000
         455375	     22667	80002b16	006bac23	sw	x6,24(x23)	 x23:0x80000080  x6:0x0000f018 PA:0x80000098 store:0x0000f018
         455395	     22668	80002b1a	007bae23	sw	x7,28(x23)	 x23:0x80000080  x7:0x00000000 PA:0x8000009c store:0x00000000
         455615	     22679	80002b1e	028ba023	sw	x8,32(x23)	 x23:0x80000080  x8:0x00000001 PA:0x800000a0 store:0x00000001
         455675	     22682	80002b22	029ba223	sw	x9,36(x23)	 x23:0x80000080  x9:0xfffffbed PA:0x800000a4 store:0xfffffbed
         455875	     22692	80002b26	02aba423	sw	x10,40(x23)	 x23:0x80000080 x10:0x8ffffffc PA:0x800000a8 store:0x8ffffffc
         456315	     22714	80002b2a	02bba623	sw	x11,44(x23)	 x23:0x80000080 x11:0x00000000 PA:0x800000ac store:0x00000000
         456815	     22739	80002b2e	02cba823	sw	x12,48(x23)	 x23:0x80000080 x12:0x80000350 PA:0x800000b0 store:0x80000350
         457275	     22762	80002b32	02dbaa23	sw	x13,52(x23)	 x23:0x80000080 x13:0x00000000 PA:0x800000b4 store:0x00000000
         457335	     22765	80002b36	02ebac23	sw	x14,56(x23)	 x23:0x80000080 x14:0x0000058e PA:0x800000b8 store:0x0000058e
         457355	     22766	80002b3a	02fbae23	sw	x15,60(x23)	 x23:0x80000080 x15:0x80025c60 PA:0x800000bc store:0x80025c60
         457715	     22784	80002b3e	050ba023	sw	x16,64(x23)	 x23:0x80000080 x16:0x00000000 PA:0x800000c0 store:0x00000000
         457815	     22789	80002b42	051ba223	sw	x17,68(x23)	 x23:0x80000080 x17:0x00000000 PA:0x800000c4 store:0x00000000
         457995	     22798	80002b46	052ba423	sw	x18,72(x23)	 x23:0x80000080 x18:0x9e7f7b4a PA:0x800000c8 store:0x9e7f7b4a
         458235	     22810	80002b4a	053ba623	sw	x19,76(x23)	 x23:0x80000080 x19:0x0000f000 PA:0x800000cc store:0x0000f000
         458295	     22813	80002b4e	054ba823	sw	x20,80(x23)	 x23:0x80000080 x20:0x00000018 PA:0x800000d0 store:0x00000018
         458455	     22821	80002b52	055baa23	sw	x21,84(x23)	 x23:0x80000080 x21:0x00000000 PA:0x800000d4 store:0x00000000
         458515	     22824	80002b56	056bac23	sw	x22,88(x23)	 x23:0x80000080 x22:0x67118aee PA:0x800000d8 store:0x67118aee
         458675	     22832	80002b5a	057bae23	sw	x23,92(x23)	 x23:0x80000080 x23:0x80000080 PA:0x800000dc store:0x80000080
         458815	     22839	80002b5e	078ba023	sw	x24,96(x23)	 x23:0x80000080 x24:0x80025c60 PA:0x800000e0 store:0x80025c60
         458915	     22844	80002b62	079ba223	sw	x25,100(x23)	 x23:0x80000080 x25:0xffffffff PA:0x800000e4 store:0xffffffff
         458975	     22847	80002b66	07aba423	sw	x26,104(x23)	 x23:0x80000080 x26:0x00000000 PA:0x800000e8 store:0x00000000
         458995	     22848	80002b6a	07bba623	sw	x27,108(x23)	 x23:0x80000080 x27:0x00000001 PA:0x800000ec store:0x00000001
         459035	     22850	80002b6e	07cba823	sw	x28,112(x23)	 x23:0x80000080 x28:0x00000001 PA:0x800000f0 store:0x00000001
         459455	     22871	80002b72	07dbaa23	sw	x29,116(x23)	 x23:0x80000080 x29:0x80025ce4 PA:0x800000f4 store:0x80025ce4
         459515	     22874	80002b76	07ebac23	sw	x30,120(x23)	 x23:0x80000080 x30:0x00000000 PA:0x800000f8 store:0x00000000
         459675	     22882	80002b7a	07fbae23	sw	x31,124(x23)	 x23:0x80000080 x31:0x00000001 PA:0x800000fc store:0x00000001
         459695	     22883	80002b7e	34102bf3	csrrs	x23,mepc,x0	  x0:0x00000000 x23=0x80000360
         462395	     23018	80002b82	0b91	c.addi	x23,4	 x23:0x80000360 x23=0x80000364
         462415	     23019	80002b84	341b9073	csrrw	x0,mepc,x23	 x23:0x80000364  x0=0x00000000
         462435	     23020	80002b88	30200073	mret	
         462495	     23023	80000364	90000537	lui	x10,0x90000	 x10=0x90000000
         462775	     23037	80000368	1561	c.addi	x10,-8	 x10:0x90000000 x10=0x8ffffff8
         462795	     23038	8000036a	4b85	c.li	x23,1	 x23=0x00000001
         462835	     23040	8000036c	0ba2	c.slli	x23,0x8	 x23:0x00000001 x23=0x00000100
         462855	     23041	8000036e	0b85	c.addi	x23,1	 x23:0x00000100 x23=0x00000101
         462915	     23044	80000370	01752023	sw	x23,0(x10)	 x10:0x8ffffff8 x23:0x00000101 PA:0x8ffffff8 store:0x00000101
         462935	     23045	80000374	00000073	ecall	
         462995	     23048	80002700	0800006f	jal	x0,80002780	  x0=0x00000000
         463055	     23051	80002780	17f1	c.addi	x15,-4	 x15:0x80025c60 x15=0x80025c5c
         463715	     23084	80002782	0187a023	sw	x24,0(x15)	 x15:0x80025c5c x24:0x80025c60 PA:0x80025c5c store:0x80025c60
         463735	     23085	80002786	00078c33	add	x24,x15,x0	 x15:0x80025c5c  x0:0x00000000 x24=0x80025c5c
         463755	     23086	8000278a	f80c0c13	addi	x24,x24,-128	 x24:0x80025c5c x24=0x80025bdc
         463815	     23089	8000278e	001c2223	sw	x1,4(x24)	 x24:0x80025bdc  x1:0x00013404 PA:0x80025be0 store:0x00013404
         464235	     23110	80002792	002c2423	sw	x2,8(x24)	 x24:0x80025bdc  x2:0x0000f000 PA:0x80025be4 store:0x0000f000
         464375	     23117	80002796	003c2623	sw	x3,12(x24)	 x24:0x80025bdc  x3:0x00000001 PA:0x80025be8 store:0x00000001
         464435	     23120	8000279a	004c2823	sw	x4,16(x24)	 x24:0x80025bdc  x4:0x00007000 PA:0x80025bec store:0x00007000
         464455	     23121	8000279e	005c2a23	sw	x5,20(x24)	 x24:0x80025bdc  x5:0x00000000 PA:0x80025bf0 store:0x00000000
         464675	     23132	800027a2	006c2c23	sw	x6,24(x24)	 x24:0x80025bdc  x6:0x0000f018 PA:0x80025bf4 store:0x0000f018
         464735	     23135	800027a6	007c2e23	sw	x7,28(x24)	 x24:0x80025bdc  x7:0x00000000 PA:0x80025bf8 store:0x00000000
         464895	     23143	800027aa	028c2023	sw	x8,32(x24)	 x24:0x80025bdc  x8:0x00000001 PA:0x80025bfc store:0x00000001
         465155	     23156	800027ae	029c2223	sw	x9,36(x24)	 x24:0x80025bdc  x9:0xfffffbed PA:0x80025c00 store:0xfffffbed
         465235	     23160	800027b2	02ac2423	sw	x10,40(x24)	 x24:0x80025bdc x10:0x8ffffff8 PA:0x80025c04 store:0x8ffffff8
         465455	     23171	800027b6	02bc2623	sw	x11,44(x24)	 x24:0x80025bdc x11:0x00000000 PA:0x80025c08 store:0x00000000
         465715	     23184	800027ba	02cc2823	sw	x12,48(x24)	 x24:0x80025bdc x12:0x80000350 PA:0x80025c0c store:0x80000350
         465795	     23188	800027be	02dc2a23	sw	x13,52(x24)	 x24:0x80025bdc x13:0x00000000 PA:0x80025c10 store:0x00000000
         465895	     23193	800027c2	02ec2c23	sw	x14,56(x24)	 x24:0x80025bdc x14:0x0000058e PA:0x80025c14 store:0x0000058e
         465995	     23198	800027c6	02fc2e23	sw	x15,60(x24)	 x24:0x80025bdc x15:0x80025c5c PA:0x80025c18 store:0x80025c5c
         466055	     23201	800027ca	050c2023	sw	x16,64(x24)	 x24:0x80025bdc x16:0x00000000 PA:0x80025c1c store:0x00000000
         466075	     23202	800027ce	051c2223	sw	x17,68(x24)	 x24:0x80025bdc x17:0x00000000 PA:0x80025c20 store:0x00000000
         466095	     23203	800027d2	052c2423	sw	x18,72(x24)	 x24:0x80025bdc x18:0x9e7f7b4a PA:0x80025c24 store:0x9e7f7b4a
         466215	     23209	800027d6	053c2623	sw	x19,76(x24)	 x24:0x80025bdc x19:0x0000f000 PA:0x80025c28 store:0x0000f000
         466375	     23217	800027da	054c2823	sw	x20,80(x24)	 x24:0x80025bdc x20:0x00000018 PA:0x80025c2c store:0x00000018
         466435	     23220	800027de	055c2a23	sw	x21,84(x24)	 x24:0x80025bdc x21:0x00000000 PA:0x80025c30 store:0x00000000
         466855	     23241	800027e2	056c2c23	sw	x22,88(x24)	 x24:0x80025bdc x22:0x67118aee PA:0x80025c34 store:0x67118aee
         467035	     23250	800027e6	057c2e23	sw	x23,92(x24)	 x24:0x80025bdc x23:0x00000101 PA:0x80025c38 store:0x00000101
         467095	     23253	800027ea	078c2023	sw	x24,96(x24)	 x24:0x80025bdc x24:0x80025bdc PA:0x80025c3c store:0x80025bdc
         467115	     23254	800027ee	079c2223	sw	x25,100(x24)	 x24:0x80025bdc x25:0xffffffff PA:0x80025c40 store:0xffffffff
         467175	     23257	800027f2	07ac2423	sw	x26,104(x24)	 x24:0x80025bdc x26:0x00000000 PA:0x80025c44 store:0x00000000
         467475	     23272	800027f6	07bc2623	sw	x27,108(x24)	 x24:0x80025bdc x27:0x00000001 PA:0x80025c48 store:0x00000001
         467595	     23278	800027fa	07cc2823	sw	x28,112(x24)	 x24:0x80025bdc x28:0x00000001 PA:0x80025c4c store:0x00000001
