case_id,bug_id,group,family,test,seed,source_run_dir
case_000001,bug_001,alu,alu_add_sub_result_wrong,riscv_machine_mode_rand_test,101,/home/meow/iccad/dataset/raw_runs_first_batch/bug_001/riscv_machine_mode_rand_test/seed_000101
case_000002,bug_001,alu,alu_add_sub_result_wrong,riscv_machine_mode_rand_test,102,/home/meow/iccad/dataset/raw_runs_first_batch/bug_001/riscv_machine_mode_rand_test/seed_000102
case_000003,bug_001,alu,alu_add_sub_result_wrong,riscv_machine_mode_rand_test,103,/home/meow/iccad/dataset/raw_runs_first_batch/bug_001/riscv_machine_mode_rand_test/seed_000103
case_000004,bug_001,alu,alu_add_sub_result_wrong,riscv_machine_mode_rand_test,104,/home/meow/iccad/dataset/raw_runs_first_batch/bug_001/riscv_machine_mode_rand_test/seed_000104
case_000005,bug_001,alu,alu_add_sub_result_wrong,riscv_machine_mode_rand_test,105,/home/meow/iccad/dataset/raw_runs_first_batch/bug_001/riscv_machine_mode_rand_test/seed_000105
case_000006,bug_001,alu,alu_add_sub_result_wrong,riscv_machine_mode_rand_test,501,/home/meow/iccad/dataset/raw_runs_first_batch/bug_001/riscv_machine_mode_rand_test/seed_000501
case_000007,bug_001,alu,alu_add_sub_result_wrong,riscv_machine_mode_rand_test,502,/home/meow/iccad/dataset/raw_runs_first_batch/bug_001/riscv_machine_mode_rand_test/seed_000502
case_000008,bug_001,alu,alu_add_sub_result_wrong,riscv_machine_mode_rand_test,503,/home/meow/iccad/dataset/raw_runs_first_batch/bug_001/riscv_machine_mode_rand_test/seed_000503
case_000009,bug_001,alu,alu_add_sub_result_wrong,riscv_machine_mode_rand_test,504,/home/meow/iccad/dataset/raw_runs_first_batch/bug_001/riscv_machine_mode_rand_test/seed_000504
case_000010,bug_001,alu,alu_add_sub_result_wrong,riscv_machine_mode_rand_test,505,/home/meow/iccad/dataset/raw_runs_first_batch/bug_001/riscv_machine_mode_rand_test/seed_000505
case_000011,bug_001,alu,alu_add_sub_result_wrong,riscv_machine_mode_rand_test,4001,/home/meow/iccad/dataset/raw_runs_first_batch/bug_001/riscv_machine_mode_rand_test/seed_004001
case_000012,bug_001,alu,alu_add_sub_result_wrong,riscv_machine_mode_rand_test,4002,/home/meow/iccad/dataset/raw_runs_first_batch/bug_001/riscv_machine_mode_rand_test/seed_004002
case_000013,bug_001,alu,alu_add_sub_result_wrong,riscv_machine_mode_rand_test,4003,/home/meow/iccad/dataset/raw_runs_first_batch/bug_001/riscv_machine_mode_rand_test/seed_004003
case_000014,bug_001,alu,alu_add_sub_result_wrong,riscv_machine_mode_rand_test,4004,/home/meow/iccad/dataset/raw_runs_first_batch/bug_001/riscv_machine_mode_rand_test/seed_004004
case_000015,bug_001,alu,alu_add_sub_result_wrong,riscv_machine_mode_rand_test,4005,/home/meow/iccad/dataset/raw_runs_first_batch/bug_001/riscv_machine_mode_rand_test/seed_004005
case_000016,bug_001,alu,alu_add_sub_result_wrong,riscv_rand_instr_test,2001,/home/meow/iccad/dataset/raw_runs_first_batch/bug_001/riscv_rand_instr_test/seed_002001
case_000017,bug_001,alu,alu_add_sub_result_wrong,riscv_rand_instr_test,2002,/home/meow/iccad/dataset/raw_runs_first_batch/bug_001/riscv_rand_instr_test/seed_002002
case_000018,bug_001,alu,alu_add_sub_result_wrong,riscv_rand_instr_test,2003,/home/meow/iccad/dataset/raw_runs_first_batch/bug_001/riscv_rand_instr_test/seed_002003
case_000019,bug_001,alu,alu_add_sub_result_wrong,riscv_rand_instr_test,2004,/home/meow/iccad/dataset/raw_runs_first_batch/bug_001/riscv_rand_instr_test/seed_002004
case_000020,bug_001,alu,alu_add_sub_result_wrong,riscv_rand_instr_test,2005,/home/meow/iccad/dataset/raw_runs_first_batch/bug_001/riscv_rand_instr_test/seed_002005
case_000021,bug_002,alu,alu_compare_signedness_wrong,riscv_machine_mode_rand_test,111,/home/meow/iccad/dataset/raw_runs_first_batch/bug_002/riscv_machine_mode_rand_test/seed_000111
case_000022,bug_002,alu,alu_compare_signedness_wrong,riscv_machine_mode_rand_test,112,/home/meow/iccad/dataset/raw_runs_first_batch/bug_002/riscv_machine_mode_rand_test/seed_000112
case_000023,bug_002,alu,alu_compare_signedness_wrong,riscv_machine_mode_rand_test,113,/home/meow/iccad/dataset/raw_runs_first_batch/bug_002/riscv_machine_mode_rand_test/seed_000113
case_000024,bug_002,alu,alu_compare_signedness_wrong,riscv_machine_mode_rand_test,114,/home/meow/iccad/dataset/raw_runs_first_batch/bug_002/riscv_machine_mode_rand_test/seed_000114
case_000025,bug_002,alu,alu_compare_signedness_wrong,riscv_machine_mode_rand_test,115,/home/meow/iccad/dataset/raw_runs_first_batch/bug_002/riscv_machine_mode_rand_test/seed_000115
case_000026,bug_002,alu,alu_compare_signedness_wrong,riscv_machine_mode_rand_test,511,/home/meow/iccad/dataset/raw_runs_first_batch/bug_002/riscv_machine_mode_rand_test/seed_000511
case_000027,bug_002,alu,alu_compare_signedness_wrong,riscv_machine_mode_rand_test,512,/home/meow/iccad/dataset/raw_runs_first_batch/bug_002/riscv_machine_mode_rand_test/seed_000512
case_000028,bug_002,alu,alu_compare_signedness_wrong,riscv_machine_mode_rand_test,513,/home/meow/iccad/dataset/raw_runs_first_batch/bug_002/riscv_machine_mode_rand_test/seed_000513
case_000029,bug_002,alu,alu_compare_signedness_wrong,riscv_machine_mode_rand_test,514,/home/meow/iccad/dataset/raw_runs_first_batch/bug_002/riscv_machine_mode_rand_test/seed_000514
case_000030,bug_002,alu,alu_compare_signedness_wrong,riscv_machine_mode_rand_test,515,/home/meow/iccad/dataset/raw_runs_first_batch/bug_002/riscv_machine_mode_rand_test/seed_000515
case_000031,bug_002,alu,alu_compare_signedness_wrong,riscv_machine_mode_rand_test,4011,/home/meow/iccad/dataset/raw_runs_first_batch/bug_002/riscv_machine_mode_rand_test/seed_004011
case_000032,bug_002,alu,alu_compare_signedness_wrong,riscv_machine_mode_rand_test,4012,/home/meow/iccad/dataset/raw_runs_first_batch/bug_002/riscv_machine_mode_rand_test/seed_004012
case_000033,bug_002,alu,alu_compare_signedness_wrong,riscv_machine_mode_rand_test,4013,/home/meow/iccad/dataset/raw_runs_first_batch/bug_002/riscv_machine_mode_rand_test/seed_004013
case_000034,bug_002,alu,alu_compare_signedness_wrong,riscv_machine_mode_rand_test,4014,/home/meow/iccad/dataset/raw_runs_first_batch/bug_002/riscv_machine_mode_rand_test/seed_004014
case_000035,bug_002,alu,alu_compare_signedness_wrong,riscv_machine_mode_rand_test,4015,/home/meow/iccad/dataset/raw_runs_first_batch/bug_002/riscv_machine_mode_rand_test/seed_004015
case_000036,bug_002,alu,alu_compare_signedness_wrong,riscv_rand_instr_test,2011,/home/meow/iccad/dataset/raw_runs_first_batch/bug_002/riscv_rand_instr_test/seed_002011
case_000037,bug_002,alu,alu_compare_signedness_wrong,riscv_rand_instr_test,2012,/home/meow/iccad/dataset/raw_runs_first_batch/bug_002/riscv_rand_instr_test/seed_002012
case_000038,bug_002,alu,alu_compare_signedness_wrong,riscv_rand_instr_test,2013,/home/meow/iccad/dataset/raw_runs_first_batch/bug_002/riscv_rand_instr_test/seed_002013
case_000039,bug_002,alu,alu_compare_signedness_wrong,riscv_rand_instr_test,2014,/home/meow/iccad/dataset/raw_runs_first_batch/bug_002/riscv_rand_instr_test/seed_002014
case_000040,bug_002,alu,alu_compare_signedness_wrong,riscv_rand_instr_test,2015,/home/meow/iccad/dataset/raw_runs_first_batch/bug_002/riscv_rand_instr_test/seed_002015
case_000041,bug_003,alu,alu_shift_arithmetic_wrong,riscv_machine_mode_rand_test,121,/home/meow/iccad/dataset/raw_runs_first_batch/bug_003/riscv_machine_mode_rand_test/seed_000121
case_000042,bug_003,alu,alu_shift_arithmetic_wrong,riscv_machine_mode_rand_test,122,/home/meow/iccad/dataset/raw_runs_first_batch/bug_003/riscv_machine_mode_rand_test/seed_000122
case_000043,bug_003,alu,alu_shift_arithmetic_wrong,riscv_machine_mode_rand_test,123,/home/meow/iccad/dataset/raw_runs_first_batch/bug_003/riscv_machine_mode_rand_test/seed_000123
case_000044,bug_003,alu,alu_shift_arithmetic_wrong,riscv_machine_mode_rand_test,124,/home/meow/iccad/dataset/raw_runs_first_batch/bug_003/riscv_machine_mode_rand_test/seed_000124
case_000045,bug_003,alu,alu_shift_arithmetic_wrong,riscv_machine_mode_rand_test,125,/home/meow/iccad/dataset/raw_runs_first_batch/bug_003/riscv_machine_mode_rand_test/seed_000125
case_000046,bug_003,alu,alu_shift_arithmetic_wrong,riscv_machine_mode_rand_test,521,/home/meow/iccad/dataset/raw_runs_first_batch/bug_003/riscv_machine_mode_rand_test/seed_000521
case_000047,bug_003,alu,alu_shift_arithmetic_wrong,riscv_machine_mode_rand_test,522,/home/meow/iccad/dataset/raw_runs_first_batch/bug_003/riscv_machine_mode_rand_test/seed_000522
case_000048,bug_003,alu,alu_shift_arithmetic_wrong,riscv_machine_mode_rand_test,523,/home/meow/iccad/dataset/raw_runs_first_batch/bug_003/riscv_machine_mode_rand_test/seed_000523
case_000049,bug_003,alu,alu_shift_arithmetic_wrong,riscv_machine_mode_rand_test,524,/home/meow/iccad/dataset/raw_runs_first_batch/bug_003/riscv_machine_mode_rand_test/seed_000524
case_000050,bug_003,alu,alu_shift_arithmetic_wrong,riscv_machine_mode_rand_test,525,/home/meow/iccad/dataset/raw_runs_first_batch/bug_003/riscv_machine_mode_rand_test/seed_000525
case_000051,bug_003,alu,alu_shift_arithmetic_wrong,riscv_machine_mode_rand_test,4021,/home/meow/iccad/dataset/raw_runs_first_batch/bug_003/riscv_machine_mode_rand_test/seed_004021
case_000052,bug_003,alu,alu_shift_arithmetic_wrong,riscv_machine_mode_rand_test,4022,/home/meow/iccad/dataset/raw_runs_first_batch/bug_003/riscv_machine_mode_rand_test/seed_004022
case_000053,bug_003,alu,alu_shift_arithmetic_wrong,riscv_machine_mode_rand_test,4023,/home/meow/iccad/dataset/raw_runs_first_batch/bug_003/riscv_machine_mode_rand_test/seed_004023
case_000054,bug_003,alu,alu_shift_arithmetic_wrong,riscv_machine_mode_rand_test,4024,/home/meow/iccad/dataset/raw_runs_first_batch/bug_003/riscv_machine_mode_rand_test/seed_004024
case_000055,bug_003,alu,alu_shift_arithmetic_wrong,riscv_machine_mode_rand_test,4025,/home/meow/iccad/dataset/raw_runs_first_batch/bug_003/riscv_machine_mode_rand_test/seed_004025
case_000056,bug_003,alu,alu_shift_arithmetic_wrong,riscv_rand_instr_test,2021,/home/meow/iccad/dataset/raw_runs_first_batch/bug_003/riscv_rand_instr_test/seed_002021
case_000057,bug_003,alu,alu_shift_arithmetic_wrong,riscv_rand_instr_test,2022,/home/meow/iccad/dataset/raw_runs_first_batch/bug_003/riscv_rand_instr_test/seed_002022
case_000058,bug_003,alu,alu_shift_arithmetic_wrong,riscv_rand_instr_test,2023,/home/meow/iccad/dataset/raw_runs_first_batch/bug_003/riscv_rand_instr_test/seed_002023
case_000059,bug_003,alu,alu_shift_arithmetic_wrong,riscv_rand_instr_test,2024,/home/meow/iccad/dataset/raw_runs_first_batch/bug_003/riscv_rand_instr_test/seed_002024
case_000060,bug_003,alu,alu_shift_arithmetic_wrong,riscv_rand_instr_test,2025,/home/meow/iccad/dataset/raw_runs_first_batch/bug_003/riscv_rand_instr_test/seed_002025
case_000061,bug_005,branch,branch_condition_wrong,riscv_machine_mode_rand_test,141,/home/meow/iccad/dataset/raw_runs_first_batch/bug_005/riscv_machine_mode_rand_test/seed_000141
case_000062,bug_005,branch,branch_condition_wrong,riscv_machine_mode_rand_test,142,/home/meow/iccad/dataset/raw_runs_first_batch/bug_005/riscv_machine_mode_rand_test/seed_000142
case_000063,bug_005,branch,branch_condition_wrong,riscv_machine_mode_rand_test,143,/home/meow/iccad/dataset/raw_runs_first_batch/bug_005/riscv_machine_mode_rand_test/seed_000143
case_000064,bug_005,branch,branch_condition_wrong,riscv_machine_mode_rand_test,144,/home/meow/iccad/dataset/raw_runs_first_batch/bug_005/riscv_machine_mode_rand_test/seed_000144
case_000065,bug_005,branch,branch_condition_wrong,riscv_machine_mode_rand_test,145,/home/meow/iccad/dataset/raw_runs_first_batch/bug_005/riscv_machine_mode_rand_test/seed_000145
case_000066,bug_005,branch,branch_condition_wrong,riscv_machine_mode_rand_test,531,/home/meow/iccad/dataset/raw_runs_first_batch/bug_005/riscv_machine_mode_rand_test/seed_000531
case_000067,bug_005,branch,branch_condition_wrong,riscv_machine_mode_rand_test,532,/home/meow/iccad/dataset/raw_runs_first_batch/bug_005/riscv_machine_mode_rand_test/seed_000532
case_000068,bug_005,branch,branch_condition_wrong,riscv_machine_mode_rand_test,533,/home/meow/iccad/dataset/raw_runs_first_batch/bug_005/riscv_machine_mode_rand_test/seed_000533
case_000069,bug_005,branch,branch_condition_wrong,riscv_machine_mode_rand_test,534,/home/meow/iccad/dataset/raw_runs_first_batch/bug_005/riscv_machine_mode_rand_test/seed_000534
case_000070,bug_005,branch,branch_condition_wrong,riscv_machine_mode_rand_test,535,/home/meow/iccad/dataset/raw_runs_first_batch/bug_005/riscv_machine_mode_rand_test/seed_000535
case_000071,bug_005,branch,branch_condition_wrong,riscv_machine_mode_rand_test,4031,/home/meow/iccad/dataset/raw_runs_first_batch/bug_005/riscv_machine_mode_rand_test/seed_004031
case_000072,bug_005,branch,branch_condition_wrong,riscv_machine_mode_rand_test,4032,/home/meow/iccad/dataset/raw_runs_first_batch/bug_005/riscv_machine_mode_rand_test/seed_004032
case_000073,bug_005,branch,branch_condition_wrong,riscv_machine_mode_rand_test,4033,/home/meow/iccad/dataset/raw_runs_first_batch/bug_005/riscv_machine_mode_rand_test/seed_004033
case_000074,bug_005,branch,branch_condition_wrong,riscv_machine_mode_rand_test,4034,/home/meow/iccad/dataset/raw_runs_first_batch/bug_005/riscv_machine_mode_rand_test/seed_004034
case_000075,bug_005,branch,branch_condition_wrong,riscv_machine_mode_rand_test,4035,/home/meow/iccad/dataset/raw_runs_first_batch/bug_005/riscv_machine_mode_rand_test/seed_004035
case_000076,bug_005,branch,branch_condition_wrong,riscv_rand_instr_test,2031,/home/meow/iccad/dataset/raw_runs_first_batch/bug_005/riscv_rand_instr_test/seed_002031
case_000077,bug_005,branch,branch_condition_wrong,riscv_rand_instr_test,2032,/home/meow/iccad/dataset/raw_runs_first_batch/bug_005/riscv_rand_instr_test/seed_002032
case_000078,bug_005,branch,branch_condition_wrong,riscv_rand_instr_test,2033,/home/meow/iccad/dataset/raw_runs_first_batch/bug_005/riscv_rand_instr_test/seed_002033
case_000079,bug_005,branch,branch_condition_wrong,riscv_rand_instr_test,2034,/home/meow/iccad/dataset/raw_runs_first_batch/bug_005/riscv_rand_instr_test/seed_002034
case_000080,bug_005,branch,branch_condition_wrong,riscv_rand_instr_test,2035,/home/meow/iccad/dataset/raw_runs_first_batch/bug_005/riscv_rand_instr_test/seed_002035
case_000081,bug_008,loadstore,load_sign_extend_wrong,riscv_machine_mode_rand_test,171,/home/meow/iccad/dataset/raw_runs_first_batch/bug_008/riscv_machine_mode_rand_test/seed_000171
case_000082,bug_008,loadstore,load_sign_extend_wrong,riscv_machine_mode_rand_test,172,/home/meow/iccad/dataset/raw_runs_first_batch/bug_008/riscv_machine_mode_rand_test/seed_000172
case_000083,bug_008,loadstore,load_sign_extend_wrong,riscv_machine_mode_rand_test,173,/home/meow/iccad/dataset/raw_runs_first_batch/bug_008/riscv_machine_mode_rand_test/seed_000173
case_000084,bug_008,loadstore,load_sign_extend_wrong,riscv_machine_mode_rand_test,174,/home/meow/iccad/dataset/raw_runs_first_batch/bug_008/riscv_machine_mode_rand_test/seed_000174
case_000085,bug_008,loadstore,load_sign_extend_wrong,riscv_machine_mode_rand_test,175,/home/meow/iccad/dataset/raw_runs_first_batch/bug_008/riscv_machine_mode_rand_test/seed_000175
case_000086,bug_008,loadstore,load_sign_extend_wrong,riscv_machine_mode_rand_test,541,/home/meow/iccad/dataset/raw_runs_first_batch/bug_008/riscv_machine_mode_rand_test/seed_000541
case_000087,bug_008,loadstore,load_sign_extend_wrong,riscv_machine_mode_rand_test,542,/home/meow/iccad/dataset/raw_runs_first_batch/bug_008/riscv_machine_mode_rand_test/seed_000542
case_000088,bug_008,loadstore,load_sign_extend_wrong,riscv_machine_mode_rand_test,543,/home/meow/iccad/dataset/raw_runs_first_batch/bug_008/riscv_machine_mode_rand_test/seed_000543
case_000089,bug_008,loadstore,load_sign_extend_wrong,riscv_machine_mode_rand_test,544,/home/meow/iccad/dataset/raw_runs_first_batch/bug_008/riscv_machine_mode_rand_test/seed_000544
case_000090,bug_008,loadstore,load_sign_extend_wrong,riscv_machine_mode_rand_test,545,/home/meow/iccad/dataset/raw_runs_first_batch/bug_008/riscv_machine_mode_rand_test/seed_000545
case_000091,bug_008,loadstore,load_sign_extend_wrong,riscv_machine_mode_rand_test,4041,/home/meow/iccad/dataset/raw_runs_first_batch/bug_008/riscv_machine_mode_rand_test/seed_004041
case_000092,bug_008,loadstore,load_sign_extend_wrong,riscv_machine_mode_rand_test,4042,/home/meow/iccad/dataset/raw_runs_first_batch/bug_008/riscv_machine_mode_rand_test/seed_004042
case_000093,bug_008,loadstore,load_sign_extend_wrong,riscv_machine_mode_rand_test,4043,/home/meow/iccad/dataset/raw_runs_first_batch/bug_008/riscv_machine_mode_rand_test/seed_004043
case_000094,bug_008,loadstore,load_sign_extend_wrong,riscv_machine_mode_rand_test,4044,/home/meow/iccad/dataset/raw_runs_first_batch/bug_008/riscv_machine_mode_rand_test/seed_004044
case_000095,bug_008,loadstore,load_sign_extend_wrong,riscv_machine_mode_rand_test,4045,/home/meow/iccad/dataset/raw_runs_first_batch/bug_008/riscv_machine_mode_rand_test/seed_004045
case_000096,bug_008,loadstore,load_sign_extend_wrong,riscv_rand_instr_test,2041,/home/meow/iccad/dataset/raw_runs_first_batch/bug_008/riscv_rand_instr_test/seed_002041
case_000097,bug_008,loadstore,load_sign_extend_wrong,riscv_rand_instr_test,2042,/home/meow/iccad/dataset/raw_runs_first_batch/bug_008/riscv_rand_instr_test/seed_002042
case_000098,bug_008,loadstore,load_sign_extend_wrong,riscv_rand_instr_test,2043,/home/meow/iccad/dataset/raw_runs_first_batch/bug_008/riscv_rand_instr_test/seed_002043
case_000099,bug_008,loadstore,load_sign_extend_wrong,riscv_rand_instr_test,2044,/home/meow/iccad/dataset/raw_runs_first_batch/bug_008/riscv_rand_instr_test/seed_002044
case_000100,bug_008,loadstore,load_sign_extend_wrong,riscv_rand_instr_test,2045,/home/meow/iccad/dataset/raw_runs_first_batch/bug_008/riscv_rand_instr_test/seed_002045
case_000101,bug_009,loadstore,store_byte_enable_wrong,riscv_machine_mode_rand_test,181,/home/meow/iccad/dataset/raw_runs_first_batch/bug_009/riscv_machine_mode_rand_test/seed_000181
case_000102,bug_009,loadstore,store_byte_enable_wrong,riscv_machine_mode_rand_test,182,/home/meow/iccad/dataset/raw_runs_first_batch/bug_009/riscv_machine_mode_rand_test/seed_000182
case_000103,bug_009,loadstore,store_byte_enable_wrong,riscv_machine_mode_rand_test,183,/home/meow/iccad/dataset/raw_runs_first_batch/bug_009/riscv_machine_mode_rand_test/seed_000183
case_000104,bug_009,loadstore,store_byte_enable_wrong,riscv_machine_mode_rand_test,184,/home/meow/iccad/dataset/raw_runs_first_batch/bug_009/riscv_machine_mode_rand_test/seed_000184
case_000105,bug_009,loadstore,store_byte_enable_wrong,riscv_machine_mode_rand_test,185,/home/meow/iccad/dataset/raw_runs_first_batch/bug_009/riscv_machine_mode_rand_test/seed_000185
case_000106,bug_009,loadstore,store_byte_enable_wrong,riscv_machine_mode_rand_test,551,/home/meow/iccad/dataset/raw_runs_first_batch/bug_009/riscv_machine_mode_rand_test/seed_000551
case_000107,bug_009,loadstore,store_byte_enable_wrong,riscv_machine_mode_rand_test,552,/home/meow/iccad/dataset/raw_runs_first_batch/bug_009/riscv_machine_mode_rand_test/seed_000552
case_000108,bug_009,loadstore,store_byte_enable_wrong,riscv_machine_mode_rand_test,553,/home/meow/iccad/dataset/raw_runs_first_batch/bug_009/riscv_machine_mode_rand_test/seed_000553
case_000109,bug_009,loadstore,store_byte_enable_wrong,riscv_machine_mode_rand_test,554,/home/meow/iccad/dataset/raw_runs_first_batch/bug_009/riscv_machine_mode_rand_test/seed_000554
case_000110,bug_009,loadstore,store_byte_enable_wrong,riscv_machine_mode_rand_test,555,/home/meow/iccad/dataset/raw_runs_first_batch/bug_009/riscv_machine_mode_rand_test/seed_000555
case_000111,bug_009,loadstore,store_byte_enable_wrong,riscv_machine_mode_rand_test,4051,/home/meow/iccad/dataset/raw_runs_first_batch/bug_009/riscv_machine_mode_rand_test/seed_004051
case_000112,bug_009,loadstore,store_byte_enable_wrong,riscv_machine_mode_rand_test,4052,/home/meow/iccad/dataset/raw_runs_first_batch/bug_009/riscv_machine_mode_rand_test/seed_004052
case_000113,bug_009,loadstore,store_byte_enable_wrong,riscv_machine_mode_rand_test,4053,/home/meow/iccad/dataset/raw_runs_first_batch/bug_009/riscv_machine_mode_rand_test/seed_004053
case_000114,bug_009,loadstore,store_byte_enable_wrong,riscv_machine_mode_rand_test,4054,/home/meow/iccad/dataset/raw_runs_first_batch/bug_009/riscv_machine_mode_rand_test/seed_004054
case_000115,bug_009,loadstore,store_byte_enable_wrong,riscv_machine_mode_rand_test,4055,/home/meow/iccad/dataset/raw_runs_first_batch/bug_009/riscv_machine_mode_rand_test/seed_004055
case_000116,bug_009,loadstore,store_byte_enable_wrong,riscv_rand_instr_test,2051,/home/meow/iccad/dataset/raw_runs_first_batch/bug_009/riscv_rand_instr_test/seed_002051
case_000117,bug_009,loadstore,store_byte_enable_wrong,riscv_rand_instr_test,2052,/home/meow/iccad/dataset/raw_runs_first_batch/bug_009/riscv_rand_instr_test/seed_002052
case_000118,bug_009,loadstore,store_byte_enable_wrong,riscv_rand_instr_test,2053,/home/meow/iccad/dataset/raw_runs_first_batch/bug_009/riscv_rand_instr_test/seed_002053
case_000119,bug_009,loadstore,store_byte_enable_wrong,riscv_rand_instr_test,2054,/home/meow/iccad/dataset/raw_runs_first_batch/bug_009/riscv_rand_instr_test/seed_002054
case_000120,bug_009,loadstore,store_byte_enable_wrong,riscv_rand_instr_test,2055,/home/meow/iccad/dataset/raw_runs_first_batch/bug_009/riscv_rand_instr_test/seed_002055
case_000121,bug_010,csr,csr_op_set_clear_swap,riscv_machine_mode_rand_test,601,/home/meow/iccad/dataset/raw_runs_first_batch/bug_010/riscv_machine_mode_rand_test/seed_000601
case_000122,bug_010,csr,csr_op_set_clear_swap,riscv_machine_mode_rand_test,602,/home/meow/iccad/dataset/raw_runs_first_batch/bug_010/riscv_machine_mode_rand_test/seed_000602
case_000123,bug_010,csr,csr_op_set_clear_swap,riscv_machine_mode_rand_test,603,/home/meow/iccad/dataset/raw_runs_first_batch/bug_010/riscv_machine_mode_rand_test/seed_000603
case_000124,bug_010,csr,csr_op_set_clear_swap,riscv_machine_mode_rand_test,604,/home/meow/iccad/dataset/raw_runs_first_batch/bug_010/riscv_machine_mode_rand_test/seed_000604
case_000125,bug_010,csr,csr_op_set_clear_swap,riscv_machine_mode_rand_test,605,/home/meow/iccad/dataset/raw_runs_first_batch/bug_010/riscv_machine_mode_rand_test/seed_000605
case_000126,bug_010,csr,csr_op_set_clear_swap,riscv_machine_mode_rand_test,606,/home/meow/iccad/dataset/raw_runs_first_batch/bug_010/riscv_machine_mode_rand_test/seed_000606
case_000127,bug_010,csr,csr_op_set_clear_swap,riscv_machine_mode_rand_test,607,/home/meow/iccad/dataset/raw_runs_first_batch/bug_010/riscv_machine_mode_rand_test/seed_000607
case_000128,bug_010,csr,csr_op_set_clear_swap,riscv_machine_mode_rand_test,608,/home/meow/iccad/dataset/raw_runs_first_batch/bug_010/riscv_machine_mode_rand_test/seed_000608
case_000129,bug_010,csr,csr_op_set_clear_swap,riscv_machine_mode_rand_test,609,/home/meow/iccad/dataset/raw_runs_first_batch/bug_010/riscv_machine_mode_rand_test/seed_000609
case_000130,bug_010,csr,csr_op_set_clear_swap,riscv_machine_mode_rand_test,610,/home/meow/iccad/dataset/raw_runs_first_batch/bug_010/riscv_machine_mode_rand_test/seed_000610
case_000131,bug_010,csr,csr_op_set_clear_swap,riscv_machine_mode_rand_test,4061,/home/meow/iccad/dataset/raw_runs_first_batch/bug_010/riscv_machine_mode_rand_test/seed_004061
case_000132,bug_010,csr,csr_op_set_clear_swap,riscv_machine_mode_rand_test,4062,/home/meow/iccad/dataset/raw_runs_first_batch/bug_010/riscv_machine_mode_rand_test/seed_004062
case_000133,bug_010,csr,csr_op_set_clear_swap,riscv_machine_mode_rand_test,4063,/home/meow/iccad/dataset/raw_runs_first_batch/bug_010/riscv_machine_mode_rand_test/seed_004063
case_000134,bug_010,csr,csr_op_set_clear_swap,riscv_machine_mode_rand_test,4064,/home/meow/iccad/dataset/raw_runs_first_batch/bug_010/riscv_machine_mode_rand_test/seed_004064
case_000135,bug_010,csr,csr_op_set_clear_swap,riscv_machine_mode_rand_test,4065,/home/meow/iccad/dataset/raw_runs_first_batch/bug_010/riscv_machine_mode_rand_test/seed_004065
case_000136,bug_010,csr,csr_op_set_clear_swap,riscv_rand_instr_test,2061,/home/meow/iccad/dataset/raw_runs_first_batch/bug_010/riscv_rand_instr_test/seed_002061
case_000137,bug_010,csr,csr_op_set_clear_swap,riscv_rand_instr_test,2062,/home/meow/iccad/dataset/raw_runs_first_batch/bug_010/riscv_rand_instr_test/seed_002062
case_000138,bug_010,csr,csr_op_set_clear_swap,riscv_rand_instr_test,2063,/home/meow/iccad/dataset/raw_runs_first_batch/bug_010/riscv_rand_instr_test/seed_002063
case_000139,bug_010,csr,csr_op_set_clear_swap,riscv_rand_instr_test,2064,/home/meow/iccad/dataset/raw_runs_first_batch/bug_010/riscv_rand_instr_test/seed_002064
case_000140,bug_010,csr,csr_op_set_clear_swap,riscv_rand_instr_test,2065,/home/meow/iccad/dataset/raw_runs_first_batch/bug_010/riscv_rand_instr_test/seed_002065
case_000141,bug_011,exception,illegal_instr_trap_missing,riscv_machine_mode_rand_test,701,/home/meow/iccad/dataset/raw_runs_first_batch/bug_011/riscv_machine_mode_rand_test/seed_000701
case_000142,bug_011,exception,illegal_instr_trap_missing,riscv_machine_mode_rand_test,702,/home/meow/iccad/dataset/raw_runs_first_batch/bug_011/riscv_machine_mode_rand_test/seed_000702
case_000143,bug_011,exception,illegal_instr_trap_missing,riscv_machine_mode_rand_test,703,/home/meow/iccad/dataset/raw_runs_first_batch/bug_011/riscv_machine_mode_rand_test/seed_000703
case_000144,bug_011,exception,illegal_instr_trap_missing,riscv_machine_mode_rand_test,704,/home/meow/iccad/dataset/raw_runs_first_batch/bug_011/riscv_machine_mode_rand_test/seed_000704
case_000145,bug_011,exception,illegal_instr_trap_missing,riscv_machine_mode_rand_test,705,/home/meow/iccad/dataset/raw_runs_first_batch/bug_011/riscv_machine_mode_rand_test/seed_000705
case_000146,bug_011,exception,illegal_instr_trap_missing,riscv_machine_mode_rand_test,706,/home/meow/iccad/dataset/raw_runs_first_batch/bug_011/riscv_machine_mode_rand_test/seed_000706
case_000147,bug_011,exception,illegal_instr_trap_missing,riscv_machine_mode_rand_test,707,/home/meow/iccad/dataset/raw_runs_first_batch/bug_011/riscv_machine_mode_rand_test/seed_000707
case_000148,bug_011,exception,illegal_instr_trap_missing,riscv_machine_mode_rand_test,708,/home/meow/iccad/dataset/raw_runs_first_batch/bug_011/riscv_machine_mode_rand_test/seed_000708
case_000149,bug_011,exception,illegal_instr_trap_missing,riscv_machine_mode_rand_test,709,/home/meow/iccad/dataset/raw_runs_first_batch/bug_011/riscv_machine_mode_rand_test/seed_000709
case_000150,bug_011,exception,illegal_instr_trap_missing,riscv_machine_mode_rand_test,710,/home/meow/iccad/dataset/raw_runs_first_batch/bug_011/riscv_machine_mode_rand_test/seed_000710
case_000151,bug_011,exception,illegal_instr_trap_missing,riscv_machine_mode_rand_test,4071,/home/meow/iccad/dataset/raw_runs_first_batch/bug_011/riscv_machine_mode_rand_test/seed_004071
case_000152,bug_011,exception,illegal_instr_trap_missing,riscv_machine_mode_rand_test,4072,/home/meow/iccad/dataset/raw_runs_first_batch/bug_011/riscv_machine_mode_rand_test/seed_004072
case_000153,bug_011,exception,illegal_instr_trap_missing,riscv_machine_mode_rand_test,4073,/home/meow/iccad/dataset/raw_runs_first_batch/bug_011/riscv_machine_mode_rand_test/seed_004073
case_000154,bug_011,exception,illegal_instr_trap_missing,riscv_machine_mode_rand_test,4074,/home/meow/iccad/dataset/raw_runs_first_batch/bug_011/riscv_machine_mode_rand_test/seed_004074
case_000155,bug_011,exception,illegal_instr_trap_missing,riscv_machine_mode_rand_test,4075,/home/meow/iccad/dataset/raw_runs_first_batch/bug_011/riscv_machine_mode_rand_test/seed_004075
case_000156,bug_011,exception,illegal_instr_trap_missing,riscv_rand_instr_test,2071,/home/meow/iccad/dataset/raw_runs_first_batch/bug_011/riscv_rand_instr_test/seed_002071
case_000157,bug_011,exception,illegal_instr_trap_missing,riscv_rand_instr_test,2072,/home/meow/iccad/dataset/raw_runs_first_batch/bug_011/riscv_rand_instr_test/seed_002072
case_000158,bug_011,exception,illegal_instr_trap_missing,riscv_rand_instr_test,2073,/home/meow/iccad/dataset/raw_runs_first_batch/bug_011/riscv_rand_instr_test/seed_002073
case_000159,bug_011,exception,illegal_instr_trap_missing,riscv_rand_instr_test,2074,/home/meow/iccad/dataset/raw_runs_first_batch/bug_011/riscv_rand_instr_test/seed_002074
case_000160,bug_011,exception,illegal_instr_trap_missing,riscv_rand_instr_test,2075,/home/meow/iccad/dataset/raw_runs_first_batch/bug_011/riscv_rand_instr_test/seed_002075
case_000161,bug_012,pipeline,forwarding_data_wrong,riscv_machine_mode_rand_test,801,/home/meow/iccad/dataset/raw_runs_first_batch/bug_012/riscv_machine_mode_rand_test/seed_000801
case_000162,bug_012,pipeline,forwarding_data_wrong,riscv_machine_mode_rand_test,802,/home/meow/iccad/dataset/raw_runs_first_batch/bug_012/riscv_machine_mode_rand_test/seed_000802
case_000163,bug_012,pipeline,forwarding_data_wrong,riscv_machine_mode_rand_test,803,/home/meow/iccad/dataset/raw_runs_first_batch/bug_012/riscv_machine_mode_rand_test/seed_000803
case_000164,bug_012,pipeline,forwarding_data_wrong,riscv_machine_mode_rand_test,804,/home/meow/iccad/dataset/raw_runs_first_batch/bug_012/riscv_machine_mode_rand_test/seed_000804
case_000165,bug_012,pipeline,forwarding_data_wrong,riscv_machine_mode_rand_test,805,/home/meow/iccad/dataset/raw_runs_first_batch/bug_012/riscv_machine_mode_rand_test/seed_000805
case_000166,bug_012,pipeline,forwarding_data_wrong,riscv_machine_mode_rand_test,806,/home/meow/iccad/dataset/raw_runs_first_batch/bug_012/riscv_machine_mode_rand_test/seed_000806
case_000167,bug_012,pipeline,forwarding_data_wrong,riscv_machine_mode_rand_test,807,/home/meow/iccad/dataset/raw_runs_first_batch/bug_012/riscv_machine_mode_rand_test/seed_000807
case_000168,bug_012,pipeline,forwarding_data_wrong,riscv_machine_mode_rand_test,808,/home/meow/iccad/dataset/raw_runs_first_batch/bug_012/riscv_machine_mode_rand_test/seed_000808
case_000169,bug_012,pipeline,forwarding_data_wrong,riscv_machine_mode_rand_test,809,/home/meow/iccad/dataset/raw_runs_first_batch/bug_012/riscv_machine_mode_rand_test/seed_000809
case_000170,bug_012,pipeline,forwarding_data_wrong,riscv_machine_mode_rand_test,810,/home/meow/iccad/dataset/raw_runs_first_batch/bug_012/riscv_machine_mode_rand_test/seed_000810
case_000171,bug_012,pipeline,forwarding_data_wrong,riscv_machine_mode_rand_test,4081,/home/meow/iccad/dataset/raw_runs_first_batch/bug_012/riscv_machine_mode_rand_test/seed_004081
case_000172,bug_012,pipeline,forwarding_data_wrong,riscv_machine_mode_rand_test,4082,/home/meow/iccad/dataset/raw_runs_first_batch/bug_012/riscv_machine_mode_rand_test/seed_004082
case_000173,bug_012,pipeline,forwarding_data_wrong,riscv_machine_mode_rand_test,4083,/home/meow/iccad/dataset/raw_runs_first_batch/bug_012/riscv_machine_mode_rand_test/seed_004083
case_000174,bug_012,pipeline,forwarding_data_wrong,riscv_machine_mode_rand_test,4084,/home/meow/iccad/dataset/raw_runs_first_batch/bug_012/riscv_machine_mode_rand_test/seed_004084
case_000175,bug_012,pipeline,forwarding_data_wrong,riscv_machine_mode_rand_test,4085,/home/meow/iccad/dataset/raw_runs_first_batch/bug_012/riscv_machine_mode_rand_test/seed_004085
case_000176,bug_012,pipeline,forwarding_data_wrong,riscv_rand_instr_test,2081,/home/meow/iccad/dataset/raw_runs_first_batch/bug_012/riscv_rand_instr_test/seed_002081
case_000177,bug_012,pipeline,forwarding_data_wrong,riscv_rand_instr_test,2082,/home/meow/iccad/dataset/raw_runs_first_batch/bug_012/riscv_rand_instr_test/seed_002082
case_000178,bug_012,pipeline,forwarding_data_wrong,riscv_rand_instr_test,2083,/home/meow/iccad/dataset/raw_runs_first_batch/bug_012/riscv_rand_instr_test/seed_002083
case_000179,bug_012,pipeline,forwarding_data_wrong,riscv_rand_instr_test,2084,/home/meow/iccad/dataset/raw_runs_first_batch/bug_012/riscv_rand_instr_test/seed_002084
case_000180,bug_012,pipeline,forwarding_data_wrong,riscv_rand_instr_test,2085,/home/meow/iccad/dataset/raw_runs_first_batch/bug_012/riscv_rand_instr_test/seed_002085
case_000181,bug_013,jump,jalr_target_base_wrong,riscv_machine_mode_rand_test,811,/home/meow/iccad/dataset/raw_runs_first_batch/bug_013/riscv_machine_mode_rand_test/seed_000811
case_000182,bug_013,jump,jalr_target_base_wrong,riscv_machine_mode_rand_test,812,/home/meow/iccad/dataset/raw_runs_first_batch/bug_013/riscv_machine_mode_rand_test/seed_000812
case_000183,bug_013,jump,jalr_target_base_wrong,riscv_machine_mode_rand_test,813,/home/meow/iccad/dataset/raw_runs_first_batch/bug_013/riscv_machine_mode_rand_test/seed_000813
case_000184,bug_013,jump,jalr_target_base_wrong,riscv_machine_mode_rand_test,814,/home/meow/iccad/dataset/raw_runs_first_batch/bug_013/riscv_machine_mode_rand_test/seed_000814
case_000185,bug_013,jump,jalr_target_base_wrong,riscv_machine_mode_rand_test,815,/home/meow/iccad/dataset/raw_runs_first_batch/bug_013/riscv_machine_mode_rand_test/seed_000815
case_000186,bug_013,jump,jalr_target_base_wrong,riscv_machine_mode_rand_test,816,/home/meow/iccad/dataset/raw_runs_first_batch/bug_013/riscv_machine_mode_rand_test/seed_000816
case_000187,bug_013,jump,jalr_target_base_wrong,riscv_machine_mode_rand_test,817,/home/meow/iccad/dataset/raw_runs_first_batch/bug_013/riscv_machine_mode_rand_test/seed_000817
case_000188,bug_013,jump,jalr_target_base_wrong,riscv_machine_mode_rand_test,818,/home/meow/iccad/dataset/raw_runs_first_batch/bug_013/riscv_machine_mode_rand_test/seed_000818
case_000189,bug_013,jump,jalr_target_base_wrong,riscv_machine_mode_rand_test,819,/home/meow/iccad/dataset/raw_runs_first_batch/bug_013/riscv_machine_mode_rand_test/seed_000819
case_000190,bug_013,jump,jalr_target_base_wrong,riscv_machine_mode_rand_test,820,/home/meow/iccad/dataset/raw_runs_first_batch/bug_013/riscv_machine_mode_rand_test/seed_000820
case_000191,bug_013,jump,jalr_target_base_wrong,riscv_machine_mode_rand_test,4091,/home/meow/iccad/dataset/raw_runs_first_batch/bug_013/riscv_machine_mode_rand_test/seed_004091
case_000192,bug_013,jump,jalr_target_base_wrong,riscv_machine_mode_rand_test,4092,/home/meow/iccad/dataset/raw_runs_first_batch/bug_013/riscv_machine_mode_rand_test/seed_004092
case_000193,bug_013,jump,jalr_target_base_wrong,riscv_machine_mode_rand_test,4093,/home/meow/iccad/dataset/raw_runs_first_batch/bug_013/riscv_machine_mode_rand_test/seed_004093
case_000194,bug_013,jump,jalr_target_base_wrong,riscv_machine_mode_rand_test,4094,/home/meow/iccad/dataset/raw_runs_first_batch/bug_013/riscv_machine_mode_rand_test/seed_004094
case_000195,bug_013,jump,jalr_target_base_wrong,riscv_machine_mode_rand_test,4095,/home/meow/iccad/dataset/raw_runs_first_batch/bug_013/riscv_machine_mode_rand_test/seed_004095
case_000196,bug_013,jump,jalr_target_base_wrong,riscv_rand_instr_test,2091,/home/meow/iccad/dataset/raw_runs_first_batch/bug_013/riscv_rand_instr_test/seed_002091
case_000197,bug_013,jump,jalr_target_base_wrong,riscv_rand_instr_test,2092,/home/meow/iccad/dataset/raw_runs_first_batch/bug_013/riscv_rand_instr_test/seed_002092
case_000198,bug_013,jump,jalr_target_base_wrong,riscv_rand_instr_test,2093,/home/meow/iccad/dataset/raw_runs_first_batch/bug_013/riscv_rand_instr_test/seed_002093
case_000199,bug_013,jump,jalr_target_base_wrong,riscv_rand_instr_test,2094,/home/meow/iccad/dataset/raw_runs_first_batch/bug_013/riscv_rand_instr_test/seed_002094
case_000200,bug_013,jump,jalr_target_base_wrong,riscv_rand_instr_test,2095,/home/meow/iccad/dataset/raw_runs_first_batch/bug_013/riscv_rand_instr_test/seed_002095
case_000201,bug_014,decode,opimm_operand_b_mux_wrong,riscv_machine_mode_rand_test,821,/home/meow/iccad/dataset/raw_runs_first_batch/bug_014/riscv_machine_mode_rand_test/seed_000821
case_000202,bug_014,decode,opimm_operand_b_mux_wrong,riscv_machine_mode_rand_test,822,/home/meow/iccad/dataset/raw_runs_first_batch/bug_014/riscv_machine_mode_rand_test/seed_000822
case_000203,bug_014,decode,opimm_operand_b_mux_wrong,riscv_machine_mode_rand_test,823,/home/meow/iccad/dataset/raw_runs_first_batch/bug_014/riscv_machine_mode_rand_test/seed_000823
case_000204,bug_014,decode,opimm_operand_b_mux_wrong,riscv_machine_mode_rand_test,824,/home/meow/iccad/dataset/raw_runs_first_batch/bug_014/riscv_machine_mode_rand_test/seed_000824
case_000205,bug_014,decode,opimm_operand_b_mux_wrong,riscv_machine_mode_rand_test,825,/home/meow/iccad/dataset/raw_runs_first_batch/bug_014/riscv_machine_mode_rand_test/seed_000825
case_000206,bug_014,decode,opimm_operand_b_mux_wrong,riscv_machine_mode_rand_test,826,/home/meow/iccad/dataset/raw_runs_first_batch/bug_014/riscv_machine_mode_rand_test/seed_000826
case_000207,bug_014,decode,opimm_operand_b_mux_wrong,riscv_machine_mode_rand_test,827,/home/meow/iccad/dataset/raw_runs_first_batch/bug_014/riscv_machine_mode_rand_test/seed_000827
case_000208,bug_014,decode,opimm_operand_b_mux_wrong,riscv_machine_mode_rand_test,828,/home/meow/iccad/dataset/raw_runs_first_batch/bug_014/riscv_machine_mode_rand_test/seed_000828
case_000209,bug_014,decode,opimm_operand_b_mux_wrong,riscv_machine_mode_rand_test,829,/home/meow/iccad/dataset/raw_runs_first_batch/bug_014/riscv_machine_mode_rand_test/seed_000829
case_000210,bug_014,decode,opimm_operand_b_mux_wrong,riscv_machine_mode_rand_test,830,/home/meow/iccad/dataset/raw_runs_first_batch/bug_014/riscv_machine_mode_rand_test/seed_000830
case_000211,bug_014,decode,opimm_operand_b_mux_wrong,riscv_machine_mode_rand_test,4101,/home/meow/iccad/dataset/raw_runs_first_batch/bug_014/riscv_machine_mode_rand_test/seed_004101
case_000212,bug_014,decode,opimm_operand_b_mux_wrong,riscv_machine_mode_rand_test,4102,/home/meow/iccad/dataset/raw_runs_first_batch/bug_014/riscv_machine_mode_rand_test/seed_004102
case_000213,bug_014,decode,opimm_operand_b_mux_wrong,riscv_machine_mode_rand_test,4103,/home/meow/iccad/dataset/raw_runs_first_batch/bug_014/riscv_machine_mode_rand_test/seed_004103
case_000214,bug_014,decode,opimm_operand_b_mux_wrong,riscv_machine_mode_rand_test,4104,/home/meow/iccad/dataset/raw_runs_first_batch/bug_014/riscv_machine_mode_rand_test/seed_004104
case_000215,bug_014,decode,opimm_operand_b_mux_wrong,riscv_machine_mode_rand_test,4105,/home/meow/iccad/dataset/raw_runs_first_batch/bug_014/riscv_machine_mode_rand_test/seed_004105
case_000216,bug_014,decode,opimm_operand_b_mux_wrong,riscv_rand_instr_test,2101,/home/meow/iccad/dataset/raw_runs_first_batch/bug_014/riscv_rand_instr_test/seed_002101
case_000217,bug_014,decode,opimm_operand_b_mux_wrong,riscv_rand_instr_test,2102,/home/meow/iccad/dataset/raw_runs_first_batch/bug_014/riscv_rand_instr_test/seed_002102
case_000218,bug_014,decode,opimm_operand_b_mux_wrong,riscv_rand_instr_test,2103,/home/meow/iccad/dataset/raw_runs_first_batch/bug_014/riscv_rand_instr_test/seed_002103
case_000219,bug_014,decode,opimm_operand_b_mux_wrong,riscv_rand_instr_test,2104,/home/meow/iccad/dataset/raw_runs_first_batch/bug_014/riscv_rand_instr_test/seed_002104
case_000220,bug_014,decode,opimm_operand_b_mux_wrong,riscv_rand_instr_test,2105,/home/meow/iccad/dataset/raw_runs_first_batch/bug_014/riscv_rand_instr_test/seed_002105
case_000221,bug_015,multdiv,mul_operator_decode_wrong,riscv_machine_mode_rand_test,831,/home/meow/iccad/dataset/raw_runs_first_batch/bug_015/riscv_machine_mode_rand_test/seed_000831
case_000222,bug_015,multdiv,mul_operator_decode_wrong,riscv_machine_mode_rand_test,832,/home/meow/iccad/dataset/raw_runs_first_batch/bug_015/riscv_machine_mode_rand_test/seed_000832
case_000223,bug_015,multdiv,mul_operator_decode_wrong,riscv_machine_mode_rand_test,833,/home/meow/iccad/dataset/raw_runs_first_batch/bug_015/riscv_machine_mode_rand_test/seed_000833
case_000224,bug_015,multdiv,mul_operator_decode_wrong,riscv_machine_mode_rand_test,834,/home/meow/iccad/dataset/raw_runs_first_batch/bug_015/riscv_machine_mode_rand_test/seed_000834
case_000225,bug_015,multdiv,mul_operator_decode_wrong,riscv_machine_mode_rand_test,835,/home/meow/iccad/dataset/raw_runs_first_batch/bug_015/riscv_machine_mode_rand_test/seed_000835
case_000226,bug_015,multdiv,mul_operator_decode_wrong,riscv_machine_mode_rand_test,836,/home/meow/iccad/dataset/raw_runs_first_batch/bug_015/riscv_machine_mode_rand_test/seed_000836
case_000227,bug_015,multdiv,mul_operator_decode_wrong,riscv_machine_mode_rand_test,837,/home/meow/iccad/dataset/raw_runs_first_batch/bug_015/riscv_machine_mode_rand_test/seed_000837
case_000228,bug_015,multdiv,mul_operator_decode_wrong,riscv_machine_mode_rand_test,838,/home/meow/iccad/dataset/raw_runs_first_batch/bug_015/riscv_machine_mode_rand_test/seed_000838
case_000229,bug_015,multdiv,mul_operator_decode_wrong,riscv_machine_mode_rand_test,839,/home/meow/iccad/dataset/raw_runs_first_batch/bug_015/riscv_machine_mode_rand_test/seed_000839
case_000230,bug_015,multdiv,mul_operator_decode_wrong,riscv_machine_mode_rand_test,851,/home/meow/iccad/dataset/raw_runs_first_batch/bug_015/riscv_machine_mode_rand_test/seed_000851
case_000231,bug_015,multdiv,mul_operator_decode_wrong,riscv_machine_mode_rand_test,4111,/home/meow/iccad/dataset/raw_runs_first_batch/bug_015/riscv_machine_mode_rand_test/seed_004111
case_000232,bug_015,multdiv,mul_operator_decode_wrong,riscv_machine_mode_rand_test,4112,/home/meow/iccad/dataset/raw_runs_first_batch/bug_015/riscv_machine_mode_rand_test/seed_004112
case_000233,bug_015,multdiv,mul_operator_decode_wrong,riscv_machine_mode_rand_test,4113,/home/meow/iccad/dataset/raw_runs_first_batch/bug_015/riscv_machine_mode_rand_test/seed_004113
case_000234,bug_015,multdiv,mul_operator_decode_wrong,riscv_machine_mode_rand_test,4114,/home/meow/iccad/dataset/raw_runs_first_batch/bug_015/riscv_machine_mode_rand_test/seed_004114
case_000235,bug_015,multdiv,mul_operator_decode_wrong,riscv_machine_mode_rand_test,4115,/home/meow/iccad/dataset/raw_runs_first_batch/bug_015/riscv_machine_mode_rand_test/seed_004115
case_000236,bug_015,multdiv,mul_operator_decode_wrong,riscv_rand_instr_test,2111,/home/meow/iccad/dataset/raw_runs_first_batch/bug_015/riscv_rand_instr_test/seed_002111
case_000237,bug_015,multdiv,mul_operator_decode_wrong,riscv_rand_instr_test,2112,/home/meow/iccad/dataset/raw_runs_first_batch/bug_015/riscv_rand_instr_test/seed_002112
case_000238,bug_015,multdiv,mul_operator_decode_wrong,riscv_rand_instr_test,2113,/home/meow/iccad/dataset/raw_runs_first_batch/bug_015/riscv_rand_instr_test/seed_002113
case_000239,bug_015,multdiv,mul_operator_decode_wrong,riscv_rand_instr_test,2114,/home/meow/iccad/dataset/raw_runs_first_batch/bug_015/riscv_rand_instr_test/seed_002114
case_000240,bug_015,multdiv,mul_operator_decode_wrong,riscv_rand_instr_test,2115,/home/meow/iccad/dataset/raw_runs_first_batch/bug_015/riscv_rand_instr_test/seed_002115
case_000241,bug_016,branch,branch_target_wrong,riscv_machine_mode_rand_test,861,/home/meow/iccad/dataset/raw_runs_first_batch/bug_016/riscv_machine_mode_rand_test/seed_000861
case_000242,bug_016,branch,branch_target_wrong,riscv_machine_mode_rand_test,862,/home/meow/iccad/dataset/raw_runs_first_batch/bug_016/riscv_machine_mode_rand_test/seed_000862
case_000243,bug_016,branch,branch_target_wrong,riscv_machine_mode_rand_test,863,/home/meow/iccad/dataset/raw_runs_first_batch/bug_016/riscv_machine_mode_rand_test/seed_000863
case_000244,bug_016,branch,branch_target_wrong,riscv_machine_mode_rand_test,864,/home/meow/iccad/dataset/raw_runs_first_batch/bug_016/riscv_machine_mode_rand_test/seed_000864
case_000245,bug_016,branch,branch_target_wrong,riscv_machine_mode_rand_test,865,/home/meow/iccad/dataset/raw_runs_first_batch/bug_016/riscv_machine_mode_rand_test/seed_000865
case_000246,bug_016,branch,branch_target_wrong,riscv_machine_mode_rand_test,866,/home/meow/iccad/dataset/raw_runs_first_batch/bug_016/riscv_machine_mode_rand_test/seed_000866
case_000247,bug_016,branch,branch_target_wrong,riscv_machine_mode_rand_test,867,/home/meow/iccad/dataset/raw_runs_first_batch/bug_016/riscv_machine_mode_rand_test/seed_000867
case_000248,bug_016,branch,branch_target_wrong,riscv_machine_mode_rand_test,868,/home/meow/iccad/dataset/raw_runs_first_batch/bug_016/riscv_machine_mode_rand_test/seed_000868
case_000249,bug_016,branch,branch_target_wrong,riscv_machine_mode_rand_test,869,/home/meow/iccad/dataset/raw_runs_first_batch/bug_016/riscv_machine_mode_rand_test/seed_000869
case_000250,bug_016,branch,branch_target_wrong,riscv_machine_mode_rand_test,870,/home/meow/iccad/dataset/raw_runs_first_batch/bug_016/riscv_machine_mode_rand_test/seed_000870
case_000251,bug_016,branch,branch_target_wrong,riscv_machine_mode_rand_test,4121,/home/meow/iccad/dataset/raw_runs_first_batch/bug_016/riscv_machine_mode_rand_test/seed_004121
case_000252,bug_016,branch,branch_target_wrong,riscv_machine_mode_rand_test,4122,/home/meow/iccad/dataset/raw_runs_first_batch/bug_016/riscv_machine_mode_rand_test/seed_004122
case_000253,bug_016,branch,branch_target_wrong,riscv_machine_mode_rand_test,4123,/home/meow/iccad/dataset/raw_runs_first_batch/bug_016/riscv_machine_mode_rand_test/seed_004123
case_000254,bug_016,branch,branch_target_wrong,riscv_machine_mode_rand_test,4124,/home/meow/iccad/dataset/raw_runs_first_batch/bug_016/riscv_machine_mode_rand_test/seed_004124
case_000255,bug_016,branch,branch_target_wrong,riscv_machine_mode_rand_test,4125,/home/meow/iccad/dataset/raw_runs_first_batch/bug_016/riscv_machine_mode_rand_test/seed_004125
case_000256,bug_016,branch,branch_target_wrong,riscv_rand_instr_test,2011,/home/meow/iccad/dataset/raw_runs_first_batch/bug_016/riscv_rand_instr_test/seed_002011
case_000257,bug_016,branch,branch_target_wrong,riscv_rand_instr_test,2012,/home/meow/iccad/dataset/raw_runs_first_batch/bug_016/riscv_rand_instr_test/seed_002012
case_000258,bug_016,branch,branch_target_wrong,riscv_rand_instr_test,2013,/home/meow/iccad/dataset/raw_runs_first_batch/bug_016/riscv_rand_instr_test/seed_002013
case_000259,bug_016,branch,branch_target_wrong,riscv_rand_instr_test,2014,/home/meow/iccad/dataset/raw_runs_first_batch/bug_016/riscv_rand_instr_test/seed_002014
case_000260,bug_016,branch,branch_target_wrong,riscv_rand_instr_test,2015,/home/meow/iccad/dataset/raw_runs_first_batch/bug_016/riscv_rand_instr_test/seed_002015
case_000261,bug_017,loadstore,load_byte_lane_wrong,riscv_machine_mode_rand_test,871,/home/meow/iccad/dataset/raw_runs_first_batch/bug_017/riscv_machine_mode_rand_test/seed_000871
case_000262,bug_017,loadstore,load_byte_lane_wrong,riscv_machine_mode_rand_test,872,/home/meow/iccad/dataset/raw_runs_first_batch/bug_017/riscv_machine_mode_rand_test/seed_000872
case_000263,bug_017,loadstore,load_byte_lane_wrong,riscv_machine_mode_rand_test,873,/home/meow/iccad/dataset/raw_runs_first_batch/bug_017/riscv_machine_mode_rand_test/seed_000873
case_000264,bug_017,loadstore,load_byte_lane_wrong,riscv_machine_mode_rand_test,874,/home/meow/iccad/dataset/raw_runs_first_batch/bug_017/riscv_machine_mode_rand_test/seed_000874
case_000265,bug_017,loadstore,load_byte_lane_wrong,riscv_machine_mode_rand_test,875,/home/meow/iccad/dataset/raw_runs_first_batch/bug_017/riscv_machine_mode_rand_test/seed_000875
case_000266,bug_017,loadstore,load_byte_lane_wrong,riscv_machine_mode_rand_test,876,/home/meow/iccad/dataset/raw_runs_first_batch/bug_017/riscv_machine_mode_rand_test/seed_000876
case_000267,bug_017,loadstore,load_byte_lane_wrong,riscv_machine_mode_rand_test,877,/home/meow/iccad/dataset/raw_runs_first_batch/bug_017/riscv_machine_mode_rand_test/seed_000877
case_000268,bug_017,loadstore,load_byte_lane_wrong,riscv_machine_mode_rand_test,878,/home/meow/iccad/dataset/raw_runs_first_batch/bug_017/riscv_machine_mode_rand_test/seed_000878
case_000269,bug_017,loadstore,load_byte_lane_wrong,riscv_machine_mode_rand_test,879,/home/meow/iccad/dataset/raw_runs_first_batch/bug_017/riscv_machine_mode_rand_test/seed_000879
case_000270,bug_017,loadstore,load_byte_lane_wrong,riscv_machine_mode_rand_test,880,/home/meow/iccad/dataset/raw_runs_first_batch/bug_017/riscv_machine_mode_rand_test/seed_000880
case_000271,bug_017,loadstore,load_byte_lane_wrong,riscv_machine_mode_rand_test,4131,/home/meow/iccad/dataset/raw_runs_first_batch/bug_017/riscv_machine_mode_rand_test/seed_004131
case_000272,bug_017,loadstore,load_byte_lane_wrong,riscv_machine_mode_rand_test,4132,/home/meow/iccad/dataset/raw_runs_first_batch/bug_017/riscv_machine_mode_rand_test/seed_004132
case_000273,bug_017,loadstore,load_byte_lane_wrong,riscv_machine_mode_rand_test,4133,/home/meow/iccad/dataset/raw_runs_first_batch/bug_017/riscv_machine_mode_rand_test/seed_004133
case_000274,bug_017,loadstore,load_byte_lane_wrong,riscv_machine_mode_rand_test,4134,/home/meow/iccad/dataset/raw_runs_first_batch/bug_017/riscv_machine_mode_rand_test/seed_004134
case_000275,bug_017,loadstore,load_byte_lane_wrong,riscv_machine_mode_rand_test,4135,/home/meow/iccad/dataset/raw_runs_first_batch/bug_017/riscv_machine_mode_rand_test/seed_004135
case_000276,bug_017,loadstore,load_byte_lane_wrong,riscv_rand_instr_test,2021,/home/meow/iccad/dataset/raw_runs_first_batch/bug_017/riscv_rand_instr_test/seed_002021
case_000277,bug_017,loadstore,load_byte_lane_wrong,riscv_rand_instr_test,2022,/home/meow/iccad/dataset/raw_runs_first_batch/bug_017/riscv_rand_instr_test/seed_002022
case_000278,bug_017,loadstore,load_byte_lane_wrong,riscv_rand_instr_test,2023,/home/meow/iccad/dataset/raw_runs_first_batch/bug_017/riscv_rand_instr_test/seed_002023
case_000279,bug_017,loadstore,load_byte_lane_wrong,riscv_rand_instr_test,2024,/home/meow/iccad/dataset/raw_runs_first_batch/bug_017/riscv_rand_instr_test/seed_002024
case_000280,bug_017,loadstore,load_byte_lane_wrong,riscv_rand_instr_test,2025,/home/meow/iccad/dataset/raw_runs_first_batch/bug_017/riscv_rand_instr_test/seed_002025
case_000281,bug_018,csr,mtvec_alignment_wrong,riscv_machine_mode_rand_test,881,/home/meow/iccad/dataset/raw_runs_first_batch/bug_018/riscv_machine_mode_rand_test/seed_000881
case_000282,bug_018,csr,mtvec_alignment_wrong,riscv_machine_mode_rand_test,882,/home/meow/iccad/dataset/raw_runs_first_batch/bug_018/riscv_machine_mode_rand_test/seed_000882
case_000283,bug_018,csr,mtvec_alignment_wrong,riscv_machine_mode_rand_test,883,/home/meow/iccad/dataset/raw_runs_first_batch/bug_018/riscv_machine_mode_rand_test/seed_000883
case_000284,bug_018,csr,mtvec_alignment_wrong,riscv_machine_mode_rand_test,884,/home/meow/iccad/dataset/raw_runs_first_batch/bug_018/riscv_machine_mode_rand_test/seed_000884
case_000285,bug_018,csr,mtvec_alignment_wrong,riscv_machine_mode_rand_test,885,/home/meow/iccad/dataset/raw_runs_first_batch/bug_018/riscv_machine_mode_rand_test/seed_000885
case_000286,bug_018,csr,mtvec_alignment_wrong,riscv_machine_mode_rand_test,886,/home/meow/iccad/dataset/raw_runs_first_batch/bug_018/riscv_machine_mode_rand_test/seed_000886
case_000287,bug_018,csr,mtvec_alignment_wrong,riscv_machine_mode_rand_test,887,/home/meow/iccad/dataset/raw_runs_first_batch/bug_018/riscv_machine_mode_rand_test/seed_000887
case_000288,bug_018,csr,mtvec_alignment_wrong,riscv_machine_mode_rand_test,888,/home/meow/iccad/dataset/raw_runs_first_batch/bug_018/riscv_machine_mode_rand_test/seed_000888
case_000289,bug_018,csr,mtvec_alignment_wrong,riscv_machine_mode_rand_test,889,/home/meow/iccad/dataset/raw_runs_first_batch/bug_018/riscv_machine_mode_rand_test/seed_000889
case_000290,bug_018,csr,mtvec_alignment_wrong,riscv_machine_mode_rand_test,890,/home/meow/iccad/dataset/raw_runs_first_batch/bug_018/riscv_machine_mode_rand_test/seed_000890
case_000291,bug_018,csr,mtvec_alignment_wrong,riscv_machine_mode_rand_test,4141,/home/meow/iccad/dataset/raw_runs_first_batch/bug_018/riscv_machine_mode_rand_test/seed_004141
case_000292,bug_018,csr,mtvec_alignment_wrong,riscv_machine_mode_rand_test,4142,/home/meow/iccad/dataset/raw_runs_first_batch/bug_018/riscv_machine_mode_rand_test/seed_004142
case_000293,bug_018,csr,mtvec_alignment_wrong,riscv_machine_mode_rand_test,4143,/home/meow/iccad/dataset/raw_runs_first_batch/bug_018/riscv_machine_mode_rand_test/seed_004143
case_000294,bug_018,csr,mtvec_alignment_wrong,riscv_machine_mode_rand_test,4144,/home/meow/iccad/dataset/raw_runs_first_batch/bug_018/riscv_machine_mode_rand_test/seed_004144
case_000295,bug_018,csr,mtvec_alignment_wrong,riscv_machine_mode_rand_test,4145,/home/meow/iccad/dataset/raw_runs_first_batch/bug_018/riscv_machine_mode_rand_test/seed_004145
case_000296,bug_018,csr,mtvec_alignment_wrong,riscv_rand_instr_test,2141,/home/meow/iccad/dataset/raw_runs_first_batch/bug_018/riscv_rand_instr_test/seed_002141
case_000297,bug_018,csr,mtvec_alignment_wrong,riscv_rand_instr_test,2142,/home/meow/iccad/dataset/raw_runs_first_batch/bug_018/riscv_rand_instr_test/seed_002142
case_000298,bug_018,csr,mtvec_alignment_wrong,riscv_rand_instr_test,2143,/home/meow/iccad/dataset/raw_runs_first_batch/bug_018/riscv_rand_instr_test/seed_002143
case_000299,bug_018,csr,mtvec_alignment_wrong,riscv_rand_instr_test,2144,/home/meow/iccad/dataset/raw_runs_first_batch/bug_018/riscv_rand_instr_test/seed_002144
case_000300,bug_018,csr,mtvec_alignment_wrong,riscv_rand_instr_test,2145,/home/meow/iccad/dataset/raw_runs_first_batch/bug_018/riscv_rand_instr_test/seed_002145
case_000301,bug_019,system,ebreak_decode_wrong,riscv_machine_mode_rand_test,891,/home/meow/iccad/dataset/raw_runs_first_batch/bug_019/riscv_machine_mode_rand_test/seed_000891
case_000302,bug_019,system,ebreak_decode_wrong,riscv_machine_mode_rand_test,892,/home/meow/iccad/dataset/raw_runs_first_batch/bug_019/riscv_machine_mode_rand_test/seed_000892
case_000303,bug_019,system,ebreak_decode_wrong,riscv_machine_mode_rand_test,893,/home/meow/iccad/dataset/raw_runs_first_batch/bug_019/riscv_machine_mode_rand_test/seed_000893
case_000304,bug_019,system,ebreak_decode_wrong,riscv_machine_mode_rand_test,894,/home/meow/iccad/dataset/raw_runs_first_batch/bug_019/riscv_machine_mode_rand_test/seed_000894
case_000305,bug_019,system,ebreak_decode_wrong,riscv_machine_mode_rand_test,895,/home/meow/iccad/dataset/raw_runs_first_batch/bug_019/riscv_machine_mode_rand_test/seed_000895
case_000306,bug_019,system,ebreak_decode_wrong,riscv_machine_mode_rand_test,896,/home/meow/iccad/dataset/raw_runs_first_batch/bug_019/riscv_machine_mode_rand_test/seed_000896
case_000307,bug_019,system,ebreak_decode_wrong,riscv_machine_mode_rand_test,897,/home/meow/iccad/dataset/raw_runs_first_batch/bug_019/riscv_machine_mode_rand_test/seed_000897
case_000308,bug_019,system,ebreak_decode_wrong,riscv_machine_mode_rand_test,898,/home/meow/iccad/dataset/raw_runs_first_batch/bug_019/riscv_machine_mode_rand_test/seed_000898
case_000309,bug_019,system,ebreak_decode_wrong,riscv_machine_mode_rand_test,899,/home/meow/iccad/dataset/raw_runs_first_batch/bug_019/riscv_machine_mode_rand_test/seed_000899
case_000310,bug_019,system,ebreak_decode_wrong,riscv_machine_mode_rand_test,900,/home/meow/iccad/dataset/raw_runs_first_batch/bug_019/riscv_machine_mode_rand_test/seed_000900
case_000311,bug_019,system,ebreak_decode_wrong,riscv_machine_mode_rand_test,4151,/home/meow/iccad/dataset/raw_runs_first_batch/bug_019/riscv_machine_mode_rand_test/seed_004151
case_000312,bug_019,system,ebreak_decode_wrong,riscv_machine_mode_rand_test,4152,/home/meow/iccad/dataset/raw_runs_first_batch/bug_019/riscv_machine_mode_rand_test/seed_004152
case_000313,bug_019,system,ebreak_decode_wrong,riscv_machine_mode_rand_test,4153,/home/meow/iccad/dataset/raw_runs_first_batch/bug_019/riscv_machine_mode_rand_test/seed_004153
case_000314,bug_019,system,ebreak_decode_wrong,riscv_machine_mode_rand_test,4154,/home/meow/iccad/dataset/raw_runs_first_batch/bug_019/riscv_machine_mode_rand_test/seed_004154
case_000315,bug_019,system,ebreak_decode_wrong,riscv_machine_mode_rand_test,4155,/home/meow/iccad/dataset/raw_runs_first_batch/bug_019/riscv_machine_mode_rand_test/seed_004155
case_000316,bug_019,system,ebreak_decode_wrong,riscv_rand_instr_test,2151,/home/meow/iccad/dataset/raw_runs_first_batch/bug_019/riscv_rand_instr_test/seed_002151
case_000317,bug_019,system,ebreak_decode_wrong,riscv_rand_instr_test,2152,/home/meow/iccad/dataset/raw_runs_first_batch/bug_019/riscv_rand_instr_test/seed_002152
case_000318,bug_019,system,ebreak_decode_wrong,riscv_rand_instr_test,2153,/home/meow/iccad/dataset/raw_runs_first_batch/bug_019/riscv_rand_instr_test/seed_002153
case_000319,bug_019,system,ebreak_decode_wrong,riscv_rand_instr_test,2154,/home/meow/iccad/dataset/raw_runs_first_batch/bug_019/riscv_rand_instr_test/seed_002154
case_000320,bug_019,system,ebreak_decode_wrong,riscv_rand_instr_test,2155,/home/meow/iccad/dataset/raw_runs_first_batch/bug_019/riscv_rand_instr_test/seed_002155
case_000321,bug_020,loadstore,load_halfword_lane_wrong,riscv_machine_mode_rand_test,3001,/home/meow/iccad/dataset/raw_runs_first_batch/bug_020/riscv_machine_mode_rand_test/seed_003001
case_000322,bug_020,loadstore,load_halfword_lane_wrong,riscv_machine_mode_rand_test,3002,/home/meow/iccad/dataset/raw_runs_first_batch/bug_020/riscv_machine_mode_rand_test/seed_003002
case_000323,bug_020,loadstore,load_halfword_lane_wrong,riscv_machine_mode_rand_test,3003,/home/meow/iccad/dataset/raw_runs_first_batch/bug_020/riscv_machine_mode_rand_test/seed_003003
case_000324,bug_020,loadstore,load_halfword_lane_wrong,riscv_machine_mode_rand_test,3004,/home/meow/iccad/dataset/raw_runs_first_batch/bug_020/riscv_machine_mode_rand_test/seed_003004
case_000325,bug_020,loadstore,load_halfword_lane_wrong,riscv_machine_mode_rand_test,3005,/home/meow/iccad/dataset/raw_runs_first_batch/bug_020/riscv_machine_mode_rand_test/seed_003005
case_000326,bug_020,loadstore,load_halfword_lane_wrong,riscv_machine_mode_rand_test,3006,/home/meow/iccad/dataset/raw_runs_first_batch/bug_020/riscv_machine_mode_rand_test/seed_003006
case_000327,bug_020,loadstore,load_halfword_lane_wrong,riscv_machine_mode_rand_test,3007,/home/meow/iccad/dataset/raw_runs_first_batch/bug_020/riscv_machine_mode_rand_test/seed_003007
case_000328,bug_020,loadstore,load_halfword_lane_wrong,riscv_machine_mode_rand_test,3008,/home/meow/iccad/dataset/raw_runs_first_batch/bug_020/riscv_machine_mode_rand_test/seed_003008
case_000329,bug_020,loadstore,load_halfword_lane_wrong,riscv_machine_mode_rand_test,3009,/home/meow/iccad/dataset/raw_runs_first_batch/bug_020/riscv_machine_mode_rand_test/seed_003009
case_000330,bug_020,loadstore,load_halfword_lane_wrong,riscv_machine_mode_rand_test,3010,/home/meow/iccad/dataset/raw_runs_first_batch/bug_020/riscv_machine_mode_rand_test/seed_003010
case_000331,bug_020,loadstore,load_halfword_lane_wrong,riscv_machine_mode_rand_test,4161,/home/meow/iccad/dataset/raw_runs_first_batch/bug_020/riscv_machine_mode_rand_test/seed_004161
case_000332,bug_020,loadstore,load_halfword_lane_wrong,riscv_machine_mode_rand_test,4162,/home/meow/iccad/dataset/raw_runs_first_batch/bug_020/riscv_machine_mode_rand_test/seed_004162
case_000333,bug_020,loadstore,load_halfword_lane_wrong,riscv_machine_mode_rand_test,4163,/home/meow/iccad/dataset/raw_runs_first_batch/bug_020/riscv_machine_mode_rand_test/seed_004163
case_000334,bug_020,loadstore,load_halfword_lane_wrong,riscv_machine_mode_rand_test,4164,/home/meow/iccad/dataset/raw_runs_first_batch/bug_020/riscv_machine_mode_rand_test/seed_004164
case_000335,bug_020,loadstore,load_halfword_lane_wrong,riscv_machine_mode_rand_test,4165,/home/meow/iccad/dataset/raw_runs_first_batch/bug_020/riscv_machine_mode_rand_test/seed_004165
case_000336,bug_020,loadstore,load_halfword_lane_wrong,riscv_machine_mode_rand_test,4166,/home/meow/iccad/dataset/raw_runs_first_batch/bug_020/riscv_machine_mode_rand_test/seed_004166
case_000337,bug_020,loadstore,load_halfword_lane_wrong,riscv_machine_mode_rand_test,4167,/home/meow/iccad/dataset/raw_runs_first_batch/bug_020/riscv_machine_mode_rand_test/seed_004167
case_000338,bug_020,loadstore,load_halfword_lane_wrong,riscv_machine_mode_rand_test,4168,/home/meow/iccad/dataset/raw_runs_first_batch/bug_020/riscv_machine_mode_rand_test/seed_004168
case_000339,bug_020,loadstore,load_halfword_lane_wrong,riscv_machine_mode_rand_test,4169,/home/meow/iccad/dataset/raw_runs_first_batch/bug_020/riscv_machine_mode_rand_test/seed_004169
case_000340,bug_020,loadstore,load_halfword_lane_wrong,riscv_machine_mode_rand_test,4170,/home/meow/iccad/dataset/raw_runs_first_batch/bug_020/riscv_machine_mode_rand_test/seed_004170
case_000341,bug_021,loadstore,store_halfword_byte_enable_wrong,riscv_machine_mode_rand_test,3011,/home/meow/iccad/dataset/raw_runs_first_batch/bug_021/riscv_machine_mode_rand_test/seed_003011
case_000342,bug_021,loadstore,store_halfword_byte_enable_wrong,riscv_machine_mode_rand_test,3012,/home/meow/iccad/dataset/raw_runs_first_batch/bug_021/riscv_machine_mode_rand_test/seed_003012
case_000343,bug_021,loadstore,store_halfword_byte_enable_wrong,riscv_machine_mode_rand_test,3013,/home/meow/iccad/dataset/raw_runs_first_batch/bug_021/riscv_machine_mode_rand_test/seed_003013
case_000344,bug_021,loadstore,store_halfword_byte_enable_wrong,riscv_machine_mode_rand_test,3014,/home/meow/iccad/dataset/raw_runs_first_batch/bug_021/riscv_machine_mode_rand_test/seed_003014
case_000345,bug_021,loadstore,store_halfword_byte_enable_wrong,riscv_machine_mode_rand_test,3015,/home/meow/iccad/dataset/raw_runs_first_batch/bug_021/riscv_machine_mode_rand_test/seed_003015
case_000346,bug_021,loadstore,store_halfword_byte_enable_wrong,riscv_machine_mode_rand_test,3016,/home/meow/iccad/dataset/raw_runs_first_batch/bug_021/riscv_machine_mode_rand_test/seed_003016
case_000347,bug_021,loadstore,store_halfword_byte_enable_wrong,riscv_machine_mode_rand_test,3017,/home/meow/iccad/dataset/raw_runs_first_batch/bug_021/riscv_machine_mode_rand_test/seed_003017
case_000348,bug_021,loadstore,store_halfword_byte_enable_wrong,riscv_machine_mode_rand_test,3018,/home/meow/iccad/dataset/raw_runs_first_batch/bug_021/riscv_machine_mode_rand_test/seed_003018
case_000349,bug_021,loadstore,store_halfword_byte_enable_wrong,riscv_machine_mode_rand_test,3019,/home/meow/iccad/dataset/raw_runs_first_batch/bug_021/riscv_machine_mode_rand_test/seed_003019
case_000350,bug_021,loadstore,store_halfword_byte_enable_wrong,riscv_machine_mode_rand_test,3020,/home/meow/iccad/dataset/raw_runs_first_batch/bug_021/riscv_machine_mode_rand_test/seed_003020
case_000351,bug_021,loadstore,store_halfword_byte_enable_wrong,riscv_machine_mode_rand_test,4171,/home/meow/iccad/dataset/raw_runs_first_batch/bug_021/riscv_machine_mode_rand_test/seed_004171
case_000352,bug_021,loadstore,store_halfword_byte_enable_wrong,riscv_machine_mode_rand_test,4172,/home/meow/iccad/dataset/raw_runs_first_batch/bug_021/riscv_machine_mode_rand_test/seed_004172
case_000353,bug_021,loadstore,store_halfword_byte_enable_wrong,riscv_machine_mode_rand_test,4173,/home/meow/iccad/dataset/raw_runs_first_batch/bug_021/riscv_machine_mode_rand_test/seed_004173
case_000354,bug_021,loadstore,store_halfword_byte_enable_wrong,riscv_machine_mode_rand_test,4174,/home/meow/iccad/dataset/raw_runs_first_batch/bug_021/riscv_machine_mode_rand_test/seed_004174
case_000355,bug_021,loadstore,store_halfword_byte_enable_wrong,riscv_machine_mode_rand_test,4175,/home/meow/iccad/dataset/raw_runs_first_batch/bug_021/riscv_machine_mode_rand_test/seed_004175
case_000356,bug_021,loadstore,store_halfword_byte_enable_wrong,riscv_machine_mode_rand_test,4176,/home/meow/iccad/dataset/raw_runs_first_batch/bug_021/riscv_machine_mode_rand_test/seed_004176
case_000357,bug_021,loadstore,store_halfword_byte_enable_wrong,riscv_machine_mode_rand_test,4177,/home/meow/iccad/dataset/raw_runs_first_batch/bug_021/riscv_machine_mode_rand_test/seed_004177
case_000358,bug_021,loadstore,store_halfword_byte_enable_wrong,riscv_machine_mode_rand_test,4178,/home/meow/iccad/dataset/raw_runs_first_batch/bug_021/riscv_machine_mode_rand_test/seed_004178
case_000359,bug_021,loadstore,store_halfword_byte_enable_wrong,riscv_machine_mode_rand_test,4179,/home/meow/iccad/dataset/raw_runs_first_batch/bug_021/riscv_machine_mode_rand_test/seed_004179
case_000360,bug_021,loadstore,store_halfword_byte_enable_wrong,riscv_machine_mode_rand_test,4180,/home/meow/iccad/dataset/raw_runs_first_batch/bug_021/riscv_machine_mode_rand_test/seed_004180
case_000361,bug_022,interrupt,interrupt_enable_gate_wrong,riscv_machine_mode_rand_test,3031,/home/meow/iccad/dataset/raw_runs_first_batch/bug_022/riscv_machine_mode_rand_test/seed_003031
case_000362,bug_022,interrupt,interrupt_enable_gate_wrong,riscv_machine_mode_rand_test,3032,/home/meow/iccad/dataset/raw_runs_first_batch/bug_022/riscv_machine_mode_rand_test/seed_003032
case_000363,bug_022,interrupt,interrupt_enable_gate_wrong,riscv_machine_mode_rand_test,3033,/home/meow/iccad/dataset/raw_runs_first_batch/bug_022/riscv_machine_mode_rand_test/seed_003033
case_000364,bug_022,interrupt,interrupt_enable_gate_wrong,riscv_machine_mode_rand_test,3034,/home/meow/iccad/dataset/raw_runs_first_batch/bug_022/riscv_machine_mode_rand_test/seed_003034
case_000365,bug_022,interrupt,interrupt_enable_gate_wrong,riscv_machine_mode_rand_test,3035,/home/meow/iccad/dataset/raw_runs_first_batch/bug_022/riscv_machine_mode_rand_test/seed_003035
case_000366,bug_022,interrupt,interrupt_enable_gate_wrong,riscv_machine_mode_rand_test,3036,/home/meow/iccad/dataset/raw_runs_first_batch/bug_022/riscv_machine_mode_rand_test/seed_003036
case_000367,bug_022,interrupt,interrupt_enable_gate_wrong,riscv_machine_mode_rand_test,3037,/home/meow/iccad/dataset/raw_runs_first_batch/bug_022/riscv_machine_mode_rand_test/seed_003037
case_000368,bug_022,interrupt,interrupt_enable_gate_wrong,riscv_machine_mode_rand_test,3038,/home/meow/iccad/dataset/raw_runs_first_batch/bug_022/riscv_machine_mode_rand_test/seed_003038
case_000369,bug_022,interrupt,interrupt_enable_gate_wrong,riscv_machine_mode_rand_test,3039,/home/meow/iccad/dataset/raw_runs_first_batch/bug_022/riscv_machine_mode_rand_test/seed_003039
case_000370,bug_022,interrupt,interrupt_enable_gate_wrong,riscv_machine_mode_rand_test,3040,/home/meow/iccad/dataset/raw_runs_first_batch/bug_022/riscv_machine_mode_rand_test/seed_003040
case_000371,bug_022,interrupt,interrupt_enable_gate_wrong,riscv_machine_mode_rand_test,4181,/home/meow/iccad/dataset/raw_runs_first_batch/bug_022/riscv_machine_mode_rand_test/seed_004181
case_000372,bug_022,interrupt,interrupt_enable_gate_wrong,riscv_machine_mode_rand_test,4182,/home/meow/iccad/dataset/raw_runs_first_batch/bug_022/riscv_machine_mode_rand_test/seed_004182
case_000373,bug_022,interrupt,interrupt_enable_gate_wrong,riscv_machine_mode_rand_test,4183,/home/meow/iccad/dataset/raw_runs_first_batch/bug_022/riscv_machine_mode_rand_test/seed_004183
case_000374,bug_022,interrupt,interrupt_enable_gate_wrong,riscv_machine_mode_rand_test,4184,/home/meow/iccad/dataset/raw_runs_first_batch/bug_022/riscv_machine_mode_rand_test/seed_004184
case_000375,bug_022,interrupt,interrupt_enable_gate_wrong,riscv_machine_mode_rand_test,4185,/home/meow/iccad/dataset/raw_runs_first_batch/bug_022/riscv_machine_mode_rand_test/seed_004185
case_000376,bug_022,interrupt,interrupt_enable_gate_wrong,riscv_machine_mode_rand_test,4186,/home/meow/iccad/dataset/raw_runs_first_batch/bug_022/riscv_machine_mode_rand_test/seed_004186
case_000377,bug_022,interrupt,interrupt_enable_gate_wrong,riscv_machine_mode_rand_test,4187,/home/meow/iccad/dataset/raw_runs_first_batch/bug_022/riscv_machine_mode_rand_test/seed_004187
case_000378,bug_022,interrupt,interrupt_enable_gate_wrong,riscv_machine_mode_rand_test,4188,/home/meow/iccad/dataset/raw_runs_first_batch/bug_022/riscv_machine_mode_rand_test/seed_004188
case_000379,bug_022,interrupt,interrupt_enable_gate_wrong,riscv_machine_mode_rand_test,4189,/home/meow/iccad/dataset/raw_runs_first_batch/bug_022/riscv_machine_mode_rand_test/seed_004189
case_000380,bug_022,interrupt,interrupt_enable_gate_wrong,riscv_machine_mode_rand_test,4190,/home/meow/iccad/dataset/raw_runs_first_batch/bug_022/riscv_machine_mode_rand_test/seed_004190
case_000381,bug_023,jump,jump_jal_target_immediate_wrong,riscv_machine_mode_rand_test,3041,/home/meow/iccad/dataset/raw_runs_first_batch/bug_023/riscv_machine_mode_rand_test/seed_003041
case_000382,bug_023,jump,jump_jal_target_immediate_wrong,riscv_machine_mode_rand_test,3042,/home/meow/iccad/dataset/raw_runs_first_batch/bug_023/riscv_machine_mode_rand_test/seed_003042
case_000383,bug_023,jump,jump_jal_target_immediate_wrong,riscv_machine_mode_rand_test,3043,/home/meow/iccad/dataset/raw_runs_first_batch/bug_023/riscv_machine_mode_rand_test/seed_003043
case_000384,bug_023,jump,jump_jal_target_immediate_wrong,riscv_machine_mode_rand_test,3044,/home/meow/iccad/dataset/raw_runs_first_batch/bug_023/riscv_machine_mode_rand_test/seed_003044
case_000385,bug_023,jump,jump_jal_target_immediate_wrong,riscv_machine_mode_rand_test,3045,/home/meow/iccad/dataset/raw_runs_first_batch/bug_023/riscv_machine_mode_rand_test/seed_003045
case_000386,bug_023,jump,jump_jal_target_immediate_wrong,riscv_machine_mode_rand_test,3046,/home/meow/iccad/dataset/raw_runs_first_batch/bug_023/riscv_machine_mode_rand_test/seed_003046
case_000387,bug_023,jump,jump_jal_target_immediate_wrong,riscv_machine_mode_rand_test,3047,/home/meow/iccad/dataset/raw_runs_first_batch/bug_023/riscv_machine_mode_rand_test/seed_003047
case_000388,bug_023,jump,jump_jal_target_immediate_wrong,riscv_machine_mode_rand_test,3048,/home/meow/iccad/dataset/raw_runs_first_batch/bug_023/riscv_machine_mode_rand_test/seed_003048
case_000389,bug_023,jump,jump_jal_target_immediate_wrong,riscv_machine_mode_rand_test,3049,/home/meow/iccad/dataset/raw_runs_first_batch/bug_023/riscv_machine_mode_rand_test/seed_003049
case_000390,bug_023,jump,jump_jal_target_immediate_wrong,riscv_machine_mode_rand_test,3050,/home/meow/iccad/dataset/raw_runs_first_batch/bug_023/riscv_machine_mode_rand_test/seed_003050
case_000391,bug_023,jump,jump_jal_target_immediate_wrong,riscv_machine_mode_rand_test,4191,/home/meow/iccad/dataset/raw_runs_first_batch/bug_023/riscv_machine_mode_rand_test/seed_004191
case_000392,bug_023,jump,jump_jal_target_immediate_wrong,riscv_machine_mode_rand_test,4192,/home/meow/iccad/dataset/raw_runs_first_batch/bug_023/riscv_machine_mode_rand_test/seed_004192
case_000393,bug_023,jump,jump_jal_target_immediate_wrong,riscv_machine_mode_rand_test,4193,/home/meow/iccad/dataset/raw_runs_first_batch/bug_023/riscv_machine_mode_rand_test/seed_004193
case_000394,bug_023,jump,jump_jal_target_immediate_wrong,riscv_machine_mode_rand_test,4194,/home/meow/iccad/dataset/raw_runs_first_batch/bug_023/riscv_machine_mode_rand_test/seed_004194
case_000395,bug_023,jump,jump_jal_target_immediate_wrong,riscv_machine_mode_rand_test,4195,/home/meow/iccad/dataset/raw_runs_first_batch/bug_023/riscv_machine_mode_rand_test/seed_004195
case_000396,bug_023,jump,jump_jal_target_immediate_wrong,riscv_machine_mode_rand_test,4196,/home/meow/iccad/dataset/raw_runs_first_batch/bug_023/riscv_machine_mode_rand_test/seed_004196
case_000397,bug_023,jump,jump_jal_target_immediate_wrong,riscv_machine_mode_rand_test,4197,/home/meow/iccad/dataset/raw_runs_first_batch/bug_023/riscv_machine_mode_rand_test/seed_004197
case_000398,bug_023,jump,jump_jal_target_immediate_wrong,riscv_machine_mode_rand_test,4198,/home/meow/iccad/dataset/raw_runs_first_batch/bug_023/riscv_machine_mode_rand_test/seed_004198
case_000399,bug_023,jump,jump_jal_target_immediate_wrong,riscv_machine_mode_rand_test,4199,/home/meow/iccad/dataset/raw_runs_first_batch/bug_023/riscv_machine_mode_rand_test/seed_004199
case_000400,bug_023,jump,jump_jal_target_immediate_wrong,riscv_machine_mode_rand_test,4200,/home/meow/iccad/dataset/raw_runs_first_batch/bug_023/riscv_machine_mode_rand_test/seed_004200
case_000401,bug_024,fetch,fetch_pc_boot_offset_wrong,riscv_machine_mode_rand_test,3051,/home/meow/iccad/dataset/raw_runs_first_batch/bug_024/riscv_machine_mode_rand_test/seed_003051
case_000402,bug_024,fetch,fetch_pc_boot_offset_wrong,riscv_machine_mode_rand_test,3052,/home/meow/iccad/dataset/raw_runs_first_batch/bug_024/riscv_machine_mode_rand_test/seed_003052
case_000403,bug_024,fetch,fetch_pc_boot_offset_wrong,riscv_machine_mode_rand_test,3053,/home/meow/iccad/dataset/raw_runs_first_batch/bug_024/riscv_machine_mode_rand_test/seed_003053
case_000404,bug_024,fetch,fetch_pc_boot_offset_wrong,riscv_machine_mode_rand_test,3054,/home/meow/iccad/dataset/raw_runs_first_batch/bug_024/riscv_machine_mode_rand_test/seed_003054
case_000405,bug_024,fetch,fetch_pc_boot_offset_wrong,riscv_machine_mode_rand_test,3055,/home/meow/iccad/dataset/raw_runs_first_batch/bug_024/riscv_machine_mode_rand_test/seed_003055
case_000406,bug_024,fetch,fetch_pc_boot_offset_wrong,riscv_machine_mode_rand_test,3056,/home/meow/iccad/dataset/raw_runs_first_batch/bug_024/riscv_machine_mode_rand_test/seed_003056
case_000407,bug_024,fetch,fetch_pc_boot_offset_wrong,riscv_machine_mode_rand_test,3057,/home/meow/iccad/dataset/raw_runs_first_batch/bug_024/riscv_machine_mode_rand_test/seed_003057
case_000408,bug_024,fetch,fetch_pc_boot_offset_wrong,riscv_machine_mode_rand_test,3058,/home/meow/iccad/dataset/raw_runs_first_batch/bug_024/riscv_machine_mode_rand_test/seed_003058
case_000409,bug_024,fetch,fetch_pc_boot_offset_wrong,riscv_machine_mode_rand_test,3059,/home/meow/iccad/dataset/raw_runs_first_batch/bug_024/riscv_machine_mode_rand_test/seed_003059
case_000410,bug_024,fetch,fetch_pc_boot_offset_wrong,riscv_machine_mode_rand_test,3060,/home/meow/iccad/dataset/raw_runs_first_batch/bug_024/riscv_machine_mode_rand_test/seed_003060
case_000411,bug_024,fetch,fetch_pc_boot_offset_wrong,riscv_machine_mode_rand_test,4201,/home/meow/iccad/dataset/raw_runs_first_batch/bug_024/riscv_machine_mode_rand_test/seed_004201
case_000412,bug_024,fetch,fetch_pc_boot_offset_wrong,riscv_machine_mode_rand_test,4202,/home/meow/iccad/dataset/raw_runs_first_batch/bug_024/riscv_machine_mode_rand_test/seed_004202
case_000413,bug_024,fetch,fetch_pc_boot_offset_wrong,riscv_machine_mode_rand_test,5001,/home/meow/iccad/dataset/raw_runs_first_batch/bug_024/riscv_machine_mode_rand_test/seed_005001
case_000414,bug_024,fetch,fetch_pc_boot_offset_wrong,riscv_machine_mode_rand_test,5002,/home/meow/iccad/dataset/raw_runs_first_batch/bug_024/riscv_machine_mode_rand_test/seed_005002
case_000415,bug_024,fetch,fetch_pc_boot_offset_wrong,riscv_machine_mode_rand_test,5003,/home/meow/iccad/dataset/raw_runs_first_batch/bug_024/riscv_machine_mode_rand_test/seed_005003
case_000416,bug_024,fetch,fetch_pc_boot_offset_wrong,riscv_machine_mode_rand_test,5004,/home/meow/iccad/dataset/raw_runs_first_batch/bug_024/riscv_machine_mode_rand_test/seed_005004
case_000417,bug_024,fetch,fetch_pc_boot_offset_wrong,riscv_machine_mode_rand_test,5005,/home/meow/iccad/dataset/raw_runs_first_batch/bug_024/riscv_machine_mode_rand_test/seed_005005
case_000418,bug_024,fetch,fetch_pc_boot_offset_wrong,riscv_machine_mode_rand_test,5006,/home/meow/iccad/dataset/raw_runs_first_batch/bug_024/riscv_machine_mode_rand_test/seed_005006
case_000419,bug_024,fetch,fetch_pc_boot_offset_wrong,riscv_machine_mode_rand_test,5007,/home/meow/iccad/dataset/raw_runs_first_batch/bug_024/riscv_machine_mode_rand_test/seed_005007
case_000420,bug_024,fetch,fetch_pc_boot_offset_wrong,riscv_machine_mode_rand_test,5008,/home/meow/iccad/dataset/raw_runs_first_batch/bug_024/riscv_machine_mode_rand_test/seed_005008
case_000421,bug_025,multdiv,div_operator_decode_wrong,riscv_machine_mode_rand_test,3061,/home/meow/iccad/dataset/raw_runs_first_batch/bug_025/riscv_machine_mode_rand_test/seed_003061
case_000422,bug_025,multdiv,div_operator_decode_wrong,riscv_machine_mode_rand_test,3062,/home/meow/iccad/dataset/raw_runs_first_batch/bug_025/riscv_machine_mode_rand_test/seed_003062
case_000423,bug_025,multdiv,div_operator_decode_wrong,riscv_machine_mode_rand_test,3063,/home/meow/iccad/dataset/raw_runs_first_batch/bug_025/riscv_machine_mode_rand_test/seed_003063
case_000424,bug_025,multdiv,div_operator_decode_wrong,riscv_machine_mode_rand_test,3064,/home/meow/iccad/dataset/raw_runs_first_batch/bug_025/riscv_machine_mode_rand_test/seed_003064
case_000425,bug_025,multdiv,div_operator_decode_wrong,riscv_machine_mode_rand_test,3065,/home/meow/iccad/dataset/raw_runs_first_batch/bug_025/riscv_machine_mode_rand_test/seed_003065
case_000426,bug_025,multdiv,div_operator_decode_wrong,riscv_machine_mode_rand_test,3066,/home/meow/iccad/dataset/raw_runs_first_batch/bug_025/riscv_machine_mode_rand_test/seed_003066
case_000427,bug_025,multdiv,div_operator_decode_wrong,riscv_machine_mode_rand_test,3067,/home/meow/iccad/dataset/raw_runs_first_batch/bug_025/riscv_machine_mode_rand_test/seed_003067
case_000428,bug_025,multdiv,div_operator_decode_wrong,riscv_machine_mode_rand_test,3068,/home/meow/iccad/dataset/raw_runs_first_batch/bug_025/riscv_machine_mode_rand_test/seed_003068
case_000429,bug_025,multdiv,div_operator_decode_wrong,riscv_machine_mode_rand_test,3069,/home/meow/iccad/dataset/raw_runs_first_batch/bug_025/riscv_machine_mode_rand_test/seed_003069
case_000430,bug_025,multdiv,div_operator_decode_wrong,riscv_machine_mode_rand_test,3070,/home/meow/iccad/dataset/raw_runs_first_batch/bug_025/riscv_machine_mode_rand_test/seed_003070
case_000431,bug_025,multdiv,div_operator_decode_wrong,riscv_machine_mode_rand_test,5011,/home/meow/iccad/dataset/raw_runs_first_batch/bug_025/riscv_machine_mode_rand_test/seed_005011
case_000432,bug_025,multdiv,div_operator_decode_wrong,riscv_machine_mode_rand_test,5012,/home/meow/iccad/dataset/raw_runs_first_batch/bug_025/riscv_machine_mode_rand_test/seed_005012
case_000433,bug_025,multdiv,div_operator_decode_wrong,riscv_machine_mode_rand_test,5013,/home/meow/iccad/dataset/raw_runs_first_batch/bug_025/riscv_machine_mode_rand_test/seed_005013
case_000434,bug_025,multdiv,div_operator_decode_wrong,riscv_machine_mode_rand_test,5014,/home/meow/iccad/dataset/raw_runs_first_batch/bug_025/riscv_machine_mode_rand_test/seed_005014
case_000435,bug_025,multdiv,div_operator_decode_wrong,riscv_machine_mode_rand_test,5015,/home/meow/iccad/dataset/raw_runs_first_batch/bug_025/riscv_machine_mode_rand_test/seed_005015
case_000436,bug_025,multdiv,div_operator_decode_wrong,riscv_machine_mode_rand_test,5016,/home/meow/iccad/dataset/raw_runs_first_batch/bug_025/riscv_machine_mode_rand_test/seed_005016
case_000437,bug_025,multdiv,div_operator_decode_wrong,riscv_machine_mode_rand_test,5017,/home/meow/iccad/dataset/raw_runs_first_batch/bug_025/riscv_machine_mode_rand_test/seed_005017
case_000438,bug_025,multdiv,div_operator_decode_wrong,riscv_machine_mode_rand_test,5018,/home/meow/iccad/dataset/raw_runs_first_batch/bug_025/riscv_machine_mode_rand_test/seed_005018
case_000439,bug_025,multdiv,div_operator_decode_wrong,riscv_machine_mode_rand_test,5019,/home/meow/iccad/dataset/raw_runs_first_batch/bug_025/riscv_machine_mode_rand_test/seed_005019
case_000440,bug_025,multdiv,div_operator_decode_wrong,riscv_machine_mode_rand_test,5020,/home/meow/iccad/dataset/raw_runs_first_batch/bug_025/riscv_machine_mode_rand_test/seed_005020
case_000441,bug_026,multdiv,divu_signedness_wrong,riscv_machine_mode_rand_test,3071,/home/meow/iccad/dataset/raw_runs_first_batch/bug_026/riscv_machine_mode_rand_test/seed_003071
case_000442,bug_026,multdiv,divu_signedness_wrong,riscv_machine_mode_rand_test,3072,/home/meow/iccad/dataset/raw_runs_first_batch/bug_026/riscv_machine_mode_rand_test/seed_003072
case_000443,bug_026,multdiv,divu_signedness_wrong,riscv_machine_mode_rand_test,3073,/home/meow/iccad/dataset/raw_runs_first_batch/bug_026/riscv_machine_mode_rand_test/seed_003073
case_000444,bug_026,multdiv,divu_signedness_wrong,riscv_machine_mode_rand_test,3074,/home/meow/iccad/dataset/raw_runs_first_batch/bug_026/riscv_machine_mode_rand_test/seed_003074
case_000445,bug_026,multdiv,divu_signedness_wrong,riscv_machine_mode_rand_test,3075,/home/meow/iccad/dataset/raw_runs_first_batch/bug_026/riscv_machine_mode_rand_test/seed_003075
case_000446,bug_026,multdiv,divu_signedness_wrong,riscv_machine_mode_rand_test,3076,/home/meow/iccad/dataset/raw_runs_first_batch/bug_026/riscv_machine_mode_rand_test/seed_003076
case_000447,bug_026,multdiv,divu_signedness_wrong,riscv_machine_mode_rand_test,3077,/home/meow/iccad/dataset/raw_runs_first_batch/bug_026/riscv_machine_mode_rand_test/seed_003077
case_000448,bug_026,multdiv,divu_signedness_wrong,riscv_machine_mode_rand_test,3078,/home/meow/iccad/dataset/raw_runs_first_batch/bug_026/riscv_machine_mode_rand_test/seed_003078
case_000449,bug_026,multdiv,divu_signedness_wrong,riscv_machine_mode_rand_test,3079,/home/meow/iccad/dataset/raw_runs_first_batch/bug_026/riscv_machine_mode_rand_test/seed_003079
case_000450,bug_026,multdiv,divu_signedness_wrong,riscv_machine_mode_rand_test,3080,/home/meow/iccad/dataset/raw_runs_first_batch/bug_026/riscv_machine_mode_rand_test/seed_003080
case_000451,bug_026,multdiv,divu_signedness_wrong,riscv_machine_mode_rand_test,4221,/home/meow/iccad/dataset/raw_runs_first_batch/bug_026/riscv_machine_mode_rand_test/seed_004221
case_000452,bug_026,multdiv,divu_signedness_wrong,riscv_machine_mode_rand_test,4222,/home/meow/iccad/dataset/raw_runs_first_batch/bug_026/riscv_machine_mode_rand_test/seed_004222
case_000453,bug_026,multdiv,divu_signedness_wrong,riscv_machine_mode_rand_test,4223,/home/meow/iccad/dataset/raw_runs_first_batch/bug_026/riscv_machine_mode_rand_test/seed_004223
case_000454,bug_026,multdiv,divu_signedness_wrong,riscv_machine_mode_rand_test,4224,/home/meow/iccad/dataset/raw_runs_first_batch/bug_026/riscv_machine_mode_rand_test/seed_004224
case_000455,bug_026,multdiv,divu_signedness_wrong,riscv_machine_mode_rand_test,4225,/home/meow/iccad/dataset/raw_runs_first_batch/bug_026/riscv_machine_mode_rand_test/seed_004225
case_000456,bug_026,multdiv,divu_signedness_wrong,riscv_machine_mode_rand_test,4226,/home/meow/iccad/dataset/raw_runs_first_batch/bug_026/riscv_machine_mode_rand_test/seed_004226
case_000457,bug_026,multdiv,divu_signedness_wrong,riscv_machine_mode_rand_test,4227,/home/meow/iccad/dataset/raw_runs_first_batch/bug_026/riscv_machine_mode_rand_test/seed_004227
case_000458,bug_026,multdiv,divu_signedness_wrong,riscv_machine_mode_rand_test,4228,/home/meow/iccad/dataset/raw_runs_first_batch/bug_026/riscv_machine_mode_rand_test/seed_004228
case_000459,bug_026,multdiv,divu_signedness_wrong,riscv_machine_mode_rand_test,4229,/home/meow/iccad/dataset/raw_runs_first_batch/bug_026/riscv_machine_mode_rand_test/seed_004229
case_000460,bug_026,multdiv,divu_signedness_wrong,riscv_machine_mode_rand_test,4230,/home/meow/iccad/dataset/raw_runs_first_batch/bug_026/riscv_machine_mode_rand_test/seed_004230
case_000461,bug_027,decode,op_xor_decode_wrong,riscv_machine_mode_rand_test,3081,/home/meow/iccad/dataset/raw_runs_first_batch/bug_027/riscv_machine_mode_rand_test/seed_003081
case_000462,bug_027,decode,op_xor_decode_wrong,riscv_machine_mode_rand_test,3082,/home/meow/iccad/dataset/raw_runs_first_batch/bug_027/riscv_machine_mode_rand_test/seed_003082
case_000463,bug_027,decode,op_xor_decode_wrong,riscv_machine_mode_rand_test,3083,/home/meow/iccad/dataset/raw_runs_first_batch/bug_027/riscv_machine_mode_rand_test/seed_003083
case_000464,bug_027,decode,op_xor_decode_wrong,riscv_machine_mode_rand_test,3084,/home/meow/iccad/dataset/raw_runs_first_batch/bug_027/riscv_machine_mode_rand_test/seed_003084
case_000465,bug_027,decode,op_xor_decode_wrong,riscv_machine_mode_rand_test,3085,/home/meow/iccad/dataset/raw_runs_first_batch/bug_027/riscv_machine_mode_rand_test/seed_003085
case_000466,bug_027,decode,op_xor_decode_wrong,riscv_machine_mode_rand_test,3086,/home/meow/iccad/dataset/raw_runs_first_batch/bug_027/riscv_machine_mode_rand_test/seed_003086
case_000467,bug_027,decode,op_xor_decode_wrong,riscv_machine_mode_rand_test,3087,/home/meow/iccad/dataset/raw_runs_first_batch/bug_027/riscv_machine_mode_rand_test/seed_003087
case_000468,bug_027,decode,op_xor_decode_wrong,riscv_machine_mode_rand_test,3088,/home/meow/iccad/dataset/raw_runs_first_batch/bug_027/riscv_machine_mode_rand_test/seed_003088
case_000469,bug_027,decode,op_xor_decode_wrong,riscv_machine_mode_rand_test,3089,/home/meow/iccad/dataset/raw_runs_first_batch/bug_027/riscv_machine_mode_rand_test/seed_003089
case_000470,bug_027,decode,op_xor_decode_wrong,riscv_machine_mode_rand_test,3090,/home/meow/iccad/dataset/raw_runs_first_batch/bug_027/riscv_machine_mode_rand_test/seed_003090
case_000471,bug_027,decode,op_xor_decode_wrong,riscv_machine_mode_rand_test,4231,/home/meow/iccad/dataset/raw_runs_first_batch/bug_027/riscv_machine_mode_rand_test/seed_004231
case_000472,bug_027,decode,op_xor_decode_wrong,riscv_machine_mode_rand_test,4232,/home/meow/iccad/dataset/raw_runs_first_batch/bug_027/riscv_machine_mode_rand_test/seed_004232
case_000473,bug_027,decode,op_xor_decode_wrong,riscv_machine_mode_rand_test,4233,/home/meow/iccad/dataset/raw_runs_first_batch/bug_027/riscv_machine_mode_rand_test/seed_004233
case_000474,bug_027,decode,op_xor_decode_wrong,riscv_machine_mode_rand_test,4234,/home/meow/iccad/dataset/raw_runs_first_batch/bug_027/riscv_machine_mode_rand_test/seed_004234
case_000475,bug_027,decode,op_xor_decode_wrong,riscv_machine_mode_rand_test,4235,/home/meow/iccad/dataset/raw_runs_first_batch/bug_027/riscv_machine_mode_rand_test/seed_004235
case_000476,bug_027,decode,op_xor_decode_wrong,riscv_machine_mode_rand_test,4236,/home/meow/iccad/dataset/raw_runs_first_batch/bug_027/riscv_machine_mode_rand_test/seed_004236
case_000477,bug_027,decode,op_xor_decode_wrong,riscv_machine_mode_rand_test,4237,/home/meow/iccad/dataset/raw_runs_first_batch/bug_027/riscv_machine_mode_rand_test/seed_004237
case_000478,bug_027,decode,op_xor_decode_wrong,riscv_machine_mode_rand_test,4238,/home/meow/iccad/dataset/raw_runs_first_batch/bug_027/riscv_machine_mode_rand_test/seed_004238
case_000479,bug_027,decode,op_xor_decode_wrong,riscv_machine_mode_rand_test,4239,/home/meow/iccad/dataset/raw_runs_first_batch/bug_027/riscv_machine_mode_rand_test/seed_004239
case_000480,bug_027,decode,op_xor_decode_wrong,riscv_machine_mode_rand_test,4240,/home/meow/iccad/dataset/raw_runs_first_batch/bug_027/riscv_machine_mode_rand_test/seed_004240
case_000481,bug_028,loadstore,load_word_alignment_wrong,riscv_machine_mode_rand_test,3091,/home/meow/iccad/dataset/raw_runs_first_batch/bug_028/riscv_machine_mode_rand_test/seed_003091
case_000482,bug_028,loadstore,load_word_alignment_wrong,riscv_machine_mode_rand_test,3092,/home/meow/iccad/dataset/raw_runs_first_batch/bug_028/riscv_machine_mode_rand_test/seed_003092
case_000483,bug_028,loadstore,load_word_alignment_wrong,riscv_machine_mode_rand_test,3093,/home/meow/iccad/dataset/raw_runs_first_batch/bug_028/riscv_machine_mode_rand_test/seed_003093
case_000484,bug_028,loadstore,load_word_alignment_wrong,riscv_machine_mode_rand_test,3094,/home/meow/iccad/dataset/raw_runs_first_batch/bug_028/riscv_machine_mode_rand_test/seed_003094
case_000485,bug_028,loadstore,load_word_alignment_wrong,riscv_machine_mode_rand_test,3095,/home/meow/iccad/dataset/raw_runs_first_batch/bug_028/riscv_machine_mode_rand_test/seed_003095
case_000486,bug_028,loadstore,load_word_alignment_wrong,riscv_machine_mode_rand_test,3096,/home/meow/iccad/dataset/raw_runs_first_batch/bug_028/riscv_machine_mode_rand_test/seed_003096
case_000487,bug_028,loadstore,load_word_alignment_wrong,riscv_machine_mode_rand_test,3097,/home/meow/iccad/dataset/raw_runs_first_batch/bug_028/riscv_machine_mode_rand_test/seed_003097
case_000488,bug_028,loadstore,load_word_alignment_wrong,riscv_machine_mode_rand_test,3098,/home/meow/iccad/dataset/raw_runs_first_batch/bug_028/riscv_machine_mode_rand_test/seed_003098
case_000489,bug_028,loadstore,load_word_alignment_wrong,riscv_machine_mode_rand_test,3099,/home/meow/iccad/dataset/raw_runs_first_batch/bug_028/riscv_machine_mode_rand_test/seed_003099
case_000490,bug_028,loadstore,load_word_alignment_wrong,riscv_machine_mode_rand_test,3100,/home/meow/iccad/dataset/raw_runs_first_batch/bug_028/riscv_machine_mode_rand_test/seed_003100
case_000491,bug_028,loadstore,load_word_alignment_wrong,riscv_machine_mode_rand_test,4241,/home/meow/iccad/dataset/raw_runs_first_batch/bug_028/riscv_machine_mode_rand_test/seed_004241
case_000492,bug_028,loadstore,load_word_alignment_wrong,riscv_machine_mode_rand_test,4242,/home/meow/iccad/dataset/raw_runs_first_batch/bug_028/riscv_machine_mode_rand_test/seed_004242
case_000493,bug_028,loadstore,load_word_alignment_wrong,riscv_machine_mode_rand_test,4243,/home/meow/iccad/dataset/raw_runs_first_batch/bug_028/riscv_machine_mode_rand_test/seed_004243
case_000494,bug_028,loadstore,load_word_alignment_wrong,riscv_machine_mode_rand_test,4244,/home/meow/iccad/dataset/raw_runs_first_batch/bug_028/riscv_machine_mode_rand_test/seed_004244
case_000495,bug_028,loadstore,load_word_alignment_wrong,riscv_machine_mode_rand_test,4245,/home/meow/iccad/dataset/raw_runs_first_batch/bug_028/riscv_machine_mode_rand_test/seed_004245
case_000496,bug_028,loadstore,load_word_alignment_wrong,riscv_machine_mode_rand_test,4246,/home/meow/iccad/dataset/raw_runs_first_batch/bug_028/riscv_machine_mode_rand_test/seed_004246
case_000497,bug_028,loadstore,load_word_alignment_wrong,riscv_machine_mode_rand_test,4247,/home/meow/iccad/dataset/raw_runs_first_batch/bug_028/riscv_machine_mode_rand_test/seed_004247
case_000498,bug_028,loadstore,load_word_alignment_wrong,riscv_machine_mode_rand_test,4248,/home/meow/iccad/dataset/raw_runs_first_batch/bug_028/riscv_machine_mode_rand_test/seed_004248
case_000499,bug_028,loadstore,load_word_alignment_wrong,riscv_machine_mode_rand_test,4249,/home/meow/iccad/dataset/raw_runs_first_batch/bug_028/riscv_machine_mode_rand_test/seed_004249
case_000500,bug_028,loadstore,load_word_alignment_wrong,riscv_machine_mode_rand_test,4250,/home/meow/iccad/dataset/raw_runs_first_batch/bug_028/riscv_machine_mode_rand_test/seed_004250
case_000501,bug_029,csr,csr_mepc_alignment_wrong,riscv_machine_mode_rand_test,3101,/home/meow/iccad/dataset/raw_runs_first_batch/bug_029/riscv_machine_mode_rand_test/seed_003101
case_000502,bug_029,csr,csr_mepc_alignment_wrong,riscv_machine_mode_rand_test,3102,/home/meow/iccad/dataset/raw_runs_first_batch/bug_029/riscv_machine_mode_rand_test/seed_003102
case_000503,bug_029,csr,csr_mepc_alignment_wrong,riscv_machine_mode_rand_test,3103,/home/meow/iccad/dataset/raw_runs_first_batch/bug_029/riscv_machine_mode_rand_test/seed_003103
case_000504,bug_029,csr,csr_mepc_alignment_wrong,riscv_machine_mode_rand_test,3104,/home/meow/iccad/dataset/raw_runs_first_batch/bug_029/riscv_machine_mode_rand_test/seed_003104
case_000505,bug_029,csr,csr_mepc_alignment_wrong,riscv_machine_mode_rand_test,3105,/home/meow/iccad/dataset/raw_runs_first_batch/bug_029/riscv_machine_mode_rand_test/seed_003105
case_000506,bug_029,csr,csr_mepc_alignment_wrong,riscv_machine_mode_rand_test,3106,/home/meow/iccad/dataset/raw_runs_first_batch/bug_029/riscv_machine_mode_rand_test/seed_003106
case_000507,bug_029,csr,csr_mepc_alignment_wrong,riscv_machine_mode_rand_test,3107,/home/meow/iccad/dataset/raw_runs_first_batch/bug_029/riscv_machine_mode_rand_test/seed_003107
case_000508,bug_029,csr,csr_mepc_alignment_wrong,riscv_machine_mode_rand_test,3108,/home/meow/iccad/dataset/raw_runs_first_batch/bug_029/riscv_machine_mode_rand_test/seed_003108
case_000509,bug_029,csr,csr_mepc_alignment_wrong,riscv_machine_mode_rand_test,3121,/home/meow/iccad/dataset/raw_runs_first_batch/bug_029/riscv_machine_mode_rand_test/seed_003121
case_000510,bug_029,csr,csr_mepc_alignment_wrong,riscv_machine_mode_rand_test,3122,/home/meow/iccad/dataset/raw_runs_first_batch/bug_029/riscv_machine_mode_rand_test/seed_003122
case_000511,bug_029,csr,csr_mepc_alignment_wrong,riscv_machine_mode_rand_test,4251,/home/meow/iccad/dataset/raw_runs_first_batch/bug_029/riscv_machine_mode_rand_test/seed_004251
case_000512,bug_029,csr,csr_mepc_alignment_wrong,riscv_machine_mode_rand_test,4252,/home/meow/iccad/dataset/raw_runs_first_batch/bug_029/riscv_machine_mode_rand_test/seed_004252
case_000513,bug_029,csr,csr_mepc_alignment_wrong,riscv_machine_mode_rand_test,4253,/home/meow/iccad/dataset/raw_runs_first_batch/bug_029/riscv_machine_mode_rand_test/seed_004253
case_000514,bug_029,csr,csr_mepc_alignment_wrong,riscv_machine_mode_rand_test,4254,/home/meow/iccad/dataset/raw_runs_first_batch/bug_029/riscv_machine_mode_rand_test/seed_004254
case_000515,bug_029,csr,csr_mepc_alignment_wrong,riscv_machine_mode_rand_test,4255,/home/meow/iccad/dataset/raw_runs_first_batch/bug_029/riscv_machine_mode_rand_test/seed_004255
case_000516,bug_029,csr,csr_mepc_alignment_wrong,riscv_machine_mode_rand_test,4256,/home/meow/iccad/dataset/raw_runs_first_batch/bug_029/riscv_machine_mode_rand_test/seed_004256
case_000517,bug_029,csr,csr_mepc_alignment_wrong,riscv_machine_mode_rand_test,4257,/home/meow/iccad/dataset/raw_runs_first_batch/bug_029/riscv_machine_mode_rand_test/seed_004257
case_000518,bug_029,csr,csr_mepc_alignment_wrong,riscv_machine_mode_rand_test,4258,/home/meow/iccad/dataset/raw_runs_first_batch/bug_029/riscv_machine_mode_rand_test/seed_004258
case_000519,bug_029,csr,csr_mepc_alignment_wrong,riscv_machine_mode_rand_test,4259,/home/meow/iccad/dataset/raw_runs_first_batch/bug_029/riscv_machine_mode_rand_test/seed_004259
case_000520,bug_029,csr,csr_mepc_alignment_wrong,riscv_machine_mode_rand_test,4260,/home/meow/iccad/dataset/raw_runs_first_batch/bug_029/riscv_machine_mode_rand_test/seed_004260
case_000521,bug_030,loadstore,store_word_alignment_wrong,riscv_machine_mode_rand_test,3111,/home/meow/iccad/dataset/raw_runs_first_batch/bug_030/riscv_machine_mode_rand_test/seed_003111
case_000522,bug_030,loadstore,store_word_alignment_wrong,riscv_machine_mode_rand_test,3112,/home/meow/iccad/dataset/raw_runs_first_batch/bug_030/riscv_machine_mode_rand_test/seed_003112
case_000523,bug_030,loadstore,store_word_alignment_wrong,riscv_machine_mode_rand_test,3113,/home/meow/iccad/dataset/raw_runs_first_batch/bug_030/riscv_machine_mode_rand_test/seed_003113
case_000524,bug_030,loadstore,store_word_alignment_wrong,riscv_machine_mode_rand_test,3114,/home/meow/iccad/dataset/raw_runs_first_batch/bug_030/riscv_machine_mode_rand_test/seed_003114
case_000525,bug_030,loadstore,store_word_alignment_wrong,riscv_machine_mode_rand_test,3115,/home/meow/iccad/dataset/raw_runs_first_batch/bug_030/riscv_machine_mode_rand_test/seed_003115
case_000526,bug_030,loadstore,store_word_alignment_wrong,riscv_machine_mode_rand_test,3116,/home/meow/iccad/dataset/raw_runs_first_batch/bug_030/riscv_machine_mode_rand_test/seed_003116
case_000527,bug_030,loadstore,store_word_alignment_wrong,riscv_machine_mode_rand_test,3117,/home/meow/iccad/dataset/raw_runs_first_batch/bug_030/riscv_machine_mode_rand_test/seed_003117
case_000528,bug_030,loadstore,store_word_alignment_wrong,riscv_machine_mode_rand_test,3123,/home/meow/iccad/dataset/raw_runs_first_batch/bug_030/riscv_machine_mode_rand_test/seed_003123
case_000529,bug_030,loadstore,store_word_alignment_wrong,riscv_machine_mode_rand_test,3124,/home/meow/iccad/dataset/raw_runs_first_batch/bug_030/riscv_machine_mode_rand_test/seed_003124
case_000530,bug_030,loadstore,store_word_alignment_wrong,riscv_machine_mode_rand_test,3125,/home/meow/iccad/dataset/raw_runs_first_batch/bug_030/riscv_machine_mode_rand_test/seed_003125
case_000531,bug_030,loadstore,store_word_alignment_wrong,riscv_machine_mode_rand_test,4261,/home/meow/iccad/dataset/raw_runs_first_batch/bug_030/riscv_machine_mode_rand_test/seed_004261
case_000532,bug_030,loadstore,store_word_alignment_wrong,riscv_machine_mode_rand_test,4262,/home/meow/iccad/dataset/raw_runs_first_batch/bug_030/riscv_machine_mode_rand_test/seed_004262
case_000533,bug_030,loadstore,store_word_alignment_wrong,riscv_machine_mode_rand_test,4263,/home/meow/iccad/dataset/raw_runs_first_batch/bug_030/riscv_machine_mode_rand_test/seed_004263
case_000534,bug_030,loadstore,store_word_alignment_wrong,riscv_machine_mode_rand_test,4264,/home/meow/iccad/dataset/raw_runs_first_batch/bug_030/riscv_machine_mode_rand_test/seed_004264
case_000535,bug_030,loadstore,store_word_alignment_wrong,riscv_machine_mode_rand_test,4265,/home/meow/iccad/dataset/raw_runs_first_batch/bug_030/riscv_machine_mode_rand_test/seed_004265
case_000536,bug_030,loadstore,store_word_alignment_wrong,riscv_machine_mode_rand_test,4266,/home/meow/iccad/dataset/raw_runs_first_batch/bug_030/riscv_machine_mode_rand_test/seed_004266
case_000537,bug_030,loadstore,store_word_alignment_wrong,riscv_machine_mode_rand_test,4267,/home/meow/iccad/dataset/raw_runs_first_batch/bug_030/riscv_machine_mode_rand_test/seed_004267
case_000538,bug_030,loadstore,store_word_alignment_wrong,riscv_machine_mode_rand_test,4268,/home/meow/iccad/dataset/raw_runs_first_batch/bug_030/riscv_machine_mode_rand_test/seed_004268
case_000539,bug_030,loadstore,store_word_alignment_wrong,riscv_machine_mode_rand_test,4269,/home/meow/iccad/dataset/raw_runs_first_batch/bug_030/riscv_machine_mode_rand_test/seed_004269
case_000540,bug_030,loadstore,store_word_alignment_wrong,riscv_machine_mode_rand_test,4270,/home/meow/iccad/dataset/raw_runs_first_batch/bug_030/riscv_machine_mode_rand_test/seed_004270
case_000541,bug_031,branch,branch_unsigned_condition_wrong,riscv_machine_mode_rand_test,3131,/home/meow/iccad/dataset/raw_runs_first_batch/bug_031/riscv_machine_mode_rand_test/seed_003131
case_000542,bug_031,branch,branch_unsigned_condition_wrong,riscv_machine_mode_rand_test,3132,/home/meow/iccad/dataset/raw_runs_first_batch/bug_031/riscv_machine_mode_rand_test/seed_003132
case_000543,bug_031,branch,branch_unsigned_condition_wrong,riscv_machine_mode_rand_test,3133,/home/meow/iccad/dataset/raw_runs_first_batch/bug_031/riscv_machine_mode_rand_test/seed_003133
case_000544,bug_031,branch,branch_unsigned_condition_wrong,riscv_machine_mode_rand_test,3134,/home/meow/iccad/dataset/raw_runs_first_batch/bug_031/riscv_machine_mode_rand_test/seed_003134
case_000545,bug_031,branch,branch_unsigned_condition_wrong,riscv_machine_mode_rand_test,3135,/home/meow/iccad/dataset/raw_runs_first_batch/bug_031/riscv_machine_mode_rand_test/seed_003135
case_000546,bug_031,branch,branch_unsigned_condition_wrong,riscv_machine_mode_rand_test,3136,/home/meow/iccad/dataset/raw_runs_first_batch/bug_031/riscv_machine_mode_rand_test/seed_003136
case_000547,bug_031,branch,branch_unsigned_condition_wrong,riscv_machine_mode_rand_test,3137,/home/meow/iccad/dataset/raw_runs_first_batch/bug_031/riscv_machine_mode_rand_test/seed_003137
case_000548,bug_031,branch,branch_unsigned_condition_wrong,riscv_machine_mode_rand_test,3138,/home/meow/iccad/dataset/raw_runs_first_batch/bug_031/riscv_machine_mode_rand_test/seed_003138
case_000549,bug_031,branch,branch_unsigned_condition_wrong,riscv_machine_mode_rand_test,3139,/home/meow/iccad/dataset/raw_runs_first_batch/bug_031/riscv_machine_mode_rand_test/seed_003139
case_000550,bug_031,branch,branch_unsigned_condition_wrong,riscv_machine_mode_rand_test,3140,/home/meow/iccad/dataset/raw_runs_first_batch/bug_031/riscv_machine_mode_rand_test/seed_003140
case_000551,bug_031,branch,branch_unsigned_condition_wrong,riscv_machine_mode_rand_test,4271,/home/meow/iccad/dataset/raw_runs_first_batch/bug_031/riscv_machine_mode_rand_test/seed_004271
case_000552,bug_031,branch,branch_unsigned_condition_wrong,riscv_machine_mode_rand_test,4272,/home/meow/iccad/dataset/raw_runs_first_batch/bug_031/riscv_machine_mode_rand_test/seed_004272
case_000553,bug_031,branch,branch_unsigned_condition_wrong,riscv_machine_mode_rand_test,4273,/home/meow/iccad/dataset/raw_runs_first_batch/bug_031/riscv_machine_mode_rand_test/seed_004273
case_000554,bug_031,branch,branch_unsigned_condition_wrong,riscv_machine_mode_rand_test,4274,/home/meow/iccad/dataset/raw_runs_first_batch/bug_031/riscv_machine_mode_rand_test/seed_004274
case_000555,bug_031,branch,branch_unsigned_condition_wrong,riscv_machine_mode_rand_test,4275,/home/meow/iccad/dataset/raw_runs_first_batch/bug_031/riscv_machine_mode_rand_test/seed_004275
case_000556,bug_031,branch,branch_unsigned_condition_wrong,riscv_machine_mode_rand_test,4276,/home/meow/iccad/dataset/raw_runs_first_batch/bug_031/riscv_machine_mode_rand_test/seed_004276
case_000557,bug_031,branch,branch_unsigned_condition_wrong,riscv_machine_mode_rand_test,4277,/home/meow/iccad/dataset/raw_runs_first_batch/bug_031/riscv_machine_mode_rand_test/seed_004277
case_000558,bug_031,branch,branch_unsigned_condition_wrong,riscv_machine_mode_rand_test,4278,/home/meow/iccad/dataset/raw_runs_first_batch/bug_031/riscv_machine_mode_rand_test/seed_004278
case_000559,bug_031,branch,branch_unsigned_condition_wrong,riscv_machine_mode_rand_test,4279,/home/meow/iccad/dataset/raw_runs_first_batch/bug_031/riscv_machine_mode_rand_test/seed_004279
case_000560,bug_031,branch,branch_unsigned_condition_wrong,riscv_machine_mode_rand_test,4280,/home/meow/iccad/dataset/raw_runs_first_batch/bug_031/riscv_machine_mode_rand_test/seed_004280
case_000561,bug_032,csr,csr_mstatus_mie_write_wrong,riscv_machine_mode_rand_test,3141,/home/meow/iccad/dataset/raw_runs_first_batch/bug_032/riscv_machine_mode_rand_test/seed_003141
case_000562,bug_032,csr,csr_mstatus_mie_write_wrong,riscv_machine_mode_rand_test,3142,/home/meow/iccad/dataset/raw_runs_first_batch/bug_032/riscv_machine_mode_rand_test/seed_003142
case_000563,bug_032,csr,csr_mstatus_mie_write_wrong,riscv_machine_mode_rand_test,3143,/home/meow/iccad/dataset/raw_runs_first_batch/bug_032/riscv_machine_mode_rand_test/seed_003143
case_000564,bug_032,csr,csr_mstatus_mie_write_wrong,riscv_machine_mode_rand_test,3144,/home/meow/iccad/dataset/raw_runs_first_batch/bug_032/riscv_machine_mode_rand_test/seed_003144
case_000565,bug_032,csr,csr_mstatus_mie_write_wrong,riscv_machine_mode_rand_test,3145,/home/meow/iccad/dataset/raw_runs_first_batch/bug_032/riscv_machine_mode_rand_test/seed_003145
case_000566,bug_032,csr,csr_mstatus_mie_write_wrong,riscv_machine_mode_rand_test,3146,/home/meow/iccad/dataset/raw_runs_first_batch/bug_032/riscv_machine_mode_rand_test/seed_003146
case_000567,bug_032,csr,csr_mstatus_mie_write_wrong,riscv_machine_mode_rand_test,3147,/home/meow/iccad/dataset/raw_runs_first_batch/bug_032/riscv_machine_mode_rand_test/seed_003147
case_000568,bug_032,csr,csr_mstatus_mie_write_wrong,riscv_machine_mode_rand_test,3148,/home/meow/iccad/dataset/raw_runs_first_batch/bug_032/riscv_machine_mode_rand_test/seed_003148
case_000569,bug_032,csr,csr_mstatus_mie_write_wrong,riscv_machine_mode_rand_test,3149,/home/meow/iccad/dataset/raw_runs_first_batch/bug_032/riscv_machine_mode_rand_test/seed_003149
case_000570,bug_032,csr,csr_mstatus_mie_write_wrong,riscv_machine_mode_rand_test,3150,/home/meow/iccad/dataset/raw_runs_first_batch/bug_032/riscv_machine_mode_rand_test/seed_003150
case_000571,bug_032,csr,csr_mstatus_mie_write_wrong,riscv_machine_mode_rand_test,4281,/home/meow/iccad/dataset/raw_runs_first_batch/bug_032/riscv_machine_mode_rand_test/seed_004281
case_000572,bug_032,csr,csr_mstatus_mie_write_wrong,riscv_machine_mode_rand_test,4282,/home/meow/iccad/dataset/raw_runs_first_batch/bug_032/riscv_machine_mode_rand_test/seed_004282
case_000573,bug_032,csr,csr_mstatus_mie_write_wrong,riscv_machine_mode_rand_test,4283,/home/meow/iccad/dataset/raw_runs_first_batch/bug_032/riscv_machine_mode_rand_test/seed_004283
case_000574,bug_032,csr,csr_mstatus_mie_write_wrong,riscv_machine_mode_rand_test,4284,/home/meow/iccad/dataset/raw_runs_first_batch/bug_032/riscv_machine_mode_rand_test/seed_004284
case_000575,bug_032,csr,csr_mstatus_mie_write_wrong,riscv_machine_mode_rand_test,4285,/home/meow/iccad/dataset/raw_runs_first_batch/bug_032/riscv_machine_mode_rand_test/seed_004285
case_000576,bug_032,csr,csr_mstatus_mie_write_wrong,riscv_machine_mode_rand_test,4286,/home/meow/iccad/dataset/raw_runs_first_batch/bug_032/riscv_machine_mode_rand_test/seed_004286
case_000577,bug_032,csr,csr_mstatus_mie_write_wrong,riscv_machine_mode_rand_test,4287,/home/meow/iccad/dataset/raw_runs_first_batch/bug_032/riscv_machine_mode_rand_test/seed_004287
case_000578,bug_032,csr,csr_mstatus_mie_write_wrong,riscv_machine_mode_rand_test,4288,/home/meow/iccad/dataset/raw_runs_first_batch/bug_032/riscv_machine_mode_rand_test/seed_004288
case_000579,bug_032,csr,csr_mstatus_mie_write_wrong,riscv_machine_mode_rand_test,4289,/home/meow/iccad/dataset/raw_runs_first_batch/bug_032/riscv_machine_mode_rand_test/seed_004289
case_000580,bug_032,csr,csr_mstatus_mie_write_wrong,riscv_machine_mode_rand_test,4290,/home/meow/iccad/dataset/raw_runs_first_batch/bug_032/riscv_machine_mode_rand_test/seed_004290
case_000581,bug_033,decode,op_and_decode_wrong,riscv_machine_mode_rand_test,3151,/home/meow/iccad/dataset/raw_runs_first_batch/bug_033/riscv_machine_mode_rand_test/seed_003151
case_000582,bug_033,decode,op_and_decode_wrong,riscv_machine_mode_rand_test,3152,/home/meow/iccad/dataset/raw_runs_first_batch/bug_033/riscv_machine_mode_rand_test/seed_003152
case_000583,bug_033,decode,op_and_decode_wrong,riscv_machine_mode_rand_test,3153,/home/meow/iccad/dataset/raw_runs_first_batch/bug_033/riscv_machine_mode_rand_test/seed_003153
case_000584,bug_033,decode,op_and_decode_wrong,riscv_machine_mode_rand_test,3154,/home/meow/iccad/dataset/raw_runs_first_batch/bug_033/riscv_machine_mode_rand_test/seed_003154
case_000585,bug_033,decode,op_and_decode_wrong,riscv_machine_mode_rand_test,3155,/home/meow/iccad/dataset/raw_runs_first_batch/bug_033/riscv_machine_mode_rand_test/seed_003155
case_000586,bug_033,decode,op_and_decode_wrong,riscv_machine_mode_rand_test,3156,/home/meow/iccad/dataset/raw_runs_first_batch/bug_033/riscv_machine_mode_rand_test/seed_003156
case_000587,bug_033,decode,op_and_decode_wrong,riscv_machine_mode_rand_test,3157,/home/meow/iccad/dataset/raw_runs_first_batch/bug_033/riscv_machine_mode_rand_test/seed_003157
case_000588,bug_033,decode,op_and_decode_wrong,riscv_machine_mode_rand_test,3158,/home/meow/iccad/dataset/raw_runs_first_batch/bug_033/riscv_machine_mode_rand_test/seed_003158
case_000589,bug_033,decode,op_and_decode_wrong,riscv_machine_mode_rand_test,3159,/home/meow/iccad/dataset/raw_runs_first_batch/bug_033/riscv_machine_mode_rand_test/seed_003159
case_000590,bug_033,decode,op_and_decode_wrong,riscv_machine_mode_rand_test,3160,/home/meow/iccad/dataset/raw_runs_first_batch/bug_033/riscv_machine_mode_rand_test/seed_003160
case_000591,bug_033,decode,op_and_decode_wrong,riscv_machine_mode_rand_test,4291,/home/meow/iccad/dataset/raw_runs_first_batch/bug_033/riscv_machine_mode_rand_test/seed_004291
case_000592,bug_033,decode,op_and_decode_wrong,riscv_machine_mode_rand_test,4292,/home/meow/iccad/dataset/raw_runs_first_batch/bug_033/riscv_machine_mode_rand_test/seed_004292
case_000593,bug_033,decode,op_and_decode_wrong,riscv_machine_mode_rand_test,4293,/home/meow/iccad/dataset/raw_runs_first_batch/bug_033/riscv_machine_mode_rand_test/seed_004293
case_000594,bug_033,decode,op_and_decode_wrong,riscv_machine_mode_rand_test,4294,/home/meow/iccad/dataset/raw_runs_first_batch/bug_033/riscv_machine_mode_rand_test/seed_004294
case_000595,bug_033,decode,op_and_decode_wrong,riscv_machine_mode_rand_test,4295,/home/meow/iccad/dataset/raw_runs_first_batch/bug_033/riscv_machine_mode_rand_test/seed_004295
case_000596,bug_033,decode,op_and_decode_wrong,riscv_machine_mode_rand_test,4296,/home/meow/iccad/dataset/raw_runs_first_batch/bug_033/riscv_machine_mode_rand_test/seed_004296
case_000597,bug_033,decode,op_and_decode_wrong,riscv_machine_mode_rand_test,4297,/home/meow/iccad/dataset/raw_runs_first_batch/bug_033/riscv_machine_mode_rand_test/seed_004297
case_000598,bug_033,decode,op_and_decode_wrong,riscv_machine_mode_rand_test,4298,/home/meow/iccad/dataset/raw_runs_first_batch/bug_033/riscv_machine_mode_rand_test/seed_004298
case_000599,bug_033,decode,op_and_decode_wrong,riscv_machine_mode_rand_test,4299,/home/meow/iccad/dataset/raw_runs_first_batch/bug_033/riscv_machine_mode_rand_test/seed_004299
case_000600,bug_033,decode,op_and_decode_wrong,riscv_machine_mode_rand_test,4300,/home/meow/iccad/dataset/raw_runs_first_batch/bug_033/riscv_machine_mode_rand_test/seed_004300
case_000601,bug_034,alu,alu_slt_unsigned_decode_wrong,riscv_machine_mode_rand_test,3161,/home/meow/iccad/dataset/raw_runs_first_batch/bug_034/riscv_machine_mode_rand_test/seed_003161
case_000602,bug_034,alu,alu_slt_unsigned_decode_wrong,riscv_machine_mode_rand_test,3162,/home/meow/iccad/dataset/raw_runs_first_batch/bug_034/riscv_machine_mode_rand_test/seed_003162
case_000603,bug_034,alu,alu_slt_unsigned_decode_wrong,riscv_machine_mode_rand_test,3163,/home/meow/iccad/dataset/raw_runs_first_batch/bug_034/riscv_machine_mode_rand_test/seed_003163
case_000604,bug_034,alu,alu_slt_unsigned_decode_wrong,riscv_machine_mode_rand_test,3164,/home/meow/iccad/dataset/raw_runs_first_batch/bug_034/riscv_machine_mode_rand_test/seed_003164
case_000605,bug_034,alu,alu_slt_unsigned_decode_wrong,riscv_machine_mode_rand_test,3165,/home/meow/iccad/dataset/raw_runs_first_batch/bug_034/riscv_machine_mode_rand_test/seed_003165
case_000606,bug_034,alu,alu_slt_unsigned_decode_wrong,riscv_machine_mode_rand_test,3166,/home/meow/iccad/dataset/raw_runs_first_batch/bug_034/riscv_machine_mode_rand_test/seed_003166
case_000607,bug_034,alu,alu_slt_unsigned_decode_wrong,riscv_machine_mode_rand_test,3167,/home/meow/iccad/dataset/raw_runs_first_batch/bug_034/riscv_machine_mode_rand_test/seed_003167
case_000608,bug_034,alu,alu_slt_unsigned_decode_wrong,riscv_machine_mode_rand_test,3168,/home/meow/iccad/dataset/raw_runs_first_batch/bug_034/riscv_machine_mode_rand_test/seed_003168
case_000609,bug_034,alu,alu_slt_unsigned_decode_wrong,riscv_machine_mode_rand_test,3169,/home/meow/iccad/dataset/raw_runs_first_batch/bug_034/riscv_machine_mode_rand_test/seed_003169
case_000610,bug_034,alu,alu_slt_unsigned_decode_wrong,riscv_machine_mode_rand_test,3170,/home/meow/iccad/dataset/raw_runs_first_batch/bug_034/riscv_machine_mode_rand_test/seed_003170
case_000611,bug_034,alu,alu_slt_unsigned_decode_wrong,riscv_machine_mode_rand_test,4301,/home/meow/iccad/dataset/raw_runs_first_batch/bug_034/riscv_machine_mode_rand_test/seed_004301
case_000612,bug_034,alu,alu_slt_unsigned_decode_wrong,riscv_machine_mode_rand_test,4302,/home/meow/iccad/dataset/raw_runs_first_batch/bug_034/riscv_machine_mode_rand_test/seed_004302
case_000613,bug_034,alu,alu_slt_unsigned_decode_wrong,riscv_machine_mode_rand_test,4303,/home/meow/iccad/dataset/raw_runs_first_batch/bug_034/riscv_machine_mode_rand_test/seed_004303
case_000614,bug_034,alu,alu_slt_unsigned_decode_wrong,riscv_machine_mode_rand_test,5031,/home/meow/iccad/dataset/raw_runs_first_batch/bug_034/riscv_machine_mode_rand_test/seed_005031
case_000615,bug_034,alu,alu_slt_unsigned_decode_wrong,riscv_machine_mode_rand_test,5032,/home/meow/iccad/dataset/raw_runs_first_batch/bug_034/riscv_machine_mode_rand_test/seed_005032
case_000616,bug_034,alu,alu_slt_unsigned_decode_wrong,riscv_machine_mode_rand_test,5033,/home/meow/iccad/dataset/raw_runs_first_batch/bug_034/riscv_machine_mode_rand_test/seed_005033
case_000617,bug_034,alu,alu_slt_unsigned_decode_wrong,riscv_machine_mode_rand_test,5034,/home/meow/iccad/dataset/raw_runs_first_batch/bug_034/riscv_machine_mode_rand_test/seed_005034
case_000618,bug_034,alu,alu_slt_unsigned_decode_wrong,riscv_machine_mode_rand_test,5035,/home/meow/iccad/dataset/raw_runs_first_batch/bug_034/riscv_machine_mode_rand_test/seed_005035
case_000619,bug_034,alu,alu_slt_unsigned_decode_wrong,riscv_machine_mode_rand_test,5036,/home/meow/iccad/dataset/raw_runs_first_batch/bug_034/riscv_machine_mode_rand_test/seed_005036
case_000620,bug_034,alu,alu_slt_unsigned_decode_wrong,riscv_machine_mode_rand_test,5037,/home/meow/iccad/dataset/raw_runs_first_batch/bug_034/riscv_machine_mode_rand_test/seed_005037
case_000621,bug_035,decode,op_or_decode_wrong,riscv_machine_mode_rand_test,3171,/home/meow/iccad/dataset/raw_runs_first_batch/bug_035/riscv_machine_mode_rand_test/seed_003171
case_000622,bug_035,decode,op_or_decode_wrong,riscv_machine_mode_rand_test,3172,/home/meow/iccad/dataset/raw_runs_first_batch/bug_035/riscv_machine_mode_rand_test/seed_003172
case_000623,bug_035,decode,op_or_decode_wrong,riscv_machine_mode_rand_test,3173,/home/meow/iccad/dataset/raw_runs_first_batch/bug_035/riscv_machine_mode_rand_test/seed_003173
case_000624,bug_035,decode,op_or_decode_wrong,riscv_machine_mode_rand_test,3174,/home/meow/iccad/dataset/raw_runs_first_batch/bug_035/riscv_machine_mode_rand_test/seed_003174
case_000625,bug_035,decode,op_or_decode_wrong,riscv_machine_mode_rand_test,3175,/home/meow/iccad/dataset/raw_runs_first_batch/bug_035/riscv_machine_mode_rand_test/seed_003175
case_000626,bug_035,decode,op_or_decode_wrong,riscv_machine_mode_rand_test,3176,/home/meow/iccad/dataset/raw_runs_first_batch/bug_035/riscv_machine_mode_rand_test/seed_003176
case_000627,bug_035,decode,op_or_decode_wrong,riscv_machine_mode_rand_test,3177,/home/meow/iccad/dataset/raw_runs_first_batch/bug_035/riscv_machine_mode_rand_test/seed_003177
case_000628,bug_035,decode,op_or_decode_wrong,riscv_machine_mode_rand_test,3178,/home/meow/iccad/dataset/raw_runs_first_batch/bug_035/riscv_machine_mode_rand_test/seed_003178
case_000629,bug_035,decode,op_or_decode_wrong,riscv_machine_mode_rand_test,3179,/home/meow/iccad/dataset/raw_runs_first_batch/bug_035/riscv_machine_mode_rand_test/seed_003179
case_000630,bug_035,decode,op_or_decode_wrong,riscv_machine_mode_rand_test,3180,/home/meow/iccad/dataset/raw_runs_first_batch/bug_035/riscv_machine_mode_rand_test/seed_003180
case_000631,bug_035,decode,op_or_decode_wrong,riscv_machine_mode_rand_test,5041,/home/meow/iccad/dataset/raw_runs_first_batch/bug_035/riscv_machine_mode_rand_test/seed_005041
case_000632,bug_035,decode,op_or_decode_wrong,riscv_machine_mode_rand_test,5042,/home/meow/iccad/dataset/raw_runs_first_batch/bug_035/riscv_machine_mode_rand_test/seed_005042
case_000633,bug_035,decode,op_or_decode_wrong,riscv_machine_mode_rand_test,5043,/home/meow/iccad/dataset/raw_runs_first_batch/bug_035/riscv_machine_mode_rand_test/seed_005043
case_000634,bug_035,decode,op_or_decode_wrong,riscv_machine_mode_rand_test,5044,/home/meow/iccad/dataset/raw_runs_first_batch/bug_035/riscv_machine_mode_rand_test/seed_005044
case_000635,bug_035,decode,op_or_decode_wrong,riscv_machine_mode_rand_test,5045,/home/meow/iccad/dataset/raw_runs_first_batch/bug_035/riscv_machine_mode_rand_test/seed_005045
case_000636,bug_035,decode,op_or_decode_wrong,riscv_machine_mode_rand_test,5046,/home/meow/iccad/dataset/raw_runs_first_batch/bug_035/riscv_machine_mode_rand_test/seed_005046
case_000637,bug_035,decode,op_or_decode_wrong,riscv_machine_mode_rand_test,5047,/home/meow/iccad/dataset/raw_runs_first_batch/bug_035/riscv_machine_mode_rand_test/seed_005047
case_000638,bug_035,decode,op_or_decode_wrong,riscv_machine_mode_rand_test,5048,/home/meow/iccad/dataset/raw_runs_first_batch/bug_035/riscv_machine_mode_rand_test/seed_005048
case_000639,bug_035,decode,op_or_decode_wrong,riscv_machine_mode_rand_test,5049,/home/meow/iccad/dataset/raw_runs_first_batch/bug_035/riscv_machine_mode_rand_test/seed_005049
case_000640,bug_035,decode,op_or_decode_wrong,riscv_machine_mode_rand_test,5050,/home/meow/iccad/dataset/raw_runs_first_batch/bug_035/riscv_machine_mode_rand_test/seed_005050
