Time	Cycle	PC	Insn	Decoded instruction	Register and memory contents
           2296	        13	80000080	40001f37	lui	x30,0x40001	 x30=0x40001000
           2376	        17	80000084	106f0f13	addi	x30,x30,262	 x30:0x40001000 x30=0x40001106
           2736	        35	80000088	301f1073	csrrw	x0,misa,x30	 x30:0x40001106  x0=0x00000000
           2816	        39	8000008c	00026f97	auipc	x31,0x26	 x31=0x8002608c
           2836	        40	80000090	c58f8f93	addi	x31,x31,-936	 x31:0x8002608c x31=0x80025ce4
           2856	        41	80000094	00002f17	auipc	x30,0x2	 x30=0x80002094
           3276	        62	80000098	76cf0f13	addi	x30,x30,1900	 x30:0x80002094 x30=0x80002800
           3416	        69	8000009c	001f6f13	ori	x30,x30,1	 x30:0x80002800 x30=0x80002801
           3596	        78	800000a0	305f1073	csrrw	x0,mtvec,x30	 x30:0x80002801  x0=0x00000000
           3896	        93	800000a4	74725073	csrrwi	x0,0x747,4	  x0=0x00000000
           3956	        96	800000a8	00003e17	auipc	x28,0x3	 x28=0x800030a8
           3976	        97	800000ac	544e0e13	addi	x28,x28,1348	 x28:0x800030a8 x28=0x800035ec
           4356	       116	800000b0	4f01	c.li	x30,0	 x30=0x00000000
           4376	       117	800000b2	9e7a	c.add	x28,x30	 x28:0x800035ec x30:0x00000000 x28=0x800035ec
           4536	       125	800000b4	002e5e13	srli	x28,x28,0x2	 x28:0x800035ec x28=0x20000d7b
           4716	       134	800000b8	3b0e1073	csrrw	x0,pmpaddr0,x28	 x28:0x20000d7b  x0=0x00000000
           5116	       154	800000bc	00003e17	auipc	x28,0x3	 x28=0x800030bc
           5136	       155	800000c0	530e0e13	addi	x28,x28,1328	 x28:0x800030bc x28=0x800035ec
           5156	       156	800000c4	11111f37	lui	x30,0x11111	 x30=0x11111000
           5236	       160	800000c8	111f0f13	addi	x30,x30,273	 x30:0x11111000 x30=0x11111111
           5256	       161	800000cc	9e7a	c.add	x28,x30	 x28:0x800035ec x30:0x11111111 x28=0x911146fd
           5596	       178	800000ce	002e5e13	srli	x28,x28,0x2	 x28:0x911146fd x28=0x244451bf
           5616	       179	800000d2	3b1e1073	csrrw	x0,pmpaddr1,x28	 x28:0x244451bf  x0=0x00000000
           5736	       185	800000d6	00003e17	auipc	x28,0x3	 x28=0x800030d6
           5916	       194	800000da	516e0e13	addi	x28,x28,1302	 x28:0x800030d6 x28=0x800035ec
           5936	       195	800000de	22222f37	lui	x30,0x22222	 x30=0x22222000
           5956	       196	800000e2	222f0f13	addi	x30,x30,546	 x30:0x22222000 x30=0x22222222
           5976	       197	800000e6	9e7a	c.add	x28,x30	 x28:0x800035ec x30:0x22222222 x28=0xa222580e
           5996	       198	800000e8	002e5e13	srli	x28,x28,0x2	 x28:0xa222580e x28=0x28889603
           6016	       199	800000ec	3b2e1073	csrrw	x0,pmpaddr2,x28	 x28:0x28889603  x0=0x00000000
           6236	       210	800000f0	00003e17	auipc	x28,0x3	 x28=0x800030f0
           6256	       211	800000f4	4fce0e13	addi	x28,x28,1276	 x28:0x800030f0 x28=0x800035ec
           6276	       212	800000f8	33333f37	lui	x30,0x33333	 x30=0x33333000
           6496	       223	800000fc	333f0f13	addi	x30,x30,819	 x30:0x33333000 x30=0x33333333
           6516	       224	80000100	9e7a	c.add	x28,x30	 x28:0x800035ec x30:0x33333333 x28=0xb333691f
           6616	       229	80000102	002e5e13	srli	x28,x28,0x2	 x28:0xb333691f x28=0x2cccda47
           6636	       230	80000106	3b3e1073	csrrw	x0,pmpaddr3,x28	 x28:0x2cccda47  x0=0x00000000
           6696	       233	8000010a	0f0f1e37	lui	x28,0xf0f1	 x28=0x0f0f1000
           6716	       234	8000010e	f0fe0e13	addi	x28,x28,-241	 x28:0x0f0f1000 x28=0x0f0f0f0f
           6816	       239	80000112	3a0e1073	csrrw	x0,pmpcfg0,x28	 x28:0x0f0f0f0f  x0=0x00000000
           7236	       260	80000116	00003e17	auipc	x28,0x3	 x28=0x80003116
           7656	       281	8000011a	4d6e0e13	addi	x28,x28,1238	 x28:0x80003116 x28=0x800035ec
           7676	       282	8000011e	44444f37	lui	x30,0x44444	 x30=0x44444000
           7876	       292	80000122	444f0f13	addi	x30,x30,1092	 x30:0x44444000 x30=0x44444444
           7896	       293	80000126	9e7a	c.add	x28,x30	 x28:0x800035ec x30:0x44444444 x28=0xc4447a30
           8196	       308	80000128	002e5e13	srli	x28,x28,0x2	 x28:0xc4447a30 x28=0x31111e8c
           8216	       309	8000012c	3b4e1073	csrrw	x0,pmpaddr4,x28	 x28:0x31111e8c  x0=0x00000000
           8636	       330	80000130	00003e17	auipc	x28,0x3	 x28=0x80003130
           8756	       336	80000134	4bce0e13	addi	x28,x28,1212	 x28:0x80003130 x28=0x800035ec
           8776	       337	80000138	55555f37	lui	x30,0x55555	 x30=0x55555000
           8876	       342	8000013c	555f0f13	addi	x30,x30,1365	 x30:0x55555000 x30=0x55555555
           8896	       343	80000140	9e7a	c.add	x28,x30	 x28:0x800035ec x30:0x55555555 x28=0xd5558b41
           8956	       346	80000142	002e5e13	srli	x28,x28,0x2	 x28:0xd5558b41 x28=0x355562d0
           9156	       356	80000146	3b5e1073	csrrw	x0,pmpaddr5,x28	 x28:0x355562d0  x0=0x00000000
           9216	       359	8000014a	00003e17	auipc	x28,0x3	 x28=0x8000314a
           9296	       363	8000014e	4a2e0e13	addi	x28,x28,1186	 x28:0x8000314a x28=0x800035ec
           9396	       368	80000152	66666f37	lui	x30,0x66666	 x30=0x66666000
           9516	       374	80000156	666f0f13	addi	x30,x30,1638	 x30:0x66666000 x30=0x66666666
           9536	       375	8000015a	9e7a	c.add	x28,x30	 x28:0x800035ec x30:0x66666666 x28=0xe6669c52
           9656	       381	8000015c	002e5e13	srli	x28,x28,0x2	 x28:0xe6669c52 x28=0x3999a714
           9676	       382	80000160	3b6e1073	csrrw	x0,pmpaddr6,x28	 x28:0x3999a714  x0=0x00000000
           9736	       385	80000164	00003e17	auipc	x28,0x3	 x28=0x80003164
           9796	       388	80000168	488e0e13	addi	x28,x28,1160	 x28:0x80003164 x28=0x800035ec
           9856	       391	8000016c	77777f37	lui	x30,0x77777	 x30=0x77777000
           9876	       392	80000170	777f0f13	addi	x30,x30,1911	 x30:0x77777000 x30=0x77777777
           9896	       393	80000174	9e7a	c.add	x28,x30	 x28:0x800035ec x30:0x77777777 x28=0xf777ad63
           9996	       398	80000176	002e5e13	srli	x28,x28,0x2	 x28:0xf777ad63 x28=0x3dddeb58
          10036	       400	8000017a	3b7e1073	csrrw	x0,pmpaddr7,x28	 x28:0x3dddeb58  x0=0x00000000
          10216	       409	8000017e	0f0f1e37	lui	x28,0xf0f1	 x28=0x0f0f1000
          10236	       410	80000182	f0fe0e13	addi	x28,x28,-241	 x28:0x0f0f1000 x28=0x0f0f0f0f
          10616	       429	80000186	3a1e1073	csrrw	x0,pmpcfg1,x28	 x28:0x0f0f0f0f  x0=0x00000000
          10676	       432	8000018a	00003e17	auipc	x28,0x3	 x28=0x8000318a
          10696	       433	8000018e	462e0e13	addi	x28,x28,1122	 x28:0x8000318a x28=0x800035ec
          10716	       434	80000192	88889f37	lui	x30,0x88889	 x30=0x88889000
          10796	       438	80000196	888f0f13	addi	x30,x30,-1912	 x30:0x88889000 x30=0x88888888
          10816	       439	8000019a	9e7a	c.add	x28,x30	 x28:0x800035ec x30:0x88888888 x28=0x0888be74
          10836	       440	8000019c	002e5e13	srli	x28,x28,0x2	 x28:0x0888be74 x28=0x02222f9d
          10896	       443	800001a0	3b8e1073	csrrw	x0,pmpaddr8,x28	 x28:0x02222f9d  x0=0x00000000
          10996	       448	800001a4	00003e17	auipc	x28,0x3	 x28=0x800031a4
          11216	       459	800001a8	448e0e13	addi	x28,x28,1096	 x28:0x800031a4 x28=0x800035ec
          11236	       460	800001ac	9999af37	lui	x30,0x9999a	 x30=0x9999a000
          11256	       461	800001b0	999f0f13	addi	x30,x30,-1639	 x30:0x9999a000 x30=0x99999999
          11276	       462	800001b4	9e7a	c.add	x28,x30	 x28:0x800035ec x30:0x99999999 x28=0x1999cf85
          11416	       469	800001b6	002e5e13	srli	x28,x28,0x2	 x28:0x1999cf85 x28=0x066673e1
          11536	       475	800001ba	3b9e1073	csrrw	x0,pmpaddr9,x28	 x28:0x066673e1  x0=0x00000000
          11596	       478	800001be	00003e17	auipc	x28,0x3	 x28=0x800031be
          11616	       479	800001c2	42ee0e13	addi	x28,x28,1070	 x28:0x800031be x28=0x800035ec
          11996	       498	800001c6	aaaabf37	lui	x30,0xaaaab	 x30=0xaaaab000
          12016	       499	800001ca	aaaf0f13	addi	x30,x30,-1366	 x30:0xaaaab000 x30=0xaaaaaaaa
          12036	       500	800001ce	9e7a	c.add	x28,x30	 x28:0x800035ec x30:0xaaaaaaaa x28=0x2aaae096
          12076	       502	800001d0	002e5e13	srli	x28,x28,0x2	 x28:0x2aaae096 x28=0x0aaab825
          12096	       503	800001d4	3bae1073	csrrw	x0,pmpaddr10,x28	 x28:0x0aaab825  x0=0x00000000
          12516	       524	800001d8	00003e17	auipc	x28,0x3	 x28=0x800031d8
          12936	       545	800001dc	414e0e13	addi	x28,x28,1044	 x28:0x800031d8 x28=0x800035ec
          12976	       547	800001e0	bbbbcf37	lui	x30,0xbbbbc	 x30=0xbbbbc000
          12996	       548	800001e4	bbbf0f13	addi	x30,x30,-1093	 x30:0xbbbbc000 x30=0xbbbbbbbb
          13016	       549	800001e8	9e7a	c.add	x28,x30	 x28:0x800035ec x30:0xbbbbbbbb x28=0x3bbbf1a7
          13436	       570	800001ea	002e5e13	srli	x28,x28,0x2	 x28:0x3bbbf1a7 x28=0x0eeefc69
          13456	       571	800001ee	3bbe1073	csrrw	x0,pmpaddr11,x28	 x28:0x0eeefc69  x0=0x00000000
          13876	       592	800001f2	0f0f1e37	lui	x28,0xf0f1	 x28=0x0f0f1000
          14296	       613	800001f6	f0fe0e13	addi	x28,x28,-241	 x28:0x0f0f1000 x28=0x0f0f0f0f
          14416	       619	800001fa	3a2e1073	csrrw	x0,pmpcfg2,x28	 x28:0x0f0f0f0f  x0=0x00000000
          14836	       640	800001fe	00003e17	auipc	x28,0x3	 x28=0x800031fe
          14956	       646	80000202	3eee0e13	addi	x28,x28,1006	 x28:0x800031fe x28=0x800035ec
          15156	       656	80000206	ccccdf37	lui	x30,0xccccd	 x30=0xccccd000
          15336	       665	8000020a	cccf0f13	addi	x30,x30,-820	 x30:0xccccd000 x30=0xcccccccc
          15356	       666	8000020e	9e7a	c.add	x28,x30	 x28:0x800035ec x30:0xcccccccc x28=0x4ccd02b8
          15376	       667	80000210	002e5e13	srli	x28,x28,0x2	 x28:0x4ccd02b8 x28=0x133340ae
          15556	       676	80000214	3bce1073	csrrw	x0,pmpaddr12,x28	 x28:0x133340ae  x0=0x00000000
          15616	       679	80000218	00003e17	auipc	x28,0x3	 x28=0x80003218
          15676	       682	8000021c	3d4e0e13	addi	x28,x28,980	 x28:0x80003218 x28=0x800035ec
          15696	       683	80000220	ddddef37	lui	x30,0xdddde	 x30=0xdddde000
          15876	       692	80000224	dddf0f13	addi	x30,x30,-547	 x30:0xdddde000 x30=0xdddddddd
          15896	       693	80000228	9e7a	c.add	x28,x30	 x28:0x800035ec x30:0xdddddddd x28=0x5dde13c9
          16016	       699	8000022a	002e5e13	srli	x28,x28,0x2	 x28:0x5dde13c9 x28=0x177784f2
          16036	       700	8000022e	3bde1073	csrrw	x0,pmpaddr13,x28	 x28:0x177784f2  x0=0x00000000
          16096	       703	80000232	00003e17	auipc	x28,0x3	 x28=0x80003232
          16116	       704	80000236	3bae0e13	addi	x28,x28,954	 x28:0x80003232 x28=0x800035ec
          16276	       712	8000023a	eeeeff37	lui	x30,0xeeeef	 x30=0xeeeef000
          16296	       713	8000023e	eeef0f13	addi	x30,x30,-274	 x30:0xeeeef000 x30=0xeeeeeeee
          16316	       714	80000242	9e7a	c.add	x28,x30	 x28:0x800035ec x30:0xeeeeeeee x28=0x6eef24da
          16336	       715	80000244	002e5e13	srli	x28,x28,0x2	 x28:0x6eef24da x28=0x1bbbc936
          16516	       724	80000248	3bee1073	csrrw	x0,pmpaddr14,x28	 x28:0x1bbbc936  x0=0x00000000
          16616	       729	8000024c	00003e17	auipc	x28,0x3	 x28=0x8000324c
          17036	       750	80000250	3a0e0e13	addi	x28,x28,928	 x28:0x8000324c x28=0x800035ec
          17056	       751	80000254	fff00f13	addi	x30,x0,-1	  x0:0x00000000 x30=0xffffffff
          17076	       752	80000258	9e7a	c.add	x28,x30	 x28:0x800035ec x30:0xffffffff x28=0x800035eb
          17096	       753	8000025a	002e5e13	srli	x28,x28,0x2	 x28:0x800035eb x28=0x20000d7a
          17116	       754	8000025e	3bfe1073	csrrw	x0,pmpaddr15,x28	 x28:0x20000d7a  x0=0x00000000
          17176	       757	80000262	0f0f1e37	lui	x28,0xf0f1	 x28=0x0f0f1000
          17316	       764	80000266	f0fe0e13	addi	x28,x28,-241	 x28:0x0f0f1000 x28=0x0f0f0f0f
          17336	       765	8000026a	3a3e1073	csrrw	x0,pmpcfg3,x28	 x28:0x0f0f0f0f  x0=0x00000000
          17396	       768	8000026e	00000f17	auipc	x30,0x0	 x30=0x8000026e
          17776	       787	80000272	058f0f13	addi	x30,x30,88	 x30:0x8000026e x30=0x800002c6
          17796	       788	80000276	341f1073	csrrw	x0,mepc,x30	 x30:0x800002c6  x0=0x00000000
          17976	       797	8000027a	7c00d073	csrrwi	x0,0x7c0,1	  x0=0x00000000
          18036	       800	8000027e	6f09	c.lui	x30,0x2	 x30=0x00002000
          18056	       801	80000280	800f0f13	addi	x30,x30,-2048	 x30:0x00002000 x30=0x00001800
          18076	       802	80000284	300f1073	csrrw	x0,mstatus,x30	 x30:0x00001800  x0=0x00000000
          18136	       805	80000288	4f01	c.li	x30,0	 x30=0x00000000
          18316	       814	8000028a	304f1073	csrrw	x0,mie,x30	 x30:0x00000000  x0=0x00000000
          18376	       817	8000028e	900005b7	lui	x11,0x90000	 x11=0x90000000
          18396	       818	80000292	15f1	c.addi	x11,-4	 x11:0x90000000 x11=0x8ffffffc
          18556	       826	80000294	30000f13	addi	x30,x0,768	  x0:0x00000000 x30=0x00000300
          18576	       827	80000298	0f22	c.slli	x30,0x8	 x30:0x00000300 x30=0x00030000
          18596	       828	8000029a	0f0d	c.addi	x30,3	 x30:0x00030000 x30=0x00030003
          18656	       831	8000029c	01e5a023	sw	x30,0(x11)	 x11:0x8ffffffc x30:0x00030003 PA:0x8ffffffc store:0x00030003
          18676	       832	800002a0	30002f73	csrrs	x30,mstatus,x0	  x0:0x00000000 x30=0x00001800
          19056	       851	800002a4	01e5a023	sw	x30,0(x11)	 x11:0x8ffffffc x30:0x00001800 PA:0x8ffffffc store:0x00001800
          19076	       852	800002a8	900005b7	lui	x11,0x90000	 x11=0x90000000
          19096	       853	800002ac	15f1	c.addi	x11,-4	 x11:0x90000000 x11=0x8ffffffc
          19116	       854	800002ae	30400f13	addi	x30,x0,772	  x0:0x00000000 x30=0x00000304
          19136	       855	800002b2	0f22	c.slli	x30,0x8	 x30:0x00000304 x30=0x00030400
          19156	       856	800002b4	0f0d	c.addi	x30,3	 x30:0x00030400 x30=0x00030403
          19596	       878	800002b6	01e5a023	sw	x30,0(x11)	 x11:0x8ffffffc x30:0x00030403 PA:0x8ffffffc store:0x00030403
          19616	       879	800002ba	30402f73	csrrs	x30,mie,x0	  x0:0x00000000 x30=0x00000000
          20116	       904	800002be	01e5a023	sw	x30,0(x11)	 x11:0x8ffffffc x30:0x00000000 PA:0x8ffffffc store:0x00000000
          20136	       905	800002c2	30200073	mret	
          20216	       909	800002c6	00b00013	addi	x0,x0,11	  x0:0x00000000  x0=0x00000000
          20236	       910	800002ca	c74ca0b7	lui	x1,0xc74ca	  x1=0xc74ca000
          20256	       911	800002ce	99108093	addi	x1,x1,-1647	  x1:0xc74ca000  x1=0xc74c9991
          20276	       912	800002d2	80000137	lui	x2,0x80000	  x2=0x80000000
          20296	       913	800002d6	f87511b7	lui	x3,0xf8751	  x3=0xf8751000
          20316	       914	800002da	16e18193	addi	x3,x3,366	  x3:0xf8751000  x3=0xf875116e
          20856	       941	800002de	fb6ed237	lui	x4,0xfb6ed	  x4=0xfb6ed000
          20876	       942	800002e2	f1320213	addi	x4,x4,-237	  x4:0xfb6ed000  x4=0xfb6ecf13
          21296	       963	800002e6	f135b2b7	lui	x5,0xf135b	  x5=0xf135b000
          21436	       970	800002ea	c1528293	addi	x5,x5,-1003	  x5:0xf135b000  x5=0xf135ac15
          21456	       971	800002ee	25d4a3b7	lui	x7,0x25d4a	  x7=0x25d4a000
          21476	       972	800002f2	df238393	addi	x7,x7,-526	  x7:0x25d4a000  x7=0x25d49df2
          21496	       973	800002f6	d9c38437	lui	x8,0xd9c38	  x8=0xd9c38000
          21516	       974	800002fa	31c40413	addi	x8,x8,796	  x8:0xd9c38000  x8=0xd9c3831c
          21576	       977	800002fe	800004b7	lui	x9,0x80000	  x9=0x80000000
          21656	       981	80000302	f77f2537	lui	x10,0xf77f2	 x10=0xf77f2000
          21676	       982	80000306	f6950513	addi	x10,x10,-151	 x10:0xf77f2000 x10=0xf77f1f69
          22096	      1003	8000030a	800005b7	lui	x11,0x80000	 x11=0x80000000
          22116	      1004	8000030e	4605	c.li	x12,1	 x12=0x00000001
          22136	      1005	80000310	4681	c.li	x13,0	 x13=0x00000000
          22156	      1006	80000312	fe5cb737	lui	x14,0xfe5cb	 x14=0xfe5cb000
          22176	      1007	80000316	90c70713	addi	x14,x14,-1780	 x14:0xfe5cb000 x14=0xfe5ca90c
          22196	      1008	8000031a	47a5	c.li	x15,9	 x15=0x00000009
          22276	      1012	8000031c	80000837	lui	x16,0x80000	 x16=0x80000000
          22736	      1035	80000320	4881	c.li	x17,0	 x17=0x00000000
          22756	      1036	80000322	4909	c.li	x18,2	 x18=0x00000002
          22876	      1042	80000324	800009b7	lui	x19,0x80000	 x19=0x80000000
          22896	      1043	80000328	fe8b4a37	lui	x20,0xfe8b4	 x20=0xfe8b4000
          22916	      1044	8000032c	0aaa0a13	addi	x20,x20,170	 x20:0xfe8b4000 x20=0xfe8b40aa
          23116	      1054	80000330	52598ab7	lui	x21,0x52598	 x21=0x52598000
          23196	      1058	80000334	acba8a93	addi	x21,x21,-1333	 x21:0x52598000 x21=0x52597acb
          23396	      1068	80000338	dc4e6b37	lui	x22,0xdc4e6	 x22=0xdc4e6000
          23416	      1069	8000033c	7e7b0b13	addi	x22,x22,2023	 x22:0xdc4e6000 x22=0xdc4e67e7
          23836	      1090	80000340	80000bb7	lui	x23,0x80000	 x23=0x80000000
          23856	      1091	80000344	3610bc37	lui	x24,0x3610b	 x24=0x3610b000
          24256	      1111	80000348	c2dc0c13	addi	x24,x24,-979	 x24:0x3610b000 x24=0x3610ac2d
          24276	      1112	8000034c	4c8d	c.li	x25,3	 x25=0x00000003
          24316	      1114	8000034e	f3a9ed37	lui	x26,0xf3a9e	 x26=0xf3a9e000
          24476	      1122	80000352	402d0d13	addi	x26,x26,1026	 x26:0xf3a9e000 x26=0xf3a9e402
          24496	      1123	80000356	4d81	c.li	x27,0	 x27=0x00000000
          24516	      1124	80000358	269fce37	lui	x28,0x269fc	 x28=0x269fc000
          24536	      1125	8000035c	3a0e0e13	addi	x28,x28,928	 x28:0x269fc000 x28=0x269fc3a0
          24556	      1126	80000360	4e89	c.li	x29,2	 x29=0x00000002
          24576	      1127	80000362	775e2f37	lui	x30,0x775e2	 x30=0x775e2000
          24916	      1144	80000366	479f0f13	addi	x30,x30,1145	 x30:0x775e2000 x30=0x775e2479
          24936	      1145	8000036a	00022317	auipc	x6,0x22	  x6=0x8002236a
          25116	      1154	8000036e	afa30313	addi	x6,x6,-1286	  x6:0x8002236a  x6=0x80021e64
          26696	      1233	80000372	900005b7	lui	x11,0x90000	 x11=0x90000000
          26716	      1234	80000376	15f1	c.addi	x11,-4	 x11:0x90000000 x11=0x8ffffffc
          26736	      1235	80000378	4f01	c.li	x30,0	 x30=0x00000000
          26756	      1236	8000037a	0f22	c.slli	x30,0x8	 x30:0x00000000 x30=0x00000000
          26776	      1237	8000037c	000f0f13	addi	x30,x30,0	 x30:0x00000000 x30=0x00000000
          27036	      1250	80000380	01e5a023	sw	x30,0(x11)	 x11:0x8ffffffc x30:0x00000000 PA:0x8ffffffc store:0x00000000
          27056	      1251	80000384	2680306f	jal	x0,800035ec	  x0=0x00000000
          27116	      1254	800035ec	00664133	xor	x2,x12,x6	 x12:0x00000001  x6:0x80021e64  x2=0x80021e65
          27156	      1256	800035f0	061a19b7	lui	x19,0x61a1	 x19=0x061a1000
          27356	      1266	800035f4	85f9	c.srai	x11,0x1e	 x11:0x8ffffffc x11=0xfffffffe
          27376	      1267	800035f6	340c91f3	csrrw	x3,mscratch,x25	 x25:0x00000003  x3=0x00000000
          27396	      1268	800035fa	00000297	auipc	x5,0x0	  x5=0x800035fa
          27816	      1289	800035fe	0ec28293	addi	x5,x5,236	  x5:0x800035fa  x5=0x800036e6
          27856	      1291	80003602	03aa2133	mulhsu	x2,x20,x26	 x20:0xfe8b40aa x26:0xf3a9e402  x2=0xfe9d3703
          27876	      1292	80003606	003edc13	srli	x24,x29,0x3	 x29:0x00000002 x24=0x00000000
          28016	      1299	8000360a	d7828293	addi	x5,x5,-648	  x5:0x800036e6  x5=0x8000345e
          28036	      1300	8000360e	34002bf3	csrrs	x23,mscratch,x0	  x0:0x00000000 x23=0x00000003
          28056	      1301	80003612	cb00e193	ori	x3,x1,-848	  x1:0xc74c9991  x3=0xfffffdb1
          28076	      1302	80003616	0ab1	c.addi	x21,12	 x21:0x52597acb x21=0x52597ad7
          28556	      1326	80003618	005bc463	blt	x23,x5,80003620	 x23:0x00000003  x5:0x8000345e
          28976	      1347	8000361c	01b0e233	or	x4,x1,x27	  x1:0xc74c9991 x27:0x00000000  x4=0xc74c9991
          28996	      1348	80003620	28828267	jalr	x4,648(x5)	  x5:0x8000345e  x4=0x80003624
          29156	      1356	800036e6	1321	c.addi	x6,-24	  x6:0x80021e64  x6=0x80021e4c
          29756	      1386	800036e8	03613733	mulhu	x14,x2,x22	  x2:0xfe9d3703 x22:0xdc4e67e7 x14=0xdb1d1684
          30276	      1412	800036ec	00432223	sw	x4,4(x6)	  x6:0x80021e4c  x4:0x80003624 PA:0x80021e50 store:0x80003624
          30296	      1413	800036f0	34075673	csrrwi	x12,mscratch,14	 x12=0x00000003
          30316	      1414	800036f4	47fd	c.li	x15,31	 x15=0x0000001f
          30336	      1415	800036f6	5bfd	c.li	x23,-1	 x23=0xffffffff
          30356	      1416	800036f8	33f07b93	andi	x23,x0,831	  x0:0x00000000 x23=0x00000000
          30376	      1417	800036fc	0000100f	fence.i	
          31136	      1455	80003700	34003c73	csrrc	x24,mscratch,x0	  x0:0x00000000 x24=0x0000000e
          31316	      1464	80003704	6c6ab713	sltiu	x14,x21,1734	 x21:0x52597ad7 x14=0x00000000
          31376	      1467	80003708	6119	c.addi16sp	x2,384	  x2:0xfe9d3703  x2=0xfe9d3883
          31396	      1468	8000370a	852e	c.mv	x10,x11	  x0:0x00000000 x11:0xfffffffe x10=0xfffffffe
          31416	      1469	8000370c	5f8fe493	ori	x9,x31,1528	 x31:0x80025ce4  x9=0x80025dfc
          31436	      1470	80003710	021eee63	bltu	x29,x1,8000374c	 x29:0x00000002  x1:0xc74c9991
          31756	      1486	8000374c	3409d873	csrrwi	x16,mscratch,19	 x16=0x0000000e
          32656	      1531	80003750	022e47b3	div	x15,x28,x2	 x28:0x269fc3a0  x2:0xfe9d3883 x15=0xffffffe5
          32696	      1533	80003754	0319fdb3	remu	x27,x19,x17	 x19:0x061a1000 x17:0x00000000 x27=0x061a1000
          32716	      1534	80003758	8d75	c.and	x10,x13	 x10:0xfffffffe x13:0x00000000 x10=0x00000000
          32756	      1536	8000375a	020bf933	remu	x18,x23,x0	 x23:0x00000000  x0:0x00000000 x18=0x00000000
          32776	      1537	8000375e	8e9d	c.sub	x13,x15	 x13:0x00000000 x15:0xffffffe5 x13=0x0000001b
          32796	      1538	80003760	57fd	c.li	x15,-1	 x15=0xffffffff
          32816	      1539	80003762	01d8bab3	sltu	x21,x17,x29	 x17:0x00000000 x29:0x00000002 x21=0x00000001
          33116	      1554	80003766	34002573	csrrs	x10,mscratch,x0	  x0:0x00000000 x10=0x00000013
          33136	      1555	8000376a	4e4c2213	slti	x4,x24,1252	 x24:0x0000000e  x4=0x00000001
          33156	      1556	8000376e	02a1	c.addi	x5,8	  x5:0x8000345e  x5=0x80003466
          33196	      1558	80003770	02f33733	mulhu	x14,x6,x15	  x6:0x80021e4c x15:0xffffffff x14=0x80021e4b
          33336	      1565	80003774	00966733	or	x14,x12,x9	 x12:0x00000003  x9:0x80025dfc x14=0x80025dff
          33356	      1566	80003778	8055	c.srli	x8,0x15	  x8:0xd9c3831c  x8=0x000006ce
          33456	      1571	8000377a	025eec63	bltu	x29,x5,800037b2	 x29:0x00000002  x5:0x80003466
          34436	      1620	800037b2	0ff0000f	fence	iorw,iorw	
          34636	      1630	800037b6	00b21713	slli	x14,x4,0xb	  x4:0x00000001 x14=0x00000800
          34736	      1635	800037ba	41c65d13	srai	x26,x12,0x1c	 x12:0x00000003 x26=0x00000000
          34756	      1636	800037be	340c2473	csrrs	x8,mscratch,x24	 x24:0x0000000e  x8=0x00000013
          34776	      1637	800037c2	8405	c.srai	x8,0x1	  x8:0x00000013  x8=0x00000009
          34816	      1639	800037c4	020d5cb3	divu	x25,x26,x0	 x26:0x00000000  x0:0x00000000 x25=0xffffffff
          34836	      1640	800037c8	1a7d	c.addi	x20,-1	 x20:0xfe8b40aa x20=0xfe8b40a9
          34856	      1641	800037ca	009c5bb3	srl	x23,x24,x9	 x24:0x0000000e  x9:0x80025dfc x23=0x00000000
          35076	      1652	800037ce	76a7a613	slti	x12,x15,1898	 x15:0xffffffff x12=0x00000001
          35816	      1689	800037d2	02c4d833	divu	x16,x9,x12	  x9:0x80025dfc x12:0x00000001 x16=0x80025dfc
          35836	      1690	800037d6	00523bb3	sltu	x23,x4,x5	  x4:0x00000001  x5:0x80003466 x23=0x00000001
          35856	      1691	800037da	0001	c.addi	x0,0	  x0:0x00000000  x0=0x00000000
          35876	      1692	800037dc	34002973	csrrs	x18,mscratch,x0	  x0:0x00000000 x18=0x0000001f
          35896	      1693	800037e0	ec9d	c.bnez	x9,8000381e	  x9:0x80025dfc
          36116	      1704	8000381e	717d	c.addi16sp	x2,-16	  x2:0xfe9d3883  x2=0xfe9d3873
          36336	      1715	80003820	8709	c.srai	x14,0x2	 x14:0x00000800 x14=0x00000200
          36356	      1716	80003822	cb0d	c.beqz	x14,80003854	 x14:0x00000200
          36376	      1717	80003824	00891793	slli	x15,x18,0x8	 x18:0x0000001f x15=0x00001f00
          36396	      1718	80003828	340f50f3	csrrwi	x1,mscratch,30	  x1=0x0000001f
          36416	      1719	8000382c	d2c22f13	slti	x30,x4,-724	  x4:0x00000001 x30=0x00000000
          36436	      1720	80003830	340b98f3	csrrw	x17,mscratch,x23	 x23:0x00000001 x17=0x0000001e
          36756	      1736	80003834	8fdd	c.or	x15,x15	 x15:0x00001f00 x15:0x00001f00 x15=0x00001f00
          36796	      1738	80003836	036a34b3	mulhu	x9,x20,x22	 x20:0xfe8b40a9 x22:0xdc4e67e7  x9=0xdb0da14e
          37176	      1757	8000383a	4091df13	srai	x30,x3,0x9	  x3:0xfffffdb1 x30=0xfffffffe
          37196	      1758	8000383e	06ae	c.slli	x13,0xb	 x13:0x0000001b x13=0x0000d800
          37296	      1763	80003840	00892233	slt	x4,x18,x8	 x18:0x0000001f  x8:0x00000009  x4=0x00000000
          37316	      1764	80003844	005b6033	or	x0,x22,x5	 x22:0xdc4e67e7  x5:0x80003466  x0=0x00000000
          37376	      1767	80003848	187d	c.addi	x16,-1	 x16:0x80025dfc x16=0x80025dfb
          37396	      1768	8000384a	34007273	csrrci	x4,mscratch,0	  x4=0x00000001
          37416	      1769	8000384e	85c1	c.srai	x11,0x10	 x11:0xfffffffe x11=0xffffffff
          37896	      1793	80003850	418f8d33	sub	x26,x31,x24	 x31:0x80025ce4 x24:0x0000000e x26=0x80025cd6
          38036	      1800	80003854	ca344913	xori	x18,x8,-861	  x8:0x00000009 x18=0xfffffcaa
          38056	      1801	80003858	016718b3	sll	x17,x14,x22	 x14:0x00000200 x22:0xdc4e67e7 x17=0x00010000
          38156	      1806	8000385c	683d	c.lui	x16,0xf	 x16=0x0000f000
          38176	      1807	8000385e	098e	c.slli	x19,0x3	 x19:0x061a1000 x19=0x30d08000
          38296	      1813	80003860	8e49	c.or	x12,x10	 x12:0x00000001 x10:0x00000013 x12=0x00000013
          38336	      1815	80003862	02be18b3	mulh	x17,x28,x11	 x28:0x269fc3a0 x11:0xffffffff x17=0xffffffff
          38356	      1816	80003866	66f1	c.lui	x13,0x1c	 x13=0x0001c000
          38376	      1817	80003868	77342537	lui	x10,0x77342	 x10=0x77342000
          38576	      1827	8000386c	340d58f3	csrrwi	x17,mscratch,26	 x17=0x00000001
          38596	      1828	80003870	41d08db3	sub	x27,x1,x29	  x1:0x0000001f x29:0x00000002 x27=0x0000001d
          38736	      1835	80003874	8049	c.srli	x8,0x12	  x8:0x00000009  x8=0x00000000
          38756	      1836	80003876	00dd	c.addi	x1,23	  x1:0x0000001f  x1=0x00000036
          38776	      1837	80003878	0532	c.slli	x10,0xc	 x10:0x77342000 x10=0x42000000
          38796	      1838	8000387a	8c31	c.xor	x8,x12	  x8:0x00000000 x12:0x00000013  x8=0x00000013
          38816	      1839	8000387c	00750263	beq	x10,x7,80003880	 x10:0x42000000  x7:0x25d49df2
          38836	      1840	80003880	340061f3	csrrsi	x3,mscratch,0	  x3=0x0000001a
          38856	      1841	80003884	82ad	c.srli	x13,0xb	 x13:0x0001c000 x13=0x00000038
          38876	      1842	80003886	2d2d48b7	lui	x17,0x2d2d4	 x17=0x2d2d4000
          38916	      1844	8000388a	020aca33	div	x20,x21,x0	 x21:0x00000001  x0:0x00000000 x20=0xffffffff
          39076	      1852	8000388e	0ff0000f	fence	iorw,iorw	
          39296	      1863	80003892	04d11a63	bne	x2,x13,800038e6	  x2:0xfe9d3873 x13:0x00000038
          40556	      1926	800038e6	0252d763	bge	x5,x5,80003914	  x5:0x80003466  x5:0x80003466
          41576	      1977	80003914	02019963	bne	x3,x0,80003946	  x3:0x0000001a  x0:0x00000000
          42536	      2025	80003946	8cd5	c.or	x9,x13	  x9:0xdb0da14e x13:0x00000038  x9=0xdb0da17e
          43376	      2067	80003948	41245113	srai	x2,x8,0x12	  x8:0x00000013  x2=0x00000000
          43796	      2088	8000394c	019a7733	and	x14,x20,x25	 x20:0xffffffff x25:0xffffffff x14=0xffffffff
          43816	      2089	80003950	0001	c.addi	x0,0	  x0:0x00000000  x0=0x00000000
          43896	      2093	80003952	02a98733	mul	x14,x19,x10	 x19:0x30d08000 x10:0x42000000 x14=0x00000000
          43936	      2095	80003956	02929933	mulh	x18,x5,x9	  x5:0x80003466  x9:0xdb0da17e x18=0x127927b1
          43956	      2096	8000395a	402000b3	sub	x1,x0,x2	  x0:0x00000000  x2:0x00000000  x1=0x00000000
          43976	      2097	8000395e	0134de93	srli	x29,x9,0x13	  x9:0xdb0da17e x29=0x00001b61
          43996	      2098	80003962	87d1	c.srai	x15,0x14	 x15:0x00001f00 x15=0x00000000
          44876	      2142	80003964	02b1df33	divu	x30,x3,x11	  x3:0x0000001a x11:0xffffffff x30=0x00000000
          44896	      2143	80003968	5c81e013	ori	x0,x3,1480	  x3:0x0000001a  x0=0x00000000
          44916	      2144	8000396c	8b1d	c.andi	x14,7	 x14:0x00000000 x14=0x00000000
          44936	      2145	8000396e	83f9	c.srli	x15,0x1e	 x15:0x00000000 x15=0x00000000
          44956	      2146	80003970	606d8693	addi	x13,x27,1542	 x27:0x0000001d x13=0x00000623
          44976	      2147	80003974	025df663	bgeu	x27,x5,800039a0	 x27:0x0000001d  x5:0x80003466
          45716	      2184	80003978	02834c33	div	x24,x6,x8	  x6:0x80021e4c  x8:0x00000013 x24=0xf9437adc
          45736	      2185	8000397c	00ddef33	or	x30,x27,x13	 x27:0x0000001d x13:0x00000623 x30=0x0000063f
          45756	      2186	80003980	02eb7063	bgeu	x22,x14,800039a0	 x22:0xdc4e67e7 x14:0x00000000
          45836	      2190	800039a0	8a69	c.andi	x12,26	 x12:0x00000013 x12=0x00000012
          46336	      2215	800039a2	00432203	lw	x4,4(x6)	  x6:0x80021e4c  x4=0x80003624 PA:0x80021e50 load:0x80003624
          46356	      2216	800039a6	c86fac93	slti	x25,x31,-890	 x31:0x80025ce4 x25=0x00000001
          46376	      2217	800039aa	0361	c.addi	x6,24	  x6:0x80021e4c  x6=0x80021e64
          46416	      2219	800039ac	00914833	xor	x16,x2,x9	  x2:0x00000000  x9:0xdb0da17e x16=0xdb0da17e
          46516	      2224	800039b0	03afa033	mulhsu	x0,x31,x26	 x31:0x80025ce4 x26:0x80025cd6  x0=0x00000000
          46536	      2225	800039b4	00120a13	addi	x20,x4,1	  x4:0x80003624 x20=0x80003625
          46916	      2244	800039b8	000a0a67	jalr	x20,0(x20)	 x20:0x80003625 x20=0x800039bc
          47996	      2298	80003624	03b8f733	remu	x14,x17,x27	 x17:0x2d2d4000 x27:0x0000001d x14=0x00000017
          48016	      2299	80003628	00000097	auipc	x1,0x0	  x1=0x80003628
          48036	      2300	8000362c	39408093	addi	x1,x1,916	  x1:0x80003628  x1=0x800039bc
          48056	      2301	80003630	0ccd	c.addi	x25,19	 x25:0x00000001 x25=0x00000014
          48076	      2302	80003632	717d	c.addi16sp	x2,-16	  x2:0x00000000  x2=0xfffffff0
          48816	      2339	80003634	03fc5eb3	divu	x29,x24,x31	 x24:0xf9437adc x31:0x80025ce4 x29=0x00000001
          49556	      2376	80003638	03bbeeb3	rem	x29,x23,x27	 x23:0x00000001 x27:0x0000001d x29=0x00000001
          49576	      2377	8000363c	017b8c33	add	x24,x23,x23	 x23:0x00000001 x23:0x00000001 x24=0x00000002
          49596	      2378	80003640	617d	c.addi16sp	x2,496	  x2:0xfffffff0  x2=0x000001e0
          49616	      2379	80003642	1f608093	addi	x1,x1,502	  x1:0x800039bc  x1=0x80003bb2
          49636	      2380	80003646	004fc763	blt	x31,x4,80003654	 x31:0x80025ce4  x4:0x80003624
          50376	      2417	8000364a	0245d4b3	divu	x9,x11,x4	 x11:0xffffffff  x4:0x80003624  x9=0x00000001
          50396	      2418	8000364e	c2bc2c13	slti	x24,x24,-981	 x24:0x00000002 x24=0x00000000
          50416	      2419	80003652	8d55	c.or	x10,x13	 x10:0x42000000 x13:0x00000623 x10=0x42000623
          50436	      2420	80003654	e0b08267	jalr	x4,-501(x1)	  x1:0x80003bb2  x4=0x80003658
          50476	      2422	800039bc	80c9	c.srli	x9,0x12	  x9:0x00000001  x9=0x00000000
          50496	      2423	800039be	3767c793	xori	x15,x15,886	 x15:0x00000000 x15=0x00000376
          50516	      2424	800039c2	01a439b3	sltu	x19,x8,x26	  x8:0x00000013 x26:0x80025cd6 x19=0x00000001
          50536	      2425	800039c6	02750733	mul	x14,x10,x7	 x10:0x42000623  x7:0x25d49df2 x14=0x8bc54416
          50556	      2426	800039ca	fd030313	addi	x6,x6,-48	  x6:0x80021e64  x6=0x80021e34
          50676	      2432	800039ce	00432223	sw	x4,4(x6)	  x6:0x80021e34  x4:0x80003658 PA:0x80021e38 store:0x80003658
          50716	      2434	800039d2	41d15533	sra	x10,x2,x29	  x2:0x000001e0 x29:0x00000001 x10=0x000000f0
          51016	      2449	800039d6	418457b3	sra	x15,x8,x24	  x8:0x00000013 x24:0x00000000 x15=0x00000013
          51436	      2470	800039da	b59bc093	xori	x1,x23,-1191	 x23:0x00000001  x1=0xfffffb58
          51456	      2471	800039de	00c14c33	xor	x24,x2,x12	  x2:0x000001e0 x12:0x00000012 x24=0x000001f2
          51476	      2472	800039e2	717d	c.addi16sp	x2,-16	  x2:0x000001e0  x2=0x000001d0
          51496	      2473	800039e4	6129	c.addi16sp	x2,192	  x2:0x000001d0  x2=0x00000290
          51516	      2474	800039e6	34006273	csrrsi	x4,mscratch,0	  x4=0x0000001a
          51536	      2475	800039ea	be6be193	ori	x3,x23,-1050	 x23:0x00000001  x3=0xfffffbe7
          51556	      2476	800039ee	0001	c.addi	x0,0	  x0:0x00000000  x0=0x00000000
          51616	      2479	800039f0	012b1cb3	sll	x25,x22,x18	 x22:0xdc4e67e7 x18:0x127927b1 x25=0xcfce0000
          51636	      2480	800039f4	00f14b33	xor	x22,x2,x15	  x2:0x00000290 x15:0x00000013 x22=0x00000283
          51656	      2481	800039f8	00c61693	slli	x13,x12,0xc	 x12:0x00000012 x13=0x00012000
          51776	      2487	800039fc	031e0163	beq	x28,x17,80003a1e	 x28:0x269fc3a0 x17:0x2d2d4000
          51836	      2490	80003a00	020b6b33	rem	x22,x22,x0	 x22:0x00000283  x0:0x00000000 x22=0x00000283
          51856	      2491	80003a04	1500	c.addi4spn	x8,x2,672	  x8=0x00000530
          51896	      2493	80003a06	0380b5b3	mulhu	x11,x1,x24	  x1:0xfffffb58 x24:0x000001f2 x11=0x000001f1
          51916	      2494	80003a0a	1894	c.addi4spn	x13,x2,112	 x13=0x00000300
          52016	      2499	80003a0c	9c1a	c.add	x24,x6	 x24:0x000001f2  x6:0x80021e34 x24=0x80022026
          52036	      2500	80003a0e	34023973	csrrc	x18,mscratch,x4	  x4:0x0000001a x18=0x0000001a
          52056	      2501	80003a12	0189f863	bgeu	x19,x24,80003a22	 x19:0x00000001 x24:0x80022026
          52096	      2503	80003a16	9d174913	xori	x18,x14,-1583	 x14:0x8bc54416 x18=0x743abdc7
          52116	      2504	80003a1a	340039f3	csrrc	x19,mscratch,x0	  x0:0x00000000 x19=0x00000000
          52156	      2506	80003a1e	01b64263	blt	x12,x27,80003a22	 x12:0x00000012 x27:0x0000001d
          52936	      2545	80003a22	009dd263	bge	x27,x9,80003a26	 x27:0x0000001d  x9:0x00000000
          53036	      2550	80003a26	34003c73	csrrc	x24,mscratch,x0	  x0:0x00000000 x24=0x00000000
          53056	      2551	80003a2a	8c5e	c.mv	x24,x23	  x0:0x00000000 x23:0x00000001 x24=0x00000001
          53076	      2552	80003a2c	01084463	blt	x16,x16,80003a34	 x16:0xdb0da17e x16:0xdb0da17e
          53276	      2562	80003a30	02ce02b3	mul	x5,x28,x12	 x28:0x269fc3a0 x12:0x00000012  x5=0xb73bc140
          53476	      2572	80003a34	34007a73	csrrci	x20,mscratch,0	 x20=0x00000000
          53736	      2585	80003a38	07c1	c.addi	x15,16	 x15:0x00000013 x15=0x00000023
          53756	      2586	80003a3a	00b56d63	bltu	x10,x11,80003a54	 x10:0x000000f0 x11:0x000001f1
          54376	      2617	80003a54	8199	c.srli	x11,0x6	 x11:0x000001f1 x11=0x00000007
          54496	      2623	80003a56	01afa833	slt	x16,x31,x26	 x31:0x80025ce4 x26:0x80025cd6 x16=0x00000000
          54656	      2631	80003a5a	052df063	bgeu	x27,x18,80003a9a	 x27:0x0000001d x18:0x743abdc7
          54876	      2642	80003a5e	3964cb13	xori	x22,x9,918	  x9:0x00000000 x22=0x00000396
          54916	      2644	80003a62	03be17b3	mulh	x15,x28,x27	 x28:0x269fc3a0 x27:0x0000001d x15=0x00000004
          54956	      2646	80003a66	03d23a33	mulhu	x20,x4,x29	  x4:0x0000001a x29:0x00000001 x20=0x00000000
          55136	      2655	80003a6a	e671ba93	sltiu	x21,x3,-409	  x3:0xfffffbe7 x21=0x00000001
          55296	      2663	80003a6e	34006d73	csrrsi	x26,mscratch,0	 x26=0x00000000
          55316	      2664	80003a72	854d	c.srai	x10,0x13	 x10:0x000000f0 x10=0x00000000
          55336	      2665	80003a74	340fdbf3	csrrwi	x23,mscratch,31	 x23=0x00000000
          55396	      2668	80003a78	4de1	c.li	x27,24	 x27=0x00000018
          55716	      2684	80003a7a	d3b26e93	ori	x29,x4,-709	  x4:0x0000001a x29=0xfffffd3b
          55736	      2685	80003a7e	02870433	mul	x8,x14,x8	 x14:0x8bc54416  x8:0x00000530  x8=0x0f513220
          55756	      2686	80003a82	01a803b3	add	x7,x16,x26	 x16:0x00000000 x26:0x00000000  x7=0x00000000
          55776	      2687	80003a86	71293817	auipc	x16,0x71293	 x16=0xf1296a86
          55796	      2688	80003a8a	34089ef3	csrrw	x29,mscratch,x17	 x17:0x2d2d4000 x29=0x0000001f
          55816	      2689	80003a8e	65a5	c.lui	x11,0x9	 x11=0x00009000
          55856	      2691	80003a90	04ed	c.addi	x9,27	  x9:0x00000000  x9=0x0000001b
          55876	      2692	80003a92	0111	c.addi	x2,4	  x2:0x00000290  x2=0x00000294
          55976	      2697	80003a94	34022673	csrrs	x12,mscratch,x4	  x4:0x0000001a x12=0x2d2d4000
          56076	      2702	80003a98	609d	c.lui	x1,0x7	  x1=0x00007000
          56096	      2703	80003a9a	8291	c.srli	x13,0x4	 x13:0x00000300 x13=0x00000030
          56116	      2704	80003a9c	016264b3	or	x9,x4,x22	  x4:0x0000001a x22:0x00000396  x9=0x0000039e
          56236	      2710	80003aa0	0ff0000f	fence	iorw,iorw	
          56996	      2748	80003aa4	0287e633	rem	x12,x15,x8	 x15:0x00000004  x8:0x0f513220 x12=0x00000004
          57016	      2749	80003aa8	730ec493	xori	x9,x29,1840	 x29:0x0000001f  x9=0x0000072f
          57036	      2750	80003aac	40c85cb3	sra	x25,x16,x12	 x16:0xf1296a86 x12:0x00000004 x25=0xff1296a8
          57056	      2751	80003ab0	01e72c33	slt	x24,x14,x30	 x14:0x8bc54416 x30:0x0000063f x24=0x00000001
          57076	      2752	80003ab4	007c3bb3	sltu	x23,x24,x7	 x24:0x00000001  x7:0x00000000 x23=0x00000000
          57816	      2789	80003ab8	02ca6db3	rem	x27,x20,x12	 x20:0x00000000 x12:0x00000004 x27=0x00000000
          57836	      2790	80003abc	0191b1b3	sltu	x3,x3,x25	  x3:0xfffffbe7 x25:0xff1296a8  x3=0x00000000
          57856	      2791	80003ac0	0000100f	fence.i	
          57936	      2795	80003ac4	0001	c.addi	x0,0	  x0:0x00000000  x0=0x00000000
          57956	      2796	80003ac6	34002673	csrrs	x12,mscratch,x0	  x0:0x00000000 x12=0x2d2d401a
          57976	      2797	80003aca	8c01	c.sub	x8,x8	  x8:0x0f513220  x8:0x0f513220  x8=0x00000000
          58016	      2799	80003acc	02056433	rem	x8,x10,x0	 x10:0x00000000  x0:0x00000000  x8=0x00000000
          58176	      2807	80003ad0	01c10633	add	x12,x2,x28	  x2:0x00000294 x28:0x269fc3a0 x12=0x269fc634
          58256	      2811	80003ad4	5250f913	andi	x18,x1,1317	  x1:0x00007000 x18=0x00000000
          58296	      2813	80003ad8	03ba28b3	mulhsu	x17,x20,x27	 x20:0x00000000 x27:0x00000000 x17=0x00000000
          58316	      2814	80003adc	010fd663	bge	x31,x16,80003ae8	 x31:0x80025ce4 x16:0xf1296a86
          58396	      2818	80003ae0	85f02a37	lui	x20,0x85f02	 x20=0x85f02000
          58436	      2820	80003ae4	03ba3833	mulhu	x16,x20,x27	 x20:0x85f02000 x27:0x00000000 x16=0x00000000
          58576	      2827	80003ae8	005a7cb3	and	x25,x20,x5	 x20:0x85f02000  x5:0xb73bc140 x25=0x85300000
          58596	      2828	80003aec	845d	c.srai	x8,0x17	  x8:0x00000000  x8=0x00000000
          58696	      2833	80003aee	0ff0000f	fence	iorw,iorw	
          58876	      2842	80003af2	00e67463	bgeu	x12,x14,80003afa	 x12:0x269fc634 x14:0x8bc54416
          58896	      2843	80003af6	00851b13	slli	x22,x10,0x8	 x10:0x00000000 x22=0x00000000
          58936	      2845	80003afa	030f93b3	mulh	x7,x31,x16	 x31:0x80025ce4 x16:0x00000000  x7=0x00000000
          59116	      2854	80003afe	01167033	and	x0,x12,x17	 x12:0x269fc634 x17:0x00000000  x0=0x00000000
          59136	      2855	80003b02	082b0e93	addi	x29,x22,130	 x22:0x00000000 x29=0x00000082
          59876	      2892	80003b06	03c5d2b3	divu	x5,x11,x28	 x11:0x00009000 x28:0x269fc3a0  x5=0x00000000
          59916	      2894	80003b0a	032e42b3	div	x5,x28,x18	 x28:0x269fc3a0 x18:0x00000000  x5=0xffffffff
          59936	      2895	80003b0e	016b0933	add	x18,x22,x22	 x22:0x00000000 x22:0x00000000 x18=0x00000000
          59956	      2896	80003b12	8d81	c.sub	x11,x8	 x11:0x00009000  x8:0x00000000 x11=0x00009000
          59976	      2897	80003b14	4a65	c.li	x20,25	 x20=0x00000019
          59996	      2898	80003b16	8c75	c.and	x8,x13	  x8:0x00000000 x13:0x00000030  x8=0x00000000
          60016	      2899	80003b18	03c00e63	beq	x0,x28,80003b54	  x0:0x00000000 x28:0x269fc3a0
          60056	      2901	80003b1c	0282c033	div	x0,x5,x8	  x5:0xffffffff  x8:0x00000000  x0=0x00000000
          60356	      2916	80003b20	0ff0000f	fence	iorw,iorw	
          60516	      2924	80003b24	3a342b93	slti	x23,x8,931	  x8:0x00000000 x23=0x00000001
          60536	      2925	80003b28	40df87b3	sub	x15,x31,x13	 x31:0x80025ce4 x13:0x00000030 x15=0x80025cb4
          60556	      2926	80003b2c	414dd533	sra	x10,x27,x20	 x27:0x00000000 x20:0x00000019 x10=0x00000000
          60976	      2947	80003b30	000b14b3	sll	x9,x22,x0	 x22:0x00000000  x0:0x00000000  x9=0x00000000
          61396	      2968	80003b34	0358c063	blt	x17,x21,80003b54	 x17:0x00000000 x21:0x00000001
          61796	      2988	80003b54	8f59	c.or	x14,x14	 x14:0x8bc54416 x14:0x8bc54416 x14=0x8bc54416
          61836	      2990	80003b56	340598f3	csrrw	x17,mscratch,x11	 x11:0x00009000 x17=0x2d2d401a
          61996	      2998	80003b5a	39a825b7	lui	x11,0x39a82	 x11=0x39a82000
          62016	      2999	80003b5e	915e	c.add	x2,x23	  x2:0x00000294 x23:0x00000001  x2=0x00000295
          62036	      3000	80003b60	0033bc33	sltu	x24,x7,x3	  x7:0x00000000  x3:0x00000000 x24=0x00000000
          62056	      3001	80003b64	8e4e7c13	andi	x24,x28,-1820	 x28:0x269fc3a0 x24=0x269fc0a0
          62076	      3002	80003b68	000cf463	bgeu	x25,x0,80003b70	 x25:0x85300000  x0:0x00000000
          62316	      3014	80003b70	cb19	c.beqz	x14,80003b86	 x14:0x8bc54416
          62336	      3015	80003b72	03cd0233	mul	x4,x26,x28	 x26:0x00000000 x28:0x269fc3a0  x4=0x00000000
          62376	      3017	80003b76	340a5ef3	csrrwi	x29,mscratch,20	 x29=0x00009000
          62396	      3018	80003b7a	0000100f	fence.i	
          62636	      3030	80003b7e	54662513	slti	x10,x12,1350	 x12:0x269fc634 x10=0x00000000
          62756	      3036	80003b82	0363b933	mulhu	x18,x7,x22	  x7:0x00000000 x22:0x00000000 x18=0x00000000
          62776	      3037	80003b86	03c10833	mul	x16,x2,x28	  x2:0x00000295 x28:0x269fc3a0 x16=0xba841c20
          62816	      3039	80003b8a	0324ccb3	div	x25,x9,x18	  x9:0x00000000 x18:0x00000000 x25=0xffffffff
          63156	      3056	80003b8e	7c236d93	ori	x27,x6,1986	  x6:0x80021e34 x27=0x80021ff6
          63176	      3057	80003b92	012ffb33	and	x22,x31,x18	 x31:0x80025ce4 x18:0x00000000 x22=0x00000000
          63196	      3058	80003b96	8fd5	c.or	x15,x13	 x15:0x80025cb4 x13:0x00000030 x15=0x80025cb4
          63596	      3078	80003b98	0890	c.addi4spn	x12,x2,80	 x12=0x000002e5
          63616	      3079	80003b9a	01b45133	srl	x2,x8,x27	  x8:0x00000000 x27:0x80021ff6  x2=0x00000000
          63636	      3080	80003b9e	8e89	c.sub	x13,x10	 x13:0x00000030 x10:0x00000000 x13=0x00000030
          63656	      3081	80003ba0	55fd	c.li	x11,-1	 x11=0xffffffff
          63676	      3082	80003ba2	01e7de63	bge	x15,x30,80003bbe	 x15:0x80025cb4 x30:0x0000063f
          63716	      3084	80003ba6	0233d433	divu	x8,x7,x3	  x7:0x00000000  x3:0x00000000  x8=0xffffffff
          64076	      3102	80003baa	03d37c63	bgeu	x6,x29,80003be2	  x6:0x80021e34 x29:0x00009000
          64716	      3134	80003be2	0b5d	c.addi	x22,23	 x22:0x00000000 x22=0x00000017
          64756	      3136	80003be4	037710b3	mulh	x1,x14,x23	 x14:0x8bc54416 x23:0x00000001  x1=0xffffffff
          64816	      3139	80003be8	82a2	c.mv	x5,x8	  x0:0x00000000  x8:0xffffffff  x5=0xffffffff
          64836	      3140	80003bea	01087833	and	x16,x16,x16	 x16:0xba841c20 x16:0xba841c20 x16=0xba841c20
          64876	      3142	80003bee	038cb0b3	mulhu	x1,x25,x24	 x25:0xffffffff x24:0x269fc0a0  x1=0x269fc09f
          64896	      3143	80003bf2	030b04b3	mul	x9,x22,x16	 x22:0x00000017 x16:0xba841c20  x9=0xc1de86e0
          75376	      3667	80003bf6	55fd	c.li	x11,-1	 x11=0xffffffff
          75396	      3668	80003bf8	5acca013	slti	x0,x25,1452	 x25:0xffffffff  x0=0x00000000
          75416	      3669	80003bfc	004dceb3	xor	x29,x27,x4	 x27:0x80021ff6  x4:0x00000000 x29=0x80021ff6
          75436	      3670	80003c00	692d	c.lui	x18,0xb	 x18=0x0000b000
          75456	      3671	80003c02	40705a93	srai	x21,x0,0x7	  x0:0x00000000 x21=0x00000000
          75816	      3689	80003c06	0b769417	auipc	x8,0xb769	  x8=0x8b76cc06
          75836	      3690	80003c0a	8ee9	c.and	x13,x10	 x13:0x00000030 x10:0x00000000 x13=0x00000000
          75936	      3695	80003c0c	1c83a193	slti	x3,x7,456	  x7:0x00000000  x3=0x00000001
          75956	      3696	80003c10	34059c73	csrrw	x24,mscratch,x11	 x11:0xffffffff x24=0x00000014
          75976	      3697	80003c14	0001	c.addi	x0,0	  x0:0x00000000  x0=0x00000000
          76036	      3700	80003c16	2b0d2097	auipc	x1,0x2b0d2	  x1=0xab0d5c16
          76056	      3701	80003c1a	4127d233	sra	x4,x15,x18	 x15:0x80025cb4 x18:0x0000b000  x4=0x80025cb4
          76076	      3702	80003c1e	00aaa4b3	slt	x9,x21,x10	 x21:0x00000000 x10:0x00000000  x9=0x00000000
          76096	      3703	80003c22	016ce8b3	or	x17,x25,x22	 x25:0xffffffff x22:0x00000017 x17=0xffffffff
          76116	      3704	80003c26	036ec263	blt	x29,x22,80003c4a	 x29:0x80021ff6 x22:0x00000017
          76696	      3733	80003c4a	17558513	addi	x10,x11,373	 x11:0xffffffff x10=0x00000174
          76896	      3743	80003c4e	0009d593	srli	x11,x19,0x0	 x19:0x00000000 x11=0x00000000
          76916	      3744	80003c52	8eb1	c.xor	x13,x12	 x13:0x00000000 x12:0x000002e5 x13=0x000002e5
          76936	      3745	80003c54	02d28bb3	mul	x23,x5,x13	  x5:0xffffffff x13:0x000002e5 x23=0xfffffd1b
          76956	      3746	80003c58	028702b3	mul	x5,x14,x8	 x14:0x8bc54416  x8:0x8b76cc06  x5=0xcd052084
          76976	      3747	80003c5c	03f50463	beq	x10,x31,80003c84	 x10:0x00000174 x31:0x80025ce4
          76996	      3748	80003c60	022a0d33	mul	x26,x20,x2	 x20:0x00000019  x2:0x00000000 x26=0x00000000
          77056	      3751	80003c64	cf8d	c.beqz	x15,80003c9e	 x15:0x80025cb4
          77076	      3752	80003c66	41eb88b3	sub	x17,x23,x30	 x23:0xfffffd1b x30:0x0000063f x17=0xfffff6dc
          77096	      3753	80003c6a	340225f3	csrrs	x11,mscratch,x4	  x4:0x80025cb4 x11=0xffffffff
          77196	      3758	80003c6e	0359ec63	bltu	x19,x21,80003ca6	 x19:0x00000000 x21:0x00000000
          77276	      3762	80003c72	0000100f	fence.i	
          78856	      3841	80003c76	4066dd13	srai	x26,x13,0x6	 x13:0x000002e5 x26=0x0000000b
          78876	      3842	80003c7a	e415	c.bnez	x8,80003ca6	  x8:0x8b76cc06
          79696	      3883	80003ca6	03540f33	mul	x30,x8,x21	  x8:0x8b76cc06 x21:0x00000000 x30=0x00000000
          79716	      3884	80003caa	34035cf3	csrrwi	x25,mscratch,6	 x25=0xffffffff
          79736	      3885	80003cae	02f2	c.slli	x5,0x1c	  x5:0xcd052084  x5=0x40000000
          79756	      3886	80003cb0	0198a4b3	slt	x9,x17,x25	 x17:0xfffff6dc x25:0xffffffff  x9=0x00000001
          79776	      3887	80003cb4	01567e63	bgeu	x12,x21,80003cd0	 x12:0x000002e5 x21:0x00000000
          79936	      3895	80003cd0	07b06e93	ori	x29,x0,123	  x0:0x00000000 x29=0x0000007b
          80376	      3917	80003cd4	039e24b3	mulhsu	x9,x28,x25	 x28:0x269fc3a0 x25:0xffffffff  x9=0x269fc39f
          80396	      3918	80003cd8	340e9ef3	csrrw	x29,mscratch,x29	 x29:0x0000007b x29=0x00000006
          80796	      3938	80003cdc	0ff0000f	fence	iorw,iorw	
          80816	      3939	80003ce0	016a9293	slli	x5,x21,0x16	 x21:0x00000000  x5=0x00000000
          80836	      3940	80003ce4	8e91	c.sub	x13,x12	 x13:0x000002e5 x12:0x000002e5 x13=0x00000000
          80856	      3941	80003ce6	41ffd833	sra	x16,x31,x31	 x31:0x80025ce4 x31:0x80025ce4 x16=0xf80025ce
          80916	      3944	80003cea	35049997	auipc	x19,0x35049	 x19=0xb504ccea
          81256	      3961	80003cee	340e6973	csrrsi	x18,mscratch,28	 x18=0x0000007b
          81316	      3964	80003cf2	03e70a63	beq	x14,x30,80003d26	 x14:0x8bc54416 x30:0x00000000
          81336	      3965	80003cf6	8df9	c.and	x11,x14	 x11:0xffffffff x14:0x8bc54416 x11=0x8bc54416
          81436	      3970	80003cf8	34006773	csrrsi	x14,mscratch,0	 x14=0x0000007f
          81456	      3971	80003cfc	62cdef13	ori	x30,x27,1580	 x27:0x80021ff6 x30=0x80021ffe
          81696	      3983	80003d00	6c08e797	auipc	x15,0x6c08e	 x15=0xec091d00
          81716	      3984	80003d04	01cee1b3	or	x3,x29,x28	 x29:0x00000006 x28:0x269fc3a0  x3=0x269fc3a6
          81736	      3985	80003d08	01751363	bne	x10,x23,80003d0e	 x10:0x00000174 x23:0xfffffd1b
          82076	      4002	80003d0e	8cdd	c.or	x9,x15	  x9:0x269fc39f x15:0xec091d00  x9=0xee9fdf9f
          82096	      4003	80003d10	8f59	c.or	x14,x14	 x14:0x0000007f x14:0x0000007f x14=0x0000007f
          82176	      4007	80003d12	340851f3	csrrwi	x3,mscratch,16	  x3=0x0000007f
          82216	      4009	80003d16	024ea9b3	mulhsu	x19,x29,x4	 x29:0x00000006  x4:0x80025cb4 x19=0x00000003
          82236	      4010	80003d1a	0c90	c.addi4spn	x12,x2,592	 x12=0x00000250
          82256	      4011	80003d1c	0ff0000f	fence	iorw,iorw	
          82276	      4012	80003d20	0ff0000f	fence	iorw,iorw	
          82556	      4026	80003d24	c215	c.beqz	x12,80003d48	 x12:0x00000250
          82756	      4036	80003d26	01949f63	bne	x9,x25,80003d44	  x9:0xee9fdf9f x25:0xffffffff
          84316	      4114	80003d44	296fc6b7	lui	x13,0x296fc	 x13=0x296fc000
          85156	      4156	80003d48	01cb65b3	or	x11,x22,x28	 x22:0x00000017 x28:0x269fc3a0 x11=0x269fc3b7
          85176	      4157	80003d4c	01afcd63	blt	x31,x26,80003d66	 x31:0x80025ce4 x26:0x0000000b
          86116	      4204	80003d66	ab9d4593	xori	x11,x26,-1351	 x26:0x0000000b x11=0xfffffab2
          86136	      4205	80003d6a	e109	c.bnez	x10,80003d6c	 x10:0x00000174
          86336	      4215	80003d6c	0a06	c.slli	x20,0x1	 x20:0x00000019 x20=0x00000032
          86396	      4218	80003d6e	02204db3	div	x27,x0,x2	  x0:0x00000000  x2:0x00000000 x27=0xffffffff
          86596	      4228	80003d72	01ce3c33	sltu	x24,x28,x28	 x28:0x269fc3a0 x28:0x269fc3a0 x24=0x00000000
          86676	      4232	80003d76	00b14cb3	xor	x25,x2,x11	  x2:0x00000000 x11:0xfffffab2 x25=0xfffffab2
          86696	      4233	80003d7a	8da5	c.xor	x11,x9	 x11:0xfffffab2  x9:0xee9fdf9f x11=0x1160252d
          86836	      4240	80003d7c	0386b933	mulhu	x18,x13,x24	 x13:0x296fc000 x24:0x00000000 x18=0x00000000
          86976	      4247	80003d80	3402d7f3	csrrwi	x15,mscratch,5	 x15=0x00000010
          87396	      4268	80003d84	03faec63	bltu	x21,x31,80003dbc	 x21:0x00000000 x31:0x80025ce4
          87876	      4292	80003dbc	340020f3	csrrs	x1,mscratch,x0	  x0:0x00000000  x1=0x00000005
          88716	      4334	80003dc0	34003bf3	csrrc	x23,mscratch,x0	  x0:0x00000000 x23=0x00000005
          88736	      4335	80003dc4	1efd	c.addi	x29,-1	 x29:0x00000006 x29=0x00000005
          88976	      4347	80003dc6	03651633	mulh	x12,x10,x22	 x10:0x00000174 x22:0x00000017 x12=0x00000000
          88996	      4348	80003dca	0001	c.addi	x0,0	  x0:0x00000000  x0=0x00000000
          89156	      4356	80003dcc	004d7463	bgeu	x26,x4,80003dd4	 x26:0x0000000b  x4:0x80025cb4
          89896	      4393	80003dd0	03d86cb3	rem	x25,x16,x29	 x16:0xf80025ce x29:0x00000005 x25=0x00000000
          89916	      4394	80003dd4	34007c73	csrrci	x24,mscratch,0	 x24=0x00000005
          89936	      4395	80003dd8	0f9c	c.addi4spn	x15,x2,976	 x15=0x000003d0
          89956	      4396	80003dda	01be16b3	sll	x13,x28,x27	 x28:0x269fc3a0 x27:0xffffffff x13=0x00000000
          89976	      4397	80003dde	02906463	bltu	x0,x9,80003e06	  x0:0x00000000  x9:0xee9fdf9f
          90596	      4428	80003e06	80d5	c.srli	x9,0x15	  x9:0xee9fdf9f  x9=0x00000774
          90636	      4430	80003e08	908a	c.add	x1,x2	  x1:0x00000005  x2:0x00000000  x1=0x00000005
          90656	      4431	80003e0a	0001	c.addi	x0,0	  x0:0x00000000  x0=0x00000000
          90676	      4432	80003e0c	340414f3	csrrw	x9,mscratch,x8	  x8:0x8b76cc06  x9=0x00000005
          90936	      4445	80003e10	340eb3f3	csrrc	x7,mscratch,x29	 x29:0x00000005  x7=0x8b76cc06
          90956	      4446	80003e14	005bfa63	bgeu	x23,x5,80003e28	 x23:0x00000005  x5:0x00000000
          91296	      4463	80003e28	014b9713	slli	x14,x23,0x14	 x23:0x00000005 x14=0x00500000
          91316	      4464	80003e2c	8fc1	c.or	x15,x8	 x15:0x000003d0  x8:0x8b76cc06 x15=0x8b76cfd6
          91736	      4485	80003e2e	340417f3	csrrw	x15,mscratch,x8	  x8:0x8b76cc06 x15=0x8b76cc02
          91876	      4492	80003e32	00e6c0b3	xor	x1,x13,x14	 x13:0x00000000 x14:0x00500000  x1=0x00500000
          91896	      4493	80003e36	defefe93	andi	x29,x29,-529	 x29:0x00000005 x29=0x00000005
          93036	      4550	80003e3a	0389fcb3	remu	x25,x19,x24	 x19:0x00000003 x24:0x00000005 x25=0x00000003
          93056	      4551	80003e3e	ebb4e893	ori	x17,x9,-325	  x9:0x00000005 x17=0xfffffebf
          93136	      4555	80003e42	00a19293	slli	x5,x3,0xa	  x3:0x0000007f  x5=0x0001fc00
          93236	      4560	80003e46	01bfd263	bge	x31,x27,80003e4a	 x31:0x80025ce4 x27:0xffffffff
          93256	      4561	80003e4a	41115493	srai	x9,x2,0x11	  x2:0x00000000  x9=0x00000000
          93276	      4562	80003e4e	aca58697	auipc	x13,0xaca58	 x13=0x2ca5be4e
          93296	      4563	80003e52	03b55263	bge	x10,x27,80003e76	 x10:0x00000174 x27:0xffffffff
          93396	      4568	80003e76	6699	c.lui	x13,0x6	 x13=0x00006000
          93436	      4570	80003e78	0266	c.slli	x4,0x19	  x4:0x80025cb4  x4=0x68000000
          93836	      4590	80003e7a	04e97363	bgeu	x18,x14,80003ec0	 x18:0x00000000 x14:0x00500000
          94976	      4647	80003e7e	02b0fbb3	remu	x23,x1,x11	  x1:0x00500000 x11:0x1160252d x23=0x00500000
          94996	      4648	80003e82	70b70f13	addi	x30,x14,1803	 x14:0x00500000 x30=0x0050070b
          95736	      4685	80003e86	025f5ab3	divu	x21,x30,x5	 x30:0x0050070b  x5:0x0001fc00 x21=0x00000028
          95756	      4686	80003e8a	9ede	c.add	x29,x23	 x29:0x00000005 x23:0x00500000 x29=0x00500005
          95776	      4687	80003e8c	6471	c.lui	x8,0x1c	  x8=0x0001c000
          95796	      4688	80003e8e	00d42733	slt	x14,x8,x13	  x8:0x0001c000 x13:0x00006000 x14=0x00000000
          95816	      4689	80003e92	340758f3	csrrwi	x17,mscratch,14	 x17=0x8b76cc06
          95836	      4690	80003e96	96a0ab17	auipc	x22,0x96a0a	 x22=0x16a0de96
          95856	      4691	80003e9a	01d71233	sll	x4,x14,x29	 x14:0x00000000 x29:0x00500005  x4=0x00000000
          96056	      4701	80003e9e	a9a1b393	sltiu	x7,x3,-1382	  x3:0x0000007f  x7=0x00000001
          96076	      4702	80003ea2	0729	c.addi	x14,10	 x14:0x00000000 x14=0x0000000a
          96096	      4703	80003ea4	6af64813	xori	x16,x12,1711	 x12:0x00000000 x16=0x000006af
          96116	      4704	80003ea8	004323b3	slt	x7,x6,x4	  x6:0x80021e34  x4:0x00000000  x7=0x00000001
          96256	      4711	80003eac	03a0db63	bge	x1,x26,80003ee2	  x1:0x00500000 x26:0x0000000b
          96616	      4729	80003ee2	34021873	csrrw	x16,mscratch,x4	  x4:0x00000000 x16=0x0000000e
          96636	      4730	80003ee6	34002ef3	csrrs	x29,mscratch,x0	  x0:0x00000000 x29=0x00000000
          96656	      4731	80003eea	0001	c.addi	x0,0	  x0:0x00000000  x0=0x00000000
          96716	      4734	80003eec	019aed33	or	x26,x21,x25	 x21:0x00000028 x25:0x00000003 x26=0x0000002b
          96936	      4745	80003ef0	0001	c.addi	x0,0	  x0:0x00000000  x0=0x00000000
          96956	      4746	80003ef2	03998d63	beq	x19,x25,80003f2c	 x19:0x00000003 x25:0x00000003
          97376	      4767	80003f2c	0001	c.addi	x0,0	  x0:0x00000000  x0=0x00000000
          97536	      4775	80003f2e	002b80b3	add	x1,x23,x2	 x23:0x00500000  x2:0x00000000  x1=0x00500000
          97556	      4776	80003f32	02eac863	blt	x21,x14,80003f62	 x21:0x00000028 x14:0x0000000a
          98296	      4813	80003f36	03584433	div	x8,x16,x21	 x16:0x0000000e x21:0x00000028  x8=0x00000000
         108156	      5306	80003f3a	e019	c.bnez	x8,80003f40	  x8:0x00000000
         108896	      5343	80003f3c	03cbec33	rem	x24,x23,x28	 x23:0x00500000 x28:0x269fc3a0 x24=0x00500000
         109636	      5380	80003f40	035354b3	divu	x9,x6,x21	  x6:0x80021e34 x21:0x00000028  x9=0x033340c1
         109656	      5381	80003f44	34006c73	csrrsi	x24,mscratch,0	 x24=0x00000000
         109676	      5382	80003f48	00458663	beq	x11,x4,80003f54	 x11:0x1160252d  x4:0x00000000
         109696	      5383	80003f4c	01e45d33	srl	x26,x8,x30	  x8:0x00000000 x30:0x0050070b x26=0x00000000
         109716	      5384	80003f50	4185	c.li	x3,1	  x3=0x00000001
         109736	      5385	80003f52	6421	c.lui	x8,0x8	  x8=0x00008000
         109756	      5386	80003f54	191c	c.addi4spn	x15,x2,176	 x15=0x000000b0
         109776	      5387	80003f56	01d81463	bne	x16,x29,80003f5e	 x16:0x0000000e x29:0x00000000
         110516	      5424	80003f5e	037e1063	bne	x28,x23,80003f7e	 x28:0x269fc3a0 x23:0x00500000
         111336	      5465	80003f7e	8bf1	c.andi	x15,28	 x15:0x000000b0 x15=0x00000010
         111956	      5496	80003f80	0ff0000f	fence	iorw,iorw	
         112376	      5517	80003f84	00006d63	bltu	x0,x0,80003f9e	  x0:0x00000000  x0:0x00000000
         112576	      5527	80003f88	00991813	slli	x16,x18,0x9	 x18:0x00000000 x16=0x00000000
         112656	      5531	80003f8c	8e6d	c.and	x12,x11	 x12:0x00000000 x11:0x1160252d x12=0x00000000
         112676	      5532	80003f8e	8ed6	c.mv	x29,x21	  x0:0x00000000 x21:0x00000028 x29=0x00000028
         112776	      5537	80003f90	3a427613	andi	x12,x4,932	  x4:0x00000000 x12=0x00000000
         112916	      5544	80003f94	41f885b3	sub	x11,x17,x31	 x17:0x8b76cc06 x31:0x80025ce4 x11=0x0b746f22
         112936	      5545	80003f98	0678ab13	slti	x22,x17,103	 x17:0x8b76cc06 x22=0x00000001
         113316	      5564	80003f9c	e021	c.bnez	x8,80003fdc	  x8:0x00008000
         113536	      5575	80003fdc	00228833	add	x16,x5,x2	  x5:0x0001fc00  x2:0x00000000 x16=0x0001fc00
         113576	      5577	80003fe0	04d9e163	bltu	x19,x13,80004022	 x19:0x00000003 x13:0x00006000
         114236	      5610	80004022	024f3933	mulhu	x18,x30,x4	 x30:0x0050070b  x4:0x00000000 x18=0x00000000
         114256	      5611	80004026	340ddef3	csrrwi	x29,mscratch,27	 x29=0x00000000
         115196	      5658	8000402a	021a5b33	divu	x22,x20,x1	 x20:0x00000032  x1:0x00500000 x22=0x00000000
         115216	      5659	8000402e	8cfd	c.and	x9,x15	  x9:0x033340c1 x15:0x00000010  x9=0x00000000
         115236	      5660	80004030	0000100f	fence.i	
         115456	      5671	80004034	033f1663	bne	x30,x19,80004060	 x30:0x0050070b x19:0x00000003
         115876	      5692	80004060	0e18	c.addi4spn	x14,x2,784	 x14=0x00000310
         116056	      5701	80004062	00b66c33	or	x24,x12,x11	 x12:0x00000000 x11:0x0b746f22 x24=0x0b746f22
         116216	      5709	80004066	34006c73	csrrsi	x24,mscratch,0	 x24=0x0000001b
         116236	      5710	8000406a	0000100f	fence.i	
         116736	      5735	8000406e	ab4422b7	lui	x5,0xab442	  x5=0xab442000
         116776	      5737	80004072	0389b2b3	mulhu	x5,x19,x24	 x19:0x00000003 x24:0x0000001b  x5=0x00000000
         116796	      5738	80004076	0001	c.addi	x0,0	  x0:0x00000000  x0=0x00000000
         116836	      5740	80004078	03c3ad33	mulhsu	x26,x7,x28	  x7:0x00000001 x28:0x269fc3a0 x26=0x00000000
         116856	      5741	8000407c	a216e393	ori	x7,x13,-1503	 x13:0x00006000  x7=0xfffffa21
         117016	      5749	80004080	3408dc73	csrrwi	x24,mscratch,17	 x24=0x0000001b
         117056	      5751	80004084	020c71b3	remu	x3,x24,x0	 x24:0x0000001b  x0:0x00000000  x3=0x0000001b
         117476	      5772	80004088	036822b3	mulhsu	x5,x16,x22	 x16:0x0001fc00 x22:0x00000000  x5=0x00000000
         117576	      5777	8000408c	148c	c.addi4spn	x11,x2,608	 x11=0x00000260
         117596	      5778	8000408e	1b90	c.addi4spn	x12,x2,496	 x12=0x000001f0
         117936	      5795	80004090	8b077417	auipc	x8,0x8b077	  x8=0x0b07b090
         117956	      5796	80004094	49b98637	lui	x12,0x49b98	 x12=0x49b98000
         117976	      5797	80004098	0000100f	fence.i	
         118356	      5816	8000409c	8efd	c.and	x13,x15	 x13:0x00006000 x15:0x00000010 x13=0x00000000
         118396	      5818	8000409e	03af1b33	mulh	x22,x30,x26	 x30:0x0050070b x26:0x00000000 x22=0x00000000
         118416	      5819	800040a2	14fd	c.addi	x9,-1	  x9:0x00000000  x9=0xffffffff
         118436	      5820	800040a4	00380e63	beq	x16,x3,800040c0	 x16:0x0001fc00  x3:0x0000001b
         118456	      5821	800040a8	8549	c.srai	x10,0x12	 x10:0x00000174 x10=0x00000000
         118596	      5828	800040aa	604de497	auipc	x9,0x604de	  x9=0xe04e20aa
         118616	      5829	800040ae	0001	c.addi	x0,0	  x0:0x00000000  x0=0x00000000
         118676	      5832	800040b0	8725	c.srai	x14,0x9	 x14:0x00000310 x14=0x00000001
         118696	      5833	800040b2	8169	c.srli	x10,0x1a	 x10:0x00000000 x10=0x00000000
         118716	      5834	800040b4	340fdf73	csrrwi	x30,mscratch,31	 x30=0x00000011
         118836	      5840	800040b8	ef19	c.bnez	x14,800040d6	 x14:0x00000001
         119016	      5849	800040d6	3403e1f3	csrrsi	x3,mscratch,7	  x3=0x0000001f
         119036	      5850	800040da	8e4d	c.or	x12,x11	 x12:0x49b98000 x11:0x00000260 x12=0x49b98260
         119056	      5851	800040dc	094d	c.addi	x18,19	 x18:0x00000000 x18=0x00000013
         119096	      5853	800040de	02842b33	mulhsu	x22,x8,x8	  x8:0x0b07b090  x8:0x0b07b090 x22=0x0079a967
         119956	      5896	800040e2	036051b3	divu	x3,x0,x22	  x0:0x00000000 x22:0x0079a967  x3=0x00000000
         119976	      5897	800040e6	0001	c.addi	x0,0	  x0:0x00000000  x0=0x00000000
         119996	      5898	800040e8	b8b32e93	slti	x29,x6,-1141	  x6:0x80021e34 x29=0x00000001
         120036	      5900	800040ec	0221ec33	rem	x24,x3,x2	  x3:0x00000000  x2:0x00000000 x24=0x00000000
         120056	      5901	800040f0	01cc7263	bgeu	x24,x28,800040f4	 x24:0x00000000 x28:0x269fc3a0
         120076	      5902	800040f4	0130b9b3	sltu	x19,x1,x19	  x1:0x00500000 x19:0x00000003 x19=0x00000000
         120096	      5903	800040f8	8f29	c.xor	x14,x10	 x14:0x00000001 x10:0x00000000 x14=0x00000001
         120116	      5904	800040fa	4671	c.li	x12,28	 x12=0x0000001c
         120136	      5905	800040fc	01108eb3	add	x29,x1,x17	  x1:0x00500000 x17:0x8b76cc06 x29=0x8bc6cc06
         120236	      5910	80004100	1c85	c.addi	x25,-31	 x25:0x00000003 x25=0xffffffe4
         120256	      5911	80004102	8ec9	c.or	x13,x10	 x13:0x00000000 x10:0x00000000 x13=0x00000000
         120276	      5912	80004104	479fe013	ori	x0,x31,1145	 x31:0x80025ce4  x0=0x00000000
         120296	      5913	80004108	01a25863	bge	x4,x26,80004118	  x4:0x00000000 x26:0x00000000
         120816	      5939	80004118	40ffd293	srai	x5,x31,0xf	 x31:0x80025ce4  x5=0xffff0004
         121236	      5960	8000411c	03120f33	mul	x30,x4,x17	  x4:0x00000000 x17:0x8b76cc06 x30=0x00000000
         121256	      5961	80004120	40055613	srai	x12,x10,0x0	 x10:0x00000000 x12=0x00000000
         121296	      5963	80004124	022a6b33	rem	x22,x20,x2	 x20:0x00000032  x2:0x00000000 x22=0x00000032
         121316	      5964	80004128	7d5ebe93	sltiu	x29,x29,2005	 x29:0x8bc6cc06 x29=0x00000000
         121496	      5973	8000412c	41265e93	srai	x29,x12,0x12	 x12:0x00000000 x29=0x00000000
         121516	      5974	80004130	009e4263	blt	x28,x9,80004134	 x28:0x269fc3a0  x9:0xe04e20aa
         121536	      5975	80004134	34006ef3	csrrsi	x29,mscratch,0	 x29=0x0000001f
         121956	      5996	80004138	00b9cb33	xor	x22,x19,x11	 x19:0x00000000 x11:0x00000260 x22=0x00000260
         121976	      5997	8000413c	8915	c.andi	x10,5	 x10:0x00000000 x10=0x00000000
         122396	      6018	8000413e	007a1a93	slli	x21,x20,0x7	 x20:0x00000032 x21=0x00001900
         122436	      6020	80004142	03a02833	mulhsu	x16,x0,x26	  x0:0x00000000 x26:0x00000000 x16=0x00000000
         122456	      6021	80004146	86f9	c.srai	x13,0x1e	 x13:0x00000000 x13=0x00000000
         122516	      6024	80004148	00e09993	slli	x19,x1,0xe	  x1:0x00500000 x19=0x00000000
         122536	      6025	8000414c	c46e3697	auipc	x13,0xc46e3	 x13=0x446e714c
         122676	      6032	80004150	6119	c.addi16sp	x2,384	  x2:0x00000000  x2=0x00000180
         122696	      6033	80004152	00fb0b63	beq	x22,x15,80004168	 x22:0x00000260 x15:0x00000010
         122716	      6034	80004156	8785	c.srai	x15,0x1	 x15:0x00000010 x15=0x00000008
         122736	      6035	80004158	0001	c.addi	x0,0	  x0:0x00000000  x0=0x00000000
         122756	      6036	8000415a	37959297	auipc	x5,0x37959	  x5=0xb795d15a
         123196	      6058	8000415e	34046af3	csrrsi	x21,mscratch,8	 x21=0x0000001f
         123216	      6059	80004162	6149	c.addi16sp	x2,144	  x2:0x00000180  x2=0x00000210
         124076	      6102	80004164	0347cd33	div	x26,x15,x20	 x15:0x00000008 x20:0x00000032 x26=0x00000000
         124096	      6103	80004168	0033c963	blt	x7,x3,8000417a	  x7:0xfffffa21  x3:0x00000000
         124136	      6105	8000417a	8205	c.srli	x12,0x1	 x12:0x00000000 x12=0x00000000
         124156	      6106	8000417c	01eb43b3	xor	x7,x22,x30	 x22:0x00000260 x30:0x00000000  x7=0x00000260
         124196	      6108	80004180	0ff0000f	fence	iorw,iorw	
         124276	      6112	80004184	004b9d13	slli	x26,x23,0x4	 x23:0x00500000 x26=0x05000000
         124316	      6114	80004188	034ebf33	mulhu	x30,x29,x20	 x29:0x0000001f x20:0x00000032 x30=0x00000000
         124336	      6115	8000418c	4e4e6e93	ori	x29,x28,1252	 x28:0x269fc3a0 x29=0x269fc7e4
         124356	      6116	80004190	0074e5b3	or	x11,x9,x7	  x9:0xe04e20aa  x7:0x00000260 x11=0xe04e22ea
         124376	      6117	80004194	02548f33	mul	x30,x9,x5	  x9:0xe04e20aa  x5:0xb795d15a x30=0x2d1445c4
         124436	      6120	80004198	0001	c.addi	x0,0	  x0:0x00000000  x0=0x00000000
         124536	      6125	8000419a	340061f3	csrrsi	x3,mscratch,0	  x3=0x0000001f
         124556	      6126	8000419e	020f4663	blt	x30,x0,800041ca	 x30:0x2d1445c4  x0:0x00000000
         124576	      6127	800041a2	34007673	csrrci	x12,mscratch,0	 x12=0x0000001f
         124596	      6128	800041a6	c4554413	xori	x8,x10,-955	 x10:0x00000000  x8=0xfffffc45
         124636	      6130	800041aa	024daeb3	mulhsu	x29,x27,x4	 x27:0xffffffff  x4:0x00000000 x29=0x00000000
         124676	      6132	800041ae	01ab5e93	srli	x29,x22,0x1a	 x22:0x00000260 x29=0x00000000
         124796	      6138	800041b2	4140d413	srai	x8,x1,0x14	  x1:0x00500000  x8=0x00000005
         125236	      6160	800041b6	029a2733	mulhsu	x14,x20,x9	 x20:0x00000032  x9:0xe04e20aa x14=0x0000002b
         125256	      6161	800041ba	e5bc4493	xori	x9,x24,-421	 x24:0x00000000  x9=0xfffffe5b
         125276	      6162	800041be	016b3a33	sltu	x20,x22,x22	 x22:0x00000260 x22:0x00000260 x20=0x00000000
         125636	      6180	800041c2	00f68433	add	x8,x13,x15	 x13:0x446e714c x15:0x00000008  x8=0x446e7154
         125816	      6189	800041c6	01584c33	xor	x24,x16,x21	 x16:0x00000000 x21:0x0000001f x24=0x0000001f
         126016	      6199	800041ca	0000100f	fence.i	
         126116	      6204	800041ce	84dd	c.srai	x9,0x17	  x9:0xfffffe5b  x9=0xffffffff
         126716	      6234	800041d0	0036e0b3	or	x1,x13,x3	 x13:0x446e714c  x3:0x0000001f  x1=0x446e715f
         126836	      6240	800041d4	8d5d	c.or	x10,x15	 x10:0x00000000 x15:0x00000008 x10=0x00000008
         126856	      6241	800041d6	340036f3	csrrc	x13,mscratch,x0	  x0:0x00000000 x13=0x0000001f
         126876	      6242	800041da	717d	c.addi16sp	x2,-16	  x2:0x00000210  x2=0x00000200
         127136	      6255	800041dc	6131	c.addi16sp	x2,320	  x2:0x00000200  x2=0x00000340
         127156	      6256	800041de	01c8d113	srli	x2,x17,0x1c	 x17:0x8b76cc06  x2=0x00000008
         127176	      6257	800041e2	34006a73	csrrsi	x20,mscratch,0	 x20=0x0000001f
         127196	      6258	800041e6	01ae5463	bge	x28,x26,800041ee	 x28:0x269fc3a0 x26:0x05000000
         127996	      6298	800041ee	8842	c.mv	x16,x16	  x0:0x00000000 x16:0x00000000 x16=0x00000000
         128736	      6335	800041f0	02c95d33	divu	x26,x18,x12	 x18:0x00000013 x12:0x0000001f x26=0x00000000
         128756	      6336	800041f4	6d55	c.lui	x26,0x15	 x26=0x00015000
         128796	      6338	800041f6	0249a2b3	mulhsu	x5,x19,x4	 x19:0x00000000  x4:0x00000000  x5=0x00000000
         128816	      6339	800041fa	f849e193	ori	x3,x19,-124	 x19:0x00000000  x3=0xffffff84
         128836	      6340	800041fe	6689	c.lui	x13,0x2	 x13=0x00002000
         128856	      6341	80004200	87b1	c.srai	x15,0xc	 x15:0x00000008 x15=0x00000000
         128876	      6342	80004202	18dd3413	sltiu	x8,x26,397	 x26:0x00015000  x8=0x00000000
         128896	      6343	80004206	02befb63	bgeu	x29,x11,8000423c	 x29:0x00000000 x11:0xe04e22ea
         128916	      6344	8000420a	8e51	c.or	x12,x12	 x12:0x0000001f x12:0x0000001f x12=0x0000001f
         128936	      6345	8000420c	8d05	c.sub	x10,x9	 x10:0x00000008  x9:0xffffffff x10=0x00000009
         128956	      6346	8000420e	0001	c.addi	x0,0	  x0:0x00000000  x0=0x00000000
         129276	      6362	80004210	34003cf3	csrrc	x25,mscratch,x0	  x0:0x00000000 x25=0x0000001f
         129296	      6363	80004214	34007473	csrrci	x8,mscratch,0	  x8=0x0000001f
         129676	      6382	80004218	00a74463	blt	x14,x10,80004220	 x14:0x0000002b x10:0x00000009
         130016	      6399	8000421c	00b5ee63	bltu	x11,x11,80004238	 x11:0xe04e22ea x11:0xe04e22ea
         130036	      6400	80004220	8826	c.mv	x16,x9	  x0:0x00000000  x9:0xffffffff x16=0xffffffff
         130056	      6401	80004222	8e7d	c.and	x12,x15	 x12:0x0000001f x15:0x00000000 x12=0x00000000
         130076	      6402	80004224	005b6263	bltu	x22,x5,80004228	 x22:0x00000260  x5:0x00000000
         130096	      6403	80004228	00518463	beq	x3,x5,80004230	  x3:0xffffff84  x5:0x00000000
         130116	      6404	8000422c	24255d97	auipc	x27,0x24255	 x27=0xa425922c
         130396	      6418	80004230	031f9b63	bne	x31,x17,80004266	 x31:0x80025ce4 x17:0x8b76cc06
         142936	      7045	80004266	95aa	c.add	x11,x10	 x11:0xe04e22ea x10:0x00000009 x11=0xe04e22f3
         142956	      7046	80004268	03e28db3	mul	x27,x5,x30	  x5:0x00000000 x30:0x2d1445c4 x27=0x00000000
         142976	      7047	8000426c	01a3b7b3	sltu	x15,x7,x26	  x7:0x00000260 x26:0x00015000 x15=0x00000001
         142996	      7048	80004270	4fb6aa93	slti	x21,x13,1275	 x13:0x00002000 x21=0x00000000
         143016	      7049	80004274	8329	c.srli	x14,0xa	 x14:0x0000002b x14=0x00000000
         143076	      7052	80004276	03a4beb3	mulhu	x29,x9,x26	  x9:0xffffffff x26:0x00015000 x29=0x00014fff
         143156	      7056	8000427a	029839b3	mulhu	x19,x16,x9	 x16:0xffffffff  x9:0xffffffff x19=0xfffffffe
         143176	      7057	8000427e	587d	c.li	x16,-1	 x16=0xffffffff
         143196	      7058	80004280	0001	c.addi	x0,0	  x0:0x00000000  x0=0x00000000
         143216	      7059	80004282	37bdfd93	andi	x27,x27,891	 x27:0x00000000 x27=0x00000000
         143236	      7060	80004286	01c91bb3	sll	x23,x18,x28	 x18:0x00000013 x28:0x269fc3a0 x23=0x00000013
         143576	      7077	8000428a	340066f3	csrrsi	x13,mscratch,0	 x13=0x0000001f
         143676	      7082	8000428e	790b2393	slti	x7,x22,1936	 x22:0x00000260  x7=0x00000001
         144036	      7100	80004292	0151f9b3	and	x19,x3,x21	  x3:0xffffff84 x21:0x00000000 x19=0x00000000
         144056	      7101	80004296	859d	c.srai	x11,0x7	 x11:0xe04e22f3 x11=0xffc09c45
         144796	      7138	80004298	0327ca33	div	x20,x15,x18	 x15:0x00000001 x18:0x00000013 x20=0x00000000
         145536	      7175	8000429c	026f6133	rem	x2,x30,x6	 x30:0x2d1445c4  x6:0x80021e34  x2=0x2d1445c4
         145556	      7176	800042a0	01bfc633	xor	x12,x31,x27	 x31:0x80025ce4 x27:0x00000000 x12=0x80025ce4
         145576	      7177	800042a4	03b3fd63	bgeu	x7,x27,800042de	  x7:0x00000001 x27:0x00000000
         146336	      7215	800042de	031189b3	mul	x19,x3,x17	  x3:0xffffff84 x17:0x8b76cc06 x19=0x72752d18
         146436	      7220	800042e2	006bcf63	blt	x23,x6,80004300	 x23:0x00000013  x6:0x80021e34
         146456	      7221	800042e6	0001	c.addi	x0,0	  x0:0x00000000  x0=0x00000000
         146476	      7222	800042e8	8d76	c.mv	x26,x29	  x0:0x00000000 x29:0x00014fff x26=0x00014fff
         146496	      7223	800042ea	34002f73	csrrs	x30,mscratch,x0	  x0:0x00000000 x30=0x0000001f
         146616	      7229	800042ee	c03a7193	andi	x3,x20,-1021	 x20:0x00000000  x3=0x00000000
         146776	      7237	800042f2	02f036b3	mulhu	x13,x0,x15	  x0:0x00000000 x15:0x00000001 x13=0x00000000
         146796	      7238	800042f6	4056c493	xori	x9,x13,1029	 x13:0x00000000  x9=0x00000405
         146816	      7239	800042fa	340023f3	csrrs	x7,mscratch,x0	  x0:0x00000000  x7=0x0000001f
         146836	      7240	800042fe	8cc1	c.or	x9,x8	  x9:0x00000405  x8:0x0000001f  x9=0x0000041f
         146856	      7241	80004300	007d0c63	beq	x26,x7,80004318	 x26:0x00014fff  x7:0x0000001f
         146956	      7246	80004304	93aa	c.add	x7,x10	  x7:0x0000001f x10:0x00000009  x7=0x00000028
         146976	      7247	80004306	004e6cb3	or	x25,x28,x4	 x28:0x269fc3a0  x4:0x00000000 x25=0x269fc3a0
         146996	      7248	8000430a	00a5c933	xor	x18,x11,x10	 x11:0xffc09c45 x10:0x00000009 x18=0xffc09c4c
         147916	      7294	8000430e	027947b3	div	x15,x18,x7	 x18:0xffc09c4c  x7:0x00000028 x15=0xfffe6a4f
         147936	      7295	80004312	020cef63	bltu	x25,x0,80004350	 x25:0x269fc3a0  x0:0x00000000
         147956	      7296	80004316	009c	c.addi4spn	x15,x2,64	 x15=0x2d144604
         147976	      7297	80004318	032af463	bgeu	x21,x18,80004340	 x21:0x00000000 x18:0xffc09c4c
         147996	      7298	8000431c	0574c163	blt	x9,x23,8000435e	  x9:0x0000041f x23:0x00000013
         148736	      7335	80004320	0305d233	divu	x4,x11,x16	 x11:0xffc09c45 x16:0xffffffff  x4=0x00000000
         148756	      7336	80004324	007f0633	add	x12,x30,x7	 x30:0x0000001f  x7:0x00000028 x12=0x00000047
         148796	      7338	80004328	023a9a33	mulh	x20,x21,x3	 x21:0x00000000  x3:0x00000000 x20=0x00000000
         148816	      7339	8000432c	03fc0c63	beq	x24,x31,80004364	 x24:0x0000001f x31:0x80025ce4
         148836	      7340	80004330	03f49a63	bne	x9,x31,80004364	  x9:0x0000041f x31:0x80025ce4
         149116	      7354	80004364	01eff2b3	and	x5,x31,x30	 x31:0x80025ce4 x30:0x0000001f  x5=0x00000004
         149316	      7364	80004368	8025	c.srli	x8,0x9	  x8:0x0000001f  x8=0x00000000
         149356	      7366	8000436a	03c49f33	mulh	x30,x9,x28	  x9:0x0000041f x28:0x269fc3a0 x30=0x0000009f
         149376	      7367	8000436e	cc81	c.beqz	x9,80004386	  x9:0x0000041f
         149516	      7374	80004370	8f08c693	xori	x13,x17,-1808	 x17:0x8b76cc06 x13=0x748934f6
         149596	      7378	80004374	8f89	c.sub	x15,x10	 x15:0x2d144604 x10:0x00000009 x15=0x2d1445fb
         150016	      7399	80004376	029586b3	mul	x13,x11,x9	 x11:0xffc09c45  x9:0x0000041f x13=0xfac4005b
         150036	      7400	8000437a	0001	c.addi	x0,0	  x0:0x00000000  x0=0x00000000
         150196	      7408	8000437c	a839c213	xori	x4,x19,-1405	 x19:0x72752d18  x4=0x8d8ad79b
         150216	      7409	80004380	8315	c.srli	x14,0x5	 x14:0x00000000 x14=0x00000000
         150276	      7412	80004382	9bd3ca93	xori	x21,x7,-1603	  x7:0x00000028 x21=0xfffff995
         150296	      7413	80004386	062d	c.addi	x12,11	 x12:0x00000047 x12=0x00000052
         150316	      7414	80004388	01b88e63	beq	x17,x27,800043a4	 x17:0x8b76cc06 x27:0x00000000
         151056	      7451	8000438c	032166b3	rem	x13,x2,x18	  x2:0x2d1445c4 x18:0xffc09c4c x13=0x000363cc
         151796	      7488	80004390	036147b3	div	x15,x2,x22	  x2:0x2d1445c4 x22:0x00000260 x15=0x0012fb0f
         151816	      7489	80004394	3406adf3	csrrs	x27,mscratch,x13	 x13:0x000363cc x27=0x0000001f
         151836	      7490	80004398	340bdb73	csrrwi	x22,mscratch,23	 x22=0x000363df
         151856	      7491	8000439c	34065d73	csrrwi	x26,mscratch,12	 x26=0x00000017
         151876	      7492	800043a0	00bd86b3	add	x13,x27,x11	 x27:0x0000001f x11:0xffc09c45 x13=0xffc09c64
         151896	      7493	800043a4	8d9d	c.sub	x11,x15	 x11:0xffc09c45 x15:0x0012fb0f x11=0xffada136
         151936	      7495	800043a6	415dd633	sra	x12,x27,x21	 x27:0x0000001f x21:0xfffff995 x12=0x00000000
         151956	      7496	800043aa	49992c13	slti	x24,x18,1177	 x18:0xffc09c4c x24=0x00000001
         151996	      7498	800043ae	02ae6063	bltu	x28,x10,800043ce	 x28:0x269fc3a0 x10:0x00000009
         152016	      7499	800043b2	0001	c.addi	x0,0	  x0:0x00000000  x0=0x00000000
         152036	      7500	800043b4	6f4d	c.lui	x30,0x13	 x30=0x00013000
         152056	      7501	800043b6	0000a1b3	slt	x3,x1,x0	  x1:0x446e715f  x0:0x00000000  x3=0x00000000
         152076	      7502	800043ba	9577f897	auipc	x17,0x9577f	 x17=0x157833ba
         152096	      7503	800043be	34002473	csrrs	x8,mscratch,x0	  x0:0x00000000  x8=0x0000000c
         152116	      7504	800043c2	611d	c.addi16sp	x2,416	  x2:0x2d1445c4  x2=0x2d144764
         152136	      7505	800043c4	6115	c.addi16sp	x2,288	  x2:0x2d144764  x2=0x2d144884
         152156	      7506	800043c6	86d9	c.srai	x13,0x16	 x13:0xffc09c64 x13=0xffffffff
         152176	      7507	800043c8	6ae1	c.lui	x21,0x18	 x21=0x00018000
         152376	      7517	800043ca	0000100f	fence.i	
         152916	      7544	800043ce	02791733	mulh	x14,x18,x7	 x18:0xffc09c4c  x7:0x00000028 x14=0xffffffff
         152936	      7545	800043d2	0001	c.addi	x0,0	  x0:0x00000000  x0=0x00000000
         152956	      7546	800043d4	41a35a33	sra	x20,x6,x26	  x6:0x80021e34 x26:0x00000017 x20=0xffffff00
         152976	      7547	800043d8	404dd3b3	sra	x7,x27,x4	 x27:0x0000001f  x4:0x8d8ad79b  x7=0x00000000
         152996	      7548	800043dc	34085273	csrrwi	x4,mscratch,16	  x4=0x0000000c
         153036	      7550	800043e0	19940893	addi	x17,x8,409	  x8:0x0000000c x17=0x000001a5
         153056	      7551	800043e4	0108	c.addi4spn	x10,x2,128	 x10=0x2d144904
         153096	      7553	800043e6	020306b3	mul	x13,x6,x0	  x6:0x80021e34  x0:0x00000000 x13=0x00000000
         153516	      7574	800043ea	03d7d463	bge	x15,x29,80004412	 x15:0x0012fb0f x29:0x00014fff
         154196	      7608	80004412	8e7d	c.and	x12,x15	 x12:0x00000000 x15:0x0012fb0f x12=0x00000000
         154936	      7645	80004414	0326f2b3	remu	x5,x13,x18	 x13:0x00000000 x18:0xffc09c4c  x5=0x00000000
         154956	      7646	80004418	01d00263	beq	x0,x29,8000441c	  x0:0x00000000 x29:0x00014fff
         154976	      7647	8000441c	65a9	c.lui	x11,0xa	 x11=0x0000a000
         154996	      7648	8000441e	83b9	c.srli	x15,0xe	 x15:0x0012fb0f x15=0x0000004b
         155016	      7649	80004420	e591	c.bnez	x11,8000442c	 x11:0x0000a000
         155096	      7653	8000442c	0161e633	or	x12,x3,x22	  x3:0x00000000 x22:0x000363df x12=0x000363df
         155316	      7664	80004430	615d	c.addi16sp	x2,432	  x2:0x2d144884  x2=0x2d144a34
         155736	      7685	80004432	01fd5ab3	srl	x21,x26,x31	 x26:0x00000017 x31:0x80025ce4 x21=0x00000001
         155756	      7686	80004436	cb91	c.beqz	x15,8000444a	 x15:0x0000004b
         155776	      7687	80004438	717d	c.addi16sp	x2,-16	  x2:0x2d144a34  x2=0x2d144a24
         155916	      7694	8000443a	bd716b93	ori	x23,x2,-1065	  x2:0x2d144a24 x23=0xfffffbf7
         156036	      7700	8000443e	014319b3	sll	x19,x6,x20	  x6:0x80021e34 x20:0xffffff00 x19=0x80021e34
         156776	      7737	80004442	03866733	rem	x14,x12,x24	 x12:0x000363df x24:0x00000001 x14=0x00000000
         156796	      7738	80004446	015d24b3	slt	x9,x26,x21	 x26:0x00000017 x21:0x00000001  x9=0x00000000
         156816	      7739	8000444a	868d	c.srai	x13,0x3	 x13:0x00000000 x13=0x00000000
         157556	      7776	8000444c	02f15d33	divu	x26,x2,x15	  x2:0x2d144a24 x15:0x0000004b x26=0x0099deda
         157576	      7777	80004450	8bdd8a37	lui	x20,0x8bdd8	 x20=0x8bdd8000
         157596	      7778	80004454	4a610797	auipc	x15,0x4a610	 x15=0xca614454
         157616	      7779	80004458	01521893	slli	x17,x4,0x15	  x4:0x0000000c x17=0x01800000
         157636	      7780	8000445c	1afd	c.addi	x21,-1	 x21:0x00000001 x21=0x00000000
         157656	      7781	8000445e	34072273	csrrs	x4,mscratch,x14	 x14:0x00000000  x4=0x00000010
         157676	      7782	80004462	814a	c.mv	x2,x18	  x0:0x00000000 x18:0xffc09c4c  x2=0xffc09c4c
         157696	      7783	80004464	407583b3	sub	x7,x11,x7	 x11:0x0000a000  x7:0x00000000  x7=0x0000a000
         157736	      7785	80004468	41c58533	sub	x10,x11,x28	 x11:0x0000a000 x28:0x269fc3a0 x10=0xd960dc60
         157756	      7786	8000446c	8f81	c.sub	x15,x8	 x15:0xca614454  x8:0x0000000c x15=0xca614448
         157936	      7795	8000446e	3402dc73	csrrwi	x24,mscratch,5	 x24=0x00000010
         158676	      7832	80004472	0318dd33	divu	x26,x17,x17	 x17:0x01800000 x17:0x01800000 x26=0x00000001
         158696	      7833	80004476	34dfec37	lui	x24,0x34dfe	 x24=0x34dfe000
         159436	      7870	8000447a	02787933	remu	x18,x16,x7	 x16:0xffffffff  x7:0x0000a000 x18=0x00005fff
         159456	      7871	8000447e	41f8d413	srai	x8,x17,0x1f	 x17:0x01800000  x8=0x00000000
         159476	      7872	80004482	009edf13	srli	x30,x29,0x9	 x29:0x00014fff x30=0x000000a7
         159496	      7873	80004486	0066cd63	blt	x13,x6,800044a0	 x13:0x00000000  x6:0x80021e34
         159516	      7874	8000448a	01dc9b33	sll	x22,x25,x29	 x25:0x269fc3a0 x29:0x00014fff x22=0x00000000
         159536	      7875	8000448e	0a7a	c.slli	x20,0x1e	 x20:0x8bdd8000 x20=0x00000000
         159556	      7876	80004490	00803633	sltu	x12,x0,x8	  x0:0x00000000  x8:0x00000000 x12=0x00000000
         159576	      7877	80004494	0001	c.addi	x0,0	  x0:0x00000000  x0=0x00000000
         159596	      7878	80004496	8d29	c.xor	x10,x10	 x10:0xd960dc60 x10:0xd960dc60 x10=0x00000000
         159956	      7896	80004498	008b0033	add	x0,x22,x8	 x22:0x00000000  x8:0x00000000  x0=0x00000000
         159996	      7898	8000449c	02df90b3	mulh	x1,x31,x13	 x31:0x80025ce4 x13:0x00000000  x1=0x00000000
         160016	      7899	800044a0	cc1d	c.beqz	x8,800044de	  x8:0x00000000
         160616	      7929	800044de	00fb7533	and	x10,x22,x15	 x22:0x00000000 x15:0xca614448 x10=0x00000000
         160756	      7936	800044e2	34006b73	csrrsi	x22,mscratch,0	 x22=0x00000005
         160936	      7945	800044e6	40bf04b3	sub	x9,x30,x11	 x30:0x000000a7 x11:0x0000a000  x9=0xffff60a7
         160976	      7947	800044ea	02817633	remu	x12,x2,x8	  x2:0xffc09c4c  x8:0x00000000 x12=0xffc09c4c
         160996	      7948	800044ee	0001	c.addi	x0,0	  x0:0x00000000  x0=0x00000000
         161176	      7957	800044f0	0358f2b3	remu	x5,x17,x21	 x17:0x01800000 x21:0x00000000  x5=0x01800000
         161336	      7965	800044f4	88da	c.mv	x17,x22	  x0:0x00000000 x22:0x00000005 x17=0x00000005
         161596	      7978	800044f6	00d0e4b3	or	x9,x1,x13	  x1:0x00000000 x13:0x00000000  x9=0x00000000
         161756	      7986	800044fa	00280933	add	x18,x16,x2	 x16:0xffffffff  x2:0xffc09c4c x18=0xffc09c4b
         161936	      7995	800044fe	00e8e633	or	x12,x17,x14	 x17:0x00000005 x14:0x00000000 x12=0x00000005
         161956	      7996	80004502	97b6	c.add	x15,x13	 x15:0xca614448 x13:0x00000000 x15=0xca614448
         162696	      8033	80004504	036b6b33	rem	x22,x22,x22	 x22:0x00000005 x22:0x00000005 x22=0x00000000
         162736	      8035	80004508	029c6433	rem	x8,x24,x9	 x24:0x34dfe000  x9:0x00000000  x8=0x34dfe000
         162756	      8036	8000450c	e44be8b7	lui	x17,0xe44be	 x17=0xe44be000
         162776	      8037	80004510	01873f33	sltu	x30,x14,x24	 x14:0x00000000 x24:0x34dfe000 x30=0x00000001
         162796	      8038	80004514	340a6573	csrrsi	x10,mscratch,20	 x10=0x00000005
         162816	      8039	80004518	0147cd33	xor	x26,x15,x20	 x15:0xca614448 x20:0x00000000 x26=0xca614448
         162836	      8040	8000451c	340034f3	csrrc	x9,mscratch,x0	  x0:0x00000000  x9=0x00000015
         162956	      8046	80004520	0274fc63	bgeu	x9,x7,80004558	  x9:0x00000015  x7:0x0000a000
         163336	      8065	80004524	02c1b9b3	mulhu	x19,x3,x12	  x3:0x00000000 x12:0x00000005 x19=0x00000000
         163356	      8066	80004528	657bcb93	xori	x23,x23,1623	 x23:0xfffffbf7 x23=0xfffffda0
         163496	      8073	8000452c	0000100f	fence.i	
         163696	      8083	80004530	fe8d2593	slti	x11,x26,-24	 x26:0xca614448 x11=0x00000001
         163876	      8092	80004534	c915	c.beqz	x10,80004568	 x10:0x00000005
         163896	      8093	80004536	00babf33	sltu	x30,x21,x11	 x21:0x00000000 x11:0x00000001 x30=0x00000001
         164336	      8115	8000453a	038a5363	bge	x20,x24,80004560	 x20:0x00000000 x24:0x34dfe000
         164356	      8116	8000453e	0a08	c.addi4spn	x10,x2,272	 x10=0xffc09d5c
         164596	      8128	80004540	9469bd97	auipc	x27,0x9469b	 x27=0x1469f540
         164636	      8130	80004544	0001	c.addi	x0,0	  x0:0x00000000  x0=0x00000000
         164716	      8134	80004546	34035973	csrrwi	x18,mscratch,6	 x18=0x00000015
         164736	      8135	8000454a	8851	c.andi	x8,20	  x8:0x34dfe000  x8=0x00000000
         164916	      8144	8000454c	9b022393	slti	x7,x4,-1616	  x4:0x00000010  x7=0x00000000
         164956	      8146	80004550	031da133	mulhsu	x2,x27,x17	 x27:0x1469f540 x17:0xe44be000  x2=0x12346b54
         165296	      8163	80004554	013e7a63	bgeu	x28,x19,80004568	 x28:0x269fc3a0 x19:0x00000000
         165396	      8168	80004568	3b753693	sltiu	x13,x10,951	 x10:0xffc09d5c x13=0x00000000
         165816	      8189	8000456c	009dd793	srli	x15,x27,0x9	 x27:0x1469f540 x15=0x000a34fa
         165836	      8190	80004570	0038d393	srli	x7,x17,0x3	 x17:0xe44be000  x7=0x1c897c00
         166696	      8233	80004574	022168b3	rem	x17,x2,x2	  x2:0x12346b54  x2:0x12346b54 x17=0x00000000
         166716	      8234	80004578	0001	c.addi	x0,0	  x0:0x00000000  x0=0x00000000
         167456	      8271	8000457a	039b5b33	divu	x22,x22,x25	 x22:0x00000000 x25:0x269fc3a0 x22=0x00000000
         167496	      8273	8000457e	020a2933	mulhsu	x18,x20,x0	 x20:0x00000000  x0:0x00000000 x18=0x00000000
         167516	      8274	80004582	0000100f	fence.i	
         168036	      8300	80004586	03e1b433	mulhu	x8,x3,x30	  x3:0x00000000 x30:0x00000001  x8=0x00000000
         168056	      8301	8000458a	1094	c.addi4spn	x13,x2,96	 x13=0x12346bb4
         168076	      8302	8000458c	01f415b3	sll	x11,x8,x31	  x8:0x00000000 x31:0x80025ce4 x11=0x00000000
         168096	      8303	80004590	01c901b3	add	x3,x18,x28	 x18:0x00000000 x28:0x269fc3a0  x3=0x269fc3a0
         168836	      8340	80004594	026aef33	rem	x30,x21,x6	 x21:0x00000000  x6:0x80021e34 x30=0x00000000
         168856	      8341	80004598	340fff73	csrrci	x30,mscratch,31	 x30=0x00000006
         168876	      8342	8000459c	1d7d	c.addi	x26,-1	 x26:0xca614448 x26=0xca614447
         169616	      8379	8000459e	024d5733	divu	x14,x26,x4	 x26:0xca614447  x4:0x00000010 x14=0x0ca61444
         169636	      8380	800045a2	9a32	c.add	x20,x12	 x20:0x00000000 x12:0x00000005 x20=0x00000005
         169656	      8381	800045a4	407c5c13	srai	x24,x24,0x7	 x24:0x34dfe000 x24=0x0069bfc0
         170396	      8418	800045a8	02964033	div	x0,x12,x9	 x12:0x00000005  x9:0x00000015  x0=0x00000000
         170416	      8419	800045ac	8c3d	c.xor	x8,x15	  x8:0x00000000 x15:0x000a34fa  x8=0x000a34fa
         170436	      8420	800045ae	000bc263	blt	x23,x0,800045b2	 x23:0xfffffda0  x0:0x00000000
         170736	      8435	800045b2	4821	c.li	x16,8	 x16=0x00000008
         180276	      8912	800045b4	63dd	c.lui	x7,0x17	  x7=0x00017000
         180296	      8913	800045b6	02e15e63	bge	x2,x14,800045f2	  x2:0x12346b54 x14:0x0ca61444
         180376	      8917	800045f2	8321	c.srli	x14,0x8	 x14:0x0ca61444 x14=0x000ca614
         180936	      8945	800045f4	00015393	srli	x7,x2,0x0	  x2:0x12346b54  x7=0x12346b54
         180956	      8946	800045f8	34006673	csrrsi	x12,mscratch,0	 x12=0x00000000
         181136	      8955	800045fc	00008463	beq	x1,x0,80004604	  x1:0x00000000  x0:0x00000000
         181536	      8975	80004604	0198cf33	xor	x30,x17,x25	 x17:0x00000000 x25:0x269fc3a0 x30=0x269fc3a0
         181836	      8990	80004608	8e91	c.sub	x13,x12	 x13:0x12346bb4 x12:0x00000000 x13=0x12346bb4
         181856	      8991	8000460a	878d	c.srai	x15,0x3	 x15:0x000a34fa x15=0x0001469f
         182076	      9002	8000460c	0ff0000f	fence	iorw,iorw	
         182096	      9003	80004610	05c2	c.slli	x11,0x10	 x11:0x00000000 x11=0x00000000
         182116	      9004	80004612	02a1	c.addi	x5,8	  x5:0x01800000  x5=0x01800008
         182516	      9024	80004614	12fd	c.addi	x5,-1	  x5:0x01800008  x5=0x01800007
         182536	      9025	80004616	01dce463	bltu	x25,x29,8000461e	 x25:0x269fc3a0 x29:0x00014fff
         183436	      9070	8000461a	03a4f533	remu	x10,x9,x26	  x9:0x00000015 x26:0xca614447 x10=0x00000015
         183456	      9071	8000461e	8a6a	c.mv	x20,x26	  x0:0x00000000 x26:0xca614447 x20=0xca614447
         183476	      9072	80004620	334fba13	sltiu	x20,x31,820	 x31:0x80025ce4 x20=0x00000000
         183516	      9074	80004624	021cd9b3	divu	x19,x25,x1	 x25:0x269fc3a0  x1:0x00000000 x19=0xffffffff
         183536	      9075	80004628	8cc1	c.or	x9,x8	  x9:0x00000015  x8:0x000a34fa  x9=0x000a34ff
         183556	      9076	8000462a	3407d673	csrrwi	x12,mscratch,15	 x12=0x00000000
         183576	      9077	8000462e	8771	c.srai	x14,0x1c	 x14:0x000ca614 x14=0x00000000
         183596	      9078	80004630	01116933	or	x18,x2,x17	  x2:0x12346b54 x17:0x00000000 x18=0x12346b54
         183976	      9097	80004634	dff6f097	auipc	x1,0xdff6f	  x1=0x5ff73634
         183996	      9098	80004638	a9434293	xori	x5,x6,-1388	  x6:0x80021e34  x5=0x7ffde4a0
         184896	      9143	8000463c	039367b3	rem	x15,x6,x25	  x6:0x80021e34 x25:0x269fc3a0 x15=0xf3e16914
         184916	      9144	80004640	01d4d213	srli	x4,x9,0x1d	  x9:0x000a34ff  x4=0x00000000
         184956	      9146	80004644	02d99a33	mulh	x20,x19,x13	 x19:0xffffffff x13:0x12346bb4 x20=0xffffffff
         184976	      9147	80004648	0210d363	bge	x1,x1,8000466e	  x1:0x5ff73634  x1:0x5ff73634
         185496	      9173	8000466e	8ab1	c.andi	x13,12	 x13:0x12346bb4 x13=0x00000004
         185536	      9175	80004670	340031f3	csrrc	x3,mscratch,x0	  x0:0x00000000  x3=0x0000000f
         185576	      9177	80004674	02561833	mulh	x16,x12,x5	 x12:0x00000000  x5:0x7ffde4a0 x16=0x00000000
         185596	      9178	80004678	000f4a63	blt	x30,x0,8000468c	 x30:0x269fc3a0  x0:0x00000000
         185736	      9185	8000467c	00804133	xor	x2,x0,x8	  x0:0x00000000  x8:0x000a34fa  x2=0x000a34fa
         185756	      9186	80004680	8d29	c.xor	x10,x10	 x10:0x00000015 x10:0x00000015 x10=0x00000000
         185776	      9187	80004682	000d5363	bge	x26,x0,80004688	 x26:0xca614447  x0:0x00000000
         185796	      9188	80004686	8ec1	c.or	x13,x8	 x13:0x00000004  x8:0x000a34fa x13=0x000a34fe
         185896	      9193	80004688	0000100f	fence.i	
         186176	      9207	8000468c	c1898937	lui	x18,0xc1898	 x18=0xc1898000
         186196	      9208	80004690	34063673	csrrc	x12,mscratch,x12	 x12:0x00000000 x12=0x0000000f
         186216	      9209	80004694	0e95	c.addi	x29,5	 x29:0x00014fff x29=0x00015004
         186236	      9210	80004696	0184d0b3	srl	x1,x9,x24	  x9:0x000a34ff x24:0x0069bfc0  x1=0x000a34ff
         186576	      9227	8000469a	0097e963	bltu	x15,x9,800046ac	 x15:0xf3e16914  x9:0x000a34ff
         186596	      9228	8000469e	8f8d	c.sub	x15,x11	 x15:0xf3e16914 x11:0x00000000 x15=0xf3e16914
         186616	      9229	800046a0	14fd	c.addi	x9,-1	  x9:0x000a34ff  x9=0x000a34fe
         186636	      9230	800046a2	e885	c.bnez	x9,800046d2	  x9:0x000a34fe
         187496	      9273	800046d2	0494	c.addi4spn	x13,x2,576	 x13=0x000a373a
         187616	      9279	800046d4	0257a3b3	mulhsu	x7,x15,x5	 x15:0xf3e16914  x5:0x7ffde4a0  x7=0xf9f0ce12
         187656	      9281	800046d8	038eb733	mulhu	x14,x29,x24	 x29:0x00015004 x24:0x0069bfc0 x14=0x0000008a
         187676	      9282	800046dc	8325	c.srli	x14,0x9	 x14:0x0000008a x14=0x00000000
         187696	      9283	800046de	03368a33	mul	x20,x13,x19	 x13:0x000a373a x19:0xffffffff x20=0xfff5c8c6
         188096	      9303	800046e2	ffd86793	ori	x15,x16,-3	 x16:0x00000000 x15=0xfffffffd
         188116	      9304	800046e6	cec43237	lui	x4,0xcec43	  x4=0xcec43000
         188136	      9305	800046ea	2829cd17	auipc	x26,0x2829c	 x26=0xa82a06ea
         188876	      9342	800046ee	03bad5b3	divu	x11,x21,x27	 x21:0x00000000 x27:0x1469f540 x11=0x00000000
         188896	      9343	800046f2	41245c93	srai	x25,x8,0x12	  x8:0x000a34fa x25=0x00000002
         188916	      9344	800046f6	00085863	bge	x16,x0,80004706	 x16:0x00000000  x0:0x00000000
         189376	      9367	80004706	03187b33	remu	x22,x16,x17	 x16:0x00000000 x17:0x00000000 x22=0x00000000
         189716	      9384	8000470a	00379563	bne	x15,x3,80004714	 x15:0xfffffffd  x3:0x0000000f
         190396	      9418	80004714	9afd	c.andi	x13,-1	 x13:0x000a373a x13=0x000a373a
         190416	      9419	80004716	c89d	c.beqz	x9,8000474c	  x9:0x000a34fe
         190816	      9439	80004718	340e9f73	csrrw	x30,mscratch,x29	 x29:0x00015004 x30=0x0000000f
         190836	      9440	8000471c	8f01	c.sub	x14,x8	 x14:0x00000000  x8:0x000a34fa x14=0xfff5cb06
         191656	      9481	8000471e	02e07d33	remu	x26,x0,x14	  x0:0x00000000 x14:0xfff5cb06 x26=0x00000000
         191676	      9482	80004722	0044e633	or	x12,x9,x4	  x9:0x000a34fe  x4:0xcec43000 x12=0xcece34fe
         191696	      9483	80004726	409f8433	sub	x8,x31,x9	 x31:0x80025ce4  x9:0x000a34fe  x8=0x7ff827e6
         191716	      9484	8000472a	04b9	c.addi	x9,14	  x9:0x000a34fe  x9=0x000a350c
         191736	      9485	8000472c	e099	c.bnez	x9,80004732	  x9:0x000a350c
         192156	      9506	80004732	0072d0b3	srl	x1,x5,x7	  x5:0x7ffde4a0  x7:0xf9f0ce12  x1=0x00001fff
         192176	      9507	80004736	340f2273	csrrs	x4,mscratch,x30	 x30:0x0000000f  x4=0x00015004
         193096	      9553	8000473a	0241cc33	div	x24,x3,x4	  x3:0x0000000f  x4:0x00015004 x24=0x00000000
         193116	      9554	8000473e	18fd	c.addi	x17,-1	 x17:0x00000000 x17=0xffffffff
         193136	      9555	80004740	00a65893	srli	x17,x12,0xa	 x12:0xcece34fe x17=0x0033b38d
         193156	      9556	80004744	083bb393	sltiu	x7,x23,131	 x23:0xfffffda0  x7=0x00000000
         193176	      9557	80004748	0385f963	bgeu	x11,x24,8000477a	 x11:0x00000000 x24:0x00000000
         193796	      9588	8000477a	6875	c.lui	x16,0x1d	 x16=0x0001d000
         193976	      9597	8000477c	611d	c.addi16sp	x2,416	  x2:0x000a34fa  x2=0x000a369a
         194296	      9613	8000477e	00432203	lw	x4,4(x6)	  x6:0x80021e34  x4=0x80003658 PA:0x80021e38 load:0x80003658
         194316	      9614	80004782	40cc51b3	sra	x3,x24,x12	 x24:0x00000000 x12:0xcece34fe  x3=0x00000000
         194336	      9615	80004786	1dfd	c.addi	x27,-1	 x27:0x1469f540 x27=0x1469f53f
         194356	      9616	80004788	03030313	addi	x6,x6,48	  x6:0x80021e34  x6=0x80021e64
         194596	      9628	8000478c	036ebc33	mulhu	x24,x29,x22	 x29:0x00015004 x22:0x00000000 x24=0x00000000
         194716	      9634	80004790	0137bb33	sltu	x22,x15,x19	 x15:0xfffffffd x19:0xffffffff x22=0x00000001
         194736	      9635	80004794	8f15	c.sub	x14,x13	 x14:0xfff5cb06 x13:0x000a373a x14=0xffeb93cc
         194936	      9645	80004796	00120393	addi	x7,x4,1	  x4:0x80003658  x7=0x80003659
         194956	      9646	8000479a	9382	c.jalr	x7	  x7:0x80003659  x1=0x8000479c
         196016	      9699	80003658	0266ecb3	rem	x25,x13,x6	 x13:0x000a373a  x6:0x80021e64 x25=0x000a373a
         196036	      9700	8000365c	00001b17	auipc	x22,0x1	 x22=0x8000465c
         196056	      9701	80003660	39cb0b13	addi	x22,x22,924	 x22:0x8000465c x22=0x800049f8
         196076	      9702	80003664	20db0b13	addi	x22,x22,525	 x22:0x800049f8 x22=0x80004c05
         196116	      9704	80003668	02a8ccb3	div	x25,x17,x10	 x17:0x0033b38d x10:0x00000000 x25=0xffffffff
         196136	      9705	8000366c	007e8863	beq	x29,x7,8000367c	 x29:0x00015004  x7:0x80003659
         196156	      9706	80003670	41bd06b3	sub	x13,x26,x27	 x26:0x00000000 x27:0x1469f53f x13=0xeb960ac1
         196276	      9712	80003674	0ff0000f	fence	iorw,iorw	
         196316	      9714	80003678	02abea33	rem	x20,x23,x10	 x23:0xfffffda0 x10:0x00000000 x20=0xfffffda0
         196356	      9716	8000367c	df4b0267	jalr	x4,-524(x22)	 x22:0x80004c05  x4=0x80003680
         196856	      9741	800049f8	009166b3	or	x13,x2,x9	  x2:0x000a369a  x9:0x000a350c x13=0x000a379e
         196936	      9745	800049fc	34006773	csrrsi	x14,mscratch,0	 x14=0x0001500f
         196956	      9746	80004a00	e609	c.bnez	x12,80004a0a	 x12:0xcece34fe
         197236	      9760	80004a0a	1331	c.addi	x6,-20	  x6:0x80021e64  x6=0x80021e50
         197556	      9776	80004a0c	00432223	sw	x4,4(x6)	  x6:0x80021e50  x4:0x80003680 PA:0x80021e54 store:0x80003680
         197696	      9783	80004a10	018289b3	add	x19,x5,x24	  x5:0x7ffde4a0 x24:0x00000000 x19=0x7ffde4a0
         197776	      9787	80004a14	03a9a633	mulhsu	x12,x19,x26	 x19:0x7ffde4a0 x26:0x00000000 x12=0x00000000
         198656	      9831	80004a18	027df0b3	remu	x1,x27,x7	 x27:0x1469f53f  x7:0x80003659  x1=0x1469f53f
         198676	      9832	80004a1c	8ce5	c.and	x9,x9	  x9:0x000a350c  x9:0x000a350c  x9=0x000a350c
         198696	      9833	80004a1e	7dcf9617	auipc	x12,0x7dcf9	 x12=0xfdcfda1e
         198736	      9835	80004a22	025116b3	mulh	x13,x2,x5	  x2:0x000a369a  x5:0x7ffde4a0 x13=0x00051b37
         198756	      9836	80004a26	4063d533	sra	x10,x7,x6	  x7:0x80003659  x6:0x80021e50 x10=0xffff8000
         198776	      9837	80004a2a	0116d2b3	srl	x5,x13,x17	 x13:0x00051b37 x17:0x0033b38d  x5=0x00000028
         199516	      9874	80004a2e	02785433	divu	x8,x16,x7	 x16:0x0001d000  x7:0x80003659  x8=0x00000000
         199536	      9875	80004a32	34007df3	csrrci	x27,mscratch,0	 x27=0x0001500f
         199556	      9876	80004a36	6389	c.lui	x7,0x2	  x7=0x00002000
         199576	      9877	80004a38	0ff0000f	fence	iorw,iorw	
         199596	      9878	80004a3c	eb91	c.bnez	x15,80004a50	 x15:0xfffffffd
         200496	      9923	80004a50	0241ed33	rem	x26,x3,x4	  x3:0x00000000  x4:0x80003680 x26=0x00000000
         200516	      9924	80004a54	717d	c.addi16sp	x2,-16	  x2:0x000a369a  x2=0x000a368a
         200536	      9925	80004a56	34003673	csrrc	x12,mscratch,x0	  x0:0x00000000 x12=0x0001500f
         200556	      9926	80004a5a	003f1913	slli	x18,x30,0x3	 x30:0x0000000f x18=0x00000078
         200576	      9927	80004a5e	1288	c.addi4spn	x10,x2,352	 x10=0x000a37ea
         200596	      9928	80004a60	01e2c733	xor	x14,x5,x30	  x5:0x00000028 x30:0x0000000f x14=0x00000027
         200616	      9929	80004a64	40d859b3	sra	x19,x16,x13	 x16:0x0001d000 x13:0x00051b37 x19=0x00000000
         200636	      9930	80004a68	d7156c93	ori	x25,x10,-655	 x10:0x000a37ea x25=0xfffffffb
         200716	      9934	80004a6c	8ff1	c.and	x15,x12	 x15:0xfffffffd x12:0x0001500f x15=0x0001500d
         200736	      9935	80004a6e	8661	c.srai	x12,0x18	 x12:0x0001500f x12=0x00000000
         200876	      9942	80004a70	41d60433	sub	x8,x12,x29	 x12:0x00000000 x29:0x00015004  x8=0xfffeaffc
         200896	      9943	80004a74	0001	c.addi	x0,0	  x0:0x00000000  x0=0x00000000
         200916	      9944	80004a76	6119	c.addi16sp	x2,384	  x2:0x000a368a  x2=0x000a380a
         201316	      9964	80004a78	8cf1	c.and	x9,x12	  x9:0x000a350c x12:0x00000000  x9=0x00000000
         201336	      9965	80004a7a	d58fed93	ori	x27,x31,-680	 x31:0x80025ce4 x27=0xfffffdfc
         201356	      9966	80004a7e	c315	c.beqz	x14,80004aa2	 x14:0x00000027
         201536	      9975	80004a80	bb114193	xori	x3,x2,-1103	  x2:0x000a380a  x3=0xfff5c3bb
         201556	      9976	80004a84	340ad5f3	csrrwi	x11,mscratch,21	 x11=0x0001500f
         201956	      9996	80004a88	01b75c63	bge	x14,x27,80004aa0	 x14:0x00000027 x27:0xfffffdfc
         202816	     10039	80004aa0	980e	c.add	x16,x3	 x16:0x0001d000  x3:0xfff5c3bb x16=0xfff793bb
         202836	     10040	80004aa2	08e2	c.slli	x17,0x18	 x17:0x0033b38d x17=0x8d000000
         202856	     10041	80004aa4	0001	c.addi	x0,0	  x0:0x00000000  x0=0x00000000
         202896	     10043	80004aa6	03623433	mulhu	x8,x4,x22	  x4:0x80003680 x22:0x80004c05  x8=0x40004142
         203276	     10062	80004aaa	410d5eb3	sra	x29,x26,x16	 x26:0x00000000 x16:0xfff793bb x29=0x00000000
         203696	     10083	80004aae	e09cb717	auipc	x14,0xe09cb	 x14=0x609cfaae
         203716	     10084	80004ab2	40d251b3	sra	x3,x4,x13	  x4:0x80003680 x13:0x00051b37  x3=0xffffff00
         203736	     10085	80004ab6	d4f20817	auipc	x16,0xd4f20	 x16=0x54f24ab6
         203756	     10086	80004aba	8f21	c.xor	x14,x8	 x14:0x609cfaae  x8:0x40004142 x14=0x209cbbec
         203776	     10087	80004abc	057d	c.addi	x10,31	 x10:0x000a37ea x10=0x000a3809
         203796	     10088	80004abe	00052933	slt	x18,x10,x0	 x10:0x000a3809  x0:0x00000000 x18=0x00000000
         203916	     10094	80004ac2	95790113	addi	x2,x18,-1705	 x18:0x00000000  x2=0xfffff957
         204096	     10103	80004ac6	340038f3	csrrc	x17,mscratch,x0	  x0:0x00000000 x17=0x00000015
         204116	     10104	80004aca	01ec7733	and	x14,x24,x30	 x24:0x00000000 x30:0x0000000f x14=0x00000000
         204196	     10108	80004ace	340032f3	csrrc	x5,mscratch,x0	  x0:0x00000000  x5=0x00000015
         204216	     10109	80004ad2	8ca5	c.xor	x9,x9	  x9:0x00000000  x9:0x00000000  x9=0x00000000
         204236	     10110	80004ad4	f561b693	sltiu	x13,x3,-170	  x3:0xffffff00 x13=0x00000001
         204336	     10115	80004ad8	02652eb3	mulhsu	x29,x10,x6	 x10:0x000a3809  x6:0x80021e50 x29=0x00051c1a
         204476	     10122	80004adc	00b76d33	or	x26,x14,x11	 x14:0x00000000 x11:0x0001500f x26=0x0001500f
         204496	     10123	80004ae0	01dc8233	add	x4,x25,x29	 x25:0xfffffffb x29:0x00051c1a  x4=0x00051c15
         204616	     10129	80004ae4	34007ef3	csrrci	x29,mscratch,0	 x29=0x00000015
         204636	     10130	80004ae8	0a95	c.addi	x21,5	 x21:0x00000000 x21=0x00000005
         204656	     10131	80004aea	3400a4f3	csrrs	x9,mscratch,x1	  x1:0x1469f53f  x9=0x00000015
         204676	     10132	80004aee	ef99	c.bnez	x15,80004b0c	 x15:0x0001500d
         205376	     10167	80004b0c	8e7d	c.and	x12,x15	 x12:0x00000000 x15:0x0001500d x12=0x00000000
         205536	     10175	80004b0e	027e5563	bge	x28,x7,80004b38	 x28:0x269fc3a0  x7:0x00002000
         206376	     10217	80004b38	01161b93	slli	x23,x12,0x11	 x12:0x00000000 x23=0x00000000
         206396	     10218	80004b3c	00de5513	srli	x10,x28,0xd	 x28:0x269fc3a0 x10=0x000134fe
         206536	     10225	80004b40	717d	c.addi16sp	x2,-16	  x2:0xfffff957  x2=0xfffff947
         206556	     10226	80004b42	03791763	bne	x18,x23,80004b70	 x18:0x00000000 x23:0x00000000
         206576	     10227	80004b46	00b5e263	bltu	x11,x11,80004b4a	 x11:0x0001500f x11:0x0001500f
         207456	     10271	80004b4a	02197533	remu	x10,x18,x1	 x18:0x00000000  x1:0x1469f53f x10=0x00000000
         207476	     10272	80004b4e	58fd	c.li	x17,-1	 x17=0xffffffff
         207496	     10273	80004b50	a5942793	slti	x15,x8,-1447	  x8:0x40004142 x15=0x00000000
         207516	     10274	80004b54	86f1	c.srai	x13,0x1c	 x13:0x00000001 x13=0x00000000
         207676	     10282	80004b56	41f8cb93	xori	x23,x17,1055	 x17:0xffffffff x23=0xfffffbe0
         207696	     10283	80004b5a	01986bb3	or	x23,x16,x25	 x16:0x54f24ab6 x25:0xfffffffb x23=0xffffffff
         207716	     10284	80004b5e	1eb77d93	andi	x27,x14,491	 x14:0x00000000 x27=0x00000000
         207736	     10285	80004b62	8e21	c.xor	x12,x8	 x12:0x00000000  x8:0x40004142 x12=0x40004142
         208136	     10305	80004b64	165e3893	sltiu	x17,x28,357	 x28:0x269fc3a0 x17=0x00000000
         208156	     10306	80004b68	03d7e263	bltu	x15,x29,80004b8c	 x15:0x00000000 x29:0x00000015
         208876	     10342	80004b8c	8c05	c.sub	x8,x9	  x8:0x40004142  x9:0x00000015  x8=0x4000412d
         209096	     10353	80004b8e	0ff0000f	fence	iorw,iorw	
         209116	     10354	80004b92	8d31	c.xor	x10,x12	 x10:0x00000000 x12:0x40004142 x10=0x40004142
         209136	     10355	80004b94	0c65	c.addi	x24,25	 x24:0x00000000 x24=0x00000019
         209156	     10356	80004b96	717d	c.addi16sp	x2,-16	  x2:0xfffff947  x2=0xfffff937
         209176	     10357	80004b98	4899	c.li	x17,6	 x17=0x00000006
         209196	     10358	80004b9a	8e2d	c.xor	x12,x11	 x12:0x40004142 x11:0x0001500f x12=0x4001114d
         209216	     10359	80004b9c	9432	c.add	x8,x12	  x8:0x4000412d x12:0x4001114d  x8=0x8001527a
         209456	     10371	80004b9e	036c6563	bltu	x24,x22,80004bc8	 x24:0x00000019 x22:0x80004c05
         210576	     10427	80004bc8	01a4ef63	bltu	x9,x26,80004be6	  x9:0x00000015 x26:0x0001500f
         212076	     10502	80004be6	019a04b3	add	x9,x20,x25	 x20:0xfffffda0 x25:0xfffffffb  x9=0xfffffd9b
         212496	     10523	80004bea	340b18f3	csrrw	x17,mscratch,x22	 x22:0x80004c05 x17=0x1469f53f
         212516	     10524	80004bee	6c734b13	xori	x22,x6,1735	  x6:0x80021e50 x22=0x80021897
         212536	     10525	80004bf2	8eb9	c.xor	x13,x14	 x13:0x00000000 x14:0x00000000 x13=0x00000000
         212576	     10527	80004bf4	03574b63	blt	x14,x21,80004c2a	 x14:0x00000000 x21:0x00000005
         213276	     10562	80004c2a	0ff0000f	fence	iorw,iorw	
         213316	     10564	80004c2e	e0ad7f13	andi	x30,x26,-502	 x26:0x0001500f x30=0x0001500a
         213336	     10565	80004c32	8e89	c.sub	x13,x10	 x13:0x00000000 x10:0x40004142 x13=0xbfffbebe
         213516	     10574	80004c34	400b5a33	sra	x20,x22,x0	 x22:0x80021897  x0:0x00000000 x20=0x80021897
         213636	     10580	80004c38	015cedb3	or	x27,x25,x21	 x25:0xfffffffb x21:0x00000005 x27=0xffffffff
         213656	     10581	80004c3c	0001	c.addi	x0,0	  x0:0x00000000  x0=0x00000000
         213676	     10582	80004c3e	4d99	c.li	x27,6	 x27=0x00000006
         213696	     10583	80004c40	34003f73	csrrc	x30,mscratch,x0	  x0:0x00000000 x30=0x80004c05
         214556	     10626	80004c44	03acd2b3	divu	x5,x25,x26	 x25:0xfffffffb x26:0x0001500f  x5=0x0000c303
         214576	     10627	80004c48	0b4a	c.slli	x22,0x12	 x22:0x80021897 x22=0x625c0000
         214596	     10628	80004c4a	f9d71237	lui	x4,0xf9d71	  x4=0xf9d71000
         214696	     10633	80004c4e	03cb7863	bgeu	x22,x28,80004c7e	 x22:0x625c0000 x28:0x269fc3a0
         231316	     11464	80004c7e	40e18cb3	sub	x25,x3,x14	  x3:0xffffff00 x14:0x00000000 x25=0xffffff00
         231336	     11465	80004c82	8775	c.srai	x14,0x1d	 x14:0x00000000 x14=0x00000000
         231356	     11466	80004c84	8e05	c.sub	x12,x9	 x12:0x4001114d  x9:0xfffffd9b x12=0x400113b2
         231376	     11467	80004c86	0000100f	fence.i	
         232076	     11502	80004c8a	c6727c93	andi	x25,x4,-921	  x4:0xf9d71000 x25=0xf9d71000
         232096	     11503	80004c8e	8619	c.srai	x12,0x6	 x12:0x400113b2 x12=0x0100044e
         232256	     11511	80004c90	05c6	c.slli	x11,0x11	 x11:0x0001500f x11=0xa01e0000
         232276	     11512	80004c92	8df5	c.and	x11,x13	 x11:0xa01e0000 x13:0xbfffbebe x11=0xa01e0000
         232676	     11532	80004c94	34006bf3	csrrsi	x23,mscratch,0	 x23=0x80004c05
         232696	     11533	80004c98	75ceaa13	slti	x20,x29,1884	 x29:0x00000015 x20=0x00000001
         232856	     11541	80004c9c	41aed213	srai	x4,x29,0x1a	 x29:0x00000015  x4=0x00000000
         232876	     11542	80004ca0	34081ef3	csrrw	x29,mscratch,x16	 x16:0x54f24ab6 x29=0x80004c05
         233056	     11551	80004ca4	40115433	sra	x8,x2,x1	  x2:0xfffff937  x1:0x1469f53f  x8=0xffffffff
         233416	     11569	80004ca8	40c35093	srai	x1,x6,0xc	  x6:0x80021e50  x1=0xfff80021
         233436	     11570	80004cac	340b1a73	csrrw	x20,mscratch,x22	 x22:0x625c0000 x20=0x54f24ab6
         234176	     11607	80004cb0	027c7233	remu	x4,x24,x7	 x24:0x00000019  x7:0x00002000  x4=0x00000019
         234196	     11608	80004cb4	8d01	c.sub	x10,x8	 x10:0x40004142  x8:0xffffffff x10=0x40004143
         234216	     11609	80004cb6	68c9	c.lui	x17,0x12	 x17=0x00012000
         234236	     11610	80004cb8	079a	c.slli	x15,0x6	 x15:0x00000000 x15=0x00000000
         234256	     11611	80004cba	9454e9b7	lui	x19,0x9454e	 x19=0x9454e000
         234276	     11612	80004cbe	0000100f	fence.i	
         234556	     11626	80004cc2	009c9613	slli	x12,x25,0x9	 x25:0xf9d71000 x12=0xae200000
         234576	     11627	80004cc6	6ea9	c.lui	x29,0xa	 x29=0x0000a000
         234596	     11628	80004cc8	00a06b33	or	x22,x0,x10	  x0:0x00000000 x10:0x40004143 x22=0x40004143
         234616	     11629	80004ccc	5dfd	c.li	x27,-1	 x27=0xffffffff
         234656	     11631	80004cce	340d29f3	csrrs	x19,mscratch,x26	 x26:0x0001500f x19=0x625c0000
         234676	     11632	80004cd2	0001	c.addi	x0,0	  x0:0x00000000  x0=0x00000000
         234836	     11640	80004cd4	027ffd63	bgeu	x31,x7,80004d0e	 x31:0x80025ce4  x7:0x00002000
         235516	     11674	80004d0e	9856fc13	andi	x24,x13,-1659	 x13:0xbfffbebe x24=0xbfffb884
         235616	     11679	80004d12	40fa5093	srai	x1,x20,0xf	 x20:0x54f24ab6  x1=0x0000a9e4
         235636	     11680	80004d16	0001	c.addi	x0,0	  x0:0x00000000  x0=0x00000000
         235656	     11681	80004d18	88fd	c.andi	x9,31	  x9:0xfffffd9b  x9=0x0000001b
         235676	     11682	80004d1a	8f79	c.and	x14,x14	 x14:0x00000000 x14:0x00000000 x14=0x00000000
         235716	     11684	80004d1c	02213233	mulhu	x4,x2,x2	  x2:0xfffff937  x2:0xfffff937  x4=0xfffff26e
         236076	     11702	80004d20	00233c33	sltu	x24,x6,x2	  x6:0x80021e50  x2:0xfffff937 x24=0x00000001
         236496	     11723	80004d24	167d	c.addi	x12,-1	 x12:0xae200000 x12=0xae1fffff
         236516	     11724	80004d26	016f83b3	add	x7,x31,x22	 x31:0x80025ce4 x22:0x40004143  x7=0xc0029e27
         236556	     11726	80004d2a	0205e533	rem	x10,x11,x0	 x11:0xa01e0000  x0:0x00000000 x10=0xa01e0000
         236576	     11727	80004d2e	0094e8b3	or	x17,x9,x9	  x9:0x0000001b  x9:0x0000001b x17=0x0000001b
         236976	     11747	80004d32	43feec13	ori	x24,x29,1087	 x29:0x0000a000 x24=0x0000a43f
         236996	     11748	80004d36	6f51	c.lui	x30,0x14	 x30=0x00014000
         237156	     11756	80004d38	405c0d33	sub	x26,x24,x5	 x24:0x0000a43f  x5:0x0000c303 x26=0xffffe13c
         237316	     11764	80004d3c	01221733	sll	x14,x4,x18	  x4:0xfffff26e x18:0x00000000 x14=0xfffff26e
         237336	     11765	80004d40	8dcd	c.or	x11,x11	 x11:0xa01e0000 x11:0xa01e0000 x11=0xa01e0000
         237596	     11778	80004d42	04430463	beq	x6,x4,80004d8a	  x6:0x80021e50  x4:0xfffff26e
         237796	     11788	80004d46	0000100f	fence.i	
         238456	     11821	80004d4a	1280	c.addi4spn	x8,x2,352	  x8=0xfffffa97
         238476	     11822	80004d4c	34065d73	csrrwi	x26,mscratch,12	 x26=0x625d500f
         238496	     11823	80004d50	411bd693	srai	x13,x23,0x11	 x23:0x80004c05 x13=0xffffc000
         238596	     11828	80004d54	01ce8cb3	add	x25,x29,x28	 x29:0x0000a000 x28:0x269fc3a0 x25=0x26a063a0
         238816	     11839	80004d58	86a9	c.srai	x13,0xa	 x13:0xffffc000 x13=0xfffffff0
         238956	     11846	80004d5a	40c5de93	srai	x29,x11,0xc	 x11:0xa01e0000 x29=0xfffa01e0
         238976	     11847	80004d5e	8dc1	c.or	x11,x8	 x11:0xa01e0000  x8:0xfffffa97 x11=0xfffffa97
         238996	     11848	80004d60	0064b233	sltu	x4,x9,x6	  x9:0x0000001b  x6:0x80021e50  x4=0x00000001
         239056	     11851	80004d64	34015773	csrrwi	x14,mscratch,2	 x14=0x0000000c
         239216	     11859	80004d68	8e0d	c.sub	x12,x11	 x12:0xae1fffff x11:0xfffffa97 x12=0xae200568
         239236	     11860	80004d6a	0ff0000f	fence	iorw,iorw	
         239276	     11862	80004d6e	0393acb3	mulhsu	x25,x7,x25	  x7:0xc0029e27 x25:0x26a063a0 x25=0xf6584c35
         239616	     11879	80004d72	34002a73	csrrs	x20,mscratch,x0	  x0:0x00000000 x20=0x00000002
         239636	     11880	80004d76	0173b9b3	sltu	x19,x7,x23	  x7:0xc0029e27 x23:0x80004c05 x19=0x00000000
         239916	     11894	80004d7a	0ff0000f	fence	iorw,iorw	
         239996	     11898	80004d7e	001903b3	add	x7,x18,x1	 x18:0x00000000  x1:0x0000a9e4  x7=0x0000a9e4
         240036	     11900	80004d82	03d619b3	mulh	x19,x12,x29	 x12:0xae200568 x29:0xfffa01e0 x19=0x0001eaa6
         240056	     11901	80004d86	340b92f3	csrrw	x5,mscratch,x23	 x23:0x80004c05  x5=0x00000002
         240076	     11902	80004d8a	e209	c.bnez	x12,80004d8c	 x12:0xae200568
         240376	     11917	80004d8c	00632bb3	slt	x23,x6,x6	  x6:0x80021e50  x6:0x80021e50 x23=0x00000000
         240536	     11925	80004d90	c515	c.beqz	x10,80004dbc	 x10:0xa01e0000
         240556	     11926	80004d92	f93ff293	andi	x5,x31,-109	 x31:0x80025ce4  x5=0x80025c80
         240576	     11927	80004d96	968bcb17	auipc	x22,0x968bc	 x22=0x168c0d96
         240776	     11937	80004d9a	4c48e693	ori	x13,x17,1220	 x17:0x0000001b x13=0x000004df
         240956	     11946	80004d9e	005583b3	add	x7,x11,x5	 x11:0xfffffa97  x5:0x80025c80  x7=0x80025717
         240976	     11947	80004da2	8d4d	c.or	x10,x11	 x10:0xa01e0000 x11:0xfffffa97 x10=0xfffffa97
         241716	     11984	80004da4	034eed33	rem	x26,x29,x20	 x29:0xfffa01e0 x20:0x00000002 x26=0x00000000
         241736	     11985	80004da8	ee15	c.bnez	x12,80004de4	 x12:0xae200568
         242036	     12000	80004de4	8d51	c.or	x10,x12	 x10:0xfffffa97 x12:0xae200568 x10=0xffffffff
         242056	     12001	80004de6	029e6363	bltu	x28,x9,80004e0c	 x28:0x269fc3a0  x9:0x0000001b
         242076	     12002	80004dea	8b5d	c.andi	x14,23	 x14:0x0000000c x14=0x00000004
         242096	     12003	80004dec	415a8d33	sub	x26,x21,x21	 x21:0x00000005 x21:0x00000005 x26=0x00000000
         242176	     12007	80004df0	019e06b3	add	x13,x28,x25	 x28:0x269fc3a0 x25:0xf6584c35 x13=0x1cf80fd5
         242196	     12008	80004df4	03f3d563	bge	x7,x31,80004e1e	  x7:0x80025717 x31:0x80025ce4
         242216	     12009	80004df8	010c5b13	srli	x22,x24,0x10	 x24:0x0000a43f x22=0x00000000
         242236	     12010	80004dfc	5add3093	sltiu	x1,x26,1453	 x26:0x00000000  x1=0x00000001
         242256	     12011	80004e00	63e1	c.lui	x7,0x18	  x7=0x00018000
         242276	     12012	80004e02	0001	c.addi	x0,0	  x0:0x00000000  x0=0x00000000
         242316	     12014	80004e04	03a8f3b3	remu	x7,x17,x26	 x17:0x0000001b x26:0x00000000  x7=0x0000001b
         242336	     12015	80004e08	00577433	and	x8,x14,x5	 x14:0x00000004  x5:0x80025c80  x8=0x00000000
         243076	     12052	80004e0c	02b366b3	rem	x13,x6,x11	  x6:0x80021e50 x11:0xfffffa97 x13=0xfffffd75
         243096	     12053	80004e10	867a	c.mv	x12,x30	  x0:0x00000000 x30:0x00014000 x12=0x00014000
         243116	     12054	80004e12	340b37f3	csrrc	x15,mscratch,x22	 x22:0x00000000 x15=0x80004c05
         243156	     12056	80004e16	028150b3	divu	x1,x2,x8	  x2:0xfffff937  x8:0x00000000  x1=0xffffffff
         243196	     12058	80004e1a	03a67f33	remu	x30,x12,x26	 x12:0x00014000 x26:0x00000000 x30=0x00014000
         243216	     12059	80004e1e	13fd	c.addi	x7,-1	  x7:0x0000001b  x7=0x0000001a
         243956	     12096	80004e20	0244c733	div	x14,x9,x4	  x9:0x0000001b  x4:0x00000001 x14=0x0000001b
         243976	     12097	80004e24	8c09	c.sub	x8,x10	  x8:0x00000000 x10:0xffffffff  x8=0x00000001
         243996	     12098	80004e26	00262d33	slt	x26,x12,x2	 x12:0x00014000  x2:0xfffff937 x26=0x00000000
         244016	     12099	80004e2a	00631233	sll	x4,x6,x6	  x6:0x80021e50  x6:0x80021e50  x4=0x1e500000
         244036	     12100	80004e2e	017d6133	or	x2,x26,x23	 x26:0x00000000 x23:0x00000000  x2=0x00000000
         244056	     12101	80004e32	40ac8033	sub	x0,x25,x10	 x25:0xf6584c35 x10:0xffffffff  x0=0x00000000
         244096	     12103	80004e36	340069f3	csrrsi	x19,mscratch,0	 x19=0x80004c05
         244176	     12107	80004e3a	037f7ab3	remu	x21,x30,x23	 x30:0x00014000 x23:0x00000000 x21=0x00014000
         244576	     12127	80004e3e	1e06e9b7	lui	x19,0x1e06e	 x19=0x1e06e000
         244596	     12128	80004e42	8c65	c.and	x8,x9	  x8:0x00000001  x9:0x0000001b  x8=0x00000001
         244676	     12132	80004e44	3405eef3	csrrsi	x29,mscratch,11	 x29=0x80004c05
         244836	     12140	80004e48	34003273	csrrc	x4,mscratch,x0	  x0:0x00000000  x4=0x80004c0f
         245576	     12177	80004e4c	035eebb3	rem	x23,x29,x21	 x29:0x80004c05 x21:0x00014000 x23=0xffffcc05
         245596	     12178	80004e50	019fbb33	sltu	x22,x31,x25	 x31:0x80025ce4 x25:0xf6584c35 x22=0x00000001
         245616	     12179	80004e54	016fca63	blt	x31,x22,80004e68	 x31:0x80025ce4 x22:0x00000001
         245696	     12183	80004e68	014bd233	srl	x4,x23,x20	 x23:0xffffcc05 x20:0x00000002  x4=0x3ffff301
         245716	     12184	80004e6c	382cf813	andi	x16,x25,898	 x25:0xf6584c35 x16=0x00000000
         245736	     12185	80004e70	0001	c.addi	x0,0	  x0:0x00000000  x0=0x00000000
         245876	     12192	80004e72	01e1c2b3	xor	x5,x3,x30	  x3:0xffffff00 x30:0x00014000  x5=0xfffebf00
         246076	     12202	80004e76	01bc93b3	sll	x7,x25,x27	 x25:0xf6584c35 x27:0xffffffff  x7=0x80000000
         246096	     12203	80004e7a	02160533	mul	x10,x12,x1	 x12:0x00014000  x1:0xffffffff x10=0xfffec000
         246116	     12204	80004e7e	0000100f	fence.i	
         246336	     12215	80004e82	8205	c.srli	x12,0x1	 x12:0x00014000 x12=0x0000a000
         246356	     12216	80004e84	c021	c.beqz	x8,80004ec4	  x8:0x00000001
         246976	     12247	80004e86	411e02b3	sub	x5,x28,x17	 x28:0x269fc3a0 x17:0x0000001b  x5=0x269fc385
         246996	     12248	80004e8a	010a	c.slli	x2,0x2	  x2:0x00000000  x2=0x00000000
         247216	     12259	80004e8c	033b2d33	mulhsu	x26,x22,x19	 x22:0x00000001 x19:0x1e06e000 x26=0x00000000
         247236	     12260	80004e90	05780063	beq	x16,x23,80004ed0	 x16:0x00000000 x23:0xffffcc05
         247256	     12261	80004e94	340363f3	csrrsi	x7,mscratch,6	  x7=0x80004c0f
         247276	     12262	80004e98	0063ec33	or	x24,x7,x6	  x7:0x80004c0f  x6:0x80021e50 x24=0x80025e5f
         247296	     12263	80004e9c	0557f663	bgeu	x15,x21,80004ee8	 x15:0x80004c05 x21:0x00014000
         247696	     12283	80004ee8	4cd9	c.li	x25,22	 x25=0x00000016
         247716	     12284	80004eea	8755	c.srai	x14,0x15	 x14:0x0000001b x14=0x00000000
         247736	     12285	80004eec	0ff0000f	fence	iorw,iorw	
         248136	     12305	80004ef0	8fd5	c.or	x15,x13	 x15:0x80004c05 x13:0xfffffd75 x15=0xfffffd75
         248156	     12306	80004ef2	cc89	c.beqz	x9,80004f0c	  x9:0x0000001b
         248196	     12308	80004ef4	8dc2	c.mv	x27,x16	  x0:0x00000000 x16:0x00000000 x27=0x00000000
         248216	     12309	80004ef6	c78c3f13	sltiu	x30,x24,-904	 x24:0x80025e5f x30=0x00000001
         248236	     12310	80004efa	6b15	c.lui	x22,0x5	 x22=0x00005000
         248356	     12316	80004efc	002ba9b3	slt	x19,x23,x2	 x23:0xffffcc05  x2:0x00000000 x19=0x00000001
         248376	     12317	80004f00	009756b3	srl	x13,x14,x9	 x14:0x00000000  x9:0x0000001b x13=0x00000000
         248416	     12319	80004f04	34002473	csrrs	x8,mscratch,x0	  x0:0x00000000  x8=0x80004c0f
         248836	     12340	80004f08	6125	c.addi16sp	x2,96	  x2:0x00000000  x2=0x00000060
         248856	     12341	80004f0a	0a18	c.addi4spn	x14,x2,272	 x14=0x00000170
         248936	     12345	80004f0c	032c02b3	mul	x5,x24,x18	 x24:0x80025e5f x18:0x00000000  x5=0x00000000
         248976	     12347	80004f10	01661493	slli	x9,x12,0x16	 x12:0x0000a000  x9=0x00000000
         249016	     12349	80004f14	8451	c.srai	x8,0x14	  x8:0x80004c0f  x8=0xfffff800
         249156	     12356	80004f16	418d58b3	sra	x17,x26,x24	 x26:0x00000000 x24:0x80025e5f x17=0x00000000
         250156	     12406	80004f1a	022673b3	remu	x7,x12,x2	 x12:0x0000a000  x2:0x00000060  x7=0x00000040
         250176	     12407	80004f1e	012c8d33	add	x26,x25,x18	 x25:0x00000016 x18:0x00000000 x26=0x00000016
         250196	     12408	80004f22	409ad213	srai	x4,x21,0x9	 x21:0x00014000  x4=0x000000a0
         250216	     12409	80004f26	0001	c.addi	x0,0	  x0:0x00000000  x0=0x00000000
         250236	     12410	80004f28	ebeb6d93	ori	x27,x22,-322	 x22:0x00005000 x27=0xfffffebe
         250256	     12411	80004f2c	0053b5b3	sltu	x11,x7,x5	  x7:0x00000040  x5:0x00000000 x11=0x00000000
         250276	     12412	80004f30	01da91b3	sll	x3,x21,x29	 x21:0x00014000 x29:0x80004c05  x3=0x00280000
         250296	     12413	80004f34	dda40a13	addi	x20,x8,-550	  x8:0xfffff800 x20=0xfffff5da
         250456	     12421	80004f38	02d02933	mulhsu	x18,x0,x13	  x0:0x00000000 x13:0x00000000 x18=0x00000000
         250476	     12422	80004f3c	e285	c.bnez	x13,80004f5c	 x13:0x00000000
         250496	     12423	80004f3e	63f9	c.lui	x7,0x1e	  x7=0x0001e000
         250516	     12424	80004f40	81c5	c.srli	x11,0x11	 x11:0x00000000 x11=0x00000000
         250536	     12425	80004f42	0089	c.addi	x1,2	  x1:0xffffffff  x1=0x00000001
         250616	     12429	80004f44	4cbd	c.li	x25,15	 x25=0x0000000f
         251016	     12449	80004f46	34007773	csrrci	x14,mscratch,0	 x14=0x80004c0f
         251156	     12456	80004f4a	5fa5bc93	sltiu	x25,x11,1530	 x11:0x00000000 x25=0x00000001
         251176	     12457	80004f4e	8e25	c.xor	x12,x9	 x12:0x0000a000  x9:0x00000000 x12=0x0000a000
         251196	     12458	80004f50	8f11	c.sub	x14,x12	 x14:0x80004c0f x12:0x0000a000 x14=0x7fffac0f
         251516	     12474	80004f52	340fb1f3	csrrc	x3,mscratch,x31	 x31:0x80025ce4  x3=0x80004c0f
         251536	     12475	80004f56	9afd	c.andi	x13,-1	 x13:0x00000000 x13=0x00000000
         251936	     12495	80004f58	340d12f3	csrrw	x5,mscratch,x26	 x26:0x00000016  x5=0x0000000b
         252136	     12505	80004f5c	01376eb3	or	x29,x14,x19	 x14:0x7fffac0f x19:0x00000001 x29=0x7fffac0f
         252176	     12507	80004f60	00e8eab3	or	x21,x17,x14	 x17:0x00000000 x14:0x7fffac0f x21=0x7fffac0f
         252196	     12508	80004f64	8191	c.srli	x11,0x4	 x11:0x00000000 x11=0x00000000
         252616	     12529	80004f66	717a5a17	auipc	x20,0x717a5	 x20=0xf17a9f66
         252796	     12538	80004f6a	00809bb3	sll	x23,x1,x8	  x1:0x00000001  x8:0xfffff800 x23=0x00000001
         252856	     12541	80004f6e	00499d33	sll	x26,x19,x4	 x19:0x00000001  x4:0x000000a0 x26=0x00000001
         252876	     12542	80004f72	997d	c.andi	x10,-1	 x10:0xfffec000 x10=0xfffec000
         253036	     12550	80004f74	6bc9f113	andi	x2,x19,1724	 x19:0x00000001  x2=0x00000000
         253056	     12551	80004f78	00ae1d63	bne	x28,x10,80004f92	 x28:0x269fc3a0 x10:0xfffec000
         253876	     12592	80004f92	0000100f	fence.i	
         254096	     12603	80004f96	801d	c.srli	x8,0x7	  x8:0xfffff800  x8=0x01fffff0
         254496	     12623	80004f98	01c65663	bge	x12,x28,80004fa4	 x12:0x0000a000 x28:0x269fc3a0
         254516	     12624	80004f9c	01fe4d63	blt	x28,x31,80004fb6	 x28:0x269fc3a0 x31:0x80025ce4
         254716	     12634	80004fa0	e4d32793	slti	x15,x6,-435	  x6:0x80021e50 x15=0x00000001
         254816	     12639	80004fa4	400384b3	sub	x9,x7,x0	  x7:0x0001e000  x0:0x00000000  x9=0x0001e000
         254836	     12640	80004fa8	00791963	bne	x18,x7,80004fba	 x18:0x00000000  x7:0x0001e000
         255376	     12667	80004fba	40038393	addi	x7,x7,1024	  x7:0x0001e000  x7=0x0001e400
         255396	     12668	80004fbe	d9e0b713	sltiu	x14,x1,-610	  x1:0x00000001 x14=0x00000001
         255416	     12669	80004fc2	9d2a	c.add	x26,x10	 x26:0x00000001 x10:0xfffec000 x26=0xfffec001
         255736	     12685	80004fc4	340230f3	csrrc	x1,mscratch,x4	  x4:0x000000a0  x1=0x00000016
         255756	     12686	80004fc8	0ff0000f	fence	iorw,iorw	
         255776	     12687	80004fcc	409005b3	sub	x11,x0,x9	  x0:0x00000000  x9:0x0001e000 x11=0xfffe2000
         256756	     12736	80004fd0	0372d933	divu	x18,x5,x23	  x5:0x0000000b x23:0x00000001 x18=0x0000000b
         256776	     12737	80004fd4	002029b3	slt	x19,x0,x2	  x0:0x00000000  x2:0x00000000 x19=0x00000000
         256796	     12738	80004fd8	03c70f63	beq	x14,x28,80005016	 x14:0x00000001 x28:0x269fc3a0
         256816	     12739	80004fdc	014b1093	slli	x1,x22,0x14	 x22:0x00005000  x1=0x00000000
         256836	     12740	80004fe0	34053973	csrrc	x18,mscratch,x10	 x10:0xfffec000 x18=0x00000016
         256876	     12742	80004fe4	00891d93	slli	x27,x18,0x8	 x18:0x00000016 x27=0x00001600
         263376	     13067	80004fe8	8e05	c.sub	x12,x9	 x12:0x0000a000  x9:0x0001e000 x12=0xfffec000
         263396	     13068	80004fea	8d21	c.xor	x10,x8	 x10:0xfffec000  x8:0x01fffff0 x10=0xfe013ff0
         263416	     13069	80004fec	34089773	csrrw	x14,mscratch,x17	 x17:0x00000000 x14=0x00000016
         263436	     13070	80004ff0	41e25513	srai	x10,x4,0x1e	  x4:0x000000a0 x10=0x00000000
         263456	     13071	80004ff4	826d	c.srli	x12,0x1b	 x12:0xfffec000 x12=0x0000001f
         263476	     13072	80004ff6	8e2d	c.xor	x12,x11	 x12:0x0000001f x11:0xfffe2000 x12=0xfffe201f
         263496	     13073	80004ff8	038f8db3	mul	x27,x31,x24	 x31:0x80025ce4 x24:0x80025e5f x27=0x18c4309c
         263716	     13084	80004ffc	00ce8563	beq	x29,x12,80005006	 x29:0x7fffac0f x12:0xfffe201f
         263736	     13085	80005000	9ade	c.add	x21,x23	 x21:0x7fffac0f x23:0x00000001 x21=0x7fffac10
         263756	     13086	80005002	012ebd33	sltu	x26,x29,x18	 x29:0x7fffac0f x18:0x00000016 x26=0x00000000
         263776	     13087	80005006	03929463	bne	x5,x25,8000502e	  x5:0x0000000b x25:0x00000001
         265056	     13151	8000502e	03ce0b33	mul	x22,x28,x28	 x28:0x269fc3a0 x28:0x269fc3a0 x22=0x163d2400
         265076	     13152	80005032	30b1d997	auipc	x19,0x30b1d	 x19=0xb0b22032
         265376	     13167	80005036	01bedb93	srli	x23,x29,0x1b	 x29:0x7fffac0f x23=0x0000000f
         265796	     13188	8000503a	3402e1f3	csrrsi	x3,mscratch,5	  x3=0x00000000
         265936	     13195	8000503e	00d922b3	slt	x5,x18,x13	 x18:0x00000016 x13:0x00000000  x5=0x00000000
         266096	     13203	80005042	007b6ab3	or	x21,x22,x7	 x22:0x163d2400  x7:0x0001e400 x21=0x163de400
         266376	     13217	80005046	340b5b73	csrrwi	x22,mscratch,22	 x22=0x00000005
         266396	     13218	8000504a	d81e5c97	auipc	x25,0xd81e5	 x25=0x581ea04a
         266416	     13219	8000504e	991e	c.add	x18,x7	 x18:0x00000016  x7:0x0001e400 x18=0x0001e416
         266436	     13220	80005050	1e88	c.addi4spn	x10,x2,880	 x10=0x00000370
         266836	     13240	80005052	0067d533	srl	x10,x15,x6	 x15:0x00000001  x6:0x80021e50 x10=0x00000000
         266896	     13243	80005056	16c6e613	ori	x12,x13,364	 x13:0x00000000 x12=0x0000016c
         266916	     13244	8000505a	01cb37b3	sltu	x15,x22,x28	 x22:0x00000005 x28:0x269fc3a0 x15=0x00000001
         267156	     13256	8000505e	020ae633	rem	x12,x21,x0	 x21:0x163de400  x0:0x00000000 x12=0x163de400
         267316	     13264	80005062	00bcdc63	bge	x25,x11,8000507a	 x25:0x581ea04a x11:0xfffe2000
         268096	     13303	8000507a	004a1a93	slli	x21,x20,0x4	 x20:0xf17a9f66 x21=0x17a9f660
         268116	     13304	8000507e	004ed663	bge	x29,x4,8000508a	 x29:0x7fffac0f  x4:0x000000a0
         268856	     13341	8000508a	84e2	c.mv	x9,x24	  x0:0x00000000 x24:0x80025e5f  x9=0x80025e5f
         269256	     13361	8000508c	0d6e	c.slli	x26,0x1b	 x26:0x00000000 x26=0x00000000
         269476	     13372	8000508e	3403b173	csrrc	x2,mscratch,x7	  x7:0x0001e400  x2=0x00000016
         269496	     13373	80005092	8f2d	c.xor	x14,x11	 x14:0x00000016 x11:0xfffe2000 x14=0xfffe2016
         269536	     13375	80005094	03409ab3	mulh	x21,x1,x20	  x1:0x00000000 x20:0xf17a9f66 x21=0x00000000
         269936	     13395	80005098	02a51b33	mulh	x22,x10,x10	 x10:0x00000000 x10:0x00000000 x22=0x00000000
         270116	     13404	8000509c	6908ff17	auipc	x30,0x6908f	 x30=0xe909409c
         270216	     13409	800050a0	41dc0713	addi	x14,x24,1053	 x24:0x80025e5f x14=0x8002627c
         270416	     13419	800050a4	03cd8d33	mul	x26,x27,x28	 x27:0x18c4309c x28:0x269fc3a0 x26=0x44893580
         270456	     13421	800050a8	02adec33	rem	x24,x27,x10	 x27:0x18c4309c x10:0x00000000 x24=0x18c4309c
         270476	     13422	800050ac	868a	c.mv	x13,x2	  x0:0x00000000  x2:0x00000016 x13=0x00000016
         270536	     13425	800050ae	340e3673	csrrc	x12,mscratch,x28	 x28:0x269fc3a0 x12=0x00000016
         270636	     13430	800050b2	001b0f63	beq	x22,x1,800050d0	 x22:0x00000000  x1:0x00000000
         271356	     13466	800050d0	d5612217	auipc	x4,0xd5612	  x4=0x556170d0
         271436	     13470	800050d4	829d	c.srli	x13,0x7	 x13:0x00000016 x13=0x00000000
         271476	     13472	800050d6	02df4233	div	x4,x30,x13	 x30:0xe909409c x13:0x00000000  x4=0xffffffff
         271496	     13473	800050da	8c25	c.xor	x8,x9	  x8:0x01fffff0  x9:0x80025e5f  x8=0x81fda1af
         271516	     13474	800050dc	412e0d33	sub	x26,x28,x18	 x28:0x269fc3a0 x18:0x0001e416 x26=0x269ddf8a
         271536	     13475	800050e0	6b877c93	andi	x25,x14,1720	 x14:0x8002627c x25=0x00000238
         271796	     13488	800050e4	3404b473	csrrc	x8,mscratch,x9	  x9:0x80025e5f  x8=0x00000016
         271816	     13489	800050e8	015c34b3	sltu	x9,x24,x21	 x24:0x18c4309c x21:0x00000000  x9=0x00000000
         271996	     13498	800050ec	10fd	c.addi	x1,-1	  x1:0x00000000  x1=0xffffffff
         272016	     13499	800050ee	01015593	srli	x11,x2,0x10	  x2:0x00000016 x11=0x00000000
         272056	     13501	800050f2	039d9cb3	mulh	x25,x27,x25	 x27:0x18c4309c x25:0x00000238 x25=0x00000036
         272076	     13502	800050f6	00403633	sltu	x12,x0,x4	  x0:0x00000000  x4:0xffffffff x12=0x00000001
         272096	     13503	800050fa	34006b73	csrrsi	x22,mscratch,0	 x22=0x00000000
         272116	     13504	800050fe	0492	c.slli	x9,0x4	  x9:0x00000000  x9=0x00000000
         272296	     13513	80005100	34002973	csrrs	x18,mscratch,x0	  x0:0x00000000 x18=0x00000000
         273036	     13550	80005104	034453b3	divu	x7,x8,x20	  x8:0x00000016 x20:0xf17a9f66  x7=0x00000000
         273056	     13551	80005108	008fca63	blt	x31,x8,8000511c	 x31:0x80025ce4  x8:0x00000016
         273096	     13553	8000511c	4002d593	srai	x11,x5,0x0	  x5:0x00000000 x11=0x00000000
         273156	     13556	80005120	006f02b3	add	x5,x30,x6	 x30:0xe909409c  x6:0x80021e50  x5=0x690b5eec
         273396	     13568	80005124	03b4a533	mulhsu	x10,x9,x27	  x9:0x00000000 x27:0x18c4309c x10=0x00000000
         273416	     13569	80005128	03ec82b3	mul	x5,x25,x30	 x25:0x00000036 x30:0xe909409c  x5=0x27f3a0e8
         273436	     13570	8000512c	0102bc33	sltu	x24,x5,x16	  x5:0x27f3a0e8 x16:0x00000000 x24=0x00000000
         273656	     13581	80005130	0001	c.addi	x0,0	  x0:0x00000000  x0=0x00000000
         273676	     13582	80005132	404c0233	sub	x4,x24,x4	 x24:0x00000000  x4:0xffffffff  x4=0x00000001
         274096	     13603	80005136	0040d913	srli	x18,x1,0x4	  x1:0xffffffff x18=0x0fffffff
         274116	     13604	8000513a	0080	c.addi4spn	x8,x2,64	  x8=0x00000056
         274136	     13605	8000513c	00aa5393	srli	x7,x20,0xa	 x20:0xf17a9f66  x7=0x003c5ea7
         274156	     13606	80005140	03281263	bne	x16,x18,80005164	 x16:0x00000000 x18:0x0fffffff
         274716	     13634	80005164	01c28d33	add	x26,x5,x28	  x5:0x27f3a0e8 x28:0x269fc3a0 x26=0x4e936488
         275836	     13690	80005168	034d43b3	div	x7,x26,x20	 x26:0x4e936488 x20:0xf17a9f66  x7=0xfffffffb
         276576	     13727	8000516c	032ccbb3	div	x23,x25,x18	 x25:0x00000036 x18:0x0fffffff x23=0x00000000
         276596	     13728	80005170	8539	c.srai	x10,0xe	 x10:0x00000000 x10=0x00000000
         276616	     13729	80005172	2e142eb7	lui	x29,0x2e142	 x29=0x2e142000
         276636	     13730	80005176	00f173b3	and	x7,x2,x15	  x2:0x00000016 x15:0x00000001  x7=0x00000000
         277376	     13767	8000517a	0225c3b3	div	x7,x11,x2	 x11:0x00000000  x2:0x00000016  x7=0x00000000
         277396	     13768	8000517e	01f191b3	sll	x3,x3,x31	  x3:0x00000000 x31:0x80025ce4  x3=0x00000000
         277416	     13769	80005182	89aabb93	sltiu	x23,x21,-1894	 x21:0x00000000 x23=0x00000001
         277436	     13770	80005186	8d69	c.and	x10,x10	 x10:0x00000000 x10:0x00000000 x10=0x00000000
         277456	     13771	80005188	0ff0000f	fence	iorw,iorw	
         277476	     13772	8000518c	8d9d	c.sub	x11,x15	 x11:0x00000000 x15:0x00000001 x11=0xffffffff
         277496	     13773	8000518e	340c65f3	csrrsi	x11,mscratch,24	 x11=0x00000000
         277516	     13774	80005192	01cf5633	srl	x12,x30,x28	 x30:0xe909409c x28:0x269fc3a0 x12=0xe909409c
         277536	     13775	80005196	cd0d	c.beqz	x10,800051d0	 x10:0x00000000
         277816	     13789	800051d0	49dd	c.li	x19,23	 x19=0x00000017
         278556	     13826	800051d2	021efcb3	remu	x25,x29,x1	 x29:0x2e142000  x1:0xffffffff x25=0x2e142000
         278576	     13827	800051d6	03b69363	bne	x13,x27,800051fc	 x13:0x00000000 x27:0x18c4309c
         278816	     13839	800051fc	01f40b33	add	x22,x8,x31	  x8:0x00000056 x31:0x80025ce4 x22=0x80025d3a
         278856	     13841	80005200	3409d3f3	csrrwi	x7,mscratch,19	  x7=0x00000018
         278876	     13842	80005204	03e68933	mul	x18,x13,x30	 x13:0x00000000 x30:0xe909409c x18=0x00000000
         278976	     13847	80005208	340879f3	csrrci	x19,mscratch,16	 x19=0x00000013
         279176	     13857	8000520c	0001	c.addi	x0,0	  x0:0x00000000  x0=0x00000000
         279196	     13858	8000520e	00244ab3	xor	x21,x8,x2	  x8:0x00000056  x2:0x00000016 x21=0x00000040
         279276	     13862	80005212	01efb6b3	sltu	x13,x31,x30	 x31:0x80025ce4 x30:0xe909409c x13=0x00000001
         279296	     13863	80005216	41b95813	srai	x16,x18,0x1b	 x18:0x00000000 x16=0x00000000
         279396	     13868	8000521a	34003af3	csrrc	x21,mscratch,x0	  x0:0x00000000 x21=0x00000003
         279816	     13889	8000521e	45b02793	slti	x15,x0,1115	  x0:0x00000000 x15=0x00000001
         280256	     13911	80005222	02239633	mulh	x12,x7,x2	  x7:0x00000018  x2:0x00000016 x12=0x00000000
         280276	     13912	80005226	01d034b3	sltu	x9,x0,x29	  x0:0x00000000 x29:0x2e142000  x9=0x00000001
         280376	     13917	8000522a	012f9133	sll	x2,x31,x18	 x31:0x80025ce4 x18:0x00000000  x2=0x80025ce4
         280396	     13918	8000522e	00c7a533	slt	x10,x15,x12	 x15:0x00000001 x12:0x00000000 x10=0x00000000
         280416	     13919	80005232	3404fb73	csrrci	x22,mscratch,9	 x22=0x00000003
         280436	     13920	80005236	6ced	c.lui	x25,0x1b	 x25=0x0001b000
         280456	     13921	80005238	ec15	c.bnez	x8,80005274	  x8:0x00000056
         280956	     13946	80005274	03517363	bgeu	x2,x21,8000529a	  x2:0x80025ce4 x21:0x00000003
         281156	     13956	8000529a	6951	c.lui	x18,0x14	 x18=0x00014000
         281176	     13957	8000529c	08f1	c.addi	x17,28	 x17:0x00000000 x17=0x0000001c
         281196	     13958	8000529e	009889b3	add	x19,x17,x9	 x17:0x0000001c  x9:0x00000001 x19=0x0000001d
         281216	     13959	800052a2	9132	c.add	x2,x12	  x2:0x80025ce4 x12:0x00000000  x2=0x80025ce4
         281296	     13963	800052a4	037f1763	bne	x30,x23,800052d2	 x30:0xe909409c x23:0x00000001
         282356	     14016	800052d2	020d8233	mul	x4,x27,x0	 x27:0x18c4309c  x0:0x00000000  x4=0x00000000
         282376	     14017	800052d6	05818063	beq	x3,x24,80005316	  x3:0x00000000 x24:0x00000000
         283296	     14063	80005316	037d5ab3	divu	x21,x26,x23	 x26:0x4e936488 x23:0x00000001 x21=0x4e936488
         283316	     14064	8000531a	9bfd	c.andi	x15,-1	 x15:0x00000001 x15=0x00000001
         283336	     14065	8000531c	4855	c.li	x16,21	 x16=0x00000015
         283356	     14066	8000531e	03400633	mul	x12,x0,x20	  x0:0x00000000 x20:0xf17a9f66 x12=0x00000000
         283376	     14067	80005322	3406def3	csrrwi	x29,mscratch,13	 x29=0x00000002
         283396	     14068	80005326	6d0e7e93	andi	x29,x28,1744	 x28:0x269fc3a0 x29=0x00000280
         283416	     14069	8000532a	340079f3	csrrci	x19,mscratch,0	 x19=0x0000000d
         283436	     14070	8000532e	85a9	c.srai	x11,0xa	 x11:0x00000000 x11=0x00000000
         283856	     14091	80005330	ce2f0b17	auipc	x22,0xce2f0	 x22=0x4e2f5330
         283896	     14093	80005334	8125	c.srli	x10,0x9	 x10:0x00000000 x10=0x00000000
         284036	     14100	80005336	0000100f	fence.i	
         284536	     14125	8000533a	8e39	c.xor	x12,x14	 x12:0x00000000 x14:0x8002627c x12=0x8002627c
         284936	     14145	8000533c	34007df3	csrrci	x27,mscratch,0	 x27=0x0000000d
         284956	     14146	80005340	340ad7f3	csrrwi	x15,mscratch,21	 x15=0x0000000d
         285116	     14154	80005344	933f4b17	auipc	x22,0x933f4	 x22=0x133f9344
         285316	     14164	80005348	0001	c.addi	x0,0	  x0:0x00000000  x0=0x00000000
         285336	     14165	8000534a	4deb9217	auipc	x4,0x4deb9	  x4=0xcdebe34a
         285376	     14167	8000534e	02d72eb3	mulhsu	x29,x14,x13	 x14:0x8002627c x13:0x00000001 x29=0xffffffff
         285396	     14168	80005352	e805	c.bnez	x8,80005382	  x8:0x00000056
         295736	     14685	80005382	010730b3	sltu	x1,x14,x16	 x14:0x8002627c x16:0x00000015  x1=0x00000000
         295756	     14686	80005386	506b4013	xori	x0,x22,1286	 x22:0x133f9344  x0=0x00000000
         295776	     14687	8000538a	4bc5	c.li	x23,17	 x23=0x00000011
         295796	     14688	8000538c	14428493	addi	x9,x5,324	  x5:0x27f3a0e8  x9=0x27f3a22c
         295816	     14689	80005390	03f50eb3	mul	x29,x10,x31	 x10:0x00000000 x31:0x80025ce4 x29=0x00000000
         296216	     14709	80005394	05ab0063	beq	x22,x26,800053d4	 x22:0x133f9344 x26:0x4e936488
         296236	     14710	80005398	0ff0000f	fence	iorw,iorw	
         296276	     14712	8000539c	03b323b3	mulhsu	x7,x6,x27	  x6:0x80021e50 x27:0x0000000d  x7=0xfffffff9
         296296	     14713	800053a0	8665	c.srai	x12,0x19	 x12:0x8002627c x12=0xffffffc0
         296316	     14714	800053a2	005fc433	xor	x8,x31,x5	 x31:0x80025ce4  x5:0x27f3a0e8  x8=0xa7f1fc0c
         296336	     14715	800053a6	10fd	c.addi	x1,-1	  x1:0x00000000  x1=0xffffffff
         296616	     14729	800053a8	df746893	ori	x17,x8,-521	  x8:0xa7f1fc0c x17=0xfffffdff
         296656	     14731	800053ac	028d9933	mulh	x18,x27,x8	 x27:0x0000000d  x8:0xa7f1fc0c x18=0xfffffffb
         296676	     14732	800053b0	0001	c.addi	x0,0	  x0:0x00000000  x0=0x00000000
         296696	     14733	800053b2	a453af13	slti	x30,x7,-1467	  x7:0xfffffff9 x30=0x00000000
         296736	     14735	800053b6	02ab22b3	mulhsu	x5,x22,x10	 x22:0x133f9344 x10:0x00000000  x5=0x00000000
         296756	     14736	800053ba	489d	c.li	x17,7	 x17=0x00000007
         296776	     14737	800053bc	02ea	c.slli	x5,0x1a	  x5:0x00000000  x5=0x00000000
         296836	     14740	800053be	6a69b593	sltiu	x11,x19,1702	 x19:0x0000000d x11=0x00000001
         296856	     14741	800053c2	01838d33	add	x26,x7,x24	  x7:0xfffffff9 x24:0x00000000 x26=0xfffffff9
         296936	     14745	800053c6	0129da93	srli	x21,x19,0x12	 x19:0x0000000d x21=0x00000000
         296956	     14746	800053ca	00cdf1b3	and	x3,x27,x12	 x27:0x0000000d x12:0xffffffc0  x3=0x00000000
         296976	     14747	800053ce	85c9	c.srai	x11,0x12	 x11:0x00000001 x11=0x00000000
         296996	     14748	800053d0	9b16	c.add	x22,x5	 x22:0x133f9344  x5:0x00000000 x22=0x133f9344
         297016	     14749	800053d2	4249	c.li	x4,18	  x4=0x00000012
         297396	     14768	800053d4	0270e163	bltu	x1,x7,800053f6	  x1:0xffffffff  x7:0xfffffff9
         297716	     14784	800053d8	83f2	c.mv	x7,x28	  x0:0x00000000 x28:0x269fc3a0  x7=0x269fc3a0
         297736	     14785	800053da	91a2	c.add	x3,x8	  x3:0x00000000  x8:0xa7f1fc0c  x3=0xa7f1fc0c
         298156	     14806	800053dc	03319733	mulh	x14,x3,x19	  x3:0xa7f1fc0c x19:0x0000000d x14=0xfffffffb
         298476	     14822	800053e0	764f8b13	addi	x22,x31,1892	 x31:0x80025ce4 x22=0x80026448
         298896	     14843	800053e4	4113db13	srai	x22,x7,0x11	  x7:0x269fc3a0 x22=0x0000134f
         299276	     14862	800053e8	8095	c.srli	x9,0x5	  x9:0x27f3a22c  x9=0x013f9d11
         299296	     14863	800053ea	01e62433	slt	x8,x12,x30	 x12:0xffffffc0 x30:0x00000000  x8=0x00000001
         299316	     14864	800053ee	8789	c.srai	x15,0x2	 x15:0x0000000d x15=0x00000003
         299476	     14872	800053f0	02a98eb3	mul	x29,x19,x10	 x19:0x0000000d x10:0x00000000 x29=0x00000000
         299516	     14874	800053f4	8d41	c.or	x10,x8	 x10:0x00000000  x8:0x00000001 x10=0x00000001
         299536	     14875	800053f6	1e10	c.addi4spn	x12,x2,816	 x12=0x80026014
         299936	     14895	800053f8	026dc563	blt	x27,x6,80005422	 x27:0x0000000d  x6:0x80021e50
         300136	     14905	800053fc	02cfc763	blt	x31,x12,8000542a	 x31:0x80025ce4 x12:0x80026014
         300416	     14919	8000542a	018b7ab3	and	x21,x22,x24	 x22:0x0000134f x24:0x00000000 x21=0x00000000
         300456	     14921	8000542e	340b9a73	csrrw	x20,mscratch,x23	 x23:0x00000011 x20=0x00000015
         300476	     14922	80005432	ca15	c.beqz	x12,80005466	 x12:0x80026014
         300856	     14941	80005434	8492	c.mv	x9,x4	  x0:0x00000000  x4:0x00000012  x9=0x00000012
         300876	     14942	80005436	ffe7e393	ori	x7,x15,-2	 x15:0x00000003  x7=0xffffffff
         300996	     14948	8000543a	4ffa2213	slti	x4,x20,1279	 x20:0x00000015  x4=0x00000001
         301396	     14968	8000543e	01e5fa63	bgeu	x11,x30,80005452	 x11:0x00000000 x30:0x00000000
         302036	     15000	80005452	340cd573	csrrwi	x10,mscratch,25	 x10=0x00000011
         302056	     15001	80005456	036a5d63	bge	x20,x22,80005490	 x20:0x00000015 x22:0x0000134f
         302076	     15002	8000545a	c785	c.beqz	x15,80005482	 x15:0x00000003
         302096	     15003	8000545c	8cf5	c.and	x9,x13	  x9:0x00000012 x13:0x00000001  x9=0x00000000
         302136	     15005	8000545e	028f9a33	mulh	x20,x31,x8	 x31:0x80025ce4  x8:0x00000001 x20=0xffffffff
         302156	     15006	80005462	00f85a63	bge	x16,x15,80005476	 x16:0x00000015 x15:0x00000003
         302636	     15030	80005476	c989	c.beqz	x11,80005488	 x11:0x00000000
         303976	     15097	80005488	02277033	remu	x0,x14,x2	 x14:0xfffffffb  x2:0x80025ce4  x0=0x00000000
         303996	     15098	8000548c	0192ff63	bgeu	x5,x25,800054aa	  x5:0x00000000 x25:0x0001b000
         304016	     15099	80005490	e1b8bc37	lui	x24,0xe1b8b	 x24=0xe1b8b000
         304036	     15100	80005494	0257c663	blt	x15,x5,800054c0	 x15:0x00000003  x5:0x00000000
         304056	     15101	80005498	8d5d	c.or	x10,x15	 x10:0x00000011 x15:0x00000003 x10=0x00000013
         304076	     15102	8000549a	41a95593	srai	x11,x18,0x1a	 x18:0xfffffffb x11=0xffffffff
         304116	     15104	8000549e	0098f4b3	and	x9,x17,x9	 x17:0x00000007  x9:0x00000000  x9=0x00000000
         304296	     15113	800054a2	4c6b8713	addi	x14,x23,1222	 x23:0x00000011 x14=0x000004d7
         304736	     15135	800054a6	02cda633	mulhsu	x12,x27,x12	 x27:0x0000000d x12:0x80026014 x12=0x00000006
         304756	     15136	800054aa	8739	c.srai	x14,0xe	 x14:0x000004d7 x14=0x00000000
         304816	     15139	800054ac	00abdf13	srli	x30,x23,0xa	 x23:0x00000011 x30=0x00000000
         304856	     15141	800054b0	03e720b3	mulhsu	x1,x14,x30	 x14:0x00000000 x30:0x00000000  x1=0x00000000
         304876	     15142	800054b4	0ff0000f	fence	iorw,iorw	
         305216	     15159	800054b8	40d654b3	sra	x9,x12,x13	 x12:0x00000006 x13:0x00000001  x9=0x00000003
         305236	     15160	800054bc	03e04663	blt	x0,x30,800054e8	  x0:0x00000000 x30:0x00000000
         305256	     15161	800054c0	34003573	csrrc	x10,mscratch,x0	  x0:0x00000000 x10=0x00000019
         305276	     15162	800054c4	8271	c.srli	x12,0x1c	 x12:0x00000006 x12=0x00000000
         305296	     15163	800054c6	03d9	c.addi	x7,22	  x7:0xffffffff  x7=0x00000015
         305696	     15183	800054c8	0ff0000f	fence	iorw,iorw	
         305856	     15191	800054cc	0b16	c.slli	x22,0x5	 x22:0x0000134f x22=0x000269e0
         305876	     15192	800054ce	0d1c	c.addi4spn	x15,x2,656	 x15=0x80025f74
         305956	     15196	800054d0	0117d293	srli	x5,x15,0x11	 x15:0x80025f74  x5=0x00004001
         305976	     15197	800054d4	9bfd	c.andi	x15,-1	 x15:0x80025f74 x15=0x80025f74
         306396	     15218	800054d6	0000100f	fence.i	
         307716	     15284	800054da	01029b13	slli	x22,x5,0x10	  x5:0x00004001 x22=0x40010000
         307736	     15285	800054de	01d714b3	sll	x9,x14,x29	 x14:0x00000000 x29:0x00000000  x9=0x00000000
         307756	     15286	800054e2	847d	c.srai	x8,0x1f	  x8:0x00000001  x8=0x00000000
         307776	     15287	800054e4	f19dc013	xori	x0,x27,-231	 x27:0x0000000d  x0=0x00000000
         307836	     15290	800054e8	03ffb3b3	mulhu	x7,x31,x31	 x31:0x80025ce4 x31:0x80025ce4  x7=0x40025ce9
         308056	     15301	800054ec	72b7e293	ori	x5,x15,1835	 x15:0x80025f74  x5=0x80025f7f
         308096	     15303	800054f0	76392d13	slti	x26,x18,1891	 x18:0xfffffffb x26=0x00000001
         308116	     15304	800054f4	00159263	bne	x11,x1,800054f8	 x11:0xffffffff  x1:0x00000000
         308336	     15315	800054f8	8ffd	c.and	x15,x15	 x15:0x80025f74 x15:0x80025f74 x15=0x80025f74
         308476	     15322	800054fa	340072f3	csrrci	x5,mscratch,0	  x5=0x00000019
         308516	     15324	800054fe	03cbbbb3	mulhu	x23,x23,x28	 x23:0x00000011 x28:0x269fc3a0 x23=0x00000002
         308536	     15325	80005502	ce9d	c.beqz	x13,80005540	 x13:0x00000001
         308556	     15326	80005504	340722f3	csrrs	x5,mscratch,x14	 x14:0x00000000  x5=0x00000019
         308576	     15327	80005508	340837f3	csrrc	x15,mscratch,x16	 x16:0x00000015 x15=0x00000019
         308616	     15329	8000550c	0484	c.addi4spn	x9,x2,576	  x9=0x80025f24
         308636	     15330	8000550e	34006973	csrrsi	x18,mscratch,0	 x18=0x00000008
         309056	     15351	80005512	333c3793	sltiu	x15,x24,819	 x24:0xe1b8b000 x15=0x00000000
         309076	     15352	80005516	8c41	c.or	x8,x8	  x8:0x00000000  x8:0x00000000  x8=0x00000000
         309196	     15358	80005518	1c7d	c.addi	x24,-1	 x24:0xe1b8b000 x24=0xe1b8afff
         309216	     15359	8000551a	3400ff73	csrrci	x30,mscratch,1	 x30=0x00000008
         309596	     15378	8000551e	0212d163	bge	x5,x1,80005540	  x5:0x00000019  x1:0x00000000
         310576	     15427	80005540	0200c193	xori	x3,x1,32	  x1:0x00000000  x3=0x00000020
         310996	     15448	80005544	051c	c.addi4spn	x15,x2,640	 x15=0x80025f64
         311016	     15449	80005546	8f75	c.and	x14,x13	 x14:0x00000000 x13:0x00000001 x14=0x00000000
         311236	     15460	80005548	03b57263	bgeu	x10,x27,8000556c	 x10:0x00000019 x27:0x0000000d
         312576	     15527	8000556c	024ff4b3	remu	x9,x31,x4	 x31:0x80025ce4  x4:0x00000001  x9=0x00000000
         312596	     15528	80005570	01bdf6b3	and	x13,x27,x27	 x27:0x0000000d x27:0x0000000d x13=0x0000000d
         312616	     15529	80005574	00ecc2b3	xor	x5,x25,x14	 x25:0x0001b000 x14:0x00000000  x5=0x0001b000
         312636	     15530	80005578	897f9697	auipc	x13,0x897f9	 x13=0x097fe578
         312656	     15531	8000557c	34086473	csrrsi	x8,mscratch,16	  x8=0x00000008
         312676	     15532	80005580	34049273	csrrw	x4,mscratch,x9	  x9:0x00000000  x4=0x00000018
         312696	     15533	80005584	86ba	c.mv	x13,x14	  x0:0x00000000 x14:0x00000000 x13=0x00000000
         312756	     15536	80005586	029732b3	mulhu	x5,x14,x9	 x14:0x00000000  x9:0x00000000  x5=0x00000000
         312776	     15537	8000558a	131c	c.addi4spn	x15,x2,416	 x15=0x80025e84
         312796	     15538	8000558c	41d957b3	sra	x15,x18,x29	 x18:0x00000008 x29:0x00000000 x15=0x00000008
         312936	     15545	80005590	010f6133	or	x2,x30,x16	 x30:0x00000008 x16:0x00000015  x2=0x0000001d
         312996	     15548	80005594	9aea	c.add	x21,x26	 x21:0x00000000 x26:0x00000001 x21=0x00000001
         313036	     15550	80005596	0295b5b3	mulhu	x11,x11,x9	 x11:0xffffffff  x9:0x00000000 x11=0x00000000
         313056	     15551	8000559a	00b19793	slli	x15,x3,0xb	  x3:0x00000020 x15=0x00010000
         313076	     15552	8000559e	4ffa8513	addi	x10,x21,1279	 x21:0x00000001 x10=0x00000500
         313476	     15572	800055a2	a7a1e913	ori	x18,x3,-1414	  x3:0x00000020 x18=0xfffffa7a
         313496	     15573	800055a6	6165	c.addi16sp	x2,112	  x2:0x0000001d  x2=0x0000008d
         313516	     15574	800055a8	8e49	c.or	x12,x10	 x12:0x00000000 x10:0x00000500 x12=0x00000500
         313916	     15594	800055aa	0396c463	blt	x13,x25,800055d2	 x13:0x00000000 x25:0x0001b000
         314196	     15608	800055d2	139c	c.addi4spn	x15,x2,480	 x15=0x0000026d
         314216	     15609	800055d4	293c6213	ori	x4,x24,659	 x24:0xe1b8afff  x4=0xe1b8afff
         314256	     15611	800055d8	14222093	slti	x1,x4,322	  x4:0xe1b8afff  x1=0x00000001
         314276	     15612	800055dc	02d41c63	bne	x8,x13,80005614	  x8:0x00000008 x13:0x00000000
         315356	     15666	80005614	000d1493	slli	x9,x26,0x0	 x26:0x00000001  x9=0x00000001
         315456	     15671	80005618	be3b3193	sltiu	x3,x22,-1053	 x22:0x40010000  x3=0x00000001
         315496	     15673	8000561c	03243bb3	mulhu	x23,x8,x18	  x8:0x00000008 x18:0xfffffa7a x23=0x00000007
         315516	     15674	80005620	8f71	c.and	x14,x12	 x14:0x00000000 x12:0x00000500 x14=0x00000000
         316256	     15711	80005622	039474b3	remu	x9,x8,x25	  x8:0x00000008 x25:0x0001b000  x9=0x00000008
         324096	     16103	80005626	8eb9	c.xor	x13,x14	 x13:0x00000000 x14:0x00000000 x13=0x00000000
         324116	     16104	80005628	6159	c.addi16sp	x2,400	  x2:0x0000008d  x2=0x0000021d
         324136	     16105	8000562a	030e7463	bgeu	x28,x16,80005652	 x28:0x269fc3a0 x16:0x00000015
         324416	     16119	80005652	717d	c.addi16sp	x2,-16	  x2:0x0000021d  x2=0x0000020d
         324536	     16125	80005654	88f5	c.andi	x9,29	  x9:0x00000008  x9=0x00000008
         324556	     16126	80005656	c20eb417	auipc	x8,0xc20eb	  x8=0x420f0656
         324796	     16138	8000565a	8b354413	xori	x8,x10,-1869	 x10:0x00000500  x8=0xfffffdb3
         325036	     16150	8000565e	0ff0000f	fence	iorw,iorw	
         325056	     16151	80005662	8de9	c.and	x11,x10	 x11:0x00000000 x10:0x00000500 x11=0x00000000
         325096	     16153	80005664	0232abb3	mulhsu	x23,x5,x3	  x5:0x00000000  x3:0x00000001 x23=0x00000000
         325116	     16154	80005668	c085	c.beqz	x9,80005688	  x9:0x00000008
         325296	     16163	8000566a	01bd9d33	sll	x26,x27,x27	 x27:0x0000000d x27:0x0000000d x26=0x0001a000
         325316	     16164	8000566e	81dd	c.srli	x11,0x17	 x11:0x00000000 x11=0x00000000
         325336	     16165	80005670	01f04263	blt	x0,x31,80005674	  x0:0x00000000 x31:0x80025ce4
         325356	     16166	80005674	c509	c.beqz	x10,8000567e	 x10:0x00000500
         325756	     16186	80005676	02500f63	beq	x0,x5,800056b4	  x0:0x00000000  x5:0x00000000
         326296	     16213	800056b4	00f93bb3	sltu	x23,x18,x15	 x18:0xfffffa7a x15:0x0000026d x23=0x00000000
         327176	     16257	800056b8	027c59b3	divu	x19,x24,x7	 x24:0xe1b8afff  x7:0x40025ce9 x19=0x00000003
         327196	     16258	800056bc	91aa3193	sltiu	x3,x20,-1766	 x20:0xffffffff  x3=0x00000000
         327216	     16259	800056c0	001612b3	sll	x5,x12,x1	 x12:0x00000500  x1:0x00000001  x5=0x00000a00
         327236	     16260	800056c4	0001	c.addi	x0,0	  x0:0x00000000  x0=0x00000000
         327256	     16261	800056c6	8211	c.srli	x12,0x4	 x12:0x00000500 x12=0x00000050
         327996	     16298	800056c8	02714f33	div	x30,x2,x7	  x2:0x0000020d  x7:0x40025ce9 x30=0x00000000
         328016	     16299	800056cc	34002973	csrrs	x18,mscratch,x0	  x0:0x00000000 x18=0x00000000
         328036	     16300	800056d0	92ce	c.add	x5,x19	  x5:0x00000a00 x19:0x00000003  x5=0x00000a03
         328056	     16301	800056d2	717d	c.addi16sp	x2,-16	  x2:0x0000020d  x2=0x000001fd
         328796	     16338	800056d4	033c57b3	divu	x15,x24,x19	 x24:0xe1b8afff x19:0x00000003 x15=0x4b3d8fff
         328816	     16339	800056d8	a510f537	lui	x10,0xa510f	 x10=0xa510f000
         328836	     16340	800056dc	8afe	c.mv	x21,x31	  x0:0x00000000 x31:0x80025ce4 x21=0x80025ce4
         328856	     16341	800056de	037e8a63	beq	x29,x23,80005712	 x29:0x00000000 x23:0x00000000
         328936	     16345	80005712	611d	c.addi16sp	x2,416	  x2:0x000001fd  x2=0x0000039d
         328956	     16346	80005714	8491	c.srai	x9,0x4	  x9:0x00000008  x9=0x00000000
         329116	     16354	80005716	0000100f	fence.i	
         329416	     16369	8000571a	ca89	c.beqz	x13,8000572c	 x13:0x00000000
         329476	     16372	8000572c	03813b33	mulhu	x22,x2,x24	  x2:0x0000039d x24:0xe1b8afff x22=0x0000032f
         330336	     16415	80005730	0257f533	remu	x10,x15,x5	 x15:0x4b3d8fff  x5:0x00000a03 x10=0x0000084d
         330356	     16416	80005734	0001	c.addi	x0,0	  x0:0x00000000  x0=0x00000000
         331096	     16453	80005736	0240fc33	remu	x24,x1,x4	  x1:0x00000001  x4:0xe1b8afff x24=0x00000001
         331116	     16454	8000573a	34081673	csrrw	x12,mscratch,x16	 x16:0x00000015 x12=0x00000000
         331136	     16455	8000573e	7c387997	auipc	x19,0x7c387	 x19=0xfc38c73e
         331156	     16456	80005742	03d87963	bgeu	x16,x29,80005774	 x16:0x00000015 x29:0x00000000
         331456	     16471	80005774	cc1d	c.beqz	x8,800057b2	  x8:0xfffffdb3
         331476	     16472	80005776	8275	c.srli	x12,0x1d	 x12:0x00000000 x12=0x00000000
         331516	     16474	80005778	038327b3	mulhsu	x15,x6,x24	  x6:0x80021e50 x24:0x00000001 x15=0xffffffff
         331536	     16475	8000577c	de036813	ori	x16,x6,-544	  x6:0x80021e50 x16=0xfffffff0
         331556	     16476	80005780	01c80c33	add	x24,x16,x28	 x16:0xfffffff0 x28:0x269fc3a0 x24=0x269fc390
         331576	     16477	80005784	340f7bf3	csrrci	x23,mscratch,30	 x23=0x00000015
         331776	     16487	80005788	5d7d	c.li	x26,-1	 x26=0xffffffff
         331896	     16493	8000578a	0261b033	mulhu	x0,x3,x6	  x3:0x00000000  x6:0x80021e50  x0=0x00000000
         332296	     16513	8000578e	023ce063	bltu	x25,x3,800057ae	 x25:0x0001b000  x3:0x00000000
         332336	     16515	80005792	0231f033	remu	x0,x3,x3	  x3:0x00000000  x3:0x00000000  x0=0x00000000
         332736	     16535	80005796	03177663	bgeu	x14,x17,800057c2	 x14:0x00000000 x17:0x00000007
         332756	     16536	8000579a	0001	c.addi	x0,0	  x0:0x00000000  x0=0x00000000
         332996	     16548	8000579c	018c1eb3	sll	x29,x24,x24	 x24:0x269fc390 x24:0x269fc390 x29=0xc3900000
         333136	     16555	800057a0	002f2bb3	slt	x23,x30,x2	 x30:0x00000000  x2:0x0000039d x23=0x00000001
         333196	     16558	800057a4	0052fb33	and	x22,x5,x5	  x5:0x00000a03  x5:0x00000a03 x22=0x00000a03
         333216	     16559	800057a8	0000100f	fence.i	
         333676	     16582	800057ac	ed8d	c.bnez	x11,800057e6	 x11:0x00000000
         333696	     16583	800057ae	cf95	c.beqz	x15,800057ea	 x15:0xffffffff
         334096	     16603	800057b0	717d	c.addi16sp	x2,-16	  x2:0x0000039d  x2=0x0000038d
         334116	     16604	800057b2	9847e413	ori	x8,x15,-1660	 x15:0xffffffff  x8=0xffffffff
         334536	     16625	800057b6	dee59737	lui	x14,0xdee59	 x14=0xdee59000
         334556	     16626	800057ba	00de4833	xor	x16,x28,x13	 x28:0x269fc3a0 x13:0x00000000 x16=0x269fc3a0
         334576	     16627	800057be	0000100f	fence.i	
         335076	     16652	800057c2	039d0db3	mul	x27,x26,x25	 x26:0xffffffff x25:0x0001b000 x27=0xfffe5000
         335096	     16653	800057c6	02bd	c.addi	x5,15	  x5:0x00000a03  x5=0x00000a12
         335116	     16654	800057c8	410d5033	sra	x0,x26,x16	 x26:0xffffffff x16:0x269fc3a0  x0=0x00000000
         335276	     16662	800057cc	00186533	or	x10,x16,x1	 x16:0x269fc3a0  x1:0x00000001 x10=0x269fc3a1
         335296	     16663	800057d0	9946	c.add	x18,x17	 x18:0x00000000 x17:0x00000007 x18=0x00000007
         335316	     16664	800057d2	02cb6063	bltu	x22,x12,800057f2	 x22:0x00000a03 x12:0x00000000
         335336	     16665	800057d6	6fd86693	ori	x13,x16,1789	 x16:0x269fc3a0 x13=0x269fc7fd
         335756	     16686	800057da	5ebf3993	sltiu	x19,x30,1515	 x30:0x00000000 x19=0x00000001
         336016	     16699	800057de	41cf5093	srai	x1,x30,0x1c	 x30:0x00000000  x1=0x00000000
         336036	     16700	800057e2	016bbb33	sltu	x22,x23,x22	 x23:0x00000001 x22:0x00000a03 x22=0x00000001
         336056	     16701	800057e6	853d	c.srai	x10,0xf	 x10:0x269fc3a1 x10=0x00004d3f
         336076	     16702	800057e8	e889	c.bnez	x9,800057fa	  x9:0x00000000
         336096	     16703	800057ea	4171	c.li	x2,28	  x2=0x0000001c
         336116	     16704	800057ec	c315	c.beqz	x14,80005810	 x14:0xdee59000
         336396	     16718	800057ee	0000100f	fence.i	
         336996	     16748	800057f2	b0472f13	slti	x30,x14,-1276	 x14:0xdee59000 x30=0x00000001
         337136	     16755	800057f6	02c4b033	mulhu	x0,x9,x12	  x9:0x00000000 x12:0x00000000  x0=0x00000000
         337156	     16756	800057fa	0710	c.addi4spn	x12,x2,896	 x12=0x0000039c
         337476	     16772	800057fc	e695	c.bnez	x13,80005828	 x13:0x269fc7fd
         338076	     16802	80005828	8e8d	c.sub	x13,x11	 x13:0x269fc7fd x11:0x00000000 x13=0x269fc7fd
         338116	     16804	8000582a	41418cb3	sub	x25,x3,x20	  x3:0x00000000 x20:0xffffffff x25=0x00000001
         338536	     16825	8000582e	01bdf6b3	and	x13,x27,x27	 x27:0xfffe5000 x27:0xfffe5000 x13=0xfffe5000
         338596	     16828	80005832	0304e663	bltu	x9,x16,8000585e	  x9:0x00000000 x16:0x269fc3a0
         339096	     16853	8000585e	40d25693	srai	x13,x4,0xd	  x4:0xe1b8afff x13=0xffff0dc5
         339216	     16859	80005862	01e4c233	xor	x4,x9,x30	  x9:0x00000000 x30:0x00000001  x4=0x00000001
         339656	     16881	80005866	022b2b33	mulhsu	x22,x22,x2	 x22:0x00000001  x2:0x0000001c x22=0x00000000
         339676	     16882	8000586a	62648a13	addi	x20,x9,1574	  x9:0x00000000 x20=0x00000626
         339716	     16884	8000586e	02027633	remu	x12,x4,x0	  x4:0x00000001  x0:0x00000000 x12=0x00000001
         339736	     16885	80005872	0026bcb3	sltu	x25,x13,x2	 x13:0xffff0dc5  x2:0x0000001c x25=0x00000000
         339776	     16887	80005876	02b935b3	mulhu	x11,x18,x11	 x18:0x00000007 x11:0x00000000 x11=0x00000000
         340516	     16924	8000587a	037c70b3	remu	x1,x24,x23	 x24:0x269fc390 x23:0x00000001  x1=0x00000000
         340536	     16925	8000587e	0001	c.addi	x0,0	  x0:0x00000000  x0=0x00000000
         340556	     16926	80005880	41dcd113	srai	x2,x25,0x1d	 x25:0x00000000  x2=0x00000000
         341296	     16963	80005884	03325133	divu	x2,x4,x19	  x4:0x00000001 x19:0x00000001  x2=0x00000001
         341316	     16964	80005888	00f4d393	srli	x7,x9,0xf	  x9:0x00000000  x7=0x00000000
         341336	     16965	8000588c	34007bf3	csrrci	x23,mscratch,0	 x23=0x00000001
         341356	     16966	80005890	8c69	c.and	x8,x10	  x8:0xffffffff x10:0x00004d3f  x8=0x00004d3f
         341376	     16967	80005892	04580163	beq	x16,x5,800058d4	 x16:0x269fc3a0  x5:0x00000a12
         341416	     16969	80005896	0204c1b3	div	x3,x9,x0	  x9:0x00000000  x0:0x00000000  x3=0xffffffff
         341436	     16970	8000589a	668d	c.lui	x13,0x3	 x13=0x00003000
         341456	     16971	8000589c	34059273	csrrw	x4,mscratch,x11	 x11:0x00000000  x4=0x00000001
         341556	     16976	800058a0	340e1073	csrrw	x0,mscratch,x28	 x28:0x269fc3a0  x0=0x00000000
         341776	     16987	800058a4	cd8d	c.beqz	x11,800058de	 x11:0x00000000
         342596	     17028	800058de	414cdbb3	sra	x23,x25,x20	 x25:0x00000000 x20:0x00000626 x23=0x00000000
         343016	     17049	800058e2	00836db3	or	x27,x6,x8	  x6:0x80021e50  x8:0x00004d3f x27=0x80025f7f
         343036	     17050	800058e6	015870b3	and	x1,x16,x21	 x16:0x269fc3a0 x21:0x80025ce4  x1=0x000240a0
         343216	     17059	800058ea	3406d673	csrrwi	x12,mscratch,13	 x12=0x269fc3a0
         343436	     17070	800058ee	0378eb33	rem	x22,x17,x23	 x17:0x00000007 x23:0x00000000 x22=0x00000007
         343456	     17071	800058f2	34002273	csrrs	x4,mscratch,x0	  x0:0x00000000  x4=0x0000000d
         343476	     17072	800058f6	350d8797	auipc	x15,0x350d8	 x15=0xb50dd8f6
         343496	     17073	800058fa	6131	c.addi16sp	x2,320	  x2:0x00000001  x2=0x00000141
         343516	     17074	800058fc	f07d6393	ori	x7,x26,-249	 x26:0xffffffff  x7=0xffffffff
         343896	     17093	80005900	415f5293	srai	x5,x30,0x15	 x30:0x00000001  x5=0x00000000
         343916	     17094	80005904	01369593	slli	x11,x13,0x13	 x13:0x00003000 x11=0x80000000
         344016	     17099	80005908	5a7d	c.li	x20,-1	 x20=0xffffffff
         344096	     17103	8000590a	026f1833	mulh	x16,x30,x6	 x30:0x00000001  x6:0x80021e50 x16=0xffffffff
         344116	     17104	8000590e	2685e813	ori	x16,x11,616	 x11:0x80000000 x16=0x80000268
         344136	     17105	80005912	019278b3	and	x17,x4,x25	  x4:0x0000000d x25:0x00000000 x17=0x00000000
         344176	     17107	80005916	021a3b33	mulhu	x22,x20,x1	 x20:0xffffffff  x1:0x000240a0 x22=0x0002409f
         344196	     17108	8000591a	34052473	csrrs	x8,mscratch,x10	 x10:0x00004d3f  x8=0x0000000d
         344616	     17129	8000591e	0ff0000f	fence	iorw,iorw	
         344636	     17130	80005922	8c59	c.or	x8,x14	  x8:0x0000000d x14:0xdee59000  x8=0xdee5900d
         345396	     17168	80005924	0264d4b3	divu	x9,x9,x6	  x9:0x00000000  x6:0x80021e50  x9=0x00000000
         345416	     17169	80005928	83ee	c.mv	x7,x27	  x0:0x00000000 x27:0x80025f7f  x7=0x80025f7f
         345436	     17170	8000592a	3401aef3	csrrs	x29,mscratch,x3	  x3:0xffffffff x29=0x00004d3f
         345456	     17171	8000592e	04fdf163	bgeu	x27,x15,80005970	 x27:0x80025f7f x15:0xb50dd8f6
         345476	     17172	80005932	6a1ff193	andi	x3,x31,1697	 x31:0x80025ce4  x3=0x000004a0
         345496	     17173	80005936	9a6a	c.add	x20,x26	 x20:0xffffffff x26:0xffffffff x20=0xfffffffe
         345516	     17174	80005938	1eace913	ori	x18,x25,490	 x25:0x00000000 x18=0x000001ea
         345576	     17177	8000593c	987d	c.andi	x8,-1	  x8:0xdee5900d  x8=0xdee5900d
         345596	     17178	8000593e	951be493	ori	x9,x23,-1711	 x23:0x00000000  x9=0xfffff951
         345716	     17184	80005942	0259c4b3	div	x9,x19,x5	 x19:0x00000001  x5:0x00000000  x9=0xffffffff
         345796	     17188	80005946	ba734037	lui	x0,0xba734	  x0=0x00000000
         345816	     17189	8000594a	00158633	add	x12,x11,x1	 x11:0x80000000  x1:0x000240a0 x12=0x800240a0
         345836	     17190	8000594e	8e89	c.sub	x13,x10	 x13:0x00003000 x10:0x00004d3f x13=0xffffe2c1
         345856	     17191	80005950	8f71	c.and	x14,x12	 x14:0xdee59000 x12:0x800240a0 x14=0x80000000
         345876	     17192	80005952	4055d613	srai	x12,x11,0x5	 x11:0x80000000 x12=0xfc000000
         345916	     17194	80005956	011ae5b3	or	x11,x21,x17	 x21:0x80025ce4 x17:0x00000000 x11=0x80025ce4
         345936	     17195	8000595a	40405813	srai	x16,x0,0x4	  x0:0x00000000 x16=0x00000000
         345956	     17196	8000595e	0370ef63	bltu	x1,x23,8000599c	  x1:0x000240a0 x23:0x00000000
         346096	     17203	80005962	402354b3	sra	x9,x6,x2	  x6:0x80021e50  x2:0x00000141  x9=0xc0010f28
         346116	     17204	80005966	0001	c.addi	x0,0	  x0:0x00000000  x0=0x00000000
         346296	     17213	80005968	6c51	c.lui	x24,0x14	 x24=0x00014000
         346316	     17214	8000596a	8ff5	c.and	x15,x13	 x15:0xb50dd8f6 x13:0xffffe2c1 x15=0xb50dc0c0
         347136	     17255	8000596c	024066b3	rem	x13,x0,x4	  x0:0x00000000  x4:0x0000000d x13=0x00000000
         347156	     17256	80005970	03608db3	mul	x27,x1,x22	  x1:0x000240a0 x22:0x0002409f x27=0x12ce2360
         347176	     17257	80005974	cf238917	auipc	x18,0xcf238	 x18=0x4f23d974
         347196	     17258	80005978	00b8eb63	bltu	x17,x11,8000598e	 x17:0x00000000 x11:0x80025ce4
         347476	     17272	8000598e	21196c37	lui	x24,0x21196	 x24=0x21196000
         347496	     17273	80005992	00e2f733	and	x14,x5,x14	  x5:0x00000000 x14:0x80000000 x14=0x00000000
         347836	     17290	80005996	0345d063	bge	x11,x20,800059b6	 x11:0x80025ce4 x20:0xfffffffe
         347856	     17291	8000599a	8609	c.srai	x12,0x2	 x12:0xfc000000 x12=0xff000000
         347876	     17292	8000599c	402b5bb3	sra	x23,x22,x2	 x22:0x0002409f  x2:0x00000141 x23=0x0001204f
         348056	     17301	800059a0	8ca9	c.xor	x9,x10	  x9:0xc0010f28 x10:0x00004d3f  x9=0xc0014217
         348076	     17302	800059a2	717d	c.addi16sp	x2,-16	  x2:0x00000141  x2=0x00000131
         348096	     17303	800059a4	0059aeb3	slt	x29,x19,x5	 x19:0x00000001  x5:0x00000000 x29=0x00000000
         348496	     17323	800059a8	0001	c.addi	x0,0	  x0:0x00000000  x0=0x00000000
         348536	     17325	800059aa	34007873	csrrci	x16,mscratch,0	 x16=0xffffffff
         348736	     17335	800059ae	010d7263	bgeu	x26,x16,800059b2	 x26:0xffffffff x16:0xffffffff
         349376	     17367	800059b2	1ff32b17	auipc	x22,0x1ff32	 x22=0x9ff379b2
         349396	     17368	800059b6	0c98	c.addi4spn	x14,x2,592	 x14=0x00000381
         349796	     17388	800059b8	40d35e93	srai	x29,x6,0xd	  x6:0x80021e50 x29=0xfffc0010
         349816	     17389	800059bc	006816b3	sll	x13,x16,x6	 x16:0xffffffff  x6:0x80021e50 x13=0xffff0000
         349836	     17390	800059c0	59fd	c.li	x19,-1	 x19=0xffffffff
         349856	     17391	800059c2	00245393	srli	x7,x8,0x2	  x8:0xdee5900d  x7=0x37b96403
         349876	     17392	800059c6	0001	c.addi	x0,0	  x0:0x00000000  x0=0x00000000
         349916	     17394	800059c8	00599e93	slli	x29,x19,0x5	 x19:0xffffffff x29=0xffffffe0
         350116	     17404	800059cc	41198733	sub	x14,x19,x17	 x19:0xffffffff x17:0x00000000 x14=0xffffffff
         350136	     17405	800059d0	03098163	beq	x19,x16,800059f2	 x19:0xffffffff x16:0xffffffff
         350476	     17422	800059f2	e84a3593	sltiu	x11,x20,-380	 x20:0xfffffffe x11=0x00000000
         350496	     17423	800059f6	8da5	c.xor	x11,x9	 x11:0x00000000  x9:0xc0014217 x11=0xc0014217
         350596	     17428	800059f8	d1c08013	addi	x0,x1,-740	  x1:0x000240a0  x0=0x00000000
         350616	     17429	800059fc	01fee133	or	x2,x29,x31	 x29:0xffffffe0 x31:0x80025ce4  x2=0xffffffe4
         350636	     17430	80005a00	1914	c.addi4spn	x13,x2,176	 x13=0x00000094
         350816	     17439	80005a02	0134d913	srli	x18,x9,0x13	  x9:0xc0014217 x18=0x00001800
         350836	     17440	80005a06	e415	c.bnez	x8,80005a32	  x8:0xdee5900d
         351216	     17459	80005a32	01baee63	bltu	x21,x27,80005a4e	 x21:0x80025ce4 x27:0x12ce2360
         351236	     17460	80005a36	8f0d	c.sub	x14,x11	 x14:0xffffffff x11:0xc0014217 x14=0x3ffebde8
         351296	     17463	80005a38	8719	c.srai	x14,0x6	 x14:0x3ffebde8 x14=0x00fffaf7
         351316	     17464	80005a3a	8bdd	c.andi	x15,23	 x15:0xb50dc0c0 x15=0x00000000
         351376	     17467	80005a3c	99fd	c.andi	x11,-1	 x11:0xc0014217 x11=0xc0014217
         351396	     17468	80005a3e	012a9533	sll	x10,x21,x18	 x21:0x80025ce4 x18:0x00001800 x10=0x80025ce4
         351416	     17469	80005a42	001687b3	add	x15,x13,x1	 x13:0x00000094  x1:0x000240a0 x15=0x00024134
         351616	     17479	80005a46	035511b3	mulh	x3,x10,x21	 x10:0x80025ce4 x21:0x80025ce4  x3=0x3ffda321
         351636	     17480	80005a4a	8c59	c.or	x8,x14	  x8:0xdee5900d x14:0x00fffaf7  x8=0xdefffaff
         351676	     17482	80005a4c	8c8d	c.sub	x9,x11	  x9:0xc0014217 x11:0xc0014217  x9=0x00000000
         351696	     17483	80005a4e	07b59c37	lui	x24,0x7b59	 x24=0x07b59000
         351716	     17484	80005a52	01242eb3	slt	x29,x8,x18	  x8:0xdefffaff x18:0x00001800 x29=0x00000001
         351756	     17486	80005a56	181f3913	sltiu	x18,x30,385	 x30:0x00000001 x18=0x00000001
         351776	     17487	80005a5a	0f94	c.addi4spn	x13,x2,976	 x13=0x000003b4
         351796	     17488	80005a5c	0c45	c.addi	x24,17	 x24:0x07b59000 x24=0x07b59011
         351816	     17489	80005a5e	033dee63	bltu	x27,x19,80005a9a	 x27:0x12ce2360 x19:0xffffffff
         352136	     17505	80005a9a	02b526b3	mulhsu	x13,x10,x11	 x10:0x80025ce4 x11:0xc0014217 x13=0xa00124a2
         352456	     17521	80005a9e	55c3fe93	andi	x29,x7,1372	  x7:0x37b96403 x29=0x00000400
         352476	     17522	80005aa2	34002cf3	csrrs	x25,mscratch,x0	  x0:0x00000000 x25=0xffffffff
         352496	     17523	80005aa6	419002b3	sub	x5,x0,x25	  x0:0x00000000 x25:0xffffffff  x5=0x00000001
         352516	     17524	80005aaa	81ea	c.mv	x3,x26	  x0:0x00000000 x26:0xffffffff  x3=0xffffffff
         353256	     17561	80005aac	0234f833	remu	x16,x9,x3	  x9:0x00000000  x3:0xffffffff x16=0x00000000
         353276	     17562	80005ab0	00eb8633	add	x12,x23,x14	 x23:0x0001204f x14:0x00fffaf7 x12=0x01011b46
         353296	     17563	80005ab4	93ba1937	lui	x18,0x93ba1	 x18=0x93ba1000
         353316	     17564	80005ab8	294b2d93	slti	x27,x22,660	 x22:0x9ff379b2 x27=0x00000001
         353336	     17565	80005abc	03394863	blt	x18,x19,80005aec	 x18:0x93ba1000 x19:0xffffffff
         353696	     17583	80005aec	f5068593	addi	x11,x13,-176	 x13:0xa00124a2 x11=0xa00123f2
         353876	     17592	80005af0	816d	c.srli	x10,0x1b	 x10:0x80025ce4 x10=0x00000010
         353896	     17593	80005af2	340693f3	csrrw	x7,mscratch,x13	 x13:0xa00124a2  x7=0xffffffff
         354636	     17630	80005af6	028af6b3	remu	x13,x21,x8	 x21:0x80025ce4  x8:0xdefffaff x13=0x80025ce4
         354656	     17631	80005afa	03294763	blt	x18,x18,80005b28	 x18:0x93ba1000 x18:0x93ba1000
         354676	     17632	80005afe	c8247b93	andi	x23,x8,-894	  x8:0xdefffaff x23=0xdefff882
         354696	     17633	80005b02	0000100f	fence.i	
         354856	     17641	80005b06	340070f3	csrrci	x1,mscratch,0	  x1=0xa00124a2
         355036	     17650	80005b0a	00b58b63	beq	x11,x11,80005b20	 x11:0xa00123f2 x11:0xa00123f2
         355596	     17678	80005b20	80314813	xori	x16,x2,-2045	  x2:0xffffffe4 x16=0x000007e7
         355616	     17679	80005b24	26ff1d17	auipc	x26,0x26ff1	 x26=0xa6ff6b24
         355636	     17680	80005b28	0ff0000f	fence	iorw,iorw	
         355716	     17684	80005b2c	40e50833	sub	x16,x10,x14	 x10:0x00000010 x14:0x00fffaf7 x16=0xff000519
         355756	     17686	80005b30	0284bbb3	mulhu	x23,x9,x8	  x9:0x00000000  x8:0xdefffaff x23=0x00000000
         355776	     17687	80005b34	34006c73	csrrsi	x24,mscratch,0	 x24=0xa00124a2
         356116	     17704	80005b38	037e57b3	divu	x15,x28,x23	 x28:0x269fc3a0 x23:0x00000000 x15=0xffffffff
         356136	     17705	80005b3c	0098ff33	and	x30,x17,x9	 x17:0x00000000  x9:0x00000000 x30=0x00000000
         356156	     17706	80005b40	99fd	c.andi	x11,-1	 x11:0xa00123f2 x11=0xa00123f2
         356176	     17707	80005b42	40098593	addi	x11,x19,1024	 x19:0xffffffff x11=0x000003ff
         357116	     17754	80005b46	02814133	div	x2,x2,x8	  x2:0xffffffe4  x8:0xdefffaff  x2=0x00000000
         357136	     17755	80005b4a	65b1	c.lui	x11,0xc	 x11=0x0000c000
         357156	     17756	80005b4c	8c41	c.or	x8,x8	  x8:0xdefffaff  x8:0xdefffaff  x8=0xdefffaff
         357176	     17757	80005b4e	41625533	sra	x10,x4,x22	  x4:0x0000000d x22:0x9ff379b2 x10=0x00000000
         357196	     17758	80005b52	8f45	c.or	x14,x9	 x14:0x00fffaf7  x9:0x00000000 x14=0x00fffaf7
         357216	     17759	80005b54	043dba13	sltiu	x20,x27,67	 x27:0x00000001 x20=0x00000001
         357236	     17760	80005b58	00141913	slli	x18,x8,0x1	  x8:0xdefffaff x18=0xbdfff5fe
         357256	     17761	80005b5c	007b6033	or	x0,x22,x7	 x22:0x9ff379b2  x7:0xffffffff  x0=0x00000000
         357276	     17762	80005b60	0000100f	fence.i	
         357336	     17765	80005b64	038c3733	mulhu	x14,x24,x24	 x24:0xa00124a2 x24:0xa00124a2 x14=0x64016dcb
         357556	     17776	80005b68	c625c113	xori	x2,x11,-926	 x11:0x0000c000  x2=0xffff3c62
         357576	     17777	80005b6c	158cf613	andi	x12,x25,344	 x25:0xffffffff x12=0x00000158
         357736	     17785	80005b70	3408fa73	csrrci	x20,mscratch,17	 x20=0xa00124a2
         357916	     17794	80005b74	5891a513	slti	x10,x3,1417	  x3:0xffffffff x10=0x00000001
         358116	     17804	80005b78	8b05	c.andi	x14,1	 x14:0x64016dcb x14=0x00000001
         358136	     17805	80005b7a	34057bf3	csrrci	x23,mscratch,10	 x23=0xa00124a2
         358156	     17806	80005b7e	00f13a33	sltu	x20,x2,x15	  x2:0xffff3c62 x15:0xffffffff x20=0x00000001
         358296	     17813	80005b82	02bf6263	bltu	x30,x11,80005ba6	 x30:0x00000000 x11:0x0000c000
         358796	     17838	80005ba6	0093c9b3	xor	x19,x7,x9	  x7:0xffffffff  x9:0x00000000 x19=0xffffffff
         358816	     17839	80005baa	010f4833	xor	x16,x30,x16	 x30:0x00000000 x16:0xff000519 x16=0xff000519
         358836	     17840	80005bae	010f4a63	blt	x30,x16,80005bc2	 x30:0x00000000 x16:0xff000519
         358856	     17841	80005bb2	e31d	c.bnez	x14,80005bd8	 x14:0x00000001
         359796	     17888	80005bd8	02e25bb3	divu	x23,x4,x14	  x4:0x0000000d x14:0x00000001 x23=0x0000000d
         368376	     18317	80005bdc	0ff0000f	fence	iorw,iorw	
         368396	     18318	80005be0	0001	c.addi	x0,0	  x0:0x00000000  x0=0x00000000
         368416	     18319	80005be2	05e96563	bltu	x18,x30,80005c2c	 x18:0xbdfff5fe x30:0x00000000
         368436	     18320	80005be6	00129a93	slli	x21,x5,0x1	  x5:0x00000001 x21=0x00000002
         368456	     18321	80005bea	4187dd13	srai	x26,x15,0x18	 x15:0xffffffff x26=0xffffffff
         368496	     18323	80005bee	01c21a13	slli	x20,x4,0x1c	  x4:0x0000000d x20=0xd0000000
         368916	     18344	80005bf2	00914d33	xor	x26,x2,x9	  x2:0xffff3c62  x9:0x00000000 x26=0xffff3c62
         369016	     18349	80005bf6	2fc2ca93	xori	x21,x5,764	  x5:0x00000001 x21=0x000002fd
         369036	     18350	80005bfa	8e71	c.and	x12,x12	 x12:0x00000158 x12:0x00000158 x12=0x00000158
         369076	     18352	80005bfc	02581b33	mulh	x22,x16,x5	 x16:0xff000519  x5:0x00000001 x22=0xffffffff
         369096	     18353	80005c00	05b46363	bltu	x8,x27,80005c46	  x8:0xdefffaff x27:0x00000001
         369116	     18354	80005c04	9a2c0293	addi	x5,x24,-1630	 x24:0xa00124a2  x5=0xa0011e44
         369136	     18355	80005c08	0d7b6d93	ori	x27,x22,215	 x22:0xffffffff x27=0xffffffff
         369156	     18356	80005c0c	00cf22b3	slt	x5,x30,x12	 x30:0x00000000 x12:0x00000158  x5=0x00000001
         369236	     18360	80005c10	53b8cc13	xori	x24,x17,1339	 x17:0x00000000 x24=0x0000053b
         369296	     18363	80005c14	0116fcb3	and	x25,x13,x17	 x13:0x80025ce4 x17:0x00000000 x25=0x00000000
         369676	     18382	80005c18	7f6a4c13	xori	x24,x20,2038	 x20:0xd0000000 x24=0xd00007f6
         369696	     18383	80005c1c	0001	c.addi	x0,0	  x0:0x00000000  x0=0x00000000
         369896	     18393	80005c1e	011538b3	sltu	x17,x10,x17	 x10:0x00000001 x17:0x00000000 x17=0x00000000
         369996	     18398	80005c22	03f928b3	mulhsu	x17,x18,x31	 x18:0xbdfff5fe x31:0x80025ce4 x17=0xdeff5f0c
         370016	     18399	80005c26	8e21	c.xor	x12,x8	 x12:0x00000158  x8:0xdefffaff x12=0xdefffba7
         370396	     18418	80005c28	41e0d933	sra	x18,x1,x30	  x1:0xa00124a2 x30:0x00000000 x18=0xa00124a2
         370536	     18425	80005c2c	8c81	c.sub	x9,x8	  x9:0x00000000  x8:0xdefffaff  x9=0x21000501
         370956	     18446	80005c2e	943e0c93	addi	x25,x28,-1725	 x28:0x269fc3a0 x25=0x269fbce3
         371016	     18449	80005c32	03b68733	mul	x14,x13,x27	 x13:0x80025ce4 x27:0xffffffff x14=0x7ffda31c
         371436	     18470	80005c36	26730e93	addi	x29,x6,615	  x6:0x80021e50 x29=0x800220b7
         371596	     18478	80005c3a	01901113	slli	x2,x0,0x19	  x0:0x00000000  x2=0x00000000
         371696	     18483	80005c3e	0373a233	mulhsu	x4,x7,x23	  x7:0xffffffff x23:0x0000000d  x4=0xffffffff
         372096	     18503	80005c42	418c5993	srai	x19,x24,0x18	 x24:0xd00007f6 x19=0xffffffd0
         372116	     18504	80005c46	0047b9b3	sltu	x19,x15,x4	 x15:0xffffffff  x4:0xffffffff x19=0x00000000
         372136	     18505	80005c4a	1998	c.addi4spn	x14,x2,240	 x14=0x000000f0
         372156	     18506	80005c4c	0249d263	bge	x19,x4,80005c70	 x19:0x00000000  x4:0xffffffff
         372876	     18542	80005c70	8cd9	c.or	x9,x14	  x9:0x21000501 x14:0x000000f0  x9=0x210005f1
         372896	     18543	80005c72	8e29	c.xor	x12,x10	 x12:0xdefffba7 x10:0x00000001 x12=0xdefffba6
         372916	     18544	80005c74	0ff0000f	fence	iorw,iorw	
         373316	     18564	80005c78	340073f3	csrrci	x7,mscratch,0	  x7=0xa00124a0
         373336	     18565	80005c7c	999a4013	xori	x0,x20,-1639	 x20:0xd0000000  x0=0x00000000
         374076	     18602	80005c80	02ea4a33	div	x20,x20,x14	 x20:0xd0000000 x14:0x000000f0 x20=0xffcccccd
         374096	     18603	80005c84	c295	c.beqz	x13,80005ca8	 x13:0x80025ce4
         374116	     18604	80005c86	8da1	c.xor	x11,x8	 x11:0x0000c000  x8:0xdefffaff x11=0xdeff3aff
         374136	     18605	80005c88	4121d133	sra	x2,x3,x18	  x3:0xffffffff x18:0xa00124a2  x2=0xffffffff
         374156	     18606	80005c8c	34007b73	csrrci	x22,mscratch,0	 x22=0xa00124a0
         374176	     18607	80005c90	8f6a	c.mv	x30,x26	  x0:0x00000000 x26:0xffff3c62 x30=0xffff3c62
         374196	     18608	80005c92	0016f633	and	x12,x13,x1	 x13:0x80025ce4  x1:0xa00124a2 x12=0x800004a0
         374216	     18609	80005c96	8cba	c.mv	x25,x14	  x0:0x00000000 x14:0x000000f0 x25=0x000000f0
         374476	     18622	80005c98	f4e5a593	slti	x11,x11,-178	 x11:0xdeff3aff x11=0x00000001
         374496	     18623	80005c9c	41215b33	sra	x22,x2,x18	  x2:0xffffffff x18:0xa00124a2 x22=0xffffffff
         374536	     18625	80005ca0	41df5393	srai	x7,x30,0x1d	 x30:0xffff3c62  x7=0xffffffff
         374556	     18626	80005ca4	01a17463	bgeu	x2,x26,80005cac	  x2:0xffffffff x26:0xffff3c62
         375176	     18657	80005cac	022cbbb3	mulhu	x23,x25,x2	 x25:0x000000f0  x2:0xffffffff x23=0x000000ef
         375376	     18667	80005cb0	01178263	beq	x15,x17,80005cb4	 x15:0xffffffff x17:0xdeff5f0c
         375396	     18668	80005cb4	96ef49b7	lui	x19,0x96ef4	 x19=0x96ef4000
         376496	     18723	80005cb8	022845b3	div	x11,x16,x2	 x16:0xff000519  x2:0xffffffff x11=0x00fffae7
         377236	     18760	80005cbc	02517733	remu	x14,x2,x5	  x2:0xffffffff  x5:0x00000001 x14=0x00000000
         377256	     18761	80005cc0	013dd733	srl	x14,x27,x19	 x27:0xffffffff x19:0x96ef4000 x14=0xffffffff
         377276	     18762	80005cc4	02356463	bltu	x10,x3,80005cec	 x10:0x00000001  x3:0xffffffff
         378196	     18808	80005cec	03f0eb33	rem	x22,x1,x31	  x1:0xa00124a2 x31:0x80025ce4 x22=0xa00124a2
         378936	     18845	80005cf0	0265c533	div	x10,x11,x6	 x11:0x00fffae7  x6:0x80021e50 x10=0x00000000
         378956	     18846	80005cf4	1c7d	c.addi	x24,-1	 x24:0xd00007f6 x24=0xd00007f5
         378976	     18847	80005cf6	0069eeb3	or	x29,x19,x6	 x19:0x96ef4000  x6:0x80021e50 x29=0x96ef5e50
         378996	     18848	80005cfa	008f5693	srli	x13,x30,0x8	 x30:0xffff3c62 x13=0x00ffff3c
         379016	     18849	80005cfe	79ed7413	andi	x8,x26,1950	 x26:0xffff3c62  x8=0x00000402
         379036	     18850	80005d02	8c59	c.or	x8,x14	  x8:0x00000402 x14:0xffffffff  x8=0xffffffff
         379056	     18851	80005d04	33752193	slti	x3,x10,823	 x10:0x00000000  x3=0x00000001
         379616	     18879	80005d08	009b1c33	sll	x24,x22,x9	 x22:0xa00124a2  x9:0x210005f1 x24=0x49440000
         379636	     18880	80005d0c	0975	c.addi	x18,29	 x18:0xa00124a2 x18=0xa00124bf
         379656	     18881	80005d0e	e00d	c.bnez	x8,80005d30	  x8:0xffffffff
         379996	     18898	80005d30	0000100f	fence.i	
         380176	     18907	80005d34	0ff0000f	fence	iorw,iorw	
         380256	     18911	80005d38	41c307b3	sub	x15,x6,x28	  x6:0x80021e50 x28:0x269fc3a0 x15=0x59625ab0
         380396	     18918	80005d3c	6149	c.addi16sp	x2,144	  x2:0xffffffff  x2=0x0000008f
         380416	     18919	80005d3e	c021	c.beqz	x8,80005d7e	  x8:0xffffffff
         380436	     18920	80005d40	34092f73	csrrs	x30,mscratch,x18	 x18:0xa00124bf x30=0xa00124a0
         380456	     18921	80005d44	01067b63	bgeu	x12,x16,80005d5a	 x12:0x800004a0 x16:0xff000519
         380476	     18922	80005d48	00ccde63	bge	x25,x12,80005d64	 x25:0x000000f0 x12:0x800004a0
         380676	     18932	80005d64	8406	c.mv	x8,x1	  x0:0x00000000  x1:0xa00124a2  x8=0xa00124a2
         380836	     18940	80005d66	56b3bd17	auipc	x26,0x56b3b	 x26=0xd6b40d66
         380856	     18941	80005d6a	ed01	c.bnez	x10,80005d82	 x10:0x00000000
         380876	     18942	80005d6c	0001	c.addi	x0,0	  x0:0x00000000  x0=0x00000000
         380996	     18948	80005d6e	34002073	csrrs	x0,mscratch,x0	  x0:0x00000000  x0=0x00000000
         381016	     18949	80005d72	0322f563	bgeu	x5,x18,80005d9c	  x5:0x00000001 x18:0xa00124bf
         381036	     18950	80005d76	340856f3	csrrwi	x13,mscratch,16	 x13=0xa00124bf
         381056	     18951	80005d7a	01321a33	sll	x20,x4,x19	  x4:0xffffffff x19:0x96ef4000 x20=0xffffffff
         381256	     18961	80005d7e	03bde763	bltu	x27,x27,80005dac	 x27:0xffffffff x27:0xffffffff
         382396	     19018	80005d82	0217c733	div	x14,x15,x1	 x15:0x59625ab0  x1:0xa00124a2 x14=0x00000000
         382416	     19019	80005d86	1e90	c.addi4spn	x12,x2,880	 x12=0x000003ff
         382436	     19020	80005d88	c915	c.beqz	x10,80005dbc	 x10:0x00000000
         382516	     19024	80005dbc	0b91	c.addi	x23,4	 x23:0x000000ef x23=0x000000f3
         382736	     19035	80005dbe	031331b3	mulhu	x3,x6,x17	  x6:0x80021e50 x17:0xdeff5f0c  x3=0x6f8187ec
         382816	     19039	80005dc2	340028f3	csrrs	x17,mscratch,x0	  x0:0x00000000 x17=0x00000010
         382836	     19040	80005dc6	672d	c.lui	x14,0xb	 x14=0x0000b000
         382856	     19041	80005dc8	0140d093	srli	x1,x1,0x14	  x1:0xa00124a2  x1=0x00000a00
         382876	     19042	80005dcc	340025f3	csrrs	x11,mscratch,x0	  x0:0x00000000 x11=0x00000010
         383276	     19062	80005dd0	00960ab3	add	x21,x12,x9	 x12:0x000003ff  x9:0x210005f1 x21=0x210009f0
         383296	     19063	80005dd4	99f6	c.add	x19,x29	 x19:0x96ef4000 x29:0x96ef5e50 x19=0x2dde9e50
         383476	     19072	80005dd6	0ff0000f	fence	iorw,iorw	
         383496	     19073	80005dda	340a1873	csrrw	x16,mscratch,x20	 x20:0xffffffff x16=0x00000010
         383516	     19074	80005dde	1284	c.addi4spn	x9,x2,352	  x9=0x000001ef
         383656	     19081	80005de0	340e6ef3	csrrsi	x29,mscratch,28	 x29=0xffffffff
         384016	     19099	80005de4	717d	c.addi16sp	x2,-16	  x2:0x0000008f  x2=0x0000007f
         384036	     19100	80005de6	01e77ab3	and	x21,x14,x30	 x14:0x0000b000 x30:0xa00124a0 x21=0x00002000
         384056	     19101	80005dea	87cd	c.srai	x15,0x13	 x15:0x59625ab0 x15=0x00000b2c
         384076	     19102	80005dec	01ad	c.addi	x3,11	  x3:0x6f8187ec  x3=0x6f8187f7
         384096	     19103	80005dee	01ed9113	slli	x2,x27,0x1e	 x27:0xffffffff  x2=0xc0000000
         384176	     19107	80005df2	340bf273	csrrci	x4,mscratch,23	  x4=0xffffffff
         384196	     19108	80005df6	072d	c.addi	x14,11	 x14:0x0000b000 x14=0x0000b00b
         384216	     19109	80005df8	0001	c.addi	x0,0	  x0:0x00000000  x0=0x00000000
         384736	     19135	80005dfa	0000100f	fence.i	
         385736	     19185	80005dfe	efe4c0b7	lui	x1,0xefe4c	  x1=0xefe4c000
         385756	     19186	80005e02	9446	c.add	x8,x17	  x8:0xa00124a2 x17:0x00000010  x8=0xa00124b2
         385876	     19192	80005e04	95be	c.add	x11,x15	 x11:0x00000010 x15:0x00000b2c x11=0x00000b3c
         385896	     19193	80005e06	02129663	bne	x5,x1,80005e32	  x5:0x00000001  x1:0xefe4c000
         386716	     19234	80005e32	022a3533	mulhu	x10,x20,x2	 x20:0xffffffff  x2:0xc0000000 x10=0xbfffffff
         387456	     19271	80005e36	03904cb3	div	x25,x0,x25	  x0:0x00000000 x25:0x000000f0 x25=0x00000000
         387476	     19272	80005e3a	5a7d	c.li	x20,-1	 x20=0xffffffff
         387496	     19273	80005e3c	01f11c63	bne	x2,x31,80005e54	  x2:0xc0000000 x31:0x80025ce4
         387576	     19277	80005e54	40c64b37	lui	x22,0x40c64	 x22=0x40c64000
         387596	     19278	80005e58	00315433	srl	x8,x2,x3	  x2:0xc0000000  x3:0x6f8187f7  x8=0x00000180
         387636	     19280	80005e5c	41f9d013	srai	x0,x19,0x1f	 x19:0x2dde9e50  x0=0x00000000
         387656	     19281	80005e60	84ca	c.mv	x9,x18	  x0:0x00000000 x18:0xa00124bf  x9=0xa00124bf
         387676	     19282	80005e62	1e10	c.addi4spn	x12,x2,816	 x12=0xc0000330
         387696	     19283	80005e64	0ff0000f	fence	iorw,iorw	
         387956	     19296	80005e68	61f17597	auipc	x11,0x61f17	 x11=0xe1f1ce68
         387976	     19297	80005e6c	41dd	c.li	x3,23	  x3=0x00000017
         388176	     19307	80005e6e	62c20713	addi	x14,x4,1580	  x4:0xffffffff x14=0x0000062b
         388556	     19326	80005e72	5f81e193	ori	x3,x3,1528	  x3:0x00000017  x3=0x000005ff
         388576	     19327	80005e76	54202937	lui	x18,0x54202	 x18=0x54202000
         388596	     19328	80005e7a	85bd	c.srai	x11,0xf	 x11:0xe1f1ce68 x11=0xffffc3e3
         388996	     19348	80005e7c	40e45733	sra	x14,x8,x14	  x8:0x00000180 x14:0x0000062b x14=0x00000000
         389216	     19359	80005e80	40f78d33	sub	x26,x15,x15	 x15:0x00000b2c x15:0x00000b2c x26=0x00000000
         389236	     19360	80005e84	1f3d8a13	addi	x20,x27,499	 x27:0xffffffff x20=0x000001f2
         389656	     19381	80005e88	8d05	c.sub	x10,x9	 x10:0xbfffffff  x9:0xa00124bf x10=0x1ffedb40
         389896	     19393	80005e8a	01a1d563	bge	x3,x26,80005e94	  x3:0x000005ff x26:0x00000000
         390156	     19406	80005e94	41c85f33	sra	x30,x16,x28	 x16:0x00000010 x28:0x269fc3a0 x30=0x00000010
         390176	     19407	80005e98	8d6d	c.and	x10,x11	 x10:0x1ffedb40 x11:0xffffc3e3 x10=0x1ffec340
         390196	     19408	80005e9a	6b85	c.lui	x23,0x1	 x23=0x00001000
         390276	     19412	80005e9c	8d11	c.sub	x10,x12	 x10:0x1ffec340 x12:0xc0000330 x10=0x5ffec010
         390296	     19413	80005e9e	02d7c063	blt	x15,x13,80005ebe	 x15:0x00000b2c x13:0xa00124bf
         390636	     19430	80005ea2	34003af3	csrrc	x21,mscratch,x0	  x0:0x00000000 x21=0xffffffe8
         390676	     19432	80005ea6	409205b3	sub	x11,x4,x9	  x4:0xffffffff  x9:0xa00124bf x11=0x5ffedb40
         390696	     19433	80005eaa	03209063	bne	x1,x18,80005eca	  x1:0xefe4c000 x18:0x54202000
         391636	     19480	80005eca	034984b3	mul	x9,x19,x20	 x19:0x2dde9e50 x20:0x000001f2  x9=0x3b0ff7a0
         391656	     19481	80005ece	02af5363	bge	x30,x10,80005ef4	 x30:0x00000010 x10:0x5ffec010
         391676	     19482	80005ed2	8386	c.mv	x7,x1	  x0:0x00000000  x1:0xefe4c000  x7=0xefe4c000
         391696	     19483	80005ed4	8ca1	c.xor	x9,x8	  x9:0x3b0ff7a0  x8:0x00000180  x9=0x3b0ff620
         391716	     19484	80005ed6	c991	c.beqz	x11,80005eea	 x11:0x5ffedb40
         392096	     19503	80005ed8	40f4db93	srai	x23,x9,0xf	  x9:0x3b0ff620 x23=0x0000761f
         392116	     19504	80005edc	0d4e	c.slli	x26,0x13	 x26:0x00000000 x26=0x00000000
         392136	     19505	80005ede	0169fc33	and	x24,x19,x22	 x19:0x2dde9e50 x22:0x40c64000 x24=0x00c60000
         392156	     19506	80005ee2	004f5eb3	srl	x29,x30,x4	 x30:0x00000010  x4:0xffffffff x29=0x00000000
         392176	     19507	80005ee6	9d48cb93	xori	x23,x17,-1580	 x17:0x00000010 x23=0xfffff9c4
         393176	     19557	80005eea	028471b3	remu	x3,x8,x8	  x8:0x00000180  x8:0x00000180  x3=0x00000000
         393196	     19558	80005eee	024b8563	beq	x23,x4,80005f18	 x23:0xfffff9c4  x4:0xffffffff
         393216	     19559	80005ef2	63f1	c.lui	x7,0x1c	  x7=0x0001c000
         393236	     19560	80005ef4	c509	c.beqz	x10,80005efe	 x10:0x5ffec010
         393256	     19561	80005ef6	340f9bf3	csrrw	x23,mscratch,x31	 x31:0x80025ce4 x23=0xffffffe8
         393276	     19562	80005efa	00c2b1b3	sltu	x3,x5,x12	  x5:0x00000001 x12:0xc0000330  x3=0x00000001
         393296	     19563	80005efe	0ff0000f	fence	iorw,iorw	
         393476	     19572	80005f02	1afc2537	lui	x10,0x1afc2	 x10=0x1afc2000
         393656	     19581	80005f06	00725563	bge	x4,x7,80005f10	  x4:0xffffffff  x7:0x0001c000
         393676	     19582	80005f0a	34003973	csrrc	x18,mscratch,x0	  x0:0x00000000 x18=0x80025ce4
         393696	     19583	80005f0e	81e2	c.mv	x3,x24	  x0:0x00000000 x24:0x00c60000  x3=0x00c60000
         393996	     19598	80005f10	0001	c.addi	x0,0	  x0:0x00000000  x0=0x00000000
         394016	     19599	80005f12	0488	c.addi4spn	x10,x2,576	 x10=0xc0000240
         394416	     19619	80005f14	2ac58913	addi	x18,x11,684	 x11:0x5ffedb40 x18=0x5ffeddec
         394596	     19628	80005f18	94ba	c.add	x9,x14	  x9:0x3b0ff620 x14:0x00000000  x9=0x3b0ff620
         395016	     19649	80005f1a	007c1093	slli	x1,x24,0x7	 x24:0x00c60000  x1=0x63000000
         395036	     19650	80005f1e	01f7f8b3	and	x17,x15,x31	 x15:0x00000b2c x31:0x80025ce4 x17=0x00000824
         395056	     19651	80005f22	0c14	c.addi4spn	x13,x2,528	 x13=0xc0000210
         395076	     19652	80005f24	01b77533	and	x10,x14,x27	 x14:0x00000000 x27:0xffffffff x10=0x00000000
         395096	     19653	80005f28	005aa3b3	slt	x7,x21,x5	 x21:0xffffffe8  x5:0x00000001  x7=0x00000001
         395116	     19654	80005f2c	63a95c17	auipc	x24,0x63a95	 x24=0xe3a9af2c
         395196	     19658	80005f30	04bd1063	bne	x26,x11,80005f70	 x26:0x00000000 x11:0x5ffedb40
         395436	     19670	80005f70	340b59f3	csrrwi	x19,mscratch,22	 x19=0x80025ce4
         395456	     19671	80005f74	ce95	c.beqz	x13,80005fb0	 x13:0xc0000210
         395476	     19672	80005f76	6109	c.addi16sp	x2,128	  x2:0xc0000000  x2=0xc0000080
         395496	     19673	80005f78	e50d	c.bnez	x10,80005fa2	 x10:0x00000000
         395656	     19681	80005f7a	340069f3	csrrsi	x19,mscratch,0	 x19=0x00000016
         395676	     19682	80005f7e	0000100f	fence.i	
         396776	     19737	80005f82	02d248b3	div	x17,x4,x13	  x4:0xffffffff x13:0xc0000210 x17=0x00000000
         396796	     19738	80005f86	c121	c.beqz	x10,80005fc6	 x10:0x00000000
         396876	     19742	80005fc6	c115	c.beqz	x10,80005fea	 x10:0x00000000
         397136	     19755	80005fea	8fb5	c.xor	x15,x13	 x15:0x00000b2c x13:0xc0000210 x15=0xc000093c
         397156	     19756	80005fec	0ff0000f	fence	iorw,iorw	
         397176	     19757	80005ff0	34042073	csrrs	x0,mscratch,x8	  x8:0x00000180  x0=0x00000000
         397196	     19758	80005ff4	09f5	c.addi	x19,29	 x19:0x00000016 x19=0x00000033
         397456	     19771	80005ff6	0ff0000f	fence	iorw,iorw	
         397476	     19772	80005ffa	8e4d	c.or	x12,x11	 x12:0xc0000330 x11:0x5ffedb40 x12=0xdffedb70
         397496	     19773	80005ffc	ec11	c.bnez	x8,80006018	  x8:0x00000180
         398016	     19799	80006018	032196b3	mulh	x13,x3,x18	  x3:0x00c60000 x18:0x5ffeddec x13=0x004a3f1f
         398036	     19800	8000601c	82d1	c.srli	x13,0x14	 x13:0x004a3f1f x13=0x00000004
         398056	     19801	8000601e	0001	c.addi	x0,0	  x0:0x00000000  x0=0x00000000
         398076	     19802	80006020	98d70797	auipc	x15,0x98d70	 x15=0x18d76020
         398116	     19804	80006024	03e62833	mulhsu	x16,x12,x30	 x12:0xdffedb70 x30:0x00000010 x16=0xfffffffd
         398136	     19805	80006028	82c2	c.mv	x5,x16	  x0:0x00000000 x16:0xfffffffd  x5=0xfffffffd
         398156	     19806	8000602a	0926	c.slli	x18,0x9	 x18:0x5ffeddec x18=0xfdbbd800
         398176	     19807	8000602c	65c9	c.lui	x11,0x12	 x11=0x00012000
         403736	     20085	8000602e	0ff0000f	fence	iorw,iorw	
         403756	     20086	80006032	026fc663	blt	x31,x6,8000605e	 x31:0x80025ce4  x6:0x80021e50
         403776	     20087	80006036	8b39	c.andi	x14,14	 x14:0x00000000 x14=0x00000000
         403796	     20088	80006038	00947263	bgeu	x8,x9,8000603c	  x8:0x00000180  x9:0x3b0ff620
         403816	     20089	8000603c	e9de4693	xori	x13,x28,-355	 x28:0x269fc3a0 x13=0xd9603d3d
         403836	     20090	80006040	340060f3	csrrsi	x1,mscratch,0	  x1=0x00000196
         403876	     20092	80006044	021690b3	mulh	x1,x13,x1	 x13:0xd9603d3d  x1:0x00000196  x1=0xffffffc2
         403896	     20093	80006048	0001	c.addi	x0,0	  x0:0x00000000  x0=0x00000000
         403916	     20094	8000604a	cf8d	c.beqz	x15,80006084	 x15:0x18d76020
         403956	     20096	8000604c	34003c73	csrrc	x24,mscratch,x0	  x0:0x00000000 x24=0x00000196
         403976	     20097	80006050	0001	c.addi	x0,0	  x0:0x00000000  x0=0x00000000
         404516	     20124	80006052	02f90c63	beq	x18,x15,8000608a	 x18:0xfdbbd800 x15:0x18d76020
         404536	     20125	80006056	0086c8b3	xor	x17,x13,x8	 x13:0xd9603d3d  x8:0x00000180 x17=0xd9603cbd
         404556	     20126	8000605a	05dc5263	bge	x24,x29,8000609e	 x24:0x00000196 x29:0x00000000
         405556	     20176	8000609e	89217c13	andi	x24,x2,-1902	  x2:0xc0000080 x24=0xc0000080
         405576	     20177	800060a2	6135	c.addi16sp	x2,352	  x2:0xc0000080  x2=0xc00001e0
         405916	     20194	800060a4	615d	c.addi16sp	x2,432	  x2:0xc00001e0  x2=0xc0000390
         405936	     20195	800060a6	019534b3	sltu	x9,x10,x25	 x10:0x00000000 x25:0x00000000  x9=0x00000000
         406356	     20216	800060aa	41828f33	sub	x30,x5,x24	  x5:0xfffffffd x24:0xc0000080 x30=0x3fffff7d
         406376	     20217	800060ae	3408b5f3	csrrc	x11,mscratch,x17	 x17:0xd9603cbd x11=0x00000196
         406396	     20218	800060b2	5dfd	c.li	x27,-1	 x27=0xffffffff
         406556	     20226	800060b4	976e	c.add	x14,x27	 x14:0x00000000 x27:0xffffffff x14=0xffffffff
         406956	     20246	800060b6	03a273b3	remu	x7,x4,x26	  x4:0xffffffff x26:0x00000000  x7=0xffffffff
         406976	     20247	800060ba	01700033	add	x0,x0,x23	  x0:0x00000000 x23:0xffffffe8  x0=0x00000000
         407376	     20267	800060be	011774b3	and	x9,x14,x17	 x14:0xffffffff x17:0xd9603cbd  x9=0xd9603cbd
         408156	     20306	800060c2	0362e7b3	rem	x15,x5,x22	  x5:0xfffffffd x22:0x40c64000 x15=0xfffffffd
         408896	     20343	800060c6	0345c8b3	div	x17,x11,x20	 x11:0x00000196 x20:0x000001f2 x17=0x00000000
         408916	     20344	800060ca	0f72	c.slli	x30,0x1c	 x30:0x3fffff7d x30=0xd0000000
         408936	     20345	800060cc	00b5e963	bltu	x11,x11,800060de	 x11:0x00000196 x11:0x00000196
         408956	     20346	800060d0	612d	c.addi16sp	x2,224	  x2:0xc0000390  x2=0xc0000470
         409696	     20383	800060d2	02cf77b3	remu	x15,x30,x12	 x30:0xd0000000 x12:0xdffedb70 x15=0xd0000000
         409716	     20384	800060d6	01f43cb3	sltu	x25,x8,x31	  x8:0x00000180 x31:0x80025ce4 x25=0x00000001
         409736	     20385	800060da	0103d1b3	srl	x3,x7,x16	  x7:0xffffffff x16:0xfffffffd  x3=0x00000007
         409756	     20386	800060de	0001	c.addi	x0,0	  x0:0x00000000  x0=0x00000000
         409776	     20387	800060e0	0d0c	c.addi4spn	x11,x2,656	 x11=0xc0000700
         409796	     20388	800060e2	8bc9	c.andi	x15,18	 x15:0xd0000000 x15=0x00000000
         409816	     20389	800060e4	3401d773	csrrwi	x14,mscratch,3	 x14=0x00000102
         409856	     20391	800060e8	026135b3	mulhu	x11,x2,x6	  x2:0xc0000470  x6:0x80021e50 x11=0x600198f4
         409876	     20392	800060ec	00615c63	bge	x2,x6,80006104	  x2:0xc0000470  x6:0x80021e50
         410576	     20427	80006104	02a49c63	bne	x9,x10,8000613c	  x9:0xd9603cbd x10:0x00000000
         411016	     20449	8000613c	03814463	blt	x2,x24,80006164	  x2:0xc0000470 x24:0xc0000080
         411236	     20460	80006140	8a86	c.mv	x21,x1	  x0:0x00000000  x1:0xffffffc2 x21=0xffffffc2
         411256	     20461	80006142	38a33613	sltiu	x12,x6,906	  x6:0x80021e50 x12=0x00000000
         411396	     20468	80006146	0089d633	srl	x12,x19,x8	 x19:0x00000033  x8:0x00000180 x12=0x00000033
         411576	     20477	8000614a	5f1b8893	addi	x17,x23,1521	 x23:0xffffffe8 x17=0x000005d9
         411596	     20478	8000614e	03b782b3	mul	x5,x15,x27	 x15:0x00000000 x27:0xffffffff  x5=0x00000000
         411796	     20488	80006152	00e782b3	add	x5,x15,x14	 x15:0x00000000 x14:0x00000102  x5=0x00000102
         411816	     20489	80006156	34082df3	csrrs	x27,mscratch,x16	 x16:0xfffffffd x27=0x00000003
         411836	     20490	8000615a	c70d	c.beqz	x14,80006184	 x14:0x00000102
         411956	     20496	8000615c	d3684993	xori	x19,x16,-714	 x16:0xfffffffd x19=0x000002cb
         411976	     20497	80006160	40245093	srai	x1,x8,0x2	  x8:0x00000180  x1=0x00000060
         412156	     20506	80006164	8db5	c.xor	x11,x13	 x11:0x600198f4 x13:0xd9603d3d x11=0xb961a5c9
         412176	     20507	80006166	00d66933	or	x18,x12,x13	 x12:0x00000033 x13:0xd9603d3d x18=0xd9603d3f
         412196	     20508	8000616a	993e	c.add	x18,x15	 x18:0xd9603d3f x15:0x00000000 x18=0xd9603d3f
         412376	     20517	8000616c	01043833	sltu	x16,x8,x16	  x8:0x00000180 x16:0xfffffffd x16=0x00000001
         412396	     20518	80006170	81fd	c.srli	x11,0x1f	 x11:0xb961a5c9 x11=0x00000001
         412416	     20519	80006172	cf0d	c.beqz	x14,800061ac	 x14:0x00000102
         412436	     20520	80006174	81a53093	sltiu	x1,x10,-2022	 x10:0x00000000  x1=0x00000001
         412836	     20540	80006178	0158ff33	and	x30,x17,x21	 x17:0x000005d9 x21:0xffffffc2 x30=0x000005c0
         412856	     20541	8000617c	41f65f33	sra	x30,x12,x31	 x12:0x00000033 x31:0x80025ce4 x30=0x00000003
         413056	     20551	80006180	01665c63	bge	x12,x22,80006198	 x12:0x00000033 x22:0x40c64000
         413156	     20556	80006184	007fd013	srli	x0,x31,0x7	 x31:0x80025ce4  x0=0x00000000
         413176	     20557	80006188	02614463	blt	x2,x6,800061b0	  x2:0xc0000470  x6:0x80021e50
         414276	     20612	8000618c	02e172b3	remu	x5,x2,x14	  x2:0xc0000470 x14:0x00000102  x5=0x00000074
         414296	     20613	80006190	81547793	andi	x15,x8,-2027	  x8:0x00000180 x15=0x00000000
         414316	     20614	80006194	01eea833	slt	x16,x29,x30	 x29:0x00000000 x30:0x00000003 x16=0x00000001
         414336	     20615	80006198	340a59f3	csrrwi	x19,mscratch,20	 x19=0xffffffff
         414356	     20616	8000619c	4995	c.li	x19,5	 x19=0x00000005
         414376	     20617	8000619e	9bfd	c.andi	x15,-1	 x15:0x00000000 x15=0x00000000
         414416	     20619	800061a0	03479933	mulh	x18,x15,x20	 x15:0x00000000 x20:0x000001f2 x18=0x00000000
         414436	     20620	800061a4	340c5873	csrrwi	x16,mscratch,24	 x16=0x00000014
         414836	     20640	800061a8	340817f3	csrrw	x15,mscratch,x16	 x16:0x00000014 x15=0x00000018
         414856	     20641	800061ac	6e371637	lui	x12,0x6e371	 x12=0x6e371000
         414876	     20642	800061b0	ab1b2b17	auipc	x22,0xab1b2	 x22=0x2b1b81b0
         414896	     20643	800061b4	004e61b3	or	x3,x28,x4	 x28:0x269fc3a0  x4:0xffffffff  x3=0xffffffff
         414916	     20644	800061b8	016bb433	sltu	x8,x23,x22	 x23:0xffffffe8 x22:0x2b1b81b0  x8=0x00000000
         415096	     20653	800061bc	0048d1b3	srl	x3,x17,x4	 x17:0x000005d9  x4:0xffffffff  x3=0x00000000
         415156	     20656	800061c0	c215	c.beqz	x12,800061e4	 x12:0x6e371000
         415296	     20663	800061c2	419a5c13	srai	x24,x20,0x19	 x20:0x000001f2 x24=0x00000000
         415316	     20664	800061c6	8f85	c.sub	x15,x9	 x15:0x00000018  x9:0xd9603cbd x15=0x269fc35b
         415336	     20665	800061c8	ef1d	c.bnez	x14,80006206	 x14:0x00000102
         415976	     20697	80006206	0001	c.addi	x0,0	  x0:0x00000000  x0=0x00000000
         416016	     20699	80006208	036481b3	mul	x3,x9,x22	  x9:0xd9603cbd x22:0x2b1b81b0  x3=0x17b3fef0
         416036	     20700	8000620c	340516f3	csrrw	x13,mscratch,x10	 x10:0x00000000 x13=0x00000014
         416776	     20737	80006210	0361c2b3	div	x5,x3,x22	  x3:0x17b3fef0 x22:0x2b1b81b0  x5=0x00000000
         416796	     20738	80006214	3405def3	csrrwi	x29,mscratch,11	 x29=0x00000000
         416816	     20739	80006218	0221cc63	blt	x3,x2,80006250	  x3:0x17b3fef0  x2:0xc0000470
         416836	     20740	8000621c	0ff0000f	fence	iorw,iorw	
         416856	     20741	80006220	8fd1	c.or	x15,x12	 x15:0x269fc35b x12:0x6e371000 x15=0x6ebfd35b
         416876	     20742	80006222	8e7d	c.and	x12,x15	 x12:0x6e371000 x15:0x6ebfd35b x12=0x6e371000
         416896	     20743	80006224	8329	c.srli	x14,0xa	 x14:0x00000102 x14=0x00000000
         416976	     20747	80006226	40cfdd93	srai	x27,x31,0xc	 x31:0x80025ce4 x27=0xfff80025
         416996	     20748	8000622a	c789	c.beqz	x15,80006234	 x15:0x6ebfd35b
         417016	     20749	8000622c	004af8b3	and	x17,x21,x4	 x21:0xffffffc2  x4:0xffffffff x17=0xffffffc2
         417436	     20770	80006230	00701263	bne	x0,x7,80006234	  x0:0x00000000  x7:0xffffffff
         417876	     20792	80006234	03ca2733	mulhsu	x14,x20,x28	 x20:0x000001f2 x28:0x269fc3a0 x14=0x0000004b
         418076	     20802	80006238	0001	c.addi	x0,0	  x0:0x00000000  x0=0x00000000
         418096	     20803	8000623a	028bf863	bgeu	x23,x8,8000626a	 x23:0xffffffe8  x8:0x00000000
         418916	     20844	8000626a	1298	c.addi4spn	x14,x2,352	 x14=0xc00005d0
         419336	     20865	8000626c	127d	c.addi	x4,-1	  x4:0xffffffff  x4=0xfffffffe
         419356	     20866	8000626e	587d	c.li	x16,-1	 x16=0xffffffff
         419376	     20867	80006270	41e34c37	lui	x24,0x41e34	 x24=0x41e34000
         419416	     20869	80006274	03c03933	mulhu	x18,x0,x28	  x0:0x00000000 x28:0x269fc3a0 x18=0x00000000
         419436	     20870	80006278	008636b3	sltu	x13,x12,x8	 x12:0x6e371000  x8:0x00000000 x13=0x00000000
         419456	     20871	8000627c	00574a63	blt	x14,x5,80006290	 x14:0xc00005d0  x5:0x00000000
         419716	     20884	80006290	340068f3	csrrsi	x17,mscratch,0	 x17=0x0000000b
         419736	     20885	80006294	8e91	c.sub	x13,x12	 x13:0x00000000 x12:0x6e371000 x13=0x91c8f000
         419756	     20886	80006296	1e04	c.addi4spn	x9,x2,816	  x9=0xc00007a0
         419776	     20887	80006298	e909	c.bnez	x10,800062aa	 x10:0x00000000
         420176	     20907	8000629a	008fd213	srli	x4,x31,0x8	 x31:0x80025ce4  x4=0x0080025c
         420196	     20908	8000629e	997d	c.andi	x10,-1	 x10:0x00000000 x10=0x00000000
         420216	     20909	800062a0	c295	c.beqz	x13,800062c4	 x13:0x91c8f000
         420956	     20946	800062a2	03934bb3	div	x23,x6,x25	  x6:0x80021e50 x25:0x00000001 x23=0x80021e50
         420976	     20947	800062a6	022a4863	blt	x20,x2,800062d6	 x20:0x000001f2  x2:0xc0000470
         420996	     20948	800062aa	413289b3	sub	x19,x5,x19	  x5:0x00000000 x19:0x00000005 x19=0xfffffffb
         421016	     20949	800062ae	412e87b3	sub	x15,x29,x18	 x29:0x00000000 x18:0x00000000 x15=0x00000000
         421036	     20950	800062b2	0ff0000f	fence	iorw,iorw	
         421056	     20951	800062b6	0000100f	fence.i	
         421536	     20975	800062ba	0ff0000f	fence	iorw,iorw	
         421556	     20976	800062be	4285	c.li	x5,1	  x5=0x00000001
         421956	     20996	800062c0	34011773	csrrw	x14,mscratch,x2	  x2:0xc0000470 x14=0x0000000b
         422696	     21033	800062c4	0335e6b3	rem	x13,x11,x19	 x11:0x00000001 x19:0xfffffffb x13=0x00000001
         422716	     21034	800062c8	01ceeab3	or	x21,x29,x28	 x29:0x00000000 x28:0x269fc3a0 x21=0x269fc3a0
         422736	     21035	800062cc	01d55413	srli	x8,x10,0x1d	 x10:0x00000000  x8=0x00000000
         422756	     21036	800062d0	8c51	c.or	x8,x12	  x8:0x00000000 x12:0x6e371000  x8=0x6e371000
         422856	     21041	800062d2	0000100f	fence.i	
         423216	     21059	800062d6	03249d33	mulh	x26,x9,x18	  x9:0xc00007a0 x18:0x00000000 x26=0x00000000
         423796	     21088	800062da	34007673	csrrci	x12,mscratch,0	 x12=0xc0000470
         423816	     21089	800062de	404484b3	sub	x9,x9,x4	  x9:0xc00007a0  x4:0x0080025c  x9=0xbf800544
         423836	     21090	800062e2	0001	c.addi	x0,0	  x0:0x00000000  x0=0x00000000
         423856	     21091	800062e4	3409b8f3	csrrc	x17,mscratch,x19	 x19:0xfffffffb x17=0xc0000470
         423996	     21098	800062e8	9286ea13	ori	x20,x13,-1752	 x13:0x00000001 x20=0xfffff929
         424016	     21099	800062ec	d8c92a97	auipc	x21,0xd8c92	 x21=0x58c982ec
         424036	     21100	800062f0	41225233	sra	x4,x4,x18	  x4:0x0080025c x18:0x00000000  x4=0x0080025c
         424056	     21101	800062f4	0326e363	bltu	x13,x18,8000631a	 x13:0x00000001 x18:0x00000000
         424496	     21123	800062f8	004a2533	slt	x10,x20,x4	 x20:0xfffff929  x4:0x0080025c x10=0x00000001
         424916	     21144	800062fc	340068f3	csrrsi	x17,mscratch,0	 x17=0x00000000
         424936	     21145	80006300	01ae1bb3	sll	x23,x28,x26	 x28:0x269fc3a0 x26:0x00000000 x23=0x269fc3a0
         424976	     21147	80006304	417005b3	sub	x11,x0,x23	  x0:0x00000000 x23:0x269fc3a0 x11=0xd9603c60
         425396	     21168	80006308	0125	c.addi	x2,9	  x2:0xc0000470  x2=0xc0000479
         425416	     21169	8000630a	014cf1b3	and	x3,x25,x20	 x25:0x00000001 x20:0xfffff929  x3=0x00000001
         425436	     21170	8000630e	41b158b3	sra	x17,x2,x27	  x2:0xc0000479 x27:0xfff80025 x17=0xfe000023
         425556	     21176	80006312	0000100f	fence.i	
         426236	     21210	80006316	026b2933	mulhsu	x18,x22,x6	 x22:0x2b1b81b0  x6:0x80021e50 x18=0x158e1c29
         426256	     21211	8000631a	74257893	andi	x17,x10,1858	 x10:0x00000001 x17=0x00000000
         426456	     21221	8000631e	c5a2f993	andi	x19,x5,-934	  x5:0x00000001 x19=0x00000000
         426476	     21222	80006322	34003a73	csrrc	x20,mscratch,x0	  x0:0x00000000 x20=0x00000000
         426596	     21228	80006326	340554f3	csrrwi	x9,mscratch,10	  x9=0x00000000
         426616	     21229	8000632a	03936563	bltu	x6,x25,80006354	  x6:0x80021e50 x25:0x00000001
         426636	     21230	8000632e	00d6	c.slli	x1,0x15	  x1:0x00000001  x1=0x00200000
         426656	     21231	80006330	8e9d	c.sub	x13,x15	 x13:0x00000001 x15:0x00000000 x13=0x00000001
         426816	     21239	80006332	018876b3	and	x13,x16,x24	 x16:0xffffffff x24:0x41e34000 x13=0x41e34000
         426836	     21240	80006336	0ff0000f	fence	iorw,iorw	
         426856	     21241	8000633a	340edc73	csrrwi	x24,mscratch,29	 x24=0x0000000a
         426876	     21242	8000633e	41ef5113	srai	x2,x30,0x1e	 x30:0x00000003  x2=0x00000000
         426896	     21243	80006342	00a85933	srl	x18,x16,x10	 x16:0xffffffff x10:0x00000001 x18=0x7fffffff
         426916	     21244	80006346	1afd	c.addi	x21,-1	 x21:0x58c982ec x21=0x58c982eb
         426936	     21245	80006348	41495093	srai	x1,x18,0x14	 x18:0x7fffffff  x1=0x000007ff
         427136	     21255	8000634c	0317ceb3	div	x29,x15,x17	 x15:0x00000000 x17:0x00000000 x29=0xffffffff
         427156	     21256	80006350	01f67633	and	x12,x12,x31	 x12:0xc0000470 x31:0x80025ce4 x12=0x80000460
         427176	     21257	80006354	0ff0000f	fence	iorw,iorw	
         427516	     21274	80006358	88d9	c.andi	x9,22	  x9:0x00000000  x9=0x00000000
         427536	     21275	8000635a	25942193	slti	x3,x8,601	  x8:0x6e371000  x3=0x00000000
         427956	     21296	8000635e	d887e993	ori	x19,x15,-632	 x15:0x00000000 x19=0xfffffd88
         427976	     21297	80006362	8e29	c.xor	x12,x10	 x12:0x80000460 x10:0x00000001 x12=0x80000461
         428036	     21300	80006364	030d4c63	blt	x26,x16,8000639c	 x26:0x00000000 x16:0xffffffff
         428116	     21304	80006368	5a6f8813	addi	x16,x31,1446	 x31:0x80025ce4 x16=0x8002628a
         428136	     21305	8000636c	326cc913	xori	x18,x25,806	 x25:0x00000001 x18=0x00000327
         428156	     21306	80006370	ba17f113	andi	x2,x15,-1119	 x15:0x00000000  x2=0x00000000
         428216	     21309	80006374	0000100f	fence.i	
         428336	     21315	80006378	a3695f37	lui	x30,0xa3695	 x30=0xa3695000
         428476	     21322	8000637c	01928e63	beq	x5,x25,80006398	  x5:0x00000001 x25:0x00000001
         428696	     21333	80006398	01b4e8b3	or	x17,x9,x27	  x9:0x00000000 x27:0xfff80025 x17=0xfff80025
         428756	     21336	8000639c	03017363	bgeu	x2,x16,800063c2	  x2:0x00000000 x16:0x8002628a
         429176	     21357	800063a0	0001	c.addi	x0,0	  x0:0x00000000  x0=0x00000000
         429356	     21366	800063a2	00d06533	or	x10,x0,x13	  x0:0x00000000 x13:0x41e34000 x10=0x41e34000
         429376	     21367	800063a6	340bf573	csrrci	x10,mscratch,23	 x10=0x0000001d
         429796	     21388	800063aa	00c9dc13	srli	x24,x19,0xc	 x19:0xfffffd88 x24=0x000fffff
         429816	     21389	800063ae	8d15	c.sub	x10,x13	 x10:0x0000001d x13:0x41e34000 x10=0xbe1cc01d
         429976	     21397	800063b0	8d85	c.sub	x11,x9	 x11:0xd9603c60  x9:0x00000000 x11=0xd9603c60
         429996	     21398	800063b2	401ed8b3	sra	x17,x29,x1	 x29:0xffffffff  x1:0x000007ff x17=0xffffffff
         430016	     21399	800063b6	0ff0000f	fence	iorw,iorw	
         430036	     21400	800063ba	41e107b3	sub	x15,x2,x30	  x2:0x00000000 x30:0xa3695000 x15=0x5c96b000
         430056	     21401	800063be	8ed9	c.or	x13,x14	 x13:0x41e34000 x14:0x0000000b x13=0x41e3400b
         430076	     21402	800063c0	8d16	c.mv	x26,x5	  x0:0x00000000  x5:0x00000001 x26=0x00000001
         430096	     21403	800063c2	0001	c.addi	x0,0	  x0:0x00000000  x0=0x00000000
         430116	     21404	800063c4	0001	c.addi	x0,0	  x0:0x00000000  x0=0x00000000
         430356	     21416	800063c6	02792f33	mulhsu	x30,x18,x7	 x18:0x00000327  x7:0xffffffff x30=0x00000326
         430376	     21417	800063ca	865d	c.srai	x12,0x17	 x12:0x80000461 x12=0xffffff00
         430396	     21418	800063cc	cd09	c.beqz	x10,800063e6	 x10:0xbe1cc01d
         430416	     21419	800063ce	8cd5	c.or	x9,x13	  x9:0x00000000 x13:0x41e3400b  x9=0x41e3400b
         430456	     21421	800063d0	02ec9bb3	mulh	x23,x25,x14	 x25:0x00000001 x14:0x0000000b x23=0x00000000
         430576	     21427	800063d4	01363b33	sltu	x22,x12,x19	 x12:0xffffff00 x19:0xfffffd88 x22=0x00000000
         430736	     21435	800063d8	00b6c1b3	xor	x3,x13,x11	 x13:0x41e3400b x11:0xd9603c60  x3=0x98837c6b
         431136	     21455	800063dc	0195b8b3	sltu	x17,x11,x25	 x11:0xd9603c60 x25:0x00000001 x17=0x00000000
         431216	     21459	800063e0	00b59933	sll	x18,x11,x11	 x11:0xd9603c60 x11:0xd9603c60 x18=0xd9603c60
         431296	     21463	800063e4	862d	c.srai	x12,0xb	 x12:0xffffff00 x12=0xffffffff
         431396	     21468	800063e6	dbbb8197	auipc	x3,0xdbbb8	  x3=0x5bbbe3e6
         432136	     21505	800063ea	02f5d033	divu	x0,x11,x15	 x11:0xd9603c60 x15:0x5c96b000  x0=0x00000000
         432156	     21506	800063ee	0255c563	blt	x11,x5,80006418	 x11:0xd9603c60  x5:0x00000001
         432236	     21510	80006418	00262e93	slti	x29,x12,2	 x12:0xffffffff x29=0x00000001
         432256	     21511	8000641c	02469363	bne	x13,x4,80006442	 x13:0x41e3400b  x4:0x0080025c
         432916	     21544	80006442	fba31737	lui	x14,0xfba31	 x14=0xfba31000
         432936	     21545	80006446	8c91	c.sub	x9,x12	  x9:0x41e3400b x12:0xffffffff  x9=0x41e3400c
         432996	     21548	80006448	8ea5	c.xor	x13,x9	 x13:0x41e3400b  x9:0x41e3400c x13=0x00000007
         433016	     21549	8000644a	8cc5	c.or	x9,x9	  x9:0x41e3400c  x9:0x41e3400c  x9=0x41e3400c
         433036	     21550	8000644c	9bfd	c.andi	x15,-1	 x15:0x5c96b000 x15=0x5c96b000
         433056	     21551	8000644e	9836	c.add	x16,x13	 x16:0x8002628a x13:0x00000007 x16=0x80026291
         433336	     21565	80006450	98fd	c.andi	x9,-1	  x9:0x41e3400c  x9=0x41e3400c
         433356	     21566	80006452	80d5	c.srli	x9,0x15	  x9:0x41e3400c  x9=0x0000020f
         433756	     21586	80006454	004551b3	srl	x3,x10,x4	 x10:0xbe1cc01d  x4:0x0080025c  x3=0x0000000b
         433896	     21593	80006458	3409e0f3	csrrsi	x1,mscratch,19	  x1=0x00000008
         434116	     21604	8000645c	8691	c.srai	x13,0x4	 x13:0x00000007 x13=0x00000000
         434196	     21608	8000645e	03855f63	bge	x10,x24,8000649c	 x10:0xbe1cc01d x24:0x000fffff
         434216	     21609	80006462	008250b3	srl	x1,x4,x8	  x4:0x0080025c  x8:0x6e371000  x1=0x0080025c
         434236	     21610	80006466	c2ddb593	sltiu	x11,x27,-979	 x27:0xfff80025 x11=0x00000001
         434256	     21611	8000646a	01c6d293	srli	x5,x13,0x1c	 x13:0x00000000  x5=0x00000000
         434276	     21612	8000646e	0551d063	bge	x3,x21,800064ae	  x3:0x0000000b x21:0x58c982eb
         434296	     21613	80006472	0ff0000f	fence	iorw,iorw	
         434316	     21614	80006476	8ded	c.and	x11,x11	 x11:0x00000001 x11:0x00000001 x11=0x00000001
         434336	     21615	80006478	8ce9	c.and	x9,x10	  x9:0x0000020f x10:0xbe1cc01d  x9=0x0000000d
         434356	     21616	8000647a	013e1693	slli	x13,x28,0x13	 x28:0x269fc3a0 x13=0x1d000000
         435156	     21656	8000647e	02c968b3	rem	x17,x18,x12	 x18:0xd9603c60 x12:0xffffffff x17=0x00000000
         435176	     21657	80006482	6c29	c.lui	x24,0xa	 x24=0x0000a000
         435196	     21658	80006484	01d753b3	srl	x7,x14,x29	 x14:0xfba31000 x29:0x00000001  x7=0x7dd18800
         435236	     21660	80006488	03ed3033	mulhu	x0,x26,x30	 x26:0x00000001 x30:0x00000326  x0=0x00000000
         435276	     21662	8000648c	0329ab33	mulhsu	x22,x19,x18	 x19:0xfffffd88 x18:0xd9603c60 x22=0xfffffde7
         436016	     21699	80006490	03c7d033	divu	x0,x15,x28	 x15:0x5c96b000 x28:0x269fc3a0  x0=0x00000000
         436036	     21700	80006494	01b97eb3	and	x29,x18,x27	 x18:0xd9603c60 x27:0xfff80025 x29=0xd9600020
         436056	     21701	80006498	86b9	c.srai	x13,0xe	 x13:0x1d000000 x13=0x00007400
         436076	     21702	8000649a	8249	c.srli	x12,0x12	 x12:0xffffffff x12=0x00003fff
         436096	     21703	8000649c	c505	c.beqz	x10,800064c4	 x10:0xbe1cc01d
         436116	     21704	8000649e	00dcf263	bgeu	x25,x13,800064a2	 x25:0x00000001 x13:0x00007400
         436136	     21705	800064a2	3407ea73	csrrsi	x20,mscratch,15	 x20=0x0000001b
         445996	     22198	800064a6	017e0663	beq	x28,x23,800064b2	 x28:0x269fc3a0 x23:0x00000000
         446016	     22199	800064aa	e4062593	slti	x11,x12,-448	 x12:0x00003fff x11=0x00000000
         446036	     22200	800064ae	0ff0000f	fence	iorw,iorw	
         446056	     22201	800064b2	006cd5b3	srl	x11,x25,x6	 x25:0x00000001  x6:0x80021e50 x11=0x00000000
         446076	     22202	800064b6	81a1	c.srli	x11,0x8	 x11:0x00000000 x11=0x00000000
         446096	     22203	800064b8	78caf5b7	lui	x11,0x78caf	 x11=0x78caf000
         446116	     22204	800064bc	01f30b63	beq	x6,x31,800064d2	  x6:0x80021e50 x31:0x80025ce4
         446316	     22214	800064c0	03d58263	beq	x11,x29,800064e4	 x11:0x78caf000 x29:0xd9600020
         446336	     22215	800064c4	0001	c.addi	x0,0	  x0:0x00000000  x0=0x00000000
         446916	     22244	800064c6	34069673	csrrw	x12,mscratch,x13	 x13:0x00007400 x12=0x0000001f
         446936	     22245	800064ca	0029a5b3	slt	x11,x19,x2	 x19:0xfffffd88  x2:0x00000000 x11=0x00000001
         446956	     22246	800064ce	4932aa13	slti	x20,x5,1171	  x5:0x00000000 x20=0x00000001
         446976	     22247	800064d2	6f11	c.lui	x30,0x4	 x30=0x00004000
         446996	     22248	800064d4	41fe5693	srai	x13,x28,0x1f	 x28:0x269fc3a0 x13=0x00000000
         447176	     22257	800064d8	0ff0000f	fence	iorw,iorw	
         447596	     22278	800064dc	01bc7b33	and	x22,x24,x27	 x24:0x0000a000 x27:0xfff80025 x22=0x00000000
         447916	     22294	800064e0	b6bbf4b7	lui	x9,0xb6bbf	  x9=0xb6bbf000
         447976	     22297	800064e4	00a3dd33	srl	x26,x7,x10	  x7:0x7dd18800 x10:0xbe1cc01d x26=0x00000003
         448016	     22299	800064e8	717d	c.addi16sp	x2,-16	  x2:0x00000000  x2=0xfffffff0
         448036	     22300	800064ea	809d	c.srli	x9,0x7	  x9:0xb6bbf000  x9=0x016d77e0
         448056	     22301	800064ec	4a05	c.li	x20,1	 x20=0x00000001
         448436	     22320	800064ee	40690033	sub	x0,x18,x6	 x18:0xd9603c60  x6:0x80021e50  x0=0x00000000
         449176	     22357	800064f2	03a46033	rem	x0,x8,x26	  x8:0x6e371000 x26:0x00000003  x0=0x00000000
         449196	     22358	800064f6	0ff0000f	fence	iorw,iorw	
         449216	     22359	800064fa	170c	c.addi4spn	x11,x2,928	 x11=0x00000390
         449236	     22360	800064fc	e3e2c093	xori	x1,x5,-450	  x5:0x00000000  x1=0xfffffe3e
         449256	     22361	80006500	012fd563	bge	x31,x18,8000650a	 x31:0x80025ce4 x18:0xd9603c60
         449276	     22362	80006504	00da	c.slli	x1,0x16	  x1:0xfffffe3e  x1=0x8f800000
         449296	     22363	80006506	00d4fbb3	and	x23,x9,x13	  x9:0x016d77e0 x13:0x00000000 x23=0x00000000
         449316	     22364	8000650a	0e0b7693	andi	x13,x22,224	 x22:0x00000000 x13=0x00000000
         449416	     22369	8000650e	3408ec73	csrrsi	x24,mscratch,17	 x24=0x00007400
         449556	     22376	80006512	0395a7b3	mulhsu	x15,x11,x25	 x11:0x00000390 x25:0x00000001 x15=0x00000000
         449576	     22377	80006516	717d	c.addi16sp	x2,-16	  x2:0xfffffff0  x2=0xffffffe0
         449736	     22385	80006518	02d738b3	mulhu	x17,x14,x13	 x14:0xfba31000 x13:0x00000000 x17=0x00000000
         449816	     22389	8000651c	99393f13	sltiu	x30,x18,-1645	 x18:0xd9603c60 x30=0x00000001
         449956	     22396	80006520	0001	c.addi	x0,0	  x0:0x00000000  x0=0x00000000
         450056	     22401	80006522	3401dbf3	csrrwi	x23,mscratch,3	 x23=0x00007411
         450076	     22402	80006526	8e41	c.or	x12,x8	 x12:0x0000001f  x8:0x6e371000 x12=0x6e37101f
         451076	     22452	80006528	0261ff33	remu	x30,x3,x6	  x3:0x0000000b  x6:0x80021e50 x30=0x0000000b
         451116	     22454	8000652c	03adbdb3	mulhu	x27,x27,x26	 x27:0xfff80025 x26:0x00000003 x27=0x00000002
         451136	     22455	80006530	05148263	beq	x9,x17,80006574	  x9:0x016d77e0 x17:0x00000000
         451176	     22457	80006534	8c49	c.or	x8,x10	  x8:0x6e371000 x10:0xbe1cc01d  x8=0xfe3fd01d
         451536	     22475	80006536	01e879b3	and	x19,x16,x30	 x16:0x80026291 x30:0x0000000b x19=0x00000001
         451556	     22476	8000653a	01426a13	ori	x20,x4,20	  x4:0x0080025c x20=0x0080025c
         451576	     22477	8000653e	036b80b3	mul	x1,x23,x22	 x23:0x00007411 x22:0x00000000  x1=0x00000000
         451716	     22484	80006542	02f6c933	div	x18,x13,x15	 x13:0x00000000 x15:0x00000000 x18=0xffffffff
         451736	     22485	80006546	0641b193	sltiu	x3,x3,100	  x3:0x0000000b  x3=0x00000001
         451756	     22486	8000654a	82fd	c.srli	x13,0x1f	 x13:0x00000000 x13=0x00000000
         451776	     22487	8000654c	340079f3	csrrci	x19,mscratch,0	 x19=0x00000003
         451956	     22496	80006550	01cff9b3	and	x19,x31,x28	 x31:0x80025ce4 x28:0x269fc3a0 x19=0x000240a0
         451976	     22497	80006554	34003ef3	csrrc	x29,mscratch,x0	  x0:0x00000000 x29=0x00000003
         452056	     22501	80006558	03a99c63	bne	x19,x26,80006590	 x19:0x000240a0 x26:0x00000003
         453116	     22554	80006590	147d	c.addi	x8,-1	  x8:0xfe3fd01d  x8=0xfe3fd01c
         453136	     22555	80006592	97ca	c.add	x15,x18	 x15:0x00000000 x18:0xffffffff x15=0xffffffff
         453156	     22556	80006594	8e3d	c.xor	x12,x15	 x12:0x6e37101f x15:0xffffffff x12=0x91c8efe0
         453176	     22557	80006596	01cd9293	slli	x5,x27,0x1c	 x27:0x00000002  x5=0x20000000
         453196	     22558	8000659a	1dfd	c.addi	x27,-1	 x27:0x00000002 x27=0x00000001
         453376	     22567	8000659c	01c8ea63	bltu	x17,x28,800065b0	 x17:0x00000000 x28:0x269fc3a0
         453856	     22591	800065b0	8011	c.srli	x8,0x4	  x8:0xfe3fd01c  x8=0x0fe3fd01
         453876	     22592	800065b2	01e75233	srl	x4,x14,x30	 x14:0xfba31000 x30:0x0000000b  x4=0x001f7462
         453896	     22593	800065b6	8f51	c.or	x14,x12	 x14:0xfba31000 x12:0x91c8efe0 x14=0xfbebffe0
         453936	     22595	800065b8	025e2033	mulhsu	x0,x28,x5	 x28:0x269fc3a0  x5:0x20000000  x0=0x00000000
         453956	     22596	800065bc	0001	c.addi	x0,0	  x0:0x00000000  x0=0x00000000
         453996	     22598	800065be	03db9433	mulh	x8,x23,x29	 x23:0x00007411 x29:0x00000003  x8=0x00000000
         454116	     22604	800065c2	02192f33	mulhsu	x30,x18,x1	 x18:0xffffffff  x1:0x00000000 x30=0x00000000
         454136	     22605	800065c6	028d4963	blt	x26,x8,800065f8	 x26:0x00000003  x8:0x00000000
         454356	     22616	800065ca	00038db3	add	x27,x7,x0	  x7:0x7dd18800  x0:0x00000000 x27=0x7dd18800
         454376	     22617	800065ce	1c10	c.addi4spn	x12,x2,560	 x12=0x00000210
         454396	     22618	800065d0	c015	c.beqz	x8,800065f4	  x8:0x00000000
         455336	     22665	800065f4	0000100f	fence.i	
         455836	     22690	800065f8	8029	c.srli	x8,0xa	  x8:0x00000000  x8=0x00000000
         455856	     22691	800065fa	3404e3f3	csrrsi	x7,mscratch,9	  x7=0x00000003
         455876	     22692	800065fe	0776	c.slli	x14,0x1d	 x14:0xfbebffe0 x14=0x00000000
         456276	     22712	80006600	e7896493	ori	x9,x18,-392	 x18:0xffffffff  x9=0xffffffff
         456696	     22733	80006604	e31d7493	andi	x9,x26,-463	 x26:0x00000003  x9=0x00000001
         456716	     22734	80006608	6d69	c.lui	x26,0x1a	 x26=0x0001a000
         456736	     22735	8000660a	0572d363	bge	x5,x23,80006650	  x5:0x20000000 x23:0x00007411
         457256	     22761	80006650	3406d8f3	csrrwi	x17,mscratch,13	 x17=0x0000000b
         457416	     22769	80006654	bcf2f113	andi	x2,x5,-1073	  x5:0x20000000  x2=0x20000000
         457836	     22790	80006658	d51ebc93	sltiu	x25,x29,-687	 x29:0x00000003 x25=0x00000001
         457856	     22791	8000665c	04d37263	bgeu	x6,x13,800066a0	  x6:0x80021e50 x13:0x00000000
         459316	     22864	800066a0	0001	c.addi	x0,0	  x0:0x00000000  x0=0x00000000
         459336	     22865	800066a2	0c4a	c.slli	x24,0x12	 x24:0x00007400 x24=0xd0000000
         459736	     22885	800066a4	34007b73	csrrci	x22,mscratch,0	 x22=0x0000000d
         459856	     22891	800066a8	34007ef3	csrrci	x29,mscratch,0	 x29=0x0000000d
         459876	     22892	800066ac	3406b4f3	csrrc	x9,mscratch,x13	 x13:0x00000000  x9=0x0000000d
         459956	     22896	800066b0	34002873	csrrs	x16,mscratch,x0	  x0:0x00000000 x16=0x0000000d
         459976	     22897	800066b4	10fd	c.addi	x1,-1	  x1:0x00000000  x1=0xffffffff
         459996	     22898	800066b6	0504	c.addi4spn	x9,x2,640	  x9=0x20000280
         460016	     22899	800066b8	c819	c.beqz	x8,800066ce	  x8:0x00000000
         460396	     22918	800066ce	5b9fac13	slti	x24,x31,1465	 x31:0x80025ce4 x24=0x00000001
         460416	     22919	800066d2	997d	c.andi	x10,-1	 x10:0xbe1cc01d x10=0xbe1cc01d
         460796	     22938	800066d4	01ed5633	srl	x12,x26,x30	 x26:0x0001a000 x30:0x00000000 x12=0x0001a000
         460816	     22939	800066d8	0000100f	fence.i	
         461176	     22957	800066dc	340025f3	csrrs	x11,mscratch,x0	  x0:0x00000000 x11=0x0000000d
         461196	     22958	800066e0	8d25	c.xor	x10,x9	 x10:0xbe1cc01d  x9:0x20000280 x10=0x9e1cc29d
         461976	     22997	800066e2	023467b3	rem	x15,x8,x3	  x8:0x00000000  x3:0x00000001 x15=0x00000000
         461996	     22998	800066e6	6a5fbd37	lui	x26,0x6a5fb	 x26=0x6a5fb000
         462016	     22999	800066ea	0085a833	slt	x16,x11,x8	 x11:0x0000000d  x8:0x00000000 x16=0x00000000
         462036	     23000	800066ee	012167b3	or	x15,x2,x18	  x2:0x20000000 x18:0xffffffff x15=0xffffffff
         462056	     23001	800066f2	0001	c.addi	x0,0	  x0:0x00000000  x0=0x00000000
         462076	     23002	800066f4	02d70cb3	mul	x25,x14,x13	 x14:0x00000000 x13:0x00000000 x25=0x00000000
         462236	     23010	800066f8	007dd013	srli	x0,x27,0x7	 x27:0x7dd18800  x0=0x00000000
         462296	     23013	800066fc	0006e5b3	or	x11,x13,x0	 x13:0x00000000  x0:0x00000000 x11=0x00000000
         462716	     23034	80006700	e68d	c.bnez	x13,8000672a	 x13:0x00000000
         462936	     23045	80006702	a65abab7	lui	x21,0xa65ab	 x21=0xa65ab000
         462956	     23046	80006706	1cfd	c.addi	x25,-1	 x25:0x00000000 x25=0xffffffff
         462976	     23047	80006708	e21d	c.bnez	x12,8000672e	 x12:0x0001a000
         463436	     23070	8000672e	3d573413	sltiu	x8,x14,981	 x14:0x00000000  x8=0x00000001
         463496	     23073	80006732	d461e613	ori	x12,x3,-698	  x3:0x00000001 x12=0xfffffd47
         463916	     23094	80006736	0035f733	and	x14,x11,x3	 x11:0x00000000  x3:0x00000001 x14=0x00000000
         463936	     23095	8000673a	0b84	c.addi4spn	x9,x2,464	  x9=0x200001d0
         463956	     23096	8000673c	40b559b3	sra	x19,x10,x11	 x10:0x9e1cc29d x11:0x00000000 x19=0x9e1cc29d
         463976	     23097	80006740	00b59393	slli	x7,x11,0xb	 x11:0x00000000  x7=0x00000000
         463996	     23098	80006744	055f7463	bgeu	x30,x21,8000678c	 x30:0x00000000 x21:0xa65ab000
         464016	     23099	80006748	0f94	c.addi4spn	x13,x2,976	 x13=0x200003d0
         464356	     23116	8000674a	0146d6b3	srl	x13,x13,x20	 x13:0x200003d0 x20:0x0080025c x13=0x00000002
         464376	     23117	8000674e	0001	c.addi	x0,0	  x0:0x00000000  x0=0x00000000
         464396	     23118	80006750	02300233	mul	x4,x0,x3	  x0:0x00000000  x3:0x00000001  x4=0x00000000
         464416	     23119	80006754	9dbe2193	slti	x3,x28,-1573	 x28:0x269fc3a0  x3=0x00000000
         464436	     23120	80006758	00016eb3	or	x29,x2,x0	  x2:0x20000000  x0:0x00000000 x29=0x20000000
         464456	     23121	8000675c	57727d93	andi	x27,x4,1399	  x4:0x00000000 x27=0x00000000
         465196	     23158	80006760	0335d2b3	divu	x5,x11,x19	 x11:0x00000000 x19:0x9e1cc29d  x5=0x00000000
         465236	     23160	80006764	032bb4b3	mulhu	x9,x23,x18	 x23:0x00007411 x18:0xffffffff  x9=0x00007410
         465256	     23161	80006768	34051cf3	csrrw	x25,mscratch,x10	 x10:0x9e1cc29d x25=0x0000000d
         465276	     23162	8000676c	01d6aab3	slt	x21,x13,x29	 x13:0x00000002 x29:0x20000000 x21=0x00000001
         465296	     23163	80006770	00143733	sltu	x14,x8,x1	  x8:0x00000001  x1:0xffffffff x14=0x00000001
         465316	     23164	80006774	01e49d33	sll	x26,x9,x30	  x9:0x00007410 x30:0x00000000 x26=0x00007410
         466156	     23206	80006778	03c3d533	divu	x10,x7,x28	  x7:0x00000000 x28:0x269fc3a0 x10=0x00000000
         466176	     23207	8000677c	3402b9f3	csrrc	x19,mscratch,x5	  x5:0x00000000 x19=0x9e1cc29d
         466196	     23208	80006780	41085593	srai	x11,x16,0x10	 x16:0x00000000 x11=0x00000000
         466256	     23211	80006784	27c50a17	auipc	x20,0x27c50	 x20=0xa7c56784
         466276	     23212	80006788	f62a0597	auipc	x11,0xf62a0	 x11=0x762a6788
         466516	     23224	8000678c	01b8d2b3	srl	x5,x17,x27	 x17:0x0000000b x27:0x00000000  x5=0x0000000b
         466536	     23225	80006790	8661	c.srai	x12,0x18	 x12:0xfffffd47 x12=0xffffffff
         466556	     23226	80006792	02b61163	bne	x12,x11,800067b4	 x12:0xffffffff x11:0x762a6788
         467196	     23258	800067b4	018e9563	bne	x29,x24,800067be	 x29:0x20000000 x24:0x00000001
         468336	     23315	800067be	8325a593	slti	x11,x11,-1998	 x11:0x762a6788 x11=0x00000000
         468476	     23322	800067c2	01ac6433	or	x8,x24,x26	 x24:0x00000001 x26:0x00007410  x8=0x00007411
         468496	     23323	800067c6	01e1ea63	bltu	x3,x30,800067da	  x3:0x00000000 x30:0x00000000
         468916	     23344	800067ca	b0871eb7	lui	x29,0xb0871	 x29=0xb0871000
         468936	     23345	800067ce	8c11	c.sub	x8,x12	  x8:0x00007411 x12:0xffffffff  x8=0x00007412
         469076	     23352	800067d0	8041	c.srli	x8,0x10	  x8:0x00007412  x8=0x00000000
         469096	     23353	800067d2	6169	c.addi16sp	x2,208	  x2:0x20000000  x2=0x200000d0
         469236	     23360	800067d4	8fcd	c.or	x15,x11	 x15:0xffffffff x11:0x00000000 x15=0xffffffff
         469256	     23361	800067d6	4a11e493	ori	x9,x3,1185	  x3:0x00000000  x9=0x000004a1
         469276	     23362	800067da	c0a31017	auipc	x0,0xc0a31	  x0=0x00000000
         469296	     23363	800067de	4cae2093	slti	x1,x28,1226	 x28:0x269fc3a0  x1=0x00000000
         469316	     23364	800067e2	8145	c.srli	x10,0x11	 x10:0x00000000 x10=0x00000000
         469496	     23373	800067e4	34025df3	csrrwi	x27,mscratch,4	 x27=0x9e1cc29d
         469516	     23374	800067e8	340e5673	csrrwi	x12,mscratch,28	 x12=0x00000004
         469536	     23375	800067ec	00b97a33	and	x20,x18,x11	 x18:0xffffffff x11:0x00000000 x20=0x00000000
         469736	     23385	800067f0	340f21f3	csrrs	x3,mscratch,x30	 x30:0x00000000  x3=0x0000001c
         470076	     23402	800067f4	12fd	c.addi	x5,-1	  x5:0x0000000b  x5=0x0000000a
         470096	     23403	800067f6	8949	c.andi	x10,18	 x10:0x00000000 x10=0x00000000
         470116	     23404	800067f8	b9424297	auipc	x5,0xb9424	  x5=0x3942a7f8
         470136	     23405	800067fc	340035f3	csrrc	x11,mscratch,x0	  x0:0x00000000 x11=0x0000001c
         470296	     23413	80006800	00f49a13	slli	x20,x9,0xf	  x9:0x000004a1 x20=0x02508000
         470316	     23414	80006804	11ce3c13	sltiu	x24,x28,284	 x28:0x269fc3a0 x24=0x00000000
         470416	     23419	80006808	18d7af17	auipc	x30,0x18d7a	 x30=0x98d80808
         470436	     23420	8000680c	34003573	csrrc	x10,mscratch,x0	  x0:0x00000000 x10=0x0000001c
         470456	     23421	80006810	8cc9	c.or	x9,x10	  x9:0x000004a1 x10:0x0000001c  x9=0x000004bd
         470476	     23422	80006812	00ca	c.slli	x1,0x12	  x1:0x00000000  x1=0x00000000
         470496	     23423	80006814	1a118893	addi	x17,x3,417	  x3:0x0000001c x17=0x000001bd
         470536	     23425	80006818	03fb9933	mulh	x18,x23,x31	 x23:0x00007411 x31:0x80025ce4 x18=0xffffc5f8
         470556	     23426	8000681c	04341163	bne	x8,x3,8000685e	  x8:0x00000000  x3:0x0000001c
         471296	     23463	8000685e	02b24163	blt	x4,x11,80006880	  x4:0x00000000 x11:0x0000001c
         471856	     23491	80006880	05f9	c.addi	x11,30	 x11:0x0000001c x11=0x0000003a
         472936	     23545	80006882	039cc4b3	div	x9,x25,x25	 x25:0x0000000d x25:0x0000000d  x9=0x00000001
         472956	     23546	80006886	04c0d463	bge	x1,x12,800068ce	  x1:0x00000000 x12:0x00000004
         472996	     23548	8000688a	02739b33	mulh	x22,x7,x7	  x7:0x00000000  x7:0x00000000 x22=0x00000000
         473016	     23549	8000688e	8f3b5017	auipc	x0,0x8f3b5	  x0=0x00000000
         473036	     23550	80006892	02958463	beq	x11,x9,800068ba	 x11:0x0000003a  x9:0x00000001
         473056	     23551	80006896	400e5213	srai	x4,x28,0x0	 x28:0x269fc3a0  x4=0x269fc3a0
         473076	     23552	8000689a	01aa2933	slt	x18,x20,x26	 x20:0x02508000 x26:0x00007410 x18=0x00000000
         473416	     23569	8000689e	03d94763	blt	x18,x29,800068cc	 x18:0x00000000 x29:0xb0871000
         473836	     23590	800068a2	40fa5d33	sra	x26,x20,x15	 x20:0x02508000 x15:0xffffffff x26=0x00000000
         473856	     23591	800068a6	7da8f513	andi	x10,x17,2010	 x17:0x000001bd x10=0x00000198
         473876	     23592	800068aa	8ce1	c.and	x9,x8	  x9:0x00000001  x8:0x00000000  x9=0x00000000
         473896	     23593	800068ac	02f4e563	bltu	x9,x15,800068d6	  x9:0x00000000 x15:0xffffffff
         474136	     23605	800068d6	9afd	c.andi	x13,-1	 x13:0x00000002 x13=0x00000002
         474416	     23619	800068d8	0089ccb3	xor	x25,x19,x8	 x19:0x9e1cc29d  x8:0x00000000 x25=0x9e1cc29d
         474436	     23620	800068dc	0ff0000f	fence	iorw,iorw	
         474456	     23621	800068e0	00dc73b3	and	x7,x24,x13	 x24:0x00000000 x13:0x00000002  x7=0x00000000
         474476	     23622	800068e4	826a	c.mv	x4,x26	  x0:0x00000000 x26:0x00000000  x4=0x00000000
         474716	     23634	800068e6	414f5f33	sra	x30,x30,x20	 x30:0x98d80808 x20:0x02508000 x30=0x98d80808
         474736	     23635	800068ea	01727d63	bgeu	x4,x23,80006904	  x4:0x00000000 x23:0x00007411
         474756	     23636	800068ee	0001	c.addi	x0,0	  x0:0x00000000  x0=0x00000000
         474776	     23637	800068f0	4555	c.li	x10,21	 x10=0x00000015
         488636	     24330	800068f2	8b9d	c.andi	x15,7	 x15:0xffffffff x15=0x00000007
         488656	     24331	800068f4	1d7d	c.addi	x26,-1	 x26:0x00000000 x26=0xffffffff
         488676	     24332	800068f6	40a70b33	sub	x22,x14,x10	 x14:0x00000001 x10:0x00000015 x22=0xffffffec
         488696	     24333	800068fa	9b7d	c.andi	x14,-1	 x14:0x00000001 x14=0x00000001
         488716	     24334	800068fc	00360d33	add	x26,x12,x3	 x12:0x00000004  x3:0x0000001c x26=0x00000020
         488736	     24335	80006900	8c91	c.sub	x9,x12	  x9:0x00000000 x12:0x00000004  x9=0xfffffffc
         488756	     24336	80006902	8d3d	c.xor	x10,x15	 x10:0x00000015 x15:0x00000007 x10=0x00000012
         489156	     24356	80006904	0281b633	mulhu	x12,x3,x8	  x3:0x0000001c  x8:0x00000000 x12=0x00000000
         489176	     24357	80006908	01c3e6b3	or	x13,x7,x28	  x7:0x00000000 x28:0x269fc3a0 x13=0x269fc3a0
         489416	     24369	8000690c	d87e8113	addi	x2,x29,-633	 x29:0xb0871000  x2=0xb0870d87
         489436	     24370	80006910	34007df3	csrrci	x27,mscratch,0	 x27=0x0000001c
         489476	     24372	80006914	026e21b3	mulhsu	x3,x28,x6	 x28:0x269fc3a0  x6:0x80021e50  x3=0x135033a2
         489796	     24388	80006918	34052cf3	csrrs	x25,mscratch,x10	 x10:0x00000012 x25=0x0000001c
         489876	     24392	8000691c	340db6f3	csrrc	x13,mscratch,x27	 x27:0x0000001c x13=0x0000001e
         490036	     24400	80006920	34006a73	csrrsi	x20,mscratch,0	 x20=0x00000002
         490056	     24401	80006924	6265	c.lui	x4,0x19	  x4=0x00019000
         490076	     24402	80006926	0798	c.addi4spn	x14,x2,960	 x14=0xb0871147
         490816	     24439	80006928	02dee0b3	rem	x1,x29,x13	 x29:0xb0871000 x13:0x0000001e  x1=0xfffffffc
         490856	     24441	8000692c	039cb233	mulhu	x4,x25,x25	 x25:0x0000001c x25:0x0000001c  x4=0x00000000
         490876	     24442	80006930	177d	c.addi	x14,-1	 x14:0xb0871147 x14=0xb0871146
         490896	     24443	80006932	8cd5	c.or	x9,x13	  x9:0xfffffffc x13:0x0000001e  x9=0xfffffffe
         490916	     24444	80006934	06a70893	addi	x17,x14,106	 x14:0xb0871146 x17=0xb08711b0
         490936	     24445	80006938	016ecd33	xor	x26,x29,x22	 x29:0xb0871000 x22:0xffffffec x26=0x4f78efec
         490956	     24446	8000693c	01ded533	srl	x10,x29,x29	 x29:0xb0871000 x29:0xb0871000 x10=0xb0871000
         491116	     24454	80006940	8ef5	c.and	x13,x13	 x13:0x0000001e x13:0x0000001e x13=0x0000001e
         491136	     24455	80006942	02854c63	blt	x10,x8,8000697a	 x10:0xb0871000  x8:0x00000000
         491456	     24471	8000697a	8d95	c.sub	x11,x13	 x11:0x0000003a x13:0x0000001e x11=0x0000001c
         491556	     24476	8000697c	943b7193	andi	x3,x22,-1725	 x22:0xffffffec  x3=0xfffff940
         491656	     24481	80006980	3408f273	csrrci	x4,mscratch,17	  x4=0x00000002
         491676	     24482	80006984	34095c73	csrrwi	x24,mscratch,18	 x24=0x00000002
         491696	     24483	80006988	000fc663	blt	x31,x0,80006994	 x31:0x80025ce4  x0:0x00000000
         492096	     24503	80006994	997d	c.andi	x10,-1	 x10:0xb0871000 x10=0xb0871000
         492116	     24504	80006996	82a9	c.srli	x13,0xa	 x13:0x0000001e x13=0x00000000
         492296	     24513	80006998	02a48db3	mul	x27,x9,x10	  x9:0xfffffffe x10:0xb0871000 x27=0x9ef1e000
         492716	     24534	8000699c	3405d773	csrrwi	x14,mscratch,11	 x14=0x00000012
         493136	     24555	800069a0	8b65	c.andi	x14,25	 x14:0x00000012 x14=0x00000010
         493876	     24592	800069a2	02946bb3	rem	x23,x8,x9	  x8:0x00000000  x9:0xfffffffe x23=0x00000000
         493896	     24593	800069a6	01397133	and	x2,x18,x19	 x18:0x00000000 x19:0x9e1cc29d  x2=0x00000000
         493916	     24594	800069aa	c109	c.beqz	x10,800069ac	 x10:0xb0871000
         493936	     24595	800069ac	6269	c.lui	x4,0x1a	  x4=0x0001a000
         493956	     24596	800069ae	07d6	c.slli	x15,0x15	 x15:0x00000007 x15=0x00e00000
         493976	     24597	800069b0	0001	c.addi	x0,0	  x0:0x00000000  x0=0x00000000
         493996	     24598	800069b2	01489a63	bne	x17,x20,800069c6	 x17:0xb08711b0 x20:0x00000002
         494516	     24624	800069c6	02ec2cb3	mulhsu	x25,x24,x14	 x24:0x00000002 x14:0x00000010 x25=0x00000000
         494536	     24625	800069ca	8cb5	c.xor	x9,x13	  x9:0xfffffffe x13:0x00000000  x9=0xfffffffe
         494556	     24626	800069cc	6155	c.addi16sp	x2,304	  x2:0x00000000  x2=0x00000130
         494576	     24627	800069ce	03a27663	bgeu	x4,x26,800069fa	  x4:0x0001a000 x26:0x4f78efec
         494596	     24628	800069d2	860a	c.mv	x12,x2	  x0:0x00000000  x2:0x00000130 x12=0x00000130
         494616	     24629	800069d4	82fe	c.mv	x5,x31	  x0:0x00000000 x31:0x80025ce4  x5=0x80025ce4
         494636	     24630	800069d6	ee89	c.bnez	x13,800069f0	 x13:0x00000000
         495016	     24649	800069d8	0442	c.slli	x8,0x10	  x8:0x00000000  x8=0x00000000
         495096	     24653	800069da	0ff0000f	fence	iorw,iorw	
         495116	     24654	800069de	00105b93	srli	x23,x0,0x1	  x0:0x00000000 x23=0x00000000
         495136	     24655	800069e2	4b55	c.li	x22,21	 x22=0x00000015
         495216	     24659	800069e4	56fd	c.li	x13,-1	 x13=0xffffffff
         495236	     24660	800069e6	84a1	c.srai	x9,0x8	  x9:0xfffffffe  x9=0xffffffff
         495256	     24661	800069e8	717d	c.addi16sp	x2,-16	  x2:0x00000130  x2=0x00000120
         495276	     24662	800069ea	8c5d	c.or	x8,x15	  x8:0x00000000 x15:0x00e00000  x8=0x00e00000
         495296	     24663	800069ec	c9d78713	addi	x14,x15,-867	 x15:0x00e00000 x14=0x00dffc9d
         496036	     24700	800069f0	02ebd5b3	divu	x11,x23,x14	 x23:0x00000000 x14:0x00dffc9d x11=0x00000000
         496056	     24701	800069f4	8f45	c.or	x14,x9	 x14:0x00dffc9d  x9:0xffffffff x14=0xffffffff
         496076	     24702	800069f6	410bda93	srai	x21,x23,0x10	 x23:0x00000000 x21=0x00000000
         496976	     24747	800069fa	038cef33	rem	x30,x25,x24	 x25:0x00000000 x24:0x00000002 x30=0x00000000
         496996	     24748	800069fe	01d19833	sll	x16,x3,x29	  x3:0xfffff940 x29:0xb0871000 x16=0xfffff940
         497016	     24749	80006a02	01dc1c63	bne	x24,x29,80006a1a	 x24:0x00000002 x29:0xb0871000
         497096	     24753	80006a1a	8e6d	c.and	x12,x11	 x12:0x00000130 x11:0x00000000 x12=0x00000000
         497116	     24754	80006a1c	197d	c.addi	x18,-1	 x18:0x00000000 x18=0xffffffff
         497136	     24755	80006a1e	019ee6b3	or	x13,x29,x25	 x29:0xb0871000 x25:0x00000000 x13=0xb0871000
         497156	     24756	80006a22	6ed3cb93	xori	x23,x7,1773	  x7:0x00000000 x23=0x000006ed
         497176	     24757	80006a26	0001	c.addi	x0,0	  x0:0x00000000  x0=0x00000000
         497216	     24759	80006a28	033aa9b3	mulhsu	x19,x21,x19	 x21:0x00000000 x19:0x9e1cc29d x19=0x00000000
         497336	     24765	80006a2c	00f29413	slli	x8,x5,0xf	  x5:0x80025ce4  x8=0x2e720000
         497736	     24785	80006a30	02481bb3	mulh	x23,x16,x4	 x16:0xfffff940  x4:0x0001a000 x23=0xffffffff
         497756	     24786	80006a34	340066f3	csrrsi	x13,mscratch,0	 x13=0x0000000b
         497776	     24787	80006a38	4005d193	srai	x3,x11,0x0	 x11:0x00000000  x3=0x00000000
         497856	     24791	80006a3c	99fd	c.andi	x11,-1	 x11:0x00000000 x11=0x00000000
         498596	     24828	80006a3e	03ab60b3	rem	x1,x22,x26	 x22:0x00000015 x26:0x4f78efec  x1=0x00000015
         498616	     24829	80006a42	0001	c.addi	x0,0	  x0:0x00000000  x0=0x00000000
         498636	     24830	80006a44	8eb1	c.xor	x13,x12	 x13:0x0000000b x12:0x00000000 x13=0x0000000b
         498656	     24831	80006a46	401b08b3	sub	x17,x22,x1	 x22:0x00000015  x1:0x00000015 x17=0x00000000
         498676	     24832	80006a4a	010ec0b3	xor	x1,x29,x16	 x29:0xb0871000 x16:0xfffff940  x1=0x4f78e940
         498696	     24833	80006a4e	34019973	csrrw	x18,mscratch,x3	  x3:0x00000000 x18=0x0000000b
         498716	     24834	80006a52	01a14e63	blt	x2,x26,80006a6e	  x2:0x00000120 x26:0x4f78efec
         499956	     24896	80006a6e	021d1f33	mulh	x30,x26,x1	 x26:0x4f78efec  x1:0x4f78e940 x30=0x18abdb23
         499976	     24897	80006a72	6be9	c.lui	x23,0x1a	 x23=0x0001a000
         499996	     24898	80006a74	d3912617	auipc	x12,0xd3912	 x12=0x53918a74
         500176	     24907	80006a78	021219b3	mulh	x19,x4,x1	  x4:0x0001a000  x1:0x4f78e940 x19=0x00008124
         500196	     24908	80006a7c	b13fae93	slti	x29,x31,-1261	 x31:0x80025ce4 x29=0x00000001
         500416	     24919	80006a80	4a2a2237	lui	x4,0x4a2a2	  x4=0x4a2a2000
         500616	     24929	80006a84	018891b3	sll	x3,x17,x24	 x17:0x00000000 x24:0x00000002  x3=0x00000000
         501036	     24950	80006a88	41bb5813	srai	x16,x22,0x1b	 x22:0x00000015 x16=0x00000000
         501116	     24954	80006a8c	0233b533	mulhu	x10,x7,x3	  x7:0x00000000  x3:0x00000000 x10=0x00000000
         501256	     24961	80006a90	340199f3	csrrw	x19,mscratch,x3	  x3:0x00000000 x19=0x00000000
         501276	     24962	80006a94	019a6633	or	x12,x20,x25	 x20:0x00000002 x25:0x00000000 x12=0x00000002
         501296	     24963	80006a98	034ed163	bge	x29,x20,80006aba	 x29:0x00000001 x20:0x00000002
         501336	     24965	80006a9c	027c95b3	mulh	x11,x25,x7	 x25:0x00000000  x7:0x00000000 x11=0x00000000
         501356	     24966	80006aa0	99fd	c.andi	x11,-1	 x11:0x00000000 x11=0x00000000
         501376	     24967	80006aa2	34013f73	csrrc	x30,mscratch,x2	  x2:0x00000120 x30=0x00000000
         501756	     24986	80006aa6	00e4cc33	xor	x24,x9,x14	  x9:0xffffffff x14:0xffffffff x24=0x00000000
         501776	     24987	80006aaa	8f85	c.sub	x15,x9	 x15:0x00e00000  x9:0xffffffff x15=0x00e00001
         501796	     24988	80006aac	0001	c.addi	x0,0	  x0:0x00000000  x0=0x00000000
         501816	     24989	80006aae	01f833b3	sltu	x7,x16,x31	 x16:0x00000000 x31:0x80025ce4  x7=0x00000001
         501836	     24990	80006ab2	00653833	sltu	x16,x10,x6	 x10:0x00000000  x6:0x80021e50 x16=0x00000001
         501856	     24991	80006ab6	1efd	c.addi	x29,-1	 x29:0x00000001 x29=0x00000000
         501876	     24992	80006ab8	02ce	c.slli	x5,0x13	  x5:0x80025ce4  x5=0xe7200000
         501896	     24993	80006aba	012861b3	or	x3,x16,x18	 x16:0x00000001 x18:0x0000000b  x3=0x0000000b
         501916	     24994	80006abe	01f63933	sltu	x18,x12,x31	 x12:0x00000002 x31:0x80025ce4 x18=0x00000001
         501936	     24995	80006ac2	0c04	c.addi4spn	x9,x2,528	  x9=0x00000330
         502096	     25003	80006ac4	014ec233	xor	x4,x29,x20	 x29:0x00000000 x20:0x00000002  x4=0x00000002
         502316	     25014	80006ac8	e37d0593	addi	x11,x26,-457	 x26:0x4f78efec x11=0x4f78ee23
         502336	     25015	80006acc	aae17b37	lui	x22,0xaae17	 x22=0xaae17000
         502356	     25016	80006ad0	004b4a33	xor	x20,x22,x4	 x22:0xaae17000  x4:0x00000002 x20=0xaae17002
         502436	     25020	80006ad4	03a87a63	bgeu	x16,x26,80006b08	 x16:0x00000001 x26:0x4f78efec
         502616	     25029	80006ad8	0705	c.addi	x14,1	 x14:0xffffffff x14=0x00000000
         503036	     25050	80006ada	029c0eb3	mul	x29,x24,x9	 x24:0x00000000  x9:0x00000330 x29=0x00000000
         503436	     25070	80006ade	032aa4b3	mulhsu	x9,x21,x18	 x21:0x00000000 x18:0x00000001  x9=0x00000000
         503836	     25090	80006ae2	00827733	and	x14,x4,x8	  x4:0x00000002  x8:0x2e720000 x14=0x00000000
         503916	     25094	80006ae6	90dd7a13	andi	x20,x26,-1779	 x26:0x4f78efec x20=0x4f78e90c
         503976	     25097	80006aea	00dffb63	bgeu	x31,x13,80006b00	 x31:0x80025ce4 x13:0x0000000b
         505316	     25164	80006b00	86c5	c.srai	x13,0x11	 x13:0x0000000b x13=0x00000000
         505336	     25165	80006b02	717d	c.addi16sp	x2,-16	  x2:0x00000120  x2=0x00000110
         505356	     25166	80006b04	02ece763	bltu	x25,x14,80006b32	 x25:0x00000000 x14:0x00000000
         505376	     25167	80006b08	00b2fa33	and	x20,x5,x11	  x5:0xe7200000 x11:0x4f78ee23 x20=0x47200000
         505796	     25188	80006b0c	03e563b3	rem	x7,x10,x30	 x10:0x00000000 x30:0x00000000  x7=0x00000000
         505836	     25190	80006b10	03409f33	mulh	x30,x1,x20	  x1:0x4f78e940 x20:0x47200000 x30=0x161477cd
         506076	     25202	80006b14	0d18	c.addi4spn	x14,x2,656	 x14=0x000003a0
         506496	     25223	80006b16	00ce48b3	xor	x17,x28,x12	 x28:0x269fc3a0 x12:0x00000002 x17=0x269fc3a2
         506516	     25224	80006b1a	1c7d	c.addi	x24,-1	 x24:0x00000000 x24=0xffffffff
         506556	     25226	80006b1c	80f9	c.srli	x9,0x1e	  x9:0x00000000  x9=0x00000000
         506676	     25232	80006b1e	03120cb3	mul	x25,x4,x17	  x4:0x00000002 x17:0x269fc3a2 x25=0x4d3f8744
         506696	     25233	80006b22	f633f293	andi	x5,x7,-157	  x7:0x00000000  x5=0x00000000
         506796	     25238	80006b26	b2a08d17	auipc	x26,0xb2a08	 x26=0x32a0eb26
         506816	     25239	80006b2a	1ed32a93	slti	x21,x6,493	  x6:0x80021e50 x21=0x00000001
         506956	     25246	80006b2e	34002a73	csrrs	x20,mscratch,x0	  x0:0x00000000 x20=0x00000000
         507376	     25267	80006b32	00565a93	srli	x21,x12,0x5	 x12:0x00000002 x21=0x00000000
         507456	     25271	80006b36	03560133	mul	x2,x12,x21	 x12:0x00000002 x21:0x00000000  x2=0x00000000
         507476	     25272	80006b3a	0ff0000f	fence	iorw,iorw	
         507496	     25273	80006b3e	1084	c.addi4spn	x9,x2,96	  x9=0x00000060
         508236	     25310	80006b40	036dfbb3	remu	x23,x27,x22	 x27:0x9ef1e000 x22:0xaae17000 x23=0x9ef1e000
         508256	     25311	80006b44	806d	c.srli	x8,0x1b	  x8:0x2e720000  x8=0x00000005
         508296	     25313	80006b46	0256bab3	mulhu	x21,x13,x5	 x13:0x00000000  x5:0x00000000 x21=0x00000000
         508316	     25314	80006b4a	846db793	sltiu	x15,x27,-1978	 x27:0x9ef1e000 x15=0x00000001
         508336	     25315	80006b4e	41ecde93	srai	x29,x25,0x1e	 x25:0x4d3f8744 x29=0x00000001
         508356	     25316	80006b52	02e45263	bge	x8,x14,80006b76	  x8:0x00000005 x14:0x000003a0
         508376	     25317	80006b56	197d	c.addi	x18,-1	 x18:0x00000001 x18=0x00000000
         508396	     25318	80006b58	022ffa63	bgeu	x31,x2,80006b8c	 x31:0x80025ce4  x2:0x00000000
         509856	     25391	80006b8c	83588293	addi	x5,x17,-1995	 x17:0x269fc3a2  x5=0x269fbbd7
         510036	     25400	80006b90	9bfd	c.andi	x15,-1	 x15:0x00000001 x15=0x00000001
         510776	     25437	80006b92	02847833	remu	x16,x8,x8	  x8:0x00000005  x8:0x00000005 x16=0x00000000
         510796	     25438	80006b96	40e0d213	srai	x4,x1,0xe	  x1:0x4f78e940  x4=0x00013de3
         520116	     25904	80006b9a	8a1a	c.mv	x20,x6	  x0:0x00000000  x6:0x80021e50 x20=0x80021e50
         520136	     25905	80006b9c	127d	c.addi	x4,-1	  x4:0x00013de3  x4=0x00013de2
         520156	     25906	80006b9e	016e1d33	sll	x26,x28,x22	 x28:0x269fc3a0 x22:0xaae17000 x26=0x269fc3a0
         520176	     25907	80006ba2	34007673	csrrci	x12,mscratch,0	 x12=0x00000000
         520196	     25908	80006ba6	13d8f437	lui	x8,0x13d8f	  x8=0x13d8f000
         520216	     25909	80006baa	012b6a33	or	x20,x22,x18	 x22:0xaae17000 x18:0x00000000 x20=0xaae17000
         520236	     25910	80006bae	6c45	c.lui	x24,0x11	 x24=0x00011000
         520456	     25921	80006bb0	024bf563	bgeu	x23,x4,80006bda	 x23:0x9ef1e000  x4:0x00013de2
         521116	     25954	80006bda	8782a1b7	lui	x3,0x8782a	  x3=0x8782a000
         521136	     25955	80006bde	6715	c.lui	x14,0x5	 x14=0x00005000
         521536	     25975	80006be0	e915	c.bnez	x10,80006c14	 x10:0x00000000
         521556	     25976	80006be2	01b660b3	or	x1,x12,x27	 x12:0x00000000 x27:0x9ef1e000  x1=0x9ef1e000
         521696	     25983	80006be6	00f48c63	beq	x9,x15,80006bfe	  x9:0x00000060 x15:0x00000001
         521836	     25990	80006bea	02f34d63	blt	x6,x15,80006c24	  x6:0x80021e50 x15:0x00000001
         522156	     26006	80006c24	00bec963	blt	x29,x11,80006c36	 x29:0x00000001 x11:0x4f78ee23
         522576	     26027	80006c36	017576b3	and	x13,x10,x23	 x10:0x00000000 x23:0x9ef1e000 x13=0x00000000
         523356	     26066	80006c3a	03626233	rem	x4,x4,x22	  x4:0x00013de2 x22:0xaae17000  x4=0x00013de2
         523376	     26067	80006c3e	c009	c.beqz	x8,80006c40	  x8:0x13d8f000
         523396	     26068	80006c40	8c4d	c.or	x8,x11	  x8:0x13d8f000 x11:0x4f78ee23  x8=0x5ff8fe23
         523416	     26069	80006c42	8469	c.srai	x8,0x1a	  x8:0x5ff8fe23  x8=0x00000017
         523436	     26070	80006c44	0001	c.addi	x0,0	  x0:0x00000000  x0=0x00000000
         524176	     26107	80006c46	03e7fa33	remu	x20,x15,x30	 x15:0x00000001 x30:0x161477cd x20=0x00000001
         524196	     26108	80006c4a	ce91	c.beqz	x13,80006c66	 x13:0x00000000
         524916	     26144	80006c66	68fd0613	addi	x12,x26,1679	 x26:0x269fc3a0 x12=0x269fca2f
         525036	     26150	80006c6a	0ff0000f	fence	iorw,iorw	
         525056	     26151	80006c6e	82a9	c.srli	x13,0xa	 x13:0x00000000 x13=0x00000000
         525316	     26164	80006c70	31936913	ori	x18,x6,793	  x6:0x80021e50 x18=0x80021f59
         525336	     26165	80006c74	40c15113	srai	x2,x2,0xc	  x2:0x00000000  x2=0x00000000
         525376	     26167	80006c78	01a69233	sll	x4,x13,x26	 x13:0x00000000 x26:0x269fc3a0  x4=0x00000000
         525396	     26168	80006c7c	03431163	bne	x6,x20,80006c9e	  x6:0x80021e50 x20:0x00000001
         525716	     26184	80006c9e	340b74f3	csrrci	x9,mscratch,22	  x9=0x00000000
         525736	     26185	80006ca2	340656f3	csrrwi	x13,mscratch,12	 x13=0x00000000
         525756	     26186	80006ca6	48428517	auipc	x10,0x48428	 x10=0xc842eca6
         525776	     26187	80006caa	40b9db93	srai	x23,x19,0xb	 x19:0x00000000 x23=0x00000000
         526236	     26210	80006cae	0171ecb3	or	x25,x3,x23	  x3:0x8782a000 x23:0x00000000 x25=0x8782a000
         526256	     26211	80006cb2	8606	c.mv	x12,x1	  x0:0x00000000  x1:0x9ef1e000 x12=0x9ef1e000
         526276	     26212	80006cb4	0344c063	blt	x9,x20,80006cd4	  x9:0x00000000 x20:0x00000001
         526756	     26236	80006cd4	8fad	c.xor	x15,x11	 x15:0x00000001 x11:0x4f78ee23 x15=0x4f78ee22
         526796	     26238	80006cd6	02bced63	bltu	x25,x11,80006d10	 x25:0x8782a000 x11:0x4f78ee23
         526916	     26244	80006cda	41608233	sub	x4,x1,x22	  x1:0x9ef1e000 x22:0xaae17000  x4=0xf4107000
         527036	     26250	80006cde	01dbedb3	or	x27,x23,x29	 x23:0x00000000 x29:0x00000001 x27=0x00000001
         527456	     26271	80006ce2	0045aab3	slt	x21,x11,x4	 x11:0x4f78ee23  x4:0xf4107000 x21=0x00000000
         527476	     26272	80006ce6	004db0b3	sltu	x1,x27,x4	 x27:0x00000001  x4:0xf4107000  x1=0x00000001
         527496	     26273	80006cea	80b5	c.srli	x9,0xd	  x9:0x00000000  x9=0x00000000
         527516	     26274	80006cec	8d71	c.and	x10,x12	 x10:0xc842eca6 x12:0x9ef1e000 x10=0x8840e000
         527536	     26275	80006cee	8c71	c.and	x8,x12	  x8:0x00000017 x12:0x9ef1e000  x8=0x00000000
         527596	     26278	80006cf0	8f6d	c.and	x14,x11	 x14:0x00005000 x11:0x4f78ee23 x14=0x00004000
         527616	     26279	80006cf2	6209	c.lui	x4,0x2	  x4=0x00002000
         527756	     26286	80006cf4	34096473	csrrsi	x8,mscratch,18	  x8=0x0000000c
         527856	     26291	80006cf8	0000100f	fence.i	
         528036	     26300	80006cfc	0000100f	fence.i	
         528816	     26339	80006d00	6885	c.lui	x17,0x1	 x17=0x00001000
         529016	     26349	80006d02	4082d713	srai	x14,x5,0x8	  x5:0x269fbbd7 x14=0x00269fbb
         529036	     26350	80006d06	53fd	c.li	x7,-1	  x7=0xffffffff
         529056	     26351	80006d08	8e1d	c.sub	x12,x15	 x12:0x9ef1e000 x15:0x4f78ee22 x12=0x4f78f1de
         529256	     26361	80006d0a	01e17ab3	and	x21,x2,x30	  x2:0x00000000 x30:0x161477cd x21=0x00000000
         529276	     26362	80006d0e	887d	c.andi	x8,31	  x8:0x0000000c  x8=0x0000000c
         529296	     26363	80006d10	416708b3	sub	x17,x14,x22	 x14:0x00269fbb x22:0xaae17000 x17=0x55452fbb
         529316	     26364	80006d14	8e29	c.xor	x12,x10	 x12:0x4f78f1de x10:0x8840e000 x12=0xc73811de
         529336	     26365	80006d16	823d	c.srli	x12,0xf	 x12:0xc73811de x12=0x00018e70
         529356	     26366	80006d18	0001	c.addi	x0,0	  x0:0x00000000  x0=0x00000000
         529376	     26367	80006d1a	780bc913	xori	x18,x23,1920	 x23:0x00000000 x18=0x00000780
         529396	     26368	80006d1e	011c1033	sll	x0,x24,x17	 x24:0x00011000 x17:0x55452fbb  x0=0x00000000
         529416	     26369	80006d22	04fc1363	bne	x24,x15,80006d68	 x24:0x00011000 x15:0x4f78ee22
         530176	     26407	80006d68	0001	c.addi	x0,0	  x0:0x00000000  x0=0x00000000
         530236	     26410	80006d6a	410888b3	sub	x17,x17,x16	 x17:0x55452fbb x16:0x00000000 x17=0x55452fbb
         530336	     26415	80006d6e	02e933b3	mulhu	x7,x18,x14	 x18:0x00000780 x14:0x00269fbb  x7=0x00000001
         531076	     26452	80006d72	02abfcb3	remu	x25,x23,x10	 x23:0x00000000 x10:0x8840e000 x25=0x00000000
         531096	     26453	80006d76	340b3273	csrrc	x4,mscratch,x22	 x22:0xaae17000  x4=0x0000001e
         531116	     26454	80006d7a	005ec0b3	xor	x1,x29,x5	 x29:0x00000001  x5:0x269fbbd7  x1=0x269fbbd6
         531136	     26455	80006d7e	0001	c.addi	x0,0	  x0:0x00000000  x0=0x00000000
         531156	     26456	80006d80	340edc73	csrrwi	x24,mscratch,29	 x24=0x0000001e
         531176	     26457	80006d84	3a816393	ori	x7,x2,936	  x2:0x00000000  x7=0x000003a8
         531196	     26458	80006d88	017844b3	xor	x9,x16,x23	 x16:0x00000000 x23:0x00000000  x9=0x00000000
         531216	     26459	80006d8c	01a7c2b3	xor	x5,x15,x26	 x15:0x4f78ee22 x26:0x269fc3a0  x5=0x69e72d82
         531256	     26461	80006d90	3403eaf3	csrrsi	x21,mscratch,7	 x21=0x0000001d
         531276	     26462	80006d94	86ed	c.srai	x13,0x1b	 x13:0x00000000 x13=0x00000000
         531396	     26468	80006d96	340039f3	csrrc	x19,mscratch,x0	  x0:0x00000000 x19=0x0000001f
         531416	     26469	80006d9a	a4048893	addi	x17,x9,-1472	  x9:0x00000000 x17=0xfffffa40
         531696	     26483	80006d9e	01135833	srl	x16,x6,x17	  x6:0x80021e50 x17:0xfffffa40 x16=0x80021e50
         531716	     26484	80006da2	6121	c.addi16sp	x2,64	  x2:0x00000000  x2=0x00000040
         531736	     26485	80006da4	01421193	slli	x3,x4,0x14	  x4:0x0000001e  x3=0x01e00000
         531876	     26492	80006da8	04cd4563	blt	x26,x12,80006df2	 x26:0x269fc3a0 x12:0x00018e70
         531896	     26493	80006dac	002a8233	add	x4,x21,x2	 x21:0x0000001d  x2:0x00000040  x4=0x0000005d
         532316	     26514	80006db0	00eb55b3	srl	x11,x22,x14	 x22:0xaae17000 x14:0x00269fbb x11=0x00000015
         532336	     26515	80006db4	01e35633	srl	x12,x6,x30	  x6:0x80021e50 x30:0x161477cd x12=0x00040010
         533256	     26561	80006db8	03116433	rem	x8,x2,x17	  x2:0x00000040 x17:0xfffffa40  x8=0x00000040
         533276	     26562	80006dbc	007dccb3	xor	x25,x27,x7	 x27:0x00000001  x7:0x000003a8 x25=0x000003a9
         533296	     26563	80006dc0	340d14f3	csrrw	x9,mscratch,x26	 x26:0x269fc3a0  x9=0x0000001f
         533316	     26564	80006dc4	8f6dc793	xori	x15,x27,-1802	 x27:0x00000001 x15=0xfffff8f7
         533336	     26565	80006dc8	4163df13	srai	x30,x7,0x16	  x7:0x000003a8 x30=0x00000000
         533356	     26566	80006dcc	01b69013	slli	x0,x13,0x1b	 x13:0x00000000  x0=0x00000000
         533696	     26583	80006dd0	00abc6b3	xor	x13,x23,x10	 x23:0x00000000 x10:0x8840e000 x13=0x8840e000
         533876	     26592	80006dd4	0192a433	slt	x8,x5,x25	  x5:0x69e72d82 x25:0x000003a9  x8=0x00000000
         534316	     26614	80006dd8	0376b9b3	mulhu	x19,x13,x23	 x13:0x8840e000 x23:0x00000000 x19=0x00000000
         534436	     26620	80006ddc	9d92	c.add	x27,x4	 x27:0x00000001  x4:0x0000005d x27=0x0000005e
         534556	     26626	80006dde	1fbbbe93	sltiu	x29,x23,507	 x23:0x00000000 x29=0x00000001
         535296	     26663	80006de2	02e75c33	divu	x24,x14,x14	 x14:0x00269fbb x14:0x00269fbb x24=0x00000001
         535316	     26664	80006de6	019ec5b3	xor	x11,x29,x25	 x29:0x00000001 x25:0x000003a9 x11=0x000003a8
         535336	     26665	80006dea	01b5bf33	sltu	x30,x11,x27	 x11:0x000003a8 x27:0x0000005e x30=0x00000000
         535356	     26666	80006dee	41ce82b3	sub	x5,x29,x28	 x29:0x00000001 x28:0x269fc3a0  x5=0xd9603c61
         535376	     26667	80006df2	93c2	c.add	x7,x16	  x7:0x000003a8 x16:0x80021e50  x7=0x800221f8
         535396	     26668	80006df4	41740833	sub	x16,x8,x23	  x8:0x00000000 x23:0x00000000 x16=0x00000000
         535476	     26672	80006df8	0088c1b3	xor	x3,x17,x8	 x17:0xfffffa40  x8:0x00000000  x3=0xfffffa40
         535496	     26673	80006dfc	01dac663	blt	x21,x29,80006e08	 x21:0x0000001d x29:0x00000001
         535636	     26680	80006e00	8ac80c97	auipc	x25,0x8ac80	 x25=0x0ac86e00
         535656	     26681	80006e04	0176de63	bge	x13,x23,80006e20	 x13:0x8840e000 x23:0x00000000
         535676	     26682	80006e08	7d582813	slti	x16,x16,2005	 x16:0x00000000 x16=0x00000001
         535756	     26686	80006e0c	0ff0000f	fence	iorw,iorw	
         535996	     26698	80006e10	020ce733	rem	x14,x25,x0	 x25:0x0ac86e00  x0:0x00000000 x14=0x0ac86e00
         536156	     26706	80006e14	84392813	slti	x16,x18,-1981	 x18:0x00000780 x16=0x00000000
         536176	     26707	80006e18	9c56	c.add	x24,x21	 x24:0x00000001 x21:0x0000001d x24=0x0000001e
         536196	     26708	80006e1a	8f3d	c.xor	x14,x15	 x14:0x0ac86e00 x15:0xfffff8f7 x14=0xf53796f7
         536216	     26709	80006e1c	01f2cdb3	xor	x27,x5,x31	  x5:0xd9603c61 x31:0x80025ce4 x27=0x59626085
         536376	     26717	80006e20	00249933	sll	x18,x9,x2	  x9:0x0000001f  x2:0x00000040 x18=0x0000001f
         536736	     26735	80006e24	02215763	bge	x2,x2,80006e52	  x2:0x00000040  x2:0x00000040
         537436	     26770	80006e52	340070f3	csrrci	x1,mscratch,0	  x1=0x269fc3a0
         537456	     26771	80006e56	71df8c93	addi	x25,x31,1821	 x31:0x80025ce4 x25=0x80026401
         537476	     26772	80006e5a	012bc833	xor	x16,x23,x18	 x23:0x00000000 x18:0x0000001f x16=0x0000001f
         537496	     26773	80006e5e	8676	c.mv	x12,x29	  x0:0x00000000 x29:0x00000001 x12=0x00000001
         537896	     26793	80006e60	1b10	c.addi4spn	x12,x2,432	 x12=0x000001f0
         538316	     26814	80006e62	c9dee693	ori	x13,x29,-867	 x29:0x00000001 x13=0xfffffc9d
         538336	     26815	80006e66	0001	c.addi	x0,0	  x0:0x00000000  x0=0x00000000
         538356	     26816	80006e68	cd09	c.beqz	x10,80006e82	 x10:0x8840e000
         538376	     26817	80006e6a	86b6	c.mv	x13,x13	  x0:0x00000000 x13:0xfffffc9d x13=0xfffffc9d
         538756	     26836	80006e6c	eb0d	c.bnez	x14,80006e9e	 x14:0xf53796f7
         540576	     26927	80006e9e	03fa7733	remu	x14,x20,x31	 x20:0x00000001 x31:0x80025ce4 x14=0x00000001
         540596	     26928	80006ea2	8f91	c.sub	x15,x12	 x15:0xfffff8f7 x12:0x000001f0 x15=0xfffff707
         541336	     26965	80006ea4	02f356b3	divu	x13,x6,x15	  x6:0x80021e50 x15:0xfffff707 x13=0x00000000
         542076	     27002	80006ea8	022bc3b3	div	x7,x23,x2	 x23:0x00000000  x2:0x00000040  x7=0x00000000
         549396	     27368	80006eac	8dc5	c.or	x11,x9	 x11:0x000003a8  x9:0x0000001f x11=0x000003bf
         549416	     27369	80006eae	02208c63	beq	x1,x2,80006ee6	  x1:0x269fc3a0  x2:0x00000040
         549436	     27370	80006eb2	00622b33	slt	x22,x4,x6	  x4:0x0000005d  x6:0x80021e50 x22=0x00000000
         549456	     27371	80006eb6	939a	c.add	x7,x6	  x7:0x00000000  x6:0x80021e50  x7=0x80021e50
         549476	     27372	80006eb8	00ce0263	beq	x28,x12,80006ebc	 x28:0x269fc3a0 x12:0x000001f0
         550216	     27409	80006ebc	02cfdc33	divu	x24,x31,x12	 x31:0x80025ce4 x12:0x000001f0 x24=0x004211bc
         550236	     27410	80006ec0	01b7bd33	sltu	x26,x15,x27	 x15:0xfffff707 x27:0x59626085 x26=0x00000000
         550256	     27411	80006ec4	401b5b33	sra	x22,x22,x1	 x22:0x00000000  x1:0x269fc3a0 x22=0x00000000
         550276	     27412	80006ec8	007c5693	srli	x13,x24,0x7	 x24:0x004211bc x13=0x00008423
         550296	     27413	80006ecc	018e3db3	sltu	x27,x28,x24	 x28:0x269fc3a0 x24:0x004211bc x27=0x00000000
         550356	     27416	80006ed0	cb05	c.beqz	x14,80006f00	 x14:0x00000001
         550376	     27417	80006ed2	0035e7b3	or	x15,x11,x3	 x11:0x000003bf  x3:0xfffffa40 x15=0xfffffbff
         550556	     27426	80006ed6	3404a5f3	csrrs	x11,mscratch,x9	  x9:0x0000001f x11=0x269fc3a0
         550596	     27428	80006eda	013a0663	beq	x20,x19,80006ee6	 x20:0x00000001 x19:0x00000000
         550776	     27437	80006ede	045d1363	bne	x26,x5,80006f24	 x26:0x00000000  x5:0xd9603c61
         551296	     27463	80006f24	028799b3	mulh	x19,x15,x8	 x15:0xfffffbff  x8:0x00000000 x19=0x00000000
         551556	     27476	80006f28	8675	c.srai	x12,0x1d	 x12:0x000001f0 x12=0x00000000
         551576	     27477	80006f2a	8f59	c.or	x14,x14	 x14:0x00000001 x14:0x00000001 x14=0x00000001
         551656	     27481	80006f2c	4bfd	c.li	x23,31	 x23=0x0000001f
         551916	     27494	80006f2e	34006a73	csrrsi	x20,mscratch,0	 x20=0x269fc3bf
         551956	     27496	80006f32	02543a33	mulhu	x20,x8,x5	  x8:0x00000000  x5:0xd9603c61 x20=0x00000000
         551976	     27497	80006f36	02468f33	mul	x30,x13,x4	 x13:0x00008423  x4:0x0000005d x30=0x003000b7
         551996	     27498	80006f3a	8cd5	c.or	x9,x13	  x9:0x0000001f x13:0x00008423  x9=0x0000843f
         552376	     27517	80006f3c	01a51613	slli	x12,x10,0x1a	 x10:0x8840e000 x12=0x00000000
         552436	     27520	80006f40	8d1d	c.sub	x10,x15	 x10:0x8840e000 x15:0xfffffbff x10=0x8840e401
         552476	     27522	80006f42	340034f3	csrrc	x9,mscratch,x0	  x0:0x00000000  x9=0x269fc3bf
         553216	     27559	80006f46	03915633	divu	x12,x2,x25	  x2:0x00000040 x25:0x80026401 x12=0x00000000
         553236	     27560	80006f4a	03737463	bgeu	x6,x23,80006f72	  x6:0x80021e50 x23:0x0000001f
         554236	     27610	80006f72	02f034b3	mulhu	x9,x0,x15	  x0:0x00000000 x15:0xfffffbff  x9=0x00000000
         554256	     27611	80006f76	0120af33	slt	x30,x1,x18	  x1:0x269fc3a0 x18:0x0000001f x30=0x00000000
         554276	     27612	80006f7a	034ed563	bge	x29,x20,80006fa4	 x29:0x00000001 x20:0x00000000
         554696	     27633	80006fa4	340feb73	csrrsi	x22,mscratch,31	 x22=0x269fc3bf
         554896	     27643	80006fa8	69ad	c.lui	x19,0xb	 x19=0x0000b000
         554916	     27644	80006faa	86b9	c.srai	x13,0xe	 x13:0x00008423 x13=0x00000002
         554936	     27645	80006fac	021a	c.slli	x4,0x6	  x4:0x0000005d  x4=0x00001740
         555356	     27666	80006fae	023d6763	bltu	x26,x3,80006fdc	 x26:0x00000000  x3:0xfffffa40
         555956	     27696	80006fdc	00a05133	srl	x2,x0,x10	  x0:0x00000000 x10:0x8840e401  x2=0x00000000
         556156	     27706	80006fe0	027f98b3	mulh	x17,x31,x7	 x31:0x80025ce4  x7:0x80021e50 x17=0x3ffdc26b
         556176	     27707	80006fe4	0000100f	fence.i	
         557336	     27765	80006fe8	0000100f	fence.i	
         558596	     27828	80006fec	006fd5b3	srl	x11,x31,x6	 x31:0x80025ce4  x6:0x80021e50 x11=0x00008002
         558616	     27829	80006ff0	00c75b13	srli	x22,x14,0xc	 x14:0x00000001 x22=0x00000000
         558736	     27835	80006ff4	717d	c.addi16sp	x2,-16	  x2:0x00000000  x2=0xfffffff0
         559056	     27851	80006ff6	4113d693	srai	x13,x7,0x11	  x7:0x80021e50 x13=0xffffc001
         559316	     27864	80006ffa	01d447b3	xor	x15,x8,x29	  x8:0x00000000 x29:0x00000001 x15=0x00000001
         559336	     27865	80006ffe	01800e63	beq	x0,x24,8000701a	  x0:0x00000000 x24:0x004211bc
         560116	     27904	80007002	021f6d33	rem	x26,x30,x1	 x30:0x00000000  x1:0x269fc3a0 x26=0x00000000
         560136	     27905	80007006	a697b013	sltiu	x0,x15,-1431	 x15:0x00000001  x0=0x00000000
         560156	     27906	8000700a	01d2e9b3	or	x19,x5,x29	  x5:0xd9603c61 x29:0x00000001 x19=0xd9603c61
         560176	     27907	8000700e	3400eb73	csrrsi	x22,mscratch,1	 x22=0x269fc3bf
         560196	     27908	80007012	41670133	sub	x2,x14,x22	 x14:0x00000001 x22:0x269fc3bf  x2=0xd9603c42
         560936	     27945	80007016	03307f33	remu	x30,x0,x19	  x0:0x00000000 x19:0xd9603c61 x30=0x00000000
         560956	     27946	8000701a	8e6d	c.and	x12,x11	 x12:0x00000000 x11:0x00008002 x12=0x00000000
         560976	     27947	8000701c	08c6	c.slli	x17,0x11	 x17:0x3ffdc26b x17=0x84d60000
         560996	     27948	8000701e	85d1	c.srai	x11,0x14	 x11:0x00008002 x11=0x00000000
         561736	     27985	80007020	039bc2b3	div	x5,x23,x25	 x23:0x0000001f x25:0x80026401  x5=0x00000000
         561776	     27987	80007024	03e4ef33	rem	x30,x9,x30	  x9:0x00000000 x30:0x00000000 x30=0x00000000
         561816	     27989	80007028	02f0bab3	mulhu	x21,x1,x15	  x1:0x269fc3a0 x15:0x00000001 x21=0x00000000
         561836	     27990	8000702c	717d	c.addi16sp	x2,-16	  x2:0xd9603c42  x2=0xd9603c32
         561856	     27991	8000702e	98fd	c.andi	x9,-1	  x9:0x00000000  x9=0x00000000
         561876	     27992	80007030	00113533	sltu	x10,x2,x1	  x2:0xd9603c32  x1:0x269fc3a0 x10=0x00000000
         561896	     27993	80007034	0571c163	blt	x3,x23,80007076	  x3:0xfffffa40 x23:0x0000001f
         563096	     28053	80007076	0311deb3	divu	x29,x3,x17	  x3:0xfffffa40 x17:0x84d60000 x29=0x00000001
         563116	     28054	8000707a	41da5993	srai	x19,x20,0x1d	 x20:0x00000000 x19=0x00000000
         563136	     28055	8000707e	8fa5	c.xor	x15,x9	 x15:0x00000001  x9:0x00000000 x15=0x00000001
         563156	     28056	80007080	02308063	beq	x1,x3,800070a0	  x1:0x269fc3a0  x3:0xfffffa40
         563176	     28057	80007084	45d57a13	andi	x20,x10,1117	 x10:0x00000000 x20=0x00000000
         563196	     28058	80007088	01131193	slli	x3,x6,0x11	  x6:0x80021e50  x3=0x3ca00000
         563216	     28059	8000708c	8df1	c.and	x11,x12	 x11:0x00000000 x12:0x00000000 x11=0x00000000
         563236	     28060	8000708e	52fd	c.li	x5,-1	  x5=0xffffffff
         563376	     28067	80007090	8c81	c.sub	x9,x8	  x9:0x00000000  x8:0x00000000  x9=0x00000000
         563396	     28068	80007092	01ad	c.addi	x3,11	  x3:0x3ca00000  x3=0x3ca0000b
         563496	     28073	80007094	8495	c.srai	x9,0x5	  x9:0x00000000  x9=0x00000000
         563516	     28074	80007096	821d	c.srli	x12,0x7	 x12:0x00000000 x12=0x00000000
         563536	     28075	80007098	80b74f13	xori	x30,x14,-2037	 x14:0x00000001 x30=0xfffff80a
         564276	     28112	8000709c	025b5033	divu	x0,x22,x5	 x22:0x269fc3bf  x5:0xffffffff  x0=0x00000000
         564296	     28113	800070a0	01221863	bne	x4,x18,800070b0	  x4:0x00001740 x18:0x0000001f
         564336	     28115	800070b0	0000100f	fence.i	
         564576	     28127	800070b4	02110d33	mul	x26,x2,x1	  x2:0xd9603c32  x1:0x269fc3a0 x26=0xf90db540
         564596	     28128	800070b8	054b1063	bne	x22,x20,800070f8	 x22:0x269fc3bf x20:0x00000000
         565416	     28169	800070f8	809d	c.srli	x9,0x7	  x9:0x00000000  x9=0x00000000
         565436	     28170	800070fa	e9e43f13	sltiu	x30,x8,-354	  x8:0x00000000 x30=0x00000001
         565456	     28171	800070fe	1a0c	c.addi4spn	x11,x2,304	 x11=0xd9603d62
         565476	     28172	80007100	340078f3	csrrci	x17,mscratch,0	 x17=0x269fc3bf
         565496	     28173	80007104	0001	c.addi	x0,0	  x0:0x00000000  x0=0x00000000
         565556	     28176	80007106	02a7cbb3	div	x23,x15,x10	 x15:0x00000001 x10:0x00000000 x23=0xffffffff
         565676	     28182	8000710a	0000100f	fence.i	
         566936	     28245	8000710e	009754b3	srl	x9,x14,x9	 x14:0x00000001  x9:0x00000000  x9=0x00000001
         567356	     28266	80007112	0ff0000f	fence	iorw,iorw	
         567376	     28267	80007116	033983b3	mul	x7,x19,x19	 x19:0x00000000 x19:0x00000000  x7=0x00000000
         567396	     28268	8000711a	031f7963	bgeu	x30,x17,8000714c	 x30:0x00000001 x17:0x269fc3bf
         567416	     28269	8000711e	05a6	c.slli	x11,0x9	 x11:0xd9603d62 x11=0xc07ac400
         567536	     28275	80007120	0ff0000f	fence	iorw,iorw	
         567736	     28285	80007124	01686833	or	x16,x16,x22	 x16:0x0000001f x22:0x269fc3bf x16=0x269fc3bf
         568156	     28306	80007128	0000100f	fence.i	
         568656	     28331	8000712c	b1f9e693	ori	x13,x19,-1249	 x19:0x00000000 x13=0xfffffb1f
         568676	     28332	80007130	491d	c.li	x18,7	 x18=0x00000007
         568696	     28333	80007132	8e95	c.sub	x13,x13	 x13:0xfffffb1f x13:0xfffffb1f x13=0x00000000
         568716	     28334	80007134	004a1b93	slli	x23,x20,0x4	 x20:0x00000000 x23=0x00000000
         568816	     28339	80007138	01094b63	blt	x18,x16,8000714e	 x18:0x00000007 x16:0x269fc3bf
         568936	     28345	8000714e	82ea	c.mv	x5,x26	  x0:0x00000000 x26:0xf90db540  x5=0xf90db540
         569116	     28354	80007150	8c99	c.sub	x9,x14	  x9:0x00000001 x14:0x00000001  x9=0x00000000
         569136	     28355	80007152	8de9	c.and	x11,x10	 x11:0xc07ac400 x10:0x00000000 x11=0x00000000
         569196	     28358	80007154	e815	c.bnez	x8,80007188	  x8:0x00000000
         569216	     28359	80007156	8776	c.mv	x14,x29	  x0:0x00000000 x29:0x00000001 x14=0x00000001
         569236	     28360	80007158	8afd	c.andi	x13,31	 x13:0x00000000 x13=0x00000000
         569256	     28361	8000715a	84f2	c.mv	x9,x28	  x0:0x00000000 x28:0x269fc3a0  x9=0x269fc3a0
         569636	     28380	8000715c	8a85	c.andi	x13,1	 x13:0x00000000 x13=0x00000000
         569656	     28381	8000715e	003d5eb3	srl	x29,x26,x3	 x26:0xf90db540  x3:0x3ca0000b x29=0x001f21b6
         569676	     28382	80007162	0001	c.addi	x0,0	  x0:0x00000000  x0=0x00000000
         569696	     28383	80007164	8dc5	c.or	x11,x9	 x11:0x00000000  x9:0x269fc3a0 x11=0x269fc3a0
         569716	     28384	80007166	cf19	c.beqz	x14,80007184	 x14:0x00000001
         569736	     28385	80007168	03e6fa63	bgeu	x13,x30,8000719c	 x13:0x00000000 x30:0x00000001
         569896	     28393	8000716c	00265793	srli	x15,x12,0x2	 x12:0x00000000 x15=0x00000000
         570316	     28414	80007170	8ca5	c.xor	x9,x9	  x9:0x269fc3a0  x9:0x269fc3a0  x9=0x00000000
         570736	     28435	80007172	34007d73	csrrci	x26,mscratch,0	 x26=0x269fc3bf
         570756	     28436	80007176	01849b93	slli	x23,x9,0x18	  x9:0x00000000 x23=0x00000000
         571176	     28457	8000717a	01e31eb3	sll	x29,x6,x30	  x6:0x80021e50 x30:0x00000001 x29=0x00043ca0
         571536	     28475	8000717e	40ae5a33	sra	x20,x28,x10	 x28:0x269fc3a0 x10:0x00000000 x20=0x269fc3a0
         571556	     28476	80007182	8f19	c.sub	x14,x14	 x14:0x00000001 x14:0x00000001 x14=0x00000000
         571616	     28479	80007184	00adda93	srli	x21,x27,0xa	 x27:0x00000000 x21=0x00000000
         571736	     28485	80007188	0000100f	fence.i	
         572036	     28500	8000718c	037e4363	blt	x28,x23,800071b2	 x28:0x269fc3a0 x23:0x00000000
         572456	     28521	80007190	03a77663	bgeu	x14,x26,800071bc	 x14:0x00000000 x26:0x269fc3bf
         572876	     28542	80007194	83c5	c.srli	x15,0x11	 x15:0x00000000 x15=0x00000000
         572896	     28543	80007196	01a774b3	and	x9,x14,x26	 x14:0x00000000 x26:0x269fc3bf  x9=0x00000000
         572916	     28544	8000719a	8c2d	c.xor	x8,x11	  x8:0x00000000 x11:0x269fc3a0  x8=0x269fc3a0
         572936	     28545	8000719c	0021c433	xor	x8,x3,x2	  x3:0x3ca0000b  x2:0xd9603c32  x8=0xe5c03c39
         572956	     28546	800071a0	a51ab793	sltiu	x15,x21,-1455	 x21:0x00000000 x15=0x00000001
         572996	     28548	800071a4	033d6633	rem	x12,x26,x19	 x26:0x269fc3bf x19:0x00000000 x12=0x269fc3bf
         573016	     28549	800071a8	01c24a33	xor	x20,x4,x28	  x4:0x00001740 x28:0x269fc3a0 x20=0x269fd4e0
         573076	     28552	800071ac	1dfd	c.addi	x27,-1	 x27:0x00000000 x27=0xffffffff
         573216	     28559	800071ae	34009ef3	csrrw	x29,mscratch,x1	  x1:0x269fc3a0 x29=0x269fc3bf
         573236	     28560	800071b2	004b7ab3	and	x21,x22,x4	 x22:0x269fc3bf  x4:0x00001740 x21=0x00000300
         573256	     28561	800071b6	0001	c.addi	x0,0	  x0:0x00000000  x0=0x00000000
         573356	     28566	800071b8	00193433	sltu	x8,x18,x1	 x18:0x00000007  x1:0x269fc3a0  x8=0x00000001
         573536	     28575	800071bc	0001	c.addi	x0,0	  x0:0x00000000  x0=0x00000000
         573556	     28576	800071be	18fd	c.addi	x17,-1	 x17:0x269fc3bf x17=0x269fc3be
         573576	     28577	800071c0	0105a8b3	slt	x17,x11,x16	 x11:0x269fc3a0 x16:0x269fc3bf x17=0x00000001
         573876	     28592	800071c4	340efa73	csrrci	x20,mscratch,29	 x20=0x269fc3a0
         573916	     28594	800071c8	8ffd	c.and	x15,x15	 x15:0x00000001 x15:0x00000001 x15=0x00000001
         573936	     28595	800071ca	400608b3	sub	x17,x12,x0	 x12:0x269fc3bf  x0:0x00000000 x17=0x269fc3bf
         574116	     28604	800071ce	4098d493	srai	x9,x17,0x9	 x17:0x269fc3bf  x9=0x00134fe1
         574136	     28605	800071d2	6469	c.lui	x8,0x1a	  x8=0x0001a000
         574496	     28623	800071d4	8e09	c.sub	x12,x10	 x12:0x269fc3bf x10:0x00000000 x12=0x269fc3bf
         574516	     28624	800071d6	d6e89bb7	lui	x23,0xd6e89	 x23=0xd6e89000
         574536	     28625	800071da	0001	c.addi	x0,0	  x0:0x00000000  x0=0x00000000
         574656	     28631	800071dc	c009	c.beqz	x8,800071de	  x8:0x0001a000
         574916	     28644	800071de	340c16f3	csrrw	x13,mscratch,x24	 x24:0x004211bc x13=0x269fc3a0
         574936	     28645	800071e2	340039f3	csrrc	x19,mscratch,x0	  x0:0x00000000 x19=0x004211bc
         575356	     28666	800071e6	008ce433	or	x8,x25,x8	 x25:0x80026401  x8:0x0001a000  x8=0x8003e401
         575556	     28676	800071ea	410fd7b3	sra	x15,x31,x16	 x31:0x80025ce4 x16:0x269fc3bf x15=0xffffffff
         575576	     28677	800071ee	8cfd	c.and	x9,x15	  x9:0x00134fe1 x15:0xffffffff  x9=0x00134fe1
         575596	     28678	800071f0	011e2733	slt	x14,x28,x17	 x28:0x269fc3a0 x17:0x269fc3bf x14=0x00000001
         575976	     28697	800071f4	007c1863	bne	x24,x7,80007204	 x24:0x004211bc  x7:0x00000000
         576956	     28746	80007204	8ea9	c.xor	x13,x10	 x13:0x269fc3a0 x10:0x00000000 x13=0x269fc3a0
         576976	     28747	80007206	03488163	beq	x17,x20,80007228	 x17:0x269fc3bf x20:0x269fc3a0
         576996	     28748	8000720a	8f15	c.sub	x14,x13	 x14:0x00000001 x13:0x269fc3a0 x14=0xd9603c61
         577076	     28752	8000720c	02a46733	rem	x14,x8,x10	  x8:0x8003e401 x10:0x00000000 x14=0x8003e401
         577096	     28753	80007210	340da4f3	csrrs	x9,mscratch,x27	 x27:0xffffffff  x9=0x004211bc
         577256	     28761	80007214	1a80	c.addi4spn	x8,x2,368	  x8=0xd9603da2
         577676	     28782	80007216	34006a73	csrrsi	x20,mscratch,0	 x20=0xffffffff
         577816	     28789	8000721a	34007973	csrrci	x18,mscratch,0	 x18=0xffffffff
         577836	     28790	8000721e	8f7d	c.and	x14,x15	 x14:0x8003e401 x15:0xffffffff x14=0x8003e401
         577976	     28797	80007220	00ac0a63	beq	x24,x10,80007234	 x24:0x004211bc x10:0x00000000
         578096	     28803	80007224	002d9833	sll	x16,x27,x2	 x27:0xffffffff  x2:0xd9603c32 x16=0xfffc0000
         578176	     28807	80007228	34002173	csrrs	x2,mscratch,x0	  x0:0x00000000  x2=0xffffffff
         578376	     28817	8000722c	41cf58b3	sra	x17,x30,x28	 x30:0x00000001 x28:0x269fc3a0 x17=0x00000001
         578396	     28818	80007230	340bf0f3	csrrci	x1,mscratch,23	  x1=0xffffffff
         578416	     28819	80007234	8885	c.andi	x9,1	  x9:0x004211bc  x9=0x00000000
         578836	     28840	80007236	805f8293	addi	x5,x31,-2043	 x31:0x80025ce4  x5=0x800254e9
         579236	     28860	8000723a	00b7c1b3	xor	x3,x15,x11	 x15:0xffffffff x11:0x269fc3a0  x3=0xd9603c5f
         579256	     28861	8000723e	f86bf893	andi	x17,x23,-122	 x23:0xd6e89000 x17=0xd6e89000
         579376	     28867	80007242	033c9933	mulh	x18,x25,x19	 x25:0x80026401 x19:0x004211bc x18=0xffdef7bf
         579756	     28886	80007246	02a134b3	mulhu	x9,x2,x10	  x2:0xffffffff x10:0x00000000  x9=0x00000000
         579776	     28887	8000724a	34007973	csrrci	x18,mscratch,0	 x18=0xffffffe8
         579796	     28888	8000724e	01e1d393	srli	x7,x3,0x1e	  x3:0xd9603c5f  x7=0x00000003
         579876	     28892	80007252	01a61b93	slli	x23,x12,0x1a	 x12:0x269fc3bf x23=0xfc000000
         579936	     28895	80007256	41c1d733	sra	x14,x3,x28	  x3:0xd9603c5f x28:0x269fc3a0 x14=0xd9603c5f
         579956	     28896	8000725a	c509	c.beqz	x10,80007264	 x10:0x00000000
         585636	     29180	80007264	8d25	c.xor	x10,x9	 x10:0x00000000  x9:0x00000000 x10=0x00000000
         585656	     29181	80007266	02878b63	beq	x15,x8,8000729c	 x15:0xffffffff  x8:0xd9603da2
         585676	     29182	8000726a	0001	c.addi	x0,0	  x0:0x00000000  x0=0x00000000
         585696	     29183	8000726c	9272	c.add	x4,x28	  x4:0x00001740 x28:0x269fc3a0  x4=0x269fdae0
         585716	     29184	8000726e	0510	c.addi4spn	x12,x2,640	 x12=0x0000027f
         585736	     29185	80007270	9cb6	c.add	x25,x13	 x25:0x80026401 x13:0x269fc3a0 x25=0xa6a227a1
         585776	     29187	80007272	039829b3	mulhsu	x19,x16,x25	 x16:0xfffc0000 x25:0xa6a227a1 x19=0xfffd6577
         585876	     29192	80007276	0442d263	bge	x5,x4,800072ba	  x5:0x800254e9  x4:0x269fdae0
         585916	     29194	8000727a	4157d0b3	sra	x1,x15,x21	 x15:0xffffffff x21:0x00000300  x1=0xffffffff
         586176	     29207	8000727e	02cbf363	bgeu	x23,x12,800072a4	 x23:0xfc000000 x12:0x0000027f
         586816	     29239	800072a4	00040933	add	x18,x8,x0	  x8:0xd9603da2  x0:0x00000000 x18=0xd9603da2
         587116	     29254	800072a8	01399bb3	sll	x23,x19,x19	 x19:0xfffd6577 x19:0xfffd6577 x23=0xbb800000
         587156	     29256	800072ac	0276ff63	bgeu	x13,x7,800072ea	 x13:0x269fc3a0  x7:0x00000003
         587616	     29279	800072ea	01b200b3	add	x1,x4,x27	  x4:0x269fdae0 x27:0xffffffff  x1=0x269fdadf
         587816	     29289	800072ee	001e20b3	slt	x1,x28,x1	 x28:0x269fc3a0  x1:0x269fdadf  x1=0x00000001
         587836	     29290	800072f2	0000100f	fence.i	
         588956	     29346	800072f6	03d0b7b3	mulhu	x15,x1,x29	  x1:0x00000001 x29:0x269fc3bf x15=0x00000000
         589056	     29351	800072fa	022c4363	blt	x24,x2,80007320	 x24:0x004211bc  x2:0xffffffff
         589096	     29353	800072fe	03e1bb33	mulhu	x22,x3,x30	  x3:0xd9603c5f x30:0x00000001 x22=0x00000000
         589116	     29354	80007302	47dd	c.li	x15,23	 x15=0x00000017
         589136	     29355	80007304	6c5b0593	addi	x11,x22,1733	 x22:0x00000000 x11=0x000006c5
         589156	     29356	80007308	0117b633	sltu	x12,x15,x17	 x15:0x00000017 x17:0xd6e89000 x12=0x00000001
         589176	     29357	8000730c	9745fa93	andi	x21,x11,-1676	 x11:0x000006c5 x21=0x00000044
         589376	     29367	80007310	01900a63	beq	x0,x25,80007324	  x0:0x00000000 x25:0xa6a227a1
         589396	     29368	80007314	9d5a	c.add	x26,x22	 x26:0x269fc3bf x22:0x00000000 x26=0x269fc3bf
         589416	     29369	80007316	340262f3	csrrsi	x5,mscratch,4	  x5=0xffffffe8
         589516	     29374	8000731a	04f95363	bge	x18,x15,80007360	 x18:0xd9603da2 x15:0x00000017
         589536	     29375	8000731e	8a19	c.andi	x12,6	 x12:0x00000001 x12=0x00000000
         589716	     29384	80007320	340a5df3	csrrwi	x27,mscratch,20	 x27=0xffffffec
         589736	     29385	80007324	127d	c.addi	x4,-1	  x4:0x269fdae0  x4=0x269fdadf
         590156	     29406	80007326	01491293	slli	x5,x18,0x14	 x18:0xd9603da2  x5=0xda200000
         590176	     29407	8000732a	10d87293	andi	x5,x16,269	 x16:0xfffc0000  x5=0x00000000
         590916	     29444	8000732e	030e79b3	remu	x19,x28,x16	 x28:0x269fc3a0 x16:0xfffc0000 x19=0x269fc3a0
         590936	     29445	80007332	41025833	sra	x16,x4,x16	  x4:0x269fdadf x16:0xfffc0000 x16=0x269fdadf
         590956	     29446	80007336	00a1ed63	bltu	x3,x10,80007350	  x3:0xd9603c5f x10:0x00000000
         590996	     29448	8000733a	03f09d33	mulh	x26,x1,x31	  x1:0x00000001 x31:0x80025ce4 x26=0xffffffff
         591016	     29449	8000733e	b156cb93	xori	x23,x13,-1259	 x13:0x269fc3a0 x23=0xd96038b5
         591036	     29450	80007342	63b1	c.lui	x7,0xc	  x7=0x0000c000
         591056	     29451	80007344	c78d	c.beqz	x15,8000736e	 x15:0x00000017
         591076	     29452	80007346	c819	c.beqz	x8,8000735c	  x8:0xd9603da2
         591116	     29454	80007348	03b81433	mulh	x8,x16,x27	 x16:0x269fdadf x27:0xffffffec  x8=0xfffffffc
         591856	     29491	8000734c	031c66b3	rem	x13,x24,x17	 x24:0x004211bc x17:0xd6e89000 x13=0x004211bc
         591876	     29492	80007350	34065473	csrrwi	x8,mscratch,12	  x8=0x00000014
         591896	     29493	80007354	3401dd73	csrrwi	x26,mscratch,3	 x26=0x0000000c
         591916	     29494	80007358	01b96733	or	x14,x18,x27	 x18:0xd9603da2 x27:0xffffffec x14=0xffffffee
         591936	     29495	8000735c	01d7aa33	slt	x20,x15,x29	 x15:0x00000017 x29:0x269fc3bf x20=0x00000001
         591956	     29496	80007360	8d1d	c.sub	x10,x15	 x10:0x00000000 x15:0x00000017 x10=0xffffffe9
         592096	     29503	80007362	0045ea33	or	x20,x11,x4	 x11:0x000006c5  x4:0x269fdadf x20=0x269fdedf
         592116	     29504	80007366	6131	c.addi16sp	x2,320	  x2:0xffffffff  x2=0x0000013f
         592416	     29519	80007368	04a9	c.addi	x9,10	  x9:0x00000000  x9=0x0000000a
         592436	     29520	8000736a	006e14b3	sll	x9,x28,x6	 x28:0x269fc3a0  x6:0x80021e50  x9=0xc3a00000
         592456	     29521	8000736e	8e89	c.sub	x13,x10	 x13:0x004211bc x10:0xffffffe9 x13=0x004211d3
         592476	     29522	80007370	c685	c.beqz	x13,80007398	 x13:0x004211d3
         592496	     29523	80007372	044b5363	bge	x22,x4,800073b8	 x22:0x00000000  x4:0x269fdadf
         592536	     29525	80007376	2d1a6093	ori	x1,x20,721	 x20:0x269fdedf  x1=0x269fdedf
         592576	     29527	8000737a	026f9b33	mulh	x22,x31,x6	 x31:0x80025ce4  x6:0x80021e50 x22=0x3ffdc26b
         592596	     29528	8000737e	6469	c.lui	x8,0x1a	  x8=0x0001a000
         592716	     29534	80007380	340d3973	csrrc	x18,mscratch,x26	 x26:0x0000000c x18=0x00000003
         592736	     29535	80007384	0001	c.addi	x0,0	  x0:0x00000000  x0=0x00000000
         592756	     29536	80007386	340034f3	csrrc	x9,mscratch,x0	  x0:0x00000000  x9=0x00000003
         592776	     29537	8000738a	039fc763	blt	x31,x25,800073b8	 x31:0x80025ce4 x25:0xa6a227a1
         593076	     29552	800073b8	021fb233	mulhu	x4,x31,x1	 x31:0x80025ce4  x1:0x269fdedf  x4=0x13504ab3
         593136	     29555	800073bc	0372a733	mulhsu	x14,x5,x23	  x5:0x00000000 x23:0xd96038b5 x14=0x00000000
         593156	     29556	800073c0	3406ff73	csrrci	x30,mscratch,13	 x30=0x00000003
         593176	     29557	800073c4	0001	c.addi	x0,0	  x0:0x00000000  x0=0x00000000
         593236	     29560	800073c6	005bdc33	srl	x24,x23,x5	 x23:0xd96038b5  x5:0x00000000 x24=0xd96038b5
         593436	     29570	800073ca	3401d773	csrrwi	x14,mscratch,3	 x14=0x00000002
         593456	     29571	800073ce	045d0063	beq	x26,x5,8000740e	 x26:0x0000000c  x5:0x00000000
         593476	     29572	800073d2	0646	c.slli	x12,0x11	 x12:0x00000000 x12=0x00000000
         593536	     29575	800073d4	340035f3	csrrc	x11,mscratch,x0	  x0:0x00000000 x11=0x00000003
         593956	     29596	800073d8	3a7be613	ori	x12,x23,935	 x23:0xd96038b5 x12=0xd9603bb7
         593976	     29597	800073dc	8985	c.andi	x11,1	 x11:0x00000003 x11=0x00000001
         594376	     29617	800073de	0174ea33	or	x20,x9,x23	  x9:0x00000003 x23:0xd96038b5 x20=0xd96038b7
         594396	     29618	800073e2	34002c73	csrrs	x24,mscratch,x0	  x0:0x00000000 x24=0x00000003
         594416	     29619	800073e6	02141463	bne	x8,x1,8000740e	  x8:0x0001a000  x1:0x269fdedf
         594916	     29644	8000740e	9563ad13	slti	x26,x7,-1706	  x7:0x0000c000 x26=0x00000000
         595196	     29658	80007412	00a449b3	xor	x19,x8,x10	  x8:0x0001a000 x10:0xffffffe9 x19=0xfffe5fe9
         595336	     29665	80007416	0000100f	fence.i	
         595996	     29698	8000741a	0f6a	c.slli	x30,0x1a	 x30:0x00000003 x30=0x0c000000
         596256	     29711	8000741c	8e89	c.sub	x13,x10	 x13:0x004211d3 x10:0xffffffe9 x13=0x004211ea
         596296	     29713	8000741e	028e25b3	mulhsu	x11,x28,x8	 x28:0x269fc3a0  x8:0x0001a000 x11=0x00003ec3
         596316	     29714	80007422	b325f393	andi	x7,x11,-1230	 x11:0x00003ec3  x7=0x00003a02
         596336	     29715	80007426	8d4d	c.or	x10,x11	 x10:0xffffffe9 x11:0x00003ec3 x10=0xffffffeb
         596356	     29716	80007428	016c6c63	bltu	x24,x22,80007440	 x24:0x00000003 x22:0x3ffdc26b
         596656	     29731	80007440	01ec5ab3	srl	x21,x24,x30	 x24:0x00000003 x30:0x0c000000 x21=0x00000003
         596796	     29738	80007444	01f6bab3	sltu	x21,x13,x31	 x13:0x004211ea x31:0x80025ce4 x21=0x00000001
         596856	     29741	80007448	8ec9	c.or	x13,x10	 x13:0x004211ea x10:0xffffffeb x13=0xffffffeb
         596876	     29742	8000744a	03d6	c.slli	x7,0x15	  x7:0x00003a02  x7=0x40400000
         596896	     29743	8000744c	8fa9	c.xor	x15,x10	 x15:0x00000017 x10:0xffffffeb x15=0xfffffffc
         596976	     29747	8000744e	340d1073	csrrw	x0,mscratch,x26	 x26:0x00000000  x0=0x00000000
         596996	     29748	80007452	cd15	c.beqz	x10,8000748e	 x10:0xffffffeb
         597016	     29749	80007454	04261163	bne	x12,x2,80007496	 x12:0xd9603bb7  x2:0x0000013f
         597156	     29756	80007496	27cdf913	andi	x18,x27,636	 x27:0xffffffec x18=0x0000026c
         597176	     29757	8000749a	1188	c.addi4spn	x10,x2,224	 x10=0x0000021f
         597576	     29777	8000749c	34007173	csrrci	x2,mscratch,0	  x2=0x00000000
         597596	     29778	800074a0	b2845797	auipc	x15,0xb2845	 x15=0x3284c4a0
         597616	     29779	800074a4	34003473	csrrc	x8,mscratch,x0	  x0:0x00000000  x8=0x00000000
         597656	     29781	800074a8	03272933	mulhsu	x18,x14,x18	 x14:0x00000002 x18:0x0000026c x18=0x00000000
         597676	     29782	800074ac	1d08	c.addi4spn	x10,x2,688	 x10=0x000002b0
         597816	     29789	800074ae	c632a613	slti	x12,x5,-925	  x5:0x00000000 x12=0x00000000
         598256	     29811	800074b2	02c340b3	div	x1,x6,x12	  x6:0x80021e50 x12:0x00000000  x1=0xffffffff
         598276	     29812	800074b6	8b3e	c.mv	x22,x15	  x0:0x00000000 x15:0x3284c4a0 x22=0x3284c4a0
         598376	     29817	800074b8	03296533	rem	x10,x18,x18	 x18:0x00000000 x18:0x00000000 x10=0x00000000
         598396	     29818	800074bc	01c69bb3	sll	x23,x13,x28	 x13:0xffffffeb x28:0x269fc3a0 x23=0xffffffeb
         599296	     29863	800074c0	03716bb3	rem	x23,x2,x23	  x2:0x00000000 x23:0xffffffeb x23=0x00000000
         599316	     29864	800074c4	8ace	c.mv	x21,x19	  x0:0x00000000 x19:0xfffe5fe9 x21=0xfffe5fe9
         599356	     29866	800074c6	0318abb3	mulhsu	x23,x17,x17	 x17:0xd6e89000 x17:0xd6e89000 x23=0xdd811405
         599376	     29867	800074ca	03fb5663	bge	x22,x31,800074f6	 x22:0x3284c4a0 x31:0x80025ce4
         599636	     29880	800074f6	02222db3	mulhsu	x27,x4,x2	  x4:0x13504ab3  x2:0x00000000 x27=0x00000000
         599656	     29881	800074fa	4196d413	srai	x8,x13,0x19	 x13:0xffffffeb  x8=0xffffffff
         599676	     29882	800074fe	8d9d	c.sub	x11,x15	 x11:0x00003ec3 x15:0x3284c4a0 x11=0xcd7b7a23
         599996	     29898	80007500	286e8413	addi	x8,x29,646	 x29:0x269fc3bf  x8=0x269fc645
         600016	     29899	80007504	418f09b3	sub	x19,x30,x24	 x30:0x0c000000 x24:0x00000003 x19=0x0bfffffd
         600816	     29939	80007508	02be6833	rem	x16,x28,x11	 x28:0x269fc3a0 x11:0xcd7b7a23 x16=0x269fc3a0
         600836	     29940	8000750c	017a0f33	add	x30,x20,x23	 x20:0xd96038b7 x23:0xdd811405 x30=0xb6e14cbc
         600856	     29941	80007510	ca91	c.beqz	x13,80007524	 x13:0xffffffeb
         600876	     29942	80007512	6f31	c.lui	x30,0xc	 x30=0x0000c000
         600896	     29943	80007514	01efb633	sltu	x12,x31,x30	 x31:0x80025ce4 x30:0x0000c000 x12=0x00000000
         600916	     29944	80007518	40e98f33	sub	x30,x19,x14	 x19:0x0bfffffd x14:0x00000002 x30=0x0bfffffb
         600936	     29945	8000751c	7ea90413	addi	x8,x18,2026	 x18:0x00000000  x8=0x000007ea
         600956	     29946	80007520	425de793	ori	x15,x27,1061	 x27:0x00000000 x15=0x00000425
         601416	     29969	80007524	98fd	c.andi	x9,-1	  x9:0x00000003  x9=0x00000003
         601436	     29970	80007526	9a7f6393	ori	x7,x30,-1625	 x30:0x0bfffffb  x7=0xffffffff
         601456	     29971	8000752a	017d7c33	and	x24,x26,x23	 x26:0x00000000 x23:0xdd811405 x24=0x00000000
         602296	     30013	8000752e	03c05033	divu	x0,x0,x28	  x0:0x00000000 x28:0x269fc3a0  x0=0x00000000
         602336	     30015	80007532	020f9133	mulh	x2,x31,x0	 x31:0x80025ce4  x0:0x00000000  x2=0x00000000
         602356	     30016	80007536	8f8d	c.sub	x15,x11	 x15:0x00000425 x11:0xcd7b7a23 x15=0x32848a02
         602396	     30018	80007538	03771133	mulh	x2,x14,x23	 x14:0x00000002 x23:0xdd811405  x2=0xffffffff
         602416	     30019	8000753c	8f71	c.and	x14,x12	 x14:0x00000002 x12:0x00000000 x14=0x00000000
         602436	     30020	8000753e	015b5d33	srl	x26,x22,x21	 x22:0x3284c4a0 x21:0xfffe5fe9 x26=0x00194262
         602456	     30021	80007542	025d7963	bgeu	x26,x5,80007574	 x26:0x00194262  x5:0x00000000
         603056	     30051	80007574	01de	c.slli	x3,0x17	  x3:0xd9603c5f  x3=0x2f800000
         603276	     30062	80007576	bf189db7	lui	x27,0xbf189	 x27=0xbf189000
         603356	     30066	8000757a	0000100f	fence.i	
         603876	     30092	8000757e	0001	c.addi	x0,0	  x0:0x00000000  x0=0x00000000
         603896	     30093	80007580	8dc5	c.or	x11,x9	 x11:0xcd7b7a23  x9:0x00000003 x11=0xcd7b7a23
         604216	     30109	80007582	34007273	csrrci	x4,mscratch,0	  x4=0x00000000
         604236	     30110	80007586	82be	c.mv	x5,x15	  x0:0x00000000 x15:0x32848a02  x5=0x32848a02
         604976	     30147	80007588	0316cd33	div	x26,x13,x17	 x13:0xffffffeb x17:0xd6e89000 x26=0x00000000
         604996	     30148	8000758c	8115	c.srli	x10,0x5	 x10:0x00000000 x10=0x00000000
         605756	     30186	8000758e	030c7133	remu	x2,x24,x16	 x24:0x00000000 x16:0x269fc3a0  x2=0x00000000
         605776	     30187	80007592	717d	c.addi16sp	x2,-16	  x2:0x00000000  x2=0xfffffff0
         605816	     30189	80007594	0383d633	divu	x12,x7,x24	  x7:0xffffffff x24:0x00000000 x12=0xffffffff
         605836	     30190	80007598	03a57363	bgeu	x10,x26,800075be	 x10:0x00000000 x26:0x00000000
         606736	     30235	800075be	0221e463	bltu	x3,x2,800075e6	  x3:0x2f800000  x2:0xfffffff0
         607456	     30271	800075e6	0001	c.addi	x0,0	  x0:0x00000000  x0=0x00000000
         607876	     30292	800075e8	019dd9b3	srl	x19,x27,x25	 x27:0xbf189000 x25:0xa6a227a1 x19=0x5f8c4800
         608296	     30313	800075ec	89bd	c.andi	x11,15	 x11:0xcd7b7a23 x11=0x00000003
         608316	     30314	800075ee	03550933	mul	x18,x10,x21	 x10:0x00000000 x21:0xfffe5fe9 x18=0x00000000
         608336	     30315	800075f2	8c55	c.or	x8,x13	  x8:0x000007ea x13:0xffffffeb  x8=0xffffffeb
         608396	     30318	800075f4	046c9463	bne	x25,x6,8000763c	 x25:0xa6a227a1  x6:0x80021e50
         608956	     30346	8000763c	01682eb3	slt	x29,x16,x22	 x16:0x269fc3a0 x22:0x3284c4a0 x29=0x00000001
         609356	     30366	80007640	8511	c.srai	x10,0x4	 x10:0x00000000 x10=0x00000000
         609376	     30367	80007642	34006bf3	csrrsi	x23,mscratch,0	 x23=0x00000000
         609396	     30368	80007646	109011b7	lui	x3,0x10901	  x3=0x10901000
         609576	     30377	8000764a	0022eab3	or	x21,x5,x2	  x5:0x32848a02  x2:0xfffffff0 x21=0xfffffff2
         609776	     30387	8000764e	01d81093	slli	x1,x16,0x1d	 x16:0x269fc3a0  x1=0x00000000
         609936	     30395	80007652	00ccff33	and	x30,x25,x12	 x25:0xa6a227a1 x12:0xffffffff x30=0xa6a227a1
         610036	     30400	80007656	34002273	csrrs	x4,mscratch,x0	  x0:0x00000000  x4=0x00000000
         610056	     30401	8000765a	340cd173	csrrwi	x2,mscratch,25	  x2=0x00000000
         610096	     30403	8000765e	020bb5b3	mulhu	x11,x23,x0	 x23:0x00000000  x0:0x00000000 x11=0x00000000
         610116	     30404	80007662	bdcaab13	slti	x22,x21,-1060	 x21:0xfffffff2 x22=0x00000000
         610156	     30406	80007666	02bd4cb3	div	x25,x26,x11	 x26:0x00000000 x11:0x00000000 x25=0xffffffff
         610176	     30407	8000766a	0001	c.addi	x0,0	  x0:0x00000000  x0=0x00000000
         610576	     30427	8000766c	03e92233	mulhsu	x4,x18,x30	 x18:0x00000000 x30:0xa6a227a1  x4=0x00000000
         610596	     30428	80007670	01a944b3	xor	x9,x18,x26	 x18:0x00000000 x26:0x00000000  x9=0x00000000
         610616	     30429	80007674	0139c2b3	xor	x5,x19,x19	 x19:0x5f8c4800 x19:0x5f8c4800  x5=0x00000000
         610656	     30431	80007678	0655	c.addi	x12,21	 x12:0xffffffff x12=0x00000014
         611076	     30452	8000767a	002d8cb3	add	x25,x27,x2	 x27:0xbf189000  x2:0x00000000 x25=0xbf189000
         611116	     30454	8000767e	0ff0000f	fence	iorw,iorw	
         611536	     30475	80007682	34077f73	csrrci	x30,mscratch,14	 x30=0x00000019
         611656	     30481	80007686	02151733	mulh	x14,x10,x1	 x10:0x00000000  x1:0x00000000 x14=0x00000000
         611696	     30483	8000768a	02526833	rem	x16,x4,x5	  x4:0x00000000  x5:0x00000000 x16=0x00000000
         611716	     30484	8000768e	096a	c.slli	x18,0x1a	 x18:0x00000000 x18=0x00000000
         611816	     30489	80007690	8fc5	c.or	x15,x9	 x15:0x32848a02  x9:0x00000000 x15=0x32848a02
         612056	     30501	80007692	014e0533	add	x10,x28,x20	 x28:0x269fc3a0 x20:0xd96038b7 x10=0xfffffc57
         612076	     30502	80007696	40acd533	sra	x10,x25,x10	 x25:0xbf189000 x10:0xfffffc57 x10=0xffffff7e
         612096	     30503	8000769a	00a962b3	or	x5,x18,x10	 x18:0x00000000 x10:0xffffff7e  x5=0xffffff7e
         612116	     30504	8000769e	6999	c.lui	x19,0x6	 x19=0x00006000
         612136	     30505	800076a0	9e8bbc93	sltiu	x25,x23,-1560	 x23:0x00000000 x25=0x00000001
         612156	     30506	800076a4	496d	c.li	x18,27	 x18=0x0000001b
         612376	     30517	800076a6	726529b7	lui	x19,0x72652	 x19=0x72652000
         612396	     30518	800076aa	69ed	c.lui	x19,0x1b	 x19=0x0001b000
         612456	     30521	800076ac	ba906a13	ori	x20,x0,-1111	  x0:0x00000000 x20=0xfffffba9
         612476	     30522	800076b0	3409e773	csrrsi	x14,mscratch,19	 x14=0x00000011
         612656	     30531	800076b4	02d78763	beq	x15,x13,800076e2	 x15:0x32848a02 x13:0xffffffeb
         612696	     30533	800076b8	01f88133	add	x2,x17,x31	 x17:0xd6e89000 x31:0x80025ce4  x2=0x56eaece4
         612716	     30534	800076bc	a611dc17	auipc	x24,0xa611d	 x24=0x261246bc
         612736	     30535	800076c0	34065a73	csrrwi	x20,mscratch,12	 x20=0x00000013
         612776	     30537	800076c4	0001	c.addi	x0,0	  x0:0x00000000  x0=0x00000000
         613096	     30553	800076c6	033ce663	bltu	x25,x19,800076f2	 x25:0x00000001 x19:0x0001b000
         613396	     30568	800076f2	8f91	c.sub	x15,x12	 x15:0x32848a02 x12:0x00000014 x15=0x328489ee
         613416	     30569	800076f4	00b29663	bne	x5,x11,80007700	  x5:0xffffff7e x11:0x00000000
         613956	     30596	80007700	34003973	csrrc	x18,mscratch,x0	  x0:0x00000000 x18=0x0000000c
         614056	     30601	80007704	0001	c.addi	x0,0	  x0:0x00000000  x0=0x00000000
         614236	     30610	80007706	020622b3	mulhsu	x5,x12,x0	 x12:0x00000014  x0:0x00000000  x5=0x00000000
         614256	     30611	8000770a	03ba	c.slli	x7,0xe	  x7:0xffffffff  x7=0xffffc000
         614276	     30612	8000770c	01de4263	blt	x28,x29,80007710	 x28:0x269fc3a0 x29:0x00000001
         614296	     30613	80007710	00ec5f33	srl	x30,x24,x14	 x24:0x261246bc x14:0x00000011 x30=0x00001309
         614556	     30626	80007714	02d48c63	beq	x9,x13,8000774c	  x9:0x00000000 x13:0xffffffeb
         614576	     30627	80007718	004930b3	sltu	x1,x18,x4	 x18:0x0000000c  x4:0x00000000  x1=0x00000000
         614596	     30628	8000771c	03388233	mul	x4,x17,x19	 x17:0xd6e89000 x19:0x0001b000  x4=0x73000000
         614776	     30637	80007720	0189d113	srli	x2,x19,0x18	 x19:0x0001b000  x2=0x00000000
         614796	     30638	80007724	0000100f	fence.i	
         631656	     31481	80007728	02b9c933	div	x18,x19,x11	 x19:0x0001b000 x11:0x00000000 x18=0xffffffff
         631676	     31482	8000772c	02560133	mul	x2,x12,x5	 x12:0x00000014  x5:0x00000000  x2=0x00000000
         631696	     31483	80007730	0ff0000f	fence	iorw,iorw	
         631736	     31485	80007734	02f730b3	mulhu	x1,x14,x15	 x14:0x00000011 x15:0x328489ee  x1=0x00000003
         631756	     31486	80007738	8255	c.srli	x12,0x15	 x12:0x00000014 x12=0x00000000
         631776	     31487	8000773a	0db4a493	slti	x9,x9,219	  x9:0x00000000  x9=0x00000001
         631796	     31488	8000773e	0001	c.addi	x0,0	  x0:0x00000000  x0=0x00000000
         631996	     31498	80007740	340f77f3	csrrci	x15,mscratch,30	 x15=0x0000000c
         632016	     31499	80007744	02486f63	bltu	x16,x4,80007782	 x16:0x00000000  x4:0x73000000
         632776	     31537	80007782	d41e9217	auipc	x4,0xd41e9	  x4=0x541f0782
         632796	     31538	80007786	4ac849b7	lui	x19,0x4ac84	 x19=0x4ac84000
         632896	     31543	8000778a	8b4e4c13	xori	x24,x28,-1868	 x28:0x269fc3a0 x24=0xd9603b14
         633296	     31563	8000778e	0f43c513	xori	x10,x7,244	  x7:0xffffc000 x10=0xffffc0f4
         633316	     31564	80007792	8759	c.srai	x14,0x16	 x14:0x00000011 x14=0x00000000
         633336	     31565	80007794	9a9b6537	lui	x10,0x9a9b6	 x10=0x9a9b6000
         633736	     31585	80007798	0ff0000f	fence	iorw,iorw	
         633756	     31586	8000779c	0ef5	c.addi	x29,29	 x29:0x00000001 x29=0x0000001e
         633996	     31598	8000779e	029a88b3	mul	x17,x21,x9	 x21:0xfffffff2  x9:0x00000001 x17=0xfffffff2
         634016	     31599	800077a2	6165	c.addi16sp	x2,112	  x2:0x00000000  x2=0x00000070
         634036	     31600	800077a4	00afd833	srl	x16,x31,x10	 x31:0x80025ce4 x10:0x9a9b6000 x16=0x80025ce4
         634056	     31601	800077a8	0027c563	blt	x15,x2,800077b2	 x15:0x0000000c  x2:0x00000070
         634476	     31622	800077b2	00985933	srl	x18,x16,x9	 x16:0x80025ce4  x9:0x00000001 x18=0x40012e72
         634896	     31643	800077b6	41295b93	srai	x23,x18,0x12	 x18:0x40012e72 x23=0x00001000
         634916	     31644	800077ba	0ff0000f	fence	iorw,iorw	
         635036	     31650	800077be	00c45b63	bge	x8,x12,800077d4	  x8:0xffffffeb x12:0x00000000
         635236	     31660	800077c2	8abfa113	slti	x2,x31,-1877	 x31:0x80025ce4  x2=0x00000001
         635256	     31661	800077c6	017b4b63	blt	x22,x23,800077dc	 x22:0x00000000 x23:0x00001000
         635336	     31665	800077dc	340023f3	csrrs	x7,mscratch,x0	  x0:0x00000000  x7=0x00000000
         635416	     31669	800077e0	41555833	sra	x16,x10,x21	 x10:0x9a9b6000 x21:0xfffffff2 x16=0xffffe6a6
         635576	     31677	800077e4	0b5e	c.slli	x22,0x17	 x22:0x00000000 x22=0x00000000
         635836	     31690	800077e6	030932b3	mulhu	x5,x18,x16	 x18:0x40012e72 x16:0xffffe6a6  x5=0x4001281b
         635956	     31696	800077ea	03723b33	mulhu	x22,x4,x23	  x4:0x541f0782 x23:0x00001000 x22=0x00000541
         635976	     31697	800077ee	016b2833	slt	x16,x22,x22	 x22:0x00000541 x22:0x00000541 x16=0x00000000
         635996	     31698	800077f2	01b20933	add	x18,x4,x27	  x4:0x541f0782 x27:0xbf189000 x18=0x13379782
         636136	     31705	800077f6	340078f3	csrrci	x17,mscratch,0	 x17=0x00000000
         636176	     31707	800077fa	034a6663	bltu	x20,x20,80007826	 x20:0x00000013 x20:0x00000013
         636216	     31709	800077fe	03c414b3	mulh	x9,x8,x28	  x8:0xffffffeb x28:0x269fc3a0  x9=0xfffffffc
         636456	     31721	80007802	af052393	slti	x7,x10,-1296	 x10:0x9a9b6000  x7=0x00000001
         636476	     31722	80007806	01f33233	sltu	x4,x6,x31	  x6:0x80021e50 x31:0x80025ce4  x4=0x00000001
         636496	     31723	8000780a	e19d	c.bnez	x11,80007830	 x11:0x00000000
         637236	     31760	8000780c	02d97bb3	remu	x23,x18,x13	 x18:0x13379782 x13:0xffffffeb x23=0x13379782
         637256	     31761	80007810	00a413b3	sll	x7,x8,x10	  x8:0xffffffeb x10:0x9a9b6000  x7=0xffffffeb
         637276	     31762	80007814	02a25163	bge	x4,x10,80007836	  x4:0x00000001 x10:0x9a9b6000
         637576	     31777	80007836	010ca233	slt	x4,x25,x16	 x25:0x00000001 x16:0x00000000  x4=0x00000000
         637596	     31778	8000783a	0efe	c.slli	x29,0x1f	 x29:0x0000001e x29=0x00000000
         637716	     31784	8000783c	d428e637	lui	x12,0xd428e	 x12=0xd428e000
         637736	     31785	80007840	0001	c.addi	x0,0	  x0:0x00000000  x0=0x00000000
         638016	     31799	80007842	03ee12b3	mulh	x5,x28,x30	 x28:0x269fc3a0 x30:0x00001309  x5=0x000002df
         638036	     31800	80007846	8f4d	c.or	x14,x11	 x14:0x00000000 x11:0x00000000 x14=0x00000000
         638056	     31801	80007848	065a	c.slli	x12,0x16	 x12:0xd428e000 x12=0x00000000
         638076	     31802	8000784a	03bb0863	beq	x22,x27,8000787a	 x22:0x00000541 x27:0xbf189000
         638476	     31822	8000784e	340b9673	csrrw	x12,mscratch,x23	 x23:0x13379782 x12=0x00000000
         638496	     31823	80007852	e991	c.bnez	x11,80007866	 x11:0x00000000
         638816	     31839	80007854	080e	c.slli	x16,0x3	 x16:0x00000000 x16=0x00000000
         638836	     31840	80007856	34062873	csrrs	x16,mscratch,x12	 x12:0x00000000 x16=0x13379782
         638856	     31841	8000785a	e0c39917	auipc	x18,0xe0c39	 x18=0x60c4085a
         638876	     31842	8000785e	72293db7	lui	x27,0x72293	 x27=0x72293000
         639296	     31863	80007862	01820f33	add	x30,x4,x24	  x4:0x00000000 x24:0xd9603b14 x30=0xd9603b14
         639716	     31884	80007866	0000100f	fence.i	
         640376	     31917	8000786a	005d2a33	slt	x20,x26,x5	 x26:0x00000000  x5:0x000002df x20=0x00000001
         640416	     31919	8000786e	027ba4b3	mulhsu	x9,x23,x7	 x23:0x13379782  x7:0xffffffeb  x9=0x13379780
         640816	     31939	80007872	41485893	srai	x17,x16,0x14	 x16:0x13379782 x17=0x00000133
         641556	     31976	80007876	03286233	rem	x4,x16,x18	 x16:0x13379782 x18:0x60c4085a  x4=0x13379782
         641576	     31977	8000787a	340e90f3	csrrw	x1,mscratch,x29	 x29:0x00000000  x1=0x13379782
         641596	     31978	8000787e	0001	c.addi	x0,0	  x0:0x00000000  x0=0x00000000
         641616	     31979	80007880	5b4cc513	xori	x10,x25,1460	 x25:0x00000001 x10=0x000005b5
         641636	     31980	80007884	340322f3	csrrs	x5,mscratch,x6	  x6:0x80021e50  x5=0x00000000
         641656	     31981	80007888	016e76b3	and	x13,x28,x22	 x28:0x269fc3a0 x22:0x00000541 x13=0x00000100
         641676	     31982	8000788c	805d	c.srli	x8,0x17	  x8:0xffffffeb  x8=0x000001ff
         641716	     31984	8000788e	02e836b3	mulhu	x13,x16,x14	 x16:0x13379782 x14:0x00000000 x13=0x00000000
         641736	     31985	80007892	ac090db7	lui	x27,0xac090	 x27=0xac090000
         641756	     31986	80007896	34003673	csrrc	x12,mscratch,x0	  x0:0x00000000 x12=0x80021e50
         641776	     31987	8000789a	f4468c13	addi	x24,x13,-188	 x13:0x00000000 x24=0xffffff44
         641796	     31988	8000789e	0aaa	c.slli	x21,0xa	 x21:0xfffffff2 x21=0xffffc800
         642196	     32008	800078a0	85d1e213	ori	x4,x3,-1955	  x3:0x10901000  x4=0xfffff85d
         642216	     32009	800078a4	717d	c.addi16sp	x2,-16	  x2:0x00000001  x2=0xfffffff1
         642236	     32010	800078a6	340de4f3	csrrsi	x9,mscratch,27	  x9=0x80021e50
         643376	     32067	800078aa	032ccd33	div	x26,x25,x18	 x25:0x00000001 x18:0x60c4085a x26=0x00000000
         643396	     32068	800078ae	016d0133	add	x2,x26,x22	 x26:0x00000000 x22:0x00000541  x2=0x00000541
         644136	     32105	800078b2	031e7ab3	remu	x21,x28,x17	 x28:0x269fc3a0 x17:0x00000133 x21=0x0000010f
         644876	     32142	800078b6	03b4f7b3	remu	x15,x9,x27	  x9:0x80021e50 x27:0xac090000 x15=0x80021e50
         644896	     32143	800078ba	01a74b63	blt	x14,x26,800078d0	 x14:0x00000000 x26:0x00000000
         644916	     32144	800078be	547d	c.li	x8,-1	  x8=0xffffffff
         644936	     32145	800078c0	8319	c.srli	x14,0x6	 x14:0x00000000 x14=0x00000000
         644956	     32146	800078c2	0001	c.addi	x0,0	  x0:0x00000000  x0=0x00000000
         644976	     32147	800078c4	8625	c.srai	x12,0x9	 x12:0x80021e50 x12=0xffc0010f
         644996	     32148	800078c6	34081a73	csrrw	x20,mscratch,x16	 x16:0x13379782 x20=0x80021e5b
         645016	     32149	800078ca	0aca	c.slli	x21,0x12	 x21:0x0000010f x21=0x043c0000
         645036	     32150	800078cc	9b4e	c.add	x22,x19	 x22:0x00000541 x19:0x4ac84000 x22=0x4ac84541
         645056	     32151	800078ce	8675	c.srai	x12,0x1d	 x12:0xffc0010f x12=0xffffffff
         645076	     32152	800078d0	0488f363	bgeu	x17,x8,80007916	 x17:0x00000133  x8:0xffffffff
         645096	     32153	800078d4	340025f3	csrrs	x11,mscratch,x0	  x0:0x00000000 x11=0x13379782
         645276	     32162	800078d8	fb96e993	ori	x19,x13,-71	 x13:0x00000000 x19=0xffffffb9
         645296	     32163	800078dc	340a99f3	csrrw	x19,mscratch,x21	 x21:0x043c0000 x19=0x13379782
         645716	     32184	800078e0	00adfb33	and	x22,x27,x10	 x27:0xac090000 x10:0x000005b5 x22=0x00000000
         645756	     32186	800078e4	0000100f	fence.i	
         646176	     32207	800078e8	02a4c963	blt	x9,x10,8000791a	  x9:0x80021e50 x10:0x000005b5
         646756	     32236	8000791a	03b5f563	bgeu	x11,x27,80007944	 x11:0x13379782 x27:0xac090000
         646776	     32237	8000791e	892a	c.mv	x18,x10	  x0:0x00000000 x10:0x000005b5 x18=0x000005b5
         646956	     32246	80007920	40e701b3	sub	x3,x14,x14	 x14:0x00000000 x14:0x00000000  x3=0x00000000
         646976	     32247	80007924	02e3ef63	bltu	x7,x14,80007962	  x7:0xffffffeb x14:0x00000000
         647096	     32253	80007928	08164813	xori	x16,x12,129	 x12:0xffffffff x16=0xffffff7e
         647116	     32254	8000792c	007520b3	slt	x1,x10,x7	 x10:0x000005b5  x7:0xffffffeb  x1=0x00000000
         647856	     32291	80007930	0310d2b3	divu	x5,x1,x17	  x1:0x00000000 x17:0x00000133  x5=0x00000000
         647876	     32292	80007934	00def033	and	x0,x29,x13	 x29:0x00000000 x13:0x00000000  x0=0x00000000
         647896	     32293	80007938	407e5c93	srai	x25,x28,0x7	 x28:0x269fc3a0 x25=0x004d3f87
         647996	     32298	8000793c	340ed473	csrrwi	x8,mscratch,29	  x8=0x043c0000
         648076	     32302	80007940	e781	c.bnez	x15,80007948	 x15:0x80021e50
         648396	     32318	80007948	00f3f2b3	and	x5,x7,x15	  x7:0xffffffeb x15:0x80021e50  x5=0x80021e40
         648416	     32319	8000794c	6d39	c.lui	x26,0xe	 x26=0x0000e000
         648436	     32320	8000794e	e115	c.bnez	x10,80007972	 x10:0x000005b5
         649076	     32352	80007972	045a8463	beq	x21,x5,800079ba	 x21:0x043c0000  x5:0x80021e40
         649476	     32372	80007976	635ce693	ori	x13,x25,1589	 x25:0x004d3f87 x13=0x004d3fb7
         649496	     32373	8000797a	00cfd263	bge	x31,x12,8000797e	 x31:0x80025ce4 x12:0xffffffff
         649516	     32374	8000797e	05b9f663	bgeu	x19,x27,800079ca	 x19:0x13379782 x27:0xac090000
         649776	     32387	80007982	00daba33	sltu	x20,x21,x13	 x21:0x043c0000 x13:0x004d3fb7 x20=0x00000000
         649796	     32388	80007986	aede2d13	slti	x26,x28,-1299	 x28:0x269fc3a0 x26=0x00000000
         649816	     32389	8000798a	34002cf3	csrrs	x25,mscratch,x0	  x0:0x00000000 x25=0x0000001d
         649836	     32390	8000798e	41095f13	srai	x30,x18,0x10	 x18:0x000005b5 x30=0x00000000
         649856	     32391	80007992	01dbd593	srli	x11,x23,0x1d	 x23:0x13379782 x11=0x00000000
         650216	     32409	80007996	03921463	bne	x4,x25,800079be	  x4:0xfffff85d x25:0x0000001d
         650996	     32448	800079be	03971633	mulh	x12,x14,x25	 x14:0x00000000 x25:0x0000001d x12=0x00000000
         651016	     32449	800079c2	023a5763	bge	x20,x3,800079f0	 x20:0x00000000  x3:0x00000000
         651336	     32465	800079f0	8be6	c.mv	x23,x25	  x0:0x00000000 x25:0x0000001d x23=0x0000001d
         651556	     32476	800079f2	00094633	xor	x12,x18,x0	 x18:0x000005b5  x0:0x00000000 x12=0x000005b5
         651616	     32479	800079f6	0385c463	blt	x11,x24,80007a1e	 x11:0x00000000 x24:0xffffff44
         651816	     32489	800079fa	00f2c6b3	xor	x13,x5,x15	  x5:0x80021e40 x15:0x80021e50 x13=0x00000010
         651836	     32490	800079fe	8dc5	c.or	x11,x9	 x11:0x00000000  x9:0x80021e50 x11=0x80021e50
         651856	     32491	80007a00	01ba2633	slt	x12,x20,x27	 x20:0x00000000 x27:0xac090000 x12=0x00000000
         651876	     32492	80007a04	db3bca93	xori	x21,x23,-589	 x23:0x0000001d x21=0xfffffdae
         651896	     32493	80007a08	8d11	c.sub	x10,x12	 x10:0x000005b5 x12:0x00000000 x10=0x000005b5
         651916	     32494	80007a0a	8df9	c.and	x11,x14	 x11:0x80021e50 x14:0x00000000 x11=0x00000000
         651936	     32495	80007a0c	036ec163	blt	x29,x22,80007a2e	 x29:0x00000000 x22:0x00000000
         651956	     32496	80007a10	8c55	c.or	x8,x13	  x8:0x043c0000 x13:0x00000010  x8=0x043c0010
         651976	     32497	80007a12	3f2d3493	sltiu	x9,x26,1010	 x26:0x00000000  x9=0x00000001
         652176	     32507	80007a16	340a67f3	csrrsi	x15,mscratch,20	 x15=0x0000001d
         652196	     32508	80007a1a	413605b3	sub	x11,x12,x19	 x12:0x00000000 x19:0x13379782 x11=0xecc8687e
         652596	     32528	80007a1e	00602ab3	slt	x21,x0,x6	  x0:0x00000000  x6:0x80021e50 x21=0x00000000
         652616	     32529	80007a22	8e45	c.or	x12,x9	 x12:0x00000000  x9:0x00000001 x12=0x00000001
         652636	     32530	80007a24	874e	c.mv	x14,x19	  x0:0x00000000 x19:0x13379782 x14=0x13379782
         652676	     32532	80007a26	03f3b5b3	mulhu	x11,x7,x31	  x7:0xffffffeb x31:0x80025ce4 x11=0x80025cd9
         652696	     32533	80007a2a	0c3a2c13	slti	x24,x20,195	 x20:0x00000000 x24=0x00000001
         652716	     32534	80007a2e	8359	c.srli	x14,0x16	 x14:0x13379782 x14=0x0000004c
         653456	     32571	80007a30	02e063b3	rem	x7,x0,x14	  x0:0x00000000 x14:0x0000004c  x7=0x00000000
         653476	     32572	80007a34	56fd	c.li	x13,-1	 x13=0xffffffff
         653496	     32573	80007a36	008671b3	and	x3,x12,x8	 x12:0x00000001  x8:0x043c0010  x3=0x00000000
         653516	     32574	80007a3a	997d	c.andi	x10,-1	 x10:0x000005b5 x10=0x000005b5
         653536	     32575	80007a3c	340be1f3	csrrsi	x3,mscratch,23	  x3=0x0000001d
         653556	     32576	80007a40	d2cd0693	addi	x13,x26,-724	 x26:0x00000000 x13=0xfffffd2c
         653576	     32577	80007a44	e87bb617	auipc	x12,0xe87bb	 x12=0x687c2a44
         653696	     32583	80007a48	0a94	c.addi4spn	x13,x2,336	 x13=0x00000691
         654616	     32629	80007a4a	03816eb3	rem	x29,x2,x24	  x2:0x00000541 x24:0x00000001 x29=0x00000000
         654636	     32630	80007a4e	34006973	csrrsi	x18,mscratch,0	 x18=0x0000001f
         654656	     32631	80007a52	8b104113	xori	x2,x0,-1871	  x0:0x00000000  x2=0xfffff8b1
         654676	     32632	80007a56	d4b0eb93	ori	x23,x1,-693	  x1:0x00000000 x23=0xfffffd4b
         654696	     32633	80007a5a	8486	c.mv	x9,x1	  x0:0x00000000  x1:0x00000000  x9=0x00000000
         654716	     32634	80007a5c	4965	c.li	x18,25	 x18=0x00000019
         655456	     32671	80007a5e	0263f433	remu	x8,x7,x6	  x7:0x00000000  x6:0x80021e50  x8=0x00000000
         655476	     32672	80007a62	9039a693	slti	x13,x19,-1789	 x19:0x13379782 x13=0x00000000
         655496	     32673	80007a66	03b95163	bge	x18,x27,80007a88	 x18:0x00000019 x27:0xac090000
         655936	     32695	80007a88	024b80b3	mul	x1,x23,x4	 x23:0xfffffd4b  x4:0xfffff85d  x1=0x0014ac3f
         655956	     32696	80007a8c	0216c663	blt	x13,x1,80007ab8	 x13:0x00000000  x1:0x0014ac3f
         656896	     32743	80007ab8	01dc3133	sltu	x2,x24,x29	 x24:0x00000001 x29:0x00000000  x2=0x00000000
         657316	     32764	80007abc	005cc6b3	xor	x13,x25,x5	 x25:0x0000001d  x5:0x80021e40 x13=0x80021e5d
         657336	     32765	80007ac0	058c6163	bltu	x24,x24,80007b02	 x24:0x00000001 x24:0x00000001
         658456	     32821	80007ac4	03fad1b3	divu	x3,x21,x31	 x21:0x00000000 x31:0x80025ce4  x3=0x00000000
         658476	     32822	80007ac8	cd1d	c.beqz	x10,80007b06	 x10:0x000005b5
         658496	     32823	80007aca	0001	c.addi	x0,0	  x0:0x00000000  x0=0x00000000
         658536	     32825	80007acc	02326f33	rem	x30,x4,x3	  x4:0xfffff85d  x3:0x00000000 x30=0xfffff85d
         658556	     32826	80007ad0	004b4933	xor	x18,x22,x4	 x22:0x00000000  x4:0xfffff85d x18=0xfffff85d
         659296	     32863	80007ad4	025a5db3	divu	x27,x20,x5	 x20:0x00000000  x5:0x80021e40 x27=0x00000000
         659336	     32865	80007ad8	021a3833	mulhu	x16,x20,x1	 x20:0x00000000  x1:0x0014ac3f x16=0x00000000
         659376	     32867	80007adc	0399a3b3	mulhsu	x7,x19,x25	 x19:0x13379782 x25:0x0000001d  x7=0x00000002
         659396	     32868	80007ae0	c09d	c.beqz	x9,80007b06	  x9:0x00000000
         659636	     32880	80007b06	340b7cf3	csrrci	x25,mscratch,22	 x25=0x0000001f
         659756	     32886	80007b0a	004877b3	and	x15,x16,x4	 x16:0x00000000  x4:0xfffff85d x15=0x00000000
         660176	     32907	80007b0e	406c5213	srai	x4,x24,0x6	 x24:0x00000001  x4=0x00000000
         660316	     32914	80007b12	40d0d893	srai	x17,x1,0xd	  x1:0x0014ac3f x17=0x000000a5
         660516	     32924	80007b16	01de5833	srl	x16,x28,x29	 x28:0x269fc3a0 x29:0x00000000 x16=0x269fc3a0
         660536	     32925	80007b1a	0001	c.addi	x0,0	  x0:0x00000000  x0=0x00000000
         660876	     32942	80007b1c	013415b3	sll	x11,x8,x19	  x8:0x00000000 x19:0x13379782 x11=0x00000000
         661016	     32949	80007b20	004caab3	slt	x21,x25,x4	 x25:0x0000001f  x4:0x00000000 x21=0x00000000
         661176	     32957	80007b24	8fd5	c.or	x15,x13	 x15:0x00000000 x13:0x80021e5d x15=0x80021e5d
         661196	     32958	80007b26	340071f3	csrrci	x3,mscratch,0	  x3=0x00000009
         661216	     32959	80007b2a	340078f3	csrrci	x17,mscratch,0	 x17=0x00000009
         661236	     32960	80007b2e	0001	c.addi	x0,0	  x0:0x00000000  x0=0x00000000
         661636	     32980	80007b30	8ff5	c.and	x15,x13	 x15:0x80021e5d x13:0x80021e5d x15=0x80021e5d
         661656	     32981	80007b32	40055213	srai	x4,x10,0x0	 x10:0x000005b5  x4=0x000005b5
         661676	     32982	80007b36	0001	c.addi	x0,0	  x0:0x00000000  x0=0x00000000
         661696	     32983	80007b38	40d1dbb3	sra	x23,x3,x13	  x3:0x00000009 x13:0x80021e5d x23=0x00000000
         661716	     32984	80007b3c	34006ef3	csrrsi	x29,mscratch,0	 x29=0x00000009
         671716	     33484	80007b40	c405	c.beqz	x8,80007b68	  x8:0x00000000
         672056	     33501	80007b68	83d9	c.srli	x15,0x16	 x15:0x80021e5d x15=0x00000200
         672316	     33514	80007b6a	51a86397	auipc	x7,0x51a86	  x7=0xd1a8db6a
         672336	     33515	80007b6e	0001	c.addi	x0,0	  x0:0x00000000  x0=0x00000000
         672356	     33516	80007b70	dc3c9197	auipc	x3,0xdc3c9	  x3=0x5c3d0b70
         673576	     33577	80007b74	02d5f9b3	remu	x19,x11,x13	 x11:0x00000000 x13:0x80021e5d x19=0x00000000
         673596	     33578	80007b78	34003cf3	csrrc	x25,mscratch,x0	  x0:0x00000000 x25=0x00000009
         673616	     33579	80007b7c	13fd	c.addi	x7,-1	  x7:0xd1a8db6a  x7=0xd1a8db69
         674356	     33616	80007b7e	02ed5b33	divu	x22,x26,x14	 x26:0x00000000 x14:0x0000004c x22=0x00000000
         674376	     33617	80007b82	34097d73	csrrci	x26,mscratch,18	 x26=0x00000009
         674396	     33618	80007b86	1f94	c.addi4spn	x13,x2,1008	 x13=0x000003f0
         674436	     33620	80007b88	022e6633	rem	x12,x28,x2	 x28:0x269fc3a0  x2:0x00000000 x12=0x269fc3a0
         674456	     33621	80007b8c	eb99	c.bnez	x15,80007ba2	 x15:0x00000200
         674796	     33638	80007ba2	0ff0000f	fence	iorw,iorw	
         674816	     33639	80007ba6	517d	c.li	x2,-1	  x2=0xffffffff
         674936	     33645	80007ba8	0025b833	sltu	x16,x11,x2	 x11:0x00000000  x2:0xffffffff x16=0x00000001
         675096	     33653	80007bac	04ce	c.slli	x9,0x13	  x9:0x00000000  x9=0x00000000
         675116	     33654	80007bae	16c65837	lui	x16,0x16c65	 x16=0x16c65000
         675296	     33663	80007bb2	0036c663	blt	x13,x3,80007bbe	 x13:0x000003f0  x3:0x5c3d0b70
         676296	     33713	80007bbe	8dcd	c.or	x11,x11	 x11:0x00000000 x11:0x00000000 x11=0x00000000
         676336	     33715	80007bc0	cc895297	auipc	x5,0xcc895	  x5=0x4c89cbc0
         676456	     33721	80007bc4	1018	c.addi4spn	x14,x2,32	 x14=0x0000001f
         676876	     33742	80007bc6	34002173	csrrs	x2,mscratch,x0	  x0:0x00000000  x2=0x00000009
         677056	     33751	80007bca	01f1a833	slt	x16,x3,x31	  x3:0x5c3d0b70 x31:0x80025ce4 x16=0x00000000
         677076	     33752	80007bce	340caa73	csrrs	x20,mscratch,x25	 x25:0x00000009 x20=0x00000009
         677096	     33753	80007bd2	015762b3	or	x5,x14,x21	 x14:0x0000001f x21:0x00000000  x5=0x0000001f
         677516	     33774	80007bd6	00eaf7b3	and	x15,x21,x14	 x21:0x00000000 x14:0x0000001f x15=0x00000000
         677536	     33775	80007bda	00594b63	blt	x18,x5,80007bf0	 x18:0xfffff85d  x5:0x0000001f
         678116	     33804	80007bf0	45188993	addi	x19,x17,1105	 x17:0x00000009 x19=0x0000045a
         678376	     33817	80007bf4	4f1d	c.li	x30,7	 x30=0x00000007
         678396	     33818	80007bf6	8d21	c.xor	x10,x8	 x10:0x000005b5  x8:0x00000000 x10=0x000005b5
         678416	     33819	80007bf8	6f09	c.lui	x30,0x2	 x30=0x00002000
         678436	     33820	80007bfa	0ff0000f	fence	iorw,iorw	
         678536	     33825	80007bfe	008856b3	srl	x13,x16,x8	 x16:0x00000000  x8:0x00000000 x13=0x00000000
         678636	     33830	80007c02	00b9ddb3	srl	x27,x19,x11	 x19:0x0000045a x11:0x00000000 x27=0x0000045a
         678676	     33832	80007c06	0359c933	div	x18,x19,x21	 x19:0x0000045a x21:0x00000000 x18=0xffffffff
         678696	     33833	80007c0a	340022f3	csrrs	x5,mscratch,x0	  x0:0x00000000  x5=0x00000009
         679116	     33854	80007c0e	03074cb3	div	x25,x14,x16	 x14:0x0000001f x16:0x00000000 x25=0xffffffff
         679416	     33869	80007c12	3400eaf3	csrrsi	x21,mscratch,1	 x21=0x00000009
         679556	     33876	80007c16	0000100f	fence.i	
         680456	     33921	80007c1a	01c56863	bltu	x10,x28,80007c2a	 x10:0x000005b5 x28:0x269fc3a0
         681096	     33953	80007c2a	03e2b1b3	mulhu	x3,x5,x30	  x5:0x00000009 x30:0x00002000  x3=0x00000000
         681116	     33954	80007c2e	73033517	auipc	x10,0x73033	 x10=0xf303ac2e
         681136	     33955	80007c32	86b5	c.srai	x13,0xd	 x13:0x00000000 x13=0x00000000
         681156	     33956	80007c34	01799a13	slli	x20,x19,0x17	 x19:0x0000045a x20=0x2d000000
         681336	     33965	80007c38	02bfd633	divu	x12,x31,x11	 x31:0x80025ce4 x11:0x00000000 x12=0xffffffff
         681356	     33966	80007c3c	0a80	c.addi4spn	x8,x2,336	  x8=0x00000159
         681376	     33967	80007c3e	65b1	c.lui	x11,0xc	 x11=0x0000c000
         681396	     33968	80007c40	416ad513	srai	x10,x21,0x16	 x21:0x00000009 x10=0x00000000
         681576	     33977	80007c44	0122	c.slli	x2,0x8	  x2:0x00000009  x2=0x00000900
         681596	     33978	80007c46	ef11	c.bnez	x14,80007c62	 x14:0x0000001f
         682916	     34044	80007c62	0059feb3	and	x29,x19,x5	 x19:0x0000045a  x5:0x00000009 x29=0x00000008
         683356	     34066	80007c66	02aed733	divu	x14,x29,x10	 x29:0x00000008 x10:0x00000000 x14=0xffffffff
         683376	     34067	80007c6a	021a8b33	mul	x22,x21,x1	 x21:0x00000009  x1:0x0014ac3f x22=0x00ba0e37
         683396	     34068	80007c6e	080a	c.slli	x16,0x2	 x16:0x00000000 x16=0x00000000
         684136	     34105	80007c70	03da7233	remu	x4,x20,x29	 x20:0x2d000000 x29:0x00000008  x4=0x00000000
         684876	     34142	80007c74	0227c7b3	div	x15,x15,x2	 x15:0x00000000  x2:0x00000900 x15=0x00000000
         684896	     34143	80007c78	c215	c.beqz	x12,80007c9c	 x12:0xffffffff
         684936	     34145	80007c7a	0277abb3	mulhsu	x23,x15,x7	 x15:0x00000000  x7:0xd1a8db69 x23=0x00000000
         684956	     34146	80007c7e	0001	c.addi	x0,0	  x0:0x00000000  x0=0x00000000
         684976	     34147	80007c80	3400d873	csrrwi	x16,mscratch,1	 x16=0x00000009
         684996	     34148	80007c84	007a9563	bne	x21,x7,80007c8e	 x21:0x00000009  x7:0xd1a8db69
         685276	     34162	80007c8e	8e05	c.sub	x12,x9	 x12:0xffffffff  x9:0x00000000 x12=0xffffffff
         685336	     34165	80007c90	02b96e63	bltu	x18,x11,80007ccc	 x18:0xffffffff x11:0x0000c000
         685356	     34166	80007c94	00175e93	srli	x29,x14,0x1	 x14:0xffffffff x29=0x7fffffff
         685376	     34167	80007c98	01747c63	bgeu	x8,x23,80007cb0	  x8:0x00000159 x23:0x00000000
         686256	     34211	80007cb0	340e9973	csrrw	x18,mscratch,x29	 x29:0x7fffffff x18=0x00000001
         686336	     34215	80007cb4	e39d	c.bnez	x15,80007cda	 x15:0x00000000
         686356	     34216	80007cb6	403addb3	sra	x27,x21,x3	 x21:0x00000009  x3:0x00000000 x27=0x00000009
         686376	     34217	80007cba	8c0c3a17	auipc	x20,0x8c0c3	 x20=0x0c0cacba
         686396	     34218	80007cbe	8579	c.srai	x10,0x1e	 x10:0x00000000 x10=0x00000000
         686616	     34229	80007cc0	009a7c33	and	x24,x20,x9	 x20:0x0c0cacba  x9:0x00000000 x24=0x00000000
         687016	     34249	80007cc4	8cd5	c.or	x9,x13	  x9:0x00000000 x13:0x00000000  x9=0x00000000
         687036	     34250	80007cc6	3b214f13	xori	x30,x2,946	  x2:0x00000900 x30=0x00000ab2
         687056	     34251	80007cca	8ea1	c.xor	x13,x8	 x13:0x00000000  x8:0x00000159 x13=0x00000159
         687136	     34255	80007ccc	cb09	c.beqz	x14,80007cde	 x14:0xffffffff
         687556	     34276	80007cce	e0c66413	ori	x8,x12,-500	 x12:0xffffffff  x8=0xffffffff
         687576	     34277	80007cd2	0fe0a693	slti	x13,x1,254	  x1:0x0014ac3f x13=0x00000000
         687756	     34286	80007cd6	04100363	beq	x0,x1,80007d1c	  x0:0x00000000  x1:0x0014ac3f
         688196	     34308	80007cda	0282b8b3	mulhu	x17,x5,x8	  x5:0x00000009  x8:0xffffffff x17=0x00000008
         688596	     34328	80007cde	022b1763	bne	x22,x2,80007d0c	 x22:0x00ba0e37  x2:0x00000900
         689456	     34371	80007d0c	02289633	mulh	x12,x17,x2	 x17:0x00000008  x2:0x00000900 x12=0x00000000
         689616	     34379	80007d10	6541c093	xori	x1,x3,1620	  x3:0x00000000  x1=0x00000654
         689636	     34380	80007d14	567d	c.li	x12,-1	 x12=0xffffffff
         689656	     34381	80007d16	00b89f13	slli	x30,x17,0xb	 x17:0x00000008 x30=0x00004000
         689676	     34382	80007d1a	0001	c.addi	x0,0	  x0:0x00000000  x0=0x00000000
         689796	     34388	80007d1c	997d	c.andi	x10,-1	 x10:0x00000000 x10=0x00000000
         689856	     34391	80007d1e	0125e9b3	or	x19,x11,x18	 x11:0x0000c000 x18:0x00000001 x19=0x0000c001
         689876	     34392	80007d22	e415	c.bnez	x8,80007d4e	  x8:0xffffffff
         690976	     34447	80007d4e	55fd	c.li	x11,-1	 x11=0xffffffff
         692196	     34508	80007d50	03a3f3b3	remu	x7,x7,x26	  x7:0xd1a8db69 x26:0x00000009  x7=0x00000008
         692216	     34509	80007d54	01da7263	bgeu	x20,x29,80007d58	 x20:0x0c0cacba x29:0x7fffffff
         692236	     34510	80007d58	1d048c93	addi	x25,x9,464	  x9:0x00000000 x25=0x000001d0
         692256	     34511	80007d5c	0ff0000f	fence	iorw,iorw	
         692276	     34512	80007d60	69f1	c.lui	x19,0x1c	 x19=0x0001c000
         692296	     34513	80007d62	0ff0000f	fence	iorw,iorw	
         692516	     34524	80007d66	00af0bb3	add	x23,x30,x10	 x30:0x00004000 x10:0x00000000 x23=0x00004000
         692556	     34526	80007d6a	02f2e6b3	rem	x13,x5,x15	  x5:0x00000009 x15:0x00000000 x13=0x00000009
         692676	     34532	80007d6e	0171ebb3	or	x23,x3,x23	  x3:0x00000000 x23:0x00004000 x23=0x00004000
         692836	     34540	80007d72	010b15b3	sll	x11,x22,x16	 x22:0x00ba0e37 x16:0x00000009 x11=0x741c6e00
         693256	     34561	80007d76	01aee233	or	x4,x29,x26	 x29:0x7fffffff x26:0x00000009  x4=0x7fffffff
         693276	     34562	80007d7a	8435	c.srai	x8,0xd	  x8:0xffffffff  x8=0xffffffff
         693296	     34563	80007d7c	e5684413	xori	x8,x16,-426	 x16:0x00000009  x8=0xfffffe5f
         693516	     34574	80007d80	98fd	c.andi	x9,-1	  x9:0x00000000  x9=0x00000000
         693536	     34575	80007d82	6f7d	c.lui	x30,0x1f	 x30=0x0001f000
         693696	     34583	80007d84	408f8ab3	sub	x21,x31,x8	 x31:0x80025ce4  x8:0xfffffe5f x21=0x80025e85
         693896	     34593	80007d88	c809	c.beqz	x8,80007d9a	  x8:0xfffffe5f
         693916	     34594	80007d8a	0001	c.addi	x0,0	  x0:0x00000000  x0=0x00000000
         694056	     34601	80007d8c	020f1a33	mulh	x20,x30,x0	 x30:0x0001f000  x0:0x00000000 x20=0x00000000
         694456	     34621	80007d90	02f57163	bgeu	x10,x15,80007db2	 x10:0x00000000 x15:0x00000000
         695016	     34649	80007db2	0001	c.addi	x0,0	  x0:0x00000000  x0=0x00000000
         695756	     34686	80007db4	03f1d733	divu	x14,x3,x31	  x3:0x00000000 x31:0x80025ce4 x14=0x00000000
         695776	     34687	80007db8	cd8d	c.beqz	x11,80007df2	 x11:0x741c6e00
         695796	     34688	80007dba	03d77563	bgeu	x14,x29,80007de4	 x14:0x00000000 x29:0x7fffffff
         695816	     34689	80007dbe	88b2f513	andi	x10,x5,-1909	  x5:0x00000009 x10=0x00000009
         696556	     34726	80007dc2	03fa7133	remu	x2,x20,x31	 x20:0x00000000 x31:0x80025ce4  x2=0x00000000
         696576	     34727	80007dc6	01ee7a33	and	x20,x28,x30	 x28:0x269fc3a0 x30:0x0001f000 x20=0x0001c000
         696596	     34728	80007dca	665a7913	andi	x18,x20,1637	 x20:0x0001c000 x18=0x00000000
         696616	     34729	80007dce	03485763	bge	x16,x20,80007dfc	 x16:0x00000009 x20:0x0001c000
         696636	     34730	80007dd2	03559663	bne	x11,x21,80007dfe	 x11:0x741c6e00 x21:0x80025e85
         697516	     34774	80007dfe	02291f33	mulh	x30,x18,x2	 x18:0x00000000  x2:0x00000000 x30=0x00000000
         697536	     34775	80007e02	00a084b3	add	x9,x1,x10	  x1:0x00000654 x10:0x00000009  x9=0x0000065d
         697596	     34778	80007e06	0ff0000f	fence	iorw,iorw	
         697616	     34779	80007e0a	004c9b63	bne	x25,x4,80007e20	 x25:0x000001d0  x4:0x7fffffff
         698396	     34818	80007e20	83cd	c.srli	x15,0x13	 x15:0x00000000 x15=0x00000000
         698416	     34819	80007e22	04ef1163	bne	x30,x14,80007e64	 x30:0x00000000 x14:0x00000000
         698836	     34840	80007e26	031c6a63	bltu	x24,x17,80007e5a	 x24:0x00000000 x17:0x00000008
         699956	     34896	80007e5a	340a7673	csrrci	x12,mscratch,20	 x12=0x7fffffff
         700136	     34905	80007e5e	340374f3	csrrci	x9,mscratch,6	  x9=0x7fffffeb
         700156	     34906	80007e62	117d	c.addi	x2,-1	  x2:0x00000000  x2=0xffffffff
         700176	     34907	80007e64	1bfd	c.addi	x23,-1	 x23:0x00004000 x23=0x00003fff
         700196	     34908	80007e66	8cb1	c.xor	x9,x12	  x9:0x7fffffeb x12:0x7fffffff  x9=0x00000014
         700216	     34909	80007e68	34015ef3	csrrwi	x29,mscratch,2	 x29=0x7fffffe9
         700276	     34912	80007e6c	0122b833	sltu	x16,x5,x18	  x5:0x00000009 x18:0x00000000 x16=0x00000000
         700296	     34913	80007e70	717d	c.addi16sp	x2,-16	  x2:0xffffffff  x2=0xffffffef
         700316	     34914	80007e72	0001	c.addi	x0,0	  x0:0x00000000  x0=0x00000000
         700456	     34921	80007e74	487eb193	sltiu	x3,x29,1159	 x29:0x7fffffe9  x3=0x00000000
         700476	     34922	80007e78	4067d933	sra	x18,x15,x6	 x15:0x00000000  x6:0x80021e50 x18=0x00000000
         700616	     34929	80007e7c	717d	c.addi16sp	x2,-16	  x2:0xffffffef  x2=0xffffffdf
         701476	     34972	80007e7e	03486733	rem	x14,x16,x20	 x16:0x00000000 x20:0x0001c000 x14=0x00000000
         701496	     34973	80007e82	e321	c.bnez	x14,80007ec2	 x14:0x00000000
         701516	     34974	80007e84	00e18db3	add	x27,x3,x14	  x3:0x00000000 x14:0x00000000 x27=0x00000000
         702256	     35011	80007e88	03fa65b3	rem	x11,x20,x31	 x20:0x0001c000 x31:0x80025ce4 x11=0x0001c000
         702276	     35012	80007e8c	8ab6	c.mv	x21,x13	  x0:0x00000000 x13:0x00000009 x21=0x00000009
         702296	     35013	80007e8e	000415b3	sll	x11,x8,x0	  x8:0xfffffe5f  x0:0x00000000 x11=0xfffffe5f
         702316	     35014	80007e92	41485893	srai	x17,x16,0x14	 x16:0x00000000 x17=0x00000000
         702336	     35015	80007e96	8c49	c.or	x8,x10	  x8:0xfffffe5f x10:0x00000009  x8=0xfffffe5f
         702356	     35016	80007e98	0dc40293	addi	x5,x8,220	  x8:0xfffffe5f  x5=0xffffff3b
         702376	     35017	80007e9c	567d	c.li	x12,-1	 x12=0xffffffff
         702396	     35018	80007e9e	0017d413	srli	x8,x15,0x1	 x15:0x00000000  x8=0x00000000
         702416	     35019	80007ea2	13f5cf13	xori	x30,x11,319	 x11:0xfffffe5f x30=0xffffff60
         702476	     35022	80007ea6	025efb63	bgeu	x29,x5,80007edc	 x29:0x7fffffe9  x5:0xffffff3b
         702496	     35023	80007eaa	4160df33	sra	x30,x1,x22	  x1:0x00000654 x22:0x00ba0e37 x30=0x00000000
         702516	     35024	80007eae	93a2	c.add	x7,x8	  x7:0x00000008  x8:0x00000000  x7=0x00000008
         702556	     35026	80007eb0	0363aeb3	mulhsu	x29,x7,x22	  x7:0x00000008 x22:0x00ba0e37 x29=0x00000000
         702576	     35027	80007eb4	0001	c.addi	x0,0	  x0:0x00000000  x0=0x00000000
         702596	     35028	80007eb6	0b56	c.slli	x22,0x15	 x22:0x00ba0e37 x22=0xc6e00000
         702656	     35031	80007eb8	010d7233	and	x4,x26,x16	 x26:0x00000009 x16:0x00000000  x4=0x00000000
         702996	     35048	80007ebc	03a99363	bne	x19,x26,80007ee2	 x19:0x0001c000 x26:0x00000009
         704456	     35121	80007ee2	a45dad93	slti	x27,x27,-1467	 x27:0x00000000 x27=0x00000000
         704476	     35122	80007ee6	8e6d	c.and	x12,x11	 x12:0xffffffff x11:0xfffffe5f x12=0xfffffe5f
         704496	     35123	80007ee8	01652633	slt	x12,x10,x22	 x10:0x00000009 x22:0xc6e00000 x12=0x00000000
         704516	     35124	80007eec	016a60b3	or	x1,x20,x22	 x20:0x0001c000 x22:0xc6e00000  x1=0xc6e1c000
         704536	     35125	80007ef0	0001	c.addi	x0,0	  x0:0x00000000  x0=0x00000000
         704696	     35133	80007ef2	01a57533	and	x10,x10,x26	 x10:0x00000009 x26:0x00000009 x10=0x00000009
         704756	     35136	80007ef6	cec50293	addi	x5,x10,-788	 x10:0x00000009  x5=0xfffffcf5
         704776	     35137	80007efa	06fa	c.slli	x13,0x1e	 x13:0x00000009 x13=0x40000000
         705016	     35149	80007efc	02c15f33	divu	x30,x2,x12	  x2:0xffffffdf x12:0x00000000 x30=0xffffffff
         705036	     35150	80007f00	4b33a113	slti	x2,x7,1203	  x7:0x00000008  x2=0x00000001
         705436	     35170	80007f04	34006073	csrrsi	x0,mscratch,0	  x0=0x00000000
         705616	     35179	80007f08	01a607b3	add	x15,x12,x26	 x12:0x00000000 x26:0x00000009 x15=0x00000009
         705776	     35187	80007f0c	039a0863	beq	x20,x25,80007f3c	 x20:0x0001c000 x25:0x000001d0
         706636	     35230	80007f10	0296d633	divu	x12,x13,x9	 x13:0x40000000  x9:0x00000014 x12=0x03333333
         706656	     35231	80007f14	340b10f3	csrrw	x1,mscratch,x22	 x22:0xc6e00000  x1=0x00000002
         706676	     35232	80007f18	01f939b3	sltu	x19,x18,x31	 x18:0x00000000 x31:0x80025ce4 x19=0x00000001
         706696	     35233	80007f1c	34002df3	csrrs	x27,mscratch,x0	  x0:0x00000000 x27=0xc6e00000
         706716	     35234	80007f20	1a47b613	sltiu	x12,x15,420	 x15:0x00000009 x12=0x00000001
         706736	     35235	80007f24	50b0b8b7	lui	x17,0x50b0b	 x17=0x50b0b000
         707176	     35257	80007f28	340f73f3	csrrci	x7,mscratch,30	  x7=0xc6e00000
         707196	     35258	80007f2c	0000100f	fence.i	
         707416	     35269	80007f30	01fe	c.slli	x3,0x1f	  x3:0x00000000  x3=0x00000000
         707836	     35290	80007f32	05341063	bne	x8,x19,80007f72	  x8:0x00000000 x19:0x00000001
         708176	     35307	80007f72	0091fab3	and	x21,x3,x9	  x3:0x00000000  x9:0x00000014 x21=0x00000000
         708196	     35308	80007f76	0308	c.addi4spn	x10,x2,384	 x10=0x00000181
         722556	     36026	80007f78	01a9a0b3	slt	x1,x19,x26	 x19:0x00000001 x26:0x00000009  x1=0x00000001
         722576	     36027	80007f7c	0001	c.addi	x0,0	  x0:0x00000000  x0=0x00000000
         722596	     36028	80007f7e	01408663	beq	x1,x20,80007f8a	  x1:0x00000001 x20:0x0001c000
         722616	     36029	80007f82	34007bf3	csrrci	x23,mscratch,0	 x23=0xc6e00000
         722656	     36031	80007f86	02bbb833	mulhu	x16,x23,x11	 x23:0xc6e00000 x11:0xfffffe5f x16=0xc6dffebc
         722676	     36032	80007f8a	0000100f	fence.i	
         722796	     36038	80007f8e	0ff0000f	fence	iorw,iorw	
         722836	     36040	80007f92	018b0bb3	add	x23,x22,x24	 x22:0xc6e00000 x24:0x00000000 x23=0xc6e00000
         723016	     36049	80007f96	03254c33	div	x24,x10,x18	 x10:0x00000181 x18:0x00000000 x24=0xffffffff
         723036	     36050	80007f9a	e129	c.bnez	x10,80007fdc	 x10:0x00000181
         723356	     36066	80007fdc	8266	c.mv	x4,x25	  x0:0x00000000 x25:0x000001d0  x4=0x000001d0
         723576	     36077	80007fde	3406e9f3	csrrsi	x19,mscratch,13	 x19=0xc6e00000
         723616	     36079	80007fe2	0053d013	srli	x0,x7,0x5	  x7:0xc6e00000  x0=0x00000000
         723676	     36082	80007fe6	40e252b3	sra	x5,x4,x14	  x4:0x000001d0 x14:0x00000000  x5=0x000001d0
         724576	     36127	80007fea	0313deb3	divu	x29,x7,x17	  x7:0xc6e00000 x17:0x50b0b000 x29=0x00000002
         724596	     36128	80007fee	0000100f	fence.i	
         724696	     36133	80007ff2	7512c913	xori	x18,x5,1873	  x5:0x000001d0 x18=0x00000681
         724716	     36134	80007ff6	04ab5063	bge	x22,x10,80008036	 x22:0xc6e00000 x10:0x00000181
         724876	     36142	80007ffa	0ff0000f	fence	iorw,iorw	
         724896	     36143	80007ffe	8ea1	c.xor	x13,x8	 x13:0x40000000  x8:0x00000000 x13=0x40000000
         725196	     36158	80008000	340b95f3	csrrw	x11,mscratch,x23	 x23:0xc6e00000 x11=0xc6e0000d
         725336	     36165	80008004	03471563	bne	x14,x20,8000802e	 x14:0x00000000 x20:0x0001c000
         726756	     36236	8000802e	34002d73	csrrs	x26,mscratch,x0	  x0:0x00000000 x26=0xc6e00000
         727496	     36273	80008032	03b4c2b3	div	x5,x9,x27	  x9:0x00000014 x27:0xc6e00000  x5=0x00000000
         727516	     36274	80008036	00cc1e63	bne	x24,x12,80008052	 x24:0xffffffff x12:0x00000001
         727756	     36286	80008052	02ac5363	bge	x24,x10,80008078	 x24:0xffffffff x10:0x00000181
         727776	     36287	80008056	40ca5d93	srai	x27,x20,0xc	 x20:0x0001c000 x27=0x0000001c
         727796	     36288	8000805a	01bfc033	xor	x0,x31,x27	 x31:0x80025ce4 x27:0x0000001c  x0=0x00000000
         728216	     36309	8000805e	033af763	bgeu	x21,x19,8000808c	 x21:0x00000000 x19:0xc6e00000
         728236	     36310	80008062	0ff0000f	fence	iorw,iorw	
         729076	     36352	80008066	034e4833	div	x16,x28,x20	 x28:0x269fc3a0 x20:0x0001c000 x16=0x00001612
         729096	     36353	8000806a	03638633	mul	x12,x7,x22	  x7:0xc6e00000 x22:0xc6e00000 x12=0x00000000
         729116	     36354	8000806e	3402dcf3	csrrwi	x25,mscratch,5	 x25=0xc6e00000
         729156	     36356	80008072	02293233	mulhu	x4,x18,x2	 x18:0x00000681  x2:0x00000001  x4=0x00000000
         729176	     36357	80008076	859d	c.srai	x11,0x7	 x11:0xc6e0000d x11=0xff8dc000
         729196	     36358	80008078	414ddbb3	sra	x23,x27,x20	 x27:0x0000001c x20:0x0001c000 x23=0x0000001c
         729216	     36359	8000807c	8cb1	c.xor	x9,x12	  x9:0x00000014 x12:0x00000000  x9=0x00000014
         729236	     36360	8000807e	34006d73	csrrsi	x26,mscratch,0	 x26=0x00000005
         729256	     36361	80008082	3401a273	csrrs	x4,mscratch,x3	  x3:0x00000000  x4=0x00000005
         729276	     36362	80008086	030d8663	beq	x27,x16,800080b2	 x27:0x0000001c x16:0x00001612
         729296	     36363	8000808a	84f9	c.srai	x9,0x1e	  x9:0x00000014  x9=0x00000000
         729316	     36364	8000808c	03c8e363	bltu	x17,x28,800080b2	 x17:0x50b0b000 x28:0x269fc3a0
         729356	     36366	80008090	025679b3	remu	x19,x12,x5	 x12:0x00000000  x5:0x00000000 x19=0x00000000
         729596	     36378	80008094	34007173	csrrci	x2,mscratch,0	  x2=0x00000005
         729616	     36379	80008098	3401d2f3	csrrwi	x5,mscratch,3	  x5=0x00000005
         729736	     36385	8000809c	ea89	c.bnez	x13,800080ae	 x13:0x40000000
         730216	     36409	800080ae	0290c033	div	x0,x1,x9	  x1:0x00000001  x9:0x00000000  x0=0x00000000
         730236	     36410	800080b2	51fd	c.li	x3,-1	  x3=0xffffffff
         730256	     36411	800080b4	0113ba33	sltu	x20,x7,x17	  x7:0xc6e00000 x17:0x50b0b000 x20=0x00000000
         730356	     36416	800080b8	0206d263	bge	x13,x0,800080dc	 x13:0x40000000  x0:0x00000000
         731296	     36463	800080dc	0001	c.addi	x0,0	  x0:0x00000000  x0=0x00000000
         731316	     36464	800080de	8c1d	c.sub	x8,x15	  x8:0x00000000 x15:0x00000009  x8=0xfffffff7
         731376	     36467	800080e0	9583a613	slti	x12,x7,-1704	  x7:0xc6e00000 x12=0x00000001
         731516	     36474	800080e4	89b5	c.andi	x11,13	 x11:0xff8dc000 x11=0x00000000
         731676	     36482	800080e6	02a81cb3	mulh	x25,x16,x10	 x16:0x00001612 x10:0x00000181 x25=0x00000000
         731696	     36483	800080ea	03ef9263	bne	x31,x30,8000810e	 x31:0x80025ce4 x30:0xffffffff
         732216	     36509	8000810e	ed4b0093	addi	x1,x22,-300	 x22:0xc6e00000  x1=0xc6dffed4
         732336	     36515	80008112	02fe7163	bgeu	x28,x15,80008134	 x28:0x269fc3a0 x15:0x00000009
         733276	     36562	80008134	0001	c.addi	x0,0	  x0:0x00000000  x0=0x00000000
         733716	     36584	80008136	02d91133	mulh	x2,x18,x13	 x18:0x00000681 x13:0x40000000  x2=0x000001a0
         733736	     36585	8000813a	9ebe	c.add	x29,x15	 x29:0x00000002 x15:0x00000009 x29=0x0000000b
         733756	     36586	8000813c	997d	c.andi	x10,-1	 x10:0x00000181 x10=0x00000181
         733776	     36587	8000813e	ca11	c.beqz	x12,80008152	 x12:0x00000001
         733816	     36589	80008140	4d8c8797	auipc	x15,0x4d8c8	 x15=0xcd8d0140
         734236	     36610	80008144	00e94433	xor	x8,x18,x14	 x18:0x00000681 x14:0x00000000  x8=0x00000681
         734256	     36611	80008148	c31d	c.beqz	x14,8000816e	 x14:0x00000000
         734816	     36639	8000816e	83ad	c.srli	x15,0xb	 x15:0xcd8d0140 x15=0x0019b1a0
         734856	     36641	80008170	34007773	csrrci	x14,mscratch,0	 x14=0x00000003
         734956	     36646	80008174	01321113	slli	x2,x4,0x13	  x4:0x00000005  x2=0x00280000
         734976	     36647	80008178	0001	c.addi	x0,0	  x0:0x00000000  x0=0x00000000
         734996	     36648	8000817a	8dad	c.xor	x11,x11	 x11:0x00000000 x11:0x00000000 x11=0x00000000
         735276	     36662	8000817c	717d	c.addi16sp	x2,-16	  x2:0x00280000  x2=0x0027fff0
         735296	     36663	8000817e	6515	c.lui	x10,0x5	 x10=0x00005000
         735576	     36677	80008180	0001	c.addi	x0,0	  x0:0x00000000  x0=0x00000000
         735716	     36684	80008182	417fdf33	sra	x30,x31,x23	 x31:0x80025ce4 x23:0x0000001c x30=0xfffffff8
         735896	     36693	80008186	01795cb3	srl	x25,x18,x23	 x18:0x00000681 x23:0x0000001c x25=0x00000000
         735916	     36694	8000818a	88f6	c.mv	x17,x29	  x0:0x00000000 x29:0x0000000b x17=0x0000000b
         736316	     36714	8000818c	6531	c.lui	x10,0xc	 x10=0x0000c000
         736336	     36715	8000818e	0ff0000f	fence	iorw,iorw	
         736356	     36716	80008192	baa08213	addi	x4,x1,-1110	  x1:0xc6dffed4  x4=0xc6dffa7e
         736376	     36717	80008196	00c4c863	blt	x9,x12,800081a6	  x9:0x00000000 x12:0x00000001
         736956	     36746	800081a6	8592	c.mv	x11,x4	  x0:0x00000000  x4:0xc6dffa7e x11=0xc6dffa7e
         737396	     36768	800081a8	4196dd33	sra	x26,x13,x25	 x13:0x40000000 x25:0x00000000 x26=0x40000000
         737816	     36789	800081ac	8271	c.srli	x12,0x1c	 x12:0x00000001 x12=0x00000000
         737976	     36797	800081ae	3400fbf3	csrrci	x23,mscratch,1	 x23=0x00000003
         737996	     36798	800081b2	016aeb33	or	x22,x21,x22	 x21:0x00000000 x22:0xc6e00000 x22=0xc6e00000
         738016	     36799	800081b6	6ec9	c.lui	x29,0x12	 x29=0x00012000
         738416	     36819	800081b8	72d46f13	ori	x30,x8,1837	  x8:0x00000681 x30=0x000007ad
         738436	     36820	800081bc	34039b73	csrrw	x22,mscratch,x7	  x7:0xc6e00000 x22=0x00000002
         738516	     36824	800081c0	0008a233	slt	x4,x17,x0	 x17:0x0000000b  x0:0x00000000  x4=0x00000000
         738636	     36830	800081c4	0ff0000f	fence	iorw,iorw	
         738656	     36831	800081c8	3404d073	csrrwi	x0,mscratch,9	  x0=0x00000000
         738676	     36832	800081cc	03196d63	bltu	x18,x17,80008206	 x18:0x00000681 x17:0x0000000b
         738696	     36833	800081d0	02a9	c.addi	x5,10	  x5:0x00000005  x5=0x0000000f
         738716	     36834	800081d2	34089273	csrrw	x4,mscratch,x17	 x17:0x0000000b  x4=0x00000009
         738736	     36835	800081d6	0bb9	c.addi	x23,14	 x23:0x00000003 x23=0x00000011
         738796	     36838	800081d8	0001	c.addi	x0,0	  x0:0x00000000  x0=0x00000000
         738816	     36839	800081da	8fe1	c.and	x15,x8	 x15:0x0019b1a0  x8:0x00000681 x15=0x00000080
         738916	     36844	800081dc	0001	c.addi	x0,0	  x0:0x00000000  x0=0x00000000
         738936	     36845	800081de	14fd	c.addi	x9,-1	  x9:0x00000000  x9=0xffffffff
         739296	     36863	800081e0	340393f3	csrrw	x7,mscratch,x7	  x7:0xc6e00000  x7=0x0000000b
         739316	     36864	800081e4	0d9c	c.addi4spn	x15,x2,720	 x15=0x002802c0
         739336	     36865	800081e6	d161b793	sltiu	x15,x3,-746	  x3:0xffffffff x15=0x00000000
         739376	     36867	800081ea	0206ea33	rem	x20,x13,x0	 x13:0x40000000  x0:0x00000000 x20=0x40000000
         739396	     36868	800081ee	03e70ab3	mul	x21,x14,x30	 x14:0x00000003 x30:0x000007ad x21=0x00001707
         739436	     36870	800081f2	0393ed33	rem	x26,x7,x25	  x7:0x0000000b x25:0x00000000 x26=0x0000000b
         739596	     36878	800081f6	01935213	srli	x4,x6,0x19	  x6:0x80021e50  x4=0x00000040
         740016	     36899	800081fa	0328c763	blt	x17,x18,80008228	 x17:0x0000000b x18:0x00000681
         740116	     36904	80008228	9bae	c.add	x23,x11	 x23:0x00000011 x11:0xc6dffa7e x23=0xc6dffa8f
         740136	     36905	8000822a	8f26	c.mv	x30,x9	  x0:0x00000000  x9:0xffffffff x30=0xffffffff
         740456	     36921	8000822c	012f5a63	bge	x30,x18,80008240	 x30:0xffffffff x18:0x00000681
         740616	     36929	80008230	00d592b3	sll	x5,x11,x13	 x11:0xc6dffa7e x13:0x40000000  x5=0xc6dffa7e
         740636	     36930	80008234	0129c963	blt	x19,x18,80008246	 x19:0x00000000 x18:0x00000681
         740996	     36948	80008246	002786b3	add	x13,x15,x2	 x15:0x00000000  x2:0x0027fff0 x13=0x0027fff0
         741056	     36951	8000824a	0390e2b3	rem	x5,x1,x25	  x1:0xc6dffed4 x25:0x00000000  x5=0xc6dffed4
         741076	     36952	8000824e	4146dd33	sra	x26,x13,x20	 x13:0x0027fff0 x20:0x40000000 x26=0x0027fff0
         741096	     36953	80008252	81b2	c.mv	x3,x12	  x0:0x00000000 x12:0x00000000  x3=0x00000000
         741116	     36954	80008254	0084dab3	srl	x21,x9,x8	  x9:0xffffffff  x8:0x00000681 x21=0x7fffffff
         741396	     36968	80008258	0396e833	rem	x16,x13,x25	 x13:0x0027fff0 x25:0x00000000 x16=0x0027fff0
         741676	     36982	8000825c	028c5d63	bge	x24,x8,80008296	 x24:0xffffffff  x8:0x00000681
         741696	     36983	80008260	8599	c.srai	x11,0x6	 x11:0xc6dffa7e x11=0xff1b7fe9
         741716	     36984	80008262	0001	c.addi	x0,0	  x0:0x00000000  x0=0x00000000
         741736	     36985	80008264	0ff0000f	fence	iorw,iorw	
         741756	     36986	80008268	8e61	c.and	x12,x8	 x12:0x00000000  x8:0x00000681 x12=0x00000000
         741776	     36987	8000826a	8dcd	c.or	x11,x11	 x11:0xff1b7fe9 x11:0xff1b7fe9 x11=0xff1b7fe9
         741816	     36989	8000826c	05a30163	beq	x6,x26,800082ae	  x6:0x80021e50 x26:0x0027fff0
         741836	     36990	80008270	8879	c.andi	x8,30	  x8:0x00000681  x8=0x00000000
         741876	     36992	80008272	41a58133	sub	x2,x11,x26	 x11:0xff1b7fe9 x26:0x0027fff0  x2=0xfef37ff9
         741916	     36994	80008276	0335a233	mulhsu	x4,x11,x19	 x11:0xff1b7fe9 x19:0x00000000  x4=0x00000000
         742076	     37002	8000827a	340a1673	csrrw	x12,mscratch,x20	 x20:0x40000000 x12=0xc6e00000
         742496	     37023	8000827e	017d6833	or	x16,x26,x23	 x26:0x0027fff0 x23:0xc6dffa8f x16=0xc6ffffff
         742676	     37032	80008282	54d445b7	lui	x11,0x54d44	 x11=0x54d44000
         742696	     37033	80008286	877e	c.mv	x14,x31	  x0:0x00000000 x31:0x80025ce4 x14=0x80025ce4
         742716	     37034	80008288	862e	c.mv	x12,x11	  x0:0x00000000 x11:0x54d44000 x12=0x54d44000
         743116	     37054	8000828a	016c2eb3	slt	x29,x24,x22	 x24:0xffffffff x22:0x00000002 x29=0x00000001
         743136	     37055	8000828e	804d	c.srli	x8,0x13	  x8:0x00000000  x8=0x00000000
         743156	     37056	80008290	03e54d63	blt	x10,x30,800082ca	 x10:0x0000c000 x30:0xffffffff
         743456	     37071	80008294	0d18	c.addi4spn	x14,x2,656	 x14=0xfef38289
         743476	     37072	80008296	0001	c.addi	x0,0	  x0:0x00000000  x0=0x00000000
         743556	     37076	80008298	d84e4a93	xori	x21,x28,-636	 x28:0x269fc3a0 x21=0xd9603e24
         743576	     37077	8000829c	0001	c.addi	x0,0	  x0:0x00000000  x0=0x00000000
         743596	     37078	8000829e	3401daf3	csrrwi	x21,mscratch,3	 x21=0x40000000
         743996	     37098	800082a2	03be1a63	bne	x28,x27,800082d6	 x28:0x269fc3a0 x27:0x0000001c
         744316	     37114	800082d6	4979	c.li	x18,30	 x18=0x0000001e
         744356	     37116	800082d8	e711	c.bnez	x14,800082e4	 x14:0xfef38289
         745216	     37159	800082e4	80acd9b7	lui	x19,0x80acd	 x19=0x80acd000
         745276	     37162	800082e8	4e3a4813	xori	x16,x20,1251	 x20:0x40000000 x16=0x400004e3
         745296	     37163	800082ec	00091933	sll	x18,x18,x0	 x18:0x0000001e  x0:0x00000000 x18=0x0000001e
         745316	     37164	800082f0	b1c7cc13	xori	x24,x15,-1252	 x15:0x00000000 x24=0xfffffb1c
         746056	     37201	800082f4	0331e633	rem	x12,x3,x19	  x3:0x00000000 x19:0x80acd000 x12=0x00000000
         746076	     37202	800082f8	528e7013	andi	x0,x28,1320	 x28:0x269fc3a0  x0=0x00000000
         746116	     37204	800082fc	031f98b3	mulh	x17,x31,x17	 x31:0x80025ce4 x17:0x0000000b x17=0xfffffffa
         746136	     37205	80008300	8f69	c.and	x14,x10	 x14:0xfef38289 x10:0x0000c000 x14=0x00008000
         746156	     37206	80008302	52fd	c.li	x5,-1	  x5=0xffffffff
         746176	     37207	80008304	d2f17013	andi	x0,x2,-721	  x2:0xfef37ff9  x0=0x00000000
         746196	     37208	80008308	00d33933	sltu	x18,x6,x13	  x6:0x80021e50 x13:0x0027fff0 x18=0x00000000
         746216	     37209	8000830c	dbd3a513	slti	x10,x7,-579	  x7:0x0000000b x10=0x00000000
         746256	     37211	80008310	02eb21b3	mulhsu	x3,x22,x14	 x22:0x00000002 x14:0x00008000  x3=0x00000000
         746276	     37212	80008314	02109263	bne	x1,x1,80008338	  x1:0xc6dffed4  x1:0xc6dffed4
         746396	     37218	80008318	02a08263	beq	x1,x10,8000833c	  x1:0xc6dffed4 x10:0x00000000
         746436	     37220	8000831c	03f2a5b3	mulhsu	x11,x5,x31	  x5:0xffffffff x31:0x80025ce4 x11=0xffffffff
         746456	     37221	80008320	82e9	c.srli	x13,0x1a	 x13:0x0027fff0 x13=0x00000000
         746496	     37223	80008322	96c9cd93	xori	x27,x19,-1684	 x19:0x80acd000 x27=0x7f53296c
         746916	     37244	80008326	002fa833	slt	x16,x31,x2	 x31:0x80025ce4  x2:0xfef37ff9 x16=0x00000001
         747196	     37258	8000832a	008a7033	and	x0,x20,x8	 x20:0x40000000  x8:0x00000000  x0=0x00000000
         747216	     37259	8000832e	177d	c.addi	x14,-1	 x14:0x00008000 x14=0x00007fff
         747236	     37260	80008330	00a74a33	xor	x20,x14,x10	 x14:0x00007fff x10:0x00000000 x20=0x00007fff
         747316	     37264	80008334	0001	c.addi	x0,0	  x0:0x00000000  x0=0x00000000
         747336	     37265	80008336	99fd	c.andi	x11,-1	 x11:0xffffffff x11=0xffffffff
         747356	     37266	80008338	818db493	sltiu	x9,x27,-2024	 x27:0x7f53296c  x9=0x00000001
         747436	     37270	8000833c	40615713	srai	x14,x2,0x6	  x2:0xfef37ff9 x14=0xfffbcdff
         747636	     37280	80008340	717d	c.addi16sp	x2,-16	  x2:0xfef37ff9  x2=0xfef37fe9
         747656	     37281	80008342	018618b3	sll	x17,x12,x24	 x12:0x00000000 x24:0xfffffb1c x17=0x00000000
         747676	     37282	80008346	c009	c.beqz	x8,80008348	  x8:0x00000000
         748676	     37332	80008348	e60d	c.bnez	x12,80008372	 x12:0x00000000
         748796	     37338	8000834a	02ab7a33	remu	x20,x22,x10	 x22:0x00000002 x10:0x00000000 x20=0x00000002
         748816	     37339	8000834e	921faa13	slti	x20,x31,-1759	 x31:0x80025ce4 x20=0x00000001
         748836	     37340	80008352	8ad2	c.mv	x21,x20	  x0:0x00000000 x20:0x00000001 x21=0x00000001
         749136	     37355	80008354	c77a0db7	lui	x27,0xc77a0	 x27=0xc77a0000
         749176	     37357	80008358	02a5d5b3	divu	x11,x11,x10	 x11:0xffffffff x10:0x00000000 x11=0xffffffff
         749196	     37358	8000835c	34002073	csrrs	x0,mscratch,x0	  x0:0x00000000  x0=0x00000000
         749616	     37379	80008360	0374b033	mulhu	x0,x9,x23	  x9:0x00000001 x23:0xc6dffa8f  x0=0x00000000
         749796	     37388	80008364	340c7773	csrrci	x14,mscratch,24	 x14=0x00000003
         750216	     37409	80008368	009bbdb3	sltu	x27,x23,x9	 x23:0xc6dffa8f  x9:0x00000001 x27=0x00000000
         750236	     37410	8000836c	0ff0000f	fence	iorw,iorw	
         750656	     37431	80008370	6431	c.lui	x8,0xc	  x8=0x0000c000
         750816	     37439	80008372	340c9273	csrrw	x4,mscratch,x25	 x25:0x00000000  x4=0x00000003
         750836	     37440	80008376	828d	c.srli	x13,0x3	 x13:0x00000000 x13=0x00000000
         750856	     37441	80008378	0272ca63	blt	x5,x7,800083ac	  x5:0xffffffff  x7:0x0000000b
         751156	     37456	800083ac	02a8e063	bltu	x17,x10,800083cc	 x17:0x00000000 x10:0x00000000
         751196	     37458	800083b0	0060d5b3	srl	x11,x1,x6	  x1:0xc6dffed4  x6:0x80021e50 x11=0x0000c6df
         751216	     37459	800083b4	00362d33	slt	x26,x12,x3	 x12:0x00000000  x3:0x00000000 x26=0x00000000
         751236	     37460	800083b8	9b7d	c.andi	x14,-1	 x14:0x00000003 x14=0x00000003
         751976	     37497	800083ba	022461b3	rem	x3,x8,x2	  x8:0x0000c000  x2:0xfef37fe9  x3=0x0000c000
         751996	     37498	800083be	2852e693	ori	x13,x5,645	  x5:0xffffffff x13=0xffffffff
         752016	     37499	800083c2	0058bd33	sltu	x26,x17,x5	 x17:0x00000000  x5:0xffffffff x26=0x00000001
         752036	     37500	800083c6	8c95	c.sub	x9,x13	  x9:0x00000001 x13:0xffffffff  x9=0x00000002
         752056	     37501	800083c8	3404a973	csrrs	x18,mscratch,x9	  x9:0x00000002 x18=0x00000000
         752076	     37502	800083cc	00d09e93	slli	x29,x1,0xd	  x1:0xc6dffed4 x29=0xffda8000
         752096	     37503	800083d0	864a	c.mv	x12,x18	  x0:0x00000000 x18:0x00000000 x12=0x00000000
         752116	     37504	800083d2	850a	c.mv	x10,x2	  x0:0x00000000  x2:0xfef37fe9 x10=0xfef37fe9
         752136	     37505	800083d4	0001	c.addi	x0,0	  x0:0x00000000  x0=0x00000000
         752156	     37506	800083d6	c595	c.beqz	x11,80008402	 x11:0x0000c6df
         752176	     37507	800083d8	0ff0000f	fence	iorw,iorw	
         752196	     37508	800083dc	89aa	c.mv	x19,x10	  x0:0x00000000 x10:0xfef37fe9 x19=0xfef37fe9
         752256	     37511	800083de	de203613	sltiu	x12,x0,-542	  x0:0x00000000 x12=0x00000001
         752276	     37512	800083e2	00b9af33	slt	x30,x19,x11	 x19:0xfef37fe9 x11:0x0000c6df x30=0x00000001
         752296	     37513	800083e6	8641	c.srai	x12,0x10	 x12:0x00000001 x12=0x00000000
         752336	     37515	800083e8	01ae00b3	add	x1,x28,x26	 x28:0x269fc3a0 x26:0x00000001  x1=0x269fc3a1
         752376	     37517	800083ec	032fe3b3	rem	x7,x31,x18	 x31:0x80025ce4 x18:0x00000000  x7=0x80025ce4
         752596	     37528	800083f0	8e05	c.sub	x12,x9	 x12:0x00000000  x9:0x00000002 x12=0xfffffffe
         752776	     37537	800083f2	01dc2533	slt	x10,x24,x29	 x24:0xfffffb1c x29:0xffda8000 x10=0x00000000
         752816	     37539	800083f6	02bf2933	mulhsu	x18,x30,x11	 x30:0x00000001 x11:0x0000c6df x18=0x00000000
         752836	     37540	800083fa	00a20663	beq	x4,x10,80008406	  x4:0x00000003 x10:0x00000000
         752856	     37541	800083fe	8fe795b7	lui	x11,0x8fe79	 x11=0x8fe79000
         752876	     37542	80008402	0ff0000f	fence	iorw,iorw	
         752916	     37544	80008406	032f9163	bne	x31,x18,80008428	 x31:0x80025ce4 x18:0x00000000
         753916	     37594	80008428	8d05	c.sub	x10,x9	 x10:0x00000000  x9:0x00000002 x10=0xfffffffe
         753936	     37595	8000842a	8d95	c.sub	x11,x13	 x11:0x8fe79000 x13:0xffffffff x11=0x8fe79001
         753956	     37596	8000842c	8dc5	c.or	x11,x9	 x11:0x8fe79001  x9:0x00000002 x11=0x8fe79003
         754056	     37601	8000842e	34002073	csrrs	x0,mscratch,x0	  x0:0x00000000  x0=0x00000000
         754236	     37610	80008432	01c4a533	slt	x10,x9,x28	  x9:0x00000002 x28:0x269fc3a0 x10=0x00000001
         755176	     37657	80008436	029056b3	divu	x13,x0,x9	  x0:0x00000000  x9:0x00000002 x13=0x00000000
         755196	     37658	8000843a	0031f533	and	x10,x3,x3	  x3:0x0000c000  x3:0x0000c000 x10=0x0000c000
         755216	     37659	8000843e	8dd5	c.or	x11,x13	 x11:0x8fe79003 x13:0x00000000 x11=0x8fe79003
         755236	     37660	80008440	9476	c.add	x8,x29	  x8:0x0000c000 x29:0xffda8000  x8=0xffdb4000
         755316	     37664	80008442	000979b3	and	x19,x18,x0	 x18:0x00000000  x0:0x00000000 x19=0x00000000
         755336	     37665	80008446	0407f063	bgeu	x15,x0,80008486	 x15:0x00000000  x0:0x00000000
         755936	     37695	80008486	340bb8f3	csrrc	x17,mscratch,x23	 x23:0xc6dffa8f x17=0x00000002
         755956	     37696	8000848a	ee82deb7	lui	x29,0xee82d	 x29=0xee82d000
         778616	     38829	8000848e	34091073	csrrw	x0,mscratch,x18	 x18:0x00000000  x0=0x00000000
         778636	     38830	80008492	01e05133	srl	x2,x0,x30	  x0:0x00000000 x30:0x00000001  x2=0x00000000
         778656	     38831	80008496	3408f873	csrrci	x16,mscratch,17	 x16=0x00000000
         778676	     38832	8000849a	97be	c.add	x15,x15	 x15:0x00000000 x15:0x00000000 x15=0x00000000
         778696	     38833	8000849c	0171f4b3	and	x9,x3,x23	  x3:0x0000c000 x23:0xc6dffa8f  x9=0x0000c000
         778716	     38834	800084a0	9d42c513	xori	x10,x5,-1580	  x5:0xffffffff x10=0x0000062b
         778736	     38835	800084a4	0000100f	fence.i	
         778796	     38838	800084a8	5cfd	c.li	x25,-1	 x25=0xffffffff
         778816	     38839	800084aa	005ecf33	xor	x30,x29,x5	 x29:0xee82d000  x5:0xffffffff x30=0x117d2fff
         778836	     38840	800084ae	038e0363	beq	x28,x24,800084d4	 x28:0x269fc3a0 x24:0xfffffb1c
         778856	     38841	800084b2	8749	c.srai	x14,0x12	 x14:0x00000003 x14=0x00000000
         779256	     38861	800084b4	e185	c.bnez	x11,800084d4	 x11:0x8fe79003
         779436	     38870	800084d4	016c0bb3	add	x23,x24,x22	 x24:0xfffffb1c x22:0x00000002 x23=0xfffffb1e
         779456	     38871	800084d8	91be	c.add	x3,x15	  x3:0x0000c000 x15:0x00000000  x3=0x0000c000
         779656	     38881	800084da	340065f3	csrrsi	x11,mscratch,0	 x11=0x00000000
         779856	     38891	800084de	e35ff413	andi	x8,x31,-459	 x31:0x80025ce4  x8=0x80025c24
         779916	     38894	800084e2	02750663	beq	x10,x7,8000850e	 x10:0x0000062b  x7:0x80025ce4
         779936	     38895	800084e6	340dbc73	csrrc	x24,mscratch,x27	 x27:0x00000000 x24=0x00000000
         781076	     38952	800084ea	0346e133	rem	x2,x13,x20	 x13:0x00000000 x20:0x00000001  x2=0x00000000
         781096	     38953	800084ee	008e7cb3	and	x25,x28,x8	 x28:0x269fc3a0  x8:0x80025c24 x25=0x00024020
         781116	     38954	800084f2	000725b3	slt	x11,x14,x0	 x14:0x00000000  x0:0x00000000 x11=0x00000000
         781136	     38955	800084f6	340076f3	csrrci	x13,mscratch,0	 x13=0x00000000
         781156	     38956	800084fa	01bdbd33	sltu	x26,x27,x27	 x27:0x00000000 x27:0x00000000 x26=0x00000000
         781176	     38957	800084fe	e6714093	xori	x1,x2,-409	  x2:0x00000000  x1=0xfffffe67
         781196	     38958	80008502	08ba	c.slli	x17,0xe	 x17:0x00000002 x17=0x00008000
         781236	     38960	80008504	0399aa33	mulhsu	x20,x19,x25	 x19:0x00000000 x25:0x00024020 x20=0x00000000
         781516	     38974	80008508	031a7f63	bgeu	x20,x17,80008546	 x20:0x00000000 x17:0x00008000
         781756	     38986	8000850c	5afd	c.li	x21,-1	 x21=0xffffffff
         781796	     38988	8000850e	02ef5633	divu	x12,x30,x14	 x30:0x117d2fff x14:0x00000000 x12=0xffffffff
         781836	     38990	80008512	022db133	mulhu	x2,x27,x2	 x27:0x00000000  x2:0x00000000  x2=0x00000000
         781856	     38991	80008516	0001	c.addi	x0,0	  x0:0x00000000  x0=0x00000000
         782216	     39009	80008518	0ff0000f	fence	iorw,iorw	
         782236	     39010	8000851c	f84faf17	auipc	x30,0xf84fa	 x30=0x7850251c
         782256	     39011	80008520	2d8ba013	slti	x0,x23,728	 x23:0xfffffb1e  x0=0x00000000
         782276	     39012	80008524	8dfd	c.and	x11,x15	 x11:0x00000000 x15:0x00000000 x11=0x00000000
         782696	     39033	80008526	01756933	or	x18,x10,x23	 x10:0x0000062b x23:0xfffffb1e x18=0xffffff3f
         782716	     39034	8000852a	01cdd563	bge	x27,x28,80008534	 x27:0x00000000 x28:0x269fc3a0
         783136	     39055	8000852e	22584893	xori	x17,x16,549	 x16:0x00000000 x17=0x00000225
         783156	     39056	80008532	8a1d	c.andi	x12,7	 x12:0xffffffff x12=0x00000007
         783176	     39057	80008534	0f2d	c.addi	x30,11	 x30:0x7850251c x30=0x78502527
         783196	     39058	80008536	8141	c.srli	x10,0x10	 x10:0x0000062b x10=0x00000000
         783936	     39095	80008538	0211d6b3	divu	x13,x3,x1	  x3:0x0000c000  x1:0xfffffe67 x13=0x00000000
         783956	     39096	8000853c	f3cc7813	andi	x16,x24,-196	 x24:0x00000000 x16=0x00000000
         783976	     39097	80008540	055d	c.addi	x10,23	 x10:0x00000000 x10=0x00000017
         784016	     39099	80008542	02a81733	mulh	x14,x16,x10	 x16:0x00000000 x10:0x00000017 x14=0x00000000
         784036	     39100	80008546	cc83a493	slti	x9,x7,-824	  x7:0x80025ce4  x9=0x00000001
         784056	     39101	8000854a	ed85	c.bnez	x11,80008582	 x11:0x00000000
         784076	     39102	8000854c	cc16a213	slti	x4,x13,-831	 x13:0x00000000  x4=0x00000000
         784096	     39103	80008550	00356db3	or	x27,x10,x3	 x10:0x00000017  x3:0x0000c000 x27=0x0000c017
         784136	     39105	80008554	02e023b3	mulhsu	x7,x0,x14	  x0:0x00000000 x14:0x00000000  x7=0x00000000
         784296	     39113	80008558	02f7ea33	rem	x20,x15,x15	 x15:0x00000000 x15:0x00000000 x20=0x00000000
         784316	     39114	8000855c	8e05	c.sub	x12,x9	 x12:0x00000007  x9:0x00000001 x12=0x00000006
         784716	     39134	8000855e	0ff0000f	fence	iorw,iorw	
         784736	     39135	80008562	9666	c.add	x12,x25	 x12:0x00000006 x25:0x00024020 x12=0x00024026
         785136	     39155	80008564	0452e563	bltu	x5,x5,800085ae	  x5:0xffffffff  x5:0xffffffff
         785876	     39192	80008568	0374ea33	rem	x20,x9,x23	  x9:0x00000001 x23:0xfffffb1e x20=0x00000001
         785896	     39193	8000856c	0125cb63	blt	x11,x18,80008582	 x11:0x00000000 x18:0xffffff3f
         785936	     39195	80008570	038a96b3	mulh	x13,x21,x24	 x21:0xffffffff x24:0x00000000 x13=0x00000000
         785956	     39196	80008574	f7c0f013	andi	x0,x1,-132	  x1:0xfffffe67  x0=0x00000000
         786356	     39216	80008578	8811	c.andi	x8,4	  x8:0x80025c24  x8=0x00000004
         786436	     39220	8000857a	0026f563	bgeu	x13,x2,80008584	 x13:0x00000000  x2:0x00000000
         786696	     39233	80008584	340cd773	csrrwi	x14,mscratch,25	 x14=0x00000000
         786896	     39243	80008588	21660037	lui	x0,0x21660	  x0=0x00000000
         786916	     39244	8000858c	0ff0000f	fence	iorw,iorw	
         786936	     39245	80008590	0001	c.addi	x0,0	  x0:0x00000000  x0=0x00000000
         787056	     39251	80008592	439fed93	ori	x27,x31,1081	 x31:0x80025ce4 x27=0x80025cfd
         787236	     39260	80008596	340b3273	csrrc	x4,mscratch,x22	 x22:0x00000002  x4=0x00000019
         787416	     39269	8000859a	340029f3	csrrs	x19,mscratch,x0	  x0:0x00000000 x19=0x00000019
         787516	     39274	8000859e	340c5973	csrrwi	x18,mscratch,24	 x18=0x00000019
         787536	     39275	800085a2	d3ba6d93	ori	x27,x20,-709	 x20:0x00000001 x27=0xfffffd3b
         787676	     39282	800085a6	bc612e93	slti	x29,x2,-1082	  x2:0x00000000 x29=0x00000000
         787696	     39283	800085aa	028e0663	beq	x28,x8,800085d6	 x28:0x269fc3a0  x8:0x00000004
         787716	     39284	800085ae	01a4b033	sltu	x0,x9,x26	  x9:0x00000001 x26:0x00000000  x0=0x00000000
         787736	     39285	800085b2	c195	c.beqz	x11,800085d6	 x11:0x00000000
         788676	     39332	800085d6	c619	c.beqz	x12,800085e4	 x12:0x00024026
         788896	     39343	800085d8	f8b5ca93	xori	x21,x11,-117	 x11:0x00000000 x21=0xffffff8b
         788916	     39344	800085dc	01354963	blt	x10,x19,800085ee	 x10:0x00000017 x19:0x00000019
         789376	     39367	800085ee	813acd93	xori	x27,x21,-2029	 x21:0xffffff8b x27=0x00000798
         789396	     39368	800085f2	00a90733	add	x14,x18,x10	 x18:0x00000019 x10:0x00000017 x14=0x00000030
         789416	     39369	800085f6	6159	c.addi16sp	x2,400	  x2:0x00000000  x2=0x00000190
         789776	     39387	800085f8	0142d293	srli	x5,x5,0x14	  x5:0xffffffff  x5=0x00000fff
         790916	     39444	800085fc	02caceb3	div	x29,x21,x12	 x21:0xffffff8b x12:0x00024026 x29=0x00000000
         790936	     39445	80008600	34007b73	csrrci	x22,mscratch,0	 x22=0x00000018
         790956	     39446	80008604	badc6c93	ori	x25,x24,-1107	 x24:0x00000000 x25=0xfffffbad
         790976	     39447	80008608	01a2c3b3	xor	x7,x5,x26	  x5:0x00000fff x26:0x00000000  x7=0x00000fff
         790996	     39448	8000860c	0059e533	or	x10,x19,x5	 x19:0x00000019  x5:0x00000fff x10=0x00000fff
         791016	     39449	80008610	8fb9	c.xor	x15,x14	 x15:0x00000000 x14:0x00000030 x15=0x00000030
         791036	     39450	80008612	02dc6e63	bltu	x24,x13,8000864e	 x24:0x00000000 x13:0x00000000
         791296	     39463	80008616	012c3233	sltu	x4,x24,x18	 x24:0x00000000 x18:0x00000019  x4=0x00000001
         791376	     39467	8000861a	00d8bc33	sltu	x24,x17,x13	 x17:0x00000225 x13:0x00000000 x24=0x00000000
         791676	     39482	8000861e	01c04033	xor	x0,x0,x28	  x0:0x00000000 x28:0x269fc3a0  x0=0x00000000
         791696	     39483	80008622	8c3d	c.xor	x8,x15	  x8:0x00000004 x15:0x00000030  x8=0x00000034
         791736	     39485	80008624	03023db3	mulhu	x27,x4,x16	  x4:0x00000001 x16:0x00000000 x27=0x00000000
         791756	     39486	80008628	340a51f3	csrrwi	x3,mscratch,20	  x3=0x00000018
         791776	     39487	8000862c	ca91	c.beqz	x13,80008640	 x13:0x00000000
         792376	     39517	80008640	cd89	c.beqz	x11,8000865a	 x11:0x00000000
         792916	     39544	8000865a	8fdd	c.or	x15,x15	 x15:0x00000030 x15:0x00000030 x15=0x00000030
         792936	     39545	8000865c	88822017	auipc	x0,0x88822	  x0=0x00000000
         793156	     39556	80008660	034fe763	bltu	x31,x20,8000868e	 x31:0x80025ce4 x20:0x00000001
         793576	     39577	80008664	0ff0000f	fence	iorw,iorw	
         793596	     39578	80008668	8fc5	c.or	x15,x9	 x15:0x00000030  x9:0x00000001 x15=0x00000031
         793616	     39579	8000866a	944e	c.add	x8,x19	  x8:0x00000034 x19:0x00000019  x8=0x0000004d
         794016	     39599	8000866c	41048d33	sub	x26,x9,x16	  x9:0x00000001 x16:0x00000000 x26=0x00000001
         794216	     39609	80008670	ec1d	c.bnez	x8,800086ae	  x8:0x0000004d
         795736	     39685	800086ae	ed8d	c.bnez	x11,800086e8	 x11:0x00000000
         795916	     39694	800086b0	34022cf3	csrrs	x25,mscratch,x4	  x4:0x00000001 x25=0x00000014
         795936	     39695	800086b4	340b2ef3	csrrs	x29,mscratch,x22	 x22:0x00000018 x29=0x00000015
         795956	     39696	800086b8	9de6	c.add	x27,x25	 x27:0x00000000 x25:0x00000014 x27=0x00000014
         795976	     39697	800086ba	3404fcf3	csrrci	x25,mscratch,9	 x25=0x0000001d
         796016	     39699	800086be	01d031b3	sltu	x3,x0,x29	  x0:0x00000000 x29:0x00000015  x3=0x00000001
         796376	     39717	800086c2	4049d1b3	sra	x3,x19,x4	 x19:0x00000019  x4:0x00000001  x3=0x0000000c
         796456	     39721	800086c6	40c18433	sub	x8,x3,x12	  x3:0x0000000c x12:0x00024026  x8=0xfffdbfe6
         796576	     39727	800086ca	02510633	mul	x12,x2,x5	  x2:0x00000190  x5:0x00000fff x12=0x0018fe70
         796676	     39732	800086ce	025fed93	ori	x27,x31,37	 x31:0x80025ce4 x27=0x80025ce5
         797496	     39773	800086d2	03c44833	div	x16,x8,x28	  x8:0xfffdbfe6 x28:0x269fc3a0 x16=0x00000000
         797516	     39774	800086d6	002ed233	srl	x4,x29,x2	 x29:0x00000015  x2:0x00000190  x4=0x00000000
         797536	     39775	800086da	00adfd63	bgeu	x27,x10,800086f4	 x27:0x80025ce5 x10:0x00000fff
         797676	     39782	800086f4	00d30033	add	x0,x6,x13	  x6:0x80021e50 x13:0x00000000  x0=0x00000000
         797716	     39784	800086f8	0d18	c.addi4spn	x14,x2,656	 x14=0x00000420
         797876	     39792	800086fa	007e35b3	sltu	x11,x28,x7	 x28:0x269fc3a0  x7:0x00000fff x11=0x00000000
         797896	     39793	800086fe	0001	c.addi	x0,0	  x0:0x00000000  x0=0x00000000
         798056	     39801	80008700	0cb2	c.slli	x25,0xc	 x25:0x0000001d x25=0x0001d000
         798496	     39823	80008702	0274bd33	mulhu	x26,x9,x7	  x9:0x00000001  x7:0x00000fff x26=0x00000000
         798516	     39824	80008706	0000100f	fence.i	
         799416	     39869	8000870a	03357763	bgeu	x10,x19,80008738	 x10:0x00000fff x19:0x00000019
         799596	     39878	80008738	41f58533	sub	x10,x11,x31	 x11:0x00000000 x31:0x80025ce4 x10=0x7ffda31c
         799756	     39886	8000873c	4167da13	srai	x20,x15,0x16	 x15:0x00000031 x20=0x00000000
         800776	     39937	80008740	03e045b3	div	x11,x0,x30	  x0:0x00000000 x30:0x78502527 x11=0x00000000
         800796	     39938	80008744	0189fb63	bgeu	x19,x24,8000875a	 x19:0x00000019 x24:0x00000000
         808916	     40344	8000875a	02b01a33	mulh	x20,x0,x11	  x0:0x00000000 x11:0x00000000 x20=0x00000000
         808936	     40345	8000875e	340dfcf3	csrrci	x25,mscratch,27	 x25=0x00000014
         808956	     40346	80008762	1688	c.addi4spn	x10,x2,864	 x10=0x000004f0
         808976	     40347	80008764	8db1	c.xor	x11,x12	 x11:0x00000000 x12:0x0018fe70 x11=0x0018fe70
         808996	     40348	80008766	8605	c.srai	x12,0x1	 x12:0x0018fe70 x12=0x000c7f38
         809736	     40385	80008768	02fd6c33	rem	x24,x26,x15	 x26:0x00000000 x15:0x00000031 x24=0x00000000
         809756	     40386	8000876c	340b1573	csrrw	x10,mscratch,x22	 x22:0x00000018 x10=0x00000004
         809796	     40388	80008770	02ad3c33	mulhu	x24,x26,x10	 x26:0x00000000 x10:0x00000004 x24=0x00000000
         809816	     40389	80008774	340066f3	csrrsi	x13,mscratch,0	 x13=0x00000018
         809856	     40391	80008778	0373b1b3	mulhu	x3,x7,x23	  x7:0x00000fff x23:0xfffffb1e  x3=0x00000ffe
         809876	     40392	8000877c	0eb2	c.slli	x29,0xc	 x29:0x00000015 x29=0x00015000
         809896	     40393	8000877e	9a76	c.add	x20,x29	 x20:0x00000000 x29:0x00015000 x20=0x00015000
         810136	     40405	80008780	01d5ff63	bgeu	x11,x29,8000879e	 x11:0x0018fe70 x29:0x00015000
         810676	     40432	8000879e	8e99	c.sub	x13,x14	 x13:0x00000018 x14:0x00000420 x13=0xfffffbf8
         810716	     40434	800087a0	019d25b3	slt	x11,x26,x25	 x26:0x00000000 x25:0x00000014 x11=0x00000001
         810816	     40439	800087a4	07fe	c.slli	x15,0x1f	 x15:0x00000031 x15=0x80000000
         810836	     40440	800087a6	82e1	c.srli	x13,0x18	 x13:0xfffffbf8 x13=0x000000ff
         810856	     40441	800087a8	e489	c.bnez	x9,800087b2	  x9:0x00000001
         811156	     40456	800087b2	8fcd	c.or	x15,x11	 x15:0x80000000 x11:0x00000001 x15=0x80000001
         811196	     40458	800087b4	03af7633	remu	x12,x30,x26	 x30:0x78502527 x26:0x00000000 x12=0x78502527
         811256	     40461	800087b8	0d08	c.addi4spn	x10,x2,656	 x10=0x00000420
         811276	     40462	800087ba	02740763	beq	x8,x7,800087e8	  x8:0xfffdbfe6  x7:0x00000fff
         811316	     40464	800087be	03bfbcb3	mulhu	x25,x31,x27	 x31:0x80025ce4 x27:0x80025ce5 x25=0x40025cea
         812196	     40508	800087c2	02be6f33	rem	x30,x28,x11	 x28:0x269fc3a0 x11:0x00000001 x30=0x00000000
         812216	     40509	800087c6	8f8d	c.sub	x15,x11	 x15:0x80000001 x11:0x00000001 x15=0x80000000
         812236	     40510	800087c8	b8033793	sltiu	x15,x6,-1152	  x6:0x80021e50 x15=0x00000001
         812256	     40511	800087cc	16fd	c.addi	x13,-1	 x13:0x000000ff x13=0x000000fe
         812996	     40548	800087ce	02dcd133	divu	x2,x25,x13	 x25:0x40025cea x13:0x000000fe  x2=0x00408363
         813016	     40549	800087d2	04dfd363	bge	x31,x13,80008818	 x31:0x80025ce4 x13:0x000000fe
         813036	     40550	800087d6	3404a3f3	csrrs	x7,mscratch,x9	  x9:0x00000001  x7=0x00000018
         813056	     40551	800087da	00fd8a63	beq	x27,x15,800087ee	 x27:0x80025ce5 x15:0x00000001
         813076	     40552	800087de	93a2	c.add	x7,x8	  x7:0x00000018  x8:0xfffdbfe6  x7=0xfffdbffe
         813096	     40553	800087e0	4e384293	xori	x5,x16,1251	 x16:0x00000000  x5=0x000004e3
         813116	     40554	800087e4	7577a813	slti	x16,x15,1879	 x15:0x00000001 x16=0x00000001
         813136	     40555	800087e8	8019	c.srli	x8,0x6	  x8:0xfffdbfe6  x8=0x03fff6ff
         813176	     40557	800087ea	03912cb3	mulhsu	x25,x2,x25	  x2:0x00408363 x25:0x40025cea x25=0x00102171
         813196	     40558	800087ee	0001	c.addi	x0,0	  x0:0x00000000  x0=0x00000000
         813216	     40559	800087f0	340068f3	csrrsi	x17,mscratch,0	 x17=0x00000019
         813336	     40565	800087f4	340d59f3	csrrwi	x19,mscratch,26	 x19=0x00000019
         813356	     40566	800087f8	8e99	c.sub	x13,x14	 x13:0x000000fe x14:0x00000420 x13=0xfffffcde
         813376	     40567	800087fa	d42bf593	andi	x11,x23,-702	 x23:0xfffffb1e x11=0xfffff902
         813396	     40568	800087fe	0001	c.addi	x0,0	  x0:0x00000000  x0=0x00000000
         813436	     40570	80008800	025fbcb3	mulhu	x25,x31,x5	 x31:0x80025ce4  x5:0x000004e3 x25=0x00000271
         813816	     40589	80008804	0000100f	fence.i	
         814316	     40614	80008808	00432233	slt	x4,x6,x4	  x6:0x80021e50  x4:0x00000000  x4=0x00000001
         814736	     40635	8000880c	2ed0ad93	slti	x27,x1,749	  x1:0xfffffe67 x27=0x00000001
         815156	     40656	80008810	01e54f63	blt	x10,x30,8000882e	 x10:0x00000420 x30:0x00000000
         815176	     40657	80008814	03924363	blt	x4,x25,8000883a	  x4:0x00000001 x25:0x00000271
         815676	     40682	8000883a	e881	c.bnez	x9,8000884a	  x9:0x00000001
         816336	     40715	8000884a	01338133	add	x2,x7,x19	  x7:0xfffdbffe x19:0x00000019  x2=0xfffdc017
         816356	     40716	8000884e	8cc5	c.or	x9,x9	  x9:0x00000001  x9:0x00000001  x9=0x00000001
         816696	     40733	80008850	34007af3	csrrci	x21,mscratch,0	 x21=0x0000001a
         816896	     40743	80008854	8e2d	c.xor	x12,x11	 x12:0x78502527 x11:0xfffff902 x12=0x87afdc25
         817036	     40750	80008856	023309b3	mul	x19,x6,x3	  x6:0x80021e50  x3:0x00000ffe x19=0x21e0c360
         817056	     40751	8000885a	86b1	c.srai	x13,0xc	 x13:0xfffffcde x13=0xffffffff
         817076	     40752	8000885c	9e86	c.add	x29,x1	 x29:0x00015000  x1:0xfffffe67 x29=0x00014e67
         817176	     40757	8000885e	0059ddb3	srl	x27,x19,x5	 x19:0x21e0c360  x5:0x000004e3 x27=0x043c186c
         817236	     40760	80008862	29e3fcb7	lui	x25,0x29e3f	 x25=0x29e3f000
         817296	     40763	80008866	418d5693	srai	x13,x26,0x18	 x26:0x00000000 x13=0x00000000
         817556	     40776	8000886a	01e81493	slli	x9,x16,0x1e	 x16:0x00000001  x9=0x40000000
         817576	     40777	8000886e	941a	c.add	x8,x6	  x8:0x03fff6ff  x6:0x80021e50  x8=0x8402154f
         817596	     40778	80008870	b6a88d93	addi	x27,x17,-1174	 x17:0x00000019 x27=0xfffffb83
         817616	     40779	80008874	3dc80813	addi	x16,x16,988	 x16:0x00000001 x16=0x000003dd
         817636	     40780	80008878	00935293	srli	x5,x6,0x9	  x6:0x80021e50  x5=0x0040010f
         817656	     40781	8000887c	9cb3b617	auipc	x12,0x9cb3b	 x12=0x1cb4387c
         817676	     40782	80008880	017b9d93	slli	x27,x23,0x17	 x23:0xfffffb1e x27=0x8f000000
         817696	     40783	80008884	66b1	c.lui	x13,0xc	 x13=0x0000c000
         817716	     40784	80008886	009dddb3	srl	x27,x27,x9	 x27:0x8f000000  x9:0x40000000 x27=0x8f000000
         817736	     40785	8000888a	6a05	c.lui	x20,0x1	 x20=0x00001000
         817856	     40791	8000888c	119c	c.addi4spn	x15,x2,224	 x15=0xfffdc0f7
         817936	     40795	8000888e	4ff4fa13	andi	x20,x9,1279	  x9:0x40000000 x20=0x00000000
         817976	     40797	80008892	03ee59b3	divu	x19,x28,x30	 x28:0x269fc3a0 x30:0x00000000 x19=0xffffffff
         818176	     40807	80008896	340cd0f3	csrrwi	x1,mscratch,25	  x1=0x0000001a
         818196	     40808	8000889a	e919	c.bnez	x10,800088b0	 x10:0x00000420
         818536	     40825	800088b0	40d954b3	sra	x9,x18,x13	 x18:0x00000019 x13:0x0000c000  x9=0x00000019
         818556	     40826	800088b4	00527b63	bgeu	x4,x5,800088ca	  x4:0x00000001  x5:0x0040010f
         818576	     40827	800088b8	3402b6f3	csrrc	x13,mscratch,x5	  x5:0x0040010f x13=0x00000019
         818596	     40828	800088bc	3408d973	csrrwi	x18,mscratch,17	 x18=0x00000010
         818616	     40829	800088c0	6de9	c.lui	x27,0x1a	 x27=0x0001a000
         818636	     40830	800088c2	0096f533	and	x10,x13,x9	 x13:0x00000019  x9:0x00000019 x10=0x00000019
         819476	     40872	800088c6	02ff5433	divu	x8,x30,x15	 x30:0x00000000 x15:0xfffdc0f7  x8=0x00000000
         819496	     40873	800088ca	8ee6	c.mv	x29,x25	  x0:0x00000000 x25:0x29e3f000 x29=0x29e3f000
         819516	     40874	800088cc	40a5dbb3	sra	x23,x11,x10	 x11:0xfffff902 x10:0x00000019 x23=0xffffffff
         819536	     40875	800088d0	0144d2b3	srl	x5,x9,x20	  x9:0x00000019 x20:0x00000000  x5=0x00000019
         820276	     40912	800088d4	02d64b33	div	x22,x12,x13	 x12:0x1cb4387c x13:0x00000019 x22=0x0125edc7
         820296	     40913	800088d8	009dfbb3	and	x23,x27,x9	 x27:0x0001a000  x9:0x00000019 x23=0x00000000
         820316	     40914	800088dc	00731213	slli	x4,x6,0x7	  x6:0x80021e50  x4=0x010f2800
         821056	     40951	800088e0	0396e433	rem	x8,x13,x25	 x13:0x00000019 x25:0x29e3f000  x8=0x00000019
         821076	     40952	800088e4	8e71	c.and	x12,x12	 x12:0x1cb4387c x12:0x1cb4387c x12=0x1cb4387c
         821096	     40953	800088e6	8c39	c.xor	x8,x14	  x8:0x00000019 x14:0x00000420  x8=0x00000439
         821836	     40990	800088e8	030673b3	remu	x7,x12,x16	 x12:0x1cb4387c x16:0x000003dd  x7=0x000000cf
         822576	     41027	800088ec	02ec46b3	div	x13,x24,x14	 x24:0x00000000 x14:0x00000420 x13=0x00000000
         822596	     41028	800088f0	05847b13	andi	x22,x8,88	  x8:0x00000439 x22=0x00000018
         822616	     41029	800088f4	340b99f3	csrrw	x19,mscratch,x23	 x23:0x00000000 x19=0x00000011
         822636	     41030	800088f8	3407eaf3	csrrsi	x21,mscratch,15	 x21=0x00000000
         822656	     41031	800088fc	8d7d	c.and	x10,x15	 x10:0x00000019 x15:0xfffdc0f7 x10=0x00000011
         822676	     41032	800088fe	0001	c.addi	x0,0	  x0:0x00000000  x0=0x00000000
         822696	     41033	80008900	725ccb93	xori	x23,x25,1829	 x25:0x29e3f000 x23=0x29e3f725
         822716	     41034	80008904	41f4df33	sra	x30,x9,x31	  x9:0x00000019 x31:0x80025ce4 x30=0x00000001
         822736	     41035	80008908	02fe0663	beq	x28,x15,80008934	 x28:0x269fc3a0 x15:0xfffdc0f7
         822916	     41044	8000890c	340662f3	csrrsi	x5,mscratch,12	  x5=0x0000000f
         823296	     41063	80008910	025cba33	mulhu	x20,x25,x5	 x25:0x29e3f000  x5:0x0000000f x20=0x00000002
         823316	     41064	80008914	8ef5	c.and	x13,x13	 x13:0x00000000 x13:0x00000000 x13=0x00000000
         823336	     41065	80008916	8d25	c.xor	x10,x9	 x10:0x00000011  x9:0x00000019 x10=0x00000008
         824076	     41102	80008918	0215d833	divu	x16,x11,x1	 x11:0xfffff902  x1:0x0000001a x16=0x09d89d45
         824096	     41103	8000891c	71236c97	auipc	x25,0x71236	 x25=0xf123e91c
         824116	     41104	80008920	02ab8233	mul	x4,x23,x10	 x23:0x29e3f725 x10:0x00000008  x4=0x4f1fb928
         824136	     41105	80008924	04230063	beq	x6,x2,80008964	  x6:0x80021e50  x2:0xfffdc017
         824156	     41106	80008928	1c6f4a13	xori	x20,x30,454	 x30:0x00000001 x20=0x000001c7
         824176	     41107	8000892c	02b8f363	bgeu	x17,x11,80008952	 x17:0x00000019 x11:0xfffff902
         824936	     41145	80008930	02bf70b3	remu	x1,x30,x11	 x30:0x00000001 x11:0xfffff902  x1=0x00000001
         824956	     41146	80008934	cf0c4c93	xori	x25,x24,-784	 x24:0x00000000 x25=0xfffffcf0
         824976	     41147	80008938	8c09	c.sub	x8,x10	  x8:0x00000439 x10:0x00000008  x8=0x00000431
         824996	     41148	8000893a	4bc9c393	xori	x7,x19,1212	 x19:0x00000011  x7=0x000004ad
         825016	     41149	8000893e	3401d873	csrrwi	x16,mscratch,3	 x16=0x0000000f
         825036	     41150	80008942	00970bb3	add	x23,x14,x9	 x14:0x00000420  x9:0x00000019 x23=0x00000439
         825076	     41152	80008946	e3dac513	xori	x10,x21,-451	 x21:0x00000000 x10=0xfffffe3d
         825096	     41153	8000894a	47f9	c.li	x15,30	 x15=0x0000001e
         825116	     41154	8000894c	84bd	c.srai	x9,0xf	  x9:0x00000019  x9=0x00000000
         825236	     41160	8000894e	0ff0000f	fence	iorw,iorw	
         825256	     41161	80008952	0ab6	c.slli	x21,0xd	 x21:0x00000000 x21=0x00000000
         825656	     41181	80008954	03444963	blt	x8,x20,80008986	  x8:0x00000431 x20:0x000001c7
         825836	     41190	80008958	34006673	csrrsi	x12,mscratch,0	 x12=0x00000003
         825856	     41191	8000895c	ff1c0693	addi	x13,x24,-15	 x24:0x00000000 x13=0xfffffff1
         825916	     41194	80008960	eaf4a493	slti	x9,x9,-337	  x9:0x00000000  x9=0x00000000
         826736	     41235	80008964	02275a33	divu	x20,x14,x2	 x14:0x00000420  x2:0xfffdc017 x20=0x00000000
         826776	     41237	80008968	03a54633	div	x12,x10,x26	 x10:0xfffffe3d x26:0x00000000 x12=0xffffffff
         826796	     41238	8000896c	e029	c.bnez	x8,800089ae	  x8:0x00000431
         826916	     41244	800089ae	018fb533	sltu	x10,x31,x24	 x31:0x80025ce4 x24:0x00000000 x10=0x00000000
         826936	     41245	800089b2	02b208b3	mul	x17,x4,x11	  x4:0x4f1fb928 x11:0xfffff902 x17=0xc02f5a50
         827216	     41259	800089b6	005e8bb3	add	x23,x29,x5	 x29:0x29e3f000  x5:0x0000000f x23=0x29e3f00f
         827236	     41260	800089ba	80f9	c.srli	x9,0x1e	  x9:0x00000000  x9=0x00000000
         827256	     41261	800089bc	01caadb3	slt	x27,x21,x28	 x21:0x00000000 x28:0x269fc3a0 x27=0x00000001
         827656	     41281	800089c0	03578db3	mul	x27,x15,x21	 x15:0x0000001e x21:0x00000000 x27=0x00000000
         827676	     41282	800089c4	00cc9f33	sll	x30,x25,x12	 x25:0xfffffcf0 x12:0xffffffff x30=0x00000000
         828096	     41303	800089c8	0001eb33	or	x22,x3,x0	  x3:0x00000ffe  x0:0x00000000 x22=0x00000ffe
         828516	     41324	800089cc	34a4bc37	lui	x24,0x34a4b	 x24=0x34a4b000
         828556	     41326	800089d0	021116b3	mulh	x13,x2,x1	  x2:0xfffdc017  x1:0x00000001 x13=0xffffffff
         828576	     41327	800089d4	16fd	c.addi	x13,-1	 x13:0xffffffff x13=0xfffffffe
         828596	     41328	800089d6	8fe5	c.and	x15,x9	 x15:0x0000001e  x9:0x00000000 x15=0x00000000
         828636	     41330	800089d8	6a59	c.lui	x20,0x16	 x20=0x00016000
         828656	     41331	800089da	0595	c.addi	x11,5	 x11:0xfffff902 x11=0xfffff907
         828676	     41332	800089dc	00dde963	bltu	x27,x13,800089ee	 x27:0x00000000 x13:0xfffffffe
         829616	     41379	800089ee	02b612b3	mulh	x5,x12,x11	 x12:0xffffffff x11:0xfffff907  x5=0x00000000
         829636	     41380	800089f2	ef11	c.bnez	x14,80008a0e	 x14:0x00000420
         830336	     41415	80008a0e	0001	c.addi	x0,0	  x0:0x00000000  x0=0x00000000
         830796	     41438	80008a10	cf99	c.beqz	x15,80008a2e	 x15:0x00000000
         831616	     41479	80008a2e	055af063	bgeu	x21,x21,80008a6e	 x21:0x00000000 x21:0x00000000
         832116	     41504	80008a6e	8241	c.srli	x12,0x10	 x12:0xffffffff x12=0x0000ffff
         832236	     41510	80008a70	80e9	c.srli	x9,0x1a	  x9:0x00000000  x9=0x00000000
         832256	     41511	80008a72	05fd	c.addi	x11,31	 x11:0xfffff907 x11=0xfffff926
         832356	     41516	80008a74	8ae5	c.andi	x13,25	 x13:0xfffffffe x13=0x00000018
         832376	     41517	80008a76	01f14563	blt	x2,x31,80008a80	  x2:0xfffdc017 x31:0x80025ce4
         832576	     41527	80008a7a	010f3ab3	sltu	x21,x30,x16	 x30:0x00000000 x16:0x0000000f x21=0x00000001
         832596	     41528	80008a7e	8e09	c.sub	x12,x10	 x12:0x0000ffff x10:0x00000000 x12=0x0000ffff
         832616	     41529	80008a80	1bfd	c.addi	x23,-1	 x23:0x29e3f00f x23=0x29e3f00e
         832976	     41547	80008a82	027b80b3	mul	x1,x23,x7	 x23:0x29e3f00e  x7:0x000004ad  x1=0xdec97176
         832996	     41548	80008a86	340e29f3	csrrs	x19,mscratch,x28	 x28:0x269fc3a0 x19=0x00000003
         833016	     41549	80008a8a	8ff9	c.and	x15,x14	 x15:0x00000000 x14:0x00000420 x15=0x00000000
         833036	     41550	80008a8c	8091	c.srli	x9,0x4	  x9:0x00000000  x9=0x00000000
         833056	     41551	80008a8e	df7fab13	slti	x22,x31,-521	 x31:0x80025ce4 x22=0x00000001
         833236	     41560	80008a92	01452d33	slt	x26,x10,x20	 x10:0x00000000 x20:0x00016000 x26=0x00000001
         833256	     41561	80008a96	8f51	c.or	x14,x12	 x14:0x00000420 x12:0x0000ffff x14=0x0000ffff
         833316	     41564	80008a98	0001	c.addi	x0,0	  x0:0x00000000  x0=0x00000000
         833336	     41565	80008a9a	8eb9	c.xor	x13,x14	 x13:0x00000018 x14:0x0000ffff x13=0x0000ffe7
         833536	     41575	80008a9c	88e1	c.andi	x9,24	  x9:0x00000000  x9=0x00000000
         834516	     41624	80008a9e	03ab7b33	remu	x22,x22,x26	 x22:0x00000001 x26:0x00000001 x22=0x00000000
         834536	     41625	80008aa2	0ff0000f	fence	iorw,iorw	
         834556	     41626	80008aa6	8c2d	c.xor	x8,x11	  x8:0x00000431 x11:0xfffff926  x8=0xfffffd17
         834576	     41627	80008aa8	6af1	c.lui	x21,0x1c	 x21=0x0001c000
         834596	     41628	80008aaa	030c9863	bne	x25,x16,80008ada	 x25:0xfffffcf0 x16:0x0000000f
         834836	     41640	80008ada	340c9df3	csrrw	x27,mscratch,x25	 x25:0xfffffcf0 x27=0x269fc3a3
         834856	     41641	80008ade	12fd	c.addi	x5,-1	  x5:0x00000000  x5=0xffffffff
         834876	     41642	80008ae0	02228f33	mul	x30,x5,x2	  x5:0xffffffff  x2:0xfffdc017 x30=0x00023fe9
         834896	     41643	80008ae4	6119	c.addi16sp	x2,384	  x2:0xfffdc017  x2=0xfffdc197
         834916	     41644	80008ae6	86ce	c.mv	x13,x19	  x0:0x00000000 x19:0x00000003 x13=0x00000003
         834936	     41645	80008ae8	8a66	c.mv	x20,x25	  x0:0x00000000 x25:0xfffffcf0 x20=0xfffffcf0
         835076	     41652	80008aea	03c218b3	mulh	x17,x4,x28	  x4:0x4f1fb928 x28:0x269fc3a0 x17=0x0bf016a6
         835096	     41653	80008aee	c485	c.beqz	x9,80008b16	  x9:0x00000000
         836176	     41707	80008b16	030c9d33	mulh	x26,x25,x16	 x25:0xfffffcf0 x16:0x0000000f x26=0xffffffff
         836576	     41727	80008b1a	34007df3	csrrci	x27,mscratch,0	 x27=0xfffffcf0
         836936	     41745	80008b1e	cafc6d93	ori	x27,x24,-849	 x24:0x34a4b000 x27=0xfffffcaf
         836956	     41746	80008b22	34015ef3	csrrwi	x29,mscratch,2	 x29=0xfffffcf0
         837876	     41792	80008b26	02c35833	divu	x16,x6,x12	  x6:0x80021e50 x12:0x0000ffff x16=0x00008002
         837896	     41793	80008b2a	05d56163	bltu	x10,x29,80008b6c	 x10:0x00000000 x29:0xfffffcf0
         838816	     41839	80008b6c	031fc533	div	x10,x31,x17	 x31:0x80025ce4 x17:0x0bf016a6 x10=0xfffffff6
         856316	     42714	80008b70	019fb733	sltu	x14,x31,x25	 x31:0x80025ce4 x25:0xfffffcf0 x14=0x00000001
         856336	     42715	80008b74	00ba8263	beq	x21,x11,80008b78	 x21:0x0001c000 x11:0xfffff926
         856356	     42716	80008b78	0308c263	blt	x17,x16,80008b9c	 x17:0x0bf016a6 x16:0x00008002
         856376	     42717	80008b7c	6d39	c.lui	x26,0xe	 x26=0x0000e000
         856396	     42718	80008b7e	00bcd233	srl	x4,x25,x11	 x25:0xfffffcf0 x11:0xfffff926  x4=0x03fffff3
         856416	     42719	80008b82	85f9	c.srai	x11,0x1e	 x11:0xfffff926 x11=0xffffffff
         856436	     42720	80008b84	340d12f3	csrrw	x5,mscratch,x26	 x26:0x0000e000  x5=0x00000002
         856596	     42728	80008b88	01ca1663	bne	x20,x28,80008b94	 x20:0xfffffcf0 x28:0x269fc3a0
         857016	     42749	80008b94	0ff0000f	fence	iorw,iorw	
         857056	     42751	80008b98	4022dd93	srai	x27,x5,0x2	  x5:0x00000002 x27=0x00000000
         857216	     42759	80008b9c	8515	c.srai	x10,0x5	 x10:0xfffffff6 x10=0xffffffff
         857236	     42760	80008b9e	05ba	c.slli	x11,0xe	 x11:0xffffffff x11=0xffffc000
         857636	     42780	80008ba0	59fd	c.li	x19,-1	 x19=0xffffffff
         858596	     42828	80008ba2	03945db3	divu	x27,x8,x25	  x8:0xfffffd17 x25:0xfffffcf0 x27=0x00000001
         858636	     42830	80008ba6	02b82f33	mulhsu	x30,x16,x11	 x16:0x00008002 x11:0xffffc000 x30=0x00008001
         858676	     42832	80008baa	038c3ab3	mulhu	x21,x24,x24	 x24:0x34a4b000 x24:0x34a4b000 x21=0x0ad35171
         858696	     42833	80008bae	47e9	c.li	x15,26	 x15=0x0000001a
         858716	     42834	80008bb0	0069dd13	srli	x26,x19,0x6	 x19:0xffffffff x26=0x03ffffff
         858736	     42835	80008bb4	0176e233	or	x4,x13,x23	 x13:0x00000003 x23:0x29e3f00e  x4=0x29e3f00f
         858756	     42836	80008bb8	1d7d	c.addi	x26,-1	 x26:0x03ffffff x26=0x03fffffe
         858776	     42837	80008bba	02d28163	beq	x5,x13,80008bdc	  x5:0x00000002 x13:0x00000003
         858856	     42841	80008bbe	015913b3	sll	x7,x18,x21	 x18:0x00000010 x21:0x0ad35171  x7=0x00200000
         858996	     42848	80008bc2	008d5c33	srl	x24,x26,x8	 x26:0x03fffffe  x8:0xfffffd17 x24=0x00000007
         859016	     42849	80008bc6	41c9dd93	srai	x27,x19,0x1c	 x19:0xffffffff x27=0xffffffff
         859116	     42854	80008bca	411fd933	sra	x18,x31,x17	 x31:0x80025ce4 x17:0x0bf016a6 x18=0xfe000973
         859236	     42860	80008bce	01496ab3	or	x21,x18,x20	 x18:0xfe000973 x20:0xfffffcf0 x21=0xfffffdf3
         859256	     42861	80008bd2	04e2	c.slli	x9,0x18	  x9:0x00000000  x9=0x00000000
         859276	     42862	80008bd4	05ab8293	addi	x5,x23,90	 x23:0x29e3f00e  x5=0x29e3f068
         859456	     42871	80008bd8	340c6f73	csrrsi	x30,mscratch,24	 x30=0x0000e000
         859476	     42872	80008bdc	a6832a13	slti	x20,x6,-1432	  x6:0x80021e50 x20=0x00000001
         859636	     42880	80008be0	0405	c.addi	x8,1	  x8:0xfffffd17  x8=0xfffffd18
         859656	     42881	80008be2	01a7b2b3	sltu	x5,x15,x26	 x15:0x0000001a x26:0x03fffffe  x5=0x00000001
         859676	     42882	80008be6	6b85	c.lui	x23,0x1	 x23=0x00001000
         859716	     42884	80008be8	8fe1	c.and	x15,x8	 x15:0x0000001a  x8:0xfffffd18 x15=0x00000018
         859736	     42885	80008bea	d0236493	ori	x9,x6,-766	  x6:0x80021e50  x9=0xffffff52
         859756	     42886	80008bee	ec8d	c.bnez	x9,80008c28	  x9:0xffffff52
         861316	     42964	80008c28	021864b3	rem	x9,x16,x1	 x16:0x00008002  x1:0xdec97176  x9=0x00008002
         861336	     42965	80008c2c	340f3173	csrrc	x2,mscratch,x30	 x30:0x0000e000  x2=0x0000e018
         861376	     42967	80008c30	027322b3	mulhsu	x5,x6,x7	  x6:0x80021e50  x7:0x00200000  x5=0xfff00043
         861396	     42968	80008c34	01af5c93	srli	x25,x30,0x1a	 x30:0x0000e000 x25=0x00000000
         861416	     42969	80008c38	5c7d	c.li	x24,-1	 x24=0xffffffff
         861436	     42970	80008c3a	340697f3	csrrw	x15,mscratch,x13	 x13:0x00000003 x15=0x00000018
         861456	     42971	80008c3e	987d	c.andi	x8,-1	  x8:0xfffffd18  x8=0xfffffd18
         861756	     42986	80008c40	9eb6	c.add	x29,x13	 x29:0xfffffcf0 x13:0x00000003 x29=0xfffffcf3
         861776	     42987	80008c42	9b7d	c.andi	x14,-1	 x14:0x00000001 x14=0x00000001
         861936	     42995	80008c44	34002a73	csrrs	x20,mscratch,x0	  x0:0x00000000 x20=0x00000003
         862276	     43012	80008c48	34069a73	csrrw	x20,mscratch,x13	 x13:0x00000003 x20=0x00000003
         862356	     43016	80008c4c	0285	c.addi	x5,1	  x5:0xfff00043  x5=0xfff00044
         862376	     43017	80008c4e	0193c963	blt	x7,x25,80008c60	  x7:0x00200000 x25:0x00000000
         862396	     43018	80008c52	340ed6f3	csrrwi	x13,mscratch,29	 x13=0x00000003
         862416	     43019	80008c56	8d51	c.or	x10,x12	 x10:0xffffffff x12:0x0000ffff x10=0xffffffff
         862816	     43039	80008c58	0001	c.addi	x0,0	  x0:0x00000000  x0=0x00000000
         862836	     43040	80008c5a	6115	c.addi16sp	x2,288	  x2:0x0000e018  x2=0x0000e138
         863236	     43060	80008c5c	04d7f263	bgeu	x15,x13,80008ca0	 x15:0x00000018 x13:0x00000003
         863856	     43091	80008ca0	8e99	c.sub	x13,x14	 x13:0x00000003 x14:0x00000001 x13=0x00000002
         863876	     43092	80008ca2	8199	c.srli	x11,0x6	 x11:0xffffc000 x11=0x03ffff00
         864236	     43110	80008ca4	6b59	c.lui	x22,0x16	 x22=0x00016000
         864256	     43111	80008ca6	ef81	c.bnez	x15,80008cbe	 x15:0x00000018
         864856	     43141	80008cbe	81ca	c.mv	x3,x18	  x0:0x00000000 x18:0xfe000973  x3=0xfe000973
         865236	     43160	80008cc0	41d68f33	sub	x30,x13,x29	 x13:0x00000002 x29:0xfffffcf3 x30=0x0000030f
         865256	     43161	80008cc4	414c0833	sub	x16,x24,x20	 x24:0xffffffff x20:0x00000003 x16=0xfffffffc
         865436	     43170	80008cc8	40dcdf13	srai	x30,x25,0xd	 x25:0x00000000 x30=0x00000000
         865456	     43171	80008ccc	34006d73	csrrsi	x26,mscratch,0	 x26=0x0000001d
         865776	     43187	80008cd0	34041d73	csrrw	x26,mscratch,x8	  x8:0xfffffd18 x26=0x0000001d
         866216	     43209	80008cd4	03d52ab3	mulhsu	x21,x10,x29	 x10:0xffffffff x29:0xfffffcf3 x21=0xffffffff
         866336	     43215	80008cd8	9daa	c.add	x27,x10	 x27:0xffffffff x10:0xffffffff x27=0xfffffffe
         866536	     43225	80008cda	0ff0000f	fence	iorw,iorw	
         866556	     43226	80008cde	0097d8b3	srl	x17,x15,x9	 x15:0x00000018  x9:0x00008002 x17=0x00000006
         866576	     43227	80008ce2	0ff0000f	fence	iorw,iorw	
         866996	     43248	80008ce6	02138663	beq	x7,x1,80008d12	  x7:0x00200000  x1:0xdec97176
         867016	     43249	80008cea	00a35813	srli	x16,x6,0xa	  x6:0x80021e50 x16=0x00200087
         867456	     43271	80008cee	03e3b2b3	mulhu	x5,x7,x30	  x7:0x00200000 x30:0x00000000  x5=0x00000000
         867476	     43272	80008cf2	3d0eb913	sltiu	x18,x29,976	 x29:0xfffffcf3 x18=0x00000000
         867496	     43273	80008cf6	0169da13	srli	x20,x19,0x16	 x19:0xffffffff x20=0x000003ff
         867516	     43274	80008cfa	8ee9	c.and	x13,x10	 x13:0x00000002 x10:0xffffffff x13=0x00000002
         867616	     43279	80008cfc	3408d973	csrrwi	x18,mscratch,17	 x18=0xfffffd18
         868036	     43300	80008d00	cc9d	c.beqz	x9,80008d3e	  x9:0x00008002
         868136	     43305	80008d02	3d654193	xori	x3,x10,982	 x10:0xffffffff  x3=0xfffffc29
         868156	     43306	80008d06	54fd	c.li	x9,-1	  x9=0xffffffff
         868216	     43309	80008d08	01e19963	bne	x3,x30,80008d1a	  x3:0xfffffc29 x30:0x00000000
         868856	     43341	80008d1a	0135f7b3	and	x15,x11,x19	 x11:0x03ffff00 x19:0xffffffff x15=0x03ffff00
         869256	     43361	80008d1e	03d25a63	bge	x4,x29,80008d52	  x4:0x29e3f00f x29:0xfffffcf3
         870076	     43402	80008d52	dd726493	ori	x9,x4,-553	  x4:0x29e3f00f  x9=0xfffffddf
         870096	     43403	80008d56	0000100f	fence.i	
         870776	     43437	80008d5a	34003473	csrrc	x8,mscratch,x0	  x0:0x00000000  x8=0x00000011
         870796	     43438	80008d5e	404cd0b3	sra	x1,x25,x4	 x25:0x00000000  x4:0x29e3f00f  x1=0x00000000
         870816	     43439	80008d62	058e	c.slli	x11,0x3	 x11:0x03ffff00 x11=0x1ffff800
         870836	     43440	80008d64	0000100f	fence.i	
         871456	     43471	80008d68	88b9	c.andi	x9,14	  x9:0xfffffddf  x9=0x0000000e
         871876	     43492	80008d6a	34007ef3	csrrci	x29,mscratch,0	 x29=0x00000011
         872016	     43499	80008d6e	41070cb3	sub	x25,x14,x16	 x14:0x00000001 x16:0x00200087 x25=0xffdfff7a
         872056	     43501	80008d72	03cf2ab3	mulhsu	x21,x30,x28	 x30:0x00000000 x28:0x269fc3a0 x21=0x00000000
         872076	     43502	80008d76	340d30f3	csrrc	x1,mscratch,x26	 x26:0x0000001d  x1=0x00000011
         872116	     43504	80008d7a	030abeb3	mulhu	x29,x21,x16	 x21:0x00000000 x16:0x00200087 x29=0x00000000
         872136	     43505	80008d7e	1314	c.addi4spn	x13,x2,416	 x13=0x0000e2d8
         872976	     43547	80008d80	0264cd33	div	x26,x9,x6	  x9:0x0000000e  x6:0x80021e50 x26=0x00000000
         872996	     43548	80008d84	b0038837	lui	x16,0xb0038	 x16=0xb0038000
         873016	     43549	80008d88	6f18b537	lui	x10,0x6f18b	 x10=0x6f18b000
         873056	     43551	80008d8c	03eb62b3	rem	x5,x22,x30	 x22:0x00016000 x30:0x00000000  x5=0x00016000
         873076	     43552	80008d90	41acd413	srai	x8,x25,0x1a	 x25:0xffdfff7a  x8=0xffffffff
         873096	     43553	80008d94	04811963	bne	x2,x8,80008de6	  x2:0x0000e138  x8:0xffffffff
         873556	     43576	80008de6	3400ff73	csrrci	x30,mscratch,1	 x30=0x00000000
         873576	     43577	80008dea	11270113	addi	x2,x14,274	 x14:0x00000001  x2=0x00000113
         873596	     43578	80008dee	9b2e	c.add	x22,x11	 x22:0x00016000 x11:0x1ffff800 x22=0x20015800
         873616	     43579	80008df0	34003473	csrrc	x8,mscratch,x0	  x0:0x00000000  x8=0x00000000
         873796	     43588	80008df4	056fc563	blt	x31,x22,80008e3e	 x31:0x80025ce4 x22:0x20015800
         874936	     43645	80008e3e	40e98db3	sub	x27,x19,x14	 x19:0xffffffff x14:0x00000001 x27=0xfffffffe
         875076	     43652	80008e42	03c231b3	mulhu	x3,x4,x28	  x4:0x29e3f00f x28:0x269fc3a0  x3=0x0651fa37
         875136	     43655	80008e46	035d6433	rem	x8,x26,x21	 x26:0x00000000 x21:0x00000000  x8=0x00000000
         875876	     43692	80008e4a	033a57b3	divu	x15,x20,x19	 x20:0x000003ff x19:0xffffffff x15=0x00000000
         875896	     43693	80008e4e	410406b3	sub	x13,x8,x16	  x8:0x00000000 x16:0xb0038000 x13=0x4ffc8000
         875916	     43694	80008e52	0001	c.addi	x0,0	  x0:0x00000000  x0=0x00000000
         875956	     43696	80008e54	028bedb3	rem	x27,x23,x8	 x23:0x00001000  x8:0x00000000 x27=0x00001000
         875976	     43697	80008e58	34002773	csrrs	x14,mscratch,x0	  x0:0x00000000 x14=0x00000000
         876016	     43699	80008e5c	0277a8b3	mulhsu	x17,x15,x7	 x15:0x00000000  x7:0x00200000 x17=0x00000000
         876036	     43700	80008e60	81bd	c.srli	x11,0xf	 x11:0x1ffff800 x11=0x00003fff
         876116	     43704	80008e62	a798b537	lui	x10,0xa798b	 x10=0xa798b000
         876136	     43705	80008e66	e78d	c.bnez	x15,80008e90	 x15:0x00000000
         876156	     43706	80008e68	0001	c.addi	x0,0	  x0:0x00000000  x0=0x00000000
         876436	     43720	80008e6a	34075173	csrrwi	x2,mscratch,14	  x2=0x00000000
         876456	     43721	80008e6e	011f55b3	srl	x11,x30,x17	 x30:0x00000000 x17:0x00000000 x11=0x00000000
         876476	     43722	80008e72	0190	c.addi4spn	x12,x2,192	 x12=0x000000c0
         876876	     43742	80008e74	7cc4f737	lui	x14,0x7cc4f	 x14=0x7cc4f000
         877016	     43749	80008e78	57fd	c.li	x15,-1	 x15=0xffffffff
         877036	     43750	80008e7a	009c6133	or	x2,x24,x9	 x24:0xffffffff  x9:0x0000000e  x2=0xffffffff
         877056	     43751	80008e7e	ce6d6013	ori	x0,x26,-794	 x26:0x00000000  x0=0x00000000
         877476	     43772	80008e82	0000100f	fence.i	
         878836	     43840	80008e86	03c363b3	rem	x7,x6,x28	  x6:0x80021e50 x28:0x269fc3a0  x7=0xf3e16930
         878856	     43841	80008e8a	87cd	c.srai	x15,0x13	 x15:0xffffffff x15=0xffffffff
         878896	     43843	80008e8c	0204c0b3	div	x1,x9,x0	  x9:0x0000000e  x0:0x00000000  x1=0xffffffff
         878916	     43844	80008e90	8131	c.srli	x10,0xc	 x10:0xa798b000 x10=0x000a798b
         878936	     43845	80008e92	0788	c.addi4spn	x10,x2,960	 x10=0x000003bf
         879676	     43882	80008e94	037272b3	remu	x5,x4,x23	  x4:0x29e3f00f x23:0x00001000  x5=0x0000000f
         880416	     43919	80008e98	02255233	divu	x4,x10,x2	 x10:0x000003bf  x2:0xffffffff  x4=0x00000000
         880436	     43920	80008e9c	0001	c.addi	x0,0	  x0:0x00000000  x0=0x00000000
         880456	     43921	80008e9e	83fd	c.srli	x15,0x1f	 x15:0xffffffff x15=0x00000001
         880476	     43922	80008ea0	8d85	c.sub	x11,x9	 x11:0x00000000  x9:0x0000000e x11=0xfffffff2
         880496	     43923	80008ea2	0001	c.addi	x0,0	  x0:0x00000000  x0=0x00000000
         880516	     43924	80008ea4	0ff0000f	fence	iorw,iorw	
         880536	     43925	80008ea8	64293b13	sltiu	x22,x18,1602	 x18:0xfffffd18 x22=0x00000000
         880556	     43926	80008eac	a194fd13	andi	x26,x9,-1511	  x9:0x0000000e x26=0x00000008
         880576	     43927	80008eb0	0ff0000f	fence	iorw,iorw	
         880596	     43928	80008eb4	00d45293	srli	x5,x8,0xd	  x8:0x00000000  x5=0x00000000
         880616	     43929	80008eb8	0ff0000f	fence	iorw,iorw	
         880636	     43930	80008ebc	8691	c.srai	x13,0x4	 x13:0x4ffc8000 x13=0x04ffc800
         880656	     43931	80008ebe	0001	c.addi	x0,0	  x0:0x00000000  x0=0x00000000
         880736	     43935	80008ec0	00199693	slli	x13,x19,0x1	 x19:0xffffffff x13=0xfffffffe
         880936	     43945	80008ec4	340a9073	csrrw	x0,mscratch,x21	 x21:0x00000000  x0=0x00000000
         880956	     43946	80008ec8	03935e63	bge	x6,x25,80008f04	  x6:0x80021e50 x25:0xffdfff7a
         881156	     43956	80008ecc	6f21	c.lui	x30,0x8	 x30=0x00008000
         881176	     43957	80008ece	8d31	c.xor	x10,x12	 x10:0x000003bf x12:0x000000c0 x10=0x0000037f
         881236	     43960	80008ed0	117d	c.addi	x2,-1	  x2:0xffffffff  x2=0xfffffffe
         881256	     43961	80008ed2	008e1db3	sll	x27,x28,x8	 x28:0x269fc3a0  x8:0x00000000 x27=0x269fc3a0
         881276	     43962	80008ed6	340028f3	csrrs	x17,mscratch,x0	  x0:0x00000000 x17=0x00000000
         882196	     44008	80008eda	02c9fb33	remu	x22,x19,x12	 x19:0xffffffff x12:0x000000c0 x22=0x0000003f
         921976	     45997	80008ede	0000100f	fence.i	
         922056	     46001	80008ee2	0c10	c.addi4spn	x12,x2,528	 x12=0x0000020e
         922076	     46002	80008ee4	62a5	c.lui	x5,0x9	  x5=0x00009000
         922256	     46011	80008ee6	00970263	beq	x14,x9,80008eea	 x14:0x7cc4f000  x9:0x0000000e
         922276	     46012	80008eea	0242	c.slli	x4,0x10	  x4:0x00000000  x4=0x00000000
         922376	     46017	80008eec	0846	c.slli	x16,0x11	 x16:0xb0038000 x16=0x00000000
         922396	     46018	80008eee	e889	c.bnez	x9,80008f00	  x9:0x0000000e
         923216	     46059	80008f00	01161b93	slli	x23,x12,0x11	 x12:0x0000020e x23=0x041c0000
         923236	     46060	80008f04	41fcd593	srai	x11,x25,0x1f	 x25:0xffdfff7a x11=0xffffffff
         923256	     46061	80008f08	069c	c.addi4spn	x15,x2,832	 x15=0x0000033e
         923396	     46068	80008f0a	85e2c797	auipc	x15,0x85e2c	 x15=0x05e34f0a
         923416	     46069	80008f0e	5370f1b7	lui	x3,0x5370f	  x3=0x5370f000
         923436	     46070	80008f12	001e6e63	bltu	x28,x1,80008f2e	 x28:0x269fc3a0  x1:0xffffffff
         923556	     46076	80008f2e	874d	c.srai	x14,0x13	 x14:0x7cc4f000 x14=0x00000f98
         923696	     46083	80008f30	04948163	beq	x9,x9,80008f72	  x9:0x0000000e  x9:0x0000000e
         923736	     46085	80008f72	0001	c.addi	x0,0	  x0:0x00000000  x0=0x00000000
         923756	     46086	80008f74	e0aeb893	sltiu	x17,x29,-502	 x29:0x00000000 x17=0x00000001
         923976	     46097	80008f78	d2a29e97	auipc	x29,0xd2a29	 x29=0x52a31f78
         923996	     46098	80008f7c	018506b3	add	x13,x10,x24	 x10:0x0000037f x24:0xffffffff x13=0x0000037e
         924016	     46099	80008f80	9626	c.add	x12,x9	 x12:0x0000020e  x9:0x0000000e x12=0x0000021c
         924036	     46100	80008f82	3405db73	csrrwi	x22,mscratch,11	 x22=0x00000000
         924256	     46111	80008f86	03ad0033	mul	x0,x26,x26	 x26:0x00000008 x26:0x00000008  x0=0x00000000
         924636	     46130	80008f8a	015d5eb3	srl	x29,x26,x21	 x26:0x00000008 x21:0x00000000 x29=0x00000008
         924656	     46131	80008f8e	0190d293	srli	x5,x1,0x19	  x1:0xffffffff  x5=0x0000007f
         925416	     46169	80008f92	02d5c9b3	div	x19,x11,x13	 x11:0xffffffff x13:0x0000037e x19=0x00000000
         925456	     46171	80008f96	039da4b3	mulhsu	x9,x27,x25	 x27:0x269fc3a0 x25:0xffdfff7a  x9=0x269aef93
         925476	     46172	80008f9a	02626463	bltu	x4,x6,80008fc2	  x4:0x00000000  x6:0x80021e50
         925956	     46196	80008fc2	7be39137	lui	x2,0x7be39	  x2=0x7be39000
         925976	     46197	80008fc6	a5297b93	andi	x23,x18,-1454	 x18:0xfffffd18 x23=0xfffff810
         926876	     46242	80008fca	03ef4933	div	x18,x30,x30	 x30:0x00008000 x30:0x00008000 x18=0x00000001
         926896	     46243	80008fce	009b5993	srli	x19,x22,0x9	 x22:0x00000000 x19=0x00000000
         926916	     46244	80008fd2	ab0da293	slti	x5,x27,-1360	 x27:0x269fc3a0  x5=0x00000000
         926936	     46245	80008fd6	46293a93	sltiu	x21,x18,1122	 x18:0x00000001 x21=0x00000001
         926956	     46246	80008fda	8125	c.srli	x10,0x9	 x10:0x0000037f x10=0x00000001
         926976	     46247	80008fdc	01e627b3	slt	x15,x12,x30	 x12:0x0000021c x30:0x00008000 x15=0x00000001
         927016	     46249	80008fe0	340be6f3	csrrsi	x13,mscratch,23	 x13=0x0000000b
         927096	     46253	80008fe4	34002473	csrrs	x8,mscratch,x0	  x0:0x00000000  x8=0x0000001f
         927116	     46254	80008fe8	ee9d	c.bnez	x13,80009026	 x13:0x0000000b
         928016	     46299	80009026	012753b3	srl	x7,x14,x18	 x14:0x00000f98 x18:0x00000001  x7=0x000007cc
         928136	     46305	8000902a	3405ef73	csrrsi	x30,mscratch,11	 x30=0x0000001f
         928156	     46306	8000902e	41eb8433	sub	x8,x23,x30	 x23:0xfffff810 x30:0x0000001f  x8=0xfffff7f1
         928176	     46307	80009032	01f638b3	sltu	x17,x12,x31	 x12:0x0000021c x31:0x80025ce4 x17=0x00000001
         928196	     46308	80009036	79878913	addi	x18,x15,1944	 x15:0x00000001 x18=0x00000799
         928216	     46309	8000903a	03c684b3	mul	x9,x13,x28	 x13:0x0000000b x28:0x269fc3a0  x9=0xa8dd67e0
         928296	     46313	8000903e	00b3dd93	srli	x27,x7,0xb	  x7:0x000007cc x27=0x00000000
         928356	     46316	80009042	01d266b3	or	x13,x4,x29	  x4:0x00000000 x29:0x00000008 x13=0x00000008
         928376	     46317	80009046	0001	c.addi	x0,0	  x0:0x00000000  x0=0x00000000
         928496	     46323	80009048	01059d13	slli	x26,x11,0x10	 x11:0xffffffff x26=0xffff0000
         928936	     46345	8000904c	02089db3	mulh	x27,x17,x0	 x17:0x00000001  x0:0x00000000 x27=0x00000000
         929036	     46350	80009050	021c0033	mul	x0,x24,x1	 x24:0xffffffff  x1:0xffffffff  x0=0x00000000
         929056	     46351	80009054	034fe563	bltu	x31,x20,8000907e	 x31:0x80025ce4 x20:0x000003ff
         929156	     46356	80009058	03aab133	mulhu	x2,x21,x26	 x21:0x00000001 x26:0xffff0000  x2=0x00000000
         929176	     46357	8000905c	3402d973	csrrwi	x18,mscratch,5	 x18=0x0000001f
         929196	     46358	80009060	1e833713	sltiu	x14,x6,488	  x6:0x80021e50 x14=0x00000000
         929596	     46378	80009064	006c67b3	or	x15,x24,x6	 x24:0xffffffff  x6:0x80021e50 x15=0xffffffff
         929616	     46379	80009068	452b2413	slti	x8,x22,1106	 x22:0x00000000  x8=0x00000001
         930016	     46399	8000906c	717d	c.addi16sp	x2,-16	  x2:0x00000000  x2=0xfffffff0
         930136	     46405	8000906e	0000100f	fence.i	
         930876	     46442	80009072	028e1cb3	mulh	x25,x28,x8	 x28:0x269fc3a0  x8:0x00000001 x25=0x00000000
         931216	     46459	80009076	00d22eb3	slt	x29,x4,x13	  x4:0x00000000 x13:0x00000008 x29=0x00000001
         931256	     46461	8000907a	352a4993	xori	x19,x20,850	 x20:0x000003ff x19=0x000000ad
         931336	     46465	8000907e	0201e9b3	rem	x19,x3,x0	  x3:0x5370f000  x0:0x00000000 x19=0x5370f000
         931356	     46466	80009082	47e59d17	auipc	x26,0x47e59	 x26=0xc7e62082
         931376	     46467	80009086	8f91	c.sub	x15,x12	 x15:0xffffffff x12:0x0000021c x15=0xfffffde3
         931756	     46486	80009088	cd0d	c.beqz	x10,800090c2	 x10:0x00000001
         931916	     46494	8000908a	0000100f	fence.i	
         932156	     46506	8000908e	8569	c.srai	x10,0x1a	 x10:0x00000001 x10=0x00000000
         932176	     46507	80009090	0141f533	and	x10,x3,x20	  x3:0x5370f000 x20:0x000003ff x10=0x00000000
         932196	     46508	80009094	8cba	c.mv	x25,x14	  x0:0x00000000 x14:0x00000000 x25=0x00000000
         932216	     46509	80009096	8531	c.srai	x10,0xc	 x10:0x00000000 x10=0x00000000
         932616	     46529	80009098	57cbab93	slti	x23,x23,1404	 x23:0xfffff810 x23=0x00000001
         932636	     46530	8000909c	0001	c.addi	x0,0	  x0:0x00000000  x0=0x00000000
         932756	     46536	8000909e	03eb5563	bge	x22,x30,800090c8	 x22:0x00000000 x30:0x0000001f
         932776	     46537	800090a2	03460363	beq	x12,x20,800090c8	 x12:0x0000021c x20:0x000003ff
         932796	     46538	800090a6	0fa06393	ori	x7,x0,250	  x0:0x00000000  x7=0x000000fa
         932816	     46539	800090aa	00b816b3	sll	x13,x16,x11	 x16:0x00000000 x11:0xffffffff x13=0x00000000
         932836	     46540	800090ae	017ec663	blt	x29,x23,800090ba	 x29:0x00000001 x23:0x00000001
         932856	     46541	800090b2	000e9a93	slli	x21,x29,0x0	 x29:0x00000001 x21=0x00000001
         932896	     46543	800090b6	3407d273	csrrwi	x4,mscratch,15	  x4=0x00000005
         932916	     46544	800090ba	ce15	c.beqz	x12,800090f6	 x12:0x0000021c
         933056	     46551	800090bc	010a9863	bne	x21,x16,800090cc	 x21:0x00000001 x16:0x00000000
         934256	     46611	800090cc	3404a473	csrrs	x8,mscratch,x9	  x9:0xa8dd67e0  x8=0x0000000f
         934336	     46615	800090d0	03257963	bgeu	x10,x18,80009102	 x10:0x00000000 x18:0x0000001f
         934356	     46616	800090d4	009f5f63	bge	x30,x9,800090f2	 x30:0x0000001f  x9:0xa8dd67e0
         935216	     46659	800090f2	0403e393	ori	x7,x7,64	  x7:0x000000fa  x7=0x000000fa
         935476	     46672	800090f6	00c519b3	sll	x19,x10,x12	 x10:0x00000000 x12:0x0000021c x19=0x00000000
         935496	     46673	800090fa	21146a13	ori	x20,x8,529	  x8:0x0000000f x20=0x0000021f
         935516	     46674	800090fe	050c6d93	ori	x27,x24,80	 x24:0xffffffff x27=0xffffffff
         935536	     46675	80009102	c505	c.beqz	x10,8000912a	 x10:0x00000000
         935836	     46690	8000912a	0001	c.addi	x0,0	  x0:0x00000000  x0=0x00000000
         935996	     46698	8000912c	3017e293	ori	x5,x15,769	 x15:0xfffffde3  x5=0xffffffe3
         936096	     46703	80009130	34022bf3	csrrs	x23,mscratch,x4	  x4:0x00000005 x23=0xa8dd67ef
         936116	     46704	80009134	02d0e663	bltu	x1,x13,80009160	  x1:0xffffffff x13:0x00000000
         936216	     46709	80009138	02290133	mul	x2,x18,x2	 x18:0x0000001f  x2:0xfffffff0  x2=0xfffffe10
         936236	     46710	8000913c	41ab0033	sub	x0,x22,x26	 x22:0x00000000 x26:0xc7e62082  x0=0x00000000
         936256	     46711	80009140	05b61363	bne	x12,x27,80009186	 x12:0x0000021c x27:0xffffffff
         936956	     46746	80009186	340f1af3	csrrw	x21,mscratch,x30	 x30:0x0000001f x21=0xa8dd67ef
         937376	     46767	8000918a	0136fab3	and	x21,x13,x19	 x13:0x00000000 x19:0x00000000 x21=0x00000000
         937396	     46768	8000918e	62e5	c.lui	x5,0x19	  x5=0x00019000
         937496	     46773	80009190	5dfd	c.li	x27,-1	 x27=0xffffffff
         937916	     46794	80009192	34002173	csrrs	x2,mscratch,x0	  x0:0x00000000  x2=0x0000001f
         938156	     46806	80009196	000d1913	slli	x18,x26,0x0	 x26:0xc7e62082 x18=0xc7e62082
         938176	     46807	8000919a	007a7b63	bgeu	x20,x7,800091b0	 x20:0x0000021f  x7:0x000000fa
         938856	     46841	800091b0	001b5633	srl	x12,x22,x1	 x22:0x00000000  x1:0xffffffff x12=0x00000000
         938936	     46845	800091b4	00209b63	bne	x1,x2,800091ca	  x1:0xffffffff  x2:0x0000001f
         939496	     46873	800091ca	0ff0000f	fence	iorw,iorw	
         939516	     46874	800091ce	01c5d633	srl	x12,x11,x28	 x11:0xffffffff x28:0x269fc3a0 x12=0xffffffff
         939536	     46875	800091d2	01d39f33	sll	x30,x7,x29	  x7:0x000000fa x29:0x00000001 x30=0x000001f4
         939556	     46876	800091d6	d429e293	ori	x5,x19,-702	 x19:0x00000000  x5=0xfffffd42
         939576	     46877	800091da	8fe9	c.and	x15,x10	 x15:0xfffffde3 x10:0x00000000 x15=0x00000000
         939736	     46885	800091dc	6c64b717	auipc	x14,0x6c64b	 x14=0xec6541dc
         939756	     46886	800091e0	8155	c.srli	x10,0x15	 x10:0x00000000 x10=0x00000000
         939776	     46887	800091e2	89fd	c.andi	x11,31	 x11:0xffffffff x11=0x0000001f
         940176	     46907	800091e4	1c8c	c.addi4spn	x11,x2,624	 x11=0x0000028f
         940596	     46928	800091e6	014fe733	or	x14,x31,x20	 x31:0x80025ce4 x20:0x0000021f x14=0x80025eff
         941036	     46950	800091ea	0349adb3	mulhsu	x27,x19,x20	 x19:0x00000000 x20:0x0000021f x27=0x00000000
         941056	     46951	800091ee	00781433	sll	x8,x16,x7	 x16:0x00000000  x7:0x000000fa  x8=0x00000000
         941156	     46956	800091f2	0ff0000f	fence	iorw,iorw	
         941596	     46978	800091f6	03bbb4b3	mulhu	x9,x23,x27	 x23:0xa8dd67ef x27:0x00000000  x9=0x00000000
         941996	     46998	800091fa	001053b3	srl	x7,x0,x1	  x0:0x00000000  x1:0xffffffff  x7=0x00000000
         942016	     46999	800091fe	717d	c.addi16sp	x2,-16	  x2:0x0000001f  x2=0x0000000f
         942076	     47002	80009200	0f31	c.addi	x30,12	 x30:0x000001f4 x30=0x00000200
         942096	     47003	80009202	82b5	c.srli	x13,0xd	 x13:0x00000000 x13=0x00000000
         942116	     47004	80009204	340b3873	csrrc	x16,mscratch,x22	 x22:0x00000000 x16=0x0000001f
         942156	     47006	80009208	01e1	c.addi	x3,24	  x3:0x5370f000  x3=0x5370f018
         942176	     47007	8000920a	002aedb3	or	x27,x21,x2	 x21:0x00000000  x2:0x0000000f x27=0x0000000f
         942196	     47008	8000920e	8dcaef13	ori	x30,x21,-1828	 x21:0x00000000 x30=0xfffff8dc
         942616	     47029	80009212	037f1163	bne	x30,x23,80009234	 x30:0xfffff8dc x23:0xa8dd67ef
         942896	     47043	80009234	41b750b3	sra	x1,x14,x27	 x14:0x80025eff x27:0x0000000f  x1=0xffff0004
         942936	     47045	80009238	964ced93	ori	x27,x25,-1692	 x25:0x00000000 x27=0xfffff964
         943416	     47069	8000923c	8b5a	c.mv	x22,x22	  x0:0x00000000 x22:0x00000000 x22=0x00000000
         943436	     47070	8000923e	0000100f	fence.i	
         944776	     47137	80009242	037960b3	rem	x1,x18,x23	 x18:0xc7e62082 x23:0xa8dd67ef  x1=0xc7e62082
         944796	     47138	80009246	717d	c.addi16sp	x2,-16	  x2:0x0000000f  x2=0xffffffff
         945536	     47175	80009248	03474d33	div	x26,x14,x20	 x14:0x80025eff x20:0x0000021f x26=0xffc3a87c
         976976	     48747	8000924c	0072eab3	or	x21,x5,x7	  x5:0xfffffd42  x7:0x00000000 x21=0xfffffd42
         976996	     48748	80009250	401e0eb3	sub	x29,x28,x1	 x28:0x269fc3a0  x1:0xc7e62082 x29=0x5eb9a31e
         977016	     48749	80009254	007ddf13	srli	x30,x27,0x7	 x27:0xfffff964 x30=0x01fffff2
         977036	     48750	80009258	6109	c.addi16sp	x2,128	  x2:0xffffffff  x2=0x0000007f
         977056	     48751	8000925a	014b44b3	xor	x9,x22,x20	 x22:0x00000000 x20:0x0000021f  x9=0x0000021f
         977076	     48752	8000925e	0a7a	c.slli	x20,0x1e	 x20:0x0000021f x20=0xc0000000
         977096	     48753	80009260	40725833	sra	x16,x4,x7	  x4:0x00000005  x7:0x00000000 x16=0x00000005
         977316	     48764	80009264	03e694b3	mulh	x9,x13,x30	 x13:0x00000000 x30:0x01fffff2  x9=0x00000000
         977716	     48784	80009268	01f0da13	srli	x20,x1,0x1f	  x1:0xc7e62082 x20=0x00000001
         977736	     48785	8000926c	65a9	c.lui	x11,0xa	 x11=0x0000a000
         978876	     48842	8000926e	0265e633	rem	x12,x11,x6	 x11:0x0000a000  x6:0x80021e50 x12=0x0000a000
         978896	     48843	80009272	8c85	c.sub	x9,x9	  x9:0x00000000  x9:0x00000000  x9=0x00000000
         978916	     48844	80009274	02d04063	blt	x0,x13,80009294	  x0:0x00000000 x13:0x00000000
         978936	     48845	80009278	01ee1433	sll	x8,x28,x30	 x28:0x269fc3a0 x30:0x01fffff2  x8=0x0e800000
         978956	     48846	8000927c	340ad173	csrrwi	x2,mscratch,21	  x2=0x0000001f
         978976	     48847	80009280	03e9f063	bgeu	x19,x30,800092a0	 x19:0x00000000 x30:0x01fffff2
         978996	     48848	80009284	8425	c.srai	x8,0x9	  x8:0x0e800000  x8=0x00074000
         979456	     48871	80009286	020846b3	div	x13,x16,x0	 x16:0x00000005  x0:0x00000000 x13=0xffffffff
         979476	     48872	8000928a	6155	c.addi16sp	x2,304	  x2:0x0000001f  x2=0x0000014f
         979616	     48879	8000928c	40605633	sra	x12,x0,x6	  x0:0x00000000  x6:0x80021e50 x12=0x00000000
         979636	     48880	80009290	00c6b0b3	sltu	x1,x13,x12	 x13:0xffffffff x12:0x00000000  x1=0x00000000
         979656	     48881	80009294	41ff5413	srai	x8,x30,0x1f	 x30:0x01fffff2  x8=0x00000000
         979856	     48891	80009298	a8981c97	auipc	x25,0xa8981	 x25=0x2898a298
         979936	     48895	8000929c	587d	c.li	x16,-1	 x16=0xffffffff
         979956	     48896	8000929e	8249	c.srli	x12,0x12	 x12:0x00000000 x12=0x00000000
         979976	     48897	800092a0	db30a637	lui	x12,0xdb30a	 x12=0xdb30a000
         979996	     48898	800092a4	b4310393	addi	x7,x2,-1213	  x2:0x0000014f  x7=0xfffffc92
         980056	     48901	800092a8	fec0b413	sltiu	x8,x1,-20	  x1:0x00000000  x8=0x00000001
         980076	     48902	800092ac	34007cf3	csrrci	x25,mscratch,0	 x25=0x00000015
         980096	     48903	800092b0	8c19	c.sub	x8,x14	  x8:0x00000001 x14:0x80025eff  x8=0x7ffda102
         980436	     48920	800092b2	0190dd13	srli	x26,x1,0x19	  x1:0x00000000 x26=0x00000000
         980456	     48921	800092b6	02678e63	beq	x15,x6,800092f2	 x15:0x00000000  x6:0x80021e50
         980476	     48922	800092ba	8e8d	c.sub	x13,x11	 x13:0xffffffff x11:0x0000a000 x13=0xffff5fff
         980496	     48923	800092bc	40b9d933	sra	x18,x19,x11	 x19:0x00000000 x11:0x0000a000 x18=0x00000000
         980556	     48926	800092c0	1f0ece93	xori	x29,x29,496	 x29:0x5eb9a31e x29=0x5eb9a2ee
         980576	     48927	800092c4	cb85	c.beqz	x15,800092f4	 x15:0x00000000
         980836	     48940	800092f4	4085	c.li	x1,1	  x1=0x00000001
         981056	     48951	800092f6	340728f3	csrrs	x17,mscratch,x14	 x14:0x80025eff x17=0x00000015
         981116	     48954	800092fa	01e7c2b3	xor	x5,x15,x30	 x15:0x00000000 x30:0x01fffff2  x5=0x01fffff2
         981136	     48955	800092fe	017c9a63	bne	x25,x23,80009312	 x25:0x00000015 x23:0xa8dd67ef
         981256	     48961	80009312	8736	c.mv	x14,x13	  x0:0x00000000 x13:0xffff5fff x14=0xffff5fff
         981276	     48962	80009314	ee09	c.bnez	x12,8000932e	 x12:0xdb30a000
         982576	     49027	8000932e	03334033	div	x0,x6,x19	  x6:0x80021e50 x19:0x00000000  x0=0x00000000
         982596	     49028	80009332	81b5	c.srli	x11,0xd	 x11:0x0000a000 x11=0x00000005
         982616	     49029	80009334	00ac8b33	add	x22,x25,x10	 x25:0x00000015 x10:0x00000000 x22=0x00000015
         982996	     49048	80009338	f0bec413	xori	x8,x29,-245	 x29:0x5eb9a2ee  x8=0xa1465de5
         983016	     49049	8000933c	001f66b3	or	x13,x30,x1	 x30:0x01fffff2  x1:0x00000001 x13=0x01fffff3
         983376	     49067	80009340	4b7afd13	andi	x26,x21,1207	 x21:0xfffffd42 x26=0x00000402
         983476	     49072	80009344	38bcdb17	auipc	x22,0x38bcd	 x22=0xb8bd6344
         983536	     49075	80009348	01891513	slli	x10,x18,0x18	 x18:0x00000000 x10=0x00000000
         983656	     49081	8000934c	a2863797	auipc	x15,0xa2863	 x15=0x2286c34c
         983676	     49082	80009350	0001	c.addi	x0,0	  x0:0x00000000  x0=0x00000000
         983696	     49083	80009352	340a5073	csrrwi	x0,mscratch,20	  x0=0x00000000
         983716	     49084	80009356	1084	c.addi4spn	x9,x2,96	  x9=0x000001af
         983816	     49089	80009358	0515c163	blt	x11,x17,8000939a	 x11:0x00000005 x17:0x00000015
         984376	     49117	8000939a	06de	c.slli	x13,0x17	 x13:0x01fffff3 x13=0xf9800000
         984496	     49123	8000939c	80e9	c.srli	x9,0x1a	  x9:0x000001af  x9=0x00000000
         984516	     49124	8000939e	1384	c.addi4spn	x9,x2,480	  x9=0x0000032f
         984696	     49133	800093a0	0001	c.addi	x0,0	  x0:0x00000000  x0=0x00000000
         984716	     49134	800093a2	717d	c.addi16sp	x2,-16	  x2:0x0000014f  x2=0x0000013f
         984736	     49135	800093a4	01e51e93	slli	x29,x10,0x1e	 x10:0x00000000 x29=0x00000000
         985136	     49155	800093a8	cc727c97	auipc	x25,0xcc727	 x25=0x4c7303a8
         985156	     49156	800093ac	999e2093	slti	x1,x28,-1639	 x28:0x269fc3a0  x1=0x00000000
         985196	     49158	800093b0	3402d3f3	csrrwi	x7,mscratch,5	  x7=0x00000014
         985616	     49179	800093b4	e585	c.bnez	x11,800093dc	 x11:0x00000005
         985896	     49193	800093dc	8c41	c.or	x8,x8	  x8:0xa1465de5  x8:0xa1465de5  x8=0xa1465de5
         986316	     49214	800093de	00676833	or	x16,x14,x6	 x14:0xffff5fff  x6:0x80021e50 x16=0xffff5fff
         986336	     49215	800093e2	03ba7663	bgeu	x20,x27,8000940e	 x20:0x00000001 x27:0xfffff964
         986356	     49216	800093e6	8b91	c.andi	x15,4	 x15:0x2286c34c x15=0x00000004
         986496	     49223	800093e8	c401	c.beqz	x8,800093f0	  x8:0xa1465de5
         986516	     49224	800093ea	0000100f	fence.i	
         987136	     49255	800093ee	0001	c.addi	x0,0	  x0:0x00000000  x0=0x00000000
         987216	     49259	800093f0	616d	c.addi16sp	x2,240	  x2:0x0000013f  x2=0x0000022f
         987236	     49260	800093f2	340020f3	csrrs	x1,mscratch,x0	  x0:0x00000000  x1=0x00000005
         987256	     49261	800093f6	03055f63	bge	x10,x16,80009434	 x10:0x00000000 x16:0xffff5fff
         987716	     49284	80009434	8c51	c.or	x8,x12	  x8:0xa1465de5 x12:0xdb30a000  x8=0xfb76fde5
         987736	     49285	80009436	6165	c.addi16sp	x2,112	  x2:0x0000022f  x2=0x0000029f
         987816	     49289	80009438	006e4933	xor	x18,x28,x6	 x28:0x269fc3a0  x6:0x80021e50 x18=0xa69dddf0
         987916	     49294	8000943c	a3bcff13	andi	x30,x25,-1477	 x25:0x4c7303a8 x30=0x4c730228
         988236	     49310	80009440	02c5b1b3	mulhu	x3,x11,x12	 x11:0x00000005 x12:0xdb30a000  x3=0x00000004
         988256	     49311	80009444	00f69c13	slli	x24,x13,0xf	 x13:0xf9800000 x24=0x00000000
         988276	     49312	80009448	8109	c.srli	x10,0x2	 x10:0x00000000 x10=0x00000000
         988296	     49313	8000944a	01bdd5b3	srl	x11,x27,x27	 x27:0xfffff964 x27:0xfffff964 x11=0x0fffff96
         988316	     49314	8000944e	cda22913	slti	x18,x4,-806	  x4:0x00000005 x18=0x00000000
         988336	     49315	80009452	0080e833	or	x16,x1,x8	  x1:0x00000005  x8:0xfb76fde5 x16=0xfb76fde5
         988376	     49317	80009456	003aad33	slt	x26,x21,x3	 x21:0xfffffd42  x3:0x00000004 x26=0x00000001
         988396	     49318	8000945a	000dd513	srli	x10,x27,0x0	 x27:0xfffff964 x10=0xfffff964
         988416	     49319	8000945e	8ecd	c.or	x13,x11	 x13:0xf9800000 x11:0x0fffff96 x13=0xffffff96
         988436	     49320	80009460	01608533	add	x10,x1,x22	  x1:0x00000005 x22:0xb8bd6344 x10=0xb8bd6349
         988456	     49321	80009464	0151d213	srli	x4,x3,0x15	  x3:0x00000004  x4=0x00000000
         988496	     49323	80009468	03dd2533	mulhsu	x10,x26,x29	 x26:0x00000001 x29:0x00000000 x10=0x00000000
         989336	     49365	8000946c	031cec33	rem	x24,x25,x17	 x25:0x4c7303a8 x17:0x00000015 x24=0x00000011
         989356	     49366	80009470	1f7d	c.addi	x30,-1	 x30:0x4c730228 x30=0x4c730227
         989376	     49367	80009472	8c05	c.sub	x8,x9	  x8:0xfb76fde5  x9:0x0000032f  x8=0xfb76fab6
         989396	     49368	80009474	004b9963	bne	x23,x4,80009486	 x23:0xa8dd67ef  x4:0x00000000
         989696	     49383	80009486	0b84	c.addi4spn	x9,x2,464	  x9=0x0000046f
         989736	     49385	80009488	34006af3	csrrsi	x21,mscratch,0	 x21=0x00000005
         989836	     49390	8000948c	85a9	c.srai	x11,0xa	 x11:0x0fffff96 x11=0x0003ffff
         990216	     49409	8000948e	005ad633	srl	x12,x21,x5	 x21:0x00000005  x5:0x01fffff2 x12=0x00000000
         990636	     49430	80009492	03365663	bge	x12,x19,800094be	 x12:0x00000000 x19:0x00000000
         990856	     49441	800094be	0001	c.addi	x0,0	  x0:0x00000000  x0=0x00000000
         991156	     49456	800094c0	3404b3f3	csrrc	x7,mscratch,x9	  x9:0x0000046f  x7=0x00000005
         991176	     49457	800094c4	34007273	csrrci	x4,mscratch,0	  x4=0x00000000
         991396	     49468	800094c8	8dc5	c.or	x11,x9	 x11:0x0003ffff  x9:0x0000046f x11=0x0003ffff
         991416	     49469	800094ca	9ae2	c.add	x21,x24	 x21:0x00000005 x24:0x00000011 x21=0x00000016
         991436	     49470	800094cc	418d59b3	sra	x19,x26,x24	 x26:0x00000001 x24:0x00000011 x19=0x00000000
         991456	     49471	800094d0	01945b33	srl	x22,x8,x25	  x8:0xfb76fab6 x25:0x4c7303a8 x22=0x00fb76fa
         991616	     49479	800094d4	99fd	c.andi	x11,-1	 x11:0x0003ffff x11=0x0003ffff
         991636	     49480	800094d6	c715	c.beqz	x14,80009502	 x14:0xffff5fff
         992676	     49532	800094d8	03f3d633	divu	x12,x7,x31	  x7:0x00000005 x31:0x80025ce4 x12=0x00000000
         992696	     49533	800094dc	00ba0f63	beq	x20,x11,800094fa	 x20:0x00000001 x11:0x0003ffff
         992716	     49534	800094e0	01965b93	srli	x23,x12,0x19	 x12:0x00000000 x23=0x00000000
         992736	     49535	800094e4	01d4f5b3	and	x11,x9,x29	  x9:0x0000046f x29:0x00000000 x11=0x00000000
         992756	     49536	800094e8	00645833	srl	x16,x8,x6	  x8:0xfb76fab6  x6:0x80021e50 x16=0x0000fb76
         992776	     49537	800094ec	261ad097	auipc	x1,0x261ad	  x1=0xa61b64ec
         993696	     49583	800094f0	026bfbb3	remu	x23,x23,x6	 x23:0x00000000  x6:0x80021e50 x23=0x00000000
         993716	     49584	800094f4	5efd	c.li	x29,-1	 x29=0xffffffff
         993736	     49585	800094f6	9dee	c.add	x27,x27	 x27:0xfffff964 x27:0xfffff964 x27=0xfffff2c8
         993756	     49586	800094f8	8a66	c.mv	x20,x25	  x0:0x00000000 x25:0x4c7303a8 x20=0x4c7303a8
         993776	     49587	800094fa	01b65e63	bge	x12,x27,80009516	 x12:0x00000000 x27:0xfffff2c8
         994156	     49606	80009516	0c7e	c.slli	x24,0x1f	 x24:0x00000011 x24=0x80000000
         994336	     49615	80009518	0325b5b3	mulhu	x11,x11,x18	 x11:0x00000000 x18:0x00000000 x11=0x00000000
         994436	     49620	8000951c	039f3c33	mulhu	x24,x30,x25	 x30:0x4c730227 x25:0x4c7303a8 x24=0x16d47d65
         994616	     49629	80009520	02f61533	mulh	x10,x12,x15	 x12:0x00000000 x15:0x00000004 x10=0x00000000
         994676	     49632	80009524	0010eb63	bltu	x1,x1,8000953a	  x1:0xa61b64ec  x1:0xa61b64ec
         994696	     49633	80009528	8fa1	c.xor	x15,x8	 x15:0x00000004  x8:0xfb76fab6 x15=0xfb76fab2
         994716	     49634	8000952a	ba35fc13	andi	x24,x11,-1117	 x11:0x00000000 x24=0x00000000
         994836	     49640	8000952e	00d596b3	sll	x13,x11,x13	 x11:0x00000000 x13:0xffffff96 x13=0x00000000
         995056	     49651	80009532	e20a8837	lui	x16,0xe20a8	 x16=0xe20a8000
         995496	     49673	80009536	02cb7eb3	remu	x29,x22,x12	 x22:0x00fb76fa x12:0x00000000 x29=0x00fb76fa
         995516	     49674	8000953a	00cf0033	add	x0,x30,x12	 x30:0x4c730227 x12:0x00000000  x0=0x00000000
         995796	     49688	8000953e	017e1bb3	sll	x23,x28,x23	 x28:0x269fc3a0 x23:0x00000000 x23=0x269fc3a0
         995816	     49689	80009542	8221	c.srli	x12,0x8	 x12:0x00000000 x12=0x00000000
         996176	     49707	80009544	8e11	c.sub	x12,x12	 x12:0x00000000 x12:0x00000000 x12=0x00000000
         996196	     49708	80009546	82fe	c.mv	x5,x31	  x0:0x00000000 x31:0x80025ce4  x5=0x80025ce4
         996596	     49728	80009548	34006d73	csrrsi	x26,mscratch,0	 x26=0x00000000
         996676	     49732	8000954c	00a6d093	srli	x1,x13,0xa	 x13:0x00000000  x1=0x00000000
         997416	     49769	80009550	022fd6b3	divu	x13,x31,x2	 x31:0x80025ce4  x2:0x0000029f x13=0x0030d68d
         998156	     49806	80009554	0314c233	div	x4,x9,x17	  x9:0x0000046f x17:0x00000015  x4=0x00000036
         998896	     49843	80009558	022245b3	div	x11,x4,x2	  x4:0x00000036  x2:0x0000029f x11=0x00000000
         998916	     49844	8000955c	567d	c.li	x12,-1	 x12=0xffffffff
         998936	     49845	8000955e	03341e63	bne	x8,x19,8000959a	  x8:0xfb76fab6 x19:0x00000000
         999296	     49863	8000959a	0ff0000f	fence	iorw,iorw	
         999536	     49875	8000959e	00960663	beq	x12,x9,800095aa	 x12:0xffffffff  x9:0x0000046f
         999716	     49884	800095a2	024c1263	bne	x24,x4,800095c6	 x24:0x00000000  x4:0x00000036
        1000356	     49916	800095c6	8d81	c.sub	x11,x8	 x11:0x00000000  x8:0xfb76fab6 x11=0x0489054a
        1000556	     49926	800095c8	0000100f	fence.i	
        1000976	     49947	800095cc	8f3e	c.mv	x30,x15	  x0:0x00000000 x15:0xfb76fab2 x30=0xfb76fab2
        1001416	     49969	800095ce	02e6b233	mulhu	x4,x13,x14	 x13:0x0030d68d x14:0xffff5fff  x4=0x0030d66e
        1002156	     50006	800095d2	0226fa33	remu	x20,x13,x2	 x13:0x0030d68d  x2:0x0000029f x20=0x0000028e
        1002176	     50007	800095d6	717d	c.addi16sp	x2,-16	  x2:0x0000029f  x2=0x0000028f
        1002196	     50008	800095d8	c1466093	ori	x1,x12,-1004	 x12:0xffffffff  x1=0xffffffff
        1002216	     50009	800095dc	021b0d33	mul	x26,x22,x1	 x22:0x00fb76fa  x1:0xffffffff x26=0xff048906
        1002236	     50010	800095e0	0000100f	fence.i	
        1002436	     50020	800095e4	eab39617	auipc	x12,0xeab39	 x12=0x6ab425e4
        1002456	     50021	800095e8	8d69	c.and	x10,x10	 x10:0x00000000 x10:0x00000000 x10=0x00000000
        1002556	     50026	800095ea	018fa3b3	slt	x7,x31,x24	 x31:0x80025ce4 x24:0x00000000  x7=0x00000001
        1002576	     50027	800095ee	167d	c.addi	x12,-1	 x12:0x6ab425e4 x12=0x6ab425e3
        1003096	     50053	800095f0	9f7e	c.add	x30,x31	 x30:0xfb76fab2 x31:0x80025ce4 x30=0x7b795796
        1003116	     50054	800095f2	019ed393	srli	x7,x29,0x19	 x29:0x00fb76fa  x7=0x00000000
        1003476	     50072	800095f6	34007673	csrrci	x12,mscratch,0	 x12=0x00000000
        1003496	     50073	800095fa	6165	c.addi16sp	x2,112	  x2:0x0000028f  x2=0x000002ff
        1003656	     50081	800095fc	0510	c.addi4spn	x12,x2,640	 x12=0x0000057f
        1004096	     50103	800095fe	03de90b3	mulh	x1,x29,x29	 x29:0x00fb76fa x29:0x00fb76fa  x1=0x0000f702
        1004116	     50104	80009602	3404f3f3	csrrci	x7,mscratch,9	  x7=0x00000000
        1004136	     50105	80009606	011029b3	slt	x19,x0,x17	  x0:0x00000000 x17:0x00000015 x19=0x00000001
        1004156	     50106	8000960a	8285	c.srli	x13,0x1	 x13:0x0030d68d x13=0x00186b46
        1004176	     50107	8000960c	0190d733	srl	x14,x1,x25	  x1:0x0000f702 x25:0x4c7303a8 x14=0x000000f7
        1004196	     50108	80009610	012c1b93	slli	x23,x24,0x12	 x24:0x00000000 x23=0x00000000
        1004236	     50110	80009614	0001	c.addi	x0,0	  x0:0x00000000  x0=0x00000000
        1004656	     50131	80009616	0015a233	slt	x4,x11,x1	 x11:0x0489054a  x1:0x0000f702  x4=0x00000000
        1004796	     50138	8000961a	03cc6763	bltu	x24,x28,80009648	 x24:0x00000000 x28:0x269fc3a0
        1005476	     50172	80009648	01f19c13	slli	x24,x3,0x1f	  x3:0x00000004 x24=0x00000000
        1005496	     50173	8000964c	0079f0b3	and	x1,x19,x7	 x19:0x00000001  x7:0x00000000  x1=0x00000000
        1005916	     50194	80009650	340ddb73	csrrwi	x22,mscratch,27	 x22=0x00000000
        1006016	     50199	80009654	87e5	c.srai	x15,0x19	 x15:0xfb76fab2 x15=0xfffffffd
        1006176	     50207	80009656	a3bc0413	addi	x8,x24,-1477	 x24:0x00000000  x8=0xfffffa3b
        1006196	     50208	8000965a	01946d33	or	x26,x8,x25	  x8:0xfffffa3b x25:0x4c7303a8 x26=0xfffffbbb
        1006616	     50229	8000965e	3409d7f3	csrrwi	x15,mscratch,19	 x15=0x0000001b
        1006636	     50230	80009662	34001473	csrrw	x8,mscratch,x0	  x0:0x00000000  x8=0x00000013
        1006656	     50231	80009666	9a7d	c.andi	x12,-1	 x12:0x0000057f x12=0x0000057f
        1006676	     50232	80009668	9612	c.add	x12,x4	 x12:0x0000057f  x4:0x00000000 x12=0x0000057f
        1006696	     50233	8000966a	71c12b13	slti	x22,x2,1820	  x2:0x000002ff x22=0x00000001
        1006716	     50234	8000966e	03e303b3	mul	x7,x6,x30	  x6:0x80021e50 x30:0x7b795796  x7=0x7d5af2e0
        1007036	     50250	80009672	035b6563	bltu	x22,x21,8000969c	 x22:0x00000001 x21:0x00000016
        1007636	     50280	8000969c	03e127b3	mulhsu	x15,x2,x30	  x2:0x000002ff x30:0x7b795796 x15=0x00000171
        1007736	     50285	800096a0	05a96463	bltu	x18,x26,800096e8	 x18:0x00000000 x26:0xfffffbbb
        1011016	     50449	800096e8	40cd02b3	sub	x5,x26,x12	 x26:0xfffffbbb x12:0x0000057f  x5=0xfffff63c
        1011036	     50450	800096ec	c039	c.beqz	x8,80009732	  x8:0x00000013
        1011056	     50451	800096ee	00991533	sll	x10,x18,x9	 x18:0x00000000  x9:0x0000046f x10=0x00000000
        1011076	     50452	800096f2	8a69	c.andi	x12,26	 x12:0x0000057f x12=0x0000001a
        1011096	     50453	800096f4	01ab5933	srl	x18,x22,x26	 x22:0x00000001 x26:0xfffffbbb x18=0x00000000
        1011116	     50454	800096f8	4180de93	srai	x29,x1,0x18	  x1:0x00000000 x29=0x00000000
        1012016	     50499	800096fc	03e8df33	divu	x30,x17,x30	 x17:0x00000015 x30:0x7b795796 x30=0x00000000
        1012756	     50536	80009700	03377bb3	remu	x23,x14,x19	 x14:0x000000f7 x19:0x00000001 x23=0x00000000
        1012776	     50537	80009704	9b7d	c.andi	x14,-1	 x14:0x000000f7 x14=0x000000f7
        1012796	     50538	80009706	a9676797	auipc	x15,0xa9676	 x15=0x2967f706
        1012816	     50539	8000970a	37d460b7	lui	x1,0x37d46	  x1=0x37d46000
        1012836	     50540	8000970e	1567f397	auipc	x7,0x1567f	  x7=0x9568870e
        1012856	     50541	80009712	8759	c.srai	x14,0x16	 x14:0x000000f7 x14=0x00000000
        1012876	     50542	80009714	411cd0b3	sra	x1,x25,x17	 x25:0x4c7303a8 x17:0x00000015  x1=0x00000263
        1013156	     50556	80009718	00c101b3	add	x3,x2,x12	  x2:0x000002ff x12:0x0000001a  x3=0x00000319
        1013356	     50566	8000971c	7c5a6393	ori	x7,x20,1989	 x20:0x0000028e  x7=0x000007cf
        1013436	     50570	80009720	027107b3	mul	x15,x2,x7	  x2:0x000002ff  x7:0x000007cf x15=0x00176531
        1013456	     50571	80009724	3ef1bc93	sltiu	x25,x3,1007	  x3:0x00000319 x25=0x00000001
        1013536	     50575	80009728	86a1	c.srai	x13,0x8	 x13:0x00186b46 x13=0x0000186b
        1013556	     50576	8000972a	005601b3	add	x3,x12,x5	 x12:0x0000001a  x5:0xfffff63c  x3=0xfffff656
        1013976	     50597	8000972e	00136233	or	x4,x6,x1	  x6:0x80021e50  x1:0x00000263  x4=0x80021e73
        1013996	     50598	80009732	9212	c.add	x4,x4	  x4:0x80021e73  x4:0x80021e73  x4=0x00043ce6
        1014016	     50599	80009734	415bdb33	sra	x22,x23,x21	 x23:0x00000000 x21:0x00000016 x22=0x00000000
        1014776	     50637	80009738	03087133	remu	x2,x16,x16	 x16:0xe20a8000 x16:0xe20a8000  x2=0x00000000
        1014796	     50638	8000973c	00822db3	slt	x27,x4,x8	  x4:0x00043ce6  x8:0x00000013 x27=0x00000000
        1014816	     50639	80009740	02b05a63	bge	x0,x11,80009774	  x0:0x00000000 x11:0x0489054a
        1014836	     50640	80009744	00e5	c.addi	x1,25	  x1:0x00000263  x1=0x0000027c
        1014856	     50641	80009746	83d9	c.srli	x15,0x16	 x15:0x00176531 x15=0x00000000
        1014876	     50642	80009748	c7a239b7	lui	x19,0xc7a23	 x19=0xc7a23000
        1014896	     50643	8000974c	6274e617	auipc	x12,0x6274e	 x12=0xe275774c
        1015116	     50654	80009750	00a11c33	sll	x24,x2,x10	  x2:0x00000000 x10:0x00000000 x24=0x00000000
        1015516	     50674	80009754	816d	c.srli	x10,0x1b	 x10:0x00000000 x10=0x00000000
        1015536	     50675	80009756	4edd	c.li	x29,23	 x29=0x00000017
        1015636	     50680	80009758	4075fc93	andi	x25,x11,1031	 x11:0x0489054a x25=0x00000402
        1015696	     50683	8000975c	03278433	mul	x8,x15,x18	 x15:0x00000000 x18:0x00000000  x8=0x00000000
        1015896	     50693	80009760	8ded	c.and	x11,x11	 x11:0x0489054a x11:0x0489054a x11=0x0489054a
        1015916	     50694	80009762	82a5	c.srli	x13,0x9	 x13:0x0000186b x13=0x0000000c
        1015936	     50695	80009764	0003a633	slt	x12,x7,x0	  x7:0x000007cf  x0:0x00000000 x12=0x00000000
        1015956	     50696	80009768	058c7363	bgeu	x24,x24,800097ae	 x24:0x00000000 x24:0x00000000
        1016656	     50731	800097ae	41c984b3	sub	x9,x19,x28	 x19:0xc7a23000 x28:0x269fc3a0  x9=0xa1026c60
        1016676	     50732	800097b2	403d8533	sub	x10,x27,x3	 x27:0x00000000  x3:0xfffff656 x10=0x000009aa
        1016696	     50733	800097b6	03806363	bltu	x0,x24,800097dc	  x0:0x00000000 x24:0x00000000
        1016716	     50734	800097ba	8f15	c.sub	x14,x13	 x14:0x00000000 x13:0x0000000c x14=0xfffffff4
        1016736	     50735	800097bc	3400e573	csrrsi	x10,mscratch,1	 x10=0x00000000
        1017076	     50752	800097c0	cc1d	c.beqz	x8,800097fe	  x8:0x00000000
        1018596	     50828	800097fe	014e1733	sll	x14,x28,x20	 x28:0x269fc3a0 x20:0x0000028e x14=0xf0e80000
        1018616	     50829	80009802	80fa	c.mv	x1,x30	  x0:0x00000000 x30:0x00000000  x1=0x00000000
        1018636	     50830	80009804	01a4f233	and	x4,x9,x26	  x9:0xa1026c60 x26:0xfffffbbb  x4=0xa1026820
        1018676	     50832	80009808	02cab6b3	mulhu	x13,x21,x12	 x21:0x00000016 x12:0x00000000 x13=0x00000000
        1019056	     50851	8000980c	0092ba33	sltu	x20,x5,x9	  x5:0xfffff63c  x9:0xa1026c60 x20=0x00000000
        1019296	     50863	80009810	c209	c.beqz	x12,80009812	 x12:0x00000000
        1020076	     50902	80009812	340f19f3	csrrw	x19,mscratch,x30	 x30:0x00000000 x19=0x00000001
        1020096	     50903	80009816	a3a53c37	lui	x24,0xa3a53	 x24=0xa3a53000
        1020116	     50904	8000981a	340398f3	csrrw	x17,mscratch,x7	  x7:0x000007cf x17=0x00000000
        1020196	     50908	8000981e	012e9d63	bne	x29,x18,80009838	 x29:0x00000017 x18:0x00000000
        1021056	     50951	80009838	8491	c.srai	x9,0x4	  x9:0xa1026c60  x9=0xfa1026c6
        1021076	     50952	8000983a	1784	c.addi4spn	x9,x2,992	  x9=0x000003e0
        1021116	     50954	8000983c	02166ab3	rem	x21,x12,x1	 x12:0x00000000  x1:0x00000000 x21=0x00000000
        1021236	     50960	80009840	340f1b73	csrrw	x22,mscratch,x30	 x30:0x00000000 x22=0x000007cf
        1021256	     50961	80009844	e2a9	c.bnez	x13,80009886	 x13:0x00000000
        1021296	     50963	80009846	032799b3	mulh	x19,x15,x18	 x15:0x00000000 x18:0x00000000 x19=0x00000000
        1021316	     50964	8000984a	340a3873	csrrc	x16,mscratch,x20	 x20:0x00000000 x16=0x00000000
        1021336	     50965	8000984e	0700	c.addi4spn	x8,x2,896	  x8=0x00000380
        1021356	     50966	80009850	c1c76f13	ori	x30,x14,-996	 x14:0xf0e80000 x30=0xfffffc1c
        1021476	     50972	80009854	008fe5b3	or	x11,x31,x8	 x31:0x80025ce4  x8:0x00000380 x11=0x80025fe4
        1021576	     50977	80009858	0001	c.addi	x0,0	  x0:0x00000000  x0=0x00000000
        1021596	     50978	8000985a	8cf1	c.and	x9,x12	  x9:0x000003e0 x12:0x00000000  x9=0x00000000
        1021616	     50979	8000985c	3406ddf3	csrrwi	x27,mscratch,13	 x27=0x00000000
        1021636	     50980	80009860	717d	c.addi16sp	x2,-16	  x2:0x00000000  x2=0xfffffff0
        1021656	     50981	80009862	340ee073	csrrsi	x0,mscratch,29	  x0=0x00000000
        1021676	     50982	80009866	2c23ba13	sltiu	x20,x7,706	  x7:0x000007cf x20=0x00000000
        1021696	     50983	8000986a	0263d763	bge	x7,x6,80009898	  x7:0x000007cf  x6:0x80021e50
        1022156	     51006	80009898	340d10f3	csrrw	x1,mscratch,x26	 x26:0xfffffbbb  x1=0x0000001d
        1022316	     51014	8000989c	13fd	c.addi	x7,-1	  x7:0x000007cf  x7=0x000007ce
        1022336	     51015	8000989e	0001	c.addi	x0,0	  x0:0x00000000  x0=0x00000000
        1022736	     51035	800098a0	8e6d	c.and	x12,x11	 x12:0x00000000 x11:0x80025fe4 x12=0x00000000
        1022756	     51036	800098a2	9b7d	c.andi	x14,-1	 x14:0xf0e80000 x14=0xf0e80000
        1023156	     51056	800098a4	01316033	or	x0,x2,x19	  x2:0xfffffff0 x19:0x00000000  x0=0x00000000
        1023176	     51057	800098a8	01db2bb3	slt	x23,x22,x29	 x22:0x000007cf x29:0x00000017 x23=0x00000000
        1023336	     51065	800098ac	8dd5	c.or	x11,x13	 x11:0x80025fe4 x13:0x00000000 x11=0x80025fe4
        1023416	     51069	800098ae	a2f3ce93	xori	x29,x7,-1489	  x7:0x000007ce x29=0xfffffde1
        1023436	     51070	800098b2	005b5893	srli	x17,x22,0x5	 x22:0x000007cf x17=0x0000003e
        1023456	     51071	800098b6	717d	c.addi16sp	x2,-16	  x2:0xfffffff0  x2=0xffffffe0
        1023476	     51072	800098b8	9553e513	ori	x10,x7,-1707	  x7:0x000007ce x10=0xffffffdf
        1023516	     51074	800098bc	34006473	csrrsi	x8,mscratch,0	  x8=0xfffffbbb
        1023536	     51075	800098c0	34006ef3	csrrsi	x29,mscratch,0	 x29=0xfffffbbb
        1023616	     51079	800098c4	025f4263	blt	x30,x5,800098e8	 x30:0xfffffc1c  x5:0xfffff63c
        1023936	     51095	800098c8	41905cb3	sra	x25,x0,x25	  x0:0x00000000 x25:0x00000402 x25=0x00000000
        1024016	     51099	800098cc	8ef9	c.and	x13,x14	 x13:0x00000000 x14:0xf0e80000 x13=0x00000000
        1024236	     51110	800098ce	025a3d33	mulhu	x26,x20,x5	 x20:0x00000000  x5:0xfffff63c x26=0x00000000
        1024256	     51111	800098d2	013c1a93	slli	x21,x24,0x13	 x24:0xa3a53000 x21=0x80000000
        1024276	     51112	800098d6	0001	c.addi	x0,0	  x0:0x00000000  x0=0x00000000
        1024296	     51113	800098d8	0a15	c.addi	x20,5	 x20:0x00000000 x20=0x00000005
        1024316	     51114	800098da	822a	c.mv	x4,x10	  x0:0x00000000 x10:0xffffffdf  x4=0xffffffdf
        1024336	     51115	800098dc	001b1663	bne	x22,x1,800098e8	 x22:0x000007cf  x1:0x0000001d
        1024896	     51143	800098e8	40685833	sra	x16,x16,x6	 x16:0x00000000  x6:0x80021e50 x16=0x00000000
        1024976	     51147	800098ec	83c9	c.srli	x15,0x12	 x15:0x00000000 x15=0x00000000
        1024996	     51148	800098ee	8e71	c.and	x12,x12	 x12:0x00000000 x12:0x00000000 x12=0x00000000
        1025396	     51168	800098f0	9b96	c.add	x23,x5	 x23:0x00000000  x5:0xfffff63c x23=0xfffff63c
        1025716	     51184	800098f2	3403bf73	csrrc	x30,mscratch,x7	  x7:0x000007ce x30=0xfffffbbb
        1025736	     51185	800098f6	ea8d	c.bnez	x13,80009928	 x13:0x00000000
        1026616	     51229	800098f8	03e76db3	rem	x27,x14,x30	 x14:0xf0e80000 x30:0xfffffbbb x27=0xfffffe14
        1026636	     51230	800098fc	0001	c.addi	x0,0	  x0:0x00000000  x0=0x00000000
        1026656	     51231	800098fe	8871	c.andi	x8,28	  x8:0xfffffbbb  x8=0x00000018
        1026676	     51232	80009900	ef95	c.bnez	x15,8000993c	 x15:0x00000000
        1026696	     51233	80009902	40c954b3	sra	x9,x18,x12	 x18:0x00000000 x12:0x00000000  x9=0x00000000
        1026736	     51235	80009906	033a24b3	mulhsu	x9,x20,x19	 x20:0x00000005 x19:0x00000000  x9=0x00000000
        1026756	     51236	8000990a	547d	c.li	x8,-1	  x8=0xffffffff
        1026776	     51237	8000990c	8e81	c.sub	x13,x8	 x13:0x00000000  x8:0xffffffff x13=0x00000001
        1026976	     51247	8000990e	340034f3	csrrc	x9,mscratch,x0	  x0:0x00000000  x9=0xfffff831
        1026996	     51248	80009912	034c0633	mul	x12,x24,x20	 x24:0xa3a53000 x20:0x00000005 x12=0x3239f000
        1027016	     51249	80009916	813d	c.srli	x10,0xf	 x10:0xffffffdf x10=0x0001ffff
        1027036	     51250	80009918	819a4213	xori	x4,x20,-2023	 x20:0x00000005  x4=0xfffff81c
        1027056	     51251	8000991c	9a7d	c.andi	x12,-1	 x12:0x3239f000 x12=0x3239f000
        1027076	     51252	8000991e	e331	c.bnez	x14,80009962	 x14:0xf0e80000
        1027896	     51293	80009962	01214c63	blt	x2,x18,8000997a	  x2:0xffffffe0 x18:0x00000000
        1028616	     51329	8000997a	0001	c.addi	x0,0	  x0:0x00000000  x0=0x00000000
        1028676	     51332	8000997c	40b25b13	srai	x22,x4,0xb	  x4:0xfffff81c x22=0xffffffff
        1028716	     51334	80009980	03bdb433	mulhu	x8,x27,x27	 x27:0xfffffe14 x27:0xfffffe14  x8=0xfffffc28
        1028856	     51341	80009984	01a4e563	bltu	x9,x26,8000998e	  x9:0xfffff831 x26:0x00000000
        1029076	     51352	80009988	847d	c.srai	x8,0x1f	  x8:0xfffffc28  x8=0xffffffff
        1029296	     51363	8000998a	340355f3	csrrwi	x11,mscratch,6	 x11=0xfffff831
        1029316	     51364	8000998e	0a45	c.addi	x20,17	 x20:0x00000005 x20=0x00000016
        1029336	     51365	80009990	423de037	lui	x0,0x423de	  x0=0x00000000
        1029736	     51385	80009994	01293d33	sltu	x26,x18,x18	 x18:0x00000000 x18:0x00000000 x26=0x00000000
        1029816	     51389	80009998	8ffd	c.and	x15,x15	 x15:0x00000000 x15:0x00000000 x15=0x00000000
        1030136	     51405	8000999a	34015873	csrrwi	x16,mscratch,2	 x16=0x00000006
        1030556	     51426	8000999e	34053b73	csrrc	x22,mscratch,x10	 x10:0x0001ffff x22=0x00000002
        1030676	     51432	800099a2	7bec4793	xori	x15,x24,1982	 x24:0xa3a53000 x15=0xa3a537be
        1030696	     51433	800099a6	0001	c.addi	x0,0	  x0:0x00000000  x0=0x00000000
        1030776	     51437	800099a8	039afeb3	remu	x29,x21,x25	 x21:0x80000000 x25:0x00000000 x29=0x80000000
        1031796	     51488	800099ac	03eec433	div	x8,x29,x30	 x29:0x80000000 x30:0xfffffbbb  x8=0x001dfad8
        1031816	     51489	800099b0	c2b1	c.beqz	x13,800099f4	 x13:0x00000001
        1031836	     51490	800099b2	04fa6363	bltu	x20,x15,800099f8	 x20:0x00000016 x15:0xa3a537be
        1032316	     51514	800099f8	6f04b793	sltiu	x15,x9,1776	  x9:0xfffff831 x15=0x00000000
        1032376	     51517	800099fc	01be4933	xor	x18,x28,x27	 x28:0x269fc3a0 x27:0xfffffe14 x18=0xd9603db4
        1032416	     51519	80009a00	00399f13	slli	x30,x19,0x3	 x19:0x00000000 x30=0x00000000
        1033316	     51564	80009a04	0309c6b3	div	x13,x19,x16	 x19:0x00000000 x16:0x00000006 x13=0x00000000
        1033336	     51565	80009a08	d5c38b93	addi	x23,x7,-676	  x7:0x000007ce x23=0x0000052a
        1033376	     51567	80009a0c	033fc7b3	div	x15,x31,x19	 x31:0x80025ce4 x19:0x00000000 x15=0xffffffff
        1033396	     51568	80009a10	7d65e693	ori	x13,x11,2006	 x11:0xfffff831 x13=0xfffffff7
        1033416	     51569	80009a14	01df5813	srli	x16,x30,0x1d	 x30:0x00000000 x16=0x00000000
        1033436	     51570	80009a18	014aa533	slt	x10,x21,x20	 x21:0x80000000 x20:0x00000016 x10=0x00000001
        1033456	     51571	80009a1c	83f5	c.srli	x15,0x1d	 x15:0xffffffff x15=0x00000007
        1033476	     51572	80009a1e	01f8e4b3	or	x9,x17,x31	 x17:0x0000003e x31:0x80025ce4  x9=0x80025cfe
        1033496	     51573	80009a22	02438bb3	mul	x23,x7,x4	  x7:0x000007ce  x4:0xfffff81c x23=0xffc26a88
        1033676	     51582	80009a26	0ff0000f	fence	iorw,iorw	
        1033796	     51588	80009a2a	72d08813	addi	x16,x1,1837	  x1:0x0000001d x16=0x0000074a
        1033836	     51590	80009a2e	0237bab3	mulhu	x21,x15,x3	 x15:0x00000007  x3:0xfffff656 x21=0x00000006
        1033876	     51592	80009a32	b9e3bd93	sltiu	x27,x7,-1122	  x7:0x000007ce x27=0x00000001
        1034276	     51612	80009a36	02fa1d33	mulh	x26,x20,x15	 x20:0x00000016 x15:0x00000007 x26=0x00000000
        1034296	     51613	80009a3a	8485	c.srai	x9,0x1	  x9:0x80025cfe  x9=0xc0012e7f
        1035076	     51652	80009a3c	023aeeb3	rem	x29,x21,x3	 x21:0x00000006  x3:0xfffff656 x29=0x00000006
        1035096	     51653	80009a40	1684	c.addi4spn	x9,x2,864	  x9=0x00000340
        1035136	     51655	80009a42	02f02933	mulhsu	x18,x0,x15	  x0:0x00000000 x15:0x00000007 x18=0x00000000
        1035176	     51657	80009a46	0104d793	srli	x15,x9,0x10	  x9:0x00000340 x15=0x00000000
        1035196	     51658	80009a4a	0155dc33	srl	x24,x11,x21	 x11:0xfffff831 x21:0x00000006 x24=0x03ffffe0
        1035256	     51661	80009a4e	01be9a13	slli	x20,x29,0x1b	 x29:0x00000006 x20=0x30000000
        1035276	     51662	80009a52	0000100f	fence.i	
        1036196	     51708	80009a56	44d7aa13	slti	x20,x15,1101	 x15:0x00000000 x20=0x00000001
        1036216	     51709	80009a5a	0152b0b3	sltu	x1,x5,x21	  x5:0xfffff63c x21:0x00000006  x1=0x00000000
        1036236	     51710	80009a5e	01e199b3	sll	x19,x3,x30	  x3:0xfffff656 x30:0x00000000 x19=0xfffff656
        1036256	     51711	80009a62	0469	c.addi	x8,26	  x8:0x001dfad8  x8=0x001dfaf2
        1036316	     51714	80009a64	0000100f	fence.i	
        1036496	     51723	80009a68	01441b63	bne	x8,x20,80009a7e	  x8:0x001dfaf2 x20:0x00000001
        1037256	     51761	80009a7e	40c784b3	sub	x9,x15,x12	 x15:0x00000000 x12:0x3239f000  x9=0xcdc61000
        1037516	     51774	80009a82	404f89b3	sub	x19,x31,x4	 x31:0x80025ce4  x4:0xfffff81c x19=0x800264c8
        1037536	     51775	80009a86	eb89	c.bnez	x15,80009a98	 x15:0x00000000
        1037556	     51776	80009a88	b5d7e393	ori	x7,x15,-1187	 x15:0x00000000  x7=0xfffffb5d
        1037576	     51777	80009a8c	01dadab3	srl	x21,x21,x29	 x21:0x00000006 x29:0x00000006 x21=0x00000000
        1037596	     51778	80009a90	03a38363	beq	x7,x26,80009ab6	  x7:0xfffffb5d x26:0x00000000
        1038416	     51819	80009a94	026a5a33	divu	x20,x20,x6	 x20:0x00000001  x6:0x80021e50 x20=0x00000000
        1038456	     51821	80009a98	03a96933	rem	x18,x18,x26	 x18:0x00000000 x26:0x00000000 x18=0x00000000
        1038476	     51822	80009a9c	022701b3	mul	x3,x14,x2	 x14:0xf0e80000  x2:0xffffffe0  x3=0xe3000000
        1038496	     51823	80009aa0	007c0433	add	x8,x24,x7	 x24:0x03ffffe0  x7:0xfffffb5d  x8=0x03fffb3d
        1039236	     51860	80009aa4	037b6833	rem	x16,x22,x23	 x22:0x00000002 x23:0xffc26a88 x16=0x00000002
        1039256	     51861	80009aa8	412b54b3	sra	x9,x22,x18	 x22:0x00000002 x18:0x00000000  x9=0x00000002
        1039276	     51862	80009aac	0157dc13	srli	x24,x15,0x15	 x15:0x00000000 x24=0x00000000
        1039296	     51863	80009ab0	0809	c.addi	x16,2	 x16:0x00000002 x16=0x00000004
        1039316	     51864	80009ab2	009def63	bltu	x27,x9,80009ad0	 x27:0x00000001  x9:0x00000002
        1039616	     51879	80009ad0	02c39d33	mulh	x26,x7,x12	  x7:0xfffffb5d x12:0x3239f000 x26=0xffffff17
        1039636	     51880	80009ad4	844e	c.mv	x8,x19	  x0:0x00000000 x19:0x800264c8  x8=0x800264c8
        1040036	     51900	80009ad6	3405b6f3	csrrc	x13,mscratch,x11	 x11:0xfffff831 x13=0x00000000
        1040056	     51901	80009ada	80e9	c.srli	x9,0x1a	  x9:0x00000002  x9=0x00000000
        1040076	     51902	80009adc	0001	c.addi	x0,0	  x0:0x00000000  x0=0x00000000
        1040496	     51923	80009ade	036821b3	mulhsu	x3,x16,x22	 x16:0x00000004 x22:0x00000002  x3=0x00000000
        1040516	     51924	80009ae2	0190	c.addi4spn	x12,x2,192	 x12=0x000000a0
        1040656	     51931	80009ae4	717d	c.addi16sp	x2,-16	  x2:0xffffffe0  x2=0xffffffd0
        1040696	     51933	80009ae6	034b5d33	divu	x26,x22,x20	 x22:0x00000002 x20:0x00000000 x26=0xffffffff
        1040716	     51934	80009aea	34037a73	csrrci	x20,mscratch,6	 x20=0x00000000
        1040736	     51935	80009aee	00078eb3	add	x29,x15,x0	 x15:0x00000000  x0:0x00000000 x29=0x00000000
        1040756	     51936	80009af2	00d31233	sll	x4,x6,x13	  x6:0x80021e50 x13:0x00000000  x4=0x80021e50
        1040896	     51943	80009af6	0464e263	bltu	x9,x6,80009b3a	  x9:0x00000000  x6:0x80021e50
        1041336	     51965	80009b3a	038972b3	remu	x5,x18,x24	 x18:0x00000000 x24:0x00000000  x5=0x00000000
        1041356	     51966	80009b3e	03bb8563	beq	x23,x27,80009b68	 x23:0xffc26a88 x27:0x00000001
        1041376	     51967	80009b42	01a67a33	and	x20,x12,x26	 x12:0x000000a0 x26:0xffffffff x20=0x000000a0
        1041676	     51982	80009b46	00789bb3	sll	x23,x17,x7	 x17:0x0000003e  x7:0xfffffb5d x23=0xc0000000
        1042416	     52019	80009b4a	02295ab3	divu	x21,x18,x2	 x18:0x00000000  x2:0xffffffd0 x21=0x00000000
        1051776	     52487	80009b4e	016bab33	slt	x22,x23,x22	 x23:0xc0000000 x22:0x00000002 x22=0x00000001
        1051796	     52488	80009b52	052e	c.slli	x10,0xb	 x10:0x00000001 x10=0x00000800
        1051816	     52489	80009b54	00493cb3	sltu	x25,x18,x4	 x18:0x00000000  x4:0x80021e50 x25=0x00000001
        1051836	     52490	80009b58	045a	c.slli	x8,0x16	  x8:0x800264c8  x8=0x32000000
        1051876	     52492	80009b5a	023ee5b3	rem	x11,x29,x3	 x29:0x00000000  x3:0x00000000 x11=0x00000000
        1051896	     52493	80009b5e	b2bf0213	addi	x4,x30,-1237	 x30:0x00000000  x4=0xfffffb2b
        1051936	     52495	80009b62	02df5eb3	divu	x29,x30,x13	 x30:0x00000000 x13:0x00000000 x29=0xffffffff
        1051956	     52496	80009b66	820a	c.mv	x4,x2	  x0:0x00000000  x2:0xffffffd0  x4=0xffffffd0
        1051976	     52497	80009b68	80a1	c.srli	x9,0x8	  x9:0x00000000  x9=0x00000000
        1052056	     52501	80009b6a	bf61bd13	sltiu	x26,x3,-1034	  x3:0x00000000 x26=0x00000001
        1052076	     52502	80009b6e	01c8b133	sltu	x2,x17,x28	 x17:0x0000003e x28:0x269fc3a0  x2=0x00000001
        1052296	     52513	80009b72	05d69363	bne	x13,x29,80009bb8	 x13:0x00000000 x29:0xffffffff
        1052616	     52529	80009bb8	00d17633	and	x12,x2,x13	  x2:0x00000001 x13:0x00000000 x12=0x00000000
        1052736	     52535	80009bbc	0a36	c.slli	x20,0xd	 x20:0x000000a0 x20=0x00140000
        1052756	     52536	80009bbe	00a05293	srli	x5,x0,0xa	  x0:0x00000000  x5=0x00000000
        1052816	     52539	80009bc2	0000acb3	slt	x25,x1,x0	  x1:0x00000000  x0:0x00000000 x25=0x00000000
        1052836	     52540	80009bc6	8709	c.srai	x14,0x2	 x14:0xf0e80000 x14=0xfc3a0000
        1053236	     52560	80009bc8	187d	c.addi	x16,-1	 x16:0x00000004 x16=0x00000003
        1053256	     52561	80009bca	0ff0000f	fence	iorw,iorw	
        1054176	     52607	80009bce	030469b3	rem	x19,x8,x16	  x8:0x32000000 x16:0x00000003 x19=0x00000002
        1054916	     52644	80009bd2	03dae433	rem	x8,x21,x29	 x21:0x00000000 x29:0xffffffff  x8=0x00000000
        1054936	     52645	80009bd6	04920363	beq	x4,x9,80009c1c	  x4:0xffffffd0  x9:0x00000000
        1054956	     52646	80009bda	41a3d133	sra	x2,x7,x26	  x7:0xfffffb5d x26:0x00000001  x2=0xfffffdae
        1054976	     52647	80009bde	340063f3	csrrsi	x7,mscratch,0	  x7=0x00000000
        1054996	     52648	80009be2	03b48a33	mul	x20,x9,x27	  x9:0x00000000 x27:0x00000001 x20=0x00000000
        1055016	     52649	80009be6	4d8b9d17	auipc	x26,0x4d8b9	 x26=0xcd8c2be6
        1055036	     52650	80009bea	93f2	c.add	x7,x28	  x7:0x00000000 x28:0x269fc3a0  x7=0x269fc3a0
        1055056	     52651	80009bec	e011b017	auipc	x0,0xe011b	  x0=0x00000000
        1055496	     52673	80009bf0	340070f3	csrrci	x1,mscratch,0	  x1=0x00000000
        1055636	     52680	80009bf4	181c	c.addi4spn	x15,x2,48	 x15=0xfffffdde
        1055656	     52681	80009bf6	11750813	addi	x16,x10,279	 x10:0x00000800 x16=0x00000917
        1055976	     52697	80009bfa	004564b3	or	x9,x10,x4	 x10:0x00000800  x4:0xffffffd0  x9=0xffffffd0
        1055996	     52698	80009bfe	00ccd733	srl	x14,x25,x12	 x25:0x00000000 x12:0x00000000 x14=0x00000000
        1056016	     52699	80009c02	9a0e	c.add	x20,x3	 x20:0x00000000  x3:0x00000000 x20=0x00000000
        1056056	     52701	80009c04	02f09d33	mulh	x26,x1,x15	  x1:0x00000000 x15:0xfffffdde x26=0x00000000
        1056096	     52703	80009c08	0219b6b3	mulhu	x13,x19,x1	 x19:0x00000002  x1:0x00000000 x13=0x00000000
        1056156	     52706	80009c0c	01ddf233	and	x4,x27,x29	 x27:0x00000001 x29:0xffffffff  x4=0x00000001
        1056316	     52714	80009c10	007efc33	and	x24,x29,x7	 x29:0xffffffff  x7:0x269fc3a0 x24=0x269fc3a0
        1056496	     52723	80009c14	41478a33	sub	x20,x15,x20	 x15:0xfffffdde x20:0x00000000 x20=0xfffffdde
        1056656	     52731	80009c18	8c15	c.sub	x8,x13	  x8:0x00000000 x13:0x00000000  x8=0x00000000
        1056676	     52732	80009c1a	587d	c.li	x16,-1	 x16=0xffffffff
        1056696	     52733	80009c1c	0755	c.addi	x14,21	 x14:0x00000000 x14=0x00000015
        1056716	     52734	80009c1e	0001	c.addi	x0,0	  x0:0x00000000  x0=0x00000000
        1056736	     52735	80009c20	6839	c.lui	x16,0xe	 x16=0x0000e000
        1056756	     52736	80009c22	00edec33	or	x24,x27,x14	 x27:0x00000001 x14:0x00000015 x24=0x00000015
        1057096	     52753	80009c26	01e524b3	slt	x9,x10,x30	 x10:0x00000800 x30:0x00000000  x9=0x00000000
        1057116	     52754	80009c2a	4025d693	srai	x13,x11,0x2	 x11:0x00000000 x13=0x00000000
        1057856	     52791	80009c2e	0222c8b3	div	x17,x5,x2	  x5:0x00000000  x2:0xfffffdae x17=0x00000000
        1057876	     52792	80009c32	8661	c.srai	x12,0x18	 x12:0x00000000 x12=0x00000000
        1057896	     52793	80009c34	34003ef3	csrrc	x29,mscratch,x0	  x0:0x00000000 x29=0x00000000
        1057916	     52794	80009c38	41f7da93	srai	x21,x15,0x1f	 x15:0xfffffdde x21=0xffffffff
        1057936	     52795	80009c3c	8179	c.srli	x10,0x1e	 x10:0x00000800 x10=0x00000000
        1057956	     52796	80009c3e	01c22ab3	slt	x21,x4,x28	  x4:0x00000001 x28:0x269fc3a0 x21=0x00000001
        1057976	     52797	80009c42	98ae	c.add	x17,x11	 x17:0x00000000 x11:0x00000000 x17=0x00000000
        1057996	     52798	80009c44	54c07713	andi	x14,x0,1356	  x0:0x00000000 x14=0x00000000
        1058016	     52799	80009c48	6be06b93	ori	x23,x0,1726	  x0:0x00000000 x23=0x000006be
        1058376	     52817	80009c4c	41ad5213	srai	x4,x26,0x1a	 x26:0x00000000  x4=0x00000000
        1058396	     52818	80009c50	909e	c.add	x1,x7	  x1:0x00000000  x7:0x269fc3a0  x1=0x269fc3a0
        1058496	     52823	80009c52	557c6b13	ori	x22,x24,1367	 x24:0x00000015 x22=0x00000557
        1058516	     52824	80009c56	0001	c.addi	x0,0	  x0:0x00000000  x0=0x00000000
        1058556	     52826	80009c58	0278acb3	mulhsu	x25,x17,x7	 x17:0x00000000  x7:0x269fc3a0 x25=0x00000000
        1058576	     52827	80009c5c	016e22b3	slt	x5,x28,x22	 x28:0x269fc3a0 x22:0x00000557  x5=0x00000000
        1058596	     52828	80009c60	41c004b3	sub	x9,x0,x28	  x0:0x00000000 x28:0x269fc3a0  x9=0xd9603c60
        1058616	     52829	80009c64	a6b102b7	lui	x5,0xa6b10	  x5=0xa6b10000
        1058796	     52838	80009c68	119c	c.addi4spn	x15,x2,224	 x15=0xfffffe8e
        1058816	     52839	80009c6a	0001	c.addi	x0,0	  x0:0x00000000  x0=0x00000000
        1058836	     52840	80009c6c	01bbd833	srl	x16,x23,x27	 x23:0x000006be x27:0x00000001 x16=0x0000035f
        1058856	     52841	80009c70	b3448a13	addi	x20,x9,-1228	  x9:0xd9603c60 x20=0xd9603794
        1058936	     52845	80009c74	013f91b3	sll	x3,x31,x19	 x31:0x80025ce4 x19:0x00000002  x3=0x00097390
        1058956	     52846	80009c78	000e1c33	sll	x24,x28,x0	 x28:0x269fc3a0  x0:0x00000000 x24=0x269fc3a0
        1059376	     52867	80009c7c	0ff0000f	fence	iorw,iorw	
        1059396	     52868	80009c80	596beb37	lui	x22,0x596be	 x22=0x596be000
        1059416	     52869	80009c84	340add73	csrrwi	x26,mscratch,21	 x26=0x00000000
        1060296	     52913	80009c88	022ef2b3	remu	x5,x29,x2	 x29:0x00000000  x2:0xfffffdae  x5=0x00000000
        1060316	     52914	80009c8c	c78d	c.beqz	x15,80009cb6	 x15:0xfffffe8e
        1060336	     52915	80009c8e	005fa633	slt	x12,x31,x5	 x31:0x80025ce4  x5:0x00000000 x12=0x00000001
        1061076	     52952	80009c92	03b0f633	remu	x12,x1,x27	  x1:0x269fc3a0 x27:0x00000001 x12=0x00000000
        1061096	     52953	80009c96	0001	c.addi	x0,0	  x0:0x00000000  x0=0x00000000
        1061116	     52954	80009c98	6231	c.lui	x4,0xc	  x4=0x0000c000
        1061136	     52955	80009c9a	02741563	bne	x8,x7,80009cc4	  x8:0x00000000  x7:0x269fc3a0
        1061596	     52978	80009cc4	0078f663	bgeu	x17,x7,80009cd0	 x17:0x00000000  x7:0x269fc3a0
        1061896	     52993	80009cc8	340d5a73	csrrwi	x20,mscratch,26	 x20=0x00000015
        1061936	     52995	80009ccc	029c4763	blt	x24,x9,80009cfa	 x24:0x269fc3a0  x9:0xd9603c60
        1062096	     53003	80009cd0	0615	c.addi	x12,5	 x12:0x00000000 x12=0x00000005
        1062116	     53004	80009cd2	0140feb3	and	x29,x1,x20	  x1:0x269fc3a0 x20:0x00000015 x29=0x00000000
        1062136	     53005	80009cd6	1908	c.addi4spn	x10,x2,176	 x10=0xfffffe5e
        1062156	     53006	80009cd8	407ad613	srai	x12,x21,0x7	 x21:0x00000001 x12=0x00000000
        1062936	     53045	80009cdc	0211fc33	remu	x24,x3,x1	  x3:0x00097390  x1:0x269fc3a0 x24=0x00097390
        1062956	     53046	80009ce0	0131c133	xor	x2,x3,x19	  x3:0x00097390 x19:0x00000002  x2=0x00097392
        1062976	     53047	80009ce4	34002f73	csrrs	x30,mscratch,x0	  x0:0x00000000 x30=0x0000001a
        1063796	     53088	80009ce8	0223edb3	rem	x27,x7,x2	  x7:0x269fc3a0  x2:0x00097392 x27=0x00018d14
        1063816	     53089	80009cec	3400e9f3	csrrsi	x19,mscratch,1	 x19=0x0000001a
        1063856	     53091	80009cf0	03d59733	mulh	x14,x11,x29	 x11:0x00000000 x29:0x00000000 x14=0x00000000
        1063876	     53092	80009cf4	8f61	c.and	x14,x8	 x14:0x00000000  x8:0x00000000 x14=0x00000000
        1063916	     53094	80009cf6	02e45eb3	divu	x29,x8,x14	  x8:0x00000000 x14:0x00000000 x29=0xffffffff
        1063936	     53095	80009cfa	9157a413	slti	x8,x15,-1771	 x15:0xfffffe8e  x8=0x00000000
        1063956	     53096	80009cfe	0c14	c.addi4spn	x13,x2,528	 x13=0x000975a2
        1064036	     53100	80009d00	02516a33	rem	x20,x2,x5	  x2:0x00097392  x5:0x00000000 x20=0x00097392
        1064396	     53118	80009d04	00db5b63	bge	x22,x13,80009d1a	 x22:0x596be000 x13:0x000975a2
        1064636	     53130	80009d1a	6175	c.addi16sp	x2,368	  x2:0x00097392  x2=0x00097502
        1064756	     53136	80009d1c	7b6ac793	xori	x15,x21,1974	 x21:0x00000001 x15=0x000007b7
        1064776	     53137	80009d20	0001	c.addi	x0,0	  x0:0x00000000  x0=0x00000000
        1065516	     53174	80009d22	0367e6b3	rem	x13,x15,x22	 x15:0x000007b7 x22:0x596be000 x13=0x000007b7
        1065536	     53175	80009d26	41c1	c.li	x3,16	  x3=0x00000010
        1065556	     53176	80009d28	00a85793	srli	x15,x16,0xa	 x16:0x0000035f x15=0x00000000
        1065576	     53177	80009d2c	0001	c.addi	x0,0	  x0:0x00000000  x0=0x00000000
        1065596	     53178	80009d2e	00f0f833	and	x16,x1,x15	  x1:0x269fc3a0 x15:0x00000000 x16=0x00000000
        1066336	     53215	80009d32	0343c1b3	div	x3,x7,x20	  x7:0x269fc3a0 x20:0x00097392  x3=0x00000416
        1067076	     53252	80009d36	022cc233	div	x4,x25,x2	 x25:0x00000000  x2:0x00097502  x4=0x00000000
        1067096	     53253	80009d3a	34482593	slti	x11,x16,836	 x16:0x00000000 x11=0x00000001
        1067116	     53254	80009d3e	02806163	bltu	x0,x8,80009d60	  x0:0x00000000  x8:0x00000000
        1067136	     53255	80009d42	340362f3	csrrsi	x5,mscratch,6	  x5=0x0000001b
        1067156	     53256	80009d46	8d89	c.sub	x11,x10	 x11:0x00000001 x10:0xfffffe5e x11=0x000001a3
        1067176	     53257	80009d48	c463ca13	xori	x20,x7,-954	  x7:0x269fc3a0 x20=0xd9603fe6
        1067196	     53258	80009d4c	013c4963	blt	x24,x19,80009d5e	 x24:0x00097390 x19:0x0000001a
        1067216	     53259	80009d50	8c65	c.and	x8,x9	  x8:0x00000000  x9:0xd9603c60  x8=0x00000000
        1067676	     53282	80009d52	c0577397	auipc	x7,0xc0577	  x7=0x40580d52
        1067696	     53283	80009d56	03ae	c.slli	x7,0xb	  x7:0x40580d52  x7=0xc06a9000
        1067716	     53284	80009d58	0908	c.addi4spn	x10,x2,144	 x10=0x00097592
        1067736	     53285	80009d5a	340fb773	csrrc	x14,mscratch,x31	 x31:0x80025ce4 x14=0x0000001f
        1067756	     53286	80009d5e	717d	c.addi16sp	x2,-16	  x2:0x00097502  x2=0x000974f2
        1067896	     53293	80009d60	c705	c.beqz	x14,80009d88	 x14:0x0000001f
        1067916	     53294	80009d62	01e79ab3	sll	x21,x15,x30	 x15:0x00000000 x30:0x0000001a x21=0x00000000
        1067936	     53295	80009d66	405a56b3	sra	x13,x20,x5	 x20:0xd9603fe6  x5:0x0000001b x13=0xfffffffb
        1067956	     53296	80009d6a	02a60563	beq	x12,x10,80009d94	 x12:0x00000000 x10:0x00097592
        1068336	     53315	80009d6e	419a5c33	sra	x24,x20,x25	 x20:0xd9603fe6 x25:0x00000000 x24=0xd9603fe6
        1068716	     53334	80009d72	00224833	xor	x16,x4,x2	  x4:0x00000000  x2:0x000974f2 x16=0x000974f2
        1069016	     53349	80009d76	41530bb3	sub	x23,x6,x21	  x6:0x80021e50 x21:0x00000000 x23=0x80021e50
        1069396	     53368	80009d7a	01db5213	srli	x4,x22,0x1d	 x22:0x596be000  x4=0x00000002
        1069416	     53369	80009d7e	039e	c.slli	x7,0x7	  x7:0xc06a9000  x7=0x35480000
        1069476	     53372	80009d80	03660b63	beq	x12,x22,80009db6	 x12:0x00000000 x22:0x596be000
        1069736	     53385	80009d84	004c1563	bne	x24,x4,80009d8e	 x24:0xd9603fe6  x4:0x00000002
        1070616	     53429	80009d8e	3404d5f3	csrrwi	x11,mscratch,9	 x11=0x0000001b
        1070636	     53430	80009d92	48b1	c.li	x17,12	 x17=0x0000000c
        1070696	     53433	80009d94	8ef1	c.and	x13,x12	 x13:0xfffffffb x12:0x00000000 x13=0x00000000
        1070816	     53439	80009d96	0000100f	fence.i	
        1071636	     53480	80009d9a	015ccdb3	xor	x27,x25,x21	 x25:0x00000000 x21:0x00000000 x27=0x00000000
        1071656	     53481	80009d9e	82c2	c.mv	x5,x16	  x0:0x00000000 x16:0x000974f2  x5=0x000974f2
        1071696	     53483	80009da0	0185d433	srl	x8,x11,x24	 x11:0x0000001b x24:0xd9603fe6  x8=0x00000000
        1071716	     53484	80009da4	0140c233	xor	x4,x1,x20	  x1:0x269fc3a0 x20:0xd9603fe6  x4=0xfffffc46
        1071736	     53485	80009da8	1190	c.addi4spn	x12,x2,224	 x12=0x000975d2
        1071796	     53488	80009daa	0272f363	bgeu	x5,x7,80009dd0	  x5:0x000974f2  x7:0x35480000
        1071956	     53496	80009dae	403e5cb3	sra	x25,x28,x3	 x28:0x269fc3a0  x3:0x00000416 x25=0x0000009a
        1072196	     53508	80009db2	01cd4a33	xor	x20,x26,x28	 x26:0x00000000 x28:0x269fc3a0 x20=0x269fc3a0
        1072216	     53509	80009db6	4cb5	c.li	x25,13	 x25=0x0000000d
        1072616	     53529	80009db8	8d89	c.sub	x11,x10	 x11:0x0000001b x10:0x00097592 x11=0xfff68a89
        1072636	     53530	80009dba	8ded	c.and	x11,x11	 x11:0xfff68a89 x11:0xfff68a89 x11=0xfff68a89
        1072656	     53531	80009dbc	0ff0000f	fence	iorw,iorw	
        1072676	     53532	80009dc0	340c5df3	csrrwi	x27,mscratch,24	 x27=0x00000009
        1072736	     53535	80009dc4	34003473	csrrc	x8,mscratch,x0	  x0:0x00000000  x8=0x00000018
        1072756	     53536	80009dc8	03d30163	beq	x6,x29,80009dea	  x6:0x80021e50 x29:0xffffffff
        1072776	     53537	80009dcc	017a67b3	or	x15,x20,x23	 x20:0x269fc3a0 x23:0x80021e50 x15=0xa69fdff0
        1072896	     53543	80009dd0	416a57b3	sra	x15,x20,x22	 x20:0x269fc3a0 x22:0x596be000 x15=0x269fc3a0
        1073316	     53564	80009dd4	03ac8e63	beq	x25,x26,80009e10	 x25:0x0000000d x26:0x00000000
        1073336	     53565	80009dd8	0265cb63	blt	x11,x6,80009e0e	 x11:0xfff68a89  x6:0x80021e50
        1073756	     53586	80009ddc	8ad1	c.andi	x13,20	 x13:0x00000000 x13=0x00000000
        1073776	     53587	80009dde	340036f3	csrrc	x13,mscratch,x0	  x0:0x00000000 x13=0x00000018
        1073796	     53588	80009de2	e009	c.bnez	x8,80009de4	  x8:0x00000018
        1074296	     53613	80009de4	013ef233	and	x4,x29,x19	 x29:0xffffffff x19:0x0000001a  x4=0x0000001a
        1074636	     53630	80009de8	0001	c.addi	x0,0	  x0:0x00000000  x0=0x00000000
        1074656	     53631	80009dea	6de9	c.lui	x27,0x1a	 x27=0x0001a000
        1075056	     53651	80009dec	01e7df33	srl	x30,x15,x30	 x15:0x269fc3a0 x30:0x0000001a x30=0x00000009
        1075076	     53652	80009df0	0896	c.slli	x17,0x5	 x17:0x0000000c x17=0x00000180
        1075096	     53653	80009df2	045e4263	blt	x28,x5,80009e36	 x28:0x269fc3a0  x5:0x000974f2
        1075116	     53654	80009df6	96ae	c.add	x13,x11	 x13:0x00000018 x11:0xfff68a89 x13=0xfff68aa1
        1075136	     53655	80009df8	7ac1ff17	auipc	x30,0x7ac1f	 x30=0xfac28df8
        1075156	     53656	80009dfc	340ed973	csrrwi	x18,mscratch,29	 x18=0x00000018
        1075176	     53657	80009e00	5d7d6f13	ori	x30,x26,1495	 x26:0x00000000 x30=0x000005d7
        1075276	     53662	80009e04	8c71	c.and	x8,x12	  x8:0x00000018 x12:0x000975d2  x8=0x00000010
        1075416	     53669	80009e06	000a0033	add	x0,x20,x0	 x20:0x269fc3a0  x0:0x00000000  x0=0x00000000
        1075596	     53678	80009e0a	01725c33	srl	x24,x4,x23	  x4:0x0000001a x23:0x80021e50 x24=0x00000000
        1075616	     53679	80009e0e	0001	c.addi	x0,0	  x0:0x00000000  x0=0x00000000
        1075736	     53685	80009e10	03693133	mulhu	x2,x18,x22	 x18:0x00000018 x22:0x596be000  x2=0x00000008
        1075776	     53687	80009e14	340093f3	csrrw	x7,mscratch,x1	  x1:0x269fc3a0  x7=0x0000001d
        1075796	     53688	80009e18	005d0b63	beq	x26,x5,80009e2e	 x26:0x00000000  x5:0x000974f2
        1076216	     53709	80009e1c	6109	c.addi16sp	x2,128	  x2:0x00000008  x2=0x00000088
        1076256	     53711	80009e1e	03073133	mulhu	x2,x14,x16	 x14:0x0000001f x16:0x000974f2  x2=0x00000000
        1076276	     53712	80009e22	00b49593	slli	x11,x9,0xb	  x9:0xd9603c60 x11=0x01e30000
        1077156	     53756	80009e26	009c0f63	beq	x24,x9,80009e44	 x24:0x00000000  x9:0xd9603c60
        1077176	     53757	80009e2a	3403def3	csrrwi	x29,mscratch,7	 x29=0x269fc3a0
        1077196	     53758	80009e2e	34002073	csrrs	x0,mscratch,x0	  x0:0x00000000  x0=0x00000000
        1077216	     53759	80009e32	00e93ab3	sltu	x21,x18,x14	 x18:0x00000018 x14:0x0000001f x21=0x00000001
        1077236	     53760	80009e36	8631	c.srai	x12,0xc	 x12:0x000975d2 x12=0x00000097
        1077256	     53761	80009e38	f589ce93	xori	x29,x19,-168	 x19:0x0000001a x29=0xffffff42
        1077376	     53767	80009e3c	0000100f	fence.i	
        1078236	     53810	80009e40	00364bb3	xor	x23,x12,x3	 x12:0x00000097  x3:0x00000416 x23=0x00000481
        1078556	     53826	80009e44	03210cb3	mul	x25,x2,x18	  x2:0x00000000 x18:0x00000018 x25=0x00000000
        1078976	     53847	80009e48	006f1913	slli	x18,x30,0x6	 x30:0x000005d7 x18=0x000175c0
        1078996	     53848	80009e4c	63308193	addi	x3,x1,1587	  x1:0x269fc3a0  x3=0x269fc9d3
        1079016	     53849	80009e50	d5054c13	xori	x24,x10,-688	 x10:0x00097592 x24=0xfff688c2
        1079036	     53850	80009e54	03b88363	beq	x17,x27,80009e7a	 x17:0x00000180 x27:0x0001a000
        1079056	     53851	80009e58	8cc5	c.or	x9,x9	  x9:0xd9603c60  x9:0xd9603c60  x9=0xd9603c60
        1079796	     53888	80009e5a	02454b33	div	x22,x10,x4	 x10:0x00097592  x4:0x0000001a x22=0x00005d23
        1079816	     53889	80009e5e	0195b3b3	sltu	x7,x11,x25	 x11:0x01e30000 x25:0x00000000  x7=0x00000000
        1079836	     53890	80009e62	c305	c.beqz	x14,80009e82	 x14:0x0000001f
        1079856	     53891	80009e64	8cba	c.mv	x25,x14	  x0:0x00000000 x14:0x0000001f x25=0x0000001f
        1079876	     53892	80009e66	85aa	c.mv	x11,x10	  x0:0x00000000 x10:0x00097592 x11=0x00097592
        1079896	     53893	80009e68	02db4363	blt	x22,x13,80009e8e	 x22:0x00005d23 x13:0xfff68aa1
        1079916	     53894	80009e6c	8e49	c.or	x12,x10	 x12:0x00000097 x10:0x00097592 x12=0x00097597
        1079936	     53895	80009e6e	00329463	bne	x5,x3,80009e76	  x5:0x000974f2  x3:0x269fc9d3
        1080556	     53926	80009e76	0ff0000f	fence	iorw,iorw	
        1080676	     53932	80009e7a	34007273	csrrci	x4,mscratch,0	  x4=0x00000007
        1081056	     53951	80009e7e	34027bf3	csrrci	x23,mscratch,4	 x23=0x00000007
        1081476	     53972	80009e82	411b82b3	sub	x5,x23,x17	 x23:0x00000007 x17:0x00000180  x5=0xfffffe87
        1081496	     53973	80009e86	828d	c.srli	x13,0x3	 x13:0xfff68aa1 x13=0x1ffed154
        1081636	     53980	80009e88	0e08	c.addi4spn	x10,x2,784	 x10=0x00000310
        1082056	     54001	80009e8a	0065db63	bge	x11,x6,80009ea0	 x11:0x00097592  x6:0x80021e50
        1082556	     54026	80009ea0	3407e473	csrrsi	x8,mscratch,15	  x8=0x00000003
        1082596	     54028	80009ea4	0375bcb3	mulhu	x25,x11,x23	 x11:0x00097592 x23:0x00000007 x25=0x00000000
        1082616	     54029	80009ea8	8cf5	c.and	x9,x13	  x9:0xd9603c60 x13:0x1ffed154  x9=0x19601040
        1082636	     54030	80009eaa	417a59b3	sra	x19,x20,x23	 x20:0x269fc3a0 x23:0x00000007 x19=0x004d3f87
        1082676	     54032	80009eae	00a7b9b3	sltu	x19,x15,x10	 x15:0x269fc3a0 x10:0x00000310 x19=0x00000000
        1083236	     54060	80009eb2	03019163	bne	x3,x16,80009ed4	  x3:0x269fc9d3 x16:0x000974f2
        1083676	     54082	80009ed4	40685433	sra	x8,x16,x6	 x16:0x000974f2  x6:0x80021e50  x8=0x00000009
        1083716	     54084	80009ed8	98d2	c.add	x17,x20	 x17:0x00000180 x20:0x269fc3a0 x17=0x269fc520
        1083776	     54087	80009eda	39281997	auipc	x19,0x39281	 x19=0xb928aeda
        1083956	     54096	80009ede	ddf90393	addi	x7,x18,-545	 x18:0x000175c0  x7=0x0001739f
        1084296	     54113	80009ee2	001c2ab3	slt	x21,x24,x1	 x24:0xfff688c2  x1:0x269fc3a0 x21=0x00000001
        1084316	     54114	80009ee6	00ec14b3	sll	x9,x24,x14	 x24:0xfff688c2 x14:0x0000001f  x9=0x00000000
        1084456	     54121	80009eea	028f8463	beq	x31,x8,80009f12	 x31:0x80025ce4  x8:0x00000009
        1084556	     54126	80009eee	3406a673	csrrs	x12,mscratch,x13	 x13:0x1ffed154 x12=0x0000000f
        1084576	     54127	80009ef2	f3f07113	andi	x2,x0,-193	  x0:0x00000000  x2=0x00000000
        1084676	     54132	80009ef6	014d8c33	add	x24,x27,x20	 x27:0x0001a000 x20:0x269fc3a0 x24=0x26a163a0
        1084836	     54140	80009efa	340039f3	csrrc	x19,mscratch,x0	  x0:0x00000000 x19=0x1ffed15f
        1084856	     54141	80009efe	abd2cd13	xori	x26,x5,-1347	  x5:0xfffffe87 x26=0x0000043a
        1085036	     54150	80009f02	41df09b3	sub	x19,x30,x29	 x30:0x000005d7 x29:0xffffff42 x19=0x00000695
        1085776	     54187	80009f06	02e967b3	rem	x15,x18,x14	 x18:0x000175c0 x14:0x0000001f x15=0x0000000e
        1086516	     54224	80009f0a	03e1cd33	div	x26,x3,x30	  x3:0x269fc9d3 x30:0x000005d7 x26=0x00069d28
        1086536	     54225	80009f0e	0001	c.addi	x0,0	  x0:0x00000000  x0=0x00000000
        1086556	     54226	80009f10	6ca5	c.lui	x25,0x9	 x25=0x00009000
        1086576	     54227	80009f12	001933b3	sltu	x7,x18,x1	 x18:0x000175c0  x1:0x269fc3a0  x7=0x00000001
        1086596	     54228	80009f16	0c0f6913	ori	x18,x30,192	 x30:0x000005d7 x18=0x000005d7
        1086616	     54229	80009f1a	8b35	c.andi	x14,13	 x14:0x0000001f x14=0x0000000d
        1086636	     54230	80009f1c	02515363	bge	x2,x5,80009f42	  x2:0x00000000  x5:0xfffffe87
        1088096	     54303	80009f42	4e14e493	ori	x9,x9,1249	  x9:0x00000000  x9=0x000004e1
        1088116	     54304	80009f46	340022f3	csrrs	x5,mscratch,x0	  x0:0x00000000  x5=0x1ffed15f
        1088536	     54325	80009f4a	00593ab3	sltu	x21,x18,x5	 x18:0x000005d7  x5:0x1ffed15f x21=0x00000001
        1088956	     54346	80009f4e	000adab3	srl	x21,x21,x0	 x21:0x00000001  x0:0x00000000 x21=0x00000001
        1088976	     54347	80009f52	ce0d	c.beqz	x12,80009f8c	 x12:0x0000000f
        1088996	     54348	80009f54	01b26c63	bltu	x4,x27,80009f6c	  x4:0x00000007 x27:0x0001a000
        1089416	     54369	80009f6c	34006273	csrrsi	x4,mscratch,0	  x4=0x1ffed15f
        1089596	     54378	80009f70	00858b33	add	x22,x11,x8	 x11:0x00097592  x8:0x00000009 x22=0x0009759b
        1089616	     54379	80009f74	187e0113	addi	x2,x28,391	 x28:0x269fc3a0  x2=0x269fc527
        1089736	     54385	80009f78	40d65113	srai	x2,x12,0xd	 x12:0x0000000f  x2=0x00000000
        1090136	     54405	80009f7c	00871963	bne	x14,x8,80009f8e	 x14:0x0000000d  x8:0x00000009
        1090836	     54440	80009f8e	0000100f	fence.i	
        1091596	     54478	80009f92	340ed4f3	csrrwi	x9,mscratch,29	  x9=0x1ffed15f
        1091616	     54479	80009f96	bc886113	ori	x2,x16,-1080	 x16:0x000974f2  x2=0xfffffffa
        1091636	     54480	80009f9a	01512633	slt	x12,x2,x21	  x2:0xfffffffa x21:0x00000001 x12=0x00000001
        1091676	     54482	80009f9e	0327b1b3	mulhu	x3,x15,x18	 x15:0x0000000e x18:0x000005d7  x3=0x00000000
        1091696	     54483	80009fa2	34001ef3	csrrw	x29,mscratch,x0	  x0:0x00000000 x29=0x0000001d
        1091716	     54484	80009fa6	be296593	ori	x11,x18,-1054	 x18:0x000005d7 x11=0xfffffff7
        1091796	     54488	80009faa	857c5897	auipc	x17,0x857c5	 x17=0x057cefaa
        1091816	     54489	80009fae	0ff0000f	fence	iorw,iorw	
        1091836	     54490	80009fb2	e2a9	c.bnez	x13,80009ff4	 x13:0x1ffed154
        1092376	     54517	80009ff4	a84e3a93	sltiu	x21,x28,-1404	 x28:0x269fc3a0 x21=0x00000001
        1092396	     54518	80009ff8	0170cb33	xor	x22,x1,x23	  x1:0x269fc3a0 x23:0x00000007 x22=0x269fc3a7
        1092496	     54523	80009ffc	01aefd63	bgeu	x29,x26,8000a016	 x29:0x0000001d x26:0x00069d28
        1093636	     54580	8000a000	0245e233	rem	x4,x11,x4	 x11:0xfffffff7  x4:0x1ffed15f  x4=0xfffffff7
        1093656	     54581	8000a004	00f91a63	bne	x18,x15,8000a018	 x18:0x000005d7 x15:0x0000000e
        1093756	     54586	8000a018	038493b3	mulh	x7,x9,x24	  x9:0x1ffed15f x24:0x26a163a0  x7=0x04d3fec9
        1094516	     54624	8000a01c	02a87633	remu	x12,x16,x10	 x16:0x000974f2 x10:0x00000310 x12=0x00000192
        1094536	     54625	8000a020	00718bb3	add	x23,x3,x7	  x3:0x00000000  x7:0x04d3fec9 x23=0x04d3fec9
        1094596	     54628	8000a024	02d50163	beq	x10,x13,8000a046	 x10:0x00000310 x13:0x1ffed154
        1095336	     54665	8000a028	03b8eb33	rem	x22,x17,x27	 x17:0x057cefaa x27:0x0001a000 x22=0x0000efaa
        1095356	     54666	8000a02c	340e7573	csrrci	x10,mscratch,28	 x10=0x00000000
        1095376	     54667	8000a030	542a40b7	lui	x1,0x542a4	  x1=0x542a4000
        1095396	     54668	8000a034	85fa	c.mv	x11,x30	  x0:0x00000000 x30:0x000005d7 x11=0x000005d7
        1095416	     54669	8000a036	81b1	c.srli	x11,0xc	 x11:0x000005d7 x11=0x00000000
        1095436	     54670	8000a038	9b56	c.add	x22,x21	 x22:0x0000efaa x21:0x00000001 x22=0x0000efab
        1095456	     54671	8000a03a	1e872393	slti	x7,x14,488	 x14:0x0000000d  x7=0x00000001
        1095676	     54682	8000a03e	e1584d13	xori	x26,x16,-491	 x16:0x000974f2 x26=0xfff68ae7
        1095696	     54683	8000a042	3405ac73	csrrs	x24,mscratch,x11	 x11:0x00000000 x24=0x00000000
        1095716	     54684	8000a046	9112	c.add	x2,x4	  x2:0xfffffffa  x4:0xfffffff7  x2=0xfffffff1
        1096456	     54721	8000a048	0226f833	remu	x16,x13,x2	 x13:0x1ffed154  x2:0xfffffff1 x16=0x1ffed154
        1096476	     54722	8000a04c	40f40d33	sub	x26,x8,x15	  x8:0x00000009 x15:0x0000000e x26=0xfffffffb
        1096516	     54724	8000a050	02132db3	mulhsu	x27,x6,x1	  x6:0x80021e50  x1:0x542a4000 x27=0xd5eb924b
        1096536	     54725	8000a054	ffdab813	sltiu	x16,x21,-3	 x21:0x00000001 x16=0x00000001
        1096556	     54726	8000a058	0001	c.addi	x0,0	  x0:0x00000000  x0=0x00000000
        1096576	     54727	8000a05a	64f5	c.lui	x9,0x1d	  x9=0x0001d000
        1096596	     54728	8000a05c	00946eb3	or	x29,x8,x9	  x8:0x00000009  x9:0x0001d000 x29=0x0001d009
        1097016	     54749	8000a060	029499b3	mulh	x19,x9,x9	  x9:0x0001d000  x9:0x0001d000 x19=0x00000003
        1097756	     54786	8000a064	030d7633	remu	x12,x26,x16	 x26:0xfffffffb x16:0x00000001 x12=0x00000000
        1097776	     54787	8000a068	6215	c.lui	x4,0x5	  x4=0x00005000
        1097796	     54788	8000a06a	01d8c4b3	xor	x9,x17,x29	 x17:0x057cefaa x29:0x0001d009  x9=0x057d3fa3
        1097836	     54790	8000a06e	0382a9b3	mulhsu	x19,x5,x24	  x5:0x1ffed15f x24:0x00000000 x19=0x00000000
        1097856	     54791	8000a072	9c52	c.add	x24,x20	 x24:0x00000000 x20:0x269fc3a0 x24=0x269fc3a0
        1097876	     54792	8000a074	8525	c.srai	x10,0x9	 x10:0x00000000 x10=0x00000000
        1097896	     54793	8000a076	85bd	c.srai	x11,0xf	 x11:0x00000000 x11=0x00000000
        1097916	     54794	8000a078	00f39613	slli	x12,x7,0xf	  x7:0x00000001 x12=0x00008000
        1097936	     54795	8000a07c	127d	c.addi	x4,-1	  x4:0x00005000  x4=0x00004fff
        1098736	     54835	8000a07e	02537a33	remu	x20,x6,x5	  x6:0x80021e50  x5:0x1ffed15f x20=0x0006d8d4
        1098776	     54837	8000a082	03cf3d33	mulhu	x26,x30,x28	 x30:0x000005d7 x28:0x269fc3a0 x26=0x000000e1
        1098796	     54838	8000a086	8ff5	c.and	x15,x13	 x15:0x0000000e x13:0x1ffed154 x15=0x00000004
        1098816	     54839	8000a088	0ff0000f	fence	iorw,iorw	
        1098836	     54840	8000a08c	c3a4a913	slti	x18,x9,-966	  x9:0x057d3fa3 x18=0x00000000
        1098856	     54841	8000a090	3408eef3	csrrsi	x29,mscratch,17	 x29=0x00000000
        1099596	     54878	8000a094	022deeb3	rem	x29,x27,x2	 x27:0xd5eb924b  x2:0xfffffff1 x29=0xfffffff9
        1099616	     54879	8000a098	01188bb3	add	x23,x17,x17	 x17:0x057cefaa x17:0x057cefaa x23=0x0af9df54
        1099636	     54880	8000a09c	0001	c.addi	x0,0	  x0:0x00000000  x0=0x00000000
        1099656	     54881	8000a09e	851e	c.mv	x10,x7	  x0:0x00000000  x7:0x00000001 x10=0x00000001
        1099716	     54884	8000a0a0	014ea133	slt	x2,x29,x20	 x29:0xfffffff9 x20:0x0006d8d4  x2=0x00000001
        1099736	     54885	8000a0a4	026084b3	mul	x9,x1,x6	  x1:0x542a4000  x6:0x80021e50  x9=0xc0b40000
        1100156	     54906	8000a0a8	34007673	csrrci	x12,mscratch,0	 x12=0x00000011
        1100176	     54907	8000a0ac	1518	c.addi4spn	x14,x2,672	 x14=0x000002a1
        1100596	     54928	8000a0ae	01ac2633	slt	x12,x24,x26	 x24:0x269fc3a0 x26:0x000000e1 x12=0x00000000
        1100616	     54929	8000a0b2	001c3133	sltu	x2,x24,x1	 x24:0x269fc3a0  x1:0x542a4000  x2=0x00000001
        1100636	     54930	8000a0b6	8ce5	c.and	x9,x9	  x9:0xc0b40000  x9:0xc0b40000  x9=0xc0b40000
        1100656	     54931	8000a0b8	0000100f	fence.i	
        1101576	     54977	8000a0bc	8d85	c.sub	x11,x9	 x11:0x00000000  x9:0xc0b40000 x11=0x3f4c0000
        1102316	     55014	8000a0be	039366b3	rem	x13,x6,x25	  x6:0x80021e50 x25:0x00009000 x13=0xffffbe50
        1102336	     55015	8000a0c2	40d3de93	srai	x29,x7,0xd	  x7:0x00000001 x29=0x00000000
        1103076	     55052	8000a0c6	02abf133	remu	x2,x23,x10	 x23:0x0af9df54 x10:0x00000001  x2=0x00000000
        1103816	     55089	8000a0ca	036c4eb3	div	x29,x24,x22	 x24:0x269fc3a0 x22:0x0000efab x29=0x00002941
        1103836	     55090	8000a0ce	6149	c.addi16sp	x2,144	  x2:0x00000000  x2=0x00000090
        1103856	     55091	8000a0d0	0366df63	bge	x13,x22,8000a10e	 x13:0xffffbe50 x22:0x0000efab
        1103876	     55092	8000a0d4	4153d793	srai	x15,x7,0x15	  x7:0x00000001 x15=0x00000000
        1103896	     55093	8000a0d8	00ad1eb3	sll	x29,x26,x10	 x26:0x000000e1 x10:0x00000001 x29=0x000001c2
        1103916	     55094	8000a0dc	01eb6863	bltu	x22,x30,8000a0ec	 x22:0x0000efab x30:0x000005d7
        1103936	     55095	8000a0e0	e28d	c.bnez	x13,8000a102	 x13:0xffffbe50
        1104216	     55109	8000a102	0113a9b3	slt	x19,x7,x17	  x7:0x00000001 x17:0x057cefaa x19=0x00000001
        1104236	     55110	8000a106	03198863	beq	x19,x17,8000a136	 x19:0x00000001 x17:0x057cefaa
        1104256	     55111	8000a10a	0b3e	c.slli	x22,0xf	 x22:0x0000efab x22=0x77d58000
        1104276	     55112	8000a10c	0edd	c.addi	x29,23	 x29:0x000001c2 x29=0x000001d9
        1104516	     55124	8000a10e	00847263	bgeu	x8,x8,8000a112	  x8:0x00000009  x8:0x00000009
        1105596	     55178	8000a112	03a002b3	mul	x5,x0,x26	  x0:0x00000000 x26:0x000000e1  x5=0x00000000
        1105616	     55179	8000a116	ef91	c.bnez	x15,8000a132	 x15:0x00000000
        1105636	     55180	8000a118	01fa5113	srli	x2,x20,0x1f	 x20:0x0006d8d4  x2=0x00000000
        1105756	     55186	8000a11c	919ced13	ori	x26,x25,-1767	 x25:0x00009000 x26=0xfffff919
        1106496	     55223	8000a120	039543b3	div	x7,x10,x25	 x10:0x00000001 x25:0x00009000  x7=0x00000000
        1106516	     55224	8000a124	40678bb3	sub	x23,x15,x6	 x15:0x00000000  x6:0x80021e50 x23=0x7ffde1b0
        1106536	     55225	8000a128	6d0d	c.lui	x26,0x3	 x26=0x00003000
        1106556	     55226	8000a12a	01fee6b3	or	x13,x29,x31	 x29:0x000001d9 x31:0x80025ce4 x13=0x80025dfd
        1106576	     55227	8000a12e	0d9c	c.addi4spn	x15,x2,720	 x15=0x000002d0
        1106596	     55228	8000a130	850e	c.mv	x10,x3	  x0:0x00000000  x3:0x00000000 x10=0x00000000
        1106616	     55229	8000a132	0146e033	or	x0,x13,x20	 x13:0x80025dfd x20:0x0006d8d4  x0=0x00000000
        1106636	     55230	8000a136	8dc1	c.or	x11,x8	 x11:0x3f4c0000  x8:0x00000009 x11=0x3f4c0009
        1107036	     55250	8000a138	004587b3	add	x15,x11,x4	 x11:0x3f4c0009  x4:0x00004fff x15=0x3f4c5008
        1107456	     55271	8000a13c	c60d	c.beqz	x12,8000a166	 x12:0x00000000
        1119116	     55854	8000a166	029f4f63	blt	x30,x9,8000a1a4	 x30:0x000005d7  x9:0xc0b40000
        1119136	     55855	8000a16a	dfa8ce93	xori	x29,x17,-518	 x17:0x057cefaa x29=0xfa831250
        1119176	     55857	8000a16e	03d917b3	mulh	x15,x18,x29	 x18:0x00000000 x29:0xfa831250 x15=0x00000000
        1119196	     55858	8000a172	d92c7393	andi	x7,x24,-622	 x24:0x269fc3a0  x7=0x269fc180
        1119596	     55878	8000a176	00f25a93	srli	x21,x4,0xf	  x4:0x00004fff x21=0x00000000
        1119676	     55882	8000a17a	0089ea33	or	x20,x19,x8	 x19:0x00000001  x8:0x00000009 x20=0x00000009
        1119696	     55883	8000a17e	8d81	c.sub	x11,x8	 x11:0x3f4c0009  x8:0x00000009 x11=0x3f4c0000
        1119716	     55884	8000a180	02fc5763	bge	x24,x15,8000a1ae	 x24:0x269fc3a0 x15:0x00000000
        1121016	     55949	8000a1ae	04cd6163	bltu	x26,x12,8000a1f0	 x26:0x00003000 x12:0x00000000
        1121256	     55961	8000a1b2	01d75c93	srli	x25,x14,0x1d	 x14:0x000002a1 x25=0x00000000
        1121276	     55962	8000a1b6	ea09	c.bnez	x12,8000a1c8	 x12:0x00000000
        1121376	     55967	8000a1b8	411ddcb3	sra	x25,x27,x17	 x27:0xd5eb924b x17:0x057cefaa x25=0xfff57ae4
        1121456	     55971	8000a1bc	8175	c.srli	x10,0x1d	 x10:0x00000000 x10=0x00000000
        1121476	     55972	8000a1be	8b4d	c.andi	x14,19	 x14:0x000002a1 x14=0x00000001
        1121516	     55974	8000a1c0	02af7b33	remu	x22,x30,x10	 x30:0x000005d7 x10:0x00000000 x22=0x000005d7
        1122256	     56011	8000a1c4	03f8edb3	rem	x27,x17,x31	 x17:0x057cefaa x31:0x80025ce4 x27=0x057cefaa
        1122276	     56012	8000a1c8	34089cf3	csrrw	x25,mscratch,x17	 x17:0x057cefaa x25=0x00000011
        1122296	     56013	8000a1cc	00e4d663	bge	x9,x14,8000a1d8	  x9:0xc0b40000 x14:0x00000001
        1122316	     56014	8000a1d0	056dc063	blt	x27,x22,8000a210	 x27:0x057cefaa x22:0x000005d7
        1122336	     56015	8000a1d4	0000100f	fence.i	
        1123316	     56064	8000a1d8	03cd44b3	div	x9,x26,x28	 x26:0x00003000 x28:0x269fc3a0  x9=0x00000000
        1123336	     56065	8000a1dc	0ff0000f	fence	iorw,iorw	
        1123356	     56066	8000a1e0	0001	c.addi	x0,0	  x0:0x00000000  x0=0x00000000
        1123376	     56067	8000a1e2	029c1563	bne	x24,x9,8000a20c	 x24:0x269fc3a0  x9:0x00000000
        1123516	     56074	8000a20c	0000100f	fence.i	
        1124216	     56109	8000a210	9c248813	addi	x16,x9,-1598	  x9:0x00000000 x16=0xfffff9c2
        1124236	     56110	8000a214	40798f33	sub	x30,x19,x7	 x19:0x00000001  x7:0x269fc180 x30=0xd9603e81
        1124656	     56131	8000a218	035e7f63	bgeu	x28,x21,8000a256	 x28:0x269fc3a0 x21:0x00000000
        1125156	     56156	8000a256	34046773	csrrsi	x14,mscratch,8	 x14=0x057cefaa
        1125176	     56157	8000a25a	13fd	c.addi	x7,-1	  x7:0x269fc180  x7=0x269fc17f
        1125576	     56177	8000a25c	98970897	auipc	x17,0x98970	 x17=0x1897a25c
        1125596	     56178	8000a260	d31aa493	slti	x9,x21,-719	 x21:0x00000000  x9=0x00000000
        1125796	     56188	8000a264	82b1	c.srli	x13,0xc	 x13:0x80025dfd x13=0x00080025
        1125816	     56189	8000a266	8d9d	c.sub	x11,x15	 x11:0x3f4c0000 x15:0x00000000 x11=0x3f4c0000
        1125836	     56190	8000a268	0000100f	fence.i	
        1126176	     56207	8000a26c	022eabb3	mulhsu	x23,x29,x2	 x29:0xfa831250  x2:0x00000000 x23=0x00000000
        1126736	     56235	8000a270	00d67d93	andi	x27,x12,13	 x12:0x00000000 x27=0x00000000
        1127156	     56256	8000a274	0001	c.addi	x0,0	  x0:0x00000000  x0=0x00000000
        1127176	     56257	8000a276	825d	c.srli	x12,0x17	 x12:0x00000000 x12=0x00000000
        1127316	     56264	8000a278	02178863	beq	x15,x1,8000a2a8	 x15:0x00000000  x1:0x542a4000
        1127436	     56270	8000a27c	01982c33	slt	x24,x16,x25	 x16:0xfffff9c2 x25:0x00000011 x24=0x00000001
        1127456	     56271	8000a280	02cf01b3	mul	x3,x30,x12	 x30:0xd9603e81 x12:0x00000000  x3=0x00000000
        1127496	     56273	8000a284	1984	c.addi4spn	x9,x2,240	  x9=0x000000f0
        1127656	     56281	8000a286	0ff0000f	fence	iorw,iorw	
        1127696	     56283	8000a28a	038337b3	mulhu	x15,x6,x24	  x6:0x80021e50 x24:0x00000001 x15=0x00000000
        1127756	     56286	8000a28e	340074f3	csrrci	x9,mscratch,0	  x9=0x057cefaa
        1127776	     56287	8000a292	9286	c.add	x5,x1	  x5:0x00000000  x1:0x542a4000  x5=0x542a4000
        1127816	     56289	8000a294	006176b3	and	x13,x2,x6	  x2:0x00000000  x6:0x80021e50 x13=0x00000000
        1128236	     56310	8000a298	1318	c.addi4spn	x14,x2,416	 x14=0x000001a0
        1128256	     56311	8000a29a	01321613	slli	x12,x4,0x13	  x4:0x00004fff x12=0x7ff80000
        1129276	     56362	8000a29e	031be733	rem	x14,x23,x17	 x23:0x00000000 x17:0x1897a25c x14=0x00000000
        1129296	     56363	8000a2a2	0ff0000f	fence	iorw,iorw	
        1129316	     56364	8000a2a6	47b5	c.li	x15,13	 x15=0x0000000d
        1129336	     56365	8000a2a8	00580a33	add	x20,x16,x5	 x16:0xfffff9c2  x5:0x542a4000 x20=0x542a39c2
        1129356	     56366	8000a2ac	4b2b6913	ori	x18,x22,1202	 x22:0x000005d7 x18=0x000005f7
        1129376	     56367	8000a2b0	85b5	c.srai	x11,0xd	 x11:0x3f4c0000 x11=0x0001fa60
        1129396	     56368	8000a2b2	00a8d113	srli	x2,x17,0xa	 x17:0x1897a25c  x2=0x000625e8
        1129416	     56369	8000a2b6	0001	c.addi	x0,0	  x0:0x00000000  x0=0x00000000
        1129476	     56372	8000a2b8	02d4c763	blt	x9,x13,8000a2e6	  x9:0x057cefaa x13:0x00000000
        1129496	     56373	8000a2bc	01ac5c13	srli	x24,x24,0x1a	 x24:0x00000001 x24=0x00000000
        1129516	     56374	8000a2c0	058e5063	bge	x28,x24,8000a300	 x28:0x269fc3a0 x24:0x00000000
        1130076	     56402	8000a300	0141fa33	and	x20,x3,x20	  x3:0x00000000 x20:0x542a39c2 x20=0x00000000
        1130416	     56419	8000a304	01f28f33	add	x30,x5,x31	  x5:0x542a4000 x31:0x80025ce4 x30=0xd42c9ce4
        1130436	     56420	8000a308	0183cd33	xor	x26,x7,x24	  x7:0x269fc17f x24:0x00000000 x26=0x269fc17f
        1130456	     56421	8000a30c	340591f3	csrrw	x3,mscratch,x11	 x11:0x0001fa60  x3=0x057cefaa
        1131316	     56464	8000a310	032d66b3	rem	x13,x26,x18	 x26:0x269fc17f x18:0x000005f7 x13=0x0000008b
        1131336	     56465	8000a314	0b39	c.addi	x22,14	 x22:0x000005d7 x22=0x000005e5
        1132076	     56502	8000a316	03d2ff33	remu	x30,x5,x29	  x5:0x542a4000 x29:0xfa831250 x30=0x542a4000
        1132816	     56539	8000a31a	032774b3	remu	x9,x14,x18	 x14:0x00000000 x18:0x000005f7  x9=0x00000000
        1132836	     56540	8000a31e	866d	c.srai	x12,0x1b	 x12:0x7ff80000 x12=0x0000000f
        1132856	     56541	8000a320	6d49	c.lui	x26,0x12	 x26=0x00012000
        1132876	     56542	8000a322	01b299b3	sll	x19,x5,x27	  x5:0x542a4000 x27:0x00000000 x19=0x542a4000
        1132916	     56544	8000a326	020793b3	mulh	x7,x15,x0	 x15:0x0000000d  x0:0x00000000  x7=0x00000000
        1132936	     56545	8000a32a	e795	c.bnez	x15,8000a356	 x15:0x0000000d
        1133596	     56578	8000a356	012c9263	bne	x25,x18,8000a35a	 x25:0x00000011 x18:0x000005f7
        1135436	     56670	8000a35a	414a82b3	sub	x5,x21,x20	 x21:0x00000000 x20:0x00000000  x5=0x00000000
        1135476	     56672	8000a35e	02576863	bltu	x14,x5,8000a38e	 x14:0x00000000  x5:0x00000000
        1135516	     56674	8000a362	0378b133	mulhu	x2,x17,x23	 x17:0x1897a25c x23:0x00000000  x2=0x00000000
        1135536	     56675	8000a366	40e40b33	sub	x22,x8,x14	  x8:0x00000009 x14:0x00000000 x22=0x00000009
        1135716	     56684	8000a36a	000b9c93	slli	x25,x23,0x0	 x23:0x00000000 x25=0x00000000
        1135836	     56690	8000a36e	34003673	csrrc	x12,mscratch,x0	  x0:0x00000000 x12=0x0001fa60
        1136116	     56704	8000a372	8c794d13	xori	x26,x18,-1849	 x18:0x000005f7 x26=0xfffffd30
        1136536	     56725	8000a376	4036c813	xori	x16,x13,1027	 x13:0x0000008b x16=0x00000488
        1136636	     56730	8000a37a	028812b3	mulh	x5,x16,x8	 x16:0x00000488  x8:0x00000009  x5=0x00000000
        1136796	     56738	8000a37e	00ba9293	slli	x5,x21,0xb	 x21:0x00000000  x5=0x00000000
        1136816	     56739	8000a382	82f1	c.srli	x13,0x1c	 x13:0x0000008b x13=0x00000000
        1136836	     56740	8000a384	000dc833	xor	x16,x27,x0	 x27:0x00000000  x0:0x00000000 x16=0x00000000
        1136856	     56741	8000a388	00a46033	or	x0,x8,x10	  x8:0x00000009 x10:0x00000000  x0=0x00000000
        1136876	     56742	8000a38c	8e1d	c.sub	x12,x15	 x12:0x0001fa60 x15:0x0000000d x12=0x0001fa53
        1136896	     56743	8000a38e	66ee4a93	xori	x21,x28,1646	 x28:0x269fc3a0 x21=0x269fc5ce
        1136916	     56744	8000a392	16fd	c.addi	x13,-1	 x13:0x00000000 x13=0xffffffff
        1136936	     56745	8000a394	8fc5	c.or	x15,x9	 x15:0x0000000d  x9:0x00000000 x15=0x0000000d
        1136956	     56746	8000a396	03a5dd63	bge	x11,x26,8000a3d0	 x11:0x0001fa60 x26:0xfffffd30
        1137436	     56770	8000a3d0	c5cd0493	addi	x9,x26,-932	 x26:0xfffffd30  x9=0xfffff98c
        1137616	     56779	8000a3d4	c315	c.beqz	x14,8000a3f8	 x14:0x00000000
        1138236	     56810	8000a3f8	0000100f	fence.i	
        1138756	     56836	8000a3fc	34003df3	csrrc	x27,mscratch,x0	  x0:0x00000000 x27=0x0001fa60
        1138796	     56838	8000a400	340d9b73	csrrw	x22,mscratch,x27	 x27:0x0001fa60 x22=0x0001fa60
        1139216	     56859	8000a404	b93c8513	addi	x10,x25,-1133	 x25:0x00000000 x10=0xfffffb93
        1139636	     56880	8000a408	00186133	or	x2,x16,x1	 x16:0x00000000  x1:0x542a4000  x2=0x542a4000
        1139656	     56881	8000a40c	01cedeb3	srl	x29,x29,x28	 x29:0xfa831250 x28:0x269fc3a0 x29=0xfa831250
        1139676	     56882	8000a410	34003473	csrrc	x8,mscratch,x0	  x0:0x00000000  x8=0x0001fa60
        1139716	     56884	8000a414	03dd26b3	mulhsu	x13,x26,x29	 x26:0xfffffd30 x29:0xfa831250 x13=0xfffffd3f
        1139776	     56887	8000a418	3409fdf3	csrrci	x27,mscratch,19	 x27=0x0001fa60
        1139796	     56888	8000a41c	6ee9	c.lui	x29,0x1a	 x29=0x0001a000
        1139816	     56889	8000a41e	cc89	c.beqz	x9,8000a438	  x9:0xfffff98c
        1139896	     56893	8000a420	02cbec63	bltu	x23,x12,8000a458	 x23:0x00000000 x12:0x0001fa53
        1140596	     56928	8000a458	0f0e	c.slli	x30,0x3	 x30:0x542a4000 x30=0xa1520000
        1140636	     56930	8000a45a	340ca773	csrrs	x14,mscratch,x25	 x25:0x00000000 x14=0x0001fa60
        1140676	     56932	8000a45e	014bd863	bge	x23,x20,8000a46e	 x23:0x00000000 x20:0x00000000
        1148996	     57348	8000a46e	01f81db3	sll	x27,x16,x31	 x16:0x00000000 x31:0x80025ce4 x27=0x00000000
        1149016	     57349	8000a472	4e526713	ori	x14,x4,1253	  x4:0x00004fff x14=0x00004fff
        1150016	     57399	8000a476	02e0d133	divu	x2,x1,x14	  x1:0x542a4000 x14:0x00004fff  x2=0x00010d57
        1150036	     57400	8000a47a	0205e563	bltu	x11,x0,8000a4a4	 x11:0x0001fa60  x0:0x00000000
        1150056	     57401	8000a47e	8035	c.srli	x8,0xd	  x8:0x0001fa60  x8=0x0000000f
        1150076	     57402	8000a480	021dc063	blt	x27,x1,8000a4a0	 x27:0x00000000  x1:0x542a4000
        1150196	     57408	8000a4a0	01cf63b3	or	x7,x30,x28	 x30:0xa1520000 x28:0x269fc3a0  x7=0xa7dfc3a0
        1150616	     57429	8000a4a4	b70acb93	xori	x23,x21,-1168	 x21:0x269fc5ce x23=0xd9603ebe
        1150796	     57438	8000a4a8	0ff0000f	fence	iorw,iorw	
        1151196	     57458	8000a4ac	cb1d	c.beqz	x14,8000a4e2	 x14:0x00004fff
        1151216	     57459	8000a4ae	007fe533	or	x10,x31,x7	 x31:0x80025ce4  x7:0xa7dfc3a0 x10=0xa7dfdfe4
        1151236	     57460	8000a4b2	6491	c.lui	x9,0x4	  x9=0x00004000
        1151276	     57462	8000a4b4	8e6d	c.and	x12,x11	 x12:0x0001fa53 x11:0x0001fa60 x12=0x0001fa40
        1151516	     57474	8000a4b6	03bc7c33	remu	x24,x24,x27	 x24:0x00000000 x27:0x00000000 x24=0x00000000
        1151536	     57475	8000a4ba	00e03d33	sltu	x26,x0,x14	  x0:0x00000000 x14:0x00004fff x26=0x00000001
        1151556	     57476	8000a4be	340958f3	csrrwi	x17,mscratch,18	 x17=0x0001fa60
        1151716	     57484	8000a4c2	03aa5363	bge	x20,x26,8000a4e8	 x20:0x00000000 x26:0x00000001
        1151736	     57485	8000a4c6	0130a4b3	slt	x9,x1,x19	  x1:0x542a4000 x19:0x542a4000  x9=0x00000000
        1151756	     57486	8000a4ca	80bd	c.srli	x9,0xf	  x9:0x00000000  x9=0x00000000
        1151776	     57487	8000a4cc	03d0f363	bgeu	x1,x29,8000a4f2	  x1:0x542a4000 x29:0x0001a000
        1152436	     57520	8000a4f2	c621	c.beqz	x12,8000a53a	 x12:0x0001fa40
        1153176	     57557	8000a4f4	02215f33	divu	x30,x2,x2	  x2:0x00010d57  x2:0x00010d57 x30=0x00000001
        1153196	     57558	8000a4f8	029bdb63	bge	x23,x9,8000a52e	 x23:0xd9603ebe  x9:0x00000000
        1153216	     57559	8000a4fc	34039a73	csrrw	x20,mscratch,x7	  x7:0xa7dfc3a0 x20=0x00000012
        1153236	     57560	8000a500	340b92f3	csrrw	x5,mscratch,x23	 x23:0xd9603ebe  x5=0xa7dfc3a0
        1153976	     57597	8000a504	03cb5bb3	divu	x23,x22,x28	 x22:0x0001fa60 x28:0x269fc3a0 x23=0x00000000
        1153996	     57598	8000a508	01f633b3	sltu	x7,x12,x31	 x12:0x0001fa40 x31:0x80025ce4  x7=0x00000001
        1154016	     57599	8000a50c	c591c093	xori	x1,x3,-935	  x3:0x057cefaa  x1=0xfa8313f3
        1154036	     57600	8000a510	400e59b3	sra	x19,x28,x0	 x28:0x269fc3a0  x0:0x00000000 x19=0x269fc3a0
        1154056	     57601	8000a514	011d24b3	slt	x9,x26,x17	 x26:0x00000001 x17:0x0001fa60  x9=0x00000001
        1154076	     57602	8000a518	19fd	c.addi	x19,-1	 x19:0x269fc3a0 x19=0x269fc39f
        1154096	     57603	8000a51a	01c6f133	and	x2,x13,x28	 x13:0xfffffd3f x28:0x269fc3a0  x2=0x269fc120
        1154136	     57605	8000a51e	05981363	bne	x16,x25,8000a564	 x16:0x00000000 x25:0x00000000
        1154176	     57607	8000a522	03302cb3	mulhsu	x25,x0,x19	  x0:0x00000000 x19:0x269fc39f x25=0x00000000
        1154196	     57608	8000a526	40840133	sub	x2,x8,x8	  x8:0x0000000f  x8:0x0000000f  x2=0x00000000
        1154216	     57609	8000a52a	02dc9563	bne	x25,x13,8000a554	 x25:0x00000000 x13:0xfffffd3f
        1154696	     57633	8000a554	b57d33b7	lui	x7,0xb57d3	  x7=0xb57d3000
        1154736	     57635	8000a558	01665213	srli	x4,x12,0x16	 x12:0x0001fa40  x4=0x00000000
        1155036	     57650	8000a55c	01d6f933	and	x18,x13,x29	 x13:0xfffffd3f x29:0x0001a000 x18=0x0001a000
        1155056	     57651	8000a560	03738633	mul	x12,x7,x23	  x7:0xb57d3000 x23:0x00000000 x12=0x00000000
        1155076	     57652	8000a564	40dd81b3	sub	x3,x27,x13	 x27:0x00000000 x13:0xfffffd3f  x3=0x000002c1
        1155096	     57653	8000a568	2cbeac93	slti	x25,x29,715	 x29:0x0001a000 x25=0x00000000
        1156116	     57704	8000a56c	03e2dcb3	divu	x25,x5,x30	  x5:0xa7dfc3a0 x30:0x00000001 x25=0xa7dfc3a0
        1156136	     57705	8000a570	34036f73	csrrsi	x30,mscratch,6	 x30=0xd9603ebe
        1156156	     57706	8000a574	013b1413	slli	x8,x22,0x13	 x22:0x0001fa60  x8=0xd3000000
        1156176	     57707	8000a578	340616f3	csrrw	x13,mscratch,x12	 x12:0x00000000 x13=0xd9603ebe
        1156496	     57723	8000a57c	0b4e	c.slli	x22,0x13	 x22:0x0001fa60 x22=0xd3000000
        1156516	     57724	8000a57e	8c05	c.sub	x8,x9	  x8:0xd3000000  x9:0x00000001  x8=0xd2ffffff
        1156536	     57725	8000a580	02b70eb3	mul	x29,x14,x11	 x14:0x00004fff x11:0x0001fa60 x29=0x9e3c05a0
        1156556	     57726	8000a584	0998	c.addi4spn	x14,x2,208	 x14=0x000000d0
        1156576	     57727	8000a586	bc5b8d13	addi	x26,x23,-1083	 x23:0x00000000 x26=0xfffffbc5
        1156596	     57728	8000a58a	0001	c.addi	x0,0	  x0:0x00000000  x0=0x00000000
        1156616	     57729	8000a58c	0001	c.addi	x0,0	  x0:0x00000000  x0=0x00000000
        1156636	     57730	8000a58e	0001	c.addi	x0,0	  x0:0x00000000  x0=0x00000000
        1156676	     57732	8000a590	6131	c.addi16sp	x2,320	  x2:0x00000000  x2=0x00000140
        1157416	     57769	8000a592	0397cbb3	div	x23,x15,x25	 x15:0x0000000d x25:0xa7dfc3a0 x23=0x00000000
        1157436	     57770	8000a596	474d	c.li	x14,19	 x14=0x00000013
        1157456	     57771	8000a598	00dd1a63	bne	x26,x13,8000a5ac	 x26:0xfffffbc5 x13:0xd9603ebe
        1157556	     57776	8000a5ac	0085	c.addi	x1,1	  x1:0xfa8313f3  x1=0xfa8313f4
        1157916	     57794	8000a5ae	00b156b3	srl	x13,x2,x11	  x2:0x00000140 x11:0x0001fa60 x13=0x00000140
        1158336	     57815	8000a5b2	89302093	slti	x1,x0,-1901	  x0:0x00000000  x1=0x00000000
        1158416	     57819	8000a5b6	00e0e733	or	x14,x1,x14	  x1:0x00000000 x14:0x00000013 x14=0x00000013
        1158736	     57835	8000a5ba	02cfa4b3	mulhsu	x9,x31,x12	 x31:0x80025ce4 x12:0x00000000  x9=0x00000000
        1159476	     57872	8000a5be	034ff233	remu	x4,x31,x20	 x31:0x80025ce4 x20:0x00000012  x4=0x00000000
        1159496	     57873	8000a5c2	74160813	addi	x16,x12,1857	 x12:0x00000000 x16=0x00000741
        1159516	     57874	8000a5c6	85ea	c.mv	x11,x26	  x0:0x00000000 x26:0xfffffbc5 x11=0xfffffbc5
        1159536	     57875	8000a5c8	340060f3	csrrsi	x1,mscratch,0	  x1=0x00000000
        1159556	     57876	8000a5cc	55c9b1b7	lui	x3,0x55c9b	  x3=0x55c9b000
        1159576	     57877	8000a5d0	8515	c.srai	x10,0x5	 x10:0xa7dfdfe4 x10=0xfd3efeff
        1159596	     57878	8000a5d2	340913f3	csrrw	x7,mscratch,x18	 x18:0x0001a000  x7=0x00000000
        1159676	     57882	8000a5d6	1441bb13	sltiu	x22,x3,324	  x3:0x55c9b000 x22=0x00000000
        1159716	     57884	8000a5da	03719a33	mulh	x20,x3,x23	  x3:0x55c9b000 x23:0x00000000 x20=0x00000000
        1159816	     57889	8000a5de	0264c263	blt	x9,x6,8000a602	  x9:0x00000000  x6:0x80021e50
        1159836	     57890	8000a5e2	8eed	c.and	x13,x11	 x13:0x00000140 x11:0xfffffbc5 x13=0x00000140
        1159856	     57891	8000a5e4	03f87163	bgeu	x16,x31,8000a606	 x16:0x00000741 x31:0x80025ce4
        1160156	     57906	8000a5e8	34003c73	csrrc	x24,mscratch,x0	  x0:0x00000000 x24=0x0001a000
        1160436	     57920	8000a5ec	0a14	c.addi4spn	x13,x2,272	 x13=0x00000250
        1160456	     57921	8000a5ee	3404ac73	csrrs	x24,mscratch,x9	  x9:0x00000000 x24=0x0001a000
        1160476	     57922	8000a5f2	0112	c.slli	x2,0x4	  x2:0x00000140  x2=0x00001400
        1160656	     57931	8000a5f4	01739d33	sll	x26,x7,x23	  x7:0x00000000 x23:0x00000000 x26=0x00000000
        1160696	     57933	8000a5f8	034322b3	mulhsu	x5,x6,x20	  x6:0x80021e50 x20:0x00000000  x5=0x00000000
        1161016	     57949	8000a5fc	0ff0000f	fence	iorw,iorw	
        1161036	     57950	8000a600	717d	c.addi16sp	x2,-16	  x2:0x00001400  x2=0x000013f0
        1161856	     57991	8000a602	0287e4b3	rem	x9,x15,x8	 x15:0x0000000d  x8:0xd2ffffff  x9=0x0000000d
        1161876	     57992	8000a606	34003473	csrrc	x8,mscratch,x0	  x0:0x00000000  x8=0x0001a000
        1161916	     57994	8000a60a	03ac6533	rem	x10,x24,x26	 x24:0x0001a000 x26:0x00000000 x10=0x0001a000
        1161936	     57995	8000a60e	01e22533	slt	x10,x4,x30	  x4:0x00000000 x30:0xd9603ebe x10=0x00000000
        1161956	     57996	8000a612	014cbc33	sltu	x24,x25,x20	 x25:0xa7dfc3a0 x20:0x00000000 x24=0x00000000
        1161976	     57997	8000a616	0b98	c.addi4spn	x14,x2,464	 x14=0x000015c0
        1162716	     58034	8000a618	030e52b3	divu	x5,x28,x16	 x28:0x269fc3a0 x16:0x00000741  x5=0x00055318
        1162736	     58035	8000a61c	82a62d93	slti	x27,x12,-2006	 x12:0x00000000 x27=0x00000000
        1162756	     58036	8000a620	02ae	c.slli	x5,0xb	  x5:0x00055318  x5=0x2a98c000
        1162776	     58037	8000a622	0001	c.addi	x0,0	  x0:0x00000000  x0=0x00000000
        1162796	     58038	8000a624	34007773	csrrci	x14,mscratch,0	 x14=0x0001a000
        1162816	     58039	8000a628	8ba5	c.andi	x15,9	 x15:0x0000000d x15=0x00000009
        1162836	     58040	8000a62a	340070f3	csrrci	x1,mscratch,0	  x1=0x0001a000
        1162956	     58046	8000a62e	028def63	bltu	x27,x8,8000a66c	 x27:0x00000000  x8:0x0001a000
        1163436	     58070	8000a66c	340290f3	csrrw	x1,mscratch,x5	  x5:0x2a98c000  x1=0x0001a000
        1164216	     58109	8000a670	00c92d33	slt	x26,x18,x12	 x18:0x0001a000 x12:0x00000000 x26=0x00000000
        1164376	     58117	8000a674	8d21	c.xor	x10,x8	 x10:0x00000000  x8:0x0001a000 x10=0x0001a000
        1164396	     58118	8000a676	405fde93	srai	x29,x31,0x5	 x31:0x80025ce4 x29=0xfc0012e7
        1164416	     58119	8000a67a	01737663	bgeu	x6,x23,8000a686	  x6:0x80021e50 x23:0x00000000
        1165216	     58159	8000a686	873e	c.mv	x14,x15	  x0:0x00000000 x15:0x00000009 x14=0x00000009
        1165276	     58162	8000a688	03512433	mulhsu	x8,x2,x21	  x2:0x000013f0 x21:0x269fc5ce  x8=0x00000302
        1165676	     58182	8000a68c	d0e34693	xori	x13,x6,-754	  x6:0x80021e50 x13=0x7ffde35e
        1165716	     58184	8000a690	00c76c63	bltu	x14,x12,8000a6a8	 x14:0x00000009 x12:0x00000000
        1166136	     58205	8000a694	00444933	xor	x18,x8,x4	  x8:0x00000302  x4:0x00000000 x18=0x00000302
        1166156	     58206	8000a698	417dd3b3	sra	x7,x27,x23	 x27:0x00000000 x23:0x00000000  x7=0x00000000
        1166176	     58207	8000a69c	401cd4b3	sra	x9,x25,x1	 x25:0xa7dfc3a0  x1:0x0001a000  x9=0xa7dfc3a0
        1166316	     58214	8000a6a0	0ff0000f	fence	iorw,iorw	
        1167456	     58271	8000a6a4	0329f833	remu	x16,x19,x18	 x19:0x269fc39f x18:0x00000302 x16=0x000000e7
        1167476	     58272	8000a6a8	02b7db63	bge	x15,x11,8000a6de	 x15:0x00000009 x11:0xfffffbc5
        1167836	     58290	8000a6de	34043173	csrrc	x2,mscratch,x8	  x8:0x00000302  x2=0x2a98c000
        1167856	     58291	8000a6e2	0afe	c.slli	x21,0x1f	 x21:0x269fc5ce x21=0x00000000
        1167876	     58292	8000a6e4	3407ecf3	csrrsi	x25,mscratch,15	 x25=0x2a98c000
        1167896	     58293	8000a6e8	01178eb3	add	x29,x15,x17	 x15:0x00000009 x17:0x0001fa60 x29=0x0001fa69
        1167916	     58294	8000a6ec	f7df3513	sltiu	x10,x30,-131	 x30:0xd9603ebe x10=0x00000001
        1168076	     58302	8000a6f0	00e40933	add	x18,x8,x14	  x8:0x00000302 x14:0x00000009 x18=0x0000030b
        1168096	     58303	8000a6f4	7ffd7713	andi	x14,x26,2047	 x26:0x00000000 x14=0x00000000
        1168156	     58306	8000a6f8	2ef03737	lui	x14,0x2ef03	 x14=0x2ef03000
        1168196	     58308	8000a6fc	024d7633	remu	x12,x26,x4	 x26:0x00000000  x4:0x00000000 x12=0x00000000
        1168356	     58316	8000a700	01fc5f13	srli	x30,x24,0x1f	 x24:0x00000000 x30=0x00000000
        1168516	     58324	8000a704	02d2	c.slli	x5,0x14	  x5:0x2a98c000  x5=0x00000000
        1168536	     58325	8000a706	0ff0000f	fence	iorw,iorw	
        1168556	     58326	8000a70a	340e2873	csrrs	x16,mscratch,x28	 x28:0x269fc3a0 x16=0x2a98c00f
        1168576	     58327	8000a70e	34055df3	csrrwi	x27,mscratch,10	 x27=0x2e9fc3af
        1168856	     58341	8000a712	01d81593	slli	x11,x16,0x1d	 x16:0x2a98c00f x11=0xe0000000
        1168876	     58342	8000a716	8ebd	c.xor	x13,x15	 x13:0x7ffde35e x15:0x00000009 x13=0x7ffde357
        1169636	     58380	8000a718	0287e5b3	rem	x11,x15,x8	 x15:0x00000009  x8:0x00000302 x11=0x00000009
        1169656	     58381	8000a71c	01110b33	add	x22,x2,x17	  x2:0x2a98c000 x17:0x0001fa60 x22=0x2a9aba60
        1169676	     58382	8000a720	8ea5	c.xor	x13,x9	 x13:0x7ffde357  x9:0xa7dfc3a0 x13=0xd82220f7
        1169696	     58383	8000a722	41ded8b3	sra	x17,x29,x29	 x29:0x0001fa69 x29:0x0001fa69 x17=0x000000fd
        1170436	     58420	8000a726	02e9e6b3	rem	x13,x19,x14	 x19:0x269fc39f x14:0x2ef03000 x13=0x269fc39f
        1170456	     58421	8000a72a	1ef06937	lui	x18,0x1ef06	 x18=0x1ef06000
        1170476	     58422	8000a72e	4128df13	srai	x30,x17,0x12	 x17:0x000000fd x30=0x00000000
        1170496	     58423	8000a732	1d848c93	addi	x25,x9,472	  x9:0xa7dfc3a0 x25=0xa7dfc578
        1171236	     58460	8000a736	03dff4b3	remu	x9,x31,x29	 x31:0x80025ce4 x29:0x0001fa69  x9=0x0000163e
        1171256	     58461	8000a73a	0000100f	fence.i	
        1171536	     58475	8000a73e	86a3ae93	slti	x29,x7,-1942	  x7:0x00000000 x29=0x00000000
        1172436	     58520	8000a742	028bdf33	divu	x30,x23,x8	 x23:0x00000000  x8:0x00000302 x30=0x00000000
        1173176	     58557	8000a746	03f44a33	div	x20,x8,x31	  x8:0x00000302 x31:0x80025ce4 x20=0x00000000
        1173196	     58558	8000a74a	98b2	c.add	x17,x12	 x17:0x000000fd x12:0x00000000 x17=0x000000fd
        1173216	     58559	8000a74c	340751f3	csrrwi	x3,mscratch,14	  x3=0x0000000a
        1173236	     58560	8000a750	04031463	bne	x6,x0,8000a798	  x6:0x80021e50  x0:0x00000000
        1173396	     58568	8000a798	1094	c.addi4spn	x13,x2,96	 x13=0x2a98c060
        1173416	     58569	8000a79a	000e3db3	sltu	x27,x28,x0	 x28:0x269fc3a0  x0:0x00000000 x27=0x00000000
        1173436	     58570	8000a79e	8a109617	auipc	x12,0x8a109	 x12=0x0a11379e
        1173496	     58573	8000a7a2	024ff933	remu	x18,x31,x4	 x31:0x80025ce4  x4:0x00000000 x18=0x80025ce4
        1173896	     58593	8000a7a6	340366f3	csrrsi	x13,mscratch,6	 x13=0x0000000e
        1173916	     58594	8000a7aa	8f5d	c.or	x14,x15	 x14:0x2ef03000 x15:0x00000009 x14=0x2ef03009
        1173936	     58595	8000a7ac	517c2c93	slti	x25,x24,1303	 x24:0x00000000 x25=0x00000001
        1174116	     58604	8000a7b0	02fa5a63	bge	x20,x15,8000a7e4	 x20:0x00000000 x15:0x00000009
        1174156	     58606	8000a7b4	34019ef3	csrrw	x29,mscratch,x3	  x3:0x0000000a x29=0x0000000e
        1174256	     58611	8000a7b8	0001	c.addi	x0,0	  x0:0x00000000  x0=0x00000000
        1174276	     58612	8000a7ba	09f2	c.slli	x19,0x1c	 x19:0x269fc39f x19=0xf0000000
        1174336	     58615	8000a7bc	34002073	csrrs	x0,mscratch,x0	  x0:0x00000000  x0=0x00000000
        1174356	     58616	8000a7c0	41695733	sra	x14,x18,x22	 x18:0x80025ce4 x22:0x2a9aba60 x14=0x80025ce4
        1174456	     58621	8000a7c4	577d	c.li	x14,-1	 x14=0xffffffff
        1174476	     58622	8000a7c6	04b8e463	bltu	x17,x11,8000a80e	 x17:0x000000fd x11:0x00000009
        1174576	     58627	8000a7ca	02fd1533	mulh	x10,x26,x15	 x26:0x00000000 x15:0x00000009 x10=0x00000000
        1174616	     58629	8000a7ce	006848b3	xor	x17,x16,x6	 x16:0x2a98c00f  x6:0x80021e50 x17=0xaa9ade5f
        1174636	     58630	8000a7d2	00e70833	add	x16,x14,x14	 x14:0xffffffff x14:0xffffffff x16=0xfffffffe
        1174656	     58631	8000a7d6	0f26	c.slli	x30,0x9	 x30:0x00000000 x30=0x00000000
        1174776	     58637	8000a7d8	0185d733	srl	x14,x11,x24	 x11:0x00000009 x24:0x00000000 x14=0x00000009
        1174796	     58638	8000a7dc	012d63b3	or	x7,x26,x18	 x26:0x00000000 x18:0x80025ce4  x7=0x80025ce4
        1175096	     58653	8000a7e0	01c44f63	blt	x8,x28,8000a7fe	  x8:0x00000302 x28:0x269fc3a0
        1176156	     58706	8000a7fe	c0a1c893	xori	x17,x3,-1014	  x3:0x0000000a x17=0xfffffc00
        1176176	     58707	8000a802	95be	c.add	x11,x15	 x11:0x00000009 x15:0x00000009 x11=0x00000012
        1176316	     58714	8000a804	340039f3	csrrc	x19,mscratch,x0	  x0:0x00000000 x19=0x0000000a
        1176336	     58715	8000a808	039dc763	blt	x27,x25,8000a836	 x27:0x00000000 x25:0x00000001
        1177016	     58749	8000a836	8531	c.srai	x10,0xc	 x10:0x00000000 x10=0x00000000
        1177036	     58750	8000a838	0891	c.addi	x17,4	 x17:0xfffffc00 x17=0xfffffc04
        1177056	     58751	8000a83a	8f79	c.and	x14,x14	 x14:0x00000009 x14:0x00000009 x14=0x00000009
        1177436	     58770	8000a83c	13fd	c.addi	x7,-1	  x7:0x80025ce4  x7=0x80025ce3
        1177456	     58771	8000a83e	0001	c.addi	x0,0	  x0:0x00000000  x0=0x00000000
        1177496	     58773	8000a840	0370aa33	mulhsu	x20,x1,x23	  x1:0x0001a000 x23:0x00000000 x20=0x00000000
        1177516	     58774	8000a844	0c10	c.addi4spn	x12,x2,528	 x12=0x2a98c210
        1177536	     58775	8000a846	340de0f3	csrrsi	x1,mscratch,27	  x1=0x0000000a
        1177556	     58776	8000a84a	8952e817	auipc	x16,0x8952e	 x16=0x0953884a
        1177576	     58777	8000a84e	8c8d	c.sub	x9,x11	  x9:0x0000163e x11:0x00000012  x9=0x0000162c
        1177596	     58778	8000a850	84f1	c.srai	x9,0x1c	  x9:0x0000162c  x9=0x00000000
        1177676	     58782	8000a852	340f95f3	csrrw	x11,mscratch,x31	 x31:0x80025ce4 x11=0x0000001b
        1177696	     58783	8000a856	9a7d	c.andi	x12,-1	 x12:0x2a98c210 x12=0x2a98c210
        1177876	     58792	8000a858	0384e0b3	rem	x1,x9,x24	  x9:0x00000000 x24:0x00000000  x1=0x00000000
        1177896	     58793	8000a85c	6169	c.addi16sp	x2,208	  x2:0x2a98c000  x2=0x2a98c0d0
        1177916	     58794	8000a85e	017cdc63	bge	x25,x23,8000a876	 x25:0x00000001 x23:0x00000000
        1178516	     58824	8000a876	6cd1	c.lui	x25,0x14	 x25=0x00014000
        1178556	     58826	8000a878	f85c8517	auipc	x10,0xf85c8	 x10=0x785d2878
        1178576	     58827	8000a87c	8cb5	c.xor	x9,x13	  x9:0x00000000 x13:0x0000000e  x9=0x0000000e
        1178596	     58828	8000a87e	8b39	c.andi	x14,14	 x14:0x00000009 x14=0x00000008
        1178736	     58835	8000a880	8c45	c.or	x8,x9	  x8:0x00000302  x9:0x0000000e  x8=0x0000030e
        1179176	     58857	8000a882	02b7a933	mulhsu	x18,x15,x11	 x15:0x00000009 x11:0x0000001b x18=0x00000000
        1179236	     58860	8000a886	03edd163	bge	x27,x30,8000a8a8	 x27:0x00000000 x30:0x00000000
        1179776	     58887	8000a8a8	0353da63	bge	x7,x21,8000a8dc	  x7:0x80025ce3 x21:0x00000000
        1180516	     58924	8000a8ac	027bc733	div	x14,x23,x7	 x23:0x00000000  x7:0x80025ce3 x14=0x00000000
        1180536	     58925	8000a8b0	018d54b3	srl	x9,x26,x24	 x26:0x00000000 x24:0x00000000  x9=0x00000000
        1180556	     58926	8000a8b4	0001	c.addi	x0,0	  x0:0x00000000  x0=0x00000000
        1180576	     58927	8000a8b6	bc91ab13	slti	x22,x3,-1079	  x3:0x0000000a x22=0x00000000
        1180596	     58928	8000a8ba	4bddcd13	xori	x26,x27,1213	 x27:0x00000000 x26=0x000004bd
        1180616	     58929	8000a8be	10bcc513	xori	x10,x25,267	 x25:0x00014000 x10=0x0001410b
        1180636	     58930	8000a8c2	405a88b3	sub	x17,x21,x5	 x21:0x00000000  x5:0x00000000 x17=0x00000000
        1180676	     58932	8000a8c6	0000100f	fence.i	
        1180776	     58937	8000a8ca	9b7d	c.andi	x14,-1	 x14:0x00000000 x14=0x00000000
        1180796	     58938	8000a8cc	0ff0000f	fence	iorw,iorw	
        1181536	     58975	8000a8d0	02d77433	remu	x8,x14,x13	 x14:0x00000000 x13:0x0000000e  x8=0x00000000
        1188076	     59302	8000a8d4	00510563	beq	x2,x5,8000a8de	  x2:0x2a98c0d0  x5:0x00000000
        1188096	     59303	8000a8d8	34009b73	csrrw	x22,mscratch,x1	  x1:0x00000000 x22=0x80025ce4
        1188116	     59304	8000a8dc	c315	c.beqz	x14,8000a900	 x14:0x00000000
        1188356	     59316	8000a900	018c5b63	bge	x24,x24,8000a916	 x24:0x00000000 x24:0x00000000
        1188996	     59348	8000a916	d3808193	addi	x3,x1,-712	  x1:0x00000000  x3=0xfffffd38
        1189216	     59359	8000a91a	01db5993	srli	x19,x22,0x1d	 x22:0x80025ce4 x19=0x00000004
        1189256	     59361	8000a91e	026f24b3	mulhsu	x9,x30,x6	 x30:0x00000000  x6:0x80021e50  x9=0x00000000
        1189276	     59362	8000a922	03f3f863	bgeu	x7,x31,8000a952	  x7:0x80025ce3 x31:0x80025ce4
        1189296	     59363	8000a926	e19d	c.bnez	x11,8000a94c	 x11:0x0000001b
        1190476	     59422	8000a94c	456d	c.li	x10,27	 x10=0x0000001b
        1190976	     59447	8000a94e	00f3c263	blt	x7,x15,8000a952	  x7:0x80025ce3 x15:0x00000009
        1192056	     59501	8000a952	8792	c.mv	x15,x4	  x0:0x00000000  x4:0x00000000 x15=0x00000000
        1192076	     59502	8000a954	03475c63	bge	x14,x20,8000a98c	 x14:0x00000000 x20:0x00000000
        1192296	     59513	8000a98c	55fd	c.li	x11,-1	 x11=0xffffffff
        1192316	     59514	8000a98e	8d8d	c.sub	x11,x11	 x11:0xffffffff x11:0xffffffff x11=0x00000000
        1192616	     59529	8000a990	1b8d4e93	xori	x29,x26,440	 x26:0x000004bd x29=0x00000505
        1193036	     59550	8000a994	028c0eb3	mul	x29,x24,x8	 x24:0x00000000  x8:0x00000000 x29=0x00000000
        1193336	     59565	8000a998	e09d	c.bnez	x9,8000a9be	  x9:0x00000000
        1193356	     59566	8000a99a	03b58d33	mul	x26,x11,x27	 x11:0x00000000 x27:0x00000000 x26=0x00000000
        1193376	     59567	8000a99e	6d29	c.lui	x26,0xa	 x26=0x0000a000
        1193396	     59568	8000a9a0	00d333b3	sltu	x7,x6,x13	  x6:0x80021e50 x13:0x0000000e  x7=0x00000000
        1193456	     59571	8000a9a4	9bda3293	sltiu	x5,x20,-1603	 x20:0x00000000  x5=0x00000001
        1193616	     59579	8000a9a8	02c5bc13	sltiu	x24,x11,44	 x11:0x00000000 x24=0x00000001
        1193756	     59586	8000a9ac	5babc597	auipc	x11,0x5babc	 x11=0xdbac69ac
        1193776	     59587	8000a9b0	9646	c.add	x12,x17	 x12:0x2a98c210 x17:0x00000000 x12=0x2a98c210
        1193796	     59588	8000a9b2	340350f3	csrrwi	x1,mscratch,6	  x1=0x00000000
        1193876	     59592	8000a9b6	0305d163	bge	x11,x16,8000a9d8	 x11:0xdbac69ac x16:0x0953884a
        1194276	     59612	8000a9ba	5991f193	andi	x3,x3,1433	  x3:0xfffffd38  x3=0x00000518
        1194296	     59613	8000a9be	014d	c.addi	x2,19	  x2:0x2a98c0d0  x2=0x2a98c0e3
        1194316	     59614	8000a9c0	6179	c.addi16sp	x2,464	  x2:0x2a98c0e3  x2=0x2a98c2b3
        1194736	     59635	8000a9c2	02445bb3	divu	x23,x8,x4	  x8:0x00000000  x4:0x00000000 x23=0xffffffff
        1194756	     59636	8000a9c6	34032573	csrrs	x10,mscratch,x6	  x6:0x80021e50 x10=0x00000006
        1194776	     59637	8000a9ca	027e9963	bne	x29,x7,8000a9fc	 x29:0x00000000  x7:0x00000000
        1194896	     59643	8000a9ce	18728913	addi	x18,x5,391	  x5:0x00000001 x18=0x00000188
        1195056	     59651	8000a9d2	00880533	add	x10,x16,x8	 x16:0x0953884a  x8:0x00000000 x10=0x0953884a
        1195076	     59652	8000a9d6	8d51	c.or	x10,x12	 x10:0x0953884a x12:0x2a98c210 x10=0x2bdbca5a
        1195096	     59653	8000a9d8	8fb5	c.xor	x15,x13	 x15:0x00000000 x13:0x0000000e x15=0x0000000e
        1195116	     59654	8000a9da	07fe	c.slli	x15,0x1f	 x15:0x0000000e x15=0x00000000
        1195136	     59655	8000a9dc	8925	c.andi	x10,9	 x10:0x2bdbca5a x10=0x00000008
        1195156	     59656	8000a9de	6721	c.lui	x14,0x8	 x14=0x00008000
        1195176	     59657	8000a9e0	00fbd3b3	srl	x7,x23,x15	 x23:0xffffffff x15:0x00000000  x7=0xffffffff
        1195236	     59660	8000a9e4	1f5b4193	xori	x3,x22,501	 x22:0x80025ce4  x3=0x80025d11
        1195276	     59662	8000a9e8	02976b33	rem	x22,x14,x9	 x14:0x00008000  x9:0x00000000 x22=0x00008000
        1195296	     59663	8000a9ec	9b9a	c.add	x23,x6	 x23:0xffffffff  x6:0x80021e50 x23=0x80021e4f
        1195336	     59665	8000a9ee	340079f3	csrrci	x19,mscratch,0	 x19=0x80021e56
        1195376	     59667	8000a9f2	c70f30b7	lui	x1,0xc70f3	  x1=0xc70f3000
        1195876	     59692	8000a9f6	340061f3	csrrsi	x3,mscratch,0	  x3=0x80021e56
        1195896	     59693	8000a9fa	8111	c.srli	x10,0x4	 x10:0x00000008 x10=0x00000000
        1196236	     59710	8000a9fc	1384	c.addi4spn	x9,x2,480	  x9=0x2a98c493
        1196256	     59711	8000a9fe	40c9	c.li	x1,18	  x1=0x00000012
        1196276	     59712	8000aa00	02869563	bne	x13,x8,8000aa2a	 x13:0x0000000e  x8:0x00000000
        1196496	     59723	8000aa2a	07aa	c.slli	x15,0xa	 x15:0x00000000 x15=0x00000000
        1196516	     59724	8000aa2c	87d1	c.srai	x15,0x14	 x15:0x00000000 x15=0x00000000
        1196936	     59745	8000aa2e	13036a97	auipc	x21,0x13036	 x21=0x93040a2e
        1196976	     59747	8000aa32	0255a633	mulhsu	x12,x11,x5	 x11:0xdbac69ac  x5:0x00000001 x12=0xffffffff
        1196996	     59748	8000aa36	0239e263	bltu	x19,x3,8000aa5a	 x19:0x80021e56  x3:0x80021e56
        1197016	     59749	8000aa3a	000cdc33	srl	x24,x25,x0	 x25:0x00014000  x0:0x00000000 x24=0x00014000
        1197216	     59759	8000aa3e	02a9b033	mulhu	x0,x19,x10	 x19:0x80021e56 x10:0x00000000  x0=0x00000000
        1197236	     59760	8000aa42	03d0	c.addi4spn	x12,x2,452	 x12=0x2a98c477
        1197296	     59763	8000aa44	00e47f33	and	x30,x8,x14	  x8:0x00000000 x14:0x00008000 x30=0x00000000
        1197336	     59765	8000aa48	02f4ceb3	div	x29,x9,x15	  x9:0x2a98c493 x15:0x00000000 x29=0xffffffff
        1197356	     59766	8000aa4c	019710b3	sll	x1,x14,x25	 x14:0x00008000 x25:0x00014000  x1=0x00008000
        1197456	     59771	8000aa50	34002973	csrrs	x18,mscratch,x0	  x0:0x00000000 x18=0x80021e56
        1197476	     59772	8000aa54	011c	c.addi4spn	x15,x2,128	 x15=0x2a98c333
        1197496	     59773	8000aa56	9bf6	c.add	x23,x29	 x23:0x80021e4f x29:0xffffffff x23=0x80021e4e
        1197636	     59780	8000aa58	8095	c.srli	x9,0x5	  x9:0x2a98c493  x9=0x0154c624
        1197656	     59781	8000aa5a	8d39	c.xor	x10,x14	 x10:0x00000000 x14:0x00008000 x10=0x00008000
        1197676	     59782	8000aa5c	01909a93	slli	x21,x1,0x19	  x1:0x00008000 x21=0x00000000
        1197696	     59783	8000aa60	63ec4c37	lui	x24,0x63ec4	 x24=0x63ec4000
        1198096	     59803	8000aa64	f15a3737	lui	x14,0xf15a3	 x14=0xf15a3000
        1198116	     59804	8000aa68	00310c63	beq	x2,x3,8000aa80	  x2:0x2a98c2b3  x3:0x80021e56
        1198236	     59810	8000aa6c	415c5f13	srai	x30,x24,0x15	 x24:0x63ec4000 x30=0x0000031f
        1198436	     59820	8000aa70	aa4d54b7	lui	x9,0xaa4d5	  x9=0xaa4d5000
        1198456	     59821	8000aa74	5dfd	c.li	x27,-1	 x27=0xffffffff
        1198476	     59822	8000aa76	031a6e63	bltu	x20,x17,8000aab2	 x20:0x00000000 x17:0x00000000
        1198496	     59823	8000aa7a	09c9	c.addi	x19,18	 x19:0x80021e56 x19=0x80021e68
        1198536	     59825	8000aa7c	9caa	c.add	x25,x10	 x25:0x00014000 x10:0x00008000 x25=0x0001c000
        1198556	     59826	8000aa7e	6219	c.lui	x4,0x6	  x4=0x00006000
        1198576	     59827	8000aa80	717d	c.addi16sp	x2,-16	  x2:0x2a98c2b3  x2=0x2a98c2a3
        1198756	     59836	8000aa82	03962533	mulhsu	x10,x12,x25	 x12:0x2a98c477 x25:0x0001c000 x10=0x00004a8b
        1198816	     59839	8000aa86	03e107b3	mul	x15,x2,x30	  x2:0x2a98c2a3 x30:0x0000031f x15=0xf2c77abd
        1198836	     59840	8000aa8a	419cc413	xori	x8,x25,1049	 x25:0x0001c000  x8=0x0001c419
        1199756	     59886	8000aa8e	0270dab3	divu	x21,x1,x7	  x1:0x00008000  x7:0xffffffff x21=0x00000000
        1199776	     59887	8000aa92	0c14	c.addi4spn	x13,x2,528	 x13=0x2a98c4b3
        1199796	     59888	8000aa94	956e	c.add	x10,x27	 x10:0x00004a8b x27:0xffffffff x10=0x00004a8a
        1199816	     59889	8000aa96	34003473	csrrc	x8,mscratch,x0	  x0:0x00000000  x8=0x80021e56
        1199836	     59890	8000aa9a	006e6ab3	or	x21,x28,x6	 x28:0x269fc3a0  x6:0x80021e50 x21=0xa69fdff0
        1199856	     59891	8000aa9e	55fd	c.li	x11,-1	 x11=0xffffffff
        1199876	     59892	8000aaa0	01dae563	bltu	x21,x29,8000aaaa	 x21:0xa69fdff0 x29:0xffffffff
        1200196	     59908	8000aaaa	0001	c.addi	x0,0	  x0:0x00000000  x0=0x00000000
        1200216	     59909	8000aaac	d6646f13	ori	x30,x8,-666	  x8:0x80021e56 x30=0xffffff76
        1200316	     59914	8000aab0	1704	c.addi4spn	x9,x2,928	  x9=0x2a98c643
        1200336	     59915	8000aab2	009bd433	srl	x8,x23,x9	 x23:0x80021e4e  x9:0x2a98c643  x8=0x100043c9
        1200356	     59916	8000aab6	7b1a7093	andi	x1,x20,1969	 x20:0x00000000  x1=0x00000000
        1200376	     59917	8000aaba	908a	c.add	x1,x2	  x1:0x00000000  x2:0x2a98c2a3  x1=0x2a98c2a3
        1200676	     59932	8000aabc	3401ac73	csrrs	x24,mscratch,x3	  x3:0x80021e56 x24=0x80021e56
        1200696	     59933	8000aac0	03849e63	bne	x9,x24,8000aafc	  x9:0x2a98c643 x24:0x80021e56
        1200856	     59941	8000aafc	8fa9	c.xor	x15,x10	 x15:0xf2c77abd x10:0x00004a8a x15=0xf2c73037
        1201056	     59951	8000aafe	8f808b93	addi	x23,x1,-1800	  x1:0x2a98c2a3 x23=0x2a98bb9b
        1201156	     59956	8000ab02	0114b1b3	sltu	x3,x9,x17	  x9:0x2a98c643 x17:0x00000000  x3=0x00000000
        1201296	     59963	8000ab06	037496b3	mulh	x13,x9,x23	  x9:0x2a98c643 x23:0x2a98bb9b x13=0x07167a74
        1201316	     59964	8000ab0a	008a9813	slli	x16,x21,0x8	 x21:0xa69fdff0 x16=0x9fdff000
        1201336	     59965	8000ab0e	8e71	c.and	x12,x12	 x12:0x2a98c477 x12:0x2a98c477 x12=0x2a98c477
        1201716	     59984	8000ab10	461b0993	addi	x19,x22,1121	 x22:0x00008000 x19=0x00008461
        1202516	     60024	8000ab14	02f6f933	remu	x18,x13,x15	 x13:0x07167a74 x15:0xf2c73037 x18=0x07167a74
        1202536	     60025	8000ab18	8d65	c.and	x10,x9	 x10:0x00004a8a  x9:0x2a98c643 x10=0x00004202
        1202556	     60026	8000ab1a	57cbc693	xori	x13,x23,1404	 x23:0x2a98bb9b x13=0x2a98bee7
        1202576	     60027	8000ab1e	c605	c.beqz	x12,8000ab46	 x12:0x2a98c477
        1202596	     60028	8000ab20	41bd	c.li	x3,15	  x3=0x0000000f
        1202616	     60029	8000ab22	4108d5b3	sra	x11,x17,x16	 x17:0x00000000 x16:0x9fdff000 x11=0x00000000
        1202636	     60030	8000ab26	02f5e463	bltu	x11,x15,8000ab4e	 x11:0x00000000 x15:0xf2c73037
        1203416	     60069	8000ab4e	01a528b3	slt	x17,x10,x26	 x10:0x00004202 x26:0x0000a000 x17=0x00000001
        1203576	     60077	8000ab52	00621f13	slli	x30,x4,0x6	  x4:0x00006000 x30=0x00180000
        1203596	     60078	8000ab56	41735833	sra	x16,x6,x23	  x6:0x80021e50 x23:0x2a98bb9b x16=0xfffffff0
        1203616	     60079	8000ab5a	8f4d	c.or	x14,x11	 x14:0xf15a3000 x11:0x00000000 x14=0xf15a3000
        1203636	     60080	8000ab5c	ef95	c.bnez	x15,8000ab98	 x15:0xf2c73037
        1204696	     60133	8000ab98	6591	c.lui	x11,0x4	 x11=0x00004000
        1204716	     60134	8000ab9a	409dd6b3	sra	x13,x27,x9	 x27:0xffffffff  x9:0x2a98c643 x13=0xffffffff
        1204736	     60135	8000ab9e	cf8d	c.beqz	x15,8000abd8	 x15:0xf2c73037
        1205136	     60155	8000aba0	0001	c.addi	x0,0	  x0:0x00000000  x0=0x00000000
        1205156	     60156	8000aba2	4078df33	sra	x30,x17,x7	 x17:0x00000001  x7:0xffffffff x30=0x00000000
        1205176	     60157	8000aba6	340bd873	csrrwi	x16,mscratch,23	 x16=0x80021e56
        1205196	     60158	8000abaa	0001	c.addi	x0,0	  x0:0x00000000  x0=0x00000000
        1205236	     60160	8000abac	00a59813	slli	x16,x11,0xa	 x11:0x00004000 x16=0x01000000
        1205256	     60161	8000abb0	85f5	c.srai	x11,0x1d	 x11:0x00004000 x11=0x00000000
        1205356	     60166	8000abb2	017e10b3	sll	x1,x28,x23	 x28:0x269fc3a0 x23:0x2a98bb9b  x1=0x00000000
        1205556	     60176	8000abb6	340067f3	csrrsi	x15,mscratch,0	 x15=0x00000017
        1205576	     60177	8000abba	8e21	c.xor	x12,x8	 x12:0x2a98c477  x8:0x100043c9 x12=0x3a9887be
        1205636	     60180	8000abbc	40cb5993	srai	x19,x22,0xc	 x22:0x00008000 x19=0x00000008
        1205696	     60183	8000abc0	0007dc13	srli	x24,x15,0x0	 x15:0x00000017 x24=0x00000017
        1205876	     60192	8000abc4	3fed0a93	addi	x21,x26,1022	 x26:0x0000a000 x21=0x0000a3fe
        1205896	     60193	8000abc8	1ad7b613	sltiu	x12,x15,429	 x15:0x00000017 x12=0x00000001
        1205916	     60194	8000abcc	6aad	c.lui	x21,0xb	 x21=0x0000b000
        1205936	     60195	8000abce	8ad5	c.andi	x13,21	 x13:0xffffffff x13=0x00000015
        1205956	     60196	8000abd0	001b7cb3	and	x25,x22,x1	 x22:0x00008000  x1:0x00000000 x25=0x00000000
        1206116	     60204	8000abd4	340e76f3	csrrci	x13,mscratch,28	 x13=0x00000017
        1206136	     60205	8000abd8	a365a113	slti	x2,x11,-1482	 x11:0x00000000  x2=0x00000000
        1206156	     60206	8000abdc	059c	c.addi4spn	x15,x2,704	 x15=0x000002c0
        1206416	     60219	8000abde	406b0b33	sub	x22,x22,x6	 x22:0x00008000  x6:0x80021e50 x22=0x7ffe61b0
        1207156	     60256	8000abe2	0309c1b3	div	x3,x19,x16	 x19:0x00000008 x16:0x01000000  x3=0x00000000
        1207176	     60257	8000abe6	6a09	c.lui	x20,0x2	 x20=0x00002000
        1207196	     60258	8000abe8	0ff0000f	fence	iorw,iorw	
        1207216	     60259	8000abec	8bed	c.andi	x15,27	 x15:0x000002c0 x15=0x00000000
        1207236	     60260	8000abee	85c5	c.srai	x11,0x11	 x11:0x00000000 x11=0x00000000
        1207256	     60261	8000abf0	b7486f13	ori	x30,x16,-1164	 x16:0x01000000 x30=0xfffffb74
        1207316	     60264	8000abf4	340d99f3	csrrw	x19,mscratch,x27	 x27:0xffffffff x19=0x00000003
        1207676	     60282	8000abf8	e401	c.bnez	x8,8000ac00	  x8:0x100043c9
        1208776	     60337	8000ac00	5c9fbb93	sltiu	x23,x31,1481	 x31:0x80025ce4 x23=0x00000000
        1208796	     60338	8000ac04	8ee5	c.and	x13,x9	 x13:0x00000017  x9:0x2a98c643 x13=0x00000003
        1208816	     60339	8000ac06	2f3ae193	ori	x3,x21,755	 x21:0x0000b000  x3=0x0000b2f3
        1208896	     60343	8000ac0a	0000100f	fence.i	
        1209436	     60370	8000ac0e	609d	c.lui	x1,0x7	  x1=0x00007000
        1209456	     60371	8000ac10	00b54a33	xor	x20,x10,x11	 x10:0x00004202 x11:0x00000000 x20=0x00004202
        1209476	     60372	8000ac14	00907db3	and	x27,x0,x9	  x0:0x00000000  x9:0x2a98c643 x27=0x00000000
        1209496	     60373	8000ac18	014548b3	xor	x17,x10,x20	 x10:0x00004202 x20:0x00004202 x17=0x00000000
        1210276	     60412	8000ac1c	0361f4b3	remu	x9,x3,x22	  x3:0x0000b2f3 x22:0x7ffe61b0  x9=0x0000b2f3
        1210296	     60413	8000ac20	4141d033	sra	x0,x3,x20	  x3:0x0000b2f3 x20:0x00004202  x0=0x00000000
        1210316	     60414	8000ac24	411a04b3	sub	x9,x20,x17	 x20:0x00004202 x17:0x00000000  x9=0x00004202
        1210336	     60415	8000ac28	003aa033	slt	x0,x21,x3	 x21:0x0000b000  x3:0x0000b2f3  x0=0x00000000
        1218556	     60826	8000ac2c	005360b3	or	x1,x6,x5	  x6:0x80021e50  x5:0x00000001  x1=0x80021e51
        1218596	     60828	8000ac30	037613b3	mulh	x7,x12,x23	 x12:0x00000001 x23:0x00000000  x7=0x00000000
        1218616	     60829	8000ac34	416ad613	srai	x12,x21,0x16	 x21:0x0000b000 x12=0x00000000
        1219036	     60850	8000ac38	3409b873	csrrc	x16,mscratch,x19	 x19:0x00000003 x16=0xffffffff
        1219176	     60857	8000ac3c	00fc6963	bltu	x24,x15,8000ac4e	 x24:0x00000017 x15:0x00000000
        1219196	     60858	8000ac40	00946ab3	or	x21,x8,x9	  x8:0x100043c9  x9:0x00004202 x21=0x100043cb
        1219476	     60872	8000ac44	340da5f3	csrrs	x11,mscratch,x27	 x27:0x00000000 x11=0xfffffffc
        1219596	     60878	8000ac48	411cdc93	srai	x25,x25,0x11	 x25:0x00000000 x25=0x00000000
        1219816	     60889	8000ac4c	9b7d	c.andi	x14,-1	 x14:0xf15a3000 x14=0xf15a3000
        1219876	     60892	8000ac4e	03372db3	mulhsu	x27,x14,x19	 x14:0xf15a3000 x19:0x00000003 x27=0xffffffff
        1220276	     60912	8000ac52	71e7a393	slti	x7,x15,1822	 x15:0x00000000  x7=0x00000001
        1220296	     60913	8000ac56	340b5c73	csrrwi	x24,mscratch,22	 x24=0xfffffffc
        1220316	     60914	8000ac5a	8f55	c.or	x14,x13	 x14:0xf15a3000 x13:0x00000003 x14=0xf15a3003
        1220716	     60934	8000ac5c	8771	c.srai	x14,0x1c	 x14:0xf15a3003 x14=0xffffffff
        1220736	     60935	8000ac5e	40fe5433	sra	x8,x28,x15	 x28:0x269fc3a0 x15:0x00000000  x8=0x269fc3a0
        1220756	     60936	8000ac62	614d	c.addi16sp	x2,176	  x2:0x00000000  x2=0x000000b0
        1220856	     60941	8000ac64	30aee3b7	lui	x7,0x30aee	  x7=0x30aee000
        1221036	     60950	8000ac68	003f0633	add	x12,x30,x3	 x30:0xfffffb74  x3:0x0000b2f3 x12=0x0000ae67
        1221356	     60966	8000ac6c	018a5013	srli	x0,x20,0x18	 x20:0x00004202  x0=0x00000000
        1221496	     60973	8000ac70	00c6db33	srl	x22,x13,x12	 x13:0x00000003 x12:0x0000ae67 x22=0x00000000
        1222296	     61013	8000ac74	02be7533	remu	x10,x28,x11	 x28:0x269fc3a0 x11:0xfffffffc x10=0x269fc3a0
        1222316	     61014	8000ac78	01911013	slli	x0,x2,0x19	  x2:0x000000b0  x0=0x00000000
        1222336	     61015	8000ac7c	80f9	c.srli	x9,0x1e	  x9:0x00004202  x9=0x00000000
        1222356	     61016	8000ac7e	9b0a	c.add	x22,x2	 x22:0x00000000  x2:0x000000b0 x22=0x000000b0
        1222376	     61017	8000ac80	014617b3	sll	x15,x12,x20	 x12:0x0000ae67 x20:0x00004202 x15=0x0002b99c
        1222396	     61018	8000ac84	1c2c2897	auipc	x17,0x1c2c2	 x17=0x9c2ccc84
        1222416	     61019	8000ac88	00f95a93	srli	x21,x18,0xf	 x18:0x07167a74 x21=0x00000e2c
        1222496	     61023	8000ac8c	34097573	csrrci	x10,mscratch,18	 x10=0x00000016
        1222916	     61044	8000ac90	022d4063	blt	x26,x2,8000acb0	 x26:0x0000a000  x2:0x000000b0
        1223096	     61053	8000ac94	e1967393	andi	x7,x12,-487	 x12:0x0000ae67  x7=0x0000ae01
        1223516	     61074	8000ac98	40e98f33	sub	x30,x19,x14	 x19:0x00000003 x14:0xffffffff x30=0x00000004
        1223536	     61075	8000ac9c	2c00a593	slti	x11,x1,704	  x1:0x80021e51 x11=0x00000001
        1223636	     61080	8000aca0	eff0a393	slti	x7,x1,-257	  x1:0x80021e51  x7=0x00000001
        1224056	     61101	8000aca4	b292c097	auipc	x1,0xb292c	  x1=0x32936ca4
        1224076	     61102	8000aca8	34087573	csrrci	x10,mscratch,16	 x10=0x00000004
        1224096	     61103	8000acac	00450eb3	add	x29,x10,x4	 x10:0x00000004  x4:0x00006000 x29=0x00006004
        1224276	     61112	8000acb0	40fdd293	srai	x5,x27,0xf	 x27:0xffffffff  x5=0xffffffff
        1224696	     61133	8000acb4	d91a2513	slti	x10,x20,-623	 x20:0x00004202 x10=0x00000000
        1224716	     61134	8000acb8	01965433	srl	x8,x12,x25	 x12:0x0000ae67 x25:0x00000000  x8=0x0000ae67
        1224856	     61141	8000acbc	8e59	c.or	x12,x14	 x12:0x0000ae67 x14:0xffffffff x12=0xffffffff
        1224876	     61142	8000acbe	01c39693	slli	x13,x7,0x1c	  x7:0x00000001 x13=0x10000000
        1225016	     61149	8000acc2	01d49a33	sll	x20,x9,x29	  x9:0x00000000 x29:0x00006004 x20=0x00000000
        1225056	     61151	8000acc6	0205a1b3	mulhsu	x3,x11,x0	 x11:0x00000001  x0:0x00000000  x3=0x00000000
        1225076	     61152	8000acca	113c4b93	xori	x23,x24,275	 x24:0xfffffffc x23=0xfffffeef
        1225476	     61172	8000acce	34003b73	csrrc	x22,mscratch,x0	  x0:0x00000000 x22=0x00000004
        1225496	     61173	8000acd2	8ced	c.and	x9,x11	  x9:0x00000000 x11:0x00000001  x9=0x00000000
        1225656	     61181	8000acd4	717d	c.addi16sp	x2,-16	  x2:0x000000b0  x2=0x000000a0
        1225676	     61182	8000acd6	34007d73	csrrci	x26,mscratch,0	 x26=0x00000004
        1225696	     61183	8000acda	9ad6	c.add	x21,x21	 x21:0x00000e2c x21:0x00000e2c x21=0x00001c58
        1225716	     61184	8000acdc	84f1	c.srai	x9,0x1c	  x9:0x00000000  x9=0x00000000
        1226836	     61240	8000acde	0214fc33	remu	x24,x9,x1	  x9:0x00000000  x1:0x32936ca4 x24=0x00000000
        1226856	     61241	8000ace2	3400fef3	csrrci	x29,mscratch,1	 x29=0x00000004
        1226876	     61242	8000ace6	340e5f73	csrrwi	x30,mscratch,28	 x30=0x00000004
        1226896	     61243	8000acea	34007f73	csrrci	x30,mscratch,0	 x30=0x0000001c
        1226916	     61244	8000acee	41395113	srai	x2,x18,0x13	 x18:0x07167a74  x2=0x000000e2
        1226936	     61245	8000acf2	02bf8663	beq	x31,x11,8000ad1e	 x31:0x80025ce4 x11:0x00000001
        1227696	     61283	8000acf6	03bfe233	rem	x4,x31,x27	 x31:0x80025ce4 x27:0xffffffff  x4=0x00000000
        1228436	     61320	8000acfa	030a66b3	rem	x13,x20,x16	 x20:0x00000000 x16:0xffffffff x13=0x00000000
        1228456	     61321	8000acfe	34077a73	csrrci	x20,mscratch,14	 x20=0x0000001c
        1228476	     61322	8000ad02	0ff0000f	fence	iorw,iorw	
        1229216	     61359	8000ad06	02855c33	divu	x24,x10,x8	 x10:0x00000000  x8:0x0000ae67 x24=0x00000000
        1229236	     61360	8000ad0a	00a63a33	sltu	x20,x12,x10	 x12:0xffffffff x10:0x00000000 x20=0x00000000
        1229976	     61397	8000ad0e	03dc7933	remu	x18,x24,x29	 x24:0x00000000 x29:0x00000004 x18=0x00000000
        1229996	     61398	8000ad12	34006b73	csrrsi	x22,mscratch,0	 x22=0x00000010
        1230016	     61399	8000ad16	34049d73	csrrw	x26,mscratch,x9	  x9:0x00000000 x26=0x00000010
        1230036	     61400	8000ad1a	006e67b3	or	x15,x28,x6	 x28:0x269fc3a0  x6:0x80021e50 x15=0xa69fdff0
        1230056	     61401	8000ad1e	041e	c.slli	x8,0x7	  x8:0x0000ae67  x8=0x00573380
        1230076	     61402	8000ad20	717d	c.addi16sp	x2,-16	  x2:0x000000e2  x2=0x000000d2
        1230096	     61403	8000ad22	9f4a	c.add	x30,x18	 x30:0x0000001c x18:0x00000000 x30=0x0000001c
        1230116	     61404	8000ad24	00b113b3	sll	x7,x2,x11	  x2:0x000000d2 x11:0x00000001  x7=0x000001a4
        1230136	     61405	8000ad28	016ce533	or	x10,x25,x22	 x25:0x00000000 x22:0x00000010 x10=0x00000010
        1230316	     61414	8000ad2c	93aa2013	slti	x0,x20,-1734	 x20:0x00000000  x0=0x00000000
        1230516	     61424	8000ad30	34042a73	csrrs	x20,mscratch,x8	  x8:0x00573380 x20=0x00000000
        1230536	     61425	8000ad34	9bfd	c.andi	x15,-1	 x15:0xa69fdff0 x15=0xa69fdff0
        1230556	     61426	8000ad36	6d95	c.lui	x27,0x5	 x27=0x00005000
        1230576	     61427	8000ad38	9fb2f213	andi	x4,x5,-1541	  x5:0xffffffff  x4=0xfffff9fb
        1230596	     61428	8000ad3c	80bd	c.srli	x9,0xf	  x9:0x00000000  x9=0x00000000
        1230616	     61429	8000ad3e	8e69	c.and	x12,x10	 x12:0xffffffff x10:0x00000010 x12=0x00000010
        1230656	     61431	8000ad40	024fbb33	mulhu	x22,x31,x4	 x31:0x80025ce4  x4:0xfffff9fb x22=0x800259e1
        1231456	     61471	8000ad44	03ec51b3	divu	x3,x24,x30	 x24:0x00000000 x30:0x0000001c  x3=0x00000000
        1231476	     61472	8000ad48	9a7d	c.andi	x12,-1	 x12:0x00000010 x12=0x00000010
        1232216	     61509	8000ad4a	0210db33	divu	x22,x1,x1	  x1:0x32936ca4  x1:0x32936ca4 x22=0x00000001
        1232236	     61510	8000ad4e	80e5	c.srli	x9,0x19	  x9:0x00000000  x9=0x00000000
        1232976	     61547	8000ad50	02637733	remu	x14,x6,x6	  x6:0x80021e50  x6:0x80021e50 x14=0x00000000
        1232996	     61548	8000ad54	02f56563	bltu	x10,x15,8000ad7e	 x10:0x00000010 x15:0xa69fdff0
        1233116	     61554	8000ad7e	004cfd63	bgeu	x25,x4,8000ad98	 x25:0x00000000  x4:0xfffff9fb
        1234316	     61614	8000ad82	03f67933	remu	x18,x12,x31	 x12:0x00000010 x31:0x80025ce4 x18=0x00000010
        1234336	     61615	8000ad86	01b26133	or	x2,x4,x27	  x4:0xfffff9fb x27:0x00005000  x2=0xfffff9fb
        1234356	     61616	8000ad8a	3407f9f3	csrrci	x19,mscratch,15	 x19=0x00573380
        1234376	     61617	8000ad8e	1f7d	c.addi	x30,-1	 x30:0x0000001c x30=0x0000001b
        1234396	     61618	8000ad90	340568f3	csrrsi	x17,mscratch,10	 x17=0x00573380
        1235136	     61655	8000ad94	0373c6b3	div	x13,x7,x23	  x7:0x000001a4 x23:0xfffffeef x13=0xffffffff
        1235156	     61656	8000ad98	34029173	csrrw	x2,mscratch,x5	  x5:0xffffffff  x2=0x0057338a
        1235176	     61657	8000ad9c	8d21	c.xor	x10,x8	 x10:0x00000010  x8:0x00573380 x10=0x00573390
        1235196	     61658	8000ad9e	2f620f17	auipc	x30,0x2f620	 x30=0xaf62ad9e
        1235216	     61659	8000ada2	415c8733	sub	x14,x25,x21	 x25:0x00000000 x21:0x00001c58 x14=0xffffe3a8
        1235236	     61660	8000ada6	40288833	sub	x16,x17,x2	 x17:0x00573380  x2:0x0057338a x16=0xfffffff6
        1235256	     61661	8000adaa	3407fef3	csrrci	x29,mscratch,15	 x29=0xffffffff
        1235276	     61662	8000adae	8d5d	c.or	x10,x15	 x10:0x00573390 x15:0xa69fdff0 x10=0xa6dffff0
        1235376	     61667	8000adb0	340025f3	csrrs	x11,mscratch,x0	  x0:0x00000000 x11=0xfffffff0
        1235396	     61668	8000adb4	9d3a	c.add	x26,x14	 x26:0x00000010 x14:0xffffe3a8 x26=0xffffe3b8
        1235516	     61674	8000adb6	04f48463	beq	x9,x15,8000adfe	  x9:0x00000000 x15:0xa69fdff0
        1235696	     61683	8000adba	0132d4b3	srl	x9,x5,x19	  x5:0xffffffff x19:0x00573380  x9=0xffffffff
        1235716	     61684	8000adbe	41a38833	sub	x16,x7,x26	  x7:0x000001a4 x26:0xffffe3b8 x16=0x00001dec
        1235996	     61698	8000adc2	05b15463	bge	x2,x27,8000ae0a	  x2:0x0057338a x27:0x00005000
        1236616	     61729	8000ae0a	e11b9237	lui	x4,0xe11b9	  x4=0xe11b9000
        1236676	     61732	8000ae0e	340036f3	csrrc	x13,mscratch,x0	  x0:0x00000000 x13=0xfffffff0
        1236696	     61733	8000ae12	8e92	c.mv	x29,x4	  x0:0x00000000  x4:0xe11b9000 x29=0xe11b9000
        1236716	     61734	8000ae14	007423b3	slt	x7,x8,x7	  x8:0x00573380  x7:0x000001a4  x7=0x00000000
        1236736	     61735	8000ae18	ef97ff13	andi	x30,x15,-263	 x15:0xa69fdff0 x30=0xa69fdef0
        1236916	     61744	8000ae1c	00411a63	bne	x2,x4,8000ae30	  x2:0x0057338a  x4:0xe11b9000
        1237576	     61777	8000ae30	8299	c.srli	x13,0x6	 x13:0xfffffff0 x13=0x03ffffff
        1237596	     61778	8000ae32	005e9a93	slli	x21,x29,0x5	 x29:0xe11b9000 x21=0x23720000
        1237616	     61779	8000ae36	8ce5	c.and	x9,x9	  x9:0xffffffff  x9:0xffffffff  x9=0xffffffff
        1237636	     61780	8000ae38	8ed5	c.or	x13,x13	 x13:0x03ffffff x13:0x03ffffff x13=0x03ffffff
        1237656	     61781	8000ae3a	067a	c.slli	x12,0x1e	 x12:0x00000010 x12=0x00000000
        1237676	     61782	8000ae3c	055b9063	bne	x23,x21,8000ae7c	 x23:0xfffffeef x21:0x23720000
        1238216	     61809	8000ae7c	34002873	csrrs	x16,mscratch,x0	  x0:0x00000000 x16=0xfffffff0
        1238316	     61814	8000ae80	003f5c33	srl	x24,x30,x3	 x30:0xa69fdef0  x3:0x00000000 x24=0xa69fdef0
        1238336	     61815	8000ae84	4040d433	sra	x8,x1,x4	  x1:0x32936ca4  x4:0xe11b9000  x8=0x32936ca4
        1238356	     61816	8000ae88	0000100f	fence.i	
        1238956	     61846	8000ae8c	63c5	c.lui	x7,0x11	  x7=0x00011000
        1238976	     61847	8000ae8e	948a	c.add	x9,x2	  x9:0xffffffff  x2:0x0057338a  x9=0x00573389
        1239056	     61851	8000ae90	85ed	c.srai	x11,0x1b	 x11:0xfffffff0 x11=0xffffffff
        1239176	     61857	8000ae92	01ebf033	and	x0,x23,x30	 x23:0xfffffeef x30:0xa69fdef0  x0=0x00000000
        1239196	     61858	8000ae96	00970eb3	add	x29,x14,x9	 x14:0xffffe3a8  x9:0x00573389 x29=0x00571731
        1239216	     61859	8000ae9a	8c2d	c.xor	x8,x11	  x8:0x32936ca4 x11:0xffffffff  x8=0xcd6c935b
        1239236	     61860	8000ae9c	1f7d	c.addi	x30,-1	 x30:0xa69fdef0 x30=0xa69fdeef
        1239256	     61861	8000ae9e	ef60ce93	xori	x29,x1,-266	  x1:0x32936ca4 x29=0xcd6c9252
        1239276	     61862	8000aea2	e811	c.bnez	x8,8000aeb6	  x8:0xcd6c935b
        1240456	     61921	8000aeb6	03da6133	rem	x2,x20,x29	 x20:0x00000000 x29:0xcd6c9252  x2=0x00000000
        1240476	     61922	8000aeba	8f75	c.and	x14,x13	 x14:0xffffe3a8 x13:0x03ffffff x14=0x03ffe3a8
        1240496	     61923	8000aebc	0113c233	xor	x4,x7,x17	  x7:0x00011000 x17:0x00573380  x4=0x00562380
        1240516	     61924	8000aec0	03254463	blt	x10,x18,8000aee8	 x10:0xa6dffff0 x18:0x00000010
        1240616	     61929	8000aee8	0342b5b3	mulhu	x11,x5,x20	  x5:0xffffffff x20:0x00000000 x11=0x00000000
        1240836	     61940	8000aeec	00d6b6b3	sltu	x13,x13,x13	 x13:0x03ffffff x13:0x03ffffff x13=0x00000000
        1240856	     61941	8000aef0	02a3d563	bge	x7,x10,8000af1a	  x7:0x00011000 x10:0xa6dffff0
        1241036	     61950	8000af1a	6159	c.addi16sp	x2,400	  x2:0x00000000  x2=0x00000190
        1241076	     61952	8000af1c	0357eb63	bltu	x15,x21,8000af52	 x15:0xa69fdff0 x21:0x23720000
        1241496	     61973	8000af20	ea8fca93	xori	x21,x31,-344	 x31:0x80025ce4 x21=0x7ffda24c
        1241916	     61994	8000af24	02b44463	blt	x8,x11,8000af4c	  x8:0xcd6c935b x11:0x00000000
        1242656	     62031	8000af4c	8e09	c.sub	x12,x10	 x12:0x00000000 x10:0xa6dffff0 x12=0x59200010
        1242776	     62037	8000af4e	01fe73b3	and	x7,x28,x31	 x28:0x269fc3a0 x31:0x80025ce4  x7=0x000240a0
        1242796	     62038	8000af52	cf89	c.beqz	x15,8000af6c	 x15:0xa69fdff0
        1242816	     62039	8000af54	00e176b3	and	x13,x2,x14	  x2:0x00000190 x14:0x03ffe3a8 x13=0x00000180
        1242836	     62040	8000af58	82c1	c.srli	x13,0x10	 x13:0x00000180 x13=0x00000000
        1242856	     62041	8000af5a	e08d	c.bnez	x9,8000af7c	  x9:0x00573389
        1243036	     62050	8000af7c	3c642513	slti	x10,x8,966	  x8:0xcd6c935b x10=0x00000001
        1277076	     63752	8000af80	411f5713	srai	x14,x30,0x11	 x30:0xa69fdeef x14=0xffffd34f
        1277096	     63753	8000af84	028c8563	beq	x25,x8,8000afae	 x25:0x00000000  x8:0xcd6c935b
        1277116	     63754	8000af88	8dd5	c.or	x11,x13	 x11:0x00000000 x13:0x00000000 x11=0x00000000
        1277136	     63755	8000af8a	00ba0433	add	x8,x20,x11	 x20:0x00000000 x11:0x00000000  x8=0x00000000
        1277156	     63756	8000af8e	40208cb3	sub	x25,x1,x2	  x1:0x32936ca4  x2:0x00000190 x25=0x32936b14
        1277176	     63757	8000af92	6099	c.lui	x1,0x6	  x1=0x00006000
        1277196	     63758	8000af94	01596d33	or	x26,x18,x21	 x18:0x00000010 x21:0x7ffda24c x26=0x7ffda25c
        1277216	     63759	8000af98	015c8db3	add	x27,x25,x21	 x25:0x32936b14 x21:0x7ffda24c x27=0xb2910d60
        1277236	     63760	8000af9c	000c6813	ori	x16,x24,0	 x24:0xa69fdef0 x16=0xa69fdef0
        1277256	     63761	8000afa0	0001	c.addi	x0,0	  x0:0x00000000  x0=0x00000000
        1277476	     63772	8000afa2	00566e63	bltu	x12,x5,8000afbe	 x12:0x59200010  x5:0xffffffff
        1278176	     63807	8000afbe	11fd	c.addi	x3,-1	  x3:0x00000000  x3=0xffffffff
        1278396	     63818	8000afc0	9722	c.add	x14,x8	 x14:0xffffd34f  x8:0x00000000 x14=0xffffd34f
        1278416	     63819	8000afc2	8e71	c.and	x12,x12	 x12:0x59200010 x12:0x59200010 x12=0x59200010
        1278716	     63834	8000afc4	005c2d33	slt	x26,x24,x5	 x24:0xa69fdef0  x5:0xffffffff x26=0x00000001
        1279076	     63852	8000afc8	83416013	ori	x0,x2,-1996	  x2:0x00000190  x0=0x00000000
        1279456	     63871	8000afcc	16af0713	addi	x14,x30,362	 x30:0xa69fdeef x14=0xa69fe059
        1280396	     63918	8000afd0	03c579b3	remu	x19,x10,x28	 x10:0x00000001 x28:0x269fc3a0 x19=0x00000001
        1280416	     63919	8000afd4	9d337d93	andi	x27,x6,-1581	  x6:0x80021e50 x27=0x80021850
        1280436	     63920	8000afd8	34001b73	csrrw	x22,mscratch,x0	  x0:0x00000000 x22=0xfffffff0
        1280456	     63921	8000afdc	005c1033	sll	x0,x24,x5	 x24:0xa69fdef0  x5:0xffffffff  x0=0x00000000
        1280476	     63922	8000afe0	020a9d63	bne	x21,x0,8000b01a	 x21:0x7ffda24c  x0:0x00000000
        1281176	     63957	8000b01a	02fbc663	blt	x23,x15,8000b046	 x23:0xfffffeef x15:0xa69fdff0
        1281196	     63958	8000b01e	6159	c.addi16sp	x2,400	  x2:0x00000190  x2=0x00000320
        1281596	     63978	8000b020	bcd7a013	slti	x0,x15,-1075	 x15:0xa69fdff0  x0=0x00000000
        1281616	     63979	8000b024	0172bbb3	sltu	x23,x5,x23	  x5:0xffffffff x23:0xfffffeef x23=0x00000000
        1281636	     63980	8000b028	0086ab33	slt	x22,x13,x8	 x13:0x00000000  x8:0x00000000 x22=0x00000000
        1281716	     63984	8000b02c	8856	c.mv	x16,x21	  x0:0x00000000 x21:0x7ffda24c x16=0x7ffda24c
        1282456	     64021	8000b02e	02acc833	div	x16,x25,x10	 x25:0x32936b14 x10:0x00000001 x16=0x32936b14
        1282496	     64023	8000b032	02fa1733	mulh	x14,x20,x15	 x20:0x00000000 x15:0xa69fdff0 x14=0x00000000
        1282516	     64024	8000b036	8f05	c.sub	x14,x9	 x14:0x00000000  x9:0x00573389 x14=0xffa8cc77
        1282536	     64025	8000b038	e06e3193	sltiu	x3,x28,-506	 x28:0x269fc3a0  x3=0x00000001
        1282556	     64026	8000b03c	340a7b73	csrrci	x22,mscratch,20	 x22=0x00000000
        1282576	     64027	8000b040	8636	c.mv	x12,x13	  x0:0x00000000 x13:0x00000000 x12=0x00000000
        1282596	     64028	8000b042	f8417d17	auipc	x26,0xf8417	 x26=0x78422042
        1282616	     64029	8000b046	01c442b3	xor	x5,x8,x28	  x8:0x00000000 x28:0x269fc3a0  x5=0x269fc3a0
        1283016	     64049	8000b04a	5a487793	andi	x15,x16,1444	 x16:0x32936b14 x15=0x00000104
        1283056	     64051	8000b04e	033694b3	mulh	x9,x13,x19	 x13:0x00000000 x19:0x00000001  x9=0x00000000
        1283076	     64052	8000b052	f9e76b93	ori	x23,x14,-98	 x14:0xffa8cc77 x23=0xffffffff
        1283096	     64053	8000b056	c69d	c.beqz	x13,8000b084	 x13:0x00000000
        1283676	     64082	8000b084	02e00c63	beq	x0,x14,8000b0bc	  x0:0x00000000 x14:0xffa8cc77
        1283716	     64084	8000b088	00cd9233	sll	x4,x27,x12	 x27:0x80021850 x12:0x00000000  x4=0x80021850
        1283896	     64093	8000b08c	9b7d	c.andi	x14,-1	 x14:0xffa8cc77 x14=0xffa8cc77
        1283916	     64094	8000b08e	005b7bb3	and	x23,x22,x5	 x22:0x00000000  x5:0x269fc3a0 x23=0x00000000
        1283936	     64095	8000b092	c9e52093	slti	x1,x10,-866	 x10:0x00000001  x1=0x00000000
        1283956	     64096	8000b096	2b7f3b93	sltiu	x23,x30,695	 x30:0xa69fdeef x23=0x00000000
        1283976	     64097	8000b09a	34011073	csrrw	x0,mscratch,x2	  x2:0x00000320  x0=0x00000000
        1284056	     64101	8000b09e	2ca23013	sltiu	x0,x4,714	  x4:0x80021850  x0=0x00000000
        1284136	     64105	8000b0a2	0187ea63	bltu	x15,x24,8000b0b6	 x15:0x00000104 x24:0xa69fdef0
        1284896	     64143	8000b0b6	a4e32117	auipc	x2,0xa4e32	  x2=0x24e3d0b6
        1284916	     64144	8000b0ba	8f61	c.and	x14,x8	 x14:0xffa8cc77  x8:0x00000000 x14=0x00000000
        1284936	     64145	8000b0bc	88a9	c.andi	x9,10	  x9:0x00000000  x9=0x00000000
        1284956	     64146	8000b0be	80fa	c.mv	x1,x30	  x0:0x00000000 x30:0xa69fdeef  x1=0xa69fdeef
        1285336	     64165	8000b0c0	41f60c33	sub	x24,x12,x31	 x12:0x00000000 x31:0x80025ce4 x24=0x7ffda31c
        1285756	     64186	8000b0c4	0001	c.addi	x0,0	  x0:0x00000000  x0=0x00000000
        1285776	     64187	8000b0c6	00e51db3	sll	x27,x10,x14	 x10:0x00000001 x14:0x00000000 x27=0x00000001
        1285796	     64188	8000b0ca	9a9e	c.add	x21,x7	 x21:0x7ffda24c  x7:0x000240a0 x21=0x7fffe2ec
        1285816	     64189	8000b0cc	8dbd	c.xor	x11,x15	 x11:0x00000000 x15:0x00000104 x11=0x00000104
        1285976	     64197	8000b0ce	00bb88b3	add	x17,x23,x11	 x23:0x00000000 x11:0x00000104 x17=0x00000104
        1285996	     64198	8000b0d2	340f93f3	csrrw	x7,mscratch,x31	 x31:0x80025ce4  x7=0x00000320
        1286016	     64199	8000b0d6	e0a1	c.bnez	x9,8000b116	  x9:0x00000000
        1286036	     64200	8000b0d8	01c519b3	sll	x19,x10,x28	 x10:0x00000001 x28:0x269fc3a0 x19=0x00000001
        1286456	     64221	8000b0dc	02854a33	div	x20,x10,x8	 x10:0x00000001  x8:0x00000000 x20=0xffffffff
        1286656	     64231	8000b0e0	0cee	c.slli	x25,0x1b	 x25:0x32936b14 x25=0xa0000000
        1286676	     64232	8000b0e2	8fad	c.xor	x15,x11	 x15:0x00000104 x11:0x00000104 x15=0x00000000
        1286696	     64233	8000b0e4	01ae9213	slli	x4,x29,0x1a	 x29:0xcd6c9252  x4=0x48000000
        1286736	     64235	8000b0e8	0260b6b3	mulhu	x13,x1,x6	  x1:0xa69fdeef  x6:0x80021e50 x13=0x53515072
        1286776	     64237	8000b0ec	0001	c.addi	x0,0	  x0:0x00000000  x0=0x00000000
        1286796	     64238	8000b0ee	0000100f	fence.i	
        1286956	     64246	8000b0f2	03377b13	andi	x22,x14,51	 x14:0x00000000 x22=0x00000000
        1287376	     64267	8000b0f6	009cc6b3	xor	x13,x25,x9	 x25:0xa0000000  x9:0x00000000 x13=0xa0000000
        1287396	     64268	8000b0fa	3404e9f3	csrrsi	x19,mscratch,9	 x19=0x80025ce4
        1287416	     64269	8000b0fe	8c55	c.or	x8,x13	  x8:0x00000000 x13:0xa0000000  x8=0xa0000000
        1287436	     64270	8000b100	3403e873	csrrsi	x16,mscratch,7	 x16=0x80025ced
        1287456	     64271	8000b104	a5cfed13	ori	x26,x31,-1444	 x31:0x80025ce4 x26=0xfffffefc
        1287476	     64272	8000b108	8cfd	c.and	x9,x15	  x9:0x00000000 x15:0x00000000  x9=0x00000000
        1288396	     64318	8000b10a	025f6bb3	rem	x23,x30,x5	 x30:0xa69fdeef  x5:0x269fc3a0 x23=0xf3df662f
        1288416	     64319	8000b10e	00c99563	bne	x19,x12,8000b118	 x19:0x80025ce4 x12:0x00000000
        1288516	     64324	8000b118	01928b63	beq	x5,x25,8000b12e	  x5:0x269fc3a0 x25:0xa0000000
        1288536	     64325	8000b11c	30c32b93	slti	x23,x6,780	  x6:0x80021e50 x23=0x00000001
        1288836	     64340	8000b120	52b22613	slti	x12,x4,1323	  x4:0x48000000 x12=0x00000000
        1289236	     64360	8000b124	40ea07b3	sub	x15,x20,x14	 x20:0xffffffff x14:0x00000000 x15=0xffffffff
        1289256	     64361	8000b128	0c25	c.addi	x24,9	 x24:0x7ffda31c x24=0x7ffda325
        1289476	     64372	8000b12a	419b0233	sub	x4,x22,x25	 x22:0x00000000 x25:0xa0000000  x4=0x60000000
        1289496	     64373	8000b12e	9ef6f213	andi	x4,x13,-1553	 x13:0xa0000000  x4=0xa0000000
        1289516	     64374	8000b132	9a7d	c.andi	x12,-1	 x12:0x00000000 x12=0x00000000
        1289536	     64375	8000b134	7c634093	xori	x1,x6,1990	  x6:0x80021e50  x1=0x80021996
        1289556	     64376	8000b138	006d7833	and	x16,x26,x6	 x26:0xfffffefc  x6:0x80021e50 x16=0x80021e50
        1289956	     64396	8000b13c	01cb3233	sltu	x4,x22,x28	 x22:0x00000000 x28:0x269fc3a0  x4=0x00000001
        1289976	     64397	8000b140	01216db3	or	x27,x2,x18	  x2:0x24e3d0b6 x18:0x00000010 x27=0x24e3d0b6
        1289996	     64398	8000b144	8c05	c.sub	x8,x9	  x8:0xa0000000  x9:0x00000000  x8=0xa0000000
        1290016	     64399	8000b146	02500263	beq	x0,x5,8000b16a	  x0:0x00000000  x5:0x269fc3a0
        1290436	     64420	8000b14a	34099173	csrrw	x2,mscratch,x19	 x19:0x80025ce4  x2=0x80025cef
        1290856	     64441	8000b14e	fd414593	xori	x11,x2,-44	  x2:0x80025cef x11=0x7ffda33b
        1290876	     64442	8000b152	8db5	c.xor	x11,x13	 x11:0x7ffda33b x13:0xa0000000 x11=0xdffda33b
        1290916	     64444	8000b154	03df9c33	mulh	x24,x31,x29	 x31:0x80025ce4 x29:0xcd6c9252 x24=0x19493f56
        1291156	     64456	8000b158	8e0d	c.sub	x12,x11	 x12:0x00000000 x11:0xdffda33b x12=0x20025cc5
        1291176	     64457	8000b15a	0001	c.addi	x0,0	  x0:0x00000000  x0=0x00000000
        1291196	     64458	8000b15c	02bdc963	blt	x27,x11,8000b18e	 x27:0x24e3d0b6 x11:0xdffda33b
        1291456	     64471	8000b160	004c7a33	and	x20,x24,x4	 x24:0x19493f56  x4:0x00000001 x20=0x00000000
        1291596	     64478	8000b164	499c4593	xori	x11,x24,1177	 x24:0x19493f56 x11=0x19493bcf
        1291616	     64479	8000b168	e3b9	c.bnez	x15,8000b1ae	 x15:0xffffffff
        1291896	     64493	8000b1ae	403108b3	sub	x17,x2,x3	  x2:0x80025cef  x3:0x00000001 x17=0x80025cee
        1291916	     64494	8000b1b2	41d65833	sra	x16,x12,x29	 x12:0x20025cc5 x29:0xcd6c9252 x16=0x00000800
        1291936	     64495	8000b1b6	9126	c.add	x2,x9	  x2:0x80025cef  x9:0x00000000  x2=0x80025cef
        1292716	     64534	8000b1b8	03f5f9b3	remu	x19,x11,x31	 x11:0x19493bcf x31:0x80025ce4 x19=0x19493bcf
        1292736	     64535	8000b1bc	c309	c.beqz	x14,8000b1be	 x14:0x00000000
        1293396	     64568	8000b1be	00839593	slli	x11,x7,0x8	  x7:0x00000320 x11=0x00032000
        1293416	     64569	8000b1c2	8cb9	c.xor	x9,x14	  x9:0x00000000 x14:0x00000000  x9=0x00000000
        1293436	     64570	8000b1c4	41975593	srai	x11,x14,0x19	 x14:0x00000000 x11=0x00000000
        1293556	     64576	8000b1c8	09d2	c.slli	x19,0x14	 x19:0x19493bcf x19=0xbcf00000
        1293916	     64594	8000b1ca	340a1a73	csrrw	x20,mscratch,x20	 x20:0x00000000 x20=0x80025ce4
        1293936	     64595	8000b1ce	340970f3	csrrci	x1,mscratch,18	  x1=0x00000000
        1293956	     64596	8000b1d2	0001	c.addi	x0,0	  x0:0x00000000  x0=0x00000000
        1294016	     64599	8000b1d4	3405f873	csrrci	x16,mscratch,11	 x16=0x00000000
        1294336	     64615	8000b1d8	34007273	csrrci	x4,mscratch,0	  x4=0x00000000
        1294356	     64616	8000b1dc	9afd	c.andi	x13,-1	 x13:0xa0000000 x13=0xa0000000
        1294396	     64618	8000b1de	030ae933	rem	x18,x21,x16	 x21:0x7fffe2ec x16:0x00000000 x18=0x7fffe2ec
        1294756	     64636	8000b1e2	01fdcf33	xor	x30,x27,x31	 x27:0x24e3d0b6 x31:0x80025ce4 x30=0xa4e18c52
        1295656	     64681	8000b1e6	02a34833	div	x16,x6,x10	  x6:0x80021e50 x10:0x00000001 x16=0x80021e50
        1295696	     64683	8000b1ea	028bba33	mulhu	x20,x23,x8	 x23:0x00000001  x8:0xa0000000 x20=0x00000000
        1295716	     64684	8000b1ee	0262ed63	bltu	x5,x6,8000b228	  x5:0x269fc3a0  x6:0x80021e50
        1295896	     64693	8000b228	4170dc93	srai	x25,x1,0x17	  x1:0x00000000 x25=0x00000000
        1297036	     64750	8000b22c	022147b3	div	x15,x2,x2	  x2:0x80025cef  x2:0x80025cef x15=0x00000001
        1297056	     64751	8000b230	0000100f	fence.i	
        1297476	     64772	8000b234	eb91	c.bnez	x15,8000b248	 x15:0x00000001
        1297716	     64784	8000b248	03d15663	bge	x2,x29,8000b274	  x2:0x80025cef x29:0xcd6c9252
        1297736	     64785	8000b24c	8d0c6393	ori	x7,x24,-1840	 x24:0x19493f56  x7=0xffffffd6
        1297856	     64791	8000b250	013c4633	xor	x12,x24,x19	 x24:0x19493f56 x19:0xbcf00000 x12=0xa5b93f56
        1297956	     64796	8000b254	0000100f	fence.i	
        1298896	     64843	8000b258	1ed2eb93	ori	x23,x5,493	  x5:0x269fc3a0 x23=0x269fc3ed
        1298916	     64844	8000b25c	03588063	beq	x17,x21,8000b27c	 x17:0x80025cee x21:0x7fffe2ec
        1298936	     64845	8000b260	007614b3	sll	x9,x12,x7	 x12:0xa5b93f56  x7:0xffffffd6  x9=0xd5800000
        1299336	     64865	8000b264	01421c33	sll	x24,x4,x20	  x4:0x00000000 x20:0x00000000 x24=0x00000000
        1299356	     64866	8000b268	0584	c.addi4spn	x9,x2,704	  x9=0x80025faf
        1299376	     64867	8000b26a	0001	c.addi	x0,0	  x0:0x00000000  x0=0x00000000
        1299396	     64868	8000b26c	1d7d	c.addi	x26,-1	 x26:0xfffffefc x26=0xfffffefb
        1299416	     64869	8000b26e	5afd	c.li	x21,-1	 x21=0xffffffff
        1299436	     64870	8000b270	008d5eb3	srl	x29,x26,x8	 x26:0xfffffefb  x8:0xa0000000 x29=0xfffffefb
        1299456	     64871	8000b274	090cc393	xori	x7,x25,144	 x25:0x00000000  x7=0x00000090
        1299556	     64876	8000b278	0118adb3	slt	x27,x17,x17	 x17:0x80025cee x17:0x80025cee x27=0x00000000
        1299896	     64893	8000b27c	0113e633	or	x12,x7,x17	  x7:0x00000090 x17:0x80025cee x12=0x80025cfe
        1299996	     64898	8000b280	340f37f3	csrrc	x15,mscratch,x30	 x30:0xa4e18c52 x15=0x00000000
        1300056	     64901	8000b284	03abca63	blt	x23,x26,8000b2b8	 x23:0x269fc3ed x26:0xfffffefb
        1300216	     64909	8000b288	010e4ab3	xor	x21,x28,x16	 x28:0x269fc3a0 x16:0x80021e50 x21=0xa69dddf0
        1300636	     64930	8000b28c	01d45f63	bge	x8,x29,8000b2aa	  x8:0xa0000000 x29:0xfffffefb
        1300656	     64931	8000b290	999bbd97	auipc	x27,0x999bb	 x27=0x199c6290
        1300776	     64937	8000b294	80825037	lui	x0,0x80825	  x0=0x00000000
        1300936	     64945	8000b298	8e59	c.or	x12,x14	 x12:0x80025cfe x14:0x00000000 x12=0x80025cfe
        1300956	     64946	8000b29a	b4b1cd13	xori	x26,x3,-1205	  x3:0x00000001 x26=0xfffffb4a
        1300996	     64948	8000b29e	0210ff33	remu	x30,x1,x1	  x1:0x00000000  x1:0x00000000 x30=0x00000000
        1301356	     64966	8000b2a2	02dc0563	beq	x24,x13,8000b2cc	 x24:0x00000000 x13:0xa0000000
        1301376	     64967	8000b2a6	01ae74b3	and	x9,x28,x26	 x28:0x269fc3a0 x26:0xfffffb4a  x9=0x269fc300
        1301396	     64968	8000b2aa	8ee5	c.and	x13,x9	 x13:0xa0000000  x9:0x269fc300 x13=0x20000000
        1301736	     64985	8000b2ac	00bd18b3	sll	x17,x26,x11	 x26:0xfffffb4a x11:0x00000000 x17=0xfffffb4a
        1301896	     64993	8000b2b0	0243ce63	blt	x7,x4,8000b2ec	  x7:0x00000090  x4:0x00000000
        1302056	     65001	8000b2b4	9331ac93	slti	x25,x3,-1741	  x3:0x00000001 x25=0x00000000
        1302296	     65013	8000b2b8	8706	c.mv	x14,x1	  x0:0x00000000  x1:0x00000000 x14=0x00000000
        1302316	     65014	8000b2ba	8c45	c.or	x8,x9	  x8:0xa0000000  x9:0x269fc300  x8=0xa69fc300
        1302356	     65016	8000b2bc	00b0b1b3	sltu	x3,x1,x11	  x1:0x00000000 x11:0x00000000  x3=0x00000000
        1302376	     65017	8000b2c0	01c811b3	sll	x3,x16,x28	 x16:0x80021e50 x28:0x269fc3a0  x3=0x80021e50
        1302576	     65027	8000b2c4	74d2ca93	xori	x21,x5,1869	  x5:0x269fc3a0 x21=0x269fc4ed
        1302996	     65048	8000b2c8	c305	c.beqz	x14,8000b2e8	 x14:0x00000000
        1303356	     65066	8000b2e8	00515c33	srl	x24,x2,x5	  x2:0x80025cef  x5:0x269fc3a0 x24=0x80025cef
        1303376	     65067	8000b2ec	8a9d	c.andi	x13,7	 x13:0x20000000 x13=0x00000000
        1303396	     65068	8000b2ee	93d03293	sltiu	x5,x0,-1731	  x0:0x00000000  x5=0x00000001
        1303676	     65082	8000b2f2	3015f4b7	lui	x9,0x3015f	  x9=0x3015f000
        1303696	     65083	8000b2f6	010df0b3	and	x1,x27,x16	 x27:0x199c6290 x16:0x80021e50  x1=0x00000210
        1303796	     65088	8000b2fa	019abcb3	sltu	x25,x21,x25	 x21:0x269fc4ed x25:0x00000000 x25=0x00000000
        1303816	     65089	8000b2fe	0ff0000f	fence	iorw,iorw	
        1304236	     65110	8000b302	3405b0f3	csrrc	x1,mscratch,x11	 x11:0x00000000  x1=0x00000000
        1304536	     65125	8000b306	007d73b3	and	x7,x26,x7	 x26:0xfffffb4a  x7:0x00000090  x7=0x00000000
        1304556	     65126	8000b30a	2ee0c837	lui	x16,0x2ee0c	 x16=0x2ee0c000
        1305436	     65170	8000b30e	030bf033	remu	x0,x23,x16	 x23:0x269fc3ed x16:0x2ee0c000  x0=0x00000000
        1305476	     65172	8000b312	0391d3b3	divu	x7,x3,x25	  x3:0x80021e50 x25:0x00000000  x7=0xffffffff
        1305496	     65173	8000b316	4cd80eb7	lui	x29,0x4cd80	 x29=0x4cd80000
        1305516	     65174	8000b31a	018ab133	sltu	x2,x21,x24	 x21:0x269fc4ed x24:0x80025cef  x2=0x00000001
        1305556	     65176	8000b31e	03c911b3	mulh	x3,x18,x28	 x18:0x7fffe2ec x28:0x269fc3a0  x3=0x134fdd6c
        1305576	     65177	8000b322	8639	c.srai	x12,0xe	 x12:0x80025cfe x12=0xfffe0009
        1305596	     65178	8000b324	0000100f	fence.i	
        1305876	     65192	8000b328	03a41db3	mulh	x27,x8,x26	  x8:0xa69fc300 x26:0xfffffb4a x27=0x000001a5
        1305896	     65193	8000b32c	88b2	c.mv	x17,x12	  x0:0x00000000 x12:0xfffe0009 x17=0xfffe0009
        1305916	     65194	8000b32e	0945	c.addi	x18,17	 x18:0x7fffe2ec x18=0x7fffe2fd
        1305936	     65195	8000b330	031488b3	mul	x17,x9,x17	  x9:0x3015f000 x17:0xfffe0009 x17=0xd0c57000
        1305956	     65196	8000b334	00417c33	and	x24,x2,x4	  x2:0x00000001  x4:0x00000000 x24=0x00000000
        1305976	     65197	8000b338	f8d70d93	addi	x27,x14,-115	 x14:0x00000000 x27=0xffffff8d
        1305996	     65198	8000b33c	0172e633	or	x12,x5,x23	  x5:0x00000001 x23:0x269fc3ed x12=0x269fc3ed
        1306416	     65219	8000b340	00f922b3	slt	x5,x18,x15	 x18:0x7fffe2fd x15:0x00000000  x5=0x00000000
        1306436	     65220	8000b344	02858933	mul	x18,x11,x8	 x11:0x00000000  x8:0xa69fc300 x18=0x00000000
        1307576	     65277	8000b348	02767033	remu	x0,x12,x7	 x12:0x269fc3ed  x7:0xffffffff  x0=0x00000000
        1307596	     65278	8000b34c	01fa9d33	sll	x26,x21,x31	 x21:0x269fc4ed x31:0x80025ce4 x26=0x69fc4ed0
        1307616	     65279	8000b350	000e7033	and	x0,x28,x0	 x28:0x269fc3a0  x0:0x00000000  x0=0x00000000
        1307636	     65280	8000b354	ce05	c.beqz	x12,8000b38c	 x12:0x269fc3ed
        1307676	     65282	8000b356	032dc133	div	x2,x27,x18	 x27:0xffffff8d x18:0x00000000  x2=0xffffffff
        1307696	     65283	8000b35a	03fb8363	beq	x23,x31,8000b380	 x23:0x269fc3ed x31:0x80025ce4
        1307716	     65284	8000b35e	0001	c.addi	x0,0	  x0:0x00000000  x0=0x00000000
        1307756	     65286	8000b360	03db1233	mulh	x4,x22,x29	 x22:0x00000000 x29:0x4cd80000  x4=0x00000000
        1307996	     65298	8000b364	34007af3	csrrci	x21,mscratch,0	 x21=0x00000000
        1308016	     65299	8000b368	34029973	csrrw	x18,mscratch,x5	  x5:0x00000000 x18=0x00000000
        1308216	     65309	8000b36c	34003df3	csrrc	x27,mscratch,x0	  x0:0x00000000 x27=0x00000000
        1308556	     65326	8000b370	34003d73	csrrc	x26,mscratch,x0	  x0:0x00000000 x26=0x00000000
        1308876	     65342	8000b374	01d68133	add	x2,x13,x29	 x13:0x00000000 x29:0x4cd80000  x2=0x4cd80000
        1308916	     65344	8000b378	0357fab3	remu	x21,x15,x21	 x15:0x00000000 x21:0x00000000 x21=0x00000000
        1308936	     65345	8000b37c	02fd0db3	mul	x27,x26,x15	 x26:0x00000000 x15:0x00000000 x27=0x00000000
        1308996	     65348	8000b380	3ad21d37	lui	x26,0x3ad21	 x26=0x3ad21000
        1309016	     65349	8000b384	34006f73	csrrsi	x30,mscratch,0	 x30=0x00000000
        1309296	     65363	8000b388	01bba9b3	slt	x19,x23,x27	 x23:0x269fc3ed x27:0x00000000 x19=0x00000000
        1309476	     65372	8000b38c	4163d5b3	sra	x11,x7,x22	  x7:0xffffffff x22:0x00000000 x11=0xffffffff
        1310216	     65409	8000b390	0316f7b3	remu	x15,x13,x17	 x13:0x00000000 x17:0xd0c57000 x15=0x00000000
        1310236	     65410	8000b394	018147b3	xor	x15,x2,x24	  x2:0x4cd80000 x24:0x00000000 x15=0x4cd80000
        1310276	     65412	8000b398	025ec4b3	div	x9,x29,x5	 x29:0x4cd80000  x5:0x00000000  x9=0xffffffff
        1310296	     65413	8000b39c	8cfd	c.and	x9,x15	  x9:0xffffffff x15:0x4cd80000  x9=0x4cd80000
        1310376	     65417	8000b39e	00061413	slli	x8,x12,0x0	 x12:0x269fc3ed  x8=0x269fc3ed
        1310396	     65418	8000b3a2	01b54f33	xor	x30,x10,x27	 x10:0x00000001 x27:0x00000000 x30=0x00000001
        1310816	     65439	8000b3a6	007b9e63	bne	x23,x7,8000b3c2	 x23:0x269fc3ed  x7:0xffffffff
        1311896	     65493	8000b3c2	4845	c.li	x16,17	 x16=0x00000011
        1312116	     65504	8000b3c4	340031f3	csrrc	x3,mscratch,x0	  x0:0x00000000  x3=0x00000000
        1312516	     65524	8000b3c8	904289b7	lui	x19,0x90428	 x19=0x90428000
        1312536	     65525	8000b3cc	8e0d	c.sub	x12,x11	 x12:0x269fc3ed x11:0xffffffff x12=0x269fc3ee
        1312556	     65526	8000b3ce	0001	c.addi	x0,0	  x0:0x00000000  x0=0x00000000
        1312596	     65528	8000b3d0	02394433	div	x8,x18,x3	 x18:0x00000000  x3:0x00000000  x8=0xffffffff
        1312616	     65529	8000b3d4	01efcc33	xor	x24,x31,x30	 x31:0x80025ce4 x30:0x00000001 x24=0x80025ce5
        1312636	     65530	8000b3d8	0171cf33	xor	x30,x3,x23	  x3:0x00000000 x23:0x269fc3ed x30=0x269fc3ed
        1312656	     65531	8000b3dc	046e4797	auipc	x15,0x46e4	 x15=0x846ef3dc
        1312676	     65532	8000b3e0	4bf25eb7	lui	x29,0x4bf25	 x29=0x4bf25000
        1312696	     65533	8000b3e4	011e7b33	and	x22,x28,x17	 x28:0x269fc3a0 x17:0xd0c57000 x22=0x00854000
        1312956	     65546	8000b3e8	415fd293	srai	x5,x31,0x15	 x31:0x80025ce4  x5=0xfffffc00
        1313376	     65567	8000b3ec	8d95	c.sub	x11,x13	 x11:0xffffffff x13:0x00000000 x11=0xffffffff
        1313756	     65586	8000b3ee	95edfc93	andi	x25,x27,-1698	 x27:0x00000000 x25=0x00000000
        1313776	     65587	8000b3f2	9ea6	c.add	x29,x9	 x29:0x4bf25000  x9:0x4cd80000 x29=0x98ca5000
        1313796	     65588	8000b3f4	017b00b3	add	x1,x22,x23	 x22:0x00854000 x23:0x269fc3ed  x1=0x272503ed
        1313956	     65596	8000b3f8	340ddd73	csrrwi	x26,mscratch,27	 x26=0x00000000
        1313976	     65597	8000b3fc	0001	c.addi	x0,0	  x0:0x00000000  x0=0x00000000
        1313996	     65598	8000b3fe	65a5	c.lui	x11,0x9	 x11=0x00009000
        1314176	     65607	8000b400	0322b733	mulhu	x14,x5,x18	  x5:0xfffffc00 x18:0x00000000 x14=0x00000000
        1314576	     65627	8000b404	14fd	c.addi	x9,-1	  x9:0x4cd80000  x9=0x4cd7ffff
        1314596	     65628	8000b406	404880b3	sub	x1,x17,x4	 x17:0xd0c57000  x4:0x00000000  x1=0xd0c57000
        1314616	     65629	8000b40a	001bc6b3	xor	x13,x23,x1	 x23:0x269fc3ed  x1:0xd0c57000 x13=0xf65ab3ed
        1314636	     65630	8000b40e	34007d73	csrrci	x26,mscratch,0	 x26=0x0000001b
        1314656	     65631	8000b412	af00dab7	lui	x21,0xaf00d	 x21=0xaf00d000
        1314776	     65637	8000b416	02349933	mulh	x18,x9,x3	  x9:0x4cd7ffff  x3:0x00000000 x18=0x00000000
        1326056	     66201	8000b41a	014a2133	slt	x2,x20,x20	 x20:0x00000000 x20:0x00000000  x2=0x00000000
        1326076	     66202	8000b41e	3405e873	csrrsi	x16,mscratch,11	 x16=0x0000001b
        1326096	     66203	8000b422	34089773	csrrw	x14,mscratch,x17	 x17:0xd0c57000 x14=0x0000001b
        1326116	     66204	8000b426	197e9217	auipc	x4,0x197e9	  x4=0x997f4426
        1326136	     66205	8000b42a	01677a33	and	x20,x14,x22	 x14:0x0000001b x22:0x00854000 x20=0x00000000
        1326156	     66206	8000b42e	8fb1	c.xor	x15,x12	 x15:0x846ef3dc x12:0x269fc3ee x15=0xa2f13032
        1326216	     66209	8000b430	01b4c933	xor	x18,x9,x27	  x9:0x4cd7ffff x27:0x00000000 x18=0x4cd7ffff
        1326236	     66210	8000b434	000e83b3	add	x7,x29,x0	 x29:0x98ca5000  x0:0x00000000  x7=0x98ca5000
        1326256	     66211	8000b438	0171a833	slt	x16,x3,x23	  x3:0x00000000 x23:0x269fc3ed x16=0x00000001
        1326536	     66225	8000b43c	00dfd693	srli	x13,x31,0xd	 x31:0x80025ce4 x13=0x00040012
        1326556	     66226	8000b440	8c3d	c.xor	x8,x15	  x8:0xffffffff x15:0xa2f13032  x8=0x5d0ecfcd
        1326576	     66227	8000b442	0ff0000f	fence	iorw,iorw	
        1326596	     66228	8000b446	015fd5b3	srl	x11,x31,x21	 x31:0x80025ce4 x21:0xaf00d000 x11=0x80025ce4
        1327016	     66249	8000b44a	00738563	beq	x7,x7,8000b454	  x7:0x98ca5000  x7:0x98ca5000
        1327456	     66271	8000b454	157d	c.addi	x10,-1	 x10:0x00000001 x10=0x00000000
        1327476	     66272	8000b456	6171	c.addi16sp	x2,336	  x2:0x00000000  x2=0x00000150
        1327676	     66282	8000b458	00f49b13	slli	x22,x9,0xf	  x9:0x4cd7ffff x22=0xffff8000
        1327696	     66283	8000b45c	40e7d1b3	sra	x3,x15,x14	 x15:0xa2f13032 x14:0x0000001b  x3=0xfffffff4
        1328716	     66334	8000b460	02ce6c33	rem	x24,x28,x12	 x28:0x269fc3a0 x12:0x269fc3ee x24=0x269fc3a0
        1328736	     66335	8000b464	083d	c.addi	x16,15	 x16:0x00000001 x16=0x00000010
        1328756	     66336	8000b466	34037cf3	csrrci	x25,mscratch,6	 x25=0xd0c57000
        1328776	     66337	8000b46a	4118d713	srai	x14,x17,0x11	 x17:0xd0c57000 x14=0xffffe862
        1328796	     66338	8000b46e	9f09a613	slti	x12,x19,-1552	 x19:0x90428000 x12=0x00000001
        1328816	     66339	8000b472	0885	c.addi	x17,1	 x17:0xd0c57000 x17=0xd0c57001
        1328836	     66340	8000b474	03d8e763	bltu	x17,x29,8000b4a2	 x17:0xd0c57001 x29:0x98ca5000
        1328856	     66341	8000b478	8b5a	c.mv	x22,x22	  x0:0x00000000 x22:0xffff8000 x22=0xffff8000
        1328876	     66342	8000b47a	3406d7f3	csrrwi	x15,mscratch,13	 x15=0xd0c57000
        1328916	     66344	8000b47e	03f518b3	mulh	x17,x10,x31	 x10:0x00000000 x31:0x80025ce4 x17=0x00000000
        1329316	     66364	8000b482	01d75c33	srl	x24,x14,x29	 x14:0xffffe862 x29:0x98ca5000 x24=0xffffe862
        1329516	     66374	8000b486	00010c63	beq	x2,x0,8000b49e	  x2:0x00000150  x0:0x00000000
        1330416	     66419	8000b48a	02deed33	rem	x26,x29,x13	 x29:0x98ca5000 x13:0x00040012 x26=0xfffc2058
        1330436	     66420	8000b48e	3408a7f3	csrrs	x15,mscratch,x17	 x17:0x00000000 x15=0x0000000d
        1330456	     66421	8000b492	40100b33	sub	x22,x0,x1	  x0:0x00000000  x1:0xd0c57000 x22=0x2f3a9000
        1330476	     66422	8000b496	0196d493	srli	x9,x13,0x19	 x13:0x00040012  x9=0x00000000
        1330736	     66435	8000b49a	00e3c3b3	xor	x7,x7,x14	  x7:0x98ca5000 x14:0xffffe862  x7=0x6735b862
        1330816	     66439	8000b49e	6a706793	ori	x15,x0,1703	  x0:0x00000000 x15=0x000006a7
        1330856	     66441	8000b4a2	a4a2e393	ori	x7,x5,-1462	  x5:0xfffffc00  x7=0xfffffe4a
        1331056	     66451	8000b4a6	340077f3	csrrci	x15,mscratch,0	 x15=0x0000000d
        1331076	     66452	8000b4aa	98087e97	auipc	x29,0x98087	 x29=0x180924aa
        1332016	     66499	8000b4ae	0279d7b3	divu	x15,x19,x7	 x19:0x90428000  x7:0xfffffe4a x15=0x00000000
        1332036	     66500	8000b4b2	34019473	csrrw	x8,mscratch,x3	  x3:0xfffffff4  x8=0x0000000d
        1332056	     66501	8000b4b6	926de513	ori	x10,x27,-1754	 x27:0x00000000 x10=0xfffff926
        1332076	     66502	8000b4ba	04bf1063	bne	x30,x11,8000b4fa	 x30:0x269fc3ed x11:0x80025ce4
        1333396	     66568	8000b4fa	02c65733	divu	x14,x12,x12	 x12:0x00000001 x12:0x00000001 x14=0x00000001
        1333416	     66569	8000b4fe	cda3ab13	slti	x22,x7,-806	  x7:0xfffffe4a x22=0x00000000
        1333436	     66570	8000b502	01facb63	blt	x21,x31,8000b518	 x21:0xaf00d000 x31:0x80025ce4
        1333456	     66571	8000b506	04efd063	bge	x31,x14,8000b546	 x31:0x80025ce4 x14:0x00000001
        1333476	     66572	8000b50a	d51e8913	addi	x18,x29,-687	 x29:0x180924aa x18=0x180921fb
        1333496	     66573	8000b50e	95ce	c.add	x11,x19	 x11:0x80025ce4 x19:0x90428000 x11=0x1044dce4
        1333516	     66574	8000b510	004d6433	or	x8,x26,x4	 x26:0xfffc2058  x4:0x997f4426  x8=0xffff647e
        1333536	     66575	8000b514	02d78eb3	mul	x29,x15,x13	 x15:0x00000000 x13:0x00040012 x29=0x00000000
        1333956	     66596	8000b518	6155	c.addi16sp	x2,304	  x2:0x00000150  x2=0x00000280
        1333976	     66597	8000b51a	01828563	beq	x5,x24,8000b524	  x5:0xfffffc00 x24:0xffffe862
        1333996	     66598	8000b51e	e405	c.bnez	x8,8000b546	  x8:0xffff647e
        1334356	     66616	8000b546	c289	c.beqz	x13,8000b548	 x13:0x00040012
        1334616	     66629	8000b548	40a95013	srai	x0,x18,0xa	 x18:0x180921fb  x0=0x00000000
        1334636	     66630	8000b54c	34095f73	csrrwi	x30,mscratch,18	 x30=0xfffffff4
        1334756	     66636	8000b550	340035f3	csrrc	x11,mscratch,x0	  x0:0x00000000 x11=0x00000012
        1334916	     66644	8000b554	41725f33	sra	x30,x4,x23	  x4:0x997f4426 x23:0x269fc3ed x30=0xfffccbfa
        1335076	     66652	8000b558	01061963	bne	x12,x16,8000b56a	 x12:0x00000001 x16:0x00000010
        1335796	     66688	8000b56a	01bf7db3	and	x27,x30,x27	 x30:0xfffccbfa x27:0x00000000 x27=0x00000000
        1335816	     66689	8000b56e	01a28533	add	x10,x5,x26	  x5:0xfffffc00 x26:0xfffc2058 x10=0xfffc1c58
        1335856	     66691	8000b572	4025da33	sra	x20,x11,x2	 x11:0x00000012  x2:0x00000280 x20=0x00000012
        1336096	     66703	8000b576	00a34c33	xor	x24,x6,x10	  x6:0x80021e50 x10:0xfffc1c58 x24=0x7ffe0208
        1336116	     66704	8000b57a	c989	c.beqz	x11,8000b58c	 x11:0x00000012
        1336276	     66712	8000b57c	e48d	c.bnez	x9,8000b5a6	  x9:0x00000000
        1336296	     66713	8000b57e	018ddd33	srl	x26,x27,x24	 x27:0x00000000 x24:0x7ffe0208 x26=0x00000000
        1336636	     66730	8000b582	010ba6b3	slt	x13,x23,x16	 x23:0x269fc3ed x16:0x00000010 x13=0x00000000
        1337376	     66767	8000b586	0277f633	remu	x12,x15,x7	 x15:0x00000000  x7:0xfffffe4a x12=0x00000000
        1337396	     66768	8000b58a	84ca	c.mv	x9,x18	  x0:0x00000000 x18:0x180921fb  x9=0x180921fb
        1337416	     66769	8000b58c	951a	c.add	x10,x6	 x10:0xfffc1c58  x6:0x80021e50 x10=0x7ffe3aa8
        1337436	     66770	8000b58e	a3f1e693	ori	x13,x3,-1473	  x3:0xfffffff4 x13=0xffffffff
        1337456	     66771	8000b592	41775113	srai	x2,x14,0x17	 x14:0x00000001  x2=0x00000000
        1338196	     66808	8000b596	02b05233	divu	x4,x0,x11	  x0:0x00000000 x11:0x00000012  x4=0x00000000
        1338216	     66809	8000b59a	8d55	c.or	x10,x13	 x10:0x7ffe3aa8 x13:0xffffffff x10=0xffffffff
        1338236	     66810	8000b59c	0001	c.addi	x0,0	  x0:0x00000000  x0=0x00000000
        1338256	     66811	8000b59e	01aa	c.slli	x3,0xa	  x3:0xfffffff4  x3=0xffffd000
        1338276	     66812	8000b5a0	66ed	c.lui	x13,0x1b	 x13=0x0001b000
        1338296	     66813	8000b5a2	0001	c.addi	x0,0	  x0:0x00000000  x0=0x00000000
        1338316	     66814	8000b5a4	962a	c.add	x12,x10	 x12:0x00000000 x10:0xffffffff x12=0xffffffff
        1338336	     66815	8000b5a6	8fa1	c.xor	x15,x8	 x15:0x00000000  x8:0xffff647e x15=0xffff647e
        1338356	     66816	8000b5a8	ac1228b7	lui	x17,0xac122	 x17=0xac122000
        1338376	     66817	8000b5ac	41d402b3	sub	x5,x8,x29	  x8:0xffff647e x29:0x00000000  x5=0xffff647e
        1338756	     66836	8000b5b0	0001	c.addi	x0,0	  x0:0x00000000  x0=0x00000000
        1338856	     66841	8000b5b2	340291f3	csrrw	x3,mscratch,x5	  x5:0xffff647e  x3=0x00000012
        1338876	     66842	8000b5b6	00475d63	bge	x14,x4,8000b5d0	 x14:0x00000001  x4:0x00000000
        1339236	     66860	8000b5d0	00f4a633	slt	x12,x9,x15	  x9:0x180921fb x15:0xffff647e x12=0x00000000
        1339256	     66861	8000b5d4	8e3d	c.xor	x12,x15	 x12:0x00000000 x15:0xffff647e x12=0xffff647e
        1339396	     66868	8000b5d6	0000100f	fence.i	
        1341156	     66956	8000b5da	034072b3	remu	x5,x0,x20	  x0:0x00000000 x20:0x00000012  x5=0x00000000
        1341176	     66957	8000b5de	8965	c.andi	x10,25	 x10:0xffffffff x10=0x00000019
        1341196	     66958	8000b5e0	8fbd	c.xor	x15,x15	 x15:0xffff647e x15:0xffff647e x15=0x00000000
        1341216	     66959	8000b5e2	00a91033	sll	x0,x18,x10	 x18:0x180921fb x10:0x00000019  x0=0x00000000
        1341236	     66960	8000b5e6	c3788a93	addi	x21,x17,-969	 x17:0xac122000 x21=0xac121c37
        1341256	     66961	8000b5ea	00b2bdb3	sltu	x27,x5,x11	  x5:0x00000000 x11:0x00000012 x27=0x00000001
        1341456	     66971	8000b5ee	004217b3	sll	x15,x4,x4	  x4:0x00000000  x4:0x00000000 x15=0x00000000
        1341476	     66972	8000b5f2	40aa0733	sub	x14,x20,x10	 x20:0x00000012 x10:0x00000019 x14=0xfffffff9
        1341496	     66973	8000b5f6	070c	c.addi4spn	x11,x2,896	 x11=0x00000380
        1341516	     66974	8000b5f8	01bc8a33	add	x20,x25,x27	 x25:0xd0c57000 x27:0x00000001 x20=0xd0c57001
        1341536	     66975	8000b5fc	340a5c73	csrrwi	x24,mscratch,20	 x24=0xffff647e
        1341556	     66976	8000b600	0001	c.addi	x0,0	  x0:0x00000000  x0=0x00000000
        1341576	     66977	8000b602	bd3d3593	sltiu	x11,x26,-1069	 x26:0x00000000 x11=0x00000001
        1341596	     66978	8000b606	c71d	c.beqz	x14,8000b634	 x14:0xfffffff9
        1341616	     66979	8000b608	8f1d	c.sub	x14,x15	 x14:0xfffffff9 x15:0x00000000 x14=0xfffffff9
        1341636	     66980	8000b60a	e0b9	c.bnez	x9,8000b650	  x9:0x180921fb
        1342436	     67020	8000b650	013ee563	bltu	x29,x19,8000b65a	 x29:0x00000000 x19:0x90428000
        1342656	     67031	8000b65a	c819	c.beqz	x8,8000b670	  x8:0xffff647e
        1342676	     67032	8000b65c	42ed	c.li	x5,27	  x5=0x0000001b
        1342856	     67041	8000b65e	34006673	csrrsi	x12,mscratch,0	 x12=0x00000014
        1342876	     67042	8000b662	8426	c.mv	x8,x9	  x0:0x00000000  x9:0x180921fb  x8=0x180921fb
        1342896	     67043	8000b664	3404d6f3	csrrwi	x13,mscratch,9	 x13=0x00000014
        1342916	     67044	8000b668	40835d93	srai	x27,x6,0x8	  x6:0x80021e50 x27=0xff80021e
        1342936	     67045	8000b66c	03fd9d63	bne	x27,x31,8000b6a6	 x27:0xff80021e x31:0x80025ce4
        1344016	     67099	8000b6a6	01e4b7b3	sltu	x15,x9,x30	  x9:0x180921fb x30:0xfffccbfa x15=0x00000001
        1344416	     67119	8000b6aa	40b25c13	srai	x24,x4,0xb	  x4:0x00000000 x24=0x00000000
        1345236	     67160	8000b6ae	03f74833	div	x16,x14,x31	 x14:0xfffffff9 x31:0x80025ce4 x16=0x00000000
        1345256	     67161	8000b6b2	01629933	sll	x18,x5,x22	  x5:0x0000001b x22:0x00000000 x18=0x0000001b
        1345296	     67163	8000b6b6	03342133	mulhsu	x2,x8,x19	  x8:0x180921fb x19:0x90428000  x2=0x0d8b617c
        1345396	     67168	8000b6ba	03452233	mulhsu	x4,x10,x20	 x10:0x00000019 x20:0xd0c57001  x4=0x00000014
        1345496	     67173	8000b6be	c02ca613	slti	x12,x25,-1022	 x25:0xd0c57000 x12=0x00000001
        1345516	     67174	8000b6c2	fef00a17	auipc	x20,0xfef00	 x20=0x7ef0b6c2
        1345536	     67175	8000b6c6	0ba2	c.slli	x23,0x8	 x23:0x269fc3ed x23=0x9fc3ed00
        1345716	     67184	8000b6c8	35fb4693	xori	x13,x22,863	 x22:0x00000000 x13=0x0000035f
        1345856	     67191	8000b6cc	8d3d	c.xor	x10,x15	 x10:0x00000019 x15:0x00000001 x10=0x00000018
        1345876	     67192	8000b6ce	6839	c.lui	x16,0xe	 x16=0x0000e000
        1345896	     67193	8000b6d0	0026dd93	srli	x27,x13,0x2	 x13:0x0000035f x27=0x000000d7
        1345916	     67194	8000b6d4	000aceb3	xor	x29,x21,x0	 x21:0xac121c37  x0:0x00000000 x29=0xac121c37
        1345956	     67196	8000b6d8	034097b3	mulh	x15,x1,x20	  x1:0xd0c57000 x20:0x7ef0b6c2 x15=0xe894c481
        1345976	     67197	8000b6dc	c185	c.beqz	x11,8000b6fc	 x11:0x00000001
        1345996	     67198	8000b6de	e3b1	c.bnez	x15,8000b722	 x15:0xe894c481
        1346336	     67215	8000b722	013a13b3	sll	x7,x20,x19	 x20:0x7ef0b6c2 x19:0x90428000  x7=0x7ef0b6c2
        1346356	     67216	8000b726	0009f9b3	and	x19,x19,x0	 x19:0x90428000  x0:0x00000000 x19=0x00000000
        1346776	     67237	8000b72a	9c8a6913	ori	x18,x20,-1592	 x20:0x7ef0b6c2 x18=0xffffffca
        1346796	     67238	8000b72e	9a7d	c.andi	x12,-1	 x12:0x00000001 x12=0x00000001
        1346816	     67239	8000b730	8e8d	c.sub	x13,x11	 x13:0x0000035f x11:0x00000001 x13=0x0000035e
        1346836	     67240	8000b732	00876633	or	x12,x14,x8	 x14:0xfffffff9  x8:0x180921fb x12=0xfffffffb
        1347056	     67251	8000b736	06a58893	addi	x17,x11,106	 x11:0x00000001 x17=0x0000006b
        1347076	     67252	8000b73a	18fd	c.addi	x17,-1	 x17:0x0000006b x17=0x0000006a
        1347096	     67253	8000b73c	340d3af3	csrrc	x21,mscratch,x26	 x26:0x00000000 x21=0x00000009
        1347956	     67296	8000b740	035e54b3	divu	x9,x28,x21	 x28:0x269fc3a0 x21:0x00000009  x9=0x044aa3f5
        1348696	     67333	8000b744	02185db3	divu	x27,x16,x1	 x16:0x0000e000  x1:0xd0c57000 x27=0x00000000
        1348716	     67334	8000b748	413b5933	sra	x18,x22,x19	 x22:0x00000000 x19:0x00000000 x18=0x00000000
        1348736	     67335	8000b74c	0001	c.addi	x0,0	  x0:0x00000000  x0=0x00000000
        1348756	     67336	8000b74e	01e970b3	and	x1,x18,x30	 x18:0x00000000 x30:0xfffccbfa  x1=0x00000000
        1348776	     67337	8000b752	34002673	csrrs	x12,mscratch,x0	  x0:0x00000000 x12=0x00000009
        1348816	     67339	8000b756	02c296b3	mulh	x13,x5,x12	  x5:0x0000001b x12:0x00000009 x13=0x00000000
        1348836	     67340	8000b75a	03d3c763	blt	x7,x29,8000b788	  x7:0x7ef0b6c2 x29:0xac121c37
        1348856	     67341	8000b75e	007bd113	srli	x2,x23,0x7	 x23:0x9fc3ed00  x2=0x013f87da
        1348876	     67342	8000b762	0000100f	fence.i	
        1349676	     67382	8000b766	517d	c.li	x2,-1	  x2=0xffffffff
        1349876	     67392	8000b768	03e80263	beq	x16,x30,8000b78c	 x16:0x0000e000 x30:0xfffccbfa
        1350036	     67400	8000b76c	c229	c.beqz	x12,8000b7ae	 x12:0x00000009
        1350056	     67401	8000b76e	717d	c.addi16sp	x2,-16	  x2:0xffffffff  x2=0xffffffef
        1350076	     67402	8000b770	34096a73	csrrsi	x20,mscratch,18	 x20=0x00000009
        1350136	     67405	8000b774	03daaeb3	mulhsu	x29,x21,x29	 x21:0x00000009 x29:0xac121c37 x29=0x00000006
        1350236	     67410	8000b778	340070f3	csrrci	x1,mscratch,0	  x1=0x0000001b
        1350256	     67411	8000b77c	043c9363	bne	x25,x3,8000b7c2	 x25:0xd0c57000  x3:0x00000012
        1411176	     70457	8000b7c2	8835	c.andi	x8,13	  x8:0x180921fb  x8=0x00000009
        1411196	     70458	8000b7c4	0001	c.addi	x0,0	  x0:0x00000000  x0=0x00000000
        1411216	     70459	8000b7c6	6ea34bb7	lui	x23,0x6ea34	 x23=0x6ea34000
        1411236	     70460	8000b7ca	9dc33193	sltiu	x3,x6,-1572	  x6:0x80021e50  x3=0x00000001
        1411256	     70461	8000b7ce	717d	c.addi16sp	x2,-16	  x2:0xffffffef  x2=0xffffffdf
        1411276	     70462	8000b7d0	8111	c.srli	x10,0x4	 x10:0x00000018 x10=0x00000001
        1411296	     70463	8000b7d2	830d	c.srli	x14,0x3	 x14:0xfffffff9 x14=0x1fffffff
        1411316	     70464	8000b7d4	0393d063	bge	x7,x25,8000b7f4	  x7:0x7ef0b6c2 x25:0xd0c57000
        1411976	     70497	8000b7f4	94cb9c17	auipc	x24,0x94cb9	 x24=0x14cc47f4
        1412056	     70501	8000b7f8	00ed6663	bltu	x26,x14,8000b804	 x26:0x00000000 x14:0x1fffffff
        1413336	     70565	8000b804	03679633	mulh	x12,x15,x22	 x15:0xe894c481 x22:0x00000000 x12=0x00000000
        1413516	     70574	8000b808	03b9a233	mulhsu	x4,x19,x27	 x19:0x00000000 x27:0x00000000  x4=0x00000000
        1413916	     70594	8000b80c	415f8eb3	sub	x29,x31,x21	 x31:0x80025ce4 x21:0x00000009 x29=0x80025cdb
        1414276	     70612	8000b810	0039a933	slt	x18,x19,x3	 x19:0x00000000  x3:0x00000001 x18=0x00000001
        1414396	     70618	8000b814	0c0afd37	lui	x26,0xc0af	 x26=0x0c0af000
        1414676	     70632	8000b818	071e	c.slli	x14,0x7	 x14:0x1fffffff x14=0xffffff80
        1415096	     70653	8000b81a	00017f33	and	x30,x2,x0	  x2:0xffffffdf  x0:0x00000000 x30=0x00000000
        1415116	     70654	8000b81e	03586463	bltu	x16,x21,8000b846	 x16:0x0000e000 x21:0x00000009
        1415136	     70655	8000b822	4089dbb3	sra	x23,x19,x8	 x19:0x00000000  x8:0x00000009 x23=0x00000000
        1415156	     70656	8000b826	41be5833	sra	x16,x28,x27	 x28:0x269fc3a0 x27:0x00000000 x16=0x269fc3a0
        1415216	     70659	8000b82a	0000100f	fence.i	
        1415756	     70686	8000b82e	01733a33	sltu	x20,x6,x23	  x6:0x80021e50 x23:0x00000000 x20=0x00000000
        1415816	     70689	8000b832	01ad13b3	sll	x7,x26,x26	 x26:0x0c0af000 x26:0x0c0af000  x7=0x0c0af000
        1415836	     70690	8000b836	be7ab117	auipc	x2,0xbe7ab	  x2=0x3e7b6836
        1415876	     70692	8000b83a	0245a6b3	mulhsu	x13,x11,x4	 x11:0x00000001  x4:0x00000000 x13=0x00000000
        1415896	     70693	8000b83e	02168933	mul	x18,x13,x1	 x13:0x00000000  x1:0x0000001b x18=0x00000000
        1415916	     70694	8000b842	8d71	c.and	x10,x12	 x10:0x00000001 x12:0x00000000 x10=0x00000000
        1415936	     70695	8000b844	998e	c.add	x19,x3	 x19:0x00000000  x3:0x00000001 x19=0x00000001
        1415956	     70696	8000b846	4d61	c.li	x26,24	 x26=0x00000018
        1415976	     70697	8000b848	e295	c.bnez	x13,8000b86c	 x13:0x00000000
        1415996	     70698	8000b84a	40ca88b3	sub	x17,x21,x12	 x21:0x00000009 x12:0x00000000 x17=0x00000009
        1416156	     70706	8000b84e	0ff0000f	fence	iorw,iorw	
        1416256	     70711	8000b852	41300f33	sub	x30,x0,x19	  x0:0x00000000 x19:0x00000001 x30=0xffffffff
        1416276	     70712	8000b856	34031973	csrrw	x18,mscratch,x6	  x6:0x80021e50 x18=0x0000001b
        1416296	     70713	8000b85a	46b5	c.li	x13,13	 x13=0x0000000d
        1416436	     70720	8000b85c	812d	c.srli	x10,0xb	 x10:0x00000000 x10=0x00000000
        1416476	     70722	8000b85e	036b7563	bgeu	x22,x22,8000b888	 x22:0x00000000 x22:0x00000000
        1416876	     70742	8000b888	b22cab13	slti	x22,x25,-1246	 x25:0xd0c57000 x22=0x00000001
        1416936	     70745	8000b88c	8f65	c.and	x14,x9	 x14:0xffffff80  x9:0x044aa3f5 x14=0x044aa380
        1416956	     70746	8000b88e	41e45db3	sra	x27,x8,x30	  x8:0x00000009 x30:0xffffffff x27=0x00000000
        1417296	     70763	8000b892	95666713	ori	x14,x12,-1706	 x12:0x00000000 x14=0xfffff956
        1417356	     70766	8000b896	015cbab3	sltu	x21,x25,x21	 x25:0xd0c57000 x21:0x00000009 x21=0x00000000
        1417496	     70773	8000b89a	34061c73	csrrw	x24,mscratch,x12	 x12:0x00000000 x24=0x80021e50
        1417516	     70774	8000b89e	01277bb3	and	x23,x14,x18	 x14:0xfffff956 x18:0x0000001b x23=0x00000012
        1417636	     70780	8000b8a2	01c46db3	or	x27,x8,x28	  x8:0x00000009 x28:0x269fc3a0 x27=0x269fc3a9
        1417796	     70788	8000b8a6	00d5adb3	slt	x27,x11,x13	 x11:0x00000001 x13:0x0000000d x27=0x00000001
        1417876	     70792	8000b8aa	01f11e93	slli	x29,x2,0x1f	  x2:0x3e7b6836 x29=0x00000000
        1417896	     70793	8000b8ae	0001	c.addi	x0,0	  x0:0x00000000  x0=0x00000000
        1417976	     70797	8000b8b0	8dd9	c.or	x11,x14	 x11:0x00000001 x14:0xfffff956 x11=0xfffff957
        1418076	     70802	8000b8b2	406c8433	sub	x8,x25,x6	 x25:0xd0c57000  x6:0x80021e50  x8=0x50c351b0
        1418116	     70804	8000b8b6	03453db3	mulhu	x27,x10,x20	 x10:0x00000000 x20:0x00000000 x27=0x00000000
        1418136	     70805	8000b8ba	8f15	c.sub	x14,x13	 x14:0xfffff956 x13:0x0000000d x14=0xfffff949
        1418156	     70806	8000b8bc	7f268c13	addi	x24,x13,2034	 x13:0x0000000d x24=0x000007ff
        1418176	     70807	8000b8c0	4085d493	srai	x9,x11,0x8	 x11:0xfffff957  x9=0xfffffff9
        1418196	     70808	8000b8c4	00c3b033	sltu	x0,x7,x12	  x7:0x0c0af000 x12:0x00000000  x0=0x00000000
        1418356	     70816	8000b8c8	8305	c.srli	x14,0x1	 x14:0xfffff949 x14=0x7ffffca4
        1418556	     70826	8000b8ca	035c0c33	mul	x24,x24,x21	 x24:0x000007ff x21:0x00000000 x24=0x00000000
        1418756	     70836	8000b8ce	015e9ab3	sll	x21,x29,x21	 x29:0x00000000 x21:0x00000000 x21=0x00000000
        1418776	     70837	8000b8d2	0078ebb3	or	x23,x17,x7	 x17:0x00000009  x7:0x0c0af000 x23=0x0c0af009
        1418896	     70843	8000b8d6	005175b3	and	x11,x2,x5	  x2:0x3e7b6836  x5:0x0000001b x11=0x00000012
        1418936	     70845	8000b8da	025591b3	mulh	x3,x11,x5	 x11:0x00000012  x5:0x0000001b  x3=0x00000000
        1418956	     70846	8000b8de	340abd73	csrrc	x26,mscratch,x21	 x21:0x00000000 x26=0x00000000
        1418996	     70848	8000b8e2	02045c33	divu	x24,x8,x0	  x8:0x50c351b0  x0:0x00000000 x24=0xffffffff
        1419016	     70849	8000b8e6	0000100f	fence.i	
        1419516	     70874	8000b8ea	0000100f	fence.i	
        1419676	     70882	8000b8ee	0080fd63	bgeu	x1,x8,8000b908	  x1:0x0000001b  x8:0x50c351b0
        1419696	     70883	8000b8f2	3402a473	csrrs	x8,mscratch,x5	  x5:0x0000001b  x8=0x00000000
        1419716	     70884	8000b8f6	c581	c.beqz	x11,8000b8fe	 x11:0x00000012
        1419836	     70890	8000b8f8	396a8393	addi	x7,x21,918	 x21:0x00000000  x7=0x00000396
        1420036	     70900	8000b8fc	c3a1	c.beqz	x15,8000b93c	 x15:0xe894c481
        1420056	     70901	8000b8fe	1efd	c.addi	x29,-1	 x29:0x00000000 x29=0xffffffff
        1420076	     70902	8000b900	40865a33	sra	x20,x12,x8	 x12:0x00000000  x8:0x00000000 x20=0x00000000
        1420096	     70903	8000b904	f6de90b7	lui	x1,0xf6de9	  x1=0xf6de9000
        1420116	     70904	8000b908	0ff0000f	fence	iorw,iorw	
        1420136	     70905	8000b90c	6151	c.addi16sp	x2,272	  x2:0x3e7b6836  x2=0x3e7b6946
        1420156	     70906	8000b90e	c595	c.beqz	x11,8000b93a	 x11:0x00000012
        1420476	     70922	8000b910	83fa	c.mv	x7,x30	  x0:0x00000000 x30:0xffffffff  x7=0xffffffff
        1421216	     70959	8000b912	02274733	div	x14,x14,x2	 x14:0x7ffffca4  x2:0x3e7b6946 x14=0x00000002
        1421236	     70960	8000b916	027d0133	mul	x2,x26,x7	 x26:0x00000000  x7:0xffffffff  x2=0x00000000
        1421256	     70961	8000b91a	00f3d093	srli	x1,x7,0xf	  x7:0xffffffff  x1=0x0001ffff
        1421276	     70962	8000b91e	0001	c.addi	x0,0	  x0:0x00000000  x0=0x00000000
        1421296	     70963	8000b920	0ff0000f	fence	iorw,iorw	
        1421316	     70964	8000b924	99fd	c.andi	x11,-1	 x11:0x00000012 x11=0x00000012
        1421336	     70965	8000b926	016b0a33	add	x20,x22,x22	 x22:0x00000001 x22:0x00000001 x20=0x00000002
        1421356	     70966	8000b92a	41d10533	sub	x10,x2,x29	  x2:0x00000000 x29:0xffffffff x10=0x00000001
        1421376	     70967	8000b92e	d2df4c13	xori	x24,x30,-723	 x30:0xffffffff x24=0x000002d2
        1421416	     70969	8000b932	0253b133	mulhu	x2,x7,x5	  x7:0xffffffff  x5:0x0000001b  x2=0x0000001a
        1421616	     70979	8000b936	0078b433	sltu	x8,x17,x7	 x17:0x00000009  x7:0xffffffff  x8=0x00000001
        1421636	     70980	8000b93a	8255	c.srli	x12,0x15	 x12:0x00000000 x12=0x00000000
        1422436	     71020	8000b93c	02176a33	rem	x20,x14,x1	 x14:0x00000002  x1:0x0001ffff x20=0x00000002
        1422476	     71022	8000b940	02dc9f33	mulh	x30,x25,x13	 x25:0xd0c57000 x13:0x0000000d x30=0xfffffffd
        1422496	     71023	8000b944	8d0e	c.mv	x26,x3	  x0:0x00000000  x3:0x00000000 x26=0x00000000
        1422516	     71024	8000b946	015e5293	srli	x5,x28,0x15	 x28:0x269fc3a0  x5=0x00000134
        1422536	     71025	8000b94a	0098d913	srli	x18,x17,0x9	 x17:0x00000009 x18=0x00000000
        1422556	     71026	8000b94e	015e4d33	xor	x26,x28,x21	 x28:0x269fc3a0 x21:0x00000000 x26=0x269fc3a0
        1422796	     71038	8000b952	f2461e97	auipc	x29,0xf2461	 x29=0x7246c952
        1422816	     71039	8000b956	0000100f	fence.i	
        1424116	     71104	8000b95a	03e1bf33	mulhu	x30,x3,x30	  x3:0x00000000 x30:0xfffffffd x30=0x00000000
        1424136	     71105	8000b95e	8d99	c.sub	x11,x14	 x11:0x00000012 x14:0x00000002 x11=0x00000010
        1424476	     71122	8000b960	0021e1b3	or	x3,x3,x2	  x3:0x00000000  x2:0x0000001a  x3=0x0000001a
        1424836	     71140	8000b964	9b7d	c.andi	x14,-1	 x14:0x00000002 x14=0x00000002
        1425016	     71149	8000b966	0343a533	mulhsu	x10,x7,x20	  x7:0xffffffff x20:0x00000002 x10=0xffffffff
        1425776	     71187	8000b96a	023c6433	rem	x8,x24,x3	 x24:0x000002d2  x3:0x0000001a  x8=0x00000014
        1425796	     71188	8000b96e	028e1263	bne	x28,x8,8000b992	 x28:0x269fc3a0  x8:0x00000014
        1426296	     71213	8000b992	007ddc33	srl	x24,x27,x7	 x27:0x00000000  x7:0xffffffff x24=0x00000000
        1426316	     71214	8000b996	34003a73	csrrc	x20,mscratch,x0	  x0:0x00000000 x20=0x0000001b
        1426336	     71215	8000b99a	2eb27e93	andi	x29,x4,747	  x4:0x00000000 x29=0x00000000
        1426356	     71216	8000b99e	0f36	c.slli	x30,0xd	 x30:0x00000000 x30=0x00000000
        1426376	     71217	8000b9a0	05a8e263	bltu	x17,x26,8000b9e4	 x17:0x00000009 x26:0x269fc3a0
        1426796	     71238	8000b9e4	038c9563	bne	x25,x24,8000ba0e	 x25:0xd0c57000 x24:0x00000000
        1426876	     71242	8000ba0e	ff6c7b93	andi	x23,x24,-10	 x24:0x00000000 x23=0x00000000
        1427236	     71260	8000ba12	f7da8393	addi	x7,x21,-131	 x21:0x00000000  x7=0xffffff7d
        1427256	     71261	8000ba16	adc9b713	sltiu	x14,x19,-1316	 x19:0x00000001 x14=0x00000001
        1427276	     71262	8000ba1a	1300	c.addi4spn	x8,x2,416	  x8=0x000001ba
        1427676	     71282	8000ba1c	340d7df3	csrrci	x27,mscratch,26	 x27=0x0000001b
        1427696	     71283	8000ba20	89b5	c.andi	x11,13	 x11:0x00000010 x11=0x00000000
        1427736	     71285	8000ba22	02ecb7b3	mulhu	x15,x25,x14	 x25:0xd0c57000 x14:0x00000001 x15=0x00000000
        1427756	     71286	8000ba26	33f4ad13	slti	x26,x9,831	  x9:0xfffffff9 x26=0x00000001
        1427776	     71287	8000ba2a	0001	c.addi	x0,0	  x0:0x00000000  x0=0x00000000
        1427816	     71289	8000ba2c	4515	c.li	x10,5	 x10=0x00000005
        1427836	     71290	8000ba2e	81e2	c.mv	x3,x24	  x0:0x00000000 x24:0x00000000  x3=0x00000000
        1427996	     71298	8000ba30	8d59	c.or	x10,x14	 x10:0x00000005 x14:0x00000001 x10=0x00000005
        1428016	     71299	8000ba32	0143b833	sltu	x16,x7,x20	  x7:0xffffff7d x20:0x0000001b x16=0x00000000
        1428036	     71300	8000ba36	0126	c.slli	x2,0x9	  x2:0x0000001a  x2=0x00003400
        1428056	     71301	8000ba38	8e19	c.sub	x12,x14	 x12:0x00000000 x14:0x00000001 x12=0xffffffff
        1428076	     71302	8000ba3a	41458b33	sub	x22,x11,x20	 x11:0x00000000 x20:0x0000001b x22=0xffffffe5
        1428336	     71315	8000ba3e	02f1f9b3	remu	x19,x3,x15	  x3:0x00000000 x15:0x00000000 x19=0x00000000
        1428376	     71317	8000ba42	02b2f233	remu	x4,x5,x11	  x5:0x00000134 x11:0x00000000  x4=0x00000134
        1428396	     71318	8000ba46	80f1	c.srli	x9,0x1c	  x9:0xfffffff9  x9=0x0000000f
        1428416	     71319	8000ba48	ea91	c.bnez	x13,8000ba5c	 x13:0x0000000d
        1428936	     71345	8000ba5c	03ead363	bge	x21,x30,8000ba82	 x21:0x00000000 x30:0x00000000
        1429816	     71389	8000ba82	8fc9	c.or	x15,x10	 x15:0x00000000 x10:0x00000005 x15=0x00000005
        1429956	     71396	8000ba84	34003673	csrrc	x12,mscratch,x0	  x0:0x00000000 x12=0x00000001
        1430056	     71401	8000ba88	04494063	blt	x18,x4,8000bac8	 x18:0x00000000  x4:0x00000134
        1431956	     71496	8000bac8	02e867b3	rem	x15,x16,x14	 x16:0x00000000 x14:0x00000001 x15=0x00000000
        1431976	     71497	8000bacc	34061273	csrrw	x4,mscratch,x12	 x12:0x00000001  x4=0x00000001
        1431996	     71498	8000bad0	013c52b3	srl	x5,x24,x19	 x24:0x00000000 x19:0x00000000  x5=0x00000000
        1432016	     71499	8000bad4	0094d913	srli	x18,x9,0x9	  x9:0x0000000f x18=0x00000000
        1432036	     71500	8000bad8	0117f6b3	and	x13,x15,x17	 x15:0x00000000 x17:0x00000009 x13=0x00000000
        1432056	     71501	8000badc	1b1c	c.addi4spn	x15,x2,432	 x15=0x000035b0
        1432316	     71514	8000bade	03282533	mulhsu	x10,x16,x18	 x16:0x00000000 x18:0x00000000 x10=0x00000000
        1432456	     71521	8000bae2	0145a6b3	slt	x13,x11,x20	 x11:0x00000000 x20:0x0000001b x13=0x00000001
        1432476	     71522	8000bae6	4cd1	c.li	x25,20	 x25=0x00000014
        1432556	     71526	8000bae8	3407f6f3	csrrci	x13,mscratch,15	 x13=0x00000001
        1432756	     71536	8000baec	40fed233	sra	x4,x29,x15	 x29:0x00000000 x15:0x000035b0  x4=0x00000000
        1432916	     71544	8000baf0	fab77593	andi	x11,x14,-85	 x14:0x00000001 x11=0x00000001
        1432936	     71545	8000baf4	517d	c.li	x2,-1	  x2=0xffffffff
        1432956	     71546	8000baf6	cf11	c.beqz	x14,8000bb12	 x14:0x00000001
        1432976	     71547	8000baf8	00f29a63	bne	x5,x15,8000bb0c	  x5:0x00000000 x15:0x000035b0
        1433176	     71557	8000bb0c	03aa83b3	mul	x7,x21,x26	 x21:0x00000000 x26:0x00000001  x7=0x00000000
        1433636	     71580	8000bb10	0f22	c.slli	x30,0x8	 x30:0x00000000 x30=0x00000000
        1433896	     71593	8000bb12	03132f33	mulhsu	x30,x6,x17	  x6:0x80021e50 x17:0x00000009 x30=0xfffffffb
        1433916	     71594	8000bb16	410dd713	srai	x14,x27,0x10	 x27:0x0000001b x14=0x00000000
        1433936	     71595	8000bb1a	04e2	c.slli	x9,0x18	  x9:0x0000000f  x9=0x0f000000
        1433956	     71596	8000bb1c	8f29	c.xor	x14,x10	 x14:0x00000000 x10:0x00000000 x14=0x00000000
        1433976	     71597	8000bb1e	0001	c.addi	x0,0	  x0:0x00000000  x0=0x00000000
        1434036	     71600	8000bb20	997d	c.andi	x10,-1	 x10:0x00000000 x10=0x00000000
        1434096	     71603	8000bb22	407d8cb3	sub	x25,x27,x7	 x27:0x0000001b  x7:0x00000000 x25=0x0000001b
        1434116	     71604	8000bb26	645de637	lui	x12,0x645de	 x12=0x645de000
        1434316	     71614	8000bb2a	2187fb97	auipc	x23,0x2187f	 x23=0xa188ab2a
        1434856	     71641	8000bb2e	002e7cb3	and	x25,x28,x2	 x28:0x269fc3a0  x2:0xffffffff x25=0x269fc3a0
        1434876	     71642	8000bb32	0001	c.addi	x0,0	  x0:0x00000000  x0=0x00000000
        1435276	     71662	8000bb34	03478963	beq	x15,x20,8000bb66	 x15:0x000035b0 x20:0x0000001b
        1435296	     71663	8000bb38	34033f73	csrrc	x30,mscratch,x6	  x6:0x80021e50 x30=0x00000000
        1435336	     71665	8000bb3c	03de1f33	mulh	x30,x28,x29	 x28:0x269fc3a0 x29:0x00000000 x30=0x00000000
        1435356	     71666	8000bb40	c0097593	andi	x11,x18,-1024	 x18:0x00000000 x11=0x00000000
        1435376	     71667	8000bb44	15c922b7	lui	x5,0x15c92	  x5=0x15c92000
        1435516	     71674	8000bb48	8ded	c.and	x11,x11	 x11:0x00000000 x11:0x00000000 x11=0x00000000
        1435536	     71675	8000bb4a	02c2	c.slli	x5,0x10	  x5:0x15c92000  x5=0x20000000
        1435676	     71682	8000bb4c	0001	c.addi	x0,0	  x0:0x00000000  x0=0x00000000
        1435696	     71683	8000bb4e	f9a1bd13	sltiu	x26,x3,-102	  x3:0x00000000 x26=0x00000001
        1435716	     71684	8000bb52	416c5033	sra	x0,x24,x22	 x24:0x00000000 x22:0xffffffe5  x0=0x00000000
        1435956	     71696	8000bb56	001fd533	srl	x10,x31,x1	 x31:0x80025ce4  x1:0x0001ffff x10=0x00000001
        1435976	     71697	8000bb5a	8f7a	c.mv	x30,x30	  x0:0x00000000 x30:0x00000000 x30=0x00000000
        1435996	     71698	8000bb5c	6141	c.addi16sp	x2,16	  x2:0xffffffff  x2=0x0000000f
        1436156	     71706	8000bb5e	01e759b3	srl	x19,x14,x30	 x14:0x00000000 x30:0x00000000 x19=0x00000000
        1436576	     71727	8000bb62	01159013	slli	x0,x11,0x11	 x11:0x00000000  x0=0x00000000
        1436596	     71728	8000bb66	0149f033	and	x0,x19,x20	 x19:0x00000000 x20:0x0000001b  x0=0x00000000
        1437016	     71749	8000bb6a	0026ccb3	xor	x25,x13,x2	 x13:0x00000001  x2:0x0000000f x25=0x0000000e
        1437216	     71759	8000bb6e	035e9eb3	mulh	x29,x29,x21	 x29:0x00000000 x21:0x00000000 x29=0x00000000
        1437236	     71760	8000bb72	8cd5	c.or	x9,x13	  x9:0x0f000000 x13:0x00000001  x9=0x0f000001
        1437256	     71761	8000bb74	404408b3	sub	x17,x8,x4	  x8:0x000001ba  x4:0x00000000 x17=0x000001ba
        1437376	     71767	8000bb78	0ff0000f	fence	iorw,iorw	
        1437536	     71775	8000bb7c	0338e763	bltu	x17,x19,8000bbaa	 x17:0x000001ba x19:0x00000000
        1437596	     71778	8000bb80	03810bb3	mul	x23,x2,x24	  x2:0x0000000f x24:0x00000000 x23=0x00000000
        1437696	     71783	8000bb84	979a	c.add	x15,x6	 x15:0x000035b0  x6:0x80021e50 x15=0x80025400
        1437836	     71790	8000bb86	01305263	bge	x0,x19,8000bb8a	  x0:0x00000000 x19:0x00000000
        1439096	     71853	8000bb8a	009cd7b3	srl	x15,x25,x9	 x25:0x0000000e  x9:0x0f000001 x15=0x00000007
        1439116	     71854	8000bb8e	0c04	c.addi4spn	x9,x2,528	  x9=0x0000021f
        1439136	     71855	8000bb90	02750d63	beq	x10,x7,8000bbca	 x10:0x00000001  x7:0x00000000
        1439536	     71875	8000bb94	2d3ae013	ori	x0,x21,723	 x21:0x00000000  x0=0x00000000
        1439696	     71883	8000bb98	340e13f3	csrrw	x7,mscratch,x28	 x28:0x269fc3a0  x7=0x00000000
        1439716	     71884	8000bb9c	9b7d	c.andi	x14,-1	 x14:0x00000000 x14=0x00000000
        1439756	     71886	8000bb9e	02258663	beq	x11,x2,8000bbca	 x11:0x00000000  x2:0x0000000f
        1440176	     71907	8000bba2	40858533	sub	x10,x11,x8	 x11:0x00000000  x8:0x000001ba x10=0xfffffe46
        1440196	     71908	8000bba6	fb042797	auipc	x15,0xfb042	 x15=0x7b04dba6
        1440216	     71909	8000bbaa	88a2	c.mv	x17,x8	  x0:0x00000000  x8:0x000001ba x17=0x000001ba
        1440236	     71910	8000bbac	6d39	c.lui	x26,0xe	 x26=0x0000e000
        1440636	     71930	8000bbae	01111c63	bne	x2,x17,8000bbc6	  x2:0x0000000f x17:0x000001ba
        1441996	     71998	8000bbc6	233c8db7	lui	x27,0x233c8	 x27=0x233c8000
        1442176	     72007	8000bbca	00c572b3	and	x5,x10,x12	 x10:0xfffffe46 x12:0x645de000  x5=0x645de000
        1442196	     72008	8000bbce	8b66	c.mv	x22,x25	  x0:0x00000000 x25:0x0000000e x22=0x0000000e
        1442216	     72009	8000bbd0	019bad33	slt	x26,x23,x25	 x23:0x00000000 x25:0x0000000e x26=0x00000001
        1442236	     72010	8000bbd4	e41d	c.bnez	x8,8000bc02	  x8:0x000001ba
        1443236	     72060	8000bc02	d0ddf693	andi	x13,x27,-755	 x27:0x233c8000 x13=0x233c8000
        1443256	     72061	8000bc06	87d77537	lui	x10,0x87d77	 x10=0x87d77000
        1443356	     72066	8000bc0a	027fa633	mulhsu	x12,x31,x7	 x31:0x80025ce4  x7:0x00000000 x12=0x00000000
        1443376	     72067	8000bc0e	b0d0cd17	auipc	x26,0xb0d0c	 x26=0x30d17c0e
        1443456	     72071	8000bc12	01e2b6b3	sltu	x13,x5,x30	  x5:0x645de000 x30:0x00000000 x13=0x00000000
        1443476	     72072	8000bc16	80f9	c.srli	x9,0x1e	  x9:0x0000021f  x9=0x00000000
        1443496	     72073	8000bc18	03675a63	bge	x14,x22,8000bc4c	 x14:0x00000000 x22:0x0000000e
        1443536	     72075	8000bc1c	03a88d63	beq	x17,x26,8000bc56	 x17:0x000001ba x26:0x30d17c0e
        1443956	     72096	8000bc20	587d	c.li	x16,-1	 x16=0xffffffff
        1443976	     72097	8000bc22	0001	c.addi	x0,0	  x0:0x00000000  x0=0x00000000
        1443996	     72098	8000bc24	01babdb3	sltu	x27,x21,x27	 x21:0x00000000 x27:0x233c8000 x27=0x00000001
        1444776	     72137	8000bc28	031540b3	div	x1,x10,x17	 x10:0x87d77000 x17:0x000001ba  x1=0xffba67ee
        1444796	     72138	8000bc2c	0130c433	xor	x8,x1,x19	  x1:0xffba67ee x19:0x00000000  x8=0xffba67ee
        1444816	     72139	8000bc30	0063d1b3	srl	x3,x7,x6	  x7:0x00000000  x6:0x80021e50  x3=0x00000000
        1444836	     72140	8000bc34	8e79	c.and	x12,x14	 x12:0x00000000 x14:0x00000000 x12=0x00000000
        1444856	     72141	8000bc36	aacbcd13	xori	x26,x23,-1364	 x23:0x00000000 x26=0xfffffaac
        1444876	     72142	8000bc3a	0826	c.slli	x16,0x9	 x16:0xffffffff x16=0xfffffe00
        1444896	     72143	8000bc3c	01f7f1b3	and	x3,x15,x31	 x15:0x7b04dba6 x31:0x80025ce4  x3=0x000058a4
        1444916	     72144	8000bc40	c115	c.beqz	x10,8000bc64	 x10:0x87d77000
        1444936	     72145	8000bc42	0000100f	fence.i	
        1445236	     72160	8000bc46	c505	c.beqz	x10,8000bc6e	 x10:0x87d77000
        1445256	     72161	8000bc48	41ef07b3	sub	x15,x30,x30	 x30:0x00000000 x30:0x00000000 x15=0x00000000
        1445616	     72179	8000bc4c	07b6	c.slli	x15,0xd	 x15:0x00000000 x15=0x00000000
        1445636	     72180	8000bc4e	0001	c.addi	x0,0	  x0:0x00000000  x0=0x00000000
        1445656	     72181	8000bc50	57044117	auipc	x2,0x57044	  x2=0xd704fc50
        1445696	     72183	8000bc54	8959	c.andi	x10,22	 x10:0x87d77000 x10=0x00000000
        1446136	     72205	8000bc56	037b40b3	div	x1,x22,x23	 x22:0x0000000e x23:0x00000000  x1=0xffffffff
        1446176	     72207	8000bc5a	02710063	beq	x2,x7,8000bc7a	  x2:0xd704fc50  x7:0x00000000
        1446296	     72213	8000bc5e	34031873	csrrw	x16,mscratch,x6	  x6:0x80021e50 x16=0x269fc3a0
        1446316	     72214	8000bc62	81e5	c.srli	x11,0x19	 x11:0x00000000 x11=0x00000000
        1446716	     72234	8000bc64	bce56e97	auipc	x29,0xbce56	 x29=0x3ce61c64
        1446736	     72235	8000bc68	34081ef3	csrrw	x29,mscratch,x16	 x16:0x269fc3a0 x29=0x80021e50
        1446756	     72236	8000bc6c	0001	c.addi	x0,0	  x0:0x00000000  x0=0x00000000
        1446796	     72238	8000bc6e	06472a93	slti	x21,x14,100	 x14:0x00000000 x21=0x00000001
        1446816	     72239	8000bc72	0001	c.addi	x0,0	  x0:0x00000000  x0=0x00000000
        1446836	     72240	8000bc74	0001	c.addi	x0,0	  x0:0x00000000  x0=0x00000000
        1447036	     72250	8000bc76	340e12f3	csrrw	x5,mscratch,x28	 x28:0x269fc3a0  x5=0x269fc3a0
        1447156	     72256	8000bc7a	11acc237	lui	x4,0x11acc	  x4=0x11acc000
        1447616	     72279	8000bc7e	00432203	lw	x4,4(x6)	  x6:0x80021e50  x4=0x80003680 PA:0x80021e54 load:0x80003680
        1448016	     72299	8000bc82	032c9933	mulh	x18,x25,x18	 x25:0x0000000e x18:0x00000000 x18=0x00000000
        1448036	     72300	8000bc86	8afd	c.andi	x13,31	 x13:0x00000000 x13=0x00000000
        1449076	     72352	8000bc88	03c0e2b3	rem	x5,x1,x28	  x1:0xffffffff x28:0x269fc3a0  x5=0xffffffff
        1458196	     72808	8000bc8c	34025af3	csrrwi	x21,mscratch,4	 x21=0x269fc3a0
        1458216	     72809	8000bc90	c7d8bd93	sltiu	x27,x17,-899	 x17:0x000001ba x27=0x00000001
        1458236	     72810	8000bc94	0351	c.addi	x6,20	  x6:0x80021e50  x6=0x80021e64
        1458256	     72811	8000bc96	34002c73	csrrs	x24,mscratch,x0	  x0:0x00000000 x24=0x00000004
        1458276	     72812	8000bc9a	e7781817	auipc	x16,0xe7781	 x16=0x6778cc9a
        1458316	     72814	8000bc9e	00120093	addi	x1,x4,1	  x4:0x80003680  x1=0x80003681
        1458336	     72815	8000bca2	000080e7	jalr	x1,0(x1)	  x1:0x80003681  x1=0x8000bca6
        1458856	     72841	80003680	0708	c.addi4spn	x10,x2,896	 x10=0xd704ffd0
        1458876	     72842	80003682	3402d473	csrrwi	x8,mscratch,5	  x8=0x00000004
        1459616	     72879	80003686	0305ca33	div	x20,x11,x16	 x11:0x00000000 x16:0x6778cc9a x20=0x00000000
        1459636	     72880	8000368a	046b1663	bne	x22,x6,800036d6	 x22:0x0000000e  x6:0x80021e64
        1460376	     72917	800036d6	03a6abb3	mulhsu	x23,x13,x26	 x13:0x00000000 x26:0xfffffaac x23=0x00000000
        1460416	     72919	800036da	ffffde17	auipc	x28,0xffffd	 x28=0x800006da
        1460436	     72920	800036de	caee0e13	addi	x28,x28,-850	 x28:0x800006da x28=0x80000388
        1460776	     72937	800036e2	000e0067	jalr	x0,0(x28)	 x28:0x80000388  x0=0x00000000
        1461376	     72967	80000388	900005b7	lui	x11,0x90000	 x11=0x90000000
        1461796	     72988	8000038c	15e1	c.addi	x11,-8	 x11:0x90000000 x11=0x8ffffff8
        1461816	     72989	8000038e	4f01	c.li	x30,0	 x30=0x00000000
        1461836	     72990	80000390	0f22	c.slli	x30,0x8	 x30:0x00000000 x30=0x00000000
        1461856	     72991	80000392	0f05	c.addi	x30,1	 x30:0x00000000 x30=0x00000001
        1462036	     73000	80000394	01e5a023	sw	x30,0(x11)	 x11:0x8ffffff8 x30:0x00000001 PA:0x8ffffff8 store:0x00000001
        1462056	     73001	80000398	00000073	ecall	
