Case,case_id,bug_id,group,family,test,seed,source_run_dir
1,case_1,bug_128,expansion_20260824,baseline_validated,riscv_machine_mode_rand_test,8001,/workspace/ibex/dv/uvm/out
2,case_2,bug_128,expansion_20260824,baseline_validated,riscv_machine_mode_rand_test,8002,/workspace/ibex/dv/uvm/out
3,case_3,bug_128,expansion_20260824,baseline_validated,riscv_machine_mode_rand_test,8003,/workspace/ibex/dv/uvm/out
4,case_4,bug_128,expansion_20260824,baseline_validated,riscv_machine_mode_rand_test,8004,/workspace/ibex/dv/uvm/out
5,case_5,bug_128,expansion_20260824,baseline_validated,riscv_machine_mode_rand_test,8005,/workspace/ibex/dv/uvm/out
6,case_6,bug_128,expansion_20260824,baseline_validated,riscv_machine_mode_rand_test,8006,/workspace/ibex/dv/uvm/out
7,case_7,bug_128,expansion_20260824,baseline_validated,riscv_machine_mode_rand_test,8007,/workspace/ibex/dv/uvm/out
8,case_8,bug_128,expansion_20260824,baseline_validated,riscv_machine_mode_rand_test,8008,/workspace/ibex/dv/uvm/out
9,case_9,bug_128,expansion_20260824,baseline_validated,riscv_machine_mode_rand_test,8009,/workspace/ibex/dv/uvm/out
10,case_10,bug_128,expansion_20260824,baseline_validated,riscv_machine_mode_rand_test,8010,/workspace/ibex/dv/uvm/out
11,case_11,bug_128,expansion_20260824,baseline_validated,riscv_machine_mode_rand_test,8011,/workspace/ibex/dv/uvm/out
12,case_12,bug_128,expansion_20260824,baseline_validated,riscv_machine_mode_rand_test,8012,/workspace/ibex/dv/uvm/out
13,case_13,bug_128,expansion_20260824,baseline_validated,riscv_machine_mode_rand_test,8013,/workspace/ibex/dv/uvm/out
14,case_14,bug_128,expansion_20260824,baseline_validated,riscv_machine_mode_rand_test,8014,/workspace/ibex/dv/uvm/out
15,case_15,bug_128,expansion_20260824,baseline_validated,riscv_machine_mode_rand_test,8015,/workspace/ibex/dv/uvm/out
16,case_16,bug_128,expansion_20260824,baseline_validated,riscv_machine_mode_rand_test,8016,/workspace/ibex/dv/uvm/out
17,case_17,bug_128,expansion_20260824,baseline_validated,riscv_machine_mode_rand_test,8017,/workspace/ibex/dv/uvm/out
18,case_18,bug_128,expansion_20260824,baseline_validated,riscv_machine_mode_rand_test,8018,/workspace/ibex/dv/uvm/out
19,case_19,bug_128,expansion_20260824,baseline_validated,riscv_machine_mode_rand_test,8019,/workspace/ibex/dv/uvm/out
20,case_20,bug_128,expansion_20260824,baseline_validated,riscv_machine_mode_rand_test,8020,/workspace/ibex/dv/uvm/out
21,case_21,bug_128,expansion_20260824,baseline_validated,riscv_rand_jump_test,8001,/workspace/ibex/dv/uvm/out
22,case_22,bug_128,expansion_20260824,baseline_validated,riscv_rand_jump_test,8002,/workspace/ibex/dv/uvm/out
23,case_23,bug_128,expansion_20260824,baseline_validated,riscv_rand_jump_test,8003,/workspace/ibex/dv/uvm/out
24,case_24,bug_128,expansion_20260824,baseline_validated,riscv_rand_jump_test,8004,/workspace/ibex/dv/uvm/out
25,case_25,bug_128,expansion_20260824,baseline_validated,riscv_rand_jump_test,8005,/workspace/ibex/dv/uvm/out
26,case_26,bug_128,expansion_20260824,baseline_validated,riscv_rand_jump_test,8006,/workspace/ibex/dv/uvm/out
27,case_27,bug_128,expansion_20260824,baseline_validated,riscv_rand_jump_test,8007,/workspace/ibex/dv/uvm/out
28,case_28,bug_128,expansion_20260824,baseline_validated,riscv_rand_jump_test,8009,/workspace/ibex/dv/uvm/out
29,case_29,bug_128,expansion_20260824,baseline_validated,riscv_rand_jump_test,8010,/workspace/ibex/dv/uvm/out
30,case_30,bug_128,expansion_20260824,baseline_validated,riscv_rand_jump_test,8011,/workspace/ibex/dv/uvm/out
31,case_31,bug_128,expansion_20260824,baseline_validated,riscv_rand_jump_test,8012,/workspace/ibex/dv/uvm/out
32,case_32,bug_128,expansion_20260824,baseline_validated,riscv_rand_jump_test,8013,/workspace/ibex/dv/uvm/out
33,case_33,bug_128,expansion_20260824,baseline_validated,riscv_rand_jump_test,8014,/workspace/ibex/dv/uvm/out
34,case_34,bug_128,expansion_20260824,baseline_validated,riscv_rand_jump_test,8015,/workspace/ibex/dv/uvm/out
35,case_35,bug_128,expansion_20260824,baseline_validated,riscv_rand_jump_test,8016,/workspace/ibex/dv/uvm/out
36,case_36,bug_128,expansion_20260824,baseline_validated,riscv_rand_jump_test,8017,/workspace/ibex/dv/uvm/out
37,case_37,bug_128,expansion_20260824,baseline_validated,riscv_rand_jump_test,8018,/workspace/ibex/dv/uvm/out
38,case_38,bug_128,expansion_20260824,baseline_validated,riscv_rand_jump_test,8020,/workspace/ibex/dv/uvm/out
39,case_39,bug_129,expansion_20260824,baseline_validated,riscv_jump_stress_test,8001,/workspace/ibex/dv/uvm/out
40,case_40,bug_129,expansion_20260824,baseline_validated,riscv_jump_stress_test,8002,/workspace/ibex/dv/uvm/out
41,case_41,bug_129,expansion_20260824,baseline_validated,riscv_jump_stress_test,8003,/workspace/ibex/dv/uvm/out
42,case_42,bug_129,expansion_20260824,baseline_validated,riscv_jump_stress_test,8006,/workspace/ibex/dv/uvm/out
43,case_43,bug_129,expansion_20260824,baseline_validated,riscv_jump_stress_test,8007,/workspace/ibex/dv/uvm/out
44,case_44,bug_129,expansion_20260824,baseline_validated,riscv_jump_stress_test,8008,/workspace/ibex/dv/uvm/out
45,case_45,bug_129,expansion_20260824,baseline_validated,riscv_jump_stress_test,8009,/workspace/ibex/dv/uvm/out
46,case_46,bug_129,expansion_20260824,baseline_validated,riscv_jump_stress_test,8010,/workspace/ibex/dv/uvm/out
47,case_47,bug_129,expansion_20260824,baseline_validated,riscv_jump_stress_test,8011,/workspace/ibex/dv/uvm/out
48,case_48,bug_129,expansion_20260824,baseline_validated,riscv_jump_stress_test,8012,/workspace/ibex/dv/uvm/out
49,case_49,bug_129,expansion_20260824,baseline_validated,riscv_jump_stress_test,8013,/workspace/ibex/dv/uvm/out
50,case_50,bug_129,expansion_20260824,baseline_validated,riscv_jump_stress_test,8014,/workspace/ibex/dv/uvm/out
51,case_51,bug_129,expansion_20260824,baseline_validated,riscv_jump_stress_test,8015,/workspace/ibex/dv/uvm/out
52,case_52,bug_129,expansion_20260824,baseline_validated,riscv_jump_stress_test,8016,/workspace/ibex/dv/uvm/out
53,case_53,bug_129,expansion_20260824,baseline_validated,riscv_jump_stress_test,8017,/workspace/ibex/dv/uvm/out
54,case_54,bug_129,expansion_20260824,baseline_validated,riscv_jump_stress_test,8018,/workspace/ibex/dv/uvm/out
55,case_55,bug_129,expansion_20260824,baseline_validated,riscv_jump_stress_test,8019,/workspace/ibex/dv/uvm/out
56,case_56,bug_129,expansion_20260824,baseline_validated,riscv_jump_stress_test,8020,/workspace/ibex/dv/uvm/out
57,case_57,bug_129,expansion_20260824,baseline_validated,riscv_machine_mode_rand_test,8001,/workspace/ibex/dv/uvm/out
58,case_58,bug_129,expansion_20260824,baseline_validated,riscv_machine_mode_rand_test,8002,/workspace/ibex/dv/uvm/out
59,case_59,bug_129,expansion_20260824,baseline_validated,riscv_machine_mode_rand_test,8003,/workspace/ibex/dv/uvm/out
60,case_60,bug_129,expansion_20260824,baseline_validated,riscv_machine_mode_rand_test,8004,/workspace/ibex/dv/uvm/out
61,case_61,bug_129,expansion_20260824,baseline_validated,riscv_machine_mode_rand_test,8005,/workspace/ibex/dv/uvm/out
62,case_62,bug_129,expansion_20260824,baseline_validated,riscv_machine_mode_rand_test,8006,/workspace/ibex/dv/uvm/out
63,case_63,bug_129,expansion_20260824,baseline_validated,riscv_machine_mode_rand_test,8007,/workspace/ibex/dv/uvm/out
64,case_64,bug_129,expansion_20260824,baseline_validated,riscv_machine_mode_rand_test,8008,/workspace/ibex/dv/uvm/out
65,case_65,bug_129,expansion_20260824,baseline_validated,riscv_machine_mode_rand_test,8009,/workspace/ibex/dv/uvm/out
66,case_66,bug_129,expansion_20260824,baseline_validated,riscv_machine_mode_rand_test,8010,/workspace/ibex/dv/uvm/out
67,case_67,bug_129,expansion_20260824,baseline_validated,riscv_machine_mode_rand_test,8011,/workspace/ibex/dv/uvm/out
68,case_68,bug_129,expansion_20260824,baseline_validated,riscv_machine_mode_rand_test,8012,/workspace/ibex/dv/uvm/out
69,case_69,bug_129,expansion_20260824,baseline_validated,riscv_machine_mode_rand_test,8013,/workspace/ibex/dv/uvm/out
70,case_70,bug_129,expansion_20260824,baseline_validated,riscv_machine_mode_rand_test,8014,/workspace/ibex/dv/uvm/out
71,case_71,bug_129,expansion_20260824,baseline_validated,riscv_machine_mode_rand_test,8015,/workspace/ibex/dv/uvm/out
72,case_72,bug_129,expansion_20260824,baseline_validated,riscv_machine_mode_rand_test,8016,/workspace/ibex/dv/uvm/out
73,case_73,bug_129,expansion_20260824,baseline_validated,riscv_machine_mode_rand_test,8017,/workspace/ibex/dv/uvm/out
74,case_74,bug_129,expansion_20260824,baseline_validated,riscv_machine_mode_rand_test,8018,/workspace/ibex/dv/uvm/out
75,case_75,bug_129,expansion_20260824,baseline_validated,riscv_machine_mode_rand_test,8019,/workspace/ibex/dv/uvm/out
76,case_76,bug_129,expansion_20260824,baseline_validated,riscv_machine_mode_rand_test,8020,/workspace/ibex/dv/uvm/out
77,case_77,bug_130,expansion_20260824,baseline_validated,riscv_jump_stress_test,8001,/workspace/ibex/dv/uvm/out
78,case_78,bug_130,expansion_20260824,baseline_validated,riscv_jump_stress_test,8002,/workspace/ibex/dv/uvm/out
79,case_79,bug_130,expansion_20260824,baseline_validated,riscv_jump_stress_test,8003,/workspace/ibex/dv/uvm/out
80,case_80,bug_130,expansion_20260824,baseline_validated,riscv_jump_stress_test,8004,/workspace/ibex/dv/uvm/out
81,case_81,bug_130,expansion_20260824,baseline_validated,riscv_jump_stress_test,8006,/workspace/ibex/dv/uvm/out
82,case_82,bug_130,expansion_20260824,baseline_validated,riscv_jump_stress_test,8007,/workspace/ibex/dv/uvm/out
83,case_83,bug_130,expansion_20260824,baseline_validated,riscv_jump_stress_test,8008,/workspace/ibex/dv/uvm/out
84,case_84,bug_130,expansion_20260824,baseline_validated,riscv_jump_stress_test,8009,/workspace/ibex/dv/uvm/out
85,case_85,bug_130,expansion_20260824,baseline_validated,riscv_jump_stress_test,8010,/workspace/ibex/dv/uvm/out
86,case_86,bug_130,expansion_20260824,baseline_validated,riscv_jump_stress_test,8011,/workspace/ibex/dv/uvm/out
87,case_87,bug_130,expansion_20260824,baseline_validated,riscv_jump_stress_test,8012,/workspace/ibex/dv/uvm/out
88,case_88,bug_130,expansion_20260824,baseline_validated,riscv_jump_stress_test,8013,/workspace/ibex/dv/uvm/out
89,case_89,bug_130,expansion_20260824,baseline_validated,riscv_jump_stress_test,8014,/workspace/ibex/dv/uvm/out
90,case_90,bug_130,expansion_20260824,baseline_validated,riscv_jump_stress_test,8015,/workspace/ibex/dv/uvm/out
91,case_91,bug_130,expansion_20260824,baseline_validated,riscv_jump_stress_test,8016,/workspace/ibex/dv/uvm/out
92,case_92,bug_130,expansion_20260824,baseline_validated,riscv_jump_stress_test,8017,/workspace/ibex/dv/uvm/out
93,case_93,bug_130,expansion_20260824,baseline_validated,riscv_jump_stress_test,8018,/workspace/ibex/dv/uvm/out
94,case_94,bug_130,expansion_20260824,baseline_validated,riscv_jump_stress_test,8019,/workspace/ibex/dv/uvm/out
95,case_95,bug_130,expansion_20260824,baseline_validated,riscv_jump_stress_test,8020,/workspace/ibex/dv/uvm/out
96,case_96,bug_130,expansion_20260824,baseline_validated,riscv_machine_mode_rand_test,8002,/workspace/ibex/dv/uvm/out
97,case_97,bug_130,expansion_20260824,baseline_validated,riscv_machine_mode_rand_test,8003,/workspace/ibex/dv/uvm/out
98,case_98,bug_130,expansion_20260824,baseline_validated,riscv_machine_mode_rand_test,8004,/workspace/ibex/dv/uvm/out
99,case_99,bug_130,expansion_20260824,baseline_validated,riscv_machine_mode_rand_test,8005,/workspace/ibex/dv/uvm/out
100,case_100,bug_130,expansion_20260824,baseline_validated,riscv_machine_mode_rand_test,8006,/workspace/ibex/dv/uvm/out
101,case_101,bug_130,expansion_20260824,baseline_validated,riscv_machine_mode_rand_test,8007,/workspace/ibex/dv/uvm/out
102,case_102,bug_130,expansion_20260824,baseline_validated,riscv_machine_mode_rand_test,8008,/workspace/ibex/dv/uvm/out
103,case_103,bug_130,expansion_20260824,baseline_validated,riscv_machine_mode_rand_test,8009,/workspace/ibex/dv/uvm/out
104,case_104,bug_130,expansion_20260824,baseline_validated,riscv_machine_mode_rand_test,8010,/workspace/ibex/dv/uvm/out
105,case_105,bug_130,expansion_20260824,baseline_validated,riscv_machine_mode_rand_test,8011,/workspace/ibex/dv/uvm/out
106,case_106,bug_130,expansion_20260824,baseline_validated,riscv_machine_mode_rand_test,8012,/workspace/ibex/dv/uvm/out
107,case_107,bug_130,expansion_20260824,baseline_validated,riscv_machine_mode_rand_test,8013,/workspace/ibex/dv/uvm/out
108,case_108,bug_130,expansion_20260824,baseline_validated,riscv_machine_mode_rand_test,8014,/workspace/ibex/dv/uvm/out
109,case_109,bug_130,expansion_20260824,baseline_validated,riscv_machine_mode_rand_test,8015,/workspace/ibex/dv/uvm/out
110,case_110,bug_130,expansion_20260824,baseline_validated,riscv_machine_mode_rand_test,8016,/workspace/ibex/dv/uvm/out
111,case_111,bug_130,expansion_20260824,baseline_validated,riscv_machine_mode_rand_test,8017,/workspace/ibex/dv/uvm/out
112,case_112,bug_130,expansion_20260824,baseline_validated,riscv_machine_mode_rand_test,8018,/workspace/ibex/dv/uvm/out
113,case_113,bug_130,expansion_20260824,baseline_validated,riscv_machine_mode_rand_test,8019,/workspace/ibex/dv/uvm/out
114,case_114,bug_130,expansion_20260824,baseline_validated,riscv_machine_mode_rand_test,8020,/workspace/ibex/dv/uvm/out
115,case_115,bug_130,expansion_20260824,baseline_validated,riscv_rand_jump_test,8001,/workspace/ibex/dv/uvm/out
116,case_116,bug_130,expansion_20260824,baseline_validated,riscv_rand_jump_test,8002,/workspace/ibex/dv/uvm/out
117,case_117,bug_130,expansion_20260824,baseline_validated,riscv_rand_jump_test,8003,/workspace/ibex/dv/uvm/out
118,case_118,bug_130,expansion_20260824,baseline_validated,riscv_rand_jump_test,8004,/workspace/ibex/dv/uvm/out
119,case_119,bug_130,expansion_20260824,baseline_validated,riscv_rand_jump_test,8005,/workspace/ibex/dv/uvm/out
120,case_120,bug_130,expansion_20260824,baseline_validated,riscv_rand_jump_test,8006,/workspace/ibex/dv/uvm/out
121,case_121,bug_130,expansion_20260824,baseline_validated,riscv_rand_jump_test,8007,/workspace/ibex/dv/uvm/out
122,case_122,bug_130,expansion_20260824,baseline_validated,riscv_rand_jump_test,8009,/workspace/ibex/dv/uvm/out
123,case_123,bug_130,expansion_20260824,baseline_validated,riscv_rand_jump_test,8010,/workspace/ibex/dv/uvm/out
124,case_124,bug_130,expansion_20260824,baseline_validated,riscv_rand_jump_test,8011,/workspace/ibex/dv/uvm/out
125,case_125,bug_130,expansion_20260824,baseline_validated,riscv_rand_jump_test,8012,/workspace/ibex/dv/uvm/out
126,case_126,bug_130,expansion_20260824,baseline_validated,riscv_rand_jump_test,8013,/workspace/ibex/dv/uvm/out
127,case_127,bug_130,expansion_20260824,baseline_validated,riscv_rand_jump_test,8014,/workspace/ibex/dv/uvm/out
128,case_128,bug_130,expansion_20260824,baseline_validated,riscv_rand_jump_test,8015,/workspace/ibex/dv/uvm/out
129,case_129,bug_130,expansion_20260824,baseline_validated,riscv_rand_jump_test,8016,/workspace/ibex/dv/uvm/out
130,case_130,bug_130,expansion_20260824,baseline_validated,riscv_rand_jump_test,8017,/workspace/ibex/dv/uvm/out
131,case_131,bug_130,expansion_20260824,baseline_validated,riscv_rand_jump_test,8018,/workspace/ibex/dv/uvm/out
132,case_132,bug_132,expansion_20260824,baseline_validated,riscv_jump_stress_test,8001,/workspace/ibex/dv/uvm/out
133,case_133,bug_132,expansion_20260824,baseline_validated,riscv_jump_stress_test,8002,/workspace/ibex/dv/uvm/out
134,case_134,bug_132,expansion_20260824,baseline_validated,riscv_jump_stress_test,8003,/workspace/ibex/dv/uvm/out
135,case_135,bug_132,expansion_20260824,baseline_validated,riscv_jump_stress_test,8004,/workspace/ibex/dv/uvm/out
136,case_136,bug_132,expansion_20260824,baseline_validated,riscv_jump_stress_test,8005,/workspace/ibex/dv/uvm/out
137,case_137,bug_132,expansion_20260824,baseline_validated,riscv_jump_stress_test,8006,/workspace/ibex/dv/uvm/out
138,case_138,bug_132,expansion_20260824,baseline_validated,riscv_jump_stress_test,8007,/workspace/ibex/dv/uvm/out
139,case_139,bug_132,expansion_20260824,baseline_validated,riscv_jump_stress_test,8008,/workspace/ibex/dv/uvm/out
140,case_140,bug_132,expansion_20260824,baseline_validated,riscv_jump_stress_test,8009,/workspace/ibex/dv/uvm/out
141,case_141,bug_132,expansion_20260824,baseline_validated,riscv_jump_stress_test,8010,/workspace/ibex/dv/uvm/out
142,case_142,bug_132,expansion_20260824,baseline_validated,riscv_jump_stress_test,8011,/workspace/ibex/dv/uvm/out
143,case_143,bug_132,expansion_20260824,baseline_validated,riscv_jump_stress_test,8012,/workspace/ibex/dv/uvm/out
144,case_144,bug_132,expansion_20260824,baseline_validated,riscv_jump_stress_test,8013,/workspace/ibex/dv/uvm/out
145,case_145,bug_132,expansion_20260824,baseline_validated,riscv_jump_stress_test,8014,/workspace/ibex/dv/uvm/out
146,case_146,bug_132,expansion_20260824,baseline_validated,riscv_jump_stress_test,8015,/workspace/ibex/dv/uvm/out
147,case_147,bug_132,expansion_20260824,baseline_validated,riscv_jump_stress_test,8016,/workspace/ibex/dv/uvm/out
148,case_148,bug_132,expansion_20260824,baseline_validated,riscv_jump_stress_test,8017,/workspace/ibex/dv/uvm/out
149,case_149,bug_132,expansion_20260824,baseline_validated,riscv_jump_stress_test,8018,/workspace/ibex/dv/uvm/out
150,case_150,bug_132,expansion_20260824,baseline_validated,riscv_jump_stress_test,8019,/workspace/ibex/dv/uvm/out
151,case_151,bug_132,expansion_20260824,baseline_validated,riscv_jump_stress_test,8020,/workspace/ibex/dv/uvm/out
152,case_152,bug_132,expansion_20260824,baseline_validated,riscv_rand_instr_test,8001,/workspace/ibex/dv/uvm/out
153,case_153,bug_132,expansion_20260824,baseline_validated,riscv_rand_instr_test,8002,/workspace/ibex/dv/uvm/out
154,case_154,bug_132,expansion_20260824,baseline_validated,riscv_rand_instr_test,8003,/workspace/ibex/dv/uvm/out
155,case_155,bug_132,expansion_20260824,baseline_validated,riscv_rand_instr_test,8004,/workspace/ibex/dv/uvm/out
156,case_156,bug_132,expansion_20260824,baseline_validated,riscv_rand_instr_test,8005,/workspace/ibex/dv/uvm/out
157,case_157,bug_132,expansion_20260824,baseline_validated,riscv_rand_instr_test,8006,/workspace/ibex/dv/uvm/out
158,case_158,bug_132,expansion_20260824,baseline_validated,riscv_rand_instr_test,8007,/workspace/ibex/dv/uvm/out
159,case_159,bug_132,expansion_20260824,baseline_validated,riscv_rand_instr_test,8008,/workspace/ibex/dv/uvm/out
160,case_160,bug_132,expansion_20260824,baseline_validated,riscv_rand_instr_test,8009,/workspace/ibex/dv/uvm/out
161,case_161,bug_132,expansion_20260824,baseline_validated,riscv_rand_instr_test,8010,/workspace/ibex/dv/uvm/out
162,case_162,bug_132,expansion_20260824,baseline_validated,riscv_rand_instr_test,8011,/workspace/ibex/dv/uvm/out
163,case_163,bug_132,expansion_20260824,baseline_validated,riscv_rand_instr_test,8012,/workspace/ibex/dv/uvm/out
164,case_164,bug_132,expansion_20260824,baseline_validated,riscv_rand_instr_test,8013,/workspace/ibex/dv/uvm/out
165,case_165,bug_132,expansion_20260824,baseline_validated,riscv_rand_instr_test,8014,/workspace/ibex/dv/uvm/out
166,case_166,bug_132,expansion_20260824,baseline_validated,riscv_rand_instr_test,8015,/workspace/ibex/dv/uvm/out
167,case_167,bug_132,expansion_20260824,baseline_validated,riscv_rand_instr_test,8016,/workspace/ibex/dv/uvm/out
168,case_168,bug_132,expansion_20260824,baseline_validated,riscv_rand_instr_test,8017,/workspace/ibex/dv/uvm/out
169,case_169,bug_132,expansion_20260824,baseline_validated,riscv_rand_instr_test,8018,/workspace/ibex/dv/uvm/out
170,case_170,bug_132,expansion_20260824,baseline_validated,riscv_rand_instr_test,8019,/workspace/ibex/dv/uvm/out
171,case_171,bug_132,expansion_20260824,baseline_validated,riscv_rand_instr_test,8020,/workspace/ibex/dv/uvm/out
172,case_172,bug_132,expansion_20260824,baseline_validated,riscv_rand_jump_test,8001,/workspace/ibex/dv/uvm/out
173,case_173,bug_132,expansion_20260824,baseline_validated,riscv_rand_jump_test,8002,/workspace/ibex/dv/uvm/out
174,case_174,bug_132,expansion_20260824,baseline_validated,riscv_rand_jump_test,8003,/workspace/ibex/dv/uvm/out
175,case_175,bug_132,expansion_20260824,baseline_validated,riscv_rand_jump_test,8004,/workspace/ibex/dv/uvm/out
176,case_176,bug_132,expansion_20260824,baseline_validated,riscv_rand_jump_test,8005,/workspace/ibex/dv/uvm/out
177,case_177,bug_132,expansion_20260824,baseline_validated,riscv_rand_jump_test,8007,/workspace/ibex/dv/uvm/out
178,case_178,bug_132,expansion_20260824,baseline_validated,riscv_rand_jump_test,8008,/workspace/ibex/dv/uvm/out
179,case_179,bug_132,expansion_20260824,baseline_validated,riscv_rand_jump_test,8009,/workspace/ibex/dv/uvm/out
180,case_180,bug_132,expansion_20260824,baseline_validated,riscv_rand_jump_test,8010,/workspace/ibex/dv/uvm/out
181,case_181,bug_132,expansion_20260824,baseline_validated,riscv_rand_jump_test,8011,/workspace/ibex/dv/uvm/out
182,case_182,bug_132,expansion_20260824,baseline_validated,riscv_rand_jump_test,8012,/workspace/ibex/dv/uvm/out
183,case_183,bug_132,expansion_20260824,baseline_validated,riscv_rand_jump_test,8013,/workspace/ibex/dv/uvm/out
184,case_184,bug_132,expansion_20260824,baseline_validated,riscv_rand_jump_test,8014,/workspace/ibex/dv/uvm/out
185,case_185,bug_132,expansion_20260824,baseline_validated,riscv_rand_jump_test,8015,/workspace/ibex/dv/uvm/out
186,case_186,bug_132,expansion_20260824,baseline_validated,riscv_rand_jump_test,8016,/workspace/ibex/dv/uvm/out
187,case_187,bug_132,expansion_20260824,baseline_validated,riscv_rand_jump_test,8017,/workspace/ibex/dv/uvm/out
188,case_188,bug_132,expansion_20260824,baseline_validated,riscv_rand_jump_test,8018,/workspace/ibex/dv/uvm/out
189,case_189,bug_132,expansion_20260824,baseline_validated,riscv_rand_jump_test,8020,/workspace/ibex/dv/uvm/out
190,case_190,bug_133,expansion_20260824,baseline_validated,riscv_debug_branch_jump_test,8001,/workspace/ibex/dv/uvm/out
191,case_191,bug_133,expansion_20260824,baseline_validated,riscv_debug_branch_jump_test,8002,/workspace/ibex/dv/uvm/out
192,case_192,bug_133,expansion_20260824,baseline_validated,riscv_debug_branch_jump_test,8003,/workspace/ibex/dv/uvm/out
193,case_193,bug_133,expansion_20260824,baseline_validated,riscv_debug_branch_jump_test,8004,/workspace/ibex/dv/uvm/out
194,case_194,bug_133,expansion_20260824,baseline_validated,riscv_debug_branch_jump_test,8005,/workspace/ibex/dv/uvm/out
195,case_195,bug_133,expansion_20260824,baseline_validated,riscv_debug_branch_jump_test,8006,/workspace/ibex/dv/uvm/out
196,case_196,bug_133,expansion_20260824,baseline_validated,riscv_debug_branch_jump_test,8007,/workspace/ibex/dv/uvm/out
197,case_197,bug_133,expansion_20260824,baseline_validated,riscv_debug_branch_jump_test,8008,/workspace/ibex/dv/uvm/out
198,case_198,bug_133,expansion_20260824,baseline_validated,riscv_debug_branch_jump_test,8009,/workspace/ibex/dv/uvm/out
199,case_199,bug_133,expansion_20260824,baseline_validated,riscv_debug_branch_jump_test,8010,/workspace/ibex/dv/uvm/out
200,case_200,bug_133,expansion_20260824,baseline_validated,riscv_debug_branch_jump_test,8011,/workspace/ibex/dv/uvm/out
201,case_201,bug_133,expansion_20260824,baseline_validated,riscv_debug_branch_jump_test,8012,/workspace/ibex/dv/uvm/out
202,case_202,bug_133,expansion_20260824,baseline_validated,riscv_debug_branch_jump_test,8013,/workspace/ibex/dv/uvm/out
203,case_203,bug_133,expansion_20260824,baseline_validated,riscv_debug_branch_jump_test,8014,/workspace/ibex/dv/uvm/out
204,case_204,bug_133,expansion_20260824,baseline_validated,riscv_debug_branch_jump_test,8015,/workspace/ibex/dv/uvm/out
205,case_205,bug_133,expansion_20260824,baseline_validated,riscv_debug_branch_jump_test,8016,/workspace/ibex/dv/uvm/out
206,case_206,bug_133,expansion_20260824,baseline_validated,riscv_debug_branch_jump_test,8017,/workspace/ibex/dv/uvm/out
207,case_207,bug_133,expansion_20260824,baseline_validated,riscv_debug_branch_jump_test,8018,/workspace/ibex/dv/uvm/out
208,case_208,bug_133,expansion_20260824,baseline_validated,riscv_debug_branch_jump_test,8019,/workspace/ibex/dv/uvm/out
209,case_209,bug_133,expansion_20260824,baseline_validated,riscv_debug_branch_jump_test,8020,/workspace/ibex/dv/uvm/out
210,case_210,bug_133,expansion_20260824,baseline_validated,riscv_jump_stress_test,8001,/workspace/ibex/dv/uvm/out
211,case_211,bug_133,expansion_20260824,baseline_validated,riscv_jump_stress_test,8002,/workspace/ibex/dv/uvm/out
212,case_212,bug_133,expansion_20260824,baseline_validated,riscv_jump_stress_test,8003,/workspace/ibex/dv/uvm/out
213,case_213,bug_133,expansion_20260824,baseline_validated,riscv_jump_stress_test,8004,/workspace/ibex/dv/uvm/out
214,case_214,bug_133,expansion_20260824,baseline_validated,riscv_jump_stress_test,8005,/workspace/ibex/dv/uvm/out
215,case_215,bug_133,expansion_20260824,baseline_validated,riscv_jump_stress_test,8006,/workspace/ibex/dv/uvm/out
216,case_216,bug_133,expansion_20260824,baseline_validated,riscv_jump_stress_test,8007,/workspace/ibex/dv/uvm/out
217,case_217,bug_133,expansion_20260824,baseline_validated,riscv_jump_stress_test,8008,/workspace/ibex/dv/uvm/out
218,case_218,bug_133,expansion_20260824,baseline_validated,riscv_jump_stress_test,8009,/workspace/ibex/dv/uvm/out
219,case_219,bug_133,expansion_20260824,baseline_validated,riscv_jump_stress_test,8010,/workspace/ibex/dv/uvm/out
220,case_220,bug_133,expansion_20260824,baseline_validated,riscv_jump_stress_test,8011,/workspace/ibex/dv/uvm/out
221,case_221,bug_133,expansion_20260824,baseline_validated,riscv_jump_stress_test,8012,/workspace/ibex/dv/uvm/out
222,case_222,bug_133,expansion_20260824,baseline_validated,riscv_jump_stress_test,8013,/workspace/ibex/dv/uvm/out
223,case_223,bug_133,expansion_20260824,baseline_validated,riscv_jump_stress_test,8014,/workspace/ibex/dv/uvm/out
224,case_224,bug_133,expansion_20260824,baseline_validated,riscv_jump_stress_test,8015,/workspace/ibex/dv/uvm/out
225,case_225,bug_133,expansion_20260824,baseline_validated,riscv_jump_stress_test,8016,/workspace/ibex/dv/uvm/out
226,case_226,bug_133,expansion_20260824,baseline_validated,riscv_jump_stress_test,8017,/workspace/ibex/dv/uvm/out
227,case_227,bug_133,expansion_20260824,baseline_validated,riscv_jump_stress_test,8018,/workspace/ibex/dv/uvm/out
228,case_228,bug_133,expansion_20260824,baseline_validated,riscv_jump_stress_test,8019,/workspace/ibex/dv/uvm/out
229,case_229,bug_133,expansion_20260824,baseline_validated,riscv_jump_stress_test,8020,/workspace/ibex/dv/uvm/out
230,case_230,bug_133,expansion_20260824,baseline_validated,riscv_rand_jump_test,8001,/workspace/ibex/dv/uvm/out
231,case_231,bug_133,expansion_20260824,baseline_validated,riscv_rand_jump_test,8002,/workspace/ibex/dv/uvm/out
232,case_232,bug_133,expansion_20260824,baseline_validated,riscv_rand_jump_test,8003,/workspace/ibex/dv/uvm/out
233,case_233,bug_133,expansion_20260824,baseline_validated,riscv_rand_jump_test,8004,/workspace/ibex/dv/uvm/out
234,case_234,bug_133,expansion_20260824,baseline_validated,riscv_rand_jump_test,8005,/workspace/ibex/dv/uvm/out
235,case_235,bug_133,expansion_20260824,baseline_validated,riscv_rand_jump_test,8006,/workspace/ibex/dv/uvm/out
236,case_236,bug_133,expansion_20260824,baseline_validated,riscv_rand_jump_test,8007,/workspace/ibex/dv/uvm/out
237,case_237,bug_133,expansion_20260824,baseline_validated,riscv_rand_jump_test,8008,/workspace/ibex/dv/uvm/out
238,case_238,bug_133,expansion_20260824,baseline_validated,riscv_rand_jump_test,8009,/workspace/ibex/dv/uvm/out
239,case_239,bug_133,expansion_20260824,baseline_validated,riscv_rand_jump_test,8010,/workspace/ibex/dv/uvm/out
240,case_240,bug_133,expansion_20260824,baseline_validated,riscv_rand_jump_test,8011,/workspace/ibex/dv/uvm/out
241,case_241,bug_133,expansion_20260824,baseline_validated,riscv_rand_jump_test,8012,/workspace/ibex/dv/uvm/out
242,case_242,bug_133,expansion_20260824,baseline_validated,riscv_rand_jump_test,8013,/workspace/ibex/dv/uvm/out
243,case_243,bug_134,expansion_20260824,baseline_validated,riscv_debug_branch_jump_test,8001,/workspace/ibex/dv/uvm/out
244,case_244,bug_134,expansion_20260824,baseline_validated,riscv_debug_branch_jump_test,8002,/workspace/ibex/dv/uvm/out
245,case_245,bug_134,expansion_20260824,baseline_validated,riscv_debug_branch_jump_test,8003,/workspace/ibex/dv/uvm/out
246,case_246,bug_134,expansion_20260824,baseline_validated,riscv_debug_branch_jump_test,8004,/workspace/ibex/dv/uvm/out
247,case_247,bug_134,expansion_20260824,baseline_validated,riscv_debug_branch_jump_test,8005,/workspace/ibex/dv/uvm/out
248,case_248,bug_134,expansion_20260824,baseline_validated,riscv_debug_branch_jump_test,8006,/workspace/ibex/dv/uvm/out
249,case_249,bug_134,expansion_20260824,baseline_validated,riscv_debug_branch_jump_test,8007,/workspace/ibex/dv/uvm/out
250,case_250,bug_134,expansion_20260824,baseline_validated,riscv_debug_branch_jump_test,8008,/workspace/ibex/dv/uvm/out
251,case_251,bug_134,expansion_20260824,baseline_validated,riscv_debug_branch_jump_test,8009,/workspace/ibex/dv/uvm/out
252,case_252,bug_134,expansion_20260824,baseline_validated,riscv_debug_branch_jump_test,8010,/workspace/ibex/dv/uvm/out
253,case_253,bug_134,expansion_20260824,baseline_validated,riscv_debug_branch_jump_test,8011,/workspace/ibex/dv/uvm/out
254,case_254,bug_134,expansion_20260824,baseline_validated,riscv_debug_branch_jump_test,8012,/workspace/ibex/dv/uvm/out
255,case_255,bug_134,expansion_20260824,baseline_validated,riscv_debug_branch_jump_test,8013,/workspace/ibex/dv/uvm/out
256,case_256,bug_134,expansion_20260824,baseline_validated,riscv_debug_branch_jump_test,8014,/workspace/ibex/dv/uvm/out
257,case_257,bug_134,expansion_20260824,baseline_validated,riscv_debug_branch_jump_test,8015,/workspace/ibex/dv/uvm/out
258,case_258,bug_134,expansion_20260824,baseline_validated,riscv_debug_branch_jump_test,8016,/workspace/ibex/dv/uvm/out
259,case_259,bug_134,expansion_20260824,baseline_validated,riscv_debug_branch_jump_test,8017,/workspace/ibex/dv/uvm/out
260,case_260,bug_134,expansion_20260824,baseline_validated,riscv_debug_branch_jump_test,8018,/workspace/ibex/dv/uvm/out
261,case_261,bug_134,expansion_20260824,baseline_validated,riscv_debug_branch_jump_test,8019,/workspace/ibex/dv/uvm/out
262,case_262,bug_134,expansion_20260824,baseline_validated,riscv_debug_branch_jump_test,8020,/workspace/ibex/dv/uvm/out
263,case_263,bug_134,expansion_20260824,baseline_validated,riscv_rand_jump_test,8001,/workspace/ibex/dv/uvm/out
264,case_264,bug_134,expansion_20260824,baseline_validated,riscv_rand_jump_test,8003,/workspace/ibex/dv/uvm/out
265,case_265,bug_134,expansion_20260824,baseline_validated,riscv_rand_jump_test,8009,/workspace/ibex/dv/uvm/out
266,case_266,bug_134,expansion_20260824,baseline_validated,riscv_rand_jump_test,8010,/workspace/ibex/dv/uvm/out
267,case_267,bug_134,expansion_20260824,baseline_validated,riscv_rand_jump_test,8011,/workspace/ibex/dv/uvm/out
268,case_268,bug_134,expansion_20260824,baseline_validated,riscv_rand_jump_test,8012,/workspace/ibex/dv/uvm/out
269,case_269,bug_134,expansion_20260824,baseline_validated,riscv_rand_jump_test,8013,/workspace/ibex/dv/uvm/out
270,case_270,bug_134,expansion_20260824,baseline_validated,riscv_rand_jump_test,8014,/workspace/ibex/dv/uvm/out
271,case_271,bug_134,expansion_20260824,baseline_validated,riscv_rand_jump_test,8015,/workspace/ibex/dv/uvm/out
272,case_272,bug_134,expansion_20260824,baseline_validated,riscv_rand_jump_test,8016,/workspace/ibex/dv/uvm/out
273,case_273,bug_134,expansion_20260824,baseline_validated,riscv_rand_jump_test,8017,/workspace/ibex/dv/uvm/out
274,case_274,bug_136,expansion_20260824,baseline_validated,riscv_debug_branch_jump_test,8001,/workspace/ibex/dv/uvm/out
275,case_275,bug_136,expansion_20260824,baseline_validated,riscv_debug_branch_jump_test,8002,/workspace/ibex/dv/uvm/out
276,case_276,bug_136,expansion_20260824,baseline_validated,riscv_debug_branch_jump_test,8003,/workspace/ibex/dv/uvm/out
277,case_277,bug_136,expansion_20260824,baseline_validated,riscv_debug_branch_jump_test,8004,/workspace/ibex/dv/uvm/out
278,case_278,bug_136,expansion_20260824,baseline_validated,riscv_debug_branch_jump_test,8005,/workspace/ibex/dv/uvm/out
279,case_279,bug_136,expansion_20260824,baseline_validated,riscv_debug_branch_jump_test,8006,/workspace/ibex/dv/uvm/out
280,case_280,bug_136,expansion_20260824,baseline_validated,riscv_debug_branch_jump_test,8007,/workspace/ibex/dv/uvm/out
281,case_281,bug_136,expansion_20260824,baseline_validated,riscv_debug_branch_jump_test,8008,/workspace/ibex/dv/uvm/out
282,case_282,bug_136,expansion_20260824,baseline_validated,riscv_debug_branch_jump_test,8009,/workspace/ibex/dv/uvm/out
283,case_283,bug_136,expansion_20260824,baseline_validated,riscv_debug_branch_jump_test,8010,/workspace/ibex/dv/uvm/out
284,case_284,bug_136,expansion_20260824,baseline_validated,riscv_debug_branch_jump_test,8011,/workspace/ibex/dv/uvm/out
285,case_285,bug_136,expansion_20260824,baseline_validated,riscv_debug_branch_jump_test,8012,/workspace/ibex/dv/uvm/out
286,case_286,bug_136,expansion_20260824,baseline_validated,riscv_debug_branch_jump_test,8013,/workspace/ibex/dv/uvm/out
287,case_287,bug_136,expansion_20260824,baseline_validated,riscv_debug_branch_jump_test,8014,/workspace/ibex/dv/uvm/out
288,case_288,bug_136,expansion_20260824,baseline_validated,riscv_debug_branch_jump_test,8015,/workspace/ibex/dv/uvm/out
289,case_289,bug_136,expansion_20260824,baseline_validated,riscv_debug_branch_jump_test,8016,/workspace/ibex/dv/uvm/out
290,case_290,bug_136,expansion_20260824,baseline_validated,riscv_debug_branch_jump_test,8017,/workspace/ibex/dv/uvm/out
291,case_291,bug_136,expansion_20260824,baseline_validated,riscv_debug_branch_jump_test,8018,/workspace/ibex/dv/uvm/out
292,case_292,bug_136,expansion_20260824,baseline_validated,riscv_debug_branch_jump_test,8019,/workspace/ibex/dv/uvm/out
293,case_293,bug_136,expansion_20260824,baseline_validated,riscv_debug_branch_jump_test,8020,/workspace/ibex/dv/uvm/out
294,case_294,bug_136,expansion_20260824,baseline_validated,riscv_rand_jump_test,8001,/workspace/ibex/dv/uvm/out
295,case_295,bug_136,expansion_20260824,baseline_validated,riscv_rand_jump_test,8003,/workspace/ibex/dv/uvm/out
296,case_296,bug_136,expansion_20260824,baseline_validated,riscv_rand_jump_test,8004,/workspace/ibex/dv/uvm/out
297,case_297,bug_136,expansion_20260824,baseline_validated,riscv_rand_jump_test,8009,/workspace/ibex/dv/uvm/out
298,case_298,bug_136,expansion_20260824,baseline_validated,riscv_rand_jump_test,8011,/workspace/ibex/dv/uvm/out
299,case_299,bug_136,expansion_20260824,baseline_validated,riscv_rand_jump_test,8012,/workspace/ibex/dv/uvm/out
300,case_300,bug_136,expansion_20260824,baseline_validated,riscv_rand_jump_test,8013,/workspace/ibex/dv/uvm/out
301,case_301,bug_136,expansion_20260824,baseline_validated,riscv_rand_jump_test,8015,/workspace/ibex/dv/uvm/out
302,case_302,bug_140,expansion_20260824,baseline_validated,riscv_debug_branch_jump_test,8001,/workspace/ibex/dv/uvm/out
303,case_303,bug_140,expansion_20260824,baseline_validated,riscv_debug_branch_jump_test,8002,/workspace/ibex/dv/uvm/out
304,case_304,bug_140,expansion_20260824,baseline_validated,riscv_debug_branch_jump_test,8004,/workspace/ibex/dv/uvm/out
305,case_305,bug_140,expansion_20260824,baseline_validated,riscv_debug_branch_jump_test,8005,/workspace/ibex/dv/uvm/out
306,case_306,bug_140,expansion_20260824,baseline_validated,riscv_debug_branch_jump_test,8006,/workspace/ibex/dv/uvm/out
307,case_307,bug_140,expansion_20260824,baseline_validated,riscv_debug_branch_jump_test,8007,/workspace/ibex/dv/uvm/out
308,case_308,bug_140,expansion_20260824,baseline_validated,riscv_debug_branch_jump_test,8008,/workspace/ibex/dv/uvm/out
309,case_309,bug_140,expansion_20260824,baseline_validated,riscv_debug_branch_jump_test,8009,/workspace/ibex/dv/uvm/out
310,case_310,bug_140,expansion_20260824,baseline_validated,riscv_debug_branch_jump_test,8010,/workspace/ibex/dv/uvm/out
311,case_311,bug_140,expansion_20260824,baseline_validated,riscv_debug_branch_jump_test,8011,/workspace/ibex/dv/uvm/out
312,case_312,bug_140,expansion_20260824,baseline_validated,riscv_debug_branch_jump_test,8012,/workspace/ibex/dv/uvm/out
313,case_313,bug_140,expansion_20260824,baseline_validated,riscv_debug_branch_jump_test,8013,/workspace/ibex/dv/uvm/out
314,case_314,bug_140,expansion_20260824,baseline_validated,riscv_debug_branch_jump_test,8014,/workspace/ibex/dv/uvm/out
315,case_315,bug_140,expansion_20260824,baseline_validated,riscv_debug_branch_jump_test,8015,/workspace/ibex/dv/uvm/out
316,case_316,bug_140,expansion_20260824,baseline_validated,riscv_debug_branch_jump_test,8016,/workspace/ibex/dv/uvm/out
317,case_317,bug_140,expansion_20260824,baseline_validated,riscv_debug_branch_jump_test,8017,/workspace/ibex/dv/uvm/out
318,case_318,bug_140,expansion_20260824,baseline_validated,riscv_debug_branch_jump_test,8018,/workspace/ibex/dv/uvm/out
319,case_319,bug_140,expansion_20260824,baseline_validated,riscv_debug_branch_jump_test,8019,/workspace/ibex/dv/uvm/out
320,case_320,bug_140,expansion_20260824,baseline_validated,riscv_debug_branch_jump_test,8020,/workspace/ibex/dv/uvm/out
321,case_321,bug_140,expansion_20260824,baseline_validated,riscv_rand_jump_test,8001,/workspace/ibex/dv/uvm/out
322,case_322,bug_140,expansion_20260824,baseline_validated,riscv_rand_jump_test,8002,/workspace/ibex/dv/uvm/out
323,case_323,bug_140,expansion_20260824,baseline_validated,riscv_rand_jump_test,8003,/workspace/ibex/dv/uvm/out
324,case_324,bug_140,expansion_20260824,baseline_validated,riscv_rand_jump_test,8004,/workspace/ibex/dv/uvm/out
325,case_325,bug_140,expansion_20260824,baseline_validated,riscv_rand_jump_test,8006,/workspace/ibex/dv/uvm/out
326,case_326,bug_140,expansion_20260824,baseline_validated,riscv_rand_jump_test,8009,/workspace/ibex/dv/uvm/out
327,case_327,bug_140,expansion_20260824,baseline_validated,riscv_rand_jump_test,8010,/workspace/ibex/dv/uvm/out
328,case_328,bug_140,expansion_20260824,baseline_validated,riscv_rand_jump_test,8011,/workspace/ibex/dv/uvm/out
329,case_329,bug_140,expansion_20260824,baseline_validated,riscv_rand_jump_test,8012,/workspace/ibex/dv/uvm/out
330,case_330,bug_140,expansion_20260824,baseline_validated,riscv_rand_jump_test,8013,/workspace/ibex/dv/uvm/out
331,case_331,bug_140,expansion_20260824,baseline_validated,riscv_rand_jump_test,8014,/workspace/ibex/dv/uvm/out
332,case_332,bug_140,expansion_20260824,baseline_validated,riscv_rand_jump_test,8015,/workspace/ibex/dv/uvm/out
333,case_333,bug_140,expansion_20260824,baseline_validated,riscv_rand_jump_test,8017,/workspace/ibex/dv/uvm/out
334,case_334,bug_141,expansion_20260824,baseline_validated,riscv_debug_branch_jump_test,8001,/workspace/ibex/dv/uvm/out
335,case_335,bug_141,expansion_20260824,baseline_validated,riscv_debug_branch_jump_test,8002,/workspace/ibex/dv/uvm/out
336,case_336,bug_141,expansion_20260824,baseline_validated,riscv_debug_branch_jump_test,8003,/workspace/ibex/dv/uvm/out
337,case_337,bug_141,expansion_20260824,baseline_validated,riscv_debug_branch_jump_test,8004,/workspace/ibex/dv/uvm/out
338,case_338,bug_141,expansion_20260824,baseline_validated,riscv_debug_branch_jump_test,8005,/workspace/ibex/dv/uvm/out
339,case_339,bug_141,expansion_20260824,baseline_validated,riscv_debug_branch_jump_test,8006,/workspace/ibex/dv/uvm/out
340,case_340,bug_141,expansion_20260824,baseline_validated,riscv_debug_branch_jump_test,8007,/workspace/ibex/dv/uvm/out
341,case_341,bug_141,expansion_20260824,baseline_validated,riscv_debug_branch_jump_test,8008,/workspace/ibex/dv/uvm/out
342,case_342,bug_141,expansion_20260824,baseline_validated,riscv_debug_branch_jump_test,8009,/workspace/ibex/dv/uvm/out
343,case_343,bug_141,expansion_20260824,baseline_validated,riscv_debug_branch_jump_test,8010,/workspace/ibex/dv/uvm/out
344,case_344,bug_141,expansion_20260824,baseline_validated,riscv_debug_branch_jump_test,8011,/workspace/ibex/dv/uvm/out
345,case_345,bug_141,expansion_20260824,baseline_validated,riscv_debug_branch_jump_test,8012,/workspace/ibex/dv/uvm/out
346,case_346,bug_141,expansion_20260824,baseline_validated,riscv_debug_branch_jump_test,8013,/workspace/ibex/dv/uvm/out
347,case_347,bug_141,expansion_20260824,baseline_validated,riscv_debug_branch_jump_test,8014,/workspace/ibex/dv/uvm/out
348,case_348,bug_141,expansion_20260824,baseline_validated,riscv_debug_branch_jump_test,8015,/workspace/ibex/dv/uvm/out
349,case_349,bug_141,expansion_20260824,baseline_validated,riscv_debug_branch_jump_test,8016,/workspace/ibex/dv/uvm/out
350,case_350,bug_141,expansion_20260824,baseline_validated,riscv_debug_branch_jump_test,8017,/workspace/ibex/dv/uvm/out
351,case_351,bug_141,expansion_20260824,baseline_validated,riscv_debug_branch_jump_test,8018,/workspace/ibex/dv/uvm/out
352,case_352,bug_141,expansion_20260824,baseline_validated,riscv_debug_branch_jump_test,8019,/workspace/ibex/dv/uvm/out
353,case_353,bug_141,expansion_20260824,baseline_validated,riscv_debug_branch_jump_test,8020,/workspace/ibex/dv/uvm/out
354,case_354,bug_141,expansion_20260824,baseline_validated,riscv_jump_stress_test,8001,/workspace/ibex/dv/uvm/out
355,case_355,bug_141,expansion_20260824,baseline_validated,riscv_jump_stress_test,8002,/workspace/ibex/dv/uvm/out
356,case_356,bug_141,expansion_20260824,baseline_validated,riscv_jump_stress_test,8003,/workspace/ibex/dv/uvm/out
357,case_357,bug_141,expansion_20260824,baseline_validated,riscv_jump_stress_test,8004,/workspace/ibex/dv/uvm/out
358,case_358,bug_141,expansion_20260824,baseline_validated,riscv_jump_stress_test,8005,/workspace/ibex/dv/uvm/out
359,case_359,bug_141,expansion_20260824,baseline_validated,riscv_jump_stress_test,8006,/workspace/ibex/dv/uvm/out
360,case_360,bug_141,expansion_20260824,baseline_validated,riscv_jump_stress_test,8007,/workspace/ibex/dv/uvm/out
361,case_361,bug_141,expansion_20260824,baseline_validated,riscv_jump_stress_test,8008,/workspace/ibex/dv/uvm/out
362,case_362,bug_141,expansion_20260824,baseline_validated,riscv_jump_stress_test,8009,/workspace/ibex/dv/uvm/out
363,case_363,bug_141,expansion_20260824,baseline_validated,riscv_jump_stress_test,8011,/workspace/ibex/dv/uvm/out
364,case_364,bug_141,expansion_20260824,baseline_validated,riscv_jump_stress_test,8012,/workspace/ibex/dv/uvm/out
365,case_365,bug_141,expansion_20260824,baseline_validated,riscv_jump_stress_test,8013,/workspace/ibex/dv/uvm/out
366,case_366,bug_141,expansion_20260824,baseline_validated,riscv_jump_stress_test,8014,/workspace/ibex/dv/uvm/out
367,case_367,bug_141,expansion_20260824,baseline_validated,riscv_jump_stress_test,8015,/workspace/ibex/dv/uvm/out
368,case_368,bug_141,expansion_20260824,baseline_validated,riscv_jump_stress_test,8016,/workspace/ibex/dv/uvm/out
369,case_369,bug_141,expansion_20260824,baseline_validated,riscv_jump_stress_test,8017,/workspace/ibex/dv/uvm/out
370,case_370,bug_141,expansion_20260824,baseline_validated,riscv_jump_stress_test,8018,/workspace/ibex/dv/uvm/out
371,case_371,bug_141,expansion_20260824,baseline_validated,riscv_jump_stress_test,8019,/workspace/ibex/dv/uvm/out
372,case_372,bug_141,expansion_20260824,baseline_validated,riscv_jump_stress_test,8020,/workspace/ibex/dv/uvm/out
373,case_373,bug_141,expansion_20260824,baseline_validated,riscv_rand_jump_test,8004,/workspace/ibex/dv/uvm/out
374,case_374,bug_141,expansion_20260824,baseline_validated,riscv_rand_jump_test,8009,/workspace/ibex/dv/uvm/out
375,case_375,bug_141,expansion_20260824,baseline_validated,riscv_rand_jump_test,8012,/workspace/ibex/dv/uvm/out
376,case_376,bug_141,expansion_20260824,baseline_validated,riscv_rand_jump_test,8013,/workspace/ibex/dv/uvm/out
377,case_377,bug_141,expansion_20260824,baseline_validated,riscv_rand_jump_test,8014,/workspace/ibex/dv/uvm/out
378,case_378,bug_142,expansion_20260824,baseline_validated,riscv_debug_branch_jump_test,8001,/workspace/ibex/dv/uvm/out
379,case_379,bug_142,expansion_20260824,baseline_validated,riscv_debug_branch_jump_test,8002,/workspace/ibex/dv/uvm/out
380,case_380,bug_142,expansion_20260824,baseline_validated,riscv_debug_branch_jump_test,8003,/workspace/ibex/dv/uvm/out
381,case_381,bug_142,expansion_20260824,baseline_validated,riscv_debug_branch_jump_test,8004,/workspace/ibex/dv/uvm/out
382,case_382,bug_142,expansion_20260824,baseline_validated,riscv_debug_branch_jump_test,8005,/workspace/ibex/dv/uvm/out
383,case_383,bug_142,expansion_20260824,baseline_validated,riscv_debug_branch_jump_test,8006,/workspace/ibex/dv/uvm/out
384,case_384,bug_142,expansion_20260824,baseline_validated,riscv_debug_branch_jump_test,8007,/workspace/ibex/dv/uvm/out
385,case_385,bug_142,expansion_20260824,baseline_validated,riscv_debug_branch_jump_test,8008,/workspace/ibex/dv/uvm/out
386,case_386,bug_142,expansion_20260824,baseline_validated,riscv_debug_branch_jump_test,8009,/workspace/ibex/dv/uvm/out
387,case_387,bug_142,expansion_20260824,baseline_validated,riscv_debug_branch_jump_test,8010,/workspace/ibex/dv/uvm/out
388,case_388,bug_142,expansion_20260824,baseline_validated,riscv_debug_branch_jump_test,8011,/workspace/ibex/dv/uvm/out
389,case_389,bug_142,expansion_20260824,baseline_validated,riscv_debug_branch_jump_test,8012,/workspace/ibex/dv/uvm/out
390,case_390,bug_142,expansion_20260824,baseline_validated,riscv_debug_branch_jump_test,8013,/workspace/ibex/dv/uvm/out
391,case_391,bug_142,expansion_20260824,baseline_validated,riscv_debug_branch_jump_test,8014,/workspace/ibex/dv/uvm/out
392,case_392,bug_142,expansion_20260824,baseline_validated,riscv_debug_branch_jump_test,8015,/workspace/ibex/dv/uvm/out
393,case_393,bug_142,expansion_20260824,baseline_validated,riscv_debug_branch_jump_test,8016,/workspace/ibex/dv/uvm/out
394,case_394,bug_142,expansion_20260824,baseline_validated,riscv_debug_branch_jump_test,8017,/workspace/ibex/dv/uvm/out
395,case_395,bug_142,expansion_20260824,baseline_validated,riscv_debug_branch_jump_test,8018,/workspace/ibex/dv/uvm/out
396,case_396,bug_142,expansion_20260824,baseline_validated,riscv_debug_branch_jump_test,8019,/workspace/ibex/dv/uvm/out
397,case_397,bug_142,expansion_20260824,baseline_validated,riscv_debug_branch_jump_test,8020,/workspace/ibex/dv/uvm/out
398,case_398,bug_142,expansion_20260824,baseline_validated,riscv_rand_jump_test,8002,/workspace/ibex/dv/uvm/out
399,case_399,bug_142,expansion_20260824,baseline_validated,riscv_rand_jump_test,8004,/workspace/ibex/dv/uvm/out
400,case_400,bug_142,expansion_20260824,baseline_validated,riscv_rand_jump_test,8006,/workspace/ibex/dv/uvm/out
401,case_401,bug_142,expansion_20260824,baseline_validated,riscv_rand_jump_test,8009,/workspace/ibex/dv/uvm/out
402,case_402,bug_142,expansion_20260824,baseline_validated,riscv_rand_jump_test,8010,/workspace/ibex/dv/uvm/out
403,case_403,bug_142,expansion_20260824,baseline_validated,riscv_rand_jump_test,8011,/workspace/ibex/dv/uvm/out
404,case_404,bug_142,expansion_20260824,baseline_validated,riscv_rand_jump_test,8013,/workspace/ibex/dv/uvm/out
405,case_405,bug_142,expansion_20260824,baseline_validated,riscv_rand_jump_test,8014,/workspace/ibex/dv/uvm/out
406,case_406,bug_142,expansion_20260824,baseline_validated,riscv_rand_jump_test,8015,/workspace/ibex/dv/uvm/out
407,case_407,bug_142,expansion_20260824,baseline_validated,riscv_rand_jump_test,8016,/workspace/ibex/dv/uvm/out
408,case_408,bug_142,expansion_20260824,baseline_validated,riscv_rand_jump_test,8017,/workspace/ibex/dv/uvm/out
409,case_409,bug_143,expansion_20260824,baseline_validated,riscv_rand_instr_test,8001,/workspace/ibex/dv/uvm/out
410,case_410,bug_143,expansion_20260824,baseline_validated,riscv_rand_instr_test,8002,/workspace/ibex/dv/uvm/out
411,case_411,bug_143,expansion_20260824,baseline_validated,riscv_rand_instr_test,8003,/workspace/ibex/dv/uvm/out
412,case_412,bug_143,expansion_20260824,baseline_validated,riscv_rand_instr_test,8004,/workspace/ibex/dv/uvm/out
413,case_413,bug_143,expansion_20260824,baseline_validated,riscv_rand_instr_test,8005,/workspace/ibex/dv/uvm/out
414,case_414,bug_143,expansion_20260824,baseline_validated,riscv_rand_instr_test,8006,/workspace/ibex/dv/uvm/out
415,case_415,bug_143,expansion_20260824,baseline_validated,riscv_rand_instr_test,8007,/workspace/ibex/dv/uvm/out
416,case_416,bug_143,expansion_20260824,baseline_validated,riscv_rand_instr_test,8008,/workspace/ibex/dv/uvm/out
417,case_417,bug_143,expansion_20260824,baseline_validated,riscv_rand_instr_test,8009,/workspace/ibex/dv/uvm/out
418,case_418,bug_143,expansion_20260824,baseline_validated,riscv_rand_instr_test,8010,/workspace/ibex/dv/uvm/out
419,case_419,bug_143,expansion_20260824,baseline_validated,riscv_rand_instr_test,8011,/workspace/ibex/dv/uvm/out
420,case_420,bug_143,expansion_20260824,baseline_validated,riscv_rand_instr_test,8012,/workspace/ibex/dv/uvm/out
421,case_421,bug_143,expansion_20260824,baseline_validated,riscv_rand_instr_test,8013,/workspace/ibex/dv/uvm/out
422,case_422,bug_143,expansion_20260824,baseline_validated,riscv_rand_instr_test,8014,/workspace/ibex/dv/uvm/out
423,case_423,bug_143,expansion_20260824,baseline_validated,riscv_rand_instr_test,8015,/workspace/ibex/dv/uvm/out
424,case_424,bug_143,expansion_20260824,baseline_validated,riscv_rand_instr_test,8016,/workspace/ibex/dv/uvm/out
425,case_425,bug_143,expansion_20260824,baseline_validated,riscv_rand_instr_test,8017,/workspace/ibex/dv/uvm/out
426,case_426,bug_143,expansion_20260824,baseline_validated,riscv_rand_instr_test,8018,/workspace/ibex/dv/uvm/out
427,case_427,bug_143,expansion_20260824,baseline_validated,riscv_rand_instr_test,8019,/workspace/ibex/dv/uvm/out
428,case_428,bug_143,expansion_20260824,baseline_validated,riscv_rand_instr_test,8020,/workspace/ibex/dv/uvm/out
429,case_429,bug_143,expansion_20260824,baseline_validated,riscv_rand_jump_test,8001,/workspace/ibex/dv/uvm/out
430,case_430,bug_143,expansion_20260824,baseline_validated,riscv_rand_jump_test,8002,/workspace/ibex/dv/uvm/out
431,case_431,bug_143,expansion_20260824,baseline_validated,riscv_rand_jump_test,8003,/workspace/ibex/dv/uvm/out
432,case_432,bug_143,expansion_20260824,baseline_validated,riscv_rand_jump_test,8004,/workspace/ibex/dv/uvm/out
433,case_433,bug_143,expansion_20260824,baseline_validated,riscv_rand_jump_test,8005,/workspace/ibex/dv/uvm/out
434,case_434,bug_143,expansion_20260824,baseline_validated,riscv_rand_jump_test,8006,/workspace/ibex/dv/uvm/out
435,case_435,bug_143,expansion_20260824,baseline_validated,riscv_rand_jump_test,8007,/workspace/ibex/dv/uvm/out
436,case_436,bug_143,expansion_20260824,baseline_validated,riscv_rand_jump_test,8009,/workspace/ibex/dv/uvm/out
437,case_437,bug_143,expansion_20260824,baseline_validated,riscv_rand_jump_test,8010,/workspace/ibex/dv/uvm/out
438,case_438,bug_143,expansion_20260824,baseline_validated,riscv_rand_jump_test,8011,/workspace/ibex/dv/uvm/out
439,case_439,bug_143,expansion_20260824,baseline_validated,riscv_rand_jump_test,8012,/workspace/ibex/dv/uvm/out
440,case_440,bug_143,expansion_20260824,baseline_validated,riscv_rand_jump_test,8013,/workspace/ibex/dv/uvm/out
441,case_441,bug_143,expansion_20260824,baseline_validated,riscv_rand_jump_test,8014,/workspace/ibex/dv/uvm/out
442,case_442,bug_143,expansion_20260824,baseline_validated,riscv_rand_jump_test,8015,/workspace/ibex/dv/uvm/out
443,case_443,bug_143,expansion_20260824,baseline_validated,riscv_rand_jump_test,8016,/workspace/ibex/dv/uvm/out
444,case_444,bug_143,expansion_20260824,baseline_validated,riscv_rand_jump_test,8017,/workspace/ibex/dv/uvm/out
445,case_445,bug_143,expansion_20260824,baseline_validated,riscv_rand_jump_test,8018,/workspace/ibex/dv/uvm/out
446,case_446,bug_145,expansion_20260824,baseline_validated,riscv_machine_mode_rand_test,8001,/workspace/ibex/dv/uvm/out
447,case_447,bug_145,expansion_20260824,baseline_validated,riscv_machine_mode_rand_test,8002,/workspace/ibex/dv/uvm/out
448,case_448,bug_145,expansion_20260824,baseline_validated,riscv_machine_mode_rand_test,8003,/workspace/ibex/dv/uvm/out
449,case_449,bug_145,expansion_20260824,baseline_validated,riscv_machine_mode_rand_test,8004,/workspace/ibex/dv/uvm/out
450,case_450,bug_145,expansion_20260824,baseline_validated,riscv_machine_mode_rand_test,8005,/workspace/ibex/dv/uvm/out
451,case_451,bug_145,expansion_20260824,baseline_validated,riscv_machine_mode_rand_test,8006,/workspace/ibex/dv/uvm/out
452,case_452,bug_145,expansion_20260824,baseline_validated,riscv_machine_mode_rand_test,8007,/workspace/ibex/dv/uvm/out
453,case_453,bug_145,expansion_20260824,baseline_validated,riscv_machine_mode_rand_test,8008,/workspace/ibex/dv/uvm/out
454,case_454,bug_145,expansion_20260824,baseline_validated,riscv_machine_mode_rand_test,8009,/workspace/ibex/dv/uvm/out
455,case_455,bug_145,expansion_20260824,baseline_validated,riscv_machine_mode_rand_test,8010,/workspace/ibex/dv/uvm/out
456,case_456,bug_145,expansion_20260824,baseline_validated,riscv_machine_mode_rand_test,8011,/workspace/ibex/dv/uvm/out
457,case_457,bug_145,expansion_20260824,baseline_validated,riscv_machine_mode_rand_test,8012,/workspace/ibex/dv/uvm/out
458,case_458,bug_145,expansion_20260824,baseline_validated,riscv_machine_mode_rand_test,8013,/workspace/ibex/dv/uvm/out
459,case_459,bug_145,expansion_20260824,baseline_validated,riscv_machine_mode_rand_test,8014,/workspace/ibex/dv/uvm/out
460,case_460,bug_145,expansion_20260824,baseline_validated,riscv_machine_mode_rand_test,8015,/workspace/ibex/dv/uvm/out
461,case_461,bug_145,expansion_20260824,baseline_validated,riscv_machine_mode_rand_test,8016,/workspace/ibex/dv/uvm/out
462,case_462,bug_145,expansion_20260824,baseline_validated,riscv_machine_mode_rand_test,8017,/workspace/ibex/dv/uvm/out
463,case_463,bug_145,expansion_20260824,baseline_validated,riscv_machine_mode_rand_test,8018,/workspace/ibex/dv/uvm/out
464,case_464,bug_145,expansion_20260824,baseline_validated,riscv_machine_mode_rand_test,8019,/workspace/ibex/dv/uvm/out
465,case_465,bug_145,expansion_20260824,baseline_validated,riscv_machine_mode_rand_test,8020,/workspace/ibex/dv/uvm/out
466,case_466,bug_145,expansion_20260824,baseline_validated,riscv_rv32im_instr_test,8001,/workspace/ibex/dv/uvm/out
467,case_467,bug_145,expansion_20260824,baseline_validated,riscv_rv32im_instr_test,8002,/workspace/ibex/dv/uvm/out
468,case_468,bug_145,expansion_20260824,baseline_validated,riscv_rv32im_instr_test,8003,/workspace/ibex/dv/uvm/out
469,case_469,bug_145,expansion_20260824,baseline_validated,riscv_rv32im_instr_test,8004,/workspace/ibex/dv/uvm/out
470,case_470,bug_145,expansion_20260824,baseline_validated,riscv_rv32im_instr_test,8005,/workspace/ibex/dv/uvm/out
471,case_471,bug_145,expansion_20260824,baseline_validated,riscv_rv32im_instr_test,8006,/workspace/ibex/dv/uvm/out
472,case_472,bug_145,expansion_20260824,baseline_validated,riscv_rv32im_instr_test,8007,/workspace/ibex/dv/uvm/out
473,case_473,bug_145,expansion_20260824,baseline_validated,riscv_rv32im_instr_test,8008,/workspace/ibex/dv/uvm/out
474,case_474,bug_145,expansion_20260824,baseline_validated,riscv_rv32im_instr_test,8009,/workspace/ibex/dv/uvm/out
475,case_475,bug_145,expansion_20260824,baseline_validated,riscv_rv32im_instr_test,8010,/workspace/ibex/dv/uvm/out
476,case_476,bug_145,expansion_20260824,baseline_validated,riscv_rv32im_instr_test,8011,/workspace/ibex/dv/uvm/out
477,case_477,bug_145,expansion_20260824,baseline_validated,riscv_rv32im_instr_test,8012,/workspace/ibex/dv/uvm/out
478,case_478,bug_145,expansion_20260824,baseline_validated,riscv_rv32im_instr_test,8013,/workspace/ibex/dv/uvm/out
479,case_479,bug_145,expansion_20260824,baseline_validated,riscv_rv32im_instr_test,8014,/workspace/ibex/dv/uvm/out
480,case_480,bug_145,expansion_20260824,baseline_validated,riscv_rv32im_instr_test,8015,/workspace/ibex/dv/uvm/out
481,case_481,bug_145,expansion_20260824,baseline_validated,riscv_rv32im_instr_test,8016,/workspace/ibex/dv/uvm/out
482,case_482,bug_145,expansion_20260824,baseline_validated,riscv_rv32im_instr_test,8017,/workspace/ibex/dv/uvm/out
483,case_483,bug_145,expansion_20260824,baseline_validated,riscv_rv32im_instr_test,8018,/workspace/ibex/dv/uvm/out
484,case_484,bug_145,expansion_20260824,baseline_validated,riscv_rv32im_instr_test,8019,/workspace/ibex/dv/uvm/out
485,case_485,bug_145,expansion_20260824,baseline_validated,riscv_rv32im_instr_test,8020,/workspace/ibex/dv/uvm/out
486,case_486,bug_146,expansion_20260824,baseline_validated,riscv_rand_instr_test,8002,/workspace/ibex/dv/uvm/out
487,case_487,bug_146,expansion_20260824,baseline_validated,riscv_rand_instr_test,8003,/workspace/ibex/dv/uvm/out
488,case_488,bug_146,expansion_20260824,baseline_validated,riscv_rand_instr_test,8004,/workspace/ibex/dv/uvm/out
489,case_489,bug_146,expansion_20260824,baseline_validated,riscv_rand_instr_test,8005,/workspace/ibex/dv/uvm/out
490,case_490,bug_146,expansion_20260824,baseline_validated,riscv_rand_instr_test,8006,/workspace/ibex/dv/uvm/out
491,case_491,bug_146,expansion_20260824,baseline_validated,riscv_rand_instr_test,8007,/workspace/ibex/dv/uvm/out
492,case_492,bug_146,expansion_20260824,baseline_validated,riscv_rand_instr_test,8008,/workspace/ibex/dv/uvm/out
493,case_493,bug_146,expansion_20260824,baseline_validated,riscv_rand_instr_test,8009,/workspace/ibex/dv/uvm/out
494,case_494,bug_146,expansion_20260824,baseline_validated,riscv_rand_instr_test,8010,/workspace/ibex/dv/uvm/out
495,case_495,bug_146,expansion_20260824,baseline_validated,riscv_rv32im_instr_test,8001,/workspace/ibex/dv/uvm/out
496,case_496,bug_146,expansion_20260824,baseline_validated,riscv_rv32im_instr_test,8002,/workspace/ibex/dv/uvm/out
497,case_497,bug_146,expansion_20260824,baseline_validated,riscv_rv32im_instr_test,8003,/workspace/ibex/dv/uvm/out
498,case_498,bug_146,expansion_20260824,baseline_validated,riscv_rv32im_instr_test,8004,/workspace/ibex/dv/uvm/out
499,case_499,bug_146,expansion_20260824,baseline_validated,riscv_rv32im_instr_test,8005,/workspace/ibex/dv/uvm/out
500,case_500,bug_146,expansion_20260824,baseline_validated,riscv_rv32im_instr_test,8006,/workspace/ibex/dv/uvm/out
501,case_501,bug_146,expansion_20260824,baseline_validated,riscv_rv32im_instr_test,8007,/workspace/ibex/dv/uvm/out
502,case_502,bug_146,expansion_20260824,baseline_validated,riscv_rv32im_instr_test,8008,/workspace/ibex/dv/uvm/out
503,case_503,bug_146,expansion_20260824,baseline_validated,riscv_rv32im_instr_test,8009,/workspace/ibex/dv/uvm/out
504,case_504,bug_146,expansion_20260824,baseline_validated,riscv_rv32im_instr_test,8010,/workspace/ibex/dv/uvm/out
505,case_505,bug_147,expansion_20260824,baseline_validated,riscv_mmu_stress_test,8001,/workspace/ibex/dv/uvm/out
506,case_506,bug_147,expansion_20260824,baseline_validated,riscv_mmu_stress_test,8002,/workspace/ibex/dv/uvm/out
507,case_507,bug_147,expansion_20260824,baseline_validated,riscv_mmu_stress_test,8003,/workspace/ibex/dv/uvm/out
508,case_508,bug_147,expansion_20260824,baseline_validated,riscv_mmu_stress_test,8004,/workspace/ibex/dv/uvm/out
509,case_509,bug_147,expansion_20260824,baseline_validated,riscv_mmu_stress_test,8005,/workspace/ibex/dv/uvm/out
510,case_510,bug_147,expansion_20260824,baseline_validated,riscv_mmu_stress_test,8006,/workspace/ibex/dv/uvm/out
511,case_511,bug_147,expansion_20260824,baseline_validated,riscv_mmu_stress_test,8007,/workspace/ibex/dv/uvm/out
512,case_512,bug_147,expansion_20260824,baseline_validated,riscv_mmu_stress_test,8008,/workspace/ibex/dv/uvm/out
513,case_513,bug_147,expansion_20260824,baseline_validated,riscv_mmu_stress_test,8009,/workspace/ibex/dv/uvm/out
514,case_514,bug_147,expansion_20260824,baseline_validated,riscv_mmu_stress_test,8010,/workspace/ibex/dv/uvm/out
515,case_515,bug_147,expansion_20260824,baseline_validated,riscv_mmu_stress_test,8011,/workspace/ibex/dv/uvm/out
516,case_516,bug_147,expansion_20260824,baseline_validated,riscv_mmu_stress_test,8012,/workspace/ibex/dv/uvm/out
517,case_517,bug_147,expansion_20260824,baseline_validated,riscv_mmu_stress_test,8013,/workspace/ibex/dv/uvm/out
518,case_518,bug_147,expansion_20260824,baseline_validated,riscv_mmu_stress_test,8014,/workspace/ibex/dv/uvm/out
519,case_519,bug_147,expansion_20260824,baseline_validated,riscv_mmu_stress_test,8015,/workspace/ibex/dv/uvm/out
520,case_520,bug_147,expansion_20260824,baseline_validated,riscv_mmu_stress_test,8016,/workspace/ibex/dv/uvm/out
521,case_521,bug_147,expansion_20260824,baseline_validated,riscv_mmu_stress_test,8017,/workspace/ibex/dv/uvm/out
522,case_522,bug_147,expansion_20260824,baseline_validated,riscv_mmu_stress_test,8018,/workspace/ibex/dv/uvm/out
523,case_523,bug_147,expansion_20260824,baseline_validated,riscv_mmu_stress_test,8019,/workspace/ibex/dv/uvm/out
524,case_524,bug_147,expansion_20260824,baseline_validated,riscv_mmu_stress_test,8020,/workspace/ibex/dv/uvm/out
525,case_525,bug_147,expansion_20260824,baseline_validated,riscv_unaligned_load_store_test,8001,/workspace/ibex/dv/uvm/out
526,case_526,bug_147,expansion_20260824,baseline_validated,riscv_unaligned_load_store_test,8002,/workspace/ibex/dv/uvm/out
527,case_527,bug_147,expansion_20260824,baseline_validated,riscv_unaligned_load_store_test,8003,/workspace/ibex/dv/uvm/out
528,case_528,bug_147,expansion_20260824,baseline_validated,riscv_unaligned_load_store_test,8004,/workspace/ibex/dv/uvm/out
529,case_529,bug_147,expansion_20260824,baseline_validated,riscv_unaligned_load_store_test,8005,/workspace/ibex/dv/uvm/out
530,case_530,bug_147,expansion_20260824,baseline_validated,riscv_unaligned_load_store_test,8006,/workspace/ibex/dv/uvm/out
531,case_531,bug_147,expansion_20260824,baseline_validated,riscv_unaligned_load_store_test,8007,/workspace/ibex/dv/uvm/out
532,case_532,bug_147,expansion_20260824,baseline_validated,riscv_unaligned_load_store_test,8008,/workspace/ibex/dv/uvm/out
533,case_533,bug_147,expansion_20260824,baseline_validated,riscv_unaligned_load_store_test,8009,/workspace/ibex/dv/uvm/out
534,case_534,bug_147,expansion_20260824,baseline_validated,riscv_unaligned_load_store_test,8010,/workspace/ibex/dv/uvm/out
535,case_535,bug_147,expansion_20260824,baseline_validated,riscv_unaligned_load_store_test,8011,/workspace/ibex/dv/uvm/out
536,case_536,bug_147,expansion_20260824,baseline_validated,riscv_unaligned_load_store_test,8012,/workspace/ibex/dv/uvm/out
537,case_537,bug_147,expansion_20260824,baseline_validated,riscv_unaligned_load_store_test,8013,/workspace/ibex/dv/uvm/out
538,case_538,bug_147,expansion_20260824,baseline_validated,riscv_unaligned_load_store_test,8014,/workspace/ibex/dv/uvm/out
539,case_539,bug_147,expansion_20260824,baseline_validated,riscv_unaligned_load_store_test,8015,/workspace/ibex/dv/uvm/out
540,case_540,bug_147,expansion_20260824,baseline_validated,riscv_unaligned_load_store_test,8016,/workspace/ibex/dv/uvm/out
541,case_541,bug_147,expansion_20260824,baseline_validated,riscv_unaligned_load_store_test,8017,/workspace/ibex/dv/uvm/out
542,case_542,bug_147,expansion_20260824,baseline_validated,riscv_unaligned_load_store_test,8018,/workspace/ibex/dv/uvm/out
543,case_543,bug_147,expansion_20260824,baseline_validated,riscv_unaligned_load_store_test,8019,/workspace/ibex/dv/uvm/out
544,case_544,bug_147,expansion_20260824,baseline_validated,riscv_unaligned_load_store_test,8020,/workspace/ibex/dv/uvm/out
545,case_545,bug_148,expansion_20260824,baseline_validated,riscv_mmu_stress_test,8001,/workspace/ibex/dv/uvm/out
546,case_546,bug_148,expansion_20260824,baseline_validated,riscv_mmu_stress_test,8002,/workspace/ibex/dv/uvm/out
547,case_547,bug_148,expansion_20260824,baseline_validated,riscv_mmu_stress_test,8003,/workspace/ibex/dv/uvm/out
548,case_548,bug_148,expansion_20260824,baseline_validated,riscv_mmu_stress_test,8004,/workspace/ibex/dv/uvm/out
549,case_549,bug_148,expansion_20260824,baseline_validated,riscv_mmu_stress_test,8005,/workspace/ibex/dv/uvm/out
550,case_550,bug_148,expansion_20260824,baseline_validated,riscv_mmu_stress_test,8006,/workspace/ibex/dv/uvm/out
551,case_551,bug_148,expansion_20260824,baseline_validated,riscv_mmu_stress_test,8007,/workspace/ibex/dv/uvm/out
552,case_552,bug_148,expansion_20260824,baseline_validated,riscv_mmu_stress_test,8008,/workspace/ibex/dv/uvm/out
553,case_553,bug_148,expansion_20260824,baseline_validated,riscv_mmu_stress_test,8009,/workspace/ibex/dv/uvm/out
554,case_554,bug_148,expansion_20260824,baseline_validated,riscv_mmu_stress_test,8010,/workspace/ibex/dv/uvm/out
555,case_555,bug_148,expansion_20260824,baseline_validated,riscv_mmu_stress_test,8011,/workspace/ibex/dv/uvm/out
556,case_556,bug_148,expansion_20260824,baseline_validated,riscv_mmu_stress_test,8012,/workspace/ibex/dv/uvm/out
557,case_557,bug_148,expansion_20260824,baseline_validated,riscv_mmu_stress_test,8013,/workspace/ibex/dv/uvm/out
558,case_558,bug_148,expansion_20260824,baseline_validated,riscv_mmu_stress_test,8014,/workspace/ibex/dv/uvm/out
559,case_559,bug_148,expansion_20260824,baseline_validated,riscv_mmu_stress_test,8015,/workspace/ibex/dv/uvm/out
560,case_560,bug_148,expansion_20260824,baseline_validated,riscv_mmu_stress_test,8016,/workspace/ibex/dv/uvm/out
561,case_561,bug_148,expansion_20260824,baseline_validated,riscv_mmu_stress_test,8017,/workspace/ibex/dv/uvm/out
562,case_562,bug_148,expansion_20260824,baseline_validated,riscv_mmu_stress_test,8018,/workspace/ibex/dv/uvm/out
563,case_563,bug_148,expansion_20260824,baseline_validated,riscv_mmu_stress_test,8019,/workspace/ibex/dv/uvm/out
564,case_564,bug_148,expansion_20260824,baseline_validated,riscv_mmu_stress_test,8020,/workspace/ibex/dv/uvm/out
565,case_565,bug_148,expansion_20260824,baseline_validated,riscv_unaligned_load_store_test,8001,/workspace/ibex/dv/uvm/out
566,case_566,bug_148,expansion_20260824,baseline_validated,riscv_unaligned_load_store_test,8002,/workspace/ibex/dv/uvm/out
567,case_567,bug_148,expansion_20260824,baseline_validated,riscv_unaligned_load_store_test,8003,/workspace/ibex/dv/uvm/out
568,case_568,bug_148,expansion_20260824,baseline_validated,riscv_unaligned_load_store_test,8004,/workspace/ibex/dv/uvm/out
569,case_569,bug_148,expansion_20260824,baseline_validated,riscv_unaligned_load_store_test,8005,/workspace/ibex/dv/uvm/out
570,case_570,bug_148,expansion_20260824,baseline_validated,riscv_unaligned_load_store_test,8006,/workspace/ibex/dv/uvm/out
571,case_571,bug_148,expansion_20260824,baseline_validated,riscv_unaligned_load_store_test,8007,/workspace/ibex/dv/uvm/out
572,case_572,bug_148,expansion_20260824,baseline_validated,riscv_unaligned_load_store_test,8008,/workspace/ibex/dv/uvm/out
573,case_573,bug_148,expansion_20260824,baseline_validated,riscv_unaligned_load_store_test,8009,/workspace/ibex/dv/uvm/out
574,case_574,bug_148,expansion_20260824,baseline_validated,riscv_unaligned_load_store_test,8010,/workspace/ibex/dv/uvm/out
575,case_575,bug_148,expansion_20260824,baseline_validated,riscv_unaligned_load_store_test,8011,/workspace/ibex/dv/uvm/out
576,case_576,bug_148,expansion_20260824,baseline_validated,riscv_unaligned_load_store_test,8012,/workspace/ibex/dv/uvm/out
577,case_577,bug_148,expansion_20260824,baseline_validated,riscv_unaligned_load_store_test,8013,/workspace/ibex/dv/uvm/out
578,case_578,bug_148,expansion_20260824,baseline_validated,riscv_unaligned_load_store_test,8014,/workspace/ibex/dv/uvm/out
579,case_579,bug_148,expansion_20260824,baseline_validated,riscv_unaligned_load_store_test,8015,/workspace/ibex/dv/uvm/out
580,case_580,bug_148,expansion_20260824,baseline_validated,riscv_unaligned_load_store_test,8016,/workspace/ibex/dv/uvm/out
581,case_581,bug_148,expansion_20260824,baseline_validated,riscv_unaligned_load_store_test,8017,/workspace/ibex/dv/uvm/out
582,case_582,bug_148,expansion_20260824,baseline_validated,riscv_unaligned_load_store_test,8018,/workspace/ibex/dv/uvm/out
583,case_583,bug_148,expansion_20260824,baseline_validated,riscv_unaligned_load_store_test,8019,/workspace/ibex/dv/uvm/out
584,case_584,bug_148,expansion_20260824,baseline_validated,riscv_unaligned_load_store_test,8020,/workspace/ibex/dv/uvm/out
585,case_585,bug_149,expansion_20260824,baseline_validated,riscv_illegal_instr_test,8001,/workspace/ibex/dv/uvm/out
586,case_586,bug_149,expansion_20260824,baseline_validated,riscv_illegal_instr_test,8002,/workspace/ibex/dv/uvm/out
587,case_587,bug_149,expansion_20260824,baseline_validated,riscv_illegal_instr_test,8003,/workspace/ibex/dv/uvm/out
588,case_588,bug_149,expansion_20260824,baseline_validated,riscv_illegal_instr_test,8004,/workspace/ibex/dv/uvm/out
589,case_589,bug_149,expansion_20260824,baseline_validated,riscv_illegal_instr_test,8006,/workspace/ibex/dv/uvm/out
590,case_590,bug_149,expansion_20260824,baseline_validated,riscv_illegal_instr_test,8008,/workspace/ibex/dv/uvm/out
591,case_591,bug_149,expansion_20260824,baseline_validated,riscv_illegal_instr_test,8009,/workspace/ibex/dv/uvm/out
592,case_592,bug_149,expansion_20260824,baseline_validated,riscv_illegal_instr_test,8010,/workspace/ibex/dv/uvm/out
593,case_593,bug_149,expansion_20260824,baseline_validated,riscv_illegal_instr_test,8011,/workspace/ibex/dv/uvm/out
594,case_594,bug_149,expansion_20260824,baseline_validated,riscv_illegal_instr_test,8013,/workspace/ibex/dv/uvm/out
595,case_595,bug_149,expansion_20260824,baseline_validated,riscv_illegal_instr_test,8015,/workspace/ibex/dv/uvm/out
596,case_596,bug_149,expansion_20260824,baseline_validated,riscv_illegal_instr_test,8016,/workspace/ibex/dv/uvm/out
597,case_597,bug_149,expansion_20260824,baseline_validated,riscv_illegal_instr_test,8017,/workspace/ibex/dv/uvm/out
598,case_598,bug_149,expansion_20260824,baseline_validated,riscv_illegal_instr_test,8018,/workspace/ibex/dv/uvm/out
599,case_599,bug_149,expansion_20260824,baseline_validated,riscv_illegal_instr_test,8019,/workspace/ibex/dv/uvm/out
600,case_600,bug_149,expansion_20260824,baseline_validated,riscv_machine_mode_rand_test,8003,/workspace/ibex/dv/uvm/out
601,case_601,bug_149,expansion_20260824,baseline_validated,riscv_machine_mode_rand_test,8004,/workspace/ibex/dv/uvm/out
602,case_602,bug_149,expansion_20260824,baseline_validated,riscv_machine_mode_rand_test,8006,/workspace/ibex/dv/uvm/out
603,case_603,bug_149,expansion_20260824,baseline_validated,riscv_machine_mode_rand_test,8007,/workspace/ibex/dv/uvm/out
604,case_604,bug_149,expansion_20260824,baseline_validated,riscv_machine_mode_rand_test,8010,/workspace/ibex/dv/uvm/out
605,case_605,bug_152,expansion_20260824,baseline_validated,riscv_machine_mode_rand_test,8001,/workspace/ibex/dv/uvm/out
606,case_606,bug_152,expansion_20260824,baseline_validated,riscv_machine_mode_rand_test,8002,/workspace/ibex/dv/uvm/out
607,case_607,bug_152,expansion_20260824,baseline_validated,riscv_machine_mode_rand_test,8003,/workspace/ibex/dv/uvm/out
608,case_608,bug_152,expansion_20260824,baseline_validated,riscv_machine_mode_rand_test,8004,/workspace/ibex/dv/uvm/out
609,case_609,bug_152,expansion_20260824,baseline_validated,riscv_machine_mode_rand_test,8005,/workspace/ibex/dv/uvm/out
610,case_610,bug_152,expansion_20260824,baseline_validated,riscv_machine_mode_rand_test,8006,/workspace/ibex/dv/uvm/out
611,case_611,bug_152,expansion_20260824,baseline_validated,riscv_machine_mode_rand_test,8007,/workspace/ibex/dv/uvm/out
612,case_612,bug_152,expansion_20260824,baseline_validated,riscv_machine_mode_rand_test,8008,/workspace/ibex/dv/uvm/out
613,case_613,bug_152,expansion_20260824,baseline_validated,riscv_machine_mode_rand_test,8009,/workspace/ibex/dv/uvm/out
614,case_614,bug_152,expansion_20260824,baseline_validated,riscv_machine_mode_rand_test,8010,/workspace/ibex/dv/uvm/out
615,case_615,bug_152,expansion_20260824,baseline_validated,riscv_rv32im_instr_test,8001,/workspace/ibex/dv/uvm/out
616,case_616,bug_152,expansion_20260824,baseline_validated,riscv_rv32im_instr_test,8002,/workspace/ibex/dv/uvm/out
617,case_617,bug_152,expansion_20260824,baseline_validated,riscv_rv32im_instr_test,8003,/workspace/ibex/dv/uvm/out
618,case_618,bug_152,expansion_20260824,baseline_validated,riscv_rv32im_instr_test,8004,/workspace/ibex/dv/uvm/out
619,case_619,bug_152,expansion_20260824,baseline_validated,riscv_rv32im_instr_test,8005,/workspace/ibex/dv/uvm/out
620,case_620,bug_152,expansion_20260824,baseline_validated,riscv_rv32im_instr_test,8006,/workspace/ibex/dv/uvm/out
621,case_621,bug_152,expansion_20260824,baseline_validated,riscv_rv32im_instr_test,8007,/workspace/ibex/dv/uvm/out
622,case_622,bug_152,expansion_20260824,baseline_validated,riscv_rv32im_instr_test,8008,/workspace/ibex/dv/uvm/out
623,case_623,bug_152,expansion_20260824,baseline_validated,riscv_rv32im_instr_test,8009,/workspace/ibex/dv/uvm/out
624,case_624,bug_152,expansion_20260824,baseline_validated,riscv_rv32im_instr_test,8010,/workspace/ibex/dv/uvm/out
625,case_625,bug_153,expansion_20260824,baseline_validated,riscv_mmu_stress_test,8001,/workspace/ibex/dv/uvm/out
626,case_626,bug_153,expansion_20260824,baseline_validated,riscv_mmu_stress_test,8002,/workspace/ibex/dv/uvm/out
627,case_627,bug_153,expansion_20260824,baseline_validated,riscv_mmu_stress_test,8003,/workspace/ibex/dv/uvm/out
628,case_628,bug_153,expansion_20260824,baseline_validated,riscv_mmu_stress_test,8004,/workspace/ibex/dv/uvm/out
629,case_629,bug_153,expansion_20260824,baseline_validated,riscv_mmu_stress_test,8005,/workspace/ibex/dv/uvm/out
630,case_630,bug_153,expansion_20260824,baseline_validated,riscv_mmu_stress_test,8006,/workspace/ibex/dv/uvm/out
631,case_631,bug_153,expansion_20260824,baseline_validated,riscv_mmu_stress_test,8007,/workspace/ibex/dv/uvm/out
632,case_632,bug_153,expansion_20260824,baseline_validated,riscv_mmu_stress_test,8008,/workspace/ibex/dv/uvm/out
633,case_633,bug_153,expansion_20260824,baseline_validated,riscv_mmu_stress_test,8009,/workspace/ibex/dv/uvm/out
634,case_634,bug_153,expansion_20260824,baseline_validated,riscv_mmu_stress_test,8010,/workspace/ibex/dv/uvm/out
635,case_635,bug_153,expansion_20260824,baseline_validated,riscv_mmu_stress_test,8011,/workspace/ibex/dv/uvm/out
636,case_636,bug_153,expansion_20260824,baseline_validated,riscv_mmu_stress_test,8012,/workspace/ibex/dv/uvm/out
637,case_637,bug_153,expansion_20260824,baseline_validated,riscv_mmu_stress_test,8013,/workspace/ibex/dv/uvm/out
638,case_638,bug_153,expansion_20260824,baseline_validated,riscv_mmu_stress_test,8014,/workspace/ibex/dv/uvm/out
639,case_639,bug_153,expansion_20260824,baseline_validated,riscv_mmu_stress_test,8015,/workspace/ibex/dv/uvm/out
640,case_640,bug_153,expansion_20260824,baseline_validated,riscv_mmu_stress_test,8016,/workspace/ibex/dv/uvm/out
641,case_641,bug_153,expansion_20260824,baseline_validated,riscv_mmu_stress_test,8017,/workspace/ibex/dv/uvm/out
642,case_642,bug_153,expansion_20260824,baseline_validated,riscv_mmu_stress_test,8018,/workspace/ibex/dv/uvm/out
643,case_643,bug_153,expansion_20260824,baseline_validated,riscv_mmu_stress_test,8019,/workspace/ibex/dv/uvm/out
644,case_644,bug_153,expansion_20260824,baseline_validated,riscv_mmu_stress_test,8020,/workspace/ibex/dv/uvm/out
645,case_645,bug_153,expansion_20260824,baseline_validated,riscv_unaligned_load_store_test,8001,/workspace/ibex/dv/uvm/out
646,case_646,bug_153,expansion_20260824,baseline_validated,riscv_unaligned_load_store_test,8002,/workspace/ibex/dv/uvm/out
647,case_647,bug_153,expansion_20260824,baseline_validated,riscv_unaligned_load_store_test,8003,/workspace/ibex/dv/uvm/out
648,case_648,bug_153,expansion_20260824,baseline_validated,riscv_unaligned_load_store_test,8004,/workspace/ibex/dv/uvm/out
649,case_649,bug_153,expansion_20260824,baseline_validated,riscv_unaligned_load_store_test,8005,/workspace/ibex/dv/uvm/out
650,case_650,bug_153,expansion_20260824,baseline_validated,riscv_unaligned_load_store_test,8006,/workspace/ibex/dv/uvm/out
651,case_651,bug_153,expansion_20260824,baseline_validated,riscv_unaligned_load_store_test,8007,/workspace/ibex/dv/uvm/out
652,case_652,bug_153,expansion_20260824,baseline_validated,riscv_unaligned_load_store_test,8008,/workspace/ibex/dv/uvm/out
653,case_653,bug_153,expansion_20260824,baseline_validated,riscv_unaligned_load_store_test,8009,/workspace/ibex/dv/uvm/out
654,case_654,bug_153,expansion_20260824,baseline_validated,riscv_unaligned_load_store_test,8010,/workspace/ibex/dv/uvm/out
655,case_655,bug_153,expansion_20260824,baseline_validated,riscv_unaligned_load_store_test,8011,/workspace/ibex/dv/uvm/out
656,case_656,bug_153,expansion_20260824,baseline_validated,riscv_unaligned_load_store_test,8012,/workspace/ibex/dv/uvm/out
657,case_657,bug_153,expansion_20260824,baseline_validated,riscv_unaligned_load_store_test,8013,/workspace/ibex/dv/uvm/out
658,case_658,bug_153,expansion_20260824,baseline_validated,riscv_unaligned_load_store_test,8014,/workspace/ibex/dv/uvm/out
659,case_659,bug_160,expansion_20260824,baseline_validated,riscv_arithmetic_basic_test,8001,/workspace/ibex/dv/uvm/out
660,case_660,bug_160,expansion_20260824,baseline_validated,riscv_arithmetic_basic_test,8002,/workspace/ibex/dv/uvm/out
661,case_661,bug_160,expansion_20260824,baseline_validated,riscv_arithmetic_basic_test,8003,/workspace/ibex/dv/uvm/out
662,case_662,bug_160,expansion_20260824,baseline_validated,riscv_arithmetic_basic_test,8004,/workspace/ibex/dv/uvm/out
663,case_663,bug_160,expansion_20260824,baseline_validated,riscv_arithmetic_basic_test,8005,/workspace/ibex/dv/uvm/out
664,case_664,bug_160,expansion_20260824,baseline_validated,riscv_arithmetic_basic_test,8006,/workspace/ibex/dv/uvm/out
665,case_665,bug_160,expansion_20260824,baseline_validated,riscv_arithmetic_basic_test,8007,/workspace/ibex/dv/uvm/out
666,case_666,bug_160,expansion_20260824,baseline_validated,riscv_arithmetic_basic_test,8008,/workspace/ibex/dv/uvm/out
667,case_667,bug_160,expansion_20260824,baseline_validated,riscv_arithmetic_basic_test,8009,/workspace/ibex/dv/uvm/out
668,case_668,bug_160,expansion_20260824,baseline_validated,riscv_arithmetic_basic_test,8010,/workspace/ibex/dv/uvm/out
669,case_669,bug_160,expansion_20260824,baseline_validated,riscv_arithmetic_basic_test,8011,/workspace/ibex/dv/uvm/out
670,case_670,bug_160,expansion_20260824,baseline_validated,riscv_arithmetic_basic_test,8012,/workspace/ibex/dv/uvm/out
671,case_671,bug_160,expansion_20260824,baseline_validated,riscv_arithmetic_basic_test,8013,/workspace/ibex/dv/uvm/out
672,case_672,bug_160,expansion_20260824,baseline_validated,riscv_arithmetic_basic_test,8014,/workspace/ibex/dv/uvm/out
673,case_673,bug_160,expansion_20260824,baseline_validated,riscv_arithmetic_basic_test,8015,/workspace/ibex/dv/uvm/out
674,case_674,bug_160,expansion_20260824,baseline_validated,riscv_arithmetic_basic_test,8016,/workspace/ibex/dv/uvm/out
675,case_675,bug_160,expansion_20260824,baseline_validated,riscv_arithmetic_basic_test,8017,/workspace/ibex/dv/uvm/out
676,case_676,bug_160,expansion_20260824,baseline_validated,riscv_arithmetic_basic_test,8018,/workspace/ibex/dv/uvm/out
677,case_677,bug_160,expansion_20260824,baseline_validated,riscv_arithmetic_basic_test,8019,/workspace/ibex/dv/uvm/out
678,case_678,bug_160,expansion_20260824,baseline_validated,riscv_arithmetic_basic_test,8020,/workspace/ibex/dv/uvm/out
679,case_679,bug_160,expansion_20260824,baseline_validated,riscv_machine_mode_rand_test,8001,/workspace/ibex/dv/uvm/out
680,case_680,bug_160,expansion_20260824,baseline_validated,riscv_machine_mode_rand_test,8002,/workspace/ibex/dv/uvm/out
681,case_681,bug_160,expansion_20260824,baseline_validated,riscv_machine_mode_rand_test,8003,/workspace/ibex/dv/uvm/out
682,case_682,bug_160,expansion_20260824,baseline_validated,riscv_machine_mode_rand_test,8004,/workspace/ibex/dv/uvm/out
683,case_683,bug_160,expansion_20260824,baseline_validated,riscv_machine_mode_rand_test,8005,/workspace/ibex/dv/uvm/out
684,case_684,bug_160,expansion_20260824,baseline_validated,riscv_machine_mode_rand_test,8006,/workspace/ibex/dv/uvm/out
685,case_685,bug_160,expansion_20260824,baseline_validated,riscv_machine_mode_rand_test,8007,/workspace/ibex/dv/uvm/out
686,case_686,bug_160,expansion_20260824,baseline_validated,riscv_machine_mode_rand_test,8008,/workspace/ibex/dv/uvm/out
687,case_687,bug_160,expansion_20260824,baseline_validated,riscv_machine_mode_rand_test,8009,/workspace/ibex/dv/uvm/out
688,case_688,bug_160,expansion_20260824,baseline_validated,riscv_machine_mode_rand_test,8010,/workspace/ibex/dv/uvm/out
689,case_689,bug_160,expansion_20260824,baseline_validated,riscv_machine_mode_rand_test,8011,/workspace/ibex/dv/uvm/out
690,case_690,bug_160,expansion_20260824,baseline_validated,riscv_machine_mode_rand_test,8012,/workspace/ibex/dv/uvm/out
691,case_691,bug_160,expansion_20260824,baseline_validated,riscv_machine_mode_rand_test,8013,/workspace/ibex/dv/uvm/out
692,case_692,bug_160,expansion_20260824,baseline_validated,riscv_machine_mode_rand_test,8014,/workspace/ibex/dv/uvm/out
693,case_693,bug_160,expansion_20260824,baseline_validated,riscv_machine_mode_rand_test,8015,/workspace/ibex/dv/uvm/out
694,case_694,bug_160,expansion_20260824,baseline_validated,riscv_machine_mode_rand_test,8016,/workspace/ibex/dv/uvm/out
695,case_695,bug_160,expansion_20260824,baseline_validated,riscv_machine_mode_rand_test,8017,/workspace/ibex/dv/uvm/out
696,case_696,bug_160,expansion_20260824,baseline_validated,riscv_machine_mode_rand_test,8018,/workspace/ibex/dv/uvm/out
697,case_697,bug_160,expansion_20260824,baseline_validated,riscv_machine_mode_rand_test,8019,/workspace/ibex/dv/uvm/out
698,case_698,bug_160,expansion_20260824,baseline_validated,riscv_machine_mode_rand_test,8020,/workspace/ibex/dv/uvm/out
699,case_699,bug_160,expansion_20260824,baseline_validated,riscv_rand_instr_test,8001,/workspace/ibex/dv/uvm/out
700,case_700,bug_160,expansion_20260824,baseline_validated,riscv_rand_instr_test,8002,/workspace/ibex/dv/uvm/out
701,case_701,bug_160,expansion_20260824,baseline_validated,riscv_rand_instr_test,8003,/workspace/ibex/dv/uvm/out
702,case_702,bug_160,expansion_20260824,baseline_validated,riscv_rand_instr_test,8004,/workspace/ibex/dv/uvm/out
703,case_703,bug_160,expansion_20260824,baseline_validated,riscv_rand_instr_test,8005,/workspace/ibex/dv/uvm/out
704,case_704,bug_160,expansion_20260824,baseline_validated,riscv_rand_instr_test,8006,/workspace/ibex/dv/uvm/out
705,case_705,bug_160,expansion_20260824,baseline_validated,riscv_rand_instr_test,8007,/workspace/ibex/dv/uvm/out
706,case_706,bug_160,expansion_20260824,baseline_validated,riscv_rand_instr_test,8008,/workspace/ibex/dv/uvm/out
707,case_707,bug_160,expansion_20260824,baseline_validated,riscv_rand_instr_test,8009,/workspace/ibex/dv/uvm/out
708,case_708,bug_160,expansion_20260824,baseline_validated,riscv_rand_instr_test,8010,/workspace/ibex/dv/uvm/out
709,case_709,bug_160,expansion_20260824,baseline_validated,riscv_rand_instr_test,8011,/workspace/ibex/dv/uvm/out
710,case_710,bug_160,expansion_20260824,baseline_validated,riscv_rand_instr_test,8012,/workspace/ibex/dv/uvm/out
711,case_711,bug_160,expansion_20260824,baseline_validated,riscv_rand_instr_test,8013,/workspace/ibex/dv/uvm/out
712,case_712,bug_160,expansion_20260824,baseline_validated,riscv_rand_instr_test,8014,/workspace/ibex/dv/uvm/out
713,case_713,bug_160,expansion_20260824,baseline_validated,riscv_rand_instr_test,8015,/workspace/ibex/dv/uvm/out
714,case_714,bug_161,expansion_20260824,baseline_validated,riscv_arithmetic_basic_test,8001,/workspace/ibex/dv/uvm/out
715,case_715,bug_161,expansion_20260824,baseline_validated,riscv_arithmetic_basic_test,8002,/workspace/ibex/dv/uvm/out
716,case_716,bug_161,expansion_20260824,baseline_validated,riscv_arithmetic_basic_test,8003,/workspace/ibex/dv/uvm/out
717,case_717,bug_161,expansion_20260824,baseline_validated,riscv_arithmetic_basic_test,8004,/workspace/ibex/dv/uvm/out
718,case_718,bug_161,expansion_20260824,baseline_validated,riscv_arithmetic_basic_test,8005,/workspace/ibex/dv/uvm/out
719,case_719,bug_161,expansion_20260824,baseline_validated,riscv_arithmetic_basic_test,8006,/workspace/ibex/dv/uvm/out
720,case_720,bug_161,expansion_20260824,baseline_validated,riscv_arithmetic_basic_test,8007,/workspace/ibex/dv/uvm/out
721,case_721,bug_161,expansion_20260824,baseline_validated,riscv_arithmetic_basic_test,8008,/workspace/ibex/dv/uvm/out
722,case_722,bug_161,expansion_20260824,baseline_validated,riscv_arithmetic_basic_test,8009,/workspace/ibex/dv/uvm/out
723,case_723,bug_161,expansion_20260824,baseline_validated,riscv_arithmetic_basic_test,8010,/workspace/ibex/dv/uvm/out
724,case_724,bug_161,expansion_20260824,baseline_validated,riscv_arithmetic_basic_test,8011,/workspace/ibex/dv/uvm/out
725,case_725,bug_161,expansion_20260824,baseline_validated,riscv_arithmetic_basic_test,8012,/workspace/ibex/dv/uvm/out
726,case_726,bug_161,expansion_20260824,baseline_validated,riscv_arithmetic_basic_test,8013,/workspace/ibex/dv/uvm/out
727,case_727,bug_161,expansion_20260824,baseline_validated,riscv_arithmetic_basic_test,8014,/workspace/ibex/dv/uvm/out
728,case_728,bug_161,expansion_20260824,baseline_validated,riscv_arithmetic_basic_test,8015,/workspace/ibex/dv/uvm/out
729,case_729,bug_161,expansion_20260824,baseline_validated,riscv_arithmetic_basic_test,8016,/workspace/ibex/dv/uvm/out
730,case_730,bug_161,expansion_20260824,baseline_validated,riscv_arithmetic_basic_test,8017,/workspace/ibex/dv/uvm/out
731,case_731,bug_161,expansion_20260824,baseline_validated,riscv_arithmetic_basic_test,8018,/workspace/ibex/dv/uvm/out
732,case_732,bug_161,expansion_20260824,baseline_validated,riscv_arithmetic_basic_test,8019,/workspace/ibex/dv/uvm/out
733,case_733,bug_161,expansion_20260824,baseline_validated,riscv_arithmetic_basic_test,8020,/workspace/ibex/dv/uvm/out
734,case_734,bug_161,expansion_20260824,baseline_validated,riscv_machine_mode_rand_test,8001,/workspace/ibex/dv/uvm/out
735,case_735,bug_161,expansion_20260824,baseline_validated,riscv_machine_mode_rand_test,8002,/workspace/ibex/dv/uvm/out
736,case_736,bug_161,expansion_20260824,baseline_validated,riscv_machine_mode_rand_test,8003,/workspace/ibex/dv/uvm/out
737,case_737,bug_161,expansion_20260824,baseline_validated,riscv_machine_mode_rand_test,8004,/workspace/ibex/dv/uvm/out
738,case_738,bug_161,expansion_20260824,baseline_validated,riscv_machine_mode_rand_test,8005,/workspace/ibex/dv/uvm/out
739,case_739,bug_161,expansion_20260824,baseline_validated,riscv_machine_mode_rand_test,8006,/workspace/ibex/dv/uvm/out
740,case_740,bug_161,expansion_20260824,baseline_validated,riscv_machine_mode_rand_test,8007,/workspace/ibex/dv/uvm/out
741,case_741,bug_161,expansion_20260824,baseline_validated,riscv_machine_mode_rand_test,8008,/workspace/ibex/dv/uvm/out
742,case_742,bug_161,expansion_20260824,baseline_validated,riscv_machine_mode_rand_test,8009,/workspace/ibex/dv/uvm/out
743,case_743,bug_161,expansion_20260824,baseline_validated,riscv_machine_mode_rand_test,8010,/workspace/ibex/dv/uvm/out
744,case_744,bug_161,expansion_20260824,baseline_validated,riscv_machine_mode_rand_test,8011,/workspace/ibex/dv/uvm/out
745,case_745,bug_161,expansion_20260824,baseline_validated,riscv_machine_mode_rand_test,8012,/workspace/ibex/dv/uvm/out
746,case_746,bug_161,expansion_20260824,baseline_validated,riscv_machine_mode_rand_test,8013,/workspace/ibex/dv/uvm/out
747,case_747,bug_161,expansion_20260824,baseline_validated,riscv_machine_mode_rand_test,8014,/workspace/ibex/dv/uvm/out
748,case_748,bug_161,expansion_20260824,baseline_validated,riscv_machine_mode_rand_test,8015,/workspace/ibex/dv/uvm/out
749,case_749,bug_161,expansion_20260824,baseline_validated,riscv_machine_mode_rand_test,8016,/workspace/ibex/dv/uvm/out
750,case_750,bug_161,expansion_20260824,baseline_validated,riscv_machine_mode_rand_test,8017,/workspace/ibex/dv/uvm/out
751,case_751,bug_161,expansion_20260824,baseline_validated,riscv_machine_mode_rand_test,8018,/workspace/ibex/dv/uvm/out
752,case_752,bug_161,expansion_20260824,baseline_validated,riscv_machine_mode_rand_test,8019,/workspace/ibex/dv/uvm/out
753,case_753,bug_161,expansion_20260824,baseline_validated,riscv_machine_mode_rand_test,8020,/workspace/ibex/dv/uvm/out
754,case_754,bug_161,expansion_20260824,baseline_validated,riscv_rand_instr_test,8001,/workspace/ibex/dv/uvm/out
755,case_755,bug_161,expansion_20260824,baseline_validated,riscv_rand_instr_test,8002,/workspace/ibex/dv/uvm/out
756,case_756,bug_161,expansion_20260824,baseline_validated,riscv_rand_instr_test,8003,/workspace/ibex/dv/uvm/out
757,case_757,bug_161,expansion_20260824,baseline_validated,riscv_rand_instr_test,8004,/workspace/ibex/dv/uvm/out
758,case_758,bug_161,expansion_20260824,baseline_validated,riscv_rand_instr_test,8005,/workspace/ibex/dv/uvm/out
759,case_759,bug_161,expansion_20260824,baseline_validated,riscv_rand_instr_test,8006,/workspace/ibex/dv/uvm/out
760,case_760,bug_161,expansion_20260824,baseline_validated,riscv_rand_instr_test,8007,/workspace/ibex/dv/uvm/out
761,case_761,bug_161,expansion_20260824,baseline_validated,riscv_rand_instr_test,8008,/workspace/ibex/dv/uvm/out
762,case_762,bug_161,expansion_20260824,baseline_validated,riscv_rand_instr_test,8009,/workspace/ibex/dv/uvm/out
763,case_763,bug_161,expansion_20260824,baseline_validated,riscv_rand_instr_test,8010,/workspace/ibex/dv/uvm/out
764,case_764,bug_161,expansion_20260824,baseline_validated,riscv_rand_instr_test,8011,/workspace/ibex/dv/uvm/out
765,case_765,bug_161,expansion_20260824,baseline_validated,riscv_rand_instr_test,8012,/workspace/ibex/dv/uvm/out
766,case_766,bug_161,expansion_20260824,baseline_validated,riscv_rand_instr_test,8013,/workspace/ibex/dv/uvm/out
767,case_767,bug_161,expansion_20260824,baseline_validated,riscv_rand_instr_test,8014,/workspace/ibex/dv/uvm/out
768,case_768,bug_161,expansion_20260824,baseline_validated,riscv_rand_instr_test,8015,/workspace/ibex/dv/uvm/out
769,case_769,bug_169,expansion_20260824,baseline_validated,riscv_mmu_stress_test,8001,/workspace/ibex/dv/uvm/out
770,case_770,bug_169,expansion_20260824,baseline_validated,riscv_mmu_stress_test,8002,/workspace/ibex/dv/uvm/out
771,case_771,bug_169,expansion_20260824,baseline_validated,riscv_mmu_stress_test,8003,/workspace/ibex/dv/uvm/out
772,case_772,bug_169,expansion_20260824,baseline_validated,riscv_mmu_stress_test,8004,/workspace/ibex/dv/uvm/out
773,case_773,bug_169,expansion_20260824,baseline_validated,riscv_mmu_stress_test,8005,/workspace/ibex/dv/uvm/out
774,case_774,bug_169,expansion_20260824,baseline_validated,riscv_mmu_stress_test,8006,/workspace/ibex/dv/uvm/out
775,case_775,bug_169,expansion_20260824,baseline_validated,riscv_mmu_stress_test,8007,/workspace/ibex/dv/uvm/out
776,case_776,bug_169,expansion_20260824,baseline_validated,riscv_mmu_stress_test,8008,/workspace/ibex/dv/uvm/out
777,case_777,bug_169,expansion_20260824,baseline_validated,riscv_mmu_stress_test,8009,/workspace/ibex/dv/uvm/out
778,case_778,bug_169,expansion_20260824,baseline_validated,riscv_mmu_stress_test,8010,/workspace/ibex/dv/uvm/out
779,case_779,bug_169,expansion_20260824,baseline_validated,riscv_unaligned_load_store_test,8001,/workspace/ibex/dv/uvm/out
780,case_780,bug_169,expansion_20260824,baseline_validated,riscv_unaligned_load_store_test,8002,/workspace/ibex/dv/uvm/out
781,case_781,bug_169,expansion_20260824,baseline_validated,riscv_unaligned_load_store_test,8003,/workspace/ibex/dv/uvm/out
782,case_782,bug_169,expansion_20260824,baseline_validated,riscv_unaligned_load_store_test,8004,/workspace/ibex/dv/uvm/out
783,case_783,bug_169,expansion_20260824,baseline_validated,riscv_unaligned_load_store_test,8005,/workspace/ibex/dv/uvm/out
784,case_784,bug_169,expansion_20260824,baseline_validated,riscv_unaligned_load_store_test,8006,/workspace/ibex/dv/uvm/out
785,case_785,bug_169,expansion_20260824,baseline_validated,riscv_unaligned_load_store_test,8007,/workspace/ibex/dv/uvm/out
786,case_786,bug_169,expansion_20260824,baseline_validated,riscv_unaligned_load_store_test,8008,/workspace/ibex/dv/uvm/out
787,case_787,bug_169,expansion_20260824,baseline_validated,riscv_unaligned_load_store_test,8009,/workspace/ibex/dv/uvm/out
788,case_788,bug_169,expansion_20260824,baseline_validated,riscv_unaligned_load_store_test,8010,/workspace/ibex/dv/uvm/out
789,case_789,bug_170,expansion_20260824,baseline_validated,riscv_mmu_stress_test,8001,/workspace/ibex/dv/uvm/out
790,case_790,bug_170,expansion_20260824,baseline_validated,riscv_mmu_stress_test,8002,/workspace/ibex/dv/uvm/out
791,case_791,bug_170,expansion_20260824,baseline_validated,riscv_mmu_stress_test,8003,/workspace/ibex/dv/uvm/out
792,case_792,bug_170,expansion_20260824,baseline_validated,riscv_mmu_stress_test,8004,/workspace/ibex/dv/uvm/out
793,case_793,bug_170,expansion_20260824,baseline_validated,riscv_mmu_stress_test,8005,/workspace/ibex/dv/uvm/out
794,case_794,bug_170,expansion_20260824,baseline_validated,riscv_mmu_stress_test,8006,/workspace/ibex/dv/uvm/out
795,case_795,bug_170,expansion_20260824,baseline_validated,riscv_mmu_stress_test,8007,/workspace/ibex/dv/uvm/out
796,case_796,bug_170,expansion_20260824,baseline_validated,riscv_mmu_stress_test,8008,/workspace/ibex/dv/uvm/out
797,case_797,bug_170,expansion_20260824,baseline_validated,riscv_mmu_stress_test,8009,/workspace/ibex/dv/uvm/out
798,case_798,bug_170,expansion_20260824,baseline_validated,riscv_mmu_stress_test,8010,/workspace/ibex/dv/uvm/out
799,case_799,bug_170,expansion_20260824,baseline_validated,riscv_mmu_stress_test,8011,/workspace/ibex/dv/uvm/out
800,case_800,bug_170,expansion_20260824,baseline_validated,riscv_mmu_stress_test,8012,/workspace/ibex/dv/uvm/out
801,case_801,bug_170,expansion_20260824,baseline_validated,riscv_mmu_stress_test,8013,/workspace/ibex/dv/uvm/out
802,case_802,bug_170,expansion_20260824,baseline_validated,riscv_mmu_stress_test,8014,/workspace/ibex/dv/uvm/out
803,case_803,bug_170,expansion_20260824,baseline_validated,riscv_unaligned_load_store_test,8001,/workspace/ibex/dv/uvm/out
804,case_804,bug_170,expansion_20260824,baseline_validated,riscv_unaligned_load_store_test,8002,/workspace/ibex/dv/uvm/out
805,case_805,bug_170,expansion_20260824,baseline_validated,riscv_unaligned_load_store_test,8003,/workspace/ibex/dv/uvm/out
806,case_806,bug_170,expansion_20260824,baseline_validated,riscv_unaligned_load_store_test,8004,/workspace/ibex/dv/uvm/out
807,case_807,bug_170,expansion_20260824,baseline_validated,riscv_unaligned_load_store_test,8005,/workspace/ibex/dv/uvm/out
808,case_808,bug_170,expansion_20260824,baseline_validated,riscv_unaligned_load_store_test,8006,/workspace/ibex/dv/uvm/out
809,case_809,bug_170,expansion_20260824,baseline_validated,riscv_unaligned_load_store_test,8007,/workspace/ibex/dv/uvm/out
810,case_810,bug_170,expansion_20260824,baseline_validated,riscv_unaligned_load_store_test,8008,/workspace/ibex/dv/uvm/out
811,case_811,bug_170,expansion_20260824,baseline_validated,riscv_unaligned_load_store_test,8009,/workspace/ibex/dv/uvm/out
812,case_812,bug_170,expansion_20260824,baseline_validated,riscv_unaligned_load_store_test,8010,/workspace/ibex/dv/uvm/out
813,case_813,bug_172,expansion_20260824,baseline_validated,riscv_mmu_stress_test,8007,/workspace/ibex/dv/uvm/out
814,case_814,bug_172,expansion_20260824,baseline_validated,riscv_unaligned_load_store_test,8001,/workspace/ibex/dv/uvm/out
815,case_815,bug_172,expansion_20260824,baseline_validated,riscv_unaligned_load_store_test,8002,/workspace/ibex/dv/uvm/out
816,case_816,bug_172,expansion_20260824,baseline_validated,riscv_unaligned_load_store_test,8003,/workspace/ibex/dv/uvm/out
817,case_817,bug_172,expansion_20260824,baseline_validated,riscv_unaligned_load_store_test,8004,/workspace/ibex/dv/uvm/out
818,case_818,bug_172,expansion_20260824,baseline_validated,riscv_unaligned_load_store_test,8005,/workspace/ibex/dv/uvm/out
819,case_819,bug_172,expansion_20260824,baseline_validated,riscv_unaligned_load_store_test,8006,/workspace/ibex/dv/uvm/out
820,case_820,bug_172,expansion_20260824,baseline_validated,riscv_unaligned_load_store_test,8007,/workspace/ibex/dv/uvm/out
821,case_821,bug_172,expansion_20260824,baseline_validated,riscv_unaligned_load_store_test,8008,/workspace/ibex/dv/uvm/out
822,case_822,bug_172,expansion_20260824,baseline_validated,riscv_unaligned_load_store_test,8009,/workspace/ibex/dv/uvm/out
823,case_823,bug_172,expansion_20260824,baseline_validated,riscv_unaligned_load_store_test,8010,/workspace/ibex/dv/uvm/out
824,case_824,bug_173,expansion_20260824,baseline_validated,riscv_mmu_stress_test,8001,/workspace/ibex/dv/uvm/out
825,case_825,bug_173,expansion_20260824,baseline_validated,riscv_mmu_stress_test,8002,/workspace/ibex/dv/uvm/out
826,case_826,bug_173,expansion_20260824,baseline_validated,riscv_mmu_stress_test,8003,/workspace/ibex/dv/uvm/out
827,case_827,bug_173,expansion_20260824,baseline_validated,riscv_mmu_stress_test,8004,/workspace/ibex/dv/uvm/out
828,case_828,bug_173,expansion_20260824,baseline_validated,riscv_mmu_stress_test,8005,/workspace/ibex/dv/uvm/out
829,case_829,bug_173,expansion_20260824,baseline_validated,riscv_mmu_stress_test,8006,/workspace/ibex/dv/uvm/out
830,case_830,bug_173,expansion_20260824,baseline_validated,riscv_mmu_stress_test,8007,/workspace/ibex/dv/uvm/out
831,case_831,bug_174,expansion_20260824,baseline_validated,riscv_mmu_stress_test,8001,/workspace/ibex/dv/uvm/out
832,case_832,bug_174,expansion_20260824,baseline_validated,riscv_mmu_stress_test,8002,/workspace/ibex/dv/uvm/out
833,case_833,bug_174,expansion_20260824,baseline_validated,riscv_mmu_stress_test,8003,/workspace/ibex/dv/uvm/out
834,case_834,bug_174,expansion_20260824,baseline_validated,riscv_mmu_stress_test,8004,/workspace/ibex/dv/uvm/out
835,case_835,bug_174,expansion_20260824,baseline_validated,riscv_mmu_stress_test,8005,/workspace/ibex/dv/uvm/out
836,case_836,bug_174,expansion_20260824,baseline_validated,riscv_mmu_stress_test,8006,/workspace/ibex/dv/uvm/out
837,case_837,bug_174,expansion_20260824,baseline_validated,riscv_mmu_stress_test,8007,/workspace/ibex/dv/uvm/out
838,case_838,bug_174,expansion_20260824,baseline_validated,riscv_mmu_stress_test,8008,/workspace/ibex/dv/uvm/out
839,case_839,bug_174,expansion_20260824,baseline_validated,riscv_mmu_stress_test,8009,/workspace/ibex/dv/uvm/out
840,case_840,bug_174,expansion_20260824,baseline_validated,riscv_mmu_stress_test,8010,/workspace/ibex/dv/uvm/out
841,case_841,bug_174,expansion_20260824,baseline_validated,riscv_unaligned_load_store_test,8001,/workspace/ibex/dv/uvm/out
842,case_842,bug_174,expansion_20260824,baseline_validated,riscv_unaligned_load_store_test,8002,/workspace/ibex/dv/uvm/out
843,case_843,bug_174,expansion_20260824,baseline_validated,riscv_unaligned_load_store_test,8003,/workspace/ibex/dv/uvm/out
844,case_844,bug_174,expansion_20260824,baseline_validated,riscv_unaligned_load_store_test,8004,/workspace/ibex/dv/uvm/out
845,case_845,bug_174,expansion_20260824,baseline_validated,riscv_unaligned_load_store_test,8005,/workspace/ibex/dv/uvm/out
846,case_846,bug_174,expansion_20260824,baseline_validated,riscv_unaligned_load_store_test,8006,/workspace/ibex/dv/uvm/out
847,case_847,bug_174,expansion_20260824,baseline_validated,riscv_unaligned_load_store_test,8007,/workspace/ibex/dv/uvm/out
848,case_848,bug_174,expansion_20260824,baseline_validated,riscv_unaligned_load_store_test,8008,/workspace/ibex/dv/uvm/out
849,case_849,bug_174,expansion_20260824,baseline_validated,riscv_unaligned_load_store_test,8009,/workspace/ibex/dv/uvm/out
850,case_850,bug_174,expansion_20260824,baseline_validated,riscv_unaligned_load_store_test,8010,/workspace/ibex/dv/uvm/out
851,case_851,bug_176,expansion_20260824,baseline_validated,riscv_mmu_stress_test,8001,/workspace/ibex/dv/uvm/out
852,case_852,bug_176,expansion_20260824,baseline_validated,riscv_mmu_stress_test,8002,/workspace/ibex/dv/uvm/out
853,case_853,bug_176,expansion_20260824,baseline_validated,riscv_mmu_stress_test,8003,/workspace/ibex/dv/uvm/out
854,case_854,bug_176,expansion_20260824,baseline_validated,riscv_mmu_stress_test,8004,/workspace/ibex/dv/uvm/out
855,case_855,bug_176,expansion_20260824,baseline_validated,riscv_mmu_stress_test,8005,/workspace/ibex/dv/uvm/out
856,case_856,bug_176,expansion_20260824,baseline_validated,riscv_mmu_stress_test,8006,/workspace/ibex/dv/uvm/out
857,case_857,bug_176,expansion_20260824,baseline_validated,riscv_mmu_stress_test,8007,/workspace/ibex/dv/uvm/out
858,case_858,bug_178,expansion_20260824,baseline_validated,riscv_arithmetic_basic_test,8001,/workspace/ibex/dv/uvm/out
859,case_859,bug_178,expansion_20260824,baseline_validated,riscv_arithmetic_basic_test,8002,/workspace/ibex/dv/uvm/out
860,case_860,bug_178,expansion_20260824,baseline_validated,riscv_arithmetic_basic_test,8003,/workspace/ibex/dv/uvm/out
861,case_861,bug_178,expansion_20260824,baseline_validated,riscv_arithmetic_basic_test,8004,/workspace/ibex/dv/uvm/out
862,case_862,bug_178,expansion_20260824,baseline_validated,riscv_arithmetic_basic_test,8005,/workspace/ibex/dv/uvm/out
863,case_863,bug_178,expansion_20260824,baseline_validated,riscv_arithmetic_basic_test,8006,/workspace/ibex/dv/uvm/out
864,case_864,bug_178,expansion_20260824,baseline_validated,riscv_arithmetic_basic_test,8007,/workspace/ibex/dv/uvm/out
865,case_865,bug_178,expansion_20260824,baseline_validated,riscv_arithmetic_basic_test,8008,/workspace/ibex/dv/uvm/out
866,case_866,bug_178,expansion_20260824,baseline_validated,riscv_arithmetic_basic_test,8009,/workspace/ibex/dv/uvm/out
867,case_867,bug_178,expansion_20260824,baseline_validated,riscv_arithmetic_basic_test,8010,/workspace/ibex/dv/uvm/out
868,case_868,bug_178,expansion_20260824,baseline_validated,riscv_arithmetic_basic_test,8011,/workspace/ibex/dv/uvm/out
869,case_869,bug_178,expansion_20260824,baseline_validated,riscv_arithmetic_basic_test,8012,/workspace/ibex/dv/uvm/out
870,case_870,bug_178,expansion_20260824,baseline_validated,riscv_arithmetic_basic_test,8013,/workspace/ibex/dv/uvm/out
871,case_871,bug_178,expansion_20260824,baseline_validated,riscv_arithmetic_basic_test,8014,/workspace/ibex/dv/uvm/out
872,case_872,bug_178,expansion_20260824,baseline_validated,riscv_arithmetic_basic_test,8015,/workspace/ibex/dv/uvm/out
873,case_873,bug_178,expansion_20260824,baseline_validated,riscv_machine_mode_rand_test,8001,/workspace/ibex/dv/uvm/out
874,case_874,bug_178,expansion_20260824,baseline_validated,riscv_machine_mode_rand_test,8002,/workspace/ibex/dv/uvm/out
875,case_875,bug_178,expansion_20260824,baseline_validated,riscv_machine_mode_rand_test,8003,/workspace/ibex/dv/uvm/out
876,case_876,bug_178,expansion_20260824,baseline_validated,riscv_machine_mode_rand_test,8005,/workspace/ibex/dv/uvm/out
877,case_877,bug_178,expansion_20260824,baseline_validated,riscv_machine_mode_rand_test,8006,/workspace/ibex/dv/uvm/out
878,case_878,bug_178,expansion_20260824,baseline_validated,riscv_machine_mode_rand_test,8007,/workspace/ibex/dv/uvm/out
879,case_879,bug_178,expansion_20260824,baseline_validated,riscv_machine_mode_rand_test,8008,/workspace/ibex/dv/uvm/out
880,case_880,bug_178,expansion_20260824,baseline_validated,riscv_machine_mode_rand_test,8009,/workspace/ibex/dv/uvm/out
881,case_881,bug_178,expansion_20260824,baseline_validated,riscv_machine_mode_rand_test,8010,/workspace/ibex/dv/uvm/out
882,case_882,bug_178,expansion_20260824,baseline_validated,riscv_rand_instr_test,8001,/workspace/ibex/dv/uvm/out
883,case_883,bug_182,expansion_20260824,baseline_validated,riscv_arithmetic_basic_test,8001,/workspace/ibex/dv/uvm/out
884,case_884,bug_182,expansion_20260824,baseline_validated,riscv_arithmetic_basic_test,8002,/workspace/ibex/dv/uvm/out
885,case_885,bug_182,expansion_20260824,baseline_validated,riscv_arithmetic_basic_test,8003,/workspace/ibex/dv/uvm/out
886,case_886,bug_182,expansion_20260824,baseline_validated,riscv_arithmetic_basic_test,8004,/workspace/ibex/dv/uvm/out
887,case_887,bug_182,expansion_20260824,baseline_validated,riscv_arithmetic_basic_test,8005,/workspace/ibex/dv/uvm/out
888,case_888,bug_182,expansion_20260824,baseline_validated,riscv_arithmetic_basic_test,8006,/workspace/ibex/dv/uvm/out
889,case_889,bug_182,expansion_20260824,baseline_validated,riscv_arithmetic_basic_test,8007,/workspace/ibex/dv/uvm/out
890,case_890,bug_182,expansion_20260824,baseline_validated,riscv_arithmetic_basic_test,8008,/workspace/ibex/dv/uvm/out
891,case_891,bug_182,expansion_20260824,baseline_validated,riscv_arithmetic_basic_test,8009,/workspace/ibex/dv/uvm/out
892,case_892,bug_182,expansion_20260824,baseline_validated,riscv_arithmetic_basic_test,8010,/workspace/ibex/dv/uvm/out
893,case_893,bug_182,expansion_20260824,baseline_validated,riscv_machine_mode_rand_test,8001,/workspace/ibex/dv/uvm/out
894,case_894,bug_182,expansion_20260824,baseline_validated,riscv_machine_mode_rand_test,8002,/workspace/ibex/dv/uvm/out
895,case_895,bug_182,expansion_20260824,baseline_validated,riscv_machine_mode_rand_test,8003,/workspace/ibex/dv/uvm/out
896,case_896,bug_182,expansion_20260824,baseline_validated,riscv_machine_mode_rand_test,8004,/workspace/ibex/dv/uvm/out
897,case_897,bug_182,expansion_20260824,baseline_validated,riscv_machine_mode_rand_test,8005,/workspace/ibex/dv/uvm/out
898,case_898,bug_182,expansion_20260824,baseline_validated,riscv_machine_mode_rand_test,8006,/workspace/ibex/dv/uvm/out
899,case_899,bug_182,expansion_20260824,baseline_validated,riscv_machine_mode_rand_test,8007,/workspace/ibex/dv/uvm/out
900,case_900,bug_182,expansion_20260824,baseline_validated,riscv_machine_mode_rand_test,8008,/workspace/ibex/dv/uvm/out
901,case_901,bug_182,expansion_20260824,baseline_validated,riscv_machine_mode_rand_test,8009,/workspace/ibex/dv/uvm/out
902,case_902,bug_182,expansion_20260824,baseline_validated,riscv_machine_mode_rand_test,8010,/workspace/ibex/dv/uvm/out
903,case_903,bug_182,expansion_20260824,baseline_validated,riscv_rand_instr_test,8001,/workspace/ibex/dv/uvm/out
904,case_904,bug_182,expansion_20260824,baseline_validated,riscv_rand_instr_test,8002,/workspace/ibex/dv/uvm/out
905,case_905,bug_182,expansion_20260824,baseline_validated,riscv_rand_instr_test,8003,/workspace/ibex/dv/uvm/out
906,case_906,bug_182,expansion_20260824,baseline_validated,riscv_rand_instr_test,8004,/workspace/ibex/dv/uvm/out
907,case_907,bug_182,expansion_20260824,baseline_validated,riscv_rand_instr_test,8005,/workspace/ibex/dv/uvm/out
908,case_908,bug_182,expansion_20260824,baseline_validated,riscv_rand_instr_test,8006,/workspace/ibex/dv/uvm/out
909,case_909,bug_184,expansion_20260824,baseline_validated,riscv_arithmetic_basic_test,8001,/workspace/ibex/dv/uvm/out
910,case_910,bug_184,expansion_20260824,baseline_validated,riscv_arithmetic_basic_test,8002,/workspace/ibex/dv/uvm/out
911,case_911,bug_184,expansion_20260824,baseline_validated,riscv_arithmetic_basic_test,8003,/workspace/ibex/dv/uvm/out
912,case_912,bug_184,expansion_20260824,baseline_validated,riscv_arithmetic_basic_test,8004,/workspace/ibex/dv/uvm/out
913,case_913,bug_184,expansion_20260824,baseline_validated,riscv_arithmetic_basic_test,8005,/workspace/ibex/dv/uvm/out
914,case_914,bug_184,expansion_20260824,baseline_validated,riscv_arithmetic_basic_test,8006,/workspace/ibex/dv/uvm/out
915,case_915,bug_184,expansion_20260824,baseline_validated,riscv_arithmetic_basic_test,8007,/workspace/ibex/dv/uvm/out
916,case_916,bug_184,expansion_20260824,baseline_validated,riscv_arithmetic_basic_test,8008,/workspace/ibex/dv/uvm/out
917,case_917,bug_184,expansion_20260824,baseline_validated,riscv_arithmetic_basic_test,8009,/workspace/ibex/dv/uvm/out
918,case_918,bug_184,expansion_20260824,baseline_validated,riscv_arithmetic_basic_test,8010,/workspace/ibex/dv/uvm/out
919,case_919,bug_184,expansion_20260824,baseline_validated,riscv_machine_mode_rand_test,8001,/workspace/ibex/dv/uvm/out
920,case_920,bug_184,expansion_20260824,baseline_validated,riscv_machine_mode_rand_test,8002,/workspace/ibex/dv/uvm/out
921,case_921,bug_184,expansion_20260824,baseline_validated,riscv_machine_mode_rand_test,8003,/workspace/ibex/dv/uvm/out
922,case_922,bug_184,expansion_20260824,baseline_validated,riscv_machine_mode_rand_test,8004,/workspace/ibex/dv/uvm/out
923,case_923,bug_184,expansion_20260824,baseline_validated,riscv_machine_mode_rand_test,8005,/workspace/ibex/dv/uvm/out
924,case_924,bug_184,expansion_20260824,baseline_validated,riscv_machine_mode_rand_test,8006,/workspace/ibex/dv/uvm/out
925,case_925,bug_184,expansion_20260824,baseline_validated,riscv_machine_mode_rand_test,8007,/workspace/ibex/dv/uvm/out
926,case_926,bug_184,expansion_20260824,baseline_validated,riscv_machine_mode_rand_test,8008,/workspace/ibex/dv/uvm/out
927,case_927,bug_184,expansion_20260824,baseline_validated,riscv_machine_mode_rand_test,8009,/workspace/ibex/dv/uvm/out
928,case_928,bug_184,expansion_20260824,baseline_validated,riscv_machine_mode_rand_test,8010,/workspace/ibex/dv/uvm/out
929,case_929,bug_184,expansion_20260824,baseline_validated,riscv_rand_instr_test,8001,/workspace/ibex/dv/uvm/out
930,case_930,bug_184,expansion_20260824,baseline_validated,riscv_rand_instr_test,8002,/workspace/ibex/dv/uvm/out
931,case_931,bug_184,expansion_20260824,baseline_validated,riscv_rand_instr_test,8003,/workspace/ibex/dv/uvm/out
932,case_932,bug_184,expansion_20260824,baseline_validated,riscv_rand_instr_test,8004,/workspace/ibex/dv/uvm/out
933,case_933,bug_184,expansion_20260824,baseline_validated,riscv_rand_instr_test,8005,/workspace/ibex/dv/uvm/out
934,case_934,bug_184,expansion_20260824,baseline_validated,riscv_rand_instr_test,8006,/workspace/ibex/dv/uvm/out
935,case_935,bug_184,expansion_20260824,baseline_validated,riscv_rand_instr_test,8007,/workspace/ibex/dv/uvm/out
936,case_936,bug_184,expansion_20260824,baseline_validated,riscv_rand_instr_test,8008,/workspace/ibex/dv/uvm/out
937,case_937,bug_184,expansion_20260824,baseline_validated,riscv_rand_instr_test,8009,/workspace/ibex/dv/uvm/out
938,case_938,bug_184,expansion_20260824,baseline_validated,riscv_rand_instr_test,8010,/workspace/ibex/dv/uvm/out
939,case_939,bug_185,expansion_20260824,baseline_validated,riscv_arithmetic_basic_test,8001,/workspace/ibex/dv/uvm/out
940,case_940,bug_185,expansion_20260824,baseline_validated,riscv_arithmetic_basic_test,8002,/workspace/ibex/dv/uvm/out
941,case_941,bug_185,expansion_20260824,baseline_validated,riscv_arithmetic_basic_test,8003,/workspace/ibex/dv/uvm/out
942,case_942,bug_185,expansion_20260824,baseline_validated,riscv_arithmetic_basic_test,8004,/workspace/ibex/dv/uvm/out
943,case_943,bug_185,expansion_20260824,baseline_validated,riscv_arithmetic_basic_test,8005,/workspace/ibex/dv/uvm/out
944,case_944,bug_185,expansion_20260824,baseline_validated,riscv_arithmetic_basic_test,8006,/workspace/ibex/dv/uvm/out
